x,y,theta
-5.74318,-0.7697,0.0
-5.74318,-0.7105,0.0
-5.74318,-0.65129,0.0
-5.74318,-0.59208,0.0
-5.74318,-0.53287,0.0
-5.74318,-0.47366,0.0
-5.74318,-0.41446,0.0
-5.74318,-0.35525,0.0
-5.74318,-0.29604,0.0
-5.74318,-0.23683,0.0
-5.74318,-0.17762,0.0
-5.74318,-0.11842,0.0
-5.74318,-0.05921,0.0
-5.74318,0,0.0
-5.74318,0.05921,0.0
-5.74318,0.11842,0.0
-5.74318,0.17762,0.0
-5.74318,0.23683,0.0
-5.74318,0.29604,0.0
-5.74318,0.35525,0.0
-5.74318,0.41446,0.0
-5.74318,0.47366,0.0
-5.74318,0.53287,0.0
-5.74318,0.59208,0.0
-5.74318,0.65129,0.0
-5.74318,0.7105,0.0
-5.74318,0.7697,0.0
-5.68397,-1.12495,0.0
-5.68397,-1.06575,0.0
-5.68397,-1.00654,0.0
-5.68397,-0.94733,0.0
-5.68397,-0.88812,0.0
-5.68397,-0.82891,0.0
-5.68397,-0.7697,0.0
-5.68397,-0.7105,0.0
-5.68397,-0.65129,0.0
-5.68397,-0.59208,0.0
-5.68397,-0.53287,0.0
-5.68397,-0.47366,0.0
-5.68397,-0.41446,0.0
-5.68397,-0.35525,0.0
-5.68397,-0.29604,0.0
-5.68397,-0.23683,0.0
-5.68397,-0.17762,0.0
-5.68397,-0.11842,0.0
-5.68397,-0.05921,0.0
-5.68397,0,0.0
-5.68397,0.05921,0.0
-5.68397,0.11842,0.0
-5.68397,0.17762,0.0
-5.68397,0.23683,0.0
-5.68397,0.29604,0.0
-5.68397,0.35525,0.0
-5.68397,0.41446,0.0
-5.68397,0.47366,0.0
-5.68397,0.53287,0.0
-5.68397,0.59208,0.0
-5.68397,0.65129,0.0
-5.68397,0.7105,0.0
-5.68397,0.7697,0.0
-5.68397,0.82891,0.0
-5.68397,0.88812,0.0
-5.68397,0.94733,0.0
-5.68397,1.00654,0.0
-5.68397,1.06575,0.0
-5.68397,1.12495,0.0
-5.62477,-1.36179,0.0
-5.62477,-1.30258,0.0
-5.62477,-1.24337,0.0
-5.62477,-1.18416,0.0
-5.62477,-1.12495,0.0
-5.62477,-1.06575,0.0
-5.62477,-1.00654,0.0
-5.62477,-0.94733,0.0
-5.62477,-0.88812,0.0
-5.62477,-0.82891,0.0
-5.62477,-0.7697,0.0
-5.62477,-0.7105,0.0
-5.62477,-0.65129,0.0
-5.62477,-0.59208,0.0
-5.62477,-0.53287,0.0
-5.62477,-0.47366,0.0
-5.62477,-0.41446,0.0
-5.62477,-0.35525,0.0
-5.62477,-0.29604,0.0
-5.62477,-0.23683,0.0
-5.62477,-0.17762,0.0
-5.62477,-0.11842,0.0
-5.62477,-0.05921,0.0
-5.62477,0,0.0
-5.62477,0.05921,0.0
-5.62477,0.11842,0.0
-5.62477,0.17762,0.0
-5.62477,0.23683,0.0
-5.62477,0.29604,0.0
-5.62477,0.35525,0.0
-5.62477,0.41446,0.0
-5.62477,0.47366,0.0
-5.62477,0.53287,0.0
-5.62477,0.59208,0.0
-5.62477,0.65129,0.0
-5.62477,0.7105,0.0
-5.62477,0.7697,0.0
-5.62477,0.82891,0.0
-5.62477,0.88812,0.0
-5.62477,0.94733,0.0
-5.62477,1.00654,0.0
-5.62477,1.06575,0.0
-5.62477,1.12495,0.0
-5.62477,1.18416,0.0
-5.62477,1.24337,0.0
-5.62477,1.30258,0.0
-5.62477,1.36179,0.0
-5.56556,-1.59862,0.0
-5.56556,-1.53941,0.0
-5.56556,-1.4802,0.0
-5.56556,-1.42099,0.0
-5.56556,-1.36179,0.0
-5.56556,-1.30258,0.0
-5.56556,-1.24337,0.0
-5.56556,-1.18416,0.0
-5.56556,-1.12495,0.0
-5.56556,-1.06575,0.0
-5.56556,-1.00654,0.0
-5.56556,-0.94733,0.0
-5.56556,-0.88812,0.0
-5.56556,-0.82891,0.0
-5.56556,-0.7697,0.0
-5.56556,-0.7105,0.0
-5.56556,-0.65129,0.0
-5.56556,-0.59208,0.0
-5.56556,-0.53287,0.0
-5.56556,-0.47366,0.0
-5.56556,-0.41446,0.0
-5.56556,-0.35525,0.0
-5.56556,-0.29604,0.0
-5.56556,-0.23683,0.0
-5.56556,-0.17762,0.0
-5.56556,-0.11842,0.0
-5.56556,-0.05921,0.0
-5.56556,0,0.0
-5.56556,0.05921,0.0
-5.56556,0.11842,0.0
-5.56556,0.17762,0.0
-5.56556,0.23683,0.0
-5.56556,0.29604,0.0
-5.56556,0.35525,0.0
-5.56556,0.41446,0.0
-5.56556,0.47366,0.0
-5.56556,0.53287,0.0
-5.56556,0.59208,0.0
-5.56556,0.65129,0.0
-5.56556,0.7105,0.0
-5.56556,0.7697,0.0
-5.56556,0.82891,0.0
-5.56556,0.88812,0.0
-5.56556,0.94733,0.0
-5.56556,1.00654,0.0
-5.56556,1.06575,0.0
-5.56556,1.12495,0.0
-5.56556,1.18416,0.0
-5.56556,1.24337,0.0
-5.56556,1.30258,0.0
-5.56556,1.36179,0.0
-5.56556,1.42099,0.0
-5.56556,1.4802,0.0
-5.56556,1.53941,0.0
-5.56556,1.59862,0.0
-5.50635,-1.77624,0.0
-5.50635,-1.71703,0.0
-5.50635,-1.65783,0.0
-5.50635,-1.59862,0.0
-5.50635,-1.53941,0.0
-5.50635,-1.4802,0.0
-5.50635,-1.42099,0.0
-5.50635,-1.36179,0.0
-5.50635,-1.30258,0.0
-5.50635,-1.24337,0.0
-5.50635,-1.18416,0.0
-5.50635,-1.12495,0.0
-5.50635,-1.06575,0.0
-5.50635,-1.00654,0.0
-5.50635,-0.94733,0.0
-5.50635,-0.88812,0.0
-5.50635,-0.82891,0.0
-5.50635,-0.7697,0.0
-5.50635,-0.7105,0.0
-5.50635,-0.65129,0.0
-5.50635,-0.59208,0.0
-5.50635,-0.53287,0.0
-5.50635,-0.47366,0.0
-5.50635,-0.41446,0.0
-5.50635,-0.35525,0.0
-5.50635,-0.29604,0.0
-5.50635,-0.23683,0.0
-5.50635,-0.17762,0.0
-5.50635,-0.11842,0.0
-5.50635,-0.05921,0.0
-5.50635,0,0.0
-5.50635,0.05921,0.0
-5.50635,0.11842,0.0
-5.50635,0.17762,0.0
-5.50635,0.23683,0.0
-5.50635,0.29604,0.0
-5.50635,0.35525,0.0
-5.50635,0.41446,0.0
-5.50635,0.47366,0.0
-5.50635,0.53287,0.0
-5.50635,0.59208,0.0
-5.50635,0.65129,0.0
-5.50635,0.7105,0.0
-5.50635,0.7697,0.0
-5.50635,0.82891,0.0
-5.50635,0.88812,0.0
-5.50635,0.94733,0.0
-5.50635,1.00654,0.0
-5.50635,1.06575,0.0
-5.50635,1.12495,0.0
-5.50635,1.18416,0.0
-5.50635,1.24337,0.0
-5.50635,1.30258,0.0
-5.50635,1.36179,0.0
-5.50635,1.42099,0.0
-5.50635,1.4802,0.0
-5.50635,1.53941,0.0
-5.50635,1.59862,0.0
-5.50635,1.65783,0.0
-5.50635,1.71703,0.0
-5.50635,1.77624,0.0
-5.44714,-1.95387,0.0
-5.44714,-1.89466,0.0
-5.44714,-1.83545,0.0
-5.44714,-1.77624,0.0
-5.44714,-1.71703,0.0
-5.44714,-1.65783,0.0
-5.44714,-1.59862,0.0
-5.44714,-1.53941,0.0
-5.44714,-1.4802,0.0
-5.44714,-1.42099,0.0
-5.44714,-1.36179,0.0
-5.44714,-1.30258,0.0
-5.44714,-1.24337,0.0
-5.44714,-1.18416,0.0
-5.44714,-1.12495,0.0
-5.44714,-1.06575,0.0
-5.44714,-1.00654,0.0
-5.44714,-0.94733,0.0
-5.44714,-0.88812,0.0
-5.44714,-0.82891,0.0
-5.44714,-0.7697,0.0
-5.44714,-0.7105,0.0
-5.44714,-0.65129,0.0
-5.44714,-0.59208,0.0
-5.44714,-0.53287,0.0
-5.44714,-0.47366,0.0
-5.44714,-0.41446,0.0
-5.44714,-0.35525,0.0
-5.44714,-0.29604,0.0
-5.44714,-0.23683,0.0
-5.44714,-0.17762,0.0
-5.44714,-0.11842,0.0
-5.44714,-0.05921,0.0
-5.44714,0,0.0
-5.44714,0.05921,0.0
-5.44714,0.11842,0.0
-5.44714,0.17762,0.0
-5.44714,0.23683,0.0
-5.44714,0.29604,0.0
-5.44714,0.35525,0.0
-5.44714,0.41446,0.0
-5.44714,0.47366,0.0
-5.44714,0.53287,0.0
-5.44714,0.59208,0.0
-5.44714,0.65129,0.0
-5.44714,0.7105,0.0
-5.44714,0.7697,0.0
-5.44714,0.82891,0.0
-5.44714,0.88812,0.0
-5.44714,0.94733,0.0
-5.44714,1.00654,0.0
-5.44714,1.06575,0.0
-5.44714,1.12495,0.0
-5.44714,1.18416,0.0
-5.44714,1.24337,0.0
-5.44714,1.30258,0.0
-5.44714,1.36179,0.0
-5.44714,1.42099,0.0
-5.44714,1.4802,0.0
-5.44714,1.53941,0.0
-5.44714,1.59862,0.0
-5.44714,1.65783,0.0
-5.44714,1.71703,0.0
-5.44714,1.77624,0.0
-5.44714,1.83545,0.0
-5.44714,1.89466,0.0
-5.44714,1.95387,0.0
-5.38793,-2.13149,0.0
-5.38793,-2.07228,0.0
-5.38793,-2.01307,0.0
-5.38793,-1.95387,0.0
-5.38793,-1.89466,0.0
-5.38793,-1.83545,0.0
-5.38793,-1.77624,0.0
-5.38793,-1.71703,0.0
-5.38793,-1.65783,0.0
-5.38793,-1.59862,0.0
-5.38793,-1.53941,0.0
-5.38793,-1.4802,0.0
-5.38793,-1.42099,0.0
-5.38793,-1.36179,0.0
-5.38793,-1.30258,0.0
-5.38793,-1.24337,0.0
-5.38793,-1.18416,0.0
-5.38793,-1.12495,0.0
-5.38793,-1.06575,0.0
-5.38793,-1.00654,0.0
-5.38793,-0.94733,0.0
-5.38793,-0.88812,0.0
-5.38793,-0.82891,0.0
-5.38793,-0.7697,0.0
-5.38793,-0.7105,0.0
-5.38793,-0.65129,0.0
-5.38793,-0.59208,0.0
-5.38793,-0.53287,0.0
-5.38793,-0.47366,0.0
-5.38793,-0.41446,0.0
-5.38793,-0.35525,0.0
-5.38793,-0.29604,0.0
-5.38793,-0.23683,0.0
-5.38793,-0.17762,0.0
-5.38793,-0.11842,0.0
-5.38793,-0.05921,0.0
-5.38793,0,0.0
-5.38793,0.05921,0.0
-5.38793,0.11842,0.0
-5.38793,0.17762,0.0
-5.38793,0.23683,0.0
-5.38793,0.29604,0.0
-5.38793,0.35525,0.0
-5.38793,0.41446,0.0
-5.38793,0.47366,0.0
-5.38793,0.53287,0.0
-5.38793,0.59208,0.0
-5.38793,0.65129,0.0
-5.38793,0.7105,0.0
-5.38793,0.7697,0.0
-5.38793,0.82891,0.0
-5.38793,0.88812,0.0
-5.38793,0.94733,0.0
-5.38793,1.00654,0.0
-5.38793,1.06575,0.0
-5.38793,1.12495,0.0
-5.38793,1.18416,0.0
-5.38793,1.24337,0.0
-5.38793,1.30258,0.0
-5.38793,1.36179,0.0
-5.38793,1.42099,0.0
-5.38793,1.4802,0.0
-5.38793,1.53941,0.0
-5.38793,1.59862,0.0
-5.38793,1.65783,0.0
-5.38793,1.71703,0.0
-5.38793,1.77624,0.0
-5.38793,1.83545,0.0
-5.38793,1.89466,0.0
-5.38793,1.95387,0.0
-5.38793,2.01307,0.0
-5.38793,2.07228,0.0
-5.38793,2.13149,0.0
-5.32873,-2.24991,0.0
-5.32873,-2.1907,0.0
-5.32873,-2.13149,0.0
-5.32873,-2.07228,0.0
-5.32873,-2.01307,0.0
-5.32873,-1.95387,0.0
-5.32873,-1.89466,0.0
-5.32873,-1.83545,0.0
-5.32873,-1.77624,0.0
-5.32873,-1.71703,0.0
-5.32873,-1.65783,0.0
-5.32873,-1.59862,0.0
-5.32873,-1.53941,0.0
-5.32873,-1.4802,0.0
-5.32873,-1.42099,0.0
-5.32873,-1.36179,0.0
-5.32873,-1.30258,0.0
-5.32873,-1.24337,0.0
-5.32873,-1.18416,0.0
-5.32873,-1.12495,0.0
-5.32873,-1.06575,0.0
-5.32873,-1.00654,0.0
-5.32873,-0.94733,0.0
-5.32873,-0.88812,0.0
-5.32873,-0.82891,0.0
-5.32873,-0.7697,0.0
-5.32873,-0.7105,0.0
-5.32873,-0.65129,0.0
-5.32873,-0.59208,0.0
-5.32873,-0.53287,0.0
-5.32873,-0.47366,0.0
-5.32873,-0.41446,0.0
-5.32873,-0.35525,0.0
-5.32873,-0.29604,0.0
-5.32873,-0.23683,0.0
-5.32873,-0.17762,0.0
-5.32873,-0.11842,0.0
-5.32873,-0.05921,0.0
-5.32873,0,0.0
-5.32873,0.05921,0.0
-5.32873,0.11842,0.0
-5.32873,0.17762,0.0
-5.32873,0.23683,0.0
-5.32873,0.29604,0.0
-5.32873,0.35525,0.0
-5.32873,0.41446,0.0
-5.32873,0.47366,0.0
-5.32873,0.53287,0.0
-5.32873,0.59208,0.0
-5.32873,0.65129,0.0
-5.32873,0.7105,0.0
-5.32873,0.7697,0.0
-5.32873,0.82891,0.0
-5.32873,0.88812,0.0
-5.32873,0.94733,0.0
-5.32873,1.00654,0.0
-5.32873,1.06575,0.0
-5.32873,1.12495,0.0
-5.32873,1.18416,0.0
-5.32873,1.24337,0.0
-5.32873,1.30258,0.0
-5.32873,1.36179,0.0
-5.32873,1.42099,0.0
-5.32873,1.4802,0.0
-5.32873,1.53941,0.0
-5.32873,1.59862,0.0
-5.32873,1.65783,0.0
-5.32873,1.71703,0.0
-5.32873,1.77624,0.0
-5.32873,1.83545,0.0
-5.32873,1.89466,0.0
-5.32873,1.95387,0.0
-5.32873,2.01307,0.0
-5.32873,2.07228,0.0
-5.32873,2.13149,0.0
-5.32873,2.1907,0.0
-5.32873,2.24991,0.0
-5.26952,-2.36832,0.0
-5.26952,-2.30911,0.0
-5.26952,-2.24991,0.0
-5.26952,-2.1907,0.0
-5.26952,-2.13149,0.0
-5.26952,-2.07228,0.0
-5.26952,-2.01307,0.0
-5.26952,-1.95387,0.0
-5.26952,-1.89466,0.0
-5.26952,-1.83545,0.0
-5.26952,-1.77624,0.0
-5.26952,-1.71703,0.0
-5.26952,-1.65783,0.0
-5.26952,-1.59862,0.0
-5.26952,-1.53941,0.0
-5.26952,-1.4802,0.0
-5.26952,-1.42099,0.0
-5.26952,-1.36179,0.0
-5.26952,-1.30258,0.0
-5.26952,-1.24337,0.0
-5.26952,-1.18416,0.0
-5.26952,-1.12495,0.0
-5.26952,-1.06575,0.0
-5.26952,-1.00654,0.0
-5.26952,-0.94733,0.0
-5.26952,-0.88812,0.0
-5.26952,-0.82891,0.0
-5.26952,-0.7697,0.0
-5.26952,-0.7105,0.0
-5.26952,-0.65129,0.0
-5.26952,-0.59208,0.0
-5.26952,-0.53287,0.0
-5.26952,-0.47366,0.0
-5.26952,-0.41446,0.0
-5.26952,-0.35525,0.0
-5.26952,-0.29604,0.0
-5.26952,-0.23683,0.0
-5.26952,-0.17762,0.0
-5.26952,-0.11842,0.0
-5.26952,-0.05921,0.0
-5.26952,0,0.0
-5.26952,0.05921,0.0
-5.26952,0.11842,0.0
-5.26952,0.17762,0.0
-5.26952,0.23683,0.0
-5.26952,0.29604,0.0
-5.26952,0.35525,0.0
-5.26952,0.41446,0.0
-5.26952,0.47366,0.0
-5.26952,0.53287,0.0
-5.26952,0.59208,0.0
-5.26952,0.65129,0.0
-5.26952,0.7105,0.0
-5.26952,0.7697,0.0
-5.26952,0.82891,0.0
-5.26952,0.88812,0.0
-5.26952,0.94733,0.0
-5.26952,1.00654,0.0
-5.26952,1.06575,0.0
-5.26952,1.12495,0.0
-5.26952,1.18416,0.0
-5.26952,1.24337,0.0
-5.26952,1.30258,0.0
-5.26952,1.36179,0.0
-5.26952,1.42099,0.0
-5.26952,1.4802,0.0
-5.26952,1.53941,0.0
-5.26952,1.59862,0.0
-5.26952,1.65783,0.0
-5.26952,1.71703,0.0
-5.26952,1.77624,0.0
-5.26952,1.83545,0.0
-5.26952,1.89466,0.0
-5.26952,1.95387,0.0
-5.26952,2.01307,0.0
-5.26952,2.07228,0.0
-5.26952,2.13149,0.0
-5.26952,2.1907,0.0
-5.26952,2.24991,0.0
-5.26952,2.30911,0.0
-5.26952,2.36832,0.0
-5.21031,-2.54595,0.0
-5.21031,-2.48674,0.0
-5.21031,-2.42753,0.0
-5.21031,-2.36832,0.0
-5.21031,-2.30911,0.0
-5.21031,-2.24991,0.0
-5.21031,-2.1907,0.0
-5.21031,-2.13149,0.0
-5.21031,-2.07228,0.0
-5.21031,-2.01307,0.0
-5.21031,-1.95387,0.0
-5.21031,-1.89466,0.0
-5.21031,-1.83545,0.0
-5.21031,-1.77624,0.0
-5.21031,-1.71703,0.0
-5.21031,-1.65783,0.0
-5.21031,-1.59862,0.0
-5.21031,-1.53941,0.0
-5.21031,-1.4802,0.0
-5.21031,-1.42099,0.0
-5.21031,-1.36179,0.0
-5.21031,-1.30258,0.0
-5.21031,-1.24337,0.0
-5.21031,-1.18416,0.0
-5.21031,-1.12495,0.0
-5.21031,-1.06575,0.0
-5.21031,-1.00654,0.0
-5.21031,-0.94733,0.0
-5.21031,-0.88812,0.0
-5.21031,-0.82891,0.0
-5.21031,-0.7697,0.0
-5.21031,-0.7105,0.0
-5.21031,-0.65129,0.0
-5.21031,-0.59208,0.0
-5.21031,-0.53287,0.0
-5.21031,-0.47366,0.0
-5.21031,-0.41446,0.0
-5.21031,-0.35525,0.0
-5.21031,-0.29604,0.0
-5.21031,-0.23683,0.0
-5.21031,-0.17762,0.0
-5.21031,-0.11842,0.0
-5.21031,-0.05921,0.0
-5.21031,0,0.0
-5.21031,0.05921,0.0
-5.21031,0.11842,0.0
-5.21031,0.17762,0.0
-5.21031,0.23683,0.0
-5.21031,0.29604,0.0
-5.21031,0.35525,0.0
-5.21031,0.41446,0.0
-5.21031,0.47366,0.0
-5.21031,0.53287,0.0
-5.21031,0.59208,0.0
-5.21031,0.65129,0.0
-5.21031,0.7105,0.0
-5.21031,0.7697,0.0
-5.21031,0.82891,0.0
-5.21031,0.88812,0.0
-5.21031,0.94733,0.0
-5.21031,1.00654,0.0
-5.21031,1.06575,0.0
-5.21031,1.12495,0.0
-5.21031,1.18416,0.0
-5.21031,1.24337,0.0
-5.21031,1.30258,0.0
-5.21031,1.36179,0.0
-5.21031,1.42099,0.0
-5.21031,1.4802,0.0
-5.21031,1.53941,0.0
-5.21031,1.59862,0.0
-5.21031,1.65783,0.0
-5.21031,1.71703,0.0
-5.21031,1.77624,0.0
-5.21031,1.83545,0.0
-5.21031,1.89466,0.0
-5.21031,1.95387,0.0
-5.21031,2.01307,0.0
-5.21031,2.07228,0.0
-5.21031,2.13149,0.0
-5.21031,2.1907,0.0
-5.21031,2.24991,0.0
-5.21031,2.30911,0.0
-5.21031,2.36832,0.0
-5.21031,2.42753,0.0
-5.21031,2.48674,0.0
-5.21031,2.54595,0.0
-5.1511,-2.66436,0.0
-5.1511,-2.60515,0.0
-5.1511,-2.54595,0.0
-5.1511,-2.48674,0.0
-5.1511,-2.42753,0.0
-5.1511,-2.36832,0.0
-5.1511,-2.30911,0.0
-5.1511,-2.24991,0.0
-5.1511,-2.1907,0.0
-5.1511,-2.13149,0.0
-5.1511,-2.07228,0.0
-5.1511,-2.01307,0.0
-5.1511,-1.95387,0.0
-5.1511,-1.89466,0.0
-5.1511,-1.83545,0.0
-5.1511,-1.77624,0.0
-5.1511,-1.71703,0.0
-5.1511,-1.65783,0.0
-5.1511,-1.59862,0.0
-5.1511,-1.53941,0.0
-5.1511,-1.4802,0.0
-5.1511,-1.42099,0.0
-5.1511,-1.36179,0.0
-5.1511,-1.30258,0.0
-5.1511,-1.24337,0.0
-5.1511,-1.18416,0.0
-5.1511,-1.12495,0.0
-5.1511,-1.06575,0.0
-5.1511,-1.00654,0.0
-5.1511,-0.94733,0.0
-5.1511,-0.88812,0.0
-5.1511,-0.82891,0.0
-5.1511,-0.7697,0.0
-5.1511,-0.7105,0.0
-5.1511,-0.65129,0.0
-5.1511,-0.59208,0.0
-5.1511,-0.53287,0.0
-5.1511,-0.47366,0.0
-5.1511,-0.41446,0.0
-5.1511,-0.35525,0.0
-5.1511,-0.29604,0.0
-5.1511,-0.23683,0.0
-5.1511,-0.17762,0.0
-5.1511,-0.11842,0.0
-5.1511,-0.05921,0.0
-5.1511,0,0.0
-5.1511,0.05921,0.0
-5.1511,0.11842,0.0
-5.1511,0.17762,0.0
-5.1511,0.23683,0.0
-5.1511,0.29604,0.0
-5.1511,0.35525,0.0
-5.1511,0.41446,0.0
-5.1511,0.47366,0.0
-5.1511,0.53287,0.0
-5.1511,0.59208,0.0
-5.1511,0.65129,0.0
-5.1511,0.7105,0.0
-5.1511,0.7697,0.0
-5.1511,0.82891,0.0
-5.1511,0.88812,0.0
-5.1511,0.94733,0.0
-5.1511,1.00654,0.0
-5.1511,1.06575,0.0
-5.1511,1.12495,0.0
-5.1511,1.18416,0.0
-5.1511,1.24337,0.0
-5.1511,1.30258,0.0
-5.1511,1.36179,0.0
-5.1511,1.42099,0.0
-5.1511,1.4802,0.0
-5.1511,1.53941,0.0
-5.1511,1.59862,0.0
-5.1511,1.65783,0.0
-5.1511,1.71703,0.0
-5.1511,1.77624,0.0
-5.1511,1.83545,0.0
-5.1511,1.89466,0.0
-5.1511,1.95387,0.0
-5.1511,2.01307,0.0
-5.1511,2.07228,0.0
-5.1511,2.13149,0.0
-5.1511,2.1907,0.0
-5.1511,2.24991,0.0
-5.1511,2.30911,0.0
-5.1511,2.36832,0.0
-5.1511,2.42753,0.0
-5.1511,2.48674,0.0
-5.1511,2.54595,0.0
-5.1511,2.60515,0.0
-5.1511,2.66436,0.0
-5.09189,-2.72357,0.0
-5.09189,-2.66436,0.0
-5.09189,-2.60515,0.0
-5.09189,-2.54595,0.0
-5.09189,-2.48674,0.0
-5.09189,-2.42753,0.0
-5.09189,-2.36832,0.0
-5.09189,-2.30911,0.0
-5.09189,-2.24991,0.0
-5.09189,-2.1907,0.0
-5.09189,-2.13149,0.0
-5.09189,-2.07228,0.0
-5.09189,-2.01307,0.0
-5.09189,-1.95387,0.0
-5.09189,-1.89466,0.0
-5.09189,-1.83545,0.0
-5.09189,-1.77624,0.0
-5.09189,-1.71703,0.0
-5.09189,-1.65783,0.0
-5.09189,-1.59862,0.0
-5.09189,-1.53941,0.0
-5.09189,-1.4802,0.0
-5.09189,-1.42099,0.0
-5.09189,-1.36179,0.0
-5.09189,-1.30258,0.0
-5.09189,-1.24337,0.0
-5.09189,-1.18416,0.0
-5.09189,-1.12495,0.0
-5.09189,-1.06575,0.0
-5.09189,-1.00654,0.0
-5.09189,-0.94733,0.0
-5.09189,-0.88812,0.0
-5.09189,-0.82891,0.0
-5.09189,-0.7697,0.0
-5.09189,-0.7105,0.0
-5.09189,-0.65129,0.0
-5.09189,-0.59208,0.0
-5.09189,-0.53287,0.0
-5.09189,-0.47366,0.0
-5.09189,-0.41446,0.0
-5.09189,-0.35525,0.0
-5.09189,-0.29604,0.0
-5.09189,-0.23683,0.0
-5.09189,-0.17762,0.0
-5.09189,-0.11842,0.0
-5.09189,-0.05921,0.0
-5.09189,0,0.0
-5.09189,0.05921,0.0
-5.09189,0.11842,0.0
-5.09189,0.17762,0.0
-5.09189,0.23683,0.0
-5.09189,0.29604,0.0
-5.09189,0.35525,0.0
-5.09189,0.41446,0.0
-5.09189,0.47366,0.0
-5.09189,0.53287,0.0
-5.09189,0.59208,0.0
-5.09189,0.65129,0.0
-5.09189,0.7105,0.0
-5.09189,0.7697,0.0
-5.09189,0.82891,0.0
-5.09189,0.88812,0.0
-5.09189,0.94733,0.0
-5.09189,1.00654,0.0
-5.09189,1.06575,0.0
-5.09189,1.12495,0.0
-5.09189,1.18416,0.0
-5.09189,1.24337,0.0
-5.09189,1.30258,0.0
-5.09189,1.36179,0.0
-5.09189,1.42099,0.0
-5.09189,1.4802,0.0
-5.09189,1.53941,0.0
-5.09189,1.59862,0.0
-5.09189,1.65783,0.0
-5.09189,1.71703,0.0
-5.09189,1.77624,0.0
-5.09189,1.83545,0.0
-5.09189,1.89466,0.0
-5.09189,1.95387,0.0
-5.09189,2.01307,0.0
-5.09189,2.07228,0.0
-5.09189,2.13149,0.0
-5.09189,2.1907,0.0
-5.09189,2.24991,0.0
-5.09189,2.30911,0.0
-5.09189,2.36832,0.0
-5.09189,2.42753,0.0
-5.09189,2.48674,0.0
-5.09189,2.54595,0.0
-5.09189,2.60515,0.0
-5.09189,2.66436,0.0
-5.09189,2.72357,0.0
-5.03269,-2.84199,0.0
-5.03269,-2.78278,0.0
-5.03269,-2.72357,0.0
-5.03269,-2.66436,0.0
-5.03269,-2.60515,0.0
-5.03269,-2.54595,0.0
-5.03269,-2.48674,0.0
-5.03269,-2.42753,0.0
-5.03269,-2.36832,0.0
-5.03269,-2.30911,0.0
-5.03269,-2.24991,0.0
-5.03269,-2.1907,0.0
-5.03269,-2.13149,0.0
-5.03269,-2.07228,0.0
-5.03269,-2.01307,0.0
-5.03269,-1.95387,0.0
-5.03269,-1.89466,0.0
-5.03269,-1.83545,0.0
-5.03269,-1.77624,0.0
-5.03269,-1.71703,0.0
-5.03269,-1.65783,0.0
-5.03269,-1.59862,0.0
-5.03269,-1.53941,0.0
-5.03269,-1.4802,0.0
-5.03269,-1.42099,0.0
-5.03269,-1.36179,0.0
-5.03269,-1.30258,0.0
-5.03269,-1.24337,0.0
-5.03269,-1.18416,0.0
-5.03269,-1.12495,0.0
-5.03269,-1.06575,0.0
-5.03269,-1.00654,0.0
-5.03269,-0.94733,0.0
-5.03269,-0.88812,0.0
-5.03269,-0.82891,0.0
-5.03269,-0.7697,0.0
-5.03269,-0.7105,0.0
-5.03269,-0.65129,0.0
-5.03269,-0.59208,0.0
-5.03269,-0.53287,0.0
-5.03269,-0.47366,0.0
-5.03269,-0.41446,0.0
-5.03269,-0.35525,0.0
-5.03269,-0.29604,0.0
-5.03269,-0.23683,0.0
-5.03269,-0.17762,0.0
-5.03269,-0.11842,0.0
-5.03269,-0.05921,0.0
-5.03269,0,0.0
-5.03269,0.05921,0.0
-5.03269,0.11842,0.0
-5.03269,0.17762,0.0
-5.03269,0.23683,0.0
-5.03269,0.29604,0.0
-5.03269,0.35525,0.0
-5.03269,0.41446,0.0
-5.03269,0.47366,0.0
-5.03269,0.53287,0.0
-5.03269,0.59208,0.0
-5.03269,0.65129,0.0
-5.03269,0.7105,0.0
-5.03269,0.7697,0.0
-5.03269,0.82891,0.0
-5.03269,0.88812,0.0
-5.03269,0.94733,0.0
-5.03269,1.00654,0.0
-5.03269,1.06575,0.0
-5.03269,1.12495,0.0
-5.03269,1.18416,0.0
-5.03269,1.24337,0.0
-5.03269,1.30258,0.0
-5.03269,1.36179,0.0
-5.03269,1.42099,0.0
-5.03269,1.4802,0.0
-5.03269,1.53941,0.0
-5.03269,1.59862,0.0
-5.03269,1.65783,0.0
-5.03269,1.71703,0.0
-5.03269,1.77624,0.0
-5.03269,1.83545,0.0
-5.03269,1.89466,0.0
-5.03269,1.95387,0.0
-5.03269,2.01307,0.0
-5.03269,2.07228,0.0
-5.03269,2.13149,0.0
-5.03269,2.1907,0.0
-5.03269,2.24991,0.0
-5.03269,2.30911,0.0
-5.03269,2.36832,0.0
-5.03269,2.42753,0.0
-5.03269,2.48674,0.0
-5.03269,2.54595,0.0
-5.03269,2.60515,0.0
-5.03269,2.66436,0.0
-5.03269,2.72357,0.0
-5.03269,2.78278,0.0
-5.03269,2.84199,0.0
-4.97348,-2.9604,0.0
-4.97348,-2.9012,0.0
-4.97348,-2.84199,0.0
-4.97348,-2.78278,0.0
-4.97348,-2.72357,0.0
-4.97348,-2.66436,0.0
-4.97348,-2.60515,0.0
-4.97348,-2.54595,0.0
-4.97348,-2.48674,0.0
-4.97348,-2.42753,0.0
-4.97348,-2.36832,0.0
-4.97348,-2.30911,0.0
-4.97348,-2.24991,0.0
-4.97348,-2.1907,0.0
-4.97348,-2.13149,0.0
-4.97348,-2.07228,0.0
-4.97348,-2.01307,0.0
-4.97348,-1.95387,0.0
-4.97348,-1.89466,0.0
-4.97348,-1.83545,0.0
-4.97348,-1.77624,0.0
-4.97348,-1.71703,0.0
-4.97348,-1.65783,0.0
-4.97348,-1.59862,0.0
-4.97348,-1.53941,0.0
-4.97348,-1.4802,0.0
-4.97348,-1.42099,0.0
-4.97348,-1.36179,0.0
-4.97348,-1.30258,0.0
-4.97348,-1.24337,0.0
-4.97348,-1.18416,0.0
-4.97348,-1.12495,0.0
-4.97348,-1.06575,0.0
-4.97348,-1.00654,0.0
-4.97348,-0.94733,0.0
-4.97348,-0.88812,0.0
-4.97348,-0.82891,0.0
-4.97348,-0.7697,0.0
-4.97348,-0.7105,0.0
-4.97348,-0.65129,0.0
-4.97348,-0.59208,0.0
-4.97348,-0.53287,0.0
-4.97348,-0.47366,0.0
-4.97348,-0.41446,0.0
-4.97348,-0.35525,0.0
-4.97348,-0.29604,0.0
-4.97348,-0.23683,0.0
-4.97348,-0.17762,0.0
-4.97348,-0.11842,0.0
-4.97348,-0.05921,0.0
-4.97348,0,0.0
-4.97348,0.05921,0.0
-4.97348,0.11842,0.0
-4.97348,0.17762,0.0
-4.97348,0.23683,0.0
-4.97348,0.29604,0.0
-4.97348,0.35525,0.0
-4.97348,0.41446,0.0
-4.97348,0.47366,0.0
-4.97348,0.53287,0.0
-4.97348,0.59208,0.0
-4.97348,0.65129,0.0
-4.97348,0.7105,0.0
-4.97348,0.7697,0.0
-4.97348,0.82891,0.0
-4.97348,0.88812,0.0
-4.97348,0.94733,0.0
-4.97348,1.00654,0.0
-4.97348,1.06575,0.0
-4.97348,1.12495,0.0
-4.97348,1.18416,0.0
-4.97348,1.24337,0.0
-4.97348,1.30258,0.0
-4.97348,1.36179,0.0
-4.97348,1.42099,0.0
-4.97348,1.4802,0.0
-4.97348,1.53941,0.0
-4.97348,1.59862,0.0
-4.97348,1.65783,0.0
-4.97348,1.71703,0.0
-4.97348,1.77624,0.0
-4.97348,1.83545,0.0
-4.97348,1.89466,0.0
-4.97348,1.95387,0.0
-4.97348,2.01307,0.0
-4.97348,2.07228,0.0
-4.97348,2.13149,0.0
-4.97348,2.1907,0.0
-4.97348,2.24991,0.0
-4.97348,2.30911,0.0
-4.97348,2.36832,0.0
-4.97348,2.42753,0.0
-4.97348,2.48674,0.0
-4.97348,2.54595,0.0
-4.97348,2.60515,0.0
-4.97348,2.66436,0.0
-4.97348,2.72357,0.0
-4.97348,2.78278,0.0
-4.97348,2.84199,0.0
-4.97348,2.9012,0.0
-4.97348,2.9604,0.0
-4.91427,-3.07882,0.0
-4.91427,-3.01961,0.0
-4.91427,-2.9604,0.0
-4.91427,-2.9012,0.0
-4.91427,-2.84199,0.0
-4.91427,-2.78278,0.0
-4.91427,-2.72357,0.0
-4.91427,-2.66436,0.0
-4.91427,-2.60515,0.0
-4.91427,-2.54595,0.0
-4.91427,-2.48674,0.0
-4.91427,-2.42753,0.0
-4.91427,-2.36832,0.0
-4.91427,-2.30911,0.0
-4.91427,-2.24991,0.0
-4.91427,-2.1907,0.0
-4.91427,-2.13149,0.0
-4.91427,-2.07228,0.0
-4.91427,-2.01307,0.0
-4.91427,-1.95387,0.0
-4.91427,-1.89466,0.0
-4.91427,-1.83545,0.0
-4.91427,-1.77624,0.0
-4.91427,-1.71703,0.0
-4.91427,-1.65783,0.0
-4.91427,-1.59862,0.0
-4.91427,-1.53941,0.0
-4.91427,-1.4802,0.0
-4.91427,-1.42099,0.0
-4.91427,-1.36179,0.0
-4.91427,-1.30258,0.0
-4.91427,-1.24337,0.0
-4.91427,-1.18416,0.0
-4.91427,-1.12495,0.0
-4.91427,-1.06575,0.0
-4.91427,-1.00654,0.0
-4.91427,-0.94733,0.0
-4.91427,-0.88812,0.0
-4.91427,-0.82891,0.0
-4.91427,-0.7697,0.0
-4.91427,-0.7105,0.0
-4.91427,-0.65129,0.0
-4.91427,-0.59208,0.0
-4.91427,-0.53287,0.0
-4.91427,-0.47366,0.0
-4.91427,-0.41446,0.0
-4.91427,-0.35525,0.0
-4.91427,-0.29604,0.0
-4.91427,-0.23683,0.0
-4.91427,-0.17762,0.0
-4.91427,-0.11842,0.0
-4.91427,-0.05921,0.0
-4.91427,0,0.0
-4.91427,0.05921,0.0
-4.91427,0.11842,0.0
-4.91427,0.17762,0.0
-4.91427,0.23683,0.0
-4.91427,0.29604,0.0
-4.91427,0.35525,0.0
-4.91427,0.41446,0.0
-4.91427,0.47366,0.0
-4.91427,0.53287,0.0
-4.91427,0.59208,0.0
-4.91427,0.65129,0.0
-4.91427,0.7105,0.0
-4.91427,0.7697,0.0
-4.91427,0.82891,0.0
-4.91427,0.88812,0.0
-4.91427,0.94733,0.0
-4.91427,1.00654,0.0
-4.91427,1.06575,0.0
-4.91427,1.12495,0.0
-4.91427,1.18416,0.0
-4.91427,1.24337,0.0
-4.91427,1.30258,0.0
-4.91427,1.36179,0.0
-4.91427,1.42099,0.0
-4.91427,1.4802,0.0
-4.91427,1.53941,0.0
-4.91427,1.59862,0.0
-4.91427,1.65783,0.0
-4.91427,1.71703,0.0
-4.91427,1.77624,0.0
-4.91427,1.83545,0.0
-4.91427,1.89466,0.0
-4.91427,1.95387,0.0
-4.91427,2.01307,0.0
-4.91427,2.07228,0.0
-4.91427,2.13149,0.0
-4.91427,2.1907,0.0
-4.91427,2.24991,0.0
-4.91427,2.30911,0.0
-4.91427,2.36832,0.0
-4.91427,2.42753,0.0
-4.91427,2.48674,0.0
-4.91427,2.54595,0.0
-4.91427,2.60515,0.0
-4.91427,2.66436,0.0
-4.91427,2.72357,0.0
-4.91427,2.78278,0.0
-4.91427,2.84199,0.0
-4.91427,2.9012,0.0
-4.91427,2.9604,0.0
-4.91427,3.01961,0.0
-4.91427,3.07882,0.0
-4.85506,-3.13803,0.0
-4.85506,-3.07882,0.0
-4.85506,-3.01961,0.0
-4.85506,-2.9604,0.0
-4.85506,-2.9012,0.0
-4.85506,-2.84199,0.0
-4.85506,-2.78278,0.0
-4.85506,-2.72357,0.0
-4.85506,-2.66436,0.0
-4.85506,-2.60515,0.0
-4.85506,-2.54595,0.0
-4.85506,-2.48674,0.0
-4.85506,-2.42753,0.0
-4.85506,-2.36832,0.0
-4.85506,-2.30911,0.0
-4.85506,-2.24991,0.0
-4.85506,-2.1907,0.0
-4.85506,-2.13149,0.0
-4.85506,-2.07228,0.0
-4.85506,-2.01307,0.0
-4.85506,-1.95387,0.0
-4.85506,-1.89466,0.0
-4.85506,-1.83545,0.0
-4.85506,-1.77624,0.0
-4.85506,-1.71703,0.0
-4.85506,-1.65783,0.0
-4.85506,-1.59862,0.0
-4.85506,-1.53941,0.0
-4.85506,-1.4802,0.0
-4.85506,-1.42099,0.0
-4.85506,-1.36179,0.0
-4.85506,-1.30258,0.0
-4.85506,-1.24337,0.0
-4.85506,-1.18416,0.0
-4.85506,-1.12495,0.0
-4.85506,-1.06575,0.0
-4.85506,-1.00654,0.0
-4.85506,-0.94733,0.0
-4.85506,-0.88812,0.0
-4.85506,-0.82891,0.0
-4.85506,-0.7697,0.0
-4.85506,-0.7105,0.0
-4.85506,-0.65129,0.0
-4.85506,-0.59208,0.0
-4.85506,-0.53287,0.0
-4.85506,-0.47366,0.0
-4.85506,-0.41446,0.0
-4.85506,-0.35525,0.0
-4.85506,-0.29604,0.0
-4.85506,-0.23683,0.0
-4.85506,-0.17762,0.0
-4.85506,-0.11842,0.0
-4.85506,-0.05921,0.0
-4.85506,0,0.0
-4.85506,0.05921,0.0
-4.85506,0.11842,0.0
-4.85506,0.17762,0.0
-4.85506,0.23683,0.0
-4.85506,0.29604,0.0
-4.85506,0.35525,0.0
-4.85506,0.41446,0.0
-4.85506,0.47366,0.0
-4.85506,0.53287,0.0
-4.85506,0.59208,0.0
-4.85506,0.65129,0.0
-4.85506,0.7105,0.0
-4.85506,0.7697,0.0
-4.85506,0.82891,0.0
-4.85506,0.88812,0.0
-4.85506,0.94733,0.0
-4.85506,1.00654,0.0
-4.85506,1.06575,0.0
-4.85506,1.12495,0.0
-4.85506,1.18416,0.0
-4.85506,1.24337,0.0
-4.85506,1.30258,0.0
-4.85506,1.36179,0.0
-4.85506,1.42099,0.0
-4.85506,1.4802,0.0
-4.85506,1.53941,0.0
-4.85506,1.59862,0.0
-4.85506,1.65783,0.0
-4.85506,1.71703,0.0
-4.85506,1.77624,0.0
-4.85506,1.83545,0.0
-4.85506,1.89466,0.0
-4.85506,1.95387,0.0
-4.85506,2.01307,0.0
-4.85506,2.07228,0.0
-4.85506,2.13149,0.0
-4.85506,2.1907,0.0
-4.85506,2.24991,0.0
-4.85506,2.30911,0.0
-4.85506,2.36832,0.0
-4.85506,2.42753,0.0
-4.85506,2.48674,0.0
-4.85506,2.54595,0.0
-4.85506,2.60515,0.0
-4.85506,2.66436,0.0
-4.85506,2.72357,0.0
-4.85506,2.78278,0.0
-4.85506,2.84199,0.0
-4.85506,2.9012,0.0
-4.85506,2.9604,0.0
-4.85506,3.01961,0.0
-4.85506,3.07882,0.0
-4.85506,3.13803,0.0
-4.79585,-3.25644,0.0
-4.79585,-3.19724,0.0
-4.79585,-3.13803,0.0
-4.79585,-3.07882,0.0
-4.79585,-3.01961,0.0
-4.79585,-2.9604,0.0
-4.79585,-2.9012,0.0
-4.79585,-2.84199,0.0
-4.79585,-2.78278,0.0
-4.79585,-2.72357,0.0
-4.79585,-2.66436,0.0
-4.79585,-2.60515,0.0
-4.79585,-2.54595,0.0
-4.79585,-2.48674,0.0
-4.79585,-2.42753,0.0
-4.79585,-2.36832,0.0
-4.79585,-2.30911,0.0
-4.79585,-2.24991,0.0
-4.79585,-2.1907,0.0
-4.79585,-2.13149,0.0
-4.79585,-2.07228,0.0
-4.79585,-2.01307,0.0
-4.79585,-1.95387,0.0
-4.79585,-1.89466,0.0
-4.79585,-1.83545,0.0
-4.79585,-1.77624,0.0
-4.79585,-1.71703,0.0
-4.79585,-1.65783,0.0
-4.79585,-1.59862,0.0
-4.79585,-1.53941,0.0
-4.79585,-1.4802,0.0
-4.79585,-1.42099,0.0
-4.79585,-1.36179,0.0
-4.79585,-1.30258,0.0
-4.79585,-1.24337,0.0
-4.79585,-1.18416,0.0
-4.79585,-1.12495,0.0
-4.79585,-1.06575,0.0
-4.79585,-1.00654,0.0
-4.79585,-0.94733,0.0
-4.79585,-0.88812,0.0
-4.79585,-0.82891,0.0
-4.79585,-0.7697,0.0
-4.79585,-0.7105,0.0
-4.79585,-0.65129,0.0
-4.79585,-0.59208,0.0
-4.79585,-0.53287,0.0
-4.79585,-0.47366,0.0
-4.79585,-0.41446,0.0
-4.79585,-0.35525,0.0
-4.79585,-0.29604,0.0
-4.79585,-0.23683,0.0
-4.79585,-0.17762,0.0
-4.79585,-0.11842,0.0
-4.79585,-0.05921,0.0
-4.79585,0,0.0
-4.79585,0.05921,0.0
-4.79585,0.11842,0.0
-4.79585,0.17762,0.0
-4.79585,0.23683,0.0
-4.79585,0.29604,0.0
-4.79585,0.35525,0.0
-4.79585,0.41446,0.0
-4.79585,0.47366,0.0
-4.79585,0.53287,0.0
-4.79585,0.59208,0.0
-4.79585,0.65129,0.0
-4.79585,0.7105,0.0
-4.79585,0.7697,0.0
-4.79585,0.82891,0.0
-4.79585,0.88812,0.0
-4.79585,0.94733,0.0
-4.79585,1.00654,0.0
-4.79585,1.06575,0.0
-4.79585,1.12495,0.0
-4.79585,1.18416,0.0
-4.79585,1.24337,0.0
-4.79585,1.30258,0.0
-4.79585,1.36179,0.0
-4.79585,1.42099,0.0
-4.79585,1.4802,0.0
-4.79585,1.53941,0.0
-4.79585,1.59862,0.0
-4.79585,1.65783,0.0
-4.79585,1.71703,0.0
-4.79585,1.77624,0.0
-4.79585,1.83545,0.0
-4.79585,1.89466,0.0
-4.79585,1.95387,0.0
-4.79585,2.01307,0.0
-4.79585,2.07228,0.0
-4.79585,2.13149,0.0
-4.79585,2.1907,0.0
-4.79585,2.24991,0.0
-4.79585,2.30911,0.0
-4.79585,2.36832,0.0
-4.79585,2.42753,0.0
-4.79585,2.48674,0.0
-4.79585,2.54595,0.0
-4.79585,2.60515,0.0
-4.79585,2.66436,0.0
-4.79585,2.72357,0.0
-4.79585,2.78278,0.0
-4.79585,2.84199,0.0
-4.79585,2.9012,0.0
-4.79585,2.9604,0.0
-4.79585,3.01961,0.0
-4.79585,3.07882,0.0
-4.79585,3.13803,0.0
-4.79585,3.19724,0.0
-4.79585,3.25644,0.0
-4.73665,-3.31565,0.0
-4.73665,-3.25644,0.0
-4.73665,-3.19724,0.0
-4.73665,-3.13803,0.0
-4.73665,-3.07882,0.0
-4.73665,-3.01961,0.0
-4.73665,-2.9604,0.0
-4.73665,-2.9012,0.0
-4.73665,-2.84199,0.0
-4.73665,-2.78278,0.0
-4.73665,-2.72357,0.0
-4.73665,-2.66436,0.0
-4.73665,-2.60515,0.0
-4.73665,-2.54595,0.0
-4.73665,-2.48674,0.0
-4.73665,-2.42753,0.0
-4.73665,-2.36832,0.0
-4.73665,-2.30911,0.0
-4.73665,-2.24991,0.0
-4.73665,-2.1907,0.0
-4.73665,-2.13149,0.0
-4.73665,-2.07228,0.0
-4.73665,-2.01307,0.0
-4.73665,-1.95387,0.0
-4.73665,-1.89466,0.0
-4.73665,-1.83545,0.0
-4.73665,-1.77624,0.0
-4.73665,-1.71703,0.0
-4.73665,-1.65783,0.0
-4.73665,-1.59862,0.0
-4.73665,-1.53941,0.0
-4.73665,-1.4802,0.0
-4.73665,-1.42099,0.0
-4.73665,-1.36179,0.0
-4.73665,-1.30258,0.0
-4.73665,-1.24337,0.0
-4.73665,-1.18416,0.0
-4.73665,-1.12495,0.0
-4.73665,-1.06575,0.0
-4.73665,-1.00654,0.0
-4.73665,-0.94733,0.0
-4.73665,-0.88812,0.0
-4.73665,-0.82891,0.0
-4.73665,-0.7697,0.0
-4.73665,-0.7105,0.0
-4.73665,-0.65129,0.0
-4.73665,-0.59208,0.0
-4.73665,-0.53287,0.0
-4.73665,-0.47366,0.0
-4.73665,-0.41446,0.0
-4.73665,-0.35525,0.0
-4.73665,-0.29604,0.0
-4.73665,-0.23683,0.0
-4.73665,-0.17762,0.0
-4.73665,-0.11842,0.0
-4.73665,-0.05921,0.0
-4.73665,0,0.0
-4.73665,0.05921,0.0
-4.73665,0.11842,0.0
-4.73665,0.17762,0.0
-4.73665,0.23683,0.0
-4.73665,0.29604,0.0
-4.73665,0.35525,0.0
-4.73665,0.41446,0.0
-4.73665,0.47366,0.0
-4.73665,0.53287,0.0
-4.73665,0.59208,0.0
-4.73665,0.65129,0.0
-4.73665,0.7105,0.0
-4.73665,0.7697,0.0
-4.73665,0.82891,0.0
-4.73665,0.88812,0.0
-4.73665,0.94733,0.0
-4.73665,1.00654,0.0
-4.73665,1.06575,0.0
-4.73665,1.12495,0.0
-4.73665,1.18416,0.0
-4.73665,1.24337,0.0
-4.73665,1.30258,0.0
-4.73665,1.36179,0.0
-4.73665,1.42099,0.0
-4.73665,1.4802,0.0
-4.73665,1.53941,0.0
-4.73665,1.59862,0.0
-4.73665,1.65783,0.0
-4.73665,1.71703,0.0
-4.73665,1.77624,0.0
-4.73665,1.83545,0.0
-4.73665,1.89466,0.0
-4.73665,1.95387,0.0
-4.73665,2.01307,0.0
-4.73665,2.07228,0.0
-4.73665,2.13149,0.0
-4.73665,2.1907,0.0
-4.73665,2.24991,0.0
-4.73665,2.30911,0.0
-4.73665,2.36832,0.0
-4.73665,2.42753,0.0
-4.73665,2.48674,0.0
-4.73665,2.54595,0.0
-4.73665,2.60515,0.0
-4.73665,2.66436,0.0
-4.73665,2.72357,0.0
-4.73665,2.78278,0.0
-4.73665,2.84199,0.0
-4.73665,2.9012,0.0
-4.73665,2.9604,0.0
-4.73665,3.01961,0.0
-4.73665,3.07882,0.0
-4.73665,3.13803,0.0
-4.73665,3.19724,0.0
-4.73665,3.25644,0.0
-4.73665,3.31565,0.0
-4.67744,-3.37486,0.0
-4.67744,-3.31565,0.0
-4.67744,-3.25644,0.0
-4.67744,-3.19724,0.0
-4.67744,-3.13803,0.0
-4.67744,-3.07882,0.0
-4.67744,-3.01961,0.0
-4.67744,-2.9604,0.0
-4.67744,-2.9012,0.0
-4.67744,-2.84199,0.0
-4.67744,-2.78278,0.0
-4.67744,-2.72357,0.0
-4.67744,-2.66436,0.0
-4.67744,-2.60515,0.0
-4.67744,-2.54595,0.0
-4.67744,-2.48674,0.0
-4.67744,-2.42753,0.0
-4.67744,-2.36832,0.0
-4.67744,-2.30911,0.0
-4.67744,-2.24991,0.0
-4.67744,-2.1907,0.0
-4.67744,-2.13149,0.0
-4.67744,-2.07228,0.0
-4.67744,-2.01307,0.0
-4.67744,-1.95387,0.0
-4.67744,-1.89466,0.0
-4.67744,-1.83545,0.0
-4.67744,-1.77624,0.0
-4.67744,-1.71703,0.0
-4.67744,-1.65783,0.0
-4.67744,-1.59862,0.0
-4.67744,-1.53941,0.0
-4.67744,-1.4802,0.0
-4.67744,-1.42099,0.0
-4.67744,-1.36179,0.0
-4.67744,-1.30258,0.0
-4.67744,-1.24337,0.0
-4.67744,-1.18416,0.0
-4.67744,-1.12495,0.0
-4.67744,-1.06575,0.0
-4.67744,-1.00654,0.0
-4.67744,-0.94733,0.0
-4.67744,-0.88812,0.0
-4.67744,-0.82891,0.0
-4.67744,-0.7697,0.0
-4.67744,-0.7105,0.0
-4.67744,-0.65129,0.0
-4.67744,-0.59208,0.0
-4.67744,-0.53287,0.0
-4.67744,-0.47366,0.0
-4.67744,-0.41446,0.0
-4.67744,-0.35525,0.0
-4.67744,-0.29604,0.0
-4.67744,-0.23683,0.0
-4.67744,-0.17762,0.0
-4.67744,-0.11842,0.0
-4.67744,-0.05921,0.0
-4.67744,0,0.0
-4.67744,0.05921,0.0
-4.67744,0.11842,0.0
-4.67744,0.17762,0.0
-4.67744,0.23683,0.0
-4.67744,0.29604,0.0
-4.67744,0.35525,0.0
-4.67744,0.41446,0.0
-4.67744,0.47366,0.0
-4.67744,0.53287,0.0
-4.67744,0.59208,0.0
-4.67744,0.65129,0.0
-4.67744,0.7105,0.0
-4.67744,0.7697,0.0
-4.67744,0.82891,0.0
-4.67744,0.88812,0.0
-4.67744,0.94733,0.0
-4.67744,1.00654,0.0
-4.67744,1.06575,0.0
-4.67744,1.12495,0.0
-4.67744,1.18416,0.0
-4.67744,1.24337,0.0
-4.67744,1.30258,0.0
-4.67744,1.36179,0.0
-4.67744,1.42099,0.0
-4.67744,1.4802,0.0
-4.67744,1.53941,0.0
-4.67744,1.59862,0.0
-4.67744,1.65783,0.0
-4.67744,1.71703,0.0
-4.67744,1.77624,0.0
-4.67744,1.83545,0.0
-4.67744,1.89466,0.0
-4.67744,1.95387,0.0
-4.67744,2.01307,0.0
-4.67744,2.07228,0.0
-4.67744,2.13149,0.0
-4.67744,2.1907,0.0
-4.67744,2.24991,0.0
-4.67744,2.30911,0.0
-4.67744,2.36832,0.0
-4.67744,2.42753,0.0
-4.67744,2.48674,0.0
-4.67744,2.54595,0.0
-4.67744,2.60515,0.0
-4.67744,2.66436,0.0
-4.67744,2.72357,0.0
-4.67744,2.78278,0.0
-4.67744,2.84199,0.0
-4.67744,2.9012,0.0
-4.67744,2.9604,0.0
-4.67744,3.01961,0.0
-4.67744,3.07882,0.0
-4.67744,3.13803,0.0
-4.67744,3.19724,0.0
-4.67744,3.25644,0.0
-4.67744,3.31565,0.0
-4.67744,3.37486,0.0
-4.61823,-3.49328,0.0
-4.61823,-3.43407,0.0
-4.61823,-3.37486,0.0
-4.61823,-3.31565,0.0
-4.61823,-3.25644,0.0
-4.61823,-3.19724,0.0
-4.61823,-3.13803,0.0
-4.61823,-3.07882,0.0
-4.61823,-3.01961,0.0
-4.61823,-2.9604,0.0
-4.61823,-2.9012,0.0
-4.61823,-2.84199,0.0
-4.61823,-2.78278,0.0
-4.61823,-2.72357,0.0
-4.61823,-2.66436,0.0
-4.61823,-2.60515,0.0
-4.61823,-2.54595,0.0
-4.61823,-2.48674,0.0
-4.61823,-2.42753,0.0
-4.61823,-2.36832,0.0
-4.61823,-2.30911,0.0
-4.61823,-2.24991,0.0
-4.61823,-2.1907,0.0
-4.61823,-2.13149,0.0
-4.61823,-2.07228,0.0
-4.61823,-2.01307,0.0
-4.61823,-1.95387,0.0
-4.61823,-1.89466,0.0
-4.61823,-1.83545,0.0
-4.61823,-1.77624,0.0
-4.61823,-1.71703,0.0
-4.61823,-1.65783,0.0
-4.61823,-1.59862,0.0
-4.61823,-1.53941,0.0
-4.61823,-1.4802,0.0
-4.61823,-1.42099,0.0
-4.61823,-1.36179,0.0
-4.61823,-1.30258,0.0
-4.61823,-1.24337,0.0
-4.61823,-1.18416,0.0
-4.61823,-1.12495,0.0
-4.61823,-1.06575,0.0
-4.61823,-1.00654,0.0
-4.61823,-0.94733,0.0
-4.61823,-0.88812,0.0
-4.61823,-0.82891,0.0
-4.61823,-0.7697,0.0
-4.61823,-0.7105,0.0
-4.61823,-0.65129,0.0
-4.61823,-0.59208,0.0
-4.61823,-0.53287,0.0
-4.61823,-0.47366,0.0
-4.61823,-0.41446,0.0
-4.61823,-0.35525,0.0
-4.61823,-0.29604,0.0
-4.61823,-0.23683,0.0
-4.61823,-0.17762,0.0
-4.61823,-0.11842,0.0
-4.61823,-0.05921,0.0
-4.61823,0,0.0
-4.61823,0.05921,0.0
-4.61823,0.11842,0.0
-4.61823,0.17762,0.0
-4.61823,0.23683,0.0
-4.61823,0.29604,0.0
-4.61823,0.35525,0.0
-4.61823,0.41446,0.0
-4.61823,0.47366,0.0
-4.61823,0.53287,0.0
-4.61823,0.59208,0.0
-4.61823,0.65129,0.0
-4.61823,0.7105,0.0
-4.61823,0.7697,0.0
-4.61823,0.82891,0.0
-4.61823,0.88812,0.0
-4.61823,0.94733,0.0
-4.61823,1.00654,0.0
-4.61823,1.06575,0.0
-4.61823,1.12495,0.0
-4.61823,1.18416,0.0
-4.61823,1.24337,0.0
-4.61823,1.30258,0.0
-4.61823,1.36179,0.0
-4.61823,1.42099,0.0
-4.61823,1.4802,0.0
-4.61823,1.53941,0.0
-4.61823,1.59862,0.0
-4.61823,1.65783,0.0
-4.61823,1.71703,0.0
-4.61823,1.77624,0.0
-4.61823,1.83545,0.0
-4.61823,1.89466,0.0
-4.61823,1.95387,0.0
-4.61823,2.01307,0.0
-4.61823,2.07228,0.0
-4.61823,2.13149,0.0
-4.61823,2.1907,0.0
-4.61823,2.24991,0.0
-4.61823,2.30911,0.0
-4.61823,2.36832,0.0
-4.61823,2.42753,0.0
-4.61823,2.48674,0.0
-4.61823,2.54595,0.0
-4.61823,2.60515,0.0
-4.61823,2.66436,0.0
-4.61823,2.72357,0.0
-4.61823,2.78278,0.0
-4.61823,2.84199,0.0
-4.61823,2.9012,0.0
-4.61823,2.9604,0.0
-4.61823,3.01961,0.0
-4.61823,3.07882,0.0
-4.61823,3.13803,0.0
-4.61823,3.19724,0.0
-4.61823,3.25644,0.0
-4.61823,3.31565,0.0
-4.61823,3.37486,0.0
-4.61823,3.43407,0.0
-4.61823,3.49328,0.0
-4.55902,-3.55248,0.0
-4.55902,-3.49328,0.0
-4.55902,-3.43407,0.0
-4.55902,-3.37486,0.0
-4.55902,-3.31565,0.0
-4.55902,-3.25644,0.0
-4.55902,-3.19724,0.0
-4.55902,-3.13803,0.0
-4.55902,-3.07882,0.0
-4.55902,-3.01961,0.0
-4.55902,-2.9604,0.0
-4.55902,-2.9012,0.0
-4.55902,-2.84199,0.0
-4.55902,-2.78278,0.0
-4.55902,-2.72357,0.0
-4.55902,-2.66436,0.0
-4.55902,-2.60515,0.0
-4.55902,-2.54595,0.0
-4.55902,-2.48674,0.0
-4.55902,-2.42753,0.0
-4.55902,-2.36832,0.0
-4.55902,-2.30911,0.0
-4.55902,-2.24991,0.0
-4.55902,-2.1907,0.0
-4.55902,-2.13149,0.0
-4.55902,-2.07228,0.0
-4.55902,-2.01307,0.0
-4.55902,-1.95387,0.0
-4.55902,-1.89466,0.0
-4.55902,-1.83545,0.0
-4.55902,-1.77624,0.0
-4.55902,-1.71703,0.0
-4.55902,-1.65783,0.0
-4.55902,-1.59862,0.0
-4.55902,-1.53941,0.0
-4.55902,-1.4802,0.0
-4.55902,-1.42099,0.0
-4.55902,-1.36179,0.0
-4.55902,-1.30258,0.0
-4.55902,-1.24337,0.0
-4.55902,-1.18416,0.0
-4.55902,-1.12495,0.0
-4.55902,-1.06575,0.0
-4.55902,-1.00654,0.0
-4.55902,-0.94733,0.0
-4.55902,-0.88812,0.0
-4.55902,-0.82891,0.0
-4.55902,-0.7697,0.0
-4.55902,-0.7105,0.0
-4.55902,-0.65129,0.0
-4.55902,-0.59208,0.0
-4.55902,-0.53287,0.0
-4.55902,-0.47366,0.0
-4.55902,-0.41446,0.0
-4.55902,-0.35525,0.0
-4.55902,-0.29604,0.0
-4.55902,-0.23683,0.0
-4.55902,-0.17762,0.0
-4.55902,-0.11842,0.0
-4.55902,-0.05921,0.0
-4.55902,0,0.0
-4.55902,0.05921,0.0
-4.55902,0.11842,0.0
-4.55902,0.17762,0.0
-4.55902,0.23683,0.0
-4.55902,0.29604,0.0
-4.55902,0.35525,0.0
-4.55902,0.41446,0.0
-4.55902,0.47366,0.0
-4.55902,0.53287,0.0
-4.55902,0.59208,0.0
-4.55902,0.65129,0.0
-4.55902,0.7105,0.0
-4.55902,0.7697,0.0
-4.55902,0.82891,0.0
-4.55902,0.88812,0.0
-4.55902,0.94733,0.0
-4.55902,1.00654,0.0
-4.55902,1.06575,0.0
-4.55902,1.12495,0.0
-4.55902,1.18416,0.0
-4.55902,1.24337,0.0
-4.55902,1.30258,0.0
-4.55902,1.36179,0.0
-4.55902,1.42099,0.0
-4.55902,1.4802,0.0
-4.55902,1.53941,0.0
-4.55902,1.59862,0.0
-4.55902,1.65783,0.0
-4.55902,1.71703,0.0
-4.55902,1.77624,0.0
-4.55902,1.83545,0.0
-4.55902,1.89466,0.0
-4.55902,1.95387,0.0
-4.55902,2.01307,0.0
-4.55902,2.07228,0.0
-4.55902,2.13149,0.0
-4.55902,2.1907,0.0
-4.55902,2.24991,0.0
-4.55902,2.30911,0.0
-4.55902,2.36832,0.0
-4.55902,2.42753,0.0
-4.55902,2.48674,0.0
-4.55902,2.54595,0.0
-4.55902,2.60515,0.0
-4.55902,2.66436,0.0
-4.55902,2.72357,0.0
-4.55902,2.78278,0.0
-4.55902,2.84199,0.0
-4.55902,2.9012,0.0
-4.55902,2.9604,0.0
-4.55902,3.01961,0.0
-4.55902,3.07882,0.0
-4.55902,3.13803,0.0
-4.55902,3.19724,0.0
-4.55902,3.25644,0.0
-4.55902,3.31565,0.0
-4.55902,3.37486,0.0
-4.55902,3.43407,0.0
-4.55902,3.49328,0.0
-4.55902,3.55248,0.0
-4.49981,-3.61169,0.0
-4.49981,-3.55248,0.0
-4.49981,-3.49328,0.0
-4.49981,-3.43407,0.0
-4.49981,-3.37486,0.0
-4.49981,-3.31565,0.0
-4.49981,-3.25644,0.0
-4.49981,-3.19724,0.0
-4.49981,-3.13803,0.0
-4.49981,-3.07882,0.0
-4.49981,-3.01961,0.0
-4.49981,-2.9604,0.0
-4.49981,-2.9012,0.0
-4.49981,-2.84199,0.0
-4.49981,-2.78278,0.0
-4.49981,-2.72357,0.0
-4.49981,-2.66436,0.0
-4.49981,-2.60515,0.0
-4.49981,-2.54595,0.0
-4.49981,-2.48674,0.0
-4.49981,-2.42753,0.0
-4.49981,-2.36832,0.0
-4.49981,-2.30911,0.0
-4.49981,-2.24991,0.0
-4.49981,-2.1907,0.0
-4.49981,-2.13149,0.0
-4.49981,-2.07228,0.0
-4.49981,-2.01307,0.0
-4.49981,-1.95387,0.0
-4.49981,-1.89466,0.0
-4.49981,-1.83545,0.0
-4.49981,-1.77624,0.0
-4.49981,-1.71703,0.0
-4.49981,-1.65783,0.0
-4.49981,-1.59862,0.0
-4.49981,-1.53941,0.0
-4.49981,-1.4802,0.0
-4.49981,-1.42099,0.0
-4.49981,-1.36179,0.0
-4.49981,-1.30258,0.0
-4.49981,-1.24337,0.0
-4.49981,-1.18416,0.0
-4.49981,-1.12495,0.0
-4.49981,-1.06575,0.0
-4.49981,-1.00654,0.0
-4.49981,-0.94733,0.0
-4.49981,-0.88812,0.0
-4.49981,-0.82891,0.0
-4.49981,-0.7697,0.0
-4.49981,-0.7105,0.0
-4.49981,-0.65129,0.0
-4.49981,-0.59208,0.0
-4.49981,-0.53287,0.0
-4.49981,-0.47366,0.0
-4.49981,-0.41446,0.0
-4.49981,-0.35525,0.0
-4.49981,-0.29604,0.0
-4.49981,-0.23683,0.0
-4.49981,-0.17762,0.0
-4.49981,-0.11842,0.0
-4.49981,-0.05921,0.0
-4.49981,0,0.0
-4.49981,0.05921,0.0
-4.49981,0.11842,0.0
-4.49981,0.17762,0.0
-4.49981,0.23683,0.0
-4.49981,0.29604,0.0
-4.49981,0.35525,0.0
-4.49981,0.41446,0.0
-4.49981,0.47366,0.0
-4.49981,0.53287,0.0
-4.49981,0.59208,0.0
-4.49981,0.65129,0.0
-4.49981,0.7105,0.0
-4.49981,0.7697,0.0
-4.49981,0.82891,0.0
-4.49981,0.88812,0.0
-4.49981,0.94733,0.0
-4.49981,1.00654,0.0
-4.49981,1.06575,0.0
-4.49981,1.12495,0.0
-4.49981,1.18416,0.0
-4.49981,1.24337,0.0
-4.49981,1.30258,0.0
-4.49981,1.36179,0.0
-4.49981,1.42099,0.0
-4.49981,1.4802,0.0
-4.49981,1.53941,0.0
-4.49981,1.59862,0.0
-4.49981,1.65783,0.0
-4.49981,1.71703,0.0
-4.49981,1.77624,0.0
-4.49981,1.83545,0.0
-4.49981,1.89466,0.0
-4.49981,1.95387,0.0
-4.49981,2.01307,0.0
-4.49981,2.07228,0.0
-4.49981,2.13149,0.0
-4.49981,2.1907,0.0
-4.49981,2.24991,0.0
-4.49981,2.30911,0.0
-4.49981,2.36832,0.0
-4.49981,2.42753,0.0
-4.49981,2.48674,0.0
-4.49981,2.54595,0.0
-4.49981,2.60515,0.0
-4.49981,2.66436,0.0
-4.49981,2.72357,0.0
-4.49981,2.78278,0.0
-4.49981,2.84199,0.0
-4.49981,2.9012,0.0
-4.49981,2.9604,0.0
-4.49981,3.01961,0.0
-4.49981,3.07882,0.0
-4.49981,3.13803,0.0
-4.49981,3.19724,0.0
-4.49981,3.25644,0.0
-4.49981,3.31565,0.0
-4.49981,3.37486,0.0
-4.49981,3.43407,0.0
-4.49981,3.49328,0.0
-4.49981,3.55248,0.0
-4.49981,3.61169,0.0
-4.4406,-3.73011,0.0
-4.4406,-3.6709,0.0
-4.4406,-3.61169,0.0
-4.4406,-3.55248,0.0
-4.4406,-3.49328,0.0
-4.4406,-3.43407,0.0
-4.4406,-3.37486,0.0
-4.4406,-3.31565,0.0
-4.4406,-3.25644,0.0
-4.4406,-3.19724,0.0
-4.4406,-3.13803,0.0
-4.4406,-3.07882,0.0
-4.4406,-3.01961,0.0
-4.4406,-2.9604,0.0
-4.4406,-2.9012,0.0
-4.4406,-2.84199,0.0
-4.4406,-2.78278,0.0
-4.4406,-2.72357,0.0
-4.4406,-2.66436,0.0
-4.4406,-2.60515,0.0
-4.4406,-2.54595,0.0
-4.4406,-2.48674,0.0
-4.4406,-2.42753,0.0
-4.4406,-2.36832,0.0
-4.4406,-2.30911,0.0
-4.4406,-2.24991,0.0
-4.4406,-2.1907,0.0
-4.4406,-2.13149,0.0
-4.4406,-2.07228,0.0
-4.4406,-2.01307,0.0
-4.4406,-1.95387,0.0
-4.4406,-1.89466,0.0
-4.4406,-1.83545,0.0
-4.4406,-1.77624,0.0
-4.4406,-1.71703,0.0
-4.4406,-1.65783,0.0
-4.4406,-1.59862,0.0
-4.4406,-1.53941,0.0
-4.4406,-1.4802,0.0
-4.4406,-1.42099,0.0
-4.4406,-1.36179,0.0
-4.4406,-1.30258,0.0
-4.4406,-1.24337,0.0
-4.4406,-1.18416,0.0
-4.4406,-1.12495,0.0
-4.4406,-1.06575,0.0
-4.4406,-1.00654,0.0
-4.4406,-0.94733,0.0
-4.4406,-0.88812,0.0
-4.4406,-0.82891,0.0
-4.4406,-0.7697,0.0
-4.4406,-0.7105,0.0
-4.4406,-0.65129,0.0
-4.4406,-0.59208,0.0
-4.4406,-0.53287,0.0
-4.4406,-0.47366,0.0
-4.4406,-0.41446,0.0
-4.4406,-0.35525,0.0
-4.4406,-0.29604,0.0
-4.4406,-0.23683,0.0
-4.4406,-0.17762,0.0
-4.4406,-0.11842,0.0
-4.4406,-0.05921,0.0
-4.4406,0,0.0
-4.4406,0.05921,0.0
-4.4406,0.11842,0.0
-4.4406,0.17762,0.0
-4.4406,0.23683,0.0
-4.4406,0.29604,0.0
-4.4406,0.35525,0.0
-4.4406,0.41446,0.0
-4.4406,0.47366,0.0
-4.4406,0.53287,0.0
-4.4406,0.59208,0.0
-4.4406,0.65129,0.0
-4.4406,0.7105,0.0
-4.4406,0.7697,0.0
-4.4406,0.82891,0.0
-4.4406,0.88812,0.0
-4.4406,0.94733,0.0
-4.4406,1.00654,0.0
-4.4406,1.06575,0.0
-4.4406,1.12495,0.0
-4.4406,1.18416,0.0
-4.4406,1.24337,0.0
-4.4406,1.30258,0.0
-4.4406,1.36179,0.0
-4.4406,1.42099,0.0
-4.4406,1.4802,0.0
-4.4406,1.53941,0.0
-4.4406,1.59862,0.0
-4.4406,1.65783,0.0
-4.4406,1.71703,0.0
-4.4406,1.77624,0.0
-4.4406,1.83545,0.0
-4.4406,1.89466,0.0
-4.4406,1.95387,0.0
-4.4406,2.01307,0.0
-4.4406,2.07228,0.0
-4.4406,2.13149,0.0
-4.4406,2.1907,0.0
-4.4406,2.24991,0.0
-4.4406,2.30911,0.0
-4.4406,2.36832,0.0
-4.4406,2.42753,0.0
-4.4406,2.48674,0.0
-4.4406,2.54595,0.0
-4.4406,2.60515,0.0
-4.4406,2.66436,0.0
-4.4406,2.72357,0.0
-4.4406,2.78278,0.0
-4.4406,2.84199,0.0
-4.4406,2.9012,0.0
-4.4406,2.9604,0.0
-4.4406,3.01961,0.0
-4.4406,3.07882,0.0
-4.4406,3.13803,0.0
-4.4406,3.19724,0.0
-4.4406,3.25644,0.0
-4.4406,3.31565,0.0
-4.4406,3.37486,0.0
-4.4406,3.43407,0.0
-4.4406,3.49328,0.0
-4.4406,3.55248,0.0
-4.4406,3.61169,0.0
-4.4406,3.6709,0.0
-4.4406,3.73011,0.0
-4.3814,-3.78932,0.0
-4.3814,-3.73011,0.0
-4.3814,-3.6709,0.0
-4.3814,-3.61169,0.0
-4.3814,-3.55248,0.0
-4.3814,-3.49328,0.0
-4.3814,-3.43407,0.0
-4.3814,-3.37486,0.0
-4.3814,-3.31565,0.0
-4.3814,-3.25644,0.0
-4.3814,-3.19724,0.0
-4.3814,-3.13803,0.0
-4.3814,-3.07882,0.0
-4.3814,-3.01961,0.0
-4.3814,-2.9604,0.0
-4.3814,-2.9012,0.0
-4.3814,-2.84199,0.0
-4.3814,-2.78278,0.0
-4.3814,-2.72357,0.0
-4.3814,-2.66436,0.0
-4.3814,-2.60515,0.0
-4.3814,-2.54595,0.0
-4.3814,-2.48674,0.0
-4.3814,-2.42753,0.0
-4.3814,-2.36832,0.0
-4.3814,-2.30911,0.0
-4.3814,-2.24991,0.0
-4.3814,-2.1907,0.0
-4.3814,-2.13149,0.0
-4.3814,-2.07228,0.0
-4.3814,-2.01307,0.0
-4.3814,-1.95387,0.0
-4.3814,-1.89466,0.0
-4.3814,-1.83545,0.0
-4.3814,-1.77624,0.0
-4.3814,-1.71703,0.0
-4.3814,-1.65783,0.0
-4.3814,-1.59862,0.0
-4.3814,-1.53941,0.0
-4.3814,-1.4802,0.0
-4.3814,-1.42099,0.0
-4.3814,-1.36179,0.0
-4.3814,-1.30258,0.0
-4.3814,-1.24337,0.0
-4.3814,-1.18416,0.0
-4.3814,-1.12495,0.0
-4.3814,-1.06575,0.0
-4.3814,-1.00654,0.0
-4.3814,-0.94733,0.0
-4.3814,-0.88812,0.0
-4.3814,-0.82891,0.0
-4.3814,-0.7697,0.0
-4.3814,-0.7105,0.0
-4.3814,-0.65129,0.0
-4.3814,-0.59208,0.0
-4.3814,-0.53287,0.0
-4.3814,-0.47366,0.0
-4.3814,-0.41446,0.0
-4.3814,-0.35525,0.0
-4.3814,-0.29604,0.0
-4.3814,-0.23683,0.0
-4.3814,-0.17762,0.0
-4.3814,-0.11842,0.0
-4.3814,-0.05921,0.0
-4.3814,0,0.0
-4.3814,0.05921,0.0
-4.3814,0.11842,0.0
-4.3814,0.17762,0.0
-4.3814,0.23683,0.0
-4.3814,0.29604,0.0
-4.3814,0.35525,0.0
-4.3814,0.41446,0.0
-4.3814,0.47366,0.0
-4.3814,0.53287,0.0
-4.3814,0.59208,0.0
-4.3814,0.65129,0.0
-4.3814,0.7105,0.0
-4.3814,0.7697,0.0
-4.3814,0.82891,0.0
-4.3814,0.88812,0.0
-4.3814,0.94733,0.0
-4.3814,1.00654,0.0
-4.3814,1.06575,0.0
-4.3814,1.12495,0.0
-4.3814,1.18416,0.0
-4.3814,1.24337,0.0
-4.3814,1.30258,0.0
-4.3814,1.36179,0.0
-4.3814,1.42099,0.0
-4.3814,1.4802,0.0
-4.3814,1.53941,0.0
-4.3814,1.59862,0.0
-4.3814,1.65783,0.0
-4.3814,1.71703,0.0
-4.3814,1.77624,0.0
-4.3814,1.83545,0.0
-4.3814,1.89466,0.0
-4.3814,1.95387,0.0
-4.3814,2.01307,0.0
-4.3814,2.07228,0.0
-4.3814,2.13149,0.0
-4.3814,2.1907,0.0
-4.3814,2.24991,0.0
-4.3814,2.30911,0.0
-4.3814,2.36832,0.0
-4.3814,2.42753,0.0
-4.3814,2.48674,0.0
-4.3814,2.54595,0.0
-4.3814,2.60515,0.0
-4.3814,2.66436,0.0
-4.3814,2.72357,0.0
-4.3814,2.78278,0.0
-4.3814,2.84199,0.0
-4.3814,2.9012,0.0
-4.3814,2.9604,0.0
-4.3814,3.01961,0.0
-4.3814,3.07882,0.0
-4.3814,3.13803,0.0
-4.3814,3.19724,0.0
-4.3814,3.25644,0.0
-4.3814,3.31565,0.0
-4.3814,3.37486,0.0
-4.3814,3.43407,0.0
-4.3814,3.49328,0.0
-4.3814,3.55248,0.0
-4.3814,3.61169,0.0
-4.3814,3.6709,0.0
-4.3814,3.73011,0.0
-4.3814,3.78932,0.0
-4.32219,-3.84852,0.0
-4.32219,-3.78932,0.0
-4.32219,-3.73011,0.0
-4.32219,-3.6709,0.0
-4.32219,-3.61169,0.0
-4.32219,-3.55248,0.0
-4.32219,-3.49328,0.0
-4.32219,-3.43407,0.0
-4.32219,-3.37486,0.0
-4.32219,-3.31565,0.0
-4.32219,-3.25644,0.0
-4.32219,-3.19724,0.0
-4.32219,-3.13803,0.0
-4.32219,-3.07882,0.0
-4.32219,-3.01961,0.0
-4.32219,-2.9604,0.0
-4.32219,-2.9012,0.0
-4.32219,-2.84199,0.0
-4.32219,-2.78278,0.0
-4.32219,-2.72357,0.0
-4.32219,-2.66436,0.0
-4.32219,-2.60515,0.0
-4.32219,-2.54595,0.0
-4.32219,-2.48674,0.0
-4.32219,-2.42753,0.0
-4.32219,-2.36832,0.0
-4.32219,-2.30911,0.0
-4.32219,-2.24991,0.0
-4.32219,-2.1907,0.0
-4.32219,-2.13149,0.0
-4.32219,-2.07228,0.0
-4.32219,-2.01307,0.0
-4.32219,-1.95387,0.0
-4.32219,-1.89466,0.0
-4.32219,-1.83545,0.0
-4.32219,-1.77624,0.0
-4.32219,-1.71703,0.0
-4.32219,-1.65783,0.0
-4.32219,-1.59862,0.0
-4.32219,-1.53941,0.0
-4.32219,-1.4802,0.0
-4.32219,-1.42099,0.0
-4.32219,-1.36179,0.0
-4.32219,-1.30258,0.0
-4.32219,-1.24337,0.0
-4.32219,-1.18416,0.0
-4.32219,-1.12495,0.0
-4.32219,-1.06575,0.0
-4.32219,-1.00654,0.0
-4.32219,-0.94733,0.0
-4.32219,-0.88812,0.0
-4.32219,-0.82891,0.0
-4.32219,-0.7697,0.0
-4.32219,-0.7105,0.0
-4.32219,-0.65129,0.0
-4.32219,-0.59208,0.0
-4.32219,-0.53287,0.0
-4.32219,-0.47366,0.0
-4.32219,-0.41446,0.0
-4.32219,-0.35525,0.0
-4.32219,-0.29604,0.0
-4.32219,-0.23683,0.0
-4.32219,-0.17762,0.0
-4.32219,-0.11842,0.0
-4.32219,-0.05921,0.0
-4.32219,0,0.0
-4.32219,0.05921,0.0
-4.32219,0.11842,0.0
-4.32219,0.17762,0.0
-4.32219,0.23683,0.0
-4.32219,0.29604,0.0
-4.32219,0.35525,0.0
-4.32219,0.41446,0.0
-4.32219,0.47366,0.0
-4.32219,0.53287,0.0
-4.32219,0.59208,0.0
-4.32219,0.65129,0.0
-4.32219,0.7105,0.0
-4.32219,0.7697,0.0
-4.32219,0.82891,0.0
-4.32219,0.88812,0.0
-4.32219,0.94733,0.0
-4.32219,1.00654,0.0
-4.32219,1.06575,0.0
-4.32219,1.12495,0.0
-4.32219,1.18416,0.0
-4.32219,1.24337,0.0
-4.32219,1.30258,0.0
-4.32219,1.36179,0.0
-4.32219,1.42099,0.0
-4.32219,1.4802,0.0
-4.32219,1.53941,0.0
-4.32219,1.59862,0.0
-4.32219,1.65783,0.0
-4.32219,1.71703,0.0
-4.32219,1.77624,0.0
-4.32219,1.83545,0.0
-4.32219,1.89466,0.0
-4.32219,1.95387,0.0
-4.32219,2.01307,0.0
-4.32219,2.07228,0.0
-4.32219,2.13149,0.0
-4.32219,2.1907,0.0
-4.32219,2.24991,0.0
-4.32219,2.30911,0.0
-4.32219,2.36832,0.0
-4.32219,2.42753,0.0
-4.32219,2.48674,0.0
-4.32219,2.54595,0.0
-4.32219,2.60515,0.0
-4.32219,2.66436,0.0
-4.32219,2.72357,0.0
-4.32219,2.78278,0.0
-4.32219,2.84199,0.0
-4.32219,2.9012,0.0
-4.32219,2.9604,0.0
-4.32219,3.01961,0.0
-4.32219,3.07882,0.0
-4.32219,3.13803,0.0
-4.32219,3.19724,0.0
-4.32219,3.25644,0.0
-4.32219,3.31565,0.0
-4.32219,3.37486,0.0
-4.32219,3.43407,0.0
-4.32219,3.49328,0.0
-4.32219,3.55248,0.0
-4.32219,3.61169,0.0
-4.32219,3.6709,0.0
-4.32219,3.73011,0.0
-4.32219,3.78932,0.0
-4.32219,3.84852,0.0
-4.26298,-3.90773,0.0
-4.26298,-3.84852,0.0
-4.26298,-3.78932,0.0
-4.26298,-3.73011,0.0
-4.26298,-3.6709,0.0
-4.26298,-3.61169,0.0
-4.26298,-3.55248,0.0
-4.26298,-3.49328,0.0
-4.26298,-3.43407,0.0
-4.26298,-3.37486,0.0
-4.26298,-3.31565,0.0
-4.26298,-3.25644,0.0
-4.26298,-3.19724,0.0
-4.26298,-3.13803,0.0
-4.26298,-3.07882,0.0
-4.26298,-3.01961,0.0
-4.26298,-2.9604,0.0
-4.26298,-2.9012,0.0
-4.26298,-2.84199,0.0
-4.26298,-2.78278,0.0
-4.26298,-2.72357,0.0
-4.26298,-2.66436,0.0
-4.26298,-2.60515,0.0
-4.26298,-2.54595,0.0
-4.26298,-2.48674,0.0
-4.26298,-2.42753,0.0
-4.26298,-2.36832,0.0
-4.26298,-2.30911,0.0
-4.26298,-2.24991,0.0
-4.26298,-2.1907,0.0
-4.26298,-2.13149,0.0
-4.26298,-2.07228,0.0
-4.26298,-2.01307,0.0
-4.26298,-1.95387,0.0
-4.26298,-1.89466,0.0
-4.26298,-1.83545,0.0
-4.26298,-1.77624,0.0
-4.26298,-1.71703,0.0
-4.26298,-1.65783,0.0
-4.26298,-1.59862,0.0
-4.26298,-1.53941,0.0
-4.26298,-1.4802,0.0
-4.26298,-1.42099,0.0
-4.26298,-1.36179,0.0
-4.26298,-1.30258,0.0
-4.26298,-1.24337,0.0
-4.26298,-1.18416,0.0
-4.26298,-1.12495,0.0
-4.26298,-1.06575,0.0
-4.26298,-1.00654,0.0
-4.26298,-0.94733,0.0
-4.26298,-0.88812,0.0
-4.26298,-0.82891,0.0
-4.26298,-0.7697,0.0
-4.26298,-0.7105,0.0
-4.26298,-0.65129,0.0
-4.26298,-0.59208,0.0
-4.26298,-0.53287,0.0
-4.26298,-0.47366,0.0
-4.26298,-0.41446,0.0
-4.26298,-0.35525,0.0
-4.26298,-0.29604,0.0
-4.26298,-0.23683,0.0
-4.26298,-0.17762,0.0
-4.26298,-0.11842,0.0
-4.26298,-0.05921,0.0
-4.26298,0,0.0
-4.26298,0.05921,0.0
-4.26298,0.11842,0.0
-4.26298,0.17762,0.0
-4.26298,0.23683,0.0
-4.26298,0.29604,0.0
-4.26298,0.35525,0.0
-4.26298,0.41446,0.0
-4.26298,0.47366,0.0
-4.26298,0.53287,0.0
-4.26298,0.59208,0.0
-4.26298,0.65129,0.0
-4.26298,0.7105,0.0
-4.26298,0.7697,0.0
-4.26298,0.82891,0.0
-4.26298,0.88812,0.0
-4.26298,0.94733,0.0
-4.26298,1.00654,0.0
-4.26298,1.06575,0.0
-4.26298,1.12495,0.0
-4.26298,1.18416,0.0
-4.26298,1.24337,0.0
-4.26298,1.30258,0.0
-4.26298,1.36179,0.0
-4.26298,1.42099,0.0
-4.26298,1.4802,0.0
-4.26298,1.53941,0.0
-4.26298,1.59862,0.0
-4.26298,1.65783,0.0
-4.26298,1.71703,0.0
-4.26298,1.77624,0.0
-4.26298,1.83545,0.0
-4.26298,1.89466,0.0
-4.26298,1.95387,0.0
-4.26298,2.01307,0.0
-4.26298,2.07228,0.0
-4.26298,2.13149,0.0
-4.26298,2.1907,0.0
-4.26298,2.24991,0.0
-4.26298,2.30911,0.0
-4.26298,2.36832,0.0
-4.26298,2.42753,0.0
-4.26298,2.48674,0.0
-4.26298,2.54595,0.0
-4.26298,2.60515,0.0
-4.26298,2.66436,0.0
-4.26298,2.72357,0.0
-4.26298,2.78278,0.0
-4.26298,2.84199,0.0
-4.26298,2.9012,0.0
-4.26298,2.9604,0.0
-4.26298,3.01961,0.0
-4.26298,3.07882,0.0
-4.26298,3.13803,0.0
-4.26298,3.19724,0.0
-4.26298,3.25644,0.0
-4.26298,3.31565,0.0
-4.26298,3.37486,0.0
-4.26298,3.43407,0.0
-4.26298,3.49328,0.0
-4.26298,3.55248,0.0
-4.26298,3.61169,0.0
-4.26298,3.6709,0.0
-4.26298,3.73011,0.0
-4.26298,3.78932,0.0
-4.26298,3.84852,0.0
-4.26298,3.90773,0.0
-4.20377,-3.96694,0.0
-4.20377,-3.90773,0.0
-4.20377,-3.84852,0.0
-4.20377,-3.78932,0.0
-4.20377,-3.73011,0.0
-4.20377,-3.6709,0.0
-4.20377,-3.61169,0.0
-4.20377,-3.55248,0.0
-4.20377,-3.49328,0.0
-4.20377,-3.43407,0.0
-4.20377,-3.37486,0.0
-4.20377,-3.31565,0.0
-4.20377,-3.25644,0.0
-4.20377,-3.19724,0.0
-4.20377,-3.13803,0.0
-4.20377,-3.07882,0.0
-4.20377,-3.01961,0.0
-4.20377,-2.9604,0.0
-4.20377,-2.9012,0.0
-4.20377,-2.84199,0.0
-4.20377,-2.78278,0.0
-4.20377,-2.72357,0.0
-4.20377,-2.66436,0.0
-4.20377,-2.60515,0.0
-4.20377,-2.54595,0.0
-4.20377,-2.48674,0.0
-4.20377,-2.42753,0.0
-4.20377,-2.36832,0.0
-4.20377,-2.30911,0.0
-4.20377,-2.24991,0.0
-4.20377,-2.1907,0.0
-4.20377,-2.13149,0.0
-4.20377,-2.07228,0.0
-4.20377,-2.01307,0.0
-4.20377,-1.95387,0.0
-4.20377,-1.89466,0.0
-4.20377,-1.83545,0.0
-4.20377,-1.77624,0.0
-4.20377,-1.71703,0.0
-4.20377,-1.65783,0.0
-4.20377,-1.59862,0.0
-4.20377,-1.53941,0.0
-4.20377,-1.4802,0.0
-4.20377,-1.42099,0.0
-4.20377,-1.36179,0.0
-4.20377,-1.30258,0.0
-4.20377,-1.24337,0.0
-4.20377,-1.18416,0.0
-4.20377,-1.12495,0.0
-4.20377,-1.06575,0.0
-4.20377,-1.00654,0.0
-4.20377,-0.94733,0.0
-4.20377,-0.88812,0.0
-4.20377,-0.82891,0.0
-4.20377,-0.7697,0.0
-4.20377,-0.7105,0.0
-4.20377,-0.65129,0.0
-4.20377,-0.59208,0.0
-4.20377,-0.53287,0.0
-4.20377,-0.47366,0.0
-4.20377,-0.41446,0.0
-4.20377,-0.35525,0.0
-4.20377,-0.29604,0.0
-4.20377,-0.23683,0.0
-4.20377,-0.17762,0.0
-4.20377,-0.11842,0.0
-4.20377,-0.05921,0.0
-4.20377,0,0.0
-4.20377,0.05921,0.0
-4.20377,0.11842,0.0
-4.20377,0.17762,0.0
-4.20377,0.23683,0.0
-4.20377,0.29604,0.0
-4.20377,0.35525,0.0
-4.20377,0.41446,0.0
-4.20377,0.47366,0.0
-4.20377,0.53287,0.0
-4.20377,0.59208,0.0
-4.20377,0.65129,0.0
-4.20377,0.7105,0.0
-4.20377,0.7697,0.0
-4.20377,0.82891,0.0
-4.20377,0.88812,0.0
-4.20377,0.94733,0.0
-4.20377,1.00654,0.0
-4.20377,1.06575,0.0
-4.20377,1.12495,0.0
-4.20377,1.18416,0.0
-4.20377,1.24337,0.0
-4.20377,1.30258,0.0
-4.20377,1.36179,0.0
-4.20377,1.42099,0.0
-4.20377,1.4802,0.0
-4.20377,1.53941,0.0
-4.20377,1.59862,0.0
-4.20377,1.65783,0.0
-4.20377,1.71703,0.0
-4.20377,1.77624,0.0
-4.20377,1.83545,0.0
-4.20377,1.89466,0.0
-4.20377,1.95387,0.0
-4.20377,2.01307,0.0
-4.20377,2.07228,0.0
-4.20377,2.13149,0.0
-4.20377,2.1907,0.0
-4.20377,2.24991,0.0
-4.20377,2.30911,0.0
-4.20377,2.36832,0.0
-4.20377,2.42753,0.0
-4.20377,2.48674,0.0
-4.20377,2.54595,0.0
-4.20377,2.60515,0.0
-4.20377,2.66436,0.0
-4.20377,2.72357,0.0
-4.20377,2.78278,0.0
-4.20377,2.84199,0.0
-4.20377,2.9012,0.0
-4.20377,2.9604,0.0
-4.20377,3.01961,0.0
-4.20377,3.07882,0.0
-4.20377,3.13803,0.0
-4.20377,3.19724,0.0
-4.20377,3.25644,0.0
-4.20377,3.31565,0.0
-4.20377,3.37486,0.0
-4.20377,3.43407,0.0
-4.20377,3.49328,0.0
-4.20377,3.55248,0.0
-4.20377,3.61169,0.0
-4.20377,3.6709,0.0
-4.20377,3.73011,0.0
-4.20377,3.78932,0.0
-4.20377,3.84852,0.0
-4.20377,3.90773,0.0
-4.20377,3.96694,0.0
-4.14456,-4.02615,0.0
-4.14456,-3.96694,0.0
-4.14456,-3.90773,0.0
-4.14456,-3.84852,0.0
-4.14456,-3.78932,0.0
-4.14456,-3.73011,0.0
-4.14456,-3.6709,0.0
-4.14456,-3.61169,0.0
-4.14456,-3.55248,0.0
-4.14456,-3.49328,0.0
-4.14456,-3.43407,0.0
-4.14456,-3.37486,0.0
-4.14456,-3.31565,0.0
-4.14456,-3.25644,0.0
-4.14456,-3.19724,0.0
-4.14456,-3.13803,0.0
-4.14456,-3.07882,0.0
-4.14456,-3.01961,0.0
-4.14456,-2.9604,0.0
-4.14456,-2.9012,0.0
-4.14456,-2.84199,0.0
-4.14456,-2.78278,0.0
-4.14456,-2.72357,0.0
-4.14456,-2.66436,0.0
-4.14456,-2.60515,0.0
-4.14456,-2.54595,0.0
-4.14456,-2.48674,0.0
-4.14456,-2.42753,0.0
-4.14456,-2.36832,0.0
-4.14456,-2.30911,0.0
-4.14456,-2.24991,0.0
-4.14456,-2.1907,0.0
-4.14456,-2.13149,0.0
-4.14456,-2.07228,0.0
-4.14456,-2.01307,0.0
-4.14456,-1.95387,0.0
-4.14456,-1.89466,0.0
-4.14456,-1.83545,0.0
-4.14456,-1.77624,0.0
-4.14456,-1.71703,0.0
-4.14456,-1.65783,0.0
-4.14456,-1.59862,0.0
-4.14456,-1.53941,0.0
-4.14456,-1.4802,0.0
-4.14456,-1.42099,0.0
-4.14456,-1.36179,0.0
-4.14456,-1.30258,0.0
-4.14456,-1.24337,0.0
-4.14456,-1.18416,0.0
-4.14456,-1.12495,0.0
-4.14456,-1.06575,0.0
-4.14456,-1.00654,0.0
-4.14456,-0.94733,0.0
-4.14456,-0.88812,0.0
-4.14456,-0.82891,0.0
-4.14456,-0.7697,0.0
-4.14456,-0.7105,0.0
-4.14456,-0.65129,0.0
-4.14456,-0.59208,0.0
-4.14456,-0.53287,0.0
-4.14456,-0.47366,0.0
-4.14456,-0.41446,0.0
-4.14456,-0.35525,0.0
-4.14456,-0.29604,0.0
-4.14456,-0.23683,0.0
-4.14456,-0.17762,0.0
-4.14456,-0.11842,0.0
-4.14456,-0.05921,0.0
-4.14456,0,0.0
-4.14456,0.05921,0.0
-4.14456,0.11842,0.0
-4.14456,0.17762,0.0
-4.14456,0.23683,0.0
-4.14456,0.29604,0.0
-4.14456,0.35525,0.0
-4.14456,0.41446,0.0
-4.14456,0.47366,0.0
-4.14456,0.53287,0.0
-4.14456,0.59208,0.0
-4.14456,0.65129,0.0
-4.14456,0.7105,0.0
-4.14456,0.7697,0.0
-4.14456,0.82891,0.0
-4.14456,0.88812,0.0
-4.14456,0.94733,0.0
-4.14456,1.00654,0.0
-4.14456,1.06575,0.0
-4.14456,1.12495,0.0
-4.14456,1.18416,0.0
-4.14456,1.24337,0.0
-4.14456,1.30258,0.0
-4.14456,1.36179,0.0
-4.14456,1.42099,0.0
-4.14456,1.4802,0.0
-4.14456,1.53941,0.0
-4.14456,1.59862,0.0
-4.14456,1.65783,0.0
-4.14456,1.71703,0.0
-4.14456,1.77624,0.0
-4.14456,1.83545,0.0
-4.14456,1.89466,0.0
-4.14456,1.95387,0.0
-4.14456,2.01307,0.0
-4.14456,2.07228,0.0
-4.14456,2.13149,0.0
-4.14456,2.1907,0.0
-4.14456,2.24991,0.0
-4.14456,2.30911,0.0
-4.14456,2.36832,0.0
-4.14456,2.42753,0.0
-4.14456,2.48674,0.0
-4.14456,2.54595,0.0
-4.14456,2.60515,0.0
-4.14456,2.66436,0.0
-4.14456,2.72357,0.0
-4.14456,2.78278,0.0
-4.14456,2.84199,0.0
-4.14456,2.9012,0.0
-4.14456,2.9604,0.0
-4.14456,3.01961,0.0
-4.14456,3.07882,0.0
-4.14456,3.13803,0.0
-4.14456,3.19724,0.0
-4.14456,3.25644,0.0
-4.14456,3.31565,0.0
-4.14456,3.37486,0.0
-4.14456,3.43407,0.0
-4.14456,3.49328,0.0
-4.14456,3.55248,0.0
-4.14456,3.61169,0.0
-4.14456,3.6709,0.0
-4.14456,3.73011,0.0
-4.14456,3.78932,0.0
-4.14456,3.84852,0.0
-4.14456,3.90773,0.0
-4.14456,3.96694,0.0
-4.14456,4.02615,0.0
-4.08536,-4.08536,0.0
-4.08536,-4.02615,0.0
-4.08536,-3.96694,0.0
-4.08536,-3.90773,0.0
-4.08536,-3.84852,0.0
-4.08536,-3.78932,0.0
-4.08536,-3.73011,0.0
-4.08536,-3.6709,0.0
-4.08536,-3.61169,0.0
-4.08536,-3.55248,0.0
-4.08536,-3.49328,0.0
-4.08536,-3.43407,0.0
-4.08536,-3.37486,0.0
-4.08536,-3.31565,0.0
-4.08536,-3.25644,0.0
-4.08536,-3.19724,0.0
-4.08536,-3.13803,0.0
-4.08536,-3.07882,0.0
-4.08536,-3.01961,0.0
-4.08536,-2.9604,0.0
-4.08536,-2.9012,0.0
-4.08536,-2.84199,0.0
-4.08536,-2.78278,0.0
-4.08536,-2.72357,0.0
-4.08536,-2.66436,0.0
-4.08536,-2.60515,0.0
-4.08536,-2.54595,0.0
-4.08536,-2.48674,0.0
-4.08536,-2.42753,0.0
-4.08536,-2.36832,0.0
-4.08536,-2.30911,0.0
-4.08536,-2.24991,0.0
-4.08536,-2.1907,0.0
-4.08536,-2.13149,0.0
-4.08536,-2.07228,0.0
-4.08536,-2.01307,0.0
-4.08536,-1.95387,0.0
-4.08536,-1.89466,0.0
-4.08536,-1.83545,0.0
-4.08536,-1.77624,0.0
-4.08536,-1.71703,0.0
-4.08536,-1.65783,0.0
-4.08536,-1.59862,0.0
-4.08536,-1.53941,0.0
-4.08536,-1.4802,0.0
-4.08536,-1.42099,0.0
-4.08536,-1.36179,0.0
-4.08536,-1.30258,0.0
-4.08536,-1.24337,0.0
-4.08536,-1.18416,0.0
-4.08536,-1.12495,0.0
-4.08536,-1.06575,0.0
-4.08536,-1.00654,0.0
-4.08536,-0.94733,0.0
-4.08536,-0.88812,0.0
-4.08536,-0.82891,0.0
-4.08536,-0.7697,0.0
-4.08536,-0.7105,0.0
-4.08536,-0.65129,0.0
-4.08536,-0.59208,0.0
-4.08536,-0.53287,0.0
-4.08536,-0.47366,0.0
-4.08536,-0.41446,0.0
-4.08536,-0.35525,0.0
-4.08536,-0.29604,0.0
-4.08536,-0.23683,0.0
-4.08536,-0.17762,0.0
-4.08536,-0.11842,0.0
-4.08536,-0.05921,0.0
-4.08536,0,0.0
-4.08536,0.05921,0.0
-4.08536,0.11842,0.0
-4.08536,0.17762,0.0
-4.08536,0.23683,0.0
-4.08536,0.29604,0.0
-4.08536,0.35525,0.0
-4.08536,0.41446,0.0
-4.08536,0.47366,0.0
-4.08536,0.53287,0.0
-4.08536,0.59208,0.0
-4.08536,0.65129,0.0
-4.08536,0.7105,0.0
-4.08536,0.7697,0.0
-4.08536,0.82891,0.0
-4.08536,0.88812,0.0
-4.08536,0.94733,0.0
-4.08536,1.00654,0.0
-4.08536,1.06575,0.0
-4.08536,1.12495,0.0
-4.08536,1.18416,0.0
-4.08536,1.24337,0.0
-4.08536,1.30258,0.0
-4.08536,1.36179,0.0
-4.08536,1.42099,0.0
-4.08536,1.4802,0.0
-4.08536,1.53941,0.0
-4.08536,1.59862,0.0
-4.08536,1.65783,0.0
-4.08536,1.71703,0.0
-4.08536,1.77624,0.0
-4.08536,1.83545,0.0
-4.08536,1.89466,0.0
-4.08536,1.95387,0.0
-4.08536,2.01307,0.0
-4.08536,2.07228,0.0
-4.08536,2.13149,0.0
-4.08536,2.1907,0.0
-4.08536,2.24991,0.0
-4.08536,2.30911,0.0
-4.08536,2.36832,0.0
-4.08536,2.42753,0.0
-4.08536,2.48674,0.0
-4.08536,2.54595,0.0
-4.08536,2.60515,0.0
-4.08536,2.66436,0.0
-4.08536,2.72357,0.0
-4.08536,2.78278,0.0
-4.08536,2.84199,0.0
-4.08536,2.9012,0.0
-4.08536,2.9604,0.0
-4.08536,3.01961,0.0
-4.08536,3.07882,0.0
-4.08536,3.13803,0.0
-4.08536,3.19724,0.0
-4.08536,3.25644,0.0
-4.08536,3.31565,0.0
-4.08536,3.37486,0.0
-4.08536,3.43407,0.0
-4.08536,3.49328,0.0
-4.08536,3.55248,0.0
-4.08536,3.61169,0.0
-4.08536,3.6709,0.0
-4.08536,3.73011,0.0
-4.08536,3.78932,0.0
-4.08536,3.84852,0.0
-4.08536,3.90773,0.0
-4.08536,3.96694,0.0
-4.08536,4.02615,0.0
-4.08536,4.08536,0.0
-4.02615,-4.14456,0.0
-4.02615,-4.08536,0.0
-4.02615,-4.02615,0.0
-4.02615,-3.96694,0.0
-4.02615,-3.90773,0.0
-4.02615,-3.84852,0.0
-4.02615,-3.78932,0.0
-4.02615,-3.73011,0.0
-4.02615,-3.6709,0.0
-4.02615,-3.61169,0.0
-4.02615,-3.55248,0.0
-4.02615,-3.49328,0.0
-4.02615,-3.43407,0.0
-4.02615,-3.37486,0.0
-4.02615,-3.31565,0.0
-4.02615,-3.25644,0.0
-4.02615,-3.19724,0.0
-4.02615,-3.13803,0.0
-4.02615,-3.07882,0.0
-4.02615,-3.01961,0.0
-4.02615,-2.9604,0.0
-4.02615,-2.9012,0.0
-4.02615,-2.84199,0.0
-4.02615,-2.78278,0.0
-4.02615,-2.72357,0.0
-4.02615,-2.66436,0.0
-4.02615,-2.60515,0.0
-4.02615,-2.54595,0.0
-4.02615,-2.48674,0.0
-4.02615,-2.42753,0.0
-4.02615,-2.36832,0.0
-4.02615,-2.30911,0.0
-4.02615,-2.24991,0.0
-4.02615,-2.1907,0.0
-4.02615,-2.13149,0.0
-4.02615,-2.07228,0.0
-4.02615,-2.01307,0.0
-4.02615,-1.95387,0.0
-4.02615,-1.89466,0.0
-4.02615,-1.83545,0.0
-4.02615,-1.77624,0.0
-4.02615,-1.71703,0.0
-4.02615,-1.65783,0.0
-4.02615,-1.59862,0.0
-4.02615,-1.53941,0.0
-4.02615,-1.4802,0.0
-4.02615,-1.42099,0.0
-4.02615,-1.36179,0.0
-4.02615,-1.30258,0.0
-4.02615,-1.24337,0.0
-4.02615,-1.18416,0.0
-4.02615,-1.12495,0.0
-4.02615,-1.06575,0.0
-4.02615,-1.00654,0.0
-4.02615,-0.94733,0.0
-4.02615,-0.88812,0.0
-4.02615,-0.82891,0.0
-4.02615,-0.7697,0.0
-4.02615,-0.7105,0.0
-4.02615,-0.65129,0.0
-4.02615,-0.59208,0.0
-4.02615,-0.53287,0.0
-4.02615,-0.47366,0.0
-4.02615,-0.41446,0.0
-4.02615,-0.35525,0.0
-4.02615,-0.29604,0.0
-4.02615,-0.23683,0.0
-4.02615,-0.17762,0.0
-4.02615,-0.11842,0.0
-4.02615,-0.05921,0.0
-4.02615,0,0.0
-4.02615,0.05921,0.0
-4.02615,0.11842,0.0
-4.02615,0.17762,0.0
-4.02615,0.23683,0.0
-4.02615,0.29604,0.0
-4.02615,0.35525,0.0
-4.02615,0.41446,0.0
-4.02615,0.47366,0.0
-4.02615,0.53287,0.0
-4.02615,0.59208,0.0
-4.02615,0.65129,0.0
-4.02615,0.7105,0.0
-4.02615,0.7697,0.0
-4.02615,0.82891,0.0
-4.02615,0.88812,0.0
-4.02615,0.94733,0.0
-4.02615,1.00654,0.0
-4.02615,1.06575,0.0
-4.02615,1.12495,0.0
-4.02615,1.18416,0.0
-4.02615,1.24337,0.0
-4.02615,1.30258,0.0
-4.02615,1.36179,0.0
-4.02615,1.42099,0.0
-4.02615,1.4802,0.0
-4.02615,1.53941,0.0
-4.02615,1.59862,0.0
-4.02615,1.65783,0.0
-4.02615,1.71703,0.0
-4.02615,1.77624,0.0
-4.02615,1.83545,0.0
-4.02615,1.89466,0.0
-4.02615,1.95387,0.0
-4.02615,2.01307,0.0
-4.02615,2.07228,0.0
-4.02615,2.13149,0.0
-4.02615,2.1907,0.0
-4.02615,2.24991,0.0
-4.02615,2.30911,0.0
-4.02615,2.36832,0.0
-4.02615,2.42753,0.0
-4.02615,2.48674,0.0
-4.02615,2.54595,0.0
-4.02615,2.60515,0.0
-4.02615,2.66436,0.0
-4.02615,2.72357,0.0
-4.02615,2.78278,0.0
-4.02615,2.84199,0.0
-4.02615,2.9012,0.0
-4.02615,2.9604,0.0
-4.02615,3.01961,0.0
-4.02615,3.07882,0.0
-4.02615,3.13803,0.0
-4.02615,3.19724,0.0
-4.02615,3.25644,0.0
-4.02615,3.31565,0.0
-4.02615,3.37486,0.0
-4.02615,3.43407,0.0
-4.02615,3.49328,0.0
-4.02615,3.55248,0.0
-4.02615,3.61169,0.0
-4.02615,3.6709,0.0
-4.02615,3.73011,0.0
-4.02615,3.78932,0.0
-4.02615,3.84852,0.0
-4.02615,3.90773,0.0
-4.02615,3.96694,0.0
-4.02615,4.02615,0.0
-4.02615,4.08536,0.0
-4.02615,4.14456,0.0
-3.96694,-4.20377,0.0
-3.96694,-4.14456,0.0
-3.96694,-4.08536,0.0
-3.96694,-4.02615,0.0
-3.96694,-3.96694,0.0
-3.96694,-3.90773,0.0
-3.96694,-3.84852,0.0
-3.96694,-3.78932,0.0
-3.96694,-3.73011,0.0
-3.96694,-3.6709,0.0
-3.96694,-3.61169,0.0
-3.96694,-3.55248,0.0
-3.96694,-3.49328,0.0
-3.96694,-3.43407,0.0
-3.96694,-3.37486,0.0
-3.96694,-3.31565,0.0
-3.96694,-3.25644,0.0
-3.96694,-3.19724,0.0
-3.96694,-3.13803,0.0
-3.96694,-3.07882,0.0
-3.96694,-3.01961,0.0
-3.96694,-2.9604,0.0
-3.96694,-2.9012,0.0
-3.96694,-2.84199,0.0
-3.96694,-2.78278,0.0
-3.96694,-2.72357,0.0
-3.96694,-2.66436,0.0
-3.96694,-2.60515,0.0
-3.96694,-2.54595,0.0
-3.96694,-2.48674,0.0
-3.96694,-2.42753,0.0
-3.96694,-2.36832,0.0
-3.96694,-2.30911,0.0
-3.96694,-2.24991,0.0
-3.96694,-2.1907,0.0
-3.96694,-2.13149,0.0
-3.96694,-2.07228,0.0
-3.96694,-2.01307,0.0
-3.96694,-1.95387,0.0
-3.96694,-1.89466,0.0
-3.96694,-1.83545,0.0
-3.96694,-1.77624,0.0
-3.96694,-1.71703,0.0
-3.96694,-1.65783,0.0
-3.96694,-1.59862,0.0
-3.96694,-1.53941,0.0
-3.96694,-1.4802,0.0
-3.96694,-1.42099,0.0
-3.96694,-1.36179,0.0
-3.96694,-1.30258,0.0
-3.96694,-1.24337,0.0
-3.96694,-1.18416,0.0
-3.96694,-1.12495,0.0
-3.96694,-1.06575,0.0
-3.96694,-1.00654,0.0
-3.96694,-0.94733,0.0
-3.96694,-0.88812,0.0
-3.96694,-0.82891,0.0
-3.96694,-0.7697,0.0
-3.96694,-0.7105,0.0
-3.96694,-0.65129,0.0
-3.96694,-0.59208,0.0
-3.96694,-0.53287,0.0
-3.96694,-0.47366,0.0
-3.96694,-0.41446,0.0
-3.96694,-0.35525,0.0
-3.96694,-0.29604,0.0
-3.96694,-0.23683,0.0
-3.96694,-0.17762,0.0
-3.96694,-0.11842,0.0
-3.96694,-0.05921,0.0
-3.96694,0,0.0
-3.96694,0.05921,0.0
-3.96694,0.11842,0.0
-3.96694,0.17762,0.0
-3.96694,0.23683,0.0
-3.96694,0.29604,0.0
-3.96694,0.35525,0.0
-3.96694,0.41446,0.0
-3.96694,0.47366,0.0
-3.96694,0.53287,0.0
-3.96694,0.59208,0.0
-3.96694,0.65129,0.0
-3.96694,0.7105,0.0
-3.96694,0.7697,0.0
-3.96694,0.82891,0.0
-3.96694,0.88812,0.0
-3.96694,0.94733,0.0
-3.96694,1.00654,0.0
-3.96694,1.06575,0.0
-3.96694,1.12495,0.0
-3.96694,1.18416,0.0
-3.96694,1.24337,0.0
-3.96694,1.30258,0.0
-3.96694,1.36179,0.0
-3.96694,1.42099,0.0
-3.96694,1.4802,0.0
-3.96694,1.53941,0.0
-3.96694,1.59862,0.0
-3.96694,1.65783,0.0
-3.96694,1.71703,0.0
-3.96694,1.77624,0.0
-3.96694,1.83545,0.0
-3.96694,1.89466,0.0
-3.96694,1.95387,0.0
-3.96694,2.01307,0.0
-3.96694,2.07228,0.0
-3.96694,2.13149,0.0
-3.96694,2.1907,0.0
-3.96694,2.24991,0.0
-3.96694,2.30911,0.0
-3.96694,2.36832,0.0
-3.96694,2.42753,0.0
-3.96694,2.48674,0.0
-3.96694,2.54595,0.0
-3.96694,2.60515,0.0
-3.96694,2.66436,0.0
-3.96694,2.72357,0.0
-3.96694,2.78278,0.0
-3.96694,2.84199,0.0
-3.96694,2.9012,0.0
-3.96694,2.9604,0.0
-3.96694,3.01961,0.0
-3.96694,3.07882,0.0
-3.96694,3.13803,0.0
-3.96694,3.19724,0.0
-3.96694,3.25644,0.0
-3.96694,3.31565,0.0
-3.96694,3.37486,0.0
-3.96694,3.43407,0.0
-3.96694,3.49328,0.0
-3.96694,3.55248,0.0
-3.96694,3.61169,0.0
-3.96694,3.6709,0.0
-3.96694,3.73011,0.0
-3.96694,3.78932,0.0
-3.96694,3.84852,0.0
-3.96694,3.90773,0.0
-3.96694,3.96694,0.0
-3.96694,4.02615,0.0
-3.96694,4.08536,0.0
-3.96694,4.14456,0.0
-3.96694,4.20377,0.0
-3.90773,-4.26298,0.0
-3.90773,-4.20377,0.0
-3.90773,-4.14456,0.0
-3.90773,-4.08536,0.0
-3.90773,-4.02615,0.0
-3.90773,-3.96694,0.0
-3.90773,-3.90773,0.0
-3.90773,-3.84852,0.0
-3.90773,-3.78932,0.0
-3.90773,-3.73011,0.0
-3.90773,-3.6709,0.0
-3.90773,-3.61169,0.0
-3.90773,-3.55248,0.0
-3.90773,-3.49328,0.0
-3.90773,-3.43407,0.0
-3.90773,-3.37486,0.0
-3.90773,-3.31565,0.0
-3.90773,-3.25644,0.0
-3.90773,-3.19724,0.0
-3.90773,-3.13803,0.0
-3.90773,-3.07882,0.0
-3.90773,-3.01961,0.0
-3.90773,-2.9604,0.0
-3.90773,-2.9012,0.0
-3.90773,-2.84199,0.0
-3.90773,-2.78278,0.0
-3.90773,-2.72357,0.0
-3.90773,-2.66436,0.0
-3.90773,-2.60515,0.0
-3.90773,-2.54595,0.0
-3.90773,-2.48674,0.0
-3.90773,-2.42753,0.0
-3.90773,-2.36832,0.0
-3.90773,-2.30911,0.0
-3.90773,-2.24991,0.0
-3.90773,-2.1907,0.0
-3.90773,-2.13149,0.0
-3.90773,-2.07228,0.0
-3.90773,-2.01307,0.0
-3.90773,-1.95387,0.0
-3.90773,-1.89466,0.0
-3.90773,-1.83545,0.0
-3.90773,-1.77624,0.0
-3.90773,-1.71703,0.0
-3.90773,-1.65783,0.0
-3.90773,-1.59862,0.0
-3.90773,-1.53941,0.0
-3.90773,-1.4802,0.0
-3.90773,-1.42099,0.0
-3.90773,-1.36179,0.0
-3.90773,-1.30258,0.0
-3.90773,-1.24337,0.0
-3.90773,-1.18416,0.0
-3.90773,-1.12495,0.0
-3.90773,-1.06575,0.0
-3.90773,-1.00654,0.0
-3.90773,-0.94733,0.0
-3.90773,-0.88812,0.0
-3.90773,-0.82891,0.0
-3.90773,-0.7697,0.0
-3.90773,-0.7105,0.0
-3.90773,-0.65129,0.0
-3.90773,-0.59208,0.0
-3.90773,-0.53287,0.0
-3.90773,-0.47366,0.0
-3.90773,-0.41446,0.0
-3.90773,-0.35525,0.0
-3.90773,-0.29604,0.0
-3.90773,-0.23683,0.0
-3.90773,-0.17762,0.0
-3.90773,-0.11842,0.0
-3.90773,-0.05921,0.0
-3.90773,0,0.0
-3.90773,0.05921,0.0
-3.90773,0.11842,0.0
-3.90773,0.17762,0.0
-3.90773,0.23683,0.0
-3.90773,0.29604,0.0
-3.90773,0.35525,0.0
-3.90773,0.41446,0.0
-3.90773,0.47366,0.0
-3.90773,0.53287,0.0
-3.90773,0.59208,0.0
-3.90773,0.65129,0.0
-3.90773,0.7105,0.0
-3.90773,0.7697,0.0
-3.90773,0.82891,0.0
-3.90773,0.88812,0.0
-3.90773,0.94733,0.0
-3.90773,1.00654,0.0
-3.90773,1.06575,0.0
-3.90773,1.12495,0.0
-3.90773,1.18416,0.0
-3.90773,1.24337,0.0
-3.90773,1.30258,0.0
-3.90773,1.36179,0.0
-3.90773,1.42099,0.0
-3.90773,1.4802,0.0
-3.90773,1.53941,0.0
-3.90773,1.59862,0.0
-3.90773,1.65783,0.0
-3.90773,1.71703,0.0
-3.90773,1.77624,0.0
-3.90773,1.83545,0.0
-3.90773,1.89466,0.0
-3.90773,1.95387,0.0
-3.90773,2.01307,0.0
-3.90773,2.07228,0.0
-3.90773,2.13149,0.0
-3.90773,2.1907,0.0
-3.90773,2.24991,0.0
-3.90773,2.30911,0.0
-3.90773,2.36832,0.0
-3.90773,2.42753,0.0
-3.90773,2.48674,0.0
-3.90773,2.54595,0.0
-3.90773,2.60515,0.0
-3.90773,2.66436,0.0
-3.90773,2.72357,0.0
-3.90773,2.78278,0.0
-3.90773,2.84199,0.0
-3.90773,2.9012,0.0
-3.90773,2.9604,0.0
-3.90773,3.01961,0.0
-3.90773,3.07882,0.0
-3.90773,3.13803,0.0
-3.90773,3.19724,0.0
-3.90773,3.25644,0.0
-3.90773,3.31565,0.0
-3.90773,3.37486,0.0
-3.90773,3.43407,0.0
-3.90773,3.49328,0.0
-3.90773,3.55248,0.0
-3.90773,3.61169,0.0
-3.90773,3.6709,0.0
-3.90773,3.73011,0.0
-3.90773,3.78932,0.0
-3.90773,3.84852,0.0
-3.90773,3.90773,0.0
-3.90773,3.96694,0.0
-3.90773,4.02615,0.0
-3.90773,4.08536,0.0
-3.90773,4.14456,0.0
-3.90773,4.20377,0.0
-3.90773,4.26298,0.0
-3.84852,-4.32219,0.0
-3.84852,-4.26298,0.0
-3.84852,-4.20377,0.0
-3.84852,-4.14456,0.0
-3.84852,-4.08536,0.0
-3.84852,-4.02615,0.0
-3.84852,-3.96694,0.0
-3.84852,-3.90773,0.0
-3.84852,-3.84852,0.0
-3.84852,-3.78932,0.0
-3.84852,-3.73011,0.0
-3.84852,-3.6709,0.0
-3.84852,-3.61169,0.0
-3.84852,-3.55248,0.0
-3.84852,-3.49328,0.0
-3.84852,-3.43407,0.0
-3.84852,-3.37486,0.0
-3.84852,-3.31565,0.0
-3.84852,-3.25644,0.0
-3.84852,-3.19724,0.0
-3.84852,-3.13803,0.0
-3.84852,-3.07882,0.0
-3.84852,-3.01961,0.0
-3.84852,-2.9604,0.0
-3.84852,-2.9012,0.0
-3.84852,-2.84199,0.0
-3.84852,-2.78278,0.0
-3.84852,-2.72357,0.0
-3.84852,-2.66436,0.0
-3.84852,-2.60515,0.0
-3.84852,-2.54595,0.0
-3.84852,-2.48674,0.0
-3.84852,-2.42753,0.0
-3.84852,-2.36832,0.0
-3.84852,-2.30911,0.0
-3.84852,-2.24991,0.0
-3.84852,-2.1907,0.0
-3.84852,-2.13149,0.0
-3.84852,-2.07228,0.0
-3.84852,-2.01307,0.0
-3.84852,-1.95387,0.0
-3.84852,-1.89466,0.0
-3.84852,-1.83545,0.0
-3.84852,-1.77624,0.0
-3.84852,-1.71703,0.0
-3.84852,-1.65783,0.0
-3.84852,-1.59862,0.0
-3.84852,-1.53941,0.0
-3.84852,-1.4802,0.0
-3.84852,-1.42099,0.0
-3.84852,-1.36179,0.0
-3.84852,-1.30258,0.0
-3.84852,-1.24337,0.0
-3.84852,-1.18416,0.0
-3.84852,-1.12495,0.0
-3.84852,-1.06575,0.0
-3.84852,-1.00654,0.0
-3.84852,-0.94733,0.0
-3.84852,-0.88812,0.0
-3.84852,-0.82891,0.0
-3.84852,-0.7697,0.0
-3.84852,-0.7105,0.0
-3.84852,-0.65129,0.0
-3.84852,-0.59208,0.0
-3.84852,-0.53287,0.0
-3.84852,-0.47366,0.0
-3.84852,-0.41446,0.0
-3.84852,-0.35525,0.0
-3.84852,-0.29604,0.0
-3.84852,-0.23683,0.0
-3.84852,-0.17762,0.0
-3.84852,-0.11842,0.0
-3.84852,-0.05921,0.0
-3.84852,0,0.0
-3.84852,0.05921,0.0
-3.84852,0.11842,0.0
-3.84852,0.17762,0.0
-3.84852,0.23683,0.0
-3.84852,0.29604,0.0
-3.84852,0.35525,0.0
-3.84852,0.41446,0.0
-3.84852,0.47366,0.0
-3.84852,0.53287,0.0
-3.84852,0.59208,0.0
-3.84852,0.65129,0.0
-3.84852,0.7105,0.0
-3.84852,0.7697,0.0
-3.84852,0.82891,0.0
-3.84852,0.88812,0.0
-3.84852,0.94733,0.0
-3.84852,1.00654,0.0
-3.84852,1.06575,0.0
-3.84852,1.12495,0.0
-3.84852,1.18416,0.0
-3.84852,1.24337,0.0
-3.84852,1.30258,0.0
-3.84852,1.36179,0.0
-3.84852,1.42099,0.0
-3.84852,1.4802,0.0
-3.84852,1.53941,0.0
-3.84852,1.59862,0.0
-3.84852,1.65783,0.0
-3.84852,1.71703,0.0
-3.84852,1.77624,0.0
-3.84852,1.83545,0.0
-3.84852,1.89466,0.0
-3.84852,1.95387,0.0
-3.84852,2.01307,0.0
-3.84852,2.07228,0.0
-3.84852,2.13149,0.0
-3.84852,2.1907,0.0
-3.84852,2.24991,0.0
-3.84852,2.30911,0.0
-3.84852,2.36832,0.0
-3.84852,2.42753,0.0
-3.84852,2.48674,0.0
-3.84852,2.54595,0.0
-3.84852,2.60515,0.0
-3.84852,2.66436,0.0
-3.84852,2.72357,0.0
-3.84852,2.78278,0.0
-3.84852,2.84199,0.0
-3.84852,2.9012,0.0
-3.84852,2.9604,0.0
-3.84852,3.01961,0.0
-3.84852,3.07882,0.0
-3.84852,3.13803,0.0
-3.84852,3.19724,0.0
-3.84852,3.25644,0.0
-3.84852,3.31565,0.0
-3.84852,3.37486,0.0
-3.84852,3.43407,0.0
-3.84852,3.49328,0.0
-3.84852,3.55248,0.0
-3.84852,3.61169,0.0
-3.84852,3.6709,0.0
-3.84852,3.73011,0.0
-3.84852,3.78932,0.0
-3.84852,3.84852,0.0
-3.84852,3.90773,0.0
-3.84852,3.96694,0.0
-3.84852,4.02615,0.0
-3.84852,4.08536,0.0
-3.84852,4.14456,0.0
-3.84852,4.20377,0.0
-3.84852,4.26298,0.0
-3.84852,4.32219,0.0
-3.78932,-4.3814,0.0
-3.78932,-4.32219,0.0
-3.78932,-4.26298,0.0
-3.78932,-4.20377,0.0
-3.78932,-4.14456,0.0
-3.78932,-4.08536,0.0
-3.78932,-4.02615,0.0
-3.78932,-3.96694,0.0
-3.78932,-3.90773,0.0
-3.78932,-3.84852,0.0
-3.78932,-3.78932,0.0
-3.78932,-3.73011,0.0
-3.78932,-3.6709,0.0
-3.78932,-3.61169,0.0
-3.78932,-3.55248,0.0
-3.78932,-3.49328,0.0
-3.78932,-3.43407,0.0
-3.78932,-3.37486,0.0
-3.78932,-3.31565,0.0
-3.78932,-3.25644,0.0
-3.78932,-3.19724,0.0
-3.78932,-3.13803,0.0
-3.78932,-3.07882,0.0
-3.78932,-3.01961,0.0
-3.78932,-2.9604,0.0
-3.78932,-2.9012,0.0
-3.78932,-2.84199,0.0
-3.78932,-2.78278,0.0
-3.78932,-2.72357,0.0
-3.78932,-2.66436,0.0
-3.78932,-2.60515,0.0
-3.78932,-2.54595,0.0
-3.78932,-2.48674,0.0
-3.78932,-2.42753,0.0
-3.78932,-2.36832,0.0
-3.78932,-2.30911,0.0
-3.78932,-2.24991,0.0
-3.78932,-2.1907,0.0
-3.78932,-2.13149,0.0
-3.78932,-2.07228,0.0
-3.78932,-2.01307,0.0
-3.78932,-1.95387,0.0
-3.78932,-1.89466,0.0
-3.78932,-1.83545,0.0
-3.78932,-1.77624,0.0
-3.78932,-1.71703,0.0
-3.78932,-1.65783,0.0
-3.78932,-1.59862,0.0
-3.78932,-1.53941,0.0
-3.78932,-1.4802,0.0
-3.78932,-1.42099,0.0
-3.78932,-1.36179,0.0
-3.78932,-1.30258,0.0
-3.78932,-1.24337,0.0
-3.78932,-1.18416,0.0
-3.78932,-1.12495,0.0
-3.78932,-1.06575,0.0
-3.78932,-1.00654,0.0
-3.78932,-0.94733,0.0
-3.78932,-0.88812,0.0
-3.78932,-0.82891,0.0
-3.78932,-0.7697,0.0
-3.78932,-0.7105,0.0
-3.78932,-0.65129,0.0
-3.78932,-0.59208,0.0
-3.78932,-0.53287,0.0
-3.78932,-0.47366,0.0
-3.78932,-0.41446,0.0
-3.78932,-0.35525,0.0
-3.78932,-0.29604,0.0
-3.78932,-0.23683,0.0
-3.78932,-0.17762,0.0
-3.78932,-0.11842,0.0
-3.78932,-0.05921,0.0
-3.78932,0,0.0
-3.78932,0.05921,0.0
-3.78932,0.11842,0.0
-3.78932,0.17762,0.0
-3.78932,0.23683,0.0
-3.78932,0.29604,0.0
-3.78932,0.35525,0.0
-3.78932,0.41446,0.0
-3.78932,0.47366,0.0
-3.78932,0.53287,0.0
-3.78932,0.59208,0.0
-3.78932,0.65129,0.0
-3.78932,0.7105,0.0
-3.78932,0.7697,0.0
-3.78932,0.82891,0.0
-3.78932,0.88812,0.0
-3.78932,0.94733,0.0
-3.78932,1.00654,0.0
-3.78932,1.06575,0.0
-3.78932,1.12495,0.0
-3.78932,1.18416,0.0
-3.78932,1.24337,0.0
-3.78932,1.30258,0.0
-3.78932,1.36179,0.0
-3.78932,1.42099,0.0
-3.78932,1.4802,0.0
-3.78932,1.53941,0.0
-3.78932,1.59862,0.0
-3.78932,1.65783,0.0
-3.78932,1.71703,0.0
-3.78932,1.77624,0.0
-3.78932,1.83545,0.0
-3.78932,1.89466,0.0
-3.78932,1.95387,0.0
-3.78932,2.01307,0.0
-3.78932,2.07228,0.0
-3.78932,2.13149,0.0
-3.78932,2.1907,0.0
-3.78932,2.24991,0.0
-3.78932,2.30911,0.0
-3.78932,2.36832,0.0
-3.78932,2.42753,0.0
-3.78932,2.48674,0.0
-3.78932,2.54595,0.0
-3.78932,2.60515,0.0
-3.78932,2.66436,0.0
-3.78932,2.72357,0.0
-3.78932,2.78278,0.0
-3.78932,2.84199,0.0
-3.78932,2.9012,0.0
-3.78932,2.9604,0.0
-3.78932,3.01961,0.0
-3.78932,3.07882,0.0
-3.78932,3.13803,0.0
-3.78932,3.19724,0.0
-3.78932,3.25644,0.0
-3.78932,3.31565,0.0
-3.78932,3.37486,0.0
-3.78932,3.43407,0.0
-3.78932,3.49328,0.0
-3.78932,3.55248,0.0
-3.78932,3.61169,0.0
-3.78932,3.6709,0.0
-3.78932,3.73011,0.0
-3.78932,3.78932,0.0
-3.78932,3.84852,0.0
-3.78932,3.90773,0.0
-3.78932,3.96694,0.0
-3.78932,4.02615,0.0
-3.78932,4.08536,0.0
-3.78932,4.14456,0.0
-3.78932,4.20377,0.0
-3.78932,4.26298,0.0
-3.78932,4.32219,0.0
-3.78932,4.3814,0.0
-3.73011,-4.4406,0.0
-3.73011,-4.3814,0.0
-3.73011,-4.32219,0.0
-3.73011,-4.26298,0.0
-3.73011,-4.20377,0.0
-3.73011,-4.14456,0.0
-3.73011,-4.08536,0.0
-3.73011,-4.02615,0.0
-3.73011,-3.96694,0.0
-3.73011,-3.90773,0.0
-3.73011,-3.84852,0.0
-3.73011,-3.78932,0.0
-3.73011,-3.73011,0.0
-3.73011,-3.6709,0.0
-3.73011,-3.61169,0.0
-3.73011,-3.55248,0.0
-3.73011,-3.49328,0.0
-3.73011,-3.43407,0.0
-3.73011,-3.37486,0.0
-3.73011,-3.31565,0.0
-3.73011,-3.25644,0.0
-3.73011,-3.19724,0.0
-3.73011,-3.13803,0.0
-3.73011,-3.07882,0.0
-3.73011,-3.01961,0.0
-3.73011,-2.9604,0.0
-3.73011,-2.9012,0.0
-3.73011,-2.84199,0.0
-3.73011,-2.78278,0.0
-3.73011,-2.72357,0.0
-3.73011,-2.66436,0.0
-3.73011,-2.60515,0.0
-3.73011,-2.54595,0.0
-3.73011,-2.48674,0.0
-3.73011,-2.42753,0.0
-3.73011,-2.36832,0.0
-3.73011,-2.30911,0.0
-3.73011,-2.24991,0.0
-3.73011,-2.1907,0.0
-3.73011,-2.13149,0.0
-3.73011,-2.07228,0.0
-3.73011,-2.01307,0.0
-3.73011,-1.95387,0.0
-3.73011,-1.89466,0.0
-3.73011,-1.83545,0.0
-3.73011,-1.77624,0.0
-3.73011,-1.71703,0.0
-3.73011,-1.65783,0.0
-3.73011,-1.59862,0.0
-3.73011,-1.53941,0.0
-3.73011,-1.4802,0.0
-3.73011,-1.42099,0.0
-3.73011,-1.36179,0.0
-3.73011,-1.30258,0.0
-3.73011,-1.24337,0.0
-3.73011,-1.18416,0.0
-3.73011,-1.12495,0.0
-3.73011,-1.06575,0.0
-3.73011,-1.00654,0.0
-3.73011,-0.94733,0.0
-3.73011,-0.88812,0.0
-3.73011,-0.82891,0.0
-3.73011,-0.7697,0.0
-3.73011,-0.7105,0.0
-3.73011,-0.65129,0.0
-3.73011,-0.59208,0.0
-3.73011,-0.53287,0.0
-3.73011,-0.47366,0.0
-3.73011,-0.41446,0.0
-3.73011,-0.35525,0.0
-3.73011,-0.29604,0.0
-3.73011,-0.23683,0.0
-3.73011,-0.17762,0.0
-3.73011,-0.11842,0.0
-3.73011,-0.05921,0.0
-3.73011,0,0.0
-3.73011,0.05921,0.0
-3.73011,0.11842,0.0
-3.73011,0.17762,0.0
-3.73011,0.23683,0.0
-3.73011,0.29604,0.0
-3.73011,0.35525,0.0
-3.73011,0.41446,0.0
-3.73011,0.47366,0.0
-3.73011,0.53287,0.0
-3.73011,0.59208,0.0
-3.73011,0.65129,0.0
-3.73011,0.7105,0.0
-3.73011,0.7697,0.0
-3.73011,0.82891,0.0
-3.73011,0.88812,0.0
-3.73011,0.94733,0.0
-3.73011,1.00654,0.0
-3.73011,1.06575,0.0
-3.73011,1.12495,0.0
-3.73011,1.18416,0.0
-3.73011,1.24337,0.0
-3.73011,1.30258,0.0
-3.73011,1.36179,0.0
-3.73011,1.42099,0.0
-3.73011,1.4802,0.0
-3.73011,1.53941,0.0
-3.73011,1.59862,0.0
-3.73011,1.65783,0.0
-3.73011,1.71703,0.0
-3.73011,1.77624,0.0
-3.73011,1.83545,0.0
-3.73011,1.89466,0.0
-3.73011,1.95387,0.0
-3.73011,2.01307,0.0
-3.73011,2.07228,0.0
-3.73011,2.13149,0.0
-3.73011,2.1907,0.0
-3.73011,2.24991,0.0
-3.73011,2.30911,0.0
-3.73011,2.36832,0.0
-3.73011,2.42753,0.0
-3.73011,2.48674,0.0
-3.73011,2.54595,0.0
-3.73011,2.60515,0.0
-3.73011,2.66436,0.0
-3.73011,2.72357,0.0
-3.73011,2.78278,0.0
-3.73011,2.84199,0.0
-3.73011,2.9012,0.0
-3.73011,2.9604,0.0
-3.73011,3.01961,0.0
-3.73011,3.07882,0.0
-3.73011,3.13803,0.0
-3.73011,3.19724,0.0
-3.73011,3.25644,0.0
-3.73011,3.31565,0.0
-3.73011,3.37486,0.0
-3.73011,3.43407,0.0
-3.73011,3.49328,0.0
-3.73011,3.55248,0.0
-3.73011,3.61169,0.0
-3.73011,3.6709,0.0
-3.73011,3.73011,0.0
-3.73011,3.78932,0.0
-3.73011,3.84852,0.0
-3.73011,3.90773,0.0
-3.73011,3.96694,0.0
-3.73011,4.02615,0.0
-3.73011,4.08536,0.0
-3.73011,4.14456,0.0
-3.73011,4.20377,0.0
-3.73011,4.26298,0.0
-3.73011,4.32219,0.0
-3.73011,4.3814,0.0
-3.73011,4.4406,0.0
-3.6709,-4.4406,0.0
-3.6709,-4.3814,0.0
-3.6709,-4.32219,0.0
-3.6709,-4.26298,0.0
-3.6709,-4.20377,0.0
-3.6709,-4.14456,0.0
-3.6709,-4.08536,0.0
-3.6709,-4.02615,0.0
-3.6709,-3.96694,0.0
-3.6709,-3.90773,0.0
-3.6709,-3.84852,0.0
-3.6709,-3.78932,0.0
-3.6709,-3.73011,0.0
-3.6709,-3.6709,0.0
-3.6709,-3.61169,0.0
-3.6709,-3.55248,0.0
-3.6709,-3.49328,0.0
-3.6709,-3.43407,0.0
-3.6709,-3.37486,0.0
-3.6709,-3.31565,0.0
-3.6709,-3.25644,0.0
-3.6709,-3.19724,0.0
-3.6709,-3.13803,0.0
-3.6709,-3.07882,0.0
-3.6709,-3.01961,0.0
-3.6709,-2.9604,0.0
-3.6709,-2.9012,0.0
-3.6709,-2.84199,0.0
-3.6709,-2.78278,0.0
-3.6709,-2.72357,0.0
-3.6709,-2.66436,0.0
-3.6709,-2.60515,0.0
-3.6709,-2.54595,0.0
-3.6709,-2.48674,0.0
-3.6709,-2.42753,0.0
-3.6709,-2.36832,0.0
-3.6709,-2.30911,0.0
-3.6709,-2.24991,0.0
-3.6709,-2.1907,0.0
-3.6709,-2.13149,0.0
-3.6709,-2.07228,0.0
-3.6709,-2.01307,0.0
-3.6709,-1.95387,0.0
-3.6709,-1.89466,0.0
-3.6709,-1.83545,0.0
-3.6709,-1.77624,0.0
-3.6709,-1.71703,0.0
-3.6709,-1.65783,0.0
-3.6709,-1.59862,0.0
-3.6709,-1.53941,0.0
-3.6709,-1.4802,0.0
-3.6709,-1.42099,0.0
-3.6709,-1.36179,0.0
-3.6709,-1.30258,0.0
-3.6709,-1.24337,0.0
-3.6709,-1.18416,0.0
-3.6709,-1.12495,0.0
-3.6709,-1.06575,0.0
-3.6709,-1.00654,0.0
-3.6709,-0.94733,0.0
-3.6709,-0.88812,0.0
-3.6709,-0.82891,0.0
-3.6709,-0.7697,0.0
-3.6709,-0.7105,0.0
-3.6709,-0.65129,0.0
-3.6709,-0.59208,0.0
-3.6709,-0.53287,0.0
-3.6709,-0.47366,0.0
-3.6709,-0.41446,0.0
-3.6709,-0.35525,0.0
-3.6709,-0.29604,0.0
-3.6709,-0.23683,0.0
-3.6709,-0.17762,0.0
-3.6709,-0.11842,0.0
-3.6709,-0.05921,0.0
-3.6709,0,0.0
-3.6709,0.05921,0.0
-3.6709,0.11842,0.0
-3.6709,0.17762,0.0
-3.6709,0.23683,0.0
-3.6709,0.29604,0.0
-3.6709,0.35525,0.0
-3.6709,0.41446,0.0
-3.6709,0.47366,0.0
-3.6709,0.53287,0.0
-3.6709,0.59208,0.0
-3.6709,0.65129,0.0
-3.6709,0.7105,0.0
-3.6709,0.7697,0.0
-3.6709,0.82891,0.0
-3.6709,0.88812,0.0
-3.6709,0.94733,0.0
-3.6709,1.00654,0.0
-3.6709,1.06575,0.0
-3.6709,1.12495,0.0
-3.6709,1.18416,0.0
-3.6709,1.24337,0.0
-3.6709,1.30258,0.0
-3.6709,1.36179,0.0
-3.6709,1.42099,0.0
-3.6709,1.4802,0.0
-3.6709,1.53941,0.0
-3.6709,1.59862,0.0
-3.6709,1.65783,0.0
-3.6709,1.71703,0.0
-3.6709,1.77624,0.0
-3.6709,1.83545,0.0
-3.6709,1.89466,0.0
-3.6709,1.95387,0.0
-3.6709,2.01307,0.0
-3.6709,2.07228,0.0
-3.6709,2.13149,0.0
-3.6709,2.1907,0.0
-3.6709,2.24991,0.0
-3.6709,2.30911,0.0
-3.6709,2.36832,0.0
-3.6709,2.42753,0.0
-3.6709,2.48674,0.0
-3.6709,2.54595,0.0
-3.6709,2.60515,0.0
-3.6709,2.66436,0.0
-3.6709,2.72357,0.0
-3.6709,2.78278,0.0
-3.6709,2.84199,0.0
-3.6709,2.9012,0.0
-3.6709,2.9604,0.0
-3.6709,3.01961,0.0
-3.6709,3.07882,0.0
-3.6709,3.13803,0.0
-3.6709,3.19724,0.0
-3.6709,3.25644,0.0
-3.6709,3.31565,0.0
-3.6709,3.37486,0.0
-3.6709,3.43407,0.0
-3.6709,3.49328,0.0
-3.6709,3.55248,0.0
-3.6709,3.61169,0.0
-3.6709,3.6709,0.0
-3.6709,3.73011,0.0
-3.6709,3.78932,0.0
-3.6709,3.84852,0.0
-3.6709,3.90773,0.0
-3.6709,3.96694,0.0
-3.6709,4.02615,0.0
-3.6709,4.08536,0.0
-3.6709,4.14456,0.0
-3.6709,4.20377,0.0
-3.6709,4.26298,0.0
-3.6709,4.32219,0.0
-3.6709,4.3814,0.0
-3.6709,4.4406,0.0
-3.61169,-4.49981,0.0
-3.61169,-4.4406,0.0
-3.61169,-4.3814,0.0
-3.61169,-4.32219,0.0
-3.61169,-4.26298,0.0
-3.61169,-4.20377,0.0
-3.61169,-4.14456,0.0
-3.61169,-4.08536,0.0
-3.61169,-4.02615,0.0
-3.61169,-3.96694,0.0
-3.61169,-3.90773,0.0
-3.61169,-3.84852,0.0
-3.61169,-3.78932,0.0
-3.61169,-3.73011,0.0
-3.61169,-3.6709,0.0
-3.61169,-3.61169,0.0
-3.61169,-3.55248,0.0
-3.61169,-3.49328,0.0
-3.61169,-3.43407,0.0
-3.61169,-3.37486,0.0
-3.61169,-3.31565,0.0
-3.61169,-3.25644,0.0
-3.61169,-3.19724,0.0
-3.61169,-3.13803,0.0
-3.61169,-3.07882,0.0
-3.61169,-3.01961,0.0
-3.61169,-2.9604,0.0
-3.61169,-2.9012,0.0
-3.61169,-2.84199,0.0
-3.61169,-2.78278,0.0
-3.61169,-2.72357,0.0
-3.61169,-2.66436,0.0
-3.61169,-2.60515,0.0
-3.61169,-2.54595,0.0
-3.61169,-2.48674,0.0
-3.61169,-2.42753,0.0
-3.61169,-2.36832,0.0
-3.61169,-2.30911,0.0
-3.61169,-2.24991,0.0
-3.61169,-2.1907,0.0
-3.61169,-2.13149,0.0
-3.61169,-2.07228,0.0
-3.61169,-2.01307,0.0
-3.61169,-1.95387,0.0
-3.61169,-1.89466,0.0
-3.61169,-1.83545,0.0
-3.61169,-1.77624,0.0
-3.61169,-1.71703,0.0
-3.61169,-1.65783,0.0
-3.61169,-1.59862,0.0
-3.61169,-1.53941,0.0
-3.61169,-1.4802,0.0
-3.61169,-1.42099,0.0
-3.61169,-1.36179,0.0
-3.61169,-1.30258,0.0
-3.61169,-1.24337,0.0
-3.61169,-1.18416,0.0
-3.61169,-1.12495,0.0
-3.61169,-1.06575,0.0
-3.61169,-1.00654,0.0
-3.61169,-0.94733,0.0
-3.61169,-0.88812,0.0
-3.61169,-0.82891,0.0
-3.61169,-0.7697,0.0
-3.61169,-0.7105,0.0
-3.61169,-0.65129,0.0
-3.61169,-0.59208,0.0
-3.61169,-0.53287,0.0
-3.61169,-0.47366,0.0
-3.61169,-0.41446,0.0
-3.61169,-0.35525,0.0
-3.61169,-0.29604,0.0
-3.61169,-0.23683,0.0
-3.61169,-0.17762,0.0
-3.61169,-0.11842,0.0
-3.61169,-0.05921,0.0
-3.61169,0,0.0
-3.61169,0.05921,0.0
-3.61169,0.11842,0.0
-3.61169,0.17762,0.0
-3.61169,0.23683,0.0
-3.61169,0.29604,0.0
-3.61169,0.35525,0.0
-3.61169,0.41446,0.0
-3.61169,0.47366,0.0
-3.61169,0.53287,0.0
-3.61169,0.59208,0.0
-3.61169,0.65129,0.0
-3.61169,0.7105,0.0
-3.61169,0.7697,0.0
-3.61169,0.82891,0.0
-3.61169,0.88812,0.0
-3.61169,0.94733,0.0
-3.61169,1.00654,0.0
-3.61169,1.06575,0.0
-3.61169,1.12495,0.0
-3.61169,1.18416,0.0
-3.61169,1.24337,0.0
-3.61169,1.30258,0.0
-3.61169,1.36179,0.0
-3.61169,1.42099,0.0
-3.61169,1.4802,0.0
-3.61169,1.53941,0.0
-3.61169,1.59862,0.0
-3.61169,1.65783,0.0
-3.61169,1.71703,0.0
-3.61169,1.77624,0.0
-3.61169,1.83545,0.0
-3.61169,1.89466,0.0
-3.61169,1.95387,0.0
-3.61169,2.01307,0.0
-3.61169,2.07228,0.0
-3.61169,2.13149,0.0
-3.61169,2.1907,0.0
-3.61169,2.24991,0.0
-3.61169,2.30911,0.0
-3.61169,2.36832,0.0
-3.61169,2.42753,0.0
-3.61169,2.48674,0.0
-3.61169,2.54595,0.0
-3.61169,2.60515,0.0
-3.61169,2.66436,0.0
-3.61169,2.72357,0.0
-3.61169,2.78278,0.0
-3.61169,2.84199,0.0
-3.61169,2.9012,0.0
-3.61169,2.9604,0.0
-3.61169,3.01961,0.0
-3.61169,3.07882,0.0
-3.61169,3.13803,0.0
-3.61169,3.19724,0.0
-3.61169,3.25644,0.0
-3.61169,3.31565,0.0
-3.61169,3.37486,0.0
-3.61169,3.43407,0.0
-3.61169,3.49328,0.0
-3.61169,3.55248,0.0
-3.61169,3.61169,0.0
-3.61169,3.6709,0.0
-3.61169,3.73011,0.0
-3.61169,3.78932,0.0
-3.61169,3.84852,0.0
-3.61169,3.90773,0.0
-3.61169,3.96694,0.0
-3.61169,4.02615,0.0
-3.61169,4.08536,0.0
-3.61169,4.14456,0.0
-3.61169,4.20377,0.0
-3.61169,4.26298,0.0
-3.61169,4.32219,0.0
-3.61169,4.3814,0.0
-3.61169,4.4406,0.0
-3.61169,4.49981,0.0
-3.55248,-4.55902,0.0
-3.55248,-4.49981,0.0
-3.55248,-4.4406,0.0
-3.55248,-4.3814,0.0
-3.55248,-4.32219,0.0
-3.55248,-4.26298,0.0
-3.55248,-4.20377,0.0
-3.55248,-4.14456,0.0
-3.55248,-4.08536,0.0
-3.55248,-4.02615,0.0
-3.55248,-3.96694,0.0
-3.55248,-3.90773,0.0
-3.55248,-3.84852,0.0
-3.55248,-3.78932,0.0
-3.55248,-3.73011,0.0
-3.55248,-3.6709,0.0
-3.55248,-3.61169,0.0
-3.55248,-3.55248,0.0
-3.55248,-3.49328,0.0
-3.55248,-3.43407,0.0
-3.55248,-3.37486,0.0
-3.55248,-3.31565,0.0
-3.55248,-3.25644,0.0
-3.55248,-3.19724,0.0
-3.55248,-3.13803,0.0
-3.55248,-3.07882,0.0
-3.55248,-3.01961,0.0
-3.55248,-2.9604,0.0
-3.55248,-2.9012,0.0
-3.55248,-2.84199,0.0
-3.55248,-2.78278,0.0
-3.55248,-2.72357,0.0
-3.55248,-2.66436,0.0
-3.55248,-2.60515,0.0
-3.55248,-2.54595,0.0
-3.55248,-2.48674,0.0
-3.55248,-2.42753,0.0
-3.55248,-2.36832,0.0
-3.55248,-2.30911,0.0
-3.55248,-2.24991,0.0
-3.55248,-2.1907,0.0
-3.55248,-2.13149,0.0
-3.55248,-2.07228,0.0
-3.55248,-2.01307,0.0
-3.55248,-1.95387,0.0
-3.55248,-1.89466,0.0
-3.55248,-1.83545,0.0
-3.55248,-1.77624,0.0
-3.55248,-1.71703,0.0
-3.55248,-1.65783,0.0
-3.55248,-1.59862,0.0
-3.55248,-1.53941,0.0
-3.55248,-1.4802,0.0
-3.55248,-1.42099,0.0
-3.55248,-1.36179,0.0
-3.55248,-1.30258,0.0
-3.55248,-1.24337,0.0
-3.55248,-1.18416,0.0
-3.55248,-1.12495,0.0
-3.55248,-1.06575,0.0
-3.55248,-1.00654,0.0
-3.55248,-0.94733,0.0
-3.55248,-0.88812,0.0
-3.55248,-0.82891,0.0
-3.55248,-0.7697,0.0
-3.55248,-0.7105,0.0
-3.55248,-0.65129,0.0
-3.55248,-0.59208,0.0
-3.55248,-0.53287,0.0
-3.55248,-0.47366,0.0
-3.55248,-0.41446,0.0
-3.55248,-0.35525,0.0
-3.55248,-0.29604,0.0
-3.55248,-0.23683,0.0
-3.55248,-0.17762,0.0
-3.55248,-0.11842,0.0
-3.55248,-0.05921,0.0
-3.55248,0,0.0
-3.55248,0.05921,0.0
-3.55248,0.11842,0.0
-3.55248,0.17762,0.0
-3.55248,0.23683,0.0
-3.55248,0.29604,0.0
-3.55248,0.35525,0.0
-3.55248,0.41446,0.0
-3.55248,0.47366,0.0
-3.55248,0.53287,0.0
-3.55248,0.59208,0.0
-3.55248,0.65129,0.0
-3.55248,0.7105,0.0
-3.55248,0.7697,0.0
-3.55248,0.82891,0.0
-3.55248,0.88812,0.0
-3.55248,0.94733,0.0
-3.55248,1.00654,0.0
-3.55248,1.06575,0.0
-3.55248,1.12495,0.0
-3.55248,1.18416,0.0
-3.55248,1.24337,0.0
-3.55248,1.30258,0.0
-3.55248,1.36179,0.0
-3.55248,1.42099,0.0
-3.55248,1.4802,0.0
-3.55248,1.53941,0.0
-3.55248,1.59862,0.0
-3.55248,1.65783,0.0
-3.55248,1.71703,0.0
-3.55248,1.77624,0.0
-3.55248,1.83545,0.0
-3.55248,1.89466,0.0
-3.55248,1.95387,0.0
-3.55248,2.01307,0.0
-3.55248,2.07228,0.0
-3.55248,2.13149,0.0
-3.55248,2.1907,0.0
-3.55248,2.24991,0.0
-3.55248,2.30911,0.0
-3.55248,2.36832,0.0
-3.55248,2.42753,0.0
-3.55248,2.48674,0.0
-3.55248,2.54595,0.0
-3.55248,2.60515,0.0
-3.55248,2.66436,0.0
-3.55248,2.72357,0.0
-3.55248,2.78278,0.0
-3.55248,2.84199,0.0
-3.55248,2.9012,0.0
-3.55248,2.9604,0.0
-3.55248,3.01961,0.0
-3.55248,3.07882,0.0
-3.55248,3.13803,0.0
-3.55248,3.19724,0.0
-3.55248,3.25644,0.0
-3.55248,3.31565,0.0
-3.55248,3.37486,0.0
-3.55248,3.43407,0.0
-3.55248,3.49328,0.0
-3.55248,3.55248,0.0
-3.55248,3.61169,0.0
-3.55248,3.6709,0.0
-3.55248,3.73011,0.0
-3.55248,3.78932,0.0
-3.55248,3.84852,0.0
-3.55248,3.90773,0.0
-3.55248,3.96694,0.0
-3.55248,4.02615,0.0
-3.55248,4.08536,0.0
-3.55248,4.14456,0.0
-3.55248,4.20377,0.0
-3.55248,4.26298,0.0
-3.55248,4.32219,0.0
-3.55248,4.3814,0.0
-3.55248,4.4406,0.0
-3.55248,4.49981,0.0
-3.55248,4.55902,0.0
-3.49328,-4.61823,0.0
-3.49328,-4.55902,0.0
-3.49328,-4.49981,0.0
-3.49328,-4.4406,0.0
-3.49328,-4.3814,0.0
-3.49328,-4.32219,0.0
-3.49328,-4.26298,0.0
-3.49328,-4.20377,0.0
-3.49328,-4.14456,0.0
-3.49328,-4.08536,0.0
-3.49328,-4.02615,0.0
-3.49328,-3.96694,0.0
-3.49328,-3.90773,0.0
-3.49328,-3.84852,0.0
-3.49328,-3.78932,0.0
-3.49328,-3.73011,0.0
-3.49328,-3.6709,0.0
-3.49328,-3.61169,0.0
-3.49328,-3.55248,0.0
-3.49328,-3.49328,0.0
-3.49328,-3.43407,0.0
-3.49328,-3.37486,0.0
-3.49328,-3.31565,0.0
-3.49328,-3.25644,0.0
-3.49328,-3.19724,0.0
-3.49328,-3.13803,0.0
-3.49328,-3.07882,0.0
-3.49328,-3.01961,0.0
-3.49328,-2.9604,0.0
-3.49328,-2.9012,0.0
-3.49328,-2.84199,0.0
-3.49328,-2.78278,0.0
-3.49328,-2.72357,0.0
-3.49328,-2.66436,0.0
-3.49328,-2.60515,0.0
-3.49328,-2.54595,0.0
-3.49328,-2.48674,0.0
-3.49328,-2.42753,0.0
-3.49328,-2.36832,0.0
-3.49328,-2.30911,0.0
-3.49328,-2.24991,0.0
-3.49328,-2.1907,0.0
-3.49328,-2.13149,0.0
-3.49328,-2.07228,0.0
-3.49328,-2.01307,0.0
-3.49328,-1.95387,0.0
-3.49328,-1.89466,0.0
-3.49328,-1.83545,0.0
-3.49328,-1.77624,0.0
-3.49328,-1.71703,0.0
-3.49328,-1.65783,0.0
-3.49328,-1.59862,0.0
-3.49328,-1.53941,0.0
-3.49328,-1.4802,0.0
-3.49328,-1.42099,0.0
-3.49328,-1.36179,0.0
-3.49328,-1.30258,0.0
-3.49328,-1.24337,0.0
-3.49328,-1.18416,0.0
-3.49328,-1.12495,0.0
-3.49328,-1.06575,0.0
-3.49328,-1.00654,0.0
-3.49328,-0.94733,0.0
-3.49328,-0.88812,0.0
-3.49328,-0.82891,0.0
-3.49328,-0.7697,0.0
-3.49328,-0.7105,0.0
-3.49328,-0.65129,0.0
-3.49328,-0.59208,0.0
-3.49328,-0.53287,0.0
-3.49328,-0.47366,0.0
-3.49328,-0.41446,0.0
-3.49328,-0.35525,0.0
-3.49328,-0.29604,0.0
-3.49328,-0.23683,0.0
-3.49328,-0.17762,0.0
-3.49328,-0.11842,0.0
-3.49328,-0.05921,0.0
-3.49328,0,0.0
-3.49328,0.05921,0.0
-3.49328,0.11842,0.0
-3.49328,0.17762,0.0
-3.49328,0.23683,0.0
-3.49328,0.29604,0.0
-3.49328,0.35525,0.0
-3.49328,0.41446,0.0
-3.49328,0.47366,0.0
-3.49328,0.53287,0.0
-3.49328,0.59208,0.0
-3.49328,0.65129,0.0
-3.49328,0.7105,0.0
-3.49328,0.7697,0.0
-3.49328,0.82891,0.0
-3.49328,0.88812,0.0
-3.49328,0.94733,0.0
-3.49328,1.00654,0.0
-3.49328,1.06575,0.0
-3.49328,1.12495,0.0
-3.49328,1.18416,0.0
-3.49328,1.24337,0.0
-3.49328,1.30258,0.0
-3.49328,1.36179,0.0
-3.49328,1.42099,0.0
-3.49328,1.4802,0.0
-3.49328,1.53941,0.0
-3.49328,1.59862,0.0
-3.49328,1.65783,0.0
-3.49328,1.71703,0.0
-3.49328,1.77624,0.0
-3.49328,1.83545,0.0
-3.49328,1.89466,0.0
-3.49328,1.95387,0.0
-3.49328,2.01307,0.0
-3.49328,2.07228,0.0
-3.49328,2.13149,0.0
-3.49328,2.1907,0.0
-3.49328,2.24991,0.0
-3.49328,2.30911,0.0
-3.49328,2.36832,0.0
-3.49328,2.42753,0.0
-3.49328,2.48674,0.0
-3.49328,2.54595,0.0
-3.49328,2.60515,0.0
-3.49328,2.66436,0.0
-3.49328,2.72357,0.0
-3.49328,2.78278,0.0
-3.49328,2.84199,0.0
-3.49328,2.9012,0.0
-3.49328,2.9604,0.0
-3.49328,3.01961,0.0
-3.49328,3.07882,0.0
-3.49328,3.13803,0.0
-3.49328,3.19724,0.0
-3.49328,3.25644,0.0
-3.49328,3.31565,0.0
-3.49328,3.37486,0.0
-3.49328,3.43407,0.0
-3.49328,3.49328,0.0
-3.49328,3.55248,0.0
-3.49328,3.61169,0.0
-3.49328,3.6709,0.0
-3.49328,3.73011,0.0
-3.49328,3.78932,0.0
-3.49328,3.84852,0.0
-3.49328,3.90773,0.0
-3.49328,3.96694,0.0
-3.49328,4.02615,0.0
-3.49328,4.08536,0.0
-3.49328,4.14456,0.0
-3.49328,4.20377,0.0
-3.49328,4.26298,0.0
-3.49328,4.32219,0.0
-3.49328,4.3814,0.0
-3.49328,4.4406,0.0
-3.49328,4.49981,0.0
-3.49328,4.55902,0.0
-3.49328,4.61823,0.0
-3.43407,-4.61823,0.0
-3.43407,-4.55902,0.0
-3.43407,-4.49981,0.0
-3.43407,-4.4406,0.0
-3.43407,-4.3814,0.0
-3.43407,-4.32219,0.0
-3.43407,-4.26298,0.0
-3.43407,-4.20377,0.0
-3.43407,-4.14456,0.0
-3.43407,-4.08536,0.0
-3.43407,-4.02615,0.0
-3.43407,-3.96694,0.0
-3.43407,-3.90773,0.0
-3.43407,-3.84852,0.0
-3.43407,-3.78932,0.0
-3.43407,-3.73011,0.0
-3.43407,-3.6709,0.0
-3.43407,-3.61169,0.0
-3.43407,-3.55248,0.0
-3.43407,-3.49328,0.0
-3.43407,-3.43407,0.0
-3.43407,-3.37486,0.0
-3.43407,-3.31565,0.0
-3.43407,-3.25644,0.0
-3.43407,-3.19724,0.0
-3.43407,-3.13803,0.0
-3.43407,-3.07882,0.0
-3.43407,-3.01961,0.0
-3.43407,-2.9604,0.0
-3.43407,-2.9012,0.0
-3.43407,-2.84199,0.0
-3.43407,-2.78278,0.0
-3.43407,-2.72357,0.0
-3.43407,-2.66436,0.0
-3.43407,-2.60515,0.0
-3.43407,-2.54595,0.0
-3.43407,-2.48674,0.0
-3.43407,-2.42753,0.0
-3.43407,-2.36832,0.0
-3.43407,-2.30911,0.0
-3.43407,-2.24991,0.0
-3.43407,-2.1907,0.0
-3.43407,-2.13149,0.0
-3.43407,-2.07228,0.0
-3.43407,-2.01307,0.0
-3.43407,-1.95387,0.0
-3.43407,-1.89466,0.0
-3.43407,-1.83545,0.0
-3.43407,-1.77624,0.0
-3.43407,-1.71703,0.0
-3.43407,-1.65783,0.0
-3.43407,-1.59862,0.0
-3.43407,-1.53941,0.0
-3.43407,-1.4802,0.0
-3.43407,-1.42099,0.0
-3.43407,-1.36179,0.0
-3.43407,-1.30258,0.0
-3.43407,-1.24337,0.0
-3.43407,-1.18416,0.0
-3.43407,-1.12495,0.0
-3.43407,-1.06575,0.0
-3.43407,-1.00654,0.0
-3.43407,-0.94733,0.0
-3.43407,-0.88812,0.0
-3.43407,-0.82891,0.0
-3.43407,-0.7697,0.0
-3.43407,-0.7105,0.0
-3.43407,-0.65129,0.0
-3.43407,-0.59208,0.0
-3.43407,-0.53287,0.0
-3.43407,-0.47366,0.0
-3.43407,-0.41446,0.0
-3.43407,-0.35525,0.0
-3.43407,-0.29604,0.0
-3.43407,-0.23683,0.0
-3.43407,-0.17762,0.0
-3.43407,-0.11842,0.0
-3.43407,-0.05921,0.0
-3.43407,0,0.0
-3.43407,0.05921,0.0
-3.43407,0.11842,0.0
-3.43407,0.17762,0.0
-3.43407,0.23683,0.0
-3.43407,0.29604,0.0
-3.43407,0.35525,0.0
-3.43407,0.41446,0.0
-3.43407,0.47366,0.0
-3.43407,0.53287,0.0
-3.43407,0.59208,0.0
-3.43407,0.65129,0.0
-3.43407,0.7105,0.0
-3.43407,0.7697,0.0
-3.43407,0.82891,0.0
-3.43407,0.88812,0.0
-3.43407,0.94733,0.0
-3.43407,1.00654,0.0
-3.43407,1.06575,0.0
-3.43407,1.12495,0.0
-3.43407,1.18416,0.0
-3.43407,1.24337,0.0
-3.43407,1.30258,0.0
-3.43407,1.36179,0.0
-3.43407,1.42099,0.0
-3.43407,1.4802,0.0
-3.43407,1.53941,0.0
-3.43407,1.59862,0.0
-3.43407,1.65783,0.0
-3.43407,1.71703,0.0
-3.43407,1.77624,0.0
-3.43407,1.83545,0.0
-3.43407,1.89466,0.0
-3.43407,1.95387,0.0
-3.43407,2.01307,0.0
-3.43407,2.07228,0.0
-3.43407,2.13149,0.0
-3.43407,2.1907,0.0
-3.43407,2.24991,0.0
-3.43407,2.30911,0.0
-3.43407,2.36832,0.0
-3.43407,2.42753,0.0
-3.43407,2.48674,0.0
-3.43407,2.54595,0.0
-3.43407,2.60515,0.0
-3.43407,2.66436,0.0
-3.43407,2.72357,0.0
-3.43407,2.78278,0.0
-3.43407,2.84199,0.0
-3.43407,2.9012,0.0
-3.43407,2.9604,0.0
-3.43407,3.01961,0.0
-3.43407,3.07882,0.0
-3.43407,3.13803,0.0
-3.43407,3.19724,0.0
-3.43407,3.25644,0.0
-3.43407,3.31565,0.0
-3.43407,3.37486,0.0
-3.43407,3.43407,0.0
-3.43407,3.49328,0.0
-3.43407,3.55248,0.0
-3.43407,3.61169,0.0
-3.43407,3.6709,0.0
-3.43407,3.73011,0.0
-3.43407,3.78932,0.0
-3.43407,3.84852,0.0
-3.43407,3.90773,0.0
-3.43407,3.96694,0.0
-3.43407,4.02615,0.0
-3.43407,4.08536,0.0
-3.43407,4.14456,0.0
-3.43407,4.20377,0.0
-3.43407,4.26298,0.0
-3.43407,4.32219,0.0
-3.43407,4.3814,0.0
-3.43407,4.4406,0.0
-3.43407,4.49981,0.0
-3.43407,4.55902,0.0
-3.43407,4.61823,0.0
-3.37486,-4.67744,0.0
-3.37486,-4.61823,0.0
-3.37486,-4.55902,0.0
-3.37486,-4.49981,0.0
-3.37486,-4.4406,0.0
-3.37486,-4.3814,0.0
-3.37486,-4.32219,0.0
-3.37486,-4.26298,0.0
-3.37486,-4.20377,0.0
-3.37486,-4.14456,0.0
-3.37486,-4.08536,0.0
-3.37486,-4.02615,0.0
-3.37486,-3.96694,0.0
-3.37486,-3.90773,0.0
-3.37486,-3.84852,0.0
-3.37486,-3.78932,0.0
-3.37486,-3.73011,0.0
-3.37486,-3.6709,0.0
-3.37486,-3.61169,0.0
-3.37486,-3.55248,0.0
-3.37486,-3.49328,0.0
-3.37486,-3.43407,0.0
-3.37486,-3.37486,0.0
-3.37486,-3.31565,0.0
-3.37486,-3.25644,0.0
-3.37486,-3.19724,0.0
-3.37486,-3.13803,0.0
-3.37486,-3.07882,0.0
-3.37486,-3.01961,0.0
-3.37486,-2.9604,0.0
-3.37486,-2.9012,0.0
-3.37486,-2.84199,0.0
-3.37486,-2.78278,0.0
-3.37486,-2.72357,0.0
-3.37486,-2.66436,0.0
-3.37486,-2.60515,0.0
-3.37486,-2.54595,0.0
-3.37486,-2.48674,0.0
-3.37486,-2.42753,0.0
-3.37486,-2.36832,0.0
-3.37486,-2.30911,0.0
-3.37486,-2.24991,0.0
-3.37486,-2.1907,0.0
-3.37486,-2.13149,0.0
-3.37486,-2.07228,0.0
-3.37486,-2.01307,0.0
-3.37486,-1.95387,0.0
-3.37486,-1.89466,0.0
-3.37486,-1.83545,0.0
-3.37486,-1.77624,0.0
-3.37486,-1.71703,0.0
-3.37486,-1.65783,0.0
-3.37486,-1.59862,0.0
-3.37486,-1.53941,0.0
-3.37486,-1.4802,0.0
-3.37486,-1.42099,0.0
-3.37486,-1.36179,0.0
-3.37486,-1.30258,0.0
-3.37486,-1.24337,0.0
-3.37486,-1.18416,0.0
-3.37486,-1.12495,0.0
-3.37486,-1.06575,0.0
-3.37486,-1.00654,0.0
-3.37486,-0.94733,0.0
-3.37486,-0.88812,0.0
-3.37486,-0.82891,0.0
-3.37486,-0.7697,0.0
-3.37486,-0.7105,0.0
-3.37486,-0.65129,0.0
-3.37486,-0.59208,0.0
-3.37486,-0.53287,0.0
-3.37486,-0.47366,0.0
-3.37486,-0.41446,0.0
-3.37486,-0.35525,0.0
-3.37486,-0.29604,0.0
-3.37486,-0.23683,0.0
-3.37486,-0.17762,0.0
-3.37486,-0.11842,0.0
-3.37486,-0.05921,0.0
-3.37486,0,0.0
-3.37486,0.05921,0.0
-3.37486,0.11842,0.0
-3.37486,0.17762,0.0
-3.37486,0.23683,0.0
-3.37486,0.29604,0.0
-3.37486,0.35525,0.0
-3.37486,0.41446,0.0
-3.37486,0.47366,0.0
-3.37486,0.53287,0.0
-3.37486,0.59208,0.0
-3.37486,0.65129,0.0
-3.37486,0.7105,0.0
-3.37486,0.7697,0.0
-3.37486,0.82891,0.0
-3.37486,0.88812,0.0
-3.37486,0.94733,0.0
-3.37486,1.00654,0.0
-3.37486,1.06575,0.0
-3.37486,1.12495,0.0
-3.37486,1.18416,0.0
-3.37486,1.24337,0.0
-3.37486,1.30258,0.0
-3.37486,1.36179,0.0
-3.37486,1.42099,0.0
-3.37486,1.4802,0.0
-3.37486,1.53941,0.0
-3.37486,1.59862,0.0
-3.37486,1.65783,0.0
-3.37486,1.71703,0.0
-3.37486,1.77624,0.0
-3.37486,1.83545,0.0
-3.37486,1.89466,0.0
-3.37486,1.95387,0.0
-3.37486,2.01307,0.0
-3.37486,2.07228,0.0
-3.37486,2.13149,0.0
-3.37486,2.1907,0.0
-3.37486,2.24991,0.0
-3.37486,2.30911,0.0
-3.37486,2.36832,0.0
-3.37486,2.42753,0.0
-3.37486,2.48674,0.0
-3.37486,2.54595,0.0
-3.37486,2.60515,0.0
-3.37486,2.66436,0.0
-3.37486,2.72357,0.0
-3.37486,2.78278,0.0
-3.37486,2.84199,0.0
-3.37486,2.9012,0.0
-3.37486,2.9604,0.0
-3.37486,3.01961,0.0
-3.37486,3.07882,0.0
-3.37486,3.13803,0.0
-3.37486,3.19724,0.0
-3.37486,3.25644,0.0
-3.37486,3.31565,0.0
-3.37486,3.37486,0.0
-3.37486,3.43407,0.0
-3.37486,3.49328,0.0
-3.37486,3.55248,0.0
-3.37486,3.61169,0.0
-3.37486,3.6709,0.0
-3.37486,3.73011,0.0
-3.37486,3.78932,0.0
-3.37486,3.84852,0.0
-3.37486,3.90773,0.0
-3.37486,3.96694,0.0
-3.37486,4.02615,0.0
-3.37486,4.08536,0.0
-3.37486,4.14456,0.0
-3.37486,4.20377,0.0
-3.37486,4.26298,0.0
-3.37486,4.32219,0.0
-3.37486,4.3814,0.0
-3.37486,4.4406,0.0
-3.37486,4.49981,0.0
-3.37486,4.55902,0.0
-3.37486,4.61823,0.0
-3.37486,4.67744,0.0
-3.31565,-4.73665,0.0
-3.31565,-4.67744,0.0
-3.31565,-4.61823,0.0
-3.31565,-4.55902,0.0
-3.31565,-4.49981,0.0
-3.31565,-4.4406,0.0
-3.31565,-4.3814,0.0
-3.31565,-4.32219,0.0
-3.31565,-4.26298,0.0
-3.31565,-4.20377,0.0
-3.31565,-4.14456,0.0
-3.31565,-4.08536,0.0
-3.31565,-4.02615,0.0
-3.31565,-3.96694,0.0
-3.31565,-3.90773,0.0
-3.31565,-3.84852,0.0
-3.31565,-3.78932,0.0
-3.31565,-3.73011,0.0
-3.31565,-3.6709,0.0
-3.31565,-3.61169,0.0
-3.31565,-3.55248,0.0
-3.31565,-3.49328,0.0
-3.31565,-3.43407,0.0
-3.31565,-3.37486,0.0
-3.31565,-3.31565,0.0
-3.31565,-3.25644,0.0
-3.31565,-3.19724,0.0
-3.31565,-3.13803,0.0
-3.31565,-3.07882,0.0
-3.31565,-3.01961,0.0
-3.31565,-2.9604,0.0
-3.31565,-2.9012,0.0
-3.31565,-2.84199,0.0
-3.31565,-2.78278,0.0
-3.31565,-2.72357,0.0
-3.31565,-2.66436,0.0
-3.31565,-2.60515,0.0
-3.31565,-2.54595,0.0
-3.31565,-2.48674,0.0
-3.31565,-2.42753,0.0
-3.31565,-2.36832,0.0
-3.31565,-2.30911,0.0
-3.31565,-2.24991,0.0
-3.31565,-2.1907,0.0
-3.31565,-2.13149,0.0
-3.31565,-2.07228,0.0
-3.31565,-2.01307,0.0
-3.31565,-1.95387,0.0
-3.31565,-1.89466,0.0
-3.31565,-1.83545,0.0
-3.31565,-1.77624,0.0
-3.31565,-1.71703,0.0
-3.31565,-1.65783,0.0
-3.31565,-1.59862,0.0
-3.31565,-1.53941,0.0
-3.31565,-1.4802,0.0
-3.31565,-1.42099,0.0
-3.31565,-1.36179,0.0
-3.31565,-1.30258,0.0
-3.31565,-1.24337,0.0
-3.31565,-1.18416,0.0
-3.31565,-1.12495,0.0
-3.31565,-1.06575,0.0
-3.31565,-1.00654,0.0
-3.31565,-0.94733,0.0
-3.31565,-0.88812,0.0
-3.31565,-0.82891,0.0
-3.31565,-0.7697,0.0
-3.31565,-0.7105,0.0
-3.31565,-0.65129,0.0
-3.31565,-0.59208,0.0
-3.31565,-0.53287,0.0
-3.31565,-0.47366,0.0
-3.31565,-0.41446,0.0
-3.31565,-0.35525,0.0
-3.31565,-0.29604,0.0
-3.31565,-0.23683,0.0
-3.31565,-0.17762,0.0
-3.31565,-0.11842,0.0
-3.31565,-0.05921,0.0
-3.31565,0,0.0
-3.31565,0.05921,0.0
-3.31565,0.11842,0.0
-3.31565,0.17762,0.0
-3.31565,0.23683,0.0
-3.31565,0.29604,0.0
-3.31565,0.35525,0.0
-3.31565,0.41446,0.0
-3.31565,0.47366,0.0
-3.31565,0.53287,0.0
-3.31565,0.59208,0.0
-3.31565,0.65129,0.0
-3.31565,0.7105,0.0
-3.31565,0.7697,0.0
-3.31565,0.82891,0.0
-3.31565,0.88812,0.0
-3.31565,0.94733,0.0
-3.31565,1.00654,0.0
-3.31565,1.06575,0.0
-3.31565,1.12495,0.0
-3.31565,1.18416,0.0
-3.31565,1.24337,0.0
-3.31565,1.30258,0.0
-3.31565,1.36179,0.0
-3.31565,1.42099,0.0
-3.31565,1.4802,0.0
-3.31565,1.53941,0.0
-3.31565,1.59862,0.0
-3.31565,1.65783,0.0
-3.31565,1.71703,0.0
-3.31565,1.77624,0.0
-3.31565,1.83545,0.0
-3.31565,1.89466,0.0
-3.31565,1.95387,0.0
-3.31565,2.01307,0.0
-3.31565,2.07228,0.0
-3.31565,2.13149,0.0
-3.31565,2.1907,0.0
-3.31565,2.24991,0.0
-3.31565,2.30911,0.0
-3.31565,2.36832,0.0
-3.31565,2.42753,0.0
-3.31565,2.48674,0.0
-3.31565,2.54595,0.0
-3.31565,2.60515,0.0
-3.31565,2.66436,0.0
-3.31565,2.72357,0.0
-3.31565,2.78278,0.0
-3.31565,2.84199,0.0
-3.31565,2.9012,0.0
-3.31565,2.9604,0.0
-3.31565,3.01961,0.0
-3.31565,3.07882,0.0
-3.31565,3.13803,0.0
-3.31565,3.19724,0.0
-3.31565,3.25644,0.0
-3.31565,3.31565,0.0
-3.31565,3.37486,0.0
-3.31565,3.43407,0.0
-3.31565,3.49328,0.0
-3.31565,3.55248,0.0
-3.31565,3.61169,0.0
-3.31565,3.6709,0.0
-3.31565,3.73011,0.0
-3.31565,3.78932,0.0
-3.31565,3.84852,0.0
-3.31565,3.90773,0.0
-3.31565,3.96694,0.0
-3.31565,4.02615,0.0
-3.31565,4.08536,0.0
-3.31565,4.14456,0.0
-3.31565,4.20377,0.0
-3.31565,4.26298,0.0
-3.31565,4.32219,0.0
-3.31565,4.3814,0.0
-3.31565,4.4406,0.0
-3.31565,4.49981,0.0
-3.31565,4.55902,0.0
-3.31565,4.61823,0.0
-3.31565,4.67744,0.0
-3.31565,4.73665,0.0
-3.25644,-4.79585,0.0
-3.25644,-4.73665,0.0
-3.25644,-4.67744,0.0
-3.25644,-4.61823,0.0
-3.25644,-4.55902,0.0
-3.25644,-4.49981,0.0
-3.25644,-4.4406,0.0
-3.25644,-4.3814,0.0
-3.25644,-4.32219,0.0
-3.25644,-4.26298,0.0
-3.25644,-4.20377,0.0
-3.25644,-4.14456,0.0
-3.25644,-4.08536,0.0
-3.25644,-4.02615,0.0
-3.25644,-3.96694,0.0
-3.25644,-3.90773,0.0
-3.25644,-3.84852,0.0
-3.25644,-3.78932,0.0
-3.25644,-3.73011,0.0
-3.25644,-3.6709,0.0
-3.25644,-3.61169,0.0
-3.25644,-3.55248,0.0
-3.25644,-3.49328,0.0
-3.25644,-3.43407,0.0
-3.25644,-3.37486,0.0
-3.25644,-3.31565,0.0
-3.25644,-3.25644,0.0
-3.25644,-3.19724,0.0
-3.25644,-3.13803,0.0
-3.25644,-3.07882,0.0
-3.25644,-3.01961,0.0
-3.25644,-2.9604,0.0
-3.25644,-2.9012,0.0
-3.25644,-2.84199,0.0
-3.25644,-2.78278,0.0
-3.25644,-2.72357,0.0
-3.25644,-2.66436,0.0
-3.25644,-2.60515,0.0
-3.25644,-2.54595,0.0
-3.25644,-2.48674,0.0
-3.25644,-2.42753,0.0
-3.25644,-2.36832,0.0
-3.25644,-2.30911,0.0
-3.25644,-2.24991,0.0
-3.25644,-2.1907,0.0
-3.25644,-2.13149,0.0
-3.25644,-2.07228,0.0
-3.25644,-2.01307,0.0
-3.25644,-1.95387,0.0
-3.25644,-1.89466,0.0
-3.25644,-1.83545,0.0
-3.25644,-1.77624,0.0
-3.25644,-1.71703,0.0
-3.25644,-1.65783,0.0
-3.25644,-1.59862,0.0
-3.25644,-1.53941,0.0
-3.25644,-1.4802,0.0
-3.25644,-1.42099,0.0
-3.25644,-1.36179,0.0
-3.25644,-1.30258,0.0
-3.25644,-1.24337,0.0
-3.25644,-1.18416,0.0
-3.25644,-1.12495,0.0
-3.25644,-1.06575,0.0
-3.25644,-1.00654,0.0
-3.25644,-0.94733,0.0
-3.25644,-0.88812,0.0
-3.25644,-0.82891,0.0
-3.25644,-0.7697,0.0
-3.25644,-0.7105,0.0
-3.25644,-0.65129,0.0
-3.25644,-0.59208,0.0
-3.25644,-0.53287,0.0
-3.25644,-0.47366,0.0
-3.25644,-0.41446,0.0
-3.25644,-0.35525,0.0
-3.25644,-0.29604,0.0
-3.25644,-0.23683,0.0
-3.25644,-0.17762,0.0
-3.25644,-0.11842,0.0
-3.25644,-0.05921,0.0
-3.25644,0,0.0
-3.25644,0.05921,0.0
-3.25644,0.11842,0.0
-3.25644,0.17762,0.0
-3.25644,0.23683,0.0
-3.25644,0.29604,0.0
-3.25644,0.35525,0.0
-3.25644,0.41446,0.0
-3.25644,0.47366,0.0
-3.25644,0.53287,0.0
-3.25644,0.59208,0.0
-3.25644,0.65129,0.0
-3.25644,0.7105,0.0
-3.25644,0.7697,0.0
-3.25644,0.82891,0.0
-3.25644,0.88812,0.0
-3.25644,0.94733,0.0
-3.25644,1.00654,0.0
-3.25644,1.06575,0.0
-3.25644,1.12495,0.0
-3.25644,1.18416,0.0
-3.25644,1.24337,0.0
-3.25644,1.30258,0.0
-3.25644,1.36179,0.0
-3.25644,1.42099,0.0
-3.25644,1.4802,0.0
-3.25644,1.53941,0.0
-3.25644,1.59862,0.0
-3.25644,1.65783,0.0
-3.25644,1.71703,0.0
-3.25644,1.77624,0.0
-3.25644,1.83545,0.0
-3.25644,1.89466,0.0
-3.25644,1.95387,0.0
-3.25644,2.01307,0.0
-3.25644,2.07228,0.0
-3.25644,2.13149,0.0
-3.25644,2.1907,0.0
-3.25644,2.24991,0.0
-3.25644,2.30911,0.0
-3.25644,2.36832,0.0
-3.25644,2.42753,0.0
-3.25644,2.48674,0.0
-3.25644,2.54595,0.0
-3.25644,2.60515,0.0
-3.25644,2.66436,0.0
-3.25644,2.72357,0.0
-3.25644,2.78278,0.0
-3.25644,2.84199,0.0
-3.25644,2.9012,0.0
-3.25644,2.9604,0.0
-3.25644,3.01961,0.0
-3.25644,3.07882,0.0
-3.25644,3.13803,0.0
-3.25644,3.19724,0.0
-3.25644,3.25644,0.0
-3.25644,3.31565,0.0
-3.25644,3.37486,0.0
-3.25644,3.43407,0.0
-3.25644,3.49328,0.0
-3.25644,3.55248,0.0
-3.25644,3.61169,0.0
-3.25644,3.6709,0.0
-3.25644,3.73011,0.0
-3.25644,3.78932,0.0
-3.25644,3.84852,0.0
-3.25644,3.90773,0.0
-3.25644,3.96694,0.0
-3.25644,4.02615,0.0
-3.25644,4.08536,0.0
-3.25644,4.14456,0.0
-3.25644,4.20377,0.0
-3.25644,4.26298,0.0
-3.25644,4.32219,0.0
-3.25644,4.3814,0.0
-3.25644,4.4406,0.0
-3.25644,4.49981,0.0
-3.25644,4.55902,0.0
-3.25644,4.61823,0.0
-3.25644,4.67744,0.0
-3.25644,4.73665,0.0
-3.25644,4.79585,0.0
-3.19724,-4.79585,0.0
-3.19724,-4.73665,0.0
-3.19724,-4.67744,0.0
-3.19724,-4.61823,0.0
-3.19724,-4.55902,0.0
-3.19724,-4.49981,0.0
-3.19724,-4.4406,0.0
-3.19724,-4.3814,0.0
-3.19724,-4.32219,0.0
-3.19724,-4.26298,0.0
-3.19724,-4.20377,0.0
-3.19724,-4.14456,0.0
-3.19724,-4.08536,0.0
-3.19724,-4.02615,0.0
-3.19724,-3.96694,0.0
-3.19724,-3.90773,0.0
-3.19724,-3.84852,0.0
-3.19724,-3.78932,0.0
-3.19724,-3.73011,0.0
-3.19724,-3.6709,0.0
-3.19724,-3.61169,0.0
-3.19724,-3.55248,0.0
-3.19724,-3.49328,0.0
-3.19724,-3.43407,0.0
-3.19724,-3.37486,0.0
-3.19724,-3.31565,0.0
-3.19724,-3.25644,0.0
-3.19724,-3.19724,0.0
-3.19724,-3.13803,0.0
-3.19724,-3.07882,0.0
-3.19724,-3.01961,0.0
-3.19724,-2.9604,0.0
-3.19724,-2.9012,0.0
-3.19724,-2.84199,0.0
-3.19724,-2.78278,0.0
-3.19724,-2.72357,0.0
-3.19724,-2.66436,0.0
-3.19724,-2.60515,0.0
-3.19724,-2.54595,0.0
-3.19724,-2.48674,0.0
-3.19724,-2.42753,0.0
-3.19724,-2.36832,0.0
-3.19724,-2.30911,0.0
-3.19724,-2.24991,0.0
-3.19724,-2.1907,0.0
-3.19724,-2.13149,0.0
-3.19724,-2.07228,0.0
-3.19724,-2.01307,0.0
-3.19724,-1.95387,0.0
-3.19724,-1.89466,0.0
-3.19724,-1.83545,0.0
-3.19724,-1.77624,0.0
-3.19724,-1.71703,0.0
-3.19724,-1.65783,0.0
-3.19724,-1.59862,0.0
-3.19724,-1.53941,0.0
-3.19724,-1.4802,0.0
-3.19724,-1.42099,0.0
-3.19724,-1.36179,0.0
-3.19724,-1.30258,0.0
-3.19724,-1.24337,0.0
-3.19724,-1.18416,0.0
-3.19724,-1.12495,0.0
-3.19724,-1.06575,0.0
-3.19724,-1.00654,0.0
-3.19724,-0.94733,0.0
-3.19724,-0.88812,0.0
-3.19724,-0.82891,0.0
-3.19724,-0.7697,0.0
-3.19724,-0.7105,0.0
-3.19724,-0.65129,0.0
-3.19724,-0.59208,0.0
-3.19724,-0.53287,0.0
-3.19724,-0.47366,0.0
-3.19724,-0.41446,0.0
-3.19724,-0.35525,0.0
-3.19724,-0.29604,0.0
-3.19724,-0.23683,0.0
-3.19724,-0.17762,0.0
-3.19724,-0.11842,0.0
-3.19724,-0.05921,0.0
-3.19724,0,0.0
-3.19724,0.05921,0.0
-3.19724,0.11842,0.0
-3.19724,0.17762,0.0
-3.19724,0.23683,0.0
-3.19724,0.29604,0.0
-3.19724,0.35525,0.0
-3.19724,0.41446,0.0
-3.19724,0.47366,0.0
-3.19724,0.53287,0.0
-3.19724,0.59208,0.0
-3.19724,0.65129,0.0
-3.19724,0.7105,0.0
-3.19724,0.7697,0.0
-3.19724,0.82891,0.0
-3.19724,0.88812,0.0
-3.19724,0.94733,0.0
-3.19724,1.00654,0.0
-3.19724,1.06575,0.0
-3.19724,1.12495,0.0
-3.19724,1.18416,0.0
-3.19724,1.24337,0.0
-3.19724,1.30258,0.0
-3.19724,1.36179,0.0
-3.19724,1.42099,0.0
-3.19724,1.4802,0.0
-3.19724,1.53941,0.0
-3.19724,1.59862,0.0
-3.19724,1.65783,0.0
-3.19724,1.71703,0.0
-3.19724,1.77624,0.0
-3.19724,1.83545,0.0
-3.19724,1.89466,0.0
-3.19724,1.95387,0.0
-3.19724,2.01307,0.0
-3.19724,2.07228,0.0
-3.19724,2.13149,0.0
-3.19724,2.1907,0.0
-3.19724,2.24991,0.0
-3.19724,2.30911,0.0
-3.19724,2.36832,0.0
-3.19724,2.42753,0.0
-3.19724,2.48674,0.0
-3.19724,2.54595,0.0
-3.19724,2.60515,0.0
-3.19724,2.66436,0.0
-3.19724,2.72357,0.0
-3.19724,2.78278,0.0
-3.19724,2.84199,0.0
-3.19724,2.9012,0.0
-3.19724,2.9604,0.0
-3.19724,3.01961,0.0
-3.19724,3.07882,0.0
-3.19724,3.13803,0.0
-3.19724,3.19724,0.0
-3.19724,3.25644,0.0
-3.19724,3.31565,0.0
-3.19724,3.37486,0.0
-3.19724,3.43407,0.0
-3.19724,3.49328,0.0
-3.19724,3.55248,0.0
-3.19724,3.61169,0.0
-3.19724,3.6709,0.0
-3.19724,3.73011,0.0
-3.19724,3.78932,0.0
-3.19724,3.84852,0.0
-3.19724,3.90773,0.0
-3.19724,3.96694,0.0
-3.19724,4.02615,0.0
-3.19724,4.08536,0.0
-3.19724,4.14456,0.0
-3.19724,4.20377,0.0
-3.19724,4.26298,0.0
-3.19724,4.32219,0.0
-3.19724,4.3814,0.0
-3.19724,4.4406,0.0
-3.19724,4.49981,0.0
-3.19724,4.55902,0.0
-3.19724,4.61823,0.0
-3.19724,4.67744,0.0
-3.19724,4.73665,0.0
-3.19724,4.79585,0.0
-3.13803,-4.85506,0.0
-3.13803,-4.79585,0.0
-3.13803,-4.73665,0.0
-3.13803,-4.67744,0.0
-3.13803,-4.61823,0.0
-3.13803,-4.55902,0.0
-3.13803,-4.49981,0.0
-3.13803,-4.4406,0.0
-3.13803,-4.3814,0.0
-3.13803,-4.32219,0.0
-3.13803,-4.26298,0.0
-3.13803,-4.20377,0.0
-3.13803,-4.14456,0.0
-3.13803,-4.08536,0.0
-3.13803,-4.02615,0.0
-3.13803,-3.96694,0.0
-3.13803,-3.90773,0.0
-3.13803,-3.84852,0.0
-3.13803,-3.78932,0.0
-3.13803,-3.73011,0.0
-3.13803,-3.6709,0.0
-3.13803,-3.61169,0.0
-3.13803,-3.55248,0.0
-3.13803,-3.49328,0.0
-3.13803,-3.43407,0.0
-3.13803,-3.37486,0.0
-3.13803,-3.31565,0.0
-3.13803,-3.25644,0.0
-3.13803,-3.19724,0.0
-3.13803,-3.13803,0.0
-3.13803,-3.07882,0.0
-3.13803,-3.01961,0.0
-3.13803,-2.9604,0.0
-3.13803,-2.9012,0.0
-3.13803,-2.84199,0.0
-3.13803,-2.78278,0.0
-3.13803,-2.72357,0.0
-3.13803,-2.66436,0.0
-3.13803,-2.60515,0.0
-3.13803,-2.54595,0.0
-3.13803,-2.48674,0.0
-3.13803,-2.42753,0.0
-3.13803,-2.36832,0.0
-3.13803,-2.30911,0.0
-3.13803,-2.24991,0.0
-3.13803,-2.1907,0.0
-3.13803,-2.13149,0.0
-3.13803,-2.07228,0.0
-3.13803,-2.01307,0.0
-3.13803,-1.95387,0.0
-3.13803,-1.89466,0.0
-3.13803,-1.83545,0.0
-3.13803,-1.77624,0.0
-3.13803,-1.71703,0.0
-3.13803,-1.65783,0.0
-3.13803,-1.59862,0.0
-3.13803,-1.53941,0.0
-3.13803,-1.4802,0.0
-3.13803,-1.42099,0.0
-3.13803,-1.36179,0.0
-3.13803,-1.30258,0.0
-3.13803,-1.24337,0.0
-3.13803,-1.18416,0.0
-3.13803,-1.12495,0.0
-3.13803,-1.06575,0.0
-3.13803,-1.00654,0.0
-3.13803,-0.94733,0.0
-3.13803,-0.88812,0.0
-3.13803,-0.82891,0.0
-3.13803,-0.7697,0.0
-3.13803,-0.7105,0.0
-3.13803,-0.65129,0.0
-3.13803,-0.59208,0.0
-3.13803,-0.53287,0.0
-3.13803,-0.47366,0.0
-3.13803,-0.41446,0.0
-3.13803,-0.35525,0.0
-3.13803,-0.29604,0.0
-3.13803,-0.23683,0.0
-3.13803,-0.17762,0.0
-3.13803,-0.11842,0.0
-3.13803,-0.05921,0.0
-3.13803,0,0.0
-3.13803,0.05921,0.0
-3.13803,0.11842,0.0
-3.13803,0.17762,0.0
-3.13803,0.23683,0.0
-3.13803,0.29604,0.0
-3.13803,0.35525,0.0
-3.13803,0.41446,0.0
-3.13803,0.47366,0.0
-3.13803,0.53287,0.0
-3.13803,0.59208,0.0
-3.13803,0.65129,0.0
-3.13803,0.7105,0.0
-3.13803,0.7697,0.0
-3.13803,0.82891,0.0
-3.13803,0.88812,0.0
-3.13803,0.94733,0.0
-3.13803,1.00654,0.0
-3.13803,1.06575,0.0
-3.13803,1.12495,0.0
-3.13803,1.18416,0.0
-3.13803,1.24337,0.0
-3.13803,1.30258,0.0
-3.13803,1.36179,0.0
-3.13803,1.42099,0.0
-3.13803,1.4802,0.0
-3.13803,1.53941,0.0
-3.13803,1.59862,0.0
-3.13803,1.65783,0.0
-3.13803,1.71703,0.0
-3.13803,1.77624,0.0
-3.13803,1.83545,0.0
-3.13803,1.89466,0.0
-3.13803,1.95387,0.0
-3.13803,2.01307,0.0
-3.13803,2.07228,0.0
-3.13803,2.13149,0.0
-3.13803,2.1907,0.0
-3.13803,2.24991,0.0
-3.13803,2.30911,0.0
-3.13803,2.36832,0.0
-3.13803,2.42753,0.0
-3.13803,2.48674,0.0
-3.13803,2.54595,0.0
-3.13803,2.60515,0.0
-3.13803,2.66436,0.0
-3.13803,2.72357,0.0
-3.13803,2.78278,0.0
-3.13803,2.84199,0.0
-3.13803,2.9012,0.0
-3.13803,2.9604,0.0
-3.13803,3.01961,0.0
-3.13803,3.07882,0.0
-3.13803,3.13803,0.0
-3.13803,3.19724,0.0
-3.13803,3.25644,0.0
-3.13803,3.31565,0.0
-3.13803,3.37486,0.0
-3.13803,3.43407,0.0
-3.13803,3.49328,0.0
-3.13803,3.55248,0.0
-3.13803,3.61169,0.0
-3.13803,3.6709,0.0
-3.13803,3.73011,0.0
-3.13803,3.78932,0.0
-3.13803,3.84852,0.0
-3.13803,3.90773,0.0
-3.13803,3.96694,0.0
-3.13803,4.02615,0.0
-3.13803,4.08536,0.0
-3.13803,4.14456,0.0
-3.13803,4.20377,0.0
-3.13803,4.26298,0.0
-3.13803,4.32219,0.0
-3.13803,4.3814,0.0
-3.13803,4.4406,0.0
-3.13803,4.49981,0.0
-3.13803,4.55902,0.0
-3.13803,4.61823,0.0
-3.13803,4.67744,0.0
-3.13803,4.73665,0.0
-3.13803,4.79585,0.0
-3.13803,4.85506,0.0
-3.07882,-4.91427,0.0
-3.07882,-4.85506,0.0
-3.07882,-4.79585,0.0
-3.07882,-4.73665,0.0
-3.07882,-4.67744,0.0
-3.07882,-4.61823,0.0
-3.07882,-4.55902,0.0
-3.07882,-4.49981,0.0
-3.07882,-4.4406,0.0
-3.07882,-4.3814,0.0
-3.07882,-4.32219,0.0
-3.07882,-4.26298,0.0
-3.07882,-4.20377,0.0
-3.07882,-4.14456,0.0
-3.07882,-4.08536,0.0
-3.07882,-4.02615,0.0
-3.07882,-3.96694,0.0
-3.07882,-3.90773,0.0
-3.07882,-3.84852,0.0
-3.07882,-3.78932,0.0
-3.07882,-3.73011,0.0
-3.07882,-3.6709,0.0
-3.07882,-3.61169,0.0
-3.07882,-3.55248,0.0
-3.07882,-3.49328,0.0
-3.07882,-3.43407,0.0
-3.07882,-3.37486,0.0
-3.07882,-3.31565,0.0
-3.07882,-3.25644,0.0
-3.07882,-3.19724,0.0
-3.07882,-3.13803,0.0
-3.07882,-3.07882,0.0
-3.07882,-3.01961,0.0
-3.07882,-2.9604,0.0
-3.07882,-2.9012,0.0
-3.07882,-2.84199,0.0
-3.07882,-2.78278,0.0
-3.07882,-2.72357,0.0
-3.07882,-2.66436,0.0
-3.07882,-2.60515,0.0
-3.07882,-2.54595,0.0
-3.07882,-2.48674,0.0
-3.07882,-2.42753,0.0
-3.07882,-2.36832,0.0
-3.07882,-2.30911,0.0
-3.07882,-2.24991,0.0
-3.07882,-2.1907,0.0
-3.07882,-2.13149,0.0
-3.07882,-2.07228,0.0
-3.07882,-2.01307,0.0
-3.07882,-1.95387,0.0
-3.07882,-1.89466,0.0
-3.07882,-1.83545,0.0
-3.07882,-1.77624,0.0
-3.07882,-1.71703,0.0
-3.07882,-1.65783,0.0
-3.07882,-1.59862,0.0
-3.07882,-1.53941,0.0
-3.07882,-1.4802,0.0
-3.07882,-1.42099,0.0
-3.07882,-1.36179,0.0
-3.07882,-1.30258,0.0
-3.07882,-1.24337,0.0
-3.07882,-1.18416,0.0
-3.07882,-1.12495,0.0
-3.07882,-1.06575,0.0
-3.07882,-1.00654,0.0
-3.07882,-0.94733,0.0
-3.07882,-0.88812,0.0
-3.07882,-0.82891,0.0
-3.07882,-0.7697,0.0
-3.07882,-0.7105,0.0
-3.07882,-0.65129,0.0
-3.07882,-0.59208,0.0
-3.07882,-0.53287,0.0
-3.07882,-0.47366,0.0
-3.07882,-0.41446,0.0
-3.07882,-0.35525,0.0
-3.07882,-0.29604,0.0
-3.07882,-0.23683,0.0
-3.07882,-0.17762,0.0
-3.07882,-0.11842,0.0
-3.07882,-0.05921,0.0
-3.07882,0,0.0
-3.07882,0.05921,0.0
-3.07882,0.11842,0.0
-3.07882,0.17762,0.0
-3.07882,0.23683,0.0
-3.07882,0.29604,0.0
-3.07882,0.35525,0.0
-3.07882,0.41446,0.0
-3.07882,0.47366,0.0
-3.07882,0.53287,0.0
-3.07882,0.59208,0.0
-3.07882,0.65129,0.0
-3.07882,0.7105,0.0
-3.07882,0.7697,0.0
-3.07882,0.82891,0.0
-3.07882,0.88812,0.0
-3.07882,0.94733,0.0
-3.07882,1.00654,0.0
-3.07882,1.06575,0.0
-3.07882,1.12495,0.0
-3.07882,1.18416,0.0
-3.07882,1.24337,0.0
-3.07882,1.30258,0.0
-3.07882,1.36179,0.0
-3.07882,1.42099,0.0
-3.07882,1.4802,0.0
-3.07882,1.53941,0.0
-3.07882,1.59862,0.0
-3.07882,1.65783,0.0
-3.07882,1.71703,0.0
-3.07882,1.77624,0.0
-3.07882,1.83545,0.0
-3.07882,1.89466,0.0
-3.07882,1.95387,0.0
-3.07882,2.01307,0.0
-3.07882,2.07228,0.0
-3.07882,2.13149,0.0
-3.07882,2.1907,0.0
-3.07882,2.24991,0.0
-3.07882,2.30911,0.0
-3.07882,2.36832,0.0
-3.07882,2.42753,0.0
-3.07882,2.48674,0.0
-3.07882,2.54595,0.0
-3.07882,2.60515,0.0
-3.07882,2.66436,0.0
-3.07882,2.72357,0.0
-3.07882,2.78278,0.0
-3.07882,2.84199,0.0
-3.07882,2.9012,0.0
-3.07882,2.9604,0.0
-3.07882,3.01961,0.0
-3.07882,3.07882,0.0
-3.07882,3.13803,0.0
-3.07882,3.19724,0.0
-3.07882,3.25644,0.0
-3.07882,3.31565,0.0
-3.07882,3.37486,0.0
-3.07882,3.43407,0.0
-3.07882,3.49328,0.0
-3.07882,3.55248,0.0
-3.07882,3.61169,0.0
-3.07882,3.6709,0.0
-3.07882,3.73011,0.0
-3.07882,3.78932,0.0
-3.07882,3.84852,0.0
-3.07882,3.90773,0.0
-3.07882,3.96694,0.0
-3.07882,4.02615,0.0
-3.07882,4.08536,0.0
-3.07882,4.14456,0.0
-3.07882,4.20377,0.0
-3.07882,4.26298,0.0
-3.07882,4.32219,0.0
-3.07882,4.3814,0.0
-3.07882,4.4406,0.0
-3.07882,4.49981,0.0
-3.07882,4.55902,0.0
-3.07882,4.61823,0.0
-3.07882,4.67744,0.0
-3.07882,4.73665,0.0
-3.07882,4.79585,0.0
-3.07882,4.85506,0.0
-3.07882,4.91427,0.0
-3.01961,-4.91427,0.0
-3.01961,-4.85506,0.0
-3.01961,-4.79585,0.0
-3.01961,-4.73665,0.0
-3.01961,-4.67744,0.0
-3.01961,-4.61823,0.0
-3.01961,-4.55902,0.0
-3.01961,-4.49981,0.0
-3.01961,-4.4406,0.0
-3.01961,-4.3814,0.0
-3.01961,-4.32219,0.0
-3.01961,-4.26298,0.0
-3.01961,-4.20377,0.0
-3.01961,-4.14456,0.0
-3.01961,-4.08536,0.0
-3.01961,-4.02615,0.0
-3.01961,-3.96694,0.0
-3.01961,-3.90773,0.0
-3.01961,-3.84852,0.0
-3.01961,-3.78932,0.0
-3.01961,-3.73011,0.0
-3.01961,-3.6709,0.0
-3.01961,-3.61169,0.0
-3.01961,-3.55248,0.0
-3.01961,-3.49328,0.0
-3.01961,-3.43407,0.0
-3.01961,-3.37486,0.0
-3.01961,-3.31565,0.0
-3.01961,-3.25644,0.0
-3.01961,-3.19724,0.0
-3.01961,-3.13803,0.0
-3.01961,-3.07882,0.0
-3.01961,-3.01961,0.0
-3.01961,-2.9604,0.0
-3.01961,-2.9012,0.0
-3.01961,-2.84199,0.0
-3.01961,-2.78278,0.0
-3.01961,-2.72357,0.0
-3.01961,-2.66436,0.0
-3.01961,-2.60515,0.0
-3.01961,-2.54595,0.0
-3.01961,-2.48674,0.0
-3.01961,-2.42753,0.0
-3.01961,-2.36832,0.0
-3.01961,-2.30911,0.0
-3.01961,-2.24991,0.0
-3.01961,-2.1907,0.0
-3.01961,-2.13149,0.0
-3.01961,-2.07228,0.0
-3.01961,-2.01307,0.0
-3.01961,-1.95387,0.0
-3.01961,-1.89466,0.0
-3.01961,-1.83545,0.0
-3.01961,-1.77624,0.0
-3.01961,-1.71703,0.0
-3.01961,-1.65783,0.0
-3.01961,-1.59862,0.0
-3.01961,-1.53941,0.0
-3.01961,-1.4802,0.0
-3.01961,-1.42099,0.0
-3.01961,-1.36179,0.0
-3.01961,-1.30258,0.0
-3.01961,-1.24337,0.0
-3.01961,-1.18416,0.0
-3.01961,-1.12495,0.0
-3.01961,-1.06575,0.0
-3.01961,-1.00654,0.0
-3.01961,-0.94733,0.0
-3.01961,-0.88812,0.0
-3.01961,-0.82891,0.0
-3.01961,-0.7697,0.0
-3.01961,-0.7105,0.0
-3.01961,-0.65129,0.0
-3.01961,-0.59208,0.0
-3.01961,-0.53287,0.0
-3.01961,-0.47366,0.0
-3.01961,-0.41446,0.0
-3.01961,-0.35525,0.0
-3.01961,-0.29604,0.0
-3.01961,-0.23683,0.0
-3.01961,-0.17762,0.0
-3.01961,-0.11842,0.0
-3.01961,-0.05921,0.0
-3.01961,0,0.0
-3.01961,0.05921,0.0
-3.01961,0.11842,0.0
-3.01961,0.17762,0.0
-3.01961,0.23683,0.0
-3.01961,0.29604,0.0
-3.01961,0.35525,0.0
-3.01961,0.41446,0.0
-3.01961,0.47366,0.0
-3.01961,0.53287,0.0
-3.01961,0.59208,0.0
-3.01961,0.65129,0.0
-3.01961,0.7105,0.0
-3.01961,0.7697,0.0
-3.01961,0.82891,0.0
-3.01961,0.88812,0.0
-3.01961,0.94733,0.0
-3.01961,1.00654,0.0
-3.01961,1.06575,0.0
-3.01961,1.12495,0.0
-3.01961,1.18416,0.0
-3.01961,1.24337,0.0
-3.01961,1.30258,0.0
-3.01961,1.36179,0.0
-3.01961,1.42099,0.0
-3.01961,1.4802,0.0
-3.01961,1.53941,0.0
-3.01961,1.59862,0.0
-3.01961,1.65783,0.0
-3.01961,1.71703,0.0
-3.01961,1.77624,0.0
-3.01961,1.83545,0.0
-3.01961,1.89466,0.0
-3.01961,1.95387,0.0
-3.01961,2.01307,0.0
-3.01961,2.07228,0.0
-3.01961,2.13149,0.0
-3.01961,2.1907,0.0
-3.01961,2.24991,0.0
-3.01961,2.30911,0.0
-3.01961,2.36832,0.0
-3.01961,2.42753,0.0
-3.01961,2.48674,0.0
-3.01961,2.54595,0.0
-3.01961,2.60515,0.0
-3.01961,2.66436,0.0
-3.01961,2.72357,0.0
-3.01961,2.78278,0.0
-3.01961,2.84199,0.0
-3.01961,2.9012,0.0
-3.01961,2.9604,0.0
-3.01961,3.01961,0.0
-3.01961,3.07882,0.0
-3.01961,3.13803,0.0
-3.01961,3.19724,0.0
-3.01961,3.25644,0.0
-3.01961,3.31565,0.0
-3.01961,3.37486,0.0
-3.01961,3.43407,0.0
-3.01961,3.49328,0.0
-3.01961,3.55248,0.0
-3.01961,3.61169,0.0
-3.01961,3.6709,0.0
-3.01961,3.73011,0.0
-3.01961,3.78932,0.0
-3.01961,3.84852,0.0
-3.01961,3.90773,0.0
-3.01961,3.96694,0.0
-3.01961,4.02615,0.0
-3.01961,4.08536,0.0
-3.01961,4.14456,0.0
-3.01961,4.20377,0.0
-3.01961,4.26298,0.0
-3.01961,4.32219,0.0
-3.01961,4.3814,0.0
-3.01961,4.4406,0.0
-3.01961,4.49981,0.0
-3.01961,4.55902,0.0
-3.01961,4.61823,0.0
-3.01961,4.67744,0.0
-3.01961,4.73665,0.0
-3.01961,4.79585,0.0
-3.01961,4.85506,0.0
-3.01961,4.91427,0.0
-2.9604,-4.97348,0.0
-2.9604,-4.91427,0.0
-2.9604,-4.85506,0.0
-2.9604,-4.79585,0.0
-2.9604,-4.73665,0.0
-2.9604,-4.67744,0.0
-2.9604,-4.61823,0.0
-2.9604,-4.55902,0.0
-2.9604,-4.49981,0.0
-2.9604,-4.4406,0.0
-2.9604,-4.3814,0.0
-2.9604,-4.32219,0.0
-2.9604,-4.26298,0.0
-2.9604,-4.20377,0.0
-2.9604,-4.14456,0.0
-2.9604,-4.08536,0.0
-2.9604,-4.02615,0.0
-2.9604,-3.96694,0.0
-2.9604,-3.90773,0.0
-2.9604,-3.84852,0.0
-2.9604,-3.78932,0.0
-2.9604,-3.73011,0.0
-2.9604,-3.6709,0.0
-2.9604,-3.61169,0.0
-2.9604,-3.55248,0.0
-2.9604,-3.49328,0.0
-2.9604,-3.43407,0.0
-2.9604,-3.37486,0.0
-2.9604,-3.31565,0.0
-2.9604,-3.25644,0.0
-2.9604,-3.19724,0.0
-2.9604,-3.13803,0.0
-2.9604,-3.07882,0.0
-2.9604,-3.01961,0.0
-2.9604,-2.9604,0.0
-2.9604,-2.9012,0.0
-2.9604,-2.84199,0.0
-2.9604,-2.78278,0.0
-2.9604,-2.72357,0.0
-2.9604,-2.66436,0.0
-2.9604,-2.60515,0.0
-2.9604,-2.54595,0.0
-2.9604,-2.48674,0.0
-2.9604,-2.42753,0.0
-2.9604,-2.36832,0.0
-2.9604,-2.30911,0.0
-2.9604,-2.24991,0.0
-2.9604,-2.1907,0.0
-2.9604,-2.13149,0.0
-2.9604,-2.07228,0.0
-2.9604,-2.01307,0.0
-2.9604,-1.95387,0.0
-2.9604,-1.89466,0.0
-2.9604,-1.83545,0.0
-2.9604,-1.77624,0.0
-2.9604,-1.71703,0.0
-2.9604,-1.65783,0.0
-2.9604,-1.59862,0.0
-2.9604,-1.53941,0.0
-2.9604,-1.4802,0.0
-2.9604,-1.42099,0.0
-2.9604,-1.36179,0.0
-2.9604,-1.30258,0.0
-2.9604,-1.24337,0.0
-2.9604,-1.18416,0.0
-2.9604,-1.12495,0.0
-2.9604,-1.06575,0.0
-2.9604,-1.00654,0.0
-2.9604,-0.94733,0.0
-2.9604,-0.88812,0.0
-2.9604,-0.82891,0.0
-2.9604,-0.7697,0.0
-2.9604,-0.7105,0.0
-2.9604,-0.65129,0.0
-2.9604,-0.59208,0.0
-2.9604,-0.53287,0.0
-2.9604,-0.47366,0.0
-2.9604,-0.41446,0.0
-2.9604,-0.35525,0.0
-2.9604,-0.29604,0.0
-2.9604,-0.23683,0.0
-2.9604,-0.17762,0.0
-2.9604,-0.11842,0.0
-2.9604,-0.05921,0.0
-2.9604,0,0.0
-2.9604,0.05921,0.0
-2.9604,0.11842,0.0
-2.9604,0.17762,0.0
-2.9604,0.23683,0.0
-2.9604,0.29604,0.0
-2.9604,0.35525,0.0
-2.9604,0.41446,0.0
-2.9604,0.47366,0.0
-2.9604,0.53287,0.0
-2.9604,0.59208,0.0
-2.9604,0.65129,0.0
-2.9604,0.7105,0.0
-2.9604,0.7697,0.0
-2.9604,0.82891,0.0
-2.9604,0.88812,0.0
-2.9604,0.94733,0.0
-2.9604,1.00654,0.0
-2.9604,1.06575,0.0
-2.9604,1.12495,0.0
-2.9604,1.18416,0.0
-2.9604,1.24337,0.0
-2.9604,1.30258,0.0
-2.9604,1.36179,0.0
-2.9604,1.42099,0.0
-2.9604,1.4802,0.0
-2.9604,1.53941,0.0
-2.9604,1.59862,0.0
-2.9604,1.65783,0.0
-2.9604,1.71703,0.0
-2.9604,1.77624,0.0
-2.9604,1.83545,0.0
-2.9604,1.89466,0.0
-2.9604,1.95387,0.0
-2.9604,2.01307,0.0
-2.9604,2.07228,0.0
-2.9604,2.13149,0.0
-2.9604,2.1907,0.0
-2.9604,2.24991,0.0
-2.9604,2.30911,0.0
-2.9604,2.36832,0.0
-2.9604,2.42753,0.0
-2.9604,2.48674,0.0
-2.9604,2.54595,0.0
-2.9604,2.60515,0.0
-2.9604,2.66436,0.0
-2.9604,2.72357,0.0
-2.9604,2.78278,0.0
-2.9604,2.84199,0.0
-2.9604,2.9012,0.0
-2.9604,2.9604,0.0
-2.9604,3.01961,0.0
-2.9604,3.07882,0.0
-2.9604,3.13803,0.0
-2.9604,3.19724,0.0
-2.9604,3.25644,0.0
-2.9604,3.31565,0.0
-2.9604,3.37486,0.0
-2.9604,3.43407,0.0
-2.9604,3.49328,0.0
-2.9604,3.55248,0.0
-2.9604,3.61169,0.0
-2.9604,3.6709,0.0
-2.9604,3.73011,0.0
-2.9604,3.78932,0.0
-2.9604,3.84852,0.0
-2.9604,3.90773,0.0
-2.9604,3.96694,0.0
-2.9604,4.02615,0.0
-2.9604,4.08536,0.0
-2.9604,4.14456,0.0
-2.9604,4.20377,0.0
-2.9604,4.26298,0.0
-2.9604,4.32219,0.0
-2.9604,4.3814,0.0
-2.9604,4.4406,0.0
-2.9604,4.49981,0.0
-2.9604,4.55902,0.0
-2.9604,4.61823,0.0
-2.9604,4.67744,0.0
-2.9604,4.73665,0.0
-2.9604,4.79585,0.0
-2.9604,4.85506,0.0
-2.9604,4.91427,0.0
-2.9604,4.97348,0.0
-2.9012,-4.97348,0.0
-2.9012,-4.91427,0.0
-2.9012,-4.85506,0.0
-2.9012,-4.79585,0.0
-2.9012,-4.73665,0.0
-2.9012,-4.67744,0.0
-2.9012,-4.61823,0.0
-2.9012,-4.55902,0.0
-2.9012,-4.49981,0.0
-2.9012,-4.4406,0.0
-2.9012,-4.3814,0.0
-2.9012,-4.32219,0.0
-2.9012,-4.26298,0.0
-2.9012,-4.20377,0.0
-2.9012,-4.14456,0.0
-2.9012,-4.08536,0.0
-2.9012,-4.02615,0.0
-2.9012,-3.96694,0.0
-2.9012,-3.90773,0.0
-2.9012,-3.84852,0.0
-2.9012,-3.78932,0.0
-2.9012,-3.73011,0.0
-2.9012,-3.6709,0.0
-2.9012,-3.61169,0.0
-2.9012,-3.55248,0.0
-2.9012,-3.49328,0.0
-2.9012,-3.43407,0.0
-2.9012,-3.37486,0.0
-2.9012,-3.31565,0.0
-2.9012,-3.25644,0.0
-2.9012,-3.19724,0.0
-2.9012,-3.13803,0.0
-2.9012,-3.07882,0.0
-2.9012,-3.01961,0.0
-2.9012,-2.9604,0.0
-2.9012,-2.9012,0.0
-2.9012,-2.84199,0.0
-2.9012,-2.78278,0.0
-2.9012,-2.72357,0.0
-2.9012,-2.66436,0.0
-2.9012,-2.60515,0.0
-2.9012,-2.54595,0.0
-2.9012,-2.48674,0.0
-2.9012,-2.42753,0.0
-2.9012,-2.36832,0.0
-2.9012,-2.30911,0.0
-2.9012,-2.24991,0.0
-2.9012,-2.1907,0.0
-2.9012,-2.13149,0.0
-2.9012,-2.07228,0.0
-2.9012,-2.01307,0.0
-2.9012,-1.95387,0.0
-2.9012,-1.89466,0.0
-2.9012,-1.83545,0.0
-2.9012,-1.77624,0.0
-2.9012,-1.71703,0.0
-2.9012,-1.65783,0.0
-2.9012,-1.59862,0.0
-2.9012,-1.53941,0.0
-2.9012,-1.4802,0.0
-2.9012,-1.42099,0.0
-2.9012,-1.36179,0.0
-2.9012,-1.30258,0.0
-2.9012,-1.24337,0.0
-2.9012,-1.18416,0.0
-2.9012,-1.12495,0.0
-2.9012,-1.06575,0.0
-2.9012,-1.00654,0.0
-2.9012,-0.94733,0.0
-2.9012,-0.88812,0.0
-2.9012,-0.82891,0.0
-2.9012,-0.7697,0.0
-2.9012,-0.7105,0.0
-2.9012,-0.65129,0.0
-2.9012,-0.59208,0.0
-2.9012,-0.53287,0.0
-2.9012,-0.47366,0.0
-2.9012,-0.41446,0.0
-2.9012,-0.35525,0.0
-2.9012,-0.29604,0.0
-2.9012,-0.23683,0.0
-2.9012,-0.17762,0.0
-2.9012,-0.11842,0.0
-2.9012,-0.05921,0.0
-2.9012,0,0.0
-2.9012,0.05921,0.0
-2.9012,0.11842,0.0
-2.9012,0.17762,0.0
-2.9012,0.23683,0.0
-2.9012,0.29604,0.0
-2.9012,0.35525,0.0
-2.9012,0.41446,0.0
-2.9012,0.47366,0.0
-2.9012,0.53287,0.0
-2.9012,0.59208,0.0
-2.9012,0.65129,0.0
-2.9012,0.7105,0.0
-2.9012,0.7697,0.0
-2.9012,0.82891,0.0
-2.9012,0.88812,0.0
-2.9012,0.94733,0.0
-2.9012,1.00654,0.0
-2.9012,1.06575,0.0
-2.9012,1.12495,0.0
-2.9012,1.18416,0.0
-2.9012,1.24337,0.0
-2.9012,1.30258,0.0
-2.9012,1.36179,0.0
-2.9012,1.42099,0.0
-2.9012,1.4802,0.0
-2.9012,1.53941,0.0
-2.9012,1.59862,0.0
-2.9012,1.65783,0.0
-2.9012,1.71703,0.0
-2.9012,1.77624,0.0
-2.9012,1.83545,0.0
-2.9012,1.89466,0.0
-2.9012,1.95387,0.0
-2.9012,2.01307,0.0
-2.9012,2.07228,0.0
-2.9012,2.13149,0.0
-2.9012,2.1907,0.0
-2.9012,2.24991,0.0
-2.9012,2.30911,0.0
-2.9012,2.36832,0.0
-2.9012,2.42753,0.0
-2.9012,2.48674,0.0
-2.9012,2.54595,0.0
-2.9012,2.60515,0.0
-2.9012,2.66436,0.0
-2.9012,2.72357,0.0
-2.9012,2.78278,0.0
-2.9012,2.84199,0.0
-2.9012,2.9012,0.0
-2.9012,2.9604,0.0
-2.9012,3.01961,0.0
-2.9012,3.07882,0.0
-2.9012,3.13803,0.0
-2.9012,3.19724,0.0
-2.9012,3.25644,0.0
-2.9012,3.31565,0.0
-2.9012,3.37486,0.0
-2.9012,3.43407,0.0
-2.9012,3.49328,0.0
-2.9012,3.55248,0.0
-2.9012,3.61169,0.0
-2.9012,3.6709,0.0
-2.9012,3.73011,0.0
-2.9012,3.78932,0.0
-2.9012,3.84852,0.0
-2.9012,3.90773,0.0
-2.9012,3.96694,0.0
-2.9012,4.02615,0.0
-2.9012,4.08536,0.0
-2.9012,4.14456,0.0
-2.9012,4.20377,0.0
-2.9012,4.26298,0.0
-2.9012,4.32219,0.0
-2.9012,4.3814,0.0
-2.9012,4.4406,0.0
-2.9012,4.49981,0.0
-2.9012,4.55902,0.0
-2.9012,4.61823,0.0
-2.9012,4.67744,0.0
-2.9012,4.73665,0.0
-2.9012,4.79585,0.0
-2.9012,4.85506,0.0
-2.9012,4.91427,0.0
-2.9012,4.97348,0.0
-2.84199,-5.03269,0.0
-2.84199,-4.97348,0.0
-2.84199,-4.91427,0.0
-2.84199,-4.85506,0.0
-2.84199,-4.79585,0.0
-2.84199,-4.73665,0.0
-2.84199,-4.67744,0.0
-2.84199,-4.61823,0.0
-2.84199,-4.55902,0.0
-2.84199,-4.49981,0.0
-2.84199,-4.4406,0.0
-2.84199,-4.3814,0.0
-2.84199,-4.32219,0.0
-2.84199,-4.26298,0.0
-2.84199,-4.20377,0.0
-2.84199,-4.14456,0.0
-2.84199,-4.08536,0.0
-2.84199,-4.02615,0.0
-2.84199,-3.96694,0.0
-2.84199,-3.90773,0.0
-2.84199,-3.84852,0.0
-2.84199,-3.78932,0.0
-2.84199,-3.73011,0.0
-2.84199,-3.6709,0.0
-2.84199,-3.61169,0.0
-2.84199,-3.55248,0.0
-2.84199,-3.49328,0.0
-2.84199,-3.43407,0.0
-2.84199,-3.37486,0.0
-2.84199,-3.31565,0.0
-2.84199,-3.25644,0.0
-2.84199,-3.19724,0.0
-2.84199,-3.13803,0.0
-2.84199,-3.07882,0.0
-2.84199,-3.01961,0.0
-2.84199,-2.9604,0.0
-2.84199,-2.9012,0.0
-2.84199,-2.84199,0.0
-2.84199,-2.78278,0.0
-2.84199,-2.72357,0.0
-2.84199,-2.66436,0.0
-2.84199,-2.60515,0.0
-2.84199,-2.54595,0.0
-2.84199,-2.48674,0.0
-2.84199,-2.42753,0.0
-2.84199,-2.36832,0.0
-2.84199,-2.30911,0.0
-2.84199,-2.24991,0.0
-2.84199,-2.1907,0.0
-2.84199,-2.13149,0.0
-2.84199,-2.07228,0.0
-2.84199,-2.01307,0.0
-2.84199,-1.95387,0.0
-2.84199,-1.89466,0.0
-2.84199,-1.83545,0.0
-2.84199,-1.77624,0.0
-2.84199,-1.71703,0.0
-2.84199,-1.65783,0.0
-2.84199,-1.59862,0.0
-2.84199,-1.53941,0.0
-2.84199,-1.4802,0.0
-2.84199,-1.42099,0.0
-2.84199,-1.36179,0.0
-2.84199,-1.30258,0.0
-2.84199,-1.24337,0.0
-2.84199,-1.18416,0.0
-2.84199,-1.12495,0.0
-2.84199,-1.06575,0.0
-2.84199,-1.00654,0.0
-2.84199,-0.94733,0.0
-2.84199,-0.88812,0.0
-2.84199,-0.82891,0.0
-2.84199,-0.7697,0.0
-2.84199,-0.7105,0.0
-2.84199,-0.65129,0.0
-2.84199,-0.59208,0.0
-2.84199,-0.53287,0.0
-2.84199,-0.47366,0.0
-2.84199,-0.41446,0.0
-2.84199,-0.35525,0.0
-2.84199,-0.29604,0.0
-2.84199,-0.23683,0.0
-2.84199,-0.17762,0.0
-2.84199,-0.11842,0.0
-2.84199,-0.05921,0.0
-2.84199,0,0.0
-2.84199,0.05921,0.0
-2.84199,0.11842,0.0
-2.84199,0.17762,0.0
-2.84199,0.23683,0.0
-2.84199,0.29604,0.0
-2.84199,0.35525,0.0
-2.84199,0.41446,0.0
-2.84199,0.47366,0.0
-2.84199,0.53287,0.0
-2.84199,0.59208,0.0
-2.84199,0.65129,0.0
-2.84199,0.7105,0.0
-2.84199,0.7697,0.0
-2.84199,0.82891,0.0
-2.84199,0.88812,0.0
-2.84199,0.94733,0.0
-2.84199,1.00654,0.0
-2.84199,1.06575,0.0
-2.84199,1.12495,0.0
-2.84199,1.18416,0.0
-2.84199,1.24337,0.0
-2.84199,1.30258,0.0
-2.84199,1.36179,0.0
-2.84199,1.42099,0.0
-2.84199,1.4802,0.0
-2.84199,1.53941,0.0
-2.84199,1.59862,0.0
-2.84199,1.65783,0.0
-2.84199,1.71703,0.0
-2.84199,1.77624,0.0
-2.84199,1.83545,0.0
-2.84199,1.89466,0.0
-2.84199,1.95387,0.0
-2.84199,2.01307,0.0
-2.84199,2.07228,0.0
-2.84199,2.13149,0.0
-2.84199,2.1907,0.0
-2.84199,2.24991,0.0
-2.84199,2.30911,0.0
-2.84199,2.36832,0.0
-2.84199,2.42753,0.0
-2.84199,2.48674,0.0
-2.84199,2.54595,0.0
-2.84199,2.60515,0.0
-2.84199,2.66436,0.0
-2.84199,2.72357,0.0
-2.84199,2.78278,0.0
-2.84199,2.84199,0.0
-2.84199,2.9012,0.0
-2.84199,2.9604,0.0
-2.84199,3.01961,0.0
-2.84199,3.07882,0.0
-2.84199,3.13803,0.0
-2.84199,3.19724,0.0
-2.84199,3.25644,0.0
-2.84199,3.31565,0.0
-2.84199,3.37486,0.0
-2.84199,3.43407,0.0
-2.84199,3.49328,0.0
-2.84199,3.55248,0.0
-2.84199,3.61169,0.0
-2.84199,3.6709,0.0
-2.84199,3.73011,0.0
-2.84199,3.78932,0.0
-2.84199,3.84852,0.0
-2.84199,3.90773,0.0
-2.84199,3.96694,0.0
-2.84199,4.02615,0.0
-2.84199,4.08536,0.0
-2.84199,4.14456,0.0
-2.84199,4.20377,0.0
-2.84199,4.26298,0.0
-2.84199,4.32219,0.0
-2.84199,4.3814,0.0
-2.84199,4.4406,0.0
-2.84199,4.49981,0.0
-2.84199,4.55902,0.0
-2.84199,4.61823,0.0
-2.84199,4.67744,0.0
-2.84199,4.73665,0.0
-2.84199,4.79585,0.0
-2.84199,4.85506,0.0
-2.84199,4.91427,0.0
-2.84199,4.97348,0.0
-2.84199,5.03269,0.0
-2.78278,-5.03269,0.0
-2.78278,-4.97348,0.0
-2.78278,-4.91427,0.0
-2.78278,-4.85506,0.0
-2.78278,-4.79585,0.0
-2.78278,-4.73665,0.0
-2.78278,-4.67744,0.0
-2.78278,-4.61823,0.0
-2.78278,-4.55902,0.0
-2.78278,-4.49981,0.0
-2.78278,-4.4406,0.0
-2.78278,-4.3814,0.0
-2.78278,-4.32219,0.0
-2.78278,-4.26298,0.0
-2.78278,-4.20377,0.0
-2.78278,-4.14456,0.0
-2.78278,-4.08536,0.0
-2.78278,-4.02615,0.0
-2.78278,-3.96694,0.0
-2.78278,-3.90773,0.0
-2.78278,-3.84852,0.0
-2.78278,-3.78932,0.0
-2.78278,-3.73011,0.0
-2.78278,-3.6709,0.0
-2.78278,-3.61169,0.0
-2.78278,-3.55248,0.0
-2.78278,-3.49328,0.0
-2.78278,-3.43407,0.0
-2.78278,-3.37486,0.0
-2.78278,-3.31565,0.0
-2.78278,-3.25644,0.0
-2.78278,-3.19724,0.0
-2.78278,-3.13803,0.0
-2.78278,-3.07882,0.0
-2.78278,-3.01961,0.0
-2.78278,-2.9604,0.0
-2.78278,-2.9012,0.0
-2.78278,-2.84199,0.0
-2.78278,-2.78278,0.0
-2.78278,-2.72357,0.0
-2.78278,-2.66436,0.0
-2.78278,-2.60515,0.0
-2.78278,-2.54595,0.0
-2.78278,-2.48674,0.0
-2.78278,-2.42753,0.0
-2.78278,-2.36832,0.0
-2.78278,-2.30911,0.0
-2.78278,-2.24991,0.0
-2.78278,-2.1907,0.0
-2.78278,-2.13149,0.0
-2.78278,-2.07228,0.0
-2.78278,-2.01307,0.0
-2.78278,-1.95387,0.0
-2.78278,-1.89466,0.0
-2.78278,-1.83545,0.0
-2.78278,-1.77624,0.0
-2.78278,-1.71703,0.0
-2.78278,-1.65783,0.0
-2.78278,-1.59862,0.0
-2.78278,-1.53941,0.0
-2.78278,-1.4802,0.0
-2.78278,-1.42099,0.0
-2.78278,-1.36179,0.0
-2.78278,-1.30258,0.0
-2.78278,-1.24337,0.0
-2.78278,-1.18416,0.0
-2.78278,-1.12495,0.0
-2.78278,-1.06575,0.0
-2.78278,-1.00654,0.0
-2.78278,-0.94733,0.0
-2.78278,-0.88812,0.0
-2.78278,-0.82891,0.0
-2.78278,-0.7697,0.0
-2.78278,-0.7105,0.0
-2.78278,-0.65129,0.0
-2.78278,-0.59208,0.0
-2.78278,-0.53287,0.0
-2.78278,-0.47366,0.0
-2.78278,-0.41446,0.0
-2.78278,-0.35525,0.0
-2.78278,-0.29604,0.0
-2.78278,-0.23683,0.0
-2.78278,-0.17762,0.0
-2.78278,-0.11842,0.0
-2.78278,-0.05921,0.0
-2.78278,0,0.0
-2.78278,0.05921,0.0
-2.78278,0.11842,0.0
-2.78278,0.17762,0.0
-2.78278,0.23683,0.0
-2.78278,0.29604,0.0
-2.78278,0.35525,0.0
-2.78278,0.41446,0.0
-2.78278,0.47366,0.0
-2.78278,0.53287,0.0
-2.78278,0.59208,0.0
-2.78278,0.65129,0.0
-2.78278,0.7105,0.0
-2.78278,0.7697,0.0
-2.78278,0.82891,0.0
-2.78278,0.88812,0.0
-2.78278,0.94733,0.0
-2.78278,1.00654,0.0
-2.78278,1.06575,0.0
-2.78278,1.12495,0.0
-2.78278,1.18416,0.0
-2.78278,1.24337,0.0
-2.78278,1.30258,0.0
-2.78278,1.36179,0.0
-2.78278,1.42099,0.0
-2.78278,1.4802,0.0
-2.78278,1.53941,0.0
-2.78278,1.59862,0.0
-2.78278,1.65783,0.0
-2.78278,1.71703,0.0
-2.78278,1.77624,0.0
-2.78278,1.83545,0.0
-2.78278,1.89466,0.0
-2.78278,1.95387,0.0
-2.78278,2.01307,0.0
-2.78278,2.07228,0.0
-2.78278,2.13149,0.0
-2.78278,2.1907,0.0
-2.78278,2.24991,0.0
-2.78278,2.30911,0.0
-2.78278,2.36832,0.0
-2.78278,2.42753,0.0
-2.78278,2.48674,0.0
-2.78278,2.54595,0.0
-2.78278,2.60515,0.0
-2.78278,2.66436,0.0
-2.78278,2.72357,0.0
-2.78278,2.78278,0.0
-2.78278,2.84199,0.0
-2.78278,2.9012,0.0
-2.78278,2.9604,0.0
-2.78278,3.01961,0.0
-2.78278,3.07882,0.0
-2.78278,3.13803,0.0
-2.78278,3.19724,0.0
-2.78278,3.25644,0.0
-2.78278,3.31565,0.0
-2.78278,3.37486,0.0
-2.78278,3.43407,0.0
-2.78278,3.49328,0.0
-2.78278,3.55248,0.0
-2.78278,3.61169,0.0
-2.78278,3.6709,0.0
-2.78278,3.73011,0.0
-2.78278,3.78932,0.0
-2.78278,3.84852,0.0
-2.78278,3.90773,0.0
-2.78278,3.96694,0.0
-2.78278,4.02615,0.0
-2.78278,4.08536,0.0
-2.78278,4.14456,0.0
-2.78278,4.20377,0.0
-2.78278,4.26298,0.0
-2.78278,4.32219,0.0
-2.78278,4.3814,0.0
-2.78278,4.4406,0.0
-2.78278,4.49981,0.0
-2.78278,4.55902,0.0
-2.78278,4.61823,0.0
-2.78278,4.67744,0.0
-2.78278,4.73665,0.0
-2.78278,4.79585,0.0
-2.78278,4.85506,0.0
-2.78278,4.91427,0.0
-2.78278,4.97348,0.0
-2.78278,5.03269,0.0
-2.72357,-5.09189,0.0
-2.72357,-5.03269,0.0
-2.72357,-4.97348,0.0
-2.72357,-4.91427,0.0
-2.72357,-4.85506,0.0
-2.72357,-4.79585,0.0
-2.72357,-4.73665,0.0
-2.72357,-4.67744,0.0
-2.72357,-4.61823,0.0
-2.72357,-4.55902,0.0
-2.72357,-4.49981,0.0
-2.72357,-4.4406,0.0
-2.72357,-4.3814,0.0
-2.72357,-4.32219,0.0
-2.72357,-4.26298,0.0
-2.72357,-4.20377,0.0
-2.72357,-4.14456,0.0
-2.72357,-4.08536,0.0
-2.72357,-4.02615,0.0
-2.72357,-3.96694,0.0
-2.72357,-3.90773,0.0
-2.72357,-3.84852,0.0
-2.72357,-3.78932,0.0
-2.72357,-3.73011,0.0
-2.72357,-3.6709,0.0
-2.72357,-3.61169,0.0
-2.72357,-3.55248,0.0
-2.72357,-3.49328,0.0
-2.72357,-3.43407,0.0
-2.72357,-3.37486,0.0
-2.72357,-3.31565,0.0
-2.72357,-3.25644,0.0
-2.72357,-3.19724,0.0
-2.72357,-3.13803,0.0
-2.72357,-3.07882,0.0
-2.72357,-3.01961,0.0
-2.72357,-2.9604,0.0
-2.72357,-2.9012,0.0
-2.72357,-2.84199,0.0
-2.72357,-2.78278,0.0
-2.72357,-2.72357,0.0
-2.72357,-2.66436,0.0
-2.72357,-2.60515,0.0
-2.72357,-2.54595,0.0
-2.72357,-2.48674,0.0
-2.72357,-2.42753,0.0
-2.72357,-2.36832,0.0
-2.72357,-2.30911,0.0
-2.72357,-2.24991,0.0
-2.72357,-2.1907,0.0
-2.72357,-2.13149,0.0
-2.72357,-2.07228,0.0
-2.72357,-2.01307,0.0
-2.72357,-1.95387,0.0
-2.72357,-1.89466,0.0
-2.72357,-1.83545,0.0
-2.72357,-1.77624,0.0
-2.72357,-1.71703,0.0
-2.72357,-1.65783,0.0
-2.72357,-1.59862,0.0
-2.72357,-1.53941,0.0
-2.72357,-1.4802,0.0
-2.72357,-1.42099,0.0
-2.72357,-1.36179,0.0
-2.72357,-1.30258,0.0
-2.72357,-1.24337,0.0
-2.72357,-1.18416,0.0
-2.72357,-1.12495,0.0
-2.72357,-1.06575,0.0
-2.72357,-1.00654,0.0
-2.72357,-0.94733,0.0
-2.72357,-0.88812,0.0
-2.72357,-0.82891,0.0
-2.72357,-0.7697,0.0
-2.72357,-0.7105,0.0
-2.72357,-0.65129,0.0
-2.72357,-0.59208,0.0
-2.72357,-0.53287,0.0
-2.72357,-0.47366,0.0
-2.72357,-0.41446,0.0
-2.72357,-0.35525,0.0
-2.72357,-0.29604,0.0
-2.72357,-0.23683,0.0
-2.72357,-0.17762,0.0
-2.72357,-0.11842,0.0
-2.72357,-0.05921,0.0
-2.72357,0,0.0
-2.72357,0.05921,0.0
-2.72357,0.11842,0.0
-2.72357,0.17762,0.0
-2.72357,0.23683,0.0
-2.72357,0.29604,0.0
-2.72357,0.35525,0.0
-2.72357,0.41446,0.0
-2.72357,0.47366,0.0
-2.72357,0.53287,0.0
-2.72357,0.59208,0.0
-2.72357,0.65129,0.0
-2.72357,0.7105,0.0
-2.72357,0.7697,0.0
-2.72357,0.82891,0.0
-2.72357,0.88812,0.0
-2.72357,0.94733,0.0
-2.72357,1.00654,0.0
-2.72357,1.06575,0.0
-2.72357,1.12495,0.0
-2.72357,1.18416,0.0
-2.72357,1.24337,0.0
-2.72357,1.30258,0.0
-2.72357,1.36179,0.0
-2.72357,1.42099,0.0
-2.72357,1.4802,0.0
-2.72357,1.53941,0.0
-2.72357,1.59862,0.0
-2.72357,1.65783,0.0
-2.72357,1.71703,0.0
-2.72357,1.77624,0.0
-2.72357,1.83545,0.0
-2.72357,1.89466,0.0
-2.72357,1.95387,0.0
-2.72357,2.01307,0.0
-2.72357,2.07228,0.0
-2.72357,2.13149,0.0
-2.72357,2.1907,0.0
-2.72357,2.24991,0.0
-2.72357,2.30911,0.0
-2.72357,2.36832,0.0
-2.72357,2.42753,0.0
-2.72357,2.48674,0.0
-2.72357,2.54595,0.0
-2.72357,2.60515,0.0
-2.72357,2.66436,0.0
-2.72357,2.72357,0.0
-2.72357,2.78278,0.0
-2.72357,2.84199,0.0
-2.72357,2.9012,0.0
-2.72357,2.9604,0.0
-2.72357,3.01961,0.0
-2.72357,3.07882,0.0
-2.72357,3.13803,0.0
-2.72357,3.19724,0.0
-2.72357,3.25644,0.0
-2.72357,3.31565,0.0
-2.72357,3.37486,0.0
-2.72357,3.43407,0.0
-2.72357,3.49328,0.0
-2.72357,3.55248,0.0
-2.72357,3.61169,0.0
-2.72357,3.6709,0.0
-2.72357,3.73011,0.0
-2.72357,3.78932,0.0
-2.72357,3.84852,0.0
-2.72357,3.90773,0.0
-2.72357,3.96694,0.0
-2.72357,4.02615,0.0
-2.72357,4.08536,0.0
-2.72357,4.14456,0.0
-2.72357,4.20377,0.0
-2.72357,4.26298,0.0
-2.72357,4.32219,0.0
-2.72357,4.3814,0.0
-2.72357,4.4406,0.0
-2.72357,4.49981,0.0
-2.72357,4.55902,0.0
-2.72357,4.61823,0.0
-2.72357,4.67744,0.0
-2.72357,4.73665,0.0
-2.72357,4.79585,0.0
-2.72357,4.85506,0.0
-2.72357,4.91427,0.0
-2.72357,4.97348,0.0
-2.72357,5.03269,0.0
-2.72357,5.09189,0.0
-2.66436,-5.1511,0.0
-2.66436,-5.09189,0.0
-2.66436,-5.03269,0.0
-2.66436,-4.97348,0.0
-2.66436,-4.91427,0.0
-2.66436,-4.85506,0.0
-2.66436,-4.79585,0.0
-2.66436,-4.73665,0.0
-2.66436,-4.67744,0.0
-2.66436,-4.61823,0.0
-2.66436,-4.55902,0.0
-2.66436,-4.49981,0.0
-2.66436,-4.4406,0.0
-2.66436,-4.3814,0.0
-2.66436,-4.32219,0.0
-2.66436,-4.26298,0.0
-2.66436,-4.20377,0.0
-2.66436,-4.14456,0.0
-2.66436,-4.08536,0.0
-2.66436,-4.02615,0.0
-2.66436,-3.96694,0.0
-2.66436,-3.90773,0.0
-2.66436,-3.84852,0.0
-2.66436,-3.78932,0.0
-2.66436,-3.73011,0.0
-2.66436,-3.6709,0.0
-2.66436,-3.61169,0.0
-2.66436,-3.55248,0.0
-2.66436,-3.49328,0.0
-2.66436,-3.43407,0.0
-2.66436,-3.37486,0.0
-2.66436,-3.31565,0.0
-2.66436,-3.25644,0.0
-2.66436,-3.19724,0.0
-2.66436,-3.13803,0.0
-2.66436,-3.07882,0.0
-2.66436,-3.01961,0.0
-2.66436,-2.9604,0.0
-2.66436,-2.9012,0.0
-2.66436,-2.84199,0.0
-2.66436,-2.78278,0.0
-2.66436,-2.72357,0.0
-2.66436,-2.66436,0.0
-2.66436,-2.60515,0.0
-2.66436,-2.54595,0.0
-2.66436,-2.48674,0.0
-2.66436,-2.42753,0.0
-2.66436,-2.36832,0.0
-2.66436,-2.30911,0.0
-2.66436,-2.24991,0.0
-2.66436,-2.1907,0.0
-2.66436,-2.13149,0.0
-2.66436,-2.07228,0.0
-2.66436,-2.01307,0.0
-2.66436,-1.95387,0.0
-2.66436,-1.89466,0.0
-2.66436,-1.83545,0.0
-2.66436,-1.77624,0.0
-2.66436,-1.71703,0.0
-2.66436,-1.65783,0.0
-2.66436,-1.59862,0.0
-2.66436,-1.53941,0.0
-2.66436,-1.4802,0.0
-2.66436,-1.42099,0.0
-2.66436,-1.36179,0.0
-2.66436,-1.30258,0.0
-2.66436,-1.24337,0.0
-2.66436,-1.18416,0.0
-2.66436,-1.12495,0.0
-2.66436,-1.06575,0.0
-2.66436,-1.00654,0.0
-2.66436,-0.94733,0.0
-2.66436,-0.88812,0.0
-2.66436,-0.82891,0.0
-2.66436,-0.7697,0.0
-2.66436,-0.7105,0.0
-2.66436,-0.65129,0.0
-2.66436,-0.59208,0.0
-2.66436,-0.53287,0.0
-2.66436,-0.47366,0.0
-2.66436,-0.41446,0.0
-2.66436,-0.35525,0.0
-2.66436,-0.29604,0.0
-2.66436,-0.23683,0.0
-2.66436,-0.17762,0.0
-2.66436,-0.11842,0.0
-2.66436,-0.05921,0.0
-2.66436,0,0.0
-2.66436,0.05921,0.0
-2.66436,0.11842,0.0
-2.66436,0.17762,0.0
-2.66436,0.23683,0.0
-2.66436,0.29604,0.0
-2.66436,0.35525,0.0
-2.66436,0.41446,0.0
-2.66436,0.47366,0.0
-2.66436,0.53287,0.0
-2.66436,0.59208,0.0
-2.66436,0.65129,0.0
-2.66436,0.7105,0.0
-2.66436,0.7697,0.0
-2.66436,0.82891,0.0
-2.66436,0.88812,0.0
-2.66436,0.94733,0.0
-2.66436,1.00654,0.0
-2.66436,1.06575,0.0
-2.66436,1.12495,0.0
-2.66436,1.18416,0.0
-2.66436,1.24337,0.0
-2.66436,1.30258,0.0
-2.66436,1.36179,0.0
-2.66436,1.42099,0.0
-2.66436,1.4802,0.0
-2.66436,1.53941,0.0
-2.66436,1.59862,0.0
-2.66436,1.65783,0.0
-2.66436,1.71703,0.0
-2.66436,1.77624,0.0
-2.66436,1.83545,0.0
-2.66436,1.89466,0.0
-2.66436,1.95387,0.0
-2.66436,2.01307,0.0
-2.66436,2.07228,0.0
-2.66436,2.13149,0.0
-2.66436,2.1907,0.0
-2.66436,2.24991,0.0
-2.66436,2.30911,0.0
-2.66436,2.36832,0.0
-2.66436,2.42753,0.0
-2.66436,2.48674,0.0
-2.66436,2.54595,0.0
-2.66436,2.60515,0.0
-2.66436,2.66436,0.0
-2.66436,2.72357,0.0
-2.66436,2.78278,0.0
-2.66436,2.84199,0.0
-2.66436,2.9012,0.0
-2.66436,2.9604,0.0
-2.66436,3.01961,0.0
-2.66436,3.07882,0.0
-2.66436,3.13803,0.0
-2.66436,3.19724,0.0
-2.66436,3.25644,0.0
-2.66436,3.31565,0.0
-2.66436,3.37486,0.0
-2.66436,3.43407,0.0
-2.66436,3.49328,0.0
-2.66436,3.55248,0.0
-2.66436,3.61169,0.0
-2.66436,3.6709,0.0
-2.66436,3.73011,0.0
-2.66436,3.78932,0.0
-2.66436,3.84852,0.0
-2.66436,3.90773,0.0
-2.66436,3.96694,0.0
-2.66436,4.02615,0.0
-2.66436,4.08536,0.0
-2.66436,4.14456,0.0
-2.66436,4.20377,0.0
-2.66436,4.26298,0.0
-2.66436,4.32219,0.0
-2.66436,4.3814,0.0
-2.66436,4.4406,0.0
-2.66436,4.49981,0.0
-2.66436,4.55902,0.0
-2.66436,4.61823,0.0
-2.66436,4.67744,0.0
-2.66436,4.73665,0.0
-2.66436,4.79585,0.0
-2.66436,4.85506,0.0
-2.66436,4.91427,0.0
-2.66436,4.97348,0.0
-2.66436,5.03269,0.0
-2.66436,5.09189,0.0
-2.66436,5.1511,0.0
-2.60515,-5.1511,0.0
-2.60515,-5.09189,0.0
-2.60515,-5.03269,0.0
-2.60515,-4.97348,0.0
-2.60515,-4.91427,0.0
-2.60515,-4.85506,0.0
-2.60515,-4.79585,0.0
-2.60515,-4.73665,0.0
-2.60515,-4.67744,0.0
-2.60515,-4.61823,0.0
-2.60515,-4.55902,0.0
-2.60515,-4.49981,0.0
-2.60515,-4.4406,0.0
-2.60515,-4.3814,0.0
-2.60515,-4.32219,0.0
-2.60515,-4.26298,0.0
-2.60515,-4.20377,0.0
-2.60515,-4.14456,0.0
-2.60515,-4.08536,0.0
-2.60515,-4.02615,0.0
-2.60515,-3.96694,0.0
-2.60515,-3.90773,0.0
-2.60515,-3.84852,0.0
-2.60515,-3.78932,0.0
-2.60515,-3.73011,0.0
-2.60515,-3.6709,0.0
-2.60515,-3.61169,0.0
-2.60515,-3.55248,0.0
-2.60515,-3.49328,0.0
-2.60515,-3.43407,0.0
-2.60515,-3.37486,0.0
-2.60515,-3.31565,0.0
-2.60515,-3.25644,0.0
-2.60515,-3.19724,0.0
-2.60515,-3.13803,0.0
-2.60515,-3.07882,0.0
-2.60515,-3.01961,0.0
-2.60515,-2.9604,0.0
-2.60515,-2.9012,0.0
-2.60515,-2.84199,0.0
-2.60515,-2.78278,0.0
-2.60515,-2.72357,0.0
-2.60515,-2.66436,0.0
-2.60515,-2.60515,0.0
-2.60515,-2.54595,0.0
-2.60515,-2.48674,0.0
-2.60515,-2.42753,0.0
-2.60515,-2.36832,0.0
-2.60515,-2.30911,0.0
-2.60515,-2.24991,0.0
-2.60515,-2.1907,0.0
-2.60515,-2.13149,0.0
-2.60515,-2.07228,0.0
-2.60515,-2.01307,0.0
-2.60515,-1.95387,0.0
-2.60515,-1.89466,0.0
-2.60515,-1.83545,0.0
-2.60515,-1.77624,0.0
-2.60515,-1.71703,0.0
-2.60515,-1.65783,0.0
-2.60515,-1.59862,0.0
-2.60515,-1.53941,0.0
-2.60515,-1.4802,0.0
-2.60515,-1.42099,0.0
-2.60515,-1.36179,0.0
-2.60515,-1.30258,0.0
-2.60515,-1.24337,0.0
-2.60515,-1.18416,0.0
-2.60515,-1.12495,0.0
-2.60515,-1.06575,0.0
-2.60515,-1.00654,0.0
-2.60515,-0.94733,0.0
-2.60515,-0.88812,0.0
-2.60515,-0.82891,0.0
-2.60515,-0.7697,0.0
-2.60515,-0.7105,0.0
-2.60515,-0.65129,0.0
-2.60515,-0.59208,0.0
-2.60515,-0.53287,0.0
-2.60515,-0.47366,0.0
-2.60515,-0.41446,0.0
-2.60515,-0.35525,0.0
-2.60515,-0.29604,0.0
-2.60515,-0.23683,0.0
-2.60515,-0.17762,0.0
-2.60515,-0.11842,0.0
-2.60515,-0.05921,0.0
-2.60515,0,0.0
-2.60515,0.05921,0.0
-2.60515,0.11842,0.0
-2.60515,0.17762,0.0
-2.60515,0.23683,0.0
-2.60515,0.29604,0.0
-2.60515,0.35525,0.0
-2.60515,0.41446,0.0
-2.60515,0.47366,0.0
-2.60515,0.53287,0.0
-2.60515,0.59208,0.0
-2.60515,0.65129,0.0
-2.60515,0.7105,0.0
-2.60515,0.7697,0.0
-2.60515,0.82891,0.0
-2.60515,0.88812,0.0
-2.60515,0.94733,0.0
-2.60515,1.00654,0.0
-2.60515,1.06575,0.0
-2.60515,1.12495,0.0
-2.60515,1.18416,0.0
-2.60515,1.24337,0.0
-2.60515,1.30258,0.0
-2.60515,1.36179,0.0
-2.60515,1.42099,0.0
-2.60515,1.4802,0.0
-2.60515,1.53941,0.0
-2.60515,1.59862,0.0
-2.60515,1.65783,0.0
-2.60515,1.71703,0.0
-2.60515,1.77624,0.0
-2.60515,1.83545,0.0
-2.60515,1.89466,0.0
-2.60515,1.95387,0.0
-2.60515,2.01307,0.0
-2.60515,2.07228,0.0
-2.60515,2.13149,0.0
-2.60515,2.1907,0.0
-2.60515,2.24991,0.0
-2.60515,2.30911,0.0
-2.60515,2.36832,0.0
-2.60515,2.42753,0.0
-2.60515,2.48674,0.0
-2.60515,2.54595,0.0
-2.60515,2.60515,0.0
-2.60515,2.66436,0.0
-2.60515,2.72357,0.0
-2.60515,2.78278,0.0
-2.60515,2.84199,0.0
-2.60515,2.9012,0.0
-2.60515,2.9604,0.0
-2.60515,3.01961,0.0
-2.60515,3.07882,0.0
-2.60515,3.13803,0.0
-2.60515,3.19724,0.0
-2.60515,3.25644,0.0
-2.60515,3.31565,0.0
-2.60515,3.37486,0.0
-2.60515,3.43407,0.0
-2.60515,3.49328,0.0
-2.60515,3.55248,0.0
-2.60515,3.61169,0.0
-2.60515,3.6709,0.0
-2.60515,3.73011,0.0
-2.60515,3.78932,0.0
-2.60515,3.84852,0.0
-2.60515,3.90773,0.0
-2.60515,3.96694,0.0
-2.60515,4.02615,0.0
-2.60515,4.08536,0.0
-2.60515,4.14456,0.0
-2.60515,4.20377,0.0
-2.60515,4.26298,0.0
-2.60515,4.32219,0.0
-2.60515,4.3814,0.0
-2.60515,4.4406,0.0
-2.60515,4.49981,0.0
-2.60515,4.55902,0.0
-2.60515,4.61823,0.0
-2.60515,4.67744,0.0
-2.60515,4.73665,0.0
-2.60515,4.79585,0.0
-2.60515,4.85506,0.0
-2.60515,4.91427,0.0
-2.60515,4.97348,0.0
-2.60515,5.03269,0.0
-2.60515,5.09189,0.0
-2.60515,5.1511,0.0
-2.54595,-5.21031,0.0
-2.54595,-5.1511,0.0
-2.54595,-5.09189,0.0
-2.54595,-5.03269,0.0
-2.54595,-4.97348,0.0
-2.54595,-4.91427,0.0
-2.54595,-4.85506,0.0
-2.54595,-4.79585,0.0
-2.54595,-4.73665,0.0
-2.54595,-4.67744,0.0
-2.54595,-4.61823,0.0
-2.54595,-4.55902,0.0
-2.54595,-4.49981,0.0
-2.54595,-4.4406,0.0
-2.54595,-4.3814,0.0
-2.54595,-4.32219,0.0
-2.54595,-4.26298,0.0
-2.54595,-4.20377,0.0
-2.54595,-4.14456,0.0
-2.54595,-4.08536,0.0
-2.54595,-4.02615,0.0
-2.54595,-3.96694,0.0
-2.54595,-3.90773,0.0
-2.54595,-3.84852,0.0
-2.54595,-3.78932,0.0
-2.54595,-3.73011,0.0
-2.54595,-3.6709,0.0
-2.54595,-3.61169,0.0
-2.54595,-3.55248,0.0
-2.54595,-3.49328,0.0
-2.54595,-3.43407,0.0
-2.54595,-3.37486,0.0
-2.54595,-3.31565,0.0
-2.54595,-3.25644,0.0
-2.54595,-3.19724,0.0
-2.54595,-3.13803,0.0
-2.54595,-3.07882,0.0
-2.54595,-3.01961,0.0
-2.54595,-2.9604,0.0
-2.54595,-2.9012,0.0
-2.54595,-2.84199,0.0
-2.54595,-2.78278,0.0
-2.54595,-2.72357,0.0
-2.54595,-2.66436,0.0
-2.54595,-2.60515,0.0
-2.54595,-2.54595,0.0
-2.54595,-2.48674,0.0
-2.54595,-2.42753,0.0
-2.54595,-2.36832,0.0
-2.54595,-2.30911,0.0
-2.54595,-2.24991,0.0
-2.54595,-2.1907,0.0
-2.54595,-2.13149,0.0
-2.54595,-2.07228,0.0
-2.54595,-2.01307,0.0
-2.54595,-1.95387,0.0
-2.54595,-1.89466,0.0
-2.54595,-1.83545,0.0
-2.54595,-1.77624,0.0
-2.54595,-1.71703,0.0
-2.54595,-1.65783,0.0
-2.54595,-1.59862,0.0
-2.54595,-1.53941,0.0
-2.54595,-1.4802,0.0
-2.54595,-1.42099,0.0
-2.54595,-1.36179,0.0
-2.54595,-1.30258,0.0
-2.54595,-1.24337,0.0
-2.54595,-1.18416,0.0
-2.54595,-1.12495,0.0
-2.54595,-1.06575,0.0
-2.54595,-1.00654,0.0
-2.54595,-0.94733,0.0
-2.54595,-0.88812,0.0
-2.54595,-0.82891,0.0
-2.54595,-0.7697,0.0
-2.54595,-0.7105,0.0
-2.54595,-0.65129,0.0
-2.54595,-0.59208,0.0
-2.54595,-0.53287,0.0
-2.54595,-0.47366,0.0
-2.54595,-0.41446,0.0
-2.54595,-0.35525,0.0
-2.54595,-0.29604,0.0
-2.54595,-0.23683,0.0
-2.54595,-0.17762,0.0
-2.54595,-0.11842,0.0
-2.54595,-0.05921,0.0
-2.54595,0,0.0
-2.54595,0.05921,0.0
-2.54595,0.11842,0.0
-2.54595,0.17762,0.0
-2.54595,0.23683,0.0
-2.54595,0.29604,0.0
-2.54595,0.35525,0.0
-2.54595,0.41446,0.0
-2.54595,0.47366,0.0
-2.54595,0.53287,0.0
-2.54595,0.59208,0.0
-2.54595,0.65129,0.0
-2.54595,0.7105,0.0
-2.54595,0.7697,0.0
-2.54595,0.82891,0.0
-2.54595,0.88812,0.0
-2.54595,0.94733,0.0
-2.54595,1.00654,0.0
-2.54595,1.06575,0.0
-2.54595,1.12495,0.0
-2.54595,1.18416,0.0
-2.54595,1.24337,0.0
-2.54595,1.30258,0.0
-2.54595,1.36179,0.0
-2.54595,1.42099,0.0
-2.54595,1.4802,0.0
-2.54595,1.53941,0.0
-2.54595,1.59862,0.0
-2.54595,1.65783,0.0
-2.54595,1.71703,0.0
-2.54595,1.77624,0.0
-2.54595,1.83545,0.0
-2.54595,1.89466,0.0
-2.54595,1.95387,0.0
-2.54595,2.01307,0.0
-2.54595,2.07228,0.0
-2.54595,2.13149,0.0
-2.54595,2.1907,0.0
-2.54595,2.24991,0.0
-2.54595,2.30911,0.0
-2.54595,2.36832,0.0
-2.54595,2.42753,0.0
-2.54595,2.48674,0.0
-2.54595,2.54595,0.0
-2.54595,2.60515,0.0
-2.54595,2.66436,0.0
-2.54595,2.72357,0.0
-2.54595,2.78278,0.0
-2.54595,2.84199,0.0
-2.54595,2.9012,0.0
-2.54595,2.9604,0.0
-2.54595,3.01961,0.0
-2.54595,3.07882,0.0
-2.54595,3.13803,0.0
-2.54595,3.19724,0.0
-2.54595,3.25644,0.0
-2.54595,3.31565,0.0
-2.54595,3.37486,0.0
-2.54595,3.43407,0.0
-2.54595,3.49328,0.0
-2.54595,3.55248,0.0
-2.54595,3.61169,0.0
-2.54595,3.6709,0.0
-2.54595,3.73011,0.0
-2.54595,3.78932,0.0
-2.54595,3.84852,0.0
-2.54595,3.90773,0.0
-2.54595,3.96694,0.0
-2.54595,4.02615,0.0
-2.54595,4.08536,0.0
-2.54595,4.14456,0.0
-2.54595,4.20377,0.0
-2.54595,4.26298,0.0
-2.54595,4.32219,0.0
-2.54595,4.3814,0.0
-2.54595,4.4406,0.0
-2.54595,4.49981,0.0
-2.54595,4.55902,0.0
-2.54595,4.61823,0.0
-2.54595,4.67744,0.0
-2.54595,4.73665,0.0
-2.54595,4.79585,0.0
-2.54595,4.85506,0.0
-2.54595,4.91427,0.0
-2.54595,4.97348,0.0
-2.54595,5.03269,0.0
-2.54595,5.09189,0.0
-2.54595,5.1511,0.0
-2.54595,5.21031,0.0
-2.48674,-5.21031,0.0
-2.48674,-5.1511,0.0
-2.48674,-5.09189,0.0
-2.48674,-5.03269,0.0
-2.48674,-4.97348,0.0
-2.48674,-4.91427,0.0
-2.48674,-4.85506,0.0
-2.48674,-4.79585,0.0
-2.48674,-4.73665,0.0
-2.48674,-4.67744,0.0
-2.48674,-4.61823,0.0
-2.48674,-4.55902,0.0
-2.48674,-4.49981,0.0
-2.48674,-4.4406,0.0
-2.48674,-4.3814,0.0
-2.48674,-4.32219,0.0
-2.48674,-4.26298,0.0
-2.48674,-4.20377,0.0
-2.48674,-4.14456,0.0
-2.48674,-4.08536,0.0
-2.48674,-4.02615,0.0
-2.48674,-3.96694,0.0
-2.48674,-3.90773,0.0
-2.48674,-3.84852,0.0
-2.48674,-3.78932,0.0
-2.48674,-3.73011,0.0
-2.48674,-3.6709,0.0
-2.48674,-3.61169,0.0
-2.48674,-3.55248,0.0
-2.48674,-3.49328,0.0
-2.48674,-3.43407,0.0
-2.48674,-3.37486,0.0
-2.48674,-3.31565,0.0
-2.48674,-3.25644,0.0
-2.48674,-3.19724,0.0
-2.48674,-3.13803,0.0
-2.48674,-3.07882,0.0
-2.48674,-3.01961,0.0
-2.48674,-2.9604,0.0
-2.48674,-2.9012,0.0
-2.48674,-2.84199,0.0
-2.48674,-2.78278,0.0
-2.48674,-2.72357,0.0
-2.48674,-2.66436,0.0
-2.48674,-2.60515,0.0
-2.48674,-2.54595,0.0
-2.48674,-2.48674,0.0
-2.48674,-2.42753,0.0
-2.48674,-2.36832,0.0
-2.48674,-2.30911,0.0
-2.48674,-2.24991,0.0
-2.48674,-2.1907,0.0
-2.48674,-2.13149,0.0
-2.48674,-2.07228,0.0
-2.48674,-2.01307,0.0
-2.48674,-1.95387,0.0
-2.48674,-1.89466,0.0
-2.48674,-1.83545,0.0
-2.48674,-1.77624,0.0
-2.48674,-1.71703,0.0
-2.48674,-1.65783,0.0
-2.48674,-1.59862,0.0
-2.48674,-1.53941,0.0
-2.48674,-1.4802,0.0
-2.48674,-1.42099,0.0
-2.48674,-1.36179,0.0
-2.48674,-1.30258,0.0
-2.48674,-1.24337,0.0
-2.48674,-1.18416,0.0
-2.48674,-1.12495,0.0
-2.48674,-1.06575,0.0
-2.48674,-1.00654,0.0
-2.48674,-0.94733,0.0
-2.48674,-0.88812,0.0
-2.48674,-0.82891,0.0
-2.48674,-0.7697,0.0
-2.48674,-0.7105,0.0
-2.48674,-0.65129,0.0
-2.48674,-0.59208,0.0
-2.48674,-0.53287,0.0
-2.48674,-0.47366,0.0
-2.48674,-0.41446,0.0
-2.48674,-0.35525,0.0
-2.48674,-0.29604,0.0
-2.48674,-0.23683,0.0
-2.48674,-0.17762,0.0
-2.48674,-0.11842,0.0
-2.48674,-0.05921,0.0
-2.48674,0,0.0
-2.48674,0.05921,0.0
-2.48674,0.11842,0.0
-2.48674,0.17762,0.0
-2.48674,0.23683,0.0
-2.48674,0.29604,0.0
-2.48674,0.35525,0.0
-2.48674,0.41446,0.0
-2.48674,0.47366,0.0
-2.48674,0.53287,0.0
-2.48674,0.59208,0.0
-2.48674,0.65129,0.0
-2.48674,0.7105,0.0
-2.48674,0.7697,0.0
-2.48674,0.82891,0.0
-2.48674,0.88812,0.0
-2.48674,0.94733,0.0
-2.48674,1.00654,0.0
-2.48674,1.06575,0.0
-2.48674,1.12495,0.0
-2.48674,1.18416,0.0
-2.48674,1.24337,0.0
-2.48674,1.30258,0.0
-2.48674,1.36179,0.0
-2.48674,1.42099,0.0
-2.48674,1.4802,0.0
-2.48674,1.53941,0.0
-2.48674,1.59862,0.0
-2.48674,1.65783,0.0
-2.48674,1.71703,0.0
-2.48674,1.77624,0.0
-2.48674,1.83545,0.0
-2.48674,1.89466,0.0
-2.48674,1.95387,0.0
-2.48674,2.01307,0.0
-2.48674,2.07228,0.0
-2.48674,2.13149,0.0
-2.48674,2.1907,0.0
-2.48674,2.24991,0.0
-2.48674,2.30911,0.0
-2.48674,2.36832,0.0
-2.48674,2.42753,0.0
-2.48674,2.48674,0.0
-2.48674,2.54595,0.0
-2.48674,2.60515,0.0
-2.48674,2.66436,0.0
-2.48674,2.72357,0.0
-2.48674,2.78278,0.0
-2.48674,2.84199,0.0
-2.48674,2.9012,0.0
-2.48674,2.9604,0.0
-2.48674,3.01961,0.0
-2.48674,3.07882,0.0
-2.48674,3.13803,0.0
-2.48674,3.19724,0.0
-2.48674,3.25644,0.0
-2.48674,3.31565,0.0
-2.48674,3.37486,0.0
-2.48674,3.43407,0.0
-2.48674,3.49328,0.0
-2.48674,3.55248,0.0
-2.48674,3.61169,0.0
-2.48674,3.6709,0.0
-2.48674,3.73011,0.0
-2.48674,3.78932,0.0
-2.48674,3.84852,0.0
-2.48674,3.90773,0.0
-2.48674,3.96694,0.0
-2.48674,4.02615,0.0
-2.48674,4.08536,0.0
-2.48674,4.14456,0.0
-2.48674,4.20377,0.0
-2.48674,4.26298,0.0
-2.48674,4.32219,0.0
-2.48674,4.3814,0.0
-2.48674,4.4406,0.0
-2.48674,4.49981,0.0
-2.48674,4.55902,0.0
-2.48674,4.61823,0.0
-2.48674,4.67744,0.0
-2.48674,4.73665,0.0
-2.48674,4.79585,0.0
-2.48674,4.85506,0.0
-2.48674,4.91427,0.0
-2.48674,4.97348,0.0
-2.48674,5.03269,0.0
-2.48674,5.09189,0.0
-2.48674,5.1511,0.0
-2.48674,5.21031,0.0
-2.42753,-5.21031,0.0
-2.42753,-5.1511,0.0
-2.42753,-5.09189,0.0
-2.42753,-5.03269,0.0
-2.42753,-4.97348,0.0
-2.42753,-4.91427,0.0
-2.42753,-4.85506,0.0
-2.42753,-4.79585,0.0
-2.42753,-4.73665,0.0
-2.42753,-4.67744,0.0
-2.42753,-4.61823,0.0
-2.42753,-4.55902,0.0
-2.42753,-4.49981,0.0
-2.42753,-4.4406,0.0
-2.42753,-4.3814,0.0
-2.42753,-4.32219,0.0
-2.42753,-4.26298,0.0
-2.42753,-4.20377,0.0
-2.42753,-4.14456,0.0
-2.42753,-4.08536,0.0
-2.42753,-4.02615,0.0
-2.42753,-3.96694,0.0
-2.42753,-3.90773,0.0
-2.42753,-3.84852,0.0
-2.42753,-3.78932,0.0
-2.42753,-3.73011,0.0
-2.42753,-3.6709,0.0
-2.42753,-3.61169,0.0
-2.42753,-3.55248,0.0
-2.42753,-3.49328,0.0
-2.42753,-3.43407,0.0
-2.42753,-3.37486,0.0
-2.42753,-3.31565,0.0
-2.42753,-3.25644,0.0
-2.42753,-3.19724,0.0
-2.42753,-3.13803,0.0
-2.42753,-3.07882,0.0
-2.42753,-3.01961,0.0
-2.42753,-2.9604,0.0
-2.42753,-2.9012,0.0
-2.42753,-2.84199,0.0
-2.42753,-2.78278,0.0
-2.42753,-2.72357,0.0
-2.42753,-2.66436,0.0
-2.42753,-2.60515,0.0
-2.42753,-2.54595,0.0
-2.42753,-2.48674,0.0
-2.42753,-2.42753,0.0
-2.42753,-2.36832,0.0
-2.42753,-2.30911,0.0
-2.42753,-2.24991,0.0
-2.42753,-2.1907,0.0
-2.42753,-2.13149,0.0
-2.42753,-2.07228,0.0
-2.42753,-2.01307,0.0
-2.42753,-1.95387,0.0
-2.42753,-1.89466,0.0
-2.42753,-1.83545,0.0
-2.42753,-1.77624,0.0
-2.42753,-1.71703,0.0
-2.42753,-1.65783,0.0
-2.42753,-1.59862,0.0
-2.42753,-1.53941,0.0
-2.42753,-1.4802,0.0
-2.42753,-1.42099,0.0
-2.42753,-1.36179,0.0
-2.42753,-1.30258,0.0
-2.42753,-1.24337,0.0
-2.42753,-1.18416,0.0
-2.42753,-1.12495,0.0
-2.42753,-1.06575,0.0
-2.42753,-1.00654,0.0
-2.42753,-0.94733,0.0
-2.42753,-0.88812,0.0
-2.42753,-0.82891,0.0
-2.42753,-0.7697,0.0
-2.42753,-0.7105,0.0
-2.42753,-0.65129,0.0
-2.42753,-0.59208,0.0
-2.42753,-0.53287,0.0
-2.42753,-0.47366,0.0
-2.42753,-0.41446,0.0
-2.42753,-0.35525,0.0
-2.42753,-0.29604,0.0
-2.42753,-0.23683,0.0
-2.42753,-0.17762,0.0
-2.42753,-0.11842,0.0
-2.42753,-0.05921,0.0
-2.42753,0,0.0
-2.42753,0.05921,0.0
-2.42753,0.11842,0.0
-2.42753,0.17762,0.0
-2.42753,0.23683,0.0
-2.42753,0.29604,0.0
-2.42753,0.35525,0.0
-2.42753,0.41446,0.0
-2.42753,0.47366,0.0
-2.42753,0.53287,0.0
-2.42753,0.59208,0.0
-2.42753,0.65129,0.0
-2.42753,0.7105,0.0
-2.42753,0.7697,0.0
-2.42753,0.82891,0.0
-2.42753,0.88812,0.0
-2.42753,0.94733,0.0
-2.42753,1.00654,0.0
-2.42753,1.06575,0.0
-2.42753,1.12495,0.0
-2.42753,1.18416,0.0
-2.42753,1.24337,0.0
-2.42753,1.30258,0.0
-2.42753,1.36179,0.0
-2.42753,1.42099,0.0
-2.42753,1.4802,0.0
-2.42753,1.53941,0.0
-2.42753,1.59862,0.0
-2.42753,1.65783,0.0
-2.42753,1.71703,0.0
-2.42753,1.77624,0.0
-2.42753,1.83545,0.0
-2.42753,1.89466,0.0
-2.42753,1.95387,0.0
-2.42753,2.01307,0.0
-2.42753,2.07228,0.0
-2.42753,2.13149,0.0
-2.42753,2.1907,0.0
-2.42753,2.24991,0.0
-2.42753,2.30911,0.0
-2.42753,2.36832,0.0
-2.42753,2.42753,0.0
-2.42753,2.48674,0.0
-2.42753,2.54595,0.0
-2.42753,2.60515,0.0
-2.42753,2.66436,0.0
-2.42753,2.72357,0.0
-2.42753,2.78278,0.0
-2.42753,2.84199,0.0
-2.42753,2.9012,0.0
-2.42753,2.9604,0.0
-2.42753,3.01961,0.0
-2.42753,3.07882,0.0
-2.42753,3.13803,0.0
-2.42753,3.19724,0.0
-2.42753,3.25644,0.0
-2.42753,3.31565,0.0
-2.42753,3.37486,0.0
-2.42753,3.43407,0.0
-2.42753,3.49328,0.0
-2.42753,3.55248,0.0
-2.42753,3.61169,0.0
-2.42753,3.6709,0.0
-2.42753,3.73011,0.0
-2.42753,3.78932,0.0
-2.42753,3.84852,0.0
-2.42753,3.90773,0.0
-2.42753,3.96694,0.0
-2.42753,4.02615,0.0
-2.42753,4.08536,0.0
-2.42753,4.14456,0.0
-2.42753,4.20377,0.0
-2.42753,4.26298,0.0
-2.42753,4.32219,0.0
-2.42753,4.3814,0.0
-2.42753,4.4406,0.0
-2.42753,4.49981,0.0
-2.42753,4.55902,0.0
-2.42753,4.61823,0.0
-2.42753,4.67744,0.0
-2.42753,4.73665,0.0
-2.42753,4.79585,0.0
-2.42753,4.85506,0.0
-2.42753,4.91427,0.0
-2.42753,4.97348,0.0
-2.42753,5.03269,0.0
-2.42753,5.09189,0.0
-2.42753,5.1511,0.0
-2.42753,5.21031,0.0
-2.36832,-5.26952,0.0
-2.36832,-5.21031,0.0
-2.36832,-5.1511,0.0
-2.36832,-5.09189,0.0
-2.36832,-5.03269,0.0
-2.36832,-4.97348,0.0
-2.36832,-4.91427,0.0
-2.36832,-4.85506,0.0
-2.36832,-4.79585,0.0
-2.36832,-4.73665,0.0
-2.36832,-4.67744,0.0
-2.36832,-4.61823,0.0
-2.36832,-4.55902,0.0
-2.36832,-4.49981,0.0
-2.36832,-4.4406,0.0
-2.36832,-4.3814,0.0
-2.36832,-4.32219,0.0
-2.36832,-4.26298,0.0
-2.36832,-4.20377,0.0
-2.36832,-4.14456,0.0
-2.36832,-4.08536,0.0
-2.36832,-4.02615,0.0
-2.36832,-3.96694,0.0
-2.36832,-3.90773,0.0
-2.36832,-3.84852,0.0
-2.36832,-3.78932,0.0
-2.36832,-3.73011,0.0
-2.36832,-3.6709,0.0
-2.36832,-3.61169,0.0
-2.36832,-3.55248,0.0
-2.36832,-3.49328,0.0
-2.36832,-3.43407,0.0
-2.36832,-3.37486,0.0
-2.36832,-3.31565,0.0
-2.36832,-3.25644,0.0
-2.36832,-3.19724,0.0
-2.36832,-3.13803,0.0
-2.36832,-3.07882,0.0
-2.36832,-3.01961,0.0
-2.36832,-2.9604,0.0
-2.36832,-2.9012,0.0
-2.36832,-2.84199,0.0
-2.36832,-2.78278,0.0
-2.36832,-2.72357,0.0
-2.36832,-2.66436,0.0
-2.36832,-2.60515,0.0
-2.36832,-2.54595,0.0
-2.36832,-2.48674,0.0
-2.36832,-2.42753,0.0
-2.36832,-2.36832,0.0
-2.36832,-2.30911,0.0
-2.36832,-2.24991,0.0
-2.36832,-2.1907,0.0
-2.36832,-2.13149,0.0
-2.36832,-2.07228,0.0
-2.36832,-2.01307,0.0
-2.36832,-1.95387,0.0
-2.36832,-1.89466,0.0
-2.36832,-1.83545,0.0
-2.36832,-1.77624,0.0
-2.36832,-1.71703,0.0
-2.36832,-1.65783,0.0
-2.36832,-1.59862,0.0
-2.36832,-1.53941,0.0
-2.36832,-1.4802,0.0
-2.36832,-1.42099,0.0
-2.36832,-1.36179,0.0
-2.36832,-1.30258,0.0
-2.36832,-1.24337,0.0
-2.36832,-1.18416,0.0
-2.36832,-1.12495,0.0
-2.36832,-1.06575,0.0
-2.36832,-1.00654,0.0
-2.36832,-0.94733,0.0
-2.36832,-0.88812,0.0
-2.36832,-0.82891,0.0
-2.36832,-0.7697,0.0
-2.36832,-0.7105,0.0
-2.36832,-0.65129,0.0
-2.36832,-0.59208,0.0
-2.36832,-0.53287,0.0
-2.36832,-0.47366,0.0
-2.36832,-0.41446,0.0
-2.36832,-0.35525,0.0
-2.36832,-0.29604,0.0
-2.36832,-0.23683,0.0
-2.36832,-0.17762,0.0
-2.36832,-0.11842,0.0
-2.36832,-0.05921,0.0
-2.36832,0,0.0
-2.36832,0.05921,0.0
-2.36832,0.11842,0.0
-2.36832,0.17762,0.0
-2.36832,0.23683,0.0
-2.36832,0.29604,0.0
-2.36832,0.35525,0.0
-2.36832,0.41446,0.0
-2.36832,0.47366,0.0
-2.36832,0.53287,0.0
-2.36832,0.59208,0.0
-2.36832,0.65129,0.0
-2.36832,0.7105,0.0
-2.36832,0.7697,0.0
-2.36832,0.82891,0.0
-2.36832,0.88812,0.0
-2.36832,0.94733,0.0
-2.36832,1.00654,0.0
-2.36832,1.06575,0.0
-2.36832,1.12495,0.0
-2.36832,1.18416,0.0
-2.36832,1.24337,0.0
-2.36832,1.30258,0.0
-2.36832,1.36179,0.0
-2.36832,1.42099,0.0
-2.36832,1.4802,0.0
-2.36832,1.53941,0.0
-2.36832,1.59862,0.0
-2.36832,1.65783,0.0
-2.36832,1.71703,0.0
-2.36832,1.77624,0.0
-2.36832,1.83545,0.0
-2.36832,1.89466,0.0
-2.36832,1.95387,0.0
-2.36832,2.01307,0.0
-2.36832,2.07228,0.0
-2.36832,2.13149,0.0
-2.36832,2.1907,0.0
-2.36832,2.24991,0.0
-2.36832,2.30911,0.0
-2.36832,2.36832,0.0
-2.36832,2.42753,0.0
-2.36832,2.48674,0.0
-2.36832,2.54595,0.0
-2.36832,2.60515,0.0
-2.36832,2.66436,0.0
-2.36832,2.72357,0.0
-2.36832,2.78278,0.0
-2.36832,2.84199,0.0
-2.36832,2.9012,0.0
-2.36832,2.9604,0.0
-2.36832,3.01961,0.0
-2.36832,3.07882,0.0
-2.36832,3.13803,0.0
-2.36832,3.19724,0.0
-2.36832,3.25644,0.0
-2.36832,3.31565,0.0
-2.36832,3.37486,0.0
-2.36832,3.43407,0.0
-2.36832,3.49328,0.0
-2.36832,3.55248,0.0
-2.36832,3.61169,0.0
-2.36832,3.6709,0.0
-2.36832,3.73011,0.0
-2.36832,3.78932,0.0
-2.36832,3.84852,0.0
-2.36832,3.90773,0.0
-2.36832,3.96694,0.0
-2.36832,4.02615,0.0
-2.36832,4.08536,0.0
-2.36832,4.14456,0.0
-2.36832,4.20377,0.0
-2.36832,4.26298,0.0
-2.36832,4.32219,0.0
-2.36832,4.3814,0.0
-2.36832,4.4406,0.0
-2.36832,4.49981,0.0
-2.36832,4.55902,0.0
-2.36832,4.61823,0.0
-2.36832,4.67744,0.0
-2.36832,4.73665,0.0
-2.36832,4.79585,0.0
-2.36832,4.85506,0.0
-2.36832,4.91427,0.0
-2.36832,4.97348,0.0
-2.36832,5.03269,0.0
-2.36832,5.09189,0.0
-2.36832,5.1511,0.0
-2.36832,5.21031,0.0
-2.36832,5.26952,0.0
-2.30911,-5.26952,0.0
-2.30911,-5.21031,0.0
-2.30911,-5.1511,0.0
-2.30911,-5.09189,0.0
-2.30911,-5.03269,0.0
-2.30911,-4.97348,0.0
-2.30911,-4.91427,0.0
-2.30911,-4.85506,0.0
-2.30911,-4.79585,0.0
-2.30911,-4.73665,0.0
-2.30911,-4.67744,0.0
-2.30911,-4.61823,0.0
-2.30911,-4.55902,0.0
-2.30911,-4.49981,0.0
-2.30911,-4.4406,0.0
-2.30911,-4.3814,0.0
-2.30911,-4.32219,0.0
-2.30911,-4.26298,0.0
-2.30911,-4.20377,0.0
-2.30911,-4.14456,0.0
-2.30911,-4.08536,0.0
-2.30911,-4.02615,0.0
-2.30911,-3.96694,0.0
-2.30911,-3.90773,0.0
-2.30911,-3.84852,0.0
-2.30911,-3.78932,0.0
-2.30911,-3.73011,0.0
-2.30911,-3.6709,0.0
-2.30911,-3.61169,0.0
-2.30911,-3.55248,0.0
-2.30911,-3.49328,0.0
-2.30911,-3.43407,0.0
-2.30911,-3.37486,0.0
-2.30911,-3.31565,0.0
-2.30911,-3.25644,0.0
-2.30911,-3.19724,0.0
-2.30911,-3.13803,0.0
-2.30911,-3.07882,0.0
-2.30911,-3.01961,0.0
-2.30911,-2.9604,0.0
-2.30911,-2.9012,0.0
-2.30911,-2.84199,0.0
-2.30911,-2.78278,0.0
-2.30911,-2.72357,0.0
-2.30911,-2.66436,0.0
-2.30911,-2.60515,0.0
-2.30911,-2.54595,0.0
-2.30911,-2.48674,0.0
-2.30911,-2.42753,0.0
-2.30911,-2.36832,0.0
-2.30911,-2.30911,0.0
-2.30911,-2.24991,0.0
-2.30911,-2.1907,0.0
-2.30911,-2.13149,0.0
-2.30911,-2.07228,0.0
-2.30911,-2.01307,0.0
-2.30911,-1.95387,0.0
-2.30911,-1.89466,0.0
-2.30911,-1.83545,0.0
-2.30911,-1.77624,0.0
-2.30911,-1.71703,0.0
-2.30911,-1.65783,0.0
-2.30911,-1.59862,0.0
-2.30911,-1.53941,0.0
-2.30911,-1.4802,0.0
-2.30911,-1.42099,0.0
-2.30911,-1.36179,0.0
-2.30911,-1.30258,0.0
-2.30911,-1.24337,0.0
-2.30911,-1.18416,0.0
-2.30911,-1.12495,0.0
-2.30911,-1.06575,0.0
-2.30911,-1.00654,0.0
-2.30911,-0.94733,0.0
-2.30911,-0.88812,0.0
-2.30911,-0.82891,0.0
-2.30911,-0.7697,0.0
-2.30911,-0.7105,0.0
-2.30911,-0.65129,0.0
-2.30911,-0.59208,0.0
-2.30911,-0.53287,0.0
-2.30911,-0.47366,0.0
-2.30911,-0.41446,0.0
-2.30911,-0.35525,0.0
-2.30911,-0.29604,0.0
-2.30911,-0.23683,0.0
-2.30911,-0.17762,0.0
-2.30911,-0.11842,0.0
-2.30911,-0.05921,0.0
-2.30911,0,0.0
-2.30911,0.05921,0.0
-2.30911,0.11842,0.0
-2.30911,0.17762,0.0
-2.30911,0.23683,0.0
-2.30911,0.29604,0.0
-2.30911,0.35525,0.0
-2.30911,0.41446,0.0
-2.30911,0.47366,0.0
-2.30911,0.53287,0.0
-2.30911,0.59208,0.0
-2.30911,0.65129,0.0
-2.30911,0.7105,0.0
-2.30911,0.7697,0.0
-2.30911,0.82891,0.0
-2.30911,0.88812,0.0
-2.30911,0.94733,0.0
-2.30911,1.00654,0.0
-2.30911,1.06575,0.0
-2.30911,1.12495,0.0
-2.30911,1.18416,0.0
-2.30911,1.24337,0.0
-2.30911,1.30258,0.0
-2.30911,1.36179,0.0
-2.30911,1.42099,0.0
-2.30911,1.4802,0.0
-2.30911,1.53941,0.0
-2.30911,1.59862,0.0
-2.30911,1.65783,0.0
-2.30911,1.71703,0.0
-2.30911,1.77624,0.0
-2.30911,1.83545,0.0
-2.30911,1.89466,0.0
-2.30911,1.95387,0.0
-2.30911,2.01307,0.0
-2.30911,2.07228,0.0
-2.30911,2.13149,0.0
-2.30911,2.1907,0.0
-2.30911,2.24991,0.0
-2.30911,2.30911,0.0
-2.30911,2.36832,0.0
-2.30911,2.42753,0.0
-2.30911,2.48674,0.0
-2.30911,2.54595,0.0
-2.30911,2.60515,0.0
-2.30911,2.66436,0.0
-2.30911,2.72357,0.0
-2.30911,2.78278,0.0
-2.30911,2.84199,0.0
-2.30911,2.9012,0.0
-2.30911,2.9604,0.0
-2.30911,3.01961,0.0
-2.30911,3.07882,0.0
-2.30911,3.13803,0.0
-2.30911,3.19724,0.0
-2.30911,3.25644,0.0
-2.30911,3.31565,0.0
-2.30911,3.37486,0.0
-2.30911,3.43407,0.0
-2.30911,3.49328,0.0
-2.30911,3.55248,0.0
-2.30911,3.61169,0.0
-2.30911,3.6709,0.0
-2.30911,3.73011,0.0
-2.30911,3.78932,0.0
-2.30911,3.84852,0.0
-2.30911,3.90773,0.0
-2.30911,3.96694,0.0
-2.30911,4.02615,0.0
-2.30911,4.08536,0.0
-2.30911,4.14456,0.0
-2.30911,4.20377,0.0
-2.30911,4.26298,0.0
-2.30911,4.32219,0.0
-2.30911,4.3814,0.0
-2.30911,4.4406,0.0
-2.30911,4.49981,0.0
-2.30911,4.55902,0.0
-2.30911,4.61823,0.0
-2.30911,4.67744,0.0
-2.30911,4.73665,0.0
-2.30911,4.79585,0.0
-2.30911,4.85506,0.0
-2.30911,4.91427,0.0
-2.30911,4.97348,0.0
-2.30911,5.03269,0.0
-2.30911,5.09189,0.0
-2.30911,5.1511,0.0
-2.30911,5.21031,0.0
-2.30911,5.26952,0.0
-2.24991,-5.32873,0.0
-2.24991,-5.26952,0.0
-2.24991,-5.21031,0.0
-2.24991,-5.1511,0.0
-2.24991,-5.09189,0.0
-2.24991,-5.03269,0.0
-2.24991,-4.97348,0.0
-2.24991,-4.91427,0.0
-2.24991,-4.85506,0.0
-2.24991,-4.79585,0.0
-2.24991,-4.73665,0.0
-2.24991,-4.67744,0.0
-2.24991,-4.61823,0.0
-2.24991,-4.55902,0.0
-2.24991,-4.49981,0.0
-2.24991,-4.4406,0.0
-2.24991,-4.3814,0.0
-2.24991,-4.32219,0.0
-2.24991,-4.26298,0.0
-2.24991,-4.20377,0.0
-2.24991,-4.14456,0.0
-2.24991,-4.08536,0.0
-2.24991,-4.02615,0.0
-2.24991,-3.96694,0.0
-2.24991,-3.90773,0.0
-2.24991,-3.84852,0.0
-2.24991,-3.78932,0.0
-2.24991,-3.73011,0.0
-2.24991,-3.6709,0.0
-2.24991,-3.61169,0.0
-2.24991,-3.55248,0.0
-2.24991,-3.49328,0.0
-2.24991,-3.43407,0.0
-2.24991,-3.37486,0.0
-2.24991,-3.31565,0.0
-2.24991,-3.25644,0.0
-2.24991,-3.19724,0.0
-2.24991,-3.13803,0.0
-2.24991,-3.07882,0.0
-2.24991,-3.01961,0.0
-2.24991,-2.9604,0.0
-2.24991,-2.9012,0.0
-2.24991,-2.84199,0.0
-2.24991,-2.78278,0.0
-2.24991,-2.72357,0.0
-2.24991,-2.66436,0.0
-2.24991,-2.60515,0.0
-2.24991,-2.54595,0.0
-2.24991,-2.48674,0.0
-2.24991,-2.42753,0.0
-2.24991,-2.36832,0.0
-2.24991,-2.30911,0.0
-2.24991,-2.24991,0.0
-2.24991,-2.1907,0.0
-2.24991,-2.13149,0.0
-2.24991,-2.07228,0.0
-2.24991,-2.01307,0.0
-2.24991,-1.95387,0.0
-2.24991,-1.89466,0.0
-2.24991,-1.83545,0.0
-2.24991,-1.77624,0.0
-2.24991,-1.71703,0.0
-2.24991,-1.65783,0.0
-2.24991,-1.59862,0.0
-2.24991,-1.53941,0.0
-2.24991,-1.4802,0.0
-2.24991,-1.42099,0.0
-2.24991,-1.36179,0.0
-2.24991,-1.30258,0.0
-2.24991,-1.24337,0.0
-2.24991,-1.18416,0.0
-2.24991,-1.12495,0.0
-2.24991,-1.06575,0.0
-2.24991,-1.00654,0.0
-2.24991,-0.94733,0.0
-2.24991,-0.88812,0.0
-2.24991,-0.82891,0.0
-2.24991,-0.7697,0.0
-2.24991,-0.7105,0.0
-2.24991,-0.65129,0.0
-2.24991,-0.59208,0.0
-2.24991,-0.53287,0.0
-2.24991,-0.47366,0.0
-2.24991,-0.41446,0.0
-2.24991,-0.35525,0.0
-2.24991,-0.29604,0.0
-2.24991,-0.23683,0.0
-2.24991,-0.17762,0.0
-2.24991,-0.11842,0.0
-2.24991,-0.05921,0.0
-2.24991,0,0.0
-2.24991,0.05921,0.0
-2.24991,0.11842,0.0
-2.24991,0.17762,0.0
-2.24991,0.23683,0.0
-2.24991,0.29604,0.0
-2.24991,0.35525,0.0
-2.24991,0.41446,0.0
-2.24991,0.47366,0.0
-2.24991,0.53287,0.0
-2.24991,0.59208,0.0
-2.24991,0.65129,0.0
-2.24991,0.7105,0.0
-2.24991,0.7697,0.0
-2.24991,0.82891,0.0
-2.24991,0.88812,0.0
-2.24991,0.94733,0.0
-2.24991,1.00654,0.0
-2.24991,1.06575,0.0
-2.24991,1.12495,0.0
-2.24991,1.18416,0.0
-2.24991,1.24337,0.0
-2.24991,1.30258,0.0
-2.24991,1.36179,0.0
-2.24991,1.42099,0.0
-2.24991,1.4802,0.0
-2.24991,1.53941,0.0
-2.24991,1.59862,0.0
-2.24991,1.65783,0.0
-2.24991,1.71703,0.0
-2.24991,1.77624,0.0
-2.24991,1.83545,0.0
-2.24991,1.89466,0.0
-2.24991,1.95387,0.0
-2.24991,2.01307,0.0
-2.24991,2.07228,0.0
-2.24991,2.13149,0.0
-2.24991,2.1907,0.0
-2.24991,2.24991,0.0
-2.24991,2.30911,0.0
-2.24991,2.36832,0.0
-2.24991,2.42753,0.0
-2.24991,2.48674,0.0
-2.24991,2.54595,0.0
-2.24991,2.60515,0.0
-2.24991,2.66436,0.0
-2.24991,2.72357,0.0
-2.24991,2.78278,0.0
-2.24991,2.84199,0.0
-2.24991,2.9012,0.0
-2.24991,2.9604,0.0
-2.24991,3.01961,0.0
-2.24991,3.07882,0.0
-2.24991,3.13803,0.0
-2.24991,3.19724,0.0
-2.24991,3.25644,0.0
-2.24991,3.31565,0.0
-2.24991,3.37486,0.0
-2.24991,3.43407,0.0
-2.24991,3.49328,0.0
-2.24991,3.55248,0.0
-2.24991,3.61169,0.0
-2.24991,3.6709,0.0
-2.24991,3.73011,0.0
-2.24991,3.78932,0.0
-2.24991,3.84852,0.0
-2.24991,3.90773,0.0
-2.24991,3.96694,0.0
-2.24991,4.02615,0.0
-2.24991,4.08536,0.0
-2.24991,4.14456,0.0
-2.24991,4.20377,0.0
-2.24991,4.26298,0.0
-2.24991,4.32219,0.0
-2.24991,4.3814,0.0
-2.24991,4.4406,0.0
-2.24991,4.49981,0.0
-2.24991,4.55902,0.0
-2.24991,4.61823,0.0
-2.24991,4.67744,0.0
-2.24991,4.73665,0.0
-2.24991,4.79585,0.0
-2.24991,4.85506,0.0
-2.24991,4.91427,0.0
-2.24991,4.97348,0.0
-2.24991,5.03269,0.0
-2.24991,5.09189,0.0
-2.24991,5.1511,0.0
-2.24991,5.21031,0.0
-2.24991,5.26952,0.0
-2.24991,5.32873,0.0
-2.1907,-5.32873,0.0
-2.1907,-5.26952,0.0
-2.1907,-5.21031,0.0
-2.1907,-5.1511,0.0
-2.1907,-5.09189,0.0
-2.1907,-5.03269,0.0
-2.1907,-4.97348,0.0
-2.1907,-4.91427,0.0
-2.1907,-4.85506,0.0
-2.1907,-4.79585,0.0
-2.1907,-4.73665,0.0
-2.1907,-4.67744,0.0
-2.1907,-4.61823,0.0
-2.1907,-4.55902,0.0
-2.1907,-4.49981,0.0
-2.1907,-4.4406,0.0
-2.1907,-4.3814,0.0
-2.1907,-4.32219,0.0
-2.1907,-4.26298,0.0
-2.1907,-4.20377,0.0
-2.1907,-4.14456,0.0
-2.1907,-4.08536,0.0
-2.1907,-4.02615,0.0
-2.1907,-3.96694,0.0
-2.1907,-3.90773,0.0
-2.1907,-3.84852,0.0
-2.1907,-3.78932,0.0
-2.1907,-3.73011,0.0
-2.1907,-3.6709,0.0
-2.1907,-3.61169,0.0
-2.1907,-3.55248,0.0
-2.1907,-3.49328,0.0
-2.1907,-3.43407,0.0
-2.1907,-3.37486,0.0
-2.1907,-3.31565,0.0
-2.1907,-3.25644,0.0
-2.1907,-3.19724,0.0
-2.1907,-3.13803,0.0
-2.1907,-3.07882,0.0
-2.1907,-3.01961,0.0
-2.1907,-2.9604,0.0
-2.1907,-2.9012,0.0
-2.1907,-2.84199,0.0
-2.1907,-2.78278,0.0
-2.1907,-2.72357,0.0
-2.1907,-2.66436,0.0
-2.1907,-2.60515,0.0
-2.1907,-2.54595,0.0
-2.1907,-2.48674,0.0
-2.1907,-2.42753,0.0
-2.1907,-2.36832,0.0
-2.1907,-2.30911,0.0
-2.1907,-2.24991,0.0
-2.1907,-2.1907,0.0
-2.1907,-2.13149,0.0
-2.1907,-2.07228,0.0
-2.1907,-2.01307,0.0
-2.1907,-1.95387,0.0
-2.1907,-1.89466,0.0
-2.1907,-1.83545,0.0
-2.1907,-1.77624,0.0
-2.1907,-1.71703,0.0
-2.1907,-1.65783,0.0
-2.1907,-1.59862,0.0
-2.1907,-1.53941,0.0
-2.1907,-1.4802,0.0
-2.1907,-1.42099,0.0
-2.1907,-1.36179,0.0
-2.1907,-1.30258,0.0
-2.1907,-1.24337,0.0
-2.1907,-1.18416,0.0
-2.1907,-1.12495,0.0
-2.1907,-1.06575,0.0
-2.1907,-1.00654,0.0
-2.1907,-0.94733,0.0
-2.1907,-0.88812,0.0
-2.1907,-0.82891,0.0
-2.1907,-0.7697,0.0
-2.1907,-0.7105,0.0
-2.1907,-0.65129,0.0
-2.1907,-0.59208,0.0
-2.1907,-0.53287,0.0
-2.1907,-0.47366,0.0
-2.1907,-0.41446,0.0
-2.1907,-0.35525,0.0
-2.1907,-0.29604,0.0
-2.1907,-0.23683,0.0
-2.1907,-0.17762,0.0
-2.1907,-0.11842,0.0
-2.1907,-0.05921,0.0
-2.1907,0,0.0
-2.1907,0.05921,0.0
-2.1907,0.11842,0.0
-2.1907,0.17762,0.0
-2.1907,0.23683,0.0
-2.1907,0.29604,0.0
-2.1907,0.35525,0.0
-2.1907,0.41446,0.0
-2.1907,0.47366,0.0
-2.1907,0.53287,0.0
-2.1907,0.59208,0.0
-2.1907,0.65129,0.0
-2.1907,0.7105,0.0
-2.1907,0.7697,0.0
-2.1907,0.82891,0.0
-2.1907,0.88812,0.0
-2.1907,0.94733,0.0
-2.1907,1.00654,0.0
-2.1907,1.06575,0.0
-2.1907,1.12495,0.0
-2.1907,1.18416,0.0
-2.1907,1.24337,0.0
-2.1907,1.30258,0.0
-2.1907,1.36179,0.0
-2.1907,1.42099,0.0
-2.1907,1.4802,0.0
-2.1907,1.53941,0.0
-2.1907,1.59862,0.0
-2.1907,1.65783,0.0
-2.1907,1.71703,0.0
-2.1907,1.77624,0.0
-2.1907,1.83545,0.0
-2.1907,1.89466,0.0
-2.1907,1.95387,0.0
-2.1907,2.01307,0.0
-2.1907,2.07228,0.0
-2.1907,2.13149,0.0
-2.1907,2.1907,0.0
-2.1907,2.24991,0.0
-2.1907,2.30911,0.0
-2.1907,2.36832,0.0
-2.1907,2.42753,0.0
-2.1907,2.48674,0.0
-2.1907,2.54595,0.0
-2.1907,2.60515,0.0
-2.1907,2.66436,0.0
-2.1907,2.72357,0.0
-2.1907,2.78278,0.0
-2.1907,2.84199,0.0
-2.1907,2.9012,0.0
-2.1907,2.9604,0.0
-2.1907,3.01961,0.0
-2.1907,3.07882,0.0
-2.1907,3.13803,0.0
-2.1907,3.19724,0.0
-2.1907,3.25644,0.0
-2.1907,3.31565,0.0
-2.1907,3.37486,0.0
-2.1907,3.43407,0.0
-2.1907,3.49328,0.0
-2.1907,3.55248,0.0
-2.1907,3.61169,0.0
-2.1907,3.6709,0.0
-2.1907,3.73011,0.0
-2.1907,3.78932,0.0
-2.1907,3.84852,0.0
-2.1907,3.90773,0.0
-2.1907,3.96694,0.0
-2.1907,4.02615,0.0
-2.1907,4.08536,0.0
-2.1907,4.14456,0.0
-2.1907,4.20377,0.0
-2.1907,4.26298,0.0
-2.1907,4.32219,0.0
-2.1907,4.3814,0.0
-2.1907,4.4406,0.0
-2.1907,4.49981,0.0
-2.1907,4.55902,0.0
-2.1907,4.61823,0.0
-2.1907,4.67744,0.0
-2.1907,4.73665,0.0
-2.1907,4.79585,0.0
-2.1907,4.85506,0.0
-2.1907,4.91427,0.0
-2.1907,4.97348,0.0
-2.1907,5.03269,0.0
-2.1907,5.09189,0.0
-2.1907,5.1511,0.0
-2.1907,5.21031,0.0
-2.1907,5.26952,0.0
-2.1907,5.32873,0.0
-2.13149,-5.38793,0.0
-2.13149,-5.32873,0.0
-2.13149,-5.26952,0.0
-2.13149,-5.21031,0.0
-2.13149,-5.1511,0.0
-2.13149,-5.09189,0.0
-2.13149,-5.03269,0.0
-2.13149,-4.97348,0.0
-2.13149,-4.91427,0.0
-2.13149,-4.85506,0.0
-2.13149,-4.79585,0.0
-2.13149,-4.73665,0.0
-2.13149,-4.67744,0.0
-2.13149,-4.61823,0.0
-2.13149,-4.55902,0.0
-2.13149,-4.49981,0.0
-2.13149,-4.4406,0.0
-2.13149,-4.3814,0.0
-2.13149,-4.32219,0.0
-2.13149,-4.26298,0.0
-2.13149,-4.20377,0.0
-2.13149,-4.14456,0.0
-2.13149,-4.08536,0.0
-2.13149,-4.02615,0.0
-2.13149,-3.96694,0.0
-2.13149,-3.90773,0.0
-2.13149,-3.84852,0.0
-2.13149,-3.78932,0.0
-2.13149,-3.73011,0.0
-2.13149,-3.6709,0.0
-2.13149,-3.61169,0.0
-2.13149,-3.55248,0.0
-2.13149,-3.49328,0.0
-2.13149,-3.43407,0.0
-2.13149,-3.37486,0.0
-2.13149,-3.31565,0.0
-2.13149,-3.25644,0.0
-2.13149,-3.19724,0.0
-2.13149,-3.13803,0.0
-2.13149,-3.07882,0.0
-2.13149,-3.01961,0.0
-2.13149,-2.9604,0.0
-2.13149,-2.9012,0.0
-2.13149,-2.84199,0.0
-2.13149,-2.78278,0.0
-2.13149,-2.72357,0.0
-2.13149,-2.66436,0.0
-2.13149,-2.60515,0.0
-2.13149,-2.54595,0.0
-2.13149,-2.48674,0.0
-2.13149,-2.42753,0.0
-2.13149,-2.36832,0.0
-2.13149,-2.30911,0.0
-2.13149,-2.24991,0.0
-2.13149,-2.1907,0.0
-2.13149,-2.13149,0.0
-2.13149,-2.07228,0.0
-2.13149,-2.01307,0.0
-2.13149,-1.95387,0.0
-2.13149,-1.89466,0.0
-2.13149,-1.83545,0.0
-2.13149,-1.77624,0.0
-2.13149,-1.71703,0.0
-2.13149,-1.65783,0.0
-2.13149,-1.59862,0.0
-2.13149,-1.53941,0.0
-2.13149,-1.4802,0.0
-2.13149,-1.42099,0.0
-2.13149,-1.36179,0.0
-2.13149,-1.30258,0.0
-2.13149,-1.24337,0.0
-2.13149,-1.18416,0.0
-2.13149,-1.12495,0.0
-2.13149,-1.06575,0.0
-2.13149,-1.00654,0.0
-2.13149,-0.94733,0.0
-2.13149,-0.88812,0.0
-2.13149,-0.82891,0.0
-2.13149,-0.7697,0.0
-2.13149,-0.7105,0.0
-2.13149,-0.65129,0.0
-2.13149,-0.59208,0.0
-2.13149,-0.53287,0.0
-2.13149,-0.47366,0.0
-2.13149,-0.41446,0.0
-2.13149,-0.35525,0.0
-2.13149,-0.29604,0.0
-2.13149,-0.23683,0.0
-2.13149,-0.17762,0.0
-2.13149,-0.11842,0.0
-2.13149,-0.05921,0.0
-2.13149,0,0.0
-2.13149,0.05921,0.0
-2.13149,0.11842,0.0
-2.13149,0.17762,0.0
-2.13149,0.23683,0.0
-2.13149,0.29604,0.0
-2.13149,0.35525,0.0
-2.13149,0.41446,0.0
-2.13149,0.47366,0.0
-2.13149,0.53287,0.0
-2.13149,0.59208,0.0
-2.13149,0.65129,0.0
-2.13149,0.7105,0.0
-2.13149,0.7697,0.0
-2.13149,0.82891,0.0
-2.13149,0.88812,0.0
-2.13149,0.94733,0.0
-2.13149,1.00654,0.0
-2.13149,1.06575,0.0
-2.13149,1.12495,0.0
-2.13149,1.18416,0.0
-2.13149,1.24337,0.0
-2.13149,1.30258,0.0
-2.13149,1.36179,0.0
-2.13149,1.42099,0.0
-2.13149,1.4802,0.0
-2.13149,1.53941,0.0
-2.13149,1.59862,0.0
-2.13149,1.65783,0.0
-2.13149,1.71703,0.0
-2.13149,1.77624,0.0
-2.13149,1.83545,0.0
-2.13149,1.89466,0.0
-2.13149,1.95387,0.0
-2.13149,2.01307,0.0
-2.13149,2.07228,0.0
-2.13149,2.13149,0.0
-2.13149,2.1907,0.0
-2.13149,2.24991,0.0
-2.13149,2.30911,0.0
-2.13149,2.36832,0.0
-2.13149,2.42753,0.0
-2.13149,2.48674,0.0
-2.13149,2.54595,0.0
-2.13149,2.60515,0.0
-2.13149,2.66436,0.0
-2.13149,2.72357,0.0
-2.13149,2.78278,0.0
-2.13149,2.84199,0.0
-2.13149,2.9012,0.0
-2.13149,2.9604,0.0
-2.13149,3.01961,0.0
-2.13149,3.07882,0.0
-2.13149,3.13803,0.0
-2.13149,3.19724,0.0
-2.13149,3.25644,0.0
-2.13149,3.31565,0.0
-2.13149,3.37486,0.0
-2.13149,3.43407,0.0
-2.13149,3.49328,0.0
-2.13149,3.55248,0.0
-2.13149,3.61169,0.0
-2.13149,3.6709,0.0
-2.13149,3.73011,0.0
-2.13149,3.78932,0.0
-2.13149,3.84852,0.0
-2.13149,3.90773,0.0
-2.13149,3.96694,0.0
-2.13149,4.02615,0.0
-2.13149,4.08536,0.0
-2.13149,4.14456,0.0
-2.13149,4.20377,0.0
-2.13149,4.26298,0.0
-2.13149,4.32219,0.0
-2.13149,4.3814,0.0
-2.13149,4.4406,0.0
-2.13149,4.49981,0.0
-2.13149,4.55902,0.0
-2.13149,4.61823,0.0
-2.13149,4.67744,0.0
-2.13149,4.73665,0.0
-2.13149,4.79585,0.0
-2.13149,4.85506,0.0
-2.13149,4.91427,0.0
-2.13149,4.97348,0.0
-2.13149,5.03269,0.0
-2.13149,5.09189,0.0
-2.13149,5.1511,0.0
-2.13149,5.21031,0.0
-2.13149,5.26952,0.0
-2.13149,5.32873,0.0
-2.13149,5.38793,0.0
-2.07228,-5.38793,0.0
-2.07228,-5.32873,0.0
-2.07228,-5.26952,0.0
-2.07228,-5.21031,0.0
-2.07228,-5.1511,0.0
-2.07228,-5.09189,0.0
-2.07228,-5.03269,0.0
-2.07228,-4.97348,0.0
-2.07228,-4.91427,0.0
-2.07228,-4.85506,0.0
-2.07228,-4.79585,0.0
-2.07228,-4.73665,0.0
-2.07228,-4.67744,0.0
-2.07228,-4.61823,0.0
-2.07228,-4.55902,0.0
-2.07228,-4.49981,0.0
-2.07228,-4.4406,0.0
-2.07228,-4.3814,0.0
-2.07228,-4.32219,0.0
-2.07228,-4.26298,0.0
-2.07228,-4.20377,0.0
-2.07228,-4.14456,0.0
-2.07228,-4.08536,0.0
-2.07228,-4.02615,0.0
-2.07228,-3.96694,0.0
-2.07228,-3.90773,0.0
-2.07228,-3.84852,0.0
-2.07228,-3.78932,0.0
-2.07228,-3.73011,0.0
-2.07228,-3.6709,0.0
-2.07228,-3.61169,0.0
-2.07228,-3.55248,0.0
-2.07228,-3.49328,0.0
-2.07228,-3.43407,0.0
-2.07228,-3.37486,0.0
-2.07228,-3.31565,0.0
-2.07228,-3.25644,0.0
-2.07228,-3.19724,0.0
-2.07228,-3.13803,0.0
-2.07228,-3.07882,0.0
-2.07228,-3.01961,0.0
-2.07228,-2.9604,0.0
-2.07228,-2.9012,0.0
-2.07228,-2.84199,0.0
-2.07228,-2.78278,0.0
-2.07228,-2.72357,0.0
-2.07228,-2.66436,0.0
-2.07228,-2.60515,0.0
-2.07228,-2.54595,0.0
-2.07228,-2.48674,0.0
-2.07228,-2.42753,0.0
-2.07228,-2.36832,0.0
-2.07228,-2.30911,0.0
-2.07228,-2.24991,0.0
-2.07228,-2.1907,0.0
-2.07228,-2.13149,0.0
-2.07228,-2.07228,0.0
-2.07228,-2.01307,0.0
-2.07228,-1.95387,0.0
-2.07228,-1.89466,0.0
-2.07228,-1.83545,0.0
-2.07228,-1.77624,0.0
-2.07228,-1.71703,0.0
-2.07228,-1.65783,0.0
-2.07228,-1.59862,0.0
-2.07228,-1.53941,0.0
-2.07228,-1.4802,0.0
-2.07228,-1.42099,0.0
-2.07228,-1.36179,0.0
-2.07228,-1.30258,0.0
-2.07228,-1.24337,0.0
-2.07228,-1.18416,0.0
-2.07228,-1.12495,0.0
-2.07228,-1.06575,0.0
-2.07228,-1.00654,0.0
-2.07228,-0.94733,0.0
-2.07228,-0.88812,0.0
-2.07228,-0.82891,0.0
-2.07228,-0.7697,0.0
-2.07228,-0.7105,0.0
-2.07228,-0.65129,0.0
-2.07228,-0.59208,0.0
-2.07228,-0.53287,0.0
-2.07228,-0.47366,0.0
-2.07228,-0.41446,0.0
-2.07228,-0.35525,0.0
-2.07228,-0.29604,0.0
-2.07228,-0.23683,0.0
-2.07228,-0.17762,0.0
-2.07228,-0.11842,0.0
-2.07228,-0.05921,0.0
-2.07228,0,0.0
-2.07228,0.05921,0.0
-2.07228,0.11842,0.0
-2.07228,0.17762,0.0
-2.07228,0.23683,0.0
-2.07228,0.29604,0.0
-2.07228,0.35525,0.0
-2.07228,0.41446,0.0
-2.07228,0.47366,0.0
-2.07228,0.53287,0.0
-2.07228,0.59208,0.0
-2.07228,0.65129,0.0
-2.07228,0.7105,0.0
-2.07228,0.7697,0.0
-2.07228,0.82891,0.0
-2.07228,0.88812,0.0
-2.07228,0.94733,0.0
-2.07228,1.00654,0.0
-2.07228,1.06575,0.0
-2.07228,1.12495,0.0
-2.07228,1.18416,0.0
-2.07228,1.24337,0.0
-2.07228,1.30258,0.0
-2.07228,1.36179,0.0
-2.07228,1.42099,0.0
-2.07228,1.4802,0.0
-2.07228,1.53941,0.0
-2.07228,1.59862,0.0
-2.07228,1.65783,0.0
-2.07228,1.71703,0.0
-2.07228,1.77624,0.0
-2.07228,1.83545,0.0
-2.07228,1.89466,0.0
-2.07228,1.95387,0.0
-2.07228,2.01307,0.0
-2.07228,2.07228,0.0
-2.07228,2.13149,0.0
-2.07228,2.1907,0.0
-2.07228,2.24991,0.0
-2.07228,2.30911,0.0
-2.07228,2.36832,0.0
-2.07228,2.42753,0.0
-2.07228,2.48674,0.0
-2.07228,2.54595,0.0
-2.07228,2.60515,0.0
-2.07228,2.66436,0.0
-2.07228,2.72357,0.0
-2.07228,2.78278,0.0
-2.07228,2.84199,0.0
-2.07228,2.9012,0.0
-2.07228,2.9604,0.0
-2.07228,3.01961,0.0
-2.07228,3.07882,0.0
-2.07228,3.13803,0.0
-2.07228,3.19724,0.0
-2.07228,3.25644,0.0
-2.07228,3.31565,0.0
-2.07228,3.37486,0.0
-2.07228,3.43407,0.0
-2.07228,3.49328,0.0
-2.07228,3.55248,0.0
-2.07228,3.61169,0.0
-2.07228,3.6709,0.0
-2.07228,3.73011,0.0
-2.07228,3.78932,0.0
-2.07228,3.84852,0.0
-2.07228,3.90773,0.0
-2.07228,3.96694,0.0
-2.07228,4.02615,0.0
-2.07228,4.08536,0.0
-2.07228,4.14456,0.0
-2.07228,4.20377,0.0
-2.07228,4.26298,0.0
-2.07228,4.32219,0.0
-2.07228,4.3814,0.0
-2.07228,4.4406,0.0
-2.07228,4.49981,0.0
-2.07228,4.55902,0.0
-2.07228,4.61823,0.0
-2.07228,4.67744,0.0
-2.07228,4.73665,0.0
-2.07228,4.79585,0.0
-2.07228,4.85506,0.0
-2.07228,4.91427,0.0
-2.07228,4.97348,0.0
-2.07228,5.03269,0.0
-2.07228,5.09189,0.0
-2.07228,5.1511,0.0
-2.07228,5.21031,0.0
-2.07228,5.26952,0.0
-2.07228,5.32873,0.0
-2.07228,5.38793,0.0
-2.01307,-5.38793,0.0
-2.01307,-5.32873,0.0
-2.01307,-5.26952,0.0
-2.01307,-5.21031,0.0
-2.01307,-5.1511,0.0
-2.01307,-5.09189,0.0
-2.01307,-5.03269,0.0
-2.01307,-4.97348,0.0
-2.01307,-4.91427,0.0
-2.01307,-4.85506,0.0
-2.01307,-4.79585,0.0
-2.01307,-4.73665,0.0
-2.01307,-4.67744,0.0
-2.01307,-4.61823,0.0
-2.01307,-4.55902,0.0
-2.01307,-4.49981,0.0
-2.01307,-4.4406,0.0
-2.01307,-4.3814,0.0
-2.01307,-4.32219,0.0
-2.01307,-4.26298,0.0
-2.01307,-4.20377,0.0
-2.01307,-4.14456,0.0
-2.01307,-4.08536,0.0
-2.01307,-4.02615,0.0
-2.01307,-3.96694,0.0
-2.01307,-3.90773,0.0
-2.01307,-3.84852,0.0
-2.01307,-3.78932,0.0
-2.01307,-3.73011,0.0
-2.01307,-3.6709,0.0
-2.01307,-3.61169,0.0
-2.01307,-3.55248,0.0
-2.01307,-3.49328,0.0
-2.01307,-3.43407,0.0
-2.01307,-3.37486,0.0
-2.01307,-3.31565,0.0
-2.01307,-3.25644,0.0
-2.01307,-3.19724,0.0
-2.01307,-3.13803,0.0
-2.01307,-3.07882,0.0
-2.01307,-3.01961,0.0
-2.01307,-2.9604,0.0
-2.01307,-2.9012,0.0
-2.01307,-2.84199,0.0
-2.01307,-2.78278,0.0
-2.01307,-2.72357,0.0
-2.01307,-2.66436,0.0
-2.01307,-2.60515,0.0
-2.01307,-2.54595,0.0
-2.01307,-2.48674,0.0
-2.01307,-2.42753,0.0
-2.01307,-2.36832,0.0
-2.01307,-2.30911,0.0
-2.01307,-2.24991,0.0
-2.01307,-2.1907,0.0
-2.01307,-2.13149,0.0
-2.01307,-2.07228,0.0
-2.01307,-2.01307,0.0
-2.01307,-1.95387,0.0
-2.01307,-1.89466,0.0
-2.01307,-1.83545,0.0
-2.01307,-1.77624,0.0
-2.01307,-1.71703,0.0
-2.01307,-1.65783,0.0
-2.01307,-1.59862,0.0
-2.01307,-1.53941,0.0
-2.01307,-1.4802,0.0
-2.01307,-1.42099,0.0
-2.01307,-1.36179,0.0
-2.01307,-1.30258,0.0
-2.01307,-1.24337,0.0
-2.01307,-1.18416,0.0
-2.01307,-1.12495,0.0
-2.01307,-1.06575,0.0
-2.01307,-1.00654,0.0
-2.01307,-0.94733,0.0
-2.01307,-0.88812,0.0
-2.01307,-0.82891,0.0
-2.01307,-0.7697,0.0
-2.01307,-0.7105,0.0
-2.01307,-0.65129,0.0
-2.01307,-0.59208,0.0
-2.01307,-0.53287,0.0
-2.01307,-0.47366,0.0
-2.01307,-0.41446,0.0
-2.01307,-0.35525,0.0
-2.01307,-0.29604,0.0
-2.01307,-0.23683,0.0
-2.01307,-0.17762,0.0
-2.01307,-0.11842,0.0
-2.01307,-0.05921,0.0
-2.01307,0,0.0
-2.01307,0.05921,0.0
-2.01307,0.11842,0.0
-2.01307,0.17762,0.0
-2.01307,0.23683,0.0
-2.01307,0.29604,0.0
-2.01307,0.35525,0.0
-2.01307,0.41446,0.0
-2.01307,0.47366,0.0
-2.01307,0.53287,0.0
-2.01307,0.59208,0.0
-2.01307,0.65129,0.0
-2.01307,0.7105,0.0
-2.01307,0.7697,0.0
-2.01307,0.82891,0.0
-2.01307,0.88812,0.0
-2.01307,0.94733,0.0
-2.01307,1.00654,0.0
-2.01307,1.06575,0.0
-2.01307,1.12495,0.0
-2.01307,1.18416,0.0
-2.01307,1.24337,0.0
-2.01307,1.30258,0.0
-2.01307,1.36179,0.0
-2.01307,1.42099,0.0
-2.01307,1.4802,0.0
-2.01307,1.53941,0.0
-2.01307,1.59862,0.0
-2.01307,1.65783,0.0
-2.01307,1.71703,0.0
-2.01307,1.77624,0.0
-2.01307,1.83545,0.0
-2.01307,1.89466,0.0
-2.01307,1.95387,0.0
-2.01307,2.01307,0.0
-2.01307,2.07228,0.0
-2.01307,2.13149,0.0
-2.01307,2.1907,0.0
-2.01307,2.24991,0.0
-2.01307,2.30911,0.0
-2.01307,2.36832,0.0
-2.01307,2.42753,0.0
-2.01307,2.48674,0.0
-2.01307,2.54595,0.0
-2.01307,2.60515,0.0
-2.01307,2.66436,0.0
-2.01307,2.72357,0.0
-2.01307,2.78278,0.0
-2.01307,2.84199,0.0
-2.01307,2.9012,0.0
-2.01307,2.9604,0.0
-2.01307,3.01961,0.0
-2.01307,3.07882,0.0
-2.01307,3.13803,0.0
-2.01307,3.19724,0.0
-2.01307,3.25644,0.0
-2.01307,3.31565,0.0
-2.01307,3.37486,0.0
-2.01307,3.43407,0.0
-2.01307,3.49328,0.0
-2.01307,3.55248,0.0
-2.01307,3.61169,0.0
-2.01307,3.6709,0.0
-2.01307,3.73011,0.0
-2.01307,3.78932,0.0
-2.01307,3.84852,0.0
-2.01307,3.90773,0.0
-2.01307,3.96694,0.0
-2.01307,4.02615,0.0
-2.01307,4.08536,0.0
-2.01307,4.14456,0.0
-2.01307,4.20377,0.0
-2.01307,4.26298,0.0
-2.01307,4.32219,0.0
-2.01307,4.3814,0.0
-2.01307,4.4406,0.0
-2.01307,4.49981,0.0
-2.01307,4.55902,0.0
-2.01307,4.61823,0.0
-2.01307,4.67744,0.0
-2.01307,4.73665,0.0
-2.01307,4.79585,0.0
-2.01307,4.85506,0.0
-2.01307,4.91427,0.0
-2.01307,4.97348,0.0
-2.01307,5.03269,0.0
-2.01307,5.09189,0.0
-2.01307,5.1511,0.0
-2.01307,5.21031,0.0
-2.01307,5.26952,0.0
-2.01307,5.32873,0.0
-2.01307,5.38793,0.0
-1.95387,-5.44714,0.0
-1.95387,-5.38793,0.0
-1.95387,-5.32873,0.0
-1.95387,-5.26952,0.0
-1.95387,-5.21031,0.0
-1.95387,-5.1511,0.0
-1.95387,-5.09189,0.0
-1.95387,-5.03269,0.0
-1.95387,-4.97348,0.0
-1.95387,-4.91427,0.0
-1.95387,-4.85506,0.0
-1.95387,-4.79585,0.0
-1.95387,-4.73665,0.0
-1.95387,-4.67744,0.0
-1.95387,-4.61823,0.0
-1.95387,-4.55902,0.0
-1.95387,-4.49981,0.0
-1.95387,-4.4406,0.0
-1.95387,-4.3814,0.0
-1.95387,-4.32219,0.0
-1.95387,-4.26298,0.0
-1.95387,-4.20377,0.0
-1.95387,-4.14456,0.0
-1.95387,-4.08536,0.0
-1.95387,-4.02615,0.0
-1.95387,-3.96694,0.0
-1.95387,-3.90773,0.0
-1.95387,-3.84852,0.0
-1.95387,-3.78932,0.0
-1.95387,-3.73011,0.0
-1.95387,-3.6709,0.0
-1.95387,-3.61169,0.0
-1.95387,-3.55248,0.0
-1.95387,-3.49328,0.0
-1.95387,-3.43407,0.0
-1.95387,-3.37486,0.0
-1.95387,-3.31565,0.0
-1.95387,-3.25644,0.0
-1.95387,-3.19724,0.0
-1.95387,-3.13803,0.0
-1.95387,-3.07882,0.0
-1.95387,-3.01961,0.0
-1.95387,-2.9604,0.0
-1.95387,-2.9012,0.0
-1.95387,-2.84199,0.0
-1.95387,-2.78278,0.0
-1.95387,-2.72357,0.0
-1.95387,-2.66436,0.0
-1.95387,-2.60515,0.0
-1.95387,-2.54595,0.0
-1.95387,-2.48674,0.0
-1.95387,-2.42753,0.0
-1.95387,-2.36832,0.0
-1.95387,-2.30911,0.0
-1.95387,-2.24991,0.0
-1.95387,-2.1907,0.0
-1.95387,-2.13149,0.0
-1.95387,-2.07228,0.0
-1.95387,-2.01307,0.0
-1.95387,-1.95387,0.0
-1.95387,-1.89466,0.0
-1.95387,-1.83545,0.0
-1.95387,-1.77624,0.0
-1.95387,-1.71703,0.0
-1.95387,-1.65783,0.0
-1.95387,-1.59862,0.0
-1.95387,-1.53941,0.0
-1.95387,-1.4802,0.0
-1.95387,-1.42099,0.0
-1.95387,-1.36179,0.0
-1.95387,-1.30258,0.0
-1.95387,-1.24337,0.0
-1.95387,-1.18416,0.0
-1.95387,-1.12495,0.0
-1.95387,-1.06575,0.0
-1.95387,-1.00654,0.0
-1.95387,-0.94733,0.0
-1.95387,-0.88812,0.0
-1.95387,-0.82891,0.0
-1.95387,-0.7697,0.0
-1.95387,-0.7105,0.0
-1.95387,-0.65129,0.0
-1.95387,-0.59208,0.0
-1.95387,-0.53287,0.0
-1.95387,-0.47366,0.0
-1.95387,-0.41446,0.0
-1.95387,-0.35525,0.0
-1.95387,-0.29604,0.0
-1.95387,-0.23683,0.0
-1.95387,-0.17762,0.0
-1.95387,-0.11842,0.0
-1.95387,-0.05921,0.0
-1.95387,0,0.0
-1.95387,0.05921,0.0
-1.95387,0.11842,0.0
-1.95387,0.17762,0.0
-1.95387,0.23683,0.0
-1.95387,0.29604,0.0
-1.95387,0.35525,0.0
-1.95387,0.41446,0.0
-1.95387,0.47366,0.0
-1.95387,0.53287,0.0
-1.95387,0.59208,0.0
-1.95387,0.65129,0.0
-1.95387,0.7105,0.0
-1.95387,0.7697,0.0
-1.95387,0.82891,0.0
-1.95387,0.88812,0.0
-1.95387,0.94733,0.0
-1.95387,1.00654,0.0
-1.95387,1.06575,0.0
-1.95387,1.12495,0.0
-1.95387,1.18416,0.0
-1.95387,1.24337,0.0
-1.95387,1.30258,0.0
-1.95387,1.36179,0.0
-1.95387,1.42099,0.0
-1.95387,1.4802,0.0
-1.95387,1.53941,0.0
-1.95387,1.59862,0.0
-1.95387,1.65783,0.0
-1.95387,1.71703,0.0
-1.95387,1.77624,0.0
-1.95387,1.83545,0.0
-1.95387,1.89466,0.0
-1.95387,1.95387,0.0
-1.95387,2.01307,0.0
-1.95387,2.07228,0.0
-1.95387,2.13149,0.0
-1.95387,2.1907,0.0
-1.95387,2.24991,0.0
-1.95387,2.30911,0.0
-1.95387,2.36832,0.0
-1.95387,2.42753,0.0
-1.95387,2.48674,0.0
-1.95387,2.54595,0.0
-1.95387,2.60515,0.0
-1.95387,2.66436,0.0
-1.95387,2.72357,0.0
-1.95387,2.78278,0.0
-1.95387,2.84199,0.0
-1.95387,2.9012,0.0
-1.95387,2.9604,0.0
-1.95387,3.01961,0.0
-1.95387,3.07882,0.0
-1.95387,3.13803,0.0
-1.95387,3.19724,0.0
-1.95387,3.25644,0.0
-1.95387,3.31565,0.0
-1.95387,3.37486,0.0
-1.95387,3.43407,0.0
-1.95387,3.49328,0.0
-1.95387,3.55248,0.0
-1.95387,3.61169,0.0
-1.95387,3.6709,0.0
-1.95387,3.73011,0.0
-1.95387,3.78932,0.0
-1.95387,3.84852,0.0
-1.95387,3.90773,0.0
-1.95387,3.96694,0.0
-1.95387,4.02615,0.0
-1.95387,4.08536,0.0
-1.95387,4.14456,0.0
-1.95387,4.20377,0.0
-1.95387,4.26298,0.0
-1.95387,4.32219,0.0
-1.95387,4.3814,0.0
-1.95387,4.4406,0.0
-1.95387,4.49981,0.0
-1.95387,4.55902,0.0
-1.95387,4.61823,0.0
-1.95387,4.67744,0.0
-1.95387,4.73665,0.0
-1.95387,4.79585,0.0
-1.95387,4.85506,0.0
-1.95387,4.91427,0.0
-1.95387,4.97348,0.0
-1.95387,5.03269,0.0
-1.95387,5.09189,0.0
-1.95387,5.1511,0.0
-1.95387,5.21031,0.0
-1.95387,5.26952,0.0
-1.95387,5.32873,0.0
-1.95387,5.38793,0.0
-1.95387,5.44714,0.0
-1.89466,-5.44714,0.0
-1.89466,-5.38793,0.0
-1.89466,-5.32873,0.0
-1.89466,-5.26952,0.0
-1.89466,-5.21031,0.0
-1.89466,-5.1511,0.0
-1.89466,-5.09189,0.0
-1.89466,-5.03269,0.0
-1.89466,-4.97348,0.0
-1.89466,-4.91427,0.0
-1.89466,-4.85506,0.0
-1.89466,-4.79585,0.0
-1.89466,-4.73665,0.0
-1.89466,-4.67744,0.0
-1.89466,-4.61823,0.0
-1.89466,-4.55902,0.0
-1.89466,-4.49981,0.0
-1.89466,-4.4406,0.0
-1.89466,-4.3814,0.0
-1.89466,-4.32219,0.0
-1.89466,-4.26298,0.0
-1.89466,-4.20377,0.0
-1.89466,-4.14456,0.0
-1.89466,-4.08536,0.0
-1.89466,-4.02615,0.0
-1.89466,-3.96694,0.0
-1.89466,-3.90773,0.0
-1.89466,-3.84852,0.0
-1.89466,-3.78932,0.0
-1.89466,-3.73011,0.0
-1.89466,-3.6709,0.0
-1.89466,-3.61169,0.0
-1.89466,-3.55248,0.0
-1.89466,-3.49328,0.0
-1.89466,-3.43407,0.0
-1.89466,-3.37486,0.0
-1.89466,-3.31565,0.0
-1.89466,-3.25644,0.0
-1.89466,-3.19724,0.0
-1.89466,-3.13803,0.0
-1.89466,-3.07882,0.0
-1.89466,-3.01961,0.0
-1.89466,-2.9604,0.0
-1.89466,-2.9012,0.0
-1.89466,-2.84199,0.0
-1.89466,-2.78278,0.0
-1.89466,-2.72357,0.0
-1.89466,-2.66436,0.0
-1.89466,-2.60515,0.0
-1.89466,-2.54595,0.0
-1.89466,-2.48674,0.0
-1.89466,-2.42753,0.0
-1.89466,-2.36832,0.0
-1.89466,-2.30911,0.0
-1.89466,-2.24991,0.0
-1.89466,-2.1907,0.0
-1.89466,-2.13149,0.0
-1.89466,-2.07228,0.0
-1.89466,-2.01307,0.0
-1.89466,-1.95387,0.0
-1.89466,-1.89466,0.0
-1.89466,-1.83545,0.0
-1.89466,-1.77624,0.0
-1.89466,-1.71703,0.0
-1.89466,-1.65783,0.0
-1.89466,-1.59862,0.0
-1.89466,-1.53941,0.0
-1.89466,-1.4802,0.0
-1.89466,-1.42099,0.0
-1.89466,-1.36179,0.0
-1.89466,-1.30258,0.0
-1.89466,-1.24337,0.0
-1.89466,-1.18416,0.0
-1.89466,-1.12495,0.0
-1.89466,-1.06575,0.0
-1.89466,-1.00654,0.0
-1.89466,-0.94733,0.0
-1.89466,-0.88812,0.0
-1.89466,-0.82891,0.0
-1.89466,-0.7697,0.0
-1.89466,-0.7105,0.0
-1.89466,-0.65129,0.0
-1.89466,-0.59208,0.0
-1.89466,-0.53287,0.0
-1.89466,-0.47366,0.0
-1.89466,-0.41446,0.0
-1.89466,-0.35525,0.0
-1.89466,-0.29604,0.0
-1.89466,-0.23683,0.0
-1.89466,-0.17762,0.0
-1.89466,-0.11842,0.0
-1.89466,-0.05921,0.0
-1.89466,0,0.0
-1.89466,0.05921,0.0
-1.89466,0.11842,0.0
-1.89466,0.17762,0.0
-1.89466,0.23683,0.0
-1.89466,0.29604,0.0
-1.89466,0.35525,0.0
-1.89466,0.41446,0.0
-1.89466,0.47366,0.0
-1.89466,0.53287,0.0
-1.89466,0.59208,0.0
-1.89466,0.65129,0.0
-1.89466,0.7105,0.0
-1.89466,0.7697,0.0
-1.89466,0.82891,0.0
-1.89466,0.88812,0.0
-1.89466,0.94733,0.0
-1.89466,1.00654,0.0
-1.89466,1.06575,0.0
-1.89466,1.12495,0.0
-1.89466,1.18416,0.0
-1.89466,1.24337,0.0
-1.89466,1.30258,0.0
-1.89466,1.36179,0.0
-1.89466,1.42099,0.0
-1.89466,1.4802,0.0
-1.89466,1.53941,0.0
-1.89466,1.59862,0.0
-1.89466,1.65783,0.0
-1.89466,1.71703,0.0
-1.89466,1.77624,0.0
-1.89466,1.83545,0.0
-1.89466,1.89466,0.0
-1.89466,1.95387,0.0
-1.89466,2.01307,0.0
-1.89466,2.07228,0.0
-1.89466,2.13149,0.0
-1.89466,2.1907,0.0
-1.89466,2.24991,0.0
-1.89466,2.30911,0.0
-1.89466,2.36832,0.0
-1.89466,2.42753,0.0
-1.89466,2.48674,0.0
-1.89466,2.54595,0.0
-1.89466,2.60515,0.0
-1.89466,2.66436,0.0
-1.89466,2.72357,0.0
-1.89466,2.78278,0.0
-1.89466,2.84199,0.0
-1.89466,2.9012,0.0
-1.89466,2.9604,0.0
-1.89466,3.01961,0.0
-1.89466,3.07882,0.0
-1.89466,3.13803,0.0
-1.89466,3.19724,0.0
-1.89466,3.25644,0.0
-1.89466,3.31565,0.0
-1.89466,3.37486,0.0
-1.89466,3.43407,0.0
-1.89466,3.49328,0.0
-1.89466,3.55248,0.0
-1.89466,3.61169,0.0
-1.89466,3.6709,0.0
-1.89466,3.73011,0.0
-1.89466,3.78932,0.0
-1.89466,3.84852,0.0
-1.89466,3.90773,0.0
-1.89466,3.96694,0.0
-1.89466,4.02615,0.0
-1.89466,4.08536,0.0
-1.89466,4.14456,0.0
-1.89466,4.20377,0.0
-1.89466,4.26298,0.0
-1.89466,4.32219,0.0
-1.89466,4.3814,0.0
-1.89466,4.4406,0.0
-1.89466,4.49981,0.0
-1.89466,4.55902,0.0
-1.89466,4.61823,0.0
-1.89466,4.67744,0.0
-1.89466,4.73665,0.0
-1.89466,4.79585,0.0
-1.89466,4.85506,0.0
-1.89466,4.91427,0.0
-1.89466,4.97348,0.0
-1.89466,5.03269,0.0
-1.89466,5.09189,0.0
-1.89466,5.1511,0.0
-1.89466,5.21031,0.0
-1.89466,5.26952,0.0
-1.89466,5.32873,0.0
-1.89466,5.38793,0.0
-1.89466,5.44714,0.0
-1.83545,-5.44714,0.0
-1.83545,-5.38793,0.0
-1.83545,-5.32873,0.0
-1.83545,-5.26952,0.0
-1.83545,-5.21031,0.0
-1.83545,-5.1511,0.0
-1.83545,-5.09189,0.0
-1.83545,-5.03269,0.0
-1.83545,-4.97348,0.0
-1.83545,-4.91427,0.0
-1.83545,-4.85506,0.0
-1.83545,-4.79585,0.0
-1.83545,-4.73665,0.0
-1.83545,-4.67744,0.0
-1.83545,-4.61823,0.0
-1.83545,-4.55902,0.0
-1.83545,-4.49981,0.0
-1.83545,-4.4406,0.0
-1.83545,-4.3814,0.0
-1.83545,-4.32219,0.0
-1.83545,-4.26298,0.0
-1.83545,-4.20377,0.0
-1.83545,-4.14456,0.0
-1.83545,-4.08536,0.0
-1.83545,-4.02615,0.0
-1.83545,-3.96694,0.0
-1.83545,-3.90773,0.0
-1.83545,-3.84852,0.0
-1.83545,-3.78932,0.0
-1.83545,-3.73011,0.0
-1.83545,-3.6709,0.0
-1.83545,-3.61169,0.0
-1.83545,-3.55248,0.0
-1.83545,-3.49328,0.0
-1.83545,-3.43407,0.0
-1.83545,-3.37486,0.0
-1.83545,-3.31565,0.0
-1.83545,-3.25644,0.0
-1.83545,-3.19724,0.0
-1.83545,-3.13803,0.0
-1.83545,-3.07882,0.0
-1.83545,-3.01961,0.0
-1.83545,-2.9604,0.0
-1.83545,-2.9012,0.0
-1.83545,-2.84199,0.0
-1.83545,-2.78278,0.0
-1.83545,-2.72357,0.0
-1.83545,-2.66436,0.0
-1.83545,-2.60515,0.0
-1.83545,-2.54595,0.0
-1.83545,-2.48674,0.0
-1.83545,-2.42753,0.0
-1.83545,-2.36832,0.0
-1.83545,-2.30911,0.0
-1.83545,-2.24991,0.0
-1.83545,-2.1907,0.0
-1.83545,-2.13149,0.0
-1.83545,-2.07228,0.0
-1.83545,-2.01307,0.0
-1.83545,-1.95387,0.0
-1.83545,-1.89466,0.0
-1.83545,-1.83545,0.0
-1.83545,-1.77624,0.0
-1.83545,-1.71703,0.0
-1.83545,-1.65783,0.0
-1.83545,-1.59862,0.0
-1.83545,-1.53941,0.0
-1.83545,-1.4802,0.0
-1.83545,-1.42099,0.0
-1.83545,-1.36179,0.0
-1.83545,-1.30258,0.0
-1.83545,-1.24337,0.0
-1.83545,-1.18416,0.0
-1.83545,-1.12495,0.0
-1.83545,-1.06575,0.0
-1.83545,-1.00654,0.0
-1.83545,-0.94733,0.0
-1.83545,-0.88812,0.0
-1.83545,-0.82891,0.0
-1.83545,-0.7697,0.0
-1.83545,-0.7105,0.0
-1.83545,-0.65129,0.0
-1.83545,-0.59208,0.0
-1.83545,-0.53287,0.0
-1.83545,-0.47366,0.0
-1.83545,-0.41446,0.0
-1.83545,-0.35525,0.0
-1.83545,-0.29604,0.0
-1.83545,-0.23683,0.0
-1.83545,-0.17762,0.0
-1.83545,-0.11842,0.0
-1.83545,-0.05921,0.0
-1.83545,0,0.0
-1.83545,0.05921,0.0
-1.83545,0.11842,0.0
-1.83545,0.17762,0.0
-1.83545,0.23683,0.0
-1.83545,0.29604,0.0
-1.83545,0.35525,0.0
-1.83545,0.41446,0.0
-1.83545,0.47366,0.0
-1.83545,0.53287,0.0
-1.83545,0.59208,0.0
-1.83545,0.65129,0.0
-1.83545,0.7105,0.0
-1.83545,0.7697,0.0
-1.83545,0.82891,0.0
-1.83545,0.88812,0.0
-1.83545,0.94733,0.0
-1.83545,1.00654,0.0
-1.83545,1.06575,0.0
-1.83545,1.12495,0.0
-1.83545,1.18416,0.0
-1.83545,1.24337,0.0
-1.83545,1.30258,0.0
-1.83545,1.36179,0.0
-1.83545,1.42099,0.0
-1.83545,1.4802,0.0
-1.83545,1.53941,0.0
-1.83545,1.59862,0.0
-1.83545,1.65783,0.0
-1.83545,1.71703,0.0
-1.83545,1.77624,0.0
-1.83545,1.83545,0.0
-1.83545,1.89466,0.0
-1.83545,1.95387,0.0
-1.83545,2.01307,0.0
-1.83545,2.07228,0.0
-1.83545,2.13149,0.0
-1.83545,2.1907,0.0
-1.83545,2.24991,0.0
-1.83545,2.30911,0.0
-1.83545,2.36832,0.0
-1.83545,2.42753,0.0
-1.83545,2.48674,0.0
-1.83545,2.54595,0.0
-1.83545,2.60515,0.0
-1.83545,2.66436,0.0
-1.83545,2.72357,0.0
-1.83545,2.78278,0.0
-1.83545,2.84199,0.0
-1.83545,2.9012,0.0
-1.83545,2.9604,0.0
-1.83545,3.01961,0.0
-1.83545,3.07882,0.0
-1.83545,3.13803,0.0
-1.83545,3.19724,0.0
-1.83545,3.25644,0.0
-1.83545,3.31565,0.0
-1.83545,3.37486,0.0
-1.83545,3.43407,0.0
-1.83545,3.49328,0.0
-1.83545,3.55248,0.0
-1.83545,3.61169,0.0
-1.83545,3.6709,0.0
-1.83545,3.73011,0.0
-1.83545,3.78932,0.0
-1.83545,3.84852,0.0
-1.83545,3.90773,0.0
-1.83545,3.96694,0.0
-1.83545,4.02615,0.0
-1.83545,4.08536,0.0
-1.83545,4.14456,0.0
-1.83545,4.20377,0.0
-1.83545,4.26298,0.0
-1.83545,4.32219,0.0
-1.83545,4.3814,0.0
-1.83545,4.4406,0.0
-1.83545,4.49981,0.0
-1.83545,4.55902,0.0
-1.83545,4.61823,0.0
-1.83545,4.67744,0.0
-1.83545,4.73665,0.0
-1.83545,4.79585,0.0
-1.83545,4.85506,0.0
-1.83545,4.91427,0.0
-1.83545,4.97348,0.0
-1.83545,5.03269,0.0
-1.83545,5.09189,0.0
-1.83545,5.1511,0.0
-1.83545,5.21031,0.0
-1.83545,5.26952,0.0
-1.83545,5.32873,0.0
-1.83545,5.38793,0.0
-1.83545,5.44714,0.0
-1.77624,-5.50635,0.0
-1.77624,-5.44714,0.0
-1.77624,-5.38793,0.0
-1.77624,-5.32873,0.0
-1.77624,-5.26952,0.0
-1.77624,-5.21031,0.0
-1.77624,-5.1511,0.0
-1.77624,-5.09189,0.0
-1.77624,-5.03269,0.0
-1.77624,-4.97348,0.0
-1.77624,-4.91427,0.0
-1.77624,-4.85506,0.0
-1.77624,-4.79585,0.0
-1.77624,-4.73665,0.0
-1.77624,-4.67744,0.0
-1.77624,-4.61823,0.0
-1.77624,-4.55902,0.0
-1.77624,-4.49981,0.0
-1.77624,-4.4406,0.0
-1.77624,-4.3814,0.0
-1.77624,-4.32219,0.0
-1.77624,-4.26298,0.0
-1.77624,-4.20377,0.0
-1.77624,-4.14456,0.0
-1.77624,-4.08536,0.0
-1.77624,-4.02615,0.0
-1.77624,-3.96694,0.0
-1.77624,-3.90773,0.0
-1.77624,-3.84852,0.0
-1.77624,-3.78932,0.0
-1.77624,-3.73011,0.0
-1.77624,-3.6709,0.0
-1.77624,-3.61169,0.0
-1.77624,-3.55248,0.0
-1.77624,-3.49328,0.0
-1.77624,-3.43407,0.0
-1.77624,-3.37486,0.0
-1.77624,-3.31565,0.0
-1.77624,-3.25644,0.0
-1.77624,-3.19724,0.0
-1.77624,-3.13803,0.0
-1.77624,-3.07882,0.0
-1.77624,-3.01961,0.0
-1.77624,-2.9604,0.0
-1.77624,-2.9012,0.0
-1.77624,-2.84199,0.0
-1.77624,-2.78278,0.0
-1.77624,-2.72357,0.0
-1.77624,-2.66436,0.0
-1.77624,-2.60515,0.0
-1.77624,-2.54595,0.0
-1.77624,-2.48674,0.0
-1.77624,-2.42753,0.0
-1.77624,-2.36832,0.0
-1.77624,-2.30911,0.0
-1.77624,-2.24991,0.0
-1.77624,-2.1907,0.0
-1.77624,-2.13149,0.0
-1.77624,-2.07228,0.0
-1.77624,-2.01307,0.0
-1.77624,-1.95387,0.0
-1.77624,-1.89466,0.0
-1.77624,-1.83545,0.0
-1.77624,-1.77624,0.0
-1.77624,-1.71703,0.0
-1.77624,-1.65783,0.0
-1.77624,-1.59862,0.0
-1.77624,-1.53941,0.0
-1.77624,-1.4802,0.0
-1.77624,-1.42099,0.0
-1.77624,-1.36179,0.0
-1.77624,-1.30258,0.0
-1.77624,-1.24337,0.0
-1.77624,-1.18416,0.0
-1.77624,-1.12495,0.0
-1.77624,-1.06575,0.0
-1.77624,-1.00654,0.0
-1.77624,-0.94733,0.0
-1.77624,-0.88812,0.0
-1.77624,-0.82891,0.0
-1.77624,-0.7697,0.0
-1.77624,-0.7105,0.0
-1.77624,-0.65129,0.0
-1.77624,-0.59208,0.0
-1.77624,-0.53287,0.0
-1.77624,-0.47366,0.0
-1.77624,-0.41446,0.0
-1.77624,-0.35525,0.0
-1.77624,-0.29604,0.0
-1.77624,-0.23683,0.0
-1.77624,-0.17762,0.0
-1.77624,-0.11842,0.0
-1.77624,-0.05921,0.0
-1.77624,0,0.0
-1.77624,0.05921,0.0
-1.77624,0.11842,0.0
-1.77624,0.17762,0.0
-1.77624,0.23683,0.0
-1.77624,0.29604,0.0
-1.77624,0.35525,0.0
-1.77624,0.41446,0.0
-1.77624,0.47366,0.0
-1.77624,0.53287,0.0
-1.77624,0.59208,0.0
-1.77624,0.65129,0.0
-1.77624,0.7105,0.0
-1.77624,0.7697,0.0
-1.77624,0.82891,0.0
-1.77624,0.88812,0.0
-1.77624,0.94733,0.0
-1.77624,1.00654,0.0
-1.77624,1.06575,0.0
-1.77624,1.12495,0.0
-1.77624,1.18416,0.0
-1.77624,1.24337,0.0
-1.77624,1.30258,0.0
-1.77624,1.36179,0.0
-1.77624,1.42099,0.0
-1.77624,1.4802,0.0
-1.77624,1.53941,0.0
-1.77624,1.59862,0.0
-1.77624,1.65783,0.0
-1.77624,1.71703,0.0
-1.77624,1.77624,0.0
-1.77624,1.83545,0.0
-1.77624,1.89466,0.0
-1.77624,1.95387,0.0
-1.77624,2.01307,0.0
-1.77624,2.07228,0.0
-1.77624,2.13149,0.0
-1.77624,2.1907,0.0
-1.77624,2.24991,0.0
-1.77624,2.30911,0.0
-1.77624,2.36832,0.0
-1.77624,2.42753,0.0
-1.77624,2.48674,0.0
-1.77624,2.54595,0.0
-1.77624,2.60515,0.0
-1.77624,2.66436,0.0
-1.77624,2.72357,0.0
-1.77624,2.78278,0.0
-1.77624,2.84199,0.0
-1.77624,2.9012,0.0
-1.77624,2.9604,0.0
-1.77624,3.01961,0.0
-1.77624,3.07882,0.0
-1.77624,3.13803,0.0
-1.77624,3.19724,0.0
-1.77624,3.25644,0.0
-1.77624,3.31565,0.0
-1.77624,3.37486,0.0
-1.77624,3.43407,0.0
-1.77624,3.49328,0.0
-1.77624,3.55248,0.0
-1.77624,3.61169,0.0
-1.77624,3.6709,0.0
-1.77624,3.73011,0.0
-1.77624,3.78932,0.0
-1.77624,3.84852,0.0
-1.77624,3.90773,0.0
-1.77624,3.96694,0.0
-1.77624,4.02615,0.0
-1.77624,4.08536,0.0
-1.77624,4.14456,0.0
-1.77624,4.20377,0.0
-1.77624,4.26298,0.0
-1.77624,4.32219,0.0
-1.77624,4.3814,0.0
-1.77624,4.4406,0.0
-1.77624,4.49981,0.0
-1.77624,4.55902,0.0
-1.77624,4.61823,0.0
-1.77624,4.67744,0.0
-1.77624,4.73665,0.0
-1.77624,4.79585,0.0
-1.77624,4.85506,0.0
-1.77624,4.91427,0.0
-1.77624,4.97348,0.0
-1.77624,5.03269,0.0
-1.77624,5.09189,0.0
-1.77624,5.1511,0.0
-1.77624,5.21031,0.0
-1.77624,5.26952,0.0
-1.77624,5.32873,0.0
-1.77624,5.38793,0.0
-1.77624,5.44714,0.0
-1.77624,5.50635,0.0
-1.71703,-5.50635,0.0
-1.71703,-5.44714,0.0
-1.71703,-5.38793,0.0
-1.71703,-5.32873,0.0
-1.71703,-5.26952,0.0
-1.71703,-5.21031,0.0
-1.71703,-5.1511,0.0
-1.71703,-5.09189,0.0
-1.71703,-5.03269,0.0
-1.71703,-4.97348,0.0
-1.71703,-4.91427,0.0
-1.71703,-4.85506,0.0
-1.71703,-4.79585,0.0
-1.71703,-4.73665,0.0
-1.71703,-4.67744,0.0
-1.71703,-4.61823,0.0
-1.71703,-4.55902,0.0
-1.71703,-4.49981,0.0
-1.71703,-4.4406,0.0
-1.71703,-4.3814,0.0
-1.71703,-4.32219,0.0
-1.71703,-4.26298,0.0
-1.71703,-4.20377,0.0
-1.71703,-4.14456,0.0
-1.71703,-4.08536,0.0
-1.71703,-4.02615,0.0
-1.71703,-3.96694,0.0
-1.71703,-3.90773,0.0
-1.71703,-3.84852,0.0
-1.71703,-3.78932,0.0
-1.71703,-3.73011,0.0
-1.71703,-3.6709,0.0
-1.71703,-3.61169,0.0
-1.71703,-3.55248,0.0
-1.71703,-3.49328,0.0
-1.71703,-3.43407,0.0
-1.71703,-3.37486,0.0
-1.71703,-3.31565,0.0
-1.71703,-3.25644,0.0
-1.71703,-3.19724,0.0
-1.71703,-3.13803,0.0
-1.71703,-3.07882,0.0
-1.71703,-3.01961,0.0
-1.71703,-2.9604,0.0
-1.71703,-2.9012,0.0
-1.71703,-2.84199,0.0
-1.71703,-2.78278,0.0
-1.71703,-2.72357,0.0
-1.71703,-2.66436,0.0
-1.71703,-2.60515,0.0
-1.71703,-2.54595,0.0
-1.71703,-2.48674,0.0
-1.71703,-2.42753,0.0
-1.71703,-2.36832,0.0
-1.71703,-2.30911,0.0
-1.71703,-2.24991,0.0
-1.71703,-2.1907,0.0
-1.71703,-2.13149,0.0
-1.71703,-2.07228,0.0
-1.71703,-2.01307,0.0
-1.71703,-1.95387,0.0
-1.71703,-1.89466,0.0
-1.71703,-1.83545,0.0
-1.71703,-1.77624,0.0
-1.71703,-1.71703,0.0
-1.71703,-1.65783,0.0
-1.71703,-1.59862,0.0
-1.71703,-1.53941,0.0
-1.71703,-1.4802,0.0
-1.71703,-1.42099,0.0
-1.71703,-1.36179,0.0
-1.71703,-1.30258,0.0
-1.71703,-1.24337,0.0
-1.71703,-1.18416,0.0
-1.71703,-1.12495,0.0
-1.71703,-1.06575,0.0
-1.71703,-1.00654,0.0
-1.71703,-0.94733,0.0
-1.71703,-0.88812,0.0
-1.71703,-0.82891,0.0
-1.71703,-0.7697,0.0
-1.71703,-0.7105,0.0
-1.71703,-0.65129,0.0
-1.71703,-0.59208,0.0
-1.71703,-0.53287,0.0
-1.71703,-0.47366,0.0
-1.71703,-0.41446,0.0
-1.71703,-0.35525,0.0
-1.71703,-0.29604,0.0
-1.71703,-0.23683,0.0
-1.71703,-0.17762,0.0
-1.71703,-0.11842,0.0
-1.71703,-0.05921,0.0
-1.71703,0,0.0
-1.71703,0.05921,0.0
-1.71703,0.11842,0.0
-1.71703,0.17762,0.0
-1.71703,0.23683,0.0
-1.71703,0.29604,0.0
-1.71703,0.35525,0.0
-1.71703,0.41446,0.0
-1.71703,0.47366,0.0
-1.71703,0.53287,0.0
-1.71703,0.59208,0.0
-1.71703,0.65129,0.0
-1.71703,0.7105,0.0
-1.71703,0.7697,0.0
-1.71703,0.82891,0.0
-1.71703,0.88812,0.0
-1.71703,0.94733,0.0
-1.71703,1.00654,0.0
-1.71703,1.06575,0.0
-1.71703,1.12495,0.0
-1.71703,1.18416,0.0
-1.71703,1.24337,0.0
-1.71703,1.30258,0.0
-1.71703,1.36179,0.0
-1.71703,1.42099,0.0
-1.71703,1.4802,0.0
-1.71703,1.53941,0.0
-1.71703,1.59862,0.0
-1.71703,1.65783,0.0
-1.71703,1.71703,0.0
-1.71703,1.77624,0.0
-1.71703,1.83545,0.0
-1.71703,1.89466,0.0
-1.71703,1.95387,0.0
-1.71703,2.01307,0.0
-1.71703,2.07228,0.0
-1.71703,2.13149,0.0
-1.71703,2.1907,0.0
-1.71703,2.24991,0.0
-1.71703,2.30911,0.0
-1.71703,2.36832,0.0
-1.71703,2.42753,0.0
-1.71703,2.48674,0.0
-1.71703,2.54595,0.0
-1.71703,2.60515,0.0
-1.71703,2.66436,0.0
-1.71703,2.72357,0.0
-1.71703,2.78278,0.0
-1.71703,2.84199,0.0
-1.71703,2.9012,0.0
-1.71703,2.9604,0.0
-1.71703,3.01961,0.0
-1.71703,3.07882,0.0
-1.71703,3.13803,0.0
-1.71703,3.19724,0.0
-1.71703,3.25644,0.0
-1.71703,3.31565,0.0
-1.71703,3.37486,0.0
-1.71703,3.43407,0.0
-1.71703,3.49328,0.0
-1.71703,3.55248,0.0
-1.71703,3.61169,0.0
-1.71703,3.6709,0.0
-1.71703,3.73011,0.0
-1.71703,3.78932,0.0
-1.71703,3.84852,0.0
-1.71703,3.90773,0.0
-1.71703,3.96694,0.0
-1.71703,4.02615,0.0
-1.71703,4.08536,0.0
-1.71703,4.14456,0.0
-1.71703,4.20377,0.0
-1.71703,4.26298,0.0
-1.71703,4.32219,0.0
-1.71703,4.3814,0.0
-1.71703,4.4406,0.0
-1.71703,4.49981,0.0
-1.71703,4.55902,0.0
-1.71703,4.61823,0.0
-1.71703,4.67744,0.0
-1.71703,4.73665,0.0
-1.71703,4.79585,0.0
-1.71703,4.85506,0.0
-1.71703,4.91427,0.0
-1.71703,4.97348,0.0
-1.71703,5.03269,0.0
-1.71703,5.09189,0.0
-1.71703,5.1511,0.0
-1.71703,5.21031,0.0
-1.71703,5.26952,0.0
-1.71703,5.32873,0.0
-1.71703,5.38793,0.0
-1.71703,5.44714,0.0
-1.71703,5.50635,0.0
-1.65783,-5.50635,0.0
-1.65783,-5.44714,0.0
-1.65783,-5.38793,0.0
-1.65783,-5.32873,0.0
-1.65783,-5.26952,0.0
-1.65783,-5.21031,0.0
-1.65783,-5.1511,0.0
-1.65783,-5.09189,0.0
-1.65783,-5.03269,0.0
-1.65783,-4.97348,0.0
-1.65783,-4.91427,0.0
-1.65783,-4.85506,0.0
-1.65783,-4.79585,0.0
-1.65783,-4.73665,0.0
-1.65783,-4.67744,0.0
-1.65783,-4.61823,0.0
-1.65783,-4.55902,0.0
-1.65783,-4.49981,0.0
-1.65783,-4.4406,0.0
-1.65783,-4.3814,0.0
-1.65783,-4.32219,0.0
-1.65783,-4.26298,0.0
-1.65783,-4.20377,0.0
-1.65783,-4.14456,0.0
-1.65783,-4.08536,0.0
-1.65783,-4.02615,0.0
-1.65783,-3.96694,0.0
-1.65783,-3.90773,0.0
-1.65783,-3.84852,0.0
-1.65783,-3.78932,0.0
-1.65783,-3.73011,0.0
-1.65783,-3.6709,0.0
-1.65783,-3.61169,0.0
-1.65783,-3.55248,0.0
-1.65783,-3.49328,0.0
-1.65783,-3.43407,0.0
-1.65783,-3.37486,0.0
-1.65783,-3.31565,0.0
-1.65783,-3.25644,0.0
-1.65783,-3.19724,0.0
-1.65783,-3.13803,0.0
-1.65783,-3.07882,0.0
-1.65783,-3.01961,0.0
-1.65783,-2.9604,0.0
-1.65783,-2.9012,0.0
-1.65783,-2.84199,0.0
-1.65783,-2.78278,0.0
-1.65783,-2.72357,0.0
-1.65783,-2.66436,0.0
-1.65783,-2.60515,0.0
-1.65783,-2.54595,0.0
-1.65783,-2.48674,0.0
-1.65783,-2.42753,0.0
-1.65783,-2.36832,0.0
-1.65783,-2.30911,0.0
-1.65783,-2.24991,0.0
-1.65783,-2.1907,0.0
-1.65783,-2.13149,0.0
-1.65783,-2.07228,0.0
-1.65783,-2.01307,0.0
-1.65783,-1.95387,0.0
-1.65783,-1.89466,0.0
-1.65783,-1.83545,0.0
-1.65783,-1.77624,0.0
-1.65783,-1.71703,0.0
-1.65783,-1.65783,0.0
-1.65783,-1.59862,0.0
-1.65783,-1.53941,0.0
-1.65783,-1.4802,0.0
-1.65783,-1.42099,0.0
-1.65783,-1.36179,0.0
-1.65783,-1.30258,0.0
-1.65783,-1.24337,0.0
-1.65783,-1.18416,0.0
-1.65783,-1.12495,0.0
-1.65783,-1.06575,0.0
-1.65783,-1.00654,0.0
-1.65783,-0.94733,0.0
-1.65783,-0.88812,0.0
-1.65783,-0.82891,0.0
-1.65783,-0.7697,0.0
-1.65783,-0.7105,0.0
-1.65783,-0.65129,0.0
-1.65783,-0.59208,0.0
-1.65783,-0.53287,0.0
-1.65783,-0.47366,0.0
-1.65783,-0.41446,0.0
-1.65783,-0.35525,0.0
-1.65783,-0.29604,0.0
-1.65783,-0.23683,0.0
-1.65783,-0.17762,0.0
-1.65783,-0.11842,0.0
-1.65783,-0.05921,0.0
-1.65783,0,0.0
-1.65783,0.05921,0.0
-1.65783,0.11842,0.0
-1.65783,0.17762,0.0
-1.65783,0.23683,0.0
-1.65783,0.29604,0.0
-1.65783,0.35525,0.0
-1.65783,0.41446,0.0
-1.65783,0.47366,0.0
-1.65783,0.53287,0.0
-1.65783,0.59208,0.0
-1.65783,0.65129,0.0
-1.65783,0.7105,0.0
-1.65783,0.7697,0.0
-1.65783,0.82891,0.0
-1.65783,0.88812,0.0
-1.65783,0.94733,0.0
-1.65783,1.00654,0.0
-1.65783,1.06575,0.0
-1.65783,1.12495,0.0
-1.65783,1.18416,0.0
-1.65783,1.24337,0.0
-1.65783,1.30258,0.0
-1.65783,1.36179,0.0
-1.65783,1.42099,0.0
-1.65783,1.4802,0.0
-1.65783,1.53941,0.0
-1.65783,1.59862,0.0
-1.65783,1.65783,0.0
-1.65783,1.71703,0.0
-1.65783,1.77624,0.0
-1.65783,1.83545,0.0
-1.65783,1.89466,0.0
-1.65783,1.95387,0.0
-1.65783,2.01307,0.0
-1.65783,2.07228,0.0
-1.65783,2.13149,0.0
-1.65783,2.1907,0.0
-1.65783,2.24991,0.0
-1.65783,2.30911,0.0
-1.65783,2.36832,0.0
-1.65783,2.42753,0.0
-1.65783,2.48674,0.0
-1.65783,2.54595,0.0
-1.65783,2.60515,0.0
-1.65783,2.66436,0.0
-1.65783,2.72357,0.0
-1.65783,2.78278,0.0
-1.65783,2.84199,0.0
-1.65783,2.9012,0.0
-1.65783,2.9604,0.0
-1.65783,3.01961,0.0
-1.65783,3.07882,0.0
-1.65783,3.13803,0.0
-1.65783,3.19724,0.0
-1.65783,3.25644,0.0
-1.65783,3.31565,0.0
-1.65783,3.37486,0.0
-1.65783,3.43407,0.0
-1.65783,3.49328,0.0
-1.65783,3.55248,0.0
-1.65783,3.61169,0.0
-1.65783,3.6709,0.0
-1.65783,3.73011,0.0
-1.65783,3.78932,0.0
-1.65783,3.84852,0.0
-1.65783,3.90773,0.0
-1.65783,3.96694,0.0
-1.65783,4.02615,0.0
-1.65783,4.08536,0.0
-1.65783,4.14456,0.0
-1.65783,4.20377,0.0
-1.65783,4.26298,0.0
-1.65783,4.32219,0.0
-1.65783,4.3814,0.0
-1.65783,4.4406,0.0
-1.65783,4.49981,0.0
-1.65783,4.55902,0.0
-1.65783,4.61823,0.0
-1.65783,4.67744,0.0
-1.65783,4.73665,0.0
-1.65783,4.79585,0.0
-1.65783,4.85506,0.0
-1.65783,4.91427,0.0
-1.65783,4.97348,0.0
-1.65783,5.03269,0.0
-1.65783,5.09189,0.0
-1.65783,5.1511,0.0
-1.65783,5.21031,0.0
-1.65783,5.26952,0.0
-1.65783,5.32873,0.0
-1.65783,5.38793,0.0
-1.65783,5.44714,0.0
-1.65783,5.50635,0.0
-1.59862,-5.56556,0.0
-1.59862,-5.50635,0.0
-1.59862,-5.44714,0.0
-1.59862,-5.38793,0.0
-1.59862,-5.32873,0.0
-1.59862,-5.26952,0.0
-1.59862,-5.21031,0.0
-1.59862,-5.1511,0.0
-1.59862,-5.09189,0.0
-1.59862,-5.03269,0.0
-1.59862,-4.97348,0.0
-1.59862,-4.91427,0.0
-1.59862,-4.85506,0.0
-1.59862,-4.79585,0.0
-1.59862,-4.73665,0.0
-1.59862,-4.67744,0.0
-1.59862,-4.61823,0.0
-1.59862,-4.55902,0.0
-1.59862,-4.49981,0.0
-1.59862,-4.4406,0.0
-1.59862,-4.3814,0.0
-1.59862,-4.32219,0.0
-1.59862,-4.26298,0.0
-1.59862,-4.20377,0.0
-1.59862,-4.14456,0.0
-1.59862,-4.08536,0.0
-1.59862,-4.02615,0.0
-1.59862,-3.96694,0.0
-1.59862,-3.90773,0.0
-1.59862,-3.84852,0.0
-1.59862,-3.78932,0.0
-1.59862,-3.73011,0.0
-1.59862,-3.6709,0.0
-1.59862,-3.61169,0.0
-1.59862,-3.55248,0.0
-1.59862,-3.49328,0.0
-1.59862,-3.43407,0.0
-1.59862,-3.37486,0.0
-1.59862,-3.31565,0.0
-1.59862,-3.25644,0.0
-1.59862,-3.19724,0.0
-1.59862,-3.13803,0.0
-1.59862,-3.07882,0.0
-1.59862,-3.01961,0.0
-1.59862,-2.9604,0.0
-1.59862,-2.9012,0.0
-1.59862,-2.84199,0.0
-1.59862,-2.78278,0.0
-1.59862,-2.72357,0.0
-1.59862,-2.66436,0.0
-1.59862,-2.60515,0.0
-1.59862,-2.54595,0.0
-1.59862,-2.48674,0.0
-1.59862,-2.42753,0.0
-1.59862,-2.36832,0.0
-1.59862,-2.30911,0.0
-1.59862,-2.24991,0.0
-1.59862,-2.1907,0.0
-1.59862,-2.13149,0.0
-1.59862,-2.07228,0.0
-1.59862,-2.01307,0.0
-1.59862,-1.95387,0.0
-1.59862,-1.89466,0.0
-1.59862,-1.83545,0.0
-1.59862,-1.77624,0.0
-1.59862,-1.71703,0.0
-1.59862,-1.65783,0.0
-1.59862,-1.59862,0.0
-1.59862,-1.53941,0.0
-1.59862,-1.4802,0.0
-1.59862,-1.42099,0.0
-1.59862,-1.36179,0.0
-1.59862,-1.30258,0.0
-1.59862,-1.24337,0.0
-1.59862,-1.18416,0.0
-1.59862,-1.12495,0.0
-1.59862,-1.06575,0.0
-1.59862,-1.00654,0.0
-1.59862,-0.94733,0.0
-1.59862,-0.88812,0.0
-1.59862,-0.82891,0.0
-1.59862,-0.7697,0.0
-1.59862,-0.7105,0.0
-1.59862,-0.65129,0.0
-1.59862,-0.59208,0.0
-1.59862,-0.53287,0.0
-1.59862,-0.47366,0.0
-1.59862,-0.41446,0.0
-1.59862,-0.35525,0.0
-1.59862,-0.29604,0.0
-1.59862,-0.23683,0.0
-1.59862,-0.17762,0.0
-1.59862,-0.11842,0.0
-1.59862,-0.05921,0.0
-1.59862,0,0.0
-1.59862,0.05921,0.0
-1.59862,0.11842,0.0
-1.59862,0.17762,0.0
-1.59862,0.23683,0.0
-1.59862,0.29604,0.0
-1.59862,0.35525,0.0
-1.59862,0.41446,0.0
-1.59862,0.47366,0.0
-1.59862,0.53287,0.0
-1.59862,0.59208,0.0
-1.59862,0.65129,0.0
-1.59862,0.7105,0.0
-1.59862,0.7697,0.0
-1.59862,0.82891,0.0
-1.59862,0.88812,0.0
-1.59862,0.94733,0.0
-1.59862,1.00654,0.0
-1.59862,1.06575,0.0
-1.59862,1.12495,0.0
-1.59862,1.18416,0.0
-1.59862,1.24337,0.0
-1.59862,1.30258,0.0
-1.59862,1.36179,0.0
-1.59862,1.42099,0.0
-1.59862,1.4802,0.0
-1.59862,1.53941,0.0
-1.59862,1.59862,0.0
-1.59862,1.65783,0.0
-1.59862,1.71703,0.0
-1.59862,1.77624,0.0
-1.59862,1.83545,0.0
-1.59862,1.89466,0.0
-1.59862,1.95387,0.0
-1.59862,2.01307,0.0
-1.59862,2.07228,0.0
-1.59862,2.13149,0.0
-1.59862,2.1907,0.0
-1.59862,2.24991,0.0
-1.59862,2.30911,0.0
-1.59862,2.36832,0.0
-1.59862,2.42753,0.0
-1.59862,2.48674,0.0
-1.59862,2.54595,0.0
-1.59862,2.60515,0.0
-1.59862,2.66436,0.0
-1.59862,2.72357,0.0
-1.59862,2.78278,0.0
-1.59862,2.84199,0.0
-1.59862,2.9012,0.0
-1.59862,2.9604,0.0
-1.59862,3.01961,0.0
-1.59862,3.07882,0.0
-1.59862,3.13803,0.0
-1.59862,3.19724,0.0
-1.59862,3.25644,0.0
-1.59862,3.31565,0.0
-1.59862,3.37486,0.0
-1.59862,3.43407,0.0
-1.59862,3.49328,0.0
-1.59862,3.55248,0.0
-1.59862,3.61169,0.0
-1.59862,3.6709,0.0
-1.59862,3.73011,0.0
-1.59862,3.78932,0.0
-1.59862,3.84852,0.0
-1.59862,3.90773,0.0
-1.59862,3.96694,0.0
-1.59862,4.02615,0.0
-1.59862,4.08536,0.0
-1.59862,4.14456,0.0
-1.59862,4.20377,0.0
-1.59862,4.26298,0.0
-1.59862,4.32219,0.0
-1.59862,4.3814,0.0
-1.59862,4.4406,0.0
-1.59862,4.49981,0.0
-1.59862,4.55902,0.0
-1.59862,4.61823,0.0
-1.59862,4.67744,0.0
-1.59862,4.73665,0.0
-1.59862,4.79585,0.0
-1.59862,4.85506,0.0
-1.59862,4.91427,0.0
-1.59862,4.97348,0.0
-1.59862,5.03269,0.0
-1.59862,5.09189,0.0
-1.59862,5.1511,0.0
-1.59862,5.21031,0.0
-1.59862,5.26952,0.0
-1.59862,5.32873,0.0
-1.59862,5.38793,0.0
-1.59862,5.44714,0.0
-1.59862,5.50635,0.0
-1.59862,5.56556,0.0
-1.53941,-5.56556,0.0
-1.53941,-5.50635,0.0
-1.53941,-5.44714,0.0
-1.53941,-5.38793,0.0
-1.53941,-5.32873,0.0
-1.53941,-5.26952,0.0
-1.53941,-5.21031,0.0
-1.53941,-5.1511,0.0
-1.53941,-5.09189,0.0
-1.53941,-5.03269,0.0
-1.53941,-4.97348,0.0
-1.53941,-4.91427,0.0
-1.53941,-4.85506,0.0
-1.53941,-4.79585,0.0
-1.53941,-4.73665,0.0
-1.53941,-4.67744,0.0
-1.53941,-4.61823,0.0
-1.53941,-4.55902,0.0
-1.53941,-4.49981,0.0
-1.53941,-4.4406,0.0
-1.53941,-4.3814,0.0
-1.53941,-4.32219,0.0
-1.53941,-4.26298,0.0
-1.53941,-4.20377,0.0
-1.53941,-4.14456,0.0
-1.53941,-4.08536,0.0
-1.53941,-4.02615,0.0
-1.53941,-3.96694,0.0
-1.53941,-3.90773,0.0
-1.53941,-3.84852,0.0
-1.53941,-3.78932,0.0
-1.53941,-3.73011,0.0
-1.53941,-3.6709,0.0
-1.53941,-3.61169,0.0
-1.53941,-3.55248,0.0
-1.53941,-3.49328,0.0
-1.53941,-3.43407,0.0
-1.53941,-3.37486,0.0
-1.53941,-3.31565,0.0
-1.53941,-3.25644,0.0
-1.53941,-3.19724,0.0
-1.53941,-3.13803,0.0
-1.53941,-3.07882,0.0
-1.53941,-3.01961,0.0
-1.53941,-2.9604,0.0
-1.53941,-2.9012,0.0
-1.53941,-2.84199,0.0
-1.53941,-2.78278,0.0
-1.53941,-2.72357,0.0
-1.53941,-2.66436,0.0
-1.53941,-2.60515,0.0
-1.53941,-2.54595,0.0
-1.53941,-2.48674,0.0
-1.53941,-2.42753,0.0
-1.53941,-2.36832,0.0
-1.53941,-2.30911,0.0
-1.53941,-2.24991,0.0
-1.53941,-2.1907,0.0
-1.53941,-2.13149,0.0
-1.53941,-2.07228,0.0
-1.53941,-2.01307,0.0
-1.53941,-1.95387,0.0
-1.53941,-1.89466,0.0
-1.53941,-1.83545,0.0
-1.53941,-1.77624,0.0
-1.53941,-1.71703,0.0
-1.53941,-1.65783,0.0
-1.53941,-1.59862,0.0
-1.53941,-1.53941,0.0
-1.53941,-1.4802,0.0
-1.53941,-1.42099,0.0
-1.53941,-1.36179,0.0
-1.53941,-1.30258,0.0
-1.53941,-1.24337,0.0
-1.53941,-1.18416,0.0
-1.53941,-1.12495,0.0
-1.53941,-1.06575,0.0
-1.53941,-1.00654,0.0
-1.53941,-0.94733,0.0
-1.53941,-0.88812,0.0
-1.53941,-0.82891,0.0
-1.53941,-0.7697,0.0
-1.53941,-0.7105,0.0
-1.53941,-0.65129,0.0
-1.53941,-0.59208,0.0
-1.53941,-0.53287,0.0
-1.53941,-0.47366,0.0
-1.53941,-0.41446,0.0
-1.53941,-0.35525,0.0
-1.53941,-0.29604,0.0
-1.53941,-0.23683,0.0
-1.53941,-0.17762,0.0
-1.53941,-0.11842,0.0
-1.53941,-0.05921,0.0
-1.53941,0,0.0
-1.53941,0.05921,0.0
-1.53941,0.11842,0.0
-1.53941,0.17762,0.0
-1.53941,0.23683,0.0
-1.53941,0.29604,0.0
-1.53941,0.35525,0.0
-1.53941,0.41446,0.0
-1.53941,0.47366,0.0
-1.53941,0.53287,0.0
-1.53941,0.59208,0.0
-1.53941,0.65129,0.0
-1.53941,0.7105,0.0
-1.53941,0.7697,0.0
-1.53941,0.82891,0.0
-1.53941,0.88812,0.0
-1.53941,0.94733,0.0
-1.53941,1.00654,0.0
-1.53941,1.06575,0.0
-1.53941,1.12495,0.0
-1.53941,1.18416,0.0
-1.53941,1.24337,0.0
-1.53941,1.30258,0.0
-1.53941,1.36179,0.0
-1.53941,1.42099,0.0
-1.53941,1.4802,0.0
-1.53941,1.53941,0.0
-1.53941,1.59862,0.0
-1.53941,1.65783,0.0
-1.53941,1.71703,0.0
-1.53941,1.77624,0.0
-1.53941,1.83545,0.0
-1.53941,1.89466,0.0
-1.53941,1.95387,0.0
-1.53941,2.01307,0.0
-1.53941,2.07228,0.0
-1.53941,2.13149,0.0
-1.53941,2.1907,0.0
-1.53941,2.24991,0.0
-1.53941,2.30911,0.0
-1.53941,2.36832,0.0
-1.53941,2.42753,0.0
-1.53941,2.48674,0.0
-1.53941,2.54595,0.0
-1.53941,2.60515,0.0
-1.53941,2.66436,0.0
-1.53941,2.72357,0.0
-1.53941,2.78278,0.0
-1.53941,2.84199,0.0
-1.53941,2.9012,0.0
-1.53941,2.9604,0.0
-1.53941,3.01961,0.0
-1.53941,3.07882,0.0
-1.53941,3.13803,0.0
-1.53941,3.19724,0.0
-1.53941,3.25644,0.0
-1.53941,3.31565,0.0
-1.53941,3.37486,0.0
-1.53941,3.43407,0.0
-1.53941,3.49328,0.0
-1.53941,3.55248,0.0
-1.53941,3.61169,0.0
-1.53941,3.6709,0.0
-1.53941,3.73011,0.0
-1.53941,3.78932,0.0
-1.53941,3.84852,0.0
-1.53941,3.90773,0.0
-1.53941,3.96694,0.0
-1.53941,4.02615,0.0
-1.53941,4.08536,0.0
-1.53941,4.14456,0.0
-1.53941,4.20377,0.0
-1.53941,4.26298,0.0
-1.53941,4.32219,0.0
-1.53941,4.3814,0.0
-1.53941,4.4406,0.0
-1.53941,4.49981,0.0
-1.53941,4.55902,0.0
-1.53941,4.61823,0.0
-1.53941,4.67744,0.0
-1.53941,4.73665,0.0
-1.53941,4.79585,0.0
-1.53941,4.85506,0.0
-1.53941,4.91427,0.0
-1.53941,4.97348,0.0
-1.53941,5.03269,0.0
-1.53941,5.09189,0.0
-1.53941,5.1511,0.0
-1.53941,5.21031,0.0
-1.53941,5.26952,0.0
-1.53941,5.32873,0.0
-1.53941,5.38793,0.0
-1.53941,5.44714,0.0
-1.53941,5.50635,0.0
-1.53941,5.56556,0.0
-1.4802,-5.56556,0.0
-1.4802,-5.50635,0.0
-1.4802,-5.44714,0.0
-1.4802,-5.38793,0.0
-1.4802,-5.32873,0.0
-1.4802,-5.26952,0.0
-1.4802,-5.21031,0.0
-1.4802,-5.1511,0.0
-1.4802,-5.09189,0.0
-1.4802,-5.03269,0.0
-1.4802,-4.97348,0.0
-1.4802,-4.91427,0.0
-1.4802,-4.85506,0.0
-1.4802,-4.79585,0.0
-1.4802,-4.73665,0.0
-1.4802,-4.67744,0.0
-1.4802,-4.61823,0.0
-1.4802,-4.55902,0.0
-1.4802,-4.49981,0.0
-1.4802,-4.4406,0.0
-1.4802,-4.3814,0.0
-1.4802,-4.32219,0.0
-1.4802,-4.26298,0.0
-1.4802,-4.20377,0.0
-1.4802,-4.14456,0.0
-1.4802,-4.08536,0.0
-1.4802,-4.02615,0.0
-1.4802,-3.96694,0.0
-1.4802,-3.90773,0.0
-1.4802,-3.84852,0.0
-1.4802,-3.78932,0.0
-1.4802,-3.73011,0.0
-1.4802,-3.6709,0.0
-1.4802,-3.61169,0.0
-1.4802,-3.55248,0.0
-1.4802,-3.49328,0.0
-1.4802,-3.43407,0.0
-1.4802,-3.37486,0.0
-1.4802,-3.31565,0.0
-1.4802,-3.25644,0.0
-1.4802,-3.19724,0.0
-1.4802,-3.13803,0.0
-1.4802,-3.07882,0.0
-1.4802,-3.01961,0.0
-1.4802,-2.9604,0.0
-1.4802,-2.9012,0.0
-1.4802,-2.84199,0.0
-1.4802,-2.78278,0.0
-1.4802,-2.72357,0.0
-1.4802,-2.66436,0.0
-1.4802,-2.60515,0.0
-1.4802,-2.54595,0.0
-1.4802,-2.48674,0.0
-1.4802,-2.42753,0.0
-1.4802,-2.36832,0.0
-1.4802,-2.30911,0.0
-1.4802,-2.24991,0.0
-1.4802,-2.1907,0.0
-1.4802,-2.13149,0.0
-1.4802,-2.07228,0.0
-1.4802,-2.01307,0.0
-1.4802,-1.95387,0.0
-1.4802,-1.89466,0.0
-1.4802,-1.83545,0.0
-1.4802,-1.77624,0.0
-1.4802,-1.71703,0.0
-1.4802,-1.65783,0.0
-1.4802,-1.59862,0.0
-1.4802,-1.53941,0.0
-1.4802,-1.4802,0.0
-1.4802,-1.42099,0.0
-1.4802,-1.36179,0.0
-1.4802,-1.30258,0.0
-1.4802,-1.24337,0.0
-1.4802,-1.18416,0.0
-1.4802,-1.12495,0.0
-1.4802,-1.06575,0.0
-1.4802,-1.00654,0.0
-1.4802,-0.94733,0.0
-1.4802,-0.88812,0.0
-1.4802,-0.82891,0.0
-1.4802,-0.7697,0.0
-1.4802,-0.7105,0.0
-1.4802,-0.65129,0.0
-1.4802,-0.59208,0.0
-1.4802,-0.53287,0.0
-1.4802,-0.47366,0.0
-1.4802,-0.41446,0.0
-1.4802,-0.35525,0.0
-1.4802,-0.29604,0.0
-1.4802,-0.23683,0.0
-1.4802,-0.17762,0.0
-1.4802,-0.11842,0.0
-1.4802,-0.05921,0.0
-1.4802,0,0.0
-1.4802,0.05921,0.0
-1.4802,0.11842,0.0
-1.4802,0.17762,0.0
-1.4802,0.23683,0.0
-1.4802,0.29604,0.0
-1.4802,0.35525,0.0
-1.4802,0.41446,0.0
-1.4802,0.47366,0.0
-1.4802,0.53287,0.0
-1.4802,0.59208,0.0
-1.4802,0.65129,0.0
-1.4802,0.7105,0.0
-1.4802,0.7697,0.0
-1.4802,0.82891,0.0
-1.4802,0.88812,0.0
-1.4802,0.94733,0.0
-1.4802,1.00654,0.0
-1.4802,1.06575,0.0
-1.4802,1.12495,0.0
-1.4802,1.18416,0.0
-1.4802,1.24337,0.0
-1.4802,1.30258,0.0
-1.4802,1.36179,0.0
-1.4802,1.42099,0.0
-1.4802,1.4802,0.0
-1.4802,1.53941,0.0
-1.4802,1.59862,0.0
-1.4802,1.65783,0.0
-1.4802,1.71703,0.0
-1.4802,1.77624,0.0
-1.4802,1.83545,0.0
-1.4802,1.89466,0.0
-1.4802,1.95387,0.0
-1.4802,2.01307,0.0
-1.4802,2.07228,0.0
-1.4802,2.13149,0.0
-1.4802,2.1907,0.0
-1.4802,2.24991,0.0
-1.4802,2.30911,0.0
-1.4802,2.36832,0.0
-1.4802,2.42753,0.0
-1.4802,2.48674,0.0
-1.4802,2.54595,0.0
-1.4802,2.60515,0.0
-1.4802,2.66436,0.0
-1.4802,2.72357,0.0
-1.4802,2.78278,0.0
-1.4802,2.84199,0.0
-1.4802,2.9012,0.0
-1.4802,2.9604,0.0
-1.4802,3.01961,0.0
-1.4802,3.07882,0.0
-1.4802,3.13803,0.0
-1.4802,3.19724,0.0
-1.4802,3.25644,0.0
-1.4802,3.31565,0.0
-1.4802,3.37486,0.0
-1.4802,3.43407,0.0
-1.4802,3.49328,0.0
-1.4802,3.55248,0.0
-1.4802,3.61169,0.0
-1.4802,3.6709,0.0
-1.4802,3.73011,0.0
-1.4802,3.78932,0.0
-1.4802,3.84852,0.0
-1.4802,3.90773,0.0
-1.4802,3.96694,0.0
-1.4802,4.02615,0.0
-1.4802,4.08536,0.0
-1.4802,4.14456,0.0
-1.4802,4.20377,0.0
-1.4802,4.26298,0.0
-1.4802,4.32219,0.0
-1.4802,4.3814,0.0
-1.4802,4.4406,0.0
-1.4802,4.49981,0.0
-1.4802,4.55902,0.0
-1.4802,4.61823,0.0
-1.4802,4.67744,0.0
-1.4802,4.73665,0.0
-1.4802,4.79585,0.0
-1.4802,4.85506,0.0
-1.4802,4.91427,0.0
-1.4802,4.97348,0.0
-1.4802,5.03269,0.0
-1.4802,5.09189,0.0
-1.4802,5.1511,0.0
-1.4802,5.21031,0.0
-1.4802,5.26952,0.0
-1.4802,5.32873,0.0
-1.4802,5.38793,0.0
-1.4802,5.44714,0.0
-1.4802,5.50635,0.0
-1.4802,5.56556,0.0
-1.42099,-5.56556,0.0
-1.42099,-5.50635,0.0
-1.42099,-5.44714,0.0
-1.42099,-5.38793,0.0
-1.42099,-5.32873,0.0
-1.42099,-5.26952,0.0
-1.42099,-5.21031,0.0
-1.42099,-5.1511,0.0
-1.42099,-5.09189,0.0
-1.42099,-5.03269,0.0
-1.42099,-4.97348,0.0
-1.42099,-4.91427,0.0
-1.42099,-4.85506,0.0
-1.42099,-4.79585,0.0
-1.42099,-4.73665,0.0
-1.42099,-4.67744,0.0
-1.42099,-4.61823,0.0
-1.42099,-4.55902,0.0
-1.42099,-4.49981,0.0
-1.42099,-4.4406,0.0
-1.42099,-4.3814,0.0
-1.42099,-4.32219,0.0
-1.42099,-4.26298,0.0
-1.42099,-4.20377,0.0
-1.42099,-4.14456,0.0
-1.42099,-4.08536,0.0
-1.42099,-4.02615,0.0
-1.42099,-3.96694,0.0
-1.42099,-3.90773,0.0
-1.42099,-3.84852,0.0
-1.42099,-3.78932,0.0
-1.42099,-3.73011,0.0
-1.42099,-3.6709,0.0
-1.42099,-3.61169,0.0
-1.42099,-3.55248,0.0
-1.42099,-3.49328,0.0
-1.42099,-3.43407,0.0
-1.42099,-3.37486,0.0
-1.42099,-3.31565,0.0
-1.42099,-3.25644,0.0
-1.42099,-3.19724,0.0
-1.42099,-3.13803,0.0
-1.42099,-3.07882,0.0
-1.42099,-3.01961,0.0
-1.42099,-2.9604,0.0
-1.42099,-2.9012,0.0
-1.42099,-2.84199,0.0
-1.42099,-2.78278,0.0
-1.42099,-2.72357,0.0
-1.42099,-2.66436,0.0
-1.42099,-2.60515,0.0
-1.42099,-2.54595,0.0
-1.42099,-2.48674,0.0
-1.42099,-2.42753,0.0
-1.42099,-2.36832,0.0
-1.42099,-2.30911,0.0
-1.42099,-2.24991,0.0
-1.42099,-2.1907,0.0
-1.42099,-2.13149,0.0
-1.42099,-2.07228,0.0
-1.42099,-2.01307,0.0
-1.42099,-1.95387,0.0
-1.42099,-1.89466,0.0
-1.42099,-1.83545,0.0
-1.42099,-1.77624,0.0
-1.42099,-1.71703,0.0
-1.42099,-1.65783,0.0
-1.42099,-1.59862,0.0
-1.42099,-1.53941,0.0
-1.42099,-1.4802,0.0
-1.42099,-1.42099,0.0
-1.42099,-1.36179,0.0
-1.42099,-1.30258,0.0
-1.42099,-1.24337,0.0
-1.42099,-1.18416,0.0
-1.42099,-1.12495,0.0
-1.42099,-1.06575,0.0
-1.42099,-1.00654,0.0
-1.42099,-0.94733,0.0
-1.42099,-0.88812,0.0
-1.42099,-0.82891,0.0
-1.42099,-0.7697,0.0
-1.42099,-0.7105,0.0
-1.42099,-0.65129,0.0
-1.42099,-0.59208,0.0
-1.42099,-0.53287,0.0
-1.42099,-0.47366,0.0
-1.42099,-0.41446,0.0
-1.42099,-0.35525,0.0
-1.42099,-0.29604,0.0
-1.42099,-0.23683,0.0
-1.42099,-0.17762,0.0
-1.42099,-0.11842,0.0
-1.42099,-0.05921,0.0
-1.42099,0,0.0
-1.42099,0.05921,0.0
-1.42099,0.11842,0.0
-1.42099,0.17762,0.0
-1.42099,0.23683,0.0
-1.42099,0.29604,0.0
-1.42099,0.35525,0.0
-1.42099,0.41446,0.0
-1.42099,0.47366,0.0
-1.42099,0.53287,0.0
-1.42099,0.59208,0.0
-1.42099,0.65129,0.0
-1.42099,0.7105,0.0
-1.42099,0.7697,0.0
-1.42099,0.82891,0.0
-1.42099,0.88812,0.0
-1.42099,0.94733,0.0
-1.42099,1.00654,0.0
-1.42099,1.06575,0.0
-1.42099,1.12495,0.0
-1.42099,1.18416,0.0
-1.42099,1.24337,0.0
-1.42099,1.30258,0.0
-1.42099,1.36179,0.0
-1.42099,1.42099,0.0
-1.42099,1.4802,0.0
-1.42099,1.53941,0.0
-1.42099,1.59862,0.0
-1.42099,1.65783,0.0
-1.42099,1.71703,0.0
-1.42099,1.77624,0.0
-1.42099,1.83545,0.0
-1.42099,1.89466,0.0
-1.42099,1.95387,0.0
-1.42099,2.01307,0.0
-1.42099,2.07228,0.0
-1.42099,2.13149,0.0
-1.42099,2.1907,0.0
-1.42099,2.24991,0.0
-1.42099,2.30911,0.0
-1.42099,2.36832,0.0
-1.42099,2.42753,0.0
-1.42099,2.48674,0.0
-1.42099,2.54595,0.0
-1.42099,2.60515,0.0
-1.42099,2.66436,0.0
-1.42099,2.72357,0.0
-1.42099,2.78278,0.0
-1.42099,2.84199,0.0
-1.42099,2.9012,0.0
-1.42099,2.9604,0.0
-1.42099,3.01961,0.0
-1.42099,3.07882,0.0
-1.42099,3.13803,0.0
-1.42099,3.19724,0.0
-1.42099,3.25644,0.0
-1.42099,3.31565,0.0
-1.42099,3.37486,0.0
-1.42099,3.43407,0.0
-1.42099,3.49328,0.0
-1.42099,3.55248,0.0
-1.42099,3.61169,0.0
-1.42099,3.6709,0.0
-1.42099,3.73011,0.0
-1.42099,3.78932,0.0
-1.42099,3.84852,0.0
-1.42099,3.90773,0.0
-1.42099,3.96694,0.0
-1.42099,4.02615,0.0
-1.42099,4.08536,0.0
-1.42099,4.14456,0.0
-1.42099,4.20377,0.0
-1.42099,4.26298,0.0
-1.42099,4.32219,0.0
-1.42099,4.3814,0.0
-1.42099,4.4406,0.0
-1.42099,4.49981,0.0
-1.42099,4.55902,0.0
-1.42099,4.61823,0.0
-1.42099,4.67744,0.0
-1.42099,4.73665,0.0
-1.42099,4.79585,0.0
-1.42099,4.85506,0.0
-1.42099,4.91427,0.0
-1.42099,4.97348,0.0
-1.42099,5.03269,0.0
-1.42099,5.09189,0.0
-1.42099,5.1511,0.0
-1.42099,5.21031,0.0
-1.42099,5.26952,0.0
-1.42099,5.32873,0.0
-1.42099,5.38793,0.0
-1.42099,5.44714,0.0
-1.42099,5.50635,0.0
-1.42099,5.56556,0.0
-1.36179,-5.62477,0.0
-1.36179,-5.56556,0.0
-1.36179,-5.50635,0.0
-1.36179,-5.44714,0.0
-1.36179,-5.38793,0.0
-1.36179,-5.32873,0.0
-1.36179,-5.26952,0.0
-1.36179,-5.21031,0.0
-1.36179,-5.1511,0.0
-1.36179,-5.09189,0.0
-1.36179,-5.03269,0.0
-1.36179,-4.97348,0.0
-1.36179,-4.91427,0.0
-1.36179,-4.85506,0.0
-1.36179,-4.79585,0.0
-1.36179,-4.73665,0.0
-1.36179,-4.67744,0.0
-1.36179,-4.61823,0.0
-1.36179,-4.55902,0.0
-1.36179,-4.49981,0.0
-1.36179,-4.4406,0.0
-1.36179,-4.3814,0.0
-1.36179,-4.32219,0.0
-1.36179,-4.26298,0.0
-1.36179,-4.20377,0.0
-1.36179,-4.14456,0.0
-1.36179,-4.08536,0.0
-1.36179,-4.02615,0.0
-1.36179,-3.96694,0.0
-1.36179,-3.90773,0.0
-1.36179,-3.84852,0.0
-1.36179,-3.78932,0.0
-1.36179,-3.73011,0.0
-1.36179,-3.6709,0.0
-1.36179,-3.61169,0.0
-1.36179,-3.55248,0.0
-1.36179,-3.49328,0.0
-1.36179,-3.43407,0.0
-1.36179,-3.37486,0.0
-1.36179,-3.31565,0.0
-1.36179,-3.25644,0.0
-1.36179,-3.19724,0.0
-1.36179,-3.13803,0.0
-1.36179,-3.07882,0.0
-1.36179,-3.01961,0.0
-1.36179,-2.9604,0.0
-1.36179,-2.9012,0.0
-1.36179,-2.84199,0.0
-1.36179,-2.78278,0.0
-1.36179,-2.72357,0.0
-1.36179,-2.66436,0.0
-1.36179,-2.60515,0.0
-1.36179,-2.54595,0.0
-1.36179,-2.48674,0.0
-1.36179,-2.42753,0.0
-1.36179,-2.36832,0.0
-1.36179,-2.30911,0.0
-1.36179,-2.24991,0.0
-1.36179,-2.1907,0.0
-1.36179,-2.13149,0.0
-1.36179,-2.07228,0.0
-1.36179,-2.01307,0.0
-1.36179,-1.95387,0.0
-1.36179,-1.89466,0.0
-1.36179,-1.83545,0.0
-1.36179,-1.77624,0.0
-1.36179,-1.71703,0.0
-1.36179,-1.65783,0.0
-1.36179,-1.59862,0.0
-1.36179,-1.53941,0.0
-1.36179,-1.4802,0.0
-1.36179,-1.42099,0.0
-1.36179,-1.36179,0.0
-1.36179,-1.30258,0.0
-1.36179,-1.24337,0.0
-1.36179,-1.18416,0.0
-1.36179,-1.12495,0.0
-1.36179,-1.06575,0.0
-1.36179,-1.00654,0.0
-1.36179,-0.94733,0.0
-1.36179,-0.88812,0.0
-1.36179,-0.82891,0.0
-1.36179,-0.7697,0.0
-1.36179,-0.7105,0.0
-1.36179,-0.65129,0.0
-1.36179,-0.59208,0.0
-1.36179,-0.53287,0.0
-1.36179,-0.47366,0.0
-1.36179,-0.41446,0.0
-1.36179,-0.35525,0.0
-1.36179,-0.29604,0.0
-1.36179,-0.23683,0.0
-1.36179,-0.17762,0.0
-1.36179,-0.11842,0.0
-1.36179,-0.05921,0.0
-1.36179,0,0.0
-1.36179,0.05921,0.0
-1.36179,0.11842,0.0
-1.36179,0.17762,0.0
-1.36179,0.23683,0.0
-1.36179,0.29604,0.0
-1.36179,0.35525,0.0
-1.36179,0.41446,0.0
-1.36179,0.47366,0.0
-1.36179,0.53287,0.0
-1.36179,0.59208,0.0
-1.36179,0.65129,0.0
-1.36179,0.7105,0.0
-1.36179,0.7697,0.0
-1.36179,0.82891,0.0
-1.36179,0.88812,0.0
-1.36179,0.94733,0.0
-1.36179,1.00654,0.0
-1.36179,1.06575,0.0
-1.36179,1.12495,0.0
-1.36179,1.18416,0.0
-1.36179,1.24337,0.0
-1.36179,1.30258,0.0
-1.36179,1.36179,0.0
-1.36179,1.42099,0.0
-1.36179,1.4802,0.0
-1.36179,1.53941,0.0
-1.36179,1.59862,0.0
-1.36179,1.65783,0.0
-1.36179,1.71703,0.0
-1.36179,1.77624,0.0
-1.36179,1.83545,0.0
-1.36179,1.89466,0.0
-1.36179,1.95387,0.0
-1.36179,2.01307,0.0
-1.36179,2.07228,0.0
-1.36179,2.13149,0.0
-1.36179,2.1907,0.0
-1.36179,2.24991,0.0
-1.36179,2.30911,0.0
-1.36179,2.36832,0.0
-1.36179,2.42753,0.0
-1.36179,2.48674,0.0
-1.36179,2.54595,0.0
-1.36179,2.60515,0.0
-1.36179,2.66436,0.0
-1.36179,2.72357,0.0
-1.36179,2.78278,0.0
-1.36179,2.84199,0.0
-1.36179,2.9012,0.0
-1.36179,2.9604,0.0
-1.36179,3.01961,0.0
-1.36179,3.07882,0.0
-1.36179,3.13803,0.0
-1.36179,3.19724,0.0
-1.36179,3.25644,0.0
-1.36179,3.31565,0.0
-1.36179,3.37486,0.0
-1.36179,3.43407,0.0
-1.36179,3.49328,0.0
-1.36179,3.55248,0.0
-1.36179,3.61169,0.0
-1.36179,3.6709,0.0
-1.36179,3.73011,0.0
-1.36179,3.78932,0.0
-1.36179,3.84852,0.0
-1.36179,3.90773,0.0
-1.36179,3.96694,0.0
-1.36179,4.02615,0.0
-1.36179,4.08536,0.0
-1.36179,4.14456,0.0
-1.36179,4.20377,0.0
-1.36179,4.26298,0.0
-1.36179,4.32219,0.0
-1.36179,4.3814,0.0
-1.36179,4.4406,0.0
-1.36179,4.49981,0.0
-1.36179,4.55902,0.0
-1.36179,4.61823,0.0
-1.36179,4.67744,0.0
-1.36179,4.73665,0.0
-1.36179,4.79585,0.0
-1.36179,4.85506,0.0
-1.36179,4.91427,0.0
-1.36179,4.97348,0.0
-1.36179,5.03269,0.0
-1.36179,5.09189,0.0
-1.36179,5.1511,0.0
-1.36179,5.21031,0.0
-1.36179,5.26952,0.0
-1.36179,5.32873,0.0
-1.36179,5.38793,0.0
-1.36179,5.44714,0.0
-1.36179,5.50635,0.0
-1.36179,5.56556,0.0
-1.36179,5.62477,0.0
-1.30258,-5.62477,0.0
-1.30258,-5.56556,0.0
-1.30258,-5.50635,0.0
-1.30258,-5.44714,0.0
-1.30258,-5.38793,0.0
-1.30258,-5.32873,0.0
-1.30258,-5.26952,0.0
-1.30258,-5.21031,0.0
-1.30258,-5.1511,0.0
-1.30258,-5.09189,0.0
-1.30258,-5.03269,0.0
-1.30258,-4.97348,0.0
-1.30258,-4.91427,0.0
-1.30258,-4.85506,0.0
-1.30258,-4.79585,0.0
-1.30258,-4.73665,0.0
-1.30258,-4.67744,0.0
-1.30258,-4.61823,0.0
-1.30258,-4.55902,0.0
-1.30258,-4.49981,0.0
-1.30258,-4.4406,0.0
-1.30258,-4.3814,0.0
-1.30258,-4.32219,0.0
-1.30258,-4.26298,0.0
-1.30258,-4.20377,0.0
-1.30258,-4.14456,0.0
-1.30258,-4.08536,0.0
-1.30258,-4.02615,0.0
-1.30258,-3.96694,0.0
-1.30258,-3.90773,0.0
-1.30258,-3.84852,0.0
-1.30258,-3.78932,0.0
-1.30258,-3.73011,0.0
-1.30258,-3.6709,0.0
-1.30258,-3.61169,0.0
-1.30258,-3.55248,0.0
-1.30258,-3.49328,0.0
-1.30258,-3.43407,0.0
-1.30258,-3.37486,0.0
-1.30258,-3.31565,0.0
-1.30258,-3.25644,0.0
-1.30258,-3.19724,0.0
-1.30258,-3.13803,0.0
-1.30258,-3.07882,0.0
-1.30258,-3.01961,0.0
-1.30258,-2.9604,0.0
-1.30258,-2.9012,0.0
-1.30258,-2.84199,0.0
-1.30258,-2.78278,0.0
-1.30258,-2.72357,0.0
-1.30258,-2.66436,0.0
-1.30258,-2.60515,0.0
-1.30258,-2.54595,0.0
-1.30258,-2.48674,0.0
-1.30258,-2.42753,0.0
-1.30258,-2.36832,0.0
-1.30258,-2.30911,0.0
-1.30258,-2.24991,0.0
-1.30258,-2.1907,0.0
-1.30258,-2.13149,0.0
-1.30258,-2.07228,0.0
-1.30258,-2.01307,0.0
-1.30258,-1.95387,0.0
-1.30258,-1.89466,0.0
-1.30258,-1.83545,0.0
-1.30258,-1.77624,0.0
-1.30258,-1.71703,0.0
-1.30258,-1.65783,0.0
-1.30258,-1.59862,0.0
-1.30258,-1.53941,0.0
-1.30258,-1.4802,0.0
-1.30258,-1.42099,0.0
-1.30258,-1.36179,0.0
-1.30258,-1.30258,0.0
-1.30258,-1.24337,0.0
-1.30258,-1.18416,0.0
-1.30258,-1.12495,0.0
-1.30258,-1.06575,0.0
-1.30258,-1.00654,0.0
-1.30258,-0.94733,0.0
-1.30258,-0.88812,0.0
-1.30258,-0.82891,0.0
-1.30258,-0.7697,0.0
-1.30258,-0.7105,0.0
-1.30258,-0.65129,0.0
-1.30258,-0.59208,0.0
-1.30258,-0.53287,0.0
-1.30258,-0.47366,0.0
-1.30258,-0.41446,0.0
-1.30258,-0.35525,0.0
-1.30258,-0.29604,0.0
-1.30258,-0.23683,0.0
-1.30258,-0.17762,0.0
-1.30258,-0.11842,0.0
-1.30258,-0.05921,0.0
-1.30258,0,0.0
-1.30258,0.05921,0.0
-1.30258,0.11842,0.0
-1.30258,0.17762,0.0
-1.30258,0.23683,0.0
-1.30258,0.29604,0.0
-1.30258,0.35525,0.0
-1.30258,0.41446,0.0
-1.30258,0.47366,0.0
-1.30258,0.53287,0.0
-1.30258,0.59208,0.0
-1.30258,0.65129,0.0
-1.30258,0.7105,0.0
-1.30258,0.7697,0.0
-1.30258,0.82891,0.0
-1.30258,0.88812,0.0
-1.30258,0.94733,0.0
-1.30258,1.00654,0.0
-1.30258,1.06575,0.0
-1.30258,1.12495,0.0
-1.30258,1.18416,0.0
-1.30258,1.24337,0.0
-1.30258,1.30258,0.0
-1.30258,1.36179,0.0
-1.30258,1.42099,0.0
-1.30258,1.4802,0.0
-1.30258,1.53941,0.0
-1.30258,1.59862,0.0
-1.30258,1.65783,0.0
-1.30258,1.71703,0.0
-1.30258,1.77624,0.0
-1.30258,1.83545,0.0
-1.30258,1.89466,0.0
-1.30258,1.95387,0.0
-1.30258,2.01307,0.0
-1.30258,2.07228,0.0
-1.30258,2.13149,0.0
-1.30258,2.1907,0.0
-1.30258,2.24991,0.0
-1.30258,2.30911,0.0
-1.30258,2.36832,0.0
-1.30258,2.42753,0.0
-1.30258,2.48674,0.0
-1.30258,2.54595,0.0
-1.30258,2.60515,0.0
-1.30258,2.66436,0.0
-1.30258,2.72357,0.0
-1.30258,2.78278,0.0
-1.30258,2.84199,0.0
-1.30258,2.9012,0.0
-1.30258,2.9604,0.0
-1.30258,3.01961,0.0
-1.30258,3.07882,0.0
-1.30258,3.13803,0.0
-1.30258,3.19724,0.0
-1.30258,3.25644,0.0
-1.30258,3.31565,0.0
-1.30258,3.37486,0.0
-1.30258,3.43407,0.0
-1.30258,3.49328,0.0
-1.30258,3.55248,0.0
-1.30258,3.61169,0.0
-1.30258,3.6709,0.0
-1.30258,3.73011,0.0
-1.30258,3.78932,0.0
-1.30258,3.84852,0.0
-1.30258,3.90773,0.0
-1.30258,3.96694,0.0
-1.30258,4.02615,0.0
-1.30258,4.08536,0.0
-1.30258,4.14456,0.0
-1.30258,4.20377,0.0
-1.30258,4.26298,0.0
-1.30258,4.32219,0.0
-1.30258,4.3814,0.0
-1.30258,4.4406,0.0
-1.30258,4.49981,0.0
-1.30258,4.55902,0.0
-1.30258,4.61823,0.0
-1.30258,4.67744,0.0
-1.30258,4.73665,0.0
-1.30258,4.79585,0.0
-1.30258,4.85506,0.0
-1.30258,4.91427,0.0
-1.30258,4.97348,0.0
-1.30258,5.03269,0.0
-1.30258,5.09189,0.0
-1.30258,5.1511,0.0
-1.30258,5.21031,0.0
-1.30258,5.26952,0.0
-1.30258,5.32873,0.0
-1.30258,5.38793,0.0
-1.30258,5.44714,0.0
-1.30258,5.50635,0.0
-1.30258,5.56556,0.0
-1.30258,5.62477,0.0
-1.24337,-5.62477,0.0
-1.24337,-5.56556,0.0
-1.24337,-5.50635,0.0
-1.24337,-5.44714,0.0
-1.24337,-5.38793,0.0
-1.24337,-5.32873,0.0
-1.24337,-5.26952,0.0
-1.24337,-5.21031,0.0
-1.24337,-5.1511,0.0
-1.24337,-5.09189,0.0
-1.24337,-5.03269,0.0
-1.24337,-4.97348,0.0
-1.24337,-4.91427,0.0
-1.24337,-4.85506,0.0
-1.24337,-4.79585,0.0
-1.24337,-4.73665,0.0
-1.24337,-4.67744,0.0
-1.24337,-4.61823,0.0
-1.24337,-4.55902,0.0
-1.24337,-4.49981,0.0
-1.24337,-4.4406,0.0
-1.24337,-4.3814,0.0
-1.24337,-4.32219,0.0
-1.24337,-4.26298,0.0
-1.24337,-4.20377,0.0
-1.24337,-4.14456,0.0
-1.24337,-4.08536,0.0
-1.24337,-4.02615,0.0
-1.24337,-3.96694,0.0
-1.24337,-3.90773,0.0
-1.24337,-3.84852,0.0
-1.24337,-3.78932,0.0
-1.24337,-3.73011,0.0
-1.24337,-3.6709,0.0
-1.24337,-3.61169,0.0
-1.24337,-3.55248,0.0
-1.24337,-3.49328,0.0
-1.24337,-3.43407,0.0
-1.24337,-3.37486,0.0
-1.24337,-3.31565,0.0
-1.24337,-3.25644,0.0
-1.24337,-3.19724,0.0
-1.24337,-3.13803,0.0
-1.24337,-3.07882,0.0
-1.24337,-3.01961,0.0
-1.24337,-2.9604,0.0
-1.24337,-2.9012,0.0
-1.24337,-2.84199,0.0
-1.24337,-2.78278,0.0
-1.24337,-2.72357,0.0
-1.24337,-2.66436,0.0
-1.24337,-2.60515,0.0
-1.24337,-2.54595,0.0
-1.24337,-2.48674,0.0
-1.24337,-2.42753,0.0
-1.24337,-2.36832,0.0
-1.24337,-2.30911,0.0
-1.24337,-2.24991,0.0
-1.24337,-2.1907,0.0
-1.24337,-2.13149,0.0
-1.24337,-2.07228,0.0
-1.24337,-2.01307,0.0
-1.24337,-1.95387,0.0
-1.24337,-1.89466,0.0
-1.24337,-1.83545,0.0
-1.24337,-1.77624,0.0
-1.24337,-1.71703,0.0
-1.24337,-1.65783,0.0
-1.24337,-1.59862,0.0
-1.24337,-1.53941,0.0
-1.24337,-1.4802,0.0
-1.24337,-1.42099,0.0
-1.24337,-1.36179,0.0
-1.24337,-1.30258,0.0
-1.24337,-1.24337,0.0
-1.24337,-1.18416,0.0
-1.24337,-1.12495,0.0
-1.24337,-1.06575,0.0
-1.24337,-1.00654,0.0
-1.24337,-0.94733,0.0
-1.24337,-0.88812,0.0
-1.24337,-0.82891,0.0
-1.24337,-0.7697,0.0
-1.24337,-0.7105,0.0
-1.24337,-0.65129,0.0
-1.24337,-0.59208,0.0
-1.24337,-0.53287,0.0
-1.24337,-0.47366,0.0
-1.24337,-0.41446,0.0
-1.24337,-0.35525,0.0
-1.24337,-0.29604,0.0
-1.24337,-0.23683,0.0
-1.24337,-0.17762,0.0
-1.24337,-0.11842,0.0
-1.24337,-0.05921,0.0
-1.24337,0,0.0
-1.24337,0.05921,0.0
-1.24337,0.11842,0.0
-1.24337,0.17762,0.0
-1.24337,0.23683,0.0
-1.24337,0.29604,0.0
-1.24337,0.35525,0.0
-1.24337,0.41446,0.0
-1.24337,0.47366,0.0
-1.24337,0.53287,0.0
-1.24337,0.59208,0.0
-1.24337,0.65129,0.0
-1.24337,0.7105,0.0
-1.24337,0.7697,0.0
-1.24337,0.82891,0.0
-1.24337,0.88812,0.0
-1.24337,0.94733,0.0
-1.24337,1.00654,0.0
-1.24337,1.06575,0.0
-1.24337,1.12495,0.0
-1.24337,1.18416,0.0
-1.24337,1.24337,0.0
-1.24337,1.30258,0.0
-1.24337,1.36179,0.0
-1.24337,1.42099,0.0
-1.24337,1.4802,0.0
-1.24337,1.53941,0.0
-1.24337,1.59862,0.0
-1.24337,1.65783,0.0
-1.24337,1.71703,0.0
-1.24337,1.77624,0.0
-1.24337,1.83545,0.0
-1.24337,1.89466,0.0
-1.24337,1.95387,0.0
-1.24337,2.01307,0.0
-1.24337,2.07228,0.0
-1.24337,2.13149,0.0
-1.24337,2.1907,0.0
-1.24337,2.24991,0.0
-1.24337,2.30911,0.0
-1.24337,2.36832,0.0
-1.24337,2.42753,0.0
-1.24337,2.48674,0.0
-1.24337,2.54595,0.0
-1.24337,2.60515,0.0
-1.24337,2.66436,0.0
-1.24337,2.72357,0.0
-1.24337,2.78278,0.0
-1.24337,2.84199,0.0
-1.24337,2.9012,0.0
-1.24337,2.9604,0.0
-1.24337,3.01961,0.0
-1.24337,3.07882,0.0
-1.24337,3.13803,0.0
-1.24337,3.19724,0.0
-1.24337,3.25644,0.0
-1.24337,3.31565,0.0
-1.24337,3.37486,0.0
-1.24337,3.43407,0.0
-1.24337,3.49328,0.0
-1.24337,3.55248,0.0
-1.24337,3.61169,0.0
-1.24337,3.6709,0.0
-1.24337,3.73011,0.0
-1.24337,3.78932,0.0
-1.24337,3.84852,0.0
-1.24337,3.90773,0.0
-1.24337,3.96694,0.0
-1.24337,4.02615,0.0
-1.24337,4.08536,0.0
-1.24337,4.14456,0.0
-1.24337,4.20377,0.0
-1.24337,4.26298,0.0
-1.24337,4.32219,0.0
-1.24337,4.3814,0.0
-1.24337,4.4406,0.0
-1.24337,4.49981,0.0
-1.24337,4.55902,0.0
-1.24337,4.61823,0.0
-1.24337,4.67744,0.0
-1.24337,4.73665,0.0
-1.24337,4.79585,0.0
-1.24337,4.85506,0.0
-1.24337,4.91427,0.0
-1.24337,4.97348,0.0
-1.24337,5.03269,0.0
-1.24337,5.09189,0.0
-1.24337,5.1511,0.0
-1.24337,5.21031,0.0
-1.24337,5.26952,0.0
-1.24337,5.32873,0.0
-1.24337,5.38793,0.0
-1.24337,5.44714,0.0
-1.24337,5.50635,0.0
-1.24337,5.56556,0.0
-1.24337,5.62477,0.0
-1.18416,-5.62477,0.0
-1.18416,-5.56556,0.0
-1.18416,-5.50635,0.0
-1.18416,-5.44714,0.0
-1.18416,-5.38793,0.0
-1.18416,-5.32873,0.0
-1.18416,-5.26952,0.0
-1.18416,-5.21031,0.0
-1.18416,-5.1511,0.0
-1.18416,-5.09189,0.0
-1.18416,-5.03269,0.0
-1.18416,-4.97348,0.0
-1.18416,-4.91427,0.0
-1.18416,-4.85506,0.0
-1.18416,-4.79585,0.0
-1.18416,-4.73665,0.0
-1.18416,-4.67744,0.0
-1.18416,-4.61823,0.0
-1.18416,-4.55902,0.0
-1.18416,-4.49981,0.0
-1.18416,-4.4406,0.0
-1.18416,-4.3814,0.0
-1.18416,-4.32219,0.0
-1.18416,-4.26298,0.0
-1.18416,-4.20377,0.0
-1.18416,-4.14456,0.0
-1.18416,-4.08536,0.0
-1.18416,-4.02615,0.0
-1.18416,-3.96694,0.0
-1.18416,-3.90773,0.0
-1.18416,-3.84852,0.0
-1.18416,-3.78932,0.0
-1.18416,-3.73011,0.0
-1.18416,-3.6709,0.0
-1.18416,-3.61169,0.0
-1.18416,-3.55248,0.0
-1.18416,-3.49328,0.0
-1.18416,-3.43407,0.0
-1.18416,-3.37486,0.0
-1.18416,-3.31565,0.0
-1.18416,-3.25644,0.0
-1.18416,-3.19724,0.0
-1.18416,-3.13803,0.0
-1.18416,-3.07882,0.0
-1.18416,-3.01961,0.0
-1.18416,-2.9604,0.0
-1.18416,-2.9012,0.0
-1.18416,-2.84199,0.0
-1.18416,-2.78278,0.0
-1.18416,-2.72357,0.0
-1.18416,-2.66436,0.0
-1.18416,-2.60515,0.0
-1.18416,-2.54595,0.0
-1.18416,-2.48674,0.0
-1.18416,-2.42753,0.0
-1.18416,-2.36832,0.0
-1.18416,-2.30911,0.0
-1.18416,-2.24991,0.0
-1.18416,-2.1907,0.0
-1.18416,-2.13149,0.0
-1.18416,-2.07228,0.0
-1.18416,-2.01307,0.0
-1.18416,-1.95387,0.0
-1.18416,-1.89466,0.0
-1.18416,-1.83545,0.0
-1.18416,-1.77624,0.0
-1.18416,-1.71703,0.0
-1.18416,-1.65783,0.0
-1.18416,-1.59862,0.0
-1.18416,-1.53941,0.0
-1.18416,-1.4802,0.0
-1.18416,-1.42099,0.0
-1.18416,-1.36179,0.0
-1.18416,-1.30258,0.0
-1.18416,-1.24337,0.0
-1.18416,-1.18416,0.0
-1.18416,-1.12495,0.0
-1.18416,-1.06575,0.0
-1.18416,-1.00654,0.0
-1.18416,-0.94733,0.0
-1.18416,-0.88812,0.0
-1.18416,-0.82891,0.0
-1.18416,-0.7697,0.0
-1.18416,-0.7105,0.0
-1.18416,-0.65129,0.0
-1.18416,-0.59208,0.0
-1.18416,-0.53287,0.0
-1.18416,-0.47366,0.0
-1.18416,-0.41446,0.0
-1.18416,-0.35525,0.0
-1.18416,-0.29604,0.0
-1.18416,-0.23683,0.0
-1.18416,-0.17762,0.0
-1.18416,-0.11842,0.0
-1.18416,-0.05921,0.0
-1.18416,0,0.0
-1.18416,0.05921,0.0
-1.18416,0.11842,0.0
-1.18416,0.17762,0.0
-1.18416,0.23683,0.0
-1.18416,0.29604,0.0
-1.18416,0.35525,0.0
-1.18416,0.41446,0.0
-1.18416,0.47366,0.0
-1.18416,0.53287,0.0
-1.18416,0.59208,0.0
-1.18416,0.65129,0.0
-1.18416,0.7105,0.0
-1.18416,0.7697,0.0
-1.18416,0.82891,0.0
-1.18416,0.88812,0.0
-1.18416,0.94733,0.0
-1.18416,1.00654,0.0
-1.18416,1.06575,0.0
-1.18416,1.12495,0.0
-1.18416,1.18416,0.0
-1.18416,1.24337,0.0
-1.18416,1.30258,0.0
-1.18416,1.36179,0.0
-1.18416,1.42099,0.0
-1.18416,1.4802,0.0
-1.18416,1.53941,0.0
-1.18416,1.59862,0.0
-1.18416,1.65783,0.0
-1.18416,1.71703,0.0
-1.18416,1.77624,0.0
-1.18416,1.83545,0.0
-1.18416,1.89466,0.0
-1.18416,1.95387,0.0
-1.18416,2.01307,0.0
-1.18416,2.07228,0.0
-1.18416,2.13149,0.0
-1.18416,2.1907,0.0
-1.18416,2.24991,0.0
-1.18416,2.30911,0.0
-1.18416,2.36832,0.0
-1.18416,2.42753,0.0
-1.18416,2.48674,0.0
-1.18416,2.54595,0.0
-1.18416,2.60515,0.0
-1.18416,2.66436,0.0
-1.18416,2.72357,0.0
-1.18416,2.78278,0.0
-1.18416,2.84199,0.0
-1.18416,2.9012,0.0
-1.18416,2.9604,0.0
-1.18416,3.01961,0.0
-1.18416,3.07882,0.0
-1.18416,3.13803,0.0
-1.18416,3.19724,0.0
-1.18416,3.25644,0.0
-1.18416,3.31565,0.0
-1.18416,3.37486,0.0
-1.18416,3.43407,0.0
-1.18416,3.49328,0.0
-1.18416,3.55248,0.0
-1.18416,3.61169,0.0
-1.18416,3.6709,0.0
-1.18416,3.73011,0.0
-1.18416,3.78932,0.0
-1.18416,3.84852,0.0
-1.18416,3.90773,0.0
-1.18416,3.96694,0.0
-1.18416,4.02615,0.0
-1.18416,4.08536,0.0
-1.18416,4.14456,0.0
-1.18416,4.20377,0.0
-1.18416,4.26298,0.0
-1.18416,4.32219,0.0
-1.18416,4.3814,0.0
-1.18416,4.4406,0.0
-1.18416,4.49981,0.0
-1.18416,4.55902,0.0
-1.18416,4.61823,0.0
-1.18416,4.67744,0.0
-1.18416,4.73665,0.0
-1.18416,4.79585,0.0
-1.18416,4.85506,0.0
-1.18416,4.91427,0.0
-1.18416,4.97348,0.0
-1.18416,5.03269,0.0
-1.18416,5.09189,0.0
-1.18416,5.1511,0.0
-1.18416,5.21031,0.0
-1.18416,5.26952,0.0
-1.18416,5.32873,0.0
-1.18416,5.38793,0.0
-1.18416,5.44714,0.0
-1.18416,5.50635,0.0
-1.18416,5.56556,0.0
-1.18416,5.62477,0.0
-1.12495,-5.68397,0.0
-1.12495,-5.62477,0.0
-1.12495,-5.56556,0.0
-1.12495,-5.50635,0.0
-1.12495,-5.44714,0.0
-1.12495,-5.38793,0.0
-1.12495,-5.32873,0.0
-1.12495,-5.26952,0.0
-1.12495,-5.21031,0.0
-1.12495,-5.1511,0.0
-1.12495,-5.09189,0.0
-1.12495,-5.03269,0.0
-1.12495,-4.97348,0.0
-1.12495,-4.91427,0.0
-1.12495,-4.85506,0.0
-1.12495,-4.79585,0.0
-1.12495,-4.73665,0.0
-1.12495,-4.67744,0.0
-1.12495,-4.61823,0.0
-1.12495,-4.55902,0.0
-1.12495,-4.49981,0.0
-1.12495,-4.4406,0.0
-1.12495,-4.3814,0.0
-1.12495,-4.32219,0.0
-1.12495,-4.26298,0.0
-1.12495,-4.20377,0.0
-1.12495,-4.14456,0.0
-1.12495,-4.08536,0.0
-1.12495,-4.02615,0.0
-1.12495,-3.96694,0.0
-1.12495,-3.90773,0.0
-1.12495,-3.84852,0.0
-1.12495,-3.78932,0.0
-1.12495,-3.73011,0.0
-1.12495,-3.6709,0.0
-1.12495,-3.61169,0.0
-1.12495,-3.55248,0.0
-1.12495,-3.49328,0.0
-1.12495,-3.43407,0.0
-1.12495,-3.37486,0.0
-1.12495,-3.31565,0.0
-1.12495,-3.25644,0.0
-1.12495,-3.19724,0.0
-1.12495,-3.13803,0.0
-1.12495,-3.07882,0.0
-1.12495,-3.01961,0.0
-1.12495,-2.9604,0.0
-1.12495,-2.9012,0.0
-1.12495,-2.84199,0.0
-1.12495,-2.78278,0.0
-1.12495,-2.72357,0.0
-1.12495,-2.66436,0.0
-1.12495,-2.60515,0.0
-1.12495,-2.54595,0.0
-1.12495,-2.48674,0.0
-1.12495,-2.42753,0.0
-1.12495,-2.36832,0.0
-1.12495,-2.30911,0.0
-1.12495,-2.24991,0.0
-1.12495,-2.1907,0.0
-1.12495,-2.13149,0.0
-1.12495,-2.07228,0.0
-1.12495,-2.01307,0.0
-1.12495,-1.95387,0.0
-1.12495,-1.89466,0.0
-1.12495,-1.83545,0.0
-1.12495,-1.77624,0.0
-1.12495,-1.71703,0.0
-1.12495,-1.65783,0.0
-1.12495,-1.59862,0.0
-1.12495,-1.53941,0.0
-1.12495,-1.4802,0.0
-1.12495,-1.42099,0.0
-1.12495,-1.36179,0.0
-1.12495,-1.30258,0.0
-1.12495,-1.24337,0.0
-1.12495,-1.18416,0.0
-1.12495,-1.12495,0.0
-1.12495,-1.06575,0.0
-1.12495,-1.00654,0.0
-1.12495,-0.94733,0.0
-1.12495,-0.88812,0.0
-1.12495,-0.82891,0.0
-1.12495,-0.7697,0.0
-1.12495,-0.7105,0.0
-1.12495,-0.65129,0.0
-1.12495,-0.59208,0.0
-1.12495,-0.53287,0.0
-1.12495,-0.47366,0.0
-1.12495,-0.41446,0.0
-1.12495,-0.35525,0.0
-1.12495,-0.29604,0.0
-1.12495,-0.23683,0.0
-1.12495,-0.17762,0.0
-1.12495,-0.11842,0.0
-1.12495,-0.05921,0.0
-1.12495,0,0.0
-1.12495,0.05921,0.0
-1.12495,0.11842,0.0
-1.12495,0.17762,0.0
-1.12495,0.23683,0.0
-1.12495,0.29604,0.0
-1.12495,0.35525,0.0
-1.12495,0.41446,0.0
-1.12495,0.47366,0.0
-1.12495,0.53287,0.0
-1.12495,0.59208,0.0
-1.12495,0.65129,0.0
-1.12495,0.7105,0.0
-1.12495,0.7697,0.0
-1.12495,0.82891,0.0
-1.12495,0.88812,0.0
-1.12495,0.94733,0.0
-1.12495,1.00654,0.0
-1.12495,1.06575,0.0
-1.12495,1.12495,0.0
-1.12495,1.18416,0.0
-1.12495,1.24337,0.0
-1.12495,1.30258,0.0
-1.12495,1.36179,0.0
-1.12495,1.42099,0.0
-1.12495,1.4802,0.0
-1.12495,1.53941,0.0
-1.12495,1.59862,0.0
-1.12495,1.65783,0.0
-1.12495,1.71703,0.0
-1.12495,1.77624,0.0
-1.12495,1.83545,0.0
-1.12495,1.89466,0.0
-1.12495,1.95387,0.0
-1.12495,2.01307,0.0
-1.12495,2.07228,0.0
-1.12495,2.13149,0.0
-1.12495,2.1907,0.0
-1.12495,2.24991,0.0
-1.12495,2.30911,0.0
-1.12495,2.36832,0.0
-1.12495,2.42753,0.0
-1.12495,2.48674,0.0
-1.12495,2.54595,0.0
-1.12495,2.60515,0.0
-1.12495,2.66436,0.0
-1.12495,2.72357,0.0
-1.12495,2.78278,0.0
-1.12495,2.84199,0.0
-1.12495,2.9012,0.0
-1.12495,2.9604,0.0
-1.12495,3.01961,0.0
-1.12495,3.07882,0.0
-1.12495,3.13803,0.0
-1.12495,3.19724,0.0
-1.12495,3.25644,0.0
-1.12495,3.31565,0.0
-1.12495,3.37486,0.0
-1.12495,3.43407,0.0
-1.12495,3.49328,0.0
-1.12495,3.55248,0.0
-1.12495,3.61169,0.0
-1.12495,3.6709,0.0
-1.12495,3.73011,0.0
-1.12495,3.78932,0.0
-1.12495,3.84852,0.0
-1.12495,3.90773,0.0
-1.12495,3.96694,0.0
-1.12495,4.02615,0.0
-1.12495,4.08536,0.0
-1.12495,4.14456,0.0
-1.12495,4.20377,0.0
-1.12495,4.26298,0.0
-1.12495,4.32219,0.0
-1.12495,4.3814,0.0
-1.12495,4.4406,0.0
-1.12495,4.49981,0.0
-1.12495,4.55902,0.0
-1.12495,4.61823,0.0
-1.12495,4.67744,0.0
-1.12495,4.73665,0.0
-1.12495,4.79585,0.0
-1.12495,4.85506,0.0
-1.12495,4.91427,0.0
-1.12495,4.97348,0.0
-1.12495,5.03269,0.0
-1.12495,5.09189,0.0
-1.12495,5.1511,0.0
-1.12495,5.21031,0.0
-1.12495,5.26952,0.0
-1.12495,5.32873,0.0
-1.12495,5.38793,0.0
-1.12495,5.44714,0.0
-1.12495,5.50635,0.0
-1.12495,5.56556,0.0
-1.12495,5.62477,0.0
-1.12495,5.68397,0.0
-1.06575,-5.68397,0.0
-1.06575,-5.62477,0.0
-1.06575,-5.56556,0.0
-1.06575,-5.50635,0.0
-1.06575,-5.44714,0.0
-1.06575,-5.38793,0.0
-1.06575,-5.32873,0.0
-1.06575,-5.26952,0.0
-1.06575,-5.21031,0.0
-1.06575,-5.1511,0.0
-1.06575,-5.09189,0.0
-1.06575,-5.03269,0.0
-1.06575,-4.97348,0.0
-1.06575,-4.91427,0.0
-1.06575,-4.85506,0.0
-1.06575,-4.79585,0.0
-1.06575,-4.73665,0.0
-1.06575,-4.67744,0.0
-1.06575,-4.61823,0.0
-1.06575,-4.55902,0.0
-1.06575,-4.49981,0.0
-1.06575,-4.4406,0.0
-1.06575,-4.3814,0.0
-1.06575,-4.32219,0.0
-1.06575,-4.26298,0.0
-1.06575,-4.20377,0.0
-1.06575,-4.14456,0.0
-1.06575,-4.08536,0.0
-1.06575,-4.02615,0.0
-1.06575,-3.96694,0.0
-1.06575,-3.90773,0.0
-1.06575,-3.84852,0.0
-1.06575,-3.78932,0.0
-1.06575,-3.73011,0.0
-1.06575,-3.6709,0.0
-1.06575,-3.61169,0.0
-1.06575,-3.55248,0.0
-1.06575,-3.49328,0.0
-1.06575,-3.43407,0.0
-1.06575,-3.37486,0.0
-1.06575,-3.31565,0.0
-1.06575,-3.25644,0.0
-1.06575,-3.19724,0.0
-1.06575,-3.13803,0.0
-1.06575,-3.07882,0.0
-1.06575,-3.01961,0.0
-1.06575,-2.9604,0.0
-1.06575,-2.9012,0.0
-1.06575,-2.84199,0.0
-1.06575,-2.78278,0.0
-1.06575,-2.72357,0.0
-1.06575,-2.66436,0.0
-1.06575,-2.60515,0.0
-1.06575,-2.54595,0.0
-1.06575,-2.48674,0.0
-1.06575,-2.42753,0.0
-1.06575,-2.36832,0.0
-1.06575,-2.30911,0.0
-1.06575,-2.24991,0.0
-1.06575,-2.1907,0.0
-1.06575,-2.13149,0.0
-1.06575,-2.07228,0.0
-1.06575,-2.01307,0.0
-1.06575,-1.95387,0.0
-1.06575,-1.89466,0.0
-1.06575,-1.83545,0.0
-1.06575,-1.77624,0.0
-1.06575,-1.71703,0.0
-1.06575,-1.65783,0.0
-1.06575,-1.59862,0.0
-1.06575,-1.53941,0.0
-1.06575,-1.4802,0.0
-1.06575,-1.42099,0.0
-1.06575,-1.36179,0.0
-1.06575,-1.30258,0.0
-1.06575,-1.24337,0.0
-1.06575,-1.18416,0.0
-1.06575,-1.12495,0.0
-1.06575,-1.06575,0.0
-1.06575,-1.00654,0.0
-1.06575,-0.94733,0.0
-1.06575,-0.88812,0.0
-1.06575,-0.82891,0.0
-1.06575,-0.7697,0.0
-1.06575,-0.7105,0.0
-1.06575,-0.65129,0.0
-1.06575,-0.59208,0.0
-1.06575,-0.53287,0.0
-1.06575,-0.47366,0.0
-1.06575,-0.41446,0.0
-1.06575,-0.35525,0.0
-1.06575,-0.29604,0.0
-1.06575,-0.23683,0.0
-1.06575,-0.17762,0.0
-1.06575,-0.11842,0.0
-1.06575,-0.05921,0.0
-1.06575,0,0.0
-1.06575,0.05921,0.0
-1.06575,0.11842,0.0
-1.06575,0.17762,0.0
-1.06575,0.23683,0.0
-1.06575,0.29604,0.0
-1.06575,0.35525,0.0
-1.06575,0.41446,0.0
-1.06575,0.47366,0.0
-1.06575,0.53287,0.0
-1.06575,0.59208,0.0
-1.06575,0.65129,0.0
-1.06575,0.7105,0.0
-1.06575,0.7697,0.0
-1.06575,0.82891,0.0
-1.06575,0.88812,0.0
-1.06575,0.94733,0.0
-1.06575,1.00654,0.0
-1.06575,1.06575,0.0
-1.06575,1.12495,0.0
-1.06575,1.18416,0.0
-1.06575,1.24337,0.0
-1.06575,1.30258,0.0
-1.06575,1.36179,0.0
-1.06575,1.42099,0.0
-1.06575,1.4802,0.0
-1.06575,1.53941,0.0
-1.06575,1.59862,0.0
-1.06575,1.65783,0.0
-1.06575,1.71703,0.0
-1.06575,1.77624,0.0
-1.06575,1.83545,0.0
-1.06575,1.89466,0.0
-1.06575,1.95387,0.0
-1.06575,2.01307,0.0
-1.06575,2.07228,0.0
-1.06575,2.13149,0.0
-1.06575,2.1907,0.0
-1.06575,2.24991,0.0
-1.06575,2.30911,0.0
-1.06575,2.36832,0.0
-1.06575,2.42753,0.0
-1.06575,2.48674,0.0
-1.06575,2.54595,0.0
-1.06575,2.60515,0.0
-1.06575,2.66436,0.0
-1.06575,2.72357,0.0
-1.06575,2.78278,0.0
-1.06575,2.84199,0.0
-1.06575,2.9012,0.0
-1.06575,2.9604,0.0
-1.06575,3.01961,0.0
-1.06575,3.07882,0.0
-1.06575,3.13803,0.0
-1.06575,3.19724,0.0
-1.06575,3.25644,0.0
-1.06575,3.31565,0.0
-1.06575,3.37486,0.0
-1.06575,3.43407,0.0
-1.06575,3.49328,0.0
-1.06575,3.55248,0.0
-1.06575,3.61169,0.0
-1.06575,3.6709,0.0
-1.06575,3.73011,0.0
-1.06575,3.78932,0.0
-1.06575,3.84852,0.0
-1.06575,3.90773,0.0
-1.06575,3.96694,0.0
-1.06575,4.02615,0.0
-1.06575,4.08536,0.0
-1.06575,4.14456,0.0
-1.06575,4.20377,0.0
-1.06575,4.26298,0.0
-1.06575,4.32219,0.0
-1.06575,4.3814,0.0
-1.06575,4.4406,0.0
-1.06575,4.49981,0.0
-1.06575,4.55902,0.0
-1.06575,4.61823,0.0
-1.06575,4.67744,0.0
-1.06575,4.73665,0.0
-1.06575,4.79585,0.0
-1.06575,4.85506,0.0
-1.06575,4.91427,0.0
-1.06575,4.97348,0.0
-1.06575,5.03269,0.0
-1.06575,5.09189,0.0
-1.06575,5.1511,0.0
-1.06575,5.21031,0.0
-1.06575,5.26952,0.0
-1.06575,5.32873,0.0
-1.06575,5.38793,0.0
-1.06575,5.44714,0.0
-1.06575,5.50635,0.0
-1.06575,5.56556,0.0
-1.06575,5.62477,0.0
-1.06575,5.68397,0.0
-1.00654,-5.68397,0.0
-1.00654,-5.62477,0.0
-1.00654,-5.56556,0.0
-1.00654,-5.50635,0.0
-1.00654,-5.44714,0.0
-1.00654,-5.38793,0.0
-1.00654,-5.32873,0.0
-1.00654,-5.26952,0.0
-1.00654,-5.21031,0.0
-1.00654,-5.1511,0.0
-1.00654,-5.09189,0.0
-1.00654,-5.03269,0.0
-1.00654,-4.97348,0.0
-1.00654,-4.91427,0.0
-1.00654,-4.85506,0.0
-1.00654,-4.79585,0.0
-1.00654,-4.73665,0.0
-1.00654,-4.67744,0.0
-1.00654,-4.61823,0.0
-1.00654,-4.55902,0.0
-1.00654,-4.49981,0.0
-1.00654,-4.4406,0.0
-1.00654,-4.3814,0.0
-1.00654,-4.32219,0.0
-1.00654,-4.26298,0.0
-1.00654,-4.20377,0.0
-1.00654,-4.14456,0.0
-1.00654,-4.08536,0.0
-1.00654,-4.02615,0.0
-1.00654,-3.96694,0.0
-1.00654,-3.90773,0.0
-1.00654,-3.84852,0.0
-1.00654,-3.78932,0.0
-1.00654,-3.73011,0.0
-1.00654,-3.6709,0.0
-1.00654,-3.61169,0.0
-1.00654,-3.55248,0.0
-1.00654,-3.49328,0.0
-1.00654,-3.43407,0.0
-1.00654,-3.37486,0.0
-1.00654,-3.31565,0.0
-1.00654,-3.25644,0.0
-1.00654,-3.19724,0.0
-1.00654,-3.13803,0.0
-1.00654,-3.07882,0.0
-1.00654,-3.01961,0.0
-1.00654,-2.9604,0.0
-1.00654,-2.9012,0.0
-1.00654,-2.84199,0.0
-1.00654,-2.78278,0.0
-1.00654,-2.72357,0.0
-1.00654,-2.66436,0.0
-1.00654,-2.60515,0.0
-1.00654,-2.54595,0.0
-1.00654,-2.48674,0.0
-1.00654,-2.42753,0.0
-1.00654,-2.36832,0.0
-1.00654,-2.30911,0.0
-1.00654,-2.24991,0.0
-1.00654,-2.1907,0.0
-1.00654,-2.13149,0.0
-1.00654,-2.07228,0.0
-1.00654,-2.01307,0.0
-1.00654,-1.95387,0.0
-1.00654,-1.89466,0.0
-1.00654,-1.83545,0.0
-1.00654,-1.77624,0.0
-1.00654,-1.71703,0.0
-1.00654,-1.65783,0.0
-1.00654,-1.59862,0.0
-1.00654,-1.53941,0.0
-1.00654,-1.4802,0.0
-1.00654,-1.42099,0.0
-1.00654,-1.36179,0.0
-1.00654,-1.30258,0.0
-1.00654,-1.24337,0.0
-1.00654,-1.18416,0.0
-1.00654,-1.12495,0.0
-1.00654,-1.06575,0.0
-1.00654,-1.00654,0.0
-1.00654,-0.94733,0.0
-1.00654,-0.88812,0.0
-1.00654,-0.82891,0.0
-1.00654,-0.7697,0.0
-1.00654,-0.7105,0.0
-1.00654,-0.65129,0.0
-1.00654,-0.59208,0.0
-1.00654,-0.53287,0.0
-1.00654,-0.47366,0.0
-1.00654,-0.41446,0.0
-1.00654,-0.35525,0.0
-1.00654,-0.29604,0.0
-1.00654,-0.23683,0.0
-1.00654,-0.17762,0.0
-1.00654,-0.11842,0.0
-1.00654,-0.05921,0.0
-1.00654,0,0.0
-1.00654,0.05921,0.0
-1.00654,0.11842,0.0
-1.00654,0.17762,0.0
-1.00654,0.23683,0.0
-1.00654,0.29604,0.0
-1.00654,0.35525,0.0
-1.00654,0.41446,0.0
-1.00654,0.47366,0.0
-1.00654,0.53287,0.0
-1.00654,0.59208,0.0
-1.00654,0.65129,0.0
-1.00654,0.7105,0.0
-1.00654,0.7697,0.0
-1.00654,0.82891,0.0
-1.00654,0.88812,0.0
-1.00654,0.94733,0.0
-1.00654,1.00654,0.0
-1.00654,1.06575,0.0
-1.00654,1.12495,0.0
-1.00654,1.18416,0.0
-1.00654,1.24337,0.0
-1.00654,1.30258,0.0
-1.00654,1.36179,0.0
-1.00654,1.42099,0.0
-1.00654,1.4802,0.0
-1.00654,1.53941,0.0
-1.00654,1.59862,0.0
-1.00654,1.65783,0.0
-1.00654,1.71703,0.0
-1.00654,1.77624,0.0
-1.00654,1.83545,0.0
-1.00654,1.89466,0.0
-1.00654,1.95387,0.0
-1.00654,2.01307,0.0
-1.00654,2.07228,0.0
-1.00654,2.13149,0.0
-1.00654,2.1907,0.0
-1.00654,2.24991,0.0
-1.00654,2.30911,0.0
-1.00654,2.36832,0.0
-1.00654,2.42753,0.0
-1.00654,2.48674,0.0
-1.00654,2.54595,0.0
-1.00654,2.60515,0.0
-1.00654,2.66436,0.0
-1.00654,2.72357,0.0
-1.00654,2.78278,0.0
-1.00654,2.84199,0.0
-1.00654,2.9012,0.0
-1.00654,2.9604,0.0
-1.00654,3.01961,0.0
-1.00654,3.07882,0.0
-1.00654,3.13803,0.0
-1.00654,3.19724,0.0
-1.00654,3.25644,0.0
-1.00654,3.31565,0.0
-1.00654,3.37486,0.0
-1.00654,3.43407,0.0
-1.00654,3.49328,0.0
-1.00654,3.55248,0.0
-1.00654,3.61169,0.0
-1.00654,3.6709,0.0
-1.00654,3.73011,0.0
-1.00654,3.78932,0.0
-1.00654,3.84852,0.0
-1.00654,3.90773,0.0
-1.00654,3.96694,0.0
-1.00654,4.02615,0.0
-1.00654,4.08536,0.0
-1.00654,4.14456,0.0
-1.00654,4.20377,0.0
-1.00654,4.26298,0.0
-1.00654,4.32219,0.0
-1.00654,4.3814,0.0
-1.00654,4.4406,0.0
-1.00654,4.49981,0.0
-1.00654,4.55902,0.0
-1.00654,4.61823,0.0
-1.00654,4.67744,0.0
-1.00654,4.73665,0.0
-1.00654,4.79585,0.0
-1.00654,4.85506,0.0
-1.00654,4.91427,0.0
-1.00654,4.97348,0.0
-1.00654,5.03269,0.0
-1.00654,5.09189,0.0
-1.00654,5.1511,0.0
-1.00654,5.21031,0.0
-1.00654,5.26952,0.0
-1.00654,5.32873,0.0
-1.00654,5.38793,0.0
-1.00654,5.44714,0.0
-1.00654,5.50635,0.0
-1.00654,5.56556,0.0
-1.00654,5.62477,0.0
-1.00654,5.68397,0.0
-0.94733,-5.68397,0.0
-0.94733,-5.62477,0.0
-0.94733,-5.56556,0.0
-0.94733,-5.50635,0.0
-0.94733,-5.44714,0.0
-0.94733,-5.38793,0.0
-0.94733,-5.32873,0.0
-0.94733,-5.26952,0.0
-0.94733,-5.21031,0.0
-0.94733,-5.1511,0.0
-0.94733,-5.09189,0.0
-0.94733,-5.03269,0.0
-0.94733,-4.97348,0.0
-0.94733,-4.91427,0.0
-0.94733,-4.85506,0.0
-0.94733,-4.79585,0.0
-0.94733,-4.73665,0.0
-0.94733,-4.67744,0.0
-0.94733,-4.61823,0.0
-0.94733,-4.55902,0.0
-0.94733,-4.49981,0.0
-0.94733,-4.4406,0.0
-0.94733,-4.3814,0.0
-0.94733,-4.32219,0.0
-0.94733,-4.26298,0.0
-0.94733,-4.20377,0.0
-0.94733,-4.14456,0.0
-0.94733,-4.08536,0.0
-0.94733,-4.02615,0.0
-0.94733,-3.96694,0.0
-0.94733,-3.90773,0.0
-0.94733,-3.84852,0.0
-0.94733,-3.78932,0.0
-0.94733,-3.73011,0.0
-0.94733,-3.6709,0.0
-0.94733,-3.61169,0.0
-0.94733,-3.55248,0.0
-0.94733,-3.49328,0.0
-0.94733,-3.43407,0.0
-0.94733,-3.37486,0.0
-0.94733,-3.31565,0.0
-0.94733,-3.25644,0.0
-0.94733,-3.19724,0.0
-0.94733,-3.13803,0.0
-0.94733,-3.07882,0.0
-0.94733,-3.01961,0.0
-0.94733,-2.9604,0.0
-0.94733,-2.9012,0.0
-0.94733,-2.84199,0.0
-0.94733,-2.78278,0.0
-0.94733,-2.72357,0.0
-0.94733,-2.66436,0.0
-0.94733,-2.60515,0.0
-0.94733,-2.54595,0.0
-0.94733,-2.48674,0.0
-0.94733,-2.42753,0.0
-0.94733,-2.36832,0.0
-0.94733,-2.30911,0.0
-0.94733,-2.24991,0.0
-0.94733,-2.1907,0.0
-0.94733,-2.13149,0.0
-0.94733,-2.07228,0.0
-0.94733,-2.01307,0.0
-0.94733,-1.95387,0.0
-0.94733,-1.89466,0.0
-0.94733,-1.83545,0.0
-0.94733,-1.77624,0.0
-0.94733,-1.71703,0.0
-0.94733,-1.65783,0.0
-0.94733,-1.59862,0.0
-0.94733,-1.53941,0.0
-0.94733,-1.4802,0.0
-0.94733,-1.42099,0.0
-0.94733,-1.36179,0.0
-0.94733,-1.30258,0.0
-0.94733,-1.24337,0.0
-0.94733,-1.18416,0.0
-0.94733,-1.12495,0.0
-0.94733,-1.06575,0.0
-0.94733,-1.00654,0.0
-0.94733,-0.94733,0.0
-0.94733,-0.88812,0.0
-0.94733,-0.82891,0.0
-0.94733,-0.7697,0.0
-0.94733,-0.7105,0.0
-0.94733,-0.65129,0.0
-0.94733,-0.59208,0.0
-0.94733,-0.53287,0.0
-0.94733,-0.47366,0.0
-0.94733,-0.41446,0.0
-0.94733,-0.35525,0.0
-0.94733,-0.29604,0.0
-0.94733,-0.23683,0.0
-0.94733,-0.17762,0.0
-0.94733,-0.11842,0.0
-0.94733,-0.05921,0.0
-0.94733,0,0.0
-0.94733,0.05921,0.0
-0.94733,0.11842,0.0
-0.94733,0.17762,0.0
-0.94733,0.23683,0.0
-0.94733,0.29604,0.0
-0.94733,0.35525,0.0
-0.94733,0.41446,0.0
-0.94733,0.47366,0.0
-0.94733,0.53287,0.0
-0.94733,0.59208,0.0
-0.94733,0.65129,0.0
-0.94733,0.7105,0.0
-0.94733,0.7697,0.0
-0.94733,0.82891,0.0
-0.94733,0.88812,0.0
-0.94733,0.94733,0.0
-0.94733,1.00654,0.0
-0.94733,1.06575,0.0
-0.94733,1.12495,0.0
-0.94733,1.18416,0.0
-0.94733,1.24337,0.0
-0.94733,1.30258,0.0
-0.94733,1.36179,0.0
-0.94733,1.42099,0.0
-0.94733,1.4802,0.0
-0.94733,1.53941,0.0
-0.94733,1.59862,0.0
-0.94733,1.65783,0.0
-0.94733,1.71703,0.0
-0.94733,1.77624,0.0
-0.94733,1.83545,0.0
-0.94733,1.89466,0.0
-0.94733,1.95387,0.0
-0.94733,2.01307,0.0
-0.94733,2.07228,0.0
-0.94733,2.13149,0.0
-0.94733,2.1907,0.0
-0.94733,2.24991,0.0
-0.94733,2.30911,0.0
-0.94733,2.36832,0.0
-0.94733,2.42753,0.0
-0.94733,2.48674,0.0
-0.94733,2.54595,0.0
-0.94733,2.60515,0.0
-0.94733,2.66436,0.0
-0.94733,2.72357,0.0
-0.94733,2.78278,0.0
-0.94733,2.84199,0.0
-0.94733,2.9012,0.0
-0.94733,2.9604,0.0
-0.94733,3.01961,0.0
-0.94733,3.07882,0.0
-0.94733,3.13803,0.0
-0.94733,3.19724,0.0
-0.94733,3.25644,0.0
-0.94733,3.31565,0.0
-0.94733,3.37486,0.0
-0.94733,3.43407,0.0
-0.94733,3.49328,0.0
-0.94733,3.55248,0.0
-0.94733,3.61169,0.0
-0.94733,3.6709,0.0
-0.94733,3.73011,0.0
-0.94733,3.78932,0.0
-0.94733,3.84852,0.0
-0.94733,3.90773,0.0
-0.94733,3.96694,0.0
-0.94733,4.02615,0.0
-0.94733,4.08536,0.0
-0.94733,4.14456,0.0
-0.94733,4.20377,0.0
-0.94733,4.26298,0.0
-0.94733,4.32219,0.0
-0.94733,4.3814,0.0
-0.94733,4.4406,0.0
-0.94733,4.49981,0.0
-0.94733,4.55902,0.0
-0.94733,4.61823,0.0
-0.94733,4.67744,0.0
-0.94733,4.73665,0.0
-0.94733,4.79585,0.0
-0.94733,4.85506,0.0
-0.94733,4.91427,0.0
-0.94733,4.97348,0.0
-0.94733,5.03269,0.0
-0.94733,5.09189,0.0
-0.94733,5.1511,0.0
-0.94733,5.21031,0.0
-0.94733,5.26952,0.0
-0.94733,5.32873,0.0
-0.94733,5.38793,0.0
-0.94733,5.44714,0.0
-0.94733,5.50635,0.0
-0.94733,5.56556,0.0
-0.94733,5.62477,0.0
-0.94733,5.68397,0.0
-0.88812,-5.68397,0.0
-0.88812,-5.62477,0.0
-0.88812,-5.56556,0.0
-0.88812,-5.50635,0.0
-0.88812,-5.44714,0.0
-0.88812,-5.38793,0.0
-0.88812,-5.32873,0.0
-0.88812,-5.26952,0.0
-0.88812,-5.21031,0.0
-0.88812,-5.1511,0.0
-0.88812,-5.09189,0.0
-0.88812,-5.03269,0.0
-0.88812,-4.97348,0.0
-0.88812,-4.91427,0.0
-0.88812,-4.85506,0.0
-0.88812,-4.79585,0.0
-0.88812,-4.73665,0.0
-0.88812,-4.67744,0.0
-0.88812,-4.61823,0.0
-0.88812,-4.55902,0.0
-0.88812,-4.49981,0.0
-0.88812,-4.4406,0.0
-0.88812,-4.3814,0.0
-0.88812,-4.32219,0.0
-0.88812,-4.26298,0.0
-0.88812,-4.20377,0.0
-0.88812,-4.14456,0.0
-0.88812,-4.08536,0.0
-0.88812,-4.02615,0.0
-0.88812,-3.96694,0.0
-0.88812,-3.90773,0.0
-0.88812,-3.84852,0.0
-0.88812,-3.78932,0.0
-0.88812,-3.73011,0.0
-0.88812,-3.6709,0.0
-0.88812,-3.61169,0.0
-0.88812,-3.55248,0.0
-0.88812,-3.49328,0.0
-0.88812,-3.43407,0.0
-0.88812,-3.37486,0.0
-0.88812,-3.31565,0.0
-0.88812,-3.25644,0.0
-0.88812,-3.19724,0.0
-0.88812,-3.13803,0.0
-0.88812,-3.07882,0.0
-0.88812,-3.01961,0.0
-0.88812,-2.9604,0.0
-0.88812,-2.9012,0.0
-0.88812,-2.84199,0.0
-0.88812,-2.78278,0.0
-0.88812,-2.72357,0.0
-0.88812,-2.66436,0.0
-0.88812,-2.60515,0.0
-0.88812,-2.54595,0.0
-0.88812,-2.48674,0.0
-0.88812,-2.42753,0.0
-0.88812,-2.36832,0.0
-0.88812,-2.30911,0.0
-0.88812,-2.24991,0.0
-0.88812,-2.1907,0.0
-0.88812,-2.13149,0.0
-0.88812,-2.07228,0.0
-0.88812,-2.01307,0.0
-0.88812,-1.95387,0.0
-0.88812,-1.89466,0.0
-0.88812,-1.83545,0.0
-0.88812,-1.77624,0.0
-0.88812,-1.71703,0.0
-0.88812,-1.65783,0.0
-0.88812,-1.59862,0.0
-0.88812,-1.53941,0.0
-0.88812,-1.4802,0.0
-0.88812,-1.42099,0.0
-0.88812,-1.36179,0.0
-0.88812,-1.30258,0.0
-0.88812,-1.24337,0.0
-0.88812,-1.18416,0.0
-0.88812,-1.12495,0.0
-0.88812,-1.06575,0.0
-0.88812,-1.00654,0.0
-0.88812,-0.94733,0.0
-0.88812,-0.88812,0.0
-0.88812,-0.82891,0.0
-0.88812,-0.7697,0.0
-0.88812,-0.7105,0.0
-0.88812,-0.65129,0.0
-0.88812,-0.59208,0.0
-0.88812,-0.53287,0.0
-0.88812,-0.47366,0.0
-0.88812,-0.41446,0.0
-0.88812,-0.35525,0.0
-0.88812,-0.29604,0.0
-0.88812,-0.23683,0.0
-0.88812,-0.17762,0.0
-0.88812,-0.11842,0.0
-0.88812,-0.05921,0.0
-0.88812,0,0.0
-0.88812,0.05921,0.0
-0.88812,0.11842,0.0
-0.88812,0.17762,0.0
-0.88812,0.23683,0.0
-0.88812,0.29604,0.0
-0.88812,0.35525,0.0
-0.88812,0.41446,0.0
-0.88812,0.47366,0.0
-0.88812,0.53287,0.0
-0.88812,0.59208,0.0
-0.88812,0.65129,0.0
-0.88812,0.7105,0.0
-0.88812,0.7697,0.0
-0.88812,0.82891,0.0
-0.88812,0.88812,0.0
-0.88812,0.94733,0.0
-0.88812,1.00654,0.0
-0.88812,1.06575,0.0
-0.88812,1.12495,0.0
-0.88812,1.18416,0.0
-0.88812,1.24337,0.0
-0.88812,1.30258,0.0
-0.88812,1.36179,0.0
-0.88812,1.42099,0.0
-0.88812,1.4802,0.0
-0.88812,1.53941,0.0
-0.88812,1.59862,0.0
-0.88812,1.65783,0.0
-0.88812,1.71703,0.0
-0.88812,1.77624,0.0
-0.88812,1.83545,0.0
-0.88812,1.89466,0.0
-0.88812,1.95387,0.0
-0.88812,2.01307,0.0
-0.88812,2.07228,0.0
-0.88812,2.13149,0.0
-0.88812,2.1907,0.0
-0.88812,2.24991,0.0
-0.88812,2.30911,0.0
-0.88812,2.36832,0.0
-0.88812,2.42753,0.0
-0.88812,2.48674,0.0
-0.88812,2.54595,0.0
-0.88812,2.60515,0.0
-0.88812,2.66436,0.0
-0.88812,2.72357,0.0
-0.88812,2.78278,0.0
-0.88812,2.84199,0.0
-0.88812,2.9012,0.0
-0.88812,2.9604,0.0
-0.88812,3.01961,0.0
-0.88812,3.07882,0.0
-0.88812,3.13803,0.0
-0.88812,3.19724,0.0
-0.88812,3.25644,0.0
-0.88812,3.31565,0.0
-0.88812,3.37486,0.0
-0.88812,3.43407,0.0
-0.88812,3.49328,0.0
-0.88812,3.55248,0.0
-0.88812,3.61169,0.0
-0.88812,3.6709,0.0
-0.88812,3.73011,0.0
-0.88812,3.78932,0.0
-0.88812,3.84852,0.0
-0.88812,3.90773,0.0
-0.88812,3.96694,0.0
-0.88812,4.02615,0.0
-0.88812,4.08536,0.0
-0.88812,4.14456,0.0
-0.88812,4.20377,0.0
-0.88812,4.26298,0.0
-0.88812,4.32219,0.0
-0.88812,4.3814,0.0
-0.88812,4.4406,0.0
-0.88812,4.49981,0.0
-0.88812,4.55902,0.0
-0.88812,4.61823,0.0
-0.88812,4.67744,0.0
-0.88812,4.73665,0.0
-0.88812,4.79585,0.0
-0.88812,4.85506,0.0
-0.88812,4.91427,0.0
-0.88812,4.97348,0.0
-0.88812,5.03269,0.0
-0.88812,5.09189,0.0
-0.88812,5.1511,0.0
-0.88812,5.21031,0.0
-0.88812,5.26952,0.0
-0.88812,5.32873,0.0
-0.88812,5.38793,0.0
-0.88812,5.44714,0.0
-0.88812,5.50635,0.0
-0.88812,5.56556,0.0
-0.88812,5.62477,0.0
-0.88812,5.68397,0.0
-0.82891,-5.68397,0.0
-0.82891,-5.62477,0.0
-0.82891,-5.56556,0.0
-0.82891,-5.50635,0.0
-0.82891,-5.44714,0.0
-0.82891,-5.38793,0.0
-0.82891,-5.32873,0.0
-0.82891,-5.26952,0.0
-0.82891,-5.21031,0.0
-0.82891,-5.1511,0.0
-0.82891,-5.09189,0.0
-0.82891,-5.03269,0.0
-0.82891,-4.97348,0.0
-0.82891,-4.91427,0.0
-0.82891,-4.85506,0.0
-0.82891,-4.79585,0.0
-0.82891,-4.73665,0.0
-0.82891,-4.67744,0.0
-0.82891,-4.61823,0.0
-0.82891,-4.55902,0.0
-0.82891,-4.49981,0.0
-0.82891,-4.4406,0.0
-0.82891,-4.3814,0.0
-0.82891,-4.32219,0.0
-0.82891,-4.26298,0.0
-0.82891,-4.20377,0.0
-0.82891,-4.14456,0.0
-0.82891,-4.08536,0.0
-0.82891,-4.02615,0.0
-0.82891,-3.96694,0.0
-0.82891,-3.90773,0.0
-0.82891,-3.84852,0.0
-0.82891,-3.78932,0.0
-0.82891,-3.73011,0.0
-0.82891,-3.6709,0.0
-0.82891,-3.61169,0.0
-0.82891,-3.55248,0.0
-0.82891,-3.49328,0.0
-0.82891,-3.43407,0.0
-0.82891,-3.37486,0.0
-0.82891,-3.31565,0.0
-0.82891,-3.25644,0.0
-0.82891,-3.19724,0.0
-0.82891,-3.13803,0.0
-0.82891,-3.07882,0.0
-0.82891,-3.01961,0.0
-0.82891,-2.9604,0.0
-0.82891,-2.9012,0.0
-0.82891,-2.84199,0.0
-0.82891,-2.78278,0.0
-0.82891,-2.72357,0.0
-0.82891,-2.66436,0.0
-0.82891,-2.60515,0.0
-0.82891,-2.54595,0.0
-0.82891,-2.48674,0.0
-0.82891,-2.42753,0.0
-0.82891,-2.36832,0.0
-0.82891,-2.30911,0.0
-0.82891,-2.24991,0.0
-0.82891,-2.1907,0.0
-0.82891,-2.13149,0.0
-0.82891,-2.07228,0.0
-0.82891,-2.01307,0.0
-0.82891,-1.95387,0.0
-0.82891,-1.89466,0.0
-0.82891,-1.83545,0.0
-0.82891,-1.77624,0.0
-0.82891,-1.71703,0.0
-0.82891,-1.65783,0.0
-0.82891,-1.59862,0.0
-0.82891,-1.53941,0.0
-0.82891,-1.4802,0.0
-0.82891,-1.42099,0.0
-0.82891,-1.36179,0.0
-0.82891,-1.30258,0.0
-0.82891,-1.24337,0.0
-0.82891,-1.18416,0.0
-0.82891,-1.12495,0.0
-0.82891,-1.06575,0.0
-0.82891,-1.00654,0.0
-0.82891,-0.94733,0.0
-0.82891,-0.88812,0.0
-0.82891,-0.82891,0.0
-0.82891,-0.7697,0.0
-0.82891,-0.7105,0.0
-0.82891,-0.65129,0.0
-0.82891,-0.59208,0.0
-0.82891,-0.53287,0.0
-0.82891,-0.47366,0.0
-0.82891,-0.41446,0.0
-0.82891,-0.35525,0.0
-0.82891,-0.29604,0.0
-0.82891,-0.23683,0.0
-0.82891,-0.17762,0.0
-0.82891,-0.11842,0.0
-0.82891,-0.05921,0.0
-0.82891,0,0.0
-0.82891,0.05921,0.0
-0.82891,0.11842,0.0
-0.82891,0.17762,0.0
-0.82891,0.23683,0.0
-0.82891,0.29604,0.0
-0.82891,0.35525,0.0
-0.82891,0.41446,0.0
-0.82891,0.47366,0.0
-0.82891,0.53287,0.0
-0.82891,0.59208,0.0
-0.82891,0.65129,0.0
-0.82891,0.7105,0.0
-0.82891,0.7697,0.0
-0.82891,0.82891,0.0
-0.82891,0.88812,0.0
-0.82891,0.94733,0.0
-0.82891,1.00654,0.0
-0.82891,1.06575,0.0
-0.82891,1.12495,0.0
-0.82891,1.18416,0.0
-0.82891,1.24337,0.0
-0.82891,1.30258,0.0
-0.82891,1.36179,0.0
-0.82891,1.42099,0.0
-0.82891,1.4802,0.0
-0.82891,1.53941,0.0
-0.82891,1.59862,0.0
-0.82891,1.65783,0.0
-0.82891,1.71703,0.0
-0.82891,1.77624,0.0
-0.82891,1.83545,0.0
-0.82891,1.89466,0.0
-0.82891,1.95387,0.0
-0.82891,2.01307,0.0
-0.82891,2.07228,0.0
-0.82891,2.13149,0.0
-0.82891,2.1907,0.0
-0.82891,2.24991,0.0
-0.82891,2.30911,0.0
-0.82891,2.36832,0.0
-0.82891,2.42753,0.0
-0.82891,2.48674,0.0
-0.82891,2.54595,0.0
-0.82891,2.60515,0.0
-0.82891,2.66436,0.0
-0.82891,2.72357,0.0
-0.82891,2.78278,0.0
-0.82891,2.84199,0.0
-0.82891,2.9012,0.0
-0.82891,2.9604,0.0
-0.82891,3.01961,0.0
-0.82891,3.07882,0.0
-0.82891,3.13803,0.0
-0.82891,3.19724,0.0
-0.82891,3.25644,0.0
-0.82891,3.31565,0.0
-0.82891,3.37486,0.0
-0.82891,3.43407,0.0
-0.82891,3.49328,0.0
-0.82891,3.55248,0.0
-0.82891,3.61169,0.0
-0.82891,3.6709,0.0
-0.82891,3.73011,0.0
-0.82891,3.78932,0.0
-0.82891,3.84852,0.0
-0.82891,3.90773,0.0
-0.82891,3.96694,0.0
-0.82891,4.02615,0.0
-0.82891,4.08536,0.0
-0.82891,4.14456,0.0
-0.82891,4.20377,0.0
-0.82891,4.26298,0.0
-0.82891,4.32219,0.0
-0.82891,4.3814,0.0
-0.82891,4.4406,0.0
-0.82891,4.49981,0.0
-0.82891,4.55902,0.0
-0.82891,4.61823,0.0
-0.82891,4.67744,0.0
-0.82891,4.73665,0.0
-0.82891,4.79585,0.0
-0.82891,4.85506,0.0
-0.82891,4.91427,0.0
-0.82891,4.97348,0.0
-0.82891,5.03269,0.0
-0.82891,5.09189,0.0
-0.82891,5.1511,0.0
-0.82891,5.21031,0.0
-0.82891,5.26952,0.0
-0.82891,5.32873,0.0
-0.82891,5.38793,0.0
-0.82891,5.44714,0.0
-0.82891,5.50635,0.0
-0.82891,5.56556,0.0
-0.82891,5.62477,0.0
-0.82891,5.68397,0.0
-0.7697,-5.74318,0.0
-0.7697,-5.68397,0.0
-0.7697,-5.62477,0.0
-0.7697,-5.56556,0.0
-0.7697,-5.50635,0.0
-0.7697,-5.44714,0.0
-0.7697,-5.38793,0.0
-0.7697,-5.32873,0.0
-0.7697,-5.26952,0.0
-0.7697,-5.21031,0.0
-0.7697,-5.1511,0.0
-0.7697,-5.09189,0.0
-0.7697,-5.03269,0.0
-0.7697,-4.97348,0.0
-0.7697,-4.91427,0.0
-0.7697,-4.85506,0.0
-0.7697,-4.79585,0.0
-0.7697,-4.73665,0.0
-0.7697,-4.67744,0.0
-0.7697,-4.61823,0.0
-0.7697,-4.55902,0.0
-0.7697,-4.49981,0.0
-0.7697,-4.4406,0.0
-0.7697,-4.3814,0.0
-0.7697,-4.32219,0.0
-0.7697,-4.26298,0.0
-0.7697,-4.20377,0.0
-0.7697,-4.14456,0.0
-0.7697,-4.08536,0.0
-0.7697,-4.02615,0.0
-0.7697,-3.96694,0.0
-0.7697,-3.90773,0.0
-0.7697,-3.84852,0.0
-0.7697,-3.78932,0.0
-0.7697,-3.73011,0.0
-0.7697,-3.6709,0.0
-0.7697,-3.61169,0.0
-0.7697,-3.55248,0.0
-0.7697,-3.49328,0.0
-0.7697,-3.43407,0.0
-0.7697,-3.37486,0.0
-0.7697,-3.31565,0.0
-0.7697,-3.25644,0.0
-0.7697,-3.19724,0.0
-0.7697,-3.13803,0.0
-0.7697,-3.07882,0.0
-0.7697,-3.01961,0.0
-0.7697,-2.9604,0.0
-0.7697,-2.9012,0.0
-0.7697,-2.84199,0.0
-0.7697,-2.78278,0.0
-0.7697,-2.72357,0.0
-0.7697,-2.66436,0.0
-0.7697,-2.60515,0.0
-0.7697,-2.54595,0.0
-0.7697,-2.48674,0.0
-0.7697,-2.42753,0.0
-0.7697,-2.36832,0.0
-0.7697,-2.30911,0.0
-0.7697,-2.24991,0.0
-0.7697,-2.1907,0.0
-0.7697,-2.13149,0.0
-0.7697,-2.07228,0.0
-0.7697,-2.01307,0.0
-0.7697,-1.95387,0.0
-0.7697,-1.89466,0.0
-0.7697,-1.83545,0.0
-0.7697,-1.77624,0.0
-0.7697,-1.71703,0.0
-0.7697,-1.65783,0.0
-0.7697,-1.59862,0.0
-0.7697,-1.53941,0.0
-0.7697,-1.4802,0.0
-0.7697,-1.42099,0.0
-0.7697,-1.36179,0.0
-0.7697,-1.30258,0.0
-0.7697,-1.24337,0.0
-0.7697,-1.18416,0.0
-0.7697,-1.12495,0.0
-0.7697,-1.06575,0.0
-0.7697,-1.00654,0.0
-0.7697,-0.94733,0.0
-0.7697,-0.88812,0.0
-0.7697,-0.82891,0.0
-0.7697,-0.7697,0.0
-0.7697,-0.7105,0.0
-0.7697,-0.65129,0.0
-0.7697,-0.59208,0.0
-0.7697,-0.53287,0.0
-0.7697,-0.47366,0.0
-0.7697,-0.41446,0.0
-0.7697,-0.35525,0.0
-0.7697,-0.29604,0.0
-0.7697,-0.23683,0.0
-0.7697,-0.17762,0.0
-0.7697,-0.11842,0.0
-0.7697,-0.05921,0.0
-0.7697,0,0.0
-0.7697,0.05921,0.0
-0.7697,0.11842,0.0
-0.7697,0.17762,0.0
-0.7697,0.23683,0.0
-0.7697,0.29604,0.0
-0.7697,0.35525,0.0
-0.7697,0.41446,0.0
-0.7697,0.47366,0.0
-0.7697,0.53287,0.0
-0.7697,0.59208,0.0
-0.7697,0.65129,0.0
-0.7697,0.7105,0.0
-0.7697,0.7697,0.0
-0.7697,0.82891,0.0
-0.7697,0.88812,0.0
-0.7697,0.94733,0.0
-0.7697,1.00654,0.0
-0.7697,1.06575,0.0
-0.7697,1.12495,0.0
-0.7697,1.18416,0.0
-0.7697,1.24337,0.0
-0.7697,1.30258,0.0
-0.7697,1.36179,0.0
-0.7697,1.42099,0.0
-0.7697,1.4802,0.0
-0.7697,1.53941,0.0
-0.7697,1.59862,0.0
-0.7697,1.65783,0.0
-0.7697,1.71703,0.0
-0.7697,1.77624,0.0
-0.7697,1.83545,0.0
-0.7697,1.89466,0.0
-0.7697,1.95387,0.0
-0.7697,2.01307,0.0
-0.7697,2.07228,0.0
-0.7697,2.13149,0.0
-0.7697,2.1907,0.0
-0.7697,2.24991,0.0
-0.7697,2.30911,0.0
-0.7697,2.36832,0.0
-0.7697,2.42753,0.0
-0.7697,2.48674,0.0
-0.7697,2.54595,0.0
-0.7697,2.60515,0.0
-0.7697,2.66436,0.0
-0.7697,2.72357,0.0
-0.7697,2.78278,0.0
-0.7697,2.84199,0.0
-0.7697,2.9012,0.0
-0.7697,2.9604,0.0
-0.7697,3.01961,0.0
-0.7697,3.07882,0.0
-0.7697,3.13803,0.0
-0.7697,3.19724,0.0
-0.7697,3.25644,0.0
-0.7697,3.31565,0.0
-0.7697,3.37486,0.0
-0.7697,3.43407,0.0
-0.7697,3.49328,0.0
-0.7697,3.55248,0.0
-0.7697,3.61169,0.0
-0.7697,3.6709,0.0
-0.7697,3.73011,0.0
-0.7697,3.78932,0.0
-0.7697,3.84852,0.0
-0.7697,3.90773,0.0
-0.7697,3.96694,0.0
-0.7697,4.02615,0.0
-0.7697,4.08536,0.0
-0.7697,4.14456,0.0
-0.7697,4.20377,0.0
-0.7697,4.26298,0.0
-0.7697,4.32219,0.0
-0.7697,4.3814,0.0
-0.7697,4.4406,0.0
-0.7697,4.49981,0.0
-0.7697,4.55902,0.0
-0.7697,4.61823,0.0
-0.7697,4.67744,0.0
-0.7697,4.73665,0.0
-0.7697,4.79585,0.0
-0.7697,4.85506,0.0
-0.7697,4.91427,0.0
-0.7697,4.97348,0.0
-0.7697,5.03269,0.0
-0.7697,5.09189,0.0
-0.7697,5.1511,0.0
-0.7697,5.21031,0.0
-0.7697,5.26952,0.0
-0.7697,5.32873,0.0
-0.7697,5.38793,0.0
-0.7697,5.44714,0.0
-0.7697,5.50635,0.0
-0.7697,5.56556,0.0
-0.7697,5.62477,0.0
-0.7697,5.68397,0.0
-0.7697,5.74318,0.0
-0.7105,-5.74318,0.0
-0.7105,-5.68397,0.0
-0.7105,-5.62477,0.0
-0.7105,-5.56556,0.0
-0.7105,-5.50635,0.0
-0.7105,-5.44714,0.0
-0.7105,-5.38793,0.0
-0.7105,-5.32873,0.0
-0.7105,-5.26952,0.0
-0.7105,-5.21031,0.0
-0.7105,-5.1511,0.0
-0.7105,-5.09189,0.0
-0.7105,-5.03269,0.0
-0.7105,-4.97348,0.0
-0.7105,-4.91427,0.0
-0.7105,-4.85506,0.0
-0.7105,-4.79585,0.0
-0.7105,-4.73665,0.0
-0.7105,-4.67744,0.0
-0.7105,-4.61823,0.0
-0.7105,-4.55902,0.0
-0.7105,-4.49981,0.0
-0.7105,-4.4406,0.0
-0.7105,-4.3814,0.0
-0.7105,-4.32219,0.0
-0.7105,-4.26298,0.0
-0.7105,-4.20377,0.0
-0.7105,-4.14456,0.0
-0.7105,-4.08536,0.0
-0.7105,-4.02615,0.0
-0.7105,-3.96694,0.0
-0.7105,-3.90773,0.0
-0.7105,-3.84852,0.0
-0.7105,-3.78932,0.0
-0.7105,-3.73011,0.0
-0.7105,-3.6709,0.0
-0.7105,-3.61169,0.0
-0.7105,-3.55248,0.0
-0.7105,-3.49328,0.0
-0.7105,-3.43407,0.0
-0.7105,-3.37486,0.0
-0.7105,-3.31565,0.0
-0.7105,-3.25644,0.0
-0.7105,-3.19724,0.0
-0.7105,-3.13803,0.0
-0.7105,-3.07882,0.0
-0.7105,-3.01961,0.0
-0.7105,-2.9604,0.0
-0.7105,-2.9012,0.0
-0.7105,-2.84199,0.0
-0.7105,-2.78278,0.0
-0.7105,-2.72357,0.0
-0.7105,-2.66436,0.0
-0.7105,-2.60515,0.0
-0.7105,-2.54595,0.0
-0.7105,-2.48674,0.0
-0.7105,-2.42753,0.0
-0.7105,-2.36832,0.0
-0.7105,-2.30911,0.0
-0.7105,-2.24991,0.0
-0.7105,-2.1907,0.0
-0.7105,-2.13149,0.0
-0.7105,-2.07228,0.0
-0.7105,-2.01307,0.0
-0.7105,-1.95387,0.0
-0.7105,-1.89466,0.0
-0.7105,-1.83545,0.0
-0.7105,-1.77624,0.0
-0.7105,-1.71703,0.0
-0.7105,-1.65783,0.0
-0.7105,-1.59862,0.0
-0.7105,-1.53941,0.0
-0.7105,-1.4802,0.0
-0.7105,-1.42099,0.0
-0.7105,-1.36179,0.0
-0.7105,-1.30258,0.0
-0.7105,-1.24337,0.0
-0.7105,-1.18416,0.0
-0.7105,-1.12495,0.0
-0.7105,-1.06575,0.0
-0.7105,-1.00654,0.0
-0.7105,-0.94733,0.0
-0.7105,-0.88812,0.0
-0.7105,-0.82891,0.0
-0.7105,-0.7697,0.0
-0.7105,-0.7105,0.0
-0.7105,-0.65129,0.0
-0.7105,-0.59208,0.0
-0.7105,-0.53287,0.0
-0.7105,-0.47366,0.0
-0.7105,-0.41446,0.0
-0.7105,-0.35525,0.0
-0.7105,-0.29604,0.0
-0.7105,-0.23683,0.0
-0.7105,-0.17762,0.0
-0.7105,-0.11842,0.0
-0.7105,-0.05921,0.0
-0.7105,0,0.0
-0.7105,0.05921,0.0
-0.7105,0.11842,0.0
-0.7105,0.17762,0.0
-0.7105,0.23683,0.0
-0.7105,0.29604,0.0
-0.7105,0.35525,0.0
-0.7105,0.41446,0.0
-0.7105,0.47366,0.0
-0.7105,0.53287,0.0
-0.7105,0.59208,0.0
-0.7105,0.65129,0.0
-0.7105,0.7105,0.0
-0.7105,0.7697,0.0
-0.7105,0.82891,0.0
-0.7105,0.88812,0.0
-0.7105,0.94733,0.0
-0.7105,1.00654,0.0
-0.7105,1.06575,0.0
-0.7105,1.12495,0.0
-0.7105,1.18416,0.0
-0.7105,1.24337,0.0
-0.7105,1.30258,0.0
-0.7105,1.36179,0.0
-0.7105,1.42099,0.0
-0.7105,1.4802,0.0
-0.7105,1.53941,0.0
-0.7105,1.59862,0.0
-0.7105,1.65783,0.0
-0.7105,1.71703,0.0
-0.7105,1.77624,0.0
-0.7105,1.83545,0.0
-0.7105,1.89466,0.0
-0.7105,1.95387,0.0
-0.7105,2.01307,0.0
-0.7105,2.07228,0.0
-0.7105,2.13149,0.0
-0.7105,2.1907,0.0
-0.7105,2.24991,0.0
-0.7105,2.30911,0.0
-0.7105,2.36832,0.0
-0.7105,2.42753,0.0
-0.7105,2.48674,0.0
-0.7105,2.54595,0.0
-0.7105,2.60515,0.0
-0.7105,2.66436,0.0
-0.7105,2.72357,0.0
-0.7105,2.78278,0.0
-0.7105,2.84199,0.0
-0.7105,2.9012,0.0
-0.7105,2.9604,0.0
-0.7105,3.01961,0.0
-0.7105,3.07882,0.0
-0.7105,3.13803,0.0
-0.7105,3.19724,0.0
-0.7105,3.25644,0.0
-0.7105,3.31565,0.0
-0.7105,3.37486,0.0
-0.7105,3.43407,0.0
-0.7105,3.49328,0.0
-0.7105,3.55248,0.0
-0.7105,3.61169,0.0
-0.7105,3.6709,0.0
-0.7105,3.73011,0.0
-0.7105,3.78932,0.0
-0.7105,3.84852,0.0
-0.7105,3.90773,0.0
-0.7105,3.96694,0.0
-0.7105,4.02615,0.0
-0.7105,4.08536,0.0
-0.7105,4.14456,0.0
-0.7105,4.20377,0.0
-0.7105,4.26298,0.0
-0.7105,4.32219,0.0
-0.7105,4.3814,0.0
-0.7105,4.4406,0.0
-0.7105,4.49981,0.0
-0.7105,4.55902,0.0
-0.7105,4.61823,0.0
-0.7105,4.67744,0.0
-0.7105,4.73665,0.0
-0.7105,4.79585,0.0
-0.7105,4.85506,0.0
-0.7105,4.91427,0.0
-0.7105,4.97348,0.0
-0.7105,5.03269,0.0
-0.7105,5.09189,0.0
-0.7105,5.1511,0.0
-0.7105,5.21031,0.0
-0.7105,5.26952,0.0
-0.7105,5.32873,0.0
-0.7105,5.38793,0.0
-0.7105,5.44714,0.0
-0.7105,5.50635,0.0
-0.7105,5.56556,0.0
-0.7105,5.62477,0.0
-0.7105,5.68397,0.0
-0.7105,5.74318,0.0
-0.65129,-5.74318,0.0
-0.65129,-5.68397,0.0
-0.65129,-5.62477,0.0
-0.65129,-5.56556,0.0
-0.65129,-5.50635,0.0
-0.65129,-5.44714,0.0
-0.65129,-5.38793,0.0
-0.65129,-5.32873,0.0
-0.65129,-5.26952,0.0
-0.65129,-5.21031,0.0
-0.65129,-5.1511,0.0
-0.65129,-5.09189,0.0
-0.65129,-5.03269,0.0
-0.65129,-4.97348,0.0
-0.65129,-4.91427,0.0
-0.65129,-4.85506,0.0
-0.65129,-4.79585,0.0
-0.65129,-4.73665,0.0
-0.65129,-4.67744,0.0
-0.65129,-4.61823,0.0
-0.65129,-4.55902,0.0
-0.65129,-4.49981,0.0
-0.65129,-4.4406,0.0
-0.65129,-4.3814,0.0
-0.65129,-4.32219,0.0
-0.65129,-4.26298,0.0
-0.65129,-4.20377,0.0
-0.65129,-4.14456,0.0
-0.65129,-4.08536,0.0
-0.65129,-4.02615,0.0
-0.65129,-3.96694,0.0
-0.65129,-3.90773,0.0
-0.65129,-3.84852,0.0
-0.65129,-3.78932,0.0
-0.65129,-3.73011,0.0
-0.65129,-3.6709,0.0
-0.65129,-3.61169,0.0
-0.65129,-3.55248,0.0
-0.65129,-3.49328,0.0
-0.65129,-3.43407,0.0
-0.65129,-3.37486,0.0
-0.65129,-3.31565,0.0
-0.65129,-3.25644,0.0
-0.65129,-3.19724,0.0
-0.65129,-3.13803,0.0
-0.65129,-3.07882,0.0
-0.65129,-3.01961,0.0
-0.65129,-2.9604,0.0
-0.65129,-2.9012,0.0
-0.65129,-2.84199,0.0
-0.65129,-2.78278,0.0
-0.65129,-2.72357,0.0
-0.65129,-2.66436,0.0
-0.65129,-2.60515,0.0
-0.65129,-2.54595,0.0
-0.65129,-2.48674,0.0
-0.65129,-2.42753,0.0
-0.65129,-2.36832,0.0
-0.65129,-2.30911,0.0
-0.65129,-2.24991,0.0
-0.65129,-2.1907,0.0
-0.65129,-2.13149,0.0
-0.65129,-2.07228,0.0
-0.65129,-2.01307,0.0
-0.65129,-1.95387,0.0
-0.65129,-1.89466,0.0
-0.65129,-1.83545,0.0
-0.65129,-1.77624,0.0
-0.65129,-1.71703,0.0
-0.65129,-1.65783,0.0
-0.65129,-1.59862,0.0
-0.65129,-1.53941,0.0
-0.65129,-1.4802,0.0
-0.65129,-1.42099,0.0
-0.65129,-1.36179,0.0
-0.65129,-1.30258,0.0
-0.65129,-1.24337,0.0
-0.65129,-1.18416,0.0
-0.65129,-1.12495,0.0
-0.65129,-1.06575,0.0
-0.65129,-1.00654,0.0
-0.65129,-0.94733,0.0
-0.65129,-0.88812,0.0
-0.65129,-0.82891,0.0
-0.65129,-0.7697,0.0
-0.65129,-0.7105,0.0
-0.65129,-0.65129,0.0
-0.65129,-0.59208,0.0
-0.65129,-0.53287,0.0
-0.65129,-0.47366,0.0
-0.65129,-0.41446,0.0
-0.65129,-0.35525,0.0
-0.65129,-0.29604,0.0
-0.65129,-0.23683,0.0
-0.65129,-0.17762,0.0
-0.65129,-0.11842,0.0
-0.65129,-0.05921,0.0
-0.65129,0,0.0
-0.65129,0.05921,0.0
-0.65129,0.11842,0.0
-0.65129,0.17762,0.0
-0.65129,0.23683,0.0
-0.65129,0.29604,0.0
-0.65129,0.35525,0.0
-0.65129,0.41446,0.0
-0.65129,0.47366,0.0
-0.65129,0.53287,0.0
-0.65129,0.59208,0.0
-0.65129,0.65129,0.0
-0.65129,0.7105,0.0
-0.65129,0.7697,0.0
-0.65129,0.82891,0.0
-0.65129,0.88812,0.0
-0.65129,0.94733,0.0
-0.65129,1.00654,0.0
-0.65129,1.06575,0.0
-0.65129,1.12495,0.0
-0.65129,1.18416,0.0
-0.65129,1.24337,0.0
-0.65129,1.30258,0.0
-0.65129,1.36179,0.0
-0.65129,1.42099,0.0
-0.65129,1.4802,0.0
-0.65129,1.53941,0.0
-0.65129,1.59862,0.0
-0.65129,1.65783,0.0
-0.65129,1.71703,0.0
-0.65129,1.77624,0.0
-0.65129,1.83545,0.0
-0.65129,1.89466,0.0
-0.65129,1.95387,0.0
-0.65129,2.01307,0.0
-0.65129,2.07228,0.0
-0.65129,2.13149,0.0
-0.65129,2.1907,0.0
-0.65129,2.24991,0.0
-0.65129,2.30911,0.0
-0.65129,2.36832,0.0
-0.65129,2.42753,0.0
-0.65129,2.48674,0.0
-0.65129,2.54595,0.0
-0.65129,2.60515,0.0
-0.65129,2.66436,0.0
-0.65129,2.72357,0.0
-0.65129,2.78278,0.0
-0.65129,2.84199,0.0
-0.65129,2.9012,0.0
-0.65129,2.9604,0.0
-0.65129,3.01961,0.0
-0.65129,3.07882,0.0
-0.65129,3.13803,0.0
-0.65129,3.19724,0.0
-0.65129,3.25644,0.0
-0.65129,3.31565,0.0
-0.65129,3.37486,0.0
-0.65129,3.43407,0.0
-0.65129,3.49328,0.0
-0.65129,3.55248,0.0
-0.65129,3.61169,0.0
-0.65129,3.6709,0.0
-0.65129,3.73011,0.0
-0.65129,3.78932,0.0
-0.65129,3.84852,0.0
-0.65129,3.90773,0.0
-0.65129,3.96694,0.0
-0.65129,4.02615,0.0
-0.65129,4.08536,0.0
-0.65129,4.14456,0.0
-0.65129,4.20377,0.0
-0.65129,4.26298,0.0
-0.65129,4.32219,0.0
-0.65129,4.3814,0.0
-0.65129,4.4406,0.0
-0.65129,4.49981,0.0
-0.65129,4.55902,0.0
-0.65129,4.61823,0.0
-0.65129,4.67744,0.0
-0.65129,4.73665,0.0
-0.65129,4.79585,0.0
-0.65129,4.85506,0.0
-0.65129,4.91427,0.0
-0.65129,4.97348,0.0
-0.65129,5.03269,0.0
-0.65129,5.09189,0.0
-0.65129,5.1511,0.0
-0.65129,5.21031,0.0
-0.65129,5.26952,0.0
-0.65129,5.32873,0.0
-0.65129,5.38793,0.0
-0.65129,5.44714,0.0
-0.65129,5.50635,0.0
-0.65129,5.56556,0.0
-0.65129,5.62477,0.0
-0.65129,5.68397,0.0
-0.65129,5.74318,0.0
-0.59208,-5.74318,0.0
-0.59208,-5.68397,0.0
-0.59208,-5.62477,0.0
-0.59208,-5.56556,0.0
-0.59208,-5.50635,0.0
-0.59208,-5.44714,0.0
-0.59208,-5.38793,0.0
-0.59208,-5.32873,0.0
-0.59208,-5.26952,0.0
-0.59208,-5.21031,0.0
-0.59208,-5.1511,0.0
-0.59208,-5.09189,0.0
-0.59208,-5.03269,0.0
-0.59208,-4.97348,0.0
-0.59208,-4.91427,0.0
-0.59208,-4.85506,0.0
-0.59208,-4.79585,0.0
-0.59208,-4.73665,0.0
-0.59208,-4.67744,0.0
-0.59208,-4.61823,0.0
-0.59208,-4.55902,0.0
-0.59208,-4.49981,0.0
-0.59208,-4.4406,0.0
-0.59208,-4.3814,0.0
-0.59208,-4.32219,0.0
-0.59208,-4.26298,0.0
-0.59208,-4.20377,0.0
-0.59208,-4.14456,0.0
-0.59208,-4.08536,0.0
-0.59208,-4.02615,0.0
-0.59208,-3.96694,0.0
-0.59208,-3.90773,0.0
-0.59208,-3.84852,0.0
-0.59208,-3.78932,0.0
-0.59208,-3.73011,0.0
-0.59208,-3.6709,0.0
-0.59208,-3.61169,0.0
-0.59208,-3.55248,0.0
-0.59208,-3.49328,0.0
-0.59208,-3.43407,0.0
-0.59208,-3.37486,0.0
-0.59208,-3.31565,0.0
-0.59208,-3.25644,0.0
-0.59208,-3.19724,0.0
-0.59208,-3.13803,0.0
-0.59208,-3.07882,0.0
-0.59208,-3.01961,0.0
-0.59208,-2.9604,0.0
-0.59208,-2.9012,0.0
-0.59208,-2.84199,0.0
-0.59208,-2.78278,0.0
-0.59208,-2.72357,0.0
-0.59208,-2.66436,0.0
-0.59208,-2.60515,0.0
-0.59208,-2.54595,0.0
-0.59208,-2.48674,0.0
-0.59208,-2.42753,0.0
-0.59208,-2.36832,0.0
-0.59208,-2.30911,0.0
-0.59208,-2.24991,0.0
-0.59208,-2.1907,0.0
-0.59208,-2.13149,0.0
-0.59208,-2.07228,0.0
-0.59208,-2.01307,0.0
-0.59208,-1.95387,0.0
-0.59208,-1.89466,0.0
-0.59208,-1.83545,0.0
-0.59208,-1.77624,0.0
-0.59208,-1.71703,0.0
-0.59208,-1.65783,0.0
-0.59208,-1.59862,0.0
-0.59208,-1.53941,0.0
-0.59208,-1.4802,0.0
-0.59208,-1.42099,0.0
-0.59208,-1.36179,0.0
-0.59208,-1.30258,0.0
-0.59208,-1.24337,0.0
-0.59208,-1.18416,0.0
-0.59208,-1.12495,0.0
-0.59208,-1.06575,0.0
-0.59208,-1.00654,0.0
-0.59208,-0.94733,0.0
-0.59208,-0.88812,0.0
-0.59208,-0.82891,0.0
-0.59208,-0.7697,0.0
-0.59208,-0.7105,0.0
-0.59208,-0.65129,0.0
-0.59208,-0.59208,0.0
-0.59208,-0.53287,0.0
-0.59208,-0.47366,0.0
-0.59208,-0.41446,0.0
-0.59208,-0.35525,0.0
-0.59208,-0.29604,0.0
-0.59208,-0.23683,0.0
-0.59208,-0.17762,0.0
-0.59208,-0.11842,0.0
-0.59208,-0.05921,0.0
-0.59208,0,0.0
-0.59208,0.05921,0.0
-0.59208,0.11842,0.0
-0.59208,0.17762,0.0
-0.59208,0.23683,0.0
-0.59208,0.29604,0.0
-0.59208,0.35525,0.0
-0.59208,0.41446,0.0
-0.59208,0.47366,0.0
-0.59208,0.53287,0.0
-0.59208,0.59208,0.0
-0.59208,0.65129,0.0
-0.59208,0.7105,0.0
-0.59208,0.7697,0.0
-0.59208,0.82891,0.0
-0.59208,0.88812,0.0
-0.59208,0.94733,0.0
-0.59208,1.00654,0.0
-0.59208,1.06575,0.0
-0.59208,1.12495,0.0
-0.59208,1.18416,0.0
-0.59208,1.24337,0.0
-0.59208,1.30258,0.0
-0.59208,1.36179,0.0
-0.59208,1.42099,0.0
-0.59208,1.4802,0.0
-0.59208,1.53941,0.0
-0.59208,1.59862,0.0
-0.59208,1.65783,0.0
-0.59208,1.71703,0.0
-0.59208,1.77624,0.0
-0.59208,1.83545,0.0
-0.59208,1.89466,0.0
-0.59208,1.95387,0.0
-0.59208,2.01307,0.0
-0.59208,2.07228,0.0
-0.59208,2.13149,0.0
-0.59208,2.1907,0.0
-0.59208,2.24991,0.0
-0.59208,2.30911,0.0
-0.59208,2.36832,0.0
-0.59208,2.42753,0.0
-0.59208,2.48674,0.0
-0.59208,2.54595,0.0
-0.59208,2.60515,0.0
-0.59208,2.66436,0.0
-0.59208,2.72357,0.0
-0.59208,2.78278,0.0
-0.59208,2.84199,0.0
-0.59208,2.9012,0.0
-0.59208,2.9604,0.0
-0.59208,3.01961,0.0
-0.59208,3.07882,0.0
-0.59208,3.13803,0.0
-0.59208,3.19724,0.0
-0.59208,3.25644,0.0
-0.59208,3.31565,0.0
-0.59208,3.37486,0.0
-0.59208,3.43407,0.0
-0.59208,3.49328,0.0
-0.59208,3.55248,0.0
-0.59208,3.61169,0.0
-0.59208,3.6709,0.0
-0.59208,3.73011,0.0
-0.59208,3.78932,0.0
-0.59208,3.84852,0.0
-0.59208,3.90773,0.0
-0.59208,3.96694,0.0
-0.59208,4.02615,0.0
-0.59208,4.08536,0.0
-0.59208,4.14456,0.0
-0.59208,4.20377,0.0
-0.59208,4.26298,0.0
-0.59208,4.32219,0.0
-0.59208,4.3814,0.0
-0.59208,4.4406,0.0
-0.59208,4.49981,0.0
-0.59208,4.55902,0.0
-0.59208,4.61823,0.0
-0.59208,4.67744,0.0
-0.59208,4.73665,0.0
-0.59208,4.79585,0.0
-0.59208,4.85506,0.0
-0.59208,4.91427,0.0
-0.59208,4.97348,0.0
-0.59208,5.03269,0.0
-0.59208,5.09189,0.0
-0.59208,5.1511,0.0
-0.59208,5.21031,0.0
-0.59208,5.26952,0.0
-0.59208,5.32873,0.0
-0.59208,5.38793,0.0
-0.59208,5.44714,0.0
-0.59208,5.50635,0.0
-0.59208,5.56556,0.0
-0.59208,5.62477,0.0
-0.59208,5.68397,0.0
-0.59208,5.74318,0.0
-0.53287,-5.74318,0.0
-0.53287,-5.68397,0.0
-0.53287,-5.62477,0.0
-0.53287,-5.56556,0.0
-0.53287,-5.50635,0.0
-0.53287,-5.44714,0.0
-0.53287,-5.38793,0.0
-0.53287,-5.32873,0.0
-0.53287,-5.26952,0.0
-0.53287,-5.21031,0.0
-0.53287,-5.1511,0.0
-0.53287,-5.09189,0.0
-0.53287,-5.03269,0.0
-0.53287,-4.97348,0.0
-0.53287,-4.91427,0.0
-0.53287,-4.85506,0.0
-0.53287,-4.79585,0.0
-0.53287,-4.73665,0.0
-0.53287,-4.67744,0.0
-0.53287,-4.61823,0.0
-0.53287,-4.55902,0.0
-0.53287,-4.49981,0.0
-0.53287,-4.4406,0.0
-0.53287,-4.3814,0.0
-0.53287,-4.32219,0.0
-0.53287,-4.26298,0.0
-0.53287,-4.20377,0.0
-0.53287,-4.14456,0.0
-0.53287,-4.08536,0.0
-0.53287,-4.02615,0.0
-0.53287,-3.96694,0.0
-0.53287,-3.90773,0.0
-0.53287,-3.84852,0.0
-0.53287,-3.78932,0.0
-0.53287,-3.73011,0.0
-0.53287,-3.6709,0.0
-0.53287,-3.61169,0.0
-0.53287,-3.55248,0.0
-0.53287,-3.49328,0.0
-0.53287,-3.43407,0.0
-0.53287,-3.37486,0.0
-0.53287,-3.31565,0.0
-0.53287,-3.25644,0.0
-0.53287,-3.19724,0.0
-0.53287,-3.13803,0.0
-0.53287,-3.07882,0.0
-0.53287,-3.01961,0.0
-0.53287,-2.9604,0.0
-0.53287,-2.9012,0.0
-0.53287,-2.84199,0.0
-0.53287,-2.78278,0.0
-0.53287,-2.72357,0.0
-0.53287,-2.66436,0.0
-0.53287,-2.60515,0.0
-0.53287,-2.54595,0.0
-0.53287,-2.48674,0.0
-0.53287,-2.42753,0.0
-0.53287,-2.36832,0.0
-0.53287,-2.30911,0.0
-0.53287,-2.24991,0.0
-0.53287,-2.1907,0.0
-0.53287,-2.13149,0.0
-0.53287,-2.07228,0.0
-0.53287,-2.01307,0.0
-0.53287,-1.95387,0.0
-0.53287,-1.89466,0.0
-0.53287,-1.83545,0.0
-0.53287,-1.77624,0.0
-0.53287,-1.71703,0.0
-0.53287,-1.65783,0.0
-0.53287,-1.59862,0.0
-0.53287,-1.53941,0.0
-0.53287,-1.4802,0.0
-0.53287,-1.42099,0.0
-0.53287,-1.36179,0.0
-0.53287,-1.30258,0.0
-0.53287,-1.24337,0.0
-0.53287,-1.18416,0.0
-0.53287,-1.12495,0.0
-0.53287,-1.06575,0.0
-0.53287,-1.00654,0.0
-0.53287,-0.94733,0.0
-0.53287,-0.88812,0.0
-0.53287,-0.82891,0.0
-0.53287,-0.7697,0.0
-0.53287,-0.7105,0.0
-0.53287,-0.65129,0.0
-0.53287,-0.59208,0.0
-0.53287,-0.53287,0.0
-0.53287,-0.47366,0.0
-0.53287,-0.41446,0.0
-0.53287,-0.35525,0.0
-0.53287,-0.29604,0.0
-0.53287,-0.23683,0.0
-0.53287,-0.17762,0.0
-0.53287,-0.11842,0.0
-0.53287,-0.05921,0.0
-0.53287,0,0.0
-0.53287,0.05921,0.0
-0.53287,0.11842,0.0
-0.53287,0.17762,0.0
-0.53287,0.23683,0.0
-0.53287,0.29604,0.0
-0.53287,0.35525,0.0
-0.53287,0.41446,0.0
-0.53287,0.47366,0.0
-0.53287,0.53287,0.0
-0.53287,0.59208,0.0
-0.53287,0.65129,0.0
-0.53287,0.7105,0.0
-0.53287,0.7697,0.0
-0.53287,0.82891,0.0
-0.53287,0.88812,0.0
-0.53287,0.94733,0.0
-0.53287,1.00654,0.0
-0.53287,1.06575,0.0
-0.53287,1.12495,0.0
-0.53287,1.18416,0.0
-0.53287,1.24337,0.0
-0.53287,1.30258,0.0
-0.53287,1.36179,0.0
-0.53287,1.42099,0.0
-0.53287,1.4802,0.0
-0.53287,1.53941,0.0
-0.53287,1.59862,0.0
-0.53287,1.65783,0.0
-0.53287,1.71703,0.0
-0.53287,1.77624,0.0
-0.53287,1.83545,0.0
-0.53287,1.89466,0.0
-0.53287,1.95387,0.0
-0.53287,2.01307,0.0
-0.53287,2.07228,0.0
-0.53287,2.13149,0.0
-0.53287,2.1907,0.0
-0.53287,2.24991,0.0
-0.53287,2.30911,0.0
-0.53287,2.36832,0.0
-0.53287,2.42753,0.0
-0.53287,2.48674,0.0
-0.53287,2.54595,0.0
-0.53287,2.60515,0.0
-0.53287,2.66436,0.0
-0.53287,2.72357,0.0
-0.53287,2.78278,0.0
-0.53287,2.84199,0.0
-0.53287,2.9012,0.0
-0.53287,2.9604,0.0
-0.53287,3.01961,0.0
-0.53287,3.07882,0.0
-0.53287,3.13803,0.0
-0.53287,3.19724,0.0
-0.53287,3.25644,0.0
-0.53287,3.31565,0.0
-0.53287,3.37486,0.0
-0.53287,3.43407,0.0
-0.53287,3.49328,0.0
-0.53287,3.55248,0.0
-0.53287,3.61169,0.0
-0.53287,3.6709,0.0
-0.53287,3.73011,0.0
-0.53287,3.78932,0.0
-0.53287,3.84852,0.0
-0.53287,3.90773,0.0
-0.53287,3.96694,0.0
-0.53287,4.02615,0.0
-0.53287,4.08536,0.0
-0.53287,4.14456,0.0
-0.53287,4.20377,0.0
-0.53287,4.26298,0.0
-0.53287,4.32219,0.0
-0.53287,4.3814,0.0
-0.53287,4.4406,0.0
-0.53287,4.49981,0.0
-0.53287,4.55902,0.0
-0.53287,4.61823,0.0
-0.53287,4.67744,0.0
-0.53287,4.73665,0.0
-0.53287,4.79585,0.0
-0.53287,4.85506,0.0
-0.53287,4.91427,0.0
-0.53287,4.97348,0.0
-0.53287,5.03269,0.0
-0.53287,5.09189,0.0
-0.53287,5.1511,0.0
-0.53287,5.21031,0.0
-0.53287,5.26952,0.0
-0.53287,5.32873,0.0
-0.53287,5.38793,0.0
-0.53287,5.44714,0.0
-0.53287,5.50635,0.0
-0.53287,5.56556,0.0
-0.53287,5.62477,0.0
-0.53287,5.68397,0.0
-0.53287,5.74318,0.0
-0.47366,-5.74318,0.0
-0.47366,-5.68397,0.0
-0.47366,-5.62477,0.0
-0.47366,-5.56556,0.0
-0.47366,-5.50635,0.0
-0.47366,-5.44714,0.0
-0.47366,-5.38793,0.0
-0.47366,-5.32873,0.0
-0.47366,-5.26952,0.0
-0.47366,-5.21031,0.0
-0.47366,-5.1511,0.0
-0.47366,-5.09189,0.0
-0.47366,-5.03269,0.0
-0.47366,-4.97348,0.0
-0.47366,-4.91427,0.0
-0.47366,-4.85506,0.0
-0.47366,-4.79585,0.0
-0.47366,-4.73665,0.0
-0.47366,-4.67744,0.0
-0.47366,-4.61823,0.0
-0.47366,-4.55902,0.0
-0.47366,-4.49981,0.0
-0.47366,-4.4406,0.0
-0.47366,-4.3814,0.0
-0.47366,-4.32219,0.0
-0.47366,-4.26298,0.0
-0.47366,-4.20377,0.0
-0.47366,-4.14456,0.0
-0.47366,-4.08536,0.0
-0.47366,-4.02615,0.0
-0.47366,-3.96694,0.0
-0.47366,-3.90773,0.0
-0.47366,-3.84852,0.0
-0.47366,-3.78932,0.0
-0.47366,-3.73011,0.0
-0.47366,-3.6709,0.0
-0.47366,-3.61169,0.0
-0.47366,-3.55248,0.0
-0.47366,-3.49328,0.0
-0.47366,-3.43407,0.0
-0.47366,-3.37486,0.0
-0.47366,-3.31565,0.0
-0.47366,-3.25644,0.0
-0.47366,-3.19724,0.0
-0.47366,-3.13803,0.0
-0.47366,-3.07882,0.0
-0.47366,-3.01961,0.0
-0.47366,-2.9604,0.0
-0.47366,-2.9012,0.0
-0.47366,-2.84199,0.0
-0.47366,-2.78278,0.0
-0.47366,-2.72357,0.0
-0.47366,-2.66436,0.0
-0.47366,-2.60515,0.0
-0.47366,-2.54595,0.0
-0.47366,-2.48674,0.0
-0.47366,-2.42753,0.0
-0.47366,-2.36832,0.0
-0.47366,-2.30911,0.0
-0.47366,-2.24991,0.0
-0.47366,-2.1907,0.0
-0.47366,-2.13149,0.0
-0.47366,-2.07228,0.0
-0.47366,-2.01307,0.0
-0.47366,-1.95387,0.0
-0.47366,-1.89466,0.0
-0.47366,-1.83545,0.0
-0.47366,-1.77624,0.0
-0.47366,-1.71703,0.0
-0.47366,-1.65783,0.0
-0.47366,-1.59862,0.0
-0.47366,-1.53941,0.0
-0.47366,-1.4802,0.0
-0.47366,-1.42099,0.0
-0.47366,-1.36179,0.0
-0.47366,-1.30258,0.0
-0.47366,-1.24337,0.0
-0.47366,-1.18416,0.0
-0.47366,-1.12495,0.0
-0.47366,-1.06575,0.0
-0.47366,-1.00654,0.0
-0.47366,-0.94733,0.0
-0.47366,-0.88812,0.0
-0.47366,-0.82891,0.0
-0.47366,-0.7697,0.0
-0.47366,-0.7105,0.0
-0.47366,-0.65129,0.0
-0.47366,-0.59208,0.0
-0.47366,-0.53287,0.0
-0.47366,-0.47366,0.0
-0.47366,-0.41446,0.0
-0.47366,-0.35525,0.0
-0.47366,-0.29604,0.0
-0.47366,-0.23683,0.0
-0.47366,-0.17762,0.0
-0.47366,-0.11842,0.0
-0.47366,-0.05921,0.0
-0.47366,0,0.0
-0.47366,0.05921,0.0
-0.47366,0.11842,0.0
-0.47366,0.17762,0.0
-0.47366,0.23683,0.0
-0.47366,0.29604,0.0
-0.47366,0.35525,0.0
-0.47366,0.41446,0.0
-0.47366,0.47366,0.0
-0.47366,0.53287,0.0
-0.47366,0.59208,0.0
-0.47366,0.65129,0.0
-0.47366,0.7105,0.0
-0.47366,0.7697,0.0
-0.47366,0.82891,0.0
-0.47366,0.88812,0.0
-0.47366,0.94733,0.0
-0.47366,1.00654,0.0
-0.47366,1.06575,0.0
-0.47366,1.12495,0.0
-0.47366,1.18416,0.0
-0.47366,1.24337,0.0
-0.47366,1.30258,0.0
-0.47366,1.36179,0.0
-0.47366,1.42099,0.0
-0.47366,1.4802,0.0
-0.47366,1.53941,0.0
-0.47366,1.59862,0.0
-0.47366,1.65783,0.0
-0.47366,1.71703,0.0
-0.47366,1.77624,0.0
-0.47366,1.83545,0.0
-0.47366,1.89466,0.0
-0.47366,1.95387,0.0
-0.47366,2.01307,0.0
-0.47366,2.07228,0.0
-0.47366,2.13149,0.0
-0.47366,2.1907,0.0
-0.47366,2.24991,0.0
-0.47366,2.30911,0.0
-0.47366,2.36832,0.0
-0.47366,2.42753,0.0
-0.47366,2.48674,0.0
-0.47366,2.54595,0.0
-0.47366,2.60515,0.0
-0.47366,2.66436,0.0
-0.47366,2.72357,0.0
-0.47366,2.78278,0.0
-0.47366,2.84199,0.0
-0.47366,2.9012,0.0
-0.47366,2.9604,0.0
-0.47366,3.01961,0.0
-0.47366,3.07882,0.0
-0.47366,3.13803,0.0
-0.47366,3.19724,0.0
-0.47366,3.25644,0.0
-0.47366,3.31565,0.0
-0.47366,3.37486,0.0
-0.47366,3.43407,0.0
-0.47366,3.49328,0.0
-0.47366,3.55248,0.0
-0.47366,3.61169,0.0
-0.47366,3.6709,0.0
-0.47366,3.73011,0.0
-0.47366,3.78932,0.0
-0.47366,3.84852,0.0
-0.47366,3.90773,0.0
-0.47366,3.96694,0.0
-0.47366,4.02615,0.0
-0.47366,4.08536,0.0
-0.47366,4.14456,0.0
-0.47366,4.20377,0.0
-0.47366,4.26298,0.0
-0.47366,4.32219,0.0
-0.47366,4.3814,0.0
-0.47366,4.4406,0.0
-0.47366,4.49981,0.0
-0.47366,4.55902,0.0
-0.47366,4.61823,0.0
-0.47366,4.67744,0.0
-0.47366,4.73665,0.0
-0.47366,4.79585,0.0
-0.47366,4.85506,0.0
-0.47366,4.91427,0.0
-0.47366,4.97348,0.0
-0.47366,5.03269,0.0
-0.47366,5.09189,0.0
-0.47366,5.1511,0.0
-0.47366,5.21031,0.0
-0.47366,5.26952,0.0
-0.47366,5.32873,0.0
-0.47366,5.38793,0.0
-0.47366,5.44714,0.0
-0.47366,5.50635,0.0
-0.47366,5.56556,0.0
-0.47366,5.62477,0.0
-0.47366,5.68397,0.0
-0.47366,5.74318,0.0
-0.41446,-5.74318,0.0
-0.41446,-5.68397,0.0
-0.41446,-5.62477,0.0
-0.41446,-5.56556,0.0
-0.41446,-5.50635,0.0
-0.41446,-5.44714,0.0
-0.41446,-5.38793,0.0
-0.41446,-5.32873,0.0
-0.41446,-5.26952,0.0
-0.41446,-5.21031,0.0
-0.41446,-5.1511,0.0
-0.41446,-5.09189,0.0
-0.41446,-5.03269,0.0
-0.41446,-4.97348,0.0
-0.41446,-4.91427,0.0
-0.41446,-4.85506,0.0
-0.41446,-4.79585,0.0
-0.41446,-4.73665,0.0
-0.41446,-4.67744,0.0
-0.41446,-4.61823,0.0
-0.41446,-4.55902,0.0
-0.41446,-4.49981,0.0
-0.41446,-4.4406,0.0
-0.41446,-4.3814,0.0
-0.41446,-4.32219,0.0
-0.41446,-4.26298,0.0
-0.41446,-4.20377,0.0
-0.41446,-4.14456,0.0
-0.41446,-4.08536,0.0
-0.41446,-4.02615,0.0
-0.41446,-3.96694,0.0
-0.41446,-3.90773,0.0
-0.41446,-3.84852,0.0
-0.41446,-3.78932,0.0
-0.41446,-3.73011,0.0
-0.41446,-3.6709,0.0
-0.41446,-3.61169,0.0
-0.41446,-3.55248,0.0
-0.41446,-3.49328,0.0
-0.41446,-3.43407,0.0
-0.41446,-3.37486,0.0
-0.41446,-3.31565,0.0
-0.41446,-3.25644,0.0
-0.41446,-3.19724,0.0
-0.41446,-3.13803,0.0
-0.41446,-3.07882,0.0
-0.41446,-3.01961,0.0
-0.41446,-2.9604,0.0
-0.41446,-2.9012,0.0
-0.41446,-2.84199,0.0
-0.41446,-2.78278,0.0
-0.41446,-2.72357,0.0
-0.41446,-2.66436,0.0
-0.41446,-2.60515,0.0
-0.41446,-2.54595,0.0
-0.41446,-2.48674,0.0
-0.41446,-2.42753,0.0
-0.41446,-2.36832,0.0
-0.41446,-2.30911,0.0
-0.41446,-2.24991,0.0
-0.41446,-2.1907,0.0
-0.41446,-2.13149,0.0
-0.41446,-2.07228,0.0
-0.41446,-2.01307,0.0
-0.41446,-1.95387,0.0
-0.41446,-1.89466,0.0
-0.41446,-1.83545,0.0
-0.41446,-1.77624,0.0
-0.41446,-1.71703,0.0
-0.41446,-1.65783,0.0
-0.41446,-1.59862,0.0
-0.41446,-1.53941,0.0
-0.41446,-1.4802,0.0
-0.41446,-1.42099,0.0
-0.41446,-1.36179,0.0
-0.41446,-1.30258,0.0
-0.41446,-1.24337,0.0
-0.41446,-1.18416,0.0
-0.41446,-1.12495,0.0
-0.41446,-1.06575,0.0
-0.41446,-1.00654,0.0
-0.41446,-0.94733,0.0
-0.41446,-0.88812,0.0
-0.41446,-0.82891,0.0
-0.41446,-0.7697,0.0
-0.41446,-0.7105,0.0
-0.41446,-0.65129,0.0
-0.41446,-0.59208,0.0
-0.41446,-0.53287,0.0
-0.41446,-0.47366,0.0
-0.41446,-0.41446,0.0
-0.41446,-0.35525,0.0
-0.41446,-0.29604,0.0
-0.41446,-0.23683,0.0
-0.41446,-0.17762,0.0
-0.41446,-0.11842,0.0
-0.41446,-0.05921,0.0
-0.41446,0,0.0
-0.41446,0.05921,0.0
-0.41446,0.11842,0.0
-0.41446,0.17762,0.0
-0.41446,0.23683,0.0
-0.41446,0.29604,0.0
-0.41446,0.35525,0.0
-0.41446,0.41446,0.0
-0.41446,0.47366,0.0
-0.41446,0.53287,0.0
-0.41446,0.59208,0.0
-0.41446,0.65129,0.0
-0.41446,0.7105,0.0
-0.41446,0.7697,0.0
-0.41446,0.82891,0.0
-0.41446,0.88812,0.0
-0.41446,0.94733,0.0
-0.41446,1.00654,0.0
-0.41446,1.06575,0.0
-0.41446,1.12495,0.0
-0.41446,1.18416,0.0
-0.41446,1.24337,0.0
-0.41446,1.30258,0.0
-0.41446,1.36179,0.0
-0.41446,1.42099,0.0
-0.41446,1.4802,0.0
-0.41446,1.53941,0.0
-0.41446,1.59862,0.0
-0.41446,1.65783,0.0
-0.41446,1.71703,0.0
-0.41446,1.77624,0.0
-0.41446,1.83545,0.0
-0.41446,1.89466,0.0
-0.41446,1.95387,0.0
-0.41446,2.01307,0.0
-0.41446,2.07228,0.0
-0.41446,2.13149,0.0
-0.41446,2.1907,0.0
-0.41446,2.24991,0.0
-0.41446,2.30911,0.0
-0.41446,2.36832,0.0
-0.41446,2.42753,0.0
-0.41446,2.48674,0.0
-0.41446,2.54595,0.0
-0.41446,2.60515,0.0
-0.41446,2.66436,0.0
-0.41446,2.72357,0.0
-0.41446,2.78278,0.0
-0.41446,2.84199,0.0
-0.41446,2.9012,0.0
-0.41446,2.9604,0.0
-0.41446,3.01961,0.0
-0.41446,3.07882,0.0
-0.41446,3.13803,0.0
-0.41446,3.19724,0.0
-0.41446,3.25644,0.0
-0.41446,3.31565,0.0
-0.41446,3.37486,0.0
-0.41446,3.43407,0.0
-0.41446,3.49328,0.0
-0.41446,3.55248,0.0
-0.41446,3.61169,0.0
-0.41446,3.6709,0.0
-0.41446,3.73011,0.0
-0.41446,3.78932,0.0
-0.41446,3.84852,0.0
-0.41446,3.90773,0.0
-0.41446,3.96694,0.0
-0.41446,4.02615,0.0
-0.41446,4.08536,0.0
-0.41446,4.14456,0.0
-0.41446,4.20377,0.0
-0.41446,4.26298,0.0
-0.41446,4.32219,0.0
-0.41446,4.3814,0.0
-0.41446,4.4406,0.0
-0.41446,4.49981,0.0
-0.41446,4.55902,0.0
-0.41446,4.61823,0.0
-0.41446,4.67744,0.0
-0.41446,4.73665,0.0
-0.41446,4.79585,0.0
-0.41446,4.85506,0.0
-0.41446,4.91427,0.0
-0.41446,4.97348,0.0
-0.41446,5.03269,0.0
-0.41446,5.09189,0.0
-0.41446,5.1511,0.0
-0.41446,5.21031,0.0
-0.41446,5.26952,0.0
-0.41446,5.32873,0.0
-0.41446,5.38793,0.0
-0.41446,5.44714,0.0
-0.41446,5.50635,0.0
-0.41446,5.56556,0.0
-0.41446,5.62477,0.0
-0.41446,5.68397,0.0
-0.41446,5.74318,0.0
-0.35525,-5.74318,0.0
-0.35525,-5.68397,0.0
-0.35525,-5.62477,0.0
-0.35525,-5.56556,0.0
-0.35525,-5.50635,0.0
-0.35525,-5.44714,0.0
-0.35525,-5.38793,0.0
-0.35525,-5.32873,0.0
-0.35525,-5.26952,0.0
-0.35525,-5.21031,0.0
-0.35525,-5.1511,0.0
-0.35525,-5.09189,0.0
-0.35525,-5.03269,0.0
-0.35525,-4.97348,0.0
-0.35525,-4.91427,0.0
-0.35525,-4.85506,0.0
-0.35525,-4.79585,0.0
-0.35525,-4.73665,0.0
-0.35525,-4.67744,0.0
-0.35525,-4.61823,0.0
-0.35525,-4.55902,0.0
-0.35525,-4.49981,0.0
-0.35525,-4.4406,0.0
-0.35525,-4.3814,0.0
-0.35525,-4.32219,0.0
-0.35525,-4.26298,0.0
-0.35525,-4.20377,0.0
-0.35525,-4.14456,0.0
-0.35525,-4.08536,0.0
-0.35525,-4.02615,0.0
-0.35525,-3.96694,0.0
-0.35525,-3.90773,0.0
-0.35525,-3.84852,0.0
-0.35525,-3.78932,0.0
-0.35525,-3.73011,0.0
-0.35525,-3.6709,0.0
-0.35525,-3.61169,0.0
-0.35525,-3.55248,0.0
-0.35525,-3.49328,0.0
-0.35525,-3.43407,0.0
-0.35525,-3.37486,0.0
-0.35525,-3.31565,0.0
-0.35525,-3.25644,0.0
-0.35525,-3.19724,0.0
-0.35525,-3.13803,0.0
-0.35525,-3.07882,0.0
-0.35525,-3.01961,0.0
-0.35525,-2.9604,0.0
-0.35525,-2.9012,0.0
-0.35525,-2.84199,0.0
-0.35525,-2.78278,0.0
-0.35525,-2.72357,0.0
-0.35525,-2.66436,0.0
-0.35525,-2.60515,0.0
-0.35525,-2.54595,0.0
-0.35525,-2.48674,0.0
-0.35525,-2.42753,0.0
-0.35525,-2.36832,0.0
-0.35525,-2.30911,0.0
-0.35525,-2.24991,0.0
-0.35525,-2.1907,0.0
-0.35525,-2.13149,0.0
-0.35525,-2.07228,0.0
-0.35525,-2.01307,0.0
-0.35525,-1.95387,0.0
-0.35525,-1.89466,0.0
-0.35525,-1.83545,0.0
-0.35525,-1.77624,0.0
-0.35525,-1.71703,0.0
-0.35525,-1.65783,0.0
-0.35525,-1.59862,0.0
-0.35525,-1.53941,0.0
-0.35525,-1.4802,0.0
-0.35525,-1.42099,0.0
-0.35525,-1.36179,0.0
-0.35525,-1.30258,0.0
-0.35525,-1.24337,0.0
-0.35525,-1.18416,0.0
-0.35525,-1.12495,0.0
-0.35525,-1.06575,0.0
-0.35525,-1.00654,0.0
-0.35525,-0.94733,0.0
-0.35525,-0.88812,0.0
-0.35525,-0.82891,0.0
-0.35525,-0.7697,0.0
-0.35525,-0.7105,0.0
-0.35525,-0.65129,0.0
-0.35525,-0.59208,0.0
-0.35525,-0.53287,0.0
-0.35525,-0.47366,0.0
-0.35525,-0.41446,0.0
-0.35525,-0.35525,0.0
-0.35525,-0.29604,0.0
-0.35525,-0.23683,0.0
-0.35525,-0.17762,0.0
-0.35525,-0.11842,0.0
-0.35525,-0.05921,0.0
-0.35525,0,0.0
-0.35525,0.05921,0.0
-0.35525,0.11842,0.0
-0.35525,0.17762,0.0
-0.35525,0.23683,0.0
-0.35525,0.29604,0.0
-0.35525,0.35525,0.0
-0.35525,0.41446,0.0
-0.35525,0.47366,0.0
-0.35525,0.53287,0.0
-0.35525,0.59208,0.0
-0.35525,0.65129,0.0
-0.35525,0.7105,0.0
-0.35525,0.7697,0.0
-0.35525,0.82891,0.0
-0.35525,0.88812,0.0
-0.35525,0.94733,0.0
-0.35525,1.00654,0.0
-0.35525,1.06575,0.0
-0.35525,1.12495,0.0
-0.35525,1.18416,0.0
-0.35525,1.24337,0.0
-0.35525,1.30258,0.0
-0.35525,1.36179,0.0
-0.35525,1.42099,0.0
-0.35525,1.4802,0.0
-0.35525,1.53941,0.0
-0.35525,1.59862,0.0
-0.35525,1.65783,0.0
-0.35525,1.71703,0.0
-0.35525,1.77624,0.0
-0.35525,1.83545,0.0
-0.35525,1.89466,0.0
-0.35525,1.95387,0.0
-0.35525,2.01307,0.0
-0.35525,2.07228,0.0
-0.35525,2.13149,0.0
-0.35525,2.1907,0.0
-0.35525,2.24991,0.0
-0.35525,2.30911,0.0
-0.35525,2.36832,0.0
-0.35525,2.42753,0.0
-0.35525,2.48674,0.0
-0.35525,2.54595,0.0
-0.35525,2.60515,0.0
-0.35525,2.66436,0.0
-0.35525,2.72357,0.0
-0.35525,2.78278,0.0
-0.35525,2.84199,0.0
-0.35525,2.9012,0.0
-0.35525,2.9604,0.0
-0.35525,3.01961,0.0
-0.35525,3.07882,0.0
-0.35525,3.13803,0.0
-0.35525,3.19724,0.0
-0.35525,3.25644,0.0
-0.35525,3.31565,0.0
-0.35525,3.37486,0.0
-0.35525,3.43407,0.0
-0.35525,3.49328,0.0
-0.35525,3.55248,0.0
-0.35525,3.61169,0.0
-0.35525,3.6709,0.0
-0.35525,3.73011,0.0
-0.35525,3.78932,0.0
-0.35525,3.84852,0.0
-0.35525,3.90773,0.0
-0.35525,3.96694,0.0
-0.35525,4.02615,0.0
-0.35525,4.08536,0.0
-0.35525,4.14456,0.0
-0.35525,4.20377,0.0
-0.35525,4.26298,0.0
-0.35525,4.32219,0.0
-0.35525,4.3814,0.0
-0.35525,4.4406,0.0
-0.35525,4.49981,0.0
-0.35525,4.55902,0.0
-0.35525,4.61823,0.0
-0.35525,4.67744,0.0
-0.35525,4.73665,0.0
-0.35525,4.79585,0.0
-0.35525,4.85506,0.0
-0.35525,4.91427,0.0
-0.35525,4.97348,0.0
-0.35525,5.03269,0.0
-0.35525,5.09189,0.0
-0.35525,5.1511,0.0
-0.35525,5.21031,0.0
-0.35525,5.26952,0.0
-0.35525,5.32873,0.0
-0.35525,5.38793,0.0
-0.35525,5.44714,0.0
-0.35525,5.50635,0.0
-0.35525,5.56556,0.0
-0.35525,5.62477,0.0
-0.35525,5.68397,0.0
-0.35525,5.74318,0.0
-0.29604,-5.74318,0.0
-0.29604,-5.68397,0.0
-0.29604,-5.62477,0.0
-0.29604,-5.56556,0.0
-0.29604,-5.50635,0.0
-0.29604,-5.44714,0.0
-0.29604,-5.38793,0.0
-0.29604,-5.32873,0.0
-0.29604,-5.26952,0.0
-0.29604,-5.21031,0.0
-0.29604,-5.1511,0.0
-0.29604,-5.09189,0.0
-0.29604,-5.03269,0.0
-0.29604,-4.97348,0.0
-0.29604,-4.91427,0.0
-0.29604,-4.85506,0.0
-0.29604,-4.79585,0.0
-0.29604,-4.73665,0.0
-0.29604,-4.67744,0.0
-0.29604,-4.61823,0.0
-0.29604,-4.55902,0.0
-0.29604,-4.49981,0.0
-0.29604,-4.4406,0.0
-0.29604,-4.3814,0.0
-0.29604,-4.32219,0.0
-0.29604,-4.26298,0.0
-0.29604,-4.20377,0.0
-0.29604,-4.14456,0.0
-0.29604,-4.08536,0.0
-0.29604,-4.02615,0.0
-0.29604,-3.96694,0.0
-0.29604,-3.90773,0.0
-0.29604,-3.84852,0.0
-0.29604,-3.78932,0.0
-0.29604,-3.73011,0.0
-0.29604,-3.6709,0.0
-0.29604,-3.61169,0.0
-0.29604,-3.55248,0.0
-0.29604,-3.49328,0.0
-0.29604,-3.43407,0.0
-0.29604,-3.37486,0.0
-0.29604,-3.31565,0.0
-0.29604,-3.25644,0.0
-0.29604,-3.19724,0.0
-0.29604,-3.13803,0.0
-0.29604,-3.07882,0.0
-0.29604,-3.01961,0.0
-0.29604,-2.9604,0.0
-0.29604,-2.9012,0.0
-0.29604,-2.84199,0.0
-0.29604,-2.78278,0.0
-0.29604,-2.72357,0.0
-0.29604,-2.66436,0.0
-0.29604,-2.60515,0.0
-0.29604,-2.54595,0.0
-0.29604,-2.48674,0.0
-0.29604,-2.42753,0.0
-0.29604,-2.36832,0.0
-0.29604,-2.30911,0.0
-0.29604,-2.24991,0.0
-0.29604,-2.1907,0.0
-0.29604,-2.13149,0.0
-0.29604,-2.07228,0.0
-0.29604,-2.01307,0.0
-0.29604,-1.95387,0.0
-0.29604,-1.89466,0.0
-0.29604,-1.83545,0.0
-0.29604,-1.77624,0.0
-0.29604,-1.71703,0.0
-0.29604,-1.65783,0.0
-0.29604,-1.59862,0.0
-0.29604,-1.53941,0.0
-0.29604,-1.4802,0.0
-0.29604,-1.42099,0.0
-0.29604,-1.36179,0.0
-0.29604,-1.30258,0.0
-0.29604,-1.24337,0.0
-0.29604,-1.18416,0.0
-0.29604,-1.12495,0.0
-0.29604,-1.06575,0.0
-0.29604,-1.00654,0.0
-0.29604,-0.94733,0.0
-0.29604,-0.88812,0.0
-0.29604,-0.82891,0.0
-0.29604,-0.7697,0.0
-0.29604,-0.7105,0.0
-0.29604,-0.65129,0.0
-0.29604,-0.59208,0.0
-0.29604,-0.53287,0.0
-0.29604,-0.47366,0.0
-0.29604,-0.41446,0.0
-0.29604,-0.35525,0.0
-0.29604,-0.29604,0.0
-0.29604,-0.23683,0.0
-0.29604,-0.17762,0.0
-0.29604,-0.11842,0.0
-0.29604,-0.05921,0.0
-0.29604,0,0.0
-0.29604,0.05921,0.0
-0.29604,0.11842,0.0
-0.29604,0.17762,0.0
-0.29604,0.23683,0.0
-0.29604,0.29604,0.0
-0.29604,0.35525,0.0
-0.29604,0.41446,0.0
-0.29604,0.47366,0.0
-0.29604,0.53287,0.0
-0.29604,0.59208,0.0
-0.29604,0.65129,0.0
-0.29604,0.7105,0.0
-0.29604,0.7697,0.0
-0.29604,0.82891,0.0
-0.29604,0.88812,0.0
-0.29604,0.94733,0.0
-0.29604,1.00654,0.0
-0.29604,1.06575,0.0
-0.29604,1.12495,0.0
-0.29604,1.18416,0.0
-0.29604,1.24337,0.0
-0.29604,1.30258,0.0
-0.29604,1.36179,0.0
-0.29604,1.42099,0.0
-0.29604,1.4802,0.0
-0.29604,1.53941,0.0
-0.29604,1.59862,0.0
-0.29604,1.65783,0.0
-0.29604,1.71703,0.0
-0.29604,1.77624,0.0
-0.29604,1.83545,0.0
-0.29604,1.89466,0.0
-0.29604,1.95387,0.0
-0.29604,2.01307,0.0
-0.29604,2.07228,0.0
-0.29604,2.13149,0.0
-0.29604,2.1907,0.0
-0.29604,2.24991,0.0
-0.29604,2.30911,0.0
-0.29604,2.36832,0.0
-0.29604,2.42753,0.0
-0.29604,2.48674,0.0
-0.29604,2.54595,0.0
-0.29604,2.60515,0.0
-0.29604,2.66436,0.0
-0.29604,2.72357,0.0
-0.29604,2.78278,0.0
-0.29604,2.84199,0.0
-0.29604,2.9012,0.0
-0.29604,2.9604,0.0
-0.29604,3.01961,0.0
-0.29604,3.07882,0.0
-0.29604,3.13803,0.0
-0.29604,3.19724,0.0
-0.29604,3.25644,0.0
-0.29604,3.31565,0.0
-0.29604,3.37486,0.0
-0.29604,3.43407,0.0
-0.29604,3.49328,0.0
-0.29604,3.55248,0.0
-0.29604,3.61169,0.0
-0.29604,3.6709,0.0
-0.29604,3.73011,0.0
-0.29604,3.78932,0.0
-0.29604,3.84852,0.0
-0.29604,3.90773,0.0
-0.29604,3.96694,0.0
-0.29604,4.02615,0.0
-0.29604,4.08536,0.0
-0.29604,4.14456,0.0
-0.29604,4.20377,0.0
-0.29604,4.26298,0.0
-0.29604,4.32219,0.0
-0.29604,4.3814,0.0
-0.29604,4.4406,0.0
-0.29604,4.49981,0.0
-0.29604,4.55902,0.0
-0.29604,4.61823,0.0
-0.29604,4.67744,0.0
-0.29604,4.73665,0.0
-0.29604,4.79585,0.0
-0.29604,4.85506,0.0
-0.29604,4.91427,0.0
-0.29604,4.97348,0.0
-0.29604,5.03269,0.0
-0.29604,5.09189,0.0
-0.29604,5.1511,0.0
-0.29604,5.21031,0.0
-0.29604,5.26952,0.0
-0.29604,5.32873,0.0
-0.29604,5.38793,0.0
-0.29604,5.44714,0.0
-0.29604,5.50635,0.0
-0.29604,5.56556,0.0
-0.29604,5.62477,0.0
-0.29604,5.68397,0.0
-0.29604,5.74318,0.0
-0.23683,-5.74318,0.0
-0.23683,-5.68397,0.0
-0.23683,-5.62477,0.0
-0.23683,-5.56556,0.0
-0.23683,-5.50635,0.0
-0.23683,-5.44714,0.0
-0.23683,-5.38793,0.0
-0.23683,-5.32873,0.0
-0.23683,-5.26952,0.0
-0.23683,-5.21031,0.0
-0.23683,-5.1511,0.0
-0.23683,-5.09189,0.0
-0.23683,-5.03269,0.0
-0.23683,-4.97348,0.0
-0.23683,-4.91427,0.0
-0.23683,-4.85506,0.0
-0.23683,-4.79585,0.0
-0.23683,-4.73665,0.0
-0.23683,-4.67744,0.0
-0.23683,-4.61823,0.0
-0.23683,-4.55902,0.0
-0.23683,-4.49981,0.0
-0.23683,-4.4406,0.0
-0.23683,-4.3814,0.0
-0.23683,-4.32219,0.0
-0.23683,-4.26298,0.0
-0.23683,-4.20377,0.0
-0.23683,-4.14456,0.0
-0.23683,-4.08536,0.0
-0.23683,-4.02615,0.0
-0.23683,-3.96694,0.0
-0.23683,-3.90773,0.0
-0.23683,-3.84852,0.0
-0.23683,-3.78932,0.0
-0.23683,-3.73011,0.0
-0.23683,-3.6709,0.0
-0.23683,-3.61169,0.0
-0.23683,-3.55248,0.0
-0.23683,-3.49328,0.0
-0.23683,-3.43407,0.0
-0.23683,-3.37486,0.0
-0.23683,-3.31565,0.0
-0.23683,-3.25644,0.0
-0.23683,-3.19724,0.0
-0.23683,-3.13803,0.0
-0.23683,-3.07882,0.0
-0.23683,-3.01961,0.0
-0.23683,-2.9604,0.0
-0.23683,-2.9012,0.0
-0.23683,-2.84199,0.0
-0.23683,-2.78278,0.0
-0.23683,-2.72357,0.0
-0.23683,-2.66436,0.0
-0.23683,-2.60515,0.0
-0.23683,-2.54595,0.0
-0.23683,-2.48674,0.0
-0.23683,-2.42753,0.0
-0.23683,-2.36832,0.0
-0.23683,-2.30911,0.0
-0.23683,-2.24991,0.0
-0.23683,-2.1907,0.0
-0.23683,-2.13149,0.0
-0.23683,-2.07228,0.0
-0.23683,-2.01307,0.0
-0.23683,-1.95387,0.0
-0.23683,-1.89466,0.0
-0.23683,-1.83545,0.0
-0.23683,-1.77624,0.0
-0.23683,-1.71703,0.0
-0.23683,-1.65783,0.0
-0.23683,-1.59862,0.0
-0.23683,-1.53941,0.0
-0.23683,-1.4802,0.0
-0.23683,-1.42099,0.0
-0.23683,-1.36179,0.0
-0.23683,-1.30258,0.0
-0.23683,-1.24337,0.0
-0.23683,-1.18416,0.0
-0.23683,-1.12495,0.0
-0.23683,-1.06575,0.0
-0.23683,-1.00654,0.0
-0.23683,-0.94733,0.0
-0.23683,-0.88812,0.0
-0.23683,-0.82891,0.0
-0.23683,-0.7697,0.0
-0.23683,-0.7105,0.0
-0.23683,-0.65129,0.0
-0.23683,-0.59208,0.0
-0.23683,-0.53287,0.0
-0.23683,-0.47366,0.0
-0.23683,-0.41446,0.0
-0.23683,-0.35525,0.0
-0.23683,-0.29604,0.0
-0.23683,-0.23683,0.0
-0.23683,-0.17762,0.0
-0.23683,-0.11842,0.0
-0.23683,-0.05921,0.0
-0.23683,0,0.0
-0.23683,0.05921,0.0
-0.23683,0.11842,0.0
-0.23683,0.17762,0.0
-0.23683,0.23683,0.0
-0.23683,0.29604,0.0
-0.23683,0.35525,0.0
-0.23683,0.41446,0.0
-0.23683,0.47366,0.0
-0.23683,0.53287,0.0
-0.23683,0.59208,0.0
-0.23683,0.65129,0.0
-0.23683,0.7105,0.0
-0.23683,0.7697,0.0
-0.23683,0.82891,0.0
-0.23683,0.88812,0.0
-0.23683,0.94733,0.0
-0.23683,1.00654,0.0
-0.23683,1.06575,0.0
-0.23683,1.12495,0.0
-0.23683,1.18416,0.0
-0.23683,1.24337,0.0
-0.23683,1.30258,0.0
-0.23683,1.36179,0.0
-0.23683,1.42099,0.0
-0.23683,1.4802,0.0
-0.23683,1.53941,0.0
-0.23683,1.59862,0.0
-0.23683,1.65783,0.0
-0.23683,1.71703,0.0
-0.23683,1.77624,0.0
-0.23683,1.83545,0.0
-0.23683,1.89466,0.0
-0.23683,1.95387,0.0
-0.23683,2.01307,0.0
-0.23683,2.07228,0.0
-0.23683,2.13149,0.0
-0.23683,2.1907,0.0
-0.23683,2.24991,0.0
-0.23683,2.30911,0.0
-0.23683,2.36832,0.0
-0.23683,2.42753,0.0
-0.23683,2.48674,0.0
-0.23683,2.54595,0.0
-0.23683,2.60515,0.0
-0.23683,2.66436,0.0
-0.23683,2.72357,0.0
-0.23683,2.78278,0.0
-0.23683,2.84199,0.0
-0.23683,2.9012,0.0
-0.23683,2.9604,0.0
-0.23683,3.01961,0.0
-0.23683,3.07882,0.0
-0.23683,3.13803,0.0
-0.23683,3.19724,0.0
-0.23683,3.25644,0.0
-0.23683,3.31565,0.0
-0.23683,3.37486,0.0
-0.23683,3.43407,0.0
-0.23683,3.49328,0.0
-0.23683,3.55248,0.0
-0.23683,3.61169,0.0
-0.23683,3.6709,0.0
-0.23683,3.73011,0.0
-0.23683,3.78932,0.0
-0.23683,3.84852,0.0
-0.23683,3.90773,0.0
-0.23683,3.96694,0.0
-0.23683,4.02615,0.0
-0.23683,4.08536,0.0
-0.23683,4.14456,0.0
-0.23683,4.20377,0.0
-0.23683,4.26298,0.0
-0.23683,4.32219,0.0
-0.23683,4.3814,0.0
-0.23683,4.4406,0.0
-0.23683,4.49981,0.0
-0.23683,4.55902,0.0
-0.23683,4.61823,0.0
-0.23683,4.67744,0.0
-0.23683,4.73665,0.0
-0.23683,4.79585,0.0
-0.23683,4.85506,0.0
-0.23683,4.91427,0.0
-0.23683,4.97348,0.0
-0.23683,5.03269,0.0
-0.23683,5.09189,0.0
-0.23683,5.1511,0.0
-0.23683,5.21031,0.0
-0.23683,5.26952,0.0
-0.23683,5.32873,0.0
-0.23683,5.38793,0.0
-0.23683,5.44714,0.0
-0.23683,5.50635,0.0
-0.23683,5.56556,0.0
-0.23683,5.62477,0.0
-0.23683,5.68397,0.0
-0.23683,5.74318,0.0
-0.17762,-5.74318,0.0
-0.17762,-5.68397,0.0
-0.17762,-5.62477,0.0
-0.17762,-5.56556,0.0
-0.17762,-5.50635,0.0
-0.17762,-5.44714,0.0
-0.17762,-5.38793,0.0
-0.17762,-5.32873,0.0
-0.17762,-5.26952,0.0
-0.17762,-5.21031,0.0
-0.17762,-5.1511,0.0
-0.17762,-5.09189,0.0
-0.17762,-5.03269,0.0
-0.17762,-4.97348,0.0
-0.17762,-4.91427,0.0
-0.17762,-4.85506,0.0
-0.17762,-4.79585,0.0
-0.17762,-4.73665,0.0
-0.17762,-4.67744,0.0
-0.17762,-4.61823,0.0
-0.17762,-4.55902,0.0
-0.17762,-4.49981,0.0
-0.17762,-4.4406,0.0
-0.17762,-4.3814,0.0
-0.17762,-4.32219,0.0
-0.17762,-4.26298,0.0
-0.17762,-4.20377,0.0
-0.17762,-4.14456,0.0
-0.17762,-4.08536,0.0
-0.17762,-4.02615,0.0
-0.17762,-3.96694,0.0
-0.17762,-3.90773,0.0
-0.17762,-3.84852,0.0
-0.17762,-3.78932,0.0
-0.17762,-3.73011,0.0
-0.17762,-3.6709,0.0
-0.17762,-3.61169,0.0
-0.17762,-3.55248,0.0
-0.17762,-3.49328,0.0
-0.17762,-3.43407,0.0
-0.17762,-3.37486,0.0
-0.17762,-3.31565,0.0
-0.17762,-3.25644,0.0
-0.17762,-3.19724,0.0
-0.17762,-3.13803,0.0
-0.17762,-3.07882,0.0
-0.17762,-3.01961,0.0
-0.17762,-2.9604,0.0
-0.17762,-2.9012,0.0
-0.17762,-2.84199,0.0
-0.17762,-2.78278,0.0
-0.17762,-2.72357,0.0
-0.17762,-2.66436,0.0
-0.17762,-2.60515,0.0
-0.17762,-2.54595,0.0
-0.17762,-2.48674,0.0
-0.17762,-2.42753,0.0
-0.17762,-2.36832,0.0
-0.17762,-2.30911,0.0
-0.17762,-2.24991,0.0
-0.17762,-2.1907,0.0
-0.17762,-2.13149,0.0
-0.17762,-2.07228,0.0
-0.17762,-2.01307,0.0
-0.17762,-1.95387,0.0
-0.17762,-1.89466,0.0
-0.17762,-1.83545,0.0
-0.17762,-1.77624,0.0
-0.17762,-1.71703,0.0
-0.17762,-1.65783,0.0
-0.17762,-1.59862,0.0
-0.17762,-1.53941,0.0
-0.17762,-1.4802,0.0
-0.17762,-1.42099,0.0
-0.17762,-1.36179,0.0
-0.17762,-1.30258,0.0
-0.17762,-1.24337,0.0
-0.17762,-1.18416,0.0
-0.17762,-1.12495,0.0
-0.17762,-1.06575,0.0
-0.17762,-1.00654,0.0
-0.17762,-0.94733,0.0
-0.17762,-0.88812,0.0
-0.17762,-0.82891,0.0
-0.17762,-0.7697,0.0
-0.17762,-0.7105,0.0
-0.17762,-0.65129,0.0
-0.17762,-0.59208,0.0
-0.17762,-0.53287,0.0
-0.17762,-0.47366,0.0
-0.17762,-0.41446,0.0
-0.17762,-0.35525,0.0
-0.17762,-0.29604,0.0
-0.17762,-0.23683,0.0
-0.17762,-0.17762,0.0
-0.17762,-0.11842,0.0
-0.17762,-0.05921,0.0
-0.17762,0,0.0
-0.17762,0.05921,0.0
-0.17762,0.11842,0.0
-0.17762,0.17762,0.0
-0.17762,0.23683,0.0
-0.17762,0.29604,0.0
-0.17762,0.35525,0.0
-0.17762,0.41446,0.0
-0.17762,0.47366,0.0
-0.17762,0.53287,0.0
-0.17762,0.59208,0.0
-0.17762,0.65129,0.0
-0.17762,0.7105,0.0
-0.17762,0.7697,0.0
-0.17762,0.82891,0.0
-0.17762,0.88812,0.0
-0.17762,0.94733,0.0
-0.17762,1.00654,0.0
-0.17762,1.06575,0.0
-0.17762,1.12495,0.0
-0.17762,1.18416,0.0
-0.17762,1.24337,0.0
-0.17762,1.30258,0.0
-0.17762,1.36179,0.0
-0.17762,1.42099,0.0
-0.17762,1.4802,0.0
-0.17762,1.53941,0.0
-0.17762,1.59862,0.0
-0.17762,1.65783,0.0
-0.17762,1.71703,0.0
-0.17762,1.77624,0.0
-0.17762,1.83545,0.0
-0.17762,1.89466,0.0
-0.17762,1.95387,0.0
-0.17762,2.01307,0.0
-0.17762,2.07228,0.0
-0.17762,2.13149,0.0
-0.17762,2.1907,0.0
-0.17762,2.24991,0.0
-0.17762,2.30911,0.0
-0.17762,2.36832,0.0
-0.17762,2.42753,0.0
-0.17762,2.48674,0.0
-0.17762,2.54595,0.0
-0.17762,2.60515,0.0
-0.17762,2.66436,0.0
-0.17762,2.72357,0.0
-0.17762,2.78278,0.0
-0.17762,2.84199,0.0
-0.17762,2.9012,0.0
-0.17762,2.9604,0.0
-0.17762,3.01961,0.0
-0.17762,3.07882,0.0
-0.17762,3.13803,0.0
-0.17762,3.19724,0.0
-0.17762,3.25644,0.0
-0.17762,3.31565,0.0
-0.17762,3.37486,0.0
-0.17762,3.43407,0.0
-0.17762,3.49328,0.0
-0.17762,3.55248,0.0
-0.17762,3.61169,0.0
-0.17762,3.6709,0.0
-0.17762,3.73011,0.0
-0.17762,3.78932,0.0
-0.17762,3.84852,0.0
-0.17762,3.90773,0.0
-0.17762,3.96694,0.0
-0.17762,4.02615,0.0
-0.17762,4.08536,0.0
-0.17762,4.14456,0.0
-0.17762,4.20377,0.0
-0.17762,4.26298,0.0
-0.17762,4.32219,0.0
-0.17762,4.3814,0.0
-0.17762,4.4406,0.0
-0.17762,4.49981,0.0
-0.17762,4.55902,0.0
-0.17762,4.61823,0.0
-0.17762,4.67744,0.0
-0.17762,4.73665,0.0
-0.17762,4.79585,0.0
-0.17762,4.85506,0.0
-0.17762,4.91427,0.0
-0.17762,4.97348,0.0
-0.17762,5.03269,0.0
-0.17762,5.09189,0.0
-0.17762,5.1511,0.0
-0.17762,5.21031,0.0
-0.17762,5.26952,0.0
-0.17762,5.32873,0.0
-0.17762,5.38793,0.0
-0.17762,5.44714,0.0
-0.17762,5.50635,0.0
-0.17762,5.56556,0.0
-0.17762,5.62477,0.0
-0.17762,5.68397,0.0
-0.17762,5.74318,0.0
-0.11842,-5.74318,0.0
-0.11842,-5.68397,0.0
-0.11842,-5.62477,0.0
-0.11842,-5.56556,0.0
-0.11842,-5.50635,0.0
-0.11842,-5.44714,0.0
-0.11842,-5.38793,0.0
-0.11842,-5.32873,0.0
-0.11842,-5.26952,0.0
-0.11842,-5.21031,0.0
-0.11842,-5.1511,0.0
-0.11842,-5.09189,0.0
-0.11842,-5.03269,0.0
-0.11842,-4.97348,0.0
-0.11842,-4.91427,0.0
-0.11842,-4.85506,0.0
-0.11842,-4.79585,0.0
-0.11842,-4.73665,0.0
-0.11842,-4.67744,0.0
-0.11842,-4.61823,0.0
-0.11842,-4.55902,0.0
-0.11842,-4.49981,0.0
-0.11842,-4.4406,0.0
-0.11842,-4.3814,0.0
-0.11842,-4.32219,0.0
-0.11842,-4.26298,0.0
-0.11842,-4.20377,0.0
-0.11842,-4.14456,0.0
-0.11842,-4.08536,0.0
-0.11842,-4.02615,0.0
-0.11842,-3.96694,0.0
-0.11842,-3.90773,0.0
-0.11842,-3.84852,0.0
-0.11842,-3.78932,0.0
-0.11842,-3.73011,0.0
-0.11842,-3.6709,0.0
-0.11842,-3.61169,0.0
-0.11842,-3.55248,0.0
-0.11842,-3.49328,0.0
-0.11842,-3.43407,0.0
-0.11842,-3.37486,0.0
-0.11842,-3.31565,0.0
-0.11842,-3.25644,0.0
-0.11842,-3.19724,0.0
-0.11842,-3.13803,0.0
-0.11842,-3.07882,0.0
-0.11842,-3.01961,0.0
-0.11842,-2.9604,0.0
-0.11842,-2.9012,0.0
-0.11842,-2.84199,0.0
-0.11842,-2.78278,0.0
-0.11842,-2.72357,0.0
-0.11842,-2.66436,0.0
-0.11842,-2.60515,0.0
-0.11842,-2.54595,0.0
-0.11842,-2.48674,0.0
-0.11842,-2.42753,0.0
-0.11842,-2.36832,0.0
-0.11842,-2.30911,0.0
-0.11842,-2.24991,0.0
-0.11842,-2.1907,0.0
-0.11842,-2.13149,0.0
-0.11842,-2.07228,0.0
-0.11842,-2.01307,0.0
-0.11842,-1.95387,0.0
-0.11842,-1.89466,0.0
-0.11842,-1.83545,0.0
-0.11842,-1.77624,0.0
-0.11842,-1.71703,0.0
-0.11842,-1.65783,0.0
-0.11842,-1.59862,0.0
-0.11842,-1.53941,0.0
-0.11842,-1.4802,0.0
-0.11842,-1.42099,0.0
-0.11842,-1.36179,0.0
-0.11842,-1.30258,0.0
-0.11842,-1.24337,0.0
-0.11842,-1.18416,0.0
-0.11842,-1.12495,0.0
-0.11842,-1.06575,0.0
-0.11842,-1.00654,0.0
-0.11842,-0.94733,0.0
-0.11842,-0.88812,0.0
-0.11842,-0.82891,0.0
-0.11842,-0.7697,0.0
-0.11842,-0.7105,0.0
-0.11842,-0.65129,0.0
-0.11842,-0.59208,0.0
-0.11842,-0.53287,0.0
-0.11842,-0.47366,0.0
-0.11842,-0.41446,0.0
-0.11842,-0.35525,0.0
-0.11842,-0.29604,0.0
-0.11842,-0.23683,0.0
-0.11842,-0.17762,0.0
-0.11842,-0.11842,0.0
-0.11842,-0.05921,0.0
-0.11842,0,0.0
-0.11842,0.05921,0.0
-0.11842,0.11842,0.0
-0.11842,0.17762,0.0
-0.11842,0.23683,0.0
-0.11842,0.29604,0.0
-0.11842,0.35525,0.0
-0.11842,0.41446,0.0
-0.11842,0.47366,0.0
-0.11842,0.53287,0.0
-0.11842,0.59208,0.0
-0.11842,0.65129,0.0
-0.11842,0.7105,0.0
-0.11842,0.7697,0.0
-0.11842,0.82891,0.0
-0.11842,0.88812,0.0
-0.11842,0.94733,0.0
-0.11842,1.00654,0.0
-0.11842,1.06575,0.0
-0.11842,1.12495,0.0
-0.11842,1.18416,0.0
-0.11842,1.24337,0.0
-0.11842,1.30258,0.0
-0.11842,1.36179,0.0
-0.11842,1.42099,0.0
-0.11842,1.4802,0.0
-0.11842,1.53941,0.0
-0.11842,1.59862,0.0
-0.11842,1.65783,0.0
-0.11842,1.71703,0.0
-0.11842,1.77624,0.0
-0.11842,1.83545,0.0
-0.11842,1.89466,0.0
-0.11842,1.95387,0.0
-0.11842,2.01307,0.0
-0.11842,2.07228,0.0
-0.11842,2.13149,0.0
-0.11842,2.1907,0.0
-0.11842,2.24991,0.0
-0.11842,2.30911,0.0
-0.11842,2.36832,0.0
-0.11842,2.42753,0.0
-0.11842,2.48674,0.0
-0.11842,2.54595,0.0
-0.11842,2.60515,0.0
-0.11842,2.66436,0.0
-0.11842,2.72357,0.0
-0.11842,2.78278,0.0
-0.11842,2.84199,0.0
-0.11842,2.9012,0.0
-0.11842,2.9604,0.0
-0.11842,3.01961,0.0
-0.11842,3.07882,0.0
-0.11842,3.13803,0.0
-0.11842,3.19724,0.0
-0.11842,3.25644,0.0
-0.11842,3.31565,0.0
-0.11842,3.37486,0.0
-0.11842,3.43407,0.0
-0.11842,3.49328,0.0
-0.11842,3.55248,0.0
-0.11842,3.61169,0.0
-0.11842,3.6709,0.0
-0.11842,3.73011,0.0
-0.11842,3.78932,0.0
-0.11842,3.84852,0.0
-0.11842,3.90773,0.0
-0.11842,3.96694,0.0
-0.11842,4.02615,0.0
-0.11842,4.08536,0.0
-0.11842,4.14456,0.0
-0.11842,4.20377,0.0
-0.11842,4.26298,0.0
-0.11842,4.32219,0.0
-0.11842,4.3814,0.0
-0.11842,4.4406,0.0
-0.11842,4.49981,0.0
-0.11842,4.55902,0.0
-0.11842,4.61823,0.0
-0.11842,4.67744,0.0
-0.11842,4.73665,0.0
-0.11842,4.79585,0.0
-0.11842,4.85506,0.0
-0.11842,4.91427,0.0
-0.11842,4.97348,0.0
-0.11842,5.03269,0.0
-0.11842,5.09189,0.0
-0.11842,5.1511,0.0
-0.11842,5.21031,0.0
-0.11842,5.26952,0.0
-0.11842,5.32873,0.0
-0.11842,5.38793,0.0
-0.11842,5.44714,0.0
-0.11842,5.50635,0.0
-0.11842,5.56556,0.0
-0.11842,5.62477,0.0
-0.11842,5.68397,0.0
-0.11842,5.74318,0.0
-0.05921,-5.74318,0.0
-0.05921,-5.68397,0.0
-0.05921,-5.62477,0.0
-0.05921,-5.56556,0.0
-0.05921,-5.50635,0.0
-0.05921,-5.44714,0.0
-0.05921,-5.38793,0.0
-0.05921,-5.32873,0.0
-0.05921,-5.26952,0.0
-0.05921,-5.21031,0.0
-0.05921,-5.1511,0.0
-0.05921,-5.09189,0.0
-0.05921,-5.03269,0.0
-0.05921,-4.97348,0.0
-0.05921,-4.91427,0.0
-0.05921,-4.85506,0.0
-0.05921,-4.79585,0.0
-0.05921,-4.73665,0.0
-0.05921,-4.67744,0.0
-0.05921,-4.61823,0.0
-0.05921,-4.55902,0.0
-0.05921,-4.49981,0.0
-0.05921,-4.4406,0.0
-0.05921,-4.3814,0.0
-0.05921,-4.32219,0.0
-0.05921,-4.26298,0.0
-0.05921,-4.20377,0.0
-0.05921,-4.14456,0.0
-0.05921,-4.08536,0.0
-0.05921,-4.02615,0.0
-0.05921,-3.96694,0.0
-0.05921,-3.90773,0.0
-0.05921,-3.84852,0.0
-0.05921,-3.78932,0.0
-0.05921,-3.73011,0.0
-0.05921,-3.6709,0.0
-0.05921,-3.61169,0.0
-0.05921,-3.55248,0.0
-0.05921,-3.49328,0.0
-0.05921,-3.43407,0.0
-0.05921,-3.37486,0.0
-0.05921,-3.31565,0.0
-0.05921,-3.25644,0.0
-0.05921,-3.19724,0.0
-0.05921,-3.13803,0.0
-0.05921,-3.07882,0.0
-0.05921,-3.01961,0.0
-0.05921,-2.9604,0.0
-0.05921,-2.9012,0.0
-0.05921,-2.84199,0.0
-0.05921,-2.78278,0.0
-0.05921,-2.72357,0.0
-0.05921,-2.66436,0.0
-0.05921,-2.60515,0.0
-0.05921,-2.54595,0.0
-0.05921,-2.48674,0.0
-0.05921,-2.42753,0.0
-0.05921,-2.36832,0.0
-0.05921,-2.30911,0.0
-0.05921,-2.24991,0.0
-0.05921,-2.1907,0.0
-0.05921,-2.13149,0.0
-0.05921,-2.07228,0.0
-0.05921,-2.01307,0.0
-0.05921,-1.95387,0.0
-0.05921,-1.89466,0.0
-0.05921,-1.83545,0.0
-0.05921,-1.77624,0.0
-0.05921,-1.71703,0.0
-0.05921,-1.65783,0.0
-0.05921,-1.59862,0.0
-0.05921,-1.53941,0.0
-0.05921,-1.4802,0.0
-0.05921,-1.42099,0.0
-0.05921,-1.36179,0.0
-0.05921,-1.30258,0.0
-0.05921,-1.24337,0.0
-0.05921,-1.18416,0.0
-0.05921,-1.12495,0.0
-0.05921,-1.06575,0.0
-0.05921,-1.00654,0.0
-0.05921,-0.94733,0.0
-0.05921,-0.88812,0.0
-0.05921,-0.82891,0.0
-0.05921,-0.7697,0.0
-0.05921,-0.7105,0.0
-0.05921,-0.65129,0.0
-0.05921,-0.59208,0.0
-0.05921,-0.53287,0.0
-0.05921,-0.47366,0.0
-0.05921,-0.41446,0.0
-0.05921,-0.35525,0.0
-0.05921,-0.29604,0.0
-0.05921,-0.23683,0.0
-0.05921,-0.17762,0.0
-0.05921,-0.11842,0.0
-0.05921,-0.05921,0.0
-0.05921,0,0.0
-0.05921,0.05921,0.0
-0.05921,0.11842,0.0
-0.05921,0.17762,0.0
-0.05921,0.23683,0.0
-0.05921,0.29604,0.0
-0.05921,0.35525,0.0
-0.05921,0.41446,0.0
-0.05921,0.47366,0.0
-0.05921,0.53287,0.0
-0.05921,0.59208,0.0
-0.05921,0.65129,0.0
-0.05921,0.7105,0.0
-0.05921,0.7697,0.0
-0.05921,0.82891,0.0
-0.05921,0.88812,0.0
-0.05921,0.94733,0.0
-0.05921,1.00654,0.0
-0.05921,1.06575,0.0
-0.05921,1.12495,0.0
-0.05921,1.18416,0.0
-0.05921,1.24337,0.0
-0.05921,1.30258,0.0
-0.05921,1.36179,0.0
-0.05921,1.42099,0.0
-0.05921,1.4802,0.0
-0.05921,1.53941,0.0
-0.05921,1.59862,0.0
-0.05921,1.65783,0.0
-0.05921,1.71703,0.0
-0.05921,1.77624,0.0
-0.05921,1.83545,0.0
-0.05921,1.89466,0.0
-0.05921,1.95387,0.0
-0.05921,2.01307,0.0
-0.05921,2.07228,0.0
-0.05921,2.13149,0.0
-0.05921,2.1907,0.0
-0.05921,2.24991,0.0
-0.05921,2.30911,0.0
-0.05921,2.36832,0.0
-0.05921,2.42753,0.0
-0.05921,2.48674,0.0
-0.05921,2.54595,0.0
-0.05921,2.60515,0.0
-0.05921,2.66436,0.0
-0.05921,2.72357,0.0
-0.05921,2.78278,0.0
-0.05921,2.84199,0.0
-0.05921,2.9012,0.0
-0.05921,2.9604,0.0
-0.05921,3.01961,0.0
-0.05921,3.07882,0.0
-0.05921,3.13803,0.0
-0.05921,3.19724,0.0
-0.05921,3.25644,0.0
-0.05921,3.31565,0.0
-0.05921,3.37486,0.0
-0.05921,3.43407,0.0
-0.05921,3.49328,0.0
-0.05921,3.55248,0.0
-0.05921,3.61169,0.0
-0.05921,3.6709,0.0
-0.05921,3.73011,0.0
-0.05921,3.78932,0.0
-0.05921,3.84852,0.0
-0.05921,3.90773,0.0
-0.05921,3.96694,0.0
-0.05921,4.02615,0.0
-0.05921,4.08536,0.0
-0.05921,4.14456,0.0
-0.05921,4.20377,0.0
-0.05921,4.26298,0.0
-0.05921,4.32219,0.0
-0.05921,4.3814,0.0
-0.05921,4.4406,0.0
-0.05921,4.49981,0.0
-0.05921,4.55902,0.0
-0.05921,4.61823,0.0
-0.05921,4.67744,0.0
-0.05921,4.73665,0.0
-0.05921,4.79585,0.0
-0.05921,4.85506,0.0
-0.05921,4.91427,0.0
-0.05921,4.97348,0.0
-0.05921,5.03269,0.0
-0.05921,5.09189,0.0
-0.05921,5.1511,0.0
-0.05921,5.21031,0.0
-0.05921,5.26952,0.0
-0.05921,5.32873,0.0
-0.05921,5.38793,0.0
-0.05921,5.44714,0.0
-0.05921,5.50635,0.0
-0.05921,5.56556,0.0
-0.05921,5.62477,0.0
-0.05921,5.68397,0.0
-0.05921,5.74318,0.0
0,-5.74318,0.0
0,-5.68397,0.0
0,-5.62477,0.0
0,-5.56556,0.0
0,-5.50635,0.0
0,-5.44714,0.0
0,-5.38793,0.0
0,-5.32873,0.0
0,-5.26952,0.0
0,-5.21031,0.0
0,-5.1511,0.0
0,-5.09189,0.0
0,-5.03269,0.0
0,-4.97348,0.0
0,-4.91427,0.0
0,-4.85506,0.0
0,-4.79585,0.0
0,-4.73665,0.0
0,-4.67744,0.0
0,-4.61823,0.0
0,-4.55902,0.0
0,-4.49981,0.0
0,-4.4406,0.0
0,-4.3814,0.0
0,-4.32219,0.0
0,-4.26298,0.0
0,-4.20377,0.0
0,-4.14456,0.0
0,-4.08536,0.0
0,-4.02615,0.0
0,-3.96694,0.0
0,-3.90773,0.0
0,-3.84852,0.0
0,-3.78932,0.0
0,-3.73011,0.0
0,-3.6709,0.0
0,-3.61169,0.0
0,-3.55248,0.0
0,-3.49328,0.0
0,-3.43407,0.0
0,-3.37486,0.0
0,-3.31565,0.0
0,-3.25644,0.0
0,-3.19724,0.0
0,-3.13803,0.0
0,-3.07882,0.0
0,-3.01961,0.0
0,-2.9604,0.0
0,-2.9012,0.0
0,-2.84199,0.0
0,-2.78278,0.0
0,-2.72357,0.0
0,-2.66436,0.0
0,-2.60515,0.0
0,-2.54595,0.0
0,-2.48674,0.0
0,-2.42753,0.0
0,-2.36832,0.0
0,-2.30911,0.0
0,-2.24991,0.0
0,-2.1907,0.0
0,-2.13149,0.0
0,-2.07228,0.0
0,-2.01307,0.0
0,-1.95387,0.0
0,-1.89466,0.0
0,-1.83545,0.0
0,-1.77624,0.0
0,-1.71703,0.0
0,-1.65783,0.0
0,-1.59862,0.0
0,-1.53941,0.0
0,-1.4802,0.0
0,-1.42099,0.0
0,-1.36179,0.0
0,-1.30258,0.0
0,-1.24337,0.0
0,-1.18416,0.0
0,-1.12495,0.0
0,-1.06575,0.0
0,-1.00654,0.0
0,-0.94733,0.0
0,-0.88812,0.0
0,-0.82891,0.0
0,-0.7697,0.0
0,-0.7105,0.0
0,-0.65129,0.0
0,-0.59208,0.0
0,-0.53287,0.0
0,-0.47366,0.0
0,-0.41446,0.0
0,-0.35525,0.0
0,-0.29604,0.0
0,-0.23683,0.0
0,-0.17762,0.0
0,-0.11842,0.0
0,-0.05921,0.0
0,0,0.0
0,0.05921,0.0
0,0.11842,0.0
0,0.17762,0.0
0,0.23683,0.0
0,0.29604,0.0
0,0.35525,0.0
0,0.41446,0.0
0,0.47366,0.0
0,0.53287,0.0
0,0.59208,0.0
0,0.65129,0.0
0,0.7105,0.0
0,0.7697,0.0
0,0.82891,0.0
0,0.88812,0.0
0,0.94733,0.0
0,1.00654,0.0
0,1.06575,0.0
0,1.12495,0.0
0,1.18416,0.0
0,1.24337,0.0
0,1.30258,0.0
0,1.36179,0.0
0,1.42099,0.0
0,1.4802,0.0
0,1.53941,0.0
0,1.59862,0.0
0,1.65783,0.0
0,1.71703,0.0
0,1.77624,0.0
0,1.83545,0.0
0,1.89466,0.0
0,1.95387,0.0
0,2.01307,0.0
0,2.07228,0.0
0,2.13149,0.0
0,2.1907,0.0
0,2.24991,0.0
0,2.30911,0.0
0,2.36832,0.0
0,2.42753,0.0
0,2.48674,0.0
0,2.54595,0.0
0,2.60515,0.0
0,2.66436,0.0
0,2.72357,0.0
0,2.78278,0.0
0,2.84199,0.0
0,2.9012,0.0
0,2.9604,0.0
0,3.01961,0.0
0,3.07882,0.0
0,3.13803,0.0
0,3.19724,0.0
0,3.25644,0.0
0,3.31565,0.0
0,3.37486,0.0
0,3.43407,0.0
0,3.49328,0.0
0,3.55248,0.0
0,3.61169,0.0
0,3.6709,0.0
0,3.73011,0.0
0,3.78932,0.0
0,3.84852,0.0
0,3.90773,0.0
0,3.96694,0.0
0,4.02615,0.0
0,4.08536,0.0
0,4.14456,0.0
0,4.20377,0.0
0,4.26298,0.0
0,4.32219,0.0
0,4.3814,0.0
0,4.4406,0.0
0,4.49981,0.0
0,4.55902,0.0
0,4.61823,0.0
0,4.67744,0.0
0,4.73665,0.0
0,4.79585,0.0
0,4.85506,0.0
0,4.91427,0.0
0,4.97348,0.0
0,5.03269,0.0
0,5.09189,0.0
0,5.1511,0.0
0,5.21031,0.0
0,5.26952,0.0
0,5.32873,0.0
0,5.38793,0.0
0,5.44714,0.0
0,5.50635,0.0
0,5.56556,0.0
0,5.62477,0.0
0,5.68397,0.0
0,5.74318,0.0
0.05921,-5.74318,0.0
0.05921,-5.68397,0.0
0.05921,-5.62477,0.0
0.05921,-5.56556,0.0
0.05921,-5.50635,0.0
0.05921,-5.44714,0.0
0.05921,-5.38793,0.0
0.05921,-5.32873,0.0
0.05921,-5.26952,0.0
0.05921,-5.21031,0.0
0.05921,-5.1511,0.0
0.05921,-5.09189,0.0
0.05921,-5.03269,0.0
0.05921,-4.97348,0.0
0.05921,-4.91427,0.0
0.05921,-4.85506,0.0
0.05921,-4.79585,0.0
0.05921,-4.73665,0.0
0.05921,-4.67744,0.0
0.05921,-4.61823,0.0
0.05921,-4.55902,0.0
0.05921,-4.49981,0.0
0.05921,-4.4406,0.0
0.05921,-4.3814,0.0
0.05921,-4.32219,0.0
0.05921,-4.26298,0.0
0.05921,-4.20377,0.0
0.05921,-4.14456,0.0
0.05921,-4.08536,0.0
0.05921,-4.02615,0.0
0.05921,-3.96694,0.0
0.05921,-3.90773,0.0
0.05921,-3.84852,0.0
0.05921,-3.78932,0.0
0.05921,-3.73011,0.0
0.05921,-3.6709,0.0
0.05921,-3.61169,0.0
0.05921,-3.55248,0.0
0.05921,-3.49328,0.0
0.05921,-3.43407,0.0
0.05921,-3.37486,0.0
0.05921,-3.31565,0.0
0.05921,-3.25644,0.0
0.05921,-3.19724,0.0
0.05921,-3.13803,0.0
0.05921,-3.07882,0.0
0.05921,-3.01961,0.0
0.05921,-2.9604,0.0
0.05921,-2.9012,0.0
0.05921,-2.84199,0.0
0.05921,-2.78278,0.0
0.05921,-2.72357,0.0
0.05921,-2.66436,0.0
0.05921,-2.60515,0.0
0.05921,-2.54595,0.0
0.05921,-2.48674,0.0
0.05921,-2.42753,0.0
0.05921,-2.36832,0.0
0.05921,-2.30911,0.0
0.05921,-2.24991,0.0
0.05921,-2.1907,0.0
0.05921,-2.13149,0.0
0.05921,-2.07228,0.0
0.05921,-2.01307,0.0
0.05921,-1.95387,0.0
0.05921,-1.89466,0.0
0.05921,-1.83545,0.0
0.05921,-1.77624,0.0
0.05921,-1.71703,0.0
0.05921,-1.65783,0.0
0.05921,-1.59862,0.0
0.05921,-1.53941,0.0
0.05921,-1.4802,0.0
0.05921,-1.42099,0.0
0.05921,-1.36179,0.0
0.05921,-1.30258,0.0
0.05921,-1.24337,0.0
0.05921,-1.18416,0.0
0.05921,-1.12495,0.0
0.05921,-1.06575,0.0
0.05921,-1.00654,0.0
0.05921,-0.94733,0.0
0.05921,-0.88812,0.0
0.05921,-0.82891,0.0
0.05921,-0.7697,0.0
0.05921,-0.7105,0.0
0.05921,-0.65129,0.0
0.05921,-0.59208,0.0
0.05921,-0.53287,0.0
0.05921,-0.47366,0.0
0.05921,-0.41446,0.0
0.05921,-0.35525,0.0
0.05921,-0.29604,0.0
0.05921,-0.23683,0.0
0.05921,-0.17762,0.0
0.05921,-0.11842,0.0
0.05921,-0.05921,0.0
0.05921,0,0.0
0.05921,0.05921,0.0
0.05921,0.11842,0.0
0.05921,0.17762,0.0
0.05921,0.23683,0.0
0.05921,0.29604,0.0
0.05921,0.35525,0.0
0.05921,0.41446,0.0
0.05921,0.47366,0.0
0.05921,0.53287,0.0
0.05921,0.59208,0.0
0.05921,0.65129,0.0
0.05921,0.7105,0.0
0.05921,0.7697,0.0
0.05921,0.82891,0.0
0.05921,0.88812,0.0
0.05921,0.94733,0.0
0.05921,1.00654,0.0
0.05921,1.06575,0.0
0.05921,1.12495,0.0
0.05921,1.18416,0.0
0.05921,1.24337,0.0
0.05921,1.30258,0.0
0.05921,1.36179,0.0
0.05921,1.42099,0.0
0.05921,1.4802,0.0
0.05921,1.53941,0.0
0.05921,1.59862,0.0
0.05921,1.65783,0.0
0.05921,1.71703,0.0
0.05921,1.77624,0.0
0.05921,1.83545,0.0
0.05921,1.89466,0.0
0.05921,1.95387,0.0
0.05921,2.01307,0.0
0.05921,2.07228,0.0
0.05921,2.13149,0.0
0.05921,2.1907,0.0
0.05921,2.24991,0.0
0.05921,2.30911,0.0
0.05921,2.36832,0.0
0.05921,2.42753,0.0
0.05921,2.48674,0.0
0.05921,2.54595,0.0
0.05921,2.60515,0.0
0.05921,2.66436,0.0
0.05921,2.72357,0.0
0.05921,2.78278,0.0
0.05921,2.84199,0.0
0.05921,2.9012,0.0
0.05921,2.9604,0.0
0.05921,3.01961,0.0
0.05921,3.07882,0.0
0.05921,3.13803,0.0
0.05921,3.19724,0.0
0.05921,3.25644,0.0
0.05921,3.31565,0.0
0.05921,3.37486,0.0
0.05921,3.43407,0.0
0.05921,3.49328,0.0
0.05921,3.55248,0.0
0.05921,3.61169,0.0
0.05921,3.6709,0.0
0.05921,3.73011,0.0
0.05921,3.78932,0.0
0.05921,3.84852,0.0
0.05921,3.90773,0.0
0.05921,3.96694,0.0
0.05921,4.02615,0.0
0.05921,4.08536,0.0
0.05921,4.14456,0.0
0.05921,4.20377,0.0
0.05921,4.26298,0.0
0.05921,4.32219,0.0
0.05921,4.3814,0.0
0.05921,4.4406,0.0
0.05921,4.49981,0.0
0.05921,4.55902,0.0
0.05921,4.61823,0.0
0.05921,4.67744,0.0
0.05921,4.73665,0.0
0.05921,4.79585,0.0
0.05921,4.85506,0.0
0.05921,4.91427,0.0
0.05921,4.97348,0.0
0.05921,5.03269,0.0
0.05921,5.09189,0.0
0.05921,5.1511,0.0
0.05921,5.21031,0.0
0.05921,5.26952,0.0
0.05921,5.32873,0.0
0.05921,5.38793,0.0
0.05921,5.44714,0.0
0.05921,5.50635,0.0
0.05921,5.56556,0.0
0.05921,5.62477,0.0
0.05921,5.68397,0.0
0.05921,5.74318,0.0
0.11842,-5.74318,0.0
0.11842,-5.68397,0.0
0.11842,-5.62477,0.0
0.11842,-5.56556,0.0
0.11842,-5.50635,0.0
0.11842,-5.44714,0.0
0.11842,-5.38793,0.0
0.11842,-5.32873,0.0
0.11842,-5.26952,0.0
0.11842,-5.21031,0.0
0.11842,-5.1511,0.0
0.11842,-5.09189,0.0
0.11842,-5.03269,0.0
0.11842,-4.97348,0.0
0.11842,-4.91427,0.0
0.11842,-4.85506,0.0
0.11842,-4.79585,0.0
0.11842,-4.73665,0.0
0.11842,-4.67744,0.0
0.11842,-4.61823,0.0
0.11842,-4.55902,0.0
0.11842,-4.49981,0.0
0.11842,-4.4406,0.0
0.11842,-4.3814,0.0
0.11842,-4.32219,0.0
0.11842,-4.26298,0.0
0.11842,-4.20377,0.0
0.11842,-4.14456,0.0
0.11842,-4.08536,0.0
0.11842,-4.02615,0.0
0.11842,-3.96694,0.0
0.11842,-3.90773,0.0
0.11842,-3.84852,0.0
0.11842,-3.78932,0.0
0.11842,-3.73011,0.0
0.11842,-3.6709,0.0
0.11842,-3.61169,0.0
0.11842,-3.55248,0.0
0.11842,-3.49328,0.0
0.11842,-3.43407,0.0
0.11842,-3.37486,0.0
0.11842,-3.31565,0.0
0.11842,-3.25644,0.0
0.11842,-3.19724,0.0
0.11842,-3.13803,0.0
0.11842,-3.07882,0.0
0.11842,-3.01961,0.0
0.11842,-2.9604,0.0
0.11842,-2.9012,0.0
0.11842,-2.84199,0.0
0.11842,-2.78278,0.0
0.11842,-2.72357,0.0
0.11842,-2.66436,0.0
0.11842,-2.60515,0.0
0.11842,-2.54595,0.0
0.11842,-2.48674,0.0
0.11842,-2.42753,0.0
0.11842,-2.36832,0.0
0.11842,-2.30911,0.0
0.11842,-2.24991,0.0
0.11842,-2.1907,0.0
0.11842,-2.13149,0.0
0.11842,-2.07228,0.0
0.11842,-2.01307,0.0
0.11842,-1.95387,0.0
0.11842,-1.89466,0.0
0.11842,-1.83545,0.0
0.11842,-1.77624,0.0
0.11842,-1.71703,0.0
0.11842,-1.65783,0.0
0.11842,-1.59862,0.0
0.11842,-1.53941,0.0
0.11842,-1.4802,0.0
0.11842,-1.42099,0.0
0.11842,-1.36179,0.0
0.11842,-1.30258,0.0
0.11842,-1.24337,0.0
0.11842,-1.18416,0.0
0.11842,-1.12495,0.0
0.11842,-1.06575,0.0
0.11842,-1.00654,0.0
0.11842,-0.94733,0.0
0.11842,-0.88812,0.0
0.11842,-0.82891,0.0
0.11842,-0.7697,0.0
0.11842,-0.7105,0.0
0.11842,-0.65129,0.0
0.11842,-0.59208,0.0
0.11842,-0.53287,0.0
0.11842,-0.47366,0.0
0.11842,-0.41446,0.0
0.11842,-0.35525,0.0
0.11842,-0.29604,0.0
0.11842,-0.23683,0.0
0.11842,-0.17762,0.0
0.11842,-0.11842,0.0
0.11842,-0.05921,0.0
0.11842,0,0.0
0.11842,0.05921,0.0
0.11842,0.11842,0.0
0.11842,0.17762,0.0
0.11842,0.23683,0.0
0.11842,0.29604,0.0
0.11842,0.35525,0.0
0.11842,0.41446,0.0
0.11842,0.47366,0.0
0.11842,0.53287,0.0
0.11842,0.59208,0.0
0.11842,0.65129,0.0
0.11842,0.7105,0.0
0.11842,0.7697,0.0
0.11842,0.82891,0.0
0.11842,0.88812,0.0
0.11842,0.94733,0.0
0.11842,1.00654,0.0
0.11842,1.06575,0.0
0.11842,1.12495,0.0
0.11842,1.18416,0.0
0.11842,1.24337,0.0
0.11842,1.30258,0.0
0.11842,1.36179,0.0
0.11842,1.42099,0.0
0.11842,1.4802,0.0
0.11842,1.53941,0.0
0.11842,1.59862,0.0
0.11842,1.65783,0.0
0.11842,1.71703,0.0
0.11842,1.77624,0.0
0.11842,1.83545,0.0
0.11842,1.89466,0.0
0.11842,1.95387,0.0
0.11842,2.01307,0.0
0.11842,2.07228,0.0
0.11842,2.13149,0.0
0.11842,2.1907,0.0
0.11842,2.24991,0.0
0.11842,2.30911,0.0
0.11842,2.36832,0.0
0.11842,2.42753,0.0
0.11842,2.48674,0.0
0.11842,2.54595,0.0
0.11842,2.60515,0.0
0.11842,2.66436,0.0
0.11842,2.72357,0.0
0.11842,2.78278,0.0
0.11842,2.84199,0.0
0.11842,2.9012,0.0
0.11842,2.9604,0.0
0.11842,3.01961,0.0
0.11842,3.07882,0.0
0.11842,3.13803,0.0
0.11842,3.19724,0.0
0.11842,3.25644,0.0
0.11842,3.31565,0.0
0.11842,3.37486,0.0
0.11842,3.43407,0.0
0.11842,3.49328,0.0
0.11842,3.55248,0.0
0.11842,3.61169,0.0
0.11842,3.6709,0.0
0.11842,3.73011,0.0
0.11842,3.78932,0.0
0.11842,3.84852,0.0
0.11842,3.90773,0.0
0.11842,3.96694,0.0
0.11842,4.02615,0.0
0.11842,4.08536,0.0
0.11842,4.14456,0.0
0.11842,4.20377,0.0
0.11842,4.26298,0.0
0.11842,4.32219,0.0
0.11842,4.3814,0.0
0.11842,4.4406,0.0
0.11842,4.49981,0.0
0.11842,4.55902,0.0
0.11842,4.61823,0.0
0.11842,4.67744,0.0
0.11842,4.73665,0.0
0.11842,4.79585,0.0
0.11842,4.85506,0.0
0.11842,4.91427,0.0
0.11842,4.97348,0.0
0.11842,5.03269,0.0
0.11842,5.09189,0.0
0.11842,5.1511,0.0
0.11842,5.21031,0.0
0.11842,5.26952,0.0
0.11842,5.32873,0.0
0.11842,5.38793,0.0
0.11842,5.44714,0.0
0.11842,5.50635,0.0
0.11842,5.56556,0.0
0.11842,5.62477,0.0
0.11842,5.68397,0.0
0.11842,5.74318,0.0
0.17762,-5.74318,0.0
0.17762,-5.68397,0.0
0.17762,-5.62477,0.0
0.17762,-5.56556,0.0
0.17762,-5.50635,0.0
0.17762,-5.44714,0.0
0.17762,-5.38793,0.0
0.17762,-5.32873,0.0
0.17762,-5.26952,0.0
0.17762,-5.21031,0.0
0.17762,-5.1511,0.0
0.17762,-5.09189,0.0
0.17762,-5.03269,0.0
0.17762,-4.97348,0.0
0.17762,-4.91427,0.0
0.17762,-4.85506,0.0
0.17762,-4.79585,0.0
0.17762,-4.73665,0.0
0.17762,-4.67744,0.0
0.17762,-4.61823,0.0
0.17762,-4.55902,0.0
0.17762,-4.49981,0.0
0.17762,-4.4406,0.0
0.17762,-4.3814,0.0
0.17762,-4.32219,0.0
0.17762,-4.26298,0.0
0.17762,-4.20377,0.0
0.17762,-4.14456,0.0
0.17762,-4.08536,0.0
0.17762,-4.02615,0.0
0.17762,-3.96694,0.0
0.17762,-3.90773,0.0
0.17762,-3.84852,0.0
0.17762,-3.78932,0.0
0.17762,-3.73011,0.0
0.17762,-3.6709,0.0
0.17762,-3.61169,0.0
0.17762,-3.55248,0.0
0.17762,-3.49328,0.0
0.17762,-3.43407,0.0
0.17762,-3.37486,0.0
0.17762,-3.31565,0.0
0.17762,-3.25644,0.0
0.17762,-3.19724,0.0
0.17762,-3.13803,0.0
0.17762,-3.07882,0.0
0.17762,-3.01961,0.0
0.17762,-2.9604,0.0
0.17762,-2.9012,0.0
0.17762,-2.84199,0.0
0.17762,-2.78278,0.0
0.17762,-2.72357,0.0
0.17762,-2.66436,0.0
0.17762,-2.60515,0.0
0.17762,-2.54595,0.0
0.17762,-2.48674,0.0
0.17762,-2.42753,0.0
0.17762,-2.36832,0.0
0.17762,-2.30911,0.0
0.17762,-2.24991,0.0
0.17762,-2.1907,0.0
0.17762,-2.13149,0.0
0.17762,-2.07228,0.0
0.17762,-2.01307,0.0
0.17762,-1.95387,0.0
0.17762,-1.89466,0.0
0.17762,-1.83545,0.0
0.17762,-1.77624,0.0
0.17762,-1.71703,0.0
0.17762,-1.65783,0.0
0.17762,-1.59862,0.0
0.17762,-1.53941,0.0
0.17762,-1.4802,0.0
0.17762,-1.42099,0.0
0.17762,-1.36179,0.0
0.17762,-1.30258,0.0
0.17762,-1.24337,0.0
0.17762,-1.18416,0.0
0.17762,-1.12495,0.0
0.17762,-1.06575,0.0
0.17762,-1.00654,0.0
0.17762,-0.94733,0.0
0.17762,-0.88812,0.0
0.17762,-0.82891,0.0
0.17762,-0.7697,0.0
0.17762,-0.7105,0.0
0.17762,-0.65129,0.0
0.17762,-0.59208,0.0
0.17762,-0.53287,0.0
0.17762,-0.47366,0.0
0.17762,-0.41446,0.0
0.17762,-0.35525,0.0
0.17762,-0.29604,0.0
0.17762,-0.23683,0.0
0.17762,-0.17762,0.0
0.17762,-0.11842,0.0
0.17762,-0.05921,0.0
0.17762,0,0.0
0.17762,0.05921,0.0
0.17762,0.11842,0.0
0.17762,0.17762,0.0
0.17762,0.23683,0.0
0.17762,0.29604,0.0
0.17762,0.35525,0.0
0.17762,0.41446,0.0
0.17762,0.47366,0.0
0.17762,0.53287,0.0
0.17762,0.59208,0.0
0.17762,0.65129,0.0
0.17762,0.7105,0.0
0.17762,0.7697,0.0
0.17762,0.82891,0.0
0.17762,0.88812,0.0
0.17762,0.94733,0.0
0.17762,1.00654,0.0
0.17762,1.06575,0.0
0.17762,1.12495,0.0
0.17762,1.18416,0.0
0.17762,1.24337,0.0
0.17762,1.30258,0.0
0.17762,1.36179,0.0
0.17762,1.42099,0.0
0.17762,1.4802,0.0
0.17762,1.53941,0.0
0.17762,1.59862,0.0
0.17762,1.65783,0.0
0.17762,1.71703,0.0
0.17762,1.77624,0.0
0.17762,1.83545,0.0
0.17762,1.89466,0.0
0.17762,1.95387,0.0
0.17762,2.01307,0.0
0.17762,2.07228,0.0
0.17762,2.13149,0.0
0.17762,2.1907,0.0
0.17762,2.24991,0.0
0.17762,2.30911,0.0
0.17762,2.36832,0.0
0.17762,2.42753,0.0
0.17762,2.48674,0.0
0.17762,2.54595,0.0
0.17762,2.60515,0.0
0.17762,2.66436,0.0
0.17762,2.72357,0.0
0.17762,2.78278,0.0
0.17762,2.84199,0.0
0.17762,2.9012,0.0
0.17762,2.9604,0.0
0.17762,3.01961,0.0
0.17762,3.07882,0.0
0.17762,3.13803,0.0
0.17762,3.19724,0.0
0.17762,3.25644,0.0
0.17762,3.31565,0.0
0.17762,3.37486,0.0
0.17762,3.43407,0.0
0.17762,3.49328,0.0
0.17762,3.55248,0.0
0.17762,3.61169,0.0
0.17762,3.6709,0.0
0.17762,3.73011,0.0
0.17762,3.78932,0.0
0.17762,3.84852,0.0
0.17762,3.90773,0.0
0.17762,3.96694,0.0
0.17762,4.02615,0.0
0.17762,4.08536,0.0
0.17762,4.14456,0.0
0.17762,4.20377,0.0
0.17762,4.26298,0.0
0.17762,4.32219,0.0
0.17762,4.3814,0.0
0.17762,4.4406,0.0
0.17762,4.49981,0.0
0.17762,4.55902,0.0
0.17762,4.61823,0.0
0.17762,4.67744,0.0
0.17762,4.73665,0.0
0.17762,4.79585,0.0
0.17762,4.85506,0.0
0.17762,4.91427,0.0
0.17762,4.97348,0.0
0.17762,5.03269,0.0
0.17762,5.09189,0.0
0.17762,5.1511,0.0
0.17762,5.21031,0.0
0.17762,5.26952,0.0
0.17762,5.32873,0.0
0.17762,5.38793,0.0
0.17762,5.44714,0.0
0.17762,5.50635,0.0
0.17762,5.56556,0.0
0.17762,5.62477,0.0
0.17762,5.68397,0.0
0.17762,5.74318,0.0
0.23683,-5.74318,0.0
0.23683,-5.68397,0.0
0.23683,-5.62477,0.0
0.23683,-5.56556,0.0
0.23683,-5.50635,0.0
0.23683,-5.44714,0.0
0.23683,-5.38793,0.0
0.23683,-5.32873,0.0
0.23683,-5.26952,0.0
0.23683,-5.21031,0.0
0.23683,-5.1511,0.0
0.23683,-5.09189,0.0
0.23683,-5.03269,0.0
0.23683,-4.97348,0.0
0.23683,-4.91427,0.0
0.23683,-4.85506,0.0
0.23683,-4.79585,0.0
0.23683,-4.73665,0.0
0.23683,-4.67744,0.0
0.23683,-4.61823,0.0
0.23683,-4.55902,0.0
0.23683,-4.49981,0.0
0.23683,-4.4406,0.0
0.23683,-4.3814,0.0
0.23683,-4.32219,0.0
0.23683,-4.26298,0.0
0.23683,-4.20377,0.0
0.23683,-4.14456,0.0
0.23683,-4.08536,0.0
0.23683,-4.02615,0.0
0.23683,-3.96694,0.0
0.23683,-3.90773,0.0
0.23683,-3.84852,0.0
0.23683,-3.78932,0.0
0.23683,-3.73011,0.0
0.23683,-3.6709,0.0
0.23683,-3.61169,0.0
0.23683,-3.55248,0.0
0.23683,-3.49328,0.0
0.23683,-3.43407,0.0
0.23683,-3.37486,0.0
0.23683,-3.31565,0.0
0.23683,-3.25644,0.0
0.23683,-3.19724,0.0
0.23683,-3.13803,0.0
0.23683,-3.07882,0.0
0.23683,-3.01961,0.0
0.23683,-2.9604,0.0
0.23683,-2.9012,0.0
0.23683,-2.84199,0.0
0.23683,-2.78278,0.0
0.23683,-2.72357,0.0
0.23683,-2.66436,0.0
0.23683,-2.60515,0.0
0.23683,-2.54595,0.0
0.23683,-2.48674,0.0
0.23683,-2.42753,0.0
0.23683,-2.36832,0.0
0.23683,-2.30911,0.0
0.23683,-2.24991,0.0
0.23683,-2.1907,0.0
0.23683,-2.13149,0.0
0.23683,-2.07228,0.0
0.23683,-2.01307,0.0
0.23683,-1.95387,0.0
0.23683,-1.89466,0.0
0.23683,-1.83545,0.0
0.23683,-1.77624,0.0
0.23683,-1.71703,0.0
0.23683,-1.65783,0.0
0.23683,-1.59862,0.0
0.23683,-1.53941,0.0
0.23683,-1.4802,0.0
0.23683,-1.42099,0.0
0.23683,-1.36179,0.0
0.23683,-1.30258,0.0
0.23683,-1.24337,0.0
0.23683,-1.18416,0.0
0.23683,-1.12495,0.0
0.23683,-1.06575,0.0
0.23683,-1.00654,0.0
0.23683,-0.94733,0.0
0.23683,-0.88812,0.0
0.23683,-0.82891,0.0
0.23683,-0.7697,0.0
0.23683,-0.7105,0.0
0.23683,-0.65129,0.0
0.23683,-0.59208,0.0
0.23683,-0.53287,0.0
0.23683,-0.47366,0.0
0.23683,-0.41446,0.0
0.23683,-0.35525,0.0
0.23683,-0.29604,0.0
0.23683,-0.23683,0.0
0.23683,-0.17762,0.0
0.23683,-0.11842,0.0
0.23683,-0.05921,0.0
0.23683,0,0.0
0.23683,0.05921,0.0
0.23683,0.11842,0.0
0.23683,0.17762,0.0
0.23683,0.23683,0.0
0.23683,0.29604,0.0
0.23683,0.35525,0.0
0.23683,0.41446,0.0
0.23683,0.47366,0.0
0.23683,0.53287,0.0
0.23683,0.59208,0.0
0.23683,0.65129,0.0
0.23683,0.7105,0.0
0.23683,0.7697,0.0
0.23683,0.82891,0.0
0.23683,0.88812,0.0
0.23683,0.94733,0.0
0.23683,1.00654,0.0
0.23683,1.06575,0.0
0.23683,1.12495,0.0
0.23683,1.18416,0.0
0.23683,1.24337,0.0
0.23683,1.30258,0.0
0.23683,1.36179,0.0
0.23683,1.42099,0.0
0.23683,1.4802,0.0
0.23683,1.53941,0.0
0.23683,1.59862,0.0
0.23683,1.65783,0.0
0.23683,1.71703,0.0
0.23683,1.77624,0.0
0.23683,1.83545,0.0
0.23683,1.89466,0.0
0.23683,1.95387,0.0
0.23683,2.01307,0.0
0.23683,2.07228,0.0
0.23683,2.13149,0.0
0.23683,2.1907,0.0
0.23683,2.24991,0.0
0.23683,2.30911,0.0
0.23683,2.36832,0.0
0.23683,2.42753,0.0
0.23683,2.48674,0.0
0.23683,2.54595,0.0
0.23683,2.60515,0.0
0.23683,2.66436,0.0
0.23683,2.72357,0.0
0.23683,2.78278,0.0
0.23683,2.84199,0.0
0.23683,2.9012,0.0
0.23683,2.9604,0.0
0.23683,3.01961,0.0
0.23683,3.07882,0.0
0.23683,3.13803,0.0
0.23683,3.19724,0.0
0.23683,3.25644,0.0
0.23683,3.31565,0.0
0.23683,3.37486,0.0
0.23683,3.43407,0.0
0.23683,3.49328,0.0
0.23683,3.55248,0.0
0.23683,3.61169,0.0
0.23683,3.6709,0.0
0.23683,3.73011,0.0
0.23683,3.78932,0.0
0.23683,3.84852,0.0
0.23683,3.90773,0.0
0.23683,3.96694,0.0
0.23683,4.02615,0.0
0.23683,4.08536,0.0
0.23683,4.14456,0.0
0.23683,4.20377,0.0
0.23683,4.26298,0.0
0.23683,4.32219,0.0
0.23683,4.3814,0.0
0.23683,4.4406,0.0
0.23683,4.49981,0.0
0.23683,4.55902,0.0
0.23683,4.61823,0.0
0.23683,4.67744,0.0
0.23683,4.73665,0.0
0.23683,4.79585,0.0
0.23683,4.85506,0.0
0.23683,4.91427,0.0
0.23683,4.97348,0.0
0.23683,5.03269,0.0
0.23683,5.09189,0.0
0.23683,5.1511,0.0
0.23683,5.21031,0.0
0.23683,5.26952,0.0
0.23683,5.32873,0.0
0.23683,5.38793,0.0
0.23683,5.44714,0.0
0.23683,5.50635,0.0
0.23683,5.56556,0.0
0.23683,5.62477,0.0
0.23683,5.68397,0.0
0.23683,5.74318,0.0
0.29604,-5.74318,0.0
0.29604,-5.68397,0.0
0.29604,-5.62477,0.0
0.29604,-5.56556,0.0
0.29604,-5.50635,0.0
0.29604,-5.44714,0.0
0.29604,-5.38793,0.0
0.29604,-5.32873,0.0
0.29604,-5.26952,0.0
0.29604,-5.21031,0.0
0.29604,-5.1511,0.0
0.29604,-5.09189,0.0
0.29604,-5.03269,0.0
0.29604,-4.97348,0.0
0.29604,-4.91427,0.0
0.29604,-4.85506,0.0
0.29604,-4.79585,0.0
0.29604,-4.73665,0.0
0.29604,-4.67744,0.0
0.29604,-4.61823,0.0
0.29604,-4.55902,0.0
0.29604,-4.49981,0.0
0.29604,-4.4406,0.0
0.29604,-4.3814,0.0
0.29604,-4.32219,0.0
0.29604,-4.26298,0.0
0.29604,-4.20377,0.0
0.29604,-4.14456,0.0
0.29604,-4.08536,0.0
0.29604,-4.02615,0.0
0.29604,-3.96694,0.0
0.29604,-3.90773,0.0
0.29604,-3.84852,0.0
0.29604,-3.78932,0.0
0.29604,-3.73011,0.0
0.29604,-3.6709,0.0
0.29604,-3.61169,0.0
0.29604,-3.55248,0.0
0.29604,-3.49328,0.0
0.29604,-3.43407,0.0
0.29604,-3.37486,0.0
0.29604,-3.31565,0.0
0.29604,-3.25644,0.0
0.29604,-3.19724,0.0
0.29604,-3.13803,0.0
0.29604,-3.07882,0.0
0.29604,-3.01961,0.0
0.29604,-2.9604,0.0
0.29604,-2.9012,0.0
0.29604,-2.84199,0.0
0.29604,-2.78278,0.0
0.29604,-2.72357,0.0
0.29604,-2.66436,0.0
0.29604,-2.60515,0.0
0.29604,-2.54595,0.0
0.29604,-2.48674,0.0
0.29604,-2.42753,0.0
0.29604,-2.36832,0.0
0.29604,-2.30911,0.0
0.29604,-2.24991,0.0
0.29604,-2.1907,0.0
0.29604,-2.13149,0.0
0.29604,-2.07228,0.0
0.29604,-2.01307,0.0
0.29604,-1.95387,0.0
0.29604,-1.89466,0.0
0.29604,-1.83545,0.0
0.29604,-1.77624,0.0
0.29604,-1.71703,0.0
0.29604,-1.65783,0.0
0.29604,-1.59862,0.0
0.29604,-1.53941,0.0
0.29604,-1.4802,0.0
0.29604,-1.42099,0.0
0.29604,-1.36179,0.0
0.29604,-1.30258,0.0
0.29604,-1.24337,0.0
0.29604,-1.18416,0.0
0.29604,-1.12495,0.0
0.29604,-1.06575,0.0
0.29604,-1.00654,0.0
0.29604,-0.94733,0.0
0.29604,-0.88812,0.0
0.29604,-0.82891,0.0
0.29604,-0.7697,0.0
0.29604,-0.7105,0.0
0.29604,-0.65129,0.0
0.29604,-0.59208,0.0
0.29604,-0.53287,0.0
0.29604,-0.47366,0.0
0.29604,-0.41446,0.0
0.29604,-0.35525,0.0
0.29604,-0.29604,0.0
0.29604,-0.23683,0.0
0.29604,-0.17762,0.0
0.29604,-0.11842,0.0
0.29604,-0.05921,0.0
0.29604,0,0.0
0.29604,0.05921,0.0
0.29604,0.11842,0.0
0.29604,0.17762,0.0
0.29604,0.23683,0.0
0.29604,0.29604,0.0
0.29604,0.35525,0.0
0.29604,0.41446,0.0
0.29604,0.47366,0.0
0.29604,0.53287,0.0
0.29604,0.59208,0.0
0.29604,0.65129,0.0
0.29604,0.7105,0.0
0.29604,0.7697,0.0
0.29604,0.82891,0.0
0.29604,0.88812,0.0
0.29604,0.94733,0.0
0.29604,1.00654,0.0
0.29604,1.06575,0.0
0.29604,1.12495,0.0
0.29604,1.18416,0.0
0.29604,1.24337,0.0
0.29604,1.30258,0.0
0.29604,1.36179,0.0
0.29604,1.42099,0.0
0.29604,1.4802,0.0
0.29604,1.53941,0.0
0.29604,1.59862,0.0
0.29604,1.65783,0.0
0.29604,1.71703,0.0
0.29604,1.77624,0.0
0.29604,1.83545,0.0
0.29604,1.89466,0.0
0.29604,1.95387,0.0
0.29604,2.01307,0.0
0.29604,2.07228,0.0
0.29604,2.13149,0.0
0.29604,2.1907,0.0
0.29604,2.24991,0.0
0.29604,2.30911,0.0
0.29604,2.36832,0.0
0.29604,2.42753,0.0
0.29604,2.48674,0.0
0.29604,2.54595,0.0
0.29604,2.60515,0.0
0.29604,2.66436,0.0
0.29604,2.72357,0.0
0.29604,2.78278,0.0
0.29604,2.84199,0.0
0.29604,2.9012,0.0
0.29604,2.9604,0.0
0.29604,3.01961,0.0
0.29604,3.07882,0.0
0.29604,3.13803,0.0
0.29604,3.19724,0.0
0.29604,3.25644,0.0
0.29604,3.31565,0.0
0.29604,3.37486,0.0
0.29604,3.43407,0.0
0.29604,3.49328,0.0
0.29604,3.55248,0.0
0.29604,3.61169,0.0
0.29604,3.6709,0.0
0.29604,3.73011,0.0
0.29604,3.78932,0.0
0.29604,3.84852,0.0
0.29604,3.90773,0.0
0.29604,3.96694,0.0
0.29604,4.02615,0.0
0.29604,4.08536,0.0
0.29604,4.14456,0.0
0.29604,4.20377,0.0
0.29604,4.26298,0.0
0.29604,4.32219,0.0
0.29604,4.3814,0.0
0.29604,4.4406,0.0
0.29604,4.49981,0.0
0.29604,4.55902,0.0
0.29604,4.61823,0.0
0.29604,4.67744,0.0
0.29604,4.73665,0.0
0.29604,4.79585,0.0
0.29604,4.85506,0.0
0.29604,4.91427,0.0
0.29604,4.97348,0.0
0.29604,5.03269,0.0
0.29604,5.09189,0.0
0.29604,5.1511,0.0
0.29604,5.21031,0.0
0.29604,5.26952,0.0
0.29604,5.32873,0.0
0.29604,5.38793,0.0
0.29604,5.44714,0.0
0.29604,5.50635,0.0
0.29604,5.56556,0.0
0.29604,5.62477,0.0
0.29604,5.68397,0.0
0.29604,5.74318,0.0
0.35525,-5.74318,0.0
0.35525,-5.68397,0.0
0.35525,-5.62477,0.0
0.35525,-5.56556,0.0
0.35525,-5.50635,0.0
0.35525,-5.44714,0.0
0.35525,-5.38793,0.0
0.35525,-5.32873,0.0
0.35525,-5.26952,0.0
0.35525,-5.21031,0.0
0.35525,-5.1511,0.0
0.35525,-5.09189,0.0
0.35525,-5.03269,0.0
0.35525,-4.97348,0.0
0.35525,-4.91427,0.0
0.35525,-4.85506,0.0
0.35525,-4.79585,0.0
0.35525,-4.73665,0.0
0.35525,-4.67744,0.0
0.35525,-4.61823,0.0
0.35525,-4.55902,0.0
0.35525,-4.49981,0.0
0.35525,-4.4406,0.0
0.35525,-4.3814,0.0
0.35525,-4.32219,0.0
0.35525,-4.26298,0.0
0.35525,-4.20377,0.0
0.35525,-4.14456,0.0
0.35525,-4.08536,0.0
0.35525,-4.02615,0.0
0.35525,-3.96694,0.0
0.35525,-3.90773,0.0
0.35525,-3.84852,0.0
0.35525,-3.78932,0.0
0.35525,-3.73011,0.0
0.35525,-3.6709,0.0
0.35525,-3.61169,0.0
0.35525,-3.55248,0.0
0.35525,-3.49328,0.0
0.35525,-3.43407,0.0
0.35525,-3.37486,0.0
0.35525,-3.31565,0.0
0.35525,-3.25644,0.0
0.35525,-3.19724,0.0
0.35525,-3.13803,0.0
0.35525,-3.07882,0.0
0.35525,-3.01961,0.0
0.35525,-2.9604,0.0
0.35525,-2.9012,0.0
0.35525,-2.84199,0.0
0.35525,-2.78278,0.0
0.35525,-2.72357,0.0
0.35525,-2.66436,0.0
0.35525,-2.60515,0.0
0.35525,-2.54595,0.0
0.35525,-2.48674,0.0
0.35525,-2.42753,0.0
0.35525,-2.36832,0.0
0.35525,-2.30911,0.0
0.35525,-2.24991,0.0
0.35525,-2.1907,0.0
0.35525,-2.13149,0.0
0.35525,-2.07228,0.0
0.35525,-2.01307,0.0
0.35525,-1.95387,0.0
0.35525,-1.89466,0.0
0.35525,-1.83545,0.0
0.35525,-1.77624,0.0
0.35525,-1.71703,0.0
0.35525,-1.65783,0.0
0.35525,-1.59862,0.0
0.35525,-1.53941,0.0
0.35525,-1.4802,0.0
0.35525,-1.42099,0.0
0.35525,-1.36179,0.0
0.35525,-1.30258,0.0
0.35525,-1.24337,0.0
0.35525,-1.18416,0.0
0.35525,-1.12495,0.0
0.35525,-1.06575,0.0
0.35525,-1.00654,0.0
0.35525,-0.94733,0.0
0.35525,-0.88812,0.0
0.35525,-0.82891,0.0
0.35525,-0.7697,0.0
0.35525,-0.7105,0.0
0.35525,-0.65129,0.0
0.35525,-0.59208,0.0
0.35525,-0.53287,0.0
0.35525,-0.47366,0.0
0.35525,-0.41446,0.0
0.35525,-0.35525,0.0
0.35525,-0.29604,0.0
0.35525,-0.23683,0.0
0.35525,-0.17762,0.0
0.35525,-0.11842,0.0
0.35525,-0.05921,0.0
0.35525,0,0.0
0.35525,0.05921,0.0
0.35525,0.11842,0.0
0.35525,0.17762,0.0
0.35525,0.23683,0.0
0.35525,0.29604,0.0
0.35525,0.35525,0.0
0.35525,0.41446,0.0
0.35525,0.47366,0.0
0.35525,0.53287,0.0
0.35525,0.59208,0.0
0.35525,0.65129,0.0
0.35525,0.7105,0.0
0.35525,0.7697,0.0
0.35525,0.82891,0.0
0.35525,0.88812,0.0
0.35525,0.94733,0.0
0.35525,1.00654,0.0
0.35525,1.06575,0.0
0.35525,1.12495,0.0
0.35525,1.18416,0.0
0.35525,1.24337,0.0
0.35525,1.30258,0.0
0.35525,1.36179,0.0
0.35525,1.42099,0.0
0.35525,1.4802,0.0
0.35525,1.53941,0.0
0.35525,1.59862,0.0
0.35525,1.65783,0.0
0.35525,1.71703,0.0
0.35525,1.77624,0.0
0.35525,1.83545,0.0
0.35525,1.89466,0.0
0.35525,1.95387,0.0
0.35525,2.01307,0.0
0.35525,2.07228,0.0
0.35525,2.13149,0.0
0.35525,2.1907,0.0
0.35525,2.24991,0.0
0.35525,2.30911,0.0
0.35525,2.36832,0.0
0.35525,2.42753,0.0
0.35525,2.48674,0.0
0.35525,2.54595,0.0
0.35525,2.60515,0.0
0.35525,2.66436,0.0
0.35525,2.72357,0.0
0.35525,2.78278,0.0
0.35525,2.84199,0.0
0.35525,2.9012,0.0
0.35525,2.9604,0.0
0.35525,3.01961,0.0
0.35525,3.07882,0.0
0.35525,3.13803,0.0
0.35525,3.19724,0.0
0.35525,3.25644,0.0
0.35525,3.31565,0.0
0.35525,3.37486,0.0
0.35525,3.43407,0.0
0.35525,3.49328,0.0
0.35525,3.55248,0.0
0.35525,3.61169,0.0
0.35525,3.6709,0.0
0.35525,3.73011,0.0
0.35525,3.78932,0.0
0.35525,3.84852,0.0
0.35525,3.90773,0.0
0.35525,3.96694,0.0
0.35525,4.02615,0.0
0.35525,4.08536,0.0
0.35525,4.14456,0.0
0.35525,4.20377,0.0
0.35525,4.26298,0.0
0.35525,4.32219,0.0
0.35525,4.3814,0.0
0.35525,4.4406,0.0
0.35525,4.49981,0.0
0.35525,4.55902,0.0
0.35525,4.61823,0.0
0.35525,4.67744,0.0
0.35525,4.73665,0.0
0.35525,4.79585,0.0
0.35525,4.85506,0.0
0.35525,4.91427,0.0
0.35525,4.97348,0.0
0.35525,5.03269,0.0
0.35525,5.09189,0.0
0.35525,5.1511,0.0
0.35525,5.21031,0.0
0.35525,5.26952,0.0
0.35525,5.32873,0.0
0.35525,5.38793,0.0
0.35525,5.44714,0.0
0.35525,5.50635,0.0
0.35525,5.56556,0.0
0.35525,5.62477,0.0
0.35525,5.68397,0.0
0.35525,5.74318,0.0
0.41446,-5.74318,0.0
0.41446,-5.68397,0.0
0.41446,-5.62477,0.0
0.41446,-5.56556,0.0
0.41446,-5.50635,0.0
0.41446,-5.44714,0.0
0.41446,-5.38793,0.0
0.41446,-5.32873,0.0
0.41446,-5.26952,0.0
0.41446,-5.21031,0.0
0.41446,-5.1511,0.0
0.41446,-5.09189,0.0
0.41446,-5.03269,0.0
0.41446,-4.97348,0.0
0.41446,-4.91427,0.0
0.41446,-4.85506,0.0
0.41446,-4.79585,0.0
0.41446,-4.73665,0.0
0.41446,-4.67744,0.0
0.41446,-4.61823,0.0
0.41446,-4.55902,0.0
0.41446,-4.49981,0.0
0.41446,-4.4406,0.0
0.41446,-4.3814,0.0
0.41446,-4.32219,0.0
0.41446,-4.26298,0.0
0.41446,-4.20377,0.0
0.41446,-4.14456,0.0
0.41446,-4.08536,0.0
0.41446,-4.02615,0.0
0.41446,-3.96694,0.0
0.41446,-3.90773,0.0
0.41446,-3.84852,0.0
0.41446,-3.78932,0.0
0.41446,-3.73011,0.0
0.41446,-3.6709,0.0
0.41446,-3.61169,0.0
0.41446,-3.55248,0.0
0.41446,-3.49328,0.0
0.41446,-3.43407,0.0
0.41446,-3.37486,0.0
0.41446,-3.31565,0.0
0.41446,-3.25644,0.0
0.41446,-3.19724,0.0
0.41446,-3.13803,0.0
0.41446,-3.07882,0.0
0.41446,-3.01961,0.0
0.41446,-2.9604,0.0
0.41446,-2.9012,0.0
0.41446,-2.84199,0.0
0.41446,-2.78278,0.0
0.41446,-2.72357,0.0
0.41446,-2.66436,0.0
0.41446,-2.60515,0.0
0.41446,-2.54595,0.0
0.41446,-2.48674,0.0
0.41446,-2.42753,0.0
0.41446,-2.36832,0.0
0.41446,-2.30911,0.0
0.41446,-2.24991,0.0
0.41446,-2.1907,0.0
0.41446,-2.13149,0.0
0.41446,-2.07228,0.0
0.41446,-2.01307,0.0
0.41446,-1.95387,0.0
0.41446,-1.89466,0.0
0.41446,-1.83545,0.0
0.41446,-1.77624,0.0
0.41446,-1.71703,0.0
0.41446,-1.65783,0.0
0.41446,-1.59862,0.0
0.41446,-1.53941,0.0
0.41446,-1.4802,0.0
0.41446,-1.42099,0.0
0.41446,-1.36179,0.0
0.41446,-1.30258,0.0
0.41446,-1.24337,0.0
0.41446,-1.18416,0.0
0.41446,-1.12495,0.0
0.41446,-1.06575,0.0
0.41446,-1.00654,0.0
0.41446,-0.94733,0.0
0.41446,-0.88812,0.0
0.41446,-0.82891,0.0
0.41446,-0.7697,0.0
0.41446,-0.7105,0.0
0.41446,-0.65129,0.0
0.41446,-0.59208,0.0
0.41446,-0.53287,0.0
0.41446,-0.47366,0.0
0.41446,-0.41446,0.0
0.41446,-0.35525,0.0
0.41446,-0.29604,0.0
0.41446,-0.23683,0.0
0.41446,-0.17762,0.0
0.41446,-0.11842,0.0
0.41446,-0.05921,0.0
0.41446,0,0.0
0.41446,0.05921,0.0
0.41446,0.11842,0.0
0.41446,0.17762,0.0
0.41446,0.23683,0.0
0.41446,0.29604,0.0
0.41446,0.35525,0.0
0.41446,0.41446,0.0
0.41446,0.47366,0.0
0.41446,0.53287,0.0
0.41446,0.59208,0.0
0.41446,0.65129,0.0
0.41446,0.7105,0.0
0.41446,0.7697,0.0
0.41446,0.82891,0.0
0.41446,0.88812,0.0
0.41446,0.94733,0.0
0.41446,1.00654,0.0
0.41446,1.06575,0.0
0.41446,1.12495,0.0
0.41446,1.18416,0.0
0.41446,1.24337,0.0
0.41446,1.30258,0.0
0.41446,1.36179,0.0
0.41446,1.42099,0.0
0.41446,1.4802,0.0
0.41446,1.53941,0.0
0.41446,1.59862,0.0
0.41446,1.65783,0.0
0.41446,1.71703,0.0
0.41446,1.77624,0.0
0.41446,1.83545,0.0
0.41446,1.89466,0.0
0.41446,1.95387,0.0
0.41446,2.01307,0.0
0.41446,2.07228,0.0
0.41446,2.13149,0.0
0.41446,2.1907,0.0
0.41446,2.24991,0.0
0.41446,2.30911,0.0
0.41446,2.36832,0.0
0.41446,2.42753,0.0
0.41446,2.48674,0.0
0.41446,2.54595,0.0
0.41446,2.60515,0.0
0.41446,2.66436,0.0
0.41446,2.72357,0.0
0.41446,2.78278,0.0
0.41446,2.84199,0.0
0.41446,2.9012,0.0
0.41446,2.9604,0.0
0.41446,3.01961,0.0
0.41446,3.07882,0.0
0.41446,3.13803,0.0
0.41446,3.19724,0.0
0.41446,3.25644,0.0
0.41446,3.31565,0.0
0.41446,3.37486,0.0
0.41446,3.43407,0.0
0.41446,3.49328,0.0
0.41446,3.55248,0.0
0.41446,3.61169,0.0
0.41446,3.6709,0.0
0.41446,3.73011,0.0
0.41446,3.78932,0.0
0.41446,3.84852,0.0
0.41446,3.90773,0.0
0.41446,3.96694,0.0
0.41446,4.02615,0.0
0.41446,4.08536,0.0
0.41446,4.14456,0.0
0.41446,4.20377,0.0
0.41446,4.26298,0.0
0.41446,4.32219,0.0
0.41446,4.3814,0.0
0.41446,4.4406,0.0
0.41446,4.49981,0.0
0.41446,4.55902,0.0
0.41446,4.61823,0.0
0.41446,4.67744,0.0
0.41446,4.73665,0.0
0.41446,4.79585,0.0
0.41446,4.85506,0.0
0.41446,4.91427,0.0
0.41446,4.97348,0.0
0.41446,5.03269,0.0
0.41446,5.09189,0.0
0.41446,5.1511,0.0
0.41446,5.21031,0.0
0.41446,5.26952,0.0
0.41446,5.32873,0.0
0.41446,5.38793,0.0
0.41446,5.44714,0.0
0.41446,5.50635,0.0
0.41446,5.56556,0.0
0.41446,5.62477,0.0
0.41446,5.68397,0.0
0.41446,5.74318,0.0
0.47366,-5.74318,0.0
0.47366,-5.68397,0.0
0.47366,-5.62477,0.0
0.47366,-5.56556,0.0
0.47366,-5.50635,0.0
0.47366,-5.44714,0.0
0.47366,-5.38793,0.0
0.47366,-5.32873,0.0
0.47366,-5.26952,0.0
0.47366,-5.21031,0.0
0.47366,-5.1511,0.0
0.47366,-5.09189,0.0
0.47366,-5.03269,0.0
0.47366,-4.97348,0.0
0.47366,-4.91427,0.0
0.47366,-4.85506,0.0
0.47366,-4.79585,0.0
0.47366,-4.73665,0.0
0.47366,-4.67744,0.0
0.47366,-4.61823,0.0
0.47366,-4.55902,0.0
0.47366,-4.49981,0.0
0.47366,-4.4406,0.0
0.47366,-4.3814,0.0
0.47366,-4.32219,0.0
0.47366,-4.26298,0.0
0.47366,-4.20377,0.0
0.47366,-4.14456,0.0
0.47366,-4.08536,0.0
0.47366,-4.02615,0.0
0.47366,-3.96694,0.0
0.47366,-3.90773,0.0
0.47366,-3.84852,0.0
0.47366,-3.78932,0.0
0.47366,-3.73011,0.0
0.47366,-3.6709,0.0
0.47366,-3.61169,0.0
0.47366,-3.55248,0.0
0.47366,-3.49328,0.0
0.47366,-3.43407,0.0
0.47366,-3.37486,0.0
0.47366,-3.31565,0.0
0.47366,-3.25644,0.0
0.47366,-3.19724,0.0
0.47366,-3.13803,0.0
0.47366,-3.07882,0.0
0.47366,-3.01961,0.0
0.47366,-2.9604,0.0
0.47366,-2.9012,0.0
0.47366,-2.84199,0.0
0.47366,-2.78278,0.0
0.47366,-2.72357,0.0
0.47366,-2.66436,0.0
0.47366,-2.60515,0.0
0.47366,-2.54595,0.0
0.47366,-2.48674,0.0
0.47366,-2.42753,0.0
0.47366,-2.36832,0.0
0.47366,-2.30911,0.0
0.47366,-2.24991,0.0
0.47366,-2.1907,0.0
0.47366,-2.13149,0.0
0.47366,-2.07228,0.0
0.47366,-2.01307,0.0
0.47366,-1.95387,0.0
0.47366,-1.89466,0.0
0.47366,-1.83545,0.0
0.47366,-1.77624,0.0
0.47366,-1.71703,0.0
0.47366,-1.65783,0.0
0.47366,-1.59862,0.0
0.47366,-1.53941,0.0
0.47366,-1.4802,0.0
0.47366,-1.42099,0.0
0.47366,-1.36179,0.0
0.47366,-1.30258,0.0
0.47366,-1.24337,0.0
0.47366,-1.18416,0.0
0.47366,-1.12495,0.0
0.47366,-1.06575,0.0
0.47366,-1.00654,0.0
0.47366,-0.94733,0.0
0.47366,-0.88812,0.0
0.47366,-0.82891,0.0
0.47366,-0.7697,0.0
0.47366,-0.7105,0.0
0.47366,-0.65129,0.0
0.47366,-0.59208,0.0
0.47366,-0.53287,0.0
0.47366,-0.47366,0.0
0.47366,-0.41446,0.0
0.47366,-0.35525,0.0
0.47366,-0.29604,0.0
0.47366,-0.23683,0.0
0.47366,-0.17762,0.0
0.47366,-0.11842,0.0
0.47366,-0.05921,0.0
0.47366,0,0.0
0.47366,0.05921,0.0
0.47366,0.11842,0.0
0.47366,0.17762,0.0
0.47366,0.23683,0.0
0.47366,0.29604,0.0
0.47366,0.35525,0.0
0.47366,0.41446,0.0
0.47366,0.47366,0.0
0.47366,0.53287,0.0
0.47366,0.59208,0.0
0.47366,0.65129,0.0
0.47366,0.7105,0.0
0.47366,0.7697,0.0
0.47366,0.82891,0.0
0.47366,0.88812,0.0
0.47366,0.94733,0.0
0.47366,1.00654,0.0
0.47366,1.06575,0.0
0.47366,1.12495,0.0
0.47366,1.18416,0.0
0.47366,1.24337,0.0
0.47366,1.30258,0.0
0.47366,1.36179,0.0
0.47366,1.42099,0.0
0.47366,1.4802,0.0
0.47366,1.53941,0.0
0.47366,1.59862,0.0
0.47366,1.65783,0.0
0.47366,1.71703,0.0
0.47366,1.77624,0.0
0.47366,1.83545,0.0
0.47366,1.89466,0.0
0.47366,1.95387,0.0
0.47366,2.01307,0.0
0.47366,2.07228,0.0
0.47366,2.13149,0.0
0.47366,2.1907,0.0
0.47366,2.24991,0.0
0.47366,2.30911,0.0
0.47366,2.36832,0.0
0.47366,2.42753,0.0
0.47366,2.48674,0.0
0.47366,2.54595,0.0
0.47366,2.60515,0.0
0.47366,2.66436,0.0
0.47366,2.72357,0.0
0.47366,2.78278,0.0
0.47366,2.84199,0.0
0.47366,2.9012,0.0
0.47366,2.9604,0.0
0.47366,3.01961,0.0
0.47366,3.07882,0.0
0.47366,3.13803,0.0
0.47366,3.19724,0.0
0.47366,3.25644,0.0
0.47366,3.31565,0.0
0.47366,3.37486,0.0
0.47366,3.43407,0.0
0.47366,3.49328,0.0
0.47366,3.55248,0.0
0.47366,3.61169,0.0
0.47366,3.6709,0.0
0.47366,3.73011,0.0
0.47366,3.78932,0.0
0.47366,3.84852,0.0
0.47366,3.90773,0.0
0.47366,3.96694,0.0
0.47366,4.02615,0.0
0.47366,4.08536,0.0
0.47366,4.14456,0.0
0.47366,4.20377,0.0
0.47366,4.26298,0.0
0.47366,4.32219,0.0
0.47366,4.3814,0.0
0.47366,4.4406,0.0
0.47366,4.49981,0.0
0.47366,4.55902,0.0
0.47366,4.61823,0.0
0.47366,4.67744,0.0
0.47366,4.73665,0.0
0.47366,4.79585,0.0
0.47366,4.85506,0.0
0.47366,4.91427,0.0
0.47366,4.97348,0.0
0.47366,5.03269,0.0
0.47366,5.09189,0.0
0.47366,5.1511,0.0
0.47366,5.21031,0.0
0.47366,5.26952,0.0
0.47366,5.32873,0.0
0.47366,5.38793,0.0
0.47366,5.44714,0.0
0.47366,5.50635,0.0
0.47366,5.56556,0.0
0.47366,5.62477,0.0
0.47366,5.68397,0.0
0.47366,5.74318,0.0
0.53287,-5.74318,0.0
0.53287,-5.68397,0.0
0.53287,-5.62477,0.0
0.53287,-5.56556,0.0
0.53287,-5.50635,0.0
0.53287,-5.44714,0.0
0.53287,-5.38793,0.0
0.53287,-5.32873,0.0
0.53287,-5.26952,0.0
0.53287,-5.21031,0.0
0.53287,-5.1511,0.0
0.53287,-5.09189,0.0
0.53287,-5.03269,0.0
0.53287,-4.97348,0.0
0.53287,-4.91427,0.0
0.53287,-4.85506,0.0
0.53287,-4.79585,0.0
0.53287,-4.73665,0.0
0.53287,-4.67744,0.0
0.53287,-4.61823,0.0
0.53287,-4.55902,0.0
0.53287,-4.49981,0.0
0.53287,-4.4406,0.0
0.53287,-4.3814,0.0
0.53287,-4.32219,0.0
0.53287,-4.26298,0.0
0.53287,-4.20377,0.0
0.53287,-4.14456,0.0
0.53287,-4.08536,0.0
0.53287,-4.02615,0.0
0.53287,-3.96694,0.0
0.53287,-3.90773,0.0
0.53287,-3.84852,0.0
0.53287,-3.78932,0.0
0.53287,-3.73011,0.0
0.53287,-3.6709,0.0
0.53287,-3.61169,0.0
0.53287,-3.55248,0.0
0.53287,-3.49328,0.0
0.53287,-3.43407,0.0
0.53287,-3.37486,0.0
0.53287,-3.31565,0.0
0.53287,-3.25644,0.0
0.53287,-3.19724,0.0
0.53287,-3.13803,0.0
0.53287,-3.07882,0.0
0.53287,-3.01961,0.0
0.53287,-2.9604,0.0
0.53287,-2.9012,0.0
0.53287,-2.84199,0.0
0.53287,-2.78278,0.0
0.53287,-2.72357,0.0
0.53287,-2.66436,0.0
0.53287,-2.60515,0.0
0.53287,-2.54595,0.0
0.53287,-2.48674,0.0
0.53287,-2.42753,0.0
0.53287,-2.36832,0.0
0.53287,-2.30911,0.0
0.53287,-2.24991,0.0
0.53287,-2.1907,0.0
0.53287,-2.13149,0.0
0.53287,-2.07228,0.0
0.53287,-2.01307,0.0
0.53287,-1.95387,0.0
0.53287,-1.89466,0.0
0.53287,-1.83545,0.0
0.53287,-1.77624,0.0
0.53287,-1.71703,0.0
0.53287,-1.65783,0.0
0.53287,-1.59862,0.0
0.53287,-1.53941,0.0
0.53287,-1.4802,0.0
0.53287,-1.42099,0.0
0.53287,-1.36179,0.0
0.53287,-1.30258,0.0
0.53287,-1.24337,0.0
0.53287,-1.18416,0.0
0.53287,-1.12495,0.0
0.53287,-1.06575,0.0
0.53287,-1.00654,0.0
0.53287,-0.94733,0.0
0.53287,-0.88812,0.0
0.53287,-0.82891,0.0
0.53287,-0.7697,0.0
0.53287,-0.7105,0.0
0.53287,-0.65129,0.0
0.53287,-0.59208,0.0
0.53287,-0.53287,0.0
0.53287,-0.47366,0.0
0.53287,-0.41446,0.0
0.53287,-0.35525,0.0
0.53287,-0.29604,0.0
0.53287,-0.23683,0.0
0.53287,-0.17762,0.0
0.53287,-0.11842,0.0
0.53287,-0.05921,0.0
0.53287,0,0.0
0.53287,0.05921,0.0
0.53287,0.11842,0.0
0.53287,0.17762,0.0
0.53287,0.23683,0.0
0.53287,0.29604,0.0
0.53287,0.35525,0.0
0.53287,0.41446,0.0
0.53287,0.47366,0.0
0.53287,0.53287,0.0
0.53287,0.59208,0.0
0.53287,0.65129,0.0
0.53287,0.7105,0.0
0.53287,0.7697,0.0
0.53287,0.82891,0.0
0.53287,0.88812,0.0
0.53287,0.94733,0.0
0.53287,1.00654,0.0
0.53287,1.06575,0.0
0.53287,1.12495,0.0
0.53287,1.18416,0.0
0.53287,1.24337,0.0
0.53287,1.30258,0.0
0.53287,1.36179,0.0
0.53287,1.42099,0.0
0.53287,1.4802,0.0
0.53287,1.53941,0.0
0.53287,1.59862,0.0
0.53287,1.65783,0.0
0.53287,1.71703,0.0
0.53287,1.77624,0.0
0.53287,1.83545,0.0
0.53287,1.89466,0.0
0.53287,1.95387,0.0
0.53287,2.01307,0.0
0.53287,2.07228,0.0
0.53287,2.13149,0.0
0.53287,2.1907,0.0
0.53287,2.24991,0.0
0.53287,2.30911,0.0
0.53287,2.36832,0.0
0.53287,2.42753,0.0
0.53287,2.48674,0.0
0.53287,2.54595,0.0
0.53287,2.60515,0.0
0.53287,2.66436,0.0
0.53287,2.72357,0.0
0.53287,2.78278,0.0
0.53287,2.84199,0.0
0.53287,2.9012,0.0
0.53287,2.9604,0.0
0.53287,3.01961,0.0
0.53287,3.07882,0.0
0.53287,3.13803,0.0
0.53287,3.19724,0.0
0.53287,3.25644,0.0
0.53287,3.31565,0.0
0.53287,3.37486,0.0
0.53287,3.43407,0.0
0.53287,3.49328,0.0
0.53287,3.55248,0.0
0.53287,3.61169,0.0
0.53287,3.6709,0.0
0.53287,3.73011,0.0
0.53287,3.78932,0.0
0.53287,3.84852,0.0
0.53287,3.90773,0.0
0.53287,3.96694,0.0
0.53287,4.02615,0.0
0.53287,4.08536,0.0
0.53287,4.14456,0.0
0.53287,4.20377,0.0
0.53287,4.26298,0.0
0.53287,4.32219,0.0
0.53287,4.3814,0.0
0.53287,4.4406,0.0
0.53287,4.49981,0.0
0.53287,4.55902,0.0
0.53287,4.61823,0.0
0.53287,4.67744,0.0
0.53287,4.73665,0.0
0.53287,4.79585,0.0
0.53287,4.85506,0.0
0.53287,4.91427,0.0
0.53287,4.97348,0.0
0.53287,5.03269,0.0
0.53287,5.09189,0.0
0.53287,5.1511,0.0
0.53287,5.21031,0.0
0.53287,5.26952,0.0
0.53287,5.32873,0.0
0.53287,5.38793,0.0
0.53287,5.44714,0.0
0.53287,5.50635,0.0
0.53287,5.56556,0.0
0.53287,5.62477,0.0
0.53287,5.68397,0.0
0.53287,5.74318,0.0
0.59208,-5.74318,0.0
0.59208,-5.68397,0.0
0.59208,-5.62477,0.0
0.59208,-5.56556,0.0
0.59208,-5.50635,0.0
0.59208,-5.44714,0.0
0.59208,-5.38793,0.0
0.59208,-5.32873,0.0
0.59208,-5.26952,0.0
0.59208,-5.21031,0.0
0.59208,-5.1511,0.0
0.59208,-5.09189,0.0
0.59208,-5.03269,0.0
0.59208,-4.97348,0.0
0.59208,-4.91427,0.0
0.59208,-4.85506,0.0
0.59208,-4.79585,0.0
0.59208,-4.73665,0.0
0.59208,-4.67744,0.0
0.59208,-4.61823,0.0
0.59208,-4.55902,0.0
0.59208,-4.49981,0.0
0.59208,-4.4406,0.0
0.59208,-4.3814,0.0
0.59208,-4.32219,0.0
0.59208,-4.26298,0.0
0.59208,-4.20377,0.0
0.59208,-4.14456,0.0
0.59208,-4.08536,0.0
0.59208,-4.02615,0.0
0.59208,-3.96694,0.0
0.59208,-3.90773,0.0
0.59208,-3.84852,0.0
0.59208,-3.78932,0.0
0.59208,-3.73011,0.0
0.59208,-3.6709,0.0
0.59208,-3.61169,0.0
0.59208,-3.55248,0.0
0.59208,-3.49328,0.0
0.59208,-3.43407,0.0
0.59208,-3.37486,0.0
0.59208,-3.31565,0.0
0.59208,-3.25644,0.0
0.59208,-3.19724,0.0
0.59208,-3.13803,0.0
0.59208,-3.07882,0.0
0.59208,-3.01961,0.0
0.59208,-2.9604,0.0
0.59208,-2.9012,0.0
0.59208,-2.84199,0.0
0.59208,-2.78278,0.0
0.59208,-2.72357,0.0
0.59208,-2.66436,0.0
0.59208,-2.60515,0.0
0.59208,-2.54595,0.0
0.59208,-2.48674,0.0
0.59208,-2.42753,0.0
0.59208,-2.36832,0.0
0.59208,-2.30911,0.0
0.59208,-2.24991,0.0
0.59208,-2.1907,0.0
0.59208,-2.13149,0.0
0.59208,-2.07228,0.0
0.59208,-2.01307,0.0
0.59208,-1.95387,0.0
0.59208,-1.89466,0.0
0.59208,-1.83545,0.0
0.59208,-1.77624,0.0
0.59208,-1.71703,0.0
0.59208,-1.65783,0.0
0.59208,-1.59862,0.0
0.59208,-1.53941,0.0
0.59208,-1.4802,0.0
0.59208,-1.42099,0.0
0.59208,-1.36179,0.0
0.59208,-1.30258,0.0
0.59208,-1.24337,0.0
0.59208,-1.18416,0.0
0.59208,-1.12495,0.0
0.59208,-1.06575,0.0
0.59208,-1.00654,0.0
0.59208,-0.94733,0.0
0.59208,-0.88812,0.0
0.59208,-0.82891,0.0
0.59208,-0.7697,0.0
0.59208,-0.7105,0.0
0.59208,-0.65129,0.0
0.59208,-0.59208,0.0
0.59208,-0.53287,0.0
0.59208,-0.47366,0.0
0.59208,-0.41446,0.0
0.59208,-0.35525,0.0
0.59208,-0.29604,0.0
0.59208,-0.23683,0.0
0.59208,-0.17762,0.0
0.59208,-0.11842,0.0
0.59208,-0.05921,0.0
0.59208,0,0.0
0.59208,0.05921,0.0
0.59208,0.11842,0.0
0.59208,0.17762,0.0
0.59208,0.23683,0.0
0.59208,0.29604,0.0
0.59208,0.35525,0.0
0.59208,0.41446,0.0
0.59208,0.47366,0.0
0.59208,0.53287,0.0
0.59208,0.59208,0.0
0.59208,0.65129,0.0
0.59208,0.7105,0.0
0.59208,0.7697,0.0
0.59208,0.82891,0.0
0.59208,0.88812,0.0
0.59208,0.94733,0.0
0.59208,1.00654,0.0
0.59208,1.06575,0.0
0.59208,1.12495,0.0
0.59208,1.18416,0.0
0.59208,1.24337,0.0
0.59208,1.30258,0.0
0.59208,1.36179,0.0
0.59208,1.42099,0.0
0.59208,1.4802,0.0
0.59208,1.53941,0.0
0.59208,1.59862,0.0
0.59208,1.65783,0.0
0.59208,1.71703,0.0
0.59208,1.77624,0.0
0.59208,1.83545,0.0
0.59208,1.89466,0.0
0.59208,1.95387,0.0
0.59208,2.01307,0.0
0.59208,2.07228,0.0
0.59208,2.13149,0.0
0.59208,2.1907,0.0
0.59208,2.24991,0.0
0.59208,2.30911,0.0
0.59208,2.36832,0.0
0.59208,2.42753,0.0
0.59208,2.48674,0.0
0.59208,2.54595,0.0
0.59208,2.60515,0.0
0.59208,2.66436,0.0
0.59208,2.72357,0.0
0.59208,2.78278,0.0
0.59208,2.84199,0.0
0.59208,2.9012,0.0
0.59208,2.9604,0.0
0.59208,3.01961,0.0
0.59208,3.07882,0.0
0.59208,3.13803,0.0
0.59208,3.19724,0.0
0.59208,3.25644,0.0
0.59208,3.31565,0.0
0.59208,3.37486,0.0
0.59208,3.43407,0.0
0.59208,3.49328,0.0
0.59208,3.55248,0.0
0.59208,3.61169,0.0
0.59208,3.6709,0.0
0.59208,3.73011,0.0
0.59208,3.78932,0.0
0.59208,3.84852,0.0
0.59208,3.90773,0.0
0.59208,3.96694,0.0
0.59208,4.02615,0.0
0.59208,4.08536,0.0
0.59208,4.14456,0.0
0.59208,4.20377,0.0
0.59208,4.26298,0.0
0.59208,4.32219,0.0
0.59208,4.3814,0.0
0.59208,4.4406,0.0
0.59208,4.49981,0.0
0.59208,4.55902,0.0
0.59208,4.61823,0.0
0.59208,4.67744,0.0
0.59208,4.73665,0.0
0.59208,4.79585,0.0
0.59208,4.85506,0.0
0.59208,4.91427,0.0
0.59208,4.97348,0.0
0.59208,5.03269,0.0
0.59208,5.09189,0.0
0.59208,5.1511,0.0
0.59208,5.21031,0.0
0.59208,5.26952,0.0
0.59208,5.32873,0.0
0.59208,5.38793,0.0
0.59208,5.44714,0.0
0.59208,5.50635,0.0
0.59208,5.56556,0.0
0.59208,5.62477,0.0
0.59208,5.68397,0.0
0.59208,5.74318,0.0
0.65129,-5.74318,0.0
0.65129,-5.68397,0.0
0.65129,-5.62477,0.0
0.65129,-5.56556,0.0
0.65129,-5.50635,0.0
0.65129,-5.44714,0.0
0.65129,-5.38793,0.0
0.65129,-5.32873,0.0
0.65129,-5.26952,0.0
0.65129,-5.21031,0.0
0.65129,-5.1511,0.0
0.65129,-5.09189,0.0
0.65129,-5.03269,0.0
0.65129,-4.97348,0.0
0.65129,-4.91427,0.0
0.65129,-4.85506,0.0
0.65129,-4.79585,0.0
0.65129,-4.73665,0.0
0.65129,-4.67744,0.0
0.65129,-4.61823,0.0
0.65129,-4.55902,0.0
0.65129,-4.49981,0.0
0.65129,-4.4406,0.0
0.65129,-4.3814,0.0
0.65129,-4.32219,0.0
0.65129,-4.26298,0.0
0.65129,-4.20377,0.0
0.65129,-4.14456,0.0
0.65129,-4.08536,0.0
0.65129,-4.02615,0.0
0.65129,-3.96694,0.0
0.65129,-3.90773,0.0
0.65129,-3.84852,0.0
0.65129,-3.78932,0.0
0.65129,-3.73011,0.0
0.65129,-3.6709,0.0
0.65129,-3.61169,0.0
0.65129,-3.55248,0.0
0.65129,-3.49328,0.0
0.65129,-3.43407,0.0
0.65129,-3.37486,0.0
0.65129,-3.31565,0.0
0.65129,-3.25644,0.0
0.65129,-3.19724,0.0
0.65129,-3.13803,0.0
0.65129,-3.07882,0.0
0.65129,-3.01961,0.0
0.65129,-2.9604,0.0
0.65129,-2.9012,0.0
0.65129,-2.84199,0.0
0.65129,-2.78278,0.0
0.65129,-2.72357,0.0
0.65129,-2.66436,0.0
0.65129,-2.60515,0.0
0.65129,-2.54595,0.0
0.65129,-2.48674,0.0
0.65129,-2.42753,0.0
0.65129,-2.36832,0.0
0.65129,-2.30911,0.0
0.65129,-2.24991,0.0
0.65129,-2.1907,0.0
0.65129,-2.13149,0.0
0.65129,-2.07228,0.0
0.65129,-2.01307,0.0
0.65129,-1.95387,0.0
0.65129,-1.89466,0.0
0.65129,-1.83545,0.0
0.65129,-1.77624,0.0
0.65129,-1.71703,0.0
0.65129,-1.65783,0.0
0.65129,-1.59862,0.0
0.65129,-1.53941,0.0
0.65129,-1.4802,0.0
0.65129,-1.42099,0.0
0.65129,-1.36179,0.0
0.65129,-1.30258,0.0
0.65129,-1.24337,0.0
0.65129,-1.18416,0.0
0.65129,-1.12495,0.0
0.65129,-1.06575,0.0
0.65129,-1.00654,0.0
0.65129,-0.94733,0.0
0.65129,-0.88812,0.0
0.65129,-0.82891,0.0
0.65129,-0.7697,0.0
0.65129,-0.7105,0.0
0.65129,-0.65129,0.0
0.65129,-0.59208,0.0
0.65129,-0.53287,0.0
0.65129,-0.47366,0.0
0.65129,-0.41446,0.0
0.65129,-0.35525,0.0
0.65129,-0.29604,0.0
0.65129,-0.23683,0.0
0.65129,-0.17762,0.0
0.65129,-0.11842,0.0
0.65129,-0.05921,0.0
0.65129,0,0.0
0.65129,0.05921,0.0
0.65129,0.11842,0.0
0.65129,0.17762,0.0
0.65129,0.23683,0.0
0.65129,0.29604,0.0
0.65129,0.35525,0.0
0.65129,0.41446,0.0
0.65129,0.47366,0.0
0.65129,0.53287,0.0
0.65129,0.59208,0.0
0.65129,0.65129,0.0
0.65129,0.7105,0.0
0.65129,0.7697,0.0
0.65129,0.82891,0.0
0.65129,0.88812,0.0
0.65129,0.94733,0.0
0.65129,1.00654,0.0
0.65129,1.06575,0.0
0.65129,1.12495,0.0
0.65129,1.18416,0.0
0.65129,1.24337,0.0
0.65129,1.30258,0.0
0.65129,1.36179,0.0
0.65129,1.42099,0.0
0.65129,1.4802,0.0
0.65129,1.53941,0.0
0.65129,1.59862,0.0
0.65129,1.65783,0.0
0.65129,1.71703,0.0
0.65129,1.77624,0.0
0.65129,1.83545,0.0
0.65129,1.89466,0.0
0.65129,1.95387,0.0
0.65129,2.01307,0.0
0.65129,2.07228,0.0
0.65129,2.13149,0.0
0.65129,2.1907,0.0
0.65129,2.24991,0.0
0.65129,2.30911,0.0
0.65129,2.36832,0.0
0.65129,2.42753,0.0
0.65129,2.48674,0.0
0.65129,2.54595,0.0
0.65129,2.60515,0.0
0.65129,2.66436,0.0
0.65129,2.72357,0.0
0.65129,2.78278,0.0
0.65129,2.84199,0.0
0.65129,2.9012,0.0
0.65129,2.9604,0.0
0.65129,3.01961,0.0
0.65129,3.07882,0.0
0.65129,3.13803,0.0
0.65129,3.19724,0.0
0.65129,3.25644,0.0
0.65129,3.31565,0.0
0.65129,3.37486,0.0
0.65129,3.43407,0.0
0.65129,3.49328,0.0
0.65129,3.55248,0.0
0.65129,3.61169,0.0
0.65129,3.6709,0.0
0.65129,3.73011,0.0
0.65129,3.78932,0.0
0.65129,3.84852,0.0
0.65129,3.90773,0.0
0.65129,3.96694,0.0
0.65129,4.02615,0.0
0.65129,4.08536,0.0
0.65129,4.14456,0.0
0.65129,4.20377,0.0
0.65129,4.26298,0.0
0.65129,4.32219,0.0
0.65129,4.3814,0.0
0.65129,4.4406,0.0
0.65129,4.49981,0.0
0.65129,4.55902,0.0
0.65129,4.61823,0.0
0.65129,4.67744,0.0
0.65129,4.73665,0.0
0.65129,4.79585,0.0
0.65129,4.85506,0.0
0.65129,4.91427,0.0
0.65129,4.97348,0.0
0.65129,5.03269,0.0
0.65129,5.09189,0.0
0.65129,5.1511,0.0
0.65129,5.21031,0.0
0.65129,5.26952,0.0
0.65129,5.32873,0.0
0.65129,5.38793,0.0
0.65129,5.44714,0.0
0.65129,5.50635,0.0
0.65129,5.56556,0.0
0.65129,5.62477,0.0
0.65129,5.68397,0.0
0.65129,5.74318,0.0
0.7105,-5.74318,0.0
0.7105,-5.68397,0.0
0.7105,-5.62477,0.0
0.7105,-5.56556,0.0
0.7105,-5.50635,0.0
0.7105,-5.44714,0.0
0.7105,-5.38793,0.0
0.7105,-5.32873,0.0
0.7105,-5.26952,0.0
0.7105,-5.21031,0.0
0.7105,-5.1511,0.0
0.7105,-5.09189,0.0
0.7105,-5.03269,0.0
0.7105,-4.97348,0.0
0.7105,-4.91427,0.0
0.7105,-4.85506,0.0
0.7105,-4.79585,0.0
0.7105,-4.73665,0.0
0.7105,-4.67744,0.0
0.7105,-4.61823,0.0
0.7105,-4.55902,0.0
0.7105,-4.49981,0.0
0.7105,-4.4406,0.0
0.7105,-4.3814,0.0
0.7105,-4.32219,0.0
0.7105,-4.26298,0.0
0.7105,-4.20377,0.0
0.7105,-4.14456,0.0
0.7105,-4.08536,0.0
0.7105,-4.02615,0.0
0.7105,-3.96694,0.0
0.7105,-3.90773,0.0
0.7105,-3.84852,0.0
0.7105,-3.78932,0.0
0.7105,-3.73011,0.0
0.7105,-3.6709,0.0
0.7105,-3.61169,0.0
0.7105,-3.55248,0.0
0.7105,-3.49328,0.0
0.7105,-3.43407,0.0
0.7105,-3.37486,0.0
0.7105,-3.31565,0.0
0.7105,-3.25644,0.0
0.7105,-3.19724,0.0
0.7105,-3.13803,0.0
0.7105,-3.07882,0.0
0.7105,-3.01961,0.0
0.7105,-2.9604,0.0
0.7105,-2.9012,0.0
0.7105,-2.84199,0.0
0.7105,-2.78278,0.0
0.7105,-2.72357,0.0
0.7105,-2.66436,0.0
0.7105,-2.60515,0.0
0.7105,-2.54595,0.0
0.7105,-2.48674,0.0
0.7105,-2.42753,0.0
0.7105,-2.36832,0.0
0.7105,-2.30911,0.0
0.7105,-2.24991,0.0
0.7105,-2.1907,0.0
0.7105,-2.13149,0.0
0.7105,-2.07228,0.0
0.7105,-2.01307,0.0
0.7105,-1.95387,0.0
0.7105,-1.89466,0.0
0.7105,-1.83545,0.0
0.7105,-1.77624,0.0
0.7105,-1.71703,0.0
0.7105,-1.65783,0.0
0.7105,-1.59862,0.0
0.7105,-1.53941,0.0
0.7105,-1.4802,0.0
0.7105,-1.42099,0.0
0.7105,-1.36179,0.0
0.7105,-1.30258,0.0
0.7105,-1.24337,0.0
0.7105,-1.18416,0.0
0.7105,-1.12495,0.0
0.7105,-1.06575,0.0
0.7105,-1.00654,0.0
0.7105,-0.94733,0.0
0.7105,-0.88812,0.0
0.7105,-0.82891,0.0
0.7105,-0.7697,0.0
0.7105,-0.7105,0.0
0.7105,-0.65129,0.0
0.7105,-0.59208,0.0
0.7105,-0.53287,0.0
0.7105,-0.47366,0.0
0.7105,-0.41446,0.0
0.7105,-0.35525,0.0
0.7105,-0.29604,0.0
0.7105,-0.23683,0.0
0.7105,-0.17762,0.0
0.7105,-0.11842,0.0
0.7105,-0.05921,0.0
0.7105,0,0.0
0.7105,0.05921,0.0
0.7105,0.11842,0.0
0.7105,0.17762,0.0
0.7105,0.23683,0.0
0.7105,0.29604,0.0
0.7105,0.35525,0.0
0.7105,0.41446,0.0
0.7105,0.47366,0.0
0.7105,0.53287,0.0
0.7105,0.59208,0.0
0.7105,0.65129,0.0
0.7105,0.7105,0.0
0.7105,0.7697,0.0
0.7105,0.82891,0.0
0.7105,0.88812,0.0
0.7105,0.94733,0.0
0.7105,1.00654,0.0
0.7105,1.06575,0.0
0.7105,1.12495,0.0
0.7105,1.18416,0.0
0.7105,1.24337,0.0
0.7105,1.30258,0.0
0.7105,1.36179,0.0
0.7105,1.42099,0.0
0.7105,1.4802,0.0
0.7105,1.53941,0.0
0.7105,1.59862,0.0
0.7105,1.65783,0.0
0.7105,1.71703,0.0
0.7105,1.77624,0.0
0.7105,1.83545,0.0
0.7105,1.89466,0.0
0.7105,1.95387,0.0
0.7105,2.01307,0.0
0.7105,2.07228,0.0
0.7105,2.13149,0.0
0.7105,2.1907,0.0
0.7105,2.24991,0.0
0.7105,2.30911,0.0
0.7105,2.36832,0.0
0.7105,2.42753,0.0
0.7105,2.48674,0.0
0.7105,2.54595,0.0
0.7105,2.60515,0.0
0.7105,2.66436,0.0
0.7105,2.72357,0.0
0.7105,2.78278,0.0
0.7105,2.84199,0.0
0.7105,2.9012,0.0
0.7105,2.9604,0.0
0.7105,3.01961,0.0
0.7105,3.07882,0.0
0.7105,3.13803,0.0
0.7105,3.19724,0.0
0.7105,3.25644,0.0
0.7105,3.31565,0.0
0.7105,3.37486,0.0
0.7105,3.43407,0.0
0.7105,3.49328,0.0
0.7105,3.55248,0.0
0.7105,3.61169,0.0
0.7105,3.6709,0.0
0.7105,3.73011,0.0
0.7105,3.78932,0.0
0.7105,3.84852,0.0
0.7105,3.90773,0.0
0.7105,3.96694,0.0
0.7105,4.02615,0.0
0.7105,4.08536,0.0
0.7105,4.14456,0.0
0.7105,4.20377,0.0
0.7105,4.26298,0.0
0.7105,4.32219,0.0
0.7105,4.3814,0.0
0.7105,4.4406,0.0
0.7105,4.49981,0.0
0.7105,4.55902,0.0
0.7105,4.61823,0.0
0.7105,4.67744,0.0
0.7105,4.73665,0.0
0.7105,4.79585,0.0
0.7105,4.85506,0.0
0.7105,4.91427,0.0
0.7105,4.97348,0.0
0.7105,5.03269,0.0
0.7105,5.09189,0.0
0.7105,5.1511,0.0
0.7105,5.21031,0.0
0.7105,5.26952,0.0
0.7105,5.32873,0.0
0.7105,5.38793,0.0
0.7105,5.44714,0.0
0.7105,5.50635,0.0
0.7105,5.56556,0.0
0.7105,5.62477,0.0
0.7105,5.68397,0.0
0.7105,5.74318,0.0
0.7697,-5.74318,0.0
0.7697,-5.68397,0.0
0.7697,-5.62477,0.0
0.7697,-5.56556,0.0
0.7697,-5.50635,0.0
0.7697,-5.44714,0.0
0.7697,-5.38793,0.0
0.7697,-5.32873,0.0
0.7697,-5.26952,0.0
0.7697,-5.21031,0.0
0.7697,-5.1511,0.0
0.7697,-5.09189,0.0
0.7697,-5.03269,0.0
0.7697,-4.97348,0.0
0.7697,-4.91427,0.0
0.7697,-4.85506,0.0
0.7697,-4.79585,0.0
0.7697,-4.73665,0.0
0.7697,-4.67744,0.0
0.7697,-4.61823,0.0
0.7697,-4.55902,0.0
0.7697,-4.49981,0.0
0.7697,-4.4406,0.0
0.7697,-4.3814,0.0
0.7697,-4.32219,0.0
0.7697,-4.26298,0.0
0.7697,-4.20377,0.0
0.7697,-4.14456,0.0
0.7697,-4.08536,0.0
0.7697,-4.02615,0.0
0.7697,-3.96694,0.0
0.7697,-3.90773,0.0
0.7697,-3.84852,0.0
0.7697,-3.78932,0.0
0.7697,-3.73011,0.0
0.7697,-3.6709,0.0
0.7697,-3.61169,0.0
0.7697,-3.55248,0.0
0.7697,-3.49328,0.0
0.7697,-3.43407,0.0
0.7697,-3.37486,0.0
0.7697,-3.31565,0.0
0.7697,-3.25644,0.0
0.7697,-3.19724,0.0
0.7697,-3.13803,0.0
0.7697,-3.07882,0.0
0.7697,-3.01961,0.0
0.7697,-2.9604,0.0
0.7697,-2.9012,0.0
0.7697,-2.84199,0.0
0.7697,-2.78278,0.0
0.7697,-2.72357,0.0
0.7697,-2.66436,0.0
0.7697,-2.60515,0.0
0.7697,-2.54595,0.0
0.7697,-2.48674,0.0
0.7697,-2.42753,0.0
0.7697,-2.36832,0.0
0.7697,-2.30911,0.0
0.7697,-2.24991,0.0
0.7697,-2.1907,0.0
0.7697,-2.13149,0.0
0.7697,-2.07228,0.0
0.7697,-2.01307,0.0
0.7697,-1.95387,0.0
0.7697,-1.89466,0.0
0.7697,-1.83545,0.0
0.7697,-1.77624,0.0
0.7697,-1.71703,0.0
0.7697,-1.65783,0.0
0.7697,-1.59862,0.0
0.7697,-1.53941,0.0
0.7697,-1.4802,0.0
0.7697,-1.42099,0.0
0.7697,-1.36179,0.0
0.7697,-1.30258,0.0
0.7697,-1.24337,0.0
0.7697,-1.18416,0.0
0.7697,-1.12495,0.0
0.7697,-1.06575,0.0
0.7697,-1.00654,0.0
0.7697,-0.94733,0.0
0.7697,-0.88812,0.0
0.7697,-0.82891,0.0
0.7697,-0.7697,0.0
0.7697,-0.7105,0.0
0.7697,-0.65129,0.0
0.7697,-0.59208,0.0
0.7697,-0.53287,0.0
0.7697,-0.47366,0.0
0.7697,-0.41446,0.0
0.7697,-0.35525,0.0
0.7697,-0.29604,0.0
0.7697,-0.23683,0.0
0.7697,-0.17762,0.0
0.7697,-0.11842,0.0
0.7697,-0.05921,0.0
0.7697,0,0.0
0.7697,0.05921,0.0
0.7697,0.11842,0.0
0.7697,0.17762,0.0
0.7697,0.23683,0.0
0.7697,0.29604,0.0
0.7697,0.35525,0.0
0.7697,0.41446,0.0
0.7697,0.47366,0.0
0.7697,0.53287,0.0
0.7697,0.59208,0.0
0.7697,0.65129,0.0
0.7697,0.7105,0.0
0.7697,0.7697,0.0
0.7697,0.82891,0.0
0.7697,0.88812,0.0
0.7697,0.94733,0.0
0.7697,1.00654,0.0
0.7697,1.06575,0.0
0.7697,1.12495,0.0
0.7697,1.18416,0.0
0.7697,1.24337,0.0
0.7697,1.30258,0.0
0.7697,1.36179,0.0
0.7697,1.42099,0.0
0.7697,1.4802,0.0
0.7697,1.53941,0.0
0.7697,1.59862,0.0
0.7697,1.65783,0.0
0.7697,1.71703,0.0
0.7697,1.77624,0.0
0.7697,1.83545,0.0
0.7697,1.89466,0.0
0.7697,1.95387,0.0
0.7697,2.01307,0.0
0.7697,2.07228,0.0
0.7697,2.13149,0.0
0.7697,2.1907,0.0
0.7697,2.24991,0.0
0.7697,2.30911,0.0
0.7697,2.36832,0.0
0.7697,2.42753,0.0
0.7697,2.48674,0.0
0.7697,2.54595,0.0
0.7697,2.60515,0.0
0.7697,2.66436,0.0
0.7697,2.72357,0.0
0.7697,2.78278,0.0
0.7697,2.84199,0.0
0.7697,2.9012,0.0
0.7697,2.9604,0.0
0.7697,3.01961,0.0
0.7697,3.07882,0.0
0.7697,3.13803,0.0
0.7697,3.19724,0.0
0.7697,3.25644,0.0
0.7697,3.31565,0.0
0.7697,3.37486,0.0
0.7697,3.43407,0.0
0.7697,3.49328,0.0
0.7697,3.55248,0.0
0.7697,3.61169,0.0
0.7697,3.6709,0.0
0.7697,3.73011,0.0
0.7697,3.78932,0.0
0.7697,3.84852,0.0
0.7697,3.90773,0.0
0.7697,3.96694,0.0
0.7697,4.02615,0.0
0.7697,4.08536,0.0
0.7697,4.14456,0.0
0.7697,4.20377,0.0
0.7697,4.26298,0.0
0.7697,4.32219,0.0
0.7697,4.3814,0.0
0.7697,4.4406,0.0
0.7697,4.49981,0.0
0.7697,4.55902,0.0
0.7697,4.61823,0.0
0.7697,4.67744,0.0
0.7697,4.73665,0.0
0.7697,4.79585,0.0
0.7697,4.85506,0.0
0.7697,4.91427,0.0
0.7697,4.97348,0.0
0.7697,5.03269,0.0
0.7697,5.09189,0.0
0.7697,5.1511,0.0
0.7697,5.21031,0.0
0.7697,5.26952,0.0
0.7697,5.32873,0.0
0.7697,5.38793,0.0
0.7697,5.44714,0.0
0.7697,5.50635,0.0
0.7697,5.56556,0.0
0.7697,5.62477,0.0
0.7697,5.68397,0.0
0.7697,5.74318,0.0
0.82891,-5.68397,0.0
0.82891,-5.62477,0.0
0.82891,-5.56556,0.0
0.82891,-5.50635,0.0
0.82891,-5.44714,0.0
0.82891,-5.38793,0.0
0.82891,-5.32873,0.0
0.82891,-5.26952,0.0
0.82891,-5.21031,0.0
0.82891,-5.1511,0.0
0.82891,-5.09189,0.0
0.82891,-5.03269,0.0
0.82891,-4.97348,0.0
0.82891,-4.91427,0.0
0.82891,-4.85506,0.0
0.82891,-4.79585,0.0
0.82891,-4.73665,0.0
0.82891,-4.67744,0.0
0.82891,-4.61823,0.0
0.82891,-4.55902,0.0
0.82891,-4.49981,0.0
0.82891,-4.4406,0.0
0.82891,-4.3814,0.0
0.82891,-4.32219,0.0
0.82891,-4.26298,0.0
0.82891,-4.20377,0.0
0.82891,-4.14456,0.0
0.82891,-4.08536,0.0
0.82891,-4.02615,0.0
0.82891,-3.96694,0.0
0.82891,-3.90773,0.0
0.82891,-3.84852,0.0
0.82891,-3.78932,0.0
0.82891,-3.73011,0.0
0.82891,-3.6709,0.0
0.82891,-3.61169,0.0
0.82891,-3.55248,0.0
0.82891,-3.49328,0.0
0.82891,-3.43407,0.0
0.82891,-3.37486,0.0
0.82891,-3.31565,0.0
0.82891,-3.25644,0.0
0.82891,-3.19724,0.0
0.82891,-3.13803,0.0
0.82891,-3.07882,0.0
0.82891,-3.01961,0.0
0.82891,-2.9604,0.0
0.82891,-2.9012,0.0
0.82891,-2.84199,0.0
0.82891,-2.78278,0.0
0.82891,-2.72357,0.0
0.82891,-2.66436,0.0
0.82891,-2.60515,0.0
0.82891,-2.54595,0.0
0.82891,-2.48674,0.0
0.82891,-2.42753,0.0
0.82891,-2.36832,0.0
0.82891,-2.30911,0.0
0.82891,-2.24991,0.0
0.82891,-2.1907,0.0
0.82891,-2.13149,0.0
0.82891,-2.07228,0.0
0.82891,-2.01307,0.0
0.82891,-1.95387,0.0
0.82891,-1.89466,0.0
0.82891,-1.83545,0.0
0.82891,-1.77624,0.0
0.82891,-1.71703,0.0
0.82891,-1.65783,0.0
0.82891,-1.59862,0.0
0.82891,-1.53941,0.0
0.82891,-1.4802,0.0
0.82891,-1.42099,0.0
0.82891,-1.36179,0.0
0.82891,-1.30258,0.0
0.82891,-1.24337,0.0
0.82891,-1.18416,0.0
0.82891,-1.12495,0.0
0.82891,-1.06575,0.0
0.82891,-1.00654,0.0
0.82891,-0.94733,0.0
0.82891,-0.88812,0.0
0.82891,-0.82891,0.0
0.82891,-0.7697,0.0
0.82891,-0.7105,0.0
0.82891,-0.65129,0.0
0.82891,-0.59208,0.0
0.82891,-0.53287,0.0
0.82891,-0.47366,0.0
0.82891,-0.41446,0.0
0.82891,-0.35525,0.0
0.82891,-0.29604,0.0
0.82891,-0.23683,0.0
0.82891,-0.17762,0.0
0.82891,-0.11842,0.0
0.82891,-0.05921,0.0
0.82891,0,0.0
0.82891,0.05921,0.0
0.82891,0.11842,0.0
0.82891,0.17762,0.0
0.82891,0.23683,0.0
0.82891,0.29604,0.0
0.82891,0.35525,0.0
0.82891,0.41446,0.0
0.82891,0.47366,0.0
0.82891,0.53287,0.0
0.82891,0.59208,0.0
0.82891,0.65129,0.0
0.82891,0.7105,0.0
0.82891,0.7697,0.0
0.82891,0.82891,0.0
0.82891,0.88812,0.0
0.82891,0.94733,0.0
0.82891,1.00654,0.0
0.82891,1.06575,0.0
0.82891,1.12495,0.0
0.82891,1.18416,0.0
0.82891,1.24337,0.0
0.82891,1.30258,0.0
0.82891,1.36179,0.0
0.82891,1.42099,0.0
0.82891,1.4802,0.0
0.82891,1.53941,0.0
0.82891,1.59862,0.0
0.82891,1.65783,0.0
0.82891,1.71703,0.0
0.82891,1.77624,0.0
0.82891,1.83545,0.0
0.82891,1.89466,0.0
0.82891,1.95387,0.0
0.82891,2.01307,0.0
0.82891,2.07228,0.0
0.82891,2.13149,0.0
0.82891,2.1907,0.0
0.82891,2.24991,0.0
0.82891,2.30911,0.0
0.82891,2.36832,0.0
0.82891,2.42753,0.0
0.82891,2.48674,0.0
0.82891,2.54595,0.0
0.82891,2.60515,0.0
0.82891,2.66436,0.0
0.82891,2.72357,0.0
0.82891,2.78278,0.0
0.82891,2.84199,0.0
0.82891,2.9012,0.0
0.82891,2.9604,0.0
0.82891,3.01961,0.0
0.82891,3.07882,0.0
0.82891,3.13803,0.0
0.82891,3.19724,0.0
0.82891,3.25644,0.0
0.82891,3.31565,0.0
0.82891,3.37486,0.0
0.82891,3.43407,0.0
0.82891,3.49328,0.0
0.82891,3.55248,0.0
0.82891,3.61169,0.0
0.82891,3.6709,0.0
0.82891,3.73011,0.0
0.82891,3.78932,0.0
0.82891,3.84852,0.0
0.82891,3.90773,0.0
0.82891,3.96694,0.0
0.82891,4.02615,0.0
0.82891,4.08536,0.0
0.82891,4.14456,0.0
0.82891,4.20377,0.0
0.82891,4.26298,0.0
0.82891,4.32219,0.0
0.82891,4.3814,0.0
0.82891,4.4406,0.0
0.82891,4.49981,0.0
0.82891,4.55902,0.0
0.82891,4.61823,0.0
0.82891,4.67744,0.0
0.82891,4.73665,0.0
0.82891,4.79585,0.0
0.82891,4.85506,0.0
0.82891,4.91427,0.0
0.82891,4.97348,0.0
0.82891,5.03269,0.0
0.82891,5.09189,0.0
0.82891,5.1511,0.0
0.82891,5.21031,0.0
0.82891,5.26952,0.0
0.82891,5.32873,0.0
0.82891,5.38793,0.0
0.82891,5.44714,0.0
0.82891,5.50635,0.0
0.82891,5.56556,0.0
0.82891,5.62477,0.0
0.82891,5.68397,0.0
0.88812,-5.68397,0.0
0.88812,-5.62477,0.0
0.88812,-5.56556,0.0
0.88812,-5.50635,0.0
0.88812,-5.44714,0.0
0.88812,-5.38793,0.0
0.88812,-5.32873,0.0
0.88812,-5.26952,0.0
0.88812,-5.21031,0.0
0.88812,-5.1511,0.0
0.88812,-5.09189,0.0
0.88812,-5.03269,0.0
0.88812,-4.97348,0.0
0.88812,-4.91427,0.0
0.88812,-4.85506,0.0
0.88812,-4.79585,0.0
0.88812,-4.73665,0.0
0.88812,-4.67744,0.0
0.88812,-4.61823,0.0
0.88812,-4.55902,0.0
0.88812,-4.49981,0.0
0.88812,-4.4406,0.0
0.88812,-4.3814,0.0
0.88812,-4.32219,0.0
0.88812,-4.26298,0.0
0.88812,-4.20377,0.0
0.88812,-4.14456,0.0
0.88812,-4.08536,0.0
0.88812,-4.02615,0.0
0.88812,-3.96694,0.0
0.88812,-3.90773,0.0
0.88812,-3.84852,0.0
0.88812,-3.78932,0.0
0.88812,-3.73011,0.0
0.88812,-3.6709,0.0
0.88812,-3.61169,0.0
0.88812,-3.55248,0.0
0.88812,-3.49328,0.0
0.88812,-3.43407,0.0
0.88812,-3.37486,0.0
0.88812,-3.31565,0.0
0.88812,-3.25644,0.0
0.88812,-3.19724,0.0
0.88812,-3.13803,0.0
0.88812,-3.07882,0.0
0.88812,-3.01961,0.0
0.88812,-2.9604,0.0
0.88812,-2.9012,0.0
0.88812,-2.84199,0.0
0.88812,-2.78278,0.0
0.88812,-2.72357,0.0
0.88812,-2.66436,0.0
0.88812,-2.60515,0.0
0.88812,-2.54595,0.0
0.88812,-2.48674,0.0
0.88812,-2.42753,0.0
0.88812,-2.36832,0.0
0.88812,-2.30911,0.0
0.88812,-2.24991,0.0
0.88812,-2.1907,0.0
0.88812,-2.13149,0.0
0.88812,-2.07228,0.0
0.88812,-2.01307,0.0
0.88812,-1.95387,0.0
0.88812,-1.89466,0.0
0.88812,-1.83545,0.0
0.88812,-1.77624,0.0
0.88812,-1.71703,0.0
0.88812,-1.65783,0.0
0.88812,-1.59862,0.0
0.88812,-1.53941,0.0
0.88812,-1.4802,0.0
0.88812,-1.42099,0.0
0.88812,-1.36179,0.0
0.88812,-1.30258,0.0
0.88812,-1.24337,0.0
0.88812,-1.18416,0.0
0.88812,-1.12495,0.0
0.88812,-1.06575,0.0
0.88812,-1.00654,0.0
0.88812,-0.94733,0.0
0.88812,-0.88812,0.0
0.88812,-0.82891,0.0
0.88812,-0.7697,0.0
0.88812,-0.7105,0.0
0.88812,-0.65129,0.0
0.88812,-0.59208,0.0
0.88812,-0.53287,0.0
0.88812,-0.47366,0.0
0.88812,-0.41446,0.0
0.88812,-0.35525,0.0
0.88812,-0.29604,0.0
0.88812,-0.23683,0.0
0.88812,-0.17762,0.0
0.88812,-0.11842,0.0
0.88812,-0.05921,0.0
0.88812,0,0.0
0.88812,0.05921,0.0
0.88812,0.11842,0.0
0.88812,0.17762,0.0
0.88812,0.23683,0.0
0.88812,0.29604,0.0
0.88812,0.35525,0.0
0.88812,0.41446,0.0
0.88812,0.47366,0.0
0.88812,0.53287,0.0
0.88812,0.59208,0.0
0.88812,0.65129,0.0
0.88812,0.7105,0.0
0.88812,0.7697,0.0
0.88812,0.82891,0.0
0.88812,0.88812,0.0
0.88812,0.94733,0.0
0.88812,1.00654,0.0
0.88812,1.06575,0.0
0.88812,1.12495,0.0
0.88812,1.18416,0.0
0.88812,1.24337,0.0
0.88812,1.30258,0.0
0.88812,1.36179,0.0
0.88812,1.42099,0.0
0.88812,1.4802,0.0
0.88812,1.53941,0.0
0.88812,1.59862,0.0
0.88812,1.65783,0.0
0.88812,1.71703,0.0
0.88812,1.77624,0.0
0.88812,1.83545,0.0
0.88812,1.89466,0.0
0.88812,1.95387,0.0
0.88812,2.01307,0.0
0.88812,2.07228,0.0
0.88812,2.13149,0.0
0.88812,2.1907,0.0
0.88812,2.24991,0.0
0.88812,2.30911,0.0
0.88812,2.36832,0.0
0.88812,2.42753,0.0
0.88812,2.48674,0.0
0.88812,2.54595,0.0
0.88812,2.60515,0.0
0.88812,2.66436,0.0
0.88812,2.72357,0.0
0.88812,2.78278,0.0
0.88812,2.84199,0.0
0.88812,2.9012,0.0
0.88812,2.9604,0.0
0.88812,3.01961,0.0
0.88812,3.07882,0.0
0.88812,3.13803,0.0
0.88812,3.19724,0.0
0.88812,3.25644,0.0
0.88812,3.31565,0.0
0.88812,3.37486,0.0
0.88812,3.43407,0.0
0.88812,3.49328,0.0
0.88812,3.55248,0.0
0.88812,3.61169,0.0
0.88812,3.6709,0.0
0.88812,3.73011,0.0
0.88812,3.78932,0.0
0.88812,3.84852,0.0
0.88812,3.90773,0.0
0.88812,3.96694,0.0
0.88812,4.02615,0.0
0.88812,4.08536,0.0
0.88812,4.14456,0.0
0.88812,4.20377,0.0
0.88812,4.26298,0.0
0.88812,4.32219,0.0
0.88812,4.3814,0.0
0.88812,4.4406,0.0
0.88812,4.49981,0.0
0.88812,4.55902,0.0
0.88812,4.61823,0.0
0.88812,4.67744,0.0
0.88812,4.73665,0.0
0.88812,4.79585,0.0
0.88812,4.85506,0.0
0.88812,4.91427,0.0
0.88812,4.97348,0.0
0.88812,5.03269,0.0
0.88812,5.09189,0.0
0.88812,5.1511,0.0
0.88812,5.21031,0.0
0.88812,5.26952,0.0
0.88812,5.32873,0.0
0.88812,5.38793,0.0
0.88812,5.44714,0.0
0.88812,5.50635,0.0
0.88812,5.56556,0.0
0.88812,5.62477,0.0
0.88812,5.68397,0.0
0.94733,-5.68397,0.0
0.94733,-5.62477,0.0
0.94733,-5.56556,0.0
0.94733,-5.50635,0.0
0.94733,-5.44714,0.0
0.94733,-5.38793,0.0
0.94733,-5.32873,0.0
0.94733,-5.26952,0.0
0.94733,-5.21031,0.0
0.94733,-5.1511,0.0
0.94733,-5.09189,0.0
0.94733,-5.03269,0.0
0.94733,-4.97348,0.0
0.94733,-4.91427,0.0
0.94733,-4.85506,0.0
0.94733,-4.79585,0.0
0.94733,-4.73665,0.0
0.94733,-4.67744,0.0
0.94733,-4.61823,0.0
0.94733,-4.55902,0.0
0.94733,-4.49981,0.0
0.94733,-4.4406,0.0
0.94733,-4.3814,0.0
0.94733,-4.32219,0.0
0.94733,-4.26298,0.0
0.94733,-4.20377,0.0
0.94733,-4.14456,0.0
0.94733,-4.08536,0.0
0.94733,-4.02615,0.0
0.94733,-3.96694,0.0
0.94733,-3.90773,0.0
0.94733,-3.84852,0.0
0.94733,-3.78932,0.0
0.94733,-3.73011,0.0
0.94733,-3.6709,0.0
0.94733,-3.61169,0.0
0.94733,-3.55248,0.0
0.94733,-3.49328,0.0
0.94733,-3.43407,0.0
0.94733,-3.37486,0.0
0.94733,-3.31565,0.0
0.94733,-3.25644,0.0
0.94733,-3.19724,0.0
0.94733,-3.13803,0.0
0.94733,-3.07882,0.0
0.94733,-3.01961,0.0
0.94733,-2.9604,0.0
0.94733,-2.9012,0.0
0.94733,-2.84199,0.0
0.94733,-2.78278,0.0
0.94733,-2.72357,0.0
0.94733,-2.66436,0.0
0.94733,-2.60515,0.0
0.94733,-2.54595,0.0
0.94733,-2.48674,0.0
0.94733,-2.42753,0.0
0.94733,-2.36832,0.0
0.94733,-2.30911,0.0
0.94733,-2.24991,0.0
0.94733,-2.1907,0.0
0.94733,-2.13149,0.0
0.94733,-2.07228,0.0
0.94733,-2.01307,0.0
0.94733,-1.95387,0.0
0.94733,-1.89466,0.0
0.94733,-1.83545,0.0
0.94733,-1.77624,0.0
0.94733,-1.71703,0.0
0.94733,-1.65783,0.0
0.94733,-1.59862,0.0
0.94733,-1.53941,0.0
0.94733,-1.4802,0.0
0.94733,-1.42099,0.0
0.94733,-1.36179,0.0
0.94733,-1.30258,0.0
0.94733,-1.24337,0.0
0.94733,-1.18416,0.0
0.94733,-1.12495,0.0
0.94733,-1.06575,0.0
0.94733,-1.00654,0.0
0.94733,-0.94733,0.0
0.94733,-0.88812,0.0
0.94733,-0.82891,0.0
0.94733,-0.7697,0.0
0.94733,-0.7105,0.0
0.94733,-0.65129,0.0
0.94733,-0.59208,0.0
0.94733,-0.53287,0.0
0.94733,-0.47366,0.0
0.94733,-0.41446,0.0
0.94733,-0.35525,0.0
0.94733,-0.29604,0.0
0.94733,-0.23683,0.0
0.94733,-0.17762,0.0
0.94733,-0.11842,0.0
0.94733,-0.05921,0.0
0.94733,0,0.0
0.94733,0.05921,0.0
0.94733,0.11842,0.0
0.94733,0.17762,0.0
0.94733,0.23683,0.0
0.94733,0.29604,0.0
0.94733,0.35525,0.0
0.94733,0.41446,0.0
0.94733,0.47366,0.0
0.94733,0.53287,0.0
0.94733,0.59208,0.0
0.94733,0.65129,0.0
0.94733,0.7105,0.0
0.94733,0.7697,0.0
0.94733,0.82891,0.0
0.94733,0.88812,0.0
0.94733,0.94733,0.0
0.94733,1.00654,0.0
0.94733,1.06575,0.0
0.94733,1.12495,0.0
0.94733,1.18416,0.0
0.94733,1.24337,0.0
0.94733,1.30258,0.0
0.94733,1.36179,0.0
0.94733,1.42099,0.0
0.94733,1.4802,0.0
0.94733,1.53941,0.0
0.94733,1.59862,0.0
0.94733,1.65783,0.0
0.94733,1.71703,0.0
0.94733,1.77624,0.0
0.94733,1.83545,0.0
0.94733,1.89466,0.0
0.94733,1.95387,0.0
0.94733,2.01307,0.0
0.94733,2.07228,0.0
0.94733,2.13149,0.0
0.94733,2.1907,0.0
0.94733,2.24991,0.0
0.94733,2.30911,0.0
0.94733,2.36832,0.0
0.94733,2.42753,0.0
0.94733,2.48674,0.0
0.94733,2.54595,0.0
0.94733,2.60515,0.0
0.94733,2.66436,0.0
0.94733,2.72357,0.0
0.94733,2.78278,0.0
0.94733,2.84199,0.0
0.94733,2.9012,0.0
0.94733,2.9604,0.0
0.94733,3.01961,0.0
0.94733,3.07882,0.0
0.94733,3.13803,0.0
0.94733,3.19724,0.0
0.94733,3.25644,0.0
0.94733,3.31565,0.0
0.94733,3.37486,0.0
0.94733,3.43407,0.0
0.94733,3.49328,0.0
0.94733,3.55248,0.0
0.94733,3.61169,0.0
0.94733,3.6709,0.0
0.94733,3.73011,0.0
0.94733,3.78932,0.0
0.94733,3.84852,0.0
0.94733,3.90773,0.0
0.94733,3.96694,0.0
0.94733,4.02615,0.0
0.94733,4.08536,0.0
0.94733,4.14456,0.0
0.94733,4.20377,0.0
0.94733,4.26298,0.0
0.94733,4.32219,0.0
0.94733,4.3814,0.0
0.94733,4.4406,0.0
0.94733,4.49981,0.0
0.94733,4.55902,0.0
0.94733,4.61823,0.0
0.94733,4.67744,0.0
0.94733,4.73665,0.0
0.94733,4.79585,0.0
0.94733,4.85506,0.0
0.94733,4.91427,0.0
0.94733,4.97348,0.0
0.94733,5.03269,0.0
0.94733,5.09189,0.0
0.94733,5.1511,0.0
0.94733,5.21031,0.0
0.94733,5.26952,0.0
0.94733,5.32873,0.0
0.94733,5.38793,0.0
0.94733,5.44714,0.0
0.94733,5.50635,0.0
0.94733,5.56556,0.0
0.94733,5.62477,0.0
0.94733,5.68397,0.0
1.00654,-5.68397,0.0
1.00654,-5.62477,0.0
1.00654,-5.56556,0.0
1.00654,-5.50635,0.0
1.00654,-5.44714,0.0
1.00654,-5.38793,0.0
1.00654,-5.32873,0.0
1.00654,-5.26952,0.0
1.00654,-5.21031,0.0
1.00654,-5.1511,0.0
1.00654,-5.09189,0.0
1.00654,-5.03269,0.0
1.00654,-4.97348,0.0
1.00654,-4.91427,0.0
1.00654,-4.85506,0.0
1.00654,-4.79585,0.0
1.00654,-4.73665,0.0
1.00654,-4.67744,0.0
1.00654,-4.61823,0.0
1.00654,-4.55902,0.0
1.00654,-4.49981,0.0
1.00654,-4.4406,0.0
1.00654,-4.3814,0.0
1.00654,-4.32219,0.0
1.00654,-4.26298,0.0
1.00654,-4.20377,0.0
1.00654,-4.14456,0.0
1.00654,-4.08536,0.0
1.00654,-4.02615,0.0
1.00654,-3.96694,0.0
1.00654,-3.90773,0.0
1.00654,-3.84852,0.0
1.00654,-3.78932,0.0
1.00654,-3.73011,0.0
1.00654,-3.6709,0.0
1.00654,-3.61169,0.0
1.00654,-3.55248,0.0
1.00654,-3.49328,0.0
1.00654,-3.43407,0.0
1.00654,-3.37486,0.0
1.00654,-3.31565,0.0
1.00654,-3.25644,0.0
1.00654,-3.19724,0.0
1.00654,-3.13803,0.0
1.00654,-3.07882,0.0
1.00654,-3.01961,0.0
1.00654,-2.9604,0.0
1.00654,-2.9012,0.0
1.00654,-2.84199,0.0
1.00654,-2.78278,0.0
1.00654,-2.72357,0.0
1.00654,-2.66436,0.0
1.00654,-2.60515,0.0
1.00654,-2.54595,0.0
1.00654,-2.48674,0.0
1.00654,-2.42753,0.0
1.00654,-2.36832,0.0
1.00654,-2.30911,0.0
1.00654,-2.24991,0.0
1.00654,-2.1907,0.0
1.00654,-2.13149,0.0
1.00654,-2.07228,0.0
1.00654,-2.01307,0.0
1.00654,-1.95387,0.0
1.00654,-1.89466,0.0
1.00654,-1.83545,0.0
1.00654,-1.77624,0.0
1.00654,-1.71703,0.0
1.00654,-1.65783,0.0
1.00654,-1.59862,0.0
1.00654,-1.53941,0.0
1.00654,-1.4802,0.0
1.00654,-1.42099,0.0
1.00654,-1.36179,0.0
1.00654,-1.30258,0.0
1.00654,-1.24337,0.0
1.00654,-1.18416,0.0
1.00654,-1.12495,0.0
1.00654,-1.06575,0.0
1.00654,-1.00654,0.0
1.00654,-0.94733,0.0
1.00654,-0.88812,0.0
1.00654,-0.82891,0.0
1.00654,-0.7697,0.0
1.00654,-0.7105,0.0
1.00654,-0.65129,0.0
1.00654,-0.59208,0.0
1.00654,-0.53287,0.0
1.00654,-0.47366,0.0
1.00654,-0.41446,0.0
1.00654,-0.35525,0.0
1.00654,-0.29604,0.0
1.00654,-0.23683,0.0
1.00654,-0.17762,0.0
1.00654,-0.11842,0.0
1.00654,-0.05921,0.0
1.00654,0,0.0
1.00654,0.05921,0.0
1.00654,0.11842,0.0
1.00654,0.17762,0.0
1.00654,0.23683,0.0
1.00654,0.29604,0.0
1.00654,0.35525,0.0
1.00654,0.41446,0.0
1.00654,0.47366,0.0
1.00654,0.53287,0.0
1.00654,0.59208,0.0
1.00654,0.65129,0.0
1.00654,0.7105,0.0
1.00654,0.7697,0.0
1.00654,0.82891,0.0
1.00654,0.88812,0.0
1.00654,0.94733,0.0
1.00654,1.00654,0.0
1.00654,1.06575,0.0
1.00654,1.12495,0.0
1.00654,1.18416,0.0
1.00654,1.24337,0.0
1.00654,1.30258,0.0
1.00654,1.36179,0.0
1.00654,1.42099,0.0
1.00654,1.4802,0.0
1.00654,1.53941,0.0
1.00654,1.59862,0.0
1.00654,1.65783,0.0
1.00654,1.71703,0.0
1.00654,1.77624,0.0
1.00654,1.83545,0.0
1.00654,1.89466,0.0
1.00654,1.95387,0.0
1.00654,2.01307,0.0
1.00654,2.07228,0.0
1.00654,2.13149,0.0
1.00654,2.1907,0.0
1.00654,2.24991,0.0
1.00654,2.30911,0.0
1.00654,2.36832,0.0
1.00654,2.42753,0.0
1.00654,2.48674,0.0
1.00654,2.54595,0.0
1.00654,2.60515,0.0
1.00654,2.66436,0.0
1.00654,2.72357,0.0
1.00654,2.78278,0.0
1.00654,2.84199,0.0
1.00654,2.9012,0.0
1.00654,2.9604,0.0
1.00654,3.01961,0.0
1.00654,3.07882,0.0
1.00654,3.13803,0.0
1.00654,3.19724,0.0
1.00654,3.25644,0.0
1.00654,3.31565,0.0
1.00654,3.37486,0.0
1.00654,3.43407,0.0
1.00654,3.49328,0.0
1.00654,3.55248,0.0
1.00654,3.61169,0.0
1.00654,3.6709,0.0
1.00654,3.73011,0.0
1.00654,3.78932,0.0
1.00654,3.84852,0.0
1.00654,3.90773,0.0
1.00654,3.96694,0.0
1.00654,4.02615,0.0
1.00654,4.08536,0.0
1.00654,4.14456,0.0
1.00654,4.20377,0.0
1.00654,4.26298,0.0
1.00654,4.32219,0.0
1.00654,4.3814,0.0
1.00654,4.4406,0.0
1.00654,4.49981,0.0
1.00654,4.55902,0.0
1.00654,4.61823,0.0
1.00654,4.67744,0.0
1.00654,4.73665,0.0
1.00654,4.79585,0.0
1.00654,4.85506,0.0
1.00654,4.91427,0.0
1.00654,4.97348,0.0
1.00654,5.03269,0.0
1.00654,5.09189,0.0
1.00654,5.1511,0.0
1.00654,5.21031,0.0
1.00654,5.26952,0.0
1.00654,5.32873,0.0
1.00654,5.38793,0.0
1.00654,5.44714,0.0
1.00654,5.50635,0.0
1.00654,5.56556,0.0
1.00654,5.62477,0.0
1.00654,5.68397,0.0
1.06575,-5.68397,0.0
1.06575,-5.62477,0.0
1.06575,-5.56556,0.0
1.06575,-5.50635,0.0
1.06575,-5.44714,0.0
1.06575,-5.38793,0.0
1.06575,-5.32873,0.0
1.06575,-5.26952,0.0
1.06575,-5.21031,0.0
1.06575,-5.1511,0.0
1.06575,-5.09189,0.0
1.06575,-5.03269,0.0
1.06575,-4.97348,0.0
1.06575,-4.91427,0.0
1.06575,-4.85506,0.0
1.06575,-4.79585,0.0
1.06575,-4.73665,0.0
1.06575,-4.67744,0.0
1.06575,-4.61823,0.0
1.06575,-4.55902,0.0
1.06575,-4.49981,0.0
1.06575,-4.4406,0.0
1.06575,-4.3814,0.0
1.06575,-4.32219,0.0
1.06575,-4.26298,0.0
1.06575,-4.20377,0.0
1.06575,-4.14456,0.0
1.06575,-4.08536,0.0
1.06575,-4.02615,0.0
1.06575,-3.96694,0.0
1.06575,-3.90773,0.0
1.06575,-3.84852,0.0
1.06575,-3.78932,0.0
1.06575,-3.73011,0.0
1.06575,-3.6709,0.0
1.06575,-3.61169,0.0
1.06575,-3.55248,0.0
1.06575,-3.49328,0.0
1.06575,-3.43407,0.0
1.06575,-3.37486,0.0
1.06575,-3.31565,0.0
1.06575,-3.25644,0.0
1.06575,-3.19724,0.0
1.06575,-3.13803,0.0
1.06575,-3.07882,0.0
1.06575,-3.01961,0.0
1.06575,-2.9604,0.0
1.06575,-2.9012,0.0
1.06575,-2.84199,0.0
1.06575,-2.78278,0.0
1.06575,-2.72357,0.0
1.06575,-2.66436,0.0
1.06575,-2.60515,0.0
1.06575,-2.54595,0.0
1.06575,-2.48674,0.0
1.06575,-2.42753,0.0
1.06575,-2.36832,0.0
1.06575,-2.30911,0.0
1.06575,-2.24991,0.0
1.06575,-2.1907,0.0
1.06575,-2.13149,0.0
1.06575,-2.07228,0.0
1.06575,-2.01307,0.0
1.06575,-1.95387,0.0
1.06575,-1.89466,0.0
1.06575,-1.83545,0.0
1.06575,-1.77624,0.0
1.06575,-1.71703,0.0
1.06575,-1.65783,0.0
1.06575,-1.59862,0.0
1.06575,-1.53941,0.0
1.06575,-1.4802,0.0
1.06575,-1.42099,0.0
1.06575,-1.36179,0.0
1.06575,-1.30258,0.0
1.06575,-1.24337,0.0
1.06575,-1.18416,0.0
1.06575,-1.12495,0.0
1.06575,-1.06575,0.0
1.06575,-1.00654,0.0
1.06575,-0.94733,0.0
1.06575,-0.88812,0.0
1.06575,-0.82891,0.0
1.06575,-0.7697,0.0
1.06575,-0.7105,0.0
1.06575,-0.65129,0.0
1.06575,-0.59208,0.0
1.06575,-0.53287,0.0
1.06575,-0.47366,0.0
1.06575,-0.41446,0.0
1.06575,-0.35525,0.0
1.06575,-0.29604,0.0
1.06575,-0.23683,0.0
1.06575,-0.17762,0.0
1.06575,-0.11842,0.0
1.06575,-0.05921,0.0
1.06575,0,0.0
1.06575,0.05921,0.0
1.06575,0.11842,0.0
1.06575,0.17762,0.0
1.06575,0.23683,0.0
1.06575,0.29604,0.0
1.06575,0.35525,0.0
1.06575,0.41446,0.0
1.06575,0.47366,0.0
1.06575,0.53287,0.0
1.06575,0.59208,0.0
1.06575,0.65129,0.0
1.06575,0.7105,0.0
1.06575,0.7697,0.0
1.06575,0.82891,0.0
1.06575,0.88812,0.0
1.06575,0.94733,0.0
1.06575,1.00654,0.0
1.06575,1.06575,0.0
1.06575,1.12495,0.0
1.06575,1.18416,0.0
1.06575,1.24337,0.0
1.06575,1.30258,0.0
1.06575,1.36179,0.0
1.06575,1.42099,0.0
1.06575,1.4802,0.0
1.06575,1.53941,0.0
1.06575,1.59862,0.0
1.06575,1.65783,0.0
1.06575,1.71703,0.0
1.06575,1.77624,0.0
1.06575,1.83545,0.0
1.06575,1.89466,0.0
1.06575,1.95387,0.0
1.06575,2.01307,0.0
1.06575,2.07228,0.0
1.06575,2.13149,0.0
1.06575,2.1907,0.0
1.06575,2.24991,0.0
1.06575,2.30911,0.0
1.06575,2.36832,0.0
1.06575,2.42753,0.0
1.06575,2.48674,0.0
1.06575,2.54595,0.0
1.06575,2.60515,0.0
1.06575,2.66436,0.0
1.06575,2.72357,0.0
1.06575,2.78278,0.0
1.06575,2.84199,0.0
1.06575,2.9012,0.0
1.06575,2.9604,0.0
1.06575,3.01961,0.0
1.06575,3.07882,0.0
1.06575,3.13803,0.0
1.06575,3.19724,0.0
1.06575,3.25644,0.0
1.06575,3.31565,0.0
1.06575,3.37486,0.0
1.06575,3.43407,0.0
1.06575,3.49328,0.0
1.06575,3.55248,0.0
1.06575,3.61169,0.0
1.06575,3.6709,0.0
1.06575,3.73011,0.0
1.06575,3.78932,0.0
1.06575,3.84852,0.0
1.06575,3.90773,0.0
1.06575,3.96694,0.0
1.06575,4.02615,0.0
1.06575,4.08536,0.0
1.06575,4.14456,0.0
1.06575,4.20377,0.0
1.06575,4.26298,0.0
1.06575,4.32219,0.0
1.06575,4.3814,0.0
1.06575,4.4406,0.0
1.06575,4.49981,0.0
1.06575,4.55902,0.0
1.06575,4.61823,0.0
1.06575,4.67744,0.0
1.06575,4.73665,0.0
1.06575,4.79585,0.0
1.06575,4.85506,0.0
1.06575,4.91427,0.0
1.06575,4.97348,0.0
1.06575,5.03269,0.0
1.06575,5.09189,0.0
1.06575,5.1511,0.0
1.06575,5.21031,0.0
1.06575,5.26952,0.0
1.06575,5.32873,0.0
1.06575,5.38793,0.0
1.06575,5.44714,0.0
1.06575,5.50635,0.0
1.06575,5.56556,0.0
1.06575,5.62477,0.0
1.06575,5.68397,0.0
1.12495,-5.68397,0.0
1.12495,-5.62477,0.0
1.12495,-5.56556,0.0
1.12495,-5.50635,0.0
1.12495,-5.44714,0.0
1.12495,-5.38793,0.0
1.12495,-5.32873,0.0
1.12495,-5.26952,0.0
1.12495,-5.21031,0.0
1.12495,-5.1511,0.0
1.12495,-5.09189,0.0
1.12495,-5.03269,0.0
1.12495,-4.97348,0.0
1.12495,-4.91427,0.0
1.12495,-4.85506,0.0
1.12495,-4.79585,0.0
1.12495,-4.73665,0.0
1.12495,-4.67744,0.0
1.12495,-4.61823,0.0
1.12495,-4.55902,0.0
1.12495,-4.49981,0.0
1.12495,-4.4406,0.0
1.12495,-4.3814,0.0
1.12495,-4.32219,0.0
1.12495,-4.26298,0.0
1.12495,-4.20377,0.0
1.12495,-4.14456,0.0
1.12495,-4.08536,0.0
1.12495,-4.02615,0.0
1.12495,-3.96694,0.0
1.12495,-3.90773,0.0
1.12495,-3.84852,0.0
1.12495,-3.78932,0.0
1.12495,-3.73011,0.0
1.12495,-3.6709,0.0
1.12495,-3.61169,0.0
1.12495,-3.55248,0.0
1.12495,-3.49328,0.0
1.12495,-3.43407,0.0
1.12495,-3.37486,0.0
1.12495,-3.31565,0.0
1.12495,-3.25644,0.0
1.12495,-3.19724,0.0
1.12495,-3.13803,0.0
1.12495,-3.07882,0.0
1.12495,-3.01961,0.0
1.12495,-2.9604,0.0
1.12495,-2.9012,0.0
1.12495,-2.84199,0.0
1.12495,-2.78278,0.0
1.12495,-2.72357,0.0
1.12495,-2.66436,0.0
1.12495,-2.60515,0.0
1.12495,-2.54595,0.0
1.12495,-2.48674,0.0
1.12495,-2.42753,0.0
1.12495,-2.36832,0.0
1.12495,-2.30911,0.0
1.12495,-2.24991,0.0
1.12495,-2.1907,0.0
1.12495,-2.13149,0.0
1.12495,-2.07228,0.0
1.12495,-2.01307,0.0
1.12495,-1.95387,0.0
1.12495,-1.89466,0.0
1.12495,-1.83545,0.0
1.12495,-1.77624,0.0
1.12495,-1.71703,0.0
1.12495,-1.65783,0.0
1.12495,-1.59862,0.0
1.12495,-1.53941,0.0
1.12495,-1.4802,0.0
1.12495,-1.42099,0.0
1.12495,-1.36179,0.0
1.12495,-1.30258,0.0
1.12495,-1.24337,0.0
1.12495,-1.18416,0.0
1.12495,-1.12495,0.0
1.12495,-1.06575,0.0
1.12495,-1.00654,0.0
1.12495,-0.94733,0.0
1.12495,-0.88812,0.0
1.12495,-0.82891,0.0
1.12495,-0.7697,0.0
1.12495,-0.7105,0.0
1.12495,-0.65129,0.0
1.12495,-0.59208,0.0
1.12495,-0.53287,0.0
1.12495,-0.47366,0.0
1.12495,-0.41446,0.0
1.12495,-0.35525,0.0
1.12495,-0.29604,0.0
1.12495,-0.23683,0.0
1.12495,-0.17762,0.0
1.12495,-0.11842,0.0
1.12495,-0.05921,0.0
1.12495,0,0.0
1.12495,0.05921,0.0
1.12495,0.11842,0.0
1.12495,0.17762,0.0
1.12495,0.23683,0.0
1.12495,0.29604,0.0
1.12495,0.35525,0.0
1.12495,0.41446,0.0
1.12495,0.47366,0.0
1.12495,0.53287,0.0
1.12495,0.59208,0.0
1.12495,0.65129,0.0
1.12495,0.7105,0.0
1.12495,0.7697,0.0
1.12495,0.82891,0.0
1.12495,0.88812,0.0
1.12495,0.94733,0.0
1.12495,1.00654,0.0
1.12495,1.06575,0.0
1.12495,1.12495,0.0
1.12495,1.18416,0.0
1.12495,1.24337,0.0
1.12495,1.30258,0.0
1.12495,1.36179,0.0
1.12495,1.42099,0.0
1.12495,1.4802,0.0
1.12495,1.53941,0.0
1.12495,1.59862,0.0
1.12495,1.65783,0.0
1.12495,1.71703,0.0
1.12495,1.77624,0.0
1.12495,1.83545,0.0
1.12495,1.89466,0.0
1.12495,1.95387,0.0
1.12495,2.01307,0.0
1.12495,2.07228,0.0
1.12495,2.13149,0.0
1.12495,2.1907,0.0
1.12495,2.24991,0.0
1.12495,2.30911,0.0
1.12495,2.36832,0.0
1.12495,2.42753,0.0
1.12495,2.48674,0.0
1.12495,2.54595,0.0
1.12495,2.60515,0.0
1.12495,2.66436,0.0
1.12495,2.72357,0.0
1.12495,2.78278,0.0
1.12495,2.84199,0.0
1.12495,2.9012,0.0
1.12495,2.9604,0.0
1.12495,3.01961,0.0
1.12495,3.07882,0.0
1.12495,3.13803,0.0
1.12495,3.19724,0.0
1.12495,3.25644,0.0
1.12495,3.31565,0.0
1.12495,3.37486,0.0
1.12495,3.43407,0.0
1.12495,3.49328,0.0
1.12495,3.55248,0.0
1.12495,3.61169,0.0
1.12495,3.6709,0.0
1.12495,3.73011,0.0
1.12495,3.78932,0.0
1.12495,3.84852,0.0
1.12495,3.90773,0.0
1.12495,3.96694,0.0
1.12495,4.02615,0.0
1.12495,4.08536,0.0
1.12495,4.14456,0.0
1.12495,4.20377,0.0
1.12495,4.26298,0.0
1.12495,4.32219,0.0
1.12495,4.3814,0.0
1.12495,4.4406,0.0
1.12495,4.49981,0.0
1.12495,4.55902,0.0
1.12495,4.61823,0.0
1.12495,4.67744,0.0
1.12495,4.73665,0.0
1.12495,4.79585,0.0
1.12495,4.85506,0.0
1.12495,4.91427,0.0
1.12495,4.97348,0.0
1.12495,5.03269,0.0
1.12495,5.09189,0.0
1.12495,5.1511,0.0
1.12495,5.21031,0.0
1.12495,5.26952,0.0
1.12495,5.32873,0.0
1.12495,5.38793,0.0
1.12495,5.44714,0.0
1.12495,5.50635,0.0
1.12495,5.56556,0.0
1.12495,5.62477,0.0
1.12495,5.68397,0.0
1.18416,-5.62477,0.0
1.18416,-5.56556,0.0
1.18416,-5.50635,0.0
1.18416,-5.44714,0.0
1.18416,-5.38793,0.0
1.18416,-5.32873,0.0
1.18416,-5.26952,0.0
1.18416,-5.21031,0.0
1.18416,-5.1511,0.0
1.18416,-5.09189,0.0
1.18416,-5.03269,0.0
1.18416,-4.97348,0.0
1.18416,-4.91427,0.0
1.18416,-4.85506,0.0
1.18416,-4.79585,0.0
1.18416,-4.73665,0.0
1.18416,-4.67744,0.0
1.18416,-4.61823,0.0
1.18416,-4.55902,0.0
1.18416,-4.49981,0.0
1.18416,-4.4406,0.0
1.18416,-4.3814,0.0
1.18416,-4.32219,0.0
1.18416,-4.26298,0.0
1.18416,-4.20377,0.0
1.18416,-4.14456,0.0
1.18416,-4.08536,0.0
1.18416,-4.02615,0.0
1.18416,-3.96694,0.0
1.18416,-3.90773,0.0
1.18416,-3.84852,0.0
1.18416,-3.78932,0.0
1.18416,-3.73011,0.0
1.18416,-3.6709,0.0
1.18416,-3.61169,0.0
1.18416,-3.55248,0.0
1.18416,-3.49328,0.0
1.18416,-3.43407,0.0
1.18416,-3.37486,0.0
1.18416,-3.31565,0.0
1.18416,-3.25644,0.0
1.18416,-3.19724,0.0
1.18416,-3.13803,0.0
1.18416,-3.07882,0.0
1.18416,-3.01961,0.0
1.18416,-2.9604,0.0
1.18416,-2.9012,0.0
1.18416,-2.84199,0.0
1.18416,-2.78278,0.0
1.18416,-2.72357,0.0
1.18416,-2.66436,0.0
1.18416,-2.60515,0.0
1.18416,-2.54595,0.0
1.18416,-2.48674,0.0
1.18416,-2.42753,0.0
1.18416,-2.36832,0.0
1.18416,-2.30911,0.0
1.18416,-2.24991,0.0
1.18416,-2.1907,0.0
1.18416,-2.13149,0.0
1.18416,-2.07228,0.0
1.18416,-2.01307,0.0
1.18416,-1.95387,0.0
1.18416,-1.89466,0.0
1.18416,-1.83545,0.0
1.18416,-1.77624,0.0
1.18416,-1.71703,0.0
1.18416,-1.65783,0.0
1.18416,-1.59862,0.0
1.18416,-1.53941,0.0
1.18416,-1.4802,0.0
1.18416,-1.42099,0.0
1.18416,-1.36179,0.0
1.18416,-1.30258,0.0
1.18416,-1.24337,0.0
1.18416,-1.18416,0.0
1.18416,-1.12495,0.0
1.18416,-1.06575,0.0
1.18416,-1.00654,0.0
1.18416,-0.94733,0.0
1.18416,-0.88812,0.0
1.18416,-0.82891,0.0
1.18416,-0.7697,0.0
1.18416,-0.7105,0.0
1.18416,-0.65129,0.0
1.18416,-0.59208,0.0
1.18416,-0.53287,0.0
1.18416,-0.47366,0.0
1.18416,-0.41446,0.0
1.18416,-0.35525,0.0
1.18416,-0.29604,0.0
1.18416,-0.23683,0.0
1.18416,-0.17762,0.0
1.18416,-0.11842,0.0
1.18416,-0.05921,0.0
1.18416,0,0.0
1.18416,0.05921,0.0
1.18416,0.11842,0.0
1.18416,0.17762,0.0
1.18416,0.23683,0.0
1.18416,0.29604,0.0
1.18416,0.35525,0.0
1.18416,0.41446,0.0
1.18416,0.47366,0.0
1.18416,0.53287,0.0
1.18416,0.59208,0.0
1.18416,0.65129,0.0
1.18416,0.7105,0.0
1.18416,0.7697,0.0
1.18416,0.82891,0.0
1.18416,0.88812,0.0
1.18416,0.94733,0.0
1.18416,1.00654,0.0
1.18416,1.06575,0.0
1.18416,1.12495,0.0
1.18416,1.18416,0.0
1.18416,1.24337,0.0
1.18416,1.30258,0.0
1.18416,1.36179,0.0
1.18416,1.42099,0.0
1.18416,1.4802,0.0
1.18416,1.53941,0.0
1.18416,1.59862,0.0
1.18416,1.65783,0.0
1.18416,1.71703,0.0
1.18416,1.77624,0.0
1.18416,1.83545,0.0
1.18416,1.89466,0.0
1.18416,1.95387,0.0
1.18416,2.01307,0.0
1.18416,2.07228,0.0
1.18416,2.13149,0.0
1.18416,2.1907,0.0
1.18416,2.24991,0.0
1.18416,2.30911,0.0
1.18416,2.36832,0.0
1.18416,2.42753,0.0
1.18416,2.48674,0.0
1.18416,2.54595,0.0
1.18416,2.60515,0.0
1.18416,2.66436,0.0
1.18416,2.72357,0.0
1.18416,2.78278,0.0
1.18416,2.84199,0.0
1.18416,2.9012,0.0
1.18416,2.9604,0.0
1.18416,3.01961,0.0
1.18416,3.07882,0.0
1.18416,3.13803,0.0
1.18416,3.19724,0.0
1.18416,3.25644,0.0
1.18416,3.31565,0.0
1.18416,3.37486,0.0
1.18416,3.43407,0.0
1.18416,3.49328,0.0
1.18416,3.55248,0.0
1.18416,3.61169,0.0
1.18416,3.6709,0.0
1.18416,3.73011,0.0
1.18416,3.78932,0.0
1.18416,3.84852,0.0
1.18416,3.90773,0.0
1.18416,3.96694,0.0
1.18416,4.02615,0.0
1.18416,4.08536,0.0
1.18416,4.14456,0.0
1.18416,4.20377,0.0
1.18416,4.26298,0.0
1.18416,4.32219,0.0
1.18416,4.3814,0.0
1.18416,4.4406,0.0
1.18416,4.49981,0.0
1.18416,4.55902,0.0
1.18416,4.61823,0.0
1.18416,4.67744,0.0
1.18416,4.73665,0.0
1.18416,4.79585,0.0
1.18416,4.85506,0.0
1.18416,4.91427,0.0
1.18416,4.97348,0.0
1.18416,5.03269,0.0
1.18416,5.09189,0.0
1.18416,5.1511,0.0
1.18416,5.21031,0.0
1.18416,5.26952,0.0
1.18416,5.32873,0.0
1.18416,5.38793,0.0
1.18416,5.44714,0.0
1.18416,5.50635,0.0
1.18416,5.56556,0.0
1.18416,5.62477,0.0
1.24337,-5.62477,0.0
1.24337,-5.56556,0.0
1.24337,-5.50635,0.0
1.24337,-5.44714,0.0
1.24337,-5.38793,0.0
1.24337,-5.32873,0.0
1.24337,-5.26952,0.0
1.24337,-5.21031,0.0
1.24337,-5.1511,0.0
1.24337,-5.09189,0.0
1.24337,-5.03269,0.0
1.24337,-4.97348,0.0
1.24337,-4.91427,0.0
1.24337,-4.85506,0.0
1.24337,-4.79585,0.0
1.24337,-4.73665,0.0
1.24337,-4.67744,0.0
1.24337,-4.61823,0.0
1.24337,-4.55902,0.0
1.24337,-4.49981,0.0
1.24337,-4.4406,0.0
1.24337,-4.3814,0.0
1.24337,-4.32219,0.0
1.24337,-4.26298,0.0
1.24337,-4.20377,0.0
1.24337,-4.14456,0.0
1.24337,-4.08536,0.0
1.24337,-4.02615,0.0
1.24337,-3.96694,0.0
1.24337,-3.90773,0.0
1.24337,-3.84852,0.0
1.24337,-3.78932,0.0
1.24337,-3.73011,0.0
1.24337,-3.6709,0.0
1.24337,-3.61169,0.0
1.24337,-3.55248,0.0
1.24337,-3.49328,0.0
1.24337,-3.43407,0.0
1.24337,-3.37486,0.0
1.24337,-3.31565,0.0
1.24337,-3.25644,0.0
1.24337,-3.19724,0.0
1.24337,-3.13803,0.0
1.24337,-3.07882,0.0
1.24337,-3.01961,0.0
1.24337,-2.9604,0.0
1.24337,-2.9012,0.0
1.24337,-2.84199,0.0
1.24337,-2.78278,0.0
1.24337,-2.72357,0.0
1.24337,-2.66436,0.0
1.24337,-2.60515,0.0
1.24337,-2.54595,0.0
1.24337,-2.48674,0.0
1.24337,-2.42753,0.0
1.24337,-2.36832,0.0
1.24337,-2.30911,0.0
1.24337,-2.24991,0.0
1.24337,-2.1907,0.0
1.24337,-2.13149,0.0
1.24337,-2.07228,0.0
1.24337,-2.01307,0.0
1.24337,-1.95387,0.0
1.24337,-1.89466,0.0
1.24337,-1.83545,0.0
1.24337,-1.77624,0.0
1.24337,-1.71703,0.0
1.24337,-1.65783,0.0
1.24337,-1.59862,0.0
1.24337,-1.53941,0.0
1.24337,-1.4802,0.0
1.24337,-1.42099,0.0
1.24337,-1.36179,0.0
1.24337,-1.30258,0.0
1.24337,-1.24337,0.0
1.24337,-1.18416,0.0
1.24337,-1.12495,0.0
1.24337,-1.06575,0.0
1.24337,-1.00654,0.0
1.24337,-0.94733,0.0
1.24337,-0.88812,0.0
1.24337,-0.82891,0.0
1.24337,-0.7697,0.0
1.24337,-0.7105,0.0
1.24337,-0.65129,0.0
1.24337,-0.59208,0.0
1.24337,-0.53287,0.0
1.24337,-0.47366,0.0
1.24337,-0.41446,0.0
1.24337,-0.35525,0.0
1.24337,-0.29604,0.0
1.24337,-0.23683,0.0
1.24337,-0.17762,0.0
1.24337,-0.11842,0.0
1.24337,-0.05921,0.0
1.24337,0,0.0
1.24337,0.05921,0.0
1.24337,0.11842,0.0
1.24337,0.17762,0.0
1.24337,0.23683,0.0
1.24337,0.29604,0.0
1.24337,0.35525,0.0
1.24337,0.41446,0.0
1.24337,0.47366,0.0
1.24337,0.53287,0.0
1.24337,0.59208,0.0
1.24337,0.65129,0.0
1.24337,0.7105,0.0
1.24337,0.7697,0.0
1.24337,0.82891,0.0
1.24337,0.88812,0.0
1.24337,0.94733,0.0
1.24337,1.00654,0.0
1.24337,1.06575,0.0
1.24337,1.12495,0.0
1.24337,1.18416,0.0
1.24337,1.24337,0.0
1.24337,1.30258,0.0
1.24337,1.36179,0.0
1.24337,1.42099,0.0
1.24337,1.4802,0.0
1.24337,1.53941,0.0
1.24337,1.59862,0.0
1.24337,1.65783,0.0
1.24337,1.71703,0.0
1.24337,1.77624,0.0
1.24337,1.83545,0.0
1.24337,1.89466,0.0
1.24337,1.95387,0.0
1.24337,2.01307,0.0
1.24337,2.07228,0.0
1.24337,2.13149,0.0
1.24337,2.1907,0.0
1.24337,2.24991,0.0
1.24337,2.30911,0.0
1.24337,2.36832,0.0
1.24337,2.42753,0.0
1.24337,2.48674,0.0
1.24337,2.54595,0.0
1.24337,2.60515,0.0
1.24337,2.66436,0.0
1.24337,2.72357,0.0
1.24337,2.78278,0.0
1.24337,2.84199,0.0
1.24337,2.9012,0.0
1.24337,2.9604,0.0
1.24337,3.01961,0.0
1.24337,3.07882,0.0
1.24337,3.13803,0.0
1.24337,3.19724,0.0
1.24337,3.25644,0.0
1.24337,3.31565,0.0
1.24337,3.37486,0.0
1.24337,3.43407,0.0
1.24337,3.49328,0.0
1.24337,3.55248,0.0
1.24337,3.61169,0.0
1.24337,3.6709,0.0
1.24337,3.73011,0.0
1.24337,3.78932,0.0
1.24337,3.84852,0.0
1.24337,3.90773,0.0
1.24337,3.96694,0.0
1.24337,4.02615,0.0
1.24337,4.08536,0.0
1.24337,4.14456,0.0
1.24337,4.20377,0.0
1.24337,4.26298,0.0
1.24337,4.32219,0.0
1.24337,4.3814,0.0
1.24337,4.4406,0.0
1.24337,4.49981,0.0
1.24337,4.55902,0.0
1.24337,4.61823,0.0
1.24337,4.67744,0.0
1.24337,4.73665,0.0
1.24337,4.79585,0.0
1.24337,4.85506,0.0
1.24337,4.91427,0.0
1.24337,4.97348,0.0
1.24337,5.03269,0.0
1.24337,5.09189,0.0
1.24337,5.1511,0.0
1.24337,5.21031,0.0
1.24337,5.26952,0.0
1.24337,5.32873,0.0
1.24337,5.38793,0.0
1.24337,5.44714,0.0
1.24337,5.50635,0.0
1.24337,5.56556,0.0
1.24337,5.62477,0.0
1.30258,-5.62477,0.0
1.30258,-5.56556,0.0
1.30258,-5.50635,0.0
1.30258,-5.44714,0.0
1.30258,-5.38793,0.0
1.30258,-5.32873,0.0
1.30258,-5.26952,0.0
1.30258,-5.21031,0.0
1.30258,-5.1511,0.0
1.30258,-5.09189,0.0
1.30258,-5.03269,0.0
1.30258,-4.97348,0.0
1.30258,-4.91427,0.0
1.30258,-4.85506,0.0
1.30258,-4.79585,0.0
1.30258,-4.73665,0.0
1.30258,-4.67744,0.0
1.30258,-4.61823,0.0
1.30258,-4.55902,0.0
1.30258,-4.49981,0.0
1.30258,-4.4406,0.0
1.30258,-4.3814,0.0
1.30258,-4.32219,0.0
1.30258,-4.26298,0.0
1.30258,-4.20377,0.0
1.30258,-4.14456,0.0
1.30258,-4.08536,0.0
1.30258,-4.02615,0.0
1.30258,-3.96694,0.0
1.30258,-3.90773,0.0
1.30258,-3.84852,0.0
1.30258,-3.78932,0.0
1.30258,-3.73011,0.0
1.30258,-3.6709,0.0
1.30258,-3.61169,0.0
1.30258,-3.55248,0.0
1.30258,-3.49328,0.0
1.30258,-3.43407,0.0
1.30258,-3.37486,0.0
1.30258,-3.31565,0.0
1.30258,-3.25644,0.0
1.30258,-3.19724,0.0
1.30258,-3.13803,0.0
1.30258,-3.07882,0.0
1.30258,-3.01961,0.0
1.30258,-2.9604,0.0
1.30258,-2.9012,0.0
1.30258,-2.84199,0.0
1.30258,-2.78278,0.0
1.30258,-2.72357,0.0
1.30258,-2.66436,0.0
1.30258,-2.60515,0.0
1.30258,-2.54595,0.0
1.30258,-2.48674,0.0
1.30258,-2.42753,0.0
1.30258,-2.36832,0.0
1.30258,-2.30911,0.0
1.30258,-2.24991,0.0
1.30258,-2.1907,0.0
1.30258,-2.13149,0.0
1.30258,-2.07228,0.0
1.30258,-2.01307,0.0
1.30258,-1.95387,0.0
1.30258,-1.89466,0.0
1.30258,-1.83545,0.0
1.30258,-1.77624,0.0
1.30258,-1.71703,0.0
1.30258,-1.65783,0.0
1.30258,-1.59862,0.0
1.30258,-1.53941,0.0
1.30258,-1.4802,0.0
1.30258,-1.42099,0.0
1.30258,-1.36179,0.0
1.30258,-1.30258,0.0
1.30258,-1.24337,0.0
1.30258,-1.18416,0.0
1.30258,-1.12495,0.0
1.30258,-1.06575,0.0
1.30258,-1.00654,0.0
1.30258,-0.94733,0.0
1.30258,-0.88812,0.0
1.30258,-0.82891,0.0
1.30258,-0.7697,0.0
1.30258,-0.7105,0.0
1.30258,-0.65129,0.0
1.30258,-0.59208,0.0
1.30258,-0.53287,0.0
1.30258,-0.47366,0.0
1.30258,-0.41446,0.0
1.30258,-0.35525,0.0
1.30258,-0.29604,0.0
1.30258,-0.23683,0.0
1.30258,-0.17762,0.0
1.30258,-0.11842,0.0
1.30258,-0.05921,0.0
1.30258,0,0.0
1.30258,0.05921,0.0
1.30258,0.11842,0.0
1.30258,0.17762,0.0
1.30258,0.23683,0.0
1.30258,0.29604,0.0
1.30258,0.35525,0.0
1.30258,0.41446,0.0
1.30258,0.47366,0.0
1.30258,0.53287,0.0
1.30258,0.59208,0.0
1.30258,0.65129,0.0
1.30258,0.7105,0.0
1.30258,0.7697,0.0
1.30258,0.82891,0.0
1.30258,0.88812,0.0
1.30258,0.94733,0.0
1.30258,1.00654,0.0
1.30258,1.06575,0.0
1.30258,1.12495,0.0
1.30258,1.18416,0.0
1.30258,1.24337,0.0
1.30258,1.30258,0.0
1.30258,1.36179,0.0
1.30258,1.42099,0.0
1.30258,1.4802,0.0
1.30258,1.53941,0.0
1.30258,1.59862,0.0
1.30258,1.65783,0.0
1.30258,1.71703,0.0
1.30258,1.77624,0.0
1.30258,1.83545,0.0
1.30258,1.89466,0.0
1.30258,1.95387,0.0
1.30258,2.01307,0.0
1.30258,2.07228,0.0
1.30258,2.13149,0.0
1.30258,2.1907,0.0
1.30258,2.24991,0.0
1.30258,2.30911,0.0
1.30258,2.36832,0.0
1.30258,2.42753,0.0
1.30258,2.48674,0.0
1.30258,2.54595,0.0
1.30258,2.60515,0.0
1.30258,2.66436,0.0
1.30258,2.72357,0.0
1.30258,2.78278,0.0
1.30258,2.84199,0.0
1.30258,2.9012,0.0
1.30258,2.9604,0.0
1.30258,3.01961,0.0
1.30258,3.07882,0.0
1.30258,3.13803,0.0
1.30258,3.19724,0.0
1.30258,3.25644,0.0
1.30258,3.31565,0.0
1.30258,3.37486,0.0
1.30258,3.43407,0.0
1.30258,3.49328,0.0
1.30258,3.55248,0.0
1.30258,3.61169,0.0
1.30258,3.6709,0.0
1.30258,3.73011,0.0
1.30258,3.78932,0.0
1.30258,3.84852,0.0
1.30258,3.90773,0.0
1.30258,3.96694,0.0
1.30258,4.02615,0.0
1.30258,4.08536,0.0
1.30258,4.14456,0.0
1.30258,4.20377,0.0
1.30258,4.26298,0.0
1.30258,4.32219,0.0
1.30258,4.3814,0.0
1.30258,4.4406,0.0
1.30258,4.49981,0.0
1.30258,4.55902,0.0
1.30258,4.61823,0.0
1.30258,4.67744,0.0
1.30258,4.73665,0.0
1.30258,4.79585,0.0
1.30258,4.85506,0.0
1.30258,4.91427,0.0
1.30258,4.97348,0.0
1.30258,5.03269,0.0
1.30258,5.09189,0.0
1.30258,5.1511,0.0
1.30258,5.21031,0.0
1.30258,5.26952,0.0
1.30258,5.32873,0.0
1.30258,5.38793,0.0
1.30258,5.44714,0.0
1.30258,5.50635,0.0
1.30258,5.56556,0.0
1.30258,5.62477,0.0
1.36179,-5.62477,0.0
1.36179,-5.56556,0.0
1.36179,-5.50635,0.0
1.36179,-5.44714,0.0
1.36179,-5.38793,0.0
1.36179,-5.32873,0.0
1.36179,-5.26952,0.0
1.36179,-5.21031,0.0
1.36179,-5.1511,0.0
1.36179,-5.09189,0.0
1.36179,-5.03269,0.0
1.36179,-4.97348,0.0
1.36179,-4.91427,0.0
1.36179,-4.85506,0.0
1.36179,-4.79585,0.0
1.36179,-4.73665,0.0
1.36179,-4.67744,0.0
1.36179,-4.61823,0.0
1.36179,-4.55902,0.0
1.36179,-4.49981,0.0
1.36179,-4.4406,0.0
1.36179,-4.3814,0.0
1.36179,-4.32219,0.0
1.36179,-4.26298,0.0
1.36179,-4.20377,0.0
1.36179,-4.14456,0.0
1.36179,-4.08536,0.0
1.36179,-4.02615,0.0
1.36179,-3.96694,0.0
1.36179,-3.90773,0.0
1.36179,-3.84852,0.0
1.36179,-3.78932,0.0
1.36179,-3.73011,0.0
1.36179,-3.6709,0.0
1.36179,-3.61169,0.0
1.36179,-3.55248,0.0
1.36179,-3.49328,0.0
1.36179,-3.43407,0.0
1.36179,-3.37486,0.0
1.36179,-3.31565,0.0
1.36179,-3.25644,0.0
1.36179,-3.19724,0.0
1.36179,-3.13803,0.0
1.36179,-3.07882,0.0
1.36179,-3.01961,0.0
1.36179,-2.9604,0.0
1.36179,-2.9012,0.0
1.36179,-2.84199,0.0
1.36179,-2.78278,0.0
1.36179,-2.72357,0.0
1.36179,-2.66436,0.0
1.36179,-2.60515,0.0
1.36179,-2.54595,0.0
1.36179,-2.48674,0.0
1.36179,-2.42753,0.0
1.36179,-2.36832,0.0
1.36179,-2.30911,0.0
1.36179,-2.24991,0.0
1.36179,-2.1907,0.0
1.36179,-2.13149,0.0
1.36179,-2.07228,0.0
1.36179,-2.01307,0.0
1.36179,-1.95387,0.0
1.36179,-1.89466,0.0
1.36179,-1.83545,0.0
1.36179,-1.77624,0.0
1.36179,-1.71703,0.0
1.36179,-1.65783,0.0
1.36179,-1.59862,0.0
1.36179,-1.53941,0.0
1.36179,-1.4802,0.0
1.36179,-1.42099,0.0
1.36179,-1.36179,0.0
1.36179,-1.30258,0.0
1.36179,-1.24337,0.0
1.36179,-1.18416,0.0
1.36179,-1.12495,0.0
1.36179,-1.06575,0.0
1.36179,-1.00654,0.0
1.36179,-0.94733,0.0
1.36179,-0.88812,0.0
1.36179,-0.82891,0.0
1.36179,-0.7697,0.0
1.36179,-0.7105,0.0
1.36179,-0.65129,0.0
1.36179,-0.59208,0.0
1.36179,-0.53287,0.0
1.36179,-0.47366,0.0
1.36179,-0.41446,0.0
1.36179,-0.35525,0.0
1.36179,-0.29604,0.0
1.36179,-0.23683,0.0
1.36179,-0.17762,0.0
1.36179,-0.11842,0.0
1.36179,-0.05921,0.0
1.36179,0,0.0
1.36179,0.05921,0.0
1.36179,0.11842,0.0
1.36179,0.17762,0.0
1.36179,0.23683,0.0
1.36179,0.29604,0.0
1.36179,0.35525,0.0
1.36179,0.41446,0.0
1.36179,0.47366,0.0
1.36179,0.53287,0.0
1.36179,0.59208,0.0
1.36179,0.65129,0.0
1.36179,0.7105,0.0
1.36179,0.7697,0.0
1.36179,0.82891,0.0
1.36179,0.88812,0.0
1.36179,0.94733,0.0
1.36179,1.00654,0.0
1.36179,1.06575,0.0
1.36179,1.12495,0.0
1.36179,1.18416,0.0
1.36179,1.24337,0.0
1.36179,1.30258,0.0
1.36179,1.36179,0.0
1.36179,1.42099,0.0
1.36179,1.4802,0.0
1.36179,1.53941,0.0
1.36179,1.59862,0.0
1.36179,1.65783,0.0
1.36179,1.71703,0.0
1.36179,1.77624,0.0
1.36179,1.83545,0.0
1.36179,1.89466,0.0
1.36179,1.95387,0.0
1.36179,2.01307,0.0
1.36179,2.07228,0.0
1.36179,2.13149,0.0
1.36179,2.1907,0.0
1.36179,2.24991,0.0
1.36179,2.30911,0.0
1.36179,2.36832,0.0
1.36179,2.42753,0.0
1.36179,2.48674,0.0
1.36179,2.54595,0.0
1.36179,2.60515,0.0
1.36179,2.66436,0.0
1.36179,2.72357,0.0
1.36179,2.78278,0.0
1.36179,2.84199,0.0
1.36179,2.9012,0.0
1.36179,2.9604,0.0
1.36179,3.01961,0.0
1.36179,3.07882,0.0
1.36179,3.13803,0.0
1.36179,3.19724,0.0
1.36179,3.25644,0.0
1.36179,3.31565,0.0
1.36179,3.37486,0.0
1.36179,3.43407,0.0
1.36179,3.49328,0.0
1.36179,3.55248,0.0
1.36179,3.61169,0.0
1.36179,3.6709,0.0
1.36179,3.73011,0.0
1.36179,3.78932,0.0
1.36179,3.84852,0.0
1.36179,3.90773,0.0
1.36179,3.96694,0.0
1.36179,4.02615,0.0
1.36179,4.08536,0.0
1.36179,4.14456,0.0
1.36179,4.20377,0.0
1.36179,4.26298,0.0
1.36179,4.32219,0.0
1.36179,4.3814,0.0
1.36179,4.4406,0.0
1.36179,4.49981,0.0
1.36179,4.55902,0.0
1.36179,4.61823,0.0
1.36179,4.67744,0.0
1.36179,4.73665,0.0
1.36179,4.79585,0.0
1.36179,4.85506,0.0
1.36179,4.91427,0.0
1.36179,4.97348,0.0
1.36179,5.03269,0.0
1.36179,5.09189,0.0
1.36179,5.1511,0.0
1.36179,5.21031,0.0
1.36179,5.26952,0.0
1.36179,5.32873,0.0
1.36179,5.38793,0.0
1.36179,5.44714,0.0
1.36179,5.50635,0.0
1.36179,5.56556,0.0
1.36179,5.62477,0.0
1.42099,-5.56556,0.0
1.42099,-5.50635,0.0
1.42099,-5.44714,0.0
1.42099,-5.38793,0.0
1.42099,-5.32873,0.0
1.42099,-5.26952,0.0
1.42099,-5.21031,0.0
1.42099,-5.1511,0.0
1.42099,-5.09189,0.0
1.42099,-5.03269,0.0
1.42099,-4.97348,0.0
1.42099,-4.91427,0.0
1.42099,-4.85506,0.0
1.42099,-4.79585,0.0
1.42099,-4.73665,0.0
1.42099,-4.67744,0.0
1.42099,-4.61823,0.0
1.42099,-4.55902,0.0
1.42099,-4.49981,0.0
1.42099,-4.4406,0.0
1.42099,-4.3814,0.0
1.42099,-4.32219,0.0
1.42099,-4.26298,0.0
1.42099,-4.20377,0.0
1.42099,-4.14456,0.0
1.42099,-4.08536,0.0
1.42099,-4.02615,0.0
1.42099,-3.96694,0.0
1.42099,-3.90773,0.0
1.42099,-3.84852,0.0
1.42099,-3.78932,0.0
1.42099,-3.73011,0.0
1.42099,-3.6709,0.0
1.42099,-3.61169,0.0
1.42099,-3.55248,0.0
1.42099,-3.49328,0.0
1.42099,-3.43407,0.0
1.42099,-3.37486,0.0
1.42099,-3.31565,0.0
1.42099,-3.25644,0.0
1.42099,-3.19724,0.0
1.42099,-3.13803,0.0
1.42099,-3.07882,0.0
1.42099,-3.01961,0.0
1.42099,-2.9604,0.0
1.42099,-2.9012,0.0
1.42099,-2.84199,0.0
1.42099,-2.78278,0.0
1.42099,-2.72357,0.0
1.42099,-2.66436,0.0
1.42099,-2.60515,0.0
1.42099,-2.54595,0.0
1.42099,-2.48674,0.0
1.42099,-2.42753,0.0
1.42099,-2.36832,0.0
1.42099,-2.30911,0.0
1.42099,-2.24991,0.0
1.42099,-2.1907,0.0
1.42099,-2.13149,0.0
1.42099,-2.07228,0.0
1.42099,-2.01307,0.0
1.42099,-1.95387,0.0
1.42099,-1.89466,0.0
1.42099,-1.83545,0.0
1.42099,-1.77624,0.0
1.42099,-1.71703,0.0
1.42099,-1.65783,0.0
1.42099,-1.59862,0.0
1.42099,-1.53941,0.0
1.42099,-1.4802,0.0
1.42099,-1.42099,0.0
1.42099,-1.36179,0.0
1.42099,-1.30258,0.0
1.42099,-1.24337,0.0
1.42099,-1.18416,0.0
1.42099,-1.12495,0.0
1.42099,-1.06575,0.0
1.42099,-1.00654,0.0
1.42099,-0.94733,0.0
1.42099,-0.88812,0.0
1.42099,-0.82891,0.0
1.42099,-0.7697,0.0
1.42099,-0.7105,0.0
1.42099,-0.65129,0.0
1.42099,-0.59208,0.0
1.42099,-0.53287,0.0
1.42099,-0.47366,0.0
1.42099,-0.41446,0.0
1.42099,-0.35525,0.0
1.42099,-0.29604,0.0
1.42099,-0.23683,0.0
1.42099,-0.17762,0.0
1.42099,-0.11842,0.0
1.42099,-0.05921,0.0
1.42099,0,0.0
1.42099,0.05921,0.0
1.42099,0.11842,0.0
1.42099,0.17762,0.0
1.42099,0.23683,0.0
1.42099,0.29604,0.0
1.42099,0.35525,0.0
1.42099,0.41446,0.0
1.42099,0.47366,0.0
1.42099,0.53287,0.0
1.42099,0.59208,0.0
1.42099,0.65129,0.0
1.42099,0.7105,0.0
1.42099,0.7697,0.0
1.42099,0.82891,0.0
1.42099,0.88812,0.0
1.42099,0.94733,0.0
1.42099,1.00654,0.0
1.42099,1.06575,0.0
1.42099,1.12495,0.0
1.42099,1.18416,0.0
1.42099,1.24337,0.0
1.42099,1.30258,0.0
1.42099,1.36179,0.0
1.42099,1.42099,0.0
1.42099,1.4802,0.0
1.42099,1.53941,0.0
1.42099,1.59862,0.0
1.42099,1.65783,0.0
1.42099,1.71703,0.0
1.42099,1.77624,0.0
1.42099,1.83545,0.0
1.42099,1.89466,0.0
1.42099,1.95387,0.0
1.42099,2.01307,0.0
1.42099,2.07228,0.0
1.42099,2.13149,0.0
1.42099,2.1907,0.0
1.42099,2.24991,0.0
1.42099,2.30911,0.0
1.42099,2.36832,0.0
1.42099,2.42753,0.0
1.42099,2.48674,0.0
1.42099,2.54595,0.0
1.42099,2.60515,0.0
1.42099,2.66436,0.0
1.42099,2.72357,0.0
1.42099,2.78278,0.0
1.42099,2.84199,0.0
1.42099,2.9012,0.0
1.42099,2.9604,0.0
1.42099,3.01961,0.0
1.42099,3.07882,0.0
1.42099,3.13803,0.0
1.42099,3.19724,0.0
1.42099,3.25644,0.0
1.42099,3.31565,0.0
1.42099,3.37486,0.0
1.42099,3.43407,0.0
1.42099,3.49328,0.0
1.42099,3.55248,0.0
1.42099,3.61169,0.0
1.42099,3.6709,0.0
1.42099,3.73011,0.0
1.42099,3.78932,0.0
1.42099,3.84852,0.0
1.42099,3.90773,0.0
1.42099,3.96694,0.0
1.42099,4.02615,0.0
1.42099,4.08536,0.0
1.42099,4.14456,0.0
1.42099,4.20377,0.0
1.42099,4.26298,0.0
1.42099,4.32219,0.0
1.42099,4.3814,0.0
1.42099,4.4406,0.0
1.42099,4.49981,0.0
1.42099,4.55902,0.0
1.42099,4.61823,0.0
1.42099,4.67744,0.0
1.42099,4.73665,0.0
1.42099,4.79585,0.0
1.42099,4.85506,0.0
1.42099,4.91427,0.0
1.42099,4.97348,0.0
1.42099,5.03269,0.0
1.42099,5.09189,0.0
1.42099,5.1511,0.0
1.42099,5.21031,0.0
1.42099,5.26952,0.0
1.42099,5.32873,0.0
1.42099,5.38793,0.0
1.42099,5.44714,0.0
1.42099,5.50635,0.0
1.42099,5.56556,0.0
1.4802,-5.56556,0.0
1.4802,-5.50635,0.0
1.4802,-5.44714,0.0
1.4802,-5.38793,0.0
1.4802,-5.32873,0.0
1.4802,-5.26952,0.0
1.4802,-5.21031,0.0
1.4802,-5.1511,0.0
1.4802,-5.09189,0.0
1.4802,-5.03269,0.0
1.4802,-4.97348,0.0
1.4802,-4.91427,0.0
1.4802,-4.85506,0.0
1.4802,-4.79585,0.0
1.4802,-4.73665,0.0
1.4802,-4.67744,0.0
1.4802,-4.61823,0.0
1.4802,-4.55902,0.0
1.4802,-4.49981,0.0
1.4802,-4.4406,0.0
1.4802,-4.3814,0.0
1.4802,-4.32219,0.0
1.4802,-4.26298,0.0
1.4802,-4.20377,0.0
1.4802,-4.14456,0.0
1.4802,-4.08536,0.0
1.4802,-4.02615,0.0
1.4802,-3.96694,0.0
1.4802,-3.90773,0.0
1.4802,-3.84852,0.0
1.4802,-3.78932,0.0
1.4802,-3.73011,0.0
1.4802,-3.6709,0.0
1.4802,-3.61169,0.0
1.4802,-3.55248,0.0
1.4802,-3.49328,0.0
1.4802,-3.43407,0.0
1.4802,-3.37486,0.0
1.4802,-3.31565,0.0
1.4802,-3.25644,0.0
1.4802,-3.19724,0.0
1.4802,-3.13803,0.0
1.4802,-3.07882,0.0
1.4802,-3.01961,0.0
1.4802,-2.9604,0.0
1.4802,-2.9012,0.0
1.4802,-2.84199,0.0
1.4802,-2.78278,0.0
1.4802,-2.72357,0.0
1.4802,-2.66436,0.0
1.4802,-2.60515,0.0
1.4802,-2.54595,0.0
1.4802,-2.48674,0.0
1.4802,-2.42753,0.0
1.4802,-2.36832,0.0
1.4802,-2.30911,0.0
1.4802,-2.24991,0.0
1.4802,-2.1907,0.0
1.4802,-2.13149,0.0
1.4802,-2.07228,0.0
1.4802,-2.01307,0.0
1.4802,-1.95387,0.0
1.4802,-1.89466,0.0
1.4802,-1.83545,0.0
1.4802,-1.77624,0.0
1.4802,-1.71703,0.0
1.4802,-1.65783,0.0
1.4802,-1.59862,0.0
1.4802,-1.53941,0.0
1.4802,-1.4802,0.0
1.4802,-1.42099,0.0
1.4802,-1.36179,0.0
1.4802,-1.30258,0.0
1.4802,-1.24337,0.0
1.4802,-1.18416,0.0
1.4802,-1.12495,0.0
1.4802,-1.06575,0.0
1.4802,-1.00654,0.0
1.4802,-0.94733,0.0
1.4802,-0.88812,0.0
1.4802,-0.82891,0.0
1.4802,-0.7697,0.0
1.4802,-0.7105,0.0
1.4802,-0.65129,0.0
1.4802,-0.59208,0.0
1.4802,-0.53287,0.0
1.4802,-0.47366,0.0
1.4802,-0.41446,0.0
1.4802,-0.35525,0.0
1.4802,-0.29604,0.0
1.4802,-0.23683,0.0
1.4802,-0.17762,0.0
1.4802,-0.11842,0.0
1.4802,-0.05921,0.0
1.4802,0,0.0
1.4802,0.05921,0.0
1.4802,0.11842,0.0
1.4802,0.17762,0.0
1.4802,0.23683,0.0
1.4802,0.29604,0.0
1.4802,0.35525,0.0
1.4802,0.41446,0.0
1.4802,0.47366,0.0
1.4802,0.53287,0.0
1.4802,0.59208,0.0
1.4802,0.65129,0.0
1.4802,0.7105,0.0
1.4802,0.7697,0.0
1.4802,0.82891,0.0
1.4802,0.88812,0.0
1.4802,0.94733,0.0
1.4802,1.00654,0.0
1.4802,1.06575,0.0
1.4802,1.12495,0.0
1.4802,1.18416,0.0
1.4802,1.24337,0.0
1.4802,1.30258,0.0
1.4802,1.36179,0.0
1.4802,1.42099,0.0
1.4802,1.4802,0.0
1.4802,1.53941,0.0
1.4802,1.59862,0.0
1.4802,1.65783,0.0
1.4802,1.71703,0.0
1.4802,1.77624,0.0
1.4802,1.83545,0.0
1.4802,1.89466,0.0
1.4802,1.95387,0.0
1.4802,2.01307,0.0
1.4802,2.07228,0.0
1.4802,2.13149,0.0
1.4802,2.1907,0.0
1.4802,2.24991,0.0
1.4802,2.30911,0.0
1.4802,2.36832,0.0
1.4802,2.42753,0.0
1.4802,2.48674,0.0
1.4802,2.54595,0.0
1.4802,2.60515,0.0
1.4802,2.66436,0.0
1.4802,2.72357,0.0
1.4802,2.78278,0.0
1.4802,2.84199,0.0
1.4802,2.9012,0.0
1.4802,2.9604,0.0
1.4802,3.01961,0.0
1.4802,3.07882,0.0
1.4802,3.13803,0.0
1.4802,3.19724,0.0
1.4802,3.25644,0.0
1.4802,3.31565,0.0
1.4802,3.37486,0.0
1.4802,3.43407,0.0
1.4802,3.49328,0.0
1.4802,3.55248,0.0
1.4802,3.61169,0.0
1.4802,3.6709,0.0
1.4802,3.73011,0.0
1.4802,3.78932,0.0
1.4802,3.84852,0.0
1.4802,3.90773,0.0
1.4802,3.96694,0.0
1.4802,4.02615,0.0
1.4802,4.08536,0.0
1.4802,4.14456,0.0
1.4802,4.20377,0.0
1.4802,4.26298,0.0
1.4802,4.32219,0.0
1.4802,4.3814,0.0
1.4802,4.4406,0.0
1.4802,4.49981,0.0
1.4802,4.55902,0.0
1.4802,4.61823,0.0
1.4802,4.67744,0.0
1.4802,4.73665,0.0
1.4802,4.79585,0.0
1.4802,4.85506,0.0
1.4802,4.91427,0.0
1.4802,4.97348,0.0
1.4802,5.03269,0.0
1.4802,5.09189,0.0
1.4802,5.1511,0.0
1.4802,5.21031,0.0
1.4802,5.26952,0.0
1.4802,5.32873,0.0
1.4802,5.38793,0.0
1.4802,5.44714,0.0
1.4802,5.50635,0.0
1.4802,5.56556,0.0
1.53941,-5.56556,0.0
1.53941,-5.50635,0.0
1.53941,-5.44714,0.0
1.53941,-5.38793,0.0
1.53941,-5.32873,0.0
1.53941,-5.26952,0.0
1.53941,-5.21031,0.0
1.53941,-5.1511,0.0
1.53941,-5.09189,0.0
1.53941,-5.03269,0.0
1.53941,-4.97348,0.0
1.53941,-4.91427,0.0
1.53941,-4.85506,0.0
1.53941,-4.79585,0.0
1.53941,-4.73665,0.0
1.53941,-4.67744,0.0
1.53941,-4.61823,0.0
1.53941,-4.55902,0.0
1.53941,-4.49981,0.0
1.53941,-4.4406,0.0
1.53941,-4.3814,0.0
1.53941,-4.32219,0.0
1.53941,-4.26298,0.0
1.53941,-4.20377,0.0
1.53941,-4.14456,0.0
1.53941,-4.08536,0.0
1.53941,-4.02615,0.0
1.53941,-3.96694,0.0
1.53941,-3.90773,0.0
1.53941,-3.84852,0.0
1.53941,-3.78932,0.0
1.53941,-3.73011,0.0
1.53941,-3.6709,0.0
1.53941,-3.61169,0.0
1.53941,-3.55248,0.0
1.53941,-3.49328,0.0
1.53941,-3.43407,0.0
1.53941,-3.37486,0.0
1.53941,-3.31565,0.0
1.53941,-3.25644,0.0
1.53941,-3.19724,0.0
1.53941,-3.13803,0.0
1.53941,-3.07882,0.0
1.53941,-3.01961,0.0
1.53941,-2.9604,0.0
1.53941,-2.9012,0.0
1.53941,-2.84199,0.0
1.53941,-2.78278,0.0
1.53941,-2.72357,0.0
1.53941,-2.66436,0.0
1.53941,-2.60515,0.0
1.53941,-2.54595,0.0
1.53941,-2.48674,0.0
1.53941,-2.42753,0.0
1.53941,-2.36832,0.0
1.53941,-2.30911,0.0
1.53941,-2.24991,0.0
1.53941,-2.1907,0.0
1.53941,-2.13149,0.0
1.53941,-2.07228,0.0
1.53941,-2.01307,0.0
1.53941,-1.95387,0.0
1.53941,-1.89466,0.0
1.53941,-1.83545,0.0
1.53941,-1.77624,0.0
1.53941,-1.71703,0.0
1.53941,-1.65783,0.0
1.53941,-1.59862,0.0
1.53941,-1.53941,0.0
1.53941,-1.4802,0.0
1.53941,-1.42099,0.0
1.53941,-1.36179,0.0
1.53941,-1.30258,0.0
1.53941,-1.24337,0.0
1.53941,-1.18416,0.0
1.53941,-1.12495,0.0
1.53941,-1.06575,0.0
1.53941,-1.00654,0.0
1.53941,-0.94733,0.0
1.53941,-0.88812,0.0
1.53941,-0.82891,0.0
1.53941,-0.7697,0.0
1.53941,-0.7105,0.0
1.53941,-0.65129,0.0
1.53941,-0.59208,0.0
1.53941,-0.53287,0.0
1.53941,-0.47366,0.0
1.53941,-0.41446,0.0
1.53941,-0.35525,0.0
1.53941,-0.29604,0.0
1.53941,-0.23683,0.0
1.53941,-0.17762,0.0
1.53941,-0.11842,0.0
1.53941,-0.05921,0.0
1.53941,0,0.0
1.53941,0.05921,0.0
1.53941,0.11842,0.0
1.53941,0.17762,0.0
1.53941,0.23683,0.0
1.53941,0.29604,0.0
1.53941,0.35525,0.0
1.53941,0.41446,0.0
1.53941,0.47366,0.0
1.53941,0.53287,0.0
1.53941,0.59208,0.0
1.53941,0.65129,0.0
1.53941,0.7105,0.0
1.53941,0.7697,0.0
1.53941,0.82891,0.0
1.53941,0.88812,0.0
1.53941,0.94733,0.0
1.53941,1.00654,0.0
1.53941,1.06575,0.0
1.53941,1.12495,0.0
1.53941,1.18416,0.0
1.53941,1.24337,0.0
1.53941,1.30258,0.0
1.53941,1.36179,0.0
1.53941,1.42099,0.0
1.53941,1.4802,0.0
1.53941,1.53941,0.0
1.53941,1.59862,0.0
1.53941,1.65783,0.0
1.53941,1.71703,0.0
1.53941,1.77624,0.0
1.53941,1.83545,0.0
1.53941,1.89466,0.0
1.53941,1.95387,0.0
1.53941,2.01307,0.0
1.53941,2.07228,0.0
1.53941,2.13149,0.0
1.53941,2.1907,0.0
1.53941,2.24991,0.0
1.53941,2.30911,0.0
1.53941,2.36832,0.0
1.53941,2.42753,0.0
1.53941,2.48674,0.0
1.53941,2.54595,0.0
1.53941,2.60515,0.0
1.53941,2.66436,0.0
1.53941,2.72357,0.0
1.53941,2.78278,0.0
1.53941,2.84199,0.0
1.53941,2.9012,0.0
1.53941,2.9604,0.0
1.53941,3.01961,0.0
1.53941,3.07882,0.0
1.53941,3.13803,0.0
1.53941,3.19724,0.0
1.53941,3.25644,0.0
1.53941,3.31565,0.0
1.53941,3.37486,0.0
1.53941,3.43407,0.0
1.53941,3.49328,0.0
1.53941,3.55248,0.0
1.53941,3.61169,0.0
1.53941,3.6709,0.0
1.53941,3.73011,0.0
1.53941,3.78932,0.0
1.53941,3.84852,0.0
1.53941,3.90773,0.0
1.53941,3.96694,0.0
1.53941,4.02615,0.0
1.53941,4.08536,0.0
1.53941,4.14456,0.0
1.53941,4.20377,0.0
1.53941,4.26298,0.0
1.53941,4.32219,0.0
1.53941,4.3814,0.0
1.53941,4.4406,0.0
1.53941,4.49981,0.0
1.53941,4.55902,0.0
1.53941,4.61823,0.0
1.53941,4.67744,0.0
1.53941,4.73665,0.0
1.53941,4.79585,0.0
1.53941,4.85506,0.0
1.53941,4.91427,0.0
1.53941,4.97348,0.0
1.53941,5.03269,0.0
1.53941,5.09189,0.0
1.53941,5.1511,0.0
1.53941,5.21031,0.0
1.53941,5.26952,0.0
1.53941,5.32873,0.0
1.53941,5.38793,0.0
1.53941,5.44714,0.0
1.53941,5.50635,0.0
1.53941,5.56556,0.0
1.59862,-5.56556,0.0
1.59862,-5.50635,0.0
1.59862,-5.44714,0.0
1.59862,-5.38793,0.0
1.59862,-5.32873,0.0
1.59862,-5.26952,0.0
1.59862,-5.21031,0.0
1.59862,-5.1511,0.0
1.59862,-5.09189,0.0
1.59862,-5.03269,0.0
1.59862,-4.97348,0.0
1.59862,-4.91427,0.0
1.59862,-4.85506,0.0
1.59862,-4.79585,0.0
1.59862,-4.73665,0.0
1.59862,-4.67744,0.0
1.59862,-4.61823,0.0
1.59862,-4.55902,0.0
1.59862,-4.49981,0.0
1.59862,-4.4406,0.0
1.59862,-4.3814,0.0
1.59862,-4.32219,0.0
1.59862,-4.26298,0.0
1.59862,-4.20377,0.0
1.59862,-4.14456,0.0
1.59862,-4.08536,0.0
1.59862,-4.02615,0.0
1.59862,-3.96694,0.0
1.59862,-3.90773,0.0
1.59862,-3.84852,0.0
1.59862,-3.78932,0.0
1.59862,-3.73011,0.0
1.59862,-3.6709,0.0
1.59862,-3.61169,0.0
1.59862,-3.55248,0.0
1.59862,-3.49328,0.0
1.59862,-3.43407,0.0
1.59862,-3.37486,0.0
1.59862,-3.31565,0.0
1.59862,-3.25644,0.0
1.59862,-3.19724,0.0
1.59862,-3.13803,0.0
1.59862,-3.07882,0.0
1.59862,-3.01961,0.0
1.59862,-2.9604,0.0
1.59862,-2.9012,0.0
1.59862,-2.84199,0.0
1.59862,-2.78278,0.0
1.59862,-2.72357,0.0
1.59862,-2.66436,0.0
1.59862,-2.60515,0.0
1.59862,-2.54595,0.0
1.59862,-2.48674,0.0
1.59862,-2.42753,0.0
1.59862,-2.36832,0.0
1.59862,-2.30911,0.0
1.59862,-2.24991,0.0
1.59862,-2.1907,0.0
1.59862,-2.13149,0.0
1.59862,-2.07228,0.0
1.59862,-2.01307,0.0
1.59862,-1.95387,0.0
1.59862,-1.89466,0.0
1.59862,-1.83545,0.0
1.59862,-1.77624,0.0
1.59862,-1.71703,0.0
1.59862,-1.65783,0.0
1.59862,-1.59862,0.0
1.59862,-1.53941,0.0
1.59862,-1.4802,0.0
1.59862,-1.42099,0.0
1.59862,-1.36179,0.0
1.59862,-1.30258,0.0
1.59862,-1.24337,0.0
1.59862,-1.18416,0.0
1.59862,-1.12495,0.0
1.59862,-1.06575,0.0
1.59862,-1.00654,0.0
1.59862,-0.94733,0.0
1.59862,-0.88812,0.0
1.59862,-0.82891,0.0
1.59862,-0.7697,0.0
1.59862,-0.7105,0.0
1.59862,-0.65129,0.0
1.59862,-0.59208,0.0
1.59862,-0.53287,0.0
1.59862,-0.47366,0.0
1.59862,-0.41446,0.0
1.59862,-0.35525,0.0
1.59862,-0.29604,0.0
1.59862,-0.23683,0.0
1.59862,-0.17762,0.0
1.59862,-0.11842,0.0
1.59862,-0.05921,0.0
1.59862,0,0.0
1.59862,0.05921,0.0
1.59862,0.11842,0.0
1.59862,0.17762,0.0
1.59862,0.23683,0.0
1.59862,0.29604,0.0
1.59862,0.35525,0.0
1.59862,0.41446,0.0
1.59862,0.47366,0.0
1.59862,0.53287,0.0
1.59862,0.59208,0.0
1.59862,0.65129,0.0
1.59862,0.7105,0.0
1.59862,0.7697,0.0
1.59862,0.82891,0.0
1.59862,0.88812,0.0
1.59862,0.94733,0.0
1.59862,1.00654,0.0
1.59862,1.06575,0.0
1.59862,1.12495,0.0
1.59862,1.18416,0.0
1.59862,1.24337,0.0
1.59862,1.30258,0.0
1.59862,1.36179,0.0
1.59862,1.42099,0.0
1.59862,1.4802,0.0
1.59862,1.53941,0.0
1.59862,1.59862,0.0
1.59862,1.65783,0.0
1.59862,1.71703,0.0
1.59862,1.77624,0.0
1.59862,1.83545,0.0
1.59862,1.89466,0.0
1.59862,1.95387,0.0
1.59862,2.01307,0.0
1.59862,2.07228,0.0
1.59862,2.13149,0.0
1.59862,2.1907,0.0
1.59862,2.24991,0.0
1.59862,2.30911,0.0
1.59862,2.36832,0.0
1.59862,2.42753,0.0
1.59862,2.48674,0.0
1.59862,2.54595,0.0
1.59862,2.60515,0.0
1.59862,2.66436,0.0
1.59862,2.72357,0.0
1.59862,2.78278,0.0
1.59862,2.84199,0.0
1.59862,2.9012,0.0
1.59862,2.9604,0.0
1.59862,3.01961,0.0
1.59862,3.07882,0.0
1.59862,3.13803,0.0
1.59862,3.19724,0.0
1.59862,3.25644,0.0
1.59862,3.31565,0.0
1.59862,3.37486,0.0
1.59862,3.43407,0.0
1.59862,3.49328,0.0
1.59862,3.55248,0.0
1.59862,3.61169,0.0
1.59862,3.6709,0.0
1.59862,3.73011,0.0
1.59862,3.78932,0.0
1.59862,3.84852,0.0
1.59862,3.90773,0.0
1.59862,3.96694,0.0
1.59862,4.02615,0.0
1.59862,4.08536,0.0
1.59862,4.14456,0.0
1.59862,4.20377,0.0
1.59862,4.26298,0.0
1.59862,4.32219,0.0
1.59862,4.3814,0.0
1.59862,4.4406,0.0
1.59862,4.49981,0.0
1.59862,4.55902,0.0
1.59862,4.61823,0.0
1.59862,4.67744,0.0
1.59862,4.73665,0.0
1.59862,4.79585,0.0
1.59862,4.85506,0.0
1.59862,4.91427,0.0
1.59862,4.97348,0.0
1.59862,5.03269,0.0
1.59862,5.09189,0.0
1.59862,5.1511,0.0
1.59862,5.21031,0.0
1.59862,5.26952,0.0
1.59862,5.32873,0.0
1.59862,5.38793,0.0
1.59862,5.44714,0.0
1.59862,5.50635,0.0
1.59862,5.56556,0.0
1.65783,-5.50635,0.0
1.65783,-5.44714,0.0
1.65783,-5.38793,0.0
1.65783,-5.32873,0.0
1.65783,-5.26952,0.0
1.65783,-5.21031,0.0
1.65783,-5.1511,0.0
1.65783,-5.09189,0.0
1.65783,-5.03269,0.0
1.65783,-4.97348,0.0
1.65783,-4.91427,0.0
1.65783,-4.85506,0.0
1.65783,-4.79585,0.0
1.65783,-4.73665,0.0
1.65783,-4.67744,0.0
1.65783,-4.61823,0.0
1.65783,-4.55902,0.0
1.65783,-4.49981,0.0
1.65783,-4.4406,0.0
1.65783,-4.3814,0.0
1.65783,-4.32219,0.0
1.65783,-4.26298,0.0
1.65783,-4.20377,0.0
1.65783,-4.14456,0.0
1.65783,-4.08536,0.0
1.65783,-4.02615,0.0
1.65783,-3.96694,0.0
1.65783,-3.90773,0.0
1.65783,-3.84852,0.0
1.65783,-3.78932,0.0
1.65783,-3.73011,0.0
1.65783,-3.6709,0.0
1.65783,-3.61169,0.0
1.65783,-3.55248,0.0
1.65783,-3.49328,0.0
1.65783,-3.43407,0.0
1.65783,-3.37486,0.0
1.65783,-3.31565,0.0
1.65783,-3.25644,0.0
1.65783,-3.19724,0.0
1.65783,-3.13803,0.0
1.65783,-3.07882,0.0
1.65783,-3.01961,0.0
1.65783,-2.9604,0.0
1.65783,-2.9012,0.0
1.65783,-2.84199,0.0
1.65783,-2.78278,0.0
1.65783,-2.72357,0.0
1.65783,-2.66436,0.0
1.65783,-2.60515,0.0
1.65783,-2.54595,0.0
1.65783,-2.48674,0.0
1.65783,-2.42753,0.0
1.65783,-2.36832,0.0
1.65783,-2.30911,0.0
1.65783,-2.24991,0.0
1.65783,-2.1907,0.0
1.65783,-2.13149,0.0
1.65783,-2.07228,0.0
1.65783,-2.01307,0.0
1.65783,-1.95387,0.0
1.65783,-1.89466,0.0
1.65783,-1.83545,0.0
1.65783,-1.77624,0.0
1.65783,-1.71703,0.0
1.65783,-1.65783,0.0
1.65783,-1.59862,0.0
1.65783,-1.53941,0.0
1.65783,-1.4802,0.0
1.65783,-1.42099,0.0
1.65783,-1.36179,0.0
1.65783,-1.30258,0.0
1.65783,-1.24337,0.0
1.65783,-1.18416,0.0
1.65783,-1.12495,0.0
1.65783,-1.06575,0.0
1.65783,-1.00654,0.0
1.65783,-0.94733,0.0
1.65783,-0.88812,0.0
1.65783,-0.82891,0.0
1.65783,-0.7697,0.0
1.65783,-0.7105,0.0
1.65783,-0.65129,0.0
1.65783,-0.59208,0.0
1.65783,-0.53287,0.0
1.65783,-0.47366,0.0
1.65783,-0.41446,0.0
1.65783,-0.35525,0.0
1.65783,-0.29604,0.0
1.65783,-0.23683,0.0
1.65783,-0.17762,0.0
1.65783,-0.11842,0.0
1.65783,-0.05921,0.0
1.65783,0,0.0
1.65783,0.05921,0.0
1.65783,0.11842,0.0
1.65783,0.17762,0.0
1.65783,0.23683,0.0
1.65783,0.29604,0.0
1.65783,0.35525,0.0
1.65783,0.41446,0.0
1.65783,0.47366,0.0
1.65783,0.53287,0.0
1.65783,0.59208,0.0
1.65783,0.65129,0.0
1.65783,0.7105,0.0
1.65783,0.7697,0.0
1.65783,0.82891,0.0
1.65783,0.88812,0.0
1.65783,0.94733,0.0
1.65783,1.00654,0.0
1.65783,1.06575,0.0
1.65783,1.12495,0.0
1.65783,1.18416,0.0
1.65783,1.24337,0.0
1.65783,1.30258,0.0
1.65783,1.36179,0.0
1.65783,1.42099,0.0
1.65783,1.4802,0.0
1.65783,1.53941,0.0
1.65783,1.59862,0.0
1.65783,1.65783,0.0
1.65783,1.71703,0.0
1.65783,1.77624,0.0
1.65783,1.83545,0.0
1.65783,1.89466,0.0
1.65783,1.95387,0.0
1.65783,2.01307,0.0
1.65783,2.07228,0.0
1.65783,2.13149,0.0
1.65783,2.1907,0.0
1.65783,2.24991,0.0
1.65783,2.30911,0.0
1.65783,2.36832,0.0
1.65783,2.42753,0.0
1.65783,2.48674,0.0
1.65783,2.54595,0.0
1.65783,2.60515,0.0
1.65783,2.66436,0.0
1.65783,2.72357,0.0
1.65783,2.78278,0.0
1.65783,2.84199,0.0
1.65783,2.9012,0.0
1.65783,2.9604,0.0
1.65783,3.01961,0.0
1.65783,3.07882,0.0
1.65783,3.13803,0.0
1.65783,3.19724,0.0
1.65783,3.25644,0.0
1.65783,3.31565,0.0
1.65783,3.37486,0.0
1.65783,3.43407,0.0
1.65783,3.49328,0.0
1.65783,3.55248,0.0
1.65783,3.61169,0.0
1.65783,3.6709,0.0
1.65783,3.73011,0.0
1.65783,3.78932,0.0
1.65783,3.84852,0.0
1.65783,3.90773,0.0
1.65783,3.96694,0.0
1.65783,4.02615,0.0
1.65783,4.08536,0.0
1.65783,4.14456,0.0
1.65783,4.20377,0.0
1.65783,4.26298,0.0
1.65783,4.32219,0.0
1.65783,4.3814,0.0
1.65783,4.4406,0.0
1.65783,4.49981,0.0
1.65783,4.55902,0.0
1.65783,4.61823,0.0
1.65783,4.67744,0.0
1.65783,4.73665,0.0
1.65783,4.79585,0.0
1.65783,4.85506,0.0
1.65783,4.91427,0.0
1.65783,4.97348,0.0
1.65783,5.03269,0.0
1.65783,5.09189,0.0
1.65783,5.1511,0.0
1.65783,5.21031,0.0
1.65783,5.26952,0.0
1.65783,5.32873,0.0
1.65783,5.38793,0.0
1.65783,5.44714,0.0
1.65783,5.50635,0.0
1.71703,-5.50635,0.0
1.71703,-5.44714,0.0
1.71703,-5.38793,0.0
1.71703,-5.32873,0.0
1.71703,-5.26952,0.0
1.71703,-5.21031,0.0
1.71703,-5.1511,0.0
1.71703,-5.09189,0.0
1.71703,-5.03269,0.0
1.71703,-4.97348,0.0
1.71703,-4.91427,0.0
1.71703,-4.85506,0.0
1.71703,-4.79585,0.0
1.71703,-4.73665,0.0
1.71703,-4.67744,0.0
1.71703,-4.61823,0.0
1.71703,-4.55902,0.0
1.71703,-4.49981,0.0
1.71703,-4.4406,0.0
1.71703,-4.3814,0.0
1.71703,-4.32219,0.0
1.71703,-4.26298,0.0
1.71703,-4.20377,0.0
1.71703,-4.14456,0.0
1.71703,-4.08536,0.0
1.71703,-4.02615,0.0
1.71703,-3.96694,0.0
1.71703,-3.90773,0.0
1.71703,-3.84852,0.0
1.71703,-3.78932,0.0
1.71703,-3.73011,0.0
1.71703,-3.6709,0.0
1.71703,-3.61169,0.0
1.71703,-3.55248,0.0
1.71703,-3.49328,0.0
1.71703,-3.43407,0.0
1.71703,-3.37486,0.0
1.71703,-3.31565,0.0
1.71703,-3.25644,0.0
1.71703,-3.19724,0.0
1.71703,-3.13803,0.0
1.71703,-3.07882,0.0
1.71703,-3.01961,0.0
1.71703,-2.9604,0.0
1.71703,-2.9012,0.0
1.71703,-2.84199,0.0
1.71703,-2.78278,0.0
1.71703,-2.72357,0.0
1.71703,-2.66436,0.0
1.71703,-2.60515,0.0
1.71703,-2.54595,0.0
1.71703,-2.48674,0.0
1.71703,-2.42753,0.0
1.71703,-2.36832,0.0
1.71703,-2.30911,0.0
1.71703,-2.24991,0.0
1.71703,-2.1907,0.0
1.71703,-2.13149,0.0
1.71703,-2.07228,0.0
1.71703,-2.01307,0.0
1.71703,-1.95387,0.0
1.71703,-1.89466,0.0
1.71703,-1.83545,0.0
1.71703,-1.77624,0.0
1.71703,-1.71703,0.0
1.71703,-1.65783,0.0
1.71703,-1.59862,0.0
1.71703,-1.53941,0.0
1.71703,-1.4802,0.0
1.71703,-1.42099,0.0
1.71703,-1.36179,0.0
1.71703,-1.30258,0.0
1.71703,-1.24337,0.0
1.71703,-1.18416,0.0
1.71703,-1.12495,0.0
1.71703,-1.06575,0.0
1.71703,-1.00654,0.0
1.71703,-0.94733,0.0
1.71703,-0.88812,0.0
1.71703,-0.82891,0.0
1.71703,-0.7697,0.0
1.71703,-0.7105,0.0
1.71703,-0.65129,0.0
1.71703,-0.59208,0.0
1.71703,-0.53287,0.0
1.71703,-0.47366,0.0
1.71703,-0.41446,0.0
1.71703,-0.35525,0.0
1.71703,-0.29604,0.0
1.71703,-0.23683,0.0
1.71703,-0.17762,0.0
1.71703,-0.11842,0.0
1.71703,-0.05921,0.0
1.71703,0,0.0
1.71703,0.05921,0.0
1.71703,0.11842,0.0
1.71703,0.17762,0.0
1.71703,0.23683,0.0
1.71703,0.29604,0.0
1.71703,0.35525,0.0
1.71703,0.41446,0.0
1.71703,0.47366,0.0
1.71703,0.53287,0.0
1.71703,0.59208,0.0
1.71703,0.65129,0.0
1.71703,0.7105,0.0
1.71703,0.7697,0.0
1.71703,0.82891,0.0
1.71703,0.88812,0.0
1.71703,0.94733,0.0
1.71703,1.00654,0.0
1.71703,1.06575,0.0
1.71703,1.12495,0.0
1.71703,1.18416,0.0
1.71703,1.24337,0.0
1.71703,1.30258,0.0
1.71703,1.36179,0.0
1.71703,1.42099,0.0
1.71703,1.4802,0.0
1.71703,1.53941,0.0
1.71703,1.59862,0.0
1.71703,1.65783,0.0
1.71703,1.71703,0.0
1.71703,1.77624,0.0
1.71703,1.83545,0.0
1.71703,1.89466,0.0
1.71703,1.95387,0.0
1.71703,2.01307,0.0
1.71703,2.07228,0.0
1.71703,2.13149,0.0
1.71703,2.1907,0.0
1.71703,2.24991,0.0
1.71703,2.30911,0.0
1.71703,2.36832,0.0
1.71703,2.42753,0.0
1.71703,2.48674,0.0
1.71703,2.54595,0.0
1.71703,2.60515,0.0
1.71703,2.66436,0.0
1.71703,2.72357,0.0
1.71703,2.78278,0.0
1.71703,2.84199,0.0
1.71703,2.9012,0.0
1.71703,2.9604,0.0
1.71703,3.01961,0.0
1.71703,3.07882,0.0
1.71703,3.13803,0.0
1.71703,3.19724,0.0
1.71703,3.25644,0.0
1.71703,3.31565,0.0
1.71703,3.37486,0.0
1.71703,3.43407,0.0
1.71703,3.49328,0.0
1.71703,3.55248,0.0
1.71703,3.61169,0.0
1.71703,3.6709,0.0
1.71703,3.73011,0.0
1.71703,3.78932,0.0
1.71703,3.84852,0.0
1.71703,3.90773,0.0
1.71703,3.96694,0.0
1.71703,4.02615,0.0
1.71703,4.08536,0.0
1.71703,4.14456,0.0
1.71703,4.20377,0.0
1.71703,4.26298,0.0
1.71703,4.32219,0.0
1.71703,4.3814,0.0
1.71703,4.4406,0.0
1.71703,4.49981,0.0
1.71703,4.55902,0.0
1.71703,4.61823,0.0
1.71703,4.67744,0.0
1.71703,4.73665,0.0
1.71703,4.79585,0.0
1.71703,4.85506,0.0
1.71703,4.91427,0.0
1.71703,4.97348,0.0
1.71703,5.03269,0.0
1.71703,5.09189,0.0
1.71703,5.1511,0.0
1.71703,5.21031,0.0
1.71703,5.26952,0.0
1.71703,5.32873,0.0
1.71703,5.38793,0.0
1.71703,5.44714,0.0
1.71703,5.50635,0.0
1.77624,-5.50635,0.0
1.77624,-5.44714,0.0
1.77624,-5.38793,0.0
1.77624,-5.32873,0.0
1.77624,-5.26952,0.0
1.77624,-5.21031,0.0
1.77624,-5.1511,0.0
1.77624,-5.09189,0.0
1.77624,-5.03269,0.0
1.77624,-4.97348,0.0
1.77624,-4.91427,0.0
1.77624,-4.85506,0.0
1.77624,-4.79585,0.0
1.77624,-4.73665,0.0
1.77624,-4.67744,0.0
1.77624,-4.61823,0.0
1.77624,-4.55902,0.0
1.77624,-4.49981,0.0
1.77624,-4.4406,0.0
1.77624,-4.3814,0.0
1.77624,-4.32219,0.0
1.77624,-4.26298,0.0
1.77624,-4.20377,0.0
1.77624,-4.14456,0.0
1.77624,-4.08536,0.0
1.77624,-4.02615,0.0
1.77624,-3.96694,0.0
1.77624,-3.90773,0.0
1.77624,-3.84852,0.0
1.77624,-3.78932,0.0
1.77624,-3.73011,0.0
1.77624,-3.6709,0.0
1.77624,-3.61169,0.0
1.77624,-3.55248,0.0
1.77624,-3.49328,0.0
1.77624,-3.43407,0.0
1.77624,-3.37486,0.0
1.77624,-3.31565,0.0
1.77624,-3.25644,0.0
1.77624,-3.19724,0.0
1.77624,-3.13803,0.0
1.77624,-3.07882,0.0
1.77624,-3.01961,0.0
1.77624,-2.9604,0.0
1.77624,-2.9012,0.0
1.77624,-2.84199,0.0
1.77624,-2.78278,0.0
1.77624,-2.72357,0.0
1.77624,-2.66436,0.0
1.77624,-2.60515,0.0
1.77624,-2.54595,0.0
1.77624,-2.48674,0.0
1.77624,-2.42753,0.0
1.77624,-2.36832,0.0
1.77624,-2.30911,0.0
1.77624,-2.24991,0.0
1.77624,-2.1907,0.0
1.77624,-2.13149,0.0
1.77624,-2.07228,0.0
1.77624,-2.01307,0.0
1.77624,-1.95387,0.0
1.77624,-1.89466,0.0
1.77624,-1.83545,0.0
1.77624,-1.77624,0.0
1.77624,-1.71703,0.0
1.77624,-1.65783,0.0
1.77624,-1.59862,0.0
1.77624,-1.53941,0.0
1.77624,-1.4802,0.0
1.77624,-1.42099,0.0
1.77624,-1.36179,0.0
1.77624,-1.30258,0.0
1.77624,-1.24337,0.0
1.77624,-1.18416,0.0
1.77624,-1.12495,0.0
1.77624,-1.06575,0.0
1.77624,-1.00654,0.0
1.77624,-0.94733,0.0
1.77624,-0.88812,0.0
1.77624,-0.82891,0.0
1.77624,-0.7697,0.0
1.77624,-0.7105,0.0
1.77624,-0.65129,0.0
1.77624,-0.59208,0.0
1.77624,-0.53287,0.0
1.77624,-0.47366,0.0
1.77624,-0.41446,0.0
1.77624,-0.35525,0.0
1.77624,-0.29604,0.0
1.77624,-0.23683,0.0
1.77624,-0.17762,0.0
1.77624,-0.11842,0.0
1.77624,-0.05921,0.0
1.77624,0,0.0
1.77624,0.05921,0.0
1.77624,0.11842,0.0
1.77624,0.17762,0.0
1.77624,0.23683,0.0
1.77624,0.29604,0.0
1.77624,0.35525,0.0
1.77624,0.41446,0.0
1.77624,0.47366,0.0
1.77624,0.53287,0.0
1.77624,0.59208,0.0
1.77624,0.65129,0.0
1.77624,0.7105,0.0
1.77624,0.7697,0.0
1.77624,0.82891,0.0
1.77624,0.88812,0.0
1.77624,0.94733,0.0
1.77624,1.00654,0.0
1.77624,1.06575,0.0
1.77624,1.12495,0.0
1.77624,1.18416,0.0
1.77624,1.24337,0.0
1.77624,1.30258,0.0
1.77624,1.36179,0.0
1.77624,1.42099,0.0
1.77624,1.4802,0.0
1.77624,1.53941,0.0
1.77624,1.59862,0.0
1.77624,1.65783,0.0
1.77624,1.71703,0.0
1.77624,1.77624,0.0
1.77624,1.83545,0.0
1.77624,1.89466,0.0
1.77624,1.95387,0.0
1.77624,2.01307,0.0
1.77624,2.07228,0.0
1.77624,2.13149,0.0
1.77624,2.1907,0.0
1.77624,2.24991,0.0
1.77624,2.30911,0.0
1.77624,2.36832,0.0
1.77624,2.42753,0.0
1.77624,2.48674,0.0
1.77624,2.54595,0.0
1.77624,2.60515,0.0
1.77624,2.66436,0.0
1.77624,2.72357,0.0
1.77624,2.78278,0.0
1.77624,2.84199,0.0
1.77624,2.9012,0.0
1.77624,2.9604,0.0
1.77624,3.01961,0.0
1.77624,3.07882,0.0
1.77624,3.13803,0.0
1.77624,3.19724,0.0
1.77624,3.25644,0.0
1.77624,3.31565,0.0
1.77624,3.37486,0.0
1.77624,3.43407,0.0
1.77624,3.49328,0.0
1.77624,3.55248,0.0
1.77624,3.61169,0.0
1.77624,3.6709,0.0
1.77624,3.73011,0.0
1.77624,3.78932,0.0
1.77624,3.84852,0.0
1.77624,3.90773,0.0
1.77624,3.96694,0.0
1.77624,4.02615,0.0
1.77624,4.08536,0.0
1.77624,4.14456,0.0
1.77624,4.20377,0.0
1.77624,4.26298,0.0
1.77624,4.32219,0.0
1.77624,4.3814,0.0
1.77624,4.4406,0.0
1.77624,4.49981,0.0
1.77624,4.55902,0.0
1.77624,4.61823,0.0
1.77624,4.67744,0.0
1.77624,4.73665,0.0
1.77624,4.79585,0.0
1.77624,4.85506,0.0
1.77624,4.91427,0.0
1.77624,4.97348,0.0
1.77624,5.03269,0.0
1.77624,5.09189,0.0
1.77624,5.1511,0.0
1.77624,5.21031,0.0
1.77624,5.26952,0.0
1.77624,5.32873,0.0
1.77624,5.38793,0.0
1.77624,5.44714,0.0
1.77624,5.50635,0.0
1.83545,-5.44714,0.0
1.83545,-5.38793,0.0
1.83545,-5.32873,0.0
1.83545,-5.26952,0.0
1.83545,-5.21031,0.0
1.83545,-5.1511,0.0
1.83545,-5.09189,0.0
1.83545,-5.03269,0.0
1.83545,-4.97348,0.0
1.83545,-4.91427,0.0
1.83545,-4.85506,0.0
1.83545,-4.79585,0.0
1.83545,-4.73665,0.0
1.83545,-4.67744,0.0
1.83545,-4.61823,0.0
1.83545,-4.55902,0.0
1.83545,-4.49981,0.0
1.83545,-4.4406,0.0
1.83545,-4.3814,0.0
1.83545,-4.32219,0.0
1.83545,-4.26298,0.0
1.83545,-4.20377,0.0
1.83545,-4.14456,0.0
1.83545,-4.08536,0.0
1.83545,-4.02615,0.0
1.83545,-3.96694,0.0
1.83545,-3.90773,0.0
1.83545,-3.84852,0.0
1.83545,-3.78932,0.0
1.83545,-3.73011,0.0
1.83545,-3.6709,0.0
1.83545,-3.61169,0.0
1.83545,-3.55248,0.0
1.83545,-3.49328,0.0
1.83545,-3.43407,0.0
1.83545,-3.37486,0.0
1.83545,-3.31565,0.0
1.83545,-3.25644,0.0
1.83545,-3.19724,0.0
1.83545,-3.13803,0.0
1.83545,-3.07882,0.0
1.83545,-3.01961,0.0
1.83545,-2.9604,0.0
1.83545,-2.9012,0.0
1.83545,-2.84199,0.0
1.83545,-2.78278,0.0
1.83545,-2.72357,0.0
1.83545,-2.66436,0.0
1.83545,-2.60515,0.0
1.83545,-2.54595,0.0
1.83545,-2.48674,0.0
1.83545,-2.42753,0.0
1.83545,-2.36832,0.0
1.83545,-2.30911,0.0
1.83545,-2.24991,0.0
1.83545,-2.1907,0.0
1.83545,-2.13149,0.0
1.83545,-2.07228,0.0
1.83545,-2.01307,0.0
1.83545,-1.95387,0.0
1.83545,-1.89466,0.0
1.83545,-1.83545,0.0
1.83545,-1.77624,0.0
1.83545,-1.71703,0.0
1.83545,-1.65783,0.0
1.83545,-1.59862,0.0
1.83545,-1.53941,0.0
1.83545,-1.4802,0.0
1.83545,-1.42099,0.0
1.83545,-1.36179,0.0
1.83545,-1.30258,0.0
1.83545,-1.24337,0.0
1.83545,-1.18416,0.0
1.83545,-1.12495,0.0
1.83545,-1.06575,0.0
1.83545,-1.00654,0.0
1.83545,-0.94733,0.0
1.83545,-0.88812,0.0
1.83545,-0.82891,0.0
1.83545,-0.7697,0.0
1.83545,-0.7105,0.0
1.83545,-0.65129,0.0
1.83545,-0.59208,0.0
1.83545,-0.53287,0.0
1.83545,-0.47366,0.0
1.83545,-0.41446,0.0
1.83545,-0.35525,0.0
1.83545,-0.29604,0.0
1.83545,-0.23683,0.0
1.83545,-0.17762,0.0
1.83545,-0.11842,0.0
1.83545,-0.05921,0.0
1.83545,0,0.0
1.83545,0.05921,0.0
1.83545,0.11842,0.0
1.83545,0.17762,0.0
1.83545,0.23683,0.0
1.83545,0.29604,0.0
1.83545,0.35525,0.0
1.83545,0.41446,0.0
1.83545,0.47366,0.0
1.83545,0.53287,0.0
1.83545,0.59208,0.0
1.83545,0.65129,0.0
1.83545,0.7105,0.0
1.83545,0.7697,0.0
1.83545,0.82891,0.0
1.83545,0.88812,0.0
1.83545,0.94733,0.0
1.83545,1.00654,0.0
1.83545,1.06575,0.0
1.83545,1.12495,0.0
1.83545,1.18416,0.0
1.83545,1.24337,0.0
1.83545,1.30258,0.0
1.83545,1.36179,0.0
1.83545,1.42099,0.0
1.83545,1.4802,0.0
1.83545,1.53941,0.0
1.83545,1.59862,0.0
1.83545,1.65783,0.0
1.83545,1.71703,0.0
1.83545,1.77624,0.0
1.83545,1.83545,0.0
1.83545,1.89466,0.0
1.83545,1.95387,0.0
1.83545,2.01307,0.0
1.83545,2.07228,0.0
1.83545,2.13149,0.0
1.83545,2.1907,0.0
1.83545,2.24991,0.0
1.83545,2.30911,0.0
1.83545,2.36832,0.0
1.83545,2.42753,0.0
1.83545,2.48674,0.0
1.83545,2.54595,0.0
1.83545,2.60515,0.0
1.83545,2.66436,0.0
1.83545,2.72357,0.0
1.83545,2.78278,0.0
1.83545,2.84199,0.0
1.83545,2.9012,0.0
1.83545,2.9604,0.0
1.83545,3.01961,0.0
1.83545,3.07882,0.0
1.83545,3.13803,0.0
1.83545,3.19724,0.0
1.83545,3.25644,0.0
1.83545,3.31565,0.0
1.83545,3.37486,0.0
1.83545,3.43407,0.0
1.83545,3.49328,0.0
1.83545,3.55248,0.0
1.83545,3.61169,0.0
1.83545,3.6709,0.0
1.83545,3.73011,0.0
1.83545,3.78932,0.0
1.83545,3.84852,0.0
1.83545,3.90773,0.0
1.83545,3.96694,0.0
1.83545,4.02615,0.0
1.83545,4.08536,0.0
1.83545,4.14456,0.0
1.83545,4.20377,0.0
1.83545,4.26298,0.0
1.83545,4.32219,0.0
1.83545,4.3814,0.0
1.83545,4.4406,0.0
1.83545,4.49981,0.0
1.83545,4.55902,0.0
1.83545,4.61823,0.0
1.83545,4.67744,0.0
1.83545,4.73665,0.0
1.83545,4.79585,0.0
1.83545,4.85506,0.0
1.83545,4.91427,0.0
1.83545,4.97348,0.0
1.83545,5.03269,0.0
1.83545,5.09189,0.0
1.83545,5.1511,0.0
1.83545,5.21031,0.0
1.83545,5.26952,0.0
1.83545,5.32873,0.0
1.83545,5.38793,0.0
1.83545,5.44714,0.0
1.89466,-5.44714,0.0
1.89466,-5.38793,0.0
1.89466,-5.32873,0.0
1.89466,-5.26952,0.0
1.89466,-5.21031,0.0
1.89466,-5.1511,0.0
1.89466,-5.09189,0.0
1.89466,-5.03269,0.0
1.89466,-4.97348,0.0
1.89466,-4.91427,0.0
1.89466,-4.85506,0.0
1.89466,-4.79585,0.0
1.89466,-4.73665,0.0
1.89466,-4.67744,0.0
1.89466,-4.61823,0.0
1.89466,-4.55902,0.0
1.89466,-4.49981,0.0
1.89466,-4.4406,0.0
1.89466,-4.3814,0.0
1.89466,-4.32219,0.0
1.89466,-4.26298,0.0
1.89466,-4.20377,0.0
1.89466,-4.14456,0.0
1.89466,-4.08536,0.0
1.89466,-4.02615,0.0
1.89466,-3.96694,0.0
1.89466,-3.90773,0.0
1.89466,-3.84852,0.0
1.89466,-3.78932,0.0
1.89466,-3.73011,0.0
1.89466,-3.6709,0.0
1.89466,-3.61169,0.0
1.89466,-3.55248,0.0
1.89466,-3.49328,0.0
1.89466,-3.43407,0.0
1.89466,-3.37486,0.0
1.89466,-3.31565,0.0
1.89466,-3.25644,0.0
1.89466,-3.19724,0.0
1.89466,-3.13803,0.0
1.89466,-3.07882,0.0
1.89466,-3.01961,0.0
1.89466,-2.9604,0.0
1.89466,-2.9012,0.0
1.89466,-2.84199,0.0
1.89466,-2.78278,0.0
1.89466,-2.72357,0.0
1.89466,-2.66436,0.0
1.89466,-2.60515,0.0
1.89466,-2.54595,0.0
1.89466,-2.48674,0.0
1.89466,-2.42753,0.0
1.89466,-2.36832,0.0
1.89466,-2.30911,0.0
1.89466,-2.24991,0.0
1.89466,-2.1907,0.0
1.89466,-2.13149,0.0
1.89466,-2.07228,0.0
1.89466,-2.01307,0.0
1.89466,-1.95387,0.0
1.89466,-1.89466,0.0
1.89466,-1.83545,0.0
1.89466,-1.77624,0.0
1.89466,-1.71703,0.0
1.89466,-1.65783,0.0
1.89466,-1.59862,0.0
1.89466,-1.53941,0.0
1.89466,-1.4802,0.0
1.89466,-1.42099,0.0
1.89466,-1.36179,0.0
1.89466,-1.30258,0.0
1.89466,-1.24337,0.0
1.89466,-1.18416,0.0
1.89466,-1.12495,0.0
1.89466,-1.06575,0.0
1.89466,-1.00654,0.0
1.89466,-0.94733,0.0
1.89466,-0.88812,0.0
1.89466,-0.82891,0.0
1.89466,-0.7697,0.0
1.89466,-0.7105,0.0
1.89466,-0.65129,0.0
1.89466,-0.59208,0.0
1.89466,-0.53287,0.0
1.89466,-0.47366,0.0
1.89466,-0.41446,0.0
1.89466,-0.35525,0.0
1.89466,-0.29604,0.0
1.89466,-0.23683,0.0
1.89466,-0.17762,0.0
1.89466,-0.11842,0.0
1.89466,-0.05921,0.0
1.89466,0,0.0
1.89466,0.05921,0.0
1.89466,0.11842,0.0
1.89466,0.17762,0.0
1.89466,0.23683,0.0
1.89466,0.29604,0.0
1.89466,0.35525,0.0
1.89466,0.41446,0.0
1.89466,0.47366,0.0
1.89466,0.53287,0.0
1.89466,0.59208,0.0
1.89466,0.65129,0.0
1.89466,0.7105,0.0
1.89466,0.7697,0.0
1.89466,0.82891,0.0
1.89466,0.88812,0.0
1.89466,0.94733,0.0
1.89466,1.00654,0.0
1.89466,1.06575,0.0
1.89466,1.12495,0.0
1.89466,1.18416,0.0
1.89466,1.24337,0.0
1.89466,1.30258,0.0
1.89466,1.36179,0.0
1.89466,1.42099,0.0
1.89466,1.4802,0.0
1.89466,1.53941,0.0
1.89466,1.59862,0.0
1.89466,1.65783,0.0
1.89466,1.71703,0.0
1.89466,1.77624,0.0
1.89466,1.83545,0.0
1.89466,1.89466,0.0
1.89466,1.95387,0.0
1.89466,2.01307,0.0
1.89466,2.07228,0.0
1.89466,2.13149,0.0
1.89466,2.1907,0.0
1.89466,2.24991,0.0
1.89466,2.30911,0.0
1.89466,2.36832,0.0
1.89466,2.42753,0.0
1.89466,2.48674,0.0
1.89466,2.54595,0.0
1.89466,2.60515,0.0
1.89466,2.66436,0.0
1.89466,2.72357,0.0
1.89466,2.78278,0.0
1.89466,2.84199,0.0
1.89466,2.9012,0.0
1.89466,2.9604,0.0
1.89466,3.01961,0.0
1.89466,3.07882,0.0
1.89466,3.13803,0.0
1.89466,3.19724,0.0
1.89466,3.25644,0.0
1.89466,3.31565,0.0
1.89466,3.37486,0.0
1.89466,3.43407,0.0
1.89466,3.49328,0.0
1.89466,3.55248,0.0
1.89466,3.61169,0.0
1.89466,3.6709,0.0
1.89466,3.73011,0.0
1.89466,3.78932,0.0
1.89466,3.84852,0.0
1.89466,3.90773,0.0
1.89466,3.96694,0.0
1.89466,4.02615,0.0
1.89466,4.08536,0.0
1.89466,4.14456,0.0
1.89466,4.20377,0.0
1.89466,4.26298,0.0
1.89466,4.32219,0.0
1.89466,4.3814,0.0
1.89466,4.4406,0.0
1.89466,4.49981,0.0
1.89466,4.55902,0.0
1.89466,4.61823,0.0
1.89466,4.67744,0.0
1.89466,4.73665,0.0
1.89466,4.79585,0.0
1.89466,4.85506,0.0
1.89466,4.91427,0.0
1.89466,4.97348,0.0
1.89466,5.03269,0.0
1.89466,5.09189,0.0
1.89466,5.1511,0.0
1.89466,5.21031,0.0
1.89466,5.26952,0.0
1.89466,5.32873,0.0
1.89466,5.38793,0.0
1.89466,5.44714,0.0
1.95387,-5.44714,0.0
1.95387,-5.38793,0.0
1.95387,-5.32873,0.0
1.95387,-5.26952,0.0
1.95387,-5.21031,0.0
1.95387,-5.1511,0.0
1.95387,-5.09189,0.0
1.95387,-5.03269,0.0
1.95387,-4.97348,0.0
1.95387,-4.91427,0.0
1.95387,-4.85506,0.0
1.95387,-4.79585,0.0
1.95387,-4.73665,0.0
1.95387,-4.67744,0.0
1.95387,-4.61823,0.0
1.95387,-4.55902,0.0
1.95387,-4.49981,0.0
1.95387,-4.4406,0.0
1.95387,-4.3814,0.0
1.95387,-4.32219,0.0
1.95387,-4.26298,0.0
1.95387,-4.20377,0.0
1.95387,-4.14456,0.0
1.95387,-4.08536,0.0
1.95387,-4.02615,0.0
1.95387,-3.96694,0.0
1.95387,-3.90773,0.0
1.95387,-3.84852,0.0
1.95387,-3.78932,0.0
1.95387,-3.73011,0.0
1.95387,-3.6709,0.0
1.95387,-3.61169,0.0
1.95387,-3.55248,0.0
1.95387,-3.49328,0.0
1.95387,-3.43407,0.0
1.95387,-3.37486,0.0
1.95387,-3.31565,0.0
1.95387,-3.25644,0.0
1.95387,-3.19724,0.0
1.95387,-3.13803,0.0
1.95387,-3.07882,0.0
1.95387,-3.01961,0.0
1.95387,-2.9604,0.0
1.95387,-2.9012,0.0
1.95387,-2.84199,0.0
1.95387,-2.78278,0.0
1.95387,-2.72357,0.0
1.95387,-2.66436,0.0
1.95387,-2.60515,0.0
1.95387,-2.54595,0.0
1.95387,-2.48674,0.0
1.95387,-2.42753,0.0
1.95387,-2.36832,0.0
1.95387,-2.30911,0.0
1.95387,-2.24991,0.0
1.95387,-2.1907,0.0
1.95387,-2.13149,0.0
1.95387,-2.07228,0.0
1.95387,-2.01307,0.0
1.95387,-1.95387,0.0
1.95387,-1.89466,0.0
1.95387,-1.83545,0.0
1.95387,-1.77624,0.0
1.95387,-1.71703,0.0
1.95387,-1.65783,0.0
1.95387,-1.59862,0.0
1.95387,-1.53941,0.0
1.95387,-1.4802,0.0
1.95387,-1.42099,0.0
1.95387,-1.36179,0.0
1.95387,-1.30258,0.0
1.95387,-1.24337,0.0
1.95387,-1.18416,0.0
1.95387,-1.12495,0.0
1.95387,-1.06575,0.0
1.95387,-1.00654,0.0
1.95387,-0.94733,0.0
1.95387,-0.88812,0.0
1.95387,-0.82891,0.0
1.95387,-0.7697,0.0
1.95387,-0.7105,0.0
1.95387,-0.65129,0.0
1.95387,-0.59208,0.0
1.95387,-0.53287,0.0
1.95387,-0.47366,0.0
1.95387,-0.41446,0.0
1.95387,-0.35525,0.0
1.95387,-0.29604,0.0
1.95387,-0.23683,0.0
1.95387,-0.17762,0.0
1.95387,-0.11842,0.0
1.95387,-0.05921,0.0
1.95387,0,0.0
1.95387,0.05921,0.0
1.95387,0.11842,0.0
1.95387,0.17762,0.0
1.95387,0.23683,0.0
1.95387,0.29604,0.0
1.95387,0.35525,0.0
1.95387,0.41446,0.0
1.95387,0.47366,0.0
1.95387,0.53287,0.0
1.95387,0.59208,0.0
1.95387,0.65129,0.0
1.95387,0.7105,0.0
1.95387,0.7697,0.0
1.95387,0.82891,0.0
1.95387,0.88812,0.0
1.95387,0.94733,0.0
1.95387,1.00654,0.0
1.95387,1.06575,0.0
1.95387,1.12495,0.0
1.95387,1.18416,0.0
1.95387,1.24337,0.0
1.95387,1.30258,0.0
1.95387,1.36179,0.0
1.95387,1.42099,0.0
1.95387,1.4802,0.0
1.95387,1.53941,0.0
1.95387,1.59862,0.0
1.95387,1.65783,0.0
1.95387,1.71703,0.0
1.95387,1.77624,0.0
1.95387,1.83545,0.0
1.95387,1.89466,0.0
1.95387,1.95387,0.0
1.95387,2.01307,0.0
1.95387,2.07228,0.0
1.95387,2.13149,0.0
1.95387,2.1907,0.0
1.95387,2.24991,0.0
1.95387,2.30911,0.0
1.95387,2.36832,0.0
1.95387,2.42753,0.0
1.95387,2.48674,0.0
1.95387,2.54595,0.0
1.95387,2.60515,0.0
1.95387,2.66436,0.0
1.95387,2.72357,0.0
1.95387,2.78278,0.0
1.95387,2.84199,0.0
1.95387,2.9012,0.0
1.95387,2.9604,0.0
1.95387,3.01961,0.0
1.95387,3.07882,0.0
1.95387,3.13803,0.0
1.95387,3.19724,0.0
1.95387,3.25644,0.0
1.95387,3.31565,0.0
1.95387,3.37486,0.0
1.95387,3.43407,0.0
1.95387,3.49328,0.0
1.95387,3.55248,0.0
1.95387,3.61169,0.0
1.95387,3.6709,0.0
1.95387,3.73011,0.0
1.95387,3.78932,0.0
1.95387,3.84852,0.0
1.95387,3.90773,0.0
1.95387,3.96694,0.0
1.95387,4.02615,0.0
1.95387,4.08536,0.0
1.95387,4.14456,0.0
1.95387,4.20377,0.0
1.95387,4.26298,0.0
1.95387,4.32219,0.0
1.95387,4.3814,0.0
1.95387,4.4406,0.0
1.95387,4.49981,0.0
1.95387,4.55902,0.0
1.95387,4.61823,0.0
1.95387,4.67744,0.0
1.95387,4.73665,0.0
1.95387,4.79585,0.0
1.95387,4.85506,0.0
1.95387,4.91427,0.0
1.95387,4.97348,0.0
1.95387,5.03269,0.0
1.95387,5.09189,0.0
1.95387,5.1511,0.0
1.95387,5.21031,0.0
1.95387,5.26952,0.0
1.95387,5.32873,0.0
1.95387,5.38793,0.0
1.95387,5.44714,0.0
2.01307,-5.38793,0.0
2.01307,-5.32873,0.0
2.01307,-5.26952,0.0
2.01307,-5.21031,0.0
2.01307,-5.1511,0.0
2.01307,-5.09189,0.0
2.01307,-5.03269,0.0
2.01307,-4.97348,0.0
2.01307,-4.91427,0.0
2.01307,-4.85506,0.0
2.01307,-4.79585,0.0
2.01307,-4.73665,0.0
2.01307,-4.67744,0.0
2.01307,-4.61823,0.0
2.01307,-4.55902,0.0
2.01307,-4.49981,0.0
2.01307,-4.4406,0.0
2.01307,-4.3814,0.0
2.01307,-4.32219,0.0
2.01307,-4.26298,0.0
2.01307,-4.20377,0.0
2.01307,-4.14456,0.0
2.01307,-4.08536,0.0
2.01307,-4.02615,0.0
2.01307,-3.96694,0.0
2.01307,-3.90773,0.0
2.01307,-3.84852,0.0
2.01307,-3.78932,0.0
2.01307,-3.73011,0.0
2.01307,-3.6709,0.0
2.01307,-3.61169,0.0
2.01307,-3.55248,0.0
2.01307,-3.49328,0.0
2.01307,-3.43407,0.0
2.01307,-3.37486,0.0
2.01307,-3.31565,0.0
2.01307,-3.25644,0.0
2.01307,-3.19724,0.0
2.01307,-3.13803,0.0
2.01307,-3.07882,0.0
2.01307,-3.01961,0.0
2.01307,-2.9604,0.0
2.01307,-2.9012,0.0
2.01307,-2.84199,0.0
2.01307,-2.78278,0.0
2.01307,-2.72357,0.0
2.01307,-2.66436,0.0
2.01307,-2.60515,0.0
2.01307,-2.54595,0.0
2.01307,-2.48674,0.0
2.01307,-2.42753,0.0
2.01307,-2.36832,0.0
2.01307,-2.30911,0.0
2.01307,-2.24991,0.0
2.01307,-2.1907,0.0
2.01307,-2.13149,0.0
2.01307,-2.07228,0.0
2.01307,-2.01307,0.0
2.01307,-1.95387,0.0
2.01307,-1.89466,0.0
2.01307,-1.83545,0.0
2.01307,-1.77624,0.0
2.01307,-1.71703,0.0
2.01307,-1.65783,0.0
2.01307,-1.59862,0.0
2.01307,-1.53941,0.0
2.01307,-1.4802,0.0
2.01307,-1.42099,0.0
2.01307,-1.36179,0.0
2.01307,-1.30258,0.0
2.01307,-1.24337,0.0
2.01307,-1.18416,0.0
2.01307,-1.12495,0.0
2.01307,-1.06575,0.0
2.01307,-1.00654,0.0
2.01307,-0.94733,0.0
2.01307,-0.88812,0.0
2.01307,-0.82891,0.0
2.01307,-0.7697,0.0
2.01307,-0.7105,0.0
2.01307,-0.65129,0.0
2.01307,-0.59208,0.0
2.01307,-0.53287,0.0
2.01307,-0.47366,0.0
2.01307,-0.41446,0.0
2.01307,-0.35525,0.0
2.01307,-0.29604,0.0
2.01307,-0.23683,0.0
2.01307,-0.17762,0.0
2.01307,-0.11842,0.0
2.01307,-0.05921,0.0
2.01307,0,0.0
2.01307,0.05921,0.0
2.01307,0.11842,0.0
2.01307,0.17762,0.0
2.01307,0.23683,0.0
2.01307,0.29604,0.0
2.01307,0.35525,0.0
2.01307,0.41446,0.0
2.01307,0.47366,0.0
2.01307,0.53287,0.0
2.01307,0.59208,0.0
2.01307,0.65129,0.0
2.01307,0.7105,0.0
2.01307,0.7697,0.0
2.01307,0.82891,0.0
2.01307,0.88812,0.0
2.01307,0.94733,0.0
2.01307,1.00654,0.0
2.01307,1.06575,0.0
2.01307,1.12495,0.0
2.01307,1.18416,0.0
2.01307,1.24337,0.0
2.01307,1.30258,0.0
2.01307,1.36179,0.0
2.01307,1.42099,0.0
2.01307,1.4802,0.0
2.01307,1.53941,0.0
2.01307,1.59862,0.0
2.01307,1.65783,0.0
2.01307,1.71703,0.0
2.01307,1.77624,0.0
2.01307,1.83545,0.0
2.01307,1.89466,0.0
2.01307,1.95387,0.0
2.01307,2.01307,0.0
2.01307,2.07228,0.0
2.01307,2.13149,0.0
2.01307,2.1907,0.0
2.01307,2.24991,0.0
2.01307,2.30911,0.0
2.01307,2.36832,0.0
2.01307,2.42753,0.0
2.01307,2.48674,0.0
2.01307,2.54595,0.0
2.01307,2.60515,0.0
2.01307,2.66436,0.0
2.01307,2.72357,0.0
2.01307,2.78278,0.0
2.01307,2.84199,0.0
2.01307,2.9012,0.0
2.01307,2.9604,0.0
2.01307,3.01961,0.0
2.01307,3.07882,0.0
2.01307,3.13803,0.0
2.01307,3.19724,0.0
2.01307,3.25644,0.0
2.01307,3.31565,0.0
2.01307,3.37486,0.0
2.01307,3.43407,0.0
2.01307,3.49328,0.0
2.01307,3.55248,0.0
2.01307,3.61169,0.0
2.01307,3.6709,0.0
2.01307,3.73011,0.0
2.01307,3.78932,0.0
2.01307,3.84852,0.0
2.01307,3.90773,0.0
2.01307,3.96694,0.0
2.01307,4.02615,0.0
2.01307,4.08536,0.0
2.01307,4.14456,0.0
2.01307,4.20377,0.0
2.01307,4.26298,0.0
2.01307,4.32219,0.0
2.01307,4.3814,0.0
2.01307,4.4406,0.0
2.01307,4.49981,0.0
2.01307,4.55902,0.0
2.01307,4.61823,0.0
2.01307,4.67744,0.0
2.01307,4.73665,0.0
2.01307,4.79585,0.0
2.01307,4.85506,0.0
2.01307,4.91427,0.0
2.01307,4.97348,0.0
2.01307,5.03269,0.0
2.01307,5.09189,0.0
2.01307,5.1511,0.0
2.01307,5.21031,0.0
2.01307,5.26952,0.0
2.01307,5.32873,0.0
2.01307,5.38793,0.0
2.07228,-5.38793,0.0
2.07228,-5.32873,0.0
2.07228,-5.26952,0.0
2.07228,-5.21031,0.0
2.07228,-5.1511,0.0
2.07228,-5.09189,0.0
2.07228,-5.03269,0.0
2.07228,-4.97348,0.0
2.07228,-4.91427,0.0
2.07228,-4.85506,0.0
2.07228,-4.79585,0.0
2.07228,-4.73665,0.0
2.07228,-4.67744,0.0
2.07228,-4.61823,0.0
2.07228,-4.55902,0.0
2.07228,-4.49981,0.0
2.07228,-4.4406,0.0
2.07228,-4.3814,0.0
2.07228,-4.32219,0.0
2.07228,-4.26298,0.0
2.07228,-4.20377,0.0
2.07228,-4.14456,0.0
2.07228,-4.08536,0.0
2.07228,-4.02615,0.0
2.07228,-3.96694,0.0
2.07228,-3.90773,0.0
2.07228,-3.84852,0.0
2.07228,-3.78932,0.0
2.07228,-3.73011,0.0
2.07228,-3.6709,0.0
2.07228,-3.61169,0.0
2.07228,-3.55248,0.0
2.07228,-3.49328,0.0
2.07228,-3.43407,0.0
2.07228,-3.37486,0.0
2.07228,-3.31565,0.0
2.07228,-3.25644,0.0
2.07228,-3.19724,0.0
2.07228,-3.13803,0.0
2.07228,-3.07882,0.0
2.07228,-3.01961,0.0
2.07228,-2.9604,0.0
2.07228,-2.9012,0.0
2.07228,-2.84199,0.0
2.07228,-2.78278,0.0
2.07228,-2.72357,0.0
2.07228,-2.66436,0.0
2.07228,-2.60515,0.0
2.07228,-2.54595,0.0
2.07228,-2.48674,0.0
2.07228,-2.42753,0.0
2.07228,-2.36832,0.0
2.07228,-2.30911,0.0
2.07228,-2.24991,0.0
2.07228,-2.1907,0.0
2.07228,-2.13149,0.0
2.07228,-2.07228,0.0
2.07228,-2.01307,0.0
2.07228,-1.95387,0.0
2.07228,-1.89466,0.0
2.07228,-1.83545,0.0
2.07228,-1.77624,0.0
2.07228,-1.71703,0.0
2.07228,-1.65783,0.0
2.07228,-1.59862,0.0
2.07228,-1.53941,0.0
2.07228,-1.4802,0.0
2.07228,-1.42099,0.0
2.07228,-1.36179,0.0
2.07228,-1.30258,0.0
2.07228,-1.24337,0.0
2.07228,-1.18416,0.0
2.07228,-1.12495,0.0
2.07228,-1.06575,0.0
2.07228,-1.00654,0.0
2.07228,-0.94733,0.0
2.07228,-0.88812,0.0
2.07228,-0.82891,0.0
2.07228,-0.7697,0.0
2.07228,-0.7105,0.0
2.07228,-0.65129,0.0
2.07228,-0.59208,0.0
2.07228,-0.53287,0.0
2.07228,-0.47366,0.0
2.07228,-0.41446,0.0
2.07228,-0.35525,0.0
2.07228,-0.29604,0.0
2.07228,-0.23683,0.0
2.07228,-0.17762,0.0
2.07228,-0.11842,0.0
2.07228,-0.05921,0.0
2.07228,0,0.0
2.07228,0.05921,0.0
2.07228,0.11842,0.0
2.07228,0.17762,0.0
2.07228,0.23683,0.0
2.07228,0.29604,0.0
2.07228,0.35525,0.0
2.07228,0.41446,0.0
2.07228,0.47366,0.0
2.07228,0.53287,0.0
2.07228,0.59208,0.0
2.07228,0.65129,0.0
2.07228,0.7105,0.0
2.07228,0.7697,0.0
2.07228,0.82891,0.0
2.07228,0.88812,0.0
2.07228,0.94733,0.0
2.07228,1.00654,0.0
2.07228,1.06575,0.0
2.07228,1.12495,0.0
2.07228,1.18416,0.0
2.07228,1.24337,0.0
2.07228,1.30258,0.0
2.07228,1.36179,0.0
2.07228,1.42099,0.0
2.07228,1.4802,0.0
2.07228,1.53941,0.0
2.07228,1.59862,0.0
2.07228,1.65783,0.0
2.07228,1.71703,0.0
2.07228,1.77624,0.0
2.07228,1.83545,0.0
2.07228,1.89466,0.0
2.07228,1.95387,0.0
2.07228,2.01307,0.0
2.07228,2.07228,0.0
2.07228,2.13149,0.0
2.07228,2.1907,0.0
2.07228,2.24991,0.0
2.07228,2.30911,0.0
2.07228,2.36832,0.0
2.07228,2.42753,0.0
2.07228,2.48674,0.0
2.07228,2.54595,0.0
2.07228,2.60515,0.0
2.07228,2.66436,0.0
2.07228,2.72357,0.0
2.07228,2.78278,0.0
2.07228,2.84199,0.0
2.07228,2.9012,0.0
2.07228,2.9604,0.0
2.07228,3.01961,0.0
2.07228,3.07882,0.0
2.07228,3.13803,0.0
2.07228,3.19724,0.0
2.07228,3.25644,0.0
2.07228,3.31565,0.0
2.07228,3.37486,0.0
2.07228,3.43407,0.0
2.07228,3.49328,0.0
2.07228,3.55248,0.0
2.07228,3.61169,0.0
2.07228,3.6709,0.0
2.07228,3.73011,0.0
2.07228,3.78932,0.0
2.07228,3.84852,0.0
2.07228,3.90773,0.0
2.07228,3.96694,0.0
2.07228,4.02615,0.0
2.07228,4.08536,0.0
2.07228,4.14456,0.0
2.07228,4.20377,0.0
2.07228,4.26298,0.0
2.07228,4.32219,0.0
2.07228,4.3814,0.0
2.07228,4.4406,0.0
2.07228,4.49981,0.0
2.07228,4.55902,0.0
2.07228,4.61823,0.0
2.07228,4.67744,0.0
2.07228,4.73665,0.0
2.07228,4.79585,0.0
2.07228,4.85506,0.0
2.07228,4.91427,0.0
2.07228,4.97348,0.0
2.07228,5.03269,0.0
2.07228,5.09189,0.0
2.07228,5.1511,0.0
2.07228,5.21031,0.0
2.07228,5.26952,0.0
2.07228,5.32873,0.0
2.07228,5.38793,0.0
2.13149,-5.38793,0.0
2.13149,-5.32873,0.0
2.13149,-5.26952,0.0
2.13149,-5.21031,0.0
2.13149,-5.1511,0.0
2.13149,-5.09189,0.0
2.13149,-5.03269,0.0
2.13149,-4.97348,0.0
2.13149,-4.91427,0.0
2.13149,-4.85506,0.0
2.13149,-4.79585,0.0
2.13149,-4.73665,0.0
2.13149,-4.67744,0.0
2.13149,-4.61823,0.0
2.13149,-4.55902,0.0
2.13149,-4.49981,0.0
2.13149,-4.4406,0.0
2.13149,-4.3814,0.0
2.13149,-4.32219,0.0
2.13149,-4.26298,0.0
2.13149,-4.20377,0.0
2.13149,-4.14456,0.0
2.13149,-4.08536,0.0
2.13149,-4.02615,0.0
2.13149,-3.96694,0.0
2.13149,-3.90773,0.0
2.13149,-3.84852,0.0
2.13149,-3.78932,0.0
2.13149,-3.73011,0.0
2.13149,-3.6709,0.0
2.13149,-3.61169,0.0
2.13149,-3.55248,0.0
2.13149,-3.49328,0.0
2.13149,-3.43407,0.0
2.13149,-3.37486,0.0
2.13149,-3.31565,0.0
2.13149,-3.25644,0.0
2.13149,-3.19724,0.0
2.13149,-3.13803,0.0
2.13149,-3.07882,0.0
2.13149,-3.01961,0.0
2.13149,-2.9604,0.0
2.13149,-2.9012,0.0
2.13149,-2.84199,0.0
2.13149,-2.78278,0.0
2.13149,-2.72357,0.0
2.13149,-2.66436,0.0
2.13149,-2.60515,0.0
2.13149,-2.54595,0.0
2.13149,-2.48674,0.0
2.13149,-2.42753,0.0
2.13149,-2.36832,0.0
2.13149,-2.30911,0.0
2.13149,-2.24991,0.0
2.13149,-2.1907,0.0
2.13149,-2.13149,0.0
2.13149,-2.07228,0.0
2.13149,-2.01307,0.0
2.13149,-1.95387,0.0
2.13149,-1.89466,0.0
2.13149,-1.83545,0.0
2.13149,-1.77624,0.0
2.13149,-1.71703,0.0
2.13149,-1.65783,0.0
2.13149,-1.59862,0.0
2.13149,-1.53941,0.0
2.13149,-1.4802,0.0
2.13149,-1.42099,0.0
2.13149,-1.36179,0.0
2.13149,-1.30258,0.0
2.13149,-1.24337,0.0
2.13149,-1.18416,0.0
2.13149,-1.12495,0.0
2.13149,-1.06575,0.0
2.13149,-1.00654,0.0
2.13149,-0.94733,0.0
2.13149,-0.88812,0.0
2.13149,-0.82891,0.0
2.13149,-0.7697,0.0
2.13149,-0.7105,0.0
2.13149,-0.65129,0.0
2.13149,-0.59208,0.0
2.13149,-0.53287,0.0
2.13149,-0.47366,0.0
2.13149,-0.41446,0.0
2.13149,-0.35525,0.0
2.13149,-0.29604,0.0
2.13149,-0.23683,0.0
2.13149,-0.17762,0.0
2.13149,-0.11842,0.0
2.13149,-0.05921,0.0
2.13149,0,0.0
2.13149,0.05921,0.0
2.13149,0.11842,0.0
2.13149,0.17762,0.0
2.13149,0.23683,0.0
2.13149,0.29604,0.0
2.13149,0.35525,0.0
2.13149,0.41446,0.0
2.13149,0.47366,0.0
2.13149,0.53287,0.0
2.13149,0.59208,0.0
2.13149,0.65129,0.0
2.13149,0.7105,0.0
2.13149,0.7697,0.0
2.13149,0.82891,0.0
2.13149,0.88812,0.0
2.13149,0.94733,0.0
2.13149,1.00654,0.0
2.13149,1.06575,0.0
2.13149,1.12495,0.0
2.13149,1.18416,0.0
2.13149,1.24337,0.0
2.13149,1.30258,0.0
2.13149,1.36179,0.0
2.13149,1.42099,0.0
2.13149,1.4802,0.0
2.13149,1.53941,0.0
2.13149,1.59862,0.0
2.13149,1.65783,0.0
2.13149,1.71703,0.0
2.13149,1.77624,0.0
2.13149,1.83545,0.0
2.13149,1.89466,0.0
2.13149,1.95387,0.0
2.13149,2.01307,0.0
2.13149,2.07228,0.0
2.13149,2.13149,0.0
2.13149,2.1907,0.0
2.13149,2.24991,0.0
2.13149,2.30911,0.0
2.13149,2.36832,0.0
2.13149,2.42753,0.0
2.13149,2.48674,0.0
2.13149,2.54595,0.0
2.13149,2.60515,0.0
2.13149,2.66436,0.0
2.13149,2.72357,0.0
2.13149,2.78278,0.0
2.13149,2.84199,0.0
2.13149,2.9012,0.0
2.13149,2.9604,0.0
2.13149,3.01961,0.0
2.13149,3.07882,0.0
2.13149,3.13803,0.0
2.13149,3.19724,0.0
2.13149,3.25644,0.0
2.13149,3.31565,0.0
2.13149,3.37486,0.0
2.13149,3.43407,0.0
2.13149,3.49328,0.0
2.13149,3.55248,0.0
2.13149,3.61169,0.0
2.13149,3.6709,0.0
2.13149,3.73011,0.0
2.13149,3.78932,0.0
2.13149,3.84852,0.0
2.13149,3.90773,0.0
2.13149,3.96694,0.0
2.13149,4.02615,0.0
2.13149,4.08536,0.0
2.13149,4.14456,0.0
2.13149,4.20377,0.0
2.13149,4.26298,0.0
2.13149,4.32219,0.0
2.13149,4.3814,0.0
2.13149,4.4406,0.0
2.13149,4.49981,0.0
2.13149,4.55902,0.0
2.13149,4.61823,0.0
2.13149,4.67744,0.0
2.13149,4.73665,0.0
2.13149,4.79585,0.0
2.13149,4.85506,0.0
2.13149,4.91427,0.0
2.13149,4.97348,0.0
2.13149,5.03269,0.0
2.13149,5.09189,0.0
2.13149,5.1511,0.0
2.13149,5.21031,0.0
2.13149,5.26952,0.0
2.13149,5.32873,0.0
2.13149,5.38793,0.0
2.1907,-5.32873,0.0
2.1907,-5.26952,0.0
2.1907,-5.21031,0.0
2.1907,-5.1511,0.0
2.1907,-5.09189,0.0
2.1907,-5.03269,0.0
2.1907,-4.97348,0.0
2.1907,-4.91427,0.0
2.1907,-4.85506,0.0
2.1907,-4.79585,0.0
2.1907,-4.73665,0.0
2.1907,-4.67744,0.0
2.1907,-4.61823,0.0
2.1907,-4.55902,0.0
2.1907,-4.49981,0.0
2.1907,-4.4406,0.0
2.1907,-4.3814,0.0
2.1907,-4.32219,0.0
2.1907,-4.26298,0.0
2.1907,-4.20377,0.0
2.1907,-4.14456,0.0
2.1907,-4.08536,0.0
2.1907,-4.02615,0.0
2.1907,-3.96694,0.0
2.1907,-3.90773,0.0
2.1907,-3.84852,0.0
2.1907,-3.78932,0.0
2.1907,-3.73011,0.0
2.1907,-3.6709,0.0
2.1907,-3.61169,0.0
2.1907,-3.55248,0.0
2.1907,-3.49328,0.0
2.1907,-3.43407,0.0
2.1907,-3.37486,0.0
2.1907,-3.31565,0.0
2.1907,-3.25644,0.0
2.1907,-3.19724,0.0
2.1907,-3.13803,0.0
2.1907,-3.07882,0.0
2.1907,-3.01961,0.0
2.1907,-2.9604,0.0
2.1907,-2.9012,0.0
2.1907,-2.84199,0.0
2.1907,-2.78278,0.0
2.1907,-2.72357,0.0
2.1907,-2.66436,0.0
2.1907,-2.60515,0.0
2.1907,-2.54595,0.0
2.1907,-2.48674,0.0
2.1907,-2.42753,0.0
2.1907,-2.36832,0.0
2.1907,-2.30911,0.0
2.1907,-2.24991,0.0
2.1907,-2.1907,0.0
2.1907,-2.13149,0.0
2.1907,-2.07228,0.0
2.1907,-2.01307,0.0
2.1907,-1.95387,0.0
2.1907,-1.89466,0.0
2.1907,-1.83545,0.0
2.1907,-1.77624,0.0
2.1907,-1.71703,0.0
2.1907,-1.65783,0.0
2.1907,-1.59862,0.0
2.1907,-1.53941,0.0
2.1907,-1.4802,0.0
2.1907,-1.42099,0.0
2.1907,-1.36179,0.0
2.1907,-1.30258,0.0
2.1907,-1.24337,0.0
2.1907,-1.18416,0.0
2.1907,-1.12495,0.0
2.1907,-1.06575,0.0
2.1907,-1.00654,0.0
2.1907,-0.94733,0.0
2.1907,-0.88812,0.0
2.1907,-0.82891,0.0
2.1907,-0.7697,0.0
2.1907,-0.7105,0.0
2.1907,-0.65129,0.0
2.1907,-0.59208,0.0
2.1907,-0.53287,0.0
2.1907,-0.47366,0.0
2.1907,-0.41446,0.0
2.1907,-0.35525,0.0
2.1907,-0.29604,0.0
2.1907,-0.23683,0.0
2.1907,-0.17762,0.0
2.1907,-0.11842,0.0
2.1907,-0.05921,0.0
2.1907,0,0.0
2.1907,0.05921,0.0
2.1907,0.11842,0.0
2.1907,0.17762,0.0
2.1907,0.23683,0.0
2.1907,0.29604,0.0
2.1907,0.35525,0.0
2.1907,0.41446,0.0
2.1907,0.47366,0.0
2.1907,0.53287,0.0
2.1907,0.59208,0.0
2.1907,0.65129,0.0
2.1907,0.7105,0.0
2.1907,0.7697,0.0
2.1907,0.82891,0.0
2.1907,0.88812,0.0
2.1907,0.94733,0.0
2.1907,1.00654,0.0
2.1907,1.06575,0.0
2.1907,1.12495,0.0
2.1907,1.18416,0.0
2.1907,1.24337,0.0
2.1907,1.30258,0.0
2.1907,1.36179,0.0
2.1907,1.42099,0.0
2.1907,1.4802,0.0
2.1907,1.53941,0.0
2.1907,1.59862,0.0
2.1907,1.65783,0.0
2.1907,1.71703,0.0
2.1907,1.77624,0.0
2.1907,1.83545,0.0
2.1907,1.89466,0.0
2.1907,1.95387,0.0
2.1907,2.01307,0.0
2.1907,2.07228,0.0
2.1907,2.13149,0.0
2.1907,2.1907,0.0
2.1907,2.24991,0.0
2.1907,2.30911,0.0
2.1907,2.36832,0.0
2.1907,2.42753,0.0
2.1907,2.48674,0.0
2.1907,2.54595,0.0
2.1907,2.60515,0.0
2.1907,2.66436,0.0
2.1907,2.72357,0.0
2.1907,2.78278,0.0
2.1907,2.84199,0.0
2.1907,2.9012,0.0
2.1907,2.9604,0.0
2.1907,3.01961,0.0
2.1907,3.07882,0.0
2.1907,3.13803,0.0
2.1907,3.19724,0.0
2.1907,3.25644,0.0
2.1907,3.31565,0.0
2.1907,3.37486,0.0
2.1907,3.43407,0.0
2.1907,3.49328,0.0
2.1907,3.55248,0.0
2.1907,3.61169,0.0
2.1907,3.6709,0.0
2.1907,3.73011,0.0
2.1907,3.78932,0.0
2.1907,3.84852,0.0
2.1907,3.90773,0.0
2.1907,3.96694,0.0
2.1907,4.02615,0.0
2.1907,4.08536,0.0
2.1907,4.14456,0.0
2.1907,4.20377,0.0
2.1907,4.26298,0.0
2.1907,4.32219,0.0
2.1907,4.3814,0.0
2.1907,4.4406,0.0
2.1907,4.49981,0.0
2.1907,4.55902,0.0
2.1907,4.61823,0.0
2.1907,4.67744,0.0
2.1907,4.73665,0.0
2.1907,4.79585,0.0
2.1907,4.85506,0.0
2.1907,4.91427,0.0
2.1907,4.97348,0.0
2.1907,5.03269,0.0
2.1907,5.09189,0.0
2.1907,5.1511,0.0
2.1907,5.21031,0.0
2.1907,5.26952,0.0
2.1907,5.32873,0.0
2.24991,-5.32873,0.0
2.24991,-5.26952,0.0
2.24991,-5.21031,0.0
2.24991,-5.1511,0.0
2.24991,-5.09189,0.0
2.24991,-5.03269,0.0
2.24991,-4.97348,0.0
2.24991,-4.91427,0.0
2.24991,-4.85506,0.0
2.24991,-4.79585,0.0
2.24991,-4.73665,0.0
2.24991,-4.67744,0.0
2.24991,-4.61823,0.0
2.24991,-4.55902,0.0
2.24991,-4.49981,0.0
2.24991,-4.4406,0.0
2.24991,-4.3814,0.0
2.24991,-4.32219,0.0
2.24991,-4.26298,0.0
2.24991,-4.20377,0.0
2.24991,-4.14456,0.0
2.24991,-4.08536,0.0
2.24991,-4.02615,0.0
2.24991,-3.96694,0.0
2.24991,-3.90773,0.0
2.24991,-3.84852,0.0
2.24991,-3.78932,0.0
2.24991,-3.73011,0.0
2.24991,-3.6709,0.0
2.24991,-3.61169,0.0
2.24991,-3.55248,0.0
2.24991,-3.49328,0.0
2.24991,-3.43407,0.0
2.24991,-3.37486,0.0
2.24991,-3.31565,0.0
2.24991,-3.25644,0.0
2.24991,-3.19724,0.0
2.24991,-3.13803,0.0
2.24991,-3.07882,0.0
2.24991,-3.01961,0.0
2.24991,-2.9604,0.0
2.24991,-2.9012,0.0
2.24991,-2.84199,0.0
2.24991,-2.78278,0.0
2.24991,-2.72357,0.0
2.24991,-2.66436,0.0
2.24991,-2.60515,0.0
2.24991,-2.54595,0.0
2.24991,-2.48674,0.0
2.24991,-2.42753,0.0
2.24991,-2.36832,0.0
2.24991,-2.30911,0.0
2.24991,-2.24991,0.0
2.24991,-2.1907,0.0
2.24991,-2.13149,0.0
2.24991,-2.07228,0.0
2.24991,-2.01307,0.0
2.24991,-1.95387,0.0
2.24991,-1.89466,0.0
2.24991,-1.83545,0.0
2.24991,-1.77624,0.0
2.24991,-1.71703,0.0
2.24991,-1.65783,0.0
2.24991,-1.59862,0.0
2.24991,-1.53941,0.0
2.24991,-1.4802,0.0
2.24991,-1.42099,0.0
2.24991,-1.36179,0.0
2.24991,-1.30258,0.0
2.24991,-1.24337,0.0
2.24991,-1.18416,0.0
2.24991,-1.12495,0.0
2.24991,-1.06575,0.0
2.24991,-1.00654,0.0
2.24991,-0.94733,0.0
2.24991,-0.88812,0.0
2.24991,-0.82891,0.0
2.24991,-0.7697,0.0
2.24991,-0.7105,0.0
2.24991,-0.65129,0.0
2.24991,-0.59208,0.0
2.24991,-0.53287,0.0
2.24991,-0.47366,0.0
2.24991,-0.41446,0.0
2.24991,-0.35525,0.0
2.24991,-0.29604,0.0
2.24991,-0.23683,0.0
2.24991,-0.17762,0.0
2.24991,-0.11842,0.0
2.24991,-0.05921,0.0
2.24991,0,0.0
2.24991,0.05921,0.0
2.24991,0.11842,0.0
2.24991,0.17762,0.0
2.24991,0.23683,0.0
2.24991,0.29604,0.0
2.24991,0.35525,0.0
2.24991,0.41446,0.0
2.24991,0.47366,0.0
2.24991,0.53287,0.0
2.24991,0.59208,0.0
2.24991,0.65129,0.0
2.24991,0.7105,0.0
2.24991,0.7697,0.0
2.24991,0.82891,0.0
2.24991,0.88812,0.0
2.24991,0.94733,0.0
2.24991,1.00654,0.0
2.24991,1.06575,0.0
2.24991,1.12495,0.0
2.24991,1.18416,0.0
2.24991,1.24337,0.0
2.24991,1.30258,0.0
2.24991,1.36179,0.0
2.24991,1.42099,0.0
2.24991,1.4802,0.0
2.24991,1.53941,0.0
2.24991,1.59862,0.0
2.24991,1.65783,0.0
2.24991,1.71703,0.0
2.24991,1.77624,0.0
2.24991,1.83545,0.0
2.24991,1.89466,0.0
2.24991,1.95387,0.0
2.24991,2.01307,0.0
2.24991,2.07228,0.0
2.24991,2.13149,0.0
2.24991,2.1907,0.0
2.24991,2.24991,0.0
2.24991,2.30911,0.0
2.24991,2.36832,0.0
2.24991,2.42753,0.0
2.24991,2.48674,0.0
2.24991,2.54595,0.0
2.24991,2.60515,0.0
2.24991,2.66436,0.0
2.24991,2.72357,0.0
2.24991,2.78278,0.0
2.24991,2.84199,0.0
2.24991,2.9012,0.0
2.24991,2.9604,0.0
2.24991,3.01961,0.0
2.24991,3.07882,0.0
2.24991,3.13803,0.0
2.24991,3.19724,0.0
2.24991,3.25644,0.0
2.24991,3.31565,0.0
2.24991,3.37486,0.0
2.24991,3.43407,0.0
2.24991,3.49328,0.0
2.24991,3.55248,0.0
2.24991,3.61169,0.0
2.24991,3.6709,0.0
2.24991,3.73011,0.0
2.24991,3.78932,0.0
2.24991,3.84852,0.0
2.24991,3.90773,0.0
2.24991,3.96694,0.0
2.24991,4.02615,0.0
2.24991,4.08536,0.0
2.24991,4.14456,0.0
2.24991,4.20377,0.0
2.24991,4.26298,0.0
2.24991,4.32219,0.0
2.24991,4.3814,0.0
2.24991,4.4406,0.0
2.24991,4.49981,0.0
2.24991,4.55902,0.0
2.24991,4.61823,0.0
2.24991,4.67744,0.0
2.24991,4.73665,0.0
2.24991,4.79585,0.0
2.24991,4.85506,0.0
2.24991,4.91427,0.0
2.24991,4.97348,0.0
2.24991,5.03269,0.0
2.24991,5.09189,0.0
2.24991,5.1511,0.0
2.24991,5.21031,0.0
2.24991,5.26952,0.0
2.24991,5.32873,0.0
2.30911,-5.26952,0.0
2.30911,-5.21031,0.0
2.30911,-5.1511,0.0
2.30911,-5.09189,0.0
2.30911,-5.03269,0.0
2.30911,-4.97348,0.0
2.30911,-4.91427,0.0
2.30911,-4.85506,0.0
2.30911,-4.79585,0.0
2.30911,-4.73665,0.0
2.30911,-4.67744,0.0
2.30911,-4.61823,0.0
2.30911,-4.55902,0.0
2.30911,-4.49981,0.0
2.30911,-4.4406,0.0
2.30911,-4.3814,0.0
2.30911,-4.32219,0.0
2.30911,-4.26298,0.0
2.30911,-4.20377,0.0
2.30911,-4.14456,0.0
2.30911,-4.08536,0.0
2.30911,-4.02615,0.0
2.30911,-3.96694,0.0
2.30911,-3.90773,0.0
2.30911,-3.84852,0.0
2.30911,-3.78932,0.0
2.30911,-3.73011,0.0
2.30911,-3.6709,0.0
2.30911,-3.61169,0.0
2.30911,-3.55248,0.0
2.30911,-3.49328,0.0
2.30911,-3.43407,0.0
2.30911,-3.37486,0.0
2.30911,-3.31565,0.0
2.30911,-3.25644,0.0
2.30911,-3.19724,0.0
2.30911,-3.13803,0.0
2.30911,-3.07882,0.0
2.30911,-3.01961,0.0
2.30911,-2.9604,0.0
2.30911,-2.9012,0.0
2.30911,-2.84199,0.0
2.30911,-2.78278,0.0
2.30911,-2.72357,0.0
2.30911,-2.66436,0.0
2.30911,-2.60515,0.0
2.30911,-2.54595,0.0
2.30911,-2.48674,0.0
2.30911,-2.42753,0.0
2.30911,-2.36832,0.0
2.30911,-2.30911,0.0
2.30911,-2.24991,0.0
2.30911,-2.1907,0.0
2.30911,-2.13149,0.0
2.30911,-2.07228,0.0
2.30911,-2.01307,0.0
2.30911,-1.95387,0.0
2.30911,-1.89466,0.0
2.30911,-1.83545,0.0
2.30911,-1.77624,0.0
2.30911,-1.71703,0.0
2.30911,-1.65783,0.0
2.30911,-1.59862,0.0
2.30911,-1.53941,0.0
2.30911,-1.4802,0.0
2.30911,-1.42099,0.0
2.30911,-1.36179,0.0
2.30911,-1.30258,0.0
2.30911,-1.24337,0.0
2.30911,-1.18416,0.0
2.30911,-1.12495,0.0
2.30911,-1.06575,0.0
2.30911,-1.00654,0.0
2.30911,-0.94733,0.0
2.30911,-0.88812,0.0
2.30911,-0.82891,0.0
2.30911,-0.7697,0.0
2.30911,-0.7105,0.0
2.30911,-0.65129,0.0
2.30911,-0.59208,0.0
2.30911,-0.53287,0.0
2.30911,-0.47366,0.0
2.30911,-0.41446,0.0
2.30911,-0.35525,0.0
2.30911,-0.29604,0.0
2.30911,-0.23683,0.0
2.30911,-0.17762,0.0
2.30911,-0.11842,0.0
2.30911,-0.05921,0.0
2.30911,0,0.0
2.30911,0.05921,0.0
2.30911,0.11842,0.0
2.30911,0.17762,0.0
2.30911,0.23683,0.0
2.30911,0.29604,0.0
2.30911,0.35525,0.0
2.30911,0.41446,0.0
2.30911,0.47366,0.0
2.30911,0.53287,0.0
2.30911,0.59208,0.0
2.30911,0.65129,0.0
2.30911,0.7105,0.0
2.30911,0.7697,0.0
2.30911,0.82891,0.0
2.30911,0.88812,0.0
2.30911,0.94733,0.0
2.30911,1.00654,0.0
2.30911,1.06575,0.0
2.30911,1.12495,0.0
2.30911,1.18416,0.0
2.30911,1.24337,0.0
2.30911,1.30258,0.0
2.30911,1.36179,0.0
2.30911,1.42099,0.0
2.30911,1.4802,0.0
2.30911,1.53941,0.0
2.30911,1.59862,0.0
2.30911,1.65783,0.0
2.30911,1.71703,0.0
2.30911,1.77624,0.0
2.30911,1.83545,0.0
2.30911,1.89466,0.0
2.30911,1.95387,0.0
2.30911,2.01307,0.0
2.30911,2.07228,0.0
2.30911,2.13149,0.0
2.30911,2.1907,0.0
2.30911,2.24991,0.0
2.30911,2.30911,0.0
2.30911,2.36832,0.0
2.30911,2.42753,0.0
2.30911,2.48674,0.0
2.30911,2.54595,0.0
2.30911,2.60515,0.0
2.30911,2.66436,0.0
2.30911,2.72357,0.0
2.30911,2.78278,0.0
2.30911,2.84199,0.0
2.30911,2.9012,0.0
2.30911,2.9604,0.0
2.30911,3.01961,0.0
2.30911,3.07882,0.0
2.30911,3.13803,0.0
2.30911,3.19724,0.0
2.30911,3.25644,0.0
2.30911,3.31565,0.0
2.30911,3.37486,0.0
2.30911,3.43407,0.0
2.30911,3.49328,0.0
2.30911,3.55248,0.0
2.30911,3.61169,0.0
2.30911,3.6709,0.0
2.30911,3.73011,0.0
2.30911,3.78932,0.0
2.30911,3.84852,0.0
2.30911,3.90773,0.0
2.30911,3.96694,0.0
2.30911,4.02615,0.0
2.30911,4.08536,0.0
2.30911,4.14456,0.0
2.30911,4.20377,0.0
2.30911,4.26298,0.0
2.30911,4.32219,0.0
2.30911,4.3814,0.0
2.30911,4.4406,0.0
2.30911,4.49981,0.0
2.30911,4.55902,0.0
2.30911,4.61823,0.0
2.30911,4.67744,0.0
2.30911,4.73665,0.0
2.30911,4.79585,0.0
2.30911,4.85506,0.0
2.30911,4.91427,0.0
2.30911,4.97348,0.0
2.30911,5.03269,0.0
2.30911,5.09189,0.0
2.30911,5.1511,0.0
2.30911,5.21031,0.0
2.30911,5.26952,0.0
2.36832,-5.26952,0.0
2.36832,-5.21031,0.0
2.36832,-5.1511,0.0
2.36832,-5.09189,0.0
2.36832,-5.03269,0.0
2.36832,-4.97348,0.0
2.36832,-4.91427,0.0
2.36832,-4.85506,0.0
2.36832,-4.79585,0.0
2.36832,-4.73665,0.0
2.36832,-4.67744,0.0
2.36832,-4.61823,0.0
2.36832,-4.55902,0.0
2.36832,-4.49981,0.0
2.36832,-4.4406,0.0
2.36832,-4.3814,0.0
2.36832,-4.32219,0.0
2.36832,-4.26298,0.0
2.36832,-4.20377,0.0
2.36832,-4.14456,0.0
2.36832,-4.08536,0.0
2.36832,-4.02615,0.0
2.36832,-3.96694,0.0
2.36832,-3.90773,0.0
2.36832,-3.84852,0.0
2.36832,-3.78932,0.0
2.36832,-3.73011,0.0
2.36832,-3.6709,0.0
2.36832,-3.61169,0.0
2.36832,-3.55248,0.0
2.36832,-3.49328,0.0
2.36832,-3.43407,0.0
2.36832,-3.37486,0.0
2.36832,-3.31565,0.0
2.36832,-3.25644,0.0
2.36832,-3.19724,0.0
2.36832,-3.13803,0.0
2.36832,-3.07882,0.0
2.36832,-3.01961,0.0
2.36832,-2.9604,0.0
2.36832,-2.9012,0.0
2.36832,-2.84199,0.0
2.36832,-2.78278,0.0
2.36832,-2.72357,0.0
2.36832,-2.66436,0.0
2.36832,-2.60515,0.0
2.36832,-2.54595,0.0
2.36832,-2.48674,0.0
2.36832,-2.42753,0.0
2.36832,-2.36832,0.0
2.36832,-2.30911,0.0
2.36832,-2.24991,0.0
2.36832,-2.1907,0.0
2.36832,-2.13149,0.0
2.36832,-2.07228,0.0
2.36832,-2.01307,0.0
2.36832,-1.95387,0.0
2.36832,-1.89466,0.0
2.36832,-1.83545,0.0
2.36832,-1.77624,0.0
2.36832,-1.71703,0.0
2.36832,-1.65783,0.0
2.36832,-1.59862,0.0
2.36832,-1.53941,0.0
2.36832,-1.4802,0.0
2.36832,-1.42099,0.0
2.36832,-1.36179,0.0
2.36832,-1.30258,0.0
2.36832,-1.24337,0.0
2.36832,-1.18416,0.0
2.36832,-1.12495,0.0
2.36832,-1.06575,0.0
2.36832,-1.00654,0.0
2.36832,-0.94733,0.0
2.36832,-0.88812,0.0
2.36832,-0.82891,0.0
2.36832,-0.7697,0.0
2.36832,-0.7105,0.0
2.36832,-0.65129,0.0
2.36832,-0.59208,0.0
2.36832,-0.53287,0.0
2.36832,-0.47366,0.0
2.36832,-0.41446,0.0
2.36832,-0.35525,0.0
2.36832,-0.29604,0.0
2.36832,-0.23683,0.0
2.36832,-0.17762,0.0
2.36832,-0.11842,0.0
2.36832,-0.05921,0.0
2.36832,0,0.0
2.36832,0.05921,0.0
2.36832,0.11842,0.0
2.36832,0.17762,0.0
2.36832,0.23683,0.0
2.36832,0.29604,0.0
2.36832,0.35525,0.0
2.36832,0.41446,0.0
2.36832,0.47366,0.0
2.36832,0.53287,0.0
2.36832,0.59208,0.0
2.36832,0.65129,0.0
2.36832,0.7105,0.0
2.36832,0.7697,0.0
2.36832,0.82891,0.0
2.36832,0.88812,0.0
2.36832,0.94733,0.0
2.36832,1.00654,0.0
2.36832,1.06575,0.0
2.36832,1.12495,0.0
2.36832,1.18416,0.0
2.36832,1.24337,0.0
2.36832,1.30258,0.0
2.36832,1.36179,0.0
2.36832,1.42099,0.0
2.36832,1.4802,0.0
2.36832,1.53941,0.0
2.36832,1.59862,0.0
2.36832,1.65783,0.0
2.36832,1.71703,0.0
2.36832,1.77624,0.0
2.36832,1.83545,0.0
2.36832,1.89466,0.0
2.36832,1.95387,0.0
2.36832,2.01307,0.0
2.36832,2.07228,0.0
2.36832,2.13149,0.0
2.36832,2.1907,0.0
2.36832,2.24991,0.0
2.36832,2.30911,0.0
2.36832,2.36832,0.0
2.36832,2.42753,0.0
2.36832,2.48674,0.0
2.36832,2.54595,0.0
2.36832,2.60515,0.0
2.36832,2.66436,0.0
2.36832,2.72357,0.0
2.36832,2.78278,0.0
2.36832,2.84199,0.0
2.36832,2.9012,0.0
2.36832,2.9604,0.0
2.36832,3.01961,0.0
2.36832,3.07882,0.0
2.36832,3.13803,0.0
2.36832,3.19724,0.0
2.36832,3.25644,0.0
2.36832,3.31565,0.0
2.36832,3.37486,0.0
2.36832,3.43407,0.0
2.36832,3.49328,0.0
2.36832,3.55248,0.0
2.36832,3.61169,0.0
2.36832,3.6709,0.0
2.36832,3.73011,0.0
2.36832,3.78932,0.0
2.36832,3.84852,0.0
2.36832,3.90773,0.0
2.36832,3.96694,0.0
2.36832,4.02615,0.0
2.36832,4.08536,0.0
2.36832,4.14456,0.0
2.36832,4.20377,0.0
2.36832,4.26298,0.0
2.36832,4.32219,0.0
2.36832,4.3814,0.0
2.36832,4.4406,0.0
2.36832,4.49981,0.0
2.36832,4.55902,0.0
2.36832,4.61823,0.0
2.36832,4.67744,0.0
2.36832,4.73665,0.0
2.36832,4.79585,0.0
2.36832,4.85506,0.0
2.36832,4.91427,0.0
2.36832,4.97348,0.0
2.36832,5.03269,0.0
2.36832,5.09189,0.0
2.36832,5.1511,0.0
2.36832,5.21031,0.0
2.36832,5.26952,0.0
2.42753,-5.21031,0.0
2.42753,-5.1511,0.0
2.42753,-5.09189,0.0
2.42753,-5.03269,0.0
2.42753,-4.97348,0.0
2.42753,-4.91427,0.0
2.42753,-4.85506,0.0
2.42753,-4.79585,0.0
2.42753,-4.73665,0.0
2.42753,-4.67744,0.0
2.42753,-4.61823,0.0
2.42753,-4.55902,0.0
2.42753,-4.49981,0.0
2.42753,-4.4406,0.0
2.42753,-4.3814,0.0
2.42753,-4.32219,0.0
2.42753,-4.26298,0.0
2.42753,-4.20377,0.0
2.42753,-4.14456,0.0
2.42753,-4.08536,0.0
2.42753,-4.02615,0.0
2.42753,-3.96694,0.0
2.42753,-3.90773,0.0
2.42753,-3.84852,0.0
2.42753,-3.78932,0.0
2.42753,-3.73011,0.0
2.42753,-3.6709,0.0
2.42753,-3.61169,0.0
2.42753,-3.55248,0.0
2.42753,-3.49328,0.0
2.42753,-3.43407,0.0
2.42753,-3.37486,0.0
2.42753,-3.31565,0.0
2.42753,-3.25644,0.0
2.42753,-3.19724,0.0
2.42753,-3.13803,0.0
2.42753,-3.07882,0.0
2.42753,-3.01961,0.0
2.42753,-2.9604,0.0
2.42753,-2.9012,0.0
2.42753,-2.84199,0.0
2.42753,-2.78278,0.0
2.42753,-2.72357,0.0
2.42753,-2.66436,0.0
2.42753,-2.60515,0.0
2.42753,-2.54595,0.0
2.42753,-2.48674,0.0
2.42753,-2.42753,0.0
2.42753,-2.36832,0.0
2.42753,-2.30911,0.0
2.42753,-2.24991,0.0
2.42753,-2.1907,0.0
2.42753,-2.13149,0.0
2.42753,-2.07228,0.0
2.42753,-2.01307,0.0
2.42753,-1.95387,0.0
2.42753,-1.89466,0.0
2.42753,-1.83545,0.0
2.42753,-1.77624,0.0
2.42753,-1.71703,0.0
2.42753,-1.65783,0.0
2.42753,-1.59862,0.0
2.42753,-1.53941,0.0
2.42753,-1.4802,0.0
2.42753,-1.42099,0.0
2.42753,-1.36179,0.0
2.42753,-1.30258,0.0
2.42753,-1.24337,0.0
2.42753,-1.18416,0.0
2.42753,-1.12495,0.0
2.42753,-1.06575,0.0
2.42753,-1.00654,0.0
2.42753,-0.94733,0.0
2.42753,-0.88812,0.0
2.42753,-0.82891,0.0
2.42753,-0.7697,0.0
2.42753,-0.7105,0.0
2.42753,-0.65129,0.0
2.42753,-0.59208,0.0
2.42753,-0.53287,0.0
2.42753,-0.47366,0.0
2.42753,-0.41446,0.0
2.42753,-0.35525,0.0
2.42753,-0.29604,0.0
2.42753,-0.23683,0.0
2.42753,-0.17762,0.0
2.42753,-0.11842,0.0
2.42753,-0.05921,0.0
2.42753,0,0.0
2.42753,0.05921,0.0
2.42753,0.11842,0.0
2.42753,0.17762,0.0
2.42753,0.23683,0.0
2.42753,0.29604,0.0
2.42753,0.35525,0.0
2.42753,0.41446,0.0
2.42753,0.47366,0.0
2.42753,0.53287,0.0
2.42753,0.59208,0.0
2.42753,0.65129,0.0
2.42753,0.7105,0.0
2.42753,0.7697,0.0
2.42753,0.82891,0.0
2.42753,0.88812,0.0
2.42753,0.94733,0.0
2.42753,1.00654,0.0
2.42753,1.06575,0.0
2.42753,1.12495,0.0
2.42753,1.18416,0.0
2.42753,1.24337,0.0
2.42753,1.30258,0.0
2.42753,1.36179,0.0
2.42753,1.42099,0.0
2.42753,1.4802,0.0
2.42753,1.53941,0.0
2.42753,1.59862,0.0
2.42753,1.65783,0.0
2.42753,1.71703,0.0
2.42753,1.77624,0.0
2.42753,1.83545,0.0
2.42753,1.89466,0.0
2.42753,1.95387,0.0
2.42753,2.01307,0.0
2.42753,2.07228,0.0
2.42753,2.13149,0.0
2.42753,2.1907,0.0
2.42753,2.24991,0.0
2.42753,2.30911,0.0
2.42753,2.36832,0.0
2.42753,2.42753,0.0
2.42753,2.48674,0.0
2.42753,2.54595,0.0
2.42753,2.60515,0.0
2.42753,2.66436,0.0
2.42753,2.72357,0.0
2.42753,2.78278,0.0
2.42753,2.84199,0.0
2.42753,2.9012,0.0
2.42753,2.9604,0.0
2.42753,3.01961,0.0
2.42753,3.07882,0.0
2.42753,3.13803,0.0
2.42753,3.19724,0.0
2.42753,3.25644,0.0
2.42753,3.31565,0.0
2.42753,3.37486,0.0
2.42753,3.43407,0.0
2.42753,3.49328,0.0
2.42753,3.55248,0.0
2.42753,3.61169,0.0
2.42753,3.6709,0.0
2.42753,3.73011,0.0
2.42753,3.78932,0.0
2.42753,3.84852,0.0
2.42753,3.90773,0.0
2.42753,3.96694,0.0
2.42753,4.02615,0.0
2.42753,4.08536,0.0
2.42753,4.14456,0.0
2.42753,4.20377,0.0
2.42753,4.26298,0.0
2.42753,4.32219,0.0
2.42753,4.3814,0.0
2.42753,4.4406,0.0
2.42753,4.49981,0.0
2.42753,4.55902,0.0
2.42753,4.61823,0.0
2.42753,4.67744,0.0
2.42753,4.73665,0.0
2.42753,4.79585,0.0
2.42753,4.85506,0.0
2.42753,4.91427,0.0
2.42753,4.97348,0.0
2.42753,5.03269,0.0
2.42753,5.09189,0.0
2.42753,5.1511,0.0
2.42753,5.21031,0.0
2.48674,-5.21031,0.0
2.48674,-5.1511,0.0
2.48674,-5.09189,0.0
2.48674,-5.03269,0.0
2.48674,-4.97348,0.0
2.48674,-4.91427,0.0
2.48674,-4.85506,0.0
2.48674,-4.79585,0.0
2.48674,-4.73665,0.0
2.48674,-4.67744,0.0
2.48674,-4.61823,0.0
2.48674,-4.55902,0.0
2.48674,-4.49981,0.0
2.48674,-4.4406,0.0
2.48674,-4.3814,0.0
2.48674,-4.32219,0.0
2.48674,-4.26298,0.0
2.48674,-4.20377,0.0
2.48674,-4.14456,0.0
2.48674,-4.08536,0.0
2.48674,-4.02615,0.0
2.48674,-3.96694,0.0
2.48674,-3.90773,0.0
2.48674,-3.84852,0.0
2.48674,-3.78932,0.0
2.48674,-3.73011,0.0
2.48674,-3.6709,0.0
2.48674,-3.61169,0.0
2.48674,-3.55248,0.0
2.48674,-3.49328,0.0
2.48674,-3.43407,0.0
2.48674,-3.37486,0.0
2.48674,-3.31565,0.0
2.48674,-3.25644,0.0
2.48674,-3.19724,0.0
2.48674,-3.13803,0.0
2.48674,-3.07882,0.0
2.48674,-3.01961,0.0
2.48674,-2.9604,0.0
2.48674,-2.9012,0.0
2.48674,-2.84199,0.0
2.48674,-2.78278,0.0
2.48674,-2.72357,0.0
2.48674,-2.66436,0.0
2.48674,-2.60515,0.0
2.48674,-2.54595,0.0
2.48674,-2.48674,0.0
2.48674,-2.42753,0.0
2.48674,-2.36832,0.0
2.48674,-2.30911,0.0
2.48674,-2.24991,0.0
2.48674,-2.1907,0.0
2.48674,-2.13149,0.0
2.48674,-2.07228,0.0
2.48674,-2.01307,0.0
2.48674,-1.95387,0.0
2.48674,-1.89466,0.0
2.48674,-1.83545,0.0
2.48674,-1.77624,0.0
2.48674,-1.71703,0.0
2.48674,-1.65783,0.0
2.48674,-1.59862,0.0
2.48674,-1.53941,0.0
2.48674,-1.4802,0.0
2.48674,-1.42099,0.0
2.48674,-1.36179,0.0
2.48674,-1.30258,0.0
2.48674,-1.24337,0.0
2.48674,-1.18416,0.0
2.48674,-1.12495,0.0
2.48674,-1.06575,0.0
2.48674,-1.00654,0.0
2.48674,-0.94733,0.0
2.48674,-0.88812,0.0
2.48674,-0.82891,0.0
2.48674,-0.7697,0.0
2.48674,-0.7105,0.0
2.48674,-0.65129,0.0
2.48674,-0.59208,0.0
2.48674,-0.53287,0.0
2.48674,-0.47366,0.0
2.48674,-0.41446,0.0
2.48674,-0.35525,0.0
2.48674,-0.29604,0.0
2.48674,-0.23683,0.0
2.48674,-0.17762,0.0
2.48674,-0.11842,0.0
2.48674,-0.05921,0.0
2.48674,0,0.0
2.48674,0.05921,0.0
2.48674,0.11842,0.0
2.48674,0.17762,0.0
2.48674,0.23683,0.0
2.48674,0.29604,0.0
2.48674,0.35525,0.0
2.48674,0.41446,0.0
2.48674,0.47366,0.0
2.48674,0.53287,0.0
2.48674,0.59208,0.0
2.48674,0.65129,0.0
2.48674,0.7105,0.0
2.48674,0.7697,0.0
2.48674,0.82891,0.0
2.48674,0.88812,0.0
2.48674,0.94733,0.0
2.48674,1.00654,0.0
2.48674,1.06575,0.0
2.48674,1.12495,0.0
2.48674,1.18416,0.0
2.48674,1.24337,0.0
2.48674,1.30258,0.0
2.48674,1.36179,0.0
2.48674,1.42099,0.0
2.48674,1.4802,0.0
2.48674,1.53941,0.0
2.48674,1.59862,0.0
2.48674,1.65783,0.0
2.48674,1.71703,0.0
2.48674,1.77624,0.0
2.48674,1.83545,0.0
2.48674,1.89466,0.0
2.48674,1.95387,0.0
2.48674,2.01307,0.0
2.48674,2.07228,0.0
2.48674,2.13149,0.0
2.48674,2.1907,0.0
2.48674,2.24991,0.0
2.48674,2.30911,0.0
2.48674,2.36832,0.0
2.48674,2.42753,0.0
2.48674,2.48674,0.0
2.48674,2.54595,0.0
2.48674,2.60515,0.0
2.48674,2.66436,0.0
2.48674,2.72357,0.0
2.48674,2.78278,0.0
2.48674,2.84199,0.0
2.48674,2.9012,0.0
2.48674,2.9604,0.0
2.48674,3.01961,0.0
2.48674,3.07882,0.0
2.48674,3.13803,0.0
2.48674,3.19724,0.0
2.48674,3.25644,0.0
2.48674,3.31565,0.0
2.48674,3.37486,0.0
2.48674,3.43407,0.0
2.48674,3.49328,0.0
2.48674,3.55248,0.0
2.48674,3.61169,0.0
2.48674,3.6709,0.0
2.48674,3.73011,0.0
2.48674,3.78932,0.0
2.48674,3.84852,0.0
2.48674,3.90773,0.0
2.48674,3.96694,0.0
2.48674,4.02615,0.0
2.48674,4.08536,0.0
2.48674,4.14456,0.0
2.48674,4.20377,0.0
2.48674,4.26298,0.0
2.48674,4.32219,0.0
2.48674,4.3814,0.0
2.48674,4.4406,0.0
2.48674,4.49981,0.0
2.48674,4.55902,0.0
2.48674,4.61823,0.0
2.48674,4.67744,0.0
2.48674,4.73665,0.0
2.48674,4.79585,0.0
2.48674,4.85506,0.0
2.48674,4.91427,0.0
2.48674,4.97348,0.0
2.48674,5.03269,0.0
2.48674,5.09189,0.0
2.48674,5.1511,0.0
2.48674,5.21031,0.0
2.54595,-5.21031,0.0
2.54595,-5.1511,0.0
2.54595,-5.09189,0.0
2.54595,-5.03269,0.0
2.54595,-4.97348,0.0
2.54595,-4.91427,0.0
2.54595,-4.85506,0.0
2.54595,-4.79585,0.0
2.54595,-4.73665,0.0
2.54595,-4.67744,0.0
2.54595,-4.61823,0.0
2.54595,-4.55902,0.0
2.54595,-4.49981,0.0
2.54595,-4.4406,0.0
2.54595,-4.3814,0.0
2.54595,-4.32219,0.0
2.54595,-4.26298,0.0
2.54595,-4.20377,0.0
2.54595,-4.14456,0.0
2.54595,-4.08536,0.0
2.54595,-4.02615,0.0
2.54595,-3.96694,0.0
2.54595,-3.90773,0.0
2.54595,-3.84852,0.0
2.54595,-3.78932,0.0
2.54595,-3.73011,0.0
2.54595,-3.6709,0.0
2.54595,-3.61169,0.0
2.54595,-3.55248,0.0
2.54595,-3.49328,0.0
2.54595,-3.43407,0.0
2.54595,-3.37486,0.0
2.54595,-3.31565,0.0
2.54595,-3.25644,0.0
2.54595,-3.19724,0.0
2.54595,-3.13803,0.0
2.54595,-3.07882,0.0
2.54595,-3.01961,0.0
2.54595,-2.9604,0.0
2.54595,-2.9012,0.0
2.54595,-2.84199,0.0
2.54595,-2.78278,0.0
2.54595,-2.72357,0.0
2.54595,-2.66436,0.0
2.54595,-2.60515,0.0
2.54595,-2.54595,0.0
2.54595,-2.48674,0.0
2.54595,-2.42753,0.0
2.54595,-2.36832,0.0
2.54595,-2.30911,0.0
2.54595,-2.24991,0.0
2.54595,-2.1907,0.0
2.54595,-2.13149,0.0
2.54595,-2.07228,0.0
2.54595,-2.01307,0.0
2.54595,-1.95387,0.0
2.54595,-1.89466,0.0
2.54595,-1.83545,0.0
2.54595,-1.77624,0.0
2.54595,-1.71703,0.0
2.54595,-1.65783,0.0
2.54595,-1.59862,0.0
2.54595,-1.53941,0.0
2.54595,-1.4802,0.0
2.54595,-1.42099,0.0
2.54595,-1.36179,0.0
2.54595,-1.30258,0.0
2.54595,-1.24337,0.0
2.54595,-1.18416,0.0
2.54595,-1.12495,0.0
2.54595,-1.06575,0.0
2.54595,-1.00654,0.0
2.54595,-0.94733,0.0
2.54595,-0.88812,0.0
2.54595,-0.82891,0.0
2.54595,-0.7697,0.0
2.54595,-0.7105,0.0
2.54595,-0.65129,0.0
2.54595,-0.59208,0.0
2.54595,-0.53287,0.0
2.54595,-0.47366,0.0
2.54595,-0.41446,0.0
2.54595,-0.35525,0.0
2.54595,-0.29604,0.0
2.54595,-0.23683,0.0
2.54595,-0.17762,0.0
2.54595,-0.11842,0.0
2.54595,-0.05921,0.0
2.54595,0,0.0
2.54595,0.05921,0.0
2.54595,0.11842,0.0
2.54595,0.17762,0.0
2.54595,0.23683,0.0
2.54595,0.29604,0.0
2.54595,0.35525,0.0
2.54595,0.41446,0.0
2.54595,0.47366,0.0
2.54595,0.53287,0.0
2.54595,0.59208,0.0
2.54595,0.65129,0.0
2.54595,0.7105,0.0
2.54595,0.7697,0.0
2.54595,0.82891,0.0
2.54595,0.88812,0.0
2.54595,0.94733,0.0
2.54595,1.00654,0.0
2.54595,1.06575,0.0
2.54595,1.12495,0.0
2.54595,1.18416,0.0
2.54595,1.24337,0.0
2.54595,1.30258,0.0
2.54595,1.36179,0.0
2.54595,1.42099,0.0
2.54595,1.4802,0.0
2.54595,1.53941,0.0
2.54595,1.59862,0.0
2.54595,1.65783,0.0
2.54595,1.71703,0.0
2.54595,1.77624,0.0
2.54595,1.83545,0.0
2.54595,1.89466,0.0
2.54595,1.95387,0.0
2.54595,2.01307,0.0
2.54595,2.07228,0.0
2.54595,2.13149,0.0
2.54595,2.1907,0.0
2.54595,2.24991,0.0
2.54595,2.30911,0.0
2.54595,2.36832,0.0
2.54595,2.42753,0.0
2.54595,2.48674,0.0
2.54595,2.54595,0.0
2.54595,2.60515,0.0
2.54595,2.66436,0.0
2.54595,2.72357,0.0
2.54595,2.78278,0.0
2.54595,2.84199,0.0
2.54595,2.9012,0.0
2.54595,2.9604,0.0
2.54595,3.01961,0.0
2.54595,3.07882,0.0
2.54595,3.13803,0.0
2.54595,3.19724,0.0
2.54595,3.25644,0.0
2.54595,3.31565,0.0
2.54595,3.37486,0.0
2.54595,3.43407,0.0
2.54595,3.49328,0.0
2.54595,3.55248,0.0
2.54595,3.61169,0.0
2.54595,3.6709,0.0
2.54595,3.73011,0.0
2.54595,3.78932,0.0
2.54595,3.84852,0.0
2.54595,3.90773,0.0
2.54595,3.96694,0.0
2.54595,4.02615,0.0
2.54595,4.08536,0.0
2.54595,4.14456,0.0
2.54595,4.20377,0.0
2.54595,4.26298,0.0
2.54595,4.32219,0.0
2.54595,4.3814,0.0
2.54595,4.4406,0.0
2.54595,4.49981,0.0
2.54595,4.55902,0.0
2.54595,4.61823,0.0
2.54595,4.67744,0.0
2.54595,4.73665,0.0
2.54595,4.79585,0.0
2.54595,4.85506,0.0
2.54595,4.91427,0.0
2.54595,4.97348,0.0
2.54595,5.03269,0.0
2.54595,5.09189,0.0
2.54595,5.1511,0.0
2.54595,5.21031,0.0
2.60515,-5.1511,0.0
2.60515,-5.09189,0.0
2.60515,-5.03269,0.0
2.60515,-4.97348,0.0
2.60515,-4.91427,0.0
2.60515,-4.85506,0.0
2.60515,-4.79585,0.0
2.60515,-4.73665,0.0
2.60515,-4.67744,0.0
2.60515,-4.61823,0.0
2.60515,-4.55902,0.0
2.60515,-4.49981,0.0
2.60515,-4.4406,0.0
2.60515,-4.3814,0.0
2.60515,-4.32219,0.0
2.60515,-4.26298,0.0
2.60515,-4.20377,0.0
2.60515,-4.14456,0.0
2.60515,-4.08536,0.0
2.60515,-4.02615,0.0
2.60515,-3.96694,0.0
2.60515,-3.90773,0.0
2.60515,-3.84852,0.0
2.60515,-3.78932,0.0
2.60515,-3.73011,0.0
2.60515,-3.6709,0.0
2.60515,-3.61169,0.0
2.60515,-3.55248,0.0
2.60515,-3.49328,0.0
2.60515,-3.43407,0.0
2.60515,-3.37486,0.0
2.60515,-3.31565,0.0
2.60515,-3.25644,0.0
2.60515,-3.19724,0.0
2.60515,-3.13803,0.0
2.60515,-3.07882,0.0
2.60515,-3.01961,0.0
2.60515,-2.9604,0.0
2.60515,-2.9012,0.0
2.60515,-2.84199,0.0
2.60515,-2.78278,0.0
2.60515,-2.72357,0.0
2.60515,-2.66436,0.0
2.60515,-2.60515,0.0
2.60515,-2.54595,0.0
2.60515,-2.48674,0.0
2.60515,-2.42753,0.0
2.60515,-2.36832,0.0
2.60515,-2.30911,0.0
2.60515,-2.24991,0.0
2.60515,-2.1907,0.0
2.60515,-2.13149,0.0
2.60515,-2.07228,0.0
2.60515,-2.01307,0.0
2.60515,-1.95387,0.0
2.60515,-1.89466,0.0
2.60515,-1.83545,0.0
2.60515,-1.77624,0.0
2.60515,-1.71703,0.0
2.60515,-1.65783,0.0
2.60515,-1.59862,0.0
2.60515,-1.53941,0.0
2.60515,-1.4802,0.0
2.60515,-1.42099,0.0
2.60515,-1.36179,0.0
2.60515,-1.30258,0.0
2.60515,-1.24337,0.0
2.60515,-1.18416,0.0
2.60515,-1.12495,0.0
2.60515,-1.06575,0.0
2.60515,-1.00654,0.0
2.60515,-0.94733,0.0
2.60515,-0.88812,0.0
2.60515,-0.82891,0.0
2.60515,-0.7697,0.0
2.60515,-0.7105,0.0
2.60515,-0.65129,0.0
2.60515,-0.59208,0.0
2.60515,-0.53287,0.0
2.60515,-0.47366,0.0
2.60515,-0.41446,0.0
2.60515,-0.35525,0.0
2.60515,-0.29604,0.0
2.60515,-0.23683,0.0
2.60515,-0.17762,0.0
2.60515,-0.11842,0.0
2.60515,-0.05921,0.0
2.60515,0,0.0
2.60515,0.05921,0.0
2.60515,0.11842,0.0
2.60515,0.17762,0.0
2.60515,0.23683,0.0
2.60515,0.29604,0.0
2.60515,0.35525,0.0
2.60515,0.41446,0.0
2.60515,0.47366,0.0
2.60515,0.53287,0.0
2.60515,0.59208,0.0
2.60515,0.65129,0.0
2.60515,0.7105,0.0
2.60515,0.7697,0.0
2.60515,0.82891,0.0
2.60515,0.88812,0.0
2.60515,0.94733,0.0
2.60515,1.00654,0.0
2.60515,1.06575,0.0
2.60515,1.12495,0.0
2.60515,1.18416,0.0
2.60515,1.24337,0.0
2.60515,1.30258,0.0
2.60515,1.36179,0.0
2.60515,1.42099,0.0
2.60515,1.4802,0.0
2.60515,1.53941,0.0
2.60515,1.59862,0.0
2.60515,1.65783,0.0
2.60515,1.71703,0.0
2.60515,1.77624,0.0
2.60515,1.83545,0.0
2.60515,1.89466,0.0
2.60515,1.95387,0.0
2.60515,2.01307,0.0
2.60515,2.07228,0.0
2.60515,2.13149,0.0
2.60515,2.1907,0.0
2.60515,2.24991,0.0
2.60515,2.30911,0.0
2.60515,2.36832,0.0
2.60515,2.42753,0.0
2.60515,2.48674,0.0
2.60515,2.54595,0.0
2.60515,2.60515,0.0
2.60515,2.66436,0.0
2.60515,2.72357,0.0
2.60515,2.78278,0.0
2.60515,2.84199,0.0
2.60515,2.9012,0.0
2.60515,2.9604,0.0
2.60515,3.01961,0.0
2.60515,3.07882,0.0
2.60515,3.13803,0.0
2.60515,3.19724,0.0
2.60515,3.25644,0.0
2.60515,3.31565,0.0
2.60515,3.37486,0.0
2.60515,3.43407,0.0
2.60515,3.49328,0.0
2.60515,3.55248,0.0
2.60515,3.61169,0.0
2.60515,3.6709,0.0
2.60515,3.73011,0.0
2.60515,3.78932,0.0
2.60515,3.84852,0.0
2.60515,3.90773,0.0
2.60515,3.96694,0.0
2.60515,4.02615,0.0
2.60515,4.08536,0.0
2.60515,4.14456,0.0
2.60515,4.20377,0.0
2.60515,4.26298,0.0
2.60515,4.32219,0.0
2.60515,4.3814,0.0
2.60515,4.4406,0.0
2.60515,4.49981,0.0
2.60515,4.55902,0.0
2.60515,4.61823,0.0
2.60515,4.67744,0.0
2.60515,4.73665,0.0
2.60515,4.79585,0.0
2.60515,4.85506,0.0
2.60515,4.91427,0.0
2.60515,4.97348,0.0
2.60515,5.03269,0.0
2.60515,5.09189,0.0
2.60515,5.1511,0.0
2.66436,-5.1511,0.0
2.66436,-5.09189,0.0
2.66436,-5.03269,0.0
2.66436,-4.97348,0.0
2.66436,-4.91427,0.0
2.66436,-4.85506,0.0
2.66436,-4.79585,0.0
2.66436,-4.73665,0.0
2.66436,-4.67744,0.0
2.66436,-4.61823,0.0
2.66436,-4.55902,0.0
2.66436,-4.49981,0.0
2.66436,-4.4406,0.0
2.66436,-4.3814,0.0
2.66436,-4.32219,0.0
2.66436,-4.26298,0.0
2.66436,-4.20377,0.0
2.66436,-4.14456,0.0
2.66436,-4.08536,0.0
2.66436,-4.02615,0.0
2.66436,-3.96694,0.0
2.66436,-3.90773,0.0
2.66436,-3.84852,0.0
2.66436,-3.78932,0.0
2.66436,-3.73011,0.0
2.66436,-3.6709,0.0
2.66436,-3.61169,0.0
2.66436,-3.55248,0.0
2.66436,-3.49328,0.0
2.66436,-3.43407,0.0
2.66436,-3.37486,0.0
2.66436,-3.31565,0.0
2.66436,-3.25644,0.0
2.66436,-3.19724,0.0
2.66436,-3.13803,0.0
2.66436,-3.07882,0.0
2.66436,-3.01961,0.0
2.66436,-2.9604,0.0
2.66436,-2.9012,0.0
2.66436,-2.84199,0.0
2.66436,-2.78278,0.0
2.66436,-2.72357,0.0
2.66436,-2.66436,0.0
2.66436,-2.60515,0.0
2.66436,-2.54595,0.0
2.66436,-2.48674,0.0
2.66436,-2.42753,0.0
2.66436,-2.36832,0.0
2.66436,-2.30911,0.0
2.66436,-2.24991,0.0
2.66436,-2.1907,0.0
2.66436,-2.13149,0.0
2.66436,-2.07228,0.0
2.66436,-2.01307,0.0
2.66436,-1.95387,0.0
2.66436,-1.89466,0.0
2.66436,-1.83545,0.0
2.66436,-1.77624,0.0
2.66436,-1.71703,0.0
2.66436,-1.65783,0.0
2.66436,-1.59862,0.0
2.66436,-1.53941,0.0
2.66436,-1.4802,0.0
2.66436,-1.42099,0.0
2.66436,-1.36179,0.0
2.66436,-1.30258,0.0
2.66436,-1.24337,0.0
2.66436,-1.18416,0.0
2.66436,-1.12495,0.0
2.66436,-1.06575,0.0
2.66436,-1.00654,0.0
2.66436,-0.94733,0.0
2.66436,-0.88812,0.0
2.66436,-0.82891,0.0
2.66436,-0.7697,0.0
2.66436,-0.7105,0.0
2.66436,-0.65129,0.0
2.66436,-0.59208,0.0
2.66436,-0.53287,0.0
2.66436,-0.47366,0.0
2.66436,-0.41446,0.0
2.66436,-0.35525,0.0
2.66436,-0.29604,0.0
2.66436,-0.23683,0.0
2.66436,-0.17762,0.0
2.66436,-0.11842,0.0
2.66436,-0.05921,0.0
2.66436,0,0.0
2.66436,0.05921,0.0
2.66436,0.11842,0.0
2.66436,0.17762,0.0
2.66436,0.23683,0.0
2.66436,0.29604,0.0
2.66436,0.35525,0.0
2.66436,0.41446,0.0
2.66436,0.47366,0.0
2.66436,0.53287,0.0
2.66436,0.59208,0.0
2.66436,0.65129,0.0
2.66436,0.7105,0.0
2.66436,0.7697,0.0
2.66436,0.82891,0.0
2.66436,0.88812,0.0
2.66436,0.94733,0.0
2.66436,1.00654,0.0
2.66436,1.06575,0.0
2.66436,1.12495,0.0
2.66436,1.18416,0.0
2.66436,1.24337,0.0
2.66436,1.30258,0.0
2.66436,1.36179,0.0
2.66436,1.42099,0.0
2.66436,1.4802,0.0
2.66436,1.53941,0.0
2.66436,1.59862,0.0
2.66436,1.65783,0.0
2.66436,1.71703,0.0
2.66436,1.77624,0.0
2.66436,1.83545,0.0
2.66436,1.89466,0.0
2.66436,1.95387,0.0
2.66436,2.01307,0.0
2.66436,2.07228,0.0
2.66436,2.13149,0.0
2.66436,2.1907,0.0
2.66436,2.24991,0.0
2.66436,2.30911,0.0
2.66436,2.36832,0.0
2.66436,2.42753,0.0
2.66436,2.48674,0.0
2.66436,2.54595,0.0
2.66436,2.60515,0.0
2.66436,2.66436,0.0
2.66436,2.72357,0.0
2.66436,2.78278,0.0
2.66436,2.84199,0.0
2.66436,2.9012,0.0
2.66436,2.9604,0.0
2.66436,3.01961,0.0
2.66436,3.07882,0.0
2.66436,3.13803,0.0
2.66436,3.19724,0.0
2.66436,3.25644,0.0
2.66436,3.31565,0.0
2.66436,3.37486,0.0
2.66436,3.43407,0.0
2.66436,3.49328,0.0
2.66436,3.55248,0.0
2.66436,3.61169,0.0
2.66436,3.6709,0.0
2.66436,3.73011,0.0
2.66436,3.78932,0.0
2.66436,3.84852,0.0
2.66436,3.90773,0.0
2.66436,3.96694,0.0
2.66436,4.02615,0.0
2.66436,4.08536,0.0
2.66436,4.14456,0.0
2.66436,4.20377,0.0
2.66436,4.26298,0.0
2.66436,4.32219,0.0
2.66436,4.3814,0.0
2.66436,4.4406,0.0
2.66436,4.49981,0.0
2.66436,4.55902,0.0
2.66436,4.61823,0.0
2.66436,4.67744,0.0
2.66436,4.73665,0.0
2.66436,4.79585,0.0
2.66436,4.85506,0.0
2.66436,4.91427,0.0
2.66436,4.97348,0.0
2.66436,5.03269,0.0
2.66436,5.09189,0.0
2.66436,5.1511,0.0
2.72357,-5.09189,0.0
2.72357,-5.03269,0.0
2.72357,-4.97348,0.0
2.72357,-4.91427,0.0
2.72357,-4.85506,0.0
2.72357,-4.79585,0.0
2.72357,-4.73665,0.0
2.72357,-4.67744,0.0
2.72357,-4.61823,0.0
2.72357,-4.55902,0.0
2.72357,-4.49981,0.0
2.72357,-4.4406,0.0
2.72357,-4.3814,0.0
2.72357,-4.32219,0.0
2.72357,-4.26298,0.0
2.72357,-4.20377,0.0
2.72357,-4.14456,0.0
2.72357,-4.08536,0.0
2.72357,-4.02615,0.0
2.72357,-3.96694,0.0
2.72357,-3.90773,0.0
2.72357,-3.84852,0.0
2.72357,-3.78932,0.0
2.72357,-3.73011,0.0
2.72357,-3.6709,0.0
2.72357,-3.61169,0.0
2.72357,-3.55248,0.0
2.72357,-3.49328,0.0
2.72357,-3.43407,0.0
2.72357,-3.37486,0.0
2.72357,-3.31565,0.0
2.72357,-3.25644,0.0
2.72357,-3.19724,0.0
2.72357,-3.13803,0.0
2.72357,-3.07882,0.0
2.72357,-3.01961,0.0
2.72357,-2.9604,0.0
2.72357,-2.9012,0.0
2.72357,-2.84199,0.0
2.72357,-2.78278,0.0
2.72357,-2.72357,0.0
2.72357,-2.66436,0.0
2.72357,-2.60515,0.0
2.72357,-2.54595,0.0
2.72357,-2.48674,0.0
2.72357,-2.42753,0.0
2.72357,-2.36832,0.0
2.72357,-2.30911,0.0
2.72357,-2.24991,0.0
2.72357,-2.1907,0.0
2.72357,-2.13149,0.0
2.72357,-2.07228,0.0
2.72357,-2.01307,0.0
2.72357,-1.95387,0.0
2.72357,-1.89466,0.0
2.72357,-1.83545,0.0
2.72357,-1.77624,0.0
2.72357,-1.71703,0.0
2.72357,-1.65783,0.0
2.72357,-1.59862,0.0
2.72357,-1.53941,0.0
2.72357,-1.4802,0.0
2.72357,-1.42099,0.0
2.72357,-1.36179,0.0
2.72357,-1.30258,0.0
2.72357,-1.24337,0.0
2.72357,-1.18416,0.0
2.72357,-1.12495,0.0
2.72357,-1.06575,0.0
2.72357,-1.00654,0.0
2.72357,-0.94733,0.0
2.72357,-0.88812,0.0
2.72357,-0.82891,0.0
2.72357,-0.7697,0.0
2.72357,-0.7105,0.0
2.72357,-0.65129,0.0
2.72357,-0.59208,0.0
2.72357,-0.53287,0.0
2.72357,-0.47366,0.0
2.72357,-0.41446,0.0
2.72357,-0.35525,0.0
2.72357,-0.29604,0.0
2.72357,-0.23683,0.0
2.72357,-0.17762,0.0
2.72357,-0.11842,0.0
2.72357,-0.05921,0.0
2.72357,0,0.0
2.72357,0.05921,0.0
2.72357,0.11842,0.0
2.72357,0.17762,0.0
2.72357,0.23683,0.0
2.72357,0.29604,0.0
2.72357,0.35525,0.0
2.72357,0.41446,0.0
2.72357,0.47366,0.0
2.72357,0.53287,0.0
2.72357,0.59208,0.0
2.72357,0.65129,0.0
2.72357,0.7105,0.0
2.72357,0.7697,0.0
2.72357,0.82891,0.0
2.72357,0.88812,0.0
2.72357,0.94733,0.0
2.72357,1.00654,0.0
2.72357,1.06575,0.0
2.72357,1.12495,0.0
2.72357,1.18416,0.0
2.72357,1.24337,0.0
2.72357,1.30258,0.0
2.72357,1.36179,0.0
2.72357,1.42099,0.0
2.72357,1.4802,0.0
2.72357,1.53941,0.0
2.72357,1.59862,0.0
2.72357,1.65783,0.0
2.72357,1.71703,0.0
2.72357,1.77624,0.0
2.72357,1.83545,0.0
2.72357,1.89466,0.0
2.72357,1.95387,0.0
2.72357,2.01307,0.0
2.72357,2.07228,0.0
2.72357,2.13149,0.0
2.72357,2.1907,0.0
2.72357,2.24991,0.0
2.72357,2.30911,0.0
2.72357,2.36832,0.0
2.72357,2.42753,0.0
2.72357,2.48674,0.0
2.72357,2.54595,0.0
2.72357,2.60515,0.0
2.72357,2.66436,0.0
2.72357,2.72357,0.0
2.72357,2.78278,0.0
2.72357,2.84199,0.0
2.72357,2.9012,0.0
2.72357,2.9604,0.0
2.72357,3.01961,0.0
2.72357,3.07882,0.0
2.72357,3.13803,0.0
2.72357,3.19724,0.0
2.72357,3.25644,0.0
2.72357,3.31565,0.0
2.72357,3.37486,0.0
2.72357,3.43407,0.0
2.72357,3.49328,0.0
2.72357,3.55248,0.0
2.72357,3.61169,0.0
2.72357,3.6709,0.0
2.72357,3.73011,0.0
2.72357,3.78932,0.0
2.72357,3.84852,0.0
2.72357,3.90773,0.0
2.72357,3.96694,0.0
2.72357,4.02615,0.0
2.72357,4.08536,0.0
2.72357,4.14456,0.0
2.72357,4.20377,0.0
2.72357,4.26298,0.0
2.72357,4.32219,0.0
2.72357,4.3814,0.0
2.72357,4.4406,0.0
2.72357,4.49981,0.0
2.72357,4.55902,0.0
2.72357,4.61823,0.0
2.72357,4.67744,0.0
2.72357,4.73665,0.0
2.72357,4.79585,0.0
2.72357,4.85506,0.0
2.72357,4.91427,0.0
2.72357,4.97348,0.0
2.72357,5.03269,0.0
2.72357,5.09189,0.0
2.78278,-5.03269,0.0
2.78278,-4.97348,0.0
2.78278,-4.91427,0.0
2.78278,-4.85506,0.0
2.78278,-4.79585,0.0
2.78278,-4.73665,0.0
2.78278,-4.67744,0.0
2.78278,-4.61823,0.0
2.78278,-4.55902,0.0
2.78278,-4.49981,0.0
2.78278,-4.4406,0.0
2.78278,-4.3814,0.0
2.78278,-4.32219,0.0
2.78278,-4.26298,0.0
2.78278,-4.20377,0.0
2.78278,-4.14456,0.0
2.78278,-4.08536,0.0
2.78278,-4.02615,0.0
2.78278,-3.96694,0.0
2.78278,-3.90773,0.0
2.78278,-3.84852,0.0
2.78278,-3.78932,0.0
2.78278,-3.73011,0.0
2.78278,-3.6709,0.0
2.78278,-3.61169,0.0
2.78278,-3.55248,0.0
2.78278,-3.49328,0.0
2.78278,-3.43407,0.0
2.78278,-3.37486,0.0
2.78278,-3.31565,0.0
2.78278,-3.25644,0.0
2.78278,-3.19724,0.0
2.78278,-3.13803,0.0
2.78278,-3.07882,0.0
2.78278,-3.01961,0.0
2.78278,-2.9604,0.0
2.78278,-2.9012,0.0
2.78278,-2.84199,0.0
2.78278,-2.78278,0.0
2.78278,-2.72357,0.0
2.78278,-2.66436,0.0
2.78278,-2.60515,0.0
2.78278,-2.54595,0.0
2.78278,-2.48674,0.0
2.78278,-2.42753,0.0
2.78278,-2.36832,0.0
2.78278,-2.30911,0.0
2.78278,-2.24991,0.0
2.78278,-2.1907,0.0
2.78278,-2.13149,0.0
2.78278,-2.07228,0.0
2.78278,-2.01307,0.0
2.78278,-1.95387,0.0
2.78278,-1.89466,0.0
2.78278,-1.83545,0.0
2.78278,-1.77624,0.0
2.78278,-1.71703,0.0
2.78278,-1.65783,0.0
2.78278,-1.59862,0.0
2.78278,-1.53941,0.0
2.78278,-1.4802,0.0
2.78278,-1.42099,0.0
2.78278,-1.36179,0.0
2.78278,-1.30258,0.0
2.78278,-1.24337,0.0
2.78278,-1.18416,0.0
2.78278,-1.12495,0.0
2.78278,-1.06575,0.0
2.78278,-1.00654,0.0
2.78278,-0.94733,0.0
2.78278,-0.88812,0.0
2.78278,-0.82891,0.0
2.78278,-0.7697,0.0
2.78278,-0.7105,0.0
2.78278,-0.65129,0.0
2.78278,-0.59208,0.0
2.78278,-0.53287,0.0
2.78278,-0.47366,0.0
2.78278,-0.41446,0.0
2.78278,-0.35525,0.0
2.78278,-0.29604,0.0
2.78278,-0.23683,0.0
2.78278,-0.17762,0.0
2.78278,-0.11842,0.0
2.78278,-0.05921,0.0
2.78278,0,0.0
2.78278,0.05921,0.0
2.78278,0.11842,0.0
2.78278,0.17762,0.0
2.78278,0.23683,0.0
2.78278,0.29604,0.0
2.78278,0.35525,0.0
2.78278,0.41446,0.0
2.78278,0.47366,0.0
2.78278,0.53287,0.0
2.78278,0.59208,0.0
2.78278,0.65129,0.0
2.78278,0.7105,0.0
2.78278,0.7697,0.0
2.78278,0.82891,0.0
2.78278,0.88812,0.0
2.78278,0.94733,0.0
2.78278,1.00654,0.0
2.78278,1.06575,0.0
2.78278,1.12495,0.0
2.78278,1.18416,0.0
2.78278,1.24337,0.0
2.78278,1.30258,0.0
2.78278,1.36179,0.0
2.78278,1.42099,0.0
2.78278,1.4802,0.0
2.78278,1.53941,0.0
2.78278,1.59862,0.0
2.78278,1.65783,0.0
2.78278,1.71703,0.0
2.78278,1.77624,0.0
2.78278,1.83545,0.0
2.78278,1.89466,0.0
2.78278,1.95387,0.0
2.78278,2.01307,0.0
2.78278,2.07228,0.0
2.78278,2.13149,0.0
2.78278,2.1907,0.0
2.78278,2.24991,0.0
2.78278,2.30911,0.0
2.78278,2.36832,0.0
2.78278,2.42753,0.0
2.78278,2.48674,0.0
2.78278,2.54595,0.0
2.78278,2.60515,0.0
2.78278,2.66436,0.0
2.78278,2.72357,0.0
2.78278,2.78278,0.0
2.78278,2.84199,0.0
2.78278,2.9012,0.0
2.78278,2.9604,0.0
2.78278,3.01961,0.0
2.78278,3.07882,0.0
2.78278,3.13803,0.0
2.78278,3.19724,0.0
2.78278,3.25644,0.0
2.78278,3.31565,0.0
2.78278,3.37486,0.0
2.78278,3.43407,0.0
2.78278,3.49328,0.0
2.78278,3.55248,0.0
2.78278,3.61169,0.0
2.78278,3.6709,0.0
2.78278,3.73011,0.0
2.78278,3.78932,0.0
2.78278,3.84852,0.0
2.78278,3.90773,0.0
2.78278,3.96694,0.0
2.78278,4.02615,0.0
2.78278,4.08536,0.0
2.78278,4.14456,0.0
2.78278,4.20377,0.0
2.78278,4.26298,0.0
2.78278,4.32219,0.0
2.78278,4.3814,0.0
2.78278,4.4406,0.0
2.78278,4.49981,0.0
2.78278,4.55902,0.0
2.78278,4.61823,0.0
2.78278,4.67744,0.0
2.78278,4.73665,0.0
2.78278,4.79585,0.0
2.78278,4.85506,0.0
2.78278,4.91427,0.0
2.78278,4.97348,0.0
2.78278,5.03269,0.0
2.84199,-5.03269,0.0
2.84199,-4.97348,0.0
2.84199,-4.91427,0.0
2.84199,-4.85506,0.0
2.84199,-4.79585,0.0
2.84199,-4.73665,0.0
2.84199,-4.67744,0.0
2.84199,-4.61823,0.0
2.84199,-4.55902,0.0
2.84199,-4.49981,0.0
2.84199,-4.4406,0.0
2.84199,-4.3814,0.0
2.84199,-4.32219,0.0
2.84199,-4.26298,0.0
2.84199,-4.20377,0.0
2.84199,-4.14456,0.0
2.84199,-4.08536,0.0
2.84199,-4.02615,0.0
2.84199,-3.96694,0.0
2.84199,-3.90773,0.0
2.84199,-3.84852,0.0
2.84199,-3.78932,0.0
2.84199,-3.73011,0.0
2.84199,-3.6709,0.0
2.84199,-3.61169,0.0
2.84199,-3.55248,0.0
2.84199,-3.49328,0.0
2.84199,-3.43407,0.0
2.84199,-3.37486,0.0
2.84199,-3.31565,0.0
2.84199,-3.25644,0.0
2.84199,-3.19724,0.0
2.84199,-3.13803,0.0
2.84199,-3.07882,0.0
2.84199,-3.01961,0.0
2.84199,-2.9604,0.0
2.84199,-2.9012,0.0
2.84199,-2.84199,0.0
2.84199,-2.78278,0.0
2.84199,-2.72357,0.0
2.84199,-2.66436,0.0
2.84199,-2.60515,0.0
2.84199,-2.54595,0.0
2.84199,-2.48674,0.0
2.84199,-2.42753,0.0
2.84199,-2.36832,0.0
2.84199,-2.30911,0.0
2.84199,-2.24991,0.0
2.84199,-2.1907,0.0
2.84199,-2.13149,0.0
2.84199,-2.07228,0.0
2.84199,-2.01307,0.0
2.84199,-1.95387,0.0
2.84199,-1.89466,0.0
2.84199,-1.83545,0.0
2.84199,-1.77624,0.0
2.84199,-1.71703,0.0
2.84199,-1.65783,0.0
2.84199,-1.59862,0.0
2.84199,-1.53941,0.0
2.84199,-1.4802,0.0
2.84199,-1.42099,0.0
2.84199,-1.36179,0.0
2.84199,-1.30258,0.0
2.84199,-1.24337,0.0
2.84199,-1.18416,0.0
2.84199,-1.12495,0.0
2.84199,-1.06575,0.0
2.84199,-1.00654,0.0
2.84199,-0.94733,0.0
2.84199,-0.88812,0.0
2.84199,-0.82891,0.0
2.84199,-0.7697,0.0
2.84199,-0.7105,0.0
2.84199,-0.65129,0.0
2.84199,-0.59208,0.0
2.84199,-0.53287,0.0
2.84199,-0.47366,0.0
2.84199,-0.41446,0.0
2.84199,-0.35525,0.0
2.84199,-0.29604,0.0
2.84199,-0.23683,0.0
2.84199,-0.17762,0.0
2.84199,-0.11842,0.0
2.84199,-0.05921,0.0
2.84199,0,0.0
2.84199,0.05921,0.0
2.84199,0.11842,0.0
2.84199,0.17762,0.0
2.84199,0.23683,0.0
2.84199,0.29604,0.0
2.84199,0.35525,0.0
2.84199,0.41446,0.0
2.84199,0.47366,0.0
2.84199,0.53287,0.0
2.84199,0.59208,0.0
2.84199,0.65129,0.0
2.84199,0.7105,0.0
2.84199,0.7697,0.0
2.84199,0.82891,0.0
2.84199,0.88812,0.0
2.84199,0.94733,0.0
2.84199,1.00654,0.0
2.84199,1.06575,0.0
2.84199,1.12495,0.0
2.84199,1.18416,0.0
2.84199,1.24337,0.0
2.84199,1.30258,0.0
2.84199,1.36179,0.0
2.84199,1.42099,0.0
2.84199,1.4802,0.0
2.84199,1.53941,0.0
2.84199,1.59862,0.0
2.84199,1.65783,0.0
2.84199,1.71703,0.0
2.84199,1.77624,0.0
2.84199,1.83545,0.0
2.84199,1.89466,0.0
2.84199,1.95387,0.0
2.84199,2.01307,0.0
2.84199,2.07228,0.0
2.84199,2.13149,0.0
2.84199,2.1907,0.0
2.84199,2.24991,0.0
2.84199,2.30911,0.0
2.84199,2.36832,0.0
2.84199,2.42753,0.0
2.84199,2.48674,0.0
2.84199,2.54595,0.0
2.84199,2.60515,0.0
2.84199,2.66436,0.0
2.84199,2.72357,0.0
2.84199,2.78278,0.0
2.84199,2.84199,0.0
2.84199,2.9012,0.0
2.84199,2.9604,0.0
2.84199,3.01961,0.0
2.84199,3.07882,0.0
2.84199,3.13803,0.0
2.84199,3.19724,0.0
2.84199,3.25644,0.0
2.84199,3.31565,0.0
2.84199,3.37486,0.0
2.84199,3.43407,0.0
2.84199,3.49328,0.0
2.84199,3.55248,0.0
2.84199,3.61169,0.0
2.84199,3.6709,0.0
2.84199,3.73011,0.0
2.84199,3.78932,0.0
2.84199,3.84852,0.0
2.84199,3.90773,0.0
2.84199,3.96694,0.0
2.84199,4.02615,0.0
2.84199,4.08536,0.0
2.84199,4.14456,0.0
2.84199,4.20377,0.0
2.84199,4.26298,0.0
2.84199,4.32219,0.0
2.84199,4.3814,0.0
2.84199,4.4406,0.0
2.84199,4.49981,0.0
2.84199,4.55902,0.0
2.84199,4.61823,0.0
2.84199,4.67744,0.0
2.84199,4.73665,0.0
2.84199,4.79585,0.0
2.84199,4.85506,0.0
2.84199,4.91427,0.0
2.84199,4.97348,0.0
2.84199,5.03269,0.0
2.9012,-4.97348,0.0
2.9012,-4.91427,0.0
2.9012,-4.85506,0.0
2.9012,-4.79585,0.0
2.9012,-4.73665,0.0
2.9012,-4.67744,0.0
2.9012,-4.61823,0.0
2.9012,-4.55902,0.0
2.9012,-4.49981,0.0
2.9012,-4.4406,0.0
2.9012,-4.3814,0.0
2.9012,-4.32219,0.0
2.9012,-4.26298,0.0
2.9012,-4.20377,0.0
2.9012,-4.14456,0.0
2.9012,-4.08536,0.0
2.9012,-4.02615,0.0
2.9012,-3.96694,0.0
2.9012,-3.90773,0.0
2.9012,-3.84852,0.0
2.9012,-3.78932,0.0
2.9012,-3.73011,0.0
2.9012,-3.6709,0.0
2.9012,-3.61169,0.0
2.9012,-3.55248,0.0
2.9012,-3.49328,0.0
2.9012,-3.43407,0.0
2.9012,-3.37486,0.0
2.9012,-3.31565,0.0
2.9012,-3.25644,0.0
2.9012,-3.19724,0.0
2.9012,-3.13803,0.0
2.9012,-3.07882,0.0
2.9012,-3.01961,0.0
2.9012,-2.9604,0.0
2.9012,-2.9012,0.0
2.9012,-2.84199,0.0
2.9012,-2.78278,0.0
2.9012,-2.72357,0.0
2.9012,-2.66436,0.0
2.9012,-2.60515,0.0
2.9012,-2.54595,0.0
2.9012,-2.48674,0.0
2.9012,-2.42753,0.0
2.9012,-2.36832,0.0
2.9012,-2.30911,0.0
2.9012,-2.24991,0.0
2.9012,-2.1907,0.0
2.9012,-2.13149,0.0
2.9012,-2.07228,0.0
2.9012,-2.01307,0.0
2.9012,-1.95387,0.0
2.9012,-1.89466,0.0
2.9012,-1.83545,0.0
2.9012,-1.77624,0.0
2.9012,-1.71703,0.0
2.9012,-1.65783,0.0
2.9012,-1.59862,0.0
2.9012,-1.53941,0.0
2.9012,-1.4802,0.0
2.9012,-1.42099,0.0
2.9012,-1.36179,0.0
2.9012,-1.30258,0.0
2.9012,-1.24337,0.0
2.9012,-1.18416,0.0
2.9012,-1.12495,0.0
2.9012,-1.06575,0.0
2.9012,-1.00654,0.0
2.9012,-0.94733,0.0
2.9012,-0.88812,0.0
2.9012,-0.82891,0.0
2.9012,-0.7697,0.0
2.9012,-0.7105,0.0
2.9012,-0.65129,0.0
2.9012,-0.59208,0.0
2.9012,-0.53287,0.0
2.9012,-0.47366,0.0
2.9012,-0.41446,0.0
2.9012,-0.35525,0.0
2.9012,-0.29604,0.0
2.9012,-0.23683,0.0
2.9012,-0.17762,0.0
2.9012,-0.11842,0.0
2.9012,-0.05921,0.0
2.9012,0,0.0
2.9012,0.05921,0.0
2.9012,0.11842,0.0
2.9012,0.17762,0.0
2.9012,0.23683,0.0
2.9012,0.29604,0.0
2.9012,0.35525,0.0
2.9012,0.41446,0.0
2.9012,0.47366,0.0
2.9012,0.53287,0.0
2.9012,0.59208,0.0
2.9012,0.65129,0.0
2.9012,0.7105,0.0
2.9012,0.7697,0.0
2.9012,0.82891,0.0
2.9012,0.88812,0.0
2.9012,0.94733,0.0
2.9012,1.00654,0.0
2.9012,1.06575,0.0
2.9012,1.12495,0.0
2.9012,1.18416,0.0
2.9012,1.24337,0.0
2.9012,1.30258,0.0
2.9012,1.36179,0.0
2.9012,1.42099,0.0
2.9012,1.4802,0.0
2.9012,1.53941,0.0
2.9012,1.59862,0.0
2.9012,1.65783,0.0
2.9012,1.71703,0.0
2.9012,1.77624,0.0
2.9012,1.83545,0.0
2.9012,1.89466,0.0
2.9012,1.95387,0.0
2.9012,2.01307,0.0
2.9012,2.07228,0.0
2.9012,2.13149,0.0
2.9012,2.1907,0.0
2.9012,2.24991,0.0
2.9012,2.30911,0.0
2.9012,2.36832,0.0
2.9012,2.42753,0.0
2.9012,2.48674,0.0
2.9012,2.54595,0.0
2.9012,2.60515,0.0
2.9012,2.66436,0.0
2.9012,2.72357,0.0
2.9012,2.78278,0.0
2.9012,2.84199,0.0
2.9012,2.9012,0.0
2.9012,2.9604,0.0
2.9012,3.01961,0.0
2.9012,3.07882,0.0
2.9012,3.13803,0.0
2.9012,3.19724,0.0
2.9012,3.25644,0.0
2.9012,3.31565,0.0
2.9012,3.37486,0.0
2.9012,3.43407,0.0
2.9012,3.49328,0.0
2.9012,3.55248,0.0
2.9012,3.61169,0.0
2.9012,3.6709,0.0
2.9012,3.73011,0.0
2.9012,3.78932,0.0
2.9012,3.84852,0.0
2.9012,3.90773,0.0
2.9012,3.96694,0.0
2.9012,4.02615,0.0
2.9012,4.08536,0.0
2.9012,4.14456,0.0
2.9012,4.20377,0.0
2.9012,4.26298,0.0
2.9012,4.32219,0.0
2.9012,4.3814,0.0
2.9012,4.4406,0.0
2.9012,4.49981,0.0
2.9012,4.55902,0.0
2.9012,4.61823,0.0
2.9012,4.67744,0.0
2.9012,4.73665,0.0
2.9012,4.79585,0.0
2.9012,4.85506,0.0
2.9012,4.91427,0.0
2.9012,4.97348,0.0
2.9604,-4.97348,0.0
2.9604,-4.91427,0.0
2.9604,-4.85506,0.0
2.9604,-4.79585,0.0
2.9604,-4.73665,0.0
2.9604,-4.67744,0.0
2.9604,-4.61823,0.0
2.9604,-4.55902,0.0
2.9604,-4.49981,0.0
2.9604,-4.4406,0.0
2.9604,-4.3814,0.0
2.9604,-4.32219,0.0
2.9604,-4.26298,0.0
2.9604,-4.20377,0.0
2.9604,-4.14456,0.0
2.9604,-4.08536,0.0
2.9604,-4.02615,0.0
2.9604,-3.96694,0.0
2.9604,-3.90773,0.0
2.9604,-3.84852,0.0
2.9604,-3.78932,0.0
2.9604,-3.73011,0.0
2.9604,-3.6709,0.0
2.9604,-3.61169,0.0
2.9604,-3.55248,0.0
2.9604,-3.49328,0.0
2.9604,-3.43407,0.0
2.9604,-3.37486,0.0
2.9604,-3.31565,0.0
2.9604,-3.25644,0.0
2.9604,-3.19724,0.0
2.9604,-3.13803,0.0
2.9604,-3.07882,0.0
2.9604,-3.01961,0.0
2.9604,-2.9604,0.0
2.9604,-2.9012,0.0
2.9604,-2.84199,0.0
2.9604,-2.78278,0.0
2.9604,-2.72357,0.0
2.9604,-2.66436,0.0
2.9604,-2.60515,0.0
2.9604,-2.54595,0.0
2.9604,-2.48674,0.0
2.9604,-2.42753,0.0
2.9604,-2.36832,0.0
2.9604,-2.30911,0.0
2.9604,-2.24991,0.0
2.9604,-2.1907,0.0
2.9604,-2.13149,0.0
2.9604,-2.07228,0.0
2.9604,-2.01307,0.0
2.9604,-1.95387,0.0
2.9604,-1.89466,0.0
2.9604,-1.83545,0.0
2.9604,-1.77624,0.0
2.9604,-1.71703,0.0
2.9604,-1.65783,0.0
2.9604,-1.59862,0.0
2.9604,-1.53941,0.0
2.9604,-1.4802,0.0
2.9604,-1.42099,0.0
2.9604,-1.36179,0.0
2.9604,-1.30258,0.0
2.9604,-1.24337,0.0
2.9604,-1.18416,0.0
2.9604,-1.12495,0.0
2.9604,-1.06575,0.0
2.9604,-1.00654,0.0
2.9604,-0.94733,0.0
2.9604,-0.88812,0.0
2.9604,-0.82891,0.0
2.9604,-0.7697,0.0
2.9604,-0.7105,0.0
2.9604,-0.65129,0.0
2.9604,-0.59208,0.0
2.9604,-0.53287,0.0
2.9604,-0.47366,0.0
2.9604,-0.41446,0.0
2.9604,-0.35525,0.0
2.9604,-0.29604,0.0
2.9604,-0.23683,0.0
2.9604,-0.17762,0.0
2.9604,-0.11842,0.0
2.9604,-0.05921,0.0
2.9604,0,0.0
2.9604,0.05921,0.0
2.9604,0.11842,0.0
2.9604,0.17762,0.0
2.9604,0.23683,0.0
2.9604,0.29604,0.0
2.9604,0.35525,0.0
2.9604,0.41446,0.0
2.9604,0.47366,0.0
2.9604,0.53287,0.0
2.9604,0.59208,0.0
2.9604,0.65129,0.0
2.9604,0.7105,0.0
2.9604,0.7697,0.0
2.9604,0.82891,0.0
2.9604,0.88812,0.0
2.9604,0.94733,0.0
2.9604,1.00654,0.0
2.9604,1.06575,0.0
2.9604,1.12495,0.0
2.9604,1.18416,0.0
2.9604,1.24337,0.0
2.9604,1.30258,0.0
2.9604,1.36179,0.0
2.9604,1.42099,0.0
2.9604,1.4802,0.0
2.9604,1.53941,0.0
2.9604,1.59862,0.0
2.9604,1.65783,0.0
2.9604,1.71703,0.0
2.9604,1.77624,0.0
2.9604,1.83545,0.0
2.9604,1.89466,0.0
2.9604,1.95387,0.0
2.9604,2.01307,0.0
2.9604,2.07228,0.0
2.9604,2.13149,0.0
2.9604,2.1907,0.0
2.9604,2.24991,0.0
2.9604,2.30911,0.0
2.9604,2.36832,0.0
2.9604,2.42753,0.0
2.9604,2.48674,0.0
2.9604,2.54595,0.0
2.9604,2.60515,0.0
2.9604,2.66436,0.0
2.9604,2.72357,0.0
2.9604,2.78278,0.0
2.9604,2.84199,0.0
2.9604,2.9012,0.0
2.9604,2.9604,0.0
2.9604,3.01961,0.0
2.9604,3.07882,0.0
2.9604,3.13803,0.0
2.9604,3.19724,0.0
2.9604,3.25644,0.0
2.9604,3.31565,0.0
2.9604,3.37486,0.0
2.9604,3.43407,0.0
2.9604,3.49328,0.0
2.9604,3.55248,0.0
2.9604,3.61169,0.0
2.9604,3.6709,0.0
2.9604,3.73011,0.0
2.9604,3.78932,0.0
2.9604,3.84852,0.0
2.9604,3.90773,0.0
2.9604,3.96694,0.0
2.9604,4.02615,0.0
2.9604,4.08536,0.0
2.9604,4.14456,0.0
2.9604,4.20377,0.0
2.9604,4.26298,0.0
2.9604,4.32219,0.0
2.9604,4.3814,0.0
2.9604,4.4406,0.0
2.9604,4.49981,0.0
2.9604,4.55902,0.0
2.9604,4.61823,0.0
2.9604,4.67744,0.0
2.9604,4.73665,0.0
2.9604,4.79585,0.0
2.9604,4.85506,0.0
2.9604,4.91427,0.0
2.9604,4.97348,0.0
3.01961,-4.91427,0.0
3.01961,-4.85506,0.0
3.01961,-4.79585,0.0
3.01961,-4.73665,0.0
3.01961,-4.67744,0.0
3.01961,-4.61823,0.0
3.01961,-4.55902,0.0
3.01961,-4.49981,0.0
3.01961,-4.4406,0.0
3.01961,-4.3814,0.0
3.01961,-4.32219,0.0
3.01961,-4.26298,0.0
3.01961,-4.20377,0.0
3.01961,-4.14456,0.0
3.01961,-4.08536,0.0
3.01961,-4.02615,0.0
3.01961,-3.96694,0.0
3.01961,-3.90773,0.0
3.01961,-3.84852,0.0
3.01961,-3.78932,0.0
3.01961,-3.73011,0.0
3.01961,-3.6709,0.0
3.01961,-3.61169,0.0
3.01961,-3.55248,0.0
3.01961,-3.49328,0.0
3.01961,-3.43407,0.0
3.01961,-3.37486,0.0
3.01961,-3.31565,0.0
3.01961,-3.25644,0.0
3.01961,-3.19724,0.0
3.01961,-3.13803,0.0
3.01961,-3.07882,0.0
3.01961,-3.01961,0.0
3.01961,-2.9604,0.0
3.01961,-2.9012,0.0
3.01961,-2.84199,0.0
3.01961,-2.78278,0.0
3.01961,-2.72357,0.0
3.01961,-2.66436,0.0
3.01961,-2.60515,0.0
3.01961,-2.54595,0.0
3.01961,-2.48674,0.0
3.01961,-2.42753,0.0
3.01961,-2.36832,0.0
3.01961,-2.30911,0.0
3.01961,-2.24991,0.0
3.01961,-2.1907,0.0
3.01961,-2.13149,0.0
3.01961,-2.07228,0.0
3.01961,-2.01307,0.0
3.01961,-1.95387,0.0
3.01961,-1.89466,0.0
3.01961,-1.83545,0.0
3.01961,-1.77624,0.0
3.01961,-1.71703,0.0
3.01961,-1.65783,0.0
3.01961,-1.59862,0.0
3.01961,-1.53941,0.0
3.01961,-1.4802,0.0
3.01961,-1.42099,0.0
3.01961,-1.36179,0.0
3.01961,-1.30258,0.0
3.01961,-1.24337,0.0
3.01961,-1.18416,0.0
3.01961,-1.12495,0.0
3.01961,-1.06575,0.0
3.01961,-1.00654,0.0
3.01961,-0.94733,0.0
3.01961,-0.88812,0.0
3.01961,-0.82891,0.0
3.01961,-0.7697,0.0
3.01961,-0.7105,0.0
3.01961,-0.65129,0.0
3.01961,-0.59208,0.0
3.01961,-0.53287,0.0
3.01961,-0.47366,0.0
3.01961,-0.41446,0.0
3.01961,-0.35525,0.0
3.01961,-0.29604,0.0
3.01961,-0.23683,0.0
3.01961,-0.17762,0.0
3.01961,-0.11842,0.0
3.01961,-0.05921,0.0
3.01961,0,0.0
3.01961,0.05921,0.0
3.01961,0.11842,0.0
3.01961,0.17762,0.0
3.01961,0.23683,0.0
3.01961,0.29604,0.0
3.01961,0.35525,0.0
3.01961,0.41446,0.0
3.01961,0.47366,0.0
3.01961,0.53287,0.0
3.01961,0.59208,0.0
3.01961,0.65129,0.0
3.01961,0.7105,0.0
3.01961,0.7697,0.0
3.01961,0.82891,0.0
3.01961,0.88812,0.0
3.01961,0.94733,0.0
3.01961,1.00654,0.0
3.01961,1.06575,0.0
3.01961,1.12495,0.0
3.01961,1.18416,0.0
3.01961,1.24337,0.0
3.01961,1.30258,0.0
3.01961,1.36179,0.0
3.01961,1.42099,0.0
3.01961,1.4802,0.0
3.01961,1.53941,0.0
3.01961,1.59862,0.0
3.01961,1.65783,0.0
3.01961,1.71703,0.0
3.01961,1.77624,0.0
3.01961,1.83545,0.0
3.01961,1.89466,0.0
3.01961,1.95387,0.0
3.01961,2.01307,0.0
3.01961,2.07228,0.0
3.01961,2.13149,0.0
3.01961,2.1907,0.0
3.01961,2.24991,0.0
3.01961,2.30911,0.0
3.01961,2.36832,0.0
3.01961,2.42753,0.0
3.01961,2.48674,0.0
3.01961,2.54595,0.0
3.01961,2.60515,0.0
3.01961,2.66436,0.0
3.01961,2.72357,0.0
3.01961,2.78278,0.0
3.01961,2.84199,0.0
3.01961,2.9012,0.0
3.01961,2.9604,0.0
3.01961,3.01961,0.0
3.01961,3.07882,0.0
3.01961,3.13803,0.0
3.01961,3.19724,0.0
3.01961,3.25644,0.0
3.01961,3.31565,0.0
3.01961,3.37486,0.0
3.01961,3.43407,0.0
3.01961,3.49328,0.0
3.01961,3.55248,0.0
3.01961,3.61169,0.0
3.01961,3.6709,0.0
3.01961,3.73011,0.0
3.01961,3.78932,0.0
3.01961,3.84852,0.0
3.01961,3.90773,0.0
3.01961,3.96694,0.0
3.01961,4.02615,0.0
3.01961,4.08536,0.0
3.01961,4.14456,0.0
3.01961,4.20377,0.0
3.01961,4.26298,0.0
3.01961,4.32219,0.0
3.01961,4.3814,0.0
3.01961,4.4406,0.0
3.01961,4.49981,0.0
3.01961,4.55902,0.0
3.01961,4.61823,0.0
3.01961,4.67744,0.0
3.01961,4.73665,0.0
3.01961,4.79585,0.0
3.01961,4.85506,0.0
3.01961,4.91427,0.0
3.07882,-4.91427,0.0
3.07882,-4.85506,0.0
3.07882,-4.79585,0.0
3.07882,-4.73665,0.0
3.07882,-4.67744,0.0
3.07882,-4.61823,0.0
3.07882,-4.55902,0.0
3.07882,-4.49981,0.0
3.07882,-4.4406,0.0
3.07882,-4.3814,0.0
3.07882,-4.32219,0.0
3.07882,-4.26298,0.0
3.07882,-4.20377,0.0
3.07882,-4.14456,0.0
3.07882,-4.08536,0.0
3.07882,-4.02615,0.0
3.07882,-3.96694,0.0
3.07882,-3.90773,0.0
3.07882,-3.84852,0.0
3.07882,-3.78932,0.0
3.07882,-3.73011,0.0
3.07882,-3.6709,0.0
3.07882,-3.61169,0.0
3.07882,-3.55248,0.0
3.07882,-3.49328,0.0
3.07882,-3.43407,0.0
3.07882,-3.37486,0.0
3.07882,-3.31565,0.0
3.07882,-3.25644,0.0
3.07882,-3.19724,0.0
3.07882,-3.13803,0.0
3.07882,-3.07882,0.0
3.07882,-3.01961,0.0
3.07882,-2.9604,0.0
3.07882,-2.9012,0.0
3.07882,-2.84199,0.0
3.07882,-2.78278,0.0
3.07882,-2.72357,0.0
3.07882,-2.66436,0.0
3.07882,-2.60515,0.0
3.07882,-2.54595,0.0
3.07882,-2.48674,0.0
3.07882,-2.42753,0.0
3.07882,-2.36832,0.0
3.07882,-2.30911,0.0
3.07882,-2.24991,0.0
3.07882,-2.1907,0.0
3.07882,-2.13149,0.0
3.07882,-2.07228,0.0
3.07882,-2.01307,0.0
3.07882,-1.95387,0.0
3.07882,-1.89466,0.0
3.07882,-1.83545,0.0
3.07882,-1.77624,0.0
3.07882,-1.71703,0.0
3.07882,-1.65783,0.0
3.07882,-1.59862,0.0
3.07882,-1.53941,0.0
3.07882,-1.4802,0.0
3.07882,-1.42099,0.0
3.07882,-1.36179,0.0
3.07882,-1.30258,0.0
3.07882,-1.24337,0.0
3.07882,-1.18416,0.0
3.07882,-1.12495,0.0
3.07882,-1.06575,0.0
3.07882,-1.00654,0.0
3.07882,-0.94733,0.0
3.07882,-0.88812,0.0
3.07882,-0.82891,0.0
3.07882,-0.7697,0.0
3.07882,-0.7105,0.0
3.07882,-0.65129,0.0
3.07882,-0.59208,0.0
3.07882,-0.53287,0.0
3.07882,-0.47366,0.0
3.07882,-0.41446,0.0
3.07882,-0.35525,0.0
3.07882,-0.29604,0.0
3.07882,-0.23683,0.0
3.07882,-0.17762,0.0
3.07882,-0.11842,0.0
3.07882,-0.05921,0.0
3.07882,0,0.0
3.07882,0.05921,0.0
3.07882,0.11842,0.0
3.07882,0.17762,0.0
3.07882,0.23683,0.0
3.07882,0.29604,0.0
3.07882,0.35525,0.0
3.07882,0.41446,0.0
3.07882,0.47366,0.0
3.07882,0.53287,0.0
3.07882,0.59208,0.0
3.07882,0.65129,0.0
3.07882,0.7105,0.0
3.07882,0.7697,0.0
3.07882,0.82891,0.0
3.07882,0.88812,0.0
3.07882,0.94733,0.0
3.07882,1.00654,0.0
3.07882,1.06575,0.0
3.07882,1.12495,0.0
3.07882,1.18416,0.0
3.07882,1.24337,0.0
3.07882,1.30258,0.0
3.07882,1.36179,0.0
3.07882,1.42099,0.0
3.07882,1.4802,0.0
3.07882,1.53941,0.0
3.07882,1.59862,0.0
3.07882,1.65783,0.0
3.07882,1.71703,0.0
3.07882,1.77624,0.0
3.07882,1.83545,0.0
3.07882,1.89466,0.0
3.07882,1.95387,0.0
3.07882,2.01307,0.0
3.07882,2.07228,0.0
3.07882,2.13149,0.0
3.07882,2.1907,0.0
3.07882,2.24991,0.0
3.07882,2.30911,0.0
3.07882,2.36832,0.0
3.07882,2.42753,0.0
3.07882,2.48674,0.0
3.07882,2.54595,0.0
3.07882,2.60515,0.0
3.07882,2.66436,0.0
3.07882,2.72357,0.0
3.07882,2.78278,0.0
3.07882,2.84199,0.0
3.07882,2.9012,0.0
3.07882,2.9604,0.0
3.07882,3.01961,0.0
3.07882,3.07882,0.0
3.07882,3.13803,0.0
3.07882,3.19724,0.0
3.07882,3.25644,0.0
3.07882,3.31565,0.0
3.07882,3.37486,0.0
3.07882,3.43407,0.0
3.07882,3.49328,0.0
3.07882,3.55248,0.0
3.07882,3.61169,0.0
3.07882,3.6709,0.0
3.07882,3.73011,0.0
3.07882,3.78932,0.0
3.07882,3.84852,0.0
3.07882,3.90773,0.0
3.07882,3.96694,0.0
3.07882,4.02615,0.0
3.07882,4.08536,0.0
3.07882,4.14456,0.0
3.07882,4.20377,0.0
3.07882,4.26298,0.0
3.07882,4.32219,0.0
3.07882,4.3814,0.0
3.07882,4.4406,0.0
3.07882,4.49981,0.0
3.07882,4.55902,0.0
3.07882,4.61823,0.0
3.07882,4.67744,0.0
3.07882,4.73665,0.0
3.07882,4.79585,0.0
3.07882,4.85506,0.0
3.07882,4.91427,0.0
3.13803,-4.85506,0.0
3.13803,-4.79585,0.0
3.13803,-4.73665,0.0
3.13803,-4.67744,0.0
3.13803,-4.61823,0.0
3.13803,-4.55902,0.0
3.13803,-4.49981,0.0
3.13803,-4.4406,0.0
3.13803,-4.3814,0.0
3.13803,-4.32219,0.0
3.13803,-4.26298,0.0
3.13803,-4.20377,0.0
3.13803,-4.14456,0.0
3.13803,-4.08536,0.0
3.13803,-4.02615,0.0
3.13803,-3.96694,0.0
3.13803,-3.90773,0.0
3.13803,-3.84852,0.0
3.13803,-3.78932,0.0
3.13803,-3.73011,0.0
3.13803,-3.6709,0.0
3.13803,-3.61169,0.0
3.13803,-3.55248,0.0
3.13803,-3.49328,0.0
3.13803,-3.43407,0.0
3.13803,-3.37486,0.0
3.13803,-3.31565,0.0
3.13803,-3.25644,0.0
3.13803,-3.19724,0.0
3.13803,-3.13803,0.0
3.13803,-3.07882,0.0
3.13803,-3.01961,0.0
3.13803,-2.9604,0.0
3.13803,-2.9012,0.0
3.13803,-2.84199,0.0
3.13803,-2.78278,0.0
3.13803,-2.72357,0.0
3.13803,-2.66436,0.0
3.13803,-2.60515,0.0
3.13803,-2.54595,0.0
3.13803,-2.48674,0.0
3.13803,-2.42753,0.0
3.13803,-2.36832,0.0
3.13803,-2.30911,0.0
3.13803,-2.24991,0.0
3.13803,-2.1907,0.0
3.13803,-2.13149,0.0
3.13803,-2.07228,0.0
3.13803,-2.01307,0.0
3.13803,-1.95387,0.0
3.13803,-1.89466,0.0
3.13803,-1.83545,0.0
3.13803,-1.77624,0.0
3.13803,-1.71703,0.0
3.13803,-1.65783,0.0
3.13803,-1.59862,0.0
3.13803,-1.53941,0.0
3.13803,-1.4802,0.0
3.13803,-1.42099,0.0
3.13803,-1.36179,0.0
3.13803,-1.30258,0.0
3.13803,-1.24337,0.0
3.13803,-1.18416,0.0
3.13803,-1.12495,0.0
3.13803,-1.06575,0.0
3.13803,-1.00654,0.0
3.13803,-0.94733,0.0
3.13803,-0.88812,0.0
3.13803,-0.82891,0.0
3.13803,-0.7697,0.0
3.13803,-0.7105,0.0
3.13803,-0.65129,0.0
3.13803,-0.59208,0.0
3.13803,-0.53287,0.0
3.13803,-0.47366,0.0
3.13803,-0.41446,0.0
3.13803,-0.35525,0.0
3.13803,-0.29604,0.0
3.13803,-0.23683,0.0
3.13803,-0.17762,0.0
3.13803,-0.11842,0.0
3.13803,-0.05921,0.0
3.13803,0,0.0
3.13803,0.05921,0.0
3.13803,0.11842,0.0
3.13803,0.17762,0.0
3.13803,0.23683,0.0
3.13803,0.29604,0.0
3.13803,0.35525,0.0
3.13803,0.41446,0.0
3.13803,0.47366,0.0
3.13803,0.53287,0.0
3.13803,0.59208,0.0
3.13803,0.65129,0.0
3.13803,0.7105,0.0
3.13803,0.7697,0.0
3.13803,0.82891,0.0
3.13803,0.88812,0.0
3.13803,0.94733,0.0
3.13803,1.00654,0.0
3.13803,1.06575,0.0
3.13803,1.12495,0.0
3.13803,1.18416,0.0
3.13803,1.24337,0.0
3.13803,1.30258,0.0
3.13803,1.36179,0.0
3.13803,1.42099,0.0
3.13803,1.4802,0.0
3.13803,1.53941,0.0
3.13803,1.59862,0.0
3.13803,1.65783,0.0
3.13803,1.71703,0.0
3.13803,1.77624,0.0
3.13803,1.83545,0.0
3.13803,1.89466,0.0
3.13803,1.95387,0.0
3.13803,2.01307,0.0
3.13803,2.07228,0.0
3.13803,2.13149,0.0
3.13803,2.1907,0.0
3.13803,2.24991,0.0
3.13803,2.30911,0.0
3.13803,2.36832,0.0
3.13803,2.42753,0.0
3.13803,2.48674,0.0
3.13803,2.54595,0.0
3.13803,2.60515,0.0
3.13803,2.66436,0.0
3.13803,2.72357,0.0
3.13803,2.78278,0.0
3.13803,2.84199,0.0
3.13803,2.9012,0.0
3.13803,2.9604,0.0
3.13803,3.01961,0.0
3.13803,3.07882,0.0
3.13803,3.13803,0.0
3.13803,3.19724,0.0
3.13803,3.25644,0.0
3.13803,3.31565,0.0
3.13803,3.37486,0.0
3.13803,3.43407,0.0
3.13803,3.49328,0.0
3.13803,3.55248,0.0
3.13803,3.61169,0.0
3.13803,3.6709,0.0
3.13803,3.73011,0.0
3.13803,3.78932,0.0
3.13803,3.84852,0.0
3.13803,3.90773,0.0
3.13803,3.96694,0.0
3.13803,4.02615,0.0
3.13803,4.08536,0.0
3.13803,4.14456,0.0
3.13803,4.20377,0.0
3.13803,4.26298,0.0
3.13803,4.32219,0.0
3.13803,4.3814,0.0
3.13803,4.4406,0.0
3.13803,4.49981,0.0
3.13803,4.55902,0.0
3.13803,4.61823,0.0
3.13803,4.67744,0.0
3.13803,4.73665,0.0
3.13803,4.79585,0.0
3.13803,4.85506,0.0
3.19724,-4.79585,0.0
3.19724,-4.73665,0.0
3.19724,-4.67744,0.0
3.19724,-4.61823,0.0
3.19724,-4.55902,0.0
3.19724,-4.49981,0.0
3.19724,-4.4406,0.0
3.19724,-4.3814,0.0
3.19724,-4.32219,0.0
3.19724,-4.26298,0.0
3.19724,-4.20377,0.0
3.19724,-4.14456,0.0
3.19724,-4.08536,0.0
3.19724,-4.02615,0.0
3.19724,-3.96694,0.0
3.19724,-3.90773,0.0
3.19724,-3.84852,0.0
3.19724,-3.78932,0.0
3.19724,-3.73011,0.0
3.19724,-3.6709,0.0
3.19724,-3.61169,0.0
3.19724,-3.55248,0.0
3.19724,-3.49328,0.0
3.19724,-3.43407,0.0
3.19724,-3.37486,0.0
3.19724,-3.31565,0.0
3.19724,-3.25644,0.0
3.19724,-3.19724,0.0
3.19724,-3.13803,0.0
3.19724,-3.07882,0.0
3.19724,-3.01961,0.0
3.19724,-2.9604,0.0
3.19724,-2.9012,0.0
3.19724,-2.84199,0.0
3.19724,-2.78278,0.0
3.19724,-2.72357,0.0
3.19724,-2.66436,0.0
3.19724,-2.60515,0.0
3.19724,-2.54595,0.0
3.19724,-2.48674,0.0
3.19724,-2.42753,0.0
3.19724,-2.36832,0.0
3.19724,-2.30911,0.0
3.19724,-2.24991,0.0
3.19724,-2.1907,0.0
3.19724,-2.13149,0.0
3.19724,-2.07228,0.0
3.19724,-2.01307,0.0
3.19724,-1.95387,0.0
3.19724,-1.89466,0.0
3.19724,-1.83545,0.0
3.19724,-1.77624,0.0
3.19724,-1.71703,0.0
3.19724,-1.65783,0.0
3.19724,-1.59862,0.0
3.19724,-1.53941,0.0
3.19724,-1.4802,0.0
3.19724,-1.42099,0.0
3.19724,-1.36179,0.0
3.19724,-1.30258,0.0
3.19724,-1.24337,0.0
3.19724,-1.18416,0.0
3.19724,-1.12495,0.0
3.19724,-1.06575,0.0
3.19724,-1.00654,0.0
3.19724,-0.94733,0.0
3.19724,-0.88812,0.0
3.19724,-0.82891,0.0
3.19724,-0.7697,0.0
3.19724,-0.7105,0.0
3.19724,-0.65129,0.0
3.19724,-0.59208,0.0
3.19724,-0.53287,0.0
3.19724,-0.47366,0.0
3.19724,-0.41446,0.0
3.19724,-0.35525,0.0
3.19724,-0.29604,0.0
3.19724,-0.23683,0.0
3.19724,-0.17762,0.0
3.19724,-0.11842,0.0
3.19724,-0.05921,0.0
3.19724,0,0.0
3.19724,0.05921,0.0
3.19724,0.11842,0.0
3.19724,0.17762,0.0
3.19724,0.23683,0.0
3.19724,0.29604,0.0
3.19724,0.35525,0.0
3.19724,0.41446,0.0
3.19724,0.47366,0.0
3.19724,0.53287,0.0
3.19724,0.59208,0.0
3.19724,0.65129,0.0
3.19724,0.7105,0.0
3.19724,0.7697,0.0
3.19724,0.82891,0.0
3.19724,0.88812,0.0
3.19724,0.94733,0.0
3.19724,1.00654,0.0
3.19724,1.06575,0.0
3.19724,1.12495,0.0
3.19724,1.18416,0.0
3.19724,1.24337,0.0
3.19724,1.30258,0.0
3.19724,1.36179,0.0
3.19724,1.42099,0.0
3.19724,1.4802,0.0
3.19724,1.53941,0.0
3.19724,1.59862,0.0
3.19724,1.65783,0.0
3.19724,1.71703,0.0
3.19724,1.77624,0.0
3.19724,1.83545,0.0
3.19724,1.89466,0.0
3.19724,1.95387,0.0
3.19724,2.01307,0.0
3.19724,2.07228,0.0
3.19724,2.13149,0.0
3.19724,2.1907,0.0
3.19724,2.24991,0.0
3.19724,2.30911,0.0
3.19724,2.36832,0.0
3.19724,2.42753,0.0
3.19724,2.48674,0.0
3.19724,2.54595,0.0
3.19724,2.60515,0.0
3.19724,2.66436,0.0
3.19724,2.72357,0.0
3.19724,2.78278,0.0
3.19724,2.84199,0.0
3.19724,2.9012,0.0
3.19724,2.9604,0.0
3.19724,3.01961,0.0
3.19724,3.07882,0.0
3.19724,3.13803,0.0
3.19724,3.19724,0.0
3.19724,3.25644,0.0
3.19724,3.31565,0.0
3.19724,3.37486,0.0
3.19724,3.43407,0.0
3.19724,3.49328,0.0
3.19724,3.55248,0.0
3.19724,3.61169,0.0
3.19724,3.6709,0.0
3.19724,3.73011,0.0
3.19724,3.78932,0.0
3.19724,3.84852,0.0
3.19724,3.90773,0.0
3.19724,3.96694,0.0
3.19724,4.02615,0.0
3.19724,4.08536,0.0
3.19724,4.14456,0.0
3.19724,4.20377,0.0
3.19724,4.26298,0.0
3.19724,4.32219,0.0
3.19724,4.3814,0.0
3.19724,4.4406,0.0
3.19724,4.49981,0.0
3.19724,4.55902,0.0
3.19724,4.61823,0.0
3.19724,4.67744,0.0
3.19724,4.73665,0.0
3.19724,4.79585,0.0
3.25644,-4.79585,0.0
3.25644,-4.73665,0.0
3.25644,-4.67744,0.0
3.25644,-4.61823,0.0
3.25644,-4.55902,0.0
3.25644,-4.49981,0.0
3.25644,-4.4406,0.0
3.25644,-4.3814,0.0
3.25644,-4.32219,0.0
3.25644,-4.26298,0.0
3.25644,-4.20377,0.0
3.25644,-4.14456,0.0
3.25644,-4.08536,0.0
3.25644,-4.02615,0.0
3.25644,-3.96694,0.0
3.25644,-3.90773,0.0
3.25644,-3.84852,0.0
3.25644,-3.78932,0.0
3.25644,-3.73011,0.0
3.25644,-3.6709,0.0
3.25644,-3.61169,0.0
3.25644,-3.55248,0.0
3.25644,-3.49328,0.0
3.25644,-3.43407,0.0
3.25644,-3.37486,0.0
3.25644,-3.31565,0.0
3.25644,-3.25644,0.0
3.25644,-3.19724,0.0
3.25644,-3.13803,0.0
3.25644,-3.07882,0.0
3.25644,-3.01961,0.0
3.25644,-2.9604,0.0
3.25644,-2.9012,0.0
3.25644,-2.84199,0.0
3.25644,-2.78278,0.0
3.25644,-2.72357,0.0
3.25644,-2.66436,0.0
3.25644,-2.60515,0.0
3.25644,-2.54595,0.0
3.25644,-2.48674,0.0
3.25644,-2.42753,0.0
3.25644,-2.36832,0.0
3.25644,-2.30911,0.0
3.25644,-2.24991,0.0
3.25644,-2.1907,0.0
3.25644,-2.13149,0.0
3.25644,-2.07228,0.0
3.25644,-2.01307,0.0
3.25644,-1.95387,0.0
3.25644,-1.89466,0.0
3.25644,-1.83545,0.0
3.25644,-1.77624,0.0
3.25644,-1.71703,0.0
3.25644,-1.65783,0.0
3.25644,-1.59862,0.0
3.25644,-1.53941,0.0
3.25644,-1.4802,0.0
3.25644,-1.42099,0.0
3.25644,-1.36179,0.0
3.25644,-1.30258,0.0
3.25644,-1.24337,0.0
3.25644,-1.18416,0.0
3.25644,-1.12495,0.0
3.25644,-1.06575,0.0
3.25644,-1.00654,0.0
3.25644,-0.94733,0.0
3.25644,-0.88812,0.0
3.25644,-0.82891,0.0
3.25644,-0.7697,0.0
3.25644,-0.7105,0.0
3.25644,-0.65129,0.0
3.25644,-0.59208,0.0
3.25644,-0.53287,0.0
3.25644,-0.47366,0.0
3.25644,-0.41446,0.0
3.25644,-0.35525,0.0
3.25644,-0.29604,0.0
3.25644,-0.23683,0.0
3.25644,-0.17762,0.0
3.25644,-0.11842,0.0
3.25644,-0.05921,0.0
3.25644,0,0.0
3.25644,0.05921,0.0
3.25644,0.11842,0.0
3.25644,0.17762,0.0
3.25644,0.23683,0.0
3.25644,0.29604,0.0
3.25644,0.35525,0.0
3.25644,0.41446,0.0
3.25644,0.47366,0.0
3.25644,0.53287,0.0
3.25644,0.59208,0.0
3.25644,0.65129,0.0
3.25644,0.7105,0.0
3.25644,0.7697,0.0
3.25644,0.82891,0.0
3.25644,0.88812,0.0
3.25644,0.94733,0.0
3.25644,1.00654,0.0
3.25644,1.06575,0.0
3.25644,1.12495,0.0
3.25644,1.18416,0.0
3.25644,1.24337,0.0
3.25644,1.30258,0.0
3.25644,1.36179,0.0
3.25644,1.42099,0.0
3.25644,1.4802,0.0
3.25644,1.53941,0.0
3.25644,1.59862,0.0
3.25644,1.65783,0.0
3.25644,1.71703,0.0
3.25644,1.77624,0.0
3.25644,1.83545,0.0
3.25644,1.89466,0.0
3.25644,1.95387,0.0
3.25644,2.01307,0.0
3.25644,2.07228,0.0
3.25644,2.13149,0.0
3.25644,2.1907,0.0
3.25644,2.24991,0.0
3.25644,2.30911,0.0
3.25644,2.36832,0.0
3.25644,2.42753,0.0
3.25644,2.48674,0.0
3.25644,2.54595,0.0
3.25644,2.60515,0.0
3.25644,2.66436,0.0
3.25644,2.72357,0.0
3.25644,2.78278,0.0
3.25644,2.84199,0.0
3.25644,2.9012,0.0
3.25644,2.9604,0.0
3.25644,3.01961,0.0
3.25644,3.07882,0.0
3.25644,3.13803,0.0
3.25644,3.19724,0.0
3.25644,3.25644,0.0
3.25644,3.31565,0.0
3.25644,3.37486,0.0
3.25644,3.43407,0.0
3.25644,3.49328,0.0
3.25644,3.55248,0.0
3.25644,3.61169,0.0
3.25644,3.6709,0.0
3.25644,3.73011,0.0
3.25644,3.78932,0.0
3.25644,3.84852,0.0
3.25644,3.90773,0.0
3.25644,3.96694,0.0
3.25644,4.02615,0.0
3.25644,4.08536,0.0
3.25644,4.14456,0.0
3.25644,4.20377,0.0
3.25644,4.26298,0.0
3.25644,4.32219,0.0
3.25644,4.3814,0.0
3.25644,4.4406,0.0
3.25644,4.49981,0.0
3.25644,4.55902,0.0
3.25644,4.61823,0.0
3.25644,4.67744,0.0
3.25644,4.73665,0.0
3.25644,4.79585,0.0
3.31565,-4.73665,0.0
3.31565,-4.67744,0.0
3.31565,-4.61823,0.0
3.31565,-4.55902,0.0
3.31565,-4.49981,0.0
3.31565,-4.4406,0.0
3.31565,-4.3814,0.0
3.31565,-4.32219,0.0
3.31565,-4.26298,0.0
3.31565,-4.20377,0.0
3.31565,-4.14456,0.0
3.31565,-4.08536,0.0
3.31565,-4.02615,0.0
3.31565,-3.96694,0.0
3.31565,-3.90773,0.0
3.31565,-3.84852,0.0
3.31565,-3.78932,0.0
3.31565,-3.73011,0.0
3.31565,-3.6709,0.0
3.31565,-3.61169,0.0
3.31565,-3.55248,0.0
3.31565,-3.49328,0.0
3.31565,-3.43407,0.0
3.31565,-3.37486,0.0
3.31565,-3.31565,0.0
3.31565,-3.25644,0.0
3.31565,-3.19724,0.0
3.31565,-3.13803,0.0
3.31565,-3.07882,0.0
3.31565,-3.01961,0.0
3.31565,-2.9604,0.0
3.31565,-2.9012,0.0
3.31565,-2.84199,0.0
3.31565,-2.78278,0.0
3.31565,-2.72357,0.0
3.31565,-2.66436,0.0
3.31565,-2.60515,0.0
3.31565,-2.54595,0.0
3.31565,-2.48674,0.0
3.31565,-2.42753,0.0
3.31565,-2.36832,0.0
3.31565,-2.30911,0.0
3.31565,-2.24991,0.0
3.31565,-2.1907,0.0
3.31565,-2.13149,0.0
3.31565,-2.07228,0.0
3.31565,-2.01307,0.0
3.31565,-1.95387,0.0
3.31565,-1.89466,0.0
3.31565,-1.83545,0.0
3.31565,-1.77624,0.0
3.31565,-1.71703,0.0
3.31565,-1.65783,0.0
3.31565,-1.59862,0.0
3.31565,-1.53941,0.0
3.31565,-1.4802,0.0
3.31565,-1.42099,0.0
3.31565,-1.36179,0.0
3.31565,-1.30258,0.0
3.31565,-1.24337,0.0
3.31565,-1.18416,0.0
3.31565,-1.12495,0.0
3.31565,-1.06575,0.0
3.31565,-1.00654,0.0
3.31565,-0.94733,0.0
3.31565,-0.88812,0.0
3.31565,-0.82891,0.0
3.31565,-0.7697,0.0
3.31565,-0.7105,0.0
3.31565,-0.65129,0.0
3.31565,-0.59208,0.0
3.31565,-0.53287,0.0
3.31565,-0.47366,0.0
3.31565,-0.41446,0.0
3.31565,-0.35525,0.0
3.31565,-0.29604,0.0
3.31565,-0.23683,0.0
3.31565,-0.17762,0.0
3.31565,-0.11842,0.0
3.31565,-0.05921,0.0
3.31565,0,0.0
3.31565,0.05921,0.0
3.31565,0.11842,0.0
3.31565,0.17762,0.0
3.31565,0.23683,0.0
3.31565,0.29604,0.0
3.31565,0.35525,0.0
3.31565,0.41446,0.0
3.31565,0.47366,0.0
3.31565,0.53287,0.0
3.31565,0.59208,0.0
3.31565,0.65129,0.0
3.31565,0.7105,0.0
3.31565,0.7697,0.0
3.31565,0.82891,0.0
3.31565,0.88812,0.0
3.31565,0.94733,0.0
3.31565,1.00654,0.0
3.31565,1.06575,0.0
3.31565,1.12495,0.0
3.31565,1.18416,0.0
3.31565,1.24337,0.0
3.31565,1.30258,0.0
3.31565,1.36179,0.0
3.31565,1.42099,0.0
3.31565,1.4802,0.0
3.31565,1.53941,0.0
3.31565,1.59862,0.0
3.31565,1.65783,0.0
3.31565,1.71703,0.0
3.31565,1.77624,0.0
3.31565,1.83545,0.0
3.31565,1.89466,0.0
3.31565,1.95387,0.0
3.31565,2.01307,0.0
3.31565,2.07228,0.0
3.31565,2.13149,0.0
3.31565,2.1907,0.0
3.31565,2.24991,0.0
3.31565,2.30911,0.0
3.31565,2.36832,0.0
3.31565,2.42753,0.0
3.31565,2.48674,0.0
3.31565,2.54595,0.0
3.31565,2.60515,0.0
3.31565,2.66436,0.0
3.31565,2.72357,0.0
3.31565,2.78278,0.0
3.31565,2.84199,0.0
3.31565,2.9012,0.0
3.31565,2.9604,0.0
3.31565,3.01961,0.0
3.31565,3.07882,0.0
3.31565,3.13803,0.0
3.31565,3.19724,0.0
3.31565,3.25644,0.0
3.31565,3.31565,0.0
3.31565,3.37486,0.0
3.31565,3.43407,0.0
3.31565,3.49328,0.0
3.31565,3.55248,0.0
3.31565,3.61169,0.0
3.31565,3.6709,0.0
3.31565,3.73011,0.0
3.31565,3.78932,0.0
3.31565,3.84852,0.0
3.31565,3.90773,0.0
3.31565,3.96694,0.0
3.31565,4.02615,0.0
3.31565,4.08536,0.0
3.31565,4.14456,0.0
3.31565,4.20377,0.0
3.31565,4.26298,0.0
3.31565,4.32219,0.0
3.31565,4.3814,0.0
3.31565,4.4406,0.0
3.31565,4.49981,0.0
3.31565,4.55902,0.0
3.31565,4.61823,0.0
3.31565,4.67744,0.0
3.31565,4.73665,0.0
3.37486,-4.67744,0.0
3.37486,-4.61823,0.0
3.37486,-4.55902,0.0
3.37486,-4.49981,0.0
3.37486,-4.4406,0.0
3.37486,-4.3814,0.0
3.37486,-4.32219,0.0
3.37486,-4.26298,0.0
3.37486,-4.20377,0.0
3.37486,-4.14456,0.0
3.37486,-4.08536,0.0
3.37486,-4.02615,0.0
3.37486,-3.96694,0.0
3.37486,-3.90773,0.0
3.37486,-3.84852,0.0
3.37486,-3.78932,0.0
3.37486,-3.73011,0.0
3.37486,-3.6709,0.0
3.37486,-3.61169,0.0
3.37486,-3.55248,0.0
3.37486,-3.49328,0.0
3.37486,-3.43407,0.0
3.37486,-3.37486,0.0
3.37486,-3.31565,0.0
3.37486,-3.25644,0.0
3.37486,-3.19724,0.0
3.37486,-3.13803,0.0
3.37486,-3.07882,0.0
3.37486,-3.01961,0.0
3.37486,-2.9604,0.0
3.37486,-2.9012,0.0
3.37486,-2.84199,0.0
3.37486,-2.78278,0.0
3.37486,-2.72357,0.0
3.37486,-2.66436,0.0
3.37486,-2.60515,0.0
3.37486,-2.54595,0.0
3.37486,-2.48674,0.0
3.37486,-2.42753,0.0
3.37486,-2.36832,0.0
3.37486,-2.30911,0.0
3.37486,-2.24991,0.0
3.37486,-2.1907,0.0
3.37486,-2.13149,0.0
3.37486,-2.07228,0.0
3.37486,-2.01307,0.0
3.37486,-1.95387,0.0
3.37486,-1.89466,0.0
3.37486,-1.83545,0.0
3.37486,-1.77624,0.0
3.37486,-1.71703,0.0
3.37486,-1.65783,0.0
3.37486,-1.59862,0.0
3.37486,-1.53941,0.0
3.37486,-1.4802,0.0
3.37486,-1.42099,0.0
3.37486,-1.36179,0.0
3.37486,-1.30258,0.0
3.37486,-1.24337,0.0
3.37486,-1.18416,0.0
3.37486,-1.12495,0.0
3.37486,-1.06575,0.0
3.37486,-1.00654,0.0
3.37486,-0.94733,0.0
3.37486,-0.88812,0.0
3.37486,-0.82891,0.0
3.37486,-0.7697,0.0
3.37486,-0.7105,0.0
3.37486,-0.65129,0.0
3.37486,-0.59208,0.0
3.37486,-0.53287,0.0
3.37486,-0.47366,0.0
3.37486,-0.41446,0.0
3.37486,-0.35525,0.0
3.37486,-0.29604,0.0
3.37486,-0.23683,0.0
3.37486,-0.17762,0.0
3.37486,-0.11842,0.0
3.37486,-0.05921,0.0
3.37486,0,0.0
3.37486,0.05921,0.0
3.37486,0.11842,0.0
3.37486,0.17762,0.0
3.37486,0.23683,0.0
3.37486,0.29604,0.0
3.37486,0.35525,0.0
3.37486,0.41446,0.0
3.37486,0.47366,0.0
3.37486,0.53287,0.0
3.37486,0.59208,0.0
3.37486,0.65129,0.0
3.37486,0.7105,0.0
3.37486,0.7697,0.0
3.37486,0.82891,0.0
3.37486,0.88812,0.0
3.37486,0.94733,0.0
3.37486,1.00654,0.0
3.37486,1.06575,0.0
3.37486,1.12495,0.0
3.37486,1.18416,0.0
3.37486,1.24337,0.0
3.37486,1.30258,0.0
3.37486,1.36179,0.0
3.37486,1.42099,0.0
3.37486,1.4802,0.0
3.37486,1.53941,0.0
3.37486,1.59862,0.0
3.37486,1.65783,0.0
3.37486,1.71703,0.0
3.37486,1.77624,0.0
3.37486,1.83545,0.0
3.37486,1.89466,0.0
3.37486,1.95387,0.0
3.37486,2.01307,0.0
3.37486,2.07228,0.0
3.37486,2.13149,0.0
3.37486,2.1907,0.0
3.37486,2.24991,0.0
3.37486,2.30911,0.0
3.37486,2.36832,0.0
3.37486,2.42753,0.0
3.37486,2.48674,0.0
3.37486,2.54595,0.0
3.37486,2.60515,0.0
3.37486,2.66436,0.0
3.37486,2.72357,0.0
3.37486,2.78278,0.0
3.37486,2.84199,0.0
3.37486,2.9012,0.0
3.37486,2.9604,0.0
3.37486,3.01961,0.0
3.37486,3.07882,0.0
3.37486,3.13803,0.0
3.37486,3.19724,0.0
3.37486,3.25644,0.0
3.37486,3.31565,0.0
3.37486,3.37486,0.0
3.37486,3.43407,0.0
3.37486,3.49328,0.0
3.37486,3.55248,0.0
3.37486,3.61169,0.0
3.37486,3.6709,0.0
3.37486,3.73011,0.0
3.37486,3.78932,0.0
3.37486,3.84852,0.0
3.37486,3.90773,0.0
3.37486,3.96694,0.0
3.37486,4.02615,0.0
3.37486,4.08536,0.0
3.37486,4.14456,0.0
3.37486,4.20377,0.0
3.37486,4.26298,0.0
3.37486,4.32219,0.0
3.37486,4.3814,0.0
3.37486,4.4406,0.0
3.37486,4.49981,0.0
3.37486,4.55902,0.0
3.37486,4.61823,0.0
3.37486,4.67744,0.0
3.43407,-4.61823,0.0
3.43407,-4.55902,0.0
3.43407,-4.49981,0.0
3.43407,-4.4406,0.0
3.43407,-4.3814,0.0
3.43407,-4.32219,0.0
3.43407,-4.26298,0.0
3.43407,-4.20377,0.0
3.43407,-4.14456,0.0
3.43407,-4.08536,0.0
3.43407,-4.02615,0.0
3.43407,-3.96694,0.0
3.43407,-3.90773,0.0
3.43407,-3.84852,0.0
3.43407,-3.78932,0.0
3.43407,-3.73011,0.0
3.43407,-3.6709,0.0
3.43407,-3.61169,0.0
3.43407,-3.55248,0.0
3.43407,-3.49328,0.0
3.43407,-3.43407,0.0
3.43407,-3.37486,0.0
3.43407,-3.31565,0.0
3.43407,-3.25644,0.0
3.43407,-3.19724,0.0
3.43407,-3.13803,0.0
3.43407,-3.07882,0.0
3.43407,-3.01961,0.0
3.43407,-2.9604,0.0
3.43407,-2.9012,0.0
3.43407,-2.84199,0.0
3.43407,-2.78278,0.0
3.43407,-2.72357,0.0
3.43407,-2.66436,0.0
3.43407,-2.60515,0.0
3.43407,-2.54595,0.0
3.43407,-2.48674,0.0
3.43407,-2.42753,0.0
3.43407,-2.36832,0.0
3.43407,-2.30911,0.0
3.43407,-2.24991,0.0
3.43407,-2.1907,0.0
3.43407,-2.13149,0.0
3.43407,-2.07228,0.0
3.43407,-2.01307,0.0
3.43407,-1.95387,0.0
3.43407,-1.89466,0.0
3.43407,-1.83545,0.0
3.43407,-1.77624,0.0
3.43407,-1.71703,0.0
3.43407,-1.65783,0.0
3.43407,-1.59862,0.0
3.43407,-1.53941,0.0
3.43407,-1.4802,0.0
3.43407,-1.42099,0.0
3.43407,-1.36179,0.0
3.43407,-1.30258,0.0
3.43407,-1.24337,0.0
3.43407,-1.18416,0.0
3.43407,-1.12495,0.0
3.43407,-1.06575,0.0
3.43407,-1.00654,0.0
3.43407,-0.94733,0.0
3.43407,-0.88812,0.0
3.43407,-0.82891,0.0
3.43407,-0.7697,0.0
3.43407,-0.7105,0.0
3.43407,-0.65129,0.0
3.43407,-0.59208,0.0
3.43407,-0.53287,0.0
3.43407,-0.47366,0.0
3.43407,-0.41446,0.0
3.43407,-0.35525,0.0
3.43407,-0.29604,0.0
3.43407,-0.23683,0.0
3.43407,-0.17762,0.0
3.43407,-0.11842,0.0
3.43407,-0.05921,0.0
3.43407,0,0.0
3.43407,0.05921,0.0
3.43407,0.11842,0.0
3.43407,0.17762,0.0
3.43407,0.23683,0.0
3.43407,0.29604,0.0
3.43407,0.35525,0.0
3.43407,0.41446,0.0
3.43407,0.47366,0.0
3.43407,0.53287,0.0
3.43407,0.59208,0.0
3.43407,0.65129,0.0
3.43407,0.7105,0.0
3.43407,0.7697,0.0
3.43407,0.82891,0.0
3.43407,0.88812,0.0
3.43407,0.94733,0.0
3.43407,1.00654,0.0
3.43407,1.06575,0.0
3.43407,1.12495,0.0
3.43407,1.18416,0.0
3.43407,1.24337,0.0
3.43407,1.30258,0.0
3.43407,1.36179,0.0
3.43407,1.42099,0.0
3.43407,1.4802,0.0
3.43407,1.53941,0.0
3.43407,1.59862,0.0
3.43407,1.65783,0.0
3.43407,1.71703,0.0
3.43407,1.77624,0.0
3.43407,1.83545,0.0
3.43407,1.89466,0.0
3.43407,1.95387,0.0
3.43407,2.01307,0.0
3.43407,2.07228,0.0
3.43407,2.13149,0.0
3.43407,2.1907,0.0
3.43407,2.24991,0.0
3.43407,2.30911,0.0
3.43407,2.36832,0.0
3.43407,2.42753,0.0
3.43407,2.48674,0.0
3.43407,2.54595,0.0
3.43407,2.60515,0.0
3.43407,2.66436,0.0
3.43407,2.72357,0.0
3.43407,2.78278,0.0
3.43407,2.84199,0.0
3.43407,2.9012,0.0
3.43407,2.9604,0.0
3.43407,3.01961,0.0
3.43407,3.07882,0.0
3.43407,3.13803,0.0
3.43407,3.19724,0.0
3.43407,3.25644,0.0
3.43407,3.31565,0.0
3.43407,3.37486,0.0
3.43407,3.43407,0.0
3.43407,3.49328,0.0
3.43407,3.55248,0.0
3.43407,3.61169,0.0
3.43407,3.6709,0.0
3.43407,3.73011,0.0
3.43407,3.78932,0.0
3.43407,3.84852,0.0
3.43407,3.90773,0.0
3.43407,3.96694,0.0
3.43407,4.02615,0.0
3.43407,4.08536,0.0
3.43407,4.14456,0.0
3.43407,4.20377,0.0
3.43407,4.26298,0.0
3.43407,4.32219,0.0
3.43407,4.3814,0.0
3.43407,4.4406,0.0
3.43407,4.49981,0.0
3.43407,4.55902,0.0
3.43407,4.61823,0.0
3.49328,-4.61823,0.0
3.49328,-4.55902,0.0
3.49328,-4.49981,0.0
3.49328,-4.4406,0.0
3.49328,-4.3814,0.0
3.49328,-4.32219,0.0
3.49328,-4.26298,0.0
3.49328,-4.20377,0.0
3.49328,-4.14456,0.0
3.49328,-4.08536,0.0
3.49328,-4.02615,0.0
3.49328,-3.96694,0.0
3.49328,-3.90773,0.0
3.49328,-3.84852,0.0
3.49328,-3.78932,0.0
3.49328,-3.73011,0.0
3.49328,-3.6709,0.0
3.49328,-3.61169,0.0
3.49328,-3.55248,0.0
3.49328,-3.49328,0.0
3.49328,-3.43407,0.0
3.49328,-3.37486,0.0
3.49328,-3.31565,0.0
3.49328,-3.25644,0.0
3.49328,-3.19724,0.0
3.49328,-3.13803,0.0
3.49328,-3.07882,0.0
3.49328,-3.01961,0.0
3.49328,-2.9604,0.0
3.49328,-2.9012,0.0
3.49328,-2.84199,0.0
3.49328,-2.78278,0.0
3.49328,-2.72357,0.0
3.49328,-2.66436,0.0
3.49328,-2.60515,0.0
3.49328,-2.54595,0.0
3.49328,-2.48674,0.0
3.49328,-2.42753,0.0
3.49328,-2.36832,0.0
3.49328,-2.30911,0.0
3.49328,-2.24991,0.0
3.49328,-2.1907,0.0
3.49328,-2.13149,0.0
3.49328,-2.07228,0.0
3.49328,-2.01307,0.0
3.49328,-1.95387,0.0
3.49328,-1.89466,0.0
3.49328,-1.83545,0.0
3.49328,-1.77624,0.0
3.49328,-1.71703,0.0
3.49328,-1.65783,0.0
3.49328,-1.59862,0.0
3.49328,-1.53941,0.0
3.49328,-1.4802,0.0
3.49328,-1.42099,0.0
3.49328,-1.36179,0.0
3.49328,-1.30258,0.0
3.49328,-1.24337,0.0
3.49328,-1.18416,0.0
3.49328,-1.12495,0.0
3.49328,-1.06575,0.0
3.49328,-1.00654,0.0
3.49328,-0.94733,0.0
3.49328,-0.88812,0.0
3.49328,-0.82891,0.0
3.49328,-0.7697,0.0
3.49328,-0.7105,0.0
3.49328,-0.65129,0.0
3.49328,-0.59208,0.0
3.49328,-0.53287,0.0
3.49328,-0.47366,0.0
3.49328,-0.41446,0.0
3.49328,-0.35525,0.0
3.49328,-0.29604,0.0
3.49328,-0.23683,0.0
3.49328,-0.17762,0.0
3.49328,-0.11842,0.0
3.49328,-0.05921,0.0
3.49328,0,0.0
3.49328,0.05921,0.0
3.49328,0.11842,0.0
3.49328,0.17762,0.0
3.49328,0.23683,0.0
3.49328,0.29604,0.0
3.49328,0.35525,0.0
3.49328,0.41446,0.0
3.49328,0.47366,0.0
3.49328,0.53287,0.0
3.49328,0.59208,0.0
3.49328,0.65129,0.0
3.49328,0.7105,0.0
3.49328,0.7697,0.0
3.49328,0.82891,0.0
3.49328,0.88812,0.0
3.49328,0.94733,0.0
3.49328,1.00654,0.0
3.49328,1.06575,0.0
3.49328,1.12495,0.0
3.49328,1.18416,0.0
3.49328,1.24337,0.0
3.49328,1.30258,0.0
3.49328,1.36179,0.0
3.49328,1.42099,0.0
3.49328,1.4802,0.0
3.49328,1.53941,0.0
3.49328,1.59862,0.0
3.49328,1.65783,0.0
3.49328,1.71703,0.0
3.49328,1.77624,0.0
3.49328,1.83545,0.0
3.49328,1.89466,0.0
3.49328,1.95387,0.0
3.49328,2.01307,0.0
3.49328,2.07228,0.0
3.49328,2.13149,0.0
3.49328,2.1907,0.0
3.49328,2.24991,0.0
3.49328,2.30911,0.0
3.49328,2.36832,0.0
3.49328,2.42753,0.0
3.49328,2.48674,0.0
3.49328,2.54595,0.0
3.49328,2.60515,0.0
3.49328,2.66436,0.0
3.49328,2.72357,0.0
3.49328,2.78278,0.0
3.49328,2.84199,0.0
3.49328,2.9012,0.0
3.49328,2.9604,0.0
3.49328,3.01961,0.0
3.49328,3.07882,0.0
3.49328,3.13803,0.0
3.49328,3.19724,0.0
3.49328,3.25644,0.0
3.49328,3.31565,0.0
3.49328,3.37486,0.0
3.49328,3.43407,0.0
3.49328,3.49328,0.0
3.49328,3.55248,0.0
3.49328,3.61169,0.0
3.49328,3.6709,0.0
3.49328,3.73011,0.0
3.49328,3.78932,0.0
3.49328,3.84852,0.0
3.49328,3.90773,0.0
3.49328,3.96694,0.0
3.49328,4.02615,0.0
3.49328,4.08536,0.0
3.49328,4.14456,0.0
3.49328,4.20377,0.0
3.49328,4.26298,0.0
3.49328,4.32219,0.0
3.49328,4.3814,0.0
3.49328,4.4406,0.0
3.49328,4.49981,0.0
3.49328,4.55902,0.0
3.49328,4.61823,0.0
3.55248,-4.55902,0.0
3.55248,-4.49981,0.0
3.55248,-4.4406,0.0
3.55248,-4.3814,0.0
3.55248,-4.32219,0.0
3.55248,-4.26298,0.0
3.55248,-4.20377,0.0
3.55248,-4.14456,0.0
3.55248,-4.08536,0.0
3.55248,-4.02615,0.0
3.55248,-3.96694,0.0
3.55248,-3.90773,0.0
3.55248,-3.84852,0.0
3.55248,-3.78932,0.0
3.55248,-3.73011,0.0
3.55248,-3.6709,0.0
3.55248,-3.61169,0.0
3.55248,-3.55248,0.0
3.55248,-3.49328,0.0
3.55248,-3.43407,0.0
3.55248,-3.37486,0.0
3.55248,-3.31565,0.0
3.55248,-3.25644,0.0
3.55248,-3.19724,0.0
3.55248,-3.13803,0.0
3.55248,-3.07882,0.0
3.55248,-3.01961,0.0
3.55248,-2.9604,0.0
3.55248,-2.9012,0.0
3.55248,-2.84199,0.0
3.55248,-2.78278,0.0
3.55248,-2.72357,0.0
3.55248,-2.66436,0.0
3.55248,-2.60515,0.0
3.55248,-2.54595,0.0
3.55248,-2.48674,0.0
3.55248,-2.42753,0.0
3.55248,-2.36832,0.0
3.55248,-2.30911,0.0
3.55248,-2.24991,0.0
3.55248,-2.1907,0.0
3.55248,-2.13149,0.0
3.55248,-2.07228,0.0
3.55248,-2.01307,0.0
3.55248,-1.95387,0.0
3.55248,-1.89466,0.0
3.55248,-1.83545,0.0
3.55248,-1.77624,0.0
3.55248,-1.71703,0.0
3.55248,-1.65783,0.0
3.55248,-1.59862,0.0
3.55248,-1.53941,0.0
3.55248,-1.4802,0.0
3.55248,-1.42099,0.0
3.55248,-1.36179,0.0
3.55248,-1.30258,0.0
3.55248,-1.24337,0.0
3.55248,-1.18416,0.0
3.55248,-1.12495,0.0
3.55248,-1.06575,0.0
3.55248,-1.00654,0.0
3.55248,-0.94733,0.0
3.55248,-0.88812,0.0
3.55248,-0.82891,0.0
3.55248,-0.7697,0.0
3.55248,-0.7105,0.0
3.55248,-0.65129,0.0
3.55248,-0.59208,0.0
3.55248,-0.53287,0.0
3.55248,-0.47366,0.0
3.55248,-0.41446,0.0
3.55248,-0.35525,0.0
3.55248,-0.29604,0.0
3.55248,-0.23683,0.0
3.55248,-0.17762,0.0
3.55248,-0.11842,0.0
3.55248,-0.05921,0.0
3.55248,0,0.0
3.55248,0.05921,0.0
3.55248,0.11842,0.0
3.55248,0.17762,0.0
3.55248,0.23683,0.0
3.55248,0.29604,0.0
3.55248,0.35525,0.0
3.55248,0.41446,0.0
3.55248,0.47366,0.0
3.55248,0.53287,0.0
3.55248,0.59208,0.0
3.55248,0.65129,0.0
3.55248,0.7105,0.0
3.55248,0.7697,0.0
3.55248,0.82891,0.0
3.55248,0.88812,0.0
3.55248,0.94733,0.0
3.55248,1.00654,0.0
3.55248,1.06575,0.0
3.55248,1.12495,0.0
3.55248,1.18416,0.0
3.55248,1.24337,0.0
3.55248,1.30258,0.0
3.55248,1.36179,0.0
3.55248,1.42099,0.0
3.55248,1.4802,0.0
3.55248,1.53941,0.0
3.55248,1.59862,0.0
3.55248,1.65783,0.0
3.55248,1.71703,0.0
3.55248,1.77624,0.0
3.55248,1.83545,0.0
3.55248,1.89466,0.0
3.55248,1.95387,0.0
3.55248,2.01307,0.0
3.55248,2.07228,0.0
3.55248,2.13149,0.0
3.55248,2.1907,0.0
3.55248,2.24991,0.0
3.55248,2.30911,0.0
3.55248,2.36832,0.0
3.55248,2.42753,0.0
3.55248,2.48674,0.0
3.55248,2.54595,0.0
3.55248,2.60515,0.0
3.55248,2.66436,0.0
3.55248,2.72357,0.0
3.55248,2.78278,0.0
3.55248,2.84199,0.0
3.55248,2.9012,0.0
3.55248,2.9604,0.0
3.55248,3.01961,0.0
3.55248,3.07882,0.0
3.55248,3.13803,0.0
3.55248,3.19724,0.0
3.55248,3.25644,0.0
3.55248,3.31565,0.0
3.55248,3.37486,0.0
3.55248,3.43407,0.0
3.55248,3.49328,0.0
3.55248,3.55248,0.0
3.55248,3.61169,0.0
3.55248,3.6709,0.0
3.55248,3.73011,0.0
3.55248,3.78932,0.0
3.55248,3.84852,0.0
3.55248,3.90773,0.0
3.55248,3.96694,0.0
3.55248,4.02615,0.0
3.55248,4.08536,0.0
3.55248,4.14456,0.0
3.55248,4.20377,0.0
3.55248,4.26298,0.0
3.55248,4.32219,0.0
3.55248,4.3814,0.0
3.55248,4.4406,0.0
3.55248,4.49981,0.0
3.55248,4.55902,0.0
3.61169,-4.49981,0.0
3.61169,-4.4406,0.0
3.61169,-4.3814,0.0
3.61169,-4.32219,0.0
3.61169,-4.26298,0.0
3.61169,-4.20377,0.0
3.61169,-4.14456,0.0
3.61169,-4.08536,0.0
3.61169,-4.02615,0.0
3.61169,-3.96694,0.0
3.61169,-3.90773,0.0
3.61169,-3.84852,0.0
3.61169,-3.78932,0.0
3.61169,-3.73011,0.0
3.61169,-3.6709,0.0
3.61169,-3.61169,0.0
3.61169,-3.55248,0.0
3.61169,-3.49328,0.0
3.61169,-3.43407,0.0
3.61169,-3.37486,0.0
3.61169,-3.31565,0.0
3.61169,-3.25644,0.0
3.61169,-3.19724,0.0
3.61169,-3.13803,0.0
3.61169,-3.07882,0.0
3.61169,-3.01961,0.0
3.61169,-2.9604,0.0
3.61169,-2.9012,0.0
3.61169,-2.84199,0.0
3.61169,-2.78278,0.0
3.61169,-2.72357,0.0
3.61169,-2.66436,0.0
3.61169,-2.60515,0.0
3.61169,-2.54595,0.0
3.61169,-2.48674,0.0
3.61169,-2.42753,0.0
3.61169,-2.36832,0.0
3.61169,-2.30911,0.0
3.61169,-2.24991,0.0
3.61169,-2.1907,0.0
3.61169,-2.13149,0.0
3.61169,-2.07228,0.0
3.61169,-2.01307,0.0
3.61169,-1.95387,0.0
3.61169,-1.89466,0.0
3.61169,-1.83545,0.0
3.61169,-1.77624,0.0
3.61169,-1.71703,0.0
3.61169,-1.65783,0.0
3.61169,-1.59862,0.0
3.61169,-1.53941,0.0
3.61169,-1.4802,0.0
3.61169,-1.42099,0.0
3.61169,-1.36179,0.0
3.61169,-1.30258,0.0
3.61169,-1.24337,0.0
3.61169,-1.18416,0.0
3.61169,-1.12495,0.0
3.61169,-1.06575,0.0
3.61169,-1.00654,0.0
3.61169,-0.94733,0.0
3.61169,-0.88812,0.0
3.61169,-0.82891,0.0
3.61169,-0.7697,0.0
3.61169,-0.7105,0.0
3.61169,-0.65129,0.0
3.61169,-0.59208,0.0
3.61169,-0.53287,0.0
3.61169,-0.47366,0.0
3.61169,-0.41446,0.0
3.61169,-0.35525,0.0
3.61169,-0.29604,0.0
3.61169,-0.23683,0.0
3.61169,-0.17762,0.0
3.61169,-0.11842,0.0
3.61169,-0.05921,0.0
3.61169,0,0.0
3.61169,0.05921,0.0
3.61169,0.11842,0.0
3.61169,0.17762,0.0
3.61169,0.23683,0.0
3.61169,0.29604,0.0
3.61169,0.35525,0.0
3.61169,0.41446,0.0
3.61169,0.47366,0.0
3.61169,0.53287,0.0
3.61169,0.59208,0.0
3.61169,0.65129,0.0
3.61169,0.7105,0.0
3.61169,0.7697,0.0
3.61169,0.82891,0.0
3.61169,0.88812,0.0
3.61169,0.94733,0.0
3.61169,1.00654,0.0
3.61169,1.06575,0.0
3.61169,1.12495,0.0
3.61169,1.18416,0.0
3.61169,1.24337,0.0
3.61169,1.30258,0.0
3.61169,1.36179,0.0
3.61169,1.42099,0.0
3.61169,1.4802,0.0
3.61169,1.53941,0.0
3.61169,1.59862,0.0
3.61169,1.65783,0.0
3.61169,1.71703,0.0
3.61169,1.77624,0.0
3.61169,1.83545,0.0
3.61169,1.89466,0.0
3.61169,1.95387,0.0
3.61169,2.01307,0.0
3.61169,2.07228,0.0
3.61169,2.13149,0.0
3.61169,2.1907,0.0
3.61169,2.24991,0.0
3.61169,2.30911,0.0
3.61169,2.36832,0.0
3.61169,2.42753,0.0
3.61169,2.48674,0.0
3.61169,2.54595,0.0
3.61169,2.60515,0.0
3.61169,2.66436,0.0
3.61169,2.72357,0.0
3.61169,2.78278,0.0
3.61169,2.84199,0.0
3.61169,2.9012,0.0
3.61169,2.9604,0.0
3.61169,3.01961,0.0
3.61169,3.07882,0.0
3.61169,3.13803,0.0
3.61169,3.19724,0.0
3.61169,3.25644,0.0
3.61169,3.31565,0.0
3.61169,3.37486,0.0
3.61169,3.43407,0.0
3.61169,3.49328,0.0
3.61169,3.55248,0.0
3.61169,3.61169,0.0
3.61169,3.6709,0.0
3.61169,3.73011,0.0
3.61169,3.78932,0.0
3.61169,3.84852,0.0
3.61169,3.90773,0.0
3.61169,3.96694,0.0
3.61169,4.02615,0.0
3.61169,4.08536,0.0
3.61169,4.14456,0.0
3.61169,4.20377,0.0
3.61169,4.26298,0.0
3.61169,4.32219,0.0
3.61169,4.3814,0.0
3.61169,4.4406,0.0
3.61169,4.49981,0.0
3.6709,-4.4406,0.0
3.6709,-4.3814,0.0
3.6709,-4.32219,0.0
3.6709,-4.26298,0.0
3.6709,-4.20377,0.0
3.6709,-4.14456,0.0
3.6709,-4.08536,0.0
3.6709,-4.02615,0.0
3.6709,-3.96694,0.0
3.6709,-3.90773,0.0
3.6709,-3.84852,0.0
3.6709,-3.78932,0.0
3.6709,-3.73011,0.0
3.6709,-3.6709,0.0
3.6709,-3.61169,0.0
3.6709,-3.55248,0.0
3.6709,-3.49328,0.0
3.6709,-3.43407,0.0
3.6709,-3.37486,0.0
3.6709,-3.31565,0.0
3.6709,-3.25644,0.0
3.6709,-3.19724,0.0
3.6709,-3.13803,0.0
3.6709,-3.07882,0.0
3.6709,-3.01961,0.0
3.6709,-2.9604,0.0
3.6709,-2.9012,0.0
3.6709,-2.84199,0.0
3.6709,-2.78278,0.0
3.6709,-2.72357,0.0
3.6709,-2.66436,0.0
3.6709,-2.60515,0.0
3.6709,-2.54595,0.0
3.6709,-2.48674,0.0
3.6709,-2.42753,0.0
3.6709,-2.36832,0.0
3.6709,-2.30911,0.0
3.6709,-2.24991,0.0
3.6709,-2.1907,0.0
3.6709,-2.13149,0.0
3.6709,-2.07228,0.0
3.6709,-2.01307,0.0
3.6709,-1.95387,0.0
3.6709,-1.89466,0.0
3.6709,-1.83545,0.0
3.6709,-1.77624,0.0
3.6709,-1.71703,0.0
3.6709,-1.65783,0.0
3.6709,-1.59862,0.0
3.6709,-1.53941,0.0
3.6709,-1.4802,0.0
3.6709,-1.42099,0.0
3.6709,-1.36179,0.0
3.6709,-1.30258,0.0
3.6709,-1.24337,0.0
3.6709,-1.18416,0.0
3.6709,-1.12495,0.0
3.6709,-1.06575,0.0
3.6709,-1.00654,0.0
3.6709,-0.94733,0.0
3.6709,-0.88812,0.0
3.6709,-0.82891,0.0
3.6709,-0.7697,0.0
3.6709,-0.7105,0.0
3.6709,-0.65129,0.0
3.6709,-0.59208,0.0
3.6709,-0.53287,0.0
3.6709,-0.47366,0.0
3.6709,-0.41446,0.0
3.6709,-0.35525,0.0
3.6709,-0.29604,0.0
3.6709,-0.23683,0.0
3.6709,-0.17762,0.0
3.6709,-0.11842,0.0
3.6709,-0.05921,0.0
3.6709,0,0.0
3.6709,0.05921,0.0
3.6709,0.11842,0.0
3.6709,0.17762,0.0
3.6709,0.23683,0.0
3.6709,0.29604,0.0
3.6709,0.35525,0.0
3.6709,0.41446,0.0
3.6709,0.47366,0.0
3.6709,0.53287,0.0
3.6709,0.59208,0.0
3.6709,0.65129,0.0
3.6709,0.7105,0.0
3.6709,0.7697,0.0
3.6709,0.82891,0.0
3.6709,0.88812,0.0
3.6709,0.94733,0.0
3.6709,1.00654,0.0
3.6709,1.06575,0.0
3.6709,1.12495,0.0
3.6709,1.18416,0.0
3.6709,1.24337,0.0
3.6709,1.30258,0.0
3.6709,1.36179,0.0
3.6709,1.42099,0.0
3.6709,1.4802,0.0
3.6709,1.53941,0.0
3.6709,1.59862,0.0
3.6709,1.65783,0.0
3.6709,1.71703,0.0
3.6709,1.77624,0.0
3.6709,1.83545,0.0
3.6709,1.89466,0.0
3.6709,1.95387,0.0
3.6709,2.01307,0.0
3.6709,2.07228,0.0
3.6709,2.13149,0.0
3.6709,2.1907,0.0
3.6709,2.24991,0.0
3.6709,2.30911,0.0
3.6709,2.36832,0.0
3.6709,2.42753,0.0
3.6709,2.48674,0.0
3.6709,2.54595,0.0
3.6709,2.60515,0.0
3.6709,2.66436,0.0
3.6709,2.72357,0.0
3.6709,2.78278,0.0
3.6709,2.84199,0.0
3.6709,2.9012,0.0
3.6709,2.9604,0.0
3.6709,3.01961,0.0
3.6709,3.07882,0.0
3.6709,3.13803,0.0
3.6709,3.19724,0.0
3.6709,3.25644,0.0
3.6709,3.31565,0.0
3.6709,3.37486,0.0
3.6709,3.43407,0.0
3.6709,3.49328,0.0
3.6709,3.55248,0.0
3.6709,3.61169,0.0
3.6709,3.6709,0.0
3.6709,3.73011,0.0
3.6709,3.78932,0.0
3.6709,3.84852,0.0
3.6709,3.90773,0.0
3.6709,3.96694,0.0
3.6709,4.02615,0.0
3.6709,4.08536,0.0
3.6709,4.14456,0.0
3.6709,4.20377,0.0
3.6709,4.26298,0.0
3.6709,4.32219,0.0
3.6709,4.3814,0.0
3.6709,4.4406,0.0
3.73011,-4.4406,0.0
3.73011,-4.3814,0.0
3.73011,-4.32219,0.0
3.73011,-4.26298,0.0
3.73011,-4.20377,0.0
3.73011,-4.14456,0.0
3.73011,-4.08536,0.0
3.73011,-4.02615,0.0
3.73011,-3.96694,0.0
3.73011,-3.90773,0.0
3.73011,-3.84852,0.0
3.73011,-3.78932,0.0
3.73011,-3.73011,0.0
3.73011,-3.6709,0.0
3.73011,-3.61169,0.0
3.73011,-3.55248,0.0
3.73011,-3.49328,0.0
3.73011,-3.43407,0.0
3.73011,-3.37486,0.0
3.73011,-3.31565,0.0
3.73011,-3.25644,0.0
3.73011,-3.19724,0.0
3.73011,-3.13803,0.0
3.73011,-3.07882,0.0
3.73011,-3.01961,0.0
3.73011,-2.9604,0.0
3.73011,-2.9012,0.0
3.73011,-2.84199,0.0
3.73011,-2.78278,0.0
3.73011,-2.72357,0.0
3.73011,-2.66436,0.0
3.73011,-2.60515,0.0
3.73011,-2.54595,0.0
3.73011,-2.48674,0.0
3.73011,-2.42753,0.0
3.73011,-2.36832,0.0
3.73011,-2.30911,0.0
3.73011,-2.24991,0.0
3.73011,-2.1907,0.0
3.73011,-2.13149,0.0
3.73011,-2.07228,0.0
3.73011,-2.01307,0.0
3.73011,-1.95387,0.0
3.73011,-1.89466,0.0
3.73011,-1.83545,0.0
3.73011,-1.77624,0.0
3.73011,-1.71703,0.0
3.73011,-1.65783,0.0
3.73011,-1.59862,0.0
3.73011,-1.53941,0.0
3.73011,-1.4802,0.0
3.73011,-1.42099,0.0
3.73011,-1.36179,0.0
3.73011,-1.30258,0.0
3.73011,-1.24337,0.0
3.73011,-1.18416,0.0
3.73011,-1.12495,0.0
3.73011,-1.06575,0.0
3.73011,-1.00654,0.0
3.73011,-0.94733,0.0
3.73011,-0.88812,0.0
3.73011,-0.82891,0.0
3.73011,-0.7697,0.0
3.73011,-0.7105,0.0
3.73011,-0.65129,0.0
3.73011,-0.59208,0.0
3.73011,-0.53287,0.0
3.73011,-0.47366,0.0
3.73011,-0.41446,0.0
3.73011,-0.35525,0.0
3.73011,-0.29604,0.0
3.73011,-0.23683,0.0
3.73011,-0.17762,0.0
3.73011,-0.11842,0.0
3.73011,-0.05921,0.0
3.73011,0,0.0
3.73011,0.05921,0.0
3.73011,0.11842,0.0
3.73011,0.17762,0.0
3.73011,0.23683,0.0
3.73011,0.29604,0.0
3.73011,0.35525,0.0
3.73011,0.41446,0.0
3.73011,0.47366,0.0
3.73011,0.53287,0.0
3.73011,0.59208,0.0
3.73011,0.65129,0.0
3.73011,0.7105,0.0
3.73011,0.7697,0.0
3.73011,0.82891,0.0
3.73011,0.88812,0.0
3.73011,0.94733,0.0
3.73011,1.00654,0.0
3.73011,1.06575,0.0
3.73011,1.12495,0.0
3.73011,1.18416,0.0
3.73011,1.24337,0.0
3.73011,1.30258,0.0
3.73011,1.36179,0.0
3.73011,1.42099,0.0
3.73011,1.4802,0.0
3.73011,1.53941,0.0
3.73011,1.59862,0.0
3.73011,1.65783,0.0
3.73011,1.71703,0.0
3.73011,1.77624,0.0
3.73011,1.83545,0.0
3.73011,1.89466,0.0
3.73011,1.95387,0.0
3.73011,2.01307,0.0
3.73011,2.07228,0.0
3.73011,2.13149,0.0
3.73011,2.1907,0.0
3.73011,2.24991,0.0
3.73011,2.30911,0.0
3.73011,2.36832,0.0
3.73011,2.42753,0.0
3.73011,2.48674,0.0
3.73011,2.54595,0.0
3.73011,2.60515,0.0
3.73011,2.66436,0.0
3.73011,2.72357,0.0
3.73011,2.78278,0.0
3.73011,2.84199,0.0
3.73011,2.9012,0.0
3.73011,2.9604,0.0
3.73011,3.01961,0.0
3.73011,3.07882,0.0
3.73011,3.13803,0.0
3.73011,3.19724,0.0
3.73011,3.25644,0.0
3.73011,3.31565,0.0
3.73011,3.37486,0.0
3.73011,3.43407,0.0
3.73011,3.49328,0.0
3.73011,3.55248,0.0
3.73011,3.61169,0.0
3.73011,3.6709,0.0
3.73011,3.73011,0.0
3.73011,3.78932,0.0
3.73011,3.84852,0.0
3.73011,3.90773,0.0
3.73011,3.96694,0.0
3.73011,4.02615,0.0
3.73011,4.08536,0.0
3.73011,4.14456,0.0
3.73011,4.20377,0.0
3.73011,4.26298,0.0
3.73011,4.32219,0.0
3.73011,4.3814,0.0
3.73011,4.4406,0.0
3.78932,-4.3814,0.0
3.78932,-4.32219,0.0
3.78932,-4.26298,0.0
3.78932,-4.20377,0.0
3.78932,-4.14456,0.0
3.78932,-4.08536,0.0
3.78932,-4.02615,0.0
3.78932,-3.96694,0.0
3.78932,-3.90773,0.0
3.78932,-3.84852,0.0
3.78932,-3.78932,0.0
3.78932,-3.73011,0.0
3.78932,-3.6709,0.0
3.78932,-3.61169,0.0
3.78932,-3.55248,0.0
3.78932,-3.49328,0.0
3.78932,-3.43407,0.0
3.78932,-3.37486,0.0
3.78932,-3.31565,0.0
3.78932,-3.25644,0.0
3.78932,-3.19724,0.0
3.78932,-3.13803,0.0
3.78932,-3.07882,0.0
3.78932,-3.01961,0.0
3.78932,-2.9604,0.0
3.78932,-2.9012,0.0
3.78932,-2.84199,0.0
3.78932,-2.78278,0.0
3.78932,-2.72357,0.0
3.78932,-2.66436,0.0
3.78932,-2.60515,0.0
3.78932,-2.54595,0.0
3.78932,-2.48674,0.0
3.78932,-2.42753,0.0
3.78932,-2.36832,0.0
3.78932,-2.30911,0.0
3.78932,-2.24991,0.0
3.78932,-2.1907,0.0
3.78932,-2.13149,0.0
3.78932,-2.07228,0.0
3.78932,-2.01307,0.0
3.78932,-1.95387,0.0
3.78932,-1.89466,0.0
3.78932,-1.83545,0.0
3.78932,-1.77624,0.0
3.78932,-1.71703,0.0
3.78932,-1.65783,0.0
3.78932,-1.59862,0.0
3.78932,-1.53941,0.0
3.78932,-1.4802,0.0
3.78932,-1.42099,0.0
3.78932,-1.36179,0.0
3.78932,-1.30258,0.0
3.78932,-1.24337,0.0
3.78932,-1.18416,0.0
3.78932,-1.12495,0.0
3.78932,-1.06575,0.0
3.78932,-1.00654,0.0
3.78932,-0.94733,0.0
3.78932,-0.88812,0.0
3.78932,-0.82891,0.0
3.78932,-0.7697,0.0
3.78932,-0.7105,0.0
3.78932,-0.65129,0.0
3.78932,-0.59208,0.0
3.78932,-0.53287,0.0
3.78932,-0.47366,0.0
3.78932,-0.41446,0.0
3.78932,-0.35525,0.0
3.78932,-0.29604,0.0
3.78932,-0.23683,0.0
3.78932,-0.17762,0.0
3.78932,-0.11842,0.0
3.78932,-0.05921,0.0
3.78932,0,0.0
3.78932,0.05921,0.0
3.78932,0.11842,0.0
3.78932,0.17762,0.0
3.78932,0.23683,0.0
3.78932,0.29604,0.0
3.78932,0.35525,0.0
3.78932,0.41446,0.0
3.78932,0.47366,0.0
3.78932,0.53287,0.0
3.78932,0.59208,0.0
3.78932,0.65129,0.0
3.78932,0.7105,0.0
3.78932,0.7697,0.0
3.78932,0.82891,0.0
3.78932,0.88812,0.0
3.78932,0.94733,0.0
3.78932,1.00654,0.0
3.78932,1.06575,0.0
3.78932,1.12495,0.0
3.78932,1.18416,0.0
3.78932,1.24337,0.0
3.78932,1.30258,0.0
3.78932,1.36179,0.0
3.78932,1.42099,0.0
3.78932,1.4802,0.0
3.78932,1.53941,0.0
3.78932,1.59862,0.0
3.78932,1.65783,0.0
3.78932,1.71703,0.0
3.78932,1.77624,0.0
3.78932,1.83545,0.0
3.78932,1.89466,0.0
3.78932,1.95387,0.0
3.78932,2.01307,0.0
3.78932,2.07228,0.0
3.78932,2.13149,0.0
3.78932,2.1907,0.0
3.78932,2.24991,0.0
3.78932,2.30911,0.0
3.78932,2.36832,0.0
3.78932,2.42753,0.0
3.78932,2.48674,0.0
3.78932,2.54595,0.0
3.78932,2.60515,0.0
3.78932,2.66436,0.0
3.78932,2.72357,0.0
3.78932,2.78278,0.0
3.78932,2.84199,0.0
3.78932,2.9012,0.0
3.78932,2.9604,0.0
3.78932,3.01961,0.0
3.78932,3.07882,0.0
3.78932,3.13803,0.0
3.78932,3.19724,0.0
3.78932,3.25644,0.0
3.78932,3.31565,0.0
3.78932,3.37486,0.0
3.78932,3.43407,0.0
3.78932,3.49328,0.0
3.78932,3.55248,0.0
3.78932,3.61169,0.0
3.78932,3.6709,0.0
3.78932,3.73011,0.0
3.78932,3.78932,0.0
3.78932,3.84852,0.0
3.78932,3.90773,0.0
3.78932,3.96694,0.0
3.78932,4.02615,0.0
3.78932,4.08536,0.0
3.78932,4.14456,0.0
3.78932,4.20377,0.0
3.78932,4.26298,0.0
3.78932,4.32219,0.0
3.78932,4.3814,0.0
3.84852,-4.32219,0.0
3.84852,-4.26298,0.0
3.84852,-4.20377,0.0
3.84852,-4.14456,0.0
3.84852,-4.08536,0.0
3.84852,-4.02615,0.0
3.84852,-3.96694,0.0
3.84852,-3.90773,0.0
3.84852,-3.84852,0.0
3.84852,-3.78932,0.0
3.84852,-3.73011,0.0
3.84852,-3.6709,0.0
3.84852,-3.61169,0.0
3.84852,-3.55248,0.0
3.84852,-3.49328,0.0
3.84852,-3.43407,0.0
3.84852,-3.37486,0.0
3.84852,-3.31565,0.0
3.84852,-3.25644,0.0
3.84852,-3.19724,0.0
3.84852,-3.13803,0.0
3.84852,-3.07882,0.0
3.84852,-3.01961,0.0
3.84852,-2.9604,0.0
3.84852,-2.9012,0.0
3.84852,-2.84199,0.0
3.84852,-2.78278,0.0
3.84852,-2.72357,0.0
3.84852,-2.66436,0.0
3.84852,-2.60515,0.0
3.84852,-2.54595,0.0
3.84852,-2.48674,0.0
3.84852,-2.42753,0.0
3.84852,-2.36832,0.0
3.84852,-2.30911,0.0
3.84852,-2.24991,0.0
3.84852,-2.1907,0.0
3.84852,-2.13149,0.0
3.84852,-2.07228,0.0
3.84852,-2.01307,0.0
3.84852,-1.95387,0.0
3.84852,-1.89466,0.0
3.84852,-1.83545,0.0
3.84852,-1.77624,0.0
3.84852,-1.71703,0.0
3.84852,-1.65783,0.0
3.84852,-1.59862,0.0
3.84852,-1.53941,0.0
3.84852,-1.4802,0.0
3.84852,-1.42099,0.0
3.84852,-1.36179,0.0
3.84852,-1.30258,0.0
3.84852,-1.24337,0.0
3.84852,-1.18416,0.0
3.84852,-1.12495,0.0
3.84852,-1.06575,0.0
3.84852,-1.00654,0.0
3.84852,-0.94733,0.0
3.84852,-0.88812,0.0
3.84852,-0.82891,0.0
3.84852,-0.7697,0.0
3.84852,-0.7105,0.0
3.84852,-0.65129,0.0
3.84852,-0.59208,0.0
3.84852,-0.53287,0.0
3.84852,-0.47366,0.0
3.84852,-0.41446,0.0
3.84852,-0.35525,0.0
3.84852,-0.29604,0.0
3.84852,-0.23683,0.0
3.84852,-0.17762,0.0
3.84852,-0.11842,0.0
3.84852,-0.05921,0.0
3.84852,0,0.0
3.84852,0.05921,0.0
3.84852,0.11842,0.0
3.84852,0.17762,0.0
3.84852,0.23683,0.0
3.84852,0.29604,0.0
3.84852,0.35525,0.0
3.84852,0.41446,0.0
3.84852,0.47366,0.0
3.84852,0.53287,0.0
3.84852,0.59208,0.0
3.84852,0.65129,0.0
3.84852,0.7105,0.0
3.84852,0.7697,0.0
3.84852,0.82891,0.0
3.84852,0.88812,0.0
3.84852,0.94733,0.0
3.84852,1.00654,0.0
3.84852,1.06575,0.0
3.84852,1.12495,0.0
3.84852,1.18416,0.0
3.84852,1.24337,0.0
3.84852,1.30258,0.0
3.84852,1.36179,0.0
3.84852,1.42099,0.0
3.84852,1.4802,0.0
3.84852,1.53941,0.0
3.84852,1.59862,0.0
3.84852,1.65783,0.0
3.84852,1.71703,0.0
3.84852,1.77624,0.0
3.84852,1.83545,0.0
3.84852,1.89466,0.0
3.84852,1.95387,0.0
3.84852,2.01307,0.0
3.84852,2.07228,0.0
3.84852,2.13149,0.0
3.84852,2.1907,0.0
3.84852,2.24991,0.0
3.84852,2.30911,0.0
3.84852,2.36832,0.0
3.84852,2.42753,0.0
3.84852,2.48674,0.0
3.84852,2.54595,0.0
3.84852,2.60515,0.0
3.84852,2.66436,0.0
3.84852,2.72357,0.0
3.84852,2.78278,0.0
3.84852,2.84199,0.0
3.84852,2.9012,0.0
3.84852,2.9604,0.0
3.84852,3.01961,0.0
3.84852,3.07882,0.0
3.84852,3.13803,0.0
3.84852,3.19724,0.0
3.84852,3.25644,0.0
3.84852,3.31565,0.0
3.84852,3.37486,0.0
3.84852,3.43407,0.0
3.84852,3.49328,0.0
3.84852,3.55248,0.0
3.84852,3.61169,0.0
3.84852,3.6709,0.0
3.84852,3.73011,0.0
3.84852,3.78932,0.0
3.84852,3.84852,0.0
3.84852,3.90773,0.0
3.84852,3.96694,0.0
3.84852,4.02615,0.0
3.84852,4.08536,0.0
3.84852,4.14456,0.0
3.84852,4.20377,0.0
3.84852,4.26298,0.0
3.84852,4.32219,0.0
3.90773,-4.26298,0.0
3.90773,-4.20377,0.0
3.90773,-4.14456,0.0
3.90773,-4.08536,0.0
3.90773,-4.02615,0.0
3.90773,-3.96694,0.0
3.90773,-3.90773,0.0
3.90773,-3.84852,0.0
3.90773,-3.78932,0.0
3.90773,-3.73011,0.0
3.90773,-3.6709,0.0
3.90773,-3.61169,0.0
3.90773,-3.55248,0.0
3.90773,-3.49328,0.0
3.90773,-3.43407,0.0
3.90773,-3.37486,0.0
3.90773,-3.31565,0.0
3.90773,-3.25644,0.0
3.90773,-3.19724,0.0
3.90773,-3.13803,0.0
3.90773,-3.07882,0.0
3.90773,-3.01961,0.0
3.90773,-2.9604,0.0
3.90773,-2.9012,0.0
3.90773,-2.84199,0.0
3.90773,-2.78278,0.0
3.90773,-2.72357,0.0
3.90773,-2.66436,0.0
3.90773,-2.60515,0.0
3.90773,-2.54595,0.0
3.90773,-2.48674,0.0
3.90773,-2.42753,0.0
3.90773,-2.36832,0.0
3.90773,-2.30911,0.0
3.90773,-2.24991,0.0
3.90773,-2.1907,0.0
3.90773,-2.13149,0.0
3.90773,-2.07228,0.0
3.90773,-2.01307,0.0
3.90773,-1.95387,0.0
3.90773,-1.89466,0.0
3.90773,-1.83545,0.0
3.90773,-1.77624,0.0
3.90773,-1.71703,0.0
3.90773,-1.65783,0.0
3.90773,-1.59862,0.0
3.90773,-1.53941,0.0
3.90773,-1.4802,0.0
3.90773,-1.42099,0.0
3.90773,-1.36179,0.0
3.90773,-1.30258,0.0
3.90773,-1.24337,0.0
3.90773,-1.18416,0.0
3.90773,-1.12495,0.0
3.90773,-1.06575,0.0
3.90773,-1.00654,0.0
3.90773,-0.94733,0.0
3.90773,-0.88812,0.0
3.90773,-0.82891,0.0
3.90773,-0.7697,0.0
3.90773,-0.7105,0.0
3.90773,-0.65129,0.0
3.90773,-0.59208,0.0
3.90773,-0.53287,0.0
3.90773,-0.47366,0.0
3.90773,-0.41446,0.0
3.90773,-0.35525,0.0
3.90773,-0.29604,0.0
3.90773,-0.23683,0.0
3.90773,-0.17762,0.0
3.90773,-0.11842,0.0
3.90773,-0.05921,0.0
3.90773,0,0.0
3.90773,0.05921,0.0
3.90773,0.11842,0.0
3.90773,0.17762,0.0
3.90773,0.23683,0.0
3.90773,0.29604,0.0
3.90773,0.35525,0.0
3.90773,0.41446,0.0
3.90773,0.47366,0.0
3.90773,0.53287,0.0
3.90773,0.59208,0.0
3.90773,0.65129,0.0
3.90773,0.7105,0.0
3.90773,0.7697,0.0
3.90773,0.82891,0.0
3.90773,0.88812,0.0
3.90773,0.94733,0.0
3.90773,1.00654,0.0
3.90773,1.06575,0.0
3.90773,1.12495,0.0
3.90773,1.18416,0.0
3.90773,1.24337,0.0
3.90773,1.30258,0.0
3.90773,1.36179,0.0
3.90773,1.42099,0.0
3.90773,1.4802,0.0
3.90773,1.53941,0.0
3.90773,1.59862,0.0
3.90773,1.65783,0.0
3.90773,1.71703,0.0
3.90773,1.77624,0.0
3.90773,1.83545,0.0
3.90773,1.89466,0.0
3.90773,1.95387,0.0
3.90773,2.01307,0.0
3.90773,2.07228,0.0
3.90773,2.13149,0.0
3.90773,2.1907,0.0
3.90773,2.24991,0.0
3.90773,2.30911,0.0
3.90773,2.36832,0.0
3.90773,2.42753,0.0
3.90773,2.48674,0.0
3.90773,2.54595,0.0
3.90773,2.60515,0.0
3.90773,2.66436,0.0
3.90773,2.72357,0.0
3.90773,2.78278,0.0
3.90773,2.84199,0.0
3.90773,2.9012,0.0
3.90773,2.9604,0.0
3.90773,3.01961,0.0
3.90773,3.07882,0.0
3.90773,3.13803,0.0
3.90773,3.19724,0.0
3.90773,3.25644,0.0
3.90773,3.31565,0.0
3.90773,3.37486,0.0
3.90773,3.43407,0.0
3.90773,3.49328,0.0
3.90773,3.55248,0.0
3.90773,3.61169,0.0
3.90773,3.6709,0.0
3.90773,3.73011,0.0
3.90773,3.78932,0.0
3.90773,3.84852,0.0
3.90773,3.90773,0.0
3.90773,3.96694,0.0
3.90773,4.02615,0.0
3.90773,4.08536,0.0
3.90773,4.14456,0.0
3.90773,4.20377,0.0
3.90773,4.26298,0.0
3.96694,-4.20377,0.0
3.96694,-4.14456,0.0
3.96694,-4.08536,0.0
3.96694,-4.02615,0.0
3.96694,-3.96694,0.0
3.96694,-3.90773,0.0
3.96694,-3.84852,0.0
3.96694,-3.78932,0.0
3.96694,-3.73011,0.0
3.96694,-3.6709,0.0
3.96694,-3.61169,0.0
3.96694,-3.55248,0.0
3.96694,-3.49328,0.0
3.96694,-3.43407,0.0
3.96694,-3.37486,0.0
3.96694,-3.31565,0.0
3.96694,-3.25644,0.0
3.96694,-3.19724,0.0
3.96694,-3.13803,0.0
3.96694,-3.07882,0.0
3.96694,-3.01961,0.0
3.96694,-2.9604,0.0
3.96694,-2.9012,0.0
3.96694,-2.84199,0.0
3.96694,-2.78278,0.0
3.96694,-2.72357,0.0
3.96694,-2.66436,0.0
3.96694,-2.60515,0.0
3.96694,-2.54595,0.0
3.96694,-2.48674,0.0
3.96694,-2.42753,0.0
3.96694,-2.36832,0.0
3.96694,-2.30911,0.0
3.96694,-2.24991,0.0
3.96694,-2.1907,0.0
3.96694,-2.13149,0.0
3.96694,-2.07228,0.0
3.96694,-2.01307,0.0
3.96694,-1.95387,0.0
3.96694,-1.89466,0.0
3.96694,-1.83545,0.0
3.96694,-1.77624,0.0
3.96694,-1.71703,0.0
3.96694,-1.65783,0.0
3.96694,-1.59862,0.0
3.96694,-1.53941,0.0
3.96694,-1.4802,0.0
3.96694,-1.42099,0.0
3.96694,-1.36179,0.0
3.96694,-1.30258,0.0
3.96694,-1.24337,0.0
3.96694,-1.18416,0.0
3.96694,-1.12495,0.0
3.96694,-1.06575,0.0
3.96694,-1.00654,0.0
3.96694,-0.94733,0.0
3.96694,-0.88812,0.0
3.96694,-0.82891,0.0
3.96694,-0.7697,0.0
3.96694,-0.7105,0.0
3.96694,-0.65129,0.0
3.96694,-0.59208,0.0
3.96694,-0.53287,0.0
3.96694,-0.47366,0.0
3.96694,-0.41446,0.0
3.96694,-0.35525,0.0
3.96694,-0.29604,0.0
3.96694,-0.23683,0.0
3.96694,-0.17762,0.0
3.96694,-0.11842,0.0
3.96694,-0.05921,0.0
3.96694,0,0.0
3.96694,0.05921,0.0
3.96694,0.11842,0.0
3.96694,0.17762,0.0
3.96694,0.23683,0.0
3.96694,0.29604,0.0
3.96694,0.35525,0.0
3.96694,0.41446,0.0
3.96694,0.47366,0.0
3.96694,0.53287,0.0
3.96694,0.59208,0.0
3.96694,0.65129,0.0
3.96694,0.7105,0.0
3.96694,0.7697,0.0
3.96694,0.82891,0.0
3.96694,0.88812,0.0
3.96694,0.94733,0.0
3.96694,1.00654,0.0
3.96694,1.06575,0.0
3.96694,1.12495,0.0
3.96694,1.18416,0.0
3.96694,1.24337,0.0
3.96694,1.30258,0.0
3.96694,1.36179,0.0
3.96694,1.42099,0.0
3.96694,1.4802,0.0
3.96694,1.53941,0.0
3.96694,1.59862,0.0
3.96694,1.65783,0.0
3.96694,1.71703,0.0
3.96694,1.77624,0.0
3.96694,1.83545,0.0
3.96694,1.89466,0.0
3.96694,1.95387,0.0
3.96694,2.01307,0.0
3.96694,2.07228,0.0
3.96694,2.13149,0.0
3.96694,2.1907,0.0
3.96694,2.24991,0.0
3.96694,2.30911,0.0
3.96694,2.36832,0.0
3.96694,2.42753,0.0
3.96694,2.48674,0.0
3.96694,2.54595,0.0
3.96694,2.60515,0.0
3.96694,2.66436,0.0
3.96694,2.72357,0.0
3.96694,2.78278,0.0
3.96694,2.84199,0.0
3.96694,2.9012,0.0
3.96694,2.9604,0.0
3.96694,3.01961,0.0
3.96694,3.07882,0.0
3.96694,3.13803,0.0
3.96694,3.19724,0.0
3.96694,3.25644,0.0
3.96694,3.31565,0.0
3.96694,3.37486,0.0
3.96694,3.43407,0.0
3.96694,3.49328,0.0
3.96694,3.55248,0.0
3.96694,3.61169,0.0
3.96694,3.6709,0.0
3.96694,3.73011,0.0
3.96694,3.78932,0.0
3.96694,3.84852,0.0
3.96694,3.90773,0.0
3.96694,3.96694,0.0
3.96694,4.02615,0.0
3.96694,4.08536,0.0
3.96694,4.14456,0.0
3.96694,4.20377,0.0
4.02615,-4.14456,0.0
4.02615,-4.08536,0.0
4.02615,-4.02615,0.0
4.02615,-3.96694,0.0
4.02615,-3.90773,0.0
4.02615,-3.84852,0.0
4.02615,-3.78932,0.0
4.02615,-3.73011,0.0
4.02615,-3.6709,0.0
4.02615,-3.61169,0.0
4.02615,-3.55248,0.0
4.02615,-3.49328,0.0
4.02615,-3.43407,0.0
4.02615,-3.37486,0.0
4.02615,-3.31565,0.0
4.02615,-3.25644,0.0
4.02615,-3.19724,0.0
4.02615,-3.13803,0.0
4.02615,-3.07882,0.0
4.02615,-3.01961,0.0
4.02615,-2.9604,0.0
4.02615,-2.9012,0.0
4.02615,-2.84199,0.0
4.02615,-2.78278,0.0
4.02615,-2.72357,0.0
4.02615,-2.66436,0.0
4.02615,-2.60515,0.0
4.02615,-2.54595,0.0
4.02615,-2.48674,0.0
4.02615,-2.42753,0.0
4.02615,-2.36832,0.0
4.02615,-2.30911,0.0
4.02615,-2.24991,0.0
4.02615,-2.1907,0.0
4.02615,-2.13149,0.0
4.02615,-2.07228,0.0
4.02615,-2.01307,0.0
4.02615,-1.95387,0.0
4.02615,-1.89466,0.0
4.02615,-1.83545,0.0
4.02615,-1.77624,0.0
4.02615,-1.71703,0.0
4.02615,-1.65783,0.0
4.02615,-1.59862,0.0
4.02615,-1.53941,0.0
4.02615,-1.4802,0.0
4.02615,-1.42099,0.0
4.02615,-1.36179,0.0
4.02615,-1.30258,0.0
4.02615,-1.24337,0.0
4.02615,-1.18416,0.0
4.02615,-1.12495,0.0
4.02615,-1.06575,0.0
4.02615,-1.00654,0.0
4.02615,-0.94733,0.0
4.02615,-0.88812,0.0
4.02615,-0.82891,0.0
4.02615,-0.7697,0.0
4.02615,-0.7105,0.0
4.02615,-0.65129,0.0
4.02615,-0.59208,0.0
4.02615,-0.53287,0.0
4.02615,-0.47366,0.0
4.02615,-0.41446,0.0
4.02615,-0.35525,0.0
4.02615,-0.29604,0.0
4.02615,-0.23683,0.0
4.02615,-0.17762,0.0
4.02615,-0.11842,0.0
4.02615,-0.05921,0.0
4.02615,0,0.0
4.02615,0.05921,0.0
4.02615,0.11842,0.0
4.02615,0.17762,0.0
4.02615,0.23683,0.0
4.02615,0.29604,0.0
4.02615,0.35525,0.0
4.02615,0.41446,0.0
4.02615,0.47366,0.0
4.02615,0.53287,0.0
4.02615,0.59208,0.0
4.02615,0.65129,0.0
4.02615,0.7105,0.0
4.02615,0.7697,0.0
4.02615,0.82891,0.0
4.02615,0.88812,0.0
4.02615,0.94733,0.0
4.02615,1.00654,0.0
4.02615,1.06575,0.0
4.02615,1.12495,0.0
4.02615,1.18416,0.0
4.02615,1.24337,0.0
4.02615,1.30258,0.0
4.02615,1.36179,0.0
4.02615,1.42099,0.0
4.02615,1.4802,0.0
4.02615,1.53941,0.0
4.02615,1.59862,0.0
4.02615,1.65783,0.0
4.02615,1.71703,0.0
4.02615,1.77624,0.0
4.02615,1.83545,0.0
4.02615,1.89466,0.0
4.02615,1.95387,0.0
4.02615,2.01307,0.0
4.02615,2.07228,0.0
4.02615,2.13149,0.0
4.02615,2.1907,0.0
4.02615,2.24991,0.0
4.02615,2.30911,0.0
4.02615,2.36832,0.0
4.02615,2.42753,0.0
4.02615,2.48674,0.0
4.02615,2.54595,0.0
4.02615,2.60515,0.0
4.02615,2.66436,0.0
4.02615,2.72357,0.0
4.02615,2.78278,0.0
4.02615,2.84199,0.0
4.02615,2.9012,0.0
4.02615,2.9604,0.0
4.02615,3.01961,0.0
4.02615,3.07882,0.0
4.02615,3.13803,0.0
4.02615,3.19724,0.0
4.02615,3.25644,0.0
4.02615,3.31565,0.0
4.02615,3.37486,0.0
4.02615,3.43407,0.0
4.02615,3.49328,0.0
4.02615,3.55248,0.0
4.02615,3.61169,0.0
4.02615,3.6709,0.0
4.02615,3.73011,0.0
4.02615,3.78932,0.0
4.02615,3.84852,0.0
4.02615,3.90773,0.0
4.02615,3.96694,0.0
4.02615,4.02615,0.0
4.02615,4.08536,0.0
4.02615,4.14456,0.0
4.08536,-4.08536,0.0
4.08536,-4.02615,0.0
4.08536,-3.96694,0.0
4.08536,-3.90773,0.0
4.08536,-3.84852,0.0
4.08536,-3.78932,0.0
4.08536,-3.73011,0.0
4.08536,-3.6709,0.0
4.08536,-3.61169,0.0
4.08536,-3.55248,0.0
4.08536,-3.49328,0.0
4.08536,-3.43407,0.0
4.08536,-3.37486,0.0
4.08536,-3.31565,0.0
4.08536,-3.25644,0.0
4.08536,-3.19724,0.0
4.08536,-3.13803,0.0
4.08536,-3.07882,0.0
4.08536,-3.01961,0.0
4.08536,-2.9604,0.0
4.08536,-2.9012,0.0
4.08536,-2.84199,0.0
4.08536,-2.78278,0.0
4.08536,-2.72357,0.0
4.08536,-2.66436,0.0
4.08536,-2.60515,0.0
4.08536,-2.54595,0.0
4.08536,-2.48674,0.0
4.08536,-2.42753,0.0
4.08536,-2.36832,0.0
4.08536,-2.30911,0.0
4.08536,-2.24991,0.0
4.08536,-2.1907,0.0
4.08536,-2.13149,0.0
4.08536,-2.07228,0.0
4.08536,-2.01307,0.0
4.08536,-1.95387,0.0
4.08536,-1.89466,0.0
4.08536,-1.83545,0.0
4.08536,-1.77624,0.0
4.08536,-1.71703,0.0
4.08536,-1.65783,0.0
4.08536,-1.59862,0.0
4.08536,-1.53941,0.0
4.08536,-1.4802,0.0
4.08536,-1.42099,0.0
4.08536,-1.36179,0.0
4.08536,-1.30258,0.0
4.08536,-1.24337,0.0
4.08536,-1.18416,0.0
4.08536,-1.12495,0.0
4.08536,-1.06575,0.0
4.08536,-1.00654,0.0
4.08536,-0.94733,0.0
4.08536,-0.88812,0.0
4.08536,-0.82891,0.0
4.08536,-0.7697,0.0
4.08536,-0.7105,0.0
4.08536,-0.65129,0.0
4.08536,-0.59208,0.0
4.08536,-0.53287,0.0
4.08536,-0.47366,0.0
4.08536,-0.41446,0.0
4.08536,-0.35525,0.0
4.08536,-0.29604,0.0
4.08536,-0.23683,0.0
4.08536,-0.17762,0.0
4.08536,-0.11842,0.0
4.08536,-0.05921,0.0
4.08536,0,0.0
4.08536,0.05921,0.0
4.08536,0.11842,0.0
4.08536,0.17762,0.0
4.08536,0.23683,0.0
4.08536,0.29604,0.0
4.08536,0.35525,0.0
4.08536,0.41446,0.0
4.08536,0.47366,0.0
4.08536,0.53287,0.0
4.08536,0.59208,0.0
4.08536,0.65129,0.0
4.08536,0.7105,0.0
4.08536,0.7697,0.0
4.08536,0.82891,0.0
4.08536,0.88812,0.0
4.08536,0.94733,0.0
4.08536,1.00654,0.0
4.08536,1.06575,0.0
4.08536,1.12495,0.0
4.08536,1.18416,0.0
4.08536,1.24337,0.0
4.08536,1.30258,0.0
4.08536,1.36179,0.0
4.08536,1.42099,0.0
4.08536,1.4802,0.0
4.08536,1.53941,0.0
4.08536,1.59862,0.0
4.08536,1.65783,0.0
4.08536,1.71703,0.0
4.08536,1.77624,0.0
4.08536,1.83545,0.0
4.08536,1.89466,0.0
4.08536,1.95387,0.0
4.08536,2.01307,0.0
4.08536,2.07228,0.0
4.08536,2.13149,0.0
4.08536,2.1907,0.0
4.08536,2.24991,0.0
4.08536,2.30911,0.0
4.08536,2.36832,0.0
4.08536,2.42753,0.0
4.08536,2.48674,0.0
4.08536,2.54595,0.0
4.08536,2.60515,0.0
4.08536,2.66436,0.0
4.08536,2.72357,0.0
4.08536,2.78278,0.0
4.08536,2.84199,0.0
4.08536,2.9012,0.0
4.08536,2.9604,0.0
4.08536,3.01961,0.0
4.08536,3.07882,0.0
4.08536,3.13803,0.0
4.08536,3.19724,0.0
4.08536,3.25644,0.0
4.08536,3.31565,0.0
4.08536,3.37486,0.0
4.08536,3.43407,0.0
4.08536,3.49328,0.0
4.08536,3.55248,0.0
4.08536,3.61169,0.0
4.08536,3.6709,0.0
4.08536,3.73011,0.0
4.08536,3.78932,0.0
4.08536,3.84852,0.0
4.08536,3.90773,0.0
4.08536,3.96694,0.0
4.08536,4.02615,0.0
4.08536,4.08536,0.0
4.14456,-4.02615,0.0
4.14456,-3.96694,0.0
4.14456,-3.90773,0.0
4.14456,-3.84852,0.0
4.14456,-3.78932,0.0
4.14456,-3.73011,0.0
4.14456,-3.6709,0.0
4.14456,-3.61169,0.0
4.14456,-3.55248,0.0
4.14456,-3.49328,0.0
4.14456,-3.43407,0.0
4.14456,-3.37486,0.0
4.14456,-3.31565,0.0
4.14456,-3.25644,0.0
4.14456,-3.19724,0.0
4.14456,-3.13803,0.0
4.14456,-3.07882,0.0
4.14456,-3.01961,0.0
4.14456,-2.9604,0.0
4.14456,-2.9012,0.0
4.14456,-2.84199,0.0
4.14456,-2.78278,0.0
4.14456,-2.72357,0.0
4.14456,-2.66436,0.0
4.14456,-2.60515,0.0
4.14456,-2.54595,0.0
4.14456,-2.48674,0.0
4.14456,-2.42753,0.0
4.14456,-2.36832,0.0
4.14456,-2.30911,0.0
4.14456,-2.24991,0.0
4.14456,-2.1907,0.0
4.14456,-2.13149,0.0
4.14456,-2.07228,0.0
4.14456,-2.01307,0.0
4.14456,-1.95387,0.0
4.14456,-1.89466,0.0
4.14456,-1.83545,0.0
4.14456,-1.77624,0.0
4.14456,-1.71703,0.0
4.14456,-1.65783,0.0
4.14456,-1.59862,0.0
4.14456,-1.53941,0.0
4.14456,-1.4802,0.0
4.14456,-1.42099,0.0
4.14456,-1.36179,0.0
4.14456,-1.30258,0.0
4.14456,-1.24337,0.0
4.14456,-1.18416,0.0
4.14456,-1.12495,0.0
4.14456,-1.06575,0.0
4.14456,-1.00654,0.0
4.14456,-0.94733,0.0
4.14456,-0.88812,0.0
4.14456,-0.82891,0.0
4.14456,-0.7697,0.0
4.14456,-0.7105,0.0
4.14456,-0.65129,0.0
4.14456,-0.59208,0.0
4.14456,-0.53287,0.0
4.14456,-0.47366,0.0
4.14456,-0.41446,0.0
4.14456,-0.35525,0.0
4.14456,-0.29604,0.0
4.14456,-0.23683,0.0
4.14456,-0.17762,0.0
4.14456,-0.11842,0.0
4.14456,-0.05921,0.0
4.14456,0,0.0
4.14456,0.05921,0.0
4.14456,0.11842,0.0
4.14456,0.17762,0.0
4.14456,0.23683,0.0
4.14456,0.29604,0.0
4.14456,0.35525,0.0
4.14456,0.41446,0.0
4.14456,0.47366,0.0
4.14456,0.53287,0.0
4.14456,0.59208,0.0
4.14456,0.65129,0.0
4.14456,0.7105,0.0
4.14456,0.7697,0.0
4.14456,0.82891,0.0
4.14456,0.88812,0.0
4.14456,0.94733,0.0
4.14456,1.00654,0.0
4.14456,1.06575,0.0
4.14456,1.12495,0.0
4.14456,1.18416,0.0
4.14456,1.24337,0.0
4.14456,1.30258,0.0
4.14456,1.36179,0.0
4.14456,1.42099,0.0
4.14456,1.4802,0.0
4.14456,1.53941,0.0
4.14456,1.59862,0.0
4.14456,1.65783,0.0
4.14456,1.71703,0.0
4.14456,1.77624,0.0
4.14456,1.83545,0.0
4.14456,1.89466,0.0
4.14456,1.95387,0.0
4.14456,2.01307,0.0
4.14456,2.07228,0.0
4.14456,2.13149,0.0
4.14456,2.1907,0.0
4.14456,2.24991,0.0
4.14456,2.30911,0.0
4.14456,2.36832,0.0
4.14456,2.42753,0.0
4.14456,2.48674,0.0
4.14456,2.54595,0.0
4.14456,2.60515,0.0
4.14456,2.66436,0.0
4.14456,2.72357,0.0
4.14456,2.78278,0.0
4.14456,2.84199,0.0
4.14456,2.9012,0.0
4.14456,2.9604,0.0
4.14456,3.01961,0.0
4.14456,3.07882,0.0
4.14456,3.13803,0.0
4.14456,3.19724,0.0
4.14456,3.25644,0.0
4.14456,3.31565,0.0
4.14456,3.37486,0.0
4.14456,3.43407,0.0
4.14456,3.49328,0.0
4.14456,3.55248,0.0
4.14456,3.61169,0.0
4.14456,3.6709,0.0
4.14456,3.73011,0.0
4.14456,3.78932,0.0
4.14456,3.84852,0.0
4.14456,3.90773,0.0
4.14456,3.96694,0.0
4.14456,4.02615,0.0
4.20377,-3.96694,0.0
4.20377,-3.90773,0.0
4.20377,-3.84852,0.0
4.20377,-3.78932,0.0
4.20377,-3.73011,0.0
4.20377,-3.6709,0.0
4.20377,-3.61169,0.0
4.20377,-3.55248,0.0
4.20377,-3.49328,0.0
4.20377,-3.43407,0.0
4.20377,-3.37486,0.0
4.20377,-3.31565,0.0
4.20377,-3.25644,0.0
4.20377,-3.19724,0.0
4.20377,-3.13803,0.0
4.20377,-3.07882,0.0
4.20377,-3.01961,0.0
4.20377,-2.9604,0.0
4.20377,-2.9012,0.0
4.20377,-2.84199,0.0
4.20377,-2.78278,0.0
4.20377,-2.72357,0.0
4.20377,-2.66436,0.0
4.20377,-2.60515,0.0
4.20377,-2.54595,0.0
4.20377,-2.48674,0.0
4.20377,-2.42753,0.0
4.20377,-2.36832,0.0
4.20377,-2.30911,0.0
4.20377,-2.24991,0.0
4.20377,-2.1907,0.0
4.20377,-2.13149,0.0
4.20377,-2.07228,0.0
4.20377,-2.01307,0.0
4.20377,-1.95387,0.0
4.20377,-1.89466,0.0
4.20377,-1.83545,0.0
4.20377,-1.77624,0.0
4.20377,-1.71703,0.0
4.20377,-1.65783,0.0
4.20377,-1.59862,0.0
4.20377,-1.53941,0.0
4.20377,-1.4802,0.0
4.20377,-1.42099,0.0
4.20377,-1.36179,0.0
4.20377,-1.30258,0.0
4.20377,-1.24337,0.0
4.20377,-1.18416,0.0
4.20377,-1.12495,0.0
4.20377,-1.06575,0.0
4.20377,-1.00654,0.0
4.20377,-0.94733,0.0
4.20377,-0.88812,0.0
4.20377,-0.82891,0.0
4.20377,-0.7697,0.0
4.20377,-0.7105,0.0
4.20377,-0.65129,0.0
4.20377,-0.59208,0.0
4.20377,-0.53287,0.0
4.20377,-0.47366,0.0
4.20377,-0.41446,0.0
4.20377,-0.35525,0.0
4.20377,-0.29604,0.0
4.20377,-0.23683,0.0
4.20377,-0.17762,0.0
4.20377,-0.11842,0.0
4.20377,-0.05921,0.0
4.20377,0,0.0
4.20377,0.05921,0.0
4.20377,0.11842,0.0
4.20377,0.17762,0.0
4.20377,0.23683,0.0
4.20377,0.29604,0.0
4.20377,0.35525,0.0
4.20377,0.41446,0.0
4.20377,0.47366,0.0
4.20377,0.53287,0.0
4.20377,0.59208,0.0
4.20377,0.65129,0.0
4.20377,0.7105,0.0
4.20377,0.7697,0.0
4.20377,0.82891,0.0
4.20377,0.88812,0.0
4.20377,0.94733,0.0
4.20377,1.00654,0.0
4.20377,1.06575,0.0
4.20377,1.12495,0.0
4.20377,1.18416,0.0
4.20377,1.24337,0.0
4.20377,1.30258,0.0
4.20377,1.36179,0.0
4.20377,1.42099,0.0
4.20377,1.4802,0.0
4.20377,1.53941,0.0
4.20377,1.59862,0.0
4.20377,1.65783,0.0
4.20377,1.71703,0.0
4.20377,1.77624,0.0
4.20377,1.83545,0.0
4.20377,1.89466,0.0
4.20377,1.95387,0.0
4.20377,2.01307,0.0
4.20377,2.07228,0.0
4.20377,2.13149,0.0
4.20377,2.1907,0.0
4.20377,2.24991,0.0
4.20377,2.30911,0.0
4.20377,2.36832,0.0
4.20377,2.42753,0.0
4.20377,2.48674,0.0
4.20377,2.54595,0.0
4.20377,2.60515,0.0
4.20377,2.66436,0.0
4.20377,2.72357,0.0
4.20377,2.78278,0.0
4.20377,2.84199,0.0
4.20377,2.9012,0.0
4.20377,2.9604,0.0
4.20377,3.01961,0.0
4.20377,3.07882,0.0
4.20377,3.13803,0.0
4.20377,3.19724,0.0
4.20377,3.25644,0.0
4.20377,3.31565,0.0
4.20377,3.37486,0.0
4.20377,3.43407,0.0
4.20377,3.49328,0.0
4.20377,3.55248,0.0
4.20377,3.61169,0.0
4.20377,3.6709,0.0
4.20377,3.73011,0.0
4.20377,3.78932,0.0
4.20377,3.84852,0.0
4.20377,3.90773,0.0
4.20377,3.96694,0.0
4.26298,-3.90773,0.0
4.26298,-3.84852,0.0
4.26298,-3.78932,0.0
4.26298,-3.73011,0.0
4.26298,-3.6709,0.0
4.26298,-3.61169,0.0
4.26298,-3.55248,0.0
4.26298,-3.49328,0.0
4.26298,-3.43407,0.0
4.26298,-3.37486,0.0
4.26298,-3.31565,0.0
4.26298,-3.25644,0.0
4.26298,-3.19724,0.0
4.26298,-3.13803,0.0
4.26298,-3.07882,0.0
4.26298,-3.01961,0.0
4.26298,-2.9604,0.0
4.26298,-2.9012,0.0
4.26298,-2.84199,0.0
4.26298,-2.78278,0.0
4.26298,-2.72357,0.0
4.26298,-2.66436,0.0
4.26298,-2.60515,0.0
4.26298,-2.54595,0.0
4.26298,-2.48674,0.0
4.26298,-2.42753,0.0
4.26298,-2.36832,0.0
4.26298,-2.30911,0.0
4.26298,-2.24991,0.0
4.26298,-2.1907,0.0
4.26298,-2.13149,0.0
4.26298,-2.07228,0.0
4.26298,-2.01307,0.0
4.26298,-1.95387,0.0
4.26298,-1.89466,0.0
4.26298,-1.83545,0.0
4.26298,-1.77624,0.0
4.26298,-1.71703,0.0
4.26298,-1.65783,0.0
4.26298,-1.59862,0.0
4.26298,-1.53941,0.0
4.26298,-1.4802,0.0
4.26298,-1.42099,0.0
4.26298,-1.36179,0.0
4.26298,-1.30258,0.0
4.26298,-1.24337,0.0
4.26298,-1.18416,0.0
4.26298,-1.12495,0.0
4.26298,-1.06575,0.0
4.26298,-1.00654,0.0
4.26298,-0.94733,0.0
4.26298,-0.88812,0.0
4.26298,-0.82891,0.0
4.26298,-0.7697,0.0
4.26298,-0.7105,0.0
4.26298,-0.65129,0.0
4.26298,-0.59208,0.0
4.26298,-0.53287,0.0
4.26298,-0.47366,0.0
4.26298,-0.41446,0.0
4.26298,-0.35525,0.0
4.26298,-0.29604,0.0
4.26298,-0.23683,0.0
4.26298,-0.17762,0.0
4.26298,-0.11842,0.0
4.26298,-0.05921,0.0
4.26298,0,0.0
4.26298,0.05921,0.0
4.26298,0.11842,0.0
4.26298,0.17762,0.0
4.26298,0.23683,0.0
4.26298,0.29604,0.0
4.26298,0.35525,0.0
4.26298,0.41446,0.0
4.26298,0.47366,0.0
4.26298,0.53287,0.0
4.26298,0.59208,0.0
4.26298,0.65129,0.0
4.26298,0.7105,0.0
4.26298,0.7697,0.0
4.26298,0.82891,0.0
4.26298,0.88812,0.0
4.26298,0.94733,0.0
4.26298,1.00654,0.0
4.26298,1.06575,0.0
4.26298,1.12495,0.0
4.26298,1.18416,0.0
4.26298,1.24337,0.0
4.26298,1.30258,0.0
4.26298,1.36179,0.0
4.26298,1.42099,0.0
4.26298,1.4802,0.0
4.26298,1.53941,0.0
4.26298,1.59862,0.0
4.26298,1.65783,0.0
4.26298,1.71703,0.0
4.26298,1.77624,0.0
4.26298,1.83545,0.0
4.26298,1.89466,0.0
4.26298,1.95387,0.0
4.26298,2.01307,0.0
4.26298,2.07228,0.0
4.26298,2.13149,0.0
4.26298,2.1907,0.0
4.26298,2.24991,0.0
4.26298,2.30911,0.0
4.26298,2.36832,0.0
4.26298,2.42753,0.0
4.26298,2.48674,0.0
4.26298,2.54595,0.0
4.26298,2.60515,0.0
4.26298,2.66436,0.0
4.26298,2.72357,0.0
4.26298,2.78278,0.0
4.26298,2.84199,0.0
4.26298,2.9012,0.0
4.26298,2.9604,0.0
4.26298,3.01961,0.0
4.26298,3.07882,0.0
4.26298,3.13803,0.0
4.26298,3.19724,0.0
4.26298,3.25644,0.0
4.26298,3.31565,0.0
4.26298,3.37486,0.0
4.26298,3.43407,0.0
4.26298,3.49328,0.0
4.26298,3.55248,0.0
4.26298,3.61169,0.0
4.26298,3.6709,0.0
4.26298,3.73011,0.0
4.26298,3.78932,0.0
4.26298,3.84852,0.0
4.26298,3.90773,0.0
4.32219,-3.84852,0.0
4.32219,-3.78932,0.0
4.32219,-3.73011,0.0
4.32219,-3.6709,0.0
4.32219,-3.61169,0.0
4.32219,-3.55248,0.0
4.32219,-3.49328,0.0
4.32219,-3.43407,0.0
4.32219,-3.37486,0.0
4.32219,-3.31565,0.0
4.32219,-3.25644,0.0
4.32219,-3.19724,0.0
4.32219,-3.13803,0.0
4.32219,-3.07882,0.0
4.32219,-3.01961,0.0
4.32219,-2.9604,0.0
4.32219,-2.9012,0.0
4.32219,-2.84199,0.0
4.32219,-2.78278,0.0
4.32219,-2.72357,0.0
4.32219,-2.66436,0.0
4.32219,-2.60515,0.0
4.32219,-2.54595,0.0
4.32219,-2.48674,0.0
4.32219,-2.42753,0.0
4.32219,-2.36832,0.0
4.32219,-2.30911,0.0
4.32219,-2.24991,0.0
4.32219,-2.1907,0.0
4.32219,-2.13149,0.0
4.32219,-2.07228,0.0
4.32219,-2.01307,0.0
4.32219,-1.95387,0.0
4.32219,-1.89466,0.0
4.32219,-1.83545,0.0
4.32219,-1.77624,0.0
4.32219,-1.71703,0.0
4.32219,-1.65783,0.0
4.32219,-1.59862,0.0
4.32219,-1.53941,0.0
4.32219,-1.4802,0.0
4.32219,-1.42099,0.0
4.32219,-1.36179,0.0
4.32219,-1.30258,0.0
4.32219,-1.24337,0.0
4.32219,-1.18416,0.0
4.32219,-1.12495,0.0
4.32219,-1.06575,0.0
4.32219,-1.00654,0.0
4.32219,-0.94733,0.0
4.32219,-0.88812,0.0
4.32219,-0.82891,0.0
4.32219,-0.7697,0.0
4.32219,-0.7105,0.0
4.32219,-0.65129,0.0
4.32219,-0.59208,0.0
4.32219,-0.53287,0.0
4.32219,-0.47366,0.0
4.32219,-0.41446,0.0
4.32219,-0.35525,0.0
4.32219,-0.29604,0.0
4.32219,-0.23683,0.0
4.32219,-0.17762,0.0
4.32219,-0.11842,0.0
4.32219,-0.05921,0.0
4.32219,0,0.0
4.32219,0.05921,0.0
4.32219,0.11842,0.0
4.32219,0.17762,0.0
4.32219,0.23683,0.0
4.32219,0.29604,0.0
4.32219,0.35525,0.0
4.32219,0.41446,0.0
4.32219,0.47366,0.0
4.32219,0.53287,0.0
4.32219,0.59208,0.0
4.32219,0.65129,0.0
4.32219,0.7105,0.0
4.32219,0.7697,0.0
4.32219,0.82891,0.0
4.32219,0.88812,0.0
4.32219,0.94733,0.0
4.32219,1.00654,0.0
4.32219,1.06575,0.0
4.32219,1.12495,0.0
4.32219,1.18416,0.0
4.32219,1.24337,0.0
4.32219,1.30258,0.0
4.32219,1.36179,0.0
4.32219,1.42099,0.0
4.32219,1.4802,0.0
4.32219,1.53941,0.0
4.32219,1.59862,0.0
4.32219,1.65783,0.0
4.32219,1.71703,0.0
4.32219,1.77624,0.0
4.32219,1.83545,0.0
4.32219,1.89466,0.0
4.32219,1.95387,0.0
4.32219,2.01307,0.0
4.32219,2.07228,0.0
4.32219,2.13149,0.0
4.32219,2.1907,0.0
4.32219,2.24991,0.0
4.32219,2.30911,0.0
4.32219,2.36832,0.0
4.32219,2.42753,0.0
4.32219,2.48674,0.0
4.32219,2.54595,0.0
4.32219,2.60515,0.0
4.32219,2.66436,0.0
4.32219,2.72357,0.0
4.32219,2.78278,0.0
4.32219,2.84199,0.0
4.32219,2.9012,0.0
4.32219,2.9604,0.0
4.32219,3.01961,0.0
4.32219,3.07882,0.0
4.32219,3.13803,0.0
4.32219,3.19724,0.0
4.32219,3.25644,0.0
4.32219,3.31565,0.0
4.32219,3.37486,0.0
4.32219,3.43407,0.0
4.32219,3.49328,0.0
4.32219,3.55248,0.0
4.32219,3.61169,0.0
4.32219,3.6709,0.0
4.32219,3.73011,0.0
4.32219,3.78932,0.0
4.32219,3.84852,0.0
4.3814,-3.78932,0.0
4.3814,-3.73011,0.0
4.3814,-3.6709,0.0
4.3814,-3.61169,0.0
4.3814,-3.55248,0.0
4.3814,-3.49328,0.0
4.3814,-3.43407,0.0
4.3814,-3.37486,0.0
4.3814,-3.31565,0.0
4.3814,-3.25644,0.0
4.3814,-3.19724,0.0
4.3814,-3.13803,0.0
4.3814,-3.07882,0.0
4.3814,-3.01961,0.0
4.3814,-2.9604,0.0
4.3814,-2.9012,0.0
4.3814,-2.84199,0.0
4.3814,-2.78278,0.0
4.3814,-2.72357,0.0
4.3814,-2.66436,0.0
4.3814,-2.60515,0.0
4.3814,-2.54595,0.0
4.3814,-2.48674,0.0
4.3814,-2.42753,0.0
4.3814,-2.36832,0.0
4.3814,-2.30911,0.0
4.3814,-2.24991,0.0
4.3814,-2.1907,0.0
4.3814,-2.13149,0.0
4.3814,-2.07228,0.0
4.3814,-2.01307,0.0
4.3814,-1.95387,0.0
4.3814,-1.89466,0.0
4.3814,-1.83545,0.0
4.3814,-1.77624,0.0
4.3814,-1.71703,0.0
4.3814,-1.65783,0.0
4.3814,-1.59862,0.0
4.3814,-1.53941,0.0
4.3814,-1.4802,0.0
4.3814,-1.42099,0.0
4.3814,-1.36179,0.0
4.3814,-1.30258,0.0
4.3814,-1.24337,0.0
4.3814,-1.18416,0.0
4.3814,-1.12495,0.0
4.3814,-1.06575,0.0
4.3814,-1.00654,0.0
4.3814,-0.94733,0.0
4.3814,-0.88812,0.0
4.3814,-0.82891,0.0
4.3814,-0.7697,0.0
4.3814,-0.7105,0.0
4.3814,-0.65129,0.0
4.3814,-0.59208,0.0
4.3814,-0.53287,0.0
4.3814,-0.47366,0.0
4.3814,-0.41446,0.0
4.3814,-0.35525,0.0
4.3814,-0.29604,0.0
4.3814,-0.23683,0.0
4.3814,-0.17762,0.0
4.3814,-0.11842,0.0
4.3814,-0.05921,0.0
4.3814,0,0.0
4.3814,0.05921,0.0
4.3814,0.11842,0.0
4.3814,0.17762,0.0
4.3814,0.23683,0.0
4.3814,0.29604,0.0
4.3814,0.35525,0.0
4.3814,0.41446,0.0
4.3814,0.47366,0.0
4.3814,0.53287,0.0
4.3814,0.59208,0.0
4.3814,0.65129,0.0
4.3814,0.7105,0.0
4.3814,0.7697,0.0
4.3814,0.82891,0.0
4.3814,0.88812,0.0
4.3814,0.94733,0.0
4.3814,1.00654,0.0
4.3814,1.06575,0.0
4.3814,1.12495,0.0
4.3814,1.18416,0.0
4.3814,1.24337,0.0
4.3814,1.30258,0.0
4.3814,1.36179,0.0
4.3814,1.42099,0.0
4.3814,1.4802,0.0
4.3814,1.53941,0.0
4.3814,1.59862,0.0
4.3814,1.65783,0.0
4.3814,1.71703,0.0
4.3814,1.77624,0.0
4.3814,1.83545,0.0
4.3814,1.89466,0.0
4.3814,1.95387,0.0
4.3814,2.01307,0.0
4.3814,2.07228,0.0
4.3814,2.13149,0.0
4.3814,2.1907,0.0
4.3814,2.24991,0.0
4.3814,2.30911,0.0
4.3814,2.36832,0.0
4.3814,2.42753,0.0
4.3814,2.48674,0.0
4.3814,2.54595,0.0
4.3814,2.60515,0.0
4.3814,2.66436,0.0
4.3814,2.72357,0.0
4.3814,2.78278,0.0
4.3814,2.84199,0.0
4.3814,2.9012,0.0
4.3814,2.9604,0.0
4.3814,3.01961,0.0
4.3814,3.07882,0.0
4.3814,3.13803,0.0
4.3814,3.19724,0.0
4.3814,3.25644,0.0
4.3814,3.31565,0.0
4.3814,3.37486,0.0
4.3814,3.43407,0.0
4.3814,3.49328,0.0
4.3814,3.55248,0.0
4.3814,3.61169,0.0
4.3814,3.6709,0.0
4.3814,3.73011,0.0
4.3814,3.78932,0.0
4.4406,-3.73011,0.0
4.4406,-3.6709,0.0
4.4406,-3.61169,0.0
4.4406,-3.55248,0.0
4.4406,-3.49328,0.0
4.4406,-3.43407,0.0
4.4406,-3.37486,0.0
4.4406,-3.31565,0.0
4.4406,-3.25644,0.0
4.4406,-3.19724,0.0
4.4406,-3.13803,0.0
4.4406,-3.07882,0.0
4.4406,-3.01961,0.0
4.4406,-2.9604,0.0
4.4406,-2.9012,0.0
4.4406,-2.84199,0.0
4.4406,-2.78278,0.0
4.4406,-2.72357,0.0
4.4406,-2.66436,0.0
4.4406,-2.60515,0.0
4.4406,-2.54595,0.0
4.4406,-2.48674,0.0
4.4406,-2.42753,0.0
4.4406,-2.36832,0.0
4.4406,-2.30911,0.0
4.4406,-2.24991,0.0
4.4406,-2.1907,0.0
4.4406,-2.13149,0.0
4.4406,-2.07228,0.0
4.4406,-2.01307,0.0
4.4406,-1.95387,0.0
4.4406,-1.89466,0.0
4.4406,-1.83545,0.0
4.4406,-1.77624,0.0
4.4406,-1.71703,0.0
4.4406,-1.65783,0.0
4.4406,-1.59862,0.0
4.4406,-1.53941,0.0
4.4406,-1.4802,0.0
4.4406,-1.42099,0.0
4.4406,-1.36179,0.0
4.4406,-1.30258,0.0
4.4406,-1.24337,0.0
4.4406,-1.18416,0.0
4.4406,-1.12495,0.0
4.4406,-1.06575,0.0
4.4406,-1.00654,0.0
4.4406,-0.94733,0.0
4.4406,-0.88812,0.0
4.4406,-0.82891,0.0
4.4406,-0.7697,0.0
4.4406,-0.7105,0.0
4.4406,-0.65129,0.0
4.4406,-0.59208,0.0
4.4406,-0.53287,0.0
4.4406,-0.47366,0.0
4.4406,-0.41446,0.0
4.4406,-0.35525,0.0
4.4406,-0.29604,0.0
4.4406,-0.23683,0.0
4.4406,-0.17762,0.0
4.4406,-0.11842,0.0
4.4406,-0.05921,0.0
4.4406,0,0.0
4.4406,0.05921,0.0
4.4406,0.11842,0.0
4.4406,0.17762,0.0
4.4406,0.23683,0.0
4.4406,0.29604,0.0
4.4406,0.35525,0.0
4.4406,0.41446,0.0
4.4406,0.47366,0.0
4.4406,0.53287,0.0
4.4406,0.59208,0.0
4.4406,0.65129,0.0
4.4406,0.7105,0.0
4.4406,0.7697,0.0
4.4406,0.82891,0.0
4.4406,0.88812,0.0
4.4406,0.94733,0.0
4.4406,1.00654,0.0
4.4406,1.06575,0.0
4.4406,1.12495,0.0
4.4406,1.18416,0.0
4.4406,1.24337,0.0
4.4406,1.30258,0.0
4.4406,1.36179,0.0
4.4406,1.42099,0.0
4.4406,1.4802,0.0
4.4406,1.53941,0.0
4.4406,1.59862,0.0
4.4406,1.65783,0.0
4.4406,1.71703,0.0
4.4406,1.77624,0.0
4.4406,1.83545,0.0
4.4406,1.89466,0.0
4.4406,1.95387,0.0
4.4406,2.01307,0.0
4.4406,2.07228,0.0
4.4406,2.13149,0.0
4.4406,2.1907,0.0
4.4406,2.24991,0.0
4.4406,2.30911,0.0
4.4406,2.36832,0.0
4.4406,2.42753,0.0
4.4406,2.48674,0.0
4.4406,2.54595,0.0
4.4406,2.60515,0.0
4.4406,2.66436,0.0
4.4406,2.72357,0.0
4.4406,2.78278,0.0
4.4406,2.84199,0.0
4.4406,2.9012,0.0
4.4406,2.9604,0.0
4.4406,3.01961,0.0
4.4406,3.07882,0.0
4.4406,3.13803,0.0
4.4406,3.19724,0.0
4.4406,3.25644,0.0
4.4406,3.31565,0.0
4.4406,3.37486,0.0
4.4406,3.43407,0.0
4.4406,3.49328,0.0
4.4406,3.55248,0.0
4.4406,3.61169,0.0
4.4406,3.6709,0.0
4.4406,3.73011,0.0
4.49981,-3.61169,0.0
4.49981,-3.55248,0.0
4.49981,-3.49328,0.0
4.49981,-3.43407,0.0
4.49981,-3.37486,0.0
4.49981,-3.31565,0.0
4.49981,-3.25644,0.0
4.49981,-3.19724,0.0
4.49981,-3.13803,0.0
4.49981,-3.07882,0.0
4.49981,-3.01961,0.0
4.49981,-2.9604,0.0
4.49981,-2.9012,0.0
4.49981,-2.84199,0.0
4.49981,-2.78278,0.0
4.49981,-2.72357,0.0
4.49981,-2.66436,0.0
4.49981,-2.60515,0.0
4.49981,-2.54595,0.0
4.49981,-2.48674,0.0
4.49981,-2.42753,0.0
4.49981,-2.36832,0.0
4.49981,-2.30911,0.0
4.49981,-2.24991,0.0
4.49981,-2.1907,0.0
4.49981,-2.13149,0.0
4.49981,-2.07228,0.0
4.49981,-2.01307,0.0
4.49981,-1.95387,0.0
4.49981,-1.89466,0.0
4.49981,-1.83545,0.0
4.49981,-1.77624,0.0
4.49981,-1.71703,0.0
4.49981,-1.65783,0.0
4.49981,-1.59862,0.0
4.49981,-1.53941,0.0
4.49981,-1.4802,0.0
4.49981,-1.42099,0.0
4.49981,-1.36179,0.0
4.49981,-1.30258,0.0
4.49981,-1.24337,0.0
4.49981,-1.18416,0.0
4.49981,-1.12495,0.0
4.49981,-1.06575,0.0
4.49981,-1.00654,0.0
4.49981,-0.94733,0.0
4.49981,-0.88812,0.0
4.49981,-0.82891,0.0
4.49981,-0.7697,0.0
4.49981,-0.7105,0.0
4.49981,-0.65129,0.0
4.49981,-0.59208,0.0
4.49981,-0.53287,0.0
4.49981,-0.47366,0.0
4.49981,-0.41446,0.0
4.49981,-0.35525,0.0
4.49981,-0.29604,0.0
4.49981,-0.23683,0.0
4.49981,-0.17762,0.0
4.49981,-0.11842,0.0
4.49981,-0.05921,0.0
4.49981,0,0.0
4.49981,0.05921,0.0
4.49981,0.11842,0.0
4.49981,0.17762,0.0
4.49981,0.23683,0.0
4.49981,0.29604,0.0
4.49981,0.35525,0.0
4.49981,0.41446,0.0
4.49981,0.47366,0.0
4.49981,0.53287,0.0
4.49981,0.59208,0.0
4.49981,0.65129,0.0
4.49981,0.7105,0.0
4.49981,0.7697,0.0
4.49981,0.82891,0.0
4.49981,0.88812,0.0
4.49981,0.94733,0.0
4.49981,1.00654,0.0
4.49981,1.06575,0.0
4.49981,1.12495,0.0
4.49981,1.18416,0.0
4.49981,1.24337,0.0
4.49981,1.30258,0.0
4.49981,1.36179,0.0
4.49981,1.42099,0.0
4.49981,1.4802,0.0
4.49981,1.53941,0.0
4.49981,1.59862,0.0
4.49981,1.65783,0.0
4.49981,1.71703,0.0
4.49981,1.77624,0.0
4.49981,1.83545,0.0
4.49981,1.89466,0.0
4.49981,1.95387,0.0
4.49981,2.01307,0.0
4.49981,2.07228,0.0
4.49981,2.13149,0.0
4.49981,2.1907,0.0
4.49981,2.24991,0.0
4.49981,2.30911,0.0
4.49981,2.36832,0.0
4.49981,2.42753,0.0
4.49981,2.48674,0.0
4.49981,2.54595,0.0
4.49981,2.60515,0.0
4.49981,2.66436,0.0
4.49981,2.72357,0.0
4.49981,2.78278,0.0
4.49981,2.84199,0.0
4.49981,2.9012,0.0
4.49981,2.9604,0.0
4.49981,3.01961,0.0
4.49981,3.07882,0.0
4.49981,3.13803,0.0
4.49981,3.19724,0.0
4.49981,3.25644,0.0
4.49981,3.31565,0.0
4.49981,3.37486,0.0
4.49981,3.43407,0.0
4.49981,3.49328,0.0
4.49981,3.55248,0.0
4.49981,3.61169,0.0
4.55902,-3.55248,0.0
4.55902,-3.49328,0.0
4.55902,-3.43407,0.0
4.55902,-3.37486,0.0
4.55902,-3.31565,0.0
4.55902,-3.25644,0.0
4.55902,-3.19724,0.0
4.55902,-3.13803,0.0
4.55902,-3.07882,0.0
4.55902,-3.01961,0.0
4.55902,-2.9604,0.0
4.55902,-2.9012,0.0
4.55902,-2.84199,0.0
4.55902,-2.78278,0.0
4.55902,-2.72357,0.0
4.55902,-2.66436,0.0
4.55902,-2.60515,0.0
4.55902,-2.54595,0.0
4.55902,-2.48674,0.0
4.55902,-2.42753,0.0
4.55902,-2.36832,0.0
4.55902,-2.30911,0.0
4.55902,-2.24991,0.0
4.55902,-2.1907,0.0
4.55902,-2.13149,0.0
4.55902,-2.07228,0.0
4.55902,-2.01307,0.0
4.55902,-1.95387,0.0
4.55902,-1.89466,0.0
4.55902,-1.83545,0.0
4.55902,-1.77624,0.0
4.55902,-1.71703,0.0
4.55902,-1.65783,0.0
4.55902,-1.59862,0.0
4.55902,-1.53941,0.0
4.55902,-1.4802,0.0
4.55902,-1.42099,0.0
4.55902,-1.36179,0.0
4.55902,-1.30258,0.0
4.55902,-1.24337,0.0
4.55902,-1.18416,0.0
4.55902,-1.12495,0.0
4.55902,-1.06575,0.0
4.55902,-1.00654,0.0
4.55902,-0.94733,0.0
4.55902,-0.88812,0.0
4.55902,-0.82891,0.0
4.55902,-0.7697,0.0
4.55902,-0.7105,0.0
4.55902,-0.65129,0.0
4.55902,-0.59208,0.0
4.55902,-0.53287,0.0
4.55902,-0.47366,0.0
4.55902,-0.41446,0.0
4.55902,-0.35525,0.0
4.55902,-0.29604,0.0
4.55902,-0.23683,0.0
4.55902,-0.17762,0.0
4.55902,-0.11842,0.0
4.55902,-0.05921,0.0
4.55902,0,0.0
4.55902,0.05921,0.0
4.55902,0.11842,0.0
4.55902,0.17762,0.0
4.55902,0.23683,0.0
4.55902,0.29604,0.0
4.55902,0.35525,0.0
4.55902,0.41446,0.0
4.55902,0.47366,0.0
4.55902,0.53287,0.0
4.55902,0.59208,0.0
4.55902,0.65129,0.0
4.55902,0.7105,0.0
4.55902,0.7697,0.0
4.55902,0.82891,0.0
4.55902,0.88812,0.0
4.55902,0.94733,0.0
4.55902,1.00654,0.0
4.55902,1.06575,0.0
4.55902,1.12495,0.0
4.55902,1.18416,0.0
4.55902,1.24337,0.0
4.55902,1.30258,0.0
4.55902,1.36179,0.0
4.55902,1.42099,0.0
4.55902,1.4802,0.0
4.55902,1.53941,0.0
4.55902,1.59862,0.0
4.55902,1.65783,0.0
4.55902,1.71703,0.0
4.55902,1.77624,0.0
4.55902,1.83545,0.0
4.55902,1.89466,0.0
4.55902,1.95387,0.0
4.55902,2.01307,0.0
4.55902,2.07228,0.0
4.55902,2.13149,0.0
4.55902,2.1907,0.0
4.55902,2.24991,0.0
4.55902,2.30911,0.0
4.55902,2.36832,0.0
4.55902,2.42753,0.0
4.55902,2.48674,0.0
4.55902,2.54595,0.0
4.55902,2.60515,0.0
4.55902,2.66436,0.0
4.55902,2.72357,0.0
4.55902,2.78278,0.0
4.55902,2.84199,0.0
4.55902,2.9012,0.0
4.55902,2.9604,0.0
4.55902,3.01961,0.0
4.55902,3.07882,0.0
4.55902,3.13803,0.0
4.55902,3.19724,0.0
4.55902,3.25644,0.0
4.55902,3.31565,0.0
4.55902,3.37486,0.0
4.55902,3.43407,0.0
4.55902,3.49328,0.0
4.55902,3.55248,0.0
4.61823,-3.49328,0.0
4.61823,-3.43407,0.0
4.61823,-3.37486,0.0
4.61823,-3.31565,0.0
4.61823,-3.25644,0.0
4.61823,-3.19724,0.0
4.61823,-3.13803,0.0
4.61823,-3.07882,0.0
4.61823,-3.01961,0.0
4.61823,-2.9604,0.0
4.61823,-2.9012,0.0
4.61823,-2.84199,0.0
4.61823,-2.78278,0.0
4.61823,-2.72357,0.0
4.61823,-2.66436,0.0
4.61823,-2.60515,0.0
4.61823,-2.54595,0.0
4.61823,-2.48674,0.0
4.61823,-2.42753,0.0
4.61823,-2.36832,0.0
4.61823,-2.30911,0.0
4.61823,-2.24991,0.0
4.61823,-2.1907,0.0
4.61823,-2.13149,0.0
4.61823,-2.07228,0.0
4.61823,-2.01307,0.0
4.61823,-1.95387,0.0
4.61823,-1.89466,0.0
4.61823,-1.83545,0.0
4.61823,-1.77624,0.0
4.61823,-1.71703,0.0
4.61823,-1.65783,0.0
4.61823,-1.59862,0.0
4.61823,-1.53941,0.0
4.61823,-1.4802,0.0
4.61823,-1.42099,0.0
4.61823,-1.36179,0.0
4.61823,-1.30258,0.0
4.61823,-1.24337,0.0
4.61823,-1.18416,0.0
4.61823,-1.12495,0.0
4.61823,-1.06575,0.0
4.61823,-1.00654,0.0
4.61823,-0.94733,0.0
4.61823,-0.88812,0.0
4.61823,-0.82891,0.0
4.61823,-0.7697,0.0
4.61823,-0.7105,0.0
4.61823,-0.65129,0.0
4.61823,-0.59208,0.0
4.61823,-0.53287,0.0
4.61823,-0.47366,0.0
4.61823,-0.41446,0.0
4.61823,-0.35525,0.0
4.61823,-0.29604,0.0
4.61823,-0.23683,0.0
4.61823,-0.17762,0.0
4.61823,-0.11842,0.0
4.61823,-0.05921,0.0
4.61823,0,0.0
4.61823,0.05921,0.0
4.61823,0.11842,0.0
4.61823,0.17762,0.0
4.61823,0.23683,0.0
4.61823,0.29604,0.0
4.61823,0.35525,0.0
4.61823,0.41446,0.0
4.61823,0.47366,0.0
4.61823,0.53287,0.0
4.61823,0.59208,0.0
4.61823,0.65129,0.0
4.61823,0.7105,0.0
4.61823,0.7697,0.0
4.61823,0.82891,0.0
4.61823,0.88812,0.0
4.61823,0.94733,0.0
4.61823,1.00654,0.0
4.61823,1.06575,0.0
4.61823,1.12495,0.0
4.61823,1.18416,0.0
4.61823,1.24337,0.0
4.61823,1.30258,0.0
4.61823,1.36179,0.0
4.61823,1.42099,0.0
4.61823,1.4802,0.0
4.61823,1.53941,0.0
4.61823,1.59862,0.0
4.61823,1.65783,0.0
4.61823,1.71703,0.0
4.61823,1.77624,0.0
4.61823,1.83545,0.0
4.61823,1.89466,0.0
4.61823,1.95387,0.0
4.61823,2.01307,0.0
4.61823,2.07228,0.0
4.61823,2.13149,0.0
4.61823,2.1907,0.0
4.61823,2.24991,0.0
4.61823,2.30911,0.0
4.61823,2.36832,0.0
4.61823,2.42753,0.0
4.61823,2.48674,0.0
4.61823,2.54595,0.0
4.61823,2.60515,0.0
4.61823,2.66436,0.0
4.61823,2.72357,0.0
4.61823,2.78278,0.0
4.61823,2.84199,0.0
4.61823,2.9012,0.0
4.61823,2.9604,0.0
4.61823,3.01961,0.0
4.61823,3.07882,0.0
4.61823,3.13803,0.0
4.61823,3.19724,0.0
4.61823,3.25644,0.0
4.61823,3.31565,0.0
4.61823,3.37486,0.0
4.61823,3.43407,0.0
4.61823,3.49328,0.0
4.67744,-3.37486,0.0
4.67744,-3.31565,0.0
4.67744,-3.25644,0.0
4.67744,-3.19724,0.0
4.67744,-3.13803,0.0
4.67744,-3.07882,0.0
4.67744,-3.01961,0.0
4.67744,-2.9604,0.0
4.67744,-2.9012,0.0
4.67744,-2.84199,0.0
4.67744,-2.78278,0.0
4.67744,-2.72357,0.0
4.67744,-2.66436,0.0
4.67744,-2.60515,0.0
4.67744,-2.54595,0.0
4.67744,-2.48674,0.0
4.67744,-2.42753,0.0
4.67744,-2.36832,0.0
4.67744,-2.30911,0.0
4.67744,-2.24991,0.0
4.67744,-2.1907,0.0
4.67744,-2.13149,0.0
4.67744,-2.07228,0.0
4.67744,-2.01307,0.0
4.67744,-1.95387,0.0
4.67744,-1.89466,0.0
4.67744,-1.83545,0.0
4.67744,-1.77624,0.0
4.67744,-1.71703,0.0
4.67744,-1.65783,0.0
4.67744,-1.59862,0.0
4.67744,-1.53941,0.0
4.67744,-1.4802,0.0
4.67744,-1.42099,0.0
4.67744,-1.36179,0.0
4.67744,-1.30258,0.0
4.67744,-1.24337,0.0
4.67744,-1.18416,0.0
4.67744,-1.12495,0.0
4.67744,-1.06575,0.0
4.67744,-1.00654,0.0
4.67744,-0.94733,0.0
4.67744,-0.88812,0.0
4.67744,-0.82891,0.0
4.67744,-0.7697,0.0
4.67744,-0.7105,0.0
4.67744,-0.65129,0.0
4.67744,-0.59208,0.0
4.67744,-0.53287,0.0
4.67744,-0.47366,0.0
4.67744,-0.41446,0.0
4.67744,-0.35525,0.0
4.67744,-0.29604,0.0
4.67744,-0.23683,0.0
4.67744,-0.17762,0.0
4.67744,-0.11842,0.0
4.67744,-0.05921,0.0
4.67744,0,0.0
4.67744,0.05921,0.0
4.67744,0.11842,0.0
4.67744,0.17762,0.0
4.67744,0.23683,0.0
4.67744,0.29604,0.0
4.67744,0.35525,0.0
4.67744,0.41446,0.0
4.67744,0.47366,0.0
4.67744,0.53287,0.0
4.67744,0.59208,0.0
4.67744,0.65129,0.0
4.67744,0.7105,0.0
4.67744,0.7697,0.0
4.67744,0.82891,0.0
4.67744,0.88812,0.0
4.67744,0.94733,0.0
4.67744,1.00654,0.0
4.67744,1.06575,0.0
4.67744,1.12495,0.0
4.67744,1.18416,0.0
4.67744,1.24337,0.0
4.67744,1.30258,0.0
4.67744,1.36179,0.0
4.67744,1.42099,0.0
4.67744,1.4802,0.0
4.67744,1.53941,0.0
4.67744,1.59862,0.0
4.67744,1.65783,0.0
4.67744,1.71703,0.0
4.67744,1.77624,0.0
4.67744,1.83545,0.0
4.67744,1.89466,0.0
4.67744,1.95387,0.0
4.67744,2.01307,0.0
4.67744,2.07228,0.0
4.67744,2.13149,0.0
4.67744,2.1907,0.0
4.67744,2.24991,0.0
4.67744,2.30911,0.0
4.67744,2.36832,0.0
4.67744,2.42753,0.0
4.67744,2.48674,0.0
4.67744,2.54595,0.0
4.67744,2.60515,0.0
4.67744,2.66436,0.0
4.67744,2.72357,0.0
4.67744,2.78278,0.0
4.67744,2.84199,0.0
4.67744,2.9012,0.0
4.67744,2.9604,0.0
4.67744,3.01961,0.0
4.67744,3.07882,0.0
4.67744,3.13803,0.0
4.67744,3.19724,0.0
4.67744,3.25644,0.0
4.67744,3.31565,0.0
4.67744,3.37486,0.0
4.73665,-3.31565,0.0
4.73665,-3.25644,0.0
4.73665,-3.19724,0.0
4.73665,-3.13803,0.0
4.73665,-3.07882,0.0
4.73665,-3.01961,0.0
4.73665,-2.9604,0.0
4.73665,-2.9012,0.0
4.73665,-2.84199,0.0
4.73665,-2.78278,0.0
4.73665,-2.72357,0.0
4.73665,-2.66436,0.0
4.73665,-2.60515,0.0
4.73665,-2.54595,0.0
4.73665,-2.48674,0.0
4.73665,-2.42753,0.0
4.73665,-2.36832,0.0
4.73665,-2.30911,0.0
4.73665,-2.24991,0.0
4.73665,-2.1907,0.0
4.73665,-2.13149,0.0
4.73665,-2.07228,0.0
4.73665,-2.01307,0.0
4.73665,-1.95387,0.0
4.73665,-1.89466,0.0
4.73665,-1.83545,0.0
4.73665,-1.77624,0.0
4.73665,-1.71703,0.0
4.73665,-1.65783,0.0
4.73665,-1.59862,0.0
4.73665,-1.53941,0.0
4.73665,-1.4802,0.0
4.73665,-1.42099,0.0
4.73665,-1.36179,0.0
4.73665,-1.30258,0.0
4.73665,-1.24337,0.0
4.73665,-1.18416,0.0
4.73665,-1.12495,0.0
4.73665,-1.06575,0.0
4.73665,-1.00654,0.0
4.73665,-0.94733,0.0
4.73665,-0.88812,0.0
4.73665,-0.82891,0.0
4.73665,-0.7697,0.0
4.73665,-0.7105,0.0
4.73665,-0.65129,0.0
4.73665,-0.59208,0.0
4.73665,-0.53287,0.0
4.73665,-0.47366,0.0
4.73665,-0.41446,0.0
4.73665,-0.35525,0.0
4.73665,-0.29604,0.0
4.73665,-0.23683,0.0
4.73665,-0.17762,0.0
4.73665,-0.11842,0.0
4.73665,-0.05921,0.0
4.73665,0,0.0
4.73665,0.05921,0.0
4.73665,0.11842,0.0
4.73665,0.17762,0.0
4.73665,0.23683,0.0
4.73665,0.29604,0.0
4.73665,0.35525,0.0
4.73665,0.41446,0.0
4.73665,0.47366,0.0
4.73665,0.53287,0.0
4.73665,0.59208,0.0
4.73665,0.65129,0.0
4.73665,0.7105,0.0
4.73665,0.7697,0.0
4.73665,0.82891,0.0
4.73665,0.88812,0.0
4.73665,0.94733,0.0
4.73665,1.00654,0.0
4.73665,1.06575,0.0
4.73665,1.12495,0.0
4.73665,1.18416,0.0
4.73665,1.24337,0.0
4.73665,1.30258,0.0
4.73665,1.36179,0.0
4.73665,1.42099,0.0
4.73665,1.4802,0.0
4.73665,1.53941,0.0
4.73665,1.59862,0.0
4.73665,1.65783,0.0
4.73665,1.71703,0.0
4.73665,1.77624,0.0
4.73665,1.83545,0.0
4.73665,1.89466,0.0
4.73665,1.95387,0.0
4.73665,2.01307,0.0
4.73665,2.07228,0.0
4.73665,2.13149,0.0
4.73665,2.1907,0.0
4.73665,2.24991,0.0
4.73665,2.30911,0.0
4.73665,2.36832,0.0
4.73665,2.42753,0.0
4.73665,2.48674,0.0
4.73665,2.54595,0.0
4.73665,2.60515,0.0
4.73665,2.66436,0.0
4.73665,2.72357,0.0
4.73665,2.78278,0.0
4.73665,2.84199,0.0
4.73665,2.9012,0.0
4.73665,2.9604,0.0
4.73665,3.01961,0.0
4.73665,3.07882,0.0
4.73665,3.13803,0.0
4.73665,3.19724,0.0
4.73665,3.25644,0.0
4.73665,3.31565,0.0
4.79585,-3.25644,0.0
4.79585,-3.19724,0.0
4.79585,-3.13803,0.0
4.79585,-3.07882,0.0
4.79585,-3.01961,0.0
4.79585,-2.9604,0.0
4.79585,-2.9012,0.0
4.79585,-2.84199,0.0
4.79585,-2.78278,0.0
4.79585,-2.72357,0.0
4.79585,-2.66436,0.0
4.79585,-2.60515,0.0
4.79585,-2.54595,0.0
4.79585,-2.48674,0.0
4.79585,-2.42753,0.0
4.79585,-2.36832,0.0
4.79585,-2.30911,0.0
4.79585,-2.24991,0.0
4.79585,-2.1907,0.0
4.79585,-2.13149,0.0
4.79585,-2.07228,0.0
4.79585,-2.01307,0.0
4.79585,-1.95387,0.0
4.79585,-1.89466,0.0
4.79585,-1.83545,0.0
4.79585,-1.77624,0.0
4.79585,-1.71703,0.0
4.79585,-1.65783,0.0
4.79585,-1.59862,0.0
4.79585,-1.53941,0.0
4.79585,-1.4802,0.0
4.79585,-1.42099,0.0
4.79585,-1.36179,0.0
4.79585,-1.30258,0.0
4.79585,-1.24337,0.0
4.79585,-1.18416,0.0
4.79585,-1.12495,0.0
4.79585,-1.06575,0.0
4.79585,-1.00654,0.0
4.79585,-0.94733,0.0
4.79585,-0.88812,0.0
4.79585,-0.82891,0.0
4.79585,-0.7697,0.0
4.79585,-0.7105,0.0
4.79585,-0.65129,0.0
4.79585,-0.59208,0.0
4.79585,-0.53287,0.0
4.79585,-0.47366,0.0
4.79585,-0.41446,0.0
4.79585,-0.35525,0.0
4.79585,-0.29604,0.0
4.79585,-0.23683,0.0
4.79585,-0.17762,0.0
4.79585,-0.11842,0.0
4.79585,-0.05921,0.0
4.79585,0,0.0
4.79585,0.05921,0.0
4.79585,0.11842,0.0
4.79585,0.17762,0.0
4.79585,0.23683,0.0
4.79585,0.29604,0.0
4.79585,0.35525,0.0
4.79585,0.41446,0.0
4.79585,0.47366,0.0
4.79585,0.53287,0.0
4.79585,0.59208,0.0
4.79585,0.65129,0.0
4.79585,0.7105,0.0
4.79585,0.7697,0.0
4.79585,0.82891,0.0
4.79585,0.88812,0.0
4.79585,0.94733,0.0
4.79585,1.00654,0.0
4.79585,1.06575,0.0
4.79585,1.12495,0.0
4.79585,1.18416,0.0
4.79585,1.24337,0.0
4.79585,1.30258,0.0
4.79585,1.36179,0.0
4.79585,1.42099,0.0
4.79585,1.4802,0.0
4.79585,1.53941,0.0
4.79585,1.59862,0.0
4.79585,1.65783,0.0
4.79585,1.71703,0.0
4.79585,1.77624,0.0
4.79585,1.83545,0.0
4.79585,1.89466,0.0
4.79585,1.95387,0.0
4.79585,2.01307,0.0
4.79585,2.07228,0.0
4.79585,2.13149,0.0
4.79585,2.1907,0.0
4.79585,2.24991,0.0
4.79585,2.30911,0.0
4.79585,2.36832,0.0
4.79585,2.42753,0.0
4.79585,2.48674,0.0
4.79585,2.54595,0.0
4.79585,2.60515,0.0
4.79585,2.66436,0.0
4.79585,2.72357,0.0
4.79585,2.78278,0.0
4.79585,2.84199,0.0
4.79585,2.9012,0.0
4.79585,2.9604,0.0
4.79585,3.01961,0.0
4.79585,3.07882,0.0
4.79585,3.13803,0.0
4.79585,3.19724,0.0
4.79585,3.25644,0.0
4.85506,-3.13803,0.0
4.85506,-3.07882,0.0
4.85506,-3.01961,0.0
4.85506,-2.9604,0.0
4.85506,-2.9012,0.0
4.85506,-2.84199,0.0
4.85506,-2.78278,0.0
4.85506,-2.72357,0.0
4.85506,-2.66436,0.0
4.85506,-2.60515,0.0
4.85506,-2.54595,0.0
4.85506,-2.48674,0.0
4.85506,-2.42753,0.0
4.85506,-2.36832,0.0
4.85506,-2.30911,0.0
4.85506,-2.24991,0.0
4.85506,-2.1907,0.0
4.85506,-2.13149,0.0
4.85506,-2.07228,0.0
4.85506,-2.01307,0.0
4.85506,-1.95387,0.0
4.85506,-1.89466,0.0
4.85506,-1.83545,0.0
4.85506,-1.77624,0.0
4.85506,-1.71703,0.0
4.85506,-1.65783,0.0
4.85506,-1.59862,0.0
4.85506,-1.53941,0.0
4.85506,-1.4802,0.0
4.85506,-1.42099,0.0
4.85506,-1.36179,0.0
4.85506,-1.30258,0.0
4.85506,-1.24337,0.0
4.85506,-1.18416,0.0
4.85506,-1.12495,0.0
4.85506,-1.06575,0.0
4.85506,-1.00654,0.0
4.85506,-0.94733,0.0
4.85506,-0.88812,0.0
4.85506,-0.82891,0.0
4.85506,-0.7697,0.0
4.85506,-0.7105,0.0
4.85506,-0.65129,0.0
4.85506,-0.59208,0.0
4.85506,-0.53287,0.0
4.85506,-0.47366,0.0
4.85506,-0.41446,0.0
4.85506,-0.35525,0.0
4.85506,-0.29604,0.0
4.85506,-0.23683,0.0
4.85506,-0.17762,0.0
4.85506,-0.11842,0.0
4.85506,-0.05921,0.0
4.85506,0,0.0
4.85506,0.05921,0.0
4.85506,0.11842,0.0
4.85506,0.17762,0.0
4.85506,0.23683,0.0
4.85506,0.29604,0.0
4.85506,0.35525,0.0
4.85506,0.41446,0.0
4.85506,0.47366,0.0
4.85506,0.53287,0.0
4.85506,0.59208,0.0
4.85506,0.65129,0.0
4.85506,0.7105,0.0
4.85506,0.7697,0.0
4.85506,0.82891,0.0
4.85506,0.88812,0.0
4.85506,0.94733,0.0
4.85506,1.00654,0.0
4.85506,1.06575,0.0
4.85506,1.12495,0.0
4.85506,1.18416,0.0
4.85506,1.24337,0.0
4.85506,1.30258,0.0
4.85506,1.36179,0.0
4.85506,1.42099,0.0
4.85506,1.4802,0.0
4.85506,1.53941,0.0
4.85506,1.59862,0.0
4.85506,1.65783,0.0
4.85506,1.71703,0.0
4.85506,1.77624,0.0
4.85506,1.83545,0.0
4.85506,1.89466,0.0
4.85506,1.95387,0.0
4.85506,2.01307,0.0
4.85506,2.07228,0.0
4.85506,2.13149,0.0
4.85506,2.1907,0.0
4.85506,2.24991,0.0
4.85506,2.30911,0.0
4.85506,2.36832,0.0
4.85506,2.42753,0.0
4.85506,2.48674,0.0
4.85506,2.54595,0.0
4.85506,2.60515,0.0
4.85506,2.66436,0.0
4.85506,2.72357,0.0
4.85506,2.78278,0.0
4.85506,2.84199,0.0
4.85506,2.9012,0.0
4.85506,2.9604,0.0
4.85506,3.01961,0.0
4.85506,3.07882,0.0
4.85506,3.13803,0.0
4.91427,-3.07882,0.0
4.91427,-3.01961,0.0
4.91427,-2.9604,0.0
4.91427,-2.9012,0.0
4.91427,-2.84199,0.0
4.91427,-2.78278,0.0
4.91427,-2.72357,0.0
4.91427,-2.66436,0.0
4.91427,-2.60515,0.0
4.91427,-2.54595,0.0
4.91427,-2.48674,0.0
4.91427,-2.42753,0.0
4.91427,-2.36832,0.0
4.91427,-2.30911,0.0
4.91427,-2.24991,0.0
4.91427,-2.1907,0.0
4.91427,-2.13149,0.0
4.91427,-2.07228,0.0
4.91427,-2.01307,0.0
4.91427,-1.95387,0.0
4.91427,-1.89466,0.0
4.91427,-1.83545,0.0
4.91427,-1.77624,0.0
4.91427,-1.71703,0.0
4.91427,-1.65783,0.0
4.91427,-1.59862,0.0
4.91427,-1.53941,0.0
4.91427,-1.4802,0.0
4.91427,-1.42099,0.0
4.91427,-1.36179,0.0
4.91427,-1.30258,0.0
4.91427,-1.24337,0.0
4.91427,-1.18416,0.0
4.91427,-1.12495,0.0
4.91427,-1.06575,0.0
4.91427,-1.00654,0.0
4.91427,-0.94733,0.0
4.91427,-0.88812,0.0
4.91427,-0.82891,0.0
4.91427,-0.7697,0.0
4.91427,-0.7105,0.0
4.91427,-0.65129,0.0
4.91427,-0.59208,0.0
4.91427,-0.53287,0.0
4.91427,-0.47366,0.0
4.91427,-0.41446,0.0
4.91427,-0.35525,0.0
4.91427,-0.29604,0.0
4.91427,-0.23683,0.0
4.91427,-0.17762,0.0
4.91427,-0.11842,0.0
4.91427,-0.05921,0.0
4.91427,0,0.0
4.91427,0.05921,0.0
4.91427,0.11842,0.0
4.91427,0.17762,0.0
4.91427,0.23683,0.0
4.91427,0.29604,0.0
4.91427,0.35525,0.0
4.91427,0.41446,0.0
4.91427,0.47366,0.0
4.91427,0.53287,0.0
4.91427,0.59208,0.0
4.91427,0.65129,0.0
4.91427,0.7105,0.0
4.91427,0.7697,0.0
4.91427,0.82891,0.0
4.91427,0.88812,0.0
4.91427,0.94733,0.0
4.91427,1.00654,0.0
4.91427,1.06575,0.0
4.91427,1.12495,0.0
4.91427,1.18416,0.0
4.91427,1.24337,0.0
4.91427,1.30258,0.0
4.91427,1.36179,0.0
4.91427,1.42099,0.0
4.91427,1.4802,0.0
4.91427,1.53941,0.0
4.91427,1.59862,0.0
4.91427,1.65783,0.0
4.91427,1.71703,0.0
4.91427,1.77624,0.0
4.91427,1.83545,0.0
4.91427,1.89466,0.0
4.91427,1.95387,0.0
4.91427,2.01307,0.0
4.91427,2.07228,0.0
4.91427,2.13149,0.0
4.91427,2.1907,0.0
4.91427,2.24991,0.0
4.91427,2.30911,0.0
4.91427,2.36832,0.0
4.91427,2.42753,0.0
4.91427,2.48674,0.0
4.91427,2.54595,0.0
4.91427,2.60515,0.0
4.91427,2.66436,0.0
4.91427,2.72357,0.0
4.91427,2.78278,0.0
4.91427,2.84199,0.0
4.91427,2.9012,0.0
4.91427,2.9604,0.0
4.91427,3.01961,0.0
4.91427,3.07882,0.0
4.97348,-2.9604,0.0
4.97348,-2.9012,0.0
4.97348,-2.84199,0.0
4.97348,-2.78278,0.0
4.97348,-2.72357,0.0
4.97348,-2.66436,0.0
4.97348,-2.60515,0.0
4.97348,-2.54595,0.0
4.97348,-2.48674,0.0
4.97348,-2.42753,0.0
4.97348,-2.36832,0.0
4.97348,-2.30911,0.0
4.97348,-2.24991,0.0
4.97348,-2.1907,0.0
4.97348,-2.13149,0.0
4.97348,-2.07228,0.0
4.97348,-2.01307,0.0
4.97348,-1.95387,0.0
4.97348,-1.89466,0.0
4.97348,-1.83545,0.0
4.97348,-1.77624,0.0
4.97348,-1.71703,0.0
4.97348,-1.65783,0.0
4.97348,-1.59862,0.0
4.97348,-1.53941,0.0
4.97348,-1.4802,0.0
4.97348,-1.42099,0.0
4.97348,-1.36179,0.0
4.97348,-1.30258,0.0
4.97348,-1.24337,0.0
4.97348,-1.18416,0.0
4.97348,-1.12495,0.0
4.97348,-1.06575,0.0
4.97348,-1.00654,0.0
4.97348,-0.94733,0.0
4.97348,-0.88812,0.0
4.97348,-0.82891,0.0
4.97348,-0.7697,0.0
4.97348,-0.7105,0.0
4.97348,-0.65129,0.0
4.97348,-0.59208,0.0
4.97348,-0.53287,0.0
4.97348,-0.47366,0.0
4.97348,-0.41446,0.0
4.97348,-0.35525,0.0
4.97348,-0.29604,0.0
4.97348,-0.23683,0.0
4.97348,-0.17762,0.0
4.97348,-0.11842,0.0
4.97348,-0.05921,0.0
4.97348,0,0.0
4.97348,0.05921,0.0
4.97348,0.11842,0.0
4.97348,0.17762,0.0
4.97348,0.23683,0.0
4.97348,0.29604,0.0
4.97348,0.35525,0.0
4.97348,0.41446,0.0
4.97348,0.47366,0.0
4.97348,0.53287,0.0
4.97348,0.59208,0.0
4.97348,0.65129,0.0
4.97348,0.7105,0.0
4.97348,0.7697,0.0
4.97348,0.82891,0.0
4.97348,0.88812,0.0
4.97348,0.94733,0.0
4.97348,1.00654,0.0
4.97348,1.06575,0.0
4.97348,1.12495,0.0
4.97348,1.18416,0.0
4.97348,1.24337,0.0
4.97348,1.30258,0.0
4.97348,1.36179,0.0
4.97348,1.42099,0.0
4.97348,1.4802,0.0
4.97348,1.53941,0.0
4.97348,1.59862,0.0
4.97348,1.65783,0.0
4.97348,1.71703,0.0
4.97348,1.77624,0.0
4.97348,1.83545,0.0
4.97348,1.89466,0.0
4.97348,1.95387,0.0
4.97348,2.01307,0.0
4.97348,2.07228,0.0
4.97348,2.13149,0.0
4.97348,2.1907,0.0
4.97348,2.24991,0.0
4.97348,2.30911,0.0
4.97348,2.36832,0.0
4.97348,2.42753,0.0
4.97348,2.48674,0.0
4.97348,2.54595,0.0
4.97348,2.60515,0.0
4.97348,2.66436,0.0
4.97348,2.72357,0.0
4.97348,2.78278,0.0
4.97348,2.84199,0.0
4.97348,2.9012,0.0
4.97348,2.9604,0.0
5.03269,-2.84199,0.0
5.03269,-2.78278,0.0
5.03269,-2.72357,0.0
5.03269,-2.66436,0.0
5.03269,-2.60515,0.0
5.03269,-2.54595,0.0
5.03269,-2.48674,0.0
5.03269,-2.42753,0.0
5.03269,-2.36832,0.0
5.03269,-2.30911,0.0
5.03269,-2.24991,0.0
5.03269,-2.1907,0.0
5.03269,-2.13149,0.0
5.03269,-2.07228,0.0
5.03269,-2.01307,0.0
5.03269,-1.95387,0.0
5.03269,-1.89466,0.0
5.03269,-1.83545,0.0
5.03269,-1.77624,0.0
5.03269,-1.71703,0.0
5.03269,-1.65783,0.0
5.03269,-1.59862,0.0
5.03269,-1.53941,0.0
5.03269,-1.4802,0.0
5.03269,-1.42099,0.0
5.03269,-1.36179,0.0
5.03269,-1.30258,0.0
5.03269,-1.24337,0.0
5.03269,-1.18416,0.0
5.03269,-1.12495,0.0
5.03269,-1.06575,0.0
5.03269,-1.00654,0.0
5.03269,-0.94733,0.0
5.03269,-0.88812,0.0
5.03269,-0.82891,0.0
5.03269,-0.7697,0.0
5.03269,-0.7105,0.0
5.03269,-0.65129,0.0
5.03269,-0.59208,0.0
5.03269,-0.53287,0.0
5.03269,-0.47366,0.0
5.03269,-0.41446,0.0
5.03269,-0.35525,0.0
5.03269,-0.29604,0.0
5.03269,-0.23683,0.0
5.03269,-0.17762,0.0
5.03269,-0.11842,0.0
5.03269,-0.05921,0.0
5.03269,0,0.0
5.03269,0.05921,0.0
5.03269,0.11842,0.0
5.03269,0.17762,0.0
5.03269,0.23683,0.0
5.03269,0.29604,0.0
5.03269,0.35525,0.0
5.03269,0.41446,0.0
5.03269,0.47366,0.0
5.03269,0.53287,0.0
5.03269,0.59208,0.0
5.03269,0.65129,0.0
5.03269,0.7105,0.0
5.03269,0.7697,0.0
5.03269,0.82891,0.0
5.03269,0.88812,0.0
5.03269,0.94733,0.0
5.03269,1.00654,0.0
5.03269,1.06575,0.0
5.03269,1.12495,0.0
5.03269,1.18416,0.0
5.03269,1.24337,0.0
5.03269,1.30258,0.0
5.03269,1.36179,0.0
5.03269,1.42099,0.0
5.03269,1.4802,0.0
5.03269,1.53941,0.0
5.03269,1.59862,0.0
5.03269,1.65783,0.0
5.03269,1.71703,0.0
5.03269,1.77624,0.0
5.03269,1.83545,0.0
5.03269,1.89466,0.0
5.03269,1.95387,0.0
5.03269,2.01307,0.0
5.03269,2.07228,0.0
5.03269,2.13149,0.0
5.03269,2.1907,0.0
5.03269,2.24991,0.0
5.03269,2.30911,0.0
5.03269,2.36832,0.0
5.03269,2.42753,0.0
5.03269,2.48674,0.0
5.03269,2.54595,0.0
5.03269,2.60515,0.0
5.03269,2.66436,0.0
5.03269,2.72357,0.0
5.03269,2.78278,0.0
5.03269,2.84199,0.0
5.09189,-2.72357,0.0
5.09189,-2.66436,0.0
5.09189,-2.60515,0.0
5.09189,-2.54595,0.0
5.09189,-2.48674,0.0
5.09189,-2.42753,0.0
5.09189,-2.36832,0.0
5.09189,-2.30911,0.0
5.09189,-2.24991,0.0
5.09189,-2.1907,0.0
5.09189,-2.13149,0.0
5.09189,-2.07228,0.0
5.09189,-2.01307,0.0
5.09189,-1.95387,0.0
5.09189,-1.89466,0.0
5.09189,-1.83545,0.0
5.09189,-1.77624,0.0
5.09189,-1.71703,0.0
5.09189,-1.65783,0.0
5.09189,-1.59862,0.0
5.09189,-1.53941,0.0
5.09189,-1.4802,0.0
5.09189,-1.42099,0.0
5.09189,-1.36179,0.0
5.09189,-1.30258,0.0
5.09189,-1.24337,0.0
5.09189,-1.18416,0.0
5.09189,-1.12495,0.0
5.09189,-1.06575,0.0
5.09189,-1.00654,0.0
5.09189,-0.94733,0.0
5.09189,-0.88812,0.0
5.09189,-0.82891,0.0
5.09189,-0.7697,0.0
5.09189,-0.7105,0.0
5.09189,-0.65129,0.0
5.09189,-0.59208,0.0
5.09189,-0.53287,0.0
5.09189,-0.47366,0.0
5.09189,-0.41446,0.0
5.09189,-0.35525,0.0
5.09189,-0.29604,0.0
5.09189,-0.23683,0.0
5.09189,-0.17762,0.0
5.09189,-0.11842,0.0
5.09189,-0.05921,0.0
5.09189,0,0.0
5.09189,0.05921,0.0
5.09189,0.11842,0.0
5.09189,0.17762,0.0
5.09189,0.23683,0.0
5.09189,0.29604,0.0
5.09189,0.35525,0.0
5.09189,0.41446,0.0
5.09189,0.47366,0.0
5.09189,0.53287,0.0
5.09189,0.59208,0.0
5.09189,0.65129,0.0
5.09189,0.7105,0.0
5.09189,0.7697,0.0
5.09189,0.82891,0.0
5.09189,0.88812,0.0
5.09189,0.94733,0.0
5.09189,1.00654,0.0
5.09189,1.06575,0.0
5.09189,1.12495,0.0
5.09189,1.18416,0.0
5.09189,1.24337,0.0
5.09189,1.30258,0.0
5.09189,1.36179,0.0
5.09189,1.42099,0.0
5.09189,1.4802,0.0
5.09189,1.53941,0.0
5.09189,1.59862,0.0
5.09189,1.65783,0.0
5.09189,1.71703,0.0
5.09189,1.77624,0.0
5.09189,1.83545,0.0
5.09189,1.89466,0.0
5.09189,1.95387,0.0
5.09189,2.01307,0.0
5.09189,2.07228,0.0
5.09189,2.13149,0.0
5.09189,2.1907,0.0
5.09189,2.24991,0.0
5.09189,2.30911,0.0
5.09189,2.36832,0.0
5.09189,2.42753,0.0
5.09189,2.48674,0.0
5.09189,2.54595,0.0
5.09189,2.60515,0.0
5.09189,2.66436,0.0
5.09189,2.72357,0.0
5.1511,-2.66436,0.0
5.1511,-2.60515,0.0
5.1511,-2.54595,0.0
5.1511,-2.48674,0.0
5.1511,-2.42753,0.0
5.1511,-2.36832,0.0
5.1511,-2.30911,0.0
5.1511,-2.24991,0.0
5.1511,-2.1907,0.0
5.1511,-2.13149,0.0
5.1511,-2.07228,0.0
5.1511,-2.01307,0.0
5.1511,-1.95387,0.0
5.1511,-1.89466,0.0
5.1511,-1.83545,0.0
5.1511,-1.77624,0.0
5.1511,-1.71703,0.0
5.1511,-1.65783,0.0
5.1511,-1.59862,0.0
5.1511,-1.53941,0.0
5.1511,-1.4802,0.0
5.1511,-1.42099,0.0
5.1511,-1.36179,0.0
5.1511,-1.30258,0.0
5.1511,-1.24337,0.0
5.1511,-1.18416,0.0
5.1511,-1.12495,0.0
5.1511,-1.06575,0.0
5.1511,-1.00654,0.0
5.1511,-0.94733,0.0
5.1511,-0.88812,0.0
5.1511,-0.82891,0.0
5.1511,-0.7697,0.0
5.1511,-0.7105,0.0
5.1511,-0.65129,0.0
5.1511,-0.59208,0.0
5.1511,-0.53287,0.0
5.1511,-0.47366,0.0
5.1511,-0.41446,0.0
5.1511,-0.35525,0.0
5.1511,-0.29604,0.0
5.1511,-0.23683,0.0
5.1511,-0.17762,0.0
5.1511,-0.11842,0.0
5.1511,-0.05921,0.0
5.1511,0,0.0
5.1511,0.05921,0.0
5.1511,0.11842,0.0
5.1511,0.17762,0.0
5.1511,0.23683,0.0
5.1511,0.29604,0.0
5.1511,0.35525,0.0
5.1511,0.41446,0.0
5.1511,0.47366,0.0
5.1511,0.53287,0.0
5.1511,0.59208,0.0
5.1511,0.65129,0.0
5.1511,0.7105,0.0
5.1511,0.7697,0.0
5.1511,0.82891,0.0
5.1511,0.88812,0.0
5.1511,0.94733,0.0
5.1511,1.00654,0.0
5.1511,1.06575,0.0
5.1511,1.12495,0.0
5.1511,1.18416,0.0
5.1511,1.24337,0.0
5.1511,1.30258,0.0
5.1511,1.36179,0.0
5.1511,1.42099,0.0
5.1511,1.4802,0.0
5.1511,1.53941,0.0
5.1511,1.59862,0.0
5.1511,1.65783,0.0
5.1511,1.71703,0.0
5.1511,1.77624,0.0
5.1511,1.83545,0.0
5.1511,1.89466,0.0
5.1511,1.95387,0.0
5.1511,2.01307,0.0
5.1511,2.07228,0.0
5.1511,2.13149,0.0
5.1511,2.1907,0.0
5.1511,2.24991,0.0
5.1511,2.30911,0.0
5.1511,2.36832,0.0
5.1511,2.42753,0.0
5.1511,2.48674,0.0
5.1511,2.54595,0.0
5.1511,2.60515,0.0
5.1511,2.66436,0.0
5.21031,-2.54595,0.0
5.21031,-2.48674,0.0
5.21031,-2.42753,0.0
5.21031,-2.36832,0.0
5.21031,-2.30911,0.0
5.21031,-2.24991,0.0
5.21031,-2.1907,0.0
5.21031,-2.13149,0.0
5.21031,-2.07228,0.0
5.21031,-2.01307,0.0
5.21031,-1.95387,0.0
5.21031,-1.89466,0.0
5.21031,-1.83545,0.0
5.21031,-1.77624,0.0
5.21031,-1.71703,0.0
5.21031,-1.65783,0.0
5.21031,-1.59862,0.0
5.21031,-1.53941,0.0
5.21031,-1.4802,0.0
5.21031,-1.42099,0.0
5.21031,-1.36179,0.0
5.21031,-1.30258,0.0
5.21031,-1.24337,0.0
5.21031,-1.18416,0.0
5.21031,-1.12495,0.0
5.21031,-1.06575,0.0
5.21031,-1.00654,0.0
5.21031,-0.94733,0.0
5.21031,-0.88812,0.0
5.21031,-0.82891,0.0
5.21031,-0.7697,0.0
5.21031,-0.7105,0.0
5.21031,-0.65129,0.0
5.21031,-0.59208,0.0
5.21031,-0.53287,0.0
5.21031,-0.47366,0.0
5.21031,-0.41446,0.0
5.21031,-0.35525,0.0
5.21031,-0.29604,0.0
5.21031,-0.23683,0.0
5.21031,-0.17762,0.0
5.21031,-0.11842,0.0
5.21031,-0.05921,0.0
5.21031,0,0.0
5.21031,0.05921,0.0
5.21031,0.11842,0.0
5.21031,0.17762,0.0
5.21031,0.23683,0.0
5.21031,0.29604,0.0
5.21031,0.35525,0.0
5.21031,0.41446,0.0
5.21031,0.47366,0.0
5.21031,0.53287,0.0
5.21031,0.59208,0.0
5.21031,0.65129,0.0
5.21031,0.7105,0.0
5.21031,0.7697,0.0
5.21031,0.82891,0.0
5.21031,0.88812,0.0
5.21031,0.94733,0.0
5.21031,1.00654,0.0
5.21031,1.06575,0.0
5.21031,1.12495,0.0
5.21031,1.18416,0.0
5.21031,1.24337,0.0
5.21031,1.30258,0.0
5.21031,1.36179,0.0
5.21031,1.42099,0.0
5.21031,1.4802,0.0
5.21031,1.53941,0.0
5.21031,1.59862,0.0
5.21031,1.65783,0.0
5.21031,1.71703,0.0
5.21031,1.77624,0.0
5.21031,1.83545,0.0
5.21031,1.89466,0.0
5.21031,1.95387,0.0
5.21031,2.01307,0.0
5.21031,2.07228,0.0
5.21031,2.13149,0.0
5.21031,2.1907,0.0
5.21031,2.24991,0.0
5.21031,2.30911,0.0
5.21031,2.36832,0.0
5.21031,2.42753,0.0
5.21031,2.48674,0.0
5.21031,2.54595,0.0
5.26952,-2.36832,0.0
5.26952,-2.30911,0.0
5.26952,-2.24991,0.0
5.26952,-2.1907,0.0
5.26952,-2.13149,0.0
5.26952,-2.07228,0.0
5.26952,-2.01307,0.0
5.26952,-1.95387,0.0
5.26952,-1.89466,0.0
5.26952,-1.83545,0.0
5.26952,-1.77624,0.0
5.26952,-1.71703,0.0
5.26952,-1.65783,0.0
5.26952,-1.59862,0.0
5.26952,-1.53941,0.0
5.26952,-1.4802,0.0
5.26952,-1.42099,0.0
5.26952,-1.36179,0.0
5.26952,-1.30258,0.0
5.26952,-1.24337,0.0
5.26952,-1.18416,0.0
5.26952,-1.12495,0.0
5.26952,-1.06575,0.0
5.26952,-1.00654,0.0
5.26952,-0.94733,0.0
5.26952,-0.88812,0.0
5.26952,-0.82891,0.0
5.26952,-0.7697,0.0
5.26952,-0.7105,0.0
5.26952,-0.65129,0.0
5.26952,-0.59208,0.0
5.26952,-0.53287,0.0
5.26952,-0.47366,0.0
5.26952,-0.41446,0.0
5.26952,-0.35525,0.0
5.26952,-0.29604,0.0
5.26952,-0.23683,0.0
5.26952,-0.17762,0.0
5.26952,-0.11842,0.0
5.26952,-0.05921,0.0
5.26952,0,0.0
5.26952,0.05921,0.0
5.26952,0.11842,0.0
5.26952,0.17762,0.0
5.26952,0.23683,0.0
5.26952,0.29604,0.0
5.26952,0.35525,0.0
5.26952,0.41446,0.0
5.26952,0.47366,0.0
5.26952,0.53287,0.0
5.26952,0.59208,0.0
5.26952,0.65129,0.0
5.26952,0.7105,0.0
5.26952,0.7697,0.0
5.26952,0.82891,0.0
5.26952,0.88812,0.0
5.26952,0.94733,0.0
5.26952,1.00654,0.0
5.26952,1.06575,0.0
5.26952,1.12495,0.0
5.26952,1.18416,0.0
5.26952,1.24337,0.0
5.26952,1.30258,0.0
5.26952,1.36179,0.0
5.26952,1.42099,0.0
5.26952,1.4802,0.0
5.26952,1.53941,0.0
5.26952,1.59862,0.0
5.26952,1.65783,0.0
5.26952,1.71703,0.0
5.26952,1.77624,0.0
5.26952,1.83545,0.0
5.26952,1.89466,0.0
5.26952,1.95387,0.0
5.26952,2.01307,0.0
5.26952,2.07228,0.0
5.26952,2.13149,0.0
5.26952,2.1907,0.0
5.26952,2.24991,0.0
5.26952,2.30911,0.0
5.26952,2.36832,0.0
5.32873,-2.24991,0.0
5.32873,-2.1907,0.0
5.32873,-2.13149,0.0
5.32873,-2.07228,0.0
5.32873,-2.01307,0.0
5.32873,-1.95387,0.0
5.32873,-1.89466,0.0
5.32873,-1.83545,0.0
5.32873,-1.77624,0.0
5.32873,-1.71703,0.0
5.32873,-1.65783,0.0
5.32873,-1.59862,0.0
5.32873,-1.53941,0.0
5.32873,-1.4802,0.0
5.32873,-1.42099,0.0
5.32873,-1.36179,0.0
5.32873,-1.30258,0.0
5.32873,-1.24337,0.0
5.32873,-1.18416,0.0
5.32873,-1.12495,0.0
5.32873,-1.06575,0.0
5.32873,-1.00654,0.0
5.32873,-0.94733,0.0
5.32873,-0.88812,0.0
5.32873,-0.82891,0.0
5.32873,-0.7697,0.0
5.32873,-0.7105,0.0
5.32873,-0.65129,0.0
5.32873,-0.59208,0.0
5.32873,-0.53287,0.0
5.32873,-0.47366,0.0
5.32873,-0.41446,0.0
5.32873,-0.35525,0.0
5.32873,-0.29604,0.0
5.32873,-0.23683,0.0
5.32873,-0.17762,0.0
5.32873,-0.11842,0.0
5.32873,-0.05921,0.0
5.32873,0,0.0
5.32873,0.05921,0.0
5.32873,0.11842,0.0
5.32873,0.17762,0.0
5.32873,0.23683,0.0
5.32873,0.29604,0.0
5.32873,0.35525,0.0
5.32873,0.41446,0.0
5.32873,0.47366,0.0
5.32873,0.53287,0.0
5.32873,0.59208,0.0
5.32873,0.65129,0.0
5.32873,0.7105,0.0
5.32873,0.7697,0.0
5.32873,0.82891,0.0
5.32873,0.88812,0.0
5.32873,0.94733,0.0
5.32873,1.00654,0.0
5.32873,1.06575,0.0
5.32873,1.12495,0.0
5.32873,1.18416,0.0
5.32873,1.24337,0.0
5.32873,1.30258,0.0
5.32873,1.36179,0.0
5.32873,1.42099,0.0
5.32873,1.4802,0.0
5.32873,1.53941,0.0
5.32873,1.59862,0.0
5.32873,1.65783,0.0
5.32873,1.71703,0.0
5.32873,1.77624,0.0
5.32873,1.83545,0.0
5.32873,1.89466,0.0
5.32873,1.95387,0.0
5.32873,2.01307,0.0
5.32873,2.07228,0.0
5.32873,2.13149,0.0
5.32873,2.1907,0.0
5.32873,2.24991,0.0
5.38793,-2.13149,0.0
5.38793,-2.07228,0.0
5.38793,-2.01307,0.0
5.38793,-1.95387,0.0
5.38793,-1.89466,0.0
5.38793,-1.83545,0.0
5.38793,-1.77624,0.0
5.38793,-1.71703,0.0
5.38793,-1.65783,0.0
5.38793,-1.59862,0.0
5.38793,-1.53941,0.0
5.38793,-1.4802,0.0
5.38793,-1.42099,0.0
5.38793,-1.36179,0.0
5.38793,-1.30258,0.0
5.38793,-1.24337,0.0
5.38793,-1.18416,0.0
5.38793,-1.12495,0.0
5.38793,-1.06575,0.0
5.38793,-1.00654,0.0
5.38793,-0.94733,0.0
5.38793,-0.88812,0.0
5.38793,-0.82891,0.0
5.38793,-0.7697,0.0
5.38793,-0.7105,0.0
5.38793,-0.65129,0.0
5.38793,-0.59208,0.0
5.38793,-0.53287,0.0
5.38793,-0.47366,0.0
5.38793,-0.41446,0.0
5.38793,-0.35525,0.0
5.38793,-0.29604,0.0
5.38793,-0.23683,0.0
5.38793,-0.17762,0.0
5.38793,-0.11842,0.0
5.38793,-0.05921,0.0
5.38793,0,0.0
5.38793,0.05921,0.0
5.38793,0.11842,0.0
5.38793,0.17762,0.0
5.38793,0.23683,0.0
5.38793,0.29604,0.0
5.38793,0.35525,0.0
5.38793,0.41446,0.0
5.38793,0.47366,0.0
5.38793,0.53287,0.0
5.38793,0.59208,0.0
5.38793,0.65129,0.0
5.38793,0.7105,0.0
5.38793,0.7697,0.0
5.38793,0.82891,0.0
5.38793,0.88812,0.0
5.38793,0.94733,0.0
5.38793,1.00654,0.0
5.38793,1.06575,0.0
5.38793,1.12495,0.0
5.38793,1.18416,0.0
5.38793,1.24337,0.0
5.38793,1.30258,0.0
5.38793,1.36179,0.0
5.38793,1.42099,0.0
5.38793,1.4802,0.0
5.38793,1.53941,0.0
5.38793,1.59862,0.0
5.38793,1.65783,0.0
5.38793,1.71703,0.0
5.38793,1.77624,0.0
5.38793,1.83545,0.0
5.38793,1.89466,0.0
5.38793,1.95387,0.0
5.38793,2.01307,0.0
5.38793,2.07228,0.0
5.38793,2.13149,0.0
5.44714,-1.95387,0.0
5.44714,-1.89466,0.0
5.44714,-1.83545,0.0
5.44714,-1.77624,0.0
5.44714,-1.71703,0.0
5.44714,-1.65783,0.0
5.44714,-1.59862,0.0
5.44714,-1.53941,0.0
5.44714,-1.4802,0.0
5.44714,-1.42099,0.0
5.44714,-1.36179,0.0
5.44714,-1.30258,0.0
5.44714,-1.24337,0.0
5.44714,-1.18416,0.0
5.44714,-1.12495,0.0
5.44714,-1.06575,0.0
5.44714,-1.00654,0.0
5.44714,-0.94733,0.0
5.44714,-0.88812,0.0
5.44714,-0.82891,0.0
5.44714,-0.7697,0.0
5.44714,-0.7105,0.0
5.44714,-0.65129,0.0
5.44714,-0.59208,0.0
5.44714,-0.53287,0.0
5.44714,-0.47366,0.0
5.44714,-0.41446,0.0
5.44714,-0.35525,0.0
5.44714,-0.29604,0.0
5.44714,-0.23683,0.0
5.44714,-0.17762,0.0
5.44714,-0.11842,0.0
5.44714,-0.05921,0.0
5.44714,0,0.0
5.44714,0.05921,0.0
5.44714,0.11842,0.0
5.44714,0.17762,0.0
5.44714,0.23683,0.0
5.44714,0.29604,0.0
5.44714,0.35525,0.0
5.44714,0.41446,0.0
5.44714,0.47366,0.0
5.44714,0.53287,0.0
5.44714,0.59208,0.0
5.44714,0.65129,0.0
5.44714,0.7105,0.0
5.44714,0.7697,0.0
5.44714,0.82891,0.0
5.44714,0.88812,0.0
5.44714,0.94733,0.0
5.44714,1.00654,0.0
5.44714,1.06575,0.0
5.44714,1.12495,0.0
5.44714,1.18416,0.0
5.44714,1.24337,0.0
5.44714,1.30258,0.0
5.44714,1.36179,0.0
5.44714,1.42099,0.0
5.44714,1.4802,0.0
5.44714,1.53941,0.0
5.44714,1.59862,0.0
5.44714,1.65783,0.0
5.44714,1.71703,0.0
5.44714,1.77624,0.0
5.44714,1.83545,0.0
5.44714,1.89466,0.0
5.44714,1.95387,0.0
5.50635,-1.77624,0.0
5.50635,-1.71703,0.0
5.50635,-1.65783,0.0
5.50635,-1.59862,0.0
5.50635,-1.53941,0.0
5.50635,-1.4802,0.0
5.50635,-1.42099,0.0
5.50635,-1.36179,0.0
5.50635,-1.30258,0.0
5.50635,-1.24337,0.0
5.50635,-1.18416,0.0
5.50635,-1.12495,0.0
5.50635,-1.06575,0.0
5.50635,-1.00654,0.0
5.50635,-0.94733,0.0
5.50635,-0.88812,0.0
5.50635,-0.82891,0.0
5.50635,-0.7697,0.0
5.50635,-0.7105,0.0
5.50635,-0.65129,0.0
5.50635,-0.59208,0.0
5.50635,-0.53287,0.0
5.50635,-0.47366,0.0
5.50635,-0.41446,0.0
5.50635,-0.35525,0.0
5.50635,-0.29604,0.0
5.50635,-0.23683,0.0
5.50635,-0.17762,0.0
5.50635,-0.11842,0.0
5.50635,-0.05921,0.0
5.50635,0,0.0
5.50635,0.05921,0.0
5.50635,0.11842,0.0
5.50635,0.17762,0.0
5.50635,0.23683,0.0
5.50635,0.29604,0.0
5.50635,0.35525,0.0
5.50635,0.41446,0.0
5.50635,0.47366,0.0
5.50635,0.53287,0.0
5.50635,0.59208,0.0
5.50635,0.65129,0.0
5.50635,0.7105,0.0
5.50635,0.7697,0.0
5.50635,0.82891,0.0
5.50635,0.88812,0.0
5.50635,0.94733,0.0
5.50635,1.00654,0.0
5.50635,1.06575,0.0
5.50635,1.12495,0.0
5.50635,1.18416,0.0
5.50635,1.24337,0.0
5.50635,1.30258,0.0
5.50635,1.36179,0.0
5.50635,1.42099,0.0
5.50635,1.4802,0.0
5.50635,1.53941,0.0
5.50635,1.59862,0.0
5.50635,1.65783,0.0
5.50635,1.71703,0.0
5.50635,1.77624,0.0
5.56556,-1.59862,0.0
5.56556,-1.53941,0.0
5.56556,-1.4802,0.0
5.56556,-1.42099,0.0
5.56556,-1.36179,0.0
5.56556,-1.30258,0.0
5.56556,-1.24337,0.0
5.56556,-1.18416,0.0
5.56556,-1.12495,0.0
5.56556,-1.06575,0.0
5.56556,-1.00654,0.0
5.56556,-0.94733,0.0
5.56556,-0.88812,0.0
5.56556,-0.82891,0.0
5.56556,-0.7697,0.0
5.56556,-0.7105,0.0
5.56556,-0.65129,0.0
5.56556,-0.59208,0.0
5.56556,-0.53287,0.0
5.56556,-0.47366,0.0
5.56556,-0.41446,0.0
5.56556,-0.35525,0.0
5.56556,-0.29604,0.0
5.56556,-0.23683,0.0
5.56556,-0.17762,0.0
5.56556,-0.11842,0.0
5.56556,-0.05921,0.0
5.56556,0,0.0
5.56556,0.05921,0.0
5.56556,0.11842,0.0
5.56556,0.17762,0.0
5.56556,0.23683,0.0
5.56556,0.29604,0.0
5.56556,0.35525,0.0
5.56556,0.41446,0.0
5.56556,0.47366,0.0
5.56556,0.53287,0.0
5.56556,0.59208,0.0
5.56556,0.65129,0.0
5.56556,0.7105,0.0
5.56556,0.7697,0.0
5.56556,0.82891,0.0
5.56556,0.88812,0.0
5.56556,0.94733,0.0
5.56556,1.00654,0.0
5.56556,1.06575,0.0
5.56556,1.12495,0.0
5.56556,1.18416,0.0
5.56556,1.24337,0.0
5.56556,1.30258,0.0
5.56556,1.36179,0.0
5.56556,1.42099,0.0
5.56556,1.4802,0.0
5.56556,1.53941,0.0
5.56556,1.59862,0.0
5.62477,-1.36179,0.0
5.62477,-1.30258,0.0
5.62477,-1.24337,0.0
5.62477,-1.18416,0.0
5.62477,-1.12495,0.0
5.62477,-1.06575,0.0
5.62477,-1.00654,0.0
5.62477,-0.94733,0.0
5.62477,-0.88812,0.0
5.62477,-0.82891,0.0
5.62477,-0.7697,0.0
5.62477,-0.7105,0.0
5.62477,-0.65129,0.0
5.62477,-0.59208,0.0
5.62477,-0.53287,0.0
5.62477,-0.47366,0.0
5.62477,-0.41446,0.0
5.62477,-0.35525,0.0
5.62477,-0.29604,0.0
5.62477,-0.23683,0.0
5.62477,-0.17762,0.0
5.62477,-0.11842,0.0
5.62477,-0.05921,0.0
5.62477,0,0.0
5.62477,0.05921,0.0
5.62477,0.11842,0.0
5.62477,0.17762,0.0
5.62477,0.23683,0.0
5.62477,0.29604,0.0
5.62477,0.35525,0.0
5.62477,0.41446,0.0
5.62477,0.47366,0.0
5.62477,0.53287,0.0
5.62477,0.59208,0.0
5.62477,0.65129,0.0
5.62477,0.7105,0.0
5.62477,0.7697,0.0
5.62477,0.82891,0.0
5.62477,0.88812,0.0
5.62477,0.94733,0.0
5.62477,1.00654,0.0
5.62477,1.06575,0.0
5.62477,1.12495,0.0
5.62477,1.18416,0.0
5.62477,1.24337,0.0
5.62477,1.30258,0.0
5.62477,1.36179,0.0
5.68397,-1.12495,0.0
5.68397,-1.06575,0.0
5.68397,-1.00654,0.0
5.68397,-0.94733,0.0
5.68397,-0.88812,0.0
5.68397,-0.82891,0.0
5.68397,-0.7697,0.0
5.68397,-0.7105,0.0
5.68397,-0.65129,0.0
5.68397,-0.59208,0.0
5.68397,-0.53287,0.0
5.68397,-0.47366,0.0
5.68397,-0.41446,0.0
5.68397,-0.35525,0.0
5.68397,-0.29604,0.0
5.68397,-0.23683,0.0
5.68397,-0.17762,0.0
5.68397,-0.11842,0.0
5.68397,-0.05921,0.0
5.68397,0,0.0
5.68397,0.05921,0.0
5.68397,0.11842,0.0
5.68397,0.17762,0.0
5.68397,0.23683,0.0
5.68397,0.29604,0.0
5.68397,0.35525,0.0
5.68397,0.41446,0.0
5.68397,0.47366,0.0
5.68397,0.53287,0.0
5.68397,0.59208,0.0
5.68397,0.65129,0.0
5.68397,0.7105,0.0
5.68397,0.7697,0.0
5.68397,0.82891,0.0
5.68397,0.88812,0.0
5.68397,0.94733,0.0
5.68397,1.00654,0.0
5.68397,1.06575,0.0
5.68397,1.12495,0.0
5.74318,-0.7697,0.0
5.74318,-0.7105,0.0
5.74318,-0.65129,0.0
5.74318,-0.59208,0.0
5.74318,-0.53287,0.0
5.74318,-0.47366,0.0
5.74318,-0.41446,0.0
5.74318,-0.35525,0.0
5.74318,-0.29604,0.0
5.74318,-0.23683,0.0
5.74318,-0.17762,0.0
5.74318,-0.11842,0.0
5.74318,-0.05921,0.0
5.74318,0,0.0
5.74318,0.05921,0.0
5.74318,0.11842,0.0
5.74318,0.17762,0.0
5.74318,0.23683,0.0
5.74318,0.29604,0.0
5.74318,0.35525,0.0
5.74318,0.41446,0.0
5.74318,0.47366,0.0
5.74318,0.53287,0.0
5.74318,0.59208,0.0
5.74318,0.65129,0.0
5.74318,0.7105,0.0
5.74318,0.7697,0.0
