x,y,theta
-3.26767,-0.43794,0.0
-3.26767,-0.40425,0.0
-3.26767,-0.37056,0.0
-3.26767,-0.33687,0.0
-3.26767,-0.30319,0.0
-3.26767,-0.2695,0.0
-3.26767,-0.23581,0.0
-3.26767,-0.20212,0.0
-3.26767,-0.16844,0.0
-3.26767,-0.13475,0.0
-3.26767,-0.10106,0.0
-3.26767,-0.06737,0.0
-3.26767,-0.03369,0.0
-3.26767,0,0.0
-3.26767,0.03369,0.0
-3.26767,0.06737,0.0
-3.26767,0.10106,0.0
-3.26767,0.13475,0.0
-3.26767,0.16844,0.0
-3.26767,0.20212,0.0
-3.26767,0.23581,0.0
-3.26767,0.2695,0.0
-3.26767,0.30319,0.0
-3.26767,0.33687,0.0
-3.26767,0.37056,0.0
-3.26767,0.40425,0.0
-3.26767,0.43794,0.0
-3.23399,-0.64006,0.0
-3.23399,-0.60637,0.0
-3.23399,-0.57268,0.0
-3.23399,-0.539,0.0
-3.23399,-0.50531,0.0
-3.23399,-0.47162,0.0
-3.23399,-0.43794,0.0
-3.23399,-0.40425,0.0
-3.23399,-0.37056,0.0
-3.23399,-0.33687,0.0
-3.23399,-0.30319,0.0
-3.23399,-0.2695,0.0
-3.23399,-0.23581,0.0
-3.23399,-0.20212,0.0
-3.23399,-0.16844,0.0
-3.23399,-0.13475,0.0
-3.23399,-0.10106,0.0
-3.23399,-0.06737,0.0
-3.23399,-0.03369,0.0
-3.23399,0,0.0
-3.23399,0.03369,0.0
-3.23399,0.06737,0.0
-3.23399,0.10106,0.0
-3.23399,0.13475,0.0
-3.23399,0.16844,0.0
-3.23399,0.20212,0.0
-3.23399,0.23581,0.0
-3.23399,0.2695,0.0
-3.23399,0.30319,0.0
-3.23399,0.33687,0.0
-3.23399,0.37056,0.0
-3.23399,0.40425,0.0
-3.23399,0.43794,0.0
-3.23399,0.47162,0.0
-3.23399,0.50531,0.0
-3.23399,0.539,0.0
-3.23399,0.57268,0.0
-3.23399,0.60637,0.0
-3.23399,0.64006,0.0
-3.2003,-0.77481,0.0
-3.2003,-0.74112,0.0
-3.2003,-0.70743,0.0
-3.2003,-0.67375,0.0
-3.2003,-0.64006,0.0
-3.2003,-0.60637,0.0
-3.2003,-0.57268,0.0
-3.2003,-0.539,0.0
-3.2003,-0.50531,0.0
-3.2003,-0.47162,0.0
-3.2003,-0.43794,0.0
-3.2003,-0.40425,0.0
-3.2003,-0.37056,0.0
-3.2003,-0.33687,0.0
-3.2003,-0.30319,0.0
-3.2003,-0.2695,0.0
-3.2003,-0.23581,0.0
-3.2003,-0.20212,0.0
-3.2003,-0.16844,0.0
-3.2003,-0.13475,0.0
-3.2003,-0.10106,0.0
-3.2003,-0.06737,0.0
-3.2003,-0.03369,0.0
-3.2003,0,0.0
-3.2003,0.03369,0.0
-3.2003,0.06737,0.0
-3.2003,0.10106,0.0
-3.2003,0.13475,0.0
-3.2003,0.16844,0.0
-3.2003,0.20212,0.0
-3.2003,0.23581,0.0
-3.2003,0.2695,0.0
-3.2003,0.30319,0.0
-3.2003,0.33687,0.0
-3.2003,0.37056,0.0
-3.2003,0.40425,0.0
-3.2003,0.43794,0.0
-3.2003,0.47162,0.0
-3.2003,0.50531,0.0
-3.2003,0.539,0.0
-3.2003,0.57268,0.0
-3.2003,0.60637,0.0
-3.2003,0.64006,0.0
-3.2003,0.67375,0.0
-3.2003,0.70743,0.0
-3.2003,0.74112,0.0
-3.2003,0.77481,0.0
-3.16661,-0.90956,0.0
-3.16661,-0.87587,0.0
-3.16661,-0.84218,0.0
-3.16661,-0.8085,0.0
-3.16661,-0.77481,0.0
-3.16661,-0.74112,0.0
-3.16661,-0.70743,0.0
-3.16661,-0.67375,0.0
-3.16661,-0.64006,0.0
-3.16661,-0.60637,0.0
-3.16661,-0.57268,0.0
-3.16661,-0.539,0.0
-3.16661,-0.50531,0.0
-3.16661,-0.47162,0.0
-3.16661,-0.43794,0.0
-3.16661,-0.40425,0.0
-3.16661,-0.37056,0.0
-3.16661,-0.33687,0.0
-3.16661,-0.30319,0.0
-3.16661,-0.2695,0.0
-3.16661,-0.23581,0.0
-3.16661,-0.20212,0.0
-3.16661,-0.16844,0.0
-3.16661,-0.13475,0.0
-3.16661,-0.10106,0.0
-3.16661,-0.06737,0.0
-3.16661,-0.03369,0.0
-3.16661,0,0.0
-3.16661,0.03369,0.0
-3.16661,0.06737,0.0
-3.16661,0.10106,0.0
-3.16661,0.13475,0.0
-3.16661,0.16844,0.0
-3.16661,0.20212,0.0
-3.16661,0.23581,0.0
-3.16661,0.2695,0.0
-3.16661,0.30319,0.0
-3.16661,0.33687,0.0
-3.16661,0.37056,0.0
-3.16661,0.40425,0.0
-3.16661,0.43794,0.0
-3.16661,0.47162,0.0
-3.16661,0.50531,0.0
-3.16661,0.539,0.0
-3.16661,0.57268,0.0
-3.16661,0.60637,0.0
-3.16661,0.64006,0.0
-3.16661,0.67375,0.0
-3.16661,0.70743,0.0
-3.16661,0.74112,0.0
-3.16661,0.77481,0.0
-3.16661,0.8085,0.0
-3.16661,0.84218,0.0
-3.16661,0.87587,0.0
-3.16661,0.90956,0.0
-3.13292,-1.01062,0.0
-3.13292,-0.97693,0.0
-3.13292,-0.94325,0.0
-3.13292,-0.90956,0.0
-3.13292,-0.87587,0.0
-3.13292,-0.84218,0.0
-3.13292,-0.8085,0.0
-3.13292,-0.77481,0.0
-3.13292,-0.74112,0.0
-3.13292,-0.70743,0.0
-3.13292,-0.67375,0.0
-3.13292,-0.64006,0.0
-3.13292,-0.60637,0.0
-3.13292,-0.57268,0.0
-3.13292,-0.539,0.0
-3.13292,-0.50531,0.0
-3.13292,-0.47162,0.0
-3.13292,-0.43794,0.0
-3.13292,-0.40425,0.0
-3.13292,-0.37056,0.0
-3.13292,-0.33687,0.0
-3.13292,-0.30319,0.0
-3.13292,-0.2695,0.0
-3.13292,-0.23581,0.0
-3.13292,-0.20212,0.0
-3.13292,-0.16844,0.0
-3.13292,-0.13475,0.0
-3.13292,-0.10106,0.0
-3.13292,-0.06737,0.0
-3.13292,-0.03369,0.0
-3.13292,0,0.0
-3.13292,0.03369,0.0
-3.13292,0.06737,0.0
-3.13292,0.10106,0.0
-3.13292,0.13475,0.0
-3.13292,0.16844,0.0
-3.13292,0.20212,0.0
-3.13292,0.23581,0.0
-3.13292,0.2695,0.0
-3.13292,0.30319,0.0
-3.13292,0.33687,0.0
-3.13292,0.37056,0.0
-3.13292,0.40425,0.0
-3.13292,0.43794,0.0
-3.13292,0.47162,0.0
-3.13292,0.50531,0.0
-3.13292,0.539,0.0
-3.13292,0.57268,0.0
-3.13292,0.60637,0.0
-3.13292,0.64006,0.0
-3.13292,0.67375,0.0
-3.13292,0.70743,0.0
-3.13292,0.74112,0.0
-3.13292,0.77481,0.0
-3.13292,0.8085,0.0
-3.13292,0.84218,0.0
-3.13292,0.87587,0.0
-3.13292,0.90956,0.0
-3.13292,0.94325,0.0
-3.13292,0.97693,0.0
-3.13292,1.01062,0.0
-3.09924,-1.11168,0.0
-3.09924,-1.078,0.0
-3.09924,-1.04431,0.0
-3.09924,-1.01062,0.0
-3.09924,-0.97693,0.0
-3.09924,-0.94325,0.0
-3.09924,-0.90956,0.0
-3.09924,-0.87587,0.0
-3.09924,-0.84218,0.0
-3.09924,-0.8085,0.0
-3.09924,-0.77481,0.0
-3.09924,-0.74112,0.0
-3.09924,-0.70743,0.0
-3.09924,-0.67375,0.0
-3.09924,-0.64006,0.0
-3.09924,-0.60637,0.0
-3.09924,-0.57268,0.0
-3.09924,-0.539,0.0
-3.09924,-0.50531,0.0
-3.09924,-0.47162,0.0
-3.09924,-0.43794,0.0
-3.09924,-0.40425,0.0
-3.09924,-0.37056,0.0
-3.09924,-0.33687,0.0
-3.09924,-0.30319,0.0
-3.09924,-0.2695,0.0
-3.09924,-0.23581,0.0
-3.09924,-0.20212,0.0
-3.09924,-0.16844,0.0
-3.09924,-0.13475,0.0
-3.09924,-0.10106,0.0
-3.09924,-0.06737,0.0
-3.09924,-0.03369,0.0
-3.09924,0,0.0
-3.09924,0.03369,0.0
-3.09924,0.06737,0.0
-3.09924,0.10106,0.0
-3.09924,0.13475,0.0
-3.09924,0.16844,0.0
-3.09924,0.20212,0.0
-3.09924,0.23581,0.0
-3.09924,0.2695,0.0
-3.09924,0.30319,0.0
-3.09924,0.33687,0.0
-3.09924,0.37056,0.0
-3.09924,0.40425,0.0
-3.09924,0.43794,0.0
-3.09924,0.47162,0.0
-3.09924,0.50531,0.0
-3.09924,0.539,0.0
-3.09924,0.57268,0.0
-3.09924,0.60637,0.0
-3.09924,0.64006,0.0
-3.09924,0.67375,0.0
-3.09924,0.70743,0.0
-3.09924,0.74112,0.0
-3.09924,0.77481,0.0
-3.09924,0.8085,0.0
-3.09924,0.84218,0.0
-3.09924,0.87587,0.0
-3.09924,0.90956,0.0
-3.09924,0.94325,0.0
-3.09924,0.97693,0.0
-3.09924,1.01062,0.0
-3.09924,1.04431,0.0
-3.09924,1.078,0.0
-3.09924,1.11168,0.0
-3.06555,-1.21274,0.0
-3.06555,-1.17906,0.0
-3.06555,-1.14537,0.0
-3.06555,-1.11168,0.0
-3.06555,-1.078,0.0
-3.06555,-1.04431,0.0
-3.06555,-1.01062,0.0
-3.06555,-0.97693,0.0
-3.06555,-0.94325,0.0
-3.06555,-0.90956,0.0
-3.06555,-0.87587,0.0
-3.06555,-0.84218,0.0
-3.06555,-0.8085,0.0
-3.06555,-0.77481,0.0
-3.06555,-0.74112,0.0
-3.06555,-0.70743,0.0
-3.06555,-0.67375,0.0
-3.06555,-0.64006,0.0
-3.06555,-0.60637,0.0
-3.06555,-0.57268,0.0
-3.06555,-0.539,0.0
-3.06555,-0.50531,0.0
-3.06555,-0.47162,0.0
-3.06555,-0.43794,0.0
-3.06555,-0.40425,0.0
-3.06555,-0.37056,0.0
-3.06555,-0.33687,0.0
-3.06555,-0.30319,0.0
-3.06555,-0.2695,0.0
-3.06555,-0.23581,0.0
-3.06555,-0.20212,0.0
-3.06555,-0.16844,0.0
-3.06555,-0.13475,0.0
-3.06555,-0.10106,0.0
-3.06555,-0.06737,0.0
-3.06555,-0.03369,0.0
-3.06555,0,0.0
-3.06555,0.03369,0.0
-3.06555,0.06737,0.0
-3.06555,0.10106,0.0
-3.06555,0.13475,0.0
-3.06555,0.16844,0.0
-3.06555,0.20212,0.0
-3.06555,0.23581,0.0
-3.06555,0.2695,0.0
-3.06555,0.30319,0.0
-3.06555,0.33687,0.0
-3.06555,0.37056,0.0
-3.06555,0.40425,0.0
-3.06555,0.43794,0.0
-3.06555,0.47162,0.0
-3.06555,0.50531,0.0
-3.06555,0.539,0.0
-3.06555,0.57268,0.0
-3.06555,0.60637,0.0
-3.06555,0.64006,0.0
-3.06555,0.67375,0.0
-3.06555,0.70743,0.0
-3.06555,0.74112,0.0
-3.06555,0.77481,0.0
-3.06555,0.8085,0.0
-3.06555,0.84218,0.0
-3.06555,0.87587,0.0
-3.06555,0.90956,0.0
-3.06555,0.94325,0.0
-3.06555,0.97693,0.0
-3.06555,1.01062,0.0
-3.06555,1.04431,0.0
-3.06555,1.078,0.0
-3.06555,1.11168,0.0
-3.06555,1.14537,0.0
-3.06555,1.17906,0.0
-3.06555,1.21274,0.0
-3.03186,-1.28012,0.0
-3.03186,-1.24643,0.0
-3.03186,-1.21274,0.0
-3.03186,-1.17906,0.0
-3.03186,-1.14537,0.0
-3.03186,-1.11168,0.0
-3.03186,-1.078,0.0
-3.03186,-1.04431,0.0
-3.03186,-1.01062,0.0
-3.03186,-0.97693,0.0
-3.03186,-0.94325,0.0
-3.03186,-0.90956,0.0
-3.03186,-0.87587,0.0
-3.03186,-0.84218,0.0
-3.03186,-0.8085,0.0
-3.03186,-0.77481,0.0
-3.03186,-0.74112,0.0
-3.03186,-0.70743,0.0
-3.03186,-0.67375,0.0
-3.03186,-0.64006,0.0
-3.03186,-0.60637,0.0
-3.03186,-0.57268,0.0
-3.03186,-0.539,0.0
-3.03186,-0.50531,0.0
-3.03186,-0.47162,0.0
-3.03186,-0.43794,0.0
-3.03186,-0.40425,0.0
-3.03186,-0.37056,0.0
-3.03186,-0.33687,0.0
-3.03186,-0.30319,0.0
-3.03186,-0.2695,0.0
-3.03186,-0.23581,0.0
-3.03186,-0.20212,0.0
-3.03186,-0.16844,0.0
-3.03186,-0.13475,0.0
-3.03186,-0.10106,0.0
-3.03186,-0.06737,0.0
-3.03186,-0.03369,0.0
-3.03186,0,0.0
-3.03186,0.03369,0.0
-3.03186,0.06737,0.0
-3.03186,0.10106,0.0
-3.03186,0.13475,0.0
-3.03186,0.16844,0.0
-3.03186,0.20212,0.0
-3.03186,0.23581,0.0
-3.03186,0.2695,0.0
-3.03186,0.30319,0.0
-3.03186,0.33687,0.0
-3.03186,0.37056,0.0
-3.03186,0.40425,0.0
-3.03186,0.43794,0.0
-3.03186,0.47162,0.0
-3.03186,0.50531,0.0
-3.03186,0.539,0.0
-3.03186,0.57268,0.0
-3.03186,0.60637,0.0
-3.03186,0.64006,0.0
-3.03186,0.67375,0.0
-3.03186,0.70743,0.0
-3.03186,0.74112,0.0
-3.03186,0.77481,0.0
-3.03186,0.8085,0.0
-3.03186,0.84218,0.0
-3.03186,0.87587,0.0
-3.03186,0.90956,0.0
-3.03186,0.94325,0.0
-3.03186,0.97693,0.0
-3.03186,1.01062,0.0
-3.03186,1.04431,0.0
-3.03186,1.078,0.0
-3.03186,1.11168,0.0
-3.03186,1.14537,0.0
-3.03186,1.17906,0.0
-3.03186,1.21274,0.0
-3.03186,1.24643,0.0
-3.03186,1.28012,0.0
-2.99817,-1.34749,0.0
-2.99817,-1.31381,0.0
-2.99817,-1.28012,0.0
-2.99817,-1.24643,0.0
-2.99817,-1.21274,0.0
-2.99817,-1.17906,0.0
-2.99817,-1.14537,0.0
-2.99817,-1.11168,0.0
-2.99817,-1.078,0.0
-2.99817,-1.04431,0.0
-2.99817,-1.01062,0.0
-2.99817,-0.97693,0.0
-2.99817,-0.94325,0.0
-2.99817,-0.90956,0.0
-2.99817,-0.87587,0.0
-2.99817,-0.84218,0.0
-2.99817,-0.8085,0.0
-2.99817,-0.77481,0.0
-2.99817,-0.74112,0.0
-2.99817,-0.70743,0.0
-2.99817,-0.67375,0.0
-2.99817,-0.64006,0.0
-2.99817,-0.60637,0.0
-2.99817,-0.57268,0.0
-2.99817,-0.539,0.0
-2.99817,-0.50531,0.0
-2.99817,-0.47162,0.0
-2.99817,-0.43794,0.0
-2.99817,-0.40425,0.0
-2.99817,-0.37056,0.0
-2.99817,-0.33687,0.0
-2.99817,-0.30319,0.0
-2.99817,-0.2695,0.0
-2.99817,-0.23581,0.0
-2.99817,-0.20212,0.0
-2.99817,-0.16844,0.0
-2.99817,-0.13475,0.0
-2.99817,-0.10106,0.0
-2.99817,-0.06737,0.0
-2.99817,-0.03369,0.0
-2.99817,0,0.0
-2.99817,0.03369,0.0
-2.99817,0.06737,0.0
-2.99817,0.10106,0.0
-2.99817,0.13475,0.0
-2.99817,0.16844,0.0
-2.99817,0.20212,0.0
-2.99817,0.23581,0.0
-2.99817,0.2695,0.0
-2.99817,0.30319,0.0
-2.99817,0.33687,0.0
-2.99817,0.37056,0.0
-2.99817,0.40425,0.0
-2.99817,0.43794,0.0
-2.99817,0.47162,0.0
-2.99817,0.50531,0.0
-2.99817,0.539,0.0
-2.99817,0.57268,0.0
-2.99817,0.60637,0.0
-2.99817,0.64006,0.0
-2.99817,0.67375,0.0
-2.99817,0.70743,0.0
-2.99817,0.74112,0.0
-2.99817,0.77481,0.0
-2.99817,0.8085,0.0
-2.99817,0.84218,0.0
-2.99817,0.87587,0.0
-2.99817,0.90956,0.0
-2.99817,0.94325,0.0
-2.99817,0.97693,0.0
-2.99817,1.01062,0.0
-2.99817,1.04431,0.0
-2.99817,1.078,0.0
-2.99817,1.11168,0.0
-2.99817,1.14537,0.0
-2.99817,1.17906,0.0
-2.99817,1.21274,0.0
-2.99817,1.24643,0.0
-2.99817,1.28012,0.0
-2.99817,1.31381,0.0
-2.99817,1.34749,0.0
-2.96449,-1.44856,0.0
-2.96449,-1.41487,0.0
-2.96449,-1.38118,0.0
-2.96449,-1.34749,0.0
-2.96449,-1.31381,0.0
-2.96449,-1.28012,0.0
-2.96449,-1.24643,0.0
-2.96449,-1.21274,0.0
-2.96449,-1.17906,0.0
-2.96449,-1.14537,0.0
-2.96449,-1.11168,0.0
-2.96449,-1.078,0.0
-2.96449,-1.04431,0.0
-2.96449,-1.01062,0.0
-2.96449,-0.97693,0.0
-2.96449,-0.94325,0.0
-2.96449,-0.90956,0.0
-2.96449,-0.87587,0.0
-2.96449,-0.84218,0.0
-2.96449,-0.8085,0.0
-2.96449,-0.77481,0.0
-2.96449,-0.74112,0.0
-2.96449,-0.70743,0.0
-2.96449,-0.67375,0.0
-2.96449,-0.64006,0.0
-2.96449,-0.60637,0.0
-2.96449,-0.57268,0.0
-2.96449,-0.539,0.0
-2.96449,-0.50531,0.0
-2.96449,-0.47162,0.0
-2.96449,-0.43794,0.0
-2.96449,-0.40425,0.0
-2.96449,-0.37056,0.0
-2.96449,-0.33687,0.0
-2.96449,-0.30319,0.0
-2.96449,-0.2695,0.0
-2.96449,-0.23581,0.0
-2.96449,-0.20212,0.0
-2.96449,-0.16844,0.0
-2.96449,-0.13475,0.0
-2.96449,-0.10106,0.0
-2.96449,-0.06737,0.0
-2.96449,-0.03369,0.0
-2.96449,0,0.0
-2.96449,0.03369,0.0
-2.96449,0.06737,0.0
-2.96449,0.10106,0.0
-2.96449,0.13475,0.0
-2.96449,0.16844,0.0
-2.96449,0.20212,0.0
-2.96449,0.23581,0.0
-2.96449,0.2695,0.0
-2.96449,0.30319,0.0
-2.96449,0.33687,0.0
-2.96449,0.37056,0.0
-2.96449,0.40425,0.0
-2.96449,0.43794,0.0
-2.96449,0.47162,0.0
-2.96449,0.50531,0.0
-2.96449,0.539,0.0
-2.96449,0.57268,0.0
-2.96449,0.60637,0.0
-2.96449,0.64006,0.0
-2.96449,0.67375,0.0
-2.96449,0.70743,0.0
-2.96449,0.74112,0.0
-2.96449,0.77481,0.0
-2.96449,0.8085,0.0
-2.96449,0.84218,0.0
-2.96449,0.87587,0.0
-2.96449,0.90956,0.0
-2.96449,0.94325,0.0
-2.96449,0.97693,0.0
-2.96449,1.01062,0.0
-2.96449,1.04431,0.0
-2.96449,1.078,0.0
-2.96449,1.11168,0.0
-2.96449,1.14537,0.0
-2.96449,1.17906,0.0
-2.96449,1.21274,0.0
-2.96449,1.24643,0.0
-2.96449,1.28012,0.0
-2.96449,1.31381,0.0
-2.96449,1.34749,0.0
-2.96449,1.38118,0.0
-2.96449,1.41487,0.0
-2.96449,1.44856,0.0
-2.9308,-1.51593,0.0
-2.9308,-1.48224,0.0
-2.9308,-1.44856,0.0
-2.9308,-1.41487,0.0
-2.9308,-1.38118,0.0
-2.9308,-1.34749,0.0
-2.9308,-1.31381,0.0
-2.9308,-1.28012,0.0
-2.9308,-1.24643,0.0
-2.9308,-1.21274,0.0
-2.9308,-1.17906,0.0
-2.9308,-1.14537,0.0
-2.9308,-1.11168,0.0
-2.9308,-1.078,0.0
-2.9308,-1.04431,0.0
-2.9308,-1.01062,0.0
-2.9308,-0.97693,0.0
-2.9308,-0.94325,0.0
-2.9308,-0.90956,0.0
-2.9308,-0.87587,0.0
-2.9308,-0.84218,0.0
-2.9308,-0.8085,0.0
-2.9308,-0.77481,0.0
-2.9308,-0.74112,0.0
-2.9308,-0.70743,0.0
-2.9308,-0.67375,0.0
-2.9308,-0.64006,0.0
-2.9308,-0.60637,0.0
-2.9308,-0.57268,0.0
-2.9308,-0.539,0.0
-2.9308,-0.50531,0.0
-2.9308,-0.47162,0.0
-2.9308,-0.43794,0.0
-2.9308,-0.40425,0.0
-2.9308,-0.37056,0.0
-2.9308,-0.33687,0.0
-2.9308,-0.30319,0.0
-2.9308,-0.2695,0.0
-2.9308,-0.23581,0.0
-2.9308,-0.20212,0.0
-2.9308,-0.16844,0.0
-2.9308,-0.13475,0.0
-2.9308,-0.10106,0.0
-2.9308,-0.06737,0.0
-2.9308,-0.03369,0.0
-2.9308,0,0.0
-2.9308,0.03369,0.0
-2.9308,0.06737,0.0
-2.9308,0.10106,0.0
-2.9308,0.13475,0.0
-2.9308,0.16844,0.0
-2.9308,0.20212,0.0
-2.9308,0.23581,0.0
-2.9308,0.2695,0.0
-2.9308,0.30319,0.0
-2.9308,0.33687,0.0
-2.9308,0.37056,0.0
-2.9308,0.40425,0.0
-2.9308,0.43794,0.0
-2.9308,0.47162,0.0
-2.9308,0.50531,0.0
-2.9308,0.539,0.0
-2.9308,0.57268,0.0
-2.9308,0.60637,0.0
-2.9308,0.64006,0.0
-2.9308,0.67375,0.0
-2.9308,0.70743,0.0
-2.9308,0.74112,0.0
-2.9308,0.77481,0.0
-2.9308,0.8085,0.0
-2.9308,0.84218,0.0
-2.9308,0.87587,0.0
-2.9308,0.90956,0.0
-2.9308,0.94325,0.0
-2.9308,0.97693,0.0
-2.9308,1.01062,0.0
-2.9308,1.04431,0.0
-2.9308,1.078,0.0
-2.9308,1.11168,0.0
-2.9308,1.14537,0.0
-2.9308,1.17906,0.0
-2.9308,1.21274,0.0
-2.9308,1.24643,0.0
-2.9308,1.28012,0.0
-2.9308,1.31381,0.0
-2.9308,1.34749,0.0
-2.9308,1.38118,0.0
-2.9308,1.41487,0.0
-2.9308,1.44856,0.0
-2.9308,1.48224,0.0
-2.9308,1.51593,0.0
-2.89711,-1.54962,0.0
-2.89711,-1.51593,0.0
-2.89711,-1.48224,0.0
-2.89711,-1.44856,0.0
-2.89711,-1.41487,0.0
-2.89711,-1.38118,0.0
-2.89711,-1.34749,0.0
-2.89711,-1.31381,0.0
-2.89711,-1.28012,0.0
-2.89711,-1.24643,0.0
-2.89711,-1.21274,0.0
-2.89711,-1.17906,0.0
-2.89711,-1.14537,0.0
-2.89711,-1.11168,0.0
-2.89711,-1.078,0.0
-2.89711,-1.04431,0.0
-2.89711,-1.01062,0.0
-2.89711,-0.97693,0.0
-2.89711,-0.94325,0.0
-2.89711,-0.90956,0.0
-2.89711,-0.87587,0.0
-2.89711,-0.84218,0.0
-2.89711,-0.8085,0.0
-2.89711,-0.77481,0.0
-2.89711,-0.74112,0.0
-2.89711,-0.70743,0.0
-2.89711,-0.67375,0.0
-2.89711,-0.64006,0.0
-2.89711,-0.60637,0.0
-2.89711,-0.57268,0.0
-2.89711,-0.539,0.0
-2.89711,-0.50531,0.0
-2.89711,-0.47162,0.0
-2.89711,-0.43794,0.0
-2.89711,-0.40425,0.0
-2.89711,-0.37056,0.0
-2.89711,-0.33687,0.0
-2.89711,-0.30319,0.0
-2.89711,-0.2695,0.0
-2.89711,-0.23581,0.0
-2.89711,-0.20212,0.0
-2.89711,-0.16844,0.0
-2.89711,-0.13475,0.0
-2.89711,-0.10106,0.0
-2.89711,-0.06737,0.0
-2.89711,-0.03369,0.0
-2.89711,0,0.0
-2.89711,0.03369,0.0
-2.89711,0.06737,0.0
-2.89711,0.10106,0.0
-2.89711,0.13475,0.0
-2.89711,0.16844,0.0
-2.89711,0.20212,0.0
-2.89711,0.23581,0.0
-2.89711,0.2695,0.0
-2.89711,0.30319,0.0
-2.89711,0.33687,0.0
-2.89711,0.37056,0.0
-2.89711,0.40425,0.0
-2.89711,0.43794,0.0
-2.89711,0.47162,0.0
-2.89711,0.50531,0.0
-2.89711,0.539,0.0
-2.89711,0.57268,0.0
-2.89711,0.60637,0.0
-2.89711,0.64006,0.0
-2.89711,0.67375,0.0
-2.89711,0.70743,0.0
-2.89711,0.74112,0.0
-2.89711,0.77481,0.0
-2.89711,0.8085,0.0
-2.89711,0.84218,0.0
-2.89711,0.87587,0.0
-2.89711,0.90956,0.0
-2.89711,0.94325,0.0
-2.89711,0.97693,0.0
-2.89711,1.01062,0.0
-2.89711,1.04431,0.0
-2.89711,1.078,0.0
-2.89711,1.11168,0.0
-2.89711,1.14537,0.0
-2.89711,1.17906,0.0
-2.89711,1.21274,0.0
-2.89711,1.24643,0.0
-2.89711,1.28012,0.0
-2.89711,1.31381,0.0
-2.89711,1.34749,0.0
-2.89711,1.38118,0.0
-2.89711,1.41487,0.0
-2.89711,1.44856,0.0
-2.89711,1.48224,0.0
-2.89711,1.51593,0.0
-2.89711,1.54962,0.0
-2.86342,-1.61699,0.0
-2.86342,-1.58331,0.0
-2.86342,-1.54962,0.0
-2.86342,-1.51593,0.0
-2.86342,-1.48224,0.0
-2.86342,-1.44856,0.0
-2.86342,-1.41487,0.0
-2.86342,-1.38118,0.0
-2.86342,-1.34749,0.0
-2.86342,-1.31381,0.0
-2.86342,-1.28012,0.0
-2.86342,-1.24643,0.0
-2.86342,-1.21274,0.0
-2.86342,-1.17906,0.0
-2.86342,-1.14537,0.0
-2.86342,-1.11168,0.0
-2.86342,-1.078,0.0
-2.86342,-1.04431,0.0
-2.86342,-1.01062,0.0
-2.86342,-0.97693,0.0
-2.86342,-0.94325,0.0
-2.86342,-0.90956,0.0
-2.86342,-0.87587,0.0
-2.86342,-0.84218,0.0
-2.86342,-0.8085,0.0
-2.86342,-0.77481,0.0
-2.86342,-0.74112,0.0
-2.86342,-0.70743,0.0
-2.86342,-0.67375,0.0
-2.86342,-0.64006,0.0
-2.86342,-0.60637,0.0
-2.86342,-0.57268,0.0
-2.86342,-0.539,0.0
-2.86342,-0.50531,0.0
-2.86342,-0.47162,0.0
-2.86342,-0.43794,0.0
-2.86342,-0.40425,0.0
-2.86342,-0.37056,0.0
-2.86342,-0.33687,0.0
-2.86342,-0.30319,0.0
-2.86342,-0.2695,0.0
-2.86342,-0.23581,0.0
-2.86342,-0.20212,0.0
-2.86342,-0.16844,0.0
-2.86342,-0.13475,0.0
-2.86342,-0.10106,0.0
-2.86342,-0.06737,0.0
-2.86342,-0.03369,0.0
-2.86342,0,0.0
-2.86342,0.03369,0.0
-2.86342,0.06737,0.0
-2.86342,0.10106,0.0
-2.86342,0.13475,0.0
-2.86342,0.16844,0.0
-2.86342,0.20212,0.0
-2.86342,0.23581,0.0
-2.86342,0.2695,0.0
-2.86342,0.30319,0.0
-2.86342,0.33687,0.0
-2.86342,0.37056,0.0
-2.86342,0.40425,0.0
-2.86342,0.43794,0.0
-2.86342,0.47162,0.0
-2.86342,0.50531,0.0
-2.86342,0.539,0.0
-2.86342,0.57268,0.0
-2.86342,0.60637,0.0
-2.86342,0.64006,0.0
-2.86342,0.67375,0.0
-2.86342,0.70743,0.0
-2.86342,0.74112,0.0
-2.86342,0.77481,0.0
-2.86342,0.8085,0.0
-2.86342,0.84218,0.0
-2.86342,0.87587,0.0
-2.86342,0.90956,0.0
-2.86342,0.94325,0.0
-2.86342,0.97693,0.0
-2.86342,1.01062,0.0
-2.86342,1.04431,0.0
-2.86342,1.078,0.0
-2.86342,1.11168,0.0
-2.86342,1.14537,0.0
-2.86342,1.17906,0.0
-2.86342,1.21274,0.0
-2.86342,1.24643,0.0
-2.86342,1.28012,0.0
-2.86342,1.31381,0.0
-2.86342,1.34749,0.0
-2.86342,1.38118,0.0
-2.86342,1.41487,0.0
-2.86342,1.44856,0.0
-2.86342,1.48224,0.0
-2.86342,1.51593,0.0
-2.86342,1.54962,0.0
-2.86342,1.58331,0.0
-2.86342,1.61699,0.0
-2.82974,-1.68437,0.0
-2.82974,-1.65068,0.0
-2.82974,-1.61699,0.0
-2.82974,-1.58331,0.0
-2.82974,-1.54962,0.0
-2.82974,-1.51593,0.0
-2.82974,-1.48224,0.0
-2.82974,-1.44856,0.0
-2.82974,-1.41487,0.0
-2.82974,-1.38118,0.0
-2.82974,-1.34749,0.0
-2.82974,-1.31381,0.0
-2.82974,-1.28012,0.0
-2.82974,-1.24643,0.0
-2.82974,-1.21274,0.0
-2.82974,-1.17906,0.0
-2.82974,-1.14537,0.0
-2.82974,-1.11168,0.0
-2.82974,-1.078,0.0
-2.82974,-1.04431,0.0
-2.82974,-1.01062,0.0
-2.82974,-0.97693,0.0
-2.82974,-0.94325,0.0
-2.82974,-0.90956,0.0
-2.82974,-0.87587,0.0
-2.82974,-0.84218,0.0
-2.82974,-0.8085,0.0
-2.82974,-0.77481,0.0
-2.82974,-0.74112,0.0
-2.82974,-0.70743,0.0
-2.82974,-0.67375,0.0
-2.82974,-0.64006,0.0
-2.82974,-0.60637,0.0
-2.82974,-0.57268,0.0
-2.82974,-0.539,0.0
-2.82974,-0.50531,0.0
-2.82974,-0.47162,0.0
-2.82974,-0.43794,0.0
-2.82974,-0.40425,0.0
-2.82974,-0.37056,0.0
-2.82974,-0.33687,0.0
-2.82974,-0.30319,0.0
-2.82974,-0.2695,0.0
-2.82974,-0.23581,0.0
-2.82974,-0.20212,0.0
-2.82974,-0.16844,0.0
-2.82974,-0.13475,0.0
-2.82974,-0.10106,0.0
-2.82974,-0.06737,0.0
-2.82974,-0.03369,0.0
-2.82974,0,0.0
-2.82974,0.03369,0.0
-2.82974,0.06737,0.0
-2.82974,0.10106,0.0
-2.82974,0.13475,0.0
-2.82974,0.16844,0.0
-2.82974,0.20212,0.0
-2.82974,0.23581,0.0
-2.82974,0.2695,0.0
-2.82974,0.30319,0.0
-2.82974,0.33687,0.0
-2.82974,0.37056,0.0
-2.82974,0.40425,0.0
-2.82974,0.43794,0.0
-2.82974,0.47162,0.0
-2.82974,0.50531,0.0
-2.82974,0.539,0.0
-2.82974,0.57268,0.0
-2.82974,0.60637,0.0
-2.82974,0.64006,0.0
-2.82974,0.67375,0.0
-2.82974,0.70743,0.0
-2.82974,0.74112,0.0
-2.82974,0.77481,0.0
-2.82974,0.8085,0.0
-2.82974,0.84218,0.0
-2.82974,0.87587,0.0
-2.82974,0.90956,0.0
-2.82974,0.94325,0.0
-2.82974,0.97693,0.0
-2.82974,1.01062,0.0
-2.82974,1.04431,0.0
-2.82974,1.078,0.0
-2.82974,1.11168,0.0
-2.82974,1.14537,0.0
-2.82974,1.17906,0.0
-2.82974,1.21274,0.0
-2.82974,1.24643,0.0
-2.82974,1.28012,0.0
-2.82974,1.31381,0.0
-2.82974,1.34749,0.0
-2.82974,1.38118,0.0
-2.82974,1.41487,0.0
-2.82974,1.44856,0.0
-2.82974,1.48224,0.0
-2.82974,1.51593,0.0
-2.82974,1.54962,0.0
-2.82974,1.58331,0.0
-2.82974,1.61699,0.0
-2.82974,1.65068,0.0
-2.82974,1.68437,0.0
-2.79605,-1.75174,0.0
-2.79605,-1.71805,0.0
-2.79605,-1.68437,0.0
-2.79605,-1.65068,0.0
-2.79605,-1.61699,0.0
-2.79605,-1.58331,0.0
-2.79605,-1.54962,0.0
-2.79605,-1.51593,0.0
-2.79605,-1.48224,0.0
-2.79605,-1.44856,0.0
-2.79605,-1.41487,0.0
-2.79605,-1.38118,0.0
-2.79605,-1.34749,0.0
-2.79605,-1.31381,0.0
-2.79605,-1.28012,0.0
-2.79605,-1.24643,0.0
-2.79605,-1.21274,0.0
-2.79605,-1.17906,0.0
-2.79605,-1.14537,0.0
-2.79605,-1.11168,0.0
-2.79605,-1.078,0.0
-2.79605,-1.04431,0.0
-2.79605,-1.01062,0.0
-2.79605,-0.97693,0.0
-2.79605,-0.94325,0.0
-2.79605,-0.90956,0.0
-2.79605,-0.87587,0.0
-2.79605,-0.84218,0.0
-2.79605,-0.8085,0.0
-2.79605,-0.77481,0.0
-2.79605,-0.74112,0.0
-2.79605,-0.70743,0.0
-2.79605,-0.67375,0.0
-2.79605,-0.64006,0.0
-2.79605,-0.60637,0.0
-2.79605,-0.57268,0.0
-2.79605,-0.539,0.0
-2.79605,-0.50531,0.0
-2.79605,-0.47162,0.0
-2.79605,-0.43794,0.0
-2.79605,-0.40425,0.0
-2.79605,-0.37056,0.0
-2.79605,-0.33687,0.0
-2.79605,-0.30319,0.0
-2.79605,-0.2695,0.0
-2.79605,-0.23581,0.0
-2.79605,-0.20212,0.0
-2.79605,-0.16844,0.0
-2.79605,-0.13475,0.0
-2.79605,-0.10106,0.0
-2.79605,-0.06737,0.0
-2.79605,-0.03369,0.0
-2.79605,0,0.0
-2.79605,0.03369,0.0
-2.79605,0.06737,0.0
-2.79605,0.10106,0.0
-2.79605,0.13475,0.0
-2.79605,0.16844,0.0
-2.79605,0.20212,0.0
-2.79605,0.23581,0.0
-2.79605,0.2695,0.0
-2.79605,0.30319,0.0
-2.79605,0.33687,0.0
-2.79605,0.37056,0.0
-2.79605,0.40425,0.0
-2.79605,0.43794,0.0
-2.79605,0.47162,0.0
-2.79605,0.50531,0.0
-2.79605,0.539,0.0
-2.79605,0.57268,0.0
-2.79605,0.60637,0.0
-2.79605,0.64006,0.0
-2.79605,0.67375,0.0
-2.79605,0.70743,0.0
-2.79605,0.74112,0.0
-2.79605,0.77481,0.0
-2.79605,0.8085,0.0
-2.79605,0.84218,0.0
-2.79605,0.87587,0.0
-2.79605,0.90956,0.0
-2.79605,0.94325,0.0
-2.79605,0.97693,0.0
-2.79605,1.01062,0.0
-2.79605,1.04431,0.0
-2.79605,1.078,0.0
-2.79605,1.11168,0.0
-2.79605,1.14537,0.0
-2.79605,1.17906,0.0
-2.79605,1.21274,0.0
-2.79605,1.24643,0.0
-2.79605,1.28012,0.0
-2.79605,1.31381,0.0
-2.79605,1.34749,0.0
-2.79605,1.38118,0.0
-2.79605,1.41487,0.0
-2.79605,1.44856,0.0
-2.79605,1.48224,0.0
-2.79605,1.51593,0.0
-2.79605,1.54962,0.0
-2.79605,1.58331,0.0
-2.79605,1.61699,0.0
-2.79605,1.65068,0.0
-2.79605,1.68437,0.0
-2.79605,1.71805,0.0
-2.79605,1.75174,0.0
-2.76236,-1.78543,0.0
-2.76236,-1.75174,0.0
-2.76236,-1.71805,0.0
-2.76236,-1.68437,0.0
-2.76236,-1.65068,0.0
-2.76236,-1.61699,0.0
-2.76236,-1.58331,0.0
-2.76236,-1.54962,0.0
-2.76236,-1.51593,0.0
-2.76236,-1.48224,0.0
-2.76236,-1.44856,0.0
-2.76236,-1.41487,0.0
-2.76236,-1.38118,0.0
-2.76236,-1.34749,0.0
-2.76236,-1.31381,0.0
-2.76236,-1.28012,0.0
-2.76236,-1.24643,0.0
-2.76236,-1.21274,0.0
-2.76236,-1.17906,0.0
-2.76236,-1.14537,0.0
-2.76236,-1.11168,0.0
-2.76236,-1.078,0.0
-2.76236,-1.04431,0.0
-2.76236,-1.01062,0.0
-2.76236,-0.97693,0.0
-2.76236,-0.94325,0.0
-2.76236,-0.90956,0.0
-2.76236,-0.87587,0.0
-2.76236,-0.84218,0.0
-2.76236,-0.8085,0.0
-2.76236,-0.77481,0.0
-2.76236,-0.74112,0.0
-2.76236,-0.70743,0.0
-2.76236,-0.67375,0.0
-2.76236,-0.64006,0.0
-2.76236,-0.60637,0.0
-2.76236,-0.57268,0.0
-2.76236,-0.539,0.0
-2.76236,-0.50531,0.0
-2.76236,-0.47162,0.0
-2.76236,-0.43794,0.0
-2.76236,-0.40425,0.0
-2.76236,-0.37056,0.0
-2.76236,-0.33687,0.0
-2.76236,-0.30319,0.0
-2.76236,-0.2695,0.0
-2.76236,-0.23581,0.0
-2.76236,-0.20212,0.0
-2.76236,-0.16844,0.0
-2.76236,-0.13475,0.0
-2.76236,-0.10106,0.0
-2.76236,-0.06737,0.0
-2.76236,-0.03369,0.0
-2.76236,0,0.0
-2.76236,0.03369,0.0
-2.76236,0.06737,0.0
-2.76236,0.10106,0.0
-2.76236,0.13475,0.0
-2.76236,0.16844,0.0
-2.76236,0.20212,0.0
-2.76236,0.23581,0.0
-2.76236,0.2695,0.0
-2.76236,0.30319,0.0
-2.76236,0.33687,0.0
-2.76236,0.37056,0.0
-2.76236,0.40425,0.0
-2.76236,0.43794,0.0
-2.76236,0.47162,0.0
-2.76236,0.50531,0.0
-2.76236,0.539,0.0
-2.76236,0.57268,0.0
-2.76236,0.60637,0.0
-2.76236,0.64006,0.0
-2.76236,0.67375,0.0
-2.76236,0.70743,0.0
-2.76236,0.74112,0.0
-2.76236,0.77481,0.0
-2.76236,0.8085,0.0
-2.76236,0.84218,0.0
-2.76236,0.87587,0.0
-2.76236,0.90956,0.0
-2.76236,0.94325,0.0
-2.76236,0.97693,0.0
-2.76236,1.01062,0.0
-2.76236,1.04431,0.0
-2.76236,1.078,0.0
-2.76236,1.11168,0.0
-2.76236,1.14537,0.0
-2.76236,1.17906,0.0
-2.76236,1.21274,0.0
-2.76236,1.24643,0.0
-2.76236,1.28012,0.0
-2.76236,1.31381,0.0
-2.76236,1.34749,0.0
-2.76236,1.38118,0.0
-2.76236,1.41487,0.0
-2.76236,1.44856,0.0
-2.76236,1.48224,0.0
-2.76236,1.51593,0.0
-2.76236,1.54962,0.0
-2.76236,1.58331,0.0
-2.76236,1.61699,0.0
-2.76236,1.65068,0.0
-2.76236,1.68437,0.0
-2.76236,1.71805,0.0
-2.76236,1.75174,0.0
-2.76236,1.78543,0.0
-2.72868,-1.8528,0.0
-2.72868,-1.81912,0.0
-2.72868,-1.78543,0.0
-2.72868,-1.75174,0.0
-2.72868,-1.71805,0.0
-2.72868,-1.68437,0.0
-2.72868,-1.65068,0.0
-2.72868,-1.61699,0.0
-2.72868,-1.58331,0.0
-2.72868,-1.54962,0.0
-2.72868,-1.51593,0.0
-2.72868,-1.48224,0.0
-2.72868,-1.44856,0.0
-2.72868,-1.41487,0.0
-2.72868,-1.38118,0.0
-2.72868,-1.34749,0.0
-2.72868,-1.31381,0.0
-2.72868,-1.28012,0.0
-2.72868,-1.24643,0.0
-2.72868,-1.21274,0.0
-2.72868,-1.17906,0.0
-2.72868,-1.14537,0.0
-2.72868,-1.11168,0.0
-2.72868,-1.078,0.0
-2.72868,-1.04431,0.0
-2.72868,-1.01062,0.0
-2.72868,-0.97693,0.0
-2.72868,-0.94325,0.0
-2.72868,-0.90956,0.0
-2.72868,-0.87587,0.0
-2.72868,-0.84218,0.0
-2.72868,-0.8085,0.0
-2.72868,-0.77481,0.0
-2.72868,-0.74112,0.0
-2.72868,-0.70743,0.0
-2.72868,-0.67375,0.0
-2.72868,-0.64006,0.0
-2.72868,-0.60637,0.0
-2.72868,-0.57268,0.0
-2.72868,-0.539,0.0
-2.72868,-0.50531,0.0
-2.72868,-0.47162,0.0
-2.72868,-0.43794,0.0
-2.72868,-0.40425,0.0
-2.72868,-0.37056,0.0
-2.72868,-0.33687,0.0
-2.72868,-0.30319,0.0
-2.72868,-0.2695,0.0
-2.72868,-0.23581,0.0
-2.72868,-0.20212,0.0
-2.72868,-0.16844,0.0
-2.72868,-0.13475,0.0
-2.72868,-0.10106,0.0
-2.72868,-0.06737,0.0
-2.72868,-0.03369,0.0
-2.72868,0,0.0
-2.72868,0.03369,0.0
-2.72868,0.06737,0.0
-2.72868,0.10106,0.0
-2.72868,0.13475,0.0
-2.72868,0.16844,0.0
-2.72868,0.20212,0.0
-2.72868,0.23581,0.0
-2.72868,0.2695,0.0
-2.72868,0.30319,0.0
-2.72868,0.33687,0.0
-2.72868,0.37056,0.0
-2.72868,0.40425,0.0
-2.72868,0.43794,0.0
-2.72868,0.47162,0.0
-2.72868,0.50531,0.0
-2.72868,0.539,0.0
-2.72868,0.57268,0.0
-2.72868,0.60637,0.0
-2.72868,0.64006,0.0
-2.72868,0.67375,0.0
-2.72868,0.70743,0.0
-2.72868,0.74112,0.0
-2.72868,0.77481,0.0
-2.72868,0.8085,0.0
-2.72868,0.84218,0.0
-2.72868,0.87587,0.0
-2.72868,0.90956,0.0
-2.72868,0.94325,0.0
-2.72868,0.97693,0.0
-2.72868,1.01062,0.0
-2.72868,1.04431,0.0
-2.72868,1.078,0.0
-2.72868,1.11168,0.0
-2.72868,1.14537,0.0
-2.72868,1.17906,0.0
-2.72868,1.21274,0.0
-2.72868,1.24643,0.0
-2.72868,1.28012,0.0
-2.72868,1.31381,0.0
-2.72868,1.34749,0.0
-2.72868,1.38118,0.0
-2.72868,1.41487,0.0
-2.72868,1.44856,0.0
-2.72868,1.48224,0.0
-2.72868,1.51593,0.0
-2.72868,1.54962,0.0
-2.72868,1.58331,0.0
-2.72868,1.61699,0.0
-2.72868,1.65068,0.0
-2.72868,1.68437,0.0
-2.72868,1.71805,0.0
-2.72868,1.75174,0.0
-2.72868,1.78543,0.0
-2.72868,1.81912,0.0
-2.72868,1.8528,0.0
-2.69499,-1.88649,0.0
-2.69499,-1.8528,0.0
-2.69499,-1.81912,0.0
-2.69499,-1.78543,0.0
-2.69499,-1.75174,0.0
-2.69499,-1.71805,0.0
-2.69499,-1.68437,0.0
-2.69499,-1.65068,0.0
-2.69499,-1.61699,0.0
-2.69499,-1.58331,0.0
-2.69499,-1.54962,0.0
-2.69499,-1.51593,0.0
-2.69499,-1.48224,0.0
-2.69499,-1.44856,0.0
-2.69499,-1.41487,0.0
-2.69499,-1.38118,0.0
-2.69499,-1.34749,0.0
-2.69499,-1.31381,0.0
-2.69499,-1.28012,0.0
-2.69499,-1.24643,0.0
-2.69499,-1.21274,0.0
-2.69499,-1.17906,0.0
-2.69499,-1.14537,0.0
-2.69499,-1.11168,0.0
-2.69499,-1.078,0.0
-2.69499,-1.04431,0.0
-2.69499,-1.01062,0.0
-2.69499,-0.97693,0.0
-2.69499,-0.94325,0.0
-2.69499,-0.90956,0.0
-2.69499,-0.87587,0.0
-2.69499,-0.84218,0.0
-2.69499,-0.8085,0.0
-2.69499,-0.77481,0.0
-2.69499,-0.74112,0.0
-2.69499,-0.70743,0.0
-2.69499,-0.67375,0.0
-2.69499,-0.64006,0.0
-2.69499,-0.60637,0.0
-2.69499,-0.57268,0.0
-2.69499,-0.539,0.0
-2.69499,-0.50531,0.0
-2.69499,-0.47162,0.0
-2.69499,-0.43794,0.0
-2.69499,-0.40425,0.0
-2.69499,-0.37056,0.0
-2.69499,-0.33687,0.0
-2.69499,-0.30319,0.0
-2.69499,-0.2695,0.0
-2.69499,-0.23581,0.0
-2.69499,-0.20212,0.0
-2.69499,-0.16844,0.0
-2.69499,-0.13475,0.0
-2.69499,-0.10106,0.0
-2.69499,-0.06737,0.0
-2.69499,-0.03369,0.0
-2.69499,0,0.0
-2.69499,0.03369,0.0
-2.69499,0.06737,0.0
-2.69499,0.10106,0.0
-2.69499,0.13475,0.0
-2.69499,0.16844,0.0
-2.69499,0.20212,0.0
-2.69499,0.23581,0.0
-2.69499,0.2695,0.0
-2.69499,0.30319,0.0
-2.69499,0.33687,0.0
-2.69499,0.37056,0.0
-2.69499,0.40425,0.0
-2.69499,0.43794,0.0
-2.69499,0.47162,0.0
-2.69499,0.50531,0.0
-2.69499,0.539,0.0
-2.69499,0.57268,0.0
-2.69499,0.60637,0.0
-2.69499,0.64006,0.0
-2.69499,0.67375,0.0
-2.69499,0.70743,0.0
-2.69499,0.74112,0.0
-2.69499,0.77481,0.0
-2.69499,0.8085,0.0
-2.69499,0.84218,0.0
-2.69499,0.87587,0.0
-2.69499,0.90956,0.0
-2.69499,0.94325,0.0
-2.69499,0.97693,0.0
-2.69499,1.01062,0.0
-2.69499,1.04431,0.0
-2.69499,1.078,0.0
-2.69499,1.11168,0.0
-2.69499,1.14537,0.0
-2.69499,1.17906,0.0
-2.69499,1.21274,0.0
-2.69499,1.24643,0.0
-2.69499,1.28012,0.0
-2.69499,1.31381,0.0
-2.69499,1.34749,0.0
-2.69499,1.38118,0.0
-2.69499,1.41487,0.0
-2.69499,1.44856,0.0
-2.69499,1.48224,0.0
-2.69499,1.51593,0.0
-2.69499,1.54962,0.0
-2.69499,1.58331,0.0
-2.69499,1.61699,0.0
-2.69499,1.65068,0.0
-2.69499,1.68437,0.0
-2.69499,1.71805,0.0
-2.69499,1.75174,0.0
-2.69499,1.78543,0.0
-2.69499,1.81912,0.0
-2.69499,1.8528,0.0
-2.69499,1.88649,0.0
-2.6613,-1.92018,0.0
-2.6613,-1.88649,0.0
-2.6613,-1.8528,0.0
-2.6613,-1.81912,0.0
-2.6613,-1.78543,0.0
-2.6613,-1.75174,0.0
-2.6613,-1.71805,0.0
-2.6613,-1.68437,0.0
-2.6613,-1.65068,0.0
-2.6613,-1.61699,0.0
-2.6613,-1.58331,0.0
-2.6613,-1.54962,0.0
-2.6613,-1.51593,0.0
-2.6613,-1.48224,0.0
-2.6613,-1.44856,0.0
-2.6613,-1.41487,0.0
-2.6613,-1.38118,0.0
-2.6613,-1.34749,0.0
-2.6613,-1.31381,0.0
-2.6613,-1.28012,0.0
-2.6613,-1.24643,0.0
-2.6613,-1.21274,0.0
-2.6613,-1.17906,0.0
-2.6613,-1.14537,0.0
-2.6613,-1.11168,0.0
-2.6613,-1.078,0.0
-2.6613,-1.04431,0.0
-2.6613,-1.01062,0.0
-2.6613,-0.97693,0.0
-2.6613,-0.94325,0.0
-2.6613,-0.90956,0.0
-2.6613,-0.87587,0.0
-2.6613,-0.84218,0.0
-2.6613,-0.8085,0.0
-2.6613,-0.77481,0.0
-2.6613,-0.74112,0.0
-2.6613,-0.70743,0.0
-2.6613,-0.67375,0.0
-2.6613,-0.64006,0.0
-2.6613,-0.60637,0.0
-2.6613,-0.57268,0.0
-2.6613,-0.539,0.0
-2.6613,-0.50531,0.0
-2.6613,-0.47162,0.0
-2.6613,-0.43794,0.0
-2.6613,-0.40425,0.0
-2.6613,-0.37056,0.0
-2.6613,-0.33687,0.0
-2.6613,-0.30319,0.0
-2.6613,-0.2695,0.0
-2.6613,-0.23581,0.0
-2.6613,-0.20212,0.0
-2.6613,-0.16844,0.0
-2.6613,-0.13475,0.0
-2.6613,-0.10106,0.0
-2.6613,-0.06737,0.0
-2.6613,-0.03369,0.0
-2.6613,0,0.0
-2.6613,0.03369,0.0
-2.6613,0.06737,0.0
-2.6613,0.10106,0.0
-2.6613,0.13475,0.0
-2.6613,0.16844,0.0
-2.6613,0.20212,0.0
-2.6613,0.23581,0.0
-2.6613,0.2695,0.0
-2.6613,0.30319,0.0
-2.6613,0.33687,0.0
-2.6613,0.37056,0.0
-2.6613,0.40425,0.0
-2.6613,0.43794,0.0
-2.6613,0.47162,0.0
-2.6613,0.50531,0.0
-2.6613,0.539,0.0
-2.6613,0.57268,0.0
-2.6613,0.60637,0.0
-2.6613,0.64006,0.0
-2.6613,0.67375,0.0
-2.6613,0.70743,0.0
-2.6613,0.74112,0.0
-2.6613,0.77481,0.0
-2.6613,0.8085,0.0
-2.6613,0.84218,0.0
-2.6613,0.87587,0.0
-2.6613,0.90956,0.0
-2.6613,0.94325,0.0
-2.6613,0.97693,0.0
-2.6613,1.01062,0.0
-2.6613,1.04431,0.0
-2.6613,1.078,0.0
-2.6613,1.11168,0.0
-2.6613,1.14537,0.0
-2.6613,1.17906,0.0
-2.6613,1.21274,0.0
-2.6613,1.24643,0.0
-2.6613,1.28012,0.0
-2.6613,1.31381,0.0
-2.6613,1.34749,0.0
-2.6613,1.38118,0.0
-2.6613,1.41487,0.0
-2.6613,1.44856,0.0
-2.6613,1.48224,0.0
-2.6613,1.51593,0.0
-2.6613,1.54962,0.0
-2.6613,1.58331,0.0
-2.6613,1.61699,0.0
-2.6613,1.65068,0.0
-2.6613,1.68437,0.0
-2.6613,1.71805,0.0
-2.6613,1.75174,0.0
-2.6613,1.78543,0.0
-2.6613,1.81912,0.0
-2.6613,1.8528,0.0
-2.6613,1.88649,0.0
-2.6613,1.92018,0.0
-2.62761,-1.98755,0.0
-2.62761,-1.95387,0.0
-2.62761,-1.92018,0.0
-2.62761,-1.88649,0.0
-2.62761,-1.8528,0.0
-2.62761,-1.81912,0.0
-2.62761,-1.78543,0.0
-2.62761,-1.75174,0.0
-2.62761,-1.71805,0.0
-2.62761,-1.68437,0.0
-2.62761,-1.65068,0.0
-2.62761,-1.61699,0.0
-2.62761,-1.58331,0.0
-2.62761,-1.54962,0.0
-2.62761,-1.51593,0.0
-2.62761,-1.48224,0.0
-2.62761,-1.44856,0.0
-2.62761,-1.41487,0.0
-2.62761,-1.38118,0.0
-2.62761,-1.34749,0.0
-2.62761,-1.31381,0.0
-2.62761,-1.28012,0.0
-2.62761,-1.24643,0.0
-2.62761,-1.21274,0.0
-2.62761,-1.17906,0.0
-2.62761,-1.14537,0.0
-2.62761,-1.11168,0.0
-2.62761,-1.078,0.0
-2.62761,-1.04431,0.0
-2.62761,-1.01062,0.0
-2.62761,-0.97693,0.0
-2.62761,-0.94325,0.0
-2.62761,-0.90956,0.0
-2.62761,-0.87587,0.0
-2.62761,-0.84218,0.0
-2.62761,-0.8085,0.0
-2.62761,-0.77481,0.0
-2.62761,-0.74112,0.0
-2.62761,-0.70743,0.0
-2.62761,-0.67375,0.0
-2.62761,-0.64006,0.0
-2.62761,-0.60637,0.0
-2.62761,-0.57268,0.0
-2.62761,-0.539,0.0
-2.62761,-0.50531,0.0
-2.62761,-0.47162,0.0
-2.62761,-0.43794,0.0
-2.62761,-0.40425,0.0
-2.62761,-0.37056,0.0
-2.62761,-0.33687,0.0
-2.62761,-0.30319,0.0
-2.62761,-0.2695,0.0
-2.62761,-0.23581,0.0
-2.62761,-0.20212,0.0
-2.62761,-0.16844,0.0
-2.62761,-0.13475,0.0
-2.62761,-0.10106,0.0
-2.62761,-0.06737,0.0
-2.62761,-0.03369,0.0
-2.62761,0,0.0
-2.62761,0.03369,0.0
-2.62761,0.06737,0.0
-2.62761,0.10106,0.0
-2.62761,0.13475,0.0
-2.62761,0.16844,0.0
-2.62761,0.20212,0.0
-2.62761,0.23581,0.0
-2.62761,0.2695,0.0
-2.62761,0.30319,0.0
-2.62761,0.33687,0.0
-2.62761,0.37056,0.0
-2.62761,0.40425,0.0
-2.62761,0.43794,0.0
-2.62761,0.47162,0.0
-2.62761,0.50531,0.0
-2.62761,0.539,0.0
-2.62761,0.57268,0.0
-2.62761,0.60637,0.0
-2.62761,0.64006,0.0
-2.62761,0.67375,0.0
-2.62761,0.70743,0.0
-2.62761,0.74112,0.0
-2.62761,0.77481,0.0
-2.62761,0.8085,0.0
-2.62761,0.84218,0.0
-2.62761,0.87587,0.0
-2.62761,0.90956,0.0
-2.62761,0.94325,0.0
-2.62761,0.97693,0.0
-2.62761,1.01062,0.0
-2.62761,1.04431,0.0
-2.62761,1.078,0.0
-2.62761,1.11168,0.0
-2.62761,1.14537,0.0
-2.62761,1.17906,0.0
-2.62761,1.21274,0.0
-2.62761,1.24643,0.0
-2.62761,1.28012,0.0
-2.62761,1.31381,0.0
-2.62761,1.34749,0.0
-2.62761,1.38118,0.0
-2.62761,1.41487,0.0
-2.62761,1.44856,0.0
-2.62761,1.48224,0.0
-2.62761,1.51593,0.0
-2.62761,1.54962,0.0
-2.62761,1.58331,0.0
-2.62761,1.61699,0.0
-2.62761,1.65068,0.0
-2.62761,1.68437,0.0
-2.62761,1.71805,0.0
-2.62761,1.75174,0.0
-2.62761,1.78543,0.0
-2.62761,1.81912,0.0
-2.62761,1.8528,0.0
-2.62761,1.88649,0.0
-2.62761,1.92018,0.0
-2.62761,1.95387,0.0
-2.62761,1.98755,0.0
-2.59393,-2.02124,0.0
-2.59393,-1.98755,0.0
-2.59393,-1.95387,0.0
-2.59393,-1.92018,0.0
-2.59393,-1.88649,0.0
-2.59393,-1.8528,0.0
-2.59393,-1.81912,0.0
-2.59393,-1.78543,0.0
-2.59393,-1.75174,0.0
-2.59393,-1.71805,0.0
-2.59393,-1.68437,0.0
-2.59393,-1.65068,0.0
-2.59393,-1.61699,0.0
-2.59393,-1.58331,0.0
-2.59393,-1.54962,0.0
-2.59393,-1.51593,0.0
-2.59393,-1.48224,0.0
-2.59393,-1.44856,0.0
-2.59393,-1.41487,0.0
-2.59393,-1.38118,0.0
-2.59393,-1.34749,0.0
-2.59393,-1.31381,0.0
-2.59393,-1.28012,0.0
-2.59393,-1.24643,0.0
-2.59393,-1.21274,0.0
-2.59393,-1.17906,0.0
-2.59393,-1.14537,0.0
-2.59393,-1.11168,0.0
-2.59393,-1.078,0.0
-2.59393,-1.04431,0.0
-2.59393,-1.01062,0.0
-2.59393,-0.97693,0.0
-2.59393,-0.94325,0.0
-2.59393,-0.90956,0.0
-2.59393,-0.87587,0.0
-2.59393,-0.84218,0.0
-2.59393,-0.8085,0.0
-2.59393,-0.77481,0.0
-2.59393,-0.74112,0.0
-2.59393,-0.70743,0.0
-2.59393,-0.67375,0.0
-2.59393,-0.64006,0.0
-2.59393,-0.60637,0.0
-2.59393,-0.57268,0.0
-2.59393,-0.539,0.0
-2.59393,-0.50531,0.0
-2.59393,-0.47162,0.0
-2.59393,-0.43794,0.0
-2.59393,-0.40425,0.0
-2.59393,-0.37056,0.0
-2.59393,-0.33687,0.0
-2.59393,-0.30319,0.0
-2.59393,-0.2695,0.0
-2.59393,-0.23581,0.0
-2.59393,-0.20212,0.0
-2.59393,-0.16844,0.0
-2.59393,-0.13475,0.0
-2.59393,-0.10106,0.0
-2.59393,-0.06737,0.0
-2.59393,-0.03369,0.0
-2.59393,0,0.0
-2.59393,0.03369,0.0
-2.59393,0.06737,0.0
-2.59393,0.10106,0.0
-2.59393,0.13475,0.0
-2.59393,0.16844,0.0
-2.59393,0.20212,0.0
-2.59393,0.23581,0.0
-2.59393,0.2695,0.0
-2.59393,0.30319,0.0
-2.59393,0.33687,0.0
-2.59393,0.37056,0.0
-2.59393,0.40425,0.0
-2.59393,0.43794,0.0
-2.59393,0.47162,0.0
-2.59393,0.50531,0.0
-2.59393,0.539,0.0
-2.59393,0.57268,0.0
-2.59393,0.60637,0.0
-2.59393,0.64006,0.0
-2.59393,0.67375,0.0
-2.59393,0.70743,0.0
-2.59393,0.74112,0.0
-2.59393,0.77481,0.0
-2.59393,0.8085,0.0
-2.59393,0.84218,0.0
-2.59393,0.87587,0.0
-2.59393,0.90956,0.0
-2.59393,0.94325,0.0
-2.59393,0.97693,0.0
-2.59393,1.01062,0.0
-2.59393,1.04431,0.0
-2.59393,1.078,0.0
-2.59393,1.11168,0.0
-2.59393,1.14537,0.0
-2.59393,1.17906,0.0
-2.59393,1.21274,0.0
-2.59393,1.24643,0.0
-2.59393,1.28012,0.0
-2.59393,1.31381,0.0
-2.59393,1.34749,0.0
-2.59393,1.38118,0.0
-2.59393,1.41487,0.0
-2.59393,1.44856,0.0
-2.59393,1.48224,0.0
-2.59393,1.51593,0.0
-2.59393,1.54962,0.0
-2.59393,1.58331,0.0
-2.59393,1.61699,0.0
-2.59393,1.65068,0.0
-2.59393,1.68437,0.0
-2.59393,1.71805,0.0
-2.59393,1.75174,0.0
-2.59393,1.78543,0.0
-2.59393,1.81912,0.0
-2.59393,1.8528,0.0
-2.59393,1.88649,0.0
-2.59393,1.92018,0.0
-2.59393,1.95387,0.0
-2.59393,1.98755,0.0
-2.59393,2.02124,0.0
-2.56024,-2.05493,0.0
-2.56024,-2.02124,0.0
-2.56024,-1.98755,0.0
-2.56024,-1.95387,0.0
-2.56024,-1.92018,0.0
-2.56024,-1.88649,0.0
-2.56024,-1.8528,0.0
-2.56024,-1.81912,0.0
-2.56024,-1.78543,0.0
-2.56024,-1.75174,0.0
-2.56024,-1.71805,0.0
-2.56024,-1.68437,0.0
-2.56024,-1.65068,0.0
-2.56024,-1.61699,0.0
-2.56024,-1.58331,0.0
-2.56024,-1.54962,0.0
-2.56024,-1.51593,0.0
-2.56024,-1.48224,0.0
-2.56024,-1.44856,0.0
-2.56024,-1.41487,0.0
-2.56024,-1.38118,0.0
-2.56024,-1.34749,0.0
-2.56024,-1.31381,0.0
-2.56024,-1.28012,0.0
-2.56024,-1.24643,0.0
-2.56024,-1.21274,0.0
-2.56024,-1.17906,0.0
-2.56024,-1.14537,0.0
-2.56024,-1.11168,0.0
-2.56024,-1.078,0.0
-2.56024,-1.04431,0.0
-2.56024,-1.01062,0.0
-2.56024,-0.97693,0.0
-2.56024,-0.94325,0.0
-2.56024,-0.90956,0.0
-2.56024,-0.87587,0.0
-2.56024,-0.84218,0.0
-2.56024,-0.8085,0.0
-2.56024,-0.77481,0.0
-2.56024,-0.74112,0.0
-2.56024,-0.70743,0.0
-2.56024,-0.67375,0.0
-2.56024,-0.64006,0.0
-2.56024,-0.60637,0.0
-2.56024,-0.57268,0.0
-2.56024,-0.539,0.0
-2.56024,-0.50531,0.0
-2.56024,-0.47162,0.0
-2.56024,-0.43794,0.0
-2.56024,-0.40425,0.0
-2.56024,-0.37056,0.0
-2.56024,-0.33687,0.0
-2.56024,-0.30319,0.0
-2.56024,-0.2695,0.0
-2.56024,-0.23581,0.0
-2.56024,-0.20212,0.0
-2.56024,-0.16844,0.0
-2.56024,-0.13475,0.0
-2.56024,-0.10106,0.0
-2.56024,-0.06737,0.0
-2.56024,-0.03369,0.0
-2.56024,0,0.0
-2.56024,0.03369,0.0
-2.56024,0.06737,0.0
-2.56024,0.10106,0.0
-2.56024,0.13475,0.0
-2.56024,0.16844,0.0
-2.56024,0.20212,0.0
-2.56024,0.23581,0.0
-2.56024,0.2695,0.0
-2.56024,0.30319,0.0
-2.56024,0.33687,0.0
-2.56024,0.37056,0.0
-2.56024,0.40425,0.0
-2.56024,0.43794,0.0
-2.56024,0.47162,0.0
-2.56024,0.50531,0.0
-2.56024,0.539,0.0
-2.56024,0.57268,0.0
-2.56024,0.60637,0.0
-2.56024,0.64006,0.0
-2.56024,0.67375,0.0
-2.56024,0.70743,0.0
-2.56024,0.74112,0.0
-2.56024,0.77481,0.0
-2.56024,0.8085,0.0
-2.56024,0.84218,0.0
-2.56024,0.87587,0.0
-2.56024,0.90956,0.0
-2.56024,0.94325,0.0
-2.56024,0.97693,0.0
-2.56024,1.01062,0.0
-2.56024,1.04431,0.0
-2.56024,1.078,0.0
-2.56024,1.11168,0.0
-2.56024,1.14537,0.0
-2.56024,1.17906,0.0
-2.56024,1.21274,0.0
-2.56024,1.24643,0.0
-2.56024,1.28012,0.0
-2.56024,1.31381,0.0
-2.56024,1.34749,0.0
-2.56024,1.38118,0.0
-2.56024,1.41487,0.0
-2.56024,1.44856,0.0
-2.56024,1.48224,0.0
-2.56024,1.51593,0.0
-2.56024,1.54962,0.0
-2.56024,1.58331,0.0
-2.56024,1.61699,0.0
-2.56024,1.65068,0.0
-2.56024,1.68437,0.0
-2.56024,1.71805,0.0
-2.56024,1.75174,0.0
-2.56024,1.78543,0.0
-2.56024,1.81912,0.0
-2.56024,1.8528,0.0
-2.56024,1.88649,0.0
-2.56024,1.92018,0.0
-2.56024,1.95387,0.0
-2.56024,1.98755,0.0
-2.56024,2.02124,0.0
-2.56024,2.05493,0.0
-2.52655,-2.1223,0.0
-2.52655,-2.08862,0.0
-2.52655,-2.05493,0.0
-2.52655,-2.02124,0.0
-2.52655,-1.98755,0.0
-2.52655,-1.95387,0.0
-2.52655,-1.92018,0.0
-2.52655,-1.88649,0.0
-2.52655,-1.8528,0.0
-2.52655,-1.81912,0.0
-2.52655,-1.78543,0.0
-2.52655,-1.75174,0.0
-2.52655,-1.71805,0.0
-2.52655,-1.68437,0.0
-2.52655,-1.65068,0.0
-2.52655,-1.61699,0.0
-2.52655,-1.58331,0.0
-2.52655,-1.54962,0.0
-2.52655,-1.51593,0.0
-2.52655,-1.48224,0.0
-2.52655,-1.44856,0.0
-2.52655,-1.41487,0.0
-2.52655,-1.38118,0.0
-2.52655,-1.34749,0.0
-2.52655,-1.31381,0.0
-2.52655,-1.28012,0.0
-2.52655,-1.24643,0.0
-2.52655,-1.21274,0.0
-2.52655,-1.17906,0.0
-2.52655,-1.14537,0.0
-2.52655,-1.11168,0.0
-2.52655,-1.078,0.0
-2.52655,-1.04431,0.0
-2.52655,-1.01062,0.0
-2.52655,-0.97693,0.0
-2.52655,-0.94325,0.0
-2.52655,-0.90956,0.0
-2.52655,-0.87587,0.0
-2.52655,-0.84218,0.0
-2.52655,-0.8085,0.0
-2.52655,-0.77481,0.0
-2.52655,-0.74112,0.0
-2.52655,-0.70743,0.0
-2.52655,-0.67375,0.0
-2.52655,-0.64006,0.0
-2.52655,-0.60637,0.0
-2.52655,-0.57268,0.0
-2.52655,-0.539,0.0
-2.52655,-0.50531,0.0
-2.52655,-0.47162,0.0
-2.52655,-0.43794,0.0
-2.52655,-0.40425,0.0
-2.52655,-0.37056,0.0
-2.52655,-0.33687,0.0
-2.52655,-0.30319,0.0
-2.52655,-0.2695,0.0
-2.52655,-0.23581,0.0
-2.52655,-0.20212,0.0
-2.52655,-0.16844,0.0
-2.52655,-0.13475,0.0
-2.52655,-0.10106,0.0
-2.52655,-0.06737,0.0
-2.52655,-0.03369,0.0
-2.52655,0,0.0
-2.52655,0.03369,0.0
-2.52655,0.06737,0.0
-2.52655,0.10106,0.0
-2.52655,0.13475,0.0
-2.52655,0.16844,0.0
-2.52655,0.20212,0.0
-2.52655,0.23581,0.0
-2.52655,0.2695,0.0
-2.52655,0.30319,0.0
-2.52655,0.33687,0.0
-2.52655,0.37056,0.0
-2.52655,0.40425,0.0
-2.52655,0.43794,0.0
-2.52655,0.47162,0.0
-2.52655,0.50531,0.0
-2.52655,0.539,0.0
-2.52655,0.57268,0.0
-2.52655,0.60637,0.0
-2.52655,0.64006,0.0
-2.52655,0.67375,0.0
-2.52655,0.70743,0.0
-2.52655,0.74112,0.0
-2.52655,0.77481,0.0
-2.52655,0.8085,0.0
-2.52655,0.84218,0.0
-2.52655,0.87587,0.0
-2.52655,0.90956,0.0
-2.52655,0.94325,0.0
-2.52655,0.97693,0.0
-2.52655,1.01062,0.0
-2.52655,1.04431,0.0
-2.52655,1.078,0.0
-2.52655,1.11168,0.0
-2.52655,1.14537,0.0
-2.52655,1.17906,0.0
-2.52655,1.21274,0.0
-2.52655,1.24643,0.0
-2.52655,1.28012,0.0
-2.52655,1.31381,0.0
-2.52655,1.34749,0.0
-2.52655,1.38118,0.0
-2.52655,1.41487,0.0
-2.52655,1.44856,0.0
-2.52655,1.48224,0.0
-2.52655,1.51593,0.0
-2.52655,1.54962,0.0
-2.52655,1.58331,0.0
-2.52655,1.61699,0.0
-2.52655,1.65068,0.0
-2.52655,1.68437,0.0
-2.52655,1.71805,0.0
-2.52655,1.75174,0.0
-2.52655,1.78543,0.0
-2.52655,1.81912,0.0
-2.52655,1.8528,0.0
-2.52655,1.88649,0.0
-2.52655,1.92018,0.0
-2.52655,1.95387,0.0
-2.52655,1.98755,0.0
-2.52655,2.02124,0.0
-2.52655,2.05493,0.0
-2.52655,2.08862,0.0
-2.52655,2.1223,0.0
-2.49286,-2.15599,0.0
-2.49286,-2.1223,0.0
-2.49286,-2.08862,0.0
-2.49286,-2.05493,0.0
-2.49286,-2.02124,0.0
-2.49286,-1.98755,0.0
-2.49286,-1.95387,0.0
-2.49286,-1.92018,0.0
-2.49286,-1.88649,0.0
-2.49286,-1.8528,0.0
-2.49286,-1.81912,0.0
-2.49286,-1.78543,0.0
-2.49286,-1.75174,0.0
-2.49286,-1.71805,0.0
-2.49286,-1.68437,0.0
-2.49286,-1.65068,0.0
-2.49286,-1.61699,0.0
-2.49286,-1.58331,0.0
-2.49286,-1.54962,0.0
-2.49286,-1.51593,0.0
-2.49286,-1.48224,0.0
-2.49286,-1.44856,0.0
-2.49286,-1.41487,0.0
-2.49286,-1.38118,0.0
-2.49286,-1.34749,0.0
-2.49286,-1.31381,0.0
-2.49286,-1.28012,0.0
-2.49286,-1.24643,0.0
-2.49286,-1.21274,0.0
-2.49286,-1.17906,0.0
-2.49286,-1.14537,0.0
-2.49286,-1.11168,0.0
-2.49286,-1.078,0.0
-2.49286,-1.04431,0.0
-2.49286,-1.01062,0.0
-2.49286,-0.97693,0.0
-2.49286,-0.94325,0.0
-2.49286,-0.90956,0.0
-2.49286,-0.87587,0.0
-2.49286,-0.84218,0.0
-2.49286,-0.8085,0.0
-2.49286,-0.77481,0.0
-2.49286,-0.74112,0.0
-2.49286,-0.70743,0.0
-2.49286,-0.67375,0.0
-2.49286,-0.64006,0.0
-2.49286,-0.60637,0.0
-2.49286,-0.57268,0.0
-2.49286,-0.539,0.0
-2.49286,-0.50531,0.0
-2.49286,-0.47162,0.0
-2.49286,-0.43794,0.0
-2.49286,-0.40425,0.0
-2.49286,-0.37056,0.0
-2.49286,-0.33687,0.0
-2.49286,-0.30319,0.0
-2.49286,-0.2695,0.0
-2.49286,-0.23581,0.0
-2.49286,-0.20212,0.0
-2.49286,-0.16844,0.0
-2.49286,-0.13475,0.0
-2.49286,-0.10106,0.0
-2.49286,-0.06737,0.0
-2.49286,-0.03369,0.0
-2.49286,0,0.0
-2.49286,0.03369,0.0
-2.49286,0.06737,0.0
-2.49286,0.10106,0.0
-2.49286,0.13475,0.0
-2.49286,0.16844,0.0
-2.49286,0.20212,0.0
-2.49286,0.23581,0.0
-2.49286,0.2695,0.0
-2.49286,0.30319,0.0
-2.49286,0.33687,0.0
-2.49286,0.37056,0.0
-2.49286,0.40425,0.0
-2.49286,0.43794,0.0
-2.49286,0.47162,0.0
-2.49286,0.50531,0.0
-2.49286,0.539,0.0
-2.49286,0.57268,0.0
-2.49286,0.60637,0.0
-2.49286,0.64006,0.0
-2.49286,0.67375,0.0
-2.49286,0.70743,0.0
-2.49286,0.74112,0.0
-2.49286,0.77481,0.0
-2.49286,0.8085,0.0
-2.49286,0.84218,0.0
-2.49286,0.87587,0.0
-2.49286,0.90956,0.0
-2.49286,0.94325,0.0
-2.49286,0.97693,0.0
-2.49286,1.01062,0.0
-2.49286,1.04431,0.0
-2.49286,1.078,0.0
-2.49286,1.11168,0.0
-2.49286,1.14537,0.0
-2.49286,1.17906,0.0
-2.49286,1.21274,0.0
-2.49286,1.24643,0.0
-2.49286,1.28012,0.0
-2.49286,1.31381,0.0
-2.49286,1.34749,0.0
-2.49286,1.38118,0.0
-2.49286,1.41487,0.0
-2.49286,1.44856,0.0
-2.49286,1.48224,0.0
-2.49286,1.51593,0.0
-2.49286,1.54962,0.0
-2.49286,1.58331,0.0
-2.49286,1.61699,0.0
-2.49286,1.65068,0.0
-2.49286,1.68437,0.0
-2.49286,1.71805,0.0
-2.49286,1.75174,0.0
-2.49286,1.78543,0.0
-2.49286,1.81912,0.0
-2.49286,1.8528,0.0
-2.49286,1.88649,0.0
-2.49286,1.92018,0.0
-2.49286,1.95387,0.0
-2.49286,1.98755,0.0
-2.49286,2.02124,0.0
-2.49286,2.05493,0.0
-2.49286,2.08862,0.0
-2.49286,2.1223,0.0
-2.49286,2.15599,0.0
-2.45918,-2.18968,0.0
-2.45918,-2.15599,0.0
-2.45918,-2.1223,0.0
-2.45918,-2.08862,0.0
-2.45918,-2.05493,0.0
-2.45918,-2.02124,0.0
-2.45918,-1.98755,0.0
-2.45918,-1.95387,0.0
-2.45918,-1.92018,0.0
-2.45918,-1.88649,0.0
-2.45918,-1.8528,0.0
-2.45918,-1.81912,0.0
-2.45918,-1.78543,0.0
-2.45918,-1.75174,0.0
-2.45918,-1.71805,0.0
-2.45918,-1.68437,0.0
-2.45918,-1.65068,0.0
-2.45918,-1.61699,0.0
-2.45918,-1.58331,0.0
-2.45918,-1.54962,0.0
-2.45918,-1.51593,0.0
-2.45918,-1.48224,0.0
-2.45918,-1.44856,0.0
-2.45918,-1.41487,0.0
-2.45918,-1.38118,0.0
-2.45918,-1.34749,0.0
-2.45918,-1.31381,0.0
-2.45918,-1.28012,0.0
-2.45918,-1.24643,0.0
-2.45918,-1.21274,0.0
-2.45918,-1.17906,0.0
-2.45918,-1.14537,0.0
-2.45918,-1.11168,0.0
-2.45918,-1.078,0.0
-2.45918,-1.04431,0.0
-2.45918,-1.01062,0.0
-2.45918,-0.97693,0.0
-2.45918,-0.94325,0.0
-2.45918,-0.90956,0.0
-2.45918,-0.87587,0.0
-2.45918,-0.84218,0.0
-2.45918,-0.8085,0.0
-2.45918,-0.77481,0.0
-2.45918,-0.74112,0.0
-2.45918,-0.70743,0.0
-2.45918,-0.67375,0.0
-2.45918,-0.64006,0.0
-2.45918,-0.60637,0.0
-2.45918,-0.57268,0.0
-2.45918,-0.539,0.0
-2.45918,-0.50531,0.0
-2.45918,-0.47162,0.0
-2.45918,-0.43794,0.0
-2.45918,-0.40425,0.0
-2.45918,-0.37056,0.0
-2.45918,-0.33687,0.0
-2.45918,-0.30319,0.0
-2.45918,-0.2695,0.0
-2.45918,-0.23581,0.0
-2.45918,-0.20212,0.0
-2.45918,-0.16844,0.0
-2.45918,-0.13475,0.0
-2.45918,-0.10106,0.0
-2.45918,-0.06737,0.0
-2.45918,-0.03369,0.0
-2.45918,0,0.0
-2.45918,0.03369,0.0
-2.45918,0.06737,0.0
-2.45918,0.10106,0.0
-2.45918,0.13475,0.0
-2.45918,0.16844,0.0
-2.45918,0.20212,0.0
-2.45918,0.23581,0.0
-2.45918,0.2695,0.0
-2.45918,0.30319,0.0
-2.45918,0.33687,0.0
-2.45918,0.37056,0.0
-2.45918,0.40425,0.0
-2.45918,0.43794,0.0
-2.45918,0.47162,0.0
-2.45918,0.50531,0.0
-2.45918,0.539,0.0
-2.45918,0.57268,0.0
-2.45918,0.60637,0.0
-2.45918,0.64006,0.0
-2.45918,0.67375,0.0
-2.45918,0.70743,0.0
-2.45918,0.74112,0.0
-2.45918,0.77481,0.0
-2.45918,0.8085,0.0
-2.45918,0.84218,0.0
-2.45918,0.87587,0.0
-2.45918,0.90956,0.0
-2.45918,0.94325,0.0
-2.45918,0.97693,0.0
-2.45918,1.01062,0.0
-2.45918,1.04431,0.0
-2.45918,1.078,0.0
-2.45918,1.11168,0.0
-2.45918,1.14537,0.0
-2.45918,1.17906,0.0
-2.45918,1.21274,0.0
-2.45918,1.24643,0.0
-2.45918,1.28012,0.0
-2.45918,1.31381,0.0
-2.45918,1.34749,0.0
-2.45918,1.38118,0.0
-2.45918,1.41487,0.0
-2.45918,1.44856,0.0
-2.45918,1.48224,0.0
-2.45918,1.51593,0.0
-2.45918,1.54962,0.0
-2.45918,1.58331,0.0
-2.45918,1.61699,0.0
-2.45918,1.65068,0.0
-2.45918,1.68437,0.0
-2.45918,1.71805,0.0
-2.45918,1.75174,0.0
-2.45918,1.78543,0.0
-2.45918,1.81912,0.0
-2.45918,1.8528,0.0
-2.45918,1.88649,0.0
-2.45918,1.92018,0.0
-2.45918,1.95387,0.0
-2.45918,1.98755,0.0
-2.45918,2.02124,0.0
-2.45918,2.05493,0.0
-2.45918,2.08862,0.0
-2.45918,2.1223,0.0
-2.45918,2.15599,0.0
-2.45918,2.18968,0.0
-2.42549,-2.22336,0.0
-2.42549,-2.18968,0.0
-2.42549,-2.15599,0.0
-2.42549,-2.1223,0.0
-2.42549,-2.08862,0.0
-2.42549,-2.05493,0.0
-2.42549,-2.02124,0.0
-2.42549,-1.98755,0.0
-2.42549,-1.95387,0.0
-2.42549,-1.92018,0.0
-2.42549,-1.88649,0.0
-2.42549,-1.8528,0.0
-2.42549,-1.81912,0.0
-2.42549,-1.78543,0.0
-2.42549,-1.75174,0.0
-2.42549,-1.71805,0.0
-2.42549,-1.68437,0.0
-2.42549,-1.65068,0.0
-2.42549,-1.61699,0.0
-2.42549,-1.58331,0.0
-2.42549,-1.54962,0.0
-2.42549,-1.51593,0.0
-2.42549,-1.48224,0.0
-2.42549,-1.44856,0.0
-2.42549,-1.41487,0.0
-2.42549,-1.38118,0.0
-2.42549,-1.34749,0.0
-2.42549,-1.31381,0.0
-2.42549,-1.28012,0.0
-2.42549,-1.24643,0.0
-2.42549,-1.21274,0.0
-2.42549,-1.17906,0.0
-2.42549,-1.14537,0.0
-2.42549,-1.11168,0.0
-2.42549,-1.078,0.0
-2.42549,-1.04431,0.0
-2.42549,-1.01062,0.0
-2.42549,-0.97693,0.0
-2.42549,-0.94325,0.0
-2.42549,-0.90956,0.0
-2.42549,-0.87587,0.0
-2.42549,-0.84218,0.0
-2.42549,-0.8085,0.0
-2.42549,-0.77481,0.0
-2.42549,-0.74112,0.0
-2.42549,-0.70743,0.0
-2.42549,-0.67375,0.0
-2.42549,-0.64006,0.0
-2.42549,-0.60637,0.0
-2.42549,-0.57268,0.0
-2.42549,-0.539,0.0
-2.42549,-0.50531,0.0
-2.42549,-0.47162,0.0
-2.42549,-0.43794,0.0
-2.42549,-0.40425,0.0
-2.42549,-0.37056,0.0
-2.42549,-0.33687,0.0
-2.42549,-0.30319,0.0
-2.42549,-0.2695,0.0
-2.42549,-0.23581,0.0
-2.42549,-0.20212,0.0
-2.42549,-0.16844,0.0
-2.42549,-0.13475,0.0
-2.42549,-0.10106,0.0
-2.42549,-0.06737,0.0
-2.42549,-0.03369,0.0
-2.42549,0,0.0
-2.42549,0.03369,0.0
-2.42549,0.06737,0.0
-2.42549,0.10106,0.0
-2.42549,0.13475,0.0
-2.42549,0.16844,0.0
-2.42549,0.20212,0.0
-2.42549,0.23581,0.0
-2.42549,0.2695,0.0
-2.42549,0.30319,0.0
-2.42549,0.33687,0.0
-2.42549,0.37056,0.0
-2.42549,0.40425,0.0
-2.42549,0.43794,0.0
-2.42549,0.47162,0.0
-2.42549,0.50531,0.0
-2.42549,0.539,0.0
-2.42549,0.57268,0.0
-2.42549,0.60637,0.0
-2.42549,0.64006,0.0
-2.42549,0.67375,0.0
-2.42549,0.70743,0.0
-2.42549,0.74112,0.0
-2.42549,0.77481,0.0
-2.42549,0.8085,0.0
-2.42549,0.84218,0.0
-2.42549,0.87587,0.0
-2.42549,0.90956,0.0
-2.42549,0.94325,0.0
-2.42549,0.97693,0.0
-2.42549,1.01062,0.0
-2.42549,1.04431,0.0
-2.42549,1.078,0.0
-2.42549,1.11168,0.0
-2.42549,1.14537,0.0
-2.42549,1.17906,0.0
-2.42549,1.21274,0.0
-2.42549,1.24643,0.0
-2.42549,1.28012,0.0
-2.42549,1.31381,0.0
-2.42549,1.34749,0.0
-2.42549,1.38118,0.0
-2.42549,1.41487,0.0
-2.42549,1.44856,0.0
-2.42549,1.48224,0.0
-2.42549,1.51593,0.0
-2.42549,1.54962,0.0
-2.42549,1.58331,0.0
-2.42549,1.61699,0.0
-2.42549,1.65068,0.0
-2.42549,1.68437,0.0
-2.42549,1.71805,0.0
-2.42549,1.75174,0.0
-2.42549,1.78543,0.0
-2.42549,1.81912,0.0
-2.42549,1.8528,0.0
-2.42549,1.88649,0.0
-2.42549,1.92018,0.0
-2.42549,1.95387,0.0
-2.42549,1.98755,0.0
-2.42549,2.02124,0.0
-2.42549,2.05493,0.0
-2.42549,2.08862,0.0
-2.42549,2.1223,0.0
-2.42549,2.15599,0.0
-2.42549,2.18968,0.0
-2.42549,2.22336,0.0
-2.3918,-2.25705,0.0
-2.3918,-2.22336,0.0
-2.3918,-2.18968,0.0
-2.3918,-2.15599,0.0
-2.3918,-2.1223,0.0
-2.3918,-2.08862,0.0
-2.3918,-2.05493,0.0
-2.3918,-2.02124,0.0
-2.3918,-1.98755,0.0
-2.3918,-1.95387,0.0
-2.3918,-1.92018,0.0
-2.3918,-1.88649,0.0
-2.3918,-1.8528,0.0
-2.3918,-1.81912,0.0
-2.3918,-1.78543,0.0
-2.3918,-1.75174,0.0
-2.3918,-1.71805,0.0
-2.3918,-1.68437,0.0
-2.3918,-1.65068,0.0
-2.3918,-1.61699,0.0
-2.3918,-1.58331,0.0
-2.3918,-1.54962,0.0
-2.3918,-1.51593,0.0
-2.3918,-1.48224,0.0
-2.3918,-1.44856,0.0
-2.3918,-1.41487,0.0
-2.3918,-1.38118,0.0
-2.3918,-1.34749,0.0
-2.3918,-1.31381,0.0
-2.3918,-1.28012,0.0
-2.3918,-1.24643,0.0
-2.3918,-1.21274,0.0
-2.3918,-1.17906,0.0
-2.3918,-1.14537,0.0
-2.3918,-1.11168,0.0
-2.3918,-1.078,0.0
-2.3918,-1.04431,0.0
-2.3918,-1.01062,0.0
-2.3918,-0.97693,0.0
-2.3918,-0.94325,0.0
-2.3918,-0.90956,0.0
-2.3918,-0.87587,0.0
-2.3918,-0.84218,0.0
-2.3918,-0.8085,0.0
-2.3918,-0.77481,0.0
-2.3918,-0.74112,0.0
-2.3918,-0.70743,0.0
-2.3918,-0.67375,0.0
-2.3918,-0.64006,0.0
-2.3918,-0.60637,0.0
-2.3918,-0.57268,0.0
-2.3918,-0.539,0.0
-2.3918,-0.50531,0.0
-2.3918,-0.47162,0.0
-2.3918,-0.43794,0.0
-2.3918,-0.40425,0.0
-2.3918,-0.37056,0.0
-2.3918,-0.33687,0.0
-2.3918,-0.30319,0.0
-2.3918,-0.2695,0.0
-2.3918,-0.23581,0.0
-2.3918,-0.20212,0.0
-2.3918,-0.16844,0.0
-2.3918,-0.13475,0.0
-2.3918,-0.10106,0.0
-2.3918,-0.06737,0.0
-2.3918,-0.03369,0.0
-2.3918,0,0.0
-2.3918,0.03369,0.0
-2.3918,0.06737,0.0
-2.3918,0.10106,0.0
-2.3918,0.13475,0.0
-2.3918,0.16844,0.0
-2.3918,0.20212,0.0
-2.3918,0.23581,0.0
-2.3918,0.2695,0.0
-2.3918,0.30319,0.0
-2.3918,0.33687,0.0
-2.3918,0.37056,0.0
-2.3918,0.40425,0.0
-2.3918,0.43794,0.0
-2.3918,0.47162,0.0
-2.3918,0.50531,0.0
-2.3918,0.539,0.0
-2.3918,0.57268,0.0
-2.3918,0.60637,0.0
-2.3918,0.64006,0.0
-2.3918,0.67375,0.0
-2.3918,0.70743,0.0
-2.3918,0.74112,0.0
-2.3918,0.77481,0.0
-2.3918,0.8085,0.0
-2.3918,0.84218,0.0
-2.3918,0.87587,0.0
-2.3918,0.90956,0.0
-2.3918,0.94325,0.0
-2.3918,0.97693,0.0
-2.3918,1.01062,0.0
-2.3918,1.04431,0.0
-2.3918,1.078,0.0
-2.3918,1.11168,0.0
-2.3918,1.14537,0.0
-2.3918,1.17906,0.0
-2.3918,1.21274,0.0
-2.3918,1.24643,0.0
-2.3918,1.28012,0.0
-2.3918,1.31381,0.0
-2.3918,1.34749,0.0
-2.3918,1.38118,0.0
-2.3918,1.41487,0.0
-2.3918,1.44856,0.0
-2.3918,1.48224,0.0
-2.3918,1.51593,0.0
-2.3918,1.54962,0.0
-2.3918,1.58331,0.0
-2.3918,1.61699,0.0
-2.3918,1.65068,0.0
-2.3918,1.68437,0.0
-2.3918,1.71805,0.0
-2.3918,1.75174,0.0
-2.3918,1.78543,0.0
-2.3918,1.81912,0.0
-2.3918,1.8528,0.0
-2.3918,1.88649,0.0
-2.3918,1.92018,0.0
-2.3918,1.95387,0.0
-2.3918,1.98755,0.0
-2.3918,2.02124,0.0
-2.3918,2.05493,0.0
-2.3918,2.08862,0.0
-2.3918,2.1223,0.0
-2.3918,2.15599,0.0
-2.3918,2.18968,0.0
-2.3918,2.22336,0.0
-2.3918,2.25705,0.0
-2.35811,-2.29074,0.0
-2.35811,-2.25705,0.0
-2.35811,-2.22336,0.0
-2.35811,-2.18968,0.0
-2.35811,-2.15599,0.0
-2.35811,-2.1223,0.0
-2.35811,-2.08862,0.0
-2.35811,-2.05493,0.0
-2.35811,-2.02124,0.0
-2.35811,-1.98755,0.0
-2.35811,-1.95387,0.0
-2.35811,-1.92018,0.0
-2.35811,-1.88649,0.0
-2.35811,-1.8528,0.0
-2.35811,-1.81912,0.0
-2.35811,-1.78543,0.0
-2.35811,-1.75174,0.0
-2.35811,-1.71805,0.0
-2.35811,-1.68437,0.0
-2.35811,-1.65068,0.0
-2.35811,-1.61699,0.0
-2.35811,-1.58331,0.0
-2.35811,-1.54962,0.0
-2.35811,-1.51593,0.0
-2.35811,-1.48224,0.0
-2.35811,-1.44856,0.0
-2.35811,-1.41487,0.0
-2.35811,-1.38118,0.0
-2.35811,-1.34749,0.0
-2.35811,-1.31381,0.0
-2.35811,-1.28012,0.0
-2.35811,-1.24643,0.0
-2.35811,-1.21274,0.0
-2.35811,-1.17906,0.0
-2.35811,-1.14537,0.0
-2.35811,-1.11168,0.0
-2.35811,-1.078,0.0
-2.35811,-1.04431,0.0
-2.35811,-1.01062,0.0
-2.35811,-0.97693,0.0
-2.35811,-0.94325,0.0
-2.35811,-0.90956,0.0
-2.35811,-0.87587,0.0
-2.35811,-0.84218,0.0
-2.35811,-0.8085,0.0
-2.35811,-0.77481,0.0
-2.35811,-0.74112,0.0
-2.35811,-0.70743,0.0
-2.35811,-0.67375,0.0
-2.35811,-0.64006,0.0
-2.35811,-0.60637,0.0
-2.35811,-0.57268,0.0
-2.35811,-0.539,0.0
-2.35811,-0.50531,0.0
-2.35811,-0.47162,0.0
-2.35811,-0.43794,0.0
-2.35811,-0.40425,0.0
-2.35811,-0.37056,0.0
-2.35811,-0.33687,0.0
-2.35811,-0.30319,0.0
-2.35811,-0.2695,0.0
-2.35811,-0.23581,0.0
-2.35811,-0.20212,0.0
-2.35811,-0.16844,0.0
-2.35811,-0.13475,0.0
-2.35811,-0.10106,0.0
-2.35811,-0.06737,0.0
-2.35811,-0.03369,0.0
-2.35811,0,0.0
-2.35811,0.03369,0.0
-2.35811,0.06737,0.0
-2.35811,0.10106,0.0
-2.35811,0.13475,0.0
-2.35811,0.16844,0.0
-2.35811,0.20212,0.0
-2.35811,0.23581,0.0
-2.35811,0.2695,0.0
-2.35811,0.30319,0.0
-2.35811,0.33687,0.0
-2.35811,0.37056,0.0
-2.35811,0.40425,0.0
-2.35811,0.43794,0.0
-2.35811,0.47162,0.0
-2.35811,0.50531,0.0
-2.35811,0.539,0.0
-2.35811,0.57268,0.0
-2.35811,0.60637,0.0
-2.35811,0.64006,0.0
-2.35811,0.67375,0.0
-2.35811,0.70743,0.0
-2.35811,0.74112,0.0
-2.35811,0.77481,0.0
-2.35811,0.8085,0.0
-2.35811,0.84218,0.0
-2.35811,0.87587,0.0
-2.35811,0.90956,0.0
-2.35811,0.94325,0.0
-2.35811,0.97693,0.0
-2.35811,1.01062,0.0
-2.35811,1.04431,0.0
-2.35811,1.078,0.0
-2.35811,1.11168,0.0
-2.35811,1.14537,0.0
-2.35811,1.17906,0.0
-2.35811,1.21274,0.0
-2.35811,1.24643,0.0
-2.35811,1.28012,0.0
-2.35811,1.31381,0.0
-2.35811,1.34749,0.0
-2.35811,1.38118,0.0
-2.35811,1.41487,0.0
-2.35811,1.44856,0.0
-2.35811,1.48224,0.0
-2.35811,1.51593,0.0
-2.35811,1.54962,0.0
-2.35811,1.58331,0.0
-2.35811,1.61699,0.0
-2.35811,1.65068,0.0
-2.35811,1.68437,0.0
-2.35811,1.71805,0.0
-2.35811,1.75174,0.0
-2.35811,1.78543,0.0
-2.35811,1.81912,0.0
-2.35811,1.8528,0.0
-2.35811,1.88649,0.0
-2.35811,1.92018,0.0
-2.35811,1.95387,0.0
-2.35811,1.98755,0.0
-2.35811,2.02124,0.0
-2.35811,2.05493,0.0
-2.35811,2.08862,0.0
-2.35811,2.1223,0.0
-2.35811,2.15599,0.0
-2.35811,2.18968,0.0
-2.35811,2.22336,0.0
-2.35811,2.25705,0.0
-2.35811,2.29074,0.0
-2.32443,-2.32443,0.0
-2.32443,-2.29074,0.0
-2.32443,-2.25705,0.0
-2.32443,-2.22336,0.0
-2.32443,-2.18968,0.0
-2.32443,-2.15599,0.0
-2.32443,-2.1223,0.0
-2.32443,-2.08862,0.0
-2.32443,-2.05493,0.0
-2.32443,-2.02124,0.0
-2.32443,-1.98755,0.0
-2.32443,-1.95387,0.0
-2.32443,-1.92018,0.0
-2.32443,-1.88649,0.0
-2.32443,-1.8528,0.0
-2.32443,-1.81912,0.0
-2.32443,-1.78543,0.0
-2.32443,-1.75174,0.0
-2.32443,-1.71805,0.0
-2.32443,-1.68437,0.0
-2.32443,-1.65068,0.0
-2.32443,-1.61699,0.0
-2.32443,-1.58331,0.0
-2.32443,-1.54962,0.0
-2.32443,-1.51593,0.0
-2.32443,-1.48224,0.0
-2.32443,-1.44856,0.0
-2.32443,-1.41487,0.0
-2.32443,-1.38118,0.0
-2.32443,-1.34749,0.0
-2.32443,-1.31381,0.0
-2.32443,-1.28012,0.0
-2.32443,-1.24643,0.0
-2.32443,-1.21274,0.0
-2.32443,-1.17906,0.0
-2.32443,-1.14537,0.0
-2.32443,-1.11168,0.0
-2.32443,-1.078,0.0
-2.32443,-1.04431,0.0
-2.32443,-1.01062,0.0
-2.32443,-0.97693,0.0
-2.32443,-0.94325,0.0
-2.32443,-0.90956,0.0
-2.32443,-0.87587,0.0
-2.32443,-0.84218,0.0
-2.32443,-0.8085,0.0
-2.32443,-0.77481,0.0
-2.32443,-0.74112,0.0
-2.32443,-0.70743,0.0
-2.32443,-0.67375,0.0
-2.32443,-0.64006,0.0
-2.32443,-0.60637,0.0
-2.32443,-0.57268,0.0
-2.32443,-0.539,0.0
-2.32443,-0.50531,0.0
-2.32443,-0.47162,0.0
-2.32443,-0.43794,0.0
-2.32443,-0.40425,0.0
-2.32443,-0.37056,0.0
-2.32443,-0.33687,0.0
-2.32443,-0.30319,0.0
-2.32443,-0.2695,0.0
-2.32443,-0.23581,0.0
-2.32443,-0.20212,0.0
-2.32443,-0.16844,0.0
-2.32443,-0.13475,0.0
-2.32443,-0.10106,0.0
-2.32443,-0.06737,0.0
-2.32443,-0.03369,0.0
-2.32443,0,0.0
-2.32443,0.03369,0.0
-2.32443,0.06737,0.0
-2.32443,0.10106,0.0
-2.32443,0.13475,0.0
-2.32443,0.16844,0.0
-2.32443,0.20212,0.0
-2.32443,0.23581,0.0
-2.32443,0.2695,0.0
-2.32443,0.30319,0.0
-2.32443,0.33687,0.0
-2.32443,0.37056,0.0
-2.32443,0.40425,0.0
-2.32443,0.43794,0.0
-2.32443,0.47162,0.0
-2.32443,0.50531,0.0
-2.32443,0.539,0.0
-2.32443,0.57268,0.0
-2.32443,0.60637,0.0
-2.32443,0.64006,0.0
-2.32443,0.67375,0.0
-2.32443,0.70743,0.0
-2.32443,0.74112,0.0
-2.32443,0.77481,0.0
-2.32443,0.8085,0.0
-2.32443,0.84218,0.0
-2.32443,0.87587,0.0
-2.32443,0.90956,0.0
-2.32443,0.94325,0.0
-2.32443,0.97693,0.0
-2.32443,1.01062,0.0
-2.32443,1.04431,0.0
-2.32443,1.078,0.0
-2.32443,1.11168,0.0
-2.32443,1.14537,0.0
-2.32443,1.17906,0.0
-2.32443,1.21274,0.0
-2.32443,1.24643,0.0
-2.32443,1.28012,0.0
-2.32443,1.31381,0.0
-2.32443,1.34749,0.0
-2.32443,1.38118,0.0
-2.32443,1.41487,0.0
-2.32443,1.44856,0.0
-2.32443,1.48224,0.0
-2.32443,1.51593,0.0
-2.32443,1.54962,0.0
-2.32443,1.58331,0.0
-2.32443,1.61699,0.0
-2.32443,1.65068,0.0
-2.32443,1.68437,0.0
-2.32443,1.71805,0.0
-2.32443,1.75174,0.0
-2.32443,1.78543,0.0
-2.32443,1.81912,0.0
-2.32443,1.8528,0.0
-2.32443,1.88649,0.0
-2.32443,1.92018,0.0
-2.32443,1.95387,0.0
-2.32443,1.98755,0.0
-2.32443,2.02124,0.0
-2.32443,2.05493,0.0
-2.32443,2.08862,0.0
-2.32443,2.1223,0.0
-2.32443,2.15599,0.0
-2.32443,2.18968,0.0
-2.32443,2.22336,0.0
-2.32443,2.25705,0.0
-2.32443,2.29074,0.0
-2.32443,2.32443,0.0
-2.29074,-2.35811,0.0
-2.29074,-2.32443,0.0
-2.29074,-2.29074,0.0
-2.29074,-2.25705,0.0
-2.29074,-2.22336,0.0
-2.29074,-2.18968,0.0
-2.29074,-2.15599,0.0
-2.29074,-2.1223,0.0
-2.29074,-2.08862,0.0
-2.29074,-2.05493,0.0
-2.29074,-2.02124,0.0
-2.29074,-1.98755,0.0
-2.29074,-1.95387,0.0
-2.29074,-1.92018,0.0
-2.29074,-1.88649,0.0
-2.29074,-1.8528,0.0
-2.29074,-1.81912,0.0
-2.29074,-1.78543,0.0
-2.29074,-1.75174,0.0
-2.29074,-1.71805,0.0
-2.29074,-1.68437,0.0
-2.29074,-1.65068,0.0
-2.29074,-1.61699,0.0
-2.29074,-1.58331,0.0
-2.29074,-1.54962,0.0
-2.29074,-1.51593,0.0
-2.29074,-1.48224,0.0
-2.29074,-1.44856,0.0
-2.29074,-1.41487,0.0
-2.29074,-1.38118,0.0
-2.29074,-1.34749,0.0
-2.29074,-1.31381,0.0
-2.29074,-1.28012,0.0
-2.29074,-1.24643,0.0
-2.29074,-1.21274,0.0
-2.29074,-1.17906,0.0
-2.29074,-1.14537,0.0
-2.29074,-1.11168,0.0
-2.29074,-1.078,0.0
-2.29074,-1.04431,0.0
-2.29074,-1.01062,0.0
-2.29074,-0.97693,0.0
-2.29074,-0.94325,0.0
-2.29074,-0.90956,0.0
-2.29074,-0.87587,0.0
-2.29074,-0.84218,0.0
-2.29074,-0.8085,0.0
-2.29074,-0.77481,0.0
-2.29074,-0.74112,0.0
-2.29074,-0.70743,0.0
-2.29074,-0.67375,0.0
-2.29074,-0.64006,0.0
-2.29074,-0.60637,0.0
-2.29074,-0.57268,0.0
-2.29074,-0.539,0.0
-2.29074,-0.50531,0.0
-2.29074,-0.47162,0.0
-2.29074,-0.43794,0.0
-2.29074,-0.40425,0.0
-2.29074,-0.37056,0.0
-2.29074,-0.33687,0.0
-2.29074,-0.30319,0.0
-2.29074,-0.2695,0.0
-2.29074,-0.23581,0.0
-2.29074,-0.20212,0.0
-2.29074,-0.16844,0.0
-2.29074,-0.13475,0.0
-2.29074,-0.10106,0.0
-2.29074,-0.06737,0.0
-2.29074,-0.03369,0.0
-2.29074,0,0.0
-2.29074,0.03369,0.0
-2.29074,0.06737,0.0
-2.29074,0.10106,0.0
-2.29074,0.13475,0.0
-2.29074,0.16844,0.0
-2.29074,0.20212,0.0
-2.29074,0.23581,0.0
-2.29074,0.2695,0.0
-2.29074,0.30319,0.0
-2.29074,0.33687,0.0
-2.29074,0.37056,0.0
-2.29074,0.40425,0.0
-2.29074,0.43794,0.0
-2.29074,0.47162,0.0
-2.29074,0.50531,0.0
-2.29074,0.539,0.0
-2.29074,0.57268,0.0
-2.29074,0.60637,0.0
-2.29074,0.64006,0.0
-2.29074,0.67375,0.0
-2.29074,0.70743,0.0
-2.29074,0.74112,0.0
-2.29074,0.77481,0.0
-2.29074,0.8085,0.0
-2.29074,0.84218,0.0
-2.29074,0.87587,0.0
-2.29074,0.90956,0.0
-2.29074,0.94325,0.0
-2.29074,0.97693,0.0
-2.29074,1.01062,0.0
-2.29074,1.04431,0.0
-2.29074,1.078,0.0
-2.29074,1.11168,0.0
-2.29074,1.14537,0.0
-2.29074,1.17906,0.0
-2.29074,1.21274,0.0
-2.29074,1.24643,0.0
-2.29074,1.28012,0.0
-2.29074,1.31381,0.0
-2.29074,1.34749,0.0
-2.29074,1.38118,0.0
-2.29074,1.41487,0.0
-2.29074,1.44856,0.0
-2.29074,1.48224,0.0
-2.29074,1.51593,0.0
-2.29074,1.54962,0.0
-2.29074,1.58331,0.0
-2.29074,1.61699,0.0
-2.29074,1.65068,0.0
-2.29074,1.68437,0.0
-2.29074,1.71805,0.0
-2.29074,1.75174,0.0
-2.29074,1.78543,0.0
-2.29074,1.81912,0.0
-2.29074,1.8528,0.0
-2.29074,1.88649,0.0
-2.29074,1.92018,0.0
-2.29074,1.95387,0.0
-2.29074,1.98755,0.0
-2.29074,2.02124,0.0
-2.29074,2.05493,0.0
-2.29074,2.08862,0.0
-2.29074,2.1223,0.0
-2.29074,2.15599,0.0
-2.29074,2.18968,0.0
-2.29074,2.22336,0.0
-2.29074,2.25705,0.0
-2.29074,2.29074,0.0
-2.29074,2.32443,0.0
-2.29074,2.35811,0.0
-2.25705,-2.3918,0.0
-2.25705,-2.35811,0.0
-2.25705,-2.32443,0.0
-2.25705,-2.29074,0.0
-2.25705,-2.25705,0.0
-2.25705,-2.22336,0.0
-2.25705,-2.18968,0.0
-2.25705,-2.15599,0.0
-2.25705,-2.1223,0.0
-2.25705,-2.08862,0.0
-2.25705,-2.05493,0.0
-2.25705,-2.02124,0.0
-2.25705,-1.98755,0.0
-2.25705,-1.95387,0.0
-2.25705,-1.92018,0.0
-2.25705,-1.88649,0.0
-2.25705,-1.8528,0.0
-2.25705,-1.81912,0.0
-2.25705,-1.78543,0.0
-2.25705,-1.75174,0.0
-2.25705,-1.71805,0.0
-2.25705,-1.68437,0.0
-2.25705,-1.65068,0.0
-2.25705,-1.61699,0.0
-2.25705,-1.58331,0.0
-2.25705,-1.54962,0.0
-2.25705,-1.51593,0.0
-2.25705,-1.48224,0.0
-2.25705,-1.44856,0.0
-2.25705,-1.41487,0.0
-2.25705,-1.38118,0.0
-2.25705,-1.34749,0.0
-2.25705,-1.31381,0.0
-2.25705,-1.28012,0.0
-2.25705,-1.24643,0.0
-2.25705,-1.21274,0.0
-2.25705,-1.17906,0.0
-2.25705,-1.14537,0.0
-2.25705,-1.11168,0.0
-2.25705,-1.078,0.0
-2.25705,-1.04431,0.0
-2.25705,-1.01062,0.0
-2.25705,-0.97693,0.0
-2.25705,-0.94325,0.0
-2.25705,-0.90956,0.0
-2.25705,-0.87587,0.0
-2.25705,-0.84218,0.0
-2.25705,-0.8085,0.0
-2.25705,-0.77481,0.0
-2.25705,-0.74112,0.0
-2.25705,-0.70743,0.0
-2.25705,-0.67375,0.0
-2.25705,-0.64006,0.0
-2.25705,-0.60637,0.0
-2.25705,-0.57268,0.0
-2.25705,-0.539,0.0
-2.25705,-0.50531,0.0
-2.25705,-0.47162,0.0
-2.25705,-0.43794,0.0
-2.25705,-0.40425,0.0
-2.25705,-0.37056,0.0
-2.25705,-0.33687,0.0
-2.25705,-0.30319,0.0
-2.25705,-0.2695,0.0
-2.25705,-0.23581,0.0
-2.25705,-0.20212,0.0
-2.25705,-0.16844,0.0
-2.25705,-0.13475,0.0
-2.25705,-0.10106,0.0
-2.25705,-0.06737,0.0
-2.25705,-0.03369,0.0
-2.25705,0,0.0
-2.25705,0.03369,0.0
-2.25705,0.06737,0.0
-2.25705,0.10106,0.0
-2.25705,0.13475,0.0
-2.25705,0.16844,0.0
-2.25705,0.20212,0.0
-2.25705,0.23581,0.0
-2.25705,0.2695,0.0
-2.25705,0.30319,0.0
-2.25705,0.33687,0.0
-2.25705,0.37056,0.0
-2.25705,0.40425,0.0
-2.25705,0.43794,0.0
-2.25705,0.47162,0.0
-2.25705,0.50531,0.0
-2.25705,0.539,0.0
-2.25705,0.57268,0.0
-2.25705,0.60637,0.0
-2.25705,0.64006,0.0
-2.25705,0.67375,0.0
-2.25705,0.70743,0.0
-2.25705,0.74112,0.0
-2.25705,0.77481,0.0
-2.25705,0.8085,0.0
-2.25705,0.84218,0.0
-2.25705,0.87587,0.0
-2.25705,0.90956,0.0
-2.25705,0.94325,0.0
-2.25705,0.97693,0.0
-2.25705,1.01062,0.0
-2.25705,1.04431,0.0
-2.25705,1.078,0.0
-2.25705,1.11168,0.0
-2.25705,1.14537,0.0
-2.25705,1.17906,0.0
-2.25705,1.21274,0.0
-2.25705,1.24643,0.0
-2.25705,1.28012,0.0
-2.25705,1.31381,0.0
-2.25705,1.34749,0.0
-2.25705,1.38118,0.0
-2.25705,1.41487,0.0
-2.25705,1.44856,0.0
-2.25705,1.48224,0.0
-2.25705,1.51593,0.0
-2.25705,1.54962,0.0
-2.25705,1.58331,0.0
-2.25705,1.61699,0.0
-2.25705,1.65068,0.0
-2.25705,1.68437,0.0
-2.25705,1.71805,0.0
-2.25705,1.75174,0.0
-2.25705,1.78543,0.0
-2.25705,1.81912,0.0
-2.25705,1.8528,0.0
-2.25705,1.88649,0.0
-2.25705,1.92018,0.0
-2.25705,1.95387,0.0
-2.25705,1.98755,0.0
-2.25705,2.02124,0.0
-2.25705,2.05493,0.0
-2.25705,2.08862,0.0
-2.25705,2.1223,0.0
-2.25705,2.15599,0.0
-2.25705,2.18968,0.0
-2.25705,2.22336,0.0
-2.25705,2.25705,0.0
-2.25705,2.29074,0.0
-2.25705,2.32443,0.0
-2.25705,2.35811,0.0
-2.25705,2.3918,0.0
-2.22336,-2.42549,0.0
-2.22336,-2.3918,0.0
-2.22336,-2.35811,0.0
-2.22336,-2.32443,0.0
-2.22336,-2.29074,0.0
-2.22336,-2.25705,0.0
-2.22336,-2.22336,0.0
-2.22336,-2.18968,0.0
-2.22336,-2.15599,0.0
-2.22336,-2.1223,0.0
-2.22336,-2.08862,0.0
-2.22336,-2.05493,0.0
-2.22336,-2.02124,0.0
-2.22336,-1.98755,0.0
-2.22336,-1.95387,0.0
-2.22336,-1.92018,0.0
-2.22336,-1.88649,0.0
-2.22336,-1.8528,0.0
-2.22336,-1.81912,0.0
-2.22336,-1.78543,0.0
-2.22336,-1.75174,0.0
-2.22336,-1.71805,0.0
-2.22336,-1.68437,0.0
-2.22336,-1.65068,0.0
-2.22336,-1.61699,0.0
-2.22336,-1.58331,0.0
-2.22336,-1.54962,0.0
-2.22336,-1.51593,0.0
-2.22336,-1.48224,0.0
-2.22336,-1.44856,0.0
-2.22336,-1.41487,0.0
-2.22336,-1.38118,0.0
-2.22336,-1.34749,0.0
-2.22336,-1.31381,0.0
-2.22336,-1.28012,0.0
-2.22336,-1.24643,0.0
-2.22336,-1.21274,0.0
-2.22336,-1.17906,0.0
-2.22336,-1.14537,0.0
-2.22336,-1.11168,0.0
-2.22336,-1.078,0.0
-2.22336,-1.04431,0.0
-2.22336,-1.01062,0.0
-2.22336,-0.97693,0.0
-2.22336,-0.94325,0.0
-2.22336,-0.90956,0.0
-2.22336,-0.87587,0.0
-2.22336,-0.84218,0.0
-2.22336,-0.8085,0.0
-2.22336,-0.77481,0.0
-2.22336,-0.74112,0.0
-2.22336,-0.70743,0.0
-2.22336,-0.67375,0.0
-2.22336,-0.64006,0.0
-2.22336,-0.60637,0.0
-2.22336,-0.57268,0.0
-2.22336,-0.539,0.0
-2.22336,-0.50531,0.0
-2.22336,-0.47162,0.0
-2.22336,-0.43794,0.0
-2.22336,-0.40425,0.0
-2.22336,-0.37056,0.0
-2.22336,-0.33687,0.0
-2.22336,-0.30319,0.0
-2.22336,-0.2695,0.0
-2.22336,-0.23581,0.0
-2.22336,-0.20212,0.0
-2.22336,-0.16844,0.0
-2.22336,-0.13475,0.0
-2.22336,-0.10106,0.0
-2.22336,-0.06737,0.0
-2.22336,-0.03369,0.0
-2.22336,0,0.0
-2.22336,0.03369,0.0
-2.22336,0.06737,0.0
-2.22336,0.10106,0.0
-2.22336,0.13475,0.0
-2.22336,0.16844,0.0
-2.22336,0.20212,0.0
-2.22336,0.23581,0.0
-2.22336,0.2695,0.0
-2.22336,0.30319,0.0
-2.22336,0.33687,0.0
-2.22336,0.37056,0.0
-2.22336,0.40425,0.0
-2.22336,0.43794,0.0
-2.22336,0.47162,0.0
-2.22336,0.50531,0.0
-2.22336,0.539,0.0
-2.22336,0.57268,0.0
-2.22336,0.60637,0.0
-2.22336,0.64006,0.0
-2.22336,0.67375,0.0
-2.22336,0.70743,0.0
-2.22336,0.74112,0.0
-2.22336,0.77481,0.0
-2.22336,0.8085,0.0
-2.22336,0.84218,0.0
-2.22336,0.87587,0.0
-2.22336,0.90956,0.0
-2.22336,0.94325,0.0
-2.22336,0.97693,0.0
-2.22336,1.01062,0.0
-2.22336,1.04431,0.0
-2.22336,1.078,0.0
-2.22336,1.11168,0.0
-2.22336,1.14537,0.0
-2.22336,1.17906,0.0
-2.22336,1.21274,0.0
-2.22336,1.24643,0.0
-2.22336,1.28012,0.0
-2.22336,1.31381,0.0
-2.22336,1.34749,0.0
-2.22336,1.38118,0.0
-2.22336,1.41487,0.0
-2.22336,1.44856,0.0
-2.22336,1.48224,0.0
-2.22336,1.51593,0.0
-2.22336,1.54962,0.0
-2.22336,1.58331,0.0
-2.22336,1.61699,0.0
-2.22336,1.65068,0.0
-2.22336,1.68437,0.0
-2.22336,1.71805,0.0
-2.22336,1.75174,0.0
-2.22336,1.78543,0.0
-2.22336,1.81912,0.0
-2.22336,1.8528,0.0
-2.22336,1.88649,0.0
-2.22336,1.92018,0.0
-2.22336,1.95387,0.0
-2.22336,1.98755,0.0
-2.22336,2.02124,0.0
-2.22336,2.05493,0.0
-2.22336,2.08862,0.0
-2.22336,2.1223,0.0
-2.22336,2.15599,0.0
-2.22336,2.18968,0.0
-2.22336,2.22336,0.0
-2.22336,2.25705,0.0
-2.22336,2.29074,0.0
-2.22336,2.32443,0.0
-2.22336,2.35811,0.0
-2.22336,2.3918,0.0
-2.22336,2.42549,0.0
-2.18968,-2.45918,0.0
-2.18968,-2.42549,0.0
-2.18968,-2.3918,0.0
-2.18968,-2.35811,0.0
-2.18968,-2.32443,0.0
-2.18968,-2.29074,0.0
-2.18968,-2.25705,0.0
-2.18968,-2.22336,0.0
-2.18968,-2.18968,0.0
-2.18968,-2.15599,0.0
-2.18968,-2.1223,0.0
-2.18968,-2.08862,0.0
-2.18968,-2.05493,0.0
-2.18968,-2.02124,0.0
-2.18968,-1.98755,0.0
-2.18968,-1.95387,0.0
-2.18968,-1.92018,0.0
-2.18968,-1.88649,0.0
-2.18968,-1.8528,0.0
-2.18968,-1.81912,0.0
-2.18968,-1.78543,0.0
-2.18968,-1.75174,0.0
-2.18968,-1.71805,0.0
-2.18968,-1.68437,0.0
-2.18968,-1.65068,0.0
-2.18968,-1.61699,0.0
-2.18968,-1.58331,0.0
-2.18968,-1.54962,0.0
-2.18968,-1.51593,0.0
-2.18968,-1.48224,0.0
-2.18968,-1.44856,0.0
-2.18968,-1.41487,0.0
-2.18968,-1.38118,0.0
-2.18968,-1.34749,0.0
-2.18968,-1.31381,0.0
-2.18968,-1.28012,0.0
-2.18968,-1.24643,0.0
-2.18968,-1.21274,0.0
-2.18968,-1.17906,0.0
-2.18968,-1.14537,0.0
-2.18968,-1.11168,0.0
-2.18968,-1.078,0.0
-2.18968,-1.04431,0.0
-2.18968,-1.01062,0.0
-2.18968,-0.97693,0.0
-2.18968,-0.94325,0.0
-2.18968,-0.90956,0.0
-2.18968,-0.87587,0.0
-2.18968,-0.84218,0.0
-2.18968,-0.8085,0.0
-2.18968,-0.77481,0.0
-2.18968,-0.74112,0.0
-2.18968,-0.70743,0.0
-2.18968,-0.67375,0.0
-2.18968,-0.64006,0.0
-2.18968,-0.60637,0.0
-2.18968,-0.57268,0.0
-2.18968,-0.539,0.0
-2.18968,-0.50531,0.0
-2.18968,-0.47162,0.0
-2.18968,-0.43794,0.0
-2.18968,-0.40425,0.0
-2.18968,-0.37056,0.0
-2.18968,-0.33687,0.0
-2.18968,-0.30319,0.0
-2.18968,-0.2695,0.0
-2.18968,-0.23581,0.0
-2.18968,-0.20212,0.0
-2.18968,-0.16844,0.0
-2.18968,-0.13475,0.0
-2.18968,-0.10106,0.0
-2.18968,-0.06737,0.0
-2.18968,-0.03369,0.0
-2.18968,0,0.0
-2.18968,0.03369,0.0
-2.18968,0.06737,0.0
-2.18968,0.10106,0.0
-2.18968,0.13475,0.0
-2.18968,0.16844,0.0
-2.18968,0.20212,0.0
-2.18968,0.23581,0.0
-2.18968,0.2695,0.0
-2.18968,0.30319,0.0
-2.18968,0.33687,0.0
-2.18968,0.37056,0.0
-2.18968,0.40425,0.0
-2.18968,0.43794,0.0
-2.18968,0.47162,0.0
-2.18968,0.50531,0.0
-2.18968,0.539,0.0
-2.18968,0.57268,0.0
-2.18968,0.60637,0.0
-2.18968,0.64006,0.0
-2.18968,0.67375,0.0
-2.18968,0.70743,0.0
-2.18968,0.74112,0.0
-2.18968,0.77481,0.0
-2.18968,0.8085,0.0
-2.18968,0.84218,0.0
-2.18968,0.87587,0.0
-2.18968,0.90956,0.0
-2.18968,0.94325,0.0
-2.18968,0.97693,0.0
-2.18968,1.01062,0.0
-2.18968,1.04431,0.0
-2.18968,1.078,0.0
-2.18968,1.11168,0.0
-2.18968,1.14537,0.0
-2.18968,1.17906,0.0
-2.18968,1.21274,0.0
-2.18968,1.24643,0.0
-2.18968,1.28012,0.0
-2.18968,1.31381,0.0
-2.18968,1.34749,0.0
-2.18968,1.38118,0.0
-2.18968,1.41487,0.0
-2.18968,1.44856,0.0
-2.18968,1.48224,0.0
-2.18968,1.51593,0.0
-2.18968,1.54962,0.0
-2.18968,1.58331,0.0
-2.18968,1.61699,0.0
-2.18968,1.65068,0.0
-2.18968,1.68437,0.0
-2.18968,1.71805,0.0
-2.18968,1.75174,0.0
-2.18968,1.78543,0.0
-2.18968,1.81912,0.0
-2.18968,1.8528,0.0
-2.18968,1.88649,0.0
-2.18968,1.92018,0.0
-2.18968,1.95387,0.0
-2.18968,1.98755,0.0
-2.18968,2.02124,0.0
-2.18968,2.05493,0.0
-2.18968,2.08862,0.0
-2.18968,2.1223,0.0
-2.18968,2.15599,0.0
-2.18968,2.18968,0.0
-2.18968,2.22336,0.0
-2.18968,2.25705,0.0
-2.18968,2.29074,0.0
-2.18968,2.32443,0.0
-2.18968,2.35811,0.0
-2.18968,2.3918,0.0
-2.18968,2.42549,0.0
-2.18968,2.45918,0.0
-2.15599,-2.49286,0.0
-2.15599,-2.45918,0.0
-2.15599,-2.42549,0.0
-2.15599,-2.3918,0.0
-2.15599,-2.35811,0.0
-2.15599,-2.32443,0.0
-2.15599,-2.29074,0.0
-2.15599,-2.25705,0.0
-2.15599,-2.22336,0.0
-2.15599,-2.18968,0.0
-2.15599,-2.15599,0.0
-2.15599,-2.1223,0.0
-2.15599,-2.08862,0.0
-2.15599,-2.05493,0.0
-2.15599,-2.02124,0.0
-2.15599,-1.98755,0.0
-2.15599,-1.95387,0.0
-2.15599,-1.92018,0.0
-2.15599,-1.88649,0.0
-2.15599,-1.8528,0.0
-2.15599,-1.81912,0.0
-2.15599,-1.78543,0.0
-2.15599,-1.75174,0.0
-2.15599,-1.71805,0.0
-2.15599,-1.68437,0.0
-2.15599,-1.65068,0.0
-2.15599,-1.61699,0.0
-2.15599,-1.58331,0.0
-2.15599,-1.54962,0.0
-2.15599,-1.51593,0.0
-2.15599,-1.48224,0.0
-2.15599,-1.44856,0.0
-2.15599,-1.41487,0.0
-2.15599,-1.38118,0.0
-2.15599,-1.34749,0.0
-2.15599,-1.31381,0.0
-2.15599,-1.28012,0.0
-2.15599,-1.24643,0.0
-2.15599,-1.21274,0.0
-2.15599,-1.17906,0.0
-2.15599,-1.14537,0.0
-2.15599,-1.11168,0.0
-2.15599,-1.078,0.0
-2.15599,-1.04431,0.0
-2.15599,-1.01062,0.0
-2.15599,-0.97693,0.0
-2.15599,-0.94325,0.0
-2.15599,-0.90956,0.0
-2.15599,-0.87587,0.0
-2.15599,-0.84218,0.0
-2.15599,-0.8085,0.0
-2.15599,-0.77481,0.0
-2.15599,-0.74112,0.0
-2.15599,-0.70743,0.0
-2.15599,-0.67375,0.0
-2.15599,-0.64006,0.0
-2.15599,-0.60637,0.0
-2.15599,-0.57268,0.0
-2.15599,-0.539,0.0
-2.15599,-0.50531,0.0
-2.15599,-0.47162,0.0
-2.15599,-0.43794,0.0
-2.15599,-0.40425,0.0
-2.15599,-0.37056,0.0
-2.15599,-0.33687,0.0
-2.15599,-0.30319,0.0
-2.15599,-0.2695,0.0
-2.15599,-0.23581,0.0
-2.15599,-0.20212,0.0
-2.15599,-0.16844,0.0
-2.15599,-0.13475,0.0
-2.15599,-0.10106,0.0
-2.15599,-0.06737,0.0
-2.15599,-0.03369,0.0
-2.15599,0,0.0
-2.15599,0.03369,0.0
-2.15599,0.06737,0.0
-2.15599,0.10106,0.0
-2.15599,0.13475,0.0
-2.15599,0.16844,0.0
-2.15599,0.20212,0.0
-2.15599,0.23581,0.0
-2.15599,0.2695,0.0
-2.15599,0.30319,0.0
-2.15599,0.33687,0.0
-2.15599,0.37056,0.0
-2.15599,0.40425,0.0
-2.15599,0.43794,0.0
-2.15599,0.47162,0.0
-2.15599,0.50531,0.0
-2.15599,0.539,0.0
-2.15599,0.57268,0.0
-2.15599,0.60637,0.0
-2.15599,0.64006,0.0
-2.15599,0.67375,0.0
-2.15599,0.70743,0.0
-2.15599,0.74112,0.0
-2.15599,0.77481,0.0
-2.15599,0.8085,0.0
-2.15599,0.84218,0.0
-2.15599,0.87587,0.0
-2.15599,0.90956,0.0
-2.15599,0.94325,0.0
-2.15599,0.97693,0.0
-2.15599,1.01062,0.0
-2.15599,1.04431,0.0
-2.15599,1.078,0.0
-2.15599,1.11168,0.0
-2.15599,1.14537,0.0
-2.15599,1.17906,0.0
-2.15599,1.21274,0.0
-2.15599,1.24643,0.0
-2.15599,1.28012,0.0
-2.15599,1.31381,0.0
-2.15599,1.34749,0.0
-2.15599,1.38118,0.0
-2.15599,1.41487,0.0
-2.15599,1.44856,0.0
-2.15599,1.48224,0.0
-2.15599,1.51593,0.0
-2.15599,1.54962,0.0
-2.15599,1.58331,0.0
-2.15599,1.61699,0.0
-2.15599,1.65068,0.0
-2.15599,1.68437,0.0
-2.15599,1.71805,0.0
-2.15599,1.75174,0.0
-2.15599,1.78543,0.0
-2.15599,1.81912,0.0
-2.15599,1.8528,0.0
-2.15599,1.88649,0.0
-2.15599,1.92018,0.0
-2.15599,1.95387,0.0
-2.15599,1.98755,0.0
-2.15599,2.02124,0.0
-2.15599,2.05493,0.0
-2.15599,2.08862,0.0
-2.15599,2.1223,0.0
-2.15599,2.15599,0.0
-2.15599,2.18968,0.0
-2.15599,2.22336,0.0
-2.15599,2.25705,0.0
-2.15599,2.29074,0.0
-2.15599,2.32443,0.0
-2.15599,2.35811,0.0
-2.15599,2.3918,0.0
-2.15599,2.42549,0.0
-2.15599,2.45918,0.0
-2.15599,2.49286,0.0
-2.1223,-2.52655,0.0
-2.1223,-2.49286,0.0
-2.1223,-2.45918,0.0
-2.1223,-2.42549,0.0
-2.1223,-2.3918,0.0
-2.1223,-2.35811,0.0
-2.1223,-2.32443,0.0
-2.1223,-2.29074,0.0
-2.1223,-2.25705,0.0
-2.1223,-2.22336,0.0
-2.1223,-2.18968,0.0
-2.1223,-2.15599,0.0
-2.1223,-2.1223,0.0
-2.1223,-2.08862,0.0
-2.1223,-2.05493,0.0
-2.1223,-2.02124,0.0
-2.1223,-1.98755,0.0
-2.1223,-1.95387,0.0
-2.1223,-1.92018,0.0
-2.1223,-1.88649,0.0
-2.1223,-1.8528,0.0
-2.1223,-1.81912,0.0
-2.1223,-1.78543,0.0
-2.1223,-1.75174,0.0
-2.1223,-1.71805,0.0
-2.1223,-1.68437,0.0
-2.1223,-1.65068,0.0
-2.1223,-1.61699,0.0
-2.1223,-1.58331,0.0
-2.1223,-1.54962,0.0
-2.1223,-1.51593,0.0
-2.1223,-1.48224,0.0
-2.1223,-1.44856,0.0
-2.1223,-1.41487,0.0
-2.1223,-1.38118,0.0
-2.1223,-1.34749,0.0
-2.1223,-1.31381,0.0
-2.1223,-1.28012,0.0
-2.1223,-1.24643,0.0
-2.1223,-1.21274,0.0
-2.1223,-1.17906,0.0
-2.1223,-1.14537,0.0
-2.1223,-1.11168,0.0
-2.1223,-1.078,0.0
-2.1223,-1.04431,0.0
-2.1223,-1.01062,0.0
-2.1223,-0.97693,0.0
-2.1223,-0.94325,0.0
-2.1223,-0.90956,0.0
-2.1223,-0.87587,0.0
-2.1223,-0.84218,0.0
-2.1223,-0.8085,0.0
-2.1223,-0.77481,0.0
-2.1223,-0.74112,0.0
-2.1223,-0.70743,0.0
-2.1223,-0.67375,0.0
-2.1223,-0.64006,0.0
-2.1223,-0.60637,0.0
-2.1223,-0.57268,0.0
-2.1223,-0.539,0.0
-2.1223,-0.50531,0.0
-2.1223,-0.47162,0.0
-2.1223,-0.43794,0.0
-2.1223,-0.40425,0.0
-2.1223,-0.37056,0.0
-2.1223,-0.33687,0.0
-2.1223,-0.30319,0.0
-2.1223,-0.2695,0.0
-2.1223,-0.23581,0.0
-2.1223,-0.20212,0.0
-2.1223,-0.16844,0.0
-2.1223,-0.13475,0.0
-2.1223,-0.10106,0.0
-2.1223,-0.06737,0.0
-2.1223,-0.03369,0.0
-2.1223,0,0.0
-2.1223,0.03369,0.0
-2.1223,0.06737,0.0
-2.1223,0.10106,0.0
-2.1223,0.13475,0.0
-2.1223,0.16844,0.0
-2.1223,0.20212,0.0
-2.1223,0.23581,0.0
-2.1223,0.2695,0.0
-2.1223,0.30319,0.0
-2.1223,0.33687,0.0
-2.1223,0.37056,0.0
-2.1223,0.40425,0.0
-2.1223,0.43794,0.0
-2.1223,0.47162,0.0
-2.1223,0.50531,0.0
-2.1223,0.539,0.0
-2.1223,0.57268,0.0
-2.1223,0.60637,0.0
-2.1223,0.64006,0.0
-2.1223,0.67375,0.0
-2.1223,0.70743,0.0
-2.1223,0.74112,0.0
-2.1223,0.77481,0.0
-2.1223,0.8085,0.0
-2.1223,0.84218,0.0
-2.1223,0.87587,0.0
-2.1223,0.90956,0.0
-2.1223,0.94325,0.0
-2.1223,0.97693,0.0
-2.1223,1.01062,0.0
-2.1223,1.04431,0.0
-2.1223,1.078,0.0
-2.1223,1.11168,0.0
-2.1223,1.14537,0.0
-2.1223,1.17906,0.0
-2.1223,1.21274,0.0
-2.1223,1.24643,0.0
-2.1223,1.28012,0.0
-2.1223,1.31381,0.0
-2.1223,1.34749,0.0
-2.1223,1.38118,0.0
-2.1223,1.41487,0.0
-2.1223,1.44856,0.0
-2.1223,1.48224,0.0
-2.1223,1.51593,0.0
-2.1223,1.54962,0.0
-2.1223,1.58331,0.0
-2.1223,1.61699,0.0
-2.1223,1.65068,0.0
-2.1223,1.68437,0.0
-2.1223,1.71805,0.0
-2.1223,1.75174,0.0
-2.1223,1.78543,0.0
-2.1223,1.81912,0.0
-2.1223,1.8528,0.0
-2.1223,1.88649,0.0
-2.1223,1.92018,0.0
-2.1223,1.95387,0.0
-2.1223,1.98755,0.0
-2.1223,2.02124,0.0
-2.1223,2.05493,0.0
-2.1223,2.08862,0.0
-2.1223,2.1223,0.0
-2.1223,2.15599,0.0
-2.1223,2.18968,0.0
-2.1223,2.22336,0.0
-2.1223,2.25705,0.0
-2.1223,2.29074,0.0
-2.1223,2.32443,0.0
-2.1223,2.35811,0.0
-2.1223,2.3918,0.0
-2.1223,2.42549,0.0
-2.1223,2.45918,0.0
-2.1223,2.49286,0.0
-2.1223,2.52655,0.0
-2.08862,-2.52655,0.0
-2.08862,-2.49286,0.0
-2.08862,-2.45918,0.0
-2.08862,-2.42549,0.0
-2.08862,-2.3918,0.0
-2.08862,-2.35811,0.0
-2.08862,-2.32443,0.0
-2.08862,-2.29074,0.0
-2.08862,-2.25705,0.0
-2.08862,-2.22336,0.0
-2.08862,-2.18968,0.0
-2.08862,-2.15599,0.0
-2.08862,-2.1223,0.0
-2.08862,-2.08862,0.0
-2.08862,-2.05493,0.0
-2.08862,-2.02124,0.0
-2.08862,-1.98755,0.0
-2.08862,-1.95387,0.0
-2.08862,-1.92018,0.0
-2.08862,-1.88649,0.0
-2.08862,-1.8528,0.0
-2.08862,-1.81912,0.0
-2.08862,-1.78543,0.0
-2.08862,-1.75174,0.0
-2.08862,-1.71805,0.0
-2.08862,-1.68437,0.0
-2.08862,-1.65068,0.0
-2.08862,-1.61699,0.0
-2.08862,-1.58331,0.0
-2.08862,-1.54962,0.0
-2.08862,-1.51593,0.0
-2.08862,-1.48224,0.0
-2.08862,-1.44856,0.0
-2.08862,-1.41487,0.0
-2.08862,-1.38118,0.0
-2.08862,-1.34749,0.0
-2.08862,-1.31381,0.0
-2.08862,-1.28012,0.0
-2.08862,-1.24643,0.0
-2.08862,-1.21274,0.0
-2.08862,-1.17906,0.0
-2.08862,-1.14537,0.0
-2.08862,-1.11168,0.0
-2.08862,-1.078,0.0
-2.08862,-1.04431,0.0
-2.08862,-1.01062,0.0
-2.08862,-0.97693,0.0
-2.08862,-0.94325,0.0
-2.08862,-0.90956,0.0
-2.08862,-0.87587,0.0
-2.08862,-0.84218,0.0
-2.08862,-0.8085,0.0
-2.08862,-0.77481,0.0
-2.08862,-0.74112,0.0
-2.08862,-0.70743,0.0
-2.08862,-0.67375,0.0
-2.08862,-0.64006,0.0
-2.08862,-0.60637,0.0
-2.08862,-0.57268,0.0
-2.08862,-0.539,0.0
-2.08862,-0.50531,0.0
-2.08862,-0.47162,0.0
-2.08862,-0.43794,0.0
-2.08862,-0.40425,0.0
-2.08862,-0.37056,0.0
-2.08862,-0.33687,0.0
-2.08862,-0.30319,0.0
-2.08862,-0.2695,0.0
-2.08862,-0.23581,0.0
-2.08862,-0.20212,0.0
-2.08862,-0.16844,0.0
-2.08862,-0.13475,0.0
-2.08862,-0.10106,0.0
-2.08862,-0.06737,0.0
-2.08862,-0.03369,0.0
-2.08862,0,0.0
-2.08862,0.03369,0.0
-2.08862,0.06737,0.0
-2.08862,0.10106,0.0
-2.08862,0.13475,0.0
-2.08862,0.16844,0.0
-2.08862,0.20212,0.0
-2.08862,0.23581,0.0
-2.08862,0.2695,0.0
-2.08862,0.30319,0.0
-2.08862,0.33687,0.0
-2.08862,0.37056,0.0
-2.08862,0.40425,0.0
-2.08862,0.43794,0.0
-2.08862,0.47162,0.0
-2.08862,0.50531,0.0
-2.08862,0.539,0.0
-2.08862,0.57268,0.0
-2.08862,0.60637,0.0
-2.08862,0.64006,0.0
-2.08862,0.67375,0.0
-2.08862,0.70743,0.0
-2.08862,0.74112,0.0
-2.08862,0.77481,0.0
-2.08862,0.8085,0.0
-2.08862,0.84218,0.0
-2.08862,0.87587,0.0
-2.08862,0.90956,0.0
-2.08862,0.94325,0.0
-2.08862,0.97693,0.0
-2.08862,1.01062,0.0
-2.08862,1.04431,0.0
-2.08862,1.078,0.0
-2.08862,1.11168,0.0
-2.08862,1.14537,0.0
-2.08862,1.17906,0.0
-2.08862,1.21274,0.0
-2.08862,1.24643,0.0
-2.08862,1.28012,0.0
-2.08862,1.31381,0.0
-2.08862,1.34749,0.0
-2.08862,1.38118,0.0
-2.08862,1.41487,0.0
-2.08862,1.44856,0.0
-2.08862,1.48224,0.0
-2.08862,1.51593,0.0
-2.08862,1.54962,0.0
-2.08862,1.58331,0.0
-2.08862,1.61699,0.0
-2.08862,1.65068,0.0
-2.08862,1.68437,0.0
-2.08862,1.71805,0.0
-2.08862,1.75174,0.0
-2.08862,1.78543,0.0
-2.08862,1.81912,0.0
-2.08862,1.8528,0.0
-2.08862,1.88649,0.0
-2.08862,1.92018,0.0
-2.08862,1.95387,0.0
-2.08862,1.98755,0.0
-2.08862,2.02124,0.0
-2.08862,2.05493,0.0
-2.08862,2.08862,0.0
-2.08862,2.1223,0.0
-2.08862,2.15599,0.0
-2.08862,2.18968,0.0
-2.08862,2.22336,0.0
-2.08862,2.25705,0.0
-2.08862,2.29074,0.0
-2.08862,2.32443,0.0
-2.08862,2.35811,0.0
-2.08862,2.3918,0.0
-2.08862,2.42549,0.0
-2.08862,2.45918,0.0
-2.08862,2.49286,0.0
-2.08862,2.52655,0.0
-2.05493,-2.56024,0.0
-2.05493,-2.52655,0.0
-2.05493,-2.49286,0.0
-2.05493,-2.45918,0.0
-2.05493,-2.42549,0.0
-2.05493,-2.3918,0.0
-2.05493,-2.35811,0.0
-2.05493,-2.32443,0.0
-2.05493,-2.29074,0.0
-2.05493,-2.25705,0.0
-2.05493,-2.22336,0.0
-2.05493,-2.18968,0.0
-2.05493,-2.15599,0.0
-2.05493,-2.1223,0.0
-2.05493,-2.08862,0.0
-2.05493,-2.05493,0.0
-2.05493,-2.02124,0.0
-2.05493,-1.98755,0.0
-2.05493,-1.95387,0.0
-2.05493,-1.92018,0.0
-2.05493,-1.88649,0.0
-2.05493,-1.8528,0.0
-2.05493,-1.81912,0.0
-2.05493,-1.78543,0.0
-2.05493,-1.75174,0.0
-2.05493,-1.71805,0.0
-2.05493,-1.68437,0.0
-2.05493,-1.65068,0.0
-2.05493,-1.61699,0.0
-2.05493,-1.58331,0.0
-2.05493,-1.54962,0.0
-2.05493,-1.51593,0.0
-2.05493,-1.48224,0.0
-2.05493,-1.44856,0.0
-2.05493,-1.41487,0.0
-2.05493,-1.38118,0.0
-2.05493,-1.34749,0.0
-2.05493,-1.31381,0.0
-2.05493,-1.28012,0.0
-2.05493,-1.24643,0.0
-2.05493,-1.21274,0.0
-2.05493,-1.17906,0.0
-2.05493,-1.14537,0.0
-2.05493,-1.11168,0.0
-2.05493,-1.078,0.0
-2.05493,-1.04431,0.0
-2.05493,-1.01062,0.0
-2.05493,-0.97693,0.0
-2.05493,-0.94325,0.0
-2.05493,-0.90956,0.0
-2.05493,-0.87587,0.0
-2.05493,-0.84218,0.0
-2.05493,-0.8085,0.0
-2.05493,-0.77481,0.0
-2.05493,-0.74112,0.0
-2.05493,-0.70743,0.0
-2.05493,-0.67375,0.0
-2.05493,-0.64006,0.0
-2.05493,-0.60637,0.0
-2.05493,-0.57268,0.0
-2.05493,-0.539,0.0
-2.05493,-0.50531,0.0
-2.05493,-0.47162,0.0
-2.05493,-0.43794,0.0
-2.05493,-0.40425,0.0
-2.05493,-0.37056,0.0
-2.05493,-0.33687,0.0
-2.05493,-0.30319,0.0
-2.05493,-0.2695,0.0
-2.05493,-0.23581,0.0
-2.05493,-0.20212,0.0
-2.05493,-0.16844,0.0
-2.05493,-0.13475,0.0
-2.05493,-0.10106,0.0
-2.05493,-0.06737,0.0
-2.05493,-0.03369,0.0
-2.05493,0,0.0
-2.05493,0.03369,0.0
-2.05493,0.06737,0.0
-2.05493,0.10106,0.0
-2.05493,0.13475,0.0
-2.05493,0.16844,0.0
-2.05493,0.20212,0.0
-2.05493,0.23581,0.0
-2.05493,0.2695,0.0
-2.05493,0.30319,0.0
-2.05493,0.33687,0.0
-2.05493,0.37056,0.0
-2.05493,0.40425,0.0
-2.05493,0.43794,0.0
-2.05493,0.47162,0.0
-2.05493,0.50531,0.0
-2.05493,0.539,0.0
-2.05493,0.57268,0.0
-2.05493,0.60637,0.0
-2.05493,0.64006,0.0
-2.05493,0.67375,0.0
-2.05493,0.70743,0.0
-2.05493,0.74112,0.0
-2.05493,0.77481,0.0
-2.05493,0.8085,0.0
-2.05493,0.84218,0.0
-2.05493,0.87587,0.0
-2.05493,0.90956,0.0
-2.05493,0.94325,0.0
-2.05493,0.97693,0.0
-2.05493,1.01062,0.0
-2.05493,1.04431,0.0
-2.05493,1.078,0.0
-2.05493,1.11168,0.0
-2.05493,1.14537,0.0
-2.05493,1.17906,0.0
-2.05493,1.21274,0.0
-2.05493,1.24643,0.0
-2.05493,1.28012,0.0
-2.05493,1.31381,0.0
-2.05493,1.34749,0.0
-2.05493,1.38118,0.0
-2.05493,1.41487,0.0
-2.05493,1.44856,0.0
-2.05493,1.48224,0.0
-2.05493,1.51593,0.0
-2.05493,1.54962,0.0
-2.05493,1.58331,0.0
-2.05493,1.61699,0.0
-2.05493,1.65068,0.0
-2.05493,1.68437,0.0
-2.05493,1.71805,0.0
-2.05493,1.75174,0.0
-2.05493,1.78543,0.0
-2.05493,1.81912,0.0
-2.05493,1.8528,0.0
-2.05493,1.88649,0.0
-2.05493,1.92018,0.0
-2.05493,1.95387,0.0
-2.05493,1.98755,0.0
-2.05493,2.02124,0.0
-2.05493,2.05493,0.0
-2.05493,2.08862,0.0
-2.05493,2.1223,0.0
-2.05493,2.15599,0.0
-2.05493,2.18968,0.0
-2.05493,2.22336,0.0
-2.05493,2.25705,0.0
-2.05493,2.29074,0.0
-2.05493,2.32443,0.0
-2.05493,2.35811,0.0
-2.05493,2.3918,0.0
-2.05493,2.42549,0.0
-2.05493,2.45918,0.0
-2.05493,2.49286,0.0
-2.05493,2.52655,0.0
-2.05493,2.56024,0.0
-2.02124,-2.59393,0.0
-2.02124,-2.56024,0.0
-2.02124,-2.52655,0.0
-2.02124,-2.49286,0.0
-2.02124,-2.45918,0.0
-2.02124,-2.42549,0.0
-2.02124,-2.3918,0.0
-2.02124,-2.35811,0.0
-2.02124,-2.32443,0.0
-2.02124,-2.29074,0.0
-2.02124,-2.25705,0.0
-2.02124,-2.22336,0.0
-2.02124,-2.18968,0.0
-2.02124,-2.15599,0.0
-2.02124,-2.1223,0.0
-2.02124,-2.08862,0.0
-2.02124,-2.05493,0.0
-2.02124,-2.02124,0.0
-2.02124,-1.98755,0.0
-2.02124,-1.95387,0.0
-2.02124,-1.92018,0.0
-2.02124,-1.88649,0.0
-2.02124,-1.8528,0.0
-2.02124,-1.81912,0.0
-2.02124,-1.78543,0.0
-2.02124,-1.75174,0.0
-2.02124,-1.71805,0.0
-2.02124,-1.68437,0.0
-2.02124,-1.65068,0.0
-2.02124,-1.61699,0.0
-2.02124,-1.58331,0.0
-2.02124,-1.54962,0.0
-2.02124,-1.51593,0.0
-2.02124,-1.48224,0.0
-2.02124,-1.44856,0.0
-2.02124,-1.41487,0.0
-2.02124,-1.38118,0.0
-2.02124,-1.34749,0.0
-2.02124,-1.31381,0.0
-2.02124,-1.28012,0.0
-2.02124,-1.24643,0.0
-2.02124,-1.21274,0.0
-2.02124,-1.17906,0.0
-2.02124,-1.14537,0.0
-2.02124,-1.11168,0.0
-2.02124,-1.078,0.0
-2.02124,-1.04431,0.0
-2.02124,-1.01062,0.0
-2.02124,-0.97693,0.0
-2.02124,-0.94325,0.0
-2.02124,-0.90956,0.0
-2.02124,-0.87587,0.0
-2.02124,-0.84218,0.0
-2.02124,-0.8085,0.0
-2.02124,-0.77481,0.0
-2.02124,-0.74112,0.0
-2.02124,-0.70743,0.0
-2.02124,-0.67375,0.0
-2.02124,-0.64006,0.0
-2.02124,-0.60637,0.0
-2.02124,-0.57268,0.0
-2.02124,-0.539,0.0
-2.02124,-0.50531,0.0
-2.02124,-0.47162,0.0
-2.02124,-0.43794,0.0
-2.02124,-0.40425,0.0
-2.02124,-0.37056,0.0
-2.02124,-0.33687,0.0
-2.02124,-0.30319,0.0
-2.02124,-0.2695,0.0
-2.02124,-0.23581,0.0
-2.02124,-0.20212,0.0
-2.02124,-0.16844,0.0
-2.02124,-0.13475,0.0
-2.02124,-0.10106,0.0
-2.02124,-0.06737,0.0
-2.02124,-0.03369,0.0
-2.02124,0,0.0
-2.02124,0.03369,0.0
-2.02124,0.06737,0.0
-2.02124,0.10106,0.0
-2.02124,0.13475,0.0
-2.02124,0.16844,0.0
-2.02124,0.20212,0.0
-2.02124,0.23581,0.0
-2.02124,0.2695,0.0
-2.02124,0.30319,0.0
-2.02124,0.33687,0.0
-2.02124,0.37056,0.0
-2.02124,0.40425,0.0
-2.02124,0.43794,0.0
-2.02124,0.47162,0.0
-2.02124,0.50531,0.0
-2.02124,0.539,0.0
-2.02124,0.57268,0.0
-2.02124,0.60637,0.0
-2.02124,0.64006,0.0
-2.02124,0.67375,0.0
-2.02124,0.70743,0.0
-2.02124,0.74112,0.0
-2.02124,0.77481,0.0
-2.02124,0.8085,0.0
-2.02124,0.84218,0.0
-2.02124,0.87587,0.0
-2.02124,0.90956,0.0
-2.02124,0.94325,0.0
-2.02124,0.97693,0.0
-2.02124,1.01062,0.0
-2.02124,1.04431,0.0
-2.02124,1.078,0.0
-2.02124,1.11168,0.0
-2.02124,1.14537,0.0
-2.02124,1.17906,0.0
-2.02124,1.21274,0.0
-2.02124,1.24643,0.0
-2.02124,1.28012,0.0
-2.02124,1.31381,0.0
-2.02124,1.34749,0.0
-2.02124,1.38118,0.0
-2.02124,1.41487,0.0
-2.02124,1.44856,0.0
-2.02124,1.48224,0.0
-2.02124,1.51593,0.0
-2.02124,1.54962,0.0
-2.02124,1.58331,0.0
-2.02124,1.61699,0.0
-2.02124,1.65068,0.0
-2.02124,1.68437,0.0
-2.02124,1.71805,0.0
-2.02124,1.75174,0.0
-2.02124,1.78543,0.0
-2.02124,1.81912,0.0
-2.02124,1.8528,0.0
-2.02124,1.88649,0.0
-2.02124,1.92018,0.0
-2.02124,1.95387,0.0
-2.02124,1.98755,0.0
-2.02124,2.02124,0.0
-2.02124,2.05493,0.0
-2.02124,2.08862,0.0
-2.02124,2.1223,0.0
-2.02124,2.15599,0.0
-2.02124,2.18968,0.0
-2.02124,2.22336,0.0
-2.02124,2.25705,0.0
-2.02124,2.29074,0.0
-2.02124,2.32443,0.0
-2.02124,2.35811,0.0
-2.02124,2.3918,0.0
-2.02124,2.42549,0.0
-2.02124,2.45918,0.0
-2.02124,2.49286,0.0
-2.02124,2.52655,0.0
-2.02124,2.56024,0.0
-2.02124,2.59393,0.0
-1.98755,-2.62761,0.0
-1.98755,-2.59393,0.0
-1.98755,-2.56024,0.0
-1.98755,-2.52655,0.0
-1.98755,-2.49286,0.0
-1.98755,-2.45918,0.0
-1.98755,-2.42549,0.0
-1.98755,-2.3918,0.0
-1.98755,-2.35811,0.0
-1.98755,-2.32443,0.0
-1.98755,-2.29074,0.0
-1.98755,-2.25705,0.0
-1.98755,-2.22336,0.0
-1.98755,-2.18968,0.0
-1.98755,-2.15599,0.0
-1.98755,-2.1223,0.0
-1.98755,-2.08862,0.0
-1.98755,-2.05493,0.0
-1.98755,-2.02124,0.0
-1.98755,-1.98755,0.0
-1.98755,-1.95387,0.0
-1.98755,-1.92018,0.0
-1.98755,-1.88649,0.0
-1.98755,-1.8528,0.0
-1.98755,-1.81912,0.0
-1.98755,-1.78543,0.0
-1.98755,-1.75174,0.0
-1.98755,-1.71805,0.0
-1.98755,-1.68437,0.0
-1.98755,-1.65068,0.0
-1.98755,-1.61699,0.0
-1.98755,-1.58331,0.0
-1.98755,-1.54962,0.0
-1.98755,-1.51593,0.0
-1.98755,-1.48224,0.0
-1.98755,-1.44856,0.0
-1.98755,-1.41487,0.0
-1.98755,-1.38118,0.0
-1.98755,-1.34749,0.0
-1.98755,-1.31381,0.0
-1.98755,-1.28012,0.0
-1.98755,-1.24643,0.0
-1.98755,-1.21274,0.0
-1.98755,-1.17906,0.0
-1.98755,-1.14537,0.0
-1.98755,-1.11168,0.0
-1.98755,-1.078,0.0
-1.98755,-1.04431,0.0
-1.98755,-1.01062,0.0
-1.98755,-0.97693,0.0
-1.98755,-0.94325,0.0
-1.98755,-0.90956,0.0
-1.98755,-0.87587,0.0
-1.98755,-0.84218,0.0
-1.98755,-0.8085,0.0
-1.98755,-0.77481,0.0
-1.98755,-0.74112,0.0
-1.98755,-0.70743,0.0
-1.98755,-0.67375,0.0
-1.98755,-0.64006,0.0
-1.98755,-0.60637,0.0
-1.98755,-0.57268,0.0
-1.98755,-0.539,0.0
-1.98755,-0.50531,0.0
-1.98755,-0.47162,0.0
-1.98755,-0.43794,0.0
-1.98755,-0.40425,0.0
-1.98755,-0.37056,0.0
-1.98755,-0.33687,0.0
-1.98755,-0.30319,0.0
-1.98755,-0.2695,0.0
-1.98755,-0.23581,0.0
-1.98755,-0.20212,0.0
-1.98755,-0.16844,0.0
-1.98755,-0.13475,0.0
-1.98755,-0.10106,0.0
-1.98755,-0.06737,0.0
-1.98755,-0.03369,0.0
-1.98755,0,0.0
-1.98755,0.03369,0.0
-1.98755,0.06737,0.0
-1.98755,0.10106,0.0
-1.98755,0.13475,0.0
-1.98755,0.16844,0.0
-1.98755,0.20212,0.0
-1.98755,0.23581,0.0
-1.98755,0.2695,0.0
-1.98755,0.30319,0.0
-1.98755,0.33687,0.0
-1.98755,0.37056,0.0
-1.98755,0.40425,0.0
-1.98755,0.43794,0.0
-1.98755,0.47162,0.0
-1.98755,0.50531,0.0
-1.98755,0.539,0.0
-1.98755,0.57268,0.0
-1.98755,0.60637,0.0
-1.98755,0.64006,0.0
-1.98755,0.67375,0.0
-1.98755,0.70743,0.0
-1.98755,0.74112,0.0
-1.98755,0.77481,0.0
-1.98755,0.8085,0.0
-1.98755,0.84218,0.0
-1.98755,0.87587,0.0
-1.98755,0.90956,0.0
-1.98755,0.94325,0.0
-1.98755,0.97693,0.0
-1.98755,1.01062,0.0
-1.98755,1.04431,0.0
-1.98755,1.078,0.0
-1.98755,1.11168,0.0
-1.98755,1.14537,0.0
-1.98755,1.17906,0.0
-1.98755,1.21274,0.0
-1.98755,1.24643,0.0
-1.98755,1.28012,0.0
-1.98755,1.31381,0.0
-1.98755,1.34749,0.0
-1.98755,1.38118,0.0
-1.98755,1.41487,0.0
-1.98755,1.44856,0.0
-1.98755,1.48224,0.0
-1.98755,1.51593,0.0
-1.98755,1.54962,0.0
-1.98755,1.58331,0.0
-1.98755,1.61699,0.0
-1.98755,1.65068,0.0
-1.98755,1.68437,0.0
-1.98755,1.71805,0.0
-1.98755,1.75174,0.0
-1.98755,1.78543,0.0
-1.98755,1.81912,0.0
-1.98755,1.8528,0.0
-1.98755,1.88649,0.0
-1.98755,1.92018,0.0
-1.98755,1.95387,0.0
-1.98755,1.98755,0.0
-1.98755,2.02124,0.0
-1.98755,2.05493,0.0
-1.98755,2.08862,0.0
-1.98755,2.1223,0.0
-1.98755,2.15599,0.0
-1.98755,2.18968,0.0
-1.98755,2.22336,0.0
-1.98755,2.25705,0.0
-1.98755,2.29074,0.0
-1.98755,2.32443,0.0
-1.98755,2.35811,0.0
-1.98755,2.3918,0.0
-1.98755,2.42549,0.0
-1.98755,2.45918,0.0
-1.98755,2.49286,0.0
-1.98755,2.52655,0.0
-1.98755,2.56024,0.0
-1.98755,2.59393,0.0
-1.98755,2.62761,0.0
-1.95387,-2.62761,0.0
-1.95387,-2.59393,0.0
-1.95387,-2.56024,0.0
-1.95387,-2.52655,0.0
-1.95387,-2.49286,0.0
-1.95387,-2.45918,0.0
-1.95387,-2.42549,0.0
-1.95387,-2.3918,0.0
-1.95387,-2.35811,0.0
-1.95387,-2.32443,0.0
-1.95387,-2.29074,0.0
-1.95387,-2.25705,0.0
-1.95387,-2.22336,0.0
-1.95387,-2.18968,0.0
-1.95387,-2.15599,0.0
-1.95387,-2.1223,0.0
-1.95387,-2.08862,0.0
-1.95387,-2.05493,0.0
-1.95387,-2.02124,0.0
-1.95387,-1.98755,0.0
-1.95387,-1.95387,0.0
-1.95387,-1.92018,0.0
-1.95387,-1.88649,0.0
-1.95387,-1.8528,0.0
-1.95387,-1.81912,0.0
-1.95387,-1.78543,0.0
-1.95387,-1.75174,0.0
-1.95387,-1.71805,0.0
-1.95387,-1.68437,0.0
-1.95387,-1.65068,0.0
-1.95387,-1.61699,0.0
-1.95387,-1.58331,0.0
-1.95387,-1.54962,0.0
-1.95387,-1.51593,0.0
-1.95387,-1.48224,0.0
-1.95387,-1.44856,0.0
-1.95387,-1.41487,0.0
-1.95387,-1.38118,0.0
-1.95387,-1.34749,0.0
-1.95387,-1.31381,0.0
-1.95387,-1.28012,0.0
-1.95387,-1.24643,0.0
-1.95387,-1.21274,0.0
-1.95387,-1.17906,0.0
-1.95387,-1.14537,0.0
-1.95387,-1.11168,0.0
-1.95387,-1.078,0.0
-1.95387,-1.04431,0.0
-1.95387,-1.01062,0.0
-1.95387,-0.97693,0.0
-1.95387,-0.94325,0.0
-1.95387,-0.90956,0.0
-1.95387,-0.87587,0.0
-1.95387,-0.84218,0.0
-1.95387,-0.8085,0.0
-1.95387,-0.77481,0.0
-1.95387,-0.74112,0.0
-1.95387,-0.70743,0.0
-1.95387,-0.67375,0.0
-1.95387,-0.64006,0.0
-1.95387,-0.60637,0.0
-1.95387,-0.57268,0.0
-1.95387,-0.539,0.0
-1.95387,-0.50531,0.0
-1.95387,-0.47162,0.0
-1.95387,-0.43794,0.0
-1.95387,-0.40425,0.0
-1.95387,-0.37056,0.0
-1.95387,-0.33687,0.0
-1.95387,-0.30319,0.0
-1.95387,-0.2695,0.0
-1.95387,-0.23581,0.0
-1.95387,-0.20212,0.0
-1.95387,-0.16844,0.0
-1.95387,-0.13475,0.0
-1.95387,-0.10106,0.0
-1.95387,-0.06737,0.0
-1.95387,-0.03369,0.0
-1.95387,0,0.0
-1.95387,0.03369,0.0
-1.95387,0.06737,0.0
-1.95387,0.10106,0.0
-1.95387,0.13475,0.0
-1.95387,0.16844,0.0
-1.95387,0.20212,0.0
-1.95387,0.23581,0.0
-1.95387,0.2695,0.0
-1.95387,0.30319,0.0
-1.95387,0.33687,0.0
-1.95387,0.37056,0.0
-1.95387,0.40425,0.0
-1.95387,0.43794,0.0
-1.95387,0.47162,0.0
-1.95387,0.50531,0.0
-1.95387,0.539,0.0
-1.95387,0.57268,0.0
-1.95387,0.60637,0.0
-1.95387,0.64006,0.0
-1.95387,0.67375,0.0
-1.95387,0.70743,0.0
-1.95387,0.74112,0.0
-1.95387,0.77481,0.0
-1.95387,0.8085,0.0
-1.95387,0.84218,0.0
-1.95387,0.87587,0.0
-1.95387,0.90956,0.0
-1.95387,0.94325,0.0
-1.95387,0.97693,0.0
-1.95387,1.01062,0.0
-1.95387,1.04431,0.0
-1.95387,1.078,0.0
-1.95387,1.11168,0.0
-1.95387,1.14537,0.0
-1.95387,1.17906,0.0
-1.95387,1.21274,0.0
-1.95387,1.24643,0.0
-1.95387,1.28012,0.0
-1.95387,1.31381,0.0
-1.95387,1.34749,0.0
-1.95387,1.38118,0.0
-1.95387,1.41487,0.0
-1.95387,1.44856,0.0
-1.95387,1.48224,0.0
-1.95387,1.51593,0.0
-1.95387,1.54962,0.0
-1.95387,1.58331,0.0
-1.95387,1.61699,0.0
-1.95387,1.65068,0.0
-1.95387,1.68437,0.0
-1.95387,1.71805,0.0
-1.95387,1.75174,0.0
-1.95387,1.78543,0.0
-1.95387,1.81912,0.0
-1.95387,1.8528,0.0
-1.95387,1.88649,0.0
-1.95387,1.92018,0.0
-1.95387,1.95387,0.0
-1.95387,1.98755,0.0
-1.95387,2.02124,0.0
-1.95387,2.05493,0.0
-1.95387,2.08862,0.0
-1.95387,2.1223,0.0
-1.95387,2.15599,0.0
-1.95387,2.18968,0.0
-1.95387,2.22336,0.0
-1.95387,2.25705,0.0
-1.95387,2.29074,0.0
-1.95387,2.32443,0.0
-1.95387,2.35811,0.0
-1.95387,2.3918,0.0
-1.95387,2.42549,0.0
-1.95387,2.45918,0.0
-1.95387,2.49286,0.0
-1.95387,2.52655,0.0
-1.95387,2.56024,0.0
-1.95387,2.59393,0.0
-1.95387,2.62761,0.0
-1.92018,-2.6613,0.0
-1.92018,-2.62761,0.0
-1.92018,-2.59393,0.0
-1.92018,-2.56024,0.0
-1.92018,-2.52655,0.0
-1.92018,-2.49286,0.0
-1.92018,-2.45918,0.0
-1.92018,-2.42549,0.0
-1.92018,-2.3918,0.0
-1.92018,-2.35811,0.0
-1.92018,-2.32443,0.0
-1.92018,-2.29074,0.0
-1.92018,-2.25705,0.0
-1.92018,-2.22336,0.0
-1.92018,-2.18968,0.0
-1.92018,-2.15599,0.0
-1.92018,-2.1223,0.0
-1.92018,-2.08862,0.0
-1.92018,-2.05493,0.0
-1.92018,-2.02124,0.0
-1.92018,-1.98755,0.0
-1.92018,-1.95387,0.0
-1.92018,-1.92018,0.0
-1.92018,-1.88649,0.0
-1.92018,-1.8528,0.0
-1.92018,-1.81912,0.0
-1.92018,-1.78543,0.0
-1.92018,-1.75174,0.0
-1.92018,-1.71805,0.0
-1.92018,-1.68437,0.0
-1.92018,-1.65068,0.0
-1.92018,-1.61699,0.0
-1.92018,-1.58331,0.0
-1.92018,-1.54962,0.0
-1.92018,-1.51593,0.0
-1.92018,-1.48224,0.0
-1.92018,-1.44856,0.0
-1.92018,-1.41487,0.0
-1.92018,-1.38118,0.0
-1.92018,-1.34749,0.0
-1.92018,-1.31381,0.0
-1.92018,-1.28012,0.0
-1.92018,-1.24643,0.0
-1.92018,-1.21274,0.0
-1.92018,-1.17906,0.0
-1.92018,-1.14537,0.0
-1.92018,-1.11168,0.0
-1.92018,-1.078,0.0
-1.92018,-1.04431,0.0
-1.92018,-1.01062,0.0
-1.92018,-0.97693,0.0
-1.92018,-0.94325,0.0
-1.92018,-0.90956,0.0
-1.92018,-0.87587,0.0
-1.92018,-0.84218,0.0
-1.92018,-0.8085,0.0
-1.92018,-0.77481,0.0
-1.92018,-0.74112,0.0
-1.92018,-0.70743,0.0
-1.92018,-0.67375,0.0
-1.92018,-0.64006,0.0
-1.92018,-0.60637,0.0
-1.92018,-0.57268,0.0
-1.92018,-0.539,0.0
-1.92018,-0.50531,0.0
-1.92018,-0.47162,0.0
-1.92018,-0.43794,0.0
-1.92018,-0.40425,0.0
-1.92018,-0.37056,0.0
-1.92018,-0.33687,0.0
-1.92018,-0.30319,0.0
-1.92018,-0.2695,0.0
-1.92018,-0.23581,0.0
-1.92018,-0.20212,0.0
-1.92018,-0.16844,0.0
-1.92018,-0.13475,0.0
-1.92018,-0.10106,0.0
-1.92018,-0.06737,0.0
-1.92018,-0.03369,0.0
-1.92018,0,0.0
-1.92018,0.03369,0.0
-1.92018,0.06737,0.0
-1.92018,0.10106,0.0
-1.92018,0.13475,0.0
-1.92018,0.16844,0.0
-1.92018,0.20212,0.0
-1.92018,0.23581,0.0
-1.92018,0.2695,0.0
-1.92018,0.30319,0.0
-1.92018,0.33687,0.0
-1.92018,0.37056,0.0
-1.92018,0.40425,0.0
-1.92018,0.43794,0.0
-1.92018,0.47162,0.0
-1.92018,0.50531,0.0
-1.92018,0.539,0.0
-1.92018,0.57268,0.0
-1.92018,0.60637,0.0
-1.92018,0.64006,0.0
-1.92018,0.67375,0.0
-1.92018,0.70743,0.0
-1.92018,0.74112,0.0
-1.92018,0.77481,0.0
-1.92018,0.8085,0.0
-1.92018,0.84218,0.0
-1.92018,0.87587,0.0
-1.92018,0.90956,0.0
-1.92018,0.94325,0.0
-1.92018,0.97693,0.0
-1.92018,1.01062,0.0
-1.92018,1.04431,0.0
-1.92018,1.078,0.0
-1.92018,1.11168,0.0
-1.92018,1.14537,0.0
-1.92018,1.17906,0.0
-1.92018,1.21274,0.0
-1.92018,1.24643,0.0
-1.92018,1.28012,0.0
-1.92018,1.31381,0.0
-1.92018,1.34749,0.0
-1.92018,1.38118,0.0
-1.92018,1.41487,0.0
-1.92018,1.44856,0.0
-1.92018,1.48224,0.0
-1.92018,1.51593,0.0
-1.92018,1.54962,0.0
-1.92018,1.58331,0.0
-1.92018,1.61699,0.0
-1.92018,1.65068,0.0
-1.92018,1.68437,0.0
-1.92018,1.71805,0.0
-1.92018,1.75174,0.0
-1.92018,1.78543,0.0
-1.92018,1.81912,0.0
-1.92018,1.8528,0.0
-1.92018,1.88649,0.0
-1.92018,1.92018,0.0
-1.92018,1.95387,0.0
-1.92018,1.98755,0.0
-1.92018,2.02124,0.0
-1.92018,2.05493,0.0
-1.92018,2.08862,0.0
-1.92018,2.1223,0.0
-1.92018,2.15599,0.0
-1.92018,2.18968,0.0
-1.92018,2.22336,0.0
-1.92018,2.25705,0.0
-1.92018,2.29074,0.0
-1.92018,2.32443,0.0
-1.92018,2.35811,0.0
-1.92018,2.3918,0.0
-1.92018,2.42549,0.0
-1.92018,2.45918,0.0
-1.92018,2.49286,0.0
-1.92018,2.52655,0.0
-1.92018,2.56024,0.0
-1.92018,2.59393,0.0
-1.92018,2.62761,0.0
-1.92018,2.6613,0.0
-1.88649,-2.69499,0.0
-1.88649,-2.6613,0.0
-1.88649,-2.62761,0.0
-1.88649,-2.59393,0.0
-1.88649,-2.56024,0.0
-1.88649,-2.52655,0.0
-1.88649,-2.49286,0.0
-1.88649,-2.45918,0.0
-1.88649,-2.42549,0.0
-1.88649,-2.3918,0.0
-1.88649,-2.35811,0.0
-1.88649,-2.32443,0.0
-1.88649,-2.29074,0.0
-1.88649,-2.25705,0.0
-1.88649,-2.22336,0.0
-1.88649,-2.18968,0.0
-1.88649,-2.15599,0.0
-1.88649,-2.1223,0.0
-1.88649,-2.08862,0.0
-1.88649,-2.05493,0.0
-1.88649,-2.02124,0.0
-1.88649,-1.98755,0.0
-1.88649,-1.95387,0.0
-1.88649,-1.92018,0.0
-1.88649,-1.88649,0.0
-1.88649,-1.8528,0.0
-1.88649,-1.81912,0.0
-1.88649,-1.78543,0.0
-1.88649,-1.75174,0.0
-1.88649,-1.71805,0.0
-1.88649,-1.68437,0.0
-1.88649,-1.65068,0.0
-1.88649,-1.61699,0.0
-1.88649,-1.58331,0.0
-1.88649,-1.54962,0.0
-1.88649,-1.51593,0.0
-1.88649,-1.48224,0.0
-1.88649,-1.44856,0.0
-1.88649,-1.41487,0.0
-1.88649,-1.38118,0.0
-1.88649,-1.34749,0.0
-1.88649,-1.31381,0.0
-1.88649,-1.28012,0.0
-1.88649,-1.24643,0.0
-1.88649,-1.21274,0.0
-1.88649,-1.17906,0.0
-1.88649,-1.14537,0.0
-1.88649,-1.11168,0.0
-1.88649,-1.078,0.0
-1.88649,-1.04431,0.0
-1.88649,-1.01062,0.0
-1.88649,-0.97693,0.0
-1.88649,-0.94325,0.0
-1.88649,-0.90956,0.0
-1.88649,-0.87587,0.0
-1.88649,-0.84218,0.0
-1.88649,-0.8085,0.0
-1.88649,-0.77481,0.0
-1.88649,-0.74112,0.0
-1.88649,-0.70743,0.0
-1.88649,-0.67375,0.0
-1.88649,-0.64006,0.0
-1.88649,-0.60637,0.0
-1.88649,-0.57268,0.0
-1.88649,-0.539,0.0
-1.88649,-0.50531,0.0
-1.88649,-0.47162,0.0
-1.88649,-0.43794,0.0
-1.88649,-0.40425,0.0
-1.88649,-0.37056,0.0
-1.88649,-0.33687,0.0
-1.88649,-0.30319,0.0
-1.88649,-0.2695,0.0
-1.88649,-0.23581,0.0
-1.88649,-0.20212,0.0
-1.88649,-0.16844,0.0
-1.88649,-0.13475,0.0
-1.88649,-0.10106,0.0
-1.88649,-0.06737,0.0
-1.88649,-0.03369,0.0
-1.88649,0,0.0
-1.88649,0.03369,0.0
-1.88649,0.06737,0.0
-1.88649,0.10106,0.0
-1.88649,0.13475,0.0
-1.88649,0.16844,0.0
-1.88649,0.20212,0.0
-1.88649,0.23581,0.0
-1.88649,0.2695,0.0
-1.88649,0.30319,0.0
-1.88649,0.33687,0.0
-1.88649,0.37056,0.0
-1.88649,0.40425,0.0
-1.88649,0.43794,0.0
-1.88649,0.47162,0.0
-1.88649,0.50531,0.0
-1.88649,0.539,0.0
-1.88649,0.57268,0.0
-1.88649,0.60637,0.0
-1.88649,0.64006,0.0
-1.88649,0.67375,0.0
-1.88649,0.70743,0.0
-1.88649,0.74112,0.0
-1.88649,0.77481,0.0
-1.88649,0.8085,0.0
-1.88649,0.84218,0.0
-1.88649,0.87587,0.0
-1.88649,0.90956,0.0
-1.88649,0.94325,0.0
-1.88649,0.97693,0.0
-1.88649,1.01062,0.0
-1.88649,1.04431,0.0
-1.88649,1.078,0.0
-1.88649,1.11168,0.0
-1.88649,1.14537,0.0
-1.88649,1.17906,0.0
-1.88649,1.21274,0.0
-1.88649,1.24643,0.0
-1.88649,1.28012,0.0
-1.88649,1.31381,0.0
-1.88649,1.34749,0.0
-1.88649,1.38118,0.0
-1.88649,1.41487,0.0
-1.88649,1.44856,0.0
-1.88649,1.48224,0.0
-1.88649,1.51593,0.0
-1.88649,1.54962,0.0
-1.88649,1.58331,0.0
-1.88649,1.61699,0.0
-1.88649,1.65068,0.0
-1.88649,1.68437,0.0
-1.88649,1.71805,0.0
-1.88649,1.75174,0.0
-1.88649,1.78543,0.0
-1.88649,1.81912,0.0
-1.88649,1.8528,0.0
-1.88649,1.88649,0.0
-1.88649,1.92018,0.0
-1.88649,1.95387,0.0
-1.88649,1.98755,0.0
-1.88649,2.02124,0.0
-1.88649,2.05493,0.0
-1.88649,2.08862,0.0
-1.88649,2.1223,0.0
-1.88649,2.15599,0.0
-1.88649,2.18968,0.0
-1.88649,2.22336,0.0
-1.88649,2.25705,0.0
-1.88649,2.29074,0.0
-1.88649,2.32443,0.0
-1.88649,2.35811,0.0
-1.88649,2.3918,0.0
-1.88649,2.42549,0.0
-1.88649,2.45918,0.0
-1.88649,2.49286,0.0
-1.88649,2.52655,0.0
-1.88649,2.56024,0.0
-1.88649,2.59393,0.0
-1.88649,2.62761,0.0
-1.88649,2.6613,0.0
-1.88649,2.69499,0.0
-1.8528,-2.72868,0.0
-1.8528,-2.69499,0.0
-1.8528,-2.6613,0.0
-1.8528,-2.62761,0.0
-1.8528,-2.59393,0.0
-1.8528,-2.56024,0.0
-1.8528,-2.52655,0.0
-1.8528,-2.49286,0.0
-1.8528,-2.45918,0.0
-1.8528,-2.42549,0.0
-1.8528,-2.3918,0.0
-1.8528,-2.35811,0.0
-1.8528,-2.32443,0.0
-1.8528,-2.29074,0.0
-1.8528,-2.25705,0.0
-1.8528,-2.22336,0.0
-1.8528,-2.18968,0.0
-1.8528,-2.15599,0.0
-1.8528,-2.1223,0.0
-1.8528,-2.08862,0.0
-1.8528,-2.05493,0.0
-1.8528,-2.02124,0.0
-1.8528,-1.98755,0.0
-1.8528,-1.95387,0.0
-1.8528,-1.92018,0.0
-1.8528,-1.88649,0.0
-1.8528,-1.8528,0.0
-1.8528,-1.81912,0.0
-1.8528,-1.78543,0.0
-1.8528,-1.75174,0.0
-1.8528,-1.71805,0.0
-1.8528,-1.68437,0.0
-1.8528,-1.65068,0.0
-1.8528,-1.61699,0.0
-1.8528,-1.58331,0.0
-1.8528,-1.54962,0.0
-1.8528,-1.51593,0.0
-1.8528,-1.48224,0.0
-1.8528,-1.44856,0.0
-1.8528,-1.41487,0.0
-1.8528,-1.38118,0.0
-1.8528,-1.34749,0.0
-1.8528,-1.31381,0.0
-1.8528,-1.28012,0.0
-1.8528,-1.24643,0.0
-1.8528,-1.21274,0.0
-1.8528,-1.17906,0.0
-1.8528,-1.14537,0.0
-1.8528,-1.11168,0.0
-1.8528,-1.078,0.0
-1.8528,-1.04431,0.0
-1.8528,-1.01062,0.0
-1.8528,-0.97693,0.0
-1.8528,-0.94325,0.0
-1.8528,-0.90956,0.0
-1.8528,-0.87587,0.0
-1.8528,-0.84218,0.0
-1.8528,-0.8085,0.0
-1.8528,-0.77481,0.0
-1.8528,-0.74112,0.0
-1.8528,-0.70743,0.0
-1.8528,-0.67375,0.0
-1.8528,-0.64006,0.0
-1.8528,-0.60637,0.0
-1.8528,-0.57268,0.0
-1.8528,-0.539,0.0
-1.8528,-0.50531,0.0
-1.8528,-0.47162,0.0
-1.8528,-0.43794,0.0
-1.8528,-0.40425,0.0
-1.8528,-0.37056,0.0
-1.8528,-0.33687,0.0
-1.8528,-0.30319,0.0
-1.8528,-0.2695,0.0
-1.8528,-0.23581,0.0
-1.8528,-0.20212,0.0
-1.8528,-0.16844,0.0
-1.8528,-0.13475,0.0
-1.8528,-0.10106,0.0
-1.8528,-0.06737,0.0
-1.8528,-0.03369,0.0
-1.8528,0,0.0
-1.8528,0.03369,0.0
-1.8528,0.06737,0.0
-1.8528,0.10106,0.0
-1.8528,0.13475,0.0
-1.8528,0.16844,0.0
-1.8528,0.20212,0.0
-1.8528,0.23581,0.0
-1.8528,0.2695,0.0
-1.8528,0.30319,0.0
-1.8528,0.33687,0.0
-1.8528,0.37056,0.0
-1.8528,0.40425,0.0
-1.8528,0.43794,0.0
-1.8528,0.47162,0.0
-1.8528,0.50531,0.0
-1.8528,0.539,0.0
-1.8528,0.57268,0.0
-1.8528,0.60637,0.0
-1.8528,0.64006,0.0
-1.8528,0.67375,0.0
-1.8528,0.70743,0.0
-1.8528,0.74112,0.0
-1.8528,0.77481,0.0
-1.8528,0.8085,0.0
-1.8528,0.84218,0.0
-1.8528,0.87587,0.0
-1.8528,0.90956,0.0
-1.8528,0.94325,0.0
-1.8528,0.97693,0.0
-1.8528,1.01062,0.0
-1.8528,1.04431,0.0
-1.8528,1.078,0.0
-1.8528,1.11168,0.0
-1.8528,1.14537,0.0
-1.8528,1.17906,0.0
-1.8528,1.21274,0.0
-1.8528,1.24643,0.0
-1.8528,1.28012,0.0
-1.8528,1.31381,0.0
-1.8528,1.34749,0.0
-1.8528,1.38118,0.0
-1.8528,1.41487,0.0
-1.8528,1.44856,0.0
-1.8528,1.48224,0.0
-1.8528,1.51593,0.0
-1.8528,1.54962,0.0
-1.8528,1.58331,0.0
-1.8528,1.61699,0.0
-1.8528,1.65068,0.0
-1.8528,1.68437,0.0
-1.8528,1.71805,0.0
-1.8528,1.75174,0.0
-1.8528,1.78543,0.0
-1.8528,1.81912,0.0
-1.8528,1.8528,0.0
-1.8528,1.88649,0.0
-1.8528,1.92018,0.0
-1.8528,1.95387,0.0
-1.8528,1.98755,0.0
-1.8528,2.02124,0.0
-1.8528,2.05493,0.0
-1.8528,2.08862,0.0
-1.8528,2.1223,0.0
-1.8528,2.15599,0.0
-1.8528,2.18968,0.0
-1.8528,2.22336,0.0
-1.8528,2.25705,0.0
-1.8528,2.29074,0.0
-1.8528,2.32443,0.0
-1.8528,2.35811,0.0
-1.8528,2.3918,0.0
-1.8528,2.42549,0.0
-1.8528,2.45918,0.0
-1.8528,2.49286,0.0
-1.8528,2.52655,0.0
-1.8528,2.56024,0.0
-1.8528,2.59393,0.0
-1.8528,2.62761,0.0
-1.8528,2.6613,0.0
-1.8528,2.69499,0.0
-1.8528,2.72868,0.0
-1.81912,-2.72868,0.0
-1.81912,-2.69499,0.0
-1.81912,-2.6613,0.0
-1.81912,-2.62761,0.0
-1.81912,-2.59393,0.0
-1.81912,-2.56024,0.0
-1.81912,-2.52655,0.0
-1.81912,-2.49286,0.0
-1.81912,-2.45918,0.0
-1.81912,-2.42549,0.0
-1.81912,-2.3918,0.0
-1.81912,-2.35811,0.0
-1.81912,-2.32443,0.0
-1.81912,-2.29074,0.0
-1.81912,-2.25705,0.0
-1.81912,-2.22336,0.0
-1.81912,-2.18968,0.0
-1.81912,-2.15599,0.0
-1.81912,-2.1223,0.0
-1.81912,-2.08862,0.0
-1.81912,-2.05493,0.0
-1.81912,-2.02124,0.0
-1.81912,-1.98755,0.0
-1.81912,-1.95387,0.0
-1.81912,-1.92018,0.0
-1.81912,-1.88649,0.0
-1.81912,-1.8528,0.0
-1.81912,-1.81912,0.0
-1.81912,-1.78543,0.0
-1.81912,-1.75174,0.0
-1.81912,-1.71805,0.0
-1.81912,-1.68437,0.0
-1.81912,-1.65068,0.0
-1.81912,-1.61699,0.0
-1.81912,-1.58331,0.0
-1.81912,-1.54962,0.0
-1.81912,-1.51593,0.0
-1.81912,-1.48224,0.0
-1.81912,-1.44856,0.0
-1.81912,-1.41487,0.0
-1.81912,-1.38118,0.0
-1.81912,-1.34749,0.0
-1.81912,-1.31381,0.0
-1.81912,-1.28012,0.0
-1.81912,-1.24643,0.0
-1.81912,-1.21274,0.0
-1.81912,-1.17906,0.0
-1.81912,-1.14537,0.0
-1.81912,-1.11168,0.0
-1.81912,-1.078,0.0
-1.81912,-1.04431,0.0
-1.81912,-1.01062,0.0
-1.81912,-0.97693,0.0
-1.81912,-0.94325,0.0
-1.81912,-0.90956,0.0
-1.81912,-0.87587,0.0
-1.81912,-0.84218,0.0
-1.81912,-0.8085,0.0
-1.81912,-0.77481,0.0
-1.81912,-0.74112,0.0
-1.81912,-0.70743,0.0
-1.81912,-0.67375,0.0
-1.81912,-0.64006,0.0
-1.81912,-0.60637,0.0
-1.81912,-0.57268,0.0
-1.81912,-0.539,0.0
-1.81912,-0.50531,0.0
-1.81912,-0.47162,0.0
-1.81912,-0.43794,0.0
-1.81912,-0.40425,0.0
-1.81912,-0.37056,0.0
-1.81912,-0.33687,0.0
-1.81912,-0.30319,0.0
-1.81912,-0.2695,0.0
-1.81912,-0.23581,0.0
-1.81912,-0.20212,0.0
-1.81912,-0.16844,0.0
-1.81912,-0.13475,0.0
-1.81912,-0.10106,0.0
-1.81912,-0.06737,0.0
-1.81912,-0.03369,0.0
-1.81912,0,0.0
-1.81912,0.03369,0.0
-1.81912,0.06737,0.0
-1.81912,0.10106,0.0
-1.81912,0.13475,0.0
-1.81912,0.16844,0.0
-1.81912,0.20212,0.0
-1.81912,0.23581,0.0
-1.81912,0.2695,0.0
-1.81912,0.30319,0.0
-1.81912,0.33687,0.0
-1.81912,0.37056,0.0
-1.81912,0.40425,0.0
-1.81912,0.43794,0.0
-1.81912,0.47162,0.0
-1.81912,0.50531,0.0
-1.81912,0.539,0.0
-1.81912,0.57268,0.0
-1.81912,0.60637,0.0
-1.81912,0.64006,0.0
-1.81912,0.67375,0.0
-1.81912,0.70743,0.0
-1.81912,0.74112,0.0
-1.81912,0.77481,0.0
-1.81912,0.8085,0.0
-1.81912,0.84218,0.0
-1.81912,0.87587,0.0
-1.81912,0.90956,0.0
-1.81912,0.94325,0.0
-1.81912,0.97693,0.0
-1.81912,1.01062,0.0
-1.81912,1.04431,0.0
-1.81912,1.078,0.0
-1.81912,1.11168,0.0
-1.81912,1.14537,0.0
-1.81912,1.17906,0.0
-1.81912,1.21274,0.0
-1.81912,1.24643,0.0
-1.81912,1.28012,0.0
-1.81912,1.31381,0.0
-1.81912,1.34749,0.0
-1.81912,1.38118,0.0
-1.81912,1.41487,0.0
-1.81912,1.44856,0.0
-1.81912,1.48224,0.0
-1.81912,1.51593,0.0
-1.81912,1.54962,0.0
-1.81912,1.58331,0.0
-1.81912,1.61699,0.0
-1.81912,1.65068,0.0
-1.81912,1.68437,0.0
-1.81912,1.71805,0.0
-1.81912,1.75174,0.0
-1.81912,1.78543,0.0
-1.81912,1.81912,0.0
-1.81912,1.8528,0.0
-1.81912,1.88649,0.0
-1.81912,1.92018,0.0
-1.81912,1.95387,0.0
-1.81912,1.98755,0.0
-1.81912,2.02124,0.0
-1.81912,2.05493,0.0
-1.81912,2.08862,0.0
-1.81912,2.1223,0.0
-1.81912,2.15599,0.0
-1.81912,2.18968,0.0
-1.81912,2.22336,0.0
-1.81912,2.25705,0.0
-1.81912,2.29074,0.0
-1.81912,2.32443,0.0
-1.81912,2.35811,0.0
-1.81912,2.3918,0.0
-1.81912,2.42549,0.0
-1.81912,2.45918,0.0
-1.81912,2.49286,0.0
-1.81912,2.52655,0.0
-1.81912,2.56024,0.0
-1.81912,2.59393,0.0
-1.81912,2.62761,0.0
-1.81912,2.6613,0.0
-1.81912,2.69499,0.0
-1.81912,2.72868,0.0
-1.78543,-2.76236,0.0
-1.78543,-2.72868,0.0
-1.78543,-2.69499,0.0
-1.78543,-2.6613,0.0
-1.78543,-2.62761,0.0
-1.78543,-2.59393,0.0
-1.78543,-2.56024,0.0
-1.78543,-2.52655,0.0
-1.78543,-2.49286,0.0
-1.78543,-2.45918,0.0
-1.78543,-2.42549,0.0
-1.78543,-2.3918,0.0
-1.78543,-2.35811,0.0
-1.78543,-2.32443,0.0
-1.78543,-2.29074,0.0
-1.78543,-2.25705,0.0
-1.78543,-2.22336,0.0
-1.78543,-2.18968,0.0
-1.78543,-2.15599,0.0
-1.78543,-2.1223,0.0
-1.78543,-2.08862,0.0
-1.78543,-2.05493,0.0
-1.78543,-2.02124,0.0
-1.78543,-1.98755,0.0
-1.78543,-1.95387,0.0
-1.78543,-1.92018,0.0
-1.78543,-1.88649,0.0
-1.78543,-1.8528,0.0
-1.78543,-1.81912,0.0
-1.78543,-1.78543,0.0
-1.78543,-1.75174,0.0
-1.78543,-1.71805,0.0
-1.78543,-1.68437,0.0
-1.78543,-1.65068,0.0
-1.78543,-1.61699,0.0
-1.78543,-1.58331,0.0
-1.78543,-1.54962,0.0
-1.78543,-1.51593,0.0
-1.78543,-1.48224,0.0
-1.78543,-1.44856,0.0
-1.78543,-1.41487,0.0
-1.78543,-1.38118,0.0
-1.78543,-1.34749,0.0
-1.78543,-1.31381,0.0
-1.78543,-1.28012,0.0
-1.78543,-1.24643,0.0
-1.78543,-1.21274,0.0
-1.78543,-1.17906,0.0
-1.78543,-1.14537,0.0
-1.78543,-1.11168,0.0
-1.78543,-1.078,0.0
-1.78543,-1.04431,0.0
-1.78543,-1.01062,0.0
-1.78543,-0.97693,0.0
-1.78543,-0.94325,0.0
-1.78543,-0.90956,0.0
-1.78543,-0.87587,0.0
-1.78543,-0.84218,0.0
-1.78543,-0.8085,0.0
-1.78543,-0.77481,0.0
-1.78543,-0.74112,0.0
-1.78543,-0.70743,0.0
-1.78543,-0.67375,0.0
-1.78543,-0.64006,0.0
-1.78543,-0.60637,0.0
-1.78543,-0.57268,0.0
-1.78543,-0.539,0.0
-1.78543,-0.50531,0.0
-1.78543,-0.47162,0.0
-1.78543,-0.43794,0.0
-1.78543,-0.40425,0.0
-1.78543,-0.37056,0.0
-1.78543,-0.33687,0.0
-1.78543,-0.30319,0.0
-1.78543,-0.2695,0.0
-1.78543,-0.23581,0.0
-1.78543,-0.20212,0.0
-1.78543,-0.16844,0.0
-1.78543,-0.13475,0.0
-1.78543,-0.10106,0.0
-1.78543,-0.06737,0.0
-1.78543,-0.03369,0.0
-1.78543,0,0.0
-1.78543,0.03369,0.0
-1.78543,0.06737,0.0
-1.78543,0.10106,0.0
-1.78543,0.13475,0.0
-1.78543,0.16844,0.0
-1.78543,0.20212,0.0
-1.78543,0.23581,0.0
-1.78543,0.2695,0.0
-1.78543,0.30319,0.0
-1.78543,0.33687,0.0
-1.78543,0.37056,0.0
-1.78543,0.40425,0.0
-1.78543,0.43794,0.0
-1.78543,0.47162,0.0
-1.78543,0.50531,0.0
-1.78543,0.539,0.0
-1.78543,0.57268,0.0
-1.78543,0.60637,0.0
-1.78543,0.64006,0.0
-1.78543,0.67375,0.0
-1.78543,0.70743,0.0
-1.78543,0.74112,0.0
-1.78543,0.77481,0.0
-1.78543,0.8085,0.0
-1.78543,0.84218,0.0
-1.78543,0.87587,0.0
-1.78543,0.90956,0.0
-1.78543,0.94325,0.0
-1.78543,0.97693,0.0
-1.78543,1.01062,0.0
-1.78543,1.04431,0.0
-1.78543,1.078,0.0
-1.78543,1.11168,0.0
-1.78543,1.14537,0.0
-1.78543,1.17906,0.0
-1.78543,1.21274,0.0
-1.78543,1.24643,0.0
-1.78543,1.28012,0.0
-1.78543,1.31381,0.0
-1.78543,1.34749,0.0
-1.78543,1.38118,0.0
-1.78543,1.41487,0.0
-1.78543,1.44856,0.0
-1.78543,1.48224,0.0
-1.78543,1.51593,0.0
-1.78543,1.54962,0.0
-1.78543,1.58331,0.0
-1.78543,1.61699,0.0
-1.78543,1.65068,0.0
-1.78543,1.68437,0.0
-1.78543,1.71805,0.0
-1.78543,1.75174,0.0
-1.78543,1.78543,0.0
-1.78543,1.81912,0.0
-1.78543,1.8528,0.0
-1.78543,1.88649,0.0
-1.78543,1.92018,0.0
-1.78543,1.95387,0.0
-1.78543,1.98755,0.0
-1.78543,2.02124,0.0
-1.78543,2.05493,0.0
-1.78543,2.08862,0.0
-1.78543,2.1223,0.0
-1.78543,2.15599,0.0
-1.78543,2.18968,0.0
-1.78543,2.22336,0.0
-1.78543,2.25705,0.0
-1.78543,2.29074,0.0
-1.78543,2.32443,0.0
-1.78543,2.35811,0.0
-1.78543,2.3918,0.0
-1.78543,2.42549,0.0
-1.78543,2.45918,0.0
-1.78543,2.49286,0.0
-1.78543,2.52655,0.0
-1.78543,2.56024,0.0
-1.78543,2.59393,0.0
-1.78543,2.62761,0.0
-1.78543,2.6613,0.0
-1.78543,2.69499,0.0
-1.78543,2.72868,0.0
-1.78543,2.76236,0.0
-1.75174,-2.79605,0.0
-1.75174,-2.76236,0.0
-1.75174,-2.72868,0.0
-1.75174,-2.69499,0.0
-1.75174,-2.6613,0.0
-1.75174,-2.62761,0.0
-1.75174,-2.59393,0.0
-1.75174,-2.56024,0.0
-1.75174,-2.52655,0.0
-1.75174,-2.49286,0.0
-1.75174,-2.45918,0.0
-1.75174,-2.42549,0.0
-1.75174,-2.3918,0.0
-1.75174,-2.35811,0.0
-1.75174,-2.32443,0.0
-1.75174,-2.29074,0.0
-1.75174,-2.25705,0.0
-1.75174,-2.22336,0.0
-1.75174,-2.18968,0.0
-1.75174,-2.15599,0.0
-1.75174,-2.1223,0.0
-1.75174,-2.08862,0.0
-1.75174,-2.05493,0.0
-1.75174,-2.02124,0.0
-1.75174,-1.98755,0.0
-1.75174,-1.95387,0.0
-1.75174,-1.92018,0.0
-1.75174,-1.88649,0.0
-1.75174,-1.8528,0.0
-1.75174,-1.81912,0.0
-1.75174,-1.78543,0.0
-1.75174,-1.75174,0.0
-1.75174,-1.71805,0.0
-1.75174,-1.68437,0.0
-1.75174,-1.65068,0.0
-1.75174,-1.61699,0.0
-1.75174,-1.58331,0.0
-1.75174,-1.54962,0.0
-1.75174,-1.51593,0.0
-1.75174,-1.48224,0.0
-1.75174,-1.44856,0.0
-1.75174,-1.41487,0.0
-1.75174,-1.38118,0.0
-1.75174,-1.34749,0.0
-1.75174,-1.31381,0.0
-1.75174,-1.28012,0.0
-1.75174,-1.24643,0.0
-1.75174,-1.21274,0.0
-1.75174,-1.17906,0.0
-1.75174,-1.14537,0.0
-1.75174,-1.11168,0.0
-1.75174,-1.078,0.0
-1.75174,-1.04431,0.0
-1.75174,-1.01062,0.0
-1.75174,-0.97693,0.0
-1.75174,-0.94325,0.0
-1.75174,-0.90956,0.0
-1.75174,-0.87587,0.0
-1.75174,-0.84218,0.0
-1.75174,-0.8085,0.0
-1.75174,-0.77481,0.0
-1.75174,-0.74112,0.0
-1.75174,-0.70743,0.0
-1.75174,-0.67375,0.0
-1.75174,-0.64006,0.0
-1.75174,-0.60637,0.0
-1.75174,-0.57268,0.0
-1.75174,-0.539,0.0
-1.75174,-0.50531,0.0
-1.75174,-0.47162,0.0
-1.75174,-0.43794,0.0
-1.75174,-0.40425,0.0
-1.75174,-0.37056,0.0
-1.75174,-0.33687,0.0
-1.75174,-0.30319,0.0
-1.75174,-0.2695,0.0
-1.75174,-0.23581,0.0
-1.75174,-0.20212,0.0
-1.75174,-0.16844,0.0
-1.75174,-0.13475,0.0
-1.75174,-0.10106,0.0
-1.75174,-0.06737,0.0
-1.75174,-0.03369,0.0
-1.75174,0,0.0
-1.75174,0.03369,0.0
-1.75174,0.06737,0.0
-1.75174,0.10106,0.0
-1.75174,0.13475,0.0
-1.75174,0.16844,0.0
-1.75174,0.20212,0.0
-1.75174,0.23581,0.0
-1.75174,0.2695,0.0
-1.75174,0.30319,0.0
-1.75174,0.33687,0.0
-1.75174,0.37056,0.0
-1.75174,0.40425,0.0
-1.75174,0.43794,0.0
-1.75174,0.47162,0.0
-1.75174,0.50531,0.0
-1.75174,0.539,0.0
-1.75174,0.57268,0.0
-1.75174,0.60637,0.0
-1.75174,0.64006,0.0
-1.75174,0.67375,0.0
-1.75174,0.70743,0.0
-1.75174,0.74112,0.0
-1.75174,0.77481,0.0
-1.75174,0.8085,0.0
-1.75174,0.84218,0.0
-1.75174,0.87587,0.0
-1.75174,0.90956,0.0
-1.75174,0.94325,0.0
-1.75174,0.97693,0.0
-1.75174,1.01062,0.0
-1.75174,1.04431,0.0
-1.75174,1.078,0.0
-1.75174,1.11168,0.0
-1.75174,1.14537,0.0
-1.75174,1.17906,0.0
-1.75174,1.21274,0.0
-1.75174,1.24643,0.0
-1.75174,1.28012,0.0
-1.75174,1.31381,0.0
-1.75174,1.34749,0.0
-1.75174,1.38118,0.0
-1.75174,1.41487,0.0
-1.75174,1.44856,0.0
-1.75174,1.48224,0.0
-1.75174,1.51593,0.0
-1.75174,1.54962,0.0
-1.75174,1.58331,0.0
-1.75174,1.61699,0.0
-1.75174,1.65068,0.0
-1.75174,1.68437,0.0
-1.75174,1.71805,0.0
-1.75174,1.75174,0.0
-1.75174,1.78543,0.0
-1.75174,1.81912,0.0
-1.75174,1.8528,0.0
-1.75174,1.88649,0.0
-1.75174,1.92018,0.0
-1.75174,1.95387,0.0
-1.75174,1.98755,0.0
-1.75174,2.02124,0.0
-1.75174,2.05493,0.0
-1.75174,2.08862,0.0
-1.75174,2.1223,0.0
-1.75174,2.15599,0.0
-1.75174,2.18968,0.0
-1.75174,2.22336,0.0
-1.75174,2.25705,0.0
-1.75174,2.29074,0.0
-1.75174,2.32443,0.0
-1.75174,2.35811,0.0
-1.75174,2.3918,0.0
-1.75174,2.42549,0.0
-1.75174,2.45918,0.0
-1.75174,2.49286,0.0
-1.75174,2.52655,0.0
-1.75174,2.56024,0.0
-1.75174,2.59393,0.0
-1.75174,2.62761,0.0
-1.75174,2.6613,0.0
-1.75174,2.69499,0.0
-1.75174,2.72868,0.0
-1.75174,2.76236,0.0
-1.75174,2.79605,0.0
-1.71805,-2.79605,0.0
-1.71805,-2.76236,0.0
-1.71805,-2.72868,0.0
-1.71805,-2.69499,0.0
-1.71805,-2.6613,0.0
-1.71805,-2.62761,0.0
-1.71805,-2.59393,0.0
-1.71805,-2.56024,0.0
-1.71805,-2.52655,0.0
-1.71805,-2.49286,0.0
-1.71805,-2.45918,0.0
-1.71805,-2.42549,0.0
-1.71805,-2.3918,0.0
-1.71805,-2.35811,0.0
-1.71805,-2.32443,0.0
-1.71805,-2.29074,0.0
-1.71805,-2.25705,0.0
-1.71805,-2.22336,0.0
-1.71805,-2.18968,0.0
-1.71805,-2.15599,0.0
-1.71805,-2.1223,0.0
-1.71805,-2.08862,0.0
-1.71805,-2.05493,0.0
-1.71805,-2.02124,0.0
-1.71805,-1.98755,0.0
-1.71805,-1.95387,0.0
-1.71805,-1.92018,0.0
-1.71805,-1.88649,0.0
-1.71805,-1.8528,0.0
-1.71805,-1.81912,0.0
-1.71805,-1.78543,0.0
-1.71805,-1.75174,0.0
-1.71805,-1.71805,0.0
-1.71805,-1.68437,0.0
-1.71805,-1.65068,0.0
-1.71805,-1.61699,0.0
-1.71805,-1.58331,0.0
-1.71805,-1.54962,0.0
-1.71805,-1.51593,0.0
-1.71805,-1.48224,0.0
-1.71805,-1.44856,0.0
-1.71805,-1.41487,0.0
-1.71805,-1.38118,0.0
-1.71805,-1.34749,0.0
-1.71805,-1.31381,0.0
-1.71805,-1.28012,0.0
-1.71805,-1.24643,0.0
-1.71805,-1.21274,0.0
-1.71805,-1.17906,0.0
-1.71805,-1.14537,0.0
-1.71805,-1.11168,0.0
-1.71805,-1.078,0.0
-1.71805,-1.04431,0.0
-1.71805,-1.01062,0.0
-1.71805,-0.97693,0.0
-1.71805,-0.94325,0.0
-1.71805,-0.90956,0.0
-1.71805,-0.87587,0.0
-1.71805,-0.84218,0.0
-1.71805,-0.8085,0.0
-1.71805,-0.77481,0.0
-1.71805,-0.74112,0.0
-1.71805,-0.70743,0.0
-1.71805,-0.67375,0.0
-1.71805,-0.64006,0.0
-1.71805,-0.60637,0.0
-1.71805,-0.57268,0.0
-1.71805,-0.539,0.0
-1.71805,-0.50531,0.0
-1.71805,-0.47162,0.0
-1.71805,-0.43794,0.0
-1.71805,-0.40425,0.0
-1.71805,-0.37056,0.0
-1.71805,-0.33687,0.0
-1.71805,-0.30319,0.0
-1.71805,-0.2695,0.0
-1.71805,-0.23581,0.0
-1.71805,-0.20212,0.0
-1.71805,-0.16844,0.0
-1.71805,-0.13475,0.0
-1.71805,-0.10106,0.0
-1.71805,-0.06737,0.0
-1.71805,-0.03369,0.0
-1.71805,0,0.0
-1.71805,0.03369,0.0
-1.71805,0.06737,0.0
-1.71805,0.10106,0.0
-1.71805,0.13475,0.0
-1.71805,0.16844,0.0
-1.71805,0.20212,0.0
-1.71805,0.23581,0.0
-1.71805,0.2695,0.0
-1.71805,0.30319,0.0
-1.71805,0.33687,0.0
-1.71805,0.37056,0.0
-1.71805,0.40425,0.0
-1.71805,0.43794,0.0
-1.71805,0.47162,0.0
-1.71805,0.50531,0.0
-1.71805,0.539,0.0
-1.71805,0.57268,0.0
-1.71805,0.60637,0.0
-1.71805,0.64006,0.0
-1.71805,0.67375,0.0
-1.71805,0.70743,0.0
-1.71805,0.74112,0.0
-1.71805,0.77481,0.0
-1.71805,0.8085,0.0
-1.71805,0.84218,0.0
-1.71805,0.87587,0.0
-1.71805,0.90956,0.0
-1.71805,0.94325,0.0
-1.71805,0.97693,0.0
-1.71805,1.01062,0.0
-1.71805,1.04431,0.0
-1.71805,1.078,0.0
-1.71805,1.11168,0.0
-1.71805,1.14537,0.0
-1.71805,1.17906,0.0
-1.71805,1.21274,0.0
-1.71805,1.24643,0.0
-1.71805,1.28012,0.0
-1.71805,1.31381,0.0
-1.71805,1.34749,0.0
-1.71805,1.38118,0.0
-1.71805,1.41487,0.0
-1.71805,1.44856,0.0
-1.71805,1.48224,0.0
-1.71805,1.51593,0.0
-1.71805,1.54962,0.0
-1.71805,1.58331,0.0
-1.71805,1.61699,0.0
-1.71805,1.65068,0.0
-1.71805,1.68437,0.0
-1.71805,1.71805,0.0
-1.71805,1.75174,0.0
-1.71805,1.78543,0.0
-1.71805,1.81912,0.0
-1.71805,1.8528,0.0
-1.71805,1.88649,0.0
-1.71805,1.92018,0.0
-1.71805,1.95387,0.0
-1.71805,1.98755,0.0
-1.71805,2.02124,0.0
-1.71805,2.05493,0.0
-1.71805,2.08862,0.0
-1.71805,2.1223,0.0
-1.71805,2.15599,0.0
-1.71805,2.18968,0.0
-1.71805,2.22336,0.0
-1.71805,2.25705,0.0
-1.71805,2.29074,0.0
-1.71805,2.32443,0.0
-1.71805,2.35811,0.0
-1.71805,2.3918,0.0
-1.71805,2.42549,0.0
-1.71805,2.45918,0.0
-1.71805,2.49286,0.0
-1.71805,2.52655,0.0
-1.71805,2.56024,0.0
-1.71805,2.59393,0.0
-1.71805,2.62761,0.0
-1.71805,2.6613,0.0
-1.71805,2.69499,0.0
-1.71805,2.72868,0.0
-1.71805,2.76236,0.0
-1.71805,2.79605,0.0
-1.68437,-2.82974,0.0
-1.68437,-2.79605,0.0
-1.68437,-2.76236,0.0
-1.68437,-2.72868,0.0
-1.68437,-2.69499,0.0
-1.68437,-2.6613,0.0
-1.68437,-2.62761,0.0
-1.68437,-2.59393,0.0
-1.68437,-2.56024,0.0
-1.68437,-2.52655,0.0
-1.68437,-2.49286,0.0
-1.68437,-2.45918,0.0
-1.68437,-2.42549,0.0
-1.68437,-2.3918,0.0
-1.68437,-2.35811,0.0
-1.68437,-2.32443,0.0
-1.68437,-2.29074,0.0
-1.68437,-2.25705,0.0
-1.68437,-2.22336,0.0
-1.68437,-2.18968,0.0
-1.68437,-2.15599,0.0
-1.68437,-2.1223,0.0
-1.68437,-2.08862,0.0
-1.68437,-2.05493,0.0
-1.68437,-2.02124,0.0
-1.68437,-1.98755,0.0
-1.68437,-1.95387,0.0
-1.68437,-1.92018,0.0
-1.68437,-1.88649,0.0
-1.68437,-1.8528,0.0
-1.68437,-1.81912,0.0
-1.68437,-1.78543,0.0
-1.68437,-1.75174,0.0
-1.68437,-1.71805,0.0
-1.68437,-1.68437,0.0
-1.68437,-1.65068,0.0
-1.68437,-1.61699,0.0
-1.68437,-1.58331,0.0
-1.68437,-1.54962,0.0
-1.68437,-1.51593,0.0
-1.68437,-1.48224,0.0
-1.68437,-1.44856,0.0
-1.68437,-1.41487,0.0
-1.68437,-1.38118,0.0
-1.68437,-1.34749,0.0
-1.68437,-1.31381,0.0
-1.68437,-1.28012,0.0
-1.68437,-1.24643,0.0
-1.68437,-1.21274,0.0
-1.68437,-1.17906,0.0
-1.68437,-1.14537,0.0
-1.68437,-1.11168,0.0
-1.68437,-1.078,0.0
-1.68437,-1.04431,0.0
-1.68437,-1.01062,0.0
-1.68437,-0.97693,0.0
-1.68437,-0.94325,0.0
-1.68437,-0.90956,0.0
-1.68437,-0.87587,0.0
-1.68437,-0.84218,0.0
-1.68437,-0.8085,0.0
-1.68437,-0.77481,0.0
-1.68437,-0.74112,0.0
-1.68437,-0.70743,0.0
-1.68437,-0.67375,0.0
-1.68437,-0.64006,0.0
-1.68437,-0.60637,0.0
-1.68437,-0.57268,0.0
-1.68437,-0.539,0.0
-1.68437,-0.50531,0.0
-1.68437,-0.47162,0.0
-1.68437,-0.43794,0.0
-1.68437,-0.40425,0.0
-1.68437,-0.37056,0.0
-1.68437,-0.33687,0.0
-1.68437,-0.30319,0.0
-1.68437,-0.2695,0.0
-1.68437,-0.23581,0.0
-1.68437,-0.20212,0.0
-1.68437,-0.16844,0.0
-1.68437,-0.13475,0.0
-1.68437,-0.10106,0.0
-1.68437,-0.06737,0.0
-1.68437,-0.03369,0.0
-1.68437,0,0.0
-1.68437,0.03369,0.0
-1.68437,0.06737,0.0
-1.68437,0.10106,0.0
-1.68437,0.13475,0.0
-1.68437,0.16844,0.0
-1.68437,0.20212,0.0
-1.68437,0.23581,0.0
-1.68437,0.2695,0.0
-1.68437,0.30319,0.0
-1.68437,0.33687,0.0
-1.68437,0.37056,0.0
-1.68437,0.40425,0.0
-1.68437,0.43794,0.0
-1.68437,0.47162,0.0
-1.68437,0.50531,0.0
-1.68437,0.539,0.0
-1.68437,0.57268,0.0
-1.68437,0.60637,0.0
-1.68437,0.64006,0.0
-1.68437,0.67375,0.0
-1.68437,0.70743,0.0
-1.68437,0.74112,0.0
-1.68437,0.77481,0.0
-1.68437,0.8085,0.0
-1.68437,0.84218,0.0
-1.68437,0.87587,0.0
-1.68437,0.90956,0.0
-1.68437,0.94325,0.0
-1.68437,0.97693,0.0
-1.68437,1.01062,0.0
-1.68437,1.04431,0.0
-1.68437,1.078,0.0
-1.68437,1.11168,0.0
-1.68437,1.14537,0.0
-1.68437,1.17906,0.0
-1.68437,1.21274,0.0
-1.68437,1.24643,0.0
-1.68437,1.28012,0.0
-1.68437,1.31381,0.0
-1.68437,1.34749,0.0
-1.68437,1.38118,0.0
-1.68437,1.41487,0.0
-1.68437,1.44856,0.0
-1.68437,1.48224,0.0
-1.68437,1.51593,0.0
-1.68437,1.54962,0.0
-1.68437,1.58331,0.0
-1.68437,1.61699,0.0
-1.68437,1.65068,0.0
-1.68437,1.68437,0.0
-1.68437,1.71805,0.0
-1.68437,1.75174,0.0
-1.68437,1.78543,0.0
-1.68437,1.81912,0.0
-1.68437,1.8528,0.0
-1.68437,1.88649,0.0
-1.68437,1.92018,0.0
-1.68437,1.95387,0.0
-1.68437,1.98755,0.0
-1.68437,2.02124,0.0
-1.68437,2.05493,0.0
-1.68437,2.08862,0.0
-1.68437,2.1223,0.0
-1.68437,2.15599,0.0
-1.68437,2.18968,0.0
-1.68437,2.22336,0.0
-1.68437,2.25705,0.0
-1.68437,2.29074,0.0
-1.68437,2.32443,0.0
-1.68437,2.35811,0.0
-1.68437,2.3918,0.0
-1.68437,2.42549,0.0
-1.68437,2.45918,0.0
-1.68437,2.49286,0.0
-1.68437,2.52655,0.0
-1.68437,2.56024,0.0
-1.68437,2.59393,0.0
-1.68437,2.62761,0.0
-1.68437,2.6613,0.0
-1.68437,2.69499,0.0
-1.68437,2.72868,0.0
-1.68437,2.76236,0.0
-1.68437,2.79605,0.0
-1.68437,2.82974,0.0
-1.65068,-2.82974,0.0
-1.65068,-2.79605,0.0
-1.65068,-2.76236,0.0
-1.65068,-2.72868,0.0
-1.65068,-2.69499,0.0
-1.65068,-2.6613,0.0
-1.65068,-2.62761,0.0
-1.65068,-2.59393,0.0
-1.65068,-2.56024,0.0
-1.65068,-2.52655,0.0
-1.65068,-2.49286,0.0
-1.65068,-2.45918,0.0
-1.65068,-2.42549,0.0
-1.65068,-2.3918,0.0
-1.65068,-2.35811,0.0
-1.65068,-2.32443,0.0
-1.65068,-2.29074,0.0
-1.65068,-2.25705,0.0
-1.65068,-2.22336,0.0
-1.65068,-2.18968,0.0
-1.65068,-2.15599,0.0
-1.65068,-2.1223,0.0
-1.65068,-2.08862,0.0
-1.65068,-2.05493,0.0
-1.65068,-2.02124,0.0
-1.65068,-1.98755,0.0
-1.65068,-1.95387,0.0
-1.65068,-1.92018,0.0
-1.65068,-1.88649,0.0
-1.65068,-1.8528,0.0
-1.65068,-1.81912,0.0
-1.65068,-1.78543,0.0
-1.65068,-1.75174,0.0
-1.65068,-1.71805,0.0
-1.65068,-1.68437,0.0
-1.65068,-1.65068,0.0
-1.65068,-1.61699,0.0
-1.65068,-1.58331,0.0
-1.65068,-1.54962,0.0
-1.65068,-1.51593,0.0
-1.65068,-1.48224,0.0
-1.65068,-1.44856,0.0
-1.65068,-1.41487,0.0
-1.65068,-1.38118,0.0
-1.65068,-1.34749,0.0
-1.65068,-1.31381,0.0
-1.65068,-1.28012,0.0
-1.65068,-1.24643,0.0
-1.65068,-1.21274,0.0
-1.65068,-1.17906,0.0
-1.65068,-1.14537,0.0
-1.65068,-1.11168,0.0
-1.65068,-1.078,0.0
-1.65068,-1.04431,0.0
-1.65068,-1.01062,0.0
-1.65068,-0.97693,0.0
-1.65068,-0.94325,0.0
-1.65068,-0.90956,0.0
-1.65068,-0.87587,0.0
-1.65068,-0.84218,0.0
-1.65068,-0.8085,0.0
-1.65068,-0.77481,0.0
-1.65068,-0.74112,0.0
-1.65068,-0.70743,0.0
-1.65068,-0.67375,0.0
-1.65068,-0.64006,0.0
-1.65068,-0.60637,0.0
-1.65068,-0.57268,0.0
-1.65068,-0.539,0.0
-1.65068,-0.50531,0.0
-1.65068,-0.47162,0.0
-1.65068,-0.43794,0.0
-1.65068,-0.40425,0.0
-1.65068,-0.37056,0.0
-1.65068,-0.33687,0.0
-1.65068,-0.30319,0.0
-1.65068,-0.2695,0.0
-1.65068,-0.23581,0.0
-1.65068,-0.20212,0.0
-1.65068,-0.16844,0.0
-1.65068,-0.13475,0.0
-1.65068,-0.10106,0.0
-1.65068,-0.06737,0.0
-1.65068,-0.03369,0.0
-1.65068,0,0.0
-1.65068,0.03369,0.0
-1.65068,0.06737,0.0
-1.65068,0.10106,0.0
-1.65068,0.13475,0.0
-1.65068,0.16844,0.0
-1.65068,0.20212,0.0
-1.65068,0.23581,0.0
-1.65068,0.2695,0.0
-1.65068,0.30319,0.0
-1.65068,0.33687,0.0
-1.65068,0.37056,0.0
-1.65068,0.40425,0.0
-1.65068,0.43794,0.0
-1.65068,0.47162,0.0
-1.65068,0.50531,0.0
-1.65068,0.539,0.0
-1.65068,0.57268,0.0
-1.65068,0.60637,0.0
-1.65068,0.64006,0.0
-1.65068,0.67375,0.0
-1.65068,0.70743,0.0
-1.65068,0.74112,0.0
-1.65068,0.77481,0.0
-1.65068,0.8085,0.0
-1.65068,0.84218,0.0
-1.65068,0.87587,0.0
-1.65068,0.90956,0.0
-1.65068,0.94325,0.0
-1.65068,0.97693,0.0
-1.65068,1.01062,0.0
-1.65068,1.04431,0.0
-1.65068,1.078,0.0
-1.65068,1.11168,0.0
-1.65068,1.14537,0.0
-1.65068,1.17906,0.0
-1.65068,1.21274,0.0
-1.65068,1.24643,0.0
-1.65068,1.28012,0.0
-1.65068,1.31381,0.0
-1.65068,1.34749,0.0
-1.65068,1.38118,0.0
-1.65068,1.41487,0.0
-1.65068,1.44856,0.0
-1.65068,1.48224,0.0
-1.65068,1.51593,0.0
-1.65068,1.54962,0.0
-1.65068,1.58331,0.0
-1.65068,1.61699,0.0
-1.65068,1.65068,0.0
-1.65068,1.68437,0.0
-1.65068,1.71805,0.0
-1.65068,1.75174,0.0
-1.65068,1.78543,0.0
-1.65068,1.81912,0.0
-1.65068,1.8528,0.0
-1.65068,1.88649,0.0
-1.65068,1.92018,0.0
-1.65068,1.95387,0.0
-1.65068,1.98755,0.0
-1.65068,2.02124,0.0
-1.65068,2.05493,0.0
-1.65068,2.08862,0.0
-1.65068,2.1223,0.0
-1.65068,2.15599,0.0
-1.65068,2.18968,0.0
-1.65068,2.22336,0.0
-1.65068,2.25705,0.0
-1.65068,2.29074,0.0
-1.65068,2.32443,0.0
-1.65068,2.35811,0.0
-1.65068,2.3918,0.0
-1.65068,2.42549,0.0
-1.65068,2.45918,0.0
-1.65068,2.49286,0.0
-1.65068,2.52655,0.0
-1.65068,2.56024,0.0
-1.65068,2.59393,0.0
-1.65068,2.62761,0.0
-1.65068,2.6613,0.0
-1.65068,2.69499,0.0
-1.65068,2.72868,0.0
-1.65068,2.76236,0.0
-1.65068,2.79605,0.0
-1.65068,2.82974,0.0
-1.61699,-2.86342,0.0
-1.61699,-2.82974,0.0
-1.61699,-2.79605,0.0
-1.61699,-2.76236,0.0
-1.61699,-2.72868,0.0
-1.61699,-2.69499,0.0
-1.61699,-2.6613,0.0
-1.61699,-2.62761,0.0
-1.61699,-2.59393,0.0
-1.61699,-2.56024,0.0
-1.61699,-2.52655,0.0
-1.61699,-2.49286,0.0
-1.61699,-2.45918,0.0
-1.61699,-2.42549,0.0
-1.61699,-2.3918,0.0
-1.61699,-2.35811,0.0
-1.61699,-2.32443,0.0
-1.61699,-2.29074,0.0
-1.61699,-2.25705,0.0
-1.61699,-2.22336,0.0
-1.61699,-2.18968,0.0
-1.61699,-2.15599,0.0
-1.61699,-2.1223,0.0
-1.61699,-2.08862,0.0
-1.61699,-2.05493,0.0
-1.61699,-2.02124,0.0
-1.61699,-1.98755,0.0
-1.61699,-1.95387,0.0
-1.61699,-1.92018,0.0
-1.61699,-1.88649,0.0
-1.61699,-1.8528,0.0
-1.61699,-1.81912,0.0
-1.61699,-1.78543,0.0
-1.61699,-1.75174,0.0
-1.61699,-1.71805,0.0
-1.61699,-1.68437,0.0
-1.61699,-1.65068,0.0
-1.61699,-1.61699,0.0
-1.61699,-1.58331,0.0
-1.61699,-1.54962,0.0
-1.61699,-1.51593,0.0
-1.61699,-1.48224,0.0
-1.61699,-1.44856,0.0
-1.61699,-1.41487,0.0
-1.61699,-1.38118,0.0
-1.61699,-1.34749,0.0
-1.61699,-1.31381,0.0
-1.61699,-1.28012,0.0
-1.61699,-1.24643,0.0
-1.61699,-1.21274,0.0
-1.61699,-1.17906,0.0
-1.61699,-1.14537,0.0
-1.61699,-1.11168,0.0
-1.61699,-1.078,0.0
-1.61699,-1.04431,0.0
-1.61699,-1.01062,0.0
-1.61699,-0.97693,0.0
-1.61699,-0.94325,0.0
-1.61699,-0.90956,0.0
-1.61699,-0.87587,0.0
-1.61699,-0.84218,0.0
-1.61699,-0.8085,0.0
-1.61699,-0.77481,0.0
-1.61699,-0.74112,0.0
-1.61699,-0.70743,0.0
-1.61699,-0.67375,0.0
-1.61699,-0.64006,0.0
-1.61699,-0.60637,0.0
-1.61699,-0.57268,0.0
-1.61699,-0.539,0.0
-1.61699,-0.50531,0.0
-1.61699,-0.47162,0.0
-1.61699,-0.43794,0.0
-1.61699,-0.40425,0.0
-1.61699,-0.37056,0.0
-1.61699,-0.33687,0.0
-1.61699,-0.30319,0.0
-1.61699,-0.2695,0.0
-1.61699,-0.23581,0.0
-1.61699,-0.20212,0.0
-1.61699,-0.16844,0.0
-1.61699,-0.13475,0.0
-1.61699,-0.10106,0.0
-1.61699,-0.06737,0.0
-1.61699,-0.03369,0.0
-1.61699,0,0.0
-1.61699,0.03369,0.0
-1.61699,0.06737,0.0
-1.61699,0.10106,0.0
-1.61699,0.13475,0.0
-1.61699,0.16844,0.0
-1.61699,0.20212,0.0
-1.61699,0.23581,0.0
-1.61699,0.2695,0.0
-1.61699,0.30319,0.0
-1.61699,0.33687,0.0
-1.61699,0.37056,0.0
-1.61699,0.40425,0.0
-1.61699,0.43794,0.0
-1.61699,0.47162,0.0
-1.61699,0.50531,0.0
-1.61699,0.539,0.0
-1.61699,0.57268,0.0
-1.61699,0.60637,0.0
-1.61699,0.64006,0.0
-1.61699,0.67375,0.0
-1.61699,0.70743,0.0
-1.61699,0.74112,0.0
-1.61699,0.77481,0.0
-1.61699,0.8085,0.0
-1.61699,0.84218,0.0
-1.61699,0.87587,0.0
-1.61699,0.90956,0.0
-1.61699,0.94325,0.0
-1.61699,0.97693,0.0
-1.61699,1.01062,0.0
-1.61699,1.04431,0.0
-1.61699,1.078,0.0
-1.61699,1.11168,0.0
-1.61699,1.14537,0.0
-1.61699,1.17906,0.0
-1.61699,1.21274,0.0
-1.61699,1.24643,0.0
-1.61699,1.28012,0.0
-1.61699,1.31381,0.0
-1.61699,1.34749,0.0
-1.61699,1.38118,0.0
-1.61699,1.41487,0.0
-1.61699,1.44856,0.0
-1.61699,1.48224,0.0
-1.61699,1.51593,0.0
-1.61699,1.54962,0.0
-1.61699,1.58331,0.0
-1.61699,1.61699,0.0
-1.61699,1.65068,0.0
-1.61699,1.68437,0.0
-1.61699,1.71805,0.0
-1.61699,1.75174,0.0
-1.61699,1.78543,0.0
-1.61699,1.81912,0.0
-1.61699,1.8528,0.0
-1.61699,1.88649,0.0
-1.61699,1.92018,0.0
-1.61699,1.95387,0.0
-1.61699,1.98755,0.0
-1.61699,2.02124,0.0
-1.61699,2.05493,0.0
-1.61699,2.08862,0.0
-1.61699,2.1223,0.0
-1.61699,2.15599,0.0
-1.61699,2.18968,0.0
-1.61699,2.22336,0.0
-1.61699,2.25705,0.0
-1.61699,2.29074,0.0
-1.61699,2.32443,0.0
-1.61699,2.35811,0.0
-1.61699,2.3918,0.0
-1.61699,2.42549,0.0
-1.61699,2.45918,0.0
-1.61699,2.49286,0.0
-1.61699,2.52655,0.0
-1.61699,2.56024,0.0
-1.61699,2.59393,0.0
-1.61699,2.62761,0.0
-1.61699,2.6613,0.0
-1.61699,2.69499,0.0
-1.61699,2.72868,0.0
-1.61699,2.76236,0.0
-1.61699,2.79605,0.0
-1.61699,2.82974,0.0
-1.61699,2.86342,0.0
-1.58331,-2.86342,0.0
-1.58331,-2.82974,0.0
-1.58331,-2.79605,0.0
-1.58331,-2.76236,0.0
-1.58331,-2.72868,0.0
-1.58331,-2.69499,0.0
-1.58331,-2.6613,0.0
-1.58331,-2.62761,0.0
-1.58331,-2.59393,0.0
-1.58331,-2.56024,0.0
-1.58331,-2.52655,0.0
-1.58331,-2.49286,0.0
-1.58331,-2.45918,0.0
-1.58331,-2.42549,0.0
-1.58331,-2.3918,0.0
-1.58331,-2.35811,0.0
-1.58331,-2.32443,0.0
-1.58331,-2.29074,0.0
-1.58331,-2.25705,0.0
-1.58331,-2.22336,0.0
-1.58331,-2.18968,0.0
-1.58331,-2.15599,0.0
-1.58331,-2.1223,0.0
-1.58331,-2.08862,0.0
-1.58331,-2.05493,0.0
-1.58331,-2.02124,0.0
-1.58331,-1.98755,0.0
-1.58331,-1.95387,0.0
-1.58331,-1.92018,0.0
-1.58331,-1.88649,0.0
-1.58331,-1.8528,0.0
-1.58331,-1.81912,0.0
-1.58331,-1.78543,0.0
-1.58331,-1.75174,0.0
-1.58331,-1.71805,0.0
-1.58331,-1.68437,0.0
-1.58331,-1.65068,0.0
-1.58331,-1.61699,0.0
-1.58331,-1.58331,0.0
-1.58331,-1.54962,0.0
-1.58331,-1.51593,0.0
-1.58331,-1.48224,0.0
-1.58331,-1.44856,0.0
-1.58331,-1.41487,0.0
-1.58331,-1.38118,0.0
-1.58331,-1.34749,0.0
-1.58331,-1.31381,0.0
-1.58331,-1.28012,0.0
-1.58331,-1.24643,0.0
-1.58331,-1.21274,0.0
-1.58331,-1.17906,0.0
-1.58331,-1.14537,0.0
-1.58331,-1.11168,0.0
-1.58331,-1.078,0.0
-1.58331,-1.04431,0.0
-1.58331,-1.01062,0.0
-1.58331,-0.97693,0.0
-1.58331,-0.94325,0.0
-1.58331,-0.90956,0.0
-1.58331,-0.87587,0.0
-1.58331,-0.84218,0.0
-1.58331,-0.8085,0.0
-1.58331,-0.77481,0.0
-1.58331,-0.74112,0.0
-1.58331,-0.70743,0.0
-1.58331,-0.67375,0.0
-1.58331,-0.64006,0.0
-1.58331,-0.60637,0.0
-1.58331,-0.57268,0.0
-1.58331,-0.539,0.0
-1.58331,-0.50531,0.0
-1.58331,-0.47162,0.0
-1.58331,-0.43794,0.0
-1.58331,-0.40425,0.0
-1.58331,-0.37056,0.0
-1.58331,-0.33687,0.0
-1.58331,-0.30319,0.0
-1.58331,-0.2695,0.0
-1.58331,-0.23581,0.0
-1.58331,-0.20212,0.0
-1.58331,-0.16844,0.0
-1.58331,-0.13475,0.0
-1.58331,-0.10106,0.0
-1.58331,-0.06737,0.0
-1.58331,-0.03369,0.0
-1.58331,0,0.0
-1.58331,0.03369,0.0
-1.58331,0.06737,0.0
-1.58331,0.10106,0.0
-1.58331,0.13475,0.0
-1.58331,0.16844,0.0
-1.58331,0.20212,0.0
-1.58331,0.23581,0.0
-1.58331,0.2695,0.0
-1.58331,0.30319,0.0
-1.58331,0.33687,0.0
-1.58331,0.37056,0.0
-1.58331,0.40425,0.0
-1.58331,0.43794,0.0
-1.58331,0.47162,0.0
-1.58331,0.50531,0.0
-1.58331,0.539,0.0
-1.58331,0.57268,0.0
-1.58331,0.60637,0.0
-1.58331,0.64006,0.0
-1.58331,0.67375,0.0
-1.58331,0.70743,0.0
-1.58331,0.74112,0.0
-1.58331,0.77481,0.0
-1.58331,0.8085,0.0
-1.58331,0.84218,0.0
-1.58331,0.87587,0.0
-1.58331,0.90956,0.0
-1.58331,0.94325,0.0
-1.58331,0.97693,0.0
-1.58331,1.01062,0.0
-1.58331,1.04431,0.0
-1.58331,1.078,0.0
-1.58331,1.11168,0.0
-1.58331,1.14537,0.0
-1.58331,1.17906,0.0
-1.58331,1.21274,0.0
-1.58331,1.24643,0.0
-1.58331,1.28012,0.0
-1.58331,1.31381,0.0
-1.58331,1.34749,0.0
-1.58331,1.38118,0.0
-1.58331,1.41487,0.0
-1.58331,1.44856,0.0
-1.58331,1.48224,0.0
-1.58331,1.51593,0.0
-1.58331,1.54962,0.0
-1.58331,1.58331,0.0
-1.58331,1.61699,0.0
-1.58331,1.65068,0.0
-1.58331,1.68437,0.0
-1.58331,1.71805,0.0
-1.58331,1.75174,0.0
-1.58331,1.78543,0.0
-1.58331,1.81912,0.0
-1.58331,1.8528,0.0
-1.58331,1.88649,0.0
-1.58331,1.92018,0.0
-1.58331,1.95387,0.0
-1.58331,1.98755,0.0
-1.58331,2.02124,0.0
-1.58331,2.05493,0.0
-1.58331,2.08862,0.0
-1.58331,2.1223,0.0
-1.58331,2.15599,0.0
-1.58331,2.18968,0.0
-1.58331,2.22336,0.0
-1.58331,2.25705,0.0
-1.58331,2.29074,0.0
-1.58331,2.32443,0.0
-1.58331,2.35811,0.0
-1.58331,2.3918,0.0
-1.58331,2.42549,0.0
-1.58331,2.45918,0.0
-1.58331,2.49286,0.0
-1.58331,2.52655,0.0
-1.58331,2.56024,0.0
-1.58331,2.59393,0.0
-1.58331,2.62761,0.0
-1.58331,2.6613,0.0
-1.58331,2.69499,0.0
-1.58331,2.72868,0.0
-1.58331,2.76236,0.0
-1.58331,2.79605,0.0
-1.58331,2.82974,0.0
-1.58331,2.86342,0.0
-1.54962,-2.89711,0.0
-1.54962,-2.86342,0.0
-1.54962,-2.82974,0.0
-1.54962,-2.79605,0.0
-1.54962,-2.76236,0.0
-1.54962,-2.72868,0.0
-1.54962,-2.69499,0.0
-1.54962,-2.6613,0.0
-1.54962,-2.62761,0.0
-1.54962,-2.59393,0.0
-1.54962,-2.56024,0.0
-1.54962,-2.52655,0.0
-1.54962,-2.49286,0.0
-1.54962,-2.45918,0.0
-1.54962,-2.42549,0.0
-1.54962,-2.3918,0.0
-1.54962,-2.35811,0.0
-1.54962,-2.32443,0.0
-1.54962,-2.29074,0.0
-1.54962,-2.25705,0.0
-1.54962,-2.22336,0.0
-1.54962,-2.18968,0.0
-1.54962,-2.15599,0.0
-1.54962,-2.1223,0.0
-1.54962,-2.08862,0.0
-1.54962,-2.05493,0.0
-1.54962,-2.02124,0.0
-1.54962,-1.98755,0.0
-1.54962,-1.95387,0.0
-1.54962,-1.92018,0.0
-1.54962,-1.88649,0.0
-1.54962,-1.8528,0.0
-1.54962,-1.81912,0.0
-1.54962,-1.78543,0.0
-1.54962,-1.75174,0.0
-1.54962,-1.71805,0.0
-1.54962,-1.68437,0.0
-1.54962,-1.65068,0.0
-1.54962,-1.61699,0.0
-1.54962,-1.58331,0.0
-1.54962,-1.54962,0.0
-1.54962,-1.51593,0.0
-1.54962,-1.48224,0.0
-1.54962,-1.44856,0.0
-1.54962,-1.41487,0.0
-1.54962,-1.38118,0.0
-1.54962,-1.34749,0.0
-1.54962,-1.31381,0.0
-1.54962,-1.28012,0.0
-1.54962,-1.24643,0.0
-1.54962,-1.21274,0.0
-1.54962,-1.17906,0.0
-1.54962,-1.14537,0.0
-1.54962,-1.11168,0.0
-1.54962,-1.078,0.0
-1.54962,-1.04431,0.0
-1.54962,-1.01062,0.0
-1.54962,-0.97693,0.0
-1.54962,-0.94325,0.0
-1.54962,-0.90956,0.0
-1.54962,-0.87587,0.0
-1.54962,-0.84218,0.0
-1.54962,-0.8085,0.0
-1.54962,-0.77481,0.0
-1.54962,-0.74112,0.0
-1.54962,-0.70743,0.0
-1.54962,-0.67375,0.0
-1.54962,-0.64006,0.0
-1.54962,-0.60637,0.0
-1.54962,-0.57268,0.0
-1.54962,-0.539,0.0
-1.54962,-0.50531,0.0
-1.54962,-0.47162,0.0
-1.54962,-0.43794,0.0
-1.54962,-0.40425,0.0
-1.54962,-0.37056,0.0
-1.54962,-0.33687,0.0
-1.54962,-0.30319,0.0
-1.54962,-0.2695,0.0
-1.54962,-0.23581,0.0
-1.54962,-0.20212,0.0
-1.54962,-0.16844,0.0
-1.54962,-0.13475,0.0
-1.54962,-0.10106,0.0
-1.54962,-0.06737,0.0
-1.54962,-0.03369,0.0
-1.54962,0,0.0
-1.54962,0.03369,0.0
-1.54962,0.06737,0.0
-1.54962,0.10106,0.0
-1.54962,0.13475,0.0
-1.54962,0.16844,0.0
-1.54962,0.20212,0.0
-1.54962,0.23581,0.0
-1.54962,0.2695,0.0
-1.54962,0.30319,0.0
-1.54962,0.33687,0.0
-1.54962,0.37056,0.0
-1.54962,0.40425,0.0
-1.54962,0.43794,0.0
-1.54962,0.47162,0.0
-1.54962,0.50531,0.0
-1.54962,0.539,0.0
-1.54962,0.57268,0.0
-1.54962,0.60637,0.0
-1.54962,0.64006,0.0
-1.54962,0.67375,0.0
-1.54962,0.70743,0.0
-1.54962,0.74112,0.0
-1.54962,0.77481,0.0
-1.54962,0.8085,0.0
-1.54962,0.84218,0.0
-1.54962,0.87587,0.0
-1.54962,0.90956,0.0
-1.54962,0.94325,0.0
-1.54962,0.97693,0.0
-1.54962,1.01062,0.0
-1.54962,1.04431,0.0
-1.54962,1.078,0.0
-1.54962,1.11168,0.0
-1.54962,1.14537,0.0
-1.54962,1.17906,0.0
-1.54962,1.21274,0.0
-1.54962,1.24643,0.0
-1.54962,1.28012,0.0
-1.54962,1.31381,0.0
-1.54962,1.34749,0.0
-1.54962,1.38118,0.0
-1.54962,1.41487,0.0
-1.54962,1.44856,0.0
-1.54962,1.48224,0.0
-1.54962,1.51593,0.0
-1.54962,1.54962,0.0
-1.54962,1.58331,0.0
-1.54962,1.61699,0.0
-1.54962,1.65068,0.0
-1.54962,1.68437,0.0
-1.54962,1.71805,0.0
-1.54962,1.75174,0.0
-1.54962,1.78543,0.0
-1.54962,1.81912,0.0
-1.54962,1.8528,0.0
-1.54962,1.88649,0.0
-1.54962,1.92018,0.0
-1.54962,1.95387,0.0
-1.54962,1.98755,0.0
-1.54962,2.02124,0.0
-1.54962,2.05493,0.0
-1.54962,2.08862,0.0
-1.54962,2.1223,0.0
-1.54962,2.15599,0.0
-1.54962,2.18968,0.0
-1.54962,2.22336,0.0
-1.54962,2.25705,0.0
-1.54962,2.29074,0.0
-1.54962,2.32443,0.0
-1.54962,2.35811,0.0
-1.54962,2.3918,0.0
-1.54962,2.42549,0.0
-1.54962,2.45918,0.0
-1.54962,2.49286,0.0
-1.54962,2.52655,0.0
-1.54962,2.56024,0.0
-1.54962,2.59393,0.0
-1.54962,2.62761,0.0
-1.54962,2.6613,0.0
-1.54962,2.69499,0.0
-1.54962,2.72868,0.0
-1.54962,2.76236,0.0
-1.54962,2.79605,0.0
-1.54962,2.82974,0.0
-1.54962,2.86342,0.0
-1.54962,2.89711,0.0
-1.51593,-2.9308,0.0
-1.51593,-2.89711,0.0
-1.51593,-2.86342,0.0
-1.51593,-2.82974,0.0
-1.51593,-2.79605,0.0
-1.51593,-2.76236,0.0
-1.51593,-2.72868,0.0
-1.51593,-2.69499,0.0
-1.51593,-2.6613,0.0
-1.51593,-2.62761,0.0
-1.51593,-2.59393,0.0
-1.51593,-2.56024,0.0
-1.51593,-2.52655,0.0
-1.51593,-2.49286,0.0
-1.51593,-2.45918,0.0
-1.51593,-2.42549,0.0
-1.51593,-2.3918,0.0
-1.51593,-2.35811,0.0
-1.51593,-2.32443,0.0
-1.51593,-2.29074,0.0
-1.51593,-2.25705,0.0
-1.51593,-2.22336,0.0
-1.51593,-2.18968,0.0
-1.51593,-2.15599,0.0
-1.51593,-2.1223,0.0
-1.51593,-2.08862,0.0
-1.51593,-2.05493,0.0
-1.51593,-2.02124,0.0
-1.51593,-1.98755,0.0
-1.51593,-1.95387,0.0
-1.51593,-1.92018,0.0
-1.51593,-1.88649,0.0
-1.51593,-1.8528,0.0
-1.51593,-1.81912,0.0
-1.51593,-1.78543,0.0
-1.51593,-1.75174,0.0
-1.51593,-1.71805,0.0
-1.51593,-1.68437,0.0
-1.51593,-1.65068,0.0
-1.51593,-1.61699,0.0
-1.51593,-1.58331,0.0
-1.51593,-1.54962,0.0
-1.51593,-1.51593,0.0
-1.51593,-1.48224,0.0
-1.51593,-1.44856,0.0
-1.51593,-1.41487,0.0
-1.51593,-1.38118,0.0
-1.51593,-1.34749,0.0
-1.51593,-1.31381,0.0
-1.51593,-1.28012,0.0
-1.51593,-1.24643,0.0
-1.51593,-1.21274,0.0
-1.51593,-1.17906,0.0
-1.51593,-1.14537,0.0
-1.51593,-1.11168,0.0
-1.51593,-1.078,0.0
-1.51593,-1.04431,0.0
-1.51593,-1.01062,0.0
-1.51593,-0.97693,0.0
-1.51593,-0.94325,0.0
-1.51593,-0.90956,0.0
-1.51593,-0.87587,0.0
-1.51593,-0.84218,0.0
-1.51593,-0.8085,0.0
-1.51593,-0.77481,0.0
-1.51593,-0.74112,0.0
-1.51593,-0.70743,0.0
-1.51593,-0.67375,0.0
-1.51593,-0.64006,0.0
-1.51593,-0.60637,0.0
-1.51593,-0.57268,0.0
-1.51593,-0.539,0.0
-1.51593,-0.50531,0.0
-1.51593,-0.47162,0.0
-1.51593,-0.43794,0.0
-1.51593,-0.40425,0.0
-1.51593,-0.37056,0.0
-1.51593,-0.33687,0.0
-1.51593,-0.30319,0.0
-1.51593,-0.2695,0.0
-1.51593,-0.23581,0.0
-1.51593,-0.20212,0.0
-1.51593,-0.16844,0.0
-1.51593,-0.13475,0.0
-1.51593,-0.10106,0.0
-1.51593,-0.06737,0.0
-1.51593,-0.03369,0.0
-1.51593,0,0.0
-1.51593,0.03369,0.0
-1.51593,0.06737,0.0
-1.51593,0.10106,0.0
-1.51593,0.13475,0.0
-1.51593,0.16844,0.0
-1.51593,0.20212,0.0
-1.51593,0.23581,0.0
-1.51593,0.2695,0.0
-1.51593,0.30319,0.0
-1.51593,0.33687,0.0
-1.51593,0.37056,0.0
-1.51593,0.40425,0.0
-1.51593,0.43794,0.0
-1.51593,0.47162,0.0
-1.51593,0.50531,0.0
-1.51593,0.539,0.0
-1.51593,0.57268,0.0
-1.51593,0.60637,0.0
-1.51593,0.64006,0.0
-1.51593,0.67375,0.0
-1.51593,0.70743,0.0
-1.51593,0.74112,0.0
-1.51593,0.77481,0.0
-1.51593,0.8085,0.0
-1.51593,0.84218,0.0
-1.51593,0.87587,0.0
-1.51593,0.90956,0.0
-1.51593,0.94325,0.0
-1.51593,0.97693,0.0
-1.51593,1.01062,0.0
-1.51593,1.04431,0.0
-1.51593,1.078,0.0
-1.51593,1.11168,0.0
-1.51593,1.14537,0.0
-1.51593,1.17906,0.0
-1.51593,1.21274,0.0
-1.51593,1.24643,0.0
-1.51593,1.28012,0.0
-1.51593,1.31381,0.0
-1.51593,1.34749,0.0
-1.51593,1.38118,0.0
-1.51593,1.41487,0.0
-1.51593,1.44856,0.0
-1.51593,1.48224,0.0
-1.51593,1.51593,0.0
-1.51593,1.54962,0.0
-1.51593,1.58331,0.0
-1.51593,1.61699,0.0
-1.51593,1.65068,0.0
-1.51593,1.68437,0.0
-1.51593,1.71805,0.0
-1.51593,1.75174,0.0
-1.51593,1.78543,0.0
-1.51593,1.81912,0.0
-1.51593,1.8528,0.0
-1.51593,1.88649,0.0
-1.51593,1.92018,0.0
-1.51593,1.95387,0.0
-1.51593,1.98755,0.0
-1.51593,2.02124,0.0
-1.51593,2.05493,0.0
-1.51593,2.08862,0.0
-1.51593,2.1223,0.0
-1.51593,2.15599,0.0
-1.51593,2.18968,0.0
-1.51593,2.22336,0.0
-1.51593,2.25705,0.0
-1.51593,2.29074,0.0
-1.51593,2.32443,0.0
-1.51593,2.35811,0.0
-1.51593,2.3918,0.0
-1.51593,2.42549,0.0
-1.51593,2.45918,0.0
-1.51593,2.49286,0.0
-1.51593,2.52655,0.0
-1.51593,2.56024,0.0
-1.51593,2.59393,0.0
-1.51593,2.62761,0.0
-1.51593,2.6613,0.0
-1.51593,2.69499,0.0
-1.51593,2.72868,0.0
-1.51593,2.76236,0.0
-1.51593,2.79605,0.0
-1.51593,2.82974,0.0
-1.51593,2.86342,0.0
-1.51593,2.89711,0.0
-1.51593,2.9308,0.0
-1.48224,-2.9308,0.0
-1.48224,-2.89711,0.0
-1.48224,-2.86342,0.0
-1.48224,-2.82974,0.0
-1.48224,-2.79605,0.0
-1.48224,-2.76236,0.0
-1.48224,-2.72868,0.0
-1.48224,-2.69499,0.0
-1.48224,-2.6613,0.0
-1.48224,-2.62761,0.0
-1.48224,-2.59393,0.0
-1.48224,-2.56024,0.0
-1.48224,-2.52655,0.0
-1.48224,-2.49286,0.0
-1.48224,-2.45918,0.0
-1.48224,-2.42549,0.0
-1.48224,-2.3918,0.0
-1.48224,-2.35811,0.0
-1.48224,-2.32443,0.0
-1.48224,-2.29074,0.0
-1.48224,-2.25705,0.0
-1.48224,-2.22336,0.0
-1.48224,-2.18968,0.0
-1.48224,-2.15599,0.0
-1.48224,-2.1223,0.0
-1.48224,-2.08862,0.0
-1.48224,-2.05493,0.0
-1.48224,-2.02124,0.0
-1.48224,-1.98755,0.0
-1.48224,-1.95387,0.0
-1.48224,-1.92018,0.0
-1.48224,-1.88649,0.0
-1.48224,-1.8528,0.0
-1.48224,-1.81912,0.0
-1.48224,-1.78543,0.0
-1.48224,-1.75174,0.0
-1.48224,-1.71805,0.0
-1.48224,-1.68437,0.0
-1.48224,-1.65068,0.0
-1.48224,-1.61699,0.0
-1.48224,-1.58331,0.0
-1.48224,-1.54962,0.0
-1.48224,-1.51593,0.0
-1.48224,-1.48224,0.0
-1.48224,-1.44856,0.0
-1.48224,-1.41487,0.0
-1.48224,-1.38118,0.0
-1.48224,-1.34749,0.0
-1.48224,-1.31381,0.0
-1.48224,-1.28012,0.0
-1.48224,-1.24643,0.0
-1.48224,-1.21274,0.0
-1.48224,-1.17906,0.0
-1.48224,-1.14537,0.0
-1.48224,-1.11168,0.0
-1.48224,-1.078,0.0
-1.48224,-1.04431,0.0
-1.48224,-1.01062,0.0
-1.48224,-0.97693,0.0
-1.48224,-0.94325,0.0
-1.48224,-0.90956,0.0
-1.48224,-0.87587,0.0
-1.48224,-0.84218,0.0
-1.48224,-0.8085,0.0
-1.48224,-0.77481,0.0
-1.48224,-0.74112,0.0
-1.48224,-0.70743,0.0
-1.48224,-0.67375,0.0
-1.48224,-0.64006,0.0
-1.48224,-0.60637,0.0
-1.48224,-0.57268,0.0
-1.48224,-0.539,0.0
-1.48224,-0.50531,0.0
-1.48224,-0.47162,0.0
-1.48224,-0.43794,0.0
-1.48224,-0.40425,0.0
-1.48224,-0.37056,0.0
-1.48224,-0.33687,0.0
-1.48224,-0.30319,0.0
-1.48224,-0.2695,0.0
-1.48224,-0.23581,0.0
-1.48224,-0.20212,0.0
-1.48224,-0.16844,0.0
-1.48224,-0.13475,0.0
-1.48224,-0.10106,0.0
-1.48224,-0.06737,0.0
-1.48224,-0.03369,0.0
-1.48224,0,0.0
-1.48224,0.03369,0.0
-1.48224,0.06737,0.0
-1.48224,0.10106,0.0
-1.48224,0.13475,0.0
-1.48224,0.16844,0.0
-1.48224,0.20212,0.0
-1.48224,0.23581,0.0
-1.48224,0.2695,0.0
-1.48224,0.30319,0.0
-1.48224,0.33687,0.0
-1.48224,0.37056,0.0
-1.48224,0.40425,0.0
-1.48224,0.43794,0.0
-1.48224,0.47162,0.0
-1.48224,0.50531,0.0
-1.48224,0.539,0.0
-1.48224,0.57268,0.0
-1.48224,0.60637,0.0
-1.48224,0.64006,0.0
-1.48224,0.67375,0.0
-1.48224,0.70743,0.0
-1.48224,0.74112,0.0
-1.48224,0.77481,0.0
-1.48224,0.8085,0.0
-1.48224,0.84218,0.0
-1.48224,0.87587,0.0
-1.48224,0.90956,0.0
-1.48224,0.94325,0.0
-1.48224,0.97693,0.0
-1.48224,1.01062,0.0
-1.48224,1.04431,0.0
-1.48224,1.078,0.0
-1.48224,1.11168,0.0
-1.48224,1.14537,0.0
-1.48224,1.17906,0.0
-1.48224,1.21274,0.0
-1.48224,1.24643,0.0
-1.48224,1.28012,0.0
-1.48224,1.31381,0.0
-1.48224,1.34749,0.0
-1.48224,1.38118,0.0
-1.48224,1.41487,0.0
-1.48224,1.44856,0.0
-1.48224,1.48224,0.0
-1.48224,1.51593,0.0
-1.48224,1.54962,0.0
-1.48224,1.58331,0.0
-1.48224,1.61699,0.0
-1.48224,1.65068,0.0
-1.48224,1.68437,0.0
-1.48224,1.71805,0.0
-1.48224,1.75174,0.0
-1.48224,1.78543,0.0
-1.48224,1.81912,0.0
-1.48224,1.8528,0.0
-1.48224,1.88649,0.0
-1.48224,1.92018,0.0
-1.48224,1.95387,0.0
-1.48224,1.98755,0.0
-1.48224,2.02124,0.0
-1.48224,2.05493,0.0
-1.48224,2.08862,0.0
-1.48224,2.1223,0.0
-1.48224,2.15599,0.0
-1.48224,2.18968,0.0
-1.48224,2.22336,0.0
-1.48224,2.25705,0.0
-1.48224,2.29074,0.0
-1.48224,2.32443,0.0
-1.48224,2.35811,0.0
-1.48224,2.3918,0.0
-1.48224,2.42549,0.0
-1.48224,2.45918,0.0
-1.48224,2.49286,0.0
-1.48224,2.52655,0.0
-1.48224,2.56024,0.0
-1.48224,2.59393,0.0
-1.48224,2.62761,0.0
-1.48224,2.6613,0.0
-1.48224,2.69499,0.0
-1.48224,2.72868,0.0
-1.48224,2.76236,0.0
-1.48224,2.79605,0.0
-1.48224,2.82974,0.0
-1.48224,2.86342,0.0
-1.48224,2.89711,0.0
-1.48224,2.9308,0.0
-1.44856,-2.96449,0.0
-1.44856,-2.9308,0.0
-1.44856,-2.89711,0.0
-1.44856,-2.86342,0.0
-1.44856,-2.82974,0.0
-1.44856,-2.79605,0.0
-1.44856,-2.76236,0.0
-1.44856,-2.72868,0.0
-1.44856,-2.69499,0.0
-1.44856,-2.6613,0.0
-1.44856,-2.62761,0.0
-1.44856,-2.59393,0.0
-1.44856,-2.56024,0.0
-1.44856,-2.52655,0.0
-1.44856,-2.49286,0.0
-1.44856,-2.45918,0.0
-1.44856,-2.42549,0.0
-1.44856,-2.3918,0.0
-1.44856,-2.35811,0.0
-1.44856,-2.32443,0.0
-1.44856,-2.29074,0.0
-1.44856,-2.25705,0.0
-1.44856,-2.22336,0.0
-1.44856,-2.18968,0.0
-1.44856,-2.15599,0.0
-1.44856,-2.1223,0.0
-1.44856,-2.08862,0.0
-1.44856,-2.05493,0.0
-1.44856,-2.02124,0.0
-1.44856,-1.98755,0.0
-1.44856,-1.95387,0.0
-1.44856,-1.92018,0.0
-1.44856,-1.88649,0.0
-1.44856,-1.8528,0.0
-1.44856,-1.81912,0.0
-1.44856,-1.78543,0.0
-1.44856,-1.75174,0.0
-1.44856,-1.71805,0.0
-1.44856,-1.68437,0.0
-1.44856,-1.65068,0.0
-1.44856,-1.61699,0.0
-1.44856,-1.58331,0.0
-1.44856,-1.54962,0.0
-1.44856,-1.51593,0.0
-1.44856,-1.48224,0.0
-1.44856,-1.44856,0.0
-1.44856,-1.41487,0.0
-1.44856,-1.38118,0.0
-1.44856,-1.34749,0.0
-1.44856,-1.31381,0.0
-1.44856,-1.28012,0.0
-1.44856,-1.24643,0.0
-1.44856,-1.21274,0.0
-1.44856,-1.17906,0.0
-1.44856,-1.14537,0.0
-1.44856,-1.11168,0.0
-1.44856,-1.078,0.0
-1.44856,-1.04431,0.0
-1.44856,-1.01062,0.0
-1.44856,-0.97693,0.0
-1.44856,-0.94325,0.0
-1.44856,-0.90956,0.0
-1.44856,-0.87587,0.0
-1.44856,-0.84218,0.0
-1.44856,-0.8085,0.0
-1.44856,-0.77481,0.0
-1.44856,-0.74112,0.0
-1.44856,-0.70743,0.0
-1.44856,-0.67375,0.0
-1.44856,-0.64006,0.0
-1.44856,-0.60637,0.0
-1.44856,-0.57268,0.0
-1.44856,-0.539,0.0
-1.44856,-0.50531,0.0
-1.44856,-0.47162,0.0
-1.44856,-0.43794,0.0
-1.44856,-0.40425,0.0
-1.44856,-0.37056,0.0
-1.44856,-0.33687,0.0
-1.44856,-0.30319,0.0
-1.44856,-0.2695,0.0
-1.44856,-0.23581,0.0
-1.44856,-0.20212,0.0
-1.44856,-0.16844,0.0
-1.44856,-0.13475,0.0
-1.44856,-0.10106,0.0
-1.44856,-0.06737,0.0
-1.44856,-0.03369,0.0
-1.44856,0,0.0
-1.44856,0.03369,0.0
-1.44856,0.06737,0.0
-1.44856,0.10106,0.0
-1.44856,0.13475,0.0
-1.44856,0.16844,0.0
-1.44856,0.20212,0.0
-1.44856,0.23581,0.0
-1.44856,0.2695,0.0
-1.44856,0.30319,0.0
-1.44856,0.33687,0.0
-1.44856,0.37056,0.0
-1.44856,0.40425,0.0
-1.44856,0.43794,0.0
-1.44856,0.47162,0.0
-1.44856,0.50531,0.0
-1.44856,0.539,0.0
-1.44856,0.57268,0.0
-1.44856,0.60637,0.0
-1.44856,0.64006,0.0
-1.44856,0.67375,0.0
-1.44856,0.70743,0.0
-1.44856,0.74112,0.0
-1.44856,0.77481,0.0
-1.44856,0.8085,0.0
-1.44856,0.84218,0.0
-1.44856,0.87587,0.0
-1.44856,0.90956,0.0
-1.44856,0.94325,0.0
-1.44856,0.97693,0.0
-1.44856,1.01062,0.0
-1.44856,1.04431,0.0
-1.44856,1.078,0.0
-1.44856,1.11168,0.0
-1.44856,1.14537,0.0
-1.44856,1.17906,0.0
-1.44856,1.21274,0.0
-1.44856,1.24643,0.0
-1.44856,1.28012,0.0
-1.44856,1.31381,0.0
-1.44856,1.34749,0.0
-1.44856,1.38118,0.0
-1.44856,1.41487,0.0
-1.44856,1.44856,0.0
-1.44856,1.48224,0.0
-1.44856,1.51593,0.0
-1.44856,1.54962,0.0
-1.44856,1.58331,0.0
-1.44856,1.61699,0.0
-1.44856,1.65068,0.0
-1.44856,1.68437,0.0
-1.44856,1.71805,0.0
-1.44856,1.75174,0.0
-1.44856,1.78543,0.0
-1.44856,1.81912,0.0
-1.44856,1.8528,0.0
-1.44856,1.88649,0.0
-1.44856,1.92018,0.0
-1.44856,1.95387,0.0
-1.44856,1.98755,0.0
-1.44856,2.02124,0.0
-1.44856,2.05493,0.0
-1.44856,2.08862,0.0
-1.44856,2.1223,0.0
-1.44856,2.15599,0.0
-1.44856,2.18968,0.0
-1.44856,2.22336,0.0
-1.44856,2.25705,0.0
-1.44856,2.29074,0.0
-1.44856,2.32443,0.0
-1.44856,2.35811,0.0
-1.44856,2.3918,0.0
-1.44856,2.42549,0.0
-1.44856,2.45918,0.0
-1.44856,2.49286,0.0
-1.44856,2.52655,0.0
-1.44856,2.56024,0.0
-1.44856,2.59393,0.0
-1.44856,2.62761,0.0
-1.44856,2.6613,0.0
-1.44856,2.69499,0.0
-1.44856,2.72868,0.0
-1.44856,2.76236,0.0
-1.44856,2.79605,0.0
-1.44856,2.82974,0.0
-1.44856,2.86342,0.0
-1.44856,2.89711,0.0
-1.44856,2.9308,0.0
-1.44856,2.96449,0.0
-1.41487,-2.96449,0.0
-1.41487,-2.9308,0.0
-1.41487,-2.89711,0.0
-1.41487,-2.86342,0.0
-1.41487,-2.82974,0.0
-1.41487,-2.79605,0.0
-1.41487,-2.76236,0.0
-1.41487,-2.72868,0.0
-1.41487,-2.69499,0.0
-1.41487,-2.6613,0.0
-1.41487,-2.62761,0.0
-1.41487,-2.59393,0.0
-1.41487,-2.56024,0.0
-1.41487,-2.52655,0.0
-1.41487,-2.49286,0.0
-1.41487,-2.45918,0.0
-1.41487,-2.42549,0.0
-1.41487,-2.3918,0.0
-1.41487,-2.35811,0.0
-1.41487,-2.32443,0.0
-1.41487,-2.29074,0.0
-1.41487,-2.25705,0.0
-1.41487,-2.22336,0.0
-1.41487,-2.18968,0.0
-1.41487,-2.15599,0.0
-1.41487,-2.1223,0.0
-1.41487,-2.08862,0.0
-1.41487,-2.05493,0.0
-1.41487,-2.02124,0.0
-1.41487,-1.98755,0.0
-1.41487,-1.95387,0.0
-1.41487,-1.92018,0.0
-1.41487,-1.88649,0.0
-1.41487,-1.8528,0.0
-1.41487,-1.81912,0.0
-1.41487,-1.78543,0.0
-1.41487,-1.75174,0.0
-1.41487,-1.71805,0.0
-1.41487,-1.68437,0.0
-1.41487,-1.65068,0.0
-1.41487,-1.61699,0.0
-1.41487,-1.58331,0.0
-1.41487,-1.54962,0.0
-1.41487,-1.51593,0.0
-1.41487,-1.48224,0.0
-1.41487,-1.44856,0.0
-1.41487,-1.41487,0.0
-1.41487,-1.38118,0.0
-1.41487,-1.34749,0.0
-1.41487,-1.31381,0.0
-1.41487,-1.28012,0.0
-1.41487,-1.24643,0.0
-1.41487,-1.21274,0.0
-1.41487,-1.17906,0.0
-1.41487,-1.14537,0.0
-1.41487,-1.11168,0.0
-1.41487,-1.078,0.0
-1.41487,-1.04431,0.0
-1.41487,-1.01062,0.0
-1.41487,-0.97693,0.0
-1.41487,-0.94325,0.0
-1.41487,-0.90956,0.0
-1.41487,-0.87587,0.0
-1.41487,-0.84218,0.0
-1.41487,-0.8085,0.0
-1.41487,-0.77481,0.0
-1.41487,-0.74112,0.0
-1.41487,-0.70743,0.0
-1.41487,-0.67375,0.0
-1.41487,-0.64006,0.0
-1.41487,-0.60637,0.0
-1.41487,-0.57268,0.0
-1.41487,-0.539,0.0
-1.41487,-0.50531,0.0
-1.41487,-0.47162,0.0
-1.41487,-0.43794,0.0
-1.41487,-0.40425,0.0
-1.41487,-0.37056,0.0
-1.41487,-0.33687,0.0
-1.41487,-0.30319,0.0
-1.41487,-0.2695,0.0
-1.41487,-0.23581,0.0
-1.41487,-0.20212,0.0
-1.41487,-0.16844,0.0
-1.41487,-0.13475,0.0
-1.41487,-0.10106,0.0
-1.41487,-0.06737,0.0
-1.41487,-0.03369,0.0
-1.41487,0,0.0
-1.41487,0.03369,0.0
-1.41487,0.06737,0.0
-1.41487,0.10106,0.0
-1.41487,0.13475,0.0
-1.41487,0.16844,0.0
-1.41487,0.20212,0.0
-1.41487,0.23581,0.0
-1.41487,0.2695,0.0
-1.41487,0.30319,0.0
-1.41487,0.33687,0.0
-1.41487,0.37056,0.0
-1.41487,0.40425,0.0
-1.41487,0.43794,0.0
-1.41487,0.47162,0.0
-1.41487,0.50531,0.0
-1.41487,0.539,0.0
-1.41487,0.57268,0.0
-1.41487,0.60637,0.0
-1.41487,0.64006,0.0
-1.41487,0.67375,0.0
-1.41487,0.70743,0.0
-1.41487,0.74112,0.0
-1.41487,0.77481,0.0
-1.41487,0.8085,0.0
-1.41487,0.84218,0.0
-1.41487,0.87587,0.0
-1.41487,0.90956,0.0
-1.41487,0.94325,0.0
-1.41487,0.97693,0.0
-1.41487,1.01062,0.0
-1.41487,1.04431,0.0
-1.41487,1.078,0.0
-1.41487,1.11168,0.0
-1.41487,1.14537,0.0
-1.41487,1.17906,0.0
-1.41487,1.21274,0.0
-1.41487,1.24643,0.0
-1.41487,1.28012,0.0
-1.41487,1.31381,0.0
-1.41487,1.34749,0.0
-1.41487,1.38118,0.0
-1.41487,1.41487,0.0
-1.41487,1.44856,0.0
-1.41487,1.48224,0.0
-1.41487,1.51593,0.0
-1.41487,1.54962,0.0
-1.41487,1.58331,0.0
-1.41487,1.61699,0.0
-1.41487,1.65068,0.0
-1.41487,1.68437,0.0
-1.41487,1.71805,0.0
-1.41487,1.75174,0.0
-1.41487,1.78543,0.0
-1.41487,1.81912,0.0
-1.41487,1.8528,0.0
-1.41487,1.88649,0.0
-1.41487,1.92018,0.0
-1.41487,1.95387,0.0
-1.41487,1.98755,0.0
-1.41487,2.02124,0.0
-1.41487,2.05493,0.0
-1.41487,2.08862,0.0
-1.41487,2.1223,0.0
-1.41487,2.15599,0.0
-1.41487,2.18968,0.0
-1.41487,2.22336,0.0
-1.41487,2.25705,0.0
-1.41487,2.29074,0.0
-1.41487,2.32443,0.0
-1.41487,2.35811,0.0
-1.41487,2.3918,0.0
-1.41487,2.42549,0.0
-1.41487,2.45918,0.0
-1.41487,2.49286,0.0
-1.41487,2.52655,0.0
-1.41487,2.56024,0.0
-1.41487,2.59393,0.0
-1.41487,2.62761,0.0
-1.41487,2.6613,0.0
-1.41487,2.69499,0.0
-1.41487,2.72868,0.0
-1.41487,2.76236,0.0
-1.41487,2.79605,0.0
-1.41487,2.82974,0.0
-1.41487,2.86342,0.0
-1.41487,2.89711,0.0
-1.41487,2.9308,0.0
-1.41487,2.96449,0.0
-1.38118,-2.96449,0.0
-1.38118,-2.9308,0.0
-1.38118,-2.89711,0.0
-1.38118,-2.86342,0.0
-1.38118,-2.82974,0.0
-1.38118,-2.79605,0.0
-1.38118,-2.76236,0.0
-1.38118,-2.72868,0.0
-1.38118,-2.69499,0.0
-1.38118,-2.6613,0.0
-1.38118,-2.62761,0.0
-1.38118,-2.59393,0.0
-1.38118,-2.56024,0.0
-1.38118,-2.52655,0.0
-1.38118,-2.49286,0.0
-1.38118,-2.45918,0.0
-1.38118,-2.42549,0.0
-1.38118,-2.3918,0.0
-1.38118,-2.35811,0.0
-1.38118,-2.32443,0.0
-1.38118,-2.29074,0.0
-1.38118,-2.25705,0.0
-1.38118,-2.22336,0.0
-1.38118,-2.18968,0.0
-1.38118,-2.15599,0.0
-1.38118,-2.1223,0.0
-1.38118,-2.08862,0.0
-1.38118,-2.05493,0.0
-1.38118,-2.02124,0.0
-1.38118,-1.98755,0.0
-1.38118,-1.95387,0.0
-1.38118,-1.92018,0.0
-1.38118,-1.88649,0.0
-1.38118,-1.8528,0.0
-1.38118,-1.81912,0.0
-1.38118,-1.78543,0.0
-1.38118,-1.75174,0.0
-1.38118,-1.71805,0.0
-1.38118,-1.68437,0.0
-1.38118,-1.65068,0.0
-1.38118,-1.61699,0.0
-1.38118,-1.58331,0.0
-1.38118,-1.54962,0.0
-1.38118,-1.51593,0.0
-1.38118,-1.48224,0.0
-1.38118,-1.44856,0.0
-1.38118,-1.41487,0.0
-1.38118,-1.38118,0.0
-1.38118,-1.34749,0.0
-1.38118,-1.31381,0.0
-1.38118,-1.28012,0.0
-1.38118,-1.24643,0.0
-1.38118,-1.21274,0.0
-1.38118,-1.17906,0.0
-1.38118,-1.14537,0.0
-1.38118,-1.11168,0.0
-1.38118,-1.078,0.0
-1.38118,-1.04431,0.0
-1.38118,-1.01062,0.0
-1.38118,-0.97693,0.0
-1.38118,-0.94325,0.0
-1.38118,-0.90956,0.0
-1.38118,-0.87587,0.0
-1.38118,-0.84218,0.0
-1.38118,-0.8085,0.0
-1.38118,-0.77481,0.0
-1.38118,-0.74112,0.0
-1.38118,-0.70743,0.0
-1.38118,-0.67375,0.0
-1.38118,-0.64006,0.0
-1.38118,-0.60637,0.0
-1.38118,-0.57268,0.0
-1.38118,-0.539,0.0
-1.38118,-0.50531,0.0
-1.38118,-0.47162,0.0
-1.38118,-0.43794,0.0
-1.38118,-0.40425,0.0
-1.38118,-0.37056,0.0
-1.38118,-0.33687,0.0
-1.38118,-0.30319,0.0
-1.38118,-0.2695,0.0
-1.38118,-0.23581,0.0
-1.38118,-0.20212,0.0
-1.38118,-0.16844,0.0
-1.38118,-0.13475,0.0
-1.38118,-0.10106,0.0
-1.38118,-0.06737,0.0
-1.38118,-0.03369,0.0
-1.38118,0,0.0
-1.38118,0.03369,0.0
-1.38118,0.06737,0.0
-1.38118,0.10106,0.0
-1.38118,0.13475,0.0
-1.38118,0.16844,0.0
-1.38118,0.20212,0.0
-1.38118,0.23581,0.0
-1.38118,0.2695,0.0
-1.38118,0.30319,0.0
-1.38118,0.33687,0.0
-1.38118,0.37056,0.0
-1.38118,0.40425,0.0
-1.38118,0.43794,0.0
-1.38118,0.47162,0.0
-1.38118,0.50531,0.0
-1.38118,0.539,0.0
-1.38118,0.57268,0.0
-1.38118,0.60637,0.0
-1.38118,0.64006,0.0
-1.38118,0.67375,0.0
-1.38118,0.70743,0.0
-1.38118,0.74112,0.0
-1.38118,0.77481,0.0
-1.38118,0.8085,0.0
-1.38118,0.84218,0.0
-1.38118,0.87587,0.0
-1.38118,0.90956,0.0
-1.38118,0.94325,0.0
-1.38118,0.97693,0.0
-1.38118,1.01062,0.0
-1.38118,1.04431,0.0
-1.38118,1.078,0.0
-1.38118,1.11168,0.0
-1.38118,1.14537,0.0
-1.38118,1.17906,0.0
-1.38118,1.21274,0.0
-1.38118,1.24643,0.0
-1.38118,1.28012,0.0
-1.38118,1.31381,0.0
-1.38118,1.34749,0.0
-1.38118,1.38118,0.0
-1.38118,1.41487,0.0
-1.38118,1.44856,0.0
-1.38118,1.48224,0.0
-1.38118,1.51593,0.0
-1.38118,1.54962,0.0
-1.38118,1.58331,0.0
-1.38118,1.61699,0.0
-1.38118,1.65068,0.0
-1.38118,1.68437,0.0
-1.38118,1.71805,0.0
-1.38118,1.75174,0.0
-1.38118,1.78543,0.0
-1.38118,1.81912,0.0
-1.38118,1.8528,0.0
-1.38118,1.88649,0.0
-1.38118,1.92018,0.0
-1.38118,1.95387,0.0
-1.38118,1.98755,0.0
-1.38118,2.02124,0.0
-1.38118,2.05493,0.0
-1.38118,2.08862,0.0
-1.38118,2.1223,0.0
-1.38118,2.15599,0.0
-1.38118,2.18968,0.0
-1.38118,2.22336,0.0
-1.38118,2.25705,0.0
-1.38118,2.29074,0.0
-1.38118,2.32443,0.0
-1.38118,2.35811,0.0
-1.38118,2.3918,0.0
-1.38118,2.42549,0.0
-1.38118,2.45918,0.0
-1.38118,2.49286,0.0
-1.38118,2.52655,0.0
-1.38118,2.56024,0.0
-1.38118,2.59393,0.0
-1.38118,2.62761,0.0
-1.38118,2.6613,0.0
-1.38118,2.69499,0.0
-1.38118,2.72868,0.0
-1.38118,2.76236,0.0
-1.38118,2.79605,0.0
-1.38118,2.82974,0.0
-1.38118,2.86342,0.0
-1.38118,2.89711,0.0
-1.38118,2.9308,0.0
-1.38118,2.96449,0.0
-1.34749,-2.99817,0.0
-1.34749,-2.96449,0.0
-1.34749,-2.9308,0.0
-1.34749,-2.89711,0.0
-1.34749,-2.86342,0.0
-1.34749,-2.82974,0.0
-1.34749,-2.79605,0.0
-1.34749,-2.76236,0.0
-1.34749,-2.72868,0.0
-1.34749,-2.69499,0.0
-1.34749,-2.6613,0.0
-1.34749,-2.62761,0.0
-1.34749,-2.59393,0.0
-1.34749,-2.56024,0.0
-1.34749,-2.52655,0.0
-1.34749,-2.49286,0.0
-1.34749,-2.45918,0.0
-1.34749,-2.42549,0.0
-1.34749,-2.3918,0.0
-1.34749,-2.35811,0.0
-1.34749,-2.32443,0.0
-1.34749,-2.29074,0.0
-1.34749,-2.25705,0.0
-1.34749,-2.22336,0.0
-1.34749,-2.18968,0.0
-1.34749,-2.15599,0.0
-1.34749,-2.1223,0.0
-1.34749,-2.08862,0.0
-1.34749,-2.05493,0.0
-1.34749,-2.02124,0.0
-1.34749,-1.98755,0.0
-1.34749,-1.95387,0.0
-1.34749,-1.92018,0.0
-1.34749,-1.88649,0.0
-1.34749,-1.8528,0.0
-1.34749,-1.81912,0.0
-1.34749,-1.78543,0.0
-1.34749,-1.75174,0.0
-1.34749,-1.71805,0.0
-1.34749,-1.68437,0.0
-1.34749,-1.65068,0.0
-1.34749,-1.61699,0.0
-1.34749,-1.58331,0.0
-1.34749,-1.54962,0.0
-1.34749,-1.51593,0.0
-1.34749,-1.48224,0.0
-1.34749,-1.44856,0.0
-1.34749,-1.41487,0.0
-1.34749,-1.38118,0.0
-1.34749,-1.34749,0.0
-1.34749,-1.31381,0.0
-1.34749,-1.28012,0.0
-1.34749,-1.24643,0.0
-1.34749,-1.21274,0.0
-1.34749,-1.17906,0.0
-1.34749,-1.14537,0.0
-1.34749,-1.11168,0.0
-1.34749,-1.078,0.0
-1.34749,-1.04431,0.0
-1.34749,-1.01062,0.0
-1.34749,-0.97693,0.0
-1.34749,-0.94325,0.0
-1.34749,-0.90956,0.0
-1.34749,-0.87587,0.0
-1.34749,-0.84218,0.0
-1.34749,-0.8085,0.0
-1.34749,-0.77481,0.0
-1.34749,-0.74112,0.0
-1.34749,-0.70743,0.0
-1.34749,-0.67375,0.0
-1.34749,-0.64006,0.0
-1.34749,-0.60637,0.0
-1.34749,-0.57268,0.0
-1.34749,-0.539,0.0
-1.34749,-0.50531,0.0
-1.34749,-0.47162,0.0
-1.34749,-0.43794,0.0
-1.34749,-0.40425,0.0
-1.34749,-0.37056,0.0
-1.34749,-0.33687,0.0
-1.34749,-0.30319,0.0
-1.34749,-0.2695,0.0
-1.34749,-0.23581,0.0
-1.34749,-0.20212,0.0
-1.34749,-0.16844,0.0
-1.34749,-0.13475,0.0
-1.34749,-0.10106,0.0
-1.34749,-0.06737,0.0
-1.34749,-0.03369,0.0
-1.34749,0,0.0
-1.34749,0.03369,0.0
-1.34749,0.06737,0.0
-1.34749,0.10106,0.0
-1.34749,0.13475,0.0
-1.34749,0.16844,0.0
-1.34749,0.20212,0.0
-1.34749,0.23581,0.0
-1.34749,0.2695,0.0
-1.34749,0.30319,0.0
-1.34749,0.33687,0.0
-1.34749,0.37056,0.0
-1.34749,0.40425,0.0
-1.34749,0.43794,0.0
-1.34749,0.47162,0.0
-1.34749,0.50531,0.0
-1.34749,0.539,0.0
-1.34749,0.57268,0.0
-1.34749,0.60637,0.0
-1.34749,0.64006,0.0
-1.34749,0.67375,0.0
-1.34749,0.70743,0.0
-1.34749,0.74112,0.0
-1.34749,0.77481,0.0
-1.34749,0.8085,0.0
-1.34749,0.84218,0.0
-1.34749,0.87587,0.0
-1.34749,0.90956,0.0
-1.34749,0.94325,0.0
-1.34749,0.97693,0.0
-1.34749,1.01062,0.0
-1.34749,1.04431,0.0
-1.34749,1.078,0.0
-1.34749,1.11168,0.0
-1.34749,1.14537,0.0
-1.34749,1.17906,0.0
-1.34749,1.21274,0.0
-1.34749,1.24643,0.0
-1.34749,1.28012,0.0
-1.34749,1.31381,0.0
-1.34749,1.34749,0.0
-1.34749,1.38118,0.0
-1.34749,1.41487,0.0
-1.34749,1.44856,0.0
-1.34749,1.48224,0.0
-1.34749,1.51593,0.0
-1.34749,1.54962,0.0
-1.34749,1.58331,0.0
-1.34749,1.61699,0.0
-1.34749,1.65068,0.0
-1.34749,1.68437,0.0
-1.34749,1.71805,0.0
-1.34749,1.75174,0.0
-1.34749,1.78543,0.0
-1.34749,1.81912,0.0
-1.34749,1.8528,0.0
-1.34749,1.88649,0.0
-1.34749,1.92018,0.0
-1.34749,1.95387,0.0
-1.34749,1.98755,0.0
-1.34749,2.02124,0.0
-1.34749,2.05493,0.0
-1.34749,2.08862,0.0
-1.34749,2.1223,0.0
-1.34749,2.15599,0.0
-1.34749,2.18968,0.0
-1.34749,2.22336,0.0
-1.34749,2.25705,0.0
-1.34749,2.29074,0.0
-1.34749,2.32443,0.0
-1.34749,2.35811,0.0
-1.34749,2.3918,0.0
-1.34749,2.42549,0.0
-1.34749,2.45918,0.0
-1.34749,2.49286,0.0
-1.34749,2.52655,0.0
-1.34749,2.56024,0.0
-1.34749,2.59393,0.0
-1.34749,2.62761,0.0
-1.34749,2.6613,0.0
-1.34749,2.69499,0.0
-1.34749,2.72868,0.0
-1.34749,2.76236,0.0
-1.34749,2.79605,0.0
-1.34749,2.82974,0.0
-1.34749,2.86342,0.0
-1.34749,2.89711,0.0
-1.34749,2.9308,0.0
-1.34749,2.96449,0.0
-1.34749,2.99817,0.0
-1.31381,-2.99817,0.0
-1.31381,-2.96449,0.0
-1.31381,-2.9308,0.0
-1.31381,-2.89711,0.0
-1.31381,-2.86342,0.0
-1.31381,-2.82974,0.0
-1.31381,-2.79605,0.0
-1.31381,-2.76236,0.0
-1.31381,-2.72868,0.0
-1.31381,-2.69499,0.0
-1.31381,-2.6613,0.0
-1.31381,-2.62761,0.0
-1.31381,-2.59393,0.0
-1.31381,-2.56024,0.0
-1.31381,-2.52655,0.0
-1.31381,-2.49286,0.0
-1.31381,-2.45918,0.0
-1.31381,-2.42549,0.0
-1.31381,-2.3918,0.0
-1.31381,-2.35811,0.0
-1.31381,-2.32443,0.0
-1.31381,-2.29074,0.0
-1.31381,-2.25705,0.0
-1.31381,-2.22336,0.0
-1.31381,-2.18968,0.0
-1.31381,-2.15599,0.0
-1.31381,-2.1223,0.0
-1.31381,-2.08862,0.0
-1.31381,-2.05493,0.0
-1.31381,-2.02124,0.0
-1.31381,-1.98755,0.0
-1.31381,-1.95387,0.0
-1.31381,-1.92018,0.0
-1.31381,-1.88649,0.0
-1.31381,-1.8528,0.0
-1.31381,-1.81912,0.0
-1.31381,-1.78543,0.0
-1.31381,-1.75174,0.0
-1.31381,-1.71805,0.0
-1.31381,-1.68437,0.0
-1.31381,-1.65068,0.0
-1.31381,-1.61699,0.0
-1.31381,-1.58331,0.0
-1.31381,-1.54962,0.0
-1.31381,-1.51593,0.0
-1.31381,-1.48224,0.0
-1.31381,-1.44856,0.0
-1.31381,-1.41487,0.0
-1.31381,-1.38118,0.0
-1.31381,-1.34749,0.0
-1.31381,-1.31381,0.0
-1.31381,-1.28012,0.0
-1.31381,-1.24643,0.0
-1.31381,-1.21274,0.0
-1.31381,-1.17906,0.0
-1.31381,-1.14537,0.0
-1.31381,-1.11168,0.0
-1.31381,-1.078,0.0
-1.31381,-1.04431,0.0
-1.31381,-1.01062,0.0
-1.31381,-0.97693,0.0
-1.31381,-0.94325,0.0
-1.31381,-0.90956,0.0
-1.31381,-0.87587,0.0
-1.31381,-0.84218,0.0
-1.31381,-0.8085,0.0
-1.31381,-0.77481,0.0
-1.31381,-0.74112,0.0
-1.31381,-0.70743,0.0
-1.31381,-0.67375,0.0
-1.31381,-0.64006,0.0
-1.31381,-0.60637,0.0
-1.31381,-0.57268,0.0
-1.31381,-0.539,0.0
-1.31381,-0.50531,0.0
-1.31381,-0.47162,0.0
-1.31381,-0.43794,0.0
-1.31381,-0.40425,0.0
-1.31381,-0.37056,0.0
-1.31381,-0.33687,0.0
-1.31381,-0.30319,0.0
-1.31381,-0.2695,0.0
-1.31381,-0.23581,0.0
-1.31381,-0.20212,0.0
-1.31381,-0.16844,0.0
-1.31381,-0.13475,0.0
-1.31381,-0.10106,0.0
-1.31381,-0.06737,0.0
-1.31381,-0.03369,0.0
-1.31381,0,0.0
-1.31381,0.03369,0.0
-1.31381,0.06737,0.0
-1.31381,0.10106,0.0
-1.31381,0.13475,0.0
-1.31381,0.16844,0.0
-1.31381,0.20212,0.0
-1.31381,0.23581,0.0
-1.31381,0.2695,0.0
-1.31381,0.30319,0.0
-1.31381,0.33687,0.0
-1.31381,0.37056,0.0
-1.31381,0.40425,0.0
-1.31381,0.43794,0.0
-1.31381,0.47162,0.0
-1.31381,0.50531,0.0
-1.31381,0.539,0.0
-1.31381,0.57268,0.0
-1.31381,0.60637,0.0
-1.31381,0.64006,0.0
-1.31381,0.67375,0.0
-1.31381,0.70743,0.0
-1.31381,0.74112,0.0
-1.31381,0.77481,0.0
-1.31381,0.8085,0.0
-1.31381,0.84218,0.0
-1.31381,0.87587,0.0
-1.31381,0.90956,0.0
-1.31381,0.94325,0.0
-1.31381,0.97693,0.0
-1.31381,1.01062,0.0
-1.31381,1.04431,0.0
-1.31381,1.078,0.0
-1.31381,1.11168,0.0
-1.31381,1.14537,0.0
-1.31381,1.17906,0.0
-1.31381,1.21274,0.0
-1.31381,1.24643,0.0
-1.31381,1.28012,0.0
-1.31381,1.31381,0.0
-1.31381,1.34749,0.0
-1.31381,1.38118,0.0
-1.31381,1.41487,0.0
-1.31381,1.44856,0.0
-1.31381,1.48224,0.0
-1.31381,1.51593,0.0
-1.31381,1.54962,0.0
-1.31381,1.58331,0.0
-1.31381,1.61699,0.0
-1.31381,1.65068,0.0
-1.31381,1.68437,0.0
-1.31381,1.71805,0.0
-1.31381,1.75174,0.0
-1.31381,1.78543,0.0
-1.31381,1.81912,0.0
-1.31381,1.8528,0.0
-1.31381,1.88649,0.0
-1.31381,1.92018,0.0
-1.31381,1.95387,0.0
-1.31381,1.98755,0.0
-1.31381,2.02124,0.0
-1.31381,2.05493,0.0
-1.31381,2.08862,0.0
-1.31381,2.1223,0.0
-1.31381,2.15599,0.0
-1.31381,2.18968,0.0
-1.31381,2.22336,0.0
-1.31381,2.25705,0.0
-1.31381,2.29074,0.0
-1.31381,2.32443,0.0
-1.31381,2.35811,0.0
-1.31381,2.3918,0.0
-1.31381,2.42549,0.0
-1.31381,2.45918,0.0
-1.31381,2.49286,0.0
-1.31381,2.52655,0.0
-1.31381,2.56024,0.0
-1.31381,2.59393,0.0
-1.31381,2.62761,0.0
-1.31381,2.6613,0.0
-1.31381,2.69499,0.0
-1.31381,2.72868,0.0
-1.31381,2.76236,0.0
-1.31381,2.79605,0.0
-1.31381,2.82974,0.0
-1.31381,2.86342,0.0
-1.31381,2.89711,0.0
-1.31381,2.9308,0.0
-1.31381,2.96449,0.0
-1.31381,2.99817,0.0
-1.28012,-3.03186,0.0
-1.28012,-2.99817,0.0
-1.28012,-2.96449,0.0
-1.28012,-2.9308,0.0
-1.28012,-2.89711,0.0
-1.28012,-2.86342,0.0
-1.28012,-2.82974,0.0
-1.28012,-2.79605,0.0
-1.28012,-2.76236,0.0
-1.28012,-2.72868,0.0
-1.28012,-2.69499,0.0
-1.28012,-2.6613,0.0
-1.28012,-2.62761,0.0
-1.28012,-2.59393,0.0
-1.28012,-2.56024,0.0
-1.28012,-2.52655,0.0
-1.28012,-2.49286,0.0
-1.28012,-2.45918,0.0
-1.28012,-2.42549,0.0
-1.28012,-2.3918,0.0
-1.28012,-2.35811,0.0
-1.28012,-2.32443,0.0
-1.28012,-2.29074,0.0
-1.28012,-2.25705,0.0
-1.28012,-2.22336,0.0
-1.28012,-2.18968,0.0
-1.28012,-2.15599,0.0
-1.28012,-2.1223,0.0
-1.28012,-2.08862,0.0
-1.28012,-2.05493,0.0
-1.28012,-2.02124,0.0
-1.28012,-1.98755,0.0
-1.28012,-1.95387,0.0
-1.28012,-1.92018,0.0
-1.28012,-1.88649,0.0
-1.28012,-1.8528,0.0
-1.28012,-1.81912,0.0
-1.28012,-1.78543,0.0
-1.28012,-1.75174,0.0
-1.28012,-1.71805,0.0
-1.28012,-1.68437,0.0
-1.28012,-1.65068,0.0
-1.28012,-1.61699,0.0
-1.28012,-1.58331,0.0
-1.28012,-1.54962,0.0
-1.28012,-1.51593,0.0
-1.28012,-1.48224,0.0
-1.28012,-1.44856,0.0
-1.28012,-1.41487,0.0
-1.28012,-1.38118,0.0
-1.28012,-1.34749,0.0
-1.28012,-1.31381,0.0
-1.28012,-1.28012,0.0
-1.28012,-1.24643,0.0
-1.28012,-1.21274,0.0
-1.28012,-1.17906,0.0
-1.28012,-1.14537,0.0
-1.28012,-1.11168,0.0
-1.28012,-1.078,0.0
-1.28012,-1.04431,0.0
-1.28012,-1.01062,0.0
-1.28012,-0.97693,0.0
-1.28012,-0.94325,0.0
-1.28012,-0.90956,0.0
-1.28012,-0.87587,0.0
-1.28012,-0.84218,0.0
-1.28012,-0.8085,0.0
-1.28012,-0.77481,0.0
-1.28012,-0.74112,0.0
-1.28012,-0.70743,0.0
-1.28012,-0.67375,0.0
-1.28012,-0.64006,0.0
-1.28012,-0.60637,0.0
-1.28012,-0.57268,0.0
-1.28012,-0.539,0.0
-1.28012,-0.50531,0.0
-1.28012,-0.47162,0.0
-1.28012,-0.43794,0.0
-1.28012,-0.40425,0.0
-1.28012,-0.37056,0.0
-1.28012,-0.33687,0.0
-1.28012,-0.30319,0.0
-1.28012,-0.2695,0.0
-1.28012,-0.23581,0.0
-1.28012,-0.20212,0.0
-1.28012,-0.16844,0.0
-1.28012,-0.13475,0.0
-1.28012,-0.10106,0.0
-1.28012,-0.06737,0.0
-1.28012,-0.03369,0.0
-1.28012,0,0.0
-1.28012,0.03369,0.0
-1.28012,0.06737,0.0
-1.28012,0.10106,0.0
-1.28012,0.13475,0.0
-1.28012,0.16844,0.0
-1.28012,0.20212,0.0
-1.28012,0.23581,0.0
-1.28012,0.2695,0.0
-1.28012,0.30319,0.0
-1.28012,0.33687,0.0
-1.28012,0.37056,0.0
-1.28012,0.40425,0.0
-1.28012,0.43794,0.0
-1.28012,0.47162,0.0
-1.28012,0.50531,0.0
-1.28012,0.539,0.0
-1.28012,0.57268,0.0
-1.28012,0.60637,0.0
-1.28012,0.64006,0.0
-1.28012,0.67375,0.0
-1.28012,0.70743,0.0
-1.28012,0.74112,0.0
-1.28012,0.77481,0.0
-1.28012,0.8085,0.0
-1.28012,0.84218,0.0
-1.28012,0.87587,0.0
-1.28012,0.90956,0.0
-1.28012,0.94325,0.0
-1.28012,0.97693,0.0
-1.28012,1.01062,0.0
-1.28012,1.04431,0.0
-1.28012,1.078,0.0
-1.28012,1.11168,0.0
-1.28012,1.14537,0.0
-1.28012,1.17906,0.0
-1.28012,1.21274,0.0
-1.28012,1.24643,0.0
-1.28012,1.28012,0.0
-1.28012,1.31381,0.0
-1.28012,1.34749,0.0
-1.28012,1.38118,0.0
-1.28012,1.41487,0.0
-1.28012,1.44856,0.0
-1.28012,1.48224,0.0
-1.28012,1.51593,0.0
-1.28012,1.54962,0.0
-1.28012,1.58331,0.0
-1.28012,1.61699,0.0
-1.28012,1.65068,0.0
-1.28012,1.68437,0.0
-1.28012,1.71805,0.0
-1.28012,1.75174,0.0
-1.28012,1.78543,0.0
-1.28012,1.81912,0.0
-1.28012,1.8528,0.0
-1.28012,1.88649,0.0
-1.28012,1.92018,0.0
-1.28012,1.95387,0.0
-1.28012,1.98755,0.0
-1.28012,2.02124,0.0
-1.28012,2.05493,0.0
-1.28012,2.08862,0.0
-1.28012,2.1223,0.0
-1.28012,2.15599,0.0
-1.28012,2.18968,0.0
-1.28012,2.22336,0.0
-1.28012,2.25705,0.0
-1.28012,2.29074,0.0
-1.28012,2.32443,0.0
-1.28012,2.35811,0.0
-1.28012,2.3918,0.0
-1.28012,2.42549,0.0
-1.28012,2.45918,0.0
-1.28012,2.49286,0.0
-1.28012,2.52655,0.0
-1.28012,2.56024,0.0
-1.28012,2.59393,0.0
-1.28012,2.62761,0.0
-1.28012,2.6613,0.0
-1.28012,2.69499,0.0
-1.28012,2.72868,0.0
-1.28012,2.76236,0.0
-1.28012,2.79605,0.0
-1.28012,2.82974,0.0
-1.28012,2.86342,0.0
-1.28012,2.89711,0.0
-1.28012,2.9308,0.0
-1.28012,2.96449,0.0
-1.28012,2.99817,0.0
-1.28012,3.03186,0.0
-1.24643,-3.03186,0.0
-1.24643,-2.99817,0.0
-1.24643,-2.96449,0.0
-1.24643,-2.9308,0.0
-1.24643,-2.89711,0.0
-1.24643,-2.86342,0.0
-1.24643,-2.82974,0.0
-1.24643,-2.79605,0.0
-1.24643,-2.76236,0.0
-1.24643,-2.72868,0.0
-1.24643,-2.69499,0.0
-1.24643,-2.6613,0.0
-1.24643,-2.62761,0.0
-1.24643,-2.59393,0.0
-1.24643,-2.56024,0.0
-1.24643,-2.52655,0.0
-1.24643,-2.49286,0.0
-1.24643,-2.45918,0.0
-1.24643,-2.42549,0.0
-1.24643,-2.3918,0.0
-1.24643,-2.35811,0.0
-1.24643,-2.32443,0.0
-1.24643,-2.29074,0.0
-1.24643,-2.25705,0.0
-1.24643,-2.22336,0.0
-1.24643,-2.18968,0.0
-1.24643,-2.15599,0.0
-1.24643,-2.1223,0.0
-1.24643,-2.08862,0.0
-1.24643,-2.05493,0.0
-1.24643,-2.02124,0.0
-1.24643,-1.98755,0.0
-1.24643,-1.95387,0.0
-1.24643,-1.92018,0.0
-1.24643,-1.88649,0.0
-1.24643,-1.8528,0.0
-1.24643,-1.81912,0.0
-1.24643,-1.78543,0.0
-1.24643,-1.75174,0.0
-1.24643,-1.71805,0.0
-1.24643,-1.68437,0.0
-1.24643,-1.65068,0.0
-1.24643,-1.61699,0.0
-1.24643,-1.58331,0.0
-1.24643,-1.54962,0.0
-1.24643,-1.51593,0.0
-1.24643,-1.48224,0.0
-1.24643,-1.44856,0.0
-1.24643,-1.41487,0.0
-1.24643,-1.38118,0.0
-1.24643,-1.34749,0.0
-1.24643,-1.31381,0.0
-1.24643,-1.28012,0.0
-1.24643,-1.24643,0.0
-1.24643,-1.21274,0.0
-1.24643,-1.17906,0.0
-1.24643,-1.14537,0.0
-1.24643,-1.11168,0.0
-1.24643,-1.078,0.0
-1.24643,-1.04431,0.0
-1.24643,-1.01062,0.0
-1.24643,-0.97693,0.0
-1.24643,-0.94325,0.0
-1.24643,-0.90956,0.0
-1.24643,-0.87587,0.0
-1.24643,-0.84218,0.0
-1.24643,-0.8085,0.0
-1.24643,-0.77481,0.0
-1.24643,-0.74112,0.0
-1.24643,-0.70743,0.0
-1.24643,-0.67375,0.0
-1.24643,-0.64006,0.0
-1.24643,-0.60637,0.0
-1.24643,-0.57268,0.0
-1.24643,-0.539,0.0
-1.24643,-0.50531,0.0
-1.24643,-0.47162,0.0
-1.24643,-0.43794,0.0
-1.24643,-0.40425,0.0
-1.24643,-0.37056,0.0
-1.24643,-0.33687,0.0
-1.24643,-0.30319,0.0
-1.24643,-0.2695,0.0
-1.24643,-0.23581,0.0
-1.24643,-0.20212,0.0
-1.24643,-0.16844,0.0
-1.24643,-0.13475,0.0
-1.24643,-0.10106,0.0
-1.24643,-0.06737,0.0
-1.24643,-0.03369,0.0
-1.24643,0,0.0
-1.24643,0.03369,0.0
-1.24643,0.06737,0.0
-1.24643,0.10106,0.0
-1.24643,0.13475,0.0
-1.24643,0.16844,0.0
-1.24643,0.20212,0.0
-1.24643,0.23581,0.0
-1.24643,0.2695,0.0
-1.24643,0.30319,0.0
-1.24643,0.33687,0.0
-1.24643,0.37056,0.0
-1.24643,0.40425,0.0
-1.24643,0.43794,0.0
-1.24643,0.47162,0.0
-1.24643,0.50531,0.0
-1.24643,0.539,0.0
-1.24643,0.57268,0.0
-1.24643,0.60637,0.0
-1.24643,0.64006,0.0
-1.24643,0.67375,0.0
-1.24643,0.70743,0.0
-1.24643,0.74112,0.0
-1.24643,0.77481,0.0
-1.24643,0.8085,0.0
-1.24643,0.84218,0.0
-1.24643,0.87587,0.0
-1.24643,0.90956,0.0
-1.24643,0.94325,0.0
-1.24643,0.97693,0.0
-1.24643,1.01062,0.0
-1.24643,1.04431,0.0
-1.24643,1.078,0.0
-1.24643,1.11168,0.0
-1.24643,1.14537,0.0
-1.24643,1.17906,0.0
-1.24643,1.21274,0.0
-1.24643,1.24643,0.0
-1.24643,1.28012,0.0
-1.24643,1.31381,0.0
-1.24643,1.34749,0.0
-1.24643,1.38118,0.0
-1.24643,1.41487,0.0
-1.24643,1.44856,0.0
-1.24643,1.48224,0.0
-1.24643,1.51593,0.0
-1.24643,1.54962,0.0
-1.24643,1.58331,0.0
-1.24643,1.61699,0.0
-1.24643,1.65068,0.0
-1.24643,1.68437,0.0
-1.24643,1.71805,0.0
-1.24643,1.75174,0.0
-1.24643,1.78543,0.0
-1.24643,1.81912,0.0
-1.24643,1.8528,0.0
-1.24643,1.88649,0.0
-1.24643,1.92018,0.0
-1.24643,1.95387,0.0
-1.24643,1.98755,0.0
-1.24643,2.02124,0.0
-1.24643,2.05493,0.0
-1.24643,2.08862,0.0
-1.24643,2.1223,0.0
-1.24643,2.15599,0.0
-1.24643,2.18968,0.0
-1.24643,2.22336,0.0
-1.24643,2.25705,0.0
-1.24643,2.29074,0.0
-1.24643,2.32443,0.0
-1.24643,2.35811,0.0
-1.24643,2.3918,0.0
-1.24643,2.42549,0.0
-1.24643,2.45918,0.0
-1.24643,2.49286,0.0
-1.24643,2.52655,0.0
-1.24643,2.56024,0.0
-1.24643,2.59393,0.0
-1.24643,2.62761,0.0
-1.24643,2.6613,0.0
-1.24643,2.69499,0.0
-1.24643,2.72868,0.0
-1.24643,2.76236,0.0
-1.24643,2.79605,0.0
-1.24643,2.82974,0.0
-1.24643,2.86342,0.0
-1.24643,2.89711,0.0
-1.24643,2.9308,0.0
-1.24643,2.96449,0.0
-1.24643,2.99817,0.0
-1.24643,3.03186,0.0
-1.21274,-3.06555,0.0
-1.21274,-3.03186,0.0
-1.21274,-2.99817,0.0
-1.21274,-2.96449,0.0
-1.21274,-2.9308,0.0
-1.21274,-2.89711,0.0
-1.21274,-2.86342,0.0
-1.21274,-2.82974,0.0
-1.21274,-2.79605,0.0
-1.21274,-2.76236,0.0
-1.21274,-2.72868,0.0
-1.21274,-2.69499,0.0
-1.21274,-2.6613,0.0
-1.21274,-2.62761,0.0
-1.21274,-2.59393,0.0
-1.21274,-2.56024,0.0
-1.21274,-2.52655,0.0
-1.21274,-2.49286,0.0
-1.21274,-2.45918,0.0
-1.21274,-2.42549,0.0
-1.21274,-2.3918,0.0
-1.21274,-2.35811,0.0
-1.21274,-2.32443,0.0
-1.21274,-2.29074,0.0
-1.21274,-2.25705,0.0
-1.21274,-2.22336,0.0
-1.21274,-2.18968,0.0
-1.21274,-2.15599,0.0
-1.21274,-2.1223,0.0
-1.21274,-2.08862,0.0
-1.21274,-2.05493,0.0
-1.21274,-2.02124,0.0
-1.21274,-1.98755,0.0
-1.21274,-1.95387,0.0
-1.21274,-1.92018,0.0
-1.21274,-1.88649,0.0
-1.21274,-1.8528,0.0
-1.21274,-1.81912,0.0
-1.21274,-1.78543,0.0
-1.21274,-1.75174,0.0
-1.21274,-1.71805,0.0
-1.21274,-1.68437,0.0
-1.21274,-1.65068,0.0
-1.21274,-1.61699,0.0
-1.21274,-1.58331,0.0
-1.21274,-1.54962,0.0
-1.21274,-1.51593,0.0
-1.21274,-1.48224,0.0
-1.21274,-1.44856,0.0
-1.21274,-1.41487,0.0
-1.21274,-1.38118,0.0
-1.21274,-1.34749,0.0
-1.21274,-1.31381,0.0
-1.21274,-1.28012,0.0
-1.21274,-1.24643,0.0
-1.21274,-1.21274,0.0
-1.21274,-1.17906,0.0
-1.21274,-1.14537,0.0
-1.21274,-1.11168,0.0
-1.21274,-1.078,0.0
-1.21274,-1.04431,0.0
-1.21274,-1.01062,0.0
-1.21274,-0.97693,0.0
-1.21274,-0.94325,0.0
-1.21274,-0.90956,0.0
-1.21274,-0.87587,0.0
-1.21274,-0.84218,0.0
-1.21274,-0.8085,0.0
-1.21274,-0.77481,0.0
-1.21274,-0.74112,0.0
-1.21274,-0.70743,0.0
-1.21274,-0.67375,0.0
-1.21274,-0.64006,0.0
-1.21274,-0.60637,0.0
-1.21274,-0.57268,0.0
-1.21274,-0.539,0.0
-1.21274,-0.50531,0.0
-1.21274,-0.47162,0.0
-1.21274,-0.43794,0.0
-1.21274,-0.40425,0.0
-1.21274,-0.37056,0.0
-1.21274,-0.33687,0.0
-1.21274,-0.30319,0.0
-1.21274,-0.2695,0.0
-1.21274,-0.23581,0.0
-1.21274,-0.20212,0.0
-1.21274,-0.16844,0.0
-1.21274,-0.13475,0.0
-1.21274,-0.10106,0.0
-1.21274,-0.06737,0.0
-1.21274,-0.03369,0.0
-1.21274,0,0.0
-1.21274,0.03369,0.0
-1.21274,0.06737,0.0
-1.21274,0.10106,0.0
-1.21274,0.13475,0.0
-1.21274,0.16844,0.0
-1.21274,0.20212,0.0
-1.21274,0.23581,0.0
-1.21274,0.2695,0.0
-1.21274,0.30319,0.0
-1.21274,0.33687,0.0
-1.21274,0.37056,0.0
-1.21274,0.40425,0.0
-1.21274,0.43794,0.0
-1.21274,0.47162,0.0
-1.21274,0.50531,0.0
-1.21274,0.539,0.0
-1.21274,0.57268,0.0
-1.21274,0.60637,0.0
-1.21274,0.64006,0.0
-1.21274,0.67375,0.0
-1.21274,0.70743,0.0
-1.21274,0.74112,0.0
-1.21274,0.77481,0.0
-1.21274,0.8085,0.0
-1.21274,0.84218,0.0
-1.21274,0.87587,0.0
-1.21274,0.90956,0.0
-1.21274,0.94325,0.0
-1.21274,0.97693,0.0
-1.21274,1.01062,0.0
-1.21274,1.04431,0.0
-1.21274,1.078,0.0
-1.21274,1.11168,0.0
-1.21274,1.14537,0.0
-1.21274,1.17906,0.0
-1.21274,1.21274,0.0
-1.21274,1.24643,0.0
-1.21274,1.28012,0.0
-1.21274,1.31381,0.0
-1.21274,1.34749,0.0
-1.21274,1.38118,0.0
-1.21274,1.41487,0.0
-1.21274,1.44856,0.0
-1.21274,1.48224,0.0
-1.21274,1.51593,0.0
-1.21274,1.54962,0.0
-1.21274,1.58331,0.0
-1.21274,1.61699,0.0
-1.21274,1.65068,0.0
-1.21274,1.68437,0.0
-1.21274,1.71805,0.0
-1.21274,1.75174,0.0
-1.21274,1.78543,0.0
-1.21274,1.81912,0.0
-1.21274,1.8528,0.0
-1.21274,1.88649,0.0
-1.21274,1.92018,0.0
-1.21274,1.95387,0.0
-1.21274,1.98755,0.0
-1.21274,2.02124,0.0
-1.21274,2.05493,0.0
-1.21274,2.08862,0.0
-1.21274,2.1223,0.0
-1.21274,2.15599,0.0
-1.21274,2.18968,0.0
-1.21274,2.22336,0.0
-1.21274,2.25705,0.0
-1.21274,2.29074,0.0
-1.21274,2.32443,0.0
-1.21274,2.35811,0.0
-1.21274,2.3918,0.0
-1.21274,2.42549,0.0
-1.21274,2.45918,0.0
-1.21274,2.49286,0.0
-1.21274,2.52655,0.0
-1.21274,2.56024,0.0
-1.21274,2.59393,0.0
-1.21274,2.62761,0.0
-1.21274,2.6613,0.0
-1.21274,2.69499,0.0
-1.21274,2.72868,0.0
-1.21274,2.76236,0.0
-1.21274,2.79605,0.0
-1.21274,2.82974,0.0
-1.21274,2.86342,0.0
-1.21274,2.89711,0.0
-1.21274,2.9308,0.0
-1.21274,2.96449,0.0
-1.21274,2.99817,0.0
-1.21274,3.03186,0.0
-1.21274,3.06555,0.0
-1.17906,-3.06555,0.0
-1.17906,-3.03186,0.0
-1.17906,-2.99817,0.0
-1.17906,-2.96449,0.0
-1.17906,-2.9308,0.0
-1.17906,-2.89711,0.0
-1.17906,-2.86342,0.0
-1.17906,-2.82974,0.0
-1.17906,-2.79605,0.0
-1.17906,-2.76236,0.0
-1.17906,-2.72868,0.0
-1.17906,-2.69499,0.0
-1.17906,-2.6613,0.0
-1.17906,-2.62761,0.0
-1.17906,-2.59393,0.0
-1.17906,-2.56024,0.0
-1.17906,-2.52655,0.0
-1.17906,-2.49286,0.0
-1.17906,-2.45918,0.0
-1.17906,-2.42549,0.0
-1.17906,-2.3918,0.0
-1.17906,-2.35811,0.0
-1.17906,-2.32443,0.0
-1.17906,-2.29074,0.0
-1.17906,-2.25705,0.0
-1.17906,-2.22336,0.0
-1.17906,-2.18968,0.0
-1.17906,-2.15599,0.0
-1.17906,-2.1223,0.0
-1.17906,-2.08862,0.0
-1.17906,-2.05493,0.0
-1.17906,-2.02124,0.0
-1.17906,-1.98755,0.0
-1.17906,-1.95387,0.0
-1.17906,-1.92018,0.0
-1.17906,-1.88649,0.0
-1.17906,-1.8528,0.0
-1.17906,-1.81912,0.0
-1.17906,-1.78543,0.0
-1.17906,-1.75174,0.0
-1.17906,-1.71805,0.0
-1.17906,-1.68437,0.0
-1.17906,-1.65068,0.0
-1.17906,-1.61699,0.0
-1.17906,-1.58331,0.0
-1.17906,-1.54962,0.0
-1.17906,-1.51593,0.0
-1.17906,-1.48224,0.0
-1.17906,-1.44856,0.0
-1.17906,-1.41487,0.0
-1.17906,-1.38118,0.0
-1.17906,-1.34749,0.0
-1.17906,-1.31381,0.0
-1.17906,-1.28012,0.0
-1.17906,-1.24643,0.0
-1.17906,-1.21274,0.0
-1.17906,-1.17906,0.0
-1.17906,-1.14537,0.0
-1.17906,-1.11168,0.0
-1.17906,-1.078,0.0
-1.17906,-1.04431,0.0
-1.17906,-1.01062,0.0
-1.17906,-0.97693,0.0
-1.17906,-0.94325,0.0
-1.17906,-0.90956,0.0
-1.17906,-0.87587,0.0
-1.17906,-0.84218,0.0
-1.17906,-0.8085,0.0
-1.17906,-0.77481,0.0
-1.17906,-0.74112,0.0
-1.17906,-0.70743,0.0
-1.17906,-0.67375,0.0
-1.17906,-0.64006,0.0
-1.17906,-0.60637,0.0
-1.17906,-0.57268,0.0
-1.17906,-0.539,0.0
-1.17906,-0.50531,0.0
-1.17906,-0.47162,0.0
-1.17906,-0.43794,0.0
-1.17906,-0.40425,0.0
-1.17906,-0.37056,0.0
-1.17906,-0.33687,0.0
-1.17906,-0.30319,0.0
-1.17906,-0.2695,0.0
-1.17906,-0.23581,0.0
-1.17906,-0.20212,0.0
-1.17906,-0.16844,0.0
-1.17906,-0.13475,0.0
-1.17906,-0.10106,0.0
-1.17906,-0.06737,0.0
-1.17906,-0.03369,0.0
-1.17906,0,0.0
-1.17906,0.03369,0.0
-1.17906,0.06737,0.0
-1.17906,0.10106,0.0
-1.17906,0.13475,0.0
-1.17906,0.16844,0.0
-1.17906,0.20212,0.0
-1.17906,0.23581,0.0
-1.17906,0.2695,0.0
-1.17906,0.30319,0.0
-1.17906,0.33687,0.0
-1.17906,0.37056,0.0
-1.17906,0.40425,0.0
-1.17906,0.43794,0.0
-1.17906,0.47162,0.0
-1.17906,0.50531,0.0
-1.17906,0.539,0.0
-1.17906,0.57268,0.0
-1.17906,0.60637,0.0
-1.17906,0.64006,0.0
-1.17906,0.67375,0.0
-1.17906,0.70743,0.0
-1.17906,0.74112,0.0
-1.17906,0.77481,0.0
-1.17906,0.8085,0.0
-1.17906,0.84218,0.0
-1.17906,0.87587,0.0
-1.17906,0.90956,0.0
-1.17906,0.94325,0.0
-1.17906,0.97693,0.0
-1.17906,1.01062,0.0
-1.17906,1.04431,0.0
-1.17906,1.078,0.0
-1.17906,1.11168,0.0
-1.17906,1.14537,0.0
-1.17906,1.17906,0.0
-1.17906,1.21274,0.0
-1.17906,1.24643,0.0
-1.17906,1.28012,0.0
-1.17906,1.31381,0.0
-1.17906,1.34749,0.0
-1.17906,1.38118,0.0
-1.17906,1.41487,0.0
-1.17906,1.44856,0.0
-1.17906,1.48224,0.0
-1.17906,1.51593,0.0
-1.17906,1.54962,0.0
-1.17906,1.58331,0.0
-1.17906,1.61699,0.0
-1.17906,1.65068,0.0
-1.17906,1.68437,0.0
-1.17906,1.71805,0.0
-1.17906,1.75174,0.0
-1.17906,1.78543,0.0
-1.17906,1.81912,0.0
-1.17906,1.8528,0.0
-1.17906,1.88649,0.0
-1.17906,1.92018,0.0
-1.17906,1.95387,0.0
-1.17906,1.98755,0.0
-1.17906,2.02124,0.0
-1.17906,2.05493,0.0
-1.17906,2.08862,0.0
-1.17906,2.1223,0.0
-1.17906,2.15599,0.0
-1.17906,2.18968,0.0
-1.17906,2.22336,0.0
-1.17906,2.25705,0.0
-1.17906,2.29074,0.0
-1.17906,2.32443,0.0
-1.17906,2.35811,0.0
-1.17906,2.3918,0.0
-1.17906,2.42549,0.0
-1.17906,2.45918,0.0
-1.17906,2.49286,0.0
-1.17906,2.52655,0.0
-1.17906,2.56024,0.0
-1.17906,2.59393,0.0
-1.17906,2.62761,0.0
-1.17906,2.6613,0.0
-1.17906,2.69499,0.0
-1.17906,2.72868,0.0
-1.17906,2.76236,0.0
-1.17906,2.79605,0.0
-1.17906,2.82974,0.0
-1.17906,2.86342,0.0
-1.17906,2.89711,0.0
-1.17906,2.9308,0.0
-1.17906,2.96449,0.0
-1.17906,2.99817,0.0
-1.17906,3.03186,0.0
-1.17906,3.06555,0.0
-1.14537,-3.06555,0.0
-1.14537,-3.03186,0.0
-1.14537,-2.99817,0.0
-1.14537,-2.96449,0.0
-1.14537,-2.9308,0.0
-1.14537,-2.89711,0.0
-1.14537,-2.86342,0.0
-1.14537,-2.82974,0.0
-1.14537,-2.79605,0.0
-1.14537,-2.76236,0.0
-1.14537,-2.72868,0.0
-1.14537,-2.69499,0.0
-1.14537,-2.6613,0.0
-1.14537,-2.62761,0.0
-1.14537,-2.59393,0.0
-1.14537,-2.56024,0.0
-1.14537,-2.52655,0.0
-1.14537,-2.49286,0.0
-1.14537,-2.45918,0.0
-1.14537,-2.42549,0.0
-1.14537,-2.3918,0.0
-1.14537,-2.35811,0.0
-1.14537,-2.32443,0.0
-1.14537,-2.29074,0.0
-1.14537,-2.25705,0.0
-1.14537,-2.22336,0.0
-1.14537,-2.18968,0.0
-1.14537,-2.15599,0.0
-1.14537,-2.1223,0.0
-1.14537,-2.08862,0.0
-1.14537,-2.05493,0.0
-1.14537,-2.02124,0.0
-1.14537,-1.98755,0.0
-1.14537,-1.95387,0.0
-1.14537,-1.92018,0.0
-1.14537,-1.88649,0.0
-1.14537,-1.8528,0.0
-1.14537,-1.81912,0.0
-1.14537,-1.78543,0.0
-1.14537,-1.75174,0.0
-1.14537,-1.71805,0.0
-1.14537,-1.68437,0.0
-1.14537,-1.65068,0.0
-1.14537,-1.61699,0.0
-1.14537,-1.58331,0.0
-1.14537,-1.54962,0.0
-1.14537,-1.51593,0.0
-1.14537,-1.48224,0.0
-1.14537,-1.44856,0.0
-1.14537,-1.41487,0.0
-1.14537,-1.38118,0.0
-1.14537,-1.34749,0.0
-1.14537,-1.31381,0.0
-1.14537,-1.28012,0.0
-1.14537,-1.24643,0.0
-1.14537,-1.21274,0.0
-1.14537,-1.17906,0.0
-1.14537,-1.14537,0.0
-1.14537,-1.11168,0.0
-1.14537,-1.078,0.0
-1.14537,-1.04431,0.0
-1.14537,-1.01062,0.0
-1.14537,-0.97693,0.0
-1.14537,-0.94325,0.0
-1.14537,-0.90956,0.0
-1.14537,-0.87587,0.0
-1.14537,-0.84218,0.0
-1.14537,-0.8085,0.0
-1.14537,-0.77481,0.0
-1.14537,-0.74112,0.0
-1.14537,-0.70743,0.0
-1.14537,-0.67375,0.0
-1.14537,-0.64006,0.0
-1.14537,-0.60637,0.0
-1.14537,-0.57268,0.0
-1.14537,-0.539,0.0
-1.14537,-0.50531,0.0
-1.14537,-0.47162,0.0
-1.14537,-0.43794,0.0
-1.14537,-0.40425,0.0
-1.14537,-0.37056,0.0
-1.14537,-0.33687,0.0
-1.14537,-0.30319,0.0
-1.14537,-0.2695,0.0
-1.14537,-0.23581,0.0
-1.14537,-0.20212,0.0
-1.14537,-0.16844,0.0
-1.14537,-0.13475,0.0
-1.14537,-0.10106,0.0
-1.14537,-0.06737,0.0
-1.14537,-0.03369,0.0
-1.14537,0,0.0
-1.14537,0.03369,0.0
-1.14537,0.06737,0.0
-1.14537,0.10106,0.0
-1.14537,0.13475,0.0
-1.14537,0.16844,0.0
-1.14537,0.20212,0.0
-1.14537,0.23581,0.0
-1.14537,0.2695,0.0
-1.14537,0.30319,0.0
-1.14537,0.33687,0.0
-1.14537,0.37056,0.0
-1.14537,0.40425,0.0
-1.14537,0.43794,0.0
-1.14537,0.47162,0.0
-1.14537,0.50531,0.0
-1.14537,0.539,0.0
-1.14537,0.57268,0.0
-1.14537,0.60637,0.0
-1.14537,0.64006,0.0
-1.14537,0.67375,0.0
-1.14537,0.70743,0.0
-1.14537,0.74112,0.0
-1.14537,0.77481,0.0
-1.14537,0.8085,0.0
-1.14537,0.84218,0.0
-1.14537,0.87587,0.0
-1.14537,0.90956,0.0
-1.14537,0.94325,0.0
-1.14537,0.97693,0.0
-1.14537,1.01062,0.0
-1.14537,1.04431,0.0
-1.14537,1.078,0.0
-1.14537,1.11168,0.0
-1.14537,1.14537,0.0
-1.14537,1.17906,0.0
-1.14537,1.21274,0.0
-1.14537,1.24643,0.0
-1.14537,1.28012,0.0
-1.14537,1.31381,0.0
-1.14537,1.34749,0.0
-1.14537,1.38118,0.0
-1.14537,1.41487,0.0
-1.14537,1.44856,0.0
-1.14537,1.48224,0.0
-1.14537,1.51593,0.0
-1.14537,1.54962,0.0
-1.14537,1.58331,0.0
-1.14537,1.61699,0.0
-1.14537,1.65068,0.0
-1.14537,1.68437,0.0
-1.14537,1.71805,0.0
-1.14537,1.75174,0.0
-1.14537,1.78543,0.0
-1.14537,1.81912,0.0
-1.14537,1.8528,0.0
-1.14537,1.88649,0.0
-1.14537,1.92018,0.0
-1.14537,1.95387,0.0
-1.14537,1.98755,0.0
-1.14537,2.02124,0.0
-1.14537,2.05493,0.0
-1.14537,2.08862,0.0
-1.14537,2.1223,0.0
-1.14537,2.15599,0.0
-1.14537,2.18968,0.0
-1.14537,2.22336,0.0
-1.14537,2.25705,0.0
-1.14537,2.29074,0.0
-1.14537,2.32443,0.0
-1.14537,2.35811,0.0
-1.14537,2.3918,0.0
-1.14537,2.42549,0.0
-1.14537,2.45918,0.0
-1.14537,2.49286,0.0
-1.14537,2.52655,0.0
-1.14537,2.56024,0.0
-1.14537,2.59393,0.0
-1.14537,2.62761,0.0
-1.14537,2.6613,0.0
-1.14537,2.69499,0.0
-1.14537,2.72868,0.0
-1.14537,2.76236,0.0
-1.14537,2.79605,0.0
-1.14537,2.82974,0.0
-1.14537,2.86342,0.0
-1.14537,2.89711,0.0
-1.14537,2.9308,0.0
-1.14537,2.96449,0.0
-1.14537,2.99817,0.0
-1.14537,3.03186,0.0
-1.14537,3.06555,0.0
-1.11168,-3.09924,0.0
-1.11168,-3.06555,0.0
-1.11168,-3.03186,0.0
-1.11168,-2.99817,0.0
-1.11168,-2.96449,0.0
-1.11168,-2.9308,0.0
-1.11168,-2.89711,0.0
-1.11168,-2.86342,0.0
-1.11168,-2.82974,0.0
-1.11168,-2.79605,0.0
-1.11168,-2.76236,0.0
-1.11168,-2.72868,0.0
-1.11168,-2.69499,0.0
-1.11168,-2.6613,0.0
-1.11168,-2.62761,0.0
-1.11168,-2.59393,0.0
-1.11168,-2.56024,0.0
-1.11168,-2.52655,0.0
-1.11168,-2.49286,0.0
-1.11168,-2.45918,0.0
-1.11168,-2.42549,0.0
-1.11168,-2.3918,0.0
-1.11168,-2.35811,0.0
-1.11168,-2.32443,0.0
-1.11168,-2.29074,0.0
-1.11168,-2.25705,0.0
-1.11168,-2.22336,0.0
-1.11168,-2.18968,0.0
-1.11168,-2.15599,0.0
-1.11168,-2.1223,0.0
-1.11168,-2.08862,0.0
-1.11168,-2.05493,0.0
-1.11168,-2.02124,0.0
-1.11168,-1.98755,0.0
-1.11168,-1.95387,0.0
-1.11168,-1.92018,0.0
-1.11168,-1.88649,0.0
-1.11168,-1.8528,0.0
-1.11168,-1.81912,0.0
-1.11168,-1.78543,0.0
-1.11168,-1.75174,0.0
-1.11168,-1.71805,0.0
-1.11168,-1.68437,0.0
-1.11168,-1.65068,0.0
-1.11168,-1.61699,0.0
-1.11168,-1.58331,0.0
-1.11168,-1.54962,0.0
-1.11168,-1.51593,0.0
-1.11168,-1.48224,0.0
-1.11168,-1.44856,0.0
-1.11168,-1.41487,0.0
-1.11168,-1.38118,0.0
-1.11168,-1.34749,0.0
-1.11168,-1.31381,0.0
-1.11168,-1.28012,0.0
-1.11168,-1.24643,0.0
-1.11168,-1.21274,0.0
-1.11168,-1.17906,0.0
-1.11168,-1.14537,0.0
-1.11168,-1.11168,0.0
-1.11168,-1.078,0.0
-1.11168,-1.04431,0.0
-1.11168,-1.01062,0.0
-1.11168,-0.97693,0.0
-1.11168,-0.94325,0.0
-1.11168,-0.90956,0.0
-1.11168,-0.87587,0.0
-1.11168,-0.84218,0.0
-1.11168,-0.8085,0.0
-1.11168,-0.77481,0.0
-1.11168,-0.74112,0.0
-1.11168,-0.70743,0.0
-1.11168,-0.67375,0.0
-1.11168,-0.64006,0.0
-1.11168,-0.60637,0.0
-1.11168,-0.57268,0.0
-1.11168,-0.539,0.0
-1.11168,-0.50531,0.0
-1.11168,-0.47162,0.0
-1.11168,-0.43794,0.0
-1.11168,-0.40425,0.0
-1.11168,-0.37056,0.0
-1.11168,-0.33687,0.0
-1.11168,-0.30319,0.0
-1.11168,-0.2695,0.0
-1.11168,-0.23581,0.0
-1.11168,-0.20212,0.0
-1.11168,-0.16844,0.0
-1.11168,-0.13475,0.0
-1.11168,-0.10106,0.0
-1.11168,-0.06737,0.0
-1.11168,-0.03369,0.0
-1.11168,0,0.0
-1.11168,0.03369,0.0
-1.11168,0.06737,0.0
-1.11168,0.10106,0.0
-1.11168,0.13475,0.0
-1.11168,0.16844,0.0
-1.11168,0.20212,0.0
-1.11168,0.23581,0.0
-1.11168,0.2695,0.0
-1.11168,0.30319,0.0
-1.11168,0.33687,0.0
-1.11168,0.37056,0.0
-1.11168,0.40425,0.0
-1.11168,0.43794,0.0
-1.11168,0.47162,0.0
-1.11168,0.50531,0.0
-1.11168,0.539,0.0
-1.11168,0.57268,0.0
-1.11168,0.60637,0.0
-1.11168,0.64006,0.0
-1.11168,0.67375,0.0
-1.11168,0.70743,0.0
-1.11168,0.74112,0.0
-1.11168,0.77481,0.0
-1.11168,0.8085,0.0
-1.11168,0.84218,0.0
-1.11168,0.87587,0.0
-1.11168,0.90956,0.0
-1.11168,0.94325,0.0
-1.11168,0.97693,0.0
-1.11168,1.01062,0.0
-1.11168,1.04431,0.0
-1.11168,1.078,0.0
-1.11168,1.11168,0.0
-1.11168,1.14537,0.0
-1.11168,1.17906,0.0
-1.11168,1.21274,0.0
-1.11168,1.24643,0.0
-1.11168,1.28012,0.0
-1.11168,1.31381,0.0
-1.11168,1.34749,0.0
-1.11168,1.38118,0.0
-1.11168,1.41487,0.0
-1.11168,1.44856,0.0
-1.11168,1.48224,0.0
-1.11168,1.51593,0.0
-1.11168,1.54962,0.0
-1.11168,1.58331,0.0
-1.11168,1.61699,0.0
-1.11168,1.65068,0.0
-1.11168,1.68437,0.0
-1.11168,1.71805,0.0
-1.11168,1.75174,0.0
-1.11168,1.78543,0.0
-1.11168,1.81912,0.0
-1.11168,1.8528,0.0
-1.11168,1.88649,0.0
-1.11168,1.92018,0.0
-1.11168,1.95387,0.0
-1.11168,1.98755,0.0
-1.11168,2.02124,0.0
-1.11168,2.05493,0.0
-1.11168,2.08862,0.0
-1.11168,2.1223,0.0
-1.11168,2.15599,0.0
-1.11168,2.18968,0.0
-1.11168,2.22336,0.0
-1.11168,2.25705,0.0
-1.11168,2.29074,0.0
-1.11168,2.32443,0.0
-1.11168,2.35811,0.0
-1.11168,2.3918,0.0
-1.11168,2.42549,0.0
-1.11168,2.45918,0.0
-1.11168,2.49286,0.0
-1.11168,2.52655,0.0
-1.11168,2.56024,0.0
-1.11168,2.59393,0.0
-1.11168,2.62761,0.0
-1.11168,2.6613,0.0
-1.11168,2.69499,0.0
-1.11168,2.72868,0.0
-1.11168,2.76236,0.0
-1.11168,2.79605,0.0
-1.11168,2.82974,0.0
-1.11168,2.86342,0.0
-1.11168,2.89711,0.0
-1.11168,2.9308,0.0
-1.11168,2.96449,0.0
-1.11168,2.99817,0.0
-1.11168,3.03186,0.0
-1.11168,3.06555,0.0
-1.11168,3.09924,0.0
-1.078,-3.09924,0.0
-1.078,-3.06555,0.0
-1.078,-3.03186,0.0
-1.078,-2.99817,0.0
-1.078,-2.96449,0.0
-1.078,-2.9308,0.0
-1.078,-2.89711,0.0
-1.078,-2.86342,0.0
-1.078,-2.82974,0.0
-1.078,-2.79605,0.0
-1.078,-2.76236,0.0
-1.078,-2.72868,0.0
-1.078,-2.69499,0.0
-1.078,-2.6613,0.0
-1.078,-2.62761,0.0
-1.078,-2.59393,0.0
-1.078,-2.56024,0.0
-1.078,-2.52655,0.0
-1.078,-2.49286,0.0
-1.078,-2.45918,0.0
-1.078,-2.42549,0.0
-1.078,-2.3918,0.0
-1.078,-2.35811,0.0
-1.078,-2.32443,0.0
-1.078,-2.29074,0.0
-1.078,-2.25705,0.0
-1.078,-2.22336,0.0
-1.078,-2.18968,0.0
-1.078,-2.15599,0.0
-1.078,-2.1223,0.0
-1.078,-2.08862,0.0
-1.078,-2.05493,0.0
-1.078,-2.02124,0.0
-1.078,-1.98755,0.0
-1.078,-1.95387,0.0
-1.078,-1.92018,0.0
-1.078,-1.88649,0.0
-1.078,-1.8528,0.0
-1.078,-1.81912,0.0
-1.078,-1.78543,0.0
-1.078,-1.75174,0.0
-1.078,-1.71805,0.0
-1.078,-1.68437,0.0
-1.078,-1.65068,0.0
-1.078,-1.61699,0.0
-1.078,-1.58331,0.0
-1.078,-1.54962,0.0
-1.078,-1.51593,0.0
-1.078,-1.48224,0.0
-1.078,-1.44856,0.0
-1.078,-1.41487,0.0
-1.078,-1.38118,0.0
-1.078,-1.34749,0.0
-1.078,-1.31381,0.0
-1.078,-1.28012,0.0
-1.078,-1.24643,0.0
-1.078,-1.21274,0.0
-1.078,-1.17906,0.0
-1.078,-1.14537,0.0
-1.078,-1.11168,0.0
-1.078,-1.078,0.0
-1.078,-1.04431,0.0
-1.078,-1.01062,0.0
-1.078,-0.97693,0.0
-1.078,-0.94325,0.0
-1.078,-0.90956,0.0
-1.078,-0.87587,0.0
-1.078,-0.84218,0.0
-1.078,-0.8085,0.0
-1.078,-0.77481,0.0
-1.078,-0.74112,0.0
-1.078,-0.70743,0.0
-1.078,-0.67375,0.0
-1.078,-0.64006,0.0
-1.078,-0.60637,0.0
-1.078,-0.57268,0.0
-1.078,-0.539,0.0
-1.078,-0.50531,0.0
-1.078,-0.47162,0.0
-1.078,-0.43794,0.0
-1.078,-0.40425,0.0
-1.078,-0.37056,0.0
-1.078,-0.33687,0.0
-1.078,-0.30319,0.0
-1.078,-0.2695,0.0
-1.078,-0.23581,0.0
-1.078,-0.20212,0.0
-1.078,-0.16844,0.0
-1.078,-0.13475,0.0
-1.078,-0.10106,0.0
-1.078,-0.06737,0.0
-1.078,-0.03369,0.0
-1.078,0,0.0
-1.078,0.03369,0.0
-1.078,0.06737,0.0
-1.078,0.10106,0.0
-1.078,0.13475,0.0
-1.078,0.16844,0.0
-1.078,0.20212,0.0
-1.078,0.23581,0.0
-1.078,0.2695,0.0
-1.078,0.30319,0.0
-1.078,0.33687,0.0
-1.078,0.37056,0.0
-1.078,0.40425,0.0
-1.078,0.43794,0.0
-1.078,0.47162,0.0
-1.078,0.50531,0.0
-1.078,0.539,0.0
-1.078,0.57268,0.0
-1.078,0.60637,0.0
-1.078,0.64006,0.0
-1.078,0.67375,0.0
-1.078,0.70743,0.0
-1.078,0.74112,0.0
-1.078,0.77481,0.0
-1.078,0.8085,0.0
-1.078,0.84218,0.0
-1.078,0.87587,0.0
-1.078,0.90956,0.0
-1.078,0.94325,0.0
-1.078,0.97693,0.0
-1.078,1.01062,0.0
-1.078,1.04431,0.0
-1.078,1.078,0.0
-1.078,1.11168,0.0
-1.078,1.14537,0.0
-1.078,1.17906,0.0
-1.078,1.21274,0.0
-1.078,1.24643,0.0
-1.078,1.28012,0.0
-1.078,1.31381,0.0
-1.078,1.34749,0.0
-1.078,1.38118,0.0
-1.078,1.41487,0.0
-1.078,1.44856,0.0
-1.078,1.48224,0.0
-1.078,1.51593,0.0
-1.078,1.54962,0.0
-1.078,1.58331,0.0
-1.078,1.61699,0.0
-1.078,1.65068,0.0
-1.078,1.68437,0.0
-1.078,1.71805,0.0
-1.078,1.75174,0.0
-1.078,1.78543,0.0
-1.078,1.81912,0.0
-1.078,1.8528,0.0
-1.078,1.88649,0.0
-1.078,1.92018,0.0
-1.078,1.95387,0.0
-1.078,1.98755,0.0
-1.078,2.02124,0.0
-1.078,2.05493,0.0
-1.078,2.08862,0.0
-1.078,2.1223,0.0
-1.078,2.15599,0.0
-1.078,2.18968,0.0
-1.078,2.22336,0.0
-1.078,2.25705,0.0
-1.078,2.29074,0.0
-1.078,2.32443,0.0
-1.078,2.35811,0.0
-1.078,2.3918,0.0
-1.078,2.42549,0.0
-1.078,2.45918,0.0
-1.078,2.49286,0.0
-1.078,2.52655,0.0
-1.078,2.56024,0.0
-1.078,2.59393,0.0
-1.078,2.62761,0.0
-1.078,2.6613,0.0
-1.078,2.69499,0.0
-1.078,2.72868,0.0
-1.078,2.76236,0.0
-1.078,2.79605,0.0
-1.078,2.82974,0.0
-1.078,2.86342,0.0
-1.078,2.89711,0.0
-1.078,2.9308,0.0
-1.078,2.96449,0.0
-1.078,2.99817,0.0
-1.078,3.03186,0.0
-1.078,3.06555,0.0
-1.078,3.09924,0.0
-1.04431,-3.09924,0.0
-1.04431,-3.06555,0.0
-1.04431,-3.03186,0.0
-1.04431,-2.99817,0.0
-1.04431,-2.96449,0.0
-1.04431,-2.9308,0.0
-1.04431,-2.89711,0.0
-1.04431,-2.86342,0.0
-1.04431,-2.82974,0.0
-1.04431,-2.79605,0.0
-1.04431,-2.76236,0.0
-1.04431,-2.72868,0.0
-1.04431,-2.69499,0.0
-1.04431,-2.6613,0.0
-1.04431,-2.62761,0.0
-1.04431,-2.59393,0.0
-1.04431,-2.56024,0.0
-1.04431,-2.52655,0.0
-1.04431,-2.49286,0.0
-1.04431,-2.45918,0.0
-1.04431,-2.42549,0.0
-1.04431,-2.3918,0.0
-1.04431,-2.35811,0.0
-1.04431,-2.32443,0.0
-1.04431,-2.29074,0.0
-1.04431,-2.25705,0.0
-1.04431,-2.22336,0.0
-1.04431,-2.18968,0.0
-1.04431,-2.15599,0.0
-1.04431,-2.1223,0.0
-1.04431,-2.08862,0.0
-1.04431,-2.05493,0.0
-1.04431,-2.02124,0.0
-1.04431,-1.98755,0.0
-1.04431,-1.95387,0.0
-1.04431,-1.92018,0.0
-1.04431,-1.88649,0.0
-1.04431,-1.8528,0.0
-1.04431,-1.81912,0.0
-1.04431,-1.78543,0.0
-1.04431,-1.75174,0.0
-1.04431,-1.71805,0.0
-1.04431,-1.68437,0.0
-1.04431,-1.65068,0.0
-1.04431,-1.61699,0.0
-1.04431,-1.58331,0.0
-1.04431,-1.54962,0.0
-1.04431,-1.51593,0.0
-1.04431,-1.48224,0.0
-1.04431,-1.44856,0.0
-1.04431,-1.41487,0.0
-1.04431,-1.38118,0.0
-1.04431,-1.34749,0.0
-1.04431,-1.31381,0.0
-1.04431,-1.28012,0.0
-1.04431,-1.24643,0.0
-1.04431,-1.21274,0.0
-1.04431,-1.17906,0.0
-1.04431,-1.14537,0.0
-1.04431,-1.11168,0.0
-1.04431,-1.078,0.0
-1.04431,-1.04431,0.0
-1.04431,-1.01062,0.0
-1.04431,-0.97693,0.0
-1.04431,-0.94325,0.0
-1.04431,-0.90956,0.0
-1.04431,-0.87587,0.0
-1.04431,-0.84218,0.0
-1.04431,-0.8085,0.0
-1.04431,-0.77481,0.0
-1.04431,-0.74112,0.0
-1.04431,-0.70743,0.0
-1.04431,-0.67375,0.0
-1.04431,-0.64006,0.0
-1.04431,-0.60637,0.0
-1.04431,-0.57268,0.0
-1.04431,-0.539,0.0
-1.04431,-0.50531,0.0
-1.04431,-0.47162,0.0
-1.04431,-0.43794,0.0
-1.04431,-0.40425,0.0
-1.04431,-0.37056,0.0
-1.04431,-0.33687,0.0
-1.04431,-0.30319,0.0
-1.04431,-0.2695,0.0
-1.04431,-0.23581,0.0
-1.04431,-0.20212,0.0
-1.04431,-0.16844,0.0
-1.04431,-0.13475,0.0
-1.04431,-0.10106,0.0
-1.04431,-0.06737,0.0
-1.04431,-0.03369,0.0
-1.04431,0,0.0
-1.04431,0.03369,0.0
-1.04431,0.06737,0.0
-1.04431,0.10106,0.0
-1.04431,0.13475,0.0
-1.04431,0.16844,0.0
-1.04431,0.20212,0.0
-1.04431,0.23581,0.0
-1.04431,0.2695,0.0
-1.04431,0.30319,0.0
-1.04431,0.33687,0.0
-1.04431,0.37056,0.0
-1.04431,0.40425,0.0
-1.04431,0.43794,0.0
-1.04431,0.47162,0.0
-1.04431,0.50531,0.0
-1.04431,0.539,0.0
-1.04431,0.57268,0.0
-1.04431,0.60637,0.0
-1.04431,0.64006,0.0
-1.04431,0.67375,0.0
-1.04431,0.70743,0.0
-1.04431,0.74112,0.0
-1.04431,0.77481,0.0
-1.04431,0.8085,0.0
-1.04431,0.84218,0.0
-1.04431,0.87587,0.0
-1.04431,0.90956,0.0
-1.04431,0.94325,0.0
-1.04431,0.97693,0.0
-1.04431,1.01062,0.0
-1.04431,1.04431,0.0
-1.04431,1.078,0.0
-1.04431,1.11168,0.0
-1.04431,1.14537,0.0
-1.04431,1.17906,0.0
-1.04431,1.21274,0.0
-1.04431,1.24643,0.0
-1.04431,1.28012,0.0
-1.04431,1.31381,0.0
-1.04431,1.34749,0.0
-1.04431,1.38118,0.0
-1.04431,1.41487,0.0
-1.04431,1.44856,0.0
-1.04431,1.48224,0.0
-1.04431,1.51593,0.0
-1.04431,1.54962,0.0
-1.04431,1.58331,0.0
-1.04431,1.61699,0.0
-1.04431,1.65068,0.0
-1.04431,1.68437,0.0
-1.04431,1.71805,0.0
-1.04431,1.75174,0.0
-1.04431,1.78543,0.0
-1.04431,1.81912,0.0
-1.04431,1.8528,0.0
-1.04431,1.88649,0.0
-1.04431,1.92018,0.0
-1.04431,1.95387,0.0
-1.04431,1.98755,0.0
-1.04431,2.02124,0.0
-1.04431,2.05493,0.0
-1.04431,2.08862,0.0
-1.04431,2.1223,0.0
-1.04431,2.15599,0.0
-1.04431,2.18968,0.0
-1.04431,2.22336,0.0
-1.04431,2.25705,0.0
-1.04431,2.29074,0.0
-1.04431,2.32443,0.0
-1.04431,2.35811,0.0
-1.04431,2.3918,0.0
-1.04431,2.42549,0.0
-1.04431,2.45918,0.0
-1.04431,2.49286,0.0
-1.04431,2.52655,0.0
-1.04431,2.56024,0.0
-1.04431,2.59393,0.0
-1.04431,2.62761,0.0
-1.04431,2.6613,0.0
-1.04431,2.69499,0.0
-1.04431,2.72868,0.0
-1.04431,2.76236,0.0
-1.04431,2.79605,0.0
-1.04431,2.82974,0.0
-1.04431,2.86342,0.0
-1.04431,2.89711,0.0
-1.04431,2.9308,0.0
-1.04431,2.96449,0.0
-1.04431,2.99817,0.0
-1.04431,3.03186,0.0
-1.04431,3.06555,0.0
-1.04431,3.09924,0.0
-1.01062,-3.13292,0.0
-1.01062,-3.09924,0.0
-1.01062,-3.06555,0.0
-1.01062,-3.03186,0.0
-1.01062,-2.99817,0.0
-1.01062,-2.96449,0.0
-1.01062,-2.9308,0.0
-1.01062,-2.89711,0.0
-1.01062,-2.86342,0.0
-1.01062,-2.82974,0.0
-1.01062,-2.79605,0.0
-1.01062,-2.76236,0.0
-1.01062,-2.72868,0.0
-1.01062,-2.69499,0.0
-1.01062,-2.6613,0.0
-1.01062,-2.62761,0.0
-1.01062,-2.59393,0.0
-1.01062,-2.56024,0.0
-1.01062,-2.52655,0.0
-1.01062,-2.49286,0.0
-1.01062,-2.45918,0.0
-1.01062,-2.42549,0.0
-1.01062,-2.3918,0.0
-1.01062,-2.35811,0.0
-1.01062,-2.32443,0.0
-1.01062,-2.29074,0.0
-1.01062,-2.25705,0.0
-1.01062,-2.22336,0.0
-1.01062,-2.18968,0.0
-1.01062,-2.15599,0.0
-1.01062,-2.1223,0.0
-1.01062,-2.08862,0.0
-1.01062,-2.05493,0.0
-1.01062,-2.02124,0.0
-1.01062,-1.98755,0.0
-1.01062,-1.95387,0.0
-1.01062,-1.92018,0.0
-1.01062,-1.88649,0.0
-1.01062,-1.8528,0.0
-1.01062,-1.81912,0.0
-1.01062,-1.78543,0.0
-1.01062,-1.75174,0.0
-1.01062,-1.71805,0.0
-1.01062,-1.68437,0.0
-1.01062,-1.65068,0.0
-1.01062,-1.61699,0.0
-1.01062,-1.58331,0.0
-1.01062,-1.54962,0.0
-1.01062,-1.51593,0.0
-1.01062,-1.48224,0.0
-1.01062,-1.44856,0.0
-1.01062,-1.41487,0.0
-1.01062,-1.38118,0.0
-1.01062,-1.34749,0.0
-1.01062,-1.31381,0.0
-1.01062,-1.28012,0.0
-1.01062,-1.24643,0.0
-1.01062,-1.21274,0.0
-1.01062,-1.17906,0.0
-1.01062,-1.14537,0.0
-1.01062,-1.11168,0.0
-1.01062,-1.078,0.0
-1.01062,-1.04431,0.0
-1.01062,-1.01062,0.0
-1.01062,-0.97693,0.0
-1.01062,-0.94325,0.0
-1.01062,-0.90956,0.0
-1.01062,-0.87587,0.0
-1.01062,-0.84218,0.0
-1.01062,-0.8085,0.0
-1.01062,-0.77481,0.0
-1.01062,-0.74112,0.0
-1.01062,-0.70743,0.0
-1.01062,-0.67375,0.0
-1.01062,-0.64006,0.0
-1.01062,-0.60637,0.0
-1.01062,-0.57268,0.0
-1.01062,-0.539,0.0
-1.01062,-0.50531,0.0
-1.01062,-0.47162,0.0
-1.01062,-0.43794,0.0
-1.01062,-0.40425,0.0
-1.01062,-0.37056,0.0
-1.01062,-0.33687,0.0
-1.01062,-0.30319,0.0
-1.01062,-0.2695,0.0
-1.01062,-0.23581,0.0
-1.01062,-0.20212,0.0
-1.01062,-0.16844,0.0
-1.01062,-0.13475,0.0
-1.01062,-0.10106,0.0
-1.01062,-0.06737,0.0
-1.01062,-0.03369,0.0
-1.01062,0,0.0
-1.01062,0.03369,0.0
-1.01062,0.06737,0.0
-1.01062,0.10106,0.0
-1.01062,0.13475,0.0
-1.01062,0.16844,0.0
-1.01062,0.20212,0.0
-1.01062,0.23581,0.0
-1.01062,0.2695,0.0
-1.01062,0.30319,0.0
-1.01062,0.33687,0.0
-1.01062,0.37056,0.0
-1.01062,0.40425,0.0
-1.01062,0.43794,0.0
-1.01062,0.47162,0.0
-1.01062,0.50531,0.0
-1.01062,0.539,0.0
-1.01062,0.57268,0.0
-1.01062,0.60637,0.0
-1.01062,0.64006,0.0
-1.01062,0.67375,0.0
-1.01062,0.70743,0.0
-1.01062,0.74112,0.0
-1.01062,0.77481,0.0
-1.01062,0.8085,0.0
-1.01062,0.84218,0.0
-1.01062,0.87587,0.0
-1.01062,0.90956,0.0
-1.01062,0.94325,0.0
-1.01062,0.97693,0.0
-1.01062,1.01062,0.0
-1.01062,1.04431,0.0
-1.01062,1.078,0.0
-1.01062,1.11168,0.0
-1.01062,1.14537,0.0
-1.01062,1.17906,0.0
-1.01062,1.21274,0.0
-1.01062,1.24643,0.0
-1.01062,1.28012,0.0
-1.01062,1.31381,0.0
-1.01062,1.34749,0.0
-1.01062,1.38118,0.0
-1.01062,1.41487,0.0
-1.01062,1.44856,0.0
-1.01062,1.48224,0.0
-1.01062,1.51593,0.0
-1.01062,1.54962,0.0
-1.01062,1.58331,0.0
-1.01062,1.61699,0.0
-1.01062,1.65068,0.0
-1.01062,1.68437,0.0
-1.01062,1.71805,0.0
-1.01062,1.75174,0.0
-1.01062,1.78543,0.0
-1.01062,1.81912,0.0
-1.01062,1.8528,0.0
-1.01062,1.88649,0.0
-1.01062,1.92018,0.0
-1.01062,1.95387,0.0
-1.01062,1.98755,0.0
-1.01062,2.02124,0.0
-1.01062,2.05493,0.0
-1.01062,2.08862,0.0
-1.01062,2.1223,0.0
-1.01062,2.15599,0.0
-1.01062,2.18968,0.0
-1.01062,2.22336,0.0
-1.01062,2.25705,0.0
-1.01062,2.29074,0.0
-1.01062,2.32443,0.0
-1.01062,2.35811,0.0
-1.01062,2.3918,0.0
-1.01062,2.42549,0.0
-1.01062,2.45918,0.0
-1.01062,2.49286,0.0
-1.01062,2.52655,0.0
-1.01062,2.56024,0.0
-1.01062,2.59393,0.0
-1.01062,2.62761,0.0
-1.01062,2.6613,0.0
-1.01062,2.69499,0.0
-1.01062,2.72868,0.0
-1.01062,2.76236,0.0
-1.01062,2.79605,0.0
-1.01062,2.82974,0.0
-1.01062,2.86342,0.0
-1.01062,2.89711,0.0
-1.01062,2.9308,0.0
-1.01062,2.96449,0.0
-1.01062,2.99817,0.0
-1.01062,3.03186,0.0
-1.01062,3.06555,0.0
-1.01062,3.09924,0.0
-1.01062,3.13292,0.0
-0.97693,-3.13292,0.0
-0.97693,-3.09924,0.0
-0.97693,-3.06555,0.0
-0.97693,-3.03186,0.0
-0.97693,-2.99817,0.0
-0.97693,-2.96449,0.0
-0.97693,-2.9308,0.0
-0.97693,-2.89711,0.0
-0.97693,-2.86342,0.0
-0.97693,-2.82974,0.0
-0.97693,-2.79605,0.0
-0.97693,-2.76236,0.0
-0.97693,-2.72868,0.0
-0.97693,-2.69499,0.0
-0.97693,-2.6613,0.0
-0.97693,-2.62761,0.0
-0.97693,-2.59393,0.0
-0.97693,-2.56024,0.0
-0.97693,-2.52655,0.0
-0.97693,-2.49286,0.0
-0.97693,-2.45918,0.0
-0.97693,-2.42549,0.0
-0.97693,-2.3918,0.0
-0.97693,-2.35811,0.0
-0.97693,-2.32443,0.0
-0.97693,-2.29074,0.0
-0.97693,-2.25705,0.0
-0.97693,-2.22336,0.0
-0.97693,-2.18968,0.0
-0.97693,-2.15599,0.0
-0.97693,-2.1223,0.0
-0.97693,-2.08862,0.0
-0.97693,-2.05493,0.0
-0.97693,-2.02124,0.0
-0.97693,-1.98755,0.0
-0.97693,-1.95387,0.0
-0.97693,-1.92018,0.0
-0.97693,-1.88649,0.0
-0.97693,-1.8528,0.0
-0.97693,-1.81912,0.0
-0.97693,-1.78543,0.0
-0.97693,-1.75174,0.0
-0.97693,-1.71805,0.0
-0.97693,-1.68437,0.0
-0.97693,-1.65068,0.0
-0.97693,-1.61699,0.0
-0.97693,-1.58331,0.0
-0.97693,-1.54962,0.0
-0.97693,-1.51593,0.0
-0.97693,-1.48224,0.0
-0.97693,-1.44856,0.0
-0.97693,-1.41487,0.0
-0.97693,-1.38118,0.0
-0.97693,-1.34749,0.0
-0.97693,-1.31381,0.0
-0.97693,-1.28012,0.0
-0.97693,-1.24643,0.0
-0.97693,-1.21274,0.0
-0.97693,-1.17906,0.0
-0.97693,-1.14537,0.0
-0.97693,-1.11168,0.0
-0.97693,-1.078,0.0
-0.97693,-1.04431,0.0
-0.97693,-1.01062,0.0
-0.97693,-0.97693,0.0
-0.97693,-0.94325,0.0
-0.97693,-0.90956,0.0
-0.97693,-0.87587,0.0
-0.97693,-0.84218,0.0
-0.97693,-0.8085,0.0
-0.97693,-0.77481,0.0
-0.97693,-0.74112,0.0
-0.97693,-0.70743,0.0
-0.97693,-0.67375,0.0
-0.97693,-0.64006,0.0
-0.97693,-0.60637,0.0
-0.97693,-0.57268,0.0
-0.97693,-0.539,0.0
-0.97693,-0.50531,0.0
-0.97693,-0.47162,0.0
-0.97693,-0.43794,0.0
-0.97693,-0.40425,0.0
-0.97693,-0.37056,0.0
-0.97693,-0.33687,0.0
-0.97693,-0.30319,0.0
-0.97693,-0.2695,0.0
-0.97693,-0.23581,0.0
-0.97693,-0.20212,0.0
-0.97693,-0.16844,0.0
-0.97693,-0.13475,0.0
-0.97693,-0.10106,0.0
-0.97693,-0.06737,0.0
-0.97693,-0.03369,0.0
-0.97693,0,0.0
-0.97693,0.03369,0.0
-0.97693,0.06737,0.0
-0.97693,0.10106,0.0
-0.97693,0.13475,0.0
-0.97693,0.16844,0.0
-0.97693,0.20212,0.0
-0.97693,0.23581,0.0
-0.97693,0.2695,0.0
-0.97693,0.30319,0.0
-0.97693,0.33687,0.0
-0.97693,0.37056,0.0
-0.97693,0.40425,0.0
-0.97693,0.43794,0.0
-0.97693,0.47162,0.0
-0.97693,0.50531,0.0
-0.97693,0.539,0.0
-0.97693,0.57268,0.0
-0.97693,0.60637,0.0
-0.97693,0.64006,0.0
-0.97693,0.67375,0.0
-0.97693,0.70743,0.0
-0.97693,0.74112,0.0
-0.97693,0.77481,0.0
-0.97693,0.8085,0.0
-0.97693,0.84218,0.0
-0.97693,0.87587,0.0
-0.97693,0.90956,0.0
-0.97693,0.94325,0.0
-0.97693,0.97693,0.0
-0.97693,1.01062,0.0
-0.97693,1.04431,0.0
-0.97693,1.078,0.0
-0.97693,1.11168,0.0
-0.97693,1.14537,0.0
-0.97693,1.17906,0.0
-0.97693,1.21274,0.0
-0.97693,1.24643,0.0
-0.97693,1.28012,0.0
-0.97693,1.31381,0.0
-0.97693,1.34749,0.0
-0.97693,1.38118,0.0
-0.97693,1.41487,0.0
-0.97693,1.44856,0.0
-0.97693,1.48224,0.0
-0.97693,1.51593,0.0
-0.97693,1.54962,0.0
-0.97693,1.58331,0.0
-0.97693,1.61699,0.0
-0.97693,1.65068,0.0
-0.97693,1.68437,0.0
-0.97693,1.71805,0.0
-0.97693,1.75174,0.0
-0.97693,1.78543,0.0
-0.97693,1.81912,0.0
-0.97693,1.8528,0.0
-0.97693,1.88649,0.0
-0.97693,1.92018,0.0
-0.97693,1.95387,0.0
-0.97693,1.98755,0.0
-0.97693,2.02124,0.0
-0.97693,2.05493,0.0
-0.97693,2.08862,0.0
-0.97693,2.1223,0.0
-0.97693,2.15599,0.0
-0.97693,2.18968,0.0
-0.97693,2.22336,0.0
-0.97693,2.25705,0.0
-0.97693,2.29074,0.0
-0.97693,2.32443,0.0
-0.97693,2.35811,0.0
-0.97693,2.3918,0.0
-0.97693,2.42549,0.0
-0.97693,2.45918,0.0
-0.97693,2.49286,0.0
-0.97693,2.52655,0.0
-0.97693,2.56024,0.0
-0.97693,2.59393,0.0
-0.97693,2.62761,0.0
-0.97693,2.6613,0.0
-0.97693,2.69499,0.0
-0.97693,2.72868,0.0
-0.97693,2.76236,0.0
-0.97693,2.79605,0.0
-0.97693,2.82974,0.0
-0.97693,2.86342,0.0
-0.97693,2.89711,0.0
-0.97693,2.9308,0.0
-0.97693,2.96449,0.0
-0.97693,2.99817,0.0
-0.97693,3.03186,0.0
-0.97693,3.06555,0.0
-0.97693,3.09924,0.0
-0.97693,3.13292,0.0
-0.94325,-3.13292,0.0
-0.94325,-3.09924,0.0
-0.94325,-3.06555,0.0
-0.94325,-3.03186,0.0
-0.94325,-2.99817,0.0
-0.94325,-2.96449,0.0
-0.94325,-2.9308,0.0
-0.94325,-2.89711,0.0
-0.94325,-2.86342,0.0
-0.94325,-2.82974,0.0
-0.94325,-2.79605,0.0
-0.94325,-2.76236,0.0
-0.94325,-2.72868,0.0
-0.94325,-2.69499,0.0
-0.94325,-2.6613,0.0
-0.94325,-2.62761,0.0
-0.94325,-2.59393,0.0
-0.94325,-2.56024,0.0
-0.94325,-2.52655,0.0
-0.94325,-2.49286,0.0
-0.94325,-2.45918,0.0
-0.94325,-2.42549,0.0
-0.94325,-2.3918,0.0
-0.94325,-2.35811,0.0
-0.94325,-2.32443,0.0
-0.94325,-2.29074,0.0
-0.94325,-2.25705,0.0
-0.94325,-2.22336,0.0
-0.94325,-2.18968,0.0
-0.94325,-2.15599,0.0
-0.94325,-2.1223,0.0
-0.94325,-2.08862,0.0
-0.94325,-2.05493,0.0
-0.94325,-2.02124,0.0
-0.94325,-1.98755,0.0
-0.94325,-1.95387,0.0
-0.94325,-1.92018,0.0
-0.94325,-1.88649,0.0
-0.94325,-1.8528,0.0
-0.94325,-1.81912,0.0
-0.94325,-1.78543,0.0
-0.94325,-1.75174,0.0
-0.94325,-1.71805,0.0
-0.94325,-1.68437,0.0
-0.94325,-1.65068,0.0
-0.94325,-1.61699,0.0
-0.94325,-1.58331,0.0
-0.94325,-1.54962,0.0
-0.94325,-1.51593,0.0
-0.94325,-1.48224,0.0
-0.94325,-1.44856,0.0
-0.94325,-1.41487,0.0
-0.94325,-1.38118,0.0
-0.94325,-1.34749,0.0
-0.94325,-1.31381,0.0
-0.94325,-1.28012,0.0
-0.94325,-1.24643,0.0
-0.94325,-1.21274,0.0
-0.94325,-1.17906,0.0
-0.94325,-1.14537,0.0
-0.94325,-1.11168,0.0
-0.94325,-1.078,0.0
-0.94325,-1.04431,0.0
-0.94325,-1.01062,0.0
-0.94325,-0.97693,0.0
-0.94325,-0.94325,0.0
-0.94325,-0.90956,0.0
-0.94325,-0.87587,0.0
-0.94325,-0.84218,0.0
-0.94325,-0.8085,0.0
-0.94325,-0.77481,0.0
-0.94325,-0.74112,0.0
-0.94325,-0.70743,0.0
-0.94325,-0.67375,0.0
-0.94325,-0.64006,0.0
-0.94325,-0.60637,0.0
-0.94325,-0.57268,0.0
-0.94325,-0.539,0.0
-0.94325,-0.50531,0.0
-0.94325,-0.47162,0.0
-0.94325,-0.43794,0.0
-0.94325,-0.40425,0.0
-0.94325,-0.37056,0.0
-0.94325,-0.33687,0.0
-0.94325,-0.30319,0.0
-0.94325,-0.2695,0.0
-0.94325,-0.23581,0.0
-0.94325,-0.20212,0.0
-0.94325,-0.16844,0.0
-0.94325,-0.13475,0.0
-0.94325,-0.10106,0.0
-0.94325,-0.06737,0.0
-0.94325,-0.03369,0.0
-0.94325,0,0.0
-0.94325,0.03369,0.0
-0.94325,0.06737,0.0
-0.94325,0.10106,0.0
-0.94325,0.13475,0.0
-0.94325,0.16844,0.0
-0.94325,0.20212,0.0
-0.94325,0.23581,0.0
-0.94325,0.2695,0.0
-0.94325,0.30319,0.0
-0.94325,0.33687,0.0
-0.94325,0.37056,0.0
-0.94325,0.40425,0.0
-0.94325,0.43794,0.0
-0.94325,0.47162,0.0
-0.94325,0.50531,0.0
-0.94325,0.539,0.0
-0.94325,0.57268,0.0
-0.94325,0.60637,0.0
-0.94325,0.64006,0.0
-0.94325,0.67375,0.0
-0.94325,0.70743,0.0
-0.94325,0.74112,0.0
-0.94325,0.77481,0.0
-0.94325,0.8085,0.0
-0.94325,0.84218,0.0
-0.94325,0.87587,0.0
-0.94325,0.90956,0.0
-0.94325,0.94325,0.0
-0.94325,0.97693,0.0
-0.94325,1.01062,0.0
-0.94325,1.04431,0.0
-0.94325,1.078,0.0
-0.94325,1.11168,0.0
-0.94325,1.14537,0.0
-0.94325,1.17906,0.0
-0.94325,1.21274,0.0
-0.94325,1.24643,0.0
-0.94325,1.28012,0.0
-0.94325,1.31381,0.0
-0.94325,1.34749,0.0
-0.94325,1.38118,0.0
-0.94325,1.41487,0.0
-0.94325,1.44856,0.0
-0.94325,1.48224,0.0
-0.94325,1.51593,0.0
-0.94325,1.54962,0.0
-0.94325,1.58331,0.0
-0.94325,1.61699,0.0
-0.94325,1.65068,0.0
-0.94325,1.68437,0.0
-0.94325,1.71805,0.0
-0.94325,1.75174,0.0
-0.94325,1.78543,0.0
-0.94325,1.81912,0.0
-0.94325,1.8528,0.0
-0.94325,1.88649,0.0
-0.94325,1.92018,0.0
-0.94325,1.95387,0.0
-0.94325,1.98755,0.0
-0.94325,2.02124,0.0
-0.94325,2.05493,0.0
-0.94325,2.08862,0.0
-0.94325,2.1223,0.0
-0.94325,2.15599,0.0
-0.94325,2.18968,0.0
-0.94325,2.22336,0.0
-0.94325,2.25705,0.0
-0.94325,2.29074,0.0
-0.94325,2.32443,0.0
-0.94325,2.35811,0.0
-0.94325,2.3918,0.0
-0.94325,2.42549,0.0
-0.94325,2.45918,0.0
-0.94325,2.49286,0.0
-0.94325,2.52655,0.0
-0.94325,2.56024,0.0
-0.94325,2.59393,0.0
-0.94325,2.62761,0.0
-0.94325,2.6613,0.0
-0.94325,2.69499,0.0
-0.94325,2.72868,0.0
-0.94325,2.76236,0.0
-0.94325,2.79605,0.0
-0.94325,2.82974,0.0
-0.94325,2.86342,0.0
-0.94325,2.89711,0.0
-0.94325,2.9308,0.0
-0.94325,2.96449,0.0
-0.94325,2.99817,0.0
-0.94325,3.03186,0.0
-0.94325,3.06555,0.0
-0.94325,3.09924,0.0
-0.94325,3.13292,0.0
-0.90956,-3.16661,0.0
-0.90956,-3.13292,0.0
-0.90956,-3.09924,0.0
-0.90956,-3.06555,0.0
-0.90956,-3.03186,0.0
-0.90956,-2.99817,0.0
-0.90956,-2.96449,0.0
-0.90956,-2.9308,0.0
-0.90956,-2.89711,0.0
-0.90956,-2.86342,0.0
-0.90956,-2.82974,0.0
-0.90956,-2.79605,0.0
-0.90956,-2.76236,0.0
-0.90956,-2.72868,0.0
-0.90956,-2.69499,0.0
-0.90956,-2.6613,0.0
-0.90956,-2.62761,0.0
-0.90956,-2.59393,0.0
-0.90956,-2.56024,0.0
-0.90956,-2.52655,0.0
-0.90956,-2.49286,0.0
-0.90956,-2.45918,0.0
-0.90956,-2.42549,0.0
-0.90956,-2.3918,0.0
-0.90956,-2.35811,0.0
-0.90956,-2.32443,0.0
-0.90956,-2.29074,0.0
-0.90956,-2.25705,0.0
-0.90956,-2.22336,0.0
-0.90956,-2.18968,0.0
-0.90956,-2.15599,0.0
-0.90956,-2.1223,0.0
-0.90956,-2.08862,0.0
-0.90956,-2.05493,0.0
-0.90956,-2.02124,0.0
-0.90956,-1.98755,0.0
-0.90956,-1.95387,0.0
-0.90956,-1.92018,0.0
-0.90956,-1.88649,0.0
-0.90956,-1.8528,0.0
-0.90956,-1.81912,0.0
-0.90956,-1.78543,0.0
-0.90956,-1.75174,0.0
-0.90956,-1.71805,0.0
-0.90956,-1.68437,0.0
-0.90956,-1.65068,0.0
-0.90956,-1.61699,0.0
-0.90956,-1.58331,0.0
-0.90956,-1.54962,0.0
-0.90956,-1.51593,0.0
-0.90956,-1.48224,0.0
-0.90956,-1.44856,0.0
-0.90956,-1.41487,0.0
-0.90956,-1.38118,0.0
-0.90956,-1.34749,0.0
-0.90956,-1.31381,0.0
-0.90956,-1.28012,0.0
-0.90956,-1.24643,0.0
-0.90956,-1.21274,0.0
-0.90956,-1.17906,0.0
-0.90956,-1.14537,0.0
-0.90956,-1.11168,0.0
-0.90956,-1.078,0.0
-0.90956,-1.04431,0.0
-0.90956,-1.01062,0.0
-0.90956,-0.97693,0.0
-0.90956,-0.94325,0.0
-0.90956,-0.90956,0.0
-0.90956,-0.87587,0.0
-0.90956,-0.84218,0.0
-0.90956,-0.8085,0.0
-0.90956,-0.77481,0.0
-0.90956,-0.74112,0.0
-0.90956,-0.70743,0.0
-0.90956,-0.67375,0.0
-0.90956,-0.64006,0.0
-0.90956,-0.60637,0.0
-0.90956,-0.57268,0.0
-0.90956,-0.539,0.0
-0.90956,-0.50531,0.0
-0.90956,-0.47162,0.0
-0.90956,-0.43794,0.0
-0.90956,-0.40425,0.0
-0.90956,-0.37056,0.0
-0.90956,-0.33687,0.0
-0.90956,-0.30319,0.0
-0.90956,-0.2695,0.0
-0.90956,-0.23581,0.0
-0.90956,-0.20212,0.0
-0.90956,-0.16844,0.0
-0.90956,-0.13475,0.0
-0.90956,-0.10106,0.0
-0.90956,-0.06737,0.0
-0.90956,-0.03369,0.0
-0.90956,0,0.0
-0.90956,0.03369,0.0
-0.90956,0.06737,0.0
-0.90956,0.10106,0.0
-0.90956,0.13475,0.0
-0.90956,0.16844,0.0
-0.90956,0.20212,0.0
-0.90956,0.23581,0.0
-0.90956,0.2695,0.0
-0.90956,0.30319,0.0
-0.90956,0.33687,0.0
-0.90956,0.37056,0.0
-0.90956,0.40425,0.0
-0.90956,0.43794,0.0
-0.90956,0.47162,0.0
-0.90956,0.50531,0.0
-0.90956,0.539,0.0
-0.90956,0.57268,0.0
-0.90956,0.60637,0.0
-0.90956,0.64006,0.0
-0.90956,0.67375,0.0
-0.90956,0.70743,0.0
-0.90956,0.74112,0.0
-0.90956,0.77481,0.0
-0.90956,0.8085,0.0
-0.90956,0.84218,0.0
-0.90956,0.87587,0.0
-0.90956,0.90956,0.0
-0.90956,0.94325,0.0
-0.90956,0.97693,0.0
-0.90956,1.01062,0.0
-0.90956,1.04431,0.0
-0.90956,1.078,0.0
-0.90956,1.11168,0.0
-0.90956,1.14537,0.0
-0.90956,1.17906,0.0
-0.90956,1.21274,0.0
-0.90956,1.24643,0.0
-0.90956,1.28012,0.0
-0.90956,1.31381,0.0
-0.90956,1.34749,0.0
-0.90956,1.38118,0.0
-0.90956,1.41487,0.0
-0.90956,1.44856,0.0
-0.90956,1.48224,0.0
-0.90956,1.51593,0.0
-0.90956,1.54962,0.0
-0.90956,1.58331,0.0
-0.90956,1.61699,0.0
-0.90956,1.65068,0.0
-0.90956,1.68437,0.0
-0.90956,1.71805,0.0
-0.90956,1.75174,0.0
-0.90956,1.78543,0.0
-0.90956,1.81912,0.0
-0.90956,1.8528,0.0
-0.90956,1.88649,0.0
-0.90956,1.92018,0.0
-0.90956,1.95387,0.0
-0.90956,1.98755,0.0
-0.90956,2.02124,0.0
-0.90956,2.05493,0.0
-0.90956,2.08862,0.0
-0.90956,2.1223,0.0
-0.90956,2.15599,0.0
-0.90956,2.18968,0.0
-0.90956,2.22336,0.0
-0.90956,2.25705,0.0
-0.90956,2.29074,0.0
-0.90956,2.32443,0.0
-0.90956,2.35811,0.0
-0.90956,2.3918,0.0
-0.90956,2.42549,0.0
-0.90956,2.45918,0.0
-0.90956,2.49286,0.0
-0.90956,2.52655,0.0
-0.90956,2.56024,0.0
-0.90956,2.59393,0.0
-0.90956,2.62761,0.0
-0.90956,2.6613,0.0
-0.90956,2.69499,0.0
-0.90956,2.72868,0.0
-0.90956,2.76236,0.0
-0.90956,2.79605,0.0
-0.90956,2.82974,0.0
-0.90956,2.86342,0.0
-0.90956,2.89711,0.0
-0.90956,2.9308,0.0
-0.90956,2.96449,0.0
-0.90956,2.99817,0.0
-0.90956,3.03186,0.0
-0.90956,3.06555,0.0
-0.90956,3.09924,0.0
-0.90956,3.13292,0.0
-0.90956,3.16661,0.0
-0.87587,-3.16661,0.0
-0.87587,-3.13292,0.0
-0.87587,-3.09924,0.0
-0.87587,-3.06555,0.0
-0.87587,-3.03186,0.0
-0.87587,-2.99817,0.0
-0.87587,-2.96449,0.0
-0.87587,-2.9308,0.0
-0.87587,-2.89711,0.0
-0.87587,-2.86342,0.0
-0.87587,-2.82974,0.0
-0.87587,-2.79605,0.0
-0.87587,-2.76236,0.0
-0.87587,-2.72868,0.0
-0.87587,-2.69499,0.0
-0.87587,-2.6613,0.0
-0.87587,-2.62761,0.0
-0.87587,-2.59393,0.0
-0.87587,-2.56024,0.0
-0.87587,-2.52655,0.0
-0.87587,-2.49286,0.0
-0.87587,-2.45918,0.0
-0.87587,-2.42549,0.0
-0.87587,-2.3918,0.0
-0.87587,-2.35811,0.0
-0.87587,-2.32443,0.0
-0.87587,-2.29074,0.0
-0.87587,-2.25705,0.0
-0.87587,-2.22336,0.0
-0.87587,-2.18968,0.0
-0.87587,-2.15599,0.0
-0.87587,-2.1223,0.0
-0.87587,-2.08862,0.0
-0.87587,-2.05493,0.0
-0.87587,-2.02124,0.0
-0.87587,-1.98755,0.0
-0.87587,-1.95387,0.0
-0.87587,-1.92018,0.0
-0.87587,-1.88649,0.0
-0.87587,-1.8528,0.0
-0.87587,-1.81912,0.0
-0.87587,-1.78543,0.0
-0.87587,-1.75174,0.0
-0.87587,-1.71805,0.0
-0.87587,-1.68437,0.0
-0.87587,-1.65068,0.0
-0.87587,-1.61699,0.0
-0.87587,-1.58331,0.0
-0.87587,-1.54962,0.0
-0.87587,-1.51593,0.0
-0.87587,-1.48224,0.0
-0.87587,-1.44856,0.0
-0.87587,-1.41487,0.0
-0.87587,-1.38118,0.0
-0.87587,-1.34749,0.0
-0.87587,-1.31381,0.0
-0.87587,-1.28012,0.0
-0.87587,-1.24643,0.0
-0.87587,-1.21274,0.0
-0.87587,-1.17906,0.0
-0.87587,-1.14537,0.0
-0.87587,-1.11168,0.0
-0.87587,-1.078,0.0
-0.87587,-1.04431,0.0
-0.87587,-1.01062,0.0
-0.87587,-0.97693,0.0
-0.87587,-0.94325,0.0
-0.87587,-0.90956,0.0
-0.87587,-0.87587,0.0
-0.87587,-0.84218,0.0
-0.87587,-0.8085,0.0
-0.87587,-0.77481,0.0
-0.87587,-0.74112,0.0
-0.87587,-0.70743,0.0
-0.87587,-0.67375,0.0
-0.87587,-0.64006,0.0
-0.87587,-0.60637,0.0
-0.87587,-0.57268,0.0
-0.87587,-0.539,0.0
-0.87587,-0.50531,0.0
-0.87587,-0.47162,0.0
-0.87587,-0.43794,0.0
-0.87587,-0.40425,0.0
-0.87587,-0.37056,0.0
-0.87587,-0.33687,0.0
-0.87587,-0.30319,0.0
-0.87587,-0.2695,0.0
-0.87587,-0.23581,0.0
-0.87587,-0.20212,0.0
-0.87587,-0.16844,0.0
-0.87587,-0.13475,0.0
-0.87587,-0.10106,0.0
-0.87587,-0.06737,0.0
-0.87587,-0.03369,0.0
-0.87587,0,0.0
-0.87587,0.03369,0.0
-0.87587,0.06737,0.0
-0.87587,0.10106,0.0
-0.87587,0.13475,0.0
-0.87587,0.16844,0.0
-0.87587,0.20212,0.0
-0.87587,0.23581,0.0
-0.87587,0.2695,0.0
-0.87587,0.30319,0.0
-0.87587,0.33687,0.0
-0.87587,0.37056,0.0
-0.87587,0.40425,0.0
-0.87587,0.43794,0.0
-0.87587,0.47162,0.0
-0.87587,0.50531,0.0
-0.87587,0.539,0.0
-0.87587,0.57268,0.0
-0.87587,0.60637,0.0
-0.87587,0.64006,0.0
-0.87587,0.67375,0.0
-0.87587,0.70743,0.0
-0.87587,0.74112,0.0
-0.87587,0.77481,0.0
-0.87587,0.8085,0.0
-0.87587,0.84218,0.0
-0.87587,0.87587,0.0
-0.87587,0.90956,0.0
-0.87587,0.94325,0.0
-0.87587,0.97693,0.0
-0.87587,1.01062,0.0
-0.87587,1.04431,0.0
-0.87587,1.078,0.0
-0.87587,1.11168,0.0
-0.87587,1.14537,0.0
-0.87587,1.17906,0.0
-0.87587,1.21274,0.0
-0.87587,1.24643,0.0
-0.87587,1.28012,0.0
-0.87587,1.31381,0.0
-0.87587,1.34749,0.0
-0.87587,1.38118,0.0
-0.87587,1.41487,0.0
-0.87587,1.44856,0.0
-0.87587,1.48224,0.0
-0.87587,1.51593,0.0
-0.87587,1.54962,0.0
-0.87587,1.58331,0.0
-0.87587,1.61699,0.0
-0.87587,1.65068,0.0
-0.87587,1.68437,0.0
-0.87587,1.71805,0.0
-0.87587,1.75174,0.0
-0.87587,1.78543,0.0
-0.87587,1.81912,0.0
-0.87587,1.8528,0.0
-0.87587,1.88649,0.0
-0.87587,1.92018,0.0
-0.87587,1.95387,0.0
-0.87587,1.98755,0.0
-0.87587,2.02124,0.0
-0.87587,2.05493,0.0
-0.87587,2.08862,0.0
-0.87587,2.1223,0.0
-0.87587,2.15599,0.0
-0.87587,2.18968,0.0
-0.87587,2.22336,0.0
-0.87587,2.25705,0.0
-0.87587,2.29074,0.0
-0.87587,2.32443,0.0
-0.87587,2.35811,0.0
-0.87587,2.3918,0.0
-0.87587,2.42549,0.0
-0.87587,2.45918,0.0
-0.87587,2.49286,0.0
-0.87587,2.52655,0.0
-0.87587,2.56024,0.0
-0.87587,2.59393,0.0
-0.87587,2.62761,0.0
-0.87587,2.6613,0.0
-0.87587,2.69499,0.0
-0.87587,2.72868,0.0
-0.87587,2.76236,0.0
-0.87587,2.79605,0.0
-0.87587,2.82974,0.0
-0.87587,2.86342,0.0
-0.87587,2.89711,0.0
-0.87587,2.9308,0.0
-0.87587,2.96449,0.0
-0.87587,2.99817,0.0
-0.87587,3.03186,0.0
-0.87587,3.06555,0.0
-0.87587,3.09924,0.0
-0.87587,3.13292,0.0
-0.87587,3.16661,0.0
-0.84218,-3.16661,0.0
-0.84218,-3.13292,0.0
-0.84218,-3.09924,0.0
-0.84218,-3.06555,0.0
-0.84218,-3.03186,0.0
-0.84218,-2.99817,0.0
-0.84218,-2.96449,0.0
-0.84218,-2.9308,0.0
-0.84218,-2.89711,0.0
-0.84218,-2.86342,0.0
-0.84218,-2.82974,0.0
-0.84218,-2.79605,0.0
-0.84218,-2.76236,0.0
-0.84218,-2.72868,0.0
-0.84218,-2.69499,0.0
-0.84218,-2.6613,0.0
-0.84218,-2.62761,0.0
-0.84218,-2.59393,0.0
-0.84218,-2.56024,0.0
-0.84218,-2.52655,0.0
-0.84218,-2.49286,0.0
-0.84218,-2.45918,0.0
-0.84218,-2.42549,0.0
-0.84218,-2.3918,0.0
-0.84218,-2.35811,0.0
-0.84218,-2.32443,0.0
-0.84218,-2.29074,0.0
-0.84218,-2.25705,0.0
-0.84218,-2.22336,0.0
-0.84218,-2.18968,0.0
-0.84218,-2.15599,0.0
-0.84218,-2.1223,0.0
-0.84218,-2.08862,0.0
-0.84218,-2.05493,0.0
-0.84218,-2.02124,0.0
-0.84218,-1.98755,0.0
-0.84218,-1.95387,0.0
-0.84218,-1.92018,0.0
-0.84218,-1.88649,0.0
-0.84218,-1.8528,0.0
-0.84218,-1.81912,0.0
-0.84218,-1.78543,0.0
-0.84218,-1.75174,0.0
-0.84218,-1.71805,0.0
-0.84218,-1.68437,0.0
-0.84218,-1.65068,0.0
-0.84218,-1.61699,0.0
-0.84218,-1.58331,0.0
-0.84218,-1.54962,0.0
-0.84218,-1.51593,0.0
-0.84218,-1.48224,0.0
-0.84218,-1.44856,0.0
-0.84218,-1.41487,0.0
-0.84218,-1.38118,0.0
-0.84218,-1.34749,0.0
-0.84218,-1.31381,0.0
-0.84218,-1.28012,0.0
-0.84218,-1.24643,0.0
-0.84218,-1.21274,0.0
-0.84218,-1.17906,0.0
-0.84218,-1.14537,0.0
-0.84218,-1.11168,0.0
-0.84218,-1.078,0.0
-0.84218,-1.04431,0.0
-0.84218,-1.01062,0.0
-0.84218,-0.97693,0.0
-0.84218,-0.94325,0.0
-0.84218,-0.90956,0.0
-0.84218,-0.87587,0.0
-0.84218,-0.84218,0.0
-0.84218,-0.8085,0.0
-0.84218,-0.77481,0.0
-0.84218,-0.74112,0.0
-0.84218,-0.70743,0.0
-0.84218,-0.67375,0.0
-0.84218,-0.64006,0.0
-0.84218,-0.60637,0.0
-0.84218,-0.57268,0.0
-0.84218,-0.539,0.0
-0.84218,-0.50531,0.0
-0.84218,-0.47162,0.0
-0.84218,-0.43794,0.0
-0.84218,-0.40425,0.0
-0.84218,-0.37056,0.0
-0.84218,-0.33687,0.0
-0.84218,-0.30319,0.0
-0.84218,-0.2695,0.0
-0.84218,-0.23581,0.0
-0.84218,-0.20212,0.0
-0.84218,-0.16844,0.0
-0.84218,-0.13475,0.0
-0.84218,-0.10106,0.0
-0.84218,-0.06737,0.0
-0.84218,-0.03369,0.0
-0.84218,0,0.0
-0.84218,0.03369,0.0
-0.84218,0.06737,0.0
-0.84218,0.10106,0.0
-0.84218,0.13475,0.0
-0.84218,0.16844,0.0
-0.84218,0.20212,0.0
-0.84218,0.23581,0.0
-0.84218,0.2695,0.0
-0.84218,0.30319,0.0
-0.84218,0.33687,0.0
-0.84218,0.37056,0.0
-0.84218,0.40425,0.0
-0.84218,0.43794,0.0
-0.84218,0.47162,0.0
-0.84218,0.50531,0.0
-0.84218,0.539,0.0
-0.84218,0.57268,0.0
-0.84218,0.60637,0.0
-0.84218,0.64006,0.0
-0.84218,0.67375,0.0
-0.84218,0.70743,0.0
-0.84218,0.74112,0.0
-0.84218,0.77481,0.0
-0.84218,0.8085,0.0
-0.84218,0.84218,0.0
-0.84218,0.87587,0.0
-0.84218,0.90956,0.0
-0.84218,0.94325,0.0
-0.84218,0.97693,0.0
-0.84218,1.01062,0.0
-0.84218,1.04431,0.0
-0.84218,1.078,0.0
-0.84218,1.11168,0.0
-0.84218,1.14537,0.0
-0.84218,1.17906,0.0
-0.84218,1.21274,0.0
-0.84218,1.24643,0.0
-0.84218,1.28012,0.0
-0.84218,1.31381,0.0
-0.84218,1.34749,0.0
-0.84218,1.38118,0.0
-0.84218,1.41487,0.0
-0.84218,1.44856,0.0
-0.84218,1.48224,0.0
-0.84218,1.51593,0.0
-0.84218,1.54962,0.0
-0.84218,1.58331,0.0
-0.84218,1.61699,0.0
-0.84218,1.65068,0.0
-0.84218,1.68437,0.0
-0.84218,1.71805,0.0
-0.84218,1.75174,0.0
-0.84218,1.78543,0.0
-0.84218,1.81912,0.0
-0.84218,1.8528,0.0
-0.84218,1.88649,0.0
-0.84218,1.92018,0.0
-0.84218,1.95387,0.0
-0.84218,1.98755,0.0
-0.84218,2.02124,0.0
-0.84218,2.05493,0.0
-0.84218,2.08862,0.0
-0.84218,2.1223,0.0
-0.84218,2.15599,0.0
-0.84218,2.18968,0.0
-0.84218,2.22336,0.0
-0.84218,2.25705,0.0
-0.84218,2.29074,0.0
-0.84218,2.32443,0.0
-0.84218,2.35811,0.0
-0.84218,2.3918,0.0
-0.84218,2.42549,0.0
-0.84218,2.45918,0.0
-0.84218,2.49286,0.0
-0.84218,2.52655,0.0
-0.84218,2.56024,0.0
-0.84218,2.59393,0.0
-0.84218,2.62761,0.0
-0.84218,2.6613,0.0
-0.84218,2.69499,0.0
-0.84218,2.72868,0.0
-0.84218,2.76236,0.0
-0.84218,2.79605,0.0
-0.84218,2.82974,0.0
-0.84218,2.86342,0.0
-0.84218,2.89711,0.0
-0.84218,2.9308,0.0
-0.84218,2.96449,0.0
-0.84218,2.99817,0.0
-0.84218,3.03186,0.0
-0.84218,3.06555,0.0
-0.84218,3.09924,0.0
-0.84218,3.13292,0.0
-0.84218,3.16661,0.0
-0.8085,-3.16661,0.0
-0.8085,-3.13292,0.0
-0.8085,-3.09924,0.0
-0.8085,-3.06555,0.0
-0.8085,-3.03186,0.0
-0.8085,-2.99817,0.0
-0.8085,-2.96449,0.0
-0.8085,-2.9308,0.0
-0.8085,-2.89711,0.0
-0.8085,-2.86342,0.0
-0.8085,-2.82974,0.0
-0.8085,-2.79605,0.0
-0.8085,-2.76236,0.0
-0.8085,-2.72868,0.0
-0.8085,-2.69499,0.0
-0.8085,-2.6613,0.0
-0.8085,-2.62761,0.0
-0.8085,-2.59393,0.0
-0.8085,-2.56024,0.0
-0.8085,-2.52655,0.0
-0.8085,-2.49286,0.0
-0.8085,-2.45918,0.0
-0.8085,-2.42549,0.0
-0.8085,-2.3918,0.0
-0.8085,-2.35811,0.0
-0.8085,-2.32443,0.0
-0.8085,-2.29074,0.0
-0.8085,-2.25705,0.0
-0.8085,-2.22336,0.0
-0.8085,-2.18968,0.0
-0.8085,-2.15599,0.0
-0.8085,-2.1223,0.0
-0.8085,-2.08862,0.0
-0.8085,-2.05493,0.0
-0.8085,-2.02124,0.0
-0.8085,-1.98755,0.0
-0.8085,-1.95387,0.0
-0.8085,-1.92018,0.0
-0.8085,-1.88649,0.0
-0.8085,-1.8528,0.0
-0.8085,-1.81912,0.0
-0.8085,-1.78543,0.0
-0.8085,-1.75174,0.0
-0.8085,-1.71805,0.0
-0.8085,-1.68437,0.0
-0.8085,-1.65068,0.0
-0.8085,-1.61699,0.0
-0.8085,-1.58331,0.0
-0.8085,-1.54962,0.0
-0.8085,-1.51593,0.0
-0.8085,-1.48224,0.0
-0.8085,-1.44856,0.0
-0.8085,-1.41487,0.0
-0.8085,-1.38118,0.0
-0.8085,-1.34749,0.0
-0.8085,-1.31381,0.0
-0.8085,-1.28012,0.0
-0.8085,-1.24643,0.0
-0.8085,-1.21274,0.0
-0.8085,-1.17906,0.0
-0.8085,-1.14537,0.0
-0.8085,-1.11168,0.0
-0.8085,-1.078,0.0
-0.8085,-1.04431,0.0
-0.8085,-1.01062,0.0
-0.8085,-0.97693,0.0
-0.8085,-0.94325,0.0
-0.8085,-0.90956,0.0
-0.8085,-0.87587,0.0
-0.8085,-0.84218,0.0
-0.8085,-0.8085,0.0
-0.8085,-0.77481,0.0
-0.8085,-0.74112,0.0
-0.8085,-0.70743,0.0
-0.8085,-0.67375,0.0
-0.8085,-0.64006,0.0
-0.8085,-0.60637,0.0
-0.8085,-0.57268,0.0
-0.8085,-0.539,0.0
-0.8085,-0.50531,0.0
-0.8085,-0.47162,0.0
-0.8085,-0.43794,0.0
-0.8085,-0.40425,0.0
-0.8085,-0.37056,0.0
-0.8085,-0.33687,0.0
-0.8085,-0.30319,0.0
-0.8085,-0.2695,0.0
-0.8085,-0.23581,0.0
-0.8085,-0.20212,0.0
-0.8085,-0.16844,0.0
-0.8085,-0.13475,0.0
-0.8085,-0.10106,0.0
-0.8085,-0.06737,0.0
-0.8085,-0.03369,0.0
-0.8085,0,0.0
-0.8085,0.03369,0.0
-0.8085,0.06737,0.0
-0.8085,0.10106,0.0
-0.8085,0.13475,0.0
-0.8085,0.16844,0.0
-0.8085,0.20212,0.0
-0.8085,0.23581,0.0
-0.8085,0.2695,0.0
-0.8085,0.30319,0.0
-0.8085,0.33687,0.0
-0.8085,0.37056,0.0
-0.8085,0.40425,0.0
-0.8085,0.43794,0.0
-0.8085,0.47162,0.0
-0.8085,0.50531,0.0
-0.8085,0.539,0.0
-0.8085,0.57268,0.0
-0.8085,0.60637,0.0
-0.8085,0.64006,0.0
-0.8085,0.67375,0.0
-0.8085,0.70743,0.0
-0.8085,0.74112,0.0
-0.8085,0.77481,0.0
-0.8085,0.8085,0.0
-0.8085,0.84218,0.0
-0.8085,0.87587,0.0
-0.8085,0.90956,0.0
-0.8085,0.94325,0.0
-0.8085,0.97693,0.0
-0.8085,1.01062,0.0
-0.8085,1.04431,0.0
-0.8085,1.078,0.0
-0.8085,1.11168,0.0
-0.8085,1.14537,0.0
-0.8085,1.17906,0.0
-0.8085,1.21274,0.0
-0.8085,1.24643,0.0
-0.8085,1.28012,0.0
-0.8085,1.31381,0.0
-0.8085,1.34749,0.0
-0.8085,1.38118,0.0
-0.8085,1.41487,0.0
-0.8085,1.44856,0.0
-0.8085,1.48224,0.0
-0.8085,1.51593,0.0
-0.8085,1.54962,0.0
-0.8085,1.58331,0.0
-0.8085,1.61699,0.0
-0.8085,1.65068,0.0
-0.8085,1.68437,0.0
-0.8085,1.71805,0.0
-0.8085,1.75174,0.0
-0.8085,1.78543,0.0
-0.8085,1.81912,0.0
-0.8085,1.8528,0.0
-0.8085,1.88649,0.0
-0.8085,1.92018,0.0
-0.8085,1.95387,0.0
-0.8085,1.98755,0.0
-0.8085,2.02124,0.0
-0.8085,2.05493,0.0
-0.8085,2.08862,0.0
-0.8085,2.1223,0.0
-0.8085,2.15599,0.0
-0.8085,2.18968,0.0
-0.8085,2.22336,0.0
-0.8085,2.25705,0.0
-0.8085,2.29074,0.0
-0.8085,2.32443,0.0
-0.8085,2.35811,0.0
-0.8085,2.3918,0.0
-0.8085,2.42549,0.0
-0.8085,2.45918,0.0
-0.8085,2.49286,0.0
-0.8085,2.52655,0.0
-0.8085,2.56024,0.0
-0.8085,2.59393,0.0
-0.8085,2.62761,0.0
-0.8085,2.6613,0.0
-0.8085,2.69499,0.0
-0.8085,2.72868,0.0
-0.8085,2.76236,0.0
-0.8085,2.79605,0.0
-0.8085,2.82974,0.0
-0.8085,2.86342,0.0
-0.8085,2.89711,0.0
-0.8085,2.9308,0.0
-0.8085,2.96449,0.0
-0.8085,2.99817,0.0
-0.8085,3.03186,0.0
-0.8085,3.06555,0.0
-0.8085,3.09924,0.0
-0.8085,3.13292,0.0
-0.8085,3.16661,0.0
-0.77481,-3.2003,0.0
-0.77481,-3.16661,0.0
-0.77481,-3.13292,0.0
-0.77481,-3.09924,0.0
-0.77481,-3.06555,0.0
-0.77481,-3.03186,0.0
-0.77481,-2.99817,0.0
-0.77481,-2.96449,0.0
-0.77481,-2.9308,0.0
-0.77481,-2.89711,0.0
-0.77481,-2.86342,0.0
-0.77481,-2.82974,0.0
-0.77481,-2.79605,0.0
-0.77481,-2.76236,0.0
-0.77481,-2.72868,0.0
-0.77481,-2.69499,0.0
-0.77481,-2.6613,0.0
-0.77481,-2.62761,0.0
-0.77481,-2.59393,0.0
-0.77481,-2.56024,0.0
-0.77481,-2.52655,0.0
-0.77481,-2.49286,0.0
-0.77481,-2.45918,0.0
-0.77481,-2.42549,0.0
-0.77481,-2.3918,0.0
-0.77481,-2.35811,0.0
-0.77481,-2.32443,0.0
-0.77481,-2.29074,0.0
-0.77481,-2.25705,0.0
-0.77481,-2.22336,0.0
-0.77481,-2.18968,0.0
-0.77481,-2.15599,0.0
-0.77481,-2.1223,0.0
-0.77481,-2.08862,0.0
-0.77481,-2.05493,0.0
-0.77481,-2.02124,0.0
-0.77481,-1.98755,0.0
-0.77481,-1.95387,0.0
-0.77481,-1.92018,0.0
-0.77481,-1.88649,0.0
-0.77481,-1.8528,0.0
-0.77481,-1.81912,0.0
-0.77481,-1.78543,0.0
-0.77481,-1.75174,0.0
-0.77481,-1.71805,0.0
-0.77481,-1.68437,0.0
-0.77481,-1.65068,0.0
-0.77481,-1.61699,0.0
-0.77481,-1.58331,0.0
-0.77481,-1.54962,0.0
-0.77481,-1.51593,0.0
-0.77481,-1.48224,0.0
-0.77481,-1.44856,0.0
-0.77481,-1.41487,0.0
-0.77481,-1.38118,0.0
-0.77481,-1.34749,0.0
-0.77481,-1.31381,0.0
-0.77481,-1.28012,0.0
-0.77481,-1.24643,0.0
-0.77481,-1.21274,0.0
-0.77481,-1.17906,0.0
-0.77481,-1.14537,0.0
-0.77481,-1.11168,0.0
-0.77481,-1.078,0.0
-0.77481,-1.04431,0.0
-0.77481,-1.01062,0.0
-0.77481,-0.97693,0.0
-0.77481,-0.94325,0.0
-0.77481,-0.90956,0.0
-0.77481,-0.87587,0.0
-0.77481,-0.84218,0.0
-0.77481,-0.8085,0.0
-0.77481,-0.77481,0.0
-0.77481,-0.74112,0.0
-0.77481,-0.70743,0.0
-0.77481,-0.67375,0.0
-0.77481,-0.64006,0.0
-0.77481,-0.60637,0.0
-0.77481,-0.57268,0.0
-0.77481,-0.539,0.0
-0.77481,-0.50531,0.0
-0.77481,-0.47162,0.0
-0.77481,-0.43794,0.0
-0.77481,-0.40425,0.0
-0.77481,-0.37056,0.0
-0.77481,-0.33687,0.0
-0.77481,-0.30319,0.0
-0.77481,-0.2695,0.0
-0.77481,-0.23581,0.0
-0.77481,-0.20212,0.0
-0.77481,-0.16844,0.0
-0.77481,-0.13475,0.0
-0.77481,-0.10106,0.0
-0.77481,-0.06737,0.0
-0.77481,-0.03369,0.0
-0.77481,0,0.0
-0.77481,0.03369,0.0
-0.77481,0.06737,0.0
-0.77481,0.10106,0.0
-0.77481,0.13475,0.0
-0.77481,0.16844,0.0
-0.77481,0.20212,0.0
-0.77481,0.23581,0.0
-0.77481,0.2695,0.0
-0.77481,0.30319,0.0
-0.77481,0.33687,0.0
-0.77481,0.37056,0.0
-0.77481,0.40425,0.0
-0.77481,0.43794,0.0
-0.77481,0.47162,0.0
-0.77481,0.50531,0.0
-0.77481,0.539,0.0
-0.77481,0.57268,0.0
-0.77481,0.60637,0.0
-0.77481,0.64006,0.0
-0.77481,0.67375,0.0
-0.77481,0.70743,0.0
-0.77481,0.74112,0.0
-0.77481,0.77481,0.0
-0.77481,0.8085,0.0
-0.77481,0.84218,0.0
-0.77481,0.87587,0.0
-0.77481,0.90956,0.0
-0.77481,0.94325,0.0
-0.77481,0.97693,0.0
-0.77481,1.01062,0.0
-0.77481,1.04431,0.0
-0.77481,1.078,0.0
-0.77481,1.11168,0.0
-0.77481,1.14537,0.0
-0.77481,1.17906,0.0
-0.77481,1.21274,0.0
-0.77481,1.24643,0.0
-0.77481,1.28012,0.0
-0.77481,1.31381,0.0
-0.77481,1.34749,0.0
-0.77481,1.38118,0.0
-0.77481,1.41487,0.0
-0.77481,1.44856,0.0
-0.77481,1.48224,0.0
-0.77481,1.51593,0.0
-0.77481,1.54962,0.0
-0.77481,1.58331,0.0
-0.77481,1.61699,0.0
-0.77481,1.65068,0.0
-0.77481,1.68437,0.0
-0.77481,1.71805,0.0
-0.77481,1.75174,0.0
-0.77481,1.78543,0.0
-0.77481,1.81912,0.0
-0.77481,1.8528,0.0
-0.77481,1.88649,0.0
-0.77481,1.92018,0.0
-0.77481,1.95387,0.0
-0.77481,1.98755,0.0
-0.77481,2.02124,0.0
-0.77481,2.05493,0.0
-0.77481,2.08862,0.0
-0.77481,2.1223,0.0
-0.77481,2.15599,0.0
-0.77481,2.18968,0.0
-0.77481,2.22336,0.0
-0.77481,2.25705,0.0
-0.77481,2.29074,0.0
-0.77481,2.32443,0.0
-0.77481,2.35811,0.0
-0.77481,2.3918,0.0
-0.77481,2.42549,0.0
-0.77481,2.45918,0.0
-0.77481,2.49286,0.0
-0.77481,2.52655,0.0
-0.77481,2.56024,0.0
-0.77481,2.59393,0.0
-0.77481,2.62761,0.0
-0.77481,2.6613,0.0
-0.77481,2.69499,0.0
-0.77481,2.72868,0.0
-0.77481,2.76236,0.0
-0.77481,2.79605,0.0
-0.77481,2.82974,0.0
-0.77481,2.86342,0.0
-0.77481,2.89711,0.0
-0.77481,2.9308,0.0
-0.77481,2.96449,0.0
-0.77481,2.99817,0.0
-0.77481,3.03186,0.0
-0.77481,3.06555,0.0
-0.77481,3.09924,0.0
-0.77481,3.13292,0.0
-0.77481,3.16661,0.0
-0.77481,3.2003,0.0
-0.74112,-3.2003,0.0
-0.74112,-3.16661,0.0
-0.74112,-3.13292,0.0
-0.74112,-3.09924,0.0
-0.74112,-3.06555,0.0
-0.74112,-3.03186,0.0
-0.74112,-2.99817,0.0
-0.74112,-2.96449,0.0
-0.74112,-2.9308,0.0
-0.74112,-2.89711,0.0
-0.74112,-2.86342,0.0
-0.74112,-2.82974,0.0
-0.74112,-2.79605,0.0
-0.74112,-2.76236,0.0
-0.74112,-2.72868,0.0
-0.74112,-2.69499,0.0
-0.74112,-2.6613,0.0
-0.74112,-2.62761,0.0
-0.74112,-2.59393,0.0
-0.74112,-2.56024,0.0
-0.74112,-2.52655,0.0
-0.74112,-2.49286,0.0
-0.74112,-2.45918,0.0
-0.74112,-2.42549,0.0
-0.74112,-2.3918,0.0
-0.74112,-2.35811,0.0
-0.74112,-2.32443,0.0
-0.74112,-2.29074,0.0
-0.74112,-2.25705,0.0
-0.74112,-2.22336,0.0
-0.74112,-2.18968,0.0
-0.74112,-2.15599,0.0
-0.74112,-2.1223,0.0
-0.74112,-2.08862,0.0
-0.74112,-2.05493,0.0
-0.74112,-2.02124,0.0
-0.74112,-1.98755,0.0
-0.74112,-1.95387,0.0
-0.74112,-1.92018,0.0
-0.74112,-1.88649,0.0
-0.74112,-1.8528,0.0
-0.74112,-1.81912,0.0
-0.74112,-1.78543,0.0
-0.74112,-1.75174,0.0
-0.74112,-1.71805,0.0
-0.74112,-1.68437,0.0
-0.74112,-1.65068,0.0
-0.74112,-1.61699,0.0
-0.74112,-1.58331,0.0
-0.74112,-1.54962,0.0
-0.74112,-1.51593,0.0
-0.74112,-1.48224,0.0
-0.74112,-1.44856,0.0
-0.74112,-1.41487,0.0
-0.74112,-1.38118,0.0
-0.74112,-1.34749,0.0
-0.74112,-1.31381,0.0
-0.74112,-1.28012,0.0
-0.74112,-1.24643,0.0
-0.74112,-1.21274,0.0
-0.74112,-1.17906,0.0
-0.74112,-1.14537,0.0
-0.74112,-1.11168,0.0
-0.74112,-1.078,0.0
-0.74112,-1.04431,0.0
-0.74112,-1.01062,0.0
-0.74112,-0.97693,0.0
-0.74112,-0.94325,0.0
-0.74112,-0.90956,0.0
-0.74112,-0.87587,0.0
-0.74112,-0.84218,0.0
-0.74112,-0.8085,0.0
-0.74112,-0.77481,0.0
-0.74112,-0.74112,0.0
-0.74112,-0.70743,0.0
-0.74112,-0.67375,0.0
-0.74112,-0.64006,0.0
-0.74112,-0.60637,0.0
-0.74112,-0.57268,0.0
-0.74112,-0.539,0.0
-0.74112,-0.50531,0.0
-0.74112,-0.47162,0.0
-0.74112,-0.43794,0.0
-0.74112,-0.40425,0.0
-0.74112,-0.37056,0.0
-0.74112,-0.33687,0.0
-0.74112,-0.30319,0.0
-0.74112,-0.2695,0.0
-0.74112,-0.23581,0.0
-0.74112,-0.20212,0.0
-0.74112,-0.16844,0.0
-0.74112,-0.13475,0.0
-0.74112,-0.10106,0.0
-0.74112,-0.06737,0.0
-0.74112,-0.03369,0.0
-0.74112,0,0.0
-0.74112,0.03369,0.0
-0.74112,0.06737,0.0
-0.74112,0.10106,0.0
-0.74112,0.13475,0.0
-0.74112,0.16844,0.0
-0.74112,0.20212,0.0
-0.74112,0.23581,0.0
-0.74112,0.2695,0.0
-0.74112,0.30319,0.0
-0.74112,0.33687,0.0
-0.74112,0.37056,0.0
-0.74112,0.40425,0.0
-0.74112,0.43794,0.0
-0.74112,0.47162,0.0
-0.74112,0.50531,0.0
-0.74112,0.539,0.0
-0.74112,0.57268,0.0
-0.74112,0.60637,0.0
-0.74112,0.64006,0.0
-0.74112,0.67375,0.0
-0.74112,0.70743,0.0
-0.74112,0.74112,0.0
-0.74112,0.77481,0.0
-0.74112,0.8085,0.0
-0.74112,0.84218,0.0
-0.74112,0.87587,0.0
-0.74112,0.90956,0.0
-0.74112,0.94325,0.0
-0.74112,0.97693,0.0
-0.74112,1.01062,0.0
-0.74112,1.04431,0.0
-0.74112,1.078,0.0
-0.74112,1.11168,0.0
-0.74112,1.14537,0.0
-0.74112,1.17906,0.0
-0.74112,1.21274,0.0
-0.74112,1.24643,0.0
-0.74112,1.28012,0.0
-0.74112,1.31381,0.0
-0.74112,1.34749,0.0
-0.74112,1.38118,0.0
-0.74112,1.41487,0.0
-0.74112,1.44856,0.0
-0.74112,1.48224,0.0
-0.74112,1.51593,0.0
-0.74112,1.54962,0.0
-0.74112,1.58331,0.0
-0.74112,1.61699,0.0
-0.74112,1.65068,0.0
-0.74112,1.68437,0.0
-0.74112,1.71805,0.0
-0.74112,1.75174,0.0
-0.74112,1.78543,0.0
-0.74112,1.81912,0.0
-0.74112,1.8528,0.0
-0.74112,1.88649,0.0
-0.74112,1.92018,0.0
-0.74112,1.95387,0.0
-0.74112,1.98755,0.0
-0.74112,2.02124,0.0
-0.74112,2.05493,0.0
-0.74112,2.08862,0.0
-0.74112,2.1223,0.0
-0.74112,2.15599,0.0
-0.74112,2.18968,0.0
-0.74112,2.22336,0.0
-0.74112,2.25705,0.0
-0.74112,2.29074,0.0
-0.74112,2.32443,0.0
-0.74112,2.35811,0.0
-0.74112,2.3918,0.0
-0.74112,2.42549,0.0
-0.74112,2.45918,0.0
-0.74112,2.49286,0.0
-0.74112,2.52655,0.0
-0.74112,2.56024,0.0
-0.74112,2.59393,0.0
-0.74112,2.62761,0.0
-0.74112,2.6613,0.0
-0.74112,2.69499,0.0
-0.74112,2.72868,0.0
-0.74112,2.76236,0.0
-0.74112,2.79605,0.0
-0.74112,2.82974,0.0
-0.74112,2.86342,0.0
-0.74112,2.89711,0.0
-0.74112,2.9308,0.0
-0.74112,2.96449,0.0
-0.74112,2.99817,0.0
-0.74112,3.03186,0.0
-0.74112,3.06555,0.0
-0.74112,3.09924,0.0
-0.74112,3.13292,0.0
-0.74112,3.16661,0.0
-0.74112,3.2003,0.0
-0.70743,-3.2003,0.0
-0.70743,-3.16661,0.0
-0.70743,-3.13292,0.0
-0.70743,-3.09924,0.0
-0.70743,-3.06555,0.0
-0.70743,-3.03186,0.0
-0.70743,-2.99817,0.0
-0.70743,-2.96449,0.0
-0.70743,-2.9308,0.0
-0.70743,-2.89711,0.0
-0.70743,-2.86342,0.0
-0.70743,-2.82974,0.0
-0.70743,-2.79605,0.0
-0.70743,-2.76236,0.0
-0.70743,-2.72868,0.0
-0.70743,-2.69499,0.0
-0.70743,-2.6613,0.0
-0.70743,-2.62761,0.0
-0.70743,-2.59393,0.0
-0.70743,-2.56024,0.0
-0.70743,-2.52655,0.0
-0.70743,-2.49286,0.0
-0.70743,-2.45918,0.0
-0.70743,-2.42549,0.0
-0.70743,-2.3918,0.0
-0.70743,-2.35811,0.0
-0.70743,-2.32443,0.0
-0.70743,-2.29074,0.0
-0.70743,-2.25705,0.0
-0.70743,-2.22336,0.0
-0.70743,-2.18968,0.0
-0.70743,-2.15599,0.0
-0.70743,-2.1223,0.0
-0.70743,-2.08862,0.0
-0.70743,-2.05493,0.0
-0.70743,-2.02124,0.0
-0.70743,-1.98755,0.0
-0.70743,-1.95387,0.0
-0.70743,-1.92018,0.0
-0.70743,-1.88649,0.0
-0.70743,-1.8528,0.0
-0.70743,-1.81912,0.0
-0.70743,-1.78543,0.0
-0.70743,-1.75174,0.0
-0.70743,-1.71805,0.0
-0.70743,-1.68437,0.0
-0.70743,-1.65068,0.0
-0.70743,-1.61699,0.0
-0.70743,-1.58331,0.0
-0.70743,-1.54962,0.0
-0.70743,-1.51593,0.0
-0.70743,-1.48224,0.0
-0.70743,-1.44856,0.0
-0.70743,-1.41487,0.0
-0.70743,-1.38118,0.0
-0.70743,-1.34749,0.0
-0.70743,-1.31381,0.0
-0.70743,-1.28012,0.0
-0.70743,-1.24643,0.0
-0.70743,-1.21274,0.0
-0.70743,-1.17906,0.0
-0.70743,-1.14537,0.0
-0.70743,-1.11168,0.0
-0.70743,-1.078,0.0
-0.70743,-1.04431,0.0
-0.70743,-1.01062,0.0
-0.70743,-0.97693,0.0
-0.70743,-0.94325,0.0
-0.70743,-0.90956,0.0
-0.70743,-0.87587,0.0
-0.70743,-0.84218,0.0
-0.70743,-0.8085,0.0
-0.70743,-0.77481,0.0
-0.70743,-0.74112,0.0
-0.70743,-0.70743,0.0
-0.70743,-0.67375,0.0
-0.70743,-0.64006,0.0
-0.70743,-0.60637,0.0
-0.70743,-0.57268,0.0
-0.70743,-0.539,0.0
-0.70743,-0.50531,0.0
-0.70743,-0.47162,0.0
-0.70743,-0.43794,0.0
-0.70743,-0.40425,0.0
-0.70743,-0.37056,0.0
-0.70743,-0.33687,0.0
-0.70743,-0.30319,0.0
-0.70743,-0.2695,0.0
-0.70743,-0.23581,0.0
-0.70743,-0.20212,0.0
-0.70743,-0.16844,0.0
-0.70743,-0.13475,0.0
-0.70743,-0.10106,0.0
-0.70743,-0.06737,0.0
-0.70743,-0.03369,0.0
-0.70743,0,0.0
-0.70743,0.03369,0.0
-0.70743,0.06737,0.0
-0.70743,0.10106,0.0
-0.70743,0.13475,0.0
-0.70743,0.16844,0.0
-0.70743,0.20212,0.0
-0.70743,0.23581,0.0
-0.70743,0.2695,0.0
-0.70743,0.30319,0.0
-0.70743,0.33687,0.0
-0.70743,0.37056,0.0
-0.70743,0.40425,0.0
-0.70743,0.43794,0.0
-0.70743,0.47162,0.0
-0.70743,0.50531,0.0
-0.70743,0.539,0.0
-0.70743,0.57268,0.0
-0.70743,0.60637,0.0
-0.70743,0.64006,0.0
-0.70743,0.67375,0.0
-0.70743,0.70743,0.0
-0.70743,0.74112,0.0
-0.70743,0.77481,0.0
-0.70743,0.8085,0.0
-0.70743,0.84218,0.0
-0.70743,0.87587,0.0
-0.70743,0.90956,0.0
-0.70743,0.94325,0.0
-0.70743,0.97693,0.0
-0.70743,1.01062,0.0
-0.70743,1.04431,0.0
-0.70743,1.078,0.0
-0.70743,1.11168,0.0
-0.70743,1.14537,0.0
-0.70743,1.17906,0.0
-0.70743,1.21274,0.0
-0.70743,1.24643,0.0
-0.70743,1.28012,0.0
-0.70743,1.31381,0.0
-0.70743,1.34749,0.0
-0.70743,1.38118,0.0
-0.70743,1.41487,0.0
-0.70743,1.44856,0.0
-0.70743,1.48224,0.0
-0.70743,1.51593,0.0
-0.70743,1.54962,0.0
-0.70743,1.58331,0.0
-0.70743,1.61699,0.0
-0.70743,1.65068,0.0
-0.70743,1.68437,0.0
-0.70743,1.71805,0.0
-0.70743,1.75174,0.0
-0.70743,1.78543,0.0
-0.70743,1.81912,0.0
-0.70743,1.8528,0.0
-0.70743,1.88649,0.0
-0.70743,1.92018,0.0
-0.70743,1.95387,0.0
-0.70743,1.98755,0.0
-0.70743,2.02124,0.0
-0.70743,2.05493,0.0
-0.70743,2.08862,0.0
-0.70743,2.1223,0.0
-0.70743,2.15599,0.0
-0.70743,2.18968,0.0
-0.70743,2.22336,0.0
-0.70743,2.25705,0.0
-0.70743,2.29074,0.0
-0.70743,2.32443,0.0
-0.70743,2.35811,0.0
-0.70743,2.3918,0.0
-0.70743,2.42549,0.0
-0.70743,2.45918,0.0
-0.70743,2.49286,0.0
-0.70743,2.52655,0.0
-0.70743,2.56024,0.0
-0.70743,2.59393,0.0
-0.70743,2.62761,0.0
-0.70743,2.6613,0.0
-0.70743,2.69499,0.0
-0.70743,2.72868,0.0
-0.70743,2.76236,0.0
-0.70743,2.79605,0.0
-0.70743,2.82974,0.0
-0.70743,2.86342,0.0
-0.70743,2.89711,0.0
-0.70743,2.9308,0.0
-0.70743,2.96449,0.0
-0.70743,2.99817,0.0
-0.70743,3.03186,0.0
-0.70743,3.06555,0.0
-0.70743,3.09924,0.0
-0.70743,3.13292,0.0
-0.70743,3.16661,0.0
-0.70743,3.2003,0.0
-0.67375,-3.2003,0.0
-0.67375,-3.16661,0.0
-0.67375,-3.13292,0.0
-0.67375,-3.09924,0.0
-0.67375,-3.06555,0.0
-0.67375,-3.03186,0.0
-0.67375,-2.99817,0.0
-0.67375,-2.96449,0.0
-0.67375,-2.9308,0.0
-0.67375,-2.89711,0.0
-0.67375,-2.86342,0.0
-0.67375,-2.82974,0.0
-0.67375,-2.79605,0.0
-0.67375,-2.76236,0.0
-0.67375,-2.72868,0.0
-0.67375,-2.69499,0.0
-0.67375,-2.6613,0.0
-0.67375,-2.62761,0.0
-0.67375,-2.59393,0.0
-0.67375,-2.56024,0.0
-0.67375,-2.52655,0.0
-0.67375,-2.49286,0.0
-0.67375,-2.45918,0.0
-0.67375,-2.42549,0.0
-0.67375,-2.3918,0.0
-0.67375,-2.35811,0.0
-0.67375,-2.32443,0.0
-0.67375,-2.29074,0.0
-0.67375,-2.25705,0.0
-0.67375,-2.22336,0.0
-0.67375,-2.18968,0.0
-0.67375,-2.15599,0.0
-0.67375,-2.1223,0.0
-0.67375,-2.08862,0.0
-0.67375,-2.05493,0.0
-0.67375,-2.02124,0.0
-0.67375,-1.98755,0.0
-0.67375,-1.95387,0.0
-0.67375,-1.92018,0.0
-0.67375,-1.88649,0.0
-0.67375,-1.8528,0.0
-0.67375,-1.81912,0.0
-0.67375,-1.78543,0.0
-0.67375,-1.75174,0.0
-0.67375,-1.71805,0.0
-0.67375,-1.68437,0.0
-0.67375,-1.65068,0.0
-0.67375,-1.61699,0.0
-0.67375,-1.58331,0.0
-0.67375,-1.54962,0.0
-0.67375,-1.51593,0.0
-0.67375,-1.48224,0.0
-0.67375,-1.44856,0.0
-0.67375,-1.41487,0.0
-0.67375,-1.38118,0.0
-0.67375,-1.34749,0.0
-0.67375,-1.31381,0.0
-0.67375,-1.28012,0.0
-0.67375,-1.24643,0.0
-0.67375,-1.21274,0.0
-0.67375,-1.17906,0.0
-0.67375,-1.14537,0.0
-0.67375,-1.11168,0.0
-0.67375,-1.078,0.0
-0.67375,-1.04431,0.0
-0.67375,-1.01062,0.0
-0.67375,-0.97693,0.0
-0.67375,-0.94325,0.0
-0.67375,-0.90956,0.0
-0.67375,-0.87587,0.0
-0.67375,-0.84218,0.0
-0.67375,-0.8085,0.0
-0.67375,-0.77481,0.0
-0.67375,-0.74112,0.0
-0.67375,-0.70743,0.0
-0.67375,-0.67375,0.0
-0.67375,-0.64006,0.0
-0.67375,-0.60637,0.0
-0.67375,-0.57268,0.0
-0.67375,-0.539,0.0
-0.67375,-0.50531,0.0
-0.67375,-0.47162,0.0
-0.67375,-0.43794,0.0
-0.67375,-0.40425,0.0
-0.67375,-0.37056,0.0
-0.67375,-0.33687,0.0
-0.67375,-0.30319,0.0
-0.67375,-0.2695,0.0
-0.67375,-0.23581,0.0
-0.67375,-0.20212,0.0
-0.67375,-0.16844,0.0
-0.67375,-0.13475,0.0
-0.67375,-0.10106,0.0
-0.67375,-0.06737,0.0
-0.67375,-0.03369,0.0
-0.67375,0,0.0
-0.67375,0.03369,0.0
-0.67375,0.06737,0.0
-0.67375,0.10106,0.0
-0.67375,0.13475,0.0
-0.67375,0.16844,0.0
-0.67375,0.20212,0.0
-0.67375,0.23581,0.0
-0.67375,0.2695,0.0
-0.67375,0.30319,0.0
-0.67375,0.33687,0.0
-0.67375,0.37056,0.0
-0.67375,0.40425,0.0
-0.67375,0.43794,0.0
-0.67375,0.47162,0.0
-0.67375,0.50531,0.0
-0.67375,0.539,0.0
-0.67375,0.57268,0.0
-0.67375,0.60637,0.0
-0.67375,0.64006,0.0
-0.67375,0.67375,0.0
-0.67375,0.70743,0.0
-0.67375,0.74112,0.0
-0.67375,0.77481,0.0
-0.67375,0.8085,0.0
-0.67375,0.84218,0.0
-0.67375,0.87587,0.0
-0.67375,0.90956,0.0
-0.67375,0.94325,0.0
-0.67375,0.97693,0.0
-0.67375,1.01062,0.0
-0.67375,1.04431,0.0
-0.67375,1.078,0.0
-0.67375,1.11168,0.0
-0.67375,1.14537,0.0
-0.67375,1.17906,0.0
-0.67375,1.21274,0.0
-0.67375,1.24643,0.0
-0.67375,1.28012,0.0
-0.67375,1.31381,0.0
-0.67375,1.34749,0.0
-0.67375,1.38118,0.0
-0.67375,1.41487,0.0
-0.67375,1.44856,0.0
-0.67375,1.48224,0.0
-0.67375,1.51593,0.0
-0.67375,1.54962,0.0
-0.67375,1.58331,0.0
-0.67375,1.61699,0.0
-0.67375,1.65068,0.0
-0.67375,1.68437,0.0
-0.67375,1.71805,0.0
-0.67375,1.75174,0.0
-0.67375,1.78543,0.0
-0.67375,1.81912,0.0
-0.67375,1.8528,0.0
-0.67375,1.88649,0.0
-0.67375,1.92018,0.0
-0.67375,1.95387,0.0
-0.67375,1.98755,0.0
-0.67375,2.02124,0.0
-0.67375,2.05493,0.0
-0.67375,2.08862,0.0
-0.67375,2.1223,0.0
-0.67375,2.15599,0.0
-0.67375,2.18968,0.0
-0.67375,2.22336,0.0
-0.67375,2.25705,0.0
-0.67375,2.29074,0.0
-0.67375,2.32443,0.0
-0.67375,2.35811,0.0
-0.67375,2.3918,0.0
-0.67375,2.42549,0.0
-0.67375,2.45918,0.0
-0.67375,2.49286,0.0
-0.67375,2.52655,0.0
-0.67375,2.56024,0.0
-0.67375,2.59393,0.0
-0.67375,2.62761,0.0
-0.67375,2.6613,0.0
-0.67375,2.69499,0.0
-0.67375,2.72868,0.0
-0.67375,2.76236,0.0
-0.67375,2.79605,0.0
-0.67375,2.82974,0.0
-0.67375,2.86342,0.0
-0.67375,2.89711,0.0
-0.67375,2.9308,0.0
-0.67375,2.96449,0.0
-0.67375,2.99817,0.0
-0.67375,3.03186,0.0
-0.67375,3.06555,0.0
-0.67375,3.09924,0.0
-0.67375,3.13292,0.0
-0.67375,3.16661,0.0
-0.67375,3.2003,0.0
-0.64006,-3.23399,0.0
-0.64006,-3.2003,0.0
-0.64006,-3.16661,0.0
-0.64006,-3.13292,0.0
-0.64006,-3.09924,0.0
-0.64006,-3.06555,0.0
-0.64006,-3.03186,0.0
-0.64006,-2.99817,0.0
-0.64006,-2.96449,0.0
-0.64006,-2.9308,0.0
-0.64006,-2.89711,0.0
-0.64006,-2.86342,0.0
-0.64006,-2.82974,0.0
-0.64006,-2.79605,0.0
-0.64006,-2.76236,0.0
-0.64006,-2.72868,0.0
-0.64006,-2.69499,0.0
-0.64006,-2.6613,0.0
-0.64006,-2.62761,0.0
-0.64006,-2.59393,0.0
-0.64006,-2.56024,0.0
-0.64006,-2.52655,0.0
-0.64006,-2.49286,0.0
-0.64006,-2.45918,0.0
-0.64006,-2.42549,0.0
-0.64006,-2.3918,0.0
-0.64006,-2.35811,0.0
-0.64006,-2.32443,0.0
-0.64006,-2.29074,0.0
-0.64006,-2.25705,0.0
-0.64006,-2.22336,0.0
-0.64006,-2.18968,0.0
-0.64006,-2.15599,0.0
-0.64006,-2.1223,0.0
-0.64006,-2.08862,0.0
-0.64006,-2.05493,0.0
-0.64006,-2.02124,0.0
-0.64006,-1.98755,0.0
-0.64006,-1.95387,0.0
-0.64006,-1.92018,0.0
-0.64006,-1.88649,0.0
-0.64006,-1.8528,0.0
-0.64006,-1.81912,0.0
-0.64006,-1.78543,0.0
-0.64006,-1.75174,0.0
-0.64006,-1.71805,0.0
-0.64006,-1.68437,0.0
-0.64006,-1.65068,0.0
-0.64006,-1.61699,0.0
-0.64006,-1.58331,0.0
-0.64006,-1.54962,0.0
-0.64006,-1.51593,0.0
-0.64006,-1.48224,0.0
-0.64006,-1.44856,0.0
-0.64006,-1.41487,0.0
-0.64006,-1.38118,0.0
-0.64006,-1.34749,0.0
-0.64006,-1.31381,0.0
-0.64006,-1.28012,0.0
-0.64006,-1.24643,0.0
-0.64006,-1.21274,0.0
-0.64006,-1.17906,0.0
-0.64006,-1.14537,0.0
-0.64006,-1.11168,0.0
-0.64006,-1.078,0.0
-0.64006,-1.04431,0.0
-0.64006,-1.01062,0.0
-0.64006,-0.97693,0.0
-0.64006,-0.94325,0.0
-0.64006,-0.90956,0.0
-0.64006,-0.87587,0.0
-0.64006,-0.84218,0.0
-0.64006,-0.8085,0.0
-0.64006,-0.77481,0.0
-0.64006,-0.74112,0.0
-0.64006,-0.70743,0.0
-0.64006,-0.67375,0.0
-0.64006,-0.64006,0.0
-0.64006,-0.60637,0.0
-0.64006,-0.57268,0.0
-0.64006,-0.539,0.0
-0.64006,-0.50531,0.0
-0.64006,-0.47162,0.0
-0.64006,-0.43794,0.0
-0.64006,-0.40425,0.0
-0.64006,-0.37056,0.0
-0.64006,-0.33687,0.0
-0.64006,-0.30319,0.0
-0.64006,-0.2695,0.0
-0.64006,-0.23581,0.0
-0.64006,-0.20212,0.0
-0.64006,-0.16844,0.0
-0.64006,-0.13475,0.0
-0.64006,-0.10106,0.0
-0.64006,-0.06737,0.0
-0.64006,-0.03369,0.0
-0.64006,0,0.0
-0.64006,0.03369,0.0
-0.64006,0.06737,0.0
-0.64006,0.10106,0.0
-0.64006,0.13475,0.0
-0.64006,0.16844,0.0
-0.64006,0.20212,0.0
-0.64006,0.23581,0.0
-0.64006,0.2695,0.0
-0.64006,0.30319,0.0
-0.64006,0.33687,0.0
-0.64006,0.37056,0.0
-0.64006,0.40425,0.0
-0.64006,0.43794,0.0
-0.64006,0.47162,0.0
-0.64006,0.50531,0.0
-0.64006,0.539,0.0
-0.64006,0.57268,0.0
-0.64006,0.60637,0.0
-0.64006,0.64006,0.0
-0.64006,0.67375,0.0
-0.64006,0.70743,0.0
-0.64006,0.74112,0.0
-0.64006,0.77481,0.0
-0.64006,0.8085,0.0
-0.64006,0.84218,0.0
-0.64006,0.87587,0.0
-0.64006,0.90956,0.0
-0.64006,0.94325,0.0
-0.64006,0.97693,0.0
-0.64006,1.01062,0.0
-0.64006,1.04431,0.0
-0.64006,1.078,0.0
-0.64006,1.11168,0.0
-0.64006,1.14537,0.0
-0.64006,1.17906,0.0
-0.64006,1.21274,0.0
-0.64006,1.24643,0.0
-0.64006,1.28012,0.0
-0.64006,1.31381,0.0
-0.64006,1.34749,0.0
-0.64006,1.38118,0.0
-0.64006,1.41487,0.0
-0.64006,1.44856,0.0
-0.64006,1.48224,0.0
-0.64006,1.51593,0.0
-0.64006,1.54962,0.0
-0.64006,1.58331,0.0
-0.64006,1.61699,0.0
-0.64006,1.65068,0.0
-0.64006,1.68437,0.0
-0.64006,1.71805,0.0
-0.64006,1.75174,0.0
-0.64006,1.78543,0.0
-0.64006,1.81912,0.0
-0.64006,1.8528,0.0
-0.64006,1.88649,0.0
-0.64006,1.92018,0.0
-0.64006,1.95387,0.0
-0.64006,1.98755,0.0
-0.64006,2.02124,0.0
-0.64006,2.05493,0.0
-0.64006,2.08862,0.0
-0.64006,2.1223,0.0
-0.64006,2.15599,0.0
-0.64006,2.18968,0.0
-0.64006,2.22336,0.0
-0.64006,2.25705,0.0
-0.64006,2.29074,0.0
-0.64006,2.32443,0.0
-0.64006,2.35811,0.0
-0.64006,2.3918,0.0
-0.64006,2.42549,0.0
-0.64006,2.45918,0.0
-0.64006,2.49286,0.0
-0.64006,2.52655,0.0
-0.64006,2.56024,0.0
-0.64006,2.59393,0.0
-0.64006,2.62761,0.0
-0.64006,2.6613,0.0
-0.64006,2.69499,0.0
-0.64006,2.72868,0.0
-0.64006,2.76236,0.0
-0.64006,2.79605,0.0
-0.64006,2.82974,0.0
-0.64006,2.86342,0.0
-0.64006,2.89711,0.0
-0.64006,2.9308,0.0
-0.64006,2.96449,0.0
-0.64006,2.99817,0.0
-0.64006,3.03186,0.0
-0.64006,3.06555,0.0
-0.64006,3.09924,0.0
-0.64006,3.13292,0.0
-0.64006,3.16661,0.0
-0.64006,3.2003,0.0
-0.64006,3.23399,0.0
-0.60637,-3.23399,0.0
-0.60637,-3.2003,0.0
-0.60637,-3.16661,0.0
-0.60637,-3.13292,0.0
-0.60637,-3.09924,0.0
-0.60637,-3.06555,0.0
-0.60637,-3.03186,0.0
-0.60637,-2.99817,0.0
-0.60637,-2.96449,0.0
-0.60637,-2.9308,0.0
-0.60637,-2.89711,0.0
-0.60637,-2.86342,0.0
-0.60637,-2.82974,0.0
-0.60637,-2.79605,0.0
-0.60637,-2.76236,0.0
-0.60637,-2.72868,0.0
-0.60637,-2.69499,0.0
-0.60637,-2.6613,0.0
-0.60637,-2.62761,0.0
-0.60637,-2.59393,0.0
-0.60637,-2.56024,0.0
-0.60637,-2.52655,0.0
-0.60637,-2.49286,0.0
-0.60637,-2.45918,0.0
-0.60637,-2.42549,0.0
-0.60637,-2.3918,0.0
-0.60637,-2.35811,0.0
-0.60637,-2.32443,0.0
-0.60637,-2.29074,0.0
-0.60637,-2.25705,0.0
-0.60637,-2.22336,0.0
-0.60637,-2.18968,0.0
-0.60637,-2.15599,0.0
-0.60637,-2.1223,0.0
-0.60637,-2.08862,0.0
-0.60637,-2.05493,0.0
-0.60637,-2.02124,0.0
-0.60637,-1.98755,0.0
-0.60637,-1.95387,0.0
-0.60637,-1.92018,0.0
-0.60637,-1.88649,0.0
-0.60637,-1.8528,0.0
-0.60637,-1.81912,0.0
-0.60637,-1.78543,0.0
-0.60637,-1.75174,0.0
-0.60637,-1.71805,0.0
-0.60637,-1.68437,0.0
-0.60637,-1.65068,0.0
-0.60637,-1.61699,0.0
-0.60637,-1.58331,0.0
-0.60637,-1.54962,0.0
-0.60637,-1.51593,0.0
-0.60637,-1.48224,0.0
-0.60637,-1.44856,0.0
-0.60637,-1.41487,0.0
-0.60637,-1.38118,0.0
-0.60637,-1.34749,0.0
-0.60637,-1.31381,0.0
-0.60637,-1.28012,0.0
-0.60637,-1.24643,0.0
-0.60637,-1.21274,0.0
-0.60637,-1.17906,0.0
-0.60637,-1.14537,0.0
-0.60637,-1.11168,0.0
-0.60637,-1.078,0.0
-0.60637,-1.04431,0.0
-0.60637,-1.01062,0.0
-0.60637,-0.97693,0.0
-0.60637,-0.94325,0.0
-0.60637,-0.90956,0.0
-0.60637,-0.87587,0.0
-0.60637,-0.84218,0.0
-0.60637,-0.8085,0.0
-0.60637,-0.77481,0.0
-0.60637,-0.74112,0.0
-0.60637,-0.70743,0.0
-0.60637,-0.67375,0.0
-0.60637,-0.64006,0.0
-0.60637,-0.60637,0.0
-0.60637,-0.57268,0.0
-0.60637,-0.539,0.0
-0.60637,-0.50531,0.0
-0.60637,-0.47162,0.0
-0.60637,-0.43794,0.0
-0.60637,-0.40425,0.0
-0.60637,-0.37056,0.0
-0.60637,-0.33687,0.0
-0.60637,-0.30319,0.0
-0.60637,-0.2695,0.0
-0.60637,-0.23581,0.0
-0.60637,-0.20212,0.0
-0.60637,-0.16844,0.0
-0.60637,-0.13475,0.0
-0.60637,-0.10106,0.0
-0.60637,-0.06737,0.0
-0.60637,-0.03369,0.0
-0.60637,0,0.0
-0.60637,0.03369,0.0
-0.60637,0.06737,0.0
-0.60637,0.10106,0.0
-0.60637,0.13475,0.0
-0.60637,0.16844,0.0
-0.60637,0.20212,0.0
-0.60637,0.23581,0.0
-0.60637,0.2695,0.0
-0.60637,0.30319,0.0
-0.60637,0.33687,0.0
-0.60637,0.37056,0.0
-0.60637,0.40425,0.0
-0.60637,0.43794,0.0
-0.60637,0.47162,0.0
-0.60637,0.50531,0.0
-0.60637,0.539,0.0
-0.60637,0.57268,0.0
-0.60637,0.60637,0.0
-0.60637,0.64006,0.0
-0.60637,0.67375,0.0
-0.60637,0.70743,0.0
-0.60637,0.74112,0.0
-0.60637,0.77481,0.0
-0.60637,0.8085,0.0
-0.60637,0.84218,0.0
-0.60637,0.87587,0.0
-0.60637,0.90956,0.0
-0.60637,0.94325,0.0
-0.60637,0.97693,0.0
-0.60637,1.01062,0.0
-0.60637,1.04431,0.0
-0.60637,1.078,0.0
-0.60637,1.11168,0.0
-0.60637,1.14537,0.0
-0.60637,1.17906,0.0
-0.60637,1.21274,0.0
-0.60637,1.24643,0.0
-0.60637,1.28012,0.0
-0.60637,1.31381,0.0
-0.60637,1.34749,0.0
-0.60637,1.38118,0.0
-0.60637,1.41487,0.0
-0.60637,1.44856,0.0
-0.60637,1.48224,0.0
-0.60637,1.51593,0.0
-0.60637,1.54962,0.0
-0.60637,1.58331,0.0
-0.60637,1.61699,0.0
-0.60637,1.65068,0.0
-0.60637,1.68437,0.0
-0.60637,1.71805,0.0
-0.60637,1.75174,0.0
-0.60637,1.78543,0.0
-0.60637,1.81912,0.0
-0.60637,1.8528,0.0
-0.60637,1.88649,0.0
-0.60637,1.92018,0.0
-0.60637,1.95387,0.0
-0.60637,1.98755,0.0
-0.60637,2.02124,0.0
-0.60637,2.05493,0.0
-0.60637,2.08862,0.0
-0.60637,2.1223,0.0
-0.60637,2.15599,0.0
-0.60637,2.18968,0.0
-0.60637,2.22336,0.0
-0.60637,2.25705,0.0
-0.60637,2.29074,0.0
-0.60637,2.32443,0.0
-0.60637,2.35811,0.0
-0.60637,2.3918,0.0
-0.60637,2.42549,0.0
-0.60637,2.45918,0.0
-0.60637,2.49286,0.0
-0.60637,2.52655,0.0
-0.60637,2.56024,0.0
-0.60637,2.59393,0.0
-0.60637,2.62761,0.0
-0.60637,2.6613,0.0
-0.60637,2.69499,0.0
-0.60637,2.72868,0.0
-0.60637,2.76236,0.0
-0.60637,2.79605,0.0
-0.60637,2.82974,0.0
-0.60637,2.86342,0.0
-0.60637,2.89711,0.0
-0.60637,2.9308,0.0
-0.60637,2.96449,0.0
-0.60637,2.99817,0.0
-0.60637,3.03186,0.0
-0.60637,3.06555,0.0
-0.60637,3.09924,0.0
-0.60637,3.13292,0.0
-0.60637,3.16661,0.0
-0.60637,3.2003,0.0
-0.60637,3.23399,0.0
-0.57268,-3.23399,0.0
-0.57268,-3.2003,0.0
-0.57268,-3.16661,0.0
-0.57268,-3.13292,0.0
-0.57268,-3.09924,0.0
-0.57268,-3.06555,0.0
-0.57268,-3.03186,0.0
-0.57268,-2.99817,0.0
-0.57268,-2.96449,0.0
-0.57268,-2.9308,0.0
-0.57268,-2.89711,0.0
-0.57268,-2.86342,0.0
-0.57268,-2.82974,0.0
-0.57268,-2.79605,0.0
-0.57268,-2.76236,0.0
-0.57268,-2.72868,0.0
-0.57268,-2.69499,0.0
-0.57268,-2.6613,0.0
-0.57268,-2.62761,0.0
-0.57268,-2.59393,0.0
-0.57268,-2.56024,0.0
-0.57268,-2.52655,0.0
-0.57268,-2.49286,0.0
-0.57268,-2.45918,0.0
-0.57268,-2.42549,0.0
-0.57268,-2.3918,0.0
-0.57268,-2.35811,0.0
-0.57268,-2.32443,0.0
-0.57268,-2.29074,0.0
-0.57268,-2.25705,0.0
-0.57268,-2.22336,0.0
-0.57268,-2.18968,0.0
-0.57268,-2.15599,0.0
-0.57268,-2.1223,0.0
-0.57268,-2.08862,0.0
-0.57268,-2.05493,0.0
-0.57268,-2.02124,0.0
-0.57268,-1.98755,0.0
-0.57268,-1.95387,0.0
-0.57268,-1.92018,0.0
-0.57268,-1.88649,0.0
-0.57268,-1.8528,0.0
-0.57268,-1.81912,0.0
-0.57268,-1.78543,0.0
-0.57268,-1.75174,0.0
-0.57268,-1.71805,0.0
-0.57268,-1.68437,0.0
-0.57268,-1.65068,0.0
-0.57268,-1.61699,0.0
-0.57268,-1.58331,0.0
-0.57268,-1.54962,0.0
-0.57268,-1.51593,0.0
-0.57268,-1.48224,0.0
-0.57268,-1.44856,0.0
-0.57268,-1.41487,0.0
-0.57268,-1.38118,0.0
-0.57268,-1.34749,0.0
-0.57268,-1.31381,0.0
-0.57268,-1.28012,0.0
-0.57268,-1.24643,0.0
-0.57268,-1.21274,0.0
-0.57268,-1.17906,0.0
-0.57268,-1.14537,0.0
-0.57268,-1.11168,0.0
-0.57268,-1.078,0.0
-0.57268,-1.04431,0.0
-0.57268,-1.01062,0.0
-0.57268,-0.97693,0.0
-0.57268,-0.94325,0.0
-0.57268,-0.90956,0.0
-0.57268,-0.87587,0.0
-0.57268,-0.84218,0.0
-0.57268,-0.8085,0.0
-0.57268,-0.77481,0.0
-0.57268,-0.74112,0.0
-0.57268,-0.70743,0.0
-0.57268,-0.67375,0.0
-0.57268,-0.64006,0.0
-0.57268,-0.60637,0.0
-0.57268,-0.57268,0.0
-0.57268,-0.539,0.0
-0.57268,-0.50531,0.0
-0.57268,-0.47162,0.0
-0.57268,-0.43794,0.0
-0.57268,-0.40425,0.0
-0.57268,-0.37056,0.0
-0.57268,-0.33687,0.0
-0.57268,-0.30319,0.0
-0.57268,-0.2695,0.0
-0.57268,-0.23581,0.0
-0.57268,-0.20212,0.0
-0.57268,-0.16844,0.0
-0.57268,-0.13475,0.0
-0.57268,-0.10106,0.0
-0.57268,-0.06737,0.0
-0.57268,-0.03369,0.0
-0.57268,0,0.0
-0.57268,0.03369,0.0
-0.57268,0.06737,0.0
-0.57268,0.10106,0.0
-0.57268,0.13475,0.0
-0.57268,0.16844,0.0
-0.57268,0.20212,0.0
-0.57268,0.23581,0.0
-0.57268,0.2695,0.0
-0.57268,0.30319,0.0
-0.57268,0.33687,0.0
-0.57268,0.37056,0.0
-0.57268,0.40425,0.0
-0.57268,0.43794,0.0
-0.57268,0.47162,0.0
-0.57268,0.50531,0.0
-0.57268,0.539,0.0
-0.57268,0.57268,0.0
-0.57268,0.60637,0.0
-0.57268,0.64006,0.0
-0.57268,0.67375,0.0
-0.57268,0.70743,0.0
-0.57268,0.74112,0.0
-0.57268,0.77481,0.0
-0.57268,0.8085,0.0
-0.57268,0.84218,0.0
-0.57268,0.87587,0.0
-0.57268,0.90956,0.0
-0.57268,0.94325,0.0
-0.57268,0.97693,0.0
-0.57268,1.01062,0.0
-0.57268,1.04431,0.0
-0.57268,1.078,0.0
-0.57268,1.11168,0.0
-0.57268,1.14537,0.0
-0.57268,1.17906,0.0
-0.57268,1.21274,0.0
-0.57268,1.24643,0.0
-0.57268,1.28012,0.0
-0.57268,1.31381,0.0
-0.57268,1.34749,0.0
-0.57268,1.38118,0.0
-0.57268,1.41487,0.0
-0.57268,1.44856,0.0
-0.57268,1.48224,0.0
-0.57268,1.51593,0.0
-0.57268,1.54962,0.0
-0.57268,1.58331,0.0
-0.57268,1.61699,0.0
-0.57268,1.65068,0.0
-0.57268,1.68437,0.0
-0.57268,1.71805,0.0
-0.57268,1.75174,0.0
-0.57268,1.78543,0.0
-0.57268,1.81912,0.0
-0.57268,1.8528,0.0
-0.57268,1.88649,0.0
-0.57268,1.92018,0.0
-0.57268,1.95387,0.0
-0.57268,1.98755,0.0
-0.57268,2.02124,0.0
-0.57268,2.05493,0.0
-0.57268,2.08862,0.0
-0.57268,2.1223,0.0
-0.57268,2.15599,0.0
-0.57268,2.18968,0.0
-0.57268,2.22336,0.0
-0.57268,2.25705,0.0
-0.57268,2.29074,0.0
-0.57268,2.32443,0.0
-0.57268,2.35811,0.0
-0.57268,2.3918,0.0
-0.57268,2.42549,0.0
-0.57268,2.45918,0.0
-0.57268,2.49286,0.0
-0.57268,2.52655,0.0
-0.57268,2.56024,0.0
-0.57268,2.59393,0.0
-0.57268,2.62761,0.0
-0.57268,2.6613,0.0
-0.57268,2.69499,0.0
-0.57268,2.72868,0.0
-0.57268,2.76236,0.0
-0.57268,2.79605,0.0
-0.57268,2.82974,0.0
-0.57268,2.86342,0.0
-0.57268,2.89711,0.0
-0.57268,2.9308,0.0
-0.57268,2.96449,0.0
-0.57268,2.99817,0.0
-0.57268,3.03186,0.0
-0.57268,3.06555,0.0
-0.57268,3.09924,0.0
-0.57268,3.13292,0.0
-0.57268,3.16661,0.0
-0.57268,3.2003,0.0
-0.57268,3.23399,0.0
-0.539,-3.23399,0.0
-0.539,-3.2003,0.0
-0.539,-3.16661,0.0
-0.539,-3.13292,0.0
-0.539,-3.09924,0.0
-0.539,-3.06555,0.0
-0.539,-3.03186,0.0
-0.539,-2.99817,0.0
-0.539,-2.96449,0.0
-0.539,-2.9308,0.0
-0.539,-2.89711,0.0
-0.539,-2.86342,0.0
-0.539,-2.82974,0.0
-0.539,-2.79605,0.0
-0.539,-2.76236,0.0
-0.539,-2.72868,0.0
-0.539,-2.69499,0.0
-0.539,-2.6613,0.0
-0.539,-2.62761,0.0
-0.539,-2.59393,0.0
-0.539,-2.56024,0.0
-0.539,-2.52655,0.0
-0.539,-2.49286,0.0
-0.539,-2.45918,0.0
-0.539,-2.42549,0.0
-0.539,-2.3918,0.0
-0.539,-2.35811,0.0
-0.539,-2.32443,0.0
-0.539,-2.29074,0.0
-0.539,-2.25705,0.0
-0.539,-2.22336,0.0
-0.539,-2.18968,0.0
-0.539,-2.15599,0.0
-0.539,-2.1223,0.0
-0.539,-2.08862,0.0
-0.539,-2.05493,0.0
-0.539,-2.02124,0.0
-0.539,-1.98755,0.0
-0.539,-1.95387,0.0
-0.539,-1.92018,0.0
-0.539,-1.88649,0.0
-0.539,-1.8528,0.0
-0.539,-1.81912,0.0
-0.539,-1.78543,0.0
-0.539,-1.75174,0.0
-0.539,-1.71805,0.0
-0.539,-1.68437,0.0
-0.539,-1.65068,0.0
-0.539,-1.61699,0.0
-0.539,-1.58331,0.0
-0.539,-1.54962,0.0
-0.539,-1.51593,0.0
-0.539,-1.48224,0.0
-0.539,-1.44856,0.0
-0.539,-1.41487,0.0
-0.539,-1.38118,0.0
-0.539,-1.34749,0.0
-0.539,-1.31381,0.0
-0.539,-1.28012,0.0
-0.539,-1.24643,0.0
-0.539,-1.21274,0.0
-0.539,-1.17906,0.0
-0.539,-1.14537,0.0
-0.539,-1.11168,0.0
-0.539,-1.078,0.0
-0.539,-1.04431,0.0
-0.539,-1.01062,0.0
-0.539,-0.97693,0.0
-0.539,-0.94325,0.0
-0.539,-0.90956,0.0
-0.539,-0.87587,0.0
-0.539,-0.84218,0.0
-0.539,-0.8085,0.0
-0.539,-0.77481,0.0
-0.539,-0.74112,0.0
-0.539,-0.70743,0.0
-0.539,-0.67375,0.0
-0.539,-0.64006,0.0
-0.539,-0.60637,0.0
-0.539,-0.57268,0.0
-0.539,-0.539,0.0
-0.539,-0.50531,0.0
-0.539,-0.47162,0.0
-0.539,-0.43794,0.0
-0.539,-0.40425,0.0
-0.539,-0.37056,0.0
-0.539,-0.33687,0.0
-0.539,-0.30319,0.0
-0.539,-0.2695,0.0
-0.539,-0.23581,0.0
-0.539,-0.20212,0.0
-0.539,-0.16844,0.0
-0.539,-0.13475,0.0
-0.539,-0.10106,0.0
-0.539,-0.06737,0.0
-0.539,-0.03369,0.0
-0.539,0,0.0
-0.539,0.03369,0.0
-0.539,0.06737,0.0
-0.539,0.10106,0.0
-0.539,0.13475,0.0
-0.539,0.16844,0.0
-0.539,0.20212,0.0
-0.539,0.23581,0.0
-0.539,0.2695,0.0
-0.539,0.30319,0.0
-0.539,0.33687,0.0
-0.539,0.37056,0.0
-0.539,0.40425,0.0
-0.539,0.43794,0.0
-0.539,0.47162,0.0
-0.539,0.50531,0.0
-0.539,0.539,0.0
-0.539,0.57268,0.0
-0.539,0.60637,0.0
-0.539,0.64006,0.0
-0.539,0.67375,0.0
-0.539,0.70743,0.0
-0.539,0.74112,0.0
-0.539,0.77481,0.0
-0.539,0.8085,0.0
-0.539,0.84218,0.0
-0.539,0.87587,0.0
-0.539,0.90956,0.0
-0.539,0.94325,0.0
-0.539,0.97693,0.0
-0.539,1.01062,0.0
-0.539,1.04431,0.0
-0.539,1.078,0.0
-0.539,1.11168,0.0
-0.539,1.14537,0.0
-0.539,1.17906,0.0
-0.539,1.21274,0.0
-0.539,1.24643,0.0
-0.539,1.28012,0.0
-0.539,1.31381,0.0
-0.539,1.34749,0.0
-0.539,1.38118,0.0
-0.539,1.41487,0.0
-0.539,1.44856,0.0
-0.539,1.48224,0.0
-0.539,1.51593,0.0
-0.539,1.54962,0.0
-0.539,1.58331,0.0
-0.539,1.61699,0.0
-0.539,1.65068,0.0
-0.539,1.68437,0.0
-0.539,1.71805,0.0
-0.539,1.75174,0.0
-0.539,1.78543,0.0
-0.539,1.81912,0.0
-0.539,1.8528,0.0
-0.539,1.88649,0.0
-0.539,1.92018,0.0
-0.539,1.95387,0.0
-0.539,1.98755,0.0
-0.539,2.02124,0.0
-0.539,2.05493,0.0
-0.539,2.08862,0.0
-0.539,2.1223,0.0
-0.539,2.15599,0.0
-0.539,2.18968,0.0
-0.539,2.22336,0.0
-0.539,2.25705,0.0
-0.539,2.29074,0.0
-0.539,2.32443,0.0
-0.539,2.35811,0.0
-0.539,2.3918,0.0
-0.539,2.42549,0.0
-0.539,2.45918,0.0
-0.539,2.49286,0.0
-0.539,2.52655,0.0
-0.539,2.56024,0.0
-0.539,2.59393,0.0
-0.539,2.62761,0.0
-0.539,2.6613,0.0
-0.539,2.69499,0.0
-0.539,2.72868,0.0
-0.539,2.76236,0.0
-0.539,2.79605,0.0
-0.539,2.82974,0.0
-0.539,2.86342,0.0
-0.539,2.89711,0.0
-0.539,2.9308,0.0
-0.539,2.96449,0.0
-0.539,2.99817,0.0
-0.539,3.03186,0.0
-0.539,3.06555,0.0
-0.539,3.09924,0.0
-0.539,3.13292,0.0
-0.539,3.16661,0.0
-0.539,3.2003,0.0
-0.539,3.23399,0.0
-0.50531,-3.23399,0.0
-0.50531,-3.2003,0.0
-0.50531,-3.16661,0.0
-0.50531,-3.13292,0.0
-0.50531,-3.09924,0.0
-0.50531,-3.06555,0.0
-0.50531,-3.03186,0.0
-0.50531,-2.99817,0.0
-0.50531,-2.96449,0.0
-0.50531,-2.9308,0.0
-0.50531,-2.89711,0.0
-0.50531,-2.86342,0.0
-0.50531,-2.82974,0.0
-0.50531,-2.79605,0.0
-0.50531,-2.76236,0.0
-0.50531,-2.72868,0.0
-0.50531,-2.69499,0.0
-0.50531,-2.6613,0.0
-0.50531,-2.62761,0.0
-0.50531,-2.59393,0.0
-0.50531,-2.56024,0.0
-0.50531,-2.52655,0.0
-0.50531,-2.49286,0.0
-0.50531,-2.45918,0.0
-0.50531,-2.42549,0.0
-0.50531,-2.3918,0.0
-0.50531,-2.35811,0.0
-0.50531,-2.32443,0.0
-0.50531,-2.29074,0.0
-0.50531,-2.25705,0.0
-0.50531,-2.22336,0.0
-0.50531,-2.18968,0.0
-0.50531,-2.15599,0.0
-0.50531,-2.1223,0.0
-0.50531,-2.08862,0.0
-0.50531,-2.05493,0.0
-0.50531,-2.02124,0.0
-0.50531,-1.98755,0.0
-0.50531,-1.95387,0.0
-0.50531,-1.92018,0.0
-0.50531,-1.88649,0.0
-0.50531,-1.8528,0.0
-0.50531,-1.81912,0.0
-0.50531,-1.78543,0.0
-0.50531,-1.75174,0.0
-0.50531,-1.71805,0.0
-0.50531,-1.68437,0.0
-0.50531,-1.65068,0.0
-0.50531,-1.61699,0.0
-0.50531,-1.58331,0.0
-0.50531,-1.54962,0.0
-0.50531,-1.51593,0.0
-0.50531,-1.48224,0.0
-0.50531,-1.44856,0.0
-0.50531,-1.41487,0.0
-0.50531,-1.38118,0.0
-0.50531,-1.34749,0.0
-0.50531,-1.31381,0.0
-0.50531,-1.28012,0.0
-0.50531,-1.24643,0.0
-0.50531,-1.21274,0.0
-0.50531,-1.17906,0.0
-0.50531,-1.14537,0.0
-0.50531,-1.11168,0.0
-0.50531,-1.078,0.0
-0.50531,-1.04431,0.0
-0.50531,-1.01062,0.0
-0.50531,-0.97693,0.0
-0.50531,-0.94325,0.0
-0.50531,-0.90956,0.0
-0.50531,-0.87587,0.0
-0.50531,-0.84218,0.0
-0.50531,-0.8085,0.0
-0.50531,-0.77481,0.0
-0.50531,-0.74112,0.0
-0.50531,-0.70743,0.0
-0.50531,-0.67375,0.0
-0.50531,-0.64006,0.0
-0.50531,-0.60637,0.0
-0.50531,-0.57268,0.0
-0.50531,-0.539,0.0
-0.50531,-0.50531,0.0
-0.50531,-0.47162,0.0
-0.50531,-0.43794,0.0
-0.50531,-0.40425,0.0
-0.50531,-0.37056,0.0
-0.50531,-0.33687,0.0
-0.50531,-0.30319,0.0
-0.50531,-0.2695,0.0
-0.50531,-0.23581,0.0
-0.50531,-0.20212,0.0
-0.50531,-0.16844,0.0
-0.50531,-0.13475,0.0
-0.50531,-0.10106,0.0
-0.50531,-0.06737,0.0
-0.50531,-0.03369,0.0
-0.50531,0,0.0
-0.50531,0.03369,0.0
-0.50531,0.06737,0.0
-0.50531,0.10106,0.0
-0.50531,0.13475,0.0
-0.50531,0.16844,0.0
-0.50531,0.20212,0.0
-0.50531,0.23581,0.0
-0.50531,0.2695,0.0
-0.50531,0.30319,0.0
-0.50531,0.33687,0.0
-0.50531,0.37056,0.0
-0.50531,0.40425,0.0
-0.50531,0.43794,0.0
-0.50531,0.47162,0.0
-0.50531,0.50531,0.0
-0.50531,0.539,0.0
-0.50531,0.57268,0.0
-0.50531,0.60637,0.0
-0.50531,0.64006,0.0
-0.50531,0.67375,0.0
-0.50531,0.70743,0.0
-0.50531,0.74112,0.0
-0.50531,0.77481,0.0
-0.50531,0.8085,0.0
-0.50531,0.84218,0.0
-0.50531,0.87587,0.0
-0.50531,0.90956,0.0
-0.50531,0.94325,0.0
-0.50531,0.97693,0.0
-0.50531,1.01062,0.0
-0.50531,1.04431,0.0
-0.50531,1.078,0.0
-0.50531,1.11168,0.0
-0.50531,1.14537,0.0
-0.50531,1.17906,0.0
-0.50531,1.21274,0.0
-0.50531,1.24643,0.0
-0.50531,1.28012,0.0
-0.50531,1.31381,0.0
-0.50531,1.34749,0.0
-0.50531,1.38118,0.0
-0.50531,1.41487,0.0
-0.50531,1.44856,0.0
-0.50531,1.48224,0.0
-0.50531,1.51593,0.0
-0.50531,1.54962,0.0
-0.50531,1.58331,0.0
-0.50531,1.61699,0.0
-0.50531,1.65068,0.0
-0.50531,1.68437,0.0
-0.50531,1.71805,0.0
-0.50531,1.75174,0.0
-0.50531,1.78543,0.0
-0.50531,1.81912,0.0
-0.50531,1.8528,0.0
-0.50531,1.88649,0.0
-0.50531,1.92018,0.0
-0.50531,1.95387,0.0
-0.50531,1.98755,0.0
-0.50531,2.02124,0.0
-0.50531,2.05493,0.0
-0.50531,2.08862,0.0
-0.50531,2.1223,0.0
-0.50531,2.15599,0.0
-0.50531,2.18968,0.0
-0.50531,2.22336,0.0
-0.50531,2.25705,0.0
-0.50531,2.29074,0.0
-0.50531,2.32443,0.0
-0.50531,2.35811,0.0
-0.50531,2.3918,0.0
-0.50531,2.42549,0.0
-0.50531,2.45918,0.0
-0.50531,2.49286,0.0
-0.50531,2.52655,0.0
-0.50531,2.56024,0.0
-0.50531,2.59393,0.0
-0.50531,2.62761,0.0
-0.50531,2.6613,0.0
-0.50531,2.69499,0.0
-0.50531,2.72868,0.0
-0.50531,2.76236,0.0
-0.50531,2.79605,0.0
-0.50531,2.82974,0.0
-0.50531,2.86342,0.0
-0.50531,2.89711,0.0
-0.50531,2.9308,0.0
-0.50531,2.96449,0.0
-0.50531,2.99817,0.0
-0.50531,3.03186,0.0
-0.50531,3.06555,0.0
-0.50531,3.09924,0.0
-0.50531,3.13292,0.0
-0.50531,3.16661,0.0
-0.50531,3.2003,0.0
-0.50531,3.23399,0.0
-0.47162,-3.23399,0.0
-0.47162,-3.2003,0.0
-0.47162,-3.16661,0.0
-0.47162,-3.13292,0.0
-0.47162,-3.09924,0.0
-0.47162,-3.06555,0.0
-0.47162,-3.03186,0.0
-0.47162,-2.99817,0.0
-0.47162,-2.96449,0.0
-0.47162,-2.9308,0.0
-0.47162,-2.89711,0.0
-0.47162,-2.86342,0.0
-0.47162,-2.82974,0.0
-0.47162,-2.79605,0.0
-0.47162,-2.76236,0.0
-0.47162,-2.72868,0.0
-0.47162,-2.69499,0.0
-0.47162,-2.6613,0.0
-0.47162,-2.62761,0.0
-0.47162,-2.59393,0.0
-0.47162,-2.56024,0.0
-0.47162,-2.52655,0.0
-0.47162,-2.49286,0.0
-0.47162,-2.45918,0.0
-0.47162,-2.42549,0.0
-0.47162,-2.3918,0.0
-0.47162,-2.35811,0.0
-0.47162,-2.32443,0.0
-0.47162,-2.29074,0.0
-0.47162,-2.25705,0.0
-0.47162,-2.22336,0.0
-0.47162,-2.18968,0.0
-0.47162,-2.15599,0.0
-0.47162,-2.1223,0.0
-0.47162,-2.08862,0.0
-0.47162,-2.05493,0.0
-0.47162,-2.02124,0.0
-0.47162,-1.98755,0.0
-0.47162,-1.95387,0.0
-0.47162,-1.92018,0.0
-0.47162,-1.88649,0.0
-0.47162,-1.8528,0.0
-0.47162,-1.81912,0.0
-0.47162,-1.78543,0.0
-0.47162,-1.75174,0.0
-0.47162,-1.71805,0.0
-0.47162,-1.68437,0.0
-0.47162,-1.65068,0.0
-0.47162,-1.61699,0.0
-0.47162,-1.58331,0.0
-0.47162,-1.54962,0.0
-0.47162,-1.51593,0.0
-0.47162,-1.48224,0.0
-0.47162,-1.44856,0.0
-0.47162,-1.41487,0.0
-0.47162,-1.38118,0.0
-0.47162,-1.34749,0.0
-0.47162,-1.31381,0.0
-0.47162,-1.28012,0.0
-0.47162,-1.24643,0.0
-0.47162,-1.21274,0.0
-0.47162,-1.17906,0.0
-0.47162,-1.14537,0.0
-0.47162,-1.11168,0.0
-0.47162,-1.078,0.0
-0.47162,-1.04431,0.0
-0.47162,-1.01062,0.0
-0.47162,-0.97693,0.0
-0.47162,-0.94325,0.0
-0.47162,-0.90956,0.0
-0.47162,-0.87587,0.0
-0.47162,-0.84218,0.0
-0.47162,-0.8085,0.0
-0.47162,-0.77481,0.0
-0.47162,-0.74112,0.0
-0.47162,-0.70743,0.0
-0.47162,-0.67375,0.0
-0.47162,-0.64006,0.0
-0.47162,-0.60637,0.0
-0.47162,-0.57268,0.0
-0.47162,-0.539,0.0
-0.47162,-0.50531,0.0
-0.47162,-0.47162,0.0
-0.47162,-0.43794,0.0
-0.47162,-0.40425,0.0
-0.47162,-0.37056,0.0
-0.47162,-0.33687,0.0
-0.47162,-0.30319,0.0
-0.47162,-0.2695,0.0
-0.47162,-0.23581,0.0
-0.47162,-0.20212,0.0
-0.47162,-0.16844,0.0
-0.47162,-0.13475,0.0
-0.47162,-0.10106,0.0
-0.47162,-0.06737,0.0
-0.47162,-0.03369,0.0
-0.47162,0,0.0
-0.47162,0.03369,0.0
-0.47162,0.06737,0.0
-0.47162,0.10106,0.0
-0.47162,0.13475,0.0
-0.47162,0.16844,0.0
-0.47162,0.20212,0.0
-0.47162,0.23581,0.0
-0.47162,0.2695,0.0
-0.47162,0.30319,0.0
-0.47162,0.33687,0.0
-0.47162,0.37056,0.0
-0.47162,0.40425,0.0
-0.47162,0.43794,0.0
-0.47162,0.47162,0.0
-0.47162,0.50531,0.0
-0.47162,0.539,0.0
-0.47162,0.57268,0.0
-0.47162,0.60637,0.0
-0.47162,0.64006,0.0
-0.47162,0.67375,0.0
-0.47162,0.70743,0.0
-0.47162,0.74112,0.0
-0.47162,0.77481,0.0
-0.47162,0.8085,0.0
-0.47162,0.84218,0.0
-0.47162,0.87587,0.0
-0.47162,0.90956,0.0
-0.47162,0.94325,0.0
-0.47162,0.97693,0.0
-0.47162,1.01062,0.0
-0.47162,1.04431,0.0
-0.47162,1.078,0.0
-0.47162,1.11168,0.0
-0.47162,1.14537,0.0
-0.47162,1.17906,0.0
-0.47162,1.21274,0.0
-0.47162,1.24643,0.0
-0.47162,1.28012,0.0
-0.47162,1.31381,0.0
-0.47162,1.34749,0.0
-0.47162,1.38118,0.0
-0.47162,1.41487,0.0
-0.47162,1.44856,0.0
-0.47162,1.48224,0.0
-0.47162,1.51593,0.0
-0.47162,1.54962,0.0
-0.47162,1.58331,0.0
-0.47162,1.61699,0.0
-0.47162,1.65068,0.0
-0.47162,1.68437,0.0
-0.47162,1.71805,0.0
-0.47162,1.75174,0.0
-0.47162,1.78543,0.0
-0.47162,1.81912,0.0
-0.47162,1.8528,0.0
-0.47162,1.88649,0.0
-0.47162,1.92018,0.0
-0.47162,1.95387,0.0
-0.47162,1.98755,0.0
-0.47162,2.02124,0.0
-0.47162,2.05493,0.0
-0.47162,2.08862,0.0
-0.47162,2.1223,0.0
-0.47162,2.15599,0.0
-0.47162,2.18968,0.0
-0.47162,2.22336,0.0
-0.47162,2.25705,0.0
-0.47162,2.29074,0.0
-0.47162,2.32443,0.0
-0.47162,2.35811,0.0
-0.47162,2.3918,0.0
-0.47162,2.42549,0.0
-0.47162,2.45918,0.0
-0.47162,2.49286,0.0
-0.47162,2.52655,0.0
-0.47162,2.56024,0.0
-0.47162,2.59393,0.0
-0.47162,2.62761,0.0
-0.47162,2.6613,0.0
-0.47162,2.69499,0.0
-0.47162,2.72868,0.0
-0.47162,2.76236,0.0
-0.47162,2.79605,0.0
-0.47162,2.82974,0.0
-0.47162,2.86342,0.0
-0.47162,2.89711,0.0
-0.47162,2.9308,0.0
-0.47162,2.96449,0.0
-0.47162,2.99817,0.0
-0.47162,3.03186,0.0
-0.47162,3.06555,0.0
-0.47162,3.09924,0.0
-0.47162,3.13292,0.0
-0.47162,3.16661,0.0
-0.47162,3.2003,0.0
-0.47162,3.23399,0.0
-0.43794,-3.26767,0.0
-0.43794,-3.23399,0.0
-0.43794,-3.2003,0.0
-0.43794,-3.16661,0.0
-0.43794,-3.13292,0.0
-0.43794,-3.09924,0.0
-0.43794,-3.06555,0.0
-0.43794,-3.03186,0.0
-0.43794,-2.99817,0.0
-0.43794,-2.96449,0.0
-0.43794,-2.9308,0.0
-0.43794,-2.89711,0.0
-0.43794,-2.86342,0.0
-0.43794,-2.82974,0.0
-0.43794,-2.79605,0.0
-0.43794,-2.76236,0.0
-0.43794,-2.72868,0.0
-0.43794,-2.69499,0.0
-0.43794,-2.6613,0.0
-0.43794,-2.62761,0.0
-0.43794,-2.59393,0.0
-0.43794,-2.56024,0.0
-0.43794,-2.52655,0.0
-0.43794,-2.49286,0.0
-0.43794,-2.45918,0.0
-0.43794,-2.42549,0.0
-0.43794,-2.3918,0.0
-0.43794,-2.35811,0.0
-0.43794,-2.32443,0.0
-0.43794,-2.29074,0.0
-0.43794,-2.25705,0.0
-0.43794,-2.22336,0.0
-0.43794,-2.18968,0.0
-0.43794,-2.15599,0.0
-0.43794,-2.1223,0.0
-0.43794,-2.08862,0.0
-0.43794,-2.05493,0.0
-0.43794,-2.02124,0.0
-0.43794,-1.98755,0.0
-0.43794,-1.95387,0.0
-0.43794,-1.92018,0.0
-0.43794,-1.88649,0.0
-0.43794,-1.8528,0.0
-0.43794,-1.81912,0.0
-0.43794,-1.78543,0.0
-0.43794,-1.75174,0.0
-0.43794,-1.71805,0.0
-0.43794,-1.68437,0.0
-0.43794,-1.65068,0.0
-0.43794,-1.61699,0.0
-0.43794,-1.58331,0.0
-0.43794,-1.54962,0.0
-0.43794,-1.51593,0.0
-0.43794,-1.48224,0.0
-0.43794,-1.44856,0.0
-0.43794,-1.41487,0.0
-0.43794,-1.38118,0.0
-0.43794,-1.34749,0.0
-0.43794,-1.31381,0.0
-0.43794,-1.28012,0.0
-0.43794,-1.24643,0.0
-0.43794,-1.21274,0.0
-0.43794,-1.17906,0.0
-0.43794,-1.14537,0.0
-0.43794,-1.11168,0.0
-0.43794,-1.078,0.0
-0.43794,-1.04431,0.0
-0.43794,-1.01062,0.0
-0.43794,-0.97693,0.0
-0.43794,-0.94325,0.0
-0.43794,-0.90956,0.0
-0.43794,-0.87587,0.0
-0.43794,-0.84218,0.0
-0.43794,-0.8085,0.0
-0.43794,-0.77481,0.0
-0.43794,-0.74112,0.0
-0.43794,-0.70743,0.0
-0.43794,-0.67375,0.0
-0.43794,-0.64006,0.0
-0.43794,-0.60637,0.0
-0.43794,-0.57268,0.0
-0.43794,-0.539,0.0
-0.43794,-0.50531,0.0
-0.43794,-0.47162,0.0
-0.43794,-0.43794,0.0
-0.43794,-0.40425,0.0
-0.43794,-0.37056,0.0
-0.43794,-0.33687,0.0
-0.43794,-0.30319,0.0
-0.43794,-0.2695,0.0
-0.43794,-0.23581,0.0
-0.43794,-0.20212,0.0
-0.43794,-0.16844,0.0
-0.43794,-0.13475,0.0
-0.43794,-0.10106,0.0
-0.43794,-0.06737,0.0
-0.43794,-0.03369,0.0
-0.43794,0,0.0
-0.43794,0.03369,0.0
-0.43794,0.06737,0.0
-0.43794,0.10106,0.0
-0.43794,0.13475,0.0
-0.43794,0.16844,0.0
-0.43794,0.20212,0.0
-0.43794,0.23581,0.0
-0.43794,0.2695,0.0
-0.43794,0.30319,0.0
-0.43794,0.33687,0.0
-0.43794,0.37056,0.0
-0.43794,0.40425,0.0
-0.43794,0.43794,0.0
-0.43794,0.47162,0.0
-0.43794,0.50531,0.0
-0.43794,0.539,0.0
-0.43794,0.57268,0.0
-0.43794,0.60637,0.0
-0.43794,0.64006,0.0
-0.43794,0.67375,0.0
-0.43794,0.70743,0.0
-0.43794,0.74112,0.0
-0.43794,0.77481,0.0
-0.43794,0.8085,0.0
-0.43794,0.84218,0.0
-0.43794,0.87587,0.0
-0.43794,0.90956,0.0
-0.43794,0.94325,0.0
-0.43794,0.97693,0.0
-0.43794,1.01062,0.0
-0.43794,1.04431,0.0
-0.43794,1.078,0.0
-0.43794,1.11168,0.0
-0.43794,1.14537,0.0
-0.43794,1.17906,0.0
-0.43794,1.21274,0.0
-0.43794,1.24643,0.0
-0.43794,1.28012,0.0
-0.43794,1.31381,0.0
-0.43794,1.34749,0.0
-0.43794,1.38118,0.0
-0.43794,1.41487,0.0
-0.43794,1.44856,0.0
-0.43794,1.48224,0.0
-0.43794,1.51593,0.0
-0.43794,1.54962,0.0
-0.43794,1.58331,0.0
-0.43794,1.61699,0.0
-0.43794,1.65068,0.0
-0.43794,1.68437,0.0
-0.43794,1.71805,0.0
-0.43794,1.75174,0.0
-0.43794,1.78543,0.0
-0.43794,1.81912,0.0
-0.43794,1.8528,0.0
-0.43794,1.88649,0.0
-0.43794,1.92018,0.0
-0.43794,1.95387,0.0
-0.43794,1.98755,0.0
-0.43794,2.02124,0.0
-0.43794,2.05493,0.0
-0.43794,2.08862,0.0
-0.43794,2.1223,0.0
-0.43794,2.15599,0.0
-0.43794,2.18968,0.0
-0.43794,2.22336,0.0
-0.43794,2.25705,0.0
-0.43794,2.29074,0.0
-0.43794,2.32443,0.0
-0.43794,2.35811,0.0
-0.43794,2.3918,0.0
-0.43794,2.42549,0.0
-0.43794,2.45918,0.0
-0.43794,2.49286,0.0
-0.43794,2.52655,0.0
-0.43794,2.56024,0.0
-0.43794,2.59393,0.0
-0.43794,2.62761,0.0
-0.43794,2.6613,0.0
-0.43794,2.69499,0.0
-0.43794,2.72868,0.0
-0.43794,2.76236,0.0
-0.43794,2.79605,0.0
-0.43794,2.82974,0.0
-0.43794,2.86342,0.0
-0.43794,2.89711,0.0
-0.43794,2.9308,0.0
-0.43794,2.96449,0.0
-0.43794,2.99817,0.0
-0.43794,3.03186,0.0
-0.43794,3.06555,0.0
-0.43794,3.09924,0.0
-0.43794,3.13292,0.0
-0.43794,3.16661,0.0
-0.43794,3.2003,0.0
-0.43794,3.23399,0.0
-0.43794,3.26767,0.0
-0.40425,-3.26767,0.0
-0.40425,-3.23399,0.0
-0.40425,-3.2003,0.0
-0.40425,-3.16661,0.0
-0.40425,-3.13292,0.0
-0.40425,-3.09924,0.0
-0.40425,-3.06555,0.0
-0.40425,-3.03186,0.0
-0.40425,-2.99817,0.0
-0.40425,-2.96449,0.0
-0.40425,-2.9308,0.0
-0.40425,-2.89711,0.0
-0.40425,-2.86342,0.0
-0.40425,-2.82974,0.0
-0.40425,-2.79605,0.0
-0.40425,-2.76236,0.0
-0.40425,-2.72868,0.0
-0.40425,-2.69499,0.0
-0.40425,-2.6613,0.0
-0.40425,-2.62761,0.0
-0.40425,-2.59393,0.0
-0.40425,-2.56024,0.0
-0.40425,-2.52655,0.0
-0.40425,-2.49286,0.0
-0.40425,-2.45918,0.0
-0.40425,-2.42549,0.0
-0.40425,-2.3918,0.0
-0.40425,-2.35811,0.0
-0.40425,-2.32443,0.0
-0.40425,-2.29074,0.0
-0.40425,-2.25705,0.0
-0.40425,-2.22336,0.0
-0.40425,-2.18968,0.0
-0.40425,-2.15599,0.0
-0.40425,-2.1223,0.0
-0.40425,-2.08862,0.0
-0.40425,-2.05493,0.0
-0.40425,-2.02124,0.0
-0.40425,-1.98755,0.0
-0.40425,-1.95387,0.0
-0.40425,-1.92018,0.0
-0.40425,-1.88649,0.0
-0.40425,-1.8528,0.0
-0.40425,-1.81912,0.0
-0.40425,-1.78543,0.0
-0.40425,-1.75174,0.0
-0.40425,-1.71805,0.0
-0.40425,-1.68437,0.0
-0.40425,-1.65068,0.0
-0.40425,-1.61699,0.0
-0.40425,-1.58331,0.0
-0.40425,-1.54962,0.0
-0.40425,-1.51593,0.0
-0.40425,-1.48224,0.0
-0.40425,-1.44856,0.0
-0.40425,-1.41487,0.0
-0.40425,-1.38118,0.0
-0.40425,-1.34749,0.0
-0.40425,-1.31381,0.0
-0.40425,-1.28012,0.0
-0.40425,-1.24643,0.0
-0.40425,-1.21274,0.0
-0.40425,-1.17906,0.0
-0.40425,-1.14537,0.0
-0.40425,-1.11168,0.0
-0.40425,-1.078,0.0
-0.40425,-1.04431,0.0
-0.40425,-1.01062,0.0
-0.40425,-0.97693,0.0
-0.40425,-0.94325,0.0
-0.40425,-0.90956,0.0
-0.40425,-0.87587,0.0
-0.40425,-0.84218,0.0
-0.40425,-0.8085,0.0
-0.40425,-0.77481,0.0
-0.40425,-0.74112,0.0
-0.40425,-0.70743,0.0
-0.40425,-0.67375,0.0
-0.40425,-0.64006,0.0
-0.40425,-0.60637,0.0
-0.40425,-0.57268,0.0
-0.40425,-0.539,0.0
-0.40425,-0.50531,0.0
-0.40425,-0.47162,0.0
-0.40425,-0.43794,0.0
-0.40425,-0.40425,0.0
-0.40425,-0.37056,0.0
-0.40425,-0.33687,0.0
-0.40425,-0.30319,0.0
-0.40425,-0.2695,0.0
-0.40425,-0.23581,0.0
-0.40425,-0.20212,0.0
-0.40425,-0.16844,0.0
-0.40425,-0.13475,0.0
-0.40425,-0.10106,0.0
-0.40425,-0.06737,0.0
-0.40425,-0.03369,0.0
-0.40425,0,0.0
-0.40425,0.03369,0.0
-0.40425,0.06737,0.0
-0.40425,0.10106,0.0
-0.40425,0.13475,0.0
-0.40425,0.16844,0.0
-0.40425,0.20212,0.0
-0.40425,0.23581,0.0
-0.40425,0.2695,0.0
-0.40425,0.30319,0.0
-0.40425,0.33687,0.0
-0.40425,0.37056,0.0
-0.40425,0.40425,0.0
-0.40425,0.43794,0.0
-0.40425,0.47162,0.0
-0.40425,0.50531,0.0
-0.40425,0.539,0.0
-0.40425,0.57268,0.0
-0.40425,0.60637,0.0
-0.40425,0.64006,0.0
-0.40425,0.67375,0.0
-0.40425,0.70743,0.0
-0.40425,0.74112,0.0
-0.40425,0.77481,0.0
-0.40425,0.8085,0.0
-0.40425,0.84218,0.0
-0.40425,0.87587,0.0
-0.40425,0.90956,0.0
-0.40425,0.94325,0.0
-0.40425,0.97693,0.0
-0.40425,1.01062,0.0
-0.40425,1.04431,0.0
-0.40425,1.078,0.0
-0.40425,1.11168,0.0
-0.40425,1.14537,0.0
-0.40425,1.17906,0.0
-0.40425,1.21274,0.0
-0.40425,1.24643,0.0
-0.40425,1.28012,0.0
-0.40425,1.31381,0.0
-0.40425,1.34749,0.0
-0.40425,1.38118,0.0
-0.40425,1.41487,0.0
-0.40425,1.44856,0.0
-0.40425,1.48224,0.0
-0.40425,1.51593,0.0
-0.40425,1.54962,0.0
-0.40425,1.58331,0.0
-0.40425,1.61699,0.0
-0.40425,1.65068,0.0
-0.40425,1.68437,0.0
-0.40425,1.71805,0.0
-0.40425,1.75174,0.0
-0.40425,1.78543,0.0
-0.40425,1.81912,0.0
-0.40425,1.8528,0.0
-0.40425,1.88649,0.0
-0.40425,1.92018,0.0
-0.40425,1.95387,0.0
-0.40425,1.98755,0.0
-0.40425,2.02124,0.0
-0.40425,2.05493,0.0
-0.40425,2.08862,0.0
-0.40425,2.1223,0.0
-0.40425,2.15599,0.0
-0.40425,2.18968,0.0
-0.40425,2.22336,0.0
-0.40425,2.25705,0.0
-0.40425,2.29074,0.0
-0.40425,2.32443,0.0
-0.40425,2.35811,0.0
-0.40425,2.3918,0.0
-0.40425,2.42549,0.0
-0.40425,2.45918,0.0
-0.40425,2.49286,0.0
-0.40425,2.52655,0.0
-0.40425,2.56024,0.0
-0.40425,2.59393,0.0
-0.40425,2.62761,0.0
-0.40425,2.6613,0.0
-0.40425,2.69499,0.0
-0.40425,2.72868,0.0
-0.40425,2.76236,0.0
-0.40425,2.79605,0.0
-0.40425,2.82974,0.0
-0.40425,2.86342,0.0
-0.40425,2.89711,0.0
-0.40425,2.9308,0.0
-0.40425,2.96449,0.0
-0.40425,2.99817,0.0
-0.40425,3.03186,0.0
-0.40425,3.06555,0.0
-0.40425,3.09924,0.0
-0.40425,3.13292,0.0
-0.40425,3.16661,0.0
-0.40425,3.2003,0.0
-0.40425,3.23399,0.0
-0.40425,3.26767,0.0
-0.37056,-3.26767,0.0
-0.37056,-3.23399,0.0
-0.37056,-3.2003,0.0
-0.37056,-3.16661,0.0
-0.37056,-3.13292,0.0
-0.37056,-3.09924,0.0
-0.37056,-3.06555,0.0
-0.37056,-3.03186,0.0
-0.37056,-2.99817,0.0
-0.37056,-2.96449,0.0
-0.37056,-2.9308,0.0
-0.37056,-2.89711,0.0
-0.37056,-2.86342,0.0
-0.37056,-2.82974,0.0
-0.37056,-2.79605,0.0
-0.37056,-2.76236,0.0
-0.37056,-2.72868,0.0
-0.37056,-2.69499,0.0
-0.37056,-2.6613,0.0
-0.37056,-2.62761,0.0
-0.37056,-2.59393,0.0
-0.37056,-2.56024,0.0
-0.37056,-2.52655,0.0
-0.37056,-2.49286,0.0
-0.37056,-2.45918,0.0
-0.37056,-2.42549,0.0
-0.37056,-2.3918,0.0
-0.37056,-2.35811,0.0
-0.37056,-2.32443,0.0
-0.37056,-2.29074,0.0
-0.37056,-2.25705,0.0
-0.37056,-2.22336,0.0
-0.37056,-2.18968,0.0
-0.37056,-2.15599,0.0
-0.37056,-2.1223,0.0
-0.37056,-2.08862,0.0
-0.37056,-2.05493,0.0
-0.37056,-2.02124,0.0
-0.37056,-1.98755,0.0
-0.37056,-1.95387,0.0
-0.37056,-1.92018,0.0
-0.37056,-1.88649,0.0
-0.37056,-1.8528,0.0
-0.37056,-1.81912,0.0
-0.37056,-1.78543,0.0
-0.37056,-1.75174,0.0
-0.37056,-1.71805,0.0
-0.37056,-1.68437,0.0
-0.37056,-1.65068,0.0
-0.37056,-1.61699,0.0
-0.37056,-1.58331,0.0
-0.37056,-1.54962,0.0
-0.37056,-1.51593,0.0
-0.37056,-1.48224,0.0
-0.37056,-1.44856,0.0
-0.37056,-1.41487,0.0
-0.37056,-1.38118,0.0
-0.37056,-1.34749,0.0
-0.37056,-1.31381,0.0
-0.37056,-1.28012,0.0
-0.37056,-1.24643,0.0
-0.37056,-1.21274,0.0
-0.37056,-1.17906,0.0
-0.37056,-1.14537,0.0
-0.37056,-1.11168,0.0
-0.37056,-1.078,0.0
-0.37056,-1.04431,0.0
-0.37056,-1.01062,0.0
-0.37056,-0.97693,0.0
-0.37056,-0.94325,0.0
-0.37056,-0.90956,0.0
-0.37056,-0.87587,0.0
-0.37056,-0.84218,0.0
-0.37056,-0.8085,0.0
-0.37056,-0.77481,0.0
-0.37056,-0.74112,0.0
-0.37056,-0.70743,0.0
-0.37056,-0.67375,0.0
-0.37056,-0.64006,0.0
-0.37056,-0.60637,0.0
-0.37056,-0.57268,0.0
-0.37056,-0.539,0.0
-0.37056,-0.50531,0.0
-0.37056,-0.47162,0.0
-0.37056,-0.43794,0.0
-0.37056,-0.40425,0.0
-0.37056,-0.37056,0.0
-0.37056,-0.33687,0.0
-0.37056,-0.30319,0.0
-0.37056,-0.2695,0.0
-0.37056,-0.23581,0.0
-0.37056,-0.20212,0.0
-0.37056,-0.16844,0.0
-0.37056,-0.13475,0.0
-0.37056,-0.10106,0.0
-0.37056,-0.06737,0.0
-0.37056,-0.03369,0.0
-0.37056,0,0.0
-0.37056,0.03369,0.0
-0.37056,0.06737,0.0
-0.37056,0.10106,0.0
-0.37056,0.13475,0.0
-0.37056,0.16844,0.0
-0.37056,0.20212,0.0
-0.37056,0.23581,0.0
-0.37056,0.2695,0.0
-0.37056,0.30319,0.0
-0.37056,0.33687,0.0
-0.37056,0.37056,0.0
-0.37056,0.40425,0.0
-0.37056,0.43794,0.0
-0.37056,0.47162,0.0
-0.37056,0.50531,0.0
-0.37056,0.539,0.0
-0.37056,0.57268,0.0
-0.37056,0.60637,0.0
-0.37056,0.64006,0.0
-0.37056,0.67375,0.0
-0.37056,0.70743,0.0
-0.37056,0.74112,0.0
-0.37056,0.77481,0.0
-0.37056,0.8085,0.0
-0.37056,0.84218,0.0
-0.37056,0.87587,0.0
-0.37056,0.90956,0.0
-0.37056,0.94325,0.0
-0.37056,0.97693,0.0
-0.37056,1.01062,0.0
-0.37056,1.04431,0.0
-0.37056,1.078,0.0
-0.37056,1.11168,0.0
-0.37056,1.14537,0.0
-0.37056,1.17906,0.0
-0.37056,1.21274,0.0
-0.37056,1.24643,0.0
-0.37056,1.28012,0.0
-0.37056,1.31381,0.0
-0.37056,1.34749,0.0
-0.37056,1.38118,0.0
-0.37056,1.41487,0.0
-0.37056,1.44856,0.0
-0.37056,1.48224,0.0
-0.37056,1.51593,0.0
-0.37056,1.54962,0.0
-0.37056,1.58331,0.0
-0.37056,1.61699,0.0
-0.37056,1.65068,0.0
-0.37056,1.68437,0.0
-0.37056,1.71805,0.0
-0.37056,1.75174,0.0
-0.37056,1.78543,0.0
-0.37056,1.81912,0.0
-0.37056,1.8528,0.0
-0.37056,1.88649,0.0
-0.37056,1.92018,0.0
-0.37056,1.95387,0.0
-0.37056,1.98755,0.0
-0.37056,2.02124,0.0
-0.37056,2.05493,0.0
-0.37056,2.08862,0.0
-0.37056,2.1223,0.0
-0.37056,2.15599,0.0
-0.37056,2.18968,0.0
-0.37056,2.22336,0.0
-0.37056,2.25705,0.0
-0.37056,2.29074,0.0
-0.37056,2.32443,0.0
-0.37056,2.35811,0.0
-0.37056,2.3918,0.0
-0.37056,2.42549,0.0
-0.37056,2.45918,0.0
-0.37056,2.49286,0.0
-0.37056,2.52655,0.0
-0.37056,2.56024,0.0
-0.37056,2.59393,0.0
-0.37056,2.62761,0.0
-0.37056,2.6613,0.0
-0.37056,2.69499,0.0
-0.37056,2.72868,0.0
-0.37056,2.76236,0.0
-0.37056,2.79605,0.0
-0.37056,2.82974,0.0
-0.37056,2.86342,0.0
-0.37056,2.89711,0.0
-0.37056,2.9308,0.0
-0.37056,2.96449,0.0
-0.37056,2.99817,0.0
-0.37056,3.03186,0.0
-0.37056,3.06555,0.0
-0.37056,3.09924,0.0
-0.37056,3.13292,0.0
-0.37056,3.16661,0.0
-0.37056,3.2003,0.0
-0.37056,3.23399,0.0
-0.37056,3.26767,0.0
-0.33687,-3.26767,0.0
-0.33687,-3.23399,0.0
-0.33687,-3.2003,0.0
-0.33687,-3.16661,0.0
-0.33687,-3.13292,0.0
-0.33687,-3.09924,0.0
-0.33687,-3.06555,0.0
-0.33687,-3.03186,0.0
-0.33687,-2.99817,0.0
-0.33687,-2.96449,0.0
-0.33687,-2.9308,0.0
-0.33687,-2.89711,0.0
-0.33687,-2.86342,0.0
-0.33687,-2.82974,0.0
-0.33687,-2.79605,0.0
-0.33687,-2.76236,0.0
-0.33687,-2.72868,0.0
-0.33687,-2.69499,0.0
-0.33687,-2.6613,0.0
-0.33687,-2.62761,0.0
-0.33687,-2.59393,0.0
-0.33687,-2.56024,0.0
-0.33687,-2.52655,0.0
-0.33687,-2.49286,0.0
-0.33687,-2.45918,0.0
-0.33687,-2.42549,0.0
-0.33687,-2.3918,0.0
-0.33687,-2.35811,0.0
-0.33687,-2.32443,0.0
-0.33687,-2.29074,0.0
-0.33687,-2.25705,0.0
-0.33687,-2.22336,0.0
-0.33687,-2.18968,0.0
-0.33687,-2.15599,0.0
-0.33687,-2.1223,0.0
-0.33687,-2.08862,0.0
-0.33687,-2.05493,0.0
-0.33687,-2.02124,0.0
-0.33687,-1.98755,0.0
-0.33687,-1.95387,0.0
-0.33687,-1.92018,0.0
-0.33687,-1.88649,0.0
-0.33687,-1.8528,0.0
-0.33687,-1.81912,0.0
-0.33687,-1.78543,0.0
-0.33687,-1.75174,0.0
-0.33687,-1.71805,0.0
-0.33687,-1.68437,0.0
-0.33687,-1.65068,0.0
-0.33687,-1.61699,0.0
-0.33687,-1.58331,0.0
-0.33687,-1.54962,0.0
-0.33687,-1.51593,0.0
-0.33687,-1.48224,0.0
-0.33687,-1.44856,0.0
-0.33687,-1.41487,0.0
-0.33687,-1.38118,0.0
-0.33687,-1.34749,0.0
-0.33687,-1.31381,0.0
-0.33687,-1.28012,0.0
-0.33687,-1.24643,0.0
-0.33687,-1.21274,0.0
-0.33687,-1.17906,0.0
-0.33687,-1.14537,0.0
-0.33687,-1.11168,0.0
-0.33687,-1.078,0.0
-0.33687,-1.04431,0.0
-0.33687,-1.01062,0.0
-0.33687,-0.97693,0.0
-0.33687,-0.94325,0.0
-0.33687,-0.90956,0.0
-0.33687,-0.87587,0.0
-0.33687,-0.84218,0.0
-0.33687,-0.8085,0.0
-0.33687,-0.77481,0.0
-0.33687,-0.74112,0.0
-0.33687,-0.70743,0.0
-0.33687,-0.67375,0.0
-0.33687,-0.64006,0.0
-0.33687,-0.60637,0.0
-0.33687,-0.57268,0.0
-0.33687,-0.539,0.0
-0.33687,-0.50531,0.0
-0.33687,-0.47162,0.0
-0.33687,-0.43794,0.0
-0.33687,-0.40425,0.0
-0.33687,-0.37056,0.0
-0.33687,-0.33687,0.0
-0.33687,-0.30319,0.0
-0.33687,-0.2695,0.0
-0.33687,-0.23581,0.0
-0.33687,-0.20212,0.0
-0.33687,-0.16844,0.0
-0.33687,-0.13475,0.0
-0.33687,-0.10106,0.0
-0.33687,-0.06737,0.0
-0.33687,-0.03369,0.0
-0.33687,0,0.0
-0.33687,0.03369,0.0
-0.33687,0.06737,0.0
-0.33687,0.10106,0.0
-0.33687,0.13475,0.0
-0.33687,0.16844,0.0
-0.33687,0.20212,0.0
-0.33687,0.23581,0.0
-0.33687,0.2695,0.0
-0.33687,0.30319,0.0
-0.33687,0.33687,0.0
-0.33687,0.37056,0.0
-0.33687,0.40425,0.0
-0.33687,0.43794,0.0
-0.33687,0.47162,0.0
-0.33687,0.50531,0.0
-0.33687,0.539,0.0
-0.33687,0.57268,0.0
-0.33687,0.60637,0.0
-0.33687,0.64006,0.0
-0.33687,0.67375,0.0
-0.33687,0.70743,0.0
-0.33687,0.74112,0.0
-0.33687,0.77481,0.0
-0.33687,0.8085,0.0
-0.33687,0.84218,0.0
-0.33687,0.87587,0.0
-0.33687,0.90956,0.0
-0.33687,0.94325,0.0
-0.33687,0.97693,0.0
-0.33687,1.01062,0.0
-0.33687,1.04431,0.0
-0.33687,1.078,0.0
-0.33687,1.11168,0.0
-0.33687,1.14537,0.0
-0.33687,1.17906,0.0
-0.33687,1.21274,0.0
-0.33687,1.24643,0.0
-0.33687,1.28012,0.0
-0.33687,1.31381,0.0
-0.33687,1.34749,0.0
-0.33687,1.38118,0.0
-0.33687,1.41487,0.0
-0.33687,1.44856,0.0
-0.33687,1.48224,0.0
-0.33687,1.51593,0.0
-0.33687,1.54962,0.0
-0.33687,1.58331,0.0
-0.33687,1.61699,0.0
-0.33687,1.65068,0.0
-0.33687,1.68437,0.0
-0.33687,1.71805,0.0
-0.33687,1.75174,0.0
-0.33687,1.78543,0.0
-0.33687,1.81912,0.0
-0.33687,1.8528,0.0
-0.33687,1.88649,0.0
-0.33687,1.92018,0.0
-0.33687,1.95387,0.0
-0.33687,1.98755,0.0
-0.33687,2.02124,0.0
-0.33687,2.05493,0.0
-0.33687,2.08862,0.0
-0.33687,2.1223,0.0
-0.33687,2.15599,0.0
-0.33687,2.18968,0.0
-0.33687,2.22336,0.0
-0.33687,2.25705,0.0
-0.33687,2.29074,0.0
-0.33687,2.32443,0.0
-0.33687,2.35811,0.0
-0.33687,2.3918,0.0
-0.33687,2.42549,0.0
-0.33687,2.45918,0.0
-0.33687,2.49286,0.0
-0.33687,2.52655,0.0
-0.33687,2.56024,0.0
-0.33687,2.59393,0.0
-0.33687,2.62761,0.0
-0.33687,2.6613,0.0
-0.33687,2.69499,0.0
-0.33687,2.72868,0.0
-0.33687,2.76236,0.0
-0.33687,2.79605,0.0
-0.33687,2.82974,0.0
-0.33687,2.86342,0.0
-0.33687,2.89711,0.0
-0.33687,2.9308,0.0
-0.33687,2.96449,0.0
-0.33687,2.99817,0.0
-0.33687,3.03186,0.0
-0.33687,3.06555,0.0
-0.33687,3.09924,0.0
-0.33687,3.13292,0.0
-0.33687,3.16661,0.0
-0.33687,3.2003,0.0
-0.33687,3.23399,0.0
-0.33687,3.26767,0.0
-0.30319,-3.26767,0.0
-0.30319,-3.23399,0.0
-0.30319,-3.2003,0.0
-0.30319,-3.16661,0.0
-0.30319,-3.13292,0.0
-0.30319,-3.09924,0.0
-0.30319,-3.06555,0.0
-0.30319,-3.03186,0.0
-0.30319,-2.99817,0.0
-0.30319,-2.96449,0.0
-0.30319,-2.9308,0.0
-0.30319,-2.89711,0.0
-0.30319,-2.86342,0.0
-0.30319,-2.82974,0.0
-0.30319,-2.79605,0.0
-0.30319,-2.76236,0.0
-0.30319,-2.72868,0.0
-0.30319,-2.69499,0.0
-0.30319,-2.6613,0.0
-0.30319,-2.62761,0.0
-0.30319,-2.59393,0.0
-0.30319,-2.56024,0.0
-0.30319,-2.52655,0.0
-0.30319,-2.49286,0.0
-0.30319,-2.45918,0.0
-0.30319,-2.42549,0.0
-0.30319,-2.3918,0.0
-0.30319,-2.35811,0.0
-0.30319,-2.32443,0.0
-0.30319,-2.29074,0.0
-0.30319,-2.25705,0.0
-0.30319,-2.22336,0.0
-0.30319,-2.18968,0.0
-0.30319,-2.15599,0.0
-0.30319,-2.1223,0.0
-0.30319,-2.08862,0.0
-0.30319,-2.05493,0.0
-0.30319,-2.02124,0.0
-0.30319,-1.98755,0.0
-0.30319,-1.95387,0.0
-0.30319,-1.92018,0.0
-0.30319,-1.88649,0.0
-0.30319,-1.8528,0.0
-0.30319,-1.81912,0.0
-0.30319,-1.78543,0.0
-0.30319,-1.75174,0.0
-0.30319,-1.71805,0.0
-0.30319,-1.68437,0.0
-0.30319,-1.65068,0.0
-0.30319,-1.61699,0.0
-0.30319,-1.58331,0.0
-0.30319,-1.54962,0.0
-0.30319,-1.51593,0.0
-0.30319,-1.48224,0.0
-0.30319,-1.44856,0.0
-0.30319,-1.41487,0.0
-0.30319,-1.38118,0.0
-0.30319,-1.34749,0.0
-0.30319,-1.31381,0.0
-0.30319,-1.28012,0.0
-0.30319,-1.24643,0.0
-0.30319,-1.21274,0.0
-0.30319,-1.17906,0.0
-0.30319,-1.14537,0.0
-0.30319,-1.11168,0.0
-0.30319,-1.078,0.0
-0.30319,-1.04431,0.0
-0.30319,-1.01062,0.0
-0.30319,-0.97693,0.0
-0.30319,-0.94325,0.0
-0.30319,-0.90956,0.0
-0.30319,-0.87587,0.0
-0.30319,-0.84218,0.0
-0.30319,-0.8085,0.0
-0.30319,-0.77481,0.0
-0.30319,-0.74112,0.0
-0.30319,-0.70743,0.0
-0.30319,-0.67375,0.0
-0.30319,-0.64006,0.0
-0.30319,-0.60637,0.0
-0.30319,-0.57268,0.0
-0.30319,-0.539,0.0
-0.30319,-0.50531,0.0
-0.30319,-0.47162,0.0
-0.30319,-0.43794,0.0
-0.30319,-0.40425,0.0
-0.30319,-0.37056,0.0
-0.30319,-0.33687,0.0
-0.30319,-0.30319,0.0
-0.30319,-0.2695,0.0
-0.30319,-0.23581,0.0
-0.30319,-0.20212,0.0
-0.30319,-0.16844,0.0
-0.30319,-0.13475,0.0
-0.30319,-0.10106,0.0
-0.30319,-0.06737,0.0
-0.30319,-0.03369,0.0
-0.30319,0,0.0
-0.30319,0.03369,0.0
-0.30319,0.06737,0.0
-0.30319,0.10106,0.0
-0.30319,0.13475,0.0
-0.30319,0.16844,0.0
-0.30319,0.20212,0.0
-0.30319,0.23581,0.0
-0.30319,0.2695,0.0
-0.30319,0.30319,0.0
-0.30319,0.33687,0.0
-0.30319,0.37056,0.0
-0.30319,0.40425,0.0
-0.30319,0.43794,0.0
-0.30319,0.47162,0.0
-0.30319,0.50531,0.0
-0.30319,0.539,0.0
-0.30319,0.57268,0.0
-0.30319,0.60637,0.0
-0.30319,0.64006,0.0
-0.30319,0.67375,0.0
-0.30319,0.70743,0.0
-0.30319,0.74112,0.0
-0.30319,0.77481,0.0
-0.30319,0.8085,0.0
-0.30319,0.84218,0.0
-0.30319,0.87587,0.0
-0.30319,0.90956,0.0
-0.30319,0.94325,0.0
-0.30319,0.97693,0.0
-0.30319,1.01062,0.0
-0.30319,1.04431,0.0
-0.30319,1.078,0.0
-0.30319,1.11168,0.0
-0.30319,1.14537,0.0
-0.30319,1.17906,0.0
-0.30319,1.21274,0.0
-0.30319,1.24643,0.0
-0.30319,1.28012,0.0
-0.30319,1.31381,0.0
-0.30319,1.34749,0.0
-0.30319,1.38118,0.0
-0.30319,1.41487,0.0
-0.30319,1.44856,0.0
-0.30319,1.48224,0.0
-0.30319,1.51593,0.0
-0.30319,1.54962,0.0
-0.30319,1.58331,0.0
-0.30319,1.61699,0.0
-0.30319,1.65068,0.0
-0.30319,1.68437,0.0
-0.30319,1.71805,0.0
-0.30319,1.75174,0.0
-0.30319,1.78543,0.0
-0.30319,1.81912,0.0
-0.30319,1.8528,0.0
-0.30319,1.88649,0.0
-0.30319,1.92018,0.0
-0.30319,1.95387,0.0
-0.30319,1.98755,0.0
-0.30319,2.02124,0.0
-0.30319,2.05493,0.0
-0.30319,2.08862,0.0
-0.30319,2.1223,0.0
-0.30319,2.15599,0.0
-0.30319,2.18968,0.0
-0.30319,2.22336,0.0
-0.30319,2.25705,0.0
-0.30319,2.29074,0.0
-0.30319,2.32443,0.0
-0.30319,2.35811,0.0
-0.30319,2.3918,0.0
-0.30319,2.42549,0.0
-0.30319,2.45918,0.0
-0.30319,2.49286,0.0
-0.30319,2.52655,0.0
-0.30319,2.56024,0.0
-0.30319,2.59393,0.0
-0.30319,2.62761,0.0
-0.30319,2.6613,0.0
-0.30319,2.69499,0.0
-0.30319,2.72868,0.0
-0.30319,2.76236,0.0
-0.30319,2.79605,0.0
-0.30319,2.82974,0.0
-0.30319,2.86342,0.0
-0.30319,2.89711,0.0
-0.30319,2.9308,0.0
-0.30319,2.96449,0.0
-0.30319,2.99817,0.0
-0.30319,3.03186,0.0
-0.30319,3.06555,0.0
-0.30319,3.09924,0.0
-0.30319,3.13292,0.0
-0.30319,3.16661,0.0
-0.30319,3.2003,0.0
-0.30319,3.23399,0.0
-0.30319,3.26767,0.0
-0.2695,-3.26767,0.0
-0.2695,-3.23399,0.0
-0.2695,-3.2003,0.0
-0.2695,-3.16661,0.0
-0.2695,-3.13292,0.0
-0.2695,-3.09924,0.0
-0.2695,-3.06555,0.0
-0.2695,-3.03186,0.0
-0.2695,-2.99817,0.0
-0.2695,-2.96449,0.0
-0.2695,-2.9308,0.0
-0.2695,-2.89711,0.0
-0.2695,-2.86342,0.0
-0.2695,-2.82974,0.0
-0.2695,-2.79605,0.0
-0.2695,-2.76236,0.0
-0.2695,-2.72868,0.0
-0.2695,-2.69499,0.0
-0.2695,-2.6613,0.0
-0.2695,-2.62761,0.0
-0.2695,-2.59393,0.0
-0.2695,-2.56024,0.0
-0.2695,-2.52655,0.0
-0.2695,-2.49286,0.0
-0.2695,-2.45918,0.0
-0.2695,-2.42549,0.0
-0.2695,-2.3918,0.0
-0.2695,-2.35811,0.0
-0.2695,-2.32443,0.0
-0.2695,-2.29074,0.0
-0.2695,-2.25705,0.0
-0.2695,-2.22336,0.0
-0.2695,-2.18968,0.0
-0.2695,-2.15599,0.0
-0.2695,-2.1223,0.0
-0.2695,-2.08862,0.0
-0.2695,-2.05493,0.0
-0.2695,-2.02124,0.0
-0.2695,-1.98755,0.0
-0.2695,-1.95387,0.0
-0.2695,-1.92018,0.0
-0.2695,-1.88649,0.0
-0.2695,-1.8528,0.0
-0.2695,-1.81912,0.0
-0.2695,-1.78543,0.0
-0.2695,-1.75174,0.0
-0.2695,-1.71805,0.0
-0.2695,-1.68437,0.0
-0.2695,-1.65068,0.0
-0.2695,-1.61699,0.0
-0.2695,-1.58331,0.0
-0.2695,-1.54962,0.0
-0.2695,-1.51593,0.0
-0.2695,-1.48224,0.0
-0.2695,-1.44856,0.0
-0.2695,-1.41487,0.0
-0.2695,-1.38118,0.0
-0.2695,-1.34749,0.0
-0.2695,-1.31381,0.0
-0.2695,-1.28012,0.0
-0.2695,-1.24643,0.0
-0.2695,-1.21274,0.0
-0.2695,-1.17906,0.0
-0.2695,-1.14537,0.0
-0.2695,-1.11168,0.0
-0.2695,-1.078,0.0
-0.2695,-1.04431,0.0
-0.2695,-1.01062,0.0
-0.2695,-0.97693,0.0
-0.2695,-0.94325,0.0
-0.2695,-0.90956,0.0
-0.2695,-0.87587,0.0
-0.2695,-0.84218,0.0
-0.2695,-0.8085,0.0
-0.2695,-0.77481,0.0
-0.2695,-0.74112,0.0
-0.2695,-0.70743,0.0
-0.2695,-0.67375,0.0
-0.2695,-0.64006,0.0
-0.2695,-0.60637,0.0
-0.2695,-0.57268,0.0
-0.2695,-0.539,0.0
-0.2695,-0.50531,0.0
-0.2695,-0.47162,0.0
-0.2695,-0.43794,0.0
-0.2695,-0.40425,0.0
-0.2695,-0.37056,0.0
-0.2695,-0.33687,0.0
-0.2695,-0.30319,0.0
-0.2695,-0.2695,0.0
-0.2695,-0.23581,0.0
-0.2695,-0.20212,0.0
-0.2695,-0.16844,0.0
-0.2695,-0.13475,0.0
-0.2695,-0.10106,0.0
-0.2695,-0.06737,0.0
-0.2695,-0.03369,0.0
-0.2695,0,0.0
-0.2695,0.03369,0.0
-0.2695,0.06737,0.0
-0.2695,0.10106,0.0
-0.2695,0.13475,0.0
-0.2695,0.16844,0.0
-0.2695,0.20212,0.0
-0.2695,0.23581,0.0
-0.2695,0.2695,0.0
-0.2695,0.30319,0.0
-0.2695,0.33687,0.0
-0.2695,0.37056,0.0
-0.2695,0.40425,0.0
-0.2695,0.43794,0.0
-0.2695,0.47162,0.0
-0.2695,0.50531,0.0
-0.2695,0.539,0.0
-0.2695,0.57268,0.0
-0.2695,0.60637,0.0
-0.2695,0.64006,0.0
-0.2695,0.67375,0.0
-0.2695,0.70743,0.0
-0.2695,0.74112,0.0
-0.2695,0.77481,0.0
-0.2695,0.8085,0.0
-0.2695,0.84218,0.0
-0.2695,0.87587,0.0
-0.2695,0.90956,0.0
-0.2695,0.94325,0.0
-0.2695,0.97693,0.0
-0.2695,1.01062,0.0
-0.2695,1.04431,0.0
-0.2695,1.078,0.0
-0.2695,1.11168,0.0
-0.2695,1.14537,0.0
-0.2695,1.17906,0.0
-0.2695,1.21274,0.0
-0.2695,1.24643,0.0
-0.2695,1.28012,0.0
-0.2695,1.31381,0.0
-0.2695,1.34749,0.0
-0.2695,1.38118,0.0
-0.2695,1.41487,0.0
-0.2695,1.44856,0.0
-0.2695,1.48224,0.0
-0.2695,1.51593,0.0
-0.2695,1.54962,0.0
-0.2695,1.58331,0.0
-0.2695,1.61699,0.0
-0.2695,1.65068,0.0
-0.2695,1.68437,0.0
-0.2695,1.71805,0.0
-0.2695,1.75174,0.0
-0.2695,1.78543,0.0
-0.2695,1.81912,0.0
-0.2695,1.8528,0.0
-0.2695,1.88649,0.0
-0.2695,1.92018,0.0
-0.2695,1.95387,0.0
-0.2695,1.98755,0.0
-0.2695,2.02124,0.0
-0.2695,2.05493,0.0
-0.2695,2.08862,0.0
-0.2695,2.1223,0.0
-0.2695,2.15599,0.0
-0.2695,2.18968,0.0
-0.2695,2.22336,0.0
-0.2695,2.25705,0.0
-0.2695,2.29074,0.0
-0.2695,2.32443,0.0
-0.2695,2.35811,0.0
-0.2695,2.3918,0.0
-0.2695,2.42549,0.0
-0.2695,2.45918,0.0
-0.2695,2.49286,0.0
-0.2695,2.52655,0.0
-0.2695,2.56024,0.0
-0.2695,2.59393,0.0
-0.2695,2.62761,0.0
-0.2695,2.6613,0.0
-0.2695,2.69499,0.0
-0.2695,2.72868,0.0
-0.2695,2.76236,0.0
-0.2695,2.79605,0.0
-0.2695,2.82974,0.0
-0.2695,2.86342,0.0
-0.2695,2.89711,0.0
-0.2695,2.9308,0.0
-0.2695,2.96449,0.0
-0.2695,2.99817,0.0
-0.2695,3.03186,0.0
-0.2695,3.06555,0.0
-0.2695,3.09924,0.0
-0.2695,3.13292,0.0
-0.2695,3.16661,0.0
-0.2695,3.2003,0.0
-0.2695,3.23399,0.0
-0.2695,3.26767,0.0
-0.23581,-3.26767,0.0
-0.23581,-3.23399,0.0
-0.23581,-3.2003,0.0
-0.23581,-3.16661,0.0
-0.23581,-3.13292,0.0
-0.23581,-3.09924,0.0
-0.23581,-3.06555,0.0
-0.23581,-3.03186,0.0
-0.23581,-2.99817,0.0
-0.23581,-2.96449,0.0
-0.23581,-2.9308,0.0
-0.23581,-2.89711,0.0
-0.23581,-2.86342,0.0
-0.23581,-2.82974,0.0
-0.23581,-2.79605,0.0
-0.23581,-2.76236,0.0
-0.23581,-2.72868,0.0
-0.23581,-2.69499,0.0
-0.23581,-2.6613,0.0
-0.23581,-2.62761,0.0
-0.23581,-2.59393,0.0
-0.23581,-2.56024,0.0
-0.23581,-2.52655,0.0
-0.23581,-2.49286,0.0
-0.23581,-2.45918,0.0
-0.23581,-2.42549,0.0
-0.23581,-2.3918,0.0
-0.23581,-2.35811,0.0
-0.23581,-2.32443,0.0
-0.23581,-2.29074,0.0
-0.23581,-2.25705,0.0
-0.23581,-2.22336,0.0
-0.23581,-2.18968,0.0
-0.23581,-2.15599,0.0
-0.23581,-2.1223,0.0
-0.23581,-2.08862,0.0
-0.23581,-2.05493,0.0
-0.23581,-2.02124,0.0
-0.23581,-1.98755,0.0
-0.23581,-1.95387,0.0
-0.23581,-1.92018,0.0
-0.23581,-1.88649,0.0
-0.23581,-1.8528,0.0
-0.23581,-1.81912,0.0
-0.23581,-1.78543,0.0
-0.23581,-1.75174,0.0
-0.23581,-1.71805,0.0
-0.23581,-1.68437,0.0
-0.23581,-1.65068,0.0
-0.23581,-1.61699,0.0
-0.23581,-1.58331,0.0
-0.23581,-1.54962,0.0
-0.23581,-1.51593,0.0
-0.23581,-1.48224,0.0
-0.23581,-1.44856,0.0
-0.23581,-1.41487,0.0
-0.23581,-1.38118,0.0
-0.23581,-1.34749,0.0
-0.23581,-1.31381,0.0
-0.23581,-1.28012,0.0
-0.23581,-1.24643,0.0
-0.23581,-1.21274,0.0
-0.23581,-1.17906,0.0
-0.23581,-1.14537,0.0
-0.23581,-1.11168,0.0
-0.23581,-1.078,0.0
-0.23581,-1.04431,0.0
-0.23581,-1.01062,0.0
-0.23581,-0.97693,0.0
-0.23581,-0.94325,0.0
-0.23581,-0.90956,0.0
-0.23581,-0.87587,0.0
-0.23581,-0.84218,0.0
-0.23581,-0.8085,0.0
-0.23581,-0.77481,0.0
-0.23581,-0.74112,0.0
-0.23581,-0.70743,0.0
-0.23581,-0.67375,0.0
-0.23581,-0.64006,0.0
-0.23581,-0.60637,0.0
-0.23581,-0.57268,0.0
-0.23581,-0.539,0.0
-0.23581,-0.50531,0.0
-0.23581,-0.47162,0.0
-0.23581,-0.43794,0.0
-0.23581,-0.40425,0.0
-0.23581,-0.37056,0.0
-0.23581,-0.33687,0.0
-0.23581,-0.30319,0.0
-0.23581,-0.2695,0.0
-0.23581,-0.23581,0.0
-0.23581,-0.20212,0.0
-0.23581,-0.16844,0.0
-0.23581,-0.13475,0.0
-0.23581,-0.10106,0.0
-0.23581,-0.06737,0.0
-0.23581,-0.03369,0.0
-0.23581,0,0.0
-0.23581,0.03369,0.0
-0.23581,0.06737,0.0
-0.23581,0.10106,0.0
-0.23581,0.13475,0.0
-0.23581,0.16844,0.0
-0.23581,0.20212,0.0
-0.23581,0.23581,0.0
-0.23581,0.2695,0.0
-0.23581,0.30319,0.0
-0.23581,0.33687,0.0
-0.23581,0.37056,0.0
-0.23581,0.40425,0.0
-0.23581,0.43794,0.0
-0.23581,0.47162,0.0
-0.23581,0.50531,0.0
-0.23581,0.539,0.0
-0.23581,0.57268,0.0
-0.23581,0.60637,0.0
-0.23581,0.64006,0.0
-0.23581,0.67375,0.0
-0.23581,0.70743,0.0
-0.23581,0.74112,0.0
-0.23581,0.77481,0.0
-0.23581,0.8085,0.0
-0.23581,0.84218,0.0
-0.23581,0.87587,0.0
-0.23581,0.90956,0.0
-0.23581,0.94325,0.0
-0.23581,0.97693,0.0
-0.23581,1.01062,0.0
-0.23581,1.04431,0.0
-0.23581,1.078,0.0
-0.23581,1.11168,0.0
-0.23581,1.14537,0.0
-0.23581,1.17906,0.0
-0.23581,1.21274,0.0
-0.23581,1.24643,0.0
-0.23581,1.28012,0.0
-0.23581,1.31381,0.0
-0.23581,1.34749,0.0
-0.23581,1.38118,0.0
-0.23581,1.41487,0.0
-0.23581,1.44856,0.0
-0.23581,1.48224,0.0
-0.23581,1.51593,0.0
-0.23581,1.54962,0.0
-0.23581,1.58331,0.0
-0.23581,1.61699,0.0
-0.23581,1.65068,0.0
-0.23581,1.68437,0.0
-0.23581,1.71805,0.0
-0.23581,1.75174,0.0
-0.23581,1.78543,0.0
-0.23581,1.81912,0.0
-0.23581,1.8528,0.0
-0.23581,1.88649,0.0
-0.23581,1.92018,0.0
-0.23581,1.95387,0.0
-0.23581,1.98755,0.0
-0.23581,2.02124,0.0
-0.23581,2.05493,0.0
-0.23581,2.08862,0.0
-0.23581,2.1223,0.0
-0.23581,2.15599,0.0
-0.23581,2.18968,0.0
-0.23581,2.22336,0.0
-0.23581,2.25705,0.0
-0.23581,2.29074,0.0
-0.23581,2.32443,0.0
-0.23581,2.35811,0.0
-0.23581,2.3918,0.0
-0.23581,2.42549,0.0
-0.23581,2.45918,0.0
-0.23581,2.49286,0.0
-0.23581,2.52655,0.0
-0.23581,2.56024,0.0
-0.23581,2.59393,0.0
-0.23581,2.62761,0.0
-0.23581,2.6613,0.0
-0.23581,2.69499,0.0
-0.23581,2.72868,0.0
-0.23581,2.76236,0.0
-0.23581,2.79605,0.0
-0.23581,2.82974,0.0
-0.23581,2.86342,0.0
-0.23581,2.89711,0.0
-0.23581,2.9308,0.0
-0.23581,2.96449,0.0
-0.23581,2.99817,0.0
-0.23581,3.03186,0.0
-0.23581,3.06555,0.0
-0.23581,3.09924,0.0
-0.23581,3.13292,0.0
-0.23581,3.16661,0.0
-0.23581,3.2003,0.0
-0.23581,3.23399,0.0
-0.23581,3.26767,0.0
-0.20212,-3.26767,0.0
-0.20212,-3.23399,0.0
-0.20212,-3.2003,0.0
-0.20212,-3.16661,0.0
-0.20212,-3.13292,0.0
-0.20212,-3.09924,0.0
-0.20212,-3.06555,0.0
-0.20212,-3.03186,0.0
-0.20212,-2.99817,0.0
-0.20212,-2.96449,0.0
-0.20212,-2.9308,0.0
-0.20212,-2.89711,0.0
-0.20212,-2.86342,0.0
-0.20212,-2.82974,0.0
-0.20212,-2.79605,0.0
-0.20212,-2.76236,0.0
-0.20212,-2.72868,0.0
-0.20212,-2.69499,0.0
-0.20212,-2.6613,0.0
-0.20212,-2.62761,0.0
-0.20212,-2.59393,0.0
-0.20212,-2.56024,0.0
-0.20212,-2.52655,0.0
-0.20212,-2.49286,0.0
-0.20212,-2.45918,0.0
-0.20212,-2.42549,0.0
-0.20212,-2.3918,0.0
-0.20212,-2.35811,0.0
-0.20212,-2.32443,0.0
-0.20212,-2.29074,0.0
-0.20212,-2.25705,0.0
-0.20212,-2.22336,0.0
-0.20212,-2.18968,0.0
-0.20212,-2.15599,0.0
-0.20212,-2.1223,0.0
-0.20212,-2.08862,0.0
-0.20212,-2.05493,0.0
-0.20212,-2.02124,0.0
-0.20212,-1.98755,0.0
-0.20212,-1.95387,0.0
-0.20212,-1.92018,0.0
-0.20212,-1.88649,0.0
-0.20212,-1.8528,0.0
-0.20212,-1.81912,0.0
-0.20212,-1.78543,0.0
-0.20212,-1.75174,0.0
-0.20212,-1.71805,0.0
-0.20212,-1.68437,0.0
-0.20212,-1.65068,0.0
-0.20212,-1.61699,0.0
-0.20212,-1.58331,0.0
-0.20212,-1.54962,0.0
-0.20212,-1.51593,0.0
-0.20212,-1.48224,0.0
-0.20212,-1.44856,0.0
-0.20212,-1.41487,0.0
-0.20212,-1.38118,0.0
-0.20212,-1.34749,0.0
-0.20212,-1.31381,0.0
-0.20212,-1.28012,0.0
-0.20212,-1.24643,0.0
-0.20212,-1.21274,0.0
-0.20212,-1.17906,0.0
-0.20212,-1.14537,0.0
-0.20212,-1.11168,0.0
-0.20212,-1.078,0.0
-0.20212,-1.04431,0.0
-0.20212,-1.01062,0.0
-0.20212,-0.97693,0.0
-0.20212,-0.94325,0.0
-0.20212,-0.90956,0.0
-0.20212,-0.87587,0.0
-0.20212,-0.84218,0.0
-0.20212,-0.8085,0.0
-0.20212,-0.77481,0.0
-0.20212,-0.74112,0.0
-0.20212,-0.70743,0.0
-0.20212,-0.67375,0.0
-0.20212,-0.64006,0.0
-0.20212,-0.60637,0.0
-0.20212,-0.57268,0.0
-0.20212,-0.539,0.0
-0.20212,-0.50531,0.0
-0.20212,-0.47162,0.0
-0.20212,-0.43794,0.0
-0.20212,-0.40425,0.0
-0.20212,-0.37056,0.0
-0.20212,-0.33687,0.0
-0.20212,-0.30319,0.0
-0.20212,-0.2695,0.0
-0.20212,-0.23581,0.0
-0.20212,-0.20212,0.0
-0.20212,-0.16844,0.0
-0.20212,-0.13475,0.0
-0.20212,-0.10106,0.0
-0.20212,-0.06737,0.0
-0.20212,-0.03369,0.0
-0.20212,0,0.0
-0.20212,0.03369,0.0
-0.20212,0.06737,0.0
-0.20212,0.10106,0.0
-0.20212,0.13475,0.0
-0.20212,0.16844,0.0
-0.20212,0.20212,0.0
-0.20212,0.23581,0.0
-0.20212,0.2695,0.0
-0.20212,0.30319,0.0
-0.20212,0.33687,0.0
-0.20212,0.37056,0.0
-0.20212,0.40425,0.0
-0.20212,0.43794,0.0
-0.20212,0.47162,0.0
-0.20212,0.50531,0.0
-0.20212,0.539,0.0
-0.20212,0.57268,0.0
-0.20212,0.60637,0.0
-0.20212,0.64006,0.0
-0.20212,0.67375,0.0
-0.20212,0.70743,0.0
-0.20212,0.74112,0.0
-0.20212,0.77481,0.0
-0.20212,0.8085,0.0
-0.20212,0.84218,0.0
-0.20212,0.87587,0.0
-0.20212,0.90956,0.0
-0.20212,0.94325,0.0
-0.20212,0.97693,0.0
-0.20212,1.01062,0.0
-0.20212,1.04431,0.0
-0.20212,1.078,0.0
-0.20212,1.11168,0.0
-0.20212,1.14537,0.0
-0.20212,1.17906,0.0
-0.20212,1.21274,0.0
-0.20212,1.24643,0.0
-0.20212,1.28012,0.0
-0.20212,1.31381,0.0
-0.20212,1.34749,0.0
-0.20212,1.38118,0.0
-0.20212,1.41487,0.0
-0.20212,1.44856,0.0
-0.20212,1.48224,0.0
-0.20212,1.51593,0.0
-0.20212,1.54962,0.0
-0.20212,1.58331,0.0
-0.20212,1.61699,0.0
-0.20212,1.65068,0.0
-0.20212,1.68437,0.0
-0.20212,1.71805,0.0
-0.20212,1.75174,0.0
-0.20212,1.78543,0.0
-0.20212,1.81912,0.0
-0.20212,1.8528,0.0
-0.20212,1.88649,0.0
-0.20212,1.92018,0.0
-0.20212,1.95387,0.0
-0.20212,1.98755,0.0
-0.20212,2.02124,0.0
-0.20212,2.05493,0.0
-0.20212,2.08862,0.0
-0.20212,2.1223,0.0
-0.20212,2.15599,0.0
-0.20212,2.18968,0.0
-0.20212,2.22336,0.0
-0.20212,2.25705,0.0
-0.20212,2.29074,0.0
-0.20212,2.32443,0.0
-0.20212,2.35811,0.0
-0.20212,2.3918,0.0
-0.20212,2.42549,0.0
-0.20212,2.45918,0.0
-0.20212,2.49286,0.0
-0.20212,2.52655,0.0
-0.20212,2.56024,0.0
-0.20212,2.59393,0.0
-0.20212,2.62761,0.0
-0.20212,2.6613,0.0
-0.20212,2.69499,0.0
-0.20212,2.72868,0.0
-0.20212,2.76236,0.0
-0.20212,2.79605,0.0
-0.20212,2.82974,0.0
-0.20212,2.86342,0.0
-0.20212,2.89711,0.0
-0.20212,2.9308,0.0
-0.20212,2.96449,0.0
-0.20212,2.99817,0.0
-0.20212,3.03186,0.0
-0.20212,3.06555,0.0
-0.20212,3.09924,0.0
-0.20212,3.13292,0.0
-0.20212,3.16661,0.0
-0.20212,3.2003,0.0
-0.20212,3.23399,0.0
-0.20212,3.26767,0.0
-0.16844,-3.26767,0.0
-0.16844,-3.23399,0.0
-0.16844,-3.2003,0.0
-0.16844,-3.16661,0.0
-0.16844,-3.13292,0.0
-0.16844,-3.09924,0.0
-0.16844,-3.06555,0.0
-0.16844,-3.03186,0.0
-0.16844,-2.99817,0.0
-0.16844,-2.96449,0.0
-0.16844,-2.9308,0.0
-0.16844,-2.89711,0.0
-0.16844,-2.86342,0.0
-0.16844,-2.82974,0.0
-0.16844,-2.79605,0.0
-0.16844,-2.76236,0.0
-0.16844,-2.72868,0.0
-0.16844,-2.69499,0.0
-0.16844,-2.6613,0.0
-0.16844,-2.62761,0.0
-0.16844,-2.59393,0.0
-0.16844,-2.56024,0.0
-0.16844,-2.52655,0.0
-0.16844,-2.49286,0.0
-0.16844,-2.45918,0.0
-0.16844,-2.42549,0.0
-0.16844,-2.3918,0.0
-0.16844,-2.35811,0.0
-0.16844,-2.32443,0.0
-0.16844,-2.29074,0.0
-0.16844,-2.25705,0.0
-0.16844,-2.22336,0.0
-0.16844,-2.18968,0.0
-0.16844,-2.15599,0.0
-0.16844,-2.1223,0.0
-0.16844,-2.08862,0.0
-0.16844,-2.05493,0.0
-0.16844,-2.02124,0.0
-0.16844,-1.98755,0.0
-0.16844,-1.95387,0.0
-0.16844,-1.92018,0.0
-0.16844,-1.88649,0.0
-0.16844,-1.8528,0.0
-0.16844,-1.81912,0.0
-0.16844,-1.78543,0.0
-0.16844,-1.75174,0.0
-0.16844,-1.71805,0.0
-0.16844,-1.68437,0.0
-0.16844,-1.65068,0.0
-0.16844,-1.61699,0.0
-0.16844,-1.58331,0.0
-0.16844,-1.54962,0.0
-0.16844,-1.51593,0.0
-0.16844,-1.48224,0.0
-0.16844,-1.44856,0.0
-0.16844,-1.41487,0.0
-0.16844,-1.38118,0.0
-0.16844,-1.34749,0.0
-0.16844,-1.31381,0.0
-0.16844,-1.28012,0.0
-0.16844,-1.24643,0.0
-0.16844,-1.21274,0.0
-0.16844,-1.17906,0.0
-0.16844,-1.14537,0.0
-0.16844,-1.11168,0.0
-0.16844,-1.078,0.0
-0.16844,-1.04431,0.0
-0.16844,-1.01062,0.0
-0.16844,-0.97693,0.0
-0.16844,-0.94325,0.0
-0.16844,-0.90956,0.0
-0.16844,-0.87587,0.0
-0.16844,-0.84218,0.0
-0.16844,-0.8085,0.0
-0.16844,-0.77481,0.0
-0.16844,-0.74112,0.0
-0.16844,-0.70743,0.0
-0.16844,-0.67375,0.0
-0.16844,-0.64006,0.0
-0.16844,-0.60637,0.0
-0.16844,-0.57268,0.0
-0.16844,-0.539,0.0
-0.16844,-0.50531,0.0
-0.16844,-0.47162,0.0
-0.16844,-0.43794,0.0
-0.16844,-0.40425,0.0
-0.16844,-0.37056,0.0
-0.16844,-0.33687,0.0
-0.16844,-0.30319,0.0
-0.16844,-0.2695,0.0
-0.16844,-0.23581,0.0
-0.16844,-0.20212,0.0
-0.16844,-0.16844,0.0
-0.16844,-0.13475,0.0
-0.16844,-0.10106,0.0
-0.16844,-0.06737,0.0
-0.16844,-0.03369,0.0
-0.16844,0,0.0
-0.16844,0.03369,0.0
-0.16844,0.06737,0.0
-0.16844,0.10106,0.0
-0.16844,0.13475,0.0
-0.16844,0.16844,0.0
-0.16844,0.20212,0.0
-0.16844,0.23581,0.0
-0.16844,0.2695,0.0
-0.16844,0.30319,0.0
-0.16844,0.33687,0.0
-0.16844,0.37056,0.0
-0.16844,0.40425,0.0
-0.16844,0.43794,0.0
-0.16844,0.47162,0.0
-0.16844,0.50531,0.0
-0.16844,0.539,0.0
-0.16844,0.57268,0.0
-0.16844,0.60637,0.0
-0.16844,0.64006,0.0
-0.16844,0.67375,0.0
-0.16844,0.70743,0.0
-0.16844,0.74112,0.0
-0.16844,0.77481,0.0
-0.16844,0.8085,0.0
-0.16844,0.84218,0.0
-0.16844,0.87587,0.0
-0.16844,0.90956,0.0
-0.16844,0.94325,0.0
-0.16844,0.97693,0.0
-0.16844,1.01062,0.0
-0.16844,1.04431,0.0
-0.16844,1.078,0.0
-0.16844,1.11168,0.0
-0.16844,1.14537,0.0
-0.16844,1.17906,0.0
-0.16844,1.21274,0.0
-0.16844,1.24643,0.0
-0.16844,1.28012,0.0
-0.16844,1.31381,0.0
-0.16844,1.34749,0.0
-0.16844,1.38118,0.0
-0.16844,1.41487,0.0
-0.16844,1.44856,0.0
-0.16844,1.48224,0.0
-0.16844,1.51593,0.0
-0.16844,1.54962,0.0
-0.16844,1.58331,0.0
-0.16844,1.61699,0.0
-0.16844,1.65068,0.0
-0.16844,1.68437,0.0
-0.16844,1.71805,0.0
-0.16844,1.75174,0.0
-0.16844,1.78543,0.0
-0.16844,1.81912,0.0
-0.16844,1.8528,0.0
-0.16844,1.88649,0.0
-0.16844,1.92018,0.0
-0.16844,1.95387,0.0
-0.16844,1.98755,0.0
-0.16844,2.02124,0.0
-0.16844,2.05493,0.0
-0.16844,2.08862,0.0
-0.16844,2.1223,0.0
-0.16844,2.15599,0.0
-0.16844,2.18968,0.0
-0.16844,2.22336,0.0
-0.16844,2.25705,0.0
-0.16844,2.29074,0.0
-0.16844,2.32443,0.0
-0.16844,2.35811,0.0
-0.16844,2.3918,0.0
-0.16844,2.42549,0.0
-0.16844,2.45918,0.0
-0.16844,2.49286,0.0
-0.16844,2.52655,0.0
-0.16844,2.56024,0.0
-0.16844,2.59393,0.0
-0.16844,2.62761,0.0
-0.16844,2.6613,0.0
-0.16844,2.69499,0.0
-0.16844,2.72868,0.0
-0.16844,2.76236,0.0
-0.16844,2.79605,0.0
-0.16844,2.82974,0.0
-0.16844,2.86342,0.0
-0.16844,2.89711,0.0
-0.16844,2.9308,0.0
-0.16844,2.96449,0.0
-0.16844,2.99817,0.0
-0.16844,3.03186,0.0
-0.16844,3.06555,0.0
-0.16844,3.09924,0.0
-0.16844,3.13292,0.0
-0.16844,3.16661,0.0
-0.16844,3.2003,0.0
-0.16844,3.23399,0.0
-0.16844,3.26767,0.0
-0.13475,-3.26767,0.0
-0.13475,-3.23399,0.0
-0.13475,-3.2003,0.0
-0.13475,-3.16661,0.0
-0.13475,-3.13292,0.0
-0.13475,-3.09924,0.0
-0.13475,-3.06555,0.0
-0.13475,-3.03186,0.0
-0.13475,-2.99817,0.0
-0.13475,-2.96449,0.0
-0.13475,-2.9308,0.0
-0.13475,-2.89711,0.0
-0.13475,-2.86342,0.0
-0.13475,-2.82974,0.0
-0.13475,-2.79605,0.0
-0.13475,-2.76236,0.0
-0.13475,-2.72868,0.0
-0.13475,-2.69499,0.0
-0.13475,-2.6613,0.0
-0.13475,-2.62761,0.0
-0.13475,-2.59393,0.0
-0.13475,-2.56024,0.0
-0.13475,-2.52655,0.0
-0.13475,-2.49286,0.0
-0.13475,-2.45918,0.0
-0.13475,-2.42549,0.0
-0.13475,-2.3918,0.0
-0.13475,-2.35811,0.0
-0.13475,-2.32443,0.0
-0.13475,-2.29074,0.0
-0.13475,-2.25705,0.0
-0.13475,-2.22336,0.0
-0.13475,-2.18968,0.0
-0.13475,-2.15599,0.0
-0.13475,-2.1223,0.0
-0.13475,-2.08862,0.0
-0.13475,-2.05493,0.0
-0.13475,-2.02124,0.0
-0.13475,-1.98755,0.0
-0.13475,-1.95387,0.0
-0.13475,-1.92018,0.0
-0.13475,-1.88649,0.0
-0.13475,-1.8528,0.0
-0.13475,-1.81912,0.0
-0.13475,-1.78543,0.0
-0.13475,-1.75174,0.0
-0.13475,-1.71805,0.0
-0.13475,-1.68437,0.0
-0.13475,-1.65068,0.0
-0.13475,-1.61699,0.0
-0.13475,-1.58331,0.0
-0.13475,-1.54962,0.0
-0.13475,-1.51593,0.0
-0.13475,-1.48224,0.0
-0.13475,-1.44856,0.0
-0.13475,-1.41487,0.0
-0.13475,-1.38118,0.0
-0.13475,-1.34749,0.0
-0.13475,-1.31381,0.0
-0.13475,-1.28012,0.0
-0.13475,-1.24643,0.0
-0.13475,-1.21274,0.0
-0.13475,-1.17906,0.0
-0.13475,-1.14537,0.0
-0.13475,-1.11168,0.0
-0.13475,-1.078,0.0
-0.13475,-1.04431,0.0
-0.13475,-1.01062,0.0
-0.13475,-0.97693,0.0
-0.13475,-0.94325,0.0
-0.13475,-0.90956,0.0
-0.13475,-0.87587,0.0
-0.13475,-0.84218,0.0
-0.13475,-0.8085,0.0
-0.13475,-0.77481,0.0
-0.13475,-0.74112,0.0
-0.13475,-0.70743,0.0
-0.13475,-0.67375,0.0
-0.13475,-0.64006,0.0
-0.13475,-0.60637,0.0
-0.13475,-0.57268,0.0
-0.13475,-0.539,0.0
-0.13475,-0.50531,0.0
-0.13475,-0.47162,0.0
-0.13475,-0.43794,0.0
-0.13475,-0.40425,0.0
-0.13475,-0.37056,0.0
-0.13475,-0.33687,0.0
-0.13475,-0.30319,0.0
-0.13475,-0.2695,0.0
-0.13475,-0.23581,0.0
-0.13475,-0.20212,0.0
-0.13475,-0.16844,0.0
-0.13475,-0.13475,0.0
-0.13475,-0.10106,0.0
-0.13475,-0.06737,0.0
-0.13475,-0.03369,0.0
-0.13475,0,0.0
-0.13475,0.03369,0.0
-0.13475,0.06737,0.0
-0.13475,0.10106,0.0
-0.13475,0.13475,0.0
-0.13475,0.16844,0.0
-0.13475,0.20212,0.0
-0.13475,0.23581,0.0
-0.13475,0.2695,0.0
-0.13475,0.30319,0.0
-0.13475,0.33687,0.0
-0.13475,0.37056,0.0
-0.13475,0.40425,0.0
-0.13475,0.43794,0.0
-0.13475,0.47162,0.0
-0.13475,0.50531,0.0
-0.13475,0.539,0.0
-0.13475,0.57268,0.0
-0.13475,0.60637,0.0
-0.13475,0.64006,0.0
-0.13475,0.67375,0.0
-0.13475,0.70743,0.0
-0.13475,0.74112,0.0
-0.13475,0.77481,0.0
-0.13475,0.8085,0.0
-0.13475,0.84218,0.0
-0.13475,0.87587,0.0
-0.13475,0.90956,0.0
-0.13475,0.94325,0.0
-0.13475,0.97693,0.0
-0.13475,1.01062,0.0
-0.13475,1.04431,0.0
-0.13475,1.078,0.0
-0.13475,1.11168,0.0
-0.13475,1.14537,0.0
-0.13475,1.17906,0.0
-0.13475,1.21274,0.0
-0.13475,1.24643,0.0
-0.13475,1.28012,0.0
-0.13475,1.31381,0.0
-0.13475,1.34749,0.0
-0.13475,1.38118,0.0
-0.13475,1.41487,0.0
-0.13475,1.44856,0.0
-0.13475,1.48224,0.0
-0.13475,1.51593,0.0
-0.13475,1.54962,0.0
-0.13475,1.58331,0.0
-0.13475,1.61699,0.0
-0.13475,1.65068,0.0
-0.13475,1.68437,0.0
-0.13475,1.71805,0.0
-0.13475,1.75174,0.0
-0.13475,1.78543,0.0
-0.13475,1.81912,0.0
-0.13475,1.8528,0.0
-0.13475,1.88649,0.0
-0.13475,1.92018,0.0
-0.13475,1.95387,0.0
-0.13475,1.98755,0.0
-0.13475,2.02124,0.0
-0.13475,2.05493,0.0
-0.13475,2.08862,0.0
-0.13475,2.1223,0.0
-0.13475,2.15599,0.0
-0.13475,2.18968,0.0
-0.13475,2.22336,0.0
-0.13475,2.25705,0.0
-0.13475,2.29074,0.0
-0.13475,2.32443,0.0
-0.13475,2.35811,0.0
-0.13475,2.3918,0.0
-0.13475,2.42549,0.0
-0.13475,2.45918,0.0
-0.13475,2.49286,0.0
-0.13475,2.52655,0.0
-0.13475,2.56024,0.0
-0.13475,2.59393,0.0
-0.13475,2.62761,0.0
-0.13475,2.6613,0.0
-0.13475,2.69499,0.0
-0.13475,2.72868,0.0
-0.13475,2.76236,0.0
-0.13475,2.79605,0.0
-0.13475,2.82974,0.0
-0.13475,2.86342,0.0
-0.13475,2.89711,0.0
-0.13475,2.9308,0.0
-0.13475,2.96449,0.0
-0.13475,2.99817,0.0
-0.13475,3.03186,0.0
-0.13475,3.06555,0.0
-0.13475,3.09924,0.0
-0.13475,3.13292,0.0
-0.13475,3.16661,0.0
-0.13475,3.2003,0.0
-0.13475,3.23399,0.0
-0.13475,3.26767,0.0
-0.10106,-3.26767,0.0
-0.10106,-3.23399,0.0
-0.10106,-3.2003,0.0
-0.10106,-3.16661,0.0
-0.10106,-3.13292,0.0
-0.10106,-3.09924,0.0
-0.10106,-3.06555,0.0
-0.10106,-3.03186,0.0
-0.10106,-2.99817,0.0
-0.10106,-2.96449,0.0
-0.10106,-2.9308,0.0
-0.10106,-2.89711,0.0
-0.10106,-2.86342,0.0
-0.10106,-2.82974,0.0
-0.10106,-2.79605,0.0
-0.10106,-2.76236,0.0
-0.10106,-2.72868,0.0
-0.10106,-2.69499,0.0
-0.10106,-2.6613,0.0
-0.10106,-2.62761,0.0
-0.10106,-2.59393,0.0
-0.10106,-2.56024,0.0
-0.10106,-2.52655,0.0
-0.10106,-2.49286,0.0
-0.10106,-2.45918,0.0
-0.10106,-2.42549,0.0
-0.10106,-2.3918,0.0
-0.10106,-2.35811,0.0
-0.10106,-2.32443,0.0
-0.10106,-2.29074,0.0
-0.10106,-2.25705,0.0
-0.10106,-2.22336,0.0
-0.10106,-2.18968,0.0
-0.10106,-2.15599,0.0
-0.10106,-2.1223,0.0
-0.10106,-2.08862,0.0
-0.10106,-2.05493,0.0
-0.10106,-2.02124,0.0
-0.10106,-1.98755,0.0
-0.10106,-1.95387,0.0
-0.10106,-1.92018,0.0
-0.10106,-1.88649,0.0
-0.10106,-1.8528,0.0
-0.10106,-1.81912,0.0
-0.10106,-1.78543,0.0
-0.10106,-1.75174,0.0
-0.10106,-1.71805,0.0
-0.10106,-1.68437,0.0
-0.10106,-1.65068,0.0
-0.10106,-1.61699,0.0
-0.10106,-1.58331,0.0
-0.10106,-1.54962,0.0
-0.10106,-1.51593,0.0
-0.10106,-1.48224,0.0
-0.10106,-1.44856,0.0
-0.10106,-1.41487,0.0
-0.10106,-1.38118,0.0
-0.10106,-1.34749,0.0
-0.10106,-1.31381,0.0
-0.10106,-1.28012,0.0
-0.10106,-1.24643,0.0
-0.10106,-1.21274,0.0
-0.10106,-1.17906,0.0
-0.10106,-1.14537,0.0
-0.10106,-1.11168,0.0
-0.10106,-1.078,0.0
-0.10106,-1.04431,0.0
-0.10106,-1.01062,0.0
-0.10106,-0.97693,0.0
-0.10106,-0.94325,0.0
-0.10106,-0.90956,0.0
-0.10106,-0.87587,0.0
-0.10106,-0.84218,0.0
-0.10106,-0.8085,0.0
-0.10106,-0.77481,0.0
-0.10106,-0.74112,0.0
-0.10106,-0.70743,0.0
-0.10106,-0.67375,0.0
-0.10106,-0.64006,0.0
-0.10106,-0.60637,0.0
-0.10106,-0.57268,0.0
-0.10106,-0.539,0.0
-0.10106,-0.50531,0.0
-0.10106,-0.47162,0.0
-0.10106,-0.43794,0.0
-0.10106,-0.40425,0.0
-0.10106,-0.37056,0.0
-0.10106,-0.33687,0.0
-0.10106,-0.30319,0.0
-0.10106,-0.2695,0.0
-0.10106,-0.23581,0.0
-0.10106,-0.20212,0.0
-0.10106,-0.16844,0.0
-0.10106,-0.13475,0.0
-0.10106,-0.10106,0.0
-0.10106,-0.06737,0.0
-0.10106,-0.03369,0.0
-0.10106,0,0.0
-0.10106,0.03369,0.0
-0.10106,0.06737,0.0
-0.10106,0.10106,0.0
-0.10106,0.13475,0.0
-0.10106,0.16844,0.0
-0.10106,0.20212,0.0
-0.10106,0.23581,0.0
-0.10106,0.2695,0.0
-0.10106,0.30319,0.0
-0.10106,0.33687,0.0
-0.10106,0.37056,0.0
-0.10106,0.40425,0.0
-0.10106,0.43794,0.0
-0.10106,0.47162,0.0
-0.10106,0.50531,0.0
-0.10106,0.539,0.0
-0.10106,0.57268,0.0
-0.10106,0.60637,0.0
-0.10106,0.64006,0.0
-0.10106,0.67375,0.0
-0.10106,0.70743,0.0
-0.10106,0.74112,0.0
-0.10106,0.77481,0.0
-0.10106,0.8085,0.0
-0.10106,0.84218,0.0
-0.10106,0.87587,0.0
-0.10106,0.90956,0.0
-0.10106,0.94325,0.0
-0.10106,0.97693,0.0
-0.10106,1.01062,0.0
-0.10106,1.04431,0.0
-0.10106,1.078,0.0
-0.10106,1.11168,0.0
-0.10106,1.14537,0.0
-0.10106,1.17906,0.0
-0.10106,1.21274,0.0
-0.10106,1.24643,0.0
-0.10106,1.28012,0.0
-0.10106,1.31381,0.0
-0.10106,1.34749,0.0
-0.10106,1.38118,0.0
-0.10106,1.41487,0.0
-0.10106,1.44856,0.0
-0.10106,1.48224,0.0
-0.10106,1.51593,0.0
-0.10106,1.54962,0.0
-0.10106,1.58331,0.0
-0.10106,1.61699,0.0
-0.10106,1.65068,0.0
-0.10106,1.68437,0.0
-0.10106,1.71805,0.0
-0.10106,1.75174,0.0
-0.10106,1.78543,0.0
-0.10106,1.81912,0.0
-0.10106,1.8528,0.0
-0.10106,1.88649,0.0
-0.10106,1.92018,0.0
-0.10106,1.95387,0.0
-0.10106,1.98755,0.0
-0.10106,2.02124,0.0
-0.10106,2.05493,0.0
-0.10106,2.08862,0.0
-0.10106,2.1223,0.0
-0.10106,2.15599,0.0
-0.10106,2.18968,0.0
-0.10106,2.22336,0.0
-0.10106,2.25705,0.0
-0.10106,2.29074,0.0
-0.10106,2.32443,0.0
-0.10106,2.35811,0.0
-0.10106,2.3918,0.0
-0.10106,2.42549,0.0
-0.10106,2.45918,0.0
-0.10106,2.49286,0.0
-0.10106,2.52655,0.0
-0.10106,2.56024,0.0
-0.10106,2.59393,0.0
-0.10106,2.62761,0.0
-0.10106,2.6613,0.0
-0.10106,2.69499,0.0
-0.10106,2.72868,0.0
-0.10106,2.76236,0.0
-0.10106,2.79605,0.0
-0.10106,2.82974,0.0
-0.10106,2.86342,0.0
-0.10106,2.89711,0.0
-0.10106,2.9308,0.0
-0.10106,2.96449,0.0
-0.10106,2.99817,0.0
-0.10106,3.03186,0.0
-0.10106,3.06555,0.0
-0.10106,3.09924,0.0
-0.10106,3.13292,0.0
-0.10106,3.16661,0.0
-0.10106,3.2003,0.0
-0.10106,3.23399,0.0
-0.10106,3.26767,0.0
-0.06737,-3.26767,0.0
-0.06737,-3.23399,0.0
-0.06737,-3.2003,0.0
-0.06737,-3.16661,0.0
-0.06737,-3.13292,0.0
-0.06737,-3.09924,0.0
-0.06737,-3.06555,0.0
-0.06737,-3.03186,0.0
-0.06737,-2.99817,0.0
-0.06737,-2.96449,0.0
-0.06737,-2.9308,0.0
-0.06737,-2.89711,0.0
-0.06737,-2.86342,0.0
-0.06737,-2.82974,0.0
-0.06737,-2.79605,0.0
-0.06737,-2.76236,0.0
-0.06737,-2.72868,0.0
-0.06737,-2.69499,0.0
-0.06737,-2.6613,0.0
-0.06737,-2.62761,0.0
-0.06737,-2.59393,0.0
-0.06737,-2.56024,0.0
-0.06737,-2.52655,0.0
-0.06737,-2.49286,0.0
-0.06737,-2.45918,0.0
-0.06737,-2.42549,0.0
-0.06737,-2.3918,0.0
-0.06737,-2.35811,0.0
-0.06737,-2.32443,0.0
-0.06737,-2.29074,0.0
-0.06737,-2.25705,0.0
-0.06737,-2.22336,0.0
-0.06737,-2.18968,0.0
-0.06737,-2.15599,0.0
-0.06737,-2.1223,0.0
-0.06737,-2.08862,0.0
-0.06737,-2.05493,0.0
-0.06737,-2.02124,0.0
-0.06737,-1.98755,0.0
-0.06737,-1.95387,0.0
-0.06737,-1.92018,0.0
-0.06737,-1.88649,0.0
-0.06737,-1.8528,0.0
-0.06737,-1.81912,0.0
-0.06737,-1.78543,0.0
-0.06737,-1.75174,0.0
-0.06737,-1.71805,0.0
-0.06737,-1.68437,0.0
-0.06737,-1.65068,0.0
-0.06737,-1.61699,0.0
-0.06737,-1.58331,0.0
-0.06737,-1.54962,0.0
-0.06737,-1.51593,0.0
-0.06737,-1.48224,0.0
-0.06737,-1.44856,0.0
-0.06737,-1.41487,0.0
-0.06737,-1.38118,0.0
-0.06737,-1.34749,0.0
-0.06737,-1.31381,0.0
-0.06737,-1.28012,0.0
-0.06737,-1.24643,0.0
-0.06737,-1.21274,0.0
-0.06737,-1.17906,0.0
-0.06737,-1.14537,0.0
-0.06737,-1.11168,0.0
-0.06737,-1.078,0.0
-0.06737,-1.04431,0.0
-0.06737,-1.01062,0.0
-0.06737,-0.97693,0.0
-0.06737,-0.94325,0.0
-0.06737,-0.90956,0.0
-0.06737,-0.87587,0.0
-0.06737,-0.84218,0.0
-0.06737,-0.8085,0.0
-0.06737,-0.77481,0.0
-0.06737,-0.74112,0.0
-0.06737,-0.70743,0.0
-0.06737,-0.67375,0.0
-0.06737,-0.64006,0.0
-0.06737,-0.60637,0.0
-0.06737,-0.57268,0.0
-0.06737,-0.539,0.0
-0.06737,-0.50531,0.0
-0.06737,-0.47162,0.0
-0.06737,-0.43794,0.0
-0.06737,-0.40425,0.0
-0.06737,-0.37056,0.0
-0.06737,-0.33687,0.0
-0.06737,-0.30319,0.0
-0.06737,-0.2695,0.0
-0.06737,-0.23581,0.0
-0.06737,-0.20212,0.0
-0.06737,-0.16844,0.0
-0.06737,-0.13475,0.0
-0.06737,-0.10106,0.0
-0.06737,-0.06737,0.0
-0.06737,-0.03369,0.0
-0.06737,0,0.0
-0.06737,0.03369,0.0
-0.06737,0.06737,0.0
-0.06737,0.10106,0.0
-0.06737,0.13475,0.0
-0.06737,0.16844,0.0
-0.06737,0.20212,0.0
-0.06737,0.23581,0.0
-0.06737,0.2695,0.0
-0.06737,0.30319,0.0
-0.06737,0.33687,0.0
-0.06737,0.37056,0.0
-0.06737,0.40425,0.0
-0.06737,0.43794,0.0
-0.06737,0.47162,0.0
-0.06737,0.50531,0.0
-0.06737,0.539,0.0
-0.06737,0.57268,0.0
-0.06737,0.60637,0.0
-0.06737,0.64006,0.0
-0.06737,0.67375,0.0
-0.06737,0.70743,0.0
-0.06737,0.74112,0.0
-0.06737,0.77481,0.0
-0.06737,0.8085,0.0
-0.06737,0.84218,0.0
-0.06737,0.87587,0.0
-0.06737,0.90956,0.0
-0.06737,0.94325,0.0
-0.06737,0.97693,0.0
-0.06737,1.01062,0.0
-0.06737,1.04431,0.0
-0.06737,1.078,0.0
-0.06737,1.11168,0.0
-0.06737,1.14537,0.0
-0.06737,1.17906,0.0
-0.06737,1.21274,0.0
-0.06737,1.24643,0.0
-0.06737,1.28012,0.0
-0.06737,1.31381,0.0
-0.06737,1.34749,0.0
-0.06737,1.38118,0.0
-0.06737,1.41487,0.0
-0.06737,1.44856,0.0
-0.06737,1.48224,0.0
-0.06737,1.51593,0.0
-0.06737,1.54962,0.0
-0.06737,1.58331,0.0
-0.06737,1.61699,0.0
-0.06737,1.65068,0.0
-0.06737,1.68437,0.0
-0.06737,1.71805,0.0
-0.06737,1.75174,0.0
-0.06737,1.78543,0.0
-0.06737,1.81912,0.0
-0.06737,1.8528,0.0
-0.06737,1.88649,0.0
-0.06737,1.92018,0.0
-0.06737,1.95387,0.0
-0.06737,1.98755,0.0
-0.06737,2.02124,0.0
-0.06737,2.05493,0.0
-0.06737,2.08862,0.0
-0.06737,2.1223,0.0
-0.06737,2.15599,0.0
-0.06737,2.18968,0.0
-0.06737,2.22336,0.0
-0.06737,2.25705,0.0
-0.06737,2.29074,0.0
-0.06737,2.32443,0.0
-0.06737,2.35811,0.0
-0.06737,2.3918,0.0
-0.06737,2.42549,0.0
-0.06737,2.45918,0.0
-0.06737,2.49286,0.0
-0.06737,2.52655,0.0
-0.06737,2.56024,0.0
-0.06737,2.59393,0.0
-0.06737,2.62761,0.0
-0.06737,2.6613,0.0
-0.06737,2.69499,0.0
-0.06737,2.72868,0.0
-0.06737,2.76236,0.0
-0.06737,2.79605,0.0
-0.06737,2.82974,0.0
-0.06737,2.86342,0.0
-0.06737,2.89711,0.0
-0.06737,2.9308,0.0
-0.06737,2.96449,0.0
-0.06737,2.99817,0.0
-0.06737,3.03186,0.0
-0.06737,3.06555,0.0
-0.06737,3.09924,0.0
-0.06737,3.13292,0.0
-0.06737,3.16661,0.0
-0.06737,3.2003,0.0
-0.06737,3.23399,0.0
-0.06737,3.26767,0.0
-0.03369,-3.26767,0.0
-0.03369,-3.23399,0.0
-0.03369,-3.2003,0.0
-0.03369,-3.16661,0.0
-0.03369,-3.13292,0.0
-0.03369,-3.09924,0.0
-0.03369,-3.06555,0.0
-0.03369,-3.03186,0.0
-0.03369,-2.99817,0.0
-0.03369,-2.96449,0.0
-0.03369,-2.9308,0.0
-0.03369,-2.89711,0.0
-0.03369,-2.86342,0.0
-0.03369,-2.82974,0.0
-0.03369,-2.79605,0.0
-0.03369,-2.76236,0.0
-0.03369,-2.72868,0.0
-0.03369,-2.69499,0.0
-0.03369,-2.6613,0.0
-0.03369,-2.62761,0.0
-0.03369,-2.59393,0.0
-0.03369,-2.56024,0.0
-0.03369,-2.52655,0.0
-0.03369,-2.49286,0.0
-0.03369,-2.45918,0.0
-0.03369,-2.42549,0.0
-0.03369,-2.3918,0.0
-0.03369,-2.35811,0.0
-0.03369,-2.32443,0.0
-0.03369,-2.29074,0.0
-0.03369,-2.25705,0.0
-0.03369,-2.22336,0.0
-0.03369,-2.18968,0.0
-0.03369,-2.15599,0.0
-0.03369,-2.1223,0.0
-0.03369,-2.08862,0.0
-0.03369,-2.05493,0.0
-0.03369,-2.02124,0.0
-0.03369,-1.98755,0.0
-0.03369,-1.95387,0.0
-0.03369,-1.92018,0.0
-0.03369,-1.88649,0.0
-0.03369,-1.8528,0.0
-0.03369,-1.81912,0.0
-0.03369,-1.78543,0.0
-0.03369,-1.75174,0.0
-0.03369,-1.71805,0.0
-0.03369,-1.68437,0.0
-0.03369,-1.65068,0.0
-0.03369,-1.61699,0.0
-0.03369,-1.58331,0.0
-0.03369,-1.54962,0.0
-0.03369,-1.51593,0.0
-0.03369,-1.48224,0.0
-0.03369,-1.44856,0.0
-0.03369,-1.41487,0.0
-0.03369,-1.38118,0.0
-0.03369,-1.34749,0.0
-0.03369,-1.31381,0.0
-0.03369,-1.28012,0.0
-0.03369,-1.24643,0.0
-0.03369,-1.21274,0.0
-0.03369,-1.17906,0.0
-0.03369,-1.14537,0.0
-0.03369,-1.11168,0.0
-0.03369,-1.078,0.0
-0.03369,-1.04431,0.0
-0.03369,-1.01062,0.0
-0.03369,-0.97693,0.0
-0.03369,-0.94325,0.0
-0.03369,-0.90956,0.0
-0.03369,-0.87587,0.0
-0.03369,-0.84218,0.0
-0.03369,-0.8085,0.0
-0.03369,-0.77481,0.0
-0.03369,-0.74112,0.0
-0.03369,-0.70743,0.0
-0.03369,-0.67375,0.0
-0.03369,-0.64006,0.0
-0.03369,-0.60637,0.0
-0.03369,-0.57268,0.0
-0.03369,-0.539,0.0
-0.03369,-0.50531,0.0
-0.03369,-0.47162,0.0
-0.03369,-0.43794,0.0
-0.03369,-0.40425,0.0
-0.03369,-0.37056,0.0
-0.03369,-0.33687,0.0
-0.03369,-0.30319,0.0
-0.03369,-0.2695,0.0
-0.03369,-0.23581,0.0
-0.03369,-0.20212,0.0
-0.03369,-0.16844,0.0
-0.03369,-0.13475,0.0
-0.03369,-0.10106,0.0
-0.03369,-0.06737,0.0
-0.03369,-0.03369,0.0
-0.03369,0,0.0
-0.03369,0.03369,0.0
-0.03369,0.06737,0.0
-0.03369,0.10106,0.0
-0.03369,0.13475,0.0
-0.03369,0.16844,0.0
-0.03369,0.20212,0.0
-0.03369,0.23581,0.0
-0.03369,0.2695,0.0
-0.03369,0.30319,0.0
-0.03369,0.33687,0.0
-0.03369,0.37056,0.0
-0.03369,0.40425,0.0
-0.03369,0.43794,0.0
-0.03369,0.47162,0.0
-0.03369,0.50531,0.0
-0.03369,0.539,0.0
-0.03369,0.57268,0.0
-0.03369,0.60637,0.0
-0.03369,0.64006,0.0
-0.03369,0.67375,0.0
-0.03369,0.70743,0.0
-0.03369,0.74112,0.0
-0.03369,0.77481,0.0
-0.03369,0.8085,0.0
-0.03369,0.84218,0.0
-0.03369,0.87587,0.0
-0.03369,0.90956,0.0
-0.03369,0.94325,0.0
-0.03369,0.97693,0.0
-0.03369,1.01062,0.0
-0.03369,1.04431,0.0
-0.03369,1.078,0.0
-0.03369,1.11168,0.0
-0.03369,1.14537,0.0
-0.03369,1.17906,0.0
-0.03369,1.21274,0.0
-0.03369,1.24643,0.0
-0.03369,1.28012,0.0
-0.03369,1.31381,0.0
-0.03369,1.34749,0.0
-0.03369,1.38118,0.0
-0.03369,1.41487,0.0
-0.03369,1.44856,0.0
-0.03369,1.48224,0.0
-0.03369,1.51593,0.0
-0.03369,1.54962,0.0
-0.03369,1.58331,0.0
-0.03369,1.61699,0.0
-0.03369,1.65068,0.0
-0.03369,1.68437,0.0
-0.03369,1.71805,0.0
-0.03369,1.75174,0.0
-0.03369,1.78543,0.0
-0.03369,1.81912,0.0
-0.03369,1.8528,0.0
-0.03369,1.88649,0.0
-0.03369,1.92018,0.0
-0.03369,1.95387,0.0
-0.03369,1.98755,0.0
-0.03369,2.02124,0.0
-0.03369,2.05493,0.0
-0.03369,2.08862,0.0
-0.03369,2.1223,0.0
-0.03369,2.15599,0.0
-0.03369,2.18968,0.0
-0.03369,2.22336,0.0
-0.03369,2.25705,0.0
-0.03369,2.29074,0.0
-0.03369,2.32443,0.0
-0.03369,2.35811,0.0
-0.03369,2.3918,0.0
-0.03369,2.42549,0.0
-0.03369,2.45918,0.0
-0.03369,2.49286,0.0
-0.03369,2.52655,0.0
-0.03369,2.56024,0.0
-0.03369,2.59393,0.0
-0.03369,2.62761,0.0
-0.03369,2.6613,0.0
-0.03369,2.69499,0.0
-0.03369,2.72868,0.0
-0.03369,2.76236,0.0
-0.03369,2.79605,0.0
-0.03369,2.82974,0.0
-0.03369,2.86342,0.0
-0.03369,2.89711,0.0
-0.03369,2.9308,0.0
-0.03369,2.96449,0.0
-0.03369,2.99817,0.0
-0.03369,3.03186,0.0
-0.03369,3.06555,0.0
-0.03369,3.09924,0.0
-0.03369,3.13292,0.0
-0.03369,3.16661,0.0
-0.03369,3.2003,0.0
-0.03369,3.23399,0.0
-0.03369,3.26767,0.0
0,-3.26767,0.0
0,-3.23399,0.0
0,-3.2003,0.0
0,-3.16661,0.0
0,-3.13292,0.0
0,-3.09924,0.0
0,-3.06555,0.0
0,-3.03186,0.0
0,-2.99817,0.0
0,-2.96449,0.0
0,-2.9308,0.0
0,-2.89711,0.0
0,-2.86342,0.0
0,-2.82974,0.0
0,-2.79605,0.0
0,-2.76236,0.0
0,-2.72868,0.0
0,-2.69499,0.0
0,-2.6613,0.0
0,-2.62761,0.0
0,-2.59393,0.0
0,-2.56024,0.0
0,-2.52655,0.0
0,-2.49286,0.0
0,-2.45918,0.0
0,-2.42549,0.0
0,-2.3918,0.0
0,-2.35811,0.0
0,-2.32443,0.0
0,-2.29074,0.0
0,-2.25705,0.0
0,-2.22336,0.0
0,-2.18968,0.0
0,-2.15599,0.0
0,-2.1223,0.0
0,-2.08862,0.0
0,-2.05493,0.0
0,-2.02124,0.0
0,-1.98755,0.0
0,-1.95387,0.0
0,-1.92018,0.0
0,-1.88649,0.0
0,-1.8528,0.0
0,-1.81912,0.0
0,-1.78543,0.0
0,-1.75174,0.0
0,-1.71805,0.0
0,-1.68437,0.0
0,-1.65068,0.0
0,-1.61699,0.0
0,-1.58331,0.0
0,-1.54962,0.0
0,-1.51593,0.0
0,-1.48224,0.0
0,-1.44856,0.0
0,-1.41487,0.0
0,-1.38118,0.0
0,-1.34749,0.0
0,-1.31381,0.0
0,-1.28012,0.0
0,-1.24643,0.0
0,-1.21274,0.0
0,-1.17906,0.0
0,-1.14537,0.0
0,-1.11168,0.0
0,-1.078,0.0
0,-1.04431,0.0
0,-1.01062,0.0
0,-0.97693,0.0
0,-0.94325,0.0
0,-0.90956,0.0
0,-0.87587,0.0
0,-0.84218,0.0
0,-0.8085,0.0
0,-0.77481,0.0
0,-0.74112,0.0
0,-0.70743,0.0
0,-0.67375,0.0
0,-0.64006,0.0
0,-0.60637,0.0
0,-0.57268,0.0
0,-0.539,0.0
0,-0.50531,0.0
0,-0.47162,0.0
0,-0.43794,0.0
0,-0.40425,0.0
0,-0.37056,0.0
0,-0.33687,0.0
0,-0.30319,0.0
0,-0.2695,0.0
0,-0.23581,0.0
0,-0.20212,0.0
0,-0.16844,0.0
0,-0.13475,0.0
0,-0.10106,0.0
0,-0.06737,0.0
0,-0.03369,0.0
0,0,0.0
0,0.03369,0.0
0,0.06737,0.0
0,0.10106,0.0
0,0.13475,0.0
0,0.16844,0.0
0,0.20212,0.0
0,0.23581,0.0
0,0.2695,0.0
0,0.30319,0.0
0,0.33687,0.0
0,0.37056,0.0
0,0.40425,0.0
0,0.43794,0.0
0,0.47162,0.0
0,0.50531,0.0
0,0.539,0.0
0,0.57268,0.0
0,0.60637,0.0
0,0.64006,0.0
0,0.67375,0.0
0,0.70743,0.0
0,0.74112,0.0
0,0.77481,0.0
0,0.8085,0.0
0,0.84218,0.0
0,0.87587,0.0
0,0.90956,0.0
0,0.94325,0.0
0,0.97693,0.0
0,1.01062,0.0
0,1.04431,0.0
0,1.078,0.0
0,1.11168,0.0
0,1.14537,0.0
0,1.17906,0.0
0,1.21274,0.0
0,1.24643,0.0
0,1.28012,0.0
0,1.31381,0.0
0,1.34749,0.0
0,1.38118,0.0
0,1.41487,0.0
0,1.44856,0.0
0,1.48224,0.0
0,1.51593,0.0
0,1.54962,0.0
0,1.58331,0.0
0,1.61699,0.0
0,1.65068,0.0
0,1.68437,0.0
0,1.71805,0.0
0,1.75174,0.0
0,1.78543,0.0
0,1.81912,0.0
0,1.8528,0.0
0,1.88649,0.0
0,1.92018,0.0
0,1.95387,0.0
0,1.98755,0.0
0,2.02124,0.0
0,2.05493,0.0
0,2.08862,0.0
0,2.1223,0.0
0,2.15599,0.0
0,2.18968,0.0
0,2.22336,0.0
0,2.25705,0.0
0,2.29074,0.0
0,2.32443,0.0
0,2.35811,0.0
0,2.3918,0.0
0,2.42549,0.0
0,2.45918,0.0
0,2.49286,0.0
0,2.52655,0.0
0,2.56024,0.0
0,2.59393,0.0
0,2.62761,0.0
0,2.6613,0.0
0,2.69499,0.0
0,2.72868,0.0
0,2.76236,0.0
0,2.79605,0.0
0,2.82974,0.0
0,2.86342,0.0
0,2.89711,0.0
0,2.9308,0.0
0,2.96449,0.0
0,2.99817,0.0
0,3.03186,0.0
0,3.06555,0.0
0,3.09924,0.0
0,3.13292,0.0
0,3.16661,0.0
0,3.2003,0.0
0,3.23399,0.0
0,3.26767,0.0
0.03369,-3.26767,0.0
0.03369,-3.23399,0.0
0.03369,-3.2003,0.0
0.03369,-3.16661,0.0
0.03369,-3.13292,0.0
0.03369,-3.09924,0.0
0.03369,-3.06555,0.0
0.03369,-3.03186,0.0
0.03369,-2.99817,0.0
0.03369,-2.96449,0.0
0.03369,-2.9308,0.0
0.03369,-2.89711,0.0
0.03369,-2.86342,0.0
0.03369,-2.82974,0.0
0.03369,-2.79605,0.0
0.03369,-2.76236,0.0
0.03369,-2.72868,0.0
0.03369,-2.69499,0.0
0.03369,-2.6613,0.0
0.03369,-2.62761,0.0
0.03369,-2.59393,0.0
0.03369,-2.56024,0.0
0.03369,-2.52655,0.0
0.03369,-2.49286,0.0
0.03369,-2.45918,0.0
0.03369,-2.42549,0.0
0.03369,-2.3918,0.0
0.03369,-2.35811,0.0
0.03369,-2.32443,0.0
0.03369,-2.29074,0.0
0.03369,-2.25705,0.0
0.03369,-2.22336,0.0
0.03369,-2.18968,0.0
0.03369,-2.15599,0.0
0.03369,-2.1223,0.0
0.03369,-2.08862,0.0
0.03369,-2.05493,0.0
0.03369,-2.02124,0.0
0.03369,-1.98755,0.0
0.03369,-1.95387,0.0
0.03369,-1.92018,0.0
0.03369,-1.88649,0.0
0.03369,-1.8528,0.0
0.03369,-1.81912,0.0
0.03369,-1.78543,0.0
0.03369,-1.75174,0.0
0.03369,-1.71805,0.0
0.03369,-1.68437,0.0
0.03369,-1.65068,0.0
0.03369,-1.61699,0.0
0.03369,-1.58331,0.0
0.03369,-1.54962,0.0
0.03369,-1.51593,0.0
0.03369,-1.48224,0.0
0.03369,-1.44856,0.0
0.03369,-1.41487,0.0
0.03369,-1.38118,0.0
0.03369,-1.34749,0.0
0.03369,-1.31381,0.0
0.03369,-1.28012,0.0
0.03369,-1.24643,0.0
0.03369,-1.21274,0.0
0.03369,-1.17906,0.0
0.03369,-1.14537,0.0
0.03369,-1.11168,0.0
0.03369,-1.078,0.0
0.03369,-1.04431,0.0
0.03369,-1.01062,0.0
0.03369,-0.97693,0.0
0.03369,-0.94325,0.0
0.03369,-0.90956,0.0
0.03369,-0.87587,0.0
0.03369,-0.84218,0.0
0.03369,-0.8085,0.0
0.03369,-0.77481,0.0
0.03369,-0.74112,0.0
0.03369,-0.70743,0.0
0.03369,-0.67375,0.0
0.03369,-0.64006,0.0
0.03369,-0.60637,0.0
0.03369,-0.57268,0.0
0.03369,-0.539,0.0
0.03369,-0.50531,0.0
0.03369,-0.47162,0.0
0.03369,-0.43794,0.0
0.03369,-0.40425,0.0
0.03369,-0.37056,0.0
0.03369,-0.33687,0.0
0.03369,-0.30319,0.0
0.03369,-0.2695,0.0
0.03369,-0.23581,0.0
0.03369,-0.20212,0.0
0.03369,-0.16844,0.0
0.03369,-0.13475,0.0
0.03369,-0.10106,0.0
0.03369,-0.06737,0.0
0.03369,-0.03369,0.0
0.03369,0,0.0
0.03369,0.03369,0.0
0.03369,0.06737,0.0
0.03369,0.10106,0.0
0.03369,0.13475,0.0
0.03369,0.16844,0.0
0.03369,0.20212,0.0
0.03369,0.23581,0.0
0.03369,0.2695,0.0
0.03369,0.30319,0.0
0.03369,0.33687,0.0
0.03369,0.37056,0.0
0.03369,0.40425,0.0
0.03369,0.43794,0.0
0.03369,0.47162,0.0
0.03369,0.50531,0.0
0.03369,0.539,0.0
0.03369,0.57268,0.0
0.03369,0.60637,0.0
0.03369,0.64006,0.0
0.03369,0.67375,0.0
0.03369,0.70743,0.0
0.03369,0.74112,0.0
0.03369,0.77481,0.0
0.03369,0.8085,0.0
0.03369,0.84218,0.0
0.03369,0.87587,0.0
0.03369,0.90956,0.0
0.03369,0.94325,0.0
0.03369,0.97693,0.0
0.03369,1.01062,0.0
0.03369,1.04431,0.0
0.03369,1.078,0.0
0.03369,1.11168,0.0
0.03369,1.14537,0.0
0.03369,1.17906,0.0
0.03369,1.21274,0.0
0.03369,1.24643,0.0
0.03369,1.28012,0.0
0.03369,1.31381,0.0
0.03369,1.34749,0.0
0.03369,1.38118,0.0
0.03369,1.41487,0.0
0.03369,1.44856,0.0
0.03369,1.48224,0.0
0.03369,1.51593,0.0
0.03369,1.54962,0.0
0.03369,1.58331,0.0
0.03369,1.61699,0.0
0.03369,1.65068,0.0
0.03369,1.68437,0.0
0.03369,1.71805,0.0
0.03369,1.75174,0.0
0.03369,1.78543,0.0
0.03369,1.81912,0.0
0.03369,1.8528,0.0
0.03369,1.88649,0.0
0.03369,1.92018,0.0
0.03369,1.95387,0.0
0.03369,1.98755,0.0
0.03369,2.02124,0.0
0.03369,2.05493,0.0
0.03369,2.08862,0.0
0.03369,2.1223,0.0
0.03369,2.15599,0.0
0.03369,2.18968,0.0
0.03369,2.22336,0.0
0.03369,2.25705,0.0
0.03369,2.29074,0.0
0.03369,2.32443,0.0
0.03369,2.35811,0.0
0.03369,2.3918,0.0
0.03369,2.42549,0.0
0.03369,2.45918,0.0
0.03369,2.49286,0.0
0.03369,2.52655,0.0
0.03369,2.56024,0.0
0.03369,2.59393,0.0
0.03369,2.62761,0.0
0.03369,2.6613,0.0
0.03369,2.69499,0.0
0.03369,2.72868,0.0
0.03369,2.76236,0.0
0.03369,2.79605,0.0
0.03369,2.82974,0.0
0.03369,2.86342,0.0
0.03369,2.89711,0.0
0.03369,2.9308,0.0
0.03369,2.96449,0.0
0.03369,2.99817,0.0
0.03369,3.03186,0.0
0.03369,3.06555,0.0
0.03369,3.09924,0.0
0.03369,3.13292,0.0
0.03369,3.16661,0.0
0.03369,3.2003,0.0
0.03369,3.23399,0.0
0.03369,3.26767,0.0
0.06737,-3.26767,0.0
0.06737,-3.23399,0.0
0.06737,-3.2003,0.0
0.06737,-3.16661,0.0
0.06737,-3.13292,0.0
0.06737,-3.09924,0.0
0.06737,-3.06555,0.0
0.06737,-3.03186,0.0
0.06737,-2.99817,0.0
0.06737,-2.96449,0.0
0.06737,-2.9308,0.0
0.06737,-2.89711,0.0
0.06737,-2.86342,0.0
0.06737,-2.82974,0.0
0.06737,-2.79605,0.0
0.06737,-2.76236,0.0
0.06737,-2.72868,0.0
0.06737,-2.69499,0.0
0.06737,-2.6613,0.0
0.06737,-2.62761,0.0
0.06737,-2.59393,0.0
0.06737,-2.56024,0.0
0.06737,-2.52655,0.0
0.06737,-2.49286,0.0
0.06737,-2.45918,0.0
0.06737,-2.42549,0.0
0.06737,-2.3918,0.0
0.06737,-2.35811,0.0
0.06737,-2.32443,0.0
0.06737,-2.29074,0.0
0.06737,-2.25705,0.0
0.06737,-2.22336,0.0
0.06737,-2.18968,0.0
0.06737,-2.15599,0.0
0.06737,-2.1223,0.0
0.06737,-2.08862,0.0
0.06737,-2.05493,0.0
0.06737,-2.02124,0.0
0.06737,-1.98755,0.0
0.06737,-1.95387,0.0
0.06737,-1.92018,0.0
0.06737,-1.88649,0.0
0.06737,-1.8528,0.0
0.06737,-1.81912,0.0
0.06737,-1.78543,0.0
0.06737,-1.75174,0.0
0.06737,-1.71805,0.0
0.06737,-1.68437,0.0
0.06737,-1.65068,0.0
0.06737,-1.61699,0.0
0.06737,-1.58331,0.0
0.06737,-1.54962,0.0
0.06737,-1.51593,0.0
0.06737,-1.48224,0.0
0.06737,-1.44856,0.0
0.06737,-1.41487,0.0
0.06737,-1.38118,0.0
0.06737,-1.34749,0.0
0.06737,-1.31381,0.0
0.06737,-1.28012,0.0
0.06737,-1.24643,0.0
0.06737,-1.21274,0.0
0.06737,-1.17906,0.0
0.06737,-1.14537,0.0
0.06737,-1.11168,0.0
0.06737,-1.078,0.0
0.06737,-1.04431,0.0
0.06737,-1.01062,0.0
0.06737,-0.97693,0.0
0.06737,-0.94325,0.0
0.06737,-0.90956,0.0
0.06737,-0.87587,0.0
0.06737,-0.84218,0.0
0.06737,-0.8085,0.0
0.06737,-0.77481,0.0
0.06737,-0.74112,0.0
0.06737,-0.70743,0.0
0.06737,-0.67375,0.0
0.06737,-0.64006,0.0
0.06737,-0.60637,0.0
0.06737,-0.57268,0.0
0.06737,-0.539,0.0
0.06737,-0.50531,0.0
0.06737,-0.47162,0.0
0.06737,-0.43794,0.0
0.06737,-0.40425,0.0
0.06737,-0.37056,0.0
0.06737,-0.33687,0.0
0.06737,-0.30319,0.0
0.06737,-0.2695,0.0
0.06737,-0.23581,0.0
0.06737,-0.20212,0.0
0.06737,-0.16844,0.0
0.06737,-0.13475,0.0
0.06737,-0.10106,0.0
0.06737,-0.06737,0.0
0.06737,-0.03369,0.0
0.06737,0,0.0
0.06737,0.03369,0.0
0.06737,0.06737,0.0
0.06737,0.10106,0.0
0.06737,0.13475,0.0
0.06737,0.16844,0.0
0.06737,0.20212,0.0
0.06737,0.23581,0.0
0.06737,0.2695,0.0
0.06737,0.30319,0.0
0.06737,0.33687,0.0
0.06737,0.37056,0.0
0.06737,0.40425,0.0
0.06737,0.43794,0.0
0.06737,0.47162,0.0
0.06737,0.50531,0.0
0.06737,0.539,0.0
0.06737,0.57268,0.0
0.06737,0.60637,0.0
0.06737,0.64006,0.0
0.06737,0.67375,0.0
0.06737,0.70743,0.0
0.06737,0.74112,0.0
0.06737,0.77481,0.0
0.06737,0.8085,0.0
0.06737,0.84218,0.0
0.06737,0.87587,0.0
0.06737,0.90956,0.0
0.06737,0.94325,0.0
0.06737,0.97693,0.0
0.06737,1.01062,0.0
0.06737,1.04431,0.0
0.06737,1.078,0.0
0.06737,1.11168,0.0
0.06737,1.14537,0.0
0.06737,1.17906,0.0
0.06737,1.21274,0.0
0.06737,1.24643,0.0
0.06737,1.28012,0.0
0.06737,1.31381,0.0
0.06737,1.34749,0.0
0.06737,1.38118,0.0
0.06737,1.41487,0.0
0.06737,1.44856,0.0
0.06737,1.48224,0.0
0.06737,1.51593,0.0
0.06737,1.54962,0.0
0.06737,1.58331,0.0
0.06737,1.61699,0.0
0.06737,1.65068,0.0
0.06737,1.68437,0.0
0.06737,1.71805,0.0
0.06737,1.75174,0.0
0.06737,1.78543,0.0
0.06737,1.81912,0.0
0.06737,1.8528,0.0
0.06737,1.88649,0.0
0.06737,1.92018,0.0
0.06737,1.95387,0.0
0.06737,1.98755,0.0
0.06737,2.02124,0.0
0.06737,2.05493,0.0
0.06737,2.08862,0.0
0.06737,2.1223,0.0
0.06737,2.15599,0.0
0.06737,2.18968,0.0
0.06737,2.22336,0.0
0.06737,2.25705,0.0
0.06737,2.29074,0.0
0.06737,2.32443,0.0
0.06737,2.35811,0.0
0.06737,2.3918,0.0
0.06737,2.42549,0.0
0.06737,2.45918,0.0
0.06737,2.49286,0.0
0.06737,2.52655,0.0
0.06737,2.56024,0.0
0.06737,2.59393,0.0
0.06737,2.62761,0.0
0.06737,2.6613,0.0
0.06737,2.69499,0.0
0.06737,2.72868,0.0
0.06737,2.76236,0.0
0.06737,2.79605,0.0
0.06737,2.82974,0.0
0.06737,2.86342,0.0
0.06737,2.89711,0.0
0.06737,2.9308,0.0
0.06737,2.96449,0.0
0.06737,2.99817,0.0
0.06737,3.03186,0.0
0.06737,3.06555,0.0
0.06737,3.09924,0.0
0.06737,3.13292,0.0
0.06737,3.16661,0.0
0.06737,3.2003,0.0
0.06737,3.23399,0.0
0.06737,3.26767,0.0
0.10106,-3.26767,0.0
0.10106,-3.23399,0.0
0.10106,-3.2003,0.0
0.10106,-3.16661,0.0
0.10106,-3.13292,0.0
0.10106,-3.09924,0.0
0.10106,-3.06555,0.0
0.10106,-3.03186,0.0
0.10106,-2.99817,0.0
0.10106,-2.96449,0.0
0.10106,-2.9308,0.0
0.10106,-2.89711,0.0
0.10106,-2.86342,0.0
0.10106,-2.82974,0.0
0.10106,-2.79605,0.0
0.10106,-2.76236,0.0
0.10106,-2.72868,0.0
0.10106,-2.69499,0.0
0.10106,-2.6613,0.0
0.10106,-2.62761,0.0
0.10106,-2.59393,0.0
0.10106,-2.56024,0.0
0.10106,-2.52655,0.0
0.10106,-2.49286,0.0
0.10106,-2.45918,0.0
0.10106,-2.42549,0.0
0.10106,-2.3918,0.0
0.10106,-2.35811,0.0
0.10106,-2.32443,0.0
0.10106,-2.29074,0.0
0.10106,-2.25705,0.0
0.10106,-2.22336,0.0
0.10106,-2.18968,0.0
0.10106,-2.15599,0.0
0.10106,-2.1223,0.0
0.10106,-2.08862,0.0
0.10106,-2.05493,0.0
0.10106,-2.02124,0.0
0.10106,-1.98755,0.0
0.10106,-1.95387,0.0
0.10106,-1.92018,0.0
0.10106,-1.88649,0.0
0.10106,-1.8528,0.0
0.10106,-1.81912,0.0
0.10106,-1.78543,0.0
0.10106,-1.75174,0.0
0.10106,-1.71805,0.0
0.10106,-1.68437,0.0
0.10106,-1.65068,0.0
0.10106,-1.61699,0.0
0.10106,-1.58331,0.0
0.10106,-1.54962,0.0
0.10106,-1.51593,0.0
0.10106,-1.48224,0.0
0.10106,-1.44856,0.0
0.10106,-1.41487,0.0
0.10106,-1.38118,0.0
0.10106,-1.34749,0.0
0.10106,-1.31381,0.0
0.10106,-1.28012,0.0
0.10106,-1.24643,0.0
0.10106,-1.21274,0.0
0.10106,-1.17906,0.0
0.10106,-1.14537,0.0
0.10106,-1.11168,0.0
0.10106,-1.078,0.0
0.10106,-1.04431,0.0
0.10106,-1.01062,0.0
0.10106,-0.97693,0.0
0.10106,-0.94325,0.0
0.10106,-0.90956,0.0
0.10106,-0.87587,0.0
0.10106,-0.84218,0.0
0.10106,-0.8085,0.0
0.10106,-0.77481,0.0
0.10106,-0.74112,0.0
0.10106,-0.70743,0.0
0.10106,-0.67375,0.0
0.10106,-0.64006,0.0
0.10106,-0.60637,0.0
0.10106,-0.57268,0.0
0.10106,-0.539,0.0
0.10106,-0.50531,0.0
0.10106,-0.47162,0.0
0.10106,-0.43794,0.0
0.10106,-0.40425,0.0
0.10106,-0.37056,0.0
0.10106,-0.33687,0.0
0.10106,-0.30319,0.0
0.10106,-0.2695,0.0
0.10106,-0.23581,0.0
0.10106,-0.20212,0.0
0.10106,-0.16844,0.0
0.10106,-0.13475,0.0
0.10106,-0.10106,0.0
0.10106,-0.06737,0.0
0.10106,-0.03369,0.0
0.10106,0,0.0
0.10106,0.03369,0.0
0.10106,0.06737,0.0
0.10106,0.10106,0.0
0.10106,0.13475,0.0
0.10106,0.16844,0.0
0.10106,0.20212,0.0
0.10106,0.23581,0.0
0.10106,0.2695,0.0
0.10106,0.30319,0.0
0.10106,0.33687,0.0
0.10106,0.37056,0.0
0.10106,0.40425,0.0
0.10106,0.43794,0.0
0.10106,0.47162,0.0
0.10106,0.50531,0.0
0.10106,0.539,0.0
0.10106,0.57268,0.0
0.10106,0.60637,0.0
0.10106,0.64006,0.0
0.10106,0.67375,0.0
0.10106,0.70743,0.0
0.10106,0.74112,0.0
0.10106,0.77481,0.0
0.10106,0.8085,0.0
0.10106,0.84218,0.0
0.10106,0.87587,0.0
0.10106,0.90956,0.0
0.10106,0.94325,0.0
0.10106,0.97693,0.0
0.10106,1.01062,0.0
0.10106,1.04431,0.0
0.10106,1.078,0.0
0.10106,1.11168,0.0
0.10106,1.14537,0.0
0.10106,1.17906,0.0
0.10106,1.21274,0.0
0.10106,1.24643,0.0
0.10106,1.28012,0.0
0.10106,1.31381,0.0
0.10106,1.34749,0.0
0.10106,1.38118,0.0
0.10106,1.41487,0.0
0.10106,1.44856,0.0
0.10106,1.48224,0.0
0.10106,1.51593,0.0
0.10106,1.54962,0.0
0.10106,1.58331,0.0
0.10106,1.61699,0.0
0.10106,1.65068,0.0
0.10106,1.68437,0.0
0.10106,1.71805,0.0
0.10106,1.75174,0.0
0.10106,1.78543,0.0
0.10106,1.81912,0.0
0.10106,1.8528,0.0
0.10106,1.88649,0.0
0.10106,1.92018,0.0
0.10106,1.95387,0.0
0.10106,1.98755,0.0
0.10106,2.02124,0.0
0.10106,2.05493,0.0
0.10106,2.08862,0.0
0.10106,2.1223,0.0
0.10106,2.15599,0.0
0.10106,2.18968,0.0
0.10106,2.22336,0.0
0.10106,2.25705,0.0
0.10106,2.29074,0.0
0.10106,2.32443,0.0
0.10106,2.35811,0.0
0.10106,2.3918,0.0
0.10106,2.42549,0.0
0.10106,2.45918,0.0
0.10106,2.49286,0.0
0.10106,2.52655,0.0
0.10106,2.56024,0.0
0.10106,2.59393,0.0
0.10106,2.62761,0.0
0.10106,2.6613,0.0
0.10106,2.69499,0.0
0.10106,2.72868,0.0
0.10106,2.76236,0.0
0.10106,2.79605,0.0
0.10106,2.82974,0.0
0.10106,2.86342,0.0
0.10106,2.89711,0.0
0.10106,2.9308,0.0
0.10106,2.96449,0.0
0.10106,2.99817,0.0
0.10106,3.03186,0.0
0.10106,3.06555,0.0
0.10106,3.09924,0.0
0.10106,3.13292,0.0
0.10106,3.16661,0.0
0.10106,3.2003,0.0
0.10106,3.23399,0.0
0.10106,3.26767,0.0
0.13475,-3.26767,0.0
0.13475,-3.23399,0.0
0.13475,-3.2003,0.0
0.13475,-3.16661,0.0
0.13475,-3.13292,0.0
0.13475,-3.09924,0.0
0.13475,-3.06555,0.0
0.13475,-3.03186,0.0
0.13475,-2.99817,0.0
0.13475,-2.96449,0.0
0.13475,-2.9308,0.0
0.13475,-2.89711,0.0
0.13475,-2.86342,0.0
0.13475,-2.82974,0.0
0.13475,-2.79605,0.0
0.13475,-2.76236,0.0
0.13475,-2.72868,0.0
0.13475,-2.69499,0.0
0.13475,-2.6613,0.0
0.13475,-2.62761,0.0
0.13475,-2.59393,0.0
0.13475,-2.56024,0.0
0.13475,-2.52655,0.0
0.13475,-2.49286,0.0
0.13475,-2.45918,0.0
0.13475,-2.42549,0.0
0.13475,-2.3918,0.0
0.13475,-2.35811,0.0
0.13475,-2.32443,0.0
0.13475,-2.29074,0.0
0.13475,-2.25705,0.0
0.13475,-2.22336,0.0
0.13475,-2.18968,0.0
0.13475,-2.15599,0.0
0.13475,-2.1223,0.0
0.13475,-2.08862,0.0
0.13475,-2.05493,0.0
0.13475,-2.02124,0.0
0.13475,-1.98755,0.0
0.13475,-1.95387,0.0
0.13475,-1.92018,0.0
0.13475,-1.88649,0.0
0.13475,-1.8528,0.0
0.13475,-1.81912,0.0
0.13475,-1.78543,0.0
0.13475,-1.75174,0.0
0.13475,-1.71805,0.0
0.13475,-1.68437,0.0
0.13475,-1.65068,0.0
0.13475,-1.61699,0.0
0.13475,-1.58331,0.0
0.13475,-1.54962,0.0
0.13475,-1.51593,0.0
0.13475,-1.48224,0.0
0.13475,-1.44856,0.0
0.13475,-1.41487,0.0
0.13475,-1.38118,0.0
0.13475,-1.34749,0.0
0.13475,-1.31381,0.0
0.13475,-1.28012,0.0
0.13475,-1.24643,0.0
0.13475,-1.21274,0.0
0.13475,-1.17906,0.0
0.13475,-1.14537,0.0
0.13475,-1.11168,0.0
0.13475,-1.078,0.0
0.13475,-1.04431,0.0
0.13475,-1.01062,0.0
0.13475,-0.97693,0.0
0.13475,-0.94325,0.0
0.13475,-0.90956,0.0
0.13475,-0.87587,0.0
0.13475,-0.84218,0.0
0.13475,-0.8085,0.0
0.13475,-0.77481,0.0
0.13475,-0.74112,0.0
0.13475,-0.70743,0.0
0.13475,-0.67375,0.0
0.13475,-0.64006,0.0
0.13475,-0.60637,0.0
0.13475,-0.57268,0.0
0.13475,-0.539,0.0
0.13475,-0.50531,0.0
0.13475,-0.47162,0.0
0.13475,-0.43794,0.0
0.13475,-0.40425,0.0
0.13475,-0.37056,0.0
0.13475,-0.33687,0.0
0.13475,-0.30319,0.0
0.13475,-0.2695,0.0
0.13475,-0.23581,0.0
0.13475,-0.20212,0.0
0.13475,-0.16844,0.0
0.13475,-0.13475,0.0
0.13475,-0.10106,0.0
0.13475,-0.06737,0.0
0.13475,-0.03369,0.0
0.13475,0,0.0
0.13475,0.03369,0.0
0.13475,0.06737,0.0
0.13475,0.10106,0.0
0.13475,0.13475,0.0
0.13475,0.16844,0.0
0.13475,0.20212,0.0
0.13475,0.23581,0.0
0.13475,0.2695,0.0
0.13475,0.30319,0.0
0.13475,0.33687,0.0
0.13475,0.37056,0.0
0.13475,0.40425,0.0
0.13475,0.43794,0.0
0.13475,0.47162,0.0
0.13475,0.50531,0.0
0.13475,0.539,0.0
0.13475,0.57268,0.0
0.13475,0.60637,0.0
0.13475,0.64006,0.0
0.13475,0.67375,0.0
0.13475,0.70743,0.0
0.13475,0.74112,0.0
0.13475,0.77481,0.0
0.13475,0.8085,0.0
0.13475,0.84218,0.0
0.13475,0.87587,0.0
0.13475,0.90956,0.0
0.13475,0.94325,0.0
0.13475,0.97693,0.0
0.13475,1.01062,0.0
0.13475,1.04431,0.0
0.13475,1.078,0.0
0.13475,1.11168,0.0
0.13475,1.14537,0.0
0.13475,1.17906,0.0
0.13475,1.21274,0.0
0.13475,1.24643,0.0
0.13475,1.28012,0.0
0.13475,1.31381,0.0
0.13475,1.34749,0.0
0.13475,1.38118,0.0
0.13475,1.41487,0.0
0.13475,1.44856,0.0
0.13475,1.48224,0.0
0.13475,1.51593,0.0
0.13475,1.54962,0.0
0.13475,1.58331,0.0
0.13475,1.61699,0.0
0.13475,1.65068,0.0
0.13475,1.68437,0.0
0.13475,1.71805,0.0
0.13475,1.75174,0.0
0.13475,1.78543,0.0
0.13475,1.81912,0.0
0.13475,1.8528,0.0
0.13475,1.88649,0.0
0.13475,1.92018,0.0
0.13475,1.95387,0.0
0.13475,1.98755,0.0
0.13475,2.02124,0.0
0.13475,2.05493,0.0
0.13475,2.08862,0.0
0.13475,2.1223,0.0
0.13475,2.15599,0.0
0.13475,2.18968,0.0
0.13475,2.22336,0.0
0.13475,2.25705,0.0
0.13475,2.29074,0.0
0.13475,2.32443,0.0
0.13475,2.35811,0.0
0.13475,2.3918,0.0
0.13475,2.42549,0.0
0.13475,2.45918,0.0
0.13475,2.49286,0.0
0.13475,2.52655,0.0
0.13475,2.56024,0.0
0.13475,2.59393,0.0
0.13475,2.62761,0.0
0.13475,2.6613,0.0
0.13475,2.69499,0.0
0.13475,2.72868,0.0
0.13475,2.76236,0.0
0.13475,2.79605,0.0
0.13475,2.82974,0.0
0.13475,2.86342,0.0
0.13475,2.89711,0.0
0.13475,2.9308,0.0
0.13475,2.96449,0.0
0.13475,2.99817,0.0
0.13475,3.03186,0.0
0.13475,3.06555,0.0
0.13475,3.09924,0.0
0.13475,3.13292,0.0
0.13475,3.16661,0.0
0.13475,3.2003,0.0
0.13475,3.23399,0.0
0.13475,3.26767,0.0
0.16844,-3.26767,0.0
0.16844,-3.23399,0.0
0.16844,-3.2003,0.0
0.16844,-3.16661,0.0
0.16844,-3.13292,0.0
0.16844,-3.09924,0.0
0.16844,-3.06555,0.0
0.16844,-3.03186,0.0
0.16844,-2.99817,0.0
0.16844,-2.96449,0.0
0.16844,-2.9308,0.0
0.16844,-2.89711,0.0
0.16844,-2.86342,0.0
0.16844,-2.82974,0.0
0.16844,-2.79605,0.0
0.16844,-2.76236,0.0
0.16844,-2.72868,0.0
0.16844,-2.69499,0.0
0.16844,-2.6613,0.0
0.16844,-2.62761,0.0
0.16844,-2.59393,0.0
0.16844,-2.56024,0.0
0.16844,-2.52655,0.0
0.16844,-2.49286,0.0
0.16844,-2.45918,0.0
0.16844,-2.42549,0.0
0.16844,-2.3918,0.0
0.16844,-2.35811,0.0
0.16844,-2.32443,0.0
0.16844,-2.29074,0.0
0.16844,-2.25705,0.0
0.16844,-2.22336,0.0
0.16844,-2.18968,0.0
0.16844,-2.15599,0.0
0.16844,-2.1223,0.0
0.16844,-2.08862,0.0
0.16844,-2.05493,0.0
0.16844,-2.02124,0.0
0.16844,-1.98755,0.0
0.16844,-1.95387,0.0
0.16844,-1.92018,0.0
0.16844,-1.88649,0.0
0.16844,-1.8528,0.0
0.16844,-1.81912,0.0
0.16844,-1.78543,0.0
0.16844,-1.75174,0.0
0.16844,-1.71805,0.0
0.16844,-1.68437,0.0
0.16844,-1.65068,0.0
0.16844,-1.61699,0.0
0.16844,-1.58331,0.0
0.16844,-1.54962,0.0
0.16844,-1.51593,0.0
0.16844,-1.48224,0.0
0.16844,-1.44856,0.0
0.16844,-1.41487,0.0
0.16844,-1.38118,0.0
0.16844,-1.34749,0.0
0.16844,-1.31381,0.0
0.16844,-1.28012,0.0
0.16844,-1.24643,0.0
0.16844,-1.21274,0.0
0.16844,-1.17906,0.0
0.16844,-1.14537,0.0
0.16844,-1.11168,0.0
0.16844,-1.078,0.0
0.16844,-1.04431,0.0
0.16844,-1.01062,0.0
0.16844,-0.97693,0.0
0.16844,-0.94325,0.0
0.16844,-0.90956,0.0
0.16844,-0.87587,0.0
0.16844,-0.84218,0.0
0.16844,-0.8085,0.0
0.16844,-0.77481,0.0
0.16844,-0.74112,0.0
0.16844,-0.70743,0.0
0.16844,-0.67375,0.0
0.16844,-0.64006,0.0
0.16844,-0.60637,0.0
0.16844,-0.57268,0.0
0.16844,-0.539,0.0
0.16844,-0.50531,0.0
0.16844,-0.47162,0.0
0.16844,-0.43794,0.0
0.16844,-0.40425,0.0
0.16844,-0.37056,0.0
0.16844,-0.33687,0.0
0.16844,-0.30319,0.0
0.16844,-0.2695,0.0
0.16844,-0.23581,0.0
0.16844,-0.20212,0.0
0.16844,-0.16844,0.0
0.16844,-0.13475,0.0
0.16844,-0.10106,0.0
0.16844,-0.06737,0.0
0.16844,-0.03369,0.0
0.16844,0,0.0
0.16844,0.03369,0.0
0.16844,0.06737,0.0
0.16844,0.10106,0.0
0.16844,0.13475,0.0
0.16844,0.16844,0.0
0.16844,0.20212,0.0
0.16844,0.23581,0.0
0.16844,0.2695,0.0
0.16844,0.30319,0.0
0.16844,0.33687,0.0
0.16844,0.37056,0.0
0.16844,0.40425,0.0
0.16844,0.43794,0.0
0.16844,0.47162,0.0
0.16844,0.50531,0.0
0.16844,0.539,0.0
0.16844,0.57268,0.0
0.16844,0.60637,0.0
0.16844,0.64006,0.0
0.16844,0.67375,0.0
0.16844,0.70743,0.0
0.16844,0.74112,0.0
0.16844,0.77481,0.0
0.16844,0.8085,0.0
0.16844,0.84218,0.0
0.16844,0.87587,0.0
0.16844,0.90956,0.0
0.16844,0.94325,0.0
0.16844,0.97693,0.0
0.16844,1.01062,0.0
0.16844,1.04431,0.0
0.16844,1.078,0.0
0.16844,1.11168,0.0
0.16844,1.14537,0.0
0.16844,1.17906,0.0
0.16844,1.21274,0.0
0.16844,1.24643,0.0
0.16844,1.28012,0.0
0.16844,1.31381,0.0
0.16844,1.34749,0.0
0.16844,1.38118,0.0
0.16844,1.41487,0.0
0.16844,1.44856,0.0
0.16844,1.48224,0.0
0.16844,1.51593,0.0
0.16844,1.54962,0.0
0.16844,1.58331,0.0
0.16844,1.61699,0.0
0.16844,1.65068,0.0
0.16844,1.68437,0.0
0.16844,1.71805,0.0
0.16844,1.75174,0.0
0.16844,1.78543,0.0
0.16844,1.81912,0.0
0.16844,1.8528,0.0
0.16844,1.88649,0.0
0.16844,1.92018,0.0
0.16844,1.95387,0.0
0.16844,1.98755,0.0
0.16844,2.02124,0.0
0.16844,2.05493,0.0
0.16844,2.08862,0.0
0.16844,2.1223,0.0
0.16844,2.15599,0.0
0.16844,2.18968,0.0
0.16844,2.22336,0.0
0.16844,2.25705,0.0
0.16844,2.29074,0.0
0.16844,2.32443,0.0
0.16844,2.35811,0.0
0.16844,2.3918,0.0
0.16844,2.42549,0.0
0.16844,2.45918,0.0
0.16844,2.49286,0.0
0.16844,2.52655,0.0
0.16844,2.56024,0.0
0.16844,2.59393,0.0
0.16844,2.62761,0.0
0.16844,2.6613,0.0
0.16844,2.69499,0.0
0.16844,2.72868,0.0
0.16844,2.76236,0.0
0.16844,2.79605,0.0
0.16844,2.82974,0.0
0.16844,2.86342,0.0
0.16844,2.89711,0.0
0.16844,2.9308,0.0
0.16844,2.96449,0.0
0.16844,2.99817,0.0
0.16844,3.03186,0.0
0.16844,3.06555,0.0
0.16844,3.09924,0.0
0.16844,3.13292,0.0
0.16844,3.16661,0.0
0.16844,3.2003,0.0
0.16844,3.23399,0.0
0.16844,3.26767,0.0
0.20212,-3.26767,0.0
0.20212,-3.23399,0.0
0.20212,-3.2003,0.0
0.20212,-3.16661,0.0
0.20212,-3.13292,0.0
0.20212,-3.09924,0.0
0.20212,-3.06555,0.0
0.20212,-3.03186,0.0
0.20212,-2.99817,0.0
0.20212,-2.96449,0.0
0.20212,-2.9308,0.0
0.20212,-2.89711,0.0
0.20212,-2.86342,0.0
0.20212,-2.82974,0.0
0.20212,-2.79605,0.0
0.20212,-2.76236,0.0
0.20212,-2.72868,0.0
0.20212,-2.69499,0.0
0.20212,-2.6613,0.0
0.20212,-2.62761,0.0
0.20212,-2.59393,0.0
0.20212,-2.56024,0.0
0.20212,-2.52655,0.0
0.20212,-2.49286,0.0
0.20212,-2.45918,0.0
0.20212,-2.42549,0.0
0.20212,-2.3918,0.0
0.20212,-2.35811,0.0
0.20212,-2.32443,0.0
0.20212,-2.29074,0.0
0.20212,-2.25705,0.0
0.20212,-2.22336,0.0
0.20212,-2.18968,0.0
0.20212,-2.15599,0.0
0.20212,-2.1223,0.0
0.20212,-2.08862,0.0
0.20212,-2.05493,0.0
0.20212,-2.02124,0.0
0.20212,-1.98755,0.0
0.20212,-1.95387,0.0
0.20212,-1.92018,0.0
0.20212,-1.88649,0.0
0.20212,-1.8528,0.0
0.20212,-1.81912,0.0
0.20212,-1.78543,0.0
0.20212,-1.75174,0.0
0.20212,-1.71805,0.0
0.20212,-1.68437,0.0
0.20212,-1.65068,0.0
0.20212,-1.61699,0.0
0.20212,-1.58331,0.0
0.20212,-1.54962,0.0
0.20212,-1.51593,0.0
0.20212,-1.48224,0.0
0.20212,-1.44856,0.0
0.20212,-1.41487,0.0
0.20212,-1.38118,0.0
0.20212,-1.34749,0.0
0.20212,-1.31381,0.0
0.20212,-1.28012,0.0
0.20212,-1.24643,0.0
0.20212,-1.21274,0.0
0.20212,-1.17906,0.0
0.20212,-1.14537,0.0
0.20212,-1.11168,0.0
0.20212,-1.078,0.0
0.20212,-1.04431,0.0
0.20212,-1.01062,0.0
0.20212,-0.97693,0.0
0.20212,-0.94325,0.0
0.20212,-0.90956,0.0
0.20212,-0.87587,0.0
0.20212,-0.84218,0.0
0.20212,-0.8085,0.0
0.20212,-0.77481,0.0
0.20212,-0.74112,0.0
0.20212,-0.70743,0.0
0.20212,-0.67375,0.0
0.20212,-0.64006,0.0
0.20212,-0.60637,0.0
0.20212,-0.57268,0.0
0.20212,-0.539,0.0
0.20212,-0.50531,0.0
0.20212,-0.47162,0.0
0.20212,-0.43794,0.0
0.20212,-0.40425,0.0
0.20212,-0.37056,0.0
0.20212,-0.33687,0.0
0.20212,-0.30319,0.0
0.20212,-0.2695,0.0
0.20212,-0.23581,0.0
0.20212,-0.20212,0.0
0.20212,-0.16844,0.0
0.20212,-0.13475,0.0
0.20212,-0.10106,0.0
0.20212,-0.06737,0.0
0.20212,-0.03369,0.0
0.20212,0,0.0
0.20212,0.03369,0.0
0.20212,0.06737,0.0
0.20212,0.10106,0.0
0.20212,0.13475,0.0
0.20212,0.16844,0.0
0.20212,0.20212,0.0
0.20212,0.23581,0.0
0.20212,0.2695,0.0
0.20212,0.30319,0.0
0.20212,0.33687,0.0
0.20212,0.37056,0.0
0.20212,0.40425,0.0
0.20212,0.43794,0.0
0.20212,0.47162,0.0
0.20212,0.50531,0.0
0.20212,0.539,0.0
0.20212,0.57268,0.0
0.20212,0.60637,0.0
0.20212,0.64006,0.0
0.20212,0.67375,0.0
0.20212,0.70743,0.0
0.20212,0.74112,0.0
0.20212,0.77481,0.0
0.20212,0.8085,0.0
0.20212,0.84218,0.0
0.20212,0.87587,0.0
0.20212,0.90956,0.0
0.20212,0.94325,0.0
0.20212,0.97693,0.0
0.20212,1.01062,0.0
0.20212,1.04431,0.0
0.20212,1.078,0.0
0.20212,1.11168,0.0
0.20212,1.14537,0.0
0.20212,1.17906,0.0
0.20212,1.21274,0.0
0.20212,1.24643,0.0
0.20212,1.28012,0.0
0.20212,1.31381,0.0
0.20212,1.34749,0.0
0.20212,1.38118,0.0
0.20212,1.41487,0.0
0.20212,1.44856,0.0
0.20212,1.48224,0.0
0.20212,1.51593,0.0
0.20212,1.54962,0.0
0.20212,1.58331,0.0
0.20212,1.61699,0.0
0.20212,1.65068,0.0
0.20212,1.68437,0.0
0.20212,1.71805,0.0
0.20212,1.75174,0.0
0.20212,1.78543,0.0
0.20212,1.81912,0.0
0.20212,1.8528,0.0
0.20212,1.88649,0.0
0.20212,1.92018,0.0
0.20212,1.95387,0.0
0.20212,1.98755,0.0
0.20212,2.02124,0.0
0.20212,2.05493,0.0
0.20212,2.08862,0.0
0.20212,2.1223,0.0
0.20212,2.15599,0.0
0.20212,2.18968,0.0
0.20212,2.22336,0.0
0.20212,2.25705,0.0
0.20212,2.29074,0.0
0.20212,2.32443,0.0
0.20212,2.35811,0.0
0.20212,2.3918,0.0
0.20212,2.42549,0.0
0.20212,2.45918,0.0
0.20212,2.49286,0.0
0.20212,2.52655,0.0
0.20212,2.56024,0.0
0.20212,2.59393,0.0
0.20212,2.62761,0.0
0.20212,2.6613,0.0
0.20212,2.69499,0.0
0.20212,2.72868,0.0
0.20212,2.76236,0.0
0.20212,2.79605,0.0
0.20212,2.82974,0.0
0.20212,2.86342,0.0
0.20212,2.89711,0.0
0.20212,2.9308,0.0
0.20212,2.96449,0.0
0.20212,2.99817,0.0
0.20212,3.03186,0.0
0.20212,3.06555,0.0
0.20212,3.09924,0.0
0.20212,3.13292,0.0
0.20212,3.16661,0.0
0.20212,3.2003,0.0
0.20212,3.23399,0.0
0.20212,3.26767,0.0
0.23581,-3.26767,0.0
0.23581,-3.23399,0.0
0.23581,-3.2003,0.0
0.23581,-3.16661,0.0
0.23581,-3.13292,0.0
0.23581,-3.09924,0.0
0.23581,-3.06555,0.0
0.23581,-3.03186,0.0
0.23581,-2.99817,0.0
0.23581,-2.96449,0.0
0.23581,-2.9308,0.0
0.23581,-2.89711,0.0
0.23581,-2.86342,0.0
0.23581,-2.82974,0.0
0.23581,-2.79605,0.0
0.23581,-2.76236,0.0
0.23581,-2.72868,0.0
0.23581,-2.69499,0.0
0.23581,-2.6613,0.0
0.23581,-2.62761,0.0
0.23581,-2.59393,0.0
0.23581,-2.56024,0.0
0.23581,-2.52655,0.0
0.23581,-2.49286,0.0
0.23581,-2.45918,0.0
0.23581,-2.42549,0.0
0.23581,-2.3918,0.0
0.23581,-2.35811,0.0
0.23581,-2.32443,0.0
0.23581,-2.29074,0.0
0.23581,-2.25705,0.0
0.23581,-2.22336,0.0
0.23581,-2.18968,0.0
0.23581,-2.15599,0.0
0.23581,-2.1223,0.0
0.23581,-2.08862,0.0
0.23581,-2.05493,0.0
0.23581,-2.02124,0.0
0.23581,-1.98755,0.0
0.23581,-1.95387,0.0
0.23581,-1.92018,0.0
0.23581,-1.88649,0.0
0.23581,-1.8528,0.0
0.23581,-1.81912,0.0
0.23581,-1.78543,0.0
0.23581,-1.75174,0.0
0.23581,-1.71805,0.0
0.23581,-1.68437,0.0
0.23581,-1.65068,0.0
0.23581,-1.61699,0.0
0.23581,-1.58331,0.0
0.23581,-1.54962,0.0
0.23581,-1.51593,0.0
0.23581,-1.48224,0.0
0.23581,-1.44856,0.0
0.23581,-1.41487,0.0
0.23581,-1.38118,0.0
0.23581,-1.34749,0.0
0.23581,-1.31381,0.0
0.23581,-1.28012,0.0
0.23581,-1.24643,0.0
0.23581,-1.21274,0.0
0.23581,-1.17906,0.0
0.23581,-1.14537,0.0
0.23581,-1.11168,0.0
0.23581,-1.078,0.0
0.23581,-1.04431,0.0
0.23581,-1.01062,0.0
0.23581,-0.97693,0.0
0.23581,-0.94325,0.0
0.23581,-0.90956,0.0
0.23581,-0.87587,0.0
0.23581,-0.84218,0.0
0.23581,-0.8085,0.0
0.23581,-0.77481,0.0
0.23581,-0.74112,0.0
0.23581,-0.70743,0.0
0.23581,-0.67375,0.0
0.23581,-0.64006,0.0
0.23581,-0.60637,0.0
0.23581,-0.57268,0.0
0.23581,-0.539,0.0
0.23581,-0.50531,0.0
0.23581,-0.47162,0.0
0.23581,-0.43794,0.0
0.23581,-0.40425,0.0
0.23581,-0.37056,0.0
0.23581,-0.33687,0.0
0.23581,-0.30319,0.0
0.23581,-0.2695,0.0
0.23581,-0.23581,0.0
0.23581,-0.20212,0.0
0.23581,-0.16844,0.0
0.23581,-0.13475,0.0
0.23581,-0.10106,0.0
0.23581,-0.06737,0.0
0.23581,-0.03369,0.0
0.23581,0,0.0
0.23581,0.03369,0.0
0.23581,0.06737,0.0
0.23581,0.10106,0.0
0.23581,0.13475,0.0
0.23581,0.16844,0.0
0.23581,0.20212,0.0
0.23581,0.23581,0.0
0.23581,0.2695,0.0
0.23581,0.30319,0.0
0.23581,0.33687,0.0
0.23581,0.37056,0.0
0.23581,0.40425,0.0
0.23581,0.43794,0.0
0.23581,0.47162,0.0
0.23581,0.50531,0.0
0.23581,0.539,0.0
0.23581,0.57268,0.0
0.23581,0.60637,0.0
0.23581,0.64006,0.0
0.23581,0.67375,0.0
0.23581,0.70743,0.0
0.23581,0.74112,0.0
0.23581,0.77481,0.0
0.23581,0.8085,0.0
0.23581,0.84218,0.0
0.23581,0.87587,0.0
0.23581,0.90956,0.0
0.23581,0.94325,0.0
0.23581,0.97693,0.0
0.23581,1.01062,0.0
0.23581,1.04431,0.0
0.23581,1.078,0.0
0.23581,1.11168,0.0
0.23581,1.14537,0.0
0.23581,1.17906,0.0
0.23581,1.21274,0.0
0.23581,1.24643,0.0
0.23581,1.28012,0.0
0.23581,1.31381,0.0
0.23581,1.34749,0.0
0.23581,1.38118,0.0
0.23581,1.41487,0.0
0.23581,1.44856,0.0
0.23581,1.48224,0.0
0.23581,1.51593,0.0
0.23581,1.54962,0.0
0.23581,1.58331,0.0
0.23581,1.61699,0.0
0.23581,1.65068,0.0
0.23581,1.68437,0.0
0.23581,1.71805,0.0
0.23581,1.75174,0.0
0.23581,1.78543,0.0
0.23581,1.81912,0.0
0.23581,1.8528,0.0
0.23581,1.88649,0.0
0.23581,1.92018,0.0
0.23581,1.95387,0.0
0.23581,1.98755,0.0
0.23581,2.02124,0.0
0.23581,2.05493,0.0
0.23581,2.08862,0.0
0.23581,2.1223,0.0
0.23581,2.15599,0.0
0.23581,2.18968,0.0
0.23581,2.22336,0.0
0.23581,2.25705,0.0
0.23581,2.29074,0.0
0.23581,2.32443,0.0
0.23581,2.35811,0.0
0.23581,2.3918,0.0
0.23581,2.42549,0.0
0.23581,2.45918,0.0
0.23581,2.49286,0.0
0.23581,2.52655,0.0
0.23581,2.56024,0.0
0.23581,2.59393,0.0
0.23581,2.62761,0.0
0.23581,2.6613,0.0
0.23581,2.69499,0.0
0.23581,2.72868,0.0
0.23581,2.76236,0.0
0.23581,2.79605,0.0
0.23581,2.82974,0.0
0.23581,2.86342,0.0
0.23581,2.89711,0.0
0.23581,2.9308,0.0
0.23581,2.96449,0.0
0.23581,2.99817,0.0
0.23581,3.03186,0.0
0.23581,3.06555,0.0
0.23581,3.09924,0.0
0.23581,3.13292,0.0
0.23581,3.16661,0.0
0.23581,3.2003,0.0
0.23581,3.23399,0.0
0.23581,3.26767,0.0
0.2695,-3.26767,0.0
0.2695,-3.23399,0.0
0.2695,-3.2003,0.0
0.2695,-3.16661,0.0
0.2695,-3.13292,0.0
0.2695,-3.09924,0.0
0.2695,-3.06555,0.0
0.2695,-3.03186,0.0
0.2695,-2.99817,0.0
0.2695,-2.96449,0.0
0.2695,-2.9308,0.0
0.2695,-2.89711,0.0
0.2695,-2.86342,0.0
0.2695,-2.82974,0.0
0.2695,-2.79605,0.0
0.2695,-2.76236,0.0
0.2695,-2.72868,0.0
0.2695,-2.69499,0.0
0.2695,-2.6613,0.0
0.2695,-2.62761,0.0
0.2695,-2.59393,0.0
0.2695,-2.56024,0.0
0.2695,-2.52655,0.0
0.2695,-2.49286,0.0
0.2695,-2.45918,0.0
0.2695,-2.42549,0.0
0.2695,-2.3918,0.0
0.2695,-2.35811,0.0
0.2695,-2.32443,0.0
0.2695,-2.29074,0.0
0.2695,-2.25705,0.0
0.2695,-2.22336,0.0
0.2695,-2.18968,0.0
0.2695,-2.15599,0.0
0.2695,-2.1223,0.0
0.2695,-2.08862,0.0
0.2695,-2.05493,0.0
0.2695,-2.02124,0.0
0.2695,-1.98755,0.0
0.2695,-1.95387,0.0
0.2695,-1.92018,0.0
0.2695,-1.88649,0.0
0.2695,-1.8528,0.0
0.2695,-1.81912,0.0
0.2695,-1.78543,0.0
0.2695,-1.75174,0.0
0.2695,-1.71805,0.0
0.2695,-1.68437,0.0
0.2695,-1.65068,0.0
0.2695,-1.61699,0.0
0.2695,-1.58331,0.0
0.2695,-1.54962,0.0
0.2695,-1.51593,0.0
0.2695,-1.48224,0.0
0.2695,-1.44856,0.0
0.2695,-1.41487,0.0
0.2695,-1.38118,0.0
0.2695,-1.34749,0.0
0.2695,-1.31381,0.0
0.2695,-1.28012,0.0
0.2695,-1.24643,0.0
0.2695,-1.21274,0.0
0.2695,-1.17906,0.0
0.2695,-1.14537,0.0
0.2695,-1.11168,0.0
0.2695,-1.078,0.0
0.2695,-1.04431,0.0
0.2695,-1.01062,0.0
0.2695,-0.97693,0.0
0.2695,-0.94325,0.0
0.2695,-0.90956,0.0
0.2695,-0.87587,0.0
0.2695,-0.84218,0.0
0.2695,-0.8085,0.0
0.2695,-0.77481,0.0
0.2695,-0.74112,0.0
0.2695,-0.70743,0.0
0.2695,-0.67375,0.0
0.2695,-0.64006,0.0
0.2695,-0.60637,0.0
0.2695,-0.57268,0.0
0.2695,-0.539,0.0
0.2695,-0.50531,0.0
0.2695,-0.47162,0.0
0.2695,-0.43794,0.0
0.2695,-0.40425,0.0
0.2695,-0.37056,0.0
0.2695,-0.33687,0.0
0.2695,-0.30319,0.0
0.2695,-0.2695,0.0
0.2695,-0.23581,0.0
0.2695,-0.20212,0.0
0.2695,-0.16844,0.0
0.2695,-0.13475,0.0
0.2695,-0.10106,0.0
0.2695,-0.06737,0.0
0.2695,-0.03369,0.0
0.2695,0,0.0
0.2695,0.03369,0.0
0.2695,0.06737,0.0
0.2695,0.10106,0.0
0.2695,0.13475,0.0
0.2695,0.16844,0.0
0.2695,0.20212,0.0
0.2695,0.23581,0.0
0.2695,0.2695,0.0
0.2695,0.30319,0.0
0.2695,0.33687,0.0
0.2695,0.37056,0.0
0.2695,0.40425,0.0
0.2695,0.43794,0.0
0.2695,0.47162,0.0
0.2695,0.50531,0.0
0.2695,0.539,0.0
0.2695,0.57268,0.0
0.2695,0.60637,0.0
0.2695,0.64006,0.0
0.2695,0.67375,0.0
0.2695,0.70743,0.0
0.2695,0.74112,0.0
0.2695,0.77481,0.0
0.2695,0.8085,0.0
0.2695,0.84218,0.0
0.2695,0.87587,0.0
0.2695,0.90956,0.0
0.2695,0.94325,0.0
0.2695,0.97693,0.0
0.2695,1.01062,0.0
0.2695,1.04431,0.0
0.2695,1.078,0.0
0.2695,1.11168,0.0
0.2695,1.14537,0.0
0.2695,1.17906,0.0
0.2695,1.21274,0.0
0.2695,1.24643,0.0
0.2695,1.28012,0.0
0.2695,1.31381,0.0
0.2695,1.34749,0.0
0.2695,1.38118,0.0
0.2695,1.41487,0.0
0.2695,1.44856,0.0
0.2695,1.48224,0.0
0.2695,1.51593,0.0
0.2695,1.54962,0.0
0.2695,1.58331,0.0
0.2695,1.61699,0.0
0.2695,1.65068,0.0
0.2695,1.68437,0.0
0.2695,1.71805,0.0
0.2695,1.75174,0.0
0.2695,1.78543,0.0
0.2695,1.81912,0.0
0.2695,1.8528,0.0
0.2695,1.88649,0.0
0.2695,1.92018,0.0
0.2695,1.95387,0.0
0.2695,1.98755,0.0
0.2695,2.02124,0.0
0.2695,2.05493,0.0
0.2695,2.08862,0.0
0.2695,2.1223,0.0
0.2695,2.15599,0.0
0.2695,2.18968,0.0
0.2695,2.22336,0.0
0.2695,2.25705,0.0
0.2695,2.29074,0.0
0.2695,2.32443,0.0
0.2695,2.35811,0.0
0.2695,2.3918,0.0
0.2695,2.42549,0.0
0.2695,2.45918,0.0
0.2695,2.49286,0.0
0.2695,2.52655,0.0
0.2695,2.56024,0.0
0.2695,2.59393,0.0
0.2695,2.62761,0.0
0.2695,2.6613,0.0
0.2695,2.69499,0.0
0.2695,2.72868,0.0
0.2695,2.76236,0.0
0.2695,2.79605,0.0
0.2695,2.82974,0.0
0.2695,2.86342,0.0
0.2695,2.89711,0.0
0.2695,2.9308,0.0
0.2695,2.96449,0.0
0.2695,2.99817,0.0
0.2695,3.03186,0.0
0.2695,3.06555,0.0
0.2695,3.09924,0.0
0.2695,3.13292,0.0
0.2695,3.16661,0.0
0.2695,3.2003,0.0
0.2695,3.23399,0.0
0.2695,3.26767,0.0
0.30319,-3.26767,0.0
0.30319,-3.23399,0.0
0.30319,-3.2003,0.0
0.30319,-3.16661,0.0
0.30319,-3.13292,0.0
0.30319,-3.09924,0.0
0.30319,-3.06555,0.0
0.30319,-3.03186,0.0
0.30319,-2.99817,0.0
0.30319,-2.96449,0.0
0.30319,-2.9308,0.0
0.30319,-2.89711,0.0
0.30319,-2.86342,0.0
0.30319,-2.82974,0.0
0.30319,-2.79605,0.0
0.30319,-2.76236,0.0
0.30319,-2.72868,0.0
0.30319,-2.69499,0.0
0.30319,-2.6613,0.0
0.30319,-2.62761,0.0
0.30319,-2.59393,0.0
0.30319,-2.56024,0.0
0.30319,-2.52655,0.0
0.30319,-2.49286,0.0
0.30319,-2.45918,0.0
0.30319,-2.42549,0.0
0.30319,-2.3918,0.0
0.30319,-2.35811,0.0
0.30319,-2.32443,0.0
0.30319,-2.29074,0.0
0.30319,-2.25705,0.0
0.30319,-2.22336,0.0
0.30319,-2.18968,0.0
0.30319,-2.15599,0.0
0.30319,-2.1223,0.0
0.30319,-2.08862,0.0
0.30319,-2.05493,0.0
0.30319,-2.02124,0.0
0.30319,-1.98755,0.0
0.30319,-1.95387,0.0
0.30319,-1.92018,0.0
0.30319,-1.88649,0.0
0.30319,-1.8528,0.0
0.30319,-1.81912,0.0
0.30319,-1.78543,0.0
0.30319,-1.75174,0.0
0.30319,-1.71805,0.0
0.30319,-1.68437,0.0
0.30319,-1.65068,0.0
0.30319,-1.61699,0.0
0.30319,-1.58331,0.0
0.30319,-1.54962,0.0
0.30319,-1.51593,0.0
0.30319,-1.48224,0.0
0.30319,-1.44856,0.0
0.30319,-1.41487,0.0
0.30319,-1.38118,0.0
0.30319,-1.34749,0.0
0.30319,-1.31381,0.0
0.30319,-1.28012,0.0
0.30319,-1.24643,0.0
0.30319,-1.21274,0.0
0.30319,-1.17906,0.0
0.30319,-1.14537,0.0
0.30319,-1.11168,0.0
0.30319,-1.078,0.0
0.30319,-1.04431,0.0
0.30319,-1.01062,0.0
0.30319,-0.97693,0.0
0.30319,-0.94325,0.0
0.30319,-0.90956,0.0
0.30319,-0.87587,0.0
0.30319,-0.84218,0.0
0.30319,-0.8085,0.0
0.30319,-0.77481,0.0
0.30319,-0.74112,0.0
0.30319,-0.70743,0.0
0.30319,-0.67375,0.0
0.30319,-0.64006,0.0
0.30319,-0.60637,0.0
0.30319,-0.57268,0.0
0.30319,-0.539,0.0
0.30319,-0.50531,0.0
0.30319,-0.47162,0.0
0.30319,-0.43794,0.0
0.30319,-0.40425,0.0
0.30319,-0.37056,0.0
0.30319,-0.33687,0.0
0.30319,-0.30319,0.0
0.30319,-0.2695,0.0
0.30319,-0.23581,0.0
0.30319,-0.20212,0.0
0.30319,-0.16844,0.0
0.30319,-0.13475,0.0
0.30319,-0.10106,0.0
0.30319,-0.06737,0.0
0.30319,-0.03369,0.0
0.30319,0,0.0
0.30319,0.03369,0.0
0.30319,0.06737,0.0
0.30319,0.10106,0.0
0.30319,0.13475,0.0
0.30319,0.16844,0.0
0.30319,0.20212,0.0
0.30319,0.23581,0.0
0.30319,0.2695,0.0
0.30319,0.30319,0.0
0.30319,0.33687,0.0
0.30319,0.37056,0.0
0.30319,0.40425,0.0
0.30319,0.43794,0.0
0.30319,0.47162,0.0
0.30319,0.50531,0.0
0.30319,0.539,0.0
0.30319,0.57268,0.0
0.30319,0.60637,0.0
0.30319,0.64006,0.0
0.30319,0.67375,0.0
0.30319,0.70743,0.0
0.30319,0.74112,0.0
0.30319,0.77481,0.0
0.30319,0.8085,0.0
0.30319,0.84218,0.0
0.30319,0.87587,0.0
0.30319,0.90956,0.0
0.30319,0.94325,0.0
0.30319,0.97693,0.0
0.30319,1.01062,0.0
0.30319,1.04431,0.0
0.30319,1.078,0.0
0.30319,1.11168,0.0
0.30319,1.14537,0.0
0.30319,1.17906,0.0
0.30319,1.21274,0.0
0.30319,1.24643,0.0
0.30319,1.28012,0.0
0.30319,1.31381,0.0
0.30319,1.34749,0.0
0.30319,1.38118,0.0
0.30319,1.41487,0.0
0.30319,1.44856,0.0
0.30319,1.48224,0.0
0.30319,1.51593,0.0
0.30319,1.54962,0.0
0.30319,1.58331,0.0
0.30319,1.61699,0.0
0.30319,1.65068,0.0
0.30319,1.68437,0.0
0.30319,1.71805,0.0
0.30319,1.75174,0.0
0.30319,1.78543,0.0
0.30319,1.81912,0.0
0.30319,1.8528,0.0
0.30319,1.88649,0.0
0.30319,1.92018,0.0
0.30319,1.95387,0.0
0.30319,1.98755,0.0
0.30319,2.02124,0.0
0.30319,2.05493,0.0
0.30319,2.08862,0.0
0.30319,2.1223,0.0
0.30319,2.15599,0.0
0.30319,2.18968,0.0
0.30319,2.22336,0.0
0.30319,2.25705,0.0
0.30319,2.29074,0.0
0.30319,2.32443,0.0
0.30319,2.35811,0.0
0.30319,2.3918,0.0
0.30319,2.42549,0.0
0.30319,2.45918,0.0
0.30319,2.49286,0.0
0.30319,2.52655,0.0
0.30319,2.56024,0.0
0.30319,2.59393,0.0
0.30319,2.62761,0.0
0.30319,2.6613,0.0
0.30319,2.69499,0.0
0.30319,2.72868,0.0
0.30319,2.76236,0.0
0.30319,2.79605,0.0
0.30319,2.82974,0.0
0.30319,2.86342,0.0
0.30319,2.89711,0.0
0.30319,2.9308,0.0
0.30319,2.96449,0.0
0.30319,2.99817,0.0
0.30319,3.03186,0.0
0.30319,3.06555,0.0
0.30319,3.09924,0.0
0.30319,3.13292,0.0
0.30319,3.16661,0.0
0.30319,3.2003,0.0
0.30319,3.23399,0.0
0.30319,3.26767,0.0
0.33687,-3.26767,0.0
0.33687,-3.23399,0.0
0.33687,-3.2003,0.0
0.33687,-3.16661,0.0
0.33687,-3.13292,0.0
0.33687,-3.09924,0.0
0.33687,-3.06555,0.0
0.33687,-3.03186,0.0
0.33687,-2.99817,0.0
0.33687,-2.96449,0.0
0.33687,-2.9308,0.0
0.33687,-2.89711,0.0
0.33687,-2.86342,0.0
0.33687,-2.82974,0.0
0.33687,-2.79605,0.0
0.33687,-2.76236,0.0
0.33687,-2.72868,0.0
0.33687,-2.69499,0.0
0.33687,-2.6613,0.0
0.33687,-2.62761,0.0
0.33687,-2.59393,0.0
0.33687,-2.56024,0.0
0.33687,-2.52655,0.0
0.33687,-2.49286,0.0
0.33687,-2.45918,0.0
0.33687,-2.42549,0.0
0.33687,-2.3918,0.0
0.33687,-2.35811,0.0
0.33687,-2.32443,0.0
0.33687,-2.29074,0.0
0.33687,-2.25705,0.0
0.33687,-2.22336,0.0
0.33687,-2.18968,0.0
0.33687,-2.15599,0.0
0.33687,-2.1223,0.0
0.33687,-2.08862,0.0
0.33687,-2.05493,0.0
0.33687,-2.02124,0.0
0.33687,-1.98755,0.0
0.33687,-1.95387,0.0
0.33687,-1.92018,0.0
0.33687,-1.88649,0.0
0.33687,-1.8528,0.0
0.33687,-1.81912,0.0
0.33687,-1.78543,0.0
0.33687,-1.75174,0.0
0.33687,-1.71805,0.0
0.33687,-1.68437,0.0
0.33687,-1.65068,0.0
0.33687,-1.61699,0.0
0.33687,-1.58331,0.0
0.33687,-1.54962,0.0
0.33687,-1.51593,0.0
0.33687,-1.48224,0.0
0.33687,-1.44856,0.0
0.33687,-1.41487,0.0
0.33687,-1.38118,0.0
0.33687,-1.34749,0.0
0.33687,-1.31381,0.0
0.33687,-1.28012,0.0
0.33687,-1.24643,0.0
0.33687,-1.21274,0.0
0.33687,-1.17906,0.0
0.33687,-1.14537,0.0
0.33687,-1.11168,0.0
0.33687,-1.078,0.0
0.33687,-1.04431,0.0
0.33687,-1.01062,0.0
0.33687,-0.97693,0.0
0.33687,-0.94325,0.0
0.33687,-0.90956,0.0
0.33687,-0.87587,0.0
0.33687,-0.84218,0.0
0.33687,-0.8085,0.0
0.33687,-0.77481,0.0
0.33687,-0.74112,0.0
0.33687,-0.70743,0.0
0.33687,-0.67375,0.0
0.33687,-0.64006,0.0
0.33687,-0.60637,0.0
0.33687,-0.57268,0.0
0.33687,-0.539,0.0
0.33687,-0.50531,0.0
0.33687,-0.47162,0.0
0.33687,-0.43794,0.0
0.33687,-0.40425,0.0
0.33687,-0.37056,0.0
0.33687,-0.33687,0.0
0.33687,-0.30319,0.0
0.33687,-0.2695,0.0
0.33687,-0.23581,0.0
0.33687,-0.20212,0.0
0.33687,-0.16844,0.0
0.33687,-0.13475,0.0
0.33687,-0.10106,0.0
0.33687,-0.06737,0.0
0.33687,-0.03369,0.0
0.33687,0,0.0
0.33687,0.03369,0.0
0.33687,0.06737,0.0
0.33687,0.10106,0.0
0.33687,0.13475,0.0
0.33687,0.16844,0.0
0.33687,0.20212,0.0
0.33687,0.23581,0.0
0.33687,0.2695,0.0
0.33687,0.30319,0.0
0.33687,0.33687,0.0
0.33687,0.37056,0.0
0.33687,0.40425,0.0
0.33687,0.43794,0.0
0.33687,0.47162,0.0
0.33687,0.50531,0.0
0.33687,0.539,0.0
0.33687,0.57268,0.0
0.33687,0.60637,0.0
0.33687,0.64006,0.0
0.33687,0.67375,0.0
0.33687,0.70743,0.0
0.33687,0.74112,0.0
0.33687,0.77481,0.0
0.33687,0.8085,0.0
0.33687,0.84218,0.0
0.33687,0.87587,0.0
0.33687,0.90956,0.0
0.33687,0.94325,0.0
0.33687,0.97693,0.0
0.33687,1.01062,0.0
0.33687,1.04431,0.0
0.33687,1.078,0.0
0.33687,1.11168,0.0
0.33687,1.14537,0.0
0.33687,1.17906,0.0
0.33687,1.21274,0.0
0.33687,1.24643,0.0
0.33687,1.28012,0.0
0.33687,1.31381,0.0
0.33687,1.34749,0.0
0.33687,1.38118,0.0
0.33687,1.41487,0.0
0.33687,1.44856,0.0
0.33687,1.48224,0.0
0.33687,1.51593,0.0
0.33687,1.54962,0.0
0.33687,1.58331,0.0
0.33687,1.61699,0.0
0.33687,1.65068,0.0
0.33687,1.68437,0.0
0.33687,1.71805,0.0
0.33687,1.75174,0.0
0.33687,1.78543,0.0
0.33687,1.81912,0.0
0.33687,1.8528,0.0
0.33687,1.88649,0.0
0.33687,1.92018,0.0
0.33687,1.95387,0.0
0.33687,1.98755,0.0
0.33687,2.02124,0.0
0.33687,2.05493,0.0
0.33687,2.08862,0.0
0.33687,2.1223,0.0
0.33687,2.15599,0.0
0.33687,2.18968,0.0
0.33687,2.22336,0.0
0.33687,2.25705,0.0
0.33687,2.29074,0.0
0.33687,2.32443,0.0
0.33687,2.35811,0.0
0.33687,2.3918,0.0
0.33687,2.42549,0.0
0.33687,2.45918,0.0
0.33687,2.49286,0.0
0.33687,2.52655,0.0
0.33687,2.56024,0.0
0.33687,2.59393,0.0
0.33687,2.62761,0.0
0.33687,2.6613,0.0
0.33687,2.69499,0.0
0.33687,2.72868,0.0
0.33687,2.76236,0.0
0.33687,2.79605,0.0
0.33687,2.82974,0.0
0.33687,2.86342,0.0
0.33687,2.89711,0.0
0.33687,2.9308,0.0
0.33687,2.96449,0.0
0.33687,2.99817,0.0
0.33687,3.03186,0.0
0.33687,3.06555,0.0
0.33687,3.09924,0.0
0.33687,3.13292,0.0
0.33687,3.16661,0.0
0.33687,3.2003,0.0
0.33687,3.23399,0.0
0.33687,3.26767,0.0
0.37056,-3.26767,0.0
0.37056,-3.23399,0.0
0.37056,-3.2003,0.0
0.37056,-3.16661,0.0
0.37056,-3.13292,0.0
0.37056,-3.09924,0.0
0.37056,-3.06555,0.0
0.37056,-3.03186,0.0
0.37056,-2.99817,0.0
0.37056,-2.96449,0.0
0.37056,-2.9308,0.0
0.37056,-2.89711,0.0
0.37056,-2.86342,0.0
0.37056,-2.82974,0.0
0.37056,-2.79605,0.0
0.37056,-2.76236,0.0
0.37056,-2.72868,0.0
0.37056,-2.69499,0.0
0.37056,-2.6613,0.0
0.37056,-2.62761,0.0
0.37056,-2.59393,0.0
0.37056,-2.56024,0.0
0.37056,-2.52655,0.0
0.37056,-2.49286,0.0
0.37056,-2.45918,0.0
0.37056,-2.42549,0.0
0.37056,-2.3918,0.0
0.37056,-2.35811,0.0
0.37056,-2.32443,0.0
0.37056,-2.29074,0.0
0.37056,-2.25705,0.0
0.37056,-2.22336,0.0
0.37056,-2.18968,0.0
0.37056,-2.15599,0.0
0.37056,-2.1223,0.0
0.37056,-2.08862,0.0
0.37056,-2.05493,0.0
0.37056,-2.02124,0.0
0.37056,-1.98755,0.0
0.37056,-1.95387,0.0
0.37056,-1.92018,0.0
0.37056,-1.88649,0.0
0.37056,-1.8528,0.0
0.37056,-1.81912,0.0
0.37056,-1.78543,0.0
0.37056,-1.75174,0.0
0.37056,-1.71805,0.0
0.37056,-1.68437,0.0
0.37056,-1.65068,0.0
0.37056,-1.61699,0.0
0.37056,-1.58331,0.0
0.37056,-1.54962,0.0
0.37056,-1.51593,0.0
0.37056,-1.48224,0.0
0.37056,-1.44856,0.0
0.37056,-1.41487,0.0
0.37056,-1.38118,0.0
0.37056,-1.34749,0.0
0.37056,-1.31381,0.0
0.37056,-1.28012,0.0
0.37056,-1.24643,0.0
0.37056,-1.21274,0.0
0.37056,-1.17906,0.0
0.37056,-1.14537,0.0
0.37056,-1.11168,0.0
0.37056,-1.078,0.0
0.37056,-1.04431,0.0
0.37056,-1.01062,0.0
0.37056,-0.97693,0.0
0.37056,-0.94325,0.0
0.37056,-0.90956,0.0
0.37056,-0.87587,0.0
0.37056,-0.84218,0.0
0.37056,-0.8085,0.0
0.37056,-0.77481,0.0
0.37056,-0.74112,0.0
0.37056,-0.70743,0.0
0.37056,-0.67375,0.0
0.37056,-0.64006,0.0
0.37056,-0.60637,0.0
0.37056,-0.57268,0.0
0.37056,-0.539,0.0
0.37056,-0.50531,0.0
0.37056,-0.47162,0.0
0.37056,-0.43794,0.0
0.37056,-0.40425,0.0
0.37056,-0.37056,0.0
0.37056,-0.33687,0.0
0.37056,-0.30319,0.0
0.37056,-0.2695,0.0
0.37056,-0.23581,0.0
0.37056,-0.20212,0.0
0.37056,-0.16844,0.0
0.37056,-0.13475,0.0
0.37056,-0.10106,0.0
0.37056,-0.06737,0.0
0.37056,-0.03369,0.0
0.37056,0,0.0
0.37056,0.03369,0.0
0.37056,0.06737,0.0
0.37056,0.10106,0.0
0.37056,0.13475,0.0
0.37056,0.16844,0.0
0.37056,0.20212,0.0
0.37056,0.23581,0.0
0.37056,0.2695,0.0
0.37056,0.30319,0.0
0.37056,0.33687,0.0
0.37056,0.37056,0.0
0.37056,0.40425,0.0
0.37056,0.43794,0.0
0.37056,0.47162,0.0
0.37056,0.50531,0.0
0.37056,0.539,0.0
0.37056,0.57268,0.0
0.37056,0.60637,0.0
0.37056,0.64006,0.0
0.37056,0.67375,0.0
0.37056,0.70743,0.0
0.37056,0.74112,0.0
0.37056,0.77481,0.0
0.37056,0.8085,0.0
0.37056,0.84218,0.0
0.37056,0.87587,0.0
0.37056,0.90956,0.0
0.37056,0.94325,0.0
0.37056,0.97693,0.0
0.37056,1.01062,0.0
0.37056,1.04431,0.0
0.37056,1.078,0.0
0.37056,1.11168,0.0
0.37056,1.14537,0.0
0.37056,1.17906,0.0
0.37056,1.21274,0.0
0.37056,1.24643,0.0
0.37056,1.28012,0.0
0.37056,1.31381,0.0
0.37056,1.34749,0.0
0.37056,1.38118,0.0
0.37056,1.41487,0.0
0.37056,1.44856,0.0
0.37056,1.48224,0.0
0.37056,1.51593,0.0
0.37056,1.54962,0.0
0.37056,1.58331,0.0
0.37056,1.61699,0.0
0.37056,1.65068,0.0
0.37056,1.68437,0.0
0.37056,1.71805,0.0
0.37056,1.75174,0.0
0.37056,1.78543,0.0
0.37056,1.81912,0.0
0.37056,1.8528,0.0
0.37056,1.88649,0.0
0.37056,1.92018,0.0
0.37056,1.95387,0.0
0.37056,1.98755,0.0
0.37056,2.02124,0.0
0.37056,2.05493,0.0
0.37056,2.08862,0.0
0.37056,2.1223,0.0
0.37056,2.15599,0.0
0.37056,2.18968,0.0
0.37056,2.22336,0.0
0.37056,2.25705,0.0
0.37056,2.29074,0.0
0.37056,2.32443,0.0
0.37056,2.35811,0.0
0.37056,2.3918,0.0
0.37056,2.42549,0.0
0.37056,2.45918,0.0
0.37056,2.49286,0.0
0.37056,2.52655,0.0
0.37056,2.56024,0.0
0.37056,2.59393,0.0
0.37056,2.62761,0.0
0.37056,2.6613,0.0
0.37056,2.69499,0.0
0.37056,2.72868,0.0
0.37056,2.76236,0.0
0.37056,2.79605,0.0
0.37056,2.82974,0.0
0.37056,2.86342,0.0
0.37056,2.89711,0.0
0.37056,2.9308,0.0
0.37056,2.96449,0.0
0.37056,2.99817,0.0
0.37056,3.03186,0.0
0.37056,3.06555,0.0
0.37056,3.09924,0.0
0.37056,3.13292,0.0
0.37056,3.16661,0.0
0.37056,3.2003,0.0
0.37056,3.23399,0.0
0.37056,3.26767,0.0
0.40425,-3.26767,0.0
0.40425,-3.23399,0.0
0.40425,-3.2003,0.0
0.40425,-3.16661,0.0
0.40425,-3.13292,0.0
0.40425,-3.09924,0.0
0.40425,-3.06555,0.0
0.40425,-3.03186,0.0
0.40425,-2.99817,0.0
0.40425,-2.96449,0.0
0.40425,-2.9308,0.0
0.40425,-2.89711,0.0
0.40425,-2.86342,0.0
0.40425,-2.82974,0.0
0.40425,-2.79605,0.0
0.40425,-2.76236,0.0
0.40425,-2.72868,0.0
0.40425,-2.69499,0.0
0.40425,-2.6613,0.0
0.40425,-2.62761,0.0
0.40425,-2.59393,0.0
0.40425,-2.56024,0.0
0.40425,-2.52655,0.0
0.40425,-2.49286,0.0
0.40425,-2.45918,0.0
0.40425,-2.42549,0.0
0.40425,-2.3918,0.0
0.40425,-2.35811,0.0
0.40425,-2.32443,0.0
0.40425,-2.29074,0.0
0.40425,-2.25705,0.0
0.40425,-2.22336,0.0
0.40425,-2.18968,0.0
0.40425,-2.15599,0.0
0.40425,-2.1223,0.0
0.40425,-2.08862,0.0
0.40425,-2.05493,0.0
0.40425,-2.02124,0.0
0.40425,-1.98755,0.0
0.40425,-1.95387,0.0
0.40425,-1.92018,0.0
0.40425,-1.88649,0.0
0.40425,-1.8528,0.0
0.40425,-1.81912,0.0
0.40425,-1.78543,0.0
0.40425,-1.75174,0.0
0.40425,-1.71805,0.0
0.40425,-1.68437,0.0
0.40425,-1.65068,0.0
0.40425,-1.61699,0.0
0.40425,-1.58331,0.0
0.40425,-1.54962,0.0
0.40425,-1.51593,0.0
0.40425,-1.48224,0.0
0.40425,-1.44856,0.0
0.40425,-1.41487,0.0
0.40425,-1.38118,0.0
0.40425,-1.34749,0.0
0.40425,-1.31381,0.0
0.40425,-1.28012,0.0
0.40425,-1.24643,0.0
0.40425,-1.21274,0.0
0.40425,-1.17906,0.0
0.40425,-1.14537,0.0
0.40425,-1.11168,0.0
0.40425,-1.078,0.0
0.40425,-1.04431,0.0
0.40425,-1.01062,0.0
0.40425,-0.97693,0.0
0.40425,-0.94325,0.0
0.40425,-0.90956,0.0
0.40425,-0.87587,0.0
0.40425,-0.84218,0.0
0.40425,-0.8085,0.0
0.40425,-0.77481,0.0
0.40425,-0.74112,0.0
0.40425,-0.70743,0.0
0.40425,-0.67375,0.0
0.40425,-0.64006,0.0
0.40425,-0.60637,0.0
0.40425,-0.57268,0.0
0.40425,-0.539,0.0
0.40425,-0.50531,0.0
0.40425,-0.47162,0.0
0.40425,-0.43794,0.0
0.40425,-0.40425,0.0
0.40425,-0.37056,0.0
0.40425,-0.33687,0.0
0.40425,-0.30319,0.0
0.40425,-0.2695,0.0
0.40425,-0.23581,0.0
0.40425,-0.20212,0.0
0.40425,-0.16844,0.0
0.40425,-0.13475,0.0
0.40425,-0.10106,0.0
0.40425,-0.06737,0.0
0.40425,-0.03369,0.0
0.40425,0,0.0
0.40425,0.03369,0.0
0.40425,0.06737,0.0
0.40425,0.10106,0.0
0.40425,0.13475,0.0
0.40425,0.16844,0.0
0.40425,0.20212,0.0
0.40425,0.23581,0.0
0.40425,0.2695,0.0
0.40425,0.30319,0.0
0.40425,0.33687,0.0
0.40425,0.37056,0.0
0.40425,0.40425,0.0
0.40425,0.43794,0.0
0.40425,0.47162,0.0
0.40425,0.50531,0.0
0.40425,0.539,0.0
0.40425,0.57268,0.0
0.40425,0.60637,0.0
0.40425,0.64006,0.0
0.40425,0.67375,0.0
0.40425,0.70743,0.0
0.40425,0.74112,0.0
0.40425,0.77481,0.0
0.40425,0.8085,0.0
0.40425,0.84218,0.0
0.40425,0.87587,0.0
0.40425,0.90956,0.0
0.40425,0.94325,0.0
0.40425,0.97693,0.0
0.40425,1.01062,0.0
0.40425,1.04431,0.0
0.40425,1.078,0.0
0.40425,1.11168,0.0
0.40425,1.14537,0.0
0.40425,1.17906,0.0
0.40425,1.21274,0.0
0.40425,1.24643,0.0
0.40425,1.28012,0.0
0.40425,1.31381,0.0
0.40425,1.34749,0.0
0.40425,1.38118,0.0
0.40425,1.41487,0.0
0.40425,1.44856,0.0
0.40425,1.48224,0.0
0.40425,1.51593,0.0
0.40425,1.54962,0.0
0.40425,1.58331,0.0
0.40425,1.61699,0.0
0.40425,1.65068,0.0
0.40425,1.68437,0.0
0.40425,1.71805,0.0
0.40425,1.75174,0.0
0.40425,1.78543,0.0
0.40425,1.81912,0.0
0.40425,1.8528,0.0
0.40425,1.88649,0.0
0.40425,1.92018,0.0
0.40425,1.95387,0.0
0.40425,1.98755,0.0
0.40425,2.02124,0.0
0.40425,2.05493,0.0
0.40425,2.08862,0.0
0.40425,2.1223,0.0
0.40425,2.15599,0.0
0.40425,2.18968,0.0
0.40425,2.22336,0.0
0.40425,2.25705,0.0
0.40425,2.29074,0.0
0.40425,2.32443,0.0
0.40425,2.35811,0.0
0.40425,2.3918,0.0
0.40425,2.42549,0.0
0.40425,2.45918,0.0
0.40425,2.49286,0.0
0.40425,2.52655,0.0
0.40425,2.56024,0.0
0.40425,2.59393,0.0
0.40425,2.62761,0.0
0.40425,2.6613,0.0
0.40425,2.69499,0.0
0.40425,2.72868,0.0
0.40425,2.76236,0.0
0.40425,2.79605,0.0
0.40425,2.82974,0.0
0.40425,2.86342,0.0
0.40425,2.89711,0.0
0.40425,2.9308,0.0
0.40425,2.96449,0.0
0.40425,2.99817,0.0
0.40425,3.03186,0.0
0.40425,3.06555,0.0
0.40425,3.09924,0.0
0.40425,3.13292,0.0
0.40425,3.16661,0.0
0.40425,3.2003,0.0
0.40425,3.23399,0.0
0.40425,3.26767,0.0
0.43794,-3.26767,0.0
0.43794,-3.23399,0.0
0.43794,-3.2003,0.0
0.43794,-3.16661,0.0
0.43794,-3.13292,0.0
0.43794,-3.09924,0.0
0.43794,-3.06555,0.0
0.43794,-3.03186,0.0
0.43794,-2.99817,0.0
0.43794,-2.96449,0.0
0.43794,-2.9308,0.0
0.43794,-2.89711,0.0
0.43794,-2.86342,0.0
0.43794,-2.82974,0.0
0.43794,-2.79605,0.0
0.43794,-2.76236,0.0
0.43794,-2.72868,0.0
0.43794,-2.69499,0.0
0.43794,-2.6613,0.0
0.43794,-2.62761,0.0
0.43794,-2.59393,0.0
0.43794,-2.56024,0.0
0.43794,-2.52655,0.0
0.43794,-2.49286,0.0
0.43794,-2.45918,0.0
0.43794,-2.42549,0.0
0.43794,-2.3918,0.0
0.43794,-2.35811,0.0
0.43794,-2.32443,0.0
0.43794,-2.29074,0.0
0.43794,-2.25705,0.0
0.43794,-2.22336,0.0
0.43794,-2.18968,0.0
0.43794,-2.15599,0.0
0.43794,-2.1223,0.0
0.43794,-2.08862,0.0
0.43794,-2.05493,0.0
0.43794,-2.02124,0.0
0.43794,-1.98755,0.0
0.43794,-1.95387,0.0
0.43794,-1.92018,0.0
0.43794,-1.88649,0.0
0.43794,-1.8528,0.0
0.43794,-1.81912,0.0
0.43794,-1.78543,0.0
0.43794,-1.75174,0.0
0.43794,-1.71805,0.0
0.43794,-1.68437,0.0
0.43794,-1.65068,0.0
0.43794,-1.61699,0.0
0.43794,-1.58331,0.0
0.43794,-1.54962,0.0
0.43794,-1.51593,0.0
0.43794,-1.48224,0.0
0.43794,-1.44856,0.0
0.43794,-1.41487,0.0
0.43794,-1.38118,0.0
0.43794,-1.34749,0.0
0.43794,-1.31381,0.0
0.43794,-1.28012,0.0
0.43794,-1.24643,0.0
0.43794,-1.21274,0.0
0.43794,-1.17906,0.0
0.43794,-1.14537,0.0
0.43794,-1.11168,0.0
0.43794,-1.078,0.0
0.43794,-1.04431,0.0
0.43794,-1.01062,0.0
0.43794,-0.97693,0.0
0.43794,-0.94325,0.0
0.43794,-0.90956,0.0
0.43794,-0.87587,0.0
0.43794,-0.84218,0.0
0.43794,-0.8085,0.0
0.43794,-0.77481,0.0
0.43794,-0.74112,0.0
0.43794,-0.70743,0.0
0.43794,-0.67375,0.0
0.43794,-0.64006,0.0
0.43794,-0.60637,0.0
0.43794,-0.57268,0.0
0.43794,-0.539,0.0
0.43794,-0.50531,0.0
0.43794,-0.47162,0.0
0.43794,-0.43794,0.0
0.43794,-0.40425,0.0
0.43794,-0.37056,0.0
0.43794,-0.33687,0.0
0.43794,-0.30319,0.0
0.43794,-0.2695,0.0
0.43794,-0.23581,0.0
0.43794,-0.20212,0.0
0.43794,-0.16844,0.0
0.43794,-0.13475,0.0
0.43794,-0.10106,0.0
0.43794,-0.06737,0.0
0.43794,-0.03369,0.0
0.43794,0,0.0
0.43794,0.03369,0.0
0.43794,0.06737,0.0
0.43794,0.10106,0.0
0.43794,0.13475,0.0
0.43794,0.16844,0.0
0.43794,0.20212,0.0
0.43794,0.23581,0.0
0.43794,0.2695,0.0
0.43794,0.30319,0.0
0.43794,0.33687,0.0
0.43794,0.37056,0.0
0.43794,0.40425,0.0
0.43794,0.43794,0.0
0.43794,0.47162,0.0
0.43794,0.50531,0.0
0.43794,0.539,0.0
0.43794,0.57268,0.0
0.43794,0.60637,0.0
0.43794,0.64006,0.0
0.43794,0.67375,0.0
0.43794,0.70743,0.0
0.43794,0.74112,0.0
0.43794,0.77481,0.0
0.43794,0.8085,0.0
0.43794,0.84218,0.0
0.43794,0.87587,0.0
0.43794,0.90956,0.0
0.43794,0.94325,0.0
0.43794,0.97693,0.0
0.43794,1.01062,0.0
0.43794,1.04431,0.0
0.43794,1.078,0.0
0.43794,1.11168,0.0
0.43794,1.14537,0.0
0.43794,1.17906,0.0
0.43794,1.21274,0.0
0.43794,1.24643,0.0
0.43794,1.28012,0.0
0.43794,1.31381,0.0
0.43794,1.34749,0.0
0.43794,1.38118,0.0
0.43794,1.41487,0.0
0.43794,1.44856,0.0
0.43794,1.48224,0.0
0.43794,1.51593,0.0
0.43794,1.54962,0.0
0.43794,1.58331,0.0
0.43794,1.61699,0.0
0.43794,1.65068,0.0
0.43794,1.68437,0.0
0.43794,1.71805,0.0
0.43794,1.75174,0.0
0.43794,1.78543,0.0
0.43794,1.81912,0.0
0.43794,1.8528,0.0
0.43794,1.88649,0.0
0.43794,1.92018,0.0
0.43794,1.95387,0.0
0.43794,1.98755,0.0
0.43794,2.02124,0.0
0.43794,2.05493,0.0
0.43794,2.08862,0.0
0.43794,2.1223,0.0
0.43794,2.15599,0.0
0.43794,2.18968,0.0
0.43794,2.22336,0.0
0.43794,2.25705,0.0
0.43794,2.29074,0.0
0.43794,2.32443,0.0
0.43794,2.35811,0.0
0.43794,2.3918,0.0
0.43794,2.42549,0.0
0.43794,2.45918,0.0
0.43794,2.49286,0.0
0.43794,2.52655,0.0
0.43794,2.56024,0.0
0.43794,2.59393,0.0
0.43794,2.62761,0.0
0.43794,2.6613,0.0
0.43794,2.69499,0.0
0.43794,2.72868,0.0
0.43794,2.76236,0.0
0.43794,2.79605,0.0
0.43794,2.82974,0.0
0.43794,2.86342,0.0
0.43794,2.89711,0.0
0.43794,2.9308,0.0
0.43794,2.96449,0.0
0.43794,2.99817,0.0
0.43794,3.03186,0.0
0.43794,3.06555,0.0
0.43794,3.09924,0.0
0.43794,3.13292,0.0
0.43794,3.16661,0.0
0.43794,3.2003,0.0
0.43794,3.23399,0.0
0.43794,3.26767,0.0
0.47162,-3.23399,0.0
0.47162,-3.2003,0.0
0.47162,-3.16661,0.0
0.47162,-3.13292,0.0
0.47162,-3.09924,0.0
0.47162,-3.06555,0.0
0.47162,-3.03186,0.0
0.47162,-2.99817,0.0
0.47162,-2.96449,0.0
0.47162,-2.9308,0.0
0.47162,-2.89711,0.0
0.47162,-2.86342,0.0
0.47162,-2.82974,0.0
0.47162,-2.79605,0.0
0.47162,-2.76236,0.0
0.47162,-2.72868,0.0
0.47162,-2.69499,0.0
0.47162,-2.6613,0.0
0.47162,-2.62761,0.0
0.47162,-2.59393,0.0
0.47162,-2.56024,0.0
0.47162,-2.52655,0.0
0.47162,-2.49286,0.0
0.47162,-2.45918,0.0
0.47162,-2.42549,0.0
0.47162,-2.3918,0.0
0.47162,-2.35811,0.0
0.47162,-2.32443,0.0
0.47162,-2.29074,0.0
0.47162,-2.25705,0.0
0.47162,-2.22336,0.0
0.47162,-2.18968,0.0
0.47162,-2.15599,0.0
0.47162,-2.1223,0.0
0.47162,-2.08862,0.0
0.47162,-2.05493,0.0
0.47162,-2.02124,0.0
0.47162,-1.98755,0.0
0.47162,-1.95387,0.0
0.47162,-1.92018,0.0
0.47162,-1.88649,0.0
0.47162,-1.8528,0.0
0.47162,-1.81912,0.0
0.47162,-1.78543,0.0
0.47162,-1.75174,0.0
0.47162,-1.71805,0.0
0.47162,-1.68437,0.0
0.47162,-1.65068,0.0
0.47162,-1.61699,0.0
0.47162,-1.58331,0.0
0.47162,-1.54962,0.0
0.47162,-1.51593,0.0
0.47162,-1.48224,0.0
0.47162,-1.44856,0.0
0.47162,-1.41487,0.0
0.47162,-1.38118,0.0
0.47162,-1.34749,0.0
0.47162,-1.31381,0.0
0.47162,-1.28012,0.0
0.47162,-1.24643,0.0
0.47162,-1.21274,0.0
0.47162,-1.17906,0.0
0.47162,-1.14537,0.0
0.47162,-1.11168,0.0
0.47162,-1.078,0.0
0.47162,-1.04431,0.0
0.47162,-1.01062,0.0
0.47162,-0.97693,0.0
0.47162,-0.94325,0.0
0.47162,-0.90956,0.0
0.47162,-0.87587,0.0
0.47162,-0.84218,0.0
0.47162,-0.8085,0.0
0.47162,-0.77481,0.0
0.47162,-0.74112,0.0
0.47162,-0.70743,0.0
0.47162,-0.67375,0.0
0.47162,-0.64006,0.0
0.47162,-0.60637,0.0
0.47162,-0.57268,0.0
0.47162,-0.539,0.0
0.47162,-0.50531,0.0
0.47162,-0.47162,0.0
0.47162,-0.43794,0.0
0.47162,-0.40425,0.0
0.47162,-0.37056,0.0
0.47162,-0.33687,0.0
0.47162,-0.30319,0.0
0.47162,-0.2695,0.0
0.47162,-0.23581,0.0
0.47162,-0.20212,0.0
0.47162,-0.16844,0.0
0.47162,-0.13475,0.0
0.47162,-0.10106,0.0
0.47162,-0.06737,0.0
0.47162,-0.03369,0.0
0.47162,0,0.0
0.47162,0.03369,0.0
0.47162,0.06737,0.0
0.47162,0.10106,0.0
0.47162,0.13475,0.0
0.47162,0.16844,0.0
0.47162,0.20212,0.0
0.47162,0.23581,0.0
0.47162,0.2695,0.0
0.47162,0.30319,0.0
0.47162,0.33687,0.0
0.47162,0.37056,0.0
0.47162,0.40425,0.0
0.47162,0.43794,0.0
0.47162,0.47162,0.0
0.47162,0.50531,0.0
0.47162,0.539,0.0
0.47162,0.57268,0.0
0.47162,0.60637,0.0
0.47162,0.64006,0.0
0.47162,0.67375,0.0
0.47162,0.70743,0.0
0.47162,0.74112,0.0
0.47162,0.77481,0.0
0.47162,0.8085,0.0
0.47162,0.84218,0.0
0.47162,0.87587,0.0
0.47162,0.90956,0.0
0.47162,0.94325,0.0
0.47162,0.97693,0.0
0.47162,1.01062,0.0
0.47162,1.04431,0.0
0.47162,1.078,0.0
0.47162,1.11168,0.0
0.47162,1.14537,0.0
0.47162,1.17906,0.0
0.47162,1.21274,0.0
0.47162,1.24643,0.0
0.47162,1.28012,0.0
0.47162,1.31381,0.0
0.47162,1.34749,0.0
0.47162,1.38118,0.0
0.47162,1.41487,0.0
0.47162,1.44856,0.0
0.47162,1.48224,0.0
0.47162,1.51593,0.0
0.47162,1.54962,0.0
0.47162,1.58331,0.0
0.47162,1.61699,0.0
0.47162,1.65068,0.0
0.47162,1.68437,0.0
0.47162,1.71805,0.0
0.47162,1.75174,0.0
0.47162,1.78543,0.0
0.47162,1.81912,0.0
0.47162,1.8528,0.0
0.47162,1.88649,0.0
0.47162,1.92018,0.0
0.47162,1.95387,0.0
0.47162,1.98755,0.0
0.47162,2.02124,0.0
0.47162,2.05493,0.0
0.47162,2.08862,0.0
0.47162,2.1223,0.0
0.47162,2.15599,0.0
0.47162,2.18968,0.0
0.47162,2.22336,0.0
0.47162,2.25705,0.0
0.47162,2.29074,0.0
0.47162,2.32443,0.0
0.47162,2.35811,0.0
0.47162,2.3918,0.0
0.47162,2.42549,0.0
0.47162,2.45918,0.0
0.47162,2.49286,0.0
0.47162,2.52655,0.0
0.47162,2.56024,0.0
0.47162,2.59393,0.0
0.47162,2.62761,0.0
0.47162,2.6613,0.0
0.47162,2.69499,0.0
0.47162,2.72868,0.0
0.47162,2.76236,0.0
0.47162,2.79605,0.0
0.47162,2.82974,0.0
0.47162,2.86342,0.0
0.47162,2.89711,0.0
0.47162,2.9308,0.0
0.47162,2.96449,0.0
0.47162,2.99817,0.0
0.47162,3.03186,0.0
0.47162,3.06555,0.0
0.47162,3.09924,0.0
0.47162,3.13292,0.0
0.47162,3.16661,0.0
0.47162,3.2003,0.0
0.47162,3.23399,0.0
0.50531,-3.23399,0.0
0.50531,-3.2003,0.0
0.50531,-3.16661,0.0
0.50531,-3.13292,0.0
0.50531,-3.09924,0.0
0.50531,-3.06555,0.0
0.50531,-3.03186,0.0
0.50531,-2.99817,0.0
0.50531,-2.96449,0.0
0.50531,-2.9308,0.0
0.50531,-2.89711,0.0
0.50531,-2.86342,0.0
0.50531,-2.82974,0.0
0.50531,-2.79605,0.0
0.50531,-2.76236,0.0
0.50531,-2.72868,0.0
0.50531,-2.69499,0.0
0.50531,-2.6613,0.0
0.50531,-2.62761,0.0
0.50531,-2.59393,0.0
0.50531,-2.56024,0.0
0.50531,-2.52655,0.0
0.50531,-2.49286,0.0
0.50531,-2.45918,0.0
0.50531,-2.42549,0.0
0.50531,-2.3918,0.0
0.50531,-2.35811,0.0
0.50531,-2.32443,0.0
0.50531,-2.29074,0.0
0.50531,-2.25705,0.0
0.50531,-2.22336,0.0
0.50531,-2.18968,0.0
0.50531,-2.15599,0.0
0.50531,-2.1223,0.0
0.50531,-2.08862,0.0
0.50531,-2.05493,0.0
0.50531,-2.02124,0.0
0.50531,-1.98755,0.0
0.50531,-1.95387,0.0
0.50531,-1.92018,0.0
0.50531,-1.88649,0.0
0.50531,-1.8528,0.0
0.50531,-1.81912,0.0
0.50531,-1.78543,0.0
0.50531,-1.75174,0.0
0.50531,-1.71805,0.0
0.50531,-1.68437,0.0
0.50531,-1.65068,0.0
0.50531,-1.61699,0.0
0.50531,-1.58331,0.0
0.50531,-1.54962,0.0
0.50531,-1.51593,0.0
0.50531,-1.48224,0.0
0.50531,-1.44856,0.0
0.50531,-1.41487,0.0
0.50531,-1.38118,0.0
0.50531,-1.34749,0.0
0.50531,-1.31381,0.0
0.50531,-1.28012,0.0
0.50531,-1.24643,0.0
0.50531,-1.21274,0.0
0.50531,-1.17906,0.0
0.50531,-1.14537,0.0
0.50531,-1.11168,0.0
0.50531,-1.078,0.0
0.50531,-1.04431,0.0
0.50531,-1.01062,0.0
0.50531,-0.97693,0.0
0.50531,-0.94325,0.0
0.50531,-0.90956,0.0
0.50531,-0.87587,0.0
0.50531,-0.84218,0.0
0.50531,-0.8085,0.0
0.50531,-0.77481,0.0
0.50531,-0.74112,0.0
0.50531,-0.70743,0.0
0.50531,-0.67375,0.0
0.50531,-0.64006,0.0
0.50531,-0.60637,0.0
0.50531,-0.57268,0.0
0.50531,-0.539,0.0
0.50531,-0.50531,0.0
0.50531,-0.47162,0.0
0.50531,-0.43794,0.0
0.50531,-0.40425,0.0
0.50531,-0.37056,0.0
0.50531,-0.33687,0.0
0.50531,-0.30319,0.0
0.50531,-0.2695,0.0
0.50531,-0.23581,0.0
0.50531,-0.20212,0.0
0.50531,-0.16844,0.0
0.50531,-0.13475,0.0
0.50531,-0.10106,0.0
0.50531,-0.06737,0.0
0.50531,-0.03369,0.0
0.50531,0,0.0
0.50531,0.03369,0.0
0.50531,0.06737,0.0
0.50531,0.10106,0.0
0.50531,0.13475,0.0
0.50531,0.16844,0.0
0.50531,0.20212,0.0
0.50531,0.23581,0.0
0.50531,0.2695,0.0
0.50531,0.30319,0.0
0.50531,0.33687,0.0
0.50531,0.37056,0.0
0.50531,0.40425,0.0
0.50531,0.43794,0.0
0.50531,0.47162,0.0
0.50531,0.50531,0.0
0.50531,0.539,0.0
0.50531,0.57268,0.0
0.50531,0.60637,0.0
0.50531,0.64006,0.0
0.50531,0.67375,0.0
0.50531,0.70743,0.0
0.50531,0.74112,0.0
0.50531,0.77481,0.0
0.50531,0.8085,0.0
0.50531,0.84218,0.0
0.50531,0.87587,0.0
0.50531,0.90956,0.0
0.50531,0.94325,0.0
0.50531,0.97693,0.0
0.50531,1.01062,0.0
0.50531,1.04431,0.0
0.50531,1.078,0.0
0.50531,1.11168,0.0
0.50531,1.14537,0.0
0.50531,1.17906,0.0
0.50531,1.21274,0.0
0.50531,1.24643,0.0
0.50531,1.28012,0.0
0.50531,1.31381,0.0
0.50531,1.34749,0.0
0.50531,1.38118,0.0
0.50531,1.41487,0.0
0.50531,1.44856,0.0
0.50531,1.48224,0.0
0.50531,1.51593,0.0
0.50531,1.54962,0.0
0.50531,1.58331,0.0
0.50531,1.61699,0.0
0.50531,1.65068,0.0
0.50531,1.68437,0.0
0.50531,1.71805,0.0
0.50531,1.75174,0.0
0.50531,1.78543,0.0
0.50531,1.81912,0.0
0.50531,1.8528,0.0
0.50531,1.88649,0.0
0.50531,1.92018,0.0
0.50531,1.95387,0.0
0.50531,1.98755,0.0
0.50531,2.02124,0.0
0.50531,2.05493,0.0
0.50531,2.08862,0.0
0.50531,2.1223,0.0
0.50531,2.15599,0.0
0.50531,2.18968,0.0
0.50531,2.22336,0.0
0.50531,2.25705,0.0
0.50531,2.29074,0.0
0.50531,2.32443,0.0
0.50531,2.35811,0.0
0.50531,2.3918,0.0
0.50531,2.42549,0.0
0.50531,2.45918,0.0
0.50531,2.49286,0.0
0.50531,2.52655,0.0
0.50531,2.56024,0.0
0.50531,2.59393,0.0
0.50531,2.62761,0.0
0.50531,2.6613,0.0
0.50531,2.69499,0.0
0.50531,2.72868,0.0
0.50531,2.76236,0.0
0.50531,2.79605,0.0
0.50531,2.82974,0.0
0.50531,2.86342,0.0
0.50531,2.89711,0.0
0.50531,2.9308,0.0
0.50531,2.96449,0.0
0.50531,2.99817,0.0
0.50531,3.03186,0.0
0.50531,3.06555,0.0
0.50531,3.09924,0.0
0.50531,3.13292,0.0
0.50531,3.16661,0.0
0.50531,3.2003,0.0
0.50531,3.23399,0.0
0.539,-3.23399,0.0
0.539,-3.2003,0.0
0.539,-3.16661,0.0
0.539,-3.13292,0.0
0.539,-3.09924,0.0
0.539,-3.06555,0.0
0.539,-3.03186,0.0
0.539,-2.99817,0.0
0.539,-2.96449,0.0
0.539,-2.9308,0.0
0.539,-2.89711,0.0
0.539,-2.86342,0.0
0.539,-2.82974,0.0
0.539,-2.79605,0.0
0.539,-2.76236,0.0
0.539,-2.72868,0.0
0.539,-2.69499,0.0
0.539,-2.6613,0.0
0.539,-2.62761,0.0
0.539,-2.59393,0.0
0.539,-2.56024,0.0
0.539,-2.52655,0.0
0.539,-2.49286,0.0
0.539,-2.45918,0.0
0.539,-2.42549,0.0
0.539,-2.3918,0.0
0.539,-2.35811,0.0
0.539,-2.32443,0.0
0.539,-2.29074,0.0
0.539,-2.25705,0.0
0.539,-2.22336,0.0
0.539,-2.18968,0.0
0.539,-2.15599,0.0
0.539,-2.1223,0.0
0.539,-2.08862,0.0
0.539,-2.05493,0.0
0.539,-2.02124,0.0
0.539,-1.98755,0.0
0.539,-1.95387,0.0
0.539,-1.92018,0.0
0.539,-1.88649,0.0
0.539,-1.8528,0.0
0.539,-1.81912,0.0
0.539,-1.78543,0.0
0.539,-1.75174,0.0
0.539,-1.71805,0.0
0.539,-1.68437,0.0
0.539,-1.65068,0.0
0.539,-1.61699,0.0
0.539,-1.58331,0.0
0.539,-1.54962,0.0
0.539,-1.51593,0.0
0.539,-1.48224,0.0
0.539,-1.44856,0.0
0.539,-1.41487,0.0
0.539,-1.38118,0.0
0.539,-1.34749,0.0
0.539,-1.31381,0.0
0.539,-1.28012,0.0
0.539,-1.24643,0.0
0.539,-1.21274,0.0
0.539,-1.17906,0.0
0.539,-1.14537,0.0
0.539,-1.11168,0.0
0.539,-1.078,0.0
0.539,-1.04431,0.0
0.539,-1.01062,0.0
0.539,-0.97693,0.0
0.539,-0.94325,0.0
0.539,-0.90956,0.0
0.539,-0.87587,0.0
0.539,-0.84218,0.0
0.539,-0.8085,0.0
0.539,-0.77481,0.0
0.539,-0.74112,0.0
0.539,-0.70743,0.0
0.539,-0.67375,0.0
0.539,-0.64006,0.0
0.539,-0.60637,0.0
0.539,-0.57268,0.0
0.539,-0.539,0.0
0.539,-0.50531,0.0
0.539,-0.47162,0.0
0.539,-0.43794,0.0
0.539,-0.40425,0.0
0.539,-0.37056,0.0
0.539,-0.33687,0.0
0.539,-0.30319,0.0
0.539,-0.2695,0.0
0.539,-0.23581,0.0
0.539,-0.20212,0.0
0.539,-0.16844,0.0
0.539,-0.13475,0.0
0.539,-0.10106,0.0
0.539,-0.06737,0.0
0.539,-0.03369,0.0
0.539,0,0.0
0.539,0.03369,0.0
0.539,0.06737,0.0
0.539,0.10106,0.0
0.539,0.13475,0.0
0.539,0.16844,0.0
0.539,0.20212,0.0
0.539,0.23581,0.0
0.539,0.2695,0.0
0.539,0.30319,0.0
0.539,0.33687,0.0
0.539,0.37056,0.0
0.539,0.40425,0.0
0.539,0.43794,0.0
0.539,0.47162,0.0
0.539,0.50531,0.0
0.539,0.539,0.0
0.539,0.57268,0.0
0.539,0.60637,0.0
0.539,0.64006,0.0
0.539,0.67375,0.0
0.539,0.70743,0.0
0.539,0.74112,0.0
0.539,0.77481,0.0
0.539,0.8085,0.0
0.539,0.84218,0.0
0.539,0.87587,0.0
0.539,0.90956,0.0
0.539,0.94325,0.0
0.539,0.97693,0.0
0.539,1.01062,0.0
0.539,1.04431,0.0
0.539,1.078,0.0
0.539,1.11168,0.0
0.539,1.14537,0.0
0.539,1.17906,0.0
0.539,1.21274,0.0
0.539,1.24643,0.0
0.539,1.28012,0.0
0.539,1.31381,0.0
0.539,1.34749,0.0
0.539,1.38118,0.0
0.539,1.41487,0.0
0.539,1.44856,0.0
0.539,1.48224,0.0
0.539,1.51593,0.0
0.539,1.54962,0.0
0.539,1.58331,0.0
0.539,1.61699,0.0
0.539,1.65068,0.0
0.539,1.68437,0.0
0.539,1.71805,0.0
0.539,1.75174,0.0
0.539,1.78543,0.0
0.539,1.81912,0.0
0.539,1.8528,0.0
0.539,1.88649,0.0
0.539,1.92018,0.0
0.539,1.95387,0.0
0.539,1.98755,0.0
0.539,2.02124,0.0
0.539,2.05493,0.0
0.539,2.08862,0.0
0.539,2.1223,0.0
0.539,2.15599,0.0
0.539,2.18968,0.0
0.539,2.22336,0.0
0.539,2.25705,0.0
0.539,2.29074,0.0
0.539,2.32443,0.0
0.539,2.35811,0.0
0.539,2.3918,0.0
0.539,2.42549,0.0
0.539,2.45918,0.0
0.539,2.49286,0.0
0.539,2.52655,0.0
0.539,2.56024,0.0
0.539,2.59393,0.0
0.539,2.62761,0.0
0.539,2.6613,0.0
0.539,2.69499,0.0
0.539,2.72868,0.0
0.539,2.76236,0.0
0.539,2.79605,0.0
0.539,2.82974,0.0
0.539,2.86342,0.0
0.539,2.89711,0.0
0.539,2.9308,0.0
0.539,2.96449,0.0
0.539,2.99817,0.0
0.539,3.03186,0.0
0.539,3.06555,0.0
0.539,3.09924,0.0
0.539,3.13292,0.0
0.539,3.16661,0.0
0.539,3.2003,0.0
0.539,3.23399,0.0
0.57268,-3.23399,0.0
0.57268,-3.2003,0.0
0.57268,-3.16661,0.0
0.57268,-3.13292,0.0
0.57268,-3.09924,0.0
0.57268,-3.06555,0.0
0.57268,-3.03186,0.0
0.57268,-2.99817,0.0
0.57268,-2.96449,0.0
0.57268,-2.9308,0.0
0.57268,-2.89711,0.0
0.57268,-2.86342,0.0
0.57268,-2.82974,0.0
0.57268,-2.79605,0.0
0.57268,-2.76236,0.0
0.57268,-2.72868,0.0
0.57268,-2.69499,0.0
0.57268,-2.6613,0.0
0.57268,-2.62761,0.0
0.57268,-2.59393,0.0
0.57268,-2.56024,0.0
0.57268,-2.52655,0.0
0.57268,-2.49286,0.0
0.57268,-2.45918,0.0
0.57268,-2.42549,0.0
0.57268,-2.3918,0.0
0.57268,-2.35811,0.0
0.57268,-2.32443,0.0
0.57268,-2.29074,0.0
0.57268,-2.25705,0.0
0.57268,-2.22336,0.0
0.57268,-2.18968,0.0
0.57268,-2.15599,0.0
0.57268,-2.1223,0.0
0.57268,-2.08862,0.0
0.57268,-2.05493,0.0
0.57268,-2.02124,0.0
0.57268,-1.98755,0.0
0.57268,-1.95387,0.0
0.57268,-1.92018,0.0
0.57268,-1.88649,0.0
0.57268,-1.8528,0.0
0.57268,-1.81912,0.0
0.57268,-1.78543,0.0
0.57268,-1.75174,0.0
0.57268,-1.71805,0.0
0.57268,-1.68437,0.0
0.57268,-1.65068,0.0
0.57268,-1.61699,0.0
0.57268,-1.58331,0.0
0.57268,-1.54962,0.0
0.57268,-1.51593,0.0
0.57268,-1.48224,0.0
0.57268,-1.44856,0.0
0.57268,-1.41487,0.0
0.57268,-1.38118,0.0
0.57268,-1.34749,0.0
0.57268,-1.31381,0.0
0.57268,-1.28012,0.0
0.57268,-1.24643,0.0
0.57268,-1.21274,0.0
0.57268,-1.17906,0.0
0.57268,-1.14537,0.0
0.57268,-1.11168,0.0
0.57268,-1.078,0.0
0.57268,-1.04431,0.0
0.57268,-1.01062,0.0
0.57268,-0.97693,0.0
0.57268,-0.94325,0.0
0.57268,-0.90956,0.0
0.57268,-0.87587,0.0
0.57268,-0.84218,0.0
0.57268,-0.8085,0.0
0.57268,-0.77481,0.0
0.57268,-0.74112,0.0
0.57268,-0.70743,0.0
0.57268,-0.67375,0.0
0.57268,-0.64006,0.0
0.57268,-0.60637,0.0
0.57268,-0.57268,0.0
0.57268,-0.539,0.0
0.57268,-0.50531,0.0
0.57268,-0.47162,0.0
0.57268,-0.43794,0.0
0.57268,-0.40425,0.0
0.57268,-0.37056,0.0
0.57268,-0.33687,0.0
0.57268,-0.30319,0.0
0.57268,-0.2695,0.0
0.57268,-0.23581,0.0
0.57268,-0.20212,0.0
0.57268,-0.16844,0.0
0.57268,-0.13475,0.0
0.57268,-0.10106,0.0
0.57268,-0.06737,0.0
0.57268,-0.03369,0.0
0.57268,0,0.0
0.57268,0.03369,0.0
0.57268,0.06737,0.0
0.57268,0.10106,0.0
0.57268,0.13475,0.0
0.57268,0.16844,0.0
0.57268,0.20212,0.0
0.57268,0.23581,0.0
0.57268,0.2695,0.0
0.57268,0.30319,0.0
0.57268,0.33687,0.0
0.57268,0.37056,0.0
0.57268,0.40425,0.0
0.57268,0.43794,0.0
0.57268,0.47162,0.0
0.57268,0.50531,0.0
0.57268,0.539,0.0
0.57268,0.57268,0.0
0.57268,0.60637,0.0
0.57268,0.64006,0.0
0.57268,0.67375,0.0
0.57268,0.70743,0.0
0.57268,0.74112,0.0
0.57268,0.77481,0.0
0.57268,0.8085,0.0
0.57268,0.84218,0.0
0.57268,0.87587,0.0
0.57268,0.90956,0.0
0.57268,0.94325,0.0
0.57268,0.97693,0.0
0.57268,1.01062,0.0
0.57268,1.04431,0.0
0.57268,1.078,0.0
0.57268,1.11168,0.0
0.57268,1.14537,0.0
0.57268,1.17906,0.0
0.57268,1.21274,0.0
0.57268,1.24643,0.0
0.57268,1.28012,0.0
0.57268,1.31381,0.0
0.57268,1.34749,0.0
0.57268,1.38118,0.0
0.57268,1.41487,0.0
0.57268,1.44856,0.0
0.57268,1.48224,0.0
0.57268,1.51593,0.0
0.57268,1.54962,0.0
0.57268,1.58331,0.0
0.57268,1.61699,0.0
0.57268,1.65068,0.0
0.57268,1.68437,0.0
0.57268,1.71805,0.0
0.57268,1.75174,0.0
0.57268,1.78543,0.0
0.57268,1.81912,0.0
0.57268,1.8528,0.0
0.57268,1.88649,0.0
0.57268,1.92018,0.0
0.57268,1.95387,0.0
0.57268,1.98755,0.0
0.57268,2.02124,0.0
0.57268,2.05493,0.0
0.57268,2.08862,0.0
0.57268,2.1223,0.0
0.57268,2.15599,0.0
0.57268,2.18968,0.0
0.57268,2.22336,0.0
0.57268,2.25705,0.0
0.57268,2.29074,0.0
0.57268,2.32443,0.0
0.57268,2.35811,0.0
0.57268,2.3918,0.0
0.57268,2.42549,0.0
0.57268,2.45918,0.0
0.57268,2.49286,0.0
0.57268,2.52655,0.0
0.57268,2.56024,0.0
0.57268,2.59393,0.0
0.57268,2.62761,0.0
0.57268,2.6613,0.0
0.57268,2.69499,0.0
0.57268,2.72868,0.0
0.57268,2.76236,0.0
0.57268,2.79605,0.0
0.57268,2.82974,0.0
0.57268,2.86342,0.0
0.57268,2.89711,0.0
0.57268,2.9308,0.0
0.57268,2.96449,0.0
0.57268,2.99817,0.0
0.57268,3.03186,0.0
0.57268,3.06555,0.0
0.57268,3.09924,0.0
0.57268,3.13292,0.0
0.57268,3.16661,0.0
0.57268,3.2003,0.0
0.57268,3.23399,0.0
0.60637,-3.23399,0.0
0.60637,-3.2003,0.0
0.60637,-3.16661,0.0
0.60637,-3.13292,0.0
0.60637,-3.09924,0.0
0.60637,-3.06555,0.0
0.60637,-3.03186,0.0
0.60637,-2.99817,0.0
0.60637,-2.96449,0.0
0.60637,-2.9308,0.0
0.60637,-2.89711,0.0
0.60637,-2.86342,0.0
0.60637,-2.82974,0.0
0.60637,-2.79605,0.0
0.60637,-2.76236,0.0
0.60637,-2.72868,0.0
0.60637,-2.69499,0.0
0.60637,-2.6613,0.0
0.60637,-2.62761,0.0
0.60637,-2.59393,0.0
0.60637,-2.56024,0.0
0.60637,-2.52655,0.0
0.60637,-2.49286,0.0
0.60637,-2.45918,0.0
0.60637,-2.42549,0.0
0.60637,-2.3918,0.0
0.60637,-2.35811,0.0
0.60637,-2.32443,0.0
0.60637,-2.29074,0.0
0.60637,-2.25705,0.0
0.60637,-2.22336,0.0
0.60637,-2.18968,0.0
0.60637,-2.15599,0.0
0.60637,-2.1223,0.0
0.60637,-2.08862,0.0
0.60637,-2.05493,0.0
0.60637,-2.02124,0.0
0.60637,-1.98755,0.0
0.60637,-1.95387,0.0
0.60637,-1.92018,0.0
0.60637,-1.88649,0.0
0.60637,-1.8528,0.0
0.60637,-1.81912,0.0
0.60637,-1.78543,0.0
0.60637,-1.75174,0.0
0.60637,-1.71805,0.0
0.60637,-1.68437,0.0
0.60637,-1.65068,0.0
0.60637,-1.61699,0.0
0.60637,-1.58331,0.0
0.60637,-1.54962,0.0
0.60637,-1.51593,0.0
0.60637,-1.48224,0.0
0.60637,-1.44856,0.0
0.60637,-1.41487,0.0
0.60637,-1.38118,0.0
0.60637,-1.34749,0.0
0.60637,-1.31381,0.0
0.60637,-1.28012,0.0
0.60637,-1.24643,0.0
0.60637,-1.21274,0.0
0.60637,-1.17906,0.0
0.60637,-1.14537,0.0
0.60637,-1.11168,0.0
0.60637,-1.078,0.0
0.60637,-1.04431,0.0
0.60637,-1.01062,0.0
0.60637,-0.97693,0.0
0.60637,-0.94325,0.0
0.60637,-0.90956,0.0
0.60637,-0.87587,0.0
0.60637,-0.84218,0.0
0.60637,-0.8085,0.0
0.60637,-0.77481,0.0
0.60637,-0.74112,0.0
0.60637,-0.70743,0.0
0.60637,-0.67375,0.0
0.60637,-0.64006,0.0
0.60637,-0.60637,0.0
0.60637,-0.57268,0.0
0.60637,-0.539,0.0
0.60637,-0.50531,0.0
0.60637,-0.47162,0.0
0.60637,-0.43794,0.0
0.60637,-0.40425,0.0
0.60637,-0.37056,0.0
0.60637,-0.33687,0.0
0.60637,-0.30319,0.0
0.60637,-0.2695,0.0
0.60637,-0.23581,0.0
0.60637,-0.20212,0.0
0.60637,-0.16844,0.0
0.60637,-0.13475,0.0
0.60637,-0.10106,0.0
0.60637,-0.06737,0.0
0.60637,-0.03369,0.0
0.60637,0,0.0
0.60637,0.03369,0.0
0.60637,0.06737,0.0
0.60637,0.10106,0.0
0.60637,0.13475,0.0
0.60637,0.16844,0.0
0.60637,0.20212,0.0
0.60637,0.23581,0.0
0.60637,0.2695,0.0
0.60637,0.30319,0.0
0.60637,0.33687,0.0
0.60637,0.37056,0.0
0.60637,0.40425,0.0
0.60637,0.43794,0.0
0.60637,0.47162,0.0
0.60637,0.50531,0.0
0.60637,0.539,0.0
0.60637,0.57268,0.0
0.60637,0.60637,0.0
0.60637,0.64006,0.0
0.60637,0.67375,0.0
0.60637,0.70743,0.0
0.60637,0.74112,0.0
0.60637,0.77481,0.0
0.60637,0.8085,0.0
0.60637,0.84218,0.0
0.60637,0.87587,0.0
0.60637,0.90956,0.0
0.60637,0.94325,0.0
0.60637,0.97693,0.0
0.60637,1.01062,0.0
0.60637,1.04431,0.0
0.60637,1.078,0.0
0.60637,1.11168,0.0
0.60637,1.14537,0.0
0.60637,1.17906,0.0
0.60637,1.21274,0.0
0.60637,1.24643,0.0
0.60637,1.28012,0.0
0.60637,1.31381,0.0
0.60637,1.34749,0.0
0.60637,1.38118,0.0
0.60637,1.41487,0.0
0.60637,1.44856,0.0
0.60637,1.48224,0.0
0.60637,1.51593,0.0
0.60637,1.54962,0.0
0.60637,1.58331,0.0
0.60637,1.61699,0.0
0.60637,1.65068,0.0
0.60637,1.68437,0.0
0.60637,1.71805,0.0
0.60637,1.75174,0.0
0.60637,1.78543,0.0
0.60637,1.81912,0.0
0.60637,1.8528,0.0
0.60637,1.88649,0.0
0.60637,1.92018,0.0
0.60637,1.95387,0.0
0.60637,1.98755,0.0
0.60637,2.02124,0.0
0.60637,2.05493,0.0
0.60637,2.08862,0.0
0.60637,2.1223,0.0
0.60637,2.15599,0.0
0.60637,2.18968,0.0
0.60637,2.22336,0.0
0.60637,2.25705,0.0
0.60637,2.29074,0.0
0.60637,2.32443,0.0
0.60637,2.35811,0.0
0.60637,2.3918,0.0
0.60637,2.42549,0.0
0.60637,2.45918,0.0
0.60637,2.49286,0.0
0.60637,2.52655,0.0
0.60637,2.56024,0.0
0.60637,2.59393,0.0
0.60637,2.62761,0.0
0.60637,2.6613,0.0
0.60637,2.69499,0.0
0.60637,2.72868,0.0
0.60637,2.76236,0.0
0.60637,2.79605,0.0
0.60637,2.82974,0.0
0.60637,2.86342,0.0
0.60637,2.89711,0.0
0.60637,2.9308,0.0
0.60637,2.96449,0.0
0.60637,2.99817,0.0
0.60637,3.03186,0.0
0.60637,3.06555,0.0
0.60637,3.09924,0.0
0.60637,3.13292,0.0
0.60637,3.16661,0.0
0.60637,3.2003,0.0
0.60637,3.23399,0.0
0.64006,-3.23399,0.0
0.64006,-3.2003,0.0
0.64006,-3.16661,0.0
0.64006,-3.13292,0.0
0.64006,-3.09924,0.0
0.64006,-3.06555,0.0
0.64006,-3.03186,0.0
0.64006,-2.99817,0.0
0.64006,-2.96449,0.0
0.64006,-2.9308,0.0
0.64006,-2.89711,0.0
0.64006,-2.86342,0.0
0.64006,-2.82974,0.0
0.64006,-2.79605,0.0
0.64006,-2.76236,0.0
0.64006,-2.72868,0.0
0.64006,-2.69499,0.0
0.64006,-2.6613,0.0
0.64006,-2.62761,0.0
0.64006,-2.59393,0.0
0.64006,-2.56024,0.0
0.64006,-2.52655,0.0
0.64006,-2.49286,0.0
0.64006,-2.45918,0.0
0.64006,-2.42549,0.0
0.64006,-2.3918,0.0
0.64006,-2.35811,0.0
0.64006,-2.32443,0.0
0.64006,-2.29074,0.0
0.64006,-2.25705,0.0
0.64006,-2.22336,0.0
0.64006,-2.18968,0.0
0.64006,-2.15599,0.0
0.64006,-2.1223,0.0
0.64006,-2.08862,0.0
0.64006,-2.05493,0.0
0.64006,-2.02124,0.0
0.64006,-1.98755,0.0
0.64006,-1.95387,0.0
0.64006,-1.92018,0.0
0.64006,-1.88649,0.0
0.64006,-1.8528,0.0
0.64006,-1.81912,0.0
0.64006,-1.78543,0.0
0.64006,-1.75174,0.0
0.64006,-1.71805,0.0
0.64006,-1.68437,0.0
0.64006,-1.65068,0.0
0.64006,-1.61699,0.0
0.64006,-1.58331,0.0
0.64006,-1.54962,0.0
0.64006,-1.51593,0.0
0.64006,-1.48224,0.0
0.64006,-1.44856,0.0
0.64006,-1.41487,0.0
0.64006,-1.38118,0.0
0.64006,-1.34749,0.0
0.64006,-1.31381,0.0
0.64006,-1.28012,0.0
0.64006,-1.24643,0.0
0.64006,-1.21274,0.0
0.64006,-1.17906,0.0
0.64006,-1.14537,0.0
0.64006,-1.11168,0.0
0.64006,-1.078,0.0
0.64006,-1.04431,0.0
0.64006,-1.01062,0.0
0.64006,-0.97693,0.0
0.64006,-0.94325,0.0
0.64006,-0.90956,0.0
0.64006,-0.87587,0.0
0.64006,-0.84218,0.0
0.64006,-0.8085,0.0
0.64006,-0.77481,0.0
0.64006,-0.74112,0.0
0.64006,-0.70743,0.0
0.64006,-0.67375,0.0
0.64006,-0.64006,0.0
0.64006,-0.60637,0.0
0.64006,-0.57268,0.0
0.64006,-0.539,0.0
0.64006,-0.50531,0.0
0.64006,-0.47162,0.0
0.64006,-0.43794,0.0
0.64006,-0.40425,0.0
0.64006,-0.37056,0.0
0.64006,-0.33687,0.0
0.64006,-0.30319,0.0
0.64006,-0.2695,0.0
0.64006,-0.23581,0.0
0.64006,-0.20212,0.0
0.64006,-0.16844,0.0
0.64006,-0.13475,0.0
0.64006,-0.10106,0.0
0.64006,-0.06737,0.0
0.64006,-0.03369,0.0
0.64006,0,0.0
0.64006,0.03369,0.0
0.64006,0.06737,0.0
0.64006,0.10106,0.0
0.64006,0.13475,0.0
0.64006,0.16844,0.0
0.64006,0.20212,0.0
0.64006,0.23581,0.0
0.64006,0.2695,0.0
0.64006,0.30319,0.0
0.64006,0.33687,0.0
0.64006,0.37056,0.0
0.64006,0.40425,0.0
0.64006,0.43794,0.0
0.64006,0.47162,0.0
0.64006,0.50531,0.0
0.64006,0.539,0.0
0.64006,0.57268,0.0
0.64006,0.60637,0.0
0.64006,0.64006,0.0
0.64006,0.67375,0.0
0.64006,0.70743,0.0
0.64006,0.74112,0.0
0.64006,0.77481,0.0
0.64006,0.8085,0.0
0.64006,0.84218,0.0
0.64006,0.87587,0.0
0.64006,0.90956,0.0
0.64006,0.94325,0.0
0.64006,0.97693,0.0
0.64006,1.01062,0.0
0.64006,1.04431,0.0
0.64006,1.078,0.0
0.64006,1.11168,0.0
0.64006,1.14537,0.0
0.64006,1.17906,0.0
0.64006,1.21274,0.0
0.64006,1.24643,0.0
0.64006,1.28012,0.0
0.64006,1.31381,0.0
0.64006,1.34749,0.0
0.64006,1.38118,0.0
0.64006,1.41487,0.0
0.64006,1.44856,0.0
0.64006,1.48224,0.0
0.64006,1.51593,0.0
0.64006,1.54962,0.0
0.64006,1.58331,0.0
0.64006,1.61699,0.0
0.64006,1.65068,0.0
0.64006,1.68437,0.0
0.64006,1.71805,0.0
0.64006,1.75174,0.0
0.64006,1.78543,0.0
0.64006,1.81912,0.0
0.64006,1.8528,0.0
0.64006,1.88649,0.0
0.64006,1.92018,0.0
0.64006,1.95387,0.0
0.64006,1.98755,0.0
0.64006,2.02124,0.0
0.64006,2.05493,0.0
0.64006,2.08862,0.0
0.64006,2.1223,0.0
0.64006,2.15599,0.0
0.64006,2.18968,0.0
0.64006,2.22336,0.0
0.64006,2.25705,0.0
0.64006,2.29074,0.0
0.64006,2.32443,0.0
0.64006,2.35811,0.0
0.64006,2.3918,0.0
0.64006,2.42549,0.0
0.64006,2.45918,0.0
0.64006,2.49286,0.0
0.64006,2.52655,0.0
0.64006,2.56024,0.0
0.64006,2.59393,0.0
0.64006,2.62761,0.0
0.64006,2.6613,0.0
0.64006,2.69499,0.0
0.64006,2.72868,0.0
0.64006,2.76236,0.0
0.64006,2.79605,0.0
0.64006,2.82974,0.0
0.64006,2.86342,0.0
0.64006,2.89711,0.0
0.64006,2.9308,0.0
0.64006,2.96449,0.0
0.64006,2.99817,0.0
0.64006,3.03186,0.0
0.64006,3.06555,0.0
0.64006,3.09924,0.0
0.64006,3.13292,0.0
0.64006,3.16661,0.0
0.64006,3.2003,0.0
0.64006,3.23399,0.0
0.67375,-3.2003,0.0
0.67375,-3.16661,0.0
0.67375,-3.13292,0.0
0.67375,-3.09924,0.0
0.67375,-3.06555,0.0
0.67375,-3.03186,0.0
0.67375,-2.99817,0.0
0.67375,-2.96449,0.0
0.67375,-2.9308,0.0
0.67375,-2.89711,0.0
0.67375,-2.86342,0.0
0.67375,-2.82974,0.0
0.67375,-2.79605,0.0
0.67375,-2.76236,0.0
0.67375,-2.72868,0.0
0.67375,-2.69499,0.0
0.67375,-2.6613,0.0
0.67375,-2.62761,0.0
0.67375,-2.59393,0.0
0.67375,-2.56024,0.0
0.67375,-2.52655,0.0
0.67375,-2.49286,0.0
0.67375,-2.45918,0.0
0.67375,-2.42549,0.0
0.67375,-2.3918,0.0
0.67375,-2.35811,0.0
0.67375,-2.32443,0.0
0.67375,-2.29074,0.0
0.67375,-2.25705,0.0
0.67375,-2.22336,0.0
0.67375,-2.18968,0.0
0.67375,-2.15599,0.0
0.67375,-2.1223,0.0
0.67375,-2.08862,0.0
0.67375,-2.05493,0.0
0.67375,-2.02124,0.0
0.67375,-1.98755,0.0
0.67375,-1.95387,0.0
0.67375,-1.92018,0.0
0.67375,-1.88649,0.0
0.67375,-1.8528,0.0
0.67375,-1.81912,0.0
0.67375,-1.78543,0.0
0.67375,-1.75174,0.0
0.67375,-1.71805,0.0
0.67375,-1.68437,0.0
0.67375,-1.65068,0.0
0.67375,-1.61699,0.0
0.67375,-1.58331,0.0
0.67375,-1.54962,0.0
0.67375,-1.51593,0.0
0.67375,-1.48224,0.0
0.67375,-1.44856,0.0
0.67375,-1.41487,0.0
0.67375,-1.38118,0.0
0.67375,-1.34749,0.0
0.67375,-1.31381,0.0
0.67375,-1.28012,0.0
0.67375,-1.24643,0.0
0.67375,-1.21274,0.0
0.67375,-1.17906,0.0
0.67375,-1.14537,0.0
0.67375,-1.11168,0.0
0.67375,-1.078,0.0
0.67375,-1.04431,0.0
0.67375,-1.01062,0.0
0.67375,-0.97693,0.0
0.67375,-0.94325,0.0
0.67375,-0.90956,0.0
0.67375,-0.87587,0.0
0.67375,-0.84218,0.0
0.67375,-0.8085,0.0
0.67375,-0.77481,0.0
0.67375,-0.74112,0.0
0.67375,-0.70743,0.0
0.67375,-0.67375,0.0
0.67375,-0.64006,0.0
0.67375,-0.60637,0.0
0.67375,-0.57268,0.0
0.67375,-0.539,0.0
0.67375,-0.50531,0.0
0.67375,-0.47162,0.0
0.67375,-0.43794,0.0
0.67375,-0.40425,0.0
0.67375,-0.37056,0.0
0.67375,-0.33687,0.0
0.67375,-0.30319,0.0
0.67375,-0.2695,0.0
0.67375,-0.23581,0.0
0.67375,-0.20212,0.0
0.67375,-0.16844,0.0
0.67375,-0.13475,0.0
0.67375,-0.10106,0.0
0.67375,-0.06737,0.0
0.67375,-0.03369,0.0
0.67375,0,0.0
0.67375,0.03369,0.0
0.67375,0.06737,0.0
0.67375,0.10106,0.0
0.67375,0.13475,0.0
0.67375,0.16844,0.0
0.67375,0.20212,0.0
0.67375,0.23581,0.0
0.67375,0.2695,0.0
0.67375,0.30319,0.0
0.67375,0.33687,0.0
0.67375,0.37056,0.0
0.67375,0.40425,0.0
0.67375,0.43794,0.0
0.67375,0.47162,0.0
0.67375,0.50531,0.0
0.67375,0.539,0.0
0.67375,0.57268,0.0
0.67375,0.60637,0.0
0.67375,0.64006,0.0
0.67375,0.67375,0.0
0.67375,0.70743,0.0
0.67375,0.74112,0.0
0.67375,0.77481,0.0
0.67375,0.8085,0.0
0.67375,0.84218,0.0
0.67375,0.87587,0.0
0.67375,0.90956,0.0
0.67375,0.94325,0.0
0.67375,0.97693,0.0
0.67375,1.01062,0.0
0.67375,1.04431,0.0
0.67375,1.078,0.0
0.67375,1.11168,0.0
0.67375,1.14537,0.0
0.67375,1.17906,0.0
0.67375,1.21274,0.0
0.67375,1.24643,0.0
0.67375,1.28012,0.0
0.67375,1.31381,0.0
0.67375,1.34749,0.0
0.67375,1.38118,0.0
0.67375,1.41487,0.0
0.67375,1.44856,0.0
0.67375,1.48224,0.0
0.67375,1.51593,0.0
0.67375,1.54962,0.0
0.67375,1.58331,0.0
0.67375,1.61699,0.0
0.67375,1.65068,0.0
0.67375,1.68437,0.0
0.67375,1.71805,0.0
0.67375,1.75174,0.0
0.67375,1.78543,0.0
0.67375,1.81912,0.0
0.67375,1.8528,0.0
0.67375,1.88649,0.0
0.67375,1.92018,0.0
0.67375,1.95387,0.0
0.67375,1.98755,0.0
0.67375,2.02124,0.0
0.67375,2.05493,0.0
0.67375,2.08862,0.0
0.67375,2.1223,0.0
0.67375,2.15599,0.0
0.67375,2.18968,0.0
0.67375,2.22336,0.0
0.67375,2.25705,0.0
0.67375,2.29074,0.0
0.67375,2.32443,0.0
0.67375,2.35811,0.0
0.67375,2.3918,0.0
0.67375,2.42549,0.0
0.67375,2.45918,0.0
0.67375,2.49286,0.0
0.67375,2.52655,0.0
0.67375,2.56024,0.0
0.67375,2.59393,0.0
0.67375,2.62761,0.0
0.67375,2.6613,0.0
0.67375,2.69499,0.0
0.67375,2.72868,0.0
0.67375,2.76236,0.0
0.67375,2.79605,0.0
0.67375,2.82974,0.0
0.67375,2.86342,0.0
0.67375,2.89711,0.0
0.67375,2.9308,0.0
0.67375,2.96449,0.0
0.67375,2.99817,0.0
0.67375,3.03186,0.0
0.67375,3.06555,0.0
0.67375,3.09924,0.0
0.67375,3.13292,0.0
0.67375,3.16661,0.0
0.67375,3.2003,0.0
0.70743,-3.2003,0.0
0.70743,-3.16661,0.0
0.70743,-3.13292,0.0
0.70743,-3.09924,0.0
0.70743,-3.06555,0.0
0.70743,-3.03186,0.0
0.70743,-2.99817,0.0
0.70743,-2.96449,0.0
0.70743,-2.9308,0.0
0.70743,-2.89711,0.0
0.70743,-2.86342,0.0
0.70743,-2.82974,0.0
0.70743,-2.79605,0.0
0.70743,-2.76236,0.0
0.70743,-2.72868,0.0
0.70743,-2.69499,0.0
0.70743,-2.6613,0.0
0.70743,-2.62761,0.0
0.70743,-2.59393,0.0
0.70743,-2.56024,0.0
0.70743,-2.52655,0.0
0.70743,-2.49286,0.0
0.70743,-2.45918,0.0
0.70743,-2.42549,0.0
0.70743,-2.3918,0.0
0.70743,-2.35811,0.0
0.70743,-2.32443,0.0
0.70743,-2.29074,0.0
0.70743,-2.25705,0.0
0.70743,-2.22336,0.0
0.70743,-2.18968,0.0
0.70743,-2.15599,0.0
0.70743,-2.1223,0.0
0.70743,-2.08862,0.0
0.70743,-2.05493,0.0
0.70743,-2.02124,0.0
0.70743,-1.98755,0.0
0.70743,-1.95387,0.0
0.70743,-1.92018,0.0
0.70743,-1.88649,0.0
0.70743,-1.8528,0.0
0.70743,-1.81912,0.0
0.70743,-1.78543,0.0
0.70743,-1.75174,0.0
0.70743,-1.71805,0.0
0.70743,-1.68437,0.0
0.70743,-1.65068,0.0
0.70743,-1.61699,0.0
0.70743,-1.58331,0.0
0.70743,-1.54962,0.0
0.70743,-1.51593,0.0
0.70743,-1.48224,0.0
0.70743,-1.44856,0.0
0.70743,-1.41487,0.0
0.70743,-1.38118,0.0
0.70743,-1.34749,0.0
0.70743,-1.31381,0.0
0.70743,-1.28012,0.0
0.70743,-1.24643,0.0
0.70743,-1.21274,0.0
0.70743,-1.17906,0.0
0.70743,-1.14537,0.0
0.70743,-1.11168,0.0
0.70743,-1.078,0.0
0.70743,-1.04431,0.0
0.70743,-1.01062,0.0
0.70743,-0.97693,0.0
0.70743,-0.94325,0.0
0.70743,-0.90956,0.0
0.70743,-0.87587,0.0
0.70743,-0.84218,0.0
0.70743,-0.8085,0.0
0.70743,-0.77481,0.0
0.70743,-0.74112,0.0
0.70743,-0.70743,0.0
0.70743,-0.67375,0.0
0.70743,-0.64006,0.0
0.70743,-0.60637,0.0
0.70743,-0.57268,0.0
0.70743,-0.539,0.0
0.70743,-0.50531,0.0
0.70743,-0.47162,0.0
0.70743,-0.43794,0.0
0.70743,-0.40425,0.0
0.70743,-0.37056,0.0
0.70743,-0.33687,0.0
0.70743,-0.30319,0.0
0.70743,-0.2695,0.0
0.70743,-0.23581,0.0
0.70743,-0.20212,0.0
0.70743,-0.16844,0.0
0.70743,-0.13475,0.0
0.70743,-0.10106,0.0
0.70743,-0.06737,0.0
0.70743,-0.03369,0.0
0.70743,0,0.0
0.70743,0.03369,0.0
0.70743,0.06737,0.0
0.70743,0.10106,0.0
0.70743,0.13475,0.0
0.70743,0.16844,0.0
0.70743,0.20212,0.0
0.70743,0.23581,0.0
0.70743,0.2695,0.0
0.70743,0.30319,0.0
0.70743,0.33687,0.0
0.70743,0.37056,0.0
0.70743,0.40425,0.0
0.70743,0.43794,0.0
0.70743,0.47162,0.0
0.70743,0.50531,0.0
0.70743,0.539,0.0
0.70743,0.57268,0.0
0.70743,0.60637,0.0
0.70743,0.64006,0.0
0.70743,0.67375,0.0
0.70743,0.70743,0.0
0.70743,0.74112,0.0
0.70743,0.77481,0.0
0.70743,0.8085,0.0
0.70743,0.84218,0.0
0.70743,0.87587,0.0
0.70743,0.90956,0.0
0.70743,0.94325,0.0
0.70743,0.97693,0.0
0.70743,1.01062,0.0
0.70743,1.04431,0.0
0.70743,1.078,0.0
0.70743,1.11168,0.0
0.70743,1.14537,0.0
0.70743,1.17906,0.0
0.70743,1.21274,0.0
0.70743,1.24643,0.0
0.70743,1.28012,0.0
0.70743,1.31381,0.0
0.70743,1.34749,0.0
0.70743,1.38118,0.0
0.70743,1.41487,0.0
0.70743,1.44856,0.0
0.70743,1.48224,0.0
0.70743,1.51593,0.0
0.70743,1.54962,0.0
0.70743,1.58331,0.0
0.70743,1.61699,0.0
0.70743,1.65068,0.0
0.70743,1.68437,0.0
0.70743,1.71805,0.0
0.70743,1.75174,0.0
0.70743,1.78543,0.0
0.70743,1.81912,0.0
0.70743,1.8528,0.0
0.70743,1.88649,0.0
0.70743,1.92018,0.0
0.70743,1.95387,0.0
0.70743,1.98755,0.0
0.70743,2.02124,0.0
0.70743,2.05493,0.0
0.70743,2.08862,0.0
0.70743,2.1223,0.0
0.70743,2.15599,0.0
0.70743,2.18968,0.0
0.70743,2.22336,0.0
0.70743,2.25705,0.0
0.70743,2.29074,0.0
0.70743,2.32443,0.0
0.70743,2.35811,0.0
0.70743,2.3918,0.0
0.70743,2.42549,0.0
0.70743,2.45918,0.0
0.70743,2.49286,0.0
0.70743,2.52655,0.0
0.70743,2.56024,0.0
0.70743,2.59393,0.0
0.70743,2.62761,0.0
0.70743,2.6613,0.0
0.70743,2.69499,0.0
0.70743,2.72868,0.0
0.70743,2.76236,0.0
0.70743,2.79605,0.0
0.70743,2.82974,0.0
0.70743,2.86342,0.0
0.70743,2.89711,0.0
0.70743,2.9308,0.0
0.70743,2.96449,0.0
0.70743,2.99817,0.0
0.70743,3.03186,0.0
0.70743,3.06555,0.0
0.70743,3.09924,0.0
0.70743,3.13292,0.0
0.70743,3.16661,0.0
0.70743,3.2003,0.0
0.74112,-3.2003,0.0
0.74112,-3.16661,0.0
0.74112,-3.13292,0.0
0.74112,-3.09924,0.0
0.74112,-3.06555,0.0
0.74112,-3.03186,0.0
0.74112,-2.99817,0.0
0.74112,-2.96449,0.0
0.74112,-2.9308,0.0
0.74112,-2.89711,0.0
0.74112,-2.86342,0.0
0.74112,-2.82974,0.0
0.74112,-2.79605,0.0
0.74112,-2.76236,0.0
0.74112,-2.72868,0.0
0.74112,-2.69499,0.0
0.74112,-2.6613,0.0
0.74112,-2.62761,0.0
0.74112,-2.59393,0.0
0.74112,-2.56024,0.0
0.74112,-2.52655,0.0
0.74112,-2.49286,0.0
0.74112,-2.45918,0.0
0.74112,-2.42549,0.0
0.74112,-2.3918,0.0
0.74112,-2.35811,0.0
0.74112,-2.32443,0.0
0.74112,-2.29074,0.0
0.74112,-2.25705,0.0
0.74112,-2.22336,0.0
0.74112,-2.18968,0.0
0.74112,-2.15599,0.0
0.74112,-2.1223,0.0
0.74112,-2.08862,0.0
0.74112,-2.05493,0.0
0.74112,-2.02124,0.0
0.74112,-1.98755,0.0
0.74112,-1.95387,0.0
0.74112,-1.92018,0.0
0.74112,-1.88649,0.0
0.74112,-1.8528,0.0
0.74112,-1.81912,0.0
0.74112,-1.78543,0.0
0.74112,-1.75174,0.0
0.74112,-1.71805,0.0
0.74112,-1.68437,0.0
0.74112,-1.65068,0.0
0.74112,-1.61699,0.0
0.74112,-1.58331,0.0
0.74112,-1.54962,0.0
0.74112,-1.51593,0.0
0.74112,-1.48224,0.0
0.74112,-1.44856,0.0
0.74112,-1.41487,0.0
0.74112,-1.38118,0.0
0.74112,-1.34749,0.0
0.74112,-1.31381,0.0
0.74112,-1.28012,0.0
0.74112,-1.24643,0.0
0.74112,-1.21274,0.0
0.74112,-1.17906,0.0
0.74112,-1.14537,0.0
0.74112,-1.11168,0.0
0.74112,-1.078,0.0
0.74112,-1.04431,0.0
0.74112,-1.01062,0.0
0.74112,-0.97693,0.0
0.74112,-0.94325,0.0
0.74112,-0.90956,0.0
0.74112,-0.87587,0.0
0.74112,-0.84218,0.0
0.74112,-0.8085,0.0
0.74112,-0.77481,0.0
0.74112,-0.74112,0.0
0.74112,-0.70743,0.0
0.74112,-0.67375,0.0
0.74112,-0.64006,0.0
0.74112,-0.60637,0.0
0.74112,-0.57268,0.0
0.74112,-0.539,0.0
0.74112,-0.50531,0.0
0.74112,-0.47162,0.0
0.74112,-0.43794,0.0
0.74112,-0.40425,0.0
0.74112,-0.37056,0.0
0.74112,-0.33687,0.0
0.74112,-0.30319,0.0
0.74112,-0.2695,0.0
0.74112,-0.23581,0.0
0.74112,-0.20212,0.0
0.74112,-0.16844,0.0
0.74112,-0.13475,0.0
0.74112,-0.10106,0.0
0.74112,-0.06737,0.0
0.74112,-0.03369,0.0
0.74112,0,0.0
0.74112,0.03369,0.0
0.74112,0.06737,0.0
0.74112,0.10106,0.0
0.74112,0.13475,0.0
0.74112,0.16844,0.0
0.74112,0.20212,0.0
0.74112,0.23581,0.0
0.74112,0.2695,0.0
0.74112,0.30319,0.0
0.74112,0.33687,0.0
0.74112,0.37056,0.0
0.74112,0.40425,0.0
0.74112,0.43794,0.0
0.74112,0.47162,0.0
0.74112,0.50531,0.0
0.74112,0.539,0.0
0.74112,0.57268,0.0
0.74112,0.60637,0.0
0.74112,0.64006,0.0
0.74112,0.67375,0.0
0.74112,0.70743,0.0
0.74112,0.74112,0.0
0.74112,0.77481,0.0
0.74112,0.8085,0.0
0.74112,0.84218,0.0
0.74112,0.87587,0.0
0.74112,0.90956,0.0
0.74112,0.94325,0.0
0.74112,0.97693,0.0
0.74112,1.01062,0.0
0.74112,1.04431,0.0
0.74112,1.078,0.0
0.74112,1.11168,0.0
0.74112,1.14537,0.0
0.74112,1.17906,0.0
0.74112,1.21274,0.0
0.74112,1.24643,0.0
0.74112,1.28012,0.0
0.74112,1.31381,0.0
0.74112,1.34749,0.0
0.74112,1.38118,0.0
0.74112,1.41487,0.0
0.74112,1.44856,0.0
0.74112,1.48224,0.0
0.74112,1.51593,0.0
0.74112,1.54962,0.0
0.74112,1.58331,0.0
0.74112,1.61699,0.0
0.74112,1.65068,0.0
0.74112,1.68437,0.0
0.74112,1.71805,0.0
0.74112,1.75174,0.0
0.74112,1.78543,0.0
0.74112,1.81912,0.0
0.74112,1.8528,0.0
0.74112,1.88649,0.0
0.74112,1.92018,0.0
0.74112,1.95387,0.0
0.74112,1.98755,0.0
0.74112,2.02124,0.0
0.74112,2.05493,0.0
0.74112,2.08862,0.0
0.74112,2.1223,0.0
0.74112,2.15599,0.0
0.74112,2.18968,0.0
0.74112,2.22336,0.0
0.74112,2.25705,0.0
0.74112,2.29074,0.0
0.74112,2.32443,0.0
0.74112,2.35811,0.0
0.74112,2.3918,0.0
0.74112,2.42549,0.0
0.74112,2.45918,0.0
0.74112,2.49286,0.0
0.74112,2.52655,0.0
0.74112,2.56024,0.0
0.74112,2.59393,0.0
0.74112,2.62761,0.0
0.74112,2.6613,0.0
0.74112,2.69499,0.0
0.74112,2.72868,0.0
0.74112,2.76236,0.0
0.74112,2.79605,0.0
0.74112,2.82974,0.0
0.74112,2.86342,0.0
0.74112,2.89711,0.0
0.74112,2.9308,0.0
0.74112,2.96449,0.0
0.74112,2.99817,0.0
0.74112,3.03186,0.0
0.74112,3.06555,0.0
0.74112,3.09924,0.0
0.74112,3.13292,0.0
0.74112,3.16661,0.0
0.74112,3.2003,0.0
0.77481,-3.2003,0.0
0.77481,-3.16661,0.0
0.77481,-3.13292,0.0
0.77481,-3.09924,0.0
0.77481,-3.06555,0.0
0.77481,-3.03186,0.0
0.77481,-2.99817,0.0
0.77481,-2.96449,0.0
0.77481,-2.9308,0.0
0.77481,-2.89711,0.0
0.77481,-2.86342,0.0
0.77481,-2.82974,0.0
0.77481,-2.79605,0.0
0.77481,-2.76236,0.0
0.77481,-2.72868,0.0
0.77481,-2.69499,0.0
0.77481,-2.6613,0.0
0.77481,-2.62761,0.0
0.77481,-2.59393,0.0
0.77481,-2.56024,0.0
0.77481,-2.52655,0.0
0.77481,-2.49286,0.0
0.77481,-2.45918,0.0
0.77481,-2.42549,0.0
0.77481,-2.3918,0.0
0.77481,-2.35811,0.0
0.77481,-2.32443,0.0
0.77481,-2.29074,0.0
0.77481,-2.25705,0.0
0.77481,-2.22336,0.0
0.77481,-2.18968,0.0
0.77481,-2.15599,0.0
0.77481,-2.1223,0.0
0.77481,-2.08862,0.0
0.77481,-2.05493,0.0
0.77481,-2.02124,0.0
0.77481,-1.98755,0.0
0.77481,-1.95387,0.0
0.77481,-1.92018,0.0
0.77481,-1.88649,0.0
0.77481,-1.8528,0.0
0.77481,-1.81912,0.0
0.77481,-1.78543,0.0
0.77481,-1.75174,0.0
0.77481,-1.71805,0.0
0.77481,-1.68437,0.0
0.77481,-1.65068,0.0
0.77481,-1.61699,0.0
0.77481,-1.58331,0.0
0.77481,-1.54962,0.0
0.77481,-1.51593,0.0
0.77481,-1.48224,0.0
0.77481,-1.44856,0.0
0.77481,-1.41487,0.0
0.77481,-1.38118,0.0
0.77481,-1.34749,0.0
0.77481,-1.31381,0.0
0.77481,-1.28012,0.0
0.77481,-1.24643,0.0
0.77481,-1.21274,0.0
0.77481,-1.17906,0.0
0.77481,-1.14537,0.0
0.77481,-1.11168,0.0
0.77481,-1.078,0.0
0.77481,-1.04431,0.0
0.77481,-1.01062,0.0
0.77481,-0.97693,0.0
0.77481,-0.94325,0.0
0.77481,-0.90956,0.0
0.77481,-0.87587,0.0
0.77481,-0.84218,0.0
0.77481,-0.8085,0.0
0.77481,-0.77481,0.0
0.77481,-0.74112,0.0
0.77481,-0.70743,0.0
0.77481,-0.67375,0.0
0.77481,-0.64006,0.0
0.77481,-0.60637,0.0
0.77481,-0.57268,0.0
0.77481,-0.539,0.0
0.77481,-0.50531,0.0
0.77481,-0.47162,0.0
0.77481,-0.43794,0.0
0.77481,-0.40425,0.0
0.77481,-0.37056,0.0
0.77481,-0.33687,0.0
0.77481,-0.30319,0.0
0.77481,-0.2695,0.0
0.77481,-0.23581,0.0
0.77481,-0.20212,0.0
0.77481,-0.16844,0.0
0.77481,-0.13475,0.0
0.77481,-0.10106,0.0
0.77481,-0.06737,0.0
0.77481,-0.03369,0.0
0.77481,0,0.0
0.77481,0.03369,0.0
0.77481,0.06737,0.0
0.77481,0.10106,0.0
0.77481,0.13475,0.0
0.77481,0.16844,0.0
0.77481,0.20212,0.0
0.77481,0.23581,0.0
0.77481,0.2695,0.0
0.77481,0.30319,0.0
0.77481,0.33687,0.0
0.77481,0.37056,0.0
0.77481,0.40425,0.0
0.77481,0.43794,0.0
0.77481,0.47162,0.0
0.77481,0.50531,0.0
0.77481,0.539,0.0
0.77481,0.57268,0.0
0.77481,0.60637,0.0
0.77481,0.64006,0.0
0.77481,0.67375,0.0
0.77481,0.70743,0.0
0.77481,0.74112,0.0
0.77481,0.77481,0.0
0.77481,0.8085,0.0
0.77481,0.84218,0.0
0.77481,0.87587,0.0
0.77481,0.90956,0.0
0.77481,0.94325,0.0
0.77481,0.97693,0.0
0.77481,1.01062,0.0
0.77481,1.04431,0.0
0.77481,1.078,0.0
0.77481,1.11168,0.0
0.77481,1.14537,0.0
0.77481,1.17906,0.0
0.77481,1.21274,0.0
0.77481,1.24643,0.0
0.77481,1.28012,0.0
0.77481,1.31381,0.0
0.77481,1.34749,0.0
0.77481,1.38118,0.0
0.77481,1.41487,0.0
0.77481,1.44856,0.0
0.77481,1.48224,0.0
0.77481,1.51593,0.0
0.77481,1.54962,0.0
0.77481,1.58331,0.0
0.77481,1.61699,0.0
0.77481,1.65068,0.0
0.77481,1.68437,0.0
0.77481,1.71805,0.0
0.77481,1.75174,0.0
0.77481,1.78543,0.0
0.77481,1.81912,0.0
0.77481,1.8528,0.0
0.77481,1.88649,0.0
0.77481,1.92018,0.0
0.77481,1.95387,0.0
0.77481,1.98755,0.0
0.77481,2.02124,0.0
0.77481,2.05493,0.0
0.77481,2.08862,0.0
0.77481,2.1223,0.0
0.77481,2.15599,0.0
0.77481,2.18968,0.0
0.77481,2.22336,0.0
0.77481,2.25705,0.0
0.77481,2.29074,0.0
0.77481,2.32443,0.0
0.77481,2.35811,0.0
0.77481,2.3918,0.0
0.77481,2.42549,0.0
0.77481,2.45918,0.0
0.77481,2.49286,0.0
0.77481,2.52655,0.0
0.77481,2.56024,0.0
0.77481,2.59393,0.0
0.77481,2.62761,0.0
0.77481,2.6613,0.0
0.77481,2.69499,0.0
0.77481,2.72868,0.0
0.77481,2.76236,0.0
0.77481,2.79605,0.0
0.77481,2.82974,0.0
0.77481,2.86342,0.0
0.77481,2.89711,0.0
0.77481,2.9308,0.0
0.77481,2.96449,0.0
0.77481,2.99817,0.0
0.77481,3.03186,0.0
0.77481,3.06555,0.0
0.77481,3.09924,0.0
0.77481,3.13292,0.0
0.77481,3.16661,0.0
0.77481,3.2003,0.0
0.8085,-3.16661,0.0
0.8085,-3.13292,0.0
0.8085,-3.09924,0.0
0.8085,-3.06555,0.0
0.8085,-3.03186,0.0
0.8085,-2.99817,0.0
0.8085,-2.96449,0.0
0.8085,-2.9308,0.0
0.8085,-2.89711,0.0
0.8085,-2.86342,0.0
0.8085,-2.82974,0.0
0.8085,-2.79605,0.0
0.8085,-2.76236,0.0
0.8085,-2.72868,0.0
0.8085,-2.69499,0.0
0.8085,-2.6613,0.0
0.8085,-2.62761,0.0
0.8085,-2.59393,0.0
0.8085,-2.56024,0.0
0.8085,-2.52655,0.0
0.8085,-2.49286,0.0
0.8085,-2.45918,0.0
0.8085,-2.42549,0.0
0.8085,-2.3918,0.0
0.8085,-2.35811,0.0
0.8085,-2.32443,0.0
0.8085,-2.29074,0.0
0.8085,-2.25705,0.0
0.8085,-2.22336,0.0
0.8085,-2.18968,0.0
0.8085,-2.15599,0.0
0.8085,-2.1223,0.0
0.8085,-2.08862,0.0
0.8085,-2.05493,0.0
0.8085,-2.02124,0.0
0.8085,-1.98755,0.0
0.8085,-1.95387,0.0
0.8085,-1.92018,0.0
0.8085,-1.88649,0.0
0.8085,-1.8528,0.0
0.8085,-1.81912,0.0
0.8085,-1.78543,0.0
0.8085,-1.75174,0.0
0.8085,-1.71805,0.0
0.8085,-1.68437,0.0
0.8085,-1.65068,0.0
0.8085,-1.61699,0.0
0.8085,-1.58331,0.0
0.8085,-1.54962,0.0
0.8085,-1.51593,0.0
0.8085,-1.48224,0.0
0.8085,-1.44856,0.0
0.8085,-1.41487,0.0
0.8085,-1.38118,0.0
0.8085,-1.34749,0.0
0.8085,-1.31381,0.0
0.8085,-1.28012,0.0
0.8085,-1.24643,0.0
0.8085,-1.21274,0.0
0.8085,-1.17906,0.0
0.8085,-1.14537,0.0
0.8085,-1.11168,0.0
0.8085,-1.078,0.0
0.8085,-1.04431,0.0
0.8085,-1.01062,0.0
0.8085,-0.97693,0.0
0.8085,-0.94325,0.0
0.8085,-0.90956,0.0
0.8085,-0.87587,0.0
0.8085,-0.84218,0.0
0.8085,-0.8085,0.0
0.8085,-0.77481,0.0
0.8085,-0.74112,0.0
0.8085,-0.70743,0.0
0.8085,-0.67375,0.0
0.8085,-0.64006,0.0
0.8085,-0.60637,0.0
0.8085,-0.57268,0.0
0.8085,-0.539,0.0
0.8085,-0.50531,0.0
0.8085,-0.47162,0.0
0.8085,-0.43794,0.0
0.8085,-0.40425,0.0
0.8085,-0.37056,0.0
0.8085,-0.33687,0.0
0.8085,-0.30319,0.0
0.8085,-0.2695,0.0
0.8085,-0.23581,0.0
0.8085,-0.20212,0.0
0.8085,-0.16844,0.0
0.8085,-0.13475,0.0
0.8085,-0.10106,0.0
0.8085,-0.06737,0.0
0.8085,-0.03369,0.0
0.8085,0,0.0
0.8085,0.03369,0.0
0.8085,0.06737,0.0
0.8085,0.10106,0.0
0.8085,0.13475,0.0
0.8085,0.16844,0.0
0.8085,0.20212,0.0
0.8085,0.23581,0.0
0.8085,0.2695,0.0
0.8085,0.30319,0.0
0.8085,0.33687,0.0
0.8085,0.37056,0.0
0.8085,0.40425,0.0
0.8085,0.43794,0.0
0.8085,0.47162,0.0
0.8085,0.50531,0.0
0.8085,0.539,0.0
0.8085,0.57268,0.0
0.8085,0.60637,0.0
0.8085,0.64006,0.0
0.8085,0.67375,0.0
0.8085,0.70743,0.0
0.8085,0.74112,0.0
0.8085,0.77481,0.0
0.8085,0.8085,0.0
0.8085,0.84218,0.0
0.8085,0.87587,0.0
0.8085,0.90956,0.0
0.8085,0.94325,0.0
0.8085,0.97693,0.0
0.8085,1.01062,0.0
0.8085,1.04431,0.0
0.8085,1.078,0.0
0.8085,1.11168,0.0
0.8085,1.14537,0.0
0.8085,1.17906,0.0
0.8085,1.21274,0.0
0.8085,1.24643,0.0
0.8085,1.28012,0.0
0.8085,1.31381,0.0
0.8085,1.34749,0.0
0.8085,1.38118,0.0
0.8085,1.41487,0.0
0.8085,1.44856,0.0
0.8085,1.48224,0.0
0.8085,1.51593,0.0
0.8085,1.54962,0.0
0.8085,1.58331,0.0
0.8085,1.61699,0.0
0.8085,1.65068,0.0
0.8085,1.68437,0.0
0.8085,1.71805,0.0
0.8085,1.75174,0.0
0.8085,1.78543,0.0
0.8085,1.81912,0.0
0.8085,1.8528,0.0
0.8085,1.88649,0.0
0.8085,1.92018,0.0
0.8085,1.95387,0.0
0.8085,1.98755,0.0
0.8085,2.02124,0.0
0.8085,2.05493,0.0
0.8085,2.08862,0.0
0.8085,2.1223,0.0
0.8085,2.15599,0.0
0.8085,2.18968,0.0
0.8085,2.22336,0.0
0.8085,2.25705,0.0
0.8085,2.29074,0.0
0.8085,2.32443,0.0
0.8085,2.35811,0.0
0.8085,2.3918,0.0
0.8085,2.42549,0.0
0.8085,2.45918,0.0
0.8085,2.49286,0.0
0.8085,2.52655,0.0
0.8085,2.56024,0.0
0.8085,2.59393,0.0
0.8085,2.62761,0.0
0.8085,2.6613,0.0
0.8085,2.69499,0.0
0.8085,2.72868,0.0
0.8085,2.76236,0.0
0.8085,2.79605,0.0
0.8085,2.82974,0.0
0.8085,2.86342,0.0
0.8085,2.89711,0.0
0.8085,2.9308,0.0
0.8085,2.96449,0.0
0.8085,2.99817,0.0
0.8085,3.03186,0.0
0.8085,3.06555,0.0
0.8085,3.09924,0.0
0.8085,3.13292,0.0
0.8085,3.16661,0.0
0.84218,-3.16661,0.0
0.84218,-3.13292,0.0
0.84218,-3.09924,0.0
0.84218,-3.06555,0.0
0.84218,-3.03186,0.0
0.84218,-2.99817,0.0
0.84218,-2.96449,0.0
0.84218,-2.9308,0.0
0.84218,-2.89711,0.0
0.84218,-2.86342,0.0
0.84218,-2.82974,0.0
0.84218,-2.79605,0.0
0.84218,-2.76236,0.0
0.84218,-2.72868,0.0
0.84218,-2.69499,0.0
0.84218,-2.6613,0.0
0.84218,-2.62761,0.0
0.84218,-2.59393,0.0
0.84218,-2.56024,0.0
0.84218,-2.52655,0.0
0.84218,-2.49286,0.0
0.84218,-2.45918,0.0
0.84218,-2.42549,0.0
0.84218,-2.3918,0.0
0.84218,-2.35811,0.0
0.84218,-2.32443,0.0
0.84218,-2.29074,0.0
0.84218,-2.25705,0.0
0.84218,-2.22336,0.0
0.84218,-2.18968,0.0
0.84218,-2.15599,0.0
0.84218,-2.1223,0.0
0.84218,-2.08862,0.0
0.84218,-2.05493,0.0
0.84218,-2.02124,0.0
0.84218,-1.98755,0.0
0.84218,-1.95387,0.0
0.84218,-1.92018,0.0
0.84218,-1.88649,0.0
0.84218,-1.8528,0.0
0.84218,-1.81912,0.0
0.84218,-1.78543,0.0
0.84218,-1.75174,0.0
0.84218,-1.71805,0.0
0.84218,-1.68437,0.0
0.84218,-1.65068,0.0
0.84218,-1.61699,0.0
0.84218,-1.58331,0.0
0.84218,-1.54962,0.0
0.84218,-1.51593,0.0
0.84218,-1.48224,0.0
0.84218,-1.44856,0.0
0.84218,-1.41487,0.0
0.84218,-1.38118,0.0
0.84218,-1.34749,0.0
0.84218,-1.31381,0.0
0.84218,-1.28012,0.0
0.84218,-1.24643,0.0
0.84218,-1.21274,0.0
0.84218,-1.17906,0.0
0.84218,-1.14537,0.0
0.84218,-1.11168,0.0
0.84218,-1.078,0.0
0.84218,-1.04431,0.0
0.84218,-1.01062,0.0
0.84218,-0.97693,0.0
0.84218,-0.94325,0.0
0.84218,-0.90956,0.0
0.84218,-0.87587,0.0
0.84218,-0.84218,0.0
0.84218,-0.8085,0.0
0.84218,-0.77481,0.0
0.84218,-0.74112,0.0
0.84218,-0.70743,0.0
0.84218,-0.67375,0.0
0.84218,-0.64006,0.0
0.84218,-0.60637,0.0
0.84218,-0.57268,0.0
0.84218,-0.539,0.0
0.84218,-0.50531,0.0
0.84218,-0.47162,0.0
0.84218,-0.43794,0.0
0.84218,-0.40425,0.0
0.84218,-0.37056,0.0
0.84218,-0.33687,0.0
0.84218,-0.30319,0.0
0.84218,-0.2695,0.0
0.84218,-0.23581,0.0
0.84218,-0.20212,0.0
0.84218,-0.16844,0.0
0.84218,-0.13475,0.0
0.84218,-0.10106,0.0
0.84218,-0.06737,0.0
0.84218,-0.03369,0.0
0.84218,0,0.0
0.84218,0.03369,0.0
0.84218,0.06737,0.0
0.84218,0.10106,0.0
0.84218,0.13475,0.0
0.84218,0.16844,0.0
0.84218,0.20212,0.0
0.84218,0.23581,0.0
0.84218,0.2695,0.0
0.84218,0.30319,0.0
0.84218,0.33687,0.0
0.84218,0.37056,0.0
0.84218,0.40425,0.0
0.84218,0.43794,0.0
0.84218,0.47162,0.0
0.84218,0.50531,0.0
0.84218,0.539,0.0
0.84218,0.57268,0.0
0.84218,0.60637,0.0
0.84218,0.64006,0.0
0.84218,0.67375,0.0
0.84218,0.70743,0.0
0.84218,0.74112,0.0
0.84218,0.77481,0.0
0.84218,0.8085,0.0
0.84218,0.84218,0.0
0.84218,0.87587,0.0
0.84218,0.90956,0.0
0.84218,0.94325,0.0
0.84218,0.97693,0.0
0.84218,1.01062,0.0
0.84218,1.04431,0.0
0.84218,1.078,0.0
0.84218,1.11168,0.0
0.84218,1.14537,0.0
0.84218,1.17906,0.0
0.84218,1.21274,0.0
0.84218,1.24643,0.0
0.84218,1.28012,0.0
0.84218,1.31381,0.0
0.84218,1.34749,0.0
0.84218,1.38118,0.0
0.84218,1.41487,0.0
0.84218,1.44856,0.0
0.84218,1.48224,0.0
0.84218,1.51593,0.0
0.84218,1.54962,0.0
0.84218,1.58331,0.0
0.84218,1.61699,0.0
0.84218,1.65068,0.0
0.84218,1.68437,0.0
0.84218,1.71805,0.0
0.84218,1.75174,0.0
0.84218,1.78543,0.0
0.84218,1.81912,0.0
0.84218,1.8528,0.0
0.84218,1.88649,0.0
0.84218,1.92018,0.0
0.84218,1.95387,0.0
0.84218,1.98755,0.0
0.84218,2.02124,0.0
0.84218,2.05493,0.0
0.84218,2.08862,0.0
0.84218,2.1223,0.0
0.84218,2.15599,0.0
0.84218,2.18968,0.0
0.84218,2.22336,0.0
0.84218,2.25705,0.0
0.84218,2.29074,0.0
0.84218,2.32443,0.0
0.84218,2.35811,0.0
0.84218,2.3918,0.0
0.84218,2.42549,0.0
0.84218,2.45918,0.0
0.84218,2.49286,0.0
0.84218,2.52655,0.0
0.84218,2.56024,0.0
0.84218,2.59393,0.0
0.84218,2.62761,0.0
0.84218,2.6613,0.0
0.84218,2.69499,0.0
0.84218,2.72868,0.0
0.84218,2.76236,0.0
0.84218,2.79605,0.0
0.84218,2.82974,0.0
0.84218,2.86342,0.0
0.84218,2.89711,0.0
0.84218,2.9308,0.0
0.84218,2.96449,0.0
0.84218,2.99817,0.0
0.84218,3.03186,0.0
0.84218,3.06555,0.0
0.84218,3.09924,0.0
0.84218,3.13292,0.0
0.84218,3.16661,0.0
0.87587,-3.16661,0.0
0.87587,-3.13292,0.0
0.87587,-3.09924,0.0
0.87587,-3.06555,0.0
0.87587,-3.03186,0.0
0.87587,-2.99817,0.0
0.87587,-2.96449,0.0
0.87587,-2.9308,0.0
0.87587,-2.89711,0.0
0.87587,-2.86342,0.0
0.87587,-2.82974,0.0
0.87587,-2.79605,0.0
0.87587,-2.76236,0.0
0.87587,-2.72868,0.0
0.87587,-2.69499,0.0
0.87587,-2.6613,0.0
0.87587,-2.62761,0.0
0.87587,-2.59393,0.0
0.87587,-2.56024,0.0
0.87587,-2.52655,0.0
0.87587,-2.49286,0.0
0.87587,-2.45918,0.0
0.87587,-2.42549,0.0
0.87587,-2.3918,0.0
0.87587,-2.35811,0.0
0.87587,-2.32443,0.0
0.87587,-2.29074,0.0
0.87587,-2.25705,0.0
0.87587,-2.22336,0.0
0.87587,-2.18968,0.0
0.87587,-2.15599,0.0
0.87587,-2.1223,0.0
0.87587,-2.08862,0.0
0.87587,-2.05493,0.0
0.87587,-2.02124,0.0
0.87587,-1.98755,0.0
0.87587,-1.95387,0.0
0.87587,-1.92018,0.0
0.87587,-1.88649,0.0
0.87587,-1.8528,0.0
0.87587,-1.81912,0.0
0.87587,-1.78543,0.0
0.87587,-1.75174,0.0
0.87587,-1.71805,0.0
0.87587,-1.68437,0.0
0.87587,-1.65068,0.0
0.87587,-1.61699,0.0
0.87587,-1.58331,0.0
0.87587,-1.54962,0.0
0.87587,-1.51593,0.0
0.87587,-1.48224,0.0
0.87587,-1.44856,0.0
0.87587,-1.41487,0.0
0.87587,-1.38118,0.0
0.87587,-1.34749,0.0
0.87587,-1.31381,0.0
0.87587,-1.28012,0.0
0.87587,-1.24643,0.0
0.87587,-1.21274,0.0
0.87587,-1.17906,0.0
0.87587,-1.14537,0.0
0.87587,-1.11168,0.0
0.87587,-1.078,0.0
0.87587,-1.04431,0.0
0.87587,-1.01062,0.0
0.87587,-0.97693,0.0
0.87587,-0.94325,0.0
0.87587,-0.90956,0.0
0.87587,-0.87587,0.0
0.87587,-0.84218,0.0
0.87587,-0.8085,0.0
0.87587,-0.77481,0.0
0.87587,-0.74112,0.0
0.87587,-0.70743,0.0
0.87587,-0.67375,0.0
0.87587,-0.64006,0.0
0.87587,-0.60637,0.0
0.87587,-0.57268,0.0
0.87587,-0.539,0.0
0.87587,-0.50531,0.0
0.87587,-0.47162,0.0
0.87587,-0.43794,0.0
0.87587,-0.40425,0.0
0.87587,-0.37056,0.0
0.87587,-0.33687,0.0
0.87587,-0.30319,0.0
0.87587,-0.2695,0.0
0.87587,-0.23581,0.0
0.87587,-0.20212,0.0
0.87587,-0.16844,0.0
0.87587,-0.13475,0.0
0.87587,-0.10106,0.0
0.87587,-0.06737,0.0
0.87587,-0.03369,0.0
0.87587,0,0.0
0.87587,0.03369,0.0
0.87587,0.06737,0.0
0.87587,0.10106,0.0
0.87587,0.13475,0.0
0.87587,0.16844,0.0
0.87587,0.20212,0.0
0.87587,0.23581,0.0
0.87587,0.2695,0.0
0.87587,0.30319,0.0
0.87587,0.33687,0.0
0.87587,0.37056,0.0
0.87587,0.40425,0.0
0.87587,0.43794,0.0
0.87587,0.47162,0.0
0.87587,0.50531,0.0
0.87587,0.539,0.0
0.87587,0.57268,0.0
0.87587,0.60637,0.0
0.87587,0.64006,0.0
0.87587,0.67375,0.0
0.87587,0.70743,0.0
0.87587,0.74112,0.0
0.87587,0.77481,0.0
0.87587,0.8085,0.0
0.87587,0.84218,0.0
0.87587,0.87587,0.0
0.87587,0.90956,0.0
0.87587,0.94325,0.0
0.87587,0.97693,0.0
0.87587,1.01062,0.0
0.87587,1.04431,0.0
0.87587,1.078,0.0
0.87587,1.11168,0.0
0.87587,1.14537,0.0
0.87587,1.17906,0.0
0.87587,1.21274,0.0
0.87587,1.24643,0.0
0.87587,1.28012,0.0
0.87587,1.31381,0.0
0.87587,1.34749,0.0
0.87587,1.38118,0.0
0.87587,1.41487,0.0
0.87587,1.44856,0.0
0.87587,1.48224,0.0
0.87587,1.51593,0.0
0.87587,1.54962,0.0
0.87587,1.58331,0.0
0.87587,1.61699,0.0
0.87587,1.65068,0.0
0.87587,1.68437,0.0
0.87587,1.71805,0.0
0.87587,1.75174,0.0
0.87587,1.78543,0.0
0.87587,1.81912,0.0
0.87587,1.8528,0.0
0.87587,1.88649,0.0
0.87587,1.92018,0.0
0.87587,1.95387,0.0
0.87587,1.98755,0.0
0.87587,2.02124,0.0
0.87587,2.05493,0.0
0.87587,2.08862,0.0
0.87587,2.1223,0.0
0.87587,2.15599,0.0
0.87587,2.18968,0.0
0.87587,2.22336,0.0
0.87587,2.25705,0.0
0.87587,2.29074,0.0
0.87587,2.32443,0.0
0.87587,2.35811,0.0
0.87587,2.3918,0.0
0.87587,2.42549,0.0
0.87587,2.45918,0.0
0.87587,2.49286,0.0
0.87587,2.52655,0.0
0.87587,2.56024,0.0
0.87587,2.59393,0.0
0.87587,2.62761,0.0
0.87587,2.6613,0.0
0.87587,2.69499,0.0
0.87587,2.72868,0.0
0.87587,2.76236,0.0
0.87587,2.79605,0.0
0.87587,2.82974,0.0
0.87587,2.86342,0.0
0.87587,2.89711,0.0
0.87587,2.9308,0.0
0.87587,2.96449,0.0
0.87587,2.99817,0.0
0.87587,3.03186,0.0
0.87587,3.06555,0.0
0.87587,3.09924,0.0
0.87587,3.13292,0.0
0.87587,3.16661,0.0
0.90956,-3.16661,0.0
0.90956,-3.13292,0.0
0.90956,-3.09924,0.0
0.90956,-3.06555,0.0
0.90956,-3.03186,0.0
0.90956,-2.99817,0.0
0.90956,-2.96449,0.0
0.90956,-2.9308,0.0
0.90956,-2.89711,0.0
0.90956,-2.86342,0.0
0.90956,-2.82974,0.0
0.90956,-2.79605,0.0
0.90956,-2.76236,0.0
0.90956,-2.72868,0.0
0.90956,-2.69499,0.0
0.90956,-2.6613,0.0
0.90956,-2.62761,0.0
0.90956,-2.59393,0.0
0.90956,-2.56024,0.0
0.90956,-2.52655,0.0
0.90956,-2.49286,0.0
0.90956,-2.45918,0.0
0.90956,-2.42549,0.0
0.90956,-2.3918,0.0
0.90956,-2.35811,0.0
0.90956,-2.32443,0.0
0.90956,-2.29074,0.0
0.90956,-2.25705,0.0
0.90956,-2.22336,0.0
0.90956,-2.18968,0.0
0.90956,-2.15599,0.0
0.90956,-2.1223,0.0
0.90956,-2.08862,0.0
0.90956,-2.05493,0.0
0.90956,-2.02124,0.0
0.90956,-1.98755,0.0
0.90956,-1.95387,0.0
0.90956,-1.92018,0.0
0.90956,-1.88649,0.0
0.90956,-1.8528,0.0
0.90956,-1.81912,0.0
0.90956,-1.78543,0.0
0.90956,-1.75174,0.0
0.90956,-1.71805,0.0
0.90956,-1.68437,0.0
0.90956,-1.65068,0.0
0.90956,-1.61699,0.0
0.90956,-1.58331,0.0
0.90956,-1.54962,0.0
0.90956,-1.51593,0.0
0.90956,-1.48224,0.0
0.90956,-1.44856,0.0
0.90956,-1.41487,0.0
0.90956,-1.38118,0.0
0.90956,-1.34749,0.0
0.90956,-1.31381,0.0
0.90956,-1.28012,0.0
0.90956,-1.24643,0.0
0.90956,-1.21274,0.0
0.90956,-1.17906,0.0
0.90956,-1.14537,0.0
0.90956,-1.11168,0.0
0.90956,-1.078,0.0
0.90956,-1.04431,0.0
0.90956,-1.01062,0.0
0.90956,-0.97693,0.0
0.90956,-0.94325,0.0
0.90956,-0.90956,0.0
0.90956,-0.87587,0.0
0.90956,-0.84218,0.0
0.90956,-0.8085,0.0
0.90956,-0.77481,0.0
0.90956,-0.74112,0.0
0.90956,-0.70743,0.0
0.90956,-0.67375,0.0
0.90956,-0.64006,0.0
0.90956,-0.60637,0.0
0.90956,-0.57268,0.0
0.90956,-0.539,0.0
0.90956,-0.50531,0.0
0.90956,-0.47162,0.0
0.90956,-0.43794,0.0
0.90956,-0.40425,0.0
0.90956,-0.37056,0.0
0.90956,-0.33687,0.0
0.90956,-0.30319,0.0
0.90956,-0.2695,0.0
0.90956,-0.23581,0.0
0.90956,-0.20212,0.0
0.90956,-0.16844,0.0
0.90956,-0.13475,0.0
0.90956,-0.10106,0.0
0.90956,-0.06737,0.0
0.90956,-0.03369,0.0
0.90956,0,0.0
0.90956,0.03369,0.0
0.90956,0.06737,0.0
0.90956,0.10106,0.0
0.90956,0.13475,0.0
0.90956,0.16844,0.0
0.90956,0.20212,0.0
0.90956,0.23581,0.0
0.90956,0.2695,0.0
0.90956,0.30319,0.0
0.90956,0.33687,0.0
0.90956,0.37056,0.0
0.90956,0.40425,0.0
0.90956,0.43794,0.0
0.90956,0.47162,0.0
0.90956,0.50531,0.0
0.90956,0.539,0.0
0.90956,0.57268,0.0
0.90956,0.60637,0.0
0.90956,0.64006,0.0
0.90956,0.67375,0.0
0.90956,0.70743,0.0
0.90956,0.74112,0.0
0.90956,0.77481,0.0
0.90956,0.8085,0.0
0.90956,0.84218,0.0
0.90956,0.87587,0.0
0.90956,0.90956,0.0
0.90956,0.94325,0.0
0.90956,0.97693,0.0
0.90956,1.01062,0.0
0.90956,1.04431,0.0
0.90956,1.078,0.0
0.90956,1.11168,0.0
0.90956,1.14537,0.0
0.90956,1.17906,0.0
0.90956,1.21274,0.0
0.90956,1.24643,0.0
0.90956,1.28012,0.0
0.90956,1.31381,0.0
0.90956,1.34749,0.0
0.90956,1.38118,0.0
0.90956,1.41487,0.0
0.90956,1.44856,0.0
0.90956,1.48224,0.0
0.90956,1.51593,0.0
0.90956,1.54962,0.0
0.90956,1.58331,0.0
0.90956,1.61699,0.0
0.90956,1.65068,0.0
0.90956,1.68437,0.0
0.90956,1.71805,0.0
0.90956,1.75174,0.0
0.90956,1.78543,0.0
0.90956,1.81912,0.0
0.90956,1.8528,0.0
0.90956,1.88649,0.0
0.90956,1.92018,0.0
0.90956,1.95387,0.0
0.90956,1.98755,0.0
0.90956,2.02124,0.0
0.90956,2.05493,0.0
0.90956,2.08862,0.0
0.90956,2.1223,0.0
0.90956,2.15599,0.0
0.90956,2.18968,0.0
0.90956,2.22336,0.0
0.90956,2.25705,0.0
0.90956,2.29074,0.0
0.90956,2.32443,0.0
0.90956,2.35811,0.0
0.90956,2.3918,0.0
0.90956,2.42549,0.0
0.90956,2.45918,0.0
0.90956,2.49286,0.0
0.90956,2.52655,0.0
0.90956,2.56024,0.0
0.90956,2.59393,0.0
0.90956,2.62761,0.0
0.90956,2.6613,0.0
0.90956,2.69499,0.0
0.90956,2.72868,0.0
0.90956,2.76236,0.0
0.90956,2.79605,0.0
0.90956,2.82974,0.0
0.90956,2.86342,0.0
0.90956,2.89711,0.0
0.90956,2.9308,0.0
0.90956,2.96449,0.0
0.90956,2.99817,0.0
0.90956,3.03186,0.0
0.90956,3.06555,0.0
0.90956,3.09924,0.0
0.90956,3.13292,0.0
0.90956,3.16661,0.0
0.94325,-3.13292,0.0
0.94325,-3.09924,0.0
0.94325,-3.06555,0.0
0.94325,-3.03186,0.0
0.94325,-2.99817,0.0
0.94325,-2.96449,0.0
0.94325,-2.9308,0.0
0.94325,-2.89711,0.0
0.94325,-2.86342,0.0
0.94325,-2.82974,0.0
0.94325,-2.79605,0.0
0.94325,-2.76236,0.0
0.94325,-2.72868,0.0
0.94325,-2.69499,0.0
0.94325,-2.6613,0.0
0.94325,-2.62761,0.0
0.94325,-2.59393,0.0
0.94325,-2.56024,0.0
0.94325,-2.52655,0.0
0.94325,-2.49286,0.0
0.94325,-2.45918,0.0
0.94325,-2.42549,0.0
0.94325,-2.3918,0.0
0.94325,-2.35811,0.0
0.94325,-2.32443,0.0
0.94325,-2.29074,0.0
0.94325,-2.25705,0.0
0.94325,-2.22336,0.0
0.94325,-2.18968,0.0
0.94325,-2.15599,0.0
0.94325,-2.1223,0.0
0.94325,-2.08862,0.0
0.94325,-2.05493,0.0
0.94325,-2.02124,0.0
0.94325,-1.98755,0.0
0.94325,-1.95387,0.0
0.94325,-1.92018,0.0
0.94325,-1.88649,0.0
0.94325,-1.8528,0.0
0.94325,-1.81912,0.0
0.94325,-1.78543,0.0
0.94325,-1.75174,0.0
0.94325,-1.71805,0.0
0.94325,-1.68437,0.0
0.94325,-1.65068,0.0
0.94325,-1.61699,0.0
0.94325,-1.58331,0.0
0.94325,-1.54962,0.0
0.94325,-1.51593,0.0
0.94325,-1.48224,0.0
0.94325,-1.44856,0.0
0.94325,-1.41487,0.0
0.94325,-1.38118,0.0
0.94325,-1.34749,0.0
0.94325,-1.31381,0.0
0.94325,-1.28012,0.0
0.94325,-1.24643,0.0
0.94325,-1.21274,0.0
0.94325,-1.17906,0.0
0.94325,-1.14537,0.0
0.94325,-1.11168,0.0
0.94325,-1.078,0.0
0.94325,-1.04431,0.0
0.94325,-1.01062,0.0
0.94325,-0.97693,0.0
0.94325,-0.94325,0.0
0.94325,-0.90956,0.0
0.94325,-0.87587,0.0
0.94325,-0.84218,0.0
0.94325,-0.8085,0.0
0.94325,-0.77481,0.0
0.94325,-0.74112,0.0
0.94325,-0.70743,0.0
0.94325,-0.67375,0.0
0.94325,-0.64006,0.0
0.94325,-0.60637,0.0
0.94325,-0.57268,0.0
0.94325,-0.539,0.0
0.94325,-0.50531,0.0
0.94325,-0.47162,0.0
0.94325,-0.43794,0.0
0.94325,-0.40425,0.0
0.94325,-0.37056,0.0
0.94325,-0.33687,0.0
0.94325,-0.30319,0.0
0.94325,-0.2695,0.0
0.94325,-0.23581,0.0
0.94325,-0.20212,0.0
0.94325,-0.16844,0.0
0.94325,-0.13475,0.0
0.94325,-0.10106,0.0
0.94325,-0.06737,0.0
0.94325,-0.03369,0.0
0.94325,0,0.0
0.94325,0.03369,0.0
0.94325,0.06737,0.0
0.94325,0.10106,0.0
0.94325,0.13475,0.0
0.94325,0.16844,0.0
0.94325,0.20212,0.0
0.94325,0.23581,0.0
0.94325,0.2695,0.0
0.94325,0.30319,0.0
0.94325,0.33687,0.0
0.94325,0.37056,0.0
0.94325,0.40425,0.0
0.94325,0.43794,0.0
0.94325,0.47162,0.0
0.94325,0.50531,0.0
0.94325,0.539,0.0
0.94325,0.57268,0.0
0.94325,0.60637,0.0
0.94325,0.64006,0.0
0.94325,0.67375,0.0
0.94325,0.70743,0.0
0.94325,0.74112,0.0
0.94325,0.77481,0.0
0.94325,0.8085,0.0
0.94325,0.84218,0.0
0.94325,0.87587,0.0
0.94325,0.90956,0.0
0.94325,0.94325,0.0
0.94325,0.97693,0.0
0.94325,1.01062,0.0
0.94325,1.04431,0.0
0.94325,1.078,0.0
0.94325,1.11168,0.0
0.94325,1.14537,0.0
0.94325,1.17906,0.0
0.94325,1.21274,0.0
0.94325,1.24643,0.0
0.94325,1.28012,0.0
0.94325,1.31381,0.0
0.94325,1.34749,0.0
0.94325,1.38118,0.0
0.94325,1.41487,0.0
0.94325,1.44856,0.0
0.94325,1.48224,0.0
0.94325,1.51593,0.0
0.94325,1.54962,0.0
0.94325,1.58331,0.0
0.94325,1.61699,0.0
0.94325,1.65068,0.0
0.94325,1.68437,0.0
0.94325,1.71805,0.0
0.94325,1.75174,0.0
0.94325,1.78543,0.0
0.94325,1.81912,0.0
0.94325,1.8528,0.0
0.94325,1.88649,0.0
0.94325,1.92018,0.0
0.94325,1.95387,0.0
0.94325,1.98755,0.0
0.94325,2.02124,0.0
0.94325,2.05493,0.0
0.94325,2.08862,0.0
0.94325,2.1223,0.0
0.94325,2.15599,0.0
0.94325,2.18968,0.0
0.94325,2.22336,0.0
0.94325,2.25705,0.0
0.94325,2.29074,0.0
0.94325,2.32443,0.0
0.94325,2.35811,0.0
0.94325,2.3918,0.0
0.94325,2.42549,0.0
0.94325,2.45918,0.0
0.94325,2.49286,0.0
0.94325,2.52655,0.0
0.94325,2.56024,0.0
0.94325,2.59393,0.0
0.94325,2.62761,0.0
0.94325,2.6613,0.0
0.94325,2.69499,0.0
0.94325,2.72868,0.0
0.94325,2.76236,0.0
0.94325,2.79605,0.0
0.94325,2.82974,0.0
0.94325,2.86342,0.0
0.94325,2.89711,0.0
0.94325,2.9308,0.0
0.94325,2.96449,0.0
0.94325,2.99817,0.0
0.94325,3.03186,0.0
0.94325,3.06555,0.0
0.94325,3.09924,0.0
0.94325,3.13292,0.0
0.97693,-3.13292,0.0
0.97693,-3.09924,0.0
0.97693,-3.06555,0.0
0.97693,-3.03186,0.0
0.97693,-2.99817,0.0
0.97693,-2.96449,0.0
0.97693,-2.9308,0.0
0.97693,-2.89711,0.0
0.97693,-2.86342,0.0
0.97693,-2.82974,0.0
0.97693,-2.79605,0.0
0.97693,-2.76236,0.0
0.97693,-2.72868,0.0
0.97693,-2.69499,0.0
0.97693,-2.6613,0.0
0.97693,-2.62761,0.0
0.97693,-2.59393,0.0
0.97693,-2.56024,0.0
0.97693,-2.52655,0.0
0.97693,-2.49286,0.0
0.97693,-2.45918,0.0
0.97693,-2.42549,0.0
0.97693,-2.3918,0.0
0.97693,-2.35811,0.0
0.97693,-2.32443,0.0
0.97693,-2.29074,0.0
0.97693,-2.25705,0.0
0.97693,-2.22336,0.0
0.97693,-2.18968,0.0
0.97693,-2.15599,0.0
0.97693,-2.1223,0.0
0.97693,-2.08862,0.0
0.97693,-2.05493,0.0
0.97693,-2.02124,0.0
0.97693,-1.98755,0.0
0.97693,-1.95387,0.0
0.97693,-1.92018,0.0
0.97693,-1.88649,0.0
0.97693,-1.8528,0.0
0.97693,-1.81912,0.0
0.97693,-1.78543,0.0
0.97693,-1.75174,0.0
0.97693,-1.71805,0.0
0.97693,-1.68437,0.0
0.97693,-1.65068,0.0
0.97693,-1.61699,0.0
0.97693,-1.58331,0.0
0.97693,-1.54962,0.0
0.97693,-1.51593,0.0
0.97693,-1.48224,0.0
0.97693,-1.44856,0.0
0.97693,-1.41487,0.0
0.97693,-1.38118,0.0
0.97693,-1.34749,0.0
0.97693,-1.31381,0.0
0.97693,-1.28012,0.0
0.97693,-1.24643,0.0
0.97693,-1.21274,0.0
0.97693,-1.17906,0.0
0.97693,-1.14537,0.0
0.97693,-1.11168,0.0
0.97693,-1.078,0.0
0.97693,-1.04431,0.0
0.97693,-1.01062,0.0
0.97693,-0.97693,0.0
0.97693,-0.94325,0.0
0.97693,-0.90956,0.0
0.97693,-0.87587,0.0
0.97693,-0.84218,0.0
0.97693,-0.8085,0.0
0.97693,-0.77481,0.0
0.97693,-0.74112,0.0
0.97693,-0.70743,0.0
0.97693,-0.67375,0.0
0.97693,-0.64006,0.0
0.97693,-0.60637,0.0
0.97693,-0.57268,0.0
0.97693,-0.539,0.0
0.97693,-0.50531,0.0
0.97693,-0.47162,0.0
0.97693,-0.43794,0.0
0.97693,-0.40425,0.0
0.97693,-0.37056,0.0
0.97693,-0.33687,0.0
0.97693,-0.30319,0.0
0.97693,-0.2695,0.0
0.97693,-0.23581,0.0
0.97693,-0.20212,0.0
0.97693,-0.16844,0.0
0.97693,-0.13475,0.0
0.97693,-0.10106,0.0
0.97693,-0.06737,0.0
0.97693,-0.03369,0.0
0.97693,0,0.0
0.97693,0.03369,0.0
0.97693,0.06737,0.0
0.97693,0.10106,0.0
0.97693,0.13475,0.0
0.97693,0.16844,0.0
0.97693,0.20212,0.0
0.97693,0.23581,0.0
0.97693,0.2695,0.0
0.97693,0.30319,0.0
0.97693,0.33687,0.0
0.97693,0.37056,0.0
0.97693,0.40425,0.0
0.97693,0.43794,0.0
0.97693,0.47162,0.0
0.97693,0.50531,0.0
0.97693,0.539,0.0
0.97693,0.57268,0.0
0.97693,0.60637,0.0
0.97693,0.64006,0.0
0.97693,0.67375,0.0
0.97693,0.70743,0.0
0.97693,0.74112,0.0
0.97693,0.77481,0.0
0.97693,0.8085,0.0
0.97693,0.84218,0.0
0.97693,0.87587,0.0
0.97693,0.90956,0.0
0.97693,0.94325,0.0
0.97693,0.97693,0.0
0.97693,1.01062,0.0
0.97693,1.04431,0.0
0.97693,1.078,0.0
0.97693,1.11168,0.0
0.97693,1.14537,0.0
0.97693,1.17906,0.0
0.97693,1.21274,0.0
0.97693,1.24643,0.0
0.97693,1.28012,0.0
0.97693,1.31381,0.0
0.97693,1.34749,0.0
0.97693,1.38118,0.0
0.97693,1.41487,0.0
0.97693,1.44856,0.0
0.97693,1.48224,0.0
0.97693,1.51593,0.0
0.97693,1.54962,0.0
0.97693,1.58331,0.0
0.97693,1.61699,0.0
0.97693,1.65068,0.0
0.97693,1.68437,0.0
0.97693,1.71805,0.0
0.97693,1.75174,0.0
0.97693,1.78543,0.0
0.97693,1.81912,0.0
0.97693,1.8528,0.0
0.97693,1.88649,0.0
0.97693,1.92018,0.0
0.97693,1.95387,0.0
0.97693,1.98755,0.0
0.97693,2.02124,0.0
0.97693,2.05493,0.0
0.97693,2.08862,0.0
0.97693,2.1223,0.0
0.97693,2.15599,0.0
0.97693,2.18968,0.0
0.97693,2.22336,0.0
0.97693,2.25705,0.0
0.97693,2.29074,0.0
0.97693,2.32443,0.0
0.97693,2.35811,0.0
0.97693,2.3918,0.0
0.97693,2.42549,0.0
0.97693,2.45918,0.0
0.97693,2.49286,0.0
0.97693,2.52655,0.0
0.97693,2.56024,0.0
0.97693,2.59393,0.0
0.97693,2.62761,0.0
0.97693,2.6613,0.0
0.97693,2.69499,0.0
0.97693,2.72868,0.0
0.97693,2.76236,0.0
0.97693,2.79605,0.0
0.97693,2.82974,0.0
0.97693,2.86342,0.0
0.97693,2.89711,0.0
0.97693,2.9308,0.0
0.97693,2.96449,0.0
0.97693,2.99817,0.0
0.97693,3.03186,0.0
0.97693,3.06555,0.0
0.97693,3.09924,0.0
0.97693,3.13292,0.0
1.01062,-3.13292,0.0
1.01062,-3.09924,0.0
1.01062,-3.06555,0.0
1.01062,-3.03186,0.0
1.01062,-2.99817,0.0
1.01062,-2.96449,0.0
1.01062,-2.9308,0.0
1.01062,-2.89711,0.0
1.01062,-2.86342,0.0
1.01062,-2.82974,0.0
1.01062,-2.79605,0.0
1.01062,-2.76236,0.0
1.01062,-2.72868,0.0
1.01062,-2.69499,0.0
1.01062,-2.6613,0.0
1.01062,-2.62761,0.0
1.01062,-2.59393,0.0
1.01062,-2.56024,0.0
1.01062,-2.52655,0.0
1.01062,-2.49286,0.0
1.01062,-2.45918,0.0
1.01062,-2.42549,0.0
1.01062,-2.3918,0.0
1.01062,-2.35811,0.0
1.01062,-2.32443,0.0
1.01062,-2.29074,0.0
1.01062,-2.25705,0.0
1.01062,-2.22336,0.0
1.01062,-2.18968,0.0
1.01062,-2.15599,0.0
1.01062,-2.1223,0.0
1.01062,-2.08862,0.0
1.01062,-2.05493,0.0
1.01062,-2.02124,0.0
1.01062,-1.98755,0.0
1.01062,-1.95387,0.0
1.01062,-1.92018,0.0
1.01062,-1.88649,0.0
1.01062,-1.8528,0.0
1.01062,-1.81912,0.0
1.01062,-1.78543,0.0
1.01062,-1.75174,0.0
1.01062,-1.71805,0.0
1.01062,-1.68437,0.0
1.01062,-1.65068,0.0
1.01062,-1.61699,0.0
1.01062,-1.58331,0.0
1.01062,-1.54962,0.0
1.01062,-1.51593,0.0
1.01062,-1.48224,0.0
1.01062,-1.44856,0.0
1.01062,-1.41487,0.0
1.01062,-1.38118,0.0
1.01062,-1.34749,0.0
1.01062,-1.31381,0.0
1.01062,-1.28012,0.0
1.01062,-1.24643,0.0
1.01062,-1.21274,0.0
1.01062,-1.17906,0.0
1.01062,-1.14537,0.0
1.01062,-1.11168,0.0
1.01062,-1.078,0.0
1.01062,-1.04431,0.0
1.01062,-1.01062,0.0
1.01062,-0.97693,0.0
1.01062,-0.94325,0.0
1.01062,-0.90956,0.0
1.01062,-0.87587,0.0
1.01062,-0.84218,0.0
1.01062,-0.8085,0.0
1.01062,-0.77481,0.0
1.01062,-0.74112,0.0
1.01062,-0.70743,0.0
1.01062,-0.67375,0.0
1.01062,-0.64006,0.0
1.01062,-0.60637,0.0
1.01062,-0.57268,0.0
1.01062,-0.539,0.0
1.01062,-0.50531,0.0
1.01062,-0.47162,0.0
1.01062,-0.43794,0.0
1.01062,-0.40425,0.0
1.01062,-0.37056,0.0
1.01062,-0.33687,0.0
1.01062,-0.30319,0.0
1.01062,-0.2695,0.0
1.01062,-0.23581,0.0
1.01062,-0.20212,0.0
1.01062,-0.16844,0.0
1.01062,-0.13475,0.0
1.01062,-0.10106,0.0
1.01062,-0.06737,0.0
1.01062,-0.03369,0.0
1.01062,0,0.0
1.01062,0.03369,0.0
1.01062,0.06737,0.0
1.01062,0.10106,0.0
1.01062,0.13475,0.0
1.01062,0.16844,0.0
1.01062,0.20212,0.0
1.01062,0.23581,0.0
1.01062,0.2695,0.0
1.01062,0.30319,0.0
1.01062,0.33687,0.0
1.01062,0.37056,0.0
1.01062,0.40425,0.0
1.01062,0.43794,0.0
1.01062,0.47162,0.0
1.01062,0.50531,0.0
1.01062,0.539,0.0
1.01062,0.57268,0.0
1.01062,0.60637,0.0
1.01062,0.64006,0.0
1.01062,0.67375,0.0
1.01062,0.70743,0.0
1.01062,0.74112,0.0
1.01062,0.77481,0.0
1.01062,0.8085,0.0
1.01062,0.84218,0.0
1.01062,0.87587,0.0
1.01062,0.90956,0.0
1.01062,0.94325,0.0
1.01062,0.97693,0.0
1.01062,1.01062,0.0
1.01062,1.04431,0.0
1.01062,1.078,0.0
1.01062,1.11168,0.0
1.01062,1.14537,0.0
1.01062,1.17906,0.0
1.01062,1.21274,0.0
1.01062,1.24643,0.0
1.01062,1.28012,0.0
1.01062,1.31381,0.0
1.01062,1.34749,0.0
1.01062,1.38118,0.0
1.01062,1.41487,0.0
1.01062,1.44856,0.0
1.01062,1.48224,0.0
1.01062,1.51593,0.0
1.01062,1.54962,0.0
1.01062,1.58331,0.0
1.01062,1.61699,0.0
1.01062,1.65068,0.0
1.01062,1.68437,0.0
1.01062,1.71805,0.0
1.01062,1.75174,0.0
1.01062,1.78543,0.0
1.01062,1.81912,0.0
1.01062,1.8528,0.0
1.01062,1.88649,0.0
1.01062,1.92018,0.0
1.01062,1.95387,0.0
1.01062,1.98755,0.0
1.01062,2.02124,0.0
1.01062,2.05493,0.0
1.01062,2.08862,0.0
1.01062,2.1223,0.0
1.01062,2.15599,0.0
1.01062,2.18968,0.0
1.01062,2.22336,0.0
1.01062,2.25705,0.0
1.01062,2.29074,0.0
1.01062,2.32443,0.0
1.01062,2.35811,0.0
1.01062,2.3918,0.0
1.01062,2.42549,0.0
1.01062,2.45918,0.0
1.01062,2.49286,0.0
1.01062,2.52655,0.0
1.01062,2.56024,0.0
1.01062,2.59393,0.0
1.01062,2.62761,0.0
1.01062,2.6613,0.0
1.01062,2.69499,0.0
1.01062,2.72868,0.0
1.01062,2.76236,0.0
1.01062,2.79605,0.0
1.01062,2.82974,0.0
1.01062,2.86342,0.0
1.01062,2.89711,0.0
1.01062,2.9308,0.0
1.01062,2.96449,0.0
1.01062,2.99817,0.0
1.01062,3.03186,0.0
1.01062,3.06555,0.0
1.01062,3.09924,0.0
1.01062,3.13292,0.0
1.04431,-3.09924,0.0
1.04431,-3.06555,0.0
1.04431,-3.03186,0.0
1.04431,-2.99817,0.0
1.04431,-2.96449,0.0
1.04431,-2.9308,0.0
1.04431,-2.89711,0.0
1.04431,-2.86342,0.0
1.04431,-2.82974,0.0
1.04431,-2.79605,0.0
1.04431,-2.76236,0.0
1.04431,-2.72868,0.0
1.04431,-2.69499,0.0
1.04431,-2.6613,0.0
1.04431,-2.62761,0.0
1.04431,-2.59393,0.0
1.04431,-2.56024,0.0
1.04431,-2.52655,0.0
1.04431,-2.49286,0.0
1.04431,-2.45918,0.0
1.04431,-2.42549,0.0
1.04431,-2.3918,0.0
1.04431,-2.35811,0.0
1.04431,-2.32443,0.0
1.04431,-2.29074,0.0
1.04431,-2.25705,0.0
1.04431,-2.22336,0.0
1.04431,-2.18968,0.0
1.04431,-2.15599,0.0
1.04431,-2.1223,0.0
1.04431,-2.08862,0.0
1.04431,-2.05493,0.0
1.04431,-2.02124,0.0
1.04431,-1.98755,0.0
1.04431,-1.95387,0.0
1.04431,-1.92018,0.0
1.04431,-1.88649,0.0
1.04431,-1.8528,0.0
1.04431,-1.81912,0.0
1.04431,-1.78543,0.0
1.04431,-1.75174,0.0
1.04431,-1.71805,0.0
1.04431,-1.68437,0.0
1.04431,-1.65068,0.0
1.04431,-1.61699,0.0
1.04431,-1.58331,0.0
1.04431,-1.54962,0.0
1.04431,-1.51593,0.0
1.04431,-1.48224,0.0
1.04431,-1.44856,0.0
1.04431,-1.41487,0.0
1.04431,-1.38118,0.0
1.04431,-1.34749,0.0
1.04431,-1.31381,0.0
1.04431,-1.28012,0.0
1.04431,-1.24643,0.0
1.04431,-1.21274,0.0
1.04431,-1.17906,0.0
1.04431,-1.14537,0.0
1.04431,-1.11168,0.0
1.04431,-1.078,0.0
1.04431,-1.04431,0.0
1.04431,-1.01062,0.0
1.04431,-0.97693,0.0
1.04431,-0.94325,0.0
1.04431,-0.90956,0.0
1.04431,-0.87587,0.0
1.04431,-0.84218,0.0
1.04431,-0.8085,0.0
1.04431,-0.77481,0.0
1.04431,-0.74112,0.0
1.04431,-0.70743,0.0
1.04431,-0.67375,0.0
1.04431,-0.64006,0.0
1.04431,-0.60637,0.0
1.04431,-0.57268,0.0
1.04431,-0.539,0.0
1.04431,-0.50531,0.0
1.04431,-0.47162,0.0
1.04431,-0.43794,0.0
1.04431,-0.40425,0.0
1.04431,-0.37056,0.0
1.04431,-0.33687,0.0
1.04431,-0.30319,0.0
1.04431,-0.2695,0.0
1.04431,-0.23581,0.0
1.04431,-0.20212,0.0
1.04431,-0.16844,0.0
1.04431,-0.13475,0.0
1.04431,-0.10106,0.0
1.04431,-0.06737,0.0
1.04431,-0.03369,0.0
1.04431,0,0.0
1.04431,0.03369,0.0
1.04431,0.06737,0.0
1.04431,0.10106,0.0
1.04431,0.13475,0.0
1.04431,0.16844,0.0
1.04431,0.20212,0.0
1.04431,0.23581,0.0
1.04431,0.2695,0.0
1.04431,0.30319,0.0
1.04431,0.33687,0.0
1.04431,0.37056,0.0
1.04431,0.40425,0.0
1.04431,0.43794,0.0
1.04431,0.47162,0.0
1.04431,0.50531,0.0
1.04431,0.539,0.0
1.04431,0.57268,0.0
1.04431,0.60637,0.0
1.04431,0.64006,0.0
1.04431,0.67375,0.0
1.04431,0.70743,0.0
1.04431,0.74112,0.0
1.04431,0.77481,0.0
1.04431,0.8085,0.0
1.04431,0.84218,0.0
1.04431,0.87587,0.0
1.04431,0.90956,0.0
1.04431,0.94325,0.0
1.04431,0.97693,0.0
1.04431,1.01062,0.0
1.04431,1.04431,0.0
1.04431,1.078,0.0
1.04431,1.11168,0.0
1.04431,1.14537,0.0
1.04431,1.17906,0.0
1.04431,1.21274,0.0
1.04431,1.24643,0.0
1.04431,1.28012,0.0
1.04431,1.31381,0.0
1.04431,1.34749,0.0
1.04431,1.38118,0.0
1.04431,1.41487,0.0
1.04431,1.44856,0.0
1.04431,1.48224,0.0
1.04431,1.51593,0.0
1.04431,1.54962,0.0
1.04431,1.58331,0.0
1.04431,1.61699,0.0
1.04431,1.65068,0.0
1.04431,1.68437,0.0
1.04431,1.71805,0.0
1.04431,1.75174,0.0
1.04431,1.78543,0.0
1.04431,1.81912,0.0
1.04431,1.8528,0.0
1.04431,1.88649,0.0
1.04431,1.92018,0.0
1.04431,1.95387,0.0
1.04431,1.98755,0.0
1.04431,2.02124,0.0
1.04431,2.05493,0.0
1.04431,2.08862,0.0
1.04431,2.1223,0.0
1.04431,2.15599,0.0
1.04431,2.18968,0.0
1.04431,2.22336,0.0
1.04431,2.25705,0.0
1.04431,2.29074,0.0
1.04431,2.32443,0.0
1.04431,2.35811,0.0
1.04431,2.3918,0.0
1.04431,2.42549,0.0
1.04431,2.45918,0.0
1.04431,2.49286,0.0
1.04431,2.52655,0.0
1.04431,2.56024,0.0
1.04431,2.59393,0.0
1.04431,2.62761,0.0
1.04431,2.6613,0.0
1.04431,2.69499,0.0
1.04431,2.72868,0.0
1.04431,2.76236,0.0
1.04431,2.79605,0.0
1.04431,2.82974,0.0
1.04431,2.86342,0.0
1.04431,2.89711,0.0
1.04431,2.9308,0.0
1.04431,2.96449,0.0
1.04431,2.99817,0.0
1.04431,3.03186,0.0
1.04431,3.06555,0.0
1.04431,3.09924,0.0
1.078,-3.09924,0.0
1.078,-3.06555,0.0
1.078,-3.03186,0.0
1.078,-2.99817,0.0
1.078,-2.96449,0.0
1.078,-2.9308,0.0
1.078,-2.89711,0.0
1.078,-2.86342,0.0
1.078,-2.82974,0.0
1.078,-2.79605,0.0
1.078,-2.76236,0.0
1.078,-2.72868,0.0
1.078,-2.69499,0.0
1.078,-2.6613,0.0
1.078,-2.62761,0.0
1.078,-2.59393,0.0
1.078,-2.56024,0.0
1.078,-2.52655,0.0
1.078,-2.49286,0.0
1.078,-2.45918,0.0
1.078,-2.42549,0.0
1.078,-2.3918,0.0
1.078,-2.35811,0.0
1.078,-2.32443,0.0
1.078,-2.29074,0.0
1.078,-2.25705,0.0
1.078,-2.22336,0.0
1.078,-2.18968,0.0
1.078,-2.15599,0.0
1.078,-2.1223,0.0
1.078,-2.08862,0.0
1.078,-2.05493,0.0
1.078,-2.02124,0.0
1.078,-1.98755,0.0
1.078,-1.95387,0.0
1.078,-1.92018,0.0
1.078,-1.88649,0.0
1.078,-1.8528,0.0
1.078,-1.81912,0.0
1.078,-1.78543,0.0
1.078,-1.75174,0.0
1.078,-1.71805,0.0
1.078,-1.68437,0.0
1.078,-1.65068,0.0
1.078,-1.61699,0.0
1.078,-1.58331,0.0
1.078,-1.54962,0.0
1.078,-1.51593,0.0
1.078,-1.48224,0.0
1.078,-1.44856,0.0
1.078,-1.41487,0.0
1.078,-1.38118,0.0
1.078,-1.34749,0.0
1.078,-1.31381,0.0
1.078,-1.28012,0.0
1.078,-1.24643,0.0
1.078,-1.21274,0.0
1.078,-1.17906,0.0
1.078,-1.14537,0.0
1.078,-1.11168,0.0
1.078,-1.078,0.0
1.078,-1.04431,0.0
1.078,-1.01062,0.0
1.078,-0.97693,0.0
1.078,-0.94325,0.0
1.078,-0.90956,0.0
1.078,-0.87587,0.0
1.078,-0.84218,0.0
1.078,-0.8085,0.0
1.078,-0.77481,0.0
1.078,-0.74112,0.0
1.078,-0.70743,0.0
1.078,-0.67375,0.0
1.078,-0.64006,0.0
1.078,-0.60637,0.0
1.078,-0.57268,0.0
1.078,-0.539,0.0
1.078,-0.50531,0.0
1.078,-0.47162,0.0
1.078,-0.43794,0.0
1.078,-0.40425,0.0
1.078,-0.37056,0.0
1.078,-0.33687,0.0
1.078,-0.30319,0.0
1.078,-0.2695,0.0
1.078,-0.23581,0.0
1.078,-0.20212,0.0
1.078,-0.16844,0.0
1.078,-0.13475,0.0
1.078,-0.10106,0.0
1.078,-0.06737,0.0
1.078,-0.03369,0.0
1.078,0,0.0
1.078,0.03369,0.0
1.078,0.06737,0.0
1.078,0.10106,0.0
1.078,0.13475,0.0
1.078,0.16844,0.0
1.078,0.20212,0.0
1.078,0.23581,0.0
1.078,0.2695,0.0
1.078,0.30319,0.0
1.078,0.33687,0.0
1.078,0.37056,0.0
1.078,0.40425,0.0
1.078,0.43794,0.0
1.078,0.47162,0.0
1.078,0.50531,0.0
1.078,0.539,0.0
1.078,0.57268,0.0
1.078,0.60637,0.0
1.078,0.64006,0.0
1.078,0.67375,0.0
1.078,0.70743,0.0
1.078,0.74112,0.0
1.078,0.77481,0.0
1.078,0.8085,0.0
1.078,0.84218,0.0
1.078,0.87587,0.0
1.078,0.90956,0.0
1.078,0.94325,0.0
1.078,0.97693,0.0
1.078,1.01062,0.0
1.078,1.04431,0.0
1.078,1.078,0.0
1.078,1.11168,0.0
1.078,1.14537,0.0
1.078,1.17906,0.0
1.078,1.21274,0.0
1.078,1.24643,0.0
1.078,1.28012,0.0
1.078,1.31381,0.0
1.078,1.34749,0.0
1.078,1.38118,0.0
1.078,1.41487,0.0
1.078,1.44856,0.0
1.078,1.48224,0.0
1.078,1.51593,0.0
1.078,1.54962,0.0
1.078,1.58331,0.0
1.078,1.61699,0.0
1.078,1.65068,0.0
1.078,1.68437,0.0
1.078,1.71805,0.0
1.078,1.75174,0.0
1.078,1.78543,0.0
1.078,1.81912,0.0
1.078,1.8528,0.0
1.078,1.88649,0.0
1.078,1.92018,0.0
1.078,1.95387,0.0
1.078,1.98755,0.0
1.078,2.02124,0.0
1.078,2.05493,0.0
1.078,2.08862,0.0
1.078,2.1223,0.0
1.078,2.15599,0.0
1.078,2.18968,0.0
1.078,2.22336,0.0
1.078,2.25705,0.0
1.078,2.29074,0.0
1.078,2.32443,0.0
1.078,2.35811,0.0
1.078,2.3918,0.0
1.078,2.42549,0.0
1.078,2.45918,0.0
1.078,2.49286,0.0
1.078,2.52655,0.0
1.078,2.56024,0.0
1.078,2.59393,0.0
1.078,2.62761,0.0
1.078,2.6613,0.0
1.078,2.69499,0.0
1.078,2.72868,0.0
1.078,2.76236,0.0
1.078,2.79605,0.0
1.078,2.82974,0.0
1.078,2.86342,0.0
1.078,2.89711,0.0
1.078,2.9308,0.0
1.078,2.96449,0.0
1.078,2.99817,0.0
1.078,3.03186,0.0
1.078,3.06555,0.0
1.078,3.09924,0.0
1.11168,-3.09924,0.0
1.11168,-3.06555,0.0
1.11168,-3.03186,0.0
1.11168,-2.99817,0.0
1.11168,-2.96449,0.0
1.11168,-2.9308,0.0
1.11168,-2.89711,0.0
1.11168,-2.86342,0.0
1.11168,-2.82974,0.0
1.11168,-2.79605,0.0
1.11168,-2.76236,0.0
1.11168,-2.72868,0.0
1.11168,-2.69499,0.0
1.11168,-2.6613,0.0
1.11168,-2.62761,0.0
1.11168,-2.59393,0.0
1.11168,-2.56024,0.0
1.11168,-2.52655,0.0
1.11168,-2.49286,0.0
1.11168,-2.45918,0.0
1.11168,-2.42549,0.0
1.11168,-2.3918,0.0
1.11168,-2.35811,0.0
1.11168,-2.32443,0.0
1.11168,-2.29074,0.0
1.11168,-2.25705,0.0
1.11168,-2.22336,0.0
1.11168,-2.18968,0.0
1.11168,-2.15599,0.0
1.11168,-2.1223,0.0
1.11168,-2.08862,0.0
1.11168,-2.05493,0.0
1.11168,-2.02124,0.0
1.11168,-1.98755,0.0
1.11168,-1.95387,0.0
1.11168,-1.92018,0.0
1.11168,-1.88649,0.0
1.11168,-1.8528,0.0
1.11168,-1.81912,0.0
1.11168,-1.78543,0.0
1.11168,-1.75174,0.0
1.11168,-1.71805,0.0
1.11168,-1.68437,0.0
1.11168,-1.65068,0.0
1.11168,-1.61699,0.0
1.11168,-1.58331,0.0
1.11168,-1.54962,0.0
1.11168,-1.51593,0.0
1.11168,-1.48224,0.0
1.11168,-1.44856,0.0
1.11168,-1.41487,0.0
1.11168,-1.38118,0.0
1.11168,-1.34749,0.0
1.11168,-1.31381,0.0
1.11168,-1.28012,0.0
1.11168,-1.24643,0.0
1.11168,-1.21274,0.0
1.11168,-1.17906,0.0
1.11168,-1.14537,0.0
1.11168,-1.11168,0.0
1.11168,-1.078,0.0
1.11168,-1.04431,0.0
1.11168,-1.01062,0.0
1.11168,-0.97693,0.0
1.11168,-0.94325,0.0
1.11168,-0.90956,0.0
1.11168,-0.87587,0.0
1.11168,-0.84218,0.0
1.11168,-0.8085,0.0
1.11168,-0.77481,0.0
1.11168,-0.74112,0.0
1.11168,-0.70743,0.0
1.11168,-0.67375,0.0
1.11168,-0.64006,0.0
1.11168,-0.60637,0.0
1.11168,-0.57268,0.0
1.11168,-0.539,0.0
1.11168,-0.50531,0.0
1.11168,-0.47162,0.0
1.11168,-0.43794,0.0
1.11168,-0.40425,0.0
1.11168,-0.37056,0.0
1.11168,-0.33687,0.0
1.11168,-0.30319,0.0
1.11168,-0.2695,0.0
1.11168,-0.23581,0.0
1.11168,-0.20212,0.0
1.11168,-0.16844,0.0
1.11168,-0.13475,0.0
1.11168,-0.10106,0.0
1.11168,-0.06737,0.0
1.11168,-0.03369,0.0
1.11168,0,0.0
1.11168,0.03369,0.0
1.11168,0.06737,0.0
1.11168,0.10106,0.0
1.11168,0.13475,0.0
1.11168,0.16844,0.0
1.11168,0.20212,0.0
1.11168,0.23581,0.0
1.11168,0.2695,0.0
1.11168,0.30319,0.0
1.11168,0.33687,0.0
1.11168,0.37056,0.0
1.11168,0.40425,0.0
1.11168,0.43794,0.0
1.11168,0.47162,0.0
1.11168,0.50531,0.0
1.11168,0.539,0.0
1.11168,0.57268,0.0
1.11168,0.60637,0.0
1.11168,0.64006,0.0
1.11168,0.67375,0.0
1.11168,0.70743,0.0
1.11168,0.74112,0.0
1.11168,0.77481,0.0
1.11168,0.8085,0.0
1.11168,0.84218,0.0
1.11168,0.87587,0.0
1.11168,0.90956,0.0
1.11168,0.94325,0.0
1.11168,0.97693,0.0
1.11168,1.01062,0.0
1.11168,1.04431,0.0
1.11168,1.078,0.0
1.11168,1.11168,0.0
1.11168,1.14537,0.0
1.11168,1.17906,0.0
1.11168,1.21274,0.0
1.11168,1.24643,0.0
1.11168,1.28012,0.0
1.11168,1.31381,0.0
1.11168,1.34749,0.0
1.11168,1.38118,0.0
1.11168,1.41487,0.0
1.11168,1.44856,0.0
1.11168,1.48224,0.0
1.11168,1.51593,0.0
1.11168,1.54962,0.0
1.11168,1.58331,0.0
1.11168,1.61699,0.0
1.11168,1.65068,0.0
1.11168,1.68437,0.0
1.11168,1.71805,0.0
1.11168,1.75174,0.0
1.11168,1.78543,0.0
1.11168,1.81912,0.0
1.11168,1.8528,0.0
1.11168,1.88649,0.0
1.11168,1.92018,0.0
1.11168,1.95387,0.0
1.11168,1.98755,0.0
1.11168,2.02124,0.0
1.11168,2.05493,0.0
1.11168,2.08862,0.0
1.11168,2.1223,0.0
1.11168,2.15599,0.0
1.11168,2.18968,0.0
1.11168,2.22336,0.0
1.11168,2.25705,0.0
1.11168,2.29074,0.0
1.11168,2.32443,0.0
1.11168,2.35811,0.0
1.11168,2.3918,0.0
1.11168,2.42549,0.0
1.11168,2.45918,0.0
1.11168,2.49286,0.0
1.11168,2.52655,0.0
1.11168,2.56024,0.0
1.11168,2.59393,0.0
1.11168,2.62761,0.0
1.11168,2.6613,0.0
1.11168,2.69499,0.0
1.11168,2.72868,0.0
1.11168,2.76236,0.0
1.11168,2.79605,0.0
1.11168,2.82974,0.0
1.11168,2.86342,0.0
1.11168,2.89711,0.0
1.11168,2.9308,0.0
1.11168,2.96449,0.0
1.11168,2.99817,0.0
1.11168,3.03186,0.0
1.11168,3.06555,0.0
1.11168,3.09924,0.0
1.14537,-3.06555,0.0
1.14537,-3.03186,0.0
1.14537,-2.99817,0.0
1.14537,-2.96449,0.0
1.14537,-2.9308,0.0
1.14537,-2.89711,0.0
1.14537,-2.86342,0.0
1.14537,-2.82974,0.0
1.14537,-2.79605,0.0
1.14537,-2.76236,0.0
1.14537,-2.72868,0.0
1.14537,-2.69499,0.0
1.14537,-2.6613,0.0
1.14537,-2.62761,0.0
1.14537,-2.59393,0.0
1.14537,-2.56024,0.0
1.14537,-2.52655,0.0
1.14537,-2.49286,0.0
1.14537,-2.45918,0.0
1.14537,-2.42549,0.0
1.14537,-2.3918,0.0
1.14537,-2.35811,0.0
1.14537,-2.32443,0.0
1.14537,-2.29074,0.0
1.14537,-2.25705,0.0
1.14537,-2.22336,0.0
1.14537,-2.18968,0.0
1.14537,-2.15599,0.0
1.14537,-2.1223,0.0
1.14537,-2.08862,0.0
1.14537,-2.05493,0.0
1.14537,-2.02124,0.0
1.14537,-1.98755,0.0
1.14537,-1.95387,0.0
1.14537,-1.92018,0.0
1.14537,-1.88649,0.0
1.14537,-1.8528,0.0
1.14537,-1.81912,0.0
1.14537,-1.78543,0.0
1.14537,-1.75174,0.0
1.14537,-1.71805,0.0
1.14537,-1.68437,0.0
1.14537,-1.65068,0.0
1.14537,-1.61699,0.0
1.14537,-1.58331,0.0
1.14537,-1.54962,0.0
1.14537,-1.51593,0.0
1.14537,-1.48224,0.0
1.14537,-1.44856,0.0
1.14537,-1.41487,0.0
1.14537,-1.38118,0.0
1.14537,-1.34749,0.0
1.14537,-1.31381,0.0
1.14537,-1.28012,0.0
1.14537,-1.24643,0.0
1.14537,-1.21274,0.0
1.14537,-1.17906,0.0
1.14537,-1.14537,0.0
1.14537,-1.11168,0.0
1.14537,-1.078,0.0
1.14537,-1.04431,0.0
1.14537,-1.01062,0.0
1.14537,-0.97693,0.0
1.14537,-0.94325,0.0
1.14537,-0.90956,0.0
1.14537,-0.87587,0.0
1.14537,-0.84218,0.0
1.14537,-0.8085,0.0
1.14537,-0.77481,0.0
1.14537,-0.74112,0.0
1.14537,-0.70743,0.0
1.14537,-0.67375,0.0
1.14537,-0.64006,0.0
1.14537,-0.60637,0.0
1.14537,-0.57268,0.0
1.14537,-0.539,0.0
1.14537,-0.50531,0.0
1.14537,-0.47162,0.0
1.14537,-0.43794,0.0
1.14537,-0.40425,0.0
1.14537,-0.37056,0.0
1.14537,-0.33687,0.0
1.14537,-0.30319,0.0
1.14537,-0.2695,0.0
1.14537,-0.23581,0.0
1.14537,-0.20212,0.0
1.14537,-0.16844,0.0
1.14537,-0.13475,0.0
1.14537,-0.10106,0.0
1.14537,-0.06737,0.0
1.14537,-0.03369,0.0
1.14537,0,0.0
1.14537,0.03369,0.0
1.14537,0.06737,0.0
1.14537,0.10106,0.0
1.14537,0.13475,0.0
1.14537,0.16844,0.0
1.14537,0.20212,0.0
1.14537,0.23581,0.0
1.14537,0.2695,0.0
1.14537,0.30319,0.0
1.14537,0.33687,0.0
1.14537,0.37056,0.0
1.14537,0.40425,0.0
1.14537,0.43794,0.0
1.14537,0.47162,0.0
1.14537,0.50531,0.0
1.14537,0.539,0.0
1.14537,0.57268,0.0
1.14537,0.60637,0.0
1.14537,0.64006,0.0
1.14537,0.67375,0.0
1.14537,0.70743,0.0
1.14537,0.74112,0.0
1.14537,0.77481,0.0
1.14537,0.8085,0.0
1.14537,0.84218,0.0
1.14537,0.87587,0.0
1.14537,0.90956,0.0
1.14537,0.94325,0.0
1.14537,0.97693,0.0
1.14537,1.01062,0.0
1.14537,1.04431,0.0
1.14537,1.078,0.0
1.14537,1.11168,0.0
1.14537,1.14537,0.0
1.14537,1.17906,0.0
1.14537,1.21274,0.0
1.14537,1.24643,0.0
1.14537,1.28012,0.0
1.14537,1.31381,0.0
1.14537,1.34749,0.0
1.14537,1.38118,0.0
1.14537,1.41487,0.0
1.14537,1.44856,0.0
1.14537,1.48224,0.0
1.14537,1.51593,0.0
1.14537,1.54962,0.0
1.14537,1.58331,0.0
1.14537,1.61699,0.0
1.14537,1.65068,0.0
1.14537,1.68437,0.0
1.14537,1.71805,0.0
1.14537,1.75174,0.0
1.14537,1.78543,0.0
1.14537,1.81912,0.0
1.14537,1.8528,0.0
1.14537,1.88649,0.0
1.14537,1.92018,0.0
1.14537,1.95387,0.0
1.14537,1.98755,0.0
1.14537,2.02124,0.0
1.14537,2.05493,0.0
1.14537,2.08862,0.0
1.14537,2.1223,0.0
1.14537,2.15599,0.0
1.14537,2.18968,0.0
1.14537,2.22336,0.0
1.14537,2.25705,0.0
1.14537,2.29074,0.0
1.14537,2.32443,0.0
1.14537,2.35811,0.0
1.14537,2.3918,0.0
1.14537,2.42549,0.0
1.14537,2.45918,0.0
1.14537,2.49286,0.0
1.14537,2.52655,0.0
1.14537,2.56024,0.0
1.14537,2.59393,0.0
1.14537,2.62761,0.0
1.14537,2.6613,0.0
1.14537,2.69499,0.0
1.14537,2.72868,0.0
1.14537,2.76236,0.0
1.14537,2.79605,0.0
1.14537,2.82974,0.0
1.14537,2.86342,0.0
1.14537,2.89711,0.0
1.14537,2.9308,0.0
1.14537,2.96449,0.0
1.14537,2.99817,0.0
1.14537,3.03186,0.0
1.14537,3.06555,0.0
1.17906,-3.06555,0.0
1.17906,-3.03186,0.0
1.17906,-2.99817,0.0
1.17906,-2.96449,0.0
1.17906,-2.9308,0.0
1.17906,-2.89711,0.0
1.17906,-2.86342,0.0
1.17906,-2.82974,0.0
1.17906,-2.79605,0.0
1.17906,-2.76236,0.0
1.17906,-2.72868,0.0
1.17906,-2.69499,0.0
1.17906,-2.6613,0.0
1.17906,-2.62761,0.0
1.17906,-2.59393,0.0
1.17906,-2.56024,0.0
1.17906,-2.52655,0.0
1.17906,-2.49286,0.0
1.17906,-2.45918,0.0
1.17906,-2.42549,0.0
1.17906,-2.3918,0.0
1.17906,-2.35811,0.0
1.17906,-2.32443,0.0
1.17906,-2.29074,0.0
1.17906,-2.25705,0.0
1.17906,-2.22336,0.0
1.17906,-2.18968,0.0
1.17906,-2.15599,0.0
1.17906,-2.1223,0.0
1.17906,-2.08862,0.0
1.17906,-2.05493,0.0
1.17906,-2.02124,0.0
1.17906,-1.98755,0.0
1.17906,-1.95387,0.0
1.17906,-1.92018,0.0
1.17906,-1.88649,0.0
1.17906,-1.8528,0.0
1.17906,-1.81912,0.0
1.17906,-1.78543,0.0
1.17906,-1.75174,0.0
1.17906,-1.71805,0.0
1.17906,-1.68437,0.0
1.17906,-1.65068,0.0
1.17906,-1.61699,0.0
1.17906,-1.58331,0.0
1.17906,-1.54962,0.0
1.17906,-1.51593,0.0
1.17906,-1.48224,0.0
1.17906,-1.44856,0.0
1.17906,-1.41487,0.0
1.17906,-1.38118,0.0
1.17906,-1.34749,0.0
1.17906,-1.31381,0.0
1.17906,-1.28012,0.0
1.17906,-1.24643,0.0
1.17906,-1.21274,0.0
1.17906,-1.17906,0.0
1.17906,-1.14537,0.0
1.17906,-1.11168,0.0
1.17906,-1.078,0.0
1.17906,-1.04431,0.0
1.17906,-1.01062,0.0
1.17906,-0.97693,0.0
1.17906,-0.94325,0.0
1.17906,-0.90956,0.0
1.17906,-0.87587,0.0
1.17906,-0.84218,0.0
1.17906,-0.8085,0.0
1.17906,-0.77481,0.0
1.17906,-0.74112,0.0
1.17906,-0.70743,0.0
1.17906,-0.67375,0.0
1.17906,-0.64006,0.0
1.17906,-0.60637,0.0
1.17906,-0.57268,0.0
1.17906,-0.539,0.0
1.17906,-0.50531,0.0
1.17906,-0.47162,0.0
1.17906,-0.43794,0.0
1.17906,-0.40425,0.0
1.17906,-0.37056,0.0
1.17906,-0.33687,0.0
1.17906,-0.30319,0.0
1.17906,-0.2695,0.0
1.17906,-0.23581,0.0
1.17906,-0.20212,0.0
1.17906,-0.16844,0.0
1.17906,-0.13475,0.0
1.17906,-0.10106,0.0
1.17906,-0.06737,0.0
1.17906,-0.03369,0.0
1.17906,0,0.0
1.17906,0.03369,0.0
1.17906,0.06737,0.0
1.17906,0.10106,0.0
1.17906,0.13475,0.0
1.17906,0.16844,0.0
1.17906,0.20212,0.0
1.17906,0.23581,0.0
1.17906,0.2695,0.0
1.17906,0.30319,0.0
1.17906,0.33687,0.0
1.17906,0.37056,0.0
1.17906,0.40425,0.0
1.17906,0.43794,0.0
1.17906,0.47162,0.0
1.17906,0.50531,0.0
1.17906,0.539,0.0
1.17906,0.57268,0.0
1.17906,0.60637,0.0
1.17906,0.64006,0.0
1.17906,0.67375,0.0
1.17906,0.70743,0.0
1.17906,0.74112,0.0
1.17906,0.77481,0.0
1.17906,0.8085,0.0
1.17906,0.84218,0.0
1.17906,0.87587,0.0
1.17906,0.90956,0.0
1.17906,0.94325,0.0
1.17906,0.97693,0.0
1.17906,1.01062,0.0
1.17906,1.04431,0.0
1.17906,1.078,0.0
1.17906,1.11168,0.0
1.17906,1.14537,0.0
1.17906,1.17906,0.0
1.17906,1.21274,0.0
1.17906,1.24643,0.0
1.17906,1.28012,0.0
1.17906,1.31381,0.0
1.17906,1.34749,0.0
1.17906,1.38118,0.0
1.17906,1.41487,0.0
1.17906,1.44856,0.0
1.17906,1.48224,0.0
1.17906,1.51593,0.0
1.17906,1.54962,0.0
1.17906,1.58331,0.0
1.17906,1.61699,0.0
1.17906,1.65068,0.0
1.17906,1.68437,0.0
1.17906,1.71805,0.0
1.17906,1.75174,0.0
1.17906,1.78543,0.0
1.17906,1.81912,0.0
1.17906,1.8528,0.0
1.17906,1.88649,0.0
1.17906,1.92018,0.0
1.17906,1.95387,0.0
1.17906,1.98755,0.0
1.17906,2.02124,0.0
1.17906,2.05493,0.0
1.17906,2.08862,0.0
1.17906,2.1223,0.0
1.17906,2.15599,0.0
1.17906,2.18968,0.0
1.17906,2.22336,0.0
1.17906,2.25705,0.0
1.17906,2.29074,0.0
1.17906,2.32443,0.0
1.17906,2.35811,0.0
1.17906,2.3918,0.0
1.17906,2.42549,0.0
1.17906,2.45918,0.0
1.17906,2.49286,0.0
1.17906,2.52655,0.0
1.17906,2.56024,0.0
1.17906,2.59393,0.0
1.17906,2.62761,0.0
1.17906,2.6613,0.0
1.17906,2.69499,0.0
1.17906,2.72868,0.0
1.17906,2.76236,0.0
1.17906,2.79605,0.0
1.17906,2.82974,0.0
1.17906,2.86342,0.0
1.17906,2.89711,0.0
1.17906,2.9308,0.0
1.17906,2.96449,0.0
1.17906,2.99817,0.0
1.17906,3.03186,0.0
1.17906,3.06555,0.0
1.21274,-3.06555,0.0
1.21274,-3.03186,0.0
1.21274,-2.99817,0.0
1.21274,-2.96449,0.0
1.21274,-2.9308,0.0
1.21274,-2.89711,0.0
1.21274,-2.86342,0.0
1.21274,-2.82974,0.0
1.21274,-2.79605,0.0
1.21274,-2.76236,0.0
1.21274,-2.72868,0.0
1.21274,-2.69499,0.0
1.21274,-2.6613,0.0
1.21274,-2.62761,0.0
1.21274,-2.59393,0.0
1.21274,-2.56024,0.0
1.21274,-2.52655,0.0
1.21274,-2.49286,0.0
1.21274,-2.45918,0.0
1.21274,-2.42549,0.0
1.21274,-2.3918,0.0
1.21274,-2.35811,0.0
1.21274,-2.32443,0.0
1.21274,-2.29074,0.0
1.21274,-2.25705,0.0
1.21274,-2.22336,0.0
1.21274,-2.18968,0.0
1.21274,-2.15599,0.0
1.21274,-2.1223,0.0
1.21274,-2.08862,0.0
1.21274,-2.05493,0.0
1.21274,-2.02124,0.0
1.21274,-1.98755,0.0
1.21274,-1.95387,0.0
1.21274,-1.92018,0.0
1.21274,-1.88649,0.0
1.21274,-1.8528,0.0
1.21274,-1.81912,0.0
1.21274,-1.78543,0.0
1.21274,-1.75174,0.0
1.21274,-1.71805,0.0
1.21274,-1.68437,0.0
1.21274,-1.65068,0.0
1.21274,-1.61699,0.0
1.21274,-1.58331,0.0
1.21274,-1.54962,0.0
1.21274,-1.51593,0.0
1.21274,-1.48224,0.0
1.21274,-1.44856,0.0
1.21274,-1.41487,0.0
1.21274,-1.38118,0.0
1.21274,-1.34749,0.0
1.21274,-1.31381,0.0
1.21274,-1.28012,0.0
1.21274,-1.24643,0.0
1.21274,-1.21274,0.0
1.21274,-1.17906,0.0
1.21274,-1.14537,0.0
1.21274,-1.11168,0.0
1.21274,-1.078,0.0
1.21274,-1.04431,0.0
1.21274,-1.01062,0.0
1.21274,-0.97693,0.0
1.21274,-0.94325,0.0
1.21274,-0.90956,0.0
1.21274,-0.87587,0.0
1.21274,-0.84218,0.0
1.21274,-0.8085,0.0
1.21274,-0.77481,0.0
1.21274,-0.74112,0.0
1.21274,-0.70743,0.0
1.21274,-0.67375,0.0
1.21274,-0.64006,0.0
1.21274,-0.60637,0.0
1.21274,-0.57268,0.0
1.21274,-0.539,0.0
1.21274,-0.50531,0.0
1.21274,-0.47162,0.0
1.21274,-0.43794,0.0
1.21274,-0.40425,0.0
1.21274,-0.37056,0.0
1.21274,-0.33687,0.0
1.21274,-0.30319,0.0
1.21274,-0.2695,0.0
1.21274,-0.23581,0.0
1.21274,-0.20212,0.0
1.21274,-0.16844,0.0
1.21274,-0.13475,0.0
1.21274,-0.10106,0.0
1.21274,-0.06737,0.0
1.21274,-0.03369,0.0
1.21274,0,0.0
1.21274,0.03369,0.0
1.21274,0.06737,0.0
1.21274,0.10106,0.0
1.21274,0.13475,0.0
1.21274,0.16844,0.0
1.21274,0.20212,0.0
1.21274,0.23581,0.0
1.21274,0.2695,0.0
1.21274,0.30319,0.0
1.21274,0.33687,0.0
1.21274,0.37056,0.0
1.21274,0.40425,0.0
1.21274,0.43794,0.0
1.21274,0.47162,0.0
1.21274,0.50531,0.0
1.21274,0.539,0.0
1.21274,0.57268,0.0
1.21274,0.60637,0.0
1.21274,0.64006,0.0
1.21274,0.67375,0.0
1.21274,0.70743,0.0
1.21274,0.74112,0.0
1.21274,0.77481,0.0
1.21274,0.8085,0.0
1.21274,0.84218,0.0
1.21274,0.87587,0.0
1.21274,0.90956,0.0
1.21274,0.94325,0.0
1.21274,0.97693,0.0
1.21274,1.01062,0.0
1.21274,1.04431,0.0
1.21274,1.078,0.0
1.21274,1.11168,0.0
1.21274,1.14537,0.0
1.21274,1.17906,0.0
1.21274,1.21274,0.0
1.21274,1.24643,0.0
1.21274,1.28012,0.0
1.21274,1.31381,0.0
1.21274,1.34749,0.0
1.21274,1.38118,0.0
1.21274,1.41487,0.0
1.21274,1.44856,0.0
1.21274,1.48224,0.0
1.21274,1.51593,0.0
1.21274,1.54962,0.0
1.21274,1.58331,0.0
1.21274,1.61699,0.0
1.21274,1.65068,0.0
1.21274,1.68437,0.0
1.21274,1.71805,0.0
1.21274,1.75174,0.0
1.21274,1.78543,0.0
1.21274,1.81912,0.0
1.21274,1.8528,0.0
1.21274,1.88649,0.0
1.21274,1.92018,0.0
1.21274,1.95387,0.0
1.21274,1.98755,0.0
1.21274,2.02124,0.0
1.21274,2.05493,0.0
1.21274,2.08862,0.0
1.21274,2.1223,0.0
1.21274,2.15599,0.0
1.21274,2.18968,0.0
1.21274,2.22336,0.0
1.21274,2.25705,0.0
1.21274,2.29074,0.0
1.21274,2.32443,0.0
1.21274,2.35811,0.0
1.21274,2.3918,0.0
1.21274,2.42549,0.0
1.21274,2.45918,0.0
1.21274,2.49286,0.0
1.21274,2.52655,0.0
1.21274,2.56024,0.0
1.21274,2.59393,0.0
1.21274,2.62761,0.0
1.21274,2.6613,0.0
1.21274,2.69499,0.0
1.21274,2.72868,0.0
1.21274,2.76236,0.0
1.21274,2.79605,0.0
1.21274,2.82974,0.0
1.21274,2.86342,0.0
1.21274,2.89711,0.0
1.21274,2.9308,0.0
1.21274,2.96449,0.0
1.21274,2.99817,0.0
1.21274,3.03186,0.0
1.21274,3.06555,0.0
1.24643,-3.03186,0.0
1.24643,-2.99817,0.0
1.24643,-2.96449,0.0
1.24643,-2.9308,0.0
1.24643,-2.89711,0.0
1.24643,-2.86342,0.0
1.24643,-2.82974,0.0
1.24643,-2.79605,0.0
1.24643,-2.76236,0.0
1.24643,-2.72868,0.0
1.24643,-2.69499,0.0
1.24643,-2.6613,0.0
1.24643,-2.62761,0.0
1.24643,-2.59393,0.0
1.24643,-2.56024,0.0
1.24643,-2.52655,0.0
1.24643,-2.49286,0.0
1.24643,-2.45918,0.0
1.24643,-2.42549,0.0
1.24643,-2.3918,0.0
1.24643,-2.35811,0.0
1.24643,-2.32443,0.0
1.24643,-2.29074,0.0
1.24643,-2.25705,0.0
1.24643,-2.22336,0.0
1.24643,-2.18968,0.0
1.24643,-2.15599,0.0
1.24643,-2.1223,0.0
1.24643,-2.08862,0.0
1.24643,-2.05493,0.0
1.24643,-2.02124,0.0
1.24643,-1.98755,0.0
1.24643,-1.95387,0.0
1.24643,-1.92018,0.0
1.24643,-1.88649,0.0
1.24643,-1.8528,0.0
1.24643,-1.81912,0.0
1.24643,-1.78543,0.0
1.24643,-1.75174,0.0
1.24643,-1.71805,0.0
1.24643,-1.68437,0.0
1.24643,-1.65068,0.0
1.24643,-1.61699,0.0
1.24643,-1.58331,0.0
1.24643,-1.54962,0.0
1.24643,-1.51593,0.0
1.24643,-1.48224,0.0
1.24643,-1.44856,0.0
1.24643,-1.41487,0.0
1.24643,-1.38118,0.0
1.24643,-1.34749,0.0
1.24643,-1.31381,0.0
1.24643,-1.28012,0.0
1.24643,-1.24643,0.0
1.24643,-1.21274,0.0
1.24643,-1.17906,0.0
1.24643,-1.14537,0.0
1.24643,-1.11168,0.0
1.24643,-1.078,0.0
1.24643,-1.04431,0.0
1.24643,-1.01062,0.0
1.24643,-0.97693,0.0
1.24643,-0.94325,0.0
1.24643,-0.90956,0.0
1.24643,-0.87587,0.0
1.24643,-0.84218,0.0
1.24643,-0.8085,0.0
1.24643,-0.77481,0.0
1.24643,-0.74112,0.0
1.24643,-0.70743,0.0
1.24643,-0.67375,0.0
1.24643,-0.64006,0.0
1.24643,-0.60637,0.0
1.24643,-0.57268,0.0
1.24643,-0.539,0.0
1.24643,-0.50531,0.0
1.24643,-0.47162,0.0
1.24643,-0.43794,0.0
1.24643,-0.40425,0.0
1.24643,-0.37056,0.0
1.24643,-0.33687,0.0
1.24643,-0.30319,0.0
1.24643,-0.2695,0.0
1.24643,-0.23581,0.0
1.24643,-0.20212,0.0
1.24643,-0.16844,0.0
1.24643,-0.13475,0.0
1.24643,-0.10106,0.0
1.24643,-0.06737,0.0
1.24643,-0.03369,0.0
1.24643,0,0.0
1.24643,0.03369,0.0
1.24643,0.06737,0.0
1.24643,0.10106,0.0
1.24643,0.13475,0.0
1.24643,0.16844,0.0
1.24643,0.20212,0.0
1.24643,0.23581,0.0
1.24643,0.2695,0.0
1.24643,0.30319,0.0
1.24643,0.33687,0.0
1.24643,0.37056,0.0
1.24643,0.40425,0.0
1.24643,0.43794,0.0
1.24643,0.47162,0.0
1.24643,0.50531,0.0
1.24643,0.539,0.0
1.24643,0.57268,0.0
1.24643,0.60637,0.0
1.24643,0.64006,0.0
1.24643,0.67375,0.0
1.24643,0.70743,0.0
1.24643,0.74112,0.0
1.24643,0.77481,0.0
1.24643,0.8085,0.0
1.24643,0.84218,0.0
1.24643,0.87587,0.0
1.24643,0.90956,0.0
1.24643,0.94325,0.0
1.24643,0.97693,0.0
1.24643,1.01062,0.0
1.24643,1.04431,0.0
1.24643,1.078,0.0
1.24643,1.11168,0.0
1.24643,1.14537,0.0
1.24643,1.17906,0.0
1.24643,1.21274,0.0
1.24643,1.24643,0.0
1.24643,1.28012,0.0
1.24643,1.31381,0.0
1.24643,1.34749,0.0
1.24643,1.38118,0.0
1.24643,1.41487,0.0
1.24643,1.44856,0.0
1.24643,1.48224,0.0
1.24643,1.51593,0.0
1.24643,1.54962,0.0
1.24643,1.58331,0.0
1.24643,1.61699,0.0
1.24643,1.65068,0.0
1.24643,1.68437,0.0
1.24643,1.71805,0.0
1.24643,1.75174,0.0
1.24643,1.78543,0.0
1.24643,1.81912,0.0
1.24643,1.8528,0.0
1.24643,1.88649,0.0
1.24643,1.92018,0.0
1.24643,1.95387,0.0
1.24643,1.98755,0.0
1.24643,2.02124,0.0
1.24643,2.05493,0.0
1.24643,2.08862,0.0
1.24643,2.1223,0.0
1.24643,2.15599,0.0
1.24643,2.18968,0.0
1.24643,2.22336,0.0
1.24643,2.25705,0.0
1.24643,2.29074,0.0
1.24643,2.32443,0.0
1.24643,2.35811,0.0
1.24643,2.3918,0.0
1.24643,2.42549,0.0
1.24643,2.45918,0.0
1.24643,2.49286,0.0
1.24643,2.52655,0.0
1.24643,2.56024,0.0
1.24643,2.59393,0.0
1.24643,2.62761,0.0
1.24643,2.6613,0.0
1.24643,2.69499,0.0
1.24643,2.72868,0.0
1.24643,2.76236,0.0
1.24643,2.79605,0.0
1.24643,2.82974,0.0
1.24643,2.86342,0.0
1.24643,2.89711,0.0
1.24643,2.9308,0.0
1.24643,2.96449,0.0
1.24643,2.99817,0.0
1.24643,3.03186,0.0
1.28012,-3.03186,0.0
1.28012,-2.99817,0.0
1.28012,-2.96449,0.0
1.28012,-2.9308,0.0
1.28012,-2.89711,0.0
1.28012,-2.86342,0.0
1.28012,-2.82974,0.0
1.28012,-2.79605,0.0
1.28012,-2.76236,0.0
1.28012,-2.72868,0.0
1.28012,-2.69499,0.0
1.28012,-2.6613,0.0
1.28012,-2.62761,0.0
1.28012,-2.59393,0.0
1.28012,-2.56024,0.0
1.28012,-2.52655,0.0
1.28012,-2.49286,0.0
1.28012,-2.45918,0.0
1.28012,-2.42549,0.0
1.28012,-2.3918,0.0
1.28012,-2.35811,0.0
1.28012,-2.32443,0.0
1.28012,-2.29074,0.0
1.28012,-2.25705,0.0
1.28012,-2.22336,0.0
1.28012,-2.18968,0.0
1.28012,-2.15599,0.0
1.28012,-2.1223,0.0
1.28012,-2.08862,0.0
1.28012,-2.05493,0.0
1.28012,-2.02124,0.0
1.28012,-1.98755,0.0
1.28012,-1.95387,0.0
1.28012,-1.92018,0.0
1.28012,-1.88649,0.0
1.28012,-1.8528,0.0
1.28012,-1.81912,0.0
1.28012,-1.78543,0.0
1.28012,-1.75174,0.0
1.28012,-1.71805,0.0
1.28012,-1.68437,0.0
1.28012,-1.65068,0.0
1.28012,-1.61699,0.0
1.28012,-1.58331,0.0
1.28012,-1.54962,0.0
1.28012,-1.51593,0.0
1.28012,-1.48224,0.0
1.28012,-1.44856,0.0
1.28012,-1.41487,0.0
1.28012,-1.38118,0.0
1.28012,-1.34749,0.0
1.28012,-1.31381,0.0
1.28012,-1.28012,0.0
1.28012,-1.24643,0.0
1.28012,-1.21274,0.0
1.28012,-1.17906,0.0
1.28012,-1.14537,0.0
1.28012,-1.11168,0.0
1.28012,-1.078,0.0
1.28012,-1.04431,0.0
1.28012,-1.01062,0.0
1.28012,-0.97693,0.0
1.28012,-0.94325,0.0
1.28012,-0.90956,0.0
1.28012,-0.87587,0.0
1.28012,-0.84218,0.0
1.28012,-0.8085,0.0
1.28012,-0.77481,0.0
1.28012,-0.74112,0.0
1.28012,-0.70743,0.0
1.28012,-0.67375,0.0
1.28012,-0.64006,0.0
1.28012,-0.60637,0.0
1.28012,-0.57268,0.0
1.28012,-0.539,0.0
1.28012,-0.50531,0.0
1.28012,-0.47162,0.0
1.28012,-0.43794,0.0
1.28012,-0.40425,0.0
1.28012,-0.37056,0.0
1.28012,-0.33687,0.0
1.28012,-0.30319,0.0
1.28012,-0.2695,0.0
1.28012,-0.23581,0.0
1.28012,-0.20212,0.0
1.28012,-0.16844,0.0
1.28012,-0.13475,0.0
1.28012,-0.10106,0.0
1.28012,-0.06737,0.0
1.28012,-0.03369,0.0
1.28012,0,0.0
1.28012,0.03369,0.0
1.28012,0.06737,0.0
1.28012,0.10106,0.0
1.28012,0.13475,0.0
1.28012,0.16844,0.0
1.28012,0.20212,0.0
1.28012,0.23581,0.0
1.28012,0.2695,0.0
1.28012,0.30319,0.0
1.28012,0.33687,0.0
1.28012,0.37056,0.0
1.28012,0.40425,0.0
1.28012,0.43794,0.0
1.28012,0.47162,0.0
1.28012,0.50531,0.0
1.28012,0.539,0.0
1.28012,0.57268,0.0
1.28012,0.60637,0.0
1.28012,0.64006,0.0
1.28012,0.67375,0.0
1.28012,0.70743,0.0
1.28012,0.74112,0.0
1.28012,0.77481,0.0
1.28012,0.8085,0.0
1.28012,0.84218,0.0
1.28012,0.87587,0.0
1.28012,0.90956,0.0
1.28012,0.94325,0.0
1.28012,0.97693,0.0
1.28012,1.01062,0.0
1.28012,1.04431,0.0
1.28012,1.078,0.0
1.28012,1.11168,0.0
1.28012,1.14537,0.0
1.28012,1.17906,0.0
1.28012,1.21274,0.0
1.28012,1.24643,0.0
1.28012,1.28012,0.0
1.28012,1.31381,0.0
1.28012,1.34749,0.0
1.28012,1.38118,0.0
1.28012,1.41487,0.0
1.28012,1.44856,0.0
1.28012,1.48224,0.0
1.28012,1.51593,0.0
1.28012,1.54962,0.0
1.28012,1.58331,0.0
1.28012,1.61699,0.0
1.28012,1.65068,0.0
1.28012,1.68437,0.0
1.28012,1.71805,0.0
1.28012,1.75174,0.0
1.28012,1.78543,0.0
1.28012,1.81912,0.0
1.28012,1.8528,0.0
1.28012,1.88649,0.0
1.28012,1.92018,0.0
1.28012,1.95387,0.0
1.28012,1.98755,0.0
1.28012,2.02124,0.0
1.28012,2.05493,0.0
1.28012,2.08862,0.0
1.28012,2.1223,0.0
1.28012,2.15599,0.0
1.28012,2.18968,0.0
1.28012,2.22336,0.0
1.28012,2.25705,0.0
1.28012,2.29074,0.0
1.28012,2.32443,0.0
1.28012,2.35811,0.0
1.28012,2.3918,0.0
1.28012,2.42549,0.0
1.28012,2.45918,0.0
1.28012,2.49286,0.0
1.28012,2.52655,0.0
1.28012,2.56024,0.0
1.28012,2.59393,0.0
1.28012,2.62761,0.0
1.28012,2.6613,0.0
1.28012,2.69499,0.0
1.28012,2.72868,0.0
1.28012,2.76236,0.0
1.28012,2.79605,0.0
1.28012,2.82974,0.0
1.28012,2.86342,0.0
1.28012,2.89711,0.0
1.28012,2.9308,0.0
1.28012,2.96449,0.0
1.28012,2.99817,0.0
1.28012,3.03186,0.0
1.31381,-2.99817,0.0
1.31381,-2.96449,0.0
1.31381,-2.9308,0.0
1.31381,-2.89711,0.0
1.31381,-2.86342,0.0
1.31381,-2.82974,0.0
1.31381,-2.79605,0.0
1.31381,-2.76236,0.0
1.31381,-2.72868,0.0
1.31381,-2.69499,0.0
1.31381,-2.6613,0.0
1.31381,-2.62761,0.0
1.31381,-2.59393,0.0
1.31381,-2.56024,0.0
1.31381,-2.52655,0.0
1.31381,-2.49286,0.0
1.31381,-2.45918,0.0
1.31381,-2.42549,0.0
1.31381,-2.3918,0.0
1.31381,-2.35811,0.0
1.31381,-2.32443,0.0
1.31381,-2.29074,0.0
1.31381,-2.25705,0.0
1.31381,-2.22336,0.0
1.31381,-2.18968,0.0
1.31381,-2.15599,0.0
1.31381,-2.1223,0.0
1.31381,-2.08862,0.0
1.31381,-2.05493,0.0
1.31381,-2.02124,0.0
1.31381,-1.98755,0.0
1.31381,-1.95387,0.0
1.31381,-1.92018,0.0
1.31381,-1.88649,0.0
1.31381,-1.8528,0.0
1.31381,-1.81912,0.0
1.31381,-1.78543,0.0
1.31381,-1.75174,0.0
1.31381,-1.71805,0.0
1.31381,-1.68437,0.0
1.31381,-1.65068,0.0
1.31381,-1.61699,0.0
1.31381,-1.58331,0.0
1.31381,-1.54962,0.0
1.31381,-1.51593,0.0
1.31381,-1.48224,0.0
1.31381,-1.44856,0.0
1.31381,-1.41487,0.0
1.31381,-1.38118,0.0
1.31381,-1.34749,0.0
1.31381,-1.31381,0.0
1.31381,-1.28012,0.0
1.31381,-1.24643,0.0
1.31381,-1.21274,0.0
1.31381,-1.17906,0.0
1.31381,-1.14537,0.0
1.31381,-1.11168,0.0
1.31381,-1.078,0.0
1.31381,-1.04431,0.0
1.31381,-1.01062,0.0
1.31381,-0.97693,0.0
1.31381,-0.94325,0.0
1.31381,-0.90956,0.0
1.31381,-0.87587,0.0
1.31381,-0.84218,0.0
1.31381,-0.8085,0.0
1.31381,-0.77481,0.0
1.31381,-0.74112,0.0
1.31381,-0.70743,0.0
1.31381,-0.67375,0.0
1.31381,-0.64006,0.0
1.31381,-0.60637,0.0
1.31381,-0.57268,0.0
1.31381,-0.539,0.0
1.31381,-0.50531,0.0
1.31381,-0.47162,0.0
1.31381,-0.43794,0.0
1.31381,-0.40425,0.0
1.31381,-0.37056,0.0
1.31381,-0.33687,0.0
1.31381,-0.30319,0.0
1.31381,-0.2695,0.0
1.31381,-0.23581,0.0
1.31381,-0.20212,0.0
1.31381,-0.16844,0.0
1.31381,-0.13475,0.0
1.31381,-0.10106,0.0
1.31381,-0.06737,0.0
1.31381,-0.03369,0.0
1.31381,0,0.0
1.31381,0.03369,0.0
1.31381,0.06737,0.0
1.31381,0.10106,0.0
1.31381,0.13475,0.0
1.31381,0.16844,0.0
1.31381,0.20212,0.0
1.31381,0.23581,0.0
1.31381,0.2695,0.0
1.31381,0.30319,0.0
1.31381,0.33687,0.0
1.31381,0.37056,0.0
1.31381,0.40425,0.0
1.31381,0.43794,0.0
1.31381,0.47162,0.0
1.31381,0.50531,0.0
1.31381,0.539,0.0
1.31381,0.57268,0.0
1.31381,0.60637,0.0
1.31381,0.64006,0.0
1.31381,0.67375,0.0
1.31381,0.70743,0.0
1.31381,0.74112,0.0
1.31381,0.77481,0.0
1.31381,0.8085,0.0
1.31381,0.84218,0.0
1.31381,0.87587,0.0
1.31381,0.90956,0.0
1.31381,0.94325,0.0
1.31381,0.97693,0.0
1.31381,1.01062,0.0
1.31381,1.04431,0.0
1.31381,1.078,0.0
1.31381,1.11168,0.0
1.31381,1.14537,0.0
1.31381,1.17906,0.0
1.31381,1.21274,0.0
1.31381,1.24643,0.0
1.31381,1.28012,0.0
1.31381,1.31381,0.0
1.31381,1.34749,0.0
1.31381,1.38118,0.0
1.31381,1.41487,0.0
1.31381,1.44856,0.0
1.31381,1.48224,0.0
1.31381,1.51593,0.0
1.31381,1.54962,0.0
1.31381,1.58331,0.0
1.31381,1.61699,0.0
1.31381,1.65068,0.0
1.31381,1.68437,0.0
1.31381,1.71805,0.0
1.31381,1.75174,0.0
1.31381,1.78543,0.0
1.31381,1.81912,0.0
1.31381,1.8528,0.0
1.31381,1.88649,0.0
1.31381,1.92018,0.0
1.31381,1.95387,0.0
1.31381,1.98755,0.0
1.31381,2.02124,0.0
1.31381,2.05493,0.0
1.31381,2.08862,0.0
1.31381,2.1223,0.0
1.31381,2.15599,0.0
1.31381,2.18968,0.0
1.31381,2.22336,0.0
1.31381,2.25705,0.0
1.31381,2.29074,0.0
1.31381,2.32443,0.0
1.31381,2.35811,0.0
1.31381,2.3918,0.0
1.31381,2.42549,0.0
1.31381,2.45918,0.0
1.31381,2.49286,0.0
1.31381,2.52655,0.0
1.31381,2.56024,0.0
1.31381,2.59393,0.0
1.31381,2.62761,0.0
1.31381,2.6613,0.0
1.31381,2.69499,0.0
1.31381,2.72868,0.0
1.31381,2.76236,0.0
1.31381,2.79605,0.0
1.31381,2.82974,0.0
1.31381,2.86342,0.0
1.31381,2.89711,0.0
1.31381,2.9308,0.0
1.31381,2.96449,0.0
1.31381,2.99817,0.0
1.34749,-2.99817,0.0
1.34749,-2.96449,0.0
1.34749,-2.9308,0.0
1.34749,-2.89711,0.0
1.34749,-2.86342,0.0
1.34749,-2.82974,0.0
1.34749,-2.79605,0.0
1.34749,-2.76236,0.0
1.34749,-2.72868,0.0
1.34749,-2.69499,0.0
1.34749,-2.6613,0.0
1.34749,-2.62761,0.0
1.34749,-2.59393,0.0
1.34749,-2.56024,0.0
1.34749,-2.52655,0.0
1.34749,-2.49286,0.0
1.34749,-2.45918,0.0
1.34749,-2.42549,0.0
1.34749,-2.3918,0.0
1.34749,-2.35811,0.0
1.34749,-2.32443,0.0
1.34749,-2.29074,0.0
1.34749,-2.25705,0.0
1.34749,-2.22336,0.0
1.34749,-2.18968,0.0
1.34749,-2.15599,0.0
1.34749,-2.1223,0.0
1.34749,-2.08862,0.0
1.34749,-2.05493,0.0
1.34749,-2.02124,0.0
1.34749,-1.98755,0.0
1.34749,-1.95387,0.0
1.34749,-1.92018,0.0
1.34749,-1.88649,0.0
1.34749,-1.8528,0.0
1.34749,-1.81912,0.0
1.34749,-1.78543,0.0
1.34749,-1.75174,0.0
1.34749,-1.71805,0.0
1.34749,-1.68437,0.0
1.34749,-1.65068,0.0
1.34749,-1.61699,0.0
1.34749,-1.58331,0.0
1.34749,-1.54962,0.0
1.34749,-1.51593,0.0
1.34749,-1.48224,0.0
1.34749,-1.44856,0.0
1.34749,-1.41487,0.0
1.34749,-1.38118,0.0
1.34749,-1.34749,0.0
1.34749,-1.31381,0.0
1.34749,-1.28012,0.0
1.34749,-1.24643,0.0
1.34749,-1.21274,0.0
1.34749,-1.17906,0.0
1.34749,-1.14537,0.0
1.34749,-1.11168,0.0
1.34749,-1.078,0.0
1.34749,-1.04431,0.0
1.34749,-1.01062,0.0
1.34749,-0.97693,0.0
1.34749,-0.94325,0.0
1.34749,-0.90956,0.0
1.34749,-0.87587,0.0
1.34749,-0.84218,0.0
1.34749,-0.8085,0.0
1.34749,-0.77481,0.0
1.34749,-0.74112,0.0
1.34749,-0.70743,0.0
1.34749,-0.67375,0.0
1.34749,-0.64006,0.0
1.34749,-0.60637,0.0
1.34749,-0.57268,0.0
1.34749,-0.539,0.0
1.34749,-0.50531,0.0
1.34749,-0.47162,0.0
1.34749,-0.43794,0.0
1.34749,-0.40425,0.0
1.34749,-0.37056,0.0
1.34749,-0.33687,0.0
1.34749,-0.30319,0.0
1.34749,-0.2695,0.0
1.34749,-0.23581,0.0
1.34749,-0.20212,0.0
1.34749,-0.16844,0.0
1.34749,-0.13475,0.0
1.34749,-0.10106,0.0
1.34749,-0.06737,0.0
1.34749,-0.03369,0.0
1.34749,0,0.0
1.34749,0.03369,0.0
1.34749,0.06737,0.0
1.34749,0.10106,0.0
1.34749,0.13475,0.0
1.34749,0.16844,0.0
1.34749,0.20212,0.0
1.34749,0.23581,0.0
1.34749,0.2695,0.0
1.34749,0.30319,0.0
1.34749,0.33687,0.0
1.34749,0.37056,0.0
1.34749,0.40425,0.0
1.34749,0.43794,0.0
1.34749,0.47162,0.0
1.34749,0.50531,0.0
1.34749,0.539,0.0
1.34749,0.57268,0.0
1.34749,0.60637,0.0
1.34749,0.64006,0.0
1.34749,0.67375,0.0
1.34749,0.70743,0.0
1.34749,0.74112,0.0
1.34749,0.77481,0.0
1.34749,0.8085,0.0
1.34749,0.84218,0.0
1.34749,0.87587,0.0
1.34749,0.90956,0.0
1.34749,0.94325,0.0
1.34749,0.97693,0.0
1.34749,1.01062,0.0
1.34749,1.04431,0.0
1.34749,1.078,0.0
1.34749,1.11168,0.0
1.34749,1.14537,0.0
1.34749,1.17906,0.0
1.34749,1.21274,0.0
1.34749,1.24643,0.0
1.34749,1.28012,0.0
1.34749,1.31381,0.0
1.34749,1.34749,0.0
1.34749,1.38118,0.0
1.34749,1.41487,0.0
1.34749,1.44856,0.0
1.34749,1.48224,0.0
1.34749,1.51593,0.0
1.34749,1.54962,0.0
1.34749,1.58331,0.0
1.34749,1.61699,0.0
1.34749,1.65068,0.0
1.34749,1.68437,0.0
1.34749,1.71805,0.0
1.34749,1.75174,0.0
1.34749,1.78543,0.0
1.34749,1.81912,0.0
1.34749,1.8528,0.0
1.34749,1.88649,0.0
1.34749,1.92018,0.0
1.34749,1.95387,0.0
1.34749,1.98755,0.0
1.34749,2.02124,0.0
1.34749,2.05493,0.0
1.34749,2.08862,0.0
1.34749,2.1223,0.0
1.34749,2.15599,0.0
1.34749,2.18968,0.0
1.34749,2.22336,0.0
1.34749,2.25705,0.0
1.34749,2.29074,0.0
1.34749,2.32443,0.0
1.34749,2.35811,0.0
1.34749,2.3918,0.0
1.34749,2.42549,0.0
1.34749,2.45918,0.0
1.34749,2.49286,0.0
1.34749,2.52655,0.0
1.34749,2.56024,0.0
1.34749,2.59393,0.0
1.34749,2.62761,0.0
1.34749,2.6613,0.0
1.34749,2.69499,0.0
1.34749,2.72868,0.0
1.34749,2.76236,0.0
1.34749,2.79605,0.0
1.34749,2.82974,0.0
1.34749,2.86342,0.0
1.34749,2.89711,0.0
1.34749,2.9308,0.0
1.34749,2.96449,0.0
1.34749,2.99817,0.0
1.38118,-2.96449,0.0
1.38118,-2.9308,0.0
1.38118,-2.89711,0.0
1.38118,-2.86342,0.0
1.38118,-2.82974,0.0
1.38118,-2.79605,0.0
1.38118,-2.76236,0.0
1.38118,-2.72868,0.0
1.38118,-2.69499,0.0
1.38118,-2.6613,0.0
1.38118,-2.62761,0.0
1.38118,-2.59393,0.0
1.38118,-2.56024,0.0
1.38118,-2.52655,0.0
1.38118,-2.49286,0.0
1.38118,-2.45918,0.0
1.38118,-2.42549,0.0
1.38118,-2.3918,0.0
1.38118,-2.35811,0.0
1.38118,-2.32443,0.0
1.38118,-2.29074,0.0
1.38118,-2.25705,0.0
1.38118,-2.22336,0.0
1.38118,-2.18968,0.0
1.38118,-2.15599,0.0
1.38118,-2.1223,0.0
1.38118,-2.08862,0.0
1.38118,-2.05493,0.0
1.38118,-2.02124,0.0
1.38118,-1.98755,0.0
1.38118,-1.95387,0.0
1.38118,-1.92018,0.0
1.38118,-1.88649,0.0
1.38118,-1.8528,0.0
1.38118,-1.81912,0.0
1.38118,-1.78543,0.0
1.38118,-1.75174,0.0
1.38118,-1.71805,0.0
1.38118,-1.68437,0.0
1.38118,-1.65068,0.0
1.38118,-1.61699,0.0
1.38118,-1.58331,0.0
1.38118,-1.54962,0.0
1.38118,-1.51593,0.0
1.38118,-1.48224,0.0
1.38118,-1.44856,0.0
1.38118,-1.41487,0.0
1.38118,-1.38118,0.0
1.38118,-1.34749,0.0
1.38118,-1.31381,0.0
1.38118,-1.28012,0.0
1.38118,-1.24643,0.0
1.38118,-1.21274,0.0
1.38118,-1.17906,0.0
1.38118,-1.14537,0.0
1.38118,-1.11168,0.0
1.38118,-1.078,0.0
1.38118,-1.04431,0.0
1.38118,-1.01062,0.0
1.38118,-0.97693,0.0
1.38118,-0.94325,0.0
1.38118,-0.90956,0.0
1.38118,-0.87587,0.0
1.38118,-0.84218,0.0
1.38118,-0.8085,0.0
1.38118,-0.77481,0.0
1.38118,-0.74112,0.0
1.38118,-0.70743,0.0
1.38118,-0.67375,0.0
1.38118,-0.64006,0.0
1.38118,-0.60637,0.0
1.38118,-0.57268,0.0
1.38118,-0.539,0.0
1.38118,-0.50531,0.0
1.38118,-0.47162,0.0
1.38118,-0.43794,0.0
1.38118,-0.40425,0.0
1.38118,-0.37056,0.0
1.38118,-0.33687,0.0
1.38118,-0.30319,0.0
1.38118,-0.2695,0.0
1.38118,-0.23581,0.0
1.38118,-0.20212,0.0
1.38118,-0.16844,0.0
1.38118,-0.13475,0.0
1.38118,-0.10106,0.0
1.38118,-0.06737,0.0
1.38118,-0.03369,0.0
1.38118,0,0.0
1.38118,0.03369,0.0
1.38118,0.06737,0.0
1.38118,0.10106,0.0
1.38118,0.13475,0.0
1.38118,0.16844,0.0
1.38118,0.20212,0.0
1.38118,0.23581,0.0
1.38118,0.2695,0.0
1.38118,0.30319,0.0
1.38118,0.33687,0.0
1.38118,0.37056,0.0
1.38118,0.40425,0.0
1.38118,0.43794,0.0
1.38118,0.47162,0.0
1.38118,0.50531,0.0
1.38118,0.539,0.0
1.38118,0.57268,0.0
1.38118,0.60637,0.0
1.38118,0.64006,0.0
1.38118,0.67375,0.0
1.38118,0.70743,0.0
1.38118,0.74112,0.0
1.38118,0.77481,0.0
1.38118,0.8085,0.0
1.38118,0.84218,0.0
1.38118,0.87587,0.0
1.38118,0.90956,0.0
1.38118,0.94325,0.0
1.38118,0.97693,0.0
1.38118,1.01062,0.0
1.38118,1.04431,0.0
1.38118,1.078,0.0
1.38118,1.11168,0.0
1.38118,1.14537,0.0
1.38118,1.17906,0.0
1.38118,1.21274,0.0
1.38118,1.24643,0.0
1.38118,1.28012,0.0
1.38118,1.31381,0.0
1.38118,1.34749,0.0
1.38118,1.38118,0.0
1.38118,1.41487,0.0
1.38118,1.44856,0.0
1.38118,1.48224,0.0
1.38118,1.51593,0.0
1.38118,1.54962,0.0
1.38118,1.58331,0.0
1.38118,1.61699,0.0
1.38118,1.65068,0.0
1.38118,1.68437,0.0
1.38118,1.71805,0.0
1.38118,1.75174,0.0
1.38118,1.78543,0.0
1.38118,1.81912,0.0
1.38118,1.8528,0.0
1.38118,1.88649,0.0
1.38118,1.92018,0.0
1.38118,1.95387,0.0
1.38118,1.98755,0.0
1.38118,2.02124,0.0
1.38118,2.05493,0.0
1.38118,2.08862,0.0
1.38118,2.1223,0.0
1.38118,2.15599,0.0
1.38118,2.18968,0.0
1.38118,2.22336,0.0
1.38118,2.25705,0.0
1.38118,2.29074,0.0
1.38118,2.32443,0.0
1.38118,2.35811,0.0
1.38118,2.3918,0.0
1.38118,2.42549,0.0
1.38118,2.45918,0.0
1.38118,2.49286,0.0
1.38118,2.52655,0.0
1.38118,2.56024,0.0
1.38118,2.59393,0.0
1.38118,2.62761,0.0
1.38118,2.6613,0.0
1.38118,2.69499,0.0
1.38118,2.72868,0.0
1.38118,2.76236,0.0
1.38118,2.79605,0.0
1.38118,2.82974,0.0
1.38118,2.86342,0.0
1.38118,2.89711,0.0
1.38118,2.9308,0.0
1.38118,2.96449,0.0
1.41487,-2.96449,0.0
1.41487,-2.9308,0.0
1.41487,-2.89711,0.0
1.41487,-2.86342,0.0
1.41487,-2.82974,0.0
1.41487,-2.79605,0.0
1.41487,-2.76236,0.0
1.41487,-2.72868,0.0
1.41487,-2.69499,0.0
1.41487,-2.6613,0.0
1.41487,-2.62761,0.0
1.41487,-2.59393,0.0
1.41487,-2.56024,0.0
1.41487,-2.52655,0.0
1.41487,-2.49286,0.0
1.41487,-2.45918,0.0
1.41487,-2.42549,0.0
1.41487,-2.3918,0.0
1.41487,-2.35811,0.0
1.41487,-2.32443,0.0
1.41487,-2.29074,0.0
1.41487,-2.25705,0.0
1.41487,-2.22336,0.0
1.41487,-2.18968,0.0
1.41487,-2.15599,0.0
1.41487,-2.1223,0.0
1.41487,-2.08862,0.0
1.41487,-2.05493,0.0
1.41487,-2.02124,0.0
1.41487,-1.98755,0.0
1.41487,-1.95387,0.0
1.41487,-1.92018,0.0
1.41487,-1.88649,0.0
1.41487,-1.8528,0.0
1.41487,-1.81912,0.0
1.41487,-1.78543,0.0
1.41487,-1.75174,0.0
1.41487,-1.71805,0.0
1.41487,-1.68437,0.0
1.41487,-1.65068,0.0
1.41487,-1.61699,0.0
1.41487,-1.58331,0.0
1.41487,-1.54962,0.0
1.41487,-1.51593,0.0
1.41487,-1.48224,0.0
1.41487,-1.44856,0.0
1.41487,-1.41487,0.0
1.41487,-1.38118,0.0
1.41487,-1.34749,0.0
1.41487,-1.31381,0.0
1.41487,-1.28012,0.0
1.41487,-1.24643,0.0
1.41487,-1.21274,0.0
1.41487,-1.17906,0.0
1.41487,-1.14537,0.0
1.41487,-1.11168,0.0
1.41487,-1.078,0.0
1.41487,-1.04431,0.0
1.41487,-1.01062,0.0
1.41487,-0.97693,0.0
1.41487,-0.94325,0.0
1.41487,-0.90956,0.0
1.41487,-0.87587,0.0
1.41487,-0.84218,0.0
1.41487,-0.8085,0.0
1.41487,-0.77481,0.0
1.41487,-0.74112,0.0
1.41487,-0.70743,0.0
1.41487,-0.67375,0.0
1.41487,-0.64006,0.0
1.41487,-0.60637,0.0
1.41487,-0.57268,0.0
1.41487,-0.539,0.0
1.41487,-0.50531,0.0
1.41487,-0.47162,0.0
1.41487,-0.43794,0.0
1.41487,-0.40425,0.0
1.41487,-0.37056,0.0
1.41487,-0.33687,0.0
1.41487,-0.30319,0.0
1.41487,-0.2695,0.0
1.41487,-0.23581,0.0
1.41487,-0.20212,0.0
1.41487,-0.16844,0.0
1.41487,-0.13475,0.0
1.41487,-0.10106,0.0
1.41487,-0.06737,0.0
1.41487,-0.03369,0.0
1.41487,0,0.0
1.41487,0.03369,0.0
1.41487,0.06737,0.0
1.41487,0.10106,0.0
1.41487,0.13475,0.0
1.41487,0.16844,0.0
1.41487,0.20212,0.0
1.41487,0.23581,0.0
1.41487,0.2695,0.0
1.41487,0.30319,0.0
1.41487,0.33687,0.0
1.41487,0.37056,0.0
1.41487,0.40425,0.0
1.41487,0.43794,0.0
1.41487,0.47162,0.0
1.41487,0.50531,0.0
1.41487,0.539,0.0
1.41487,0.57268,0.0
1.41487,0.60637,0.0
1.41487,0.64006,0.0
1.41487,0.67375,0.0
1.41487,0.70743,0.0
1.41487,0.74112,0.0
1.41487,0.77481,0.0
1.41487,0.8085,0.0
1.41487,0.84218,0.0
1.41487,0.87587,0.0
1.41487,0.90956,0.0
1.41487,0.94325,0.0
1.41487,0.97693,0.0
1.41487,1.01062,0.0
1.41487,1.04431,0.0
1.41487,1.078,0.0
1.41487,1.11168,0.0
1.41487,1.14537,0.0
1.41487,1.17906,0.0
1.41487,1.21274,0.0
1.41487,1.24643,0.0
1.41487,1.28012,0.0
1.41487,1.31381,0.0
1.41487,1.34749,0.0
1.41487,1.38118,0.0
1.41487,1.41487,0.0
1.41487,1.44856,0.0
1.41487,1.48224,0.0
1.41487,1.51593,0.0
1.41487,1.54962,0.0
1.41487,1.58331,0.0
1.41487,1.61699,0.0
1.41487,1.65068,0.0
1.41487,1.68437,0.0
1.41487,1.71805,0.0
1.41487,1.75174,0.0
1.41487,1.78543,0.0
1.41487,1.81912,0.0
1.41487,1.8528,0.0
1.41487,1.88649,0.0
1.41487,1.92018,0.0
1.41487,1.95387,0.0
1.41487,1.98755,0.0
1.41487,2.02124,0.0
1.41487,2.05493,0.0
1.41487,2.08862,0.0
1.41487,2.1223,0.0
1.41487,2.15599,0.0
1.41487,2.18968,0.0
1.41487,2.22336,0.0
1.41487,2.25705,0.0
1.41487,2.29074,0.0
1.41487,2.32443,0.0
1.41487,2.35811,0.0
1.41487,2.3918,0.0
1.41487,2.42549,0.0
1.41487,2.45918,0.0
1.41487,2.49286,0.0
1.41487,2.52655,0.0
1.41487,2.56024,0.0
1.41487,2.59393,0.0
1.41487,2.62761,0.0
1.41487,2.6613,0.0
1.41487,2.69499,0.0
1.41487,2.72868,0.0
1.41487,2.76236,0.0
1.41487,2.79605,0.0
1.41487,2.82974,0.0
1.41487,2.86342,0.0
1.41487,2.89711,0.0
1.41487,2.9308,0.0
1.41487,2.96449,0.0
1.44856,-2.96449,0.0
1.44856,-2.9308,0.0
1.44856,-2.89711,0.0
1.44856,-2.86342,0.0
1.44856,-2.82974,0.0
1.44856,-2.79605,0.0
1.44856,-2.76236,0.0
1.44856,-2.72868,0.0
1.44856,-2.69499,0.0
1.44856,-2.6613,0.0
1.44856,-2.62761,0.0
1.44856,-2.59393,0.0
1.44856,-2.56024,0.0
1.44856,-2.52655,0.0
1.44856,-2.49286,0.0
1.44856,-2.45918,0.0
1.44856,-2.42549,0.0
1.44856,-2.3918,0.0
1.44856,-2.35811,0.0
1.44856,-2.32443,0.0
1.44856,-2.29074,0.0
1.44856,-2.25705,0.0
1.44856,-2.22336,0.0
1.44856,-2.18968,0.0
1.44856,-2.15599,0.0
1.44856,-2.1223,0.0
1.44856,-2.08862,0.0
1.44856,-2.05493,0.0
1.44856,-2.02124,0.0
1.44856,-1.98755,0.0
1.44856,-1.95387,0.0
1.44856,-1.92018,0.0
1.44856,-1.88649,0.0
1.44856,-1.8528,0.0
1.44856,-1.81912,0.0
1.44856,-1.78543,0.0
1.44856,-1.75174,0.0
1.44856,-1.71805,0.0
1.44856,-1.68437,0.0
1.44856,-1.65068,0.0
1.44856,-1.61699,0.0
1.44856,-1.58331,0.0
1.44856,-1.54962,0.0
1.44856,-1.51593,0.0
1.44856,-1.48224,0.0
1.44856,-1.44856,0.0
1.44856,-1.41487,0.0
1.44856,-1.38118,0.0
1.44856,-1.34749,0.0
1.44856,-1.31381,0.0
1.44856,-1.28012,0.0
1.44856,-1.24643,0.0
1.44856,-1.21274,0.0
1.44856,-1.17906,0.0
1.44856,-1.14537,0.0
1.44856,-1.11168,0.0
1.44856,-1.078,0.0
1.44856,-1.04431,0.0
1.44856,-1.01062,0.0
1.44856,-0.97693,0.0
1.44856,-0.94325,0.0
1.44856,-0.90956,0.0
1.44856,-0.87587,0.0
1.44856,-0.84218,0.0
1.44856,-0.8085,0.0
1.44856,-0.77481,0.0
1.44856,-0.74112,0.0
1.44856,-0.70743,0.0
1.44856,-0.67375,0.0
1.44856,-0.64006,0.0
1.44856,-0.60637,0.0
1.44856,-0.57268,0.0
1.44856,-0.539,0.0
1.44856,-0.50531,0.0
1.44856,-0.47162,0.0
1.44856,-0.43794,0.0
1.44856,-0.40425,0.0
1.44856,-0.37056,0.0
1.44856,-0.33687,0.0
1.44856,-0.30319,0.0
1.44856,-0.2695,0.0
1.44856,-0.23581,0.0
1.44856,-0.20212,0.0
1.44856,-0.16844,0.0
1.44856,-0.13475,0.0
1.44856,-0.10106,0.0
1.44856,-0.06737,0.0
1.44856,-0.03369,0.0
1.44856,0,0.0
1.44856,0.03369,0.0
1.44856,0.06737,0.0
1.44856,0.10106,0.0
1.44856,0.13475,0.0
1.44856,0.16844,0.0
1.44856,0.20212,0.0
1.44856,0.23581,0.0
1.44856,0.2695,0.0
1.44856,0.30319,0.0
1.44856,0.33687,0.0
1.44856,0.37056,0.0
1.44856,0.40425,0.0
1.44856,0.43794,0.0
1.44856,0.47162,0.0
1.44856,0.50531,0.0
1.44856,0.539,0.0
1.44856,0.57268,0.0
1.44856,0.60637,0.0
1.44856,0.64006,0.0
1.44856,0.67375,0.0
1.44856,0.70743,0.0
1.44856,0.74112,0.0
1.44856,0.77481,0.0
1.44856,0.8085,0.0
1.44856,0.84218,0.0
1.44856,0.87587,0.0
1.44856,0.90956,0.0
1.44856,0.94325,0.0
1.44856,0.97693,0.0
1.44856,1.01062,0.0
1.44856,1.04431,0.0
1.44856,1.078,0.0
1.44856,1.11168,0.0
1.44856,1.14537,0.0
1.44856,1.17906,0.0
1.44856,1.21274,0.0
1.44856,1.24643,0.0
1.44856,1.28012,0.0
1.44856,1.31381,0.0
1.44856,1.34749,0.0
1.44856,1.38118,0.0
1.44856,1.41487,0.0
1.44856,1.44856,0.0
1.44856,1.48224,0.0
1.44856,1.51593,0.0
1.44856,1.54962,0.0
1.44856,1.58331,0.0
1.44856,1.61699,0.0
1.44856,1.65068,0.0
1.44856,1.68437,0.0
1.44856,1.71805,0.0
1.44856,1.75174,0.0
1.44856,1.78543,0.0
1.44856,1.81912,0.0
1.44856,1.8528,0.0
1.44856,1.88649,0.0
1.44856,1.92018,0.0
1.44856,1.95387,0.0
1.44856,1.98755,0.0
1.44856,2.02124,0.0
1.44856,2.05493,0.0
1.44856,2.08862,0.0
1.44856,2.1223,0.0
1.44856,2.15599,0.0
1.44856,2.18968,0.0
1.44856,2.22336,0.0
1.44856,2.25705,0.0
1.44856,2.29074,0.0
1.44856,2.32443,0.0
1.44856,2.35811,0.0
1.44856,2.3918,0.0
1.44856,2.42549,0.0
1.44856,2.45918,0.0
1.44856,2.49286,0.0
1.44856,2.52655,0.0
1.44856,2.56024,0.0
1.44856,2.59393,0.0
1.44856,2.62761,0.0
1.44856,2.6613,0.0
1.44856,2.69499,0.0
1.44856,2.72868,0.0
1.44856,2.76236,0.0
1.44856,2.79605,0.0
1.44856,2.82974,0.0
1.44856,2.86342,0.0
1.44856,2.89711,0.0
1.44856,2.9308,0.0
1.44856,2.96449,0.0
1.48224,-2.9308,0.0
1.48224,-2.89711,0.0
1.48224,-2.86342,0.0
1.48224,-2.82974,0.0
1.48224,-2.79605,0.0
1.48224,-2.76236,0.0
1.48224,-2.72868,0.0
1.48224,-2.69499,0.0
1.48224,-2.6613,0.0
1.48224,-2.62761,0.0
1.48224,-2.59393,0.0
1.48224,-2.56024,0.0
1.48224,-2.52655,0.0
1.48224,-2.49286,0.0
1.48224,-2.45918,0.0
1.48224,-2.42549,0.0
1.48224,-2.3918,0.0
1.48224,-2.35811,0.0
1.48224,-2.32443,0.0
1.48224,-2.29074,0.0
1.48224,-2.25705,0.0
1.48224,-2.22336,0.0
1.48224,-2.18968,0.0
1.48224,-2.15599,0.0
1.48224,-2.1223,0.0
1.48224,-2.08862,0.0
1.48224,-2.05493,0.0
1.48224,-2.02124,0.0
1.48224,-1.98755,0.0
1.48224,-1.95387,0.0
1.48224,-1.92018,0.0
1.48224,-1.88649,0.0
1.48224,-1.8528,0.0
1.48224,-1.81912,0.0
1.48224,-1.78543,0.0
1.48224,-1.75174,0.0
1.48224,-1.71805,0.0
1.48224,-1.68437,0.0
1.48224,-1.65068,0.0
1.48224,-1.61699,0.0
1.48224,-1.58331,0.0
1.48224,-1.54962,0.0
1.48224,-1.51593,0.0
1.48224,-1.48224,0.0
1.48224,-1.44856,0.0
1.48224,-1.41487,0.0
1.48224,-1.38118,0.0
1.48224,-1.34749,0.0
1.48224,-1.31381,0.0
1.48224,-1.28012,0.0
1.48224,-1.24643,0.0
1.48224,-1.21274,0.0
1.48224,-1.17906,0.0
1.48224,-1.14537,0.0
1.48224,-1.11168,0.0
1.48224,-1.078,0.0
1.48224,-1.04431,0.0
1.48224,-1.01062,0.0
1.48224,-0.97693,0.0
1.48224,-0.94325,0.0
1.48224,-0.90956,0.0
1.48224,-0.87587,0.0
1.48224,-0.84218,0.0
1.48224,-0.8085,0.0
1.48224,-0.77481,0.0
1.48224,-0.74112,0.0
1.48224,-0.70743,0.0
1.48224,-0.67375,0.0
1.48224,-0.64006,0.0
1.48224,-0.60637,0.0
1.48224,-0.57268,0.0
1.48224,-0.539,0.0
1.48224,-0.50531,0.0
1.48224,-0.47162,0.0
1.48224,-0.43794,0.0
1.48224,-0.40425,0.0
1.48224,-0.37056,0.0
1.48224,-0.33687,0.0
1.48224,-0.30319,0.0
1.48224,-0.2695,0.0
1.48224,-0.23581,0.0
1.48224,-0.20212,0.0
1.48224,-0.16844,0.0
1.48224,-0.13475,0.0
1.48224,-0.10106,0.0
1.48224,-0.06737,0.0
1.48224,-0.03369,0.0
1.48224,0,0.0
1.48224,0.03369,0.0
1.48224,0.06737,0.0
1.48224,0.10106,0.0
1.48224,0.13475,0.0
1.48224,0.16844,0.0
1.48224,0.20212,0.0
1.48224,0.23581,0.0
1.48224,0.2695,0.0
1.48224,0.30319,0.0
1.48224,0.33687,0.0
1.48224,0.37056,0.0
1.48224,0.40425,0.0
1.48224,0.43794,0.0
1.48224,0.47162,0.0
1.48224,0.50531,0.0
1.48224,0.539,0.0
1.48224,0.57268,0.0
1.48224,0.60637,0.0
1.48224,0.64006,0.0
1.48224,0.67375,0.0
1.48224,0.70743,0.0
1.48224,0.74112,0.0
1.48224,0.77481,0.0
1.48224,0.8085,0.0
1.48224,0.84218,0.0
1.48224,0.87587,0.0
1.48224,0.90956,0.0
1.48224,0.94325,0.0
1.48224,0.97693,0.0
1.48224,1.01062,0.0
1.48224,1.04431,0.0
1.48224,1.078,0.0
1.48224,1.11168,0.0
1.48224,1.14537,0.0
1.48224,1.17906,0.0
1.48224,1.21274,0.0
1.48224,1.24643,0.0
1.48224,1.28012,0.0
1.48224,1.31381,0.0
1.48224,1.34749,0.0
1.48224,1.38118,0.0
1.48224,1.41487,0.0
1.48224,1.44856,0.0
1.48224,1.48224,0.0
1.48224,1.51593,0.0
1.48224,1.54962,0.0
1.48224,1.58331,0.0
1.48224,1.61699,0.0
1.48224,1.65068,0.0
1.48224,1.68437,0.0
1.48224,1.71805,0.0
1.48224,1.75174,0.0
1.48224,1.78543,0.0
1.48224,1.81912,0.0
1.48224,1.8528,0.0
1.48224,1.88649,0.0
1.48224,1.92018,0.0
1.48224,1.95387,0.0
1.48224,1.98755,0.0
1.48224,2.02124,0.0
1.48224,2.05493,0.0
1.48224,2.08862,0.0
1.48224,2.1223,0.0
1.48224,2.15599,0.0
1.48224,2.18968,0.0
1.48224,2.22336,0.0
1.48224,2.25705,0.0
1.48224,2.29074,0.0
1.48224,2.32443,0.0
1.48224,2.35811,0.0
1.48224,2.3918,0.0
1.48224,2.42549,0.0
1.48224,2.45918,0.0
1.48224,2.49286,0.0
1.48224,2.52655,0.0
1.48224,2.56024,0.0
1.48224,2.59393,0.0
1.48224,2.62761,0.0
1.48224,2.6613,0.0
1.48224,2.69499,0.0
1.48224,2.72868,0.0
1.48224,2.76236,0.0
1.48224,2.79605,0.0
1.48224,2.82974,0.0
1.48224,2.86342,0.0
1.48224,2.89711,0.0
1.48224,2.9308,0.0
1.51593,-2.9308,0.0
1.51593,-2.89711,0.0
1.51593,-2.86342,0.0
1.51593,-2.82974,0.0
1.51593,-2.79605,0.0
1.51593,-2.76236,0.0
1.51593,-2.72868,0.0
1.51593,-2.69499,0.0
1.51593,-2.6613,0.0
1.51593,-2.62761,0.0
1.51593,-2.59393,0.0
1.51593,-2.56024,0.0
1.51593,-2.52655,0.0
1.51593,-2.49286,0.0
1.51593,-2.45918,0.0
1.51593,-2.42549,0.0
1.51593,-2.3918,0.0
1.51593,-2.35811,0.0
1.51593,-2.32443,0.0
1.51593,-2.29074,0.0
1.51593,-2.25705,0.0
1.51593,-2.22336,0.0
1.51593,-2.18968,0.0
1.51593,-2.15599,0.0
1.51593,-2.1223,0.0
1.51593,-2.08862,0.0
1.51593,-2.05493,0.0
1.51593,-2.02124,0.0
1.51593,-1.98755,0.0
1.51593,-1.95387,0.0
1.51593,-1.92018,0.0
1.51593,-1.88649,0.0
1.51593,-1.8528,0.0
1.51593,-1.81912,0.0
1.51593,-1.78543,0.0
1.51593,-1.75174,0.0
1.51593,-1.71805,0.0
1.51593,-1.68437,0.0
1.51593,-1.65068,0.0
1.51593,-1.61699,0.0
1.51593,-1.58331,0.0
1.51593,-1.54962,0.0
1.51593,-1.51593,0.0
1.51593,-1.48224,0.0
1.51593,-1.44856,0.0
1.51593,-1.41487,0.0
1.51593,-1.38118,0.0
1.51593,-1.34749,0.0
1.51593,-1.31381,0.0
1.51593,-1.28012,0.0
1.51593,-1.24643,0.0
1.51593,-1.21274,0.0
1.51593,-1.17906,0.0
1.51593,-1.14537,0.0
1.51593,-1.11168,0.0
1.51593,-1.078,0.0
1.51593,-1.04431,0.0
1.51593,-1.01062,0.0
1.51593,-0.97693,0.0
1.51593,-0.94325,0.0
1.51593,-0.90956,0.0
1.51593,-0.87587,0.0
1.51593,-0.84218,0.0
1.51593,-0.8085,0.0
1.51593,-0.77481,0.0
1.51593,-0.74112,0.0
1.51593,-0.70743,0.0
1.51593,-0.67375,0.0
1.51593,-0.64006,0.0
1.51593,-0.60637,0.0
1.51593,-0.57268,0.0
1.51593,-0.539,0.0
1.51593,-0.50531,0.0
1.51593,-0.47162,0.0
1.51593,-0.43794,0.0
1.51593,-0.40425,0.0
1.51593,-0.37056,0.0
1.51593,-0.33687,0.0
1.51593,-0.30319,0.0
1.51593,-0.2695,0.0
1.51593,-0.23581,0.0
1.51593,-0.20212,0.0
1.51593,-0.16844,0.0
1.51593,-0.13475,0.0
1.51593,-0.10106,0.0
1.51593,-0.06737,0.0
1.51593,-0.03369,0.0
1.51593,0,0.0
1.51593,0.03369,0.0
1.51593,0.06737,0.0
1.51593,0.10106,0.0
1.51593,0.13475,0.0
1.51593,0.16844,0.0
1.51593,0.20212,0.0
1.51593,0.23581,0.0
1.51593,0.2695,0.0
1.51593,0.30319,0.0
1.51593,0.33687,0.0
1.51593,0.37056,0.0
1.51593,0.40425,0.0
1.51593,0.43794,0.0
1.51593,0.47162,0.0
1.51593,0.50531,0.0
1.51593,0.539,0.0
1.51593,0.57268,0.0
1.51593,0.60637,0.0
1.51593,0.64006,0.0
1.51593,0.67375,0.0
1.51593,0.70743,0.0
1.51593,0.74112,0.0
1.51593,0.77481,0.0
1.51593,0.8085,0.0
1.51593,0.84218,0.0
1.51593,0.87587,0.0
1.51593,0.90956,0.0
1.51593,0.94325,0.0
1.51593,0.97693,0.0
1.51593,1.01062,0.0
1.51593,1.04431,0.0
1.51593,1.078,0.0
1.51593,1.11168,0.0
1.51593,1.14537,0.0
1.51593,1.17906,0.0
1.51593,1.21274,0.0
1.51593,1.24643,0.0
1.51593,1.28012,0.0
1.51593,1.31381,0.0
1.51593,1.34749,0.0
1.51593,1.38118,0.0
1.51593,1.41487,0.0
1.51593,1.44856,0.0
1.51593,1.48224,0.0
1.51593,1.51593,0.0
1.51593,1.54962,0.0
1.51593,1.58331,0.0
1.51593,1.61699,0.0
1.51593,1.65068,0.0
1.51593,1.68437,0.0
1.51593,1.71805,0.0
1.51593,1.75174,0.0
1.51593,1.78543,0.0
1.51593,1.81912,0.0
1.51593,1.8528,0.0
1.51593,1.88649,0.0
1.51593,1.92018,0.0
1.51593,1.95387,0.0
1.51593,1.98755,0.0
1.51593,2.02124,0.0
1.51593,2.05493,0.0
1.51593,2.08862,0.0
1.51593,2.1223,0.0
1.51593,2.15599,0.0
1.51593,2.18968,0.0
1.51593,2.22336,0.0
1.51593,2.25705,0.0
1.51593,2.29074,0.0
1.51593,2.32443,0.0
1.51593,2.35811,0.0
1.51593,2.3918,0.0
1.51593,2.42549,0.0
1.51593,2.45918,0.0
1.51593,2.49286,0.0
1.51593,2.52655,0.0
1.51593,2.56024,0.0
1.51593,2.59393,0.0
1.51593,2.62761,0.0
1.51593,2.6613,0.0
1.51593,2.69499,0.0
1.51593,2.72868,0.0
1.51593,2.76236,0.0
1.51593,2.79605,0.0
1.51593,2.82974,0.0
1.51593,2.86342,0.0
1.51593,2.89711,0.0
1.51593,2.9308,0.0
1.54962,-2.89711,0.0
1.54962,-2.86342,0.0
1.54962,-2.82974,0.0
1.54962,-2.79605,0.0
1.54962,-2.76236,0.0
1.54962,-2.72868,0.0
1.54962,-2.69499,0.0
1.54962,-2.6613,0.0
1.54962,-2.62761,0.0
1.54962,-2.59393,0.0
1.54962,-2.56024,0.0
1.54962,-2.52655,0.0
1.54962,-2.49286,0.0
1.54962,-2.45918,0.0
1.54962,-2.42549,0.0
1.54962,-2.3918,0.0
1.54962,-2.35811,0.0
1.54962,-2.32443,0.0
1.54962,-2.29074,0.0
1.54962,-2.25705,0.0
1.54962,-2.22336,0.0
1.54962,-2.18968,0.0
1.54962,-2.15599,0.0
1.54962,-2.1223,0.0
1.54962,-2.08862,0.0
1.54962,-2.05493,0.0
1.54962,-2.02124,0.0
1.54962,-1.98755,0.0
1.54962,-1.95387,0.0
1.54962,-1.92018,0.0
1.54962,-1.88649,0.0
1.54962,-1.8528,0.0
1.54962,-1.81912,0.0
1.54962,-1.78543,0.0
1.54962,-1.75174,0.0
1.54962,-1.71805,0.0
1.54962,-1.68437,0.0
1.54962,-1.65068,0.0
1.54962,-1.61699,0.0
1.54962,-1.58331,0.0
1.54962,-1.54962,0.0
1.54962,-1.51593,0.0
1.54962,-1.48224,0.0
1.54962,-1.44856,0.0
1.54962,-1.41487,0.0
1.54962,-1.38118,0.0
1.54962,-1.34749,0.0
1.54962,-1.31381,0.0
1.54962,-1.28012,0.0
1.54962,-1.24643,0.0
1.54962,-1.21274,0.0
1.54962,-1.17906,0.0
1.54962,-1.14537,0.0
1.54962,-1.11168,0.0
1.54962,-1.078,0.0
1.54962,-1.04431,0.0
1.54962,-1.01062,0.0
1.54962,-0.97693,0.0
1.54962,-0.94325,0.0
1.54962,-0.90956,0.0
1.54962,-0.87587,0.0
1.54962,-0.84218,0.0
1.54962,-0.8085,0.0
1.54962,-0.77481,0.0
1.54962,-0.74112,0.0
1.54962,-0.70743,0.0
1.54962,-0.67375,0.0
1.54962,-0.64006,0.0
1.54962,-0.60637,0.0
1.54962,-0.57268,0.0
1.54962,-0.539,0.0
1.54962,-0.50531,0.0
1.54962,-0.47162,0.0
1.54962,-0.43794,0.0
1.54962,-0.40425,0.0
1.54962,-0.37056,0.0
1.54962,-0.33687,0.0
1.54962,-0.30319,0.0
1.54962,-0.2695,0.0
1.54962,-0.23581,0.0
1.54962,-0.20212,0.0
1.54962,-0.16844,0.0
1.54962,-0.13475,0.0
1.54962,-0.10106,0.0
1.54962,-0.06737,0.0
1.54962,-0.03369,0.0
1.54962,0,0.0
1.54962,0.03369,0.0
1.54962,0.06737,0.0
1.54962,0.10106,0.0
1.54962,0.13475,0.0
1.54962,0.16844,0.0
1.54962,0.20212,0.0
1.54962,0.23581,0.0
1.54962,0.2695,0.0
1.54962,0.30319,0.0
1.54962,0.33687,0.0
1.54962,0.37056,0.0
1.54962,0.40425,0.0
1.54962,0.43794,0.0
1.54962,0.47162,0.0
1.54962,0.50531,0.0
1.54962,0.539,0.0
1.54962,0.57268,0.0
1.54962,0.60637,0.0
1.54962,0.64006,0.0
1.54962,0.67375,0.0
1.54962,0.70743,0.0
1.54962,0.74112,0.0
1.54962,0.77481,0.0
1.54962,0.8085,0.0
1.54962,0.84218,0.0
1.54962,0.87587,0.0
1.54962,0.90956,0.0
1.54962,0.94325,0.0
1.54962,0.97693,0.0
1.54962,1.01062,0.0
1.54962,1.04431,0.0
1.54962,1.078,0.0
1.54962,1.11168,0.0
1.54962,1.14537,0.0
1.54962,1.17906,0.0
1.54962,1.21274,0.0
1.54962,1.24643,0.0
1.54962,1.28012,0.0
1.54962,1.31381,0.0
1.54962,1.34749,0.0
1.54962,1.38118,0.0
1.54962,1.41487,0.0
1.54962,1.44856,0.0
1.54962,1.48224,0.0
1.54962,1.51593,0.0
1.54962,1.54962,0.0
1.54962,1.58331,0.0
1.54962,1.61699,0.0
1.54962,1.65068,0.0
1.54962,1.68437,0.0
1.54962,1.71805,0.0
1.54962,1.75174,0.0
1.54962,1.78543,0.0
1.54962,1.81912,0.0
1.54962,1.8528,0.0
1.54962,1.88649,0.0
1.54962,1.92018,0.0
1.54962,1.95387,0.0
1.54962,1.98755,0.0
1.54962,2.02124,0.0
1.54962,2.05493,0.0
1.54962,2.08862,0.0
1.54962,2.1223,0.0
1.54962,2.15599,0.0
1.54962,2.18968,0.0
1.54962,2.22336,0.0
1.54962,2.25705,0.0
1.54962,2.29074,0.0
1.54962,2.32443,0.0
1.54962,2.35811,0.0
1.54962,2.3918,0.0
1.54962,2.42549,0.0
1.54962,2.45918,0.0
1.54962,2.49286,0.0
1.54962,2.52655,0.0
1.54962,2.56024,0.0
1.54962,2.59393,0.0
1.54962,2.62761,0.0
1.54962,2.6613,0.0
1.54962,2.69499,0.0
1.54962,2.72868,0.0
1.54962,2.76236,0.0
1.54962,2.79605,0.0
1.54962,2.82974,0.0
1.54962,2.86342,0.0
1.54962,2.89711,0.0
1.58331,-2.86342,0.0
1.58331,-2.82974,0.0
1.58331,-2.79605,0.0
1.58331,-2.76236,0.0
1.58331,-2.72868,0.0
1.58331,-2.69499,0.0
1.58331,-2.6613,0.0
1.58331,-2.62761,0.0
1.58331,-2.59393,0.0
1.58331,-2.56024,0.0
1.58331,-2.52655,0.0
1.58331,-2.49286,0.0
1.58331,-2.45918,0.0
1.58331,-2.42549,0.0
1.58331,-2.3918,0.0
1.58331,-2.35811,0.0
1.58331,-2.32443,0.0
1.58331,-2.29074,0.0
1.58331,-2.25705,0.0
1.58331,-2.22336,0.0
1.58331,-2.18968,0.0
1.58331,-2.15599,0.0
1.58331,-2.1223,0.0
1.58331,-2.08862,0.0
1.58331,-2.05493,0.0
1.58331,-2.02124,0.0
1.58331,-1.98755,0.0
1.58331,-1.95387,0.0
1.58331,-1.92018,0.0
1.58331,-1.88649,0.0
1.58331,-1.8528,0.0
1.58331,-1.81912,0.0
1.58331,-1.78543,0.0
1.58331,-1.75174,0.0
1.58331,-1.71805,0.0
1.58331,-1.68437,0.0
1.58331,-1.65068,0.0
1.58331,-1.61699,0.0
1.58331,-1.58331,0.0
1.58331,-1.54962,0.0
1.58331,-1.51593,0.0
1.58331,-1.48224,0.0
1.58331,-1.44856,0.0
1.58331,-1.41487,0.0
1.58331,-1.38118,0.0
1.58331,-1.34749,0.0
1.58331,-1.31381,0.0
1.58331,-1.28012,0.0
1.58331,-1.24643,0.0
1.58331,-1.21274,0.0
1.58331,-1.17906,0.0
1.58331,-1.14537,0.0
1.58331,-1.11168,0.0
1.58331,-1.078,0.0
1.58331,-1.04431,0.0
1.58331,-1.01062,0.0
1.58331,-0.97693,0.0
1.58331,-0.94325,0.0
1.58331,-0.90956,0.0
1.58331,-0.87587,0.0
1.58331,-0.84218,0.0
1.58331,-0.8085,0.0
1.58331,-0.77481,0.0
1.58331,-0.74112,0.0
1.58331,-0.70743,0.0
1.58331,-0.67375,0.0
1.58331,-0.64006,0.0
1.58331,-0.60637,0.0
1.58331,-0.57268,0.0
1.58331,-0.539,0.0
1.58331,-0.50531,0.0
1.58331,-0.47162,0.0
1.58331,-0.43794,0.0
1.58331,-0.40425,0.0
1.58331,-0.37056,0.0
1.58331,-0.33687,0.0
1.58331,-0.30319,0.0
1.58331,-0.2695,0.0
1.58331,-0.23581,0.0
1.58331,-0.20212,0.0
1.58331,-0.16844,0.0
1.58331,-0.13475,0.0
1.58331,-0.10106,0.0
1.58331,-0.06737,0.0
1.58331,-0.03369,0.0
1.58331,0,0.0
1.58331,0.03369,0.0
1.58331,0.06737,0.0
1.58331,0.10106,0.0
1.58331,0.13475,0.0
1.58331,0.16844,0.0
1.58331,0.20212,0.0
1.58331,0.23581,0.0
1.58331,0.2695,0.0
1.58331,0.30319,0.0
1.58331,0.33687,0.0
1.58331,0.37056,0.0
1.58331,0.40425,0.0
1.58331,0.43794,0.0
1.58331,0.47162,0.0
1.58331,0.50531,0.0
1.58331,0.539,0.0
1.58331,0.57268,0.0
1.58331,0.60637,0.0
1.58331,0.64006,0.0
1.58331,0.67375,0.0
1.58331,0.70743,0.0
1.58331,0.74112,0.0
1.58331,0.77481,0.0
1.58331,0.8085,0.0
1.58331,0.84218,0.0
1.58331,0.87587,0.0
1.58331,0.90956,0.0
1.58331,0.94325,0.0
1.58331,0.97693,0.0
1.58331,1.01062,0.0
1.58331,1.04431,0.0
1.58331,1.078,0.0
1.58331,1.11168,0.0
1.58331,1.14537,0.0
1.58331,1.17906,0.0
1.58331,1.21274,0.0
1.58331,1.24643,0.0
1.58331,1.28012,0.0
1.58331,1.31381,0.0
1.58331,1.34749,0.0
1.58331,1.38118,0.0
1.58331,1.41487,0.0
1.58331,1.44856,0.0
1.58331,1.48224,0.0
1.58331,1.51593,0.0
1.58331,1.54962,0.0
1.58331,1.58331,0.0
1.58331,1.61699,0.0
1.58331,1.65068,0.0
1.58331,1.68437,0.0
1.58331,1.71805,0.0
1.58331,1.75174,0.0
1.58331,1.78543,0.0
1.58331,1.81912,0.0
1.58331,1.8528,0.0
1.58331,1.88649,0.0
1.58331,1.92018,0.0
1.58331,1.95387,0.0
1.58331,1.98755,0.0
1.58331,2.02124,0.0
1.58331,2.05493,0.0
1.58331,2.08862,0.0
1.58331,2.1223,0.0
1.58331,2.15599,0.0
1.58331,2.18968,0.0
1.58331,2.22336,0.0
1.58331,2.25705,0.0
1.58331,2.29074,0.0
1.58331,2.32443,0.0
1.58331,2.35811,0.0
1.58331,2.3918,0.0
1.58331,2.42549,0.0
1.58331,2.45918,0.0
1.58331,2.49286,0.0
1.58331,2.52655,0.0
1.58331,2.56024,0.0
1.58331,2.59393,0.0
1.58331,2.62761,0.0
1.58331,2.6613,0.0
1.58331,2.69499,0.0
1.58331,2.72868,0.0
1.58331,2.76236,0.0
1.58331,2.79605,0.0
1.58331,2.82974,0.0
1.58331,2.86342,0.0
1.61699,-2.86342,0.0
1.61699,-2.82974,0.0
1.61699,-2.79605,0.0
1.61699,-2.76236,0.0
1.61699,-2.72868,0.0
1.61699,-2.69499,0.0
1.61699,-2.6613,0.0
1.61699,-2.62761,0.0
1.61699,-2.59393,0.0
1.61699,-2.56024,0.0
1.61699,-2.52655,0.0
1.61699,-2.49286,0.0
1.61699,-2.45918,0.0
1.61699,-2.42549,0.0
1.61699,-2.3918,0.0
1.61699,-2.35811,0.0
1.61699,-2.32443,0.0
1.61699,-2.29074,0.0
1.61699,-2.25705,0.0
1.61699,-2.22336,0.0
1.61699,-2.18968,0.0
1.61699,-2.15599,0.0
1.61699,-2.1223,0.0
1.61699,-2.08862,0.0
1.61699,-2.05493,0.0
1.61699,-2.02124,0.0
1.61699,-1.98755,0.0
1.61699,-1.95387,0.0
1.61699,-1.92018,0.0
1.61699,-1.88649,0.0
1.61699,-1.8528,0.0
1.61699,-1.81912,0.0
1.61699,-1.78543,0.0
1.61699,-1.75174,0.0
1.61699,-1.71805,0.0
1.61699,-1.68437,0.0
1.61699,-1.65068,0.0
1.61699,-1.61699,0.0
1.61699,-1.58331,0.0
1.61699,-1.54962,0.0
1.61699,-1.51593,0.0
1.61699,-1.48224,0.0
1.61699,-1.44856,0.0
1.61699,-1.41487,0.0
1.61699,-1.38118,0.0
1.61699,-1.34749,0.0
1.61699,-1.31381,0.0
1.61699,-1.28012,0.0
1.61699,-1.24643,0.0
1.61699,-1.21274,0.0
1.61699,-1.17906,0.0
1.61699,-1.14537,0.0
1.61699,-1.11168,0.0
1.61699,-1.078,0.0
1.61699,-1.04431,0.0
1.61699,-1.01062,0.0
1.61699,-0.97693,0.0
1.61699,-0.94325,0.0
1.61699,-0.90956,0.0
1.61699,-0.87587,0.0
1.61699,-0.84218,0.0
1.61699,-0.8085,0.0
1.61699,-0.77481,0.0
1.61699,-0.74112,0.0
1.61699,-0.70743,0.0
1.61699,-0.67375,0.0
1.61699,-0.64006,0.0
1.61699,-0.60637,0.0
1.61699,-0.57268,0.0
1.61699,-0.539,0.0
1.61699,-0.50531,0.0
1.61699,-0.47162,0.0
1.61699,-0.43794,0.0
1.61699,-0.40425,0.0
1.61699,-0.37056,0.0
1.61699,-0.33687,0.0
1.61699,-0.30319,0.0
1.61699,-0.2695,0.0
1.61699,-0.23581,0.0
1.61699,-0.20212,0.0
1.61699,-0.16844,0.0
1.61699,-0.13475,0.0
1.61699,-0.10106,0.0
1.61699,-0.06737,0.0
1.61699,-0.03369,0.0
1.61699,0,0.0
1.61699,0.03369,0.0
1.61699,0.06737,0.0
1.61699,0.10106,0.0
1.61699,0.13475,0.0
1.61699,0.16844,0.0
1.61699,0.20212,0.0
1.61699,0.23581,0.0
1.61699,0.2695,0.0
1.61699,0.30319,0.0
1.61699,0.33687,0.0
1.61699,0.37056,0.0
1.61699,0.40425,0.0
1.61699,0.43794,0.0
1.61699,0.47162,0.0
1.61699,0.50531,0.0
1.61699,0.539,0.0
1.61699,0.57268,0.0
1.61699,0.60637,0.0
1.61699,0.64006,0.0
1.61699,0.67375,0.0
1.61699,0.70743,0.0
1.61699,0.74112,0.0
1.61699,0.77481,0.0
1.61699,0.8085,0.0
1.61699,0.84218,0.0
1.61699,0.87587,0.0
1.61699,0.90956,0.0
1.61699,0.94325,0.0
1.61699,0.97693,0.0
1.61699,1.01062,0.0
1.61699,1.04431,0.0
1.61699,1.078,0.0
1.61699,1.11168,0.0
1.61699,1.14537,0.0
1.61699,1.17906,0.0
1.61699,1.21274,0.0
1.61699,1.24643,0.0
1.61699,1.28012,0.0
1.61699,1.31381,0.0
1.61699,1.34749,0.0
1.61699,1.38118,0.0
1.61699,1.41487,0.0
1.61699,1.44856,0.0
1.61699,1.48224,0.0
1.61699,1.51593,0.0
1.61699,1.54962,0.0
1.61699,1.58331,0.0
1.61699,1.61699,0.0
1.61699,1.65068,0.0
1.61699,1.68437,0.0
1.61699,1.71805,0.0
1.61699,1.75174,0.0
1.61699,1.78543,0.0
1.61699,1.81912,0.0
1.61699,1.8528,0.0
1.61699,1.88649,0.0
1.61699,1.92018,0.0
1.61699,1.95387,0.0
1.61699,1.98755,0.0
1.61699,2.02124,0.0
1.61699,2.05493,0.0
1.61699,2.08862,0.0
1.61699,2.1223,0.0
1.61699,2.15599,0.0
1.61699,2.18968,0.0
1.61699,2.22336,0.0
1.61699,2.25705,0.0
1.61699,2.29074,0.0
1.61699,2.32443,0.0
1.61699,2.35811,0.0
1.61699,2.3918,0.0
1.61699,2.42549,0.0
1.61699,2.45918,0.0
1.61699,2.49286,0.0
1.61699,2.52655,0.0
1.61699,2.56024,0.0
1.61699,2.59393,0.0
1.61699,2.62761,0.0
1.61699,2.6613,0.0
1.61699,2.69499,0.0
1.61699,2.72868,0.0
1.61699,2.76236,0.0
1.61699,2.79605,0.0
1.61699,2.82974,0.0
1.61699,2.86342,0.0
1.65068,-2.82974,0.0
1.65068,-2.79605,0.0
1.65068,-2.76236,0.0
1.65068,-2.72868,0.0
1.65068,-2.69499,0.0
1.65068,-2.6613,0.0
1.65068,-2.62761,0.0
1.65068,-2.59393,0.0
1.65068,-2.56024,0.0
1.65068,-2.52655,0.0
1.65068,-2.49286,0.0
1.65068,-2.45918,0.0
1.65068,-2.42549,0.0
1.65068,-2.3918,0.0
1.65068,-2.35811,0.0
1.65068,-2.32443,0.0
1.65068,-2.29074,0.0
1.65068,-2.25705,0.0
1.65068,-2.22336,0.0
1.65068,-2.18968,0.0
1.65068,-2.15599,0.0
1.65068,-2.1223,0.0
1.65068,-2.08862,0.0
1.65068,-2.05493,0.0
1.65068,-2.02124,0.0
1.65068,-1.98755,0.0
1.65068,-1.95387,0.0
1.65068,-1.92018,0.0
1.65068,-1.88649,0.0
1.65068,-1.8528,0.0
1.65068,-1.81912,0.0
1.65068,-1.78543,0.0
1.65068,-1.75174,0.0
1.65068,-1.71805,0.0
1.65068,-1.68437,0.0
1.65068,-1.65068,0.0
1.65068,-1.61699,0.0
1.65068,-1.58331,0.0
1.65068,-1.54962,0.0
1.65068,-1.51593,0.0
1.65068,-1.48224,0.0
1.65068,-1.44856,0.0
1.65068,-1.41487,0.0
1.65068,-1.38118,0.0
1.65068,-1.34749,0.0
1.65068,-1.31381,0.0
1.65068,-1.28012,0.0
1.65068,-1.24643,0.0
1.65068,-1.21274,0.0
1.65068,-1.17906,0.0
1.65068,-1.14537,0.0
1.65068,-1.11168,0.0
1.65068,-1.078,0.0
1.65068,-1.04431,0.0
1.65068,-1.01062,0.0
1.65068,-0.97693,0.0
1.65068,-0.94325,0.0
1.65068,-0.90956,0.0
1.65068,-0.87587,0.0
1.65068,-0.84218,0.0
1.65068,-0.8085,0.0
1.65068,-0.77481,0.0
1.65068,-0.74112,0.0
1.65068,-0.70743,0.0
1.65068,-0.67375,0.0
1.65068,-0.64006,0.0
1.65068,-0.60637,0.0
1.65068,-0.57268,0.0
1.65068,-0.539,0.0
1.65068,-0.50531,0.0
1.65068,-0.47162,0.0
1.65068,-0.43794,0.0
1.65068,-0.40425,0.0
1.65068,-0.37056,0.0
1.65068,-0.33687,0.0
1.65068,-0.30319,0.0
1.65068,-0.2695,0.0
1.65068,-0.23581,0.0
1.65068,-0.20212,0.0
1.65068,-0.16844,0.0
1.65068,-0.13475,0.0
1.65068,-0.10106,0.0
1.65068,-0.06737,0.0
1.65068,-0.03369,0.0
1.65068,0,0.0
1.65068,0.03369,0.0
1.65068,0.06737,0.0
1.65068,0.10106,0.0
1.65068,0.13475,0.0
1.65068,0.16844,0.0
1.65068,0.20212,0.0
1.65068,0.23581,0.0
1.65068,0.2695,0.0
1.65068,0.30319,0.0
1.65068,0.33687,0.0
1.65068,0.37056,0.0
1.65068,0.40425,0.0
1.65068,0.43794,0.0
1.65068,0.47162,0.0
1.65068,0.50531,0.0
1.65068,0.539,0.0
1.65068,0.57268,0.0
1.65068,0.60637,0.0
1.65068,0.64006,0.0
1.65068,0.67375,0.0
1.65068,0.70743,0.0
1.65068,0.74112,0.0
1.65068,0.77481,0.0
1.65068,0.8085,0.0
1.65068,0.84218,0.0
1.65068,0.87587,0.0
1.65068,0.90956,0.0
1.65068,0.94325,0.0
1.65068,0.97693,0.0
1.65068,1.01062,0.0
1.65068,1.04431,0.0
1.65068,1.078,0.0
1.65068,1.11168,0.0
1.65068,1.14537,0.0
1.65068,1.17906,0.0
1.65068,1.21274,0.0
1.65068,1.24643,0.0
1.65068,1.28012,0.0
1.65068,1.31381,0.0
1.65068,1.34749,0.0
1.65068,1.38118,0.0
1.65068,1.41487,0.0
1.65068,1.44856,0.0
1.65068,1.48224,0.0
1.65068,1.51593,0.0
1.65068,1.54962,0.0
1.65068,1.58331,0.0
1.65068,1.61699,0.0
1.65068,1.65068,0.0
1.65068,1.68437,0.0
1.65068,1.71805,0.0
1.65068,1.75174,0.0
1.65068,1.78543,0.0
1.65068,1.81912,0.0
1.65068,1.8528,0.0
1.65068,1.88649,0.0
1.65068,1.92018,0.0
1.65068,1.95387,0.0
1.65068,1.98755,0.0
1.65068,2.02124,0.0
1.65068,2.05493,0.0
1.65068,2.08862,0.0
1.65068,2.1223,0.0
1.65068,2.15599,0.0
1.65068,2.18968,0.0
1.65068,2.22336,0.0
1.65068,2.25705,0.0
1.65068,2.29074,0.0
1.65068,2.32443,0.0
1.65068,2.35811,0.0
1.65068,2.3918,0.0
1.65068,2.42549,0.0
1.65068,2.45918,0.0
1.65068,2.49286,0.0
1.65068,2.52655,0.0
1.65068,2.56024,0.0
1.65068,2.59393,0.0
1.65068,2.62761,0.0
1.65068,2.6613,0.0
1.65068,2.69499,0.0
1.65068,2.72868,0.0
1.65068,2.76236,0.0
1.65068,2.79605,0.0
1.65068,2.82974,0.0
1.68437,-2.82974,0.0
1.68437,-2.79605,0.0
1.68437,-2.76236,0.0
1.68437,-2.72868,0.0
1.68437,-2.69499,0.0
1.68437,-2.6613,0.0
1.68437,-2.62761,0.0
1.68437,-2.59393,0.0
1.68437,-2.56024,0.0
1.68437,-2.52655,0.0
1.68437,-2.49286,0.0
1.68437,-2.45918,0.0
1.68437,-2.42549,0.0
1.68437,-2.3918,0.0
1.68437,-2.35811,0.0
1.68437,-2.32443,0.0
1.68437,-2.29074,0.0
1.68437,-2.25705,0.0
1.68437,-2.22336,0.0
1.68437,-2.18968,0.0
1.68437,-2.15599,0.0
1.68437,-2.1223,0.0
1.68437,-2.08862,0.0
1.68437,-2.05493,0.0
1.68437,-2.02124,0.0
1.68437,-1.98755,0.0
1.68437,-1.95387,0.0
1.68437,-1.92018,0.0
1.68437,-1.88649,0.0
1.68437,-1.8528,0.0
1.68437,-1.81912,0.0
1.68437,-1.78543,0.0
1.68437,-1.75174,0.0
1.68437,-1.71805,0.0
1.68437,-1.68437,0.0
1.68437,-1.65068,0.0
1.68437,-1.61699,0.0
1.68437,-1.58331,0.0
1.68437,-1.54962,0.0
1.68437,-1.51593,0.0
1.68437,-1.48224,0.0
1.68437,-1.44856,0.0
1.68437,-1.41487,0.0
1.68437,-1.38118,0.0
1.68437,-1.34749,0.0
1.68437,-1.31381,0.0
1.68437,-1.28012,0.0
1.68437,-1.24643,0.0
1.68437,-1.21274,0.0
1.68437,-1.17906,0.0
1.68437,-1.14537,0.0
1.68437,-1.11168,0.0
1.68437,-1.078,0.0
1.68437,-1.04431,0.0
1.68437,-1.01062,0.0
1.68437,-0.97693,0.0
1.68437,-0.94325,0.0
1.68437,-0.90956,0.0
1.68437,-0.87587,0.0
1.68437,-0.84218,0.0
1.68437,-0.8085,0.0
1.68437,-0.77481,0.0
1.68437,-0.74112,0.0
1.68437,-0.70743,0.0
1.68437,-0.67375,0.0
1.68437,-0.64006,0.0
1.68437,-0.60637,0.0
1.68437,-0.57268,0.0
1.68437,-0.539,0.0
1.68437,-0.50531,0.0
1.68437,-0.47162,0.0
1.68437,-0.43794,0.0
1.68437,-0.40425,0.0
1.68437,-0.37056,0.0
1.68437,-0.33687,0.0
1.68437,-0.30319,0.0
1.68437,-0.2695,0.0
1.68437,-0.23581,0.0
1.68437,-0.20212,0.0
1.68437,-0.16844,0.0
1.68437,-0.13475,0.0
1.68437,-0.10106,0.0
1.68437,-0.06737,0.0
1.68437,-0.03369,0.0
1.68437,0,0.0
1.68437,0.03369,0.0
1.68437,0.06737,0.0
1.68437,0.10106,0.0
1.68437,0.13475,0.0
1.68437,0.16844,0.0
1.68437,0.20212,0.0
1.68437,0.23581,0.0
1.68437,0.2695,0.0
1.68437,0.30319,0.0
1.68437,0.33687,0.0
1.68437,0.37056,0.0
1.68437,0.40425,0.0
1.68437,0.43794,0.0
1.68437,0.47162,0.0
1.68437,0.50531,0.0
1.68437,0.539,0.0
1.68437,0.57268,0.0
1.68437,0.60637,0.0
1.68437,0.64006,0.0
1.68437,0.67375,0.0
1.68437,0.70743,0.0
1.68437,0.74112,0.0
1.68437,0.77481,0.0
1.68437,0.8085,0.0
1.68437,0.84218,0.0
1.68437,0.87587,0.0
1.68437,0.90956,0.0
1.68437,0.94325,0.0
1.68437,0.97693,0.0
1.68437,1.01062,0.0
1.68437,1.04431,0.0
1.68437,1.078,0.0
1.68437,1.11168,0.0
1.68437,1.14537,0.0
1.68437,1.17906,0.0
1.68437,1.21274,0.0
1.68437,1.24643,0.0
1.68437,1.28012,0.0
1.68437,1.31381,0.0
1.68437,1.34749,0.0
1.68437,1.38118,0.0
1.68437,1.41487,0.0
1.68437,1.44856,0.0
1.68437,1.48224,0.0
1.68437,1.51593,0.0
1.68437,1.54962,0.0
1.68437,1.58331,0.0
1.68437,1.61699,0.0
1.68437,1.65068,0.0
1.68437,1.68437,0.0
1.68437,1.71805,0.0
1.68437,1.75174,0.0
1.68437,1.78543,0.0
1.68437,1.81912,0.0
1.68437,1.8528,0.0
1.68437,1.88649,0.0
1.68437,1.92018,0.0
1.68437,1.95387,0.0
1.68437,1.98755,0.0
1.68437,2.02124,0.0
1.68437,2.05493,0.0
1.68437,2.08862,0.0
1.68437,2.1223,0.0
1.68437,2.15599,0.0
1.68437,2.18968,0.0
1.68437,2.22336,0.0
1.68437,2.25705,0.0
1.68437,2.29074,0.0
1.68437,2.32443,0.0
1.68437,2.35811,0.0
1.68437,2.3918,0.0
1.68437,2.42549,0.0
1.68437,2.45918,0.0
1.68437,2.49286,0.0
1.68437,2.52655,0.0
1.68437,2.56024,0.0
1.68437,2.59393,0.0
1.68437,2.62761,0.0
1.68437,2.6613,0.0
1.68437,2.69499,0.0
1.68437,2.72868,0.0
1.68437,2.76236,0.0
1.68437,2.79605,0.0
1.68437,2.82974,0.0
1.71805,-2.79605,0.0
1.71805,-2.76236,0.0
1.71805,-2.72868,0.0
1.71805,-2.69499,0.0
1.71805,-2.6613,0.0
1.71805,-2.62761,0.0
1.71805,-2.59393,0.0
1.71805,-2.56024,0.0
1.71805,-2.52655,0.0
1.71805,-2.49286,0.0
1.71805,-2.45918,0.0
1.71805,-2.42549,0.0
1.71805,-2.3918,0.0
1.71805,-2.35811,0.0
1.71805,-2.32443,0.0
1.71805,-2.29074,0.0
1.71805,-2.25705,0.0
1.71805,-2.22336,0.0
1.71805,-2.18968,0.0
1.71805,-2.15599,0.0
1.71805,-2.1223,0.0
1.71805,-2.08862,0.0
1.71805,-2.05493,0.0
1.71805,-2.02124,0.0
1.71805,-1.98755,0.0
1.71805,-1.95387,0.0
1.71805,-1.92018,0.0
1.71805,-1.88649,0.0
1.71805,-1.8528,0.0
1.71805,-1.81912,0.0
1.71805,-1.78543,0.0
1.71805,-1.75174,0.0
1.71805,-1.71805,0.0
1.71805,-1.68437,0.0
1.71805,-1.65068,0.0
1.71805,-1.61699,0.0
1.71805,-1.58331,0.0
1.71805,-1.54962,0.0
1.71805,-1.51593,0.0
1.71805,-1.48224,0.0
1.71805,-1.44856,0.0
1.71805,-1.41487,0.0
1.71805,-1.38118,0.0
1.71805,-1.34749,0.0
1.71805,-1.31381,0.0
1.71805,-1.28012,0.0
1.71805,-1.24643,0.0
1.71805,-1.21274,0.0
1.71805,-1.17906,0.0
1.71805,-1.14537,0.0
1.71805,-1.11168,0.0
1.71805,-1.078,0.0
1.71805,-1.04431,0.0
1.71805,-1.01062,0.0
1.71805,-0.97693,0.0
1.71805,-0.94325,0.0
1.71805,-0.90956,0.0
1.71805,-0.87587,0.0
1.71805,-0.84218,0.0
1.71805,-0.8085,0.0
1.71805,-0.77481,0.0
1.71805,-0.74112,0.0
1.71805,-0.70743,0.0
1.71805,-0.67375,0.0
1.71805,-0.64006,0.0
1.71805,-0.60637,0.0
1.71805,-0.57268,0.0
1.71805,-0.539,0.0
1.71805,-0.50531,0.0
1.71805,-0.47162,0.0
1.71805,-0.43794,0.0
1.71805,-0.40425,0.0
1.71805,-0.37056,0.0
1.71805,-0.33687,0.0
1.71805,-0.30319,0.0
1.71805,-0.2695,0.0
1.71805,-0.23581,0.0
1.71805,-0.20212,0.0
1.71805,-0.16844,0.0
1.71805,-0.13475,0.0
1.71805,-0.10106,0.0
1.71805,-0.06737,0.0
1.71805,-0.03369,0.0
1.71805,0,0.0
1.71805,0.03369,0.0
1.71805,0.06737,0.0
1.71805,0.10106,0.0
1.71805,0.13475,0.0
1.71805,0.16844,0.0
1.71805,0.20212,0.0
1.71805,0.23581,0.0
1.71805,0.2695,0.0
1.71805,0.30319,0.0
1.71805,0.33687,0.0
1.71805,0.37056,0.0
1.71805,0.40425,0.0
1.71805,0.43794,0.0
1.71805,0.47162,0.0
1.71805,0.50531,0.0
1.71805,0.539,0.0
1.71805,0.57268,0.0
1.71805,0.60637,0.0
1.71805,0.64006,0.0
1.71805,0.67375,0.0
1.71805,0.70743,0.0
1.71805,0.74112,0.0
1.71805,0.77481,0.0
1.71805,0.8085,0.0
1.71805,0.84218,0.0
1.71805,0.87587,0.0
1.71805,0.90956,0.0
1.71805,0.94325,0.0
1.71805,0.97693,0.0
1.71805,1.01062,0.0
1.71805,1.04431,0.0
1.71805,1.078,0.0
1.71805,1.11168,0.0
1.71805,1.14537,0.0
1.71805,1.17906,0.0
1.71805,1.21274,0.0
1.71805,1.24643,0.0
1.71805,1.28012,0.0
1.71805,1.31381,0.0
1.71805,1.34749,0.0
1.71805,1.38118,0.0
1.71805,1.41487,0.0
1.71805,1.44856,0.0
1.71805,1.48224,0.0
1.71805,1.51593,0.0
1.71805,1.54962,0.0
1.71805,1.58331,0.0
1.71805,1.61699,0.0
1.71805,1.65068,0.0
1.71805,1.68437,0.0
1.71805,1.71805,0.0
1.71805,1.75174,0.0
1.71805,1.78543,0.0
1.71805,1.81912,0.0
1.71805,1.8528,0.0
1.71805,1.88649,0.0
1.71805,1.92018,0.0
1.71805,1.95387,0.0
1.71805,1.98755,0.0
1.71805,2.02124,0.0
1.71805,2.05493,0.0
1.71805,2.08862,0.0
1.71805,2.1223,0.0
1.71805,2.15599,0.0
1.71805,2.18968,0.0
1.71805,2.22336,0.0
1.71805,2.25705,0.0
1.71805,2.29074,0.0
1.71805,2.32443,0.0
1.71805,2.35811,0.0
1.71805,2.3918,0.0
1.71805,2.42549,0.0
1.71805,2.45918,0.0
1.71805,2.49286,0.0
1.71805,2.52655,0.0
1.71805,2.56024,0.0
1.71805,2.59393,0.0
1.71805,2.62761,0.0
1.71805,2.6613,0.0
1.71805,2.69499,0.0
1.71805,2.72868,0.0
1.71805,2.76236,0.0
1.71805,2.79605,0.0
1.75174,-2.79605,0.0
1.75174,-2.76236,0.0
1.75174,-2.72868,0.0
1.75174,-2.69499,0.0
1.75174,-2.6613,0.0
1.75174,-2.62761,0.0
1.75174,-2.59393,0.0
1.75174,-2.56024,0.0
1.75174,-2.52655,0.0
1.75174,-2.49286,0.0
1.75174,-2.45918,0.0
1.75174,-2.42549,0.0
1.75174,-2.3918,0.0
1.75174,-2.35811,0.0
1.75174,-2.32443,0.0
1.75174,-2.29074,0.0
1.75174,-2.25705,0.0
1.75174,-2.22336,0.0
1.75174,-2.18968,0.0
1.75174,-2.15599,0.0
1.75174,-2.1223,0.0
1.75174,-2.08862,0.0
1.75174,-2.05493,0.0
1.75174,-2.02124,0.0
1.75174,-1.98755,0.0
1.75174,-1.95387,0.0
1.75174,-1.92018,0.0
1.75174,-1.88649,0.0
1.75174,-1.8528,0.0
1.75174,-1.81912,0.0
1.75174,-1.78543,0.0
1.75174,-1.75174,0.0
1.75174,-1.71805,0.0
1.75174,-1.68437,0.0
1.75174,-1.65068,0.0
1.75174,-1.61699,0.0
1.75174,-1.58331,0.0
1.75174,-1.54962,0.0
1.75174,-1.51593,0.0
1.75174,-1.48224,0.0
1.75174,-1.44856,0.0
1.75174,-1.41487,0.0
1.75174,-1.38118,0.0
1.75174,-1.34749,0.0
1.75174,-1.31381,0.0
1.75174,-1.28012,0.0
1.75174,-1.24643,0.0
1.75174,-1.21274,0.0
1.75174,-1.17906,0.0
1.75174,-1.14537,0.0
1.75174,-1.11168,0.0
1.75174,-1.078,0.0
1.75174,-1.04431,0.0
1.75174,-1.01062,0.0
1.75174,-0.97693,0.0
1.75174,-0.94325,0.0
1.75174,-0.90956,0.0
1.75174,-0.87587,0.0
1.75174,-0.84218,0.0
1.75174,-0.8085,0.0
1.75174,-0.77481,0.0
1.75174,-0.74112,0.0
1.75174,-0.70743,0.0
1.75174,-0.67375,0.0
1.75174,-0.64006,0.0
1.75174,-0.60637,0.0
1.75174,-0.57268,0.0
1.75174,-0.539,0.0
1.75174,-0.50531,0.0
1.75174,-0.47162,0.0
1.75174,-0.43794,0.0
1.75174,-0.40425,0.0
1.75174,-0.37056,0.0
1.75174,-0.33687,0.0
1.75174,-0.30319,0.0
1.75174,-0.2695,0.0
1.75174,-0.23581,0.0
1.75174,-0.20212,0.0
1.75174,-0.16844,0.0
1.75174,-0.13475,0.0
1.75174,-0.10106,0.0
1.75174,-0.06737,0.0
1.75174,-0.03369,0.0
1.75174,0,0.0
1.75174,0.03369,0.0
1.75174,0.06737,0.0
1.75174,0.10106,0.0
1.75174,0.13475,0.0
1.75174,0.16844,0.0
1.75174,0.20212,0.0
1.75174,0.23581,0.0
1.75174,0.2695,0.0
1.75174,0.30319,0.0
1.75174,0.33687,0.0
1.75174,0.37056,0.0
1.75174,0.40425,0.0
1.75174,0.43794,0.0
1.75174,0.47162,0.0
1.75174,0.50531,0.0
1.75174,0.539,0.0
1.75174,0.57268,0.0
1.75174,0.60637,0.0
1.75174,0.64006,0.0
1.75174,0.67375,0.0
1.75174,0.70743,0.0
1.75174,0.74112,0.0
1.75174,0.77481,0.0
1.75174,0.8085,0.0
1.75174,0.84218,0.0
1.75174,0.87587,0.0
1.75174,0.90956,0.0
1.75174,0.94325,0.0
1.75174,0.97693,0.0
1.75174,1.01062,0.0
1.75174,1.04431,0.0
1.75174,1.078,0.0
1.75174,1.11168,0.0
1.75174,1.14537,0.0
1.75174,1.17906,0.0
1.75174,1.21274,0.0
1.75174,1.24643,0.0
1.75174,1.28012,0.0
1.75174,1.31381,0.0
1.75174,1.34749,0.0
1.75174,1.38118,0.0
1.75174,1.41487,0.0
1.75174,1.44856,0.0
1.75174,1.48224,0.0
1.75174,1.51593,0.0
1.75174,1.54962,0.0
1.75174,1.58331,0.0
1.75174,1.61699,0.0
1.75174,1.65068,0.0
1.75174,1.68437,0.0
1.75174,1.71805,0.0
1.75174,1.75174,0.0
1.75174,1.78543,0.0
1.75174,1.81912,0.0
1.75174,1.8528,0.0
1.75174,1.88649,0.0
1.75174,1.92018,0.0
1.75174,1.95387,0.0
1.75174,1.98755,0.0
1.75174,2.02124,0.0
1.75174,2.05493,0.0
1.75174,2.08862,0.0
1.75174,2.1223,0.0
1.75174,2.15599,0.0
1.75174,2.18968,0.0
1.75174,2.22336,0.0
1.75174,2.25705,0.0
1.75174,2.29074,0.0
1.75174,2.32443,0.0
1.75174,2.35811,0.0
1.75174,2.3918,0.0
1.75174,2.42549,0.0
1.75174,2.45918,0.0
1.75174,2.49286,0.0
1.75174,2.52655,0.0
1.75174,2.56024,0.0
1.75174,2.59393,0.0
1.75174,2.62761,0.0
1.75174,2.6613,0.0
1.75174,2.69499,0.0
1.75174,2.72868,0.0
1.75174,2.76236,0.0
1.75174,2.79605,0.0
1.78543,-2.76236,0.0
1.78543,-2.72868,0.0
1.78543,-2.69499,0.0
1.78543,-2.6613,0.0
1.78543,-2.62761,0.0
1.78543,-2.59393,0.0
1.78543,-2.56024,0.0
1.78543,-2.52655,0.0
1.78543,-2.49286,0.0
1.78543,-2.45918,0.0
1.78543,-2.42549,0.0
1.78543,-2.3918,0.0
1.78543,-2.35811,0.0
1.78543,-2.32443,0.0
1.78543,-2.29074,0.0
1.78543,-2.25705,0.0
1.78543,-2.22336,0.0
1.78543,-2.18968,0.0
1.78543,-2.15599,0.0
1.78543,-2.1223,0.0
1.78543,-2.08862,0.0
1.78543,-2.05493,0.0
1.78543,-2.02124,0.0
1.78543,-1.98755,0.0
1.78543,-1.95387,0.0
1.78543,-1.92018,0.0
1.78543,-1.88649,0.0
1.78543,-1.8528,0.0
1.78543,-1.81912,0.0
1.78543,-1.78543,0.0
1.78543,-1.75174,0.0
1.78543,-1.71805,0.0
1.78543,-1.68437,0.0
1.78543,-1.65068,0.0
1.78543,-1.61699,0.0
1.78543,-1.58331,0.0
1.78543,-1.54962,0.0
1.78543,-1.51593,0.0
1.78543,-1.48224,0.0
1.78543,-1.44856,0.0
1.78543,-1.41487,0.0
1.78543,-1.38118,0.0
1.78543,-1.34749,0.0
1.78543,-1.31381,0.0
1.78543,-1.28012,0.0
1.78543,-1.24643,0.0
1.78543,-1.21274,0.0
1.78543,-1.17906,0.0
1.78543,-1.14537,0.0
1.78543,-1.11168,0.0
1.78543,-1.078,0.0
1.78543,-1.04431,0.0
1.78543,-1.01062,0.0
1.78543,-0.97693,0.0
1.78543,-0.94325,0.0
1.78543,-0.90956,0.0
1.78543,-0.87587,0.0
1.78543,-0.84218,0.0
1.78543,-0.8085,0.0
1.78543,-0.77481,0.0
1.78543,-0.74112,0.0
1.78543,-0.70743,0.0
1.78543,-0.67375,0.0
1.78543,-0.64006,0.0
1.78543,-0.60637,0.0
1.78543,-0.57268,0.0
1.78543,-0.539,0.0
1.78543,-0.50531,0.0
1.78543,-0.47162,0.0
1.78543,-0.43794,0.0
1.78543,-0.40425,0.0
1.78543,-0.37056,0.0
1.78543,-0.33687,0.0
1.78543,-0.30319,0.0
1.78543,-0.2695,0.0
1.78543,-0.23581,0.0
1.78543,-0.20212,0.0
1.78543,-0.16844,0.0
1.78543,-0.13475,0.0
1.78543,-0.10106,0.0
1.78543,-0.06737,0.0
1.78543,-0.03369,0.0
1.78543,0,0.0
1.78543,0.03369,0.0
1.78543,0.06737,0.0
1.78543,0.10106,0.0
1.78543,0.13475,0.0
1.78543,0.16844,0.0
1.78543,0.20212,0.0
1.78543,0.23581,0.0
1.78543,0.2695,0.0
1.78543,0.30319,0.0
1.78543,0.33687,0.0
1.78543,0.37056,0.0
1.78543,0.40425,0.0
1.78543,0.43794,0.0
1.78543,0.47162,0.0
1.78543,0.50531,0.0
1.78543,0.539,0.0
1.78543,0.57268,0.0
1.78543,0.60637,0.0
1.78543,0.64006,0.0
1.78543,0.67375,0.0
1.78543,0.70743,0.0
1.78543,0.74112,0.0
1.78543,0.77481,0.0
1.78543,0.8085,0.0
1.78543,0.84218,0.0
1.78543,0.87587,0.0
1.78543,0.90956,0.0
1.78543,0.94325,0.0
1.78543,0.97693,0.0
1.78543,1.01062,0.0
1.78543,1.04431,0.0
1.78543,1.078,0.0
1.78543,1.11168,0.0
1.78543,1.14537,0.0
1.78543,1.17906,0.0
1.78543,1.21274,0.0
1.78543,1.24643,0.0
1.78543,1.28012,0.0
1.78543,1.31381,0.0
1.78543,1.34749,0.0
1.78543,1.38118,0.0
1.78543,1.41487,0.0
1.78543,1.44856,0.0
1.78543,1.48224,0.0
1.78543,1.51593,0.0
1.78543,1.54962,0.0
1.78543,1.58331,0.0
1.78543,1.61699,0.0
1.78543,1.65068,0.0
1.78543,1.68437,0.0
1.78543,1.71805,0.0
1.78543,1.75174,0.0
1.78543,1.78543,0.0
1.78543,1.81912,0.0
1.78543,1.8528,0.0
1.78543,1.88649,0.0
1.78543,1.92018,0.0
1.78543,1.95387,0.0
1.78543,1.98755,0.0
1.78543,2.02124,0.0
1.78543,2.05493,0.0
1.78543,2.08862,0.0
1.78543,2.1223,0.0
1.78543,2.15599,0.0
1.78543,2.18968,0.0
1.78543,2.22336,0.0
1.78543,2.25705,0.0
1.78543,2.29074,0.0
1.78543,2.32443,0.0
1.78543,2.35811,0.0
1.78543,2.3918,0.0
1.78543,2.42549,0.0
1.78543,2.45918,0.0
1.78543,2.49286,0.0
1.78543,2.52655,0.0
1.78543,2.56024,0.0
1.78543,2.59393,0.0
1.78543,2.62761,0.0
1.78543,2.6613,0.0
1.78543,2.69499,0.0
1.78543,2.72868,0.0
1.78543,2.76236,0.0
1.81912,-2.72868,0.0
1.81912,-2.69499,0.0
1.81912,-2.6613,0.0
1.81912,-2.62761,0.0
1.81912,-2.59393,0.0
1.81912,-2.56024,0.0
1.81912,-2.52655,0.0
1.81912,-2.49286,0.0
1.81912,-2.45918,0.0
1.81912,-2.42549,0.0
1.81912,-2.3918,0.0
1.81912,-2.35811,0.0
1.81912,-2.32443,0.0
1.81912,-2.29074,0.0
1.81912,-2.25705,0.0
1.81912,-2.22336,0.0
1.81912,-2.18968,0.0
1.81912,-2.15599,0.0
1.81912,-2.1223,0.0
1.81912,-2.08862,0.0
1.81912,-2.05493,0.0
1.81912,-2.02124,0.0
1.81912,-1.98755,0.0
1.81912,-1.95387,0.0
1.81912,-1.92018,0.0
1.81912,-1.88649,0.0
1.81912,-1.8528,0.0
1.81912,-1.81912,0.0
1.81912,-1.78543,0.0
1.81912,-1.75174,0.0
1.81912,-1.71805,0.0
1.81912,-1.68437,0.0
1.81912,-1.65068,0.0
1.81912,-1.61699,0.0
1.81912,-1.58331,0.0
1.81912,-1.54962,0.0
1.81912,-1.51593,0.0
1.81912,-1.48224,0.0
1.81912,-1.44856,0.0
1.81912,-1.41487,0.0
1.81912,-1.38118,0.0
1.81912,-1.34749,0.0
1.81912,-1.31381,0.0
1.81912,-1.28012,0.0
1.81912,-1.24643,0.0
1.81912,-1.21274,0.0
1.81912,-1.17906,0.0
1.81912,-1.14537,0.0
1.81912,-1.11168,0.0
1.81912,-1.078,0.0
1.81912,-1.04431,0.0
1.81912,-1.01062,0.0
1.81912,-0.97693,0.0
1.81912,-0.94325,0.0
1.81912,-0.90956,0.0
1.81912,-0.87587,0.0
1.81912,-0.84218,0.0
1.81912,-0.8085,0.0
1.81912,-0.77481,0.0
1.81912,-0.74112,0.0
1.81912,-0.70743,0.0
1.81912,-0.67375,0.0
1.81912,-0.64006,0.0
1.81912,-0.60637,0.0
1.81912,-0.57268,0.0
1.81912,-0.539,0.0
1.81912,-0.50531,0.0
1.81912,-0.47162,0.0
1.81912,-0.43794,0.0
1.81912,-0.40425,0.0
1.81912,-0.37056,0.0
1.81912,-0.33687,0.0
1.81912,-0.30319,0.0
1.81912,-0.2695,0.0
1.81912,-0.23581,0.0
1.81912,-0.20212,0.0
1.81912,-0.16844,0.0
1.81912,-0.13475,0.0
1.81912,-0.10106,0.0
1.81912,-0.06737,0.0
1.81912,-0.03369,0.0
1.81912,0,0.0
1.81912,0.03369,0.0
1.81912,0.06737,0.0
1.81912,0.10106,0.0
1.81912,0.13475,0.0
1.81912,0.16844,0.0
1.81912,0.20212,0.0
1.81912,0.23581,0.0
1.81912,0.2695,0.0
1.81912,0.30319,0.0
1.81912,0.33687,0.0
1.81912,0.37056,0.0
1.81912,0.40425,0.0
1.81912,0.43794,0.0
1.81912,0.47162,0.0
1.81912,0.50531,0.0
1.81912,0.539,0.0
1.81912,0.57268,0.0
1.81912,0.60637,0.0
1.81912,0.64006,0.0
1.81912,0.67375,0.0
1.81912,0.70743,0.0
1.81912,0.74112,0.0
1.81912,0.77481,0.0
1.81912,0.8085,0.0
1.81912,0.84218,0.0
1.81912,0.87587,0.0
1.81912,0.90956,0.0
1.81912,0.94325,0.0
1.81912,0.97693,0.0
1.81912,1.01062,0.0
1.81912,1.04431,0.0
1.81912,1.078,0.0
1.81912,1.11168,0.0
1.81912,1.14537,0.0
1.81912,1.17906,0.0
1.81912,1.21274,0.0
1.81912,1.24643,0.0
1.81912,1.28012,0.0
1.81912,1.31381,0.0
1.81912,1.34749,0.0
1.81912,1.38118,0.0
1.81912,1.41487,0.0
1.81912,1.44856,0.0
1.81912,1.48224,0.0
1.81912,1.51593,0.0
1.81912,1.54962,0.0
1.81912,1.58331,0.0
1.81912,1.61699,0.0
1.81912,1.65068,0.0
1.81912,1.68437,0.0
1.81912,1.71805,0.0
1.81912,1.75174,0.0
1.81912,1.78543,0.0
1.81912,1.81912,0.0
1.81912,1.8528,0.0
1.81912,1.88649,0.0
1.81912,1.92018,0.0
1.81912,1.95387,0.0
1.81912,1.98755,0.0
1.81912,2.02124,0.0
1.81912,2.05493,0.0
1.81912,2.08862,0.0
1.81912,2.1223,0.0
1.81912,2.15599,0.0
1.81912,2.18968,0.0
1.81912,2.22336,0.0
1.81912,2.25705,0.0
1.81912,2.29074,0.0
1.81912,2.32443,0.0
1.81912,2.35811,0.0
1.81912,2.3918,0.0
1.81912,2.42549,0.0
1.81912,2.45918,0.0
1.81912,2.49286,0.0
1.81912,2.52655,0.0
1.81912,2.56024,0.0
1.81912,2.59393,0.0
1.81912,2.62761,0.0
1.81912,2.6613,0.0
1.81912,2.69499,0.0
1.81912,2.72868,0.0
1.8528,-2.72868,0.0
1.8528,-2.69499,0.0
1.8528,-2.6613,0.0
1.8528,-2.62761,0.0
1.8528,-2.59393,0.0
1.8528,-2.56024,0.0
1.8528,-2.52655,0.0
1.8528,-2.49286,0.0
1.8528,-2.45918,0.0
1.8528,-2.42549,0.0
1.8528,-2.3918,0.0
1.8528,-2.35811,0.0
1.8528,-2.32443,0.0
1.8528,-2.29074,0.0
1.8528,-2.25705,0.0
1.8528,-2.22336,0.0
1.8528,-2.18968,0.0
1.8528,-2.15599,0.0
1.8528,-2.1223,0.0
1.8528,-2.08862,0.0
1.8528,-2.05493,0.0
1.8528,-2.02124,0.0
1.8528,-1.98755,0.0
1.8528,-1.95387,0.0
1.8528,-1.92018,0.0
1.8528,-1.88649,0.0
1.8528,-1.8528,0.0
1.8528,-1.81912,0.0
1.8528,-1.78543,0.0
1.8528,-1.75174,0.0
1.8528,-1.71805,0.0
1.8528,-1.68437,0.0
1.8528,-1.65068,0.0
1.8528,-1.61699,0.0
1.8528,-1.58331,0.0
1.8528,-1.54962,0.0
1.8528,-1.51593,0.0
1.8528,-1.48224,0.0
1.8528,-1.44856,0.0
1.8528,-1.41487,0.0
1.8528,-1.38118,0.0
1.8528,-1.34749,0.0
1.8528,-1.31381,0.0
1.8528,-1.28012,0.0
1.8528,-1.24643,0.0
1.8528,-1.21274,0.0
1.8528,-1.17906,0.0
1.8528,-1.14537,0.0
1.8528,-1.11168,0.0
1.8528,-1.078,0.0
1.8528,-1.04431,0.0
1.8528,-1.01062,0.0
1.8528,-0.97693,0.0
1.8528,-0.94325,0.0
1.8528,-0.90956,0.0
1.8528,-0.87587,0.0
1.8528,-0.84218,0.0
1.8528,-0.8085,0.0
1.8528,-0.77481,0.0
1.8528,-0.74112,0.0
1.8528,-0.70743,0.0
1.8528,-0.67375,0.0
1.8528,-0.64006,0.0
1.8528,-0.60637,0.0
1.8528,-0.57268,0.0
1.8528,-0.539,0.0
1.8528,-0.50531,0.0
1.8528,-0.47162,0.0
1.8528,-0.43794,0.0
1.8528,-0.40425,0.0
1.8528,-0.37056,0.0
1.8528,-0.33687,0.0
1.8528,-0.30319,0.0
1.8528,-0.2695,0.0
1.8528,-0.23581,0.0
1.8528,-0.20212,0.0
1.8528,-0.16844,0.0
1.8528,-0.13475,0.0
1.8528,-0.10106,0.0
1.8528,-0.06737,0.0
1.8528,-0.03369,0.0
1.8528,0,0.0
1.8528,0.03369,0.0
1.8528,0.06737,0.0
1.8528,0.10106,0.0
1.8528,0.13475,0.0
1.8528,0.16844,0.0
1.8528,0.20212,0.0
1.8528,0.23581,0.0
1.8528,0.2695,0.0
1.8528,0.30319,0.0
1.8528,0.33687,0.0
1.8528,0.37056,0.0
1.8528,0.40425,0.0
1.8528,0.43794,0.0
1.8528,0.47162,0.0
1.8528,0.50531,0.0
1.8528,0.539,0.0
1.8528,0.57268,0.0
1.8528,0.60637,0.0
1.8528,0.64006,0.0
1.8528,0.67375,0.0
1.8528,0.70743,0.0
1.8528,0.74112,0.0
1.8528,0.77481,0.0
1.8528,0.8085,0.0
1.8528,0.84218,0.0
1.8528,0.87587,0.0
1.8528,0.90956,0.0
1.8528,0.94325,0.0
1.8528,0.97693,0.0
1.8528,1.01062,0.0
1.8528,1.04431,0.0
1.8528,1.078,0.0
1.8528,1.11168,0.0
1.8528,1.14537,0.0
1.8528,1.17906,0.0
1.8528,1.21274,0.0
1.8528,1.24643,0.0
1.8528,1.28012,0.0
1.8528,1.31381,0.0
1.8528,1.34749,0.0
1.8528,1.38118,0.0
1.8528,1.41487,0.0
1.8528,1.44856,0.0
1.8528,1.48224,0.0
1.8528,1.51593,0.0
1.8528,1.54962,0.0
1.8528,1.58331,0.0
1.8528,1.61699,0.0
1.8528,1.65068,0.0
1.8528,1.68437,0.0
1.8528,1.71805,0.0
1.8528,1.75174,0.0
1.8528,1.78543,0.0
1.8528,1.81912,0.0
1.8528,1.8528,0.0
1.8528,1.88649,0.0
1.8528,1.92018,0.0
1.8528,1.95387,0.0
1.8528,1.98755,0.0
1.8528,2.02124,0.0
1.8528,2.05493,0.0
1.8528,2.08862,0.0
1.8528,2.1223,0.0
1.8528,2.15599,0.0
1.8528,2.18968,0.0
1.8528,2.22336,0.0
1.8528,2.25705,0.0
1.8528,2.29074,0.0
1.8528,2.32443,0.0
1.8528,2.35811,0.0
1.8528,2.3918,0.0
1.8528,2.42549,0.0
1.8528,2.45918,0.0
1.8528,2.49286,0.0
1.8528,2.52655,0.0
1.8528,2.56024,0.0
1.8528,2.59393,0.0
1.8528,2.62761,0.0
1.8528,2.6613,0.0
1.8528,2.69499,0.0
1.8528,2.72868,0.0
1.88649,-2.69499,0.0
1.88649,-2.6613,0.0
1.88649,-2.62761,0.0
1.88649,-2.59393,0.0
1.88649,-2.56024,0.0
1.88649,-2.52655,0.0
1.88649,-2.49286,0.0
1.88649,-2.45918,0.0
1.88649,-2.42549,0.0
1.88649,-2.3918,0.0
1.88649,-2.35811,0.0
1.88649,-2.32443,0.0
1.88649,-2.29074,0.0
1.88649,-2.25705,0.0
1.88649,-2.22336,0.0
1.88649,-2.18968,0.0
1.88649,-2.15599,0.0
1.88649,-2.1223,0.0
1.88649,-2.08862,0.0
1.88649,-2.05493,0.0
1.88649,-2.02124,0.0
1.88649,-1.98755,0.0
1.88649,-1.95387,0.0
1.88649,-1.92018,0.0
1.88649,-1.88649,0.0
1.88649,-1.8528,0.0
1.88649,-1.81912,0.0
1.88649,-1.78543,0.0
1.88649,-1.75174,0.0
1.88649,-1.71805,0.0
1.88649,-1.68437,0.0
1.88649,-1.65068,0.0
1.88649,-1.61699,0.0
1.88649,-1.58331,0.0
1.88649,-1.54962,0.0
1.88649,-1.51593,0.0
1.88649,-1.48224,0.0
1.88649,-1.44856,0.0
1.88649,-1.41487,0.0
1.88649,-1.38118,0.0
1.88649,-1.34749,0.0
1.88649,-1.31381,0.0
1.88649,-1.28012,0.0
1.88649,-1.24643,0.0
1.88649,-1.21274,0.0
1.88649,-1.17906,0.0
1.88649,-1.14537,0.0
1.88649,-1.11168,0.0
1.88649,-1.078,0.0
1.88649,-1.04431,0.0
1.88649,-1.01062,0.0
1.88649,-0.97693,0.0
1.88649,-0.94325,0.0
1.88649,-0.90956,0.0
1.88649,-0.87587,0.0
1.88649,-0.84218,0.0
1.88649,-0.8085,0.0
1.88649,-0.77481,0.0
1.88649,-0.74112,0.0
1.88649,-0.70743,0.0
1.88649,-0.67375,0.0
1.88649,-0.64006,0.0
1.88649,-0.60637,0.0
1.88649,-0.57268,0.0
1.88649,-0.539,0.0
1.88649,-0.50531,0.0
1.88649,-0.47162,0.0
1.88649,-0.43794,0.0
1.88649,-0.40425,0.0
1.88649,-0.37056,0.0
1.88649,-0.33687,0.0
1.88649,-0.30319,0.0
1.88649,-0.2695,0.0
1.88649,-0.23581,0.0
1.88649,-0.20212,0.0
1.88649,-0.16844,0.0
1.88649,-0.13475,0.0
1.88649,-0.10106,0.0
1.88649,-0.06737,0.0
1.88649,-0.03369,0.0
1.88649,0,0.0
1.88649,0.03369,0.0
1.88649,0.06737,0.0
1.88649,0.10106,0.0
1.88649,0.13475,0.0
1.88649,0.16844,0.0
1.88649,0.20212,0.0
1.88649,0.23581,0.0
1.88649,0.2695,0.0
1.88649,0.30319,0.0
1.88649,0.33687,0.0
1.88649,0.37056,0.0
1.88649,0.40425,0.0
1.88649,0.43794,0.0
1.88649,0.47162,0.0
1.88649,0.50531,0.0
1.88649,0.539,0.0
1.88649,0.57268,0.0
1.88649,0.60637,0.0
1.88649,0.64006,0.0
1.88649,0.67375,0.0
1.88649,0.70743,0.0
1.88649,0.74112,0.0
1.88649,0.77481,0.0
1.88649,0.8085,0.0
1.88649,0.84218,0.0
1.88649,0.87587,0.0
1.88649,0.90956,0.0
1.88649,0.94325,0.0
1.88649,0.97693,0.0
1.88649,1.01062,0.0
1.88649,1.04431,0.0
1.88649,1.078,0.0
1.88649,1.11168,0.0
1.88649,1.14537,0.0
1.88649,1.17906,0.0
1.88649,1.21274,0.0
1.88649,1.24643,0.0
1.88649,1.28012,0.0
1.88649,1.31381,0.0
1.88649,1.34749,0.0
1.88649,1.38118,0.0
1.88649,1.41487,0.0
1.88649,1.44856,0.0
1.88649,1.48224,0.0
1.88649,1.51593,0.0
1.88649,1.54962,0.0
1.88649,1.58331,0.0
1.88649,1.61699,0.0
1.88649,1.65068,0.0
1.88649,1.68437,0.0
1.88649,1.71805,0.0
1.88649,1.75174,0.0
1.88649,1.78543,0.0
1.88649,1.81912,0.0
1.88649,1.8528,0.0
1.88649,1.88649,0.0
1.88649,1.92018,0.0
1.88649,1.95387,0.0
1.88649,1.98755,0.0
1.88649,2.02124,0.0
1.88649,2.05493,0.0
1.88649,2.08862,0.0
1.88649,2.1223,0.0
1.88649,2.15599,0.0
1.88649,2.18968,0.0
1.88649,2.22336,0.0
1.88649,2.25705,0.0
1.88649,2.29074,0.0
1.88649,2.32443,0.0
1.88649,2.35811,0.0
1.88649,2.3918,0.0
1.88649,2.42549,0.0
1.88649,2.45918,0.0
1.88649,2.49286,0.0
1.88649,2.52655,0.0
1.88649,2.56024,0.0
1.88649,2.59393,0.0
1.88649,2.62761,0.0
1.88649,2.6613,0.0
1.88649,2.69499,0.0
1.92018,-2.6613,0.0
1.92018,-2.62761,0.0
1.92018,-2.59393,0.0
1.92018,-2.56024,0.0
1.92018,-2.52655,0.0
1.92018,-2.49286,0.0
1.92018,-2.45918,0.0
1.92018,-2.42549,0.0
1.92018,-2.3918,0.0
1.92018,-2.35811,0.0
1.92018,-2.32443,0.0
1.92018,-2.29074,0.0
1.92018,-2.25705,0.0
1.92018,-2.22336,0.0
1.92018,-2.18968,0.0
1.92018,-2.15599,0.0
1.92018,-2.1223,0.0
1.92018,-2.08862,0.0
1.92018,-2.05493,0.0
1.92018,-2.02124,0.0
1.92018,-1.98755,0.0
1.92018,-1.95387,0.0
1.92018,-1.92018,0.0
1.92018,-1.88649,0.0
1.92018,-1.8528,0.0
1.92018,-1.81912,0.0
1.92018,-1.78543,0.0
1.92018,-1.75174,0.0
1.92018,-1.71805,0.0
1.92018,-1.68437,0.0
1.92018,-1.65068,0.0
1.92018,-1.61699,0.0
1.92018,-1.58331,0.0
1.92018,-1.54962,0.0
1.92018,-1.51593,0.0
1.92018,-1.48224,0.0
1.92018,-1.44856,0.0
1.92018,-1.41487,0.0
1.92018,-1.38118,0.0
1.92018,-1.34749,0.0
1.92018,-1.31381,0.0
1.92018,-1.28012,0.0
1.92018,-1.24643,0.0
1.92018,-1.21274,0.0
1.92018,-1.17906,0.0
1.92018,-1.14537,0.0
1.92018,-1.11168,0.0
1.92018,-1.078,0.0
1.92018,-1.04431,0.0
1.92018,-1.01062,0.0
1.92018,-0.97693,0.0
1.92018,-0.94325,0.0
1.92018,-0.90956,0.0
1.92018,-0.87587,0.0
1.92018,-0.84218,0.0
1.92018,-0.8085,0.0
1.92018,-0.77481,0.0
1.92018,-0.74112,0.0
1.92018,-0.70743,0.0
1.92018,-0.67375,0.0
1.92018,-0.64006,0.0
1.92018,-0.60637,0.0
1.92018,-0.57268,0.0
1.92018,-0.539,0.0
1.92018,-0.50531,0.0
1.92018,-0.47162,0.0
1.92018,-0.43794,0.0
1.92018,-0.40425,0.0
1.92018,-0.37056,0.0
1.92018,-0.33687,0.0
1.92018,-0.30319,0.0
1.92018,-0.2695,0.0
1.92018,-0.23581,0.0
1.92018,-0.20212,0.0
1.92018,-0.16844,0.0
1.92018,-0.13475,0.0
1.92018,-0.10106,0.0
1.92018,-0.06737,0.0
1.92018,-0.03369,0.0
1.92018,0,0.0
1.92018,0.03369,0.0
1.92018,0.06737,0.0
1.92018,0.10106,0.0
1.92018,0.13475,0.0
1.92018,0.16844,0.0
1.92018,0.20212,0.0
1.92018,0.23581,0.0
1.92018,0.2695,0.0
1.92018,0.30319,0.0
1.92018,0.33687,0.0
1.92018,0.37056,0.0
1.92018,0.40425,0.0
1.92018,0.43794,0.0
1.92018,0.47162,0.0
1.92018,0.50531,0.0
1.92018,0.539,0.0
1.92018,0.57268,0.0
1.92018,0.60637,0.0
1.92018,0.64006,0.0
1.92018,0.67375,0.0
1.92018,0.70743,0.0
1.92018,0.74112,0.0
1.92018,0.77481,0.0
1.92018,0.8085,0.0
1.92018,0.84218,0.0
1.92018,0.87587,0.0
1.92018,0.90956,0.0
1.92018,0.94325,0.0
1.92018,0.97693,0.0
1.92018,1.01062,0.0
1.92018,1.04431,0.0
1.92018,1.078,0.0
1.92018,1.11168,0.0
1.92018,1.14537,0.0
1.92018,1.17906,0.0
1.92018,1.21274,0.0
1.92018,1.24643,0.0
1.92018,1.28012,0.0
1.92018,1.31381,0.0
1.92018,1.34749,0.0
1.92018,1.38118,0.0
1.92018,1.41487,0.0
1.92018,1.44856,0.0
1.92018,1.48224,0.0
1.92018,1.51593,0.0
1.92018,1.54962,0.0
1.92018,1.58331,0.0
1.92018,1.61699,0.0
1.92018,1.65068,0.0
1.92018,1.68437,0.0
1.92018,1.71805,0.0
1.92018,1.75174,0.0
1.92018,1.78543,0.0
1.92018,1.81912,0.0
1.92018,1.8528,0.0
1.92018,1.88649,0.0
1.92018,1.92018,0.0
1.92018,1.95387,0.0
1.92018,1.98755,0.0
1.92018,2.02124,0.0
1.92018,2.05493,0.0
1.92018,2.08862,0.0
1.92018,2.1223,0.0
1.92018,2.15599,0.0
1.92018,2.18968,0.0
1.92018,2.22336,0.0
1.92018,2.25705,0.0
1.92018,2.29074,0.0
1.92018,2.32443,0.0
1.92018,2.35811,0.0
1.92018,2.3918,0.0
1.92018,2.42549,0.0
1.92018,2.45918,0.0
1.92018,2.49286,0.0
1.92018,2.52655,0.0
1.92018,2.56024,0.0
1.92018,2.59393,0.0
1.92018,2.62761,0.0
1.92018,2.6613,0.0
1.95387,-2.62761,0.0
1.95387,-2.59393,0.0
1.95387,-2.56024,0.0
1.95387,-2.52655,0.0
1.95387,-2.49286,0.0
1.95387,-2.45918,0.0
1.95387,-2.42549,0.0
1.95387,-2.3918,0.0
1.95387,-2.35811,0.0
1.95387,-2.32443,0.0
1.95387,-2.29074,0.0
1.95387,-2.25705,0.0
1.95387,-2.22336,0.0
1.95387,-2.18968,0.0
1.95387,-2.15599,0.0
1.95387,-2.1223,0.0
1.95387,-2.08862,0.0
1.95387,-2.05493,0.0
1.95387,-2.02124,0.0
1.95387,-1.98755,0.0
1.95387,-1.95387,0.0
1.95387,-1.92018,0.0
1.95387,-1.88649,0.0
1.95387,-1.8528,0.0
1.95387,-1.81912,0.0
1.95387,-1.78543,0.0
1.95387,-1.75174,0.0
1.95387,-1.71805,0.0
1.95387,-1.68437,0.0
1.95387,-1.65068,0.0
1.95387,-1.61699,0.0
1.95387,-1.58331,0.0
1.95387,-1.54962,0.0
1.95387,-1.51593,0.0
1.95387,-1.48224,0.0
1.95387,-1.44856,0.0
1.95387,-1.41487,0.0
1.95387,-1.38118,0.0
1.95387,-1.34749,0.0
1.95387,-1.31381,0.0
1.95387,-1.28012,0.0
1.95387,-1.24643,0.0
1.95387,-1.21274,0.0
1.95387,-1.17906,0.0
1.95387,-1.14537,0.0
1.95387,-1.11168,0.0
1.95387,-1.078,0.0
1.95387,-1.04431,0.0
1.95387,-1.01062,0.0
1.95387,-0.97693,0.0
1.95387,-0.94325,0.0
1.95387,-0.90956,0.0
1.95387,-0.87587,0.0
1.95387,-0.84218,0.0
1.95387,-0.8085,0.0
1.95387,-0.77481,0.0
1.95387,-0.74112,0.0
1.95387,-0.70743,0.0
1.95387,-0.67375,0.0
1.95387,-0.64006,0.0
1.95387,-0.60637,0.0
1.95387,-0.57268,0.0
1.95387,-0.539,0.0
1.95387,-0.50531,0.0
1.95387,-0.47162,0.0
1.95387,-0.43794,0.0
1.95387,-0.40425,0.0
1.95387,-0.37056,0.0
1.95387,-0.33687,0.0
1.95387,-0.30319,0.0
1.95387,-0.2695,0.0
1.95387,-0.23581,0.0
1.95387,-0.20212,0.0
1.95387,-0.16844,0.0
1.95387,-0.13475,0.0
1.95387,-0.10106,0.0
1.95387,-0.06737,0.0
1.95387,-0.03369,0.0
1.95387,0,0.0
1.95387,0.03369,0.0
1.95387,0.06737,0.0
1.95387,0.10106,0.0
1.95387,0.13475,0.0
1.95387,0.16844,0.0
1.95387,0.20212,0.0
1.95387,0.23581,0.0
1.95387,0.2695,0.0
1.95387,0.30319,0.0
1.95387,0.33687,0.0
1.95387,0.37056,0.0
1.95387,0.40425,0.0
1.95387,0.43794,0.0
1.95387,0.47162,0.0
1.95387,0.50531,0.0
1.95387,0.539,0.0
1.95387,0.57268,0.0
1.95387,0.60637,0.0
1.95387,0.64006,0.0
1.95387,0.67375,0.0
1.95387,0.70743,0.0
1.95387,0.74112,0.0
1.95387,0.77481,0.0
1.95387,0.8085,0.0
1.95387,0.84218,0.0
1.95387,0.87587,0.0
1.95387,0.90956,0.0
1.95387,0.94325,0.0
1.95387,0.97693,0.0
1.95387,1.01062,0.0
1.95387,1.04431,0.0
1.95387,1.078,0.0
1.95387,1.11168,0.0
1.95387,1.14537,0.0
1.95387,1.17906,0.0
1.95387,1.21274,0.0
1.95387,1.24643,0.0
1.95387,1.28012,0.0
1.95387,1.31381,0.0
1.95387,1.34749,0.0
1.95387,1.38118,0.0
1.95387,1.41487,0.0
1.95387,1.44856,0.0
1.95387,1.48224,0.0
1.95387,1.51593,0.0
1.95387,1.54962,0.0
1.95387,1.58331,0.0
1.95387,1.61699,0.0
1.95387,1.65068,0.0
1.95387,1.68437,0.0
1.95387,1.71805,0.0
1.95387,1.75174,0.0
1.95387,1.78543,0.0
1.95387,1.81912,0.0
1.95387,1.8528,0.0
1.95387,1.88649,0.0
1.95387,1.92018,0.0
1.95387,1.95387,0.0
1.95387,1.98755,0.0
1.95387,2.02124,0.0
1.95387,2.05493,0.0
1.95387,2.08862,0.0
1.95387,2.1223,0.0
1.95387,2.15599,0.0
1.95387,2.18968,0.0
1.95387,2.22336,0.0
1.95387,2.25705,0.0
1.95387,2.29074,0.0
1.95387,2.32443,0.0
1.95387,2.35811,0.0
1.95387,2.3918,0.0
1.95387,2.42549,0.0
1.95387,2.45918,0.0
1.95387,2.49286,0.0
1.95387,2.52655,0.0
1.95387,2.56024,0.0
1.95387,2.59393,0.0
1.95387,2.62761,0.0
1.98755,-2.62761,0.0
1.98755,-2.59393,0.0
1.98755,-2.56024,0.0
1.98755,-2.52655,0.0
1.98755,-2.49286,0.0
1.98755,-2.45918,0.0
1.98755,-2.42549,0.0
1.98755,-2.3918,0.0
1.98755,-2.35811,0.0
1.98755,-2.32443,0.0
1.98755,-2.29074,0.0
1.98755,-2.25705,0.0
1.98755,-2.22336,0.0
1.98755,-2.18968,0.0
1.98755,-2.15599,0.0
1.98755,-2.1223,0.0
1.98755,-2.08862,0.0
1.98755,-2.05493,0.0
1.98755,-2.02124,0.0
1.98755,-1.98755,0.0
1.98755,-1.95387,0.0
1.98755,-1.92018,0.0
1.98755,-1.88649,0.0
1.98755,-1.8528,0.0
1.98755,-1.81912,0.0
1.98755,-1.78543,0.0
1.98755,-1.75174,0.0
1.98755,-1.71805,0.0
1.98755,-1.68437,0.0
1.98755,-1.65068,0.0
1.98755,-1.61699,0.0
1.98755,-1.58331,0.0
1.98755,-1.54962,0.0
1.98755,-1.51593,0.0
1.98755,-1.48224,0.0
1.98755,-1.44856,0.0
1.98755,-1.41487,0.0
1.98755,-1.38118,0.0
1.98755,-1.34749,0.0
1.98755,-1.31381,0.0
1.98755,-1.28012,0.0
1.98755,-1.24643,0.0
1.98755,-1.21274,0.0
1.98755,-1.17906,0.0
1.98755,-1.14537,0.0
1.98755,-1.11168,0.0
1.98755,-1.078,0.0
1.98755,-1.04431,0.0
1.98755,-1.01062,0.0
1.98755,-0.97693,0.0
1.98755,-0.94325,0.0
1.98755,-0.90956,0.0
1.98755,-0.87587,0.0
1.98755,-0.84218,0.0
1.98755,-0.8085,0.0
1.98755,-0.77481,0.0
1.98755,-0.74112,0.0
1.98755,-0.70743,0.0
1.98755,-0.67375,0.0
1.98755,-0.64006,0.0
1.98755,-0.60637,0.0
1.98755,-0.57268,0.0
1.98755,-0.539,0.0
1.98755,-0.50531,0.0
1.98755,-0.47162,0.0
1.98755,-0.43794,0.0
1.98755,-0.40425,0.0
1.98755,-0.37056,0.0
1.98755,-0.33687,0.0
1.98755,-0.30319,0.0
1.98755,-0.2695,0.0
1.98755,-0.23581,0.0
1.98755,-0.20212,0.0
1.98755,-0.16844,0.0
1.98755,-0.13475,0.0
1.98755,-0.10106,0.0
1.98755,-0.06737,0.0
1.98755,-0.03369,0.0
1.98755,0,0.0
1.98755,0.03369,0.0
1.98755,0.06737,0.0
1.98755,0.10106,0.0
1.98755,0.13475,0.0
1.98755,0.16844,0.0
1.98755,0.20212,0.0
1.98755,0.23581,0.0
1.98755,0.2695,0.0
1.98755,0.30319,0.0
1.98755,0.33687,0.0
1.98755,0.37056,0.0
1.98755,0.40425,0.0
1.98755,0.43794,0.0
1.98755,0.47162,0.0
1.98755,0.50531,0.0
1.98755,0.539,0.0
1.98755,0.57268,0.0
1.98755,0.60637,0.0
1.98755,0.64006,0.0
1.98755,0.67375,0.0
1.98755,0.70743,0.0
1.98755,0.74112,0.0
1.98755,0.77481,0.0
1.98755,0.8085,0.0
1.98755,0.84218,0.0
1.98755,0.87587,0.0
1.98755,0.90956,0.0
1.98755,0.94325,0.0
1.98755,0.97693,0.0
1.98755,1.01062,0.0
1.98755,1.04431,0.0
1.98755,1.078,0.0
1.98755,1.11168,0.0
1.98755,1.14537,0.0
1.98755,1.17906,0.0
1.98755,1.21274,0.0
1.98755,1.24643,0.0
1.98755,1.28012,0.0
1.98755,1.31381,0.0
1.98755,1.34749,0.0
1.98755,1.38118,0.0
1.98755,1.41487,0.0
1.98755,1.44856,0.0
1.98755,1.48224,0.0
1.98755,1.51593,0.0
1.98755,1.54962,0.0
1.98755,1.58331,0.0
1.98755,1.61699,0.0
1.98755,1.65068,0.0
1.98755,1.68437,0.0
1.98755,1.71805,0.0
1.98755,1.75174,0.0
1.98755,1.78543,0.0
1.98755,1.81912,0.0
1.98755,1.8528,0.0
1.98755,1.88649,0.0
1.98755,1.92018,0.0
1.98755,1.95387,0.0
1.98755,1.98755,0.0
1.98755,2.02124,0.0
1.98755,2.05493,0.0
1.98755,2.08862,0.0
1.98755,2.1223,0.0
1.98755,2.15599,0.0
1.98755,2.18968,0.0
1.98755,2.22336,0.0
1.98755,2.25705,0.0
1.98755,2.29074,0.0
1.98755,2.32443,0.0
1.98755,2.35811,0.0
1.98755,2.3918,0.0
1.98755,2.42549,0.0
1.98755,2.45918,0.0
1.98755,2.49286,0.0
1.98755,2.52655,0.0
1.98755,2.56024,0.0
1.98755,2.59393,0.0
1.98755,2.62761,0.0
2.02124,-2.59393,0.0
2.02124,-2.56024,0.0
2.02124,-2.52655,0.0
2.02124,-2.49286,0.0
2.02124,-2.45918,0.0
2.02124,-2.42549,0.0
2.02124,-2.3918,0.0
2.02124,-2.35811,0.0
2.02124,-2.32443,0.0
2.02124,-2.29074,0.0
2.02124,-2.25705,0.0
2.02124,-2.22336,0.0
2.02124,-2.18968,0.0
2.02124,-2.15599,0.0
2.02124,-2.1223,0.0
2.02124,-2.08862,0.0
2.02124,-2.05493,0.0
2.02124,-2.02124,0.0
2.02124,-1.98755,0.0
2.02124,-1.95387,0.0
2.02124,-1.92018,0.0
2.02124,-1.88649,0.0
2.02124,-1.8528,0.0
2.02124,-1.81912,0.0
2.02124,-1.78543,0.0
2.02124,-1.75174,0.0
2.02124,-1.71805,0.0
2.02124,-1.68437,0.0
2.02124,-1.65068,0.0
2.02124,-1.61699,0.0
2.02124,-1.58331,0.0
2.02124,-1.54962,0.0
2.02124,-1.51593,0.0
2.02124,-1.48224,0.0
2.02124,-1.44856,0.0
2.02124,-1.41487,0.0
2.02124,-1.38118,0.0
2.02124,-1.34749,0.0
2.02124,-1.31381,0.0
2.02124,-1.28012,0.0
2.02124,-1.24643,0.0
2.02124,-1.21274,0.0
2.02124,-1.17906,0.0
2.02124,-1.14537,0.0
2.02124,-1.11168,0.0
2.02124,-1.078,0.0
2.02124,-1.04431,0.0
2.02124,-1.01062,0.0
2.02124,-0.97693,0.0
2.02124,-0.94325,0.0
2.02124,-0.90956,0.0
2.02124,-0.87587,0.0
2.02124,-0.84218,0.0
2.02124,-0.8085,0.0
2.02124,-0.77481,0.0
2.02124,-0.74112,0.0
2.02124,-0.70743,0.0
2.02124,-0.67375,0.0
2.02124,-0.64006,0.0
2.02124,-0.60637,0.0
2.02124,-0.57268,0.0
2.02124,-0.539,0.0
2.02124,-0.50531,0.0
2.02124,-0.47162,0.0
2.02124,-0.43794,0.0
2.02124,-0.40425,0.0
2.02124,-0.37056,0.0
2.02124,-0.33687,0.0
2.02124,-0.30319,0.0
2.02124,-0.2695,0.0
2.02124,-0.23581,0.0
2.02124,-0.20212,0.0
2.02124,-0.16844,0.0
2.02124,-0.13475,0.0
2.02124,-0.10106,0.0
2.02124,-0.06737,0.0
2.02124,-0.03369,0.0
2.02124,0,0.0
2.02124,0.03369,0.0
2.02124,0.06737,0.0
2.02124,0.10106,0.0
2.02124,0.13475,0.0
2.02124,0.16844,0.0
2.02124,0.20212,0.0
2.02124,0.23581,0.0
2.02124,0.2695,0.0
2.02124,0.30319,0.0
2.02124,0.33687,0.0
2.02124,0.37056,0.0
2.02124,0.40425,0.0
2.02124,0.43794,0.0
2.02124,0.47162,0.0
2.02124,0.50531,0.0
2.02124,0.539,0.0
2.02124,0.57268,0.0
2.02124,0.60637,0.0
2.02124,0.64006,0.0
2.02124,0.67375,0.0
2.02124,0.70743,0.0
2.02124,0.74112,0.0
2.02124,0.77481,0.0
2.02124,0.8085,0.0
2.02124,0.84218,0.0
2.02124,0.87587,0.0
2.02124,0.90956,0.0
2.02124,0.94325,0.0
2.02124,0.97693,0.0
2.02124,1.01062,0.0
2.02124,1.04431,0.0
2.02124,1.078,0.0
2.02124,1.11168,0.0
2.02124,1.14537,0.0
2.02124,1.17906,0.0
2.02124,1.21274,0.0
2.02124,1.24643,0.0
2.02124,1.28012,0.0
2.02124,1.31381,0.0
2.02124,1.34749,0.0
2.02124,1.38118,0.0
2.02124,1.41487,0.0
2.02124,1.44856,0.0
2.02124,1.48224,0.0
2.02124,1.51593,0.0
2.02124,1.54962,0.0
2.02124,1.58331,0.0
2.02124,1.61699,0.0
2.02124,1.65068,0.0
2.02124,1.68437,0.0
2.02124,1.71805,0.0
2.02124,1.75174,0.0
2.02124,1.78543,0.0
2.02124,1.81912,0.0
2.02124,1.8528,0.0
2.02124,1.88649,0.0
2.02124,1.92018,0.0
2.02124,1.95387,0.0
2.02124,1.98755,0.0
2.02124,2.02124,0.0
2.02124,2.05493,0.0
2.02124,2.08862,0.0
2.02124,2.1223,0.0
2.02124,2.15599,0.0
2.02124,2.18968,0.0
2.02124,2.22336,0.0
2.02124,2.25705,0.0
2.02124,2.29074,0.0
2.02124,2.32443,0.0
2.02124,2.35811,0.0
2.02124,2.3918,0.0
2.02124,2.42549,0.0
2.02124,2.45918,0.0
2.02124,2.49286,0.0
2.02124,2.52655,0.0
2.02124,2.56024,0.0
2.02124,2.59393,0.0
2.05493,-2.56024,0.0
2.05493,-2.52655,0.0
2.05493,-2.49286,0.0
2.05493,-2.45918,0.0
2.05493,-2.42549,0.0
2.05493,-2.3918,0.0
2.05493,-2.35811,0.0
2.05493,-2.32443,0.0
2.05493,-2.29074,0.0
2.05493,-2.25705,0.0
2.05493,-2.22336,0.0
2.05493,-2.18968,0.0
2.05493,-2.15599,0.0
2.05493,-2.1223,0.0
2.05493,-2.08862,0.0
2.05493,-2.05493,0.0
2.05493,-2.02124,0.0
2.05493,-1.98755,0.0
2.05493,-1.95387,0.0
2.05493,-1.92018,0.0
2.05493,-1.88649,0.0
2.05493,-1.8528,0.0
2.05493,-1.81912,0.0
2.05493,-1.78543,0.0
2.05493,-1.75174,0.0
2.05493,-1.71805,0.0
2.05493,-1.68437,0.0
2.05493,-1.65068,0.0
2.05493,-1.61699,0.0
2.05493,-1.58331,0.0
2.05493,-1.54962,0.0
2.05493,-1.51593,0.0
2.05493,-1.48224,0.0
2.05493,-1.44856,0.0
2.05493,-1.41487,0.0
2.05493,-1.38118,0.0
2.05493,-1.34749,0.0
2.05493,-1.31381,0.0
2.05493,-1.28012,0.0
2.05493,-1.24643,0.0
2.05493,-1.21274,0.0
2.05493,-1.17906,0.0
2.05493,-1.14537,0.0
2.05493,-1.11168,0.0
2.05493,-1.078,0.0
2.05493,-1.04431,0.0
2.05493,-1.01062,0.0
2.05493,-0.97693,0.0
2.05493,-0.94325,0.0
2.05493,-0.90956,0.0
2.05493,-0.87587,0.0
2.05493,-0.84218,0.0
2.05493,-0.8085,0.0
2.05493,-0.77481,0.0
2.05493,-0.74112,0.0
2.05493,-0.70743,0.0
2.05493,-0.67375,0.0
2.05493,-0.64006,0.0
2.05493,-0.60637,0.0
2.05493,-0.57268,0.0
2.05493,-0.539,0.0
2.05493,-0.50531,0.0
2.05493,-0.47162,0.0
2.05493,-0.43794,0.0
2.05493,-0.40425,0.0
2.05493,-0.37056,0.0
2.05493,-0.33687,0.0
2.05493,-0.30319,0.0
2.05493,-0.2695,0.0
2.05493,-0.23581,0.0
2.05493,-0.20212,0.0
2.05493,-0.16844,0.0
2.05493,-0.13475,0.0
2.05493,-0.10106,0.0
2.05493,-0.06737,0.0
2.05493,-0.03369,0.0
2.05493,0,0.0
2.05493,0.03369,0.0
2.05493,0.06737,0.0
2.05493,0.10106,0.0
2.05493,0.13475,0.0
2.05493,0.16844,0.0
2.05493,0.20212,0.0
2.05493,0.23581,0.0
2.05493,0.2695,0.0
2.05493,0.30319,0.0
2.05493,0.33687,0.0
2.05493,0.37056,0.0
2.05493,0.40425,0.0
2.05493,0.43794,0.0
2.05493,0.47162,0.0
2.05493,0.50531,0.0
2.05493,0.539,0.0
2.05493,0.57268,0.0
2.05493,0.60637,0.0
2.05493,0.64006,0.0
2.05493,0.67375,0.0
2.05493,0.70743,0.0
2.05493,0.74112,0.0
2.05493,0.77481,0.0
2.05493,0.8085,0.0
2.05493,0.84218,0.0
2.05493,0.87587,0.0
2.05493,0.90956,0.0
2.05493,0.94325,0.0
2.05493,0.97693,0.0
2.05493,1.01062,0.0
2.05493,1.04431,0.0
2.05493,1.078,0.0
2.05493,1.11168,0.0
2.05493,1.14537,0.0
2.05493,1.17906,0.0
2.05493,1.21274,0.0
2.05493,1.24643,0.0
2.05493,1.28012,0.0
2.05493,1.31381,0.0
2.05493,1.34749,0.0
2.05493,1.38118,0.0
2.05493,1.41487,0.0
2.05493,1.44856,0.0
2.05493,1.48224,0.0
2.05493,1.51593,0.0
2.05493,1.54962,0.0
2.05493,1.58331,0.0
2.05493,1.61699,0.0
2.05493,1.65068,0.0
2.05493,1.68437,0.0
2.05493,1.71805,0.0
2.05493,1.75174,0.0
2.05493,1.78543,0.0
2.05493,1.81912,0.0
2.05493,1.8528,0.0
2.05493,1.88649,0.0
2.05493,1.92018,0.0
2.05493,1.95387,0.0
2.05493,1.98755,0.0
2.05493,2.02124,0.0
2.05493,2.05493,0.0
2.05493,2.08862,0.0
2.05493,2.1223,0.0
2.05493,2.15599,0.0
2.05493,2.18968,0.0
2.05493,2.22336,0.0
2.05493,2.25705,0.0
2.05493,2.29074,0.0
2.05493,2.32443,0.0
2.05493,2.35811,0.0
2.05493,2.3918,0.0
2.05493,2.42549,0.0
2.05493,2.45918,0.0
2.05493,2.49286,0.0
2.05493,2.52655,0.0
2.05493,2.56024,0.0
2.08862,-2.52655,0.0
2.08862,-2.49286,0.0
2.08862,-2.45918,0.0
2.08862,-2.42549,0.0
2.08862,-2.3918,0.0
2.08862,-2.35811,0.0
2.08862,-2.32443,0.0
2.08862,-2.29074,0.0
2.08862,-2.25705,0.0
2.08862,-2.22336,0.0
2.08862,-2.18968,0.0
2.08862,-2.15599,0.0
2.08862,-2.1223,0.0
2.08862,-2.08862,0.0
2.08862,-2.05493,0.0
2.08862,-2.02124,0.0
2.08862,-1.98755,0.0
2.08862,-1.95387,0.0
2.08862,-1.92018,0.0
2.08862,-1.88649,0.0
2.08862,-1.8528,0.0
2.08862,-1.81912,0.0
2.08862,-1.78543,0.0
2.08862,-1.75174,0.0
2.08862,-1.71805,0.0
2.08862,-1.68437,0.0
2.08862,-1.65068,0.0
2.08862,-1.61699,0.0
2.08862,-1.58331,0.0
2.08862,-1.54962,0.0
2.08862,-1.51593,0.0
2.08862,-1.48224,0.0
2.08862,-1.44856,0.0
2.08862,-1.41487,0.0
2.08862,-1.38118,0.0
2.08862,-1.34749,0.0
2.08862,-1.31381,0.0
2.08862,-1.28012,0.0
2.08862,-1.24643,0.0
2.08862,-1.21274,0.0
2.08862,-1.17906,0.0
2.08862,-1.14537,0.0
2.08862,-1.11168,0.0
2.08862,-1.078,0.0
2.08862,-1.04431,0.0
2.08862,-1.01062,0.0
2.08862,-0.97693,0.0
2.08862,-0.94325,0.0
2.08862,-0.90956,0.0
2.08862,-0.87587,0.0
2.08862,-0.84218,0.0
2.08862,-0.8085,0.0
2.08862,-0.77481,0.0
2.08862,-0.74112,0.0
2.08862,-0.70743,0.0
2.08862,-0.67375,0.0
2.08862,-0.64006,0.0
2.08862,-0.60637,0.0
2.08862,-0.57268,0.0
2.08862,-0.539,0.0
2.08862,-0.50531,0.0
2.08862,-0.47162,0.0
2.08862,-0.43794,0.0
2.08862,-0.40425,0.0
2.08862,-0.37056,0.0
2.08862,-0.33687,0.0
2.08862,-0.30319,0.0
2.08862,-0.2695,0.0
2.08862,-0.23581,0.0
2.08862,-0.20212,0.0
2.08862,-0.16844,0.0
2.08862,-0.13475,0.0
2.08862,-0.10106,0.0
2.08862,-0.06737,0.0
2.08862,-0.03369,0.0
2.08862,0,0.0
2.08862,0.03369,0.0
2.08862,0.06737,0.0
2.08862,0.10106,0.0
2.08862,0.13475,0.0
2.08862,0.16844,0.0
2.08862,0.20212,0.0
2.08862,0.23581,0.0
2.08862,0.2695,0.0
2.08862,0.30319,0.0
2.08862,0.33687,0.0
2.08862,0.37056,0.0
2.08862,0.40425,0.0
2.08862,0.43794,0.0
2.08862,0.47162,0.0
2.08862,0.50531,0.0
2.08862,0.539,0.0
2.08862,0.57268,0.0
2.08862,0.60637,0.0
2.08862,0.64006,0.0
2.08862,0.67375,0.0
2.08862,0.70743,0.0
2.08862,0.74112,0.0
2.08862,0.77481,0.0
2.08862,0.8085,0.0
2.08862,0.84218,0.0
2.08862,0.87587,0.0
2.08862,0.90956,0.0
2.08862,0.94325,0.0
2.08862,0.97693,0.0
2.08862,1.01062,0.0
2.08862,1.04431,0.0
2.08862,1.078,0.0
2.08862,1.11168,0.0
2.08862,1.14537,0.0
2.08862,1.17906,0.0
2.08862,1.21274,0.0
2.08862,1.24643,0.0
2.08862,1.28012,0.0
2.08862,1.31381,0.0
2.08862,1.34749,0.0
2.08862,1.38118,0.0
2.08862,1.41487,0.0
2.08862,1.44856,0.0
2.08862,1.48224,0.0
2.08862,1.51593,0.0
2.08862,1.54962,0.0
2.08862,1.58331,0.0
2.08862,1.61699,0.0
2.08862,1.65068,0.0
2.08862,1.68437,0.0
2.08862,1.71805,0.0
2.08862,1.75174,0.0
2.08862,1.78543,0.0
2.08862,1.81912,0.0
2.08862,1.8528,0.0
2.08862,1.88649,0.0
2.08862,1.92018,0.0
2.08862,1.95387,0.0
2.08862,1.98755,0.0
2.08862,2.02124,0.0
2.08862,2.05493,0.0
2.08862,2.08862,0.0
2.08862,2.1223,0.0
2.08862,2.15599,0.0
2.08862,2.18968,0.0
2.08862,2.22336,0.0
2.08862,2.25705,0.0
2.08862,2.29074,0.0
2.08862,2.32443,0.0
2.08862,2.35811,0.0
2.08862,2.3918,0.0
2.08862,2.42549,0.0
2.08862,2.45918,0.0
2.08862,2.49286,0.0
2.08862,2.52655,0.0
2.1223,-2.52655,0.0
2.1223,-2.49286,0.0
2.1223,-2.45918,0.0
2.1223,-2.42549,0.0
2.1223,-2.3918,0.0
2.1223,-2.35811,0.0
2.1223,-2.32443,0.0
2.1223,-2.29074,0.0
2.1223,-2.25705,0.0
2.1223,-2.22336,0.0
2.1223,-2.18968,0.0
2.1223,-2.15599,0.0
2.1223,-2.1223,0.0
2.1223,-2.08862,0.0
2.1223,-2.05493,0.0
2.1223,-2.02124,0.0
2.1223,-1.98755,0.0
2.1223,-1.95387,0.0
2.1223,-1.92018,0.0
2.1223,-1.88649,0.0
2.1223,-1.8528,0.0
2.1223,-1.81912,0.0
2.1223,-1.78543,0.0
2.1223,-1.75174,0.0
2.1223,-1.71805,0.0
2.1223,-1.68437,0.0
2.1223,-1.65068,0.0
2.1223,-1.61699,0.0
2.1223,-1.58331,0.0
2.1223,-1.54962,0.0
2.1223,-1.51593,0.0
2.1223,-1.48224,0.0
2.1223,-1.44856,0.0
2.1223,-1.41487,0.0
2.1223,-1.38118,0.0
2.1223,-1.34749,0.0
2.1223,-1.31381,0.0
2.1223,-1.28012,0.0
2.1223,-1.24643,0.0
2.1223,-1.21274,0.0
2.1223,-1.17906,0.0
2.1223,-1.14537,0.0
2.1223,-1.11168,0.0
2.1223,-1.078,0.0
2.1223,-1.04431,0.0
2.1223,-1.01062,0.0
2.1223,-0.97693,0.0
2.1223,-0.94325,0.0
2.1223,-0.90956,0.0
2.1223,-0.87587,0.0
2.1223,-0.84218,0.0
2.1223,-0.8085,0.0
2.1223,-0.77481,0.0
2.1223,-0.74112,0.0
2.1223,-0.70743,0.0
2.1223,-0.67375,0.0
2.1223,-0.64006,0.0
2.1223,-0.60637,0.0
2.1223,-0.57268,0.0
2.1223,-0.539,0.0
2.1223,-0.50531,0.0
2.1223,-0.47162,0.0
2.1223,-0.43794,0.0
2.1223,-0.40425,0.0
2.1223,-0.37056,0.0
2.1223,-0.33687,0.0
2.1223,-0.30319,0.0
2.1223,-0.2695,0.0
2.1223,-0.23581,0.0
2.1223,-0.20212,0.0
2.1223,-0.16844,0.0
2.1223,-0.13475,0.0
2.1223,-0.10106,0.0
2.1223,-0.06737,0.0
2.1223,-0.03369,0.0
2.1223,0,0.0
2.1223,0.03369,0.0
2.1223,0.06737,0.0
2.1223,0.10106,0.0
2.1223,0.13475,0.0
2.1223,0.16844,0.0
2.1223,0.20212,0.0
2.1223,0.23581,0.0
2.1223,0.2695,0.0
2.1223,0.30319,0.0
2.1223,0.33687,0.0
2.1223,0.37056,0.0
2.1223,0.40425,0.0
2.1223,0.43794,0.0
2.1223,0.47162,0.0
2.1223,0.50531,0.0
2.1223,0.539,0.0
2.1223,0.57268,0.0
2.1223,0.60637,0.0
2.1223,0.64006,0.0
2.1223,0.67375,0.0
2.1223,0.70743,0.0
2.1223,0.74112,0.0
2.1223,0.77481,0.0
2.1223,0.8085,0.0
2.1223,0.84218,0.0
2.1223,0.87587,0.0
2.1223,0.90956,0.0
2.1223,0.94325,0.0
2.1223,0.97693,0.0
2.1223,1.01062,0.0
2.1223,1.04431,0.0
2.1223,1.078,0.0
2.1223,1.11168,0.0
2.1223,1.14537,0.0
2.1223,1.17906,0.0
2.1223,1.21274,0.0
2.1223,1.24643,0.0
2.1223,1.28012,0.0
2.1223,1.31381,0.0
2.1223,1.34749,0.0
2.1223,1.38118,0.0
2.1223,1.41487,0.0
2.1223,1.44856,0.0
2.1223,1.48224,0.0
2.1223,1.51593,0.0
2.1223,1.54962,0.0
2.1223,1.58331,0.0
2.1223,1.61699,0.0
2.1223,1.65068,0.0
2.1223,1.68437,0.0
2.1223,1.71805,0.0
2.1223,1.75174,0.0
2.1223,1.78543,0.0
2.1223,1.81912,0.0
2.1223,1.8528,0.0
2.1223,1.88649,0.0
2.1223,1.92018,0.0
2.1223,1.95387,0.0
2.1223,1.98755,0.0
2.1223,2.02124,0.0
2.1223,2.05493,0.0
2.1223,2.08862,0.0
2.1223,2.1223,0.0
2.1223,2.15599,0.0
2.1223,2.18968,0.0
2.1223,2.22336,0.0
2.1223,2.25705,0.0
2.1223,2.29074,0.0
2.1223,2.32443,0.0
2.1223,2.35811,0.0
2.1223,2.3918,0.0
2.1223,2.42549,0.0
2.1223,2.45918,0.0
2.1223,2.49286,0.0
2.1223,2.52655,0.0
2.15599,-2.49286,0.0
2.15599,-2.45918,0.0
2.15599,-2.42549,0.0
2.15599,-2.3918,0.0
2.15599,-2.35811,0.0
2.15599,-2.32443,0.0
2.15599,-2.29074,0.0
2.15599,-2.25705,0.0
2.15599,-2.22336,0.0
2.15599,-2.18968,0.0
2.15599,-2.15599,0.0
2.15599,-2.1223,0.0
2.15599,-2.08862,0.0
2.15599,-2.05493,0.0
2.15599,-2.02124,0.0
2.15599,-1.98755,0.0
2.15599,-1.95387,0.0
2.15599,-1.92018,0.0
2.15599,-1.88649,0.0
2.15599,-1.8528,0.0
2.15599,-1.81912,0.0
2.15599,-1.78543,0.0
2.15599,-1.75174,0.0
2.15599,-1.71805,0.0
2.15599,-1.68437,0.0
2.15599,-1.65068,0.0
2.15599,-1.61699,0.0
2.15599,-1.58331,0.0
2.15599,-1.54962,0.0
2.15599,-1.51593,0.0
2.15599,-1.48224,0.0
2.15599,-1.44856,0.0
2.15599,-1.41487,0.0
2.15599,-1.38118,0.0
2.15599,-1.34749,0.0
2.15599,-1.31381,0.0
2.15599,-1.28012,0.0
2.15599,-1.24643,0.0
2.15599,-1.21274,0.0
2.15599,-1.17906,0.0
2.15599,-1.14537,0.0
2.15599,-1.11168,0.0
2.15599,-1.078,0.0
2.15599,-1.04431,0.0
2.15599,-1.01062,0.0
2.15599,-0.97693,0.0
2.15599,-0.94325,0.0
2.15599,-0.90956,0.0
2.15599,-0.87587,0.0
2.15599,-0.84218,0.0
2.15599,-0.8085,0.0
2.15599,-0.77481,0.0
2.15599,-0.74112,0.0
2.15599,-0.70743,0.0
2.15599,-0.67375,0.0
2.15599,-0.64006,0.0
2.15599,-0.60637,0.0
2.15599,-0.57268,0.0
2.15599,-0.539,0.0
2.15599,-0.50531,0.0
2.15599,-0.47162,0.0
2.15599,-0.43794,0.0
2.15599,-0.40425,0.0
2.15599,-0.37056,0.0
2.15599,-0.33687,0.0
2.15599,-0.30319,0.0
2.15599,-0.2695,0.0
2.15599,-0.23581,0.0
2.15599,-0.20212,0.0
2.15599,-0.16844,0.0
2.15599,-0.13475,0.0
2.15599,-0.10106,0.0
2.15599,-0.06737,0.0
2.15599,-0.03369,0.0
2.15599,0,0.0
2.15599,0.03369,0.0
2.15599,0.06737,0.0
2.15599,0.10106,0.0
2.15599,0.13475,0.0
2.15599,0.16844,0.0
2.15599,0.20212,0.0
2.15599,0.23581,0.0
2.15599,0.2695,0.0
2.15599,0.30319,0.0
2.15599,0.33687,0.0
2.15599,0.37056,0.0
2.15599,0.40425,0.0
2.15599,0.43794,0.0
2.15599,0.47162,0.0
2.15599,0.50531,0.0
2.15599,0.539,0.0
2.15599,0.57268,0.0
2.15599,0.60637,0.0
2.15599,0.64006,0.0
2.15599,0.67375,0.0
2.15599,0.70743,0.0
2.15599,0.74112,0.0
2.15599,0.77481,0.0
2.15599,0.8085,0.0
2.15599,0.84218,0.0
2.15599,0.87587,0.0
2.15599,0.90956,0.0
2.15599,0.94325,0.0
2.15599,0.97693,0.0
2.15599,1.01062,0.0
2.15599,1.04431,0.0
2.15599,1.078,0.0
2.15599,1.11168,0.0
2.15599,1.14537,0.0
2.15599,1.17906,0.0
2.15599,1.21274,0.0
2.15599,1.24643,0.0
2.15599,1.28012,0.0
2.15599,1.31381,0.0
2.15599,1.34749,0.0
2.15599,1.38118,0.0
2.15599,1.41487,0.0
2.15599,1.44856,0.0
2.15599,1.48224,0.0
2.15599,1.51593,0.0
2.15599,1.54962,0.0
2.15599,1.58331,0.0
2.15599,1.61699,0.0
2.15599,1.65068,0.0
2.15599,1.68437,0.0
2.15599,1.71805,0.0
2.15599,1.75174,0.0
2.15599,1.78543,0.0
2.15599,1.81912,0.0
2.15599,1.8528,0.0
2.15599,1.88649,0.0
2.15599,1.92018,0.0
2.15599,1.95387,0.0
2.15599,1.98755,0.0
2.15599,2.02124,0.0
2.15599,2.05493,0.0
2.15599,2.08862,0.0
2.15599,2.1223,0.0
2.15599,2.15599,0.0
2.15599,2.18968,0.0
2.15599,2.22336,0.0
2.15599,2.25705,0.0
2.15599,2.29074,0.0
2.15599,2.32443,0.0
2.15599,2.35811,0.0
2.15599,2.3918,0.0
2.15599,2.42549,0.0
2.15599,2.45918,0.0
2.15599,2.49286,0.0
2.18968,-2.45918,0.0
2.18968,-2.42549,0.0
2.18968,-2.3918,0.0
2.18968,-2.35811,0.0
2.18968,-2.32443,0.0
2.18968,-2.29074,0.0
2.18968,-2.25705,0.0
2.18968,-2.22336,0.0
2.18968,-2.18968,0.0
2.18968,-2.15599,0.0
2.18968,-2.1223,0.0
2.18968,-2.08862,0.0
2.18968,-2.05493,0.0
2.18968,-2.02124,0.0
2.18968,-1.98755,0.0
2.18968,-1.95387,0.0
2.18968,-1.92018,0.0
2.18968,-1.88649,0.0
2.18968,-1.8528,0.0
2.18968,-1.81912,0.0
2.18968,-1.78543,0.0
2.18968,-1.75174,0.0
2.18968,-1.71805,0.0
2.18968,-1.68437,0.0
2.18968,-1.65068,0.0
2.18968,-1.61699,0.0
2.18968,-1.58331,0.0
2.18968,-1.54962,0.0
2.18968,-1.51593,0.0
2.18968,-1.48224,0.0
2.18968,-1.44856,0.0
2.18968,-1.41487,0.0
2.18968,-1.38118,0.0
2.18968,-1.34749,0.0
2.18968,-1.31381,0.0
2.18968,-1.28012,0.0
2.18968,-1.24643,0.0
2.18968,-1.21274,0.0
2.18968,-1.17906,0.0
2.18968,-1.14537,0.0
2.18968,-1.11168,0.0
2.18968,-1.078,0.0
2.18968,-1.04431,0.0
2.18968,-1.01062,0.0
2.18968,-0.97693,0.0
2.18968,-0.94325,0.0
2.18968,-0.90956,0.0
2.18968,-0.87587,0.0
2.18968,-0.84218,0.0
2.18968,-0.8085,0.0
2.18968,-0.77481,0.0
2.18968,-0.74112,0.0
2.18968,-0.70743,0.0
2.18968,-0.67375,0.0
2.18968,-0.64006,0.0
2.18968,-0.60637,0.0
2.18968,-0.57268,0.0
2.18968,-0.539,0.0
2.18968,-0.50531,0.0
2.18968,-0.47162,0.0
2.18968,-0.43794,0.0
2.18968,-0.40425,0.0
2.18968,-0.37056,0.0
2.18968,-0.33687,0.0
2.18968,-0.30319,0.0
2.18968,-0.2695,0.0
2.18968,-0.23581,0.0
2.18968,-0.20212,0.0
2.18968,-0.16844,0.0
2.18968,-0.13475,0.0
2.18968,-0.10106,0.0
2.18968,-0.06737,0.0
2.18968,-0.03369,0.0
2.18968,0,0.0
2.18968,0.03369,0.0
2.18968,0.06737,0.0
2.18968,0.10106,0.0
2.18968,0.13475,0.0
2.18968,0.16844,0.0
2.18968,0.20212,0.0
2.18968,0.23581,0.0
2.18968,0.2695,0.0
2.18968,0.30319,0.0
2.18968,0.33687,0.0
2.18968,0.37056,0.0
2.18968,0.40425,0.0
2.18968,0.43794,0.0
2.18968,0.47162,0.0
2.18968,0.50531,0.0
2.18968,0.539,0.0
2.18968,0.57268,0.0
2.18968,0.60637,0.0
2.18968,0.64006,0.0
2.18968,0.67375,0.0
2.18968,0.70743,0.0
2.18968,0.74112,0.0
2.18968,0.77481,0.0
2.18968,0.8085,0.0
2.18968,0.84218,0.0
2.18968,0.87587,0.0
2.18968,0.90956,0.0
2.18968,0.94325,0.0
2.18968,0.97693,0.0
2.18968,1.01062,0.0
2.18968,1.04431,0.0
2.18968,1.078,0.0
2.18968,1.11168,0.0
2.18968,1.14537,0.0
2.18968,1.17906,0.0
2.18968,1.21274,0.0
2.18968,1.24643,0.0
2.18968,1.28012,0.0
2.18968,1.31381,0.0
2.18968,1.34749,0.0
2.18968,1.38118,0.0
2.18968,1.41487,0.0
2.18968,1.44856,0.0
2.18968,1.48224,0.0
2.18968,1.51593,0.0
2.18968,1.54962,0.0
2.18968,1.58331,0.0
2.18968,1.61699,0.0
2.18968,1.65068,0.0
2.18968,1.68437,0.0
2.18968,1.71805,0.0
2.18968,1.75174,0.0
2.18968,1.78543,0.0
2.18968,1.81912,0.0
2.18968,1.8528,0.0
2.18968,1.88649,0.0
2.18968,1.92018,0.0
2.18968,1.95387,0.0
2.18968,1.98755,0.0
2.18968,2.02124,0.0
2.18968,2.05493,0.0
2.18968,2.08862,0.0
2.18968,2.1223,0.0
2.18968,2.15599,0.0
2.18968,2.18968,0.0
2.18968,2.22336,0.0
2.18968,2.25705,0.0
2.18968,2.29074,0.0
2.18968,2.32443,0.0
2.18968,2.35811,0.0
2.18968,2.3918,0.0
2.18968,2.42549,0.0
2.18968,2.45918,0.0
2.22336,-2.42549,0.0
2.22336,-2.3918,0.0
2.22336,-2.35811,0.0
2.22336,-2.32443,0.0
2.22336,-2.29074,0.0
2.22336,-2.25705,0.0
2.22336,-2.22336,0.0
2.22336,-2.18968,0.0
2.22336,-2.15599,0.0
2.22336,-2.1223,0.0
2.22336,-2.08862,0.0
2.22336,-2.05493,0.0
2.22336,-2.02124,0.0
2.22336,-1.98755,0.0
2.22336,-1.95387,0.0
2.22336,-1.92018,0.0
2.22336,-1.88649,0.0
2.22336,-1.8528,0.0
2.22336,-1.81912,0.0
2.22336,-1.78543,0.0
2.22336,-1.75174,0.0
2.22336,-1.71805,0.0
2.22336,-1.68437,0.0
2.22336,-1.65068,0.0
2.22336,-1.61699,0.0
2.22336,-1.58331,0.0
2.22336,-1.54962,0.0
2.22336,-1.51593,0.0
2.22336,-1.48224,0.0
2.22336,-1.44856,0.0
2.22336,-1.41487,0.0
2.22336,-1.38118,0.0
2.22336,-1.34749,0.0
2.22336,-1.31381,0.0
2.22336,-1.28012,0.0
2.22336,-1.24643,0.0
2.22336,-1.21274,0.0
2.22336,-1.17906,0.0
2.22336,-1.14537,0.0
2.22336,-1.11168,0.0
2.22336,-1.078,0.0
2.22336,-1.04431,0.0
2.22336,-1.01062,0.0
2.22336,-0.97693,0.0
2.22336,-0.94325,0.0
2.22336,-0.90956,0.0
2.22336,-0.87587,0.0
2.22336,-0.84218,0.0
2.22336,-0.8085,0.0
2.22336,-0.77481,0.0
2.22336,-0.74112,0.0
2.22336,-0.70743,0.0
2.22336,-0.67375,0.0
2.22336,-0.64006,0.0
2.22336,-0.60637,0.0
2.22336,-0.57268,0.0
2.22336,-0.539,0.0
2.22336,-0.50531,0.0
2.22336,-0.47162,0.0
2.22336,-0.43794,0.0
2.22336,-0.40425,0.0
2.22336,-0.37056,0.0
2.22336,-0.33687,0.0
2.22336,-0.30319,0.0
2.22336,-0.2695,0.0
2.22336,-0.23581,0.0
2.22336,-0.20212,0.0
2.22336,-0.16844,0.0
2.22336,-0.13475,0.0
2.22336,-0.10106,0.0
2.22336,-0.06737,0.0
2.22336,-0.03369,0.0
2.22336,0,0.0
2.22336,0.03369,0.0
2.22336,0.06737,0.0
2.22336,0.10106,0.0
2.22336,0.13475,0.0
2.22336,0.16844,0.0
2.22336,0.20212,0.0
2.22336,0.23581,0.0
2.22336,0.2695,0.0
2.22336,0.30319,0.0
2.22336,0.33687,0.0
2.22336,0.37056,0.0
2.22336,0.40425,0.0
2.22336,0.43794,0.0
2.22336,0.47162,0.0
2.22336,0.50531,0.0
2.22336,0.539,0.0
2.22336,0.57268,0.0
2.22336,0.60637,0.0
2.22336,0.64006,0.0
2.22336,0.67375,0.0
2.22336,0.70743,0.0
2.22336,0.74112,0.0
2.22336,0.77481,0.0
2.22336,0.8085,0.0
2.22336,0.84218,0.0
2.22336,0.87587,0.0
2.22336,0.90956,0.0
2.22336,0.94325,0.0
2.22336,0.97693,0.0
2.22336,1.01062,0.0
2.22336,1.04431,0.0
2.22336,1.078,0.0
2.22336,1.11168,0.0
2.22336,1.14537,0.0
2.22336,1.17906,0.0
2.22336,1.21274,0.0
2.22336,1.24643,0.0
2.22336,1.28012,0.0
2.22336,1.31381,0.0
2.22336,1.34749,0.0
2.22336,1.38118,0.0
2.22336,1.41487,0.0
2.22336,1.44856,0.0
2.22336,1.48224,0.0
2.22336,1.51593,0.0
2.22336,1.54962,0.0
2.22336,1.58331,0.0
2.22336,1.61699,0.0
2.22336,1.65068,0.0
2.22336,1.68437,0.0
2.22336,1.71805,0.0
2.22336,1.75174,0.0
2.22336,1.78543,0.0
2.22336,1.81912,0.0
2.22336,1.8528,0.0
2.22336,1.88649,0.0
2.22336,1.92018,0.0
2.22336,1.95387,0.0
2.22336,1.98755,0.0
2.22336,2.02124,0.0
2.22336,2.05493,0.0
2.22336,2.08862,0.0
2.22336,2.1223,0.0
2.22336,2.15599,0.0
2.22336,2.18968,0.0
2.22336,2.22336,0.0
2.22336,2.25705,0.0
2.22336,2.29074,0.0
2.22336,2.32443,0.0
2.22336,2.35811,0.0
2.22336,2.3918,0.0
2.22336,2.42549,0.0
2.25705,-2.3918,0.0
2.25705,-2.35811,0.0
2.25705,-2.32443,0.0
2.25705,-2.29074,0.0
2.25705,-2.25705,0.0
2.25705,-2.22336,0.0
2.25705,-2.18968,0.0
2.25705,-2.15599,0.0
2.25705,-2.1223,0.0
2.25705,-2.08862,0.0
2.25705,-2.05493,0.0
2.25705,-2.02124,0.0
2.25705,-1.98755,0.0
2.25705,-1.95387,0.0
2.25705,-1.92018,0.0
2.25705,-1.88649,0.0
2.25705,-1.8528,0.0
2.25705,-1.81912,0.0
2.25705,-1.78543,0.0
2.25705,-1.75174,0.0
2.25705,-1.71805,0.0
2.25705,-1.68437,0.0
2.25705,-1.65068,0.0
2.25705,-1.61699,0.0
2.25705,-1.58331,0.0
2.25705,-1.54962,0.0
2.25705,-1.51593,0.0
2.25705,-1.48224,0.0
2.25705,-1.44856,0.0
2.25705,-1.41487,0.0
2.25705,-1.38118,0.0
2.25705,-1.34749,0.0
2.25705,-1.31381,0.0
2.25705,-1.28012,0.0
2.25705,-1.24643,0.0
2.25705,-1.21274,0.0
2.25705,-1.17906,0.0
2.25705,-1.14537,0.0
2.25705,-1.11168,0.0
2.25705,-1.078,0.0
2.25705,-1.04431,0.0
2.25705,-1.01062,0.0
2.25705,-0.97693,0.0
2.25705,-0.94325,0.0
2.25705,-0.90956,0.0
2.25705,-0.87587,0.0
2.25705,-0.84218,0.0
2.25705,-0.8085,0.0
2.25705,-0.77481,0.0
2.25705,-0.74112,0.0
2.25705,-0.70743,0.0
2.25705,-0.67375,0.0
2.25705,-0.64006,0.0
2.25705,-0.60637,0.0
2.25705,-0.57268,0.0
2.25705,-0.539,0.0
2.25705,-0.50531,0.0
2.25705,-0.47162,0.0
2.25705,-0.43794,0.0
2.25705,-0.40425,0.0
2.25705,-0.37056,0.0
2.25705,-0.33687,0.0
2.25705,-0.30319,0.0
2.25705,-0.2695,0.0
2.25705,-0.23581,0.0
2.25705,-0.20212,0.0
2.25705,-0.16844,0.0
2.25705,-0.13475,0.0
2.25705,-0.10106,0.0
2.25705,-0.06737,0.0
2.25705,-0.03369,0.0
2.25705,0,0.0
2.25705,0.03369,0.0
2.25705,0.06737,0.0
2.25705,0.10106,0.0
2.25705,0.13475,0.0
2.25705,0.16844,0.0
2.25705,0.20212,0.0
2.25705,0.23581,0.0
2.25705,0.2695,0.0
2.25705,0.30319,0.0
2.25705,0.33687,0.0
2.25705,0.37056,0.0
2.25705,0.40425,0.0
2.25705,0.43794,0.0
2.25705,0.47162,0.0
2.25705,0.50531,0.0
2.25705,0.539,0.0
2.25705,0.57268,0.0
2.25705,0.60637,0.0
2.25705,0.64006,0.0
2.25705,0.67375,0.0
2.25705,0.70743,0.0
2.25705,0.74112,0.0
2.25705,0.77481,0.0
2.25705,0.8085,0.0
2.25705,0.84218,0.0
2.25705,0.87587,0.0
2.25705,0.90956,0.0
2.25705,0.94325,0.0
2.25705,0.97693,0.0
2.25705,1.01062,0.0
2.25705,1.04431,0.0
2.25705,1.078,0.0
2.25705,1.11168,0.0
2.25705,1.14537,0.0
2.25705,1.17906,0.0
2.25705,1.21274,0.0
2.25705,1.24643,0.0
2.25705,1.28012,0.0
2.25705,1.31381,0.0
2.25705,1.34749,0.0
2.25705,1.38118,0.0
2.25705,1.41487,0.0
2.25705,1.44856,0.0
2.25705,1.48224,0.0
2.25705,1.51593,0.0
2.25705,1.54962,0.0
2.25705,1.58331,0.0
2.25705,1.61699,0.0
2.25705,1.65068,0.0
2.25705,1.68437,0.0
2.25705,1.71805,0.0
2.25705,1.75174,0.0
2.25705,1.78543,0.0
2.25705,1.81912,0.0
2.25705,1.8528,0.0
2.25705,1.88649,0.0
2.25705,1.92018,0.0
2.25705,1.95387,0.0
2.25705,1.98755,0.0
2.25705,2.02124,0.0
2.25705,2.05493,0.0
2.25705,2.08862,0.0
2.25705,2.1223,0.0
2.25705,2.15599,0.0
2.25705,2.18968,0.0
2.25705,2.22336,0.0
2.25705,2.25705,0.0
2.25705,2.29074,0.0
2.25705,2.32443,0.0
2.25705,2.35811,0.0
2.25705,2.3918,0.0
2.29074,-2.35811,0.0
2.29074,-2.32443,0.0
2.29074,-2.29074,0.0
2.29074,-2.25705,0.0
2.29074,-2.22336,0.0
2.29074,-2.18968,0.0
2.29074,-2.15599,0.0
2.29074,-2.1223,0.0
2.29074,-2.08862,0.0
2.29074,-2.05493,0.0
2.29074,-2.02124,0.0
2.29074,-1.98755,0.0
2.29074,-1.95387,0.0
2.29074,-1.92018,0.0
2.29074,-1.88649,0.0
2.29074,-1.8528,0.0
2.29074,-1.81912,0.0
2.29074,-1.78543,0.0
2.29074,-1.75174,0.0
2.29074,-1.71805,0.0
2.29074,-1.68437,0.0
2.29074,-1.65068,0.0
2.29074,-1.61699,0.0
2.29074,-1.58331,0.0
2.29074,-1.54962,0.0
2.29074,-1.51593,0.0
2.29074,-1.48224,0.0
2.29074,-1.44856,0.0
2.29074,-1.41487,0.0
2.29074,-1.38118,0.0
2.29074,-1.34749,0.0
2.29074,-1.31381,0.0
2.29074,-1.28012,0.0
2.29074,-1.24643,0.0
2.29074,-1.21274,0.0
2.29074,-1.17906,0.0
2.29074,-1.14537,0.0
2.29074,-1.11168,0.0
2.29074,-1.078,0.0
2.29074,-1.04431,0.0
2.29074,-1.01062,0.0
2.29074,-0.97693,0.0
2.29074,-0.94325,0.0
2.29074,-0.90956,0.0
2.29074,-0.87587,0.0
2.29074,-0.84218,0.0
2.29074,-0.8085,0.0
2.29074,-0.77481,0.0
2.29074,-0.74112,0.0
2.29074,-0.70743,0.0
2.29074,-0.67375,0.0
2.29074,-0.64006,0.0
2.29074,-0.60637,0.0
2.29074,-0.57268,0.0
2.29074,-0.539,0.0
2.29074,-0.50531,0.0
2.29074,-0.47162,0.0
2.29074,-0.43794,0.0
2.29074,-0.40425,0.0
2.29074,-0.37056,0.0
2.29074,-0.33687,0.0
2.29074,-0.30319,0.0
2.29074,-0.2695,0.0
2.29074,-0.23581,0.0
2.29074,-0.20212,0.0
2.29074,-0.16844,0.0
2.29074,-0.13475,0.0
2.29074,-0.10106,0.0
2.29074,-0.06737,0.0
2.29074,-0.03369,0.0
2.29074,0,0.0
2.29074,0.03369,0.0
2.29074,0.06737,0.0
2.29074,0.10106,0.0
2.29074,0.13475,0.0
2.29074,0.16844,0.0
2.29074,0.20212,0.0
2.29074,0.23581,0.0
2.29074,0.2695,0.0
2.29074,0.30319,0.0
2.29074,0.33687,0.0
2.29074,0.37056,0.0
2.29074,0.40425,0.0
2.29074,0.43794,0.0
2.29074,0.47162,0.0
2.29074,0.50531,0.0
2.29074,0.539,0.0
2.29074,0.57268,0.0
2.29074,0.60637,0.0
2.29074,0.64006,0.0
2.29074,0.67375,0.0
2.29074,0.70743,0.0
2.29074,0.74112,0.0
2.29074,0.77481,0.0
2.29074,0.8085,0.0
2.29074,0.84218,0.0
2.29074,0.87587,0.0
2.29074,0.90956,0.0
2.29074,0.94325,0.0
2.29074,0.97693,0.0
2.29074,1.01062,0.0
2.29074,1.04431,0.0
2.29074,1.078,0.0
2.29074,1.11168,0.0
2.29074,1.14537,0.0
2.29074,1.17906,0.0
2.29074,1.21274,0.0
2.29074,1.24643,0.0
2.29074,1.28012,0.0
2.29074,1.31381,0.0
2.29074,1.34749,0.0
2.29074,1.38118,0.0
2.29074,1.41487,0.0
2.29074,1.44856,0.0
2.29074,1.48224,0.0
2.29074,1.51593,0.0
2.29074,1.54962,0.0
2.29074,1.58331,0.0
2.29074,1.61699,0.0
2.29074,1.65068,0.0
2.29074,1.68437,0.0
2.29074,1.71805,0.0
2.29074,1.75174,0.0
2.29074,1.78543,0.0
2.29074,1.81912,0.0
2.29074,1.8528,0.0
2.29074,1.88649,0.0
2.29074,1.92018,0.0
2.29074,1.95387,0.0
2.29074,1.98755,0.0
2.29074,2.02124,0.0
2.29074,2.05493,0.0
2.29074,2.08862,0.0
2.29074,2.1223,0.0
2.29074,2.15599,0.0
2.29074,2.18968,0.0
2.29074,2.22336,0.0
2.29074,2.25705,0.0
2.29074,2.29074,0.0
2.29074,2.32443,0.0
2.29074,2.35811,0.0
2.32443,-2.32443,0.0
2.32443,-2.29074,0.0
2.32443,-2.25705,0.0
2.32443,-2.22336,0.0
2.32443,-2.18968,0.0
2.32443,-2.15599,0.0
2.32443,-2.1223,0.0
2.32443,-2.08862,0.0
2.32443,-2.05493,0.0
2.32443,-2.02124,0.0
2.32443,-1.98755,0.0
2.32443,-1.95387,0.0
2.32443,-1.92018,0.0
2.32443,-1.88649,0.0
2.32443,-1.8528,0.0
2.32443,-1.81912,0.0
2.32443,-1.78543,0.0
2.32443,-1.75174,0.0
2.32443,-1.71805,0.0
2.32443,-1.68437,0.0
2.32443,-1.65068,0.0
2.32443,-1.61699,0.0
2.32443,-1.58331,0.0
2.32443,-1.54962,0.0
2.32443,-1.51593,0.0
2.32443,-1.48224,0.0
2.32443,-1.44856,0.0
2.32443,-1.41487,0.0
2.32443,-1.38118,0.0
2.32443,-1.34749,0.0
2.32443,-1.31381,0.0
2.32443,-1.28012,0.0
2.32443,-1.24643,0.0
2.32443,-1.21274,0.0
2.32443,-1.17906,0.0
2.32443,-1.14537,0.0
2.32443,-1.11168,0.0
2.32443,-1.078,0.0
2.32443,-1.04431,0.0
2.32443,-1.01062,0.0
2.32443,-0.97693,0.0
2.32443,-0.94325,0.0
2.32443,-0.90956,0.0
2.32443,-0.87587,0.0
2.32443,-0.84218,0.0
2.32443,-0.8085,0.0
2.32443,-0.77481,0.0
2.32443,-0.74112,0.0
2.32443,-0.70743,0.0
2.32443,-0.67375,0.0
2.32443,-0.64006,0.0
2.32443,-0.60637,0.0
2.32443,-0.57268,0.0
2.32443,-0.539,0.0
2.32443,-0.50531,0.0
2.32443,-0.47162,0.0
2.32443,-0.43794,0.0
2.32443,-0.40425,0.0
2.32443,-0.37056,0.0
2.32443,-0.33687,0.0
2.32443,-0.30319,0.0
2.32443,-0.2695,0.0
2.32443,-0.23581,0.0
2.32443,-0.20212,0.0
2.32443,-0.16844,0.0
2.32443,-0.13475,0.0
2.32443,-0.10106,0.0
2.32443,-0.06737,0.0
2.32443,-0.03369,0.0
2.32443,0,0.0
2.32443,0.03369,0.0
2.32443,0.06737,0.0
2.32443,0.10106,0.0
2.32443,0.13475,0.0
2.32443,0.16844,0.0
2.32443,0.20212,0.0
2.32443,0.23581,0.0
2.32443,0.2695,0.0
2.32443,0.30319,0.0
2.32443,0.33687,0.0
2.32443,0.37056,0.0
2.32443,0.40425,0.0
2.32443,0.43794,0.0
2.32443,0.47162,0.0
2.32443,0.50531,0.0
2.32443,0.539,0.0
2.32443,0.57268,0.0
2.32443,0.60637,0.0
2.32443,0.64006,0.0
2.32443,0.67375,0.0
2.32443,0.70743,0.0
2.32443,0.74112,0.0
2.32443,0.77481,0.0
2.32443,0.8085,0.0
2.32443,0.84218,0.0
2.32443,0.87587,0.0
2.32443,0.90956,0.0
2.32443,0.94325,0.0
2.32443,0.97693,0.0
2.32443,1.01062,0.0
2.32443,1.04431,0.0
2.32443,1.078,0.0
2.32443,1.11168,0.0
2.32443,1.14537,0.0
2.32443,1.17906,0.0
2.32443,1.21274,0.0
2.32443,1.24643,0.0
2.32443,1.28012,0.0
2.32443,1.31381,0.0
2.32443,1.34749,0.0
2.32443,1.38118,0.0
2.32443,1.41487,0.0
2.32443,1.44856,0.0
2.32443,1.48224,0.0
2.32443,1.51593,0.0
2.32443,1.54962,0.0
2.32443,1.58331,0.0
2.32443,1.61699,0.0
2.32443,1.65068,0.0
2.32443,1.68437,0.0
2.32443,1.71805,0.0
2.32443,1.75174,0.0
2.32443,1.78543,0.0
2.32443,1.81912,0.0
2.32443,1.8528,0.0
2.32443,1.88649,0.0
2.32443,1.92018,0.0
2.32443,1.95387,0.0
2.32443,1.98755,0.0
2.32443,2.02124,0.0
2.32443,2.05493,0.0
2.32443,2.08862,0.0
2.32443,2.1223,0.0
2.32443,2.15599,0.0
2.32443,2.18968,0.0
2.32443,2.22336,0.0
2.32443,2.25705,0.0
2.32443,2.29074,0.0
2.32443,2.32443,0.0
2.35811,-2.29074,0.0
2.35811,-2.25705,0.0
2.35811,-2.22336,0.0
2.35811,-2.18968,0.0
2.35811,-2.15599,0.0
2.35811,-2.1223,0.0
2.35811,-2.08862,0.0
2.35811,-2.05493,0.0
2.35811,-2.02124,0.0
2.35811,-1.98755,0.0
2.35811,-1.95387,0.0
2.35811,-1.92018,0.0
2.35811,-1.88649,0.0
2.35811,-1.8528,0.0
2.35811,-1.81912,0.0
2.35811,-1.78543,0.0
2.35811,-1.75174,0.0
2.35811,-1.71805,0.0
2.35811,-1.68437,0.0
2.35811,-1.65068,0.0
2.35811,-1.61699,0.0
2.35811,-1.58331,0.0
2.35811,-1.54962,0.0
2.35811,-1.51593,0.0
2.35811,-1.48224,0.0
2.35811,-1.44856,0.0
2.35811,-1.41487,0.0
2.35811,-1.38118,0.0
2.35811,-1.34749,0.0
2.35811,-1.31381,0.0
2.35811,-1.28012,0.0
2.35811,-1.24643,0.0
2.35811,-1.21274,0.0
2.35811,-1.17906,0.0
2.35811,-1.14537,0.0
2.35811,-1.11168,0.0
2.35811,-1.078,0.0
2.35811,-1.04431,0.0
2.35811,-1.01062,0.0
2.35811,-0.97693,0.0
2.35811,-0.94325,0.0
2.35811,-0.90956,0.0
2.35811,-0.87587,0.0
2.35811,-0.84218,0.0
2.35811,-0.8085,0.0
2.35811,-0.77481,0.0
2.35811,-0.74112,0.0
2.35811,-0.70743,0.0
2.35811,-0.67375,0.0
2.35811,-0.64006,0.0
2.35811,-0.60637,0.0
2.35811,-0.57268,0.0
2.35811,-0.539,0.0
2.35811,-0.50531,0.0
2.35811,-0.47162,0.0
2.35811,-0.43794,0.0
2.35811,-0.40425,0.0
2.35811,-0.37056,0.0
2.35811,-0.33687,0.0
2.35811,-0.30319,0.0
2.35811,-0.2695,0.0
2.35811,-0.23581,0.0
2.35811,-0.20212,0.0
2.35811,-0.16844,0.0
2.35811,-0.13475,0.0
2.35811,-0.10106,0.0
2.35811,-0.06737,0.0
2.35811,-0.03369,0.0
2.35811,0,0.0
2.35811,0.03369,0.0
2.35811,0.06737,0.0
2.35811,0.10106,0.0
2.35811,0.13475,0.0
2.35811,0.16844,0.0
2.35811,0.20212,0.0
2.35811,0.23581,0.0
2.35811,0.2695,0.0
2.35811,0.30319,0.0
2.35811,0.33687,0.0
2.35811,0.37056,0.0
2.35811,0.40425,0.0
2.35811,0.43794,0.0
2.35811,0.47162,0.0
2.35811,0.50531,0.0
2.35811,0.539,0.0
2.35811,0.57268,0.0
2.35811,0.60637,0.0
2.35811,0.64006,0.0
2.35811,0.67375,0.0
2.35811,0.70743,0.0
2.35811,0.74112,0.0
2.35811,0.77481,0.0
2.35811,0.8085,0.0
2.35811,0.84218,0.0
2.35811,0.87587,0.0
2.35811,0.90956,0.0
2.35811,0.94325,0.0
2.35811,0.97693,0.0
2.35811,1.01062,0.0
2.35811,1.04431,0.0
2.35811,1.078,0.0
2.35811,1.11168,0.0
2.35811,1.14537,0.0
2.35811,1.17906,0.0
2.35811,1.21274,0.0
2.35811,1.24643,0.0
2.35811,1.28012,0.0
2.35811,1.31381,0.0
2.35811,1.34749,0.0
2.35811,1.38118,0.0
2.35811,1.41487,0.0
2.35811,1.44856,0.0
2.35811,1.48224,0.0
2.35811,1.51593,0.0
2.35811,1.54962,0.0
2.35811,1.58331,0.0
2.35811,1.61699,0.0
2.35811,1.65068,0.0
2.35811,1.68437,0.0
2.35811,1.71805,0.0
2.35811,1.75174,0.0
2.35811,1.78543,0.0
2.35811,1.81912,0.0
2.35811,1.8528,0.0
2.35811,1.88649,0.0
2.35811,1.92018,0.0
2.35811,1.95387,0.0
2.35811,1.98755,0.0
2.35811,2.02124,0.0
2.35811,2.05493,0.0
2.35811,2.08862,0.0
2.35811,2.1223,0.0
2.35811,2.15599,0.0
2.35811,2.18968,0.0
2.35811,2.22336,0.0
2.35811,2.25705,0.0
2.35811,2.29074,0.0
2.3918,-2.25705,0.0
2.3918,-2.22336,0.0
2.3918,-2.18968,0.0
2.3918,-2.15599,0.0
2.3918,-2.1223,0.0
2.3918,-2.08862,0.0
2.3918,-2.05493,0.0
2.3918,-2.02124,0.0
2.3918,-1.98755,0.0
2.3918,-1.95387,0.0
2.3918,-1.92018,0.0
2.3918,-1.88649,0.0
2.3918,-1.8528,0.0
2.3918,-1.81912,0.0
2.3918,-1.78543,0.0
2.3918,-1.75174,0.0
2.3918,-1.71805,0.0
2.3918,-1.68437,0.0
2.3918,-1.65068,0.0
2.3918,-1.61699,0.0
2.3918,-1.58331,0.0
2.3918,-1.54962,0.0
2.3918,-1.51593,0.0
2.3918,-1.48224,0.0
2.3918,-1.44856,0.0
2.3918,-1.41487,0.0
2.3918,-1.38118,0.0
2.3918,-1.34749,0.0
2.3918,-1.31381,0.0
2.3918,-1.28012,0.0
2.3918,-1.24643,0.0
2.3918,-1.21274,0.0
2.3918,-1.17906,0.0
2.3918,-1.14537,0.0
2.3918,-1.11168,0.0
2.3918,-1.078,0.0
2.3918,-1.04431,0.0
2.3918,-1.01062,0.0
2.3918,-0.97693,0.0
2.3918,-0.94325,0.0
2.3918,-0.90956,0.0
2.3918,-0.87587,0.0
2.3918,-0.84218,0.0
2.3918,-0.8085,0.0
2.3918,-0.77481,0.0
2.3918,-0.74112,0.0
2.3918,-0.70743,0.0
2.3918,-0.67375,0.0
2.3918,-0.64006,0.0
2.3918,-0.60637,0.0
2.3918,-0.57268,0.0
2.3918,-0.539,0.0
2.3918,-0.50531,0.0
2.3918,-0.47162,0.0
2.3918,-0.43794,0.0
2.3918,-0.40425,0.0
2.3918,-0.37056,0.0
2.3918,-0.33687,0.0
2.3918,-0.30319,0.0
2.3918,-0.2695,0.0
2.3918,-0.23581,0.0
2.3918,-0.20212,0.0
2.3918,-0.16844,0.0
2.3918,-0.13475,0.0
2.3918,-0.10106,0.0
2.3918,-0.06737,0.0
2.3918,-0.03369,0.0
2.3918,0,0.0
2.3918,0.03369,0.0
2.3918,0.06737,0.0
2.3918,0.10106,0.0
2.3918,0.13475,0.0
2.3918,0.16844,0.0
2.3918,0.20212,0.0
2.3918,0.23581,0.0
2.3918,0.2695,0.0
2.3918,0.30319,0.0
2.3918,0.33687,0.0
2.3918,0.37056,0.0
2.3918,0.40425,0.0
2.3918,0.43794,0.0
2.3918,0.47162,0.0
2.3918,0.50531,0.0
2.3918,0.539,0.0
2.3918,0.57268,0.0
2.3918,0.60637,0.0
2.3918,0.64006,0.0
2.3918,0.67375,0.0
2.3918,0.70743,0.0
2.3918,0.74112,0.0
2.3918,0.77481,0.0
2.3918,0.8085,0.0
2.3918,0.84218,0.0
2.3918,0.87587,0.0
2.3918,0.90956,0.0
2.3918,0.94325,0.0
2.3918,0.97693,0.0
2.3918,1.01062,0.0
2.3918,1.04431,0.0
2.3918,1.078,0.0
2.3918,1.11168,0.0
2.3918,1.14537,0.0
2.3918,1.17906,0.0
2.3918,1.21274,0.0
2.3918,1.24643,0.0
2.3918,1.28012,0.0
2.3918,1.31381,0.0
2.3918,1.34749,0.0
2.3918,1.38118,0.0
2.3918,1.41487,0.0
2.3918,1.44856,0.0
2.3918,1.48224,0.0
2.3918,1.51593,0.0
2.3918,1.54962,0.0
2.3918,1.58331,0.0
2.3918,1.61699,0.0
2.3918,1.65068,0.0
2.3918,1.68437,0.0
2.3918,1.71805,0.0
2.3918,1.75174,0.0
2.3918,1.78543,0.0
2.3918,1.81912,0.0
2.3918,1.8528,0.0
2.3918,1.88649,0.0
2.3918,1.92018,0.0
2.3918,1.95387,0.0
2.3918,1.98755,0.0
2.3918,2.02124,0.0
2.3918,2.05493,0.0
2.3918,2.08862,0.0
2.3918,2.1223,0.0
2.3918,2.15599,0.0
2.3918,2.18968,0.0
2.3918,2.22336,0.0
2.3918,2.25705,0.0
2.42549,-2.22336,0.0
2.42549,-2.18968,0.0
2.42549,-2.15599,0.0
2.42549,-2.1223,0.0
2.42549,-2.08862,0.0
2.42549,-2.05493,0.0
2.42549,-2.02124,0.0
2.42549,-1.98755,0.0
2.42549,-1.95387,0.0
2.42549,-1.92018,0.0
2.42549,-1.88649,0.0
2.42549,-1.8528,0.0
2.42549,-1.81912,0.0
2.42549,-1.78543,0.0
2.42549,-1.75174,0.0
2.42549,-1.71805,0.0
2.42549,-1.68437,0.0
2.42549,-1.65068,0.0
2.42549,-1.61699,0.0
2.42549,-1.58331,0.0
2.42549,-1.54962,0.0
2.42549,-1.51593,0.0
2.42549,-1.48224,0.0
2.42549,-1.44856,0.0
2.42549,-1.41487,0.0
2.42549,-1.38118,0.0
2.42549,-1.34749,0.0
2.42549,-1.31381,0.0
2.42549,-1.28012,0.0
2.42549,-1.24643,0.0
2.42549,-1.21274,0.0
2.42549,-1.17906,0.0
2.42549,-1.14537,0.0
2.42549,-1.11168,0.0
2.42549,-1.078,0.0
2.42549,-1.04431,0.0
2.42549,-1.01062,0.0
2.42549,-0.97693,0.0
2.42549,-0.94325,0.0
2.42549,-0.90956,0.0
2.42549,-0.87587,0.0
2.42549,-0.84218,0.0
2.42549,-0.8085,0.0
2.42549,-0.77481,0.0
2.42549,-0.74112,0.0
2.42549,-0.70743,0.0
2.42549,-0.67375,0.0
2.42549,-0.64006,0.0
2.42549,-0.60637,0.0
2.42549,-0.57268,0.0
2.42549,-0.539,0.0
2.42549,-0.50531,0.0
2.42549,-0.47162,0.0
2.42549,-0.43794,0.0
2.42549,-0.40425,0.0
2.42549,-0.37056,0.0
2.42549,-0.33687,0.0
2.42549,-0.30319,0.0
2.42549,-0.2695,0.0
2.42549,-0.23581,0.0
2.42549,-0.20212,0.0
2.42549,-0.16844,0.0
2.42549,-0.13475,0.0
2.42549,-0.10106,0.0
2.42549,-0.06737,0.0
2.42549,-0.03369,0.0
2.42549,0,0.0
2.42549,0.03369,0.0
2.42549,0.06737,0.0
2.42549,0.10106,0.0
2.42549,0.13475,0.0
2.42549,0.16844,0.0
2.42549,0.20212,0.0
2.42549,0.23581,0.0
2.42549,0.2695,0.0
2.42549,0.30319,0.0
2.42549,0.33687,0.0
2.42549,0.37056,0.0
2.42549,0.40425,0.0
2.42549,0.43794,0.0
2.42549,0.47162,0.0
2.42549,0.50531,0.0
2.42549,0.539,0.0
2.42549,0.57268,0.0
2.42549,0.60637,0.0
2.42549,0.64006,0.0
2.42549,0.67375,0.0
2.42549,0.70743,0.0
2.42549,0.74112,0.0
2.42549,0.77481,0.0
2.42549,0.8085,0.0
2.42549,0.84218,0.0
2.42549,0.87587,0.0
2.42549,0.90956,0.0
2.42549,0.94325,0.0
2.42549,0.97693,0.0
2.42549,1.01062,0.0
2.42549,1.04431,0.0
2.42549,1.078,0.0
2.42549,1.11168,0.0
2.42549,1.14537,0.0
2.42549,1.17906,0.0
2.42549,1.21274,0.0
2.42549,1.24643,0.0
2.42549,1.28012,0.0
2.42549,1.31381,0.0
2.42549,1.34749,0.0
2.42549,1.38118,0.0
2.42549,1.41487,0.0
2.42549,1.44856,0.0
2.42549,1.48224,0.0
2.42549,1.51593,0.0
2.42549,1.54962,0.0
2.42549,1.58331,0.0
2.42549,1.61699,0.0
2.42549,1.65068,0.0
2.42549,1.68437,0.0
2.42549,1.71805,0.0
2.42549,1.75174,0.0
2.42549,1.78543,0.0
2.42549,1.81912,0.0
2.42549,1.8528,0.0
2.42549,1.88649,0.0
2.42549,1.92018,0.0
2.42549,1.95387,0.0
2.42549,1.98755,0.0
2.42549,2.02124,0.0
2.42549,2.05493,0.0
2.42549,2.08862,0.0
2.42549,2.1223,0.0
2.42549,2.15599,0.0
2.42549,2.18968,0.0
2.42549,2.22336,0.0
2.45918,-2.18968,0.0
2.45918,-2.15599,0.0
2.45918,-2.1223,0.0
2.45918,-2.08862,0.0
2.45918,-2.05493,0.0
2.45918,-2.02124,0.0
2.45918,-1.98755,0.0
2.45918,-1.95387,0.0
2.45918,-1.92018,0.0
2.45918,-1.88649,0.0
2.45918,-1.8528,0.0
2.45918,-1.81912,0.0
2.45918,-1.78543,0.0
2.45918,-1.75174,0.0
2.45918,-1.71805,0.0
2.45918,-1.68437,0.0
2.45918,-1.65068,0.0
2.45918,-1.61699,0.0
2.45918,-1.58331,0.0
2.45918,-1.54962,0.0
2.45918,-1.51593,0.0
2.45918,-1.48224,0.0
2.45918,-1.44856,0.0
2.45918,-1.41487,0.0
2.45918,-1.38118,0.0
2.45918,-1.34749,0.0
2.45918,-1.31381,0.0
2.45918,-1.28012,0.0
2.45918,-1.24643,0.0
2.45918,-1.21274,0.0
2.45918,-1.17906,0.0
2.45918,-1.14537,0.0
2.45918,-1.11168,0.0
2.45918,-1.078,0.0
2.45918,-1.04431,0.0
2.45918,-1.01062,0.0
2.45918,-0.97693,0.0
2.45918,-0.94325,0.0
2.45918,-0.90956,0.0
2.45918,-0.87587,0.0
2.45918,-0.84218,0.0
2.45918,-0.8085,0.0
2.45918,-0.77481,0.0
2.45918,-0.74112,0.0
2.45918,-0.70743,0.0
2.45918,-0.67375,0.0
2.45918,-0.64006,0.0
2.45918,-0.60637,0.0
2.45918,-0.57268,0.0
2.45918,-0.539,0.0
2.45918,-0.50531,0.0
2.45918,-0.47162,0.0
2.45918,-0.43794,0.0
2.45918,-0.40425,0.0
2.45918,-0.37056,0.0
2.45918,-0.33687,0.0
2.45918,-0.30319,0.0
2.45918,-0.2695,0.0
2.45918,-0.23581,0.0
2.45918,-0.20212,0.0
2.45918,-0.16844,0.0
2.45918,-0.13475,0.0
2.45918,-0.10106,0.0
2.45918,-0.06737,0.0
2.45918,-0.03369,0.0
2.45918,0,0.0
2.45918,0.03369,0.0
2.45918,0.06737,0.0
2.45918,0.10106,0.0
2.45918,0.13475,0.0
2.45918,0.16844,0.0
2.45918,0.20212,0.0
2.45918,0.23581,0.0
2.45918,0.2695,0.0
2.45918,0.30319,0.0
2.45918,0.33687,0.0
2.45918,0.37056,0.0
2.45918,0.40425,0.0
2.45918,0.43794,0.0
2.45918,0.47162,0.0
2.45918,0.50531,0.0
2.45918,0.539,0.0
2.45918,0.57268,0.0
2.45918,0.60637,0.0
2.45918,0.64006,0.0
2.45918,0.67375,0.0
2.45918,0.70743,0.0
2.45918,0.74112,0.0
2.45918,0.77481,0.0
2.45918,0.8085,0.0
2.45918,0.84218,0.0
2.45918,0.87587,0.0
2.45918,0.90956,0.0
2.45918,0.94325,0.0
2.45918,0.97693,0.0
2.45918,1.01062,0.0
2.45918,1.04431,0.0
2.45918,1.078,0.0
2.45918,1.11168,0.0
2.45918,1.14537,0.0
2.45918,1.17906,0.0
2.45918,1.21274,0.0
2.45918,1.24643,0.0
2.45918,1.28012,0.0
2.45918,1.31381,0.0
2.45918,1.34749,0.0
2.45918,1.38118,0.0
2.45918,1.41487,0.0
2.45918,1.44856,0.0
2.45918,1.48224,0.0
2.45918,1.51593,0.0
2.45918,1.54962,0.0
2.45918,1.58331,0.0
2.45918,1.61699,0.0
2.45918,1.65068,0.0
2.45918,1.68437,0.0
2.45918,1.71805,0.0
2.45918,1.75174,0.0
2.45918,1.78543,0.0
2.45918,1.81912,0.0
2.45918,1.8528,0.0
2.45918,1.88649,0.0
2.45918,1.92018,0.0
2.45918,1.95387,0.0
2.45918,1.98755,0.0
2.45918,2.02124,0.0
2.45918,2.05493,0.0
2.45918,2.08862,0.0
2.45918,2.1223,0.0
2.45918,2.15599,0.0
2.45918,2.18968,0.0
2.49286,-2.15599,0.0
2.49286,-2.1223,0.0
2.49286,-2.08862,0.0
2.49286,-2.05493,0.0
2.49286,-2.02124,0.0
2.49286,-1.98755,0.0
2.49286,-1.95387,0.0
2.49286,-1.92018,0.0
2.49286,-1.88649,0.0
2.49286,-1.8528,0.0
2.49286,-1.81912,0.0
2.49286,-1.78543,0.0
2.49286,-1.75174,0.0
2.49286,-1.71805,0.0
2.49286,-1.68437,0.0
2.49286,-1.65068,0.0
2.49286,-1.61699,0.0
2.49286,-1.58331,0.0
2.49286,-1.54962,0.0
2.49286,-1.51593,0.0
2.49286,-1.48224,0.0
2.49286,-1.44856,0.0
2.49286,-1.41487,0.0
2.49286,-1.38118,0.0
2.49286,-1.34749,0.0
2.49286,-1.31381,0.0
2.49286,-1.28012,0.0
2.49286,-1.24643,0.0
2.49286,-1.21274,0.0
2.49286,-1.17906,0.0
2.49286,-1.14537,0.0
2.49286,-1.11168,0.0
2.49286,-1.078,0.0
2.49286,-1.04431,0.0
2.49286,-1.01062,0.0
2.49286,-0.97693,0.0
2.49286,-0.94325,0.0
2.49286,-0.90956,0.0
2.49286,-0.87587,0.0
2.49286,-0.84218,0.0
2.49286,-0.8085,0.0
2.49286,-0.77481,0.0
2.49286,-0.74112,0.0
2.49286,-0.70743,0.0
2.49286,-0.67375,0.0
2.49286,-0.64006,0.0
2.49286,-0.60637,0.0
2.49286,-0.57268,0.0
2.49286,-0.539,0.0
2.49286,-0.50531,0.0
2.49286,-0.47162,0.0
2.49286,-0.43794,0.0
2.49286,-0.40425,0.0
2.49286,-0.37056,0.0
2.49286,-0.33687,0.0
2.49286,-0.30319,0.0
2.49286,-0.2695,0.0
2.49286,-0.23581,0.0
2.49286,-0.20212,0.0
2.49286,-0.16844,0.0
2.49286,-0.13475,0.0
2.49286,-0.10106,0.0
2.49286,-0.06737,0.0
2.49286,-0.03369,0.0
2.49286,0,0.0
2.49286,0.03369,0.0
2.49286,0.06737,0.0
2.49286,0.10106,0.0
2.49286,0.13475,0.0
2.49286,0.16844,0.0
2.49286,0.20212,0.0
2.49286,0.23581,0.0
2.49286,0.2695,0.0
2.49286,0.30319,0.0
2.49286,0.33687,0.0
2.49286,0.37056,0.0
2.49286,0.40425,0.0
2.49286,0.43794,0.0
2.49286,0.47162,0.0
2.49286,0.50531,0.0
2.49286,0.539,0.0
2.49286,0.57268,0.0
2.49286,0.60637,0.0
2.49286,0.64006,0.0
2.49286,0.67375,0.0
2.49286,0.70743,0.0
2.49286,0.74112,0.0
2.49286,0.77481,0.0
2.49286,0.8085,0.0
2.49286,0.84218,0.0
2.49286,0.87587,0.0
2.49286,0.90956,0.0
2.49286,0.94325,0.0
2.49286,0.97693,0.0
2.49286,1.01062,0.0
2.49286,1.04431,0.0
2.49286,1.078,0.0
2.49286,1.11168,0.0
2.49286,1.14537,0.0
2.49286,1.17906,0.0
2.49286,1.21274,0.0
2.49286,1.24643,0.0
2.49286,1.28012,0.0
2.49286,1.31381,0.0
2.49286,1.34749,0.0
2.49286,1.38118,0.0
2.49286,1.41487,0.0
2.49286,1.44856,0.0
2.49286,1.48224,0.0
2.49286,1.51593,0.0
2.49286,1.54962,0.0
2.49286,1.58331,0.0
2.49286,1.61699,0.0
2.49286,1.65068,0.0
2.49286,1.68437,0.0
2.49286,1.71805,0.0
2.49286,1.75174,0.0
2.49286,1.78543,0.0
2.49286,1.81912,0.0
2.49286,1.8528,0.0
2.49286,1.88649,0.0
2.49286,1.92018,0.0
2.49286,1.95387,0.0
2.49286,1.98755,0.0
2.49286,2.02124,0.0
2.49286,2.05493,0.0
2.49286,2.08862,0.0
2.49286,2.1223,0.0
2.49286,2.15599,0.0
2.52655,-2.1223,0.0
2.52655,-2.08862,0.0
2.52655,-2.05493,0.0
2.52655,-2.02124,0.0
2.52655,-1.98755,0.0
2.52655,-1.95387,0.0
2.52655,-1.92018,0.0
2.52655,-1.88649,0.0
2.52655,-1.8528,0.0
2.52655,-1.81912,0.0
2.52655,-1.78543,0.0
2.52655,-1.75174,0.0
2.52655,-1.71805,0.0
2.52655,-1.68437,0.0
2.52655,-1.65068,0.0
2.52655,-1.61699,0.0
2.52655,-1.58331,0.0
2.52655,-1.54962,0.0
2.52655,-1.51593,0.0
2.52655,-1.48224,0.0
2.52655,-1.44856,0.0
2.52655,-1.41487,0.0
2.52655,-1.38118,0.0
2.52655,-1.34749,0.0
2.52655,-1.31381,0.0
2.52655,-1.28012,0.0
2.52655,-1.24643,0.0
2.52655,-1.21274,0.0
2.52655,-1.17906,0.0
2.52655,-1.14537,0.0
2.52655,-1.11168,0.0
2.52655,-1.078,0.0
2.52655,-1.04431,0.0
2.52655,-1.01062,0.0
2.52655,-0.97693,0.0
2.52655,-0.94325,0.0
2.52655,-0.90956,0.0
2.52655,-0.87587,0.0
2.52655,-0.84218,0.0
2.52655,-0.8085,0.0
2.52655,-0.77481,0.0
2.52655,-0.74112,0.0
2.52655,-0.70743,0.0
2.52655,-0.67375,0.0
2.52655,-0.64006,0.0
2.52655,-0.60637,0.0
2.52655,-0.57268,0.0
2.52655,-0.539,0.0
2.52655,-0.50531,0.0
2.52655,-0.47162,0.0
2.52655,-0.43794,0.0
2.52655,-0.40425,0.0
2.52655,-0.37056,0.0
2.52655,-0.33687,0.0
2.52655,-0.30319,0.0
2.52655,-0.2695,0.0
2.52655,-0.23581,0.0
2.52655,-0.20212,0.0
2.52655,-0.16844,0.0
2.52655,-0.13475,0.0
2.52655,-0.10106,0.0
2.52655,-0.06737,0.0
2.52655,-0.03369,0.0
2.52655,0,0.0
2.52655,0.03369,0.0
2.52655,0.06737,0.0
2.52655,0.10106,0.0
2.52655,0.13475,0.0
2.52655,0.16844,0.0
2.52655,0.20212,0.0
2.52655,0.23581,0.0
2.52655,0.2695,0.0
2.52655,0.30319,0.0
2.52655,0.33687,0.0
2.52655,0.37056,0.0
2.52655,0.40425,0.0
2.52655,0.43794,0.0
2.52655,0.47162,0.0
2.52655,0.50531,0.0
2.52655,0.539,0.0
2.52655,0.57268,0.0
2.52655,0.60637,0.0
2.52655,0.64006,0.0
2.52655,0.67375,0.0
2.52655,0.70743,0.0
2.52655,0.74112,0.0
2.52655,0.77481,0.0
2.52655,0.8085,0.0
2.52655,0.84218,0.0
2.52655,0.87587,0.0
2.52655,0.90956,0.0
2.52655,0.94325,0.0
2.52655,0.97693,0.0
2.52655,1.01062,0.0
2.52655,1.04431,0.0
2.52655,1.078,0.0
2.52655,1.11168,0.0
2.52655,1.14537,0.0
2.52655,1.17906,0.0
2.52655,1.21274,0.0
2.52655,1.24643,0.0
2.52655,1.28012,0.0
2.52655,1.31381,0.0
2.52655,1.34749,0.0
2.52655,1.38118,0.0
2.52655,1.41487,0.0
2.52655,1.44856,0.0
2.52655,1.48224,0.0
2.52655,1.51593,0.0
2.52655,1.54962,0.0
2.52655,1.58331,0.0
2.52655,1.61699,0.0
2.52655,1.65068,0.0
2.52655,1.68437,0.0
2.52655,1.71805,0.0
2.52655,1.75174,0.0
2.52655,1.78543,0.0
2.52655,1.81912,0.0
2.52655,1.8528,0.0
2.52655,1.88649,0.0
2.52655,1.92018,0.0
2.52655,1.95387,0.0
2.52655,1.98755,0.0
2.52655,2.02124,0.0
2.52655,2.05493,0.0
2.52655,2.08862,0.0
2.52655,2.1223,0.0
2.56024,-2.05493,0.0
2.56024,-2.02124,0.0
2.56024,-1.98755,0.0
2.56024,-1.95387,0.0
2.56024,-1.92018,0.0
2.56024,-1.88649,0.0
2.56024,-1.8528,0.0
2.56024,-1.81912,0.0
2.56024,-1.78543,0.0
2.56024,-1.75174,0.0
2.56024,-1.71805,0.0
2.56024,-1.68437,0.0
2.56024,-1.65068,0.0
2.56024,-1.61699,0.0
2.56024,-1.58331,0.0
2.56024,-1.54962,0.0
2.56024,-1.51593,0.0
2.56024,-1.48224,0.0
2.56024,-1.44856,0.0
2.56024,-1.41487,0.0
2.56024,-1.38118,0.0
2.56024,-1.34749,0.0
2.56024,-1.31381,0.0
2.56024,-1.28012,0.0
2.56024,-1.24643,0.0
2.56024,-1.21274,0.0
2.56024,-1.17906,0.0
2.56024,-1.14537,0.0
2.56024,-1.11168,0.0
2.56024,-1.078,0.0
2.56024,-1.04431,0.0
2.56024,-1.01062,0.0
2.56024,-0.97693,0.0
2.56024,-0.94325,0.0
2.56024,-0.90956,0.0
2.56024,-0.87587,0.0
2.56024,-0.84218,0.0
2.56024,-0.8085,0.0
2.56024,-0.77481,0.0
2.56024,-0.74112,0.0
2.56024,-0.70743,0.0
2.56024,-0.67375,0.0
2.56024,-0.64006,0.0
2.56024,-0.60637,0.0
2.56024,-0.57268,0.0
2.56024,-0.539,0.0
2.56024,-0.50531,0.0
2.56024,-0.47162,0.0
2.56024,-0.43794,0.0
2.56024,-0.40425,0.0
2.56024,-0.37056,0.0
2.56024,-0.33687,0.0
2.56024,-0.30319,0.0
2.56024,-0.2695,0.0
2.56024,-0.23581,0.0
2.56024,-0.20212,0.0
2.56024,-0.16844,0.0
2.56024,-0.13475,0.0
2.56024,-0.10106,0.0
2.56024,-0.06737,0.0
2.56024,-0.03369,0.0
2.56024,0,0.0
2.56024,0.03369,0.0
2.56024,0.06737,0.0
2.56024,0.10106,0.0
2.56024,0.13475,0.0
2.56024,0.16844,0.0
2.56024,0.20212,0.0
2.56024,0.23581,0.0
2.56024,0.2695,0.0
2.56024,0.30319,0.0
2.56024,0.33687,0.0
2.56024,0.37056,0.0
2.56024,0.40425,0.0
2.56024,0.43794,0.0
2.56024,0.47162,0.0
2.56024,0.50531,0.0
2.56024,0.539,0.0
2.56024,0.57268,0.0
2.56024,0.60637,0.0
2.56024,0.64006,0.0
2.56024,0.67375,0.0
2.56024,0.70743,0.0
2.56024,0.74112,0.0
2.56024,0.77481,0.0
2.56024,0.8085,0.0
2.56024,0.84218,0.0
2.56024,0.87587,0.0
2.56024,0.90956,0.0
2.56024,0.94325,0.0
2.56024,0.97693,0.0
2.56024,1.01062,0.0
2.56024,1.04431,0.0
2.56024,1.078,0.0
2.56024,1.11168,0.0
2.56024,1.14537,0.0
2.56024,1.17906,0.0
2.56024,1.21274,0.0
2.56024,1.24643,0.0
2.56024,1.28012,0.0
2.56024,1.31381,0.0
2.56024,1.34749,0.0
2.56024,1.38118,0.0
2.56024,1.41487,0.0
2.56024,1.44856,0.0
2.56024,1.48224,0.0
2.56024,1.51593,0.0
2.56024,1.54962,0.0
2.56024,1.58331,0.0
2.56024,1.61699,0.0
2.56024,1.65068,0.0
2.56024,1.68437,0.0
2.56024,1.71805,0.0
2.56024,1.75174,0.0
2.56024,1.78543,0.0
2.56024,1.81912,0.0
2.56024,1.8528,0.0
2.56024,1.88649,0.0
2.56024,1.92018,0.0
2.56024,1.95387,0.0
2.56024,1.98755,0.0
2.56024,2.02124,0.0
2.56024,2.05493,0.0
2.59393,-2.02124,0.0
2.59393,-1.98755,0.0
2.59393,-1.95387,0.0
2.59393,-1.92018,0.0
2.59393,-1.88649,0.0
2.59393,-1.8528,0.0
2.59393,-1.81912,0.0
2.59393,-1.78543,0.0
2.59393,-1.75174,0.0
2.59393,-1.71805,0.0
2.59393,-1.68437,0.0
2.59393,-1.65068,0.0
2.59393,-1.61699,0.0
2.59393,-1.58331,0.0
2.59393,-1.54962,0.0
2.59393,-1.51593,0.0
2.59393,-1.48224,0.0
2.59393,-1.44856,0.0
2.59393,-1.41487,0.0
2.59393,-1.38118,0.0
2.59393,-1.34749,0.0
2.59393,-1.31381,0.0
2.59393,-1.28012,0.0
2.59393,-1.24643,0.0
2.59393,-1.21274,0.0
2.59393,-1.17906,0.0
2.59393,-1.14537,0.0
2.59393,-1.11168,0.0
2.59393,-1.078,0.0
2.59393,-1.04431,0.0
2.59393,-1.01062,0.0
2.59393,-0.97693,0.0
2.59393,-0.94325,0.0
2.59393,-0.90956,0.0
2.59393,-0.87587,0.0
2.59393,-0.84218,0.0
2.59393,-0.8085,0.0
2.59393,-0.77481,0.0
2.59393,-0.74112,0.0
2.59393,-0.70743,0.0
2.59393,-0.67375,0.0
2.59393,-0.64006,0.0
2.59393,-0.60637,0.0
2.59393,-0.57268,0.0
2.59393,-0.539,0.0
2.59393,-0.50531,0.0
2.59393,-0.47162,0.0
2.59393,-0.43794,0.0
2.59393,-0.40425,0.0
2.59393,-0.37056,0.0
2.59393,-0.33687,0.0
2.59393,-0.30319,0.0
2.59393,-0.2695,0.0
2.59393,-0.23581,0.0
2.59393,-0.20212,0.0
2.59393,-0.16844,0.0
2.59393,-0.13475,0.0
2.59393,-0.10106,0.0
2.59393,-0.06737,0.0
2.59393,-0.03369,0.0
2.59393,0,0.0
2.59393,0.03369,0.0
2.59393,0.06737,0.0
2.59393,0.10106,0.0
2.59393,0.13475,0.0
2.59393,0.16844,0.0
2.59393,0.20212,0.0
2.59393,0.23581,0.0
2.59393,0.2695,0.0
2.59393,0.30319,0.0
2.59393,0.33687,0.0
2.59393,0.37056,0.0
2.59393,0.40425,0.0
2.59393,0.43794,0.0
2.59393,0.47162,0.0
2.59393,0.50531,0.0
2.59393,0.539,0.0
2.59393,0.57268,0.0
2.59393,0.60637,0.0
2.59393,0.64006,0.0
2.59393,0.67375,0.0
2.59393,0.70743,0.0
2.59393,0.74112,0.0
2.59393,0.77481,0.0
2.59393,0.8085,0.0
2.59393,0.84218,0.0
2.59393,0.87587,0.0
2.59393,0.90956,0.0
2.59393,0.94325,0.0
2.59393,0.97693,0.0
2.59393,1.01062,0.0
2.59393,1.04431,0.0
2.59393,1.078,0.0
2.59393,1.11168,0.0
2.59393,1.14537,0.0
2.59393,1.17906,0.0
2.59393,1.21274,0.0
2.59393,1.24643,0.0
2.59393,1.28012,0.0
2.59393,1.31381,0.0
2.59393,1.34749,0.0
2.59393,1.38118,0.0
2.59393,1.41487,0.0
2.59393,1.44856,0.0
2.59393,1.48224,0.0
2.59393,1.51593,0.0
2.59393,1.54962,0.0
2.59393,1.58331,0.0
2.59393,1.61699,0.0
2.59393,1.65068,0.0
2.59393,1.68437,0.0
2.59393,1.71805,0.0
2.59393,1.75174,0.0
2.59393,1.78543,0.0
2.59393,1.81912,0.0
2.59393,1.8528,0.0
2.59393,1.88649,0.0
2.59393,1.92018,0.0
2.59393,1.95387,0.0
2.59393,1.98755,0.0
2.59393,2.02124,0.0
2.62761,-1.98755,0.0
2.62761,-1.95387,0.0
2.62761,-1.92018,0.0
2.62761,-1.88649,0.0
2.62761,-1.8528,0.0
2.62761,-1.81912,0.0
2.62761,-1.78543,0.0
2.62761,-1.75174,0.0
2.62761,-1.71805,0.0
2.62761,-1.68437,0.0
2.62761,-1.65068,0.0
2.62761,-1.61699,0.0
2.62761,-1.58331,0.0
2.62761,-1.54962,0.0
2.62761,-1.51593,0.0
2.62761,-1.48224,0.0
2.62761,-1.44856,0.0
2.62761,-1.41487,0.0
2.62761,-1.38118,0.0
2.62761,-1.34749,0.0
2.62761,-1.31381,0.0
2.62761,-1.28012,0.0
2.62761,-1.24643,0.0
2.62761,-1.21274,0.0
2.62761,-1.17906,0.0
2.62761,-1.14537,0.0
2.62761,-1.11168,0.0
2.62761,-1.078,0.0
2.62761,-1.04431,0.0
2.62761,-1.01062,0.0
2.62761,-0.97693,0.0
2.62761,-0.94325,0.0
2.62761,-0.90956,0.0
2.62761,-0.87587,0.0
2.62761,-0.84218,0.0
2.62761,-0.8085,0.0
2.62761,-0.77481,0.0
2.62761,-0.74112,0.0
2.62761,-0.70743,0.0
2.62761,-0.67375,0.0
2.62761,-0.64006,0.0
2.62761,-0.60637,0.0
2.62761,-0.57268,0.0
2.62761,-0.539,0.0
2.62761,-0.50531,0.0
2.62761,-0.47162,0.0
2.62761,-0.43794,0.0
2.62761,-0.40425,0.0
2.62761,-0.37056,0.0
2.62761,-0.33687,0.0
2.62761,-0.30319,0.0
2.62761,-0.2695,0.0
2.62761,-0.23581,0.0
2.62761,-0.20212,0.0
2.62761,-0.16844,0.0
2.62761,-0.13475,0.0
2.62761,-0.10106,0.0
2.62761,-0.06737,0.0
2.62761,-0.03369,0.0
2.62761,0,0.0
2.62761,0.03369,0.0
2.62761,0.06737,0.0
2.62761,0.10106,0.0
2.62761,0.13475,0.0
2.62761,0.16844,0.0
2.62761,0.20212,0.0
2.62761,0.23581,0.0
2.62761,0.2695,0.0
2.62761,0.30319,0.0
2.62761,0.33687,0.0
2.62761,0.37056,0.0
2.62761,0.40425,0.0
2.62761,0.43794,0.0
2.62761,0.47162,0.0
2.62761,0.50531,0.0
2.62761,0.539,0.0
2.62761,0.57268,0.0
2.62761,0.60637,0.0
2.62761,0.64006,0.0
2.62761,0.67375,0.0
2.62761,0.70743,0.0
2.62761,0.74112,0.0
2.62761,0.77481,0.0
2.62761,0.8085,0.0
2.62761,0.84218,0.0
2.62761,0.87587,0.0
2.62761,0.90956,0.0
2.62761,0.94325,0.0
2.62761,0.97693,0.0
2.62761,1.01062,0.0
2.62761,1.04431,0.0
2.62761,1.078,0.0
2.62761,1.11168,0.0
2.62761,1.14537,0.0
2.62761,1.17906,0.0
2.62761,1.21274,0.0
2.62761,1.24643,0.0
2.62761,1.28012,0.0
2.62761,1.31381,0.0
2.62761,1.34749,0.0
2.62761,1.38118,0.0
2.62761,1.41487,0.0
2.62761,1.44856,0.0
2.62761,1.48224,0.0
2.62761,1.51593,0.0
2.62761,1.54962,0.0
2.62761,1.58331,0.0
2.62761,1.61699,0.0
2.62761,1.65068,0.0
2.62761,1.68437,0.0
2.62761,1.71805,0.0
2.62761,1.75174,0.0
2.62761,1.78543,0.0
2.62761,1.81912,0.0
2.62761,1.8528,0.0
2.62761,1.88649,0.0
2.62761,1.92018,0.0
2.62761,1.95387,0.0
2.62761,1.98755,0.0
2.6613,-1.92018,0.0
2.6613,-1.88649,0.0
2.6613,-1.8528,0.0
2.6613,-1.81912,0.0
2.6613,-1.78543,0.0
2.6613,-1.75174,0.0
2.6613,-1.71805,0.0
2.6613,-1.68437,0.0
2.6613,-1.65068,0.0
2.6613,-1.61699,0.0
2.6613,-1.58331,0.0
2.6613,-1.54962,0.0
2.6613,-1.51593,0.0
2.6613,-1.48224,0.0
2.6613,-1.44856,0.0
2.6613,-1.41487,0.0
2.6613,-1.38118,0.0
2.6613,-1.34749,0.0
2.6613,-1.31381,0.0
2.6613,-1.28012,0.0
2.6613,-1.24643,0.0
2.6613,-1.21274,0.0
2.6613,-1.17906,0.0
2.6613,-1.14537,0.0
2.6613,-1.11168,0.0
2.6613,-1.078,0.0
2.6613,-1.04431,0.0
2.6613,-1.01062,0.0
2.6613,-0.97693,0.0
2.6613,-0.94325,0.0
2.6613,-0.90956,0.0
2.6613,-0.87587,0.0
2.6613,-0.84218,0.0
2.6613,-0.8085,0.0
2.6613,-0.77481,0.0
2.6613,-0.74112,0.0
2.6613,-0.70743,0.0
2.6613,-0.67375,0.0
2.6613,-0.64006,0.0
2.6613,-0.60637,0.0
2.6613,-0.57268,0.0
2.6613,-0.539,0.0
2.6613,-0.50531,0.0
2.6613,-0.47162,0.0
2.6613,-0.43794,0.0
2.6613,-0.40425,0.0
2.6613,-0.37056,0.0
2.6613,-0.33687,0.0
2.6613,-0.30319,0.0
2.6613,-0.2695,0.0
2.6613,-0.23581,0.0
2.6613,-0.20212,0.0
2.6613,-0.16844,0.0
2.6613,-0.13475,0.0
2.6613,-0.10106,0.0
2.6613,-0.06737,0.0
2.6613,-0.03369,0.0
2.6613,0,0.0
2.6613,0.03369,0.0
2.6613,0.06737,0.0
2.6613,0.10106,0.0
2.6613,0.13475,0.0
2.6613,0.16844,0.0
2.6613,0.20212,0.0
2.6613,0.23581,0.0
2.6613,0.2695,0.0
2.6613,0.30319,0.0
2.6613,0.33687,0.0
2.6613,0.37056,0.0
2.6613,0.40425,0.0
2.6613,0.43794,0.0
2.6613,0.47162,0.0
2.6613,0.50531,0.0
2.6613,0.539,0.0
2.6613,0.57268,0.0
2.6613,0.60637,0.0
2.6613,0.64006,0.0
2.6613,0.67375,0.0
2.6613,0.70743,0.0
2.6613,0.74112,0.0
2.6613,0.77481,0.0
2.6613,0.8085,0.0
2.6613,0.84218,0.0
2.6613,0.87587,0.0
2.6613,0.90956,0.0
2.6613,0.94325,0.0
2.6613,0.97693,0.0
2.6613,1.01062,0.0
2.6613,1.04431,0.0
2.6613,1.078,0.0
2.6613,1.11168,0.0
2.6613,1.14537,0.0
2.6613,1.17906,0.0
2.6613,1.21274,0.0
2.6613,1.24643,0.0
2.6613,1.28012,0.0
2.6613,1.31381,0.0
2.6613,1.34749,0.0
2.6613,1.38118,0.0
2.6613,1.41487,0.0
2.6613,1.44856,0.0
2.6613,1.48224,0.0
2.6613,1.51593,0.0
2.6613,1.54962,0.0
2.6613,1.58331,0.0
2.6613,1.61699,0.0
2.6613,1.65068,0.0
2.6613,1.68437,0.0
2.6613,1.71805,0.0
2.6613,1.75174,0.0
2.6613,1.78543,0.0
2.6613,1.81912,0.0
2.6613,1.8528,0.0
2.6613,1.88649,0.0
2.6613,1.92018,0.0
2.69499,-1.88649,0.0
2.69499,-1.8528,0.0
2.69499,-1.81912,0.0
2.69499,-1.78543,0.0
2.69499,-1.75174,0.0
2.69499,-1.71805,0.0
2.69499,-1.68437,0.0
2.69499,-1.65068,0.0
2.69499,-1.61699,0.0
2.69499,-1.58331,0.0
2.69499,-1.54962,0.0
2.69499,-1.51593,0.0
2.69499,-1.48224,0.0
2.69499,-1.44856,0.0
2.69499,-1.41487,0.0
2.69499,-1.38118,0.0
2.69499,-1.34749,0.0
2.69499,-1.31381,0.0
2.69499,-1.28012,0.0
2.69499,-1.24643,0.0
2.69499,-1.21274,0.0
2.69499,-1.17906,0.0
2.69499,-1.14537,0.0
2.69499,-1.11168,0.0
2.69499,-1.078,0.0
2.69499,-1.04431,0.0
2.69499,-1.01062,0.0
2.69499,-0.97693,0.0
2.69499,-0.94325,0.0
2.69499,-0.90956,0.0
2.69499,-0.87587,0.0
2.69499,-0.84218,0.0
2.69499,-0.8085,0.0
2.69499,-0.77481,0.0
2.69499,-0.74112,0.0
2.69499,-0.70743,0.0
2.69499,-0.67375,0.0
2.69499,-0.64006,0.0
2.69499,-0.60637,0.0
2.69499,-0.57268,0.0
2.69499,-0.539,0.0
2.69499,-0.50531,0.0
2.69499,-0.47162,0.0
2.69499,-0.43794,0.0
2.69499,-0.40425,0.0
2.69499,-0.37056,0.0
2.69499,-0.33687,0.0
2.69499,-0.30319,0.0
2.69499,-0.2695,0.0
2.69499,-0.23581,0.0
2.69499,-0.20212,0.0
2.69499,-0.16844,0.0
2.69499,-0.13475,0.0
2.69499,-0.10106,0.0
2.69499,-0.06737,0.0
2.69499,-0.03369,0.0
2.69499,0,0.0
2.69499,0.03369,0.0
2.69499,0.06737,0.0
2.69499,0.10106,0.0
2.69499,0.13475,0.0
2.69499,0.16844,0.0
2.69499,0.20212,0.0
2.69499,0.23581,0.0
2.69499,0.2695,0.0
2.69499,0.30319,0.0
2.69499,0.33687,0.0
2.69499,0.37056,0.0
2.69499,0.40425,0.0
2.69499,0.43794,0.0
2.69499,0.47162,0.0
2.69499,0.50531,0.0
2.69499,0.539,0.0
2.69499,0.57268,0.0
2.69499,0.60637,0.0
2.69499,0.64006,0.0
2.69499,0.67375,0.0
2.69499,0.70743,0.0
2.69499,0.74112,0.0
2.69499,0.77481,0.0
2.69499,0.8085,0.0
2.69499,0.84218,0.0
2.69499,0.87587,0.0
2.69499,0.90956,0.0
2.69499,0.94325,0.0
2.69499,0.97693,0.0
2.69499,1.01062,0.0
2.69499,1.04431,0.0
2.69499,1.078,0.0
2.69499,1.11168,0.0
2.69499,1.14537,0.0
2.69499,1.17906,0.0
2.69499,1.21274,0.0
2.69499,1.24643,0.0
2.69499,1.28012,0.0
2.69499,1.31381,0.0
2.69499,1.34749,0.0
2.69499,1.38118,0.0
2.69499,1.41487,0.0
2.69499,1.44856,0.0
2.69499,1.48224,0.0
2.69499,1.51593,0.0
2.69499,1.54962,0.0
2.69499,1.58331,0.0
2.69499,1.61699,0.0
2.69499,1.65068,0.0
2.69499,1.68437,0.0
2.69499,1.71805,0.0
2.69499,1.75174,0.0
2.69499,1.78543,0.0
2.69499,1.81912,0.0
2.69499,1.8528,0.0
2.69499,1.88649,0.0
2.72868,-1.8528,0.0
2.72868,-1.81912,0.0
2.72868,-1.78543,0.0
2.72868,-1.75174,0.0
2.72868,-1.71805,0.0
2.72868,-1.68437,0.0
2.72868,-1.65068,0.0
2.72868,-1.61699,0.0
2.72868,-1.58331,0.0
2.72868,-1.54962,0.0
2.72868,-1.51593,0.0
2.72868,-1.48224,0.0
2.72868,-1.44856,0.0
2.72868,-1.41487,0.0
2.72868,-1.38118,0.0
2.72868,-1.34749,0.0
2.72868,-1.31381,0.0
2.72868,-1.28012,0.0
2.72868,-1.24643,0.0
2.72868,-1.21274,0.0
2.72868,-1.17906,0.0
2.72868,-1.14537,0.0
2.72868,-1.11168,0.0
2.72868,-1.078,0.0
2.72868,-1.04431,0.0
2.72868,-1.01062,0.0
2.72868,-0.97693,0.0
2.72868,-0.94325,0.0
2.72868,-0.90956,0.0
2.72868,-0.87587,0.0
2.72868,-0.84218,0.0
2.72868,-0.8085,0.0
2.72868,-0.77481,0.0
2.72868,-0.74112,0.0
2.72868,-0.70743,0.0
2.72868,-0.67375,0.0
2.72868,-0.64006,0.0
2.72868,-0.60637,0.0
2.72868,-0.57268,0.0
2.72868,-0.539,0.0
2.72868,-0.50531,0.0
2.72868,-0.47162,0.0
2.72868,-0.43794,0.0
2.72868,-0.40425,0.0
2.72868,-0.37056,0.0
2.72868,-0.33687,0.0
2.72868,-0.30319,0.0
2.72868,-0.2695,0.0
2.72868,-0.23581,0.0
2.72868,-0.20212,0.0
2.72868,-0.16844,0.0
2.72868,-0.13475,0.0
2.72868,-0.10106,0.0
2.72868,-0.06737,0.0
2.72868,-0.03369,0.0
2.72868,0,0.0
2.72868,0.03369,0.0
2.72868,0.06737,0.0
2.72868,0.10106,0.0
2.72868,0.13475,0.0
2.72868,0.16844,0.0
2.72868,0.20212,0.0
2.72868,0.23581,0.0
2.72868,0.2695,0.0
2.72868,0.30319,0.0
2.72868,0.33687,0.0
2.72868,0.37056,0.0
2.72868,0.40425,0.0
2.72868,0.43794,0.0
2.72868,0.47162,0.0
2.72868,0.50531,0.0
2.72868,0.539,0.0
2.72868,0.57268,0.0
2.72868,0.60637,0.0
2.72868,0.64006,0.0
2.72868,0.67375,0.0
2.72868,0.70743,0.0
2.72868,0.74112,0.0
2.72868,0.77481,0.0
2.72868,0.8085,0.0
2.72868,0.84218,0.0
2.72868,0.87587,0.0
2.72868,0.90956,0.0
2.72868,0.94325,0.0
2.72868,0.97693,0.0
2.72868,1.01062,0.0
2.72868,1.04431,0.0
2.72868,1.078,0.0
2.72868,1.11168,0.0
2.72868,1.14537,0.0
2.72868,1.17906,0.0
2.72868,1.21274,0.0
2.72868,1.24643,0.0
2.72868,1.28012,0.0
2.72868,1.31381,0.0
2.72868,1.34749,0.0
2.72868,1.38118,0.0
2.72868,1.41487,0.0
2.72868,1.44856,0.0
2.72868,1.48224,0.0
2.72868,1.51593,0.0
2.72868,1.54962,0.0
2.72868,1.58331,0.0
2.72868,1.61699,0.0
2.72868,1.65068,0.0
2.72868,1.68437,0.0
2.72868,1.71805,0.0
2.72868,1.75174,0.0
2.72868,1.78543,0.0
2.72868,1.81912,0.0
2.72868,1.8528,0.0
2.76236,-1.78543,0.0
2.76236,-1.75174,0.0
2.76236,-1.71805,0.0
2.76236,-1.68437,0.0
2.76236,-1.65068,0.0
2.76236,-1.61699,0.0
2.76236,-1.58331,0.0
2.76236,-1.54962,0.0
2.76236,-1.51593,0.0
2.76236,-1.48224,0.0
2.76236,-1.44856,0.0
2.76236,-1.41487,0.0
2.76236,-1.38118,0.0
2.76236,-1.34749,0.0
2.76236,-1.31381,0.0
2.76236,-1.28012,0.0
2.76236,-1.24643,0.0
2.76236,-1.21274,0.0
2.76236,-1.17906,0.0
2.76236,-1.14537,0.0
2.76236,-1.11168,0.0
2.76236,-1.078,0.0
2.76236,-1.04431,0.0
2.76236,-1.01062,0.0
2.76236,-0.97693,0.0
2.76236,-0.94325,0.0
2.76236,-0.90956,0.0
2.76236,-0.87587,0.0
2.76236,-0.84218,0.0
2.76236,-0.8085,0.0
2.76236,-0.77481,0.0
2.76236,-0.74112,0.0
2.76236,-0.70743,0.0
2.76236,-0.67375,0.0
2.76236,-0.64006,0.0
2.76236,-0.60637,0.0
2.76236,-0.57268,0.0
2.76236,-0.539,0.0
2.76236,-0.50531,0.0
2.76236,-0.47162,0.0
2.76236,-0.43794,0.0
2.76236,-0.40425,0.0
2.76236,-0.37056,0.0
2.76236,-0.33687,0.0
2.76236,-0.30319,0.0
2.76236,-0.2695,0.0
2.76236,-0.23581,0.0
2.76236,-0.20212,0.0
2.76236,-0.16844,0.0
2.76236,-0.13475,0.0
2.76236,-0.10106,0.0
2.76236,-0.06737,0.0
2.76236,-0.03369,0.0
2.76236,0,0.0
2.76236,0.03369,0.0
2.76236,0.06737,0.0
2.76236,0.10106,0.0
2.76236,0.13475,0.0
2.76236,0.16844,0.0
2.76236,0.20212,0.0
2.76236,0.23581,0.0
2.76236,0.2695,0.0
2.76236,0.30319,0.0
2.76236,0.33687,0.0
2.76236,0.37056,0.0
2.76236,0.40425,0.0
2.76236,0.43794,0.0
2.76236,0.47162,0.0
2.76236,0.50531,0.0
2.76236,0.539,0.0
2.76236,0.57268,0.0
2.76236,0.60637,0.0
2.76236,0.64006,0.0
2.76236,0.67375,0.0
2.76236,0.70743,0.0
2.76236,0.74112,0.0
2.76236,0.77481,0.0
2.76236,0.8085,0.0
2.76236,0.84218,0.0
2.76236,0.87587,0.0
2.76236,0.90956,0.0
2.76236,0.94325,0.0
2.76236,0.97693,0.0
2.76236,1.01062,0.0
2.76236,1.04431,0.0
2.76236,1.078,0.0
2.76236,1.11168,0.0
2.76236,1.14537,0.0
2.76236,1.17906,0.0
2.76236,1.21274,0.0
2.76236,1.24643,0.0
2.76236,1.28012,0.0
2.76236,1.31381,0.0
2.76236,1.34749,0.0
2.76236,1.38118,0.0
2.76236,1.41487,0.0
2.76236,1.44856,0.0
2.76236,1.48224,0.0
2.76236,1.51593,0.0
2.76236,1.54962,0.0
2.76236,1.58331,0.0
2.76236,1.61699,0.0
2.76236,1.65068,0.0
2.76236,1.68437,0.0
2.76236,1.71805,0.0
2.76236,1.75174,0.0
2.76236,1.78543,0.0
2.79605,-1.75174,0.0
2.79605,-1.71805,0.0
2.79605,-1.68437,0.0
2.79605,-1.65068,0.0
2.79605,-1.61699,0.0
2.79605,-1.58331,0.0
2.79605,-1.54962,0.0
2.79605,-1.51593,0.0
2.79605,-1.48224,0.0
2.79605,-1.44856,0.0
2.79605,-1.41487,0.0
2.79605,-1.38118,0.0
2.79605,-1.34749,0.0
2.79605,-1.31381,0.0
2.79605,-1.28012,0.0
2.79605,-1.24643,0.0
2.79605,-1.21274,0.0
2.79605,-1.17906,0.0
2.79605,-1.14537,0.0
2.79605,-1.11168,0.0
2.79605,-1.078,0.0
2.79605,-1.04431,0.0
2.79605,-1.01062,0.0
2.79605,-0.97693,0.0
2.79605,-0.94325,0.0
2.79605,-0.90956,0.0
2.79605,-0.87587,0.0
2.79605,-0.84218,0.0
2.79605,-0.8085,0.0
2.79605,-0.77481,0.0
2.79605,-0.74112,0.0
2.79605,-0.70743,0.0
2.79605,-0.67375,0.0
2.79605,-0.64006,0.0
2.79605,-0.60637,0.0
2.79605,-0.57268,0.0
2.79605,-0.539,0.0
2.79605,-0.50531,0.0
2.79605,-0.47162,0.0
2.79605,-0.43794,0.0
2.79605,-0.40425,0.0
2.79605,-0.37056,0.0
2.79605,-0.33687,0.0
2.79605,-0.30319,0.0
2.79605,-0.2695,0.0
2.79605,-0.23581,0.0
2.79605,-0.20212,0.0
2.79605,-0.16844,0.0
2.79605,-0.13475,0.0
2.79605,-0.10106,0.0
2.79605,-0.06737,0.0
2.79605,-0.03369,0.0
2.79605,0,0.0
2.79605,0.03369,0.0
2.79605,0.06737,0.0
2.79605,0.10106,0.0
2.79605,0.13475,0.0
2.79605,0.16844,0.0
2.79605,0.20212,0.0
2.79605,0.23581,0.0
2.79605,0.2695,0.0
2.79605,0.30319,0.0
2.79605,0.33687,0.0
2.79605,0.37056,0.0
2.79605,0.40425,0.0
2.79605,0.43794,0.0
2.79605,0.47162,0.0
2.79605,0.50531,0.0
2.79605,0.539,0.0
2.79605,0.57268,0.0
2.79605,0.60637,0.0
2.79605,0.64006,0.0
2.79605,0.67375,0.0
2.79605,0.70743,0.0
2.79605,0.74112,0.0
2.79605,0.77481,0.0
2.79605,0.8085,0.0
2.79605,0.84218,0.0
2.79605,0.87587,0.0
2.79605,0.90956,0.0
2.79605,0.94325,0.0
2.79605,0.97693,0.0
2.79605,1.01062,0.0
2.79605,1.04431,0.0
2.79605,1.078,0.0
2.79605,1.11168,0.0
2.79605,1.14537,0.0
2.79605,1.17906,0.0
2.79605,1.21274,0.0
2.79605,1.24643,0.0
2.79605,1.28012,0.0
2.79605,1.31381,0.0
2.79605,1.34749,0.0
2.79605,1.38118,0.0
2.79605,1.41487,0.0
2.79605,1.44856,0.0
2.79605,1.48224,0.0
2.79605,1.51593,0.0
2.79605,1.54962,0.0
2.79605,1.58331,0.0
2.79605,1.61699,0.0
2.79605,1.65068,0.0
2.79605,1.68437,0.0
2.79605,1.71805,0.0
2.79605,1.75174,0.0
2.82974,-1.68437,0.0
2.82974,-1.65068,0.0
2.82974,-1.61699,0.0
2.82974,-1.58331,0.0
2.82974,-1.54962,0.0
2.82974,-1.51593,0.0
2.82974,-1.48224,0.0
2.82974,-1.44856,0.0
2.82974,-1.41487,0.0
2.82974,-1.38118,0.0
2.82974,-1.34749,0.0
2.82974,-1.31381,0.0
2.82974,-1.28012,0.0
2.82974,-1.24643,0.0
2.82974,-1.21274,0.0
2.82974,-1.17906,0.0
2.82974,-1.14537,0.0
2.82974,-1.11168,0.0
2.82974,-1.078,0.0
2.82974,-1.04431,0.0
2.82974,-1.01062,0.0
2.82974,-0.97693,0.0
2.82974,-0.94325,0.0
2.82974,-0.90956,0.0
2.82974,-0.87587,0.0
2.82974,-0.84218,0.0
2.82974,-0.8085,0.0
2.82974,-0.77481,0.0
2.82974,-0.74112,0.0
2.82974,-0.70743,0.0
2.82974,-0.67375,0.0
2.82974,-0.64006,0.0
2.82974,-0.60637,0.0
2.82974,-0.57268,0.0
2.82974,-0.539,0.0
2.82974,-0.50531,0.0
2.82974,-0.47162,0.0
2.82974,-0.43794,0.0
2.82974,-0.40425,0.0
2.82974,-0.37056,0.0
2.82974,-0.33687,0.0
2.82974,-0.30319,0.0
2.82974,-0.2695,0.0
2.82974,-0.23581,0.0
2.82974,-0.20212,0.0
2.82974,-0.16844,0.0
2.82974,-0.13475,0.0
2.82974,-0.10106,0.0
2.82974,-0.06737,0.0
2.82974,-0.03369,0.0
2.82974,0,0.0
2.82974,0.03369,0.0
2.82974,0.06737,0.0
2.82974,0.10106,0.0
2.82974,0.13475,0.0
2.82974,0.16844,0.0
2.82974,0.20212,0.0
2.82974,0.23581,0.0
2.82974,0.2695,0.0
2.82974,0.30319,0.0
2.82974,0.33687,0.0
2.82974,0.37056,0.0
2.82974,0.40425,0.0
2.82974,0.43794,0.0
2.82974,0.47162,0.0
2.82974,0.50531,0.0
2.82974,0.539,0.0
2.82974,0.57268,0.0
2.82974,0.60637,0.0
2.82974,0.64006,0.0
2.82974,0.67375,0.0
2.82974,0.70743,0.0
2.82974,0.74112,0.0
2.82974,0.77481,0.0
2.82974,0.8085,0.0
2.82974,0.84218,0.0
2.82974,0.87587,0.0
2.82974,0.90956,0.0
2.82974,0.94325,0.0
2.82974,0.97693,0.0
2.82974,1.01062,0.0
2.82974,1.04431,0.0
2.82974,1.078,0.0
2.82974,1.11168,0.0
2.82974,1.14537,0.0
2.82974,1.17906,0.0
2.82974,1.21274,0.0
2.82974,1.24643,0.0
2.82974,1.28012,0.0
2.82974,1.31381,0.0
2.82974,1.34749,0.0
2.82974,1.38118,0.0
2.82974,1.41487,0.0
2.82974,1.44856,0.0
2.82974,1.48224,0.0
2.82974,1.51593,0.0
2.82974,1.54962,0.0
2.82974,1.58331,0.0
2.82974,1.61699,0.0
2.82974,1.65068,0.0
2.82974,1.68437,0.0
2.86342,-1.61699,0.0
2.86342,-1.58331,0.0
2.86342,-1.54962,0.0
2.86342,-1.51593,0.0
2.86342,-1.48224,0.0
2.86342,-1.44856,0.0
2.86342,-1.41487,0.0
2.86342,-1.38118,0.0
2.86342,-1.34749,0.0
2.86342,-1.31381,0.0
2.86342,-1.28012,0.0
2.86342,-1.24643,0.0
2.86342,-1.21274,0.0
2.86342,-1.17906,0.0
2.86342,-1.14537,0.0
2.86342,-1.11168,0.0
2.86342,-1.078,0.0
2.86342,-1.04431,0.0
2.86342,-1.01062,0.0
2.86342,-0.97693,0.0
2.86342,-0.94325,0.0
2.86342,-0.90956,0.0
2.86342,-0.87587,0.0
2.86342,-0.84218,0.0
2.86342,-0.8085,0.0
2.86342,-0.77481,0.0
2.86342,-0.74112,0.0
2.86342,-0.70743,0.0
2.86342,-0.67375,0.0
2.86342,-0.64006,0.0
2.86342,-0.60637,0.0
2.86342,-0.57268,0.0
2.86342,-0.539,0.0
2.86342,-0.50531,0.0
2.86342,-0.47162,0.0
2.86342,-0.43794,0.0
2.86342,-0.40425,0.0
2.86342,-0.37056,0.0
2.86342,-0.33687,0.0
2.86342,-0.30319,0.0
2.86342,-0.2695,0.0
2.86342,-0.23581,0.0
2.86342,-0.20212,0.0
2.86342,-0.16844,0.0
2.86342,-0.13475,0.0
2.86342,-0.10106,0.0
2.86342,-0.06737,0.0
2.86342,-0.03369,0.0
2.86342,0,0.0
2.86342,0.03369,0.0
2.86342,0.06737,0.0
2.86342,0.10106,0.0
2.86342,0.13475,0.0
2.86342,0.16844,0.0
2.86342,0.20212,0.0
2.86342,0.23581,0.0
2.86342,0.2695,0.0
2.86342,0.30319,0.0
2.86342,0.33687,0.0
2.86342,0.37056,0.0
2.86342,0.40425,0.0
2.86342,0.43794,0.0
2.86342,0.47162,0.0
2.86342,0.50531,0.0
2.86342,0.539,0.0
2.86342,0.57268,0.0
2.86342,0.60637,0.0
2.86342,0.64006,0.0
2.86342,0.67375,0.0
2.86342,0.70743,0.0
2.86342,0.74112,0.0
2.86342,0.77481,0.0
2.86342,0.8085,0.0
2.86342,0.84218,0.0
2.86342,0.87587,0.0
2.86342,0.90956,0.0
2.86342,0.94325,0.0
2.86342,0.97693,0.0
2.86342,1.01062,0.0
2.86342,1.04431,0.0
2.86342,1.078,0.0
2.86342,1.11168,0.0
2.86342,1.14537,0.0
2.86342,1.17906,0.0
2.86342,1.21274,0.0
2.86342,1.24643,0.0
2.86342,1.28012,0.0
2.86342,1.31381,0.0
2.86342,1.34749,0.0
2.86342,1.38118,0.0
2.86342,1.41487,0.0
2.86342,1.44856,0.0
2.86342,1.48224,0.0
2.86342,1.51593,0.0
2.86342,1.54962,0.0
2.86342,1.58331,0.0
2.86342,1.61699,0.0
2.89711,-1.54962,0.0
2.89711,-1.51593,0.0
2.89711,-1.48224,0.0
2.89711,-1.44856,0.0
2.89711,-1.41487,0.0
2.89711,-1.38118,0.0
2.89711,-1.34749,0.0
2.89711,-1.31381,0.0
2.89711,-1.28012,0.0
2.89711,-1.24643,0.0
2.89711,-1.21274,0.0
2.89711,-1.17906,0.0
2.89711,-1.14537,0.0
2.89711,-1.11168,0.0
2.89711,-1.078,0.0
2.89711,-1.04431,0.0
2.89711,-1.01062,0.0
2.89711,-0.97693,0.0
2.89711,-0.94325,0.0
2.89711,-0.90956,0.0
2.89711,-0.87587,0.0
2.89711,-0.84218,0.0
2.89711,-0.8085,0.0
2.89711,-0.77481,0.0
2.89711,-0.74112,0.0
2.89711,-0.70743,0.0
2.89711,-0.67375,0.0
2.89711,-0.64006,0.0
2.89711,-0.60637,0.0
2.89711,-0.57268,0.0
2.89711,-0.539,0.0
2.89711,-0.50531,0.0
2.89711,-0.47162,0.0
2.89711,-0.43794,0.0
2.89711,-0.40425,0.0
2.89711,-0.37056,0.0
2.89711,-0.33687,0.0
2.89711,-0.30319,0.0
2.89711,-0.2695,0.0
2.89711,-0.23581,0.0
2.89711,-0.20212,0.0
2.89711,-0.16844,0.0
2.89711,-0.13475,0.0
2.89711,-0.10106,0.0
2.89711,-0.06737,0.0
2.89711,-0.03369,0.0
2.89711,0,0.0
2.89711,0.03369,0.0
2.89711,0.06737,0.0
2.89711,0.10106,0.0
2.89711,0.13475,0.0
2.89711,0.16844,0.0
2.89711,0.20212,0.0
2.89711,0.23581,0.0
2.89711,0.2695,0.0
2.89711,0.30319,0.0
2.89711,0.33687,0.0
2.89711,0.37056,0.0
2.89711,0.40425,0.0
2.89711,0.43794,0.0
2.89711,0.47162,0.0
2.89711,0.50531,0.0
2.89711,0.539,0.0
2.89711,0.57268,0.0
2.89711,0.60637,0.0
2.89711,0.64006,0.0
2.89711,0.67375,0.0
2.89711,0.70743,0.0
2.89711,0.74112,0.0
2.89711,0.77481,0.0
2.89711,0.8085,0.0
2.89711,0.84218,0.0
2.89711,0.87587,0.0
2.89711,0.90956,0.0
2.89711,0.94325,0.0
2.89711,0.97693,0.0
2.89711,1.01062,0.0
2.89711,1.04431,0.0
2.89711,1.078,0.0
2.89711,1.11168,0.0
2.89711,1.14537,0.0
2.89711,1.17906,0.0
2.89711,1.21274,0.0
2.89711,1.24643,0.0
2.89711,1.28012,0.0
2.89711,1.31381,0.0
2.89711,1.34749,0.0
2.89711,1.38118,0.0
2.89711,1.41487,0.0
2.89711,1.44856,0.0
2.89711,1.48224,0.0
2.89711,1.51593,0.0
2.89711,1.54962,0.0
2.9308,-1.51593,0.0
2.9308,-1.48224,0.0
2.9308,-1.44856,0.0
2.9308,-1.41487,0.0
2.9308,-1.38118,0.0
2.9308,-1.34749,0.0
2.9308,-1.31381,0.0
2.9308,-1.28012,0.0
2.9308,-1.24643,0.0
2.9308,-1.21274,0.0
2.9308,-1.17906,0.0
2.9308,-1.14537,0.0
2.9308,-1.11168,0.0
2.9308,-1.078,0.0
2.9308,-1.04431,0.0
2.9308,-1.01062,0.0
2.9308,-0.97693,0.0
2.9308,-0.94325,0.0
2.9308,-0.90956,0.0
2.9308,-0.87587,0.0
2.9308,-0.84218,0.0
2.9308,-0.8085,0.0
2.9308,-0.77481,0.0
2.9308,-0.74112,0.0
2.9308,-0.70743,0.0
2.9308,-0.67375,0.0
2.9308,-0.64006,0.0
2.9308,-0.60637,0.0
2.9308,-0.57268,0.0
2.9308,-0.539,0.0
2.9308,-0.50531,0.0
2.9308,-0.47162,0.0
2.9308,-0.43794,0.0
2.9308,-0.40425,0.0
2.9308,-0.37056,0.0
2.9308,-0.33687,0.0
2.9308,-0.30319,0.0
2.9308,-0.2695,0.0
2.9308,-0.23581,0.0
2.9308,-0.20212,0.0
2.9308,-0.16844,0.0
2.9308,-0.13475,0.0
2.9308,-0.10106,0.0
2.9308,-0.06737,0.0
2.9308,-0.03369,0.0
2.9308,0,0.0
2.9308,0.03369,0.0
2.9308,0.06737,0.0
2.9308,0.10106,0.0
2.9308,0.13475,0.0
2.9308,0.16844,0.0
2.9308,0.20212,0.0
2.9308,0.23581,0.0
2.9308,0.2695,0.0
2.9308,0.30319,0.0
2.9308,0.33687,0.0
2.9308,0.37056,0.0
2.9308,0.40425,0.0
2.9308,0.43794,0.0
2.9308,0.47162,0.0
2.9308,0.50531,0.0
2.9308,0.539,0.0
2.9308,0.57268,0.0
2.9308,0.60637,0.0
2.9308,0.64006,0.0
2.9308,0.67375,0.0
2.9308,0.70743,0.0
2.9308,0.74112,0.0
2.9308,0.77481,0.0
2.9308,0.8085,0.0
2.9308,0.84218,0.0
2.9308,0.87587,0.0
2.9308,0.90956,0.0
2.9308,0.94325,0.0
2.9308,0.97693,0.0
2.9308,1.01062,0.0
2.9308,1.04431,0.0
2.9308,1.078,0.0
2.9308,1.11168,0.0
2.9308,1.14537,0.0
2.9308,1.17906,0.0
2.9308,1.21274,0.0
2.9308,1.24643,0.0
2.9308,1.28012,0.0
2.9308,1.31381,0.0
2.9308,1.34749,0.0
2.9308,1.38118,0.0
2.9308,1.41487,0.0
2.9308,1.44856,0.0
2.9308,1.48224,0.0
2.9308,1.51593,0.0
2.96449,-1.44856,0.0
2.96449,-1.41487,0.0
2.96449,-1.38118,0.0
2.96449,-1.34749,0.0
2.96449,-1.31381,0.0
2.96449,-1.28012,0.0
2.96449,-1.24643,0.0
2.96449,-1.21274,0.0
2.96449,-1.17906,0.0
2.96449,-1.14537,0.0
2.96449,-1.11168,0.0
2.96449,-1.078,0.0
2.96449,-1.04431,0.0
2.96449,-1.01062,0.0
2.96449,-0.97693,0.0
2.96449,-0.94325,0.0
2.96449,-0.90956,0.0
2.96449,-0.87587,0.0
2.96449,-0.84218,0.0
2.96449,-0.8085,0.0
2.96449,-0.77481,0.0
2.96449,-0.74112,0.0
2.96449,-0.70743,0.0
2.96449,-0.67375,0.0
2.96449,-0.64006,0.0
2.96449,-0.60637,0.0
2.96449,-0.57268,0.0
2.96449,-0.539,0.0
2.96449,-0.50531,0.0
2.96449,-0.47162,0.0
2.96449,-0.43794,0.0
2.96449,-0.40425,0.0
2.96449,-0.37056,0.0
2.96449,-0.33687,0.0
2.96449,-0.30319,0.0
2.96449,-0.2695,0.0
2.96449,-0.23581,0.0
2.96449,-0.20212,0.0
2.96449,-0.16844,0.0
2.96449,-0.13475,0.0
2.96449,-0.10106,0.0
2.96449,-0.06737,0.0
2.96449,-0.03369,0.0
2.96449,0,0.0
2.96449,0.03369,0.0
2.96449,0.06737,0.0
2.96449,0.10106,0.0
2.96449,0.13475,0.0
2.96449,0.16844,0.0
2.96449,0.20212,0.0
2.96449,0.23581,0.0
2.96449,0.2695,0.0
2.96449,0.30319,0.0
2.96449,0.33687,0.0
2.96449,0.37056,0.0
2.96449,0.40425,0.0
2.96449,0.43794,0.0
2.96449,0.47162,0.0
2.96449,0.50531,0.0
2.96449,0.539,0.0
2.96449,0.57268,0.0
2.96449,0.60637,0.0
2.96449,0.64006,0.0
2.96449,0.67375,0.0
2.96449,0.70743,0.0
2.96449,0.74112,0.0
2.96449,0.77481,0.0
2.96449,0.8085,0.0
2.96449,0.84218,0.0
2.96449,0.87587,0.0
2.96449,0.90956,0.0
2.96449,0.94325,0.0
2.96449,0.97693,0.0
2.96449,1.01062,0.0
2.96449,1.04431,0.0
2.96449,1.078,0.0
2.96449,1.11168,0.0
2.96449,1.14537,0.0
2.96449,1.17906,0.0
2.96449,1.21274,0.0
2.96449,1.24643,0.0
2.96449,1.28012,0.0
2.96449,1.31381,0.0
2.96449,1.34749,0.0
2.96449,1.38118,0.0
2.96449,1.41487,0.0
2.96449,1.44856,0.0
2.99817,-1.34749,0.0
2.99817,-1.31381,0.0
2.99817,-1.28012,0.0
2.99817,-1.24643,0.0
2.99817,-1.21274,0.0
2.99817,-1.17906,0.0
2.99817,-1.14537,0.0
2.99817,-1.11168,0.0
2.99817,-1.078,0.0
2.99817,-1.04431,0.0
2.99817,-1.01062,0.0
2.99817,-0.97693,0.0
2.99817,-0.94325,0.0
2.99817,-0.90956,0.0
2.99817,-0.87587,0.0
2.99817,-0.84218,0.0
2.99817,-0.8085,0.0
2.99817,-0.77481,0.0
2.99817,-0.74112,0.0
2.99817,-0.70743,0.0
2.99817,-0.67375,0.0
2.99817,-0.64006,0.0
2.99817,-0.60637,0.0
2.99817,-0.57268,0.0
2.99817,-0.539,0.0
2.99817,-0.50531,0.0
2.99817,-0.47162,0.0
2.99817,-0.43794,0.0
2.99817,-0.40425,0.0
2.99817,-0.37056,0.0
2.99817,-0.33687,0.0
2.99817,-0.30319,0.0
2.99817,-0.2695,0.0
2.99817,-0.23581,0.0
2.99817,-0.20212,0.0
2.99817,-0.16844,0.0
2.99817,-0.13475,0.0
2.99817,-0.10106,0.0
2.99817,-0.06737,0.0
2.99817,-0.03369,0.0
2.99817,0,0.0
2.99817,0.03369,0.0
2.99817,0.06737,0.0
2.99817,0.10106,0.0
2.99817,0.13475,0.0
2.99817,0.16844,0.0
2.99817,0.20212,0.0
2.99817,0.23581,0.0
2.99817,0.2695,0.0
2.99817,0.30319,0.0
2.99817,0.33687,0.0
2.99817,0.37056,0.0
2.99817,0.40425,0.0
2.99817,0.43794,0.0
2.99817,0.47162,0.0
2.99817,0.50531,0.0
2.99817,0.539,0.0
2.99817,0.57268,0.0
2.99817,0.60637,0.0
2.99817,0.64006,0.0
2.99817,0.67375,0.0
2.99817,0.70743,0.0
2.99817,0.74112,0.0
2.99817,0.77481,0.0
2.99817,0.8085,0.0
2.99817,0.84218,0.0
2.99817,0.87587,0.0
2.99817,0.90956,0.0
2.99817,0.94325,0.0
2.99817,0.97693,0.0
2.99817,1.01062,0.0
2.99817,1.04431,0.0
2.99817,1.078,0.0
2.99817,1.11168,0.0
2.99817,1.14537,0.0
2.99817,1.17906,0.0
2.99817,1.21274,0.0
2.99817,1.24643,0.0
2.99817,1.28012,0.0
2.99817,1.31381,0.0
2.99817,1.34749,0.0
3.03186,-1.28012,0.0
3.03186,-1.24643,0.0
3.03186,-1.21274,0.0
3.03186,-1.17906,0.0
3.03186,-1.14537,0.0
3.03186,-1.11168,0.0
3.03186,-1.078,0.0
3.03186,-1.04431,0.0
3.03186,-1.01062,0.0
3.03186,-0.97693,0.0
3.03186,-0.94325,0.0
3.03186,-0.90956,0.0
3.03186,-0.87587,0.0
3.03186,-0.84218,0.0
3.03186,-0.8085,0.0
3.03186,-0.77481,0.0
3.03186,-0.74112,0.0
3.03186,-0.70743,0.0
3.03186,-0.67375,0.0
3.03186,-0.64006,0.0
3.03186,-0.60637,0.0
3.03186,-0.57268,0.0
3.03186,-0.539,0.0
3.03186,-0.50531,0.0
3.03186,-0.47162,0.0
3.03186,-0.43794,0.0
3.03186,-0.40425,0.0
3.03186,-0.37056,0.0
3.03186,-0.33687,0.0
3.03186,-0.30319,0.0
3.03186,-0.2695,0.0
3.03186,-0.23581,0.0
3.03186,-0.20212,0.0
3.03186,-0.16844,0.0
3.03186,-0.13475,0.0
3.03186,-0.10106,0.0
3.03186,-0.06737,0.0
3.03186,-0.03369,0.0
3.03186,0,0.0
3.03186,0.03369,0.0
3.03186,0.06737,0.0
3.03186,0.10106,0.0
3.03186,0.13475,0.0
3.03186,0.16844,0.0
3.03186,0.20212,0.0
3.03186,0.23581,0.0
3.03186,0.2695,0.0
3.03186,0.30319,0.0
3.03186,0.33687,0.0
3.03186,0.37056,0.0
3.03186,0.40425,0.0
3.03186,0.43794,0.0
3.03186,0.47162,0.0
3.03186,0.50531,0.0
3.03186,0.539,0.0
3.03186,0.57268,0.0
3.03186,0.60637,0.0
3.03186,0.64006,0.0
3.03186,0.67375,0.0
3.03186,0.70743,0.0
3.03186,0.74112,0.0
3.03186,0.77481,0.0
3.03186,0.8085,0.0
3.03186,0.84218,0.0
3.03186,0.87587,0.0
3.03186,0.90956,0.0
3.03186,0.94325,0.0
3.03186,0.97693,0.0
3.03186,1.01062,0.0
3.03186,1.04431,0.0
3.03186,1.078,0.0
3.03186,1.11168,0.0
3.03186,1.14537,0.0
3.03186,1.17906,0.0
3.03186,1.21274,0.0
3.03186,1.24643,0.0
3.03186,1.28012,0.0
3.06555,-1.21274,0.0
3.06555,-1.17906,0.0
3.06555,-1.14537,0.0
3.06555,-1.11168,0.0
3.06555,-1.078,0.0
3.06555,-1.04431,0.0
3.06555,-1.01062,0.0
3.06555,-0.97693,0.0
3.06555,-0.94325,0.0
3.06555,-0.90956,0.0
3.06555,-0.87587,0.0
3.06555,-0.84218,0.0
3.06555,-0.8085,0.0
3.06555,-0.77481,0.0
3.06555,-0.74112,0.0
3.06555,-0.70743,0.0
3.06555,-0.67375,0.0
3.06555,-0.64006,0.0
3.06555,-0.60637,0.0
3.06555,-0.57268,0.0
3.06555,-0.539,0.0
3.06555,-0.50531,0.0
3.06555,-0.47162,0.0
3.06555,-0.43794,0.0
3.06555,-0.40425,0.0
3.06555,-0.37056,0.0
3.06555,-0.33687,0.0
3.06555,-0.30319,0.0
3.06555,-0.2695,0.0
3.06555,-0.23581,0.0
3.06555,-0.20212,0.0
3.06555,-0.16844,0.0
3.06555,-0.13475,0.0
3.06555,-0.10106,0.0
3.06555,-0.06737,0.0
3.06555,-0.03369,0.0
3.06555,0,0.0
3.06555,0.03369,0.0
3.06555,0.06737,0.0
3.06555,0.10106,0.0
3.06555,0.13475,0.0
3.06555,0.16844,0.0
3.06555,0.20212,0.0
3.06555,0.23581,0.0
3.06555,0.2695,0.0
3.06555,0.30319,0.0
3.06555,0.33687,0.0
3.06555,0.37056,0.0
3.06555,0.40425,0.0
3.06555,0.43794,0.0
3.06555,0.47162,0.0
3.06555,0.50531,0.0
3.06555,0.539,0.0
3.06555,0.57268,0.0
3.06555,0.60637,0.0
3.06555,0.64006,0.0
3.06555,0.67375,0.0
3.06555,0.70743,0.0
3.06555,0.74112,0.0
3.06555,0.77481,0.0
3.06555,0.8085,0.0
3.06555,0.84218,0.0
3.06555,0.87587,0.0
3.06555,0.90956,0.0
3.06555,0.94325,0.0
3.06555,0.97693,0.0
3.06555,1.01062,0.0
3.06555,1.04431,0.0
3.06555,1.078,0.0
3.06555,1.11168,0.0
3.06555,1.14537,0.0
3.06555,1.17906,0.0
3.06555,1.21274,0.0
3.09924,-1.11168,0.0
3.09924,-1.078,0.0
3.09924,-1.04431,0.0
3.09924,-1.01062,0.0
3.09924,-0.97693,0.0
3.09924,-0.94325,0.0
3.09924,-0.90956,0.0
3.09924,-0.87587,0.0
3.09924,-0.84218,0.0
3.09924,-0.8085,0.0
3.09924,-0.77481,0.0
3.09924,-0.74112,0.0
3.09924,-0.70743,0.0
3.09924,-0.67375,0.0
3.09924,-0.64006,0.0
3.09924,-0.60637,0.0
3.09924,-0.57268,0.0
3.09924,-0.539,0.0
3.09924,-0.50531,0.0
3.09924,-0.47162,0.0
3.09924,-0.43794,0.0
3.09924,-0.40425,0.0
3.09924,-0.37056,0.0
3.09924,-0.33687,0.0
3.09924,-0.30319,0.0
3.09924,-0.2695,0.0
3.09924,-0.23581,0.0
3.09924,-0.20212,0.0
3.09924,-0.16844,0.0
3.09924,-0.13475,0.0
3.09924,-0.10106,0.0
3.09924,-0.06737,0.0
3.09924,-0.03369,0.0
3.09924,0,0.0
3.09924,0.03369,0.0
3.09924,0.06737,0.0
3.09924,0.10106,0.0
3.09924,0.13475,0.0
3.09924,0.16844,0.0
3.09924,0.20212,0.0
3.09924,0.23581,0.0
3.09924,0.2695,0.0
3.09924,0.30319,0.0
3.09924,0.33687,0.0
3.09924,0.37056,0.0
3.09924,0.40425,0.0
3.09924,0.43794,0.0
3.09924,0.47162,0.0
3.09924,0.50531,0.0
3.09924,0.539,0.0
3.09924,0.57268,0.0
3.09924,0.60637,0.0
3.09924,0.64006,0.0
3.09924,0.67375,0.0
3.09924,0.70743,0.0
3.09924,0.74112,0.0
3.09924,0.77481,0.0
3.09924,0.8085,0.0
3.09924,0.84218,0.0
3.09924,0.87587,0.0
3.09924,0.90956,0.0
3.09924,0.94325,0.0
3.09924,0.97693,0.0
3.09924,1.01062,0.0
3.09924,1.04431,0.0
3.09924,1.078,0.0
3.09924,1.11168,0.0
3.13292,-1.01062,0.0
3.13292,-0.97693,0.0
3.13292,-0.94325,0.0
3.13292,-0.90956,0.0
3.13292,-0.87587,0.0
3.13292,-0.84218,0.0
3.13292,-0.8085,0.0
3.13292,-0.77481,0.0
3.13292,-0.74112,0.0
3.13292,-0.70743,0.0
3.13292,-0.67375,0.0
3.13292,-0.64006,0.0
3.13292,-0.60637,0.0
3.13292,-0.57268,0.0
3.13292,-0.539,0.0
3.13292,-0.50531,0.0
3.13292,-0.47162,0.0
3.13292,-0.43794,0.0
3.13292,-0.40425,0.0
3.13292,-0.37056,0.0
3.13292,-0.33687,0.0
3.13292,-0.30319,0.0
3.13292,-0.2695,0.0
3.13292,-0.23581,0.0
3.13292,-0.20212,0.0
3.13292,-0.16844,0.0
3.13292,-0.13475,0.0
3.13292,-0.10106,0.0
3.13292,-0.06737,0.0
3.13292,-0.03369,0.0
3.13292,0,0.0
3.13292,0.03369,0.0
3.13292,0.06737,0.0
3.13292,0.10106,0.0
3.13292,0.13475,0.0
3.13292,0.16844,0.0
3.13292,0.20212,0.0
3.13292,0.23581,0.0
3.13292,0.2695,0.0
3.13292,0.30319,0.0
3.13292,0.33687,0.0
3.13292,0.37056,0.0
3.13292,0.40425,0.0
3.13292,0.43794,0.0
3.13292,0.47162,0.0
3.13292,0.50531,0.0
3.13292,0.539,0.0
3.13292,0.57268,0.0
3.13292,0.60637,0.0
3.13292,0.64006,0.0
3.13292,0.67375,0.0
3.13292,0.70743,0.0
3.13292,0.74112,0.0
3.13292,0.77481,0.0
3.13292,0.8085,0.0
3.13292,0.84218,0.0
3.13292,0.87587,0.0
3.13292,0.90956,0.0
3.13292,0.94325,0.0
3.13292,0.97693,0.0
3.13292,1.01062,0.0
3.16661,-0.90956,0.0
3.16661,-0.87587,0.0
3.16661,-0.84218,0.0
3.16661,-0.8085,0.0
3.16661,-0.77481,0.0
3.16661,-0.74112,0.0
3.16661,-0.70743,0.0
3.16661,-0.67375,0.0
3.16661,-0.64006,0.0
3.16661,-0.60637,0.0
3.16661,-0.57268,0.0
3.16661,-0.539,0.0
3.16661,-0.50531,0.0
3.16661,-0.47162,0.0
3.16661,-0.43794,0.0
3.16661,-0.40425,0.0
3.16661,-0.37056,0.0
3.16661,-0.33687,0.0
3.16661,-0.30319,0.0
3.16661,-0.2695,0.0
3.16661,-0.23581,0.0
3.16661,-0.20212,0.0
3.16661,-0.16844,0.0
3.16661,-0.13475,0.0
3.16661,-0.10106,0.0
3.16661,-0.06737,0.0
3.16661,-0.03369,0.0
3.16661,0,0.0
3.16661,0.03369,0.0
3.16661,0.06737,0.0
3.16661,0.10106,0.0
3.16661,0.13475,0.0
3.16661,0.16844,0.0
3.16661,0.20212,0.0
3.16661,0.23581,0.0
3.16661,0.2695,0.0
3.16661,0.30319,0.0
3.16661,0.33687,0.0
3.16661,0.37056,0.0
3.16661,0.40425,0.0
3.16661,0.43794,0.0
3.16661,0.47162,0.0
3.16661,0.50531,0.0
3.16661,0.539,0.0
3.16661,0.57268,0.0
3.16661,0.60637,0.0
3.16661,0.64006,0.0
3.16661,0.67375,0.0
3.16661,0.70743,0.0
3.16661,0.74112,0.0
3.16661,0.77481,0.0
3.16661,0.8085,0.0
3.16661,0.84218,0.0
3.16661,0.87587,0.0
3.16661,0.90956,0.0
3.2003,-0.77481,0.0
3.2003,-0.74112,0.0
3.2003,-0.70743,0.0
3.2003,-0.67375,0.0
3.2003,-0.64006,0.0
3.2003,-0.60637,0.0
3.2003,-0.57268,0.0
3.2003,-0.539,0.0
3.2003,-0.50531,0.0
3.2003,-0.47162,0.0
3.2003,-0.43794,0.0
3.2003,-0.40425,0.0
3.2003,-0.37056,0.0
3.2003,-0.33687,0.0
3.2003,-0.30319,0.0
3.2003,-0.2695,0.0
3.2003,-0.23581,0.0
3.2003,-0.20212,0.0
3.2003,-0.16844,0.0
3.2003,-0.13475,0.0
3.2003,-0.10106,0.0
3.2003,-0.06737,0.0
3.2003,-0.03369,0.0
3.2003,0,0.0
3.2003,0.03369,0.0
3.2003,0.06737,0.0
3.2003,0.10106,0.0
3.2003,0.13475,0.0
3.2003,0.16844,0.0
3.2003,0.20212,0.0
3.2003,0.23581,0.0
3.2003,0.2695,0.0
3.2003,0.30319,0.0
3.2003,0.33687,0.0
3.2003,0.37056,0.0
3.2003,0.40425,0.0
3.2003,0.43794,0.0
3.2003,0.47162,0.0
3.2003,0.50531,0.0
3.2003,0.539,0.0
3.2003,0.57268,0.0
3.2003,0.60637,0.0
3.2003,0.64006,0.0
3.2003,0.67375,0.0
3.2003,0.70743,0.0
3.2003,0.74112,0.0
3.2003,0.77481,0.0
3.23399,-0.64006,0.0
3.23399,-0.60637,0.0
3.23399,-0.57268,0.0
3.23399,-0.539,0.0
3.23399,-0.50531,0.0
3.23399,-0.47162,0.0
3.23399,-0.43794,0.0
3.23399,-0.40425,0.0
3.23399,-0.37056,0.0
3.23399,-0.33687,0.0
3.23399,-0.30319,0.0
3.23399,-0.2695,0.0
3.23399,-0.23581,0.0
3.23399,-0.20212,0.0
3.23399,-0.16844,0.0
3.23399,-0.13475,0.0
3.23399,-0.10106,0.0
3.23399,-0.06737,0.0
3.23399,-0.03369,0.0
3.23399,0,0.0
3.23399,0.03369,0.0
3.23399,0.06737,0.0
3.23399,0.10106,0.0
3.23399,0.13475,0.0
3.23399,0.16844,0.0
3.23399,0.20212,0.0
3.23399,0.23581,0.0
3.23399,0.2695,0.0
3.23399,0.30319,0.0
3.23399,0.33687,0.0
3.23399,0.37056,0.0
3.23399,0.40425,0.0
3.23399,0.43794,0.0
3.23399,0.47162,0.0
3.23399,0.50531,0.0
3.23399,0.539,0.0
3.23399,0.57268,0.0
3.23399,0.60637,0.0
3.23399,0.64006,0.0
3.26767,-0.43794,0.0
3.26767,-0.40425,0.0
3.26767,-0.37056,0.0
3.26767,-0.33687,0.0
3.26767,-0.30319,0.0
3.26767,-0.2695,0.0
3.26767,-0.23581,0.0
3.26767,-0.20212,0.0
3.26767,-0.16844,0.0
3.26767,-0.13475,0.0
3.26767,-0.10106,0.0
3.26767,-0.06737,0.0
3.26767,-0.03369,0.0
3.26767,0,0.0
3.26767,0.03369,0.0
3.26767,0.06737,0.0
3.26767,0.10106,0.0
3.26767,0.13475,0.0
3.26767,0.16844,0.0
3.26767,0.20212,0.0
3.26767,0.23581,0.0
3.26767,0.2695,0.0
3.26767,0.30319,0.0
3.26767,0.33687,0.0
3.26767,0.37056,0.0
3.26767,0.40425,0.0
3.26767,0.43794,0.0
