x,y,theta
-2.77257,-0.37158,0.0
-2.77257,-0.343,0.0
-2.77257,-0.31442,0.0
-2.77257,-0.28583,0.0
-2.77257,-0.25725,0.0
-2.77257,-0.22867,0.0
-2.77257,-0.20008,0.0
-2.77257,-0.1715,0.0
-2.77257,-0.14292,0.0
-2.77257,-0.11433,0.0
-2.77257,-0.08575,0.0
-2.77257,-0.05717,0.0
-2.77257,-0.02858,0.0
-2.77257,0,0.0
-2.77257,0.02858,0.0
-2.77257,0.05717,0.0
-2.77257,0.08575,0.0
-2.77257,0.11433,0.0
-2.77257,0.14292,0.0
-2.77257,0.1715,0.0
-2.77257,0.20008,0.0
-2.77257,0.22867,0.0
-2.77257,0.25725,0.0
-2.77257,0.28583,0.0
-2.77257,0.31442,0.0
-2.77257,0.343,0.0
-2.77257,0.37158,0.0
-2.74399,-0.54308,0.0
-2.74399,-0.5145,0.0
-2.74399,-0.48591,0.0
-2.74399,-0.45733,0.0
-2.74399,-0.42875,0.0
-2.74399,-0.40016,0.0
-2.74399,-0.37158,0.0
-2.74399,-0.343,0.0
-2.74399,-0.31442,0.0
-2.74399,-0.28583,0.0
-2.74399,-0.25725,0.0
-2.74399,-0.22867,0.0
-2.74399,-0.20008,0.0
-2.74399,-0.1715,0.0
-2.74399,-0.14292,0.0
-2.74399,-0.11433,0.0
-2.74399,-0.08575,0.0
-2.74399,-0.05717,0.0
-2.74399,-0.02858,0.0
-2.74399,0,0.0
-2.74399,0.02858,0.0
-2.74399,0.05717,0.0
-2.74399,0.08575,0.0
-2.74399,0.11433,0.0
-2.74399,0.14292,0.0
-2.74399,0.1715,0.0
-2.74399,0.20008,0.0
-2.74399,0.22867,0.0
-2.74399,0.25725,0.0
-2.74399,0.28583,0.0
-2.74399,0.31442,0.0
-2.74399,0.343,0.0
-2.74399,0.37158,0.0
-2.74399,0.40016,0.0
-2.74399,0.42875,0.0
-2.74399,0.45733,0.0
-2.74399,0.48591,0.0
-2.74399,0.5145,0.0
-2.74399,0.54308,0.0
-2.7154,-0.65741,0.0
-2.7154,-0.62883,0.0
-2.7154,-0.60025,0.0
-2.7154,-0.57166,0.0
-2.7154,-0.54308,0.0
-2.7154,-0.5145,0.0
-2.7154,-0.48591,0.0
-2.7154,-0.45733,0.0
-2.7154,-0.42875,0.0
-2.7154,-0.40016,0.0
-2.7154,-0.37158,0.0
-2.7154,-0.343,0.0
-2.7154,-0.31442,0.0
-2.7154,-0.28583,0.0
-2.7154,-0.25725,0.0
-2.7154,-0.22867,0.0
-2.7154,-0.20008,0.0
-2.7154,-0.1715,0.0
-2.7154,-0.14292,0.0
-2.7154,-0.11433,0.0
-2.7154,-0.08575,0.0
-2.7154,-0.05717,0.0
-2.7154,-0.02858,0.0
-2.7154,0,0.0
-2.7154,0.02858,0.0
-2.7154,0.05717,0.0
-2.7154,0.08575,0.0
-2.7154,0.11433,0.0
-2.7154,0.14292,0.0
-2.7154,0.1715,0.0
-2.7154,0.20008,0.0
-2.7154,0.22867,0.0
-2.7154,0.25725,0.0
-2.7154,0.28583,0.0
-2.7154,0.31442,0.0
-2.7154,0.343,0.0
-2.7154,0.37158,0.0
-2.7154,0.40016,0.0
-2.7154,0.42875,0.0
-2.7154,0.45733,0.0
-2.7154,0.48591,0.0
-2.7154,0.5145,0.0
-2.7154,0.54308,0.0
-2.7154,0.57166,0.0
-2.7154,0.60025,0.0
-2.7154,0.62883,0.0
-2.7154,0.65741,0.0
-2.68682,-0.77175,0.0
-2.68682,-0.74316,0.0
-2.68682,-0.71458,0.0
-2.68682,-0.686,0.0
-2.68682,-0.65741,0.0
-2.68682,-0.62883,0.0
-2.68682,-0.60025,0.0
-2.68682,-0.57166,0.0
-2.68682,-0.54308,0.0
-2.68682,-0.5145,0.0
-2.68682,-0.48591,0.0
-2.68682,-0.45733,0.0
-2.68682,-0.42875,0.0
-2.68682,-0.40016,0.0
-2.68682,-0.37158,0.0
-2.68682,-0.343,0.0
-2.68682,-0.31442,0.0
-2.68682,-0.28583,0.0
-2.68682,-0.25725,0.0
-2.68682,-0.22867,0.0
-2.68682,-0.20008,0.0
-2.68682,-0.1715,0.0
-2.68682,-0.14292,0.0
-2.68682,-0.11433,0.0
-2.68682,-0.08575,0.0
-2.68682,-0.05717,0.0
-2.68682,-0.02858,0.0
-2.68682,0,0.0
-2.68682,0.02858,0.0
-2.68682,0.05717,0.0
-2.68682,0.08575,0.0
-2.68682,0.11433,0.0
-2.68682,0.14292,0.0
-2.68682,0.1715,0.0
-2.68682,0.20008,0.0
-2.68682,0.22867,0.0
-2.68682,0.25725,0.0
-2.68682,0.28583,0.0
-2.68682,0.31442,0.0
-2.68682,0.343,0.0
-2.68682,0.37158,0.0
-2.68682,0.40016,0.0
-2.68682,0.42875,0.0
-2.68682,0.45733,0.0
-2.68682,0.48591,0.0
-2.68682,0.5145,0.0
-2.68682,0.54308,0.0
-2.68682,0.57166,0.0
-2.68682,0.60025,0.0
-2.68682,0.62883,0.0
-2.68682,0.65741,0.0
-2.68682,0.686,0.0
-2.68682,0.71458,0.0
-2.68682,0.74316,0.0
-2.68682,0.77175,0.0
-2.65824,-0.8575,0.0
-2.65824,-0.82891,0.0
-2.65824,-0.80033,0.0
-2.65824,-0.77175,0.0
-2.65824,-0.74316,0.0
-2.65824,-0.71458,0.0
-2.65824,-0.686,0.0
-2.65824,-0.65741,0.0
-2.65824,-0.62883,0.0
-2.65824,-0.60025,0.0
-2.65824,-0.57166,0.0
-2.65824,-0.54308,0.0
-2.65824,-0.5145,0.0
-2.65824,-0.48591,0.0
-2.65824,-0.45733,0.0
-2.65824,-0.42875,0.0
-2.65824,-0.40016,0.0
-2.65824,-0.37158,0.0
-2.65824,-0.343,0.0
-2.65824,-0.31442,0.0
-2.65824,-0.28583,0.0
-2.65824,-0.25725,0.0
-2.65824,-0.22867,0.0
-2.65824,-0.20008,0.0
-2.65824,-0.1715,0.0
-2.65824,-0.14292,0.0
-2.65824,-0.11433,0.0
-2.65824,-0.08575,0.0
-2.65824,-0.05717,0.0
-2.65824,-0.02858,0.0
-2.65824,0,0.0
-2.65824,0.02858,0.0
-2.65824,0.05717,0.0
-2.65824,0.08575,0.0
-2.65824,0.11433,0.0
-2.65824,0.14292,0.0
-2.65824,0.1715,0.0
-2.65824,0.20008,0.0
-2.65824,0.22867,0.0
-2.65824,0.25725,0.0
-2.65824,0.28583,0.0
-2.65824,0.31442,0.0
-2.65824,0.343,0.0
-2.65824,0.37158,0.0
-2.65824,0.40016,0.0
-2.65824,0.42875,0.0
-2.65824,0.45733,0.0
-2.65824,0.48591,0.0
-2.65824,0.5145,0.0
-2.65824,0.54308,0.0
-2.65824,0.57166,0.0
-2.65824,0.60025,0.0
-2.65824,0.62883,0.0
-2.65824,0.65741,0.0
-2.65824,0.686,0.0
-2.65824,0.71458,0.0
-2.65824,0.74316,0.0
-2.65824,0.77175,0.0
-2.65824,0.80033,0.0
-2.65824,0.82891,0.0
-2.65824,0.8575,0.0
-2.62965,-0.94325,0.0
-2.62965,-0.91466,0.0
-2.62965,-0.88608,0.0
-2.62965,-0.8575,0.0
-2.62965,-0.82891,0.0
-2.62965,-0.80033,0.0
-2.62965,-0.77175,0.0
-2.62965,-0.74316,0.0
-2.62965,-0.71458,0.0
-2.62965,-0.686,0.0
-2.62965,-0.65741,0.0
-2.62965,-0.62883,0.0
-2.62965,-0.60025,0.0
-2.62965,-0.57166,0.0
-2.62965,-0.54308,0.0
-2.62965,-0.5145,0.0
-2.62965,-0.48591,0.0
-2.62965,-0.45733,0.0
-2.62965,-0.42875,0.0
-2.62965,-0.40016,0.0
-2.62965,-0.37158,0.0
-2.62965,-0.343,0.0
-2.62965,-0.31442,0.0
-2.62965,-0.28583,0.0
-2.62965,-0.25725,0.0
-2.62965,-0.22867,0.0
-2.62965,-0.20008,0.0
-2.62965,-0.1715,0.0
-2.62965,-0.14292,0.0
-2.62965,-0.11433,0.0
-2.62965,-0.08575,0.0
-2.62965,-0.05717,0.0
-2.62965,-0.02858,0.0
-2.62965,0,0.0
-2.62965,0.02858,0.0
-2.62965,0.05717,0.0
-2.62965,0.08575,0.0
-2.62965,0.11433,0.0
-2.62965,0.14292,0.0
-2.62965,0.1715,0.0
-2.62965,0.20008,0.0
-2.62965,0.22867,0.0
-2.62965,0.25725,0.0
-2.62965,0.28583,0.0
-2.62965,0.31442,0.0
-2.62965,0.343,0.0
-2.62965,0.37158,0.0
-2.62965,0.40016,0.0
-2.62965,0.42875,0.0
-2.62965,0.45733,0.0
-2.62965,0.48591,0.0
-2.62965,0.5145,0.0
-2.62965,0.54308,0.0
-2.62965,0.57166,0.0
-2.62965,0.60025,0.0
-2.62965,0.62883,0.0
-2.62965,0.65741,0.0
-2.62965,0.686,0.0
-2.62965,0.71458,0.0
-2.62965,0.74316,0.0
-2.62965,0.77175,0.0
-2.62965,0.80033,0.0
-2.62965,0.82891,0.0
-2.62965,0.8575,0.0
-2.62965,0.88608,0.0
-2.62965,0.91466,0.0
-2.62965,0.94325,0.0
-2.60107,-1.029,0.0
-2.60107,-1.00041,0.0
-2.60107,-0.97183,0.0
-2.60107,-0.94325,0.0
-2.60107,-0.91466,0.0
-2.60107,-0.88608,0.0
-2.60107,-0.8575,0.0
-2.60107,-0.82891,0.0
-2.60107,-0.80033,0.0
-2.60107,-0.77175,0.0
-2.60107,-0.74316,0.0
-2.60107,-0.71458,0.0
-2.60107,-0.686,0.0
-2.60107,-0.65741,0.0
-2.60107,-0.62883,0.0
-2.60107,-0.60025,0.0
-2.60107,-0.57166,0.0
-2.60107,-0.54308,0.0
-2.60107,-0.5145,0.0
-2.60107,-0.48591,0.0
-2.60107,-0.45733,0.0
-2.60107,-0.42875,0.0
-2.60107,-0.40016,0.0
-2.60107,-0.37158,0.0
-2.60107,-0.343,0.0
-2.60107,-0.31442,0.0
-2.60107,-0.28583,0.0
-2.60107,-0.25725,0.0
-2.60107,-0.22867,0.0
-2.60107,-0.20008,0.0
-2.60107,-0.1715,0.0
-2.60107,-0.14292,0.0
-2.60107,-0.11433,0.0
-2.60107,-0.08575,0.0
-2.60107,-0.05717,0.0
-2.60107,-0.02858,0.0
-2.60107,0,0.0
-2.60107,0.02858,0.0
-2.60107,0.05717,0.0
-2.60107,0.08575,0.0
-2.60107,0.11433,0.0
-2.60107,0.14292,0.0
-2.60107,0.1715,0.0
-2.60107,0.20008,0.0
-2.60107,0.22867,0.0
-2.60107,0.25725,0.0
-2.60107,0.28583,0.0
-2.60107,0.31442,0.0
-2.60107,0.343,0.0
-2.60107,0.37158,0.0
-2.60107,0.40016,0.0
-2.60107,0.42875,0.0
-2.60107,0.45733,0.0
-2.60107,0.48591,0.0
-2.60107,0.5145,0.0
-2.60107,0.54308,0.0
-2.60107,0.57166,0.0
-2.60107,0.60025,0.0
-2.60107,0.62883,0.0
-2.60107,0.65741,0.0
-2.60107,0.686,0.0
-2.60107,0.71458,0.0
-2.60107,0.74316,0.0
-2.60107,0.77175,0.0
-2.60107,0.80033,0.0
-2.60107,0.82891,0.0
-2.60107,0.8575,0.0
-2.60107,0.88608,0.0
-2.60107,0.91466,0.0
-2.60107,0.94325,0.0
-2.60107,0.97183,0.0
-2.60107,1.00041,0.0
-2.60107,1.029,0.0
-2.57249,-1.08616,0.0
-2.57249,-1.05758,0.0
-2.57249,-1.029,0.0
-2.57249,-1.00041,0.0
-2.57249,-0.97183,0.0
-2.57249,-0.94325,0.0
-2.57249,-0.91466,0.0
-2.57249,-0.88608,0.0
-2.57249,-0.8575,0.0
-2.57249,-0.82891,0.0
-2.57249,-0.80033,0.0
-2.57249,-0.77175,0.0
-2.57249,-0.74316,0.0
-2.57249,-0.71458,0.0
-2.57249,-0.686,0.0
-2.57249,-0.65741,0.0
-2.57249,-0.62883,0.0
-2.57249,-0.60025,0.0
-2.57249,-0.57166,0.0
-2.57249,-0.54308,0.0
-2.57249,-0.5145,0.0
-2.57249,-0.48591,0.0
-2.57249,-0.45733,0.0
-2.57249,-0.42875,0.0
-2.57249,-0.40016,0.0
-2.57249,-0.37158,0.0
-2.57249,-0.343,0.0
-2.57249,-0.31442,0.0
-2.57249,-0.28583,0.0
-2.57249,-0.25725,0.0
-2.57249,-0.22867,0.0
-2.57249,-0.20008,0.0
-2.57249,-0.1715,0.0
-2.57249,-0.14292,0.0
-2.57249,-0.11433,0.0
-2.57249,-0.08575,0.0
-2.57249,-0.05717,0.0
-2.57249,-0.02858,0.0
-2.57249,0,0.0
-2.57249,0.02858,0.0
-2.57249,0.05717,0.0
-2.57249,0.08575,0.0
-2.57249,0.11433,0.0
-2.57249,0.14292,0.0
-2.57249,0.1715,0.0
-2.57249,0.20008,0.0
-2.57249,0.22867,0.0
-2.57249,0.25725,0.0
-2.57249,0.28583,0.0
-2.57249,0.31442,0.0
-2.57249,0.343,0.0
-2.57249,0.37158,0.0
-2.57249,0.40016,0.0
-2.57249,0.42875,0.0
-2.57249,0.45733,0.0
-2.57249,0.48591,0.0
-2.57249,0.5145,0.0
-2.57249,0.54308,0.0
-2.57249,0.57166,0.0
-2.57249,0.60025,0.0
-2.57249,0.62883,0.0
-2.57249,0.65741,0.0
-2.57249,0.686,0.0
-2.57249,0.71458,0.0
-2.57249,0.74316,0.0
-2.57249,0.77175,0.0
-2.57249,0.80033,0.0
-2.57249,0.82891,0.0
-2.57249,0.8575,0.0
-2.57249,0.88608,0.0
-2.57249,0.91466,0.0
-2.57249,0.94325,0.0
-2.57249,0.97183,0.0
-2.57249,1.00041,0.0
-2.57249,1.029,0.0
-2.57249,1.05758,0.0
-2.57249,1.08616,0.0
-2.54391,-1.14333,0.0
-2.54391,-1.11474,0.0
-2.54391,-1.08616,0.0
-2.54391,-1.05758,0.0
-2.54391,-1.029,0.0
-2.54391,-1.00041,0.0
-2.54391,-0.97183,0.0
-2.54391,-0.94325,0.0
-2.54391,-0.91466,0.0
-2.54391,-0.88608,0.0
-2.54391,-0.8575,0.0
-2.54391,-0.82891,0.0
-2.54391,-0.80033,0.0
-2.54391,-0.77175,0.0
-2.54391,-0.74316,0.0
-2.54391,-0.71458,0.0
-2.54391,-0.686,0.0
-2.54391,-0.65741,0.0
-2.54391,-0.62883,0.0
-2.54391,-0.60025,0.0
-2.54391,-0.57166,0.0
-2.54391,-0.54308,0.0
-2.54391,-0.5145,0.0
-2.54391,-0.48591,0.0
-2.54391,-0.45733,0.0
-2.54391,-0.42875,0.0
-2.54391,-0.40016,0.0
-2.54391,-0.37158,0.0
-2.54391,-0.343,0.0
-2.54391,-0.31442,0.0
-2.54391,-0.28583,0.0
-2.54391,-0.25725,0.0
-2.54391,-0.22867,0.0
-2.54391,-0.20008,0.0
-2.54391,-0.1715,0.0
-2.54391,-0.14292,0.0
-2.54391,-0.11433,0.0
-2.54391,-0.08575,0.0
-2.54391,-0.05717,0.0
-2.54391,-0.02858,0.0
-2.54391,0,0.0
-2.54391,0.02858,0.0
-2.54391,0.05717,0.0
-2.54391,0.08575,0.0
-2.54391,0.11433,0.0
-2.54391,0.14292,0.0
-2.54391,0.1715,0.0
-2.54391,0.20008,0.0
-2.54391,0.22867,0.0
-2.54391,0.25725,0.0
-2.54391,0.28583,0.0
-2.54391,0.31442,0.0
-2.54391,0.343,0.0
-2.54391,0.37158,0.0
-2.54391,0.40016,0.0
-2.54391,0.42875,0.0
-2.54391,0.45733,0.0
-2.54391,0.48591,0.0
-2.54391,0.5145,0.0
-2.54391,0.54308,0.0
-2.54391,0.57166,0.0
-2.54391,0.60025,0.0
-2.54391,0.62883,0.0
-2.54391,0.65741,0.0
-2.54391,0.686,0.0
-2.54391,0.71458,0.0
-2.54391,0.74316,0.0
-2.54391,0.77175,0.0
-2.54391,0.80033,0.0
-2.54391,0.82891,0.0
-2.54391,0.8575,0.0
-2.54391,0.88608,0.0
-2.54391,0.91466,0.0
-2.54391,0.94325,0.0
-2.54391,0.97183,0.0
-2.54391,1.00041,0.0
-2.54391,1.029,0.0
-2.54391,1.05758,0.0
-2.54391,1.08616,0.0
-2.54391,1.11474,0.0
-2.54391,1.14333,0.0
-2.51532,-1.22908,0.0
-2.51532,-1.20049,0.0
-2.51532,-1.17191,0.0
-2.51532,-1.14333,0.0
-2.51532,-1.11474,0.0
-2.51532,-1.08616,0.0
-2.51532,-1.05758,0.0
-2.51532,-1.029,0.0
-2.51532,-1.00041,0.0
-2.51532,-0.97183,0.0
-2.51532,-0.94325,0.0
-2.51532,-0.91466,0.0
-2.51532,-0.88608,0.0
-2.51532,-0.8575,0.0
-2.51532,-0.82891,0.0
-2.51532,-0.80033,0.0
-2.51532,-0.77175,0.0
-2.51532,-0.74316,0.0
-2.51532,-0.71458,0.0
-2.51532,-0.686,0.0
-2.51532,-0.65741,0.0
-2.51532,-0.62883,0.0
-2.51532,-0.60025,0.0
-2.51532,-0.57166,0.0
-2.51532,-0.54308,0.0
-2.51532,-0.5145,0.0
-2.51532,-0.48591,0.0
-2.51532,-0.45733,0.0
-2.51532,-0.42875,0.0
-2.51532,-0.40016,0.0
-2.51532,-0.37158,0.0
-2.51532,-0.343,0.0
-2.51532,-0.31442,0.0
-2.51532,-0.28583,0.0
-2.51532,-0.25725,0.0
-2.51532,-0.22867,0.0
-2.51532,-0.20008,0.0
-2.51532,-0.1715,0.0
-2.51532,-0.14292,0.0
-2.51532,-0.11433,0.0
-2.51532,-0.08575,0.0
-2.51532,-0.05717,0.0
-2.51532,-0.02858,0.0
-2.51532,0,0.0
-2.51532,0.02858,0.0
-2.51532,0.05717,0.0
-2.51532,0.08575,0.0
-2.51532,0.11433,0.0
-2.51532,0.14292,0.0
-2.51532,0.1715,0.0
-2.51532,0.20008,0.0
-2.51532,0.22867,0.0
-2.51532,0.25725,0.0
-2.51532,0.28583,0.0
-2.51532,0.31442,0.0
-2.51532,0.343,0.0
-2.51532,0.37158,0.0
-2.51532,0.40016,0.0
-2.51532,0.42875,0.0
-2.51532,0.45733,0.0
-2.51532,0.48591,0.0
-2.51532,0.5145,0.0
-2.51532,0.54308,0.0
-2.51532,0.57166,0.0
-2.51532,0.60025,0.0
-2.51532,0.62883,0.0
-2.51532,0.65741,0.0
-2.51532,0.686,0.0
-2.51532,0.71458,0.0
-2.51532,0.74316,0.0
-2.51532,0.77175,0.0
-2.51532,0.80033,0.0
-2.51532,0.82891,0.0
-2.51532,0.8575,0.0
-2.51532,0.88608,0.0
-2.51532,0.91466,0.0
-2.51532,0.94325,0.0
-2.51532,0.97183,0.0
-2.51532,1.00041,0.0
-2.51532,1.029,0.0
-2.51532,1.05758,0.0
-2.51532,1.08616,0.0
-2.51532,1.11474,0.0
-2.51532,1.14333,0.0
-2.51532,1.17191,0.0
-2.51532,1.20049,0.0
-2.51532,1.22908,0.0
-2.48674,-1.28624,0.0
-2.48674,-1.25766,0.0
-2.48674,-1.22908,0.0
-2.48674,-1.20049,0.0
-2.48674,-1.17191,0.0
-2.48674,-1.14333,0.0
-2.48674,-1.11474,0.0
-2.48674,-1.08616,0.0
-2.48674,-1.05758,0.0
-2.48674,-1.029,0.0
-2.48674,-1.00041,0.0
-2.48674,-0.97183,0.0
-2.48674,-0.94325,0.0
-2.48674,-0.91466,0.0
-2.48674,-0.88608,0.0
-2.48674,-0.8575,0.0
-2.48674,-0.82891,0.0
-2.48674,-0.80033,0.0
-2.48674,-0.77175,0.0
-2.48674,-0.74316,0.0
-2.48674,-0.71458,0.0
-2.48674,-0.686,0.0
-2.48674,-0.65741,0.0
-2.48674,-0.62883,0.0
-2.48674,-0.60025,0.0
-2.48674,-0.57166,0.0
-2.48674,-0.54308,0.0
-2.48674,-0.5145,0.0
-2.48674,-0.48591,0.0
-2.48674,-0.45733,0.0
-2.48674,-0.42875,0.0
-2.48674,-0.40016,0.0
-2.48674,-0.37158,0.0
-2.48674,-0.343,0.0
-2.48674,-0.31442,0.0
-2.48674,-0.28583,0.0
-2.48674,-0.25725,0.0
-2.48674,-0.22867,0.0
-2.48674,-0.20008,0.0
-2.48674,-0.1715,0.0
-2.48674,-0.14292,0.0
-2.48674,-0.11433,0.0
-2.48674,-0.08575,0.0
-2.48674,-0.05717,0.0
-2.48674,-0.02858,0.0
-2.48674,0,0.0
-2.48674,0.02858,0.0
-2.48674,0.05717,0.0
-2.48674,0.08575,0.0
-2.48674,0.11433,0.0
-2.48674,0.14292,0.0
-2.48674,0.1715,0.0
-2.48674,0.20008,0.0
-2.48674,0.22867,0.0
-2.48674,0.25725,0.0
-2.48674,0.28583,0.0
-2.48674,0.31442,0.0
-2.48674,0.343,0.0
-2.48674,0.37158,0.0
-2.48674,0.40016,0.0
-2.48674,0.42875,0.0
-2.48674,0.45733,0.0
-2.48674,0.48591,0.0
-2.48674,0.5145,0.0
-2.48674,0.54308,0.0
-2.48674,0.57166,0.0
-2.48674,0.60025,0.0
-2.48674,0.62883,0.0
-2.48674,0.65741,0.0
-2.48674,0.686,0.0
-2.48674,0.71458,0.0
-2.48674,0.74316,0.0
-2.48674,0.77175,0.0
-2.48674,0.80033,0.0
-2.48674,0.82891,0.0
-2.48674,0.8575,0.0
-2.48674,0.88608,0.0
-2.48674,0.91466,0.0
-2.48674,0.94325,0.0
-2.48674,0.97183,0.0
-2.48674,1.00041,0.0
-2.48674,1.029,0.0
-2.48674,1.05758,0.0
-2.48674,1.08616,0.0
-2.48674,1.11474,0.0
-2.48674,1.14333,0.0
-2.48674,1.17191,0.0
-2.48674,1.20049,0.0
-2.48674,1.22908,0.0
-2.48674,1.25766,0.0
-2.48674,1.28624,0.0
-2.45816,-1.31483,0.0
-2.45816,-1.28624,0.0
-2.45816,-1.25766,0.0
-2.45816,-1.22908,0.0
-2.45816,-1.20049,0.0
-2.45816,-1.17191,0.0
-2.45816,-1.14333,0.0
-2.45816,-1.11474,0.0
-2.45816,-1.08616,0.0
-2.45816,-1.05758,0.0
-2.45816,-1.029,0.0
-2.45816,-1.00041,0.0
-2.45816,-0.97183,0.0
-2.45816,-0.94325,0.0
-2.45816,-0.91466,0.0
-2.45816,-0.88608,0.0
-2.45816,-0.8575,0.0
-2.45816,-0.82891,0.0
-2.45816,-0.80033,0.0
-2.45816,-0.77175,0.0
-2.45816,-0.74316,0.0
-2.45816,-0.71458,0.0
-2.45816,-0.686,0.0
-2.45816,-0.65741,0.0
-2.45816,-0.62883,0.0
-2.45816,-0.60025,0.0
-2.45816,-0.57166,0.0
-2.45816,-0.54308,0.0
-2.45816,-0.5145,0.0
-2.45816,-0.48591,0.0
-2.45816,-0.45733,0.0
-2.45816,-0.42875,0.0
-2.45816,-0.40016,0.0
-2.45816,-0.37158,0.0
-2.45816,-0.343,0.0
-2.45816,-0.31442,0.0
-2.45816,-0.28583,0.0
-2.45816,-0.25725,0.0
-2.45816,-0.22867,0.0
-2.45816,-0.20008,0.0
-2.45816,-0.1715,0.0
-2.45816,-0.14292,0.0
-2.45816,-0.11433,0.0
-2.45816,-0.08575,0.0
-2.45816,-0.05717,0.0
-2.45816,-0.02858,0.0
-2.45816,0,0.0
-2.45816,0.02858,0.0
-2.45816,0.05717,0.0
-2.45816,0.08575,0.0
-2.45816,0.11433,0.0
-2.45816,0.14292,0.0
-2.45816,0.1715,0.0
-2.45816,0.20008,0.0
-2.45816,0.22867,0.0
-2.45816,0.25725,0.0
-2.45816,0.28583,0.0
-2.45816,0.31442,0.0
-2.45816,0.343,0.0
-2.45816,0.37158,0.0
-2.45816,0.40016,0.0
-2.45816,0.42875,0.0
-2.45816,0.45733,0.0
-2.45816,0.48591,0.0
-2.45816,0.5145,0.0
-2.45816,0.54308,0.0
-2.45816,0.57166,0.0
-2.45816,0.60025,0.0
-2.45816,0.62883,0.0
-2.45816,0.65741,0.0
-2.45816,0.686,0.0
-2.45816,0.71458,0.0
-2.45816,0.74316,0.0
-2.45816,0.77175,0.0
-2.45816,0.80033,0.0
-2.45816,0.82891,0.0
-2.45816,0.8575,0.0
-2.45816,0.88608,0.0
-2.45816,0.91466,0.0
-2.45816,0.94325,0.0
-2.45816,0.97183,0.0
-2.45816,1.00041,0.0
-2.45816,1.029,0.0
-2.45816,1.05758,0.0
-2.45816,1.08616,0.0
-2.45816,1.11474,0.0
-2.45816,1.14333,0.0
-2.45816,1.17191,0.0
-2.45816,1.20049,0.0
-2.45816,1.22908,0.0
-2.45816,1.25766,0.0
-2.45816,1.28624,0.0
-2.45816,1.31483,0.0
-2.42957,-1.37199,0.0
-2.42957,-1.34341,0.0
-2.42957,-1.31483,0.0
-2.42957,-1.28624,0.0
-2.42957,-1.25766,0.0
-2.42957,-1.22908,0.0
-2.42957,-1.20049,0.0
-2.42957,-1.17191,0.0
-2.42957,-1.14333,0.0
-2.42957,-1.11474,0.0
-2.42957,-1.08616,0.0
-2.42957,-1.05758,0.0
-2.42957,-1.029,0.0
-2.42957,-1.00041,0.0
-2.42957,-0.97183,0.0
-2.42957,-0.94325,0.0
-2.42957,-0.91466,0.0
-2.42957,-0.88608,0.0
-2.42957,-0.8575,0.0
-2.42957,-0.82891,0.0
-2.42957,-0.80033,0.0
-2.42957,-0.77175,0.0
-2.42957,-0.74316,0.0
-2.42957,-0.71458,0.0
-2.42957,-0.686,0.0
-2.42957,-0.65741,0.0
-2.42957,-0.62883,0.0
-2.42957,-0.60025,0.0
-2.42957,-0.57166,0.0
-2.42957,-0.54308,0.0
-2.42957,-0.5145,0.0
-2.42957,-0.48591,0.0
-2.42957,-0.45733,0.0
-2.42957,-0.42875,0.0
-2.42957,-0.40016,0.0
-2.42957,-0.37158,0.0
-2.42957,-0.343,0.0
-2.42957,-0.31442,0.0
-2.42957,-0.28583,0.0
-2.42957,-0.25725,0.0
-2.42957,-0.22867,0.0
-2.42957,-0.20008,0.0
-2.42957,-0.1715,0.0
-2.42957,-0.14292,0.0
-2.42957,-0.11433,0.0
-2.42957,-0.08575,0.0
-2.42957,-0.05717,0.0
-2.42957,-0.02858,0.0
-2.42957,0,0.0
-2.42957,0.02858,0.0
-2.42957,0.05717,0.0
-2.42957,0.08575,0.0
-2.42957,0.11433,0.0
-2.42957,0.14292,0.0
-2.42957,0.1715,0.0
-2.42957,0.20008,0.0
-2.42957,0.22867,0.0
-2.42957,0.25725,0.0
-2.42957,0.28583,0.0
-2.42957,0.31442,0.0
-2.42957,0.343,0.0
-2.42957,0.37158,0.0
-2.42957,0.40016,0.0
-2.42957,0.42875,0.0
-2.42957,0.45733,0.0
-2.42957,0.48591,0.0
-2.42957,0.5145,0.0
-2.42957,0.54308,0.0
-2.42957,0.57166,0.0
-2.42957,0.60025,0.0
-2.42957,0.62883,0.0
-2.42957,0.65741,0.0
-2.42957,0.686,0.0
-2.42957,0.71458,0.0
-2.42957,0.74316,0.0
-2.42957,0.77175,0.0
-2.42957,0.80033,0.0
-2.42957,0.82891,0.0
-2.42957,0.8575,0.0
-2.42957,0.88608,0.0
-2.42957,0.91466,0.0
-2.42957,0.94325,0.0
-2.42957,0.97183,0.0
-2.42957,1.00041,0.0
-2.42957,1.029,0.0
-2.42957,1.05758,0.0
-2.42957,1.08616,0.0
-2.42957,1.11474,0.0
-2.42957,1.14333,0.0
-2.42957,1.17191,0.0
-2.42957,1.20049,0.0
-2.42957,1.22908,0.0
-2.42957,1.25766,0.0
-2.42957,1.28624,0.0
-2.42957,1.31483,0.0
-2.42957,1.34341,0.0
-2.42957,1.37199,0.0
-2.40099,-1.42916,0.0
-2.40099,-1.40058,0.0
-2.40099,-1.37199,0.0
-2.40099,-1.34341,0.0
-2.40099,-1.31483,0.0
-2.40099,-1.28624,0.0
-2.40099,-1.25766,0.0
-2.40099,-1.22908,0.0
-2.40099,-1.20049,0.0
-2.40099,-1.17191,0.0
-2.40099,-1.14333,0.0
-2.40099,-1.11474,0.0
-2.40099,-1.08616,0.0
-2.40099,-1.05758,0.0
-2.40099,-1.029,0.0
-2.40099,-1.00041,0.0
-2.40099,-0.97183,0.0
-2.40099,-0.94325,0.0
-2.40099,-0.91466,0.0
-2.40099,-0.88608,0.0
-2.40099,-0.8575,0.0
-2.40099,-0.82891,0.0
-2.40099,-0.80033,0.0
-2.40099,-0.77175,0.0
-2.40099,-0.74316,0.0
-2.40099,-0.71458,0.0
-2.40099,-0.686,0.0
-2.40099,-0.65741,0.0
-2.40099,-0.62883,0.0
-2.40099,-0.60025,0.0
-2.40099,-0.57166,0.0
-2.40099,-0.54308,0.0
-2.40099,-0.5145,0.0
-2.40099,-0.48591,0.0
-2.40099,-0.45733,0.0
-2.40099,-0.42875,0.0
-2.40099,-0.40016,0.0
-2.40099,-0.37158,0.0
-2.40099,-0.343,0.0
-2.40099,-0.31442,0.0
-2.40099,-0.28583,0.0
-2.40099,-0.25725,0.0
-2.40099,-0.22867,0.0
-2.40099,-0.20008,0.0
-2.40099,-0.1715,0.0
-2.40099,-0.14292,0.0
-2.40099,-0.11433,0.0
-2.40099,-0.08575,0.0
-2.40099,-0.05717,0.0
-2.40099,-0.02858,0.0
-2.40099,0,0.0
-2.40099,0.02858,0.0
-2.40099,0.05717,0.0
-2.40099,0.08575,0.0
-2.40099,0.11433,0.0
-2.40099,0.14292,0.0
-2.40099,0.1715,0.0
-2.40099,0.20008,0.0
-2.40099,0.22867,0.0
-2.40099,0.25725,0.0
-2.40099,0.28583,0.0
-2.40099,0.31442,0.0
-2.40099,0.343,0.0
-2.40099,0.37158,0.0
-2.40099,0.40016,0.0
-2.40099,0.42875,0.0
-2.40099,0.45733,0.0
-2.40099,0.48591,0.0
-2.40099,0.5145,0.0
-2.40099,0.54308,0.0
-2.40099,0.57166,0.0
-2.40099,0.60025,0.0
-2.40099,0.62883,0.0
-2.40099,0.65741,0.0
-2.40099,0.686,0.0
-2.40099,0.71458,0.0
-2.40099,0.74316,0.0
-2.40099,0.77175,0.0
-2.40099,0.80033,0.0
-2.40099,0.82891,0.0
-2.40099,0.8575,0.0
-2.40099,0.88608,0.0
-2.40099,0.91466,0.0
-2.40099,0.94325,0.0
-2.40099,0.97183,0.0
-2.40099,1.00041,0.0
-2.40099,1.029,0.0
-2.40099,1.05758,0.0
-2.40099,1.08616,0.0
-2.40099,1.11474,0.0
-2.40099,1.14333,0.0
-2.40099,1.17191,0.0
-2.40099,1.20049,0.0
-2.40099,1.22908,0.0
-2.40099,1.25766,0.0
-2.40099,1.28624,0.0
-2.40099,1.31483,0.0
-2.40099,1.34341,0.0
-2.40099,1.37199,0.0
-2.40099,1.40058,0.0
-2.40099,1.42916,0.0
-2.37241,-1.48633,0.0
-2.37241,-1.45774,0.0
-2.37241,-1.42916,0.0
-2.37241,-1.40058,0.0
-2.37241,-1.37199,0.0
-2.37241,-1.34341,0.0
-2.37241,-1.31483,0.0
-2.37241,-1.28624,0.0
-2.37241,-1.25766,0.0
-2.37241,-1.22908,0.0
-2.37241,-1.20049,0.0
-2.37241,-1.17191,0.0
-2.37241,-1.14333,0.0
-2.37241,-1.11474,0.0
-2.37241,-1.08616,0.0
-2.37241,-1.05758,0.0
-2.37241,-1.029,0.0
-2.37241,-1.00041,0.0
-2.37241,-0.97183,0.0
-2.37241,-0.94325,0.0
-2.37241,-0.91466,0.0
-2.37241,-0.88608,0.0
-2.37241,-0.8575,0.0
-2.37241,-0.82891,0.0
-2.37241,-0.80033,0.0
-2.37241,-0.77175,0.0
-2.37241,-0.74316,0.0
-2.37241,-0.71458,0.0
-2.37241,-0.686,0.0
-2.37241,-0.65741,0.0
-2.37241,-0.62883,0.0
-2.37241,-0.60025,0.0
-2.37241,-0.57166,0.0
-2.37241,-0.54308,0.0
-2.37241,-0.5145,0.0
-2.37241,-0.48591,0.0
-2.37241,-0.45733,0.0
-2.37241,-0.42875,0.0
-2.37241,-0.40016,0.0
-2.37241,-0.37158,0.0
-2.37241,-0.343,0.0
-2.37241,-0.31442,0.0
-2.37241,-0.28583,0.0
-2.37241,-0.25725,0.0
-2.37241,-0.22867,0.0
-2.37241,-0.20008,0.0
-2.37241,-0.1715,0.0
-2.37241,-0.14292,0.0
-2.37241,-0.11433,0.0
-2.37241,-0.08575,0.0
-2.37241,-0.05717,0.0
-2.37241,-0.02858,0.0
-2.37241,0,0.0
-2.37241,0.02858,0.0
-2.37241,0.05717,0.0
-2.37241,0.08575,0.0
-2.37241,0.11433,0.0
-2.37241,0.14292,0.0
-2.37241,0.1715,0.0
-2.37241,0.20008,0.0
-2.37241,0.22867,0.0
-2.37241,0.25725,0.0
-2.37241,0.28583,0.0
-2.37241,0.31442,0.0
-2.37241,0.343,0.0
-2.37241,0.37158,0.0
-2.37241,0.40016,0.0
-2.37241,0.42875,0.0
-2.37241,0.45733,0.0
-2.37241,0.48591,0.0
-2.37241,0.5145,0.0
-2.37241,0.54308,0.0
-2.37241,0.57166,0.0
-2.37241,0.60025,0.0
-2.37241,0.62883,0.0
-2.37241,0.65741,0.0
-2.37241,0.686,0.0
-2.37241,0.71458,0.0
-2.37241,0.74316,0.0
-2.37241,0.77175,0.0
-2.37241,0.80033,0.0
-2.37241,0.82891,0.0
-2.37241,0.8575,0.0
-2.37241,0.88608,0.0
-2.37241,0.91466,0.0
-2.37241,0.94325,0.0
-2.37241,0.97183,0.0
-2.37241,1.00041,0.0
-2.37241,1.029,0.0
-2.37241,1.05758,0.0
-2.37241,1.08616,0.0
-2.37241,1.11474,0.0
-2.37241,1.14333,0.0
-2.37241,1.17191,0.0
-2.37241,1.20049,0.0
-2.37241,1.22908,0.0
-2.37241,1.25766,0.0
-2.37241,1.28624,0.0
-2.37241,1.31483,0.0
-2.37241,1.34341,0.0
-2.37241,1.37199,0.0
-2.37241,1.40058,0.0
-2.37241,1.42916,0.0
-2.37241,1.45774,0.0
-2.37241,1.48633,0.0
-2.34382,-1.51491,0.0
-2.34382,-1.48633,0.0
-2.34382,-1.45774,0.0
-2.34382,-1.42916,0.0
-2.34382,-1.40058,0.0
-2.34382,-1.37199,0.0
-2.34382,-1.34341,0.0
-2.34382,-1.31483,0.0
-2.34382,-1.28624,0.0
-2.34382,-1.25766,0.0
-2.34382,-1.22908,0.0
-2.34382,-1.20049,0.0
-2.34382,-1.17191,0.0
-2.34382,-1.14333,0.0
-2.34382,-1.11474,0.0
-2.34382,-1.08616,0.0
-2.34382,-1.05758,0.0
-2.34382,-1.029,0.0
-2.34382,-1.00041,0.0
-2.34382,-0.97183,0.0
-2.34382,-0.94325,0.0
-2.34382,-0.91466,0.0
-2.34382,-0.88608,0.0
-2.34382,-0.8575,0.0
-2.34382,-0.82891,0.0
-2.34382,-0.80033,0.0
-2.34382,-0.77175,0.0
-2.34382,-0.74316,0.0
-2.34382,-0.71458,0.0
-2.34382,-0.686,0.0
-2.34382,-0.65741,0.0
-2.34382,-0.62883,0.0
-2.34382,-0.60025,0.0
-2.34382,-0.57166,0.0
-2.34382,-0.54308,0.0
-2.34382,-0.5145,0.0
-2.34382,-0.48591,0.0
-2.34382,-0.45733,0.0
-2.34382,-0.42875,0.0
-2.34382,-0.40016,0.0
-2.34382,-0.37158,0.0
-2.34382,-0.343,0.0
-2.34382,-0.31442,0.0
-2.34382,-0.28583,0.0
-2.34382,-0.25725,0.0
-2.34382,-0.22867,0.0
-2.34382,-0.20008,0.0
-2.34382,-0.1715,0.0
-2.34382,-0.14292,0.0
-2.34382,-0.11433,0.0
-2.34382,-0.08575,0.0
-2.34382,-0.05717,0.0
-2.34382,-0.02858,0.0
-2.34382,0,0.0
-2.34382,0.02858,0.0
-2.34382,0.05717,0.0
-2.34382,0.08575,0.0
-2.34382,0.11433,0.0
-2.34382,0.14292,0.0
-2.34382,0.1715,0.0
-2.34382,0.20008,0.0
-2.34382,0.22867,0.0
-2.34382,0.25725,0.0
-2.34382,0.28583,0.0
-2.34382,0.31442,0.0
-2.34382,0.343,0.0
-2.34382,0.37158,0.0
-2.34382,0.40016,0.0
-2.34382,0.42875,0.0
-2.34382,0.45733,0.0
-2.34382,0.48591,0.0
-2.34382,0.5145,0.0
-2.34382,0.54308,0.0
-2.34382,0.57166,0.0
-2.34382,0.60025,0.0
-2.34382,0.62883,0.0
-2.34382,0.65741,0.0
-2.34382,0.686,0.0
-2.34382,0.71458,0.0
-2.34382,0.74316,0.0
-2.34382,0.77175,0.0
-2.34382,0.80033,0.0
-2.34382,0.82891,0.0
-2.34382,0.8575,0.0
-2.34382,0.88608,0.0
-2.34382,0.91466,0.0
-2.34382,0.94325,0.0
-2.34382,0.97183,0.0
-2.34382,1.00041,0.0
-2.34382,1.029,0.0
-2.34382,1.05758,0.0
-2.34382,1.08616,0.0
-2.34382,1.11474,0.0
-2.34382,1.14333,0.0
-2.34382,1.17191,0.0
-2.34382,1.20049,0.0
-2.34382,1.22908,0.0
-2.34382,1.25766,0.0
-2.34382,1.28624,0.0
-2.34382,1.31483,0.0
-2.34382,1.34341,0.0
-2.34382,1.37199,0.0
-2.34382,1.40058,0.0
-2.34382,1.42916,0.0
-2.34382,1.45774,0.0
-2.34382,1.48633,0.0
-2.34382,1.51491,0.0
-2.31524,-1.57208,0.0
-2.31524,-1.54349,0.0
-2.31524,-1.51491,0.0
-2.31524,-1.48633,0.0
-2.31524,-1.45774,0.0
-2.31524,-1.42916,0.0
-2.31524,-1.40058,0.0
-2.31524,-1.37199,0.0
-2.31524,-1.34341,0.0
-2.31524,-1.31483,0.0
-2.31524,-1.28624,0.0
-2.31524,-1.25766,0.0
-2.31524,-1.22908,0.0
-2.31524,-1.20049,0.0
-2.31524,-1.17191,0.0
-2.31524,-1.14333,0.0
-2.31524,-1.11474,0.0
-2.31524,-1.08616,0.0
-2.31524,-1.05758,0.0
-2.31524,-1.029,0.0
-2.31524,-1.00041,0.0
-2.31524,-0.97183,0.0
-2.31524,-0.94325,0.0
-2.31524,-0.91466,0.0
-2.31524,-0.88608,0.0
-2.31524,-0.8575,0.0
-2.31524,-0.82891,0.0
-2.31524,-0.80033,0.0
-2.31524,-0.77175,0.0
-2.31524,-0.74316,0.0
-2.31524,-0.71458,0.0
-2.31524,-0.686,0.0
-2.31524,-0.65741,0.0
-2.31524,-0.62883,0.0
-2.31524,-0.60025,0.0
-2.31524,-0.57166,0.0
-2.31524,-0.54308,0.0
-2.31524,-0.5145,0.0
-2.31524,-0.48591,0.0
-2.31524,-0.45733,0.0
-2.31524,-0.42875,0.0
-2.31524,-0.40016,0.0
-2.31524,-0.37158,0.0
-2.31524,-0.343,0.0
-2.31524,-0.31442,0.0
-2.31524,-0.28583,0.0
-2.31524,-0.25725,0.0
-2.31524,-0.22867,0.0
-2.31524,-0.20008,0.0
-2.31524,-0.1715,0.0
-2.31524,-0.14292,0.0
-2.31524,-0.11433,0.0
-2.31524,-0.08575,0.0
-2.31524,-0.05717,0.0
-2.31524,-0.02858,0.0
-2.31524,0,0.0
-2.31524,0.02858,0.0
-2.31524,0.05717,0.0
-2.31524,0.08575,0.0
-2.31524,0.11433,0.0
-2.31524,0.14292,0.0
-2.31524,0.1715,0.0
-2.31524,0.20008,0.0
-2.31524,0.22867,0.0
-2.31524,0.25725,0.0
-2.31524,0.28583,0.0
-2.31524,0.31442,0.0
-2.31524,0.343,0.0
-2.31524,0.37158,0.0
-2.31524,0.40016,0.0
-2.31524,0.42875,0.0
-2.31524,0.45733,0.0
-2.31524,0.48591,0.0
-2.31524,0.5145,0.0
-2.31524,0.54308,0.0
-2.31524,0.57166,0.0
-2.31524,0.60025,0.0
-2.31524,0.62883,0.0
-2.31524,0.65741,0.0
-2.31524,0.686,0.0
-2.31524,0.71458,0.0
-2.31524,0.74316,0.0
-2.31524,0.77175,0.0
-2.31524,0.80033,0.0
-2.31524,0.82891,0.0
-2.31524,0.8575,0.0
-2.31524,0.88608,0.0
-2.31524,0.91466,0.0
-2.31524,0.94325,0.0
-2.31524,0.97183,0.0
-2.31524,1.00041,0.0
-2.31524,1.029,0.0
-2.31524,1.05758,0.0
-2.31524,1.08616,0.0
-2.31524,1.11474,0.0
-2.31524,1.14333,0.0
-2.31524,1.17191,0.0
-2.31524,1.20049,0.0
-2.31524,1.22908,0.0
-2.31524,1.25766,0.0
-2.31524,1.28624,0.0
-2.31524,1.31483,0.0
-2.31524,1.34341,0.0
-2.31524,1.37199,0.0
-2.31524,1.40058,0.0
-2.31524,1.42916,0.0
-2.31524,1.45774,0.0
-2.31524,1.48633,0.0
-2.31524,1.51491,0.0
-2.31524,1.54349,0.0
-2.31524,1.57208,0.0
-2.28666,-1.60066,0.0
-2.28666,-1.57208,0.0
-2.28666,-1.54349,0.0
-2.28666,-1.51491,0.0
-2.28666,-1.48633,0.0
-2.28666,-1.45774,0.0
-2.28666,-1.42916,0.0
-2.28666,-1.40058,0.0
-2.28666,-1.37199,0.0
-2.28666,-1.34341,0.0
-2.28666,-1.31483,0.0
-2.28666,-1.28624,0.0
-2.28666,-1.25766,0.0
-2.28666,-1.22908,0.0
-2.28666,-1.20049,0.0
-2.28666,-1.17191,0.0
-2.28666,-1.14333,0.0
-2.28666,-1.11474,0.0
-2.28666,-1.08616,0.0
-2.28666,-1.05758,0.0
-2.28666,-1.029,0.0
-2.28666,-1.00041,0.0
-2.28666,-0.97183,0.0
-2.28666,-0.94325,0.0
-2.28666,-0.91466,0.0
-2.28666,-0.88608,0.0
-2.28666,-0.8575,0.0
-2.28666,-0.82891,0.0
-2.28666,-0.80033,0.0
-2.28666,-0.77175,0.0
-2.28666,-0.74316,0.0
-2.28666,-0.71458,0.0
-2.28666,-0.686,0.0
-2.28666,-0.65741,0.0
-2.28666,-0.62883,0.0
-2.28666,-0.60025,0.0
-2.28666,-0.57166,0.0
-2.28666,-0.54308,0.0
-2.28666,-0.5145,0.0
-2.28666,-0.48591,0.0
-2.28666,-0.45733,0.0
-2.28666,-0.42875,0.0
-2.28666,-0.40016,0.0
-2.28666,-0.37158,0.0
-2.28666,-0.343,0.0
-2.28666,-0.31442,0.0
-2.28666,-0.28583,0.0
-2.28666,-0.25725,0.0
-2.28666,-0.22867,0.0
-2.28666,-0.20008,0.0
-2.28666,-0.1715,0.0
-2.28666,-0.14292,0.0
-2.28666,-0.11433,0.0
-2.28666,-0.08575,0.0
-2.28666,-0.05717,0.0
-2.28666,-0.02858,0.0
-2.28666,0,0.0
-2.28666,0.02858,0.0
-2.28666,0.05717,0.0
-2.28666,0.08575,0.0
-2.28666,0.11433,0.0
-2.28666,0.14292,0.0
-2.28666,0.1715,0.0
-2.28666,0.20008,0.0
-2.28666,0.22867,0.0
-2.28666,0.25725,0.0
-2.28666,0.28583,0.0
-2.28666,0.31442,0.0
-2.28666,0.343,0.0
-2.28666,0.37158,0.0
-2.28666,0.40016,0.0
-2.28666,0.42875,0.0
-2.28666,0.45733,0.0
-2.28666,0.48591,0.0
-2.28666,0.5145,0.0
-2.28666,0.54308,0.0
-2.28666,0.57166,0.0
-2.28666,0.60025,0.0
-2.28666,0.62883,0.0
-2.28666,0.65741,0.0
-2.28666,0.686,0.0
-2.28666,0.71458,0.0
-2.28666,0.74316,0.0
-2.28666,0.77175,0.0
-2.28666,0.80033,0.0
-2.28666,0.82891,0.0
-2.28666,0.8575,0.0
-2.28666,0.88608,0.0
-2.28666,0.91466,0.0
-2.28666,0.94325,0.0
-2.28666,0.97183,0.0
-2.28666,1.00041,0.0
-2.28666,1.029,0.0
-2.28666,1.05758,0.0
-2.28666,1.08616,0.0
-2.28666,1.11474,0.0
-2.28666,1.14333,0.0
-2.28666,1.17191,0.0
-2.28666,1.20049,0.0
-2.28666,1.22908,0.0
-2.28666,1.25766,0.0
-2.28666,1.28624,0.0
-2.28666,1.31483,0.0
-2.28666,1.34341,0.0
-2.28666,1.37199,0.0
-2.28666,1.40058,0.0
-2.28666,1.42916,0.0
-2.28666,1.45774,0.0
-2.28666,1.48633,0.0
-2.28666,1.51491,0.0
-2.28666,1.54349,0.0
-2.28666,1.57208,0.0
-2.28666,1.60066,0.0
-2.25807,-1.62924,0.0
-2.25807,-1.60066,0.0
-2.25807,-1.57208,0.0
-2.25807,-1.54349,0.0
-2.25807,-1.51491,0.0
-2.25807,-1.48633,0.0
-2.25807,-1.45774,0.0
-2.25807,-1.42916,0.0
-2.25807,-1.40058,0.0
-2.25807,-1.37199,0.0
-2.25807,-1.34341,0.0
-2.25807,-1.31483,0.0
-2.25807,-1.28624,0.0
-2.25807,-1.25766,0.0
-2.25807,-1.22908,0.0
-2.25807,-1.20049,0.0
-2.25807,-1.17191,0.0
-2.25807,-1.14333,0.0
-2.25807,-1.11474,0.0
-2.25807,-1.08616,0.0
-2.25807,-1.05758,0.0
-2.25807,-1.029,0.0
-2.25807,-1.00041,0.0
-2.25807,-0.97183,0.0
-2.25807,-0.94325,0.0
-2.25807,-0.91466,0.0
-2.25807,-0.88608,0.0
-2.25807,-0.8575,0.0
-2.25807,-0.82891,0.0
-2.25807,-0.80033,0.0
-2.25807,-0.77175,0.0
-2.25807,-0.74316,0.0
-2.25807,-0.71458,0.0
-2.25807,-0.686,0.0
-2.25807,-0.65741,0.0
-2.25807,-0.62883,0.0
-2.25807,-0.60025,0.0
-2.25807,-0.57166,0.0
-2.25807,-0.54308,0.0
-2.25807,-0.5145,0.0
-2.25807,-0.48591,0.0
-2.25807,-0.45733,0.0
-2.25807,-0.42875,0.0
-2.25807,-0.40016,0.0
-2.25807,-0.37158,0.0
-2.25807,-0.343,0.0
-2.25807,-0.31442,0.0
-2.25807,-0.28583,0.0
-2.25807,-0.25725,0.0
-2.25807,-0.22867,0.0
-2.25807,-0.20008,0.0
-2.25807,-0.1715,0.0
-2.25807,-0.14292,0.0
-2.25807,-0.11433,0.0
-2.25807,-0.08575,0.0
-2.25807,-0.05717,0.0
-2.25807,-0.02858,0.0
-2.25807,0,0.0
-2.25807,0.02858,0.0
-2.25807,0.05717,0.0
-2.25807,0.08575,0.0
-2.25807,0.11433,0.0
-2.25807,0.14292,0.0
-2.25807,0.1715,0.0
-2.25807,0.20008,0.0
-2.25807,0.22867,0.0
-2.25807,0.25725,0.0
-2.25807,0.28583,0.0
-2.25807,0.31442,0.0
-2.25807,0.343,0.0
-2.25807,0.37158,0.0
-2.25807,0.40016,0.0
-2.25807,0.42875,0.0
-2.25807,0.45733,0.0
-2.25807,0.48591,0.0
-2.25807,0.5145,0.0
-2.25807,0.54308,0.0
-2.25807,0.57166,0.0
-2.25807,0.60025,0.0
-2.25807,0.62883,0.0
-2.25807,0.65741,0.0
-2.25807,0.686,0.0
-2.25807,0.71458,0.0
-2.25807,0.74316,0.0
-2.25807,0.77175,0.0
-2.25807,0.80033,0.0
-2.25807,0.82891,0.0
-2.25807,0.8575,0.0
-2.25807,0.88608,0.0
-2.25807,0.91466,0.0
-2.25807,0.94325,0.0
-2.25807,0.97183,0.0
-2.25807,1.00041,0.0
-2.25807,1.029,0.0
-2.25807,1.05758,0.0
-2.25807,1.08616,0.0
-2.25807,1.11474,0.0
-2.25807,1.14333,0.0
-2.25807,1.17191,0.0
-2.25807,1.20049,0.0
-2.25807,1.22908,0.0
-2.25807,1.25766,0.0
-2.25807,1.28624,0.0
-2.25807,1.31483,0.0
-2.25807,1.34341,0.0
-2.25807,1.37199,0.0
-2.25807,1.40058,0.0
-2.25807,1.42916,0.0
-2.25807,1.45774,0.0
-2.25807,1.48633,0.0
-2.25807,1.51491,0.0
-2.25807,1.54349,0.0
-2.25807,1.57208,0.0
-2.25807,1.60066,0.0
-2.25807,1.62924,0.0
-2.22949,-1.68641,0.0
-2.22949,-1.65783,0.0
-2.22949,-1.62924,0.0
-2.22949,-1.60066,0.0
-2.22949,-1.57208,0.0
-2.22949,-1.54349,0.0
-2.22949,-1.51491,0.0
-2.22949,-1.48633,0.0
-2.22949,-1.45774,0.0
-2.22949,-1.42916,0.0
-2.22949,-1.40058,0.0
-2.22949,-1.37199,0.0
-2.22949,-1.34341,0.0
-2.22949,-1.31483,0.0
-2.22949,-1.28624,0.0
-2.22949,-1.25766,0.0
-2.22949,-1.22908,0.0
-2.22949,-1.20049,0.0
-2.22949,-1.17191,0.0
-2.22949,-1.14333,0.0
-2.22949,-1.11474,0.0
-2.22949,-1.08616,0.0
-2.22949,-1.05758,0.0
-2.22949,-1.029,0.0
-2.22949,-1.00041,0.0
-2.22949,-0.97183,0.0
-2.22949,-0.94325,0.0
-2.22949,-0.91466,0.0
-2.22949,-0.88608,0.0
-2.22949,-0.8575,0.0
-2.22949,-0.82891,0.0
-2.22949,-0.80033,0.0
-2.22949,-0.77175,0.0
-2.22949,-0.74316,0.0
-2.22949,-0.71458,0.0
-2.22949,-0.686,0.0
-2.22949,-0.65741,0.0
-2.22949,-0.62883,0.0
-2.22949,-0.60025,0.0
-2.22949,-0.57166,0.0
-2.22949,-0.54308,0.0
-2.22949,-0.5145,0.0
-2.22949,-0.48591,0.0
-2.22949,-0.45733,0.0
-2.22949,-0.42875,0.0
-2.22949,-0.40016,0.0
-2.22949,-0.37158,0.0
-2.22949,-0.343,0.0
-2.22949,-0.31442,0.0
-2.22949,-0.28583,0.0
-2.22949,-0.25725,0.0
-2.22949,-0.22867,0.0
-2.22949,-0.20008,0.0
-2.22949,-0.1715,0.0
-2.22949,-0.14292,0.0
-2.22949,-0.11433,0.0
-2.22949,-0.08575,0.0
-2.22949,-0.05717,0.0
-2.22949,-0.02858,0.0
-2.22949,0,0.0
-2.22949,0.02858,0.0
-2.22949,0.05717,0.0
-2.22949,0.08575,0.0
-2.22949,0.11433,0.0
-2.22949,0.14292,0.0
-2.22949,0.1715,0.0
-2.22949,0.20008,0.0
-2.22949,0.22867,0.0
-2.22949,0.25725,0.0
-2.22949,0.28583,0.0
-2.22949,0.31442,0.0
-2.22949,0.343,0.0
-2.22949,0.37158,0.0
-2.22949,0.40016,0.0
-2.22949,0.42875,0.0
-2.22949,0.45733,0.0
-2.22949,0.48591,0.0
-2.22949,0.5145,0.0
-2.22949,0.54308,0.0
-2.22949,0.57166,0.0
-2.22949,0.60025,0.0
-2.22949,0.62883,0.0
-2.22949,0.65741,0.0
-2.22949,0.686,0.0
-2.22949,0.71458,0.0
-2.22949,0.74316,0.0
-2.22949,0.77175,0.0
-2.22949,0.80033,0.0
-2.22949,0.82891,0.0
-2.22949,0.8575,0.0
-2.22949,0.88608,0.0
-2.22949,0.91466,0.0
-2.22949,0.94325,0.0
-2.22949,0.97183,0.0
-2.22949,1.00041,0.0
-2.22949,1.029,0.0
-2.22949,1.05758,0.0
-2.22949,1.08616,0.0
-2.22949,1.11474,0.0
-2.22949,1.14333,0.0
-2.22949,1.17191,0.0
-2.22949,1.20049,0.0
-2.22949,1.22908,0.0
-2.22949,1.25766,0.0
-2.22949,1.28624,0.0
-2.22949,1.31483,0.0
-2.22949,1.34341,0.0
-2.22949,1.37199,0.0
-2.22949,1.40058,0.0
-2.22949,1.42916,0.0
-2.22949,1.45774,0.0
-2.22949,1.48633,0.0
-2.22949,1.51491,0.0
-2.22949,1.54349,0.0
-2.22949,1.57208,0.0
-2.22949,1.60066,0.0
-2.22949,1.62924,0.0
-2.22949,1.65783,0.0
-2.22949,1.68641,0.0
-2.20091,-1.71499,0.0
-2.20091,-1.68641,0.0
-2.20091,-1.65783,0.0
-2.20091,-1.62924,0.0
-2.20091,-1.60066,0.0
-2.20091,-1.57208,0.0
-2.20091,-1.54349,0.0
-2.20091,-1.51491,0.0
-2.20091,-1.48633,0.0
-2.20091,-1.45774,0.0
-2.20091,-1.42916,0.0
-2.20091,-1.40058,0.0
-2.20091,-1.37199,0.0
-2.20091,-1.34341,0.0
-2.20091,-1.31483,0.0
-2.20091,-1.28624,0.0
-2.20091,-1.25766,0.0
-2.20091,-1.22908,0.0
-2.20091,-1.20049,0.0
-2.20091,-1.17191,0.0
-2.20091,-1.14333,0.0
-2.20091,-1.11474,0.0
-2.20091,-1.08616,0.0
-2.20091,-1.05758,0.0
-2.20091,-1.029,0.0
-2.20091,-1.00041,0.0
-2.20091,-0.97183,0.0
-2.20091,-0.94325,0.0
-2.20091,-0.91466,0.0
-2.20091,-0.88608,0.0
-2.20091,-0.8575,0.0
-2.20091,-0.82891,0.0
-2.20091,-0.80033,0.0
-2.20091,-0.77175,0.0
-2.20091,-0.74316,0.0
-2.20091,-0.71458,0.0
-2.20091,-0.686,0.0
-2.20091,-0.65741,0.0
-2.20091,-0.62883,0.0
-2.20091,-0.60025,0.0
-2.20091,-0.57166,0.0
-2.20091,-0.54308,0.0
-2.20091,-0.5145,0.0
-2.20091,-0.48591,0.0
-2.20091,-0.45733,0.0
-2.20091,-0.42875,0.0
-2.20091,-0.40016,0.0
-2.20091,-0.37158,0.0
-2.20091,-0.343,0.0
-2.20091,-0.31442,0.0
-2.20091,-0.28583,0.0
-2.20091,-0.25725,0.0
-2.20091,-0.22867,0.0
-2.20091,-0.20008,0.0
-2.20091,-0.1715,0.0
-2.20091,-0.14292,0.0
-2.20091,-0.11433,0.0
-2.20091,-0.08575,0.0
-2.20091,-0.05717,0.0
-2.20091,-0.02858,0.0
-2.20091,0,0.0
-2.20091,0.02858,0.0
-2.20091,0.05717,0.0
-2.20091,0.08575,0.0
-2.20091,0.11433,0.0
-2.20091,0.14292,0.0
-2.20091,0.1715,0.0
-2.20091,0.20008,0.0
-2.20091,0.22867,0.0
-2.20091,0.25725,0.0
-2.20091,0.28583,0.0
-2.20091,0.31442,0.0
-2.20091,0.343,0.0
-2.20091,0.37158,0.0
-2.20091,0.40016,0.0
-2.20091,0.42875,0.0
-2.20091,0.45733,0.0
-2.20091,0.48591,0.0
-2.20091,0.5145,0.0
-2.20091,0.54308,0.0
-2.20091,0.57166,0.0
-2.20091,0.60025,0.0
-2.20091,0.62883,0.0
-2.20091,0.65741,0.0
-2.20091,0.686,0.0
-2.20091,0.71458,0.0
-2.20091,0.74316,0.0
-2.20091,0.77175,0.0
-2.20091,0.80033,0.0
-2.20091,0.82891,0.0
-2.20091,0.8575,0.0
-2.20091,0.88608,0.0
-2.20091,0.91466,0.0
-2.20091,0.94325,0.0
-2.20091,0.97183,0.0
-2.20091,1.00041,0.0
-2.20091,1.029,0.0
-2.20091,1.05758,0.0
-2.20091,1.08616,0.0
-2.20091,1.11474,0.0
-2.20091,1.14333,0.0
-2.20091,1.17191,0.0
-2.20091,1.20049,0.0
-2.20091,1.22908,0.0
-2.20091,1.25766,0.0
-2.20091,1.28624,0.0
-2.20091,1.31483,0.0
-2.20091,1.34341,0.0
-2.20091,1.37199,0.0
-2.20091,1.40058,0.0
-2.20091,1.42916,0.0
-2.20091,1.45774,0.0
-2.20091,1.48633,0.0
-2.20091,1.51491,0.0
-2.20091,1.54349,0.0
-2.20091,1.57208,0.0
-2.20091,1.60066,0.0
-2.20091,1.62924,0.0
-2.20091,1.65783,0.0
-2.20091,1.68641,0.0
-2.20091,1.71499,0.0
-2.17232,-1.74358,0.0
-2.17232,-1.71499,0.0
-2.17232,-1.68641,0.0
-2.17232,-1.65783,0.0
-2.17232,-1.62924,0.0
-2.17232,-1.60066,0.0
-2.17232,-1.57208,0.0
-2.17232,-1.54349,0.0
-2.17232,-1.51491,0.0
-2.17232,-1.48633,0.0
-2.17232,-1.45774,0.0
-2.17232,-1.42916,0.0
-2.17232,-1.40058,0.0
-2.17232,-1.37199,0.0
-2.17232,-1.34341,0.0
-2.17232,-1.31483,0.0
-2.17232,-1.28624,0.0
-2.17232,-1.25766,0.0
-2.17232,-1.22908,0.0
-2.17232,-1.20049,0.0
-2.17232,-1.17191,0.0
-2.17232,-1.14333,0.0
-2.17232,-1.11474,0.0
-2.17232,-1.08616,0.0
-2.17232,-1.05758,0.0
-2.17232,-1.029,0.0
-2.17232,-1.00041,0.0
-2.17232,-0.97183,0.0
-2.17232,-0.94325,0.0
-2.17232,-0.91466,0.0
-2.17232,-0.88608,0.0
-2.17232,-0.8575,0.0
-2.17232,-0.82891,0.0
-2.17232,-0.80033,0.0
-2.17232,-0.77175,0.0
-2.17232,-0.74316,0.0
-2.17232,-0.71458,0.0
-2.17232,-0.686,0.0
-2.17232,-0.65741,0.0
-2.17232,-0.62883,0.0
-2.17232,-0.60025,0.0
-2.17232,-0.57166,0.0
-2.17232,-0.54308,0.0
-2.17232,-0.5145,0.0
-2.17232,-0.48591,0.0
-2.17232,-0.45733,0.0
-2.17232,-0.42875,0.0
-2.17232,-0.40016,0.0
-2.17232,-0.37158,0.0
-2.17232,-0.343,0.0
-2.17232,-0.31442,0.0
-2.17232,-0.28583,0.0
-2.17232,-0.25725,0.0
-2.17232,-0.22867,0.0
-2.17232,-0.20008,0.0
-2.17232,-0.1715,0.0
-2.17232,-0.14292,0.0
-2.17232,-0.11433,0.0
-2.17232,-0.08575,0.0
-2.17232,-0.05717,0.0
-2.17232,-0.02858,0.0
-2.17232,0,0.0
-2.17232,0.02858,0.0
-2.17232,0.05717,0.0
-2.17232,0.08575,0.0
-2.17232,0.11433,0.0
-2.17232,0.14292,0.0
-2.17232,0.1715,0.0
-2.17232,0.20008,0.0
-2.17232,0.22867,0.0
-2.17232,0.25725,0.0
-2.17232,0.28583,0.0
-2.17232,0.31442,0.0
-2.17232,0.343,0.0
-2.17232,0.37158,0.0
-2.17232,0.40016,0.0
-2.17232,0.42875,0.0
-2.17232,0.45733,0.0
-2.17232,0.48591,0.0
-2.17232,0.5145,0.0
-2.17232,0.54308,0.0
-2.17232,0.57166,0.0
-2.17232,0.60025,0.0
-2.17232,0.62883,0.0
-2.17232,0.65741,0.0
-2.17232,0.686,0.0
-2.17232,0.71458,0.0
-2.17232,0.74316,0.0
-2.17232,0.77175,0.0
-2.17232,0.80033,0.0
-2.17232,0.82891,0.0
-2.17232,0.8575,0.0
-2.17232,0.88608,0.0
-2.17232,0.91466,0.0
-2.17232,0.94325,0.0
-2.17232,0.97183,0.0
-2.17232,1.00041,0.0
-2.17232,1.029,0.0
-2.17232,1.05758,0.0
-2.17232,1.08616,0.0
-2.17232,1.11474,0.0
-2.17232,1.14333,0.0
-2.17232,1.17191,0.0
-2.17232,1.20049,0.0
-2.17232,1.22908,0.0
-2.17232,1.25766,0.0
-2.17232,1.28624,0.0
-2.17232,1.31483,0.0
-2.17232,1.34341,0.0
-2.17232,1.37199,0.0
-2.17232,1.40058,0.0
-2.17232,1.42916,0.0
-2.17232,1.45774,0.0
-2.17232,1.48633,0.0
-2.17232,1.51491,0.0
-2.17232,1.54349,0.0
-2.17232,1.57208,0.0
-2.17232,1.60066,0.0
-2.17232,1.62924,0.0
-2.17232,1.65783,0.0
-2.17232,1.68641,0.0
-2.17232,1.71499,0.0
-2.17232,1.74358,0.0
-2.14374,-1.80074,0.0
-2.14374,-1.77216,0.0
-2.14374,-1.74358,0.0
-2.14374,-1.71499,0.0
-2.14374,-1.68641,0.0
-2.14374,-1.65783,0.0
-2.14374,-1.62924,0.0
-2.14374,-1.60066,0.0
-2.14374,-1.57208,0.0
-2.14374,-1.54349,0.0
-2.14374,-1.51491,0.0
-2.14374,-1.48633,0.0
-2.14374,-1.45774,0.0
-2.14374,-1.42916,0.0
-2.14374,-1.40058,0.0
-2.14374,-1.37199,0.0
-2.14374,-1.34341,0.0
-2.14374,-1.31483,0.0
-2.14374,-1.28624,0.0
-2.14374,-1.25766,0.0
-2.14374,-1.22908,0.0
-2.14374,-1.20049,0.0
-2.14374,-1.17191,0.0
-2.14374,-1.14333,0.0
-2.14374,-1.11474,0.0
-2.14374,-1.08616,0.0
-2.14374,-1.05758,0.0
-2.14374,-1.029,0.0
-2.14374,-1.00041,0.0
-2.14374,-0.97183,0.0
-2.14374,-0.94325,0.0
-2.14374,-0.91466,0.0
-2.14374,-0.88608,0.0
-2.14374,-0.8575,0.0
-2.14374,-0.82891,0.0
-2.14374,-0.80033,0.0
-2.14374,-0.77175,0.0
-2.14374,-0.74316,0.0
-2.14374,-0.71458,0.0
-2.14374,-0.686,0.0
-2.14374,-0.65741,0.0
-2.14374,-0.62883,0.0
-2.14374,-0.60025,0.0
-2.14374,-0.57166,0.0
-2.14374,-0.54308,0.0
-2.14374,-0.5145,0.0
-2.14374,-0.48591,0.0
-2.14374,-0.45733,0.0
-2.14374,-0.42875,0.0
-2.14374,-0.40016,0.0
-2.14374,-0.37158,0.0
-2.14374,-0.343,0.0
-2.14374,-0.31442,0.0
-2.14374,-0.28583,0.0
-2.14374,-0.25725,0.0
-2.14374,-0.22867,0.0
-2.14374,-0.20008,0.0
-2.14374,-0.1715,0.0
-2.14374,-0.14292,0.0
-2.14374,-0.11433,0.0
-2.14374,-0.08575,0.0
-2.14374,-0.05717,0.0
-2.14374,-0.02858,0.0
-2.14374,0,0.0
-2.14374,0.02858,0.0
-2.14374,0.05717,0.0
-2.14374,0.08575,0.0
-2.14374,0.11433,0.0
-2.14374,0.14292,0.0
-2.14374,0.1715,0.0
-2.14374,0.20008,0.0
-2.14374,0.22867,0.0
-2.14374,0.25725,0.0
-2.14374,0.28583,0.0
-2.14374,0.31442,0.0
-2.14374,0.343,0.0
-2.14374,0.37158,0.0
-2.14374,0.40016,0.0
-2.14374,0.42875,0.0
-2.14374,0.45733,0.0
-2.14374,0.48591,0.0
-2.14374,0.5145,0.0
-2.14374,0.54308,0.0
-2.14374,0.57166,0.0
-2.14374,0.60025,0.0
-2.14374,0.62883,0.0
-2.14374,0.65741,0.0
-2.14374,0.686,0.0
-2.14374,0.71458,0.0
-2.14374,0.74316,0.0
-2.14374,0.77175,0.0
-2.14374,0.80033,0.0
-2.14374,0.82891,0.0
-2.14374,0.8575,0.0
-2.14374,0.88608,0.0
-2.14374,0.91466,0.0
-2.14374,0.94325,0.0
-2.14374,0.97183,0.0
-2.14374,1.00041,0.0
-2.14374,1.029,0.0
-2.14374,1.05758,0.0
-2.14374,1.08616,0.0
-2.14374,1.11474,0.0
-2.14374,1.14333,0.0
-2.14374,1.17191,0.0
-2.14374,1.20049,0.0
-2.14374,1.22908,0.0
-2.14374,1.25766,0.0
-2.14374,1.28624,0.0
-2.14374,1.31483,0.0
-2.14374,1.34341,0.0
-2.14374,1.37199,0.0
-2.14374,1.40058,0.0
-2.14374,1.42916,0.0
-2.14374,1.45774,0.0
-2.14374,1.48633,0.0
-2.14374,1.51491,0.0
-2.14374,1.54349,0.0
-2.14374,1.57208,0.0
-2.14374,1.60066,0.0
-2.14374,1.62924,0.0
-2.14374,1.65783,0.0
-2.14374,1.68641,0.0
-2.14374,1.71499,0.0
-2.14374,1.74358,0.0
-2.14374,1.77216,0.0
-2.14374,1.80074,0.0
-2.11516,-1.82933,0.0
-2.11516,-1.80074,0.0
-2.11516,-1.77216,0.0
-2.11516,-1.74358,0.0
-2.11516,-1.71499,0.0
-2.11516,-1.68641,0.0
-2.11516,-1.65783,0.0
-2.11516,-1.62924,0.0
-2.11516,-1.60066,0.0
-2.11516,-1.57208,0.0
-2.11516,-1.54349,0.0
-2.11516,-1.51491,0.0
-2.11516,-1.48633,0.0
-2.11516,-1.45774,0.0
-2.11516,-1.42916,0.0
-2.11516,-1.40058,0.0
-2.11516,-1.37199,0.0
-2.11516,-1.34341,0.0
-2.11516,-1.31483,0.0
-2.11516,-1.28624,0.0
-2.11516,-1.25766,0.0
-2.11516,-1.22908,0.0
-2.11516,-1.20049,0.0
-2.11516,-1.17191,0.0
-2.11516,-1.14333,0.0
-2.11516,-1.11474,0.0
-2.11516,-1.08616,0.0
-2.11516,-1.05758,0.0
-2.11516,-1.029,0.0
-2.11516,-1.00041,0.0
-2.11516,-0.97183,0.0
-2.11516,-0.94325,0.0
-2.11516,-0.91466,0.0
-2.11516,-0.88608,0.0
-2.11516,-0.8575,0.0
-2.11516,-0.82891,0.0
-2.11516,-0.80033,0.0
-2.11516,-0.77175,0.0
-2.11516,-0.74316,0.0
-2.11516,-0.71458,0.0
-2.11516,-0.686,0.0
-2.11516,-0.65741,0.0
-2.11516,-0.62883,0.0
-2.11516,-0.60025,0.0
-2.11516,-0.57166,0.0
-2.11516,-0.54308,0.0
-2.11516,-0.5145,0.0
-2.11516,-0.48591,0.0
-2.11516,-0.45733,0.0
-2.11516,-0.42875,0.0
-2.11516,-0.40016,0.0
-2.11516,-0.37158,0.0
-2.11516,-0.343,0.0
-2.11516,-0.31442,0.0
-2.11516,-0.28583,0.0
-2.11516,-0.25725,0.0
-2.11516,-0.22867,0.0
-2.11516,-0.20008,0.0
-2.11516,-0.1715,0.0
-2.11516,-0.14292,0.0
-2.11516,-0.11433,0.0
-2.11516,-0.08575,0.0
-2.11516,-0.05717,0.0
-2.11516,-0.02858,0.0
-2.11516,0,0.0
-2.11516,0.02858,0.0
-2.11516,0.05717,0.0
-2.11516,0.08575,0.0
-2.11516,0.11433,0.0
-2.11516,0.14292,0.0
-2.11516,0.1715,0.0
-2.11516,0.20008,0.0
-2.11516,0.22867,0.0
-2.11516,0.25725,0.0
-2.11516,0.28583,0.0
-2.11516,0.31442,0.0
-2.11516,0.343,0.0
-2.11516,0.37158,0.0
-2.11516,0.40016,0.0
-2.11516,0.42875,0.0
-2.11516,0.45733,0.0
-2.11516,0.48591,0.0
-2.11516,0.5145,0.0
-2.11516,0.54308,0.0
-2.11516,0.57166,0.0
-2.11516,0.60025,0.0
-2.11516,0.62883,0.0
-2.11516,0.65741,0.0
-2.11516,0.686,0.0
-2.11516,0.71458,0.0
-2.11516,0.74316,0.0
-2.11516,0.77175,0.0
-2.11516,0.80033,0.0
-2.11516,0.82891,0.0
-2.11516,0.8575,0.0
-2.11516,0.88608,0.0
-2.11516,0.91466,0.0
-2.11516,0.94325,0.0
-2.11516,0.97183,0.0
-2.11516,1.00041,0.0
-2.11516,1.029,0.0
-2.11516,1.05758,0.0
-2.11516,1.08616,0.0
-2.11516,1.11474,0.0
-2.11516,1.14333,0.0
-2.11516,1.17191,0.0
-2.11516,1.20049,0.0
-2.11516,1.22908,0.0
-2.11516,1.25766,0.0
-2.11516,1.28624,0.0
-2.11516,1.31483,0.0
-2.11516,1.34341,0.0
-2.11516,1.37199,0.0
-2.11516,1.40058,0.0
-2.11516,1.42916,0.0
-2.11516,1.45774,0.0
-2.11516,1.48633,0.0
-2.11516,1.51491,0.0
-2.11516,1.54349,0.0
-2.11516,1.57208,0.0
-2.11516,1.60066,0.0
-2.11516,1.62924,0.0
-2.11516,1.65783,0.0
-2.11516,1.68641,0.0
-2.11516,1.71499,0.0
-2.11516,1.74358,0.0
-2.11516,1.77216,0.0
-2.11516,1.80074,0.0
-2.11516,1.82933,0.0
-2.08657,-1.85791,0.0
-2.08657,-1.82933,0.0
-2.08657,-1.80074,0.0
-2.08657,-1.77216,0.0
-2.08657,-1.74358,0.0
-2.08657,-1.71499,0.0
-2.08657,-1.68641,0.0
-2.08657,-1.65783,0.0
-2.08657,-1.62924,0.0
-2.08657,-1.60066,0.0
-2.08657,-1.57208,0.0
-2.08657,-1.54349,0.0
-2.08657,-1.51491,0.0
-2.08657,-1.48633,0.0
-2.08657,-1.45774,0.0
-2.08657,-1.42916,0.0
-2.08657,-1.40058,0.0
-2.08657,-1.37199,0.0
-2.08657,-1.34341,0.0
-2.08657,-1.31483,0.0
-2.08657,-1.28624,0.0
-2.08657,-1.25766,0.0
-2.08657,-1.22908,0.0
-2.08657,-1.20049,0.0
-2.08657,-1.17191,0.0
-2.08657,-1.14333,0.0
-2.08657,-1.11474,0.0
-2.08657,-1.08616,0.0
-2.08657,-1.05758,0.0
-2.08657,-1.029,0.0
-2.08657,-1.00041,0.0
-2.08657,-0.97183,0.0
-2.08657,-0.94325,0.0
-2.08657,-0.91466,0.0
-2.08657,-0.88608,0.0
-2.08657,-0.8575,0.0
-2.08657,-0.82891,0.0
-2.08657,-0.80033,0.0
-2.08657,-0.77175,0.0
-2.08657,-0.74316,0.0
-2.08657,-0.71458,0.0
-2.08657,-0.686,0.0
-2.08657,-0.65741,0.0
-2.08657,-0.62883,0.0
-2.08657,-0.60025,0.0
-2.08657,-0.57166,0.0
-2.08657,-0.54308,0.0
-2.08657,-0.5145,0.0
-2.08657,-0.48591,0.0
-2.08657,-0.45733,0.0
-2.08657,-0.42875,0.0
-2.08657,-0.40016,0.0
-2.08657,-0.37158,0.0
-2.08657,-0.343,0.0
-2.08657,-0.31442,0.0
-2.08657,-0.28583,0.0
-2.08657,-0.25725,0.0
-2.08657,-0.22867,0.0
-2.08657,-0.20008,0.0
-2.08657,-0.1715,0.0
-2.08657,-0.14292,0.0
-2.08657,-0.11433,0.0
-2.08657,-0.08575,0.0
-2.08657,-0.05717,0.0
-2.08657,-0.02858,0.0
-2.08657,0,0.0
-2.08657,0.02858,0.0
-2.08657,0.05717,0.0
-2.08657,0.08575,0.0
-2.08657,0.11433,0.0
-2.08657,0.14292,0.0
-2.08657,0.1715,0.0
-2.08657,0.20008,0.0
-2.08657,0.22867,0.0
-2.08657,0.25725,0.0
-2.08657,0.28583,0.0
-2.08657,0.31442,0.0
-2.08657,0.343,0.0
-2.08657,0.37158,0.0
-2.08657,0.40016,0.0
-2.08657,0.42875,0.0
-2.08657,0.45733,0.0
-2.08657,0.48591,0.0
-2.08657,0.5145,0.0
-2.08657,0.54308,0.0
-2.08657,0.57166,0.0
-2.08657,0.60025,0.0
-2.08657,0.62883,0.0
-2.08657,0.65741,0.0
-2.08657,0.686,0.0
-2.08657,0.71458,0.0
-2.08657,0.74316,0.0
-2.08657,0.77175,0.0
-2.08657,0.80033,0.0
-2.08657,0.82891,0.0
-2.08657,0.8575,0.0
-2.08657,0.88608,0.0
-2.08657,0.91466,0.0
-2.08657,0.94325,0.0
-2.08657,0.97183,0.0
-2.08657,1.00041,0.0
-2.08657,1.029,0.0
-2.08657,1.05758,0.0
-2.08657,1.08616,0.0
-2.08657,1.11474,0.0
-2.08657,1.14333,0.0
-2.08657,1.17191,0.0
-2.08657,1.20049,0.0
-2.08657,1.22908,0.0
-2.08657,1.25766,0.0
-2.08657,1.28624,0.0
-2.08657,1.31483,0.0
-2.08657,1.34341,0.0
-2.08657,1.37199,0.0
-2.08657,1.40058,0.0
-2.08657,1.42916,0.0
-2.08657,1.45774,0.0
-2.08657,1.48633,0.0
-2.08657,1.51491,0.0
-2.08657,1.54349,0.0
-2.08657,1.57208,0.0
-2.08657,1.60066,0.0
-2.08657,1.62924,0.0
-2.08657,1.65783,0.0
-2.08657,1.68641,0.0
-2.08657,1.71499,0.0
-2.08657,1.74358,0.0
-2.08657,1.77216,0.0
-2.08657,1.80074,0.0
-2.08657,1.82933,0.0
-2.08657,1.85791,0.0
-2.05799,-1.88649,0.0
-2.05799,-1.85791,0.0
-2.05799,-1.82933,0.0
-2.05799,-1.80074,0.0
-2.05799,-1.77216,0.0
-2.05799,-1.74358,0.0
-2.05799,-1.71499,0.0
-2.05799,-1.68641,0.0
-2.05799,-1.65783,0.0
-2.05799,-1.62924,0.0
-2.05799,-1.60066,0.0
-2.05799,-1.57208,0.0
-2.05799,-1.54349,0.0
-2.05799,-1.51491,0.0
-2.05799,-1.48633,0.0
-2.05799,-1.45774,0.0
-2.05799,-1.42916,0.0
-2.05799,-1.40058,0.0
-2.05799,-1.37199,0.0
-2.05799,-1.34341,0.0
-2.05799,-1.31483,0.0
-2.05799,-1.28624,0.0
-2.05799,-1.25766,0.0
-2.05799,-1.22908,0.0
-2.05799,-1.20049,0.0
-2.05799,-1.17191,0.0
-2.05799,-1.14333,0.0
-2.05799,-1.11474,0.0
-2.05799,-1.08616,0.0
-2.05799,-1.05758,0.0
-2.05799,-1.029,0.0
-2.05799,-1.00041,0.0
-2.05799,-0.97183,0.0
-2.05799,-0.94325,0.0
-2.05799,-0.91466,0.0
-2.05799,-0.88608,0.0
-2.05799,-0.8575,0.0
-2.05799,-0.82891,0.0
-2.05799,-0.80033,0.0
-2.05799,-0.77175,0.0
-2.05799,-0.74316,0.0
-2.05799,-0.71458,0.0
-2.05799,-0.686,0.0
-2.05799,-0.65741,0.0
-2.05799,-0.62883,0.0
-2.05799,-0.60025,0.0
-2.05799,-0.57166,0.0
-2.05799,-0.54308,0.0
-2.05799,-0.5145,0.0
-2.05799,-0.48591,0.0
-2.05799,-0.45733,0.0
-2.05799,-0.42875,0.0
-2.05799,-0.40016,0.0
-2.05799,-0.37158,0.0
-2.05799,-0.343,0.0
-2.05799,-0.31442,0.0
-2.05799,-0.28583,0.0
-2.05799,-0.25725,0.0
-2.05799,-0.22867,0.0
-2.05799,-0.20008,0.0
-2.05799,-0.1715,0.0
-2.05799,-0.14292,0.0
-2.05799,-0.11433,0.0
-2.05799,-0.08575,0.0
-2.05799,-0.05717,0.0
-2.05799,-0.02858,0.0
-2.05799,0,0.0
-2.05799,0.02858,0.0
-2.05799,0.05717,0.0
-2.05799,0.08575,0.0
-2.05799,0.11433,0.0
-2.05799,0.14292,0.0
-2.05799,0.1715,0.0
-2.05799,0.20008,0.0
-2.05799,0.22867,0.0
-2.05799,0.25725,0.0
-2.05799,0.28583,0.0
-2.05799,0.31442,0.0
-2.05799,0.343,0.0
-2.05799,0.37158,0.0
-2.05799,0.40016,0.0
-2.05799,0.42875,0.0
-2.05799,0.45733,0.0
-2.05799,0.48591,0.0
-2.05799,0.5145,0.0
-2.05799,0.54308,0.0
-2.05799,0.57166,0.0
-2.05799,0.60025,0.0
-2.05799,0.62883,0.0
-2.05799,0.65741,0.0
-2.05799,0.686,0.0
-2.05799,0.71458,0.0
-2.05799,0.74316,0.0
-2.05799,0.77175,0.0
-2.05799,0.80033,0.0
-2.05799,0.82891,0.0
-2.05799,0.8575,0.0
-2.05799,0.88608,0.0
-2.05799,0.91466,0.0
-2.05799,0.94325,0.0
-2.05799,0.97183,0.0
-2.05799,1.00041,0.0
-2.05799,1.029,0.0
-2.05799,1.05758,0.0
-2.05799,1.08616,0.0
-2.05799,1.11474,0.0
-2.05799,1.14333,0.0
-2.05799,1.17191,0.0
-2.05799,1.20049,0.0
-2.05799,1.22908,0.0
-2.05799,1.25766,0.0
-2.05799,1.28624,0.0
-2.05799,1.31483,0.0
-2.05799,1.34341,0.0
-2.05799,1.37199,0.0
-2.05799,1.40058,0.0
-2.05799,1.42916,0.0
-2.05799,1.45774,0.0
-2.05799,1.48633,0.0
-2.05799,1.51491,0.0
-2.05799,1.54349,0.0
-2.05799,1.57208,0.0
-2.05799,1.60066,0.0
-2.05799,1.62924,0.0
-2.05799,1.65783,0.0
-2.05799,1.68641,0.0
-2.05799,1.71499,0.0
-2.05799,1.74358,0.0
-2.05799,1.77216,0.0
-2.05799,1.80074,0.0
-2.05799,1.82933,0.0
-2.05799,1.85791,0.0
-2.05799,1.88649,0.0
-2.02941,-1.91507,0.0
-2.02941,-1.88649,0.0
-2.02941,-1.85791,0.0
-2.02941,-1.82933,0.0
-2.02941,-1.80074,0.0
-2.02941,-1.77216,0.0
-2.02941,-1.74358,0.0
-2.02941,-1.71499,0.0
-2.02941,-1.68641,0.0
-2.02941,-1.65783,0.0
-2.02941,-1.62924,0.0
-2.02941,-1.60066,0.0
-2.02941,-1.57208,0.0
-2.02941,-1.54349,0.0
-2.02941,-1.51491,0.0
-2.02941,-1.48633,0.0
-2.02941,-1.45774,0.0
-2.02941,-1.42916,0.0
-2.02941,-1.40058,0.0
-2.02941,-1.37199,0.0
-2.02941,-1.34341,0.0
-2.02941,-1.31483,0.0
-2.02941,-1.28624,0.0
-2.02941,-1.25766,0.0
-2.02941,-1.22908,0.0
-2.02941,-1.20049,0.0
-2.02941,-1.17191,0.0
-2.02941,-1.14333,0.0
-2.02941,-1.11474,0.0
-2.02941,-1.08616,0.0
-2.02941,-1.05758,0.0
-2.02941,-1.029,0.0
-2.02941,-1.00041,0.0
-2.02941,-0.97183,0.0
-2.02941,-0.94325,0.0
-2.02941,-0.91466,0.0
-2.02941,-0.88608,0.0
-2.02941,-0.8575,0.0
-2.02941,-0.82891,0.0
-2.02941,-0.80033,0.0
-2.02941,-0.77175,0.0
-2.02941,-0.74316,0.0
-2.02941,-0.71458,0.0
-2.02941,-0.686,0.0
-2.02941,-0.65741,0.0
-2.02941,-0.62883,0.0
-2.02941,-0.60025,0.0
-2.02941,-0.57166,0.0
-2.02941,-0.54308,0.0
-2.02941,-0.5145,0.0
-2.02941,-0.48591,0.0
-2.02941,-0.45733,0.0
-2.02941,-0.42875,0.0
-2.02941,-0.40016,0.0
-2.02941,-0.37158,0.0
-2.02941,-0.343,0.0
-2.02941,-0.31442,0.0
-2.02941,-0.28583,0.0
-2.02941,-0.25725,0.0
-2.02941,-0.22867,0.0
-2.02941,-0.20008,0.0
-2.02941,-0.1715,0.0
-2.02941,-0.14292,0.0
-2.02941,-0.11433,0.0
-2.02941,-0.08575,0.0
-2.02941,-0.05717,0.0
-2.02941,-0.02858,0.0
-2.02941,0,0.0
-2.02941,0.02858,0.0
-2.02941,0.05717,0.0
-2.02941,0.08575,0.0
-2.02941,0.11433,0.0
-2.02941,0.14292,0.0
-2.02941,0.1715,0.0
-2.02941,0.20008,0.0
-2.02941,0.22867,0.0
-2.02941,0.25725,0.0
-2.02941,0.28583,0.0
-2.02941,0.31442,0.0
-2.02941,0.343,0.0
-2.02941,0.37158,0.0
-2.02941,0.40016,0.0
-2.02941,0.42875,0.0
-2.02941,0.45733,0.0
-2.02941,0.48591,0.0
-2.02941,0.5145,0.0
-2.02941,0.54308,0.0
-2.02941,0.57166,0.0
-2.02941,0.60025,0.0
-2.02941,0.62883,0.0
-2.02941,0.65741,0.0
-2.02941,0.686,0.0
-2.02941,0.71458,0.0
-2.02941,0.74316,0.0
-2.02941,0.77175,0.0
-2.02941,0.80033,0.0
-2.02941,0.82891,0.0
-2.02941,0.8575,0.0
-2.02941,0.88608,0.0
-2.02941,0.91466,0.0
-2.02941,0.94325,0.0
-2.02941,0.97183,0.0
-2.02941,1.00041,0.0
-2.02941,1.029,0.0
-2.02941,1.05758,0.0
-2.02941,1.08616,0.0
-2.02941,1.11474,0.0
-2.02941,1.14333,0.0
-2.02941,1.17191,0.0
-2.02941,1.20049,0.0
-2.02941,1.22908,0.0
-2.02941,1.25766,0.0
-2.02941,1.28624,0.0
-2.02941,1.31483,0.0
-2.02941,1.34341,0.0
-2.02941,1.37199,0.0
-2.02941,1.40058,0.0
-2.02941,1.42916,0.0
-2.02941,1.45774,0.0
-2.02941,1.48633,0.0
-2.02941,1.51491,0.0
-2.02941,1.54349,0.0
-2.02941,1.57208,0.0
-2.02941,1.60066,0.0
-2.02941,1.62924,0.0
-2.02941,1.65783,0.0
-2.02941,1.68641,0.0
-2.02941,1.71499,0.0
-2.02941,1.74358,0.0
-2.02941,1.77216,0.0
-2.02941,1.80074,0.0
-2.02941,1.82933,0.0
-2.02941,1.85791,0.0
-2.02941,1.88649,0.0
-2.02941,1.91507,0.0
-2.00082,-1.94366,0.0
-2.00082,-1.91507,0.0
-2.00082,-1.88649,0.0
-2.00082,-1.85791,0.0
-2.00082,-1.82933,0.0
-2.00082,-1.80074,0.0
-2.00082,-1.77216,0.0
-2.00082,-1.74358,0.0
-2.00082,-1.71499,0.0
-2.00082,-1.68641,0.0
-2.00082,-1.65783,0.0
-2.00082,-1.62924,0.0
-2.00082,-1.60066,0.0
-2.00082,-1.57208,0.0
-2.00082,-1.54349,0.0
-2.00082,-1.51491,0.0
-2.00082,-1.48633,0.0
-2.00082,-1.45774,0.0
-2.00082,-1.42916,0.0
-2.00082,-1.40058,0.0
-2.00082,-1.37199,0.0
-2.00082,-1.34341,0.0
-2.00082,-1.31483,0.0
-2.00082,-1.28624,0.0
-2.00082,-1.25766,0.0
-2.00082,-1.22908,0.0
-2.00082,-1.20049,0.0
-2.00082,-1.17191,0.0
-2.00082,-1.14333,0.0
-2.00082,-1.11474,0.0
-2.00082,-1.08616,0.0
-2.00082,-1.05758,0.0
-2.00082,-1.029,0.0
-2.00082,-1.00041,0.0
-2.00082,-0.97183,0.0
-2.00082,-0.94325,0.0
-2.00082,-0.91466,0.0
-2.00082,-0.88608,0.0
-2.00082,-0.8575,0.0
-2.00082,-0.82891,0.0
-2.00082,-0.80033,0.0
-2.00082,-0.77175,0.0
-2.00082,-0.74316,0.0
-2.00082,-0.71458,0.0
-2.00082,-0.686,0.0
-2.00082,-0.65741,0.0
-2.00082,-0.62883,0.0
-2.00082,-0.60025,0.0
-2.00082,-0.57166,0.0
-2.00082,-0.54308,0.0
-2.00082,-0.5145,0.0
-2.00082,-0.48591,0.0
-2.00082,-0.45733,0.0
-2.00082,-0.42875,0.0
-2.00082,-0.40016,0.0
-2.00082,-0.37158,0.0
-2.00082,-0.343,0.0
-2.00082,-0.31442,0.0
-2.00082,-0.28583,0.0
-2.00082,-0.25725,0.0
-2.00082,-0.22867,0.0
-2.00082,-0.20008,0.0
-2.00082,-0.1715,0.0
-2.00082,-0.14292,0.0
-2.00082,-0.11433,0.0
-2.00082,-0.08575,0.0
-2.00082,-0.05717,0.0
-2.00082,-0.02858,0.0
-2.00082,0,0.0
-2.00082,0.02858,0.0
-2.00082,0.05717,0.0
-2.00082,0.08575,0.0
-2.00082,0.11433,0.0
-2.00082,0.14292,0.0
-2.00082,0.1715,0.0
-2.00082,0.20008,0.0
-2.00082,0.22867,0.0
-2.00082,0.25725,0.0
-2.00082,0.28583,0.0
-2.00082,0.31442,0.0
-2.00082,0.343,0.0
-2.00082,0.37158,0.0
-2.00082,0.40016,0.0
-2.00082,0.42875,0.0
-2.00082,0.45733,0.0
-2.00082,0.48591,0.0
-2.00082,0.5145,0.0
-2.00082,0.54308,0.0
-2.00082,0.57166,0.0
-2.00082,0.60025,0.0
-2.00082,0.62883,0.0
-2.00082,0.65741,0.0
-2.00082,0.686,0.0
-2.00082,0.71458,0.0
-2.00082,0.74316,0.0
-2.00082,0.77175,0.0
-2.00082,0.80033,0.0
-2.00082,0.82891,0.0
-2.00082,0.8575,0.0
-2.00082,0.88608,0.0
-2.00082,0.91466,0.0
-2.00082,0.94325,0.0
-2.00082,0.97183,0.0
-2.00082,1.00041,0.0
-2.00082,1.029,0.0
-2.00082,1.05758,0.0
-2.00082,1.08616,0.0
-2.00082,1.11474,0.0
-2.00082,1.14333,0.0
-2.00082,1.17191,0.0
-2.00082,1.20049,0.0
-2.00082,1.22908,0.0
-2.00082,1.25766,0.0
-2.00082,1.28624,0.0
-2.00082,1.31483,0.0
-2.00082,1.34341,0.0
-2.00082,1.37199,0.0
-2.00082,1.40058,0.0
-2.00082,1.42916,0.0
-2.00082,1.45774,0.0
-2.00082,1.48633,0.0
-2.00082,1.51491,0.0
-2.00082,1.54349,0.0
-2.00082,1.57208,0.0
-2.00082,1.60066,0.0
-2.00082,1.62924,0.0
-2.00082,1.65783,0.0
-2.00082,1.68641,0.0
-2.00082,1.71499,0.0
-2.00082,1.74358,0.0
-2.00082,1.77216,0.0
-2.00082,1.80074,0.0
-2.00082,1.82933,0.0
-2.00082,1.85791,0.0
-2.00082,1.88649,0.0
-2.00082,1.91507,0.0
-2.00082,1.94366,0.0
-1.97224,-1.97224,0.0
-1.97224,-1.94366,0.0
-1.97224,-1.91507,0.0
-1.97224,-1.88649,0.0
-1.97224,-1.85791,0.0
-1.97224,-1.82933,0.0
-1.97224,-1.80074,0.0
-1.97224,-1.77216,0.0
-1.97224,-1.74358,0.0
-1.97224,-1.71499,0.0
-1.97224,-1.68641,0.0
-1.97224,-1.65783,0.0
-1.97224,-1.62924,0.0
-1.97224,-1.60066,0.0
-1.97224,-1.57208,0.0
-1.97224,-1.54349,0.0
-1.97224,-1.51491,0.0
-1.97224,-1.48633,0.0
-1.97224,-1.45774,0.0
-1.97224,-1.42916,0.0
-1.97224,-1.40058,0.0
-1.97224,-1.37199,0.0
-1.97224,-1.34341,0.0
-1.97224,-1.31483,0.0
-1.97224,-1.28624,0.0
-1.97224,-1.25766,0.0
-1.97224,-1.22908,0.0
-1.97224,-1.20049,0.0
-1.97224,-1.17191,0.0
-1.97224,-1.14333,0.0
-1.97224,-1.11474,0.0
-1.97224,-1.08616,0.0
-1.97224,-1.05758,0.0
-1.97224,-1.029,0.0
-1.97224,-1.00041,0.0
-1.97224,-0.97183,0.0
-1.97224,-0.94325,0.0
-1.97224,-0.91466,0.0
-1.97224,-0.88608,0.0
-1.97224,-0.8575,0.0
-1.97224,-0.82891,0.0
-1.97224,-0.80033,0.0
-1.97224,-0.77175,0.0
-1.97224,-0.74316,0.0
-1.97224,-0.71458,0.0
-1.97224,-0.686,0.0
-1.97224,-0.65741,0.0
-1.97224,-0.62883,0.0
-1.97224,-0.60025,0.0
-1.97224,-0.57166,0.0
-1.97224,-0.54308,0.0
-1.97224,-0.5145,0.0
-1.97224,-0.48591,0.0
-1.97224,-0.45733,0.0
-1.97224,-0.42875,0.0
-1.97224,-0.40016,0.0
-1.97224,-0.37158,0.0
-1.97224,-0.343,0.0
-1.97224,-0.31442,0.0
-1.97224,-0.28583,0.0
-1.97224,-0.25725,0.0
-1.97224,-0.22867,0.0
-1.97224,-0.20008,0.0
-1.97224,-0.1715,0.0
-1.97224,-0.14292,0.0
-1.97224,-0.11433,0.0
-1.97224,-0.08575,0.0
-1.97224,-0.05717,0.0
-1.97224,-0.02858,0.0
-1.97224,0,0.0
-1.97224,0.02858,0.0
-1.97224,0.05717,0.0
-1.97224,0.08575,0.0
-1.97224,0.11433,0.0
-1.97224,0.14292,0.0
-1.97224,0.1715,0.0
-1.97224,0.20008,0.0
-1.97224,0.22867,0.0
-1.97224,0.25725,0.0
-1.97224,0.28583,0.0
-1.97224,0.31442,0.0
-1.97224,0.343,0.0
-1.97224,0.37158,0.0
-1.97224,0.40016,0.0
-1.97224,0.42875,0.0
-1.97224,0.45733,0.0
-1.97224,0.48591,0.0
-1.97224,0.5145,0.0
-1.97224,0.54308,0.0
-1.97224,0.57166,0.0
-1.97224,0.60025,0.0
-1.97224,0.62883,0.0
-1.97224,0.65741,0.0
-1.97224,0.686,0.0
-1.97224,0.71458,0.0
-1.97224,0.74316,0.0
-1.97224,0.77175,0.0
-1.97224,0.80033,0.0
-1.97224,0.82891,0.0
-1.97224,0.8575,0.0
-1.97224,0.88608,0.0
-1.97224,0.91466,0.0
-1.97224,0.94325,0.0
-1.97224,0.97183,0.0
-1.97224,1.00041,0.0
-1.97224,1.029,0.0
-1.97224,1.05758,0.0
-1.97224,1.08616,0.0
-1.97224,1.11474,0.0
-1.97224,1.14333,0.0
-1.97224,1.17191,0.0
-1.97224,1.20049,0.0
-1.97224,1.22908,0.0
-1.97224,1.25766,0.0
-1.97224,1.28624,0.0
-1.97224,1.31483,0.0
-1.97224,1.34341,0.0
-1.97224,1.37199,0.0
-1.97224,1.40058,0.0
-1.97224,1.42916,0.0
-1.97224,1.45774,0.0
-1.97224,1.48633,0.0
-1.97224,1.51491,0.0
-1.97224,1.54349,0.0
-1.97224,1.57208,0.0
-1.97224,1.60066,0.0
-1.97224,1.62924,0.0
-1.97224,1.65783,0.0
-1.97224,1.68641,0.0
-1.97224,1.71499,0.0
-1.97224,1.74358,0.0
-1.97224,1.77216,0.0
-1.97224,1.80074,0.0
-1.97224,1.82933,0.0
-1.97224,1.85791,0.0
-1.97224,1.88649,0.0
-1.97224,1.91507,0.0
-1.97224,1.94366,0.0
-1.97224,1.97224,0.0
-1.94366,-2.00082,0.0
-1.94366,-1.97224,0.0
-1.94366,-1.94366,0.0
-1.94366,-1.91507,0.0
-1.94366,-1.88649,0.0
-1.94366,-1.85791,0.0
-1.94366,-1.82933,0.0
-1.94366,-1.80074,0.0
-1.94366,-1.77216,0.0
-1.94366,-1.74358,0.0
-1.94366,-1.71499,0.0
-1.94366,-1.68641,0.0
-1.94366,-1.65783,0.0
-1.94366,-1.62924,0.0
-1.94366,-1.60066,0.0
-1.94366,-1.57208,0.0
-1.94366,-1.54349,0.0
-1.94366,-1.51491,0.0
-1.94366,-1.48633,0.0
-1.94366,-1.45774,0.0
-1.94366,-1.42916,0.0
-1.94366,-1.40058,0.0
-1.94366,-1.37199,0.0
-1.94366,-1.34341,0.0
-1.94366,-1.31483,0.0
-1.94366,-1.28624,0.0
-1.94366,-1.25766,0.0
-1.94366,-1.22908,0.0
-1.94366,-1.20049,0.0
-1.94366,-1.17191,0.0
-1.94366,-1.14333,0.0
-1.94366,-1.11474,0.0
-1.94366,-1.08616,0.0
-1.94366,-1.05758,0.0
-1.94366,-1.029,0.0
-1.94366,-1.00041,0.0
-1.94366,-0.97183,0.0
-1.94366,-0.94325,0.0
-1.94366,-0.91466,0.0
-1.94366,-0.88608,0.0
-1.94366,-0.8575,0.0
-1.94366,-0.82891,0.0
-1.94366,-0.80033,0.0
-1.94366,-0.77175,0.0
-1.94366,-0.74316,0.0
-1.94366,-0.71458,0.0
-1.94366,-0.686,0.0
-1.94366,-0.65741,0.0
-1.94366,-0.62883,0.0
-1.94366,-0.60025,0.0
-1.94366,-0.57166,0.0
-1.94366,-0.54308,0.0
-1.94366,-0.5145,0.0
-1.94366,-0.48591,0.0
-1.94366,-0.45733,0.0
-1.94366,-0.42875,0.0
-1.94366,-0.40016,0.0
-1.94366,-0.37158,0.0
-1.94366,-0.343,0.0
-1.94366,-0.31442,0.0
-1.94366,-0.28583,0.0
-1.94366,-0.25725,0.0
-1.94366,-0.22867,0.0
-1.94366,-0.20008,0.0
-1.94366,-0.1715,0.0
-1.94366,-0.14292,0.0
-1.94366,-0.11433,0.0
-1.94366,-0.08575,0.0
-1.94366,-0.05717,0.0
-1.94366,-0.02858,0.0
-1.94366,0,0.0
-1.94366,0.02858,0.0
-1.94366,0.05717,0.0
-1.94366,0.08575,0.0
-1.94366,0.11433,0.0
-1.94366,0.14292,0.0
-1.94366,0.1715,0.0
-1.94366,0.20008,0.0
-1.94366,0.22867,0.0
-1.94366,0.25725,0.0
-1.94366,0.28583,0.0
-1.94366,0.31442,0.0
-1.94366,0.343,0.0
-1.94366,0.37158,0.0
-1.94366,0.40016,0.0
-1.94366,0.42875,0.0
-1.94366,0.45733,0.0
-1.94366,0.48591,0.0
-1.94366,0.5145,0.0
-1.94366,0.54308,0.0
-1.94366,0.57166,0.0
-1.94366,0.60025,0.0
-1.94366,0.62883,0.0
-1.94366,0.65741,0.0
-1.94366,0.686,0.0
-1.94366,0.71458,0.0
-1.94366,0.74316,0.0
-1.94366,0.77175,0.0
-1.94366,0.80033,0.0
-1.94366,0.82891,0.0
-1.94366,0.8575,0.0
-1.94366,0.88608,0.0
-1.94366,0.91466,0.0
-1.94366,0.94325,0.0
-1.94366,0.97183,0.0
-1.94366,1.00041,0.0
-1.94366,1.029,0.0
-1.94366,1.05758,0.0
-1.94366,1.08616,0.0
-1.94366,1.11474,0.0
-1.94366,1.14333,0.0
-1.94366,1.17191,0.0
-1.94366,1.20049,0.0
-1.94366,1.22908,0.0
-1.94366,1.25766,0.0
-1.94366,1.28624,0.0
-1.94366,1.31483,0.0
-1.94366,1.34341,0.0
-1.94366,1.37199,0.0
-1.94366,1.40058,0.0
-1.94366,1.42916,0.0
-1.94366,1.45774,0.0
-1.94366,1.48633,0.0
-1.94366,1.51491,0.0
-1.94366,1.54349,0.0
-1.94366,1.57208,0.0
-1.94366,1.60066,0.0
-1.94366,1.62924,0.0
-1.94366,1.65783,0.0
-1.94366,1.68641,0.0
-1.94366,1.71499,0.0
-1.94366,1.74358,0.0
-1.94366,1.77216,0.0
-1.94366,1.80074,0.0
-1.94366,1.82933,0.0
-1.94366,1.85791,0.0
-1.94366,1.88649,0.0
-1.94366,1.91507,0.0
-1.94366,1.94366,0.0
-1.94366,1.97224,0.0
-1.94366,2.00082,0.0
-1.91507,-2.02941,0.0
-1.91507,-2.00082,0.0
-1.91507,-1.97224,0.0
-1.91507,-1.94366,0.0
-1.91507,-1.91507,0.0
-1.91507,-1.88649,0.0
-1.91507,-1.85791,0.0
-1.91507,-1.82933,0.0
-1.91507,-1.80074,0.0
-1.91507,-1.77216,0.0
-1.91507,-1.74358,0.0
-1.91507,-1.71499,0.0
-1.91507,-1.68641,0.0
-1.91507,-1.65783,0.0
-1.91507,-1.62924,0.0
-1.91507,-1.60066,0.0
-1.91507,-1.57208,0.0
-1.91507,-1.54349,0.0
-1.91507,-1.51491,0.0
-1.91507,-1.48633,0.0
-1.91507,-1.45774,0.0
-1.91507,-1.42916,0.0
-1.91507,-1.40058,0.0
-1.91507,-1.37199,0.0
-1.91507,-1.34341,0.0
-1.91507,-1.31483,0.0
-1.91507,-1.28624,0.0
-1.91507,-1.25766,0.0
-1.91507,-1.22908,0.0
-1.91507,-1.20049,0.0
-1.91507,-1.17191,0.0
-1.91507,-1.14333,0.0
-1.91507,-1.11474,0.0
-1.91507,-1.08616,0.0
-1.91507,-1.05758,0.0
-1.91507,-1.029,0.0
-1.91507,-1.00041,0.0
-1.91507,-0.97183,0.0
-1.91507,-0.94325,0.0
-1.91507,-0.91466,0.0
-1.91507,-0.88608,0.0
-1.91507,-0.8575,0.0
-1.91507,-0.82891,0.0
-1.91507,-0.80033,0.0
-1.91507,-0.77175,0.0
-1.91507,-0.74316,0.0
-1.91507,-0.71458,0.0
-1.91507,-0.686,0.0
-1.91507,-0.65741,0.0
-1.91507,-0.62883,0.0
-1.91507,-0.60025,0.0
-1.91507,-0.57166,0.0
-1.91507,-0.54308,0.0
-1.91507,-0.5145,0.0
-1.91507,-0.48591,0.0
-1.91507,-0.45733,0.0
-1.91507,-0.42875,0.0
-1.91507,-0.40016,0.0
-1.91507,-0.37158,0.0
-1.91507,-0.343,0.0
-1.91507,-0.31442,0.0
-1.91507,-0.28583,0.0
-1.91507,-0.25725,0.0
-1.91507,-0.22867,0.0
-1.91507,-0.20008,0.0
-1.91507,-0.1715,0.0
-1.91507,-0.14292,0.0
-1.91507,-0.11433,0.0
-1.91507,-0.08575,0.0
-1.91507,-0.05717,0.0
-1.91507,-0.02858,0.0
-1.91507,0,0.0
-1.91507,0.02858,0.0
-1.91507,0.05717,0.0
-1.91507,0.08575,0.0
-1.91507,0.11433,0.0
-1.91507,0.14292,0.0
-1.91507,0.1715,0.0
-1.91507,0.20008,0.0
-1.91507,0.22867,0.0
-1.91507,0.25725,0.0
-1.91507,0.28583,0.0
-1.91507,0.31442,0.0
-1.91507,0.343,0.0
-1.91507,0.37158,0.0
-1.91507,0.40016,0.0
-1.91507,0.42875,0.0
-1.91507,0.45733,0.0
-1.91507,0.48591,0.0
-1.91507,0.5145,0.0
-1.91507,0.54308,0.0
-1.91507,0.57166,0.0
-1.91507,0.60025,0.0
-1.91507,0.62883,0.0
-1.91507,0.65741,0.0
-1.91507,0.686,0.0
-1.91507,0.71458,0.0
-1.91507,0.74316,0.0
-1.91507,0.77175,0.0
-1.91507,0.80033,0.0
-1.91507,0.82891,0.0
-1.91507,0.8575,0.0
-1.91507,0.88608,0.0
-1.91507,0.91466,0.0
-1.91507,0.94325,0.0
-1.91507,0.97183,0.0
-1.91507,1.00041,0.0
-1.91507,1.029,0.0
-1.91507,1.05758,0.0
-1.91507,1.08616,0.0
-1.91507,1.11474,0.0
-1.91507,1.14333,0.0
-1.91507,1.17191,0.0
-1.91507,1.20049,0.0
-1.91507,1.22908,0.0
-1.91507,1.25766,0.0
-1.91507,1.28624,0.0
-1.91507,1.31483,0.0
-1.91507,1.34341,0.0
-1.91507,1.37199,0.0
-1.91507,1.40058,0.0
-1.91507,1.42916,0.0
-1.91507,1.45774,0.0
-1.91507,1.48633,0.0
-1.91507,1.51491,0.0
-1.91507,1.54349,0.0
-1.91507,1.57208,0.0
-1.91507,1.60066,0.0
-1.91507,1.62924,0.0
-1.91507,1.65783,0.0
-1.91507,1.68641,0.0
-1.91507,1.71499,0.0
-1.91507,1.74358,0.0
-1.91507,1.77216,0.0
-1.91507,1.80074,0.0
-1.91507,1.82933,0.0
-1.91507,1.85791,0.0
-1.91507,1.88649,0.0
-1.91507,1.91507,0.0
-1.91507,1.94366,0.0
-1.91507,1.97224,0.0
-1.91507,2.00082,0.0
-1.91507,2.02941,0.0
-1.88649,-2.05799,0.0
-1.88649,-2.02941,0.0
-1.88649,-2.00082,0.0
-1.88649,-1.97224,0.0
-1.88649,-1.94366,0.0
-1.88649,-1.91507,0.0
-1.88649,-1.88649,0.0
-1.88649,-1.85791,0.0
-1.88649,-1.82933,0.0
-1.88649,-1.80074,0.0
-1.88649,-1.77216,0.0
-1.88649,-1.74358,0.0
-1.88649,-1.71499,0.0
-1.88649,-1.68641,0.0
-1.88649,-1.65783,0.0
-1.88649,-1.62924,0.0
-1.88649,-1.60066,0.0
-1.88649,-1.57208,0.0
-1.88649,-1.54349,0.0
-1.88649,-1.51491,0.0
-1.88649,-1.48633,0.0
-1.88649,-1.45774,0.0
-1.88649,-1.42916,0.0
-1.88649,-1.40058,0.0
-1.88649,-1.37199,0.0
-1.88649,-1.34341,0.0
-1.88649,-1.31483,0.0
-1.88649,-1.28624,0.0
-1.88649,-1.25766,0.0
-1.88649,-1.22908,0.0
-1.88649,-1.20049,0.0
-1.88649,-1.17191,0.0
-1.88649,-1.14333,0.0
-1.88649,-1.11474,0.0
-1.88649,-1.08616,0.0
-1.88649,-1.05758,0.0
-1.88649,-1.029,0.0
-1.88649,-1.00041,0.0
-1.88649,-0.97183,0.0
-1.88649,-0.94325,0.0
-1.88649,-0.91466,0.0
-1.88649,-0.88608,0.0
-1.88649,-0.8575,0.0
-1.88649,-0.82891,0.0
-1.88649,-0.80033,0.0
-1.88649,-0.77175,0.0
-1.88649,-0.74316,0.0
-1.88649,-0.71458,0.0
-1.88649,-0.686,0.0
-1.88649,-0.65741,0.0
-1.88649,-0.62883,0.0
-1.88649,-0.60025,0.0
-1.88649,-0.57166,0.0
-1.88649,-0.54308,0.0
-1.88649,-0.5145,0.0
-1.88649,-0.48591,0.0
-1.88649,-0.45733,0.0
-1.88649,-0.42875,0.0
-1.88649,-0.40016,0.0
-1.88649,-0.37158,0.0
-1.88649,-0.343,0.0
-1.88649,-0.31442,0.0
-1.88649,-0.28583,0.0
-1.88649,-0.25725,0.0
-1.88649,-0.22867,0.0
-1.88649,-0.20008,0.0
-1.88649,-0.1715,0.0
-1.88649,-0.14292,0.0
-1.88649,-0.11433,0.0
-1.88649,-0.08575,0.0
-1.88649,-0.05717,0.0
-1.88649,-0.02858,0.0
-1.88649,0,0.0
-1.88649,0.02858,0.0
-1.88649,0.05717,0.0
-1.88649,0.08575,0.0
-1.88649,0.11433,0.0
-1.88649,0.14292,0.0
-1.88649,0.1715,0.0
-1.88649,0.20008,0.0
-1.88649,0.22867,0.0
-1.88649,0.25725,0.0
-1.88649,0.28583,0.0
-1.88649,0.31442,0.0
-1.88649,0.343,0.0
-1.88649,0.37158,0.0
-1.88649,0.40016,0.0
-1.88649,0.42875,0.0
-1.88649,0.45733,0.0
-1.88649,0.48591,0.0
-1.88649,0.5145,0.0
-1.88649,0.54308,0.0
-1.88649,0.57166,0.0
-1.88649,0.60025,0.0
-1.88649,0.62883,0.0
-1.88649,0.65741,0.0
-1.88649,0.686,0.0
-1.88649,0.71458,0.0
-1.88649,0.74316,0.0
-1.88649,0.77175,0.0
-1.88649,0.80033,0.0
-1.88649,0.82891,0.0
-1.88649,0.8575,0.0
-1.88649,0.88608,0.0
-1.88649,0.91466,0.0
-1.88649,0.94325,0.0
-1.88649,0.97183,0.0
-1.88649,1.00041,0.0
-1.88649,1.029,0.0
-1.88649,1.05758,0.0
-1.88649,1.08616,0.0
-1.88649,1.11474,0.0
-1.88649,1.14333,0.0
-1.88649,1.17191,0.0
-1.88649,1.20049,0.0
-1.88649,1.22908,0.0
-1.88649,1.25766,0.0
-1.88649,1.28624,0.0
-1.88649,1.31483,0.0
-1.88649,1.34341,0.0
-1.88649,1.37199,0.0
-1.88649,1.40058,0.0
-1.88649,1.42916,0.0
-1.88649,1.45774,0.0
-1.88649,1.48633,0.0
-1.88649,1.51491,0.0
-1.88649,1.54349,0.0
-1.88649,1.57208,0.0
-1.88649,1.60066,0.0
-1.88649,1.62924,0.0
-1.88649,1.65783,0.0
-1.88649,1.68641,0.0
-1.88649,1.71499,0.0
-1.88649,1.74358,0.0
-1.88649,1.77216,0.0
-1.88649,1.80074,0.0
-1.88649,1.82933,0.0
-1.88649,1.85791,0.0
-1.88649,1.88649,0.0
-1.88649,1.91507,0.0
-1.88649,1.94366,0.0
-1.88649,1.97224,0.0
-1.88649,2.00082,0.0
-1.88649,2.02941,0.0
-1.88649,2.05799,0.0
-1.85791,-2.08657,0.0
-1.85791,-2.05799,0.0
-1.85791,-2.02941,0.0
-1.85791,-2.00082,0.0
-1.85791,-1.97224,0.0
-1.85791,-1.94366,0.0
-1.85791,-1.91507,0.0
-1.85791,-1.88649,0.0
-1.85791,-1.85791,0.0
-1.85791,-1.82933,0.0
-1.85791,-1.80074,0.0
-1.85791,-1.77216,0.0
-1.85791,-1.74358,0.0
-1.85791,-1.71499,0.0
-1.85791,-1.68641,0.0
-1.85791,-1.65783,0.0
-1.85791,-1.62924,0.0
-1.85791,-1.60066,0.0
-1.85791,-1.57208,0.0
-1.85791,-1.54349,0.0
-1.85791,-1.51491,0.0
-1.85791,-1.48633,0.0
-1.85791,-1.45774,0.0
-1.85791,-1.42916,0.0
-1.85791,-1.40058,0.0
-1.85791,-1.37199,0.0
-1.85791,-1.34341,0.0
-1.85791,-1.31483,0.0
-1.85791,-1.28624,0.0
-1.85791,-1.25766,0.0
-1.85791,-1.22908,0.0
-1.85791,-1.20049,0.0
-1.85791,-1.17191,0.0
-1.85791,-1.14333,0.0
-1.85791,-1.11474,0.0
-1.85791,-1.08616,0.0
-1.85791,-1.05758,0.0
-1.85791,-1.029,0.0
-1.85791,-1.00041,0.0
-1.85791,-0.97183,0.0
-1.85791,-0.94325,0.0
-1.85791,-0.91466,0.0
-1.85791,-0.88608,0.0
-1.85791,-0.8575,0.0
-1.85791,-0.82891,0.0
-1.85791,-0.80033,0.0
-1.85791,-0.77175,0.0
-1.85791,-0.74316,0.0
-1.85791,-0.71458,0.0
-1.85791,-0.686,0.0
-1.85791,-0.65741,0.0
-1.85791,-0.62883,0.0
-1.85791,-0.60025,0.0
-1.85791,-0.57166,0.0
-1.85791,-0.54308,0.0
-1.85791,-0.5145,0.0
-1.85791,-0.48591,0.0
-1.85791,-0.45733,0.0
-1.85791,-0.42875,0.0
-1.85791,-0.40016,0.0
-1.85791,-0.37158,0.0
-1.85791,-0.343,0.0
-1.85791,-0.31442,0.0
-1.85791,-0.28583,0.0
-1.85791,-0.25725,0.0
-1.85791,-0.22867,0.0
-1.85791,-0.20008,0.0
-1.85791,-0.1715,0.0
-1.85791,-0.14292,0.0
-1.85791,-0.11433,0.0
-1.85791,-0.08575,0.0
-1.85791,-0.05717,0.0
-1.85791,-0.02858,0.0
-1.85791,0,0.0
-1.85791,0.02858,0.0
-1.85791,0.05717,0.0
-1.85791,0.08575,0.0
-1.85791,0.11433,0.0
-1.85791,0.14292,0.0
-1.85791,0.1715,0.0
-1.85791,0.20008,0.0
-1.85791,0.22867,0.0
-1.85791,0.25725,0.0
-1.85791,0.28583,0.0
-1.85791,0.31442,0.0
-1.85791,0.343,0.0
-1.85791,0.37158,0.0
-1.85791,0.40016,0.0
-1.85791,0.42875,0.0
-1.85791,0.45733,0.0
-1.85791,0.48591,0.0
-1.85791,0.5145,0.0
-1.85791,0.54308,0.0
-1.85791,0.57166,0.0
-1.85791,0.60025,0.0
-1.85791,0.62883,0.0
-1.85791,0.65741,0.0
-1.85791,0.686,0.0
-1.85791,0.71458,0.0
-1.85791,0.74316,0.0
-1.85791,0.77175,0.0
-1.85791,0.80033,0.0
-1.85791,0.82891,0.0
-1.85791,0.8575,0.0
-1.85791,0.88608,0.0
-1.85791,0.91466,0.0
-1.85791,0.94325,0.0
-1.85791,0.97183,0.0
-1.85791,1.00041,0.0
-1.85791,1.029,0.0
-1.85791,1.05758,0.0
-1.85791,1.08616,0.0
-1.85791,1.11474,0.0
-1.85791,1.14333,0.0
-1.85791,1.17191,0.0
-1.85791,1.20049,0.0
-1.85791,1.22908,0.0
-1.85791,1.25766,0.0
-1.85791,1.28624,0.0
-1.85791,1.31483,0.0
-1.85791,1.34341,0.0
-1.85791,1.37199,0.0
-1.85791,1.40058,0.0
-1.85791,1.42916,0.0
-1.85791,1.45774,0.0
-1.85791,1.48633,0.0
-1.85791,1.51491,0.0
-1.85791,1.54349,0.0
-1.85791,1.57208,0.0
-1.85791,1.60066,0.0
-1.85791,1.62924,0.0
-1.85791,1.65783,0.0
-1.85791,1.68641,0.0
-1.85791,1.71499,0.0
-1.85791,1.74358,0.0
-1.85791,1.77216,0.0
-1.85791,1.80074,0.0
-1.85791,1.82933,0.0
-1.85791,1.85791,0.0
-1.85791,1.88649,0.0
-1.85791,1.91507,0.0
-1.85791,1.94366,0.0
-1.85791,1.97224,0.0
-1.85791,2.00082,0.0
-1.85791,2.02941,0.0
-1.85791,2.05799,0.0
-1.85791,2.08657,0.0
-1.82933,-2.11516,0.0
-1.82933,-2.08657,0.0
-1.82933,-2.05799,0.0
-1.82933,-2.02941,0.0
-1.82933,-2.00082,0.0
-1.82933,-1.97224,0.0
-1.82933,-1.94366,0.0
-1.82933,-1.91507,0.0
-1.82933,-1.88649,0.0
-1.82933,-1.85791,0.0
-1.82933,-1.82933,0.0
-1.82933,-1.80074,0.0
-1.82933,-1.77216,0.0
-1.82933,-1.74358,0.0
-1.82933,-1.71499,0.0
-1.82933,-1.68641,0.0
-1.82933,-1.65783,0.0
-1.82933,-1.62924,0.0
-1.82933,-1.60066,0.0
-1.82933,-1.57208,0.0
-1.82933,-1.54349,0.0
-1.82933,-1.51491,0.0
-1.82933,-1.48633,0.0
-1.82933,-1.45774,0.0
-1.82933,-1.42916,0.0
-1.82933,-1.40058,0.0
-1.82933,-1.37199,0.0
-1.82933,-1.34341,0.0
-1.82933,-1.31483,0.0
-1.82933,-1.28624,0.0
-1.82933,-1.25766,0.0
-1.82933,-1.22908,0.0
-1.82933,-1.20049,0.0
-1.82933,-1.17191,0.0
-1.82933,-1.14333,0.0
-1.82933,-1.11474,0.0
-1.82933,-1.08616,0.0
-1.82933,-1.05758,0.0
-1.82933,-1.029,0.0
-1.82933,-1.00041,0.0
-1.82933,-0.97183,0.0
-1.82933,-0.94325,0.0
-1.82933,-0.91466,0.0
-1.82933,-0.88608,0.0
-1.82933,-0.8575,0.0
-1.82933,-0.82891,0.0
-1.82933,-0.80033,0.0
-1.82933,-0.77175,0.0
-1.82933,-0.74316,0.0
-1.82933,-0.71458,0.0
-1.82933,-0.686,0.0
-1.82933,-0.65741,0.0
-1.82933,-0.62883,0.0
-1.82933,-0.60025,0.0
-1.82933,-0.57166,0.0
-1.82933,-0.54308,0.0
-1.82933,-0.5145,0.0
-1.82933,-0.48591,0.0
-1.82933,-0.45733,0.0
-1.82933,-0.42875,0.0
-1.82933,-0.40016,0.0
-1.82933,-0.37158,0.0
-1.82933,-0.343,0.0
-1.82933,-0.31442,0.0
-1.82933,-0.28583,0.0
-1.82933,-0.25725,0.0
-1.82933,-0.22867,0.0
-1.82933,-0.20008,0.0
-1.82933,-0.1715,0.0
-1.82933,-0.14292,0.0
-1.82933,-0.11433,0.0
-1.82933,-0.08575,0.0
-1.82933,-0.05717,0.0
-1.82933,-0.02858,0.0
-1.82933,0,0.0
-1.82933,0.02858,0.0
-1.82933,0.05717,0.0
-1.82933,0.08575,0.0
-1.82933,0.11433,0.0
-1.82933,0.14292,0.0
-1.82933,0.1715,0.0
-1.82933,0.20008,0.0
-1.82933,0.22867,0.0
-1.82933,0.25725,0.0
-1.82933,0.28583,0.0
-1.82933,0.31442,0.0
-1.82933,0.343,0.0
-1.82933,0.37158,0.0
-1.82933,0.40016,0.0
-1.82933,0.42875,0.0
-1.82933,0.45733,0.0
-1.82933,0.48591,0.0
-1.82933,0.5145,0.0
-1.82933,0.54308,0.0
-1.82933,0.57166,0.0
-1.82933,0.60025,0.0
-1.82933,0.62883,0.0
-1.82933,0.65741,0.0
-1.82933,0.686,0.0
-1.82933,0.71458,0.0
-1.82933,0.74316,0.0
-1.82933,0.77175,0.0
-1.82933,0.80033,0.0
-1.82933,0.82891,0.0
-1.82933,0.8575,0.0
-1.82933,0.88608,0.0
-1.82933,0.91466,0.0
-1.82933,0.94325,0.0
-1.82933,0.97183,0.0
-1.82933,1.00041,0.0
-1.82933,1.029,0.0
-1.82933,1.05758,0.0
-1.82933,1.08616,0.0
-1.82933,1.11474,0.0
-1.82933,1.14333,0.0
-1.82933,1.17191,0.0
-1.82933,1.20049,0.0
-1.82933,1.22908,0.0
-1.82933,1.25766,0.0
-1.82933,1.28624,0.0
-1.82933,1.31483,0.0
-1.82933,1.34341,0.0
-1.82933,1.37199,0.0
-1.82933,1.40058,0.0
-1.82933,1.42916,0.0
-1.82933,1.45774,0.0
-1.82933,1.48633,0.0
-1.82933,1.51491,0.0
-1.82933,1.54349,0.0
-1.82933,1.57208,0.0
-1.82933,1.60066,0.0
-1.82933,1.62924,0.0
-1.82933,1.65783,0.0
-1.82933,1.68641,0.0
-1.82933,1.71499,0.0
-1.82933,1.74358,0.0
-1.82933,1.77216,0.0
-1.82933,1.80074,0.0
-1.82933,1.82933,0.0
-1.82933,1.85791,0.0
-1.82933,1.88649,0.0
-1.82933,1.91507,0.0
-1.82933,1.94366,0.0
-1.82933,1.97224,0.0
-1.82933,2.00082,0.0
-1.82933,2.02941,0.0
-1.82933,2.05799,0.0
-1.82933,2.08657,0.0
-1.82933,2.11516,0.0
-1.80074,-2.14374,0.0
-1.80074,-2.11516,0.0
-1.80074,-2.08657,0.0
-1.80074,-2.05799,0.0
-1.80074,-2.02941,0.0
-1.80074,-2.00082,0.0
-1.80074,-1.97224,0.0
-1.80074,-1.94366,0.0
-1.80074,-1.91507,0.0
-1.80074,-1.88649,0.0
-1.80074,-1.85791,0.0
-1.80074,-1.82933,0.0
-1.80074,-1.80074,0.0
-1.80074,-1.77216,0.0
-1.80074,-1.74358,0.0
-1.80074,-1.71499,0.0
-1.80074,-1.68641,0.0
-1.80074,-1.65783,0.0
-1.80074,-1.62924,0.0
-1.80074,-1.60066,0.0
-1.80074,-1.57208,0.0
-1.80074,-1.54349,0.0
-1.80074,-1.51491,0.0
-1.80074,-1.48633,0.0
-1.80074,-1.45774,0.0
-1.80074,-1.42916,0.0
-1.80074,-1.40058,0.0
-1.80074,-1.37199,0.0
-1.80074,-1.34341,0.0
-1.80074,-1.31483,0.0
-1.80074,-1.28624,0.0
-1.80074,-1.25766,0.0
-1.80074,-1.22908,0.0
-1.80074,-1.20049,0.0
-1.80074,-1.17191,0.0
-1.80074,-1.14333,0.0
-1.80074,-1.11474,0.0
-1.80074,-1.08616,0.0
-1.80074,-1.05758,0.0
-1.80074,-1.029,0.0
-1.80074,-1.00041,0.0
-1.80074,-0.97183,0.0
-1.80074,-0.94325,0.0
-1.80074,-0.91466,0.0
-1.80074,-0.88608,0.0
-1.80074,-0.8575,0.0
-1.80074,-0.82891,0.0
-1.80074,-0.80033,0.0
-1.80074,-0.77175,0.0
-1.80074,-0.74316,0.0
-1.80074,-0.71458,0.0
-1.80074,-0.686,0.0
-1.80074,-0.65741,0.0
-1.80074,-0.62883,0.0
-1.80074,-0.60025,0.0
-1.80074,-0.57166,0.0
-1.80074,-0.54308,0.0
-1.80074,-0.5145,0.0
-1.80074,-0.48591,0.0
-1.80074,-0.45733,0.0
-1.80074,-0.42875,0.0
-1.80074,-0.40016,0.0
-1.80074,-0.37158,0.0
-1.80074,-0.343,0.0
-1.80074,-0.31442,0.0
-1.80074,-0.28583,0.0
-1.80074,-0.25725,0.0
-1.80074,-0.22867,0.0
-1.80074,-0.20008,0.0
-1.80074,-0.1715,0.0
-1.80074,-0.14292,0.0
-1.80074,-0.11433,0.0
-1.80074,-0.08575,0.0
-1.80074,-0.05717,0.0
-1.80074,-0.02858,0.0
-1.80074,0,0.0
-1.80074,0.02858,0.0
-1.80074,0.05717,0.0
-1.80074,0.08575,0.0
-1.80074,0.11433,0.0
-1.80074,0.14292,0.0
-1.80074,0.1715,0.0
-1.80074,0.20008,0.0
-1.80074,0.22867,0.0
-1.80074,0.25725,0.0
-1.80074,0.28583,0.0
-1.80074,0.31442,0.0
-1.80074,0.343,0.0
-1.80074,0.37158,0.0
-1.80074,0.40016,0.0
-1.80074,0.42875,0.0
-1.80074,0.45733,0.0
-1.80074,0.48591,0.0
-1.80074,0.5145,0.0
-1.80074,0.54308,0.0
-1.80074,0.57166,0.0
-1.80074,0.60025,0.0
-1.80074,0.62883,0.0
-1.80074,0.65741,0.0
-1.80074,0.686,0.0
-1.80074,0.71458,0.0
-1.80074,0.74316,0.0
-1.80074,0.77175,0.0
-1.80074,0.80033,0.0
-1.80074,0.82891,0.0
-1.80074,0.8575,0.0
-1.80074,0.88608,0.0
-1.80074,0.91466,0.0
-1.80074,0.94325,0.0
-1.80074,0.97183,0.0
-1.80074,1.00041,0.0
-1.80074,1.029,0.0
-1.80074,1.05758,0.0
-1.80074,1.08616,0.0
-1.80074,1.11474,0.0
-1.80074,1.14333,0.0
-1.80074,1.17191,0.0
-1.80074,1.20049,0.0
-1.80074,1.22908,0.0
-1.80074,1.25766,0.0
-1.80074,1.28624,0.0
-1.80074,1.31483,0.0
-1.80074,1.34341,0.0
-1.80074,1.37199,0.0
-1.80074,1.40058,0.0
-1.80074,1.42916,0.0
-1.80074,1.45774,0.0
-1.80074,1.48633,0.0
-1.80074,1.51491,0.0
-1.80074,1.54349,0.0
-1.80074,1.57208,0.0
-1.80074,1.60066,0.0
-1.80074,1.62924,0.0
-1.80074,1.65783,0.0
-1.80074,1.68641,0.0
-1.80074,1.71499,0.0
-1.80074,1.74358,0.0
-1.80074,1.77216,0.0
-1.80074,1.80074,0.0
-1.80074,1.82933,0.0
-1.80074,1.85791,0.0
-1.80074,1.88649,0.0
-1.80074,1.91507,0.0
-1.80074,1.94366,0.0
-1.80074,1.97224,0.0
-1.80074,2.00082,0.0
-1.80074,2.02941,0.0
-1.80074,2.05799,0.0
-1.80074,2.08657,0.0
-1.80074,2.11516,0.0
-1.80074,2.14374,0.0
-1.77216,-2.14374,0.0
-1.77216,-2.11516,0.0
-1.77216,-2.08657,0.0
-1.77216,-2.05799,0.0
-1.77216,-2.02941,0.0
-1.77216,-2.00082,0.0
-1.77216,-1.97224,0.0
-1.77216,-1.94366,0.0
-1.77216,-1.91507,0.0
-1.77216,-1.88649,0.0
-1.77216,-1.85791,0.0
-1.77216,-1.82933,0.0
-1.77216,-1.80074,0.0
-1.77216,-1.77216,0.0
-1.77216,-1.74358,0.0
-1.77216,-1.71499,0.0
-1.77216,-1.68641,0.0
-1.77216,-1.65783,0.0
-1.77216,-1.62924,0.0
-1.77216,-1.60066,0.0
-1.77216,-1.57208,0.0
-1.77216,-1.54349,0.0
-1.77216,-1.51491,0.0
-1.77216,-1.48633,0.0
-1.77216,-1.45774,0.0
-1.77216,-1.42916,0.0
-1.77216,-1.40058,0.0
-1.77216,-1.37199,0.0
-1.77216,-1.34341,0.0
-1.77216,-1.31483,0.0
-1.77216,-1.28624,0.0
-1.77216,-1.25766,0.0
-1.77216,-1.22908,0.0
-1.77216,-1.20049,0.0
-1.77216,-1.17191,0.0
-1.77216,-1.14333,0.0
-1.77216,-1.11474,0.0
-1.77216,-1.08616,0.0
-1.77216,-1.05758,0.0
-1.77216,-1.029,0.0
-1.77216,-1.00041,0.0
-1.77216,-0.97183,0.0
-1.77216,-0.94325,0.0
-1.77216,-0.91466,0.0
-1.77216,-0.88608,0.0
-1.77216,-0.8575,0.0
-1.77216,-0.82891,0.0
-1.77216,-0.80033,0.0
-1.77216,-0.77175,0.0
-1.77216,-0.74316,0.0
-1.77216,-0.71458,0.0
-1.77216,-0.686,0.0
-1.77216,-0.65741,0.0
-1.77216,-0.62883,0.0
-1.77216,-0.60025,0.0
-1.77216,-0.57166,0.0
-1.77216,-0.54308,0.0
-1.77216,-0.5145,0.0
-1.77216,-0.48591,0.0
-1.77216,-0.45733,0.0
-1.77216,-0.42875,0.0
-1.77216,-0.40016,0.0
-1.77216,-0.37158,0.0
-1.77216,-0.343,0.0
-1.77216,-0.31442,0.0
-1.77216,-0.28583,0.0
-1.77216,-0.25725,0.0
-1.77216,-0.22867,0.0
-1.77216,-0.20008,0.0
-1.77216,-0.1715,0.0
-1.77216,-0.14292,0.0
-1.77216,-0.11433,0.0
-1.77216,-0.08575,0.0
-1.77216,-0.05717,0.0
-1.77216,-0.02858,0.0
-1.77216,0,0.0
-1.77216,0.02858,0.0
-1.77216,0.05717,0.0
-1.77216,0.08575,0.0
-1.77216,0.11433,0.0
-1.77216,0.14292,0.0
-1.77216,0.1715,0.0
-1.77216,0.20008,0.0
-1.77216,0.22867,0.0
-1.77216,0.25725,0.0
-1.77216,0.28583,0.0
-1.77216,0.31442,0.0
-1.77216,0.343,0.0
-1.77216,0.37158,0.0
-1.77216,0.40016,0.0
-1.77216,0.42875,0.0
-1.77216,0.45733,0.0
-1.77216,0.48591,0.0
-1.77216,0.5145,0.0
-1.77216,0.54308,0.0
-1.77216,0.57166,0.0
-1.77216,0.60025,0.0
-1.77216,0.62883,0.0
-1.77216,0.65741,0.0
-1.77216,0.686,0.0
-1.77216,0.71458,0.0
-1.77216,0.74316,0.0
-1.77216,0.77175,0.0
-1.77216,0.80033,0.0
-1.77216,0.82891,0.0
-1.77216,0.8575,0.0
-1.77216,0.88608,0.0
-1.77216,0.91466,0.0
-1.77216,0.94325,0.0
-1.77216,0.97183,0.0
-1.77216,1.00041,0.0
-1.77216,1.029,0.0
-1.77216,1.05758,0.0
-1.77216,1.08616,0.0
-1.77216,1.11474,0.0
-1.77216,1.14333,0.0
-1.77216,1.17191,0.0
-1.77216,1.20049,0.0
-1.77216,1.22908,0.0
-1.77216,1.25766,0.0
-1.77216,1.28624,0.0
-1.77216,1.31483,0.0
-1.77216,1.34341,0.0
-1.77216,1.37199,0.0
-1.77216,1.40058,0.0
-1.77216,1.42916,0.0
-1.77216,1.45774,0.0
-1.77216,1.48633,0.0
-1.77216,1.51491,0.0
-1.77216,1.54349,0.0
-1.77216,1.57208,0.0
-1.77216,1.60066,0.0
-1.77216,1.62924,0.0
-1.77216,1.65783,0.0
-1.77216,1.68641,0.0
-1.77216,1.71499,0.0
-1.77216,1.74358,0.0
-1.77216,1.77216,0.0
-1.77216,1.80074,0.0
-1.77216,1.82933,0.0
-1.77216,1.85791,0.0
-1.77216,1.88649,0.0
-1.77216,1.91507,0.0
-1.77216,1.94366,0.0
-1.77216,1.97224,0.0
-1.77216,2.00082,0.0
-1.77216,2.02941,0.0
-1.77216,2.05799,0.0
-1.77216,2.08657,0.0
-1.77216,2.11516,0.0
-1.77216,2.14374,0.0
-1.74358,-2.17232,0.0
-1.74358,-2.14374,0.0
-1.74358,-2.11516,0.0
-1.74358,-2.08657,0.0
-1.74358,-2.05799,0.0
-1.74358,-2.02941,0.0
-1.74358,-2.00082,0.0
-1.74358,-1.97224,0.0
-1.74358,-1.94366,0.0
-1.74358,-1.91507,0.0
-1.74358,-1.88649,0.0
-1.74358,-1.85791,0.0
-1.74358,-1.82933,0.0
-1.74358,-1.80074,0.0
-1.74358,-1.77216,0.0
-1.74358,-1.74358,0.0
-1.74358,-1.71499,0.0
-1.74358,-1.68641,0.0
-1.74358,-1.65783,0.0
-1.74358,-1.62924,0.0
-1.74358,-1.60066,0.0
-1.74358,-1.57208,0.0
-1.74358,-1.54349,0.0
-1.74358,-1.51491,0.0
-1.74358,-1.48633,0.0
-1.74358,-1.45774,0.0
-1.74358,-1.42916,0.0
-1.74358,-1.40058,0.0
-1.74358,-1.37199,0.0
-1.74358,-1.34341,0.0
-1.74358,-1.31483,0.0
-1.74358,-1.28624,0.0
-1.74358,-1.25766,0.0
-1.74358,-1.22908,0.0
-1.74358,-1.20049,0.0
-1.74358,-1.17191,0.0
-1.74358,-1.14333,0.0
-1.74358,-1.11474,0.0
-1.74358,-1.08616,0.0
-1.74358,-1.05758,0.0
-1.74358,-1.029,0.0
-1.74358,-1.00041,0.0
-1.74358,-0.97183,0.0
-1.74358,-0.94325,0.0
-1.74358,-0.91466,0.0
-1.74358,-0.88608,0.0
-1.74358,-0.8575,0.0
-1.74358,-0.82891,0.0
-1.74358,-0.80033,0.0
-1.74358,-0.77175,0.0
-1.74358,-0.74316,0.0
-1.74358,-0.71458,0.0
-1.74358,-0.686,0.0
-1.74358,-0.65741,0.0
-1.74358,-0.62883,0.0
-1.74358,-0.60025,0.0
-1.74358,-0.57166,0.0
-1.74358,-0.54308,0.0
-1.74358,-0.5145,0.0
-1.74358,-0.48591,0.0
-1.74358,-0.45733,0.0
-1.74358,-0.42875,0.0
-1.74358,-0.40016,0.0
-1.74358,-0.37158,0.0
-1.74358,-0.343,0.0
-1.74358,-0.31442,0.0
-1.74358,-0.28583,0.0
-1.74358,-0.25725,0.0
-1.74358,-0.22867,0.0
-1.74358,-0.20008,0.0
-1.74358,-0.1715,0.0
-1.74358,-0.14292,0.0
-1.74358,-0.11433,0.0
-1.74358,-0.08575,0.0
-1.74358,-0.05717,0.0
-1.74358,-0.02858,0.0
-1.74358,0,0.0
-1.74358,0.02858,0.0
-1.74358,0.05717,0.0
-1.74358,0.08575,0.0
-1.74358,0.11433,0.0
-1.74358,0.14292,0.0
-1.74358,0.1715,0.0
-1.74358,0.20008,0.0
-1.74358,0.22867,0.0
-1.74358,0.25725,0.0
-1.74358,0.28583,0.0
-1.74358,0.31442,0.0
-1.74358,0.343,0.0
-1.74358,0.37158,0.0
-1.74358,0.40016,0.0
-1.74358,0.42875,0.0
-1.74358,0.45733,0.0
-1.74358,0.48591,0.0
-1.74358,0.5145,0.0
-1.74358,0.54308,0.0
-1.74358,0.57166,0.0
-1.74358,0.60025,0.0
-1.74358,0.62883,0.0
-1.74358,0.65741,0.0
-1.74358,0.686,0.0
-1.74358,0.71458,0.0
-1.74358,0.74316,0.0
-1.74358,0.77175,0.0
-1.74358,0.80033,0.0
-1.74358,0.82891,0.0
-1.74358,0.8575,0.0
-1.74358,0.88608,0.0
-1.74358,0.91466,0.0
-1.74358,0.94325,0.0
-1.74358,0.97183,0.0
-1.74358,1.00041,0.0
-1.74358,1.029,0.0
-1.74358,1.05758,0.0
-1.74358,1.08616,0.0
-1.74358,1.11474,0.0
-1.74358,1.14333,0.0
-1.74358,1.17191,0.0
-1.74358,1.20049,0.0
-1.74358,1.22908,0.0
-1.74358,1.25766,0.0
-1.74358,1.28624,0.0
-1.74358,1.31483,0.0
-1.74358,1.34341,0.0
-1.74358,1.37199,0.0
-1.74358,1.40058,0.0
-1.74358,1.42916,0.0
-1.74358,1.45774,0.0
-1.74358,1.48633,0.0
-1.74358,1.51491,0.0
-1.74358,1.54349,0.0
-1.74358,1.57208,0.0
-1.74358,1.60066,0.0
-1.74358,1.62924,0.0
-1.74358,1.65783,0.0
-1.74358,1.68641,0.0
-1.74358,1.71499,0.0
-1.74358,1.74358,0.0
-1.74358,1.77216,0.0
-1.74358,1.80074,0.0
-1.74358,1.82933,0.0
-1.74358,1.85791,0.0
-1.74358,1.88649,0.0
-1.74358,1.91507,0.0
-1.74358,1.94366,0.0
-1.74358,1.97224,0.0
-1.74358,2.00082,0.0
-1.74358,2.02941,0.0
-1.74358,2.05799,0.0
-1.74358,2.08657,0.0
-1.74358,2.11516,0.0
-1.74358,2.14374,0.0
-1.74358,2.17232,0.0
-1.71499,-2.20091,0.0
-1.71499,-2.17232,0.0
-1.71499,-2.14374,0.0
-1.71499,-2.11516,0.0
-1.71499,-2.08657,0.0
-1.71499,-2.05799,0.0
-1.71499,-2.02941,0.0
-1.71499,-2.00082,0.0
-1.71499,-1.97224,0.0
-1.71499,-1.94366,0.0
-1.71499,-1.91507,0.0
-1.71499,-1.88649,0.0
-1.71499,-1.85791,0.0
-1.71499,-1.82933,0.0
-1.71499,-1.80074,0.0
-1.71499,-1.77216,0.0
-1.71499,-1.74358,0.0
-1.71499,-1.71499,0.0
-1.71499,-1.68641,0.0
-1.71499,-1.65783,0.0
-1.71499,-1.62924,0.0
-1.71499,-1.60066,0.0
-1.71499,-1.57208,0.0
-1.71499,-1.54349,0.0
-1.71499,-1.51491,0.0
-1.71499,-1.48633,0.0
-1.71499,-1.45774,0.0
-1.71499,-1.42916,0.0
-1.71499,-1.40058,0.0
-1.71499,-1.37199,0.0
-1.71499,-1.34341,0.0
-1.71499,-1.31483,0.0
-1.71499,-1.28624,0.0
-1.71499,-1.25766,0.0
-1.71499,-1.22908,0.0
-1.71499,-1.20049,0.0
-1.71499,-1.17191,0.0
-1.71499,-1.14333,0.0
-1.71499,-1.11474,0.0
-1.71499,-1.08616,0.0
-1.71499,-1.05758,0.0
-1.71499,-1.029,0.0
-1.71499,-1.00041,0.0
-1.71499,-0.97183,0.0
-1.71499,-0.94325,0.0
-1.71499,-0.91466,0.0
-1.71499,-0.88608,0.0
-1.71499,-0.8575,0.0
-1.71499,-0.82891,0.0
-1.71499,-0.80033,0.0
-1.71499,-0.77175,0.0
-1.71499,-0.74316,0.0
-1.71499,-0.71458,0.0
-1.71499,-0.686,0.0
-1.71499,-0.65741,0.0
-1.71499,-0.62883,0.0
-1.71499,-0.60025,0.0
-1.71499,-0.57166,0.0
-1.71499,-0.54308,0.0
-1.71499,-0.5145,0.0
-1.71499,-0.48591,0.0
-1.71499,-0.45733,0.0
-1.71499,-0.42875,0.0
-1.71499,-0.40016,0.0
-1.71499,-0.37158,0.0
-1.71499,-0.343,0.0
-1.71499,-0.31442,0.0
-1.71499,-0.28583,0.0
-1.71499,-0.25725,0.0
-1.71499,-0.22867,0.0
-1.71499,-0.20008,0.0
-1.71499,-0.1715,0.0
-1.71499,-0.14292,0.0
-1.71499,-0.11433,0.0
-1.71499,-0.08575,0.0
-1.71499,-0.05717,0.0
-1.71499,-0.02858,0.0
-1.71499,0,0.0
-1.71499,0.02858,0.0
-1.71499,0.05717,0.0
-1.71499,0.08575,0.0
-1.71499,0.11433,0.0
-1.71499,0.14292,0.0
-1.71499,0.1715,0.0
-1.71499,0.20008,0.0
-1.71499,0.22867,0.0
-1.71499,0.25725,0.0
-1.71499,0.28583,0.0
-1.71499,0.31442,0.0
-1.71499,0.343,0.0
-1.71499,0.37158,0.0
-1.71499,0.40016,0.0
-1.71499,0.42875,0.0
-1.71499,0.45733,0.0
-1.71499,0.48591,0.0
-1.71499,0.5145,0.0
-1.71499,0.54308,0.0
-1.71499,0.57166,0.0
-1.71499,0.60025,0.0
-1.71499,0.62883,0.0
-1.71499,0.65741,0.0
-1.71499,0.686,0.0
-1.71499,0.71458,0.0
-1.71499,0.74316,0.0
-1.71499,0.77175,0.0
-1.71499,0.80033,0.0
-1.71499,0.82891,0.0
-1.71499,0.8575,0.0
-1.71499,0.88608,0.0
-1.71499,0.91466,0.0
-1.71499,0.94325,0.0
-1.71499,0.97183,0.0
-1.71499,1.00041,0.0
-1.71499,1.029,0.0
-1.71499,1.05758,0.0
-1.71499,1.08616,0.0
-1.71499,1.11474,0.0
-1.71499,1.14333,0.0
-1.71499,1.17191,0.0
-1.71499,1.20049,0.0
-1.71499,1.22908,0.0
-1.71499,1.25766,0.0
-1.71499,1.28624,0.0
-1.71499,1.31483,0.0
-1.71499,1.34341,0.0
-1.71499,1.37199,0.0
-1.71499,1.40058,0.0
-1.71499,1.42916,0.0
-1.71499,1.45774,0.0
-1.71499,1.48633,0.0
-1.71499,1.51491,0.0
-1.71499,1.54349,0.0
-1.71499,1.57208,0.0
-1.71499,1.60066,0.0
-1.71499,1.62924,0.0
-1.71499,1.65783,0.0
-1.71499,1.68641,0.0
-1.71499,1.71499,0.0
-1.71499,1.74358,0.0
-1.71499,1.77216,0.0
-1.71499,1.80074,0.0
-1.71499,1.82933,0.0
-1.71499,1.85791,0.0
-1.71499,1.88649,0.0
-1.71499,1.91507,0.0
-1.71499,1.94366,0.0
-1.71499,1.97224,0.0
-1.71499,2.00082,0.0
-1.71499,2.02941,0.0
-1.71499,2.05799,0.0
-1.71499,2.08657,0.0
-1.71499,2.11516,0.0
-1.71499,2.14374,0.0
-1.71499,2.17232,0.0
-1.71499,2.20091,0.0
-1.68641,-2.22949,0.0
-1.68641,-2.20091,0.0
-1.68641,-2.17232,0.0
-1.68641,-2.14374,0.0
-1.68641,-2.11516,0.0
-1.68641,-2.08657,0.0
-1.68641,-2.05799,0.0
-1.68641,-2.02941,0.0
-1.68641,-2.00082,0.0
-1.68641,-1.97224,0.0
-1.68641,-1.94366,0.0
-1.68641,-1.91507,0.0
-1.68641,-1.88649,0.0
-1.68641,-1.85791,0.0
-1.68641,-1.82933,0.0
-1.68641,-1.80074,0.0
-1.68641,-1.77216,0.0
-1.68641,-1.74358,0.0
-1.68641,-1.71499,0.0
-1.68641,-1.68641,0.0
-1.68641,-1.65783,0.0
-1.68641,-1.62924,0.0
-1.68641,-1.60066,0.0
-1.68641,-1.57208,0.0
-1.68641,-1.54349,0.0
-1.68641,-1.51491,0.0
-1.68641,-1.48633,0.0
-1.68641,-1.45774,0.0
-1.68641,-1.42916,0.0
-1.68641,-1.40058,0.0
-1.68641,-1.37199,0.0
-1.68641,-1.34341,0.0
-1.68641,-1.31483,0.0
-1.68641,-1.28624,0.0
-1.68641,-1.25766,0.0
-1.68641,-1.22908,0.0
-1.68641,-1.20049,0.0
-1.68641,-1.17191,0.0
-1.68641,-1.14333,0.0
-1.68641,-1.11474,0.0
-1.68641,-1.08616,0.0
-1.68641,-1.05758,0.0
-1.68641,-1.029,0.0
-1.68641,-1.00041,0.0
-1.68641,-0.97183,0.0
-1.68641,-0.94325,0.0
-1.68641,-0.91466,0.0
-1.68641,-0.88608,0.0
-1.68641,-0.8575,0.0
-1.68641,-0.82891,0.0
-1.68641,-0.80033,0.0
-1.68641,-0.77175,0.0
-1.68641,-0.74316,0.0
-1.68641,-0.71458,0.0
-1.68641,-0.686,0.0
-1.68641,-0.65741,0.0
-1.68641,-0.62883,0.0
-1.68641,-0.60025,0.0
-1.68641,-0.57166,0.0
-1.68641,-0.54308,0.0
-1.68641,-0.5145,0.0
-1.68641,-0.48591,0.0
-1.68641,-0.45733,0.0
-1.68641,-0.42875,0.0
-1.68641,-0.40016,0.0
-1.68641,-0.37158,0.0
-1.68641,-0.343,0.0
-1.68641,-0.31442,0.0
-1.68641,-0.28583,0.0
-1.68641,-0.25725,0.0
-1.68641,-0.22867,0.0
-1.68641,-0.20008,0.0
-1.68641,-0.1715,0.0
-1.68641,-0.14292,0.0
-1.68641,-0.11433,0.0
-1.68641,-0.08575,0.0
-1.68641,-0.05717,0.0
-1.68641,-0.02858,0.0
-1.68641,0,0.0
-1.68641,0.02858,0.0
-1.68641,0.05717,0.0
-1.68641,0.08575,0.0
-1.68641,0.11433,0.0
-1.68641,0.14292,0.0
-1.68641,0.1715,0.0
-1.68641,0.20008,0.0
-1.68641,0.22867,0.0
-1.68641,0.25725,0.0
-1.68641,0.28583,0.0
-1.68641,0.31442,0.0
-1.68641,0.343,0.0
-1.68641,0.37158,0.0
-1.68641,0.40016,0.0
-1.68641,0.42875,0.0
-1.68641,0.45733,0.0
-1.68641,0.48591,0.0
-1.68641,0.5145,0.0
-1.68641,0.54308,0.0
-1.68641,0.57166,0.0
-1.68641,0.60025,0.0
-1.68641,0.62883,0.0
-1.68641,0.65741,0.0
-1.68641,0.686,0.0
-1.68641,0.71458,0.0
-1.68641,0.74316,0.0
-1.68641,0.77175,0.0
-1.68641,0.80033,0.0
-1.68641,0.82891,0.0
-1.68641,0.8575,0.0
-1.68641,0.88608,0.0
-1.68641,0.91466,0.0
-1.68641,0.94325,0.0
-1.68641,0.97183,0.0
-1.68641,1.00041,0.0
-1.68641,1.029,0.0
-1.68641,1.05758,0.0
-1.68641,1.08616,0.0
-1.68641,1.11474,0.0
-1.68641,1.14333,0.0
-1.68641,1.17191,0.0
-1.68641,1.20049,0.0
-1.68641,1.22908,0.0
-1.68641,1.25766,0.0
-1.68641,1.28624,0.0
-1.68641,1.31483,0.0
-1.68641,1.34341,0.0
-1.68641,1.37199,0.0
-1.68641,1.40058,0.0
-1.68641,1.42916,0.0
-1.68641,1.45774,0.0
-1.68641,1.48633,0.0
-1.68641,1.51491,0.0
-1.68641,1.54349,0.0
-1.68641,1.57208,0.0
-1.68641,1.60066,0.0
-1.68641,1.62924,0.0
-1.68641,1.65783,0.0
-1.68641,1.68641,0.0
-1.68641,1.71499,0.0
-1.68641,1.74358,0.0
-1.68641,1.77216,0.0
-1.68641,1.80074,0.0
-1.68641,1.82933,0.0
-1.68641,1.85791,0.0
-1.68641,1.88649,0.0
-1.68641,1.91507,0.0
-1.68641,1.94366,0.0
-1.68641,1.97224,0.0
-1.68641,2.00082,0.0
-1.68641,2.02941,0.0
-1.68641,2.05799,0.0
-1.68641,2.08657,0.0
-1.68641,2.11516,0.0
-1.68641,2.14374,0.0
-1.68641,2.17232,0.0
-1.68641,2.20091,0.0
-1.68641,2.22949,0.0
-1.65783,-2.22949,0.0
-1.65783,-2.20091,0.0
-1.65783,-2.17232,0.0
-1.65783,-2.14374,0.0
-1.65783,-2.11516,0.0
-1.65783,-2.08657,0.0
-1.65783,-2.05799,0.0
-1.65783,-2.02941,0.0
-1.65783,-2.00082,0.0
-1.65783,-1.97224,0.0
-1.65783,-1.94366,0.0
-1.65783,-1.91507,0.0
-1.65783,-1.88649,0.0
-1.65783,-1.85791,0.0
-1.65783,-1.82933,0.0
-1.65783,-1.80074,0.0
-1.65783,-1.77216,0.0
-1.65783,-1.74358,0.0
-1.65783,-1.71499,0.0
-1.65783,-1.68641,0.0
-1.65783,-1.65783,0.0
-1.65783,-1.62924,0.0
-1.65783,-1.60066,0.0
-1.65783,-1.57208,0.0
-1.65783,-1.54349,0.0
-1.65783,-1.51491,0.0
-1.65783,-1.48633,0.0
-1.65783,-1.45774,0.0
-1.65783,-1.42916,0.0
-1.65783,-1.40058,0.0
-1.65783,-1.37199,0.0
-1.65783,-1.34341,0.0
-1.65783,-1.31483,0.0
-1.65783,-1.28624,0.0
-1.65783,-1.25766,0.0
-1.65783,-1.22908,0.0
-1.65783,-1.20049,0.0
-1.65783,-1.17191,0.0
-1.65783,-1.14333,0.0
-1.65783,-1.11474,0.0
-1.65783,-1.08616,0.0
-1.65783,-1.05758,0.0
-1.65783,-1.029,0.0
-1.65783,-1.00041,0.0
-1.65783,-0.97183,0.0
-1.65783,-0.94325,0.0
-1.65783,-0.91466,0.0
-1.65783,-0.88608,0.0
-1.65783,-0.8575,0.0
-1.65783,-0.82891,0.0
-1.65783,-0.80033,0.0
-1.65783,-0.77175,0.0
-1.65783,-0.74316,0.0
-1.65783,-0.71458,0.0
-1.65783,-0.686,0.0
-1.65783,-0.65741,0.0
-1.65783,-0.62883,0.0
-1.65783,-0.60025,0.0
-1.65783,-0.57166,0.0
-1.65783,-0.54308,0.0
-1.65783,-0.5145,0.0
-1.65783,-0.48591,0.0
-1.65783,-0.45733,0.0
-1.65783,-0.42875,0.0
-1.65783,-0.40016,0.0
-1.65783,-0.37158,0.0
-1.65783,-0.343,0.0
-1.65783,-0.31442,0.0
-1.65783,-0.28583,0.0
-1.65783,-0.25725,0.0
-1.65783,-0.22867,0.0
-1.65783,-0.20008,0.0
-1.65783,-0.1715,0.0
-1.65783,-0.14292,0.0
-1.65783,-0.11433,0.0
-1.65783,-0.08575,0.0
-1.65783,-0.05717,0.0
-1.65783,-0.02858,0.0
-1.65783,0,0.0
-1.65783,0.02858,0.0
-1.65783,0.05717,0.0
-1.65783,0.08575,0.0
-1.65783,0.11433,0.0
-1.65783,0.14292,0.0
-1.65783,0.1715,0.0
-1.65783,0.20008,0.0
-1.65783,0.22867,0.0
-1.65783,0.25725,0.0
-1.65783,0.28583,0.0
-1.65783,0.31442,0.0
-1.65783,0.343,0.0
-1.65783,0.37158,0.0
-1.65783,0.40016,0.0
-1.65783,0.42875,0.0
-1.65783,0.45733,0.0
-1.65783,0.48591,0.0
-1.65783,0.5145,0.0
-1.65783,0.54308,0.0
-1.65783,0.57166,0.0
-1.65783,0.60025,0.0
-1.65783,0.62883,0.0
-1.65783,0.65741,0.0
-1.65783,0.686,0.0
-1.65783,0.71458,0.0
-1.65783,0.74316,0.0
-1.65783,0.77175,0.0
-1.65783,0.80033,0.0
-1.65783,0.82891,0.0
-1.65783,0.8575,0.0
-1.65783,0.88608,0.0
-1.65783,0.91466,0.0
-1.65783,0.94325,0.0
-1.65783,0.97183,0.0
-1.65783,1.00041,0.0
-1.65783,1.029,0.0
-1.65783,1.05758,0.0
-1.65783,1.08616,0.0
-1.65783,1.11474,0.0
-1.65783,1.14333,0.0
-1.65783,1.17191,0.0
-1.65783,1.20049,0.0
-1.65783,1.22908,0.0
-1.65783,1.25766,0.0
-1.65783,1.28624,0.0
-1.65783,1.31483,0.0
-1.65783,1.34341,0.0
-1.65783,1.37199,0.0
-1.65783,1.40058,0.0
-1.65783,1.42916,0.0
-1.65783,1.45774,0.0
-1.65783,1.48633,0.0
-1.65783,1.51491,0.0
-1.65783,1.54349,0.0
-1.65783,1.57208,0.0
-1.65783,1.60066,0.0
-1.65783,1.62924,0.0
-1.65783,1.65783,0.0
-1.65783,1.68641,0.0
-1.65783,1.71499,0.0
-1.65783,1.74358,0.0
-1.65783,1.77216,0.0
-1.65783,1.80074,0.0
-1.65783,1.82933,0.0
-1.65783,1.85791,0.0
-1.65783,1.88649,0.0
-1.65783,1.91507,0.0
-1.65783,1.94366,0.0
-1.65783,1.97224,0.0
-1.65783,2.00082,0.0
-1.65783,2.02941,0.0
-1.65783,2.05799,0.0
-1.65783,2.08657,0.0
-1.65783,2.11516,0.0
-1.65783,2.14374,0.0
-1.65783,2.17232,0.0
-1.65783,2.20091,0.0
-1.65783,2.22949,0.0
-1.62924,-2.25807,0.0
-1.62924,-2.22949,0.0
-1.62924,-2.20091,0.0
-1.62924,-2.17232,0.0
-1.62924,-2.14374,0.0
-1.62924,-2.11516,0.0
-1.62924,-2.08657,0.0
-1.62924,-2.05799,0.0
-1.62924,-2.02941,0.0
-1.62924,-2.00082,0.0
-1.62924,-1.97224,0.0
-1.62924,-1.94366,0.0
-1.62924,-1.91507,0.0
-1.62924,-1.88649,0.0
-1.62924,-1.85791,0.0
-1.62924,-1.82933,0.0
-1.62924,-1.80074,0.0
-1.62924,-1.77216,0.0
-1.62924,-1.74358,0.0
-1.62924,-1.71499,0.0
-1.62924,-1.68641,0.0
-1.62924,-1.65783,0.0
-1.62924,-1.62924,0.0
-1.62924,-1.60066,0.0
-1.62924,-1.57208,0.0
-1.62924,-1.54349,0.0
-1.62924,-1.51491,0.0
-1.62924,-1.48633,0.0
-1.62924,-1.45774,0.0
-1.62924,-1.42916,0.0
-1.62924,-1.40058,0.0
-1.62924,-1.37199,0.0
-1.62924,-1.34341,0.0
-1.62924,-1.31483,0.0
-1.62924,-1.28624,0.0
-1.62924,-1.25766,0.0
-1.62924,-1.22908,0.0
-1.62924,-1.20049,0.0
-1.62924,-1.17191,0.0
-1.62924,-1.14333,0.0
-1.62924,-1.11474,0.0
-1.62924,-1.08616,0.0
-1.62924,-1.05758,0.0
-1.62924,-1.029,0.0
-1.62924,-1.00041,0.0
-1.62924,-0.97183,0.0
-1.62924,-0.94325,0.0
-1.62924,-0.91466,0.0
-1.62924,-0.88608,0.0
-1.62924,-0.8575,0.0
-1.62924,-0.82891,0.0
-1.62924,-0.80033,0.0
-1.62924,-0.77175,0.0
-1.62924,-0.74316,0.0
-1.62924,-0.71458,0.0
-1.62924,-0.686,0.0
-1.62924,-0.65741,0.0
-1.62924,-0.62883,0.0
-1.62924,-0.60025,0.0
-1.62924,-0.57166,0.0
-1.62924,-0.54308,0.0
-1.62924,-0.5145,0.0
-1.62924,-0.48591,0.0
-1.62924,-0.45733,0.0
-1.62924,-0.42875,0.0
-1.62924,-0.40016,0.0
-1.62924,-0.37158,0.0
-1.62924,-0.343,0.0
-1.62924,-0.31442,0.0
-1.62924,-0.28583,0.0
-1.62924,-0.25725,0.0
-1.62924,-0.22867,0.0
-1.62924,-0.20008,0.0
-1.62924,-0.1715,0.0
-1.62924,-0.14292,0.0
-1.62924,-0.11433,0.0
-1.62924,-0.08575,0.0
-1.62924,-0.05717,0.0
-1.62924,-0.02858,0.0
-1.62924,0,0.0
-1.62924,0.02858,0.0
-1.62924,0.05717,0.0
-1.62924,0.08575,0.0
-1.62924,0.11433,0.0
-1.62924,0.14292,0.0
-1.62924,0.1715,0.0
-1.62924,0.20008,0.0
-1.62924,0.22867,0.0
-1.62924,0.25725,0.0
-1.62924,0.28583,0.0
-1.62924,0.31442,0.0
-1.62924,0.343,0.0
-1.62924,0.37158,0.0
-1.62924,0.40016,0.0
-1.62924,0.42875,0.0
-1.62924,0.45733,0.0
-1.62924,0.48591,0.0
-1.62924,0.5145,0.0
-1.62924,0.54308,0.0
-1.62924,0.57166,0.0
-1.62924,0.60025,0.0
-1.62924,0.62883,0.0
-1.62924,0.65741,0.0
-1.62924,0.686,0.0
-1.62924,0.71458,0.0
-1.62924,0.74316,0.0
-1.62924,0.77175,0.0
-1.62924,0.80033,0.0
-1.62924,0.82891,0.0
-1.62924,0.8575,0.0
-1.62924,0.88608,0.0
-1.62924,0.91466,0.0
-1.62924,0.94325,0.0
-1.62924,0.97183,0.0
-1.62924,1.00041,0.0
-1.62924,1.029,0.0
-1.62924,1.05758,0.0
-1.62924,1.08616,0.0
-1.62924,1.11474,0.0
-1.62924,1.14333,0.0
-1.62924,1.17191,0.0
-1.62924,1.20049,0.0
-1.62924,1.22908,0.0
-1.62924,1.25766,0.0
-1.62924,1.28624,0.0
-1.62924,1.31483,0.0
-1.62924,1.34341,0.0
-1.62924,1.37199,0.0
-1.62924,1.40058,0.0
-1.62924,1.42916,0.0
-1.62924,1.45774,0.0
-1.62924,1.48633,0.0
-1.62924,1.51491,0.0
-1.62924,1.54349,0.0
-1.62924,1.57208,0.0
-1.62924,1.60066,0.0
-1.62924,1.62924,0.0
-1.62924,1.65783,0.0
-1.62924,1.68641,0.0
-1.62924,1.71499,0.0
-1.62924,1.74358,0.0
-1.62924,1.77216,0.0
-1.62924,1.80074,0.0
-1.62924,1.82933,0.0
-1.62924,1.85791,0.0
-1.62924,1.88649,0.0
-1.62924,1.91507,0.0
-1.62924,1.94366,0.0
-1.62924,1.97224,0.0
-1.62924,2.00082,0.0
-1.62924,2.02941,0.0
-1.62924,2.05799,0.0
-1.62924,2.08657,0.0
-1.62924,2.11516,0.0
-1.62924,2.14374,0.0
-1.62924,2.17232,0.0
-1.62924,2.20091,0.0
-1.62924,2.22949,0.0
-1.62924,2.25807,0.0
-1.60066,-2.28666,0.0
-1.60066,-2.25807,0.0
-1.60066,-2.22949,0.0
-1.60066,-2.20091,0.0
-1.60066,-2.17232,0.0
-1.60066,-2.14374,0.0
-1.60066,-2.11516,0.0
-1.60066,-2.08657,0.0
-1.60066,-2.05799,0.0
-1.60066,-2.02941,0.0
-1.60066,-2.00082,0.0
-1.60066,-1.97224,0.0
-1.60066,-1.94366,0.0
-1.60066,-1.91507,0.0
-1.60066,-1.88649,0.0
-1.60066,-1.85791,0.0
-1.60066,-1.82933,0.0
-1.60066,-1.80074,0.0
-1.60066,-1.77216,0.0
-1.60066,-1.74358,0.0
-1.60066,-1.71499,0.0
-1.60066,-1.68641,0.0
-1.60066,-1.65783,0.0
-1.60066,-1.62924,0.0
-1.60066,-1.60066,0.0
-1.60066,-1.57208,0.0
-1.60066,-1.54349,0.0
-1.60066,-1.51491,0.0
-1.60066,-1.48633,0.0
-1.60066,-1.45774,0.0
-1.60066,-1.42916,0.0
-1.60066,-1.40058,0.0
-1.60066,-1.37199,0.0
-1.60066,-1.34341,0.0
-1.60066,-1.31483,0.0
-1.60066,-1.28624,0.0
-1.60066,-1.25766,0.0
-1.60066,-1.22908,0.0
-1.60066,-1.20049,0.0
-1.60066,-1.17191,0.0
-1.60066,-1.14333,0.0
-1.60066,-1.11474,0.0
-1.60066,-1.08616,0.0
-1.60066,-1.05758,0.0
-1.60066,-1.029,0.0
-1.60066,-1.00041,0.0
-1.60066,-0.97183,0.0
-1.60066,-0.94325,0.0
-1.60066,-0.91466,0.0
-1.60066,-0.88608,0.0
-1.60066,-0.8575,0.0
-1.60066,-0.82891,0.0
-1.60066,-0.80033,0.0
-1.60066,-0.77175,0.0
-1.60066,-0.74316,0.0
-1.60066,-0.71458,0.0
-1.60066,-0.686,0.0
-1.60066,-0.65741,0.0
-1.60066,-0.62883,0.0
-1.60066,-0.60025,0.0
-1.60066,-0.57166,0.0
-1.60066,-0.54308,0.0
-1.60066,-0.5145,0.0
-1.60066,-0.48591,0.0
-1.60066,-0.45733,0.0
-1.60066,-0.42875,0.0
-1.60066,-0.40016,0.0
-1.60066,-0.37158,0.0
-1.60066,-0.343,0.0
-1.60066,-0.31442,0.0
-1.60066,-0.28583,0.0
-1.60066,-0.25725,0.0
-1.60066,-0.22867,0.0
-1.60066,-0.20008,0.0
-1.60066,-0.1715,0.0
-1.60066,-0.14292,0.0
-1.60066,-0.11433,0.0
-1.60066,-0.08575,0.0
-1.60066,-0.05717,0.0
-1.60066,-0.02858,0.0
-1.60066,0,0.0
-1.60066,0.02858,0.0
-1.60066,0.05717,0.0
-1.60066,0.08575,0.0
-1.60066,0.11433,0.0
-1.60066,0.14292,0.0
-1.60066,0.1715,0.0
-1.60066,0.20008,0.0
-1.60066,0.22867,0.0
-1.60066,0.25725,0.0
-1.60066,0.28583,0.0
-1.60066,0.31442,0.0
-1.60066,0.343,0.0
-1.60066,0.37158,0.0
-1.60066,0.40016,0.0
-1.60066,0.42875,0.0
-1.60066,0.45733,0.0
-1.60066,0.48591,0.0
-1.60066,0.5145,0.0
-1.60066,0.54308,0.0
-1.60066,0.57166,0.0
-1.60066,0.60025,0.0
-1.60066,0.62883,0.0
-1.60066,0.65741,0.0
-1.60066,0.686,0.0
-1.60066,0.71458,0.0
-1.60066,0.74316,0.0
-1.60066,0.77175,0.0
-1.60066,0.80033,0.0
-1.60066,0.82891,0.0
-1.60066,0.8575,0.0
-1.60066,0.88608,0.0
-1.60066,0.91466,0.0
-1.60066,0.94325,0.0
-1.60066,0.97183,0.0
-1.60066,1.00041,0.0
-1.60066,1.029,0.0
-1.60066,1.05758,0.0
-1.60066,1.08616,0.0
-1.60066,1.11474,0.0
-1.60066,1.14333,0.0
-1.60066,1.17191,0.0
-1.60066,1.20049,0.0
-1.60066,1.22908,0.0
-1.60066,1.25766,0.0
-1.60066,1.28624,0.0
-1.60066,1.31483,0.0
-1.60066,1.34341,0.0
-1.60066,1.37199,0.0
-1.60066,1.40058,0.0
-1.60066,1.42916,0.0
-1.60066,1.45774,0.0
-1.60066,1.48633,0.0
-1.60066,1.51491,0.0
-1.60066,1.54349,0.0
-1.60066,1.57208,0.0
-1.60066,1.60066,0.0
-1.60066,1.62924,0.0
-1.60066,1.65783,0.0
-1.60066,1.68641,0.0
-1.60066,1.71499,0.0
-1.60066,1.74358,0.0
-1.60066,1.77216,0.0
-1.60066,1.80074,0.0
-1.60066,1.82933,0.0
-1.60066,1.85791,0.0
-1.60066,1.88649,0.0
-1.60066,1.91507,0.0
-1.60066,1.94366,0.0
-1.60066,1.97224,0.0
-1.60066,2.00082,0.0
-1.60066,2.02941,0.0
-1.60066,2.05799,0.0
-1.60066,2.08657,0.0
-1.60066,2.11516,0.0
-1.60066,2.14374,0.0
-1.60066,2.17232,0.0
-1.60066,2.20091,0.0
-1.60066,2.22949,0.0
-1.60066,2.25807,0.0
-1.60066,2.28666,0.0
-1.57208,-2.31524,0.0
-1.57208,-2.28666,0.0
-1.57208,-2.25807,0.0
-1.57208,-2.22949,0.0
-1.57208,-2.20091,0.0
-1.57208,-2.17232,0.0
-1.57208,-2.14374,0.0
-1.57208,-2.11516,0.0
-1.57208,-2.08657,0.0
-1.57208,-2.05799,0.0
-1.57208,-2.02941,0.0
-1.57208,-2.00082,0.0
-1.57208,-1.97224,0.0
-1.57208,-1.94366,0.0
-1.57208,-1.91507,0.0
-1.57208,-1.88649,0.0
-1.57208,-1.85791,0.0
-1.57208,-1.82933,0.0
-1.57208,-1.80074,0.0
-1.57208,-1.77216,0.0
-1.57208,-1.74358,0.0
-1.57208,-1.71499,0.0
-1.57208,-1.68641,0.0
-1.57208,-1.65783,0.0
-1.57208,-1.62924,0.0
-1.57208,-1.60066,0.0
-1.57208,-1.57208,0.0
-1.57208,-1.54349,0.0
-1.57208,-1.51491,0.0
-1.57208,-1.48633,0.0
-1.57208,-1.45774,0.0
-1.57208,-1.42916,0.0
-1.57208,-1.40058,0.0
-1.57208,-1.37199,0.0
-1.57208,-1.34341,0.0
-1.57208,-1.31483,0.0
-1.57208,-1.28624,0.0
-1.57208,-1.25766,0.0
-1.57208,-1.22908,0.0
-1.57208,-1.20049,0.0
-1.57208,-1.17191,0.0
-1.57208,-1.14333,0.0
-1.57208,-1.11474,0.0
-1.57208,-1.08616,0.0
-1.57208,-1.05758,0.0
-1.57208,-1.029,0.0
-1.57208,-1.00041,0.0
-1.57208,-0.97183,0.0
-1.57208,-0.94325,0.0
-1.57208,-0.91466,0.0
-1.57208,-0.88608,0.0
-1.57208,-0.8575,0.0
-1.57208,-0.82891,0.0
-1.57208,-0.80033,0.0
-1.57208,-0.77175,0.0
-1.57208,-0.74316,0.0
-1.57208,-0.71458,0.0
-1.57208,-0.686,0.0
-1.57208,-0.65741,0.0
-1.57208,-0.62883,0.0
-1.57208,-0.60025,0.0
-1.57208,-0.57166,0.0
-1.57208,-0.54308,0.0
-1.57208,-0.5145,0.0
-1.57208,-0.48591,0.0
-1.57208,-0.45733,0.0
-1.57208,-0.42875,0.0
-1.57208,-0.40016,0.0
-1.57208,-0.37158,0.0
-1.57208,-0.343,0.0
-1.57208,-0.31442,0.0
-1.57208,-0.28583,0.0
-1.57208,-0.25725,0.0
-1.57208,-0.22867,0.0
-1.57208,-0.20008,0.0
-1.57208,-0.1715,0.0
-1.57208,-0.14292,0.0
-1.57208,-0.11433,0.0
-1.57208,-0.08575,0.0
-1.57208,-0.05717,0.0
-1.57208,-0.02858,0.0
-1.57208,0,0.0
-1.57208,0.02858,0.0
-1.57208,0.05717,0.0
-1.57208,0.08575,0.0
-1.57208,0.11433,0.0
-1.57208,0.14292,0.0
-1.57208,0.1715,0.0
-1.57208,0.20008,0.0
-1.57208,0.22867,0.0
-1.57208,0.25725,0.0
-1.57208,0.28583,0.0
-1.57208,0.31442,0.0
-1.57208,0.343,0.0
-1.57208,0.37158,0.0
-1.57208,0.40016,0.0
-1.57208,0.42875,0.0
-1.57208,0.45733,0.0
-1.57208,0.48591,0.0
-1.57208,0.5145,0.0
-1.57208,0.54308,0.0
-1.57208,0.57166,0.0
-1.57208,0.60025,0.0
-1.57208,0.62883,0.0
-1.57208,0.65741,0.0
-1.57208,0.686,0.0
-1.57208,0.71458,0.0
-1.57208,0.74316,0.0
-1.57208,0.77175,0.0
-1.57208,0.80033,0.0
-1.57208,0.82891,0.0
-1.57208,0.8575,0.0
-1.57208,0.88608,0.0
-1.57208,0.91466,0.0
-1.57208,0.94325,0.0
-1.57208,0.97183,0.0
-1.57208,1.00041,0.0
-1.57208,1.029,0.0
-1.57208,1.05758,0.0
-1.57208,1.08616,0.0
-1.57208,1.11474,0.0
-1.57208,1.14333,0.0
-1.57208,1.17191,0.0
-1.57208,1.20049,0.0
-1.57208,1.22908,0.0
-1.57208,1.25766,0.0
-1.57208,1.28624,0.0
-1.57208,1.31483,0.0
-1.57208,1.34341,0.0
-1.57208,1.37199,0.0
-1.57208,1.40058,0.0
-1.57208,1.42916,0.0
-1.57208,1.45774,0.0
-1.57208,1.48633,0.0
-1.57208,1.51491,0.0
-1.57208,1.54349,0.0
-1.57208,1.57208,0.0
-1.57208,1.60066,0.0
-1.57208,1.62924,0.0
-1.57208,1.65783,0.0
-1.57208,1.68641,0.0
-1.57208,1.71499,0.0
-1.57208,1.74358,0.0
-1.57208,1.77216,0.0
-1.57208,1.80074,0.0
-1.57208,1.82933,0.0
-1.57208,1.85791,0.0
-1.57208,1.88649,0.0
-1.57208,1.91507,0.0
-1.57208,1.94366,0.0
-1.57208,1.97224,0.0
-1.57208,2.00082,0.0
-1.57208,2.02941,0.0
-1.57208,2.05799,0.0
-1.57208,2.08657,0.0
-1.57208,2.11516,0.0
-1.57208,2.14374,0.0
-1.57208,2.17232,0.0
-1.57208,2.20091,0.0
-1.57208,2.22949,0.0
-1.57208,2.25807,0.0
-1.57208,2.28666,0.0
-1.57208,2.31524,0.0
-1.54349,-2.31524,0.0
-1.54349,-2.28666,0.0
-1.54349,-2.25807,0.0
-1.54349,-2.22949,0.0
-1.54349,-2.20091,0.0
-1.54349,-2.17232,0.0
-1.54349,-2.14374,0.0
-1.54349,-2.11516,0.0
-1.54349,-2.08657,0.0
-1.54349,-2.05799,0.0
-1.54349,-2.02941,0.0
-1.54349,-2.00082,0.0
-1.54349,-1.97224,0.0
-1.54349,-1.94366,0.0
-1.54349,-1.91507,0.0
-1.54349,-1.88649,0.0
-1.54349,-1.85791,0.0
-1.54349,-1.82933,0.0
-1.54349,-1.80074,0.0
-1.54349,-1.77216,0.0
-1.54349,-1.74358,0.0
-1.54349,-1.71499,0.0
-1.54349,-1.68641,0.0
-1.54349,-1.65783,0.0
-1.54349,-1.62924,0.0
-1.54349,-1.60066,0.0
-1.54349,-1.57208,0.0
-1.54349,-1.54349,0.0
-1.54349,-1.51491,0.0
-1.54349,-1.48633,0.0
-1.54349,-1.45774,0.0
-1.54349,-1.42916,0.0
-1.54349,-1.40058,0.0
-1.54349,-1.37199,0.0
-1.54349,-1.34341,0.0
-1.54349,-1.31483,0.0
-1.54349,-1.28624,0.0
-1.54349,-1.25766,0.0
-1.54349,-1.22908,0.0
-1.54349,-1.20049,0.0
-1.54349,-1.17191,0.0
-1.54349,-1.14333,0.0
-1.54349,-1.11474,0.0
-1.54349,-1.08616,0.0
-1.54349,-1.05758,0.0
-1.54349,-1.029,0.0
-1.54349,-1.00041,0.0
-1.54349,-0.97183,0.0
-1.54349,-0.94325,0.0
-1.54349,-0.91466,0.0
-1.54349,-0.88608,0.0
-1.54349,-0.8575,0.0
-1.54349,-0.82891,0.0
-1.54349,-0.80033,0.0
-1.54349,-0.77175,0.0
-1.54349,-0.74316,0.0
-1.54349,-0.71458,0.0
-1.54349,-0.686,0.0
-1.54349,-0.65741,0.0
-1.54349,-0.62883,0.0
-1.54349,-0.60025,0.0
-1.54349,-0.57166,0.0
-1.54349,-0.54308,0.0
-1.54349,-0.5145,0.0
-1.54349,-0.48591,0.0
-1.54349,-0.45733,0.0
-1.54349,-0.42875,0.0
-1.54349,-0.40016,0.0
-1.54349,-0.37158,0.0
-1.54349,-0.343,0.0
-1.54349,-0.31442,0.0
-1.54349,-0.28583,0.0
-1.54349,-0.25725,0.0
-1.54349,-0.22867,0.0
-1.54349,-0.20008,0.0
-1.54349,-0.1715,0.0
-1.54349,-0.14292,0.0
-1.54349,-0.11433,0.0
-1.54349,-0.08575,0.0
-1.54349,-0.05717,0.0
-1.54349,-0.02858,0.0
-1.54349,0,0.0
-1.54349,0.02858,0.0
-1.54349,0.05717,0.0
-1.54349,0.08575,0.0
-1.54349,0.11433,0.0
-1.54349,0.14292,0.0
-1.54349,0.1715,0.0
-1.54349,0.20008,0.0
-1.54349,0.22867,0.0
-1.54349,0.25725,0.0
-1.54349,0.28583,0.0
-1.54349,0.31442,0.0
-1.54349,0.343,0.0
-1.54349,0.37158,0.0
-1.54349,0.40016,0.0
-1.54349,0.42875,0.0
-1.54349,0.45733,0.0
-1.54349,0.48591,0.0
-1.54349,0.5145,0.0
-1.54349,0.54308,0.0
-1.54349,0.57166,0.0
-1.54349,0.60025,0.0
-1.54349,0.62883,0.0
-1.54349,0.65741,0.0
-1.54349,0.686,0.0
-1.54349,0.71458,0.0
-1.54349,0.74316,0.0
-1.54349,0.77175,0.0
-1.54349,0.80033,0.0
-1.54349,0.82891,0.0
-1.54349,0.8575,0.0
-1.54349,0.88608,0.0
-1.54349,0.91466,0.0
-1.54349,0.94325,0.0
-1.54349,0.97183,0.0
-1.54349,1.00041,0.0
-1.54349,1.029,0.0
-1.54349,1.05758,0.0
-1.54349,1.08616,0.0
-1.54349,1.11474,0.0
-1.54349,1.14333,0.0
-1.54349,1.17191,0.0
-1.54349,1.20049,0.0
-1.54349,1.22908,0.0
-1.54349,1.25766,0.0
-1.54349,1.28624,0.0
-1.54349,1.31483,0.0
-1.54349,1.34341,0.0
-1.54349,1.37199,0.0
-1.54349,1.40058,0.0
-1.54349,1.42916,0.0
-1.54349,1.45774,0.0
-1.54349,1.48633,0.0
-1.54349,1.51491,0.0
-1.54349,1.54349,0.0
-1.54349,1.57208,0.0
-1.54349,1.60066,0.0
-1.54349,1.62924,0.0
-1.54349,1.65783,0.0
-1.54349,1.68641,0.0
-1.54349,1.71499,0.0
-1.54349,1.74358,0.0
-1.54349,1.77216,0.0
-1.54349,1.80074,0.0
-1.54349,1.82933,0.0
-1.54349,1.85791,0.0
-1.54349,1.88649,0.0
-1.54349,1.91507,0.0
-1.54349,1.94366,0.0
-1.54349,1.97224,0.0
-1.54349,2.00082,0.0
-1.54349,2.02941,0.0
-1.54349,2.05799,0.0
-1.54349,2.08657,0.0
-1.54349,2.11516,0.0
-1.54349,2.14374,0.0
-1.54349,2.17232,0.0
-1.54349,2.20091,0.0
-1.54349,2.22949,0.0
-1.54349,2.25807,0.0
-1.54349,2.28666,0.0
-1.54349,2.31524,0.0
-1.51491,-2.34382,0.0
-1.51491,-2.31524,0.0
-1.51491,-2.28666,0.0
-1.51491,-2.25807,0.0
-1.51491,-2.22949,0.0
-1.51491,-2.20091,0.0
-1.51491,-2.17232,0.0
-1.51491,-2.14374,0.0
-1.51491,-2.11516,0.0
-1.51491,-2.08657,0.0
-1.51491,-2.05799,0.0
-1.51491,-2.02941,0.0
-1.51491,-2.00082,0.0
-1.51491,-1.97224,0.0
-1.51491,-1.94366,0.0
-1.51491,-1.91507,0.0
-1.51491,-1.88649,0.0
-1.51491,-1.85791,0.0
-1.51491,-1.82933,0.0
-1.51491,-1.80074,0.0
-1.51491,-1.77216,0.0
-1.51491,-1.74358,0.0
-1.51491,-1.71499,0.0
-1.51491,-1.68641,0.0
-1.51491,-1.65783,0.0
-1.51491,-1.62924,0.0
-1.51491,-1.60066,0.0
-1.51491,-1.57208,0.0
-1.51491,-1.54349,0.0
-1.51491,-1.51491,0.0
-1.51491,-1.48633,0.0
-1.51491,-1.45774,0.0
-1.51491,-1.42916,0.0
-1.51491,-1.40058,0.0
-1.51491,-1.37199,0.0
-1.51491,-1.34341,0.0
-1.51491,-1.31483,0.0
-1.51491,-1.28624,0.0
-1.51491,-1.25766,0.0
-1.51491,-1.22908,0.0
-1.51491,-1.20049,0.0
-1.51491,-1.17191,0.0
-1.51491,-1.14333,0.0
-1.51491,-1.11474,0.0
-1.51491,-1.08616,0.0
-1.51491,-1.05758,0.0
-1.51491,-1.029,0.0
-1.51491,-1.00041,0.0
-1.51491,-0.97183,0.0
-1.51491,-0.94325,0.0
-1.51491,-0.91466,0.0
-1.51491,-0.88608,0.0
-1.51491,-0.8575,0.0
-1.51491,-0.82891,0.0
-1.51491,-0.80033,0.0
-1.51491,-0.77175,0.0
-1.51491,-0.74316,0.0
-1.51491,-0.71458,0.0
-1.51491,-0.686,0.0
-1.51491,-0.65741,0.0
-1.51491,-0.62883,0.0
-1.51491,-0.60025,0.0
-1.51491,-0.57166,0.0
-1.51491,-0.54308,0.0
-1.51491,-0.5145,0.0
-1.51491,-0.48591,0.0
-1.51491,-0.45733,0.0
-1.51491,-0.42875,0.0
-1.51491,-0.40016,0.0
-1.51491,-0.37158,0.0
-1.51491,-0.343,0.0
-1.51491,-0.31442,0.0
-1.51491,-0.28583,0.0
-1.51491,-0.25725,0.0
-1.51491,-0.22867,0.0
-1.51491,-0.20008,0.0
-1.51491,-0.1715,0.0
-1.51491,-0.14292,0.0
-1.51491,-0.11433,0.0
-1.51491,-0.08575,0.0
-1.51491,-0.05717,0.0
-1.51491,-0.02858,0.0
-1.51491,0,0.0
-1.51491,0.02858,0.0
-1.51491,0.05717,0.0
-1.51491,0.08575,0.0
-1.51491,0.11433,0.0
-1.51491,0.14292,0.0
-1.51491,0.1715,0.0
-1.51491,0.20008,0.0
-1.51491,0.22867,0.0
-1.51491,0.25725,0.0
-1.51491,0.28583,0.0
-1.51491,0.31442,0.0
-1.51491,0.343,0.0
-1.51491,0.37158,0.0
-1.51491,0.40016,0.0
-1.51491,0.42875,0.0
-1.51491,0.45733,0.0
-1.51491,0.48591,0.0
-1.51491,0.5145,0.0
-1.51491,0.54308,0.0
-1.51491,0.57166,0.0
-1.51491,0.60025,0.0
-1.51491,0.62883,0.0
-1.51491,0.65741,0.0
-1.51491,0.686,0.0
-1.51491,0.71458,0.0
-1.51491,0.74316,0.0
-1.51491,0.77175,0.0
-1.51491,0.80033,0.0
-1.51491,0.82891,0.0
-1.51491,0.8575,0.0
-1.51491,0.88608,0.0
-1.51491,0.91466,0.0
-1.51491,0.94325,0.0
-1.51491,0.97183,0.0
-1.51491,1.00041,0.0
-1.51491,1.029,0.0
-1.51491,1.05758,0.0
-1.51491,1.08616,0.0
-1.51491,1.11474,0.0
-1.51491,1.14333,0.0
-1.51491,1.17191,0.0
-1.51491,1.20049,0.0
-1.51491,1.22908,0.0
-1.51491,1.25766,0.0
-1.51491,1.28624,0.0
-1.51491,1.31483,0.0
-1.51491,1.34341,0.0
-1.51491,1.37199,0.0
-1.51491,1.40058,0.0
-1.51491,1.42916,0.0
-1.51491,1.45774,0.0
-1.51491,1.48633,0.0
-1.51491,1.51491,0.0
-1.51491,1.54349,0.0
-1.51491,1.57208,0.0
-1.51491,1.60066,0.0
-1.51491,1.62924,0.0
-1.51491,1.65783,0.0
-1.51491,1.68641,0.0
-1.51491,1.71499,0.0
-1.51491,1.74358,0.0
-1.51491,1.77216,0.0
-1.51491,1.80074,0.0
-1.51491,1.82933,0.0
-1.51491,1.85791,0.0
-1.51491,1.88649,0.0
-1.51491,1.91507,0.0
-1.51491,1.94366,0.0
-1.51491,1.97224,0.0
-1.51491,2.00082,0.0
-1.51491,2.02941,0.0
-1.51491,2.05799,0.0
-1.51491,2.08657,0.0
-1.51491,2.11516,0.0
-1.51491,2.14374,0.0
-1.51491,2.17232,0.0
-1.51491,2.20091,0.0
-1.51491,2.22949,0.0
-1.51491,2.25807,0.0
-1.51491,2.28666,0.0
-1.51491,2.31524,0.0
-1.51491,2.34382,0.0
-1.48633,-2.37241,0.0
-1.48633,-2.34382,0.0
-1.48633,-2.31524,0.0
-1.48633,-2.28666,0.0
-1.48633,-2.25807,0.0
-1.48633,-2.22949,0.0
-1.48633,-2.20091,0.0
-1.48633,-2.17232,0.0
-1.48633,-2.14374,0.0
-1.48633,-2.11516,0.0
-1.48633,-2.08657,0.0
-1.48633,-2.05799,0.0
-1.48633,-2.02941,0.0
-1.48633,-2.00082,0.0
-1.48633,-1.97224,0.0
-1.48633,-1.94366,0.0
-1.48633,-1.91507,0.0
-1.48633,-1.88649,0.0
-1.48633,-1.85791,0.0
-1.48633,-1.82933,0.0
-1.48633,-1.80074,0.0
-1.48633,-1.77216,0.0
-1.48633,-1.74358,0.0
-1.48633,-1.71499,0.0
-1.48633,-1.68641,0.0
-1.48633,-1.65783,0.0
-1.48633,-1.62924,0.0
-1.48633,-1.60066,0.0
-1.48633,-1.57208,0.0
-1.48633,-1.54349,0.0
-1.48633,-1.51491,0.0
-1.48633,-1.48633,0.0
-1.48633,-1.45774,0.0
-1.48633,-1.42916,0.0
-1.48633,-1.40058,0.0
-1.48633,-1.37199,0.0
-1.48633,-1.34341,0.0
-1.48633,-1.31483,0.0
-1.48633,-1.28624,0.0
-1.48633,-1.25766,0.0
-1.48633,-1.22908,0.0
-1.48633,-1.20049,0.0
-1.48633,-1.17191,0.0
-1.48633,-1.14333,0.0
-1.48633,-1.11474,0.0
-1.48633,-1.08616,0.0
-1.48633,-1.05758,0.0
-1.48633,-1.029,0.0
-1.48633,-1.00041,0.0
-1.48633,-0.97183,0.0
-1.48633,-0.94325,0.0
-1.48633,-0.91466,0.0
-1.48633,-0.88608,0.0
-1.48633,-0.8575,0.0
-1.48633,-0.82891,0.0
-1.48633,-0.80033,0.0
-1.48633,-0.77175,0.0
-1.48633,-0.74316,0.0
-1.48633,-0.71458,0.0
-1.48633,-0.686,0.0
-1.48633,-0.65741,0.0
-1.48633,-0.62883,0.0
-1.48633,-0.60025,0.0
-1.48633,-0.57166,0.0
-1.48633,-0.54308,0.0
-1.48633,-0.5145,0.0
-1.48633,-0.48591,0.0
-1.48633,-0.45733,0.0
-1.48633,-0.42875,0.0
-1.48633,-0.40016,0.0
-1.48633,-0.37158,0.0
-1.48633,-0.343,0.0
-1.48633,-0.31442,0.0
-1.48633,-0.28583,0.0
-1.48633,-0.25725,0.0
-1.48633,-0.22867,0.0
-1.48633,-0.20008,0.0
-1.48633,-0.1715,0.0
-1.48633,-0.14292,0.0
-1.48633,-0.11433,0.0
-1.48633,-0.08575,0.0
-1.48633,-0.05717,0.0
-1.48633,-0.02858,0.0
-1.48633,0,0.0
-1.48633,0.02858,0.0
-1.48633,0.05717,0.0
-1.48633,0.08575,0.0
-1.48633,0.11433,0.0
-1.48633,0.14292,0.0
-1.48633,0.1715,0.0
-1.48633,0.20008,0.0
-1.48633,0.22867,0.0
-1.48633,0.25725,0.0
-1.48633,0.28583,0.0
-1.48633,0.31442,0.0
-1.48633,0.343,0.0
-1.48633,0.37158,0.0
-1.48633,0.40016,0.0
-1.48633,0.42875,0.0
-1.48633,0.45733,0.0
-1.48633,0.48591,0.0
-1.48633,0.5145,0.0
-1.48633,0.54308,0.0
-1.48633,0.57166,0.0
-1.48633,0.60025,0.0
-1.48633,0.62883,0.0
-1.48633,0.65741,0.0
-1.48633,0.686,0.0
-1.48633,0.71458,0.0
-1.48633,0.74316,0.0
-1.48633,0.77175,0.0
-1.48633,0.80033,0.0
-1.48633,0.82891,0.0
-1.48633,0.8575,0.0
-1.48633,0.88608,0.0
-1.48633,0.91466,0.0
-1.48633,0.94325,0.0
-1.48633,0.97183,0.0
-1.48633,1.00041,0.0
-1.48633,1.029,0.0
-1.48633,1.05758,0.0
-1.48633,1.08616,0.0
-1.48633,1.11474,0.0
-1.48633,1.14333,0.0
-1.48633,1.17191,0.0
-1.48633,1.20049,0.0
-1.48633,1.22908,0.0
-1.48633,1.25766,0.0
-1.48633,1.28624,0.0
-1.48633,1.31483,0.0
-1.48633,1.34341,0.0
-1.48633,1.37199,0.0
-1.48633,1.40058,0.0
-1.48633,1.42916,0.0
-1.48633,1.45774,0.0
-1.48633,1.48633,0.0
-1.48633,1.51491,0.0
-1.48633,1.54349,0.0
-1.48633,1.57208,0.0
-1.48633,1.60066,0.0
-1.48633,1.62924,0.0
-1.48633,1.65783,0.0
-1.48633,1.68641,0.0
-1.48633,1.71499,0.0
-1.48633,1.74358,0.0
-1.48633,1.77216,0.0
-1.48633,1.80074,0.0
-1.48633,1.82933,0.0
-1.48633,1.85791,0.0
-1.48633,1.88649,0.0
-1.48633,1.91507,0.0
-1.48633,1.94366,0.0
-1.48633,1.97224,0.0
-1.48633,2.00082,0.0
-1.48633,2.02941,0.0
-1.48633,2.05799,0.0
-1.48633,2.08657,0.0
-1.48633,2.11516,0.0
-1.48633,2.14374,0.0
-1.48633,2.17232,0.0
-1.48633,2.20091,0.0
-1.48633,2.22949,0.0
-1.48633,2.25807,0.0
-1.48633,2.28666,0.0
-1.48633,2.31524,0.0
-1.48633,2.34382,0.0
-1.48633,2.37241,0.0
-1.45774,-2.37241,0.0
-1.45774,-2.34382,0.0
-1.45774,-2.31524,0.0
-1.45774,-2.28666,0.0
-1.45774,-2.25807,0.0
-1.45774,-2.22949,0.0
-1.45774,-2.20091,0.0
-1.45774,-2.17232,0.0
-1.45774,-2.14374,0.0
-1.45774,-2.11516,0.0
-1.45774,-2.08657,0.0
-1.45774,-2.05799,0.0
-1.45774,-2.02941,0.0
-1.45774,-2.00082,0.0
-1.45774,-1.97224,0.0
-1.45774,-1.94366,0.0
-1.45774,-1.91507,0.0
-1.45774,-1.88649,0.0
-1.45774,-1.85791,0.0
-1.45774,-1.82933,0.0
-1.45774,-1.80074,0.0
-1.45774,-1.77216,0.0
-1.45774,-1.74358,0.0
-1.45774,-1.71499,0.0
-1.45774,-1.68641,0.0
-1.45774,-1.65783,0.0
-1.45774,-1.62924,0.0
-1.45774,-1.60066,0.0
-1.45774,-1.57208,0.0
-1.45774,-1.54349,0.0
-1.45774,-1.51491,0.0
-1.45774,-1.48633,0.0
-1.45774,-1.45774,0.0
-1.45774,-1.42916,0.0
-1.45774,-1.40058,0.0
-1.45774,-1.37199,0.0
-1.45774,-1.34341,0.0
-1.45774,-1.31483,0.0
-1.45774,-1.28624,0.0
-1.45774,-1.25766,0.0
-1.45774,-1.22908,0.0
-1.45774,-1.20049,0.0
-1.45774,-1.17191,0.0
-1.45774,-1.14333,0.0
-1.45774,-1.11474,0.0
-1.45774,-1.08616,0.0
-1.45774,-1.05758,0.0
-1.45774,-1.029,0.0
-1.45774,-1.00041,0.0
-1.45774,-0.97183,0.0
-1.45774,-0.94325,0.0
-1.45774,-0.91466,0.0
-1.45774,-0.88608,0.0
-1.45774,-0.8575,0.0
-1.45774,-0.82891,0.0
-1.45774,-0.80033,0.0
-1.45774,-0.77175,0.0
-1.45774,-0.74316,0.0
-1.45774,-0.71458,0.0
-1.45774,-0.686,0.0
-1.45774,-0.65741,0.0
-1.45774,-0.62883,0.0
-1.45774,-0.60025,0.0
-1.45774,-0.57166,0.0
-1.45774,-0.54308,0.0
-1.45774,-0.5145,0.0
-1.45774,-0.48591,0.0
-1.45774,-0.45733,0.0
-1.45774,-0.42875,0.0
-1.45774,-0.40016,0.0
-1.45774,-0.37158,0.0
-1.45774,-0.343,0.0
-1.45774,-0.31442,0.0
-1.45774,-0.28583,0.0
-1.45774,-0.25725,0.0
-1.45774,-0.22867,0.0
-1.45774,-0.20008,0.0
-1.45774,-0.1715,0.0
-1.45774,-0.14292,0.0
-1.45774,-0.11433,0.0
-1.45774,-0.08575,0.0
-1.45774,-0.05717,0.0
-1.45774,-0.02858,0.0
-1.45774,0,0.0
-1.45774,0.02858,0.0
-1.45774,0.05717,0.0
-1.45774,0.08575,0.0
-1.45774,0.11433,0.0
-1.45774,0.14292,0.0
-1.45774,0.1715,0.0
-1.45774,0.20008,0.0
-1.45774,0.22867,0.0
-1.45774,0.25725,0.0
-1.45774,0.28583,0.0
-1.45774,0.31442,0.0
-1.45774,0.343,0.0
-1.45774,0.37158,0.0
-1.45774,0.40016,0.0
-1.45774,0.42875,0.0
-1.45774,0.45733,0.0
-1.45774,0.48591,0.0
-1.45774,0.5145,0.0
-1.45774,0.54308,0.0
-1.45774,0.57166,0.0
-1.45774,0.60025,0.0
-1.45774,0.62883,0.0
-1.45774,0.65741,0.0
-1.45774,0.686,0.0
-1.45774,0.71458,0.0
-1.45774,0.74316,0.0
-1.45774,0.77175,0.0
-1.45774,0.80033,0.0
-1.45774,0.82891,0.0
-1.45774,0.8575,0.0
-1.45774,0.88608,0.0
-1.45774,0.91466,0.0
-1.45774,0.94325,0.0
-1.45774,0.97183,0.0
-1.45774,1.00041,0.0
-1.45774,1.029,0.0
-1.45774,1.05758,0.0
-1.45774,1.08616,0.0
-1.45774,1.11474,0.0
-1.45774,1.14333,0.0
-1.45774,1.17191,0.0
-1.45774,1.20049,0.0
-1.45774,1.22908,0.0
-1.45774,1.25766,0.0
-1.45774,1.28624,0.0
-1.45774,1.31483,0.0
-1.45774,1.34341,0.0
-1.45774,1.37199,0.0
-1.45774,1.40058,0.0
-1.45774,1.42916,0.0
-1.45774,1.45774,0.0
-1.45774,1.48633,0.0
-1.45774,1.51491,0.0
-1.45774,1.54349,0.0
-1.45774,1.57208,0.0
-1.45774,1.60066,0.0
-1.45774,1.62924,0.0
-1.45774,1.65783,0.0
-1.45774,1.68641,0.0
-1.45774,1.71499,0.0
-1.45774,1.74358,0.0
-1.45774,1.77216,0.0
-1.45774,1.80074,0.0
-1.45774,1.82933,0.0
-1.45774,1.85791,0.0
-1.45774,1.88649,0.0
-1.45774,1.91507,0.0
-1.45774,1.94366,0.0
-1.45774,1.97224,0.0
-1.45774,2.00082,0.0
-1.45774,2.02941,0.0
-1.45774,2.05799,0.0
-1.45774,2.08657,0.0
-1.45774,2.11516,0.0
-1.45774,2.14374,0.0
-1.45774,2.17232,0.0
-1.45774,2.20091,0.0
-1.45774,2.22949,0.0
-1.45774,2.25807,0.0
-1.45774,2.28666,0.0
-1.45774,2.31524,0.0
-1.45774,2.34382,0.0
-1.45774,2.37241,0.0
-1.42916,-2.40099,0.0
-1.42916,-2.37241,0.0
-1.42916,-2.34382,0.0
-1.42916,-2.31524,0.0
-1.42916,-2.28666,0.0
-1.42916,-2.25807,0.0
-1.42916,-2.22949,0.0
-1.42916,-2.20091,0.0
-1.42916,-2.17232,0.0
-1.42916,-2.14374,0.0
-1.42916,-2.11516,0.0
-1.42916,-2.08657,0.0
-1.42916,-2.05799,0.0
-1.42916,-2.02941,0.0
-1.42916,-2.00082,0.0
-1.42916,-1.97224,0.0
-1.42916,-1.94366,0.0
-1.42916,-1.91507,0.0
-1.42916,-1.88649,0.0
-1.42916,-1.85791,0.0
-1.42916,-1.82933,0.0
-1.42916,-1.80074,0.0
-1.42916,-1.77216,0.0
-1.42916,-1.74358,0.0
-1.42916,-1.71499,0.0
-1.42916,-1.68641,0.0
-1.42916,-1.65783,0.0
-1.42916,-1.62924,0.0
-1.42916,-1.60066,0.0
-1.42916,-1.57208,0.0
-1.42916,-1.54349,0.0
-1.42916,-1.51491,0.0
-1.42916,-1.48633,0.0
-1.42916,-1.45774,0.0
-1.42916,-1.42916,0.0
-1.42916,-1.40058,0.0
-1.42916,-1.37199,0.0
-1.42916,-1.34341,0.0
-1.42916,-1.31483,0.0
-1.42916,-1.28624,0.0
-1.42916,-1.25766,0.0
-1.42916,-1.22908,0.0
-1.42916,-1.20049,0.0
-1.42916,-1.17191,0.0
-1.42916,-1.14333,0.0
-1.42916,-1.11474,0.0
-1.42916,-1.08616,0.0
-1.42916,-1.05758,0.0
-1.42916,-1.029,0.0
-1.42916,-1.00041,0.0
-1.42916,-0.97183,0.0
-1.42916,-0.94325,0.0
-1.42916,-0.91466,0.0
-1.42916,-0.88608,0.0
-1.42916,-0.8575,0.0
-1.42916,-0.82891,0.0
-1.42916,-0.80033,0.0
-1.42916,-0.77175,0.0
-1.42916,-0.74316,0.0
-1.42916,-0.71458,0.0
-1.42916,-0.686,0.0
-1.42916,-0.65741,0.0
-1.42916,-0.62883,0.0
-1.42916,-0.60025,0.0
-1.42916,-0.57166,0.0
-1.42916,-0.54308,0.0
-1.42916,-0.5145,0.0
-1.42916,-0.48591,0.0
-1.42916,-0.45733,0.0
-1.42916,-0.42875,0.0
-1.42916,-0.40016,0.0
-1.42916,-0.37158,0.0
-1.42916,-0.343,0.0
-1.42916,-0.31442,0.0
-1.42916,-0.28583,0.0
-1.42916,-0.25725,0.0
-1.42916,-0.22867,0.0
-1.42916,-0.20008,0.0
-1.42916,-0.1715,0.0
-1.42916,-0.14292,0.0
-1.42916,-0.11433,0.0
-1.42916,-0.08575,0.0
-1.42916,-0.05717,0.0
-1.42916,-0.02858,0.0
-1.42916,0,0.0
-1.42916,0.02858,0.0
-1.42916,0.05717,0.0
-1.42916,0.08575,0.0
-1.42916,0.11433,0.0
-1.42916,0.14292,0.0
-1.42916,0.1715,0.0
-1.42916,0.20008,0.0
-1.42916,0.22867,0.0
-1.42916,0.25725,0.0
-1.42916,0.28583,0.0
-1.42916,0.31442,0.0
-1.42916,0.343,0.0
-1.42916,0.37158,0.0
-1.42916,0.40016,0.0
-1.42916,0.42875,0.0
-1.42916,0.45733,0.0
-1.42916,0.48591,0.0
-1.42916,0.5145,0.0
-1.42916,0.54308,0.0
-1.42916,0.57166,0.0
-1.42916,0.60025,0.0
-1.42916,0.62883,0.0
-1.42916,0.65741,0.0
-1.42916,0.686,0.0
-1.42916,0.71458,0.0
-1.42916,0.74316,0.0
-1.42916,0.77175,0.0
-1.42916,0.80033,0.0
-1.42916,0.82891,0.0
-1.42916,0.8575,0.0
-1.42916,0.88608,0.0
-1.42916,0.91466,0.0
-1.42916,0.94325,0.0
-1.42916,0.97183,0.0
-1.42916,1.00041,0.0
-1.42916,1.029,0.0
-1.42916,1.05758,0.0
-1.42916,1.08616,0.0
-1.42916,1.11474,0.0
-1.42916,1.14333,0.0
-1.42916,1.17191,0.0
-1.42916,1.20049,0.0
-1.42916,1.22908,0.0
-1.42916,1.25766,0.0
-1.42916,1.28624,0.0
-1.42916,1.31483,0.0
-1.42916,1.34341,0.0
-1.42916,1.37199,0.0
-1.42916,1.40058,0.0
-1.42916,1.42916,0.0
-1.42916,1.45774,0.0
-1.42916,1.48633,0.0
-1.42916,1.51491,0.0
-1.42916,1.54349,0.0
-1.42916,1.57208,0.0
-1.42916,1.60066,0.0
-1.42916,1.62924,0.0
-1.42916,1.65783,0.0
-1.42916,1.68641,0.0
-1.42916,1.71499,0.0
-1.42916,1.74358,0.0
-1.42916,1.77216,0.0
-1.42916,1.80074,0.0
-1.42916,1.82933,0.0
-1.42916,1.85791,0.0
-1.42916,1.88649,0.0
-1.42916,1.91507,0.0
-1.42916,1.94366,0.0
-1.42916,1.97224,0.0
-1.42916,2.00082,0.0
-1.42916,2.02941,0.0
-1.42916,2.05799,0.0
-1.42916,2.08657,0.0
-1.42916,2.11516,0.0
-1.42916,2.14374,0.0
-1.42916,2.17232,0.0
-1.42916,2.20091,0.0
-1.42916,2.22949,0.0
-1.42916,2.25807,0.0
-1.42916,2.28666,0.0
-1.42916,2.31524,0.0
-1.42916,2.34382,0.0
-1.42916,2.37241,0.0
-1.42916,2.40099,0.0
-1.40058,-2.40099,0.0
-1.40058,-2.37241,0.0
-1.40058,-2.34382,0.0
-1.40058,-2.31524,0.0
-1.40058,-2.28666,0.0
-1.40058,-2.25807,0.0
-1.40058,-2.22949,0.0
-1.40058,-2.20091,0.0
-1.40058,-2.17232,0.0
-1.40058,-2.14374,0.0
-1.40058,-2.11516,0.0
-1.40058,-2.08657,0.0
-1.40058,-2.05799,0.0
-1.40058,-2.02941,0.0
-1.40058,-2.00082,0.0
-1.40058,-1.97224,0.0
-1.40058,-1.94366,0.0
-1.40058,-1.91507,0.0
-1.40058,-1.88649,0.0
-1.40058,-1.85791,0.0
-1.40058,-1.82933,0.0
-1.40058,-1.80074,0.0
-1.40058,-1.77216,0.0
-1.40058,-1.74358,0.0
-1.40058,-1.71499,0.0
-1.40058,-1.68641,0.0
-1.40058,-1.65783,0.0
-1.40058,-1.62924,0.0
-1.40058,-1.60066,0.0
-1.40058,-1.57208,0.0
-1.40058,-1.54349,0.0
-1.40058,-1.51491,0.0
-1.40058,-1.48633,0.0
-1.40058,-1.45774,0.0
-1.40058,-1.42916,0.0
-1.40058,-1.40058,0.0
-1.40058,-1.37199,0.0
-1.40058,-1.34341,0.0
-1.40058,-1.31483,0.0
-1.40058,-1.28624,0.0
-1.40058,-1.25766,0.0
-1.40058,-1.22908,0.0
-1.40058,-1.20049,0.0
-1.40058,-1.17191,0.0
-1.40058,-1.14333,0.0
-1.40058,-1.11474,0.0
-1.40058,-1.08616,0.0
-1.40058,-1.05758,0.0
-1.40058,-1.029,0.0
-1.40058,-1.00041,0.0
-1.40058,-0.97183,0.0
-1.40058,-0.94325,0.0
-1.40058,-0.91466,0.0
-1.40058,-0.88608,0.0
-1.40058,-0.8575,0.0
-1.40058,-0.82891,0.0
-1.40058,-0.80033,0.0
-1.40058,-0.77175,0.0
-1.40058,-0.74316,0.0
-1.40058,-0.71458,0.0
-1.40058,-0.686,0.0
-1.40058,-0.65741,0.0
-1.40058,-0.62883,0.0
-1.40058,-0.60025,0.0
-1.40058,-0.57166,0.0
-1.40058,-0.54308,0.0
-1.40058,-0.5145,0.0
-1.40058,-0.48591,0.0
-1.40058,-0.45733,0.0
-1.40058,-0.42875,0.0
-1.40058,-0.40016,0.0
-1.40058,-0.37158,0.0
-1.40058,-0.343,0.0
-1.40058,-0.31442,0.0
-1.40058,-0.28583,0.0
-1.40058,-0.25725,0.0
-1.40058,-0.22867,0.0
-1.40058,-0.20008,0.0
-1.40058,-0.1715,0.0
-1.40058,-0.14292,0.0
-1.40058,-0.11433,0.0
-1.40058,-0.08575,0.0
-1.40058,-0.05717,0.0
-1.40058,-0.02858,0.0
-1.40058,0,0.0
-1.40058,0.02858,0.0
-1.40058,0.05717,0.0
-1.40058,0.08575,0.0
-1.40058,0.11433,0.0
-1.40058,0.14292,0.0
-1.40058,0.1715,0.0
-1.40058,0.20008,0.0
-1.40058,0.22867,0.0
-1.40058,0.25725,0.0
-1.40058,0.28583,0.0
-1.40058,0.31442,0.0
-1.40058,0.343,0.0
-1.40058,0.37158,0.0
-1.40058,0.40016,0.0
-1.40058,0.42875,0.0
-1.40058,0.45733,0.0
-1.40058,0.48591,0.0
-1.40058,0.5145,0.0
-1.40058,0.54308,0.0
-1.40058,0.57166,0.0
-1.40058,0.60025,0.0
-1.40058,0.62883,0.0
-1.40058,0.65741,0.0
-1.40058,0.686,0.0
-1.40058,0.71458,0.0
-1.40058,0.74316,0.0
-1.40058,0.77175,0.0
-1.40058,0.80033,0.0
-1.40058,0.82891,0.0
-1.40058,0.8575,0.0
-1.40058,0.88608,0.0
-1.40058,0.91466,0.0
-1.40058,0.94325,0.0
-1.40058,0.97183,0.0
-1.40058,1.00041,0.0
-1.40058,1.029,0.0
-1.40058,1.05758,0.0
-1.40058,1.08616,0.0
-1.40058,1.11474,0.0
-1.40058,1.14333,0.0
-1.40058,1.17191,0.0
-1.40058,1.20049,0.0
-1.40058,1.22908,0.0
-1.40058,1.25766,0.0
-1.40058,1.28624,0.0
-1.40058,1.31483,0.0
-1.40058,1.34341,0.0
-1.40058,1.37199,0.0
-1.40058,1.40058,0.0
-1.40058,1.42916,0.0
-1.40058,1.45774,0.0
-1.40058,1.48633,0.0
-1.40058,1.51491,0.0
-1.40058,1.54349,0.0
-1.40058,1.57208,0.0
-1.40058,1.60066,0.0
-1.40058,1.62924,0.0
-1.40058,1.65783,0.0
-1.40058,1.68641,0.0
-1.40058,1.71499,0.0
-1.40058,1.74358,0.0
-1.40058,1.77216,0.0
-1.40058,1.80074,0.0
-1.40058,1.82933,0.0
-1.40058,1.85791,0.0
-1.40058,1.88649,0.0
-1.40058,1.91507,0.0
-1.40058,1.94366,0.0
-1.40058,1.97224,0.0
-1.40058,2.00082,0.0
-1.40058,2.02941,0.0
-1.40058,2.05799,0.0
-1.40058,2.08657,0.0
-1.40058,2.11516,0.0
-1.40058,2.14374,0.0
-1.40058,2.17232,0.0
-1.40058,2.20091,0.0
-1.40058,2.22949,0.0
-1.40058,2.25807,0.0
-1.40058,2.28666,0.0
-1.40058,2.31524,0.0
-1.40058,2.34382,0.0
-1.40058,2.37241,0.0
-1.40058,2.40099,0.0
-1.37199,-2.42957,0.0
-1.37199,-2.40099,0.0
-1.37199,-2.37241,0.0
-1.37199,-2.34382,0.0
-1.37199,-2.31524,0.0
-1.37199,-2.28666,0.0
-1.37199,-2.25807,0.0
-1.37199,-2.22949,0.0
-1.37199,-2.20091,0.0
-1.37199,-2.17232,0.0
-1.37199,-2.14374,0.0
-1.37199,-2.11516,0.0
-1.37199,-2.08657,0.0
-1.37199,-2.05799,0.0
-1.37199,-2.02941,0.0
-1.37199,-2.00082,0.0
-1.37199,-1.97224,0.0
-1.37199,-1.94366,0.0
-1.37199,-1.91507,0.0
-1.37199,-1.88649,0.0
-1.37199,-1.85791,0.0
-1.37199,-1.82933,0.0
-1.37199,-1.80074,0.0
-1.37199,-1.77216,0.0
-1.37199,-1.74358,0.0
-1.37199,-1.71499,0.0
-1.37199,-1.68641,0.0
-1.37199,-1.65783,0.0
-1.37199,-1.62924,0.0
-1.37199,-1.60066,0.0
-1.37199,-1.57208,0.0
-1.37199,-1.54349,0.0
-1.37199,-1.51491,0.0
-1.37199,-1.48633,0.0
-1.37199,-1.45774,0.0
-1.37199,-1.42916,0.0
-1.37199,-1.40058,0.0
-1.37199,-1.37199,0.0
-1.37199,-1.34341,0.0
-1.37199,-1.31483,0.0
-1.37199,-1.28624,0.0
-1.37199,-1.25766,0.0
-1.37199,-1.22908,0.0
-1.37199,-1.20049,0.0
-1.37199,-1.17191,0.0
-1.37199,-1.14333,0.0
-1.37199,-1.11474,0.0
-1.37199,-1.08616,0.0
-1.37199,-1.05758,0.0
-1.37199,-1.029,0.0
-1.37199,-1.00041,0.0
-1.37199,-0.97183,0.0
-1.37199,-0.94325,0.0
-1.37199,-0.91466,0.0
-1.37199,-0.88608,0.0
-1.37199,-0.8575,0.0
-1.37199,-0.82891,0.0
-1.37199,-0.80033,0.0
-1.37199,-0.77175,0.0
-1.37199,-0.74316,0.0
-1.37199,-0.71458,0.0
-1.37199,-0.686,0.0
-1.37199,-0.65741,0.0
-1.37199,-0.62883,0.0
-1.37199,-0.60025,0.0
-1.37199,-0.57166,0.0
-1.37199,-0.54308,0.0
-1.37199,-0.5145,0.0
-1.37199,-0.48591,0.0
-1.37199,-0.45733,0.0
-1.37199,-0.42875,0.0
-1.37199,-0.40016,0.0
-1.37199,-0.37158,0.0
-1.37199,-0.343,0.0
-1.37199,-0.31442,0.0
-1.37199,-0.28583,0.0
-1.37199,-0.25725,0.0
-1.37199,-0.22867,0.0
-1.37199,-0.20008,0.0
-1.37199,-0.1715,0.0
-1.37199,-0.14292,0.0
-1.37199,-0.11433,0.0
-1.37199,-0.08575,0.0
-1.37199,-0.05717,0.0
-1.37199,-0.02858,0.0
-1.37199,0,0.0
-1.37199,0.02858,0.0
-1.37199,0.05717,0.0
-1.37199,0.08575,0.0
-1.37199,0.11433,0.0
-1.37199,0.14292,0.0
-1.37199,0.1715,0.0
-1.37199,0.20008,0.0
-1.37199,0.22867,0.0
-1.37199,0.25725,0.0
-1.37199,0.28583,0.0
-1.37199,0.31442,0.0
-1.37199,0.343,0.0
-1.37199,0.37158,0.0
-1.37199,0.40016,0.0
-1.37199,0.42875,0.0
-1.37199,0.45733,0.0
-1.37199,0.48591,0.0
-1.37199,0.5145,0.0
-1.37199,0.54308,0.0
-1.37199,0.57166,0.0
-1.37199,0.60025,0.0
-1.37199,0.62883,0.0
-1.37199,0.65741,0.0
-1.37199,0.686,0.0
-1.37199,0.71458,0.0
-1.37199,0.74316,0.0
-1.37199,0.77175,0.0
-1.37199,0.80033,0.0
-1.37199,0.82891,0.0
-1.37199,0.8575,0.0
-1.37199,0.88608,0.0
-1.37199,0.91466,0.0
-1.37199,0.94325,0.0
-1.37199,0.97183,0.0
-1.37199,1.00041,0.0
-1.37199,1.029,0.0
-1.37199,1.05758,0.0
-1.37199,1.08616,0.0
-1.37199,1.11474,0.0
-1.37199,1.14333,0.0
-1.37199,1.17191,0.0
-1.37199,1.20049,0.0
-1.37199,1.22908,0.0
-1.37199,1.25766,0.0
-1.37199,1.28624,0.0
-1.37199,1.31483,0.0
-1.37199,1.34341,0.0
-1.37199,1.37199,0.0
-1.37199,1.40058,0.0
-1.37199,1.42916,0.0
-1.37199,1.45774,0.0
-1.37199,1.48633,0.0
-1.37199,1.51491,0.0
-1.37199,1.54349,0.0
-1.37199,1.57208,0.0
-1.37199,1.60066,0.0
-1.37199,1.62924,0.0
-1.37199,1.65783,0.0
-1.37199,1.68641,0.0
-1.37199,1.71499,0.0
-1.37199,1.74358,0.0
-1.37199,1.77216,0.0
-1.37199,1.80074,0.0
-1.37199,1.82933,0.0
-1.37199,1.85791,0.0
-1.37199,1.88649,0.0
-1.37199,1.91507,0.0
-1.37199,1.94366,0.0
-1.37199,1.97224,0.0
-1.37199,2.00082,0.0
-1.37199,2.02941,0.0
-1.37199,2.05799,0.0
-1.37199,2.08657,0.0
-1.37199,2.11516,0.0
-1.37199,2.14374,0.0
-1.37199,2.17232,0.0
-1.37199,2.20091,0.0
-1.37199,2.22949,0.0
-1.37199,2.25807,0.0
-1.37199,2.28666,0.0
-1.37199,2.31524,0.0
-1.37199,2.34382,0.0
-1.37199,2.37241,0.0
-1.37199,2.40099,0.0
-1.37199,2.42957,0.0
-1.34341,-2.42957,0.0
-1.34341,-2.40099,0.0
-1.34341,-2.37241,0.0
-1.34341,-2.34382,0.0
-1.34341,-2.31524,0.0
-1.34341,-2.28666,0.0
-1.34341,-2.25807,0.0
-1.34341,-2.22949,0.0
-1.34341,-2.20091,0.0
-1.34341,-2.17232,0.0
-1.34341,-2.14374,0.0
-1.34341,-2.11516,0.0
-1.34341,-2.08657,0.0
-1.34341,-2.05799,0.0
-1.34341,-2.02941,0.0
-1.34341,-2.00082,0.0
-1.34341,-1.97224,0.0
-1.34341,-1.94366,0.0
-1.34341,-1.91507,0.0
-1.34341,-1.88649,0.0
-1.34341,-1.85791,0.0
-1.34341,-1.82933,0.0
-1.34341,-1.80074,0.0
-1.34341,-1.77216,0.0
-1.34341,-1.74358,0.0
-1.34341,-1.71499,0.0
-1.34341,-1.68641,0.0
-1.34341,-1.65783,0.0
-1.34341,-1.62924,0.0
-1.34341,-1.60066,0.0
-1.34341,-1.57208,0.0
-1.34341,-1.54349,0.0
-1.34341,-1.51491,0.0
-1.34341,-1.48633,0.0
-1.34341,-1.45774,0.0
-1.34341,-1.42916,0.0
-1.34341,-1.40058,0.0
-1.34341,-1.37199,0.0
-1.34341,-1.34341,0.0
-1.34341,-1.31483,0.0
-1.34341,-1.28624,0.0
-1.34341,-1.25766,0.0
-1.34341,-1.22908,0.0
-1.34341,-1.20049,0.0
-1.34341,-1.17191,0.0
-1.34341,-1.14333,0.0
-1.34341,-1.11474,0.0
-1.34341,-1.08616,0.0
-1.34341,-1.05758,0.0
-1.34341,-1.029,0.0
-1.34341,-1.00041,0.0
-1.34341,-0.97183,0.0
-1.34341,-0.94325,0.0
-1.34341,-0.91466,0.0
-1.34341,-0.88608,0.0
-1.34341,-0.8575,0.0
-1.34341,-0.82891,0.0
-1.34341,-0.80033,0.0
-1.34341,-0.77175,0.0
-1.34341,-0.74316,0.0
-1.34341,-0.71458,0.0
-1.34341,-0.686,0.0
-1.34341,-0.65741,0.0
-1.34341,-0.62883,0.0
-1.34341,-0.60025,0.0
-1.34341,-0.57166,0.0
-1.34341,-0.54308,0.0
-1.34341,-0.5145,0.0
-1.34341,-0.48591,0.0
-1.34341,-0.45733,0.0
-1.34341,-0.42875,0.0
-1.34341,-0.40016,0.0
-1.34341,-0.37158,0.0
-1.34341,-0.343,0.0
-1.34341,-0.31442,0.0
-1.34341,-0.28583,0.0
-1.34341,-0.25725,0.0
-1.34341,-0.22867,0.0
-1.34341,-0.20008,0.0
-1.34341,-0.1715,0.0
-1.34341,-0.14292,0.0
-1.34341,-0.11433,0.0
-1.34341,-0.08575,0.0
-1.34341,-0.05717,0.0
-1.34341,-0.02858,0.0
-1.34341,0,0.0
-1.34341,0.02858,0.0
-1.34341,0.05717,0.0
-1.34341,0.08575,0.0
-1.34341,0.11433,0.0
-1.34341,0.14292,0.0
-1.34341,0.1715,0.0
-1.34341,0.20008,0.0
-1.34341,0.22867,0.0
-1.34341,0.25725,0.0
-1.34341,0.28583,0.0
-1.34341,0.31442,0.0
-1.34341,0.343,0.0
-1.34341,0.37158,0.0
-1.34341,0.40016,0.0
-1.34341,0.42875,0.0
-1.34341,0.45733,0.0
-1.34341,0.48591,0.0
-1.34341,0.5145,0.0
-1.34341,0.54308,0.0
-1.34341,0.57166,0.0
-1.34341,0.60025,0.0
-1.34341,0.62883,0.0
-1.34341,0.65741,0.0
-1.34341,0.686,0.0
-1.34341,0.71458,0.0
-1.34341,0.74316,0.0
-1.34341,0.77175,0.0
-1.34341,0.80033,0.0
-1.34341,0.82891,0.0
-1.34341,0.8575,0.0
-1.34341,0.88608,0.0
-1.34341,0.91466,0.0
-1.34341,0.94325,0.0
-1.34341,0.97183,0.0
-1.34341,1.00041,0.0
-1.34341,1.029,0.0
-1.34341,1.05758,0.0
-1.34341,1.08616,0.0
-1.34341,1.11474,0.0
-1.34341,1.14333,0.0
-1.34341,1.17191,0.0
-1.34341,1.20049,0.0
-1.34341,1.22908,0.0
-1.34341,1.25766,0.0
-1.34341,1.28624,0.0
-1.34341,1.31483,0.0
-1.34341,1.34341,0.0
-1.34341,1.37199,0.0
-1.34341,1.40058,0.0
-1.34341,1.42916,0.0
-1.34341,1.45774,0.0
-1.34341,1.48633,0.0
-1.34341,1.51491,0.0
-1.34341,1.54349,0.0
-1.34341,1.57208,0.0
-1.34341,1.60066,0.0
-1.34341,1.62924,0.0
-1.34341,1.65783,0.0
-1.34341,1.68641,0.0
-1.34341,1.71499,0.0
-1.34341,1.74358,0.0
-1.34341,1.77216,0.0
-1.34341,1.80074,0.0
-1.34341,1.82933,0.0
-1.34341,1.85791,0.0
-1.34341,1.88649,0.0
-1.34341,1.91507,0.0
-1.34341,1.94366,0.0
-1.34341,1.97224,0.0
-1.34341,2.00082,0.0
-1.34341,2.02941,0.0
-1.34341,2.05799,0.0
-1.34341,2.08657,0.0
-1.34341,2.11516,0.0
-1.34341,2.14374,0.0
-1.34341,2.17232,0.0
-1.34341,2.20091,0.0
-1.34341,2.22949,0.0
-1.34341,2.25807,0.0
-1.34341,2.28666,0.0
-1.34341,2.31524,0.0
-1.34341,2.34382,0.0
-1.34341,2.37241,0.0
-1.34341,2.40099,0.0
-1.34341,2.42957,0.0
-1.31483,-2.45816,0.0
-1.31483,-2.42957,0.0
-1.31483,-2.40099,0.0
-1.31483,-2.37241,0.0
-1.31483,-2.34382,0.0
-1.31483,-2.31524,0.0
-1.31483,-2.28666,0.0
-1.31483,-2.25807,0.0
-1.31483,-2.22949,0.0
-1.31483,-2.20091,0.0
-1.31483,-2.17232,0.0
-1.31483,-2.14374,0.0
-1.31483,-2.11516,0.0
-1.31483,-2.08657,0.0
-1.31483,-2.05799,0.0
-1.31483,-2.02941,0.0
-1.31483,-2.00082,0.0
-1.31483,-1.97224,0.0
-1.31483,-1.94366,0.0
-1.31483,-1.91507,0.0
-1.31483,-1.88649,0.0
-1.31483,-1.85791,0.0
-1.31483,-1.82933,0.0
-1.31483,-1.80074,0.0
-1.31483,-1.77216,0.0
-1.31483,-1.74358,0.0
-1.31483,-1.71499,0.0
-1.31483,-1.68641,0.0
-1.31483,-1.65783,0.0
-1.31483,-1.62924,0.0
-1.31483,-1.60066,0.0
-1.31483,-1.57208,0.0
-1.31483,-1.54349,0.0
-1.31483,-1.51491,0.0
-1.31483,-1.48633,0.0
-1.31483,-1.45774,0.0
-1.31483,-1.42916,0.0
-1.31483,-1.40058,0.0
-1.31483,-1.37199,0.0
-1.31483,-1.34341,0.0
-1.31483,-1.31483,0.0
-1.31483,-1.28624,0.0
-1.31483,-1.25766,0.0
-1.31483,-1.22908,0.0
-1.31483,-1.20049,0.0
-1.31483,-1.17191,0.0
-1.31483,-1.14333,0.0
-1.31483,-1.11474,0.0
-1.31483,-1.08616,0.0
-1.31483,-1.05758,0.0
-1.31483,-1.029,0.0
-1.31483,-1.00041,0.0
-1.31483,-0.97183,0.0
-1.31483,-0.94325,0.0
-1.31483,-0.91466,0.0
-1.31483,-0.88608,0.0
-1.31483,-0.8575,0.0
-1.31483,-0.82891,0.0
-1.31483,-0.80033,0.0
-1.31483,-0.77175,0.0
-1.31483,-0.74316,0.0
-1.31483,-0.71458,0.0
-1.31483,-0.686,0.0
-1.31483,-0.65741,0.0
-1.31483,-0.62883,0.0
-1.31483,-0.60025,0.0
-1.31483,-0.57166,0.0
-1.31483,-0.54308,0.0
-1.31483,-0.5145,0.0
-1.31483,-0.48591,0.0
-1.31483,-0.45733,0.0
-1.31483,-0.42875,0.0
-1.31483,-0.40016,0.0
-1.31483,-0.37158,0.0
-1.31483,-0.343,0.0
-1.31483,-0.31442,0.0
-1.31483,-0.28583,0.0
-1.31483,-0.25725,0.0
-1.31483,-0.22867,0.0
-1.31483,-0.20008,0.0
-1.31483,-0.1715,0.0
-1.31483,-0.14292,0.0
-1.31483,-0.11433,0.0
-1.31483,-0.08575,0.0
-1.31483,-0.05717,0.0
-1.31483,-0.02858,0.0
-1.31483,0,0.0
-1.31483,0.02858,0.0
-1.31483,0.05717,0.0
-1.31483,0.08575,0.0
-1.31483,0.11433,0.0
-1.31483,0.14292,0.0
-1.31483,0.1715,0.0
-1.31483,0.20008,0.0
-1.31483,0.22867,0.0
-1.31483,0.25725,0.0
-1.31483,0.28583,0.0
-1.31483,0.31442,0.0
-1.31483,0.343,0.0
-1.31483,0.37158,0.0
-1.31483,0.40016,0.0
-1.31483,0.42875,0.0
-1.31483,0.45733,0.0
-1.31483,0.48591,0.0
-1.31483,0.5145,0.0
-1.31483,0.54308,0.0
-1.31483,0.57166,0.0
-1.31483,0.60025,0.0
-1.31483,0.62883,0.0
-1.31483,0.65741,0.0
-1.31483,0.686,0.0
-1.31483,0.71458,0.0
-1.31483,0.74316,0.0
-1.31483,0.77175,0.0
-1.31483,0.80033,0.0
-1.31483,0.82891,0.0
-1.31483,0.8575,0.0
-1.31483,0.88608,0.0
-1.31483,0.91466,0.0
-1.31483,0.94325,0.0
-1.31483,0.97183,0.0
-1.31483,1.00041,0.0
-1.31483,1.029,0.0
-1.31483,1.05758,0.0
-1.31483,1.08616,0.0
-1.31483,1.11474,0.0
-1.31483,1.14333,0.0
-1.31483,1.17191,0.0
-1.31483,1.20049,0.0
-1.31483,1.22908,0.0
-1.31483,1.25766,0.0
-1.31483,1.28624,0.0
-1.31483,1.31483,0.0
-1.31483,1.34341,0.0
-1.31483,1.37199,0.0
-1.31483,1.40058,0.0
-1.31483,1.42916,0.0
-1.31483,1.45774,0.0
-1.31483,1.48633,0.0
-1.31483,1.51491,0.0
-1.31483,1.54349,0.0
-1.31483,1.57208,0.0
-1.31483,1.60066,0.0
-1.31483,1.62924,0.0
-1.31483,1.65783,0.0
-1.31483,1.68641,0.0
-1.31483,1.71499,0.0
-1.31483,1.74358,0.0
-1.31483,1.77216,0.0
-1.31483,1.80074,0.0
-1.31483,1.82933,0.0
-1.31483,1.85791,0.0
-1.31483,1.88649,0.0
-1.31483,1.91507,0.0
-1.31483,1.94366,0.0
-1.31483,1.97224,0.0
-1.31483,2.00082,0.0
-1.31483,2.02941,0.0
-1.31483,2.05799,0.0
-1.31483,2.08657,0.0
-1.31483,2.11516,0.0
-1.31483,2.14374,0.0
-1.31483,2.17232,0.0
-1.31483,2.20091,0.0
-1.31483,2.22949,0.0
-1.31483,2.25807,0.0
-1.31483,2.28666,0.0
-1.31483,2.31524,0.0
-1.31483,2.34382,0.0
-1.31483,2.37241,0.0
-1.31483,2.40099,0.0
-1.31483,2.42957,0.0
-1.31483,2.45816,0.0
-1.28624,-2.48674,0.0
-1.28624,-2.45816,0.0
-1.28624,-2.42957,0.0
-1.28624,-2.40099,0.0
-1.28624,-2.37241,0.0
-1.28624,-2.34382,0.0
-1.28624,-2.31524,0.0
-1.28624,-2.28666,0.0
-1.28624,-2.25807,0.0
-1.28624,-2.22949,0.0
-1.28624,-2.20091,0.0
-1.28624,-2.17232,0.0
-1.28624,-2.14374,0.0
-1.28624,-2.11516,0.0
-1.28624,-2.08657,0.0
-1.28624,-2.05799,0.0
-1.28624,-2.02941,0.0
-1.28624,-2.00082,0.0
-1.28624,-1.97224,0.0
-1.28624,-1.94366,0.0
-1.28624,-1.91507,0.0
-1.28624,-1.88649,0.0
-1.28624,-1.85791,0.0
-1.28624,-1.82933,0.0
-1.28624,-1.80074,0.0
-1.28624,-1.77216,0.0
-1.28624,-1.74358,0.0
-1.28624,-1.71499,0.0
-1.28624,-1.68641,0.0
-1.28624,-1.65783,0.0
-1.28624,-1.62924,0.0
-1.28624,-1.60066,0.0
-1.28624,-1.57208,0.0
-1.28624,-1.54349,0.0
-1.28624,-1.51491,0.0
-1.28624,-1.48633,0.0
-1.28624,-1.45774,0.0
-1.28624,-1.42916,0.0
-1.28624,-1.40058,0.0
-1.28624,-1.37199,0.0
-1.28624,-1.34341,0.0
-1.28624,-1.31483,0.0
-1.28624,-1.28624,0.0
-1.28624,-1.25766,0.0
-1.28624,-1.22908,0.0
-1.28624,-1.20049,0.0
-1.28624,-1.17191,0.0
-1.28624,-1.14333,0.0
-1.28624,-1.11474,0.0
-1.28624,-1.08616,0.0
-1.28624,-1.05758,0.0
-1.28624,-1.029,0.0
-1.28624,-1.00041,0.0
-1.28624,-0.97183,0.0
-1.28624,-0.94325,0.0
-1.28624,-0.91466,0.0
-1.28624,-0.88608,0.0
-1.28624,-0.8575,0.0
-1.28624,-0.82891,0.0
-1.28624,-0.80033,0.0
-1.28624,-0.77175,0.0
-1.28624,-0.74316,0.0
-1.28624,-0.71458,0.0
-1.28624,-0.686,0.0
-1.28624,-0.65741,0.0
-1.28624,-0.62883,0.0
-1.28624,-0.60025,0.0
-1.28624,-0.57166,0.0
-1.28624,-0.54308,0.0
-1.28624,-0.5145,0.0
-1.28624,-0.48591,0.0
-1.28624,-0.45733,0.0
-1.28624,-0.42875,0.0
-1.28624,-0.40016,0.0
-1.28624,-0.37158,0.0
-1.28624,-0.343,0.0
-1.28624,-0.31442,0.0
-1.28624,-0.28583,0.0
-1.28624,-0.25725,0.0
-1.28624,-0.22867,0.0
-1.28624,-0.20008,0.0
-1.28624,-0.1715,0.0
-1.28624,-0.14292,0.0
-1.28624,-0.11433,0.0
-1.28624,-0.08575,0.0
-1.28624,-0.05717,0.0
-1.28624,-0.02858,0.0
-1.28624,0,0.0
-1.28624,0.02858,0.0
-1.28624,0.05717,0.0
-1.28624,0.08575,0.0
-1.28624,0.11433,0.0
-1.28624,0.14292,0.0
-1.28624,0.1715,0.0
-1.28624,0.20008,0.0
-1.28624,0.22867,0.0
-1.28624,0.25725,0.0
-1.28624,0.28583,0.0
-1.28624,0.31442,0.0
-1.28624,0.343,0.0
-1.28624,0.37158,0.0
-1.28624,0.40016,0.0
-1.28624,0.42875,0.0
-1.28624,0.45733,0.0
-1.28624,0.48591,0.0
-1.28624,0.5145,0.0
-1.28624,0.54308,0.0
-1.28624,0.57166,0.0
-1.28624,0.60025,0.0
-1.28624,0.62883,0.0
-1.28624,0.65741,0.0
-1.28624,0.686,0.0
-1.28624,0.71458,0.0
-1.28624,0.74316,0.0
-1.28624,0.77175,0.0
-1.28624,0.80033,0.0
-1.28624,0.82891,0.0
-1.28624,0.8575,0.0
-1.28624,0.88608,0.0
-1.28624,0.91466,0.0
-1.28624,0.94325,0.0
-1.28624,0.97183,0.0
-1.28624,1.00041,0.0
-1.28624,1.029,0.0
-1.28624,1.05758,0.0
-1.28624,1.08616,0.0
-1.28624,1.11474,0.0
-1.28624,1.14333,0.0
-1.28624,1.17191,0.0
-1.28624,1.20049,0.0
-1.28624,1.22908,0.0
-1.28624,1.25766,0.0
-1.28624,1.28624,0.0
-1.28624,1.31483,0.0
-1.28624,1.34341,0.0
-1.28624,1.37199,0.0
-1.28624,1.40058,0.0
-1.28624,1.42916,0.0
-1.28624,1.45774,0.0
-1.28624,1.48633,0.0
-1.28624,1.51491,0.0
-1.28624,1.54349,0.0
-1.28624,1.57208,0.0
-1.28624,1.60066,0.0
-1.28624,1.62924,0.0
-1.28624,1.65783,0.0
-1.28624,1.68641,0.0
-1.28624,1.71499,0.0
-1.28624,1.74358,0.0
-1.28624,1.77216,0.0
-1.28624,1.80074,0.0
-1.28624,1.82933,0.0
-1.28624,1.85791,0.0
-1.28624,1.88649,0.0
-1.28624,1.91507,0.0
-1.28624,1.94366,0.0
-1.28624,1.97224,0.0
-1.28624,2.00082,0.0
-1.28624,2.02941,0.0
-1.28624,2.05799,0.0
-1.28624,2.08657,0.0
-1.28624,2.11516,0.0
-1.28624,2.14374,0.0
-1.28624,2.17232,0.0
-1.28624,2.20091,0.0
-1.28624,2.22949,0.0
-1.28624,2.25807,0.0
-1.28624,2.28666,0.0
-1.28624,2.31524,0.0
-1.28624,2.34382,0.0
-1.28624,2.37241,0.0
-1.28624,2.40099,0.0
-1.28624,2.42957,0.0
-1.28624,2.45816,0.0
-1.28624,2.48674,0.0
-1.25766,-2.48674,0.0
-1.25766,-2.45816,0.0
-1.25766,-2.42957,0.0
-1.25766,-2.40099,0.0
-1.25766,-2.37241,0.0
-1.25766,-2.34382,0.0
-1.25766,-2.31524,0.0
-1.25766,-2.28666,0.0
-1.25766,-2.25807,0.0
-1.25766,-2.22949,0.0
-1.25766,-2.20091,0.0
-1.25766,-2.17232,0.0
-1.25766,-2.14374,0.0
-1.25766,-2.11516,0.0
-1.25766,-2.08657,0.0
-1.25766,-2.05799,0.0
-1.25766,-2.02941,0.0
-1.25766,-2.00082,0.0
-1.25766,-1.97224,0.0
-1.25766,-1.94366,0.0
-1.25766,-1.91507,0.0
-1.25766,-1.88649,0.0
-1.25766,-1.85791,0.0
-1.25766,-1.82933,0.0
-1.25766,-1.80074,0.0
-1.25766,-1.77216,0.0
-1.25766,-1.74358,0.0
-1.25766,-1.71499,0.0
-1.25766,-1.68641,0.0
-1.25766,-1.65783,0.0
-1.25766,-1.62924,0.0
-1.25766,-1.60066,0.0
-1.25766,-1.57208,0.0
-1.25766,-1.54349,0.0
-1.25766,-1.51491,0.0
-1.25766,-1.48633,0.0
-1.25766,-1.45774,0.0
-1.25766,-1.42916,0.0
-1.25766,-1.40058,0.0
-1.25766,-1.37199,0.0
-1.25766,-1.34341,0.0
-1.25766,-1.31483,0.0
-1.25766,-1.28624,0.0
-1.25766,-1.25766,0.0
-1.25766,-1.22908,0.0
-1.25766,-1.20049,0.0
-1.25766,-1.17191,0.0
-1.25766,-1.14333,0.0
-1.25766,-1.11474,0.0
-1.25766,-1.08616,0.0
-1.25766,-1.05758,0.0
-1.25766,-1.029,0.0
-1.25766,-1.00041,0.0
-1.25766,-0.97183,0.0
-1.25766,-0.94325,0.0
-1.25766,-0.91466,0.0
-1.25766,-0.88608,0.0
-1.25766,-0.8575,0.0
-1.25766,-0.82891,0.0
-1.25766,-0.80033,0.0
-1.25766,-0.77175,0.0
-1.25766,-0.74316,0.0
-1.25766,-0.71458,0.0
-1.25766,-0.686,0.0
-1.25766,-0.65741,0.0
-1.25766,-0.62883,0.0
-1.25766,-0.60025,0.0
-1.25766,-0.57166,0.0
-1.25766,-0.54308,0.0
-1.25766,-0.5145,0.0
-1.25766,-0.48591,0.0
-1.25766,-0.45733,0.0
-1.25766,-0.42875,0.0
-1.25766,-0.40016,0.0
-1.25766,-0.37158,0.0
-1.25766,-0.343,0.0
-1.25766,-0.31442,0.0
-1.25766,-0.28583,0.0
-1.25766,-0.25725,0.0
-1.25766,-0.22867,0.0
-1.25766,-0.20008,0.0
-1.25766,-0.1715,0.0
-1.25766,-0.14292,0.0
-1.25766,-0.11433,0.0
-1.25766,-0.08575,0.0
-1.25766,-0.05717,0.0
-1.25766,-0.02858,0.0
-1.25766,0,0.0
-1.25766,0.02858,0.0
-1.25766,0.05717,0.0
-1.25766,0.08575,0.0
-1.25766,0.11433,0.0
-1.25766,0.14292,0.0
-1.25766,0.1715,0.0
-1.25766,0.20008,0.0
-1.25766,0.22867,0.0
-1.25766,0.25725,0.0
-1.25766,0.28583,0.0
-1.25766,0.31442,0.0
-1.25766,0.343,0.0
-1.25766,0.37158,0.0
-1.25766,0.40016,0.0
-1.25766,0.42875,0.0
-1.25766,0.45733,0.0
-1.25766,0.48591,0.0
-1.25766,0.5145,0.0
-1.25766,0.54308,0.0
-1.25766,0.57166,0.0
-1.25766,0.60025,0.0
-1.25766,0.62883,0.0
-1.25766,0.65741,0.0
-1.25766,0.686,0.0
-1.25766,0.71458,0.0
-1.25766,0.74316,0.0
-1.25766,0.77175,0.0
-1.25766,0.80033,0.0
-1.25766,0.82891,0.0
-1.25766,0.8575,0.0
-1.25766,0.88608,0.0
-1.25766,0.91466,0.0
-1.25766,0.94325,0.0
-1.25766,0.97183,0.0
-1.25766,1.00041,0.0
-1.25766,1.029,0.0
-1.25766,1.05758,0.0
-1.25766,1.08616,0.0
-1.25766,1.11474,0.0
-1.25766,1.14333,0.0
-1.25766,1.17191,0.0
-1.25766,1.20049,0.0
-1.25766,1.22908,0.0
-1.25766,1.25766,0.0
-1.25766,1.28624,0.0
-1.25766,1.31483,0.0
-1.25766,1.34341,0.0
-1.25766,1.37199,0.0
-1.25766,1.40058,0.0
-1.25766,1.42916,0.0
-1.25766,1.45774,0.0
-1.25766,1.48633,0.0
-1.25766,1.51491,0.0
-1.25766,1.54349,0.0
-1.25766,1.57208,0.0
-1.25766,1.60066,0.0
-1.25766,1.62924,0.0
-1.25766,1.65783,0.0
-1.25766,1.68641,0.0
-1.25766,1.71499,0.0
-1.25766,1.74358,0.0
-1.25766,1.77216,0.0
-1.25766,1.80074,0.0
-1.25766,1.82933,0.0
-1.25766,1.85791,0.0
-1.25766,1.88649,0.0
-1.25766,1.91507,0.0
-1.25766,1.94366,0.0
-1.25766,1.97224,0.0
-1.25766,2.00082,0.0
-1.25766,2.02941,0.0
-1.25766,2.05799,0.0
-1.25766,2.08657,0.0
-1.25766,2.11516,0.0
-1.25766,2.14374,0.0
-1.25766,2.17232,0.0
-1.25766,2.20091,0.0
-1.25766,2.22949,0.0
-1.25766,2.25807,0.0
-1.25766,2.28666,0.0
-1.25766,2.31524,0.0
-1.25766,2.34382,0.0
-1.25766,2.37241,0.0
-1.25766,2.40099,0.0
-1.25766,2.42957,0.0
-1.25766,2.45816,0.0
-1.25766,2.48674,0.0
-1.22908,-2.51532,0.0
-1.22908,-2.48674,0.0
-1.22908,-2.45816,0.0
-1.22908,-2.42957,0.0
-1.22908,-2.40099,0.0
-1.22908,-2.37241,0.0
-1.22908,-2.34382,0.0
-1.22908,-2.31524,0.0
-1.22908,-2.28666,0.0
-1.22908,-2.25807,0.0
-1.22908,-2.22949,0.0
-1.22908,-2.20091,0.0
-1.22908,-2.17232,0.0
-1.22908,-2.14374,0.0
-1.22908,-2.11516,0.0
-1.22908,-2.08657,0.0
-1.22908,-2.05799,0.0
-1.22908,-2.02941,0.0
-1.22908,-2.00082,0.0
-1.22908,-1.97224,0.0
-1.22908,-1.94366,0.0
-1.22908,-1.91507,0.0
-1.22908,-1.88649,0.0
-1.22908,-1.85791,0.0
-1.22908,-1.82933,0.0
-1.22908,-1.80074,0.0
-1.22908,-1.77216,0.0
-1.22908,-1.74358,0.0
-1.22908,-1.71499,0.0
-1.22908,-1.68641,0.0
-1.22908,-1.65783,0.0
-1.22908,-1.62924,0.0
-1.22908,-1.60066,0.0
-1.22908,-1.57208,0.0
-1.22908,-1.54349,0.0
-1.22908,-1.51491,0.0
-1.22908,-1.48633,0.0
-1.22908,-1.45774,0.0
-1.22908,-1.42916,0.0
-1.22908,-1.40058,0.0
-1.22908,-1.37199,0.0
-1.22908,-1.34341,0.0
-1.22908,-1.31483,0.0
-1.22908,-1.28624,0.0
-1.22908,-1.25766,0.0
-1.22908,-1.22908,0.0
-1.22908,-1.20049,0.0
-1.22908,-1.17191,0.0
-1.22908,-1.14333,0.0
-1.22908,-1.11474,0.0
-1.22908,-1.08616,0.0
-1.22908,-1.05758,0.0
-1.22908,-1.029,0.0
-1.22908,-1.00041,0.0
-1.22908,-0.97183,0.0
-1.22908,-0.94325,0.0
-1.22908,-0.91466,0.0
-1.22908,-0.88608,0.0
-1.22908,-0.8575,0.0
-1.22908,-0.82891,0.0
-1.22908,-0.80033,0.0
-1.22908,-0.77175,0.0
-1.22908,-0.74316,0.0
-1.22908,-0.71458,0.0
-1.22908,-0.686,0.0
-1.22908,-0.65741,0.0
-1.22908,-0.62883,0.0
-1.22908,-0.60025,0.0
-1.22908,-0.57166,0.0
-1.22908,-0.54308,0.0
-1.22908,-0.5145,0.0
-1.22908,-0.48591,0.0
-1.22908,-0.45733,0.0
-1.22908,-0.42875,0.0
-1.22908,-0.40016,0.0
-1.22908,-0.37158,0.0
-1.22908,-0.343,0.0
-1.22908,-0.31442,0.0
-1.22908,-0.28583,0.0
-1.22908,-0.25725,0.0
-1.22908,-0.22867,0.0
-1.22908,-0.20008,0.0
-1.22908,-0.1715,0.0
-1.22908,-0.14292,0.0
-1.22908,-0.11433,0.0
-1.22908,-0.08575,0.0
-1.22908,-0.05717,0.0
-1.22908,-0.02858,0.0
-1.22908,0,0.0
-1.22908,0.02858,0.0
-1.22908,0.05717,0.0
-1.22908,0.08575,0.0
-1.22908,0.11433,0.0
-1.22908,0.14292,0.0
-1.22908,0.1715,0.0
-1.22908,0.20008,0.0
-1.22908,0.22867,0.0
-1.22908,0.25725,0.0
-1.22908,0.28583,0.0
-1.22908,0.31442,0.0
-1.22908,0.343,0.0
-1.22908,0.37158,0.0
-1.22908,0.40016,0.0
-1.22908,0.42875,0.0
-1.22908,0.45733,0.0
-1.22908,0.48591,0.0
-1.22908,0.5145,0.0
-1.22908,0.54308,0.0
-1.22908,0.57166,0.0
-1.22908,0.60025,0.0
-1.22908,0.62883,0.0
-1.22908,0.65741,0.0
-1.22908,0.686,0.0
-1.22908,0.71458,0.0
-1.22908,0.74316,0.0
-1.22908,0.77175,0.0
-1.22908,0.80033,0.0
-1.22908,0.82891,0.0
-1.22908,0.8575,0.0
-1.22908,0.88608,0.0
-1.22908,0.91466,0.0
-1.22908,0.94325,0.0
-1.22908,0.97183,0.0
-1.22908,1.00041,0.0
-1.22908,1.029,0.0
-1.22908,1.05758,0.0
-1.22908,1.08616,0.0
-1.22908,1.11474,0.0
-1.22908,1.14333,0.0
-1.22908,1.17191,0.0
-1.22908,1.20049,0.0
-1.22908,1.22908,0.0
-1.22908,1.25766,0.0
-1.22908,1.28624,0.0
-1.22908,1.31483,0.0
-1.22908,1.34341,0.0
-1.22908,1.37199,0.0
-1.22908,1.40058,0.0
-1.22908,1.42916,0.0
-1.22908,1.45774,0.0
-1.22908,1.48633,0.0
-1.22908,1.51491,0.0
-1.22908,1.54349,0.0
-1.22908,1.57208,0.0
-1.22908,1.60066,0.0
-1.22908,1.62924,0.0
-1.22908,1.65783,0.0
-1.22908,1.68641,0.0
-1.22908,1.71499,0.0
-1.22908,1.74358,0.0
-1.22908,1.77216,0.0
-1.22908,1.80074,0.0
-1.22908,1.82933,0.0
-1.22908,1.85791,0.0
-1.22908,1.88649,0.0
-1.22908,1.91507,0.0
-1.22908,1.94366,0.0
-1.22908,1.97224,0.0
-1.22908,2.00082,0.0
-1.22908,2.02941,0.0
-1.22908,2.05799,0.0
-1.22908,2.08657,0.0
-1.22908,2.11516,0.0
-1.22908,2.14374,0.0
-1.22908,2.17232,0.0
-1.22908,2.20091,0.0
-1.22908,2.22949,0.0
-1.22908,2.25807,0.0
-1.22908,2.28666,0.0
-1.22908,2.31524,0.0
-1.22908,2.34382,0.0
-1.22908,2.37241,0.0
-1.22908,2.40099,0.0
-1.22908,2.42957,0.0
-1.22908,2.45816,0.0
-1.22908,2.48674,0.0
-1.22908,2.51532,0.0
-1.20049,-2.51532,0.0
-1.20049,-2.48674,0.0
-1.20049,-2.45816,0.0
-1.20049,-2.42957,0.0
-1.20049,-2.40099,0.0
-1.20049,-2.37241,0.0
-1.20049,-2.34382,0.0
-1.20049,-2.31524,0.0
-1.20049,-2.28666,0.0
-1.20049,-2.25807,0.0
-1.20049,-2.22949,0.0
-1.20049,-2.20091,0.0
-1.20049,-2.17232,0.0
-1.20049,-2.14374,0.0
-1.20049,-2.11516,0.0
-1.20049,-2.08657,0.0
-1.20049,-2.05799,0.0
-1.20049,-2.02941,0.0
-1.20049,-2.00082,0.0
-1.20049,-1.97224,0.0
-1.20049,-1.94366,0.0
-1.20049,-1.91507,0.0
-1.20049,-1.88649,0.0
-1.20049,-1.85791,0.0
-1.20049,-1.82933,0.0
-1.20049,-1.80074,0.0
-1.20049,-1.77216,0.0
-1.20049,-1.74358,0.0
-1.20049,-1.71499,0.0
-1.20049,-1.68641,0.0
-1.20049,-1.65783,0.0
-1.20049,-1.62924,0.0
-1.20049,-1.60066,0.0
-1.20049,-1.57208,0.0
-1.20049,-1.54349,0.0
-1.20049,-1.51491,0.0
-1.20049,-1.48633,0.0
-1.20049,-1.45774,0.0
-1.20049,-1.42916,0.0
-1.20049,-1.40058,0.0
-1.20049,-1.37199,0.0
-1.20049,-1.34341,0.0
-1.20049,-1.31483,0.0
-1.20049,-1.28624,0.0
-1.20049,-1.25766,0.0
-1.20049,-1.22908,0.0
-1.20049,-1.20049,0.0
-1.20049,-1.17191,0.0
-1.20049,-1.14333,0.0
-1.20049,-1.11474,0.0
-1.20049,-1.08616,0.0
-1.20049,-1.05758,0.0
-1.20049,-1.029,0.0
-1.20049,-1.00041,0.0
-1.20049,-0.97183,0.0
-1.20049,-0.94325,0.0
-1.20049,-0.91466,0.0
-1.20049,-0.88608,0.0
-1.20049,-0.8575,0.0
-1.20049,-0.82891,0.0
-1.20049,-0.80033,0.0
-1.20049,-0.77175,0.0
-1.20049,-0.74316,0.0
-1.20049,-0.71458,0.0
-1.20049,-0.686,0.0
-1.20049,-0.65741,0.0
-1.20049,-0.62883,0.0
-1.20049,-0.60025,0.0
-1.20049,-0.57166,0.0
-1.20049,-0.54308,0.0
-1.20049,-0.5145,0.0
-1.20049,-0.48591,0.0
-1.20049,-0.45733,0.0
-1.20049,-0.42875,0.0
-1.20049,-0.40016,0.0
-1.20049,-0.37158,0.0
-1.20049,-0.343,0.0
-1.20049,-0.31442,0.0
-1.20049,-0.28583,0.0
-1.20049,-0.25725,0.0
-1.20049,-0.22867,0.0
-1.20049,-0.20008,0.0
-1.20049,-0.1715,0.0
-1.20049,-0.14292,0.0
-1.20049,-0.11433,0.0
-1.20049,-0.08575,0.0
-1.20049,-0.05717,0.0
-1.20049,-0.02858,0.0
-1.20049,0,0.0
-1.20049,0.02858,0.0
-1.20049,0.05717,0.0
-1.20049,0.08575,0.0
-1.20049,0.11433,0.0
-1.20049,0.14292,0.0
-1.20049,0.1715,0.0
-1.20049,0.20008,0.0
-1.20049,0.22867,0.0
-1.20049,0.25725,0.0
-1.20049,0.28583,0.0
-1.20049,0.31442,0.0
-1.20049,0.343,0.0
-1.20049,0.37158,0.0
-1.20049,0.40016,0.0
-1.20049,0.42875,0.0
-1.20049,0.45733,0.0
-1.20049,0.48591,0.0
-1.20049,0.5145,0.0
-1.20049,0.54308,0.0
-1.20049,0.57166,0.0
-1.20049,0.60025,0.0
-1.20049,0.62883,0.0
-1.20049,0.65741,0.0
-1.20049,0.686,0.0
-1.20049,0.71458,0.0
-1.20049,0.74316,0.0
-1.20049,0.77175,0.0
-1.20049,0.80033,0.0
-1.20049,0.82891,0.0
-1.20049,0.8575,0.0
-1.20049,0.88608,0.0
-1.20049,0.91466,0.0
-1.20049,0.94325,0.0
-1.20049,0.97183,0.0
-1.20049,1.00041,0.0
-1.20049,1.029,0.0
-1.20049,1.05758,0.0
-1.20049,1.08616,0.0
-1.20049,1.11474,0.0
-1.20049,1.14333,0.0
-1.20049,1.17191,0.0
-1.20049,1.20049,0.0
-1.20049,1.22908,0.0
-1.20049,1.25766,0.0
-1.20049,1.28624,0.0
-1.20049,1.31483,0.0
-1.20049,1.34341,0.0
-1.20049,1.37199,0.0
-1.20049,1.40058,0.0
-1.20049,1.42916,0.0
-1.20049,1.45774,0.0
-1.20049,1.48633,0.0
-1.20049,1.51491,0.0
-1.20049,1.54349,0.0
-1.20049,1.57208,0.0
-1.20049,1.60066,0.0
-1.20049,1.62924,0.0
-1.20049,1.65783,0.0
-1.20049,1.68641,0.0
-1.20049,1.71499,0.0
-1.20049,1.74358,0.0
-1.20049,1.77216,0.0
-1.20049,1.80074,0.0
-1.20049,1.82933,0.0
-1.20049,1.85791,0.0
-1.20049,1.88649,0.0
-1.20049,1.91507,0.0
-1.20049,1.94366,0.0
-1.20049,1.97224,0.0
-1.20049,2.00082,0.0
-1.20049,2.02941,0.0
-1.20049,2.05799,0.0
-1.20049,2.08657,0.0
-1.20049,2.11516,0.0
-1.20049,2.14374,0.0
-1.20049,2.17232,0.0
-1.20049,2.20091,0.0
-1.20049,2.22949,0.0
-1.20049,2.25807,0.0
-1.20049,2.28666,0.0
-1.20049,2.31524,0.0
-1.20049,2.34382,0.0
-1.20049,2.37241,0.0
-1.20049,2.40099,0.0
-1.20049,2.42957,0.0
-1.20049,2.45816,0.0
-1.20049,2.48674,0.0
-1.20049,2.51532,0.0
-1.17191,-2.51532,0.0
-1.17191,-2.48674,0.0
-1.17191,-2.45816,0.0
-1.17191,-2.42957,0.0
-1.17191,-2.40099,0.0
-1.17191,-2.37241,0.0
-1.17191,-2.34382,0.0
-1.17191,-2.31524,0.0
-1.17191,-2.28666,0.0
-1.17191,-2.25807,0.0
-1.17191,-2.22949,0.0
-1.17191,-2.20091,0.0
-1.17191,-2.17232,0.0
-1.17191,-2.14374,0.0
-1.17191,-2.11516,0.0
-1.17191,-2.08657,0.0
-1.17191,-2.05799,0.0
-1.17191,-2.02941,0.0
-1.17191,-2.00082,0.0
-1.17191,-1.97224,0.0
-1.17191,-1.94366,0.0
-1.17191,-1.91507,0.0
-1.17191,-1.88649,0.0
-1.17191,-1.85791,0.0
-1.17191,-1.82933,0.0
-1.17191,-1.80074,0.0
-1.17191,-1.77216,0.0
-1.17191,-1.74358,0.0
-1.17191,-1.71499,0.0
-1.17191,-1.68641,0.0
-1.17191,-1.65783,0.0
-1.17191,-1.62924,0.0
-1.17191,-1.60066,0.0
-1.17191,-1.57208,0.0
-1.17191,-1.54349,0.0
-1.17191,-1.51491,0.0
-1.17191,-1.48633,0.0
-1.17191,-1.45774,0.0
-1.17191,-1.42916,0.0
-1.17191,-1.40058,0.0
-1.17191,-1.37199,0.0
-1.17191,-1.34341,0.0
-1.17191,-1.31483,0.0
-1.17191,-1.28624,0.0
-1.17191,-1.25766,0.0
-1.17191,-1.22908,0.0
-1.17191,-1.20049,0.0
-1.17191,-1.17191,0.0
-1.17191,-1.14333,0.0
-1.17191,-1.11474,0.0
-1.17191,-1.08616,0.0
-1.17191,-1.05758,0.0
-1.17191,-1.029,0.0
-1.17191,-1.00041,0.0
-1.17191,-0.97183,0.0
-1.17191,-0.94325,0.0
-1.17191,-0.91466,0.0
-1.17191,-0.88608,0.0
-1.17191,-0.8575,0.0
-1.17191,-0.82891,0.0
-1.17191,-0.80033,0.0
-1.17191,-0.77175,0.0
-1.17191,-0.74316,0.0
-1.17191,-0.71458,0.0
-1.17191,-0.686,0.0
-1.17191,-0.65741,0.0
-1.17191,-0.62883,0.0
-1.17191,-0.60025,0.0
-1.17191,-0.57166,0.0
-1.17191,-0.54308,0.0
-1.17191,-0.5145,0.0
-1.17191,-0.48591,0.0
-1.17191,-0.45733,0.0
-1.17191,-0.42875,0.0
-1.17191,-0.40016,0.0
-1.17191,-0.37158,0.0
-1.17191,-0.343,0.0
-1.17191,-0.31442,0.0
-1.17191,-0.28583,0.0
-1.17191,-0.25725,0.0
-1.17191,-0.22867,0.0
-1.17191,-0.20008,0.0
-1.17191,-0.1715,0.0
-1.17191,-0.14292,0.0
-1.17191,-0.11433,0.0
-1.17191,-0.08575,0.0
-1.17191,-0.05717,0.0
-1.17191,-0.02858,0.0
-1.17191,0,0.0
-1.17191,0.02858,0.0
-1.17191,0.05717,0.0
-1.17191,0.08575,0.0
-1.17191,0.11433,0.0
-1.17191,0.14292,0.0
-1.17191,0.1715,0.0
-1.17191,0.20008,0.0
-1.17191,0.22867,0.0
-1.17191,0.25725,0.0
-1.17191,0.28583,0.0
-1.17191,0.31442,0.0
-1.17191,0.343,0.0
-1.17191,0.37158,0.0
-1.17191,0.40016,0.0
-1.17191,0.42875,0.0
-1.17191,0.45733,0.0
-1.17191,0.48591,0.0
-1.17191,0.5145,0.0
-1.17191,0.54308,0.0
-1.17191,0.57166,0.0
-1.17191,0.60025,0.0
-1.17191,0.62883,0.0
-1.17191,0.65741,0.0
-1.17191,0.686,0.0
-1.17191,0.71458,0.0
-1.17191,0.74316,0.0
-1.17191,0.77175,0.0
-1.17191,0.80033,0.0
-1.17191,0.82891,0.0
-1.17191,0.8575,0.0
-1.17191,0.88608,0.0
-1.17191,0.91466,0.0
-1.17191,0.94325,0.0
-1.17191,0.97183,0.0
-1.17191,1.00041,0.0
-1.17191,1.029,0.0
-1.17191,1.05758,0.0
-1.17191,1.08616,0.0
-1.17191,1.11474,0.0
-1.17191,1.14333,0.0
-1.17191,1.17191,0.0
-1.17191,1.20049,0.0
-1.17191,1.22908,0.0
-1.17191,1.25766,0.0
-1.17191,1.28624,0.0
-1.17191,1.31483,0.0
-1.17191,1.34341,0.0
-1.17191,1.37199,0.0
-1.17191,1.40058,0.0
-1.17191,1.42916,0.0
-1.17191,1.45774,0.0
-1.17191,1.48633,0.0
-1.17191,1.51491,0.0
-1.17191,1.54349,0.0
-1.17191,1.57208,0.0
-1.17191,1.60066,0.0
-1.17191,1.62924,0.0
-1.17191,1.65783,0.0
-1.17191,1.68641,0.0
-1.17191,1.71499,0.0
-1.17191,1.74358,0.0
-1.17191,1.77216,0.0
-1.17191,1.80074,0.0
-1.17191,1.82933,0.0
-1.17191,1.85791,0.0
-1.17191,1.88649,0.0
-1.17191,1.91507,0.0
-1.17191,1.94366,0.0
-1.17191,1.97224,0.0
-1.17191,2.00082,0.0
-1.17191,2.02941,0.0
-1.17191,2.05799,0.0
-1.17191,2.08657,0.0
-1.17191,2.11516,0.0
-1.17191,2.14374,0.0
-1.17191,2.17232,0.0
-1.17191,2.20091,0.0
-1.17191,2.22949,0.0
-1.17191,2.25807,0.0
-1.17191,2.28666,0.0
-1.17191,2.31524,0.0
-1.17191,2.34382,0.0
-1.17191,2.37241,0.0
-1.17191,2.40099,0.0
-1.17191,2.42957,0.0
-1.17191,2.45816,0.0
-1.17191,2.48674,0.0
-1.17191,2.51532,0.0
-1.14333,-2.54391,0.0
-1.14333,-2.51532,0.0
-1.14333,-2.48674,0.0
-1.14333,-2.45816,0.0
-1.14333,-2.42957,0.0
-1.14333,-2.40099,0.0
-1.14333,-2.37241,0.0
-1.14333,-2.34382,0.0
-1.14333,-2.31524,0.0
-1.14333,-2.28666,0.0
-1.14333,-2.25807,0.0
-1.14333,-2.22949,0.0
-1.14333,-2.20091,0.0
-1.14333,-2.17232,0.0
-1.14333,-2.14374,0.0
-1.14333,-2.11516,0.0
-1.14333,-2.08657,0.0
-1.14333,-2.05799,0.0
-1.14333,-2.02941,0.0
-1.14333,-2.00082,0.0
-1.14333,-1.97224,0.0
-1.14333,-1.94366,0.0
-1.14333,-1.91507,0.0
-1.14333,-1.88649,0.0
-1.14333,-1.85791,0.0
-1.14333,-1.82933,0.0
-1.14333,-1.80074,0.0
-1.14333,-1.77216,0.0
-1.14333,-1.74358,0.0
-1.14333,-1.71499,0.0
-1.14333,-1.68641,0.0
-1.14333,-1.65783,0.0
-1.14333,-1.62924,0.0
-1.14333,-1.60066,0.0
-1.14333,-1.57208,0.0
-1.14333,-1.54349,0.0
-1.14333,-1.51491,0.0
-1.14333,-1.48633,0.0
-1.14333,-1.45774,0.0
-1.14333,-1.42916,0.0
-1.14333,-1.40058,0.0
-1.14333,-1.37199,0.0
-1.14333,-1.34341,0.0
-1.14333,-1.31483,0.0
-1.14333,-1.28624,0.0
-1.14333,-1.25766,0.0
-1.14333,-1.22908,0.0
-1.14333,-1.20049,0.0
-1.14333,-1.17191,0.0
-1.14333,-1.14333,0.0
-1.14333,-1.11474,0.0
-1.14333,-1.08616,0.0
-1.14333,-1.05758,0.0
-1.14333,-1.029,0.0
-1.14333,-1.00041,0.0
-1.14333,-0.97183,0.0
-1.14333,-0.94325,0.0
-1.14333,-0.91466,0.0
-1.14333,-0.88608,0.0
-1.14333,-0.8575,0.0
-1.14333,-0.82891,0.0
-1.14333,-0.80033,0.0
-1.14333,-0.77175,0.0
-1.14333,-0.74316,0.0
-1.14333,-0.71458,0.0
-1.14333,-0.686,0.0
-1.14333,-0.65741,0.0
-1.14333,-0.62883,0.0
-1.14333,-0.60025,0.0
-1.14333,-0.57166,0.0
-1.14333,-0.54308,0.0
-1.14333,-0.5145,0.0
-1.14333,-0.48591,0.0
-1.14333,-0.45733,0.0
-1.14333,-0.42875,0.0
-1.14333,-0.40016,0.0
-1.14333,-0.37158,0.0
-1.14333,-0.343,0.0
-1.14333,-0.31442,0.0
-1.14333,-0.28583,0.0
-1.14333,-0.25725,0.0
-1.14333,-0.22867,0.0
-1.14333,-0.20008,0.0
-1.14333,-0.1715,0.0
-1.14333,-0.14292,0.0
-1.14333,-0.11433,0.0
-1.14333,-0.08575,0.0
-1.14333,-0.05717,0.0
-1.14333,-0.02858,0.0
-1.14333,0,0.0
-1.14333,0.02858,0.0
-1.14333,0.05717,0.0
-1.14333,0.08575,0.0
-1.14333,0.11433,0.0
-1.14333,0.14292,0.0
-1.14333,0.1715,0.0
-1.14333,0.20008,0.0
-1.14333,0.22867,0.0
-1.14333,0.25725,0.0
-1.14333,0.28583,0.0
-1.14333,0.31442,0.0
-1.14333,0.343,0.0
-1.14333,0.37158,0.0
-1.14333,0.40016,0.0
-1.14333,0.42875,0.0
-1.14333,0.45733,0.0
-1.14333,0.48591,0.0
-1.14333,0.5145,0.0
-1.14333,0.54308,0.0
-1.14333,0.57166,0.0
-1.14333,0.60025,0.0
-1.14333,0.62883,0.0
-1.14333,0.65741,0.0
-1.14333,0.686,0.0
-1.14333,0.71458,0.0
-1.14333,0.74316,0.0
-1.14333,0.77175,0.0
-1.14333,0.80033,0.0
-1.14333,0.82891,0.0
-1.14333,0.8575,0.0
-1.14333,0.88608,0.0
-1.14333,0.91466,0.0
-1.14333,0.94325,0.0
-1.14333,0.97183,0.0
-1.14333,1.00041,0.0
-1.14333,1.029,0.0
-1.14333,1.05758,0.0
-1.14333,1.08616,0.0
-1.14333,1.11474,0.0
-1.14333,1.14333,0.0
-1.14333,1.17191,0.0
-1.14333,1.20049,0.0
-1.14333,1.22908,0.0
-1.14333,1.25766,0.0
-1.14333,1.28624,0.0
-1.14333,1.31483,0.0
-1.14333,1.34341,0.0
-1.14333,1.37199,0.0
-1.14333,1.40058,0.0
-1.14333,1.42916,0.0
-1.14333,1.45774,0.0
-1.14333,1.48633,0.0
-1.14333,1.51491,0.0
-1.14333,1.54349,0.0
-1.14333,1.57208,0.0
-1.14333,1.60066,0.0
-1.14333,1.62924,0.0
-1.14333,1.65783,0.0
-1.14333,1.68641,0.0
-1.14333,1.71499,0.0
-1.14333,1.74358,0.0
-1.14333,1.77216,0.0
-1.14333,1.80074,0.0
-1.14333,1.82933,0.0
-1.14333,1.85791,0.0
-1.14333,1.88649,0.0
-1.14333,1.91507,0.0
-1.14333,1.94366,0.0
-1.14333,1.97224,0.0
-1.14333,2.00082,0.0
-1.14333,2.02941,0.0
-1.14333,2.05799,0.0
-1.14333,2.08657,0.0
-1.14333,2.11516,0.0
-1.14333,2.14374,0.0
-1.14333,2.17232,0.0
-1.14333,2.20091,0.0
-1.14333,2.22949,0.0
-1.14333,2.25807,0.0
-1.14333,2.28666,0.0
-1.14333,2.31524,0.0
-1.14333,2.34382,0.0
-1.14333,2.37241,0.0
-1.14333,2.40099,0.0
-1.14333,2.42957,0.0
-1.14333,2.45816,0.0
-1.14333,2.48674,0.0
-1.14333,2.51532,0.0
-1.14333,2.54391,0.0
-1.11474,-2.54391,0.0
-1.11474,-2.51532,0.0
-1.11474,-2.48674,0.0
-1.11474,-2.45816,0.0
-1.11474,-2.42957,0.0
-1.11474,-2.40099,0.0
-1.11474,-2.37241,0.0
-1.11474,-2.34382,0.0
-1.11474,-2.31524,0.0
-1.11474,-2.28666,0.0
-1.11474,-2.25807,0.0
-1.11474,-2.22949,0.0
-1.11474,-2.20091,0.0
-1.11474,-2.17232,0.0
-1.11474,-2.14374,0.0
-1.11474,-2.11516,0.0
-1.11474,-2.08657,0.0
-1.11474,-2.05799,0.0
-1.11474,-2.02941,0.0
-1.11474,-2.00082,0.0
-1.11474,-1.97224,0.0
-1.11474,-1.94366,0.0
-1.11474,-1.91507,0.0
-1.11474,-1.88649,0.0
-1.11474,-1.85791,0.0
-1.11474,-1.82933,0.0
-1.11474,-1.80074,0.0
-1.11474,-1.77216,0.0
-1.11474,-1.74358,0.0
-1.11474,-1.71499,0.0
-1.11474,-1.68641,0.0
-1.11474,-1.65783,0.0
-1.11474,-1.62924,0.0
-1.11474,-1.60066,0.0
-1.11474,-1.57208,0.0
-1.11474,-1.54349,0.0
-1.11474,-1.51491,0.0
-1.11474,-1.48633,0.0
-1.11474,-1.45774,0.0
-1.11474,-1.42916,0.0
-1.11474,-1.40058,0.0
-1.11474,-1.37199,0.0
-1.11474,-1.34341,0.0
-1.11474,-1.31483,0.0
-1.11474,-1.28624,0.0
-1.11474,-1.25766,0.0
-1.11474,-1.22908,0.0
-1.11474,-1.20049,0.0
-1.11474,-1.17191,0.0
-1.11474,-1.14333,0.0
-1.11474,-1.11474,0.0
-1.11474,-1.08616,0.0
-1.11474,-1.05758,0.0
-1.11474,-1.029,0.0
-1.11474,-1.00041,0.0
-1.11474,-0.97183,0.0
-1.11474,-0.94325,0.0
-1.11474,-0.91466,0.0
-1.11474,-0.88608,0.0
-1.11474,-0.8575,0.0
-1.11474,-0.82891,0.0
-1.11474,-0.80033,0.0
-1.11474,-0.77175,0.0
-1.11474,-0.74316,0.0
-1.11474,-0.71458,0.0
-1.11474,-0.686,0.0
-1.11474,-0.65741,0.0
-1.11474,-0.62883,0.0
-1.11474,-0.60025,0.0
-1.11474,-0.57166,0.0
-1.11474,-0.54308,0.0
-1.11474,-0.5145,0.0
-1.11474,-0.48591,0.0
-1.11474,-0.45733,0.0
-1.11474,-0.42875,0.0
-1.11474,-0.40016,0.0
-1.11474,-0.37158,0.0
-1.11474,-0.343,0.0
-1.11474,-0.31442,0.0
-1.11474,-0.28583,0.0
-1.11474,-0.25725,0.0
-1.11474,-0.22867,0.0
-1.11474,-0.20008,0.0
-1.11474,-0.1715,0.0
-1.11474,-0.14292,0.0
-1.11474,-0.11433,0.0
-1.11474,-0.08575,0.0
-1.11474,-0.05717,0.0
-1.11474,-0.02858,0.0
-1.11474,0,0.0
-1.11474,0.02858,0.0
-1.11474,0.05717,0.0
-1.11474,0.08575,0.0
-1.11474,0.11433,0.0
-1.11474,0.14292,0.0
-1.11474,0.1715,0.0
-1.11474,0.20008,0.0
-1.11474,0.22867,0.0
-1.11474,0.25725,0.0
-1.11474,0.28583,0.0
-1.11474,0.31442,0.0
-1.11474,0.343,0.0
-1.11474,0.37158,0.0
-1.11474,0.40016,0.0
-1.11474,0.42875,0.0
-1.11474,0.45733,0.0
-1.11474,0.48591,0.0
-1.11474,0.5145,0.0
-1.11474,0.54308,0.0
-1.11474,0.57166,0.0
-1.11474,0.60025,0.0
-1.11474,0.62883,0.0
-1.11474,0.65741,0.0
-1.11474,0.686,0.0
-1.11474,0.71458,0.0
-1.11474,0.74316,0.0
-1.11474,0.77175,0.0
-1.11474,0.80033,0.0
-1.11474,0.82891,0.0
-1.11474,0.8575,0.0
-1.11474,0.88608,0.0
-1.11474,0.91466,0.0
-1.11474,0.94325,0.0
-1.11474,0.97183,0.0
-1.11474,1.00041,0.0
-1.11474,1.029,0.0
-1.11474,1.05758,0.0
-1.11474,1.08616,0.0
-1.11474,1.11474,0.0
-1.11474,1.14333,0.0
-1.11474,1.17191,0.0
-1.11474,1.20049,0.0
-1.11474,1.22908,0.0
-1.11474,1.25766,0.0
-1.11474,1.28624,0.0
-1.11474,1.31483,0.0
-1.11474,1.34341,0.0
-1.11474,1.37199,0.0
-1.11474,1.40058,0.0
-1.11474,1.42916,0.0
-1.11474,1.45774,0.0
-1.11474,1.48633,0.0
-1.11474,1.51491,0.0
-1.11474,1.54349,0.0
-1.11474,1.57208,0.0
-1.11474,1.60066,0.0
-1.11474,1.62924,0.0
-1.11474,1.65783,0.0
-1.11474,1.68641,0.0
-1.11474,1.71499,0.0
-1.11474,1.74358,0.0
-1.11474,1.77216,0.0
-1.11474,1.80074,0.0
-1.11474,1.82933,0.0
-1.11474,1.85791,0.0
-1.11474,1.88649,0.0
-1.11474,1.91507,0.0
-1.11474,1.94366,0.0
-1.11474,1.97224,0.0
-1.11474,2.00082,0.0
-1.11474,2.02941,0.0
-1.11474,2.05799,0.0
-1.11474,2.08657,0.0
-1.11474,2.11516,0.0
-1.11474,2.14374,0.0
-1.11474,2.17232,0.0
-1.11474,2.20091,0.0
-1.11474,2.22949,0.0
-1.11474,2.25807,0.0
-1.11474,2.28666,0.0
-1.11474,2.31524,0.0
-1.11474,2.34382,0.0
-1.11474,2.37241,0.0
-1.11474,2.40099,0.0
-1.11474,2.42957,0.0
-1.11474,2.45816,0.0
-1.11474,2.48674,0.0
-1.11474,2.51532,0.0
-1.11474,2.54391,0.0
-1.08616,-2.57249,0.0
-1.08616,-2.54391,0.0
-1.08616,-2.51532,0.0
-1.08616,-2.48674,0.0
-1.08616,-2.45816,0.0
-1.08616,-2.42957,0.0
-1.08616,-2.40099,0.0
-1.08616,-2.37241,0.0
-1.08616,-2.34382,0.0
-1.08616,-2.31524,0.0
-1.08616,-2.28666,0.0
-1.08616,-2.25807,0.0
-1.08616,-2.22949,0.0
-1.08616,-2.20091,0.0
-1.08616,-2.17232,0.0
-1.08616,-2.14374,0.0
-1.08616,-2.11516,0.0
-1.08616,-2.08657,0.0
-1.08616,-2.05799,0.0
-1.08616,-2.02941,0.0
-1.08616,-2.00082,0.0
-1.08616,-1.97224,0.0
-1.08616,-1.94366,0.0
-1.08616,-1.91507,0.0
-1.08616,-1.88649,0.0
-1.08616,-1.85791,0.0
-1.08616,-1.82933,0.0
-1.08616,-1.80074,0.0
-1.08616,-1.77216,0.0
-1.08616,-1.74358,0.0
-1.08616,-1.71499,0.0
-1.08616,-1.68641,0.0
-1.08616,-1.65783,0.0
-1.08616,-1.62924,0.0
-1.08616,-1.60066,0.0
-1.08616,-1.57208,0.0
-1.08616,-1.54349,0.0
-1.08616,-1.51491,0.0
-1.08616,-1.48633,0.0
-1.08616,-1.45774,0.0
-1.08616,-1.42916,0.0
-1.08616,-1.40058,0.0
-1.08616,-1.37199,0.0
-1.08616,-1.34341,0.0
-1.08616,-1.31483,0.0
-1.08616,-1.28624,0.0
-1.08616,-1.25766,0.0
-1.08616,-1.22908,0.0
-1.08616,-1.20049,0.0
-1.08616,-1.17191,0.0
-1.08616,-1.14333,0.0
-1.08616,-1.11474,0.0
-1.08616,-1.08616,0.0
-1.08616,-1.05758,0.0
-1.08616,-1.029,0.0
-1.08616,-1.00041,0.0
-1.08616,-0.97183,0.0
-1.08616,-0.94325,0.0
-1.08616,-0.91466,0.0
-1.08616,-0.88608,0.0
-1.08616,-0.8575,0.0
-1.08616,-0.82891,0.0
-1.08616,-0.80033,0.0
-1.08616,-0.77175,0.0
-1.08616,-0.74316,0.0
-1.08616,-0.71458,0.0
-1.08616,-0.686,0.0
-1.08616,-0.65741,0.0
-1.08616,-0.62883,0.0
-1.08616,-0.60025,0.0
-1.08616,-0.57166,0.0
-1.08616,-0.54308,0.0
-1.08616,-0.5145,0.0
-1.08616,-0.48591,0.0
-1.08616,-0.45733,0.0
-1.08616,-0.42875,0.0
-1.08616,-0.40016,0.0
-1.08616,-0.37158,0.0
-1.08616,-0.343,0.0
-1.08616,-0.31442,0.0
-1.08616,-0.28583,0.0
-1.08616,-0.25725,0.0
-1.08616,-0.22867,0.0
-1.08616,-0.20008,0.0
-1.08616,-0.1715,0.0
-1.08616,-0.14292,0.0
-1.08616,-0.11433,0.0
-1.08616,-0.08575,0.0
-1.08616,-0.05717,0.0
-1.08616,-0.02858,0.0
-1.08616,0,0.0
-1.08616,0.02858,0.0
-1.08616,0.05717,0.0
-1.08616,0.08575,0.0
-1.08616,0.11433,0.0
-1.08616,0.14292,0.0
-1.08616,0.1715,0.0
-1.08616,0.20008,0.0
-1.08616,0.22867,0.0
-1.08616,0.25725,0.0
-1.08616,0.28583,0.0
-1.08616,0.31442,0.0
-1.08616,0.343,0.0
-1.08616,0.37158,0.0
-1.08616,0.40016,0.0
-1.08616,0.42875,0.0
-1.08616,0.45733,0.0
-1.08616,0.48591,0.0
-1.08616,0.5145,0.0
-1.08616,0.54308,0.0
-1.08616,0.57166,0.0
-1.08616,0.60025,0.0
-1.08616,0.62883,0.0
-1.08616,0.65741,0.0
-1.08616,0.686,0.0
-1.08616,0.71458,0.0
-1.08616,0.74316,0.0
-1.08616,0.77175,0.0
-1.08616,0.80033,0.0
-1.08616,0.82891,0.0
-1.08616,0.8575,0.0
-1.08616,0.88608,0.0
-1.08616,0.91466,0.0
-1.08616,0.94325,0.0
-1.08616,0.97183,0.0
-1.08616,1.00041,0.0
-1.08616,1.029,0.0
-1.08616,1.05758,0.0
-1.08616,1.08616,0.0
-1.08616,1.11474,0.0
-1.08616,1.14333,0.0
-1.08616,1.17191,0.0
-1.08616,1.20049,0.0
-1.08616,1.22908,0.0
-1.08616,1.25766,0.0
-1.08616,1.28624,0.0
-1.08616,1.31483,0.0
-1.08616,1.34341,0.0
-1.08616,1.37199,0.0
-1.08616,1.40058,0.0
-1.08616,1.42916,0.0
-1.08616,1.45774,0.0
-1.08616,1.48633,0.0
-1.08616,1.51491,0.0
-1.08616,1.54349,0.0
-1.08616,1.57208,0.0
-1.08616,1.60066,0.0
-1.08616,1.62924,0.0
-1.08616,1.65783,0.0
-1.08616,1.68641,0.0
-1.08616,1.71499,0.0
-1.08616,1.74358,0.0
-1.08616,1.77216,0.0
-1.08616,1.80074,0.0
-1.08616,1.82933,0.0
-1.08616,1.85791,0.0
-1.08616,1.88649,0.0
-1.08616,1.91507,0.0
-1.08616,1.94366,0.0
-1.08616,1.97224,0.0
-1.08616,2.00082,0.0
-1.08616,2.02941,0.0
-1.08616,2.05799,0.0
-1.08616,2.08657,0.0
-1.08616,2.11516,0.0
-1.08616,2.14374,0.0
-1.08616,2.17232,0.0
-1.08616,2.20091,0.0
-1.08616,2.22949,0.0
-1.08616,2.25807,0.0
-1.08616,2.28666,0.0
-1.08616,2.31524,0.0
-1.08616,2.34382,0.0
-1.08616,2.37241,0.0
-1.08616,2.40099,0.0
-1.08616,2.42957,0.0
-1.08616,2.45816,0.0
-1.08616,2.48674,0.0
-1.08616,2.51532,0.0
-1.08616,2.54391,0.0
-1.08616,2.57249,0.0
-1.05758,-2.57249,0.0
-1.05758,-2.54391,0.0
-1.05758,-2.51532,0.0
-1.05758,-2.48674,0.0
-1.05758,-2.45816,0.0
-1.05758,-2.42957,0.0
-1.05758,-2.40099,0.0
-1.05758,-2.37241,0.0
-1.05758,-2.34382,0.0
-1.05758,-2.31524,0.0
-1.05758,-2.28666,0.0
-1.05758,-2.25807,0.0
-1.05758,-2.22949,0.0
-1.05758,-2.20091,0.0
-1.05758,-2.17232,0.0
-1.05758,-2.14374,0.0
-1.05758,-2.11516,0.0
-1.05758,-2.08657,0.0
-1.05758,-2.05799,0.0
-1.05758,-2.02941,0.0
-1.05758,-2.00082,0.0
-1.05758,-1.97224,0.0
-1.05758,-1.94366,0.0
-1.05758,-1.91507,0.0
-1.05758,-1.88649,0.0
-1.05758,-1.85791,0.0
-1.05758,-1.82933,0.0
-1.05758,-1.80074,0.0
-1.05758,-1.77216,0.0
-1.05758,-1.74358,0.0
-1.05758,-1.71499,0.0
-1.05758,-1.68641,0.0
-1.05758,-1.65783,0.0
-1.05758,-1.62924,0.0
-1.05758,-1.60066,0.0
-1.05758,-1.57208,0.0
-1.05758,-1.54349,0.0
-1.05758,-1.51491,0.0
-1.05758,-1.48633,0.0
-1.05758,-1.45774,0.0
-1.05758,-1.42916,0.0
-1.05758,-1.40058,0.0
-1.05758,-1.37199,0.0
-1.05758,-1.34341,0.0
-1.05758,-1.31483,0.0
-1.05758,-1.28624,0.0
-1.05758,-1.25766,0.0
-1.05758,-1.22908,0.0
-1.05758,-1.20049,0.0
-1.05758,-1.17191,0.0
-1.05758,-1.14333,0.0
-1.05758,-1.11474,0.0
-1.05758,-1.08616,0.0
-1.05758,-1.05758,0.0
-1.05758,-1.029,0.0
-1.05758,-1.00041,0.0
-1.05758,-0.97183,0.0
-1.05758,-0.94325,0.0
-1.05758,-0.91466,0.0
-1.05758,-0.88608,0.0
-1.05758,-0.8575,0.0
-1.05758,-0.82891,0.0
-1.05758,-0.80033,0.0
-1.05758,-0.77175,0.0
-1.05758,-0.74316,0.0
-1.05758,-0.71458,0.0
-1.05758,-0.686,0.0
-1.05758,-0.65741,0.0
-1.05758,-0.62883,0.0
-1.05758,-0.60025,0.0
-1.05758,-0.57166,0.0
-1.05758,-0.54308,0.0
-1.05758,-0.5145,0.0
-1.05758,-0.48591,0.0
-1.05758,-0.45733,0.0
-1.05758,-0.42875,0.0
-1.05758,-0.40016,0.0
-1.05758,-0.37158,0.0
-1.05758,-0.343,0.0
-1.05758,-0.31442,0.0
-1.05758,-0.28583,0.0
-1.05758,-0.25725,0.0
-1.05758,-0.22867,0.0
-1.05758,-0.20008,0.0
-1.05758,-0.1715,0.0
-1.05758,-0.14292,0.0
-1.05758,-0.11433,0.0
-1.05758,-0.08575,0.0
-1.05758,-0.05717,0.0
-1.05758,-0.02858,0.0
-1.05758,0,0.0
-1.05758,0.02858,0.0
-1.05758,0.05717,0.0
-1.05758,0.08575,0.0
-1.05758,0.11433,0.0
-1.05758,0.14292,0.0
-1.05758,0.1715,0.0
-1.05758,0.20008,0.0
-1.05758,0.22867,0.0
-1.05758,0.25725,0.0
-1.05758,0.28583,0.0
-1.05758,0.31442,0.0
-1.05758,0.343,0.0
-1.05758,0.37158,0.0
-1.05758,0.40016,0.0
-1.05758,0.42875,0.0
-1.05758,0.45733,0.0
-1.05758,0.48591,0.0
-1.05758,0.5145,0.0
-1.05758,0.54308,0.0
-1.05758,0.57166,0.0
-1.05758,0.60025,0.0
-1.05758,0.62883,0.0
-1.05758,0.65741,0.0
-1.05758,0.686,0.0
-1.05758,0.71458,0.0
-1.05758,0.74316,0.0
-1.05758,0.77175,0.0
-1.05758,0.80033,0.0
-1.05758,0.82891,0.0
-1.05758,0.8575,0.0
-1.05758,0.88608,0.0
-1.05758,0.91466,0.0
-1.05758,0.94325,0.0
-1.05758,0.97183,0.0
-1.05758,1.00041,0.0
-1.05758,1.029,0.0
-1.05758,1.05758,0.0
-1.05758,1.08616,0.0
-1.05758,1.11474,0.0
-1.05758,1.14333,0.0
-1.05758,1.17191,0.0
-1.05758,1.20049,0.0
-1.05758,1.22908,0.0
-1.05758,1.25766,0.0
-1.05758,1.28624,0.0
-1.05758,1.31483,0.0
-1.05758,1.34341,0.0
-1.05758,1.37199,0.0
-1.05758,1.40058,0.0
-1.05758,1.42916,0.0
-1.05758,1.45774,0.0
-1.05758,1.48633,0.0
-1.05758,1.51491,0.0
-1.05758,1.54349,0.0
-1.05758,1.57208,0.0
-1.05758,1.60066,0.0
-1.05758,1.62924,0.0
-1.05758,1.65783,0.0
-1.05758,1.68641,0.0
-1.05758,1.71499,0.0
-1.05758,1.74358,0.0
-1.05758,1.77216,0.0
-1.05758,1.80074,0.0
-1.05758,1.82933,0.0
-1.05758,1.85791,0.0
-1.05758,1.88649,0.0
-1.05758,1.91507,0.0
-1.05758,1.94366,0.0
-1.05758,1.97224,0.0
-1.05758,2.00082,0.0
-1.05758,2.02941,0.0
-1.05758,2.05799,0.0
-1.05758,2.08657,0.0
-1.05758,2.11516,0.0
-1.05758,2.14374,0.0
-1.05758,2.17232,0.0
-1.05758,2.20091,0.0
-1.05758,2.22949,0.0
-1.05758,2.25807,0.0
-1.05758,2.28666,0.0
-1.05758,2.31524,0.0
-1.05758,2.34382,0.0
-1.05758,2.37241,0.0
-1.05758,2.40099,0.0
-1.05758,2.42957,0.0
-1.05758,2.45816,0.0
-1.05758,2.48674,0.0
-1.05758,2.51532,0.0
-1.05758,2.54391,0.0
-1.05758,2.57249,0.0
-1.029,-2.60107,0.0
-1.029,-2.57249,0.0
-1.029,-2.54391,0.0
-1.029,-2.51532,0.0
-1.029,-2.48674,0.0
-1.029,-2.45816,0.0
-1.029,-2.42957,0.0
-1.029,-2.40099,0.0
-1.029,-2.37241,0.0
-1.029,-2.34382,0.0
-1.029,-2.31524,0.0
-1.029,-2.28666,0.0
-1.029,-2.25807,0.0
-1.029,-2.22949,0.0
-1.029,-2.20091,0.0
-1.029,-2.17232,0.0
-1.029,-2.14374,0.0
-1.029,-2.11516,0.0
-1.029,-2.08657,0.0
-1.029,-2.05799,0.0
-1.029,-2.02941,0.0
-1.029,-2.00082,0.0
-1.029,-1.97224,0.0
-1.029,-1.94366,0.0
-1.029,-1.91507,0.0
-1.029,-1.88649,0.0
-1.029,-1.85791,0.0
-1.029,-1.82933,0.0
-1.029,-1.80074,0.0
-1.029,-1.77216,0.0
-1.029,-1.74358,0.0
-1.029,-1.71499,0.0
-1.029,-1.68641,0.0
-1.029,-1.65783,0.0
-1.029,-1.62924,0.0
-1.029,-1.60066,0.0
-1.029,-1.57208,0.0
-1.029,-1.54349,0.0
-1.029,-1.51491,0.0
-1.029,-1.48633,0.0
-1.029,-1.45774,0.0
-1.029,-1.42916,0.0
-1.029,-1.40058,0.0
-1.029,-1.37199,0.0
-1.029,-1.34341,0.0
-1.029,-1.31483,0.0
-1.029,-1.28624,0.0
-1.029,-1.25766,0.0
-1.029,-1.22908,0.0
-1.029,-1.20049,0.0
-1.029,-1.17191,0.0
-1.029,-1.14333,0.0
-1.029,-1.11474,0.0
-1.029,-1.08616,0.0
-1.029,-1.05758,0.0
-1.029,-1.029,0.0
-1.029,-1.00041,0.0
-1.029,-0.97183,0.0
-1.029,-0.94325,0.0
-1.029,-0.91466,0.0
-1.029,-0.88608,0.0
-1.029,-0.8575,0.0
-1.029,-0.82891,0.0
-1.029,-0.80033,0.0
-1.029,-0.77175,0.0
-1.029,-0.74316,0.0
-1.029,-0.71458,0.0
-1.029,-0.686,0.0
-1.029,-0.65741,0.0
-1.029,-0.62883,0.0
-1.029,-0.60025,0.0
-1.029,-0.57166,0.0
-1.029,-0.54308,0.0
-1.029,-0.5145,0.0
-1.029,-0.48591,0.0
-1.029,-0.45733,0.0
-1.029,-0.42875,0.0
-1.029,-0.40016,0.0
-1.029,-0.37158,0.0
-1.029,-0.343,0.0
-1.029,-0.31442,0.0
-1.029,-0.28583,0.0
-1.029,-0.25725,0.0
-1.029,-0.22867,0.0
-1.029,-0.20008,0.0
-1.029,-0.1715,0.0
-1.029,-0.14292,0.0
-1.029,-0.11433,0.0
-1.029,-0.08575,0.0
-1.029,-0.05717,0.0
-1.029,-0.02858,0.0
-1.029,0,0.0
-1.029,0.02858,0.0
-1.029,0.05717,0.0
-1.029,0.08575,0.0
-1.029,0.11433,0.0
-1.029,0.14292,0.0
-1.029,0.1715,0.0
-1.029,0.20008,0.0
-1.029,0.22867,0.0
-1.029,0.25725,0.0
-1.029,0.28583,0.0
-1.029,0.31442,0.0
-1.029,0.343,0.0
-1.029,0.37158,0.0
-1.029,0.40016,0.0
-1.029,0.42875,0.0
-1.029,0.45733,0.0
-1.029,0.48591,0.0
-1.029,0.5145,0.0
-1.029,0.54308,0.0
-1.029,0.57166,0.0
-1.029,0.60025,0.0
-1.029,0.62883,0.0
-1.029,0.65741,0.0
-1.029,0.686,0.0
-1.029,0.71458,0.0
-1.029,0.74316,0.0
-1.029,0.77175,0.0
-1.029,0.80033,0.0
-1.029,0.82891,0.0
-1.029,0.8575,0.0
-1.029,0.88608,0.0
-1.029,0.91466,0.0
-1.029,0.94325,0.0
-1.029,0.97183,0.0
-1.029,1.00041,0.0
-1.029,1.029,0.0
-1.029,1.05758,0.0
-1.029,1.08616,0.0
-1.029,1.11474,0.0
-1.029,1.14333,0.0
-1.029,1.17191,0.0
-1.029,1.20049,0.0
-1.029,1.22908,0.0
-1.029,1.25766,0.0
-1.029,1.28624,0.0
-1.029,1.31483,0.0
-1.029,1.34341,0.0
-1.029,1.37199,0.0
-1.029,1.40058,0.0
-1.029,1.42916,0.0
-1.029,1.45774,0.0
-1.029,1.48633,0.0
-1.029,1.51491,0.0
-1.029,1.54349,0.0
-1.029,1.57208,0.0
-1.029,1.60066,0.0
-1.029,1.62924,0.0
-1.029,1.65783,0.0
-1.029,1.68641,0.0
-1.029,1.71499,0.0
-1.029,1.74358,0.0
-1.029,1.77216,0.0
-1.029,1.80074,0.0
-1.029,1.82933,0.0
-1.029,1.85791,0.0
-1.029,1.88649,0.0
-1.029,1.91507,0.0
-1.029,1.94366,0.0
-1.029,1.97224,0.0
-1.029,2.00082,0.0
-1.029,2.02941,0.0
-1.029,2.05799,0.0
-1.029,2.08657,0.0
-1.029,2.11516,0.0
-1.029,2.14374,0.0
-1.029,2.17232,0.0
-1.029,2.20091,0.0
-1.029,2.22949,0.0
-1.029,2.25807,0.0
-1.029,2.28666,0.0
-1.029,2.31524,0.0
-1.029,2.34382,0.0
-1.029,2.37241,0.0
-1.029,2.40099,0.0
-1.029,2.42957,0.0
-1.029,2.45816,0.0
-1.029,2.48674,0.0
-1.029,2.51532,0.0
-1.029,2.54391,0.0
-1.029,2.57249,0.0
-1.029,2.60107,0.0
-1.00041,-2.60107,0.0
-1.00041,-2.57249,0.0
-1.00041,-2.54391,0.0
-1.00041,-2.51532,0.0
-1.00041,-2.48674,0.0
-1.00041,-2.45816,0.0
-1.00041,-2.42957,0.0
-1.00041,-2.40099,0.0
-1.00041,-2.37241,0.0
-1.00041,-2.34382,0.0
-1.00041,-2.31524,0.0
-1.00041,-2.28666,0.0
-1.00041,-2.25807,0.0
-1.00041,-2.22949,0.0
-1.00041,-2.20091,0.0
-1.00041,-2.17232,0.0
-1.00041,-2.14374,0.0
-1.00041,-2.11516,0.0
-1.00041,-2.08657,0.0
-1.00041,-2.05799,0.0
-1.00041,-2.02941,0.0
-1.00041,-2.00082,0.0
-1.00041,-1.97224,0.0
-1.00041,-1.94366,0.0
-1.00041,-1.91507,0.0
-1.00041,-1.88649,0.0
-1.00041,-1.85791,0.0
-1.00041,-1.82933,0.0
-1.00041,-1.80074,0.0
-1.00041,-1.77216,0.0
-1.00041,-1.74358,0.0
-1.00041,-1.71499,0.0
-1.00041,-1.68641,0.0
-1.00041,-1.65783,0.0
-1.00041,-1.62924,0.0
-1.00041,-1.60066,0.0
-1.00041,-1.57208,0.0
-1.00041,-1.54349,0.0
-1.00041,-1.51491,0.0
-1.00041,-1.48633,0.0
-1.00041,-1.45774,0.0
-1.00041,-1.42916,0.0
-1.00041,-1.40058,0.0
-1.00041,-1.37199,0.0
-1.00041,-1.34341,0.0
-1.00041,-1.31483,0.0
-1.00041,-1.28624,0.0
-1.00041,-1.25766,0.0
-1.00041,-1.22908,0.0
-1.00041,-1.20049,0.0
-1.00041,-1.17191,0.0
-1.00041,-1.14333,0.0
-1.00041,-1.11474,0.0
-1.00041,-1.08616,0.0
-1.00041,-1.05758,0.0
-1.00041,-1.029,0.0
-1.00041,-1.00041,0.0
-1.00041,-0.97183,0.0
-1.00041,-0.94325,0.0
-1.00041,-0.91466,0.0
-1.00041,-0.88608,0.0
-1.00041,-0.8575,0.0
-1.00041,-0.82891,0.0
-1.00041,-0.80033,0.0
-1.00041,-0.77175,0.0
-1.00041,-0.74316,0.0
-1.00041,-0.71458,0.0
-1.00041,-0.686,0.0
-1.00041,-0.65741,0.0
-1.00041,-0.62883,0.0
-1.00041,-0.60025,0.0
-1.00041,-0.57166,0.0
-1.00041,-0.54308,0.0
-1.00041,-0.5145,0.0
-1.00041,-0.48591,0.0
-1.00041,-0.45733,0.0
-1.00041,-0.42875,0.0
-1.00041,-0.40016,0.0
-1.00041,-0.37158,0.0
-1.00041,-0.343,0.0
-1.00041,-0.31442,0.0
-1.00041,-0.28583,0.0
-1.00041,-0.25725,0.0
-1.00041,-0.22867,0.0
-1.00041,-0.20008,0.0
-1.00041,-0.1715,0.0
-1.00041,-0.14292,0.0
-1.00041,-0.11433,0.0
-1.00041,-0.08575,0.0
-1.00041,-0.05717,0.0
-1.00041,-0.02858,0.0
-1.00041,0,0.0
-1.00041,0.02858,0.0
-1.00041,0.05717,0.0
-1.00041,0.08575,0.0
-1.00041,0.11433,0.0
-1.00041,0.14292,0.0
-1.00041,0.1715,0.0
-1.00041,0.20008,0.0
-1.00041,0.22867,0.0
-1.00041,0.25725,0.0
-1.00041,0.28583,0.0
-1.00041,0.31442,0.0
-1.00041,0.343,0.0
-1.00041,0.37158,0.0
-1.00041,0.40016,0.0
-1.00041,0.42875,0.0
-1.00041,0.45733,0.0
-1.00041,0.48591,0.0
-1.00041,0.5145,0.0
-1.00041,0.54308,0.0
-1.00041,0.57166,0.0
-1.00041,0.60025,0.0
-1.00041,0.62883,0.0
-1.00041,0.65741,0.0
-1.00041,0.686,0.0
-1.00041,0.71458,0.0
-1.00041,0.74316,0.0
-1.00041,0.77175,0.0
-1.00041,0.80033,0.0
-1.00041,0.82891,0.0
-1.00041,0.8575,0.0
-1.00041,0.88608,0.0
-1.00041,0.91466,0.0
-1.00041,0.94325,0.0
-1.00041,0.97183,0.0
-1.00041,1.00041,0.0
-1.00041,1.029,0.0
-1.00041,1.05758,0.0
-1.00041,1.08616,0.0
-1.00041,1.11474,0.0
-1.00041,1.14333,0.0
-1.00041,1.17191,0.0
-1.00041,1.20049,0.0
-1.00041,1.22908,0.0
-1.00041,1.25766,0.0
-1.00041,1.28624,0.0
-1.00041,1.31483,0.0
-1.00041,1.34341,0.0
-1.00041,1.37199,0.0
-1.00041,1.40058,0.0
-1.00041,1.42916,0.0
-1.00041,1.45774,0.0
-1.00041,1.48633,0.0
-1.00041,1.51491,0.0
-1.00041,1.54349,0.0
-1.00041,1.57208,0.0
-1.00041,1.60066,0.0
-1.00041,1.62924,0.0
-1.00041,1.65783,0.0
-1.00041,1.68641,0.0
-1.00041,1.71499,0.0
-1.00041,1.74358,0.0
-1.00041,1.77216,0.0
-1.00041,1.80074,0.0
-1.00041,1.82933,0.0
-1.00041,1.85791,0.0
-1.00041,1.88649,0.0
-1.00041,1.91507,0.0
-1.00041,1.94366,0.0
-1.00041,1.97224,0.0
-1.00041,2.00082,0.0
-1.00041,2.02941,0.0
-1.00041,2.05799,0.0
-1.00041,2.08657,0.0
-1.00041,2.11516,0.0
-1.00041,2.14374,0.0
-1.00041,2.17232,0.0
-1.00041,2.20091,0.0
-1.00041,2.22949,0.0
-1.00041,2.25807,0.0
-1.00041,2.28666,0.0
-1.00041,2.31524,0.0
-1.00041,2.34382,0.0
-1.00041,2.37241,0.0
-1.00041,2.40099,0.0
-1.00041,2.42957,0.0
-1.00041,2.45816,0.0
-1.00041,2.48674,0.0
-1.00041,2.51532,0.0
-1.00041,2.54391,0.0
-1.00041,2.57249,0.0
-1.00041,2.60107,0.0
-0.97183,-2.60107,0.0
-0.97183,-2.57249,0.0
-0.97183,-2.54391,0.0
-0.97183,-2.51532,0.0
-0.97183,-2.48674,0.0
-0.97183,-2.45816,0.0
-0.97183,-2.42957,0.0
-0.97183,-2.40099,0.0
-0.97183,-2.37241,0.0
-0.97183,-2.34382,0.0
-0.97183,-2.31524,0.0
-0.97183,-2.28666,0.0
-0.97183,-2.25807,0.0
-0.97183,-2.22949,0.0
-0.97183,-2.20091,0.0
-0.97183,-2.17232,0.0
-0.97183,-2.14374,0.0
-0.97183,-2.11516,0.0
-0.97183,-2.08657,0.0
-0.97183,-2.05799,0.0
-0.97183,-2.02941,0.0
-0.97183,-2.00082,0.0
-0.97183,-1.97224,0.0
-0.97183,-1.94366,0.0
-0.97183,-1.91507,0.0
-0.97183,-1.88649,0.0
-0.97183,-1.85791,0.0
-0.97183,-1.82933,0.0
-0.97183,-1.80074,0.0
-0.97183,-1.77216,0.0
-0.97183,-1.74358,0.0
-0.97183,-1.71499,0.0
-0.97183,-1.68641,0.0
-0.97183,-1.65783,0.0
-0.97183,-1.62924,0.0
-0.97183,-1.60066,0.0
-0.97183,-1.57208,0.0
-0.97183,-1.54349,0.0
-0.97183,-1.51491,0.0
-0.97183,-1.48633,0.0
-0.97183,-1.45774,0.0
-0.97183,-1.42916,0.0
-0.97183,-1.40058,0.0
-0.97183,-1.37199,0.0
-0.97183,-1.34341,0.0
-0.97183,-1.31483,0.0
-0.97183,-1.28624,0.0
-0.97183,-1.25766,0.0
-0.97183,-1.22908,0.0
-0.97183,-1.20049,0.0
-0.97183,-1.17191,0.0
-0.97183,-1.14333,0.0
-0.97183,-1.11474,0.0
-0.97183,-1.08616,0.0
-0.97183,-1.05758,0.0
-0.97183,-1.029,0.0
-0.97183,-1.00041,0.0
-0.97183,-0.97183,0.0
-0.97183,-0.94325,0.0
-0.97183,-0.91466,0.0
-0.97183,-0.88608,0.0
-0.97183,-0.8575,0.0
-0.97183,-0.82891,0.0
-0.97183,-0.80033,0.0
-0.97183,-0.77175,0.0
-0.97183,-0.74316,0.0
-0.97183,-0.71458,0.0
-0.97183,-0.686,0.0
-0.97183,-0.65741,0.0
-0.97183,-0.62883,0.0
-0.97183,-0.60025,0.0
-0.97183,-0.57166,0.0
-0.97183,-0.54308,0.0
-0.97183,-0.5145,0.0
-0.97183,-0.48591,0.0
-0.97183,-0.45733,0.0
-0.97183,-0.42875,0.0
-0.97183,-0.40016,0.0
-0.97183,-0.37158,0.0
-0.97183,-0.343,0.0
-0.97183,-0.31442,0.0
-0.97183,-0.28583,0.0
-0.97183,-0.25725,0.0
-0.97183,-0.22867,0.0
-0.97183,-0.20008,0.0
-0.97183,-0.1715,0.0
-0.97183,-0.14292,0.0
-0.97183,-0.11433,0.0
-0.97183,-0.08575,0.0
-0.97183,-0.05717,0.0
-0.97183,-0.02858,0.0
-0.97183,0,0.0
-0.97183,0.02858,0.0
-0.97183,0.05717,0.0
-0.97183,0.08575,0.0
-0.97183,0.11433,0.0
-0.97183,0.14292,0.0
-0.97183,0.1715,0.0
-0.97183,0.20008,0.0
-0.97183,0.22867,0.0
-0.97183,0.25725,0.0
-0.97183,0.28583,0.0
-0.97183,0.31442,0.0
-0.97183,0.343,0.0
-0.97183,0.37158,0.0
-0.97183,0.40016,0.0
-0.97183,0.42875,0.0
-0.97183,0.45733,0.0
-0.97183,0.48591,0.0
-0.97183,0.5145,0.0
-0.97183,0.54308,0.0
-0.97183,0.57166,0.0
-0.97183,0.60025,0.0
-0.97183,0.62883,0.0
-0.97183,0.65741,0.0
-0.97183,0.686,0.0
-0.97183,0.71458,0.0
-0.97183,0.74316,0.0
-0.97183,0.77175,0.0
-0.97183,0.80033,0.0
-0.97183,0.82891,0.0
-0.97183,0.8575,0.0
-0.97183,0.88608,0.0
-0.97183,0.91466,0.0
-0.97183,0.94325,0.0
-0.97183,0.97183,0.0
-0.97183,1.00041,0.0
-0.97183,1.029,0.0
-0.97183,1.05758,0.0
-0.97183,1.08616,0.0
-0.97183,1.11474,0.0
-0.97183,1.14333,0.0
-0.97183,1.17191,0.0
-0.97183,1.20049,0.0
-0.97183,1.22908,0.0
-0.97183,1.25766,0.0
-0.97183,1.28624,0.0
-0.97183,1.31483,0.0
-0.97183,1.34341,0.0
-0.97183,1.37199,0.0
-0.97183,1.40058,0.0
-0.97183,1.42916,0.0
-0.97183,1.45774,0.0
-0.97183,1.48633,0.0
-0.97183,1.51491,0.0
-0.97183,1.54349,0.0
-0.97183,1.57208,0.0
-0.97183,1.60066,0.0
-0.97183,1.62924,0.0
-0.97183,1.65783,0.0
-0.97183,1.68641,0.0
-0.97183,1.71499,0.0
-0.97183,1.74358,0.0
-0.97183,1.77216,0.0
-0.97183,1.80074,0.0
-0.97183,1.82933,0.0
-0.97183,1.85791,0.0
-0.97183,1.88649,0.0
-0.97183,1.91507,0.0
-0.97183,1.94366,0.0
-0.97183,1.97224,0.0
-0.97183,2.00082,0.0
-0.97183,2.02941,0.0
-0.97183,2.05799,0.0
-0.97183,2.08657,0.0
-0.97183,2.11516,0.0
-0.97183,2.14374,0.0
-0.97183,2.17232,0.0
-0.97183,2.20091,0.0
-0.97183,2.22949,0.0
-0.97183,2.25807,0.0
-0.97183,2.28666,0.0
-0.97183,2.31524,0.0
-0.97183,2.34382,0.0
-0.97183,2.37241,0.0
-0.97183,2.40099,0.0
-0.97183,2.42957,0.0
-0.97183,2.45816,0.0
-0.97183,2.48674,0.0
-0.97183,2.51532,0.0
-0.97183,2.54391,0.0
-0.97183,2.57249,0.0
-0.97183,2.60107,0.0
-0.94325,-2.62965,0.0
-0.94325,-2.60107,0.0
-0.94325,-2.57249,0.0
-0.94325,-2.54391,0.0
-0.94325,-2.51532,0.0
-0.94325,-2.48674,0.0
-0.94325,-2.45816,0.0
-0.94325,-2.42957,0.0
-0.94325,-2.40099,0.0
-0.94325,-2.37241,0.0
-0.94325,-2.34382,0.0
-0.94325,-2.31524,0.0
-0.94325,-2.28666,0.0
-0.94325,-2.25807,0.0
-0.94325,-2.22949,0.0
-0.94325,-2.20091,0.0
-0.94325,-2.17232,0.0
-0.94325,-2.14374,0.0
-0.94325,-2.11516,0.0
-0.94325,-2.08657,0.0
-0.94325,-2.05799,0.0
-0.94325,-2.02941,0.0
-0.94325,-2.00082,0.0
-0.94325,-1.97224,0.0
-0.94325,-1.94366,0.0
-0.94325,-1.91507,0.0
-0.94325,-1.88649,0.0
-0.94325,-1.85791,0.0
-0.94325,-1.82933,0.0
-0.94325,-1.80074,0.0
-0.94325,-1.77216,0.0
-0.94325,-1.74358,0.0
-0.94325,-1.71499,0.0
-0.94325,-1.68641,0.0
-0.94325,-1.65783,0.0
-0.94325,-1.62924,0.0
-0.94325,-1.60066,0.0
-0.94325,-1.57208,0.0
-0.94325,-1.54349,0.0
-0.94325,-1.51491,0.0
-0.94325,-1.48633,0.0
-0.94325,-1.45774,0.0
-0.94325,-1.42916,0.0
-0.94325,-1.40058,0.0
-0.94325,-1.37199,0.0
-0.94325,-1.34341,0.0
-0.94325,-1.31483,0.0
-0.94325,-1.28624,0.0
-0.94325,-1.25766,0.0
-0.94325,-1.22908,0.0
-0.94325,-1.20049,0.0
-0.94325,-1.17191,0.0
-0.94325,-1.14333,0.0
-0.94325,-1.11474,0.0
-0.94325,-1.08616,0.0
-0.94325,-1.05758,0.0
-0.94325,-1.029,0.0
-0.94325,-1.00041,0.0
-0.94325,-0.97183,0.0
-0.94325,-0.94325,0.0
-0.94325,-0.91466,0.0
-0.94325,-0.88608,0.0
-0.94325,-0.8575,0.0
-0.94325,-0.82891,0.0
-0.94325,-0.80033,0.0
-0.94325,-0.77175,0.0
-0.94325,-0.74316,0.0
-0.94325,-0.71458,0.0
-0.94325,-0.686,0.0
-0.94325,-0.65741,0.0
-0.94325,-0.62883,0.0
-0.94325,-0.60025,0.0
-0.94325,-0.57166,0.0
-0.94325,-0.54308,0.0
-0.94325,-0.5145,0.0
-0.94325,-0.48591,0.0
-0.94325,-0.45733,0.0
-0.94325,-0.42875,0.0
-0.94325,-0.40016,0.0
-0.94325,-0.37158,0.0
-0.94325,-0.343,0.0
-0.94325,-0.31442,0.0
-0.94325,-0.28583,0.0
-0.94325,-0.25725,0.0
-0.94325,-0.22867,0.0
-0.94325,-0.20008,0.0
-0.94325,-0.1715,0.0
-0.94325,-0.14292,0.0
-0.94325,-0.11433,0.0
-0.94325,-0.08575,0.0
-0.94325,-0.05717,0.0
-0.94325,-0.02858,0.0
-0.94325,0,0.0
-0.94325,0.02858,0.0
-0.94325,0.05717,0.0
-0.94325,0.08575,0.0
-0.94325,0.11433,0.0
-0.94325,0.14292,0.0
-0.94325,0.1715,0.0
-0.94325,0.20008,0.0
-0.94325,0.22867,0.0
-0.94325,0.25725,0.0
-0.94325,0.28583,0.0
-0.94325,0.31442,0.0
-0.94325,0.343,0.0
-0.94325,0.37158,0.0
-0.94325,0.40016,0.0
-0.94325,0.42875,0.0
-0.94325,0.45733,0.0
-0.94325,0.48591,0.0
-0.94325,0.5145,0.0
-0.94325,0.54308,0.0
-0.94325,0.57166,0.0
-0.94325,0.60025,0.0
-0.94325,0.62883,0.0
-0.94325,0.65741,0.0
-0.94325,0.686,0.0
-0.94325,0.71458,0.0
-0.94325,0.74316,0.0
-0.94325,0.77175,0.0
-0.94325,0.80033,0.0
-0.94325,0.82891,0.0
-0.94325,0.8575,0.0
-0.94325,0.88608,0.0
-0.94325,0.91466,0.0
-0.94325,0.94325,0.0
-0.94325,0.97183,0.0
-0.94325,1.00041,0.0
-0.94325,1.029,0.0
-0.94325,1.05758,0.0
-0.94325,1.08616,0.0
-0.94325,1.11474,0.0
-0.94325,1.14333,0.0
-0.94325,1.17191,0.0
-0.94325,1.20049,0.0
-0.94325,1.22908,0.0
-0.94325,1.25766,0.0
-0.94325,1.28624,0.0
-0.94325,1.31483,0.0
-0.94325,1.34341,0.0
-0.94325,1.37199,0.0
-0.94325,1.40058,0.0
-0.94325,1.42916,0.0
-0.94325,1.45774,0.0
-0.94325,1.48633,0.0
-0.94325,1.51491,0.0
-0.94325,1.54349,0.0
-0.94325,1.57208,0.0
-0.94325,1.60066,0.0
-0.94325,1.62924,0.0
-0.94325,1.65783,0.0
-0.94325,1.68641,0.0
-0.94325,1.71499,0.0
-0.94325,1.74358,0.0
-0.94325,1.77216,0.0
-0.94325,1.80074,0.0
-0.94325,1.82933,0.0
-0.94325,1.85791,0.0
-0.94325,1.88649,0.0
-0.94325,1.91507,0.0
-0.94325,1.94366,0.0
-0.94325,1.97224,0.0
-0.94325,2.00082,0.0
-0.94325,2.02941,0.0
-0.94325,2.05799,0.0
-0.94325,2.08657,0.0
-0.94325,2.11516,0.0
-0.94325,2.14374,0.0
-0.94325,2.17232,0.0
-0.94325,2.20091,0.0
-0.94325,2.22949,0.0
-0.94325,2.25807,0.0
-0.94325,2.28666,0.0
-0.94325,2.31524,0.0
-0.94325,2.34382,0.0
-0.94325,2.37241,0.0
-0.94325,2.40099,0.0
-0.94325,2.42957,0.0
-0.94325,2.45816,0.0
-0.94325,2.48674,0.0
-0.94325,2.51532,0.0
-0.94325,2.54391,0.0
-0.94325,2.57249,0.0
-0.94325,2.60107,0.0
-0.94325,2.62965,0.0
-0.91466,-2.62965,0.0
-0.91466,-2.60107,0.0
-0.91466,-2.57249,0.0
-0.91466,-2.54391,0.0
-0.91466,-2.51532,0.0
-0.91466,-2.48674,0.0
-0.91466,-2.45816,0.0
-0.91466,-2.42957,0.0
-0.91466,-2.40099,0.0
-0.91466,-2.37241,0.0
-0.91466,-2.34382,0.0
-0.91466,-2.31524,0.0
-0.91466,-2.28666,0.0
-0.91466,-2.25807,0.0
-0.91466,-2.22949,0.0
-0.91466,-2.20091,0.0
-0.91466,-2.17232,0.0
-0.91466,-2.14374,0.0
-0.91466,-2.11516,0.0
-0.91466,-2.08657,0.0
-0.91466,-2.05799,0.0
-0.91466,-2.02941,0.0
-0.91466,-2.00082,0.0
-0.91466,-1.97224,0.0
-0.91466,-1.94366,0.0
-0.91466,-1.91507,0.0
-0.91466,-1.88649,0.0
-0.91466,-1.85791,0.0
-0.91466,-1.82933,0.0
-0.91466,-1.80074,0.0
-0.91466,-1.77216,0.0
-0.91466,-1.74358,0.0
-0.91466,-1.71499,0.0
-0.91466,-1.68641,0.0
-0.91466,-1.65783,0.0
-0.91466,-1.62924,0.0
-0.91466,-1.60066,0.0
-0.91466,-1.57208,0.0
-0.91466,-1.54349,0.0
-0.91466,-1.51491,0.0
-0.91466,-1.48633,0.0
-0.91466,-1.45774,0.0
-0.91466,-1.42916,0.0
-0.91466,-1.40058,0.0
-0.91466,-1.37199,0.0
-0.91466,-1.34341,0.0
-0.91466,-1.31483,0.0
-0.91466,-1.28624,0.0
-0.91466,-1.25766,0.0
-0.91466,-1.22908,0.0
-0.91466,-1.20049,0.0
-0.91466,-1.17191,0.0
-0.91466,-1.14333,0.0
-0.91466,-1.11474,0.0
-0.91466,-1.08616,0.0
-0.91466,-1.05758,0.0
-0.91466,-1.029,0.0
-0.91466,-1.00041,0.0
-0.91466,-0.97183,0.0
-0.91466,-0.94325,0.0
-0.91466,-0.91466,0.0
-0.91466,-0.88608,0.0
-0.91466,-0.8575,0.0
-0.91466,-0.82891,0.0
-0.91466,-0.80033,0.0
-0.91466,-0.77175,0.0
-0.91466,-0.74316,0.0
-0.91466,-0.71458,0.0
-0.91466,-0.686,0.0
-0.91466,-0.65741,0.0
-0.91466,-0.62883,0.0
-0.91466,-0.60025,0.0
-0.91466,-0.57166,0.0
-0.91466,-0.54308,0.0
-0.91466,-0.5145,0.0
-0.91466,-0.48591,0.0
-0.91466,-0.45733,0.0
-0.91466,-0.42875,0.0
-0.91466,-0.40016,0.0
-0.91466,-0.37158,0.0
-0.91466,-0.343,0.0
-0.91466,-0.31442,0.0
-0.91466,-0.28583,0.0
-0.91466,-0.25725,0.0
-0.91466,-0.22867,0.0
-0.91466,-0.20008,0.0
-0.91466,-0.1715,0.0
-0.91466,-0.14292,0.0
-0.91466,-0.11433,0.0
-0.91466,-0.08575,0.0
-0.91466,-0.05717,0.0
-0.91466,-0.02858,0.0
-0.91466,0,0.0
-0.91466,0.02858,0.0
-0.91466,0.05717,0.0
-0.91466,0.08575,0.0
-0.91466,0.11433,0.0
-0.91466,0.14292,0.0
-0.91466,0.1715,0.0
-0.91466,0.20008,0.0
-0.91466,0.22867,0.0
-0.91466,0.25725,0.0
-0.91466,0.28583,0.0
-0.91466,0.31442,0.0
-0.91466,0.343,0.0
-0.91466,0.37158,0.0
-0.91466,0.40016,0.0
-0.91466,0.42875,0.0
-0.91466,0.45733,0.0
-0.91466,0.48591,0.0
-0.91466,0.5145,0.0
-0.91466,0.54308,0.0
-0.91466,0.57166,0.0
-0.91466,0.60025,0.0
-0.91466,0.62883,0.0
-0.91466,0.65741,0.0
-0.91466,0.686,0.0
-0.91466,0.71458,0.0
-0.91466,0.74316,0.0
-0.91466,0.77175,0.0
-0.91466,0.80033,0.0
-0.91466,0.82891,0.0
-0.91466,0.8575,0.0
-0.91466,0.88608,0.0
-0.91466,0.91466,0.0
-0.91466,0.94325,0.0
-0.91466,0.97183,0.0
-0.91466,1.00041,0.0
-0.91466,1.029,0.0
-0.91466,1.05758,0.0
-0.91466,1.08616,0.0
-0.91466,1.11474,0.0
-0.91466,1.14333,0.0
-0.91466,1.17191,0.0
-0.91466,1.20049,0.0
-0.91466,1.22908,0.0
-0.91466,1.25766,0.0
-0.91466,1.28624,0.0
-0.91466,1.31483,0.0
-0.91466,1.34341,0.0
-0.91466,1.37199,0.0
-0.91466,1.40058,0.0
-0.91466,1.42916,0.0
-0.91466,1.45774,0.0
-0.91466,1.48633,0.0
-0.91466,1.51491,0.0
-0.91466,1.54349,0.0
-0.91466,1.57208,0.0
-0.91466,1.60066,0.0
-0.91466,1.62924,0.0
-0.91466,1.65783,0.0
-0.91466,1.68641,0.0
-0.91466,1.71499,0.0
-0.91466,1.74358,0.0
-0.91466,1.77216,0.0
-0.91466,1.80074,0.0
-0.91466,1.82933,0.0
-0.91466,1.85791,0.0
-0.91466,1.88649,0.0
-0.91466,1.91507,0.0
-0.91466,1.94366,0.0
-0.91466,1.97224,0.0
-0.91466,2.00082,0.0
-0.91466,2.02941,0.0
-0.91466,2.05799,0.0
-0.91466,2.08657,0.0
-0.91466,2.11516,0.0
-0.91466,2.14374,0.0
-0.91466,2.17232,0.0
-0.91466,2.20091,0.0
-0.91466,2.22949,0.0
-0.91466,2.25807,0.0
-0.91466,2.28666,0.0
-0.91466,2.31524,0.0
-0.91466,2.34382,0.0
-0.91466,2.37241,0.0
-0.91466,2.40099,0.0
-0.91466,2.42957,0.0
-0.91466,2.45816,0.0
-0.91466,2.48674,0.0
-0.91466,2.51532,0.0
-0.91466,2.54391,0.0
-0.91466,2.57249,0.0
-0.91466,2.60107,0.0
-0.91466,2.62965,0.0
-0.88608,-2.62965,0.0
-0.88608,-2.60107,0.0
-0.88608,-2.57249,0.0
-0.88608,-2.54391,0.0
-0.88608,-2.51532,0.0
-0.88608,-2.48674,0.0
-0.88608,-2.45816,0.0
-0.88608,-2.42957,0.0
-0.88608,-2.40099,0.0
-0.88608,-2.37241,0.0
-0.88608,-2.34382,0.0
-0.88608,-2.31524,0.0
-0.88608,-2.28666,0.0
-0.88608,-2.25807,0.0
-0.88608,-2.22949,0.0
-0.88608,-2.20091,0.0
-0.88608,-2.17232,0.0
-0.88608,-2.14374,0.0
-0.88608,-2.11516,0.0
-0.88608,-2.08657,0.0
-0.88608,-2.05799,0.0
-0.88608,-2.02941,0.0
-0.88608,-2.00082,0.0
-0.88608,-1.97224,0.0
-0.88608,-1.94366,0.0
-0.88608,-1.91507,0.0
-0.88608,-1.88649,0.0
-0.88608,-1.85791,0.0
-0.88608,-1.82933,0.0
-0.88608,-1.80074,0.0
-0.88608,-1.77216,0.0
-0.88608,-1.74358,0.0
-0.88608,-1.71499,0.0
-0.88608,-1.68641,0.0
-0.88608,-1.65783,0.0
-0.88608,-1.62924,0.0
-0.88608,-1.60066,0.0
-0.88608,-1.57208,0.0
-0.88608,-1.54349,0.0
-0.88608,-1.51491,0.0
-0.88608,-1.48633,0.0
-0.88608,-1.45774,0.0
-0.88608,-1.42916,0.0
-0.88608,-1.40058,0.0
-0.88608,-1.37199,0.0
-0.88608,-1.34341,0.0
-0.88608,-1.31483,0.0
-0.88608,-1.28624,0.0
-0.88608,-1.25766,0.0
-0.88608,-1.22908,0.0
-0.88608,-1.20049,0.0
-0.88608,-1.17191,0.0
-0.88608,-1.14333,0.0
-0.88608,-1.11474,0.0
-0.88608,-1.08616,0.0
-0.88608,-1.05758,0.0
-0.88608,-1.029,0.0
-0.88608,-1.00041,0.0
-0.88608,-0.97183,0.0
-0.88608,-0.94325,0.0
-0.88608,-0.91466,0.0
-0.88608,-0.88608,0.0
-0.88608,-0.8575,0.0
-0.88608,-0.82891,0.0
-0.88608,-0.80033,0.0
-0.88608,-0.77175,0.0
-0.88608,-0.74316,0.0
-0.88608,-0.71458,0.0
-0.88608,-0.686,0.0
-0.88608,-0.65741,0.0
-0.88608,-0.62883,0.0
-0.88608,-0.60025,0.0
-0.88608,-0.57166,0.0
-0.88608,-0.54308,0.0
-0.88608,-0.5145,0.0
-0.88608,-0.48591,0.0
-0.88608,-0.45733,0.0
-0.88608,-0.42875,0.0
-0.88608,-0.40016,0.0
-0.88608,-0.37158,0.0
-0.88608,-0.343,0.0
-0.88608,-0.31442,0.0
-0.88608,-0.28583,0.0
-0.88608,-0.25725,0.0
-0.88608,-0.22867,0.0
-0.88608,-0.20008,0.0
-0.88608,-0.1715,0.0
-0.88608,-0.14292,0.0
-0.88608,-0.11433,0.0
-0.88608,-0.08575,0.0
-0.88608,-0.05717,0.0
-0.88608,-0.02858,0.0
-0.88608,0,0.0
-0.88608,0.02858,0.0
-0.88608,0.05717,0.0
-0.88608,0.08575,0.0
-0.88608,0.11433,0.0
-0.88608,0.14292,0.0
-0.88608,0.1715,0.0
-0.88608,0.20008,0.0
-0.88608,0.22867,0.0
-0.88608,0.25725,0.0
-0.88608,0.28583,0.0
-0.88608,0.31442,0.0
-0.88608,0.343,0.0
-0.88608,0.37158,0.0
-0.88608,0.40016,0.0
-0.88608,0.42875,0.0
-0.88608,0.45733,0.0
-0.88608,0.48591,0.0
-0.88608,0.5145,0.0
-0.88608,0.54308,0.0
-0.88608,0.57166,0.0
-0.88608,0.60025,0.0
-0.88608,0.62883,0.0
-0.88608,0.65741,0.0
-0.88608,0.686,0.0
-0.88608,0.71458,0.0
-0.88608,0.74316,0.0
-0.88608,0.77175,0.0
-0.88608,0.80033,0.0
-0.88608,0.82891,0.0
-0.88608,0.8575,0.0
-0.88608,0.88608,0.0
-0.88608,0.91466,0.0
-0.88608,0.94325,0.0
-0.88608,0.97183,0.0
-0.88608,1.00041,0.0
-0.88608,1.029,0.0
-0.88608,1.05758,0.0
-0.88608,1.08616,0.0
-0.88608,1.11474,0.0
-0.88608,1.14333,0.0
-0.88608,1.17191,0.0
-0.88608,1.20049,0.0
-0.88608,1.22908,0.0
-0.88608,1.25766,0.0
-0.88608,1.28624,0.0
-0.88608,1.31483,0.0
-0.88608,1.34341,0.0
-0.88608,1.37199,0.0
-0.88608,1.40058,0.0
-0.88608,1.42916,0.0
-0.88608,1.45774,0.0
-0.88608,1.48633,0.0
-0.88608,1.51491,0.0
-0.88608,1.54349,0.0
-0.88608,1.57208,0.0
-0.88608,1.60066,0.0
-0.88608,1.62924,0.0
-0.88608,1.65783,0.0
-0.88608,1.68641,0.0
-0.88608,1.71499,0.0
-0.88608,1.74358,0.0
-0.88608,1.77216,0.0
-0.88608,1.80074,0.0
-0.88608,1.82933,0.0
-0.88608,1.85791,0.0
-0.88608,1.88649,0.0
-0.88608,1.91507,0.0
-0.88608,1.94366,0.0
-0.88608,1.97224,0.0
-0.88608,2.00082,0.0
-0.88608,2.02941,0.0
-0.88608,2.05799,0.0
-0.88608,2.08657,0.0
-0.88608,2.11516,0.0
-0.88608,2.14374,0.0
-0.88608,2.17232,0.0
-0.88608,2.20091,0.0
-0.88608,2.22949,0.0
-0.88608,2.25807,0.0
-0.88608,2.28666,0.0
-0.88608,2.31524,0.0
-0.88608,2.34382,0.0
-0.88608,2.37241,0.0
-0.88608,2.40099,0.0
-0.88608,2.42957,0.0
-0.88608,2.45816,0.0
-0.88608,2.48674,0.0
-0.88608,2.51532,0.0
-0.88608,2.54391,0.0
-0.88608,2.57249,0.0
-0.88608,2.60107,0.0
-0.88608,2.62965,0.0
-0.8575,-2.65824,0.0
-0.8575,-2.62965,0.0
-0.8575,-2.60107,0.0
-0.8575,-2.57249,0.0
-0.8575,-2.54391,0.0
-0.8575,-2.51532,0.0
-0.8575,-2.48674,0.0
-0.8575,-2.45816,0.0
-0.8575,-2.42957,0.0
-0.8575,-2.40099,0.0
-0.8575,-2.37241,0.0
-0.8575,-2.34382,0.0
-0.8575,-2.31524,0.0
-0.8575,-2.28666,0.0
-0.8575,-2.25807,0.0
-0.8575,-2.22949,0.0
-0.8575,-2.20091,0.0
-0.8575,-2.17232,0.0
-0.8575,-2.14374,0.0
-0.8575,-2.11516,0.0
-0.8575,-2.08657,0.0
-0.8575,-2.05799,0.0
-0.8575,-2.02941,0.0
-0.8575,-2.00082,0.0
-0.8575,-1.97224,0.0
-0.8575,-1.94366,0.0
-0.8575,-1.91507,0.0
-0.8575,-1.88649,0.0
-0.8575,-1.85791,0.0
-0.8575,-1.82933,0.0
-0.8575,-1.80074,0.0
-0.8575,-1.77216,0.0
-0.8575,-1.74358,0.0
-0.8575,-1.71499,0.0
-0.8575,-1.68641,0.0
-0.8575,-1.65783,0.0
-0.8575,-1.62924,0.0
-0.8575,-1.60066,0.0
-0.8575,-1.57208,0.0
-0.8575,-1.54349,0.0
-0.8575,-1.51491,0.0
-0.8575,-1.48633,0.0
-0.8575,-1.45774,0.0
-0.8575,-1.42916,0.0
-0.8575,-1.40058,0.0
-0.8575,-1.37199,0.0
-0.8575,-1.34341,0.0
-0.8575,-1.31483,0.0
-0.8575,-1.28624,0.0
-0.8575,-1.25766,0.0
-0.8575,-1.22908,0.0
-0.8575,-1.20049,0.0
-0.8575,-1.17191,0.0
-0.8575,-1.14333,0.0
-0.8575,-1.11474,0.0
-0.8575,-1.08616,0.0
-0.8575,-1.05758,0.0
-0.8575,-1.029,0.0
-0.8575,-1.00041,0.0
-0.8575,-0.97183,0.0
-0.8575,-0.94325,0.0
-0.8575,-0.91466,0.0
-0.8575,-0.88608,0.0
-0.8575,-0.8575,0.0
-0.8575,-0.82891,0.0
-0.8575,-0.80033,0.0
-0.8575,-0.77175,0.0
-0.8575,-0.74316,0.0
-0.8575,-0.71458,0.0
-0.8575,-0.686,0.0
-0.8575,-0.65741,0.0
-0.8575,-0.62883,0.0
-0.8575,-0.60025,0.0
-0.8575,-0.57166,0.0
-0.8575,-0.54308,0.0
-0.8575,-0.5145,0.0
-0.8575,-0.48591,0.0
-0.8575,-0.45733,0.0
-0.8575,-0.42875,0.0
-0.8575,-0.40016,0.0
-0.8575,-0.37158,0.0
-0.8575,-0.343,0.0
-0.8575,-0.31442,0.0
-0.8575,-0.28583,0.0
-0.8575,-0.25725,0.0
-0.8575,-0.22867,0.0
-0.8575,-0.20008,0.0
-0.8575,-0.1715,0.0
-0.8575,-0.14292,0.0
-0.8575,-0.11433,0.0
-0.8575,-0.08575,0.0
-0.8575,-0.05717,0.0
-0.8575,-0.02858,0.0
-0.8575,0,0.0
-0.8575,0.02858,0.0
-0.8575,0.05717,0.0
-0.8575,0.08575,0.0
-0.8575,0.11433,0.0
-0.8575,0.14292,0.0
-0.8575,0.1715,0.0
-0.8575,0.20008,0.0
-0.8575,0.22867,0.0
-0.8575,0.25725,0.0
-0.8575,0.28583,0.0
-0.8575,0.31442,0.0
-0.8575,0.343,0.0
-0.8575,0.37158,0.0
-0.8575,0.40016,0.0
-0.8575,0.42875,0.0
-0.8575,0.45733,0.0
-0.8575,0.48591,0.0
-0.8575,0.5145,0.0
-0.8575,0.54308,0.0
-0.8575,0.57166,0.0
-0.8575,0.60025,0.0
-0.8575,0.62883,0.0
-0.8575,0.65741,0.0
-0.8575,0.686,0.0
-0.8575,0.71458,0.0
-0.8575,0.74316,0.0
-0.8575,0.77175,0.0
-0.8575,0.80033,0.0
-0.8575,0.82891,0.0
-0.8575,0.8575,0.0
-0.8575,0.88608,0.0
-0.8575,0.91466,0.0
-0.8575,0.94325,0.0
-0.8575,0.97183,0.0
-0.8575,1.00041,0.0
-0.8575,1.029,0.0
-0.8575,1.05758,0.0
-0.8575,1.08616,0.0
-0.8575,1.11474,0.0
-0.8575,1.14333,0.0
-0.8575,1.17191,0.0
-0.8575,1.20049,0.0
-0.8575,1.22908,0.0
-0.8575,1.25766,0.0
-0.8575,1.28624,0.0
-0.8575,1.31483,0.0
-0.8575,1.34341,0.0
-0.8575,1.37199,0.0
-0.8575,1.40058,0.0
-0.8575,1.42916,0.0
-0.8575,1.45774,0.0
-0.8575,1.48633,0.0
-0.8575,1.51491,0.0
-0.8575,1.54349,0.0
-0.8575,1.57208,0.0
-0.8575,1.60066,0.0
-0.8575,1.62924,0.0
-0.8575,1.65783,0.0
-0.8575,1.68641,0.0
-0.8575,1.71499,0.0
-0.8575,1.74358,0.0
-0.8575,1.77216,0.0
-0.8575,1.80074,0.0
-0.8575,1.82933,0.0
-0.8575,1.85791,0.0
-0.8575,1.88649,0.0
-0.8575,1.91507,0.0
-0.8575,1.94366,0.0
-0.8575,1.97224,0.0
-0.8575,2.00082,0.0
-0.8575,2.02941,0.0
-0.8575,2.05799,0.0
-0.8575,2.08657,0.0
-0.8575,2.11516,0.0
-0.8575,2.14374,0.0
-0.8575,2.17232,0.0
-0.8575,2.20091,0.0
-0.8575,2.22949,0.0
-0.8575,2.25807,0.0
-0.8575,2.28666,0.0
-0.8575,2.31524,0.0
-0.8575,2.34382,0.0
-0.8575,2.37241,0.0
-0.8575,2.40099,0.0
-0.8575,2.42957,0.0
-0.8575,2.45816,0.0
-0.8575,2.48674,0.0
-0.8575,2.51532,0.0
-0.8575,2.54391,0.0
-0.8575,2.57249,0.0
-0.8575,2.60107,0.0
-0.8575,2.62965,0.0
-0.8575,2.65824,0.0
-0.82891,-2.65824,0.0
-0.82891,-2.62965,0.0
-0.82891,-2.60107,0.0
-0.82891,-2.57249,0.0
-0.82891,-2.54391,0.0
-0.82891,-2.51532,0.0
-0.82891,-2.48674,0.0
-0.82891,-2.45816,0.0
-0.82891,-2.42957,0.0
-0.82891,-2.40099,0.0
-0.82891,-2.37241,0.0
-0.82891,-2.34382,0.0
-0.82891,-2.31524,0.0
-0.82891,-2.28666,0.0
-0.82891,-2.25807,0.0
-0.82891,-2.22949,0.0
-0.82891,-2.20091,0.0
-0.82891,-2.17232,0.0
-0.82891,-2.14374,0.0
-0.82891,-2.11516,0.0
-0.82891,-2.08657,0.0
-0.82891,-2.05799,0.0
-0.82891,-2.02941,0.0
-0.82891,-2.00082,0.0
-0.82891,-1.97224,0.0
-0.82891,-1.94366,0.0
-0.82891,-1.91507,0.0
-0.82891,-1.88649,0.0
-0.82891,-1.85791,0.0
-0.82891,-1.82933,0.0
-0.82891,-1.80074,0.0
-0.82891,-1.77216,0.0
-0.82891,-1.74358,0.0
-0.82891,-1.71499,0.0
-0.82891,-1.68641,0.0
-0.82891,-1.65783,0.0
-0.82891,-1.62924,0.0
-0.82891,-1.60066,0.0
-0.82891,-1.57208,0.0
-0.82891,-1.54349,0.0
-0.82891,-1.51491,0.0
-0.82891,-1.48633,0.0
-0.82891,-1.45774,0.0
-0.82891,-1.42916,0.0
-0.82891,-1.40058,0.0
-0.82891,-1.37199,0.0
-0.82891,-1.34341,0.0
-0.82891,-1.31483,0.0
-0.82891,-1.28624,0.0
-0.82891,-1.25766,0.0
-0.82891,-1.22908,0.0
-0.82891,-1.20049,0.0
-0.82891,-1.17191,0.0
-0.82891,-1.14333,0.0
-0.82891,-1.11474,0.0
-0.82891,-1.08616,0.0
-0.82891,-1.05758,0.0
-0.82891,-1.029,0.0
-0.82891,-1.00041,0.0
-0.82891,-0.97183,0.0
-0.82891,-0.94325,0.0
-0.82891,-0.91466,0.0
-0.82891,-0.88608,0.0
-0.82891,-0.8575,0.0
-0.82891,-0.82891,0.0
-0.82891,-0.80033,0.0
-0.82891,-0.77175,0.0
-0.82891,-0.74316,0.0
-0.82891,-0.71458,0.0
-0.82891,-0.686,0.0
-0.82891,-0.65741,0.0
-0.82891,-0.62883,0.0
-0.82891,-0.60025,0.0
-0.82891,-0.57166,0.0
-0.82891,-0.54308,0.0
-0.82891,-0.5145,0.0
-0.82891,-0.48591,0.0
-0.82891,-0.45733,0.0
-0.82891,-0.42875,0.0
-0.82891,-0.40016,0.0
-0.82891,-0.37158,0.0
-0.82891,-0.343,0.0
-0.82891,-0.31442,0.0
-0.82891,-0.28583,0.0
-0.82891,-0.25725,0.0
-0.82891,-0.22867,0.0
-0.82891,-0.20008,0.0
-0.82891,-0.1715,0.0
-0.82891,-0.14292,0.0
-0.82891,-0.11433,0.0
-0.82891,-0.08575,0.0
-0.82891,-0.05717,0.0
-0.82891,-0.02858,0.0
-0.82891,0,0.0
-0.82891,0.02858,0.0
-0.82891,0.05717,0.0
-0.82891,0.08575,0.0
-0.82891,0.11433,0.0
-0.82891,0.14292,0.0
-0.82891,0.1715,0.0
-0.82891,0.20008,0.0
-0.82891,0.22867,0.0
-0.82891,0.25725,0.0
-0.82891,0.28583,0.0
-0.82891,0.31442,0.0
-0.82891,0.343,0.0
-0.82891,0.37158,0.0
-0.82891,0.40016,0.0
-0.82891,0.42875,0.0
-0.82891,0.45733,0.0
-0.82891,0.48591,0.0
-0.82891,0.5145,0.0
-0.82891,0.54308,0.0
-0.82891,0.57166,0.0
-0.82891,0.60025,0.0
-0.82891,0.62883,0.0
-0.82891,0.65741,0.0
-0.82891,0.686,0.0
-0.82891,0.71458,0.0
-0.82891,0.74316,0.0
-0.82891,0.77175,0.0
-0.82891,0.80033,0.0
-0.82891,0.82891,0.0
-0.82891,0.8575,0.0
-0.82891,0.88608,0.0
-0.82891,0.91466,0.0
-0.82891,0.94325,0.0
-0.82891,0.97183,0.0
-0.82891,1.00041,0.0
-0.82891,1.029,0.0
-0.82891,1.05758,0.0
-0.82891,1.08616,0.0
-0.82891,1.11474,0.0
-0.82891,1.14333,0.0
-0.82891,1.17191,0.0
-0.82891,1.20049,0.0
-0.82891,1.22908,0.0
-0.82891,1.25766,0.0
-0.82891,1.28624,0.0
-0.82891,1.31483,0.0
-0.82891,1.34341,0.0
-0.82891,1.37199,0.0
-0.82891,1.40058,0.0
-0.82891,1.42916,0.0
-0.82891,1.45774,0.0
-0.82891,1.48633,0.0
-0.82891,1.51491,0.0
-0.82891,1.54349,0.0
-0.82891,1.57208,0.0
-0.82891,1.60066,0.0
-0.82891,1.62924,0.0
-0.82891,1.65783,0.0
-0.82891,1.68641,0.0
-0.82891,1.71499,0.0
-0.82891,1.74358,0.0
-0.82891,1.77216,0.0
-0.82891,1.80074,0.0
-0.82891,1.82933,0.0
-0.82891,1.85791,0.0
-0.82891,1.88649,0.0
-0.82891,1.91507,0.0
-0.82891,1.94366,0.0
-0.82891,1.97224,0.0
-0.82891,2.00082,0.0
-0.82891,2.02941,0.0
-0.82891,2.05799,0.0
-0.82891,2.08657,0.0
-0.82891,2.11516,0.0
-0.82891,2.14374,0.0
-0.82891,2.17232,0.0
-0.82891,2.20091,0.0
-0.82891,2.22949,0.0
-0.82891,2.25807,0.0
-0.82891,2.28666,0.0
-0.82891,2.31524,0.0
-0.82891,2.34382,0.0
-0.82891,2.37241,0.0
-0.82891,2.40099,0.0
-0.82891,2.42957,0.0
-0.82891,2.45816,0.0
-0.82891,2.48674,0.0
-0.82891,2.51532,0.0
-0.82891,2.54391,0.0
-0.82891,2.57249,0.0
-0.82891,2.60107,0.0
-0.82891,2.62965,0.0
-0.82891,2.65824,0.0
-0.80033,-2.65824,0.0
-0.80033,-2.62965,0.0
-0.80033,-2.60107,0.0
-0.80033,-2.57249,0.0
-0.80033,-2.54391,0.0
-0.80033,-2.51532,0.0
-0.80033,-2.48674,0.0
-0.80033,-2.45816,0.0
-0.80033,-2.42957,0.0
-0.80033,-2.40099,0.0
-0.80033,-2.37241,0.0
-0.80033,-2.34382,0.0
-0.80033,-2.31524,0.0
-0.80033,-2.28666,0.0
-0.80033,-2.25807,0.0
-0.80033,-2.22949,0.0
-0.80033,-2.20091,0.0
-0.80033,-2.17232,0.0
-0.80033,-2.14374,0.0
-0.80033,-2.11516,0.0
-0.80033,-2.08657,0.0
-0.80033,-2.05799,0.0
-0.80033,-2.02941,0.0
-0.80033,-2.00082,0.0
-0.80033,-1.97224,0.0
-0.80033,-1.94366,0.0
-0.80033,-1.91507,0.0
-0.80033,-1.88649,0.0
-0.80033,-1.85791,0.0
-0.80033,-1.82933,0.0
-0.80033,-1.80074,0.0
-0.80033,-1.77216,0.0
-0.80033,-1.74358,0.0
-0.80033,-1.71499,0.0
-0.80033,-1.68641,0.0
-0.80033,-1.65783,0.0
-0.80033,-1.62924,0.0
-0.80033,-1.60066,0.0
-0.80033,-1.57208,0.0
-0.80033,-1.54349,0.0
-0.80033,-1.51491,0.0
-0.80033,-1.48633,0.0
-0.80033,-1.45774,0.0
-0.80033,-1.42916,0.0
-0.80033,-1.40058,0.0
-0.80033,-1.37199,0.0
-0.80033,-1.34341,0.0
-0.80033,-1.31483,0.0
-0.80033,-1.28624,0.0
-0.80033,-1.25766,0.0
-0.80033,-1.22908,0.0
-0.80033,-1.20049,0.0
-0.80033,-1.17191,0.0
-0.80033,-1.14333,0.0
-0.80033,-1.11474,0.0
-0.80033,-1.08616,0.0
-0.80033,-1.05758,0.0
-0.80033,-1.029,0.0
-0.80033,-1.00041,0.0
-0.80033,-0.97183,0.0
-0.80033,-0.94325,0.0
-0.80033,-0.91466,0.0
-0.80033,-0.88608,0.0
-0.80033,-0.8575,0.0
-0.80033,-0.82891,0.0
-0.80033,-0.80033,0.0
-0.80033,-0.77175,0.0
-0.80033,-0.74316,0.0
-0.80033,-0.71458,0.0
-0.80033,-0.686,0.0
-0.80033,-0.65741,0.0
-0.80033,-0.62883,0.0
-0.80033,-0.60025,0.0
-0.80033,-0.57166,0.0
-0.80033,-0.54308,0.0
-0.80033,-0.5145,0.0
-0.80033,-0.48591,0.0
-0.80033,-0.45733,0.0
-0.80033,-0.42875,0.0
-0.80033,-0.40016,0.0
-0.80033,-0.37158,0.0
-0.80033,-0.343,0.0
-0.80033,-0.31442,0.0
-0.80033,-0.28583,0.0
-0.80033,-0.25725,0.0
-0.80033,-0.22867,0.0
-0.80033,-0.20008,0.0
-0.80033,-0.1715,0.0
-0.80033,-0.14292,0.0
-0.80033,-0.11433,0.0
-0.80033,-0.08575,0.0
-0.80033,-0.05717,0.0
-0.80033,-0.02858,0.0
-0.80033,0,0.0
-0.80033,0.02858,0.0
-0.80033,0.05717,0.0
-0.80033,0.08575,0.0
-0.80033,0.11433,0.0
-0.80033,0.14292,0.0
-0.80033,0.1715,0.0
-0.80033,0.20008,0.0
-0.80033,0.22867,0.0
-0.80033,0.25725,0.0
-0.80033,0.28583,0.0
-0.80033,0.31442,0.0
-0.80033,0.343,0.0
-0.80033,0.37158,0.0
-0.80033,0.40016,0.0
-0.80033,0.42875,0.0
-0.80033,0.45733,0.0
-0.80033,0.48591,0.0
-0.80033,0.5145,0.0
-0.80033,0.54308,0.0
-0.80033,0.57166,0.0
-0.80033,0.60025,0.0
-0.80033,0.62883,0.0
-0.80033,0.65741,0.0
-0.80033,0.686,0.0
-0.80033,0.71458,0.0
-0.80033,0.74316,0.0
-0.80033,0.77175,0.0
-0.80033,0.80033,0.0
-0.80033,0.82891,0.0
-0.80033,0.8575,0.0
-0.80033,0.88608,0.0
-0.80033,0.91466,0.0
-0.80033,0.94325,0.0
-0.80033,0.97183,0.0
-0.80033,1.00041,0.0
-0.80033,1.029,0.0
-0.80033,1.05758,0.0
-0.80033,1.08616,0.0
-0.80033,1.11474,0.0
-0.80033,1.14333,0.0
-0.80033,1.17191,0.0
-0.80033,1.20049,0.0
-0.80033,1.22908,0.0
-0.80033,1.25766,0.0
-0.80033,1.28624,0.0
-0.80033,1.31483,0.0
-0.80033,1.34341,0.0
-0.80033,1.37199,0.0
-0.80033,1.40058,0.0
-0.80033,1.42916,0.0
-0.80033,1.45774,0.0
-0.80033,1.48633,0.0
-0.80033,1.51491,0.0
-0.80033,1.54349,0.0
-0.80033,1.57208,0.0
-0.80033,1.60066,0.0
-0.80033,1.62924,0.0
-0.80033,1.65783,0.0
-0.80033,1.68641,0.0
-0.80033,1.71499,0.0
-0.80033,1.74358,0.0
-0.80033,1.77216,0.0
-0.80033,1.80074,0.0
-0.80033,1.82933,0.0
-0.80033,1.85791,0.0
-0.80033,1.88649,0.0
-0.80033,1.91507,0.0
-0.80033,1.94366,0.0
-0.80033,1.97224,0.0
-0.80033,2.00082,0.0
-0.80033,2.02941,0.0
-0.80033,2.05799,0.0
-0.80033,2.08657,0.0
-0.80033,2.11516,0.0
-0.80033,2.14374,0.0
-0.80033,2.17232,0.0
-0.80033,2.20091,0.0
-0.80033,2.22949,0.0
-0.80033,2.25807,0.0
-0.80033,2.28666,0.0
-0.80033,2.31524,0.0
-0.80033,2.34382,0.0
-0.80033,2.37241,0.0
-0.80033,2.40099,0.0
-0.80033,2.42957,0.0
-0.80033,2.45816,0.0
-0.80033,2.48674,0.0
-0.80033,2.51532,0.0
-0.80033,2.54391,0.0
-0.80033,2.57249,0.0
-0.80033,2.60107,0.0
-0.80033,2.62965,0.0
-0.80033,2.65824,0.0
-0.77175,-2.68682,0.0
-0.77175,-2.65824,0.0
-0.77175,-2.62965,0.0
-0.77175,-2.60107,0.0
-0.77175,-2.57249,0.0
-0.77175,-2.54391,0.0
-0.77175,-2.51532,0.0
-0.77175,-2.48674,0.0
-0.77175,-2.45816,0.0
-0.77175,-2.42957,0.0
-0.77175,-2.40099,0.0
-0.77175,-2.37241,0.0
-0.77175,-2.34382,0.0
-0.77175,-2.31524,0.0
-0.77175,-2.28666,0.0
-0.77175,-2.25807,0.0
-0.77175,-2.22949,0.0
-0.77175,-2.20091,0.0
-0.77175,-2.17232,0.0
-0.77175,-2.14374,0.0
-0.77175,-2.11516,0.0
-0.77175,-2.08657,0.0
-0.77175,-2.05799,0.0
-0.77175,-2.02941,0.0
-0.77175,-2.00082,0.0
-0.77175,-1.97224,0.0
-0.77175,-1.94366,0.0
-0.77175,-1.91507,0.0
-0.77175,-1.88649,0.0
-0.77175,-1.85791,0.0
-0.77175,-1.82933,0.0
-0.77175,-1.80074,0.0
-0.77175,-1.77216,0.0
-0.77175,-1.74358,0.0
-0.77175,-1.71499,0.0
-0.77175,-1.68641,0.0
-0.77175,-1.65783,0.0
-0.77175,-1.62924,0.0
-0.77175,-1.60066,0.0
-0.77175,-1.57208,0.0
-0.77175,-1.54349,0.0
-0.77175,-1.51491,0.0
-0.77175,-1.48633,0.0
-0.77175,-1.45774,0.0
-0.77175,-1.42916,0.0
-0.77175,-1.40058,0.0
-0.77175,-1.37199,0.0
-0.77175,-1.34341,0.0
-0.77175,-1.31483,0.0
-0.77175,-1.28624,0.0
-0.77175,-1.25766,0.0
-0.77175,-1.22908,0.0
-0.77175,-1.20049,0.0
-0.77175,-1.17191,0.0
-0.77175,-1.14333,0.0
-0.77175,-1.11474,0.0
-0.77175,-1.08616,0.0
-0.77175,-1.05758,0.0
-0.77175,-1.029,0.0
-0.77175,-1.00041,0.0
-0.77175,-0.97183,0.0
-0.77175,-0.94325,0.0
-0.77175,-0.91466,0.0
-0.77175,-0.88608,0.0
-0.77175,-0.8575,0.0
-0.77175,-0.82891,0.0
-0.77175,-0.80033,0.0
-0.77175,-0.77175,0.0
-0.77175,-0.74316,0.0
-0.77175,-0.71458,0.0
-0.77175,-0.686,0.0
-0.77175,-0.65741,0.0
-0.77175,-0.62883,0.0
-0.77175,-0.60025,0.0
-0.77175,-0.57166,0.0
-0.77175,-0.54308,0.0
-0.77175,-0.5145,0.0
-0.77175,-0.48591,0.0
-0.77175,-0.45733,0.0
-0.77175,-0.42875,0.0
-0.77175,-0.40016,0.0
-0.77175,-0.37158,0.0
-0.77175,-0.343,0.0
-0.77175,-0.31442,0.0
-0.77175,-0.28583,0.0
-0.77175,-0.25725,0.0
-0.77175,-0.22867,0.0
-0.77175,-0.20008,0.0
-0.77175,-0.1715,0.0
-0.77175,-0.14292,0.0
-0.77175,-0.11433,0.0
-0.77175,-0.08575,0.0
-0.77175,-0.05717,0.0
-0.77175,-0.02858,0.0
-0.77175,0,0.0
-0.77175,0.02858,0.0
-0.77175,0.05717,0.0
-0.77175,0.08575,0.0
-0.77175,0.11433,0.0
-0.77175,0.14292,0.0
-0.77175,0.1715,0.0
-0.77175,0.20008,0.0
-0.77175,0.22867,0.0
-0.77175,0.25725,0.0
-0.77175,0.28583,0.0
-0.77175,0.31442,0.0
-0.77175,0.343,0.0
-0.77175,0.37158,0.0
-0.77175,0.40016,0.0
-0.77175,0.42875,0.0
-0.77175,0.45733,0.0
-0.77175,0.48591,0.0
-0.77175,0.5145,0.0
-0.77175,0.54308,0.0
-0.77175,0.57166,0.0
-0.77175,0.60025,0.0
-0.77175,0.62883,0.0
-0.77175,0.65741,0.0
-0.77175,0.686,0.0
-0.77175,0.71458,0.0
-0.77175,0.74316,0.0
-0.77175,0.77175,0.0
-0.77175,0.80033,0.0
-0.77175,0.82891,0.0
-0.77175,0.8575,0.0
-0.77175,0.88608,0.0
-0.77175,0.91466,0.0
-0.77175,0.94325,0.0
-0.77175,0.97183,0.0
-0.77175,1.00041,0.0
-0.77175,1.029,0.0
-0.77175,1.05758,0.0
-0.77175,1.08616,0.0
-0.77175,1.11474,0.0
-0.77175,1.14333,0.0
-0.77175,1.17191,0.0
-0.77175,1.20049,0.0
-0.77175,1.22908,0.0
-0.77175,1.25766,0.0
-0.77175,1.28624,0.0
-0.77175,1.31483,0.0
-0.77175,1.34341,0.0
-0.77175,1.37199,0.0
-0.77175,1.40058,0.0
-0.77175,1.42916,0.0
-0.77175,1.45774,0.0
-0.77175,1.48633,0.0
-0.77175,1.51491,0.0
-0.77175,1.54349,0.0
-0.77175,1.57208,0.0
-0.77175,1.60066,0.0
-0.77175,1.62924,0.0
-0.77175,1.65783,0.0
-0.77175,1.68641,0.0
-0.77175,1.71499,0.0
-0.77175,1.74358,0.0
-0.77175,1.77216,0.0
-0.77175,1.80074,0.0
-0.77175,1.82933,0.0
-0.77175,1.85791,0.0
-0.77175,1.88649,0.0
-0.77175,1.91507,0.0
-0.77175,1.94366,0.0
-0.77175,1.97224,0.0
-0.77175,2.00082,0.0
-0.77175,2.02941,0.0
-0.77175,2.05799,0.0
-0.77175,2.08657,0.0
-0.77175,2.11516,0.0
-0.77175,2.14374,0.0
-0.77175,2.17232,0.0
-0.77175,2.20091,0.0
-0.77175,2.22949,0.0
-0.77175,2.25807,0.0
-0.77175,2.28666,0.0
-0.77175,2.31524,0.0
-0.77175,2.34382,0.0
-0.77175,2.37241,0.0
-0.77175,2.40099,0.0
-0.77175,2.42957,0.0
-0.77175,2.45816,0.0
-0.77175,2.48674,0.0
-0.77175,2.51532,0.0
-0.77175,2.54391,0.0
-0.77175,2.57249,0.0
-0.77175,2.60107,0.0
-0.77175,2.62965,0.0
-0.77175,2.65824,0.0
-0.77175,2.68682,0.0
-0.74316,-2.68682,0.0
-0.74316,-2.65824,0.0
-0.74316,-2.62965,0.0
-0.74316,-2.60107,0.0
-0.74316,-2.57249,0.0
-0.74316,-2.54391,0.0
-0.74316,-2.51532,0.0
-0.74316,-2.48674,0.0
-0.74316,-2.45816,0.0
-0.74316,-2.42957,0.0
-0.74316,-2.40099,0.0
-0.74316,-2.37241,0.0
-0.74316,-2.34382,0.0
-0.74316,-2.31524,0.0
-0.74316,-2.28666,0.0
-0.74316,-2.25807,0.0
-0.74316,-2.22949,0.0
-0.74316,-2.20091,0.0
-0.74316,-2.17232,0.0
-0.74316,-2.14374,0.0
-0.74316,-2.11516,0.0
-0.74316,-2.08657,0.0
-0.74316,-2.05799,0.0
-0.74316,-2.02941,0.0
-0.74316,-2.00082,0.0
-0.74316,-1.97224,0.0
-0.74316,-1.94366,0.0
-0.74316,-1.91507,0.0
-0.74316,-1.88649,0.0
-0.74316,-1.85791,0.0
-0.74316,-1.82933,0.0
-0.74316,-1.80074,0.0
-0.74316,-1.77216,0.0
-0.74316,-1.74358,0.0
-0.74316,-1.71499,0.0
-0.74316,-1.68641,0.0
-0.74316,-1.65783,0.0
-0.74316,-1.62924,0.0
-0.74316,-1.60066,0.0
-0.74316,-1.57208,0.0
-0.74316,-1.54349,0.0
-0.74316,-1.51491,0.0
-0.74316,-1.48633,0.0
-0.74316,-1.45774,0.0
-0.74316,-1.42916,0.0
-0.74316,-1.40058,0.0
-0.74316,-1.37199,0.0
-0.74316,-1.34341,0.0
-0.74316,-1.31483,0.0
-0.74316,-1.28624,0.0
-0.74316,-1.25766,0.0
-0.74316,-1.22908,0.0
-0.74316,-1.20049,0.0
-0.74316,-1.17191,0.0
-0.74316,-1.14333,0.0
-0.74316,-1.11474,0.0
-0.74316,-1.08616,0.0
-0.74316,-1.05758,0.0
-0.74316,-1.029,0.0
-0.74316,-1.00041,0.0
-0.74316,-0.97183,0.0
-0.74316,-0.94325,0.0
-0.74316,-0.91466,0.0
-0.74316,-0.88608,0.0
-0.74316,-0.8575,0.0
-0.74316,-0.82891,0.0
-0.74316,-0.80033,0.0
-0.74316,-0.77175,0.0
-0.74316,-0.74316,0.0
-0.74316,-0.71458,0.0
-0.74316,-0.686,0.0
-0.74316,-0.65741,0.0
-0.74316,-0.62883,0.0
-0.74316,-0.60025,0.0
-0.74316,-0.57166,0.0
-0.74316,-0.54308,0.0
-0.74316,-0.5145,0.0
-0.74316,-0.48591,0.0
-0.74316,-0.45733,0.0
-0.74316,-0.42875,0.0
-0.74316,-0.40016,0.0
-0.74316,-0.37158,0.0
-0.74316,-0.343,0.0
-0.74316,-0.31442,0.0
-0.74316,-0.28583,0.0
-0.74316,-0.25725,0.0
-0.74316,-0.22867,0.0
-0.74316,-0.20008,0.0
-0.74316,-0.1715,0.0
-0.74316,-0.14292,0.0
-0.74316,-0.11433,0.0
-0.74316,-0.08575,0.0
-0.74316,-0.05717,0.0
-0.74316,-0.02858,0.0
-0.74316,0,0.0
-0.74316,0.02858,0.0
-0.74316,0.05717,0.0
-0.74316,0.08575,0.0
-0.74316,0.11433,0.0
-0.74316,0.14292,0.0
-0.74316,0.1715,0.0
-0.74316,0.20008,0.0
-0.74316,0.22867,0.0
-0.74316,0.25725,0.0
-0.74316,0.28583,0.0
-0.74316,0.31442,0.0
-0.74316,0.343,0.0
-0.74316,0.37158,0.0
-0.74316,0.40016,0.0
-0.74316,0.42875,0.0
-0.74316,0.45733,0.0
-0.74316,0.48591,0.0
-0.74316,0.5145,0.0
-0.74316,0.54308,0.0
-0.74316,0.57166,0.0
-0.74316,0.60025,0.0
-0.74316,0.62883,0.0
-0.74316,0.65741,0.0
-0.74316,0.686,0.0
-0.74316,0.71458,0.0
-0.74316,0.74316,0.0
-0.74316,0.77175,0.0
-0.74316,0.80033,0.0
-0.74316,0.82891,0.0
-0.74316,0.8575,0.0
-0.74316,0.88608,0.0
-0.74316,0.91466,0.0
-0.74316,0.94325,0.0
-0.74316,0.97183,0.0
-0.74316,1.00041,0.0
-0.74316,1.029,0.0
-0.74316,1.05758,0.0
-0.74316,1.08616,0.0
-0.74316,1.11474,0.0
-0.74316,1.14333,0.0
-0.74316,1.17191,0.0
-0.74316,1.20049,0.0
-0.74316,1.22908,0.0
-0.74316,1.25766,0.0
-0.74316,1.28624,0.0
-0.74316,1.31483,0.0
-0.74316,1.34341,0.0
-0.74316,1.37199,0.0
-0.74316,1.40058,0.0
-0.74316,1.42916,0.0
-0.74316,1.45774,0.0
-0.74316,1.48633,0.0
-0.74316,1.51491,0.0
-0.74316,1.54349,0.0
-0.74316,1.57208,0.0
-0.74316,1.60066,0.0
-0.74316,1.62924,0.0
-0.74316,1.65783,0.0
-0.74316,1.68641,0.0
-0.74316,1.71499,0.0
-0.74316,1.74358,0.0
-0.74316,1.77216,0.0
-0.74316,1.80074,0.0
-0.74316,1.82933,0.0
-0.74316,1.85791,0.0
-0.74316,1.88649,0.0
-0.74316,1.91507,0.0
-0.74316,1.94366,0.0
-0.74316,1.97224,0.0
-0.74316,2.00082,0.0
-0.74316,2.02941,0.0
-0.74316,2.05799,0.0
-0.74316,2.08657,0.0
-0.74316,2.11516,0.0
-0.74316,2.14374,0.0
-0.74316,2.17232,0.0
-0.74316,2.20091,0.0
-0.74316,2.22949,0.0
-0.74316,2.25807,0.0
-0.74316,2.28666,0.0
-0.74316,2.31524,0.0
-0.74316,2.34382,0.0
-0.74316,2.37241,0.0
-0.74316,2.40099,0.0
-0.74316,2.42957,0.0
-0.74316,2.45816,0.0
-0.74316,2.48674,0.0
-0.74316,2.51532,0.0
-0.74316,2.54391,0.0
-0.74316,2.57249,0.0
-0.74316,2.60107,0.0
-0.74316,2.62965,0.0
-0.74316,2.65824,0.0
-0.74316,2.68682,0.0
-0.71458,-2.68682,0.0
-0.71458,-2.65824,0.0
-0.71458,-2.62965,0.0
-0.71458,-2.60107,0.0
-0.71458,-2.57249,0.0
-0.71458,-2.54391,0.0
-0.71458,-2.51532,0.0
-0.71458,-2.48674,0.0
-0.71458,-2.45816,0.0
-0.71458,-2.42957,0.0
-0.71458,-2.40099,0.0
-0.71458,-2.37241,0.0
-0.71458,-2.34382,0.0
-0.71458,-2.31524,0.0
-0.71458,-2.28666,0.0
-0.71458,-2.25807,0.0
-0.71458,-2.22949,0.0
-0.71458,-2.20091,0.0
-0.71458,-2.17232,0.0
-0.71458,-2.14374,0.0
-0.71458,-2.11516,0.0
-0.71458,-2.08657,0.0
-0.71458,-2.05799,0.0
-0.71458,-2.02941,0.0
-0.71458,-2.00082,0.0
-0.71458,-1.97224,0.0
-0.71458,-1.94366,0.0
-0.71458,-1.91507,0.0
-0.71458,-1.88649,0.0
-0.71458,-1.85791,0.0
-0.71458,-1.82933,0.0
-0.71458,-1.80074,0.0
-0.71458,-1.77216,0.0
-0.71458,-1.74358,0.0
-0.71458,-1.71499,0.0
-0.71458,-1.68641,0.0
-0.71458,-1.65783,0.0
-0.71458,-1.62924,0.0
-0.71458,-1.60066,0.0
-0.71458,-1.57208,0.0
-0.71458,-1.54349,0.0
-0.71458,-1.51491,0.0
-0.71458,-1.48633,0.0
-0.71458,-1.45774,0.0
-0.71458,-1.42916,0.0
-0.71458,-1.40058,0.0
-0.71458,-1.37199,0.0
-0.71458,-1.34341,0.0
-0.71458,-1.31483,0.0
-0.71458,-1.28624,0.0
-0.71458,-1.25766,0.0
-0.71458,-1.22908,0.0
-0.71458,-1.20049,0.0
-0.71458,-1.17191,0.0
-0.71458,-1.14333,0.0
-0.71458,-1.11474,0.0
-0.71458,-1.08616,0.0
-0.71458,-1.05758,0.0
-0.71458,-1.029,0.0
-0.71458,-1.00041,0.0
-0.71458,-0.97183,0.0
-0.71458,-0.94325,0.0
-0.71458,-0.91466,0.0
-0.71458,-0.88608,0.0
-0.71458,-0.8575,0.0
-0.71458,-0.82891,0.0
-0.71458,-0.80033,0.0
-0.71458,-0.77175,0.0
-0.71458,-0.74316,0.0
-0.71458,-0.71458,0.0
-0.71458,-0.686,0.0
-0.71458,-0.65741,0.0
-0.71458,-0.62883,0.0
-0.71458,-0.60025,0.0
-0.71458,-0.57166,0.0
-0.71458,-0.54308,0.0
-0.71458,-0.5145,0.0
-0.71458,-0.48591,0.0
-0.71458,-0.45733,0.0
-0.71458,-0.42875,0.0
-0.71458,-0.40016,0.0
-0.71458,-0.37158,0.0
-0.71458,-0.343,0.0
-0.71458,-0.31442,0.0
-0.71458,-0.28583,0.0
-0.71458,-0.25725,0.0
-0.71458,-0.22867,0.0
-0.71458,-0.20008,0.0
-0.71458,-0.1715,0.0
-0.71458,-0.14292,0.0
-0.71458,-0.11433,0.0
-0.71458,-0.08575,0.0
-0.71458,-0.05717,0.0
-0.71458,-0.02858,0.0
-0.71458,0,0.0
-0.71458,0.02858,0.0
-0.71458,0.05717,0.0
-0.71458,0.08575,0.0
-0.71458,0.11433,0.0
-0.71458,0.14292,0.0
-0.71458,0.1715,0.0
-0.71458,0.20008,0.0
-0.71458,0.22867,0.0
-0.71458,0.25725,0.0
-0.71458,0.28583,0.0
-0.71458,0.31442,0.0
-0.71458,0.343,0.0
-0.71458,0.37158,0.0
-0.71458,0.40016,0.0
-0.71458,0.42875,0.0
-0.71458,0.45733,0.0
-0.71458,0.48591,0.0
-0.71458,0.5145,0.0
-0.71458,0.54308,0.0
-0.71458,0.57166,0.0
-0.71458,0.60025,0.0
-0.71458,0.62883,0.0
-0.71458,0.65741,0.0
-0.71458,0.686,0.0
-0.71458,0.71458,0.0
-0.71458,0.74316,0.0
-0.71458,0.77175,0.0
-0.71458,0.80033,0.0
-0.71458,0.82891,0.0
-0.71458,0.8575,0.0
-0.71458,0.88608,0.0
-0.71458,0.91466,0.0
-0.71458,0.94325,0.0
-0.71458,0.97183,0.0
-0.71458,1.00041,0.0
-0.71458,1.029,0.0
-0.71458,1.05758,0.0
-0.71458,1.08616,0.0
-0.71458,1.11474,0.0
-0.71458,1.14333,0.0
-0.71458,1.17191,0.0
-0.71458,1.20049,0.0
-0.71458,1.22908,0.0
-0.71458,1.25766,0.0
-0.71458,1.28624,0.0
-0.71458,1.31483,0.0
-0.71458,1.34341,0.0
-0.71458,1.37199,0.0
-0.71458,1.40058,0.0
-0.71458,1.42916,0.0
-0.71458,1.45774,0.0
-0.71458,1.48633,0.0
-0.71458,1.51491,0.0
-0.71458,1.54349,0.0
-0.71458,1.57208,0.0
-0.71458,1.60066,0.0
-0.71458,1.62924,0.0
-0.71458,1.65783,0.0
-0.71458,1.68641,0.0
-0.71458,1.71499,0.0
-0.71458,1.74358,0.0
-0.71458,1.77216,0.0
-0.71458,1.80074,0.0
-0.71458,1.82933,0.0
-0.71458,1.85791,0.0
-0.71458,1.88649,0.0
-0.71458,1.91507,0.0
-0.71458,1.94366,0.0
-0.71458,1.97224,0.0
-0.71458,2.00082,0.0
-0.71458,2.02941,0.0
-0.71458,2.05799,0.0
-0.71458,2.08657,0.0
-0.71458,2.11516,0.0
-0.71458,2.14374,0.0
-0.71458,2.17232,0.0
-0.71458,2.20091,0.0
-0.71458,2.22949,0.0
-0.71458,2.25807,0.0
-0.71458,2.28666,0.0
-0.71458,2.31524,0.0
-0.71458,2.34382,0.0
-0.71458,2.37241,0.0
-0.71458,2.40099,0.0
-0.71458,2.42957,0.0
-0.71458,2.45816,0.0
-0.71458,2.48674,0.0
-0.71458,2.51532,0.0
-0.71458,2.54391,0.0
-0.71458,2.57249,0.0
-0.71458,2.60107,0.0
-0.71458,2.62965,0.0
-0.71458,2.65824,0.0
-0.71458,2.68682,0.0
-0.686,-2.68682,0.0
-0.686,-2.65824,0.0
-0.686,-2.62965,0.0
-0.686,-2.60107,0.0
-0.686,-2.57249,0.0
-0.686,-2.54391,0.0
-0.686,-2.51532,0.0
-0.686,-2.48674,0.0
-0.686,-2.45816,0.0
-0.686,-2.42957,0.0
-0.686,-2.40099,0.0
-0.686,-2.37241,0.0
-0.686,-2.34382,0.0
-0.686,-2.31524,0.0
-0.686,-2.28666,0.0
-0.686,-2.25807,0.0
-0.686,-2.22949,0.0
-0.686,-2.20091,0.0
-0.686,-2.17232,0.0
-0.686,-2.14374,0.0
-0.686,-2.11516,0.0
-0.686,-2.08657,0.0
-0.686,-2.05799,0.0
-0.686,-2.02941,0.0
-0.686,-2.00082,0.0
-0.686,-1.97224,0.0
-0.686,-1.94366,0.0
-0.686,-1.91507,0.0
-0.686,-1.88649,0.0
-0.686,-1.85791,0.0
-0.686,-1.82933,0.0
-0.686,-1.80074,0.0
-0.686,-1.77216,0.0
-0.686,-1.74358,0.0
-0.686,-1.71499,0.0
-0.686,-1.68641,0.0
-0.686,-1.65783,0.0
-0.686,-1.62924,0.0
-0.686,-1.60066,0.0
-0.686,-1.57208,0.0
-0.686,-1.54349,0.0
-0.686,-1.51491,0.0
-0.686,-1.48633,0.0
-0.686,-1.45774,0.0
-0.686,-1.42916,0.0
-0.686,-1.40058,0.0
-0.686,-1.37199,0.0
-0.686,-1.34341,0.0
-0.686,-1.31483,0.0
-0.686,-1.28624,0.0
-0.686,-1.25766,0.0
-0.686,-1.22908,0.0
-0.686,-1.20049,0.0
-0.686,-1.17191,0.0
-0.686,-1.14333,0.0
-0.686,-1.11474,0.0
-0.686,-1.08616,0.0
-0.686,-1.05758,0.0
-0.686,-1.029,0.0
-0.686,-1.00041,0.0
-0.686,-0.97183,0.0
-0.686,-0.94325,0.0
-0.686,-0.91466,0.0
-0.686,-0.88608,0.0
-0.686,-0.8575,0.0
-0.686,-0.82891,0.0
-0.686,-0.80033,0.0
-0.686,-0.77175,0.0
-0.686,-0.74316,0.0
-0.686,-0.71458,0.0
-0.686,-0.686,0.0
-0.686,-0.65741,0.0
-0.686,-0.62883,0.0
-0.686,-0.60025,0.0
-0.686,-0.57166,0.0
-0.686,-0.54308,0.0
-0.686,-0.5145,0.0
-0.686,-0.48591,0.0
-0.686,-0.45733,0.0
-0.686,-0.42875,0.0
-0.686,-0.40016,0.0
-0.686,-0.37158,0.0
-0.686,-0.343,0.0
-0.686,-0.31442,0.0
-0.686,-0.28583,0.0
-0.686,-0.25725,0.0
-0.686,-0.22867,0.0
-0.686,-0.20008,0.0
-0.686,-0.1715,0.0
-0.686,-0.14292,0.0
-0.686,-0.11433,0.0
-0.686,-0.08575,0.0
-0.686,-0.05717,0.0
-0.686,-0.02858,0.0
-0.686,0,0.0
-0.686,0.02858,0.0
-0.686,0.05717,0.0
-0.686,0.08575,0.0
-0.686,0.11433,0.0
-0.686,0.14292,0.0
-0.686,0.1715,0.0
-0.686,0.20008,0.0
-0.686,0.22867,0.0
-0.686,0.25725,0.0
-0.686,0.28583,0.0
-0.686,0.31442,0.0
-0.686,0.343,0.0
-0.686,0.37158,0.0
-0.686,0.40016,0.0
-0.686,0.42875,0.0
-0.686,0.45733,0.0
-0.686,0.48591,0.0
-0.686,0.5145,0.0
-0.686,0.54308,0.0
-0.686,0.57166,0.0
-0.686,0.60025,0.0
-0.686,0.62883,0.0
-0.686,0.65741,0.0
-0.686,0.686,0.0
-0.686,0.71458,0.0
-0.686,0.74316,0.0
-0.686,0.77175,0.0
-0.686,0.80033,0.0
-0.686,0.82891,0.0
-0.686,0.8575,0.0
-0.686,0.88608,0.0
-0.686,0.91466,0.0
-0.686,0.94325,0.0
-0.686,0.97183,0.0
-0.686,1.00041,0.0
-0.686,1.029,0.0
-0.686,1.05758,0.0
-0.686,1.08616,0.0
-0.686,1.11474,0.0
-0.686,1.14333,0.0
-0.686,1.17191,0.0
-0.686,1.20049,0.0
-0.686,1.22908,0.0
-0.686,1.25766,0.0
-0.686,1.28624,0.0
-0.686,1.31483,0.0
-0.686,1.34341,0.0
-0.686,1.37199,0.0
-0.686,1.40058,0.0
-0.686,1.42916,0.0
-0.686,1.45774,0.0
-0.686,1.48633,0.0
-0.686,1.51491,0.0
-0.686,1.54349,0.0
-0.686,1.57208,0.0
-0.686,1.60066,0.0
-0.686,1.62924,0.0
-0.686,1.65783,0.0
-0.686,1.68641,0.0
-0.686,1.71499,0.0
-0.686,1.74358,0.0
-0.686,1.77216,0.0
-0.686,1.80074,0.0
-0.686,1.82933,0.0
-0.686,1.85791,0.0
-0.686,1.88649,0.0
-0.686,1.91507,0.0
-0.686,1.94366,0.0
-0.686,1.97224,0.0
-0.686,2.00082,0.0
-0.686,2.02941,0.0
-0.686,2.05799,0.0
-0.686,2.08657,0.0
-0.686,2.11516,0.0
-0.686,2.14374,0.0
-0.686,2.17232,0.0
-0.686,2.20091,0.0
-0.686,2.22949,0.0
-0.686,2.25807,0.0
-0.686,2.28666,0.0
-0.686,2.31524,0.0
-0.686,2.34382,0.0
-0.686,2.37241,0.0
-0.686,2.40099,0.0
-0.686,2.42957,0.0
-0.686,2.45816,0.0
-0.686,2.48674,0.0
-0.686,2.51532,0.0
-0.686,2.54391,0.0
-0.686,2.57249,0.0
-0.686,2.60107,0.0
-0.686,2.62965,0.0
-0.686,2.65824,0.0
-0.686,2.68682,0.0
-0.65741,-2.7154,0.0
-0.65741,-2.68682,0.0
-0.65741,-2.65824,0.0
-0.65741,-2.62965,0.0
-0.65741,-2.60107,0.0
-0.65741,-2.57249,0.0
-0.65741,-2.54391,0.0
-0.65741,-2.51532,0.0
-0.65741,-2.48674,0.0
-0.65741,-2.45816,0.0
-0.65741,-2.42957,0.0
-0.65741,-2.40099,0.0
-0.65741,-2.37241,0.0
-0.65741,-2.34382,0.0
-0.65741,-2.31524,0.0
-0.65741,-2.28666,0.0
-0.65741,-2.25807,0.0
-0.65741,-2.22949,0.0
-0.65741,-2.20091,0.0
-0.65741,-2.17232,0.0
-0.65741,-2.14374,0.0
-0.65741,-2.11516,0.0
-0.65741,-2.08657,0.0
-0.65741,-2.05799,0.0
-0.65741,-2.02941,0.0
-0.65741,-2.00082,0.0
-0.65741,-1.97224,0.0
-0.65741,-1.94366,0.0
-0.65741,-1.91507,0.0
-0.65741,-1.88649,0.0
-0.65741,-1.85791,0.0
-0.65741,-1.82933,0.0
-0.65741,-1.80074,0.0
-0.65741,-1.77216,0.0
-0.65741,-1.74358,0.0
-0.65741,-1.71499,0.0
-0.65741,-1.68641,0.0
-0.65741,-1.65783,0.0
-0.65741,-1.62924,0.0
-0.65741,-1.60066,0.0
-0.65741,-1.57208,0.0
-0.65741,-1.54349,0.0
-0.65741,-1.51491,0.0
-0.65741,-1.48633,0.0
-0.65741,-1.45774,0.0
-0.65741,-1.42916,0.0
-0.65741,-1.40058,0.0
-0.65741,-1.37199,0.0
-0.65741,-1.34341,0.0
-0.65741,-1.31483,0.0
-0.65741,-1.28624,0.0
-0.65741,-1.25766,0.0
-0.65741,-1.22908,0.0
-0.65741,-1.20049,0.0
-0.65741,-1.17191,0.0
-0.65741,-1.14333,0.0
-0.65741,-1.11474,0.0
-0.65741,-1.08616,0.0
-0.65741,-1.05758,0.0
-0.65741,-1.029,0.0
-0.65741,-1.00041,0.0
-0.65741,-0.97183,0.0
-0.65741,-0.94325,0.0
-0.65741,-0.91466,0.0
-0.65741,-0.88608,0.0
-0.65741,-0.8575,0.0
-0.65741,-0.82891,0.0
-0.65741,-0.80033,0.0
-0.65741,-0.77175,0.0
-0.65741,-0.74316,0.0
-0.65741,-0.71458,0.0
-0.65741,-0.686,0.0
-0.65741,-0.65741,0.0
-0.65741,-0.62883,0.0
-0.65741,-0.60025,0.0
-0.65741,-0.57166,0.0
-0.65741,-0.54308,0.0
-0.65741,-0.5145,0.0
-0.65741,-0.48591,0.0
-0.65741,-0.45733,0.0
-0.65741,-0.42875,0.0
-0.65741,-0.40016,0.0
-0.65741,-0.37158,0.0
-0.65741,-0.343,0.0
-0.65741,-0.31442,0.0
-0.65741,-0.28583,0.0
-0.65741,-0.25725,0.0
-0.65741,-0.22867,0.0
-0.65741,-0.20008,0.0
-0.65741,-0.1715,0.0
-0.65741,-0.14292,0.0
-0.65741,-0.11433,0.0
-0.65741,-0.08575,0.0
-0.65741,-0.05717,0.0
-0.65741,-0.02858,0.0
-0.65741,0,0.0
-0.65741,0.02858,0.0
-0.65741,0.05717,0.0
-0.65741,0.08575,0.0
-0.65741,0.11433,0.0
-0.65741,0.14292,0.0
-0.65741,0.1715,0.0
-0.65741,0.20008,0.0
-0.65741,0.22867,0.0
-0.65741,0.25725,0.0
-0.65741,0.28583,0.0
-0.65741,0.31442,0.0
-0.65741,0.343,0.0
-0.65741,0.37158,0.0
-0.65741,0.40016,0.0
-0.65741,0.42875,0.0
-0.65741,0.45733,0.0
-0.65741,0.48591,0.0
-0.65741,0.5145,0.0
-0.65741,0.54308,0.0
-0.65741,0.57166,0.0
-0.65741,0.60025,0.0
-0.65741,0.62883,0.0
-0.65741,0.65741,0.0
-0.65741,0.686,0.0
-0.65741,0.71458,0.0
-0.65741,0.74316,0.0
-0.65741,0.77175,0.0
-0.65741,0.80033,0.0
-0.65741,0.82891,0.0
-0.65741,0.8575,0.0
-0.65741,0.88608,0.0
-0.65741,0.91466,0.0
-0.65741,0.94325,0.0
-0.65741,0.97183,0.0
-0.65741,1.00041,0.0
-0.65741,1.029,0.0
-0.65741,1.05758,0.0
-0.65741,1.08616,0.0
-0.65741,1.11474,0.0
-0.65741,1.14333,0.0
-0.65741,1.17191,0.0
-0.65741,1.20049,0.0
-0.65741,1.22908,0.0
-0.65741,1.25766,0.0
-0.65741,1.28624,0.0
-0.65741,1.31483,0.0
-0.65741,1.34341,0.0
-0.65741,1.37199,0.0
-0.65741,1.40058,0.0
-0.65741,1.42916,0.0
-0.65741,1.45774,0.0
-0.65741,1.48633,0.0
-0.65741,1.51491,0.0
-0.65741,1.54349,0.0
-0.65741,1.57208,0.0
-0.65741,1.60066,0.0
-0.65741,1.62924,0.0
-0.65741,1.65783,0.0
-0.65741,1.68641,0.0
-0.65741,1.71499,0.0
-0.65741,1.74358,0.0
-0.65741,1.77216,0.0
-0.65741,1.80074,0.0
-0.65741,1.82933,0.0
-0.65741,1.85791,0.0
-0.65741,1.88649,0.0
-0.65741,1.91507,0.0
-0.65741,1.94366,0.0
-0.65741,1.97224,0.0
-0.65741,2.00082,0.0
-0.65741,2.02941,0.0
-0.65741,2.05799,0.0
-0.65741,2.08657,0.0
-0.65741,2.11516,0.0
-0.65741,2.14374,0.0
-0.65741,2.17232,0.0
-0.65741,2.20091,0.0
-0.65741,2.22949,0.0
-0.65741,2.25807,0.0
-0.65741,2.28666,0.0
-0.65741,2.31524,0.0
-0.65741,2.34382,0.0
-0.65741,2.37241,0.0
-0.65741,2.40099,0.0
-0.65741,2.42957,0.0
-0.65741,2.45816,0.0
-0.65741,2.48674,0.0
-0.65741,2.51532,0.0
-0.65741,2.54391,0.0
-0.65741,2.57249,0.0
-0.65741,2.60107,0.0
-0.65741,2.62965,0.0
-0.65741,2.65824,0.0
-0.65741,2.68682,0.0
-0.65741,2.7154,0.0
-0.62883,-2.7154,0.0
-0.62883,-2.68682,0.0
-0.62883,-2.65824,0.0
-0.62883,-2.62965,0.0
-0.62883,-2.60107,0.0
-0.62883,-2.57249,0.0
-0.62883,-2.54391,0.0
-0.62883,-2.51532,0.0
-0.62883,-2.48674,0.0
-0.62883,-2.45816,0.0
-0.62883,-2.42957,0.0
-0.62883,-2.40099,0.0
-0.62883,-2.37241,0.0
-0.62883,-2.34382,0.0
-0.62883,-2.31524,0.0
-0.62883,-2.28666,0.0
-0.62883,-2.25807,0.0
-0.62883,-2.22949,0.0
-0.62883,-2.20091,0.0
-0.62883,-2.17232,0.0
-0.62883,-2.14374,0.0
-0.62883,-2.11516,0.0
-0.62883,-2.08657,0.0
-0.62883,-2.05799,0.0
-0.62883,-2.02941,0.0
-0.62883,-2.00082,0.0
-0.62883,-1.97224,0.0
-0.62883,-1.94366,0.0
-0.62883,-1.91507,0.0
-0.62883,-1.88649,0.0
-0.62883,-1.85791,0.0
-0.62883,-1.82933,0.0
-0.62883,-1.80074,0.0
-0.62883,-1.77216,0.0
-0.62883,-1.74358,0.0
-0.62883,-1.71499,0.0
-0.62883,-1.68641,0.0
-0.62883,-1.65783,0.0
-0.62883,-1.62924,0.0
-0.62883,-1.60066,0.0
-0.62883,-1.57208,0.0
-0.62883,-1.54349,0.0
-0.62883,-1.51491,0.0
-0.62883,-1.48633,0.0
-0.62883,-1.45774,0.0
-0.62883,-1.42916,0.0
-0.62883,-1.40058,0.0
-0.62883,-1.37199,0.0
-0.62883,-1.34341,0.0
-0.62883,-1.31483,0.0
-0.62883,-1.28624,0.0
-0.62883,-1.25766,0.0
-0.62883,-1.22908,0.0
-0.62883,-1.20049,0.0
-0.62883,-1.17191,0.0
-0.62883,-1.14333,0.0
-0.62883,-1.11474,0.0
-0.62883,-1.08616,0.0
-0.62883,-1.05758,0.0
-0.62883,-1.029,0.0
-0.62883,-1.00041,0.0
-0.62883,-0.97183,0.0
-0.62883,-0.94325,0.0
-0.62883,-0.91466,0.0
-0.62883,-0.88608,0.0
-0.62883,-0.8575,0.0
-0.62883,-0.82891,0.0
-0.62883,-0.80033,0.0
-0.62883,-0.77175,0.0
-0.62883,-0.74316,0.0
-0.62883,-0.71458,0.0
-0.62883,-0.686,0.0
-0.62883,-0.65741,0.0
-0.62883,-0.62883,0.0
-0.62883,-0.60025,0.0
-0.62883,-0.57166,0.0
-0.62883,-0.54308,0.0
-0.62883,-0.5145,0.0
-0.62883,-0.48591,0.0
-0.62883,-0.45733,0.0
-0.62883,-0.42875,0.0
-0.62883,-0.40016,0.0
-0.62883,-0.37158,0.0
-0.62883,-0.343,0.0
-0.62883,-0.31442,0.0
-0.62883,-0.28583,0.0
-0.62883,-0.25725,0.0
-0.62883,-0.22867,0.0
-0.62883,-0.20008,0.0
-0.62883,-0.1715,0.0
-0.62883,-0.14292,0.0
-0.62883,-0.11433,0.0
-0.62883,-0.08575,0.0
-0.62883,-0.05717,0.0
-0.62883,-0.02858,0.0
-0.62883,0,0.0
-0.62883,0.02858,0.0
-0.62883,0.05717,0.0
-0.62883,0.08575,0.0
-0.62883,0.11433,0.0
-0.62883,0.14292,0.0
-0.62883,0.1715,0.0
-0.62883,0.20008,0.0
-0.62883,0.22867,0.0
-0.62883,0.25725,0.0
-0.62883,0.28583,0.0
-0.62883,0.31442,0.0
-0.62883,0.343,0.0
-0.62883,0.37158,0.0
-0.62883,0.40016,0.0
-0.62883,0.42875,0.0
-0.62883,0.45733,0.0
-0.62883,0.48591,0.0
-0.62883,0.5145,0.0
-0.62883,0.54308,0.0
-0.62883,0.57166,0.0
-0.62883,0.60025,0.0
-0.62883,0.62883,0.0
-0.62883,0.65741,0.0
-0.62883,0.686,0.0
-0.62883,0.71458,0.0
-0.62883,0.74316,0.0
-0.62883,0.77175,0.0
-0.62883,0.80033,0.0
-0.62883,0.82891,0.0
-0.62883,0.8575,0.0
-0.62883,0.88608,0.0
-0.62883,0.91466,0.0
-0.62883,0.94325,0.0
-0.62883,0.97183,0.0
-0.62883,1.00041,0.0
-0.62883,1.029,0.0
-0.62883,1.05758,0.0
-0.62883,1.08616,0.0
-0.62883,1.11474,0.0
-0.62883,1.14333,0.0
-0.62883,1.17191,0.0
-0.62883,1.20049,0.0
-0.62883,1.22908,0.0
-0.62883,1.25766,0.0
-0.62883,1.28624,0.0
-0.62883,1.31483,0.0
-0.62883,1.34341,0.0
-0.62883,1.37199,0.0
-0.62883,1.40058,0.0
-0.62883,1.42916,0.0
-0.62883,1.45774,0.0
-0.62883,1.48633,0.0
-0.62883,1.51491,0.0
-0.62883,1.54349,0.0
-0.62883,1.57208,0.0
-0.62883,1.60066,0.0
-0.62883,1.62924,0.0
-0.62883,1.65783,0.0
-0.62883,1.68641,0.0
-0.62883,1.71499,0.0
-0.62883,1.74358,0.0
-0.62883,1.77216,0.0
-0.62883,1.80074,0.0
-0.62883,1.82933,0.0
-0.62883,1.85791,0.0
-0.62883,1.88649,0.0
-0.62883,1.91507,0.0
-0.62883,1.94366,0.0
-0.62883,1.97224,0.0
-0.62883,2.00082,0.0
-0.62883,2.02941,0.0
-0.62883,2.05799,0.0
-0.62883,2.08657,0.0
-0.62883,2.11516,0.0
-0.62883,2.14374,0.0
-0.62883,2.17232,0.0
-0.62883,2.20091,0.0
-0.62883,2.22949,0.0
-0.62883,2.25807,0.0
-0.62883,2.28666,0.0
-0.62883,2.31524,0.0
-0.62883,2.34382,0.0
-0.62883,2.37241,0.0
-0.62883,2.40099,0.0
-0.62883,2.42957,0.0
-0.62883,2.45816,0.0
-0.62883,2.48674,0.0
-0.62883,2.51532,0.0
-0.62883,2.54391,0.0
-0.62883,2.57249,0.0
-0.62883,2.60107,0.0
-0.62883,2.62965,0.0
-0.62883,2.65824,0.0
-0.62883,2.68682,0.0
-0.62883,2.7154,0.0
-0.60025,-2.7154,0.0
-0.60025,-2.68682,0.0
-0.60025,-2.65824,0.0
-0.60025,-2.62965,0.0
-0.60025,-2.60107,0.0
-0.60025,-2.57249,0.0
-0.60025,-2.54391,0.0
-0.60025,-2.51532,0.0
-0.60025,-2.48674,0.0
-0.60025,-2.45816,0.0
-0.60025,-2.42957,0.0
-0.60025,-2.40099,0.0
-0.60025,-2.37241,0.0
-0.60025,-2.34382,0.0
-0.60025,-2.31524,0.0
-0.60025,-2.28666,0.0
-0.60025,-2.25807,0.0
-0.60025,-2.22949,0.0
-0.60025,-2.20091,0.0
-0.60025,-2.17232,0.0
-0.60025,-2.14374,0.0
-0.60025,-2.11516,0.0
-0.60025,-2.08657,0.0
-0.60025,-2.05799,0.0
-0.60025,-2.02941,0.0
-0.60025,-2.00082,0.0
-0.60025,-1.97224,0.0
-0.60025,-1.94366,0.0
-0.60025,-1.91507,0.0
-0.60025,-1.88649,0.0
-0.60025,-1.85791,0.0
-0.60025,-1.82933,0.0
-0.60025,-1.80074,0.0
-0.60025,-1.77216,0.0
-0.60025,-1.74358,0.0
-0.60025,-1.71499,0.0
-0.60025,-1.68641,0.0
-0.60025,-1.65783,0.0
-0.60025,-1.62924,0.0
-0.60025,-1.60066,0.0
-0.60025,-1.57208,0.0
-0.60025,-1.54349,0.0
-0.60025,-1.51491,0.0
-0.60025,-1.48633,0.0
-0.60025,-1.45774,0.0
-0.60025,-1.42916,0.0
-0.60025,-1.40058,0.0
-0.60025,-1.37199,0.0
-0.60025,-1.34341,0.0
-0.60025,-1.31483,0.0
-0.60025,-1.28624,0.0
-0.60025,-1.25766,0.0
-0.60025,-1.22908,0.0
-0.60025,-1.20049,0.0
-0.60025,-1.17191,0.0
-0.60025,-1.14333,0.0
-0.60025,-1.11474,0.0
-0.60025,-1.08616,0.0
-0.60025,-1.05758,0.0
-0.60025,-1.029,0.0
-0.60025,-1.00041,0.0
-0.60025,-0.97183,0.0
-0.60025,-0.94325,0.0
-0.60025,-0.91466,0.0
-0.60025,-0.88608,0.0
-0.60025,-0.8575,0.0
-0.60025,-0.82891,0.0
-0.60025,-0.80033,0.0
-0.60025,-0.77175,0.0
-0.60025,-0.74316,0.0
-0.60025,-0.71458,0.0
-0.60025,-0.686,0.0
-0.60025,-0.65741,0.0
-0.60025,-0.62883,0.0
-0.60025,-0.60025,0.0
-0.60025,-0.57166,0.0
-0.60025,-0.54308,0.0
-0.60025,-0.5145,0.0
-0.60025,-0.48591,0.0
-0.60025,-0.45733,0.0
-0.60025,-0.42875,0.0
-0.60025,-0.40016,0.0
-0.60025,-0.37158,0.0
-0.60025,-0.343,0.0
-0.60025,-0.31442,0.0
-0.60025,-0.28583,0.0
-0.60025,-0.25725,0.0
-0.60025,-0.22867,0.0
-0.60025,-0.20008,0.0
-0.60025,-0.1715,0.0
-0.60025,-0.14292,0.0
-0.60025,-0.11433,0.0
-0.60025,-0.08575,0.0
-0.60025,-0.05717,0.0
-0.60025,-0.02858,0.0
-0.60025,0,0.0
-0.60025,0.02858,0.0
-0.60025,0.05717,0.0
-0.60025,0.08575,0.0
-0.60025,0.11433,0.0
-0.60025,0.14292,0.0
-0.60025,0.1715,0.0
-0.60025,0.20008,0.0
-0.60025,0.22867,0.0
-0.60025,0.25725,0.0
-0.60025,0.28583,0.0
-0.60025,0.31442,0.0
-0.60025,0.343,0.0
-0.60025,0.37158,0.0
-0.60025,0.40016,0.0
-0.60025,0.42875,0.0
-0.60025,0.45733,0.0
-0.60025,0.48591,0.0
-0.60025,0.5145,0.0
-0.60025,0.54308,0.0
-0.60025,0.57166,0.0
-0.60025,0.60025,0.0
-0.60025,0.62883,0.0
-0.60025,0.65741,0.0
-0.60025,0.686,0.0
-0.60025,0.71458,0.0
-0.60025,0.74316,0.0
-0.60025,0.77175,0.0
-0.60025,0.80033,0.0
-0.60025,0.82891,0.0
-0.60025,0.8575,0.0
-0.60025,0.88608,0.0
-0.60025,0.91466,0.0
-0.60025,0.94325,0.0
-0.60025,0.97183,0.0
-0.60025,1.00041,0.0
-0.60025,1.029,0.0
-0.60025,1.05758,0.0
-0.60025,1.08616,0.0
-0.60025,1.11474,0.0
-0.60025,1.14333,0.0
-0.60025,1.17191,0.0
-0.60025,1.20049,0.0
-0.60025,1.22908,0.0
-0.60025,1.25766,0.0
-0.60025,1.28624,0.0
-0.60025,1.31483,0.0
-0.60025,1.34341,0.0
-0.60025,1.37199,0.0
-0.60025,1.40058,0.0
-0.60025,1.42916,0.0
-0.60025,1.45774,0.0
-0.60025,1.48633,0.0
-0.60025,1.51491,0.0
-0.60025,1.54349,0.0
-0.60025,1.57208,0.0
-0.60025,1.60066,0.0
-0.60025,1.62924,0.0
-0.60025,1.65783,0.0
-0.60025,1.68641,0.0
-0.60025,1.71499,0.0
-0.60025,1.74358,0.0
-0.60025,1.77216,0.0
-0.60025,1.80074,0.0
-0.60025,1.82933,0.0
-0.60025,1.85791,0.0
-0.60025,1.88649,0.0
-0.60025,1.91507,0.0
-0.60025,1.94366,0.0
-0.60025,1.97224,0.0
-0.60025,2.00082,0.0
-0.60025,2.02941,0.0
-0.60025,2.05799,0.0
-0.60025,2.08657,0.0
-0.60025,2.11516,0.0
-0.60025,2.14374,0.0
-0.60025,2.17232,0.0
-0.60025,2.20091,0.0
-0.60025,2.22949,0.0
-0.60025,2.25807,0.0
-0.60025,2.28666,0.0
-0.60025,2.31524,0.0
-0.60025,2.34382,0.0
-0.60025,2.37241,0.0
-0.60025,2.40099,0.0
-0.60025,2.42957,0.0
-0.60025,2.45816,0.0
-0.60025,2.48674,0.0
-0.60025,2.51532,0.0
-0.60025,2.54391,0.0
-0.60025,2.57249,0.0
-0.60025,2.60107,0.0
-0.60025,2.62965,0.0
-0.60025,2.65824,0.0
-0.60025,2.68682,0.0
-0.60025,2.7154,0.0
-0.57166,-2.7154,0.0
-0.57166,-2.68682,0.0
-0.57166,-2.65824,0.0
-0.57166,-2.62965,0.0
-0.57166,-2.60107,0.0
-0.57166,-2.57249,0.0
-0.57166,-2.54391,0.0
-0.57166,-2.51532,0.0
-0.57166,-2.48674,0.0
-0.57166,-2.45816,0.0
-0.57166,-2.42957,0.0
-0.57166,-2.40099,0.0
-0.57166,-2.37241,0.0
-0.57166,-2.34382,0.0
-0.57166,-2.31524,0.0
-0.57166,-2.28666,0.0
-0.57166,-2.25807,0.0
-0.57166,-2.22949,0.0
-0.57166,-2.20091,0.0
-0.57166,-2.17232,0.0
-0.57166,-2.14374,0.0
-0.57166,-2.11516,0.0
-0.57166,-2.08657,0.0
-0.57166,-2.05799,0.0
-0.57166,-2.02941,0.0
-0.57166,-2.00082,0.0
-0.57166,-1.97224,0.0
-0.57166,-1.94366,0.0
-0.57166,-1.91507,0.0
-0.57166,-1.88649,0.0
-0.57166,-1.85791,0.0
-0.57166,-1.82933,0.0
-0.57166,-1.80074,0.0
-0.57166,-1.77216,0.0
-0.57166,-1.74358,0.0
-0.57166,-1.71499,0.0
-0.57166,-1.68641,0.0
-0.57166,-1.65783,0.0
-0.57166,-1.62924,0.0
-0.57166,-1.60066,0.0
-0.57166,-1.57208,0.0
-0.57166,-1.54349,0.0
-0.57166,-1.51491,0.0
-0.57166,-1.48633,0.0
-0.57166,-1.45774,0.0
-0.57166,-1.42916,0.0
-0.57166,-1.40058,0.0
-0.57166,-1.37199,0.0
-0.57166,-1.34341,0.0
-0.57166,-1.31483,0.0
-0.57166,-1.28624,0.0
-0.57166,-1.25766,0.0
-0.57166,-1.22908,0.0
-0.57166,-1.20049,0.0
-0.57166,-1.17191,0.0
-0.57166,-1.14333,0.0
-0.57166,-1.11474,0.0
-0.57166,-1.08616,0.0
-0.57166,-1.05758,0.0
-0.57166,-1.029,0.0
-0.57166,-1.00041,0.0
-0.57166,-0.97183,0.0
-0.57166,-0.94325,0.0
-0.57166,-0.91466,0.0
-0.57166,-0.88608,0.0
-0.57166,-0.8575,0.0
-0.57166,-0.82891,0.0
-0.57166,-0.80033,0.0
-0.57166,-0.77175,0.0
-0.57166,-0.74316,0.0
-0.57166,-0.71458,0.0
-0.57166,-0.686,0.0
-0.57166,-0.65741,0.0
-0.57166,-0.62883,0.0
-0.57166,-0.60025,0.0
-0.57166,-0.57166,0.0
-0.57166,-0.54308,0.0
-0.57166,-0.5145,0.0
-0.57166,-0.48591,0.0
-0.57166,-0.45733,0.0
-0.57166,-0.42875,0.0
-0.57166,-0.40016,0.0
-0.57166,-0.37158,0.0
-0.57166,-0.343,0.0
-0.57166,-0.31442,0.0
-0.57166,-0.28583,0.0
-0.57166,-0.25725,0.0
-0.57166,-0.22867,0.0
-0.57166,-0.20008,0.0
-0.57166,-0.1715,0.0
-0.57166,-0.14292,0.0
-0.57166,-0.11433,0.0
-0.57166,-0.08575,0.0
-0.57166,-0.05717,0.0
-0.57166,-0.02858,0.0
-0.57166,0,0.0
-0.57166,0.02858,0.0
-0.57166,0.05717,0.0
-0.57166,0.08575,0.0
-0.57166,0.11433,0.0
-0.57166,0.14292,0.0
-0.57166,0.1715,0.0
-0.57166,0.20008,0.0
-0.57166,0.22867,0.0
-0.57166,0.25725,0.0
-0.57166,0.28583,0.0
-0.57166,0.31442,0.0
-0.57166,0.343,0.0
-0.57166,0.37158,0.0
-0.57166,0.40016,0.0
-0.57166,0.42875,0.0
-0.57166,0.45733,0.0
-0.57166,0.48591,0.0
-0.57166,0.5145,0.0
-0.57166,0.54308,0.0
-0.57166,0.57166,0.0
-0.57166,0.60025,0.0
-0.57166,0.62883,0.0
-0.57166,0.65741,0.0
-0.57166,0.686,0.0
-0.57166,0.71458,0.0
-0.57166,0.74316,0.0
-0.57166,0.77175,0.0
-0.57166,0.80033,0.0
-0.57166,0.82891,0.0
-0.57166,0.8575,0.0
-0.57166,0.88608,0.0
-0.57166,0.91466,0.0
-0.57166,0.94325,0.0
-0.57166,0.97183,0.0
-0.57166,1.00041,0.0
-0.57166,1.029,0.0
-0.57166,1.05758,0.0
-0.57166,1.08616,0.0
-0.57166,1.11474,0.0
-0.57166,1.14333,0.0
-0.57166,1.17191,0.0
-0.57166,1.20049,0.0
-0.57166,1.22908,0.0
-0.57166,1.25766,0.0
-0.57166,1.28624,0.0
-0.57166,1.31483,0.0
-0.57166,1.34341,0.0
-0.57166,1.37199,0.0
-0.57166,1.40058,0.0
-0.57166,1.42916,0.0
-0.57166,1.45774,0.0
-0.57166,1.48633,0.0
-0.57166,1.51491,0.0
-0.57166,1.54349,0.0
-0.57166,1.57208,0.0
-0.57166,1.60066,0.0
-0.57166,1.62924,0.0
-0.57166,1.65783,0.0
-0.57166,1.68641,0.0
-0.57166,1.71499,0.0
-0.57166,1.74358,0.0
-0.57166,1.77216,0.0
-0.57166,1.80074,0.0
-0.57166,1.82933,0.0
-0.57166,1.85791,0.0
-0.57166,1.88649,0.0
-0.57166,1.91507,0.0
-0.57166,1.94366,0.0
-0.57166,1.97224,0.0
-0.57166,2.00082,0.0
-0.57166,2.02941,0.0
-0.57166,2.05799,0.0
-0.57166,2.08657,0.0
-0.57166,2.11516,0.0
-0.57166,2.14374,0.0
-0.57166,2.17232,0.0
-0.57166,2.20091,0.0
-0.57166,2.22949,0.0
-0.57166,2.25807,0.0
-0.57166,2.28666,0.0
-0.57166,2.31524,0.0
-0.57166,2.34382,0.0
-0.57166,2.37241,0.0
-0.57166,2.40099,0.0
-0.57166,2.42957,0.0
-0.57166,2.45816,0.0
-0.57166,2.48674,0.0
-0.57166,2.51532,0.0
-0.57166,2.54391,0.0
-0.57166,2.57249,0.0
-0.57166,2.60107,0.0
-0.57166,2.62965,0.0
-0.57166,2.65824,0.0
-0.57166,2.68682,0.0
-0.57166,2.7154,0.0
-0.54308,-2.74399,0.0
-0.54308,-2.7154,0.0
-0.54308,-2.68682,0.0
-0.54308,-2.65824,0.0
-0.54308,-2.62965,0.0
-0.54308,-2.60107,0.0
-0.54308,-2.57249,0.0
-0.54308,-2.54391,0.0
-0.54308,-2.51532,0.0
-0.54308,-2.48674,0.0
-0.54308,-2.45816,0.0
-0.54308,-2.42957,0.0
-0.54308,-2.40099,0.0
-0.54308,-2.37241,0.0
-0.54308,-2.34382,0.0
-0.54308,-2.31524,0.0
-0.54308,-2.28666,0.0
-0.54308,-2.25807,0.0
-0.54308,-2.22949,0.0
-0.54308,-2.20091,0.0
-0.54308,-2.17232,0.0
-0.54308,-2.14374,0.0
-0.54308,-2.11516,0.0
-0.54308,-2.08657,0.0
-0.54308,-2.05799,0.0
-0.54308,-2.02941,0.0
-0.54308,-2.00082,0.0
-0.54308,-1.97224,0.0
-0.54308,-1.94366,0.0
-0.54308,-1.91507,0.0
-0.54308,-1.88649,0.0
-0.54308,-1.85791,0.0
-0.54308,-1.82933,0.0
-0.54308,-1.80074,0.0
-0.54308,-1.77216,0.0
-0.54308,-1.74358,0.0
-0.54308,-1.71499,0.0
-0.54308,-1.68641,0.0
-0.54308,-1.65783,0.0
-0.54308,-1.62924,0.0
-0.54308,-1.60066,0.0
-0.54308,-1.57208,0.0
-0.54308,-1.54349,0.0
-0.54308,-1.51491,0.0
-0.54308,-1.48633,0.0
-0.54308,-1.45774,0.0
-0.54308,-1.42916,0.0
-0.54308,-1.40058,0.0
-0.54308,-1.37199,0.0
-0.54308,-1.34341,0.0
-0.54308,-1.31483,0.0
-0.54308,-1.28624,0.0
-0.54308,-1.25766,0.0
-0.54308,-1.22908,0.0
-0.54308,-1.20049,0.0
-0.54308,-1.17191,0.0
-0.54308,-1.14333,0.0
-0.54308,-1.11474,0.0
-0.54308,-1.08616,0.0
-0.54308,-1.05758,0.0
-0.54308,-1.029,0.0
-0.54308,-1.00041,0.0
-0.54308,-0.97183,0.0
-0.54308,-0.94325,0.0
-0.54308,-0.91466,0.0
-0.54308,-0.88608,0.0
-0.54308,-0.8575,0.0
-0.54308,-0.82891,0.0
-0.54308,-0.80033,0.0
-0.54308,-0.77175,0.0
-0.54308,-0.74316,0.0
-0.54308,-0.71458,0.0
-0.54308,-0.686,0.0
-0.54308,-0.65741,0.0
-0.54308,-0.62883,0.0
-0.54308,-0.60025,0.0
-0.54308,-0.57166,0.0
-0.54308,-0.54308,0.0
-0.54308,-0.5145,0.0
-0.54308,-0.48591,0.0
-0.54308,-0.45733,0.0
-0.54308,-0.42875,0.0
-0.54308,-0.40016,0.0
-0.54308,-0.37158,0.0
-0.54308,-0.343,0.0
-0.54308,-0.31442,0.0
-0.54308,-0.28583,0.0
-0.54308,-0.25725,0.0
-0.54308,-0.22867,0.0
-0.54308,-0.20008,0.0
-0.54308,-0.1715,0.0
-0.54308,-0.14292,0.0
-0.54308,-0.11433,0.0
-0.54308,-0.08575,0.0
-0.54308,-0.05717,0.0
-0.54308,-0.02858,0.0
-0.54308,0,0.0
-0.54308,0.02858,0.0
-0.54308,0.05717,0.0
-0.54308,0.08575,0.0
-0.54308,0.11433,0.0
-0.54308,0.14292,0.0
-0.54308,0.1715,0.0
-0.54308,0.20008,0.0
-0.54308,0.22867,0.0
-0.54308,0.25725,0.0
-0.54308,0.28583,0.0
-0.54308,0.31442,0.0
-0.54308,0.343,0.0
-0.54308,0.37158,0.0
-0.54308,0.40016,0.0
-0.54308,0.42875,0.0
-0.54308,0.45733,0.0
-0.54308,0.48591,0.0
-0.54308,0.5145,0.0
-0.54308,0.54308,0.0
-0.54308,0.57166,0.0
-0.54308,0.60025,0.0
-0.54308,0.62883,0.0
-0.54308,0.65741,0.0
-0.54308,0.686,0.0
-0.54308,0.71458,0.0
-0.54308,0.74316,0.0
-0.54308,0.77175,0.0
-0.54308,0.80033,0.0
-0.54308,0.82891,0.0
-0.54308,0.8575,0.0
-0.54308,0.88608,0.0
-0.54308,0.91466,0.0
-0.54308,0.94325,0.0
-0.54308,0.97183,0.0
-0.54308,1.00041,0.0
-0.54308,1.029,0.0
-0.54308,1.05758,0.0
-0.54308,1.08616,0.0
-0.54308,1.11474,0.0
-0.54308,1.14333,0.0
-0.54308,1.17191,0.0
-0.54308,1.20049,0.0
-0.54308,1.22908,0.0
-0.54308,1.25766,0.0
-0.54308,1.28624,0.0
-0.54308,1.31483,0.0
-0.54308,1.34341,0.0
-0.54308,1.37199,0.0
-0.54308,1.40058,0.0
-0.54308,1.42916,0.0
-0.54308,1.45774,0.0
-0.54308,1.48633,0.0
-0.54308,1.51491,0.0
-0.54308,1.54349,0.0
-0.54308,1.57208,0.0
-0.54308,1.60066,0.0
-0.54308,1.62924,0.0
-0.54308,1.65783,0.0
-0.54308,1.68641,0.0
-0.54308,1.71499,0.0
-0.54308,1.74358,0.0
-0.54308,1.77216,0.0
-0.54308,1.80074,0.0
-0.54308,1.82933,0.0
-0.54308,1.85791,0.0
-0.54308,1.88649,0.0
-0.54308,1.91507,0.0
-0.54308,1.94366,0.0
-0.54308,1.97224,0.0
-0.54308,2.00082,0.0
-0.54308,2.02941,0.0
-0.54308,2.05799,0.0
-0.54308,2.08657,0.0
-0.54308,2.11516,0.0
-0.54308,2.14374,0.0
-0.54308,2.17232,0.0
-0.54308,2.20091,0.0
-0.54308,2.22949,0.0
-0.54308,2.25807,0.0
-0.54308,2.28666,0.0
-0.54308,2.31524,0.0
-0.54308,2.34382,0.0
-0.54308,2.37241,0.0
-0.54308,2.40099,0.0
-0.54308,2.42957,0.0
-0.54308,2.45816,0.0
-0.54308,2.48674,0.0
-0.54308,2.51532,0.0
-0.54308,2.54391,0.0
-0.54308,2.57249,0.0
-0.54308,2.60107,0.0
-0.54308,2.62965,0.0
-0.54308,2.65824,0.0
-0.54308,2.68682,0.0
-0.54308,2.7154,0.0
-0.54308,2.74399,0.0
-0.5145,-2.74399,0.0
-0.5145,-2.7154,0.0
-0.5145,-2.68682,0.0
-0.5145,-2.65824,0.0
-0.5145,-2.62965,0.0
-0.5145,-2.60107,0.0
-0.5145,-2.57249,0.0
-0.5145,-2.54391,0.0
-0.5145,-2.51532,0.0
-0.5145,-2.48674,0.0
-0.5145,-2.45816,0.0
-0.5145,-2.42957,0.0
-0.5145,-2.40099,0.0
-0.5145,-2.37241,0.0
-0.5145,-2.34382,0.0
-0.5145,-2.31524,0.0
-0.5145,-2.28666,0.0
-0.5145,-2.25807,0.0
-0.5145,-2.22949,0.0
-0.5145,-2.20091,0.0
-0.5145,-2.17232,0.0
-0.5145,-2.14374,0.0
-0.5145,-2.11516,0.0
-0.5145,-2.08657,0.0
-0.5145,-2.05799,0.0
-0.5145,-2.02941,0.0
-0.5145,-2.00082,0.0
-0.5145,-1.97224,0.0
-0.5145,-1.94366,0.0
-0.5145,-1.91507,0.0
-0.5145,-1.88649,0.0
-0.5145,-1.85791,0.0
-0.5145,-1.82933,0.0
-0.5145,-1.80074,0.0
-0.5145,-1.77216,0.0
-0.5145,-1.74358,0.0
-0.5145,-1.71499,0.0
-0.5145,-1.68641,0.0
-0.5145,-1.65783,0.0
-0.5145,-1.62924,0.0
-0.5145,-1.60066,0.0
-0.5145,-1.57208,0.0
-0.5145,-1.54349,0.0
-0.5145,-1.51491,0.0
-0.5145,-1.48633,0.0
-0.5145,-1.45774,0.0
-0.5145,-1.42916,0.0
-0.5145,-1.40058,0.0
-0.5145,-1.37199,0.0
-0.5145,-1.34341,0.0
-0.5145,-1.31483,0.0
-0.5145,-1.28624,0.0
-0.5145,-1.25766,0.0
-0.5145,-1.22908,0.0
-0.5145,-1.20049,0.0
-0.5145,-1.17191,0.0
-0.5145,-1.14333,0.0
-0.5145,-1.11474,0.0
-0.5145,-1.08616,0.0
-0.5145,-1.05758,0.0
-0.5145,-1.029,0.0
-0.5145,-1.00041,0.0
-0.5145,-0.97183,0.0
-0.5145,-0.94325,0.0
-0.5145,-0.91466,0.0
-0.5145,-0.88608,0.0
-0.5145,-0.8575,0.0
-0.5145,-0.82891,0.0
-0.5145,-0.80033,0.0
-0.5145,-0.77175,0.0
-0.5145,-0.74316,0.0
-0.5145,-0.71458,0.0
-0.5145,-0.686,0.0
-0.5145,-0.65741,0.0
-0.5145,-0.62883,0.0
-0.5145,-0.60025,0.0
-0.5145,-0.57166,0.0
-0.5145,-0.54308,0.0
-0.5145,-0.5145,0.0
-0.5145,-0.48591,0.0
-0.5145,-0.45733,0.0
-0.5145,-0.42875,0.0
-0.5145,-0.40016,0.0
-0.5145,-0.37158,0.0
-0.5145,-0.343,0.0
-0.5145,-0.31442,0.0
-0.5145,-0.28583,0.0
-0.5145,-0.25725,0.0
-0.5145,-0.22867,0.0
-0.5145,-0.20008,0.0
-0.5145,-0.1715,0.0
-0.5145,-0.14292,0.0
-0.5145,-0.11433,0.0
-0.5145,-0.08575,0.0
-0.5145,-0.05717,0.0
-0.5145,-0.02858,0.0
-0.5145,0,0.0
-0.5145,0.02858,0.0
-0.5145,0.05717,0.0
-0.5145,0.08575,0.0
-0.5145,0.11433,0.0
-0.5145,0.14292,0.0
-0.5145,0.1715,0.0
-0.5145,0.20008,0.0
-0.5145,0.22867,0.0
-0.5145,0.25725,0.0
-0.5145,0.28583,0.0
-0.5145,0.31442,0.0
-0.5145,0.343,0.0
-0.5145,0.37158,0.0
-0.5145,0.40016,0.0
-0.5145,0.42875,0.0
-0.5145,0.45733,0.0
-0.5145,0.48591,0.0
-0.5145,0.5145,0.0
-0.5145,0.54308,0.0
-0.5145,0.57166,0.0
-0.5145,0.60025,0.0
-0.5145,0.62883,0.0
-0.5145,0.65741,0.0
-0.5145,0.686,0.0
-0.5145,0.71458,0.0
-0.5145,0.74316,0.0
-0.5145,0.77175,0.0
-0.5145,0.80033,0.0
-0.5145,0.82891,0.0
-0.5145,0.8575,0.0
-0.5145,0.88608,0.0
-0.5145,0.91466,0.0
-0.5145,0.94325,0.0
-0.5145,0.97183,0.0
-0.5145,1.00041,0.0
-0.5145,1.029,0.0
-0.5145,1.05758,0.0
-0.5145,1.08616,0.0
-0.5145,1.11474,0.0
-0.5145,1.14333,0.0
-0.5145,1.17191,0.0
-0.5145,1.20049,0.0
-0.5145,1.22908,0.0
-0.5145,1.25766,0.0
-0.5145,1.28624,0.0
-0.5145,1.31483,0.0
-0.5145,1.34341,0.0
-0.5145,1.37199,0.0
-0.5145,1.40058,0.0
-0.5145,1.42916,0.0
-0.5145,1.45774,0.0
-0.5145,1.48633,0.0
-0.5145,1.51491,0.0
-0.5145,1.54349,0.0
-0.5145,1.57208,0.0
-0.5145,1.60066,0.0
-0.5145,1.62924,0.0
-0.5145,1.65783,0.0
-0.5145,1.68641,0.0
-0.5145,1.71499,0.0
-0.5145,1.74358,0.0
-0.5145,1.77216,0.0
-0.5145,1.80074,0.0
-0.5145,1.82933,0.0
-0.5145,1.85791,0.0
-0.5145,1.88649,0.0
-0.5145,1.91507,0.0
-0.5145,1.94366,0.0
-0.5145,1.97224,0.0
-0.5145,2.00082,0.0
-0.5145,2.02941,0.0
-0.5145,2.05799,0.0
-0.5145,2.08657,0.0
-0.5145,2.11516,0.0
-0.5145,2.14374,0.0
-0.5145,2.17232,0.0
-0.5145,2.20091,0.0
-0.5145,2.22949,0.0
-0.5145,2.25807,0.0
-0.5145,2.28666,0.0
-0.5145,2.31524,0.0
-0.5145,2.34382,0.0
-0.5145,2.37241,0.0
-0.5145,2.40099,0.0
-0.5145,2.42957,0.0
-0.5145,2.45816,0.0
-0.5145,2.48674,0.0
-0.5145,2.51532,0.0
-0.5145,2.54391,0.0
-0.5145,2.57249,0.0
-0.5145,2.60107,0.0
-0.5145,2.62965,0.0
-0.5145,2.65824,0.0
-0.5145,2.68682,0.0
-0.5145,2.7154,0.0
-0.5145,2.74399,0.0
-0.48591,-2.74399,0.0
-0.48591,-2.7154,0.0
-0.48591,-2.68682,0.0
-0.48591,-2.65824,0.0
-0.48591,-2.62965,0.0
-0.48591,-2.60107,0.0
-0.48591,-2.57249,0.0
-0.48591,-2.54391,0.0
-0.48591,-2.51532,0.0
-0.48591,-2.48674,0.0
-0.48591,-2.45816,0.0
-0.48591,-2.42957,0.0
-0.48591,-2.40099,0.0
-0.48591,-2.37241,0.0
-0.48591,-2.34382,0.0
-0.48591,-2.31524,0.0
-0.48591,-2.28666,0.0
-0.48591,-2.25807,0.0
-0.48591,-2.22949,0.0
-0.48591,-2.20091,0.0
-0.48591,-2.17232,0.0
-0.48591,-2.14374,0.0
-0.48591,-2.11516,0.0
-0.48591,-2.08657,0.0
-0.48591,-2.05799,0.0
-0.48591,-2.02941,0.0
-0.48591,-2.00082,0.0
-0.48591,-1.97224,0.0
-0.48591,-1.94366,0.0
-0.48591,-1.91507,0.0
-0.48591,-1.88649,0.0
-0.48591,-1.85791,0.0
-0.48591,-1.82933,0.0
-0.48591,-1.80074,0.0
-0.48591,-1.77216,0.0
-0.48591,-1.74358,0.0
-0.48591,-1.71499,0.0
-0.48591,-1.68641,0.0
-0.48591,-1.65783,0.0
-0.48591,-1.62924,0.0
-0.48591,-1.60066,0.0
-0.48591,-1.57208,0.0
-0.48591,-1.54349,0.0
-0.48591,-1.51491,0.0
-0.48591,-1.48633,0.0
-0.48591,-1.45774,0.0
-0.48591,-1.42916,0.0
-0.48591,-1.40058,0.0
-0.48591,-1.37199,0.0
-0.48591,-1.34341,0.0
-0.48591,-1.31483,0.0
-0.48591,-1.28624,0.0
-0.48591,-1.25766,0.0
-0.48591,-1.22908,0.0
-0.48591,-1.20049,0.0
-0.48591,-1.17191,0.0
-0.48591,-1.14333,0.0
-0.48591,-1.11474,0.0
-0.48591,-1.08616,0.0
-0.48591,-1.05758,0.0
-0.48591,-1.029,0.0
-0.48591,-1.00041,0.0
-0.48591,-0.97183,0.0
-0.48591,-0.94325,0.0
-0.48591,-0.91466,0.0
-0.48591,-0.88608,0.0
-0.48591,-0.8575,0.0
-0.48591,-0.82891,0.0
-0.48591,-0.80033,0.0
-0.48591,-0.77175,0.0
-0.48591,-0.74316,0.0
-0.48591,-0.71458,0.0
-0.48591,-0.686,0.0
-0.48591,-0.65741,0.0
-0.48591,-0.62883,0.0
-0.48591,-0.60025,0.0
-0.48591,-0.57166,0.0
-0.48591,-0.54308,0.0
-0.48591,-0.5145,0.0
-0.48591,-0.48591,0.0
-0.48591,-0.45733,0.0
-0.48591,-0.42875,0.0
-0.48591,-0.40016,0.0
-0.48591,-0.37158,0.0
-0.48591,-0.343,0.0
-0.48591,-0.31442,0.0
-0.48591,-0.28583,0.0
-0.48591,-0.25725,0.0
-0.48591,-0.22867,0.0
-0.48591,-0.20008,0.0
-0.48591,-0.1715,0.0
-0.48591,-0.14292,0.0
-0.48591,-0.11433,0.0
-0.48591,-0.08575,0.0
-0.48591,-0.05717,0.0
-0.48591,-0.02858,0.0
-0.48591,0,0.0
-0.48591,0.02858,0.0
-0.48591,0.05717,0.0
-0.48591,0.08575,0.0
-0.48591,0.11433,0.0
-0.48591,0.14292,0.0
-0.48591,0.1715,0.0
-0.48591,0.20008,0.0
-0.48591,0.22867,0.0
-0.48591,0.25725,0.0
-0.48591,0.28583,0.0
-0.48591,0.31442,0.0
-0.48591,0.343,0.0
-0.48591,0.37158,0.0
-0.48591,0.40016,0.0
-0.48591,0.42875,0.0
-0.48591,0.45733,0.0
-0.48591,0.48591,0.0
-0.48591,0.5145,0.0
-0.48591,0.54308,0.0
-0.48591,0.57166,0.0
-0.48591,0.60025,0.0
-0.48591,0.62883,0.0
-0.48591,0.65741,0.0
-0.48591,0.686,0.0
-0.48591,0.71458,0.0
-0.48591,0.74316,0.0
-0.48591,0.77175,0.0
-0.48591,0.80033,0.0
-0.48591,0.82891,0.0
-0.48591,0.8575,0.0
-0.48591,0.88608,0.0
-0.48591,0.91466,0.0
-0.48591,0.94325,0.0
-0.48591,0.97183,0.0
-0.48591,1.00041,0.0
-0.48591,1.029,0.0
-0.48591,1.05758,0.0
-0.48591,1.08616,0.0
-0.48591,1.11474,0.0
-0.48591,1.14333,0.0
-0.48591,1.17191,0.0
-0.48591,1.20049,0.0
-0.48591,1.22908,0.0
-0.48591,1.25766,0.0
-0.48591,1.28624,0.0
-0.48591,1.31483,0.0
-0.48591,1.34341,0.0
-0.48591,1.37199,0.0
-0.48591,1.40058,0.0
-0.48591,1.42916,0.0
-0.48591,1.45774,0.0
-0.48591,1.48633,0.0
-0.48591,1.51491,0.0
-0.48591,1.54349,0.0
-0.48591,1.57208,0.0
-0.48591,1.60066,0.0
-0.48591,1.62924,0.0
-0.48591,1.65783,0.0
-0.48591,1.68641,0.0
-0.48591,1.71499,0.0
-0.48591,1.74358,0.0
-0.48591,1.77216,0.0
-0.48591,1.80074,0.0
-0.48591,1.82933,0.0
-0.48591,1.85791,0.0
-0.48591,1.88649,0.0
-0.48591,1.91507,0.0
-0.48591,1.94366,0.0
-0.48591,1.97224,0.0
-0.48591,2.00082,0.0
-0.48591,2.02941,0.0
-0.48591,2.05799,0.0
-0.48591,2.08657,0.0
-0.48591,2.11516,0.0
-0.48591,2.14374,0.0
-0.48591,2.17232,0.0
-0.48591,2.20091,0.0
-0.48591,2.22949,0.0
-0.48591,2.25807,0.0
-0.48591,2.28666,0.0
-0.48591,2.31524,0.0
-0.48591,2.34382,0.0
-0.48591,2.37241,0.0
-0.48591,2.40099,0.0
-0.48591,2.42957,0.0
-0.48591,2.45816,0.0
-0.48591,2.48674,0.0
-0.48591,2.51532,0.0
-0.48591,2.54391,0.0
-0.48591,2.57249,0.0
-0.48591,2.60107,0.0
-0.48591,2.62965,0.0
-0.48591,2.65824,0.0
-0.48591,2.68682,0.0
-0.48591,2.7154,0.0
-0.48591,2.74399,0.0
-0.45733,-2.74399,0.0
-0.45733,-2.7154,0.0
-0.45733,-2.68682,0.0
-0.45733,-2.65824,0.0
-0.45733,-2.62965,0.0
-0.45733,-2.60107,0.0
-0.45733,-2.57249,0.0
-0.45733,-2.54391,0.0
-0.45733,-2.51532,0.0
-0.45733,-2.48674,0.0
-0.45733,-2.45816,0.0
-0.45733,-2.42957,0.0
-0.45733,-2.40099,0.0
-0.45733,-2.37241,0.0
-0.45733,-2.34382,0.0
-0.45733,-2.31524,0.0
-0.45733,-2.28666,0.0
-0.45733,-2.25807,0.0
-0.45733,-2.22949,0.0
-0.45733,-2.20091,0.0
-0.45733,-2.17232,0.0
-0.45733,-2.14374,0.0
-0.45733,-2.11516,0.0
-0.45733,-2.08657,0.0
-0.45733,-2.05799,0.0
-0.45733,-2.02941,0.0
-0.45733,-2.00082,0.0
-0.45733,-1.97224,0.0
-0.45733,-1.94366,0.0
-0.45733,-1.91507,0.0
-0.45733,-1.88649,0.0
-0.45733,-1.85791,0.0
-0.45733,-1.82933,0.0
-0.45733,-1.80074,0.0
-0.45733,-1.77216,0.0
-0.45733,-1.74358,0.0
-0.45733,-1.71499,0.0
-0.45733,-1.68641,0.0
-0.45733,-1.65783,0.0
-0.45733,-1.62924,0.0
-0.45733,-1.60066,0.0
-0.45733,-1.57208,0.0
-0.45733,-1.54349,0.0
-0.45733,-1.51491,0.0
-0.45733,-1.48633,0.0
-0.45733,-1.45774,0.0
-0.45733,-1.42916,0.0
-0.45733,-1.40058,0.0
-0.45733,-1.37199,0.0
-0.45733,-1.34341,0.0
-0.45733,-1.31483,0.0
-0.45733,-1.28624,0.0
-0.45733,-1.25766,0.0
-0.45733,-1.22908,0.0
-0.45733,-1.20049,0.0
-0.45733,-1.17191,0.0
-0.45733,-1.14333,0.0
-0.45733,-1.11474,0.0
-0.45733,-1.08616,0.0
-0.45733,-1.05758,0.0
-0.45733,-1.029,0.0
-0.45733,-1.00041,0.0
-0.45733,-0.97183,0.0
-0.45733,-0.94325,0.0
-0.45733,-0.91466,0.0
-0.45733,-0.88608,0.0
-0.45733,-0.8575,0.0
-0.45733,-0.82891,0.0
-0.45733,-0.80033,0.0
-0.45733,-0.77175,0.0
-0.45733,-0.74316,0.0
-0.45733,-0.71458,0.0
-0.45733,-0.686,0.0
-0.45733,-0.65741,0.0
-0.45733,-0.62883,0.0
-0.45733,-0.60025,0.0
-0.45733,-0.57166,0.0
-0.45733,-0.54308,0.0
-0.45733,-0.5145,0.0
-0.45733,-0.48591,0.0
-0.45733,-0.45733,0.0
-0.45733,-0.42875,0.0
-0.45733,-0.40016,0.0
-0.45733,-0.37158,0.0
-0.45733,-0.343,0.0
-0.45733,-0.31442,0.0
-0.45733,-0.28583,0.0
-0.45733,-0.25725,0.0
-0.45733,-0.22867,0.0
-0.45733,-0.20008,0.0
-0.45733,-0.1715,0.0
-0.45733,-0.14292,0.0
-0.45733,-0.11433,0.0
-0.45733,-0.08575,0.0
-0.45733,-0.05717,0.0
-0.45733,-0.02858,0.0
-0.45733,0,0.0
-0.45733,0.02858,0.0
-0.45733,0.05717,0.0
-0.45733,0.08575,0.0
-0.45733,0.11433,0.0
-0.45733,0.14292,0.0
-0.45733,0.1715,0.0
-0.45733,0.20008,0.0
-0.45733,0.22867,0.0
-0.45733,0.25725,0.0
-0.45733,0.28583,0.0
-0.45733,0.31442,0.0
-0.45733,0.343,0.0
-0.45733,0.37158,0.0
-0.45733,0.40016,0.0
-0.45733,0.42875,0.0
-0.45733,0.45733,0.0
-0.45733,0.48591,0.0
-0.45733,0.5145,0.0
-0.45733,0.54308,0.0
-0.45733,0.57166,0.0
-0.45733,0.60025,0.0
-0.45733,0.62883,0.0
-0.45733,0.65741,0.0
-0.45733,0.686,0.0
-0.45733,0.71458,0.0
-0.45733,0.74316,0.0
-0.45733,0.77175,0.0
-0.45733,0.80033,0.0
-0.45733,0.82891,0.0
-0.45733,0.8575,0.0
-0.45733,0.88608,0.0
-0.45733,0.91466,0.0
-0.45733,0.94325,0.0
-0.45733,0.97183,0.0
-0.45733,1.00041,0.0
-0.45733,1.029,0.0
-0.45733,1.05758,0.0
-0.45733,1.08616,0.0
-0.45733,1.11474,0.0
-0.45733,1.14333,0.0
-0.45733,1.17191,0.0
-0.45733,1.20049,0.0
-0.45733,1.22908,0.0
-0.45733,1.25766,0.0
-0.45733,1.28624,0.0
-0.45733,1.31483,0.0
-0.45733,1.34341,0.0
-0.45733,1.37199,0.0
-0.45733,1.40058,0.0
-0.45733,1.42916,0.0
-0.45733,1.45774,0.0
-0.45733,1.48633,0.0
-0.45733,1.51491,0.0
-0.45733,1.54349,0.0
-0.45733,1.57208,0.0
-0.45733,1.60066,0.0
-0.45733,1.62924,0.0
-0.45733,1.65783,0.0
-0.45733,1.68641,0.0
-0.45733,1.71499,0.0
-0.45733,1.74358,0.0
-0.45733,1.77216,0.0
-0.45733,1.80074,0.0
-0.45733,1.82933,0.0
-0.45733,1.85791,0.0
-0.45733,1.88649,0.0
-0.45733,1.91507,0.0
-0.45733,1.94366,0.0
-0.45733,1.97224,0.0
-0.45733,2.00082,0.0
-0.45733,2.02941,0.0
-0.45733,2.05799,0.0
-0.45733,2.08657,0.0
-0.45733,2.11516,0.0
-0.45733,2.14374,0.0
-0.45733,2.17232,0.0
-0.45733,2.20091,0.0
-0.45733,2.22949,0.0
-0.45733,2.25807,0.0
-0.45733,2.28666,0.0
-0.45733,2.31524,0.0
-0.45733,2.34382,0.0
-0.45733,2.37241,0.0
-0.45733,2.40099,0.0
-0.45733,2.42957,0.0
-0.45733,2.45816,0.0
-0.45733,2.48674,0.0
-0.45733,2.51532,0.0
-0.45733,2.54391,0.0
-0.45733,2.57249,0.0
-0.45733,2.60107,0.0
-0.45733,2.62965,0.0
-0.45733,2.65824,0.0
-0.45733,2.68682,0.0
-0.45733,2.7154,0.0
-0.45733,2.74399,0.0
-0.42875,-2.74399,0.0
-0.42875,-2.7154,0.0
-0.42875,-2.68682,0.0
-0.42875,-2.65824,0.0
-0.42875,-2.62965,0.0
-0.42875,-2.60107,0.0
-0.42875,-2.57249,0.0
-0.42875,-2.54391,0.0
-0.42875,-2.51532,0.0
-0.42875,-2.48674,0.0
-0.42875,-2.45816,0.0
-0.42875,-2.42957,0.0
-0.42875,-2.40099,0.0
-0.42875,-2.37241,0.0
-0.42875,-2.34382,0.0
-0.42875,-2.31524,0.0
-0.42875,-2.28666,0.0
-0.42875,-2.25807,0.0
-0.42875,-2.22949,0.0
-0.42875,-2.20091,0.0
-0.42875,-2.17232,0.0
-0.42875,-2.14374,0.0
-0.42875,-2.11516,0.0
-0.42875,-2.08657,0.0
-0.42875,-2.05799,0.0
-0.42875,-2.02941,0.0
-0.42875,-2.00082,0.0
-0.42875,-1.97224,0.0
-0.42875,-1.94366,0.0
-0.42875,-1.91507,0.0
-0.42875,-1.88649,0.0
-0.42875,-1.85791,0.0
-0.42875,-1.82933,0.0
-0.42875,-1.80074,0.0
-0.42875,-1.77216,0.0
-0.42875,-1.74358,0.0
-0.42875,-1.71499,0.0
-0.42875,-1.68641,0.0
-0.42875,-1.65783,0.0
-0.42875,-1.62924,0.0
-0.42875,-1.60066,0.0
-0.42875,-1.57208,0.0
-0.42875,-1.54349,0.0
-0.42875,-1.51491,0.0
-0.42875,-1.48633,0.0
-0.42875,-1.45774,0.0
-0.42875,-1.42916,0.0
-0.42875,-1.40058,0.0
-0.42875,-1.37199,0.0
-0.42875,-1.34341,0.0
-0.42875,-1.31483,0.0
-0.42875,-1.28624,0.0
-0.42875,-1.25766,0.0
-0.42875,-1.22908,0.0
-0.42875,-1.20049,0.0
-0.42875,-1.17191,0.0
-0.42875,-1.14333,0.0
-0.42875,-1.11474,0.0
-0.42875,-1.08616,0.0
-0.42875,-1.05758,0.0
-0.42875,-1.029,0.0
-0.42875,-1.00041,0.0
-0.42875,-0.97183,0.0
-0.42875,-0.94325,0.0
-0.42875,-0.91466,0.0
-0.42875,-0.88608,0.0
-0.42875,-0.8575,0.0
-0.42875,-0.82891,0.0
-0.42875,-0.80033,0.0
-0.42875,-0.77175,0.0
-0.42875,-0.74316,0.0
-0.42875,-0.71458,0.0
-0.42875,-0.686,0.0
-0.42875,-0.65741,0.0
-0.42875,-0.62883,0.0
-0.42875,-0.60025,0.0
-0.42875,-0.57166,0.0
-0.42875,-0.54308,0.0
-0.42875,-0.5145,0.0
-0.42875,-0.48591,0.0
-0.42875,-0.45733,0.0
-0.42875,-0.42875,0.0
-0.42875,-0.40016,0.0
-0.42875,-0.37158,0.0
-0.42875,-0.343,0.0
-0.42875,-0.31442,0.0
-0.42875,-0.28583,0.0
-0.42875,-0.25725,0.0
-0.42875,-0.22867,0.0
-0.42875,-0.20008,0.0
-0.42875,-0.1715,0.0
-0.42875,-0.14292,0.0
-0.42875,-0.11433,0.0
-0.42875,-0.08575,0.0
-0.42875,-0.05717,0.0
-0.42875,-0.02858,0.0
-0.42875,0,0.0
-0.42875,0.02858,0.0
-0.42875,0.05717,0.0
-0.42875,0.08575,0.0
-0.42875,0.11433,0.0
-0.42875,0.14292,0.0
-0.42875,0.1715,0.0
-0.42875,0.20008,0.0
-0.42875,0.22867,0.0
-0.42875,0.25725,0.0
-0.42875,0.28583,0.0
-0.42875,0.31442,0.0
-0.42875,0.343,0.0
-0.42875,0.37158,0.0
-0.42875,0.40016,0.0
-0.42875,0.42875,0.0
-0.42875,0.45733,0.0
-0.42875,0.48591,0.0
-0.42875,0.5145,0.0
-0.42875,0.54308,0.0
-0.42875,0.57166,0.0
-0.42875,0.60025,0.0
-0.42875,0.62883,0.0
-0.42875,0.65741,0.0
-0.42875,0.686,0.0
-0.42875,0.71458,0.0
-0.42875,0.74316,0.0
-0.42875,0.77175,0.0
-0.42875,0.80033,0.0
-0.42875,0.82891,0.0
-0.42875,0.8575,0.0
-0.42875,0.88608,0.0
-0.42875,0.91466,0.0
-0.42875,0.94325,0.0
-0.42875,0.97183,0.0
-0.42875,1.00041,0.0
-0.42875,1.029,0.0
-0.42875,1.05758,0.0
-0.42875,1.08616,0.0
-0.42875,1.11474,0.0
-0.42875,1.14333,0.0
-0.42875,1.17191,0.0
-0.42875,1.20049,0.0
-0.42875,1.22908,0.0
-0.42875,1.25766,0.0
-0.42875,1.28624,0.0
-0.42875,1.31483,0.0
-0.42875,1.34341,0.0
-0.42875,1.37199,0.0
-0.42875,1.40058,0.0
-0.42875,1.42916,0.0
-0.42875,1.45774,0.0
-0.42875,1.48633,0.0
-0.42875,1.51491,0.0
-0.42875,1.54349,0.0
-0.42875,1.57208,0.0
-0.42875,1.60066,0.0
-0.42875,1.62924,0.0
-0.42875,1.65783,0.0
-0.42875,1.68641,0.0
-0.42875,1.71499,0.0
-0.42875,1.74358,0.0
-0.42875,1.77216,0.0
-0.42875,1.80074,0.0
-0.42875,1.82933,0.0
-0.42875,1.85791,0.0
-0.42875,1.88649,0.0
-0.42875,1.91507,0.0
-0.42875,1.94366,0.0
-0.42875,1.97224,0.0
-0.42875,2.00082,0.0
-0.42875,2.02941,0.0
-0.42875,2.05799,0.0
-0.42875,2.08657,0.0
-0.42875,2.11516,0.0
-0.42875,2.14374,0.0
-0.42875,2.17232,0.0
-0.42875,2.20091,0.0
-0.42875,2.22949,0.0
-0.42875,2.25807,0.0
-0.42875,2.28666,0.0
-0.42875,2.31524,0.0
-0.42875,2.34382,0.0
-0.42875,2.37241,0.0
-0.42875,2.40099,0.0
-0.42875,2.42957,0.0
-0.42875,2.45816,0.0
-0.42875,2.48674,0.0
-0.42875,2.51532,0.0
-0.42875,2.54391,0.0
-0.42875,2.57249,0.0
-0.42875,2.60107,0.0
-0.42875,2.62965,0.0
-0.42875,2.65824,0.0
-0.42875,2.68682,0.0
-0.42875,2.7154,0.0
-0.42875,2.74399,0.0
-0.40016,-2.74399,0.0
-0.40016,-2.7154,0.0
-0.40016,-2.68682,0.0
-0.40016,-2.65824,0.0
-0.40016,-2.62965,0.0
-0.40016,-2.60107,0.0
-0.40016,-2.57249,0.0
-0.40016,-2.54391,0.0
-0.40016,-2.51532,0.0
-0.40016,-2.48674,0.0
-0.40016,-2.45816,0.0
-0.40016,-2.42957,0.0
-0.40016,-2.40099,0.0
-0.40016,-2.37241,0.0
-0.40016,-2.34382,0.0
-0.40016,-2.31524,0.0
-0.40016,-2.28666,0.0
-0.40016,-2.25807,0.0
-0.40016,-2.22949,0.0
-0.40016,-2.20091,0.0
-0.40016,-2.17232,0.0
-0.40016,-2.14374,0.0
-0.40016,-2.11516,0.0
-0.40016,-2.08657,0.0
-0.40016,-2.05799,0.0
-0.40016,-2.02941,0.0
-0.40016,-2.00082,0.0
-0.40016,-1.97224,0.0
-0.40016,-1.94366,0.0
-0.40016,-1.91507,0.0
-0.40016,-1.88649,0.0
-0.40016,-1.85791,0.0
-0.40016,-1.82933,0.0
-0.40016,-1.80074,0.0
-0.40016,-1.77216,0.0
-0.40016,-1.74358,0.0
-0.40016,-1.71499,0.0
-0.40016,-1.68641,0.0
-0.40016,-1.65783,0.0
-0.40016,-1.62924,0.0
-0.40016,-1.60066,0.0
-0.40016,-1.57208,0.0
-0.40016,-1.54349,0.0
-0.40016,-1.51491,0.0
-0.40016,-1.48633,0.0
-0.40016,-1.45774,0.0
-0.40016,-1.42916,0.0
-0.40016,-1.40058,0.0
-0.40016,-1.37199,0.0
-0.40016,-1.34341,0.0
-0.40016,-1.31483,0.0
-0.40016,-1.28624,0.0
-0.40016,-1.25766,0.0
-0.40016,-1.22908,0.0
-0.40016,-1.20049,0.0
-0.40016,-1.17191,0.0
-0.40016,-1.14333,0.0
-0.40016,-1.11474,0.0
-0.40016,-1.08616,0.0
-0.40016,-1.05758,0.0
-0.40016,-1.029,0.0
-0.40016,-1.00041,0.0
-0.40016,-0.97183,0.0
-0.40016,-0.94325,0.0
-0.40016,-0.91466,0.0
-0.40016,-0.88608,0.0
-0.40016,-0.8575,0.0
-0.40016,-0.82891,0.0
-0.40016,-0.80033,0.0
-0.40016,-0.77175,0.0
-0.40016,-0.74316,0.0
-0.40016,-0.71458,0.0
-0.40016,-0.686,0.0
-0.40016,-0.65741,0.0
-0.40016,-0.62883,0.0
-0.40016,-0.60025,0.0
-0.40016,-0.57166,0.0
-0.40016,-0.54308,0.0
-0.40016,-0.5145,0.0
-0.40016,-0.48591,0.0
-0.40016,-0.45733,0.0
-0.40016,-0.42875,0.0
-0.40016,-0.40016,0.0
-0.40016,-0.37158,0.0
-0.40016,-0.343,0.0
-0.40016,-0.31442,0.0
-0.40016,-0.28583,0.0
-0.40016,-0.25725,0.0
-0.40016,-0.22867,0.0
-0.40016,-0.20008,0.0
-0.40016,-0.1715,0.0
-0.40016,-0.14292,0.0
-0.40016,-0.11433,0.0
-0.40016,-0.08575,0.0
-0.40016,-0.05717,0.0
-0.40016,-0.02858,0.0
-0.40016,0,0.0
-0.40016,0.02858,0.0
-0.40016,0.05717,0.0
-0.40016,0.08575,0.0
-0.40016,0.11433,0.0
-0.40016,0.14292,0.0
-0.40016,0.1715,0.0
-0.40016,0.20008,0.0
-0.40016,0.22867,0.0
-0.40016,0.25725,0.0
-0.40016,0.28583,0.0
-0.40016,0.31442,0.0
-0.40016,0.343,0.0
-0.40016,0.37158,0.0
-0.40016,0.40016,0.0
-0.40016,0.42875,0.0
-0.40016,0.45733,0.0
-0.40016,0.48591,0.0
-0.40016,0.5145,0.0
-0.40016,0.54308,0.0
-0.40016,0.57166,0.0
-0.40016,0.60025,0.0
-0.40016,0.62883,0.0
-0.40016,0.65741,0.0
-0.40016,0.686,0.0
-0.40016,0.71458,0.0
-0.40016,0.74316,0.0
-0.40016,0.77175,0.0
-0.40016,0.80033,0.0
-0.40016,0.82891,0.0
-0.40016,0.8575,0.0
-0.40016,0.88608,0.0
-0.40016,0.91466,0.0
-0.40016,0.94325,0.0
-0.40016,0.97183,0.0
-0.40016,1.00041,0.0
-0.40016,1.029,0.0
-0.40016,1.05758,0.0
-0.40016,1.08616,0.0
-0.40016,1.11474,0.0
-0.40016,1.14333,0.0
-0.40016,1.17191,0.0
-0.40016,1.20049,0.0
-0.40016,1.22908,0.0
-0.40016,1.25766,0.0
-0.40016,1.28624,0.0
-0.40016,1.31483,0.0
-0.40016,1.34341,0.0
-0.40016,1.37199,0.0
-0.40016,1.40058,0.0
-0.40016,1.42916,0.0
-0.40016,1.45774,0.0
-0.40016,1.48633,0.0
-0.40016,1.51491,0.0
-0.40016,1.54349,0.0
-0.40016,1.57208,0.0
-0.40016,1.60066,0.0
-0.40016,1.62924,0.0
-0.40016,1.65783,0.0
-0.40016,1.68641,0.0
-0.40016,1.71499,0.0
-0.40016,1.74358,0.0
-0.40016,1.77216,0.0
-0.40016,1.80074,0.0
-0.40016,1.82933,0.0
-0.40016,1.85791,0.0
-0.40016,1.88649,0.0
-0.40016,1.91507,0.0
-0.40016,1.94366,0.0
-0.40016,1.97224,0.0
-0.40016,2.00082,0.0
-0.40016,2.02941,0.0
-0.40016,2.05799,0.0
-0.40016,2.08657,0.0
-0.40016,2.11516,0.0
-0.40016,2.14374,0.0
-0.40016,2.17232,0.0
-0.40016,2.20091,0.0
-0.40016,2.22949,0.0
-0.40016,2.25807,0.0
-0.40016,2.28666,0.0
-0.40016,2.31524,0.0
-0.40016,2.34382,0.0
-0.40016,2.37241,0.0
-0.40016,2.40099,0.0
-0.40016,2.42957,0.0
-0.40016,2.45816,0.0
-0.40016,2.48674,0.0
-0.40016,2.51532,0.0
-0.40016,2.54391,0.0
-0.40016,2.57249,0.0
-0.40016,2.60107,0.0
-0.40016,2.62965,0.0
-0.40016,2.65824,0.0
-0.40016,2.68682,0.0
-0.40016,2.7154,0.0
-0.40016,2.74399,0.0
-0.37158,-2.77257,0.0
-0.37158,-2.74399,0.0
-0.37158,-2.7154,0.0
-0.37158,-2.68682,0.0
-0.37158,-2.65824,0.0
-0.37158,-2.62965,0.0
-0.37158,-2.60107,0.0
-0.37158,-2.57249,0.0
-0.37158,-2.54391,0.0
-0.37158,-2.51532,0.0
-0.37158,-2.48674,0.0
-0.37158,-2.45816,0.0
-0.37158,-2.42957,0.0
-0.37158,-2.40099,0.0
-0.37158,-2.37241,0.0
-0.37158,-2.34382,0.0
-0.37158,-2.31524,0.0
-0.37158,-2.28666,0.0
-0.37158,-2.25807,0.0
-0.37158,-2.22949,0.0
-0.37158,-2.20091,0.0
-0.37158,-2.17232,0.0
-0.37158,-2.14374,0.0
-0.37158,-2.11516,0.0
-0.37158,-2.08657,0.0
-0.37158,-2.05799,0.0
-0.37158,-2.02941,0.0
-0.37158,-2.00082,0.0
-0.37158,-1.97224,0.0
-0.37158,-1.94366,0.0
-0.37158,-1.91507,0.0
-0.37158,-1.88649,0.0
-0.37158,-1.85791,0.0
-0.37158,-1.82933,0.0
-0.37158,-1.80074,0.0
-0.37158,-1.77216,0.0
-0.37158,-1.74358,0.0
-0.37158,-1.71499,0.0
-0.37158,-1.68641,0.0
-0.37158,-1.65783,0.0
-0.37158,-1.62924,0.0
-0.37158,-1.60066,0.0
-0.37158,-1.57208,0.0
-0.37158,-1.54349,0.0
-0.37158,-1.51491,0.0
-0.37158,-1.48633,0.0
-0.37158,-1.45774,0.0
-0.37158,-1.42916,0.0
-0.37158,-1.40058,0.0
-0.37158,-1.37199,0.0
-0.37158,-1.34341,0.0
-0.37158,-1.31483,0.0
-0.37158,-1.28624,0.0
-0.37158,-1.25766,0.0
-0.37158,-1.22908,0.0
-0.37158,-1.20049,0.0
-0.37158,-1.17191,0.0
-0.37158,-1.14333,0.0
-0.37158,-1.11474,0.0
-0.37158,-1.08616,0.0
-0.37158,-1.05758,0.0
-0.37158,-1.029,0.0
-0.37158,-1.00041,0.0
-0.37158,-0.97183,0.0
-0.37158,-0.94325,0.0
-0.37158,-0.91466,0.0
-0.37158,-0.88608,0.0
-0.37158,-0.8575,0.0
-0.37158,-0.82891,0.0
-0.37158,-0.80033,0.0
-0.37158,-0.77175,0.0
-0.37158,-0.74316,0.0
-0.37158,-0.71458,0.0
-0.37158,-0.686,0.0
-0.37158,-0.65741,0.0
-0.37158,-0.62883,0.0
-0.37158,-0.60025,0.0
-0.37158,-0.57166,0.0
-0.37158,-0.54308,0.0
-0.37158,-0.5145,0.0
-0.37158,-0.48591,0.0
-0.37158,-0.45733,0.0
-0.37158,-0.42875,0.0
-0.37158,-0.40016,0.0
-0.37158,-0.37158,0.0
-0.37158,-0.343,0.0
-0.37158,-0.31442,0.0
-0.37158,-0.28583,0.0
-0.37158,-0.25725,0.0
-0.37158,-0.22867,0.0
-0.37158,-0.20008,0.0
-0.37158,-0.1715,0.0
-0.37158,-0.14292,0.0
-0.37158,-0.11433,0.0
-0.37158,-0.08575,0.0
-0.37158,-0.05717,0.0
-0.37158,-0.02858,0.0
-0.37158,0,0.0
-0.37158,0.02858,0.0
-0.37158,0.05717,0.0
-0.37158,0.08575,0.0
-0.37158,0.11433,0.0
-0.37158,0.14292,0.0
-0.37158,0.1715,0.0
-0.37158,0.20008,0.0
-0.37158,0.22867,0.0
-0.37158,0.25725,0.0
-0.37158,0.28583,0.0
-0.37158,0.31442,0.0
-0.37158,0.343,0.0
-0.37158,0.37158,0.0
-0.37158,0.40016,0.0
-0.37158,0.42875,0.0
-0.37158,0.45733,0.0
-0.37158,0.48591,0.0
-0.37158,0.5145,0.0
-0.37158,0.54308,0.0
-0.37158,0.57166,0.0
-0.37158,0.60025,0.0
-0.37158,0.62883,0.0
-0.37158,0.65741,0.0
-0.37158,0.686,0.0
-0.37158,0.71458,0.0
-0.37158,0.74316,0.0
-0.37158,0.77175,0.0
-0.37158,0.80033,0.0
-0.37158,0.82891,0.0
-0.37158,0.8575,0.0
-0.37158,0.88608,0.0
-0.37158,0.91466,0.0
-0.37158,0.94325,0.0
-0.37158,0.97183,0.0
-0.37158,1.00041,0.0
-0.37158,1.029,0.0
-0.37158,1.05758,0.0
-0.37158,1.08616,0.0
-0.37158,1.11474,0.0
-0.37158,1.14333,0.0
-0.37158,1.17191,0.0
-0.37158,1.20049,0.0
-0.37158,1.22908,0.0
-0.37158,1.25766,0.0
-0.37158,1.28624,0.0
-0.37158,1.31483,0.0
-0.37158,1.34341,0.0
-0.37158,1.37199,0.0
-0.37158,1.40058,0.0
-0.37158,1.42916,0.0
-0.37158,1.45774,0.0
-0.37158,1.48633,0.0
-0.37158,1.51491,0.0
-0.37158,1.54349,0.0
-0.37158,1.57208,0.0
-0.37158,1.60066,0.0
-0.37158,1.62924,0.0
-0.37158,1.65783,0.0
-0.37158,1.68641,0.0
-0.37158,1.71499,0.0
-0.37158,1.74358,0.0
-0.37158,1.77216,0.0
-0.37158,1.80074,0.0
-0.37158,1.82933,0.0
-0.37158,1.85791,0.0
-0.37158,1.88649,0.0
-0.37158,1.91507,0.0
-0.37158,1.94366,0.0
-0.37158,1.97224,0.0
-0.37158,2.00082,0.0
-0.37158,2.02941,0.0
-0.37158,2.05799,0.0
-0.37158,2.08657,0.0
-0.37158,2.11516,0.0
-0.37158,2.14374,0.0
-0.37158,2.17232,0.0
-0.37158,2.20091,0.0
-0.37158,2.22949,0.0
-0.37158,2.25807,0.0
-0.37158,2.28666,0.0
-0.37158,2.31524,0.0
-0.37158,2.34382,0.0
-0.37158,2.37241,0.0
-0.37158,2.40099,0.0
-0.37158,2.42957,0.0
-0.37158,2.45816,0.0
-0.37158,2.48674,0.0
-0.37158,2.51532,0.0
-0.37158,2.54391,0.0
-0.37158,2.57249,0.0
-0.37158,2.60107,0.0
-0.37158,2.62965,0.0
-0.37158,2.65824,0.0
-0.37158,2.68682,0.0
-0.37158,2.7154,0.0
-0.37158,2.74399,0.0
-0.37158,2.77257,0.0
-0.343,-2.77257,0.0
-0.343,-2.74399,0.0
-0.343,-2.7154,0.0
-0.343,-2.68682,0.0
-0.343,-2.65824,0.0
-0.343,-2.62965,0.0
-0.343,-2.60107,0.0
-0.343,-2.57249,0.0
-0.343,-2.54391,0.0
-0.343,-2.51532,0.0
-0.343,-2.48674,0.0
-0.343,-2.45816,0.0
-0.343,-2.42957,0.0
-0.343,-2.40099,0.0
-0.343,-2.37241,0.0
-0.343,-2.34382,0.0
-0.343,-2.31524,0.0
-0.343,-2.28666,0.0
-0.343,-2.25807,0.0
-0.343,-2.22949,0.0
-0.343,-2.20091,0.0
-0.343,-2.17232,0.0
-0.343,-2.14374,0.0
-0.343,-2.11516,0.0
-0.343,-2.08657,0.0
-0.343,-2.05799,0.0
-0.343,-2.02941,0.0
-0.343,-2.00082,0.0
-0.343,-1.97224,0.0
-0.343,-1.94366,0.0
-0.343,-1.91507,0.0
-0.343,-1.88649,0.0
-0.343,-1.85791,0.0
-0.343,-1.82933,0.0
-0.343,-1.80074,0.0
-0.343,-1.77216,0.0
-0.343,-1.74358,0.0
-0.343,-1.71499,0.0
-0.343,-1.68641,0.0
-0.343,-1.65783,0.0
-0.343,-1.62924,0.0
-0.343,-1.60066,0.0
-0.343,-1.57208,0.0
-0.343,-1.54349,0.0
-0.343,-1.51491,0.0
-0.343,-1.48633,0.0
-0.343,-1.45774,0.0
-0.343,-1.42916,0.0
-0.343,-1.40058,0.0
-0.343,-1.37199,0.0
-0.343,-1.34341,0.0
-0.343,-1.31483,0.0
-0.343,-1.28624,0.0
-0.343,-1.25766,0.0
-0.343,-1.22908,0.0
-0.343,-1.20049,0.0
-0.343,-1.17191,0.0
-0.343,-1.14333,0.0
-0.343,-1.11474,0.0
-0.343,-1.08616,0.0
-0.343,-1.05758,0.0
-0.343,-1.029,0.0
-0.343,-1.00041,0.0
-0.343,-0.97183,0.0
-0.343,-0.94325,0.0
-0.343,-0.91466,0.0
-0.343,-0.88608,0.0
-0.343,-0.8575,0.0
-0.343,-0.82891,0.0
-0.343,-0.80033,0.0
-0.343,-0.77175,0.0
-0.343,-0.74316,0.0
-0.343,-0.71458,0.0
-0.343,-0.686,0.0
-0.343,-0.65741,0.0
-0.343,-0.62883,0.0
-0.343,-0.60025,0.0
-0.343,-0.57166,0.0
-0.343,-0.54308,0.0
-0.343,-0.5145,0.0
-0.343,-0.48591,0.0
-0.343,-0.45733,0.0
-0.343,-0.42875,0.0
-0.343,-0.40016,0.0
-0.343,-0.37158,0.0
-0.343,-0.343,0.0
-0.343,-0.31442,0.0
-0.343,-0.28583,0.0
-0.343,-0.25725,0.0
-0.343,-0.22867,0.0
-0.343,-0.20008,0.0
-0.343,-0.1715,0.0
-0.343,-0.14292,0.0
-0.343,-0.11433,0.0
-0.343,-0.08575,0.0
-0.343,-0.05717,0.0
-0.343,-0.02858,0.0
-0.343,0,0.0
-0.343,0.02858,0.0
-0.343,0.05717,0.0
-0.343,0.08575,0.0
-0.343,0.11433,0.0
-0.343,0.14292,0.0
-0.343,0.1715,0.0
-0.343,0.20008,0.0
-0.343,0.22867,0.0
-0.343,0.25725,0.0
-0.343,0.28583,0.0
-0.343,0.31442,0.0
-0.343,0.343,0.0
-0.343,0.37158,0.0
-0.343,0.40016,0.0
-0.343,0.42875,0.0
-0.343,0.45733,0.0
-0.343,0.48591,0.0
-0.343,0.5145,0.0
-0.343,0.54308,0.0
-0.343,0.57166,0.0
-0.343,0.60025,0.0
-0.343,0.62883,0.0
-0.343,0.65741,0.0
-0.343,0.686,0.0
-0.343,0.71458,0.0
-0.343,0.74316,0.0
-0.343,0.77175,0.0
-0.343,0.80033,0.0
-0.343,0.82891,0.0
-0.343,0.8575,0.0
-0.343,0.88608,0.0
-0.343,0.91466,0.0
-0.343,0.94325,0.0
-0.343,0.97183,0.0
-0.343,1.00041,0.0
-0.343,1.029,0.0
-0.343,1.05758,0.0
-0.343,1.08616,0.0
-0.343,1.11474,0.0
-0.343,1.14333,0.0
-0.343,1.17191,0.0
-0.343,1.20049,0.0
-0.343,1.22908,0.0
-0.343,1.25766,0.0
-0.343,1.28624,0.0
-0.343,1.31483,0.0
-0.343,1.34341,0.0
-0.343,1.37199,0.0
-0.343,1.40058,0.0
-0.343,1.42916,0.0
-0.343,1.45774,0.0
-0.343,1.48633,0.0
-0.343,1.51491,0.0
-0.343,1.54349,0.0
-0.343,1.57208,0.0
-0.343,1.60066,0.0
-0.343,1.62924,0.0
-0.343,1.65783,0.0
-0.343,1.68641,0.0
-0.343,1.71499,0.0
-0.343,1.74358,0.0
-0.343,1.77216,0.0
-0.343,1.80074,0.0
-0.343,1.82933,0.0
-0.343,1.85791,0.0
-0.343,1.88649,0.0
-0.343,1.91507,0.0
-0.343,1.94366,0.0
-0.343,1.97224,0.0
-0.343,2.00082,0.0
-0.343,2.02941,0.0
-0.343,2.05799,0.0
-0.343,2.08657,0.0
-0.343,2.11516,0.0
-0.343,2.14374,0.0
-0.343,2.17232,0.0
-0.343,2.20091,0.0
-0.343,2.22949,0.0
-0.343,2.25807,0.0
-0.343,2.28666,0.0
-0.343,2.31524,0.0
-0.343,2.34382,0.0
-0.343,2.37241,0.0
-0.343,2.40099,0.0
-0.343,2.42957,0.0
-0.343,2.45816,0.0
-0.343,2.48674,0.0
-0.343,2.51532,0.0
-0.343,2.54391,0.0
-0.343,2.57249,0.0
-0.343,2.60107,0.0
-0.343,2.62965,0.0
-0.343,2.65824,0.0
-0.343,2.68682,0.0
-0.343,2.7154,0.0
-0.343,2.74399,0.0
-0.343,2.77257,0.0
-0.31442,-2.77257,0.0
-0.31442,-2.74399,0.0
-0.31442,-2.7154,0.0
-0.31442,-2.68682,0.0
-0.31442,-2.65824,0.0
-0.31442,-2.62965,0.0
-0.31442,-2.60107,0.0
-0.31442,-2.57249,0.0
-0.31442,-2.54391,0.0
-0.31442,-2.51532,0.0
-0.31442,-2.48674,0.0
-0.31442,-2.45816,0.0
-0.31442,-2.42957,0.0
-0.31442,-2.40099,0.0
-0.31442,-2.37241,0.0
-0.31442,-2.34382,0.0
-0.31442,-2.31524,0.0
-0.31442,-2.28666,0.0
-0.31442,-2.25807,0.0
-0.31442,-2.22949,0.0
-0.31442,-2.20091,0.0
-0.31442,-2.17232,0.0
-0.31442,-2.14374,0.0
-0.31442,-2.11516,0.0
-0.31442,-2.08657,0.0
-0.31442,-2.05799,0.0
-0.31442,-2.02941,0.0
-0.31442,-2.00082,0.0
-0.31442,-1.97224,0.0
-0.31442,-1.94366,0.0
-0.31442,-1.91507,0.0
-0.31442,-1.88649,0.0
-0.31442,-1.85791,0.0
-0.31442,-1.82933,0.0
-0.31442,-1.80074,0.0
-0.31442,-1.77216,0.0
-0.31442,-1.74358,0.0
-0.31442,-1.71499,0.0
-0.31442,-1.68641,0.0
-0.31442,-1.65783,0.0
-0.31442,-1.62924,0.0
-0.31442,-1.60066,0.0
-0.31442,-1.57208,0.0
-0.31442,-1.54349,0.0
-0.31442,-1.51491,0.0
-0.31442,-1.48633,0.0
-0.31442,-1.45774,0.0
-0.31442,-1.42916,0.0
-0.31442,-1.40058,0.0
-0.31442,-1.37199,0.0
-0.31442,-1.34341,0.0
-0.31442,-1.31483,0.0
-0.31442,-1.28624,0.0
-0.31442,-1.25766,0.0
-0.31442,-1.22908,0.0
-0.31442,-1.20049,0.0
-0.31442,-1.17191,0.0
-0.31442,-1.14333,0.0
-0.31442,-1.11474,0.0
-0.31442,-1.08616,0.0
-0.31442,-1.05758,0.0
-0.31442,-1.029,0.0
-0.31442,-1.00041,0.0
-0.31442,-0.97183,0.0
-0.31442,-0.94325,0.0
-0.31442,-0.91466,0.0
-0.31442,-0.88608,0.0
-0.31442,-0.8575,0.0
-0.31442,-0.82891,0.0
-0.31442,-0.80033,0.0
-0.31442,-0.77175,0.0
-0.31442,-0.74316,0.0
-0.31442,-0.71458,0.0
-0.31442,-0.686,0.0
-0.31442,-0.65741,0.0
-0.31442,-0.62883,0.0
-0.31442,-0.60025,0.0
-0.31442,-0.57166,0.0
-0.31442,-0.54308,0.0
-0.31442,-0.5145,0.0
-0.31442,-0.48591,0.0
-0.31442,-0.45733,0.0
-0.31442,-0.42875,0.0
-0.31442,-0.40016,0.0
-0.31442,-0.37158,0.0
-0.31442,-0.343,0.0
-0.31442,-0.31442,0.0
-0.31442,-0.28583,0.0
-0.31442,-0.25725,0.0
-0.31442,-0.22867,0.0
-0.31442,-0.20008,0.0
-0.31442,-0.1715,0.0
-0.31442,-0.14292,0.0
-0.31442,-0.11433,0.0
-0.31442,-0.08575,0.0
-0.31442,-0.05717,0.0
-0.31442,-0.02858,0.0
-0.31442,0,0.0
-0.31442,0.02858,0.0
-0.31442,0.05717,0.0
-0.31442,0.08575,0.0
-0.31442,0.11433,0.0
-0.31442,0.14292,0.0
-0.31442,0.1715,0.0
-0.31442,0.20008,0.0
-0.31442,0.22867,0.0
-0.31442,0.25725,0.0
-0.31442,0.28583,0.0
-0.31442,0.31442,0.0
-0.31442,0.343,0.0
-0.31442,0.37158,0.0
-0.31442,0.40016,0.0
-0.31442,0.42875,0.0
-0.31442,0.45733,0.0
-0.31442,0.48591,0.0
-0.31442,0.5145,0.0
-0.31442,0.54308,0.0
-0.31442,0.57166,0.0
-0.31442,0.60025,0.0
-0.31442,0.62883,0.0
-0.31442,0.65741,0.0
-0.31442,0.686,0.0
-0.31442,0.71458,0.0
-0.31442,0.74316,0.0
-0.31442,0.77175,0.0
-0.31442,0.80033,0.0
-0.31442,0.82891,0.0
-0.31442,0.8575,0.0
-0.31442,0.88608,0.0
-0.31442,0.91466,0.0
-0.31442,0.94325,0.0
-0.31442,0.97183,0.0
-0.31442,1.00041,0.0
-0.31442,1.029,0.0
-0.31442,1.05758,0.0
-0.31442,1.08616,0.0
-0.31442,1.11474,0.0
-0.31442,1.14333,0.0
-0.31442,1.17191,0.0
-0.31442,1.20049,0.0
-0.31442,1.22908,0.0
-0.31442,1.25766,0.0
-0.31442,1.28624,0.0
-0.31442,1.31483,0.0
-0.31442,1.34341,0.0
-0.31442,1.37199,0.0
-0.31442,1.40058,0.0
-0.31442,1.42916,0.0
-0.31442,1.45774,0.0
-0.31442,1.48633,0.0
-0.31442,1.51491,0.0
-0.31442,1.54349,0.0
-0.31442,1.57208,0.0
-0.31442,1.60066,0.0
-0.31442,1.62924,0.0
-0.31442,1.65783,0.0
-0.31442,1.68641,0.0
-0.31442,1.71499,0.0
-0.31442,1.74358,0.0
-0.31442,1.77216,0.0
-0.31442,1.80074,0.0
-0.31442,1.82933,0.0
-0.31442,1.85791,0.0
-0.31442,1.88649,0.0
-0.31442,1.91507,0.0
-0.31442,1.94366,0.0
-0.31442,1.97224,0.0
-0.31442,2.00082,0.0
-0.31442,2.02941,0.0
-0.31442,2.05799,0.0
-0.31442,2.08657,0.0
-0.31442,2.11516,0.0
-0.31442,2.14374,0.0
-0.31442,2.17232,0.0
-0.31442,2.20091,0.0
-0.31442,2.22949,0.0
-0.31442,2.25807,0.0
-0.31442,2.28666,0.0
-0.31442,2.31524,0.0
-0.31442,2.34382,0.0
-0.31442,2.37241,0.0
-0.31442,2.40099,0.0
-0.31442,2.42957,0.0
-0.31442,2.45816,0.0
-0.31442,2.48674,0.0
-0.31442,2.51532,0.0
-0.31442,2.54391,0.0
-0.31442,2.57249,0.0
-0.31442,2.60107,0.0
-0.31442,2.62965,0.0
-0.31442,2.65824,0.0
-0.31442,2.68682,0.0
-0.31442,2.7154,0.0
-0.31442,2.74399,0.0
-0.31442,2.77257,0.0
-0.28583,-2.77257,0.0
-0.28583,-2.74399,0.0
-0.28583,-2.7154,0.0
-0.28583,-2.68682,0.0
-0.28583,-2.65824,0.0
-0.28583,-2.62965,0.0
-0.28583,-2.60107,0.0
-0.28583,-2.57249,0.0
-0.28583,-2.54391,0.0
-0.28583,-2.51532,0.0
-0.28583,-2.48674,0.0
-0.28583,-2.45816,0.0
-0.28583,-2.42957,0.0
-0.28583,-2.40099,0.0
-0.28583,-2.37241,0.0
-0.28583,-2.34382,0.0
-0.28583,-2.31524,0.0
-0.28583,-2.28666,0.0
-0.28583,-2.25807,0.0
-0.28583,-2.22949,0.0
-0.28583,-2.20091,0.0
-0.28583,-2.17232,0.0
-0.28583,-2.14374,0.0
-0.28583,-2.11516,0.0
-0.28583,-2.08657,0.0
-0.28583,-2.05799,0.0
-0.28583,-2.02941,0.0
-0.28583,-2.00082,0.0
-0.28583,-1.97224,0.0
-0.28583,-1.94366,0.0
-0.28583,-1.91507,0.0
-0.28583,-1.88649,0.0
-0.28583,-1.85791,0.0
-0.28583,-1.82933,0.0
-0.28583,-1.80074,0.0
-0.28583,-1.77216,0.0
-0.28583,-1.74358,0.0
-0.28583,-1.71499,0.0
-0.28583,-1.68641,0.0
-0.28583,-1.65783,0.0
-0.28583,-1.62924,0.0
-0.28583,-1.60066,0.0
-0.28583,-1.57208,0.0
-0.28583,-1.54349,0.0
-0.28583,-1.51491,0.0
-0.28583,-1.48633,0.0
-0.28583,-1.45774,0.0
-0.28583,-1.42916,0.0
-0.28583,-1.40058,0.0
-0.28583,-1.37199,0.0
-0.28583,-1.34341,0.0
-0.28583,-1.31483,0.0
-0.28583,-1.28624,0.0
-0.28583,-1.25766,0.0
-0.28583,-1.22908,0.0
-0.28583,-1.20049,0.0
-0.28583,-1.17191,0.0
-0.28583,-1.14333,0.0
-0.28583,-1.11474,0.0
-0.28583,-1.08616,0.0
-0.28583,-1.05758,0.0
-0.28583,-1.029,0.0
-0.28583,-1.00041,0.0
-0.28583,-0.97183,0.0
-0.28583,-0.94325,0.0
-0.28583,-0.91466,0.0
-0.28583,-0.88608,0.0
-0.28583,-0.8575,0.0
-0.28583,-0.82891,0.0
-0.28583,-0.80033,0.0
-0.28583,-0.77175,0.0
-0.28583,-0.74316,0.0
-0.28583,-0.71458,0.0
-0.28583,-0.686,0.0
-0.28583,-0.65741,0.0
-0.28583,-0.62883,0.0
-0.28583,-0.60025,0.0
-0.28583,-0.57166,0.0
-0.28583,-0.54308,0.0
-0.28583,-0.5145,0.0
-0.28583,-0.48591,0.0
-0.28583,-0.45733,0.0
-0.28583,-0.42875,0.0
-0.28583,-0.40016,0.0
-0.28583,-0.37158,0.0
-0.28583,-0.343,0.0
-0.28583,-0.31442,0.0
-0.28583,-0.28583,0.0
-0.28583,-0.25725,0.0
-0.28583,-0.22867,0.0
-0.28583,-0.20008,0.0
-0.28583,-0.1715,0.0
-0.28583,-0.14292,0.0
-0.28583,-0.11433,0.0
-0.28583,-0.08575,0.0
-0.28583,-0.05717,0.0
-0.28583,-0.02858,0.0
-0.28583,0,0.0
-0.28583,0.02858,0.0
-0.28583,0.05717,0.0
-0.28583,0.08575,0.0
-0.28583,0.11433,0.0
-0.28583,0.14292,0.0
-0.28583,0.1715,0.0
-0.28583,0.20008,0.0
-0.28583,0.22867,0.0
-0.28583,0.25725,0.0
-0.28583,0.28583,0.0
-0.28583,0.31442,0.0
-0.28583,0.343,0.0
-0.28583,0.37158,0.0
-0.28583,0.40016,0.0
-0.28583,0.42875,0.0
-0.28583,0.45733,0.0
-0.28583,0.48591,0.0
-0.28583,0.5145,0.0
-0.28583,0.54308,0.0
-0.28583,0.57166,0.0
-0.28583,0.60025,0.0
-0.28583,0.62883,0.0
-0.28583,0.65741,0.0
-0.28583,0.686,0.0
-0.28583,0.71458,0.0
-0.28583,0.74316,0.0
-0.28583,0.77175,0.0
-0.28583,0.80033,0.0
-0.28583,0.82891,0.0
-0.28583,0.8575,0.0
-0.28583,0.88608,0.0
-0.28583,0.91466,0.0
-0.28583,0.94325,0.0
-0.28583,0.97183,0.0
-0.28583,1.00041,0.0
-0.28583,1.029,0.0
-0.28583,1.05758,0.0
-0.28583,1.08616,0.0
-0.28583,1.11474,0.0
-0.28583,1.14333,0.0
-0.28583,1.17191,0.0
-0.28583,1.20049,0.0
-0.28583,1.22908,0.0
-0.28583,1.25766,0.0
-0.28583,1.28624,0.0
-0.28583,1.31483,0.0
-0.28583,1.34341,0.0
-0.28583,1.37199,0.0
-0.28583,1.40058,0.0
-0.28583,1.42916,0.0
-0.28583,1.45774,0.0
-0.28583,1.48633,0.0
-0.28583,1.51491,0.0
-0.28583,1.54349,0.0
-0.28583,1.57208,0.0
-0.28583,1.60066,0.0
-0.28583,1.62924,0.0
-0.28583,1.65783,0.0
-0.28583,1.68641,0.0
-0.28583,1.71499,0.0
-0.28583,1.74358,0.0
-0.28583,1.77216,0.0
-0.28583,1.80074,0.0
-0.28583,1.82933,0.0
-0.28583,1.85791,0.0
-0.28583,1.88649,0.0
-0.28583,1.91507,0.0
-0.28583,1.94366,0.0
-0.28583,1.97224,0.0
-0.28583,2.00082,0.0
-0.28583,2.02941,0.0
-0.28583,2.05799,0.0
-0.28583,2.08657,0.0
-0.28583,2.11516,0.0
-0.28583,2.14374,0.0
-0.28583,2.17232,0.0
-0.28583,2.20091,0.0
-0.28583,2.22949,0.0
-0.28583,2.25807,0.0
-0.28583,2.28666,0.0
-0.28583,2.31524,0.0
-0.28583,2.34382,0.0
-0.28583,2.37241,0.0
-0.28583,2.40099,0.0
-0.28583,2.42957,0.0
-0.28583,2.45816,0.0
-0.28583,2.48674,0.0
-0.28583,2.51532,0.0
-0.28583,2.54391,0.0
-0.28583,2.57249,0.0
-0.28583,2.60107,0.0
-0.28583,2.62965,0.0
-0.28583,2.65824,0.0
-0.28583,2.68682,0.0
-0.28583,2.7154,0.0
-0.28583,2.74399,0.0
-0.28583,2.77257,0.0
-0.25725,-2.77257,0.0
-0.25725,-2.74399,0.0
-0.25725,-2.7154,0.0
-0.25725,-2.68682,0.0
-0.25725,-2.65824,0.0
-0.25725,-2.62965,0.0
-0.25725,-2.60107,0.0
-0.25725,-2.57249,0.0
-0.25725,-2.54391,0.0
-0.25725,-2.51532,0.0
-0.25725,-2.48674,0.0
-0.25725,-2.45816,0.0
-0.25725,-2.42957,0.0
-0.25725,-2.40099,0.0
-0.25725,-2.37241,0.0
-0.25725,-2.34382,0.0
-0.25725,-2.31524,0.0
-0.25725,-2.28666,0.0
-0.25725,-2.25807,0.0
-0.25725,-2.22949,0.0
-0.25725,-2.20091,0.0
-0.25725,-2.17232,0.0
-0.25725,-2.14374,0.0
-0.25725,-2.11516,0.0
-0.25725,-2.08657,0.0
-0.25725,-2.05799,0.0
-0.25725,-2.02941,0.0
-0.25725,-2.00082,0.0
-0.25725,-1.97224,0.0
-0.25725,-1.94366,0.0
-0.25725,-1.91507,0.0
-0.25725,-1.88649,0.0
-0.25725,-1.85791,0.0
-0.25725,-1.82933,0.0
-0.25725,-1.80074,0.0
-0.25725,-1.77216,0.0
-0.25725,-1.74358,0.0
-0.25725,-1.71499,0.0
-0.25725,-1.68641,0.0
-0.25725,-1.65783,0.0
-0.25725,-1.62924,0.0
-0.25725,-1.60066,0.0
-0.25725,-1.57208,0.0
-0.25725,-1.54349,0.0
-0.25725,-1.51491,0.0
-0.25725,-1.48633,0.0
-0.25725,-1.45774,0.0
-0.25725,-1.42916,0.0
-0.25725,-1.40058,0.0
-0.25725,-1.37199,0.0
-0.25725,-1.34341,0.0
-0.25725,-1.31483,0.0
-0.25725,-1.28624,0.0
-0.25725,-1.25766,0.0
-0.25725,-1.22908,0.0
-0.25725,-1.20049,0.0
-0.25725,-1.17191,0.0
-0.25725,-1.14333,0.0
-0.25725,-1.11474,0.0
-0.25725,-1.08616,0.0
-0.25725,-1.05758,0.0
-0.25725,-1.029,0.0
-0.25725,-1.00041,0.0
-0.25725,-0.97183,0.0
-0.25725,-0.94325,0.0
-0.25725,-0.91466,0.0
-0.25725,-0.88608,0.0
-0.25725,-0.8575,0.0
-0.25725,-0.82891,0.0
-0.25725,-0.80033,0.0
-0.25725,-0.77175,0.0
-0.25725,-0.74316,0.0
-0.25725,-0.71458,0.0
-0.25725,-0.686,0.0
-0.25725,-0.65741,0.0
-0.25725,-0.62883,0.0
-0.25725,-0.60025,0.0
-0.25725,-0.57166,0.0
-0.25725,-0.54308,0.0
-0.25725,-0.5145,0.0
-0.25725,-0.48591,0.0
-0.25725,-0.45733,0.0
-0.25725,-0.42875,0.0
-0.25725,-0.40016,0.0
-0.25725,-0.37158,0.0
-0.25725,-0.343,0.0
-0.25725,-0.31442,0.0
-0.25725,-0.28583,0.0
-0.25725,-0.25725,0.0
-0.25725,-0.22867,0.0
-0.25725,-0.20008,0.0
-0.25725,-0.1715,0.0
-0.25725,-0.14292,0.0
-0.25725,-0.11433,0.0
-0.25725,-0.08575,0.0
-0.25725,-0.05717,0.0
-0.25725,-0.02858,0.0
-0.25725,0,0.0
-0.25725,0.02858,0.0
-0.25725,0.05717,0.0
-0.25725,0.08575,0.0
-0.25725,0.11433,0.0
-0.25725,0.14292,0.0
-0.25725,0.1715,0.0
-0.25725,0.20008,0.0
-0.25725,0.22867,0.0
-0.25725,0.25725,0.0
-0.25725,0.28583,0.0
-0.25725,0.31442,0.0
-0.25725,0.343,0.0
-0.25725,0.37158,0.0
-0.25725,0.40016,0.0
-0.25725,0.42875,0.0
-0.25725,0.45733,0.0
-0.25725,0.48591,0.0
-0.25725,0.5145,0.0
-0.25725,0.54308,0.0
-0.25725,0.57166,0.0
-0.25725,0.60025,0.0
-0.25725,0.62883,0.0
-0.25725,0.65741,0.0
-0.25725,0.686,0.0
-0.25725,0.71458,0.0
-0.25725,0.74316,0.0
-0.25725,0.77175,0.0
-0.25725,0.80033,0.0
-0.25725,0.82891,0.0
-0.25725,0.8575,0.0
-0.25725,0.88608,0.0
-0.25725,0.91466,0.0
-0.25725,0.94325,0.0
-0.25725,0.97183,0.0
-0.25725,1.00041,0.0
-0.25725,1.029,0.0
-0.25725,1.05758,0.0
-0.25725,1.08616,0.0
-0.25725,1.11474,0.0
-0.25725,1.14333,0.0
-0.25725,1.17191,0.0
-0.25725,1.20049,0.0
-0.25725,1.22908,0.0
-0.25725,1.25766,0.0
-0.25725,1.28624,0.0
-0.25725,1.31483,0.0
-0.25725,1.34341,0.0
-0.25725,1.37199,0.0
-0.25725,1.40058,0.0
-0.25725,1.42916,0.0
-0.25725,1.45774,0.0
-0.25725,1.48633,0.0
-0.25725,1.51491,0.0
-0.25725,1.54349,0.0
-0.25725,1.57208,0.0
-0.25725,1.60066,0.0
-0.25725,1.62924,0.0
-0.25725,1.65783,0.0
-0.25725,1.68641,0.0
-0.25725,1.71499,0.0
-0.25725,1.74358,0.0
-0.25725,1.77216,0.0
-0.25725,1.80074,0.0
-0.25725,1.82933,0.0
-0.25725,1.85791,0.0
-0.25725,1.88649,0.0
-0.25725,1.91507,0.0
-0.25725,1.94366,0.0
-0.25725,1.97224,0.0
-0.25725,2.00082,0.0
-0.25725,2.02941,0.0
-0.25725,2.05799,0.0
-0.25725,2.08657,0.0
-0.25725,2.11516,0.0
-0.25725,2.14374,0.0
-0.25725,2.17232,0.0
-0.25725,2.20091,0.0
-0.25725,2.22949,0.0
-0.25725,2.25807,0.0
-0.25725,2.28666,0.0
-0.25725,2.31524,0.0
-0.25725,2.34382,0.0
-0.25725,2.37241,0.0
-0.25725,2.40099,0.0
-0.25725,2.42957,0.0
-0.25725,2.45816,0.0
-0.25725,2.48674,0.0
-0.25725,2.51532,0.0
-0.25725,2.54391,0.0
-0.25725,2.57249,0.0
-0.25725,2.60107,0.0
-0.25725,2.62965,0.0
-0.25725,2.65824,0.0
-0.25725,2.68682,0.0
-0.25725,2.7154,0.0
-0.25725,2.74399,0.0
-0.25725,2.77257,0.0
-0.22867,-2.77257,0.0
-0.22867,-2.74399,0.0
-0.22867,-2.7154,0.0
-0.22867,-2.68682,0.0
-0.22867,-2.65824,0.0
-0.22867,-2.62965,0.0
-0.22867,-2.60107,0.0
-0.22867,-2.57249,0.0
-0.22867,-2.54391,0.0
-0.22867,-2.51532,0.0
-0.22867,-2.48674,0.0
-0.22867,-2.45816,0.0
-0.22867,-2.42957,0.0
-0.22867,-2.40099,0.0
-0.22867,-2.37241,0.0
-0.22867,-2.34382,0.0
-0.22867,-2.31524,0.0
-0.22867,-2.28666,0.0
-0.22867,-2.25807,0.0
-0.22867,-2.22949,0.0
-0.22867,-2.20091,0.0
-0.22867,-2.17232,0.0
-0.22867,-2.14374,0.0
-0.22867,-2.11516,0.0
-0.22867,-2.08657,0.0
-0.22867,-2.05799,0.0
-0.22867,-2.02941,0.0
-0.22867,-2.00082,0.0
-0.22867,-1.97224,0.0
-0.22867,-1.94366,0.0
-0.22867,-1.91507,0.0
-0.22867,-1.88649,0.0
-0.22867,-1.85791,0.0
-0.22867,-1.82933,0.0
-0.22867,-1.80074,0.0
-0.22867,-1.77216,0.0
-0.22867,-1.74358,0.0
-0.22867,-1.71499,0.0
-0.22867,-1.68641,0.0
-0.22867,-1.65783,0.0
-0.22867,-1.62924,0.0
-0.22867,-1.60066,0.0
-0.22867,-1.57208,0.0
-0.22867,-1.54349,0.0
-0.22867,-1.51491,0.0
-0.22867,-1.48633,0.0
-0.22867,-1.45774,0.0
-0.22867,-1.42916,0.0
-0.22867,-1.40058,0.0
-0.22867,-1.37199,0.0
-0.22867,-1.34341,0.0
-0.22867,-1.31483,0.0
-0.22867,-1.28624,0.0
-0.22867,-1.25766,0.0
-0.22867,-1.22908,0.0
-0.22867,-1.20049,0.0
-0.22867,-1.17191,0.0
-0.22867,-1.14333,0.0
-0.22867,-1.11474,0.0
-0.22867,-1.08616,0.0
-0.22867,-1.05758,0.0
-0.22867,-1.029,0.0
-0.22867,-1.00041,0.0
-0.22867,-0.97183,0.0
-0.22867,-0.94325,0.0
-0.22867,-0.91466,0.0
-0.22867,-0.88608,0.0
-0.22867,-0.8575,0.0
-0.22867,-0.82891,0.0
-0.22867,-0.80033,0.0
-0.22867,-0.77175,0.0
-0.22867,-0.74316,0.0
-0.22867,-0.71458,0.0
-0.22867,-0.686,0.0
-0.22867,-0.65741,0.0
-0.22867,-0.62883,0.0
-0.22867,-0.60025,0.0
-0.22867,-0.57166,0.0
-0.22867,-0.54308,0.0
-0.22867,-0.5145,0.0
-0.22867,-0.48591,0.0
-0.22867,-0.45733,0.0
-0.22867,-0.42875,0.0
-0.22867,-0.40016,0.0
-0.22867,-0.37158,0.0
-0.22867,-0.343,0.0
-0.22867,-0.31442,0.0
-0.22867,-0.28583,0.0
-0.22867,-0.25725,0.0
-0.22867,-0.22867,0.0
-0.22867,-0.20008,0.0
-0.22867,-0.1715,0.0
-0.22867,-0.14292,0.0
-0.22867,-0.11433,0.0
-0.22867,-0.08575,0.0
-0.22867,-0.05717,0.0
-0.22867,-0.02858,0.0
-0.22867,0,0.0
-0.22867,0.02858,0.0
-0.22867,0.05717,0.0
-0.22867,0.08575,0.0
-0.22867,0.11433,0.0
-0.22867,0.14292,0.0
-0.22867,0.1715,0.0
-0.22867,0.20008,0.0
-0.22867,0.22867,0.0
-0.22867,0.25725,0.0
-0.22867,0.28583,0.0
-0.22867,0.31442,0.0
-0.22867,0.343,0.0
-0.22867,0.37158,0.0
-0.22867,0.40016,0.0
-0.22867,0.42875,0.0
-0.22867,0.45733,0.0
-0.22867,0.48591,0.0
-0.22867,0.5145,0.0
-0.22867,0.54308,0.0
-0.22867,0.57166,0.0
-0.22867,0.60025,0.0
-0.22867,0.62883,0.0
-0.22867,0.65741,0.0
-0.22867,0.686,0.0
-0.22867,0.71458,0.0
-0.22867,0.74316,0.0
-0.22867,0.77175,0.0
-0.22867,0.80033,0.0
-0.22867,0.82891,0.0
-0.22867,0.8575,0.0
-0.22867,0.88608,0.0
-0.22867,0.91466,0.0
-0.22867,0.94325,0.0
-0.22867,0.97183,0.0
-0.22867,1.00041,0.0
-0.22867,1.029,0.0
-0.22867,1.05758,0.0
-0.22867,1.08616,0.0
-0.22867,1.11474,0.0
-0.22867,1.14333,0.0
-0.22867,1.17191,0.0
-0.22867,1.20049,0.0
-0.22867,1.22908,0.0
-0.22867,1.25766,0.0
-0.22867,1.28624,0.0
-0.22867,1.31483,0.0
-0.22867,1.34341,0.0
-0.22867,1.37199,0.0
-0.22867,1.40058,0.0
-0.22867,1.42916,0.0
-0.22867,1.45774,0.0
-0.22867,1.48633,0.0
-0.22867,1.51491,0.0
-0.22867,1.54349,0.0
-0.22867,1.57208,0.0
-0.22867,1.60066,0.0
-0.22867,1.62924,0.0
-0.22867,1.65783,0.0
-0.22867,1.68641,0.0
-0.22867,1.71499,0.0
-0.22867,1.74358,0.0
-0.22867,1.77216,0.0
-0.22867,1.80074,0.0
-0.22867,1.82933,0.0
-0.22867,1.85791,0.0
-0.22867,1.88649,0.0
-0.22867,1.91507,0.0
-0.22867,1.94366,0.0
-0.22867,1.97224,0.0
-0.22867,2.00082,0.0
-0.22867,2.02941,0.0
-0.22867,2.05799,0.0
-0.22867,2.08657,0.0
-0.22867,2.11516,0.0
-0.22867,2.14374,0.0
-0.22867,2.17232,0.0
-0.22867,2.20091,0.0
-0.22867,2.22949,0.0
-0.22867,2.25807,0.0
-0.22867,2.28666,0.0
-0.22867,2.31524,0.0
-0.22867,2.34382,0.0
-0.22867,2.37241,0.0
-0.22867,2.40099,0.0
-0.22867,2.42957,0.0
-0.22867,2.45816,0.0
-0.22867,2.48674,0.0
-0.22867,2.51532,0.0
-0.22867,2.54391,0.0
-0.22867,2.57249,0.0
-0.22867,2.60107,0.0
-0.22867,2.62965,0.0
-0.22867,2.65824,0.0
-0.22867,2.68682,0.0
-0.22867,2.7154,0.0
-0.22867,2.74399,0.0
-0.22867,2.77257,0.0
-0.20008,-2.77257,0.0
-0.20008,-2.74399,0.0
-0.20008,-2.7154,0.0
-0.20008,-2.68682,0.0
-0.20008,-2.65824,0.0
-0.20008,-2.62965,0.0
-0.20008,-2.60107,0.0
-0.20008,-2.57249,0.0
-0.20008,-2.54391,0.0
-0.20008,-2.51532,0.0
-0.20008,-2.48674,0.0
-0.20008,-2.45816,0.0
-0.20008,-2.42957,0.0
-0.20008,-2.40099,0.0
-0.20008,-2.37241,0.0
-0.20008,-2.34382,0.0
-0.20008,-2.31524,0.0
-0.20008,-2.28666,0.0
-0.20008,-2.25807,0.0
-0.20008,-2.22949,0.0
-0.20008,-2.20091,0.0
-0.20008,-2.17232,0.0
-0.20008,-2.14374,0.0
-0.20008,-2.11516,0.0
-0.20008,-2.08657,0.0
-0.20008,-2.05799,0.0
-0.20008,-2.02941,0.0
-0.20008,-2.00082,0.0
-0.20008,-1.97224,0.0
-0.20008,-1.94366,0.0
-0.20008,-1.91507,0.0
-0.20008,-1.88649,0.0
-0.20008,-1.85791,0.0
-0.20008,-1.82933,0.0
-0.20008,-1.80074,0.0
-0.20008,-1.77216,0.0
-0.20008,-1.74358,0.0
-0.20008,-1.71499,0.0
-0.20008,-1.68641,0.0
-0.20008,-1.65783,0.0
-0.20008,-1.62924,0.0
-0.20008,-1.60066,0.0
-0.20008,-1.57208,0.0
-0.20008,-1.54349,0.0
-0.20008,-1.51491,0.0
-0.20008,-1.48633,0.0
-0.20008,-1.45774,0.0
-0.20008,-1.42916,0.0
-0.20008,-1.40058,0.0
-0.20008,-1.37199,0.0
-0.20008,-1.34341,0.0
-0.20008,-1.31483,0.0
-0.20008,-1.28624,0.0
-0.20008,-1.25766,0.0
-0.20008,-1.22908,0.0
-0.20008,-1.20049,0.0
-0.20008,-1.17191,0.0
-0.20008,-1.14333,0.0
-0.20008,-1.11474,0.0
-0.20008,-1.08616,0.0
-0.20008,-1.05758,0.0
-0.20008,-1.029,0.0
-0.20008,-1.00041,0.0
-0.20008,-0.97183,0.0
-0.20008,-0.94325,0.0
-0.20008,-0.91466,0.0
-0.20008,-0.88608,0.0
-0.20008,-0.8575,0.0
-0.20008,-0.82891,0.0
-0.20008,-0.80033,0.0
-0.20008,-0.77175,0.0
-0.20008,-0.74316,0.0
-0.20008,-0.71458,0.0
-0.20008,-0.686,0.0
-0.20008,-0.65741,0.0
-0.20008,-0.62883,0.0
-0.20008,-0.60025,0.0
-0.20008,-0.57166,0.0
-0.20008,-0.54308,0.0
-0.20008,-0.5145,0.0
-0.20008,-0.48591,0.0
-0.20008,-0.45733,0.0
-0.20008,-0.42875,0.0
-0.20008,-0.40016,0.0
-0.20008,-0.37158,0.0
-0.20008,-0.343,0.0
-0.20008,-0.31442,0.0
-0.20008,-0.28583,0.0
-0.20008,-0.25725,0.0
-0.20008,-0.22867,0.0
-0.20008,-0.20008,0.0
-0.20008,-0.1715,0.0
-0.20008,-0.14292,0.0
-0.20008,-0.11433,0.0
-0.20008,-0.08575,0.0
-0.20008,-0.05717,0.0
-0.20008,-0.02858,0.0
-0.20008,0,0.0
-0.20008,0.02858,0.0
-0.20008,0.05717,0.0
-0.20008,0.08575,0.0
-0.20008,0.11433,0.0
-0.20008,0.14292,0.0
-0.20008,0.1715,0.0
-0.20008,0.20008,0.0
-0.20008,0.22867,0.0
-0.20008,0.25725,0.0
-0.20008,0.28583,0.0
-0.20008,0.31442,0.0
-0.20008,0.343,0.0
-0.20008,0.37158,0.0
-0.20008,0.40016,0.0
-0.20008,0.42875,0.0
-0.20008,0.45733,0.0
-0.20008,0.48591,0.0
-0.20008,0.5145,0.0
-0.20008,0.54308,0.0
-0.20008,0.57166,0.0
-0.20008,0.60025,0.0
-0.20008,0.62883,0.0
-0.20008,0.65741,0.0
-0.20008,0.686,0.0
-0.20008,0.71458,0.0
-0.20008,0.74316,0.0
-0.20008,0.77175,0.0
-0.20008,0.80033,0.0
-0.20008,0.82891,0.0
-0.20008,0.8575,0.0
-0.20008,0.88608,0.0
-0.20008,0.91466,0.0
-0.20008,0.94325,0.0
-0.20008,0.97183,0.0
-0.20008,1.00041,0.0
-0.20008,1.029,0.0
-0.20008,1.05758,0.0
-0.20008,1.08616,0.0
-0.20008,1.11474,0.0
-0.20008,1.14333,0.0
-0.20008,1.17191,0.0
-0.20008,1.20049,0.0
-0.20008,1.22908,0.0
-0.20008,1.25766,0.0
-0.20008,1.28624,0.0
-0.20008,1.31483,0.0
-0.20008,1.34341,0.0
-0.20008,1.37199,0.0
-0.20008,1.40058,0.0
-0.20008,1.42916,0.0
-0.20008,1.45774,0.0
-0.20008,1.48633,0.0
-0.20008,1.51491,0.0
-0.20008,1.54349,0.0
-0.20008,1.57208,0.0
-0.20008,1.60066,0.0
-0.20008,1.62924,0.0
-0.20008,1.65783,0.0
-0.20008,1.68641,0.0
-0.20008,1.71499,0.0
-0.20008,1.74358,0.0
-0.20008,1.77216,0.0
-0.20008,1.80074,0.0
-0.20008,1.82933,0.0
-0.20008,1.85791,0.0
-0.20008,1.88649,0.0
-0.20008,1.91507,0.0
-0.20008,1.94366,0.0
-0.20008,1.97224,0.0
-0.20008,2.00082,0.0
-0.20008,2.02941,0.0
-0.20008,2.05799,0.0
-0.20008,2.08657,0.0
-0.20008,2.11516,0.0
-0.20008,2.14374,0.0
-0.20008,2.17232,0.0
-0.20008,2.20091,0.0
-0.20008,2.22949,0.0
-0.20008,2.25807,0.0
-0.20008,2.28666,0.0
-0.20008,2.31524,0.0
-0.20008,2.34382,0.0
-0.20008,2.37241,0.0
-0.20008,2.40099,0.0
-0.20008,2.42957,0.0
-0.20008,2.45816,0.0
-0.20008,2.48674,0.0
-0.20008,2.51532,0.0
-0.20008,2.54391,0.0
-0.20008,2.57249,0.0
-0.20008,2.60107,0.0
-0.20008,2.62965,0.0
-0.20008,2.65824,0.0
-0.20008,2.68682,0.0
-0.20008,2.7154,0.0
-0.20008,2.74399,0.0
-0.20008,2.77257,0.0
-0.1715,-2.77257,0.0
-0.1715,-2.74399,0.0
-0.1715,-2.7154,0.0
-0.1715,-2.68682,0.0
-0.1715,-2.65824,0.0
-0.1715,-2.62965,0.0
-0.1715,-2.60107,0.0
-0.1715,-2.57249,0.0
-0.1715,-2.54391,0.0
-0.1715,-2.51532,0.0
-0.1715,-2.48674,0.0
-0.1715,-2.45816,0.0
-0.1715,-2.42957,0.0
-0.1715,-2.40099,0.0
-0.1715,-2.37241,0.0
-0.1715,-2.34382,0.0
-0.1715,-2.31524,0.0
-0.1715,-2.28666,0.0
-0.1715,-2.25807,0.0
-0.1715,-2.22949,0.0
-0.1715,-2.20091,0.0
-0.1715,-2.17232,0.0
-0.1715,-2.14374,0.0
-0.1715,-2.11516,0.0
-0.1715,-2.08657,0.0
-0.1715,-2.05799,0.0
-0.1715,-2.02941,0.0
-0.1715,-2.00082,0.0
-0.1715,-1.97224,0.0
-0.1715,-1.94366,0.0
-0.1715,-1.91507,0.0
-0.1715,-1.88649,0.0
-0.1715,-1.85791,0.0
-0.1715,-1.82933,0.0
-0.1715,-1.80074,0.0
-0.1715,-1.77216,0.0
-0.1715,-1.74358,0.0
-0.1715,-1.71499,0.0
-0.1715,-1.68641,0.0
-0.1715,-1.65783,0.0
-0.1715,-1.62924,0.0
-0.1715,-1.60066,0.0
-0.1715,-1.57208,0.0
-0.1715,-1.54349,0.0
-0.1715,-1.51491,0.0
-0.1715,-1.48633,0.0
-0.1715,-1.45774,0.0
-0.1715,-1.42916,0.0
-0.1715,-1.40058,0.0
-0.1715,-1.37199,0.0
-0.1715,-1.34341,0.0
-0.1715,-1.31483,0.0
-0.1715,-1.28624,0.0
-0.1715,-1.25766,0.0
-0.1715,-1.22908,0.0
-0.1715,-1.20049,0.0
-0.1715,-1.17191,0.0
-0.1715,-1.14333,0.0
-0.1715,-1.11474,0.0
-0.1715,-1.08616,0.0
-0.1715,-1.05758,0.0
-0.1715,-1.029,0.0
-0.1715,-1.00041,0.0
-0.1715,-0.97183,0.0
-0.1715,-0.94325,0.0
-0.1715,-0.91466,0.0
-0.1715,-0.88608,0.0
-0.1715,-0.8575,0.0
-0.1715,-0.82891,0.0
-0.1715,-0.80033,0.0
-0.1715,-0.77175,0.0
-0.1715,-0.74316,0.0
-0.1715,-0.71458,0.0
-0.1715,-0.686,0.0
-0.1715,-0.65741,0.0
-0.1715,-0.62883,0.0
-0.1715,-0.60025,0.0
-0.1715,-0.57166,0.0
-0.1715,-0.54308,0.0
-0.1715,-0.5145,0.0
-0.1715,-0.48591,0.0
-0.1715,-0.45733,0.0
-0.1715,-0.42875,0.0
-0.1715,-0.40016,0.0
-0.1715,-0.37158,0.0
-0.1715,-0.343,0.0
-0.1715,-0.31442,0.0
-0.1715,-0.28583,0.0
-0.1715,-0.25725,0.0
-0.1715,-0.22867,0.0
-0.1715,-0.20008,0.0
-0.1715,-0.1715,0.0
-0.1715,-0.14292,0.0
-0.1715,-0.11433,0.0
-0.1715,-0.08575,0.0
-0.1715,-0.05717,0.0
-0.1715,-0.02858,0.0
-0.1715,0,0.0
-0.1715,0.02858,0.0
-0.1715,0.05717,0.0
-0.1715,0.08575,0.0
-0.1715,0.11433,0.0
-0.1715,0.14292,0.0
-0.1715,0.1715,0.0
-0.1715,0.20008,0.0
-0.1715,0.22867,0.0
-0.1715,0.25725,0.0
-0.1715,0.28583,0.0
-0.1715,0.31442,0.0
-0.1715,0.343,0.0
-0.1715,0.37158,0.0
-0.1715,0.40016,0.0
-0.1715,0.42875,0.0
-0.1715,0.45733,0.0
-0.1715,0.48591,0.0
-0.1715,0.5145,0.0
-0.1715,0.54308,0.0
-0.1715,0.57166,0.0
-0.1715,0.60025,0.0
-0.1715,0.62883,0.0
-0.1715,0.65741,0.0
-0.1715,0.686,0.0
-0.1715,0.71458,0.0
-0.1715,0.74316,0.0
-0.1715,0.77175,0.0
-0.1715,0.80033,0.0
-0.1715,0.82891,0.0
-0.1715,0.8575,0.0
-0.1715,0.88608,0.0
-0.1715,0.91466,0.0
-0.1715,0.94325,0.0
-0.1715,0.97183,0.0
-0.1715,1.00041,0.0
-0.1715,1.029,0.0
-0.1715,1.05758,0.0
-0.1715,1.08616,0.0
-0.1715,1.11474,0.0
-0.1715,1.14333,0.0
-0.1715,1.17191,0.0
-0.1715,1.20049,0.0
-0.1715,1.22908,0.0
-0.1715,1.25766,0.0
-0.1715,1.28624,0.0
-0.1715,1.31483,0.0
-0.1715,1.34341,0.0
-0.1715,1.37199,0.0
-0.1715,1.40058,0.0
-0.1715,1.42916,0.0
-0.1715,1.45774,0.0
-0.1715,1.48633,0.0
-0.1715,1.51491,0.0
-0.1715,1.54349,0.0
-0.1715,1.57208,0.0
-0.1715,1.60066,0.0
-0.1715,1.62924,0.0
-0.1715,1.65783,0.0
-0.1715,1.68641,0.0
-0.1715,1.71499,0.0
-0.1715,1.74358,0.0
-0.1715,1.77216,0.0
-0.1715,1.80074,0.0
-0.1715,1.82933,0.0
-0.1715,1.85791,0.0
-0.1715,1.88649,0.0
-0.1715,1.91507,0.0
-0.1715,1.94366,0.0
-0.1715,1.97224,0.0
-0.1715,2.00082,0.0
-0.1715,2.02941,0.0
-0.1715,2.05799,0.0
-0.1715,2.08657,0.0
-0.1715,2.11516,0.0
-0.1715,2.14374,0.0
-0.1715,2.17232,0.0
-0.1715,2.20091,0.0
-0.1715,2.22949,0.0
-0.1715,2.25807,0.0
-0.1715,2.28666,0.0
-0.1715,2.31524,0.0
-0.1715,2.34382,0.0
-0.1715,2.37241,0.0
-0.1715,2.40099,0.0
-0.1715,2.42957,0.0
-0.1715,2.45816,0.0
-0.1715,2.48674,0.0
-0.1715,2.51532,0.0
-0.1715,2.54391,0.0
-0.1715,2.57249,0.0
-0.1715,2.60107,0.0
-0.1715,2.62965,0.0
-0.1715,2.65824,0.0
-0.1715,2.68682,0.0
-0.1715,2.7154,0.0
-0.1715,2.74399,0.0
-0.1715,2.77257,0.0
-0.14292,-2.77257,0.0
-0.14292,-2.74399,0.0
-0.14292,-2.7154,0.0
-0.14292,-2.68682,0.0
-0.14292,-2.65824,0.0
-0.14292,-2.62965,0.0
-0.14292,-2.60107,0.0
-0.14292,-2.57249,0.0
-0.14292,-2.54391,0.0
-0.14292,-2.51532,0.0
-0.14292,-2.48674,0.0
-0.14292,-2.45816,0.0
-0.14292,-2.42957,0.0
-0.14292,-2.40099,0.0
-0.14292,-2.37241,0.0
-0.14292,-2.34382,0.0
-0.14292,-2.31524,0.0
-0.14292,-2.28666,0.0
-0.14292,-2.25807,0.0
-0.14292,-2.22949,0.0
-0.14292,-2.20091,0.0
-0.14292,-2.17232,0.0
-0.14292,-2.14374,0.0
-0.14292,-2.11516,0.0
-0.14292,-2.08657,0.0
-0.14292,-2.05799,0.0
-0.14292,-2.02941,0.0
-0.14292,-2.00082,0.0
-0.14292,-1.97224,0.0
-0.14292,-1.94366,0.0
-0.14292,-1.91507,0.0
-0.14292,-1.88649,0.0
-0.14292,-1.85791,0.0
-0.14292,-1.82933,0.0
-0.14292,-1.80074,0.0
-0.14292,-1.77216,0.0
-0.14292,-1.74358,0.0
-0.14292,-1.71499,0.0
-0.14292,-1.68641,0.0
-0.14292,-1.65783,0.0
-0.14292,-1.62924,0.0
-0.14292,-1.60066,0.0
-0.14292,-1.57208,0.0
-0.14292,-1.54349,0.0
-0.14292,-1.51491,0.0
-0.14292,-1.48633,0.0
-0.14292,-1.45774,0.0
-0.14292,-1.42916,0.0
-0.14292,-1.40058,0.0
-0.14292,-1.37199,0.0
-0.14292,-1.34341,0.0
-0.14292,-1.31483,0.0
-0.14292,-1.28624,0.0
-0.14292,-1.25766,0.0
-0.14292,-1.22908,0.0
-0.14292,-1.20049,0.0
-0.14292,-1.17191,0.0
-0.14292,-1.14333,0.0
-0.14292,-1.11474,0.0
-0.14292,-1.08616,0.0
-0.14292,-1.05758,0.0
-0.14292,-1.029,0.0
-0.14292,-1.00041,0.0
-0.14292,-0.97183,0.0
-0.14292,-0.94325,0.0
-0.14292,-0.91466,0.0
-0.14292,-0.88608,0.0
-0.14292,-0.8575,0.0
-0.14292,-0.82891,0.0
-0.14292,-0.80033,0.0
-0.14292,-0.77175,0.0
-0.14292,-0.74316,0.0
-0.14292,-0.71458,0.0
-0.14292,-0.686,0.0
-0.14292,-0.65741,0.0
-0.14292,-0.62883,0.0
-0.14292,-0.60025,0.0
-0.14292,-0.57166,0.0
-0.14292,-0.54308,0.0
-0.14292,-0.5145,0.0
-0.14292,-0.48591,0.0
-0.14292,-0.45733,0.0
-0.14292,-0.42875,0.0
-0.14292,-0.40016,0.0
-0.14292,-0.37158,0.0
-0.14292,-0.343,0.0
-0.14292,-0.31442,0.0
-0.14292,-0.28583,0.0
-0.14292,-0.25725,0.0
-0.14292,-0.22867,0.0
-0.14292,-0.20008,0.0
-0.14292,-0.1715,0.0
-0.14292,-0.14292,0.0
-0.14292,-0.11433,0.0
-0.14292,-0.08575,0.0
-0.14292,-0.05717,0.0
-0.14292,-0.02858,0.0
-0.14292,0,0.0
-0.14292,0.02858,0.0
-0.14292,0.05717,0.0
-0.14292,0.08575,0.0
-0.14292,0.11433,0.0
-0.14292,0.14292,0.0
-0.14292,0.1715,0.0
-0.14292,0.20008,0.0
-0.14292,0.22867,0.0
-0.14292,0.25725,0.0
-0.14292,0.28583,0.0
-0.14292,0.31442,0.0
-0.14292,0.343,0.0
-0.14292,0.37158,0.0
-0.14292,0.40016,0.0
-0.14292,0.42875,0.0
-0.14292,0.45733,0.0
-0.14292,0.48591,0.0
-0.14292,0.5145,0.0
-0.14292,0.54308,0.0
-0.14292,0.57166,0.0
-0.14292,0.60025,0.0
-0.14292,0.62883,0.0
-0.14292,0.65741,0.0
-0.14292,0.686,0.0
-0.14292,0.71458,0.0
-0.14292,0.74316,0.0
-0.14292,0.77175,0.0
-0.14292,0.80033,0.0
-0.14292,0.82891,0.0
-0.14292,0.8575,0.0
-0.14292,0.88608,0.0
-0.14292,0.91466,0.0
-0.14292,0.94325,0.0
-0.14292,0.97183,0.0
-0.14292,1.00041,0.0
-0.14292,1.029,0.0
-0.14292,1.05758,0.0
-0.14292,1.08616,0.0
-0.14292,1.11474,0.0
-0.14292,1.14333,0.0
-0.14292,1.17191,0.0
-0.14292,1.20049,0.0
-0.14292,1.22908,0.0
-0.14292,1.25766,0.0
-0.14292,1.28624,0.0
-0.14292,1.31483,0.0
-0.14292,1.34341,0.0
-0.14292,1.37199,0.0
-0.14292,1.40058,0.0
-0.14292,1.42916,0.0
-0.14292,1.45774,0.0
-0.14292,1.48633,0.0
-0.14292,1.51491,0.0
-0.14292,1.54349,0.0
-0.14292,1.57208,0.0
-0.14292,1.60066,0.0
-0.14292,1.62924,0.0
-0.14292,1.65783,0.0
-0.14292,1.68641,0.0
-0.14292,1.71499,0.0
-0.14292,1.74358,0.0
-0.14292,1.77216,0.0
-0.14292,1.80074,0.0
-0.14292,1.82933,0.0
-0.14292,1.85791,0.0
-0.14292,1.88649,0.0
-0.14292,1.91507,0.0
-0.14292,1.94366,0.0
-0.14292,1.97224,0.0
-0.14292,2.00082,0.0
-0.14292,2.02941,0.0
-0.14292,2.05799,0.0
-0.14292,2.08657,0.0
-0.14292,2.11516,0.0
-0.14292,2.14374,0.0
-0.14292,2.17232,0.0
-0.14292,2.20091,0.0
-0.14292,2.22949,0.0
-0.14292,2.25807,0.0
-0.14292,2.28666,0.0
-0.14292,2.31524,0.0
-0.14292,2.34382,0.0
-0.14292,2.37241,0.0
-0.14292,2.40099,0.0
-0.14292,2.42957,0.0
-0.14292,2.45816,0.0
-0.14292,2.48674,0.0
-0.14292,2.51532,0.0
-0.14292,2.54391,0.0
-0.14292,2.57249,0.0
-0.14292,2.60107,0.0
-0.14292,2.62965,0.0
-0.14292,2.65824,0.0
-0.14292,2.68682,0.0
-0.14292,2.7154,0.0
-0.14292,2.74399,0.0
-0.14292,2.77257,0.0
-0.11433,-2.77257,0.0
-0.11433,-2.74399,0.0
-0.11433,-2.7154,0.0
-0.11433,-2.68682,0.0
-0.11433,-2.65824,0.0
-0.11433,-2.62965,0.0
-0.11433,-2.60107,0.0
-0.11433,-2.57249,0.0
-0.11433,-2.54391,0.0
-0.11433,-2.51532,0.0
-0.11433,-2.48674,0.0
-0.11433,-2.45816,0.0
-0.11433,-2.42957,0.0
-0.11433,-2.40099,0.0
-0.11433,-2.37241,0.0
-0.11433,-2.34382,0.0
-0.11433,-2.31524,0.0
-0.11433,-2.28666,0.0
-0.11433,-2.25807,0.0
-0.11433,-2.22949,0.0
-0.11433,-2.20091,0.0
-0.11433,-2.17232,0.0
-0.11433,-2.14374,0.0
-0.11433,-2.11516,0.0
-0.11433,-2.08657,0.0
-0.11433,-2.05799,0.0
-0.11433,-2.02941,0.0
-0.11433,-2.00082,0.0
-0.11433,-1.97224,0.0
-0.11433,-1.94366,0.0
-0.11433,-1.91507,0.0
-0.11433,-1.88649,0.0
-0.11433,-1.85791,0.0
-0.11433,-1.82933,0.0
-0.11433,-1.80074,0.0
-0.11433,-1.77216,0.0
-0.11433,-1.74358,0.0
-0.11433,-1.71499,0.0
-0.11433,-1.68641,0.0
-0.11433,-1.65783,0.0
-0.11433,-1.62924,0.0
-0.11433,-1.60066,0.0
-0.11433,-1.57208,0.0
-0.11433,-1.54349,0.0
-0.11433,-1.51491,0.0
-0.11433,-1.48633,0.0
-0.11433,-1.45774,0.0
-0.11433,-1.42916,0.0
-0.11433,-1.40058,0.0
-0.11433,-1.37199,0.0
-0.11433,-1.34341,0.0
-0.11433,-1.31483,0.0
-0.11433,-1.28624,0.0
-0.11433,-1.25766,0.0
-0.11433,-1.22908,0.0
-0.11433,-1.20049,0.0
-0.11433,-1.17191,0.0
-0.11433,-1.14333,0.0
-0.11433,-1.11474,0.0
-0.11433,-1.08616,0.0
-0.11433,-1.05758,0.0
-0.11433,-1.029,0.0
-0.11433,-1.00041,0.0
-0.11433,-0.97183,0.0
-0.11433,-0.94325,0.0
-0.11433,-0.91466,0.0
-0.11433,-0.88608,0.0
-0.11433,-0.8575,0.0
-0.11433,-0.82891,0.0
-0.11433,-0.80033,0.0
-0.11433,-0.77175,0.0
-0.11433,-0.74316,0.0
-0.11433,-0.71458,0.0
-0.11433,-0.686,0.0
-0.11433,-0.65741,0.0
-0.11433,-0.62883,0.0
-0.11433,-0.60025,0.0
-0.11433,-0.57166,0.0
-0.11433,-0.54308,0.0
-0.11433,-0.5145,0.0
-0.11433,-0.48591,0.0
-0.11433,-0.45733,0.0
-0.11433,-0.42875,0.0
-0.11433,-0.40016,0.0
-0.11433,-0.37158,0.0
-0.11433,-0.343,0.0
-0.11433,-0.31442,0.0
-0.11433,-0.28583,0.0
-0.11433,-0.25725,0.0
-0.11433,-0.22867,0.0
-0.11433,-0.20008,0.0
-0.11433,-0.1715,0.0
-0.11433,-0.14292,0.0
-0.11433,-0.11433,0.0
-0.11433,-0.08575,0.0
-0.11433,-0.05717,0.0
-0.11433,-0.02858,0.0
-0.11433,0,0.0
-0.11433,0.02858,0.0
-0.11433,0.05717,0.0
-0.11433,0.08575,0.0
-0.11433,0.11433,0.0
-0.11433,0.14292,0.0
-0.11433,0.1715,0.0
-0.11433,0.20008,0.0
-0.11433,0.22867,0.0
-0.11433,0.25725,0.0
-0.11433,0.28583,0.0
-0.11433,0.31442,0.0
-0.11433,0.343,0.0
-0.11433,0.37158,0.0
-0.11433,0.40016,0.0
-0.11433,0.42875,0.0
-0.11433,0.45733,0.0
-0.11433,0.48591,0.0
-0.11433,0.5145,0.0
-0.11433,0.54308,0.0
-0.11433,0.57166,0.0
-0.11433,0.60025,0.0
-0.11433,0.62883,0.0
-0.11433,0.65741,0.0
-0.11433,0.686,0.0
-0.11433,0.71458,0.0
-0.11433,0.74316,0.0
-0.11433,0.77175,0.0
-0.11433,0.80033,0.0
-0.11433,0.82891,0.0
-0.11433,0.8575,0.0
-0.11433,0.88608,0.0
-0.11433,0.91466,0.0
-0.11433,0.94325,0.0
-0.11433,0.97183,0.0
-0.11433,1.00041,0.0
-0.11433,1.029,0.0
-0.11433,1.05758,0.0
-0.11433,1.08616,0.0
-0.11433,1.11474,0.0
-0.11433,1.14333,0.0
-0.11433,1.17191,0.0
-0.11433,1.20049,0.0
-0.11433,1.22908,0.0
-0.11433,1.25766,0.0
-0.11433,1.28624,0.0
-0.11433,1.31483,0.0
-0.11433,1.34341,0.0
-0.11433,1.37199,0.0
-0.11433,1.40058,0.0
-0.11433,1.42916,0.0
-0.11433,1.45774,0.0
-0.11433,1.48633,0.0
-0.11433,1.51491,0.0
-0.11433,1.54349,0.0
-0.11433,1.57208,0.0
-0.11433,1.60066,0.0
-0.11433,1.62924,0.0
-0.11433,1.65783,0.0
-0.11433,1.68641,0.0
-0.11433,1.71499,0.0
-0.11433,1.74358,0.0
-0.11433,1.77216,0.0
-0.11433,1.80074,0.0
-0.11433,1.82933,0.0
-0.11433,1.85791,0.0
-0.11433,1.88649,0.0
-0.11433,1.91507,0.0
-0.11433,1.94366,0.0
-0.11433,1.97224,0.0
-0.11433,2.00082,0.0
-0.11433,2.02941,0.0
-0.11433,2.05799,0.0
-0.11433,2.08657,0.0
-0.11433,2.11516,0.0
-0.11433,2.14374,0.0
-0.11433,2.17232,0.0
-0.11433,2.20091,0.0
-0.11433,2.22949,0.0
-0.11433,2.25807,0.0
-0.11433,2.28666,0.0
-0.11433,2.31524,0.0
-0.11433,2.34382,0.0
-0.11433,2.37241,0.0
-0.11433,2.40099,0.0
-0.11433,2.42957,0.0
-0.11433,2.45816,0.0
-0.11433,2.48674,0.0
-0.11433,2.51532,0.0
-0.11433,2.54391,0.0
-0.11433,2.57249,0.0
-0.11433,2.60107,0.0
-0.11433,2.62965,0.0
-0.11433,2.65824,0.0
-0.11433,2.68682,0.0
-0.11433,2.7154,0.0
-0.11433,2.74399,0.0
-0.11433,2.77257,0.0
-0.08575,-2.77257,0.0
-0.08575,-2.74399,0.0
-0.08575,-2.7154,0.0
-0.08575,-2.68682,0.0
-0.08575,-2.65824,0.0
-0.08575,-2.62965,0.0
-0.08575,-2.60107,0.0
-0.08575,-2.57249,0.0
-0.08575,-2.54391,0.0
-0.08575,-2.51532,0.0
-0.08575,-2.48674,0.0
-0.08575,-2.45816,0.0
-0.08575,-2.42957,0.0
-0.08575,-2.40099,0.0
-0.08575,-2.37241,0.0
-0.08575,-2.34382,0.0
-0.08575,-2.31524,0.0
-0.08575,-2.28666,0.0
-0.08575,-2.25807,0.0
-0.08575,-2.22949,0.0
-0.08575,-2.20091,0.0
-0.08575,-2.17232,0.0
-0.08575,-2.14374,0.0
-0.08575,-2.11516,0.0
-0.08575,-2.08657,0.0
-0.08575,-2.05799,0.0
-0.08575,-2.02941,0.0
-0.08575,-2.00082,0.0
-0.08575,-1.97224,0.0
-0.08575,-1.94366,0.0
-0.08575,-1.91507,0.0
-0.08575,-1.88649,0.0
-0.08575,-1.85791,0.0
-0.08575,-1.82933,0.0
-0.08575,-1.80074,0.0
-0.08575,-1.77216,0.0
-0.08575,-1.74358,0.0
-0.08575,-1.71499,0.0
-0.08575,-1.68641,0.0
-0.08575,-1.65783,0.0
-0.08575,-1.62924,0.0
-0.08575,-1.60066,0.0
-0.08575,-1.57208,0.0
-0.08575,-1.54349,0.0
-0.08575,-1.51491,0.0
-0.08575,-1.48633,0.0
-0.08575,-1.45774,0.0
-0.08575,-1.42916,0.0
-0.08575,-1.40058,0.0
-0.08575,-1.37199,0.0
-0.08575,-1.34341,0.0
-0.08575,-1.31483,0.0
-0.08575,-1.28624,0.0
-0.08575,-1.25766,0.0
-0.08575,-1.22908,0.0
-0.08575,-1.20049,0.0
-0.08575,-1.17191,0.0
-0.08575,-1.14333,0.0
-0.08575,-1.11474,0.0
-0.08575,-1.08616,0.0
-0.08575,-1.05758,0.0
-0.08575,-1.029,0.0
-0.08575,-1.00041,0.0
-0.08575,-0.97183,0.0
-0.08575,-0.94325,0.0
-0.08575,-0.91466,0.0
-0.08575,-0.88608,0.0
-0.08575,-0.8575,0.0
-0.08575,-0.82891,0.0
-0.08575,-0.80033,0.0
-0.08575,-0.77175,0.0
-0.08575,-0.74316,0.0
-0.08575,-0.71458,0.0
-0.08575,-0.686,0.0
-0.08575,-0.65741,0.0
-0.08575,-0.62883,0.0
-0.08575,-0.60025,0.0
-0.08575,-0.57166,0.0
-0.08575,-0.54308,0.0
-0.08575,-0.5145,0.0
-0.08575,-0.48591,0.0
-0.08575,-0.45733,0.0
-0.08575,-0.42875,0.0
-0.08575,-0.40016,0.0
-0.08575,-0.37158,0.0
-0.08575,-0.343,0.0
-0.08575,-0.31442,0.0
-0.08575,-0.28583,0.0
-0.08575,-0.25725,0.0
-0.08575,-0.22867,0.0
-0.08575,-0.20008,0.0
-0.08575,-0.1715,0.0
-0.08575,-0.14292,0.0
-0.08575,-0.11433,0.0
-0.08575,-0.08575,0.0
-0.08575,-0.05717,0.0
-0.08575,-0.02858,0.0
-0.08575,0,0.0
-0.08575,0.02858,0.0
-0.08575,0.05717,0.0
-0.08575,0.08575,0.0
-0.08575,0.11433,0.0
-0.08575,0.14292,0.0
-0.08575,0.1715,0.0
-0.08575,0.20008,0.0
-0.08575,0.22867,0.0
-0.08575,0.25725,0.0
-0.08575,0.28583,0.0
-0.08575,0.31442,0.0
-0.08575,0.343,0.0
-0.08575,0.37158,0.0
-0.08575,0.40016,0.0
-0.08575,0.42875,0.0
-0.08575,0.45733,0.0
-0.08575,0.48591,0.0
-0.08575,0.5145,0.0
-0.08575,0.54308,0.0
-0.08575,0.57166,0.0
-0.08575,0.60025,0.0
-0.08575,0.62883,0.0
-0.08575,0.65741,0.0
-0.08575,0.686,0.0
-0.08575,0.71458,0.0
-0.08575,0.74316,0.0
-0.08575,0.77175,0.0
-0.08575,0.80033,0.0
-0.08575,0.82891,0.0
-0.08575,0.8575,0.0
-0.08575,0.88608,0.0
-0.08575,0.91466,0.0
-0.08575,0.94325,0.0
-0.08575,0.97183,0.0
-0.08575,1.00041,0.0
-0.08575,1.029,0.0
-0.08575,1.05758,0.0
-0.08575,1.08616,0.0
-0.08575,1.11474,0.0
-0.08575,1.14333,0.0
-0.08575,1.17191,0.0
-0.08575,1.20049,0.0
-0.08575,1.22908,0.0
-0.08575,1.25766,0.0
-0.08575,1.28624,0.0
-0.08575,1.31483,0.0
-0.08575,1.34341,0.0
-0.08575,1.37199,0.0
-0.08575,1.40058,0.0
-0.08575,1.42916,0.0
-0.08575,1.45774,0.0
-0.08575,1.48633,0.0
-0.08575,1.51491,0.0
-0.08575,1.54349,0.0
-0.08575,1.57208,0.0
-0.08575,1.60066,0.0
-0.08575,1.62924,0.0
-0.08575,1.65783,0.0
-0.08575,1.68641,0.0
-0.08575,1.71499,0.0
-0.08575,1.74358,0.0
-0.08575,1.77216,0.0
-0.08575,1.80074,0.0
-0.08575,1.82933,0.0
-0.08575,1.85791,0.0
-0.08575,1.88649,0.0
-0.08575,1.91507,0.0
-0.08575,1.94366,0.0
-0.08575,1.97224,0.0
-0.08575,2.00082,0.0
-0.08575,2.02941,0.0
-0.08575,2.05799,0.0
-0.08575,2.08657,0.0
-0.08575,2.11516,0.0
-0.08575,2.14374,0.0
-0.08575,2.17232,0.0
-0.08575,2.20091,0.0
-0.08575,2.22949,0.0
-0.08575,2.25807,0.0
-0.08575,2.28666,0.0
-0.08575,2.31524,0.0
-0.08575,2.34382,0.0
-0.08575,2.37241,0.0
-0.08575,2.40099,0.0
-0.08575,2.42957,0.0
-0.08575,2.45816,0.0
-0.08575,2.48674,0.0
-0.08575,2.51532,0.0
-0.08575,2.54391,0.0
-0.08575,2.57249,0.0
-0.08575,2.60107,0.0
-0.08575,2.62965,0.0
-0.08575,2.65824,0.0
-0.08575,2.68682,0.0
-0.08575,2.7154,0.0
-0.08575,2.74399,0.0
-0.08575,2.77257,0.0
-0.05717,-2.77257,0.0
-0.05717,-2.74399,0.0
-0.05717,-2.7154,0.0
-0.05717,-2.68682,0.0
-0.05717,-2.65824,0.0
-0.05717,-2.62965,0.0
-0.05717,-2.60107,0.0
-0.05717,-2.57249,0.0
-0.05717,-2.54391,0.0
-0.05717,-2.51532,0.0
-0.05717,-2.48674,0.0
-0.05717,-2.45816,0.0
-0.05717,-2.42957,0.0
-0.05717,-2.40099,0.0
-0.05717,-2.37241,0.0
-0.05717,-2.34382,0.0
-0.05717,-2.31524,0.0
-0.05717,-2.28666,0.0
-0.05717,-2.25807,0.0
-0.05717,-2.22949,0.0
-0.05717,-2.20091,0.0
-0.05717,-2.17232,0.0
-0.05717,-2.14374,0.0
-0.05717,-2.11516,0.0
-0.05717,-2.08657,0.0
-0.05717,-2.05799,0.0
-0.05717,-2.02941,0.0
-0.05717,-2.00082,0.0
-0.05717,-1.97224,0.0
-0.05717,-1.94366,0.0
-0.05717,-1.91507,0.0
-0.05717,-1.88649,0.0
-0.05717,-1.85791,0.0
-0.05717,-1.82933,0.0
-0.05717,-1.80074,0.0
-0.05717,-1.77216,0.0
-0.05717,-1.74358,0.0
-0.05717,-1.71499,0.0
-0.05717,-1.68641,0.0
-0.05717,-1.65783,0.0
-0.05717,-1.62924,0.0
-0.05717,-1.60066,0.0
-0.05717,-1.57208,0.0
-0.05717,-1.54349,0.0
-0.05717,-1.51491,0.0
-0.05717,-1.48633,0.0
-0.05717,-1.45774,0.0
-0.05717,-1.42916,0.0
-0.05717,-1.40058,0.0
-0.05717,-1.37199,0.0
-0.05717,-1.34341,0.0
-0.05717,-1.31483,0.0
-0.05717,-1.28624,0.0
-0.05717,-1.25766,0.0
-0.05717,-1.22908,0.0
-0.05717,-1.20049,0.0
-0.05717,-1.17191,0.0
-0.05717,-1.14333,0.0
-0.05717,-1.11474,0.0
-0.05717,-1.08616,0.0
-0.05717,-1.05758,0.0
-0.05717,-1.029,0.0
-0.05717,-1.00041,0.0
-0.05717,-0.97183,0.0
-0.05717,-0.94325,0.0
-0.05717,-0.91466,0.0
-0.05717,-0.88608,0.0
-0.05717,-0.8575,0.0
-0.05717,-0.82891,0.0
-0.05717,-0.80033,0.0
-0.05717,-0.77175,0.0
-0.05717,-0.74316,0.0
-0.05717,-0.71458,0.0
-0.05717,-0.686,0.0
-0.05717,-0.65741,0.0
-0.05717,-0.62883,0.0
-0.05717,-0.60025,0.0
-0.05717,-0.57166,0.0
-0.05717,-0.54308,0.0
-0.05717,-0.5145,0.0
-0.05717,-0.48591,0.0
-0.05717,-0.45733,0.0
-0.05717,-0.42875,0.0
-0.05717,-0.40016,0.0
-0.05717,-0.37158,0.0
-0.05717,-0.343,0.0
-0.05717,-0.31442,0.0
-0.05717,-0.28583,0.0
-0.05717,-0.25725,0.0
-0.05717,-0.22867,0.0
-0.05717,-0.20008,0.0
-0.05717,-0.1715,0.0
-0.05717,-0.14292,0.0
-0.05717,-0.11433,0.0
-0.05717,-0.08575,0.0
-0.05717,-0.05717,0.0
-0.05717,-0.02858,0.0
-0.05717,0,0.0
-0.05717,0.02858,0.0
-0.05717,0.05717,0.0
-0.05717,0.08575,0.0
-0.05717,0.11433,0.0
-0.05717,0.14292,0.0
-0.05717,0.1715,0.0
-0.05717,0.20008,0.0
-0.05717,0.22867,0.0
-0.05717,0.25725,0.0
-0.05717,0.28583,0.0
-0.05717,0.31442,0.0
-0.05717,0.343,0.0
-0.05717,0.37158,0.0
-0.05717,0.40016,0.0
-0.05717,0.42875,0.0
-0.05717,0.45733,0.0
-0.05717,0.48591,0.0
-0.05717,0.5145,0.0
-0.05717,0.54308,0.0
-0.05717,0.57166,0.0
-0.05717,0.60025,0.0
-0.05717,0.62883,0.0
-0.05717,0.65741,0.0
-0.05717,0.686,0.0
-0.05717,0.71458,0.0
-0.05717,0.74316,0.0
-0.05717,0.77175,0.0
-0.05717,0.80033,0.0
-0.05717,0.82891,0.0
-0.05717,0.8575,0.0
-0.05717,0.88608,0.0
-0.05717,0.91466,0.0
-0.05717,0.94325,0.0
-0.05717,0.97183,0.0
-0.05717,1.00041,0.0
-0.05717,1.029,0.0
-0.05717,1.05758,0.0
-0.05717,1.08616,0.0
-0.05717,1.11474,0.0
-0.05717,1.14333,0.0
-0.05717,1.17191,0.0
-0.05717,1.20049,0.0
-0.05717,1.22908,0.0
-0.05717,1.25766,0.0
-0.05717,1.28624,0.0
-0.05717,1.31483,0.0
-0.05717,1.34341,0.0
-0.05717,1.37199,0.0
-0.05717,1.40058,0.0
-0.05717,1.42916,0.0
-0.05717,1.45774,0.0
-0.05717,1.48633,0.0
-0.05717,1.51491,0.0
-0.05717,1.54349,0.0
-0.05717,1.57208,0.0
-0.05717,1.60066,0.0
-0.05717,1.62924,0.0
-0.05717,1.65783,0.0
-0.05717,1.68641,0.0
-0.05717,1.71499,0.0
-0.05717,1.74358,0.0
-0.05717,1.77216,0.0
-0.05717,1.80074,0.0
-0.05717,1.82933,0.0
-0.05717,1.85791,0.0
-0.05717,1.88649,0.0
-0.05717,1.91507,0.0
-0.05717,1.94366,0.0
-0.05717,1.97224,0.0
-0.05717,2.00082,0.0
-0.05717,2.02941,0.0
-0.05717,2.05799,0.0
-0.05717,2.08657,0.0
-0.05717,2.11516,0.0
-0.05717,2.14374,0.0
-0.05717,2.17232,0.0
-0.05717,2.20091,0.0
-0.05717,2.22949,0.0
-0.05717,2.25807,0.0
-0.05717,2.28666,0.0
-0.05717,2.31524,0.0
-0.05717,2.34382,0.0
-0.05717,2.37241,0.0
-0.05717,2.40099,0.0
-0.05717,2.42957,0.0
-0.05717,2.45816,0.0
-0.05717,2.48674,0.0
-0.05717,2.51532,0.0
-0.05717,2.54391,0.0
-0.05717,2.57249,0.0
-0.05717,2.60107,0.0
-0.05717,2.62965,0.0
-0.05717,2.65824,0.0
-0.05717,2.68682,0.0
-0.05717,2.7154,0.0
-0.05717,2.74399,0.0
-0.05717,2.77257,0.0
-0.02858,-2.77257,0.0
-0.02858,-2.74399,0.0
-0.02858,-2.7154,0.0
-0.02858,-2.68682,0.0
-0.02858,-2.65824,0.0
-0.02858,-2.62965,0.0
-0.02858,-2.60107,0.0
-0.02858,-2.57249,0.0
-0.02858,-2.54391,0.0
-0.02858,-2.51532,0.0
-0.02858,-2.48674,0.0
-0.02858,-2.45816,0.0
-0.02858,-2.42957,0.0
-0.02858,-2.40099,0.0
-0.02858,-2.37241,0.0
-0.02858,-2.34382,0.0
-0.02858,-2.31524,0.0
-0.02858,-2.28666,0.0
-0.02858,-2.25807,0.0
-0.02858,-2.22949,0.0
-0.02858,-2.20091,0.0
-0.02858,-2.17232,0.0
-0.02858,-2.14374,0.0
-0.02858,-2.11516,0.0
-0.02858,-2.08657,0.0
-0.02858,-2.05799,0.0
-0.02858,-2.02941,0.0
-0.02858,-2.00082,0.0
-0.02858,-1.97224,0.0
-0.02858,-1.94366,0.0
-0.02858,-1.91507,0.0
-0.02858,-1.88649,0.0
-0.02858,-1.85791,0.0
-0.02858,-1.82933,0.0
-0.02858,-1.80074,0.0
-0.02858,-1.77216,0.0
-0.02858,-1.74358,0.0
-0.02858,-1.71499,0.0
-0.02858,-1.68641,0.0
-0.02858,-1.65783,0.0
-0.02858,-1.62924,0.0
-0.02858,-1.60066,0.0
-0.02858,-1.57208,0.0
-0.02858,-1.54349,0.0
-0.02858,-1.51491,0.0
-0.02858,-1.48633,0.0
-0.02858,-1.45774,0.0
-0.02858,-1.42916,0.0
-0.02858,-1.40058,0.0
-0.02858,-1.37199,0.0
-0.02858,-1.34341,0.0
-0.02858,-1.31483,0.0
-0.02858,-1.28624,0.0
-0.02858,-1.25766,0.0
-0.02858,-1.22908,0.0
-0.02858,-1.20049,0.0
-0.02858,-1.17191,0.0
-0.02858,-1.14333,0.0
-0.02858,-1.11474,0.0
-0.02858,-1.08616,0.0
-0.02858,-1.05758,0.0
-0.02858,-1.029,0.0
-0.02858,-1.00041,0.0
-0.02858,-0.97183,0.0
-0.02858,-0.94325,0.0
-0.02858,-0.91466,0.0
-0.02858,-0.88608,0.0
-0.02858,-0.8575,0.0
-0.02858,-0.82891,0.0
-0.02858,-0.80033,0.0
-0.02858,-0.77175,0.0
-0.02858,-0.74316,0.0
-0.02858,-0.71458,0.0
-0.02858,-0.686,0.0
-0.02858,-0.65741,0.0
-0.02858,-0.62883,0.0
-0.02858,-0.60025,0.0
-0.02858,-0.57166,0.0
-0.02858,-0.54308,0.0
-0.02858,-0.5145,0.0
-0.02858,-0.48591,0.0
-0.02858,-0.45733,0.0
-0.02858,-0.42875,0.0
-0.02858,-0.40016,0.0
-0.02858,-0.37158,0.0
-0.02858,-0.343,0.0
-0.02858,-0.31442,0.0
-0.02858,-0.28583,0.0
-0.02858,-0.25725,0.0
-0.02858,-0.22867,0.0
-0.02858,-0.20008,0.0
-0.02858,-0.1715,0.0
-0.02858,-0.14292,0.0
-0.02858,-0.11433,0.0
-0.02858,-0.08575,0.0
-0.02858,-0.05717,0.0
-0.02858,-0.02858,0.0
-0.02858,0,0.0
-0.02858,0.02858,0.0
-0.02858,0.05717,0.0
-0.02858,0.08575,0.0
-0.02858,0.11433,0.0
-0.02858,0.14292,0.0
-0.02858,0.1715,0.0
-0.02858,0.20008,0.0
-0.02858,0.22867,0.0
-0.02858,0.25725,0.0
-0.02858,0.28583,0.0
-0.02858,0.31442,0.0
-0.02858,0.343,0.0
-0.02858,0.37158,0.0
-0.02858,0.40016,0.0
-0.02858,0.42875,0.0
-0.02858,0.45733,0.0
-0.02858,0.48591,0.0
-0.02858,0.5145,0.0
-0.02858,0.54308,0.0
-0.02858,0.57166,0.0
-0.02858,0.60025,0.0
-0.02858,0.62883,0.0
-0.02858,0.65741,0.0
-0.02858,0.686,0.0
-0.02858,0.71458,0.0
-0.02858,0.74316,0.0
-0.02858,0.77175,0.0
-0.02858,0.80033,0.0
-0.02858,0.82891,0.0
-0.02858,0.8575,0.0
-0.02858,0.88608,0.0
-0.02858,0.91466,0.0
-0.02858,0.94325,0.0
-0.02858,0.97183,0.0
-0.02858,1.00041,0.0
-0.02858,1.029,0.0
-0.02858,1.05758,0.0
-0.02858,1.08616,0.0
-0.02858,1.11474,0.0
-0.02858,1.14333,0.0
-0.02858,1.17191,0.0
-0.02858,1.20049,0.0
-0.02858,1.22908,0.0
-0.02858,1.25766,0.0
-0.02858,1.28624,0.0
-0.02858,1.31483,0.0
-0.02858,1.34341,0.0
-0.02858,1.37199,0.0
-0.02858,1.40058,0.0
-0.02858,1.42916,0.0
-0.02858,1.45774,0.0
-0.02858,1.48633,0.0
-0.02858,1.51491,0.0
-0.02858,1.54349,0.0
-0.02858,1.57208,0.0
-0.02858,1.60066,0.0
-0.02858,1.62924,0.0
-0.02858,1.65783,0.0
-0.02858,1.68641,0.0
-0.02858,1.71499,0.0
-0.02858,1.74358,0.0
-0.02858,1.77216,0.0
-0.02858,1.80074,0.0
-0.02858,1.82933,0.0
-0.02858,1.85791,0.0
-0.02858,1.88649,0.0
-0.02858,1.91507,0.0
-0.02858,1.94366,0.0
-0.02858,1.97224,0.0
-0.02858,2.00082,0.0
-0.02858,2.02941,0.0
-0.02858,2.05799,0.0
-0.02858,2.08657,0.0
-0.02858,2.11516,0.0
-0.02858,2.14374,0.0
-0.02858,2.17232,0.0
-0.02858,2.20091,0.0
-0.02858,2.22949,0.0
-0.02858,2.25807,0.0
-0.02858,2.28666,0.0
-0.02858,2.31524,0.0
-0.02858,2.34382,0.0
-0.02858,2.37241,0.0
-0.02858,2.40099,0.0
-0.02858,2.42957,0.0
-0.02858,2.45816,0.0
-0.02858,2.48674,0.0
-0.02858,2.51532,0.0
-0.02858,2.54391,0.0
-0.02858,2.57249,0.0
-0.02858,2.60107,0.0
-0.02858,2.62965,0.0
-0.02858,2.65824,0.0
-0.02858,2.68682,0.0
-0.02858,2.7154,0.0
-0.02858,2.74399,0.0
-0.02858,2.77257,0.0
0,-2.77257,0.0
0,-2.74399,0.0
0,-2.7154,0.0
0,-2.68682,0.0
0,-2.65824,0.0
0,-2.62965,0.0
0,-2.60107,0.0
0,-2.57249,0.0
0,-2.54391,0.0
0,-2.51532,0.0
0,-2.48674,0.0
0,-2.45816,0.0
0,-2.42957,0.0
0,-2.40099,0.0
0,-2.37241,0.0
0,-2.34382,0.0
0,-2.31524,0.0
0,-2.28666,0.0
0,-2.25807,0.0
0,-2.22949,0.0
0,-2.20091,0.0
0,-2.17232,0.0
0,-2.14374,0.0
0,-2.11516,0.0
0,-2.08657,0.0
0,-2.05799,0.0
0,-2.02941,0.0
0,-2.00082,0.0
0,-1.97224,0.0
0,-1.94366,0.0
0,-1.91507,0.0
0,-1.88649,0.0
0,-1.85791,0.0
0,-1.82933,0.0
0,-1.80074,0.0
0,-1.77216,0.0
0,-1.74358,0.0
0,-1.71499,0.0
0,-1.68641,0.0
0,-1.65783,0.0
0,-1.62924,0.0
0,-1.60066,0.0
0,-1.57208,0.0
0,-1.54349,0.0
0,-1.51491,0.0
0,-1.48633,0.0
0,-1.45774,0.0
0,-1.42916,0.0
0,-1.40058,0.0
0,-1.37199,0.0
0,-1.34341,0.0
0,-1.31483,0.0
0,-1.28624,0.0
0,-1.25766,0.0
0,-1.22908,0.0
0,-1.20049,0.0
0,-1.17191,0.0
0,-1.14333,0.0
0,-1.11474,0.0
0,-1.08616,0.0
0,-1.05758,0.0
0,-1.029,0.0
0,-1.00041,0.0
0,-0.97183,0.0
0,-0.94325,0.0
0,-0.91466,0.0
0,-0.88608,0.0
0,-0.8575,0.0
0,-0.82891,0.0
0,-0.80033,0.0
0,-0.77175,0.0
0,-0.74316,0.0
0,-0.71458,0.0
0,-0.686,0.0
0,-0.65741,0.0
0,-0.62883,0.0
0,-0.60025,0.0
0,-0.57166,0.0
0,-0.54308,0.0
0,-0.5145,0.0
0,-0.48591,0.0
0,-0.45733,0.0
0,-0.42875,0.0
0,-0.40016,0.0
0,-0.37158,0.0
0,-0.343,0.0
0,-0.31442,0.0
0,-0.28583,0.0
0,-0.25725,0.0
0,-0.22867,0.0
0,-0.20008,0.0
0,-0.1715,0.0
0,-0.14292,0.0
0,-0.11433,0.0
0,-0.08575,0.0
0,-0.05717,0.0
0,-0.02858,0.0
0,0,0.0
0,0.02858,0.0
0,0.05717,0.0
0,0.08575,0.0
0,0.11433,0.0
0,0.14292,0.0
0,0.1715,0.0
0,0.20008,0.0
0,0.22867,0.0
0,0.25725,0.0
0,0.28583,0.0
0,0.31442,0.0
0,0.343,0.0
0,0.37158,0.0
0,0.40016,0.0
0,0.42875,0.0
0,0.45733,0.0
0,0.48591,0.0
0,0.5145,0.0
0,0.54308,0.0
0,0.57166,0.0
0,0.60025,0.0
0,0.62883,0.0
0,0.65741,0.0
0,0.686,0.0
0,0.71458,0.0
0,0.74316,0.0
0,0.77175,0.0
0,0.80033,0.0
0,0.82891,0.0
0,0.8575,0.0
0,0.88608,0.0
0,0.91466,0.0
0,0.94325,0.0
0,0.97183,0.0
0,1.00041,0.0
0,1.029,0.0
0,1.05758,0.0
0,1.08616,0.0
0,1.11474,0.0
0,1.14333,0.0
0,1.17191,0.0
0,1.20049,0.0
0,1.22908,0.0
0,1.25766,0.0
0,1.28624,0.0
0,1.31483,0.0
0,1.34341,0.0
0,1.37199,0.0
0,1.40058,0.0
0,1.42916,0.0
0,1.45774,0.0
0,1.48633,0.0
0,1.51491,0.0
0,1.54349,0.0
0,1.57208,0.0
0,1.60066,0.0
0,1.62924,0.0
0,1.65783,0.0
0,1.68641,0.0
0,1.71499,0.0
0,1.74358,0.0
0,1.77216,0.0
0,1.80074,0.0
0,1.82933,0.0
0,1.85791,0.0
0,1.88649,0.0
0,1.91507,0.0
0,1.94366,0.0
0,1.97224,0.0
0,2.00082,0.0
0,2.02941,0.0
0,2.05799,0.0
0,2.08657,0.0
0,2.11516,0.0
0,2.14374,0.0
0,2.17232,0.0
0,2.20091,0.0
0,2.22949,0.0
0,2.25807,0.0
0,2.28666,0.0
0,2.31524,0.0
0,2.34382,0.0
0,2.37241,0.0
0,2.40099,0.0
0,2.42957,0.0
0,2.45816,0.0
0,2.48674,0.0
0,2.51532,0.0
0,2.54391,0.0
0,2.57249,0.0
0,2.60107,0.0
0,2.62965,0.0
0,2.65824,0.0
0,2.68682,0.0
0,2.7154,0.0
0,2.74399,0.0
0,2.77257,0.0
0.02858,-2.77257,0.0
0.02858,-2.74399,0.0
0.02858,-2.7154,0.0
0.02858,-2.68682,0.0
0.02858,-2.65824,0.0
0.02858,-2.62965,0.0
0.02858,-2.60107,0.0
0.02858,-2.57249,0.0
0.02858,-2.54391,0.0
0.02858,-2.51532,0.0
0.02858,-2.48674,0.0
0.02858,-2.45816,0.0
0.02858,-2.42957,0.0
0.02858,-2.40099,0.0
0.02858,-2.37241,0.0
0.02858,-2.34382,0.0
0.02858,-2.31524,0.0
0.02858,-2.28666,0.0
0.02858,-2.25807,0.0
0.02858,-2.22949,0.0
0.02858,-2.20091,0.0
0.02858,-2.17232,0.0
0.02858,-2.14374,0.0
0.02858,-2.11516,0.0
0.02858,-2.08657,0.0
0.02858,-2.05799,0.0
0.02858,-2.02941,0.0
0.02858,-2.00082,0.0
0.02858,-1.97224,0.0
0.02858,-1.94366,0.0
0.02858,-1.91507,0.0
0.02858,-1.88649,0.0
0.02858,-1.85791,0.0
0.02858,-1.82933,0.0
0.02858,-1.80074,0.0
0.02858,-1.77216,0.0
0.02858,-1.74358,0.0
0.02858,-1.71499,0.0
0.02858,-1.68641,0.0
0.02858,-1.65783,0.0
0.02858,-1.62924,0.0
0.02858,-1.60066,0.0
0.02858,-1.57208,0.0
0.02858,-1.54349,0.0
0.02858,-1.51491,0.0
0.02858,-1.48633,0.0
0.02858,-1.45774,0.0
0.02858,-1.42916,0.0
0.02858,-1.40058,0.0
0.02858,-1.37199,0.0
0.02858,-1.34341,0.0
0.02858,-1.31483,0.0
0.02858,-1.28624,0.0
0.02858,-1.25766,0.0
0.02858,-1.22908,0.0
0.02858,-1.20049,0.0
0.02858,-1.17191,0.0
0.02858,-1.14333,0.0
0.02858,-1.11474,0.0
0.02858,-1.08616,0.0
0.02858,-1.05758,0.0
0.02858,-1.029,0.0
0.02858,-1.00041,0.0
0.02858,-0.97183,0.0
0.02858,-0.94325,0.0
0.02858,-0.91466,0.0
0.02858,-0.88608,0.0
0.02858,-0.8575,0.0
0.02858,-0.82891,0.0
0.02858,-0.80033,0.0
0.02858,-0.77175,0.0
0.02858,-0.74316,0.0
0.02858,-0.71458,0.0
0.02858,-0.686,0.0
0.02858,-0.65741,0.0
0.02858,-0.62883,0.0
0.02858,-0.60025,0.0
0.02858,-0.57166,0.0
0.02858,-0.54308,0.0
0.02858,-0.5145,0.0
0.02858,-0.48591,0.0
0.02858,-0.45733,0.0
0.02858,-0.42875,0.0
0.02858,-0.40016,0.0
0.02858,-0.37158,0.0
0.02858,-0.343,0.0
0.02858,-0.31442,0.0
0.02858,-0.28583,0.0
0.02858,-0.25725,0.0
0.02858,-0.22867,0.0
0.02858,-0.20008,0.0
0.02858,-0.1715,0.0
0.02858,-0.14292,0.0
0.02858,-0.11433,0.0
0.02858,-0.08575,0.0
0.02858,-0.05717,0.0
0.02858,-0.02858,0.0
0.02858,0,0.0
0.02858,0.02858,0.0
0.02858,0.05717,0.0
0.02858,0.08575,0.0
0.02858,0.11433,0.0
0.02858,0.14292,0.0
0.02858,0.1715,0.0
0.02858,0.20008,0.0
0.02858,0.22867,0.0
0.02858,0.25725,0.0
0.02858,0.28583,0.0
0.02858,0.31442,0.0
0.02858,0.343,0.0
0.02858,0.37158,0.0
0.02858,0.40016,0.0
0.02858,0.42875,0.0
0.02858,0.45733,0.0
0.02858,0.48591,0.0
0.02858,0.5145,0.0
0.02858,0.54308,0.0
0.02858,0.57166,0.0
0.02858,0.60025,0.0
0.02858,0.62883,0.0
0.02858,0.65741,0.0
0.02858,0.686,0.0
0.02858,0.71458,0.0
0.02858,0.74316,0.0
0.02858,0.77175,0.0
0.02858,0.80033,0.0
0.02858,0.82891,0.0
0.02858,0.8575,0.0
0.02858,0.88608,0.0
0.02858,0.91466,0.0
0.02858,0.94325,0.0
0.02858,0.97183,0.0
0.02858,1.00041,0.0
0.02858,1.029,0.0
0.02858,1.05758,0.0
0.02858,1.08616,0.0
0.02858,1.11474,0.0
0.02858,1.14333,0.0
0.02858,1.17191,0.0
0.02858,1.20049,0.0
0.02858,1.22908,0.0
0.02858,1.25766,0.0
0.02858,1.28624,0.0
0.02858,1.31483,0.0
0.02858,1.34341,0.0
0.02858,1.37199,0.0
0.02858,1.40058,0.0
0.02858,1.42916,0.0
0.02858,1.45774,0.0
0.02858,1.48633,0.0
0.02858,1.51491,0.0
0.02858,1.54349,0.0
0.02858,1.57208,0.0
0.02858,1.60066,0.0
0.02858,1.62924,0.0
0.02858,1.65783,0.0
0.02858,1.68641,0.0
0.02858,1.71499,0.0
0.02858,1.74358,0.0
0.02858,1.77216,0.0
0.02858,1.80074,0.0
0.02858,1.82933,0.0
0.02858,1.85791,0.0
0.02858,1.88649,0.0
0.02858,1.91507,0.0
0.02858,1.94366,0.0
0.02858,1.97224,0.0
0.02858,2.00082,0.0
0.02858,2.02941,0.0
0.02858,2.05799,0.0
0.02858,2.08657,0.0
0.02858,2.11516,0.0
0.02858,2.14374,0.0
0.02858,2.17232,0.0
0.02858,2.20091,0.0
0.02858,2.22949,0.0
0.02858,2.25807,0.0
0.02858,2.28666,0.0
0.02858,2.31524,0.0
0.02858,2.34382,0.0
0.02858,2.37241,0.0
0.02858,2.40099,0.0
0.02858,2.42957,0.0
0.02858,2.45816,0.0
0.02858,2.48674,0.0
0.02858,2.51532,0.0
0.02858,2.54391,0.0
0.02858,2.57249,0.0
0.02858,2.60107,0.0
0.02858,2.62965,0.0
0.02858,2.65824,0.0
0.02858,2.68682,0.0
0.02858,2.7154,0.0
0.02858,2.74399,0.0
0.02858,2.77257,0.0
0.05717,-2.77257,0.0
0.05717,-2.74399,0.0
0.05717,-2.7154,0.0
0.05717,-2.68682,0.0
0.05717,-2.65824,0.0
0.05717,-2.62965,0.0
0.05717,-2.60107,0.0
0.05717,-2.57249,0.0
0.05717,-2.54391,0.0
0.05717,-2.51532,0.0
0.05717,-2.48674,0.0
0.05717,-2.45816,0.0
0.05717,-2.42957,0.0
0.05717,-2.40099,0.0
0.05717,-2.37241,0.0
0.05717,-2.34382,0.0
0.05717,-2.31524,0.0
0.05717,-2.28666,0.0
0.05717,-2.25807,0.0
0.05717,-2.22949,0.0
0.05717,-2.20091,0.0
0.05717,-2.17232,0.0
0.05717,-2.14374,0.0
0.05717,-2.11516,0.0
0.05717,-2.08657,0.0
0.05717,-2.05799,0.0
0.05717,-2.02941,0.0
0.05717,-2.00082,0.0
0.05717,-1.97224,0.0
0.05717,-1.94366,0.0
0.05717,-1.91507,0.0
0.05717,-1.88649,0.0
0.05717,-1.85791,0.0
0.05717,-1.82933,0.0
0.05717,-1.80074,0.0
0.05717,-1.77216,0.0
0.05717,-1.74358,0.0
0.05717,-1.71499,0.0
0.05717,-1.68641,0.0
0.05717,-1.65783,0.0
0.05717,-1.62924,0.0
0.05717,-1.60066,0.0
0.05717,-1.57208,0.0
0.05717,-1.54349,0.0
0.05717,-1.51491,0.0
0.05717,-1.48633,0.0
0.05717,-1.45774,0.0
0.05717,-1.42916,0.0
0.05717,-1.40058,0.0
0.05717,-1.37199,0.0
0.05717,-1.34341,0.0
0.05717,-1.31483,0.0
0.05717,-1.28624,0.0
0.05717,-1.25766,0.0
0.05717,-1.22908,0.0
0.05717,-1.20049,0.0
0.05717,-1.17191,0.0
0.05717,-1.14333,0.0
0.05717,-1.11474,0.0
0.05717,-1.08616,0.0
0.05717,-1.05758,0.0
0.05717,-1.029,0.0
0.05717,-1.00041,0.0
0.05717,-0.97183,0.0
0.05717,-0.94325,0.0
0.05717,-0.91466,0.0
0.05717,-0.88608,0.0
0.05717,-0.8575,0.0
0.05717,-0.82891,0.0
0.05717,-0.80033,0.0
0.05717,-0.77175,0.0
0.05717,-0.74316,0.0
0.05717,-0.71458,0.0
0.05717,-0.686,0.0
0.05717,-0.65741,0.0
0.05717,-0.62883,0.0
0.05717,-0.60025,0.0
0.05717,-0.57166,0.0
0.05717,-0.54308,0.0
0.05717,-0.5145,0.0
0.05717,-0.48591,0.0
0.05717,-0.45733,0.0
0.05717,-0.42875,0.0
0.05717,-0.40016,0.0
0.05717,-0.37158,0.0
0.05717,-0.343,0.0
0.05717,-0.31442,0.0
0.05717,-0.28583,0.0
0.05717,-0.25725,0.0
0.05717,-0.22867,0.0
0.05717,-0.20008,0.0
0.05717,-0.1715,0.0
0.05717,-0.14292,0.0
0.05717,-0.11433,0.0
0.05717,-0.08575,0.0
0.05717,-0.05717,0.0
0.05717,-0.02858,0.0
0.05717,0,0.0
0.05717,0.02858,0.0
0.05717,0.05717,0.0
0.05717,0.08575,0.0
0.05717,0.11433,0.0
0.05717,0.14292,0.0
0.05717,0.1715,0.0
0.05717,0.20008,0.0
0.05717,0.22867,0.0
0.05717,0.25725,0.0
0.05717,0.28583,0.0
0.05717,0.31442,0.0
0.05717,0.343,0.0
0.05717,0.37158,0.0
0.05717,0.40016,0.0
0.05717,0.42875,0.0
0.05717,0.45733,0.0
0.05717,0.48591,0.0
0.05717,0.5145,0.0
0.05717,0.54308,0.0
0.05717,0.57166,0.0
0.05717,0.60025,0.0
0.05717,0.62883,0.0
0.05717,0.65741,0.0
0.05717,0.686,0.0
0.05717,0.71458,0.0
0.05717,0.74316,0.0
0.05717,0.77175,0.0
0.05717,0.80033,0.0
0.05717,0.82891,0.0
0.05717,0.8575,0.0
0.05717,0.88608,0.0
0.05717,0.91466,0.0
0.05717,0.94325,0.0
0.05717,0.97183,0.0
0.05717,1.00041,0.0
0.05717,1.029,0.0
0.05717,1.05758,0.0
0.05717,1.08616,0.0
0.05717,1.11474,0.0
0.05717,1.14333,0.0
0.05717,1.17191,0.0
0.05717,1.20049,0.0
0.05717,1.22908,0.0
0.05717,1.25766,0.0
0.05717,1.28624,0.0
0.05717,1.31483,0.0
0.05717,1.34341,0.0
0.05717,1.37199,0.0
0.05717,1.40058,0.0
0.05717,1.42916,0.0
0.05717,1.45774,0.0
0.05717,1.48633,0.0
0.05717,1.51491,0.0
0.05717,1.54349,0.0
0.05717,1.57208,0.0
0.05717,1.60066,0.0
0.05717,1.62924,0.0
0.05717,1.65783,0.0
0.05717,1.68641,0.0
0.05717,1.71499,0.0
0.05717,1.74358,0.0
0.05717,1.77216,0.0
0.05717,1.80074,0.0
0.05717,1.82933,0.0
0.05717,1.85791,0.0
0.05717,1.88649,0.0
0.05717,1.91507,0.0
0.05717,1.94366,0.0
0.05717,1.97224,0.0
0.05717,2.00082,0.0
0.05717,2.02941,0.0
0.05717,2.05799,0.0
0.05717,2.08657,0.0
0.05717,2.11516,0.0
0.05717,2.14374,0.0
0.05717,2.17232,0.0
0.05717,2.20091,0.0
0.05717,2.22949,0.0
0.05717,2.25807,0.0
0.05717,2.28666,0.0
0.05717,2.31524,0.0
0.05717,2.34382,0.0
0.05717,2.37241,0.0
0.05717,2.40099,0.0
0.05717,2.42957,0.0
0.05717,2.45816,0.0
0.05717,2.48674,0.0
0.05717,2.51532,0.0
0.05717,2.54391,0.0
0.05717,2.57249,0.0
0.05717,2.60107,0.0
0.05717,2.62965,0.0
0.05717,2.65824,0.0
0.05717,2.68682,0.0
0.05717,2.7154,0.0
0.05717,2.74399,0.0
0.05717,2.77257,0.0
0.08575,-2.77257,0.0
0.08575,-2.74399,0.0
0.08575,-2.7154,0.0
0.08575,-2.68682,0.0
0.08575,-2.65824,0.0
0.08575,-2.62965,0.0
0.08575,-2.60107,0.0
0.08575,-2.57249,0.0
0.08575,-2.54391,0.0
0.08575,-2.51532,0.0
0.08575,-2.48674,0.0
0.08575,-2.45816,0.0
0.08575,-2.42957,0.0
0.08575,-2.40099,0.0
0.08575,-2.37241,0.0
0.08575,-2.34382,0.0
0.08575,-2.31524,0.0
0.08575,-2.28666,0.0
0.08575,-2.25807,0.0
0.08575,-2.22949,0.0
0.08575,-2.20091,0.0
0.08575,-2.17232,0.0
0.08575,-2.14374,0.0
0.08575,-2.11516,0.0
0.08575,-2.08657,0.0
0.08575,-2.05799,0.0
0.08575,-2.02941,0.0
0.08575,-2.00082,0.0
0.08575,-1.97224,0.0
0.08575,-1.94366,0.0
0.08575,-1.91507,0.0
0.08575,-1.88649,0.0
0.08575,-1.85791,0.0
0.08575,-1.82933,0.0
0.08575,-1.80074,0.0
0.08575,-1.77216,0.0
0.08575,-1.74358,0.0
0.08575,-1.71499,0.0
0.08575,-1.68641,0.0
0.08575,-1.65783,0.0
0.08575,-1.62924,0.0
0.08575,-1.60066,0.0
0.08575,-1.57208,0.0
0.08575,-1.54349,0.0
0.08575,-1.51491,0.0
0.08575,-1.48633,0.0
0.08575,-1.45774,0.0
0.08575,-1.42916,0.0
0.08575,-1.40058,0.0
0.08575,-1.37199,0.0
0.08575,-1.34341,0.0
0.08575,-1.31483,0.0
0.08575,-1.28624,0.0
0.08575,-1.25766,0.0
0.08575,-1.22908,0.0
0.08575,-1.20049,0.0
0.08575,-1.17191,0.0
0.08575,-1.14333,0.0
0.08575,-1.11474,0.0
0.08575,-1.08616,0.0
0.08575,-1.05758,0.0
0.08575,-1.029,0.0
0.08575,-1.00041,0.0
0.08575,-0.97183,0.0
0.08575,-0.94325,0.0
0.08575,-0.91466,0.0
0.08575,-0.88608,0.0
0.08575,-0.8575,0.0
0.08575,-0.82891,0.0
0.08575,-0.80033,0.0
0.08575,-0.77175,0.0
0.08575,-0.74316,0.0
0.08575,-0.71458,0.0
0.08575,-0.686,0.0
0.08575,-0.65741,0.0
0.08575,-0.62883,0.0
0.08575,-0.60025,0.0
0.08575,-0.57166,0.0
0.08575,-0.54308,0.0
0.08575,-0.5145,0.0
0.08575,-0.48591,0.0
0.08575,-0.45733,0.0
0.08575,-0.42875,0.0
0.08575,-0.40016,0.0
0.08575,-0.37158,0.0
0.08575,-0.343,0.0
0.08575,-0.31442,0.0
0.08575,-0.28583,0.0
0.08575,-0.25725,0.0
0.08575,-0.22867,0.0
0.08575,-0.20008,0.0
0.08575,-0.1715,0.0
0.08575,-0.14292,0.0
0.08575,-0.11433,0.0
0.08575,-0.08575,0.0
0.08575,-0.05717,0.0
0.08575,-0.02858,0.0
0.08575,0,0.0
0.08575,0.02858,0.0
0.08575,0.05717,0.0
0.08575,0.08575,0.0
0.08575,0.11433,0.0
0.08575,0.14292,0.0
0.08575,0.1715,0.0
0.08575,0.20008,0.0
0.08575,0.22867,0.0
0.08575,0.25725,0.0
0.08575,0.28583,0.0
0.08575,0.31442,0.0
0.08575,0.343,0.0
0.08575,0.37158,0.0
0.08575,0.40016,0.0
0.08575,0.42875,0.0
0.08575,0.45733,0.0
0.08575,0.48591,0.0
0.08575,0.5145,0.0
0.08575,0.54308,0.0
0.08575,0.57166,0.0
0.08575,0.60025,0.0
0.08575,0.62883,0.0
0.08575,0.65741,0.0
0.08575,0.686,0.0
0.08575,0.71458,0.0
0.08575,0.74316,0.0
0.08575,0.77175,0.0
0.08575,0.80033,0.0
0.08575,0.82891,0.0
0.08575,0.8575,0.0
0.08575,0.88608,0.0
0.08575,0.91466,0.0
0.08575,0.94325,0.0
0.08575,0.97183,0.0
0.08575,1.00041,0.0
0.08575,1.029,0.0
0.08575,1.05758,0.0
0.08575,1.08616,0.0
0.08575,1.11474,0.0
0.08575,1.14333,0.0
0.08575,1.17191,0.0
0.08575,1.20049,0.0
0.08575,1.22908,0.0
0.08575,1.25766,0.0
0.08575,1.28624,0.0
0.08575,1.31483,0.0
0.08575,1.34341,0.0
0.08575,1.37199,0.0
0.08575,1.40058,0.0
0.08575,1.42916,0.0
0.08575,1.45774,0.0
0.08575,1.48633,0.0
0.08575,1.51491,0.0
0.08575,1.54349,0.0
0.08575,1.57208,0.0
0.08575,1.60066,0.0
0.08575,1.62924,0.0
0.08575,1.65783,0.0
0.08575,1.68641,0.0
0.08575,1.71499,0.0
0.08575,1.74358,0.0
0.08575,1.77216,0.0
0.08575,1.80074,0.0
0.08575,1.82933,0.0
0.08575,1.85791,0.0
0.08575,1.88649,0.0
0.08575,1.91507,0.0
0.08575,1.94366,0.0
0.08575,1.97224,0.0
0.08575,2.00082,0.0
0.08575,2.02941,0.0
0.08575,2.05799,0.0
0.08575,2.08657,0.0
0.08575,2.11516,0.0
0.08575,2.14374,0.0
0.08575,2.17232,0.0
0.08575,2.20091,0.0
0.08575,2.22949,0.0
0.08575,2.25807,0.0
0.08575,2.28666,0.0
0.08575,2.31524,0.0
0.08575,2.34382,0.0
0.08575,2.37241,0.0
0.08575,2.40099,0.0
0.08575,2.42957,0.0
0.08575,2.45816,0.0
0.08575,2.48674,0.0
0.08575,2.51532,0.0
0.08575,2.54391,0.0
0.08575,2.57249,0.0
0.08575,2.60107,0.0
0.08575,2.62965,0.0
0.08575,2.65824,0.0
0.08575,2.68682,0.0
0.08575,2.7154,0.0
0.08575,2.74399,0.0
0.08575,2.77257,0.0
0.11433,-2.77257,0.0
0.11433,-2.74399,0.0
0.11433,-2.7154,0.0
0.11433,-2.68682,0.0
0.11433,-2.65824,0.0
0.11433,-2.62965,0.0
0.11433,-2.60107,0.0
0.11433,-2.57249,0.0
0.11433,-2.54391,0.0
0.11433,-2.51532,0.0
0.11433,-2.48674,0.0
0.11433,-2.45816,0.0
0.11433,-2.42957,0.0
0.11433,-2.40099,0.0
0.11433,-2.37241,0.0
0.11433,-2.34382,0.0
0.11433,-2.31524,0.0
0.11433,-2.28666,0.0
0.11433,-2.25807,0.0
0.11433,-2.22949,0.0
0.11433,-2.20091,0.0
0.11433,-2.17232,0.0
0.11433,-2.14374,0.0
0.11433,-2.11516,0.0
0.11433,-2.08657,0.0
0.11433,-2.05799,0.0
0.11433,-2.02941,0.0
0.11433,-2.00082,0.0
0.11433,-1.97224,0.0
0.11433,-1.94366,0.0
0.11433,-1.91507,0.0
0.11433,-1.88649,0.0
0.11433,-1.85791,0.0
0.11433,-1.82933,0.0
0.11433,-1.80074,0.0
0.11433,-1.77216,0.0
0.11433,-1.74358,0.0
0.11433,-1.71499,0.0
0.11433,-1.68641,0.0
0.11433,-1.65783,0.0
0.11433,-1.62924,0.0
0.11433,-1.60066,0.0
0.11433,-1.57208,0.0
0.11433,-1.54349,0.0
0.11433,-1.51491,0.0
0.11433,-1.48633,0.0
0.11433,-1.45774,0.0
0.11433,-1.42916,0.0
0.11433,-1.40058,0.0
0.11433,-1.37199,0.0
0.11433,-1.34341,0.0
0.11433,-1.31483,0.0
0.11433,-1.28624,0.0
0.11433,-1.25766,0.0
0.11433,-1.22908,0.0
0.11433,-1.20049,0.0
0.11433,-1.17191,0.0
0.11433,-1.14333,0.0
0.11433,-1.11474,0.0
0.11433,-1.08616,0.0
0.11433,-1.05758,0.0
0.11433,-1.029,0.0
0.11433,-1.00041,0.0
0.11433,-0.97183,0.0
0.11433,-0.94325,0.0
0.11433,-0.91466,0.0
0.11433,-0.88608,0.0
0.11433,-0.8575,0.0
0.11433,-0.82891,0.0
0.11433,-0.80033,0.0
0.11433,-0.77175,0.0
0.11433,-0.74316,0.0
0.11433,-0.71458,0.0
0.11433,-0.686,0.0
0.11433,-0.65741,0.0
0.11433,-0.62883,0.0
0.11433,-0.60025,0.0
0.11433,-0.57166,0.0
0.11433,-0.54308,0.0
0.11433,-0.5145,0.0
0.11433,-0.48591,0.0
0.11433,-0.45733,0.0
0.11433,-0.42875,0.0
0.11433,-0.40016,0.0
0.11433,-0.37158,0.0
0.11433,-0.343,0.0
0.11433,-0.31442,0.0
0.11433,-0.28583,0.0
0.11433,-0.25725,0.0
0.11433,-0.22867,0.0
0.11433,-0.20008,0.0
0.11433,-0.1715,0.0
0.11433,-0.14292,0.0
0.11433,-0.11433,0.0
0.11433,-0.08575,0.0
0.11433,-0.05717,0.0
0.11433,-0.02858,0.0
0.11433,0,0.0
0.11433,0.02858,0.0
0.11433,0.05717,0.0
0.11433,0.08575,0.0
0.11433,0.11433,0.0
0.11433,0.14292,0.0
0.11433,0.1715,0.0
0.11433,0.20008,0.0
0.11433,0.22867,0.0
0.11433,0.25725,0.0
0.11433,0.28583,0.0
0.11433,0.31442,0.0
0.11433,0.343,0.0
0.11433,0.37158,0.0
0.11433,0.40016,0.0
0.11433,0.42875,0.0
0.11433,0.45733,0.0
0.11433,0.48591,0.0
0.11433,0.5145,0.0
0.11433,0.54308,0.0
0.11433,0.57166,0.0
0.11433,0.60025,0.0
0.11433,0.62883,0.0
0.11433,0.65741,0.0
0.11433,0.686,0.0
0.11433,0.71458,0.0
0.11433,0.74316,0.0
0.11433,0.77175,0.0
0.11433,0.80033,0.0
0.11433,0.82891,0.0
0.11433,0.8575,0.0
0.11433,0.88608,0.0
0.11433,0.91466,0.0
0.11433,0.94325,0.0
0.11433,0.97183,0.0
0.11433,1.00041,0.0
0.11433,1.029,0.0
0.11433,1.05758,0.0
0.11433,1.08616,0.0
0.11433,1.11474,0.0
0.11433,1.14333,0.0
0.11433,1.17191,0.0
0.11433,1.20049,0.0
0.11433,1.22908,0.0
0.11433,1.25766,0.0
0.11433,1.28624,0.0
0.11433,1.31483,0.0
0.11433,1.34341,0.0
0.11433,1.37199,0.0
0.11433,1.40058,0.0
0.11433,1.42916,0.0
0.11433,1.45774,0.0
0.11433,1.48633,0.0
0.11433,1.51491,0.0
0.11433,1.54349,0.0
0.11433,1.57208,0.0
0.11433,1.60066,0.0
0.11433,1.62924,0.0
0.11433,1.65783,0.0
0.11433,1.68641,0.0
0.11433,1.71499,0.0
0.11433,1.74358,0.0
0.11433,1.77216,0.0
0.11433,1.80074,0.0
0.11433,1.82933,0.0
0.11433,1.85791,0.0
0.11433,1.88649,0.0
0.11433,1.91507,0.0
0.11433,1.94366,0.0
0.11433,1.97224,0.0
0.11433,2.00082,0.0
0.11433,2.02941,0.0
0.11433,2.05799,0.0
0.11433,2.08657,0.0
0.11433,2.11516,0.0
0.11433,2.14374,0.0
0.11433,2.17232,0.0
0.11433,2.20091,0.0
0.11433,2.22949,0.0
0.11433,2.25807,0.0
0.11433,2.28666,0.0
0.11433,2.31524,0.0
0.11433,2.34382,0.0
0.11433,2.37241,0.0
0.11433,2.40099,0.0
0.11433,2.42957,0.0
0.11433,2.45816,0.0
0.11433,2.48674,0.0
0.11433,2.51532,0.0
0.11433,2.54391,0.0
0.11433,2.57249,0.0
0.11433,2.60107,0.0
0.11433,2.62965,0.0
0.11433,2.65824,0.0
0.11433,2.68682,0.0
0.11433,2.7154,0.0
0.11433,2.74399,0.0
0.11433,2.77257,0.0
0.14292,-2.77257,0.0
0.14292,-2.74399,0.0
0.14292,-2.7154,0.0
0.14292,-2.68682,0.0
0.14292,-2.65824,0.0
0.14292,-2.62965,0.0
0.14292,-2.60107,0.0
0.14292,-2.57249,0.0
0.14292,-2.54391,0.0
0.14292,-2.51532,0.0
0.14292,-2.48674,0.0
0.14292,-2.45816,0.0
0.14292,-2.42957,0.0
0.14292,-2.40099,0.0
0.14292,-2.37241,0.0
0.14292,-2.34382,0.0
0.14292,-2.31524,0.0
0.14292,-2.28666,0.0
0.14292,-2.25807,0.0
0.14292,-2.22949,0.0
0.14292,-2.20091,0.0
0.14292,-2.17232,0.0
0.14292,-2.14374,0.0
0.14292,-2.11516,0.0
0.14292,-2.08657,0.0
0.14292,-2.05799,0.0
0.14292,-2.02941,0.0
0.14292,-2.00082,0.0
0.14292,-1.97224,0.0
0.14292,-1.94366,0.0
0.14292,-1.91507,0.0
0.14292,-1.88649,0.0
0.14292,-1.85791,0.0
0.14292,-1.82933,0.0
0.14292,-1.80074,0.0
0.14292,-1.77216,0.0
0.14292,-1.74358,0.0
0.14292,-1.71499,0.0
0.14292,-1.68641,0.0
0.14292,-1.65783,0.0
0.14292,-1.62924,0.0
0.14292,-1.60066,0.0
0.14292,-1.57208,0.0
0.14292,-1.54349,0.0
0.14292,-1.51491,0.0
0.14292,-1.48633,0.0
0.14292,-1.45774,0.0
0.14292,-1.42916,0.0
0.14292,-1.40058,0.0
0.14292,-1.37199,0.0
0.14292,-1.34341,0.0
0.14292,-1.31483,0.0
0.14292,-1.28624,0.0
0.14292,-1.25766,0.0
0.14292,-1.22908,0.0
0.14292,-1.20049,0.0
0.14292,-1.17191,0.0
0.14292,-1.14333,0.0
0.14292,-1.11474,0.0
0.14292,-1.08616,0.0
0.14292,-1.05758,0.0
0.14292,-1.029,0.0
0.14292,-1.00041,0.0
0.14292,-0.97183,0.0
0.14292,-0.94325,0.0
0.14292,-0.91466,0.0
0.14292,-0.88608,0.0
0.14292,-0.8575,0.0
0.14292,-0.82891,0.0
0.14292,-0.80033,0.0
0.14292,-0.77175,0.0
0.14292,-0.74316,0.0
0.14292,-0.71458,0.0
0.14292,-0.686,0.0
0.14292,-0.65741,0.0
0.14292,-0.62883,0.0
0.14292,-0.60025,0.0
0.14292,-0.57166,0.0
0.14292,-0.54308,0.0
0.14292,-0.5145,0.0
0.14292,-0.48591,0.0
0.14292,-0.45733,0.0
0.14292,-0.42875,0.0
0.14292,-0.40016,0.0
0.14292,-0.37158,0.0
0.14292,-0.343,0.0
0.14292,-0.31442,0.0
0.14292,-0.28583,0.0
0.14292,-0.25725,0.0
0.14292,-0.22867,0.0
0.14292,-0.20008,0.0
0.14292,-0.1715,0.0
0.14292,-0.14292,0.0
0.14292,-0.11433,0.0
0.14292,-0.08575,0.0
0.14292,-0.05717,0.0
0.14292,-0.02858,0.0
0.14292,0,0.0
0.14292,0.02858,0.0
0.14292,0.05717,0.0
0.14292,0.08575,0.0
0.14292,0.11433,0.0
0.14292,0.14292,0.0
0.14292,0.1715,0.0
0.14292,0.20008,0.0
0.14292,0.22867,0.0
0.14292,0.25725,0.0
0.14292,0.28583,0.0
0.14292,0.31442,0.0
0.14292,0.343,0.0
0.14292,0.37158,0.0
0.14292,0.40016,0.0
0.14292,0.42875,0.0
0.14292,0.45733,0.0
0.14292,0.48591,0.0
0.14292,0.5145,0.0
0.14292,0.54308,0.0
0.14292,0.57166,0.0
0.14292,0.60025,0.0
0.14292,0.62883,0.0
0.14292,0.65741,0.0
0.14292,0.686,0.0
0.14292,0.71458,0.0
0.14292,0.74316,0.0
0.14292,0.77175,0.0
0.14292,0.80033,0.0
0.14292,0.82891,0.0
0.14292,0.8575,0.0
0.14292,0.88608,0.0
0.14292,0.91466,0.0
0.14292,0.94325,0.0
0.14292,0.97183,0.0
0.14292,1.00041,0.0
0.14292,1.029,0.0
0.14292,1.05758,0.0
0.14292,1.08616,0.0
0.14292,1.11474,0.0
0.14292,1.14333,0.0
0.14292,1.17191,0.0
0.14292,1.20049,0.0
0.14292,1.22908,0.0
0.14292,1.25766,0.0
0.14292,1.28624,0.0
0.14292,1.31483,0.0
0.14292,1.34341,0.0
0.14292,1.37199,0.0
0.14292,1.40058,0.0
0.14292,1.42916,0.0
0.14292,1.45774,0.0
0.14292,1.48633,0.0
0.14292,1.51491,0.0
0.14292,1.54349,0.0
0.14292,1.57208,0.0
0.14292,1.60066,0.0
0.14292,1.62924,0.0
0.14292,1.65783,0.0
0.14292,1.68641,0.0
0.14292,1.71499,0.0
0.14292,1.74358,0.0
0.14292,1.77216,0.0
0.14292,1.80074,0.0
0.14292,1.82933,0.0
0.14292,1.85791,0.0
0.14292,1.88649,0.0
0.14292,1.91507,0.0
0.14292,1.94366,0.0
0.14292,1.97224,0.0
0.14292,2.00082,0.0
0.14292,2.02941,0.0
0.14292,2.05799,0.0
0.14292,2.08657,0.0
0.14292,2.11516,0.0
0.14292,2.14374,0.0
0.14292,2.17232,0.0
0.14292,2.20091,0.0
0.14292,2.22949,0.0
0.14292,2.25807,0.0
0.14292,2.28666,0.0
0.14292,2.31524,0.0
0.14292,2.34382,0.0
0.14292,2.37241,0.0
0.14292,2.40099,0.0
0.14292,2.42957,0.0
0.14292,2.45816,0.0
0.14292,2.48674,0.0
0.14292,2.51532,0.0
0.14292,2.54391,0.0
0.14292,2.57249,0.0
0.14292,2.60107,0.0
0.14292,2.62965,0.0
0.14292,2.65824,0.0
0.14292,2.68682,0.0
0.14292,2.7154,0.0
0.14292,2.74399,0.0
0.14292,2.77257,0.0
0.1715,-2.77257,0.0
0.1715,-2.74399,0.0
0.1715,-2.7154,0.0
0.1715,-2.68682,0.0
0.1715,-2.65824,0.0
0.1715,-2.62965,0.0
0.1715,-2.60107,0.0
0.1715,-2.57249,0.0
0.1715,-2.54391,0.0
0.1715,-2.51532,0.0
0.1715,-2.48674,0.0
0.1715,-2.45816,0.0
0.1715,-2.42957,0.0
0.1715,-2.40099,0.0
0.1715,-2.37241,0.0
0.1715,-2.34382,0.0
0.1715,-2.31524,0.0
0.1715,-2.28666,0.0
0.1715,-2.25807,0.0
0.1715,-2.22949,0.0
0.1715,-2.20091,0.0
0.1715,-2.17232,0.0
0.1715,-2.14374,0.0
0.1715,-2.11516,0.0
0.1715,-2.08657,0.0
0.1715,-2.05799,0.0
0.1715,-2.02941,0.0
0.1715,-2.00082,0.0
0.1715,-1.97224,0.0
0.1715,-1.94366,0.0
0.1715,-1.91507,0.0
0.1715,-1.88649,0.0
0.1715,-1.85791,0.0
0.1715,-1.82933,0.0
0.1715,-1.80074,0.0
0.1715,-1.77216,0.0
0.1715,-1.74358,0.0
0.1715,-1.71499,0.0
0.1715,-1.68641,0.0
0.1715,-1.65783,0.0
0.1715,-1.62924,0.0
0.1715,-1.60066,0.0
0.1715,-1.57208,0.0
0.1715,-1.54349,0.0
0.1715,-1.51491,0.0
0.1715,-1.48633,0.0
0.1715,-1.45774,0.0
0.1715,-1.42916,0.0
0.1715,-1.40058,0.0
0.1715,-1.37199,0.0
0.1715,-1.34341,0.0
0.1715,-1.31483,0.0
0.1715,-1.28624,0.0
0.1715,-1.25766,0.0
0.1715,-1.22908,0.0
0.1715,-1.20049,0.0
0.1715,-1.17191,0.0
0.1715,-1.14333,0.0
0.1715,-1.11474,0.0
0.1715,-1.08616,0.0
0.1715,-1.05758,0.0
0.1715,-1.029,0.0
0.1715,-1.00041,0.0
0.1715,-0.97183,0.0
0.1715,-0.94325,0.0
0.1715,-0.91466,0.0
0.1715,-0.88608,0.0
0.1715,-0.8575,0.0
0.1715,-0.82891,0.0
0.1715,-0.80033,0.0
0.1715,-0.77175,0.0
0.1715,-0.74316,0.0
0.1715,-0.71458,0.0
0.1715,-0.686,0.0
0.1715,-0.65741,0.0
0.1715,-0.62883,0.0
0.1715,-0.60025,0.0
0.1715,-0.57166,0.0
0.1715,-0.54308,0.0
0.1715,-0.5145,0.0
0.1715,-0.48591,0.0
0.1715,-0.45733,0.0
0.1715,-0.42875,0.0
0.1715,-0.40016,0.0
0.1715,-0.37158,0.0
0.1715,-0.343,0.0
0.1715,-0.31442,0.0
0.1715,-0.28583,0.0
0.1715,-0.25725,0.0
0.1715,-0.22867,0.0
0.1715,-0.20008,0.0
0.1715,-0.1715,0.0
0.1715,-0.14292,0.0
0.1715,-0.11433,0.0
0.1715,-0.08575,0.0
0.1715,-0.05717,0.0
0.1715,-0.02858,0.0
0.1715,0,0.0
0.1715,0.02858,0.0
0.1715,0.05717,0.0
0.1715,0.08575,0.0
0.1715,0.11433,0.0
0.1715,0.14292,0.0
0.1715,0.1715,0.0
0.1715,0.20008,0.0
0.1715,0.22867,0.0
0.1715,0.25725,0.0
0.1715,0.28583,0.0
0.1715,0.31442,0.0
0.1715,0.343,0.0
0.1715,0.37158,0.0
0.1715,0.40016,0.0
0.1715,0.42875,0.0
0.1715,0.45733,0.0
0.1715,0.48591,0.0
0.1715,0.5145,0.0
0.1715,0.54308,0.0
0.1715,0.57166,0.0
0.1715,0.60025,0.0
0.1715,0.62883,0.0
0.1715,0.65741,0.0
0.1715,0.686,0.0
0.1715,0.71458,0.0
0.1715,0.74316,0.0
0.1715,0.77175,0.0
0.1715,0.80033,0.0
0.1715,0.82891,0.0
0.1715,0.8575,0.0
0.1715,0.88608,0.0
0.1715,0.91466,0.0
0.1715,0.94325,0.0
0.1715,0.97183,0.0
0.1715,1.00041,0.0
0.1715,1.029,0.0
0.1715,1.05758,0.0
0.1715,1.08616,0.0
0.1715,1.11474,0.0
0.1715,1.14333,0.0
0.1715,1.17191,0.0
0.1715,1.20049,0.0
0.1715,1.22908,0.0
0.1715,1.25766,0.0
0.1715,1.28624,0.0
0.1715,1.31483,0.0
0.1715,1.34341,0.0
0.1715,1.37199,0.0
0.1715,1.40058,0.0
0.1715,1.42916,0.0
0.1715,1.45774,0.0
0.1715,1.48633,0.0
0.1715,1.51491,0.0
0.1715,1.54349,0.0
0.1715,1.57208,0.0
0.1715,1.60066,0.0
0.1715,1.62924,0.0
0.1715,1.65783,0.0
0.1715,1.68641,0.0
0.1715,1.71499,0.0
0.1715,1.74358,0.0
0.1715,1.77216,0.0
0.1715,1.80074,0.0
0.1715,1.82933,0.0
0.1715,1.85791,0.0
0.1715,1.88649,0.0
0.1715,1.91507,0.0
0.1715,1.94366,0.0
0.1715,1.97224,0.0
0.1715,2.00082,0.0
0.1715,2.02941,0.0
0.1715,2.05799,0.0
0.1715,2.08657,0.0
0.1715,2.11516,0.0
0.1715,2.14374,0.0
0.1715,2.17232,0.0
0.1715,2.20091,0.0
0.1715,2.22949,0.0
0.1715,2.25807,0.0
0.1715,2.28666,0.0
0.1715,2.31524,0.0
0.1715,2.34382,0.0
0.1715,2.37241,0.0
0.1715,2.40099,0.0
0.1715,2.42957,0.0
0.1715,2.45816,0.0
0.1715,2.48674,0.0
0.1715,2.51532,0.0
0.1715,2.54391,0.0
0.1715,2.57249,0.0
0.1715,2.60107,0.0
0.1715,2.62965,0.0
0.1715,2.65824,0.0
0.1715,2.68682,0.0
0.1715,2.7154,0.0
0.1715,2.74399,0.0
0.1715,2.77257,0.0
0.20008,-2.77257,0.0
0.20008,-2.74399,0.0
0.20008,-2.7154,0.0
0.20008,-2.68682,0.0
0.20008,-2.65824,0.0
0.20008,-2.62965,0.0
0.20008,-2.60107,0.0
0.20008,-2.57249,0.0
0.20008,-2.54391,0.0
0.20008,-2.51532,0.0
0.20008,-2.48674,0.0
0.20008,-2.45816,0.0
0.20008,-2.42957,0.0
0.20008,-2.40099,0.0
0.20008,-2.37241,0.0
0.20008,-2.34382,0.0
0.20008,-2.31524,0.0
0.20008,-2.28666,0.0
0.20008,-2.25807,0.0
0.20008,-2.22949,0.0
0.20008,-2.20091,0.0
0.20008,-2.17232,0.0
0.20008,-2.14374,0.0
0.20008,-2.11516,0.0
0.20008,-2.08657,0.0
0.20008,-2.05799,0.0
0.20008,-2.02941,0.0
0.20008,-2.00082,0.0
0.20008,-1.97224,0.0
0.20008,-1.94366,0.0
0.20008,-1.91507,0.0
0.20008,-1.88649,0.0
0.20008,-1.85791,0.0
0.20008,-1.82933,0.0
0.20008,-1.80074,0.0
0.20008,-1.77216,0.0
0.20008,-1.74358,0.0
0.20008,-1.71499,0.0
0.20008,-1.68641,0.0
0.20008,-1.65783,0.0
0.20008,-1.62924,0.0
0.20008,-1.60066,0.0
0.20008,-1.57208,0.0
0.20008,-1.54349,0.0
0.20008,-1.51491,0.0
0.20008,-1.48633,0.0
0.20008,-1.45774,0.0
0.20008,-1.42916,0.0
0.20008,-1.40058,0.0
0.20008,-1.37199,0.0
0.20008,-1.34341,0.0
0.20008,-1.31483,0.0
0.20008,-1.28624,0.0
0.20008,-1.25766,0.0
0.20008,-1.22908,0.0
0.20008,-1.20049,0.0
0.20008,-1.17191,0.0
0.20008,-1.14333,0.0
0.20008,-1.11474,0.0
0.20008,-1.08616,0.0
0.20008,-1.05758,0.0
0.20008,-1.029,0.0
0.20008,-1.00041,0.0
0.20008,-0.97183,0.0
0.20008,-0.94325,0.0
0.20008,-0.91466,0.0
0.20008,-0.88608,0.0
0.20008,-0.8575,0.0
0.20008,-0.82891,0.0
0.20008,-0.80033,0.0
0.20008,-0.77175,0.0
0.20008,-0.74316,0.0
0.20008,-0.71458,0.0
0.20008,-0.686,0.0
0.20008,-0.65741,0.0
0.20008,-0.62883,0.0
0.20008,-0.60025,0.0
0.20008,-0.57166,0.0
0.20008,-0.54308,0.0
0.20008,-0.5145,0.0
0.20008,-0.48591,0.0
0.20008,-0.45733,0.0
0.20008,-0.42875,0.0
0.20008,-0.40016,0.0
0.20008,-0.37158,0.0
0.20008,-0.343,0.0
0.20008,-0.31442,0.0
0.20008,-0.28583,0.0
0.20008,-0.25725,0.0
0.20008,-0.22867,0.0
0.20008,-0.20008,0.0
0.20008,-0.1715,0.0
0.20008,-0.14292,0.0
0.20008,-0.11433,0.0
0.20008,-0.08575,0.0
0.20008,-0.05717,0.0
0.20008,-0.02858,0.0
0.20008,0,0.0
0.20008,0.02858,0.0
0.20008,0.05717,0.0
0.20008,0.08575,0.0
0.20008,0.11433,0.0
0.20008,0.14292,0.0
0.20008,0.1715,0.0
0.20008,0.20008,0.0
0.20008,0.22867,0.0
0.20008,0.25725,0.0
0.20008,0.28583,0.0
0.20008,0.31442,0.0
0.20008,0.343,0.0
0.20008,0.37158,0.0
0.20008,0.40016,0.0
0.20008,0.42875,0.0
0.20008,0.45733,0.0
0.20008,0.48591,0.0
0.20008,0.5145,0.0
0.20008,0.54308,0.0
0.20008,0.57166,0.0
0.20008,0.60025,0.0
0.20008,0.62883,0.0
0.20008,0.65741,0.0
0.20008,0.686,0.0
0.20008,0.71458,0.0
0.20008,0.74316,0.0
0.20008,0.77175,0.0
0.20008,0.80033,0.0
0.20008,0.82891,0.0
0.20008,0.8575,0.0
0.20008,0.88608,0.0
0.20008,0.91466,0.0
0.20008,0.94325,0.0
0.20008,0.97183,0.0
0.20008,1.00041,0.0
0.20008,1.029,0.0
0.20008,1.05758,0.0
0.20008,1.08616,0.0
0.20008,1.11474,0.0
0.20008,1.14333,0.0
0.20008,1.17191,0.0
0.20008,1.20049,0.0
0.20008,1.22908,0.0
0.20008,1.25766,0.0
0.20008,1.28624,0.0
0.20008,1.31483,0.0
0.20008,1.34341,0.0
0.20008,1.37199,0.0
0.20008,1.40058,0.0
0.20008,1.42916,0.0
0.20008,1.45774,0.0
0.20008,1.48633,0.0
0.20008,1.51491,0.0
0.20008,1.54349,0.0
0.20008,1.57208,0.0
0.20008,1.60066,0.0
0.20008,1.62924,0.0
0.20008,1.65783,0.0
0.20008,1.68641,0.0
0.20008,1.71499,0.0
0.20008,1.74358,0.0
0.20008,1.77216,0.0
0.20008,1.80074,0.0
0.20008,1.82933,0.0
0.20008,1.85791,0.0
0.20008,1.88649,0.0
0.20008,1.91507,0.0
0.20008,1.94366,0.0
0.20008,1.97224,0.0
0.20008,2.00082,0.0
0.20008,2.02941,0.0
0.20008,2.05799,0.0
0.20008,2.08657,0.0
0.20008,2.11516,0.0
0.20008,2.14374,0.0
0.20008,2.17232,0.0
0.20008,2.20091,0.0
0.20008,2.22949,0.0
0.20008,2.25807,0.0
0.20008,2.28666,0.0
0.20008,2.31524,0.0
0.20008,2.34382,0.0
0.20008,2.37241,0.0
0.20008,2.40099,0.0
0.20008,2.42957,0.0
0.20008,2.45816,0.0
0.20008,2.48674,0.0
0.20008,2.51532,0.0
0.20008,2.54391,0.0
0.20008,2.57249,0.0
0.20008,2.60107,0.0
0.20008,2.62965,0.0
0.20008,2.65824,0.0
0.20008,2.68682,0.0
0.20008,2.7154,0.0
0.20008,2.74399,0.0
0.20008,2.77257,0.0
0.22867,-2.77257,0.0
0.22867,-2.74399,0.0
0.22867,-2.7154,0.0
0.22867,-2.68682,0.0
0.22867,-2.65824,0.0
0.22867,-2.62965,0.0
0.22867,-2.60107,0.0
0.22867,-2.57249,0.0
0.22867,-2.54391,0.0
0.22867,-2.51532,0.0
0.22867,-2.48674,0.0
0.22867,-2.45816,0.0
0.22867,-2.42957,0.0
0.22867,-2.40099,0.0
0.22867,-2.37241,0.0
0.22867,-2.34382,0.0
0.22867,-2.31524,0.0
0.22867,-2.28666,0.0
0.22867,-2.25807,0.0
0.22867,-2.22949,0.0
0.22867,-2.20091,0.0
0.22867,-2.17232,0.0
0.22867,-2.14374,0.0
0.22867,-2.11516,0.0
0.22867,-2.08657,0.0
0.22867,-2.05799,0.0
0.22867,-2.02941,0.0
0.22867,-2.00082,0.0
0.22867,-1.97224,0.0
0.22867,-1.94366,0.0
0.22867,-1.91507,0.0
0.22867,-1.88649,0.0
0.22867,-1.85791,0.0
0.22867,-1.82933,0.0
0.22867,-1.80074,0.0
0.22867,-1.77216,0.0
0.22867,-1.74358,0.0
0.22867,-1.71499,0.0
0.22867,-1.68641,0.0
0.22867,-1.65783,0.0
0.22867,-1.62924,0.0
0.22867,-1.60066,0.0
0.22867,-1.57208,0.0
0.22867,-1.54349,0.0
0.22867,-1.51491,0.0
0.22867,-1.48633,0.0
0.22867,-1.45774,0.0
0.22867,-1.42916,0.0
0.22867,-1.40058,0.0
0.22867,-1.37199,0.0
0.22867,-1.34341,0.0
0.22867,-1.31483,0.0
0.22867,-1.28624,0.0
0.22867,-1.25766,0.0
0.22867,-1.22908,0.0
0.22867,-1.20049,0.0
0.22867,-1.17191,0.0
0.22867,-1.14333,0.0
0.22867,-1.11474,0.0
0.22867,-1.08616,0.0
0.22867,-1.05758,0.0
0.22867,-1.029,0.0
0.22867,-1.00041,0.0
0.22867,-0.97183,0.0
0.22867,-0.94325,0.0
0.22867,-0.91466,0.0
0.22867,-0.88608,0.0
0.22867,-0.8575,0.0
0.22867,-0.82891,0.0
0.22867,-0.80033,0.0
0.22867,-0.77175,0.0
0.22867,-0.74316,0.0
0.22867,-0.71458,0.0
0.22867,-0.686,0.0
0.22867,-0.65741,0.0
0.22867,-0.62883,0.0
0.22867,-0.60025,0.0
0.22867,-0.57166,0.0
0.22867,-0.54308,0.0
0.22867,-0.5145,0.0
0.22867,-0.48591,0.0
0.22867,-0.45733,0.0
0.22867,-0.42875,0.0
0.22867,-0.40016,0.0
0.22867,-0.37158,0.0
0.22867,-0.343,0.0
0.22867,-0.31442,0.0
0.22867,-0.28583,0.0
0.22867,-0.25725,0.0
0.22867,-0.22867,0.0
0.22867,-0.20008,0.0
0.22867,-0.1715,0.0
0.22867,-0.14292,0.0
0.22867,-0.11433,0.0
0.22867,-0.08575,0.0
0.22867,-0.05717,0.0
0.22867,-0.02858,0.0
0.22867,0,0.0
0.22867,0.02858,0.0
0.22867,0.05717,0.0
0.22867,0.08575,0.0
0.22867,0.11433,0.0
0.22867,0.14292,0.0
0.22867,0.1715,0.0
0.22867,0.20008,0.0
0.22867,0.22867,0.0
0.22867,0.25725,0.0
0.22867,0.28583,0.0
0.22867,0.31442,0.0
0.22867,0.343,0.0
0.22867,0.37158,0.0
0.22867,0.40016,0.0
0.22867,0.42875,0.0
0.22867,0.45733,0.0
0.22867,0.48591,0.0
0.22867,0.5145,0.0
0.22867,0.54308,0.0
0.22867,0.57166,0.0
0.22867,0.60025,0.0
0.22867,0.62883,0.0
0.22867,0.65741,0.0
0.22867,0.686,0.0
0.22867,0.71458,0.0
0.22867,0.74316,0.0
0.22867,0.77175,0.0
0.22867,0.80033,0.0
0.22867,0.82891,0.0
0.22867,0.8575,0.0
0.22867,0.88608,0.0
0.22867,0.91466,0.0
0.22867,0.94325,0.0
0.22867,0.97183,0.0
0.22867,1.00041,0.0
0.22867,1.029,0.0
0.22867,1.05758,0.0
0.22867,1.08616,0.0
0.22867,1.11474,0.0
0.22867,1.14333,0.0
0.22867,1.17191,0.0
0.22867,1.20049,0.0
0.22867,1.22908,0.0
0.22867,1.25766,0.0
0.22867,1.28624,0.0
0.22867,1.31483,0.0
0.22867,1.34341,0.0
0.22867,1.37199,0.0
0.22867,1.40058,0.0
0.22867,1.42916,0.0
0.22867,1.45774,0.0
0.22867,1.48633,0.0
0.22867,1.51491,0.0
0.22867,1.54349,0.0
0.22867,1.57208,0.0
0.22867,1.60066,0.0
0.22867,1.62924,0.0
0.22867,1.65783,0.0
0.22867,1.68641,0.0
0.22867,1.71499,0.0
0.22867,1.74358,0.0
0.22867,1.77216,0.0
0.22867,1.80074,0.0
0.22867,1.82933,0.0
0.22867,1.85791,0.0
0.22867,1.88649,0.0
0.22867,1.91507,0.0
0.22867,1.94366,0.0
0.22867,1.97224,0.0
0.22867,2.00082,0.0
0.22867,2.02941,0.0
0.22867,2.05799,0.0
0.22867,2.08657,0.0
0.22867,2.11516,0.0
0.22867,2.14374,0.0
0.22867,2.17232,0.0
0.22867,2.20091,0.0
0.22867,2.22949,0.0
0.22867,2.25807,0.0
0.22867,2.28666,0.0
0.22867,2.31524,0.0
0.22867,2.34382,0.0
0.22867,2.37241,0.0
0.22867,2.40099,0.0
0.22867,2.42957,0.0
0.22867,2.45816,0.0
0.22867,2.48674,0.0
0.22867,2.51532,0.0
0.22867,2.54391,0.0
0.22867,2.57249,0.0
0.22867,2.60107,0.0
0.22867,2.62965,0.0
0.22867,2.65824,0.0
0.22867,2.68682,0.0
0.22867,2.7154,0.0
0.22867,2.74399,0.0
0.22867,2.77257,0.0
0.25725,-2.77257,0.0
0.25725,-2.74399,0.0
0.25725,-2.7154,0.0
0.25725,-2.68682,0.0
0.25725,-2.65824,0.0
0.25725,-2.62965,0.0
0.25725,-2.60107,0.0
0.25725,-2.57249,0.0
0.25725,-2.54391,0.0
0.25725,-2.51532,0.0
0.25725,-2.48674,0.0
0.25725,-2.45816,0.0
0.25725,-2.42957,0.0
0.25725,-2.40099,0.0
0.25725,-2.37241,0.0
0.25725,-2.34382,0.0
0.25725,-2.31524,0.0
0.25725,-2.28666,0.0
0.25725,-2.25807,0.0
0.25725,-2.22949,0.0
0.25725,-2.20091,0.0
0.25725,-2.17232,0.0
0.25725,-2.14374,0.0
0.25725,-2.11516,0.0
0.25725,-2.08657,0.0
0.25725,-2.05799,0.0
0.25725,-2.02941,0.0
0.25725,-2.00082,0.0
0.25725,-1.97224,0.0
0.25725,-1.94366,0.0
0.25725,-1.91507,0.0
0.25725,-1.88649,0.0
0.25725,-1.85791,0.0
0.25725,-1.82933,0.0
0.25725,-1.80074,0.0
0.25725,-1.77216,0.0
0.25725,-1.74358,0.0
0.25725,-1.71499,0.0
0.25725,-1.68641,0.0
0.25725,-1.65783,0.0
0.25725,-1.62924,0.0
0.25725,-1.60066,0.0
0.25725,-1.57208,0.0
0.25725,-1.54349,0.0
0.25725,-1.51491,0.0
0.25725,-1.48633,0.0
0.25725,-1.45774,0.0
0.25725,-1.42916,0.0
0.25725,-1.40058,0.0
0.25725,-1.37199,0.0
0.25725,-1.34341,0.0
0.25725,-1.31483,0.0
0.25725,-1.28624,0.0
0.25725,-1.25766,0.0
0.25725,-1.22908,0.0
0.25725,-1.20049,0.0
0.25725,-1.17191,0.0
0.25725,-1.14333,0.0
0.25725,-1.11474,0.0
0.25725,-1.08616,0.0
0.25725,-1.05758,0.0
0.25725,-1.029,0.0
0.25725,-1.00041,0.0
0.25725,-0.97183,0.0
0.25725,-0.94325,0.0
0.25725,-0.91466,0.0
0.25725,-0.88608,0.0
0.25725,-0.8575,0.0
0.25725,-0.82891,0.0
0.25725,-0.80033,0.0
0.25725,-0.77175,0.0
0.25725,-0.74316,0.0
0.25725,-0.71458,0.0
0.25725,-0.686,0.0
0.25725,-0.65741,0.0
0.25725,-0.62883,0.0
0.25725,-0.60025,0.0
0.25725,-0.57166,0.0
0.25725,-0.54308,0.0
0.25725,-0.5145,0.0
0.25725,-0.48591,0.0
0.25725,-0.45733,0.0
0.25725,-0.42875,0.0
0.25725,-0.40016,0.0
0.25725,-0.37158,0.0
0.25725,-0.343,0.0
0.25725,-0.31442,0.0
0.25725,-0.28583,0.0
0.25725,-0.25725,0.0
0.25725,-0.22867,0.0
0.25725,-0.20008,0.0
0.25725,-0.1715,0.0
0.25725,-0.14292,0.0
0.25725,-0.11433,0.0
0.25725,-0.08575,0.0
0.25725,-0.05717,0.0
0.25725,-0.02858,0.0
0.25725,0,0.0
0.25725,0.02858,0.0
0.25725,0.05717,0.0
0.25725,0.08575,0.0
0.25725,0.11433,0.0
0.25725,0.14292,0.0
0.25725,0.1715,0.0
0.25725,0.20008,0.0
0.25725,0.22867,0.0
0.25725,0.25725,0.0
0.25725,0.28583,0.0
0.25725,0.31442,0.0
0.25725,0.343,0.0
0.25725,0.37158,0.0
0.25725,0.40016,0.0
0.25725,0.42875,0.0
0.25725,0.45733,0.0
0.25725,0.48591,0.0
0.25725,0.5145,0.0
0.25725,0.54308,0.0
0.25725,0.57166,0.0
0.25725,0.60025,0.0
0.25725,0.62883,0.0
0.25725,0.65741,0.0
0.25725,0.686,0.0
0.25725,0.71458,0.0
0.25725,0.74316,0.0
0.25725,0.77175,0.0
0.25725,0.80033,0.0
0.25725,0.82891,0.0
0.25725,0.8575,0.0
0.25725,0.88608,0.0
0.25725,0.91466,0.0
0.25725,0.94325,0.0
0.25725,0.97183,0.0
0.25725,1.00041,0.0
0.25725,1.029,0.0
0.25725,1.05758,0.0
0.25725,1.08616,0.0
0.25725,1.11474,0.0
0.25725,1.14333,0.0
0.25725,1.17191,0.0
0.25725,1.20049,0.0
0.25725,1.22908,0.0
0.25725,1.25766,0.0
0.25725,1.28624,0.0
0.25725,1.31483,0.0
0.25725,1.34341,0.0
0.25725,1.37199,0.0
0.25725,1.40058,0.0
0.25725,1.42916,0.0
0.25725,1.45774,0.0
0.25725,1.48633,0.0
0.25725,1.51491,0.0
0.25725,1.54349,0.0
0.25725,1.57208,0.0
0.25725,1.60066,0.0
0.25725,1.62924,0.0
0.25725,1.65783,0.0
0.25725,1.68641,0.0
0.25725,1.71499,0.0
0.25725,1.74358,0.0
0.25725,1.77216,0.0
0.25725,1.80074,0.0
0.25725,1.82933,0.0
0.25725,1.85791,0.0
0.25725,1.88649,0.0
0.25725,1.91507,0.0
0.25725,1.94366,0.0
0.25725,1.97224,0.0
0.25725,2.00082,0.0
0.25725,2.02941,0.0
0.25725,2.05799,0.0
0.25725,2.08657,0.0
0.25725,2.11516,0.0
0.25725,2.14374,0.0
0.25725,2.17232,0.0
0.25725,2.20091,0.0
0.25725,2.22949,0.0
0.25725,2.25807,0.0
0.25725,2.28666,0.0
0.25725,2.31524,0.0
0.25725,2.34382,0.0
0.25725,2.37241,0.0
0.25725,2.40099,0.0
0.25725,2.42957,0.0
0.25725,2.45816,0.0
0.25725,2.48674,0.0
0.25725,2.51532,0.0
0.25725,2.54391,0.0
0.25725,2.57249,0.0
0.25725,2.60107,0.0
0.25725,2.62965,0.0
0.25725,2.65824,0.0
0.25725,2.68682,0.0
0.25725,2.7154,0.0
0.25725,2.74399,0.0
0.25725,2.77257,0.0
0.28583,-2.77257,0.0
0.28583,-2.74399,0.0
0.28583,-2.7154,0.0
0.28583,-2.68682,0.0
0.28583,-2.65824,0.0
0.28583,-2.62965,0.0
0.28583,-2.60107,0.0
0.28583,-2.57249,0.0
0.28583,-2.54391,0.0
0.28583,-2.51532,0.0
0.28583,-2.48674,0.0
0.28583,-2.45816,0.0
0.28583,-2.42957,0.0
0.28583,-2.40099,0.0
0.28583,-2.37241,0.0
0.28583,-2.34382,0.0
0.28583,-2.31524,0.0
0.28583,-2.28666,0.0
0.28583,-2.25807,0.0
0.28583,-2.22949,0.0
0.28583,-2.20091,0.0
0.28583,-2.17232,0.0
0.28583,-2.14374,0.0
0.28583,-2.11516,0.0
0.28583,-2.08657,0.0
0.28583,-2.05799,0.0
0.28583,-2.02941,0.0
0.28583,-2.00082,0.0
0.28583,-1.97224,0.0
0.28583,-1.94366,0.0
0.28583,-1.91507,0.0
0.28583,-1.88649,0.0
0.28583,-1.85791,0.0
0.28583,-1.82933,0.0
0.28583,-1.80074,0.0
0.28583,-1.77216,0.0
0.28583,-1.74358,0.0
0.28583,-1.71499,0.0
0.28583,-1.68641,0.0
0.28583,-1.65783,0.0
0.28583,-1.62924,0.0
0.28583,-1.60066,0.0
0.28583,-1.57208,0.0
0.28583,-1.54349,0.0
0.28583,-1.51491,0.0
0.28583,-1.48633,0.0
0.28583,-1.45774,0.0
0.28583,-1.42916,0.0
0.28583,-1.40058,0.0
0.28583,-1.37199,0.0
0.28583,-1.34341,0.0
0.28583,-1.31483,0.0
0.28583,-1.28624,0.0
0.28583,-1.25766,0.0
0.28583,-1.22908,0.0
0.28583,-1.20049,0.0
0.28583,-1.17191,0.0
0.28583,-1.14333,0.0
0.28583,-1.11474,0.0
0.28583,-1.08616,0.0
0.28583,-1.05758,0.0
0.28583,-1.029,0.0
0.28583,-1.00041,0.0
0.28583,-0.97183,0.0
0.28583,-0.94325,0.0
0.28583,-0.91466,0.0
0.28583,-0.88608,0.0
0.28583,-0.8575,0.0
0.28583,-0.82891,0.0
0.28583,-0.80033,0.0
0.28583,-0.77175,0.0
0.28583,-0.74316,0.0
0.28583,-0.71458,0.0
0.28583,-0.686,0.0
0.28583,-0.65741,0.0
0.28583,-0.62883,0.0
0.28583,-0.60025,0.0
0.28583,-0.57166,0.0
0.28583,-0.54308,0.0
0.28583,-0.5145,0.0
0.28583,-0.48591,0.0
0.28583,-0.45733,0.0
0.28583,-0.42875,0.0
0.28583,-0.40016,0.0
0.28583,-0.37158,0.0
0.28583,-0.343,0.0
0.28583,-0.31442,0.0
0.28583,-0.28583,0.0
0.28583,-0.25725,0.0
0.28583,-0.22867,0.0
0.28583,-0.20008,0.0
0.28583,-0.1715,0.0
0.28583,-0.14292,0.0
0.28583,-0.11433,0.0
0.28583,-0.08575,0.0
0.28583,-0.05717,0.0
0.28583,-0.02858,0.0
0.28583,0,0.0
0.28583,0.02858,0.0
0.28583,0.05717,0.0
0.28583,0.08575,0.0
0.28583,0.11433,0.0
0.28583,0.14292,0.0
0.28583,0.1715,0.0
0.28583,0.20008,0.0
0.28583,0.22867,0.0
0.28583,0.25725,0.0
0.28583,0.28583,0.0
0.28583,0.31442,0.0
0.28583,0.343,0.0
0.28583,0.37158,0.0
0.28583,0.40016,0.0
0.28583,0.42875,0.0
0.28583,0.45733,0.0
0.28583,0.48591,0.0
0.28583,0.5145,0.0
0.28583,0.54308,0.0
0.28583,0.57166,0.0
0.28583,0.60025,0.0
0.28583,0.62883,0.0
0.28583,0.65741,0.0
0.28583,0.686,0.0
0.28583,0.71458,0.0
0.28583,0.74316,0.0
0.28583,0.77175,0.0
0.28583,0.80033,0.0
0.28583,0.82891,0.0
0.28583,0.8575,0.0
0.28583,0.88608,0.0
0.28583,0.91466,0.0
0.28583,0.94325,0.0
0.28583,0.97183,0.0
0.28583,1.00041,0.0
0.28583,1.029,0.0
0.28583,1.05758,0.0
0.28583,1.08616,0.0
0.28583,1.11474,0.0
0.28583,1.14333,0.0
0.28583,1.17191,0.0
0.28583,1.20049,0.0
0.28583,1.22908,0.0
0.28583,1.25766,0.0
0.28583,1.28624,0.0
0.28583,1.31483,0.0
0.28583,1.34341,0.0
0.28583,1.37199,0.0
0.28583,1.40058,0.0
0.28583,1.42916,0.0
0.28583,1.45774,0.0
0.28583,1.48633,0.0
0.28583,1.51491,0.0
0.28583,1.54349,0.0
0.28583,1.57208,0.0
0.28583,1.60066,0.0
0.28583,1.62924,0.0
0.28583,1.65783,0.0
0.28583,1.68641,0.0
0.28583,1.71499,0.0
0.28583,1.74358,0.0
0.28583,1.77216,0.0
0.28583,1.80074,0.0
0.28583,1.82933,0.0
0.28583,1.85791,0.0
0.28583,1.88649,0.0
0.28583,1.91507,0.0
0.28583,1.94366,0.0
0.28583,1.97224,0.0
0.28583,2.00082,0.0
0.28583,2.02941,0.0
0.28583,2.05799,0.0
0.28583,2.08657,0.0
0.28583,2.11516,0.0
0.28583,2.14374,0.0
0.28583,2.17232,0.0
0.28583,2.20091,0.0
0.28583,2.22949,0.0
0.28583,2.25807,0.0
0.28583,2.28666,0.0
0.28583,2.31524,0.0
0.28583,2.34382,0.0
0.28583,2.37241,0.0
0.28583,2.40099,0.0
0.28583,2.42957,0.0
0.28583,2.45816,0.0
0.28583,2.48674,0.0
0.28583,2.51532,0.0
0.28583,2.54391,0.0
0.28583,2.57249,0.0
0.28583,2.60107,0.0
0.28583,2.62965,0.0
0.28583,2.65824,0.0
0.28583,2.68682,0.0
0.28583,2.7154,0.0
0.28583,2.74399,0.0
0.28583,2.77257,0.0
0.31442,-2.77257,0.0
0.31442,-2.74399,0.0
0.31442,-2.7154,0.0
0.31442,-2.68682,0.0
0.31442,-2.65824,0.0
0.31442,-2.62965,0.0
0.31442,-2.60107,0.0
0.31442,-2.57249,0.0
0.31442,-2.54391,0.0
0.31442,-2.51532,0.0
0.31442,-2.48674,0.0
0.31442,-2.45816,0.0
0.31442,-2.42957,0.0
0.31442,-2.40099,0.0
0.31442,-2.37241,0.0
0.31442,-2.34382,0.0
0.31442,-2.31524,0.0
0.31442,-2.28666,0.0
0.31442,-2.25807,0.0
0.31442,-2.22949,0.0
0.31442,-2.20091,0.0
0.31442,-2.17232,0.0
0.31442,-2.14374,0.0
0.31442,-2.11516,0.0
0.31442,-2.08657,0.0
0.31442,-2.05799,0.0
0.31442,-2.02941,0.0
0.31442,-2.00082,0.0
0.31442,-1.97224,0.0
0.31442,-1.94366,0.0
0.31442,-1.91507,0.0
0.31442,-1.88649,0.0
0.31442,-1.85791,0.0
0.31442,-1.82933,0.0
0.31442,-1.80074,0.0
0.31442,-1.77216,0.0
0.31442,-1.74358,0.0
0.31442,-1.71499,0.0
0.31442,-1.68641,0.0
0.31442,-1.65783,0.0
0.31442,-1.62924,0.0
0.31442,-1.60066,0.0
0.31442,-1.57208,0.0
0.31442,-1.54349,0.0
0.31442,-1.51491,0.0
0.31442,-1.48633,0.0
0.31442,-1.45774,0.0
0.31442,-1.42916,0.0
0.31442,-1.40058,0.0
0.31442,-1.37199,0.0
0.31442,-1.34341,0.0
0.31442,-1.31483,0.0
0.31442,-1.28624,0.0
0.31442,-1.25766,0.0
0.31442,-1.22908,0.0
0.31442,-1.20049,0.0
0.31442,-1.17191,0.0
0.31442,-1.14333,0.0
0.31442,-1.11474,0.0
0.31442,-1.08616,0.0
0.31442,-1.05758,0.0
0.31442,-1.029,0.0
0.31442,-1.00041,0.0
0.31442,-0.97183,0.0
0.31442,-0.94325,0.0
0.31442,-0.91466,0.0
0.31442,-0.88608,0.0
0.31442,-0.8575,0.0
0.31442,-0.82891,0.0
0.31442,-0.80033,0.0
0.31442,-0.77175,0.0
0.31442,-0.74316,0.0
0.31442,-0.71458,0.0
0.31442,-0.686,0.0
0.31442,-0.65741,0.0
0.31442,-0.62883,0.0
0.31442,-0.60025,0.0
0.31442,-0.57166,0.0
0.31442,-0.54308,0.0
0.31442,-0.5145,0.0
0.31442,-0.48591,0.0
0.31442,-0.45733,0.0
0.31442,-0.42875,0.0
0.31442,-0.40016,0.0
0.31442,-0.37158,0.0
0.31442,-0.343,0.0
0.31442,-0.31442,0.0
0.31442,-0.28583,0.0
0.31442,-0.25725,0.0
0.31442,-0.22867,0.0
0.31442,-0.20008,0.0
0.31442,-0.1715,0.0
0.31442,-0.14292,0.0
0.31442,-0.11433,0.0
0.31442,-0.08575,0.0
0.31442,-0.05717,0.0
0.31442,-0.02858,0.0
0.31442,0,0.0
0.31442,0.02858,0.0
0.31442,0.05717,0.0
0.31442,0.08575,0.0
0.31442,0.11433,0.0
0.31442,0.14292,0.0
0.31442,0.1715,0.0
0.31442,0.20008,0.0
0.31442,0.22867,0.0
0.31442,0.25725,0.0
0.31442,0.28583,0.0
0.31442,0.31442,0.0
0.31442,0.343,0.0
0.31442,0.37158,0.0
0.31442,0.40016,0.0
0.31442,0.42875,0.0
0.31442,0.45733,0.0
0.31442,0.48591,0.0
0.31442,0.5145,0.0
0.31442,0.54308,0.0
0.31442,0.57166,0.0
0.31442,0.60025,0.0
0.31442,0.62883,0.0
0.31442,0.65741,0.0
0.31442,0.686,0.0
0.31442,0.71458,0.0
0.31442,0.74316,0.0
0.31442,0.77175,0.0
0.31442,0.80033,0.0
0.31442,0.82891,0.0
0.31442,0.8575,0.0
0.31442,0.88608,0.0
0.31442,0.91466,0.0
0.31442,0.94325,0.0
0.31442,0.97183,0.0
0.31442,1.00041,0.0
0.31442,1.029,0.0
0.31442,1.05758,0.0
0.31442,1.08616,0.0
0.31442,1.11474,0.0
0.31442,1.14333,0.0
0.31442,1.17191,0.0
0.31442,1.20049,0.0
0.31442,1.22908,0.0
0.31442,1.25766,0.0
0.31442,1.28624,0.0
0.31442,1.31483,0.0
0.31442,1.34341,0.0
0.31442,1.37199,0.0
0.31442,1.40058,0.0
0.31442,1.42916,0.0
0.31442,1.45774,0.0
0.31442,1.48633,0.0
0.31442,1.51491,0.0
0.31442,1.54349,0.0
0.31442,1.57208,0.0
0.31442,1.60066,0.0
0.31442,1.62924,0.0
0.31442,1.65783,0.0
0.31442,1.68641,0.0
0.31442,1.71499,0.0
0.31442,1.74358,0.0
0.31442,1.77216,0.0
0.31442,1.80074,0.0
0.31442,1.82933,0.0
0.31442,1.85791,0.0
0.31442,1.88649,0.0
0.31442,1.91507,0.0
0.31442,1.94366,0.0
0.31442,1.97224,0.0
0.31442,2.00082,0.0
0.31442,2.02941,0.0
0.31442,2.05799,0.0
0.31442,2.08657,0.0
0.31442,2.11516,0.0
0.31442,2.14374,0.0
0.31442,2.17232,0.0
0.31442,2.20091,0.0
0.31442,2.22949,0.0
0.31442,2.25807,0.0
0.31442,2.28666,0.0
0.31442,2.31524,0.0
0.31442,2.34382,0.0
0.31442,2.37241,0.0
0.31442,2.40099,0.0
0.31442,2.42957,0.0
0.31442,2.45816,0.0
0.31442,2.48674,0.0
0.31442,2.51532,0.0
0.31442,2.54391,0.0
0.31442,2.57249,0.0
0.31442,2.60107,0.0
0.31442,2.62965,0.0
0.31442,2.65824,0.0
0.31442,2.68682,0.0
0.31442,2.7154,0.0
0.31442,2.74399,0.0
0.31442,2.77257,0.0
0.343,-2.77257,0.0
0.343,-2.74399,0.0
0.343,-2.7154,0.0
0.343,-2.68682,0.0
0.343,-2.65824,0.0
0.343,-2.62965,0.0
0.343,-2.60107,0.0
0.343,-2.57249,0.0
0.343,-2.54391,0.0
0.343,-2.51532,0.0
0.343,-2.48674,0.0
0.343,-2.45816,0.0
0.343,-2.42957,0.0
0.343,-2.40099,0.0
0.343,-2.37241,0.0
0.343,-2.34382,0.0
0.343,-2.31524,0.0
0.343,-2.28666,0.0
0.343,-2.25807,0.0
0.343,-2.22949,0.0
0.343,-2.20091,0.0
0.343,-2.17232,0.0
0.343,-2.14374,0.0
0.343,-2.11516,0.0
0.343,-2.08657,0.0
0.343,-2.05799,0.0
0.343,-2.02941,0.0
0.343,-2.00082,0.0
0.343,-1.97224,0.0
0.343,-1.94366,0.0
0.343,-1.91507,0.0
0.343,-1.88649,0.0
0.343,-1.85791,0.0
0.343,-1.82933,0.0
0.343,-1.80074,0.0
0.343,-1.77216,0.0
0.343,-1.74358,0.0
0.343,-1.71499,0.0
0.343,-1.68641,0.0
0.343,-1.65783,0.0
0.343,-1.62924,0.0
0.343,-1.60066,0.0
0.343,-1.57208,0.0
0.343,-1.54349,0.0
0.343,-1.51491,0.0
0.343,-1.48633,0.0
0.343,-1.45774,0.0
0.343,-1.42916,0.0
0.343,-1.40058,0.0
0.343,-1.37199,0.0
0.343,-1.34341,0.0
0.343,-1.31483,0.0
0.343,-1.28624,0.0
0.343,-1.25766,0.0
0.343,-1.22908,0.0
0.343,-1.20049,0.0
0.343,-1.17191,0.0
0.343,-1.14333,0.0
0.343,-1.11474,0.0
0.343,-1.08616,0.0
0.343,-1.05758,0.0
0.343,-1.029,0.0
0.343,-1.00041,0.0
0.343,-0.97183,0.0
0.343,-0.94325,0.0
0.343,-0.91466,0.0
0.343,-0.88608,0.0
0.343,-0.8575,0.0
0.343,-0.82891,0.0
0.343,-0.80033,0.0
0.343,-0.77175,0.0
0.343,-0.74316,0.0
0.343,-0.71458,0.0
0.343,-0.686,0.0
0.343,-0.65741,0.0
0.343,-0.62883,0.0
0.343,-0.60025,0.0
0.343,-0.57166,0.0
0.343,-0.54308,0.0
0.343,-0.5145,0.0
0.343,-0.48591,0.0
0.343,-0.45733,0.0
0.343,-0.42875,0.0
0.343,-0.40016,0.0
0.343,-0.37158,0.0
0.343,-0.343,0.0
0.343,-0.31442,0.0
0.343,-0.28583,0.0
0.343,-0.25725,0.0
0.343,-0.22867,0.0
0.343,-0.20008,0.0
0.343,-0.1715,0.0
0.343,-0.14292,0.0
0.343,-0.11433,0.0
0.343,-0.08575,0.0
0.343,-0.05717,0.0
0.343,-0.02858,0.0
0.343,0,0.0
0.343,0.02858,0.0
0.343,0.05717,0.0
0.343,0.08575,0.0
0.343,0.11433,0.0
0.343,0.14292,0.0
0.343,0.1715,0.0
0.343,0.20008,0.0
0.343,0.22867,0.0
0.343,0.25725,0.0
0.343,0.28583,0.0
0.343,0.31442,0.0
0.343,0.343,0.0
0.343,0.37158,0.0
0.343,0.40016,0.0
0.343,0.42875,0.0
0.343,0.45733,0.0
0.343,0.48591,0.0
0.343,0.5145,0.0
0.343,0.54308,0.0
0.343,0.57166,0.0
0.343,0.60025,0.0
0.343,0.62883,0.0
0.343,0.65741,0.0
0.343,0.686,0.0
0.343,0.71458,0.0
0.343,0.74316,0.0
0.343,0.77175,0.0
0.343,0.80033,0.0
0.343,0.82891,0.0
0.343,0.8575,0.0
0.343,0.88608,0.0
0.343,0.91466,0.0
0.343,0.94325,0.0
0.343,0.97183,0.0
0.343,1.00041,0.0
0.343,1.029,0.0
0.343,1.05758,0.0
0.343,1.08616,0.0
0.343,1.11474,0.0
0.343,1.14333,0.0
0.343,1.17191,0.0
0.343,1.20049,0.0
0.343,1.22908,0.0
0.343,1.25766,0.0
0.343,1.28624,0.0
0.343,1.31483,0.0
0.343,1.34341,0.0
0.343,1.37199,0.0
0.343,1.40058,0.0
0.343,1.42916,0.0
0.343,1.45774,0.0
0.343,1.48633,0.0
0.343,1.51491,0.0
0.343,1.54349,0.0
0.343,1.57208,0.0
0.343,1.60066,0.0
0.343,1.62924,0.0
0.343,1.65783,0.0
0.343,1.68641,0.0
0.343,1.71499,0.0
0.343,1.74358,0.0
0.343,1.77216,0.0
0.343,1.80074,0.0
0.343,1.82933,0.0
0.343,1.85791,0.0
0.343,1.88649,0.0
0.343,1.91507,0.0
0.343,1.94366,0.0
0.343,1.97224,0.0
0.343,2.00082,0.0
0.343,2.02941,0.0
0.343,2.05799,0.0
0.343,2.08657,0.0
0.343,2.11516,0.0
0.343,2.14374,0.0
0.343,2.17232,0.0
0.343,2.20091,0.0
0.343,2.22949,0.0
0.343,2.25807,0.0
0.343,2.28666,0.0
0.343,2.31524,0.0
0.343,2.34382,0.0
0.343,2.37241,0.0
0.343,2.40099,0.0
0.343,2.42957,0.0
0.343,2.45816,0.0
0.343,2.48674,0.0
0.343,2.51532,0.0
0.343,2.54391,0.0
0.343,2.57249,0.0
0.343,2.60107,0.0
0.343,2.62965,0.0
0.343,2.65824,0.0
0.343,2.68682,0.0
0.343,2.7154,0.0
0.343,2.74399,0.0
0.343,2.77257,0.0
0.37158,-2.77257,0.0
0.37158,-2.74399,0.0
0.37158,-2.7154,0.0
0.37158,-2.68682,0.0
0.37158,-2.65824,0.0
0.37158,-2.62965,0.0
0.37158,-2.60107,0.0
0.37158,-2.57249,0.0
0.37158,-2.54391,0.0
0.37158,-2.51532,0.0
0.37158,-2.48674,0.0
0.37158,-2.45816,0.0
0.37158,-2.42957,0.0
0.37158,-2.40099,0.0
0.37158,-2.37241,0.0
0.37158,-2.34382,0.0
0.37158,-2.31524,0.0
0.37158,-2.28666,0.0
0.37158,-2.25807,0.0
0.37158,-2.22949,0.0
0.37158,-2.20091,0.0
0.37158,-2.17232,0.0
0.37158,-2.14374,0.0
0.37158,-2.11516,0.0
0.37158,-2.08657,0.0
0.37158,-2.05799,0.0
0.37158,-2.02941,0.0
0.37158,-2.00082,0.0
0.37158,-1.97224,0.0
0.37158,-1.94366,0.0
0.37158,-1.91507,0.0
0.37158,-1.88649,0.0
0.37158,-1.85791,0.0
0.37158,-1.82933,0.0
0.37158,-1.80074,0.0
0.37158,-1.77216,0.0
0.37158,-1.74358,0.0
0.37158,-1.71499,0.0
0.37158,-1.68641,0.0
0.37158,-1.65783,0.0
0.37158,-1.62924,0.0
0.37158,-1.60066,0.0
0.37158,-1.57208,0.0
0.37158,-1.54349,0.0
0.37158,-1.51491,0.0
0.37158,-1.48633,0.0
0.37158,-1.45774,0.0
0.37158,-1.42916,0.0
0.37158,-1.40058,0.0
0.37158,-1.37199,0.0
0.37158,-1.34341,0.0
0.37158,-1.31483,0.0
0.37158,-1.28624,0.0
0.37158,-1.25766,0.0
0.37158,-1.22908,0.0
0.37158,-1.20049,0.0
0.37158,-1.17191,0.0
0.37158,-1.14333,0.0
0.37158,-1.11474,0.0
0.37158,-1.08616,0.0
0.37158,-1.05758,0.0
0.37158,-1.029,0.0
0.37158,-1.00041,0.0
0.37158,-0.97183,0.0
0.37158,-0.94325,0.0
0.37158,-0.91466,0.0
0.37158,-0.88608,0.0
0.37158,-0.8575,0.0
0.37158,-0.82891,0.0
0.37158,-0.80033,0.0
0.37158,-0.77175,0.0
0.37158,-0.74316,0.0
0.37158,-0.71458,0.0
0.37158,-0.686,0.0
0.37158,-0.65741,0.0
0.37158,-0.62883,0.0
0.37158,-0.60025,0.0
0.37158,-0.57166,0.0
0.37158,-0.54308,0.0
0.37158,-0.5145,0.0
0.37158,-0.48591,0.0
0.37158,-0.45733,0.0
0.37158,-0.42875,0.0
0.37158,-0.40016,0.0
0.37158,-0.37158,0.0
0.37158,-0.343,0.0
0.37158,-0.31442,0.0
0.37158,-0.28583,0.0
0.37158,-0.25725,0.0
0.37158,-0.22867,0.0
0.37158,-0.20008,0.0
0.37158,-0.1715,0.0
0.37158,-0.14292,0.0
0.37158,-0.11433,0.0
0.37158,-0.08575,0.0
0.37158,-0.05717,0.0
0.37158,-0.02858,0.0
0.37158,0,0.0
0.37158,0.02858,0.0
0.37158,0.05717,0.0
0.37158,0.08575,0.0
0.37158,0.11433,0.0
0.37158,0.14292,0.0
0.37158,0.1715,0.0
0.37158,0.20008,0.0
0.37158,0.22867,0.0
0.37158,0.25725,0.0
0.37158,0.28583,0.0
0.37158,0.31442,0.0
0.37158,0.343,0.0
0.37158,0.37158,0.0
0.37158,0.40016,0.0
0.37158,0.42875,0.0
0.37158,0.45733,0.0
0.37158,0.48591,0.0
0.37158,0.5145,0.0
0.37158,0.54308,0.0
0.37158,0.57166,0.0
0.37158,0.60025,0.0
0.37158,0.62883,0.0
0.37158,0.65741,0.0
0.37158,0.686,0.0
0.37158,0.71458,0.0
0.37158,0.74316,0.0
0.37158,0.77175,0.0
0.37158,0.80033,0.0
0.37158,0.82891,0.0
0.37158,0.8575,0.0
0.37158,0.88608,0.0
0.37158,0.91466,0.0
0.37158,0.94325,0.0
0.37158,0.97183,0.0
0.37158,1.00041,0.0
0.37158,1.029,0.0
0.37158,1.05758,0.0
0.37158,1.08616,0.0
0.37158,1.11474,0.0
0.37158,1.14333,0.0
0.37158,1.17191,0.0
0.37158,1.20049,0.0
0.37158,1.22908,0.0
0.37158,1.25766,0.0
0.37158,1.28624,0.0
0.37158,1.31483,0.0
0.37158,1.34341,0.0
0.37158,1.37199,0.0
0.37158,1.40058,0.0
0.37158,1.42916,0.0
0.37158,1.45774,0.0
0.37158,1.48633,0.0
0.37158,1.51491,0.0
0.37158,1.54349,0.0
0.37158,1.57208,0.0
0.37158,1.60066,0.0
0.37158,1.62924,0.0
0.37158,1.65783,0.0
0.37158,1.68641,0.0
0.37158,1.71499,0.0
0.37158,1.74358,0.0
0.37158,1.77216,0.0
0.37158,1.80074,0.0
0.37158,1.82933,0.0
0.37158,1.85791,0.0
0.37158,1.88649,0.0
0.37158,1.91507,0.0
0.37158,1.94366,0.0
0.37158,1.97224,0.0
0.37158,2.00082,0.0
0.37158,2.02941,0.0
0.37158,2.05799,0.0
0.37158,2.08657,0.0
0.37158,2.11516,0.0
0.37158,2.14374,0.0
0.37158,2.17232,0.0
0.37158,2.20091,0.0
0.37158,2.22949,0.0
0.37158,2.25807,0.0
0.37158,2.28666,0.0
0.37158,2.31524,0.0
0.37158,2.34382,0.0
0.37158,2.37241,0.0
0.37158,2.40099,0.0
0.37158,2.42957,0.0
0.37158,2.45816,0.0
0.37158,2.48674,0.0
0.37158,2.51532,0.0
0.37158,2.54391,0.0
0.37158,2.57249,0.0
0.37158,2.60107,0.0
0.37158,2.62965,0.0
0.37158,2.65824,0.0
0.37158,2.68682,0.0
0.37158,2.7154,0.0
0.37158,2.74399,0.0
0.37158,2.77257,0.0
0.40016,-2.74399,0.0
0.40016,-2.7154,0.0
0.40016,-2.68682,0.0
0.40016,-2.65824,0.0
0.40016,-2.62965,0.0
0.40016,-2.60107,0.0
0.40016,-2.57249,0.0
0.40016,-2.54391,0.0
0.40016,-2.51532,0.0
0.40016,-2.48674,0.0
0.40016,-2.45816,0.0
0.40016,-2.42957,0.0
0.40016,-2.40099,0.0
0.40016,-2.37241,0.0
0.40016,-2.34382,0.0
0.40016,-2.31524,0.0
0.40016,-2.28666,0.0
0.40016,-2.25807,0.0
0.40016,-2.22949,0.0
0.40016,-2.20091,0.0
0.40016,-2.17232,0.0
0.40016,-2.14374,0.0
0.40016,-2.11516,0.0
0.40016,-2.08657,0.0
0.40016,-2.05799,0.0
0.40016,-2.02941,0.0
0.40016,-2.00082,0.0
0.40016,-1.97224,0.0
0.40016,-1.94366,0.0
0.40016,-1.91507,0.0
0.40016,-1.88649,0.0
0.40016,-1.85791,0.0
0.40016,-1.82933,0.0
0.40016,-1.80074,0.0
0.40016,-1.77216,0.0
0.40016,-1.74358,0.0
0.40016,-1.71499,0.0
0.40016,-1.68641,0.0
0.40016,-1.65783,0.0
0.40016,-1.62924,0.0
0.40016,-1.60066,0.0
0.40016,-1.57208,0.0
0.40016,-1.54349,0.0
0.40016,-1.51491,0.0
0.40016,-1.48633,0.0
0.40016,-1.45774,0.0
0.40016,-1.42916,0.0
0.40016,-1.40058,0.0
0.40016,-1.37199,0.0
0.40016,-1.34341,0.0
0.40016,-1.31483,0.0
0.40016,-1.28624,0.0
0.40016,-1.25766,0.0
0.40016,-1.22908,0.0
0.40016,-1.20049,0.0
0.40016,-1.17191,0.0
0.40016,-1.14333,0.0
0.40016,-1.11474,0.0
0.40016,-1.08616,0.0
0.40016,-1.05758,0.0
0.40016,-1.029,0.0
0.40016,-1.00041,0.0
0.40016,-0.97183,0.0
0.40016,-0.94325,0.0
0.40016,-0.91466,0.0
0.40016,-0.88608,0.0
0.40016,-0.8575,0.0
0.40016,-0.82891,0.0
0.40016,-0.80033,0.0
0.40016,-0.77175,0.0
0.40016,-0.74316,0.0
0.40016,-0.71458,0.0
0.40016,-0.686,0.0
0.40016,-0.65741,0.0
0.40016,-0.62883,0.0
0.40016,-0.60025,0.0
0.40016,-0.57166,0.0
0.40016,-0.54308,0.0
0.40016,-0.5145,0.0
0.40016,-0.48591,0.0
0.40016,-0.45733,0.0
0.40016,-0.42875,0.0
0.40016,-0.40016,0.0
0.40016,-0.37158,0.0
0.40016,-0.343,0.0
0.40016,-0.31442,0.0
0.40016,-0.28583,0.0
0.40016,-0.25725,0.0
0.40016,-0.22867,0.0
0.40016,-0.20008,0.0
0.40016,-0.1715,0.0
0.40016,-0.14292,0.0
0.40016,-0.11433,0.0
0.40016,-0.08575,0.0
0.40016,-0.05717,0.0
0.40016,-0.02858,0.0
0.40016,0,0.0
0.40016,0.02858,0.0
0.40016,0.05717,0.0
0.40016,0.08575,0.0
0.40016,0.11433,0.0
0.40016,0.14292,0.0
0.40016,0.1715,0.0
0.40016,0.20008,0.0
0.40016,0.22867,0.0
0.40016,0.25725,0.0
0.40016,0.28583,0.0
0.40016,0.31442,0.0
0.40016,0.343,0.0
0.40016,0.37158,0.0
0.40016,0.40016,0.0
0.40016,0.42875,0.0
0.40016,0.45733,0.0
0.40016,0.48591,0.0
0.40016,0.5145,0.0
0.40016,0.54308,0.0
0.40016,0.57166,0.0
0.40016,0.60025,0.0
0.40016,0.62883,0.0
0.40016,0.65741,0.0
0.40016,0.686,0.0
0.40016,0.71458,0.0
0.40016,0.74316,0.0
0.40016,0.77175,0.0
0.40016,0.80033,0.0
0.40016,0.82891,0.0
0.40016,0.8575,0.0
0.40016,0.88608,0.0
0.40016,0.91466,0.0
0.40016,0.94325,0.0
0.40016,0.97183,0.0
0.40016,1.00041,0.0
0.40016,1.029,0.0
0.40016,1.05758,0.0
0.40016,1.08616,0.0
0.40016,1.11474,0.0
0.40016,1.14333,0.0
0.40016,1.17191,0.0
0.40016,1.20049,0.0
0.40016,1.22908,0.0
0.40016,1.25766,0.0
0.40016,1.28624,0.0
0.40016,1.31483,0.0
0.40016,1.34341,0.0
0.40016,1.37199,0.0
0.40016,1.40058,0.0
0.40016,1.42916,0.0
0.40016,1.45774,0.0
0.40016,1.48633,0.0
0.40016,1.51491,0.0
0.40016,1.54349,0.0
0.40016,1.57208,0.0
0.40016,1.60066,0.0
0.40016,1.62924,0.0
0.40016,1.65783,0.0
0.40016,1.68641,0.0
0.40016,1.71499,0.0
0.40016,1.74358,0.0
0.40016,1.77216,0.0
0.40016,1.80074,0.0
0.40016,1.82933,0.0
0.40016,1.85791,0.0
0.40016,1.88649,0.0
0.40016,1.91507,0.0
0.40016,1.94366,0.0
0.40016,1.97224,0.0
0.40016,2.00082,0.0
0.40016,2.02941,0.0
0.40016,2.05799,0.0
0.40016,2.08657,0.0
0.40016,2.11516,0.0
0.40016,2.14374,0.0
0.40016,2.17232,0.0
0.40016,2.20091,0.0
0.40016,2.22949,0.0
0.40016,2.25807,0.0
0.40016,2.28666,0.0
0.40016,2.31524,0.0
0.40016,2.34382,0.0
0.40016,2.37241,0.0
0.40016,2.40099,0.0
0.40016,2.42957,0.0
0.40016,2.45816,0.0
0.40016,2.48674,0.0
0.40016,2.51532,0.0
0.40016,2.54391,0.0
0.40016,2.57249,0.0
0.40016,2.60107,0.0
0.40016,2.62965,0.0
0.40016,2.65824,0.0
0.40016,2.68682,0.0
0.40016,2.7154,0.0
0.40016,2.74399,0.0
0.42875,-2.74399,0.0
0.42875,-2.7154,0.0
0.42875,-2.68682,0.0
0.42875,-2.65824,0.0
0.42875,-2.62965,0.0
0.42875,-2.60107,0.0
0.42875,-2.57249,0.0
0.42875,-2.54391,0.0
0.42875,-2.51532,0.0
0.42875,-2.48674,0.0
0.42875,-2.45816,0.0
0.42875,-2.42957,0.0
0.42875,-2.40099,0.0
0.42875,-2.37241,0.0
0.42875,-2.34382,0.0
0.42875,-2.31524,0.0
0.42875,-2.28666,0.0
0.42875,-2.25807,0.0
0.42875,-2.22949,0.0
0.42875,-2.20091,0.0
0.42875,-2.17232,0.0
0.42875,-2.14374,0.0
0.42875,-2.11516,0.0
0.42875,-2.08657,0.0
0.42875,-2.05799,0.0
0.42875,-2.02941,0.0
0.42875,-2.00082,0.0
0.42875,-1.97224,0.0
0.42875,-1.94366,0.0
0.42875,-1.91507,0.0
0.42875,-1.88649,0.0
0.42875,-1.85791,0.0
0.42875,-1.82933,0.0
0.42875,-1.80074,0.0
0.42875,-1.77216,0.0
0.42875,-1.74358,0.0
0.42875,-1.71499,0.0
0.42875,-1.68641,0.0
0.42875,-1.65783,0.0
0.42875,-1.62924,0.0
0.42875,-1.60066,0.0
0.42875,-1.57208,0.0
0.42875,-1.54349,0.0
0.42875,-1.51491,0.0
0.42875,-1.48633,0.0
0.42875,-1.45774,0.0
0.42875,-1.42916,0.0
0.42875,-1.40058,0.0
0.42875,-1.37199,0.0
0.42875,-1.34341,0.0
0.42875,-1.31483,0.0
0.42875,-1.28624,0.0
0.42875,-1.25766,0.0
0.42875,-1.22908,0.0
0.42875,-1.20049,0.0
0.42875,-1.17191,0.0
0.42875,-1.14333,0.0
0.42875,-1.11474,0.0
0.42875,-1.08616,0.0
0.42875,-1.05758,0.0
0.42875,-1.029,0.0
0.42875,-1.00041,0.0
0.42875,-0.97183,0.0
0.42875,-0.94325,0.0
0.42875,-0.91466,0.0
0.42875,-0.88608,0.0
0.42875,-0.8575,0.0
0.42875,-0.82891,0.0
0.42875,-0.80033,0.0
0.42875,-0.77175,0.0
0.42875,-0.74316,0.0
0.42875,-0.71458,0.0
0.42875,-0.686,0.0
0.42875,-0.65741,0.0
0.42875,-0.62883,0.0
0.42875,-0.60025,0.0
0.42875,-0.57166,0.0
0.42875,-0.54308,0.0
0.42875,-0.5145,0.0
0.42875,-0.48591,0.0
0.42875,-0.45733,0.0
0.42875,-0.42875,0.0
0.42875,-0.40016,0.0
0.42875,-0.37158,0.0
0.42875,-0.343,0.0
0.42875,-0.31442,0.0
0.42875,-0.28583,0.0
0.42875,-0.25725,0.0
0.42875,-0.22867,0.0
0.42875,-0.20008,0.0
0.42875,-0.1715,0.0
0.42875,-0.14292,0.0
0.42875,-0.11433,0.0
0.42875,-0.08575,0.0
0.42875,-0.05717,0.0
0.42875,-0.02858,0.0
0.42875,0,0.0
0.42875,0.02858,0.0
0.42875,0.05717,0.0
0.42875,0.08575,0.0
0.42875,0.11433,0.0
0.42875,0.14292,0.0
0.42875,0.1715,0.0
0.42875,0.20008,0.0
0.42875,0.22867,0.0
0.42875,0.25725,0.0
0.42875,0.28583,0.0
0.42875,0.31442,0.0
0.42875,0.343,0.0
0.42875,0.37158,0.0
0.42875,0.40016,0.0
0.42875,0.42875,0.0
0.42875,0.45733,0.0
0.42875,0.48591,0.0
0.42875,0.5145,0.0
0.42875,0.54308,0.0
0.42875,0.57166,0.0
0.42875,0.60025,0.0
0.42875,0.62883,0.0
0.42875,0.65741,0.0
0.42875,0.686,0.0
0.42875,0.71458,0.0
0.42875,0.74316,0.0
0.42875,0.77175,0.0
0.42875,0.80033,0.0
0.42875,0.82891,0.0
0.42875,0.8575,0.0
0.42875,0.88608,0.0
0.42875,0.91466,0.0
0.42875,0.94325,0.0
0.42875,0.97183,0.0
0.42875,1.00041,0.0
0.42875,1.029,0.0
0.42875,1.05758,0.0
0.42875,1.08616,0.0
0.42875,1.11474,0.0
0.42875,1.14333,0.0
0.42875,1.17191,0.0
0.42875,1.20049,0.0
0.42875,1.22908,0.0
0.42875,1.25766,0.0
0.42875,1.28624,0.0
0.42875,1.31483,0.0
0.42875,1.34341,0.0
0.42875,1.37199,0.0
0.42875,1.40058,0.0
0.42875,1.42916,0.0
0.42875,1.45774,0.0
0.42875,1.48633,0.0
0.42875,1.51491,0.0
0.42875,1.54349,0.0
0.42875,1.57208,0.0
0.42875,1.60066,0.0
0.42875,1.62924,0.0
0.42875,1.65783,0.0
0.42875,1.68641,0.0
0.42875,1.71499,0.0
0.42875,1.74358,0.0
0.42875,1.77216,0.0
0.42875,1.80074,0.0
0.42875,1.82933,0.0
0.42875,1.85791,0.0
0.42875,1.88649,0.0
0.42875,1.91507,0.0
0.42875,1.94366,0.0
0.42875,1.97224,0.0
0.42875,2.00082,0.0
0.42875,2.02941,0.0
0.42875,2.05799,0.0
0.42875,2.08657,0.0
0.42875,2.11516,0.0
0.42875,2.14374,0.0
0.42875,2.17232,0.0
0.42875,2.20091,0.0
0.42875,2.22949,0.0
0.42875,2.25807,0.0
0.42875,2.28666,0.0
0.42875,2.31524,0.0
0.42875,2.34382,0.0
0.42875,2.37241,0.0
0.42875,2.40099,0.0
0.42875,2.42957,0.0
0.42875,2.45816,0.0
0.42875,2.48674,0.0
0.42875,2.51532,0.0
0.42875,2.54391,0.0
0.42875,2.57249,0.0
0.42875,2.60107,0.0
0.42875,2.62965,0.0
0.42875,2.65824,0.0
0.42875,2.68682,0.0
0.42875,2.7154,0.0
0.42875,2.74399,0.0
0.45733,-2.74399,0.0
0.45733,-2.7154,0.0
0.45733,-2.68682,0.0
0.45733,-2.65824,0.0
0.45733,-2.62965,0.0
0.45733,-2.60107,0.0
0.45733,-2.57249,0.0
0.45733,-2.54391,0.0
0.45733,-2.51532,0.0
0.45733,-2.48674,0.0
0.45733,-2.45816,0.0
0.45733,-2.42957,0.0
0.45733,-2.40099,0.0
0.45733,-2.37241,0.0
0.45733,-2.34382,0.0
0.45733,-2.31524,0.0
0.45733,-2.28666,0.0
0.45733,-2.25807,0.0
0.45733,-2.22949,0.0
0.45733,-2.20091,0.0
0.45733,-2.17232,0.0
0.45733,-2.14374,0.0
0.45733,-2.11516,0.0
0.45733,-2.08657,0.0
0.45733,-2.05799,0.0
0.45733,-2.02941,0.0
0.45733,-2.00082,0.0
0.45733,-1.97224,0.0
0.45733,-1.94366,0.0
0.45733,-1.91507,0.0
0.45733,-1.88649,0.0
0.45733,-1.85791,0.0
0.45733,-1.82933,0.0
0.45733,-1.80074,0.0
0.45733,-1.77216,0.0
0.45733,-1.74358,0.0
0.45733,-1.71499,0.0
0.45733,-1.68641,0.0
0.45733,-1.65783,0.0
0.45733,-1.62924,0.0
0.45733,-1.60066,0.0
0.45733,-1.57208,0.0
0.45733,-1.54349,0.0
0.45733,-1.51491,0.0
0.45733,-1.48633,0.0
0.45733,-1.45774,0.0
0.45733,-1.42916,0.0
0.45733,-1.40058,0.0
0.45733,-1.37199,0.0
0.45733,-1.34341,0.0
0.45733,-1.31483,0.0
0.45733,-1.28624,0.0
0.45733,-1.25766,0.0
0.45733,-1.22908,0.0
0.45733,-1.20049,0.0
0.45733,-1.17191,0.0
0.45733,-1.14333,0.0
0.45733,-1.11474,0.0
0.45733,-1.08616,0.0
0.45733,-1.05758,0.0
0.45733,-1.029,0.0
0.45733,-1.00041,0.0
0.45733,-0.97183,0.0
0.45733,-0.94325,0.0
0.45733,-0.91466,0.0
0.45733,-0.88608,0.0
0.45733,-0.8575,0.0
0.45733,-0.82891,0.0
0.45733,-0.80033,0.0
0.45733,-0.77175,0.0
0.45733,-0.74316,0.0
0.45733,-0.71458,0.0
0.45733,-0.686,0.0
0.45733,-0.65741,0.0
0.45733,-0.62883,0.0
0.45733,-0.60025,0.0
0.45733,-0.57166,0.0
0.45733,-0.54308,0.0
0.45733,-0.5145,0.0
0.45733,-0.48591,0.0
0.45733,-0.45733,0.0
0.45733,-0.42875,0.0
0.45733,-0.40016,0.0
0.45733,-0.37158,0.0
0.45733,-0.343,0.0
0.45733,-0.31442,0.0
0.45733,-0.28583,0.0
0.45733,-0.25725,0.0
0.45733,-0.22867,0.0
0.45733,-0.20008,0.0
0.45733,-0.1715,0.0
0.45733,-0.14292,0.0
0.45733,-0.11433,0.0
0.45733,-0.08575,0.0
0.45733,-0.05717,0.0
0.45733,-0.02858,0.0
0.45733,0,0.0
0.45733,0.02858,0.0
0.45733,0.05717,0.0
0.45733,0.08575,0.0
0.45733,0.11433,0.0
0.45733,0.14292,0.0
0.45733,0.1715,0.0
0.45733,0.20008,0.0
0.45733,0.22867,0.0
0.45733,0.25725,0.0
0.45733,0.28583,0.0
0.45733,0.31442,0.0
0.45733,0.343,0.0
0.45733,0.37158,0.0
0.45733,0.40016,0.0
0.45733,0.42875,0.0
0.45733,0.45733,0.0
0.45733,0.48591,0.0
0.45733,0.5145,0.0
0.45733,0.54308,0.0
0.45733,0.57166,0.0
0.45733,0.60025,0.0
0.45733,0.62883,0.0
0.45733,0.65741,0.0
0.45733,0.686,0.0
0.45733,0.71458,0.0
0.45733,0.74316,0.0
0.45733,0.77175,0.0
0.45733,0.80033,0.0
0.45733,0.82891,0.0
0.45733,0.8575,0.0
0.45733,0.88608,0.0
0.45733,0.91466,0.0
0.45733,0.94325,0.0
0.45733,0.97183,0.0
0.45733,1.00041,0.0
0.45733,1.029,0.0
0.45733,1.05758,0.0
0.45733,1.08616,0.0
0.45733,1.11474,0.0
0.45733,1.14333,0.0
0.45733,1.17191,0.0
0.45733,1.20049,0.0
0.45733,1.22908,0.0
0.45733,1.25766,0.0
0.45733,1.28624,0.0
0.45733,1.31483,0.0
0.45733,1.34341,0.0
0.45733,1.37199,0.0
0.45733,1.40058,0.0
0.45733,1.42916,0.0
0.45733,1.45774,0.0
0.45733,1.48633,0.0
0.45733,1.51491,0.0
0.45733,1.54349,0.0
0.45733,1.57208,0.0
0.45733,1.60066,0.0
0.45733,1.62924,0.0
0.45733,1.65783,0.0
0.45733,1.68641,0.0
0.45733,1.71499,0.0
0.45733,1.74358,0.0
0.45733,1.77216,0.0
0.45733,1.80074,0.0
0.45733,1.82933,0.0
0.45733,1.85791,0.0
0.45733,1.88649,0.0
0.45733,1.91507,0.0
0.45733,1.94366,0.0
0.45733,1.97224,0.0
0.45733,2.00082,0.0
0.45733,2.02941,0.0
0.45733,2.05799,0.0
0.45733,2.08657,0.0
0.45733,2.11516,0.0
0.45733,2.14374,0.0
0.45733,2.17232,0.0
0.45733,2.20091,0.0
0.45733,2.22949,0.0
0.45733,2.25807,0.0
0.45733,2.28666,0.0
0.45733,2.31524,0.0
0.45733,2.34382,0.0
0.45733,2.37241,0.0
0.45733,2.40099,0.0
0.45733,2.42957,0.0
0.45733,2.45816,0.0
0.45733,2.48674,0.0
0.45733,2.51532,0.0
0.45733,2.54391,0.0
0.45733,2.57249,0.0
0.45733,2.60107,0.0
0.45733,2.62965,0.0
0.45733,2.65824,0.0
0.45733,2.68682,0.0
0.45733,2.7154,0.0
0.45733,2.74399,0.0
0.48591,-2.74399,0.0
0.48591,-2.7154,0.0
0.48591,-2.68682,0.0
0.48591,-2.65824,0.0
0.48591,-2.62965,0.0
0.48591,-2.60107,0.0
0.48591,-2.57249,0.0
0.48591,-2.54391,0.0
0.48591,-2.51532,0.0
0.48591,-2.48674,0.0
0.48591,-2.45816,0.0
0.48591,-2.42957,0.0
0.48591,-2.40099,0.0
0.48591,-2.37241,0.0
0.48591,-2.34382,0.0
0.48591,-2.31524,0.0
0.48591,-2.28666,0.0
0.48591,-2.25807,0.0
0.48591,-2.22949,0.0
0.48591,-2.20091,0.0
0.48591,-2.17232,0.0
0.48591,-2.14374,0.0
0.48591,-2.11516,0.0
0.48591,-2.08657,0.0
0.48591,-2.05799,0.0
0.48591,-2.02941,0.0
0.48591,-2.00082,0.0
0.48591,-1.97224,0.0
0.48591,-1.94366,0.0
0.48591,-1.91507,0.0
0.48591,-1.88649,0.0
0.48591,-1.85791,0.0
0.48591,-1.82933,0.0
0.48591,-1.80074,0.0
0.48591,-1.77216,0.0
0.48591,-1.74358,0.0
0.48591,-1.71499,0.0
0.48591,-1.68641,0.0
0.48591,-1.65783,0.0
0.48591,-1.62924,0.0
0.48591,-1.60066,0.0
0.48591,-1.57208,0.0
0.48591,-1.54349,0.0
0.48591,-1.51491,0.0
0.48591,-1.48633,0.0
0.48591,-1.45774,0.0
0.48591,-1.42916,0.0
0.48591,-1.40058,0.0
0.48591,-1.37199,0.0
0.48591,-1.34341,0.0
0.48591,-1.31483,0.0
0.48591,-1.28624,0.0
0.48591,-1.25766,0.0
0.48591,-1.22908,0.0
0.48591,-1.20049,0.0
0.48591,-1.17191,0.0
0.48591,-1.14333,0.0
0.48591,-1.11474,0.0
0.48591,-1.08616,0.0
0.48591,-1.05758,0.0
0.48591,-1.029,0.0
0.48591,-1.00041,0.0
0.48591,-0.97183,0.0
0.48591,-0.94325,0.0
0.48591,-0.91466,0.0
0.48591,-0.88608,0.0
0.48591,-0.8575,0.0
0.48591,-0.82891,0.0
0.48591,-0.80033,0.0
0.48591,-0.77175,0.0
0.48591,-0.74316,0.0
0.48591,-0.71458,0.0
0.48591,-0.686,0.0
0.48591,-0.65741,0.0
0.48591,-0.62883,0.0
0.48591,-0.60025,0.0
0.48591,-0.57166,0.0
0.48591,-0.54308,0.0
0.48591,-0.5145,0.0
0.48591,-0.48591,0.0
0.48591,-0.45733,0.0
0.48591,-0.42875,0.0
0.48591,-0.40016,0.0
0.48591,-0.37158,0.0
0.48591,-0.343,0.0
0.48591,-0.31442,0.0
0.48591,-0.28583,0.0
0.48591,-0.25725,0.0
0.48591,-0.22867,0.0
0.48591,-0.20008,0.0
0.48591,-0.1715,0.0
0.48591,-0.14292,0.0
0.48591,-0.11433,0.0
0.48591,-0.08575,0.0
0.48591,-0.05717,0.0
0.48591,-0.02858,0.0
0.48591,0,0.0
0.48591,0.02858,0.0
0.48591,0.05717,0.0
0.48591,0.08575,0.0
0.48591,0.11433,0.0
0.48591,0.14292,0.0
0.48591,0.1715,0.0
0.48591,0.20008,0.0
0.48591,0.22867,0.0
0.48591,0.25725,0.0
0.48591,0.28583,0.0
0.48591,0.31442,0.0
0.48591,0.343,0.0
0.48591,0.37158,0.0
0.48591,0.40016,0.0
0.48591,0.42875,0.0
0.48591,0.45733,0.0
0.48591,0.48591,0.0
0.48591,0.5145,0.0
0.48591,0.54308,0.0
0.48591,0.57166,0.0
0.48591,0.60025,0.0
0.48591,0.62883,0.0
0.48591,0.65741,0.0
0.48591,0.686,0.0
0.48591,0.71458,0.0
0.48591,0.74316,0.0
0.48591,0.77175,0.0
0.48591,0.80033,0.0
0.48591,0.82891,0.0
0.48591,0.8575,0.0
0.48591,0.88608,0.0
0.48591,0.91466,0.0
0.48591,0.94325,0.0
0.48591,0.97183,0.0
0.48591,1.00041,0.0
0.48591,1.029,0.0
0.48591,1.05758,0.0
0.48591,1.08616,0.0
0.48591,1.11474,0.0
0.48591,1.14333,0.0
0.48591,1.17191,0.0
0.48591,1.20049,0.0
0.48591,1.22908,0.0
0.48591,1.25766,0.0
0.48591,1.28624,0.0
0.48591,1.31483,0.0
0.48591,1.34341,0.0
0.48591,1.37199,0.0
0.48591,1.40058,0.0
0.48591,1.42916,0.0
0.48591,1.45774,0.0
0.48591,1.48633,0.0
0.48591,1.51491,0.0
0.48591,1.54349,0.0
0.48591,1.57208,0.0
0.48591,1.60066,0.0
0.48591,1.62924,0.0
0.48591,1.65783,0.0
0.48591,1.68641,0.0
0.48591,1.71499,0.0
0.48591,1.74358,0.0
0.48591,1.77216,0.0
0.48591,1.80074,0.0
0.48591,1.82933,0.0
0.48591,1.85791,0.0
0.48591,1.88649,0.0
0.48591,1.91507,0.0
0.48591,1.94366,0.0
0.48591,1.97224,0.0
0.48591,2.00082,0.0
0.48591,2.02941,0.0
0.48591,2.05799,0.0
0.48591,2.08657,0.0
0.48591,2.11516,0.0
0.48591,2.14374,0.0
0.48591,2.17232,0.0
0.48591,2.20091,0.0
0.48591,2.22949,0.0
0.48591,2.25807,0.0
0.48591,2.28666,0.0
0.48591,2.31524,0.0
0.48591,2.34382,0.0
0.48591,2.37241,0.0
0.48591,2.40099,0.0
0.48591,2.42957,0.0
0.48591,2.45816,0.0
0.48591,2.48674,0.0
0.48591,2.51532,0.0
0.48591,2.54391,0.0
0.48591,2.57249,0.0
0.48591,2.60107,0.0
0.48591,2.62965,0.0
0.48591,2.65824,0.0
0.48591,2.68682,0.0
0.48591,2.7154,0.0
0.48591,2.74399,0.0
0.5145,-2.74399,0.0
0.5145,-2.7154,0.0
0.5145,-2.68682,0.0
0.5145,-2.65824,0.0
0.5145,-2.62965,0.0
0.5145,-2.60107,0.0
0.5145,-2.57249,0.0
0.5145,-2.54391,0.0
0.5145,-2.51532,0.0
0.5145,-2.48674,0.0
0.5145,-2.45816,0.0
0.5145,-2.42957,0.0
0.5145,-2.40099,0.0
0.5145,-2.37241,0.0
0.5145,-2.34382,0.0
0.5145,-2.31524,0.0
0.5145,-2.28666,0.0
0.5145,-2.25807,0.0
0.5145,-2.22949,0.0
0.5145,-2.20091,0.0
0.5145,-2.17232,0.0
0.5145,-2.14374,0.0
0.5145,-2.11516,0.0
0.5145,-2.08657,0.0
0.5145,-2.05799,0.0
0.5145,-2.02941,0.0
0.5145,-2.00082,0.0
0.5145,-1.97224,0.0
0.5145,-1.94366,0.0
0.5145,-1.91507,0.0
0.5145,-1.88649,0.0
0.5145,-1.85791,0.0
0.5145,-1.82933,0.0
0.5145,-1.80074,0.0
0.5145,-1.77216,0.0
0.5145,-1.74358,0.0
0.5145,-1.71499,0.0
0.5145,-1.68641,0.0
0.5145,-1.65783,0.0
0.5145,-1.62924,0.0
0.5145,-1.60066,0.0
0.5145,-1.57208,0.0
0.5145,-1.54349,0.0
0.5145,-1.51491,0.0
0.5145,-1.48633,0.0
0.5145,-1.45774,0.0
0.5145,-1.42916,0.0
0.5145,-1.40058,0.0
0.5145,-1.37199,0.0
0.5145,-1.34341,0.0
0.5145,-1.31483,0.0
0.5145,-1.28624,0.0
0.5145,-1.25766,0.0
0.5145,-1.22908,0.0
0.5145,-1.20049,0.0
0.5145,-1.17191,0.0
0.5145,-1.14333,0.0
0.5145,-1.11474,0.0
0.5145,-1.08616,0.0
0.5145,-1.05758,0.0
0.5145,-1.029,0.0
0.5145,-1.00041,0.0
0.5145,-0.97183,0.0
0.5145,-0.94325,0.0
0.5145,-0.91466,0.0
0.5145,-0.88608,0.0
0.5145,-0.8575,0.0
0.5145,-0.82891,0.0
0.5145,-0.80033,0.0
0.5145,-0.77175,0.0
0.5145,-0.74316,0.0
0.5145,-0.71458,0.0
0.5145,-0.686,0.0
0.5145,-0.65741,0.0
0.5145,-0.62883,0.0
0.5145,-0.60025,0.0
0.5145,-0.57166,0.0
0.5145,-0.54308,0.0
0.5145,-0.5145,0.0
0.5145,-0.48591,0.0
0.5145,-0.45733,0.0
0.5145,-0.42875,0.0
0.5145,-0.40016,0.0
0.5145,-0.37158,0.0
0.5145,-0.343,0.0
0.5145,-0.31442,0.0
0.5145,-0.28583,0.0
0.5145,-0.25725,0.0
0.5145,-0.22867,0.0
0.5145,-0.20008,0.0
0.5145,-0.1715,0.0
0.5145,-0.14292,0.0
0.5145,-0.11433,0.0
0.5145,-0.08575,0.0
0.5145,-0.05717,0.0
0.5145,-0.02858,0.0
0.5145,0,0.0
0.5145,0.02858,0.0
0.5145,0.05717,0.0
0.5145,0.08575,0.0
0.5145,0.11433,0.0
0.5145,0.14292,0.0
0.5145,0.1715,0.0
0.5145,0.20008,0.0
0.5145,0.22867,0.0
0.5145,0.25725,0.0
0.5145,0.28583,0.0
0.5145,0.31442,0.0
0.5145,0.343,0.0
0.5145,0.37158,0.0
0.5145,0.40016,0.0
0.5145,0.42875,0.0
0.5145,0.45733,0.0
0.5145,0.48591,0.0
0.5145,0.5145,0.0
0.5145,0.54308,0.0
0.5145,0.57166,0.0
0.5145,0.60025,0.0
0.5145,0.62883,0.0
0.5145,0.65741,0.0
0.5145,0.686,0.0
0.5145,0.71458,0.0
0.5145,0.74316,0.0
0.5145,0.77175,0.0
0.5145,0.80033,0.0
0.5145,0.82891,0.0
0.5145,0.8575,0.0
0.5145,0.88608,0.0
0.5145,0.91466,0.0
0.5145,0.94325,0.0
0.5145,0.97183,0.0
0.5145,1.00041,0.0
0.5145,1.029,0.0
0.5145,1.05758,0.0
0.5145,1.08616,0.0
0.5145,1.11474,0.0
0.5145,1.14333,0.0
0.5145,1.17191,0.0
0.5145,1.20049,0.0
0.5145,1.22908,0.0
0.5145,1.25766,0.0
0.5145,1.28624,0.0
0.5145,1.31483,0.0
0.5145,1.34341,0.0
0.5145,1.37199,0.0
0.5145,1.40058,0.0
0.5145,1.42916,0.0
0.5145,1.45774,0.0
0.5145,1.48633,0.0
0.5145,1.51491,0.0
0.5145,1.54349,0.0
0.5145,1.57208,0.0
0.5145,1.60066,0.0
0.5145,1.62924,0.0
0.5145,1.65783,0.0
0.5145,1.68641,0.0
0.5145,1.71499,0.0
0.5145,1.74358,0.0
0.5145,1.77216,0.0
0.5145,1.80074,0.0
0.5145,1.82933,0.0
0.5145,1.85791,0.0
0.5145,1.88649,0.0
0.5145,1.91507,0.0
0.5145,1.94366,0.0
0.5145,1.97224,0.0
0.5145,2.00082,0.0
0.5145,2.02941,0.0
0.5145,2.05799,0.0
0.5145,2.08657,0.0
0.5145,2.11516,0.0
0.5145,2.14374,0.0
0.5145,2.17232,0.0
0.5145,2.20091,0.0
0.5145,2.22949,0.0
0.5145,2.25807,0.0
0.5145,2.28666,0.0
0.5145,2.31524,0.0
0.5145,2.34382,0.0
0.5145,2.37241,0.0
0.5145,2.40099,0.0
0.5145,2.42957,0.0
0.5145,2.45816,0.0
0.5145,2.48674,0.0
0.5145,2.51532,0.0
0.5145,2.54391,0.0
0.5145,2.57249,0.0
0.5145,2.60107,0.0
0.5145,2.62965,0.0
0.5145,2.65824,0.0
0.5145,2.68682,0.0
0.5145,2.7154,0.0
0.5145,2.74399,0.0
0.54308,-2.74399,0.0
0.54308,-2.7154,0.0
0.54308,-2.68682,0.0
0.54308,-2.65824,0.0
0.54308,-2.62965,0.0
0.54308,-2.60107,0.0
0.54308,-2.57249,0.0
0.54308,-2.54391,0.0
0.54308,-2.51532,0.0
0.54308,-2.48674,0.0
0.54308,-2.45816,0.0
0.54308,-2.42957,0.0
0.54308,-2.40099,0.0
0.54308,-2.37241,0.0
0.54308,-2.34382,0.0
0.54308,-2.31524,0.0
0.54308,-2.28666,0.0
0.54308,-2.25807,0.0
0.54308,-2.22949,0.0
0.54308,-2.20091,0.0
0.54308,-2.17232,0.0
0.54308,-2.14374,0.0
0.54308,-2.11516,0.0
0.54308,-2.08657,0.0
0.54308,-2.05799,0.0
0.54308,-2.02941,0.0
0.54308,-2.00082,0.0
0.54308,-1.97224,0.0
0.54308,-1.94366,0.0
0.54308,-1.91507,0.0
0.54308,-1.88649,0.0
0.54308,-1.85791,0.0
0.54308,-1.82933,0.0
0.54308,-1.80074,0.0
0.54308,-1.77216,0.0
0.54308,-1.74358,0.0
0.54308,-1.71499,0.0
0.54308,-1.68641,0.0
0.54308,-1.65783,0.0
0.54308,-1.62924,0.0
0.54308,-1.60066,0.0
0.54308,-1.57208,0.0
0.54308,-1.54349,0.0
0.54308,-1.51491,0.0
0.54308,-1.48633,0.0
0.54308,-1.45774,0.0
0.54308,-1.42916,0.0
0.54308,-1.40058,0.0
0.54308,-1.37199,0.0
0.54308,-1.34341,0.0
0.54308,-1.31483,0.0
0.54308,-1.28624,0.0
0.54308,-1.25766,0.0
0.54308,-1.22908,0.0
0.54308,-1.20049,0.0
0.54308,-1.17191,0.0
0.54308,-1.14333,0.0
0.54308,-1.11474,0.0
0.54308,-1.08616,0.0
0.54308,-1.05758,0.0
0.54308,-1.029,0.0
0.54308,-1.00041,0.0
0.54308,-0.97183,0.0
0.54308,-0.94325,0.0
0.54308,-0.91466,0.0
0.54308,-0.88608,0.0
0.54308,-0.8575,0.0
0.54308,-0.82891,0.0
0.54308,-0.80033,0.0
0.54308,-0.77175,0.0
0.54308,-0.74316,0.0
0.54308,-0.71458,0.0
0.54308,-0.686,0.0
0.54308,-0.65741,0.0
0.54308,-0.62883,0.0
0.54308,-0.60025,0.0
0.54308,-0.57166,0.0
0.54308,-0.54308,0.0
0.54308,-0.5145,0.0
0.54308,-0.48591,0.0
0.54308,-0.45733,0.0
0.54308,-0.42875,0.0
0.54308,-0.40016,0.0
0.54308,-0.37158,0.0
0.54308,-0.343,0.0
0.54308,-0.31442,0.0
0.54308,-0.28583,0.0
0.54308,-0.25725,0.0
0.54308,-0.22867,0.0
0.54308,-0.20008,0.0
0.54308,-0.1715,0.0
0.54308,-0.14292,0.0
0.54308,-0.11433,0.0
0.54308,-0.08575,0.0
0.54308,-0.05717,0.0
0.54308,-0.02858,0.0
0.54308,0,0.0
0.54308,0.02858,0.0
0.54308,0.05717,0.0
0.54308,0.08575,0.0
0.54308,0.11433,0.0
0.54308,0.14292,0.0
0.54308,0.1715,0.0
0.54308,0.20008,0.0
0.54308,0.22867,0.0
0.54308,0.25725,0.0
0.54308,0.28583,0.0
0.54308,0.31442,0.0
0.54308,0.343,0.0
0.54308,0.37158,0.0
0.54308,0.40016,0.0
0.54308,0.42875,0.0
0.54308,0.45733,0.0
0.54308,0.48591,0.0
0.54308,0.5145,0.0
0.54308,0.54308,0.0
0.54308,0.57166,0.0
0.54308,0.60025,0.0
0.54308,0.62883,0.0
0.54308,0.65741,0.0
0.54308,0.686,0.0
0.54308,0.71458,0.0
0.54308,0.74316,0.0
0.54308,0.77175,0.0
0.54308,0.80033,0.0
0.54308,0.82891,0.0
0.54308,0.8575,0.0
0.54308,0.88608,0.0
0.54308,0.91466,0.0
0.54308,0.94325,0.0
0.54308,0.97183,0.0
0.54308,1.00041,0.0
0.54308,1.029,0.0
0.54308,1.05758,0.0
0.54308,1.08616,0.0
0.54308,1.11474,0.0
0.54308,1.14333,0.0
0.54308,1.17191,0.0
0.54308,1.20049,0.0
0.54308,1.22908,0.0
0.54308,1.25766,0.0
0.54308,1.28624,0.0
0.54308,1.31483,0.0
0.54308,1.34341,0.0
0.54308,1.37199,0.0
0.54308,1.40058,0.0
0.54308,1.42916,0.0
0.54308,1.45774,0.0
0.54308,1.48633,0.0
0.54308,1.51491,0.0
0.54308,1.54349,0.0
0.54308,1.57208,0.0
0.54308,1.60066,0.0
0.54308,1.62924,0.0
0.54308,1.65783,0.0
0.54308,1.68641,0.0
0.54308,1.71499,0.0
0.54308,1.74358,0.0
0.54308,1.77216,0.0
0.54308,1.80074,0.0
0.54308,1.82933,0.0
0.54308,1.85791,0.0
0.54308,1.88649,0.0
0.54308,1.91507,0.0
0.54308,1.94366,0.0
0.54308,1.97224,0.0
0.54308,2.00082,0.0
0.54308,2.02941,0.0
0.54308,2.05799,0.0
0.54308,2.08657,0.0
0.54308,2.11516,0.0
0.54308,2.14374,0.0
0.54308,2.17232,0.0
0.54308,2.20091,0.0
0.54308,2.22949,0.0
0.54308,2.25807,0.0
0.54308,2.28666,0.0
0.54308,2.31524,0.0
0.54308,2.34382,0.0
0.54308,2.37241,0.0
0.54308,2.40099,0.0
0.54308,2.42957,0.0
0.54308,2.45816,0.0
0.54308,2.48674,0.0
0.54308,2.51532,0.0
0.54308,2.54391,0.0
0.54308,2.57249,0.0
0.54308,2.60107,0.0
0.54308,2.62965,0.0
0.54308,2.65824,0.0
0.54308,2.68682,0.0
0.54308,2.7154,0.0
0.54308,2.74399,0.0
0.57166,-2.7154,0.0
0.57166,-2.68682,0.0
0.57166,-2.65824,0.0
0.57166,-2.62965,0.0
0.57166,-2.60107,0.0
0.57166,-2.57249,0.0
0.57166,-2.54391,0.0
0.57166,-2.51532,0.0
0.57166,-2.48674,0.0
0.57166,-2.45816,0.0
0.57166,-2.42957,0.0
0.57166,-2.40099,0.0
0.57166,-2.37241,0.0
0.57166,-2.34382,0.0
0.57166,-2.31524,0.0
0.57166,-2.28666,0.0
0.57166,-2.25807,0.0
0.57166,-2.22949,0.0
0.57166,-2.20091,0.0
0.57166,-2.17232,0.0
0.57166,-2.14374,0.0
0.57166,-2.11516,0.0
0.57166,-2.08657,0.0
0.57166,-2.05799,0.0
0.57166,-2.02941,0.0
0.57166,-2.00082,0.0
0.57166,-1.97224,0.0
0.57166,-1.94366,0.0
0.57166,-1.91507,0.0
0.57166,-1.88649,0.0
0.57166,-1.85791,0.0
0.57166,-1.82933,0.0
0.57166,-1.80074,0.0
0.57166,-1.77216,0.0
0.57166,-1.74358,0.0
0.57166,-1.71499,0.0
0.57166,-1.68641,0.0
0.57166,-1.65783,0.0
0.57166,-1.62924,0.0
0.57166,-1.60066,0.0
0.57166,-1.57208,0.0
0.57166,-1.54349,0.0
0.57166,-1.51491,0.0
0.57166,-1.48633,0.0
0.57166,-1.45774,0.0
0.57166,-1.42916,0.0
0.57166,-1.40058,0.0
0.57166,-1.37199,0.0
0.57166,-1.34341,0.0
0.57166,-1.31483,0.0
0.57166,-1.28624,0.0
0.57166,-1.25766,0.0
0.57166,-1.22908,0.0
0.57166,-1.20049,0.0
0.57166,-1.17191,0.0
0.57166,-1.14333,0.0
0.57166,-1.11474,0.0
0.57166,-1.08616,0.0
0.57166,-1.05758,0.0
0.57166,-1.029,0.0
0.57166,-1.00041,0.0
0.57166,-0.97183,0.0
0.57166,-0.94325,0.0
0.57166,-0.91466,0.0
0.57166,-0.88608,0.0
0.57166,-0.8575,0.0
0.57166,-0.82891,0.0
0.57166,-0.80033,0.0
0.57166,-0.77175,0.0
0.57166,-0.74316,0.0
0.57166,-0.71458,0.0
0.57166,-0.686,0.0
0.57166,-0.65741,0.0
0.57166,-0.62883,0.0
0.57166,-0.60025,0.0
0.57166,-0.57166,0.0
0.57166,-0.54308,0.0
0.57166,-0.5145,0.0
0.57166,-0.48591,0.0
0.57166,-0.45733,0.0
0.57166,-0.42875,0.0
0.57166,-0.40016,0.0
0.57166,-0.37158,0.0
0.57166,-0.343,0.0
0.57166,-0.31442,0.0
0.57166,-0.28583,0.0
0.57166,-0.25725,0.0
0.57166,-0.22867,0.0
0.57166,-0.20008,0.0
0.57166,-0.1715,0.0
0.57166,-0.14292,0.0
0.57166,-0.11433,0.0
0.57166,-0.08575,0.0
0.57166,-0.05717,0.0
0.57166,-0.02858,0.0
0.57166,0,0.0
0.57166,0.02858,0.0
0.57166,0.05717,0.0
0.57166,0.08575,0.0
0.57166,0.11433,0.0
0.57166,0.14292,0.0
0.57166,0.1715,0.0
0.57166,0.20008,0.0
0.57166,0.22867,0.0
0.57166,0.25725,0.0
0.57166,0.28583,0.0
0.57166,0.31442,0.0
0.57166,0.343,0.0
0.57166,0.37158,0.0
0.57166,0.40016,0.0
0.57166,0.42875,0.0
0.57166,0.45733,0.0
0.57166,0.48591,0.0
0.57166,0.5145,0.0
0.57166,0.54308,0.0
0.57166,0.57166,0.0
0.57166,0.60025,0.0
0.57166,0.62883,0.0
0.57166,0.65741,0.0
0.57166,0.686,0.0
0.57166,0.71458,0.0
0.57166,0.74316,0.0
0.57166,0.77175,0.0
0.57166,0.80033,0.0
0.57166,0.82891,0.0
0.57166,0.8575,0.0
0.57166,0.88608,0.0
0.57166,0.91466,0.0
0.57166,0.94325,0.0
0.57166,0.97183,0.0
0.57166,1.00041,0.0
0.57166,1.029,0.0
0.57166,1.05758,0.0
0.57166,1.08616,0.0
0.57166,1.11474,0.0
0.57166,1.14333,0.0
0.57166,1.17191,0.0
0.57166,1.20049,0.0
0.57166,1.22908,0.0
0.57166,1.25766,0.0
0.57166,1.28624,0.0
0.57166,1.31483,0.0
0.57166,1.34341,0.0
0.57166,1.37199,0.0
0.57166,1.40058,0.0
0.57166,1.42916,0.0
0.57166,1.45774,0.0
0.57166,1.48633,0.0
0.57166,1.51491,0.0
0.57166,1.54349,0.0
0.57166,1.57208,0.0
0.57166,1.60066,0.0
0.57166,1.62924,0.0
0.57166,1.65783,0.0
0.57166,1.68641,0.0
0.57166,1.71499,0.0
0.57166,1.74358,0.0
0.57166,1.77216,0.0
0.57166,1.80074,0.0
0.57166,1.82933,0.0
0.57166,1.85791,0.0
0.57166,1.88649,0.0
0.57166,1.91507,0.0
0.57166,1.94366,0.0
0.57166,1.97224,0.0
0.57166,2.00082,0.0
0.57166,2.02941,0.0
0.57166,2.05799,0.0
0.57166,2.08657,0.0
0.57166,2.11516,0.0
0.57166,2.14374,0.0
0.57166,2.17232,0.0
0.57166,2.20091,0.0
0.57166,2.22949,0.0
0.57166,2.25807,0.0
0.57166,2.28666,0.0
0.57166,2.31524,0.0
0.57166,2.34382,0.0
0.57166,2.37241,0.0
0.57166,2.40099,0.0
0.57166,2.42957,0.0
0.57166,2.45816,0.0
0.57166,2.48674,0.0
0.57166,2.51532,0.0
0.57166,2.54391,0.0
0.57166,2.57249,0.0
0.57166,2.60107,0.0
0.57166,2.62965,0.0
0.57166,2.65824,0.0
0.57166,2.68682,0.0
0.57166,2.7154,0.0
0.60025,-2.7154,0.0
0.60025,-2.68682,0.0
0.60025,-2.65824,0.0
0.60025,-2.62965,0.0
0.60025,-2.60107,0.0
0.60025,-2.57249,0.0
0.60025,-2.54391,0.0
0.60025,-2.51532,0.0
0.60025,-2.48674,0.0
0.60025,-2.45816,0.0
0.60025,-2.42957,0.0
0.60025,-2.40099,0.0
0.60025,-2.37241,0.0
0.60025,-2.34382,0.0
0.60025,-2.31524,0.0
0.60025,-2.28666,0.0
0.60025,-2.25807,0.0
0.60025,-2.22949,0.0
0.60025,-2.20091,0.0
0.60025,-2.17232,0.0
0.60025,-2.14374,0.0
0.60025,-2.11516,0.0
0.60025,-2.08657,0.0
0.60025,-2.05799,0.0
0.60025,-2.02941,0.0
0.60025,-2.00082,0.0
0.60025,-1.97224,0.0
0.60025,-1.94366,0.0
0.60025,-1.91507,0.0
0.60025,-1.88649,0.0
0.60025,-1.85791,0.0
0.60025,-1.82933,0.0
0.60025,-1.80074,0.0
0.60025,-1.77216,0.0
0.60025,-1.74358,0.0
0.60025,-1.71499,0.0
0.60025,-1.68641,0.0
0.60025,-1.65783,0.0
0.60025,-1.62924,0.0
0.60025,-1.60066,0.0
0.60025,-1.57208,0.0
0.60025,-1.54349,0.0
0.60025,-1.51491,0.0
0.60025,-1.48633,0.0
0.60025,-1.45774,0.0
0.60025,-1.42916,0.0
0.60025,-1.40058,0.0
0.60025,-1.37199,0.0
0.60025,-1.34341,0.0
0.60025,-1.31483,0.0
0.60025,-1.28624,0.0
0.60025,-1.25766,0.0
0.60025,-1.22908,0.0
0.60025,-1.20049,0.0
0.60025,-1.17191,0.0
0.60025,-1.14333,0.0
0.60025,-1.11474,0.0
0.60025,-1.08616,0.0
0.60025,-1.05758,0.0
0.60025,-1.029,0.0
0.60025,-1.00041,0.0
0.60025,-0.97183,0.0
0.60025,-0.94325,0.0
0.60025,-0.91466,0.0
0.60025,-0.88608,0.0
0.60025,-0.8575,0.0
0.60025,-0.82891,0.0
0.60025,-0.80033,0.0
0.60025,-0.77175,0.0
0.60025,-0.74316,0.0
0.60025,-0.71458,0.0
0.60025,-0.686,0.0
0.60025,-0.65741,0.0
0.60025,-0.62883,0.0
0.60025,-0.60025,0.0
0.60025,-0.57166,0.0
0.60025,-0.54308,0.0
0.60025,-0.5145,0.0
0.60025,-0.48591,0.0
0.60025,-0.45733,0.0
0.60025,-0.42875,0.0
0.60025,-0.40016,0.0
0.60025,-0.37158,0.0
0.60025,-0.343,0.0
0.60025,-0.31442,0.0
0.60025,-0.28583,0.0
0.60025,-0.25725,0.0
0.60025,-0.22867,0.0
0.60025,-0.20008,0.0
0.60025,-0.1715,0.0
0.60025,-0.14292,0.0
0.60025,-0.11433,0.0
0.60025,-0.08575,0.0
0.60025,-0.05717,0.0
0.60025,-0.02858,0.0
0.60025,0,0.0
0.60025,0.02858,0.0
0.60025,0.05717,0.0
0.60025,0.08575,0.0
0.60025,0.11433,0.0
0.60025,0.14292,0.0
0.60025,0.1715,0.0
0.60025,0.20008,0.0
0.60025,0.22867,0.0
0.60025,0.25725,0.0
0.60025,0.28583,0.0
0.60025,0.31442,0.0
0.60025,0.343,0.0
0.60025,0.37158,0.0
0.60025,0.40016,0.0
0.60025,0.42875,0.0
0.60025,0.45733,0.0
0.60025,0.48591,0.0
0.60025,0.5145,0.0
0.60025,0.54308,0.0
0.60025,0.57166,0.0
0.60025,0.60025,0.0
0.60025,0.62883,0.0
0.60025,0.65741,0.0
0.60025,0.686,0.0
0.60025,0.71458,0.0
0.60025,0.74316,0.0
0.60025,0.77175,0.0
0.60025,0.80033,0.0
0.60025,0.82891,0.0
0.60025,0.8575,0.0
0.60025,0.88608,0.0
0.60025,0.91466,0.0
0.60025,0.94325,0.0
0.60025,0.97183,0.0
0.60025,1.00041,0.0
0.60025,1.029,0.0
0.60025,1.05758,0.0
0.60025,1.08616,0.0
0.60025,1.11474,0.0
0.60025,1.14333,0.0
0.60025,1.17191,0.0
0.60025,1.20049,0.0
0.60025,1.22908,0.0
0.60025,1.25766,0.0
0.60025,1.28624,0.0
0.60025,1.31483,0.0
0.60025,1.34341,0.0
0.60025,1.37199,0.0
0.60025,1.40058,0.0
0.60025,1.42916,0.0
0.60025,1.45774,0.0
0.60025,1.48633,0.0
0.60025,1.51491,0.0
0.60025,1.54349,0.0
0.60025,1.57208,0.0
0.60025,1.60066,0.0
0.60025,1.62924,0.0
0.60025,1.65783,0.0
0.60025,1.68641,0.0
0.60025,1.71499,0.0
0.60025,1.74358,0.0
0.60025,1.77216,0.0
0.60025,1.80074,0.0
0.60025,1.82933,0.0
0.60025,1.85791,0.0
0.60025,1.88649,0.0
0.60025,1.91507,0.0
0.60025,1.94366,0.0
0.60025,1.97224,0.0
0.60025,2.00082,0.0
0.60025,2.02941,0.0
0.60025,2.05799,0.0
0.60025,2.08657,0.0
0.60025,2.11516,0.0
0.60025,2.14374,0.0
0.60025,2.17232,0.0
0.60025,2.20091,0.0
0.60025,2.22949,0.0
0.60025,2.25807,0.0
0.60025,2.28666,0.0
0.60025,2.31524,0.0
0.60025,2.34382,0.0
0.60025,2.37241,0.0
0.60025,2.40099,0.0
0.60025,2.42957,0.0
0.60025,2.45816,0.0
0.60025,2.48674,0.0
0.60025,2.51532,0.0
0.60025,2.54391,0.0
0.60025,2.57249,0.0
0.60025,2.60107,0.0
0.60025,2.62965,0.0
0.60025,2.65824,0.0
0.60025,2.68682,0.0
0.60025,2.7154,0.0
0.62883,-2.7154,0.0
0.62883,-2.68682,0.0
0.62883,-2.65824,0.0
0.62883,-2.62965,0.0
0.62883,-2.60107,0.0
0.62883,-2.57249,0.0
0.62883,-2.54391,0.0
0.62883,-2.51532,0.0
0.62883,-2.48674,0.0
0.62883,-2.45816,0.0
0.62883,-2.42957,0.0
0.62883,-2.40099,0.0
0.62883,-2.37241,0.0
0.62883,-2.34382,0.0
0.62883,-2.31524,0.0
0.62883,-2.28666,0.0
0.62883,-2.25807,0.0
0.62883,-2.22949,0.0
0.62883,-2.20091,0.0
0.62883,-2.17232,0.0
0.62883,-2.14374,0.0
0.62883,-2.11516,0.0
0.62883,-2.08657,0.0
0.62883,-2.05799,0.0
0.62883,-2.02941,0.0
0.62883,-2.00082,0.0
0.62883,-1.97224,0.0
0.62883,-1.94366,0.0
0.62883,-1.91507,0.0
0.62883,-1.88649,0.0
0.62883,-1.85791,0.0
0.62883,-1.82933,0.0
0.62883,-1.80074,0.0
0.62883,-1.77216,0.0
0.62883,-1.74358,0.0
0.62883,-1.71499,0.0
0.62883,-1.68641,0.0
0.62883,-1.65783,0.0
0.62883,-1.62924,0.0
0.62883,-1.60066,0.0
0.62883,-1.57208,0.0
0.62883,-1.54349,0.0
0.62883,-1.51491,0.0
0.62883,-1.48633,0.0
0.62883,-1.45774,0.0
0.62883,-1.42916,0.0
0.62883,-1.40058,0.0
0.62883,-1.37199,0.0
0.62883,-1.34341,0.0
0.62883,-1.31483,0.0
0.62883,-1.28624,0.0
0.62883,-1.25766,0.0
0.62883,-1.22908,0.0
0.62883,-1.20049,0.0
0.62883,-1.17191,0.0
0.62883,-1.14333,0.0
0.62883,-1.11474,0.0
0.62883,-1.08616,0.0
0.62883,-1.05758,0.0
0.62883,-1.029,0.0
0.62883,-1.00041,0.0
0.62883,-0.97183,0.0
0.62883,-0.94325,0.0
0.62883,-0.91466,0.0
0.62883,-0.88608,0.0
0.62883,-0.8575,0.0
0.62883,-0.82891,0.0
0.62883,-0.80033,0.0
0.62883,-0.77175,0.0
0.62883,-0.74316,0.0
0.62883,-0.71458,0.0
0.62883,-0.686,0.0
0.62883,-0.65741,0.0
0.62883,-0.62883,0.0
0.62883,-0.60025,0.0
0.62883,-0.57166,0.0
0.62883,-0.54308,0.0
0.62883,-0.5145,0.0
0.62883,-0.48591,0.0
0.62883,-0.45733,0.0
0.62883,-0.42875,0.0
0.62883,-0.40016,0.0
0.62883,-0.37158,0.0
0.62883,-0.343,0.0
0.62883,-0.31442,0.0
0.62883,-0.28583,0.0
0.62883,-0.25725,0.0
0.62883,-0.22867,0.0
0.62883,-0.20008,0.0
0.62883,-0.1715,0.0
0.62883,-0.14292,0.0
0.62883,-0.11433,0.0
0.62883,-0.08575,0.0
0.62883,-0.05717,0.0
0.62883,-0.02858,0.0
0.62883,0,0.0
0.62883,0.02858,0.0
0.62883,0.05717,0.0
0.62883,0.08575,0.0
0.62883,0.11433,0.0
0.62883,0.14292,0.0
0.62883,0.1715,0.0
0.62883,0.20008,0.0
0.62883,0.22867,0.0
0.62883,0.25725,0.0
0.62883,0.28583,0.0
0.62883,0.31442,0.0
0.62883,0.343,0.0
0.62883,0.37158,0.0
0.62883,0.40016,0.0
0.62883,0.42875,0.0
0.62883,0.45733,0.0
0.62883,0.48591,0.0
0.62883,0.5145,0.0
0.62883,0.54308,0.0
0.62883,0.57166,0.0
0.62883,0.60025,0.0
0.62883,0.62883,0.0
0.62883,0.65741,0.0
0.62883,0.686,0.0
0.62883,0.71458,0.0
0.62883,0.74316,0.0
0.62883,0.77175,0.0
0.62883,0.80033,0.0
0.62883,0.82891,0.0
0.62883,0.8575,0.0
0.62883,0.88608,0.0
0.62883,0.91466,0.0
0.62883,0.94325,0.0
0.62883,0.97183,0.0
0.62883,1.00041,0.0
0.62883,1.029,0.0
0.62883,1.05758,0.0
0.62883,1.08616,0.0
0.62883,1.11474,0.0
0.62883,1.14333,0.0
0.62883,1.17191,0.0
0.62883,1.20049,0.0
0.62883,1.22908,0.0
0.62883,1.25766,0.0
0.62883,1.28624,0.0
0.62883,1.31483,0.0
0.62883,1.34341,0.0
0.62883,1.37199,0.0
0.62883,1.40058,0.0
0.62883,1.42916,0.0
0.62883,1.45774,0.0
0.62883,1.48633,0.0
0.62883,1.51491,0.0
0.62883,1.54349,0.0
0.62883,1.57208,0.0
0.62883,1.60066,0.0
0.62883,1.62924,0.0
0.62883,1.65783,0.0
0.62883,1.68641,0.0
0.62883,1.71499,0.0
0.62883,1.74358,0.0
0.62883,1.77216,0.0
0.62883,1.80074,0.0
0.62883,1.82933,0.0
0.62883,1.85791,0.0
0.62883,1.88649,0.0
0.62883,1.91507,0.0
0.62883,1.94366,0.0
0.62883,1.97224,0.0
0.62883,2.00082,0.0
0.62883,2.02941,0.0
0.62883,2.05799,0.0
0.62883,2.08657,0.0
0.62883,2.11516,0.0
0.62883,2.14374,0.0
0.62883,2.17232,0.0
0.62883,2.20091,0.0
0.62883,2.22949,0.0
0.62883,2.25807,0.0
0.62883,2.28666,0.0
0.62883,2.31524,0.0
0.62883,2.34382,0.0
0.62883,2.37241,0.0
0.62883,2.40099,0.0
0.62883,2.42957,0.0
0.62883,2.45816,0.0
0.62883,2.48674,0.0
0.62883,2.51532,0.0
0.62883,2.54391,0.0
0.62883,2.57249,0.0
0.62883,2.60107,0.0
0.62883,2.62965,0.0
0.62883,2.65824,0.0
0.62883,2.68682,0.0
0.62883,2.7154,0.0
0.65741,-2.7154,0.0
0.65741,-2.68682,0.0
0.65741,-2.65824,0.0
0.65741,-2.62965,0.0
0.65741,-2.60107,0.0
0.65741,-2.57249,0.0
0.65741,-2.54391,0.0
0.65741,-2.51532,0.0
0.65741,-2.48674,0.0
0.65741,-2.45816,0.0
0.65741,-2.42957,0.0
0.65741,-2.40099,0.0
0.65741,-2.37241,0.0
0.65741,-2.34382,0.0
0.65741,-2.31524,0.0
0.65741,-2.28666,0.0
0.65741,-2.25807,0.0
0.65741,-2.22949,0.0
0.65741,-2.20091,0.0
0.65741,-2.17232,0.0
0.65741,-2.14374,0.0
0.65741,-2.11516,0.0
0.65741,-2.08657,0.0
0.65741,-2.05799,0.0
0.65741,-2.02941,0.0
0.65741,-2.00082,0.0
0.65741,-1.97224,0.0
0.65741,-1.94366,0.0
0.65741,-1.91507,0.0
0.65741,-1.88649,0.0
0.65741,-1.85791,0.0
0.65741,-1.82933,0.0
0.65741,-1.80074,0.0
0.65741,-1.77216,0.0
0.65741,-1.74358,0.0
0.65741,-1.71499,0.0
0.65741,-1.68641,0.0
0.65741,-1.65783,0.0
0.65741,-1.62924,0.0
0.65741,-1.60066,0.0
0.65741,-1.57208,0.0
0.65741,-1.54349,0.0
0.65741,-1.51491,0.0
0.65741,-1.48633,0.0
0.65741,-1.45774,0.0
0.65741,-1.42916,0.0
0.65741,-1.40058,0.0
0.65741,-1.37199,0.0
0.65741,-1.34341,0.0
0.65741,-1.31483,0.0
0.65741,-1.28624,0.0
0.65741,-1.25766,0.0
0.65741,-1.22908,0.0
0.65741,-1.20049,0.0
0.65741,-1.17191,0.0
0.65741,-1.14333,0.0
0.65741,-1.11474,0.0
0.65741,-1.08616,0.0
0.65741,-1.05758,0.0
0.65741,-1.029,0.0
0.65741,-1.00041,0.0
0.65741,-0.97183,0.0
0.65741,-0.94325,0.0
0.65741,-0.91466,0.0
0.65741,-0.88608,0.0
0.65741,-0.8575,0.0
0.65741,-0.82891,0.0
0.65741,-0.80033,0.0
0.65741,-0.77175,0.0
0.65741,-0.74316,0.0
0.65741,-0.71458,0.0
0.65741,-0.686,0.0
0.65741,-0.65741,0.0
0.65741,-0.62883,0.0
0.65741,-0.60025,0.0
0.65741,-0.57166,0.0
0.65741,-0.54308,0.0
0.65741,-0.5145,0.0
0.65741,-0.48591,0.0
0.65741,-0.45733,0.0
0.65741,-0.42875,0.0
0.65741,-0.40016,0.0
0.65741,-0.37158,0.0
0.65741,-0.343,0.0
0.65741,-0.31442,0.0
0.65741,-0.28583,0.0
0.65741,-0.25725,0.0
0.65741,-0.22867,0.0
0.65741,-0.20008,0.0
0.65741,-0.1715,0.0
0.65741,-0.14292,0.0
0.65741,-0.11433,0.0
0.65741,-0.08575,0.0
0.65741,-0.05717,0.0
0.65741,-0.02858,0.0
0.65741,0,0.0
0.65741,0.02858,0.0
0.65741,0.05717,0.0
0.65741,0.08575,0.0
0.65741,0.11433,0.0
0.65741,0.14292,0.0
0.65741,0.1715,0.0
0.65741,0.20008,0.0
0.65741,0.22867,0.0
0.65741,0.25725,0.0
0.65741,0.28583,0.0
0.65741,0.31442,0.0
0.65741,0.343,0.0
0.65741,0.37158,0.0
0.65741,0.40016,0.0
0.65741,0.42875,0.0
0.65741,0.45733,0.0
0.65741,0.48591,0.0
0.65741,0.5145,0.0
0.65741,0.54308,0.0
0.65741,0.57166,0.0
0.65741,0.60025,0.0
0.65741,0.62883,0.0
0.65741,0.65741,0.0
0.65741,0.686,0.0
0.65741,0.71458,0.0
0.65741,0.74316,0.0
0.65741,0.77175,0.0
0.65741,0.80033,0.0
0.65741,0.82891,0.0
0.65741,0.8575,0.0
0.65741,0.88608,0.0
0.65741,0.91466,0.0
0.65741,0.94325,0.0
0.65741,0.97183,0.0
0.65741,1.00041,0.0
0.65741,1.029,0.0
0.65741,1.05758,0.0
0.65741,1.08616,0.0
0.65741,1.11474,0.0
0.65741,1.14333,0.0
0.65741,1.17191,0.0
0.65741,1.20049,0.0
0.65741,1.22908,0.0
0.65741,1.25766,0.0
0.65741,1.28624,0.0
0.65741,1.31483,0.0
0.65741,1.34341,0.0
0.65741,1.37199,0.0
0.65741,1.40058,0.0
0.65741,1.42916,0.0
0.65741,1.45774,0.0
0.65741,1.48633,0.0
0.65741,1.51491,0.0
0.65741,1.54349,0.0
0.65741,1.57208,0.0
0.65741,1.60066,0.0
0.65741,1.62924,0.0
0.65741,1.65783,0.0
0.65741,1.68641,0.0
0.65741,1.71499,0.0
0.65741,1.74358,0.0
0.65741,1.77216,0.0
0.65741,1.80074,0.0
0.65741,1.82933,0.0
0.65741,1.85791,0.0
0.65741,1.88649,0.0
0.65741,1.91507,0.0
0.65741,1.94366,0.0
0.65741,1.97224,0.0
0.65741,2.00082,0.0
0.65741,2.02941,0.0
0.65741,2.05799,0.0
0.65741,2.08657,0.0
0.65741,2.11516,0.0
0.65741,2.14374,0.0
0.65741,2.17232,0.0
0.65741,2.20091,0.0
0.65741,2.22949,0.0
0.65741,2.25807,0.0
0.65741,2.28666,0.0
0.65741,2.31524,0.0
0.65741,2.34382,0.0
0.65741,2.37241,0.0
0.65741,2.40099,0.0
0.65741,2.42957,0.0
0.65741,2.45816,0.0
0.65741,2.48674,0.0
0.65741,2.51532,0.0
0.65741,2.54391,0.0
0.65741,2.57249,0.0
0.65741,2.60107,0.0
0.65741,2.62965,0.0
0.65741,2.65824,0.0
0.65741,2.68682,0.0
0.65741,2.7154,0.0
0.686,-2.68682,0.0
0.686,-2.65824,0.0
0.686,-2.62965,0.0
0.686,-2.60107,0.0
0.686,-2.57249,0.0
0.686,-2.54391,0.0
0.686,-2.51532,0.0
0.686,-2.48674,0.0
0.686,-2.45816,0.0
0.686,-2.42957,0.0
0.686,-2.40099,0.0
0.686,-2.37241,0.0
0.686,-2.34382,0.0
0.686,-2.31524,0.0
0.686,-2.28666,0.0
0.686,-2.25807,0.0
0.686,-2.22949,0.0
0.686,-2.20091,0.0
0.686,-2.17232,0.0
0.686,-2.14374,0.0
0.686,-2.11516,0.0
0.686,-2.08657,0.0
0.686,-2.05799,0.0
0.686,-2.02941,0.0
0.686,-2.00082,0.0
0.686,-1.97224,0.0
0.686,-1.94366,0.0
0.686,-1.91507,0.0
0.686,-1.88649,0.0
0.686,-1.85791,0.0
0.686,-1.82933,0.0
0.686,-1.80074,0.0
0.686,-1.77216,0.0
0.686,-1.74358,0.0
0.686,-1.71499,0.0
0.686,-1.68641,0.0
0.686,-1.65783,0.0
0.686,-1.62924,0.0
0.686,-1.60066,0.0
0.686,-1.57208,0.0
0.686,-1.54349,0.0
0.686,-1.51491,0.0
0.686,-1.48633,0.0
0.686,-1.45774,0.0
0.686,-1.42916,0.0
0.686,-1.40058,0.0
0.686,-1.37199,0.0
0.686,-1.34341,0.0
0.686,-1.31483,0.0
0.686,-1.28624,0.0
0.686,-1.25766,0.0
0.686,-1.22908,0.0
0.686,-1.20049,0.0
0.686,-1.17191,0.0
0.686,-1.14333,0.0
0.686,-1.11474,0.0
0.686,-1.08616,0.0
0.686,-1.05758,0.0
0.686,-1.029,0.0
0.686,-1.00041,0.0
0.686,-0.97183,0.0
0.686,-0.94325,0.0
0.686,-0.91466,0.0
0.686,-0.88608,0.0
0.686,-0.8575,0.0
0.686,-0.82891,0.0
0.686,-0.80033,0.0
0.686,-0.77175,0.0
0.686,-0.74316,0.0
0.686,-0.71458,0.0
0.686,-0.686,0.0
0.686,-0.65741,0.0
0.686,-0.62883,0.0
0.686,-0.60025,0.0
0.686,-0.57166,0.0
0.686,-0.54308,0.0
0.686,-0.5145,0.0
0.686,-0.48591,0.0
0.686,-0.45733,0.0
0.686,-0.42875,0.0
0.686,-0.40016,0.0
0.686,-0.37158,0.0
0.686,-0.343,0.0
0.686,-0.31442,0.0
0.686,-0.28583,0.0
0.686,-0.25725,0.0
0.686,-0.22867,0.0
0.686,-0.20008,0.0
0.686,-0.1715,0.0
0.686,-0.14292,0.0
0.686,-0.11433,0.0
0.686,-0.08575,0.0
0.686,-0.05717,0.0
0.686,-0.02858,0.0
0.686,0,0.0
0.686,0.02858,0.0
0.686,0.05717,0.0
0.686,0.08575,0.0
0.686,0.11433,0.0
0.686,0.14292,0.0
0.686,0.1715,0.0
0.686,0.20008,0.0
0.686,0.22867,0.0
0.686,0.25725,0.0
0.686,0.28583,0.0
0.686,0.31442,0.0
0.686,0.343,0.0
0.686,0.37158,0.0
0.686,0.40016,0.0
0.686,0.42875,0.0
0.686,0.45733,0.0
0.686,0.48591,0.0
0.686,0.5145,0.0
0.686,0.54308,0.0
0.686,0.57166,0.0
0.686,0.60025,0.0
0.686,0.62883,0.0
0.686,0.65741,0.0
0.686,0.686,0.0
0.686,0.71458,0.0
0.686,0.74316,0.0
0.686,0.77175,0.0
0.686,0.80033,0.0
0.686,0.82891,0.0
0.686,0.8575,0.0
0.686,0.88608,0.0
0.686,0.91466,0.0
0.686,0.94325,0.0
0.686,0.97183,0.0
0.686,1.00041,0.0
0.686,1.029,0.0
0.686,1.05758,0.0
0.686,1.08616,0.0
0.686,1.11474,0.0
0.686,1.14333,0.0
0.686,1.17191,0.0
0.686,1.20049,0.0
0.686,1.22908,0.0
0.686,1.25766,0.0
0.686,1.28624,0.0
0.686,1.31483,0.0
0.686,1.34341,0.0
0.686,1.37199,0.0
0.686,1.40058,0.0
0.686,1.42916,0.0
0.686,1.45774,0.0
0.686,1.48633,0.0
0.686,1.51491,0.0
0.686,1.54349,0.0
0.686,1.57208,0.0
0.686,1.60066,0.0
0.686,1.62924,0.0
0.686,1.65783,0.0
0.686,1.68641,0.0
0.686,1.71499,0.0
0.686,1.74358,0.0
0.686,1.77216,0.0
0.686,1.80074,0.0
0.686,1.82933,0.0
0.686,1.85791,0.0
0.686,1.88649,0.0
0.686,1.91507,0.0
0.686,1.94366,0.0
0.686,1.97224,0.0
0.686,2.00082,0.0
0.686,2.02941,0.0
0.686,2.05799,0.0
0.686,2.08657,0.0
0.686,2.11516,0.0
0.686,2.14374,0.0
0.686,2.17232,0.0
0.686,2.20091,0.0
0.686,2.22949,0.0
0.686,2.25807,0.0
0.686,2.28666,0.0
0.686,2.31524,0.0
0.686,2.34382,0.0
0.686,2.37241,0.0
0.686,2.40099,0.0
0.686,2.42957,0.0
0.686,2.45816,0.0
0.686,2.48674,0.0
0.686,2.51532,0.0
0.686,2.54391,0.0
0.686,2.57249,0.0
0.686,2.60107,0.0
0.686,2.62965,0.0
0.686,2.65824,0.0
0.686,2.68682,0.0
0.71458,-2.68682,0.0
0.71458,-2.65824,0.0
0.71458,-2.62965,0.0
0.71458,-2.60107,0.0
0.71458,-2.57249,0.0
0.71458,-2.54391,0.0
0.71458,-2.51532,0.0
0.71458,-2.48674,0.0
0.71458,-2.45816,0.0
0.71458,-2.42957,0.0
0.71458,-2.40099,0.0
0.71458,-2.37241,0.0
0.71458,-2.34382,0.0
0.71458,-2.31524,0.0
0.71458,-2.28666,0.0
0.71458,-2.25807,0.0
0.71458,-2.22949,0.0
0.71458,-2.20091,0.0
0.71458,-2.17232,0.0
0.71458,-2.14374,0.0
0.71458,-2.11516,0.0
0.71458,-2.08657,0.0
0.71458,-2.05799,0.0
0.71458,-2.02941,0.0
0.71458,-2.00082,0.0
0.71458,-1.97224,0.0
0.71458,-1.94366,0.0
0.71458,-1.91507,0.0
0.71458,-1.88649,0.0
0.71458,-1.85791,0.0
0.71458,-1.82933,0.0
0.71458,-1.80074,0.0
0.71458,-1.77216,0.0
0.71458,-1.74358,0.0
0.71458,-1.71499,0.0
0.71458,-1.68641,0.0
0.71458,-1.65783,0.0
0.71458,-1.62924,0.0
0.71458,-1.60066,0.0
0.71458,-1.57208,0.0
0.71458,-1.54349,0.0
0.71458,-1.51491,0.0
0.71458,-1.48633,0.0
0.71458,-1.45774,0.0
0.71458,-1.42916,0.0
0.71458,-1.40058,0.0
0.71458,-1.37199,0.0
0.71458,-1.34341,0.0
0.71458,-1.31483,0.0
0.71458,-1.28624,0.0
0.71458,-1.25766,0.0
0.71458,-1.22908,0.0
0.71458,-1.20049,0.0
0.71458,-1.17191,0.0
0.71458,-1.14333,0.0
0.71458,-1.11474,0.0
0.71458,-1.08616,0.0
0.71458,-1.05758,0.0
0.71458,-1.029,0.0
0.71458,-1.00041,0.0
0.71458,-0.97183,0.0
0.71458,-0.94325,0.0
0.71458,-0.91466,0.0
0.71458,-0.88608,0.0
0.71458,-0.8575,0.0
0.71458,-0.82891,0.0
0.71458,-0.80033,0.0
0.71458,-0.77175,0.0
0.71458,-0.74316,0.0
0.71458,-0.71458,0.0
0.71458,-0.686,0.0
0.71458,-0.65741,0.0
0.71458,-0.62883,0.0
0.71458,-0.60025,0.0
0.71458,-0.57166,0.0
0.71458,-0.54308,0.0
0.71458,-0.5145,0.0
0.71458,-0.48591,0.0
0.71458,-0.45733,0.0
0.71458,-0.42875,0.0
0.71458,-0.40016,0.0
0.71458,-0.37158,0.0
0.71458,-0.343,0.0
0.71458,-0.31442,0.0
0.71458,-0.28583,0.0
0.71458,-0.25725,0.0
0.71458,-0.22867,0.0
0.71458,-0.20008,0.0
0.71458,-0.1715,0.0
0.71458,-0.14292,0.0
0.71458,-0.11433,0.0
0.71458,-0.08575,0.0
0.71458,-0.05717,0.0
0.71458,-0.02858,0.0
0.71458,0,0.0
0.71458,0.02858,0.0
0.71458,0.05717,0.0
0.71458,0.08575,0.0
0.71458,0.11433,0.0
0.71458,0.14292,0.0
0.71458,0.1715,0.0
0.71458,0.20008,0.0
0.71458,0.22867,0.0
0.71458,0.25725,0.0
0.71458,0.28583,0.0
0.71458,0.31442,0.0
0.71458,0.343,0.0
0.71458,0.37158,0.0
0.71458,0.40016,0.0
0.71458,0.42875,0.0
0.71458,0.45733,0.0
0.71458,0.48591,0.0
0.71458,0.5145,0.0
0.71458,0.54308,0.0
0.71458,0.57166,0.0
0.71458,0.60025,0.0
0.71458,0.62883,0.0
0.71458,0.65741,0.0
0.71458,0.686,0.0
0.71458,0.71458,0.0
0.71458,0.74316,0.0
0.71458,0.77175,0.0
0.71458,0.80033,0.0
0.71458,0.82891,0.0
0.71458,0.8575,0.0
0.71458,0.88608,0.0
0.71458,0.91466,0.0
0.71458,0.94325,0.0
0.71458,0.97183,0.0
0.71458,1.00041,0.0
0.71458,1.029,0.0
0.71458,1.05758,0.0
0.71458,1.08616,0.0
0.71458,1.11474,0.0
0.71458,1.14333,0.0
0.71458,1.17191,0.0
0.71458,1.20049,0.0
0.71458,1.22908,0.0
0.71458,1.25766,0.0
0.71458,1.28624,0.0
0.71458,1.31483,0.0
0.71458,1.34341,0.0
0.71458,1.37199,0.0
0.71458,1.40058,0.0
0.71458,1.42916,0.0
0.71458,1.45774,0.0
0.71458,1.48633,0.0
0.71458,1.51491,0.0
0.71458,1.54349,0.0
0.71458,1.57208,0.0
0.71458,1.60066,0.0
0.71458,1.62924,0.0
0.71458,1.65783,0.0
0.71458,1.68641,0.0
0.71458,1.71499,0.0
0.71458,1.74358,0.0
0.71458,1.77216,0.0
0.71458,1.80074,0.0
0.71458,1.82933,0.0
0.71458,1.85791,0.0
0.71458,1.88649,0.0
0.71458,1.91507,0.0
0.71458,1.94366,0.0
0.71458,1.97224,0.0
0.71458,2.00082,0.0
0.71458,2.02941,0.0
0.71458,2.05799,0.0
0.71458,2.08657,0.0
0.71458,2.11516,0.0
0.71458,2.14374,0.0
0.71458,2.17232,0.0
0.71458,2.20091,0.0
0.71458,2.22949,0.0
0.71458,2.25807,0.0
0.71458,2.28666,0.0
0.71458,2.31524,0.0
0.71458,2.34382,0.0
0.71458,2.37241,0.0
0.71458,2.40099,0.0
0.71458,2.42957,0.0
0.71458,2.45816,0.0
0.71458,2.48674,0.0
0.71458,2.51532,0.0
0.71458,2.54391,0.0
0.71458,2.57249,0.0
0.71458,2.60107,0.0
0.71458,2.62965,0.0
0.71458,2.65824,0.0
0.71458,2.68682,0.0
0.74316,-2.68682,0.0
0.74316,-2.65824,0.0
0.74316,-2.62965,0.0
0.74316,-2.60107,0.0
0.74316,-2.57249,0.0
0.74316,-2.54391,0.0
0.74316,-2.51532,0.0
0.74316,-2.48674,0.0
0.74316,-2.45816,0.0
0.74316,-2.42957,0.0
0.74316,-2.40099,0.0
0.74316,-2.37241,0.0
0.74316,-2.34382,0.0
0.74316,-2.31524,0.0
0.74316,-2.28666,0.0
0.74316,-2.25807,0.0
0.74316,-2.22949,0.0
0.74316,-2.20091,0.0
0.74316,-2.17232,0.0
0.74316,-2.14374,0.0
0.74316,-2.11516,0.0
0.74316,-2.08657,0.0
0.74316,-2.05799,0.0
0.74316,-2.02941,0.0
0.74316,-2.00082,0.0
0.74316,-1.97224,0.0
0.74316,-1.94366,0.0
0.74316,-1.91507,0.0
0.74316,-1.88649,0.0
0.74316,-1.85791,0.0
0.74316,-1.82933,0.0
0.74316,-1.80074,0.0
0.74316,-1.77216,0.0
0.74316,-1.74358,0.0
0.74316,-1.71499,0.0
0.74316,-1.68641,0.0
0.74316,-1.65783,0.0
0.74316,-1.62924,0.0
0.74316,-1.60066,0.0
0.74316,-1.57208,0.0
0.74316,-1.54349,0.0
0.74316,-1.51491,0.0
0.74316,-1.48633,0.0
0.74316,-1.45774,0.0
0.74316,-1.42916,0.0
0.74316,-1.40058,0.0
0.74316,-1.37199,0.0
0.74316,-1.34341,0.0
0.74316,-1.31483,0.0
0.74316,-1.28624,0.0
0.74316,-1.25766,0.0
0.74316,-1.22908,0.0
0.74316,-1.20049,0.0
0.74316,-1.17191,0.0
0.74316,-1.14333,0.0
0.74316,-1.11474,0.0
0.74316,-1.08616,0.0
0.74316,-1.05758,0.0
0.74316,-1.029,0.0
0.74316,-1.00041,0.0
0.74316,-0.97183,0.0
0.74316,-0.94325,0.0
0.74316,-0.91466,0.0
0.74316,-0.88608,0.0
0.74316,-0.8575,0.0
0.74316,-0.82891,0.0
0.74316,-0.80033,0.0
0.74316,-0.77175,0.0
0.74316,-0.74316,0.0
0.74316,-0.71458,0.0
0.74316,-0.686,0.0
0.74316,-0.65741,0.0
0.74316,-0.62883,0.0
0.74316,-0.60025,0.0
0.74316,-0.57166,0.0
0.74316,-0.54308,0.0
0.74316,-0.5145,0.0
0.74316,-0.48591,0.0
0.74316,-0.45733,0.0
0.74316,-0.42875,0.0
0.74316,-0.40016,0.0
0.74316,-0.37158,0.0
0.74316,-0.343,0.0
0.74316,-0.31442,0.0
0.74316,-0.28583,0.0
0.74316,-0.25725,0.0
0.74316,-0.22867,0.0
0.74316,-0.20008,0.0
0.74316,-0.1715,0.0
0.74316,-0.14292,0.0
0.74316,-0.11433,0.0
0.74316,-0.08575,0.0
0.74316,-0.05717,0.0
0.74316,-0.02858,0.0
0.74316,0,0.0
0.74316,0.02858,0.0
0.74316,0.05717,0.0
0.74316,0.08575,0.0
0.74316,0.11433,0.0
0.74316,0.14292,0.0
0.74316,0.1715,0.0
0.74316,0.20008,0.0
0.74316,0.22867,0.0
0.74316,0.25725,0.0
0.74316,0.28583,0.0
0.74316,0.31442,0.0
0.74316,0.343,0.0
0.74316,0.37158,0.0
0.74316,0.40016,0.0
0.74316,0.42875,0.0
0.74316,0.45733,0.0
0.74316,0.48591,0.0
0.74316,0.5145,0.0
0.74316,0.54308,0.0
0.74316,0.57166,0.0
0.74316,0.60025,0.0
0.74316,0.62883,0.0
0.74316,0.65741,0.0
0.74316,0.686,0.0
0.74316,0.71458,0.0
0.74316,0.74316,0.0
0.74316,0.77175,0.0
0.74316,0.80033,0.0
0.74316,0.82891,0.0
0.74316,0.8575,0.0
0.74316,0.88608,0.0
0.74316,0.91466,0.0
0.74316,0.94325,0.0
0.74316,0.97183,0.0
0.74316,1.00041,0.0
0.74316,1.029,0.0
0.74316,1.05758,0.0
0.74316,1.08616,0.0
0.74316,1.11474,0.0
0.74316,1.14333,0.0
0.74316,1.17191,0.0
0.74316,1.20049,0.0
0.74316,1.22908,0.0
0.74316,1.25766,0.0
0.74316,1.28624,0.0
0.74316,1.31483,0.0
0.74316,1.34341,0.0
0.74316,1.37199,0.0
0.74316,1.40058,0.0
0.74316,1.42916,0.0
0.74316,1.45774,0.0
0.74316,1.48633,0.0
0.74316,1.51491,0.0
0.74316,1.54349,0.0
0.74316,1.57208,0.0
0.74316,1.60066,0.0
0.74316,1.62924,0.0
0.74316,1.65783,0.0
0.74316,1.68641,0.0
0.74316,1.71499,0.0
0.74316,1.74358,0.0
0.74316,1.77216,0.0
0.74316,1.80074,0.0
0.74316,1.82933,0.0
0.74316,1.85791,0.0
0.74316,1.88649,0.0
0.74316,1.91507,0.0
0.74316,1.94366,0.0
0.74316,1.97224,0.0
0.74316,2.00082,0.0
0.74316,2.02941,0.0
0.74316,2.05799,0.0
0.74316,2.08657,0.0
0.74316,2.11516,0.0
0.74316,2.14374,0.0
0.74316,2.17232,0.0
0.74316,2.20091,0.0
0.74316,2.22949,0.0
0.74316,2.25807,0.0
0.74316,2.28666,0.0
0.74316,2.31524,0.0
0.74316,2.34382,0.0
0.74316,2.37241,0.0
0.74316,2.40099,0.0
0.74316,2.42957,0.0
0.74316,2.45816,0.0
0.74316,2.48674,0.0
0.74316,2.51532,0.0
0.74316,2.54391,0.0
0.74316,2.57249,0.0
0.74316,2.60107,0.0
0.74316,2.62965,0.0
0.74316,2.65824,0.0
0.74316,2.68682,0.0
0.77175,-2.68682,0.0
0.77175,-2.65824,0.0
0.77175,-2.62965,0.0
0.77175,-2.60107,0.0
0.77175,-2.57249,0.0
0.77175,-2.54391,0.0
0.77175,-2.51532,0.0
0.77175,-2.48674,0.0
0.77175,-2.45816,0.0
0.77175,-2.42957,0.0
0.77175,-2.40099,0.0
0.77175,-2.37241,0.0
0.77175,-2.34382,0.0
0.77175,-2.31524,0.0
0.77175,-2.28666,0.0
0.77175,-2.25807,0.0
0.77175,-2.22949,0.0
0.77175,-2.20091,0.0
0.77175,-2.17232,0.0
0.77175,-2.14374,0.0
0.77175,-2.11516,0.0
0.77175,-2.08657,0.0
0.77175,-2.05799,0.0
0.77175,-2.02941,0.0
0.77175,-2.00082,0.0
0.77175,-1.97224,0.0
0.77175,-1.94366,0.0
0.77175,-1.91507,0.0
0.77175,-1.88649,0.0
0.77175,-1.85791,0.0
0.77175,-1.82933,0.0
0.77175,-1.80074,0.0
0.77175,-1.77216,0.0
0.77175,-1.74358,0.0
0.77175,-1.71499,0.0
0.77175,-1.68641,0.0
0.77175,-1.65783,0.0
0.77175,-1.62924,0.0
0.77175,-1.60066,0.0
0.77175,-1.57208,0.0
0.77175,-1.54349,0.0
0.77175,-1.51491,0.0
0.77175,-1.48633,0.0
0.77175,-1.45774,0.0
0.77175,-1.42916,0.0
0.77175,-1.40058,0.0
0.77175,-1.37199,0.0
0.77175,-1.34341,0.0
0.77175,-1.31483,0.0
0.77175,-1.28624,0.0
0.77175,-1.25766,0.0
0.77175,-1.22908,0.0
0.77175,-1.20049,0.0
0.77175,-1.17191,0.0
0.77175,-1.14333,0.0
0.77175,-1.11474,0.0
0.77175,-1.08616,0.0
0.77175,-1.05758,0.0
0.77175,-1.029,0.0
0.77175,-1.00041,0.0
0.77175,-0.97183,0.0
0.77175,-0.94325,0.0
0.77175,-0.91466,0.0
0.77175,-0.88608,0.0
0.77175,-0.8575,0.0
0.77175,-0.82891,0.0
0.77175,-0.80033,0.0
0.77175,-0.77175,0.0
0.77175,-0.74316,0.0
0.77175,-0.71458,0.0
0.77175,-0.686,0.0
0.77175,-0.65741,0.0
0.77175,-0.62883,0.0
0.77175,-0.60025,0.0
0.77175,-0.57166,0.0
0.77175,-0.54308,0.0
0.77175,-0.5145,0.0
0.77175,-0.48591,0.0
0.77175,-0.45733,0.0
0.77175,-0.42875,0.0
0.77175,-0.40016,0.0
0.77175,-0.37158,0.0
0.77175,-0.343,0.0
0.77175,-0.31442,0.0
0.77175,-0.28583,0.0
0.77175,-0.25725,0.0
0.77175,-0.22867,0.0
0.77175,-0.20008,0.0
0.77175,-0.1715,0.0
0.77175,-0.14292,0.0
0.77175,-0.11433,0.0
0.77175,-0.08575,0.0
0.77175,-0.05717,0.0
0.77175,-0.02858,0.0
0.77175,0,0.0
0.77175,0.02858,0.0
0.77175,0.05717,0.0
0.77175,0.08575,0.0
0.77175,0.11433,0.0
0.77175,0.14292,0.0
0.77175,0.1715,0.0
0.77175,0.20008,0.0
0.77175,0.22867,0.0
0.77175,0.25725,0.0
0.77175,0.28583,0.0
0.77175,0.31442,0.0
0.77175,0.343,0.0
0.77175,0.37158,0.0
0.77175,0.40016,0.0
0.77175,0.42875,0.0
0.77175,0.45733,0.0
0.77175,0.48591,0.0
0.77175,0.5145,0.0
0.77175,0.54308,0.0
0.77175,0.57166,0.0
0.77175,0.60025,0.0
0.77175,0.62883,0.0
0.77175,0.65741,0.0
0.77175,0.686,0.0
0.77175,0.71458,0.0
0.77175,0.74316,0.0
0.77175,0.77175,0.0
0.77175,0.80033,0.0
0.77175,0.82891,0.0
0.77175,0.8575,0.0
0.77175,0.88608,0.0
0.77175,0.91466,0.0
0.77175,0.94325,0.0
0.77175,0.97183,0.0
0.77175,1.00041,0.0
0.77175,1.029,0.0
0.77175,1.05758,0.0
0.77175,1.08616,0.0
0.77175,1.11474,0.0
0.77175,1.14333,0.0
0.77175,1.17191,0.0
0.77175,1.20049,0.0
0.77175,1.22908,0.0
0.77175,1.25766,0.0
0.77175,1.28624,0.0
0.77175,1.31483,0.0
0.77175,1.34341,0.0
0.77175,1.37199,0.0
0.77175,1.40058,0.0
0.77175,1.42916,0.0
0.77175,1.45774,0.0
0.77175,1.48633,0.0
0.77175,1.51491,0.0
0.77175,1.54349,0.0
0.77175,1.57208,0.0
0.77175,1.60066,0.0
0.77175,1.62924,0.0
0.77175,1.65783,0.0
0.77175,1.68641,0.0
0.77175,1.71499,0.0
0.77175,1.74358,0.0
0.77175,1.77216,0.0
0.77175,1.80074,0.0
0.77175,1.82933,0.0
0.77175,1.85791,0.0
0.77175,1.88649,0.0
0.77175,1.91507,0.0
0.77175,1.94366,0.0
0.77175,1.97224,0.0
0.77175,2.00082,0.0
0.77175,2.02941,0.0
0.77175,2.05799,0.0
0.77175,2.08657,0.0
0.77175,2.11516,0.0
0.77175,2.14374,0.0
0.77175,2.17232,0.0
0.77175,2.20091,0.0
0.77175,2.22949,0.0
0.77175,2.25807,0.0
0.77175,2.28666,0.0
0.77175,2.31524,0.0
0.77175,2.34382,0.0
0.77175,2.37241,0.0
0.77175,2.40099,0.0
0.77175,2.42957,0.0
0.77175,2.45816,0.0
0.77175,2.48674,0.0
0.77175,2.51532,0.0
0.77175,2.54391,0.0
0.77175,2.57249,0.0
0.77175,2.60107,0.0
0.77175,2.62965,0.0
0.77175,2.65824,0.0
0.77175,2.68682,0.0
0.80033,-2.65824,0.0
0.80033,-2.62965,0.0
0.80033,-2.60107,0.0
0.80033,-2.57249,0.0
0.80033,-2.54391,0.0
0.80033,-2.51532,0.0
0.80033,-2.48674,0.0
0.80033,-2.45816,0.0
0.80033,-2.42957,0.0
0.80033,-2.40099,0.0
0.80033,-2.37241,0.0
0.80033,-2.34382,0.0
0.80033,-2.31524,0.0
0.80033,-2.28666,0.0
0.80033,-2.25807,0.0
0.80033,-2.22949,0.0
0.80033,-2.20091,0.0
0.80033,-2.17232,0.0
0.80033,-2.14374,0.0
0.80033,-2.11516,0.0
0.80033,-2.08657,0.0
0.80033,-2.05799,0.0
0.80033,-2.02941,0.0
0.80033,-2.00082,0.0
0.80033,-1.97224,0.0
0.80033,-1.94366,0.0
0.80033,-1.91507,0.0
0.80033,-1.88649,0.0
0.80033,-1.85791,0.0
0.80033,-1.82933,0.0
0.80033,-1.80074,0.0
0.80033,-1.77216,0.0
0.80033,-1.74358,0.0
0.80033,-1.71499,0.0
0.80033,-1.68641,0.0
0.80033,-1.65783,0.0
0.80033,-1.62924,0.0
0.80033,-1.60066,0.0
0.80033,-1.57208,0.0
0.80033,-1.54349,0.0
0.80033,-1.51491,0.0
0.80033,-1.48633,0.0
0.80033,-1.45774,0.0
0.80033,-1.42916,0.0
0.80033,-1.40058,0.0
0.80033,-1.37199,0.0
0.80033,-1.34341,0.0
0.80033,-1.31483,0.0
0.80033,-1.28624,0.0
0.80033,-1.25766,0.0
0.80033,-1.22908,0.0
0.80033,-1.20049,0.0
0.80033,-1.17191,0.0
0.80033,-1.14333,0.0
0.80033,-1.11474,0.0
0.80033,-1.08616,0.0
0.80033,-1.05758,0.0
0.80033,-1.029,0.0
0.80033,-1.00041,0.0
0.80033,-0.97183,0.0
0.80033,-0.94325,0.0
0.80033,-0.91466,0.0
0.80033,-0.88608,0.0
0.80033,-0.8575,0.0
0.80033,-0.82891,0.0
0.80033,-0.80033,0.0
0.80033,-0.77175,0.0
0.80033,-0.74316,0.0
0.80033,-0.71458,0.0
0.80033,-0.686,0.0
0.80033,-0.65741,0.0
0.80033,-0.62883,0.0
0.80033,-0.60025,0.0
0.80033,-0.57166,0.0
0.80033,-0.54308,0.0
0.80033,-0.5145,0.0
0.80033,-0.48591,0.0
0.80033,-0.45733,0.0
0.80033,-0.42875,0.0
0.80033,-0.40016,0.0
0.80033,-0.37158,0.0
0.80033,-0.343,0.0
0.80033,-0.31442,0.0
0.80033,-0.28583,0.0
0.80033,-0.25725,0.0
0.80033,-0.22867,0.0
0.80033,-0.20008,0.0
0.80033,-0.1715,0.0
0.80033,-0.14292,0.0
0.80033,-0.11433,0.0
0.80033,-0.08575,0.0
0.80033,-0.05717,0.0
0.80033,-0.02858,0.0
0.80033,0,0.0
0.80033,0.02858,0.0
0.80033,0.05717,0.0
0.80033,0.08575,0.0
0.80033,0.11433,0.0
0.80033,0.14292,0.0
0.80033,0.1715,0.0
0.80033,0.20008,0.0
0.80033,0.22867,0.0
0.80033,0.25725,0.0
0.80033,0.28583,0.0
0.80033,0.31442,0.0
0.80033,0.343,0.0
0.80033,0.37158,0.0
0.80033,0.40016,0.0
0.80033,0.42875,0.0
0.80033,0.45733,0.0
0.80033,0.48591,0.0
0.80033,0.5145,0.0
0.80033,0.54308,0.0
0.80033,0.57166,0.0
0.80033,0.60025,0.0
0.80033,0.62883,0.0
0.80033,0.65741,0.0
0.80033,0.686,0.0
0.80033,0.71458,0.0
0.80033,0.74316,0.0
0.80033,0.77175,0.0
0.80033,0.80033,0.0
0.80033,0.82891,0.0
0.80033,0.8575,0.0
0.80033,0.88608,0.0
0.80033,0.91466,0.0
0.80033,0.94325,0.0
0.80033,0.97183,0.0
0.80033,1.00041,0.0
0.80033,1.029,0.0
0.80033,1.05758,0.0
0.80033,1.08616,0.0
0.80033,1.11474,0.0
0.80033,1.14333,0.0
0.80033,1.17191,0.0
0.80033,1.20049,0.0
0.80033,1.22908,0.0
0.80033,1.25766,0.0
0.80033,1.28624,0.0
0.80033,1.31483,0.0
0.80033,1.34341,0.0
0.80033,1.37199,0.0
0.80033,1.40058,0.0
0.80033,1.42916,0.0
0.80033,1.45774,0.0
0.80033,1.48633,0.0
0.80033,1.51491,0.0
0.80033,1.54349,0.0
0.80033,1.57208,0.0
0.80033,1.60066,0.0
0.80033,1.62924,0.0
0.80033,1.65783,0.0
0.80033,1.68641,0.0
0.80033,1.71499,0.0
0.80033,1.74358,0.0
0.80033,1.77216,0.0
0.80033,1.80074,0.0
0.80033,1.82933,0.0
0.80033,1.85791,0.0
0.80033,1.88649,0.0
0.80033,1.91507,0.0
0.80033,1.94366,0.0
0.80033,1.97224,0.0
0.80033,2.00082,0.0
0.80033,2.02941,0.0
0.80033,2.05799,0.0
0.80033,2.08657,0.0
0.80033,2.11516,0.0
0.80033,2.14374,0.0
0.80033,2.17232,0.0
0.80033,2.20091,0.0
0.80033,2.22949,0.0
0.80033,2.25807,0.0
0.80033,2.28666,0.0
0.80033,2.31524,0.0
0.80033,2.34382,0.0
0.80033,2.37241,0.0
0.80033,2.40099,0.0
0.80033,2.42957,0.0
0.80033,2.45816,0.0
0.80033,2.48674,0.0
0.80033,2.51532,0.0
0.80033,2.54391,0.0
0.80033,2.57249,0.0
0.80033,2.60107,0.0
0.80033,2.62965,0.0
0.80033,2.65824,0.0
0.82891,-2.65824,0.0
0.82891,-2.62965,0.0
0.82891,-2.60107,0.0
0.82891,-2.57249,0.0
0.82891,-2.54391,0.0
0.82891,-2.51532,0.0
0.82891,-2.48674,0.0
0.82891,-2.45816,0.0
0.82891,-2.42957,0.0
0.82891,-2.40099,0.0
0.82891,-2.37241,0.0
0.82891,-2.34382,0.0
0.82891,-2.31524,0.0
0.82891,-2.28666,0.0
0.82891,-2.25807,0.0
0.82891,-2.22949,0.0
0.82891,-2.20091,0.0
0.82891,-2.17232,0.0
0.82891,-2.14374,0.0
0.82891,-2.11516,0.0
0.82891,-2.08657,0.0
0.82891,-2.05799,0.0
0.82891,-2.02941,0.0
0.82891,-2.00082,0.0
0.82891,-1.97224,0.0
0.82891,-1.94366,0.0
0.82891,-1.91507,0.0
0.82891,-1.88649,0.0
0.82891,-1.85791,0.0
0.82891,-1.82933,0.0
0.82891,-1.80074,0.0
0.82891,-1.77216,0.0
0.82891,-1.74358,0.0
0.82891,-1.71499,0.0
0.82891,-1.68641,0.0
0.82891,-1.65783,0.0
0.82891,-1.62924,0.0
0.82891,-1.60066,0.0
0.82891,-1.57208,0.0
0.82891,-1.54349,0.0
0.82891,-1.51491,0.0
0.82891,-1.48633,0.0
0.82891,-1.45774,0.0
0.82891,-1.42916,0.0
0.82891,-1.40058,0.0
0.82891,-1.37199,0.0
0.82891,-1.34341,0.0
0.82891,-1.31483,0.0
0.82891,-1.28624,0.0
0.82891,-1.25766,0.0
0.82891,-1.22908,0.0
0.82891,-1.20049,0.0
0.82891,-1.17191,0.0
0.82891,-1.14333,0.0
0.82891,-1.11474,0.0
0.82891,-1.08616,0.0
0.82891,-1.05758,0.0
0.82891,-1.029,0.0
0.82891,-1.00041,0.0
0.82891,-0.97183,0.0
0.82891,-0.94325,0.0
0.82891,-0.91466,0.0
0.82891,-0.88608,0.0
0.82891,-0.8575,0.0
0.82891,-0.82891,0.0
0.82891,-0.80033,0.0
0.82891,-0.77175,0.0
0.82891,-0.74316,0.0
0.82891,-0.71458,0.0
0.82891,-0.686,0.0
0.82891,-0.65741,0.0
0.82891,-0.62883,0.0
0.82891,-0.60025,0.0
0.82891,-0.57166,0.0
0.82891,-0.54308,0.0
0.82891,-0.5145,0.0
0.82891,-0.48591,0.0
0.82891,-0.45733,0.0
0.82891,-0.42875,0.0
0.82891,-0.40016,0.0
0.82891,-0.37158,0.0
0.82891,-0.343,0.0
0.82891,-0.31442,0.0
0.82891,-0.28583,0.0
0.82891,-0.25725,0.0
0.82891,-0.22867,0.0
0.82891,-0.20008,0.0
0.82891,-0.1715,0.0
0.82891,-0.14292,0.0
0.82891,-0.11433,0.0
0.82891,-0.08575,0.0
0.82891,-0.05717,0.0
0.82891,-0.02858,0.0
0.82891,0,0.0
0.82891,0.02858,0.0
0.82891,0.05717,0.0
0.82891,0.08575,0.0
0.82891,0.11433,0.0
0.82891,0.14292,0.0
0.82891,0.1715,0.0
0.82891,0.20008,0.0
0.82891,0.22867,0.0
0.82891,0.25725,0.0
0.82891,0.28583,0.0
0.82891,0.31442,0.0
0.82891,0.343,0.0
0.82891,0.37158,0.0
0.82891,0.40016,0.0
0.82891,0.42875,0.0
0.82891,0.45733,0.0
0.82891,0.48591,0.0
0.82891,0.5145,0.0
0.82891,0.54308,0.0
0.82891,0.57166,0.0
0.82891,0.60025,0.0
0.82891,0.62883,0.0
0.82891,0.65741,0.0
0.82891,0.686,0.0
0.82891,0.71458,0.0
0.82891,0.74316,0.0
0.82891,0.77175,0.0
0.82891,0.80033,0.0
0.82891,0.82891,0.0
0.82891,0.8575,0.0
0.82891,0.88608,0.0
0.82891,0.91466,0.0
0.82891,0.94325,0.0
0.82891,0.97183,0.0
0.82891,1.00041,0.0
0.82891,1.029,0.0
0.82891,1.05758,0.0
0.82891,1.08616,0.0
0.82891,1.11474,0.0
0.82891,1.14333,0.0
0.82891,1.17191,0.0
0.82891,1.20049,0.0
0.82891,1.22908,0.0
0.82891,1.25766,0.0
0.82891,1.28624,0.0
0.82891,1.31483,0.0
0.82891,1.34341,0.0
0.82891,1.37199,0.0
0.82891,1.40058,0.0
0.82891,1.42916,0.0
0.82891,1.45774,0.0
0.82891,1.48633,0.0
0.82891,1.51491,0.0
0.82891,1.54349,0.0
0.82891,1.57208,0.0
0.82891,1.60066,0.0
0.82891,1.62924,0.0
0.82891,1.65783,0.0
0.82891,1.68641,0.0
0.82891,1.71499,0.0
0.82891,1.74358,0.0
0.82891,1.77216,0.0
0.82891,1.80074,0.0
0.82891,1.82933,0.0
0.82891,1.85791,0.0
0.82891,1.88649,0.0
0.82891,1.91507,0.0
0.82891,1.94366,0.0
0.82891,1.97224,0.0
0.82891,2.00082,0.0
0.82891,2.02941,0.0
0.82891,2.05799,0.0
0.82891,2.08657,0.0
0.82891,2.11516,0.0
0.82891,2.14374,0.0
0.82891,2.17232,0.0
0.82891,2.20091,0.0
0.82891,2.22949,0.0
0.82891,2.25807,0.0
0.82891,2.28666,0.0
0.82891,2.31524,0.0
0.82891,2.34382,0.0
0.82891,2.37241,0.0
0.82891,2.40099,0.0
0.82891,2.42957,0.0
0.82891,2.45816,0.0
0.82891,2.48674,0.0
0.82891,2.51532,0.0
0.82891,2.54391,0.0
0.82891,2.57249,0.0
0.82891,2.60107,0.0
0.82891,2.62965,0.0
0.82891,2.65824,0.0
0.8575,-2.65824,0.0
0.8575,-2.62965,0.0
0.8575,-2.60107,0.0
0.8575,-2.57249,0.0
0.8575,-2.54391,0.0
0.8575,-2.51532,0.0
0.8575,-2.48674,0.0
0.8575,-2.45816,0.0
0.8575,-2.42957,0.0
0.8575,-2.40099,0.0
0.8575,-2.37241,0.0
0.8575,-2.34382,0.0
0.8575,-2.31524,0.0
0.8575,-2.28666,0.0
0.8575,-2.25807,0.0
0.8575,-2.22949,0.0
0.8575,-2.20091,0.0
0.8575,-2.17232,0.0
0.8575,-2.14374,0.0
0.8575,-2.11516,0.0
0.8575,-2.08657,0.0
0.8575,-2.05799,0.0
0.8575,-2.02941,0.0
0.8575,-2.00082,0.0
0.8575,-1.97224,0.0
0.8575,-1.94366,0.0
0.8575,-1.91507,0.0
0.8575,-1.88649,0.0
0.8575,-1.85791,0.0
0.8575,-1.82933,0.0
0.8575,-1.80074,0.0
0.8575,-1.77216,0.0
0.8575,-1.74358,0.0
0.8575,-1.71499,0.0
0.8575,-1.68641,0.0
0.8575,-1.65783,0.0
0.8575,-1.62924,0.0
0.8575,-1.60066,0.0
0.8575,-1.57208,0.0
0.8575,-1.54349,0.0
0.8575,-1.51491,0.0
0.8575,-1.48633,0.0
0.8575,-1.45774,0.0
0.8575,-1.42916,0.0
0.8575,-1.40058,0.0
0.8575,-1.37199,0.0
0.8575,-1.34341,0.0
0.8575,-1.31483,0.0
0.8575,-1.28624,0.0
0.8575,-1.25766,0.0
0.8575,-1.22908,0.0
0.8575,-1.20049,0.0
0.8575,-1.17191,0.0
0.8575,-1.14333,0.0
0.8575,-1.11474,0.0
0.8575,-1.08616,0.0
0.8575,-1.05758,0.0
0.8575,-1.029,0.0
0.8575,-1.00041,0.0
0.8575,-0.97183,0.0
0.8575,-0.94325,0.0
0.8575,-0.91466,0.0
0.8575,-0.88608,0.0
0.8575,-0.8575,0.0
0.8575,-0.82891,0.0
0.8575,-0.80033,0.0
0.8575,-0.77175,0.0
0.8575,-0.74316,0.0
0.8575,-0.71458,0.0
0.8575,-0.686,0.0
0.8575,-0.65741,0.0
0.8575,-0.62883,0.0
0.8575,-0.60025,0.0
0.8575,-0.57166,0.0
0.8575,-0.54308,0.0
0.8575,-0.5145,0.0
0.8575,-0.48591,0.0
0.8575,-0.45733,0.0
0.8575,-0.42875,0.0
0.8575,-0.40016,0.0
0.8575,-0.37158,0.0
0.8575,-0.343,0.0
0.8575,-0.31442,0.0
0.8575,-0.28583,0.0
0.8575,-0.25725,0.0
0.8575,-0.22867,0.0
0.8575,-0.20008,0.0
0.8575,-0.1715,0.0
0.8575,-0.14292,0.0
0.8575,-0.11433,0.0
0.8575,-0.08575,0.0
0.8575,-0.05717,0.0
0.8575,-0.02858,0.0
0.8575,0,0.0
0.8575,0.02858,0.0
0.8575,0.05717,0.0
0.8575,0.08575,0.0
0.8575,0.11433,0.0
0.8575,0.14292,0.0
0.8575,0.1715,0.0
0.8575,0.20008,0.0
0.8575,0.22867,0.0
0.8575,0.25725,0.0
0.8575,0.28583,0.0
0.8575,0.31442,0.0
0.8575,0.343,0.0
0.8575,0.37158,0.0
0.8575,0.40016,0.0
0.8575,0.42875,0.0
0.8575,0.45733,0.0
0.8575,0.48591,0.0
0.8575,0.5145,0.0
0.8575,0.54308,0.0
0.8575,0.57166,0.0
0.8575,0.60025,0.0
0.8575,0.62883,0.0
0.8575,0.65741,0.0
0.8575,0.686,0.0
0.8575,0.71458,0.0
0.8575,0.74316,0.0
0.8575,0.77175,0.0
0.8575,0.80033,0.0
0.8575,0.82891,0.0
0.8575,0.8575,0.0
0.8575,0.88608,0.0
0.8575,0.91466,0.0
0.8575,0.94325,0.0
0.8575,0.97183,0.0
0.8575,1.00041,0.0
0.8575,1.029,0.0
0.8575,1.05758,0.0
0.8575,1.08616,0.0
0.8575,1.11474,0.0
0.8575,1.14333,0.0
0.8575,1.17191,0.0
0.8575,1.20049,0.0
0.8575,1.22908,0.0
0.8575,1.25766,0.0
0.8575,1.28624,0.0
0.8575,1.31483,0.0
0.8575,1.34341,0.0
0.8575,1.37199,0.0
0.8575,1.40058,0.0
0.8575,1.42916,0.0
0.8575,1.45774,0.0
0.8575,1.48633,0.0
0.8575,1.51491,0.0
0.8575,1.54349,0.0
0.8575,1.57208,0.0
0.8575,1.60066,0.0
0.8575,1.62924,0.0
0.8575,1.65783,0.0
0.8575,1.68641,0.0
0.8575,1.71499,0.0
0.8575,1.74358,0.0
0.8575,1.77216,0.0
0.8575,1.80074,0.0
0.8575,1.82933,0.0
0.8575,1.85791,0.0
0.8575,1.88649,0.0
0.8575,1.91507,0.0
0.8575,1.94366,0.0
0.8575,1.97224,0.0
0.8575,2.00082,0.0
0.8575,2.02941,0.0
0.8575,2.05799,0.0
0.8575,2.08657,0.0
0.8575,2.11516,0.0
0.8575,2.14374,0.0
0.8575,2.17232,0.0
0.8575,2.20091,0.0
0.8575,2.22949,0.0
0.8575,2.25807,0.0
0.8575,2.28666,0.0
0.8575,2.31524,0.0
0.8575,2.34382,0.0
0.8575,2.37241,0.0
0.8575,2.40099,0.0
0.8575,2.42957,0.0
0.8575,2.45816,0.0
0.8575,2.48674,0.0
0.8575,2.51532,0.0
0.8575,2.54391,0.0
0.8575,2.57249,0.0
0.8575,2.60107,0.0
0.8575,2.62965,0.0
0.8575,2.65824,0.0
0.88608,-2.62965,0.0
0.88608,-2.60107,0.0
0.88608,-2.57249,0.0
0.88608,-2.54391,0.0
0.88608,-2.51532,0.0
0.88608,-2.48674,0.0
0.88608,-2.45816,0.0
0.88608,-2.42957,0.0
0.88608,-2.40099,0.0
0.88608,-2.37241,0.0
0.88608,-2.34382,0.0
0.88608,-2.31524,0.0
0.88608,-2.28666,0.0
0.88608,-2.25807,0.0
0.88608,-2.22949,0.0
0.88608,-2.20091,0.0
0.88608,-2.17232,0.0
0.88608,-2.14374,0.0
0.88608,-2.11516,0.0
0.88608,-2.08657,0.0
0.88608,-2.05799,0.0
0.88608,-2.02941,0.0
0.88608,-2.00082,0.0
0.88608,-1.97224,0.0
0.88608,-1.94366,0.0
0.88608,-1.91507,0.0
0.88608,-1.88649,0.0
0.88608,-1.85791,0.0
0.88608,-1.82933,0.0
0.88608,-1.80074,0.0
0.88608,-1.77216,0.0
0.88608,-1.74358,0.0
0.88608,-1.71499,0.0
0.88608,-1.68641,0.0
0.88608,-1.65783,0.0
0.88608,-1.62924,0.0
0.88608,-1.60066,0.0
0.88608,-1.57208,0.0
0.88608,-1.54349,0.0
0.88608,-1.51491,0.0
0.88608,-1.48633,0.0
0.88608,-1.45774,0.0
0.88608,-1.42916,0.0
0.88608,-1.40058,0.0
0.88608,-1.37199,0.0
0.88608,-1.34341,0.0
0.88608,-1.31483,0.0
0.88608,-1.28624,0.0
0.88608,-1.25766,0.0
0.88608,-1.22908,0.0
0.88608,-1.20049,0.0
0.88608,-1.17191,0.0
0.88608,-1.14333,0.0
0.88608,-1.11474,0.0
0.88608,-1.08616,0.0
0.88608,-1.05758,0.0
0.88608,-1.029,0.0
0.88608,-1.00041,0.0
0.88608,-0.97183,0.0
0.88608,-0.94325,0.0
0.88608,-0.91466,0.0
0.88608,-0.88608,0.0
0.88608,-0.8575,0.0
0.88608,-0.82891,0.0
0.88608,-0.80033,0.0
0.88608,-0.77175,0.0
0.88608,-0.74316,0.0
0.88608,-0.71458,0.0
0.88608,-0.686,0.0
0.88608,-0.65741,0.0
0.88608,-0.62883,0.0
0.88608,-0.60025,0.0
0.88608,-0.57166,0.0
0.88608,-0.54308,0.0
0.88608,-0.5145,0.0
0.88608,-0.48591,0.0
0.88608,-0.45733,0.0
0.88608,-0.42875,0.0
0.88608,-0.40016,0.0
0.88608,-0.37158,0.0
0.88608,-0.343,0.0
0.88608,-0.31442,0.0
0.88608,-0.28583,0.0
0.88608,-0.25725,0.0
0.88608,-0.22867,0.0
0.88608,-0.20008,0.0
0.88608,-0.1715,0.0
0.88608,-0.14292,0.0
0.88608,-0.11433,0.0
0.88608,-0.08575,0.0
0.88608,-0.05717,0.0
0.88608,-0.02858,0.0
0.88608,0,0.0
0.88608,0.02858,0.0
0.88608,0.05717,0.0
0.88608,0.08575,0.0
0.88608,0.11433,0.0
0.88608,0.14292,0.0
0.88608,0.1715,0.0
0.88608,0.20008,0.0
0.88608,0.22867,0.0
0.88608,0.25725,0.0
0.88608,0.28583,0.0
0.88608,0.31442,0.0
0.88608,0.343,0.0
0.88608,0.37158,0.0
0.88608,0.40016,0.0
0.88608,0.42875,0.0
0.88608,0.45733,0.0
0.88608,0.48591,0.0
0.88608,0.5145,0.0
0.88608,0.54308,0.0
0.88608,0.57166,0.0
0.88608,0.60025,0.0
0.88608,0.62883,0.0
0.88608,0.65741,0.0
0.88608,0.686,0.0
0.88608,0.71458,0.0
0.88608,0.74316,0.0
0.88608,0.77175,0.0
0.88608,0.80033,0.0
0.88608,0.82891,0.0
0.88608,0.8575,0.0
0.88608,0.88608,0.0
0.88608,0.91466,0.0
0.88608,0.94325,0.0
0.88608,0.97183,0.0
0.88608,1.00041,0.0
0.88608,1.029,0.0
0.88608,1.05758,0.0
0.88608,1.08616,0.0
0.88608,1.11474,0.0
0.88608,1.14333,0.0
0.88608,1.17191,0.0
0.88608,1.20049,0.0
0.88608,1.22908,0.0
0.88608,1.25766,0.0
0.88608,1.28624,0.0
0.88608,1.31483,0.0
0.88608,1.34341,0.0
0.88608,1.37199,0.0
0.88608,1.40058,0.0
0.88608,1.42916,0.0
0.88608,1.45774,0.0
0.88608,1.48633,0.0
0.88608,1.51491,0.0
0.88608,1.54349,0.0
0.88608,1.57208,0.0
0.88608,1.60066,0.0
0.88608,1.62924,0.0
0.88608,1.65783,0.0
0.88608,1.68641,0.0
0.88608,1.71499,0.0
0.88608,1.74358,0.0
0.88608,1.77216,0.0
0.88608,1.80074,0.0
0.88608,1.82933,0.0
0.88608,1.85791,0.0
0.88608,1.88649,0.0
0.88608,1.91507,0.0
0.88608,1.94366,0.0
0.88608,1.97224,0.0
0.88608,2.00082,0.0
0.88608,2.02941,0.0
0.88608,2.05799,0.0
0.88608,2.08657,0.0
0.88608,2.11516,0.0
0.88608,2.14374,0.0
0.88608,2.17232,0.0
0.88608,2.20091,0.0
0.88608,2.22949,0.0
0.88608,2.25807,0.0
0.88608,2.28666,0.0
0.88608,2.31524,0.0
0.88608,2.34382,0.0
0.88608,2.37241,0.0
0.88608,2.40099,0.0
0.88608,2.42957,0.0
0.88608,2.45816,0.0
0.88608,2.48674,0.0
0.88608,2.51532,0.0
0.88608,2.54391,0.0
0.88608,2.57249,0.0
0.88608,2.60107,0.0
0.88608,2.62965,0.0
0.91466,-2.62965,0.0
0.91466,-2.60107,0.0
0.91466,-2.57249,0.0
0.91466,-2.54391,0.0
0.91466,-2.51532,0.0
0.91466,-2.48674,0.0
0.91466,-2.45816,0.0
0.91466,-2.42957,0.0
0.91466,-2.40099,0.0
0.91466,-2.37241,0.0
0.91466,-2.34382,0.0
0.91466,-2.31524,0.0
0.91466,-2.28666,0.0
0.91466,-2.25807,0.0
0.91466,-2.22949,0.0
0.91466,-2.20091,0.0
0.91466,-2.17232,0.0
0.91466,-2.14374,0.0
0.91466,-2.11516,0.0
0.91466,-2.08657,0.0
0.91466,-2.05799,0.0
0.91466,-2.02941,0.0
0.91466,-2.00082,0.0
0.91466,-1.97224,0.0
0.91466,-1.94366,0.0
0.91466,-1.91507,0.0
0.91466,-1.88649,0.0
0.91466,-1.85791,0.0
0.91466,-1.82933,0.0
0.91466,-1.80074,0.0
0.91466,-1.77216,0.0
0.91466,-1.74358,0.0
0.91466,-1.71499,0.0
0.91466,-1.68641,0.0
0.91466,-1.65783,0.0
0.91466,-1.62924,0.0
0.91466,-1.60066,0.0
0.91466,-1.57208,0.0
0.91466,-1.54349,0.0
0.91466,-1.51491,0.0
0.91466,-1.48633,0.0
0.91466,-1.45774,0.0
0.91466,-1.42916,0.0
0.91466,-1.40058,0.0
0.91466,-1.37199,0.0
0.91466,-1.34341,0.0
0.91466,-1.31483,0.0
0.91466,-1.28624,0.0
0.91466,-1.25766,0.0
0.91466,-1.22908,0.0
0.91466,-1.20049,0.0
0.91466,-1.17191,0.0
0.91466,-1.14333,0.0
0.91466,-1.11474,0.0
0.91466,-1.08616,0.0
0.91466,-1.05758,0.0
0.91466,-1.029,0.0
0.91466,-1.00041,0.0
0.91466,-0.97183,0.0
0.91466,-0.94325,0.0
0.91466,-0.91466,0.0
0.91466,-0.88608,0.0
0.91466,-0.8575,0.0
0.91466,-0.82891,0.0
0.91466,-0.80033,0.0
0.91466,-0.77175,0.0
0.91466,-0.74316,0.0
0.91466,-0.71458,0.0
0.91466,-0.686,0.0
0.91466,-0.65741,0.0
0.91466,-0.62883,0.0
0.91466,-0.60025,0.0
0.91466,-0.57166,0.0
0.91466,-0.54308,0.0
0.91466,-0.5145,0.0
0.91466,-0.48591,0.0
0.91466,-0.45733,0.0
0.91466,-0.42875,0.0
0.91466,-0.40016,0.0
0.91466,-0.37158,0.0
0.91466,-0.343,0.0
0.91466,-0.31442,0.0
0.91466,-0.28583,0.0
0.91466,-0.25725,0.0
0.91466,-0.22867,0.0
0.91466,-0.20008,0.0
0.91466,-0.1715,0.0
0.91466,-0.14292,0.0
0.91466,-0.11433,0.0
0.91466,-0.08575,0.0
0.91466,-0.05717,0.0
0.91466,-0.02858,0.0
0.91466,0,0.0
0.91466,0.02858,0.0
0.91466,0.05717,0.0
0.91466,0.08575,0.0
0.91466,0.11433,0.0
0.91466,0.14292,0.0
0.91466,0.1715,0.0
0.91466,0.20008,0.0
0.91466,0.22867,0.0
0.91466,0.25725,0.0
0.91466,0.28583,0.0
0.91466,0.31442,0.0
0.91466,0.343,0.0
0.91466,0.37158,0.0
0.91466,0.40016,0.0
0.91466,0.42875,0.0
0.91466,0.45733,0.0
0.91466,0.48591,0.0
0.91466,0.5145,0.0
0.91466,0.54308,0.0
0.91466,0.57166,0.0
0.91466,0.60025,0.0
0.91466,0.62883,0.0
0.91466,0.65741,0.0
0.91466,0.686,0.0
0.91466,0.71458,0.0
0.91466,0.74316,0.0
0.91466,0.77175,0.0
0.91466,0.80033,0.0
0.91466,0.82891,0.0
0.91466,0.8575,0.0
0.91466,0.88608,0.0
0.91466,0.91466,0.0
0.91466,0.94325,0.0
0.91466,0.97183,0.0
0.91466,1.00041,0.0
0.91466,1.029,0.0
0.91466,1.05758,0.0
0.91466,1.08616,0.0
0.91466,1.11474,0.0
0.91466,1.14333,0.0
0.91466,1.17191,0.0
0.91466,1.20049,0.0
0.91466,1.22908,0.0
0.91466,1.25766,0.0
0.91466,1.28624,0.0
0.91466,1.31483,0.0
0.91466,1.34341,0.0
0.91466,1.37199,0.0
0.91466,1.40058,0.0
0.91466,1.42916,0.0
0.91466,1.45774,0.0
0.91466,1.48633,0.0
0.91466,1.51491,0.0
0.91466,1.54349,0.0
0.91466,1.57208,0.0
0.91466,1.60066,0.0
0.91466,1.62924,0.0
0.91466,1.65783,0.0
0.91466,1.68641,0.0
0.91466,1.71499,0.0
0.91466,1.74358,0.0
0.91466,1.77216,0.0
0.91466,1.80074,0.0
0.91466,1.82933,0.0
0.91466,1.85791,0.0
0.91466,1.88649,0.0
0.91466,1.91507,0.0
0.91466,1.94366,0.0
0.91466,1.97224,0.0
0.91466,2.00082,0.0
0.91466,2.02941,0.0
0.91466,2.05799,0.0
0.91466,2.08657,0.0
0.91466,2.11516,0.0
0.91466,2.14374,0.0
0.91466,2.17232,0.0
0.91466,2.20091,0.0
0.91466,2.22949,0.0
0.91466,2.25807,0.0
0.91466,2.28666,0.0
0.91466,2.31524,0.0
0.91466,2.34382,0.0
0.91466,2.37241,0.0
0.91466,2.40099,0.0
0.91466,2.42957,0.0
0.91466,2.45816,0.0
0.91466,2.48674,0.0
0.91466,2.51532,0.0
0.91466,2.54391,0.0
0.91466,2.57249,0.0
0.91466,2.60107,0.0
0.91466,2.62965,0.0
0.94325,-2.62965,0.0
0.94325,-2.60107,0.0
0.94325,-2.57249,0.0
0.94325,-2.54391,0.0
0.94325,-2.51532,0.0
0.94325,-2.48674,0.0
0.94325,-2.45816,0.0
0.94325,-2.42957,0.0
0.94325,-2.40099,0.0
0.94325,-2.37241,0.0
0.94325,-2.34382,0.0
0.94325,-2.31524,0.0
0.94325,-2.28666,0.0
0.94325,-2.25807,0.0
0.94325,-2.22949,0.0
0.94325,-2.20091,0.0
0.94325,-2.17232,0.0
0.94325,-2.14374,0.0
0.94325,-2.11516,0.0
0.94325,-2.08657,0.0
0.94325,-2.05799,0.0
0.94325,-2.02941,0.0
0.94325,-2.00082,0.0
0.94325,-1.97224,0.0
0.94325,-1.94366,0.0
0.94325,-1.91507,0.0
0.94325,-1.88649,0.0
0.94325,-1.85791,0.0
0.94325,-1.82933,0.0
0.94325,-1.80074,0.0
0.94325,-1.77216,0.0
0.94325,-1.74358,0.0
0.94325,-1.71499,0.0
0.94325,-1.68641,0.0
0.94325,-1.65783,0.0
0.94325,-1.62924,0.0
0.94325,-1.60066,0.0
0.94325,-1.57208,0.0
0.94325,-1.54349,0.0
0.94325,-1.51491,0.0
0.94325,-1.48633,0.0
0.94325,-1.45774,0.0
0.94325,-1.42916,0.0
0.94325,-1.40058,0.0
0.94325,-1.37199,0.0
0.94325,-1.34341,0.0
0.94325,-1.31483,0.0
0.94325,-1.28624,0.0
0.94325,-1.25766,0.0
0.94325,-1.22908,0.0
0.94325,-1.20049,0.0
0.94325,-1.17191,0.0
0.94325,-1.14333,0.0
0.94325,-1.11474,0.0
0.94325,-1.08616,0.0
0.94325,-1.05758,0.0
0.94325,-1.029,0.0
0.94325,-1.00041,0.0
0.94325,-0.97183,0.0
0.94325,-0.94325,0.0
0.94325,-0.91466,0.0
0.94325,-0.88608,0.0
0.94325,-0.8575,0.0
0.94325,-0.82891,0.0
0.94325,-0.80033,0.0
0.94325,-0.77175,0.0
0.94325,-0.74316,0.0
0.94325,-0.71458,0.0
0.94325,-0.686,0.0
0.94325,-0.65741,0.0
0.94325,-0.62883,0.0
0.94325,-0.60025,0.0
0.94325,-0.57166,0.0
0.94325,-0.54308,0.0
0.94325,-0.5145,0.0
0.94325,-0.48591,0.0
0.94325,-0.45733,0.0
0.94325,-0.42875,0.0
0.94325,-0.40016,0.0
0.94325,-0.37158,0.0
0.94325,-0.343,0.0
0.94325,-0.31442,0.0
0.94325,-0.28583,0.0
0.94325,-0.25725,0.0
0.94325,-0.22867,0.0
0.94325,-0.20008,0.0
0.94325,-0.1715,0.0
0.94325,-0.14292,0.0
0.94325,-0.11433,0.0
0.94325,-0.08575,0.0
0.94325,-0.05717,0.0
0.94325,-0.02858,0.0
0.94325,0,0.0
0.94325,0.02858,0.0
0.94325,0.05717,0.0
0.94325,0.08575,0.0
0.94325,0.11433,0.0
0.94325,0.14292,0.0
0.94325,0.1715,0.0
0.94325,0.20008,0.0
0.94325,0.22867,0.0
0.94325,0.25725,0.0
0.94325,0.28583,0.0
0.94325,0.31442,0.0
0.94325,0.343,0.0
0.94325,0.37158,0.0
0.94325,0.40016,0.0
0.94325,0.42875,0.0
0.94325,0.45733,0.0
0.94325,0.48591,0.0
0.94325,0.5145,0.0
0.94325,0.54308,0.0
0.94325,0.57166,0.0
0.94325,0.60025,0.0
0.94325,0.62883,0.0
0.94325,0.65741,0.0
0.94325,0.686,0.0
0.94325,0.71458,0.0
0.94325,0.74316,0.0
0.94325,0.77175,0.0
0.94325,0.80033,0.0
0.94325,0.82891,0.0
0.94325,0.8575,0.0
0.94325,0.88608,0.0
0.94325,0.91466,0.0
0.94325,0.94325,0.0
0.94325,0.97183,0.0
0.94325,1.00041,0.0
0.94325,1.029,0.0
0.94325,1.05758,0.0
0.94325,1.08616,0.0
0.94325,1.11474,0.0
0.94325,1.14333,0.0
0.94325,1.17191,0.0
0.94325,1.20049,0.0
0.94325,1.22908,0.0
0.94325,1.25766,0.0
0.94325,1.28624,0.0
0.94325,1.31483,0.0
0.94325,1.34341,0.0
0.94325,1.37199,0.0
0.94325,1.40058,0.0
0.94325,1.42916,0.0
0.94325,1.45774,0.0
0.94325,1.48633,0.0
0.94325,1.51491,0.0
0.94325,1.54349,0.0
0.94325,1.57208,0.0
0.94325,1.60066,0.0
0.94325,1.62924,0.0
0.94325,1.65783,0.0
0.94325,1.68641,0.0
0.94325,1.71499,0.0
0.94325,1.74358,0.0
0.94325,1.77216,0.0
0.94325,1.80074,0.0
0.94325,1.82933,0.0
0.94325,1.85791,0.0
0.94325,1.88649,0.0
0.94325,1.91507,0.0
0.94325,1.94366,0.0
0.94325,1.97224,0.0
0.94325,2.00082,0.0
0.94325,2.02941,0.0
0.94325,2.05799,0.0
0.94325,2.08657,0.0
0.94325,2.11516,0.0
0.94325,2.14374,0.0
0.94325,2.17232,0.0
0.94325,2.20091,0.0
0.94325,2.22949,0.0
0.94325,2.25807,0.0
0.94325,2.28666,0.0
0.94325,2.31524,0.0
0.94325,2.34382,0.0
0.94325,2.37241,0.0
0.94325,2.40099,0.0
0.94325,2.42957,0.0
0.94325,2.45816,0.0
0.94325,2.48674,0.0
0.94325,2.51532,0.0
0.94325,2.54391,0.0
0.94325,2.57249,0.0
0.94325,2.60107,0.0
0.94325,2.62965,0.0
0.97183,-2.60107,0.0
0.97183,-2.57249,0.0
0.97183,-2.54391,0.0
0.97183,-2.51532,0.0
0.97183,-2.48674,0.0
0.97183,-2.45816,0.0
0.97183,-2.42957,0.0
0.97183,-2.40099,0.0
0.97183,-2.37241,0.0
0.97183,-2.34382,0.0
0.97183,-2.31524,0.0
0.97183,-2.28666,0.0
0.97183,-2.25807,0.0
0.97183,-2.22949,0.0
0.97183,-2.20091,0.0
0.97183,-2.17232,0.0
0.97183,-2.14374,0.0
0.97183,-2.11516,0.0
0.97183,-2.08657,0.0
0.97183,-2.05799,0.0
0.97183,-2.02941,0.0
0.97183,-2.00082,0.0
0.97183,-1.97224,0.0
0.97183,-1.94366,0.0
0.97183,-1.91507,0.0
0.97183,-1.88649,0.0
0.97183,-1.85791,0.0
0.97183,-1.82933,0.0
0.97183,-1.80074,0.0
0.97183,-1.77216,0.0
0.97183,-1.74358,0.0
0.97183,-1.71499,0.0
0.97183,-1.68641,0.0
0.97183,-1.65783,0.0
0.97183,-1.62924,0.0
0.97183,-1.60066,0.0
0.97183,-1.57208,0.0
0.97183,-1.54349,0.0
0.97183,-1.51491,0.0
0.97183,-1.48633,0.0
0.97183,-1.45774,0.0
0.97183,-1.42916,0.0
0.97183,-1.40058,0.0
0.97183,-1.37199,0.0
0.97183,-1.34341,0.0
0.97183,-1.31483,0.0
0.97183,-1.28624,0.0
0.97183,-1.25766,0.0
0.97183,-1.22908,0.0
0.97183,-1.20049,0.0
0.97183,-1.17191,0.0
0.97183,-1.14333,0.0
0.97183,-1.11474,0.0
0.97183,-1.08616,0.0
0.97183,-1.05758,0.0
0.97183,-1.029,0.0
0.97183,-1.00041,0.0
0.97183,-0.97183,0.0
0.97183,-0.94325,0.0
0.97183,-0.91466,0.0
0.97183,-0.88608,0.0
0.97183,-0.8575,0.0
0.97183,-0.82891,0.0
0.97183,-0.80033,0.0
0.97183,-0.77175,0.0
0.97183,-0.74316,0.0
0.97183,-0.71458,0.0
0.97183,-0.686,0.0
0.97183,-0.65741,0.0
0.97183,-0.62883,0.0
0.97183,-0.60025,0.0
0.97183,-0.57166,0.0
0.97183,-0.54308,0.0
0.97183,-0.5145,0.0
0.97183,-0.48591,0.0
0.97183,-0.45733,0.0
0.97183,-0.42875,0.0
0.97183,-0.40016,0.0
0.97183,-0.37158,0.0
0.97183,-0.343,0.0
0.97183,-0.31442,0.0
0.97183,-0.28583,0.0
0.97183,-0.25725,0.0
0.97183,-0.22867,0.0
0.97183,-0.20008,0.0
0.97183,-0.1715,0.0
0.97183,-0.14292,0.0
0.97183,-0.11433,0.0
0.97183,-0.08575,0.0
0.97183,-0.05717,0.0
0.97183,-0.02858,0.0
0.97183,0,0.0
0.97183,0.02858,0.0
0.97183,0.05717,0.0
0.97183,0.08575,0.0
0.97183,0.11433,0.0
0.97183,0.14292,0.0
0.97183,0.1715,0.0
0.97183,0.20008,0.0
0.97183,0.22867,0.0
0.97183,0.25725,0.0
0.97183,0.28583,0.0
0.97183,0.31442,0.0
0.97183,0.343,0.0
0.97183,0.37158,0.0
0.97183,0.40016,0.0
0.97183,0.42875,0.0
0.97183,0.45733,0.0
0.97183,0.48591,0.0
0.97183,0.5145,0.0
0.97183,0.54308,0.0
0.97183,0.57166,0.0
0.97183,0.60025,0.0
0.97183,0.62883,0.0
0.97183,0.65741,0.0
0.97183,0.686,0.0
0.97183,0.71458,0.0
0.97183,0.74316,0.0
0.97183,0.77175,0.0
0.97183,0.80033,0.0
0.97183,0.82891,0.0
0.97183,0.8575,0.0
0.97183,0.88608,0.0
0.97183,0.91466,0.0
0.97183,0.94325,0.0
0.97183,0.97183,0.0
0.97183,1.00041,0.0
0.97183,1.029,0.0
0.97183,1.05758,0.0
0.97183,1.08616,0.0
0.97183,1.11474,0.0
0.97183,1.14333,0.0
0.97183,1.17191,0.0
0.97183,1.20049,0.0
0.97183,1.22908,0.0
0.97183,1.25766,0.0
0.97183,1.28624,0.0
0.97183,1.31483,0.0
0.97183,1.34341,0.0
0.97183,1.37199,0.0
0.97183,1.40058,0.0
0.97183,1.42916,0.0
0.97183,1.45774,0.0
0.97183,1.48633,0.0
0.97183,1.51491,0.0
0.97183,1.54349,0.0
0.97183,1.57208,0.0
0.97183,1.60066,0.0
0.97183,1.62924,0.0
0.97183,1.65783,0.0
0.97183,1.68641,0.0
0.97183,1.71499,0.0
0.97183,1.74358,0.0
0.97183,1.77216,0.0
0.97183,1.80074,0.0
0.97183,1.82933,0.0
0.97183,1.85791,0.0
0.97183,1.88649,0.0
0.97183,1.91507,0.0
0.97183,1.94366,0.0
0.97183,1.97224,0.0
0.97183,2.00082,0.0
0.97183,2.02941,0.0
0.97183,2.05799,0.0
0.97183,2.08657,0.0
0.97183,2.11516,0.0
0.97183,2.14374,0.0
0.97183,2.17232,0.0
0.97183,2.20091,0.0
0.97183,2.22949,0.0
0.97183,2.25807,0.0
0.97183,2.28666,0.0
0.97183,2.31524,0.0
0.97183,2.34382,0.0
0.97183,2.37241,0.0
0.97183,2.40099,0.0
0.97183,2.42957,0.0
0.97183,2.45816,0.0
0.97183,2.48674,0.0
0.97183,2.51532,0.0
0.97183,2.54391,0.0
0.97183,2.57249,0.0
0.97183,2.60107,0.0
1.00041,-2.60107,0.0
1.00041,-2.57249,0.0
1.00041,-2.54391,0.0
1.00041,-2.51532,0.0
1.00041,-2.48674,0.0
1.00041,-2.45816,0.0
1.00041,-2.42957,0.0
1.00041,-2.40099,0.0
1.00041,-2.37241,0.0
1.00041,-2.34382,0.0
1.00041,-2.31524,0.0
1.00041,-2.28666,0.0
1.00041,-2.25807,0.0
1.00041,-2.22949,0.0
1.00041,-2.20091,0.0
1.00041,-2.17232,0.0
1.00041,-2.14374,0.0
1.00041,-2.11516,0.0
1.00041,-2.08657,0.0
1.00041,-2.05799,0.0
1.00041,-2.02941,0.0
1.00041,-2.00082,0.0
1.00041,-1.97224,0.0
1.00041,-1.94366,0.0
1.00041,-1.91507,0.0
1.00041,-1.88649,0.0
1.00041,-1.85791,0.0
1.00041,-1.82933,0.0
1.00041,-1.80074,0.0
1.00041,-1.77216,0.0
1.00041,-1.74358,0.0
1.00041,-1.71499,0.0
1.00041,-1.68641,0.0
1.00041,-1.65783,0.0
1.00041,-1.62924,0.0
1.00041,-1.60066,0.0
1.00041,-1.57208,0.0
1.00041,-1.54349,0.0
1.00041,-1.51491,0.0
1.00041,-1.48633,0.0
1.00041,-1.45774,0.0
1.00041,-1.42916,0.0
1.00041,-1.40058,0.0
1.00041,-1.37199,0.0
1.00041,-1.34341,0.0
1.00041,-1.31483,0.0
1.00041,-1.28624,0.0
1.00041,-1.25766,0.0
1.00041,-1.22908,0.0
1.00041,-1.20049,0.0
1.00041,-1.17191,0.0
1.00041,-1.14333,0.0
1.00041,-1.11474,0.0
1.00041,-1.08616,0.0
1.00041,-1.05758,0.0
1.00041,-1.029,0.0
1.00041,-1.00041,0.0
1.00041,-0.97183,0.0
1.00041,-0.94325,0.0
1.00041,-0.91466,0.0
1.00041,-0.88608,0.0
1.00041,-0.8575,0.0
1.00041,-0.82891,0.0
1.00041,-0.80033,0.0
1.00041,-0.77175,0.0
1.00041,-0.74316,0.0
1.00041,-0.71458,0.0
1.00041,-0.686,0.0
1.00041,-0.65741,0.0
1.00041,-0.62883,0.0
1.00041,-0.60025,0.0
1.00041,-0.57166,0.0
1.00041,-0.54308,0.0
1.00041,-0.5145,0.0
1.00041,-0.48591,0.0
1.00041,-0.45733,0.0
1.00041,-0.42875,0.0
1.00041,-0.40016,0.0
1.00041,-0.37158,0.0
1.00041,-0.343,0.0
1.00041,-0.31442,0.0
1.00041,-0.28583,0.0
1.00041,-0.25725,0.0
1.00041,-0.22867,0.0
1.00041,-0.20008,0.0
1.00041,-0.1715,0.0
1.00041,-0.14292,0.0
1.00041,-0.11433,0.0
1.00041,-0.08575,0.0
1.00041,-0.05717,0.0
1.00041,-0.02858,0.0
1.00041,0,0.0
1.00041,0.02858,0.0
1.00041,0.05717,0.0
1.00041,0.08575,0.0
1.00041,0.11433,0.0
1.00041,0.14292,0.0
1.00041,0.1715,0.0
1.00041,0.20008,0.0
1.00041,0.22867,0.0
1.00041,0.25725,0.0
1.00041,0.28583,0.0
1.00041,0.31442,0.0
1.00041,0.343,0.0
1.00041,0.37158,0.0
1.00041,0.40016,0.0
1.00041,0.42875,0.0
1.00041,0.45733,0.0
1.00041,0.48591,0.0
1.00041,0.5145,0.0
1.00041,0.54308,0.0
1.00041,0.57166,0.0
1.00041,0.60025,0.0
1.00041,0.62883,0.0
1.00041,0.65741,0.0
1.00041,0.686,0.0
1.00041,0.71458,0.0
1.00041,0.74316,0.0
1.00041,0.77175,0.0
1.00041,0.80033,0.0
1.00041,0.82891,0.0
1.00041,0.8575,0.0
1.00041,0.88608,0.0
1.00041,0.91466,0.0
1.00041,0.94325,0.0
1.00041,0.97183,0.0
1.00041,1.00041,0.0
1.00041,1.029,0.0
1.00041,1.05758,0.0
1.00041,1.08616,0.0
1.00041,1.11474,0.0
1.00041,1.14333,0.0
1.00041,1.17191,0.0
1.00041,1.20049,0.0
1.00041,1.22908,0.0
1.00041,1.25766,0.0
1.00041,1.28624,0.0
1.00041,1.31483,0.0
1.00041,1.34341,0.0
1.00041,1.37199,0.0
1.00041,1.40058,0.0
1.00041,1.42916,0.0
1.00041,1.45774,0.0
1.00041,1.48633,0.0
1.00041,1.51491,0.0
1.00041,1.54349,0.0
1.00041,1.57208,0.0
1.00041,1.60066,0.0
1.00041,1.62924,0.0
1.00041,1.65783,0.0
1.00041,1.68641,0.0
1.00041,1.71499,0.0
1.00041,1.74358,0.0
1.00041,1.77216,0.0
1.00041,1.80074,0.0
1.00041,1.82933,0.0
1.00041,1.85791,0.0
1.00041,1.88649,0.0
1.00041,1.91507,0.0
1.00041,1.94366,0.0
1.00041,1.97224,0.0
1.00041,2.00082,0.0
1.00041,2.02941,0.0
1.00041,2.05799,0.0
1.00041,2.08657,0.0
1.00041,2.11516,0.0
1.00041,2.14374,0.0
1.00041,2.17232,0.0
1.00041,2.20091,0.0
1.00041,2.22949,0.0
1.00041,2.25807,0.0
1.00041,2.28666,0.0
1.00041,2.31524,0.0
1.00041,2.34382,0.0
1.00041,2.37241,0.0
1.00041,2.40099,0.0
1.00041,2.42957,0.0
1.00041,2.45816,0.0
1.00041,2.48674,0.0
1.00041,2.51532,0.0
1.00041,2.54391,0.0
1.00041,2.57249,0.0
1.00041,2.60107,0.0
1.029,-2.60107,0.0
1.029,-2.57249,0.0
1.029,-2.54391,0.0
1.029,-2.51532,0.0
1.029,-2.48674,0.0
1.029,-2.45816,0.0
1.029,-2.42957,0.0
1.029,-2.40099,0.0
1.029,-2.37241,0.0
1.029,-2.34382,0.0
1.029,-2.31524,0.0
1.029,-2.28666,0.0
1.029,-2.25807,0.0
1.029,-2.22949,0.0
1.029,-2.20091,0.0
1.029,-2.17232,0.0
1.029,-2.14374,0.0
1.029,-2.11516,0.0
1.029,-2.08657,0.0
1.029,-2.05799,0.0
1.029,-2.02941,0.0
1.029,-2.00082,0.0
1.029,-1.97224,0.0
1.029,-1.94366,0.0
1.029,-1.91507,0.0
1.029,-1.88649,0.0
1.029,-1.85791,0.0
1.029,-1.82933,0.0
1.029,-1.80074,0.0
1.029,-1.77216,0.0
1.029,-1.74358,0.0
1.029,-1.71499,0.0
1.029,-1.68641,0.0
1.029,-1.65783,0.0
1.029,-1.62924,0.0
1.029,-1.60066,0.0
1.029,-1.57208,0.0
1.029,-1.54349,0.0
1.029,-1.51491,0.0
1.029,-1.48633,0.0
1.029,-1.45774,0.0
1.029,-1.42916,0.0
1.029,-1.40058,0.0
1.029,-1.37199,0.0
1.029,-1.34341,0.0
1.029,-1.31483,0.0
1.029,-1.28624,0.0
1.029,-1.25766,0.0
1.029,-1.22908,0.0
1.029,-1.20049,0.0
1.029,-1.17191,0.0
1.029,-1.14333,0.0
1.029,-1.11474,0.0
1.029,-1.08616,0.0
1.029,-1.05758,0.0
1.029,-1.029,0.0
1.029,-1.00041,0.0
1.029,-0.97183,0.0
1.029,-0.94325,0.0
1.029,-0.91466,0.0
1.029,-0.88608,0.0
1.029,-0.8575,0.0
1.029,-0.82891,0.0
1.029,-0.80033,0.0
1.029,-0.77175,0.0
1.029,-0.74316,0.0
1.029,-0.71458,0.0
1.029,-0.686,0.0
1.029,-0.65741,0.0
1.029,-0.62883,0.0
1.029,-0.60025,0.0
1.029,-0.57166,0.0
1.029,-0.54308,0.0
1.029,-0.5145,0.0
1.029,-0.48591,0.0
1.029,-0.45733,0.0
1.029,-0.42875,0.0
1.029,-0.40016,0.0
1.029,-0.37158,0.0
1.029,-0.343,0.0
1.029,-0.31442,0.0
1.029,-0.28583,0.0
1.029,-0.25725,0.0
1.029,-0.22867,0.0
1.029,-0.20008,0.0
1.029,-0.1715,0.0
1.029,-0.14292,0.0
1.029,-0.11433,0.0
1.029,-0.08575,0.0
1.029,-0.05717,0.0
1.029,-0.02858,0.0
1.029,0,0.0
1.029,0.02858,0.0
1.029,0.05717,0.0
1.029,0.08575,0.0
1.029,0.11433,0.0
1.029,0.14292,0.0
1.029,0.1715,0.0
1.029,0.20008,0.0
1.029,0.22867,0.0
1.029,0.25725,0.0
1.029,0.28583,0.0
1.029,0.31442,0.0
1.029,0.343,0.0
1.029,0.37158,0.0
1.029,0.40016,0.0
1.029,0.42875,0.0
1.029,0.45733,0.0
1.029,0.48591,0.0
1.029,0.5145,0.0
1.029,0.54308,0.0
1.029,0.57166,0.0
1.029,0.60025,0.0
1.029,0.62883,0.0
1.029,0.65741,0.0
1.029,0.686,0.0
1.029,0.71458,0.0
1.029,0.74316,0.0
1.029,0.77175,0.0
1.029,0.80033,0.0
1.029,0.82891,0.0
1.029,0.8575,0.0
1.029,0.88608,0.0
1.029,0.91466,0.0
1.029,0.94325,0.0
1.029,0.97183,0.0
1.029,1.00041,0.0
1.029,1.029,0.0
1.029,1.05758,0.0
1.029,1.08616,0.0
1.029,1.11474,0.0
1.029,1.14333,0.0
1.029,1.17191,0.0
1.029,1.20049,0.0
1.029,1.22908,0.0
1.029,1.25766,0.0
1.029,1.28624,0.0
1.029,1.31483,0.0
1.029,1.34341,0.0
1.029,1.37199,0.0
1.029,1.40058,0.0
1.029,1.42916,0.0
1.029,1.45774,0.0
1.029,1.48633,0.0
1.029,1.51491,0.0
1.029,1.54349,0.0
1.029,1.57208,0.0
1.029,1.60066,0.0
1.029,1.62924,0.0
1.029,1.65783,0.0
1.029,1.68641,0.0
1.029,1.71499,0.0
1.029,1.74358,0.0
1.029,1.77216,0.0
1.029,1.80074,0.0
1.029,1.82933,0.0
1.029,1.85791,0.0
1.029,1.88649,0.0
1.029,1.91507,0.0
1.029,1.94366,0.0
1.029,1.97224,0.0
1.029,2.00082,0.0
1.029,2.02941,0.0
1.029,2.05799,0.0
1.029,2.08657,0.0
1.029,2.11516,0.0
1.029,2.14374,0.0
1.029,2.17232,0.0
1.029,2.20091,0.0
1.029,2.22949,0.0
1.029,2.25807,0.0
1.029,2.28666,0.0
1.029,2.31524,0.0
1.029,2.34382,0.0
1.029,2.37241,0.0
1.029,2.40099,0.0
1.029,2.42957,0.0
1.029,2.45816,0.0
1.029,2.48674,0.0
1.029,2.51532,0.0
1.029,2.54391,0.0
1.029,2.57249,0.0
1.029,2.60107,0.0
1.05758,-2.57249,0.0
1.05758,-2.54391,0.0
1.05758,-2.51532,0.0
1.05758,-2.48674,0.0
1.05758,-2.45816,0.0
1.05758,-2.42957,0.0
1.05758,-2.40099,0.0
1.05758,-2.37241,0.0
1.05758,-2.34382,0.0
1.05758,-2.31524,0.0
1.05758,-2.28666,0.0
1.05758,-2.25807,0.0
1.05758,-2.22949,0.0
1.05758,-2.20091,0.0
1.05758,-2.17232,0.0
1.05758,-2.14374,0.0
1.05758,-2.11516,0.0
1.05758,-2.08657,0.0
1.05758,-2.05799,0.0
1.05758,-2.02941,0.0
1.05758,-2.00082,0.0
1.05758,-1.97224,0.0
1.05758,-1.94366,0.0
1.05758,-1.91507,0.0
1.05758,-1.88649,0.0
1.05758,-1.85791,0.0
1.05758,-1.82933,0.0
1.05758,-1.80074,0.0
1.05758,-1.77216,0.0
1.05758,-1.74358,0.0
1.05758,-1.71499,0.0
1.05758,-1.68641,0.0
1.05758,-1.65783,0.0
1.05758,-1.62924,0.0
1.05758,-1.60066,0.0
1.05758,-1.57208,0.0
1.05758,-1.54349,0.0
1.05758,-1.51491,0.0
1.05758,-1.48633,0.0
1.05758,-1.45774,0.0
1.05758,-1.42916,0.0
1.05758,-1.40058,0.0
1.05758,-1.37199,0.0
1.05758,-1.34341,0.0
1.05758,-1.31483,0.0
1.05758,-1.28624,0.0
1.05758,-1.25766,0.0
1.05758,-1.22908,0.0
1.05758,-1.20049,0.0
1.05758,-1.17191,0.0
1.05758,-1.14333,0.0
1.05758,-1.11474,0.0
1.05758,-1.08616,0.0
1.05758,-1.05758,0.0
1.05758,-1.029,0.0
1.05758,-1.00041,0.0
1.05758,-0.97183,0.0
1.05758,-0.94325,0.0
1.05758,-0.91466,0.0
1.05758,-0.88608,0.0
1.05758,-0.8575,0.0
1.05758,-0.82891,0.0
1.05758,-0.80033,0.0
1.05758,-0.77175,0.0
1.05758,-0.74316,0.0
1.05758,-0.71458,0.0
1.05758,-0.686,0.0
1.05758,-0.65741,0.0
1.05758,-0.62883,0.0
1.05758,-0.60025,0.0
1.05758,-0.57166,0.0
1.05758,-0.54308,0.0
1.05758,-0.5145,0.0
1.05758,-0.48591,0.0
1.05758,-0.45733,0.0
1.05758,-0.42875,0.0
1.05758,-0.40016,0.0
1.05758,-0.37158,0.0
1.05758,-0.343,0.0
1.05758,-0.31442,0.0
1.05758,-0.28583,0.0
1.05758,-0.25725,0.0
1.05758,-0.22867,0.0
1.05758,-0.20008,0.0
1.05758,-0.1715,0.0
1.05758,-0.14292,0.0
1.05758,-0.11433,0.0
1.05758,-0.08575,0.0
1.05758,-0.05717,0.0
1.05758,-0.02858,0.0
1.05758,0,0.0
1.05758,0.02858,0.0
1.05758,0.05717,0.0
1.05758,0.08575,0.0
1.05758,0.11433,0.0
1.05758,0.14292,0.0
1.05758,0.1715,0.0
1.05758,0.20008,0.0
1.05758,0.22867,0.0
1.05758,0.25725,0.0
1.05758,0.28583,0.0
1.05758,0.31442,0.0
1.05758,0.343,0.0
1.05758,0.37158,0.0
1.05758,0.40016,0.0
1.05758,0.42875,0.0
1.05758,0.45733,0.0
1.05758,0.48591,0.0
1.05758,0.5145,0.0
1.05758,0.54308,0.0
1.05758,0.57166,0.0
1.05758,0.60025,0.0
1.05758,0.62883,0.0
1.05758,0.65741,0.0
1.05758,0.686,0.0
1.05758,0.71458,0.0
1.05758,0.74316,0.0
1.05758,0.77175,0.0
1.05758,0.80033,0.0
1.05758,0.82891,0.0
1.05758,0.8575,0.0
1.05758,0.88608,0.0
1.05758,0.91466,0.0
1.05758,0.94325,0.0
1.05758,0.97183,0.0
1.05758,1.00041,0.0
1.05758,1.029,0.0
1.05758,1.05758,0.0
1.05758,1.08616,0.0
1.05758,1.11474,0.0
1.05758,1.14333,0.0
1.05758,1.17191,0.0
1.05758,1.20049,0.0
1.05758,1.22908,0.0
1.05758,1.25766,0.0
1.05758,1.28624,0.0
1.05758,1.31483,0.0
1.05758,1.34341,0.0
1.05758,1.37199,0.0
1.05758,1.40058,0.0
1.05758,1.42916,0.0
1.05758,1.45774,0.0
1.05758,1.48633,0.0
1.05758,1.51491,0.0
1.05758,1.54349,0.0
1.05758,1.57208,0.0
1.05758,1.60066,0.0
1.05758,1.62924,0.0
1.05758,1.65783,0.0
1.05758,1.68641,0.0
1.05758,1.71499,0.0
1.05758,1.74358,0.0
1.05758,1.77216,0.0
1.05758,1.80074,0.0
1.05758,1.82933,0.0
1.05758,1.85791,0.0
1.05758,1.88649,0.0
1.05758,1.91507,0.0
1.05758,1.94366,0.0
1.05758,1.97224,0.0
1.05758,2.00082,0.0
1.05758,2.02941,0.0
1.05758,2.05799,0.0
1.05758,2.08657,0.0
1.05758,2.11516,0.0
1.05758,2.14374,0.0
1.05758,2.17232,0.0
1.05758,2.20091,0.0
1.05758,2.22949,0.0
1.05758,2.25807,0.0
1.05758,2.28666,0.0
1.05758,2.31524,0.0
1.05758,2.34382,0.0
1.05758,2.37241,0.0
1.05758,2.40099,0.0
1.05758,2.42957,0.0
1.05758,2.45816,0.0
1.05758,2.48674,0.0
1.05758,2.51532,0.0
1.05758,2.54391,0.0
1.05758,2.57249,0.0
1.08616,-2.57249,0.0
1.08616,-2.54391,0.0
1.08616,-2.51532,0.0
1.08616,-2.48674,0.0
1.08616,-2.45816,0.0
1.08616,-2.42957,0.0
1.08616,-2.40099,0.0
1.08616,-2.37241,0.0
1.08616,-2.34382,0.0
1.08616,-2.31524,0.0
1.08616,-2.28666,0.0
1.08616,-2.25807,0.0
1.08616,-2.22949,0.0
1.08616,-2.20091,0.0
1.08616,-2.17232,0.0
1.08616,-2.14374,0.0
1.08616,-2.11516,0.0
1.08616,-2.08657,0.0
1.08616,-2.05799,0.0
1.08616,-2.02941,0.0
1.08616,-2.00082,0.0
1.08616,-1.97224,0.0
1.08616,-1.94366,0.0
1.08616,-1.91507,0.0
1.08616,-1.88649,0.0
1.08616,-1.85791,0.0
1.08616,-1.82933,0.0
1.08616,-1.80074,0.0
1.08616,-1.77216,0.0
1.08616,-1.74358,0.0
1.08616,-1.71499,0.0
1.08616,-1.68641,0.0
1.08616,-1.65783,0.0
1.08616,-1.62924,0.0
1.08616,-1.60066,0.0
1.08616,-1.57208,0.0
1.08616,-1.54349,0.0
1.08616,-1.51491,0.0
1.08616,-1.48633,0.0
1.08616,-1.45774,0.0
1.08616,-1.42916,0.0
1.08616,-1.40058,0.0
1.08616,-1.37199,0.0
1.08616,-1.34341,0.0
1.08616,-1.31483,0.0
1.08616,-1.28624,0.0
1.08616,-1.25766,0.0
1.08616,-1.22908,0.0
1.08616,-1.20049,0.0
1.08616,-1.17191,0.0
1.08616,-1.14333,0.0
1.08616,-1.11474,0.0
1.08616,-1.08616,0.0
1.08616,-1.05758,0.0
1.08616,-1.029,0.0
1.08616,-1.00041,0.0
1.08616,-0.97183,0.0
1.08616,-0.94325,0.0
1.08616,-0.91466,0.0
1.08616,-0.88608,0.0
1.08616,-0.8575,0.0
1.08616,-0.82891,0.0
1.08616,-0.80033,0.0
1.08616,-0.77175,0.0
1.08616,-0.74316,0.0
1.08616,-0.71458,0.0
1.08616,-0.686,0.0
1.08616,-0.65741,0.0
1.08616,-0.62883,0.0
1.08616,-0.60025,0.0
1.08616,-0.57166,0.0
1.08616,-0.54308,0.0
1.08616,-0.5145,0.0
1.08616,-0.48591,0.0
1.08616,-0.45733,0.0
1.08616,-0.42875,0.0
1.08616,-0.40016,0.0
1.08616,-0.37158,0.0
1.08616,-0.343,0.0
1.08616,-0.31442,0.0
1.08616,-0.28583,0.0
1.08616,-0.25725,0.0
1.08616,-0.22867,0.0
1.08616,-0.20008,0.0
1.08616,-0.1715,0.0
1.08616,-0.14292,0.0
1.08616,-0.11433,0.0
1.08616,-0.08575,0.0
1.08616,-0.05717,0.0
1.08616,-0.02858,0.0
1.08616,0,0.0
1.08616,0.02858,0.0
1.08616,0.05717,0.0
1.08616,0.08575,0.0
1.08616,0.11433,0.0
1.08616,0.14292,0.0
1.08616,0.1715,0.0
1.08616,0.20008,0.0
1.08616,0.22867,0.0
1.08616,0.25725,0.0
1.08616,0.28583,0.0
1.08616,0.31442,0.0
1.08616,0.343,0.0
1.08616,0.37158,0.0
1.08616,0.40016,0.0
1.08616,0.42875,0.0
1.08616,0.45733,0.0
1.08616,0.48591,0.0
1.08616,0.5145,0.0
1.08616,0.54308,0.0
1.08616,0.57166,0.0
1.08616,0.60025,0.0
1.08616,0.62883,0.0
1.08616,0.65741,0.0
1.08616,0.686,0.0
1.08616,0.71458,0.0
1.08616,0.74316,0.0
1.08616,0.77175,0.0
1.08616,0.80033,0.0
1.08616,0.82891,0.0
1.08616,0.8575,0.0
1.08616,0.88608,0.0
1.08616,0.91466,0.0
1.08616,0.94325,0.0
1.08616,0.97183,0.0
1.08616,1.00041,0.0
1.08616,1.029,0.0
1.08616,1.05758,0.0
1.08616,1.08616,0.0
1.08616,1.11474,0.0
1.08616,1.14333,0.0
1.08616,1.17191,0.0
1.08616,1.20049,0.0
1.08616,1.22908,0.0
1.08616,1.25766,0.0
1.08616,1.28624,0.0
1.08616,1.31483,0.0
1.08616,1.34341,0.0
1.08616,1.37199,0.0
1.08616,1.40058,0.0
1.08616,1.42916,0.0
1.08616,1.45774,0.0
1.08616,1.48633,0.0
1.08616,1.51491,0.0
1.08616,1.54349,0.0
1.08616,1.57208,0.0
1.08616,1.60066,0.0
1.08616,1.62924,0.0
1.08616,1.65783,0.0
1.08616,1.68641,0.0
1.08616,1.71499,0.0
1.08616,1.74358,0.0
1.08616,1.77216,0.0
1.08616,1.80074,0.0
1.08616,1.82933,0.0
1.08616,1.85791,0.0
1.08616,1.88649,0.0
1.08616,1.91507,0.0
1.08616,1.94366,0.0
1.08616,1.97224,0.0
1.08616,2.00082,0.0
1.08616,2.02941,0.0
1.08616,2.05799,0.0
1.08616,2.08657,0.0
1.08616,2.11516,0.0
1.08616,2.14374,0.0
1.08616,2.17232,0.0
1.08616,2.20091,0.0
1.08616,2.22949,0.0
1.08616,2.25807,0.0
1.08616,2.28666,0.0
1.08616,2.31524,0.0
1.08616,2.34382,0.0
1.08616,2.37241,0.0
1.08616,2.40099,0.0
1.08616,2.42957,0.0
1.08616,2.45816,0.0
1.08616,2.48674,0.0
1.08616,2.51532,0.0
1.08616,2.54391,0.0
1.08616,2.57249,0.0
1.11474,-2.54391,0.0
1.11474,-2.51532,0.0
1.11474,-2.48674,0.0
1.11474,-2.45816,0.0
1.11474,-2.42957,0.0
1.11474,-2.40099,0.0
1.11474,-2.37241,0.0
1.11474,-2.34382,0.0
1.11474,-2.31524,0.0
1.11474,-2.28666,0.0
1.11474,-2.25807,0.0
1.11474,-2.22949,0.0
1.11474,-2.20091,0.0
1.11474,-2.17232,0.0
1.11474,-2.14374,0.0
1.11474,-2.11516,0.0
1.11474,-2.08657,0.0
1.11474,-2.05799,0.0
1.11474,-2.02941,0.0
1.11474,-2.00082,0.0
1.11474,-1.97224,0.0
1.11474,-1.94366,0.0
1.11474,-1.91507,0.0
1.11474,-1.88649,0.0
1.11474,-1.85791,0.0
1.11474,-1.82933,0.0
1.11474,-1.80074,0.0
1.11474,-1.77216,0.0
1.11474,-1.74358,0.0
1.11474,-1.71499,0.0
1.11474,-1.68641,0.0
1.11474,-1.65783,0.0
1.11474,-1.62924,0.0
1.11474,-1.60066,0.0
1.11474,-1.57208,0.0
1.11474,-1.54349,0.0
1.11474,-1.51491,0.0
1.11474,-1.48633,0.0
1.11474,-1.45774,0.0
1.11474,-1.42916,0.0
1.11474,-1.40058,0.0
1.11474,-1.37199,0.0
1.11474,-1.34341,0.0
1.11474,-1.31483,0.0
1.11474,-1.28624,0.0
1.11474,-1.25766,0.0
1.11474,-1.22908,0.0
1.11474,-1.20049,0.0
1.11474,-1.17191,0.0
1.11474,-1.14333,0.0
1.11474,-1.11474,0.0
1.11474,-1.08616,0.0
1.11474,-1.05758,0.0
1.11474,-1.029,0.0
1.11474,-1.00041,0.0
1.11474,-0.97183,0.0
1.11474,-0.94325,0.0
1.11474,-0.91466,0.0
1.11474,-0.88608,0.0
1.11474,-0.8575,0.0
1.11474,-0.82891,0.0
1.11474,-0.80033,0.0
1.11474,-0.77175,0.0
1.11474,-0.74316,0.0
1.11474,-0.71458,0.0
1.11474,-0.686,0.0
1.11474,-0.65741,0.0
1.11474,-0.62883,0.0
1.11474,-0.60025,0.0
1.11474,-0.57166,0.0
1.11474,-0.54308,0.0
1.11474,-0.5145,0.0
1.11474,-0.48591,0.0
1.11474,-0.45733,0.0
1.11474,-0.42875,0.0
1.11474,-0.40016,0.0
1.11474,-0.37158,0.0
1.11474,-0.343,0.0
1.11474,-0.31442,0.0
1.11474,-0.28583,0.0
1.11474,-0.25725,0.0
1.11474,-0.22867,0.0
1.11474,-0.20008,0.0
1.11474,-0.1715,0.0
1.11474,-0.14292,0.0
1.11474,-0.11433,0.0
1.11474,-0.08575,0.0
1.11474,-0.05717,0.0
1.11474,-0.02858,0.0
1.11474,0,0.0
1.11474,0.02858,0.0
1.11474,0.05717,0.0
1.11474,0.08575,0.0
1.11474,0.11433,0.0
1.11474,0.14292,0.0
1.11474,0.1715,0.0
1.11474,0.20008,0.0
1.11474,0.22867,0.0
1.11474,0.25725,0.0
1.11474,0.28583,0.0
1.11474,0.31442,0.0
1.11474,0.343,0.0
1.11474,0.37158,0.0
1.11474,0.40016,0.0
1.11474,0.42875,0.0
1.11474,0.45733,0.0
1.11474,0.48591,0.0
1.11474,0.5145,0.0
1.11474,0.54308,0.0
1.11474,0.57166,0.0
1.11474,0.60025,0.0
1.11474,0.62883,0.0
1.11474,0.65741,0.0
1.11474,0.686,0.0
1.11474,0.71458,0.0
1.11474,0.74316,0.0
1.11474,0.77175,0.0
1.11474,0.80033,0.0
1.11474,0.82891,0.0
1.11474,0.8575,0.0
1.11474,0.88608,0.0
1.11474,0.91466,0.0
1.11474,0.94325,0.0
1.11474,0.97183,0.0
1.11474,1.00041,0.0
1.11474,1.029,0.0
1.11474,1.05758,0.0
1.11474,1.08616,0.0
1.11474,1.11474,0.0
1.11474,1.14333,0.0
1.11474,1.17191,0.0
1.11474,1.20049,0.0
1.11474,1.22908,0.0
1.11474,1.25766,0.0
1.11474,1.28624,0.0
1.11474,1.31483,0.0
1.11474,1.34341,0.0
1.11474,1.37199,0.0
1.11474,1.40058,0.0
1.11474,1.42916,0.0
1.11474,1.45774,0.0
1.11474,1.48633,0.0
1.11474,1.51491,0.0
1.11474,1.54349,0.0
1.11474,1.57208,0.0
1.11474,1.60066,0.0
1.11474,1.62924,0.0
1.11474,1.65783,0.0
1.11474,1.68641,0.0
1.11474,1.71499,0.0
1.11474,1.74358,0.0
1.11474,1.77216,0.0
1.11474,1.80074,0.0
1.11474,1.82933,0.0
1.11474,1.85791,0.0
1.11474,1.88649,0.0
1.11474,1.91507,0.0
1.11474,1.94366,0.0
1.11474,1.97224,0.0
1.11474,2.00082,0.0
1.11474,2.02941,0.0
1.11474,2.05799,0.0
1.11474,2.08657,0.0
1.11474,2.11516,0.0
1.11474,2.14374,0.0
1.11474,2.17232,0.0
1.11474,2.20091,0.0
1.11474,2.22949,0.0
1.11474,2.25807,0.0
1.11474,2.28666,0.0
1.11474,2.31524,0.0
1.11474,2.34382,0.0
1.11474,2.37241,0.0
1.11474,2.40099,0.0
1.11474,2.42957,0.0
1.11474,2.45816,0.0
1.11474,2.48674,0.0
1.11474,2.51532,0.0
1.11474,2.54391,0.0
1.14333,-2.54391,0.0
1.14333,-2.51532,0.0
1.14333,-2.48674,0.0
1.14333,-2.45816,0.0
1.14333,-2.42957,0.0
1.14333,-2.40099,0.0
1.14333,-2.37241,0.0
1.14333,-2.34382,0.0
1.14333,-2.31524,0.0
1.14333,-2.28666,0.0
1.14333,-2.25807,0.0
1.14333,-2.22949,0.0
1.14333,-2.20091,0.0
1.14333,-2.17232,0.0
1.14333,-2.14374,0.0
1.14333,-2.11516,0.0
1.14333,-2.08657,0.0
1.14333,-2.05799,0.0
1.14333,-2.02941,0.0
1.14333,-2.00082,0.0
1.14333,-1.97224,0.0
1.14333,-1.94366,0.0
1.14333,-1.91507,0.0
1.14333,-1.88649,0.0
1.14333,-1.85791,0.0
1.14333,-1.82933,0.0
1.14333,-1.80074,0.0
1.14333,-1.77216,0.0
1.14333,-1.74358,0.0
1.14333,-1.71499,0.0
1.14333,-1.68641,0.0
1.14333,-1.65783,0.0
1.14333,-1.62924,0.0
1.14333,-1.60066,0.0
1.14333,-1.57208,0.0
1.14333,-1.54349,0.0
1.14333,-1.51491,0.0
1.14333,-1.48633,0.0
1.14333,-1.45774,0.0
1.14333,-1.42916,0.0
1.14333,-1.40058,0.0
1.14333,-1.37199,0.0
1.14333,-1.34341,0.0
1.14333,-1.31483,0.0
1.14333,-1.28624,0.0
1.14333,-1.25766,0.0
1.14333,-1.22908,0.0
1.14333,-1.20049,0.0
1.14333,-1.17191,0.0
1.14333,-1.14333,0.0
1.14333,-1.11474,0.0
1.14333,-1.08616,0.0
1.14333,-1.05758,0.0
1.14333,-1.029,0.0
1.14333,-1.00041,0.0
1.14333,-0.97183,0.0
1.14333,-0.94325,0.0
1.14333,-0.91466,0.0
1.14333,-0.88608,0.0
1.14333,-0.8575,0.0
1.14333,-0.82891,0.0
1.14333,-0.80033,0.0
1.14333,-0.77175,0.0
1.14333,-0.74316,0.0
1.14333,-0.71458,0.0
1.14333,-0.686,0.0
1.14333,-0.65741,0.0
1.14333,-0.62883,0.0
1.14333,-0.60025,0.0
1.14333,-0.57166,0.0
1.14333,-0.54308,0.0
1.14333,-0.5145,0.0
1.14333,-0.48591,0.0
1.14333,-0.45733,0.0
1.14333,-0.42875,0.0
1.14333,-0.40016,0.0
1.14333,-0.37158,0.0
1.14333,-0.343,0.0
1.14333,-0.31442,0.0
1.14333,-0.28583,0.0
1.14333,-0.25725,0.0
1.14333,-0.22867,0.0
1.14333,-0.20008,0.0
1.14333,-0.1715,0.0
1.14333,-0.14292,0.0
1.14333,-0.11433,0.0
1.14333,-0.08575,0.0
1.14333,-0.05717,0.0
1.14333,-0.02858,0.0
1.14333,0,0.0
1.14333,0.02858,0.0
1.14333,0.05717,0.0
1.14333,0.08575,0.0
1.14333,0.11433,0.0
1.14333,0.14292,0.0
1.14333,0.1715,0.0
1.14333,0.20008,0.0
1.14333,0.22867,0.0
1.14333,0.25725,0.0
1.14333,0.28583,0.0
1.14333,0.31442,0.0
1.14333,0.343,0.0
1.14333,0.37158,0.0
1.14333,0.40016,0.0
1.14333,0.42875,0.0
1.14333,0.45733,0.0
1.14333,0.48591,0.0
1.14333,0.5145,0.0
1.14333,0.54308,0.0
1.14333,0.57166,0.0
1.14333,0.60025,0.0
1.14333,0.62883,0.0
1.14333,0.65741,0.0
1.14333,0.686,0.0
1.14333,0.71458,0.0
1.14333,0.74316,0.0
1.14333,0.77175,0.0
1.14333,0.80033,0.0
1.14333,0.82891,0.0
1.14333,0.8575,0.0
1.14333,0.88608,0.0
1.14333,0.91466,0.0
1.14333,0.94325,0.0
1.14333,0.97183,0.0
1.14333,1.00041,0.0
1.14333,1.029,0.0
1.14333,1.05758,0.0
1.14333,1.08616,0.0
1.14333,1.11474,0.0
1.14333,1.14333,0.0
1.14333,1.17191,0.0
1.14333,1.20049,0.0
1.14333,1.22908,0.0
1.14333,1.25766,0.0
1.14333,1.28624,0.0
1.14333,1.31483,0.0
1.14333,1.34341,0.0
1.14333,1.37199,0.0
1.14333,1.40058,0.0
1.14333,1.42916,0.0
1.14333,1.45774,0.0
1.14333,1.48633,0.0
1.14333,1.51491,0.0
1.14333,1.54349,0.0
1.14333,1.57208,0.0
1.14333,1.60066,0.0
1.14333,1.62924,0.0
1.14333,1.65783,0.0
1.14333,1.68641,0.0
1.14333,1.71499,0.0
1.14333,1.74358,0.0
1.14333,1.77216,0.0
1.14333,1.80074,0.0
1.14333,1.82933,0.0
1.14333,1.85791,0.0
1.14333,1.88649,0.0
1.14333,1.91507,0.0
1.14333,1.94366,0.0
1.14333,1.97224,0.0
1.14333,2.00082,0.0
1.14333,2.02941,0.0
1.14333,2.05799,0.0
1.14333,2.08657,0.0
1.14333,2.11516,0.0
1.14333,2.14374,0.0
1.14333,2.17232,0.0
1.14333,2.20091,0.0
1.14333,2.22949,0.0
1.14333,2.25807,0.0
1.14333,2.28666,0.0
1.14333,2.31524,0.0
1.14333,2.34382,0.0
1.14333,2.37241,0.0
1.14333,2.40099,0.0
1.14333,2.42957,0.0
1.14333,2.45816,0.0
1.14333,2.48674,0.0
1.14333,2.51532,0.0
1.14333,2.54391,0.0
1.17191,-2.51532,0.0
1.17191,-2.48674,0.0
1.17191,-2.45816,0.0
1.17191,-2.42957,0.0
1.17191,-2.40099,0.0
1.17191,-2.37241,0.0
1.17191,-2.34382,0.0
1.17191,-2.31524,0.0
1.17191,-2.28666,0.0
1.17191,-2.25807,0.0
1.17191,-2.22949,0.0
1.17191,-2.20091,0.0
1.17191,-2.17232,0.0
1.17191,-2.14374,0.0
1.17191,-2.11516,0.0
1.17191,-2.08657,0.0
1.17191,-2.05799,0.0
1.17191,-2.02941,0.0
1.17191,-2.00082,0.0
1.17191,-1.97224,0.0
1.17191,-1.94366,0.0
1.17191,-1.91507,0.0
1.17191,-1.88649,0.0
1.17191,-1.85791,0.0
1.17191,-1.82933,0.0
1.17191,-1.80074,0.0
1.17191,-1.77216,0.0
1.17191,-1.74358,0.0
1.17191,-1.71499,0.0
1.17191,-1.68641,0.0
1.17191,-1.65783,0.0
1.17191,-1.62924,0.0
1.17191,-1.60066,0.0
1.17191,-1.57208,0.0
1.17191,-1.54349,0.0
1.17191,-1.51491,0.0
1.17191,-1.48633,0.0
1.17191,-1.45774,0.0
1.17191,-1.42916,0.0
1.17191,-1.40058,0.0
1.17191,-1.37199,0.0
1.17191,-1.34341,0.0
1.17191,-1.31483,0.0
1.17191,-1.28624,0.0
1.17191,-1.25766,0.0
1.17191,-1.22908,0.0
1.17191,-1.20049,0.0
1.17191,-1.17191,0.0
1.17191,-1.14333,0.0
1.17191,-1.11474,0.0
1.17191,-1.08616,0.0
1.17191,-1.05758,0.0
1.17191,-1.029,0.0
1.17191,-1.00041,0.0
1.17191,-0.97183,0.0
1.17191,-0.94325,0.0
1.17191,-0.91466,0.0
1.17191,-0.88608,0.0
1.17191,-0.8575,0.0
1.17191,-0.82891,0.0
1.17191,-0.80033,0.0
1.17191,-0.77175,0.0
1.17191,-0.74316,0.0
1.17191,-0.71458,0.0
1.17191,-0.686,0.0
1.17191,-0.65741,0.0
1.17191,-0.62883,0.0
1.17191,-0.60025,0.0
1.17191,-0.57166,0.0
1.17191,-0.54308,0.0
1.17191,-0.5145,0.0
1.17191,-0.48591,0.0
1.17191,-0.45733,0.0
1.17191,-0.42875,0.0
1.17191,-0.40016,0.0
1.17191,-0.37158,0.0
1.17191,-0.343,0.0
1.17191,-0.31442,0.0
1.17191,-0.28583,0.0
1.17191,-0.25725,0.0
1.17191,-0.22867,0.0
1.17191,-0.20008,0.0
1.17191,-0.1715,0.0
1.17191,-0.14292,0.0
1.17191,-0.11433,0.0
1.17191,-0.08575,0.0
1.17191,-0.05717,0.0
1.17191,-0.02858,0.0
1.17191,0,0.0
1.17191,0.02858,0.0
1.17191,0.05717,0.0
1.17191,0.08575,0.0
1.17191,0.11433,0.0
1.17191,0.14292,0.0
1.17191,0.1715,0.0
1.17191,0.20008,0.0
1.17191,0.22867,0.0
1.17191,0.25725,0.0
1.17191,0.28583,0.0
1.17191,0.31442,0.0
1.17191,0.343,0.0
1.17191,0.37158,0.0
1.17191,0.40016,0.0
1.17191,0.42875,0.0
1.17191,0.45733,0.0
1.17191,0.48591,0.0
1.17191,0.5145,0.0
1.17191,0.54308,0.0
1.17191,0.57166,0.0
1.17191,0.60025,0.0
1.17191,0.62883,0.0
1.17191,0.65741,0.0
1.17191,0.686,0.0
1.17191,0.71458,0.0
1.17191,0.74316,0.0
1.17191,0.77175,0.0
1.17191,0.80033,0.0
1.17191,0.82891,0.0
1.17191,0.8575,0.0
1.17191,0.88608,0.0
1.17191,0.91466,0.0
1.17191,0.94325,0.0
1.17191,0.97183,0.0
1.17191,1.00041,0.0
1.17191,1.029,0.0
1.17191,1.05758,0.0
1.17191,1.08616,0.0
1.17191,1.11474,0.0
1.17191,1.14333,0.0
1.17191,1.17191,0.0
1.17191,1.20049,0.0
1.17191,1.22908,0.0
1.17191,1.25766,0.0
1.17191,1.28624,0.0
1.17191,1.31483,0.0
1.17191,1.34341,0.0
1.17191,1.37199,0.0
1.17191,1.40058,0.0
1.17191,1.42916,0.0
1.17191,1.45774,0.0
1.17191,1.48633,0.0
1.17191,1.51491,0.0
1.17191,1.54349,0.0
1.17191,1.57208,0.0
1.17191,1.60066,0.0
1.17191,1.62924,0.0
1.17191,1.65783,0.0
1.17191,1.68641,0.0
1.17191,1.71499,0.0
1.17191,1.74358,0.0
1.17191,1.77216,0.0
1.17191,1.80074,0.0
1.17191,1.82933,0.0
1.17191,1.85791,0.0
1.17191,1.88649,0.0
1.17191,1.91507,0.0
1.17191,1.94366,0.0
1.17191,1.97224,0.0
1.17191,2.00082,0.0
1.17191,2.02941,0.0
1.17191,2.05799,0.0
1.17191,2.08657,0.0
1.17191,2.11516,0.0
1.17191,2.14374,0.0
1.17191,2.17232,0.0
1.17191,2.20091,0.0
1.17191,2.22949,0.0
1.17191,2.25807,0.0
1.17191,2.28666,0.0
1.17191,2.31524,0.0
1.17191,2.34382,0.0
1.17191,2.37241,0.0
1.17191,2.40099,0.0
1.17191,2.42957,0.0
1.17191,2.45816,0.0
1.17191,2.48674,0.0
1.17191,2.51532,0.0
1.20049,-2.51532,0.0
1.20049,-2.48674,0.0
1.20049,-2.45816,0.0
1.20049,-2.42957,0.0
1.20049,-2.40099,0.0
1.20049,-2.37241,0.0
1.20049,-2.34382,0.0
1.20049,-2.31524,0.0
1.20049,-2.28666,0.0
1.20049,-2.25807,0.0
1.20049,-2.22949,0.0
1.20049,-2.20091,0.0
1.20049,-2.17232,0.0
1.20049,-2.14374,0.0
1.20049,-2.11516,0.0
1.20049,-2.08657,0.0
1.20049,-2.05799,0.0
1.20049,-2.02941,0.0
1.20049,-2.00082,0.0
1.20049,-1.97224,0.0
1.20049,-1.94366,0.0
1.20049,-1.91507,0.0
1.20049,-1.88649,0.0
1.20049,-1.85791,0.0
1.20049,-1.82933,0.0
1.20049,-1.80074,0.0
1.20049,-1.77216,0.0
1.20049,-1.74358,0.0
1.20049,-1.71499,0.0
1.20049,-1.68641,0.0
1.20049,-1.65783,0.0
1.20049,-1.62924,0.0
1.20049,-1.60066,0.0
1.20049,-1.57208,0.0
1.20049,-1.54349,0.0
1.20049,-1.51491,0.0
1.20049,-1.48633,0.0
1.20049,-1.45774,0.0
1.20049,-1.42916,0.0
1.20049,-1.40058,0.0
1.20049,-1.37199,0.0
1.20049,-1.34341,0.0
1.20049,-1.31483,0.0
1.20049,-1.28624,0.0
1.20049,-1.25766,0.0
1.20049,-1.22908,0.0
1.20049,-1.20049,0.0
1.20049,-1.17191,0.0
1.20049,-1.14333,0.0
1.20049,-1.11474,0.0
1.20049,-1.08616,0.0
1.20049,-1.05758,0.0
1.20049,-1.029,0.0
1.20049,-1.00041,0.0
1.20049,-0.97183,0.0
1.20049,-0.94325,0.0
1.20049,-0.91466,0.0
1.20049,-0.88608,0.0
1.20049,-0.8575,0.0
1.20049,-0.82891,0.0
1.20049,-0.80033,0.0
1.20049,-0.77175,0.0
1.20049,-0.74316,0.0
1.20049,-0.71458,0.0
1.20049,-0.686,0.0
1.20049,-0.65741,0.0
1.20049,-0.62883,0.0
1.20049,-0.60025,0.0
1.20049,-0.57166,0.0
1.20049,-0.54308,0.0
1.20049,-0.5145,0.0
1.20049,-0.48591,0.0
1.20049,-0.45733,0.0
1.20049,-0.42875,0.0
1.20049,-0.40016,0.0
1.20049,-0.37158,0.0
1.20049,-0.343,0.0
1.20049,-0.31442,0.0
1.20049,-0.28583,0.0
1.20049,-0.25725,0.0
1.20049,-0.22867,0.0
1.20049,-0.20008,0.0
1.20049,-0.1715,0.0
1.20049,-0.14292,0.0
1.20049,-0.11433,0.0
1.20049,-0.08575,0.0
1.20049,-0.05717,0.0
1.20049,-0.02858,0.0
1.20049,0,0.0
1.20049,0.02858,0.0
1.20049,0.05717,0.0
1.20049,0.08575,0.0
1.20049,0.11433,0.0
1.20049,0.14292,0.0
1.20049,0.1715,0.0
1.20049,0.20008,0.0
1.20049,0.22867,0.0
1.20049,0.25725,0.0
1.20049,0.28583,0.0
1.20049,0.31442,0.0
1.20049,0.343,0.0
1.20049,0.37158,0.0
1.20049,0.40016,0.0
1.20049,0.42875,0.0
1.20049,0.45733,0.0
1.20049,0.48591,0.0
1.20049,0.5145,0.0
1.20049,0.54308,0.0
1.20049,0.57166,0.0
1.20049,0.60025,0.0
1.20049,0.62883,0.0
1.20049,0.65741,0.0
1.20049,0.686,0.0
1.20049,0.71458,0.0
1.20049,0.74316,0.0
1.20049,0.77175,0.0
1.20049,0.80033,0.0
1.20049,0.82891,0.0
1.20049,0.8575,0.0
1.20049,0.88608,0.0
1.20049,0.91466,0.0
1.20049,0.94325,0.0
1.20049,0.97183,0.0
1.20049,1.00041,0.0
1.20049,1.029,0.0
1.20049,1.05758,0.0
1.20049,1.08616,0.0
1.20049,1.11474,0.0
1.20049,1.14333,0.0
1.20049,1.17191,0.0
1.20049,1.20049,0.0
1.20049,1.22908,0.0
1.20049,1.25766,0.0
1.20049,1.28624,0.0
1.20049,1.31483,0.0
1.20049,1.34341,0.0
1.20049,1.37199,0.0
1.20049,1.40058,0.0
1.20049,1.42916,0.0
1.20049,1.45774,0.0
1.20049,1.48633,0.0
1.20049,1.51491,0.0
1.20049,1.54349,0.0
1.20049,1.57208,0.0
1.20049,1.60066,0.0
1.20049,1.62924,0.0
1.20049,1.65783,0.0
1.20049,1.68641,0.0
1.20049,1.71499,0.0
1.20049,1.74358,0.0
1.20049,1.77216,0.0
1.20049,1.80074,0.0
1.20049,1.82933,0.0
1.20049,1.85791,0.0
1.20049,1.88649,0.0
1.20049,1.91507,0.0
1.20049,1.94366,0.0
1.20049,1.97224,0.0
1.20049,2.00082,0.0
1.20049,2.02941,0.0
1.20049,2.05799,0.0
1.20049,2.08657,0.0
1.20049,2.11516,0.0
1.20049,2.14374,0.0
1.20049,2.17232,0.0
1.20049,2.20091,0.0
1.20049,2.22949,0.0
1.20049,2.25807,0.0
1.20049,2.28666,0.0
1.20049,2.31524,0.0
1.20049,2.34382,0.0
1.20049,2.37241,0.0
1.20049,2.40099,0.0
1.20049,2.42957,0.0
1.20049,2.45816,0.0
1.20049,2.48674,0.0
1.20049,2.51532,0.0
1.22908,-2.51532,0.0
1.22908,-2.48674,0.0
1.22908,-2.45816,0.0
1.22908,-2.42957,0.0
1.22908,-2.40099,0.0
1.22908,-2.37241,0.0
1.22908,-2.34382,0.0
1.22908,-2.31524,0.0
1.22908,-2.28666,0.0
1.22908,-2.25807,0.0
1.22908,-2.22949,0.0
1.22908,-2.20091,0.0
1.22908,-2.17232,0.0
1.22908,-2.14374,0.0
1.22908,-2.11516,0.0
1.22908,-2.08657,0.0
1.22908,-2.05799,0.0
1.22908,-2.02941,0.0
1.22908,-2.00082,0.0
1.22908,-1.97224,0.0
1.22908,-1.94366,0.0
1.22908,-1.91507,0.0
1.22908,-1.88649,0.0
1.22908,-1.85791,0.0
1.22908,-1.82933,0.0
1.22908,-1.80074,0.0
1.22908,-1.77216,0.0
1.22908,-1.74358,0.0
1.22908,-1.71499,0.0
1.22908,-1.68641,0.0
1.22908,-1.65783,0.0
1.22908,-1.62924,0.0
1.22908,-1.60066,0.0
1.22908,-1.57208,0.0
1.22908,-1.54349,0.0
1.22908,-1.51491,0.0
1.22908,-1.48633,0.0
1.22908,-1.45774,0.0
1.22908,-1.42916,0.0
1.22908,-1.40058,0.0
1.22908,-1.37199,0.0
1.22908,-1.34341,0.0
1.22908,-1.31483,0.0
1.22908,-1.28624,0.0
1.22908,-1.25766,0.0
1.22908,-1.22908,0.0
1.22908,-1.20049,0.0
1.22908,-1.17191,0.0
1.22908,-1.14333,0.0
1.22908,-1.11474,0.0
1.22908,-1.08616,0.0
1.22908,-1.05758,0.0
1.22908,-1.029,0.0
1.22908,-1.00041,0.0
1.22908,-0.97183,0.0
1.22908,-0.94325,0.0
1.22908,-0.91466,0.0
1.22908,-0.88608,0.0
1.22908,-0.8575,0.0
1.22908,-0.82891,0.0
1.22908,-0.80033,0.0
1.22908,-0.77175,0.0
1.22908,-0.74316,0.0
1.22908,-0.71458,0.0
1.22908,-0.686,0.0
1.22908,-0.65741,0.0
1.22908,-0.62883,0.0
1.22908,-0.60025,0.0
1.22908,-0.57166,0.0
1.22908,-0.54308,0.0
1.22908,-0.5145,0.0
1.22908,-0.48591,0.0
1.22908,-0.45733,0.0
1.22908,-0.42875,0.0
1.22908,-0.40016,0.0
1.22908,-0.37158,0.0
1.22908,-0.343,0.0
1.22908,-0.31442,0.0
1.22908,-0.28583,0.0
1.22908,-0.25725,0.0
1.22908,-0.22867,0.0
1.22908,-0.20008,0.0
1.22908,-0.1715,0.0
1.22908,-0.14292,0.0
1.22908,-0.11433,0.0
1.22908,-0.08575,0.0
1.22908,-0.05717,0.0
1.22908,-0.02858,0.0
1.22908,0,0.0
1.22908,0.02858,0.0
1.22908,0.05717,0.0
1.22908,0.08575,0.0
1.22908,0.11433,0.0
1.22908,0.14292,0.0
1.22908,0.1715,0.0
1.22908,0.20008,0.0
1.22908,0.22867,0.0
1.22908,0.25725,0.0
1.22908,0.28583,0.0
1.22908,0.31442,0.0
1.22908,0.343,0.0
1.22908,0.37158,0.0
1.22908,0.40016,0.0
1.22908,0.42875,0.0
1.22908,0.45733,0.0
1.22908,0.48591,0.0
1.22908,0.5145,0.0
1.22908,0.54308,0.0
1.22908,0.57166,0.0
1.22908,0.60025,0.0
1.22908,0.62883,0.0
1.22908,0.65741,0.0
1.22908,0.686,0.0
1.22908,0.71458,0.0
1.22908,0.74316,0.0
1.22908,0.77175,0.0
1.22908,0.80033,0.0
1.22908,0.82891,0.0
1.22908,0.8575,0.0
1.22908,0.88608,0.0
1.22908,0.91466,0.0
1.22908,0.94325,0.0
1.22908,0.97183,0.0
1.22908,1.00041,0.0
1.22908,1.029,0.0
1.22908,1.05758,0.0
1.22908,1.08616,0.0
1.22908,1.11474,0.0
1.22908,1.14333,0.0
1.22908,1.17191,0.0
1.22908,1.20049,0.0
1.22908,1.22908,0.0
1.22908,1.25766,0.0
1.22908,1.28624,0.0
1.22908,1.31483,0.0
1.22908,1.34341,0.0
1.22908,1.37199,0.0
1.22908,1.40058,0.0
1.22908,1.42916,0.0
1.22908,1.45774,0.0
1.22908,1.48633,0.0
1.22908,1.51491,0.0
1.22908,1.54349,0.0
1.22908,1.57208,0.0
1.22908,1.60066,0.0
1.22908,1.62924,0.0
1.22908,1.65783,0.0
1.22908,1.68641,0.0
1.22908,1.71499,0.0
1.22908,1.74358,0.0
1.22908,1.77216,0.0
1.22908,1.80074,0.0
1.22908,1.82933,0.0
1.22908,1.85791,0.0
1.22908,1.88649,0.0
1.22908,1.91507,0.0
1.22908,1.94366,0.0
1.22908,1.97224,0.0
1.22908,2.00082,0.0
1.22908,2.02941,0.0
1.22908,2.05799,0.0
1.22908,2.08657,0.0
1.22908,2.11516,0.0
1.22908,2.14374,0.0
1.22908,2.17232,0.0
1.22908,2.20091,0.0
1.22908,2.22949,0.0
1.22908,2.25807,0.0
1.22908,2.28666,0.0
1.22908,2.31524,0.0
1.22908,2.34382,0.0
1.22908,2.37241,0.0
1.22908,2.40099,0.0
1.22908,2.42957,0.0
1.22908,2.45816,0.0
1.22908,2.48674,0.0
1.22908,2.51532,0.0
1.25766,-2.48674,0.0
1.25766,-2.45816,0.0
1.25766,-2.42957,0.0
1.25766,-2.40099,0.0
1.25766,-2.37241,0.0
1.25766,-2.34382,0.0
1.25766,-2.31524,0.0
1.25766,-2.28666,0.0
1.25766,-2.25807,0.0
1.25766,-2.22949,0.0
1.25766,-2.20091,0.0
1.25766,-2.17232,0.0
1.25766,-2.14374,0.0
1.25766,-2.11516,0.0
1.25766,-2.08657,0.0
1.25766,-2.05799,0.0
1.25766,-2.02941,0.0
1.25766,-2.00082,0.0
1.25766,-1.97224,0.0
1.25766,-1.94366,0.0
1.25766,-1.91507,0.0
1.25766,-1.88649,0.0
1.25766,-1.85791,0.0
1.25766,-1.82933,0.0
1.25766,-1.80074,0.0
1.25766,-1.77216,0.0
1.25766,-1.74358,0.0
1.25766,-1.71499,0.0
1.25766,-1.68641,0.0
1.25766,-1.65783,0.0
1.25766,-1.62924,0.0
1.25766,-1.60066,0.0
1.25766,-1.57208,0.0
1.25766,-1.54349,0.0
1.25766,-1.51491,0.0
1.25766,-1.48633,0.0
1.25766,-1.45774,0.0
1.25766,-1.42916,0.0
1.25766,-1.40058,0.0
1.25766,-1.37199,0.0
1.25766,-1.34341,0.0
1.25766,-1.31483,0.0
1.25766,-1.28624,0.0
1.25766,-1.25766,0.0
1.25766,-1.22908,0.0
1.25766,-1.20049,0.0
1.25766,-1.17191,0.0
1.25766,-1.14333,0.0
1.25766,-1.11474,0.0
1.25766,-1.08616,0.0
1.25766,-1.05758,0.0
1.25766,-1.029,0.0
1.25766,-1.00041,0.0
1.25766,-0.97183,0.0
1.25766,-0.94325,0.0
1.25766,-0.91466,0.0
1.25766,-0.88608,0.0
1.25766,-0.8575,0.0
1.25766,-0.82891,0.0
1.25766,-0.80033,0.0
1.25766,-0.77175,0.0
1.25766,-0.74316,0.0
1.25766,-0.71458,0.0
1.25766,-0.686,0.0
1.25766,-0.65741,0.0
1.25766,-0.62883,0.0
1.25766,-0.60025,0.0
1.25766,-0.57166,0.0
1.25766,-0.54308,0.0
1.25766,-0.5145,0.0
1.25766,-0.48591,0.0
1.25766,-0.45733,0.0
1.25766,-0.42875,0.0
1.25766,-0.40016,0.0
1.25766,-0.37158,0.0
1.25766,-0.343,0.0
1.25766,-0.31442,0.0
1.25766,-0.28583,0.0
1.25766,-0.25725,0.0
1.25766,-0.22867,0.0
1.25766,-0.20008,0.0
1.25766,-0.1715,0.0
1.25766,-0.14292,0.0
1.25766,-0.11433,0.0
1.25766,-0.08575,0.0
1.25766,-0.05717,0.0
1.25766,-0.02858,0.0
1.25766,0,0.0
1.25766,0.02858,0.0
1.25766,0.05717,0.0
1.25766,0.08575,0.0
1.25766,0.11433,0.0
1.25766,0.14292,0.0
1.25766,0.1715,0.0
1.25766,0.20008,0.0
1.25766,0.22867,0.0
1.25766,0.25725,0.0
1.25766,0.28583,0.0
1.25766,0.31442,0.0
1.25766,0.343,0.0
1.25766,0.37158,0.0
1.25766,0.40016,0.0
1.25766,0.42875,0.0
1.25766,0.45733,0.0
1.25766,0.48591,0.0
1.25766,0.5145,0.0
1.25766,0.54308,0.0
1.25766,0.57166,0.0
1.25766,0.60025,0.0
1.25766,0.62883,0.0
1.25766,0.65741,0.0
1.25766,0.686,0.0
1.25766,0.71458,0.0
1.25766,0.74316,0.0
1.25766,0.77175,0.0
1.25766,0.80033,0.0
1.25766,0.82891,0.0
1.25766,0.8575,0.0
1.25766,0.88608,0.0
1.25766,0.91466,0.0
1.25766,0.94325,0.0
1.25766,0.97183,0.0
1.25766,1.00041,0.0
1.25766,1.029,0.0
1.25766,1.05758,0.0
1.25766,1.08616,0.0
1.25766,1.11474,0.0
1.25766,1.14333,0.0
1.25766,1.17191,0.0
1.25766,1.20049,0.0
1.25766,1.22908,0.0
1.25766,1.25766,0.0
1.25766,1.28624,0.0
1.25766,1.31483,0.0
1.25766,1.34341,0.0
1.25766,1.37199,0.0
1.25766,1.40058,0.0
1.25766,1.42916,0.0
1.25766,1.45774,0.0
1.25766,1.48633,0.0
1.25766,1.51491,0.0
1.25766,1.54349,0.0
1.25766,1.57208,0.0
1.25766,1.60066,0.0
1.25766,1.62924,0.0
1.25766,1.65783,0.0
1.25766,1.68641,0.0
1.25766,1.71499,0.0
1.25766,1.74358,0.0
1.25766,1.77216,0.0
1.25766,1.80074,0.0
1.25766,1.82933,0.0
1.25766,1.85791,0.0
1.25766,1.88649,0.0
1.25766,1.91507,0.0
1.25766,1.94366,0.0
1.25766,1.97224,0.0
1.25766,2.00082,0.0
1.25766,2.02941,0.0
1.25766,2.05799,0.0
1.25766,2.08657,0.0
1.25766,2.11516,0.0
1.25766,2.14374,0.0
1.25766,2.17232,0.0
1.25766,2.20091,0.0
1.25766,2.22949,0.0
1.25766,2.25807,0.0
1.25766,2.28666,0.0
1.25766,2.31524,0.0
1.25766,2.34382,0.0
1.25766,2.37241,0.0
1.25766,2.40099,0.0
1.25766,2.42957,0.0
1.25766,2.45816,0.0
1.25766,2.48674,0.0
1.28624,-2.48674,0.0
1.28624,-2.45816,0.0
1.28624,-2.42957,0.0
1.28624,-2.40099,0.0
1.28624,-2.37241,0.0
1.28624,-2.34382,0.0
1.28624,-2.31524,0.0
1.28624,-2.28666,0.0
1.28624,-2.25807,0.0
1.28624,-2.22949,0.0
1.28624,-2.20091,0.0
1.28624,-2.17232,0.0
1.28624,-2.14374,0.0
1.28624,-2.11516,0.0
1.28624,-2.08657,0.0
1.28624,-2.05799,0.0
1.28624,-2.02941,0.0
1.28624,-2.00082,0.0
1.28624,-1.97224,0.0
1.28624,-1.94366,0.0
1.28624,-1.91507,0.0
1.28624,-1.88649,0.0
1.28624,-1.85791,0.0
1.28624,-1.82933,0.0
1.28624,-1.80074,0.0
1.28624,-1.77216,0.0
1.28624,-1.74358,0.0
1.28624,-1.71499,0.0
1.28624,-1.68641,0.0
1.28624,-1.65783,0.0
1.28624,-1.62924,0.0
1.28624,-1.60066,0.0
1.28624,-1.57208,0.0
1.28624,-1.54349,0.0
1.28624,-1.51491,0.0
1.28624,-1.48633,0.0
1.28624,-1.45774,0.0
1.28624,-1.42916,0.0
1.28624,-1.40058,0.0
1.28624,-1.37199,0.0
1.28624,-1.34341,0.0
1.28624,-1.31483,0.0
1.28624,-1.28624,0.0
1.28624,-1.25766,0.0
1.28624,-1.22908,0.0
1.28624,-1.20049,0.0
1.28624,-1.17191,0.0
1.28624,-1.14333,0.0
1.28624,-1.11474,0.0
1.28624,-1.08616,0.0
1.28624,-1.05758,0.0
1.28624,-1.029,0.0
1.28624,-1.00041,0.0
1.28624,-0.97183,0.0
1.28624,-0.94325,0.0
1.28624,-0.91466,0.0
1.28624,-0.88608,0.0
1.28624,-0.8575,0.0
1.28624,-0.82891,0.0
1.28624,-0.80033,0.0
1.28624,-0.77175,0.0
1.28624,-0.74316,0.0
1.28624,-0.71458,0.0
1.28624,-0.686,0.0
1.28624,-0.65741,0.0
1.28624,-0.62883,0.0
1.28624,-0.60025,0.0
1.28624,-0.57166,0.0
1.28624,-0.54308,0.0
1.28624,-0.5145,0.0
1.28624,-0.48591,0.0
1.28624,-0.45733,0.0
1.28624,-0.42875,0.0
1.28624,-0.40016,0.0
1.28624,-0.37158,0.0
1.28624,-0.343,0.0
1.28624,-0.31442,0.0
1.28624,-0.28583,0.0
1.28624,-0.25725,0.0
1.28624,-0.22867,0.0
1.28624,-0.20008,0.0
1.28624,-0.1715,0.0
1.28624,-0.14292,0.0
1.28624,-0.11433,0.0
1.28624,-0.08575,0.0
1.28624,-0.05717,0.0
1.28624,-0.02858,0.0
1.28624,0,0.0
1.28624,0.02858,0.0
1.28624,0.05717,0.0
1.28624,0.08575,0.0
1.28624,0.11433,0.0
1.28624,0.14292,0.0
1.28624,0.1715,0.0
1.28624,0.20008,0.0
1.28624,0.22867,0.0
1.28624,0.25725,0.0
1.28624,0.28583,0.0
1.28624,0.31442,0.0
1.28624,0.343,0.0
1.28624,0.37158,0.0
1.28624,0.40016,0.0
1.28624,0.42875,0.0
1.28624,0.45733,0.0
1.28624,0.48591,0.0
1.28624,0.5145,0.0
1.28624,0.54308,0.0
1.28624,0.57166,0.0
1.28624,0.60025,0.0
1.28624,0.62883,0.0
1.28624,0.65741,0.0
1.28624,0.686,0.0
1.28624,0.71458,0.0
1.28624,0.74316,0.0
1.28624,0.77175,0.0
1.28624,0.80033,0.0
1.28624,0.82891,0.0
1.28624,0.8575,0.0
1.28624,0.88608,0.0
1.28624,0.91466,0.0
1.28624,0.94325,0.0
1.28624,0.97183,0.0
1.28624,1.00041,0.0
1.28624,1.029,0.0
1.28624,1.05758,0.0
1.28624,1.08616,0.0
1.28624,1.11474,0.0
1.28624,1.14333,0.0
1.28624,1.17191,0.0
1.28624,1.20049,0.0
1.28624,1.22908,0.0
1.28624,1.25766,0.0
1.28624,1.28624,0.0
1.28624,1.31483,0.0
1.28624,1.34341,0.0
1.28624,1.37199,0.0
1.28624,1.40058,0.0
1.28624,1.42916,0.0
1.28624,1.45774,0.0
1.28624,1.48633,0.0
1.28624,1.51491,0.0
1.28624,1.54349,0.0
1.28624,1.57208,0.0
1.28624,1.60066,0.0
1.28624,1.62924,0.0
1.28624,1.65783,0.0
1.28624,1.68641,0.0
1.28624,1.71499,0.0
1.28624,1.74358,0.0
1.28624,1.77216,0.0
1.28624,1.80074,0.0
1.28624,1.82933,0.0
1.28624,1.85791,0.0
1.28624,1.88649,0.0
1.28624,1.91507,0.0
1.28624,1.94366,0.0
1.28624,1.97224,0.0
1.28624,2.00082,0.0
1.28624,2.02941,0.0
1.28624,2.05799,0.0
1.28624,2.08657,0.0
1.28624,2.11516,0.0
1.28624,2.14374,0.0
1.28624,2.17232,0.0
1.28624,2.20091,0.0
1.28624,2.22949,0.0
1.28624,2.25807,0.0
1.28624,2.28666,0.0
1.28624,2.31524,0.0
1.28624,2.34382,0.0
1.28624,2.37241,0.0
1.28624,2.40099,0.0
1.28624,2.42957,0.0
1.28624,2.45816,0.0
1.28624,2.48674,0.0
1.31483,-2.45816,0.0
1.31483,-2.42957,0.0
1.31483,-2.40099,0.0
1.31483,-2.37241,0.0
1.31483,-2.34382,0.0
1.31483,-2.31524,0.0
1.31483,-2.28666,0.0
1.31483,-2.25807,0.0
1.31483,-2.22949,0.0
1.31483,-2.20091,0.0
1.31483,-2.17232,0.0
1.31483,-2.14374,0.0
1.31483,-2.11516,0.0
1.31483,-2.08657,0.0
1.31483,-2.05799,0.0
1.31483,-2.02941,0.0
1.31483,-2.00082,0.0
1.31483,-1.97224,0.0
1.31483,-1.94366,0.0
1.31483,-1.91507,0.0
1.31483,-1.88649,0.0
1.31483,-1.85791,0.0
1.31483,-1.82933,0.0
1.31483,-1.80074,0.0
1.31483,-1.77216,0.0
1.31483,-1.74358,0.0
1.31483,-1.71499,0.0
1.31483,-1.68641,0.0
1.31483,-1.65783,0.0
1.31483,-1.62924,0.0
1.31483,-1.60066,0.0
1.31483,-1.57208,0.0
1.31483,-1.54349,0.0
1.31483,-1.51491,0.0
1.31483,-1.48633,0.0
1.31483,-1.45774,0.0
1.31483,-1.42916,0.0
1.31483,-1.40058,0.0
1.31483,-1.37199,0.0
1.31483,-1.34341,0.0
1.31483,-1.31483,0.0
1.31483,-1.28624,0.0
1.31483,-1.25766,0.0
1.31483,-1.22908,0.0
1.31483,-1.20049,0.0
1.31483,-1.17191,0.0
1.31483,-1.14333,0.0
1.31483,-1.11474,0.0
1.31483,-1.08616,0.0
1.31483,-1.05758,0.0
1.31483,-1.029,0.0
1.31483,-1.00041,0.0
1.31483,-0.97183,0.0
1.31483,-0.94325,0.0
1.31483,-0.91466,0.0
1.31483,-0.88608,0.0
1.31483,-0.8575,0.0
1.31483,-0.82891,0.0
1.31483,-0.80033,0.0
1.31483,-0.77175,0.0
1.31483,-0.74316,0.0
1.31483,-0.71458,0.0
1.31483,-0.686,0.0
1.31483,-0.65741,0.0
1.31483,-0.62883,0.0
1.31483,-0.60025,0.0
1.31483,-0.57166,0.0
1.31483,-0.54308,0.0
1.31483,-0.5145,0.0
1.31483,-0.48591,0.0
1.31483,-0.45733,0.0
1.31483,-0.42875,0.0
1.31483,-0.40016,0.0
1.31483,-0.37158,0.0
1.31483,-0.343,0.0
1.31483,-0.31442,0.0
1.31483,-0.28583,0.0
1.31483,-0.25725,0.0
1.31483,-0.22867,0.0
1.31483,-0.20008,0.0
1.31483,-0.1715,0.0
1.31483,-0.14292,0.0
1.31483,-0.11433,0.0
1.31483,-0.08575,0.0
1.31483,-0.05717,0.0
1.31483,-0.02858,0.0
1.31483,0,0.0
1.31483,0.02858,0.0
1.31483,0.05717,0.0
1.31483,0.08575,0.0
1.31483,0.11433,0.0
1.31483,0.14292,0.0
1.31483,0.1715,0.0
1.31483,0.20008,0.0
1.31483,0.22867,0.0
1.31483,0.25725,0.0
1.31483,0.28583,0.0
1.31483,0.31442,0.0
1.31483,0.343,0.0
1.31483,0.37158,0.0
1.31483,0.40016,0.0
1.31483,0.42875,0.0
1.31483,0.45733,0.0
1.31483,0.48591,0.0
1.31483,0.5145,0.0
1.31483,0.54308,0.0
1.31483,0.57166,0.0
1.31483,0.60025,0.0
1.31483,0.62883,0.0
1.31483,0.65741,0.0
1.31483,0.686,0.0
1.31483,0.71458,0.0
1.31483,0.74316,0.0
1.31483,0.77175,0.0
1.31483,0.80033,0.0
1.31483,0.82891,0.0
1.31483,0.8575,0.0
1.31483,0.88608,0.0
1.31483,0.91466,0.0
1.31483,0.94325,0.0
1.31483,0.97183,0.0
1.31483,1.00041,0.0
1.31483,1.029,0.0
1.31483,1.05758,0.0
1.31483,1.08616,0.0
1.31483,1.11474,0.0
1.31483,1.14333,0.0
1.31483,1.17191,0.0
1.31483,1.20049,0.0
1.31483,1.22908,0.0
1.31483,1.25766,0.0
1.31483,1.28624,0.0
1.31483,1.31483,0.0
1.31483,1.34341,0.0
1.31483,1.37199,0.0
1.31483,1.40058,0.0
1.31483,1.42916,0.0
1.31483,1.45774,0.0
1.31483,1.48633,0.0
1.31483,1.51491,0.0
1.31483,1.54349,0.0
1.31483,1.57208,0.0
1.31483,1.60066,0.0
1.31483,1.62924,0.0
1.31483,1.65783,0.0
1.31483,1.68641,0.0
1.31483,1.71499,0.0
1.31483,1.74358,0.0
1.31483,1.77216,0.0
1.31483,1.80074,0.0
1.31483,1.82933,0.0
1.31483,1.85791,0.0
1.31483,1.88649,0.0
1.31483,1.91507,0.0
1.31483,1.94366,0.0
1.31483,1.97224,0.0
1.31483,2.00082,0.0
1.31483,2.02941,0.0
1.31483,2.05799,0.0
1.31483,2.08657,0.0
1.31483,2.11516,0.0
1.31483,2.14374,0.0
1.31483,2.17232,0.0
1.31483,2.20091,0.0
1.31483,2.22949,0.0
1.31483,2.25807,0.0
1.31483,2.28666,0.0
1.31483,2.31524,0.0
1.31483,2.34382,0.0
1.31483,2.37241,0.0
1.31483,2.40099,0.0
1.31483,2.42957,0.0
1.31483,2.45816,0.0
1.34341,-2.42957,0.0
1.34341,-2.40099,0.0
1.34341,-2.37241,0.0
1.34341,-2.34382,0.0
1.34341,-2.31524,0.0
1.34341,-2.28666,0.0
1.34341,-2.25807,0.0
1.34341,-2.22949,0.0
1.34341,-2.20091,0.0
1.34341,-2.17232,0.0
1.34341,-2.14374,0.0
1.34341,-2.11516,0.0
1.34341,-2.08657,0.0
1.34341,-2.05799,0.0
1.34341,-2.02941,0.0
1.34341,-2.00082,0.0
1.34341,-1.97224,0.0
1.34341,-1.94366,0.0
1.34341,-1.91507,0.0
1.34341,-1.88649,0.0
1.34341,-1.85791,0.0
1.34341,-1.82933,0.0
1.34341,-1.80074,0.0
1.34341,-1.77216,0.0
1.34341,-1.74358,0.0
1.34341,-1.71499,0.0
1.34341,-1.68641,0.0
1.34341,-1.65783,0.0
1.34341,-1.62924,0.0
1.34341,-1.60066,0.0
1.34341,-1.57208,0.0
1.34341,-1.54349,0.0
1.34341,-1.51491,0.0
1.34341,-1.48633,0.0
1.34341,-1.45774,0.0
1.34341,-1.42916,0.0
1.34341,-1.40058,0.0
1.34341,-1.37199,0.0
1.34341,-1.34341,0.0
1.34341,-1.31483,0.0
1.34341,-1.28624,0.0
1.34341,-1.25766,0.0
1.34341,-1.22908,0.0
1.34341,-1.20049,0.0
1.34341,-1.17191,0.0
1.34341,-1.14333,0.0
1.34341,-1.11474,0.0
1.34341,-1.08616,0.0
1.34341,-1.05758,0.0
1.34341,-1.029,0.0
1.34341,-1.00041,0.0
1.34341,-0.97183,0.0
1.34341,-0.94325,0.0
1.34341,-0.91466,0.0
1.34341,-0.88608,0.0
1.34341,-0.8575,0.0
1.34341,-0.82891,0.0
1.34341,-0.80033,0.0
1.34341,-0.77175,0.0
1.34341,-0.74316,0.0
1.34341,-0.71458,0.0
1.34341,-0.686,0.0
1.34341,-0.65741,0.0
1.34341,-0.62883,0.0
1.34341,-0.60025,0.0
1.34341,-0.57166,0.0
1.34341,-0.54308,0.0
1.34341,-0.5145,0.0
1.34341,-0.48591,0.0
1.34341,-0.45733,0.0
1.34341,-0.42875,0.0
1.34341,-0.40016,0.0
1.34341,-0.37158,0.0
1.34341,-0.343,0.0
1.34341,-0.31442,0.0
1.34341,-0.28583,0.0
1.34341,-0.25725,0.0
1.34341,-0.22867,0.0
1.34341,-0.20008,0.0
1.34341,-0.1715,0.0
1.34341,-0.14292,0.0
1.34341,-0.11433,0.0
1.34341,-0.08575,0.0
1.34341,-0.05717,0.0
1.34341,-0.02858,0.0
1.34341,0,0.0
1.34341,0.02858,0.0
1.34341,0.05717,0.0
1.34341,0.08575,0.0
1.34341,0.11433,0.0
1.34341,0.14292,0.0
1.34341,0.1715,0.0
1.34341,0.20008,0.0
1.34341,0.22867,0.0
1.34341,0.25725,0.0
1.34341,0.28583,0.0
1.34341,0.31442,0.0
1.34341,0.343,0.0
1.34341,0.37158,0.0
1.34341,0.40016,0.0
1.34341,0.42875,0.0
1.34341,0.45733,0.0
1.34341,0.48591,0.0
1.34341,0.5145,0.0
1.34341,0.54308,0.0
1.34341,0.57166,0.0
1.34341,0.60025,0.0
1.34341,0.62883,0.0
1.34341,0.65741,0.0
1.34341,0.686,0.0
1.34341,0.71458,0.0
1.34341,0.74316,0.0
1.34341,0.77175,0.0
1.34341,0.80033,0.0
1.34341,0.82891,0.0
1.34341,0.8575,0.0
1.34341,0.88608,0.0
1.34341,0.91466,0.0
1.34341,0.94325,0.0
1.34341,0.97183,0.0
1.34341,1.00041,0.0
1.34341,1.029,0.0
1.34341,1.05758,0.0
1.34341,1.08616,0.0
1.34341,1.11474,0.0
1.34341,1.14333,0.0
1.34341,1.17191,0.0
1.34341,1.20049,0.0
1.34341,1.22908,0.0
1.34341,1.25766,0.0
1.34341,1.28624,0.0
1.34341,1.31483,0.0
1.34341,1.34341,0.0
1.34341,1.37199,0.0
1.34341,1.40058,0.0
1.34341,1.42916,0.0
1.34341,1.45774,0.0
1.34341,1.48633,0.0
1.34341,1.51491,0.0
1.34341,1.54349,0.0
1.34341,1.57208,0.0
1.34341,1.60066,0.0
1.34341,1.62924,0.0
1.34341,1.65783,0.0
1.34341,1.68641,0.0
1.34341,1.71499,0.0
1.34341,1.74358,0.0
1.34341,1.77216,0.0
1.34341,1.80074,0.0
1.34341,1.82933,0.0
1.34341,1.85791,0.0
1.34341,1.88649,0.0
1.34341,1.91507,0.0
1.34341,1.94366,0.0
1.34341,1.97224,0.0
1.34341,2.00082,0.0
1.34341,2.02941,0.0
1.34341,2.05799,0.0
1.34341,2.08657,0.0
1.34341,2.11516,0.0
1.34341,2.14374,0.0
1.34341,2.17232,0.0
1.34341,2.20091,0.0
1.34341,2.22949,0.0
1.34341,2.25807,0.0
1.34341,2.28666,0.0
1.34341,2.31524,0.0
1.34341,2.34382,0.0
1.34341,2.37241,0.0
1.34341,2.40099,0.0
1.34341,2.42957,0.0
1.37199,-2.42957,0.0
1.37199,-2.40099,0.0
1.37199,-2.37241,0.0
1.37199,-2.34382,0.0
1.37199,-2.31524,0.0
1.37199,-2.28666,0.0
1.37199,-2.25807,0.0
1.37199,-2.22949,0.0
1.37199,-2.20091,0.0
1.37199,-2.17232,0.0
1.37199,-2.14374,0.0
1.37199,-2.11516,0.0
1.37199,-2.08657,0.0
1.37199,-2.05799,0.0
1.37199,-2.02941,0.0
1.37199,-2.00082,0.0
1.37199,-1.97224,0.0
1.37199,-1.94366,0.0
1.37199,-1.91507,0.0
1.37199,-1.88649,0.0
1.37199,-1.85791,0.0
1.37199,-1.82933,0.0
1.37199,-1.80074,0.0
1.37199,-1.77216,0.0
1.37199,-1.74358,0.0
1.37199,-1.71499,0.0
1.37199,-1.68641,0.0
1.37199,-1.65783,0.0
1.37199,-1.62924,0.0
1.37199,-1.60066,0.0
1.37199,-1.57208,0.0
1.37199,-1.54349,0.0
1.37199,-1.51491,0.0
1.37199,-1.48633,0.0
1.37199,-1.45774,0.0
1.37199,-1.42916,0.0
1.37199,-1.40058,0.0
1.37199,-1.37199,0.0
1.37199,-1.34341,0.0
1.37199,-1.31483,0.0
1.37199,-1.28624,0.0
1.37199,-1.25766,0.0
1.37199,-1.22908,0.0
1.37199,-1.20049,0.0
1.37199,-1.17191,0.0
1.37199,-1.14333,0.0
1.37199,-1.11474,0.0
1.37199,-1.08616,0.0
1.37199,-1.05758,0.0
1.37199,-1.029,0.0
1.37199,-1.00041,0.0
1.37199,-0.97183,0.0
1.37199,-0.94325,0.0
1.37199,-0.91466,0.0
1.37199,-0.88608,0.0
1.37199,-0.8575,0.0
1.37199,-0.82891,0.0
1.37199,-0.80033,0.0
1.37199,-0.77175,0.0
1.37199,-0.74316,0.0
1.37199,-0.71458,0.0
1.37199,-0.686,0.0
1.37199,-0.65741,0.0
1.37199,-0.62883,0.0
1.37199,-0.60025,0.0
1.37199,-0.57166,0.0
1.37199,-0.54308,0.0
1.37199,-0.5145,0.0
1.37199,-0.48591,0.0
1.37199,-0.45733,0.0
1.37199,-0.42875,0.0
1.37199,-0.40016,0.0
1.37199,-0.37158,0.0
1.37199,-0.343,0.0
1.37199,-0.31442,0.0
1.37199,-0.28583,0.0
1.37199,-0.25725,0.0
1.37199,-0.22867,0.0
1.37199,-0.20008,0.0
1.37199,-0.1715,0.0
1.37199,-0.14292,0.0
1.37199,-0.11433,0.0
1.37199,-0.08575,0.0
1.37199,-0.05717,0.0
1.37199,-0.02858,0.0
1.37199,0,0.0
1.37199,0.02858,0.0
1.37199,0.05717,0.0
1.37199,0.08575,0.0
1.37199,0.11433,0.0
1.37199,0.14292,0.0
1.37199,0.1715,0.0
1.37199,0.20008,0.0
1.37199,0.22867,0.0
1.37199,0.25725,0.0
1.37199,0.28583,0.0
1.37199,0.31442,0.0
1.37199,0.343,0.0
1.37199,0.37158,0.0
1.37199,0.40016,0.0
1.37199,0.42875,0.0
1.37199,0.45733,0.0
1.37199,0.48591,0.0
1.37199,0.5145,0.0
1.37199,0.54308,0.0
1.37199,0.57166,0.0
1.37199,0.60025,0.0
1.37199,0.62883,0.0
1.37199,0.65741,0.0
1.37199,0.686,0.0
1.37199,0.71458,0.0
1.37199,0.74316,0.0
1.37199,0.77175,0.0
1.37199,0.80033,0.0
1.37199,0.82891,0.0
1.37199,0.8575,0.0
1.37199,0.88608,0.0
1.37199,0.91466,0.0
1.37199,0.94325,0.0
1.37199,0.97183,0.0
1.37199,1.00041,0.0
1.37199,1.029,0.0
1.37199,1.05758,0.0
1.37199,1.08616,0.0
1.37199,1.11474,0.0
1.37199,1.14333,0.0
1.37199,1.17191,0.0
1.37199,1.20049,0.0
1.37199,1.22908,0.0
1.37199,1.25766,0.0
1.37199,1.28624,0.0
1.37199,1.31483,0.0
1.37199,1.34341,0.0
1.37199,1.37199,0.0
1.37199,1.40058,0.0
1.37199,1.42916,0.0
1.37199,1.45774,0.0
1.37199,1.48633,0.0
1.37199,1.51491,0.0
1.37199,1.54349,0.0
1.37199,1.57208,0.0
1.37199,1.60066,0.0
1.37199,1.62924,0.0
1.37199,1.65783,0.0
1.37199,1.68641,0.0
1.37199,1.71499,0.0
1.37199,1.74358,0.0
1.37199,1.77216,0.0
1.37199,1.80074,0.0
1.37199,1.82933,0.0
1.37199,1.85791,0.0
1.37199,1.88649,0.0
1.37199,1.91507,0.0
1.37199,1.94366,0.0
1.37199,1.97224,0.0
1.37199,2.00082,0.0
1.37199,2.02941,0.0
1.37199,2.05799,0.0
1.37199,2.08657,0.0
1.37199,2.11516,0.0
1.37199,2.14374,0.0
1.37199,2.17232,0.0
1.37199,2.20091,0.0
1.37199,2.22949,0.0
1.37199,2.25807,0.0
1.37199,2.28666,0.0
1.37199,2.31524,0.0
1.37199,2.34382,0.0
1.37199,2.37241,0.0
1.37199,2.40099,0.0
1.37199,2.42957,0.0
1.40058,-2.40099,0.0
1.40058,-2.37241,0.0
1.40058,-2.34382,0.0
1.40058,-2.31524,0.0
1.40058,-2.28666,0.0
1.40058,-2.25807,0.0
1.40058,-2.22949,0.0
1.40058,-2.20091,0.0
1.40058,-2.17232,0.0
1.40058,-2.14374,0.0
1.40058,-2.11516,0.0
1.40058,-2.08657,0.0
1.40058,-2.05799,0.0
1.40058,-2.02941,0.0
1.40058,-2.00082,0.0
1.40058,-1.97224,0.0
1.40058,-1.94366,0.0
1.40058,-1.91507,0.0
1.40058,-1.88649,0.0
1.40058,-1.85791,0.0
1.40058,-1.82933,0.0
1.40058,-1.80074,0.0
1.40058,-1.77216,0.0
1.40058,-1.74358,0.0
1.40058,-1.71499,0.0
1.40058,-1.68641,0.0
1.40058,-1.65783,0.0
1.40058,-1.62924,0.0
1.40058,-1.60066,0.0
1.40058,-1.57208,0.0
1.40058,-1.54349,0.0
1.40058,-1.51491,0.0
1.40058,-1.48633,0.0
1.40058,-1.45774,0.0
1.40058,-1.42916,0.0
1.40058,-1.40058,0.0
1.40058,-1.37199,0.0
1.40058,-1.34341,0.0
1.40058,-1.31483,0.0
1.40058,-1.28624,0.0
1.40058,-1.25766,0.0
1.40058,-1.22908,0.0
1.40058,-1.20049,0.0
1.40058,-1.17191,0.0
1.40058,-1.14333,0.0
1.40058,-1.11474,0.0
1.40058,-1.08616,0.0
1.40058,-1.05758,0.0
1.40058,-1.029,0.0
1.40058,-1.00041,0.0
1.40058,-0.97183,0.0
1.40058,-0.94325,0.0
1.40058,-0.91466,0.0
1.40058,-0.88608,0.0
1.40058,-0.8575,0.0
1.40058,-0.82891,0.0
1.40058,-0.80033,0.0
1.40058,-0.77175,0.0
1.40058,-0.74316,0.0
1.40058,-0.71458,0.0
1.40058,-0.686,0.0
1.40058,-0.65741,0.0
1.40058,-0.62883,0.0
1.40058,-0.60025,0.0
1.40058,-0.57166,0.0
1.40058,-0.54308,0.0
1.40058,-0.5145,0.0
1.40058,-0.48591,0.0
1.40058,-0.45733,0.0
1.40058,-0.42875,0.0
1.40058,-0.40016,0.0
1.40058,-0.37158,0.0
1.40058,-0.343,0.0
1.40058,-0.31442,0.0
1.40058,-0.28583,0.0
1.40058,-0.25725,0.0
1.40058,-0.22867,0.0
1.40058,-0.20008,0.0
1.40058,-0.1715,0.0
1.40058,-0.14292,0.0
1.40058,-0.11433,0.0
1.40058,-0.08575,0.0
1.40058,-0.05717,0.0
1.40058,-0.02858,0.0
1.40058,0,0.0
1.40058,0.02858,0.0
1.40058,0.05717,0.0
1.40058,0.08575,0.0
1.40058,0.11433,0.0
1.40058,0.14292,0.0
1.40058,0.1715,0.0
1.40058,0.20008,0.0
1.40058,0.22867,0.0
1.40058,0.25725,0.0
1.40058,0.28583,0.0
1.40058,0.31442,0.0
1.40058,0.343,0.0
1.40058,0.37158,0.0
1.40058,0.40016,0.0
1.40058,0.42875,0.0
1.40058,0.45733,0.0
1.40058,0.48591,0.0
1.40058,0.5145,0.0
1.40058,0.54308,0.0
1.40058,0.57166,0.0
1.40058,0.60025,0.0
1.40058,0.62883,0.0
1.40058,0.65741,0.0
1.40058,0.686,0.0
1.40058,0.71458,0.0
1.40058,0.74316,0.0
1.40058,0.77175,0.0
1.40058,0.80033,0.0
1.40058,0.82891,0.0
1.40058,0.8575,0.0
1.40058,0.88608,0.0
1.40058,0.91466,0.0
1.40058,0.94325,0.0
1.40058,0.97183,0.0
1.40058,1.00041,0.0
1.40058,1.029,0.0
1.40058,1.05758,0.0
1.40058,1.08616,0.0
1.40058,1.11474,0.0
1.40058,1.14333,0.0
1.40058,1.17191,0.0
1.40058,1.20049,0.0
1.40058,1.22908,0.0
1.40058,1.25766,0.0
1.40058,1.28624,0.0
1.40058,1.31483,0.0
1.40058,1.34341,0.0
1.40058,1.37199,0.0
1.40058,1.40058,0.0
1.40058,1.42916,0.0
1.40058,1.45774,0.0
1.40058,1.48633,0.0
1.40058,1.51491,0.0
1.40058,1.54349,0.0
1.40058,1.57208,0.0
1.40058,1.60066,0.0
1.40058,1.62924,0.0
1.40058,1.65783,0.0
1.40058,1.68641,0.0
1.40058,1.71499,0.0
1.40058,1.74358,0.0
1.40058,1.77216,0.0
1.40058,1.80074,0.0
1.40058,1.82933,0.0
1.40058,1.85791,0.0
1.40058,1.88649,0.0
1.40058,1.91507,0.0
1.40058,1.94366,0.0
1.40058,1.97224,0.0
1.40058,2.00082,0.0
1.40058,2.02941,0.0
1.40058,2.05799,0.0
1.40058,2.08657,0.0
1.40058,2.11516,0.0
1.40058,2.14374,0.0
1.40058,2.17232,0.0
1.40058,2.20091,0.0
1.40058,2.22949,0.0
1.40058,2.25807,0.0
1.40058,2.28666,0.0
1.40058,2.31524,0.0
1.40058,2.34382,0.0
1.40058,2.37241,0.0
1.40058,2.40099,0.0
1.42916,-2.40099,0.0
1.42916,-2.37241,0.0
1.42916,-2.34382,0.0
1.42916,-2.31524,0.0
1.42916,-2.28666,0.0
1.42916,-2.25807,0.0
1.42916,-2.22949,0.0
1.42916,-2.20091,0.0
1.42916,-2.17232,0.0
1.42916,-2.14374,0.0
1.42916,-2.11516,0.0
1.42916,-2.08657,0.0
1.42916,-2.05799,0.0
1.42916,-2.02941,0.0
1.42916,-2.00082,0.0
1.42916,-1.97224,0.0
1.42916,-1.94366,0.0
1.42916,-1.91507,0.0
1.42916,-1.88649,0.0
1.42916,-1.85791,0.0
1.42916,-1.82933,0.0
1.42916,-1.80074,0.0
1.42916,-1.77216,0.0
1.42916,-1.74358,0.0
1.42916,-1.71499,0.0
1.42916,-1.68641,0.0
1.42916,-1.65783,0.0
1.42916,-1.62924,0.0
1.42916,-1.60066,0.0
1.42916,-1.57208,0.0
1.42916,-1.54349,0.0
1.42916,-1.51491,0.0
1.42916,-1.48633,0.0
1.42916,-1.45774,0.0
1.42916,-1.42916,0.0
1.42916,-1.40058,0.0
1.42916,-1.37199,0.0
1.42916,-1.34341,0.0
1.42916,-1.31483,0.0
1.42916,-1.28624,0.0
1.42916,-1.25766,0.0
1.42916,-1.22908,0.0
1.42916,-1.20049,0.0
1.42916,-1.17191,0.0
1.42916,-1.14333,0.0
1.42916,-1.11474,0.0
1.42916,-1.08616,0.0
1.42916,-1.05758,0.0
1.42916,-1.029,0.0
1.42916,-1.00041,0.0
1.42916,-0.97183,0.0
1.42916,-0.94325,0.0
1.42916,-0.91466,0.0
1.42916,-0.88608,0.0
1.42916,-0.8575,0.0
1.42916,-0.82891,0.0
1.42916,-0.80033,0.0
1.42916,-0.77175,0.0
1.42916,-0.74316,0.0
1.42916,-0.71458,0.0
1.42916,-0.686,0.0
1.42916,-0.65741,0.0
1.42916,-0.62883,0.0
1.42916,-0.60025,0.0
1.42916,-0.57166,0.0
1.42916,-0.54308,0.0
1.42916,-0.5145,0.0
1.42916,-0.48591,0.0
1.42916,-0.45733,0.0
1.42916,-0.42875,0.0
1.42916,-0.40016,0.0
1.42916,-0.37158,0.0
1.42916,-0.343,0.0
1.42916,-0.31442,0.0
1.42916,-0.28583,0.0
1.42916,-0.25725,0.0
1.42916,-0.22867,0.0
1.42916,-0.20008,0.0
1.42916,-0.1715,0.0
1.42916,-0.14292,0.0
1.42916,-0.11433,0.0
1.42916,-0.08575,0.0
1.42916,-0.05717,0.0
1.42916,-0.02858,0.0
1.42916,0,0.0
1.42916,0.02858,0.0
1.42916,0.05717,0.0
1.42916,0.08575,0.0
1.42916,0.11433,0.0
1.42916,0.14292,0.0
1.42916,0.1715,0.0
1.42916,0.20008,0.0
1.42916,0.22867,0.0
1.42916,0.25725,0.0
1.42916,0.28583,0.0
1.42916,0.31442,0.0
1.42916,0.343,0.0
1.42916,0.37158,0.0
1.42916,0.40016,0.0
1.42916,0.42875,0.0
1.42916,0.45733,0.0
1.42916,0.48591,0.0
1.42916,0.5145,0.0
1.42916,0.54308,0.0
1.42916,0.57166,0.0
1.42916,0.60025,0.0
1.42916,0.62883,0.0
1.42916,0.65741,0.0
1.42916,0.686,0.0
1.42916,0.71458,0.0
1.42916,0.74316,0.0
1.42916,0.77175,0.0
1.42916,0.80033,0.0
1.42916,0.82891,0.0
1.42916,0.8575,0.0
1.42916,0.88608,0.0
1.42916,0.91466,0.0
1.42916,0.94325,0.0
1.42916,0.97183,0.0
1.42916,1.00041,0.0
1.42916,1.029,0.0
1.42916,1.05758,0.0
1.42916,1.08616,0.0
1.42916,1.11474,0.0
1.42916,1.14333,0.0
1.42916,1.17191,0.0
1.42916,1.20049,0.0
1.42916,1.22908,0.0
1.42916,1.25766,0.0
1.42916,1.28624,0.0
1.42916,1.31483,0.0
1.42916,1.34341,0.0
1.42916,1.37199,0.0
1.42916,1.40058,0.0
1.42916,1.42916,0.0
1.42916,1.45774,0.0
1.42916,1.48633,0.0
1.42916,1.51491,0.0
1.42916,1.54349,0.0
1.42916,1.57208,0.0
1.42916,1.60066,0.0
1.42916,1.62924,0.0
1.42916,1.65783,0.0
1.42916,1.68641,0.0
1.42916,1.71499,0.0
1.42916,1.74358,0.0
1.42916,1.77216,0.0
1.42916,1.80074,0.0
1.42916,1.82933,0.0
1.42916,1.85791,0.0
1.42916,1.88649,0.0
1.42916,1.91507,0.0
1.42916,1.94366,0.0
1.42916,1.97224,0.0
1.42916,2.00082,0.0
1.42916,2.02941,0.0
1.42916,2.05799,0.0
1.42916,2.08657,0.0
1.42916,2.11516,0.0
1.42916,2.14374,0.0
1.42916,2.17232,0.0
1.42916,2.20091,0.0
1.42916,2.22949,0.0
1.42916,2.25807,0.0
1.42916,2.28666,0.0
1.42916,2.31524,0.0
1.42916,2.34382,0.0
1.42916,2.37241,0.0
1.42916,2.40099,0.0
1.45774,-2.37241,0.0
1.45774,-2.34382,0.0
1.45774,-2.31524,0.0
1.45774,-2.28666,0.0
1.45774,-2.25807,0.0
1.45774,-2.22949,0.0
1.45774,-2.20091,0.0
1.45774,-2.17232,0.0
1.45774,-2.14374,0.0
1.45774,-2.11516,0.0
1.45774,-2.08657,0.0
1.45774,-2.05799,0.0
1.45774,-2.02941,0.0
1.45774,-2.00082,0.0
1.45774,-1.97224,0.0
1.45774,-1.94366,0.0
1.45774,-1.91507,0.0
1.45774,-1.88649,0.0
1.45774,-1.85791,0.0
1.45774,-1.82933,0.0
1.45774,-1.80074,0.0
1.45774,-1.77216,0.0
1.45774,-1.74358,0.0
1.45774,-1.71499,0.0
1.45774,-1.68641,0.0
1.45774,-1.65783,0.0
1.45774,-1.62924,0.0
1.45774,-1.60066,0.0
1.45774,-1.57208,0.0
1.45774,-1.54349,0.0
1.45774,-1.51491,0.0
1.45774,-1.48633,0.0
1.45774,-1.45774,0.0
1.45774,-1.42916,0.0
1.45774,-1.40058,0.0
1.45774,-1.37199,0.0
1.45774,-1.34341,0.0
1.45774,-1.31483,0.0
1.45774,-1.28624,0.0
1.45774,-1.25766,0.0
1.45774,-1.22908,0.0
1.45774,-1.20049,0.0
1.45774,-1.17191,0.0
1.45774,-1.14333,0.0
1.45774,-1.11474,0.0
1.45774,-1.08616,0.0
1.45774,-1.05758,0.0
1.45774,-1.029,0.0
1.45774,-1.00041,0.0
1.45774,-0.97183,0.0
1.45774,-0.94325,0.0
1.45774,-0.91466,0.0
1.45774,-0.88608,0.0
1.45774,-0.8575,0.0
1.45774,-0.82891,0.0
1.45774,-0.80033,0.0
1.45774,-0.77175,0.0
1.45774,-0.74316,0.0
1.45774,-0.71458,0.0
1.45774,-0.686,0.0
1.45774,-0.65741,0.0
1.45774,-0.62883,0.0
1.45774,-0.60025,0.0
1.45774,-0.57166,0.0
1.45774,-0.54308,0.0
1.45774,-0.5145,0.0
1.45774,-0.48591,0.0
1.45774,-0.45733,0.0
1.45774,-0.42875,0.0
1.45774,-0.40016,0.0
1.45774,-0.37158,0.0
1.45774,-0.343,0.0
1.45774,-0.31442,0.0
1.45774,-0.28583,0.0
1.45774,-0.25725,0.0
1.45774,-0.22867,0.0
1.45774,-0.20008,0.0
1.45774,-0.1715,0.0
1.45774,-0.14292,0.0
1.45774,-0.11433,0.0
1.45774,-0.08575,0.0
1.45774,-0.05717,0.0
1.45774,-0.02858,0.0
1.45774,0,0.0
1.45774,0.02858,0.0
1.45774,0.05717,0.0
1.45774,0.08575,0.0
1.45774,0.11433,0.0
1.45774,0.14292,0.0
1.45774,0.1715,0.0
1.45774,0.20008,0.0
1.45774,0.22867,0.0
1.45774,0.25725,0.0
1.45774,0.28583,0.0
1.45774,0.31442,0.0
1.45774,0.343,0.0
1.45774,0.37158,0.0
1.45774,0.40016,0.0
1.45774,0.42875,0.0
1.45774,0.45733,0.0
1.45774,0.48591,0.0
1.45774,0.5145,0.0
1.45774,0.54308,0.0
1.45774,0.57166,0.0
1.45774,0.60025,0.0
1.45774,0.62883,0.0
1.45774,0.65741,0.0
1.45774,0.686,0.0
1.45774,0.71458,0.0
1.45774,0.74316,0.0
1.45774,0.77175,0.0
1.45774,0.80033,0.0
1.45774,0.82891,0.0
1.45774,0.8575,0.0
1.45774,0.88608,0.0
1.45774,0.91466,0.0
1.45774,0.94325,0.0
1.45774,0.97183,0.0
1.45774,1.00041,0.0
1.45774,1.029,0.0
1.45774,1.05758,0.0
1.45774,1.08616,0.0
1.45774,1.11474,0.0
1.45774,1.14333,0.0
1.45774,1.17191,0.0
1.45774,1.20049,0.0
1.45774,1.22908,0.0
1.45774,1.25766,0.0
1.45774,1.28624,0.0
1.45774,1.31483,0.0
1.45774,1.34341,0.0
1.45774,1.37199,0.0
1.45774,1.40058,0.0
1.45774,1.42916,0.0
1.45774,1.45774,0.0
1.45774,1.48633,0.0
1.45774,1.51491,0.0
1.45774,1.54349,0.0
1.45774,1.57208,0.0
1.45774,1.60066,0.0
1.45774,1.62924,0.0
1.45774,1.65783,0.0
1.45774,1.68641,0.0
1.45774,1.71499,0.0
1.45774,1.74358,0.0
1.45774,1.77216,0.0
1.45774,1.80074,0.0
1.45774,1.82933,0.0
1.45774,1.85791,0.0
1.45774,1.88649,0.0
1.45774,1.91507,0.0
1.45774,1.94366,0.0
1.45774,1.97224,0.0
1.45774,2.00082,0.0
1.45774,2.02941,0.0
1.45774,2.05799,0.0
1.45774,2.08657,0.0
1.45774,2.11516,0.0
1.45774,2.14374,0.0
1.45774,2.17232,0.0
1.45774,2.20091,0.0
1.45774,2.22949,0.0
1.45774,2.25807,0.0
1.45774,2.28666,0.0
1.45774,2.31524,0.0
1.45774,2.34382,0.0
1.45774,2.37241,0.0
1.48633,-2.37241,0.0
1.48633,-2.34382,0.0
1.48633,-2.31524,0.0
1.48633,-2.28666,0.0
1.48633,-2.25807,0.0
1.48633,-2.22949,0.0
1.48633,-2.20091,0.0
1.48633,-2.17232,0.0
1.48633,-2.14374,0.0
1.48633,-2.11516,0.0
1.48633,-2.08657,0.0
1.48633,-2.05799,0.0
1.48633,-2.02941,0.0
1.48633,-2.00082,0.0
1.48633,-1.97224,0.0
1.48633,-1.94366,0.0
1.48633,-1.91507,0.0
1.48633,-1.88649,0.0
1.48633,-1.85791,0.0
1.48633,-1.82933,0.0
1.48633,-1.80074,0.0
1.48633,-1.77216,0.0
1.48633,-1.74358,0.0
1.48633,-1.71499,0.0
1.48633,-1.68641,0.0
1.48633,-1.65783,0.0
1.48633,-1.62924,0.0
1.48633,-1.60066,0.0
1.48633,-1.57208,0.0
1.48633,-1.54349,0.0
1.48633,-1.51491,0.0
1.48633,-1.48633,0.0
1.48633,-1.45774,0.0
1.48633,-1.42916,0.0
1.48633,-1.40058,0.0
1.48633,-1.37199,0.0
1.48633,-1.34341,0.0
1.48633,-1.31483,0.0
1.48633,-1.28624,0.0
1.48633,-1.25766,0.0
1.48633,-1.22908,0.0
1.48633,-1.20049,0.0
1.48633,-1.17191,0.0
1.48633,-1.14333,0.0
1.48633,-1.11474,0.0
1.48633,-1.08616,0.0
1.48633,-1.05758,0.0
1.48633,-1.029,0.0
1.48633,-1.00041,0.0
1.48633,-0.97183,0.0
1.48633,-0.94325,0.0
1.48633,-0.91466,0.0
1.48633,-0.88608,0.0
1.48633,-0.8575,0.0
1.48633,-0.82891,0.0
1.48633,-0.80033,0.0
1.48633,-0.77175,0.0
1.48633,-0.74316,0.0
1.48633,-0.71458,0.0
1.48633,-0.686,0.0
1.48633,-0.65741,0.0
1.48633,-0.62883,0.0
1.48633,-0.60025,0.0
1.48633,-0.57166,0.0
1.48633,-0.54308,0.0
1.48633,-0.5145,0.0
1.48633,-0.48591,0.0
1.48633,-0.45733,0.0
1.48633,-0.42875,0.0
1.48633,-0.40016,0.0
1.48633,-0.37158,0.0
1.48633,-0.343,0.0
1.48633,-0.31442,0.0
1.48633,-0.28583,0.0
1.48633,-0.25725,0.0
1.48633,-0.22867,0.0
1.48633,-0.20008,0.0
1.48633,-0.1715,0.0
1.48633,-0.14292,0.0
1.48633,-0.11433,0.0
1.48633,-0.08575,0.0
1.48633,-0.05717,0.0
1.48633,-0.02858,0.0
1.48633,0,0.0
1.48633,0.02858,0.0
1.48633,0.05717,0.0
1.48633,0.08575,0.0
1.48633,0.11433,0.0
1.48633,0.14292,0.0
1.48633,0.1715,0.0
1.48633,0.20008,0.0
1.48633,0.22867,0.0
1.48633,0.25725,0.0
1.48633,0.28583,0.0
1.48633,0.31442,0.0
1.48633,0.343,0.0
1.48633,0.37158,0.0
1.48633,0.40016,0.0
1.48633,0.42875,0.0
1.48633,0.45733,0.0
1.48633,0.48591,0.0
1.48633,0.5145,0.0
1.48633,0.54308,0.0
1.48633,0.57166,0.0
1.48633,0.60025,0.0
1.48633,0.62883,0.0
1.48633,0.65741,0.0
1.48633,0.686,0.0
1.48633,0.71458,0.0
1.48633,0.74316,0.0
1.48633,0.77175,0.0
1.48633,0.80033,0.0
1.48633,0.82891,0.0
1.48633,0.8575,0.0
1.48633,0.88608,0.0
1.48633,0.91466,0.0
1.48633,0.94325,0.0
1.48633,0.97183,0.0
1.48633,1.00041,0.0
1.48633,1.029,0.0
1.48633,1.05758,0.0
1.48633,1.08616,0.0
1.48633,1.11474,0.0
1.48633,1.14333,0.0
1.48633,1.17191,0.0
1.48633,1.20049,0.0
1.48633,1.22908,0.0
1.48633,1.25766,0.0
1.48633,1.28624,0.0
1.48633,1.31483,0.0
1.48633,1.34341,0.0
1.48633,1.37199,0.0
1.48633,1.40058,0.0
1.48633,1.42916,0.0
1.48633,1.45774,0.0
1.48633,1.48633,0.0
1.48633,1.51491,0.0
1.48633,1.54349,0.0
1.48633,1.57208,0.0
1.48633,1.60066,0.0
1.48633,1.62924,0.0
1.48633,1.65783,0.0
1.48633,1.68641,0.0
1.48633,1.71499,0.0
1.48633,1.74358,0.0
1.48633,1.77216,0.0
1.48633,1.80074,0.0
1.48633,1.82933,0.0
1.48633,1.85791,0.0
1.48633,1.88649,0.0
1.48633,1.91507,0.0
1.48633,1.94366,0.0
1.48633,1.97224,0.0
1.48633,2.00082,0.0
1.48633,2.02941,0.0
1.48633,2.05799,0.0
1.48633,2.08657,0.0
1.48633,2.11516,0.0
1.48633,2.14374,0.0
1.48633,2.17232,0.0
1.48633,2.20091,0.0
1.48633,2.22949,0.0
1.48633,2.25807,0.0
1.48633,2.28666,0.0
1.48633,2.31524,0.0
1.48633,2.34382,0.0
1.48633,2.37241,0.0
1.51491,-2.34382,0.0
1.51491,-2.31524,0.0
1.51491,-2.28666,0.0
1.51491,-2.25807,0.0
1.51491,-2.22949,0.0
1.51491,-2.20091,0.0
1.51491,-2.17232,0.0
1.51491,-2.14374,0.0
1.51491,-2.11516,0.0
1.51491,-2.08657,0.0
1.51491,-2.05799,0.0
1.51491,-2.02941,0.0
1.51491,-2.00082,0.0
1.51491,-1.97224,0.0
1.51491,-1.94366,0.0
1.51491,-1.91507,0.0
1.51491,-1.88649,0.0
1.51491,-1.85791,0.0
1.51491,-1.82933,0.0
1.51491,-1.80074,0.0
1.51491,-1.77216,0.0
1.51491,-1.74358,0.0
1.51491,-1.71499,0.0
1.51491,-1.68641,0.0
1.51491,-1.65783,0.0
1.51491,-1.62924,0.0
1.51491,-1.60066,0.0
1.51491,-1.57208,0.0
1.51491,-1.54349,0.0
1.51491,-1.51491,0.0
1.51491,-1.48633,0.0
1.51491,-1.45774,0.0
1.51491,-1.42916,0.0
1.51491,-1.40058,0.0
1.51491,-1.37199,0.0
1.51491,-1.34341,0.0
1.51491,-1.31483,0.0
1.51491,-1.28624,0.0
1.51491,-1.25766,0.0
1.51491,-1.22908,0.0
1.51491,-1.20049,0.0
1.51491,-1.17191,0.0
1.51491,-1.14333,0.0
1.51491,-1.11474,0.0
1.51491,-1.08616,0.0
1.51491,-1.05758,0.0
1.51491,-1.029,0.0
1.51491,-1.00041,0.0
1.51491,-0.97183,0.0
1.51491,-0.94325,0.0
1.51491,-0.91466,0.0
1.51491,-0.88608,0.0
1.51491,-0.8575,0.0
1.51491,-0.82891,0.0
1.51491,-0.80033,0.0
1.51491,-0.77175,0.0
1.51491,-0.74316,0.0
1.51491,-0.71458,0.0
1.51491,-0.686,0.0
1.51491,-0.65741,0.0
1.51491,-0.62883,0.0
1.51491,-0.60025,0.0
1.51491,-0.57166,0.0
1.51491,-0.54308,0.0
1.51491,-0.5145,0.0
1.51491,-0.48591,0.0
1.51491,-0.45733,0.0
1.51491,-0.42875,0.0
1.51491,-0.40016,0.0
1.51491,-0.37158,0.0
1.51491,-0.343,0.0
1.51491,-0.31442,0.0
1.51491,-0.28583,0.0
1.51491,-0.25725,0.0
1.51491,-0.22867,0.0
1.51491,-0.20008,0.0
1.51491,-0.1715,0.0
1.51491,-0.14292,0.0
1.51491,-0.11433,0.0
1.51491,-0.08575,0.0
1.51491,-0.05717,0.0
1.51491,-0.02858,0.0
1.51491,0,0.0
1.51491,0.02858,0.0
1.51491,0.05717,0.0
1.51491,0.08575,0.0
1.51491,0.11433,0.0
1.51491,0.14292,0.0
1.51491,0.1715,0.0
1.51491,0.20008,0.0
1.51491,0.22867,0.0
1.51491,0.25725,0.0
1.51491,0.28583,0.0
1.51491,0.31442,0.0
1.51491,0.343,0.0
1.51491,0.37158,0.0
1.51491,0.40016,0.0
1.51491,0.42875,0.0
1.51491,0.45733,0.0
1.51491,0.48591,0.0
1.51491,0.5145,0.0
1.51491,0.54308,0.0
1.51491,0.57166,0.0
1.51491,0.60025,0.0
1.51491,0.62883,0.0
1.51491,0.65741,0.0
1.51491,0.686,0.0
1.51491,0.71458,0.0
1.51491,0.74316,0.0
1.51491,0.77175,0.0
1.51491,0.80033,0.0
1.51491,0.82891,0.0
1.51491,0.8575,0.0
1.51491,0.88608,0.0
1.51491,0.91466,0.0
1.51491,0.94325,0.0
1.51491,0.97183,0.0
1.51491,1.00041,0.0
1.51491,1.029,0.0
1.51491,1.05758,0.0
1.51491,1.08616,0.0
1.51491,1.11474,0.0
1.51491,1.14333,0.0
1.51491,1.17191,0.0
1.51491,1.20049,0.0
1.51491,1.22908,0.0
1.51491,1.25766,0.0
1.51491,1.28624,0.0
1.51491,1.31483,0.0
1.51491,1.34341,0.0
1.51491,1.37199,0.0
1.51491,1.40058,0.0
1.51491,1.42916,0.0
1.51491,1.45774,0.0
1.51491,1.48633,0.0
1.51491,1.51491,0.0
1.51491,1.54349,0.0
1.51491,1.57208,0.0
1.51491,1.60066,0.0
1.51491,1.62924,0.0
1.51491,1.65783,0.0
1.51491,1.68641,0.0
1.51491,1.71499,0.0
1.51491,1.74358,0.0
1.51491,1.77216,0.0
1.51491,1.80074,0.0
1.51491,1.82933,0.0
1.51491,1.85791,0.0
1.51491,1.88649,0.0
1.51491,1.91507,0.0
1.51491,1.94366,0.0
1.51491,1.97224,0.0
1.51491,2.00082,0.0
1.51491,2.02941,0.0
1.51491,2.05799,0.0
1.51491,2.08657,0.0
1.51491,2.11516,0.0
1.51491,2.14374,0.0
1.51491,2.17232,0.0
1.51491,2.20091,0.0
1.51491,2.22949,0.0
1.51491,2.25807,0.0
1.51491,2.28666,0.0
1.51491,2.31524,0.0
1.51491,2.34382,0.0
1.54349,-2.31524,0.0
1.54349,-2.28666,0.0
1.54349,-2.25807,0.0
1.54349,-2.22949,0.0
1.54349,-2.20091,0.0
1.54349,-2.17232,0.0
1.54349,-2.14374,0.0
1.54349,-2.11516,0.0
1.54349,-2.08657,0.0
1.54349,-2.05799,0.0
1.54349,-2.02941,0.0
1.54349,-2.00082,0.0
1.54349,-1.97224,0.0
1.54349,-1.94366,0.0
1.54349,-1.91507,0.0
1.54349,-1.88649,0.0
1.54349,-1.85791,0.0
1.54349,-1.82933,0.0
1.54349,-1.80074,0.0
1.54349,-1.77216,0.0
1.54349,-1.74358,0.0
1.54349,-1.71499,0.0
1.54349,-1.68641,0.0
1.54349,-1.65783,0.0
1.54349,-1.62924,0.0
1.54349,-1.60066,0.0
1.54349,-1.57208,0.0
1.54349,-1.54349,0.0
1.54349,-1.51491,0.0
1.54349,-1.48633,0.0
1.54349,-1.45774,0.0
1.54349,-1.42916,0.0
1.54349,-1.40058,0.0
1.54349,-1.37199,0.0
1.54349,-1.34341,0.0
1.54349,-1.31483,0.0
1.54349,-1.28624,0.0
1.54349,-1.25766,0.0
1.54349,-1.22908,0.0
1.54349,-1.20049,0.0
1.54349,-1.17191,0.0
1.54349,-1.14333,0.0
1.54349,-1.11474,0.0
1.54349,-1.08616,0.0
1.54349,-1.05758,0.0
1.54349,-1.029,0.0
1.54349,-1.00041,0.0
1.54349,-0.97183,0.0
1.54349,-0.94325,0.0
1.54349,-0.91466,0.0
1.54349,-0.88608,0.0
1.54349,-0.8575,0.0
1.54349,-0.82891,0.0
1.54349,-0.80033,0.0
1.54349,-0.77175,0.0
1.54349,-0.74316,0.0
1.54349,-0.71458,0.0
1.54349,-0.686,0.0
1.54349,-0.65741,0.0
1.54349,-0.62883,0.0
1.54349,-0.60025,0.0
1.54349,-0.57166,0.0
1.54349,-0.54308,0.0
1.54349,-0.5145,0.0
1.54349,-0.48591,0.0
1.54349,-0.45733,0.0
1.54349,-0.42875,0.0
1.54349,-0.40016,0.0
1.54349,-0.37158,0.0
1.54349,-0.343,0.0
1.54349,-0.31442,0.0
1.54349,-0.28583,0.0
1.54349,-0.25725,0.0
1.54349,-0.22867,0.0
1.54349,-0.20008,0.0
1.54349,-0.1715,0.0
1.54349,-0.14292,0.0
1.54349,-0.11433,0.0
1.54349,-0.08575,0.0
1.54349,-0.05717,0.0
1.54349,-0.02858,0.0
1.54349,0,0.0
1.54349,0.02858,0.0
1.54349,0.05717,0.0
1.54349,0.08575,0.0
1.54349,0.11433,0.0
1.54349,0.14292,0.0
1.54349,0.1715,0.0
1.54349,0.20008,0.0
1.54349,0.22867,0.0
1.54349,0.25725,0.0
1.54349,0.28583,0.0
1.54349,0.31442,0.0
1.54349,0.343,0.0
1.54349,0.37158,0.0
1.54349,0.40016,0.0
1.54349,0.42875,0.0
1.54349,0.45733,0.0
1.54349,0.48591,0.0
1.54349,0.5145,0.0
1.54349,0.54308,0.0
1.54349,0.57166,0.0
1.54349,0.60025,0.0
1.54349,0.62883,0.0
1.54349,0.65741,0.0
1.54349,0.686,0.0
1.54349,0.71458,0.0
1.54349,0.74316,0.0
1.54349,0.77175,0.0
1.54349,0.80033,0.0
1.54349,0.82891,0.0
1.54349,0.8575,0.0
1.54349,0.88608,0.0
1.54349,0.91466,0.0
1.54349,0.94325,0.0
1.54349,0.97183,0.0
1.54349,1.00041,0.0
1.54349,1.029,0.0
1.54349,1.05758,0.0
1.54349,1.08616,0.0
1.54349,1.11474,0.0
1.54349,1.14333,0.0
1.54349,1.17191,0.0
1.54349,1.20049,0.0
1.54349,1.22908,0.0
1.54349,1.25766,0.0
1.54349,1.28624,0.0
1.54349,1.31483,0.0
1.54349,1.34341,0.0
1.54349,1.37199,0.0
1.54349,1.40058,0.0
1.54349,1.42916,0.0
1.54349,1.45774,0.0
1.54349,1.48633,0.0
1.54349,1.51491,0.0
1.54349,1.54349,0.0
1.54349,1.57208,0.0
1.54349,1.60066,0.0
1.54349,1.62924,0.0
1.54349,1.65783,0.0
1.54349,1.68641,0.0
1.54349,1.71499,0.0
1.54349,1.74358,0.0
1.54349,1.77216,0.0
1.54349,1.80074,0.0
1.54349,1.82933,0.0
1.54349,1.85791,0.0
1.54349,1.88649,0.0
1.54349,1.91507,0.0
1.54349,1.94366,0.0
1.54349,1.97224,0.0
1.54349,2.00082,0.0
1.54349,2.02941,0.0
1.54349,2.05799,0.0
1.54349,2.08657,0.0
1.54349,2.11516,0.0
1.54349,2.14374,0.0
1.54349,2.17232,0.0
1.54349,2.20091,0.0
1.54349,2.22949,0.0
1.54349,2.25807,0.0
1.54349,2.28666,0.0
1.54349,2.31524,0.0
1.57208,-2.31524,0.0
1.57208,-2.28666,0.0
1.57208,-2.25807,0.0
1.57208,-2.22949,0.0
1.57208,-2.20091,0.0
1.57208,-2.17232,0.0
1.57208,-2.14374,0.0
1.57208,-2.11516,0.0
1.57208,-2.08657,0.0
1.57208,-2.05799,0.0
1.57208,-2.02941,0.0
1.57208,-2.00082,0.0
1.57208,-1.97224,0.0
1.57208,-1.94366,0.0
1.57208,-1.91507,0.0
1.57208,-1.88649,0.0
1.57208,-1.85791,0.0
1.57208,-1.82933,0.0
1.57208,-1.80074,0.0
1.57208,-1.77216,0.0
1.57208,-1.74358,0.0
1.57208,-1.71499,0.0
1.57208,-1.68641,0.0
1.57208,-1.65783,0.0
1.57208,-1.62924,0.0
1.57208,-1.60066,0.0
1.57208,-1.57208,0.0
1.57208,-1.54349,0.0
1.57208,-1.51491,0.0
1.57208,-1.48633,0.0
1.57208,-1.45774,0.0
1.57208,-1.42916,0.0
1.57208,-1.40058,0.0
1.57208,-1.37199,0.0
1.57208,-1.34341,0.0
1.57208,-1.31483,0.0
1.57208,-1.28624,0.0
1.57208,-1.25766,0.0
1.57208,-1.22908,0.0
1.57208,-1.20049,0.0
1.57208,-1.17191,0.0
1.57208,-1.14333,0.0
1.57208,-1.11474,0.0
1.57208,-1.08616,0.0
1.57208,-1.05758,0.0
1.57208,-1.029,0.0
1.57208,-1.00041,0.0
1.57208,-0.97183,0.0
1.57208,-0.94325,0.0
1.57208,-0.91466,0.0
1.57208,-0.88608,0.0
1.57208,-0.8575,0.0
1.57208,-0.82891,0.0
1.57208,-0.80033,0.0
1.57208,-0.77175,0.0
1.57208,-0.74316,0.0
1.57208,-0.71458,0.0
1.57208,-0.686,0.0
1.57208,-0.65741,0.0
1.57208,-0.62883,0.0
1.57208,-0.60025,0.0
1.57208,-0.57166,0.0
1.57208,-0.54308,0.0
1.57208,-0.5145,0.0
1.57208,-0.48591,0.0
1.57208,-0.45733,0.0
1.57208,-0.42875,0.0
1.57208,-0.40016,0.0
1.57208,-0.37158,0.0
1.57208,-0.343,0.0
1.57208,-0.31442,0.0
1.57208,-0.28583,0.0
1.57208,-0.25725,0.0
1.57208,-0.22867,0.0
1.57208,-0.20008,0.0
1.57208,-0.1715,0.0
1.57208,-0.14292,0.0
1.57208,-0.11433,0.0
1.57208,-0.08575,0.0
1.57208,-0.05717,0.0
1.57208,-0.02858,0.0
1.57208,0,0.0
1.57208,0.02858,0.0
1.57208,0.05717,0.0
1.57208,0.08575,0.0
1.57208,0.11433,0.0
1.57208,0.14292,0.0
1.57208,0.1715,0.0
1.57208,0.20008,0.0
1.57208,0.22867,0.0
1.57208,0.25725,0.0
1.57208,0.28583,0.0
1.57208,0.31442,0.0
1.57208,0.343,0.0
1.57208,0.37158,0.0
1.57208,0.40016,0.0
1.57208,0.42875,0.0
1.57208,0.45733,0.0
1.57208,0.48591,0.0
1.57208,0.5145,0.0
1.57208,0.54308,0.0
1.57208,0.57166,0.0
1.57208,0.60025,0.0
1.57208,0.62883,0.0
1.57208,0.65741,0.0
1.57208,0.686,0.0
1.57208,0.71458,0.0
1.57208,0.74316,0.0
1.57208,0.77175,0.0
1.57208,0.80033,0.0
1.57208,0.82891,0.0
1.57208,0.8575,0.0
1.57208,0.88608,0.0
1.57208,0.91466,0.0
1.57208,0.94325,0.0
1.57208,0.97183,0.0
1.57208,1.00041,0.0
1.57208,1.029,0.0
1.57208,1.05758,0.0
1.57208,1.08616,0.0
1.57208,1.11474,0.0
1.57208,1.14333,0.0
1.57208,1.17191,0.0
1.57208,1.20049,0.0
1.57208,1.22908,0.0
1.57208,1.25766,0.0
1.57208,1.28624,0.0
1.57208,1.31483,0.0
1.57208,1.34341,0.0
1.57208,1.37199,0.0
1.57208,1.40058,0.0
1.57208,1.42916,0.0
1.57208,1.45774,0.0
1.57208,1.48633,0.0
1.57208,1.51491,0.0
1.57208,1.54349,0.0
1.57208,1.57208,0.0
1.57208,1.60066,0.0
1.57208,1.62924,0.0
1.57208,1.65783,0.0
1.57208,1.68641,0.0
1.57208,1.71499,0.0
1.57208,1.74358,0.0
1.57208,1.77216,0.0
1.57208,1.80074,0.0
1.57208,1.82933,0.0
1.57208,1.85791,0.0
1.57208,1.88649,0.0
1.57208,1.91507,0.0
1.57208,1.94366,0.0
1.57208,1.97224,0.0
1.57208,2.00082,0.0
1.57208,2.02941,0.0
1.57208,2.05799,0.0
1.57208,2.08657,0.0
1.57208,2.11516,0.0
1.57208,2.14374,0.0
1.57208,2.17232,0.0
1.57208,2.20091,0.0
1.57208,2.22949,0.0
1.57208,2.25807,0.0
1.57208,2.28666,0.0
1.57208,2.31524,0.0
1.60066,-2.28666,0.0
1.60066,-2.25807,0.0
1.60066,-2.22949,0.0
1.60066,-2.20091,0.0
1.60066,-2.17232,0.0
1.60066,-2.14374,0.0
1.60066,-2.11516,0.0
1.60066,-2.08657,0.0
1.60066,-2.05799,0.0
1.60066,-2.02941,0.0
1.60066,-2.00082,0.0
1.60066,-1.97224,0.0
1.60066,-1.94366,0.0
1.60066,-1.91507,0.0
1.60066,-1.88649,0.0
1.60066,-1.85791,0.0
1.60066,-1.82933,0.0
1.60066,-1.80074,0.0
1.60066,-1.77216,0.0
1.60066,-1.74358,0.0
1.60066,-1.71499,0.0
1.60066,-1.68641,0.0
1.60066,-1.65783,0.0
1.60066,-1.62924,0.0
1.60066,-1.60066,0.0
1.60066,-1.57208,0.0
1.60066,-1.54349,0.0
1.60066,-1.51491,0.0
1.60066,-1.48633,0.0
1.60066,-1.45774,0.0
1.60066,-1.42916,0.0
1.60066,-1.40058,0.0
1.60066,-1.37199,0.0
1.60066,-1.34341,0.0
1.60066,-1.31483,0.0
1.60066,-1.28624,0.0
1.60066,-1.25766,0.0
1.60066,-1.22908,0.0
1.60066,-1.20049,0.0
1.60066,-1.17191,0.0
1.60066,-1.14333,0.0
1.60066,-1.11474,0.0
1.60066,-1.08616,0.0
1.60066,-1.05758,0.0
1.60066,-1.029,0.0
1.60066,-1.00041,0.0
1.60066,-0.97183,0.0
1.60066,-0.94325,0.0
1.60066,-0.91466,0.0
1.60066,-0.88608,0.0
1.60066,-0.8575,0.0
1.60066,-0.82891,0.0
1.60066,-0.80033,0.0
1.60066,-0.77175,0.0
1.60066,-0.74316,0.0
1.60066,-0.71458,0.0
1.60066,-0.686,0.0
1.60066,-0.65741,0.0
1.60066,-0.62883,0.0
1.60066,-0.60025,0.0
1.60066,-0.57166,0.0
1.60066,-0.54308,0.0
1.60066,-0.5145,0.0
1.60066,-0.48591,0.0
1.60066,-0.45733,0.0
1.60066,-0.42875,0.0
1.60066,-0.40016,0.0
1.60066,-0.37158,0.0
1.60066,-0.343,0.0
1.60066,-0.31442,0.0
1.60066,-0.28583,0.0
1.60066,-0.25725,0.0
1.60066,-0.22867,0.0
1.60066,-0.20008,0.0
1.60066,-0.1715,0.0
1.60066,-0.14292,0.0
1.60066,-0.11433,0.0
1.60066,-0.08575,0.0
1.60066,-0.05717,0.0
1.60066,-0.02858,0.0
1.60066,0,0.0
1.60066,0.02858,0.0
1.60066,0.05717,0.0
1.60066,0.08575,0.0
1.60066,0.11433,0.0
1.60066,0.14292,0.0
1.60066,0.1715,0.0
1.60066,0.20008,0.0
1.60066,0.22867,0.0
1.60066,0.25725,0.0
1.60066,0.28583,0.0
1.60066,0.31442,0.0
1.60066,0.343,0.0
1.60066,0.37158,0.0
1.60066,0.40016,0.0
1.60066,0.42875,0.0
1.60066,0.45733,0.0
1.60066,0.48591,0.0
1.60066,0.5145,0.0
1.60066,0.54308,0.0
1.60066,0.57166,0.0
1.60066,0.60025,0.0
1.60066,0.62883,0.0
1.60066,0.65741,0.0
1.60066,0.686,0.0
1.60066,0.71458,0.0
1.60066,0.74316,0.0
1.60066,0.77175,0.0
1.60066,0.80033,0.0
1.60066,0.82891,0.0
1.60066,0.8575,0.0
1.60066,0.88608,0.0
1.60066,0.91466,0.0
1.60066,0.94325,0.0
1.60066,0.97183,0.0
1.60066,1.00041,0.0
1.60066,1.029,0.0
1.60066,1.05758,0.0
1.60066,1.08616,0.0
1.60066,1.11474,0.0
1.60066,1.14333,0.0
1.60066,1.17191,0.0
1.60066,1.20049,0.0
1.60066,1.22908,0.0
1.60066,1.25766,0.0
1.60066,1.28624,0.0
1.60066,1.31483,0.0
1.60066,1.34341,0.0
1.60066,1.37199,0.0
1.60066,1.40058,0.0
1.60066,1.42916,0.0
1.60066,1.45774,0.0
1.60066,1.48633,0.0
1.60066,1.51491,0.0
1.60066,1.54349,0.0
1.60066,1.57208,0.0
1.60066,1.60066,0.0
1.60066,1.62924,0.0
1.60066,1.65783,0.0
1.60066,1.68641,0.0
1.60066,1.71499,0.0
1.60066,1.74358,0.0
1.60066,1.77216,0.0
1.60066,1.80074,0.0
1.60066,1.82933,0.0
1.60066,1.85791,0.0
1.60066,1.88649,0.0
1.60066,1.91507,0.0
1.60066,1.94366,0.0
1.60066,1.97224,0.0
1.60066,2.00082,0.0
1.60066,2.02941,0.0
1.60066,2.05799,0.0
1.60066,2.08657,0.0
1.60066,2.11516,0.0
1.60066,2.14374,0.0
1.60066,2.17232,0.0
1.60066,2.20091,0.0
1.60066,2.22949,0.0
1.60066,2.25807,0.0
1.60066,2.28666,0.0
1.62924,-2.25807,0.0
1.62924,-2.22949,0.0
1.62924,-2.20091,0.0
1.62924,-2.17232,0.0
1.62924,-2.14374,0.0
1.62924,-2.11516,0.0
1.62924,-2.08657,0.0
1.62924,-2.05799,0.0
1.62924,-2.02941,0.0
1.62924,-2.00082,0.0
1.62924,-1.97224,0.0
1.62924,-1.94366,0.0
1.62924,-1.91507,0.0
1.62924,-1.88649,0.0
1.62924,-1.85791,0.0
1.62924,-1.82933,0.0
1.62924,-1.80074,0.0
1.62924,-1.77216,0.0
1.62924,-1.74358,0.0
1.62924,-1.71499,0.0
1.62924,-1.68641,0.0
1.62924,-1.65783,0.0
1.62924,-1.62924,0.0
1.62924,-1.60066,0.0
1.62924,-1.57208,0.0
1.62924,-1.54349,0.0
1.62924,-1.51491,0.0
1.62924,-1.48633,0.0
1.62924,-1.45774,0.0
1.62924,-1.42916,0.0
1.62924,-1.40058,0.0
1.62924,-1.37199,0.0
1.62924,-1.34341,0.0
1.62924,-1.31483,0.0
1.62924,-1.28624,0.0
1.62924,-1.25766,0.0
1.62924,-1.22908,0.0
1.62924,-1.20049,0.0
1.62924,-1.17191,0.0
1.62924,-1.14333,0.0
1.62924,-1.11474,0.0
1.62924,-1.08616,0.0
1.62924,-1.05758,0.0
1.62924,-1.029,0.0
1.62924,-1.00041,0.0
1.62924,-0.97183,0.0
1.62924,-0.94325,0.0
1.62924,-0.91466,0.0
1.62924,-0.88608,0.0
1.62924,-0.8575,0.0
1.62924,-0.82891,0.0
1.62924,-0.80033,0.0
1.62924,-0.77175,0.0
1.62924,-0.74316,0.0
1.62924,-0.71458,0.0
1.62924,-0.686,0.0
1.62924,-0.65741,0.0
1.62924,-0.62883,0.0
1.62924,-0.60025,0.0
1.62924,-0.57166,0.0
1.62924,-0.54308,0.0
1.62924,-0.5145,0.0
1.62924,-0.48591,0.0
1.62924,-0.45733,0.0
1.62924,-0.42875,0.0
1.62924,-0.40016,0.0
1.62924,-0.37158,0.0
1.62924,-0.343,0.0
1.62924,-0.31442,0.0
1.62924,-0.28583,0.0
1.62924,-0.25725,0.0
1.62924,-0.22867,0.0
1.62924,-0.20008,0.0
1.62924,-0.1715,0.0
1.62924,-0.14292,0.0
1.62924,-0.11433,0.0
1.62924,-0.08575,0.0
1.62924,-0.05717,0.0
1.62924,-0.02858,0.0
1.62924,0,0.0
1.62924,0.02858,0.0
1.62924,0.05717,0.0
1.62924,0.08575,0.0
1.62924,0.11433,0.0
1.62924,0.14292,0.0
1.62924,0.1715,0.0
1.62924,0.20008,0.0
1.62924,0.22867,0.0
1.62924,0.25725,0.0
1.62924,0.28583,0.0
1.62924,0.31442,0.0
1.62924,0.343,0.0
1.62924,0.37158,0.0
1.62924,0.40016,0.0
1.62924,0.42875,0.0
1.62924,0.45733,0.0
1.62924,0.48591,0.0
1.62924,0.5145,0.0
1.62924,0.54308,0.0
1.62924,0.57166,0.0
1.62924,0.60025,0.0
1.62924,0.62883,0.0
1.62924,0.65741,0.0
1.62924,0.686,0.0
1.62924,0.71458,0.0
1.62924,0.74316,0.0
1.62924,0.77175,0.0
1.62924,0.80033,0.0
1.62924,0.82891,0.0
1.62924,0.8575,0.0
1.62924,0.88608,0.0
1.62924,0.91466,0.0
1.62924,0.94325,0.0
1.62924,0.97183,0.0
1.62924,1.00041,0.0
1.62924,1.029,0.0
1.62924,1.05758,0.0
1.62924,1.08616,0.0
1.62924,1.11474,0.0
1.62924,1.14333,0.0
1.62924,1.17191,0.0
1.62924,1.20049,0.0
1.62924,1.22908,0.0
1.62924,1.25766,0.0
1.62924,1.28624,0.0
1.62924,1.31483,0.0
1.62924,1.34341,0.0
1.62924,1.37199,0.0
1.62924,1.40058,0.0
1.62924,1.42916,0.0
1.62924,1.45774,0.0
1.62924,1.48633,0.0
1.62924,1.51491,0.0
1.62924,1.54349,0.0
1.62924,1.57208,0.0
1.62924,1.60066,0.0
1.62924,1.62924,0.0
1.62924,1.65783,0.0
1.62924,1.68641,0.0
1.62924,1.71499,0.0
1.62924,1.74358,0.0
1.62924,1.77216,0.0
1.62924,1.80074,0.0
1.62924,1.82933,0.0
1.62924,1.85791,0.0
1.62924,1.88649,0.0
1.62924,1.91507,0.0
1.62924,1.94366,0.0
1.62924,1.97224,0.0
1.62924,2.00082,0.0
1.62924,2.02941,0.0
1.62924,2.05799,0.0
1.62924,2.08657,0.0
1.62924,2.11516,0.0
1.62924,2.14374,0.0
1.62924,2.17232,0.0
1.62924,2.20091,0.0
1.62924,2.22949,0.0
1.62924,2.25807,0.0
1.65783,-2.22949,0.0
1.65783,-2.20091,0.0
1.65783,-2.17232,0.0
1.65783,-2.14374,0.0
1.65783,-2.11516,0.0
1.65783,-2.08657,0.0
1.65783,-2.05799,0.0
1.65783,-2.02941,0.0
1.65783,-2.00082,0.0
1.65783,-1.97224,0.0
1.65783,-1.94366,0.0
1.65783,-1.91507,0.0
1.65783,-1.88649,0.0
1.65783,-1.85791,0.0
1.65783,-1.82933,0.0
1.65783,-1.80074,0.0
1.65783,-1.77216,0.0
1.65783,-1.74358,0.0
1.65783,-1.71499,0.0
1.65783,-1.68641,0.0
1.65783,-1.65783,0.0
1.65783,-1.62924,0.0
1.65783,-1.60066,0.0
1.65783,-1.57208,0.0
1.65783,-1.54349,0.0
1.65783,-1.51491,0.0
1.65783,-1.48633,0.0
1.65783,-1.45774,0.0
1.65783,-1.42916,0.0
1.65783,-1.40058,0.0
1.65783,-1.37199,0.0
1.65783,-1.34341,0.0
1.65783,-1.31483,0.0
1.65783,-1.28624,0.0
1.65783,-1.25766,0.0
1.65783,-1.22908,0.0
1.65783,-1.20049,0.0
1.65783,-1.17191,0.0
1.65783,-1.14333,0.0
1.65783,-1.11474,0.0
1.65783,-1.08616,0.0
1.65783,-1.05758,0.0
1.65783,-1.029,0.0
1.65783,-1.00041,0.0
1.65783,-0.97183,0.0
1.65783,-0.94325,0.0
1.65783,-0.91466,0.0
1.65783,-0.88608,0.0
1.65783,-0.8575,0.0
1.65783,-0.82891,0.0
1.65783,-0.80033,0.0
1.65783,-0.77175,0.0
1.65783,-0.74316,0.0
1.65783,-0.71458,0.0
1.65783,-0.686,0.0
1.65783,-0.65741,0.0
1.65783,-0.62883,0.0
1.65783,-0.60025,0.0
1.65783,-0.57166,0.0
1.65783,-0.54308,0.0
1.65783,-0.5145,0.0
1.65783,-0.48591,0.0
1.65783,-0.45733,0.0
1.65783,-0.42875,0.0
1.65783,-0.40016,0.0
1.65783,-0.37158,0.0
1.65783,-0.343,0.0
1.65783,-0.31442,0.0
1.65783,-0.28583,0.0
1.65783,-0.25725,0.0
1.65783,-0.22867,0.0
1.65783,-0.20008,0.0
1.65783,-0.1715,0.0
1.65783,-0.14292,0.0
1.65783,-0.11433,0.0
1.65783,-0.08575,0.0
1.65783,-0.05717,0.0
1.65783,-0.02858,0.0
1.65783,0,0.0
1.65783,0.02858,0.0
1.65783,0.05717,0.0
1.65783,0.08575,0.0
1.65783,0.11433,0.0
1.65783,0.14292,0.0
1.65783,0.1715,0.0
1.65783,0.20008,0.0
1.65783,0.22867,0.0
1.65783,0.25725,0.0
1.65783,0.28583,0.0
1.65783,0.31442,0.0
1.65783,0.343,0.0
1.65783,0.37158,0.0
1.65783,0.40016,0.0
1.65783,0.42875,0.0
1.65783,0.45733,0.0
1.65783,0.48591,0.0
1.65783,0.5145,0.0
1.65783,0.54308,0.0
1.65783,0.57166,0.0
1.65783,0.60025,0.0
1.65783,0.62883,0.0
1.65783,0.65741,0.0
1.65783,0.686,0.0
1.65783,0.71458,0.0
1.65783,0.74316,0.0
1.65783,0.77175,0.0
1.65783,0.80033,0.0
1.65783,0.82891,0.0
1.65783,0.8575,0.0
1.65783,0.88608,0.0
1.65783,0.91466,0.0
1.65783,0.94325,0.0
1.65783,0.97183,0.0
1.65783,1.00041,0.0
1.65783,1.029,0.0
1.65783,1.05758,0.0
1.65783,1.08616,0.0
1.65783,1.11474,0.0
1.65783,1.14333,0.0
1.65783,1.17191,0.0
1.65783,1.20049,0.0
1.65783,1.22908,0.0
1.65783,1.25766,0.0
1.65783,1.28624,0.0
1.65783,1.31483,0.0
1.65783,1.34341,0.0
1.65783,1.37199,0.0
1.65783,1.40058,0.0
1.65783,1.42916,0.0
1.65783,1.45774,0.0
1.65783,1.48633,0.0
1.65783,1.51491,0.0
1.65783,1.54349,0.0
1.65783,1.57208,0.0
1.65783,1.60066,0.0
1.65783,1.62924,0.0
1.65783,1.65783,0.0
1.65783,1.68641,0.0
1.65783,1.71499,0.0
1.65783,1.74358,0.0
1.65783,1.77216,0.0
1.65783,1.80074,0.0
1.65783,1.82933,0.0
1.65783,1.85791,0.0
1.65783,1.88649,0.0
1.65783,1.91507,0.0
1.65783,1.94366,0.0
1.65783,1.97224,0.0
1.65783,2.00082,0.0
1.65783,2.02941,0.0
1.65783,2.05799,0.0
1.65783,2.08657,0.0
1.65783,2.11516,0.0
1.65783,2.14374,0.0
1.65783,2.17232,0.0
1.65783,2.20091,0.0
1.65783,2.22949,0.0
1.68641,-2.22949,0.0
1.68641,-2.20091,0.0
1.68641,-2.17232,0.0
1.68641,-2.14374,0.0
1.68641,-2.11516,0.0
1.68641,-2.08657,0.0
1.68641,-2.05799,0.0
1.68641,-2.02941,0.0
1.68641,-2.00082,0.0
1.68641,-1.97224,0.0
1.68641,-1.94366,0.0
1.68641,-1.91507,0.0
1.68641,-1.88649,0.0
1.68641,-1.85791,0.0
1.68641,-1.82933,0.0
1.68641,-1.80074,0.0
1.68641,-1.77216,0.0
1.68641,-1.74358,0.0
1.68641,-1.71499,0.0
1.68641,-1.68641,0.0
1.68641,-1.65783,0.0
1.68641,-1.62924,0.0
1.68641,-1.60066,0.0
1.68641,-1.57208,0.0
1.68641,-1.54349,0.0
1.68641,-1.51491,0.0
1.68641,-1.48633,0.0
1.68641,-1.45774,0.0
1.68641,-1.42916,0.0
1.68641,-1.40058,0.0
1.68641,-1.37199,0.0
1.68641,-1.34341,0.0
1.68641,-1.31483,0.0
1.68641,-1.28624,0.0
1.68641,-1.25766,0.0
1.68641,-1.22908,0.0
1.68641,-1.20049,0.0
1.68641,-1.17191,0.0
1.68641,-1.14333,0.0
1.68641,-1.11474,0.0
1.68641,-1.08616,0.0
1.68641,-1.05758,0.0
1.68641,-1.029,0.0
1.68641,-1.00041,0.0
1.68641,-0.97183,0.0
1.68641,-0.94325,0.0
1.68641,-0.91466,0.0
1.68641,-0.88608,0.0
1.68641,-0.8575,0.0
1.68641,-0.82891,0.0
1.68641,-0.80033,0.0
1.68641,-0.77175,0.0
1.68641,-0.74316,0.0
1.68641,-0.71458,0.0
1.68641,-0.686,0.0
1.68641,-0.65741,0.0
1.68641,-0.62883,0.0
1.68641,-0.60025,0.0
1.68641,-0.57166,0.0
1.68641,-0.54308,0.0
1.68641,-0.5145,0.0
1.68641,-0.48591,0.0
1.68641,-0.45733,0.0
1.68641,-0.42875,0.0
1.68641,-0.40016,0.0
1.68641,-0.37158,0.0
1.68641,-0.343,0.0
1.68641,-0.31442,0.0
1.68641,-0.28583,0.0
1.68641,-0.25725,0.0
1.68641,-0.22867,0.0
1.68641,-0.20008,0.0
1.68641,-0.1715,0.0
1.68641,-0.14292,0.0
1.68641,-0.11433,0.0
1.68641,-0.08575,0.0
1.68641,-0.05717,0.0
1.68641,-0.02858,0.0
1.68641,0,0.0
1.68641,0.02858,0.0
1.68641,0.05717,0.0
1.68641,0.08575,0.0
1.68641,0.11433,0.0
1.68641,0.14292,0.0
1.68641,0.1715,0.0
1.68641,0.20008,0.0
1.68641,0.22867,0.0
1.68641,0.25725,0.0
1.68641,0.28583,0.0
1.68641,0.31442,0.0
1.68641,0.343,0.0
1.68641,0.37158,0.0
1.68641,0.40016,0.0
1.68641,0.42875,0.0
1.68641,0.45733,0.0
1.68641,0.48591,0.0
1.68641,0.5145,0.0
1.68641,0.54308,0.0
1.68641,0.57166,0.0
1.68641,0.60025,0.0
1.68641,0.62883,0.0
1.68641,0.65741,0.0
1.68641,0.686,0.0
1.68641,0.71458,0.0
1.68641,0.74316,0.0
1.68641,0.77175,0.0
1.68641,0.80033,0.0
1.68641,0.82891,0.0
1.68641,0.8575,0.0
1.68641,0.88608,0.0
1.68641,0.91466,0.0
1.68641,0.94325,0.0
1.68641,0.97183,0.0
1.68641,1.00041,0.0
1.68641,1.029,0.0
1.68641,1.05758,0.0
1.68641,1.08616,0.0
1.68641,1.11474,0.0
1.68641,1.14333,0.0
1.68641,1.17191,0.0
1.68641,1.20049,0.0
1.68641,1.22908,0.0
1.68641,1.25766,0.0
1.68641,1.28624,0.0
1.68641,1.31483,0.0
1.68641,1.34341,0.0
1.68641,1.37199,0.0
1.68641,1.40058,0.0
1.68641,1.42916,0.0
1.68641,1.45774,0.0
1.68641,1.48633,0.0
1.68641,1.51491,0.0
1.68641,1.54349,0.0
1.68641,1.57208,0.0
1.68641,1.60066,0.0
1.68641,1.62924,0.0
1.68641,1.65783,0.0
1.68641,1.68641,0.0
1.68641,1.71499,0.0
1.68641,1.74358,0.0
1.68641,1.77216,0.0
1.68641,1.80074,0.0
1.68641,1.82933,0.0
1.68641,1.85791,0.0
1.68641,1.88649,0.0
1.68641,1.91507,0.0
1.68641,1.94366,0.0
1.68641,1.97224,0.0
1.68641,2.00082,0.0
1.68641,2.02941,0.0
1.68641,2.05799,0.0
1.68641,2.08657,0.0
1.68641,2.11516,0.0
1.68641,2.14374,0.0
1.68641,2.17232,0.0
1.68641,2.20091,0.0
1.68641,2.22949,0.0
1.71499,-2.20091,0.0
1.71499,-2.17232,0.0
1.71499,-2.14374,0.0
1.71499,-2.11516,0.0
1.71499,-2.08657,0.0
1.71499,-2.05799,0.0
1.71499,-2.02941,0.0
1.71499,-2.00082,0.0
1.71499,-1.97224,0.0
1.71499,-1.94366,0.0
1.71499,-1.91507,0.0
1.71499,-1.88649,0.0
1.71499,-1.85791,0.0
1.71499,-1.82933,0.0
1.71499,-1.80074,0.0
1.71499,-1.77216,0.0
1.71499,-1.74358,0.0
1.71499,-1.71499,0.0
1.71499,-1.68641,0.0
1.71499,-1.65783,0.0
1.71499,-1.62924,0.0
1.71499,-1.60066,0.0
1.71499,-1.57208,0.0
1.71499,-1.54349,0.0
1.71499,-1.51491,0.0
1.71499,-1.48633,0.0
1.71499,-1.45774,0.0
1.71499,-1.42916,0.0
1.71499,-1.40058,0.0
1.71499,-1.37199,0.0
1.71499,-1.34341,0.0
1.71499,-1.31483,0.0
1.71499,-1.28624,0.0
1.71499,-1.25766,0.0
1.71499,-1.22908,0.0
1.71499,-1.20049,0.0
1.71499,-1.17191,0.0
1.71499,-1.14333,0.0
1.71499,-1.11474,0.0
1.71499,-1.08616,0.0
1.71499,-1.05758,0.0
1.71499,-1.029,0.0
1.71499,-1.00041,0.0
1.71499,-0.97183,0.0
1.71499,-0.94325,0.0
1.71499,-0.91466,0.0
1.71499,-0.88608,0.0
1.71499,-0.8575,0.0
1.71499,-0.82891,0.0
1.71499,-0.80033,0.0
1.71499,-0.77175,0.0
1.71499,-0.74316,0.0
1.71499,-0.71458,0.0
1.71499,-0.686,0.0
1.71499,-0.65741,0.0
1.71499,-0.62883,0.0
1.71499,-0.60025,0.0
1.71499,-0.57166,0.0
1.71499,-0.54308,0.0
1.71499,-0.5145,0.0
1.71499,-0.48591,0.0
1.71499,-0.45733,0.0
1.71499,-0.42875,0.0
1.71499,-0.40016,0.0
1.71499,-0.37158,0.0
1.71499,-0.343,0.0
1.71499,-0.31442,0.0
1.71499,-0.28583,0.0
1.71499,-0.25725,0.0
1.71499,-0.22867,0.0
1.71499,-0.20008,0.0
1.71499,-0.1715,0.0
1.71499,-0.14292,0.0
1.71499,-0.11433,0.0
1.71499,-0.08575,0.0
1.71499,-0.05717,0.0
1.71499,-0.02858,0.0
1.71499,0,0.0
1.71499,0.02858,0.0
1.71499,0.05717,0.0
1.71499,0.08575,0.0
1.71499,0.11433,0.0
1.71499,0.14292,0.0
1.71499,0.1715,0.0
1.71499,0.20008,0.0
1.71499,0.22867,0.0
1.71499,0.25725,0.0
1.71499,0.28583,0.0
1.71499,0.31442,0.0
1.71499,0.343,0.0
1.71499,0.37158,0.0
1.71499,0.40016,0.0
1.71499,0.42875,0.0
1.71499,0.45733,0.0
1.71499,0.48591,0.0
1.71499,0.5145,0.0
1.71499,0.54308,0.0
1.71499,0.57166,0.0
1.71499,0.60025,0.0
1.71499,0.62883,0.0
1.71499,0.65741,0.0
1.71499,0.686,0.0
1.71499,0.71458,0.0
1.71499,0.74316,0.0
1.71499,0.77175,0.0
1.71499,0.80033,0.0
1.71499,0.82891,0.0
1.71499,0.8575,0.0
1.71499,0.88608,0.0
1.71499,0.91466,0.0
1.71499,0.94325,0.0
1.71499,0.97183,0.0
1.71499,1.00041,0.0
1.71499,1.029,0.0
1.71499,1.05758,0.0
1.71499,1.08616,0.0
1.71499,1.11474,0.0
1.71499,1.14333,0.0
1.71499,1.17191,0.0
1.71499,1.20049,0.0
1.71499,1.22908,0.0
1.71499,1.25766,0.0
1.71499,1.28624,0.0
1.71499,1.31483,0.0
1.71499,1.34341,0.0
1.71499,1.37199,0.0
1.71499,1.40058,0.0
1.71499,1.42916,0.0
1.71499,1.45774,0.0
1.71499,1.48633,0.0
1.71499,1.51491,0.0
1.71499,1.54349,0.0
1.71499,1.57208,0.0
1.71499,1.60066,0.0
1.71499,1.62924,0.0
1.71499,1.65783,0.0
1.71499,1.68641,0.0
1.71499,1.71499,0.0
1.71499,1.74358,0.0
1.71499,1.77216,0.0
1.71499,1.80074,0.0
1.71499,1.82933,0.0
1.71499,1.85791,0.0
1.71499,1.88649,0.0
1.71499,1.91507,0.0
1.71499,1.94366,0.0
1.71499,1.97224,0.0
1.71499,2.00082,0.0
1.71499,2.02941,0.0
1.71499,2.05799,0.0
1.71499,2.08657,0.0
1.71499,2.11516,0.0
1.71499,2.14374,0.0
1.71499,2.17232,0.0
1.71499,2.20091,0.0
1.74358,-2.17232,0.0
1.74358,-2.14374,0.0
1.74358,-2.11516,0.0
1.74358,-2.08657,0.0
1.74358,-2.05799,0.0
1.74358,-2.02941,0.0
1.74358,-2.00082,0.0
1.74358,-1.97224,0.0
1.74358,-1.94366,0.0
1.74358,-1.91507,0.0
1.74358,-1.88649,0.0
1.74358,-1.85791,0.0
1.74358,-1.82933,0.0
1.74358,-1.80074,0.0
1.74358,-1.77216,0.0
1.74358,-1.74358,0.0
1.74358,-1.71499,0.0
1.74358,-1.68641,0.0
1.74358,-1.65783,0.0
1.74358,-1.62924,0.0
1.74358,-1.60066,0.0
1.74358,-1.57208,0.0
1.74358,-1.54349,0.0
1.74358,-1.51491,0.0
1.74358,-1.48633,0.0
1.74358,-1.45774,0.0
1.74358,-1.42916,0.0
1.74358,-1.40058,0.0
1.74358,-1.37199,0.0
1.74358,-1.34341,0.0
1.74358,-1.31483,0.0
1.74358,-1.28624,0.0
1.74358,-1.25766,0.0
1.74358,-1.22908,0.0
1.74358,-1.20049,0.0
1.74358,-1.17191,0.0
1.74358,-1.14333,0.0
1.74358,-1.11474,0.0
1.74358,-1.08616,0.0
1.74358,-1.05758,0.0
1.74358,-1.029,0.0
1.74358,-1.00041,0.0
1.74358,-0.97183,0.0
1.74358,-0.94325,0.0
1.74358,-0.91466,0.0
1.74358,-0.88608,0.0
1.74358,-0.8575,0.0
1.74358,-0.82891,0.0
1.74358,-0.80033,0.0
1.74358,-0.77175,0.0
1.74358,-0.74316,0.0
1.74358,-0.71458,0.0
1.74358,-0.686,0.0
1.74358,-0.65741,0.0
1.74358,-0.62883,0.0
1.74358,-0.60025,0.0
1.74358,-0.57166,0.0
1.74358,-0.54308,0.0
1.74358,-0.5145,0.0
1.74358,-0.48591,0.0
1.74358,-0.45733,0.0
1.74358,-0.42875,0.0
1.74358,-0.40016,0.0
1.74358,-0.37158,0.0
1.74358,-0.343,0.0
1.74358,-0.31442,0.0
1.74358,-0.28583,0.0
1.74358,-0.25725,0.0
1.74358,-0.22867,0.0
1.74358,-0.20008,0.0
1.74358,-0.1715,0.0
1.74358,-0.14292,0.0
1.74358,-0.11433,0.0
1.74358,-0.08575,0.0
1.74358,-0.05717,0.0
1.74358,-0.02858,0.0
1.74358,0,0.0
1.74358,0.02858,0.0
1.74358,0.05717,0.0
1.74358,0.08575,0.0
1.74358,0.11433,0.0
1.74358,0.14292,0.0
1.74358,0.1715,0.0
1.74358,0.20008,0.0
1.74358,0.22867,0.0
1.74358,0.25725,0.0
1.74358,0.28583,0.0
1.74358,0.31442,0.0
1.74358,0.343,0.0
1.74358,0.37158,0.0
1.74358,0.40016,0.0
1.74358,0.42875,0.0
1.74358,0.45733,0.0
1.74358,0.48591,0.0
1.74358,0.5145,0.0
1.74358,0.54308,0.0
1.74358,0.57166,0.0
1.74358,0.60025,0.0
1.74358,0.62883,0.0
1.74358,0.65741,0.0
1.74358,0.686,0.0
1.74358,0.71458,0.0
1.74358,0.74316,0.0
1.74358,0.77175,0.0
1.74358,0.80033,0.0
1.74358,0.82891,0.0
1.74358,0.8575,0.0
1.74358,0.88608,0.0
1.74358,0.91466,0.0
1.74358,0.94325,0.0
1.74358,0.97183,0.0
1.74358,1.00041,0.0
1.74358,1.029,0.0
1.74358,1.05758,0.0
1.74358,1.08616,0.0
1.74358,1.11474,0.0
1.74358,1.14333,0.0
1.74358,1.17191,0.0
1.74358,1.20049,0.0
1.74358,1.22908,0.0
1.74358,1.25766,0.0
1.74358,1.28624,0.0
1.74358,1.31483,0.0
1.74358,1.34341,0.0
1.74358,1.37199,0.0
1.74358,1.40058,0.0
1.74358,1.42916,0.0
1.74358,1.45774,0.0
1.74358,1.48633,0.0
1.74358,1.51491,0.0
1.74358,1.54349,0.0
1.74358,1.57208,0.0
1.74358,1.60066,0.0
1.74358,1.62924,0.0
1.74358,1.65783,0.0
1.74358,1.68641,0.0
1.74358,1.71499,0.0
1.74358,1.74358,0.0
1.74358,1.77216,0.0
1.74358,1.80074,0.0
1.74358,1.82933,0.0
1.74358,1.85791,0.0
1.74358,1.88649,0.0
1.74358,1.91507,0.0
1.74358,1.94366,0.0
1.74358,1.97224,0.0
1.74358,2.00082,0.0
1.74358,2.02941,0.0
1.74358,2.05799,0.0
1.74358,2.08657,0.0
1.74358,2.11516,0.0
1.74358,2.14374,0.0
1.74358,2.17232,0.0
1.77216,-2.14374,0.0
1.77216,-2.11516,0.0
1.77216,-2.08657,0.0
1.77216,-2.05799,0.0
1.77216,-2.02941,0.0
1.77216,-2.00082,0.0
1.77216,-1.97224,0.0
1.77216,-1.94366,0.0
1.77216,-1.91507,0.0
1.77216,-1.88649,0.0
1.77216,-1.85791,0.0
1.77216,-1.82933,0.0
1.77216,-1.80074,0.0
1.77216,-1.77216,0.0
1.77216,-1.74358,0.0
1.77216,-1.71499,0.0
1.77216,-1.68641,0.0
1.77216,-1.65783,0.0
1.77216,-1.62924,0.0
1.77216,-1.60066,0.0
1.77216,-1.57208,0.0
1.77216,-1.54349,0.0
1.77216,-1.51491,0.0
1.77216,-1.48633,0.0
1.77216,-1.45774,0.0
1.77216,-1.42916,0.0
1.77216,-1.40058,0.0
1.77216,-1.37199,0.0
1.77216,-1.34341,0.0
1.77216,-1.31483,0.0
1.77216,-1.28624,0.0
1.77216,-1.25766,0.0
1.77216,-1.22908,0.0
1.77216,-1.20049,0.0
1.77216,-1.17191,0.0
1.77216,-1.14333,0.0
1.77216,-1.11474,0.0
1.77216,-1.08616,0.0
1.77216,-1.05758,0.0
1.77216,-1.029,0.0
1.77216,-1.00041,0.0
1.77216,-0.97183,0.0
1.77216,-0.94325,0.0
1.77216,-0.91466,0.0
1.77216,-0.88608,0.0
1.77216,-0.8575,0.0
1.77216,-0.82891,0.0
1.77216,-0.80033,0.0
1.77216,-0.77175,0.0
1.77216,-0.74316,0.0
1.77216,-0.71458,0.0
1.77216,-0.686,0.0
1.77216,-0.65741,0.0
1.77216,-0.62883,0.0
1.77216,-0.60025,0.0
1.77216,-0.57166,0.0
1.77216,-0.54308,0.0
1.77216,-0.5145,0.0
1.77216,-0.48591,0.0
1.77216,-0.45733,0.0
1.77216,-0.42875,0.0
1.77216,-0.40016,0.0
1.77216,-0.37158,0.0
1.77216,-0.343,0.0
1.77216,-0.31442,0.0
1.77216,-0.28583,0.0
1.77216,-0.25725,0.0
1.77216,-0.22867,0.0
1.77216,-0.20008,0.0
1.77216,-0.1715,0.0
1.77216,-0.14292,0.0
1.77216,-0.11433,0.0
1.77216,-0.08575,0.0
1.77216,-0.05717,0.0
1.77216,-0.02858,0.0
1.77216,0,0.0
1.77216,0.02858,0.0
1.77216,0.05717,0.0
1.77216,0.08575,0.0
1.77216,0.11433,0.0
1.77216,0.14292,0.0
1.77216,0.1715,0.0
1.77216,0.20008,0.0
1.77216,0.22867,0.0
1.77216,0.25725,0.0
1.77216,0.28583,0.0
1.77216,0.31442,0.0
1.77216,0.343,0.0
1.77216,0.37158,0.0
1.77216,0.40016,0.0
1.77216,0.42875,0.0
1.77216,0.45733,0.0
1.77216,0.48591,0.0
1.77216,0.5145,0.0
1.77216,0.54308,0.0
1.77216,0.57166,0.0
1.77216,0.60025,0.0
1.77216,0.62883,0.0
1.77216,0.65741,0.0
1.77216,0.686,0.0
1.77216,0.71458,0.0
1.77216,0.74316,0.0
1.77216,0.77175,0.0
1.77216,0.80033,0.0
1.77216,0.82891,0.0
1.77216,0.8575,0.0
1.77216,0.88608,0.0
1.77216,0.91466,0.0
1.77216,0.94325,0.0
1.77216,0.97183,0.0
1.77216,1.00041,0.0
1.77216,1.029,0.0
1.77216,1.05758,0.0
1.77216,1.08616,0.0
1.77216,1.11474,0.0
1.77216,1.14333,0.0
1.77216,1.17191,0.0
1.77216,1.20049,0.0
1.77216,1.22908,0.0
1.77216,1.25766,0.0
1.77216,1.28624,0.0
1.77216,1.31483,0.0
1.77216,1.34341,0.0
1.77216,1.37199,0.0
1.77216,1.40058,0.0
1.77216,1.42916,0.0
1.77216,1.45774,0.0
1.77216,1.48633,0.0
1.77216,1.51491,0.0
1.77216,1.54349,0.0
1.77216,1.57208,0.0
1.77216,1.60066,0.0
1.77216,1.62924,0.0
1.77216,1.65783,0.0
1.77216,1.68641,0.0
1.77216,1.71499,0.0
1.77216,1.74358,0.0
1.77216,1.77216,0.0
1.77216,1.80074,0.0
1.77216,1.82933,0.0
1.77216,1.85791,0.0
1.77216,1.88649,0.0
1.77216,1.91507,0.0
1.77216,1.94366,0.0
1.77216,1.97224,0.0
1.77216,2.00082,0.0
1.77216,2.02941,0.0
1.77216,2.05799,0.0
1.77216,2.08657,0.0
1.77216,2.11516,0.0
1.77216,2.14374,0.0
1.80074,-2.14374,0.0
1.80074,-2.11516,0.0
1.80074,-2.08657,0.0
1.80074,-2.05799,0.0
1.80074,-2.02941,0.0
1.80074,-2.00082,0.0
1.80074,-1.97224,0.0
1.80074,-1.94366,0.0
1.80074,-1.91507,0.0
1.80074,-1.88649,0.0
1.80074,-1.85791,0.0
1.80074,-1.82933,0.0
1.80074,-1.80074,0.0
1.80074,-1.77216,0.0
1.80074,-1.74358,0.0
1.80074,-1.71499,0.0
1.80074,-1.68641,0.0
1.80074,-1.65783,0.0
1.80074,-1.62924,0.0
1.80074,-1.60066,0.0
1.80074,-1.57208,0.0
1.80074,-1.54349,0.0
1.80074,-1.51491,0.0
1.80074,-1.48633,0.0
1.80074,-1.45774,0.0
1.80074,-1.42916,0.0
1.80074,-1.40058,0.0
1.80074,-1.37199,0.0
1.80074,-1.34341,0.0
1.80074,-1.31483,0.0
1.80074,-1.28624,0.0
1.80074,-1.25766,0.0
1.80074,-1.22908,0.0
1.80074,-1.20049,0.0
1.80074,-1.17191,0.0
1.80074,-1.14333,0.0
1.80074,-1.11474,0.0
1.80074,-1.08616,0.0
1.80074,-1.05758,0.0
1.80074,-1.029,0.0
1.80074,-1.00041,0.0
1.80074,-0.97183,0.0
1.80074,-0.94325,0.0
1.80074,-0.91466,0.0
1.80074,-0.88608,0.0
1.80074,-0.8575,0.0
1.80074,-0.82891,0.0
1.80074,-0.80033,0.0
1.80074,-0.77175,0.0
1.80074,-0.74316,0.0
1.80074,-0.71458,0.0
1.80074,-0.686,0.0
1.80074,-0.65741,0.0
1.80074,-0.62883,0.0
1.80074,-0.60025,0.0
1.80074,-0.57166,0.0
1.80074,-0.54308,0.0
1.80074,-0.5145,0.0
1.80074,-0.48591,0.0
1.80074,-0.45733,0.0
1.80074,-0.42875,0.0
1.80074,-0.40016,0.0
1.80074,-0.37158,0.0
1.80074,-0.343,0.0
1.80074,-0.31442,0.0
1.80074,-0.28583,0.0
1.80074,-0.25725,0.0
1.80074,-0.22867,0.0
1.80074,-0.20008,0.0
1.80074,-0.1715,0.0
1.80074,-0.14292,0.0
1.80074,-0.11433,0.0
1.80074,-0.08575,0.0
1.80074,-0.05717,0.0
1.80074,-0.02858,0.0
1.80074,0,0.0
1.80074,0.02858,0.0
1.80074,0.05717,0.0
1.80074,0.08575,0.0
1.80074,0.11433,0.0
1.80074,0.14292,0.0
1.80074,0.1715,0.0
1.80074,0.20008,0.0
1.80074,0.22867,0.0
1.80074,0.25725,0.0
1.80074,0.28583,0.0
1.80074,0.31442,0.0
1.80074,0.343,0.0
1.80074,0.37158,0.0
1.80074,0.40016,0.0
1.80074,0.42875,0.0
1.80074,0.45733,0.0
1.80074,0.48591,0.0
1.80074,0.5145,0.0
1.80074,0.54308,0.0
1.80074,0.57166,0.0
1.80074,0.60025,0.0
1.80074,0.62883,0.0
1.80074,0.65741,0.0
1.80074,0.686,0.0
1.80074,0.71458,0.0
1.80074,0.74316,0.0
1.80074,0.77175,0.0
1.80074,0.80033,0.0
1.80074,0.82891,0.0
1.80074,0.8575,0.0
1.80074,0.88608,0.0
1.80074,0.91466,0.0
1.80074,0.94325,0.0
1.80074,0.97183,0.0
1.80074,1.00041,0.0
1.80074,1.029,0.0
1.80074,1.05758,0.0
1.80074,1.08616,0.0
1.80074,1.11474,0.0
1.80074,1.14333,0.0
1.80074,1.17191,0.0
1.80074,1.20049,0.0
1.80074,1.22908,0.0
1.80074,1.25766,0.0
1.80074,1.28624,0.0
1.80074,1.31483,0.0
1.80074,1.34341,0.0
1.80074,1.37199,0.0
1.80074,1.40058,0.0
1.80074,1.42916,0.0
1.80074,1.45774,0.0
1.80074,1.48633,0.0
1.80074,1.51491,0.0
1.80074,1.54349,0.0
1.80074,1.57208,0.0
1.80074,1.60066,0.0
1.80074,1.62924,0.0
1.80074,1.65783,0.0
1.80074,1.68641,0.0
1.80074,1.71499,0.0
1.80074,1.74358,0.0
1.80074,1.77216,0.0
1.80074,1.80074,0.0
1.80074,1.82933,0.0
1.80074,1.85791,0.0
1.80074,1.88649,0.0
1.80074,1.91507,0.0
1.80074,1.94366,0.0
1.80074,1.97224,0.0
1.80074,2.00082,0.0
1.80074,2.02941,0.0
1.80074,2.05799,0.0
1.80074,2.08657,0.0
1.80074,2.11516,0.0
1.80074,2.14374,0.0
1.82933,-2.11516,0.0
1.82933,-2.08657,0.0
1.82933,-2.05799,0.0
1.82933,-2.02941,0.0
1.82933,-2.00082,0.0
1.82933,-1.97224,0.0
1.82933,-1.94366,0.0
1.82933,-1.91507,0.0
1.82933,-1.88649,0.0
1.82933,-1.85791,0.0
1.82933,-1.82933,0.0
1.82933,-1.80074,0.0
1.82933,-1.77216,0.0
1.82933,-1.74358,0.0
1.82933,-1.71499,0.0
1.82933,-1.68641,0.0
1.82933,-1.65783,0.0
1.82933,-1.62924,0.0
1.82933,-1.60066,0.0
1.82933,-1.57208,0.0
1.82933,-1.54349,0.0
1.82933,-1.51491,0.0
1.82933,-1.48633,0.0
1.82933,-1.45774,0.0
1.82933,-1.42916,0.0
1.82933,-1.40058,0.0
1.82933,-1.37199,0.0
1.82933,-1.34341,0.0
1.82933,-1.31483,0.0
1.82933,-1.28624,0.0
1.82933,-1.25766,0.0
1.82933,-1.22908,0.0
1.82933,-1.20049,0.0
1.82933,-1.17191,0.0
1.82933,-1.14333,0.0
1.82933,-1.11474,0.0
1.82933,-1.08616,0.0
1.82933,-1.05758,0.0
1.82933,-1.029,0.0
1.82933,-1.00041,0.0
1.82933,-0.97183,0.0
1.82933,-0.94325,0.0
1.82933,-0.91466,0.0
1.82933,-0.88608,0.0
1.82933,-0.8575,0.0
1.82933,-0.82891,0.0
1.82933,-0.80033,0.0
1.82933,-0.77175,0.0
1.82933,-0.74316,0.0
1.82933,-0.71458,0.0
1.82933,-0.686,0.0
1.82933,-0.65741,0.0
1.82933,-0.62883,0.0
1.82933,-0.60025,0.0
1.82933,-0.57166,0.0
1.82933,-0.54308,0.0
1.82933,-0.5145,0.0
1.82933,-0.48591,0.0
1.82933,-0.45733,0.0
1.82933,-0.42875,0.0
1.82933,-0.40016,0.0
1.82933,-0.37158,0.0
1.82933,-0.343,0.0
1.82933,-0.31442,0.0
1.82933,-0.28583,0.0
1.82933,-0.25725,0.0
1.82933,-0.22867,0.0
1.82933,-0.20008,0.0
1.82933,-0.1715,0.0
1.82933,-0.14292,0.0
1.82933,-0.11433,0.0
1.82933,-0.08575,0.0
1.82933,-0.05717,0.0
1.82933,-0.02858,0.0
1.82933,0,0.0
1.82933,0.02858,0.0
1.82933,0.05717,0.0
1.82933,0.08575,0.0
1.82933,0.11433,0.0
1.82933,0.14292,0.0
1.82933,0.1715,0.0
1.82933,0.20008,0.0
1.82933,0.22867,0.0
1.82933,0.25725,0.0
1.82933,0.28583,0.0
1.82933,0.31442,0.0
1.82933,0.343,0.0
1.82933,0.37158,0.0
1.82933,0.40016,0.0
1.82933,0.42875,0.0
1.82933,0.45733,0.0
1.82933,0.48591,0.0
1.82933,0.5145,0.0
1.82933,0.54308,0.0
1.82933,0.57166,0.0
1.82933,0.60025,0.0
1.82933,0.62883,0.0
1.82933,0.65741,0.0
1.82933,0.686,0.0
1.82933,0.71458,0.0
1.82933,0.74316,0.0
1.82933,0.77175,0.0
1.82933,0.80033,0.0
1.82933,0.82891,0.0
1.82933,0.8575,0.0
1.82933,0.88608,0.0
1.82933,0.91466,0.0
1.82933,0.94325,0.0
1.82933,0.97183,0.0
1.82933,1.00041,0.0
1.82933,1.029,0.0
1.82933,1.05758,0.0
1.82933,1.08616,0.0
1.82933,1.11474,0.0
1.82933,1.14333,0.0
1.82933,1.17191,0.0
1.82933,1.20049,0.0
1.82933,1.22908,0.0
1.82933,1.25766,0.0
1.82933,1.28624,0.0
1.82933,1.31483,0.0
1.82933,1.34341,0.0
1.82933,1.37199,0.0
1.82933,1.40058,0.0
1.82933,1.42916,0.0
1.82933,1.45774,0.0
1.82933,1.48633,0.0
1.82933,1.51491,0.0
1.82933,1.54349,0.0
1.82933,1.57208,0.0
1.82933,1.60066,0.0
1.82933,1.62924,0.0
1.82933,1.65783,0.0
1.82933,1.68641,0.0
1.82933,1.71499,0.0
1.82933,1.74358,0.0
1.82933,1.77216,0.0
1.82933,1.80074,0.0
1.82933,1.82933,0.0
1.82933,1.85791,0.0
1.82933,1.88649,0.0
1.82933,1.91507,0.0
1.82933,1.94366,0.0
1.82933,1.97224,0.0
1.82933,2.00082,0.0
1.82933,2.02941,0.0
1.82933,2.05799,0.0
1.82933,2.08657,0.0
1.82933,2.11516,0.0
1.85791,-2.08657,0.0
1.85791,-2.05799,0.0
1.85791,-2.02941,0.0
1.85791,-2.00082,0.0
1.85791,-1.97224,0.0
1.85791,-1.94366,0.0
1.85791,-1.91507,0.0
1.85791,-1.88649,0.0
1.85791,-1.85791,0.0
1.85791,-1.82933,0.0
1.85791,-1.80074,0.0
1.85791,-1.77216,0.0
1.85791,-1.74358,0.0
1.85791,-1.71499,0.0
1.85791,-1.68641,0.0
1.85791,-1.65783,0.0
1.85791,-1.62924,0.0
1.85791,-1.60066,0.0
1.85791,-1.57208,0.0
1.85791,-1.54349,0.0
1.85791,-1.51491,0.0
1.85791,-1.48633,0.0
1.85791,-1.45774,0.0
1.85791,-1.42916,0.0
1.85791,-1.40058,0.0
1.85791,-1.37199,0.0
1.85791,-1.34341,0.0
1.85791,-1.31483,0.0
1.85791,-1.28624,0.0
1.85791,-1.25766,0.0
1.85791,-1.22908,0.0
1.85791,-1.20049,0.0
1.85791,-1.17191,0.0
1.85791,-1.14333,0.0
1.85791,-1.11474,0.0
1.85791,-1.08616,0.0
1.85791,-1.05758,0.0
1.85791,-1.029,0.0
1.85791,-1.00041,0.0
1.85791,-0.97183,0.0
1.85791,-0.94325,0.0
1.85791,-0.91466,0.0
1.85791,-0.88608,0.0
1.85791,-0.8575,0.0
1.85791,-0.82891,0.0
1.85791,-0.80033,0.0
1.85791,-0.77175,0.0
1.85791,-0.74316,0.0
1.85791,-0.71458,0.0
1.85791,-0.686,0.0
1.85791,-0.65741,0.0
1.85791,-0.62883,0.0
1.85791,-0.60025,0.0
1.85791,-0.57166,0.0
1.85791,-0.54308,0.0
1.85791,-0.5145,0.0
1.85791,-0.48591,0.0
1.85791,-0.45733,0.0
1.85791,-0.42875,0.0
1.85791,-0.40016,0.0
1.85791,-0.37158,0.0
1.85791,-0.343,0.0
1.85791,-0.31442,0.0
1.85791,-0.28583,0.0
1.85791,-0.25725,0.0
1.85791,-0.22867,0.0
1.85791,-0.20008,0.0
1.85791,-0.1715,0.0
1.85791,-0.14292,0.0
1.85791,-0.11433,0.0
1.85791,-0.08575,0.0
1.85791,-0.05717,0.0
1.85791,-0.02858,0.0
1.85791,0,0.0
1.85791,0.02858,0.0
1.85791,0.05717,0.0
1.85791,0.08575,0.0
1.85791,0.11433,0.0
1.85791,0.14292,0.0
1.85791,0.1715,0.0
1.85791,0.20008,0.0
1.85791,0.22867,0.0
1.85791,0.25725,0.0
1.85791,0.28583,0.0
1.85791,0.31442,0.0
1.85791,0.343,0.0
1.85791,0.37158,0.0
1.85791,0.40016,0.0
1.85791,0.42875,0.0
1.85791,0.45733,0.0
1.85791,0.48591,0.0
1.85791,0.5145,0.0
1.85791,0.54308,0.0
1.85791,0.57166,0.0
1.85791,0.60025,0.0
1.85791,0.62883,0.0
1.85791,0.65741,0.0
1.85791,0.686,0.0
1.85791,0.71458,0.0
1.85791,0.74316,0.0
1.85791,0.77175,0.0
1.85791,0.80033,0.0
1.85791,0.82891,0.0
1.85791,0.8575,0.0
1.85791,0.88608,0.0
1.85791,0.91466,0.0
1.85791,0.94325,0.0
1.85791,0.97183,0.0
1.85791,1.00041,0.0
1.85791,1.029,0.0
1.85791,1.05758,0.0
1.85791,1.08616,0.0
1.85791,1.11474,0.0
1.85791,1.14333,0.0
1.85791,1.17191,0.0
1.85791,1.20049,0.0
1.85791,1.22908,0.0
1.85791,1.25766,0.0
1.85791,1.28624,0.0
1.85791,1.31483,0.0
1.85791,1.34341,0.0
1.85791,1.37199,0.0
1.85791,1.40058,0.0
1.85791,1.42916,0.0
1.85791,1.45774,0.0
1.85791,1.48633,0.0
1.85791,1.51491,0.0
1.85791,1.54349,0.0
1.85791,1.57208,0.0
1.85791,1.60066,0.0
1.85791,1.62924,0.0
1.85791,1.65783,0.0
1.85791,1.68641,0.0
1.85791,1.71499,0.0
1.85791,1.74358,0.0
1.85791,1.77216,0.0
1.85791,1.80074,0.0
1.85791,1.82933,0.0
1.85791,1.85791,0.0
1.85791,1.88649,0.0
1.85791,1.91507,0.0
1.85791,1.94366,0.0
1.85791,1.97224,0.0
1.85791,2.00082,0.0
1.85791,2.02941,0.0
1.85791,2.05799,0.0
1.85791,2.08657,0.0
1.88649,-2.05799,0.0
1.88649,-2.02941,0.0
1.88649,-2.00082,0.0
1.88649,-1.97224,0.0
1.88649,-1.94366,0.0
1.88649,-1.91507,0.0
1.88649,-1.88649,0.0
1.88649,-1.85791,0.0
1.88649,-1.82933,0.0
1.88649,-1.80074,0.0
1.88649,-1.77216,0.0
1.88649,-1.74358,0.0
1.88649,-1.71499,0.0
1.88649,-1.68641,0.0
1.88649,-1.65783,0.0
1.88649,-1.62924,0.0
1.88649,-1.60066,0.0
1.88649,-1.57208,0.0
1.88649,-1.54349,0.0
1.88649,-1.51491,0.0
1.88649,-1.48633,0.0
1.88649,-1.45774,0.0
1.88649,-1.42916,0.0
1.88649,-1.40058,0.0
1.88649,-1.37199,0.0
1.88649,-1.34341,0.0
1.88649,-1.31483,0.0
1.88649,-1.28624,0.0
1.88649,-1.25766,0.0
1.88649,-1.22908,0.0
1.88649,-1.20049,0.0
1.88649,-1.17191,0.0
1.88649,-1.14333,0.0
1.88649,-1.11474,0.0
1.88649,-1.08616,0.0
1.88649,-1.05758,0.0
1.88649,-1.029,0.0
1.88649,-1.00041,0.0
1.88649,-0.97183,0.0
1.88649,-0.94325,0.0
1.88649,-0.91466,0.0
1.88649,-0.88608,0.0
1.88649,-0.8575,0.0
1.88649,-0.82891,0.0
1.88649,-0.80033,0.0
1.88649,-0.77175,0.0
1.88649,-0.74316,0.0
1.88649,-0.71458,0.0
1.88649,-0.686,0.0
1.88649,-0.65741,0.0
1.88649,-0.62883,0.0
1.88649,-0.60025,0.0
1.88649,-0.57166,0.0
1.88649,-0.54308,0.0
1.88649,-0.5145,0.0
1.88649,-0.48591,0.0
1.88649,-0.45733,0.0
1.88649,-0.42875,0.0
1.88649,-0.40016,0.0
1.88649,-0.37158,0.0
1.88649,-0.343,0.0
1.88649,-0.31442,0.0
1.88649,-0.28583,0.0
1.88649,-0.25725,0.0
1.88649,-0.22867,0.0
1.88649,-0.20008,0.0
1.88649,-0.1715,0.0
1.88649,-0.14292,0.0
1.88649,-0.11433,0.0
1.88649,-0.08575,0.0
1.88649,-0.05717,0.0
1.88649,-0.02858,0.0
1.88649,0,0.0
1.88649,0.02858,0.0
1.88649,0.05717,0.0
1.88649,0.08575,0.0
1.88649,0.11433,0.0
1.88649,0.14292,0.0
1.88649,0.1715,0.0
1.88649,0.20008,0.0
1.88649,0.22867,0.0
1.88649,0.25725,0.0
1.88649,0.28583,0.0
1.88649,0.31442,0.0
1.88649,0.343,0.0
1.88649,0.37158,0.0
1.88649,0.40016,0.0
1.88649,0.42875,0.0
1.88649,0.45733,0.0
1.88649,0.48591,0.0
1.88649,0.5145,0.0
1.88649,0.54308,0.0
1.88649,0.57166,0.0
1.88649,0.60025,0.0
1.88649,0.62883,0.0
1.88649,0.65741,0.0
1.88649,0.686,0.0
1.88649,0.71458,0.0
1.88649,0.74316,0.0
1.88649,0.77175,0.0
1.88649,0.80033,0.0
1.88649,0.82891,0.0
1.88649,0.8575,0.0
1.88649,0.88608,0.0
1.88649,0.91466,0.0
1.88649,0.94325,0.0
1.88649,0.97183,0.0
1.88649,1.00041,0.0
1.88649,1.029,0.0
1.88649,1.05758,0.0
1.88649,1.08616,0.0
1.88649,1.11474,0.0
1.88649,1.14333,0.0
1.88649,1.17191,0.0
1.88649,1.20049,0.0
1.88649,1.22908,0.0
1.88649,1.25766,0.0
1.88649,1.28624,0.0
1.88649,1.31483,0.0
1.88649,1.34341,0.0
1.88649,1.37199,0.0
1.88649,1.40058,0.0
1.88649,1.42916,0.0
1.88649,1.45774,0.0
1.88649,1.48633,0.0
1.88649,1.51491,0.0
1.88649,1.54349,0.0
1.88649,1.57208,0.0
1.88649,1.60066,0.0
1.88649,1.62924,0.0
1.88649,1.65783,0.0
1.88649,1.68641,0.0
1.88649,1.71499,0.0
1.88649,1.74358,0.0
1.88649,1.77216,0.0
1.88649,1.80074,0.0
1.88649,1.82933,0.0
1.88649,1.85791,0.0
1.88649,1.88649,0.0
1.88649,1.91507,0.0
1.88649,1.94366,0.0
1.88649,1.97224,0.0
1.88649,2.00082,0.0
1.88649,2.02941,0.0
1.88649,2.05799,0.0
1.91507,-2.02941,0.0
1.91507,-2.00082,0.0
1.91507,-1.97224,0.0
1.91507,-1.94366,0.0
1.91507,-1.91507,0.0
1.91507,-1.88649,0.0
1.91507,-1.85791,0.0
1.91507,-1.82933,0.0
1.91507,-1.80074,0.0
1.91507,-1.77216,0.0
1.91507,-1.74358,0.0
1.91507,-1.71499,0.0
1.91507,-1.68641,0.0
1.91507,-1.65783,0.0
1.91507,-1.62924,0.0
1.91507,-1.60066,0.0
1.91507,-1.57208,0.0
1.91507,-1.54349,0.0
1.91507,-1.51491,0.0
1.91507,-1.48633,0.0
1.91507,-1.45774,0.0
1.91507,-1.42916,0.0
1.91507,-1.40058,0.0
1.91507,-1.37199,0.0
1.91507,-1.34341,0.0
1.91507,-1.31483,0.0
1.91507,-1.28624,0.0
1.91507,-1.25766,0.0
1.91507,-1.22908,0.0
1.91507,-1.20049,0.0
1.91507,-1.17191,0.0
1.91507,-1.14333,0.0
1.91507,-1.11474,0.0
1.91507,-1.08616,0.0
1.91507,-1.05758,0.0
1.91507,-1.029,0.0
1.91507,-1.00041,0.0
1.91507,-0.97183,0.0
1.91507,-0.94325,0.0
1.91507,-0.91466,0.0
1.91507,-0.88608,0.0
1.91507,-0.8575,0.0
1.91507,-0.82891,0.0
1.91507,-0.80033,0.0
1.91507,-0.77175,0.0
1.91507,-0.74316,0.0
1.91507,-0.71458,0.0
1.91507,-0.686,0.0
1.91507,-0.65741,0.0
1.91507,-0.62883,0.0
1.91507,-0.60025,0.0
1.91507,-0.57166,0.0
1.91507,-0.54308,0.0
1.91507,-0.5145,0.0
1.91507,-0.48591,0.0
1.91507,-0.45733,0.0
1.91507,-0.42875,0.0
1.91507,-0.40016,0.0
1.91507,-0.37158,0.0
1.91507,-0.343,0.0
1.91507,-0.31442,0.0
1.91507,-0.28583,0.0
1.91507,-0.25725,0.0
1.91507,-0.22867,0.0
1.91507,-0.20008,0.0
1.91507,-0.1715,0.0
1.91507,-0.14292,0.0
1.91507,-0.11433,0.0
1.91507,-0.08575,0.0
1.91507,-0.05717,0.0
1.91507,-0.02858,0.0
1.91507,0,0.0
1.91507,0.02858,0.0
1.91507,0.05717,0.0
1.91507,0.08575,0.0
1.91507,0.11433,0.0
1.91507,0.14292,0.0
1.91507,0.1715,0.0
1.91507,0.20008,0.0
1.91507,0.22867,0.0
1.91507,0.25725,0.0
1.91507,0.28583,0.0
1.91507,0.31442,0.0
1.91507,0.343,0.0
1.91507,0.37158,0.0
1.91507,0.40016,0.0
1.91507,0.42875,0.0
1.91507,0.45733,0.0
1.91507,0.48591,0.0
1.91507,0.5145,0.0
1.91507,0.54308,0.0
1.91507,0.57166,0.0
1.91507,0.60025,0.0
1.91507,0.62883,0.0
1.91507,0.65741,0.0
1.91507,0.686,0.0
1.91507,0.71458,0.0
1.91507,0.74316,0.0
1.91507,0.77175,0.0
1.91507,0.80033,0.0
1.91507,0.82891,0.0
1.91507,0.8575,0.0
1.91507,0.88608,0.0
1.91507,0.91466,0.0
1.91507,0.94325,0.0
1.91507,0.97183,0.0
1.91507,1.00041,0.0
1.91507,1.029,0.0
1.91507,1.05758,0.0
1.91507,1.08616,0.0
1.91507,1.11474,0.0
1.91507,1.14333,0.0
1.91507,1.17191,0.0
1.91507,1.20049,0.0
1.91507,1.22908,0.0
1.91507,1.25766,0.0
1.91507,1.28624,0.0
1.91507,1.31483,0.0
1.91507,1.34341,0.0
1.91507,1.37199,0.0
1.91507,1.40058,0.0
1.91507,1.42916,0.0
1.91507,1.45774,0.0
1.91507,1.48633,0.0
1.91507,1.51491,0.0
1.91507,1.54349,0.0
1.91507,1.57208,0.0
1.91507,1.60066,0.0
1.91507,1.62924,0.0
1.91507,1.65783,0.0
1.91507,1.68641,0.0
1.91507,1.71499,0.0
1.91507,1.74358,0.0
1.91507,1.77216,0.0
1.91507,1.80074,0.0
1.91507,1.82933,0.0
1.91507,1.85791,0.0
1.91507,1.88649,0.0
1.91507,1.91507,0.0
1.91507,1.94366,0.0
1.91507,1.97224,0.0
1.91507,2.00082,0.0
1.91507,2.02941,0.0
1.94366,-2.00082,0.0
1.94366,-1.97224,0.0
1.94366,-1.94366,0.0
1.94366,-1.91507,0.0
1.94366,-1.88649,0.0
1.94366,-1.85791,0.0
1.94366,-1.82933,0.0
1.94366,-1.80074,0.0
1.94366,-1.77216,0.0
1.94366,-1.74358,0.0
1.94366,-1.71499,0.0
1.94366,-1.68641,0.0
1.94366,-1.65783,0.0
1.94366,-1.62924,0.0
1.94366,-1.60066,0.0
1.94366,-1.57208,0.0
1.94366,-1.54349,0.0
1.94366,-1.51491,0.0
1.94366,-1.48633,0.0
1.94366,-1.45774,0.0
1.94366,-1.42916,0.0
1.94366,-1.40058,0.0
1.94366,-1.37199,0.0
1.94366,-1.34341,0.0
1.94366,-1.31483,0.0
1.94366,-1.28624,0.0
1.94366,-1.25766,0.0
1.94366,-1.22908,0.0
1.94366,-1.20049,0.0
1.94366,-1.17191,0.0
1.94366,-1.14333,0.0
1.94366,-1.11474,0.0
1.94366,-1.08616,0.0
1.94366,-1.05758,0.0
1.94366,-1.029,0.0
1.94366,-1.00041,0.0
1.94366,-0.97183,0.0
1.94366,-0.94325,0.0
1.94366,-0.91466,0.0
1.94366,-0.88608,0.0
1.94366,-0.8575,0.0
1.94366,-0.82891,0.0
1.94366,-0.80033,0.0
1.94366,-0.77175,0.0
1.94366,-0.74316,0.0
1.94366,-0.71458,0.0
1.94366,-0.686,0.0
1.94366,-0.65741,0.0
1.94366,-0.62883,0.0
1.94366,-0.60025,0.0
1.94366,-0.57166,0.0
1.94366,-0.54308,0.0
1.94366,-0.5145,0.0
1.94366,-0.48591,0.0
1.94366,-0.45733,0.0
1.94366,-0.42875,0.0
1.94366,-0.40016,0.0
1.94366,-0.37158,0.0
1.94366,-0.343,0.0
1.94366,-0.31442,0.0
1.94366,-0.28583,0.0
1.94366,-0.25725,0.0
1.94366,-0.22867,0.0
1.94366,-0.20008,0.0
1.94366,-0.1715,0.0
1.94366,-0.14292,0.0
1.94366,-0.11433,0.0
1.94366,-0.08575,0.0
1.94366,-0.05717,0.0
1.94366,-0.02858,0.0
1.94366,0,0.0
1.94366,0.02858,0.0
1.94366,0.05717,0.0
1.94366,0.08575,0.0
1.94366,0.11433,0.0
1.94366,0.14292,0.0
1.94366,0.1715,0.0
1.94366,0.20008,0.0
1.94366,0.22867,0.0
1.94366,0.25725,0.0
1.94366,0.28583,0.0
1.94366,0.31442,0.0
1.94366,0.343,0.0
1.94366,0.37158,0.0
1.94366,0.40016,0.0
1.94366,0.42875,0.0
1.94366,0.45733,0.0
1.94366,0.48591,0.0
1.94366,0.5145,0.0
1.94366,0.54308,0.0
1.94366,0.57166,0.0
1.94366,0.60025,0.0
1.94366,0.62883,0.0
1.94366,0.65741,0.0
1.94366,0.686,0.0
1.94366,0.71458,0.0
1.94366,0.74316,0.0
1.94366,0.77175,0.0
1.94366,0.80033,0.0
1.94366,0.82891,0.0
1.94366,0.8575,0.0
1.94366,0.88608,0.0
1.94366,0.91466,0.0
1.94366,0.94325,0.0
1.94366,0.97183,0.0
1.94366,1.00041,0.0
1.94366,1.029,0.0
1.94366,1.05758,0.0
1.94366,1.08616,0.0
1.94366,1.11474,0.0
1.94366,1.14333,0.0
1.94366,1.17191,0.0
1.94366,1.20049,0.0
1.94366,1.22908,0.0
1.94366,1.25766,0.0
1.94366,1.28624,0.0
1.94366,1.31483,0.0
1.94366,1.34341,0.0
1.94366,1.37199,0.0
1.94366,1.40058,0.0
1.94366,1.42916,0.0
1.94366,1.45774,0.0
1.94366,1.48633,0.0
1.94366,1.51491,0.0
1.94366,1.54349,0.0
1.94366,1.57208,0.0
1.94366,1.60066,0.0
1.94366,1.62924,0.0
1.94366,1.65783,0.0
1.94366,1.68641,0.0
1.94366,1.71499,0.0
1.94366,1.74358,0.0
1.94366,1.77216,0.0
1.94366,1.80074,0.0
1.94366,1.82933,0.0
1.94366,1.85791,0.0
1.94366,1.88649,0.0
1.94366,1.91507,0.0
1.94366,1.94366,0.0
1.94366,1.97224,0.0
1.94366,2.00082,0.0
1.97224,-1.97224,0.0
1.97224,-1.94366,0.0
1.97224,-1.91507,0.0
1.97224,-1.88649,0.0
1.97224,-1.85791,0.0
1.97224,-1.82933,0.0
1.97224,-1.80074,0.0
1.97224,-1.77216,0.0
1.97224,-1.74358,0.0
1.97224,-1.71499,0.0
1.97224,-1.68641,0.0
1.97224,-1.65783,0.0
1.97224,-1.62924,0.0
1.97224,-1.60066,0.0
1.97224,-1.57208,0.0
1.97224,-1.54349,0.0
1.97224,-1.51491,0.0
1.97224,-1.48633,0.0
1.97224,-1.45774,0.0
1.97224,-1.42916,0.0
1.97224,-1.40058,0.0
1.97224,-1.37199,0.0
1.97224,-1.34341,0.0
1.97224,-1.31483,0.0
1.97224,-1.28624,0.0
1.97224,-1.25766,0.0
1.97224,-1.22908,0.0
1.97224,-1.20049,0.0
1.97224,-1.17191,0.0
1.97224,-1.14333,0.0
1.97224,-1.11474,0.0
1.97224,-1.08616,0.0
1.97224,-1.05758,0.0
1.97224,-1.029,0.0
1.97224,-1.00041,0.0
1.97224,-0.97183,0.0
1.97224,-0.94325,0.0
1.97224,-0.91466,0.0
1.97224,-0.88608,0.0
1.97224,-0.8575,0.0
1.97224,-0.82891,0.0
1.97224,-0.80033,0.0
1.97224,-0.77175,0.0
1.97224,-0.74316,0.0
1.97224,-0.71458,0.0
1.97224,-0.686,0.0
1.97224,-0.65741,0.0
1.97224,-0.62883,0.0
1.97224,-0.60025,0.0
1.97224,-0.57166,0.0
1.97224,-0.54308,0.0
1.97224,-0.5145,0.0
1.97224,-0.48591,0.0
1.97224,-0.45733,0.0
1.97224,-0.42875,0.0
1.97224,-0.40016,0.0
1.97224,-0.37158,0.0
1.97224,-0.343,0.0
1.97224,-0.31442,0.0
1.97224,-0.28583,0.0
1.97224,-0.25725,0.0
1.97224,-0.22867,0.0
1.97224,-0.20008,0.0
1.97224,-0.1715,0.0
1.97224,-0.14292,0.0
1.97224,-0.11433,0.0
1.97224,-0.08575,0.0
1.97224,-0.05717,0.0
1.97224,-0.02858,0.0
1.97224,0,0.0
1.97224,0.02858,0.0
1.97224,0.05717,0.0
1.97224,0.08575,0.0
1.97224,0.11433,0.0
1.97224,0.14292,0.0
1.97224,0.1715,0.0
1.97224,0.20008,0.0
1.97224,0.22867,0.0
1.97224,0.25725,0.0
1.97224,0.28583,0.0
1.97224,0.31442,0.0
1.97224,0.343,0.0
1.97224,0.37158,0.0
1.97224,0.40016,0.0
1.97224,0.42875,0.0
1.97224,0.45733,0.0
1.97224,0.48591,0.0
1.97224,0.5145,0.0
1.97224,0.54308,0.0
1.97224,0.57166,0.0
1.97224,0.60025,0.0
1.97224,0.62883,0.0
1.97224,0.65741,0.0
1.97224,0.686,0.0
1.97224,0.71458,0.0
1.97224,0.74316,0.0
1.97224,0.77175,0.0
1.97224,0.80033,0.0
1.97224,0.82891,0.0
1.97224,0.8575,0.0
1.97224,0.88608,0.0
1.97224,0.91466,0.0
1.97224,0.94325,0.0
1.97224,0.97183,0.0
1.97224,1.00041,0.0
1.97224,1.029,0.0
1.97224,1.05758,0.0
1.97224,1.08616,0.0
1.97224,1.11474,0.0
1.97224,1.14333,0.0
1.97224,1.17191,0.0
1.97224,1.20049,0.0
1.97224,1.22908,0.0
1.97224,1.25766,0.0
1.97224,1.28624,0.0
1.97224,1.31483,0.0
1.97224,1.34341,0.0
1.97224,1.37199,0.0
1.97224,1.40058,0.0
1.97224,1.42916,0.0
1.97224,1.45774,0.0
1.97224,1.48633,0.0
1.97224,1.51491,0.0
1.97224,1.54349,0.0
1.97224,1.57208,0.0
1.97224,1.60066,0.0
1.97224,1.62924,0.0
1.97224,1.65783,0.0
1.97224,1.68641,0.0
1.97224,1.71499,0.0
1.97224,1.74358,0.0
1.97224,1.77216,0.0
1.97224,1.80074,0.0
1.97224,1.82933,0.0
1.97224,1.85791,0.0
1.97224,1.88649,0.0
1.97224,1.91507,0.0
1.97224,1.94366,0.0
1.97224,1.97224,0.0
2.00082,-1.94366,0.0
2.00082,-1.91507,0.0
2.00082,-1.88649,0.0
2.00082,-1.85791,0.0
2.00082,-1.82933,0.0
2.00082,-1.80074,0.0
2.00082,-1.77216,0.0
2.00082,-1.74358,0.0
2.00082,-1.71499,0.0
2.00082,-1.68641,0.0
2.00082,-1.65783,0.0
2.00082,-1.62924,0.0
2.00082,-1.60066,0.0
2.00082,-1.57208,0.0
2.00082,-1.54349,0.0
2.00082,-1.51491,0.0
2.00082,-1.48633,0.0
2.00082,-1.45774,0.0
2.00082,-1.42916,0.0
2.00082,-1.40058,0.0
2.00082,-1.37199,0.0
2.00082,-1.34341,0.0
2.00082,-1.31483,0.0
2.00082,-1.28624,0.0
2.00082,-1.25766,0.0
2.00082,-1.22908,0.0
2.00082,-1.20049,0.0
2.00082,-1.17191,0.0
2.00082,-1.14333,0.0
2.00082,-1.11474,0.0
2.00082,-1.08616,0.0
2.00082,-1.05758,0.0
2.00082,-1.029,0.0
2.00082,-1.00041,0.0
2.00082,-0.97183,0.0
2.00082,-0.94325,0.0
2.00082,-0.91466,0.0
2.00082,-0.88608,0.0
2.00082,-0.8575,0.0
2.00082,-0.82891,0.0
2.00082,-0.80033,0.0
2.00082,-0.77175,0.0
2.00082,-0.74316,0.0
2.00082,-0.71458,0.0
2.00082,-0.686,0.0
2.00082,-0.65741,0.0
2.00082,-0.62883,0.0
2.00082,-0.60025,0.0
2.00082,-0.57166,0.0
2.00082,-0.54308,0.0
2.00082,-0.5145,0.0
2.00082,-0.48591,0.0
2.00082,-0.45733,0.0
2.00082,-0.42875,0.0
2.00082,-0.40016,0.0
2.00082,-0.37158,0.0
2.00082,-0.343,0.0
2.00082,-0.31442,0.0
2.00082,-0.28583,0.0
2.00082,-0.25725,0.0
2.00082,-0.22867,0.0
2.00082,-0.20008,0.0
2.00082,-0.1715,0.0
2.00082,-0.14292,0.0
2.00082,-0.11433,0.0
2.00082,-0.08575,0.0
2.00082,-0.05717,0.0
2.00082,-0.02858,0.0
2.00082,0,0.0
2.00082,0.02858,0.0
2.00082,0.05717,0.0
2.00082,0.08575,0.0
2.00082,0.11433,0.0
2.00082,0.14292,0.0
2.00082,0.1715,0.0
2.00082,0.20008,0.0
2.00082,0.22867,0.0
2.00082,0.25725,0.0
2.00082,0.28583,0.0
2.00082,0.31442,0.0
2.00082,0.343,0.0
2.00082,0.37158,0.0
2.00082,0.40016,0.0
2.00082,0.42875,0.0
2.00082,0.45733,0.0
2.00082,0.48591,0.0
2.00082,0.5145,0.0
2.00082,0.54308,0.0
2.00082,0.57166,0.0
2.00082,0.60025,0.0
2.00082,0.62883,0.0
2.00082,0.65741,0.0
2.00082,0.686,0.0
2.00082,0.71458,0.0
2.00082,0.74316,0.0
2.00082,0.77175,0.0
2.00082,0.80033,0.0
2.00082,0.82891,0.0
2.00082,0.8575,0.0
2.00082,0.88608,0.0
2.00082,0.91466,0.0
2.00082,0.94325,0.0
2.00082,0.97183,0.0
2.00082,1.00041,0.0
2.00082,1.029,0.0
2.00082,1.05758,0.0
2.00082,1.08616,0.0
2.00082,1.11474,0.0
2.00082,1.14333,0.0
2.00082,1.17191,0.0
2.00082,1.20049,0.0
2.00082,1.22908,0.0
2.00082,1.25766,0.0
2.00082,1.28624,0.0
2.00082,1.31483,0.0
2.00082,1.34341,0.0
2.00082,1.37199,0.0
2.00082,1.40058,0.0
2.00082,1.42916,0.0
2.00082,1.45774,0.0
2.00082,1.48633,0.0
2.00082,1.51491,0.0
2.00082,1.54349,0.0
2.00082,1.57208,0.0
2.00082,1.60066,0.0
2.00082,1.62924,0.0
2.00082,1.65783,0.0
2.00082,1.68641,0.0
2.00082,1.71499,0.0
2.00082,1.74358,0.0
2.00082,1.77216,0.0
2.00082,1.80074,0.0
2.00082,1.82933,0.0
2.00082,1.85791,0.0
2.00082,1.88649,0.0
2.00082,1.91507,0.0
2.00082,1.94366,0.0
2.02941,-1.91507,0.0
2.02941,-1.88649,0.0
2.02941,-1.85791,0.0
2.02941,-1.82933,0.0
2.02941,-1.80074,0.0
2.02941,-1.77216,0.0
2.02941,-1.74358,0.0
2.02941,-1.71499,0.0
2.02941,-1.68641,0.0
2.02941,-1.65783,0.0
2.02941,-1.62924,0.0
2.02941,-1.60066,0.0
2.02941,-1.57208,0.0
2.02941,-1.54349,0.0
2.02941,-1.51491,0.0
2.02941,-1.48633,0.0
2.02941,-1.45774,0.0
2.02941,-1.42916,0.0
2.02941,-1.40058,0.0
2.02941,-1.37199,0.0
2.02941,-1.34341,0.0
2.02941,-1.31483,0.0
2.02941,-1.28624,0.0
2.02941,-1.25766,0.0
2.02941,-1.22908,0.0
2.02941,-1.20049,0.0
2.02941,-1.17191,0.0
2.02941,-1.14333,0.0
2.02941,-1.11474,0.0
2.02941,-1.08616,0.0
2.02941,-1.05758,0.0
2.02941,-1.029,0.0
2.02941,-1.00041,0.0
2.02941,-0.97183,0.0
2.02941,-0.94325,0.0
2.02941,-0.91466,0.0
2.02941,-0.88608,0.0
2.02941,-0.8575,0.0
2.02941,-0.82891,0.0
2.02941,-0.80033,0.0
2.02941,-0.77175,0.0
2.02941,-0.74316,0.0
2.02941,-0.71458,0.0
2.02941,-0.686,0.0
2.02941,-0.65741,0.0
2.02941,-0.62883,0.0
2.02941,-0.60025,0.0
2.02941,-0.57166,0.0
2.02941,-0.54308,0.0
2.02941,-0.5145,0.0
2.02941,-0.48591,0.0
2.02941,-0.45733,0.0
2.02941,-0.42875,0.0
2.02941,-0.40016,0.0
2.02941,-0.37158,0.0
2.02941,-0.343,0.0
2.02941,-0.31442,0.0
2.02941,-0.28583,0.0
2.02941,-0.25725,0.0
2.02941,-0.22867,0.0
2.02941,-0.20008,0.0
2.02941,-0.1715,0.0
2.02941,-0.14292,0.0
2.02941,-0.11433,0.0
2.02941,-0.08575,0.0
2.02941,-0.05717,0.0
2.02941,-0.02858,0.0
2.02941,0,0.0
2.02941,0.02858,0.0
2.02941,0.05717,0.0
2.02941,0.08575,0.0
2.02941,0.11433,0.0
2.02941,0.14292,0.0
2.02941,0.1715,0.0
2.02941,0.20008,0.0
2.02941,0.22867,0.0
2.02941,0.25725,0.0
2.02941,0.28583,0.0
2.02941,0.31442,0.0
2.02941,0.343,0.0
2.02941,0.37158,0.0
2.02941,0.40016,0.0
2.02941,0.42875,0.0
2.02941,0.45733,0.0
2.02941,0.48591,0.0
2.02941,0.5145,0.0
2.02941,0.54308,0.0
2.02941,0.57166,0.0
2.02941,0.60025,0.0
2.02941,0.62883,0.0
2.02941,0.65741,0.0
2.02941,0.686,0.0
2.02941,0.71458,0.0
2.02941,0.74316,0.0
2.02941,0.77175,0.0
2.02941,0.80033,0.0
2.02941,0.82891,0.0
2.02941,0.8575,0.0
2.02941,0.88608,0.0
2.02941,0.91466,0.0
2.02941,0.94325,0.0
2.02941,0.97183,0.0
2.02941,1.00041,0.0
2.02941,1.029,0.0
2.02941,1.05758,0.0
2.02941,1.08616,0.0
2.02941,1.11474,0.0
2.02941,1.14333,0.0
2.02941,1.17191,0.0
2.02941,1.20049,0.0
2.02941,1.22908,0.0
2.02941,1.25766,0.0
2.02941,1.28624,0.0
2.02941,1.31483,0.0
2.02941,1.34341,0.0
2.02941,1.37199,0.0
2.02941,1.40058,0.0
2.02941,1.42916,0.0
2.02941,1.45774,0.0
2.02941,1.48633,0.0
2.02941,1.51491,0.0
2.02941,1.54349,0.0
2.02941,1.57208,0.0
2.02941,1.60066,0.0
2.02941,1.62924,0.0
2.02941,1.65783,0.0
2.02941,1.68641,0.0
2.02941,1.71499,0.0
2.02941,1.74358,0.0
2.02941,1.77216,0.0
2.02941,1.80074,0.0
2.02941,1.82933,0.0
2.02941,1.85791,0.0
2.02941,1.88649,0.0
2.02941,1.91507,0.0
2.05799,-1.88649,0.0
2.05799,-1.85791,0.0
2.05799,-1.82933,0.0
2.05799,-1.80074,0.0
2.05799,-1.77216,0.0
2.05799,-1.74358,0.0
2.05799,-1.71499,0.0
2.05799,-1.68641,0.0
2.05799,-1.65783,0.0
2.05799,-1.62924,0.0
2.05799,-1.60066,0.0
2.05799,-1.57208,0.0
2.05799,-1.54349,0.0
2.05799,-1.51491,0.0
2.05799,-1.48633,0.0
2.05799,-1.45774,0.0
2.05799,-1.42916,0.0
2.05799,-1.40058,0.0
2.05799,-1.37199,0.0
2.05799,-1.34341,0.0
2.05799,-1.31483,0.0
2.05799,-1.28624,0.0
2.05799,-1.25766,0.0
2.05799,-1.22908,0.0
2.05799,-1.20049,0.0
2.05799,-1.17191,0.0
2.05799,-1.14333,0.0
2.05799,-1.11474,0.0
2.05799,-1.08616,0.0
2.05799,-1.05758,0.0
2.05799,-1.029,0.0
2.05799,-1.00041,0.0
2.05799,-0.97183,0.0
2.05799,-0.94325,0.0
2.05799,-0.91466,0.0
2.05799,-0.88608,0.0
2.05799,-0.8575,0.0
2.05799,-0.82891,0.0
2.05799,-0.80033,0.0
2.05799,-0.77175,0.0
2.05799,-0.74316,0.0
2.05799,-0.71458,0.0
2.05799,-0.686,0.0
2.05799,-0.65741,0.0
2.05799,-0.62883,0.0
2.05799,-0.60025,0.0
2.05799,-0.57166,0.0
2.05799,-0.54308,0.0
2.05799,-0.5145,0.0
2.05799,-0.48591,0.0
2.05799,-0.45733,0.0
2.05799,-0.42875,0.0
2.05799,-0.40016,0.0
2.05799,-0.37158,0.0
2.05799,-0.343,0.0
2.05799,-0.31442,0.0
2.05799,-0.28583,0.0
2.05799,-0.25725,0.0
2.05799,-0.22867,0.0
2.05799,-0.20008,0.0
2.05799,-0.1715,0.0
2.05799,-0.14292,0.0
2.05799,-0.11433,0.0
2.05799,-0.08575,0.0
2.05799,-0.05717,0.0
2.05799,-0.02858,0.0
2.05799,0,0.0
2.05799,0.02858,0.0
2.05799,0.05717,0.0
2.05799,0.08575,0.0
2.05799,0.11433,0.0
2.05799,0.14292,0.0
2.05799,0.1715,0.0
2.05799,0.20008,0.0
2.05799,0.22867,0.0
2.05799,0.25725,0.0
2.05799,0.28583,0.0
2.05799,0.31442,0.0
2.05799,0.343,0.0
2.05799,0.37158,0.0
2.05799,0.40016,0.0
2.05799,0.42875,0.0
2.05799,0.45733,0.0
2.05799,0.48591,0.0
2.05799,0.5145,0.0
2.05799,0.54308,0.0
2.05799,0.57166,0.0
2.05799,0.60025,0.0
2.05799,0.62883,0.0
2.05799,0.65741,0.0
2.05799,0.686,0.0
2.05799,0.71458,0.0
2.05799,0.74316,0.0
2.05799,0.77175,0.0
2.05799,0.80033,0.0
2.05799,0.82891,0.0
2.05799,0.8575,0.0
2.05799,0.88608,0.0
2.05799,0.91466,0.0
2.05799,0.94325,0.0
2.05799,0.97183,0.0
2.05799,1.00041,0.0
2.05799,1.029,0.0
2.05799,1.05758,0.0
2.05799,1.08616,0.0
2.05799,1.11474,0.0
2.05799,1.14333,0.0
2.05799,1.17191,0.0
2.05799,1.20049,0.0
2.05799,1.22908,0.0
2.05799,1.25766,0.0
2.05799,1.28624,0.0
2.05799,1.31483,0.0
2.05799,1.34341,0.0
2.05799,1.37199,0.0
2.05799,1.40058,0.0
2.05799,1.42916,0.0
2.05799,1.45774,0.0
2.05799,1.48633,0.0
2.05799,1.51491,0.0
2.05799,1.54349,0.0
2.05799,1.57208,0.0
2.05799,1.60066,0.0
2.05799,1.62924,0.0
2.05799,1.65783,0.0
2.05799,1.68641,0.0
2.05799,1.71499,0.0
2.05799,1.74358,0.0
2.05799,1.77216,0.0
2.05799,1.80074,0.0
2.05799,1.82933,0.0
2.05799,1.85791,0.0
2.05799,1.88649,0.0
2.08657,-1.85791,0.0
2.08657,-1.82933,0.0
2.08657,-1.80074,0.0
2.08657,-1.77216,0.0
2.08657,-1.74358,0.0
2.08657,-1.71499,0.0
2.08657,-1.68641,0.0
2.08657,-1.65783,0.0
2.08657,-1.62924,0.0
2.08657,-1.60066,0.0
2.08657,-1.57208,0.0
2.08657,-1.54349,0.0
2.08657,-1.51491,0.0
2.08657,-1.48633,0.0
2.08657,-1.45774,0.0
2.08657,-1.42916,0.0
2.08657,-1.40058,0.0
2.08657,-1.37199,0.0
2.08657,-1.34341,0.0
2.08657,-1.31483,0.0
2.08657,-1.28624,0.0
2.08657,-1.25766,0.0
2.08657,-1.22908,0.0
2.08657,-1.20049,0.0
2.08657,-1.17191,0.0
2.08657,-1.14333,0.0
2.08657,-1.11474,0.0
2.08657,-1.08616,0.0
2.08657,-1.05758,0.0
2.08657,-1.029,0.0
2.08657,-1.00041,0.0
2.08657,-0.97183,0.0
2.08657,-0.94325,0.0
2.08657,-0.91466,0.0
2.08657,-0.88608,0.0
2.08657,-0.8575,0.0
2.08657,-0.82891,0.0
2.08657,-0.80033,0.0
2.08657,-0.77175,0.0
2.08657,-0.74316,0.0
2.08657,-0.71458,0.0
2.08657,-0.686,0.0
2.08657,-0.65741,0.0
2.08657,-0.62883,0.0
2.08657,-0.60025,0.0
2.08657,-0.57166,0.0
2.08657,-0.54308,0.0
2.08657,-0.5145,0.0
2.08657,-0.48591,0.0
2.08657,-0.45733,0.0
2.08657,-0.42875,0.0
2.08657,-0.40016,0.0
2.08657,-0.37158,0.0
2.08657,-0.343,0.0
2.08657,-0.31442,0.0
2.08657,-0.28583,0.0
2.08657,-0.25725,0.0
2.08657,-0.22867,0.0
2.08657,-0.20008,0.0
2.08657,-0.1715,0.0
2.08657,-0.14292,0.0
2.08657,-0.11433,0.0
2.08657,-0.08575,0.0
2.08657,-0.05717,0.0
2.08657,-0.02858,0.0
2.08657,0,0.0
2.08657,0.02858,0.0
2.08657,0.05717,0.0
2.08657,0.08575,0.0
2.08657,0.11433,0.0
2.08657,0.14292,0.0
2.08657,0.1715,0.0
2.08657,0.20008,0.0
2.08657,0.22867,0.0
2.08657,0.25725,0.0
2.08657,0.28583,0.0
2.08657,0.31442,0.0
2.08657,0.343,0.0
2.08657,0.37158,0.0
2.08657,0.40016,0.0
2.08657,0.42875,0.0
2.08657,0.45733,0.0
2.08657,0.48591,0.0
2.08657,0.5145,0.0
2.08657,0.54308,0.0
2.08657,0.57166,0.0
2.08657,0.60025,0.0
2.08657,0.62883,0.0
2.08657,0.65741,0.0
2.08657,0.686,0.0
2.08657,0.71458,0.0
2.08657,0.74316,0.0
2.08657,0.77175,0.0
2.08657,0.80033,0.0
2.08657,0.82891,0.0
2.08657,0.8575,0.0
2.08657,0.88608,0.0
2.08657,0.91466,0.0
2.08657,0.94325,0.0
2.08657,0.97183,0.0
2.08657,1.00041,0.0
2.08657,1.029,0.0
2.08657,1.05758,0.0
2.08657,1.08616,0.0
2.08657,1.11474,0.0
2.08657,1.14333,0.0
2.08657,1.17191,0.0
2.08657,1.20049,0.0
2.08657,1.22908,0.0
2.08657,1.25766,0.0
2.08657,1.28624,0.0
2.08657,1.31483,0.0
2.08657,1.34341,0.0
2.08657,1.37199,0.0
2.08657,1.40058,0.0
2.08657,1.42916,0.0
2.08657,1.45774,0.0
2.08657,1.48633,0.0
2.08657,1.51491,0.0
2.08657,1.54349,0.0
2.08657,1.57208,0.0
2.08657,1.60066,0.0
2.08657,1.62924,0.0
2.08657,1.65783,0.0
2.08657,1.68641,0.0
2.08657,1.71499,0.0
2.08657,1.74358,0.0
2.08657,1.77216,0.0
2.08657,1.80074,0.0
2.08657,1.82933,0.0
2.08657,1.85791,0.0
2.11516,-1.82933,0.0
2.11516,-1.80074,0.0
2.11516,-1.77216,0.0
2.11516,-1.74358,0.0
2.11516,-1.71499,0.0
2.11516,-1.68641,0.0
2.11516,-1.65783,0.0
2.11516,-1.62924,0.0
2.11516,-1.60066,0.0
2.11516,-1.57208,0.0
2.11516,-1.54349,0.0
2.11516,-1.51491,0.0
2.11516,-1.48633,0.0
2.11516,-1.45774,0.0
2.11516,-1.42916,0.0
2.11516,-1.40058,0.0
2.11516,-1.37199,0.0
2.11516,-1.34341,0.0
2.11516,-1.31483,0.0
2.11516,-1.28624,0.0
2.11516,-1.25766,0.0
2.11516,-1.22908,0.0
2.11516,-1.20049,0.0
2.11516,-1.17191,0.0
2.11516,-1.14333,0.0
2.11516,-1.11474,0.0
2.11516,-1.08616,0.0
2.11516,-1.05758,0.0
2.11516,-1.029,0.0
2.11516,-1.00041,0.0
2.11516,-0.97183,0.0
2.11516,-0.94325,0.0
2.11516,-0.91466,0.0
2.11516,-0.88608,0.0
2.11516,-0.8575,0.0
2.11516,-0.82891,0.0
2.11516,-0.80033,0.0
2.11516,-0.77175,0.0
2.11516,-0.74316,0.0
2.11516,-0.71458,0.0
2.11516,-0.686,0.0
2.11516,-0.65741,0.0
2.11516,-0.62883,0.0
2.11516,-0.60025,0.0
2.11516,-0.57166,0.0
2.11516,-0.54308,0.0
2.11516,-0.5145,0.0
2.11516,-0.48591,0.0
2.11516,-0.45733,0.0
2.11516,-0.42875,0.0
2.11516,-0.40016,0.0
2.11516,-0.37158,0.0
2.11516,-0.343,0.0
2.11516,-0.31442,0.0
2.11516,-0.28583,0.0
2.11516,-0.25725,0.0
2.11516,-0.22867,0.0
2.11516,-0.20008,0.0
2.11516,-0.1715,0.0
2.11516,-0.14292,0.0
2.11516,-0.11433,0.0
2.11516,-0.08575,0.0
2.11516,-0.05717,0.0
2.11516,-0.02858,0.0
2.11516,0,0.0
2.11516,0.02858,0.0
2.11516,0.05717,0.0
2.11516,0.08575,0.0
2.11516,0.11433,0.0
2.11516,0.14292,0.0
2.11516,0.1715,0.0
2.11516,0.20008,0.0
2.11516,0.22867,0.0
2.11516,0.25725,0.0
2.11516,0.28583,0.0
2.11516,0.31442,0.0
2.11516,0.343,0.0
2.11516,0.37158,0.0
2.11516,0.40016,0.0
2.11516,0.42875,0.0
2.11516,0.45733,0.0
2.11516,0.48591,0.0
2.11516,0.5145,0.0
2.11516,0.54308,0.0
2.11516,0.57166,0.0
2.11516,0.60025,0.0
2.11516,0.62883,0.0
2.11516,0.65741,0.0
2.11516,0.686,0.0
2.11516,0.71458,0.0
2.11516,0.74316,0.0
2.11516,0.77175,0.0
2.11516,0.80033,0.0
2.11516,0.82891,0.0
2.11516,0.8575,0.0
2.11516,0.88608,0.0
2.11516,0.91466,0.0
2.11516,0.94325,0.0
2.11516,0.97183,0.0
2.11516,1.00041,0.0
2.11516,1.029,0.0
2.11516,1.05758,0.0
2.11516,1.08616,0.0
2.11516,1.11474,0.0
2.11516,1.14333,0.0
2.11516,1.17191,0.0
2.11516,1.20049,0.0
2.11516,1.22908,0.0
2.11516,1.25766,0.0
2.11516,1.28624,0.0
2.11516,1.31483,0.0
2.11516,1.34341,0.0
2.11516,1.37199,0.0
2.11516,1.40058,0.0
2.11516,1.42916,0.0
2.11516,1.45774,0.0
2.11516,1.48633,0.0
2.11516,1.51491,0.0
2.11516,1.54349,0.0
2.11516,1.57208,0.0
2.11516,1.60066,0.0
2.11516,1.62924,0.0
2.11516,1.65783,0.0
2.11516,1.68641,0.0
2.11516,1.71499,0.0
2.11516,1.74358,0.0
2.11516,1.77216,0.0
2.11516,1.80074,0.0
2.11516,1.82933,0.0
2.14374,-1.80074,0.0
2.14374,-1.77216,0.0
2.14374,-1.74358,0.0
2.14374,-1.71499,0.0
2.14374,-1.68641,0.0
2.14374,-1.65783,0.0
2.14374,-1.62924,0.0
2.14374,-1.60066,0.0
2.14374,-1.57208,0.0
2.14374,-1.54349,0.0
2.14374,-1.51491,0.0
2.14374,-1.48633,0.0
2.14374,-1.45774,0.0
2.14374,-1.42916,0.0
2.14374,-1.40058,0.0
2.14374,-1.37199,0.0
2.14374,-1.34341,0.0
2.14374,-1.31483,0.0
2.14374,-1.28624,0.0
2.14374,-1.25766,0.0
2.14374,-1.22908,0.0
2.14374,-1.20049,0.0
2.14374,-1.17191,0.0
2.14374,-1.14333,0.0
2.14374,-1.11474,0.0
2.14374,-1.08616,0.0
2.14374,-1.05758,0.0
2.14374,-1.029,0.0
2.14374,-1.00041,0.0
2.14374,-0.97183,0.0
2.14374,-0.94325,0.0
2.14374,-0.91466,0.0
2.14374,-0.88608,0.0
2.14374,-0.8575,0.0
2.14374,-0.82891,0.0
2.14374,-0.80033,0.0
2.14374,-0.77175,0.0
2.14374,-0.74316,0.0
2.14374,-0.71458,0.0
2.14374,-0.686,0.0
2.14374,-0.65741,0.0
2.14374,-0.62883,0.0
2.14374,-0.60025,0.0
2.14374,-0.57166,0.0
2.14374,-0.54308,0.0
2.14374,-0.5145,0.0
2.14374,-0.48591,0.0
2.14374,-0.45733,0.0
2.14374,-0.42875,0.0
2.14374,-0.40016,0.0
2.14374,-0.37158,0.0
2.14374,-0.343,0.0
2.14374,-0.31442,0.0
2.14374,-0.28583,0.0
2.14374,-0.25725,0.0
2.14374,-0.22867,0.0
2.14374,-0.20008,0.0
2.14374,-0.1715,0.0
2.14374,-0.14292,0.0
2.14374,-0.11433,0.0
2.14374,-0.08575,0.0
2.14374,-0.05717,0.0
2.14374,-0.02858,0.0
2.14374,0,0.0
2.14374,0.02858,0.0
2.14374,0.05717,0.0
2.14374,0.08575,0.0
2.14374,0.11433,0.0
2.14374,0.14292,0.0
2.14374,0.1715,0.0
2.14374,0.20008,0.0
2.14374,0.22867,0.0
2.14374,0.25725,0.0
2.14374,0.28583,0.0
2.14374,0.31442,0.0
2.14374,0.343,0.0
2.14374,0.37158,0.0
2.14374,0.40016,0.0
2.14374,0.42875,0.0
2.14374,0.45733,0.0
2.14374,0.48591,0.0
2.14374,0.5145,0.0
2.14374,0.54308,0.0
2.14374,0.57166,0.0
2.14374,0.60025,0.0
2.14374,0.62883,0.0
2.14374,0.65741,0.0
2.14374,0.686,0.0
2.14374,0.71458,0.0
2.14374,0.74316,0.0
2.14374,0.77175,0.0
2.14374,0.80033,0.0
2.14374,0.82891,0.0
2.14374,0.8575,0.0
2.14374,0.88608,0.0
2.14374,0.91466,0.0
2.14374,0.94325,0.0
2.14374,0.97183,0.0
2.14374,1.00041,0.0
2.14374,1.029,0.0
2.14374,1.05758,0.0
2.14374,1.08616,0.0
2.14374,1.11474,0.0
2.14374,1.14333,0.0
2.14374,1.17191,0.0
2.14374,1.20049,0.0
2.14374,1.22908,0.0
2.14374,1.25766,0.0
2.14374,1.28624,0.0
2.14374,1.31483,0.0
2.14374,1.34341,0.0
2.14374,1.37199,0.0
2.14374,1.40058,0.0
2.14374,1.42916,0.0
2.14374,1.45774,0.0
2.14374,1.48633,0.0
2.14374,1.51491,0.0
2.14374,1.54349,0.0
2.14374,1.57208,0.0
2.14374,1.60066,0.0
2.14374,1.62924,0.0
2.14374,1.65783,0.0
2.14374,1.68641,0.0
2.14374,1.71499,0.0
2.14374,1.74358,0.0
2.14374,1.77216,0.0
2.14374,1.80074,0.0
2.17232,-1.74358,0.0
2.17232,-1.71499,0.0
2.17232,-1.68641,0.0
2.17232,-1.65783,0.0
2.17232,-1.62924,0.0
2.17232,-1.60066,0.0
2.17232,-1.57208,0.0
2.17232,-1.54349,0.0
2.17232,-1.51491,0.0
2.17232,-1.48633,0.0
2.17232,-1.45774,0.0
2.17232,-1.42916,0.0
2.17232,-1.40058,0.0
2.17232,-1.37199,0.0
2.17232,-1.34341,0.0
2.17232,-1.31483,0.0
2.17232,-1.28624,0.0
2.17232,-1.25766,0.0
2.17232,-1.22908,0.0
2.17232,-1.20049,0.0
2.17232,-1.17191,0.0
2.17232,-1.14333,0.0
2.17232,-1.11474,0.0
2.17232,-1.08616,0.0
2.17232,-1.05758,0.0
2.17232,-1.029,0.0
2.17232,-1.00041,0.0
2.17232,-0.97183,0.0
2.17232,-0.94325,0.0
2.17232,-0.91466,0.0
2.17232,-0.88608,0.0
2.17232,-0.8575,0.0
2.17232,-0.82891,0.0
2.17232,-0.80033,0.0
2.17232,-0.77175,0.0
2.17232,-0.74316,0.0
2.17232,-0.71458,0.0
2.17232,-0.686,0.0
2.17232,-0.65741,0.0
2.17232,-0.62883,0.0
2.17232,-0.60025,0.0
2.17232,-0.57166,0.0
2.17232,-0.54308,0.0
2.17232,-0.5145,0.0
2.17232,-0.48591,0.0
2.17232,-0.45733,0.0
2.17232,-0.42875,0.0
2.17232,-0.40016,0.0
2.17232,-0.37158,0.0
2.17232,-0.343,0.0
2.17232,-0.31442,0.0
2.17232,-0.28583,0.0
2.17232,-0.25725,0.0
2.17232,-0.22867,0.0
2.17232,-0.20008,0.0
2.17232,-0.1715,0.0
2.17232,-0.14292,0.0
2.17232,-0.11433,0.0
2.17232,-0.08575,0.0
2.17232,-0.05717,0.0
2.17232,-0.02858,0.0
2.17232,0,0.0
2.17232,0.02858,0.0
2.17232,0.05717,0.0
2.17232,0.08575,0.0
2.17232,0.11433,0.0
2.17232,0.14292,0.0
2.17232,0.1715,0.0
2.17232,0.20008,0.0
2.17232,0.22867,0.0
2.17232,0.25725,0.0
2.17232,0.28583,0.0
2.17232,0.31442,0.0
2.17232,0.343,0.0
2.17232,0.37158,0.0
2.17232,0.40016,0.0
2.17232,0.42875,0.0
2.17232,0.45733,0.0
2.17232,0.48591,0.0
2.17232,0.5145,0.0
2.17232,0.54308,0.0
2.17232,0.57166,0.0
2.17232,0.60025,0.0
2.17232,0.62883,0.0
2.17232,0.65741,0.0
2.17232,0.686,0.0
2.17232,0.71458,0.0
2.17232,0.74316,0.0
2.17232,0.77175,0.0
2.17232,0.80033,0.0
2.17232,0.82891,0.0
2.17232,0.8575,0.0
2.17232,0.88608,0.0
2.17232,0.91466,0.0
2.17232,0.94325,0.0
2.17232,0.97183,0.0
2.17232,1.00041,0.0
2.17232,1.029,0.0
2.17232,1.05758,0.0
2.17232,1.08616,0.0
2.17232,1.11474,0.0
2.17232,1.14333,0.0
2.17232,1.17191,0.0
2.17232,1.20049,0.0
2.17232,1.22908,0.0
2.17232,1.25766,0.0
2.17232,1.28624,0.0
2.17232,1.31483,0.0
2.17232,1.34341,0.0
2.17232,1.37199,0.0
2.17232,1.40058,0.0
2.17232,1.42916,0.0
2.17232,1.45774,0.0
2.17232,1.48633,0.0
2.17232,1.51491,0.0
2.17232,1.54349,0.0
2.17232,1.57208,0.0
2.17232,1.60066,0.0
2.17232,1.62924,0.0
2.17232,1.65783,0.0
2.17232,1.68641,0.0
2.17232,1.71499,0.0
2.17232,1.74358,0.0
2.20091,-1.71499,0.0
2.20091,-1.68641,0.0
2.20091,-1.65783,0.0
2.20091,-1.62924,0.0
2.20091,-1.60066,0.0
2.20091,-1.57208,0.0
2.20091,-1.54349,0.0
2.20091,-1.51491,0.0
2.20091,-1.48633,0.0
2.20091,-1.45774,0.0
2.20091,-1.42916,0.0
2.20091,-1.40058,0.0
2.20091,-1.37199,0.0
2.20091,-1.34341,0.0
2.20091,-1.31483,0.0
2.20091,-1.28624,0.0
2.20091,-1.25766,0.0
2.20091,-1.22908,0.0
2.20091,-1.20049,0.0
2.20091,-1.17191,0.0
2.20091,-1.14333,0.0
2.20091,-1.11474,0.0
2.20091,-1.08616,0.0
2.20091,-1.05758,0.0
2.20091,-1.029,0.0
2.20091,-1.00041,0.0
2.20091,-0.97183,0.0
2.20091,-0.94325,0.0
2.20091,-0.91466,0.0
2.20091,-0.88608,0.0
2.20091,-0.8575,0.0
2.20091,-0.82891,0.0
2.20091,-0.80033,0.0
2.20091,-0.77175,0.0
2.20091,-0.74316,0.0
2.20091,-0.71458,0.0
2.20091,-0.686,0.0
2.20091,-0.65741,0.0
2.20091,-0.62883,0.0
2.20091,-0.60025,0.0
2.20091,-0.57166,0.0
2.20091,-0.54308,0.0
2.20091,-0.5145,0.0
2.20091,-0.48591,0.0
2.20091,-0.45733,0.0
2.20091,-0.42875,0.0
2.20091,-0.40016,0.0
2.20091,-0.37158,0.0
2.20091,-0.343,0.0
2.20091,-0.31442,0.0
2.20091,-0.28583,0.0
2.20091,-0.25725,0.0
2.20091,-0.22867,0.0
2.20091,-0.20008,0.0
2.20091,-0.1715,0.0
2.20091,-0.14292,0.0
2.20091,-0.11433,0.0
2.20091,-0.08575,0.0
2.20091,-0.05717,0.0
2.20091,-0.02858,0.0
2.20091,0,0.0
2.20091,0.02858,0.0
2.20091,0.05717,0.0
2.20091,0.08575,0.0
2.20091,0.11433,0.0
2.20091,0.14292,0.0
2.20091,0.1715,0.0
2.20091,0.20008,0.0
2.20091,0.22867,0.0
2.20091,0.25725,0.0
2.20091,0.28583,0.0
2.20091,0.31442,0.0
2.20091,0.343,0.0
2.20091,0.37158,0.0
2.20091,0.40016,0.0
2.20091,0.42875,0.0
2.20091,0.45733,0.0
2.20091,0.48591,0.0
2.20091,0.5145,0.0
2.20091,0.54308,0.0
2.20091,0.57166,0.0
2.20091,0.60025,0.0
2.20091,0.62883,0.0
2.20091,0.65741,0.0
2.20091,0.686,0.0
2.20091,0.71458,0.0
2.20091,0.74316,0.0
2.20091,0.77175,0.0
2.20091,0.80033,0.0
2.20091,0.82891,0.0
2.20091,0.8575,0.0
2.20091,0.88608,0.0
2.20091,0.91466,0.0
2.20091,0.94325,0.0
2.20091,0.97183,0.0
2.20091,1.00041,0.0
2.20091,1.029,0.0
2.20091,1.05758,0.0
2.20091,1.08616,0.0
2.20091,1.11474,0.0
2.20091,1.14333,0.0
2.20091,1.17191,0.0
2.20091,1.20049,0.0
2.20091,1.22908,0.0
2.20091,1.25766,0.0
2.20091,1.28624,0.0
2.20091,1.31483,0.0
2.20091,1.34341,0.0
2.20091,1.37199,0.0
2.20091,1.40058,0.0
2.20091,1.42916,0.0
2.20091,1.45774,0.0
2.20091,1.48633,0.0
2.20091,1.51491,0.0
2.20091,1.54349,0.0
2.20091,1.57208,0.0
2.20091,1.60066,0.0
2.20091,1.62924,0.0
2.20091,1.65783,0.0
2.20091,1.68641,0.0
2.20091,1.71499,0.0
2.22949,-1.68641,0.0
2.22949,-1.65783,0.0
2.22949,-1.62924,0.0
2.22949,-1.60066,0.0
2.22949,-1.57208,0.0
2.22949,-1.54349,0.0
2.22949,-1.51491,0.0
2.22949,-1.48633,0.0
2.22949,-1.45774,0.0
2.22949,-1.42916,0.0
2.22949,-1.40058,0.0
2.22949,-1.37199,0.0
2.22949,-1.34341,0.0
2.22949,-1.31483,0.0
2.22949,-1.28624,0.0
2.22949,-1.25766,0.0
2.22949,-1.22908,0.0
2.22949,-1.20049,0.0
2.22949,-1.17191,0.0
2.22949,-1.14333,0.0
2.22949,-1.11474,0.0
2.22949,-1.08616,0.0
2.22949,-1.05758,0.0
2.22949,-1.029,0.0
2.22949,-1.00041,0.0
2.22949,-0.97183,0.0
2.22949,-0.94325,0.0
2.22949,-0.91466,0.0
2.22949,-0.88608,0.0
2.22949,-0.8575,0.0
2.22949,-0.82891,0.0
2.22949,-0.80033,0.0
2.22949,-0.77175,0.0
2.22949,-0.74316,0.0
2.22949,-0.71458,0.0
2.22949,-0.686,0.0
2.22949,-0.65741,0.0
2.22949,-0.62883,0.0
2.22949,-0.60025,0.0
2.22949,-0.57166,0.0
2.22949,-0.54308,0.0
2.22949,-0.5145,0.0
2.22949,-0.48591,0.0
2.22949,-0.45733,0.0
2.22949,-0.42875,0.0
2.22949,-0.40016,0.0
2.22949,-0.37158,0.0
2.22949,-0.343,0.0
2.22949,-0.31442,0.0
2.22949,-0.28583,0.0
2.22949,-0.25725,0.0
2.22949,-0.22867,0.0
2.22949,-0.20008,0.0
2.22949,-0.1715,0.0
2.22949,-0.14292,0.0
2.22949,-0.11433,0.0
2.22949,-0.08575,0.0
2.22949,-0.05717,0.0
2.22949,-0.02858,0.0
2.22949,0,0.0
2.22949,0.02858,0.0
2.22949,0.05717,0.0
2.22949,0.08575,0.0
2.22949,0.11433,0.0
2.22949,0.14292,0.0
2.22949,0.1715,0.0
2.22949,0.20008,0.0
2.22949,0.22867,0.0
2.22949,0.25725,0.0
2.22949,0.28583,0.0
2.22949,0.31442,0.0
2.22949,0.343,0.0
2.22949,0.37158,0.0
2.22949,0.40016,0.0
2.22949,0.42875,0.0
2.22949,0.45733,0.0
2.22949,0.48591,0.0
2.22949,0.5145,0.0
2.22949,0.54308,0.0
2.22949,0.57166,0.0
2.22949,0.60025,0.0
2.22949,0.62883,0.0
2.22949,0.65741,0.0
2.22949,0.686,0.0
2.22949,0.71458,0.0
2.22949,0.74316,0.0
2.22949,0.77175,0.0
2.22949,0.80033,0.0
2.22949,0.82891,0.0
2.22949,0.8575,0.0
2.22949,0.88608,0.0
2.22949,0.91466,0.0
2.22949,0.94325,0.0
2.22949,0.97183,0.0
2.22949,1.00041,0.0
2.22949,1.029,0.0
2.22949,1.05758,0.0
2.22949,1.08616,0.0
2.22949,1.11474,0.0
2.22949,1.14333,0.0
2.22949,1.17191,0.0
2.22949,1.20049,0.0
2.22949,1.22908,0.0
2.22949,1.25766,0.0
2.22949,1.28624,0.0
2.22949,1.31483,0.0
2.22949,1.34341,0.0
2.22949,1.37199,0.0
2.22949,1.40058,0.0
2.22949,1.42916,0.0
2.22949,1.45774,0.0
2.22949,1.48633,0.0
2.22949,1.51491,0.0
2.22949,1.54349,0.0
2.22949,1.57208,0.0
2.22949,1.60066,0.0
2.22949,1.62924,0.0
2.22949,1.65783,0.0
2.22949,1.68641,0.0
2.25807,-1.62924,0.0
2.25807,-1.60066,0.0
2.25807,-1.57208,0.0
2.25807,-1.54349,0.0
2.25807,-1.51491,0.0
2.25807,-1.48633,0.0
2.25807,-1.45774,0.0
2.25807,-1.42916,0.0
2.25807,-1.40058,0.0
2.25807,-1.37199,0.0
2.25807,-1.34341,0.0
2.25807,-1.31483,0.0
2.25807,-1.28624,0.0
2.25807,-1.25766,0.0
2.25807,-1.22908,0.0
2.25807,-1.20049,0.0
2.25807,-1.17191,0.0
2.25807,-1.14333,0.0
2.25807,-1.11474,0.0
2.25807,-1.08616,0.0
2.25807,-1.05758,0.0
2.25807,-1.029,0.0
2.25807,-1.00041,0.0
2.25807,-0.97183,0.0
2.25807,-0.94325,0.0
2.25807,-0.91466,0.0
2.25807,-0.88608,0.0
2.25807,-0.8575,0.0
2.25807,-0.82891,0.0
2.25807,-0.80033,0.0
2.25807,-0.77175,0.0
2.25807,-0.74316,0.0
2.25807,-0.71458,0.0
2.25807,-0.686,0.0
2.25807,-0.65741,0.0
2.25807,-0.62883,0.0
2.25807,-0.60025,0.0
2.25807,-0.57166,0.0
2.25807,-0.54308,0.0
2.25807,-0.5145,0.0
2.25807,-0.48591,0.0
2.25807,-0.45733,0.0
2.25807,-0.42875,0.0
2.25807,-0.40016,0.0
2.25807,-0.37158,0.0
2.25807,-0.343,0.0
2.25807,-0.31442,0.0
2.25807,-0.28583,0.0
2.25807,-0.25725,0.0
2.25807,-0.22867,0.0
2.25807,-0.20008,0.0
2.25807,-0.1715,0.0
2.25807,-0.14292,0.0
2.25807,-0.11433,0.0
2.25807,-0.08575,0.0
2.25807,-0.05717,0.0
2.25807,-0.02858,0.0
2.25807,0,0.0
2.25807,0.02858,0.0
2.25807,0.05717,0.0
2.25807,0.08575,0.0
2.25807,0.11433,0.0
2.25807,0.14292,0.0
2.25807,0.1715,0.0
2.25807,0.20008,0.0
2.25807,0.22867,0.0
2.25807,0.25725,0.0
2.25807,0.28583,0.0
2.25807,0.31442,0.0
2.25807,0.343,0.0
2.25807,0.37158,0.0
2.25807,0.40016,0.0
2.25807,0.42875,0.0
2.25807,0.45733,0.0
2.25807,0.48591,0.0
2.25807,0.5145,0.0
2.25807,0.54308,0.0
2.25807,0.57166,0.0
2.25807,0.60025,0.0
2.25807,0.62883,0.0
2.25807,0.65741,0.0
2.25807,0.686,0.0
2.25807,0.71458,0.0
2.25807,0.74316,0.0
2.25807,0.77175,0.0
2.25807,0.80033,0.0
2.25807,0.82891,0.0
2.25807,0.8575,0.0
2.25807,0.88608,0.0
2.25807,0.91466,0.0
2.25807,0.94325,0.0
2.25807,0.97183,0.0
2.25807,1.00041,0.0
2.25807,1.029,0.0
2.25807,1.05758,0.0
2.25807,1.08616,0.0
2.25807,1.11474,0.0
2.25807,1.14333,0.0
2.25807,1.17191,0.0
2.25807,1.20049,0.0
2.25807,1.22908,0.0
2.25807,1.25766,0.0
2.25807,1.28624,0.0
2.25807,1.31483,0.0
2.25807,1.34341,0.0
2.25807,1.37199,0.0
2.25807,1.40058,0.0
2.25807,1.42916,0.0
2.25807,1.45774,0.0
2.25807,1.48633,0.0
2.25807,1.51491,0.0
2.25807,1.54349,0.0
2.25807,1.57208,0.0
2.25807,1.60066,0.0
2.25807,1.62924,0.0
2.28666,-1.60066,0.0
2.28666,-1.57208,0.0
2.28666,-1.54349,0.0
2.28666,-1.51491,0.0
2.28666,-1.48633,0.0
2.28666,-1.45774,0.0
2.28666,-1.42916,0.0
2.28666,-1.40058,0.0
2.28666,-1.37199,0.0
2.28666,-1.34341,0.0
2.28666,-1.31483,0.0
2.28666,-1.28624,0.0
2.28666,-1.25766,0.0
2.28666,-1.22908,0.0
2.28666,-1.20049,0.0
2.28666,-1.17191,0.0
2.28666,-1.14333,0.0
2.28666,-1.11474,0.0
2.28666,-1.08616,0.0
2.28666,-1.05758,0.0
2.28666,-1.029,0.0
2.28666,-1.00041,0.0
2.28666,-0.97183,0.0
2.28666,-0.94325,0.0
2.28666,-0.91466,0.0
2.28666,-0.88608,0.0
2.28666,-0.8575,0.0
2.28666,-0.82891,0.0
2.28666,-0.80033,0.0
2.28666,-0.77175,0.0
2.28666,-0.74316,0.0
2.28666,-0.71458,0.0
2.28666,-0.686,0.0
2.28666,-0.65741,0.0
2.28666,-0.62883,0.0
2.28666,-0.60025,0.0
2.28666,-0.57166,0.0
2.28666,-0.54308,0.0
2.28666,-0.5145,0.0
2.28666,-0.48591,0.0
2.28666,-0.45733,0.0
2.28666,-0.42875,0.0
2.28666,-0.40016,0.0
2.28666,-0.37158,0.0
2.28666,-0.343,0.0
2.28666,-0.31442,0.0
2.28666,-0.28583,0.0
2.28666,-0.25725,0.0
2.28666,-0.22867,0.0
2.28666,-0.20008,0.0
2.28666,-0.1715,0.0
2.28666,-0.14292,0.0
2.28666,-0.11433,0.0
2.28666,-0.08575,0.0
2.28666,-0.05717,0.0
2.28666,-0.02858,0.0
2.28666,0,0.0
2.28666,0.02858,0.0
2.28666,0.05717,0.0
2.28666,0.08575,0.0
2.28666,0.11433,0.0
2.28666,0.14292,0.0
2.28666,0.1715,0.0
2.28666,0.20008,0.0
2.28666,0.22867,0.0
2.28666,0.25725,0.0
2.28666,0.28583,0.0
2.28666,0.31442,0.0
2.28666,0.343,0.0
2.28666,0.37158,0.0
2.28666,0.40016,0.0
2.28666,0.42875,0.0
2.28666,0.45733,0.0
2.28666,0.48591,0.0
2.28666,0.5145,0.0
2.28666,0.54308,0.0
2.28666,0.57166,0.0
2.28666,0.60025,0.0
2.28666,0.62883,0.0
2.28666,0.65741,0.0
2.28666,0.686,0.0
2.28666,0.71458,0.0
2.28666,0.74316,0.0
2.28666,0.77175,0.0
2.28666,0.80033,0.0
2.28666,0.82891,0.0
2.28666,0.8575,0.0
2.28666,0.88608,0.0
2.28666,0.91466,0.0
2.28666,0.94325,0.0
2.28666,0.97183,0.0
2.28666,1.00041,0.0
2.28666,1.029,0.0
2.28666,1.05758,0.0
2.28666,1.08616,0.0
2.28666,1.11474,0.0
2.28666,1.14333,0.0
2.28666,1.17191,0.0
2.28666,1.20049,0.0
2.28666,1.22908,0.0
2.28666,1.25766,0.0
2.28666,1.28624,0.0
2.28666,1.31483,0.0
2.28666,1.34341,0.0
2.28666,1.37199,0.0
2.28666,1.40058,0.0
2.28666,1.42916,0.0
2.28666,1.45774,0.0
2.28666,1.48633,0.0
2.28666,1.51491,0.0
2.28666,1.54349,0.0
2.28666,1.57208,0.0
2.28666,1.60066,0.0
2.31524,-1.57208,0.0
2.31524,-1.54349,0.0
2.31524,-1.51491,0.0
2.31524,-1.48633,0.0
2.31524,-1.45774,0.0
2.31524,-1.42916,0.0
2.31524,-1.40058,0.0
2.31524,-1.37199,0.0
2.31524,-1.34341,0.0
2.31524,-1.31483,0.0
2.31524,-1.28624,0.0
2.31524,-1.25766,0.0
2.31524,-1.22908,0.0
2.31524,-1.20049,0.0
2.31524,-1.17191,0.0
2.31524,-1.14333,0.0
2.31524,-1.11474,0.0
2.31524,-1.08616,0.0
2.31524,-1.05758,0.0
2.31524,-1.029,0.0
2.31524,-1.00041,0.0
2.31524,-0.97183,0.0
2.31524,-0.94325,0.0
2.31524,-0.91466,0.0
2.31524,-0.88608,0.0
2.31524,-0.8575,0.0
2.31524,-0.82891,0.0
2.31524,-0.80033,0.0
2.31524,-0.77175,0.0
2.31524,-0.74316,0.0
2.31524,-0.71458,0.0
2.31524,-0.686,0.0
2.31524,-0.65741,0.0
2.31524,-0.62883,0.0
2.31524,-0.60025,0.0
2.31524,-0.57166,0.0
2.31524,-0.54308,0.0
2.31524,-0.5145,0.0
2.31524,-0.48591,0.0
2.31524,-0.45733,0.0
2.31524,-0.42875,0.0
2.31524,-0.40016,0.0
2.31524,-0.37158,0.0
2.31524,-0.343,0.0
2.31524,-0.31442,0.0
2.31524,-0.28583,0.0
2.31524,-0.25725,0.0
2.31524,-0.22867,0.0
2.31524,-0.20008,0.0
2.31524,-0.1715,0.0
2.31524,-0.14292,0.0
2.31524,-0.11433,0.0
2.31524,-0.08575,0.0
2.31524,-0.05717,0.0
2.31524,-0.02858,0.0
2.31524,0,0.0
2.31524,0.02858,0.0
2.31524,0.05717,0.0
2.31524,0.08575,0.0
2.31524,0.11433,0.0
2.31524,0.14292,0.0
2.31524,0.1715,0.0
2.31524,0.20008,0.0
2.31524,0.22867,0.0
2.31524,0.25725,0.0
2.31524,0.28583,0.0
2.31524,0.31442,0.0
2.31524,0.343,0.0
2.31524,0.37158,0.0
2.31524,0.40016,0.0
2.31524,0.42875,0.0
2.31524,0.45733,0.0
2.31524,0.48591,0.0
2.31524,0.5145,0.0
2.31524,0.54308,0.0
2.31524,0.57166,0.0
2.31524,0.60025,0.0
2.31524,0.62883,0.0
2.31524,0.65741,0.0
2.31524,0.686,0.0
2.31524,0.71458,0.0
2.31524,0.74316,0.0
2.31524,0.77175,0.0
2.31524,0.80033,0.0
2.31524,0.82891,0.0
2.31524,0.8575,0.0
2.31524,0.88608,0.0
2.31524,0.91466,0.0
2.31524,0.94325,0.0
2.31524,0.97183,0.0
2.31524,1.00041,0.0
2.31524,1.029,0.0
2.31524,1.05758,0.0
2.31524,1.08616,0.0
2.31524,1.11474,0.0
2.31524,1.14333,0.0
2.31524,1.17191,0.0
2.31524,1.20049,0.0
2.31524,1.22908,0.0
2.31524,1.25766,0.0
2.31524,1.28624,0.0
2.31524,1.31483,0.0
2.31524,1.34341,0.0
2.31524,1.37199,0.0
2.31524,1.40058,0.0
2.31524,1.42916,0.0
2.31524,1.45774,0.0
2.31524,1.48633,0.0
2.31524,1.51491,0.0
2.31524,1.54349,0.0
2.31524,1.57208,0.0
2.34382,-1.51491,0.0
2.34382,-1.48633,0.0
2.34382,-1.45774,0.0
2.34382,-1.42916,0.0
2.34382,-1.40058,0.0
2.34382,-1.37199,0.0
2.34382,-1.34341,0.0
2.34382,-1.31483,0.0
2.34382,-1.28624,0.0
2.34382,-1.25766,0.0
2.34382,-1.22908,0.0
2.34382,-1.20049,0.0
2.34382,-1.17191,0.0
2.34382,-1.14333,0.0
2.34382,-1.11474,0.0
2.34382,-1.08616,0.0
2.34382,-1.05758,0.0
2.34382,-1.029,0.0
2.34382,-1.00041,0.0
2.34382,-0.97183,0.0
2.34382,-0.94325,0.0
2.34382,-0.91466,0.0
2.34382,-0.88608,0.0
2.34382,-0.8575,0.0
2.34382,-0.82891,0.0
2.34382,-0.80033,0.0
2.34382,-0.77175,0.0
2.34382,-0.74316,0.0
2.34382,-0.71458,0.0
2.34382,-0.686,0.0
2.34382,-0.65741,0.0
2.34382,-0.62883,0.0
2.34382,-0.60025,0.0
2.34382,-0.57166,0.0
2.34382,-0.54308,0.0
2.34382,-0.5145,0.0
2.34382,-0.48591,0.0
2.34382,-0.45733,0.0
2.34382,-0.42875,0.0
2.34382,-0.40016,0.0
2.34382,-0.37158,0.0
2.34382,-0.343,0.0
2.34382,-0.31442,0.0
2.34382,-0.28583,0.0
2.34382,-0.25725,0.0
2.34382,-0.22867,0.0
2.34382,-0.20008,0.0
2.34382,-0.1715,0.0
2.34382,-0.14292,0.0
2.34382,-0.11433,0.0
2.34382,-0.08575,0.0
2.34382,-0.05717,0.0
2.34382,-0.02858,0.0
2.34382,0,0.0
2.34382,0.02858,0.0
2.34382,0.05717,0.0
2.34382,0.08575,0.0
2.34382,0.11433,0.0
2.34382,0.14292,0.0
2.34382,0.1715,0.0
2.34382,0.20008,0.0
2.34382,0.22867,0.0
2.34382,0.25725,0.0
2.34382,0.28583,0.0
2.34382,0.31442,0.0
2.34382,0.343,0.0
2.34382,0.37158,0.0
2.34382,0.40016,0.0
2.34382,0.42875,0.0
2.34382,0.45733,0.0
2.34382,0.48591,0.0
2.34382,0.5145,0.0
2.34382,0.54308,0.0
2.34382,0.57166,0.0
2.34382,0.60025,0.0
2.34382,0.62883,0.0
2.34382,0.65741,0.0
2.34382,0.686,0.0
2.34382,0.71458,0.0
2.34382,0.74316,0.0
2.34382,0.77175,0.0
2.34382,0.80033,0.0
2.34382,0.82891,0.0
2.34382,0.8575,0.0
2.34382,0.88608,0.0
2.34382,0.91466,0.0
2.34382,0.94325,0.0
2.34382,0.97183,0.0
2.34382,1.00041,0.0
2.34382,1.029,0.0
2.34382,1.05758,0.0
2.34382,1.08616,0.0
2.34382,1.11474,0.0
2.34382,1.14333,0.0
2.34382,1.17191,0.0
2.34382,1.20049,0.0
2.34382,1.22908,0.0
2.34382,1.25766,0.0
2.34382,1.28624,0.0
2.34382,1.31483,0.0
2.34382,1.34341,0.0
2.34382,1.37199,0.0
2.34382,1.40058,0.0
2.34382,1.42916,0.0
2.34382,1.45774,0.0
2.34382,1.48633,0.0
2.34382,1.51491,0.0
2.37241,-1.48633,0.0
2.37241,-1.45774,0.0
2.37241,-1.42916,0.0
2.37241,-1.40058,0.0
2.37241,-1.37199,0.0
2.37241,-1.34341,0.0
2.37241,-1.31483,0.0
2.37241,-1.28624,0.0
2.37241,-1.25766,0.0
2.37241,-1.22908,0.0
2.37241,-1.20049,0.0
2.37241,-1.17191,0.0
2.37241,-1.14333,0.0
2.37241,-1.11474,0.0
2.37241,-1.08616,0.0
2.37241,-1.05758,0.0
2.37241,-1.029,0.0
2.37241,-1.00041,0.0
2.37241,-0.97183,0.0
2.37241,-0.94325,0.0
2.37241,-0.91466,0.0
2.37241,-0.88608,0.0
2.37241,-0.8575,0.0
2.37241,-0.82891,0.0
2.37241,-0.80033,0.0
2.37241,-0.77175,0.0
2.37241,-0.74316,0.0
2.37241,-0.71458,0.0
2.37241,-0.686,0.0
2.37241,-0.65741,0.0
2.37241,-0.62883,0.0
2.37241,-0.60025,0.0
2.37241,-0.57166,0.0
2.37241,-0.54308,0.0
2.37241,-0.5145,0.0
2.37241,-0.48591,0.0
2.37241,-0.45733,0.0
2.37241,-0.42875,0.0
2.37241,-0.40016,0.0
2.37241,-0.37158,0.0
2.37241,-0.343,0.0
2.37241,-0.31442,0.0
2.37241,-0.28583,0.0
2.37241,-0.25725,0.0
2.37241,-0.22867,0.0
2.37241,-0.20008,0.0
2.37241,-0.1715,0.0
2.37241,-0.14292,0.0
2.37241,-0.11433,0.0
2.37241,-0.08575,0.0
2.37241,-0.05717,0.0
2.37241,-0.02858,0.0
2.37241,0,0.0
2.37241,0.02858,0.0
2.37241,0.05717,0.0
2.37241,0.08575,0.0
2.37241,0.11433,0.0
2.37241,0.14292,0.0
2.37241,0.1715,0.0
2.37241,0.20008,0.0
2.37241,0.22867,0.0
2.37241,0.25725,0.0
2.37241,0.28583,0.0
2.37241,0.31442,0.0
2.37241,0.343,0.0
2.37241,0.37158,0.0
2.37241,0.40016,0.0
2.37241,0.42875,0.0
2.37241,0.45733,0.0
2.37241,0.48591,0.0
2.37241,0.5145,0.0
2.37241,0.54308,0.0
2.37241,0.57166,0.0
2.37241,0.60025,0.0
2.37241,0.62883,0.0
2.37241,0.65741,0.0
2.37241,0.686,0.0
2.37241,0.71458,0.0
2.37241,0.74316,0.0
2.37241,0.77175,0.0
2.37241,0.80033,0.0
2.37241,0.82891,0.0
2.37241,0.8575,0.0
2.37241,0.88608,0.0
2.37241,0.91466,0.0
2.37241,0.94325,0.0
2.37241,0.97183,0.0
2.37241,1.00041,0.0
2.37241,1.029,0.0
2.37241,1.05758,0.0
2.37241,1.08616,0.0
2.37241,1.11474,0.0
2.37241,1.14333,0.0
2.37241,1.17191,0.0
2.37241,1.20049,0.0
2.37241,1.22908,0.0
2.37241,1.25766,0.0
2.37241,1.28624,0.0
2.37241,1.31483,0.0
2.37241,1.34341,0.0
2.37241,1.37199,0.0
2.37241,1.40058,0.0
2.37241,1.42916,0.0
2.37241,1.45774,0.0
2.37241,1.48633,0.0
2.40099,-1.42916,0.0
2.40099,-1.40058,0.0
2.40099,-1.37199,0.0
2.40099,-1.34341,0.0
2.40099,-1.31483,0.0
2.40099,-1.28624,0.0
2.40099,-1.25766,0.0
2.40099,-1.22908,0.0
2.40099,-1.20049,0.0
2.40099,-1.17191,0.0
2.40099,-1.14333,0.0
2.40099,-1.11474,0.0
2.40099,-1.08616,0.0
2.40099,-1.05758,0.0
2.40099,-1.029,0.0
2.40099,-1.00041,0.0
2.40099,-0.97183,0.0
2.40099,-0.94325,0.0
2.40099,-0.91466,0.0
2.40099,-0.88608,0.0
2.40099,-0.8575,0.0
2.40099,-0.82891,0.0
2.40099,-0.80033,0.0
2.40099,-0.77175,0.0
2.40099,-0.74316,0.0
2.40099,-0.71458,0.0
2.40099,-0.686,0.0
2.40099,-0.65741,0.0
2.40099,-0.62883,0.0
2.40099,-0.60025,0.0
2.40099,-0.57166,0.0
2.40099,-0.54308,0.0
2.40099,-0.5145,0.0
2.40099,-0.48591,0.0
2.40099,-0.45733,0.0
2.40099,-0.42875,0.0
2.40099,-0.40016,0.0
2.40099,-0.37158,0.0
2.40099,-0.343,0.0
2.40099,-0.31442,0.0
2.40099,-0.28583,0.0
2.40099,-0.25725,0.0
2.40099,-0.22867,0.0
2.40099,-0.20008,0.0
2.40099,-0.1715,0.0
2.40099,-0.14292,0.0
2.40099,-0.11433,0.0
2.40099,-0.08575,0.0
2.40099,-0.05717,0.0
2.40099,-0.02858,0.0
2.40099,0,0.0
2.40099,0.02858,0.0
2.40099,0.05717,0.0
2.40099,0.08575,0.0
2.40099,0.11433,0.0
2.40099,0.14292,0.0
2.40099,0.1715,0.0
2.40099,0.20008,0.0
2.40099,0.22867,0.0
2.40099,0.25725,0.0
2.40099,0.28583,0.0
2.40099,0.31442,0.0
2.40099,0.343,0.0
2.40099,0.37158,0.0
2.40099,0.40016,0.0
2.40099,0.42875,0.0
2.40099,0.45733,0.0
2.40099,0.48591,0.0
2.40099,0.5145,0.0
2.40099,0.54308,0.0
2.40099,0.57166,0.0
2.40099,0.60025,0.0
2.40099,0.62883,0.0
2.40099,0.65741,0.0
2.40099,0.686,0.0
2.40099,0.71458,0.0
2.40099,0.74316,0.0
2.40099,0.77175,0.0
2.40099,0.80033,0.0
2.40099,0.82891,0.0
2.40099,0.8575,0.0
2.40099,0.88608,0.0
2.40099,0.91466,0.0
2.40099,0.94325,0.0
2.40099,0.97183,0.0
2.40099,1.00041,0.0
2.40099,1.029,0.0
2.40099,1.05758,0.0
2.40099,1.08616,0.0
2.40099,1.11474,0.0
2.40099,1.14333,0.0
2.40099,1.17191,0.0
2.40099,1.20049,0.0
2.40099,1.22908,0.0
2.40099,1.25766,0.0
2.40099,1.28624,0.0
2.40099,1.31483,0.0
2.40099,1.34341,0.0
2.40099,1.37199,0.0
2.40099,1.40058,0.0
2.40099,1.42916,0.0
2.42957,-1.37199,0.0
2.42957,-1.34341,0.0
2.42957,-1.31483,0.0
2.42957,-1.28624,0.0
2.42957,-1.25766,0.0
2.42957,-1.22908,0.0
2.42957,-1.20049,0.0
2.42957,-1.17191,0.0
2.42957,-1.14333,0.0
2.42957,-1.11474,0.0
2.42957,-1.08616,0.0
2.42957,-1.05758,0.0
2.42957,-1.029,0.0
2.42957,-1.00041,0.0
2.42957,-0.97183,0.0
2.42957,-0.94325,0.0
2.42957,-0.91466,0.0
2.42957,-0.88608,0.0
2.42957,-0.8575,0.0
2.42957,-0.82891,0.0
2.42957,-0.80033,0.0
2.42957,-0.77175,0.0
2.42957,-0.74316,0.0
2.42957,-0.71458,0.0
2.42957,-0.686,0.0
2.42957,-0.65741,0.0
2.42957,-0.62883,0.0
2.42957,-0.60025,0.0
2.42957,-0.57166,0.0
2.42957,-0.54308,0.0
2.42957,-0.5145,0.0
2.42957,-0.48591,0.0
2.42957,-0.45733,0.0
2.42957,-0.42875,0.0
2.42957,-0.40016,0.0
2.42957,-0.37158,0.0
2.42957,-0.343,0.0
2.42957,-0.31442,0.0
2.42957,-0.28583,0.0
2.42957,-0.25725,0.0
2.42957,-0.22867,0.0
2.42957,-0.20008,0.0
2.42957,-0.1715,0.0
2.42957,-0.14292,0.0
2.42957,-0.11433,0.0
2.42957,-0.08575,0.0
2.42957,-0.05717,0.0
2.42957,-0.02858,0.0
2.42957,0,0.0
2.42957,0.02858,0.0
2.42957,0.05717,0.0
2.42957,0.08575,0.0
2.42957,0.11433,0.0
2.42957,0.14292,0.0
2.42957,0.1715,0.0
2.42957,0.20008,0.0
2.42957,0.22867,0.0
2.42957,0.25725,0.0
2.42957,0.28583,0.0
2.42957,0.31442,0.0
2.42957,0.343,0.0
2.42957,0.37158,0.0
2.42957,0.40016,0.0
2.42957,0.42875,0.0
2.42957,0.45733,0.0
2.42957,0.48591,0.0
2.42957,0.5145,0.0
2.42957,0.54308,0.0
2.42957,0.57166,0.0
2.42957,0.60025,0.0
2.42957,0.62883,0.0
2.42957,0.65741,0.0
2.42957,0.686,0.0
2.42957,0.71458,0.0
2.42957,0.74316,0.0
2.42957,0.77175,0.0
2.42957,0.80033,0.0
2.42957,0.82891,0.0
2.42957,0.8575,0.0
2.42957,0.88608,0.0
2.42957,0.91466,0.0
2.42957,0.94325,0.0
2.42957,0.97183,0.0
2.42957,1.00041,0.0
2.42957,1.029,0.0
2.42957,1.05758,0.0
2.42957,1.08616,0.0
2.42957,1.11474,0.0
2.42957,1.14333,0.0
2.42957,1.17191,0.0
2.42957,1.20049,0.0
2.42957,1.22908,0.0
2.42957,1.25766,0.0
2.42957,1.28624,0.0
2.42957,1.31483,0.0
2.42957,1.34341,0.0
2.42957,1.37199,0.0
2.45816,-1.31483,0.0
2.45816,-1.28624,0.0
2.45816,-1.25766,0.0
2.45816,-1.22908,0.0
2.45816,-1.20049,0.0
2.45816,-1.17191,0.0
2.45816,-1.14333,0.0
2.45816,-1.11474,0.0
2.45816,-1.08616,0.0
2.45816,-1.05758,0.0
2.45816,-1.029,0.0
2.45816,-1.00041,0.0
2.45816,-0.97183,0.0
2.45816,-0.94325,0.0
2.45816,-0.91466,0.0
2.45816,-0.88608,0.0
2.45816,-0.8575,0.0
2.45816,-0.82891,0.0
2.45816,-0.80033,0.0
2.45816,-0.77175,0.0
2.45816,-0.74316,0.0
2.45816,-0.71458,0.0
2.45816,-0.686,0.0
2.45816,-0.65741,0.0
2.45816,-0.62883,0.0
2.45816,-0.60025,0.0
2.45816,-0.57166,0.0
2.45816,-0.54308,0.0
2.45816,-0.5145,0.0
2.45816,-0.48591,0.0
2.45816,-0.45733,0.0
2.45816,-0.42875,0.0
2.45816,-0.40016,0.0
2.45816,-0.37158,0.0
2.45816,-0.343,0.0
2.45816,-0.31442,0.0
2.45816,-0.28583,0.0
2.45816,-0.25725,0.0
2.45816,-0.22867,0.0
2.45816,-0.20008,0.0
2.45816,-0.1715,0.0
2.45816,-0.14292,0.0
2.45816,-0.11433,0.0
2.45816,-0.08575,0.0
2.45816,-0.05717,0.0
2.45816,-0.02858,0.0
2.45816,0,0.0
2.45816,0.02858,0.0
2.45816,0.05717,0.0
2.45816,0.08575,0.0
2.45816,0.11433,0.0
2.45816,0.14292,0.0
2.45816,0.1715,0.0
2.45816,0.20008,0.0
2.45816,0.22867,0.0
2.45816,0.25725,0.0
2.45816,0.28583,0.0
2.45816,0.31442,0.0
2.45816,0.343,0.0
2.45816,0.37158,0.0
2.45816,0.40016,0.0
2.45816,0.42875,0.0
2.45816,0.45733,0.0
2.45816,0.48591,0.0
2.45816,0.5145,0.0
2.45816,0.54308,0.0
2.45816,0.57166,0.0
2.45816,0.60025,0.0
2.45816,0.62883,0.0
2.45816,0.65741,0.0
2.45816,0.686,0.0
2.45816,0.71458,0.0
2.45816,0.74316,0.0
2.45816,0.77175,0.0
2.45816,0.80033,0.0
2.45816,0.82891,0.0
2.45816,0.8575,0.0
2.45816,0.88608,0.0
2.45816,0.91466,0.0
2.45816,0.94325,0.0
2.45816,0.97183,0.0
2.45816,1.00041,0.0
2.45816,1.029,0.0
2.45816,1.05758,0.0
2.45816,1.08616,0.0
2.45816,1.11474,0.0
2.45816,1.14333,0.0
2.45816,1.17191,0.0
2.45816,1.20049,0.0
2.45816,1.22908,0.0
2.45816,1.25766,0.0
2.45816,1.28624,0.0
2.45816,1.31483,0.0
2.48674,-1.28624,0.0
2.48674,-1.25766,0.0
2.48674,-1.22908,0.0
2.48674,-1.20049,0.0
2.48674,-1.17191,0.0
2.48674,-1.14333,0.0
2.48674,-1.11474,0.0
2.48674,-1.08616,0.0
2.48674,-1.05758,0.0
2.48674,-1.029,0.0
2.48674,-1.00041,0.0
2.48674,-0.97183,0.0
2.48674,-0.94325,0.0
2.48674,-0.91466,0.0
2.48674,-0.88608,0.0
2.48674,-0.8575,0.0
2.48674,-0.82891,0.0
2.48674,-0.80033,0.0
2.48674,-0.77175,0.0
2.48674,-0.74316,0.0
2.48674,-0.71458,0.0
2.48674,-0.686,0.0
2.48674,-0.65741,0.0
2.48674,-0.62883,0.0
2.48674,-0.60025,0.0
2.48674,-0.57166,0.0
2.48674,-0.54308,0.0
2.48674,-0.5145,0.0
2.48674,-0.48591,0.0
2.48674,-0.45733,0.0
2.48674,-0.42875,0.0
2.48674,-0.40016,0.0
2.48674,-0.37158,0.0
2.48674,-0.343,0.0
2.48674,-0.31442,0.0
2.48674,-0.28583,0.0
2.48674,-0.25725,0.0
2.48674,-0.22867,0.0
2.48674,-0.20008,0.0
2.48674,-0.1715,0.0
2.48674,-0.14292,0.0
2.48674,-0.11433,0.0
2.48674,-0.08575,0.0
2.48674,-0.05717,0.0
2.48674,-0.02858,0.0
2.48674,0,0.0
2.48674,0.02858,0.0
2.48674,0.05717,0.0
2.48674,0.08575,0.0
2.48674,0.11433,0.0
2.48674,0.14292,0.0
2.48674,0.1715,0.0
2.48674,0.20008,0.0
2.48674,0.22867,0.0
2.48674,0.25725,0.0
2.48674,0.28583,0.0
2.48674,0.31442,0.0
2.48674,0.343,0.0
2.48674,0.37158,0.0
2.48674,0.40016,0.0
2.48674,0.42875,0.0
2.48674,0.45733,0.0
2.48674,0.48591,0.0
2.48674,0.5145,0.0
2.48674,0.54308,0.0
2.48674,0.57166,0.0
2.48674,0.60025,0.0
2.48674,0.62883,0.0
2.48674,0.65741,0.0
2.48674,0.686,0.0
2.48674,0.71458,0.0
2.48674,0.74316,0.0
2.48674,0.77175,0.0
2.48674,0.80033,0.0
2.48674,0.82891,0.0
2.48674,0.8575,0.0
2.48674,0.88608,0.0
2.48674,0.91466,0.0
2.48674,0.94325,0.0
2.48674,0.97183,0.0
2.48674,1.00041,0.0
2.48674,1.029,0.0
2.48674,1.05758,0.0
2.48674,1.08616,0.0
2.48674,1.11474,0.0
2.48674,1.14333,0.0
2.48674,1.17191,0.0
2.48674,1.20049,0.0
2.48674,1.22908,0.0
2.48674,1.25766,0.0
2.48674,1.28624,0.0
2.51532,-1.22908,0.0
2.51532,-1.20049,0.0
2.51532,-1.17191,0.0
2.51532,-1.14333,0.0
2.51532,-1.11474,0.0
2.51532,-1.08616,0.0
2.51532,-1.05758,0.0
2.51532,-1.029,0.0
2.51532,-1.00041,0.0
2.51532,-0.97183,0.0
2.51532,-0.94325,0.0
2.51532,-0.91466,0.0
2.51532,-0.88608,0.0
2.51532,-0.8575,0.0
2.51532,-0.82891,0.0
2.51532,-0.80033,0.0
2.51532,-0.77175,0.0
2.51532,-0.74316,0.0
2.51532,-0.71458,0.0
2.51532,-0.686,0.0
2.51532,-0.65741,0.0
2.51532,-0.62883,0.0
2.51532,-0.60025,0.0
2.51532,-0.57166,0.0
2.51532,-0.54308,0.0
2.51532,-0.5145,0.0
2.51532,-0.48591,0.0
2.51532,-0.45733,0.0
2.51532,-0.42875,0.0
2.51532,-0.40016,0.0
2.51532,-0.37158,0.0
2.51532,-0.343,0.0
2.51532,-0.31442,0.0
2.51532,-0.28583,0.0
2.51532,-0.25725,0.0
2.51532,-0.22867,0.0
2.51532,-0.20008,0.0
2.51532,-0.1715,0.0
2.51532,-0.14292,0.0
2.51532,-0.11433,0.0
2.51532,-0.08575,0.0
2.51532,-0.05717,0.0
2.51532,-0.02858,0.0
2.51532,0,0.0
2.51532,0.02858,0.0
2.51532,0.05717,0.0
2.51532,0.08575,0.0
2.51532,0.11433,0.0
2.51532,0.14292,0.0
2.51532,0.1715,0.0
2.51532,0.20008,0.0
2.51532,0.22867,0.0
2.51532,0.25725,0.0
2.51532,0.28583,0.0
2.51532,0.31442,0.0
2.51532,0.343,0.0
2.51532,0.37158,0.0
2.51532,0.40016,0.0
2.51532,0.42875,0.0
2.51532,0.45733,0.0
2.51532,0.48591,0.0
2.51532,0.5145,0.0
2.51532,0.54308,0.0
2.51532,0.57166,0.0
2.51532,0.60025,0.0
2.51532,0.62883,0.0
2.51532,0.65741,0.0
2.51532,0.686,0.0
2.51532,0.71458,0.0
2.51532,0.74316,0.0
2.51532,0.77175,0.0
2.51532,0.80033,0.0
2.51532,0.82891,0.0
2.51532,0.8575,0.0
2.51532,0.88608,0.0
2.51532,0.91466,0.0
2.51532,0.94325,0.0
2.51532,0.97183,0.0
2.51532,1.00041,0.0
2.51532,1.029,0.0
2.51532,1.05758,0.0
2.51532,1.08616,0.0
2.51532,1.11474,0.0
2.51532,1.14333,0.0
2.51532,1.17191,0.0
2.51532,1.20049,0.0
2.51532,1.22908,0.0
2.54391,-1.14333,0.0
2.54391,-1.11474,0.0
2.54391,-1.08616,0.0
2.54391,-1.05758,0.0
2.54391,-1.029,0.0
2.54391,-1.00041,0.0
2.54391,-0.97183,0.0
2.54391,-0.94325,0.0
2.54391,-0.91466,0.0
2.54391,-0.88608,0.0
2.54391,-0.8575,0.0
2.54391,-0.82891,0.0
2.54391,-0.80033,0.0
2.54391,-0.77175,0.0
2.54391,-0.74316,0.0
2.54391,-0.71458,0.0
2.54391,-0.686,0.0
2.54391,-0.65741,0.0
2.54391,-0.62883,0.0
2.54391,-0.60025,0.0
2.54391,-0.57166,0.0
2.54391,-0.54308,0.0
2.54391,-0.5145,0.0
2.54391,-0.48591,0.0
2.54391,-0.45733,0.0
2.54391,-0.42875,0.0
2.54391,-0.40016,0.0
2.54391,-0.37158,0.0
2.54391,-0.343,0.0
2.54391,-0.31442,0.0
2.54391,-0.28583,0.0
2.54391,-0.25725,0.0
2.54391,-0.22867,0.0
2.54391,-0.20008,0.0
2.54391,-0.1715,0.0
2.54391,-0.14292,0.0
2.54391,-0.11433,0.0
2.54391,-0.08575,0.0
2.54391,-0.05717,0.0
2.54391,-0.02858,0.0
2.54391,0,0.0
2.54391,0.02858,0.0
2.54391,0.05717,0.0
2.54391,0.08575,0.0
2.54391,0.11433,0.0
2.54391,0.14292,0.0
2.54391,0.1715,0.0
2.54391,0.20008,0.0
2.54391,0.22867,0.0
2.54391,0.25725,0.0
2.54391,0.28583,0.0
2.54391,0.31442,0.0
2.54391,0.343,0.0
2.54391,0.37158,0.0
2.54391,0.40016,0.0
2.54391,0.42875,0.0
2.54391,0.45733,0.0
2.54391,0.48591,0.0
2.54391,0.5145,0.0
2.54391,0.54308,0.0
2.54391,0.57166,0.0
2.54391,0.60025,0.0
2.54391,0.62883,0.0
2.54391,0.65741,0.0
2.54391,0.686,0.0
2.54391,0.71458,0.0
2.54391,0.74316,0.0
2.54391,0.77175,0.0
2.54391,0.80033,0.0
2.54391,0.82891,0.0
2.54391,0.8575,0.0
2.54391,0.88608,0.0
2.54391,0.91466,0.0
2.54391,0.94325,0.0
2.54391,0.97183,0.0
2.54391,1.00041,0.0
2.54391,1.029,0.0
2.54391,1.05758,0.0
2.54391,1.08616,0.0
2.54391,1.11474,0.0
2.54391,1.14333,0.0
2.57249,-1.08616,0.0
2.57249,-1.05758,0.0
2.57249,-1.029,0.0
2.57249,-1.00041,0.0
2.57249,-0.97183,0.0
2.57249,-0.94325,0.0
2.57249,-0.91466,0.0
2.57249,-0.88608,0.0
2.57249,-0.8575,0.0
2.57249,-0.82891,0.0
2.57249,-0.80033,0.0
2.57249,-0.77175,0.0
2.57249,-0.74316,0.0
2.57249,-0.71458,0.0
2.57249,-0.686,0.0
2.57249,-0.65741,0.0
2.57249,-0.62883,0.0
2.57249,-0.60025,0.0
2.57249,-0.57166,0.0
2.57249,-0.54308,0.0
2.57249,-0.5145,0.0
2.57249,-0.48591,0.0
2.57249,-0.45733,0.0
2.57249,-0.42875,0.0
2.57249,-0.40016,0.0
2.57249,-0.37158,0.0
2.57249,-0.343,0.0
2.57249,-0.31442,0.0
2.57249,-0.28583,0.0
2.57249,-0.25725,0.0
2.57249,-0.22867,0.0
2.57249,-0.20008,0.0
2.57249,-0.1715,0.0
2.57249,-0.14292,0.0
2.57249,-0.11433,0.0
2.57249,-0.08575,0.0
2.57249,-0.05717,0.0
2.57249,-0.02858,0.0
2.57249,0,0.0
2.57249,0.02858,0.0
2.57249,0.05717,0.0
2.57249,0.08575,0.0
2.57249,0.11433,0.0
2.57249,0.14292,0.0
2.57249,0.1715,0.0
2.57249,0.20008,0.0
2.57249,0.22867,0.0
2.57249,0.25725,0.0
2.57249,0.28583,0.0
2.57249,0.31442,0.0
2.57249,0.343,0.0
2.57249,0.37158,0.0
2.57249,0.40016,0.0
2.57249,0.42875,0.0
2.57249,0.45733,0.0
2.57249,0.48591,0.0
2.57249,0.5145,0.0
2.57249,0.54308,0.0
2.57249,0.57166,0.0
2.57249,0.60025,0.0
2.57249,0.62883,0.0
2.57249,0.65741,0.0
2.57249,0.686,0.0
2.57249,0.71458,0.0
2.57249,0.74316,0.0
2.57249,0.77175,0.0
2.57249,0.80033,0.0
2.57249,0.82891,0.0
2.57249,0.8575,0.0
2.57249,0.88608,0.0
2.57249,0.91466,0.0
2.57249,0.94325,0.0
2.57249,0.97183,0.0
2.57249,1.00041,0.0
2.57249,1.029,0.0
2.57249,1.05758,0.0
2.57249,1.08616,0.0
2.60107,-1.029,0.0
2.60107,-1.00041,0.0
2.60107,-0.97183,0.0
2.60107,-0.94325,0.0
2.60107,-0.91466,0.0
2.60107,-0.88608,0.0
2.60107,-0.8575,0.0
2.60107,-0.82891,0.0
2.60107,-0.80033,0.0
2.60107,-0.77175,0.0
2.60107,-0.74316,0.0
2.60107,-0.71458,0.0
2.60107,-0.686,0.0
2.60107,-0.65741,0.0
2.60107,-0.62883,0.0
2.60107,-0.60025,0.0
2.60107,-0.57166,0.0
2.60107,-0.54308,0.0
2.60107,-0.5145,0.0
2.60107,-0.48591,0.0
2.60107,-0.45733,0.0
2.60107,-0.42875,0.0
2.60107,-0.40016,0.0
2.60107,-0.37158,0.0
2.60107,-0.343,0.0
2.60107,-0.31442,0.0
2.60107,-0.28583,0.0
2.60107,-0.25725,0.0
2.60107,-0.22867,0.0
2.60107,-0.20008,0.0
2.60107,-0.1715,0.0
2.60107,-0.14292,0.0
2.60107,-0.11433,0.0
2.60107,-0.08575,0.0
2.60107,-0.05717,0.0
2.60107,-0.02858,0.0
2.60107,0,0.0
2.60107,0.02858,0.0
2.60107,0.05717,0.0
2.60107,0.08575,0.0
2.60107,0.11433,0.0
2.60107,0.14292,0.0
2.60107,0.1715,0.0
2.60107,0.20008,0.0
2.60107,0.22867,0.0
2.60107,0.25725,0.0
2.60107,0.28583,0.0
2.60107,0.31442,0.0
2.60107,0.343,0.0
2.60107,0.37158,0.0
2.60107,0.40016,0.0
2.60107,0.42875,0.0
2.60107,0.45733,0.0
2.60107,0.48591,0.0
2.60107,0.5145,0.0
2.60107,0.54308,0.0
2.60107,0.57166,0.0
2.60107,0.60025,0.0
2.60107,0.62883,0.0
2.60107,0.65741,0.0
2.60107,0.686,0.0
2.60107,0.71458,0.0
2.60107,0.74316,0.0
2.60107,0.77175,0.0
2.60107,0.80033,0.0
2.60107,0.82891,0.0
2.60107,0.8575,0.0
2.60107,0.88608,0.0
2.60107,0.91466,0.0
2.60107,0.94325,0.0
2.60107,0.97183,0.0
2.60107,1.00041,0.0
2.60107,1.029,0.0
2.62965,-0.94325,0.0
2.62965,-0.91466,0.0
2.62965,-0.88608,0.0
2.62965,-0.8575,0.0
2.62965,-0.82891,0.0
2.62965,-0.80033,0.0
2.62965,-0.77175,0.0
2.62965,-0.74316,0.0
2.62965,-0.71458,0.0
2.62965,-0.686,0.0
2.62965,-0.65741,0.0
2.62965,-0.62883,0.0
2.62965,-0.60025,0.0
2.62965,-0.57166,0.0
2.62965,-0.54308,0.0
2.62965,-0.5145,0.0
2.62965,-0.48591,0.0
2.62965,-0.45733,0.0
2.62965,-0.42875,0.0
2.62965,-0.40016,0.0
2.62965,-0.37158,0.0
2.62965,-0.343,0.0
2.62965,-0.31442,0.0
2.62965,-0.28583,0.0
2.62965,-0.25725,0.0
2.62965,-0.22867,0.0
2.62965,-0.20008,0.0
2.62965,-0.1715,0.0
2.62965,-0.14292,0.0
2.62965,-0.11433,0.0
2.62965,-0.08575,0.0
2.62965,-0.05717,0.0
2.62965,-0.02858,0.0
2.62965,0,0.0
2.62965,0.02858,0.0
2.62965,0.05717,0.0
2.62965,0.08575,0.0
2.62965,0.11433,0.0
2.62965,0.14292,0.0
2.62965,0.1715,0.0
2.62965,0.20008,0.0
2.62965,0.22867,0.0
2.62965,0.25725,0.0
2.62965,0.28583,0.0
2.62965,0.31442,0.0
2.62965,0.343,0.0
2.62965,0.37158,0.0
2.62965,0.40016,0.0
2.62965,0.42875,0.0
2.62965,0.45733,0.0
2.62965,0.48591,0.0
2.62965,0.5145,0.0
2.62965,0.54308,0.0
2.62965,0.57166,0.0
2.62965,0.60025,0.0
2.62965,0.62883,0.0
2.62965,0.65741,0.0
2.62965,0.686,0.0
2.62965,0.71458,0.0
2.62965,0.74316,0.0
2.62965,0.77175,0.0
2.62965,0.80033,0.0
2.62965,0.82891,0.0
2.62965,0.8575,0.0
2.62965,0.88608,0.0
2.62965,0.91466,0.0
2.62965,0.94325,0.0
2.65824,-0.8575,0.0
2.65824,-0.82891,0.0
2.65824,-0.80033,0.0
2.65824,-0.77175,0.0
2.65824,-0.74316,0.0
2.65824,-0.71458,0.0
2.65824,-0.686,0.0
2.65824,-0.65741,0.0
2.65824,-0.62883,0.0
2.65824,-0.60025,0.0
2.65824,-0.57166,0.0
2.65824,-0.54308,0.0
2.65824,-0.5145,0.0
2.65824,-0.48591,0.0
2.65824,-0.45733,0.0
2.65824,-0.42875,0.0
2.65824,-0.40016,0.0
2.65824,-0.37158,0.0
2.65824,-0.343,0.0
2.65824,-0.31442,0.0
2.65824,-0.28583,0.0
2.65824,-0.25725,0.0
2.65824,-0.22867,0.0
2.65824,-0.20008,0.0
2.65824,-0.1715,0.0
2.65824,-0.14292,0.0
2.65824,-0.11433,0.0
2.65824,-0.08575,0.0
2.65824,-0.05717,0.0
2.65824,-0.02858,0.0
2.65824,0,0.0
2.65824,0.02858,0.0
2.65824,0.05717,0.0
2.65824,0.08575,0.0
2.65824,0.11433,0.0
2.65824,0.14292,0.0
2.65824,0.1715,0.0
2.65824,0.20008,0.0
2.65824,0.22867,0.0
2.65824,0.25725,0.0
2.65824,0.28583,0.0
2.65824,0.31442,0.0
2.65824,0.343,0.0
2.65824,0.37158,0.0
2.65824,0.40016,0.0
2.65824,0.42875,0.0
2.65824,0.45733,0.0
2.65824,0.48591,0.0
2.65824,0.5145,0.0
2.65824,0.54308,0.0
2.65824,0.57166,0.0
2.65824,0.60025,0.0
2.65824,0.62883,0.0
2.65824,0.65741,0.0
2.65824,0.686,0.0
2.65824,0.71458,0.0
2.65824,0.74316,0.0
2.65824,0.77175,0.0
2.65824,0.80033,0.0
2.65824,0.82891,0.0
2.65824,0.8575,0.0
2.68682,-0.77175,0.0
2.68682,-0.74316,0.0
2.68682,-0.71458,0.0
2.68682,-0.686,0.0
2.68682,-0.65741,0.0
2.68682,-0.62883,0.0
2.68682,-0.60025,0.0
2.68682,-0.57166,0.0
2.68682,-0.54308,0.0
2.68682,-0.5145,0.0
2.68682,-0.48591,0.0
2.68682,-0.45733,0.0
2.68682,-0.42875,0.0
2.68682,-0.40016,0.0
2.68682,-0.37158,0.0
2.68682,-0.343,0.0
2.68682,-0.31442,0.0
2.68682,-0.28583,0.0
2.68682,-0.25725,0.0
2.68682,-0.22867,0.0
2.68682,-0.20008,0.0
2.68682,-0.1715,0.0
2.68682,-0.14292,0.0
2.68682,-0.11433,0.0
2.68682,-0.08575,0.0
2.68682,-0.05717,0.0
2.68682,-0.02858,0.0
2.68682,0,0.0
2.68682,0.02858,0.0
2.68682,0.05717,0.0
2.68682,0.08575,0.0
2.68682,0.11433,0.0
2.68682,0.14292,0.0
2.68682,0.1715,0.0
2.68682,0.20008,0.0
2.68682,0.22867,0.0
2.68682,0.25725,0.0
2.68682,0.28583,0.0
2.68682,0.31442,0.0
2.68682,0.343,0.0
2.68682,0.37158,0.0
2.68682,0.40016,0.0
2.68682,0.42875,0.0
2.68682,0.45733,0.0
2.68682,0.48591,0.0
2.68682,0.5145,0.0
2.68682,0.54308,0.0
2.68682,0.57166,0.0
2.68682,0.60025,0.0
2.68682,0.62883,0.0
2.68682,0.65741,0.0
2.68682,0.686,0.0
2.68682,0.71458,0.0
2.68682,0.74316,0.0
2.68682,0.77175,0.0
2.7154,-0.65741,0.0
2.7154,-0.62883,0.0
2.7154,-0.60025,0.0
2.7154,-0.57166,0.0
2.7154,-0.54308,0.0
2.7154,-0.5145,0.0
2.7154,-0.48591,0.0
2.7154,-0.45733,0.0
2.7154,-0.42875,0.0
2.7154,-0.40016,0.0
2.7154,-0.37158,0.0
2.7154,-0.343,0.0
2.7154,-0.31442,0.0
2.7154,-0.28583,0.0
2.7154,-0.25725,0.0
2.7154,-0.22867,0.0
2.7154,-0.20008,0.0
2.7154,-0.1715,0.0
2.7154,-0.14292,0.0
2.7154,-0.11433,0.0
2.7154,-0.08575,0.0
2.7154,-0.05717,0.0
2.7154,-0.02858,0.0
2.7154,0,0.0
2.7154,0.02858,0.0
2.7154,0.05717,0.0
2.7154,0.08575,0.0
2.7154,0.11433,0.0
2.7154,0.14292,0.0
2.7154,0.1715,0.0
2.7154,0.20008,0.0
2.7154,0.22867,0.0
2.7154,0.25725,0.0
2.7154,0.28583,0.0
2.7154,0.31442,0.0
2.7154,0.343,0.0
2.7154,0.37158,0.0
2.7154,0.40016,0.0
2.7154,0.42875,0.0
2.7154,0.45733,0.0
2.7154,0.48591,0.0
2.7154,0.5145,0.0
2.7154,0.54308,0.0
2.7154,0.57166,0.0
2.7154,0.60025,0.0
2.7154,0.62883,0.0
2.7154,0.65741,0.0
2.74399,-0.54308,0.0
2.74399,-0.5145,0.0
2.74399,-0.48591,0.0
2.74399,-0.45733,0.0
2.74399,-0.42875,0.0
2.74399,-0.40016,0.0
2.74399,-0.37158,0.0
2.74399,-0.343,0.0
2.74399,-0.31442,0.0
2.74399,-0.28583,0.0
2.74399,-0.25725,0.0
2.74399,-0.22867,0.0
2.74399,-0.20008,0.0
2.74399,-0.1715,0.0
2.74399,-0.14292,0.0
2.74399,-0.11433,0.0
2.74399,-0.08575,0.0
2.74399,-0.05717,0.0
2.74399,-0.02858,0.0
2.74399,0,0.0
2.74399,0.02858,0.0
2.74399,0.05717,0.0
2.74399,0.08575,0.0
2.74399,0.11433,0.0
2.74399,0.14292,0.0
2.74399,0.1715,0.0
2.74399,0.20008,0.0
2.74399,0.22867,0.0
2.74399,0.25725,0.0
2.74399,0.28583,0.0
2.74399,0.31442,0.0
2.74399,0.343,0.0
2.74399,0.37158,0.0
2.74399,0.40016,0.0
2.74399,0.42875,0.0
2.74399,0.45733,0.0
2.74399,0.48591,0.0
2.74399,0.5145,0.0
2.74399,0.54308,0.0
2.77257,-0.37158,0.0
2.77257,-0.343,0.0
2.77257,-0.31442,0.0
2.77257,-0.28583,0.0
2.77257,-0.25725,0.0
2.77257,-0.22867,0.0
2.77257,-0.20008,0.0
2.77257,-0.1715,0.0
2.77257,-0.14292,0.0
2.77257,-0.11433,0.0
2.77257,-0.08575,0.0
2.77257,-0.05717,0.0
2.77257,-0.02858,0.0
2.77257,0,0.0
2.77257,0.02858,0.0
2.77257,0.05717,0.0
2.77257,0.08575,0.0
2.77257,0.11433,0.0
2.77257,0.14292,0.0
2.77257,0.1715,0.0
2.77257,0.20008,0.0
2.77257,0.22867,0.0
2.77257,0.25725,0.0
2.77257,0.28583,0.0
2.77257,0.31442,0.0
2.77257,0.343,0.0
2.77257,0.37158,0.0
