x,y,theta
-9.704,-1.30054,0.0
-9.704,-1.20049,0.0
-9.704,-1.10045,0.0
-9.704,-1.00041,0.0
-9.704,-0.90037,0.0
-9.704,-0.80033,0.0
-9.704,-0.70029,0.0
-9.704,-0.60025,0.0
-9.704,-0.50021,0.0
-9.704,-0.40016,0.0
-9.704,-0.30012,0.0
-9.704,-0.20008,0.0
-9.704,-0.10004,0.0
-9.704,0,0.0
-9.704,0.10004,0.0
-9.704,0.20008,0.0
-9.704,0.30012,0.0
-9.704,0.40016,0.0
-9.704,0.50021,0.0
-9.704,0.60025,0.0
-9.704,0.70029,0.0
-9.704,0.80033,0.0
-9.704,0.90037,0.0
-9.704,1.00041,0.0
-9.704,1.10045,0.0
-9.704,1.20049,0.0
-9.704,1.30054,0.0
-9.60396,-1.90078,0.0
-9.60396,-1.80074,0.0
-9.60396,-1.7007,0.0
-9.60396,-1.60066,0.0
-9.60396,-1.50062,0.0
-9.60396,-1.40058,0.0
-9.60396,-1.30054,0.0
-9.60396,-1.20049,0.0
-9.60396,-1.10045,0.0
-9.60396,-1.00041,0.0
-9.60396,-0.90037,0.0
-9.60396,-0.80033,0.0
-9.60396,-0.70029,0.0
-9.60396,-0.60025,0.0
-9.60396,-0.50021,0.0
-9.60396,-0.40016,0.0
-9.60396,-0.30012,0.0
-9.60396,-0.20008,0.0
-9.60396,-0.10004,0.0
-9.60396,0,0.0
-9.60396,0.10004,0.0
-9.60396,0.20008,0.0
-9.60396,0.30012,0.0
-9.60396,0.40016,0.0
-9.60396,0.50021,0.0
-9.60396,0.60025,0.0
-9.60396,0.70029,0.0
-9.60396,0.80033,0.0
-9.60396,0.90037,0.0
-9.60396,1.00041,0.0
-9.60396,1.10045,0.0
-9.60396,1.20049,0.0
-9.60396,1.30054,0.0
-9.60396,1.40058,0.0
-9.60396,1.50062,0.0
-9.60396,1.60066,0.0
-9.60396,1.7007,0.0
-9.60396,1.80074,0.0
-9.60396,1.90078,0.0
-9.50392,-2.30095,0.0
-9.50392,-2.20091,0.0
-9.50392,-2.10087,0.0
-9.50392,-2.00082,0.0
-9.50392,-1.90078,0.0
-9.50392,-1.80074,0.0
-9.50392,-1.7007,0.0
-9.50392,-1.60066,0.0
-9.50392,-1.50062,0.0
-9.50392,-1.40058,0.0
-9.50392,-1.30054,0.0
-9.50392,-1.20049,0.0
-9.50392,-1.10045,0.0
-9.50392,-1.00041,0.0
-9.50392,-0.90037,0.0
-9.50392,-0.80033,0.0
-9.50392,-0.70029,0.0
-9.50392,-0.60025,0.0
-9.50392,-0.50021,0.0
-9.50392,-0.40016,0.0
-9.50392,-0.30012,0.0
-9.50392,-0.20008,0.0
-9.50392,-0.10004,0.0
-9.50392,0,0.0
-9.50392,0.10004,0.0
-9.50392,0.20008,0.0
-9.50392,0.30012,0.0
-9.50392,0.40016,0.0
-9.50392,0.50021,0.0
-9.50392,0.60025,0.0
-9.50392,0.70029,0.0
-9.50392,0.80033,0.0
-9.50392,0.90037,0.0
-9.50392,1.00041,0.0
-9.50392,1.10045,0.0
-9.50392,1.20049,0.0
-9.50392,1.30054,0.0
-9.50392,1.40058,0.0
-9.50392,1.50062,0.0
-9.50392,1.60066,0.0
-9.50392,1.7007,0.0
-9.50392,1.80074,0.0
-9.50392,1.90078,0.0
-9.50392,2.00082,0.0
-9.50392,2.10087,0.0
-9.50392,2.20091,0.0
-9.50392,2.30095,0.0
-9.40387,-2.70111,0.0
-9.40387,-2.60107,0.0
-9.40387,-2.50103,0.0
-9.40387,-2.40099,0.0
-9.40387,-2.30095,0.0
-9.40387,-2.20091,0.0
-9.40387,-2.10087,0.0
-9.40387,-2.00082,0.0
-9.40387,-1.90078,0.0
-9.40387,-1.80074,0.0
-9.40387,-1.7007,0.0
-9.40387,-1.60066,0.0
-9.40387,-1.50062,0.0
-9.40387,-1.40058,0.0
-9.40387,-1.30054,0.0
-9.40387,-1.20049,0.0
-9.40387,-1.10045,0.0
-9.40387,-1.00041,0.0
-9.40387,-0.90037,0.0
-9.40387,-0.80033,0.0
-9.40387,-0.70029,0.0
-9.40387,-0.60025,0.0
-9.40387,-0.50021,0.0
-9.40387,-0.40016,0.0
-9.40387,-0.30012,0.0
-9.40387,-0.20008,0.0
-9.40387,-0.10004,0.0
-9.40387,0,0.0
-9.40387,0.10004,0.0
-9.40387,0.20008,0.0
-9.40387,0.30012,0.0
-9.40387,0.40016,0.0
-9.40387,0.50021,0.0
-9.40387,0.60025,0.0
-9.40387,0.70029,0.0
-9.40387,0.80033,0.0
-9.40387,0.90037,0.0
-9.40387,1.00041,0.0
-9.40387,1.10045,0.0
-9.40387,1.20049,0.0
-9.40387,1.30054,0.0
-9.40387,1.40058,0.0
-9.40387,1.50062,0.0
-9.40387,1.60066,0.0
-9.40387,1.7007,0.0
-9.40387,1.80074,0.0
-9.40387,1.90078,0.0
-9.40387,2.00082,0.0
-9.40387,2.10087,0.0
-9.40387,2.20091,0.0
-9.40387,2.30095,0.0
-9.40387,2.40099,0.0
-9.40387,2.50103,0.0
-9.40387,2.60107,0.0
-9.40387,2.70111,0.0
-9.30383,-3.00124,0.0
-9.30383,-2.9012,0.0
-9.30383,-2.80115,0.0
-9.30383,-2.70111,0.0
-9.30383,-2.60107,0.0
-9.30383,-2.50103,0.0
-9.30383,-2.40099,0.0
-9.30383,-2.30095,0.0
-9.30383,-2.20091,0.0
-9.30383,-2.10087,0.0
-9.30383,-2.00082,0.0
-9.30383,-1.90078,0.0
-9.30383,-1.80074,0.0
-9.30383,-1.7007,0.0
-9.30383,-1.60066,0.0
-9.30383,-1.50062,0.0
-9.30383,-1.40058,0.0
-9.30383,-1.30054,0.0
-9.30383,-1.20049,0.0
-9.30383,-1.10045,0.0
-9.30383,-1.00041,0.0
-9.30383,-0.90037,0.0
-9.30383,-0.80033,0.0
-9.30383,-0.70029,0.0
-9.30383,-0.60025,0.0
-9.30383,-0.50021,0.0
-9.30383,-0.40016,0.0
-9.30383,-0.30012,0.0
-9.30383,-0.20008,0.0
-9.30383,-0.10004,0.0
-9.30383,0,0.0
-9.30383,0.10004,0.0
-9.30383,0.20008,0.0
-9.30383,0.30012,0.0
-9.30383,0.40016,0.0
-9.30383,0.50021,0.0
-9.30383,0.60025,0.0
-9.30383,0.70029,0.0
-9.30383,0.80033,0.0
-9.30383,0.90037,0.0
-9.30383,1.00041,0.0
-9.30383,1.10045,0.0
-9.30383,1.20049,0.0
-9.30383,1.30054,0.0
-9.30383,1.40058,0.0
-9.30383,1.50062,0.0
-9.30383,1.60066,0.0
-9.30383,1.7007,0.0
-9.30383,1.80074,0.0
-9.30383,1.90078,0.0
-9.30383,2.00082,0.0
-9.30383,2.10087,0.0
-9.30383,2.20091,0.0
-9.30383,2.30095,0.0
-9.30383,2.40099,0.0
-9.30383,2.50103,0.0
-9.30383,2.60107,0.0
-9.30383,2.70111,0.0
-9.30383,2.80115,0.0
-9.30383,2.9012,0.0
-9.30383,3.00124,0.0
-9.20379,-3.30136,0.0
-9.20379,-3.20132,0.0
-9.20379,-3.10128,0.0
-9.20379,-3.00124,0.0
-9.20379,-2.9012,0.0
-9.20379,-2.80115,0.0
-9.20379,-2.70111,0.0
-9.20379,-2.60107,0.0
-9.20379,-2.50103,0.0
-9.20379,-2.40099,0.0
-9.20379,-2.30095,0.0
-9.20379,-2.20091,0.0
-9.20379,-2.10087,0.0
-9.20379,-2.00082,0.0
-9.20379,-1.90078,0.0
-9.20379,-1.80074,0.0
-9.20379,-1.7007,0.0
-9.20379,-1.60066,0.0
-9.20379,-1.50062,0.0
-9.20379,-1.40058,0.0
-9.20379,-1.30054,0.0
-9.20379,-1.20049,0.0
-9.20379,-1.10045,0.0
-9.20379,-1.00041,0.0
-9.20379,-0.90037,0.0
-9.20379,-0.80033,0.0
-9.20379,-0.70029,0.0
-9.20379,-0.60025,0.0
-9.20379,-0.50021,0.0
-9.20379,-0.40016,0.0
-9.20379,-0.30012,0.0
-9.20379,-0.20008,0.0
-9.20379,-0.10004,0.0
-9.20379,0,0.0
-9.20379,0.10004,0.0
-9.20379,0.20008,0.0
-9.20379,0.30012,0.0
-9.20379,0.40016,0.0
-9.20379,0.50021,0.0
-9.20379,0.60025,0.0
-9.20379,0.70029,0.0
-9.20379,0.80033,0.0
-9.20379,0.90037,0.0
-9.20379,1.00041,0.0
-9.20379,1.10045,0.0
-9.20379,1.20049,0.0
-9.20379,1.30054,0.0
-9.20379,1.40058,0.0
-9.20379,1.50062,0.0
-9.20379,1.60066,0.0
-9.20379,1.7007,0.0
-9.20379,1.80074,0.0
-9.20379,1.90078,0.0
-9.20379,2.00082,0.0
-9.20379,2.10087,0.0
-9.20379,2.20091,0.0
-9.20379,2.30095,0.0
-9.20379,2.40099,0.0
-9.20379,2.50103,0.0
-9.20379,2.60107,0.0
-9.20379,2.70111,0.0
-9.20379,2.80115,0.0
-9.20379,2.9012,0.0
-9.20379,3.00124,0.0
-9.20379,3.10128,0.0
-9.20379,3.20132,0.0
-9.20379,3.30136,0.0
-9.10375,-3.60148,0.0
-9.10375,-3.50144,0.0
-9.10375,-3.4014,0.0
-9.10375,-3.30136,0.0
-9.10375,-3.20132,0.0
-9.10375,-3.10128,0.0
-9.10375,-3.00124,0.0
-9.10375,-2.9012,0.0
-9.10375,-2.80115,0.0
-9.10375,-2.70111,0.0
-9.10375,-2.60107,0.0
-9.10375,-2.50103,0.0
-9.10375,-2.40099,0.0
-9.10375,-2.30095,0.0
-9.10375,-2.20091,0.0
-9.10375,-2.10087,0.0
-9.10375,-2.00082,0.0
-9.10375,-1.90078,0.0
-9.10375,-1.80074,0.0
-9.10375,-1.7007,0.0
-9.10375,-1.60066,0.0
-9.10375,-1.50062,0.0
-9.10375,-1.40058,0.0
-9.10375,-1.30054,0.0
-9.10375,-1.20049,0.0
-9.10375,-1.10045,0.0
-9.10375,-1.00041,0.0
-9.10375,-0.90037,0.0
-9.10375,-0.80033,0.0
-9.10375,-0.70029,0.0
-9.10375,-0.60025,0.0
-9.10375,-0.50021,0.0
-9.10375,-0.40016,0.0
-9.10375,-0.30012,0.0
-9.10375,-0.20008,0.0
-9.10375,-0.10004,0.0
-9.10375,0,0.0
-9.10375,0.10004,0.0
-9.10375,0.20008,0.0
-9.10375,0.30012,0.0
-9.10375,0.40016,0.0
-9.10375,0.50021,0.0
-9.10375,0.60025,0.0
-9.10375,0.70029,0.0
-9.10375,0.80033,0.0
-9.10375,0.90037,0.0
-9.10375,1.00041,0.0
-9.10375,1.10045,0.0
-9.10375,1.20049,0.0
-9.10375,1.30054,0.0
-9.10375,1.40058,0.0
-9.10375,1.50062,0.0
-9.10375,1.60066,0.0
-9.10375,1.7007,0.0
-9.10375,1.80074,0.0
-9.10375,1.90078,0.0
-9.10375,2.00082,0.0
-9.10375,2.10087,0.0
-9.10375,2.20091,0.0
-9.10375,2.30095,0.0
-9.10375,2.40099,0.0
-9.10375,2.50103,0.0
-9.10375,2.60107,0.0
-9.10375,2.70111,0.0
-9.10375,2.80115,0.0
-9.10375,2.9012,0.0
-9.10375,3.00124,0.0
-9.10375,3.10128,0.0
-9.10375,3.20132,0.0
-9.10375,3.30136,0.0
-9.10375,3.4014,0.0
-9.10375,3.50144,0.0
-9.10375,3.60148,0.0
-9.00371,-3.80157,0.0
-9.00371,-3.70152,0.0
-9.00371,-3.60148,0.0
-9.00371,-3.50144,0.0
-9.00371,-3.4014,0.0
-9.00371,-3.30136,0.0
-9.00371,-3.20132,0.0
-9.00371,-3.10128,0.0
-9.00371,-3.00124,0.0
-9.00371,-2.9012,0.0
-9.00371,-2.80115,0.0
-9.00371,-2.70111,0.0
-9.00371,-2.60107,0.0
-9.00371,-2.50103,0.0
-9.00371,-2.40099,0.0
-9.00371,-2.30095,0.0
-9.00371,-2.20091,0.0
-9.00371,-2.10087,0.0
-9.00371,-2.00082,0.0
-9.00371,-1.90078,0.0
-9.00371,-1.80074,0.0
-9.00371,-1.7007,0.0
-9.00371,-1.60066,0.0
-9.00371,-1.50062,0.0
-9.00371,-1.40058,0.0
-9.00371,-1.30054,0.0
-9.00371,-1.20049,0.0
-9.00371,-1.10045,0.0
-9.00371,-1.00041,0.0
-9.00371,-0.90037,0.0
-9.00371,-0.80033,0.0
-9.00371,-0.70029,0.0
-9.00371,-0.60025,0.0
-9.00371,-0.50021,0.0
-9.00371,-0.40016,0.0
-9.00371,-0.30012,0.0
-9.00371,-0.20008,0.0
-9.00371,-0.10004,0.0
-9.00371,0,0.0
-9.00371,0.10004,0.0
-9.00371,0.20008,0.0
-9.00371,0.30012,0.0
-9.00371,0.40016,0.0
-9.00371,0.50021,0.0
-9.00371,0.60025,0.0
-9.00371,0.70029,0.0
-9.00371,0.80033,0.0
-9.00371,0.90037,0.0
-9.00371,1.00041,0.0
-9.00371,1.10045,0.0
-9.00371,1.20049,0.0
-9.00371,1.30054,0.0
-9.00371,1.40058,0.0
-9.00371,1.50062,0.0
-9.00371,1.60066,0.0
-9.00371,1.7007,0.0
-9.00371,1.80074,0.0
-9.00371,1.90078,0.0
-9.00371,2.00082,0.0
-9.00371,2.10087,0.0
-9.00371,2.20091,0.0
-9.00371,2.30095,0.0
-9.00371,2.40099,0.0
-9.00371,2.50103,0.0
-9.00371,2.60107,0.0
-9.00371,2.70111,0.0
-9.00371,2.80115,0.0
-9.00371,2.9012,0.0
-9.00371,3.00124,0.0
-9.00371,3.10128,0.0
-9.00371,3.20132,0.0
-9.00371,3.30136,0.0
-9.00371,3.4014,0.0
-9.00371,3.50144,0.0
-9.00371,3.60148,0.0
-9.00371,3.70152,0.0
-9.00371,3.80157,0.0
-8.90367,-4.00165,0.0
-8.90367,-3.90161,0.0
-8.90367,-3.80157,0.0
-8.90367,-3.70152,0.0
-8.90367,-3.60148,0.0
-8.90367,-3.50144,0.0
-8.90367,-3.4014,0.0
-8.90367,-3.30136,0.0
-8.90367,-3.20132,0.0
-8.90367,-3.10128,0.0
-8.90367,-3.00124,0.0
-8.90367,-2.9012,0.0
-8.90367,-2.80115,0.0
-8.90367,-2.70111,0.0
-8.90367,-2.60107,0.0
-8.90367,-2.50103,0.0
-8.90367,-2.40099,0.0
-8.90367,-2.30095,0.0
-8.90367,-2.20091,0.0
-8.90367,-2.10087,0.0
-8.90367,-2.00082,0.0
-8.90367,-1.90078,0.0
-8.90367,-1.80074,0.0
-8.90367,-1.7007,0.0
-8.90367,-1.60066,0.0
-8.90367,-1.50062,0.0
-8.90367,-1.40058,0.0
-8.90367,-1.30054,0.0
-8.90367,-1.20049,0.0
-8.90367,-1.10045,0.0
-8.90367,-1.00041,0.0
-8.90367,-0.90037,0.0
-8.90367,-0.80033,0.0
-8.90367,-0.70029,0.0
-8.90367,-0.60025,0.0
-8.90367,-0.50021,0.0
-8.90367,-0.40016,0.0
-8.90367,-0.30012,0.0
-8.90367,-0.20008,0.0
-8.90367,-0.10004,0.0
-8.90367,0,0.0
-8.90367,0.10004,0.0
-8.90367,0.20008,0.0
-8.90367,0.30012,0.0
-8.90367,0.40016,0.0
-8.90367,0.50021,0.0
-8.90367,0.60025,0.0
-8.90367,0.70029,0.0
-8.90367,0.80033,0.0
-8.90367,0.90037,0.0
-8.90367,1.00041,0.0
-8.90367,1.10045,0.0
-8.90367,1.20049,0.0
-8.90367,1.30054,0.0
-8.90367,1.40058,0.0
-8.90367,1.50062,0.0
-8.90367,1.60066,0.0
-8.90367,1.7007,0.0
-8.90367,1.80074,0.0
-8.90367,1.90078,0.0
-8.90367,2.00082,0.0
-8.90367,2.10087,0.0
-8.90367,2.20091,0.0
-8.90367,2.30095,0.0
-8.90367,2.40099,0.0
-8.90367,2.50103,0.0
-8.90367,2.60107,0.0
-8.90367,2.70111,0.0
-8.90367,2.80115,0.0
-8.90367,2.9012,0.0
-8.90367,3.00124,0.0
-8.90367,3.10128,0.0
-8.90367,3.20132,0.0
-8.90367,3.30136,0.0
-8.90367,3.4014,0.0
-8.90367,3.50144,0.0
-8.90367,3.60148,0.0
-8.90367,3.70152,0.0
-8.90367,3.80157,0.0
-8.90367,3.90161,0.0
-8.90367,4.00165,0.0
-8.80363,-4.30177,0.0
-8.80363,-4.20173,0.0
-8.80363,-4.10169,0.0
-8.80363,-4.00165,0.0
-8.80363,-3.90161,0.0
-8.80363,-3.80157,0.0
-8.80363,-3.70152,0.0
-8.80363,-3.60148,0.0
-8.80363,-3.50144,0.0
-8.80363,-3.4014,0.0
-8.80363,-3.30136,0.0
-8.80363,-3.20132,0.0
-8.80363,-3.10128,0.0
-8.80363,-3.00124,0.0
-8.80363,-2.9012,0.0
-8.80363,-2.80115,0.0
-8.80363,-2.70111,0.0
-8.80363,-2.60107,0.0
-8.80363,-2.50103,0.0
-8.80363,-2.40099,0.0
-8.80363,-2.30095,0.0
-8.80363,-2.20091,0.0
-8.80363,-2.10087,0.0
-8.80363,-2.00082,0.0
-8.80363,-1.90078,0.0
-8.80363,-1.80074,0.0
-8.80363,-1.7007,0.0
-8.80363,-1.60066,0.0
-8.80363,-1.50062,0.0
-8.80363,-1.40058,0.0
-8.80363,-1.30054,0.0
-8.80363,-1.20049,0.0
-8.80363,-1.10045,0.0
-8.80363,-1.00041,0.0
-8.80363,-0.90037,0.0
-8.80363,-0.80033,0.0
-8.80363,-0.70029,0.0
-8.80363,-0.60025,0.0
-8.80363,-0.50021,0.0
-8.80363,-0.40016,0.0
-8.80363,-0.30012,0.0
-8.80363,-0.20008,0.0
-8.80363,-0.10004,0.0
-8.80363,0,0.0
-8.80363,0.10004,0.0
-8.80363,0.20008,0.0
-8.80363,0.30012,0.0
-8.80363,0.40016,0.0
-8.80363,0.50021,0.0
-8.80363,0.60025,0.0
-8.80363,0.70029,0.0
-8.80363,0.80033,0.0
-8.80363,0.90037,0.0
-8.80363,1.00041,0.0
-8.80363,1.10045,0.0
-8.80363,1.20049,0.0
-8.80363,1.30054,0.0
-8.80363,1.40058,0.0
-8.80363,1.50062,0.0
-8.80363,1.60066,0.0
-8.80363,1.7007,0.0
-8.80363,1.80074,0.0
-8.80363,1.90078,0.0
-8.80363,2.00082,0.0
-8.80363,2.10087,0.0
-8.80363,2.20091,0.0
-8.80363,2.30095,0.0
-8.80363,2.40099,0.0
-8.80363,2.50103,0.0
-8.80363,2.60107,0.0
-8.80363,2.70111,0.0
-8.80363,2.80115,0.0
-8.80363,2.9012,0.0
-8.80363,3.00124,0.0
-8.80363,3.10128,0.0
-8.80363,3.20132,0.0
-8.80363,3.30136,0.0
-8.80363,3.4014,0.0
-8.80363,3.50144,0.0
-8.80363,3.60148,0.0
-8.80363,3.70152,0.0
-8.80363,3.80157,0.0
-8.80363,3.90161,0.0
-8.80363,4.00165,0.0
-8.80363,4.10169,0.0
-8.80363,4.20173,0.0
-8.80363,4.30177,0.0
-8.70359,-4.50185,0.0
-8.70359,-4.40181,0.0
-8.70359,-4.30177,0.0
-8.70359,-4.20173,0.0
-8.70359,-4.10169,0.0
-8.70359,-4.00165,0.0
-8.70359,-3.90161,0.0
-8.70359,-3.80157,0.0
-8.70359,-3.70152,0.0
-8.70359,-3.60148,0.0
-8.70359,-3.50144,0.0
-8.70359,-3.4014,0.0
-8.70359,-3.30136,0.0
-8.70359,-3.20132,0.0
-8.70359,-3.10128,0.0
-8.70359,-3.00124,0.0
-8.70359,-2.9012,0.0
-8.70359,-2.80115,0.0
-8.70359,-2.70111,0.0
-8.70359,-2.60107,0.0
-8.70359,-2.50103,0.0
-8.70359,-2.40099,0.0
-8.70359,-2.30095,0.0
-8.70359,-2.20091,0.0
-8.70359,-2.10087,0.0
-8.70359,-2.00082,0.0
-8.70359,-1.90078,0.0
-8.70359,-1.80074,0.0
-8.70359,-1.7007,0.0
-8.70359,-1.60066,0.0
-8.70359,-1.50062,0.0
-8.70359,-1.40058,0.0
-8.70359,-1.30054,0.0
-8.70359,-1.20049,0.0
-8.70359,-1.10045,0.0
-8.70359,-1.00041,0.0
-8.70359,-0.90037,0.0
-8.70359,-0.80033,0.0
-8.70359,-0.70029,0.0
-8.70359,-0.60025,0.0
-8.70359,-0.50021,0.0
-8.70359,-0.40016,0.0
-8.70359,-0.30012,0.0
-8.70359,-0.20008,0.0
-8.70359,-0.10004,0.0
-8.70359,0,0.0
-8.70359,0.10004,0.0
-8.70359,0.20008,0.0
-8.70359,0.30012,0.0
-8.70359,0.40016,0.0
-8.70359,0.50021,0.0
-8.70359,0.60025,0.0
-8.70359,0.70029,0.0
-8.70359,0.80033,0.0
-8.70359,0.90037,0.0
-8.70359,1.00041,0.0
-8.70359,1.10045,0.0
-8.70359,1.20049,0.0
-8.70359,1.30054,0.0
-8.70359,1.40058,0.0
-8.70359,1.50062,0.0
-8.70359,1.60066,0.0
-8.70359,1.7007,0.0
-8.70359,1.80074,0.0
-8.70359,1.90078,0.0
-8.70359,2.00082,0.0
-8.70359,2.10087,0.0
-8.70359,2.20091,0.0
-8.70359,2.30095,0.0
-8.70359,2.40099,0.0
-8.70359,2.50103,0.0
-8.70359,2.60107,0.0
-8.70359,2.70111,0.0
-8.70359,2.80115,0.0
-8.70359,2.9012,0.0
-8.70359,3.00124,0.0
-8.70359,3.10128,0.0
-8.70359,3.20132,0.0
-8.70359,3.30136,0.0
-8.70359,3.4014,0.0
-8.70359,3.50144,0.0
-8.70359,3.60148,0.0
-8.70359,3.70152,0.0
-8.70359,3.80157,0.0
-8.70359,3.90161,0.0
-8.70359,4.00165,0.0
-8.70359,4.10169,0.0
-8.70359,4.20173,0.0
-8.70359,4.30177,0.0
-8.70359,4.40181,0.0
-8.70359,4.50185,0.0
-8.60354,-4.6019,0.0
-8.60354,-4.50185,0.0
-8.60354,-4.40181,0.0
-8.60354,-4.30177,0.0
-8.60354,-4.20173,0.0
-8.60354,-4.10169,0.0
-8.60354,-4.00165,0.0
-8.60354,-3.90161,0.0
-8.60354,-3.80157,0.0
-8.60354,-3.70152,0.0
-8.60354,-3.60148,0.0
-8.60354,-3.50144,0.0
-8.60354,-3.4014,0.0
-8.60354,-3.30136,0.0
-8.60354,-3.20132,0.0
-8.60354,-3.10128,0.0
-8.60354,-3.00124,0.0
-8.60354,-2.9012,0.0
-8.60354,-2.80115,0.0
-8.60354,-2.70111,0.0
-8.60354,-2.60107,0.0
-8.60354,-2.50103,0.0
-8.60354,-2.40099,0.0
-8.60354,-2.30095,0.0
-8.60354,-2.20091,0.0
-8.60354,-2.10087,0.0
-8.60354,-2.00082,0.0
-8.60354,-1.90078,0.0
-8.60354,-1.80074,0.0
-8.60354,-1.7007,0.0
-8.60354,-1.60066,0.0
-8.60354,-1.50062,0.0
-8.60354,-1.40058,0.0
-8.60354,-1.30054,0.0
-8.60354,-1.20049,0.0
-8.60354,-1.10045,0.0
-8.60354,-1.00041,0.0
-8.60354,-0.90037,0.0
-8.60354,-0.80033,0.0
-8.60354,-0.70029,0.0
-8.60354,-0.60025,0.0
-8.60354,-0.50021,0.0
-8.60354,-0.40016,0.0
-8.60354,-0.30012,0.0
-8.60354,-0.20008,0.0
-8.60354,-0.10004,0.0
-8.60354,0,0.0
-8.60354,0.10004,0.0
-8.60354,0.20008,0.0
-8.60354,0.30012,0.0
-8.60354,0.40016,0.0
-8.60354,0.50021,0.0
-8.60354,0.60025,0.0
-8.60354,0.70029,0.0
-8.60354,0.80033,0.0
-8.60354,0.90037,0.0
-8.60354,1.00041,0.0
-8.60354,1.10045,0.0
-8.60354,1.20049,0.0
-8.60354,1.30054,0.0
-8.60354,1.40058,0.0
-8.60354,1.50062,0.0
-8.60354,1.60066,0.0
-8.60354,1.7007,0.0
-8.60354,1.80074,0.0
-8.60354,1.90078,0.0
-8.60354,2.00082,0.0
-8.60354,2.10087,0.0
-8.60354,2.20091,0.0
-8.60354,2.30095,0.0
-8.60354,2.40099,0.0
-8.60354,2.50103,0.0
-8.60354,2.60107,0.0
-8.60354,2.70111,0.0
-8.60354,2.80115,0.0
-8.60354,2.9012,0.0
-8.60354,3.00124,0.0
-8.60354,3.10128,0.0
-8.60354,3.20132,0.0
-8.60354,3.30136,0.0
-8.60354,3.4014,0.0
-8.60354,3.50144,0.0
-8.60354,3.60148,0.0
-8.60354,3.70152,0.0
-8.60354,3.80157,0.0
-8.60354,3.90161,0.0
-8.60354,4.00165,0.0
-8.60354,4.10169,0.0
-8.60354,4.20173,0.0
-8.60354,4.30177,0.0
-8.60354,4.40181,0.0
-8.60354,4.50185,0.0
-8.60354,4.6019,0.0
-8.5035,-4.80198,0.0
-8.5035,-4.70194,0.0
-8.5035,-4.6019,0.0
-8.5035,-4.50185,0.0
-8.5035,-4.40181,0.0
-8.5035,-4.30177,0.0
-8.5035,-4.20173,0.0
-8.5035,-4.10169,0.0
-8.5035,-4.00165,0.0
-8.5035,-3.90161,0.0
-8.5035,-3.80157,0.0
-8.5035,-3.70152,0.0
-8.5035,-3.60148,0.0
-8.5035,-3.50144,0.0
-8.5035,-3.4014,0.0
-8.5035,-3.30136,0.0
-8.5035,-3.20132,0.0
-8.5035,-3.10128,0.0
-8.5035,-3.00124,0.0
-8.5035,-2.9012,0.0
-8.5035,-2.80115,0.0
-8.5035,-2.70111,0.0
-8.5035,-2.60107,0.0
-8.5035,-2.50103,0.0
-8.5035,-2.40099,0.0
-8.5035,-2.30095,0.0
-8.5035,-2.20091,0.0
-8.5035,-2.10087,0.0
-8.5035,-2.00082,0.0
-8.5035,-1.90078,0.0
-8.5035,-1.80074,0.0
-8.5035,-1.7007,0.0
-8.5035,-1.60066,0.0
-8.5035,-1.50062,0.0
-8.5035,-1.40058,0.0
-8.5035,-1.30054,0.0
-8.5035,-1.20049,0.0
-8.5035,-1.10045,0.0
-8.5035,-1.00041,0.0
-8.5035,-0.90037,0.0
-8.5035,-0.80033,0.0
-8.5035,-0.70029,0.0
-8.5035,-0.60025,0.0
-8.5035,-0.50021,0.0
-8.5035,-0.40016,0.0
-8.5035,-0.30012,0.0
-8.5035,-0.20008,0.0
-8.5035,-0.10004,0.0
-8.5035,0,0.0
-8.5035,0.10004,0.0
-8.5035,0.20008,0.0
-8.5035,0.30012,0.0
-8.5035,0.40016,0.0
-8.5035,0.50021,0.0
-8.5035,0.60025,0.0
-8.5035,0.70029,0.0
-8.5035,0.80033,0.0
-8.5035,0.90037,0.0
-8.5035,1.00041,0.0
-8.5035,1.10045,0.0
-8.5035,1.20049,0.0
-8.5035,1.30054,0.0
-8.5035,1.40058,0.0
-8.5035,1.50062,0.0
-8.5035,1.60066,0.0
-8.5035,1.7007,0.0
-8.5035,1.80074,0.0
-8.5035,1.90078,0.0
-8.5035,2.00082,0.0
-8.5035,2.10087,0.0
-8.5035,2.20091,0.0
-8.5035,2.30095,0.0
-8.5035,2.40099,0.0
-8.5035,2.50103,0.0
-8.5035,2.60107,0.0
-8.5035,2.70111,0.0
-8.5035,2.80115,0.0
-8.5035,2.9012,0.0
-8.5035,3.00124,0.0
-8.5035,3.10128,0.0
-8.5035,3.20132,0.0
-8.5035,3.30136,0.0
-8.5035,3.4014,0.0
-8.5035,3.50144,0.0
-8.5035,3.60148,0.0
-8.5035,3.70152,0.0
-8.5035,3.80157,0.0
-8.5035,3.90161,0.0
-8.5035,4.00165,0.0
-8.5035,4.10169,0.0
-8.5035,4.20173,0.0
-8.5035,4.30177,0.0
-8.5035,4.40181,0.0
-8.5035,4.50185,0.0
-8.5035,4.6019,0.0
-8.5035,4.70194,0.0
-8.5035,4.80198,0.0
-8.40346,-5.00206,0.0
-8.40346,-4.90202,0.0
-8.40346,-4.80198,0.0
-8.40346,-4.70194,0.0
-8.40346,-4.6019,0.0
-8.40346,-4.50185,0.0
-8.40346,-4.40181,0.0
-8.40346,-4.30177,0.0
-8.40346,-4.20173,0.0
-8.40346,-4.10169,0.0
-8.40346,-4.00165,0.0
-8.40346,-3.90161,0.0
-8.40346,-3.80157,0.0
-8.40346,-3.70152,0.0
-8.40346,-3.60148,0.0
-8.40346,-3.50144,0.0
-8.40346,-3.4014,0.0
-8.40346,-3.30136,0.0
-8.40346,-3.20132,0.0
-8.40346,-3.10128,0.0
-8.40346,-3.00124,0.0
-8.40346,-2.9012,0.0
-8.40346,-2.80115,0.0
-8.40346,-2.70111,0.0
-8.40346,-2.60107,0.0
-8.40346,-2.50103,0.0
-8.40346,-2.40099,0.0
-8.40346,-2.30095,0.0
-8.40346,-2.20091,0.0
-8.40346,-2.10087,0.0
-8.40346,-2.00082,0.0
-8.40346,-1.90078,0.0
-8.40346,-1.80074,0.0
-8.40346,-1.7007,0.0
-8.40346,-1.60066,0.0
-8.40346,-1.50062,0.0
-8.40346,-1.40058,0.0
-8.40346,-1.30054,0.0
-8.40346,-1.20049,0.0
-8.40346,-1.10045,0.0
-8.40346,-1.00041,0.0
-8.40346,-0.90037,0.0
-8.40346,-0.80033,0.0
-8.40346,-0.70029,0.0
-8.40346,-0.60025,0.0
-8.40346,-0.50021,0.0
-8.40346,-0.40016,0.0
-8.40346,-0.30012,0.0
-8.40346,-0.20008,0.0
-8.40346,-0.10004,0.0
-8.40346,0,0.0
-8.40346,0.10004,0.0
-8.40346,0.20008,0.0
-8.40346,0.30012,0.0
-8.40346,0.40016,0.0
-8.40346,0.50021,0.0
-8.40346,0.60025,0.0
-8.40346,0.70029,0.0
-8.40346,0.80033,0.0
-8.40346,0.90037,0.0
-8.40346,1.00041,0.0
-8.40346,1.10045,0.0
-8.40346,1.20049,0.0
-8.40346,1.30054,0.0
-8.40346,1.40058,0.0
-8.40346,1.50062,0.0
-8.40346,1.60066,0.0
-8.40346,1.7007,0.0
-8.40346,1.80074,0.0
-8.40346,1.90078,0.0
-8.40346,2.00082,0.0
-8.40346,2.10087,0.0
-8.40346,2.20091,0.0
-8.40346,2.30095,0.0
-8.40346,2.40099,0.0
-8.40346,2.50103,0.0
-8.40346,2.60107,0.0
-8.40346,2.70111,0.0
-8.40346,2.80115,0.0
-8.40346,2.9012,0.0
-8.40346,3.00124,0.0
-8.40346,3.10128,0.0
-8.40346,3.20132,0.0
-8.40346,3.30136,0.0
-8.40346,3.4014,0.0
-8.40346,3.50144,0.0
-8.40346,3.60148,0.0
-8.40346,3.70152,0.0
-8.40346,3.80157,0.0
-8.40346,3.90161,0.0
-8.40346,4.00165,0.0
-8.40346,4.10169,0.0
-8.40346,4.20173,0.0
-8.40346,4.30177,0.0
-8.40346,4.40181,0.0
-8.40346,4.50185,0.0
-8.40346,4.6019,0.0
-8.40346,4.70194,0.0
-8.40346,4.80198,0.0
-8.40346,4.90202,0.0
-8.40346,5.00206,0.0
-8.30342,-5.20214,0.0
-8.30342,-5.1021,0.0
-8.30342,-5.00206,0.0
-8.30342,-4.90202,0.0
-8.30342,-4.80198,0.0
-8.30342,-4.70194,0.0
-8.30342,-4.6019,0.0
-8.30342,-4.50185,0.0
-8.30342,-4.40181,0.0
-8.30342,-4.30177,0.0
-8.30342,-4.20173,0.0
-8.30342,-4.10169,0.0
-8.30342,-4.00165,0.0
-8.30342,-3.90161,0.0
-8.30342,-3.80157,0.0
-8.30342,-3.70152,0.0
-8.30342,-3.60148,0.0
-8.30342,-3.50144,0.0
-8.30342,-3.4014,0.0
-8.30342,-3.30136,0.0
-8.30342,-3.20132,0.0
-8.30342,-3.10128,0.0
-8.30342,-3.00124,0.0
-8.30342,-2.9012,0.0
-8.30342,-2.80115,0.0
-8.30342,-2.70111,0.0
-8.30342,-2.60107,0.0
-8.30342,-2.50103,0.0
-8.30342,-2.40099,0.0
-8.30342,-2.30095,0.0
-8.30342,-2.20091,0.0
-8.30342,-2.10087,0.0
-8.30342,-2.00082,0.0
-8.30342,-1.90078,0.0
-8.30342,-1.80074,0.0
-8.30342,-1.7007,0.0
-8.30342,-1.60066,0.0
-8.30342,-1.50062,0.0
-8.30342,-1.40058,0.0
-8.30342,-1.30054,0.0
-8.30342,-1.20049,0.0
-8.30342,-1.10045,0.0
-8.30342,-1.00041,0.0
-8.30342,-0.90037,0.0
-8.30342,-0.80033,0.0
-8.30342,-0.70029,0.0
-8.30342,-0.60025,0.0
-8.30342,-0.50021,0.0
-8.30342,-0.40016,0.0
-8.30342,-0.30012,0.0
-8.30342,-0.20008,0.0
-8.30342,-0.10004,0.0
-8.30342,0,0.0
-8.30342,0.10004,0.0
-8.30342,0.20008,0.0
-8.30342,0.30012,0.0
-8.30342,0.40016,0.0
-8.30342,0.50021,0.0
-8.30342,0.60025,0.0
-8.30342,0.70029,0.0
-8.30342,0.80033,0.0
-8.30342,0.90037,0.0
-8.30342,1.00041,0.0
-8.30342,1.10045,0.0
-8.30342,1.20049,0.0
-8.30342,1.30054,0.0
-8.30342,1.40058,0.0
-8.30342,1.50062,0.0
-8.30342,1.60066,0.0
-8.30342,1.7007,0.0
-8.30342,1.80074,0.0
-8.30342,1.90078,0.0
-8.30342,2.00082,0.0
-8.30342,2.10087,0.0
-8.30342,2.20091,0.0
-8.30342,2.30095,0.0
-8.30342,2.40099,0.0
-8.30342,2.50103,0.0
-8.30342,2.60107,0.0
-8.30342,2.70111,0.0
-8.30342,2.80115,0.0
-8.30342,2.9012,0.0
-8.30342,3.00124,0.0
-8.30342,3.10128,0.0
-8.30342,3.20132,0.0
-8.30342,3.30136,0.0
-8.30342,3.4014,0.0
-8.30342,3.50144,0.0
-8.30342,3.60148,0.0
-8.30342,3.70152,0.0
-8.30342,3.80157,0.0
-8.30342,3.90161,0.0
-8.30342,4.00165,0.0
-8.30342,4.10169,0.0
-8.30342,4.20173,0.0
-8.30342,4.30177,0.0
-8.30342,4.40181,0.0
-8.30342,4.50185,0.0
-8.30342,4.6019,0.0
-8.30342,4.70194,0.0
-8.30342,4.80198,0.0
-8.30342,4.90202,0.0
-8.30342,5.00206,0.0
-8.30342,5.1021,0.0
-8.30342,5.20214,0.0
-8.20338,-5.30218,0.0
-8.20338,-5.20214,0.0
-8.20338,-5.1021,0.0
-8.20338,-5.00206,0.0
-8.20338,-4.90202,0.0
-8.20338,-4.80198,0.0
-8.20338,-4.70194,0.0
-8.20338,-4.6019,0.0
-8.20338,-4.50185,0.0
-8.20338,-4.40181,0.0
-8.20338,-4.30177,0.0
-8.20338,-4.20173,0.0
-8.20338,-4.10169,0.0
-8.20338,-4.00165,0.0
-8.20338,-3.90161,0.0
-8.20338,-3.80157,0.0
-8.20338,-3.70152,0.0
-8.20338,-3.60148,0.0
-8.20338,-3.50144,0.0
-8.20338,-3.4014,0.0
-8.20338,-3.30136,0.0
-8.20338,-3.20132,0.0
-8.20338,-3.10128,0.0
-8.20338,-3.00124,0.0
-8.20338,-2.9012,0.0
-8.20338,-2.80115,0.0
-8.20338,-2.70111,0.0
-8.20338,-2.60107,0.0
-8.20338,-2.50103,0.0
-8.20338,-2.40099,0.0
-8.20338,-2.30095,0.0
-8.20338,-2.20091,0.0
-8.20338,-2.10087,0.0
-8.20338,-2.00082,0.0
-8.20338,-1.90078,0.0
-8.20338,-1.80074,0.0
-8.20338,-1.7007,0.0
-8.20338,-1.60066,0.0
-8.20338,-1.50062,0.0
-8.20338,-1.40058,0.0
-8.20338,-1.30054,0.0
-8.20338,-1.20049,0.0
-8.20338,-1.10045,0.0
-8.20338,-1.00041,0.0
-8.20338,-0.90037,0.0
-8.20338,-0.80033,0.0
-8.20338,-0.70029,0.0
-8.20338,-0.60025,0.0
-8.20338,-0.50021,0.0
-8.20338,-0.40016,0.0
-8.20338,-0.30012,0.0
-8.20338,-0.20008,0.0
-8.20338,-0.10004,0.0
-8.20338,0,0.0
-8.20338,0.10004,0.0
-8.20338,0.20008,0.0
-8.20338,0.30012,0.0
-8.20338,0.40016,0.0
-8.20338,0.50021,0.0
-8.20338,0.60025,0.0
-8.20338,0.70029,0.0
-8.20338,0.80033,0.0
-8.20338,0.90037,0.0
-8.20338,1.00041,0.0
-8.20338,1.10045,0.0
-8.20338,1.20049,0.0
-8.20338,1.30054,0.0
-8.20338,1.40058,0.0
-8.20338,1.50062,0.0
-8.20338,1.60066,0.0
-8.20338,1.7007,0.0
-8.20338,1.80074,0.0
-8.20338,1.90078,0.0
-8.20338,2.00082,0.0
-8.20338,2.10087,0.0
-8.20338,2.20091,0.0
-8.20338,2.30095,0.0
-8.20338,2.40099,0.0
-8.20338,2.50103,0.0
-8.20338,2.60107,0.0
-8.20338,2.70111,0.0
-8.20338,2.80115,0.0
-8.20338,2.9012,0.0
-8.20338,3.00124,0.0
-8.20338,3.10128,0.0
-8.20338,3.20132,0.0
-8.20338,3.30136,0.0
-8.20338,3.4014,0.0
-8.20338,3.50144,0.0
-8.20338,3.60148,0.0
-8.20338,3.70152,0.0
-8.20338,3.80157,0.0
-8.20338,3.90161,0.0
-8.20338,4.00165,0.0
-8.20338,4.10169,0.0
-8.20338,4.20173,0.0
-8.20338,4.30177,0.0
-8.20338,4.40181,0.0
-8.20338,4.50185,0.0
-8.20338,4.6019,0.0
-8.20338,4.70194,0.0
-8.20338,4.80198,0.0
-8.20338,4.90202,0.0
-8.20338,5.00206,0.0
-8.20338,5.1021,0.0
-8.20338,5.20214,0.0
-8.20338,5.30218,0.0
-8.10334,-5.50227,0.0
-8.10334,-5.40223,0.0
-8.10334,-5.30218,0.0
-8.10334,-5.20214,0.0
-8.10334,-5.1021,0.0
-8.10334,-5.00206,0.0
-8.10334,-4.90202,0.0
-8.10334,-4.80198,0.0
-8.10334,-4.70194,0.0
-8.10334,-4.6019,0.0
-8.10334,-4.50185,0.0
-8.10334,-4.40181,0.0
-8.10334,-4.30177,0.0
-8.10334,-4.20173,0.0
-8.10334,-4.10169,0.0
-8.10334,-4.00165,0.0
-8.10334,-3.90161,0.0
-8.10334,-3.80157,0.0
-8.10334,-3.70152,0.0
-8.10334,-3.60148,0.0
-8.10334,-3.50144,0.0
-8.10334,-3.4014,0.0
-8.10334,-3.30136,0.0
-8.10334,-3.20132,0.0
-8.10334,-3.10128,0.0
-8.10334,-3.00124,0.0
-8.10334,-2.9012,0.0
-8.10334,-2.80115,0.0
-8.10334,-2.70111,0.0
-8.10334,-2.60107,0.0
-8.10334,-2.50103,0.0
-8.10334,-2.40099,0.0
-8.10334,-2.30095,0.0
-8.10334,-2.20091,0.0
-8.10334,-2.10087,0.0
-8.10334,-2.00082,0.0
-8.10334,-1.90078,0.0
-8.10334,-1.80074,0.0
-8.10334,-1.7007,0.0
-8.10334,-1.60066,0.0
-8.10334,-1.50062,0.0
-8.10334,-1.40058,0.0
-8.10334,-1.30054,0.0
-8.10334,-1.20049,0.0
-8.10334,-1.10045,0.0
-8.10334,-1.00041,0.0
-8.10334,-0.90037,0.0
-8.10334,-0.80033,0.0
-8.10334,-0.70029,0.0
-8.10334,-0.60025,0.0
-8.10334,-0.50021,0.0
-8.10334,-0.40016,0.0
-8.10334,-0.30012,0.0
-8.10334,-0.20008,0.0
-8.10334,-0.10004,0.0
-8.10334,0,0.0
-8.10334,0.10004,0.0
-8.10334,0.20008,0.0
-8.10334,0.30012,0.0
-8.10334,0.40016,0.0
-8.10334,0.50021,0.0
-8.10334,0.60025,0.0
-8.10334,0.70029,0.0
-8.10334,0.80033,0.0
-8.10334,0.90037,0.0
-8.10334,1.00041,0.0
-8.10334,1.10045,0.0
-8.10334,1.20049,0.0
-8.10334,1.30054,0.0
-8.10334,1.40058,0.0
-8.10334,1.50062,0.0
-8.10334,1.60066,0.0
-8.10334,1.7007,0.0
-8.10334,1.80074,0.0
-8.10334,1.90078,0.0
-8.10334,2.00082,0.0
-8.10334,2.10087,0.0
-8.10334,2.20091,0.0
-8.10334,2.30095,0.0
-8.10334,2.40099,0.0
-8.10334,2.50103,0.0
-8.10334,2.60107,0.0
-8.10334,2.70111,0.0
-8.10334,2.80115,0.0
-8.10334,2.9012,0.0
-8.10334,3.00124,0.0
-8.10334,3.10128,0.0
-8.10334,3.20132,0.0
-8.10334,3.30136,0.0
-8.10334,3.4014,0.0
-8.10334,3.50144,0.0
-8.10334,3.60148,0.0
-8.10334,3.70152,0.0
-8.10334,3.80157,0.0
-8.10334,3.90161,0.0
-8.10334,4.00165,0.0
-8.10334,4.10169,0.0
-8.10334,4.20173,0.0
-8.10334,4.30177,0.0
-8.10334,4.40181,0.0
-8.10334,4.50185,0.0
-8.10334,4.6019,0.0
-8.10334,4.70194,0.0
-8.10334,4.80198,0.0
-8.10334,4.90202,0.0
-8.10334,5.00206,0.0
-8.10334,5.1021,0.0
-8.10334,5.20214,0.0
-8.10334,5.30218,0.0
-8.10334,5.40223,0.0
-8.10334,5.50227,0.0
-8.0033,-5.60231,0.0
-8.0033,-5.50227,0.0
-8.0033,-5.40223,0.0
-8.0033,-5.30218,0.0
-8.0033,-5.20214,0.0
-8.0033,-5.1021,0.0
-8.0033,-5.00206,0.0
-8.0033,-4.90202,0.0
-8.0033,-4.80198,0.0
-8.0033,-4.70194,0.0
-8.0033,-4.6019,0.0
-8.0033,-4.50185,0.0
-8.0033,-4.40181,0.0
-8.0033,-4.30177,0.0
-8.0033,-4.20173,0.0
-8.0033,-4.10169,0.0
-8.0033,-4.00165,0.0
-8.0033,-3.90161,0.0
-8.0033,-3.80157,0.0
-8.0033,-3.70152,0.0
-8.0033,-3.60148,0.0
-8.0033,-3.50144,0.0
-8.0033,-3.4014,0.0
-8.0033,-3.30136,0.0
-8.0033,-3.20132,0.0
-8.0033,-3.10128,0.0
-8.0033,-3.00124,0.0
-8.0033,-2.9012,0.0
-8.0033,-2.80115,0.0
-8.0033,-2.70111,0.0
-8.0033,-2.60107,0.0
-8.0033,-2.50103,0.0
-8.0033,-2.40099,0.0
-8.0033,-2.30095,0.0
-8.0033,-2.20091,0.0
-8.0033,-2.10087,0.0
-8.0033,-2.00082,0.0
-8.0033,-1.90078,0.0
-8.0033,-1.80074,0.0
-8.0033,-1.7007,0.0
-8.0033,-1.60066,0.0
-8.0033,-1.50062,0.0
-8.0033,-1.40058,0.0
-8.0033,-1.30054,0.0
-8.0033,-1.20049,0.0
-8.0033,-1.10045,0.0
-8.0033,-1.00041,0.0
-8.0033,-0.90037,0.0
-8.0033,-0.80033,0.0
-8.0033,-0.70029,0.0
-8.0033,-0.60025,0.0
-8.0033,-0.50021,0.0
-8.0033,-0.40016,0.0
-8.0033,-0.30012,0.0
-8.0033,-0.20008,0.0
-8.0033,-0.10004,0.0
-8.0033,0,0.0
-8.0033,0.10004,0.0
-8.0033,0.20008,0.0
-8.0033,0.30012,0.0
-8.0033,0.40016,0.0
-8.0033,0.50021,0.0
-8.0033,0.60025,0.0
-8.0033,0.70029,0.0
-8.0033,0.80033,0.0
-8.0033,0.90037,0.0
-8.0033,1.00041,0.0
-8.0033,1.10045,0.0
-8.0033,1.20049,0.0
-8.0033,1.30054,0.0
-8.0033,1.40058,0.0
-8.0033,1.50062,0.0
-8.0033,1.60066,0.0
-8.0033,1.7007,0.0
-8.0033,1.80074,0.0
-8.0033,1.90078,0.0
-8.0033,2.00082,0.0
-8.0033,2.10087,0.0
-8.0033,2.20091,0.0
-8.0033,2.30095,0.0
-8.0033,2.40099,0.0
-8.0033,2.50103,0.0
-8.0033,2.60107,0.0
-8.0033,2.70111,0.0
-8.0033,2.80115,0.0
-8.0033,2.9012,0.0
-8.0033,3.00124,0.0
-8.0033,3.10128,0.0
-8.0033,3.20132,0.0
-8.0033,3.30136,0.0
-8.0033,3.4014,0.0
-8.0033,3.50144,0.0
-8.0033,3.60148,0.0
-8.0033,3.70152,0.0
-8.0033,3.80157,0.0
-8.0033,3.90161,0.0
-8.0033,4.00165,0.0
-8.0033,4.10169,0.0
-8.0033,4.20173,0.0
-8.0033,4.30177,0.0
-8.0033,4.40181,0.0
-8.0033,4.50185,0.0
-8.0033,4.6019,0.0
-8.0033,4.70194,0.0
-8.0033,4.80198,0.0
-8.0033,4.90202,0.0
-8.0033,5.00206,0.0
-8.0033,5.1021,0.0
-8.0033,5.20214,0.0
-8.0033,5.30218,0.0
-8.0033,5.40223,0.0
-8.0033,5.50227,0.0
-8.0033,5.60231,0.0
-7.90326,-5.70235,0.0
-7.90326,-5.60231,0.0
-7.90326,-5.50227,0.0
-7.90326,-5.40223,0.0
-7.90326,-5.30218,0.0
-7.90326,-5.20214,0.0
-7.90326,-5.1021,0.0
-7.90326,-5.00206,0.0
-7.90326,-4.90202,0.0
-7.90326,-4.80198,0.0
-7.90326,-4.70194,0.0
-7.90326,-4.6019,0.0
-7.90326,-4.50185,0.0
-7.90326,-4.40181,0.0
-7.90326,-4.30177,0.0
-7.90326,-4.20173,0.0
-7.90326,-4.10169,0.0
-7.90326,-4.00165,0.0
-7.90326,-3.90161,0.0
-7.90326,-3.80157,0.0
-7.90326,-3.70152,0.0
-7.90326,-3.60148,0.0
-7.90326,-3.50144,0.0
-7.90326,-3.4014,0.0
-7.90326,-3.30136,0.0
-7.90326,-3.20132,0.0
-7.90326,-3.10128,0.0
-7.90326,-3.00124,0.0
-7.90326,-2.9012,0.0
-7.90326,-2.80115,0.0
-7.90326,-2.70111,0.0
-7.90326,-2.60107,0.0
-7.90326,-2.50103,0.0
-7.90326,-2.40099,0.0
-7.90326,-2.30095,0.0
-7.90326,-2.20091,0.0
-7.90326,-2.10087,0.0
-7.90326,-2.00082,0.0
-7.90326,-1.90078,0.0
-7.90326,-1.80074,0.0
-7.90326,-1.7007,0.0
-7.90326,-1.60066,0.0
-7.90326,-1.50062,0.0
-7.90326,-1.40058,0.0
-7.90326,-1.30054,0.0
-7.90326,-1.20049,0.0
-7.90326,-1.10045,0.0
-7.90326,-1.00041,0.0
-7.90326,-0.90037,0.0
-7.90326,-0.80033,0.0
-7.90326,-0.70029,0.0
-7.90326,-0.60025,0.0
-7.90326,-0.50021,0.0
-7.90326,-0.40016,0.0
-7.90326,-0.30012,0.0
-7.90326,-0.20008,0.0
-7.90326,-0.10004,0.0
-7.90326,0,0.0
-7.90326,0.10004,0.0
-7.90326,0.20008,0.0
-7.90326,0.30012,0.0
-7.90326,0.40016,0.0
-7.90326,0.50021,0.0
-7.90326,0.60025,0.0
-7.90326,0.70029,0.0
-7.90326,0.80033,0.0
-7.90326,0.90037,0.0
-7.90326,1.00041,0.0
-7.90326,1.10045,0.0
-7.90326,1.20049,0.0
-7.90326,1.30054,0.0
-7.90326,1.40058,0.0
-7.90326,1.50062,0.0
-7.90326,1.60066,0.0
-7.90326,1.7007,0.0
-7.90326,1.80074,0.0
-7.90326,1.90078,0.0
-7.90326,2.00082,0.0
-7.90326,2.10087,0.0
-7.90326,2.20091,0.0
-7.90326,2.30095,0.0
-7.90326,2.40099,0.0
-7.90326,2.50103,0.0
-7.90326,2.60107,0.0
-7.90326,2.70111,0.0
-7.90326,2.80115,0.0
-7.90326,2.9012,0.0
-7.90326,3.00124,0.0
-7.90326,3.10128,0.0
-7.90326,3.20132,0.0
-7.90326,3.30136,0.0
-7.90326,3.4014,0.0
-7.90326,3.50144,0.0
-7.90326,3.60148,0.0
-7.90326,3.70152,0.0
-7.90326,3.80157,0.0
-7.90326,3.90161,0.0
-7.90326,4.00165,0.0
-7.90326,4.10169,0.0
-7.90326,4.20173,0.0
-7.90326,4.30177,0.0
-7.90326,4.40181,0.0
-7.90326,4.50185,0.0
-7.90326,4.6019,0.0
-7.90326,4.70194,0.0
-7.90326,4.80198,0.0
-7.90326,4.90202,0.0
-7.90326,5.00206,0.0
-7.90326,5.1021,0.0
-7.90326,5.20214,0.0
-7.90326,5.30218,0.0
-7.90326,5.40223,0.0
-7.90326,5.50227,0.0
-7.90326,5.60231,0.0
-7.90326,5.70235,0.0
-7.80321,-5.90243,0.0
-7.80321,-5.80239,0.0
-7.80321,-5.70235,0.0
-7.80321,-5.60231,0.0
-7.80321,-5.50227,0.0
-7.80321,-5.40223,0.0
-7.80321,-5.30218,0.0
-7.80321,-5.20214,0.0
-7.80321,-5.1021,0.0
-7.80321,-5.00206,0.0
-7.80321,-4.90202,0.0
-7.80321,-4.80198,0.0
-7.80321,-4.70194,0.0
-7.80321,-4.6019,0.0
-7.80321,-4.50185,0.0
-7.80321,-4.40181,0.0
-7.80321,-4.30177,0.0
-7.80321,-4.20173,0.0
-7.80321,-4.10169,0.0
-7.80321,-4.00165,0.0
-7.80321,-3.90161,0.0
-7.80321,-3.80157,0.0
-7.80321,-3.70152,0.0
-7.80321,-3.60148,0.0
-7.80321,-3.50144,0.0
-7.80321,-3.4014,0.0
-7.80321,-3.30136,0.0
-7.80321,-3.20132,0.0
-7.80321,-3.10128,0.0
-7.80321,-3.00124,0.0
-7.80321,-2.9012,0.0
-7.80321,-2.80115,0.0
-7.80321,-2.70111,0.0
-7.80321,-2.60107,0.0
-7.80321,-2.50103,0.0
-7.80321,-2.40099,0.0
-7.80321,-2.30095,0.0
-7.80321,-2.20091,0.0
-7.80321,-2.10087,0.0
-7.80321,-2.00082,0.0
-7.80321,-1.90078,0.0
-7.80321,-1.80074,0.0
-7.80321,-1.7007,0.0
-7.80321,-1.60066,0.0
-7.80321,-1.50062,0.0
-7.80321,-1.40058,0.0
-7.80321,-1.30054,0.0
-7.80321,-1.20049,0.0
-7.80321,-1.10045,0.0
-7.80321,-1.00041,0.0
-7.80321,-0.90037,0.0
-7.80321,-0.80033,0.0
-7.80321,-0.70029,0.0
-7.80321,-0.60025,0.0
-7.80321,-0.50021,0.0
-7.80321,-0.40016,0.0
-7.80321,-0.30012,0.0
-7.80321,-0.20008,0.0
-7.80321,-0.10004,0.0
-7.80321,0,0.0
-7.80321,0.10004,0.0
-7.80321,0.20008,0.0
-7.80321,0.30012,0.0
-7.80321,0.40016,0.0
-7.80321,0.50021,0.0
-7.80321,0.60025,0.0
-7.80321,0.70029,0.0
-7.80321,0.80033,0.0
-7.80321,0.90037,0.0
-7.80321,1.00041,0.0
-7.80321,1.10045,0.0
-7.80321,1.20049,0.0
-7.80321,1.30054,0.0
-7.80321,1.40058,0.0
-7.80321,1.50062,0.0
-7.80321,1.60066,0.0
-7.80321,1.7007,0.0
-7.80321,1.80074,0.0
-7.80321,1.90078,0.0
-7.80321,2.00082,0.0
-7.80321,2.10087,0.0
-7.80321,2.20091,0.0
-7.80321,2.30095,0.0
-7.80321,2.40099,0.0
-7.80321,2.50103,0.0
-7.80321,2.60107,0.0
-7.80321,2.70111,0.0
-7.80321,2.80115,0.0
-7.80321,2.9012,0.0
-7.80321,3.00124,0.0
-7.80321,3.10128,0.0
-7.80321,3.20132,0.0
-7.80321,3.30136,0.0
-7.80321,3.4014,0.0
-7.80321,3.50144,0.0
-7.80321,3.60148,0.0
-7.80321,3.70152,0.0
-7.80321,3.80157,0.0
-7.80321,3.90161,0.0
-7.80321,4.00165,0.0
-7.80321,4.10169,0.0
-7.80321,4.20173,0.0
-7.80321,4.30177,0.0
-7.80321,4.40181,0.0
-7.80321,4.50185,0.0
-7.80321,4.6019,0.0
-7.80321,4.70194,0.0
-7.80321,4.80198,0.0
-7.80321,4.90202,0.0
-7.80321,5.00206,0.0
-7.80321,5.1021,0.0
-7.80321,5.20214,0.0
-7.80321,5.30218,0.0
-7.80321,5.40223,0.0
-7.80321,5.50227,0.0
-7.80321,5.60231,0.0
-7.80321,5.70235,0.0
-7.80321,5.80239,0.0
-7.80321,5.90243,0.0
-7.70317,-6.00247,0.0
-7.70317,-5.90243,0.0
-7.70317,-5.80239,0.0
-7.70317,-5.70235,0.0
-7.70317,-5.60231,0.0
-7.70317,-5.50227,0.0
-7.70317,-5.40223,0.0
-7.70317,-5.30218,0.0
-7.70317,-5.20214,0.0
-7.70317,-5.1021,0.0
-7.70317,-5.00206,0.0
-7.70317,-4.90202,0.0
-7.70317,-4.80198,0.0
-7.70317,-4.70194,0.0
-7.70317,-4.6019,0.0
-7.70317,-4.50185,0.0
-7.70317,-4.40181,0.0
-7.70317,-4.30177,0.0
-7.70317,-4.20173,0.0
-7.70317,-4.10169,0.0
-7.70317,-4.00165,0.0
-7.70317,-3.90161,0.0
-7.70317,-3.80157,0.0
-7.70317,-3.70152,0.0
-7.70317,-3.60148,0.0
-7.70317,-3.50144,0.0
-7.70317,-3.4014,0.0
-7.70317,-3.30136,0.0
-7.70317,-3.20132,0.0
-7.70317,-3.10128,0.0
-7.70317,-3.00124,0.0
-7.70317,-2.9012,0.0
-7.70317,-2.80115,0.0
-7.70317,-2.70111,0.0
-7.70317,-2.60107,0.0
-7.70317,-2.50103,0.0
-7.70317,-2.40099,0.0
-7.70317,-2.30095,0.0
-7.70317,-2.20091,0.0
-7.70317,-2.10087,0.0
-7.70317,-2.00082,0.0
-7.70317,-1.90078,0.0
-7.70317,-1.80074,0.0
-7.70317,-1.7007,0.0
-7.70317,-1.60066,0.0
-7.70317,-1.50062,0.0
-7.70317,-1.40058,0.0
-7.70317,-1.30054,0.0
-7.70317,-1.20049,0.0
-7.70317,-1.10045,0.0
-7.70317,-1.00041,0.0
-7.70317,-0.90037,0.0
-7.70317,-0.80033,0.0
-7.70317,-0.70029,0.0
-7.70317,-0.60025,0.0
-7.70317,-0.50021,0.0
-7.70317,-0.40016,0.0
-7.70317,-0.30012,0.0
-7.70317,-0.20008,0.0
-7.70317,-0.10004,0.0
-7.70317,0,0.0
-7.70317,0.10004,0.0
-7.70317,0.20008,0.0
-7.70317,0.30012,0.0
-7.70317,0.40016,0.0
-7.70317,0.50021,0.0
-7.70317,0.60025,0.0
-7.70317,0.70029,0.0
-7.70317,0.80033,0.0
-7.70317,0.90037,0.0
-7.70317,1.00041,0.0
-7.70317,1.10045,0.0
-7.70317,1.20049,0.0
-7.70317,1.30054,0.0
-7.70317,1.40058,0.0
-7.70317,1.50062,0.0
-7.70317,1.60066,0.0
-7.70317,1.7007,0.0
-7.70317,1.80074,0.0
-7.70317,1.90078,0.0
-7.70317,2.00082,0.0
-7.70317,2.10087,0.0
-7.70317,2.20091,0.0
-7.70317,2.30095,0.0
-7.70317,2.40099,0.0
-7.70317,2.50103,0.0
-7.70317,2.60107,0.0
-7.70317,2.70111,0.0
-7.70317,2.80115,0.0
-7.70317,2.9012,0.0
-7.70317,3.00124,0.0
-7.70317,3.10128,0.0
-7.70317,3.20132,0.0
-7.70317,3.30136,0.0
-7.70317,3.4014,0.0
-7.70317,3.50144,0.0
-7.70317,3.60148,0.0
-7.70317,3.70152,0.0
-7.70317,3.80157,0.0
-7.70317,3.90161,0.0
-7.70317,4.00165,0.0
-7.70317,4.10169,0.0
-7.70317,4.20173,0.0
-7.70317,4.30177,0.0
-7.70317,4.40181,0.0
-7.70317,4.50185,0.0
-7.70317,4.6019,0.0
-7.70317,4.70194,0.0
-7.70317,4.80198,0.0
-7.70317,4.90202,0.0
-7.70317,5.00206,0.0
-7.70317,5.1021,0.0
-7.70317,5.20214,0.0
-7.70317,5.30218,0.0
-7.70317,5.40223,0.0
-7.70317,5.50227,0.0
-7.70317,5.60231,0.0
-7.70317,5.70235,0.0
-7.70317,5.80239,0.0
-7.70317,5.90243,0.0
-7.70317,6.00247,0.0
-7.60313,-6.10251,0.0
-7.60313,-6.00247,0.0
-7.60313,-5.90243,0.0
-7.60313,-5.80239,0.0
-7.60313,-5.70235,0.0
-7.60313,-5.60231,0.0
-7.60313,-5.50227,0.0
-7.60313,-5.40223,0.0
-7.60313,-5.30218,0.0
-7.60313,-5.20214,0.0
-7.60313,-5.1021,0.0
-7.60313,-5.00206,0.0
-7.60313,-4.90202,0.0
-7.60313,-4.80198,0.0
-7.60313,-4.70194,0.0
-7.60313,-4.6019,0.0
-7.60313,-4.50185,0.0
-7.60313,-4.40181,0.0
-7.60313,-4.30177,0.0
-7.60313,-4.20173,0.0
-7.60313,-4.10169,0.0
-7.60313,-4.00165,0.0
-7.60313,-3.90161,0.0
-7.60313,-3.80157,0.0
-7.60313,-3.70152,0.0
-7.60313,-3.60148,0.0
-7.60313,-3.50144,0.0
-7.60313,-3.4014,0.0
-7.60313,-3.30136,0.0
-7.60313,-3.20132,0.0
-7.60313,-3.10128,0.0
-7.60313,-3.00124,0.0
-7.60313,-2.9012,0.0
-7.60313,-2.80115,0.0
-7.60313,-2.70111,0.0
-7.60313,-2.60107,0.0
-7.60313,-2.50103,0.0
-7.60313,-2.40099,0.0
-7.60313,-2.30095,0.0
-7.60313,-2.20091,0.0
-7.60313,-2.10087,0.0
-7.60313,-2.00082,0.0
-7.60313,-1.90078,0.0
-7.60313,-1.80074,0.0
-7.60313,-1.7007,0.0
-7.60313,-1.60066,0.0
-7.60313,-1.50062,0.0
-7.60313,-1.40058,0.0
-7.60313,-1.30054,0.0
-7.60313,-1.20049,0.0
-7.60313,-1.10045,0.0
-7.60313,-1.00041,0.0
-7.60313,-0.90037,0.0
-7.60313,-0.80033,0.0
-7.60313,-0.70029,0.0
-7.60313,-0.60025,0.0
-7.60313,-0.50021,0.0
-7.60313,-0.40016,0.0
-7.60313,-0.30012,0.0
-7.60313,-0.20008,0.0
-7.60313,-0.10004,0.0
-7.60313,0,0.0
-7.60313,0.10004,0.0
-7.60313,0.20008,0.0
-7.60313,0.30012,0.0
-7.60313,0.40016,0.0
-7.60313,0.50021,0.0
-7.60313,0.60025,0.0
-7.60313,0.70029,0.0
-7.60313,0.80033,0.0
-7.60313,0.90037,0.0
-7.60313,1.00041,0.0
-7.60313,1.10045,0.0
-7.60313,1.20049,0.0
-7.60313,1.30054,0.0
-7.60313,1.40058,0.0
-7.60313,1.50062,0.0
-7.60313,1.60066,0.0
-7.60313,1.7007,0.0
-7.60313,1.80074,0.0
-7.60313,1.90078,0.0
-7.60313,2.00082,0.0
-7.60313,2.10087,0.0
-7.60313,2.20091,0.0
-7.60313,2.30095,0.0
-7.60313,2.40099,0.0
-7.60313,2.50103,0.0
-7.60313,2.60107,0.0
-7.60313,2.70111,0.0
-7.60313,2.80115,0.0
-7.60313,2.9012,0.0
-7.60313,3.00124,0.0
-7.60313,3.10128,0.0
-7.60313,3.20132,0.0
-7.60313,3.30136,0.0
-7.60313,3.4014,0.0
-7.60313,3.50144,0.0
-7.60313,3.60148,0.0
-7.60313,3.70152,0.0
-7.60313,3.80157,0.0
-7.60313,3.90161,0.0
-7.60313,4.00165,0.0
-7.60313,4.10169,0.0
-7.60313,4.20173,0.0
-7.60313,4.30177,0.0
-7.60313,4.40181,0.0
-7.60313,4.50185,0.0
-7.60313,4.6019,0.0
-7.60313,4.70194,0.0
-7.60313,4.80198,0.0
-7.60313,4.90202,0.0
-7.60313,5.00206,0.0
-7.60313,5.1021,0.0
-7.60313,5.20214,0.0
-7.60313,5.30218,0.0
-7.60313,5.40223,0.0
-7.60313,5.50227,0.0
-7.60313,5.60231,0.0
-7.60313,5.70235,0.0
-7.60313,5.80239,0.0
-7.60313,5.90243,0.0
-7.60313,6.00247,0.0
-7.60313,6.10251,0.0
-7.50309,-6.3026,0.0
-7.50309,-6.20256,0.0
-7.50309,-6.10251,0.0
-7.50309,-6.00247,0.0
-7.50309,-5.90243,0.0
-7.50309,-5.80239,0.0
-7.50309,-5.70235,0.0
-7.50309,-5.60231,0.0
-7.50309,-5.50227,0.0
-7.50309,-5.40223,0.0
-7.50309,-5.30218,0.0
-7.50309,-5.20214,0.0
-7.50309,-5.1021,0.0
-7.50309,-5.00206,0.0
-7.50309,-4.90202,0.0
-7.50309,-4.80198,0.0
-7.50309,-4.70194,0.0
-7.50309,-4.6019,0.0
-7.50309,-4.50185,0.0
-7.50309,-4.40181,0.0
-7.50309,-4.30177,0.0
-7.50309,-4.20173,0.0
-7.50309,-4.10169,0.0
-7.50309,-4.00165,0.0
-7.50309,-3.90161,0.0
-7.50309,-3.80157,0.0
-7.50309,-3.70152,0.0
-7.50309,-3.60148,0.0
-7.50309,-3.50144,0.0
-7.50309,-3.4014,0.0
-7.50309,-3.30136,0.0
-7.50309,-3.20132,0.0
-7.50309,-3.10128,0.0
-7.50309,-3.00124,0.0
-7.50309,-2.9012,0.0
-7.50309,-2.80115,0.0
-7.50309,-2.70111,0.0
-7.50309,-2.60107,0.0
-7.50309,-2.50103,0.0
-7.50309,-2.40099,0.0
-7.50309,-2.30095,0.0
-7.50309,-2.20091,0.0
-7.50309,-2.10087,0.0
-7.50309,-2.00082,0.0
-7.50309,-1.90078,0.0
-7.50309,-1.80074,0.0
-7.50309,-1.7007,0.0
-7.50309,-1.60066,0.0
-7.50309,-1.50062,0.0
-7.50309,-1.40058,0.0
-7.50309,-1.30054,0.0
-7.50309,-1.20049,0.0
-7.50309,-1.10045,0.0
-7.50309,-1.00041,0.0
-7.50309,-0.90037,0.0
-7.50309,-0.80033,0.0
-7.50309,-0.70029,0.0
-7.50309,-0.60025,0.0
-7.50309,-0.50021,0.0
-7.50309,-0.40016,0.0
-7.50309,-0.30012,0.0
-7.50309,-0.20008,0.0
-7.50309,-0.10004,0.0
-7.50309,0,0.0
-7.50309,0.10004,0.0
-7.50309,0.20008,0.0
-7.50309,0.30012,0.0
-7.50309,0.40016,0.0
-7.50309,0.50021,0.0
-7.50309,0.60025,0.0
-7.50309,0.70029,0.0
-7.50309,0.80033,0.0
-7.50309,0.90037,0.0
-7.50309,1.00041,0.0
-7.50309,1.10045,0.0
-7.50309,1.20049,0.0
-7.50309,1.30054,0.0
-7.50309,1.40058,0.0
-7.50309,1.50062,0.0
-7.50309,1.60066,0.0
-7.50309,1.7007,0.0
-7.50309,1.80074,0.0
-7.50309,1.90078,0.0
-7.50309,2.00082,0.0
-7.50309,2.10087,0.0
-7.50309,2.20091,0.0
-7.50309,2.30095,0.0
-7.50309,2.40099,0.0
-7.50309,2.50103,0.0
-7.50309,2.60107,0.0
-7.50309,2.70111,0.0
-7.50309,2.80115,0.0
-7.50309,2.9012,0.0
-7.50309,3.00124,0.0
-7.50309,3.10128,0.0
-7.50309,3.20132,0.0
-7.50309,3.30136,0.0
-7.50309,3.4014,0.0
-7.50309,3.50144,0.0
-7.50309,3.60148,0.0
-7.50309,3.70152,0.0
-7.50309,3.80157,0.0
-7.50309,3.90161,0.0
-7.50309,4.00165,0.0
-7.50309,4.10169,0.0
-7.50309,4.20173,0.0
-7.50309,4.30177,0.0
-7.50309,4.40181,0.0
-7.50309,4.50185,0.0
-7.50309,4.6019,0.0
-7.50309,4.70194,0.0
-7.50309,4.80198,0.0
-7.50309,4.90202,0.0
-7.50309,5.00206,0.0
-7.50309,5.1021,0.0
-7.50309,5.20214,0.0
-7.50309,5.30218,0.0
-7.50309,5.40223,0.0
-7.50309,5.50227,0.0
-7.50309,5.60231,0.0
-7.50309,5.70235,0.0
-7.50309,5.80239,0.0
-7.50309,5.90243,0.0
-7.50309,6.00247,0.0
-7.50309,6.10251,0.0
-7.50309,6.20256,0.0
-7.50309,6.3026,0.0
-7.40305,-6.40264,0.0
-7.40305,-6.3026,0.0
-7.40305,-6.20256,0.0
-7.40305,-6.10251,0.0
-7.40305,-6.00247,0.0
-7.40305,-5.90243,0.0
-7.40305,-5.80239,0.0
-7.40305,-5.70235,0.0
-7.40305,-5.60231,0.0
-7.40305,-5.50227,0.0
-7.40305,-5.40223,0.0
-7.40305,-5.30218,0.0
-7.40305,-5.20214,0.0
-7.40305,-5.1021,0.0
-7.40305,-5.00206,0.0
-7.40305,-4.90202,0.0
-7.40305,-4.80198,0.0
-7.40305,-4.70194,0.0
-7.40305,-4.6019,0.0
-7.40305,-4.50185,0.0
-7.40305,-4.40181,0.0
-7.40305,-4.30177,0.0
-7.40305,-4.20173,0.0
-7.40305,-4.10169,0.0
-7.40305,-4.00165,0.0
-7.40305,-3.90161,0.0
-7.40305,-3.80157,0.0
-7.40305,-3.70152,0.0
-7.40305,-3.60148,0.0
-7.40305,-3.50144,0.0
-7.40305,-3.4014,0.0
-7.40305,-3.30136,0.0
-7.40305,-3.20132,0.0
-7.40305,-3.10128,0.0
-7.40305,-3.00124,0.0
-7.40305,-2.9012,0.0
-7.40305,-2.80115,0.0
-7.40305,-2.70111,0.0
-7.40305,-2.60107,0.0
-7.40305,-2.50103,0.0
-7.40305,-2.40099,0.0
-7.40305,-2.30095,0.0
-7.40305,-2.20091,0.0
-7.40305,-2.10087,0.0
-7.40305,-2.00082,0.0
-7.40305,-1.90078,0.0
-7.40305,-1.80074,0.0
-7.40305,-1.7007,0.0
-7.40305,-1.60066,0.0
-7.40305,-1.50062,0.0
-7.40305,-1.40058,0.0
-7.40305,-1.30054,0.0
-7.40305,-1.20049,0.0
-7.40305,-1.10045,0.0
-7.40305,-1.00041,0.0
-7.40305,-0.90037,0.0
-7.40305,-0.80033,0.0
-7.40305,-0.70029,0.0
-7.40305,-0.60025,0.0
-7.40305,-0.50021,0.0
-7.40305,-0.40016,0.0
-7.40305,-0.30012,0.0
-7.40305,-0.20008,0.0
-7.40305,-0.10004,0.0
-7.40305,0,0.0
-7.40305,0.10004,0.0
-7.40305,0.20008,0.0
-7.40305,0.30012,0.0
-7.40305,0.40016,0.0
-7.40305,0.50021,0.0
-7.40305,0.60025,0.0
-7.40305,0.70029,0.0
-7.40305,0.80033,0.0
-7.40305,0.90037,0.0
-7.40305,1.00041,0.0
-7.40305,1.10045,0.0
-7.40305,1.20049,0.0
-7.40305,1.30054,0.0
-7.40305,1.40058,0.0
-7.40305,1.50062,0.0
-7.40305,1.60066,0.0
-7.40305,1.7007,0.0
-7.40305,1.80074,0.0
-7.40305,1.90078,0.0
-7.40305,2.00082,0.0
-7.40305,2.10087,0.0
-7.40305,2.20091,0.0
-7.40305,2.30095,0.0
-7.40305,2.40099,0.0
-7.40305,2.50103,0.0
-7.40305,2.60107,0.0
-7.40305,2.70111,0.0
-7.40305,2.80115,0.0
-7.40305,2.9012,0.0
-7.40305,3.00124,0.0
-7.40305,3.10128,0.0
-7.40305,3.20132,0.0
-7.40305,3.30136,0.0
-7.40305,3.4014,0.0
-7.40305,3.50144,0.0
-7.40305,3.60148,0.0
-7.40305,3.70152,0.0
-7.40305,3.80157,0.0
-7.40305,3.90161,0.0
-7.40305,4.00165,0.0
-7.40305,4.10169,0.0
-7.40305,4.20173,0.0
-7.40305,4.30177,0.0
-7.40305,4.40181,0.0
-7.40305,4.50185,0.0
-7.40305,4.6019,0.0
-7.40305,4.70194,0.0
-7.40305,4.80198,0.0
-7.40305,4.90202,0.0
-7.40305,5.00206,0.0
-7.40305,5.1021,0.0
-7.40305,5.20214,0.0
-7.40305,5.30218,0.0
-7.40305,5.40223,0.0
-7.40305,5.50227,0.0
-7.40305,5.60231,0.0
-7.40305,5.70235,0.0
-7.40305,5.80239,0.0
-7.40305,5.90243,0.0
-7.40305,6.00247,0.0
-7.40305,6.10251,0.0
-7.40305,6.20256,0.0
-7.40305,6.3026,0.0
-7.40305,6.40264,0.0
-7.30301,-6.50268,0.0
-7.30301,-6.40264,0.0
-7.30301,-6.3026,0.0
-7.30301,-6.20256,0.0
-7.30301,-6.10251,0.0
-7.30301,-6.00247,0.0
-7.30301,-5.90243,0.0
-7.30301,-5.80239,0.0
-7.30301,-5.70235,0.0
-7.30301,-5.60231,0.0
-7.30301,-5.50227,0.0
-7.30301,-5.40223,0.0
-7.30301,-5.30218,0.0
-7.30301,-5.20214,0.0
-7.30301,-5.1021,0.0
-7.30301,-5.00206,0.0
-7.30301,-4.90202,0.0
-7.30301,-4.80198,0.0
-7.30301,-4.70194,0.0
-7.30301,-4.6019,0.0
-7.30301,-4.50185,0.0
-7.30301,-4.40181,0.0
-7.30301,-4.30177,0.0
-7.30301,-4.20173,0.0
-7.30301,-4.10169,0.0
-7.30301,-4.00165,0.0
-7.30301,-3.90161,0.0
-7.30301,-3.80157,0.0
-7.30301,-3.70152,0.0
-7.30301,-3.60148,0.0
-7.30301,-3.50144,0.0
-7.30301,-3.4014,0.0
-7.30301,-3.30136,0.0
-7.30301,-3.20132,0.0
-7.30301,-3.10128,0.0
-7.30301,-3.00124,0.0
-7.30301,-2.9012,0.0
-7.30301,-2.80115,0.0
-7.30301,-2.70111,0.0
-7.30301,-2.60107,0.0
-7.30301,-2.50103,0.0
-7.30301,-2.40099,0.0
-7.30301,-2.30095,0.0
-7.30301,-2.20091,0.0
-7.30301,-2.10087,0.0
-7.30301,-2.00082,0.0
-7.30301,-1.90078,0.0
-7.30301,-1.80074,0.0
-7.30301,-1.7007,0.0
-7.30301,-1.60066,0.0
-7.30301,-1.50062,0.0
-7.30301,-1.40058,0.0
-7.30301,-1.30054,0.0
-7.30301,-1.20049,0.0
-7.30301,-1.10045,0.0
-7.30301,-1.00041,0.0
-7.30301,-0.90037,0.0
-7.30301,-0.80033,0.0
-7.30301,-0.70029,0.0
-7.30301,-0.60025,0.0
-7.30301,-0.50021,0.0
-7.30301,-0.40016,0.0
-7.30301,-0.30012,0.0
-7.30301,-0.20008,0.0
-7.30301,-0.10004,0.0
-7.30301,0,0.0
-7.30301,0.10004,0.0
-7.30301,0.20008,0.0
-7.30301,0.30012,0.0
-7.30301,0.40016,0.0
-7.30301,0.50021,0.0
-7.30301,0.60025,0.0
-7.30301,0.70029,0.0
-7.30301,0.80033,0.0
-7.30301,0.90037,0.0
-7.30301,1.00041,0.0
-7.30301,1.10045,0.0
-7.30301,1.20049,0.0
-7.30301,1.30054,0.0
-7.30301,1.40058,0.0
-7.30301,1.50062,0.0
-7.30301,1.60066,0.0
-7.30301,1.7007,0.0
-7.30301,1.80074,0.0
-7.30301,1.90078,0.0
-7.30301,2.00082,0.0
-7.30301,2.10087,0.0
-7.30301,2.20091,0.0
-7.30301,2.30095,0.0
-7.30301,2.40099,0.0
-7.30301,2.50103,0.0
-7.30301,2.60107,0.0
-7.30301,2.70111,0.0
-7.30301,2.80115,0.0
-7.30301,2.9012,0.0
-7.30301,3.00124,0.0
-7.30301,3.10128,0.0
-7.30301,3.20132,0.0
-7.30301,3.30136,0.0
-7.30301,3.4014,0.0
-7.30301,3.50144,0.0
-7.30301,3.60148,0.0
-7.30301,3.70152,0.0
-7.30301,3.80157,0.0
-7.30301,3.90161,0.0
-7.30301,4.00165,0.0
-7.30301,4.10169,0.0
-7.30301,4.20173,0.0
-7.30301,4.30177,0.0
-7.30301,4.40181,0.0
-7.30301,4.50185,0.0
-7.30301,4.6019,0.0
-7.30301,4.70194,0.0
-7.30301,4.80198,0.0
-7.30301,4.90202,0.0
-7.30301,5.00206,0.0
-7.30301,5.1021,0.0
-7.30301,5.20214,0.0
-7.30301,5.30218,0.0
-7.30301,5.40223,0.0
-7.30301,5.50227,0.0
-7.30301,5.60231,0.0
-7.30301,5.70235,0.0
-7.30301,5.80239,0.0
-7.30301,5.90243,0.0
-7.30301,6.00247,0.0
-7.30301,6.10251,0.0
-7.30301,6.20256,0.0
-7.30301,6.3026,0.0
-7.30301,6.40264,0.0
-7.30301,6.50268,0.0
-7.20297,-6.60272,0.0
-7.20297,-6.50268,0.0
-7.20297,-6.40264,0.0
-7.20297,-6.3026,0.0
-7.20297,-6.20256,0.0
-7.20297,-6.10251,0.0
-7.20297,-6.00247,0.0
-7.20297,-5.90243,0.0
-7.20297,-5.80239,0.0
-7.20297,-5.70235,0.0
-7.20297,-5.60231,0.0
-7.20297,-5.50227,0.0
-7.20297,-5.40223,0.0
-7.20297,-5.30218,0.0
-7.20297,-5.20214,0.0
-7.20297,-5.1021,0.0
-7.20297,-5.00206,0.0
-7.20297,-4.90202,0.0
-7.20297,-4.80198,0.0
-7.20297,-4.70194,0.0
-7.20297,-4.6019,0.0
-7.20297,-4.50185,0.0
-7.20297,-4.40181,0.0
-7.20297,-4.30177,0.0
-7.20297,-4.20173,0.0
-7.20297,-4.10169,0.0
-7.20297,-4.00165,0.0
-7.20297,-3.90161,0.0
-7.20297,-3.80157,0.0
-7.20297,-3.70152,0.0
-7.20297,-3.60148,0.0
-7.20297,-3.50144,0.0
-7.20297,-3.4014,0.0
-7.20297,-3.30136,0.0
-7.20297,-3.20132,0.0
-7.20297,-3.10128,0.0
-7.20297,-3.00124,0.0
-7.20297,-2.9012,0.0
-7.20297,-2.80115,0.0
-7.20297,-2.70111,0.0
-7.20297,-2.60107,0.0
-7.20297,-2.50103,0.0
-7.20297,-2.40099,0.0
-7.20297,-2.30095,0.0
-7.20297,-2.20091,0.0
-7.20297,-2.10087,0.0
-7.20297,-2.00082,0.0
-7.20297,-1.90078,0.0
-7.20297,-1.80074,0.0
-7.20297,-1.7007,0.0
-7.20297,-1.60066,0.0
-7.20297,-1.50062,0.0
-7.20297,-1.40058,0.0
-7.20297,-1.30054,0.0
-7.20297,-1.20049,0.0
-7.20297,-1.10045,0.0
-7.20297,-1.00041,0.0
-7.20297,-0.90037,0.0
-7.20297,-0.80033,0.0
-7.20297,-0.70029,0.0
-7.20297,-0.60025,0.0
-7.20297,-0.50021,0.0
-7.20297,-0.40016,0.0
-7.20297,-0.30012,0.0
-7.20297,-0.20008,0.0
-7.20297,-0.10004,0.0
-7.20297,0,0.0
-7.20297,0.10004,0.0
-7.20297,0.20008,0.0
-7.20297,0.30012,0.0
-7.20297,0.40016,0.0
-7.20297,0.50021,0.0
-7.20297,0.60025,0.0
-7.20297,0.70029,0.0
-7.20297,0.80033,0.0
-7.20297,0.90037,0.0
-7.20297,1.00041,0.0
-7.20297,1.10045,0.0
-7.20297,1.20049,0.0
-7.20297,1.30054,0.0
-7.20297,1.40058,0.0
-7.20297,1.50062,0.0
-7.20297,1.60066,0.0
-7.20297,1.7007,0.0
-7.20297,1.80074,0.0
-7.20297,1.90078,0.0
-7.20297,2.00082,0.0
-7.20297,2.10087,0.0
-7.20297,2.20091,0.0
-7.20297,2.30095,0.0
-7.20297,2.40099,0.0
-7.20297,2.50103,0.0
-7.20297,2.60107,0.0
-7.20297,2.70111,0.0
-7.20297,2.80115,0.0
-7.20297,2.9012,0.0
-7.20297,3.00124,0.0
-7.20297,3.10128,0.0
-7.20297,3.20132,0.0
-7.20297,3.30136,0.0
-7.20297,3.4014,0.0
-7.20297,3.50144,0.0
-7.20297,3.60148,0.0
-7.20297,3.70152,0.0
-7.20297,3.80157,0.0
-7.20297,3.90161,0.0
-7.20297,4.00165,0.0
-7.20297,4.10169,0.0
-7.20297,4.20173,0.0
-7.20297,4.30177,0.0
-7.20297,4.40181,0.0
-7.20297,4.50185,0.0
-7.20297,4.6019,0.0
-7.20297,4.70194,0.0
-7.20297,4.80198,0.0
-7.20297,4.90202,0.0
-7.20297,5.00206,0.0
-7.20297,5.1021,0.0
-7.20297,5.20214,0.0
-7.20297,5.30218,0.0
-7.20297,5.40223,0.0
-7.20297,5.50227,0.0
-7.20297,5.60231,0.0
-7.20297,5.70235,0.0
-7.20297,5.80239,0.0
-7.20297,5.90243,0.0
-7.20297,6.00247,0.0
-7.20297,6.10251,0.0
-7.20297,6.20256,0.0
-7.20297,6.3026,0.0
-7.20297,6.40264,0.0
-7.20297,6.50268,0.0
-7.20297,6.60272,0.0
-7.10293,-6.70276,0.0
-7.10293,-6.60272,0.0
-7.10293,-6.50268,0.0
-7.10293,-6.40264,0.0
-7.10293,-6.3026,0.0
-7.10293,-6.20256,0.0
-7.10293,-6.10251,0.0
-7.10293,-6.00247,0.0
-7.10293,-5.90243,0.0
-7.10293,-5.80239,0.0
-7.10293,-5.70235,0.0
-7.10293,-5.60231,0.0
-7.10293,-5.50227,0.0
-7.10293,-5.40223,0.0
-7.10293,-5.30218,0.0
-7.10293,-5.20214,0.0
-7.10293,-5.1021,0.0
-7.10293,-5.00206,0.0
-7.10293,-4.90202,0.0
-7.10293,-4.80198,0.0
-7.10293,-4.70194,0.0
-7.10293,-4.6019,0.0
-7.10293,-4.50185,0.0
-7.10293,-4.40181,0.0
-7.10293,-4.30177,0.0
-7.10293,-4.20173,0.0
-7.10293,-4.10169,0.0
-7.10293,-4.00165,0.0
-7.10293,-3.90161,0.0
-7.10293,-3.80157,0.0
-7.10293,-3.70152,0.0
-7.10293,-3.60148,0.0
-7.10293,-3.50144,0.0
-7.10293,-3.4014,0.0
-7.10293,-3.30136,0.0
-7.10293,-3.20132,0.0
-7.10293,-3.10128,0.0
-7.10293,-3.00124,0.0
-7.10293,-2.9012,0.0
-7.10293,-2.80115,0.0
-7.10293,-2.70111,0.0
-7.10293,-2.60107,0.0
-7.10293,-2.50103,0.0
-7.10293,-2.40099,0.0
-7.10293,-2.30095,0.0
-7.10293,-2.20091,0.0
-7.10293,-2.10087,0.0
-7.10293,-2.00082,0.0
-7.10293,-1.90078,0.0
-7.10293,-1.80074,0.0
-7.10293,-1.7007,0.0
-7.10293,-1.60066,0.0
-7.10293,-1.50062,0.0
-7.10293,-1.40058,0.0
-7.10293,-1.30054,0.0
-7.10293,-1.20049,0.0
-7.10293,-1.10045,0.0
-7.10293,-1.00041,0.0
-7.10293,-0.90037,0.0
-7.10293,-0.80033,0.0
-7.10293,-0.70029,0.0
-7.10293,-0.60025,0.0
-7.10293,-0.50021,0.0
-7.10293,-0.40016,0.0
-7.10293,-0.30012,0.0
-7.10293,-0.20008,0.0
-7.10293,-0.10004,0.0
-7.10293,0,0.0
-7.10293,0.10004,0.0
-7.10293,0.20008,0.0
-7.10293,0.30012,0.0
-7.10293,0.40016,0.0
-7.10293,0.50021,0.0
-7.10293,0.60025,0.0
-7.10293,0.70029,0.0
-7.10293,0.80033,0.0
-7.10293,0.90037,0.0
-7.10293,1.00041,0.0
-7.10293,1.10045,0.0
-7.10293,1.20049,0.0
-7.10293,1.30054,0.0
-7.10293,1.40058,0.0
-7.10293,1.50062,0.0
-7.10293,1.60066,0.0
-7.10293,1.7007,0.0
-7.10293,1.80074,0.0
-7.10293,1.90078,0.0
-7.10293,2.00082,0.0
-7.10293,2.10087,0.0
-7.10293,2.20091,0.0
-7.10293,2.30095,0.0
-7.10293,2.40099,0.0
-7.10293,2.50103,0.0
-7.10293,2.60107,0.0
-7.10293,2.70111,0.0
-7.10293,2.80115,0.0
-7.10293,2.9012,0.0
-7.10293,3.00124,0.0
-7.10293,3.10128,0.0
-7.10293,3.20132,0.0
-7.10293,3.30136,0.0
-7.10293,3.4014,0.0
-7.10293,3.50144,0.0
-7.10293,3.60148,0.0
-7.10293,3.70152,0.0
-7.10293,3.80157,0.0
-7.10293,3.90161,0.0
-7.10293,4.00165,0.0
-7.10293,4.10169,0.0
-7.10293,4.20173,0.0
-7.10293,4.30177,0.0
-7.10293,4.40181,0.0
-7.10293,4.50185,0.0
-7.10293,4.6019,0.0
-7.10293,4.70194,0.0
-7.10293,4.80198,0.0
-7.10293,4.90202,0.0
-7.10293,5.00206,0.0
-7.10293,5.1021,0.0
-7.10293,5.20214,0.0
-7.10293,5.30218,0.0
-7.10293,5.40223,0.0
-7.10293,5.50227,0.0
-7.10293,5.60231,0.0
-7.10293,5.70235,0.0
-7.10293,5.80239,0.0
-7.10293,5.90243,0.0
-7.10293,6.00247,0.0
-7.10293,6.10251,0.0
-7.10293,6.20256,0.0
-7.10293,6.3026,0.0
-7.10293,6.40264,0.0
-7.10293,6.50268,0.0
-7.10293,6.60272,0.0
-7.10293,6.70276,0.0
-7.00289,-6.8028,0.0
-7.00289,-6.70276,0.0
-7.00289,-6.60272,0.0
-7.00289,-6.50268,0.0
-7.00289,-6.40264,0.0
-7.00289,-6.3026,0.0
-7.00289,-6.20256,0.0
-7.00289,-6.10251,0.0
-7.00289,-6.00247,0.0
-7.00289,-5.90243,0.0
-7.00289,-5.80239,0.0
-7.00289,-5.70235,0.0
-7.00289,-5.60231,0.0
-7.00289,-5.50227,0.0
-7.00289,-5.40223,0.0
-7.00289,-5.30218,0.0
-7.00289,-5.20214,0.0
-7.00289,-5.1021,0.0
-7.00289,-5.00206,0.0
-7.00289,-4.90202,0.0
-7.00289,-4.80198,0.0
-7.00289,-4.70194,0.0
-7.00289,-4.6019,0.0
-7.00289,-4.50185,0.0
-7.00289,-4.40181,0.0
-7.00289,-4.30177,0.0
-7.00289,-4.20173,0.0
-7.00289,-4.10169,0.0
-7.00289,-4.00165,0.0
-7.00289,-3.90161,0.0
-7.00289,-3.80157,0.0
-7.00289,-3.70152,0.0
-7.00289,-3.60148,0.0
-7.00289,-3.50144,0.0
-7.00289,-3.4014,0.0
-7.00289,-3.30136,0.0
-7.00289,-3.20132,0.0
-7.00289,-3.10128,0.0
-7.00289,-3.00124,0.0
-7.00289,-2.9012,0.0
-7.00289,-2.80115,0.0
-7.00289,-2.70111,0.0
-7.00289,-2.60107,0.0
-7.00289,-2.50103,0.0
-7.00289,-2.40099,0.0
-7.00289,-2.30095,0.0
-7.00289,-2.20091,0.0
-7.00289,-2.10087,0.0
-7.00289,-2.00082,0.0
-7.00289,-1.90078,0.0
-7.00289,-1.80074,0.0
-7.00289,-1.7007,0.0
-7.00289,-1.60066,0.0
-7.00289,-1.50062,0.0
-7.00289,-1.40058,0.0
-7.00289,-1.30054,0.0
-7.00289,-1.20049,0.0
-7.00289,-1.10045,0.0
-7.00289,-1.00041,0.0
-7.00289,-0.90037,0.0
-7.00289,-0.80033,0.0
-7.00289,-0.70029,0.0
-7.00289,-0.60025,0.0
-7.00289,-0.50021,0.0
-7.00289,-0.40016,0.0
-7.00289,-0.30012,0.0
-7.00289,-0.20008,0.0
-7.00289,-0.10004,0.0
-7.00289,0,0.0
-7.00289,0.10004,0.0
-7.00289,0.20008,0.0
-7.00289,0.30012,0.0
-7.00289,0.40016,0.0
-7.00289,0.50021,0.0
-7.00289,0.60025,0.0
-7.00289,0.70029,0.0
-7.00289,0.80033,0.0
-7.00289,0.90037,0.0
-7.00289,1.00041,0.0
-7.00289,1.10045,0.0
-7.00289,1.20049,0.0
-7.00289,1.30054,0.0
-7.00289,1.40058,0.0
-7.00289,1.50062,0.0
-7.00289,1.60066,0.0
-7.00289,1.7007,0.0
-7.00289,1.80074,0.0
-7.00289,1.90078,0.0
-7.00289,2.00082,0.0
-7.00289,2.10087,0.0
-7.00289,2.20091,0.0
-7.00289,2.30095,0.0
-7.00289,2.40099,0.0
-7.00289,2.50103,0.0
-7.00289,2.60107,0.0
-7.00289,2.70111,0.0
-7.00289,2.80115,0.0
-7.00289,2.9012,0.0
-7.00289,3.00124,0.0
-7.00289,3.10128,0.0
-7.00289,3.20132,0.0
-7.00289,3.30136,0.0
-7.00289,3.4014,0.0
-7.00289,3.50144,0.0
-7.00289,3.60148,0.0
-7.00289,3.70152,0.0
-7.00289,3.80157,0.0
-7.00289,3.90161,0.0
-7.00289,4.00165,0.0
-7.00289,4.10169,0.0
-7.00289,4.20173,0.0
-7.00289,4.30177,0.0
-7.00289,4.40181,0.0
-7.00289,4.50185,0.0
-7.00289,4.6019,0.0
-7.00289,4.70194,0.0
-7.00289,4.80198,0.0
-7.00289,4.90202,0.0
-7.00289,5.00206,0.0
-7.00289,5.1021,0.0
-7.00289,5.20214,0.0
-7.00289,5.30218,0.0
-7.00289,5.40223,0.0
-7.00289,5.50227,0.0
-7.00289,5.60231,0.0
-7.00289,5.70235,0.0
-7.00289,5.80239,0.0
-7.00289,5.90243,0.0
-7.00289,6.00247,0.0
-7.00289,6.10251,0.0
-7.00289,6.20256,0.0
-7.00289,6.3026,0.0
-7.00289,6.40264,0.0
-7.00289,6.50268,0.0
-7.00289,6.60272,0.0
-7.00289,6.70276,0.0
-7.00289,6.8028,0.0
-6.90284,-6.90284,0.0
-6.90284,-6.8028,0.0
-6.90284,-6.70276,0.0
-6.90284,-6.60272,0.0
-6.90284,-6.50268,0.0
-6.90284,-6.40264,0.0
-6.90284,-6.3026,0.0
-6.90284,-6.20256,0.0
-6.90284,-6.10251,0.0
-6.90284,-6.00247,0.0
-6.90284,-5.90243,0.0
-6.90284,-5.80239,0.0
-6.90284,-5.70235,0.0
-6.90284,-5.60231,0.0
-6.90284,-5.50227,0.0
-6.90284,-5.40223,0.0
-6.90284,-5.30218,0.0
-6.90284,-5.20214,0.0
-6.90284,-5.1021,0.0
-6.90284,-5.00206,0.0
-6.90284,-4.90202,0.0
-6.90284,-4.80198,0.0
-6.90284,-4.70194,0.0
-6.90284,-4.6019,0.0
-6.90284,-4.50185,0.0
-6.90284,-4.40181,0.0
-6.90284,-4.30177,0.0
-6.90284,-4.20173,0.0
-6.90284,-4.10169,0.0
-6.90284,-4.00165,0.0
-6.90284,-3.90161,0.0
-6.90284,-3.80157,0.0
-6.90284,-3.70152,0.0
-6.90284,-3.60148,0.0
-6.90284,-3.50144,0.0
-6.90284,-3.4014,0.0
-6.90284,-3.30136,0.0
-6.90284,-3.20132,0.0
-6.90284,-3.10128,0.0
-6.90284,-3.00124,0.0
-6.90284,-2.9012,0.0
-6.90284,-2.80115,0.0
-6.90284,-2.70111,0.0
-6.90284,-2.60107,0.0
-6.90284,-2.50103,0.0
-6.90284,-2.40099,0.0
-6.90284,-2.30095,0.0
-6.90284,-2.20091,0.0
-6.90284,-2.10087,0.0
-6.90284,-2.00082,0.0
-6.90284,-1.90078,0.0
-6.90284,-1.80074,0.0
-6.90284,-1.7007,0.0
-6.90284,-1.60066,0.0
-6.90284,-1.50062,0.0
-6.90284,-1.40058,0.0
-6.90284,-1.30054,0.0
-6.90284,-1.20049,0.0
-6.90284,-1.10045,0.0
-6.90284,-1.00041,0.0
-6.90284,-0.90037,0.0
-6.90284,-0.80033,0.0
-6.90284,-0.70029,0.0
-6.90284,-0.60025,0.0
-6.90284,-0.50021,0.0
-6.90284,-0.40016,0.0
-6.90284,-0.30012,0.0
-6.90284,-0.20008,0.0
-6.90284,-0.10004,0.0
-6.90284,0,0.0
-6.90284,0.10004,0.0
-6.90284,0.20008,0.0
-6.90284,0.30012,0.0
-6.90284,0.40016,0.0
-6.90284,0.50021,0.0
-6.90284,0.60025,0.0
-6.90284,0.70029,0.0
-6.90284,0.80033,0.0
-6.90284,0.90037,0.0
-6.90284,1.00041,0.0
-6.90284,1.10045,0.0
-6.90284,1.20049,0.0
-6.90284,1.30054,0.0
-6.90284,1.40058,0.0
-6.90284,1.50062,0.0
-6.90284,1.60066,0.0
-6.90284,1.7007,0.0
-6.90284,1.80074,0.0
-6.90284,1.90078,0.0
-6.90284,2.00082,0.0
-6.90284,2.10087,0.0
-6.90284,2.20091,0.0
-6.90284,2.30095,0.0
-6.90284,2.40099,0.0
-6.90284,2.50103,0.0
-6.90284,2.60107,0.0
-6.90284,2.70111,0.0
-6.90284,2.80115,0.0
-6.90284,2.9012,0.0
-6.90284,3.00124,0.0
-6.90284,3.10128,0.0
-6.90284,3.20132,0.0
-6.90284,3.30136,0.0
-6.90284,3.4014,0.0
-6.90284,3.50144,0.0
-6.90284,3.60148,0.0
-6.90284,3.70152,0.0
-6.90284,3.80157,0.0
-6.90284,3.90161,0.0
-6.90284,4.00165,0.0
-6.90284,4.10169,0.0
-6.90284,4.20173,0.0
-6.90284,4.30177,0.0
-6.90284,4.40181,0.0
-6.90284,4.50185,0.0
-6.90284,4.6019,0.0
-6.90284,4.70194,0.0
-6.90284,4.80198,0.0
-6.90284,4.90202,0.0
-6.90284,5.00206,0.0
-6.90284,5.1021,0.0
-6.90284,5.20214,0.0
-6.90284,5.30218,0.0
-6.90284,5.40223,0.0
-6.90284,5.50227,0.0
-6.90284,5.60231,0.0
-6.90284,5.70235,0.0
-6.90284,5.80239,0.0
-6.90284,5.90243,0.0
-6.90284,6.00247,0.0
-6.90284,6.10251,0.0
-6.90284,6.20256,0.0
-6.90284,6.3026,0.0
-6.90284,6.40264,0.0
-6.90284,6.50268,0.0
-6.90284,6.60272,0.0
-6.90284,6.70276,0.0
-6.90284,6.8028,0.0
-6.90284,6.90284,0.0
-6.8028,-7.00289,0.0
-6.8028,-6.90284,0.0
-6.8028,-6.8028,0.0
-6.8028,-6.70276,0.0
-6.8028,-6.60272,0.0
-6.8028,-6.50268,0.0
-6.8028,-6.40264,0.0
-6.8028,-6.3026,0.0
-6.8028,-6.20256,0.0
-6.8028,-6.10251,0.0
-6.8028,-6.00247,0.0
-6.8028,-5.90243,0.0
-6.8028,-5.80239,0.0
-6.8028,-5.70235,0.0
-6.8028,-5.60231,0.0
-6.8028,-5.50227,0.0
-6.8028,-5.40223,0.0
-6.8028,-5.30218,0.0
-6.8028,-5.20214,0.0
-6.8028,-5.1021,0.0
-6.8028,-5.00206,0.0
-6.8028,-4.90202,0.0
-6.8028,-4.80198,0.0
-6.8028,-4.70194,0.0
-6.8028,-4.6019,0.0
-6.8028,-4.50185,0.0
-6.8028,-4.40181,0.0
-6.8028,-4.30177,0.0
-6.8028,-4.20173,0.0
-6.8028,-4.10169,0.0
-6.8028,-4.00165,0.0
-6.8028,-3.90161,0.0
-6.8028,-3.80157,0.0
-6.8028,-3.70152,0.0
-6.8028,-3.60148,0.0
-6.8028,-3.50144,0.0
-6.8028,-3.4014,0.0
-6.8028,-3.30136,0.0
-6.8028,-3.20132,0.0
-6.8028,-3.10128,0.0
-6.8028,-3.00124,0.0
-6.8028,-2.9012,0.0
-6.8028,-2.80115,0.0
-6.8028,-2.70111,0.0
-6.8028,-2.60107,0.0
-6.8028,-2.50103,0.0
-6.8028,-2.40099,0.0
-6.8028,-2.30095,0.0
-6.8028,-2.20091,0.0
-6.8028,-2.10087,0.0
-6.8028,-2.00082,0.0
-6.8028,-1.90078,0.0
-6.8028,-1.80074,0.0
-6.8028,-1.7007,0.0
-6.8028,-1.60066,0.0
-6.8028,-1.50062,0.0
-6.8028,-1.40058,0.0
-6.8028,-1.30054,0.0
-6.8028,-1.20049,0.0
-6.8028,-1.10045,0.0
-6.8028,-1.00041,0.0
-6.8028,-0.90037,0.0
-6.8028,-0.80033,0.0
-6.8028,-0.70029,0.0
-6.8028,-0.60025,0.0
-6.8028,-0.50021,0.0
-6.8028,-0.40016,0.0
-6.8028,-0.30012,0.0
-6.8028,-0.20008,0.0
-6.8028,-0.10004,0.0
-6.8028,0,0.0
-6.8028,0.10004,0.0
-6.8028,0.20008,0.0
-6.8028,0.30012,0.0
-6.8028,0.40016,0.0
-6.8028,0.50021,0.0
-6.8028,0.60025,0.0
-6.8028,0.70029,0.0
-6.8028,0.80033,0.0
-6.8028,0.90037,0.0
-6.8028,1.00041,0.0
-6.8028,1.10045,0.0
-6.8028,1.20049,0.0
-6.8028,1.30054,0.0
-6.8028,1.40058,0.0
-6.8028,1.50062,0.0
-6.8028,1.60066,0.0
-6.8028,1.7007,0.0
-6.8028,1.80074,0.0
-6.8028,1.90078,0.0
-6.8028,2.00082,0.0
-6.8028,2.10087,0.0
-6.8028,2.20091,0.0
-6.8028,2.30095,0.0
-6.8028,2.40099,0.0
-6.8028,2.50103,0.0
-6.8028,2.60107,0.0
-6.8028,2.70111,0.0
-6.8028,2.80115,0.0
-6.8028,2.9012,0.0
-6.8028,3.00124,0.0
-6.8028,3.10128,0.0
-6.8028,3.20132,0.0
-6.8028,3.30136,0.0
-6.8028,3.4014,0.0
-6.8028,3.50144,0.0
-6.8028,3.60148,0.0
-6.8028,3.70152,0.0
-6.8028,3.80157,0.0
-6.8028,3.90161,0.0
-6.8028,4.00165,0.0
-6.8028,4.10169,0.0
-6.8028,4.20173,0.0
-6.8028,4.30177,0.0
-6.8028,4.40181,0.0
-6.8028,4.50185,0.0
-6.8028,4.6019,0.0
-6.8028,4.70194,0.0
-6.8028,4.80198,0.0
-6.8028,4.90202,0.0
-6.8028,5.00206,0.0
-6.8028,5.1021,0.0
-6.8028,5.20214,0.0
-6.8028,5.30218,0.0
-6.8028,5.40223,0.0
-6.8028,5.50227,0.0
-6.8028,5.60231,0.0
-6.8028,5.70235,0.0
-6.8028,5.80239,0.0
-6.8028,5.90243,0.0
-6.8028,6.00247,0.0
-6.8028,6.10251,0.0
-6.8028,6.20256,0.0
-6.8028,6.3026,0.0
-6.8028,6.40264,0.0
-6.8028,6.50268,0.0
-6.8028,6.60272,0.0
-6.8028,6.70276,0.0
-6.8028,6.8028,0.0
-6.8028,6.90284,0.0
-6.8028,7.00289,0.0
-6.70276,-7.10293,0.0
-6.70276,-7.00289,0.0
-6.70276,-6.90284,0.0
-6.70276,-6.8028,0.0
-6.70276,-6.70276,0.0
-6.70276,-6.60272,0.0
-6.70276,-6.50268,0.0
-6.70276,-6.40264,0.0
-6.70276,-6.3026,0.0
-6.70276,-6.20256,0.0
-6.70276,-6.10251,0.0
-6.70276,-6.00247,0.0
-6.70276,-5.90243,0.0
-6.70276,-5.80239,0.0
-6.70276,-5.70235,0.0
-6.70276,-5.60231,0.0
-6.70276,-5.50227,0.0
-6.70276,-5.40223,0.0
-6.70276,-5.30218,0.0
-6.70276,-5.20214,0.0
-6.70276,-5.1021,0.0
-6.70276,-5.00206,0.0
-6.70276,-4.90202,0.0
-6.70276,-4.80198,0.0
-6.70276,-4.70194,0.0
-6.70276,-4.6019,0.0
-6.70276,-4.50185,0.0
-6.70276,-4.40181,0.0
-6.70276,-4.30177,0.0
-6.70276,-4.20173,0.0
-6.70276,-4.10169,0.0
-6.70276,-4.00165,0.0
-6.70276,-3.90161,0.0
-6.70276,-3.80157,0.0
-6.70276,-3.70152,0.0
-6.70276,-3.60148,0.0
-6.70276,-3.50144,0.0
-6.70276,-3.4014,0.0
-6.70276,-3.30136,0.0
-6.70276,-3.20132,0.0
-6.70276,-3.10128,0.0
-6.70276,-3.00124,0.0
-6.70276,-2.9012,0.0
-6.70276,-2.80115,0.0
-6.70276,-2.70111,0.0
-6.70276,-2.60107,0.0
-6.70276,-2.50103,0.0
-6.70276,-2.40099,0.0
-6.70276,-2.30095,0.0
-6.70276,-2.20091,0.0
-6.70276,-2.10087,0.0
-6.70276,-2.00082,0.0
-6.70276,-1.90078,0.0
-6.70276,-1.80074,0.0
-6.70276,-1.7007,0.0
-6.70276,-1.60066,0.0
-6.70276,-1.50062,0.0
-6.70276,-1.40058,0.0
-6.70276,-1.30054,0.0
-6.70276,-1.20049,0.0
-6.70276,-1.10045,0.0
-6.70276,-1.00041,0.0
-6.70276,-0.90037,0.0
-6.70276,-0.80033,0.0
-6.70276,-0.70029,0.0
-6.70276,-0.60025,0.0
-6.70276,-0.50021,0.0
-6.70276,-0.40016,0.0
-6.70276,-0.30012,0.0
-6.70276,-0.20008,0.0
-6.70276,-0.10004,0.0
-6.70276,0,0.0
-6.70276,0.10004,0.0
-6.70276,0.20008,0.0
-6.70276,0.30012,0.0
-6.70276,0.40016,0.0
-6.70276,0.50021,0.0
-6.70276,0.60025,0.0
-6.70276,0.70029,0.0
-6.70276,0.80033,0.0
-6.70276,0.90037,0.0
-6.70276,1.00041,0.0
-6.70276,1.10045,0.0
-6.70276,1.20049,0.0
-6.70276,1.30054,0.0
-6.70276,1.40058,0.0
-6.70276,1.50062,0.0
-6.70276,1.60066,0.0
-6.70276,1.7007,0.0
-6.70276,1.80074,0.0
-6.70276,1.90078,0.0
-6.70276,2.00082,0.0
-6.70276,2.10087,0.0
-6.70276,2.20091,0.0
-6.70276,2.30095,0.0
-6.70276,2.40099,0.0
-6.70276,2.50103,0.0
-6.70276,2.60107,0.0
-6.70276,2.70111,0.0
-6.70276,2.80115,0.0
-6.70276,2.9012,0.0
-6.70276,3.00124,0.0
-6.70276,3.10128,0.0
-6.70276,3.20132,0.0
-6.70276,3.30136,0.0
-6.70276,3.4014,0.0
-6.70276,3.50144,0.0
-6.70276,3.60148,0.0
-6.70276,3.70152,0.0
-6.70276,3.80157,0.0
-6.70276,3.90161,0.0
-6.70276,4.00165,0.0
-6.70276,4.10169,0.0
-6.70276,4.20173,0.0
-6.70276,4.30177,0.0
-6.70276,4.40181,0.0
-6.70276,4.50185,0.0
-6.70276,4.6019,0.0
-6.70276,4.70194,0.0
-6.70276,4.80198,0.0
-6.70276,4.90202,0.0
-6.70276,5.00206,0.0
-6.70276,5.1021,0.0
-6.70276,5.20214,0.0
-6.70276,5.30218,0.0
-6.70276,5.40223,0.0
-6.70276,5.50227,0.0
-6.70276,5.60231,0.0
-6.70276,5.70235,0.0
-6.70276,5.80239,0.0
-6.70276,5.90243,0.0
-6.70276,6.00247,0.0
-6.70276,6.10251,0.0
-6.70276,6.20256,0.0
-6.70276,6.3026,0.0
-6.70276,6.40264,0.0
-6.70276,6.50268,0.0
-6.70276,6.60272,0.0
-6.70276,6.70276,0.0
-6.70276,6.8028,0.0
-6.70276,6.90284,0.0
-6.70276,7.00289,0.0
-6.70276,7.10293,0.0
-6.60272,-7.20297,0.0
-6.60272,-7.10293,0.0
-6.60272,-7.00289,0.0
-6.60272,-6.90284,0.0
-6.60272,-6.8028,0.0
-6.60272,-6.70276,0.0
-6.60272,-6.60272,0.0
-6.60272,-6.50268,0.0
-6.60272,-6.40264,0.0
-6.60272,-6.3026,0.0
-6.60272,-6.20256,0.0
-6.60272,-6.10251,0.0
-6.60272,-6.00247,0.0
-6.60272,-5.90243,0.0
-6.60272,-5.80239,0.0
-6.60272,-5.70235,0.0
-6.60272,-5.60231,0.0
-6.60272,-5.50227,0.0
-6.60272,-5.40223,0.0
-6.60272,-5.30218,0.0
-6.60272,-5.20214,0.0
-6.60272,-5.1021,0.0
-6.60272,-5.00206,0.0
-6.60272,-4.90202,0.0
-6.60272,-4.80198,0.0
-6.60272,-4.70194,0.0
-6.60272,-4.6019,0.0
-6.60272,-4.50185,0.0
-6.60272,-4.40181,0.0
-6.60272,-4.30177,0.0
-6.60272,-4.20173,0.0
-6.60272,-4.10169,0.0
-6.60272,-4.00165,0.0
-6.60272,-3.90161,0.0
-6.60272,-3.80157,0.0
-6.60272,-3.70152,0.0
-6.60272,-3.60148,0.0
-6.60272,-3.50144,0.0
-6.60272,-3.4014,0.0
-6.60272,-3.30136,0.0
-6.60272,-3.20132,0.0
-6.60272,-3.10128,0.0
-6.60272,-3.00124,0.0
-6.60272,-2.9012,0.0
-6.60272,-2.80115,0.0
-6.60272,-2.70111,0.0
-6.60272,-2.60107,0.0
-6.60272,-2.50103,0.0
-6.60272,-2.40099,0.0
-6.60272,-2.30095,0.0
-6.60272,-2.20091,0.0
-6.60272,-2.10087,0.0
-6.60272,-2.00082,0.0
-6.60272,-1.90078,0.0
-6.60272,-1.80074,0.0
-6.60272,-1.7007,0.0
-6.60272,-1.60066,0.0
-6.60272,-1.50062,0.0
-6.60272,-1.40058,0.0
-6.60272,-1.30054,0.0
-6.60272,-1.20049,0.0
-6.60272,-1.10045,0.0
-6.60272,-1.00041,0.0
-6.60272,-0.90037,0.0
-6.60272,-0.80033,0.0
-6.60272,-0.70029,0.0
-6.60272,-0.60025,0.0
-6.60272,-0.50021,0.0
-6.60272,-0.40016,0.0
-6.60272,-0.30012,0.0
-6.60272,-0.20008,0.0
-6.60272,-0.10004,0.0
-6.60272,0,0.0
-6.60272,0.10004,0.0
-6.60272,0.20008,0.0
-6.60272,0.30012,0.0
-6.60272,0.40016,0.0
-6.60272,0.50021,0.0
-6.60272,0.60025,0.0
-6.60272,0.70029,0.0
-6.60272,0.80033,0.0
-6.60272,0.90037,0.0
-6.60272,1.00041,0.0
-6.60272,1.10045,0.0
-6.60272,1.20049,0.0
-6.60272,1.30054,0.0
-6.60272,1.40058,0.0
-6.60272,1.50062,0.0
-6.60272,1.60066,0.0
-6.60272,1.7007,0.0
-6.60272,1.80074,0.0
-6.60272,1.90078,0.0
-6.60272,2.00082,0.0
-6.60272,2.10087,0.0
-6.60272,2.20091,0.0
-6.60272,2.30095,0.0
-6.60272,2.40099,0.0
-6.60272,2.50103,0.0
-6.60272,2.60107,0.0
-6.60272,2.70111,0.0
-6.60272,2.80115,0.0
-6.60272,2.9012,0.0
-6.60272,3.00124,0.0
-6.60272,3.10128,0.0
-6.60272,3.20132,0.0
-6.60272,3.30136,0.0
-6.60272,3.4014,0.0
-6.60272,3.50144,0.0
-6.60272,3.60148,0.0
-6.60272,3.70152,0.0
-6.60272,3.80157,0.0
-6.60272,3.90161,0.0
-6.60272,4.00165,0.0
-6.60272,4.10169,0.0
-6.60272,4.20173,0.0
-6.60272,4.30177,0.0
-6.60272,4.40181,0.0
-6.60272,4.50185,0.0
-6.60272,4.6019,0.0
-6.60272,4.70194,0.0
-6.60272,4.80198,0.0
-6.60272,4.90202,0.0
-6.60272,5.00206,0.0
-6.60272,5.1021,0.0
-6.60272,5.20214,0.0
-6.60272,5.30218,0.0
-6.60272,5.40223,0.0
-6.60272,5.50227,0.0
-6.60272,5.60231,0.0
-6.60272,5.70235,0.0
-6.60272,5.80239,0.0
-6.60272,5.90243,0.0
-6.60272,6.00247,0.0
-6.60272,6.10251,0.0
-6.60272,6.20256,0.0
-6.60272,6.3026,0.0
-6.60272,6.40264,0.0
-6.60272,6.50268,0.0
-6.60272,6.60272,0.0
-6.60272,6.70276,0.0
-6.60272,6.8028,0.0
-6.60272,6.90284,0.0
-6.60272,7.00289,0.0
-6.60272,7.10293,0.0
-6.60272,7.20297,0.0
-6.50268,-7.30301,0.0
-6.50268,-7.20297,0.0
-6.50268,-7.10293,0.0
-6.50268,-7.00289,0.0
-6.50268,-6.90284,0.0
-6.50268,-6.8028,0.0
-6.50268,-6.70276,0.0
-6.50268,-6.60272,0.0
-6.50268,-6.50268,0.0
-6.50268,-6.40264,0.0
-6.50268,-6.3026,0.0
-6.50268,-6.20256,0.0
-6.50268,-6.10251,0.0
-6.50268,-6.00247,0.0
-6.50268,-5.90243,0.0
-6.50268,-5.80239,0.0
-6.50268,-5.70235,0.0
-6.50268,-5.60231,0.0
-6.50268,-5.50227,0.0
-6.50268,-5.40223,0.0
-6.50268,-5.30218,0.0
-6.50268,-5.20214,0.0
-6.50268,-5.1021,0.0
-6.50268,-5.00206,0.0
-6.50268,-4.90202,0.0
-6.50268,-4.80198,0.0
-6.50268,-4.70194,0.0
-6.50268,-4.6019,0.0
-6.50268,-4.50185,0.0
-6.50268,-4.40181,0.0
-6.50268,-4.30177,0.0
-6.50268,-4.20173,0.0
-6.50268,-4.10169,0.0
-6.50268,-4.00165,0.0
-6.50268,-3.90161,0.0
-6.50268,-3.80157,0.0
-6.50268,-3.70152,0.0
-6.50268,-3.60148,0.0
-6.50268,-3.50144,0.0
-6.50268,-3.4014,0.0
-6.50268,-3.30136,0.0
-6.50268,-3.20132,0.0
-6.50268,-3.10128,0.0
-6.50268,-3.00124,0.0
-6.50268,-2.9012,0.0
-6.50268,-2.80115,0.0
-6.50268,-2.70111,0.0
-6.50268,-2.60107,0.0
-6.50268,-2.50103,0.0
-6.50268,-2.40099,0.0
-6.50268,-2.30095,0.0
-6.50268,-2.20091,0.0
-6.50268,-2.10087,0.0
-6.50268,-2.00082,0.0
-6.50268,-1.90078,0.0
-6.50268,-1.80074,0.0
-6.50268,-1.7007,0.0
-6.50268,-1.60066,0.0
-6.50268,-1.50062,0.0
-6.50268,-1.40058,0.0
-6.50268,-1.30054,0.0
-6.50268,-1.20049,0.0
-6.50268,-1.10045,0.0
-6.50268,-1.00041,0.0
-6.50268,-0.90037,0.0
-6.50268,-0.80033,0.0
-6.50268,-0.70029,0.0
-6.50268,-0.60025,0.0
-6.50268,-0.50021,0.0
-6.50268,-0.40016,0.0
-6.50268,-0.30012,0.0
-6.50268,-0.20008,0.0
-6.50268,-0.10004,0.0
-6.50268,0,0.0
-6.50268,0.10004,0.0
-6.50268,0.20008,0.0
-6.50268,0.30012,0.0
-6.50268,0.40016,0.0
-6.50268,0.50021,0.0
-6.50268,0.60025,0.0
-6.50268,0.70029,0.0
-6.50268,0.80033,0.0
-6.50268,0.90037,0.0
-6.50268,1.00041,0.0
-6.50268,1.10045,0.0
-6.50268,1.20049,0.0
-6.50268,1.30054,0.0
-6.50268,1.40058,0.0
-6.50268,1.50062,0.0
-6.50268,1.60066,0.0
-6.50268,1.7007,0.0
-6.50268,1.80074,0.0
-6.50268,1.90078,0.0
-6.50268,2.00082,0.0
-6.50268,2.10087,0.0
-6.50268,2.20091,0.0
-6.50268,2.30095,0.0
-6.50268,2.40099,0.0
-6.50268,2.50103,0.0
-6.50268,2.60107,0.0
-6.50268,2.70111,0.0
-6.50268,2.80115,0.0
-6.50268,2.9012,0.0
-6.50268,3.00124,0.0
-6.50268,3.10128,0.0
-6.50268,3.20132,0.0
-6.50268,3.30136,0.0
-6.50268,3.4014,0.0
-6.50268,3.50144,0.0
-6.50268,3.60148,0.0
-6.50268,3.70152,0.0
-6.50268,3.80157,0.0
-6.50268,3.90161,0.0
-6.50268,4.00165,0.0
-6.50268,4.10169,0.0
-6.50268,4.20173,0.0
-6.50268,4.30177,0.0
-6.50268,4.40181,0.0
-6.50268,4.50185,0.0
-6.50268,4.6019,0.0
-6.50268,4.70194,0.0
-6.50268,4.80198,0.0
-6.50268,4.90202,0.0
-6.50268,5.00206,0.0
-6.50268,5.1021,0.0
-6.50268,5.20214,0.0
-6.50268,5.30218,0.0
-6.50268,5.40223,0.0
-6.50268,5.50227,0.0
-6.50268,5.60231,0.0
-6.50268,5.70235,0.0
-6.50268,5.80239,0.0
-6.50268,5.90243,0.0
-6.50268,6.00247,0.0
-6.50268,6.10251,0.0
-6.50268,6.20256,0.0
-6.50268,6.3026,0.0
-6.50268,6.40264,0.0
-6.50268,6.50268,0.0
-6.50268,6.60272,0.0
-6.50268,6.70276,0.0
-6.50268,6.8028,0.0
-6.50268,6.90284,0.0
-6.50268,7.00289,0.0
-6.50268,7.10293,0.0
-6.50268,7.20297,0.0
-6.50268,7.30301,0.0
-6.40264,-7.40305,0.0
-6.40264,-7.30301,0.0
-6.40264,-7.20297,0.0
-6.40264,-7.10293,0.0
-6.40264,-7.00289,0.0
-6.40264,-6.90284,0.0
-6.40264,-6.8028,0.0
-6.40264,-6.70276,0.0
-6.40264,-6.60272,0.0
-6.40264,-6.50268,0.0
-6.40264,-6.40264,0.0
-6.40264,-6.3026,0.0
-6.40264,-6.20256,0.0
-6.40264,-6.10251,0.0
-6.40264,-6.00247,0.0
-6.40264,-5.90243,0.0
-6.40264,-5.80239,0.0
-6.40264,-5.70235,0.0
-6.40264,-5.60231,0.0
-6.40264,-5.50227,0.0
-6.40264,-5.40223,0.0
-6.40264,-5.30218,0.0
-6.40264,-5.20214,0.0
-6.40264,-5.1021,0.0
-6.40264,-5.00206,0.0
-6.40264,-4.90202,0.0
-6.40264,-4.80198,0.0
-6.40264,-4.70194,0.0
-6.40264,-4.6019,0.0
-6.40264,-4.50185,0.0
-6.40264,-4.40181,0.0
-6.40264,-4.30177,0.0
-6.40264,-4.20173,0.0
-6.40264,-4.10169,0.0
-6.40264,-4.00165,0.0
-6.40264,-3.90161,0.0
-6.40264,-3.80157,0.0
-6.40264,-3.70152,0.0
-6.40264,-3.60148,0.0
-6.40264,-3.50144,0.0
-6.40264,-3.4014,0.0
-6.40264,-3.30136,0.0
-6.40264,-3.20132,0.0
-6.40264,-3.10128,0.0
-6.40264,-3.00124,0.0
-6.40264,-2.9012,0.0
-6.40264,-2.80115,0.0
-6.40264,-2.70111,0.0
-6.40264,-2.60107,0.0
-6.40264,-2.50103,0.0
-6.40264,-2.40099,0.0
-6.40264,-2.30095,0.0
-6.40264,-2.20091,0.0
-6.40264,-2.10087,0.0
-6.40264,-2.00082,0.0
-6.40264,-1.90078,0.0
-6.40264,-1.80074,0.0
-6.40264,-1.7007,0.0
-6.40264,-1.60066,0.0
-6.40264,-1.50062,0.0
-6.40264,-1.40058,0.0
-6.40264,-1.30054,0.0
-6.40264,-1.20049,0.0
-6.40264,-1.10045,0.0
-6.40264,-1.00041,0.0
-6.40264,-0.90037,0.0
-6.40264,-0.80033,0.0
-6.40264,-0.70029,0.0
-6.40264,-0.60025,0.0
-6.40264,-0.50021,0.0
-6.40264,-0.40016,0.0
-6.40264,-0.30012,0.0
-6.40264,-0.20008,0.0
-6.40264,-0.10004,0.0
-6.40264,0,0.0
-6.40264,0.10004,0.0
-6.40264,0.20008,0.0
-6.40264,0.30012,0.0
-6.40264,0.40016,0.0
-6.40264,0.50021,0.0
-6.40264,0.60025,0.0
-6.40264,0.70029,0.0
-6.40264,0.80033,0.0
-6.40264,0.90037,0.0
-6.40264,1.00041,0.0
-6.40264,1.10045,0.0
-6.40264,1.20049,0.0
-6.40264,1.30054,0.0
-6.40264,1.40058,0.0
-6.40264,1.50062,0.0
-6.40264,1.60066,0.0
-6.40264,1.7007,0.0
-6.40264,1.80074,0.0
-6.40264,1.90078,0.0
-6.40264,2.00082,0.0
-6.40264,2.10087,0.0
-6.40264,2.20091,0.0
-6.40264,2.30095,0.0
-6.40264,2.40099,0.0
-6.40264,2.50103,0.0
-6.40264,2.60107,0.0
-6.40264,2.70111,0.0
-6.40264,2.80115,0.0
-6.40264,2.9012,0.0
-6.40264,3.00124,0.0
-6.40264,3.10128,0.0
-6.40264,3.20132,0.0
-6.40264,3.30136,0.0
-6.40264,3.4014,0.0
-6.40264,3.50144,0.0
-6.40264,3.60148,0.0
-6.40264,3.70152,0.0
-6.40264,3.80157,0.0
-6.40264,3.90161,0.0
-6.40264,4.00165,0.0
-6.40264,4.10169,0.0
-6.40264,4.20173,0.0
-6.40264,4.30177,0.0
-6.40264,4.40181,0.0
-6.40264,4.50185,0.0
-6.40264,4.6019,0.0
-6.40264,4.70194,0.0
-6.40264,4.80198,0.0
-6.40264,4.90202,0.0
-6.40264,5.00206,0.0
-6.40264,5.1021,0.0
-6.40264,5.20214,0.0
-6.40264,5.30218,0.0
-6.40264,5.40223,0.0
-6.40264,5.50227,0.0
-6.40264,5.60231,0.0
-6.40264,5.70235,0.0
-6.40264,5.80239,0.0
-6.40264,5.90243,0.0
-6.40264,6.00247,0.0
-6.40264,6.10251,0.0
-6.40264,6.20256,0.0
-6.40264,6.3026,0.0
-6.40264,6.40264,0.0
-6.40264,6.50268,0.0
-6.40264,6.60272,0.0
-6.40264,6.70276,0.0
-6.40264,6.8028,0.0
-6.40264,6.90284,0.0
-6.40264,7.00289,0.0
-6.40264,7.10293,0.0
-6.40264,7.20297,0.0
-6.40264,7.30301,0.0
-6.40264,7.40305,0.0
-6.3026,-7.50309,0.0
-6.3026,-7.40305,0.0
-6.3026,-7.30301,0.0
-6.3026,-7.20297,0.0
-6.3026,-7.10293,0.0
-6.3026,-7.00289,0.0
-6.3026,-6.90284,0.0
-6.3026,-6.8028,0.0
-6.3026,-6.70276,0.0
-6.3026,-6.60272,0.0
-6.3026,-6.50268,0.0
-6.3026,-6.40264,0.0
-6.3026,-6.3026,0.0
-6.3026,-6.20256,0.0
-6.3026,-6.10251,0.0
-6.3026,-6.00247,0.0
-6.3026,-5.90243,0.0
-6.3026,-5.80239,0.0
-6.3026,-5.70235,0.0
-6.3026,-5.60231,0.0
-6.3026,-5.50227,0.0
-6.3026,-5.40223,0.0
-6.3026,-5.30218,0.0
-6.3026,-5.20214,0.0
-6.3026,-5.1021,0.0
-6.3026,-5.00206,0.0
-6.3026,-4.90202,0.0
-6.3026,-4.80198,0.0
-6.3026,-4.70194,0.0
-6.3026,-4.6019,0.0
-6.3026,-4.50185,0.0
-6.3026,-4.40181,0.0
-6.3026,-4.30177,0.0
-6.3026,-4.20173,0.0
-6.3026,-4.10169,0.0
-6.3026,-4.00165,0.0
-6.3026,-3.90161,0.0
-6.3026,-3.80157,0.0
-6.3026,-3.70152,0.0
-6.3026,-3.60148,0.0
-6.3026,-3.50144,0.0
-6.3026,-3.4014,0.0
-6.3026,-3.30136,0.0
-6.3026,-3.20132,0.0
-6.3026,-3.10128,0.0
-6.3026,-3.00124,0.0
-6.3026,-2.9012,0.0
-6.3026,-2.80115,0.0
-6.3026,-2.70111,0.0
-6.3026,-2.60107,0.0
-6.3026,-2.50103,0.0
-6.3026,-2.40099,0.0
-6.3026,-2.30095,0.0
-6.3026,-2.20091,0.0
-6.3026,-2.10087,0.0
-6.3026,-2.00082,0.0
-6.3026,-1.90078,0.0
-6.3026,-1.80074,0.0
-6.3026,-1.7007,0.0
-6.3026,-1.60066,0.0
-6.3026,-1.50062,0.0
-6.3026,-1.40058,0.0
-6.3026,-1.30054,0.0
-6.3026,-1.20049,0.0
-6.3026,-1.10045,0.0
-6.3026,-1.00041,0.0
-6.3026,-0.90037,0.0
-6.3026,-0.80033,0.0
-6.3026,-0.70029,0.0
-6.3026,-0.60025,0.0
-6.3026,-0.50021,0.0
-6.3026,-0.40016,0.0
-6.3026,-0.30012,0.0
-6.3026,-0.20008,0.0
-6.3026,-0.10004,0.0
-6.3026,0,0.0
-6.3026,0.10004,0.0
-6.3026,0.20008,0.0
-6.3026,0.30012,0.0
-6.3026,0.40016,0.0
-6.3026,0.50021,0.0
-6.3026,0.60025,0.0
-6.3026,0.70029,0.0
-6.3026,0.80033,0.0
-6.3026,0.90037,0.0
-6.3026,1.00041,0.0
-6.3026,1.10045,0.0
-6.3026,1.20049,0.0
-6.3026,1.30054,0.0
-6.3026,1.40058,0.0
-6.3026,1.50062,0.0
-6.3026,1.60066,0.0
-6.3026,1.7007,0.0
-6.3026,1.80074,0.0
-6.3026,1.90078,0.0
-6.3026,2.00082,0.0
-6.3026,2.10087,0.0
-6.3026,2.20091,0.0
-6.3026,2.30095,0.0
-6.3026,2.40099,0.0
-6.3026,2.50103,0.0
-6.3026,2.60107,0.0
-6.3026,2.70111,0.0
-6.3026,2.80115,0.0
-6.3026,2.9012,0.0
-6.3026,3.00124,0.0
-6.3026,3.10128,0.0
-6.3026,3.20132,0.0
-6.3026,3.30136,0.0
-6.3026,3.4014,0.0
-6.3026,3.50144,0.0
-6.3026,3.60148,0.0
-6.3026,3.70152,0.0
-6.3026,3.80157,0.0
-6.3026,3.90161,0.0
-6.3026,4.00165,0.0
-6.3026,4.10169,0.0
-6.3026,4.20173,0.0
-6.3026,4.30177,0.0
-6.3026,4.40181,0.0
-6.3026,4.50185,0.0
-6.3026,4.6019,0.0
-6.3026,4.70194,0.0
-6.3026,4.80198,0.0
-6.3026,4.90202,0.0
-6.3026,5.00206,0.0
-6.3026,5.1021,0.0
-6.3026,5.20214,0.0
-6.3026,5.30218,0.0
-6.3026,5.40223,0.0
-6.3026,5.50227,0.0
-6.3026,5.60231,0.0
-6.3026,5.70235,0.0
-6.3026,5.80239,0.0
-6.3026,5.90243,0.0
-6.3026,6.00247,0.0
-6.3026,6.10251,0.0
-6.3026,6.20256,0.0
-6.3026,6.3026,0.0
-6.3026,6.40264,0.0
-6.3026,6.50268,0.0
-6.3026,6.60272,0.0
-6.3026,6.70276,0.0
-6.3026,6.8028,0.0
-6.3026,6.90284,0.0
-6.3026,7.00289,0.0
-6.3026,7.10293,0.0
-6.3026,7.20297,0.0
-6.3026,7.30301,0.0
-6.3026,7.40305,0.0
-6.3026,7.50309,0.0
-6.20256,-7.50309,0.0
-6.20256,-7.40305,0.0
-6.20256,-7.30301,0.0
-6.20256,-7.20297,0.0
-6.20256,-7.10293,0.0
-6.20256,-7.00289,0.0
-6.20256,-6.90284,0.0
-6.20256,-6.8028,0.0
-6.20256,-6.70276,0.0
-6.20256,-6.60272,0.0
-6.20256,-6.50268,0.0
-6.20256,-6.40264,0.0
-6.20256,-6.3026,0.0
-6.20256,-6.20256,0.0
-6.20256,-6.10251,0.0
-6.20256,-6.00247,0.0
-6.20256,-5.90243,0.0
-6.20256,-5.80239,0.0
-6.20256,-5.70235,0.0
-6.20256,-5.60231,0.0
-6.20256,-5.50227,0.0
-6.20256,-5.40223,0.0
-6.20256,-5.30218,0.0
-6.20256,-5.20214,0.0
-6.20256,-5.1021,0.0
-6.20256,-5.00206,0.0
-6.20256,-4.90202,0.0
-6.20256,-4.80198,0.0
-6.20256,-4.70194,0.0
-6.20256,-4.6019,0.0
-6.20256,-4.50185,0.0
-6.20256,-4.40181,0.0
-6.20256,-4.30177,0.0
-6.20256,-4.20173,0.0
-6.20256,-4.10169,0.0
-6.20256,-4.00165,0.0
-6.20256,-3.90161,0.0
-6.20256,-3.80157,0.0
-6.20256,-3.70152,0.0
-6.20256,-3.60148,0.0
-6.20256,-3.50144,0.0
-6.20256,-3.4014,0.0
-6.20256,-3.30136,0.0
-6.20256,-3.20132,0.0
-6.20256,-3.10128,0.0
-6.20256,-3.00124,0.0
-6.20256,-2.9012,0.0
-6.20256,-2.80115,0.0
-6.20256,-2.70111,0.0
-6.20256,-2.60107,0.0
-6.20256,-2.50103,0.0
-6.20256,-2.40099,0.0
-6.20256,-2.30095,0.0
-6.20256,-2.20091,0.0
-6.20256,-2.10087,0.0
-6.20256,-2.00082,0.0
-6.20256,-1.90078,0.0
-6.20256,-1.80074,0.0
-6.20256,-1.7007,0.0
-6.20256,-1.60066,0.0
-6.20256,-1.50062,0.0
-6.20256,-1.40058,0.0
-6.20256,-1.30054,0.0
-6.20256,-1.20049,0.0
-6.20256,-1.10045,0.0
-6.20256,-1.00041,0.0
-6.20256,-0.90037,0.0
-6.20256,-0.80033,0.0
-6.20256,-0.70029,0.0
-6.20256,-0.60025,0.0
-6.20256,-0.50021,0.0
-6.20256,-0.40016,0.0
-6.20256,-0.30012,0.0
-6.20256,-0.20008,0.0
-6.20256,-0.10004,0.0
-6.20256,0,0.0
-6.20256,0.10004,0.0
-6.20256,0.20008,0.0
-6.20256,0.30012,0.0
-6.20256,0.40016,0.0
-6.20256,0.50021,0.0
-6.20256,0.60025,0.0
-6.20256,0.70029,0.0
-6.20256,0.80033,0.0
-6.20256,0.90037,0.0
-6.20256,1.00041,0.0
-6.20256,1.10045,0.0
-6.20256,1.20049,0.0
-6.20256,1.30054,0.0
-6.20256,1.40058,0.0
-6.20256,1.50062,0.0
-6.20256,1.60066,0.0
-6.20256,1.7007,0.0
-6.20256,1.80074,0.0
-6.20256,1.90078,0.0
-6.20256,2.00082,0.0
-6.20256,2.10087,0.0
-6.20256,2.20091,0.0
-6.20256,2.30095,0.0
-6.20256,2.40099,0.0
-6.20256,2.50103,0.0
-6.20256,2.60107,0.0
-6.20256,2.70111,0.0
-6.20256,2.80115,0.0
-6.20256,2.9012,0.0
-6.20256,3.00124,0.0
-6.20256,3.10128,0.0
-6.20256,3.20132,0.0
-6.20256,3.30136,0.0
-6.20256,3.4014,0.0
-6.20256,3.50144,0.0
-6.20256,3.60148,0.0
-6.20256,3.70152,0.0
-6.20256,3.80157,0.0
-6.20256,3.90161,0.0
-6.20256,4.00165,0.0
-6.20256,4.10169,0.0
-6.20256,4.20173,0.0
-6.20256,4.30177,0.0
-6.20256,4.40181,0.0
-6.20256,4.50185,0.0
-6.20256,4.6019,0.0
-6.20256,4.70194,0.0
-6.20256,4.80198,0.0
-6.20256,4.90202,0.0
-6.20256,5.00206,0.0
-6.20256,5.1021,0.0
-6.20256,5.20214,0.0
-6.20256,5.30218,0.0
-6.20256,5.40223,0.0
-6.20256,5.50227,0.0
-6.20256,5.60231,0.0
-6.20256,5.70235,0.0
-6.20256,5.80239,0.0
-6.20256,5.90243,0.0
-6.20256,6.00247,0.0
-6.20256,6.10251,0.0
-6.20256,6.20256,0.0
-6.20256,6.3026,0.0
-6.20256,6.40264,0.0
-6.20256,6.50268,0.0
-6.20256,6.60272,0.0
-6.20256,6.70276,0.0
-6.20256,6.8028,0.0
-6.20256,6.90284,0.0
-6.20256,7.00289,0.0
-6.20256,7.10293,0.0
-6.20256,7.20297,0.0
-6.20256,7.30301,0.0
-6.20256,7.40305,0.0
-6.20256,7.50309,0.0
-6.10251,-7.60313,0.0
-6.10251,-7.50309,0.0
-6.10251,-7.40305,0.0
-6.10251,-7.30301,0.0
-6.10251,-7.20297,0.0
-6.10251,-7.10293,0.0
-6.10251,-7.00289,0.0
-6.10251,-6.90284,0.0
-6.10251,-6.8028,0.0
-6.10251,-6.70276,0.0
-6.10251,-6.60272,0.0
-6.10251,-6.50268,0.0
-6.10251,-6.40264,0.0
-6.10251,-6.3026,0.0
-6.10251,-6.20256,0.0
-6.10251,-6.10251,0.0
-6.10251,-6.00247,0.0
-6.10251,-5.90243,0.0
-6.10251,-5.80239,0.0
-6.10251,-5.70235,0.0
-6.10251,-5.60231,0.0
-6.10251,-5.50227,0.0
-6.10251,-5.40223,0.0
-6.10251,-5.30218,0.0
-6.10251,-5.20214,0.0
-6.10251,-5.1021,0.0
-6.10251,-5.00206,0.0
-6.10251,-4.90202,0.0
-6.10251,-4.80198,0.0
-6.10251,-4.70194,0.0
-6.10251,-4.6019,0.0
-6.10251,-4.50185,0.0
-6.10251,-4.40181,0.0
-6.10251,-4.30177,0.0
-6.10251,-4.20173,0.0
-6.10251,-4.10169,0.0
-6.10251,-4.00165,0.0
-6.10251,-3.90161,0.0
-6.10251,-3.80157,0.0
-6.10251,-3.70152,0.0
-6.10251,-3.60148,0.0
-6.10251,-3.50144,0.0
-6.10251,-3.4014,0.0
-6.10251,-3.30136,0.0
-6.10251,-3.20132,0.0
-6.10251,-3.10128,0.0
-6.10251,-3.00124,0.0
-6.10251,-2.9012,0.0
-6.10251,-2.80115,0.0
-6.10251,-2.70111,0.0
-6.10251,-2.60107,0.0
-6.10251,-2.50103,0.0
-6.10251,-2.40099,0.0
-6.10251,-2.30095,0.0
-6.10251,-2.20091,0.0
-6.10251,-2.10087,0.0
-6.10251,-2.00082,0.0
-6.10251,-1.90078,0.0
-6.10251,-1.80074,0.0
-6.10251,-1.7007,0.0
-6.10251,-1.60066,0.0
-6.10251,-1.50062,0.0
-6.10251,-1.40058,0.0
-6.10251,-1.30054,0.0
-6.10251,-1.20049,0.0
-6.10251,-1.10045,0.0
-6.10251,-1.00041,0.0
-6.10251,-0.90037,0.0
-6.10251,-0.80033,0.0
-6.10251,-0.70029,0.0
-6.10251,-0.60025,0.0
-6.10251,-0.50021,0.0
-6.10251,-0.40016,0.0
-6.10251,-0.30012,0.0
-6.10251,-0.20008,0.0
-6.10251,-0.10004,0.0
-6.10251,0,0.0
-6.10251,0.10004,0.0
-6.10251,0.20008,0.0
-6.10251,0.30012,0.0
-6.10251,0.40016,0.0
-6.10251,0.50021,0.0
-6.10251,0.60025,0.0
-6.10251,0.70029,0.0
-6.10251,0.80033,0.0
-6.10251,0.90037,0.0
-6.10251,1.00041,0.0
-6.10251,1.10045,0.0
-6.10251,1.20049,0.0
-6.10251,1.30054,0.0
-6.10251,1.40058,0.0
-6.10251,1.50062,0.0
-6.10251,1.60066,0.0
-6.10251,1.7007,0.0
-6.10251,1.80074,0.0
-6.10251,1.90078,0.0
-6.10251,2.00082,0.0
-6.10251,2.10087,0.0
-6.10251,2.20091,0.0
-6.10251,2.30095,0.0
-6.10251,2.40099,0.0
-6.10251,2.50103,0.0
-6.10251,2.60107,0.0
-6.10251,2.70111,0.0
-6.10251,2.80115,0.0
-6.10251,2.9012,0.0
-6.10251,3.00124,0.0
-6.10251,3.10128,0.0
-6.10251,3.20132,0.0
-6.10251,3.30136,0.0
-6.10251,3.4014,0.0
-6.10251,3.50144,0.0
-6.10251,3.60148,0.0
-6.10251,3.70152,0.0
-6.10251,3.80157,0.0
-6.10251,3.90161,0.0
-6.10251,4.00165,0.0
-6.10251,4.10169,0.0
-6.10251,4.20173,0.0
-6.10251,4.30177,0.0
-6.10251,4.40181,0.0
-6.10251,4.50185,0.0
-6.10251,4.6019,0.0
-6.10251,4.70194,0.0
-6.10251,4.80198,0.0
-6.10251,4.90202,0.0
-6.10251,5.00206,0.0
-6.10251,5.1021,0.0
-6.10251,5.20214,0.0
-6.10251,5.30218,0.0
-6.10251,5.40223,0.0
-6.10251,5.50227,0.0
-6.10251,5.60231,0.0
-6.10251,5.70235,0.0
-6.10251,5.80239,0.0
-6.10251,5.90243,0.0
-6.10251,6.00247,0.0
-6.10251,6.10251,0.0
-6.10251,6.20256,0.0
-6.10251,6.3026,0.0
-6.10251,6.40264,0.0
-6.10251,6.50268,0.0
-6.10251,6.60272,0.0
-6.10251,6.70276,0.0
-6.10251,6.8028,0.0
-6.10251,6.90284,0.0
-6.10251,7.00289,0.0
-6.10251,7.10293,0.0
-6.10251,7.20297,0.0
-6.10251,7.30301,0.0
-6.10251,7.40305,0.0
-6.10251,7.50309,0.0
-6.10251,7.60313,0.0
-6.00247,-7.70317,0.0
-6.00247,-7.60313,0.0
-6.00247,-7.50309,0.0
-6.00247,-7.40305,0.0
-6.00247,-7.30301,0.0
-6.00247,-7.20297,0.0
-6.00247,-7.10293,0.0
-6.00247,-7.00289,0.0
-6.00247,-6.90284,0.0
-6.00247,-6.8028,0.0
-6.00247,-6.70276,0.0
-6.00247,-6.60272,0.0
-6.00247,-6.50268,0.0
-6.00247,-6.40264,0.0
-6.00247,-6.3026,0.0
-6.00247,-6.20256,0.0
-6.00247,-6.10251,0.0
-6.00247,-6.00247,0.0
-6.00247,-5.90243,0.0
-6.00247,-5.80239,0.0
-6.00247,-5.70235,0.0
-6.00247,-5.60231,0.0
-6.00247,-5.50227,0.0
-6.00247,-5.40223,0.0
-6.00247,-5.30218,0.0
-6.00247,-5.20214,0.0
-6.00247,-5.1021,0.0
-6.00247,-5.00206,0.0
-6.00247,-4.90202,0.0
-6.00247,-4.80198,0.0
-6.00247,-4.70194,0.0
-6.00247,-4.6019,0.0
-6.00247,-4.50185,0.0
-6.00247,-4.40181,0.0
-6.00247,-4.30177,0.0
-6.00247,-4.20173,0.0
-6.00247,-4.10169,0.0
-6.00247,-4.00165,0.0
-6.00247,-3.90161,0.0
-6.00247,-3.80157,0.0
-6.00247,-3.70152,0.0
-6.00247,-3.60148,0.0
-6.00247,-3.50144,0.0
-6.00247,-3.4014,0.0
-6.00247,-3.30136,0.0
-6.00247,-3.20132,0.0
-6.00247,-3.10128,0.0
-6.00247,-3.00124,0.0
-6.00247,-2.9012,0.0
-6.00247,-2.80115,0.0
-6.00247,-2.70111,0.0
-6.00247,-2.60107,0.0
-6.00247,-2.50103,0.0
-6.00247,-2.40099,0.0
-6.00247,-2.30095,0.0
-6.00247,-2.20091,0.0
-6.00247,-2.10087,0.0
-6.00247,-2.00082,0.0
-6.00247,-1.90078,0.0
-6.00247,-1.80074,0.0
-6.00247,-1.7007,0.0
-6.00247,-1.60066,0.0
-6.00247,-1.50062,0.0
-6.00247,-1.40058,0.0
-6.00247,-1.30054,0.0
-6.00247,-1.20049,0.0
-6.00247,-1.10045,0.0
-6.00247,-1.00041,0.0
-6.00247,-0.90037,0.0
-6.00247,-0.80033,0.0
-6.00247,-0.70029,0.0
-6.00247,-0.60025,0.0
-6.00247,-0.50021,0.0
-6.00247,-0.40016,0.0
-6.00247,-0.30012,0.0
-6.00247,-0.20008,0.0
-6.00247,-0.10004,0.0
-6.00247,0,0.0
-6.00247,0.10004,0.0
-6.00247,0.20008,0.0
-6.00247,0.30012,0.0
-6.00247,0.40016,0.0
-6.00247,0.50021,0.0
-6.00247,0.60025,0.0
-6.00247,0.70029,0.0
-6.00247,0.80033,0.0
-6.00247,0.90037,0.0
-6.00247,1.00041,0.0
-6.00247,1.10045,0.0
-6.00247,1.20049,0.0
-6.00247,1.30054,0.0
-6.00247,1.40058,0.0
-6.00247,1.50062,0.0
-6.00247,1.60066,0.0
-6.00247,1.7007,0.0
-6.00247,1.80074,0.0
-6.00247,1.90078,0.0
-6.00247,2.00082,0.0
-6.00247,2.10087,0.0
-6.00247,2.20091,0.0
-6.00247,2.30095,0.0
-6.00247,2.40099,0.0
-6.00247,2.50103,0.0
-6.00247,2.60107,0.0
-6.00247,2.70111,0.0
-6.00247,2.80115,0.0
-6.00247,2.9012,0.0
-6.00247,3.00124,0.0
-6.00247,3.10128,0.0
-6.00247,3.20132,0.0
-6.00247,3.30136,0.0
-6.00247,3.4014,0.0
-6.00247,3.50144,0.0
-6.00247,3.60148,0.0
-6.00247,3.70152,0.0
-6.00247,3.80157,0.0
-6.00247,3.90161,0.0
-6.00247,4.00165,0.0
-6.00247,4.10169,0.0
-6.00247,4.20173,0.0
-6.00247,4.30177,0.0
-6.00247,4.40181,0.0
-6.00247,4.50185,0.0
-6.00247,4.6019,0.0
-6.00247,4.70194,0.0
-6.00247,4.80198,0.0
-6.00247,4.90202,0.0
-6.00247,5.00206,0.0
-6.00247,5.1021,0.0
-6.00247,5.20214,0.0
-6.00247,5.30218,0.0
-6.00247,5.40223,0.0
-6.00247,5.50227,0.0
-6.00247,5.60231,0.0
-6.00247,5.70235,0.0
-6.00247,5.80239,0.0
-6.00247,5.90243,0.0
-6.00247,6.00247,0.0
-6.00247,6.10251,0.0
-6.00247,6.20256,0.0
-6.00247,6.3026,0.0
-6.00247,6.40264,0.0
-6.00247,6.50268,0.0
-6.00247,6.60272,0.0
-6.00247,6.70276,0.0
-6.00247,6.8028,0.0
-6.00247,6.90284,0.0
-6.00247,7.00289,0.0
-6.00247,7.10293,0.0
-6.00247,7.20297,0.0
-6.00247,7.30301,0.0
-6.00247,7.40305,0.0
-6.00247,7.50309,0.0
-6.00247,7.60313,0.0
-6.00247,7.70317,0.0
-5.90243,-7.80321,0.0
-5.90243,-7.70317,0.0
-5.90243,-7.60313,0.0
-5.90243,-7.50309,0.0
-5.90243,-7.40305,0.0
-5.90243,-7.30301,0.0
-5.90243,-7.20297,0.0
-5.90243,-7.10293,0.0
-5.90243,-7.00289,0.0
-5.90243,-6.90284,0.0
-5.90243,-6.8028,0.0
-5.90243,-6.70276,0.0
-5.90243,-6.60272,0.0
-5.90243,-6.50268,0.0
-5.90243,-6.40264,0.0
-5.90243,-6.3026,0.0
-5.90243,-6.20256,0.0
-5.90243,-6.10251,0.0
-5.90243,-6.00247,0.0
-5.90243,-5.90243,0.0
-5.90243,-5.80239,0.0
-5.90243,-5.70235,0.0
-5.90243,-5.60231,0.0
-5.90243,-5.50227,0.0
-5.90243,-5.40223,0.0
-5.90243,-5.30218,0.0
-5.90243,-5.20214,0.0
-5.90243,-5.1021,0.0
-5.90243,-5.00206,0.0
-5.90243,-4.90202,0.0
-5.90243,-4.80198,0.0
-5.90243,-4.70194,0.0
-5.90243,-4.6019,0.0
-5.90243,-4.50185,0.0
-5.90243,-4.40181,0.0
-5.90243,-4.30177,0.0
-5.90243,-4.20173,0.0
-5.90243,-4.10169,0.0
-5.90243,-4.00165,0.0
-5.90243,-3.90161,0.0
-5.90243,-3.80157,0.0
-5.90243,-3.70152,0.0
-5.90243,-3.60148,0.0
-5.90243,-3.50144,0.0
-5.90243,-3.4014,0.0
-5.90243,-3.30136,0.0
-5.90243,-3.20132,0.0
-5.90243,-3.10128,0.0
-5.90243,-3.00124,0.0
-5.90243,-2.9012,0.0
-5.90243,-2.80115,0.0
-5.90243,-2.70111,0.0
-5.90243,-2.60107,0.0
-5.90243,-2.50103,0.0
-5.90243,-2.40099,0.0
-5.90243,-2.30095,0.0
-5.90243,-2.20091,0.0
-5.90243,-2.10087,0.0
-5.90243,-2.00082,0.0
-5.90243,-1.90078,0.0
-5.90243,-1.80074,0.0
-5.90243,-1.7007,0.0
-5.90243,-1.60066,0.0
-5.90243,-1.50062,0.0
-5.90243,-1.40058,0.0
-5.90243,-1.30054,0.0
-5.90243,-1.20049,0.0
-5.90243,-1.10045,0.0
-5.90243,-1.00041,0.0
-5.90243,-0.90037,0.0
-5.90243,-0.80033,0.0
-5.90243,-0.70029,0.0
-5.90243,-0.60025,0.0
-5.90243,-0.50021,0.0
-5.90243,-0.40016,0.0
-5.90243,-0.30012,0.0
-5.90243,-0.20008,0.0
-5.90243,-0.10004,0.0
-5.90243,0,0.0
-5.90243,0.10004,0.0
-5.90243,0.20008,0.0
-5.90243,0.30012,0.0
-5.90243,0.40016,0.0
-5.90243,0.50021,0.0
-5.90243,0.60025,0.0
-5.90243,0.70029,0.0
-5.90243,0.80033,0.0
-5.90243,0.90037,0.0
-5.90243,1.00041,0.0
-5.90243,1.10045,0.0
-5.90243,1.20049,0.0
-5.90243,1.30054,0.0
-5.90243,1.40058,0.0
-5.90243,1.50062,0.0
-5.90243,1.60066,0.0
-5.90243,1.7007,0.0
-5.90243,1.80074,0.0
-5.90243,1.90078,0.0
-5.90243,2.00082,0.0
-5.90243,2.10087,0.0
-5.90243,2.20091,0.0
-5.90243,2.30095,0.0
-5.90243,2.40099,0.0
-5.90243,2.50103,0.0
-5.90243,2.60107,0.0
-5.90243,2.70111,0.0
-5.90243,2.80115,0.0
-5.90243,2.9012,0.0
-5.90243,3.00124,0.0
-5.90243,3.10128,0.0
-5.90243,3.20132,0.0
-5.90243,3.30136,0.0
-5.90243,3.4014,0.0
-5.90243,3.50144,0.0
-5.90243,3.60148,0.0
-5.90243,3.70152,0.0
-5.90243,3.80157,0.0
-5.90243,3.90161,0.0
-5.90243,4.00165,0.0
-5.90243,4.10169,0.0
-5.90243,4.20173,0.0
-5.90243,4.30177,0.0
-5.90243,4.40181,0.0
-5.90243,4.50185,0.0
-5.90243,4.6019,0.0
-5.90243,4.70194,0.0
-5.90243,4.80198,0.0
-5.90243,4.90202,0.0
-5.90243,5.00206,0.0
-5.90243,5.1021,0.0
-5.90243,5.20214,0.0
-5.90243,5.30218,0.0
-5.90243,5.40223,0.0
-5.90243,5.50227,0.0
-5.90243,5.60231,0.0
-5.90243,5.70235,0.0
-5.90243,5.80239,0.0
-5.90243,5.90243,0.0
-5.90243,6.00247,0.0
-5.90243,6.10251,0.0
-5.90243,6.20256,0.0
-5.90243,6.3026,0.0
-5.90243,6.40264,0.0
-5.90243,6.50268,0.0
-5.90243,6.60272,0.0
-5.90243,6.70276,0.0
-5.90243,6.8028,0.0
-5.90243,6.90284,0.0
-5.90243,7.00289,0.0
-5.90243,7.10293,0.0
-5.90243,7.20297,0.0
-5.90243,7.30301,0.0
-5.90243,7.40305,0.0
-5.90243,7.50309,0.0
-5.90243,7.60313,0.0
-5.90243,7.70317,0.0
-5.90243,7.80321,0.0
-5.80239,-7.80321,0.0
-5.80239,-7.70317,0.0
-5.80239,-7.60313,0.0
-5.80239,-7.50309,0.0
-5.80239,-7.40305,0.0
-5.80239,-7.30301,0.0
-5.80239,-7.20297,0.0
-5.80239,-7.10293,0.0
-5.80239,-7.00289,0.0
-5.80239,-6.90284,0.0
-5.80239,-6.8028,0.0
-5.80239,-6.70276,0.0
-5.80239,-6.60272,0.0
-5.80239,-6.50268,0.0
-5.80239,-6.40264,0.0
-5.80239,-6.3026,0.0
-5.80239,-6.20256,0.0
-5.80239,-6.10251,0.0
-5.80239,-6.00247,0.0
-5.80239,-5.90243,0.0
-5.80239,-5.80239,0.0
-5.80239,-5.70235,0.0
-5.80239,-5.60231,0.0
-5.80239,-5.50227,0.0
-5.80239,-5.40223,0.0
-5.80239,-5.30218,0.0
-5.80239,-5.20214,0.0
-5.80239,-5.1021,0.0
-5.80239,-5.00206,0.0
-5.80239,-4.90202,0.0
-5.80239,-4.80198,0.0
-5.80239,-4.70194,0.0
-5.80239,-4.6019,0.0
-5.80239,-4.50185,0.0
-5.80239,-4.40181,0.0
-5.80239,-4.30177,0.0
-5.80239,-4.20173,0.0
-5.80239,-4.10169,0.0
-5.80239,-4.00165,0.0
-5.80239,-3.90161,0.0
-5.80239,-3.80157,0.0
-5.80239,-3.70152,0.0
-5.80239,-3.60148,0.0
-5.80239,-3.50144,0.0
-5.80239,-3.4014,0.0
-5.80239,-3.30136,0.0
-5.80239,-3.20132,0.0
-5.80239,-3.10128,0.0
-5.80239,-3.00124,0.0
-5.80239,-2.9012,0.0
-5.80239,-2.80115,0.0
-5.80239,-2.70111,0.0
-5.80239,-2.60107,0.0
-5.80239,-2.50103,0.0
-5.80239,-2.40099,0.0
-5.80239,-2.30095,0.0
-5.80239,-2.20091,0.0
-5.80239,-2.10087,0.0
-5.80239,-2.00082,0.0
-5.80239,-1.90078,0.0
-5.80239,-1.80074,0.0
-5.80239,-1.7007,0.0
-5.80239,-1.60066,0.0
-5.80239,-1.50062,0.0
-5.80239,-1.40058,0.0
-5.80239,-1.30054,0.0
-5.80239,-1.20049,0.0
-5.80239,-1.10045,0.0
-5.80239,-1.00041,0.0
-5.80239,-0.90037,0.0
-5.80239,-0.80033,0.0
-5.80239,-0.70029,0.0
-5.80239,-0.60025,0.0
-5.80239,-0.50021,0.0
-5.80239,-0.40016,0.0
-5.80239,-0.30012,0.0
-5.80239,-0.20008,0.0
-5.80239,-0.10004,0.0
-5.80239,0,0.0
-5.80239,0.10004,0.0
-5.80239,0.20008,0.0
-5.80239,0.30012,0.0
-5.80239,0.40016,0.0
-5.80239,0.50021,0.0
-5.80239,0.60025,0.0
-5.80239,0.70029,0.0
-5.80239,0.80033,0.0
-5.80239,0.90037,0.0
-5.80239,1.00041,0.0
-5.80239,1.10045,0.0
-5.80239,1.20049,0.0
-5.80239,1.30054,0.0
-5.80239,1.40058,0.0
-5.80239,1.50062,0.0
-5.80239,1.60066,0.0
-5.80239,1.7007,0.0
-5.80239,1.80074,0.0
-5.80239,1.90078,0.0
-5.80239,2.00082,0.0
-5.80239,2.10087,0.0
-5.80239,2.20091,0.0
-5.80239,2.30095,0.0
-5.80239,2.40099,0.0
-5.80239,2.50103,0.0
-5.80239,2.60107,0.0
-5.80239,2.70111,0.0
-5.80239,2.80115,0.0
-5.80239,2.9012,0.0
-5.80239,3.00124,0.0
-5.80239,3.10128,0.0
-5.80239,3.20132,0.0
-5.80239,3.30136,0.0
-5.80239,3.4014,0.0
-5.80239,3.50144,0.0
-5.80239,3.60148,0.0
-5.80239,3.70152,0.0
-5.80239,3.80157,0.0
-5.80239,3.90161,0.0
-5.80239,4.00165,0.0
-5.80239,4.10169,0.0
-5.80239,4.20173,0.0
-5.80239,4.30177,0.0
-5.80239,4.40181,0.0
-5.80239,4.50185,0.0
-5.80239,4.6019,0.0
-5.80239,4.70194,0.0
-5.80239,4.80198,0.0
-5.80239,4.90202,0.0
-5.80239,5.00206,0.0
-5.80239,5.1021,0.0
-5.80239,5.20214,0.0
-5.80239,5.30218,0.0
-5.80239,5.40223,0.0
-5.80239,5.50227,0.0
-5.80239,5.60231,0.0
-5.80239,5.70235,0.0
-5.80239,5.80239,0.0
-5.80239,5.90243,0.0
-5.80239,6.00247,0.0
-5.80239,6.10251,0.0
-5.80239,6.20256,0.0
-5.80239,6.3026,0.0
-5.80239,6.40264,0.0
-5.80239,6.50268,0.0
-5.80239,6.60272,0.0
-5.80239,6.70276,0.0
-5.80239,6.8028,0.0
-5.80239,6.90284,0.0
-5.80239,7.00289,0.0
-5.80239,7.10293,0.0
-5.80239,7.20297,0.0
-5.80239,7.30301,0.0
-5.80239,7.40305,0.0
-5.80239,7.50309,0.0
-5.80239,7.60313,0.0
-5.80239,7.70317,0.0
-5.80239,7.80321,0.0
-5.70235,-7.90326,0.0
-5.70235,-7.80321,0.0
-5.70235,-7.70317,0.0
-5.70235,-7.60313,0.0
-5.70235,-7.50309,0.0
-5.70235,-7.40305,0.0
-5.70235,-7.30301,0.0
-5.70235,-7.20297,0.0
-5.70235,-7.10293,0.0
-5.70235,-7.00289,0.0
-5.70235,-6.90284,0.0
-5.70235,-6.8028,0.0
-5.70235,-6.70276,0.0
-5.70235,-6.60272,0.0
-5.70235,-6.50268,0.0
-5.70235,-6.40264,0.0
-5.70235,-6.3026,0.0
-5.70235,-6.20256,0.0
-5.70235,-6.10251,0.0
-5.70235,-6.00247,0.0
-5.70235,-5.90243,0.0
-5.70235,-5.80239,0.0
-5.70235,-5.70235,0.0
-5.70235,-5.60231,0.0
-5.70235,-5.50227,0.0
-5.70235,-5.40223,0.0
-5.70235,-5.30218,0.0
-5.70235,-5.20214,0.0
-5.70235,-5.1021,0.0
-5.70235,-5.00206,0.0
-5.70235,-4.90202,0.0
-5.70235,-4.80198,0.0
-5.70235,-4.70194,0.0
-5.70235,-4.6019,0.0
-5.70235,-4.50185,0.0
-5.70235,-4.40181,0.0
-5.70235,-4.30177,0.0
-5.70235,-4.20173,0.0
-5.70235,-4.10169,0.0
-5.70235,-4.00165,0.0
-5.70235,-3.90161,0.0
-5.70235,-3.80157,0.0
-5.70235,-3.70152,0.0
-5.70235,-3.60148,0.0
-5.70235,-3.50144,0.0
-5.70235,-3.4014,0.0
-5.70235,-3.30136,0.0
-5.70235,-3.20132,0.0
-5.70235,-3.10128,0.0
-5.70235,-3.00124,0.0
-5.70235,-2.9012,0.0
-5.70235,-2.80115,0.0
-5.70235,-2.70111,0.0
-5.70235,-2.60107,0.0
-5.70235,-2.50103,0.0
-5.70235,-2.40099,0.0
-5.70235,-2.30095,0.0
-5.70235,-2.20091,0.0
-5.70235,-2.10087,0.0
-5.70235,-2.00082,0.0
-5.70235,-1.90078,0.0
-5.70235,-1.80074,0.0
-5.70235,-1.7007,0.0
-5.70235,-1.60066,0.0
-5.70235,-1.50062,0.0
-5.70235,-1.40058,0.0
-5.70235,-1.30054,0.0
-5.70235,-1.20049,0.0
-5.70235,-1.10045,0.0
-5.70235,-1.00041,0.0
-5.70235,-0.90037,0.0
-5.70235,-0.80033,0.0
-5.70235,-0.70029,0.0
-5.70235,-0.60025,0.0
-5.70235,-0.50021,0.0
-5.70235,-0.40016,0.0
-5.70235,-0.30012,0.0
-5.70235,-0.20008,0.0
-5.70235,-0.10004,0.0
-5.70235,0,0.0
-5.70235,0.10004,0.0
-5.70235,0.20008,0.0
-5.70235,0.30012,0.0
-5.70235,0.40016,0.0
-5.70235,0.50021,0.0
-5.70235,0.60025,0.0
-5.70235,0.70029,0.0
-5.70235,0.80033,0.0
-5.70235,0.90037,0.0
-5.70235,1.00041,0.0
-5.70235,1.10045,0.0
-5.70235,1.20049,0.0
-5.70235,1.30054,0.0
-5.70235,1.40058,0.0
-5.70235,1.50062,0.0
-5.70235,1.60066,0.0
-5.70235,1.7007,0.0
-5.70235,1.80074,0.0
-5.70235,1.90078,0.0
-5.70235,2.00082,0.0
-5.70235,2.10087,0.0
-5.70235,2.20091,0.0
-5.70235,2.30095,0.0
-5.70235,2.40099,0.0
-5.70235,2.50103,0.0
-5.70235,2.60107,0.0
-5.70235,2.70111,0.0
-5.70235,2.80115,0.0
-5.70235,2.9012,0.0
-5.70235,3.00124,0.0
-5.70235,3.10128,0.0
-5.70235,3.20132,0.0
-5.70235,3.30136,0.0
-5.70235,3.4014,0.0
-5.70235,3.50144,0.0
-5.70235,3.60148,0.0
-5.70235,3.70152,0.0
-5.70235,3.80157,0.0
-5.70235,3.90161,0.0
-5.70235,4.00165,0.0
-5.70235,4.10169,0.0
-5.70235,4.20173,0.0
-5.70235,4.30177,0.0
-5.70235,4.40181,0.0
-5.70235,4.50185,0.0
-5.70235,4.6019,0.0
-5.70235,4.70194,0.0
-5.70235,4.80198,0.0
-5.70235,4.90202,0.0
-5.70235,5.00206,0.0
-5.70235,5.1021,0.0
-5.70235,5.20214,0.0
-5.70235,5.30218,0.0
-5.70235,5.40223,0.0
-5.70235,5.50227,0.0
-5.70235,5.60231,0.0
-5.70235,5.70235,0.0
-5.70235,5.80239,0.0
-5.70235,5.90243,0.0
-5.70235,6.00247,0.0
-5.70235,6.10251,0.0
-5.70235,6.20256,0.0
-5.70235,6.3026,0.0
-5.70235,6.40264,0.0
-5.70235,6.50268,0.0
-5.70235,6.60272,0.0
-5.70235,6.70276,0.0
-5.70235,6.8028,0.0
-5.70235,6.90284,0.0
-5.70235,7.00289,0.0
-5.70235,7.10293,0.0
-5.70235,7.20297,0.0
-5.70235,7.30301,0.0
-5.70235,7.40305,0.0
-5.70235,7.50309,0.0
-5.70235,7.60313,0.0
-5.70235,7.70317,0.0
-5.70235,7.80321,0.0
-5.70235,7.90326,0.0
-5.60231,-8.0033,0.0
-5.60231,-7.90326,0.0
-5.60231,-7.80321,0.0
-5.60231,-7.70317,0.0
-5.60231,-7.60313,0.0
-5.60231,-7.50309,0.0
-5.60231,-7.40305,0.0
-5.60231,-7.30301,0.0
-5.60231,-7.20297,0.0
-5.60231,-7.10293,0.0
-5.60231,-7.00289,0.0
-5.60231,-6.90284,0.0
-5.60231,-6.8028,0.0
-5.60231,-6.70276,0.0
-5.60231,-6.60272,0.0
-5.60231,-6.50268,0.0
-5.60231,-6.40264,0.0
-5.60231,-6.3026,0.0
-5.60231,-6.20256,0.0
-5.60231,-6.10251,0.0
-5.60231,-6.00247,0.0
-5.60231,-5.90243,0.0
-5.60231,-5.80239,0.0
-5.60231,-5.70235,0.0
-5.60231,-5.60231,0.0
-5.60231,-5.50227,0.0
-5.60231,-5.40223,0.0
-5.60231,-5.30218,0.0
-5.60231,-5.20214,0.0
-5.60231,-5.1021,0.0
-5.60231,-5.00206,0.0
-5.60231,-4.90202,0.0
-5.60231,-4.80198,0.0
-5.60231,-4.70194,0.0
-5.60231,-4.6019,0.0
-5.60231,-4.50185,0.0
-5.60231,-4.40181,0.0
-5.60231,-4.30177,0.0
-5.60231,-4.20173,0.0
-5.60231,-4.10169,0.0
-5.60231,-4.00165,0.0
-5.60231,-3.90161,0.0
-5.60231,-3.80157,0.0
-5.60231,-3.70152,0.0
-5.60231,-3.60148,0.0
-5.60231,-3.50144,0.0
-5.60231,-3.4014,0.0
-5.60231,-3.30136,0.0
-5.60231,-3.20132,0.0
-5.60231,-3.10128,0.0
-5.60231,-3.00124,0.0
-5.60231,-2.9012,0.0
-5.60231,-2.80115,0.0
-5.60231,-2.70111,0.0
-5.60231,-2.60107,0.0
-5.60231,-2.50103,0.0
-5.60231,-2.40099,0.0
-5.60231,-2.30095,0.0
-5.60231,-2.20091,0.0
-5.60231,-2.10087,0.0
-5.60231,-2.00082,0.0
-5.60231,-1.90078,0.0
-5.60231,-1.80074,0.0
-5.60231,-1.7007,0.0
-5.60231,-1.60066,0.0
-5.60231,-1.50062,0.0
-5.60231,-1.40058,0.0
-5.60231,-1.30054,0.0
-5.60231,-1.20049,0.0
-5.60231,-1.10045,0.0
-5.60231,-1.00041,0.0
-5.60231,-0.90037,0.0
-5.60231,-0.80033,0.0
-5.60231,-0.70029,0.0
-5.60231,-0.60025,0.0
-5.60231,-0.50021,0.0
-5.60231,-0.40016,0.0
-5.60231,-0.30012,0.0
-5.60231,-0.20008,0.0
-5.60231,-0.10004,0.0
-5.60231,0,0.0
-5.60231,0.10004,0.0
-5.60231,0.20008,0.0
-5.60231,0.30012,0.0
-5.60231,0.40016,0.0
-5.60231,0.50021,0.0
-5.60231,0.60025,0.0
-5.60231,0.70029,0.0
-5.60231,0.80033,0.0
-5.60231,0.90037,0.0
-5.60231,1.00041,0.0
-5.60231,1.10045,0.0
-5.60231,1.20049,0.0
-5.60231,1.30054,0.0
-5.60231,1.40058,0.0
-5.60231,1.50062,0.0
-5.60231,1.60066,0.0
-5.60231,1.7007,0.0
-5.60231,1.80074,0.0
-5.60231,1.90078,0.0
-5.60231,2.00082,0.0
-5.60231,2.10087,0.0
-5.60231,2.20091,0.0
-5.60231,2.30095,0.0
-5.60231,2.40099,0.0
-5.60231,2.50103,0.0
-5.60231,2.60107,0.0
-5.60231,2.70111,0.0
-5.60231,2.80115,0.0
-5.60231,2.9012,0.0
-5.60231,3.00124,0.0
-5.60231,3.10128,0.0
-5.60231,3.20132,0.0
-5.60231,3.30136,0.0
-5.60231,3.4014,0.0
-5.60231,3.50144,0.0
-5.60231,3.60148,0.0
-5.60231,3.70152,0.0
-5.60231,3.80157,0.0
-5.60231,3.90161,0.0
-5.60231,4.00165,0.0
-5.60231,4.10169,0.0
-5.60231,4.20173,0.0
-5.60231,4.30177,0.0
-5.60231,4.40181,0.0
-5.60231,4.50185,0.0
-5.60231,4.6019,0.0
-5.60231,4.70194,0.0
-5.60231,4.80198,0.0
-5.60231,4.90202,0.0
-5.60231,5.00206,0.0
-5.60231,5.1021,0.0
-5.60231,5.20214,0.0
-5.60231,5.30218,0.0
-5.60231,5.40223,0.0
-5.60231,5.50227,0.0
-5.60231,5.60231,0.0
-5.60231,5.70235,0.0
-5.60231,5.80239,0.0
-5.60231,5.90243,0.0
-5.60231,6.00247,0.0
-5.60231,6.10251,0.0
-5.60231,6.20256,0.0
-5.60231,6.3026,0.0
-5.60231,6.40264,0.0
-5.60231,6.50268,0.0
-5.60231,6.60272,0.0
-5.60231,6.70276,0.0
-5.60231,6.8028,0.0
-5.60231,6.90284,0.0
-5.60231,7.00289,0.0
-5.60231,7.10293,0.0
-5.60231,7.20297,0.0
-5.60231,7.30301,0.0
-5.60231,7.40305,0.0
-5.60231,7.50309,0.0
-5.60231,7.60313,0.0
-5.60231,7.70317,0.0
-5.60231,7.80321,0.0
-5.60231,7.90326,0.0
-5.60231,8.0033,0.0
-5.50227,-8.10334,0.0
-5.50227,-8.0033,0.0
-5.50227,-7.90326,0.0
-5.50227,-7.80321,0.0
-5.50227,-7.70317,0.0
-5.50227,-7.60313,0.0
-5.50227,-7.50309,0.0
-5.50227,-7.40305,0.0
-5.50227,-7.30301,0.0
-5.50227,-7.20297,0.0
-5.50227,-7.10293,0.0
-5.50227,-7.00289,0.0
-5.50227,-6.90284,0.0
-5.50227,-6.8028,0.0
-5.50227,-6.70276,0.0
-5.50227,-6.60272,0.0
-5.50227,-6.50268,0.0
-5.50227,-6.40264,0.0
-5.50227,-6.3026,0.0
-5.50227,-6.20256,0.0
-5.50227,-6.10251,0.0
-5.50227,-6.00247,0.0
-5.50227,-5.90243,0.0
-5.50227,-5.80239,0.0
-5.50227,-5.70235,0.0
-5.50227,-5.60231,0.0
-5.50227,-5.50227,0.0
-5.50227,-5.40223,0.0
-5.50227,-5.30218,0.0
-5.50227,-5.20214,0.0
-5.50227,-5.1021,0.0
-5.50227,-5.00206,0.0
-5.50227,-4.90202,0.0
-5.50227,-4.80198,0.0
-5.50227,-4.70194,0.0
-5.50227,-4.6019,0.0
-5.50227,-4.50185,0.0
-5.50227,-4.40181,0.0
-5.50227,-4.30177,0.0
-5.50227,-4.20173,0.0
-5.50227,-4.10169,0.0
-5.50227,-4.00165,0.0
-5.50227,-3.90161,0.0
-5.50227,-3.80157,0.0
-5.50227,-3.70152,0.0
-5.50227,-3.60148,0.0
-5.50227,-3.50144,0.0
-5.50227,-3.4014,0.0
-5.50227,-3.30136,0.0
-5.50227,-3.20132,0.0
-5.50227,-3.10128,0.0
-5.50227,-3.00124,0.0
-5.50227,-2.9012,0.0
-5.50227,-2.80115,0.0
-5.50227,-2.70111,0.0
-5.50227,-2.60107,0.0
-5.50227,-2.50103,0.0
-5.50227,-2.40099,0.0
-5.50227,-2.30095,0.0
-5.50227,-2.20091,0.0
-5.50227,-2.10087,0.0
-5.50227,-2.00082,0.0
-5.50227,-1.90078,0.0
-5.50227,-1.80074,0.0
-5.50227,-1.7007,0.0
-5.50227,-1.60066,0.0
-5.50227,-1.50062,0.0
-5.50227,-1.40058,0.0
-5.50227,-1.30054,0.0
-5.50227,-1.20049,0.0
-5.50227,-1.10045,0.0
-5.50227,-1.00041,0.0
-5.50227,-0.90037,0.0
-5.50227,-0.80033,0.0
-5.50227,-0.70029,0.0
-5.50227,-0.60025,0.0
-5.50227,-0.50021,0.0
-5.50227,-0.40016,0.0
-5.50227,-0.30012,0.0
-5.50227,-0.20008,0.0
-5.50227,-0.10004,0.0
-5.50227,0,0.0
-5.50227,0.10004,0.0
-5.50227,0.20008,0.0
-5.50227,0.30012,0.0
-5.50227,0.40016,0.0
-5.50227,0.50021,0.0
-5.50227,0.60025,0.0
-5.50227,0.70029,0.0
-5.50227,0.80033,0.0
-5.50227,0.90037,0.0
-5.50227,1.00041,0.0
-5.50227,1.10045,0.0
-5.50227,1.20049,0.0
-5.50227,1.30054,0.0
-5.50227,1.40058,0.0
-5.50227,1.50062,0.0
-5.50227,1.60066,0.0
-5.50227,1.7007,0.0
-5.50227,1.80074,0.0
-5.50227,1.90078,0.0
-5.50227,2.00082,0.0
-5.50227,2.10087,0.0
-5.50227,2.20091,0.0
-5.50227,2.30095,0.0
-5.50227,2.40099,0.0
-5.50227,2.50103,0.0
-5.50227,2.60107,0.0
-5.50227,2.70111,0.0
-5.50227,2.80115,0.0
-5.50227,2.9012,0.0
-5.50227,3.00124,0.0
-5.50227,3.10128,0.0
-5.50227,3.20132,0.0
-5.50227,3.30136,0.0
-5.50227,3.4014,0.0
-5.50227,3.50144,0.0
-5.50227,3.60148,0.0
-5.50227,3.70152,0.0
-5.50227,3.80157,0.0
-5.50227,3.90161,0.0
-5.50227,4.00165,0.0
-5.50227,4.10169,0.0
-5.50227,4.20173,0.0
-5.50227,4.30177,0.0
-5.50227,4.40181,0.0
-5.50227,4.50185,0.0
-5.50227,4.6019,0.0
-5.50227,4.70194,0.0
-5.50227,4.80198,0.0
-5.50227,4.90202,0.0
-5.50227,5.00206,0.0
-5.50227,5.1021,0.0
-5.50227,5.20214,0.0
-5.50227,5.30218,0.0
-5.50227,5.40223,0.0
-5.50227,5.50227,0.0
-5.50227,5.60231,0.0
-5.50227,5.70235,0.0
-5.50227,5.80239,0.0
-5.50227,5.90243,0.0
-5.50227,6.00247,0.0
-5.50227,6.10251,0.0
-5.50227,6.20256,0.0
-5.50227,6.3026,0.0
-5.50227,6.40264,0.0
-5.50227,6.50268,0.0
-5.50227,6.60272,0.0
-5.50227,6.70276,0.0
-5.50227,6.8028,0.0
-5.50227,6.90284,0.0
-5.50227,7.00289,0.0
-5.50227,7.10293,0.0
-5.50227,7.20297,0.0
-5.50227,7.30301,0.0
-5.50227,7.40305,0.0
-5.50227,7.50309,0.0
-5.50227,7.60313,0.0
-5.50227,7.70317,0.0
-5.50227,7.80321,0.0
-5.50227,7.90326,0.0
-5.50227,8.0033,0.0
-5.50227,8.10334,0.0
-5.40223,-8.10334,0.0
-5.40223,-8.0033,0.0
-5.40223,-7.90326,0.0
-5.40223,-7.80321,0.0
-5.40223,-7.70317,0.0
-5.40223,-7.60313,0.0
-5.40223,-7.50309,0.0
-5.40223,-7.40305,0.0
-5.40223,-7.30301,0.0
-5.40223,-7.20297,0.0
-5.40223,-7.10293,0.0
-5.40223,-7.00289,0.0
-5.40223,-6.90284,0.0
-5.40223,-6.8028,0.0
-5.40223,-6.70276,0.0
-5.40223,-6.60272,0.0
-5.40223,-6.50268,0.0
-5.40223,-6.40264,0.0
-5.40223,-6.3026,0.0
-5.40223,-6.20256,0.0
-5.40223,-6.10251,0.0
-5.40223,-6.00247,0.0
-5.40223,-5.90243,0.0
-5.40223,-5.80239,0.0
-5.40223,-5.70235,0.0
-5.40223,-5.60231,0.0
-5.40223,-5.50227,0.0
-5.40223,-5.40223,0.0
-5.40223,-5.30218,0.0
-5.40223,-5.20214,0.0
-5.40223,-5.1021,0.0
-5.40223,-5.00206,0.0
-5.40223,-4.90202,0.0
-5.40223,-4.80198,0.0
-5.40223,-4.70194,0.0
-5.40223,-4.6019,0.0
-5.40223,-4.50185,0.0
-5.40223,-4.40181,0.0
-5.40223,-4.30177,0.0
-5.40223,-4.20173,0.0
-5.40223,-4.10169,0.0
-5.40223,-4.00165,0.0
-5.40223,-3.90161,0.0
-5.40223,-3.80157,0.0
-5.40223,-3.70152,0.0
-5.40223,-3.60148,0.0
-5.40223,-3.50144,0.0
-5.40223,-3.4014,0.0
-5.40223,-3.30136,0.0
-5.40223,-3.20132,0.0
-5.40223,-3.10128,0.0
-5.40223,-3.00124,0.0
-5.40223,-2.9012,0.0
-5.40223,-2.80115,0.0
-5.40223,-2.70111,0.0
-5.40223,-2.60107,0.0
-5.40223,-2.50103,0.0
-5.40223,-2.40099,0.0
-5.40223,-2.30095,0.0
-5.40223,-2.20091,0.0
-5.40223,-2.10087,0.0
-5.40223,-2.00082,0.0
-5.40223,-1.90078,0.0
-5.40223,-1.80074,0.0
-5.40223,-1.7007,0.0
-5.40223,-1.60066,0.0
-5.40223,-1.50062,0.0
-5.40223,-1.40058,0.0
-5.40223,-1.30054,0.0
-5.40223,-1.20049,0.0
-5.40223,-1.10045,0.0
-5.40223,-1.00041,0.0
-5.40223,-0.90037,0.0
-5.40223,-0.80033,0.0
-5.40223,-0.70029,0.0
-5.40223,-0.60025,0.0
-5.40223,-0.50021,0.0
-5.40223,-0.40016,0.0
-5.40223,-0.30012,0.0
-5.40223,-0.20008,0.0
-5.40223,-0.10004,0.0
-5.40223,0,0.0
-5.40223,0.10004,0.0
-5.40223,0.20008,0.0
-5.40223,0.30012,0.0
-5.40223,0.40016,0.0
-5.40223,0.50021,0.0
-5.40223,0.60025,0.0
-5.40223,0.70029,0.0
-5.40223,0.80033,0.0
-5.40223,0.90037,0.0
-5.40223,1.00041,0.0
-5.40223,1.10045,0.0
-5.40223,1.20049,0.0
-5.40223,1.30054,0.0
-5.40223,1.40058,0.0
-5.40223,1.50062,0.0
-5.40223,1.60066,0.0
-5.40223,1.7007,0.0
-5.40223,1.80074,0.0
-5.40223,1.90078,0.0
-5.40223,2.00082,0.0
-5.40223,2.10087,0.0
-5.40223,2.20091,0.0
-5.40223,2.30095,0.0
-5.40223,2.40099,0.0
-5.40223,2.50103,0.0
-5.40223,2.60107,0.0
-5.40223,2.70111,0.0
-5.40223,2.80115,0.0
-5.40223,2.9012,0.0
-5.40223,3.00124,0.0
-5.40223,3.10128,0.0
-5.40223,3.20132,0.0
-5.40223,3.30136,0.0
-5.40223,3.4014,0.0
-5.40223,3.50144,0.0
-5.40223,3.60148,0.0
-5.40223,3.70152,0.0
-5.40223,3.80157,0.0
-5.40223,3.90161,0.0
-5.40223,4.00165,0.0
-5.40223,4.10169,0.0
-5.40223,4.20173,0.0
-5.40223,4.30177,0.0
-5.40223,4.40181,0.0
-5.40223,4.50185,0.0
-5.40223,4.6019,0.0
-5.40223,4.70194,0.0
-5.40223,4.80198,0.0
-5.40223,4.90202,0.0
-5.40223,5.00206,0.0
-5.40223,5.1021,0.0
-5.40223,5.20214,0.0
-5.40223,5.30218,0.0
-5.40223,5.40223,0.0
-5.40223,5.50227,0.0
-5.40223,5.60231,0.0
-5.40223,5.70235,0.0
-5.40223,5.80239,0.0
-5.40223,5.90243,0.0
-5.40223,6.00247,0.0
-5.40223,6.10251,0.0
-5.40223,6.20256,0.0
-5.40223,6.3026,0.0
-5.40223,6.40264,0.0
-5.40223,6.50268,0.0
-5.40223,6.60272,0.0
-5.40223,6.70276,0.0
-5.40223,6.8028,0.0
-5.40223,6.90284,0.0
-5.40223,7.00289,0.0
-5.40223,7.10293,0.0
-5.40223,7.20297,0.0
-5.40223,7.30301,0.0
-5.40223,7.40305,0.0
-5.40223,7.50309,0.0
-5.40223,7.60313,0.0
-5.40223,7.70317,0.0
-5.40223,7.80321,0.0
-5.40223,7.90326,0.0
-5.40223,8.0033,0.0
-5.40223,8.10334,0.0
-5.30218,-8.20338,0.0
-5.30218,-8.10334,0.0
-5.30218,-8.0033,0.0
-5.30218,-7.90326,0.0
-5.30218,-7.80321,0.0
-5.30218,-7.70317,0.0
-5.30218,-7.60313,0.0
-5.30218,-7.50309,0.0
-5.30218,-7.40305,0.0
-5.30218,-7.30301,0.0
-5.30218,-7.20297,0.0
-5.30218,-7.10293,0.0
-5.30218,-7.00289,0.0
-5.30218,-6.90284,0.0
-5.30218,-6.8028,0.0
-5.30218,-6.70276,0.0
-5.30218,-6.60272,0.0
-5.30218,-6.50268,0.0
-5.30218,-6.40264,0.0
-5.30218,-6.3026,0.0
-5.30218,-6.20256,0.0
-5.30218,-6.10251,0.0
-5.30218,-6.00247,0.0
-5.30218,-5.90243,0.0
-5.30218,-5.80239,0.0
-5.30218,-5.70235,0.0
-5.30218,-5.60231,0.0
-5.30218,-5.50227,0.0
-5.30218,-5.40223,0.0
-5.30218,-5.30218,0.0
-5.30218,-5.20214,0.0
-5.30218,-5.1021,0.0
-5.30218,-5.00206,0.0
-5.30218,-4.90202,0.0
-5.30218,-4.80198,0.0
-5.30218,-4.70194,0.0
-5.30218,-4.6019,0.0
-5.30218,-4.50185,0.0
-5.30218,-4.40181,0.0
-5.30218,-4.30177,0.0
-5.30218,-4.20173,0.0
-5.30218,-4.10169,0.0
-5.30218,-4.00165,0.0
-5.30218,-3.90161,0.0
-5.30218,-3.80157,0.0
-5.30218,-3.70152,0.0
-5.30218,-3.60148,0.0
-5.30218,-3.50144,0.0
-5.30218,-3.4014,0.0
-5.30218,-3.30136,0.0
-5.30218,-3.20132,0.0
-5.30218,-3.10128,0.0
-5.30218,-3.00124,0.0
-5.30218,-2.9012,0.0
-5.30218,-2.80115,0.0
-5.30218,-2.70111,0.0
-5.30218,-2.60107,0.0
-5.30218,-2.50103,0.0
-5.30218,-2.40099,0.0
-5.30218,-2.30095,0.0
-5.30218,-2.20091,0.0
-5.30218,-2.10087,0.0
-5.30218,-2.00082,0.0
-5.30218,-1.90078,0.0
-5.30218,-1.80074,0.0
-5.30218,-1.7007,0.0
-5.30218,-1.60066,0.0
-5.30218,-1.50062,0.0
-5.30218,-1.40058,0.0
-5.30218,-1.30054,0.0
-5.30218,-1.20049,0.0
-5.30218,-1.10045,0.0
-5.30218,-1.00041,0.0
-5.30218,-0.90037,0.0
-5.30218,-0.80033,0.0
-5.30218,-0.70029,0.0
-5.30218,-0.60025,0.0
-5.30218,-0.50021,0.0
-5.30218,-0.40016,0.0
-5.30218,-0.30012,0.0
-5.30218,-0.20008,0.0
-5.30218,-0.10004,0.0
-5.30218,0,0.0
-5.30218,0.10004,0.0
-5.30218,0.20008,0.0
-5.30218,0.30012,0.0
-5.30218,0.40016,0.0
-5.30218,0.50021,0.0
-5.30218,0.60025,0.0
-5.30218,0.70029,0.0
-5.30218,0.80033,0.0
-5.30218,0.90037,0.0
-5.30218,1.00041,0.0
-5.30218,1.10045,0.0
-5.30218,1.20049,0.0
-5.30218,1.30054,0.0
-5.30218,1.40058,0.0
-5.30218,1.50062,0.0
-5.30218,1.60066,0.0
-5.30218,1.7007,0.0
-5.30218,1.80074,0.0
-5.30218,1.90078,0.0
-5.30218,2.00082,0.0
-5.30218,2.10087,0.0
-5.30218,2.20091,0.0
-5.30218,2.30095,0.0
-5.30218,2.40099,0.0
-5.30218,2.50103,0.0
-5.30218,2.60107,0.0
-5.30218,2.70111,0.0
-5.30218,2.80115,0.0
-5.30218,2.9012,0.0
-5.30218,3.00124,0.0
-5.30218,3.10128,0.0
-5.30218,3.20132,0.0
-5.30218,3.30136,0.0
-5.30218,3.4014,0.0
-5.30218,3.50144,0.0
-5.30218,3.60148,0.0
-5.30218,3.70152,0.0
-5.30218,3.80157,0.0
-5.30218,3.90161,0.0
-5.30218,4.00165,0.0
-5.30218,4.10169,0.0
-5.30218,4.20173,0.0
-5.30218,4.30177,0.0
-5.30218,4.40181,0.0
-5.30218,4.50185,0.0
-5.30218,4.6019,0.0
-5.30218,4.70194,0.0
-5.30218,4.80198,0.0
-5.30218,4.90202,0.0
-5.30218,5.00206,0.0
-5.30218,5.1021,0.0
-5.30218,5.20214,0.0
-5.30218,5.30218,0.0
-5.30218,5.40223,0.0
-5.30218,5.50227,0.0
-5.30218,5.60231,0.0
-5.30218,5.70235,0.0
-5.30218,5.80239,0.0
-5.30218,5.90243,0.0
-5.30218,6.00247,0.0
-5.30218,6.10251,0.0
-5.30218,6.20256,0.0
-5.30218,6.3026,0.0
-5.30218,6.40264,0.0
-5.30218,6.50268,0.0
-5.30218,6.60272,0.0
-5.30218,6.70276,0.0
-5.30218,6.8028,0.0
-5.30218,6.90284,0.0
-5.30218,7.00289,0.0
-5.30218,7.10293,0.0
-5.30218,7.20297,0.0
-5.30218,7.30301,0.0
-5.30218,7.40305,0.0
-5.30218,7.50309,0.0
-5.30218,7.60313,0.0
-5.30218,7.70317,0.0
-5.30218,7.80321,0.0
-5.30218,7.90326,0.0
-5.30218,8.0033,0.0
-5.30218,8.10334,0.0
-5.30218,8.20338,0.0
-5.20214,-8.30342,0.0
-5.20214,-8.20338,0.0
-5.20214,-8.10334,0.0
-5.20214,-8.0033,0.0
-5.20214,-7.90326,0.0
-5.20214,-7.80321,0.0
-5.20214,-7.70317,0.0
-5.20214,-7.60313,0.0
-5.20214,-7.50309,0.0
-5.20214,-7.40305,0.0
-5.20214,-7.30301,0.0
-5.20214,-7.20297,0.0
-5.20214,-7.10293,0.0
-5.20214,-7.00289,0.0
-5.20214,-6.90284,0.0
-5.20214,-6.8028,0.0
-5.20214,-6.70276,0.0
-5.20214,-6.60272,0.0
-5.20214,-6.50268,0.0
-5.20214,-6.40264,0.0
-5.20214,-6.3026,0.0
-5.20214,-6.20256,0.0
-5.20214,-6.10251,0.0
-5.20214,-6.00247,0.0
-5.20214,-5.90243,0.0
-5.20214,-5.80239,0.0
-5.20214,-5.70235,0.0
-5.20214,-5.60231,0.0
-5.20214,-5.50227,0.0
-5.20214,-5.40223,0.0
-5.20214,-5.30218,0.0
-5.20214,-5.20214,0.0
-5.20214,-5.1021,0.0
-5.20214,-5.00206,0.0
-5.20214,-4.90202,0.0
-5.20214,-4.80198,0.0
-5.20214,-4.70194,0.0
-5.20214,-4.6019,0.0
-5.20214,-4.50185,0.0
-5.20214,-4.40181,0.0
-5.20214,-4.30177,0.0
-5.20214,-4.20173,0.0
-5.20214,-4.10169,0.0
-5.20214,-4.00165,0.0
-5.20214,-3.90161,0.0
-5.20214,-3.80157,0.0
-5.20214,-3.70152,0.0
-5.20214,-3.60148,0.0
-5.20214,-3.50144,0.0
-5.20214,-3.4014,0.0
-5.20214,-3.30136,0.0
-5.20214,-3.20132,0.0
-5.20214,-3.10128,0.0
-5.20214,-3.00124,0.0
-5.20214,-2.9012,0.0
-5.20214,-2.80115,0.0
-5.20214,-2.70111,0.0
-5.20214,-2.60107,0.0
-5.20214,-2.50103,0.0
-5.20214,-2.40099,0.0
-5.20214,-2.30095,0.0
-5.20214,-2.20091,0.0
-5.20214,-2.10087,0.0
-5.20214,-2.00082,0.0
-5.20214,-1.90078,0.0
-5.20214,-1.80074,0.0
-5.20214,-1.7007,0.0
-5.20214,-1.60066,0.0
-5.20214,-1.50062,0.0
-5.20214,-1.40058,0.0
-5.20214,-1.30054,0.0
-5.20214,-1.20049,0.0
-5.20214,-1.10045,0.0
-5.20214,-1.00041,0.0
-5.20214,-0.90037,0.0
-5.20214,-0.80033,0.0
-5.20214,-0.70029,0.0
-5.20214,-0.60025,0.0
-5.20214,-0.50021,0.0
-5.20214,-0.40016,0.0
-5.20214,-0.30012,0.0
-5.20214,-0.20008,0.0
-5.20214,-0.10004,0.0
-5.20214,0,0.0
-5.20214,0.10004,0.0
-5.20214,0.20008,0.0
-5.20214,0.30012,0.0
-5.20214,0.40016,0.0
-5.20214,0.50021,0.0
-5.20214,0.60025,0.0
-5.20214,0.70029,0.0
-5.20214,0.80033,0.0
-5.20214,0.90037,0.0
-5.20214,1.00041,0.0
-5.20214,1.10045,0.0
-5.20214,1.20049,0.0
-5.20214,1.30054,0.0
-5.20214,1.40058,0.0
-5.20214,1.50062,0.0
-5.20214,1.60066,0.0
-5.20214,1.7007,0.0
-5.20214,1.80074,0.0
-5.20214,1.90078,0.0
-5.20214,2.00082,0.0
-5.20214,2.10087,0.0
-5.20214,2.20091,0.0
-5.20214,2.30095,0.0
-5.20214,2.40099,0.0
-5.20214,2.50103,0.0
-5.20214,2.60107,0.0
-5.20214,2.70111,0.0
-5.20214,2.80115,0.0
-5.20214,2.9012,0.0
-5.20214,3.00124,0.0
-5.20214,3.10128,0.0
-5.20214,3.20132,0.0
-5.20214,3.30136,0.0
-5.20214,3.4014,0.0
-5.20214,3.50144,0.0
-5.20214,3.60148,0.0
-5.20214,3.70152,0.0
-5.20214,3.80157,0.0
-5.20214,3.90161,0.0
-5.20214,4.00165,0.0
-5.20214,4.10169,0.0
-5.20214,4.20173,0.0
-5.20214,4.30177,0.0
-5.20214,4.40181,0.0
-5.20214,4.50185,0.0
-5.20214,4.6019,0.0
-5.20214,4.70194,0.0
-5.20214,4.80198,0.0
-5.20214,4.90202,0.0
-5.20214,5.00206,0.0
-5.20214,5.1021,0.0
-5.20214,5.20214,0.0
-5.20214,5.30218,0.0
-5.20214,5.40223,0.0
-5.20214,5.50227,0.0
-5.20214,5.60231,0.0
-5.20214,5.70235,0.0
-5.20214,5.80239,0.0
-5.20214,5.90243,0.0
-5.20214,6.00247,0.0
-5.20214,6.10251,0.0
-5.20214,6.20256,0.0
-5.20214,6.3026,0.0
-5.20214,6.40264,0.0
-5.20214,6.50268,0.0
-5.20214,6.60272,0.0
-5.20214,6.70276,0.0
-5.20214,6.8028,0.0
-5.20214,6.90284,0.0
-5.20214,7.00289,0.0
-5.20214,7.10293,0.0
-5.20214,7.20297,0.0
-5.20214,7.30301,0.0
-5.20214,7.40305,0.0
-5.20214,7.50309,0.0
-5.20214,7.60313,0.0
-5.20214,7.70317,0.0
-5.20214,7.80321,0.0
-5.20214,7.90326,0.0
-5.20214,8.0033,0.0
-5.20214,8.10334,0.0
-5.20214,8.20338,0.0
-5.20214,8.30342,0.0
-5.1021,-8.30342,0.0
-5.1021,-8.20338,0.0
-5.1021,-8.10334,0.0
-5.1021,-8.0033,0.0
-5.1021,-7.90326,0.0
-5.1021,-7.80321,0.0
-5.1021,-7.70317,0.0
-5.1021,-7.60313,0.0
-5.1021,-7.50309,0.0
-5.1021,-7.40305,0.0
-5.1021,-7.30301,0.0
-5.1021,-7.20297,0.0
-5.1021,-7.10293,0.0
-5.1021,-7.00289,0.0
-5.1021,-6.90284,0.0
-5.1021,-6.8028,0.0
-5.1021,-6.70276,0.0
-5.1021,-6.60272,0.0
-5.1021,-6.50268,0.0
-5.1021,-6.40264,0.0
-5.1021,-6.3026,0.0
-5.1021,-6.20256,0.0
-5.1021,-6.10251,0.0
-5.1021,-6.00247,0.0
-5.1021,-5.90243,0.0
-5.1021,-5.80239,0.0
-5.1021,-5.70235,0.0
-5.1021,-5.60231,0.0
-5.1021,-5.50227,0.0
-5.1021,-5.40223,0.0
-5.1021,-5.30218,0.0
-5.1021,-5.20214,0.0
-5.1021,-5.1021,0.0
-5.1021,-5.00206,0.0
-5.1021,-4.90202,0.0
-5.1021,-4.80198,0.0
-5.1021,-4.70194,0.0
-5.1021,-4.6019,0.0
-5.1021,-4.50185,0.0
-5.1021,-4.40181,0.0
-5.1021,-4.30177,0.0
-5.1021,-4.20173,0.0
-5.1021,-4.10169,0.0
-5.1021,-4.00165,0.0
-5.1021,-3.90161,0.0
-5.1021,-3.80157,0.0
-5.1021,-3.70152,0.0
-5.1021,-3.60148,0.0
-5.1021,-3.50144,0.0
-5.1021,-3.4014,0.0
-5.1021,-3.30136,0.0
-5.1021,-3.20132,0.0
-5.1021,-3.10128,0.0
-5.1021,-3.00124,0.0
-5.1021,-2.9012,0.0
-5.1021,-2.80115,0.0
-5.1021,-2.70111,0.0
-5.1021,-2.60107,0.0
-5.1021,-2.50103,0.0
-5.1021,-2.40099,0.0
-5.1021,-2.30095,0.0
-5.1021,-2.20091,0.0
-5.1021,-2.10087,0.0
-5.1021,-2.00082,0.0
-5.1021,-1.90078,0.0
-5.1021,-1.80074,0.0
-5.1021,-1.7007,0.0
-5.1021,-1.60066,0.0
-5.1021,-1.50062,0.0
-5.1021,-1.40058,0.0
-5.1021,-1.30054,0.0
-5.1021,-1.20049,0.0
-5.1021,-1.10045,0.0
-5.1021,-1.00041,0.0
-5.1021,-0.90037,0.0
-5.1021,-0.80033,0.0
-5.1021,-0.70029,0.0
-5.1021,-0.60025,0.0
-5.1021,-0.50021,0.0
-5.1021,-0.40016,0.0
-5.1021,-0.30012,0.0
-5.1021,-0.20008,0.0
-5.1021,-0.10004,0.0
-5.1021,0,0.0
-5.1021,0.10004,0.0
-5.1021,0.20008,0.0
-5.1021,0.30012,0.0
-5.1021,0.40016,0.0
-5.1021,0.50021,0.0
-5.1021,0.60025,0.0
-5.1021,0.70029,0.0
-5.1021,0.80033,0.0
-5.1021,0.90037,0.0
-5.1021,1.00041,0.0
-5.1021,1.10045,0.0
-5.1021,1.20049,0.0
-5.1021,1.30054,0.0
-5.1021,1.40058,0.0
-5.1021,1.50062,0.0
-5.1021,1.60066,0.0
-5.1021,1.7007,0.0
-5.1021,1.80074,0.0
-5.1021,1.90078,0.0
-5.1021,2.00082,0.0
-5.1021,2.10087,0.0
-5.1021,2.20091,0.0
-5.1021,2.30095,0.0
-5.1021,2.40099,0.0
-5.1021,2.50103,0.0
-5.1021,2.60107,0.0
-5.1021,2.70111,0.0
-5.1021,2.80115,0.0
-5.1021,2.9012,0.0
-5.1021,3.00124,0.0
-5.1021,3.10128,0.0
-5.1021,3.20132,0.0
-5.1021,3.30136,0.0
-5.1021,3.4014,0.0
-5.1021,3.50144,0.0
-5.1021,3.60148,0.0
-5.1021,3.70152,0.0
-5.1021,3.80157,0.0
-5.1021,3.90161,0.0
-5.1021,4.00165,0.0
-5.1021,4.10169,0.0
-5.1021,4.20173,0.0
-5.1021,4.30177,0.0
-5.1021,4.40181,0.0
-5.1021,4.50185,0.0
-5.1021,4.6019,0.0
-5.1021,4.70194,0.0
-5.1021,4.80198,0.0
-5.1021,4.90202,0.0
-5.1021,5.00206,0.0
-5.1021,5.1021,0.0
-5.1021,5.20214,0.0
-5.1021,5.30218,0.0
-5.1021,5.40223,0.0
-5.1021,5.50227,0.0
-5.1021,5.60231,0.0
-5.1021,5.70235,0.0
-5.1021,5.80239,0.0
-5.1021,5.90243,0.0
-5.1021,6.00247,0.0
-5.1021,6.10251,0.0
-5.1021,6.20256,0.0
-5.1021,6.3026,0.0
-5.1021,6.40264,0.0
-5.1021,6.50268,0.0
-5.1021,6.60272,0.0
-5.1021,6.70276,0.0
-5.1021,6.8028,0.0
-5.1021,6.90284,0.0
-5.1021,7.00289,0.0
-5.1021,7.10293,0.0
-5.1021,7.20297,0.0
-5.1021,7.30301,0.0
-5.1021,7.40305,0.0
-5.1021,7.50309,0.0
-5.1021,7.60313,0.0
-5.1021,7.70317,0.0
-5.1021,7.80321,0.0
-5.1021,7.90326,0.0
-5.1021,8.0033,0.0
-5.1021,8.10334,0.0
-5.1021,8.20338,0.0
-5.1021,8.30342,0.0
-5.00206,-8.40346,0.0
-5.00206,-8.30342,0.0
-5.00206,-8.20338,0.0
-5.00206,-8.10334,0.0
-5.00206,-8.0033,0.0
-5.00206,-7.90326,0.0
-5.00206,-7.80321,0.0
-5.00206,-7.70317,0.0
-5.00206,-7.60313,0.0
-5.00206,-7.50309,0.0
-5.00206,-7.40305,0.0
-5.00206,-7.30301,0.0
-5.00206,-7.20297,0.0
-5.00206,-7.10293,0.0
-5.00206,-7.00289,0.0
-5.00206,-6.90284,0.0
-5.00206,-6.8028,0.0
-5.00206,-6.70276,0.0
-5.00206,-6.60272,0.0
-5.00206,-6.50268,0.0
-5.00206,-6.40264,0.0
-5.00206,-6.3026,0.0
-5.00206,-6.20256,0.0
-5.00206,-6.10251,0.0
-5.00206,-6.00247,0.0
-5.00206,-5.90243,0.0
-5.00206,-5.80239,0.0
-5.00206,-5.70235,0.0
-5.00206,-5.60231,0.0
-5.00206,-5.50227,0.0
-5.00206,-5.40223,0.0
-5.00206,-5.30218,0.0
-5.00206,-5.20214,0.0
-5.00206,-5.1021,0.0
-5.00206,-5.00206,0.0
-5.00206,-4.90202,0.0
-5.00206,-4.80198,0.0
-5.00206,-4.70194,0.0
-5.00206,-4.6019,0.0
-5.00206,-4.50185,0.0
-5.00206,-4.40181,0.0
-5.00206,-4.30177,0.0
-5.00206,-4.20173,0.0
-5.00206,-4.10169,0.0
-5.00206,-4.00165,0.0
-5.00206,-3.90161,0.0
-5.00206,-3.80157,0.0
-5.00206,-3.70152,0.0
-5.00206,-3.60148,0.0
-5.00206,-3.50144,0.0
-5.00206,-3.4014,0.0
-5.00206,-3.30136,0.0
-5.00206,-3.20132,0.0
-5.00206,-3.10128,0.0
-5.00206,-3.00124,0.0
-5.00206,-2.9012,0.0
-5.00206,-2.80115,0.0
-5.00206,-2.70111,0.0
-5.00206,-2.60107,0.0
-5.00206,-2.50103,0.0
-5.00206,-2.40099,0.0
-5.00206,-2.30095,0.0
-5.00206,-2.20091,0.0
-5.00206,-2.10087,0.0
-5.00206,-2.00082,0.0
-5.00206,-1.90078,0.0
-5.00206,-1.80074,0.0
-5.00206,-1.7007,0.0
-5.00206,-1.60066,0.0
-5.00206,-1.50062,0.0
-5.00206,-1.40058,0.0
-5.00206,-1.30054,0.0
-5.00206,-1.20049,0.0
-5.00206,-1.10045,0.0
-5.00206,-1.00041,0.0
-5.00206,-0.90037,0.0
-5.00206,-0.80033,0.0
-5.00206,-0.70029,0.0
-5.00206,-0.60025,0.0
-5.00206,-0.50021,0.0
-5.00206,-0.40016,0.0
-5.00206,-0.30012,0.0
-5.00206,-0.20008,0.0
-5.00206,-0.10004,0.0
-5.00206,0,0.0
-5.00206,0.10004,0.0
-5.00206,0.20008,0.0
-5.00206,0.30012,0.0
-5.00206,0.40016,0.0
-5.00206,0.50021,0.0
-5.00206,0.60025,0.0
-5.00206,0.70029,0.0
-5.00206,0.80033,0.0
-5.00206,0.90037,0.0
-5.00206,1.00041,0.0
-5.00206,1.10045,0.0
-5.00206,1.20049,0.0
-5.00206,1.30054,0.0
-5.00206,1.40058,0.0
-5.00206,1.50062,0.0
-5.00206,1.60066,0.0
-5.00206,1.7007,0.0
-5.00206,1.80074,0.0
-5.00206,1.90078,0.0
-5.00206,2.00082,0.0
-5.00206,2.10087,0.0
-5.00206,2.20091,0.0
-5.00206,2.30095,0.0
-5.00206,2.40099,0.0
-5.00206,2.50103,0.0
-5.00206,2.60107,0.0
-5.00206,2.70111,0.0
-5.00206,2.80115,0.0
-5.00206,2.9012,0.0
-5.00206,3.00124,0.0
-5.00206,3.10128,0.0
-5.00206,3.20132,0.0
-5.00206,3.30136,0.0
-5.00206,3.4014,0.0
-5.00206,3.50144,0.0
-5.00206,3.60148,0.0
-5.00206,3.70152,0.0
-5.00206,3.80157,0.0
-5.00206,3.90161,0.0
-5.00206,4.00165,0.0
-5.00206,4.10169,0.0
-5.00206,4.20173,0.0
-5.00206,4.30177,0.0
-5.00206,4.40181,0.0
-5.00206,4.50185,0.0
-5.00206,4.6019,0.0
-5.00206,4.70194,0.0
-5.00206,4.80198,0.0
-5.00206,4.90202,0.0
-5.00206,5.00206,0.0
-5.00206,5.1021,0.0
-5.00206,5.20214,0.0
-5.00206,5.30218,0.0
-5.00206,5.40223,0.0
-5.00206,5.50227,0.0
-5.00206,5.60231,0.0
-5.00206,5.70235,0.0
-5.00206,5.80239,0.0
-5.00206,5.90243,0.0
-5.00206,6.00247,0.0
-5.00206,6.10251,0.0
-5.00206,6.20256,0.0
-5.00206,6.3026,0.0
-5.00206,6.40264,0.0
-5.00206,6.50268,0.0
-5.00206,6.60272,0.0
-5.00206,6.70276,0.0
-5.00206,6.8028,0.0
-5.00206,6.90284,0.0
-5.00206,7.00289,0.0
-5.00206,7.10293,0.0
-5.00206,7.20297,0.0
-5.00206,7.30301,0.0
-5.00206,7.40305,0.0
-5.00206,7.50309,0.0
-5.00206,7.60313,0.0
-5.00206,7.70317,0.0
-5.00206,7.80321,0.0
-5.00206,7.90326,0.0
-5.00206,8.0033,0.0
-5.00206,8.10334,0.0
-5.00206,8.20338,0.0
-5.00206,8.30342,0.0
-5.00206,8.40346,0.0
-4.90202,-8.40346,0.0
-4.90202,-8.30342,0.0
-4.90202,-8.20338,0.0
-4.90202,-8.10334,0.0
-4.90202,-8.0033,0.0
-4.90202,-7.90326,0.0
-4.90202,-7.80321,0.0
-4.90202,-7.70317,0.0
-4.90202,-7.60313,0.0
-4.90202,-7.50309,0.0
-4.90202,-7.40305,0.0
-4.90202,-7.30301,0.0
-4.90202,-7.20297,0.0
-4.90202,-7.10293,0.0
-4.90202,-7.00289,0.0
-4.90202,-6.90284,0.0
-4.90202,-6.8028,0.0
-4.90202,-6.70276,0.0
-4.90202,-6.60272,0.0
-4.90202,-6.50268,0.0
-4.90202,-6.40264,0.0
-4.90202,-6.3026,0.0
-4.90202,-6.20256,0.0
-4.90202,-6.10251,0.0
-4.90202,-6.00247,0.0
-4.90202,-5.90243,0.0
-4.90202,-5.80239,0.0
-4.90202,-5.70235,0.0
-4.90202,-5.60231,0.0
-4.90202,-5.50227,0.0
-4.90202,-5.40223,0.0
-4.90202,-5.30218,0.0
-4.90202,-5.20214,0.0
-4.90202,-5.1021,0.0
-4.90202,-5.00206,0.0
-4.90202,-4.90202,0.0
-4.90202,-4.80198,0.0
-4.90202,-4.70194,0.0
-4.90202,-4.6019,0.0
-4.90202,-4.50185,0.0
-4.90202,-4.40181,0.0
-4.90202,-4.30177,0.0
-4.90202,-4.20173,0.0
-4.90202,-4.10169,0.0
-4.90202,-4.00165,0.0
-4.90202,-3.90161,0.0
-4.90202,-3.80157,0.0
-4.90202,-3.70152,0.0
-4.90202,-3.60148,0.0
-4.90202,-3.50144,0.0
-4.90202,-3.4014,0.0
-4.90202,-3.30136,0.0
-4.90202,-3.20132,0.0
-4.90202,-3.10128,0.0
-4.90202,-3.00124,0.0
-4.90202,-2.9012,0.0
-4.90202,-2.80115,0.0
-4.90202,-2.70111,0.0
-4.90202,-2.60107,0.0
-4.90202,-2.50103,0.0
-4.90202,-2.40099,0.0
-4.90202,-2.30095,0.0
-4.90202,-2.20091,0.0
-4.90202,-2.10087,0.0
-4.90202,-2.00082,0.0
-4.90202,-1.90078,0.0
-4.90202,-1.80074,0.0
-4.90202,-1.7007,0.0
-4.90202,-1.60066,0.0
-4.90202,-1.50062,0.0
-4.90202,-1.40058,0.0
-4.90202,-1.30054,0.0
-4.90202,-1.20049,0.0
-4.90202,-1.10045,0.0
-4.90202,-1.00041,0.0
-4.90202,-0.90037,0.0
-4.90202,-0.80033,0.0
-4.90202,-0.70029,0.0
-4.90202,-0.60025,0.0
-4.90202,-0.50021,0.0
-4.90202,-0.40016,0.0
-4.90202,-0.30012,0.0
-4.90202,-0.20008,0.0
-4.90202,-0.10004,0.0
-4.90202,0,0.0
-4.90202,0.10004,0.0
-4.90202,0.20008,0.0
-4.90202,0.30012,0.0
-4.90202,0.40016,0.0
-4.90202,0.50021,0.0
-4.90202,0.60025,0.0
-4.90202,0.70029,0.0
-4.90202,0.80033,0.0
-4.90202,0.90037,0.0
-4.90202,1.00041,0.0
-4.90202,1.10045,0.0
-4.90202,1.20049,0.0
-4.90202,1.30054,0.0
-4.90202,1.40058,0.0
-4.90202,1.50062,0.0
-4.90202,1.60066,0.0
-4.90202,1.7007,0.0
-4.90202,1.80074,0.0
-4.90202,1.90078,0.0
-4.90202,2.00082,0.0
-4.90202,2.10087,0.0
-4.90202,2.20091,0.0
-4.90202,2.30095,0.0
-4.90202,2.40099,0.0
-4.90202,2.50103,0.0
-4.90202,2.60107,0.0
-4.90202,2.70111,0.0
-4.90202,2.80115,0.0
-4.90202,2.9012,0.0
-4.90202,3.00124,0.0
-4.90202,3.10128,0.0
-4.90202,3.20132,0.0
-4.90202,3.30136,0.0
-4.90202,3.4014,0.0
-4.90202,3.50144,0.0
-4.90202,3.60148,0.0
-4.90202,3.70152,0.0
-4.90202,3.80157,0.0
-4.90202,3.90161,0.0
-4.90202,4.00165,0.0
-4.90202,4.10169,0.0
-4.90202,4.20173,0.0
-4.90202,4.30177,0.0
-4.90202,4.40181,0.0
-4.90202,4.50185,0.0
-4.90202,4.6019,0.0
-4.90202,4.70194,0.0
-4.90202,4.80198,0.0
-4.90202,4.90202,0.0
-4.90202,5.00206,0.0
-4.90202,5.1021,0.0
-4.90202,5.20214,0.0
-4.90202,5.30218,0.0
-4.90202,5.40223,0.0
-4.90202,5.50227,0.0
-4.90202,5.60231,0.0
-4.90202,5.70235,0.0
-4.90202,5.80239,0.0
-4.90202,5.90243,0.0
-4.90202,6.00247,0.0
-4.90202,6.10251,0.0
-4.90202,6.20256,0.0
-4.90202,6.3026,0.0
-4.90202,6.40264,0.0
-4.90202,6.50268,0.0
-4.90202,6.60272,0.0
-4.90202,6.70276,0.0
-4.90202,6.8028,0.0
-4.90202,6.90284,0.0
-4.90202,7.00289,0.0
-4.90202,7.10293,0.0
-4.90202,7.20297,0.0
-4.90202,7.30301,0.0
-4.90202,7.40305,0.0
-4.90202,7.50309,0.0
-4.90202,7.60313,0.0
-4.90202,7.70317,0.0
-4.90202,7.80321,0.0
-4.90202,7.90326,0.0
-4.90202,8.0033,0.0
-4.90202,8.10334,0.0
-4.90202,8.20338,0.0
-4.90202,8.30342,0.0
-4.90202,8.40346,0.0
-4.80198,-8.5035,0.0
-4.80198,-8.40346,0.0
-4.80198,-8.30342,0.0
-4.80198,-8.20338,0.0
-4.80198,-8.10334,0.0
-4.80198,-8.0033,0.0
-4.80198,-7.90326,0.0
-4.80198,-7.80321,0.0
-4.80198,-7.70317,0.0
-4.80198,-7.60313,0.0
-4.80198,-7.50309,0.0
-4.80198,-7.40305,0.0
-4.80198,-7.30301,0.0
-4.80198,-7.20297,0.0
-4.80198,-7.10293,0.0
-4.80198,-7.00289,0.0
-4.80198,-6.90284,0.0
-4.80198,-6.8028,0.0
-4.80198,-6.70276,0.0
-4.80198,-6.60272,0.0
-4.80198,-6.50268,0.0
-4.80198,-6.40264,0.0
-4.80198,-6.3026,0.0
-4.80198,-6.20256,0.0
-4.80198,-6.10251,0.0
-4.80198,-6.00247,0.0
-4.80198,-5.90243,0.0
-4.80198,-5.80239,0.0
-4.80198,-5.70235,0.0
-4.80198,-5.60231,0.0
-4.80198,-5.50227,0.0
-4.80198,-5.40223,0.0
-4.80198,-5.30218,0.0
-4.80198,-5.20214,0.0
-4.80198,-5.1021,0.0
-4.80198,-5.00206,0.0
-4.80198,-4.90202,0.0
-4.80198,-4.80198,0.0
-4.80198,-4.70194,0.0
-4.80198,-4.6019,0.0
-4.80198,-4.50185,0.0
-4.80198,-4.40181,0.0
-4.80198,-4.30177,0.0
-4.80198,-4.20173,0.0
-4.80198,-4.10169,0.0
-4.80198,-4.00165,0.0
-4.80198,-3.90161,0.0
-4.80198,-3.80157,0.0
-4.80198,-3.70152,0.0
-4.80198,-3.60148,0.0
-4.80198,-3.50144,0.0
-4.80198,-3.4014,0.0
-4.80198,-3.30136,0.0
-4.80198,-3.20132,0.0
-4.80198,-3.10128,0.0
-4.80198,-3.00124,0.0
-4.80198,-2.9012,0.0
-4.80198,-2.80115,0.0
-4.80198,-2.70111,0.0
-4.80198,-2.60107,0.0
-4.80198,-2.50103,0.0
-4.80198,-2.40099,0.0
-4.80198,-2.30095,0.0
-4.80198,-2.20091,0.0
-4.80198,-2.10087,0.0
-4.80198,-2.00082,0.0
-4.80198,-1.90078,0.0
-4.80198,-1.80074,0.0
-4.80198,-1.7007,0.0
-4.80198,-1.60066,0.0
-4.80198,-1.50062,0.0
-4.80198,-1.40058,0.0
-4.80198,-1.30054,0.0
-4.80198,-1.20049,0.0
-4.80198,-1.10045,0.0
-4.80198,-1.00041,0.0
-4.80198,-0.90037,0.0
-4.80198,-0.80033,0.0
-4.80198,-0.70029,0.0
-4.80198,-0.60025,0.0
-4.80198,-0.50021,0.0
-4.80198,-0.40016,0.0
-4.80198,-0.30012,0.0
-4.80198,-0.20008,0.0
-4.80198,-0.10004,0.0
-4.80198,0,0.0
-4.80198,0.10004,0.0
-4.80198,0.20008,0.0
-4.80198,0.30012,0.0
-4.80198,0.40016,0.0
-4.80198,0.50021,0.0
-4.80198,0.60025,0.0
-4.80198,0.70029,0.0
-4.80198,0.80033,0.0
-4.80198,0.90037,0.0
-4.80198,1.00041,0.0
-4.80198,1.10045,0.0
-4.80198,1.20049,0.0
-4.80198,1.30054,0.0
-4.80198,1.40058,0.0
-4.80198,1.50062,0.0
-4.80198,1.60066,0.0
-4.80198,1.7007,0.0
-4.80198,1.80074,0.0
-4.80198,1.90078,0.0
-4.80198,2.00082,0.0
-4.80198,2.10087,0.0
-4.80198,2.20091,0.0
-4.80198,2.30095,0.0
-4.80198,2.40099,0.0
-4.80198,2.50103,0.0
-4.80198,2.60107,0.0
-4.80198,2.70111,0.0
-4.80198,2.80115,0.0
-4.80198,2.9012,0.0
-4.80198,3.00124,0.0
-4.80198,3.10128,0.0
-4.80198,3.20132,0.0
-4.80198,3.30136,0.0
-4.80198,3.4014,0.0
-4.80198,3.50144,0.0
-4.80198,3.60148,0.0
-4.80198,3.70152,0.0
-4.80198,3.80157,0.0
-4.80198,3.90161,0.0
-4.80198,4.00165,0.0
-4.80198,4.10169,0.0
-4.80198,4.20173,0.0
-4.80198,4.30177,0.0
-4.80198,4.40181,0.0
-4.80198,4.50185,0.0
-4.80198,4.6019,0.0
-4.80198,4.70194,0.0
-4.80198,4.80198,0.0
-4.80198,4.90202,0.0
-4.80198,5.00206,0.0
-4.80198,5.1021,0.0
-4.80198,5.20214,0.0
-4.80198,5.30218,0.0
-4.80198,5.40223,0.0
-4.80198,5.50227,0.0
-4.80198,5.60231,0.0
-4.80198,5.70235,0.0
-4.80198,5.80239,0.0
-4.80198,5.90243,0.0
-4.80198,6.00247,0.0
-4.80198,6.10251,0.0
-4.80198,6.20256,0.0
-4.80198,6.3026,0.0
-4.80198,6.40264,0.0
-4.80198,6.50268,0.0
-4.80198,6.60272,0.0
-4.80198,6.70276,0.0
-4.80198,6.8028,0.0
-4.80198,6.90284,0.0
-4.80198,7.00289,0.0
-4.80198,7.10293,0.0
-4.80198,7.20297,0.0
-4.80198,7.30301,0.0
-4.80198,7.40305,0.0
-4.80198,7.50309,0.0
-4.80198,7.60313,0.0
-4.80198,7.70317,0.0
-4.80198,7.80321,0.0
-4.80198,7.90326,0.0
-4.80198,8.0033,0.0
-4.80198,8.10334,0.0
-4.80198,8.20338,0.0
-4.80198,8.30342,0.0
-4.80198,8.40346,0.0
-4.80198,8.5035,0.0
-4.70194,-8.5035,0.0
-4.70194,-8.40346,0.0
-4.70194,-8.30342,0.0
-4.70194,-8.20338,0.0
-4.70194,-8.10334,0.0
-4.70194,-8.0033,0.0
-4.70194,-7.90326,0.0
-4.70194,-7.80321,0.0
-4.70194,-7.70317,0.0
-4.70194,-7.60313,0.0
-4.70194,-7.50309,0.0
-4.70194,-7.40305,0.0
-4.70194,-7.30301,0.0
-4.70194,-7.20297,0.0
-4.70194,-7.10293,0.0
-4.70194,-7.00289,0.0
-4.70194,-6.90284,0.0
-4.70194,-6.8028,0.0
-4.70194,-6.70276,0.0
-4.70194,-6.60272,0.0
-4.70194,-6.50268,0.0
-4.70194,-6.40264,0.0
-4.70194,-6.3026,0.0
-4.70194,-6.20256,0.0
-4.70194,-6.10251,0.0
-4.70194,-6.00247,0.0
-4.70194,-5.90243,0.0
-4.70194,-5.80239,0.0
-4.70194,-5.70235,0.0
-4.70194,-5.60231,0.0
-4.70194,-5.50227,0.0
-4.70194,-5.40223,0.0
-4.70194,-5.30218,0.0
-4.70194,-5.20214,0.0
-4.70194,-5.1021,0.0
-4.70194,-5.00206,0.0
-4.70194,-4.90202,0.0
-4.70194,-4.80198,0.0
-4.70194,-4.70194,0.0
-4.70194,-4.6019,0.0
-4.70194,-4.50185,0.0
-4.70194,-4.40181,0.0
-4.70194,-4.30177,0.0
-4.70194,-4.20173,0.0
-4.70194,-4.10169,0.0
-4.70194,-4.00165,0.0
-4.70194,-3.90161,0.0
-4.70194,-3.80157,0.0
-4.70194,-3.70152,0.0
-4.70194,-3.60148,0.0
-4.70194,-3.50144,0.0
-4.70194,-3.4014,0.0
-4.70194,-3.30136,0.0
-4.70194,-3.20132,0.0
-4.70194,-3.10128,0.0
-4.70194,-3.00124,0.0
-4.70194,-2.9012,0.0
-4.70194,-2.80115,0.0
-4.70194,-2.70111,0.0
-4.70194,-2.60107,0.0
-4.70194,-2.50103,0.0
-4.70194,-2.40099,0.0
-4.70194,-2.30095,0.0
-4.70194,-2.20091,0.0
-4.70194,-2.10087,0.0
-4.70194,-2.00082,0.0
-4.70194,-1.90078,0.0
-4.70194,-1.80074,0.0
-4.70194,-1.7007,0.0
-4.70194,-1.60066,0.0
-4.70194,-1.50062,0.0
-4.70194,-1.40058,0.0
-4.70194,-1.30054,0.0
-4.70194,-1.20049,0.0
-4.70194,-1.10045,0.0
-4.70194,-1.00041,0.0
-4.70194,-0.90037,0.0
-4.70194,-0.80033,0.0
-4.70194,-0.70029,0.0
-4.70194,-0.60025,0.0
-4.70194,-0.50021,0.0
-4.70194,-0.40016,0.0
-4.70194,-0.30012,0.0
-4.70194,-0.20008,0.0
-4.70194,-0.10004,0.0
-4.70194,0,0.0
-4.70194,0.10004,0.0
-4.70194,0.20008,0.0
-4.70194,0.30012,0.0
-4.70194,0.40016,0.0
-4.70194,0.50021,0.0
-4.70194,0.60025,0.0
-4.70194,0.70029,0.0
-4.70194,0.80033,0.0
-4.70194,0.90037,0.0
-4.70194,1.00041,0.0
-4.70194,1.10045,0.0
-4.70194,1.20049,0.0
-4.70194,1.30054,0.0
-4.70194,1.40058,0.0
-4.70194,1.50062,0.0
-4.70194,1.60066,0.0
-4.70194,1.7007,0.0
-4.70194,1.80074,0.0
-4.70194,1.90078,0.0
-4.70194,2.00082,0.0
-4.70194,2.10087,0.0
-4.70194,2.20091,0.0
-4.70194,2.30095,0.0
-4.70194,2.40099,0.0
-4.70194,2.50103,0.0
-4.70194,2.60107,0.0
-4.70194,2.70111,0.0
-4.70194,2.80115,0.0
-4.70194,2.9012,0.0
-4.70194,3.00124,0.0
-4.70194,3.10128,0.0
-4.70194,3.20132,0.0
-4.70194,3.30136,0.0
-4.70194,3.4014,0.0
-4.70194,3.50144,0.0
-4.70194,3.60148,0.0
-4.70194,3.70152,0.0
-4.70194,3.80157,0.0
-4.70194,3.90161,0.0
-4.70194,4.00165,0.0
-4.70194,4.10169,0.0
-4.70194,4.20173,0.0
-4.70194,4.30177,0.0
-4.70194,4.40181,0.0
-4.70194,4.50185,0.0
-4.70194,4.6019,0.0
-4.70194,4.70194,0.0
-4.70194,4.80198,0.0
-4.70194,4.90202,0.0
-4.70194,5.00206,0.0
-4.70194,5.1021,0.0
-4.70194,5.20214,0.0
-4.70194,5.30218,0.0
-4.70194,5.40223,0.0
-4.70194,5.50227,0.0
-4.70194,5.60231,0.0
-4.70194,5.70235,0.0
-4.70194,5.80239,0.0
-4.70194,5.90243,0.0
-4.70194,6.00247,0.0
-4.70194,6.10251,0.0
-4.70194,6.20256,0.0
-4.70194,6.3026,0.0
-4.70194,6.40264,0.0
-4.70194,6.50268,0.0
-4.70194,6.60272,0.0
-4.70194,6.70276,0.0
-4.70194,6.8028,0.0
-4.70194,6.90284,0.0
-4.70194,7.00289,0.0
-4.70194,7.10293,0.0
-4.70194,7.20297,0.0
-4.70194,7.30301,0.0
-4.70194,7.40305,0.0
-4.70194,7.50309,0.0
-4.70194,7.60313,0.0
-4.70194,7.70317,0.0
-4.70194,7.80321,0.0
-4.70194,7.90326,0.0
-4.70194,8.0033,0.0
-4.70194,8.10334,0.0
-4.70194,8.20338,0.0
-4.70194,8.30342,0.0
-4.70194,8.40346,0.0
-4.70194,8.5035,0.0
-4.6019,-8.60354,0.0
-4.6019,-8.5035,0.0
-4.6019,-8.40346,0.0
-4.6019,-8.30342,0.0
-4.6019,-8.20338,0.0
-4.6019,-8.10334,0.0
-4.6019,-8.0033,0.0
-4.6019,-7.90326,0.0
-4.6019,-7.80321,0.0
-4.6019,-7.70317,0.0
-4.6019,-7.60313,0.0
-4.6019,-7.50309,0.0
-4.6019,-7.40305,0.0
-4.6019,-7.30301,0.0
-4.6019,-7.20297,0.0
-4.6019,-7.10293,0.0
-4.6019,-7.00289,0.0
-4.6019,-6.90284,0.0
-4.6019,-6.8028,0.0
-4.6019,-6.70276,0.0
-4.6019,-6.60272,0.0
-4.6019,-6.50268,0.0
-4.6019,-6.40264,0.0
-4.6019,-6.3026,0.0
-4.6019,-6.20256,0.0
-4.6019,-6.10251,0.0
-4.6019,-6.00247,0.0
-4.6019,-5.90243,0.0
-4.6019,-5.80239,0.0
-4.6019,-5.70235,0.0
-4.6019,-5.60231,0.0
-4.6019,-5.50227,0.0
-4.6019,-5.40223,0.0
-4.6019,-5.30218,0.0
-4.6019,-5.20214,0.0
-4.6019,-5.1021,0.0
-4.6019,-5.00206,0.0
-4.6019,-4.90202,0.0
-4.6019,-4.80198,0.0
-4.6019,-4.70194,0.0
-4.6019,-4.6019,0.0
-4.6019,-4.50185,0.0
-4.6019,-4.40181,0.0
-4.6019,-4.30177,0.0
-4.6019,-4.20173,0.0
-4.6019,-4.10169,0.0
-4.6019,-4.00165,0.0
-4.6019,-3.90161,0.0
-4.6019,-3.80157,0.0
-4.6019,-3.70152,0.0
-4.6019,-3.60148,0.0
-4.6019,-3.50144,0.0
-4.6019,-3.4014,0.0
-4.6019,-3.30136,0.0
-4.6019,-3.20132,0.0
-4.6019,-3.10128,0.0
-4.6019,-3.00124,0.0
-4.6019,-2.9012,0.0
-4.6019,-2.80115,0.0
-4.6019,-2.70111,0.0
-4.6019,-2.60107,0.0
-4.6019,-2.50103,0.0
-4.6019,-2.40099,0.0
-4.6019,-2.30095,0.0
-4.6019,-2.20091,0.0
-4.6019,-2.10087,0.0
-4.6019,-2.00082,0.0
-4.6019,-1.90078,0.0
-4.6019,-1.80074,0.0
-4.6019,-1.7007,0.0
-4.6019,-1.60066,0.0
-4.6019,-1.50062,0.0
-4.6019,-1.40058,0.0
-4.6019,-1.30054,0.0
-4.6019,-1.20049,0.0
-4.6019,-1.10045,0.0
-4.6019,-1.00041,0.0
-4.6019,-0.90037,0.0
-4.6019,-0.80033,0.0
-4.6019,-0.70029,0.0
-4.6019,-0.60025,0.0
-4.6019,-0.50021,0.0
-4.6019,-0.40016,0.0
-4.6019,-0.30012,0.0
-4.6019,-0.20008,0.0
-4.6019,-0.10004,0.0
-4.6019,0,0.0
-4.6019,0.10004,0.0
-4.6019,0.20008,0.0
-4.6019,0.30012,0.0
-4.6019,0.40016,0.0
-4.6019,0.50021,0.0
-4.6019,0.60025,0.0
-4.6019,0.70029,0.0
-4.6019,0.80033,0.0
-4.6019,0.90037,0.0
-4.6019,1.00041,0.0
-4.6019,1.10045,0.0
-4.6019,1.20049,0.0
-4.6019,1.30054,0.0
-4.6019,1.40058,0.0
-4.6019,1.50062,0.0
-4.6019,1.60066,0.0
-4.6019,1.7007,0.0
-4.6019,1.80074,0.0
-4.6019,1.90078,0.0
-4.6019,2.00082,0.0
-4.6019,2.10087,0.0
-4.6019,2.20091,0.0
-4.6019,2.30095,0.0
-4.6019,2.40099,0.0
-4.6019,2.50103,0.0
-4.6019,2.60107,0.0
-4.6019,2.70111,0.0
-4.6019,2.80115,0.0
-4.6019,2.9012,0.0
-4.6019,3.00124,0.0
-4.6019,3.10128,0.0
-4.6019,3.20132,0.0
-4.6019,3.30136,0.0
-4.6019,3.4014,0.0
-4.6019,3.50144,0.0
-4.6019,3.60148,0.0
-4.6019,3.70152,0.0
-4.6019,3.80157,0.0
-4.6019,3.90161,0.0
-4.6019,4.00165,0.0
-4.6019,4.10169,0.0
-4.6019,4.20173,0.0
-4.6019,4.30177,0.0
-4.6019,4.40181,0.0
-4.6019,4.50185,0.0
-4.6019,4.6019,0.0
-4.6019,4.70194,0.0
-4.6019,4.80198,0.0
-4.6019,4.90202,0.0
-4.6019,5.00206,0.0
-4.6019,5.1021,0.0
-4.6019,5.20214,0.0
-4.6019,5.30218,0.0
-4.6019,5.40223,0.0
-4.6019,5.50227,0.0
-4.6019,5.60231,0.0
-4.6019,5.70235,0.0
-4.6019,5.80239,0.0
-4.6019,5.90243,0.0
-4.6019,6.00247,0.0
-4.6019,6.10251,0.0
-4.6019,6.20256,0.0
-4.6019,6.3026,0.0
-4.6019,6.40264,0.0
-4.6019,6.50268,0.0
-4.6019,6.60272,0.0
-4.6019,6.70276,0.0
-4.6019,6.8028,0.0
-4.6019,6.90284,0.0
-4.6019,7.00289,0.0
-4.6019,7.10293,0.0
-4.6019,7.20297,0.0
-4.6019,7.30301,0.0
-4.6019,7.40305,0.0
-4.6019,7.50309,0.0
-4.6019,7.60313,0.0
-4.6019,7.70317,0.0
-4.6019,7.80321,0.0
-4.6019,7.90326,0.0
-4.6019,8.0033,0.0
-4.6019,8.10334,0.0
-4.6019,8.20338,0.0
-4.6019,8.30342,0.0
-4.6019,8.40346,0.0
-4.6019,8.5035,0.0
-4.6019,8.60354,0.0
-4.50185,-8.70359,0.0
-4.50185,-8.60354,0.0
-4.50185,-8.5035,0.0
-4.50185,-8.40346,0.0
-4.50185,-8.30342,0.0
-4.50185,-8.20338,0.0
-4.50185,-8.10334,0.0
-4.50185,-8.0033,0.0
-4.50185,-7.90326,0.0
-4.50185,-7.80321,0.0
-4.50185,-7.70317,0.0
-4.50185,-7.60313,0.0
-4.50185,-7.50309,0.0
-4.50185,-7.40305,0.0
-4.50185,-7.30301,0.0
-4.50185,-7.20297,0.0
-4.50185,-7.10293,0.0
-4.50185,-7.00289,0.0
-4.50185,-6.90284,0.0
-4.50185,-6.8028,0.0
-4.50185,-6.70276,0.0
-4.50185,-6.60272,0.0
-4.50185,-6.50268,0.0
-4.50185,-6.40264,0.0
-4.50185,-6.3026,0.0
-4.50185,-6.20256,0.0
-4.50185,-6.10251,0.0
-4.50185,-6.00247,0.0
-4.50185,-5.90243,0.0
-4.50185,-5.80239,0.0
-4.50185,-5.70235,0.0
-4.50185,-5.60231,0.0
-4.50185,-5.50227,0.0
-4.50185,-5.40223,0.0
-4.50185,-5.30218,0.0
-4.50185,-5.20214,0.0
-4.50185,-5.1021,0.0
-4.50185,-5.00206,0.0
-4.50185,-4.90202,0.0
-4.50185,-4.80198,0.0
-4.50185,-4.70194,0.0
-4.50185,-4.6019,0.0
-4.50185,-4.50185,0.0
-4.50185,-4.40181,0.0
-4.50185,-4.30177,0.0
-4.50185,-4.20173,0.0
-4.50185,-4.10169,0.0
-4.50185,-4.00165,0.0
-4.50185,-3.90161,0.0
-4.50185,-3.80157,0.0
-4.50185,-3.70152,0.0
-4.50185,-3.60148,0.0
-4.50185,-3.50144,0.0
-4.50185,-3.4014,0.0
-4.50185,-3.30136,0.0
-4.50185,-3.20132,0.0
-4.50185,-3.10128,0.0
-4.50185,-3.00124,0.0
-4.50185,-2.9012,0.0
-4.50185,-2.80115,0.0
-4.50185,-2.70111,0.0
-4.50185,-2.60107,0.0
-4.50185,-2.50103,0.0
-4.50185,-2.40099,0.0
-4.50185,-2.30095,0.0
-4.50185,-2.20091,0.0
-4.50185,-2.10087,0.0
-4.50185,-2.00082,0.0
-4.50185,-1.90078,0.0
-4.50185,-1.80074,0.0
-4.50185,-1.7007,0.0
-4.50185,-1.60066,0.0
-4.50185,-1.50062,0.0
-4.50185,-1.40058,0.0
-4.50185,-1.30054,0.0
-4.50185,-1.20049,0.0
-4.50185,-1.10045,0.0
-4.50185,-1.00041,0.0
-4.50185,-0.90037,0.0
-4.50185,-0.80033,0.0
-4.50185,-0.70029,0.0
-4.50185,-0.60025,0.0
-4.50185,-0.50021,0.0
-4.50185,-0.40016,0.0
-4.50185,-0.30012,0.0
-4.50185,-0.20008,0.0
-4.50185,-0.10004,0.0
-4.50185,0,0.0
-4.50185,0.10004,0.0
-4.50185,0.20008,0.0
-4.50185,0.30012,0.0
-4.50185,0.40016,0.0
-4.50185,0.50021,0.0
-4.50185,0.60025,0.0
-4.50185,0.70029,0.0
-4.50185,0.80033,0.0
-4.50185,0.90037,0.0
-4.50185,1.00041,0.0
-4.50185,1.10045,0.0
-4.50185,1.20049,0.0
-4.50185,1.30054,0.0
-4.50185,1.40058,0.0
-4.50185,1.50062,0.0
-4.50185,1.60066,0.0
-4.50185,1.7007,0.0
-4.50185,1.80074,0.0
-4.50185,1.90078,0.0
-4.50185,2.00082,0.0
-4.50185,2.10087,0.0
-4.50185,2.20091,0.0
-4.50185,2.30095,0.0
-4.50185,2.40099,0.0
-4.50185,2.50103,0.0
-4.50185,2.60107,0.0
-4.50185,2.70111,0.0
-4.50185,2.80115,0.0
-4.50185,2.9012,0.0
-4.50185,3.00124,0.0
-4.50185,3.10128,0.0
-4.50185,3.20132,0.0
-4.50185,3.30136,0.0
-4.50185,3.4014,0.0
-4.50185,3.50144,0.0
-4.50185,3.60148,0.0
-4.50185,3.70152,0.0
-4.50185,3.80157,0.0
-4.50185,3.90161,0.0
-4.50185,4.00165,0.0
-4.50185,4.10169,0.0
-4.50185,4.20173,0.0
-4.50185,4.30177,0.0
-4.50185,4.40181,0.0
-4.50185,4.50185,0.0
-4.50185,4.6019,0.0
-4.50185,4.70194,0.0
-4.50185,4.80198,0.0
-4.50185,4.90202,0.0
-4.50185,5.00206,0.0
-4.50185,5.1021,0.0
-4.50185,5.20214,0.0
-4.50185,5.30218,0.0
-4.50185,5.40223,0.0
-4.50185,5.50227,0.0
-4.50185,5.60231,0.0
-4.50185,5.70235,0.0
-4.50185,5.80239,0.0
-4.50185,5.90243,0.0
-4.50185,6.00247,0.0
-4.50185,6.10251,0.0
-4.50185,6.20256,0.0
-4.50185,6.3026,0.0
-4.50185,6.40264,0.0
-4.50185,6.50268,0.0
-4.50185,6.60272,0.0
-4.50185,6.70276,0.0
-4.50185,6.8028,0.0
-4.50185,6.90284,0.0
-4.50185,7.00289,0.0
-4.50185,7.10293,0.0
-4.50185,7.20297,0.0
-4.50185,7.30301,0.0
-4.50185,7.40305,0.0
-4.50185,7.50309,0.0
-4.50185,7.60313,0.0
-4.50185,7.70317,0.0
-4.50185,7.80321,0.0
-4.50185,7.90326,0.0
-4.50185,8.0033,0.0
-4.50185,8.10334,0.0
-4.50185,8.20338,0.0
-4.50185,8.30342,0.0
-4.50185,8.40346,0.0
-4.50185,8.5035,0.0
-4.50185,8.60354,0.0
-4.50185,8.70359,0.0
-4.40181,-8.70359,0.0
-4.40181,-8.60354,0.0
-4.40181,-8.5035,0.0
-4.40181,-8.40346,0.0
-4.40181,-8.30342,0.0
-4.40181,-8.20338,0.0
-4.40181,-8.10334,0.0
-4.40181,-8.0033,0.0
-4.40181,-7.90326,0.0
-4.40181,-7.80321,0.0
-4.40181,-7.70317,0.0
-4.40181,-7.60313,0.0
-4.40181,-7.50309,0.0
-4.40181,-7.40305,0.0
-4.40181,-7.30301,0.0
-4.40181,-7.20297,0.0
-4.40181,-7.10293,0.0
-4.40181,-7.00289,0.0
-4.40181,-6.90284,0.0
-4.40181,-6.8028,0.0
-4.40181,-6.70276,0.0
-4.40181,-6.60272,0.0
-4.40181,-6.50268,0.0
-4.40181,-6.40264,0.0
-4.40181,-6.3026,0.0
-4.40181,-6.20256,0.0
-4.40181,-6.10251,0.0
-4.40181,-6.00247,0.0
-4.40181,-5.90243,0.0
-4.40181,-5.80239,0.0
-4.40181,-5.70235,0.0
-4.40181,-5.60231,0.0
-4.40181,-5.50227,0.0
-4.40181,-5.40223,0.0
-4.40181,-5.30218,0.0
-4.40181,-5.20214,0.0
-4.40181,-5.1021,0.0
-4.40181,-5.00206,0.0
-4.40181,-4.90202,0.0
-4.40181,-4.80198,0.0
-4.40181,-4.70194,0.0
-4.40181,-4.6019,0.0
-4.40181,-4.50185,0.0
-4.40181,-4.40181,0.0
-4.40181,-4.30177,0.0
-4.40181,-4.20173,0.0
-4.40181,-4.10169,0.0
-4.40181,-4.00165,0.0
-4.40181,-3.90161,0.0
-4.40181,-3.80157,0.0
-4.40181,-3.70152,0.0
-4.40181,-3.60148,0.0
-4.40181,-3.50144,0.0
-4.40181,-3.4014,0.0
-4.40181,-3.30136,0.0
-4.40181,-3.20132,0.0
-4.40181,-3.10128,0.0
-4.40181,-3.00124,0.0
-4.40181,-2.9012,0.0
-4.40181,-2.80115,0.0
-4.40181,-2.70111,0.0
-4.40181,-2.60107,0.0
-4.40181,-2.50103,0.0
-4.40181,-2.40099,0.0
-4.40181,-2.30095,0.0
-4.40181,-2.20091,0.0
-4.40181,-2.10087,0.0
-4.40181,-2.00082,0.0
-4.40181,-1.90078,0.0
-4.40181,-1.80074,0.0
-4.40181,-1.7007,0.0
-4.40181,-1.60066,0.0
-4.40181,-1.50062,0.0
-4.40181,-1.40058,0.0
-4.40181,-1.30054,0.0
-4.40181,-1.20049,0.0
-4.40181,-1.10045,0.0
-4.40181,-1.00041,0.0
-4.40181,-0.90037,0.0
-4.40181,-0.80033,0.0
-4.40181,-0.70029,0.0
-4.40181,-0.60025,0.0
-4.40181,-0.50021,0.0
-4.40181,-0.40016,0.0
-4.40181,-0.30012,0.0
-4.40181,-0.20008,0.0
-4.40181,-0.10004,0.0
-4.40181,0,0.0
-4.40181,0.10004,0.0
-4.40181,0.20008,0.0
-4.40181,0.30012,0.0
-4.40181,0.40016,0.0
-4.40181,0.50021,0.0
-4.40181,0.60025,0.0
-4.40181,0.70029,0.0
-4.40181,0.80033,0.0
-4.40181,0.90037,0.0
-4.40181,1.00041,0.0
-4.40181,1.10045,0.0
-4.40181,1.20049,0.0
-4.40181,1.30054,0.0
-4.40181,1.40058,0.0
-4.40181,1.50062,0.0
-4.40181,1.60066,0.0
-4.40181,1.7007,0.0
-4.40181,1.80074,0.0
-4.40181,1.90078,0.0
-4.40181,2.00082,0.0
-4.40181,2.10087,0.0
-4.40181,2.20091,0.0
-4.40181,2.30095,0.0
-4.40181,2.40099,0.0
-4.40181,2.50103,0.0
-4.40181,2.60107,0.0
-4.40181,2.70111,0.0
-4.40181,2.80115,0.0
-4.40181,2.9012,0.0
-4.40181,3.00124,0.0
-4.40181,3.10128,0.0
-4.40181,3.20132,0.0
-4.40181,3.30136,0.0
-4.40181,3.4014,0.0
-4.40181,3.50144,0.0
-4.40181,3.60148,0.0
-4.40181,3.70152,0.0
-4.40181,3.80157,0.0
-4.40181,3.90161,0.0
-4.40181,4.00165,0.0
-4.40181,4.10169,0.0
-4.40181,4.20173,0.0
-4.40181,4.30177,0.0
-4.40181,4.40181,0.0
-4.40181,4.50185,0.0
-4.40181,4.6019,0.0
-4.40181,4.70194,0.0
-4.40181,4.80198,0.0
-4.40181,4.90202,0.0
-4.40181,5.00206,0.0
-4.40181,5.1021,0.0
-4.40181,5.20214,0.0
-4.40181,5.30218,0.0
-4.40181,5.40223,0.0
-4.40181,5.50227,0.0
-4.40181,5.60231,0.0
-4.40181,5.70235,0.0
-4.40181,5.80239,0.0
-4.40181,5.90243,0.0
-4.40181,6.00247,0.0
-4.40181,6.10251,0.0
-4.40181,6.20256,0.0
-4.40181,6.3026,0.0
-4.40181,6.40264,0.0
-4.40181,6.50268,0.0
-4.40181,6.60272,0.0
-4.40181,6.70276,0.0
-4.40181,6.8028,0.0
-4.40181,6.90284,0.0
-4.40181,7.00289,0.0
-4.40181,7.10293,0.0
-4.40181,7.20297,0.0
-4.40181,7.30301,0.0
-4.40181,7.40305,0.0
-4.40181,7.50309,0.0
-4.40181,7.60313,0.0
-4.40181,7.70317,0.0
-4.40181,7.80321,0.0
-4.40181,7.90326,0.0
-4.40181,8.0033,0.0
-4.40181,8.10334,0.0
-4.40181,8.20338,0.0
-4.40181,8.30342,0.0
-4.40181,8.40346,0.0
-4.40181,8.5035,0.0
-4.40181,8.60354,0.0
-4.40181,8.70359,0.0
-4.30177,-8.80363,0.0
-4.30177,-8.70359,0.0
-4.30177,-8.60354,0.0
-4.30177,-8.5035,0.0
-4.30177,-8.40346,0.0
-4.30177,-8.30342,0.0
-4.30177,-8.20338,0.0
-4.30177,-8.10334,0.0
-4.30177,-8.0033,0.0
-4.30177,-7.90326,0.0
-4.30177,-7.80321,0.0
-4.30177,-7.70317,0.0
-4.30177,-7.60313,0.0
-4.30177,-7.50309,0.0
-4.30177,-7.40305,0.0
-4.30177,-7.30301,0.0
-4.30177,-7.20297,0.0
-4.30177,-7.10293,0.0
-4.30177,-7.00289,0.0
-4.30177,-6.90284,0.0
-4.30177,-6.8028,0.0
-4.30177,-6.70276,0.0
-4.30177,-6.60272,0.0
-4.30177,-6.50268,0.0
-4.30177,-6.40264,0.0
-4.30177,-6.3026,0.0
-4.30177,-6.20256,0.0
-4.30177,-6.10251,0.0
-4.30177,-6.00247,0.0
-4.30177,-5.90243,0.0
-4.30177,-5.80239,0.0
-4.30177,-5.70235,0.0
-4.30177,-5.60231,0.0
-4.30177,-5.50227,0.0
-4.30177,-5.40223,0.0
-4.30177,-5.30218,0.0
-4.30177,-5.20214,0.0
-4.30177,-5.1021,0.0
-4.30177,-5.00206,0.0
-4.30177,-4.90202,0.0
-4.30177,-4.80198,0.0
-4.30177,-4.70194,0.0
-4.30177,-4.6019,0.0
-4.30177,-4.50185,0.0
-4.30177,-4.40181,0.0
-4.30177,-4.30177,0.0
-4.30177,-4.20173,0.0
-4.30177,-4.10169,0.0
-4.30177,-4.00165,0.0
-4.30177,-3.90161,0.0
-4.30177,-3.80157,0.0
-4.30177,-3.70152,0.0
-4.30177,-3.60148,0.0
-4.30177,-3.50144,0.0
-4.30177,-3.4014,0.0
-4.30177,-3.30136,0.0
-4.30177,-3.20132,0.0
-4.30177,-3.10128,0.0
-4.30177,-3.00124,0.0
-4.30177,-2.9012,0.0
-4.30177,-2.80115,0.0
-4.30177,-2.70111,0.0
-4.30177,-2.60107,0.0
-4.30177,-2.50103,0.0
-4.30177,-2.40099,0.0
-4.30177,-2.30095,0.0
-4.30177,-2.20091,0.0
-4.30177,-2.10087,0.0
-4.30177,-2.00082,0.0
-4.30177,-1.90078,0.0
-4.30177,-1.80074,0.0
-4.30177,-1.7007,0.0
-4.30177,-1.60066,0.0
-4.30177,-1.50062,0.0
-4.30177,-1.40058,0.0
-4.30177,-1.30054,0.0
-4.30177,-1.20049,0.0
-4.30177,-1.10045,0.0
-4.30177,-1.00041,0.0
-4.30177,-0.90037,0.0
-4.30177,-0.80033,0.0
-4.30177,-0.70029,0.0
-4.30177,-0.60025,0.0
-4.30177,-0.50021,0.0
-4.30177,-0.40016,0.0
-4.30177,-0.30012,0.0
-4.30177,-0.20008,0.0
-4.30177,-0.10004,0.0
-4.30177,0,0.0
-4.30177,0.10004,0.0
-4.30177,0.20008,0.0
-4.30177,0.30012,0.0
-4.30177,0.40016,0.0
-4.30177,0.50021,0.0
-4.30177,0.60025,0.0
-4.30177,0.70029,0.0
-4.30177,0.80033,0.0
-4.30177,0.90037,0.0
-4.30177,1.00041,0.0
-4.30177,1.10045,0.0
-4.30177,1.20049,0.0
-4.30177,1.30054,0.0
-4.30177,1.40058,0.0
-4.30177,1.50062,0.0
-4.30177,1.60066,0.0
-4.30177,1.7007,0.0
-4.30177,1.80074,0.0
-4.30177,1.90078,0.0
-4.30177,2.00082,0.0
-4.30177,2.10087,0.0
-4.30177,2.20091,0.0
-4.30177,2.30095,0.0
-4.30177,2.40099,0.0
-4.30177,2.50103,0.0
-4.30177,2.60107,0.0
-4.30177,2.70111,0.0
-4.30177,2.80115,0.0
-4.30177,2.9012,0.0
-4.30177,3.00124,0.0
-4.30177,3.10128,0.0
-4.30177,3.20132,0.0
-4.30177,3.30136,0.0
-4.30177,3.4014,0.0
-4.30177,3.50144,0.0
-4.30177,3.60148,0.0
-4.30177,3.70152,0.0
-4.30177,3.80157,0.0
-4.30177,3.90161,0.0
-4.30177,4.00165,0.0
-4.30177,4.10169,0.0
-4.30177,4.20173,0.0
-4.30177,4.30177,0.0
-4.30177,4.40181,0.0
-4.30177,4.50185,0.0
-4.30177,4.6019,0.0
-4.30177,4.70194,0.0
-4.30177,4.80198,0.0
-4.30177,4.90202,0.0
-4.30177,5.00206,0.0
-4.30177,5.1021,0.0
-4.30177,5.20214,0.0
-4.30177,5.30218,0.0
-4.30177,5.40223,0.0
-4.30177,5.50227,0.0
-4.30177,5.60231,0.0
-4.30177,5.70235,0.0
-4.30177,5.80239,0.0
-4.30177,5.90243,0.0
-4.30177,6.00247,0.0
-4.30177,6.10251,0.0
-4.30177,6.20256,0.0
-4.30177,6.3026,0.0
-4.30177,6.40264,0.0
-4.30177,6.50268,0.0
-4.30177,6.60272,0.0
-4.30177,6.70276,0.0
-4.30177,6.8028,0.0
-4.30177,6.90284,0.0
-4.30177,7.00289,0.0
-4.30177,7.10293,0.0
-4.30177,7.20297,0.0
-4.30177,7.30301,0.0
-4.30177,7.40305,0.0
-4.30177,7.50309,0.0
-4.30177,7.60313,0.0
-4.30177,7.70317,0.0
-4.30177,7.80321,0.0
-4.30177,7.90326,0.0
-4.30177,8.0033,0.0
-4.30177,8.10334,0.0
-4.30177,8.20338,0.0
-4.30177,8.30342,0.0
-4.30177,8.40346,0.0
-4.30177,8.5035,0.0
-4.30177,8.60354,0.0
-4.30177,8.70359,0.0
-4.30177,8.80363,0.0
-4.20173,-8.80363,0.0
-4.20173,-8.70359,0.0
-4.20173,-8.60354,0.0
-4.20173,-8.5035,0.0
-4.20173,-8.40346,0.0
-4.20173,-8.30342,0.0
-4.20173,-8.20338,0.0
-4.20173,-8.10334,0.0
-4.20173,-8.0033,0.0
-4.20173,-7.90326,0.0
-4.20173,-7.80321,0.0
-4.20173,-7.70317,0.0
-4.20173,-7.60313,0.0
-4.20173,-7.50309,0.0
-4.20173,-7.40305,0.0
-4.20173,-7.30301,0.0
-4.20173,-7.20297,0.0
-4.20173,-7.10293,0.0
-4.20173,-7.00289,0.0
-4.20173,-6.90284,0.0
-4.20173,-6.8028,0.0
-4.20173,-6.70276,0.0
-4.20173,-6.60272,0.0
-4.20173,-6.50268,0.0
-4.20173,-6.40264,0.0
-4.20173,-6.3026,0.0
-4.20173,-6.20256,0.0
-4.20173,-6.10251,0.0
-4.20173,-6.00247,0.0
-4.20173,-5.90243,0.0
-4.20173,-5.80239,0.0
-4.20173,-5.70235,0.0
-4.20173,-5.60231,0.0
-4.20173,-5.50227,0.0
-4.20173,-5.40223,0.0
-4.20173,-5.30218,0.0
-4.20173,-5.20214,0.0
-4.20173,-5.1021,0.0
-4.20173,-5.00206,0.0
-4.20173,-4.90202,0.0
-4.20173,-4.80198,0.0
-4.20173,-4.70194,0.0
-4.20173,-4.6019,0.0
-4.20173,-4.50185,0.0
-4.20173,-4.40181,0.0
-4.20173,-4.30177,0.0
-4.20173,-4.20173,0.0
-4.20173,-4.10169,0.0
-4.20173,-4.00165,0.0
-4.20173,-3.90161,0.0
-4.20173,-3.80157,0.0
-4.20173,-3.70152,0.0
-4.20173,-3.60148,0.0
-4.20173,-3.50144,0.0
-4.20173,-3.4014,0.0
-4.20173,-3.30136,0.0
-4.20173,-3.20132,0.0
-4.20173,-3.10128,0.0
-4.20173,-3.00124,0.0
-4.20173,-2.9012,0.0
-4.20173,-2.80115,0.0
-4.20173,-2.70111,0.0
-4.20173,-2.60107,0.0
-4.20173,-2.50103,0.0
-4.20173,-2.40099,0.0
-4.20173,-2.30095,0.0
-4.20173,-2.20091,0.0
-4.20173,-2.10087,0.0
-4.20173,-2.00082,0.0
-4.20173,-1.90078,0.0
-4.20173,-1.80074,0.0
-4.20173,-1.7007,0.0
-4.20173,-1.60066,0.0
-4.20173,-1.50062,0.0
-4.20173,-1.40058,0.0
-4.20173,-1.30054,0.0
-4.20173,-1.20049,0.0
-4.20173,-1.10045,0.0
-4.20173,-1.00041,0.0
-4.20173,-0.90037,0.0
-4.20173,-0.80033,0.0
-4.20173,-0.70029,0.0
-4.20173,-0.60025,0.0
-4.20173,-0.50021,0.0
-4.20173,-0.40016,0.0
-4.20173,-0.30012,0.0
-4.20173,-0.20008,0.0
-4.20173,-0.10004,0.0
-4.20173,0,0.0
-4.20173,0.10004,0.0
-4.20173,0.20008,0.0
-4.20173,0.30012,0.0
-4.20173,0.40016,0.0
-4.20173,0.50021,0.0
-4.20173,0.60025,0.0
-4.20173,0.70029,0.0
-4.20173,0.80033,0.0
-4.20173,0.90037,0.0
-4.20173,1.00041,0.0
-4.20173,1.10045,0.0
-4.20173,1.20049,0.0
-4.20173,1.30054,0.0
-4.20173,1.40058,0.0
-4.20173,1.50062,0.0
-4.20173,1.60066,0.0
-4.20173,1.7007,0.0
-4.20173,1.80074,0.0
-4.20173,1.90078,0.0
-4.20173,2.00082,0.0
-4.20173,2.10087,0.0
-4.20173,2.20091,0.0
-4.20173,2.30095,0.0
-4.20173,2.40099,0.0
-4.20173,2.50103,0.0
-4.20173,2.60107,0.0
-4.20173,2.70111,0.0
-4.20173,2.80115,0.0
-4.20173,2.9012,0.0
-4.20173,3.00124,0.0
-4.20173,3.10128,0.0
-4.20173,3.20132,0.0
-4.20173,3.30136,0.0
-4.20173,3.4014,0.0
-4.20173,3.50144,0.0
-4.20173,3.60148,0.0
-4.20173,3.70152,0.0
-4.20173,3.80157,0.0
-4.20173,3.90161,0.0
-4.20173,4.00165,0.0
-4.20173,4.10169,0.0
-4.20173,4.20173,0.0
-4.20173,4.30177,0.0
-4.20173,4.40181,0.0
-4.20173,4.50185,0.0
-4.20173,4.6019,0.0
-4.20173,4.70194,0.0
-4.20173,4.80198,0.0
-4.20173,4.90202,0.0
-4.20173,5.00206,0.0
-4.20173,5.1021,0.0
-4.20173,5.20214,0.0
-4.20173,5.30218,0.0
-4.20173,5.40223,0.0
-4.20173,5.50227,0.0
-4.20173,5.60231,0.0
-4.20173,5.70235,0.0
-4.20173,5.80239,0.0
-4.20173,5.90243,0.0
-4.20173,6.00247,0.0
-4.20173,6.10251,0.0
-4.20173,6.20256,0.0
-4.20173,6.3026,0.0
-4.20173,6.40264,0.0
-4.20173,6.50268,0.0
-4.20173,6.60272,0.0
-4.20173,6.70276,0.0
-4.20173,6.8028,0.0
-4.20173,6.90284,0.0
-4.20173,7.00289,0.0
-4.20173,7.10293,0.0
-4.20173,7.20297,0.0
-4.20173,7.30301,0.0
-4.20173,7.40305,0.0
-4.20173,7.50309,0.0
-4.20173,7.60313,0.0
-4.20173,7.70317,0.0
-4.20173,7.80321,0.0
-4.20173,7.90326,0.0
-4.20173,8.0033,0.0
-4.20173,8.10334,0.0
-4.20173,8.20338,0.0
-4.20173,8.30342,0.0
-4.20173,8.40346,0.0
-4.20173,8.5035,0.0
-4.20173,8.60354,0.0
-4.20173,8.70359,0.0
-4.20173,8.80363,0.0
-4.10169,-8.80363,0.0
-4.10169,-8.70359,0.0
-4.10169,-8.60354,0.0
-4.10169,-8.5035,0.0
-4.10169,-8.40346,0.0
-4.10169,-8.30342,0.0
-4.10169,-8.20338,0.0
-4.10169,-8.10334,0.0
-4.10169,-8.0033,0.0
-4.10169,-7.90326,0.0
-4.10169,-7.80321,0.0
-4.10169,-7.70317,0.0
-4.10169,-7.60313,0.0
-4.10169,-7.50309,0.0
-4.10169,-7.40305,0.0
-4.10169,-7.30301,0.0
-4.10169,-7.20297,0.0
-4.10169,-7.10293,0.0
-4.10169,-7.00289,0.0
-4.10169,-6.90284,0.0
-4.10169,-6.8028,0.0
-4.10169,-6.70276,0.0
-4.10169,-6.60272,0.0
-4.10169,-6.50268,0.0
-4.10169,-6.40264,0.0
-4.10169,-6.3026,0.0
-4.10169,-6.20256,0.0
-4.10169,-6.10251,0.0
-4.10169,-6.00247,0.0
-4.10169,-5.90243,0.0
-4.10169,-5.80239,0.0
-4.10169,-5.70235,0.0
-4.10169,-5.60231,0.0
-4.10169,-5.50227,0.0
-4.10169,-5.40223,0.0
-4.10169,-5.30218,0.0
-4.10169,-5.20214,0.0
-4.10169,-5.1021,0.0
-4.10169,-5.00206,0.0
-4.10169,-4.90202,0.0
-4.10169,-4.80198,0.0
-4.10169,-4.70194,0.0
-4.10169,-4.6019,0.0
-4.10169,-4.50185,0.0
-4.10169,-4.40181,0.0
-4.10169,-4.30177,0.0
-4.10169,-4.20173,0.0
-4.10169,-4.10169,0.0
-4.10169,-4.00165,0.0
-4.10169,-3.90161,0.0
-4.10169,-3.80157,0.0
-4.10169,-3.70152,0.0
-4.10169,-3.60148,0.0
-4.10169,-3.50144,0.0
-4.10169,-3.4014,0.0
-4.10169,-3.30136,0.0
-4.10169,-3.20132,0.0
-4.10169,-3.10128,0.0
-4.10169,-3.00124,0.0
-4.10169,-2.9012,0.0
-4.10169,-2.80115,0.0
-4.10169,-2.70111,0.0
-4.10169,-2.60107,0.0
-4.10169,-2.50103,0.0
-4.10169,-2.40099,0.0
-4.10169,-2.30095,0.0
-4.10169,-2.20091,0.0
-4.10169,-2.10087,0.0
-4.10169,-2.00082,0.0
-4.10169,-1.90078,0.0
-4.10169,-1.80074,0.0
-4.10169,-1.7007,0.0
-4.10169,-1.60066,0.0
-4.10169,-1.50062,0.0
-4.10169,-1.40058,0.0
-4.10169,-1.30054,0.0
-4.10169,-1.20049,0.0
-4.10169,-1.10045,0.0
-4.10169,-1.00041,0.0
-4.10169,-0.90037,0.0
-4.10169,-0.80033,0.0
-4.10169,-0.70029,0.0
-4.10169,-0.60025,0.0
-4.10169,-0.50021,0.0
-4.10169,-0.40016,0.0
-4.10169,-0.30012,0.0
-4.10169,-0.20008,0.0
-4.10169,-0.10004,0.0
-4.10169,0,0.0
-4.10169,0.10004,0.0
-4.10169,0.20008,0.0
-4.10169,0.30012,0.0
-4.10169,0.40016,0.0
-4.10169,0.50021,0.0
-4.10169,0.60025,0.0
-4.10169,0.70029,0.0
-4.10169,0.80033,0.0
-4.10169,0.90037,0.0
-4.10169,1.00041,0.0
-4.10169,1.10045,0.0
-4.10169,1.20049,0.0
-4.10169,1.30054,0.0
-4.10169,1.40058,0.0
-4.10169,1.50062,0.0
-4.10169,1.60066,0.0
-4.10169,1.7007,0.0
-4.10169,1.80074,0.0
-4.10169,1.90078,0.0
-4.10169,2.00082,0.0
-4.10169,2.10087,0.0
-4.10169,2.20091,0.0
-4.10169,2.30095,0.0
-4.10169,2.40099,0.0
-4.10169,2.50103,0.0
-4.10169,2.60107,0.0
-4.10169,2.70111,0.0
-4.10169,2.80115,0.0
-4.10169,2.9012,0.0
-4.10169,3.00124,0.0
-4.10169,3.10128,0.0
-4.10169,3.20132,0.0
-4.10169,3.30136,0.0
-4.10169,3.4014,0.0
-4.10169,3.50144,0.0
-4.10169,3.60148,0.0
-4.10169,3.70152,0.0
-4.10169,3.80157,0.0
-4.10169,3.90161,0.0
-4.10169,4.00165,0.0
-4.10169,4.10169,0.0
-4.10169,4.20173,0.0
-4.10169,4.30177,0.0
-4.10169,4.40181,0.0
-4.10169,4.50185,0.0
-4.10169,4.6019,0.0
-4.10169,4.70194,0.0
-4.10169,4.80198,0.0
-4.10169,4.90202,0.0
-4.10169,5.00206,0.0
-4.10169,5.1021,0.0
-4.10169,5.20214,0.0
-4.10169,5.30218,0.0
-4.10169,5.40223,0.0
-4.10169,5.50227,0.0
-4.10169,5.60231,0.0
-4.10169,5.70235,0.0
-4.10169,5.80239,0.0
-4.10169,5.90243,0.0
-4.10169,6.00247,0.0
-4.10169,6.10251,0.0
-4.10169,6.20256,0.0
-4.10169,6.3026,0.0
-4.10169,6.40264,0.0
-4.10169,6.50268,0.0
-4.10169,6.60272,0.0
-4.10169,6.70276,0.0
-4.10169,6.8028,0.0
-4.10169,6.90284,0.0
-4.10169,7.00289,0.0
-4.10169,7.10293,0.0
-4.10169,7.20297,0.0
-4.10169,7.30301,0.0
-4.10169,7.40305,0.0
-4.10169,7.50309,0.0
-4.10169,7.60313,0.0
-4.10169,7.70317,0.0
-4.10169,7.80321,0.0
-4.10169,7.90326,0.0
-4.10169,8.0033,0.0
-4.10169,8.10334,0.0
-4.10169,8.20338,0.0
-4.10169,8.30342,0.0
-4.10169,8.40346,0.0
-4.10169,8.5035,0.0
-4.10169,8.60354,0.0
-4.10169,8.70359,0.0
-4.10169,8.80363,0.0
-4.00165,-8.90367,0.0
-4.00165,-8.80363,0.0
-4.00165,-8.70359,0.0
-4.00165,-8.60354,0.0
-4.00165,-8.5035,0.0
-4.00165,-8.40346,0.0
-4.00165,-8.30342,0.0
-4.00165,-8.20338,0.0
-4.00165,-8.10334,0.0
-4.00165,-8.0033,0.0
-4.00165,-7.90326,0.0
-4.00165,-7.80321,0.0
-4.00165,-7.70317,0.0
-4.00165,-7.60313,0.0
-4.00165,-7.50309,0.0
-4.00165,-7.40305,0.0
-4.00165,-7.30301,0.0
-4.00165,-7.20297,0.0
-4.00165,-7.10293,0.0
-4.00165,-7.00289,0.0
-4.00165,-6.90284,0.0
-4.00165,-6.8028,0.0
-4.00165,-6.70276,0.0
-4.00165,-6.60272,0.0
-4.00165,-6.50268,0.0
-4.00165,-6.40264,0.0
-4.00165,-6.3026,0.0
-4.00165,-6.20256,0.0
-4.00165,-6.10251,0.0
-4.00165,-6.00247,0.0
-4.00165,-5.90243,0.0
-4.00165,-5.80239,0.0
-4.00165,-5.70235,0.0
-4.00165,-5.60231,0.0
-4.00165,-5.50227,0.0
-4.00165,-5.40223,0.0
-4.00165,-5.30218,0.0
-4.00165,-5.20214,0.0
-4.00165,-5.1021,0.0
-4.00165,-5.00206,0.0
-4.00165,-4.90202,0.0
-4.00165,-4.80198,0.0
-4.00165,-4.70194,0.0
-4.00165,-4.6019,0.0
-4.00165,-4.50185,0.0
-4.00165,-4.40181,0.0
-4.00165,-4.30177,0.0
-4.00165,-4.20173,0.0
-4.00165,-4.10169,0.0
-4.00165,-4.00165,0.0
-4.00165,-3.90161,0.0
-4.00165,-3.80157,0.0
-4.00165,-3.70152,0.0
-4.00165,-3.60148,0.0
-4.00165,-3.50144,0.0
-4.00165,-3.4014,0.0
-4.00165,-3.30136,0.0
-4.00165,-3.20132,0.0
-4.00165,-3.10128,0.0
-4.00165,-3.00124,0.0
-4.00165,-2.9012,0.0
-4.00165,-2.80115,0.0
-4.00165,-2.70111,0.0
-4.00165,-2.60107,0.0
-4.00165,-2.50103,0.0
-4.00165,-2.40099,0.0
-4.00165,-2.30095,0.0
-4.00165,-2.20091,0.0
-4.00165,-2.10087,0.0
-4.00165,-2.00082,0.0
-4.00165,-1.90078,0.0
-4.00165,-1.80074,0.0
-4.00165,-1.7007,0.0
-4.00165,-1.60066,0.0
-4.00165,-1.50062,0.0
-4.00165,-1.40058,0.0
-4.00165,-1.30054,0.0
-4.00165,-1.20049,0.0
-4.00165,-1.10045,0.0
-4.00165,-1.00041,0.0
-4.00165,-0.90037,0.0
-4.00165,-0.80033,0.0
-4.00165,-0.70029,0.0
-4.00165,-0.60025,0.0
-4.00165,-0.50021,0.0
-4.00165,-0.40016,0.0
-4.00165,-0.30012,0.0
-4.00165,-0.20008,0.0
-4.00165,-0.10004,0.0
-4.00165,0,0.0
-4.00165,0.10004,0.0
-4.00165,0.20008,0.0
-4.00165,0.30012,0.0
-4.00165,0.40016,0.0
-4.00165,0.50021,0.0
-4.00165,0.60025,0.0
-4.00165,0.70029,0.0
-4.00165,0.80033,0.0
-4.00165,0.90037,0.0
-4.00165,1.00041,0.0
-4.00165,1.10045,0.0
-4.00165,1.20049,0.0
-4.00165,1.30054,0.0
-4.00165,1.40058,0.0
-4.00165,1.50062,0.0
-4.00165,1.60066,0.0
-4.00165,1.7007,0.0
-4.00165,1.80074,0.0
-4.00165,1.90078,0.0
-4.00165,2.00082,0.0
-4.00165,2.10087,0.0
-4.00165,2.20091,0.0
-4.00165,2.30095,0.0
-4.00165,2.40099,0.0
-4.00165,2.50103,0.0
-4.00165,2.60107,0.0
-4.00165,2.70111,0.0
-4.00165,2.80115,0.0
-4.00165,2.9012,0.0
-4.00165,3.00124,0.0
-4.00165,3.10128,0.0
-4.00165,3.20132,0.0
-4.00165,3.30136,0.0
-4.00165,3.4014,0.0
-4.00165,3.50144,0.0
-4.00165,3.60148,0.0
-4.00165,3.70152,0.0
-4.00165,3.80157,0.0
-4.00165,3.90161,0.0
-4.00165,4.00165,0.0
-4.00165,4.10169,0.0
-4.00165,4.20173,0.0
-4.00165,4.30177,0.0
-4.00165,4.40181,0.0
-4.00165,4.50185,0.0
-4.00165,4.6019,0.0
-4.00165,4.70194,0.0
-4.00165,4.80198,0.0
-4.00165,4.90202,0.0
-4.00165,5.00206,0.0
-4.00165,5.1021,0.0
-4.00165,5.20214,0.0
-4.00165,5.30218,0.0
-4.00165,5.40223,0.0
-4.00165,5.50227,0.0
-4.00165,5.60231,0.0
-4.00165,5.70235,0.0
-4.00165,5.80239,0.0
-4.00165,5.90243,0.0
-4.00165,6.00247,0.0
-4.00165,6.10251,0.0
-4.00165,6.20256,0.0
-4.00165,6.3026,0.0
-4.00165,6.40264,0.0
-4.00165,6.50268,0.0
-4.00165,6.60272,0.0
-4.00165,6.70276,0.0
-4.00165,6.8028,0.0
-4.00165,6.90284,0.0
-4.00165,7.00289,0.0
-4.00165,7.10293,0.0
-4.00165,7.20297,0.0
-4.00165,7.30301,0.0
-4.00165,7.40305,0.0
-4.00165,7.50309,0.0
-4.00165,7.60313,0.0
-4.00165,7.70317,0.0
-4.00165,7.80321,0.0
-4.00165,7.90326,0.0
-4.00165,8.0033,0.0
-4.00165,8.10334,0.0
-4.00165,8.20338,0.0
-4.00165,8.30342,0.0
-4.00165,8.40346,0.0
-4.00165,8.5035,0.0
-4.00165,8.60354,0.0
-4.00165,8.70359,0.0
-4.00165,8.80363,0.0
-4.00165,8.90367,0.0
-3.90161,-8.90367,0.0
-3.90161,-8.80363,0.0
-3.90161,-8.70359,0.0
-3.90161,-8.60354,0.0
-3.90161,-8.5035,0.0
-3.90161,-8.40346,0.0
-3.90161,-8.30342,0.0
-3.90161,-8.20338,0.0
-3.90161,-8.10334,0.0
-3.90161,-8.0033,0.0
-3.90161,-7.90326,0.0
-3.90161,-7.80321,0.0
-3.90161,-7.70317,0.0
-3.90161,-7.60313,0.0
-3.90161,-7.50309,0.0
-3.90161,-7.40305,0.0
-3.90161,-7.30301,0.0
-3.90161,-7.20297,0.0
-3.90161,-7.10293,0.0
-3.90161,-7.00289,0.0
-3.90161,-6.90284,0.0
-3.90161,-6.8028,0.0
-3.90161,-6.70276,0.0
-3.90161,-6.60272,0.0
-3.90161,-6.50268,0.0
-3.90161,-6.40264,0.0
-3.90161,-6.3026,0.0
-3.90161,-6.20256,0.0
-3.90161,-6.10251,0.0
-3.90161,-6.00247,0.0
-3.90161,-5.90243,0.0
-3.90161,-5.80239,0.0
-3.90161,-5.70235,0.0
-3.90161,-5.60231,0.0
-3.90161,-5.50227,0.0
-3.90161,-5.40223,0.0
-3.90161,-5.30218,0.0
-3.90161,-5.20214,0.0
-3.90161,-5.1021,0.0
-3.90161,-5.00206,0.0
-3.90161,-4.90202,0.0
-3.90161,-4.80198,0.0
-3.90161,-4.70194,0.0
-3.90161,-4.6019,0.0
-3.90161,-4.50185,0.0
-3.90161,-4.40181,0.0
-3.90161,-4.30177,0.0
-3.90161,-4.20173,0.0
-3.90161,-4.10169,0.0
-3.90161,-4.00165,0.0
-3.90161,-3.90161,0.0
-3.90161,-3.80157,0.0
-3.90161,-3.70152,0.0
-3.90161,-3.60148,0.0
-3.90161,-3.50144,0.0
-3.90161,-3.4014,0.0
-3.90161,-3.30136,0.0
-3.90161,-3.20132,0.0
-3.90161,-3.10128,0.0
-3.90161,-3.00124,0.0
-3.90161,-2.9012,0.0
-3.90161,-2.80115,0.0
-3.90161,-2.70111,0.0
-3.90161,-2.60107,0.0
-3.90161,-2.50103,0.0
-3.90161,-2.40099,0.0
-3.90161,-2.30095,0.0
-3.90161,-2.20091,0.0
-3.90161,-2.10087,0.0
-3.90161,-2.00082,0.0
-3.90161,-1.90078,0.0
-3.90161,-1.80074,0.0
-3.90161,-1.7007,0.0
-3.90161,-1.60066,0.0
-3.90161,-1.50062,0.0
-3.90161,-1.40058,0.0
-3.90161,-1.30054,0.0
-3.90161,-1.20049,0.0
-3.90161,-1.10045,0.0
-3.90161,-1.00041,0.0
-3.90161,-0.90037,0.0
-3.90161,-0.80033,0.0
-3.90161,-0.70029,0.0
-3.90161,-0.60025,0.0
-3.90161,-0.50021,0.0
-3.90161,-0.40016,0.0
-3.90161,-0.30012,0.0
-3.90161,-0.20008,0.0
-3.90161,-0.10004,0.0
-3.90161,0,0.0
-3.90161,0.10004,0.0
-3.90161,0.20008,0.0
-3.90161,0.30012,0.0
-3.90161,0.40016,0.0
-3.90161,0.50021,0.0
-3.90161,0.60025,0.0
-3.90161,0.70029,0.0
-3.90161,0.80033,0.0
-3.90161,0.90037,0.0
-3.90161,1.00041,0.0
-3.90161,1.10045,0.0
-3.90161,1.20049,0.0
-3.90161,1.30054,0.0
-3.90161,1.40058,0.0
-3.90161,1.50062,0.0
-3.90161,1.60066,0.0
-3.90161,1.7007,0.0
-3.90161,1.80074,0.0
-3.90161,1.90078,0.0
-3.90161,2.00082,0.0
-3.90161,2.10087,0.0
-3.90161,2.20091,0.0
-3.90161,2.30095,0.0
-3.90161,2.40099,0.0
-3.90161,2.50103,0.0
-3.90161,2.60107,0.0
-3.90161,2.70111,0.0
-3.90161,2.80115,0.0
-3.90161,2.9012,0.0
-3.90161,3.00124,0.0
-3.90161,3.10128,0.0
-3.90161,3.20132,0.0
-3.90161,3.30136,0.0
-3.90161,3.4014,0.0
-3.90161,3.50144,0.0
-3.90161,3.60148,0.0
-3.90161,3.70152,0.0
-3.90161,3.80157,0.0
-3.90161,3.90161,0.0
-3.90161,4.00165,0.0
-3.90161,4.10169,0.0
-3.90161,4.20173,0.0
-3.90161,4.30177,0.0
-3.90161,4.40181,0.0
-3.90161,4.50185,0.0
-3.90161,4.6019,0.0
-3.90161,4.70194,0.0
-3.90161,4.80198,0.0
-3.90161,4.90202,0.0
-3.90161,5.00206,0.0
-3.90161,5.1021,0.0
-3.90161,5.20214,0.0
-3.90161,5.30218,0.0
-3.90161,5.40223,0.0
-3.90161,5.50227,0.0
-3.90161,5.60231,0.0
-3.90161,5.70235,0.0
-3.90161,5.80239,0.0
-3.90161,5.90243,0.0
-3.90161,6.00247,0.0
-3.90161,6.10251,0.0
-3.90161,6.20256,0.0
-3.90161,6.3026,0.0
-3.90161,6.40264,0.0
-3.90161,6.50268,0.0
-3.90161,6.60272,0.0
-3.90161,6.70276,0.0
-3.90161,6.8028,0.0
-3.90161,6.90284,0.0
-3.90161,7.00289,0.0
-3.90161,7.10293,0.0
-3.90161,7.20297,0.0
-3.90161,7.30301,0.0
-3.90161,7.40305,0.0
-3.90161,7.50309,0.0
-3.90161,7.60313,0.0
-3.90161,7.70317,0.0
-3.90161,7.80321,0.0
-3.90161,7.90326,0.0
-3.90161,8.0033,0.0
-3.90161,8.10334,0.0
-3.90161,8.20338,0.0
-3.90161,8.30342,0.0
-3.90161,8.40346,0.0
-3.90161,8.5035,0.0
-3.90161,8.60354,0.0
-3.90161,8.70359,0.0
-3.90161,8.80363,0.0
-3.90161,8.90367,0.0
-3.80157,-9.00371,0.0
-3.80157,-8.90367,0.0
-3.80157,-8.80363,0.0
-3.80157,-8.70359,0.0
-3.80157,-8.60354,0.0
-3.80157,-8.5035,0.0
-3.80157,-8.40346,0.0
-3.80157,-8.30342,0.0
-3.80157,-8.20338,0.0
-3.80157,-8.10334,0.0
-3.80157,-8.0033,0.0
-3.80157,-7.90326,0.0
-3.80157,-7.80321,0.0
-3.80157,-7.70317,0.0
-3.80157,-7.60313,0.0
-3.80157,-7.50309,0.0
-3.80157,-7.40305,0.0
-3.80157,-7.30301,0.0
-3.80157,-7.20297,0.0
-3.80157,-7.10293,0.0
-3.80157,-7.00289,0.0
-3.80157,-6.90284,0.0
-3.80157,-6.8028,0.0
-3.80157,-6.70276,0.0
-3.80157,-6.60272,0.0
-3.80157,-6.50268,0.0
-3.80157,-6.40264,0.0
-3.80157,-6.3026,0.0
-3.80157,-6.20256,0.0
-3.80157,-6.10251,0.0
-3.80157,-6.00247,0.0
-3.80157,-5.90243,0.0
-3.80157,-5.80239,0.0
-3.80157,-5.70235,0.0
-3.80157,-5.60231,0.0
-3.80157,-5.50227,0.0
-3.80157,-5.40223,0.0
-3.80157,-5.30218,0.0
-3.80157,-5.20214,0.0
-3.80157,-5.1021,0.0
-3.80157,-5.00206,0.0
-3.80157,-4.90202,0.0
-3.80157,-4.80198,0.0
-3.80157,-4.70194,0.0
-3.80157,-4.6019,0.0
-3.80157,-4.50185,0.0
-3.80157,-4.40181,0.0
-3.80157,-4.30177,0.0
-3.80157,-4.20173,0.0
-3.80157,-4.10169,0.0
-3.80157,-4.00165,0.0
-3.80157,-3.90161,0.0
-3.80157,-3.80157,0.0
-3.80157,-3.70152,0.0
-3.80157,-3.60148,0.0
-3.80157,-3.50144,0.0
-3.80157,-3.4014,0.0
-3.80157,-3.30136,0.0
-3.80157,-3.20132,0.0
-3.80157,-3.10128,0.0
-3.80157,-3.00124,0.0
-3.80157,-2.9012,0.0
-3.80157,-2.80115,0.0
-3.80157,-2.70111,0.0
-3.80157,-2.60107,0.0
-3.80157,-2.50103,0.0
-3.80157,-2.40099,0.0
-3.80157,-2.30095,0.0
-3.80157,-2.20091,0.0
-3.80157,-2.10087,0.0
-3.80157,-2.00082,0.0
-3.80157,-1.90078,0.0
-3.80157,-1.80074,0.0
-3.80157,-1.7007,0.0
-3.80157,-1.60066,0.0
-3.80157,-1.50062,0.0
-3.80157,-1.40058,0.0
-3.80157,-1.30054,0.0
-3.80157,-1.20049,0.0
-3.80157,-1.10045,0.0
-3.80157,-1.00041,0.0
-3.80157,-0.90037,0.0
-3.80157,-0.80033,0.0
-3.80157,-0.70029,0.0
-3.80157,-0.60025,0.0
-3.80157,-0.50021,0.0
-3.80157,-0.40016,0.0
-3.80157,-0.30012,0.0
-3.80157,-0.20008,0.0
-3.80157,-0.10004,0.0
-3.80157,0,0.0
-3.80157,0.10004,0.0
-3.80157,0.20008,0.0
-3.80157,0.30012,0.0
-3.80157,0.40016,0.0
-3.80157,0.50021,0.0
-3.80157,0.60025,0.0
-3.80157,0.70029,0.0
-3.80157,0.80033,0.0
-3.80157,0.90037,0.0
-3.80157,1.00041,0.0
-3.80157,1.10045,0.0
-3.80157,1.20049,0.0
-3.80157,1.30054,0.0
-3.80157,1.40058,0.0
-3.80157,1.50062,0.0
-3.80157,1.60066,0.0
-3.80157,1.7007,0.0
-3.80157,1.80074,0.0
-3.80157,1.90078,0.0
-3.80157,2.00082,0.0
-3.80157,2.10087,0.0
-3.80157,2.20091,0.0
-3.80157,2.30095,0.0
-3.80157,2.40099,0.0
-3.80157,2.50103,0.0
-3.80157,2.60107,0.0
-3.80157,2.70111,0.0
-3.80157,2.80115,0.0
-3.80157,2.9012,0.0
-3.80157,3.00124,0.0
-3.80157,3.10128,0.0
-3.80157,3.20132,0.0
-3.80157,3.30136,0.0
-3.80157,3.4014,0.0
-3.80157,3.50144,0.0
-3.80157,3.60148,0.0
-3.80157,3.70152,0.0
-3.80157,3.80157,0.0
-3.80157,3.90161,0.0
-3.80157,4.00165,0.0
-3.80157,4.10169,0.0
-3.80157,4.20173,0.0
-3.80157,4.30177,0.0
-3.80157,4.40181,0.0
-3.80157,4.50185,0.0
-3.80157,4.6019,0.0
-3.80157,4.70194,0.0
-3.80157,4.80198,0.0
-3.80157,4.90202,0.0
-3.80157,5.00206,0.0
-3.80157,5.1021,0.0
-3.80157,5.20214,0.0
-3.80157,5.30218,0.0
-3.80157,5.40223,0.0
-3.80157,5.50227,0.0
-3.80157,5.60231,0.0
-3.80157,5.70235,0.0
-3.80157,5.80239,0.0
-3.80157,5.90243,0.0
-3.80157,6.00247,0.0
-3.80157,6.10251,0.0
-3.80157,6.20256,0.0
-3.80157,6.3026,0.0
-3.80157,6.40264,0.0
-3.80157,6.50268,0.0
-3.80157,6.60272,0.0
-3.80157,6.70276,0.0
-3.80157,6.8028,0.0
-3.80157,6.90284,0.0
-3.80157,7.00289,0.0
-3.80157,7.10293,0.0
-3.80157,7.20297,0.0
-3.80157,7.30301,0.0
-3.80157,7.40305,0.0
-3.80157,7.50309,0.0
-3.80157,7.60313,0.0
-3.80157,7.70317,0.0
-3.80157,7.80321,0.0
-3.80157,7.90326,0.0
-3.80157,8.0033,0.0
-3.80157,8.10334,0.0
-3.80157,8.20338,0.0
-3.80157,8.30342,0.0
-3.80157,8.40346,0.0
-3.80157,8.5035,0.0
-3.80157,8.60354,0.0
-3.80157,8.70359,0.0
-3.80157,8.80363,0.0
-3.80157,8.90367,0.0
-3.80157,9.00371,0.0
-3.70152,-9.00371,0.0
-3.70152,-8.90367,0.0
-3.70152,-8.80363,0.0
-3.70152,-8.70359,0.0
-3.70152,-8.60354,0.0
-3.70152,-8.5035,0.0
-3.70152,-8.40346,0.0
-3.70152,-8.30342,0.0
-3.70152,-8.20338,0.0
-3.70152,-8.10334,0.0
-3.70152,-8.0033,0.0
-3.70152,-7.90326,0.0
-3.70152,-7.80321,0.0
-3.70152,-7.70317,0.0
-3.70152,-7.60313,0.0
-3.70152,-7.50309,0.0
-3.70152,-7.40305,0.0
-3.70152,-7.30301,0.0
-3.70152,-7.20297,0.0
-3.70152,-7.10293,0.0
-3.70152,-7.00289,0.0
-3.70152,-6.90284,0.0
-3.70152,-6.8028,0.0
-3.70152,-6.70276,0.0
-3.70152,-6.60272,0.0
-3.70152,-6.50268,0.0
-3.70152,-6.40264,0.0
-3.70152,-6.3026,0.0
-3.70152,-6.20256,0.0
-3.70152,-6.10251,0.0
-3.70152,-6.00247,0.0
-3.70152,-5.90243,0.0
-3.70152,-5.80239,0.0
-3.70152,-5.70235,0.0
-3.70152,-5.60231,0.0
-3.70152,-5.50227,0.0
-3.70152,-5.40223,0.0
-3.70152,-5.30218,0.0
-3.70152,-5.20214,0.0
-3.70152,-5.1021,0.0
-3.70152,-5.00206,0.0
-3.70152,-4.90202,0.0
-3.70152,-4.80198,0.0
-3.70152,-4.70194,0.0
-3.70152,-4.6019,0.0
-3.70152,-4.50185,0.0
-3.70152,-4.40181,0.0
-3.70152,-4.30177,0.0
-3.70152,-4.20173,0.0
-3.70152,-4.10169,0.0
-3.70152,-4.00165,0.0
-3.70152,-3.90161,0.0
-3.70152,-3.80157,0.0
-3.70152,-3.70152,0.0
-3.70152,-3.60148,0.0
-3.70152,-3.50144,0.0
-3.70152,-3.4014,0.0
-3.70152,-3.30136,0.0
-3.70152,-3.20132,0.0
-3.70152,-3.10128,0.0
-3.70152,-3.00124,0.0
-3.70152,-2.9012,0.0
-3.70152,-2.80115,0.0
-3.70152,-2.70111,0.0
-3.70152,-2.60107,0.0
-3.70152,-2.50103,0.0
-3.70152,-2.40099,0.0
-3.70152,-2.30095,0.0
-3.70152,-2.20091,0.0
-3.70152,-2.10087,0.0
-3.70152,-2.00082,0.0
-3.70152,-1.90078,0.0
-3.70152,-1.80074,0.0
-3.70152,-1.7007,0.0
-3.70152,-1.60066,0.0
-3.70152,-1.50062,0.0
-3.70152,-1.40058,0.0
-3.70152,-1.30054,0.0
-3.70152,-1.20049,0.0
-3.70152,-1.10045,0.0
-3.70152,-1.00041,0.0
-3.70152,-0.90037,0.0
-3.70152,-0.80033,0.0
-3.70152,-0.70029,0.0
-3.70152,-0.60025,0.0
-3.70152,-0.50021,0.0
-3.70152,-0.40016,0.0
-3.70152,-0.30012,0.0
-3.70152,-0.20008,0.0
-3.70152,-0.10004,0.0
-3.70152,0,0.0
-3.70152,0.10004,0.0
-3.70152,0.20008,0.0
-3.70152,0.30012,0.0
-3.70152,0.40016,0.0
-3.70152,0.50021,0.0
-3.70152,0.60025,0.0
-3.70152,0.70029,0.0
-3.70152,0.80033,0.0
-3.70152,0.90037,0.0
-3.70152,1.00041,0.0
-3.70152,1.10045,0.0
-3.70152,1.20049,0.0
-3.70152,1.30054,0.0
-3.70152,1.40058,0.0
-3.70152,1.50062,0.0
-3.70152,1.60066,0.0
-3.70152,1.7007,0.0
-3.70152,1.80074,0.0
-3.70152,1.90078,0.0
-3.70152,2.00082,0.0
-3.70152,2.10087,0.0
-3.70152,2.20091,0.0
-3.70152,2.30095,0.0
-3.70152,2.40099,0.0
-3.70152,2.50103,0.0
-3.70152,2.60107,0.0
-3.70152,2.70111,0.0
-3.70152,2.80115,0.0
-3.70152,2.9012,0.0
-3.70152,3.00124,0.0
-3.70152,3.10128,0.0
-3.70152,3.20132,0.0
-3.70152,3.30136,0.0
-3.70152,3.4014,0.0
-3.70152,3.50144,0.0
-3.70152,3.60148,0.0
-3.70152,3.70152,0.0
-3.70152,3.80157,0.0
-3.70152,3.90161,0.0
-3.70152,4.00165,0.0
-3.70152,4.10169,0.0
-3.70152,4.20173,0.0
-3.70152,4.30177,0.0
-3.70152,4.40181,0.0
-3.70152,4.50185,0.0
-3.70152,4.6019,0.0
-3.70152,4.70194,0.0
-3.70152,4.80198,0.0
-3.70152,4.90202,0.0
-3.70152,5.00206,0.0
-3.70152,5.1021,0.0
-3.70152,5.20214,0.0
-3.70152,5.30218,0.0
-3.70152,5.40223,0.0
-3.70152,5.50227,0.0
-3.70152,5.60231,0.0
-3.70152,5.70235,0.0
-3.70152,5.80239,0.0
-3.70152,5.90243,0.0
-3.70152,6.00247,0.0
-3.70152,6.10251,0.0
-3.70152,6.20256,0.0
-3.70152,6.3026,0.0
-3.70152,6.40264,0.0
-3.70152,6.50268,0.0
-3.70152,6.60272,0.0
-3.70152,6.70276,0.0
-3.70152,6.8028,0.0
-3.70152,6.90284,0.0
-3.70152,7.00289,0.0
-3.70152,7.10293,0.0
-3.70152,7.20297,0.0
-3.70152,7.30301,0.0
-3.70152,7.40305,0.0
-3.70152,7.50309,0.0
-3.70152,7.60313,0.0
-3.70152,7.70317,0.0
-3.70152,7.80321,0.0
-3.70152,7.90326,0.0
-3.70152,8.0033,0.0
-3.70152,8.10334,0.0
-3.70152,8.20338,0.0
-3.70152,8.30342,0.0
-3.70152,8.40346,0.0
-3.70152,8.5035,0.0
-3.70152,8.60354,0.0
-3.70152,8.70359,0.0
-3.70152,8.80363,0.0
-3.70152,8.90367,0.0
-3.70152,9.00371,0.0
-3.60148,-9.10375,0.0
-3.60148,-9.00371,0.0
-3.60148,-8.90367,0.0
-3.60148,-8.80363,0.0
-3.60148,-8.70359,0.0
-3.60148,-8.60354,0.0
-3.60148,-8.5035,0.0
-3.60148,-8.40346,0.0
-3.60148,-8.30342,0.0
-3.60148,-8.20338,0.0
-3.60148,-8.10334,0.0
-3.60148,-8.0033,0.0
-3.60148,-7.90326,0.0
-3.60148,-7.80321,0.0
-3.60148,-7.70317,0.0
-3.60148,-7.60313,0.0
-3.60148,-7.50309,0.0
-3.60148,-7.40305,0.0
-3.60148,-7.30301,0.0
-3.60148,-7.20297,0.0
-3.60148,-7.10293,0.0
-3.60148,-7.00289,0.0
-3.60148,-6.90284,0.0
-3.60148,-6.8028,0.0
-3.60148,-6.70276,0.0
-3.60148,-6.60272,0.0
-3.60148,-6.50268,0.0
-3.60148,-6.40264,0.0
-3.60148,-6.3026,0.0
-3.60148,-6.20256,0.0
-3.60148,-6.10251,0.0
-3.60148,-6.00247,0.0
-3.60148,-5.90243,0.0
-3.60148,-5.80239,0.0
-3.60148,-5.70235,0.0
-3.60148,-5.60231,0.0
-3.60148,-5.50227,0.0
-3.60148,-5.40223,0.0
-3.60148,-5.30218,0.0
-3.60148,-5.20214,0.0
-3.60148,-5.1021,0.0
-3.60148,-5.00206,0.0
-3.60148,-4.90202,0.0
-3.60148,-4.80198,0.0
-3.60148,-4.70194,0.0
-3.60148,-4.6019,0.0
-3.60148,-4.50185,0.0
-3.60148,-4.40181,0.0
-3.60148,-4.30177,0.0
-3.60148,-4.20173,0.0
-3.60148,-4.10169,0.0
-3.60148,-4.00165,0.0
-3.60148,-3.90161,0.0
-3.60148,-3.80157,0.0
-3.60148,-3.70152,0.0
-3.60148,-3.60148,0.0
-3.60148,-3.50144,0.0
-3.60148,-3.4014,0.0
-3.60148,-3.30136,0.0
-3.60148,-3.20132,0.0
-3.60148,-3.10128,0.0
-3.60148,-3.00124,0.0
-3.60148,-2.9012,0.0
-3.60148,-2.80115,0.0
-3.60148,-2.70111,0.0
-3.60148,-2.60107,0.0
-3.60148,-2.50103,0.0
-3.60148,-2.40099,0.0
-3.60148,-2.30095,0.0
-3.60148,-2.20091,0.0
-3.60148,-2.10087,0.0
-3.60148,-2.00082,0.0
-3.60148,-1.90078,0.0
-3.60148,-1.80074,0.0
-3.60148,-1.7007,0.0
-3.60148,-1.60066,0.0
-3.60148,-1.50062,0.0
-3.60148,-1.40058,0.0
-3.60148,-1.30054,0.0
-3.60148,-1.20049,0.0
-3.60148,-1.10045,0.0
-3.60148,-1.00041,0.0
-3.60148,-0.90037,0.0
-3.60148,-0.80033,0.0
-3.60148,-0.70029,0.0
-3.60148,-0.60025,0.0
-3.60148,-0.50021,0.0
-3.60148,-0.40016,0.0
-3.60148,-0.30012,0.0
-3.60148,-0.20008,0.0
-3.60148,-0.10004,0.0
-3.60148,0,0.0
-3.60148,0.10004,0.0
-3.60148,0.20008,0.0
-3.60148,0.30012,0.0
-3.60148,0.40016,0.0
-3.60148,0.50021,0.0
-3.60148,0.60025,0.0
-3.60148,0.70029,0.0
-3.60148,0.80033,0.0
-3.60148,0.90037,0.0
-3.60148,1.00041,0.0
-3.60148,1.10045,0.0
-3.60148,1.20049,0.0
-3.60148,1.30054,0.0
-3.60148,1.40058,0.0
-3.60148,1.50062,0.0
-3.60148,1.60066,0.0
-3.60148,1.7007,0.0
-3.60148,1.80074,0.0
-3.60148,1.90078,0.0
-3.60148,2.00082,0.0
-3.60148,2.10087,0.0
-3.60148,2.20091,0.0
-3.60148,2.30095,0.0
-3.60148,2.40099,0.0
-3.60148,2.50103,0.0
-3.60148,2.60107,0.0
-3.60148,2.70111,0.0
-3.60148,2.80115,0.0
-3.60148,2.9012,0.0
-3.60148,3.00124,0.0
-3.60148,3.10128,0.0
-3.60148,3.20132,0.0
-3.60148,3.30136,0.0
-3.60148,3.4014,0.0
-3.60148,3.50144,0.0
-3.60148,3.60148,0.0
-3.60148,3.70152,0.0
-3.60148,3.80157,0.0
-3.60148,3.90161,0.0
-3.60148,4.00165,0.0
-3.60148,4.10169,0.0
-3.60148,4.20173,0.0
-3.60148,4.30177,0.0
-3.60148,4.40181,0.0
-3.60148,4.50185,0.0
-3.60148,4.6019,0.0
-3.60148,4.70194,0.0
-3.60148,4.80198,0.0
-3.60148,4.90202,0.0
-3.60148,5.00206,0.0
-3.60148,5.1021,0.0
-3.60148,5.20214,0.0
-3.60148,5.30218,0.0
-3.60148,5.40223,0.0
-3.60148,5.50227,0.0
-3.60148,5.60231,0.0
-3.60148,5.70235,0.0
-3.60148,5.80239,0.0
-3.60148,5.90243,0.0
-3.60148,6.00247,0.0
-3.60148,6.10251,0.0
-3.60148,6.20256,0.0
-3.60148,6.3026,0.0
-3.60148,6.40264,0.0
-3.60148,6.50268,0.0
-3.60148,6.60272,0.0
-3.60148,6.70276,0.0
-3.60148,6.8028,0.0
-3.60148,6.90284,0.0
-3.60148,7.00289,0.0
-3.60148,7.10293,0.0
-3.60148,7.20297,0.0
-3.60148,7.30301,0.0
-3.60148,7.40305,0.0
-3.60148,7.50309,0.0
-3.60148,7.60313,0.0
-3.60148,7.70317,0.0
-3.60148,7.80321,0.0
-3.60148,7.90326,0.0
-3.60148,8.0033,0.0
-3.60148,8.10334,0.0
-3.60148,8.20338,0.0
-3.60148,8.30342,0.0
-3.60148,8.40346,0.0
-3.60148,8.5035,0.0
-3.60148,8.60354,0.0
-3.60148,8.70359,0.0
-3.60148,8.80363,0.0
-3.60148,8.90367,0.0
-3.60148,9.00371,0.0
-3.60148,9.10375,0.0
-3.50144,-9.10375,0.0
-3.50144,-9.00371,0.0
-3.50144,-8.90367,0.0
-3.50144,-8.80363,0.0
-3.50144,-8.70359,0.0
-3.50144,-8.60354,0.0
-3.50144,-8.5035,0.0
-3.50144,-8.40346,0.0
-3.50144,-8.30342,0.0
-3.50144,-8.20338,0.0
-3.50144,-8.10334,0.0
-3.50144,-8.0033,0.0
-3.50144,-7.90326,0.0
-3.50144,-7.80321,0.0
-3.50144,-7.70317,0.0
-3.50144,-7.60313,0.0
-3.50144,-7.50309,0.0
-3.50144,-7.40305,0.0
-3.50144,-7.30301,0.0
-3.50144,-7.20297,0.0
-3.50144,-7.10293,0.0
-3.50144,-7.00289,0.0
-3.50144,-6.90284,0.0
-3.50144,-6.8028,0.0
-3.50144,-6.70276,0.0
-3.50144,-6.60272,0.0
-3.50144,-6.50268,0.0
-3.50144,-6.40264,0.0
-3.50144,-6.3026,0.0
-3.50144,-6.20256,0.0
-3.50144,-6.10251,0.0
-3.50144,-6.00247,0.0
-3.50144,-5.90243,0.0
-3.50144,-5.80239,0.0
-3.50144,-5.70235,0.0
-3.50144,-5.60231,0.0
-3.50144,-5.50227,0.0
-3.50144,-5.40223,0.0
-3.50144,-5.30218,0.0
-3.50144,-5.20214,0.0
-3.50144,-5.1021,0.0
-3.50144,-5.00206,0.0
-3.50144,-4.90202,0.0
-3.50144,-4.80198,0.0
-3.50144,-4.70194,0.0
-3.50144,-4.6019,0.0
-3.50144,-4.50185,0.0
-3.50144,-4.40181,0.0
-3.50144,-4.30177,0.0
-3.50144,-4.20173,0.0
-3.50144,-4.10169,0.0
-3.50144,-4.00165,0.0
-3.50144,-3.90161,0.0
-3.50144,-3.80157,0.0
-3.50144,-3.70152,0.0
-3.50144,-3.60148,0.0
-3.50144,-3.50144,0.0
-3.50144,-3.4014,0.0
-3.50144,-3.30136,0.0
-3.50144,-3.20132,0.0
-3.50144,-3.10128,0.0
-3.50144,-3.00124,0.0
-3.50144,-2.9012,0.0
-3.50144,-2.80115,0.0
-3.50144,-2.70111,0.0
-3.50144,-2.60107,0.0
-3.50144,-2.50103,0.0
-3.50144,-2.40099,0.0
-3.50144,-2.30095,0.0
-3.50144,-2.20091,0.0
-3.50144,-2.10087,0.0
-3.50144,-2.00082,0.0
-3.50144,-1.90078,0.0
-3.50144,-1.80074,0.0
-3.50144,-1.7007,0.0
-3.50144,-1.60066,0.0
-3.50144,-1.50062,0.0
-3.50144,-1.40058,0.0
-3.50144,-1.30054,0.0
-3.50144,-1.20049,0.0
-3.50144,-1.10045,0.0
-3.50144,-1.00041,0.0
-3.50144,-0.90037,0.0
-3.50144,-0.80033,0.0
-3.50144,-0.70029,0.0
-3.50144,-0.60025,0.0
-3.50144,-0.50021,0.0
-3.50144,-0.40016,0.0
-3.50144,-0.30012,0.0
-3.50144,-0.20008,0.0
-3.50144,-0.10004,0.0
-3.50144,0,0.0
-3.50144,0.10004,0.0
-3.50144,0.20008,0.0
-3.50144,0.30012,0.0
-3.50144,0.40016,0.0
-3.50144,0.50021,0.0
-3.50144,0.60025,0.0
-3.50144,0.70029,0.0
-3.50144,0.80033,0.0
-3.50144,0.90037,0.0
-3.50144,1.00041,0.0
-3.50144,1.10045,0.0
-3.50144,1.20049,0.0
-3.50144,1.30054,0.0
-3.50144,1.40058,0.0
-3.50144,1.50062,0.0
-3.50144,1.60066,0.0
-3.50144,1.7007,0.0
-3.50144,1.80074,0.0
-3.50144,1.90078,0.0
-3.50144,2.00082,0.0
-3.50144,2.10087,0.0
-3.50144,2.20091,0.0
-3.50144,2.30095,0.0
-3.50144,2.40099,0.0
-3.50144,2.50103,0.0
-3.50144,2.60107,0.0
-3.50144,2.70111,0.0
-3.50144,2.80115,0.0
-3.50144,2.9012,0.0
-3.50144,3.00124,0.0
-3.50144,3.10128,0.0
-3.50144,3.20132,0.0
-3.50144,3.30136,0.0
-3.50144,3.4014,0.0
-3.50144,3.50144,0.0
-3.50144,3.60148,0.0
-3.50144,3.70152,0.0
-3.50144,3.80157,0.0
-3.50144,3.90161,0.0
-3.50144,4.00165,0.0
-3.50144,4.10169,0.0
-3.50144,4.20173,0.0
-3.50144,4.30177,0.0
-3.50144,4.40181,0.0
-3.50144,4.50185,0.0
-3.50144,4.6019,0.0
-3.50144,4.70194,0.0
-3.50144,4.80198,0.0
-3.50144,4.90202,0.0
-3.50144,5.00206,0.0
-3.50144,5.1021,0.0
-3.50144,5.20214,0.0
-3.50144,5.30218,0.0
-3.50144,5.40223,0.0
-3.50144,5.50227,0.0
-3.50144,5.60231,0.0
-3.50144,5.70235,0.0
-3.50144,5.80239,0.0
-3.50144,5.90243,0.0
-3.50144,6.00247,0.0
-3.50144,6.10251,0.0
-3.50144,6.20256,0.0
-3.50144,6.3026,0.0
-3.50144,6.40264,0.0
-3.50144,6.50268,0.0
-3.50144,6.60272,0.0
-3.50144,6.70276,0.0
-3.50144,6.8028,0.0
-3.50144,6.90284,0.0
-3.50144,7.00289,0.0
-3.50144,7.10293,0.0
-3.50144,7.20297,0.0
-3.50144,7.30301,0.0
-3.50144,7.40305,0.0
-3.50144,7.50309,0.0
-3.50144,7.60313,0.0
-3.50144,7.70317,0.0
-3.50144,7.80321,0.0
-3.50144,7.90326,0.0
-3.50144,8.0033,0.0
-3.50144,8.10334,0.0
-3.50144,8.20338,0.0
-3.50144,8.30342,0.0
-3.50144,8.40346,0.0
-3.50144,8.5035,0.0
-3.50144,8.60354,0.0
-3.50144,8.70359,0.0
-3.50144,8.80363,0.0
-3.50144,8.90367,0.0
-3.50144,9.00371,0.0
-3.50144,9.10375,0.0
-3.4014,-9.10375,0.0
-3.4014,-9.00371,0.0
-3.4014,-8.90367,0.0
-3.4014,-8.80363,0.0
-3.4014,-8.70359,0.0
-3.4014,-8.60354,0.0
-3.4014,-8.5035,0.0
-3.4014,-8.40346,0.0
-3.4014,-8.30342,0.0
-3.4014,-8.20338,0.0
-3.4014,-8.10334,0.0
-3.4014,-8.0033,0.0
-3.4014,-7.90326,0.0
-3.4014,-7.80321,0.0
-3.4014,-7.70317,0.0
-3.4014,-7.60313,0.0
-3.4014,-7.50309,0.0
-3.4014,-7.40305,0.0
-3.4014,-7.30301,0.0
-3.4014,-7.20297,0.0
-3.4014,-7.10293,0.0
-3.4014,-7.00289,0.0
-3.4014,-6.90284,0.0
-3.4014,-6.8028,0.0
-3.4014,-6.70276,0.0
-3.4014,-6.60272,0.0
-3.4014,-6.50268,0.0
-3.4014,-6.40264,0.0
-3.4014,-6.3026,0.0
-3.4014,-6.20256,0.0
-3.4014,-6.10251,0.0
-3.4014,-6.00247,0.0
-3.4014,-5.90243,0.0
-3.4014,-5.80239,0.0
-3.4014,-5.70235,0.0
-3.4014,-5.60231,0.0
-3.4014,-5.50227,0.0
-3.4014,-5.40223,0.0
-3.4014,-5.30218,0.0
-3.4014,-5.20214,0.0
-3.4014,-5.1021,0.0
-3.4014,-5.00206,0.0
-3.4014,-4.90202,0.0
-3.4014,-4.80198,0.0
-3.4014,-4.70194,0.0
-3.4014,-4.6019,0.0
-3.4014,-4.50185,0.0
-3.4014,-4.40181,0.0
-3.4014,-4.30177,0.0
-3.4014,-4.20173,0.0
-3.4014,-4.10169,0.0
-3.4014,-4.00165,0.0
-3.4014,-3.90161,0.0
-3.4014,-3.80157,0.0
-3.4014,-3.70152,0.0
-3.4014,-3.60148,0.0
-3.4014,-3.50144,0.0
-3.4014,-3.4014,0.0
-3.4014,-3.30136,0.0
-3.4014,-3.20132,0.0
-3.4014,-3.10128,0.0
-3.4014,-3.00124,0.0
-3.4014,-2.9012,0.0
-3.4014,-2.80115,0.0
-3.4014,-2.70111,0.0
-3.4014,-2.60107,0.0
-3.4014,-2.50103,0.0
-3.4014,-2.40099,0.0
-3.4014,-2.30095,0.0
-3.4014,-2.20091,0.0
-3.4014,-2.10087,0.0
-3.4014,-2.00082,0.0
-3.4014,-1.90078,0.0
-3.4014,-1.80074,0.0
-3.4014,-1.7007,0.0
-3.4014,-1.60066,0.0
-3.4014,-1.50062,0.0
-3.4014,-1.40058,0.0
-3.4014,-1.30054,0.0
-3.4014,-1.20049,0.0
-3.4014,-1.10045,0.0
-3.4014,-1.00041,0.0
-3.4014,-0.90037,0.0
-3.4014,-0.80033,0.0
-3.4014,-0.70029,0.0
-3.4014,-0.60025,0.0
-3.4014,-0.50021,0.0
-3.4014,-0.40016,0.0
-3.4014,-0.30012,0.0
-3.4014,-0.20008,0.0
-3.4014,-0.10004,0.0
-3.4014,0,0.0
-3.4014,0.10004,0.0
-3.4014,0.20008,0.0
-3.4014,0.30012,0.0
-3.4014,0.40016,0.0
-3.4014,0.50021,0.0
-3.4014,0.60025,0.0
-3.4014,0.70029,0.0
-3.4014,0.80033,0.0
-3.4014,0.90037,0.0
-3.4014,1.00041,0.0
-3.4014,1.10045,0.0
-3.4014,1.20049,0.0
-3.4014,1.30054,0.0
-3.4014,1.40058,0.0
-3.4014,1.50062,0.0
-3.4014,1.60066,0.0
-3.4014,1.7007,0.0
-3.4014,1.80074,0.0
-3.4014,1.90078,0.0
-3.4014,2.00082,0.0
-3.4014,2.10087,0.0
-3.4014,2.20091,0.0
-3.4014,2.30095,0.0
-3.4014,2.40099,0.0
-3.4014,2.50103,0.0
-3.4014,2.60107,0.0
-3.4014,2.70111,0.0
-3.4014,2.80115,0.0
-3.4014,2.9012,0.0
-3.4014,3.00124,0.0
-3.4014,3.10128,0.0
-3.4014,3.20132,0.0
-3.4014,3.30136,0.0
-3.4014,3.4014,0.0
-3.4014,3.50144,0.0
-3.4014,3.60148,0.0
-3.4014,3.70152,0.0
-3.4014,3.80157,0.0
-3.4014,3.90161,0.0
-3.4014,4.00165,0.0
-3.4014,4.10169,0.0
-3.4014,4.20173,0.0
-3.4014,4.30177,0.0
-3.4014,4.40181,0.0
-3.4014,4.50185,0.0
-3.4014,4.6019,0.0
-3.4014,4.70194,0.0
-3.4014,4.80198,0.0
-3.4014,4.90202,0.0
-3.4014,5.00206,0.0
-3.4014,5.1021,0.0
-3.4014,5.20214,0.0
-3.4014,5.30218,0.0
-3.4014,5.40223,0.0
-3.4014,5.50227,0.0
-3.4014,5.60231,0.0
-3.4014,5.70235,0.0
-3.4014,5.80239,0.0
-3.4014,5.90243,0.0
-3.4014,6.00247,0.0
-3.4014,6.10251,0.0
-3.4014,6.20256,0.0
-3.4014,6.3026,0.0
-3.4014,6.40264,0.0
-3.4014,6.50268,0.0
-3.4014,6.60272,0.0
-3.4014,6.70276,0.0
-3.4014,6.8028,0.0
-3.4014,6.90284,0.0
-3.4014,7.00289,0.0
-3.4014,7.10293,0.0
-3.4014,7.20297,0.0
-3.4014,7.30301,0.0
-3.4014,7.40305,0.0
-3.4014,7.50309,0.0
-3.4014,7.60313,0.0
-3.4014,7.70317,0.0
-3.4014,7.80321,0.0
-3.4014,7.90326,0.0
-3.4014,8.0033,0.0
-3.4014,8.10334,0.0
-3.4014,8.20338,0.0
-3.4014,8.30342,0.0
-3.4014,8.40346,0.0
-3.4014,8.5035,0.0
-3.4014,8.60354,0.0
-3.4014,8.70359,0.0
-3.4014,8.80363,0.0
-3.4014,8.90367,0.0
-3.4014,9.00371,0.0
-3.4014,9.10375,0.0
-3.30136,-9.20379,0.0
-3.30136,-9.10375,0.0
-3.30136,-9.00371,0.0
-3.30136,-8.90367,0.0
-3.30136,-8.80363,0.0
-3.30136,-8.70359,0.0
-3.30136,-8.60354,0.0
-3.30136,-8.5035,0.0
-3.30136,-8.40346,0.0
-3.30136,-8.30342,0.0
-3.30136,-8.20338,0.0
-3.30136,-8.10334,0.0
-3.30136,-8.0033,0.0
-3.30136,-7.90326,0.0
-3.30136,-7.80321,0.0
-3.30136,-7.70317,0.0
-3.30136,-7.60313,0.0
-3.30136,-7.50309,0.0
-3.30136,-7.40305,0.0
-3.30136,-7.30301,0.0
-3.30136,-7.20297,0.0
-3.30136,-7.10293,0.0
-3.30136,-7.00289,0.0
-3.30136,-6.90284,0.0
-3.30136,-6.8028,0.0
-3.30136,-6.70276,0.0
-3.30136,-6.60272,0.0
-3.30136,-6.50268,0.0
-3.30136,-6.40264,0.0
-3.30136,-6.3026,0.0
-3.30136,-6.20256,0.0
-3.30136,-6.10251,0.0
-3.30136,-6.00247,0.0
-3.30136,-5.90243,0.0
-3.30136,-5.80239,0.0
-3.30136,-5.70235,0.0
-3.30136,-5.60231,0.0
-3.30136,-5.50227,0.0
-3.30136,-5.40223,0.0
-3.30136,-5.30218,0.0
-3.30136,-5.20214,0.0
-3.30136,-5.1021,0.0
-3.30136,-5.00206,0.0
-3.30136,-4.90202,0.0
-3.30136,-4.80198,0.0
-3.30136,-4.70194,0.0
-3.30136,-4.6019,0.0
-3.30136,-4.50185,0.0
-3.30136,-4.40181,0.0
-3.30136,-4.30177,0.0
-3.30136,-4.20173,0.0
-3.30136,-4.10169,0.0
-3.30136,-4.00165,0.0
-3.30136,-3.90161,0.0
-3.30136,-3.80157,0.0
-3.30136,-3.70152,0.0
-3.30136,-3.60148,0.0
-3.30136,-3.50144,0.0
-3.30136,-3.4014,0.0
-3.30136,-3.30136,0.0
-3.30136,-3.20132,0.0
-3.30136,-3.10128,0.0
-3.30136,-3.00124,0.0
-3.30136,-2.9012,0.0
-3.30136,-2.80115,0.0
-3.30136,-2.70111,0.0
-3.30136,-2.60107,0.0
-3.30136,-2.50103,0.0
-3.30136,-2.40099,0.0
-3.30136,-2.30095,0.0
-3.30136,-2.20091,0.0
-3.30136,-2.10087,0.0
-3.30136,-2.00082,0.0
-3.30136,-1.90078,0.0
-3.30136,-1.80074,0.0
-3.30136,-1.7007,0.0
-3.30136,-1.60066,0.0
-3.30136,-1.50062,0.0
-3.30136,-1.40058,0.0
-3.30136,-1.30054,0.0
-3.30136,-1.20049,0.0
-3.30136,-1.10045,0.0
-3.30136,-1.00041,0.0
-3.30136,-0.90037,0.0
-3.30136,-0.80033,0.0
-3.30136,-0.70029,0.0
-3.30136,-0.60025,0.0
-3.30136,-0.50021,0.0
-3.30136,-0.40016,0.0
-3.30136,-0.30012,0.0
-3.30136,-0.20008,0.0
-3.30136,-0.10004,0.0
-3.30136,0,0.0
-3.30136,0.10004,0.0
-3.30136,0.20008,0.0
-3.30136,0.30012,0.0
-3.30136,0.40016,0.0
-3.30136,0.50021,0.0
-3.30136,0.60025,0.0
-3.30136,0.70029,0.0
-3.30136,0.80033,0.0
-3.30136,0.90037,0.0
-3.30136,1.00041,0.0
-3.30136,1.10045,0.0
-3.30136,1.20049,0.0
-3.30136,1.30054,0.0
-3.30136,1.40058,0.0
-3.30136,1.50062,0.0
-3.30136,1.60066,0.0
-3.30136,1.7007,0.0
-3.30136,1.80074,0.0
-3.30136,1.90078,0.0
-3.30136,2.00082,0.0
-3.30136,2.10087,0.0
-3.30136,2.20091,0.0
-3.30136,2.30095,0.0
-3.30136,2.40099,0.0
-3.30136,2.50103,0.0
-3.30136,2.60107,0.0
-3.30136,2.70111,0.0
-3.30136,2.80115,0.0
-3.30136,2.9012,0.0
-3.30136,3.00124,0.0
-3.30136,3.10128,0.0
-3.30136,3.20132,0.0
-3.30136,3.30136,0.0
-3.30136,3.4014,0.0
-3.30136,3.50144,0.0
-3.30136,3.60148,0.0
-3.30136,3.70152,0.0
-3.30136,3.80157,0.0
-3.30136,3.90161,0.0
-3.30136,4.00165,0.0
-3.30136,4.10169,0.0
-3.30136,4.20173,0.0
-3.30136,4.30177,0.0
-3.30136,4.40181,0.0
-3.30136,4.50185,0.0
-3.30136,4.6019,0.0
-3.30136,4.70194,0.0
-3.30136,4.80198,0.0
-3.30136,4.90202,0.0
-3.30136,5.00206,0.0
-3.30136,5.1021,0.0
-3.30136,5.20214,0.0
-3.30136,5.30218,0.0
-3.30136,5.40223,0.0
-3.30136,5.50227,0.0
-3.30136,5.60231,0.0
-3.30136,5.70235,0.0
-3.30136,5.80239,0.0
-3.30136,5.90243,0.0
-3.30136,6.00247,0.0
-3.30136,6.10251,0.0
-3.30136,6.20256,0.0
-3.30136,6.3026,0.0
-3.30136,6.40264,0.0
-3.30136,6.50268,0.0
-3.30136,6.60272,0.0
-3.30136,6.70276,0.0
-3.30136,6.8028,0.0
-3.30136,6.90284,0.0
-3.30136,7.00289,0.0
-3.30136,7.10293,0.0
-3.30136,7.20297,0.0
-3.30136,7.30301,0.0
-3.30136,7.40305,0.0
-3.30136,7.50309,0.0
-3.30136,7.60313,0.0
-3.30136,7.70317,0.0
-3.30136,7.80321,0.0
-3.30136,7.90326,0.0
-3.30136,8.0033,0.0
-3.30136,8.10334,0.0
-3.30136,8.20338,0.0
-3.30136,8.30342,0.0
-3.30136,8.40346,0.0
-3.30136,8.5035,0.0
-3.30136,8.60354,0.0
-3.30136,8.70359,0.0
-3.30136,8.80363,0.0
-3.30136,8.90367,0.0
-3.30136,9.00371,0.0
-3.30136,9.10375,0.0
-3.30136,9.20379,0.0
-3.20132,-9.20379,0.0
-3.20132,-9.10375,0.0
-3.20132,-9.00371,0.0
-3.20132,-8.90367,0.0
-3.20132,-8.80363,0.0
-3.20132,-8.70359,0.0
-3.20132,-8.60354,0.0
-3.20132,-8.5035,0.0
-3.20132,-8.40346,0.0
-3.20132,-8.30342,0.0
-3.20132,-8.20338,0.0
-3.20132,-8.10334,0.0
-3.20132,-8.0033,0.0
-3.20132,-7.90326,0.0
-3.20132,-7.80321,0.0
-3.20132,-7.70317,0.0
-3.20132,-7.60313,0.0
-3.20132,-7.50309,0.0
-3.20132,-7.40305,0.0
-3.20132,-7.30301,0.0
-3.20132,-7.20297,0.0
-3.20132,-7.10293,0.0
-3.20132,-7.00289,0.0
-3.20132,-6.90284,0.0
-3.20132,-6.8028,0.0
-3.20132,-6.70276,0.0
-3.20132,-6.60272,0.0
-3.20132,-6.50268,0.0
-3.20132,-6.40264,0.0
-3.20132,-6.3026,0.0
-3.20132,-6.20256,0.0
-3.20132,-6.10251,0.0
-3.20132,-6.00247,0.0
-3.20132,-5.90243,0.0
-3.20132,-5.80239,0.0
-3.20132,-5.70235,0.0
-3.20132,-5.60231,0.0
-3.20132,-5.50227,0.0
-3.20132,-5.40223,0.0
-3.20132,-5.30218,0.0
-3.20132,-5.20214,0.0
-3.20132,-5.1021,0.0
-3.20132,-5.00206,0.0
-3.20132,-4.90202,0.0
-3.20132,-4.80198,0.0
-3.20132,-4.70194,0.0
-3.20132,-4.6019,0.0
-3.20132,-4.50185,0.0
-3.20132,-4.40181,0.0
-3.20132,-4.30177,0.0
-3.20132,-4.20173,0.0
-3.20132,-4.10169,0.0
-3.20132,-4.00165,0.0
-3.20132,-3.90161,0.0
-3.20132,-3.80157,0.0
-3.20132,-3.70152,0.0
-3.20132,-3.60148,0.0
-3.20132,-3.50144,0.0
-3.20132,-3.4014,0.0
-3.20132,-3.30136,0.0
-3.20132,-3.20132,0.0
-3.20132,-3.10128,0.0
-3.20132,-3.00124,0.0
-3.20132,-2.9012,0.0
-3.20132,-2.80115,0.0
-3.20132,-2.70111,0.0
-3.20132,-2.60107,0.0
-3.20132,-2.50103,0.0
-3.20132,-2.40099,0.0
-3.20132,-2.30095,0.0
-3.20132,-2.20091,0.0
-3.20132,-2.10087,0.0
-3.20132,-2.00082,0.0
-3.20132,-1.90078,0.0
-3.20132,-1.80074,0.0
-3.20132,-1.7007,0.0
-3.20132,-1.60066,0.0
-3.20132,-1.50062,0.0
-3.20132,-1.40058,0.0
-3.20132,-1.30054,0.0
-3.20132,-1.20049,0.0
-3.20132,-1.10045,0.0
-3.20132,-1.00041,0.0
-3.20132,-0.90037,0.0
-3.20132,-0.80033,0.0
-3.20132,-0.70029,0.0
-3.20132,-0.60025,0.0
-3.20132,-0.50021,0.0
-3.20132,-0.40016,0.0
-3.20132,-0.30012,0.0
-3.20132,-0.20008,0.0
-3.20132,-0.10004,0.0
-3.20132,0,0.0
-3.20132,0.10004,0.0
-3.20132,0.20008,0.0
-3.20132,0.30012,0.0
-3.20132,0.40016,0.0
-3.20132,0.50021,0.0
-3.20132,0.60025,0.0
-3.20132,0.70029,0.0
-3.20132,0.80033,0.0
-3.20132,0.90037,0.0
-3.20132,1.00041,0.0
-3.20132,1.10045,0.0
-3.20132,1.20049,0.0
-3.20132,1.30054,0.0
-3.20132,1.40058,0.0
-3.20132,1.50062,0.0
-3.20132,1.60066,0.0
-3.20132,1.7007,0.0
-3.20132,1.80074,0.0
-3.20132,1.90078,0.0
-3.20132,2.00082,0.0
-3.20132,2.10087,0.0
-3.20132,2.20091,0.0
-3.20132,2.30095,0.0
-3.20132,2.40099,0.0
-3.20132,2.50103,0.0
-3.20132,2.60107,0.0
-3.20132,2.70111,0.0
-3.20132,2.80115,0.0
-3.20132,2.9012,0.0
-3.20132,3.00124,0.0
-3.20132,3.10128,0.0
-3.20132,3.20132,0.0
-3.20132,3.30136,0.0
-3.20132,3.4014,0.0
-3.20132,3.50144,0.0
-3.20132,3.60148,0.0
-3.20132,3.70152,0.0
-3.20132,3.80157,0.0
-3.20132,3.90161,0.0
-3.20132,4.00165,0.0
-3.20132,4.10169,0.0
-3.20132,4.20173,0.0
-3.20132,4.30177,0.0
-3.20132,4.40181,0.0
-3.20132,4.50185,0.0
-3.20132,4.6019,0.0
-3.20132,4.70194,0.0
-3.20132,4.80198,0.0
-3.20132,4.90202,0.0
-3.20132,5.00206,0.0
-3.20132,5.1021,0.0
-3.20132,5.20214,0.0
-3.20132,5.30218,0.0
-3.20132,5.40223,0.0
-3.20132,5.50227,0.0
-3.20132,5.60231,0.0
-3.20132,5.70235,0.0
-3.20132,5.80239,0.0
-3.20132,5.90243,0.0
-3.20132,6.00247,0.0
-3.20132,6.10251,0.0
-3.20132,6.20256,0.0
-3.20132,6.3026,0.0
-3.20132,6.40264,0.0
-3.20132,6.50268,0.0
-3.20132,6.60272,0.0
-3.20132,6.70276,0.0
-3.20132,6.8028,0.0
-3.20132,6.90284,0.0
-3.20132,7.00289,0.0
-3.20132,7.10293,0.0
-3.20132,7.20297,0.0
-3.20132,7.30301,0.0
-3.20132,7.40305,0.0
-3.20132,7.50309,0.0
-3.20132,7.60313,0.0
-3.20132,7.70317,0.0
-3.20132,7.80321,0.0
-3.20132,7.90326,0.0
-3.20132,8.0033,0.0
-3.20132,8.10334,0.0
-3.20132,8.20338,0.0
-3.20132,8.30342,0.0
-3.20132,8.40346,0.0
-3.20132,8.5035,0.0
-3.20132,8.60354,0.0
-3.20132,8.70359,0.0
-3.20132,8.80363,0.0
-3.20132,8.90367,0.0
-3.20132,9.00371,0.0
-3.20132,9.10375,0.0
-3.20132,9.20379,0.0
-3.10128,-9.20379,0.0
-3.10128,-9.10375,0.0
-3.10128,-9.00371,0.0
-3.10128,-8.90367,0.0
-3.10128,-8.80363,0.0
-3.10128,-8.70359,0.0
-3.10128,-8.60354,0.0
-3.10128,-8.5035,0.0
-3.10128,-8.40346,0.0
-3.10128,-8.30342,0.0
-3.10128,-8.20338,0.0
-3.10128,-8.10334,0.0
-3.10128,-8.0033,0.0
-3.10128,-7.90326,0.0
-3.10128,-7.80321,0.0
-3.10128,-7.70317,0.0
-3.10128,-7.60313,0.0
-3.10128,-7.50309,0.0
-3.10128,-7.40305,0.0
-3.10128,-7.30301,0.0
-3.10128,-7.20297,0.0
-3.10128,-7.10293,0.0
-3.10128,-7.00289,0.0
-3.10128,-6.90284,0.0
-3.10128,-6.8028,0.0
-3.10128,-6.70276,0.0
-3.10128,-6.60272,0.0
-3.10128,-6.50268,0.0
-3.10128,-6.40264,0.0
-3.10128,-6.3026,0.0
-3.10128,-6.20256,0.0
-3.10128,-6.10251,0.0
-3.10128,-6.00247,0.0
-3.10128,-5.90243,0.0
-3.10128,-5.80239,0.0
-3.10128,-5.70235,0.0
-3.10128,-5.60231,0.0
-3.10128,-5.50227,0.0
-3.10128,-5.40223,0.0
-3.10128,-5.30218,0.0
-3.10128,-5.20214,0.0
-3.10128,-5.1021,0.0
-3.10128,-5.00206,0.0
-3.10128,-4.90202,0.0
-3.10128,-4.80198,0.0
-3.10128,-4.70194,0.0
-3.10128,-4.6019,0.0
-3.10128,-4.50185,0.0
-3.10128,-4.40181,0.0
-3.10128,-4.30177,0.0
-3.10128,-4.20173,0.0
-3.10128,-4.10169,0.0
-3.10128,-4.00165,0.0
-3.10128,-3.90161,0.0
-3.10128,-3.80157,0.0
-3.10128,-3.70152,0.0
-3.10128,-3.60148,0.0
-3.10128,-3.50144,0.0
-3.10128,-3.4014,0.0
-3.10128,-3.30136,0.0
-3.10128,-3.20132,0.0
-3.10128,-3.10128,0.0
-3.10128,-3.00124,0.0
-3.10128,-2.9012,0.0
-3.10128,-2.80115,0.0
-3.10128,-2.70111,0.0
-3.10128,-2.60107,0.0
-3.10128,-2.50103,0.0
-3.10128,-2.40099,0.0
-3.10128,-2.30095,0.0
-3.10128,-2.20091,0.0
-3.10128,-2.10087,0.0
-3.10128,-2.00082,0.0
-3.10128,-1.90078,0.0
-3.10128,-1.80074,0.0
-3.10128,-1.7007,0.0
-3.10128,-1.60066,0.0
-3.10128,-1.50062,0.0
-3.10128,-1.40058,0.0
-3.10128,-1.30054,0.0
-3.10128,-1.20049,0.0
-3.10128,-1.10045,0.0
-3.10128,-1.00041,0.0
-3.10128,-0.90037,0.0
-3.10128,-0.80033,0.0
-3.10128,-0.70029,0.0
-3.10128,-0.60025,0.0
-3.10128,-0.50021,0.0
-3.10128,-0.40016,0.0
-3.10128,-0.30012,0.0
-3.10128,-0.20008,0.0
-3.10128,-0.10004,0.0
-3.10128,0,0.0
-3.10128,0.10004,0.0
-3.10128,0.20008,0.0
-3.10128,0.30012,0.0
-3.10128,0.40016,0.0
-3.10128,0.50021,0.0
-3.10128,0.60025,0.0
-3.10128,0.70029,0.0
-3.10128,0.80033,0.0
-3.10128,0.90037,0.0
-3.10128,1.00041,0.0
-3.10128,1.10045,0.0
-3.10128,1.20049,0.0
-3.10128,1.30054,0.0
-3.10128,1.40058,0.0
-3.10128,1.50062,0.0
-3.10128,1.60066,0.0
-3.10128,1.7007,0.0
-3.10128,1.80074,0.0
-3.10128,1.90078,0.0
-3.10128,2.00082,0.0
-3.10128,2.10087,0.0
-3.10128,2.20091,0.0
-3.10128,2.30095,0.0
-3.10128,2.40099,0.0
-3.10128,2.50103,0.0
-3.10128,2.60107,0.0
-3.10128,2.70111,0.0
-3.10128,2.80115,0.0
-3.10128,2.9012,0.0
-3.10128,3.00124,0.0
-3.10128,3.10128,0.0
-3.10128,3.20132,0.0
-3.10128,3.30136,0.0
-3.10128,3.4014,0.0
-3.10128,3.50144,0.0
-3.10128,3.60148,0.0
-3.10128,3.70152,0.0
-3.10128,3.80157,0.0
-3.10128,3.90161,0.0
-3.10128,4.00165,0.0
-3.10128,4.10169,0.0
-3.10128,4.20173,0.0
-3.10128,4.30177,0.0
-3.10128,4.40181,0.0
-3.10128,4.50185,0.0
-3.10128,4.6019,0.0
-3.10128,4.70194,0.0
-3.10128,4.80198,0.0
-3.10128,4.90202,0.0
-3.10128,5.00206,0.0
-3.10128,5.1021,0.0
-3.10128,5.20214,0.0
-3.10128,5.30218,0.0
-3.10128,5.40223,0.0
-3.10128,5.50227,0.0
-3.10128,5.60231,0.0
-3.10128,5.70235,0.0
-3.10128,5.80239,0.0
-3.10128,5.90243,0.0
-3.10128,6.00247,0.0
-3.10128,6.10251,0.0
-3.10128,6.20256,0.0
-3.10128,6.3026,0.0
-3.10128,6.40264,0.0
-3.10128,6.50268,0.0
-3.10128,6.60272,0.0
-3.10128,6.70276,0.0
-3.10128,6.8028,0.0
-3.10128,6.90284,0.0
-3.10128,7.00289,0.0
-3.10128,7.10293,0.0
-3.10128,7.20297,0.0
-3.10128,7.30301,0.0
-3.10128,7.40305,0.0
-3.10128,7.50309,0.0
-3.10128,7.60313,0.0
-3.10128,7.70317,0.0
-3.10128,7.80321,0.0
-3.10128,7.90326,0.0
-3.10128,8.0033,0.0
-3.10128,8.10334,0.0
-3.10128,8.20338,0.0
-3.10128,8.30342,0.0
-3.10128,8.40346,0.0
-3.10128,8.5035,0.0
-3.10128,8.60354,0.0
-3.10128,8.70359,0.0
-3.10128,8.80363,0.0
-3.10128,8.90367,0.0
-3.10128,9.00371,0.0
-3.10128,9.10375,0.0
-3.10128,9.20379,0.0
-3.00124,-9.30383,0.0
-3.00124,-9.20379,0.0
-3.00124,-9.10375,0.0
-3.00124,-9.00371,0.0
-3.00124,-8.90367,0.0
-3.00124,-8.80363,0.0
-3.00124,-8.70359,0.0
-3.00124,-8.60354,0.0
-3.00124,-8.5035,0.0
-3.00124,-8.40346,0.0
-3.00124,-8.30342,0.0
-3.00124,-8.20338,0.0
-3.00124,-8.10334,0.0
-3.00124,-8.0033,0.0
-3.00124,-7.90326,0.0
-3.00124,-7.80321,0.0
-3.00124,-7.70317,0.0
-3.00124,-7.60313,0.0
-3.00124,-7.50309,0.0
-3.00124,-7.40305,0.0
-3.00124,-7.30301,0.0
-3.00124,-7.20297,0.0
-3.00124,-7.10293,0.0
-3.00124,-7.00289,0.0
-3.00124,-6.90284,0.0
-3.00124,-6.8028,0.0
-3.00124,-6.70276,0.0
-3.00124,-6.60272,0.0
-3.00124,-6.50268,0.0
-3.00124,-6.40264,0.0
-3.00124,-6.3026,0.0
-3.00124,-6.20256,0.0
-3.00124,-6.10251,0.0
-3.00124,-6.00247,0.0
-3.00124,-5.90243,0.0
-3.00124,-5.80239,0.0
-3.00124,-5.70235,0.0
-3.00124,-5.60231,0.0
-3.00124,-5.50227,0.0
-3.00124,-5.40223,0.0
-3.00124,-5.30218,0.0
-3.00124,-5.20214,0.0
-3.00124,-5.1021,0.0
-3.00124,-5.00206,0.0
-3.00124,-4.90202,0.0
-3.00124,-4.80198,0.0
-3.00124,-4.70194,0.0
-3.00124,-4.6019,0.0
-3.00124,-4.50185,0.0
-3.00124,-4.40181,0.0
-3.00124,-4.30177,0.0
-3.00124,-4.20173,0.0
-3.00124,-4.10169,0.0
-3.00124,-4.00165,0.0
-3.00124,-3.90161,0.0
-3.00124,-3.80157,0.0
-3.00124,-3.70152,0.0
-3.00124,-3.60148,0.0
-3.00124,-3.50144,0.0
-3.00124,-3.4014,0.0
-3.00124,-3.30136,0.0
-3.00124,-3.20132,0.0
-3.00124,-3.10128,0.0
-3.00124,-3.00124,0.0
-3.00124,-2.9012,0.0
-3.00124,-2.80115,0.0
-3.00124,-2.70111,0.0
-3.00124,-2.60107,0.0
-3.00124,-2.50103,0.0
-3.00124,-2.40099,0.0
-3.00124,-2.30095,0.0
-3.00124,-2.20091,0.0
-3.00124,-2.10087,0.0
-3.00124,-2.00082,0.0
-3.00124,-1.90078,0.0
-3.00124,-1.80074,0.0
-3.00124,-1.7007,0.0
-3.00124,-1.60066,0.0
-3.00124,-1.50062,0.0
-3.00124,-1.40058,0.0
-3.00124,-1.30054,0.0
-3.00124,-1.20049,0.0
-3.00124,-1.10045,0.0
-3.00124,-1.00041,0.0
-3.00124,-0.90037,0.0
-3.00124,-0.80033,0.0
-3.00124,-0.70029,0.0
-3.00124,-0.60025,0.0
-3.00124,-0.50021,0.0
-3.00124,-0.40016,0.0
-3.00124,-0.30012,0.0
-3.00124,-0.20008,0.0
-3.00124,-0.10004,0.0
-3.00124,0,0.0
-3.00124,0.10004,0.0
-3.00124,0.20008,0.0
-3.00124,0.30012,0.0
-3.00124,0.40016,0.0
-3.00124,0.50021,0.0
-3.00124,0.60025,0.0
-3.00124,0.70029,0.0
-3.00124,0.80033,0.0
-3.00124,0.90037,0.0
-3.00124,1.00041,0.0
-3.00124,1.10045,0.0
-3.00124,1.20049,0.0
-3.00124,1.30054,0.0
-3.00124,1.40058,0.0
-3.00124,1.50062,0.0
-3.00124,1.60066,0.0
-3.00124,1.7007,0.0
-3.00124,1.80074,0.0
-3.00124,1.90078,0.0
-3.00124,2.00082,0.0
-3.00124,2.10087,0.0
-3.00124,2.20091,0.0
-3.00124,2.30095,0.0
-3.00124,2.40099,0.0
-3.00124,2.50103,0.0
-3.00124,2.60107,0.0
-3.00124,2.70111,0.0
-3.00124,2.80115,0.0
-3.00124,2.9012,0.0
-3.00124,3.00124,0.0
-3.00124,3.10128,0.0
-3.00124,3.20132,0.0
-3.00124,3.30136,0.0
-3.00124,3.4014,0.0
-3.00124,3.50144,0.0
-3.00124,3.60148,0.0
-3.00124,3.70152,0.0
-3.00124,3.80157,0.0
-3.00124,3.90161,0.0
-3.00124,4.00165,0.0
-3.00124,4.10169,0.0
-3.00124,4.20173,0.0
-3.00124,4.30177,0.0
-3.00124,4.40181,0.0
-3.00124,4.50185,0.0
-3.00124,4.6019,0.0
-3.00124,4.70194,0.0
-3.00124,4.80198,0.0
-3.00124,4.90202,0.0
-3.00124,5.00206,0.0
-3.00124,5.1021,0.0
-3.00124,5.20214,0.0
-3.00124,5.30218,0.0
-3.00124,5.40223,0.0
-3.00124,5.50227,0.0
-3.00124,5.60231,0.0
-3.00124,5.70235,0.0
-3.00124,5.80239,0.0
-3.00124,5.90243,0.0
-3.00124,6.00247,0.0
-3.00124,6.10251,0.0
-3.00124,6.20256,0.0
-3.00124,6.3026,0.0
-3.00124,6.40264,0.0
-3.00124,6.50268,0.0
-3.00124,6.60272,0.0
-3.00124,6.70276,0.0
-3.00124,6.8028,0.0
-3.00124,6.90284,0.0
-3.00124,7.00289,0.0
-3.00124,7.10293,0.0
-3.00124,7.20297,0.0
-3.00124,7.30301,0.0
-3.00124,7.40305,0.0
-3.00124,7.50309,0.0
-3.00124,7.60313,0.0
-3.00124,7.70317,0.0
-3.00124,7.80321,0.0
-3.00124,7.90326,0.0
-3.00124,8.0033,0.0
-3.00124,8.10334,0.0
-3.00124,8.20338,0.0
-3.00124,8.30342,0.0
-3.00124,8.40346,0.0
-3.00124,8.5035,0.0
-3.00124,8.60354,0.0
-3.00124,8.70359,0.0
-3.00124,8.80363,0.0
-3.00124,8.90367,0.0
-3.00124,9.00371,0.0
-3.00124,9.10375,0.0
-3.00124,9.20379,0.0
-3.00124,9.30383,0.0
-2.9012,-9.30383,0.0
-2.9012,-9.20379,0.0
-2.9012,-9.10375,0.0
-2.9012,-9.00371,0.0
-2.9012,-8.90367,0.0
-2.9012,-8.80363,0.0
-2.9012,-8.70359,0.0
-2.9012,-8.60354,0.0
-2.9012,-8.5035,0.0
-2.9012,-8.40346,0.0
-2.9012,-8.30342,0.0
-2.9012,-8.20338,0.0
-2.9012,-8.10334,0.0
-2.9012,-8.0033,0.0
-2.9012,-7.90326,0.0
-2.9012,-7.80321,0.0
-2.9012,-7.70317,0.0
-2.9012,-7.60313,0.0
-2.9012,-7.50309,0.0
-2.9012,-7.40305,0.0
-2.9012,-7.30301,0.0
-2.9012,-7.20297,0.0
-2.9012,-7.10293,0.0
-2.9012,-7.00289,0.0
-2.9012,-6.90284,0.0
-2.9012,-6.8028,0.0
-2.9012,-6.70276,0.0
-2.9012,-6.60272,0.0
-2.9012,-6.50268,0.0
-2.9012,-6.40264,0.0
-2.9012,-6.3026,0.0
-2.9012,-6.20256,0.0
-2.9012,-6.10251,0.0
-2.9012,-6.00247,0.0
-2.9012,-5.90243,0.0
-2.9012,-5.80239,0.0
-2.9012,-5.70235,0.0
-2.9012,-5.60231,0.0
-2.9012,-5.50227,0.0
-2.9012,-5.40223,0.0
-2.9012,-5.30218,0.0
-2.9012,-5.20214,0.0
-2.9012,-5.1021,0.0
-2.9012,-5.00206,0.0
-2.9012,-4.90202,0.0
-2.9012,-4.80198,0.0
-2.9012,-4.70194,0.0
-2.9012,-4.6019,0.0
-2.9012,-4.50185,0.0
-2.9012,-4.40181,0.0
-2.9012,-4.30177,0.0
-2.9012,-4.20173,0.0
-2.9012,-4.10169,0.0
-2.9012,-4.00165,0.0
-2.9012,-3.90161,0.0
-2.9012,-3.80157,0.0
-2.9012,-3.70152,0.0
-2.9012,-3.60148,0.0
-2.9012,-3.50144,0.0
-2.9012,-3.4014,0.0
-2.9012,-3.30136,0.0
-2.9012,-3.20132,0.0
-2.9012,-3.10128,0.0
-2.9012,-3.00124,0.0
-2.9012,-2.9012,0.0
-2.9012,-2.80115,0.0
-2.9012,-2.70111,0.0
-2.9012,-2.60107,0.0
-2.9012,-2.50103,0.0
-2.9012,-2.40099,0.0
-2.9012,-2.30095,0.0
-2.9012,-2.20091,0.0
-2.9012,-2.10087,0.0
-2.9012,-2.00082,0.0
-2.9012,-1.90078,0.0
-2.9012,-1.80074,0.0
-2.9012,-1.7007,0.0
-2.9012,-1.60066,0.0
-2.9012,-1.50062,0.0
-2.9012,-1.40058,0.0
-2.9012,-1.30054,0.0
-2.9012,-1.20049,0.0
-2.9012,-1.10045,0.0
-2.9012,-1.00041,0.0
-2.9012,-0.90037,0.0
-2.9012,-0.80033,0.0
-2.9012,-0.70029,0.0
-2.9012,-0.60025,0.0
-2.9012,-0.50021,0.0
-2.9012,-0.40016,0.0
-2.9012,-0.30012,0.0
-2.9012,-0.20008,0.0
-2.9012,-0.10004,0.0
-2.9012,0,0.0
-2.9012,0.10004,0.0
-2.9012,0.20008,0.0
-2.9012,0.30012,0.0
-2.9012,0.40016,0.0
-2.9012,0.50021,0.0
-2.9012,0.60025,0.0
-2.9012,0.70029,0.0
-2.9012,0.80033,0.0
-2.9012,0.90037,0.0
-2.9012,1.00041,0.0
-2.9012,1.10045,0.0
-2.9012,1.20049,0.0
-2.9012,1.30054,0.0
-2.9012,1.40058,0.0
-2.9012,1.50062,0.0
-2.9012,1.60066,0.0
-2.9012,1.7007,0.0
-2.9012,1.80074,0.0
-2.9012,1.90078,0.0
-2.9012,2.00082,0.0
-2.9012,2.10087,0.0
-2.9012,2.20091,0.0
-2.9012,2.30095,0.0
-2.9012,2.40099,0.0
-2.9012,2.50103,0.0
-2.9012,2.60107,0.0
-2.9012,2.70111,0.0
-2.9012,2.80115,0.0
-2.9012,2.9012,0.0
-2.9012,3.00124,0.0
-2.9012,3.10128,0.0
-2.9012,3.20132,0.0
-2.9012,3.30136,0.0
-2.9012,3.4014,0.0
-2.9012,3.50144,0.0
-2.9012,3.60148,0.0
-2.9012,3.70152,0.0
-2.9012,3.80157,0.0
-2.9012,3.90161,0.0
-2.9012,4.00165,0.0
-2.9012,4.10169,0.0
-2.9012,4.20173,0.0
-2.9012,4.30177,0.0
-2.9012,4.40181,0.0
-2.9012,4.50185,0.0
-2.9012,4.6019,0.0
-2.9012,4.70194,0.0
-2.9012,4.80198,0.0
-2.9012,4.90202,0.0
-2.9012,5.00206,0.0
-2.9012,5.1021,0.0
-2.9012,5.20214,0.0
-2.9012,5.30218,0.0
-2.9012,5.40223,0.0
-2.9012,5.50227,0.0
-2.9012,5.60231,0.0
-2.9012,5.70235,0.0
-2.9012,5.80239,0.0
-2.9012,5.90243,0.0
-2.9012,6.00247,0.0
-2.9012,6.10251,0.0
-2.9012,6.20256,0.0
-2.9012,6.3026,0.0
-2.9012,6.40264,0.0
-2.9012,6.50268,0.0
-2.9012,6.60272,0.0
-2.9012,6.70276,0.0
-2.9012,6.8028,0.0
-2.9012,6.90284,0.0
-2.9012,7.00289,0.0
-2.9012,7.10293,0.0
-2.9012,7.20297,0.0
-2.9012,7.30301,0.0
-2.9012,7.40305,0.0
-2.9012,7.50309,0.0
-2.9012,7.60313,0.0
-2.9012,7.70317,0.0
-2.9012,7.80321,0.0
-2.9012,7.90326,0.0
-2.9012,8.0033,0.0
-2.9012,8.10334,0.0
-2.9012,8.20338,0.0
-2.9012,8.30342,0.0
-2.9012,8.40346,0.0
-2.9012,8.5035,0.0
-2.9012,8.60354,0.0
-2.9012,8.70359,0.0
-2.9012,8.80363,0.0
-2.9012,8.90367,0.0
-2.9012,9.00371,0.0
-2.9012,9.10375,0.0
-2.9012,9.20379,0.0
-2.9012,9.30383,0.0
-2.80115,-9.30383,0.0
-2.80115,-9.20379,0.0
-2.80115,-9.10375,0.0
-2.80115,-9.00371,0.0
-2.80115,-8.90367,0.0
-2.80115,-8.80363,0.0
-2.80115,-8.70359,0.0
-2.80115,-8.60354,0.0
-2.80115,-8.5035,0.0
-2.80115,-8.40346,0.0
-2.80115,-8.30342,0.0
-2.80115,-8.20338,0.0
-2.80115,-8.10334,0.0
-2.80115,-8.0033,0.0
-2.80115,-7.90326,0.0
-2.80115,-7.80321,0.0
-2.80115,-7.70317,0.0
-2.80115,-7.60313,0.0
-2.80115,-7.50309,0.0
-2.80115,-7.40305,0.0
-2.80115,-7.30301,0.0
-2.80115,-7.20297,0.0
-2.80115,-7.10293,0.0
-2.80115,-7.00289,0.0
-2.80115,-6.90284,0.0
-2.80115,-6.8028,0.0
-2.80115,-6.70276,0.0
-2.80115,-6.60272,0.0
-2.80115,-6.50268,0.0
-2.80115,-6.40264,0.0
-2.80115,-6.3026,0.0
-2.80115,-6.20256,0.0
-2.80115,-6.10251,0.0
-2.80115,-6.00247,0.0
-2.80115,-5.90243,0.0
-2.80115,-5.80239,0.0
-2.80115,-5.70235,0.0
-2.80115,-5.60231,0.0
-2.80115,-5.50227,0.0
-2.80115,-5.40223,0.0
-2.80115,-5.30218,0.0
-2.80115,-5.20214,0.0
-2.80115,-5.1021,0.0
-2.80115,-5.00206,0.0
-2.80115,-4.90202,0.0
-2.80115,-4.80198,0.0
-2.80115,-4.70194,0.0
-2.80115,-4.6019,0.0
-2.80115,-4.50185,0.0
-2.80115,-4.40181,0.0
-2.80115,-4.30177,0.0
-2.80115,-4.20173,0.0
-2.80115,-4.10169,0.0
-2.80115,-4.00165,0.0
-2.80115,-3.90161,0.0
-2.80115,-3.80157,0.0
-2.80115,-3.70152,0.0
-2.80115,-3.60148,0.0
-2.80115,-3.50144,0.0
-2.80115,-3.4014,0.0
-2.80115,-3.30136,0.0
-2.80115,-3.20132,0.0
-2.80115,-3.10128,0.0
-2.80115,-3.00124,0.0
-2.80115,-2.9012,0.0
-2.80115,-2.80115,0.0
-2.80115,-2.70111,0.0
-2.80115,-2.60107,0.0
-2.80115,-2.50103,0.0
-2.80115,-2.40099,0.0
-2.80115,-2.30095,0.0
-2.80115,-2.20091,0.0
-2.80115,-2.10087,0.0
-2.80115,-2.00082,0.0
-2.80115,-1.90078,0.0
-2.80115,-1.80074,0.0
-2.80115,-1.7007,0.0
-2.80115,-1.60066,0.0
-2.80115,-1.50062,0.0
-2.80115,-1.40058,0.0
-2.80115,-1.30054,0.0
-2.80115,-1.20049,0.0
-2.80115,-1.10045,0.0
-2.80115,-1.00041,0.0
-2.80115,-0.90037,0.0
-2.80115,-0.80033,0.0
-2.80115,-0.70029,0.0
-2.80115,-0.60025,0.0
-2.80115,-0.50021,0.0
-2.80115,-0.40016,0.0
-2.80115,-0.30012,0.0
-2.80115,-0.20008,0.0
-2.80115,-0.10004,0.0
-2.80115,0,0.0
-2.80115,0.10004,0.0
-2.80115,0.20008,0.0
-2.80115,0.30012,0.0
-2.80115,0.40016,0.0
-2.80115,0.50021,0.0
-2.80115,0.60025,0.0
-2.80115,0.70029,0.0
-2.80115,0.80033,0.0
-2.80115,0.90037,0.0
-2.80115,1.00041,0.0
-2.80115,1.10045,0.0
-2.80115,1.20049,0.0
-2.80115,1.30054,0.0
-2.80115,1.40058,0.0
-2.80115,1.50062,0.0
-2.80115,1.60066,0.0
-2.80115,1.7007,0.0
-2.80115,1.80074,0.0
-2.80115,1.90078,0.0
-2.80115,2.00082,0.0
-2.80115,2.10087,0.0
-2.80115,2.20091,0.0
-2.80115,2.30095,0.0
-2.80115,2.40099,0.0
-2.80115,2.50103,0.0
-2.80115,2.60107,0.0
-2.80115,2.70111,0.0
-2.80115,2.80115,0.0
-2.80115,2.9012,0.0
-2.80115,3.00124,0.0
-2.80115,3.10128,0.0
-2.80115,3.20132,0.0
-2.80115,3.30136,0.0
-2.80115,3.4014,0.0
-2.80115,3.50144,0.0
-2.80115,3.60148,0.0
-2.80115,3.70152,0.0
-2.80115,3.80157,0.0
-2.80115,3.90161,0.0
-2.80115,4.00165,0.0
-2.80115,4.10169,0.0
-2.80115,4.20173,0.0
-2.80115,4.30177,0.0
-2.80115,4.40181,0.0
-2.80115,4.50185,0.0
-2.80115,4.6019,0.0
-2.80115,4.70194,0.0
-2.80115,4.80198,0.0
-2.80115,4.90202,0.0
-2.80115,5.00206,0.0
-2.80115,5.1021,0.0
-2.80115,5.20214,0.0
-2.80115,5.30218,0.0
-2.80115,5.40223,0.0
-2.80115,5.50227,0.0
-2.80115,5.60231,0.0
-2.80115,5.70235,0.0
-2.80115,5.80239,0.0
-2.80115,5.90243,0.0
-2.80115,6.00247,0.0
-2.80115,6.10251,0.0
-2.80115,6.20256,0.0
-2.80115,6.3026,0.0
-2.80115,6.40264,0.0
-2.80115,6.50268,0.0
-2.80115,6.60272,0.0
-2.80115,6.70276,0.0
-2.80115,6.8028,0.0
-2.80115,6.90284,0.0
-2.80115,7.00289,0.0
-2.80115,7.10293,0.0
-2.80115,7.20297,0.0
-2.80115,7.30301,0.0
-2.80115,7.40305,0.0
-2.80115,7.50309,0.0
-2.80115,7.60313,0.0
-2.80115,7.70317,0.0
-2.80115,7.80321,0.0
-2.80115,7.90326,0.0
-2.80115,8.0033,0.0
-2.80115,8.10334,0.0
-2.80115,8.20338,0.0
-2.80115,8.30342,0.0
-2.80115,8.40346,0.0
-2.80115,8.5035,0.0
-2.80115,8.60354,0.0
-2.80115,8.70359,0.0
-2.80115,8.80363,0.0
-2.80115,8.90367,0.0
-2.80115,9.00371,0.0
-2.80115,9.10375,0.0
-2.80115,9.20379,0.0
-2.80115,9.30383,0.0
-2.70111,-9.40387,0.0
-2.70111,-9.30383,0.0
-2.70111,-9.20379,0.0
-2.70111,-9.10375,0.0
-2.70111,-9.00371,0.0
-2.70111,-8.90367,0.0
-2.70111,-8.80363,0.0
-2.70111,-8.70359,0.0
-2.70111,-8.60354,0.0
-2.70111,-8.5035,0.0
-2.70111,-8.40346,0.0
-2.70111,-8.30342,0.0
-2.70111,-8.20338,0.0
-2.70111,-8.10334,0.0
-2.70111,-8.0033,0.0
-2.70111,-7.90326,0.0
-2.70111,-7.80321,0.0
-2.70111,-7.70317,0.0
-2.70111,-7.60313,0.0
-2.70111,-7.50309,0.0
-2.70111,-7.40305,0.0
-2.70111,-7.30301,0.0
-2.70111,-7.20297,0.0
-2.70111,-7.10293,0.0
-2.70111,-7.00289,0.0
-2.70111,-6.90284,0.0
-2.70111,-6.8028,0.0
-2.70111,-6.70276,0.0
-2.70111,-6.60272,0.0
-2.70111,-6.50268,0.0
-2.70111,-6.40264,0.0
-2.70111,-6.3026,0.0
-2.70111,-6.20256,0.0
-2.70111,-6.10251,0.0
-2.70111,-6.00247,0.0
-2.70111,-5.90243,0.0
-2.70111,-5.80239,0.0
-2.70111,-5.70235,0.0
-2.70111,-5.60231,0.0
-2.70111,-5.50227,0.0
-2.70111,-5.40223,0.0
-2.70111,-5.30218,0.0
-2.70111,-5.20214,0.0
-2.70111,-5.1021,0.0
-2.70111,-5.00206,0.0
-2.70111,-4.90202,0.0
-2.70111,-4.80198,0.0
-2.70111,-4.70194,0.0
-2.70111,-4.6019,0.0
-2.70111,-4.50185,0.0
-2.70111,-4.40181,0.0
-2.70111,-4.30177,0.0
-2.70111,-4.20173,0.0
-2.70111,-4.10169,0.0
-2.70111,-4.00165,0.0
-2.70111,-3.90161,0.0
-2.70111,-3.80157,0.0
-2.70111,-3.70152,0.0
-2.70111,-3.60148,0.0
-2.70111,-3.50144,0.0
-2.70111,-3.4014,0.0
-2.70111,-3.30136,0.0
-2.70111,-3.20132,0.0
-2.70111,-3.10128,0.0
-2.70111,-3.00124,0.0
-2.70111,-2.9012,0.0
-2.70111,-2.80115,0.0
-2.70111,-2.70111,0.0
-2.70111,-2.60107,0.0
-2.70111,-2.50103,0.0
-2.70111,-2.40099,0.0
-2.70111,-2.30095,0.0
-2.70111,-2.20091,0.0
-2.70111,-2.10087,0.0
-2.70111,-2.00082,0.0
-2.70111,-1.90078,0.0
-2.70111,-1.80074,0.0
-2.70111,-1.7007,0.0
-2.70111,-1.60066,0.0
-2.70111,-1.50062,0.0
-2.70111,-1.40058,0.0
-2.70111,-1.30054,0.0
-2.70111,-1.20049,0.0
-2.70111,-1.10045,0.0
-2.70111,-1.00041,0.0
-2.70111,-0.90037,0.0
-2.70111,-0.80033,0.0
-2.70111,-0.70029,0.0
-2.70111,-0.60025,0.0
-2.70111,-0.50021,0.0
-2.70111,-0.40016,0.0
-2.70111,-0.30012,0.0
-2.70111,-0.20008,0.0
-2.70111,-0.10004,0.0
-2.70111,0,0.0
-2.70111,0.10004,0.0
-2.70111,0.20008,0.0
-2.70111,0.30012,0.0
-2.70111,0.40016,0.0
-2.70111,0.50021,0.0
-2.70111,0.60025,0.0
-2.70111,0.70029,0.0
-2.70111,0.80033,0.0
-2.70111,0.90037,0.0
-2.70111,1.00041,0.0
-2.70111,1.10045,0.0
-2.70111,1.20049,0.0
-2.70111,1.30054,0.0
-2.70111,1.40058,0.0
-2.70111,1.50062,0.0
-2.70111,1.60066,0.0
-2.70111,1.7007,0.0
-2.70111,1.80074,0.0
-2.70111,1.90078,0.0
-2.70111,2.00082,0.0
-2.70111,2.10087,0.0
-2.70111,2.20091,0.0
-2.70111,2.30095,0.0
-2.70111,2.40099,0.0
-2.70111,2.50103,0.0
-2.70111,2.60107,0.0
-2.70111,2.70111,0.0
-2.70111,2.80115,0.0
-2.70111,2.9012,0.0
-2.70111,3.00124,0.0
-2.70111,3.10128,0.0
-2.70111,3.20132,0.0
-2.70111,3.30136,0.0
-2.70111,3.4014,0.0
-2.70111,3.50144,0.0
-2.70111,3.60148,0.0
-2.70111,3.70152,0.0
-2.70111,3.80157,0.0
-2.70111,3.90161,0.0
-2.70111,4.00165,0.0
-2.70111,4.10169,0.0
-2.70111,4.20173,0.0
-2.70111,4.30177,0.0
-2.70111,4.40181,0.0
-2.70111,4.50185,0.0
-2.70111,4.6019,0.0
-2.70111,4.70194,0.0
-2.70111,4.80198,0.0
-2.70111,4.90202,0.0
-2.70111,5.00206,0.0
-2.70111,5.1021,0.0
-2.70111,5.20214,0.0
-2.70111,5.30218,0.0
-2.70111,5.40223,0.0
-2.70111,5.50227,0.0
-2.70111,5.60231,0.0
-2.70111,5.70235,0.0
-2.70111,5.80239,0.0
-2.70111,5.90243,0.0
-2.70111,6.00247,0.0
-2.70111,6.10251,0.0
-2.70111,6.20256,0.0
-2.70111,6.3026,0.0
-2.70111,6.40264,0.0
-2.70111,6.50268,0.0
-2.70111,6.60272,0.0
-2.70111,6.70276,0.0
-2.70111,6.8028,0.0
-2.70111,6.90284,0.0
-2.70111,7.00289,0.0
-2.70111,7.10293,0.0
-2.70111,7.20297,0.0
-2.70111,7.30301,0.0
-2.70111,7.40305,0.0
-2.70111,7.50309,0.0
-2.70111,7.60313,0.0
-2.70111,7.70317,0.0
-2.70111,7.80321,0.0
-2.70111,7.90326,0.0
-2.70111,8.0033,0.0
-2.70111,8.10334,0.0
-2.70111,8.20338,0.0
-2.70111,8.30342,0.0
-2.70111,8.40346,0.0
-2.70111,8.5035,0.0
-2.70111,8.60354,0.0
-2.70111,8.70359,0.0
-2.70111,8.80363,0.0
-2.70111,8.90367,0.0
-2.70111,9.00371,0.0
-2.70111,9.10375,0.0
-2.70111,9.20379,0.0
-2.70111,9.30383,0.0
-2.70111,9.40387,0.0
-2.60107,-9.40387,0.0
-2.60107,-9.30383,0.0
-2.60107,-9.20379,0.0
-2.60107,-9.10375,0.0
-2.60107,-9.00371,0.0
-2.60107,-8.90367,0.0
-2.60107,-8.80363,0.0
-2.60107,-8.70359,0.0
-2.60107,-8.60354,0.0
-2.60107,-8.5035,0.0
-2.60107,-8.40346,0.0
-2.60107,-8.30342,0.0
-2.60107,-8.20338,0.0
-2.60107,-8.10334,0.0
-2.60107,-8.0033,0.0
-2.60107,-7.90326,0.0
-2.60107,-7.80321,0.0
-2.60107,-7.70317,0.0
-2.60107,-7.60313,0.0
-2.60107,-7.50309,0.0
-2.60107,-7.40305,0.0
-2.60107,-7.30301,0.0
-2.60107,-7.20297,0.0
-2.60107,-7.10293,0.0
-2.60107,-7.00289,0.0
-2.60107,-6.90284,0.0
-2.60107,-6.8028,0.0
-2.60107,-6.70276,0.0
-2.60107,-6.60272,0.0
-2.60107,-6.50268,0.0
-2.60107,-6.40264,0.0
-2.60107,-6.3026,0.0
-2.60107,-6.20256,0.0
-2.60107,-6.10251,0.0
-2.60107,-6.00247,0.0
-2.60107,-5.90243,0.0
-2.60107,-5.80239,0.0
-2.60107,-5.70235,0.0
-2.60107,-5.60231,0.0
-2.60107,-5.50227,0.0
-2.60107,-5.40223,0.0
-2.60107,-5.30218,0.0
-2.60107,-5.20214,0.0
-2.60107,-5.1021,0.0
-2.60107,-5.00206,0.0
-2.60107,-4.90202,0.0
-2.60107,-4.80198,0.0
-2.60107,-4.70194,0.0
-2.60107,-4.6019,0.0
-2.60107,-4.50185,0.0
-2.60107,-4.40181,0.0
-2.60107,-4.30177,0.0
-2.60107,-4.20173,0.0
-2.60107,-4.10169,0.0
-2.60107,-4.00165,0.0
-2.60107,-3.90161,0.0
-2.60107,-3.80157,0.0
-2.60107,-3.70152,0.0
-2.60107,-3.60148,0.0
-2.60107,-3.50144,0.0
-2.60107,-3.4014,0.0
-2.60107,-3.30136,0.0
-2.60107,-3.20132,0.0
-2.60107,-3.10128,0.0
-2.60107,-3.00124,0.0
-2.60107,-2.9012,0.0
-2.60107,-2.80115,0.0
-2.60107,-2.70111,0.0
-2.60107,-2.60107,0.0
-2.60107,-2.50103,0.0
-2.60107,-2.40099,0.0
-2.60107,-2.30095,0.0
-2.60107,-2.20091,0.0
-2.60107,-2.10087,0.0
-2.60107,-2.00082,0.0
-2.60107,-1.90078,0.0
-2.60107,-1.80074,0.0
-2.60107,-1.7007,0.0
-2.60107,-1.60066,0.0
-2.60107,-1.50062,0.0
-2.60107,-1.40058,0.0
-2.60107,-1.30054,0.0
-2.60107,-1.20049,0.0
-2.60107,-1.10045,0.0
-2.60107,-1.00041,0.0
-2.60107,-0.90037,0.0
-2.60107,-0.80033,0.0
-2.60107,-0.70029,0.0
-2.60107,-0.60025,0.0
-2.60107,-0.50021,0.0
-2.60107,-0.40016,0.0
-2.60107,-0.30012,0.0
-2.60107,-0.20008,0.0
-2.60107,-0.10004,0.0
-2.60107,0,0.0
-2.60107,0.10004,0.0
-2.60107,0.20008,0.0
-2.60107,0.30012,0.0
-2.60107,0.40016,0.0
-2.60107,0.50021,0.0
-2.60107,0.60025,0.0
-2.60107,0.70029,0.0
-2.60107,0.80033,0.0
-2.60107,0.90037,0.0
-2.60107,1.00041,0.0
-2.60107,1.10045,0.0
-2.60107,1.20049,0.0
-2.60107,1.30054,0.0
-2.60107,1.40058,0.0
-2.60107,1.50062,0.0
-2.60107,1.60066,0.0
-2.60107,1.7007,0.0
-2.60107,1.80074,0.0
-2.60107,1.90078,0.0
-2.60107,2.00082,0.0
-2.60107,2.10087,0.0
-2.60107,2.20091,0.0
-2.60107,2.30095,0.0
-2.60107,2.40099,0.0
-2.60107,2.50103,0.0
-2.60107,2.60107,0.0
-2.60107,2.70111,0.0
-2.60107,2.80115,0.0
-2.60107,2.9012,0.0
-2.60107,3.00124,0.0
-2.60107,3.10128,0.0
-2.60107,3.20132,0.0
-2.60107,3.30136,0.0
-2.60107,3.4014,0.0
-2.60107,3.50144,0.0
-2.60107,3.60148,0.0
-2.60107,3.70152,0.0
-2.60107,3.80157,0.0
-2.60107,3.90161,0.0
-2.60107,4.00165,0.0
-2.60107,4.10169,0.0
-2.60107,4.20173,0.0
-2.60107,4.30177,0.0
-2.60107,4.40181,0.0
-2.60107,4.50185,0.0
-2.60107,4.6019,0.0
-2.60107,4.70194,0.0
-2.60107,4.80198,0.0
-2.60107,4.90202,0.0
-2.60107,5.00206,0.0
-2.60107,5.1021,0.0
-2.60107,5.20214,0.0
-2.60107,5.30218,0.0
-2.60107,5.40223,0.0
-2.60107,5.50227,0.0
-2.60107,5.60231,0.0
-2.60107,5.70235,0.0
-2.60107,5.80239,0.0
-2.60107,5.90243,0.0
-2.60107,6.00247,0.0
-2.60107,6.10251,0.0
-2.60107,6.20256,0.0
-2.60107,6.3026,0.0
-2.60107,6.40264,0.0
-2.60107,6.50268,0.0
-2.60107,6.60272,0.0
-2.60107,6.70276,0.0
-2.60107,6.8028,0.0
-2.60107,6.90284,0.0
-2.60107,7.00289,0.0
-2.60107,7.10293,0.0
-2.60107,7.20297,0.0
-2.60107,7.30301,0.0
-2.60107,7.40305,0.0
-2.60107,7.50309,0.0
-2.60107,7.60313,0.0
-2.60107,7.70317,0.0
-2.60107,7.80321,0.0
-2.60107,7.90326,0.0
-2.60107,8.0033,0.0
-2.60107,8.10334,0.0
-2.60107,8.20338,0.0
-2.60107,8.30342,0.0
-2.60107,8.40346,0.0
-2.60107,8.5035,0.0
-2.60107,8.60354,0.0
-2.60107,8.70359,0.0
-2.60107,8.80363,0.0
-2.60107,8.90367,0.0
-2.60107,9.00371,0.0
-2.60107,9.10375,0.0
-2.60107,9.20379,0.0
-2.60107,9.30383,0.0
-2.60107,9.40387,0.0
-2.50103,-9.40387,0.0
-2.50103,-9.30383,0.0
-2.50103,-9.20379,0.0
-2.50103,-9.10375,0.0
-2.50103,-9.00371,0.0
-2.50103,-8.90367,0.0
-2.50103,-8.80363,0.0
-2.50103,-8.70359,0.0
-2.50103,-8.60354,0.0
-2.50103,-8.5035,0.0
-2.50103,-8.40346,0.0
-2.50103,-8.30342,0.0
-2.50103,-8.20338,0.0
-2.50103,-8.10334,0.0
-2.50103,-8.0033,0.0
-2.50103,-7.90326,0.0
-2.50103,-7.80321,0.0
-2.50103,-7.70317,0.0
-2.50103,-7.60313,0.0
-2.50103,-7.50309,0.0
-2.50103,-7.40305,0.0
-2.50103,-7.30301,0.0
-2.50103,-7.20297,0.0
-2.50103,-7.10293,0.0
-2.50103,-7.00289,0.0
-2.50103,-6.90284,0.0
-2.50103,-6.8028,0.0
-2.50103,-6.70276,0.0
-2.50103,-6.60272,0.0
-2.50103,-6.50268,0.0
-2.50103,-6.40264,0.0
-2.50103,-6.3026,0.0
-2.50103,-6.20256,0.0
-2.50103,-6.10251,0.0
-2.50103,-6.00247,0.0
-2.50103,-5.90243,0.0
-2.50103,-5.80239,0.0
-2.50103,-5.70235,0.0
-2.50103,-5.60231,0.0
-2.50103,-5.50227,0.0
-2.50103,-5.40223,0.0
-2.50103,-5.30218,0.0
-2.50103,-5.20214,0.0
-2.50103,-5.1021,0.0
-2.50103,-5.00206,0.0
-2.50103,-4.90202,0.0
-2.50103,-4.80198,0.0
-2.50103,-4.70194,0.0
-2.50103,-4.6019,0.0
-2.50103,-4.50185,0.0
-2.50103,-4.40181,0.0
-2.50103,-4.30177,0.0
-2.50103,-4.20173,0.0
-2.50103,-4.10169,0.0
-2.50103,-4.00165,0.0
-2.50103,-3.90161,0.0
-2.50103,-3.80157,0.0
-2.50103,-3.70152,0.0
-2.50103,-3.60148,0.0
-2.50103,-3.50144,0.0
-2.50103,-3.4014,0.0
-2.50103,-3.30136,0.0
-2.50103,-3.20132,0.0
-2.50103,-3.10128,0.0
-2.50103,-3.00124,0.0
-2.50103,-2.9012,0.0
-2.50103,-2.80115,0.0
-2.50103,-2.70111,0.0
-2.50103,-2.60107,0.0
-2.50103,-2.50103,0.0
-2.50103,-2.40099,0.0
-2.50103,-2.30095,0.0
-2.50103,-2.20091,0.0
-2.50103,-2.10087,0.0
-2.50103,-2.00082,0.0
-2.50103,-1.90078,0.0
-2.50103,-1.80074,0.0
-2.50103,-1.7007,0.0
-2.50103,-1.60066,0.0
-2.50103,-1.50062,0.0
-2.50103,-1.40058,0.0
-2.50103,-1.30054,0.0
-2.50103,-1.20049,0.0
-2.50103,-1.10045,0.0
-2.50103,-1.00041,0.0
-2.50103,-0.90037,0.0
-2.50103,-0.80033,0.0
-2.50103,-0.70029,0.0
-2.50103,-0.60025,0.0
-2.50103,-0.50021,0.0
-2.50103,-0.40016,0.0
-2.50103,-0.30012,0.0
-2.50103,-0.20008,0.0
-2.50103,-0.10004,0.0
-2.50103,0,0.0
-2.50103,0.10004,0.0
-2.50103,0.20008,0.0
-2.50103,0.30012,0.0
-2.50103,0.40016,0.0
-2.50103,0.50021,0.0
-2.50103,0.60025,0.0
-2.50103,0.70029,0.0
-2.50103,0.80033,0.0
-2.50103,0.90037,0.0
-2.50103,1.00041,0.0
-2.50103,1.10045,0.0
-2.50103,1.20049,0.0
-2.50103,1.30054,0.0
-2.50103,1.40058,0.0
-2.50103,1.50062,0.0
-2.50103,1.60066,0.0
-2.50103,1.7007,0.0
-2.50103,1.80074,0.0
-2.50103,1.90078,0.0
-2.50103,2.00082,0.0
-2.50103,2.10087,0.0
-2.50103,2.20091,0.0
-2.50103,2.30095,0.0
-2.50103,2.40099,0.0
-2.50103,2.50103,0.0
-2.50103,2.60107,0.0
-2.50103,2.70111,0.0
-2.50103,2.80115,0.0
-2.50103,2.9012,0.0
-2.50103,3.00124,0.0
-2.50103,3.10128,0.0
-2.50103,3.20132,0.0
-2.50103,3.30136,0.0
-2.50103,3.4014,0.0
-2.50103,3.50144,0.0
-2.50103,3.60148,0.0
-2.50103,3.70152,0.0
-2.50103,3.80157,0.0
-2.50103,3.90161,0.0
-2.50103,4.00165,0.0
-2.50103,4.10169,0.0
-2.50103,4.20173,0.0
-2.50103,4.30177,0.0
-2.50103,4.40181,0.0
-2.50103,4.50185,0.0
-2.50103,4.6019,0.0
-2.50103,4.70194,0.0
-2.50103,4.80198,0.0
-2.50103,4.90202,0.0
-2.50103,5.00206,0.0
-2.50103,5.1021,0.0
-2.50103,5.20214,0.0
-2.50103,5.30218,0.0
-2.50103,5.40223,0.0
-2.50103,5.50227,0.0
-2.50103,5.60231,0.0
-2.50103,5.70235,0.0
-2.50103,5.80239,0.0
-2.50103,5.90243,0.0
-2.50103,6.00247,0.0
-2.50103,6.10251,0.0
-2.50103,6.20256,0.0
-2.50103,6.3026,0.0
-2.50103,6.40264,0.0
-2.50103,6.50268,0.0
-2.50103,6.60272,0.0
-2.50103,6.70276,0.0
-2.50103,6.8028,0.0
-2.50103,6.90284,0.0
-2.50103,7.00289,0.0
-2.50103,7.10293,0.0
-2.50103,7.20297,0.0
-2.50103,7.30301,0.0
-2.50103,7.40305,0.0
-2.50103,7.50309,0.0
-2.50103,7.60313,0.0
-2.50103,7.70317,0.0
-2.50103,7.80321,0.0
-2.50103,7.90326,0.0
-2.50103,8.0033,0.0
-2.50103,8.10334,0.0
-2.50103,8.20338,0.0
-2.50103,8.30342,0.0
-2.50103,8.40346,0.0
-2.50103,8.5035,0.0
-2.50103,8.60354,0.0
-2.50103,8.70359,0.0
-2.50103,8.80363,0.0
-2.50103,8.90367,0.0
-2.50103,9.00371,0.0
-2.50103,9.10375,0.0
-2.50103,9.20379,0.0
-2.50103,9.30383,0.0
-2.50103,9.40387,0.0
-2.40099,-9.40387,0.0
-2.40099,-9.30383,0.0
-2.40099,-9.20379,0.0
-2.40099,-9.10375,0.0
-2.40099,-9.00371,0.0
-2.40099,-8.90367,0.0
-2.40099,-8.80363,0.0
-2.40099,-8.70359,0.0
-2.40099,-8.60354,0.0
-2.40099,-8.5035,0.0
-2.40099,-8.40346,0.0
-2.40099,-8.30342,0.0
-2.40099,-8.20338,0.0
-2.40099,-8.10334,0.0
-2.40099,-8.0033,0.0
-2.40099,-7.90326,0.0
-2.40099,-7.80321,0.0
-2.40099,-7.70317,0.0
-2.40099,-7.60313,0.0
-2.40099,-7.50309,0.0
-2.40099,-7.40305,0.0
-2.40099,-7.30301,0.0
-2.40099,-7.20297,0.0
-2.40099,-7.10293,0.0
-2.40099,-7.00289,0.0
-2.40099,-6.90284,0.0
-2.40099,-6.8028,0.0
-2.40099,-6.70276,0.0
-2.40099,-6.60272,0.0
-2.40099,-6.50268,0.0
-2.40099,-6.40264,0.0
-2.40099,-6.3026,0.0
-2.40099,-6.20256,0.0
-2.40099,-6.10251,0.0
-2.40099,-6.00247,0.0
-2.40099,-5.90243,0.0
-2.40099,-5.80239,0.0
-2.40099,-5.70235,0.0
-2.40099,-5.60231,0.0
-2.40099,-5.50227,0.0
-2.40099,-5.40223,0.0
-2.40099,-5.30218,0.0
-2.40099,-5.20214,0.0
-2.40099,-5.1021,0.0
-2.40099,-5.00206,0.0
-2.40099,-4.90202,0.0
-2.40099,-4.80198,0.0
-2.40099,-4.70194,0.0
-2.40099,-4.6019,0.0
-2.40099,-4.50185,0.0
-2.40099,-4.40181,0.0
-2.40099,-4.30177,0.0
-2.40099,-4.20173,0.0
-2.40099,-4.10169,0.0
-2.40099,-4.00165,0.0
-2.40099,-3.90161,0.0
-2.40099,-3.80157,0.0
-2.40099,-3.70152,0.0
-2.40099,-3.60148,0.0
-2.40099,-3.50144,0.0
-2.40099,-3.4014,0.0
-2.40099,-3.30136,0.0
-2.40099,-3.20132,0.0
-2.40099,-3.10128,0.0
-2.40099,-3.00124,0.0
-2.40099,-2.9012,0.0
-2.40099,-2.80115,0.0
-2.40099,-2.70111,0.0
-2.40099,-2.60107,0.0
-2.40099,-2.50103,0.0
-2.40099,-2.40099,0.0
-2.40099,-2.30095,0.0
-2.40099,-2.20091,0.0
-2.40099,-2.10087,0.0
-2.40099,-2.00082,0.0
-2.40099,-1.90078,0.0
-2.40099,-1.80074,0.0
-2.40099,-1.7007,0.0
-2.40099,-1.60066,0.0
-2.40099,-1.50062,0.0
-2.40099,-1.40058,0.0
-2.40099,-1.30054,0.0
-2.40099,-1.20049,0.0
-2.40099,-1.10045,0.0
-2.40099,-1.00041,0.0
-2.40099,-0.90037,0.0
-2.40099,-0.80033,0.0
-2.40099,-0.70029,0.0
-2.40099,-0.60025,0.0
-2.40099,-0.50021,0.0
-2.40099,-0.40016,0.0
-2.40099,-0.30012,0.0
-2.40099,-0.20008,0.0
-2.40099,-0.10004,0.0
-2.40099,0,0.0
-2.40099,0.10004,0.0
-2.40099,0.20008,0.0
-2.40099,0.30012,0.0
-2.40099,0.40016,0.0
-2.40099,0.50021,0.0
-2.40099,0.60025,0.0
-2.40099,0.70029,0.0
-2.40099,0.80033,0.0
-2.40099,0.90037,0.0
-2.40099,1.00041,0.0
-2.40099,1.10045,0.0
-2.40099,1.20049,0.0
-2.40099,1.30054,0.0
-2.40099,1.40058,0.0
-2.40099,1.50062,0.0
-2.40099,1.60066,0.0
-2.40099,1.7007,0.0
-2.40099,1.80074,0.0
-2.40099,1.90078,0.0
-2.40099,2.00082,0.0
-2.40099,2.10087,0.0
-2.40099,2.20091,0.0
-2.40099,2.30095,0.0
-2.40099,2.40099,0.0
-2.40099,2.50103,0.0
-2.40099,2.60107,0.0
-2.40099,2.70111,0.0
-2.40099,2.80115,0.0
-2.40099,2.9012,0.0
-2.40099,3.00124,0.0
-2.40099,3.10128,0.0
-2.40099,3.20132,0.0
-2.40099,3.30136,0.0
-2.40099,3.4014,0.0
-2.40099,3.50144,0.0
-2.40099,3.60148,0.0
-2.40099,3.70152,0.0
-2.40099,3.80157,0.0
-2.40099,3.90161,0.0
-2.40099,4.00165,0.0
-2.40099,4.10169,0.0
-2.40099,4.20173,0.0
-2.40099,4.30177,0.0
-2.40099,4.40181,0.0
-2.40099,4.50185,0.0
-2.40099,4.6019,0.0
-2.40099,4.70194,0.0
-2.40099,4.80198,0.0
-2.40099,4.90202,0.0
-2.40099,5.00206,0.0
-2.40099,5.1021,0.0
-2.40099,5.20214,0.0
-2.40099,5.30218,0.0
-2.40099,5.40223,0.0
-2.40099,5.50227,0.0
-2.40099,5.60231,0.0
-2.40099,5.70235,0.0
-2.40099,5.80239,0.0
-2.40099,5.90243,0.0
-2.40099,6.00247,0.0
-2.40099,6.10251,0.0
-2.40099,6.20256,0.0
-2.40099,6.3026,0.0
-2.40099,6.40264,0.0
-2.40099,6.50268,0.0
-2.40099,6.60272,0.0
-2.40099,6.70276,0.0
-2.40099,6.8028,0.0
-2.40099,6.90284,0.0
-2.40099,7.00289,0.0
-2.40099,7.10293,0.0
-2.40099,7.20297,0.0
-2.40099,7.30301,0.0
-2.40099,7.40305,0.0
-2.40099,7.50309,0.0
-2.40099,7.60313,0.0
-2.40099,7.70317,0.0
-2.40099,7.80321,0.0
-2.40099,7.90326,0.0
-2.40099,8.0033,0.0
-2.40099,8.10334,0.0
-2.40099,8.20338,0.0
-2.40099,8.30342,0.0
-2.40099,8.40346,0.0
-2.40099,8.5035,0.0
-2.40099,8.60354,0.0
-2.40099,8.70359,0.0
-2.40099,8.80363,0.0
-2.40099,8.90367,0.0
-2.40099,9.00371,0.0
-2.40099,9.10375,0.0
-2.40099,9.20379,0.0
-2.40099,9.30383,0.0
-2.40099,9.40387,0.0
-2.30095,-9.50392,0.0
-2.30095,-9.40387,0.0
-2.30095,-9.30383,0.0
-2.30095,-9.20379,0.0
-2.30095,-9.10375,0.0
-2.30095,-9.00371,0.0
-2.30095,-8.90367,0.0
-2.30095,-8.80363,0.0
-2.30095,-8.70359,0.0
-2.30095,-8.60354,0.0
-2.30095,-8.5035,0.0
-2.30095,-8.40346,0.0
-2.30095,-8.30342,0.0
-2.30095,-8.20338,0.0
-2.30095,-8.10334,0.0
-2.30095,-8.0033,0.0
-2.30095,-7.90326,0.0
-2.30095,-7.80321,0.0
-2.30095,-7.70317,0.0
-2.30095,-7.60313,0.0
-2.30095,-7.50309,0.0
-2.30095,-7.40305,0.0
-2.30095,-7.30301,0.0
-2.30095,-7.20297,0.0
-2.30095,-7.10293,0.0
-2.30095,-7.00289,0.0
-2.30095,-6.90284,0.0
-2.30095,-6.8028,0.0
-2.30095,-6.70276,0.0
-2.30095,-6.60272,0.0
-2.30095,-6.50268,0.0
-2.30095,-6.40264,0.0
-2.30095,-6.3026,0.0
-2.30095,-6.20256,0.0
-2.30095,-6.10251,0.0
-2.30095,-6.00247,0.0
-2.30095,-5.90243,0.0
-2.30095,-5.80239,0.0
-2.30095,-5.70235,0.0
-2.30095,-5.60231,0.0
-2.30095,-5.50227,0.0
-2.30095,-5.40223,0.0
-2.30095,-5.30218,0.0
-2.30095,-5.20214,0.0
-2.30095,-5.1021,0.0
-2.30095,-5.00206,0.0
-2.30095,-4.90202,0.0
-2.30095,-4.80198,0.0
-2.30095,-4.70194,0.0
-2.30095,-4.6019,0.0
-2.30095,-4.50185,0.0
-2.30095,-4.40181,0.0
-2.30095,-4.30177,0.0
-2.30095,-4.20173,0.0
-2.30095,-4.10169,0.0
-2.30095,-4.00165,0.0
-2.30095,-3.90161,0.0
-2.30095,-3.80157,0.0
-2.30095,-3.70152,0.0
-2.30095,-3.60148,0.0
-2.30095,-3.50144,0.0
-2.30095,-3.4014,0.0
-2.30095,-3.30136,0.0
-2.30095,-3.20132,0.0
-2.30095,-3.10128,0.0
-2.30095,-3.00124,0.0
-2.30095,-2.9012,0.0
-2.30095,-2.80115,0.0
-2.30095,-2.70111,0.0
-2.30095,-2.60107,0.0
-2.30095,-2.50103,0.0
-2.30095,-2.40099,0.0
-2.30095,-2.30095,0.0
-2.30095,-2.20091,0.0
-2.30095,-2.10087,0.0
-2.30095,-2.00082,0.0
-2.30095,-1.90078,0.0
-2.30095,-1.80074,0.0
-2.30095,-1.7007,0.0
-2.30095,-1.60066,0.0
-2.30095,-1.50062,0.0
-2.30095,-1.40058,0.0
-2.30095,-1.30054,0.0
-2.30095,-1.20049,0.0
-2.30095,-1.10045,0.0
-2.30095,-1.00041,0.0
-2.30095,-0.90037,0.0
-2.30095,-0.80033,0.0
-2.30095,-0.70029,0.0
-2.30095,-0.60025,0.0
-2.30095,-0.50021,0.0
-2.30095,-0.40016,0.0
-2.30095,-0.30012,0.0
-2.30095,-0.20008,0.0
-2.30095,-0.10004,0.0
-2.30095,0,0.0
-2.30095,0.10004,0.0
-2.30095,0.20008,0.0
-2.30095,0.30012,0.0
-2.30095,0.40016,0.0
-2.30095,0.50021,0.0
-2.30095,0.60025,0.0
-2.30095,0.70029,0.0
-2.30095,0.80033,0.0
-2.30095,0.90037,0.0
-2.30095,1.00041,0.0
-2.30095,1.10045,0.0
-2.30095,1.20049,0.0
-2.30095,1.30054,0.0
-2.30095,1.40058,0.0
-2.30095,1.50062,0.0
-2.30095,1.60066,0.0
-2.30095,1.7007,0.0
-2.30095,1.80074,0.0
-2.30095,1.90078,0.0
-2.30095,2.00082,0.0
-2.30095,2.10087,0.0
-2.30095,2.20091,0.0
-2.30095,2.30095,0.0
-2.30095,2.40099,0.0
-2.30095,2.50103,0.0
-2.30095,2.60107,0.0
-2.30095,2.70111,0.0
-2.30095,2.80115,0.0
-2.30095,2.9012,0.0
-2.30095,3.00124,0.0
-2.30095,3.10128,0.0
-2.30095,3.20132,0.0
-2.30095,3.30136,0.0
-2.30095,3.4014,0.0
-2.30095,3.50144,0.0
-2.30095,3.60148,0.0
-2.30095,3.70152,0.0
-2.30095,3.80157,0.0
-2.30095,3.90161,0.0
-2.30095,4.00165,0.0
-2.30095,4.10169,0.0
-2.30095,4.20173,0.0
-2.30095,4.30177,0.0
-2.30095,4.40181,0.0
-2.30095,4.50185,0.0
-2.30095,4.6019,0.0
-2.30095,4.70194,0.0
-2.30095,4.80198,0.0
-2.30095,4.90202,0.0
-2.30095,5.00206,0.0
-2.30095,5.1021,0.0
-2.30095,5.20214,0.0
-2.30095,5.30218,0.0
-2.30095,5.40223,0.0
-2.30095,5.50227,0.0
-2.30095,5.60231,0.0
-2.30095,5.70235,0.0
-2.30095,5.80239,0.0
-2.30095,5.90243,0.0
-2.30095,6.00247,0.0
-2.30095,6.10251,0.0
-2.30095,6.20256,0.0
-2.30095,6.3026,0.0
-2.30095,6.40264,0.0
-2.30095,6.50268,0.0
-2.30095,6.60272,0.0
-2.30095,6.70276,0.0
-2.30095,6.8028,0.0
-2.30095,6.90284,0.0
-2.30095,7.00289,0.0
-2.30095,7.10293,0.0
-2.30095,7.20297,0.0
-2.30095,7.30301,0.0
-2.30095,7.40305,0.0
-2.30095,7.50309,0.0
-2.30095,7.60313,0.0
-2.30095,7.70317,0.0
-2.30095,7.80321,0.0
-2.30095,7.90326,0.0
-2.30095,8.0033,0.0
-2.30095,8.10334,0.0
-2.30095,8.20338,0.0
-2.30095,8.30342,0.0
-2.30095,8.40346,0.0
-2.30095,8.5035,0.0
-2.30095,8.60354,0.0
-2.30095,8.70359,0.0
-2.30095,8.80363,0.0
-2.30095,8.90367,0.0
-2.30095,9.00371,0.0
-2.30095,9.10375,0.0
-2.30095,9.20379,0.0
-2.30095,9.30383,0.0
-2.30095,9.40387,0.0
-2.30095,9.50392,0.0
-2.20091,-9.50392,0.0
-2.20091,-9.40387,0.0
-2.20091,-9.30383,0.0
-2.20091,-9.20379,0.0
-2.20091,-9.10375,0.0
-2.20091,-9.00371,0.0
-2.20091,-8.90367,0.0
-2.20091,-8.80363,0.0
-2.20091,-8.70359,0.0
-2.20091,-8.60354,0.0
-2.20091,-8.5035,0.0
-2.20091,-8.40346,0.0
-2.20091,-8.30342,0.0
-2.20091,-8.20338,0.0
-2.20091,-8.10334,0.0
-2.20091,-8.0033,0.0
-2.20091,-7.90326,0.0
-2.20091,-7.80321,0.0
-2.20091,-7.70317,0.0
-2.20091,-7.60313,0.0
-2.20091,-7.50309,0.0
-2.20091,-7.40305,0.0
-2.20091,-7.30301,0.0
-2.20091,-7.20297,0.0
-2.20091,-7.10293,0.0
-2.20091,-7.00289,0.0
-2.20091,-6.90284,0.0
-2.20091,-6.8028,0.0
-2.20091,-6.70276,0.0
-2.20091,-6.60272,0.0
-2.20091,-6.50268,0.0
-2.20091,-6.40264,0.0
-2.20091,-6.3026,0.0
-2.20091,-6.20256,0.0
-2.20091,-6.10251,0.0
-2.20091,-6.00247,0.0
-2.20091,-5.90243,0.0
-2.20091,-5.80239,0.0
-2.20091,-5.70235,0.0
-2.20091,-5.60231,0.0
-2.20091,-5.50227,0.0
-2.20091,-5.40223,0.0
-2.20091,-5.30218,0.0
-2.20091,-5.20214,0.0
-2.20091,-5.1021,0.0
-2.20091,-5.00206,0.0
-2.20091,-4.90202,0.0
-2.20091,-4.80198,0.0
-2.20091,-4.70194,0.0
-2.20091,-4.6019,0.0
-2.20091,-4.50185,0.0
-2.20091,-4.40181,0.0
-2.20091,-4.30177,0.0
-2.20091,-4.20173,0.0
-2.20091,-4.10169,0.0
-2.20091,-4.00165,0.0
-2.20091,-3.90161,0.0
-2.20091,-3.80157,0.0
-2.20091,-3.70152,0.0
-2.20091,-3.60148,0.0
-2.20091,-3.50144,0.0
-2.20091,-3.4014,0.0
-2.20091,-3.30136,0.0
-2.20091,-3.20132,0.0
-2.20091,-3.10128,0.0
-2.20091,-3.00124,0.0
-2.20091,-2.9012,0.0
-2.20091,-2.80115,0.0
-2.20091,-2.70111,0.0
-2.20091,-2.60107,0.0
-2.20091,-2.50103,0.0
-2.20091,-2.40099,0.0
-2.20091,-2.30095,0.0
-2.20091,-2.20091,0.0
-2.20091,-2.10087,0.0
-2.20091,-2.00082,0.0
-2.20091,-1.90078,0.0
-2.20091,-1.80074,0.0
-2.20091,-1.7007,0.0
-2.20091,-1.60066,0.0
-2.20091,-1.50062,0.0
-2.20091,-1.40058,0.0
-2.20091,-1.30054,0.0
-2.20091,-1.20049,0.0
-2.20091,-1.10045,0.0
-2.20091,-1.00041,0.0
-2.20091,-0.90037,0.0
-2.20091,-0.80033,0.0
-2.20091,-0.70029,0.0
-2.20091,-0.60025,0.0
-2.20091,-0.50021,0.0
-2.20091,-0.40016,0.0
-2.20091,-0.30012,0.0
-2.20091,-0.20008,0.0
-2.20091,-0.10004,0.0
-2.20091,0,0.0
-2.20091,0.10004,0.0
-2.20091,0.20008,0.0
-2.20091,0.30012,0.0
-2.20091,0.40016,0.0
-2.20091,0.50021,0.0
-2.20091,0.60025,0.0
-2.20091,0.70029,0.0
-2.20091,0.80033,0.0
-2.20091,0.90037,0.0
-2.20091,1.00041,0.0
-2.20091,1.10045,0.0
-2.20091,1.20049,0.0
-2.20091,1.30054,0.0
-2.20091,1.40058,0.0
-2.20091,1.50062,0.0
-2.20091,1.60066,0.0
-2.20091,1.7007,0.0
-2.20091,1.80074,0.0
-2.20091,1.90078,0.0
-2.20091,2.00082,0.0
-2.20091,2.10087,0.0
-2.20091,2.20091,0.0
-2.20091,2.30095,0.0
-2.20091,2.40099,0.0
-2.20091,2.50103,0.0
-2.20091,2.60107,0.0
-2.20091,2.70111,0.0
-2.20091,2.80115,0.0
-2.20091,2.9012,0.0
-2.20091,3.00124,0.0
-2.20091,3.10128,0.0
-2.20091,3.20132,0.0
-2.20091,3.30136,0.0
-2.20091,3.4014,0.0
-2.20091,3.50144,0.0
-2.20091,3.60148,0.0
-2.20091,3.70152,0.0
-2.20091,3.80157,0.0
-2.20091,3.90161,0.0
-2.20091,4.00165,0.0
-2.20091,4.10169,0.0
-2.20091,4.20173,0.0
-2.20091,4.30177,0.0
-2.20091,4.40181,0.0
-2.20091,4.50185,0.0
-2.20091,4.6019,0.0
-2.20091,4.70194,0.0
-2.20091,4.80198,0.0
-2.20091,4.90202,0.0
-2.20091,5.00206,0.0
-2.20091,5.1021,0.0
-2.20091,5.20214,0.0
-2.20091,5.30218,0.0
-2.20091,5.40223,0.0
-2.20091,5.50227,0.0
-2.20091,5.60231,0.0
-2.20091,5.70235,0.0
-2.20091,5.80239,0.0
-2.20091,5.90243,0.0
-2.20091,6.00247,0.0
-2.20091,6.10251,0.0
-2.20091,6.20256,0.0
-2.20091,6.3026,0.0
-2.20091,6.40264,0.0
-2.20091,6.50268,0.0
-2.20091,6.60272,0.0
-2.20091,6.70276,0.0
-2.20091,6.8028,0.0
-2.20091,6.90284,0.0
-2.20091,7.00289,0.0
-2.20091,7.10293,0.0
-2.20091,7.20297,0.0
-2.20091,7.30301,0.0
-2.20091,7.40305,0.0
-2.20091,7.50309,0.0
-2.20091,7.60313,0.0
-2.20091,7.70317,0.0
-2.20091,7.80321,0.0
-2.20091,7.90326,0.0
-2.20091,8.0033,0.0
-2.20091,8.10334,0.0
-2.20091,8.20338,0.0
-2.20091,8.30342,0.0
-2.20091,8.40346,0.0
-2.20091,8.5035,0.0
-2.20091,8.60354,0.0
-2.20091,8.70359,0.0
-2.20091,8.80363,0.0
-2.20091,8.90367,0.0
-2.20091,9.00371,0.0
-2.20091,9.10375,0.0
-2.20091,9.20379,0.0
-2.20091,9.30383,0.0
-2.20091,9.40387,0.0
-2.20091,9.50392,0.0
-2.10087,-9.50392,0.0
-2.10087,-9.40387,0.0
-2.10087,-9.30383,0.0
-2.10087,-9.20379,0.0
-2.10087,-9.10375,0.0
-2.10087,-9.00371,0.0
-2.10087,-8.90367,0.0
-2.10087,-8.80363,0.0
-2.10087,-8.70359,0.0
-2.10087,-8.60354,0.0
-2.10087,-8.5035,0.0
-2.10087,-8.40346,0.0
-2.10087,-8.30342,0.0
-2.10087,-8.20338,0.0
-2.10087,-8.10334,0.0
-2.10087,-8.0033,0.0
-2.10087,-7.90326,0.0
-2.10087,-7.80321,0.0
-2.10087,-7.70317,0.0
-2.10087,-7.60313,0.0
-2.10087,-7.50309,0.0
-2.10087,-7.40305,0.0
-2.10087,-7.30301,0.0
-2.10087,-7.20297,0.0
-2.10087,-7.10293,0.0
-2.10087,-7.00289,0.0
-2.10087,-6.90284,0.0
-2.10087,-6.8028,0.0
-2.10087,-6.70276,0.0
-2.10087,-6.60272,0.0
-2.10087,-6.50268,0.0
-2.10087,-6.40264,0.0
-2.10087,-6.3026,0.0
-2.10087,-6.20256,0.0
-2.10087,-6.10251,0.0
-2.10087,-6.00247,0.0
-2.10087,-5.90243,0.0
-2.10087,-5.80239,0.0
-2.10087,-5.70235,0.0
-2.10087,-5.60231,0.0
-2.10087,-5.50227,0.0
-2.10087,-5.40223,0.0
-2.10087,-5.30218,0.0
-2.10087,-5.20214,0.0
-2.10087,-5.1021,0.0
-2.10087,-5.00206,0.0
-2.10087,-4.90202,0.0
-2.10087,-4.80198,0.0
-2.10087,-4.70194,0.0
-2.10087,-4.6019,0.0
-2.10087,-4.50185,0.0
-2.10087,-4.40181,0.0
-2.10087,-4.30177,0.0
-2.10087,-4.20173,0.0
-2.10087,-4.10169,0.0
-2.10087,-4.00165,0.0
-2.10087,-3.90161,0.0
-2.10087,-3.80157,0.0
-2.10087,-3.70152,0.0
-2.10087,-3.60148,0.0
-2.10087,-3.50144,0.0
-2.10087,-3.4014,0.0
-2.10087,-3.30136,0.0
-2.10087,-3.20132,0.0
-2.10087,-3.10128,0.0
-2.10087,-3.00124,0.0
-2.10087,-2.9012,0.0
-2.10087,-2.80115,0.0
-2.10087,-2.70111,0.0
-2.10087,-2.60107,0.0
-2.10087,-2.50103,0.0
-2.10087,-2.40099,0.0
-2.10087,-2.30095,0.0
-2.10087,-2.20091,0.0
-2.10087,-2.10087,0.0
-2.10087,-2.00082,0.0
-2.10087,-1.90078,0.0
-2.10087,-1.80074,0.0
-2.10087,-1.7007,0.0
-2.10087,-1.60066,0.0
-2.10087,-1.50062,0.0
-2.10087,-1.40058,0.0
-2.10087,-1.30054,0.0
-2.10087,-1.20049,0.0
-2.10087,-1.10045,0.0
-2.10087,-1.00041,0.0
-2.10087,-0.90037,0.0
-2.10087,-0.80033,0.0
-2.10087,-0.70029,0.0
-2.10087,-0.60025,0.0
-2.10087,-0.50021,0.0
-2.10087,-0.40016,0.0
-2.10087,-0.30012,0.0
-2.10087,-0.20008,0.0
-2.10087,-0.10004,0.0
-2.10087,0,0.0
-2.10087,0.10004,0.0
-2.10087,0.20008,0.0
-2.10087,0.30012,0.0
-2.10087,0.40016,0.0
-2.10087,0.50021,0.0
-2.10087,0.60025,0.0
-2.10087,0.70029,0.0
-2.10087,0.80033,0.0
-2.10087,0.90037,0.0
-2.10087,1.00041,0.0
-2.10087,1.10045,0.0
-2.10087,1.20049,0.0
-2.10087,1.30054,0.0
-2.10087,1.40058,0.0
-2.10087,1.50062,0.0
-2.10087,1.60066,0.0
-2.10087,1.7007,0.0
-2.10087,1.80074,0.0
-2.10087,1.90078,0.0
-2.10087,2.00082,0.0
-2.10087,2.10087,0.0
-2.10087,2.20091,0.0
-2.10087,2.30095,0.0
-2.10087,2.40099,0.0
-2.10087,2.50103,0.0
-2.10087,2.60107,0.0
-2.10087,2.70111,0.0
-2.10087,2.80115,0.0
-2.10087,2.9012,0.0
-2.10087,3.00124,0.0
-2.10087,3.10128,0.0
-2.10087,3.20132,0.0
-2.10087,3.30136,0.0
-2.10087,3.4014,0.0
-2.10087,3.50144,0.0
-2.10087,3.60148,0.0
-2.10087,3.70152,0.0
-2.10087,3.80157,0.0
-2.10087,3.90161,0.0
-2.10087,4.00165,0.0
-2.10087,4.10169,0.0
-2.10087,4.20173,0.0
-2.10087,4.30177,0.0
-2.10087,4.40181,0.0
-2.10087,4.50185,0.0
-2.10087,4.6019,0.0
-2.10087,4.70194,0.0
-2.10087,4.80198,0.0
-2.10087,4.90202,0.0
-2.10087,5.00206,0.0
-2.10087,5.1021,0.0
-2.10087,5.20214,0.0
-2.10087,5.30218,0.0
-2.10087,5.40223,0.0
-2.10087,5.50227,0.0
-2.10087,5.60231,0.0
-2.10087,5.70235,0.0
-2.10087,5.80239,0.0
-2.10087,5.90243,0.0
-2.10087,6.00247,0.0
-2.10087,6.10251,0.0
-2.10087,6.20256,0.0
-2.10087,6.3026,0.0
-2.10087,6.40264,0.0
-2.10087,6.50268,0.0
-2.10087,6.60272,0.0
-2.10087,6.70276,0.0
-2.10087,6.8028,0.0
-2.10087,6.90284,0.0
-2.10087,7.00289,0.0
-2.10087,7.10293,0.0
-2.10087,7.20297,0.0
-2.10087,7.30301,0.0
-2.10087,7.40305,0.0
-2.10087,7.50309,0.0
-2.10087,7.60313,0.0
-2.10087,7.70317,0.0
-2.10087,7.80321,0.0
-2.10087,7.90326,0.0
-2.10087,8.0033,0.0
-2.10087,8.10334,0.0
-2.10087,8.20338,0.0
-2.10087,8.30342,0.0
-2.10087,8.40346,0.0
-2.10087,8.5035,0.0
-2.10087,8.60354,0.0
-2.10087,8.70359,0.0
-2.10087,8.80363,0.0
-2.10087,8.90367,0.0
-2.10087,9.00371,0.0
-2.10087,9.10375,0.0
-2.10087,9.20379,0.0
-2.10087,9.30383,0.0
-2.10087,9.40387,0.0
-2.10087,9.50392,0.0
-2.00082,-9.50392,0.0
-2.00082,-9.40387,0.0
-2.00082,-9.30383,0.0
-2.00082,-9.20379,0.0
-2.00082,-9.10375,0.0
-2.00082,-9.00371,0.0
-2.00082,-8.90367,0.0
-2.00082,-8.80363,0.0
-2.00082,-8.70359,0.0
-2.00082,-8.60354,0.0
-2.00082,-8.5035,0.0
-2.00082,-8.40346,0.0
-2.00082,-8.30342,0.0
-2.00082,-8.20338,0.0
-2.00082,-8.10334,0.0
-2.00082,-8.0033,0.0
-2.00082,-7.90326,0.0
-2.00082,-7.80321,0.0
-2.00082,-7.70317,0.0
-2.00082,-7.60313,0.0
-2.00082,-7.50309,0.0
-2.00082,-7.40305,0.0
-2.00082,-7.30301,0.0
-2.00082,-7.20297,0.0
-2.00082,-7.10293,0.0
-2.00082,-7.00289,0.0
-2.00082,-6.90284,0.0
-2.00082,-6.8028,0.0
-2.00082,-6.70276,0.0
-2.00082,-6.60272,0.0
-2.00082,-6.50268,0.0
-2.00082,-6.40264,0.0
-2.00082,-6.3026,0.0
-2.00082,-6.20256,0.0
-2.00082,-6.10251,0.0
-2.00082,-6.00247,0.0
-2.00082,-5.90243,0.0
-2.00082,-5.80239,0.0
-2.00082,-5.70235,0.0
-2.00082,-5.60231,0.0
-2.00082,-5.50227,0.0
-2.00082,-5.40223,0.0
-2.00082,-5.30218,0.0
-2.00082,-5.20214,0.0
-2.00082,-5.1021,0.0
-2.00082,-5.00206,0.0
-2.00082,-4.90202,0.0
-2.00082,-4.80198,0.0
-2.00082,-4.70194,0.0
-2.00082,-4.6019,0.0
-2.00082,-4.50185,0.0
-2.00082,-4.40181,0.0
-2.00082,-4.30177,0.0
-2.00082,-4.20173,0.0
-2.00082,-4.10169,0.0
-2.00082,-4.00165,0.0
-2.00082,-3.90161,0.0
-2.00082,-3.80157,0.0
-2.00082,-3.70152,0.0
-2.00082,-3.60148,0.0
-2.00082,-3.50144,0.0
-2.00082,-3.4014,0.0
-2.00082,-3.30136,0.0
-2.00082,-3.20132,0.0
-2.00082,-3.10128,0.0
-2.00082,-3.00124,0.0
-2.00082,-2.9012,0.0
-2.00082,-2.80115,0.0
-2.00082,-2.70111,0.0
-2.00082,-2.60107,0.0
-2.00082,-2.50103,0.0
-2.00082,-2.40099,0.0
-2.00082,-2.30095,0.0
-2.00082,-2.20091,0.0
-2.00082,-2.10087,0.0
-2.00082,-2.00082,0.0
-2.00082,-1.90078,0.0
-2.00082,-1.80074,0.0
-2.00082,-1.7007,0.0
-2.00082,-1.60066,0.0
-2.00082,-1.50062,0.0
-2.00082,-1.40058,0.0
-2.00082,-1.30054,0.0
-2.00082,-1.20049,0.0
-2.00082,-1.10045,0.0
-2.00082,-1.00041,0.0
-2.00082,-0.90037,0.0
-2.00082,-0.80033,0.0
-2.00082,-0.70029,0.0
-2.00082,-0.60025,0.0
-2.00082,-0.50021,0.0
-2.00082,-0.40016,0.0
-2.00082,-0.30012,0.0
-2.00082,-0.20008,0.0
-2.00082,-0.10004,0.0
-2.00082,0,0.0
-2.00082,0.10004,0.0
-2.00082,0.20008,0.0
-2.00082,0.30012,0.0
-2.00082,0.40016,0.0
-2.00082,0.50021,0.0
-2.00082,0.60025,0.0
-2.00082,0.70029,0.0
-2.00082,0.80033,0.0
-2.00082,0.90037,0.0
-2.00082,1.00041,0.0
-2.00082,1.10045,0.0
-2.00082,1.20049,0.0
-2.00082,1.30054,0.0
-2.00082,1.40058,0.0
-2.00082,1.50062,0.0
-2.00082,1.60066,0.0
-2.00082,1.7007,0.0
-2.00082,1.80074,0.0
-2.00082,1.90078,0.0
-2.00082,2.00082,0.0
-2.00082,2.10087,0.0
-2.00082,2.20091,0.0
-2.00082,2.30095,0.0
-2.00082,2.40099,0.0
-2.00082,2.50103,0.0
-2.00082,2.60107,0.0
-2.00082,2.70111,0.0
-2.00082,2.80115,0.0
-2.00082,2.9012,0.0
-2.00082,3.00124,0.0
-2.00082,3.10128,0.0
-2.00082,3.20132,0.0
-2.00082,3.30136,0.0
-2.00082,3.4014,0.0
-2.00082,3.50144,0.0
-2.00082,3.60148,0.0
-2.00082,3.70152,0.0
-2.00082,3.80157,0.0
-2.00082,3.90161,0.0
-2.00082,4.00165,0.0
-2.00082,4.10169,0.0
-2.00082,4.20173,0.0
-2.00082,4.30177,0.0
-2.00082,4.40181,0.0
-2.00082,4.50185,0.0
-2.00082,4.6019,0.0
-2.00082,4.70194,0.0
-2.00082,4.80198,0.0
-2.00082,4.90202,0.0
-2.00082,5.00206,0.0
-2.00082,5.1021,0.0
-2.00082,5.20214,0.0
-2.00082,5.30218,0.0
-2.00082,5.40223,0.0
-2.00082,5.50227,0.0
-2.00082,5.60231,0.0
-2.00082,5.70235,0.0
-2.00082,5.80239,0.0
-2.00082,5.90243,0.0
-2.00082,6.00247,0.0
-2.00082,6.10251,0.0
-2.00082,6.20256,0.0
-2.00082,6.3026,0.0
-2.00082,6.40264,0.0
-2.00082,6.50268,0.0
-2.00082,6.60272,0.0
-2.00082,6.70276,0.0
-2.00082,6.8028,0.0
-2.00082,6.90284,0.0
-2.00082,7.00289,0.0
-2.00082,7.10293,0.0
-2.00082,7.20297,0.0
-2.00082,7.30301,0.0
-2.00082,7.40305,0.0
-2.00082,7.50309,0.0
-2.00082,7.60313,0.0
-2.00082,7.70317,0.0
-2.00082,7.80321,0.0
-2.00082,7.90326,0.0
-2.00082,8.0033,0.0
-2.00082,8.10334,0.0
-2.00082,8.20338,0.0
-2.00082,8.30342,0.0
-2.00082,8.40346,0.0
-2.00082,8.5035,0.0
-2.00082,8.60354,0.0
-2.00082,8.70359,0.0
-2.00082,8.80363,0.0
-2.00082,8.90367,0.0
-2.00082,9.00371,0.0
-2.00082,9.10375,0.0
-2.00082,9.20379,0.0
-2.00082,9.30383,0.0
-2.00082,9.40387,0.0
-2.00082,9.50392,0.0
-1.90078,-9.60396,0.0
-1.90078,-9.50392,0.0
-1.90078,-9.40387,0.0
-1.90078,-9.30383,0.0
-1.90078,-9.20379,0.0
-1.90078,-9.10375,0.0
-1.90078,-9.00371,0.0
-1.90078,-8.90367,0.0
-1.90078,-8.80363,0.0
-1.90078,-8.70359,0.0
-1.90078,-8.60354,0.0
-1.90078,-8.5035,0.0
-1.90078,-8.40346,0.0
-1.90078,-8.30342,0.0
-1.90078,-8.20338,0.0
-1.90078,-8.10334,0.0
-1.90078,-8.0033,0.0
-1.90078,-7.90326,0.0
-1.90078,-7.80321,0.0
-1.90078,-7.70317,0.0
-1.90078,-7.60313,0.0
-1.90078,-7.50309,0.0
-1.90078,-7.40305,0.0
-1.90078,-7.30301,0.0
-1.90078,-7.20297,0.0
-1.90078,-7.10293,0.0
-1.90078,-7.00289,0.0
-1.90078,-6.90284,0.0
-1.90078,-6.8028,0.0
-1.90078,-6.70276,0.0
-1.90078,-6.60272,0.0
-1.90078,-6.50268,0.0
-1.90078,-6.40264,0.0
-1.90078,-6.3026,0.0
-1.90078,-6.20256,0.0
-1.90078,-6.10251,0.0
-1.90078,-6.00247,0.0
-1.90078,-5.90243,0.0
-1.90078,-5.80239,0.0
-1.90078,-5.70235,0.0
-1.90078,-5.60231,0.0
-1.90078,-5.50227,0.0
-1.90078,-5.40223,0.0
-1.90078,-5.30218,0.0
-1.90078,-5.20214,0.0
-1.90078,-5.1021,0.0
-1.90078,-5.00206,0.0
-1.90078,-4.90202,0.0
-1.90078,-4.80198,0.0
-1.90078,-4.70194,0.0
-1.90078,-4.6019,0.0
-1.90078,-4.50185,0.0
-1.90078,-4.40181,0.0
-1.90078,-4.30177,0.0
-1.90078,-4.20173,0.0
-1.90078,-4.10169,0.0
-1.90078,-4.00165,0.0
-1.90078,-3.90161,0.0
-1.90078,-3.80157,0.0
-1.90078,-3.70152,0.0
-1.90078,-3.60148,0.0
-1.90078,-3.50144,0.0
-1.90078,-3.4014,0.0
-1.90078,-3.30136,0.0
-1.90078,-3.20132,0.0
-1.90078,-3.10128,0.0
-1.90078,-3.00124,0.0
-1.90078,-2.9012,0.0
-1.90078,-2.80115,0.0
-1.90078,-2.70111,0.0
-1.90078,-2.60107,0.0
-1.90078,-2.50103,0.0
-1.90078,-2.40099,0.0
-1.90078,-2.30095,0.0
-1.90078,-2.20091,0.0
-1.90078,-2.10087,0.0
-1.90078,-2.00082,0.0
-1.90078,-1.90078,0.0
-1.90078,-1.80074,0.0
-1.90078,-1.7007,0.0
-1.90078,-1.60066,0.0
-1.90078,-1.50062,0.0
-1.90078,-1.40058,0.0
-1.90078,-1.30054,0.0
-1.90078,-1.20049,0.0
-1.90078,-1.10045,0.0
-1.90078,-1.00041,0.0
-1.90078,-0.90037,0.0
-1.90078,-0.80033,0.0
-1.90078,-0.70029,0.0
-1.90078,-0.60025,0.0
-1.90078,-0.50021,0.0
-1.90078,-0.40016,0.0
-1.90078,-0.30012,0.0
-1.90078,-0.20008,0.0
-1.90078,-0.10004,0.0
-1.90078,0,0.0
-1.90078,0.10004,0.0
-1.90078,0.20008,0.0
-1.90078,0.30012,0.0
-1.90078,0.40016,0.0
-1.90078,0.50021,0.0
-1.90078,0.60025,0.0
-1.90078,0.70029,0.0
-1.90078,0.80033,0.0
-1.90078,0.90037,0.0
-1.90078,1.00041,0.0
-1.90078,1.10045,0.0
-1.90078,1.20049,0.0
-1.90078,1.30054,0.0
-1.90078,1.40058,0.0
-1.90078,1.50062,0.0
-1.90078,1.60066,0.0
-1.90078,1.7007,0.0
-1.90078,1.80074,0.0
-1.90078,1.90078,0.0
-1.90078,2.00082,0.0
-1.90078,2.10087,0.0
-1.90078,2.20091,0.0
-1.90078,2.30095,0.0
-1.90078,2.40099,0.0
-1.90078,2.50103,0.0
-1.90078,2.60107,0.0
-1.90078,2.70111,0.0
-1.90078,2.80115,0.0
-1.90078,2.9012,0.0
-1.90078,3.00124,0.0
-1.90078,3.10128,0.0
-1.90078,3.20132,0.0
-1.90078,3.30136,0.0
-1.90078,3.4014,0.0
-1.90078,3.50144,0.0
-1.90078,3.60148,0.0
-1.90078,3.70152,0.0
-1.90078,3.80157,0.0
-1.90078,3.90161,0.0
-1.90078,4.00165,0.0
-1.90078,4.10169,0.0
-1.90078,4.20173,0.0
-1.90078,4.30177,0.0
-1.90078,4.40181,0.0
-1.90078,4.50185,0.0
-1.90078,4.6019,0.0
-1.90078,4.70194,0.0
-1.90078,4.80198,0.0
-1.90078,4.90202,0.0
-1.90078,5.00206,0.0
-1.90078,5.1021,0.0
-1.90078,5.20214,0.0
-1.90078,5.30218,0.0
-1.90078,5.40223,0.0
-1.90078,5.50227,0.0
-1.90078,5.60231,0.0
-1.90078,5.70235,0.0
-1.90078,5.80239,0.0
-1.90078,5.90243,0.0
-1.90078,6.00247,0.0
-1.90078,6.10251,0.0
-1.90078,6.20256,0.0
-1.90078,6.3026,0.0
-1.90078,6.40264,0.0
-1.90078,6.50268,0.0
-1.90078,6.60272,0.0
-1.90078,6.70276,0.0
-1.90078,6.8028,0.0
-1.90078,6.90284,0.0
-1.90078,7.00289,0.0
-1.90078,7.10293,0.0
-1.90078,7.20297,0.0
-1.90078,7.30301,0.0
-1.90078,7.40305,0.0
-1.90078,7.50309,0.0
-1.90078,7.60313,0.0
-1.90078,7.70317,0.0
-1.90078,7.80321,0.0
-1.90078,7.90326,0.0
-1.90078,8.0033,0.0
-1.90078,8.10334,0.0
-1.90078,8.20338,0.0
-1.90078,8.30342,0.0
-1.90078,8.40346,0.0
-1.90078,8.5035,0.0
-1.90078,8.60354,0.0
-1.90078,8.70359,0.0
-1.90078,8.80363,0.0
-1.90078,8.90367,0.0
-1.90078,9.00371,0.0
-1.90078,9.10375,0.0
-1.90078,9.20379,0.0
-1.90078,9.30383,0.0
-1.90078,9.40387,0.0
-1.90078,9.50392,0.0
-1.90078,9.60396,0.0
-1.80074,-9.60396,0.0
-1.80074,-9.50392,0.0
-1.80074,-9.40387,0.0
-1.80074,-9.30383,0.0
-1.80074,-9.20379,0.0
-1.80074,-9.10375,0.0
-1.80074,-9.00371,0.0
-1.80074,-8.90367,0.0
-1.80074,-8.80363,0.0
-1.80074,-8.70359,0.0
-1.80074,-8.60354,0.0
-1.80074,-8.5035,0.0
-1.80074,-8.40346,0.0
-1.80074,-8.30342,0.0
-1.80074,-8.20338,0.0
-1.80074,-8.10334,0.0
-1.80074,-8.0033,0.0
-1.80074,-7.90326,0.0
-1.80074,-7.80321,0.0
-1.80074,-7.70317,0.0
-1.80074,-7.60313,0.0
-1.80074,-7.50309,0.0
-1.80074,-7.40305,0.0
-1.80074,-7.30301,0.0
-1.80074,-7.20297,0.0
-1.80074,-7.10293,0.0
-1.80074,-7.00289,0.0
-1.80074,-6.90284,0.0
-1.80074,-6.8028,0.0
-1.80074,-6.70276,0.0
-1.80074,-6.60272,0.0
-1.80074,-6.50268,0.0
-1.80074,-6.40264,0.0
-1.80074,-6.3026,0.0
-1.80074,-6.20256,0.0
-1.80074,-6.10251,0.0
-1.80074,-6.00247,0.0
-1.80074,-5.90243,0.0
-1.80074,-5.80239,0.0
-1.80074,-5.70235,0.0
-1.80074,-5.60231,0.0
-1.80074,-5.50227,0.0
-1.80074,-5.40223,0.0
-1.80074,-5.30218,0.0
-1.80074,-5.20214,0.0
-1.80074,-5.1021,0.0
-1.80074,-5.00206,0.0
-1.80074,-4.90202,0.0
-1.80074,-4.80198,0.0
-1.80074,-4.70194,0.0
-1.80074,-4.6019,0.0
-1.80074,-4.50185,0.0
-1.80074,-4.40181,0.0
-1.80074,-4.30177,0.0
-1.80074,-4.20173,0.0
-1.80074,-4.10169,0.0
-1.80074,-4.00165,0.0
-1.80074,-3.90161,0.0
-1.80074,-3.80157,0.0
-1.80074,-3.70152,0.0
-1.80074,-3.60148,0.0
-1.80074,-3.50144,0.0
-1.80074,-3.4014,0.0
-1.80074,-3.30136,0.0
-1.80074,-3.20132,0.0
-1.80074,-3.10128,0.0
-1.80074,-3.00124,0.0
-1.80074,-2.9012,0.0
-1.80074,-2.80115,0.0
-1.80074,-2.70111,0.0
-1.80074,-2.60107,0.0
-1.80074,-2.50103,0.0
-1.80074,-2.40099,0.0
-1.80074,-2.30095,0.0
-1.80074,-2.20091,0.0
-1.80074,-2.10087,0.0
-1.80074,-2.00082,0.0
-1.80074,-1.90078,0.0
-1.80074,-1.80074,0.0
-1.80074,-1.7007,0.0
-1.80074,-1.60066,0.0
-1.80074,-1.50062,0.0
-1.80074,-1.40058,0.0
-1.80074,-1.30054,0.0
-1.80074,-1.20049,0.0
-1.80074,-1.10045,0.0
-1.80074,-1.00041,0.0
-1.80074,-0.90037,0.0
-1.80074,-0.80033,0.0
-1.80074,-0.70029,0.0
-1.80074,-0.60025,0.0
-1.80074,-0.50021,0.0
-1.80074,-0.40016,0.0
-1.80074,-0.30012,0.0
-1.80074,-0.20008,0.0
-1.80074,-0.10004,0.0
-1.80074,0,0.0
-1.80074,0.10004,0.0
-1.80074,0.20008,0.0
-1.80074,0.30012,0.0
-1.80074,0.40016,0.0
-1.80074,0.50021,0.0
-1.80074,0.60025,0.0
-1.80074,0.70029,0.0
-1.80074,0.80033,0.0
-1.80074,0.90037,0.0
-1.80074,1.00041,0.0
-1.80074,1.10045,0.0
-1.80074,1.20049,0.0
-1.80074,1.30054,0.0
-1.80074,1.40058,0.0
-1.80074,1.50062,0.0
-1.80074,1.60066,0.0
-1.80074,1.7007,0.0
-1.80074,1.80074,0.0
-1.80074,1.90078,0.0
-1.80074,2.00082,0.0
-1.80074,2.10087,0.0
-1.80074,2.20091,0.0
-1.80074,2.30095,0.0
-1.80074,2.40099,0.0
-1.80074,2.50103,0.0
-1.80074,2.60107,0.0
-1.80074,2.70111,0.0
-1.80074,2.80115,0.0
-1.80074,2.9012,0.0
-1.80074,3.00124,0.0
-1.80074,3.10128,0.0
-1.80074,3.20132,0.0
-1.80074,3.30136,0.0
-1.80074,3.4014,0.0
-1.80074,3.50144,0.0
-1.80074,3.60148,0.0
-1.80074,3.70152,0.0
-1.80074,3.80157,0.0
-1.80074,3.90161,0.0
-1.80074,4.00165,0.0
-1.80074,4.10169,0.0
-1.80074,4.20173,0.0
-1.80074,4.30177,0.0
-1.80074,4.40181,0.0
-1.80074,4.50185,0.0
-1.80074,4.6019,0.0
-1.80074,4.70194,0.0
-1.80074,4.80198,0.0
-1.80074,4.90202,0.0
-1.80074,5.00206,0.0
-1.80074,5.1021,0.0
-1.80074,5.20214,0.0
-1.80074,5.30218,0.0
-1.80074,5.40223,0.0
-1.80074,5.50227,0.0
-1.80074,5.60231,0.0
-1.80074,5.70235,0.0
-1.80074,5.80239,0.0
-1.80074,5.90243,0.0
-1.80074,6.00247,0.0
-1.80074,6.10251,0.0
-1.80074,6.20256,0.0
-1.80074,6.3026,0.0
-1.80074,6.40264,0.0
-1.80074,6.50268,0.0
-1.80074,6.60272,0.0
-1.80074,6.70276,0.0
-1.80074,6.8028,0.0
-1.80074,6.90284,0.0
-1.80074,7.00289,0.0
-1.80074,7.10293,0.0
-1.80074,7.20297,0.0
-1.80074,7.30301,0.0
-1.80074,7.40305,0.0
-1.80074,7.50309,0.0
-1.80074,7.60313,0.0
-1.80074,7.70317,0.0
-1.80074,7.80321,0.0
-1.80074,7.90326,0.0
-1.80074,8.0033,0.0
-1.80074,8.10334,0.0
-1.80074,8.20338,0.0
-1.80074,8.30342,0.0
-1.80074,8.40346,0.0
-1.80074,8.5035,0.0
-1.80074,8.60354,0.0
-1.80074,8.70359,0.0
-1.80074,8.80363,0.0
-1.80074,8.90367,0.0
-1.80074,9.00371,0.0
-1.80074,9.10375,0.0
-1.80074,9.20379,0.0
-1.80074,9.30383,0.0
-1.80074,9.40387,0.0
-1.80074,9.50392,0.0
-1.80074,9.60396,0.0
-1.7007,-9.60396,0.0
-1.7007,-9.50392,0.0
-1.7007,-9.40387,0.0
-1.7007,-9.30383,0.0
-1.7007,-9.20379,0.0
-1.7007,-9.10375,0.0
-1.7007,-9.00371,0.0
-1.7007,-8.90367,0.0
-1.7007,-8.80363,0.0
-1.7007,-8.70359,0.0
-1.7007,-8.60354,0.0
-1.7007,-8.5035,0.0
-1.7007,-8.40346,0.0
-1.7007,-8.30342,0.0
-1.7007,-8.20338,0.0
-1.7007,-8.10334,0.0
-1.7007,-8.0033,0.0
-1.7007,-7.90326,0.0
-1.7007,-7.80321,0.0
-1.7007,-7.70317,0.0
-1.7007,-7.60313,0.0
-1.7007,-7.50309,0.0
-1.7007,-7.40305,0.0
-1.7007,-7.30301,0.0
-1.7007,-7.20297,0.0
-1.7007,-7.10293,0.0
-1.7007,-7.00289,0.0
-1.7007,-6.90284,0.0
-1.7007,-6.8028,0.0
-1.7007,-6.70276,0.0
-1.7007,-6.60272,0.0
-1.7007,-6.50268,0.0
-1.7007,-6.40264,0.0
-1.7007,-6.3026,0.0
-1.7007,-6.20256,0.0
-1.7007,-6.10251,0.0
-1.7007,-6.00247,0.0
-1.7007,-5.90243,0.0
-1.7007,-5.80239,0.0
-1.7007,-5.70235,0.0
-1.7007,-5.60231,0.0
-1.7007,-5.50227,0.0
-1.7007,-5.40223,0.0
-1.7007,-5.30218,0.0
-1.7007,-5.20214,0.0
-1.7007,-5.1021,0.0
-1.7007,-5.00206,0.0
-1.7007,-4.90202,0.0
-1.7007,-4.80198,0.0
-1.7007,-4.70194,0.0
-1.7007,-4.6019,0.0
-1.7007,-4.50185,0.0
-1.7007,-4.40181,0.0
-1.7007,-4.30177,0.0
-1.7007,-4.20173,0.0
-1.7007,-4.10169,0.0
-1.7007,-4.00165,0.0
-1.7007,-3.90161,0.0
-1.7007,-3.80157,0.0
-1.7007,-3.70152,0.0
-1.7007,-3.60148,0.0
-1.7007,-3.50144,0.0
-1.7007,-3.4014,0.0
-1.7007,-3.30136,0.0
-1.7007,-3.20132,0.0
-1.7007,-3.10128,0.0
-1.7007,-3.00124,0.0
-1.7007,-2.9012,0.0
-1.7007,-2.80115,0.0
-1.7007,-2.70111,0.0
-1.7007,-2.60107,0.0
-1.7007,-2.50103,0.0
-1.7007,-2.40099,0.0
-1.7007,-2.30095,0.0
-1.7007,-2.20091,0.0
-1.7007,-2.10087,0.0
-1.7007,-2.00082,0.0
-1.7007,-1.90078,0.0
-1.7007,-1.80074,0.0
-1.7007,-1.7007,0.0
-1.7007,-1.60066,0.0
-1.7007,-1.50062,0.0
-1.7007,-1.40058,0.0
-1.7007,-1.30054,0.0
-1.7007,-1.20049,0.0
-1.7007,-1.10045,0.0
-1.7007,-1.00041,0.0
-1.7007,-0.90037,0.0
-1.7007,-0.80033,0.0
-1.7007,-0.70029,0.0
-1.7007,-0.60025,0.0
-1.7007,-0.50021,0.0
-1.7007,-0.40016,0.0
-1.7007,-0.30012,0.0
-1.7007,-0.20008,0.0
-1.7007,-0.10004,0.0
-1.7007,0,0.0
-1.7007,0.10004,0.0
-1.7007,0.20008,0.0
-1.7007,0.30012,0.0
-1.7007,0.40016,0.0
-1.7007,0.50021,0.0
-1.7007,0.60025,0.0
-1.7007,0.70029,0.0
-1.7007,0.80033,0.0
-1.7007,0.90037,0.0
-1.7007,1.00041,0.0
-1.7007,1.10045,0.0
-1.7007,1.20049,0.0
-1.7007,1.30054,0.0
-1.7007,1.40058,0.0
-1.7007,1.50062,0.0
-1.7007,1.60066,0.0
-1.7007,1.7007,0.0
-1.7007,1.80074,0.0
-1.7007,1.90078,0.0
-1.7007,2.00082,0.0
-1.7007,2.10087,0.0
-1.7007,2.20091,0.0
-1.7007,2.30095,0.0
-1.7007,2.40099,0.0
-1.7007,2.50103,0.0
-1.7007,2.60107,0.0
-1.7007,2.70111,0.0
-1.7007,2.80115,0.0
-1.7007,2.9012,0.0
-1.7007,3.00124,0.0
-1.7007,3.10128,0.0
-1.7007,3.20132,0.0
-1.7007,3.30136,0.0
-1.7007,3.4014,0.0
-1.7007,3.50144,0.0
-1.7007,3.60148,0.0
-1.7007,3.70152,0.0
-1.7007,3.80157,0.0
-1.7007,3.90161,0.0
-1.7007,4.00165,0.0
-1.7007,4.10169,0.0
-1.7007,4.20173,0.0
-1.7007,4.30177,0.0
-1.7007,4.40181,0.0
-1.7007,4.50185,0.0
-1.7007,4.6019,0.0
-1.7007,4.70194,0.0
-1.7007,4.80198,0.0
-1.7007,4.90202,0.0
-1.7007,5.00206,0.0
-1.7007,5.1021,0.0
-1.7007,5.20214,0.0
-1.7007,5.30218,0.0
-1.7007,5.40223,0.0
-1.7007,5.50227,0.0
-1.7007,5.60231,0.0
-1.7007,5.70235,0.0
-1.7007,5.80239,0.0
-1.7007,5.90243,0.0
-1.7007,6.00247,0.0
-1.7007,6.10251,0.0
-1.7007,6.20256,0.0
-1.7007,6.3026,0.0
-1.7007,6.40264,0.0
-1.7007,6.50268,0.0
-1.7007,6.60272,0.0
-1.7007,6.70276,0.0
-1.7007,6.8028,0.0
-1.7007,6.90284,0.0
-1.7007,7.00289,0.0
-1.7007,7.10293,0.0
-1.7007,7.20297,0.0
-1.7007,7.30301,0.0
-1.7007,7.40305,0.0
-1.7007,7.50309,0.0
-1.7007,7.60313,0.0
-1.7007,7.70317,0.0
-1.7007,7.80321,0.0
-1.7007,7.90326,0.0
-1.7007,8.0033,0.0
-1.7007,8.10334,0.0
-1.7007,8.20338,0.0
-1.7007,8.30342,0.0
-1.7007,8.40346,0.0
-1.7007,8.5035,0.0
-1.7007,8.60354,0.0
-1.7007,8.70359,0.0
-1.7007,8.80363,0.0
-1.7007,8.90367,0.0
-1.7007,9.00371,0.0
-1.7007,9.10375,0.0
-1.7007,9.20379,0.0
-1.7007,9.30383,0.0
-1.7007,9.40387,0.0
-1.7007,9.50392,0.0
-1.7007,9.60396,0.0
-1.60066,-9.60396,0.0
-1.60066,-9.50392,0.0
-1.60066,-9.40387,0.0
-1.60066,-9.30383,0.0
-1.60066,-9.20379,0.0
-1.60066,-9.10375,0.0
-1.60066,-9.00371,0.0
-1.60066,-8.90367,0.0
-1.60066,-8.80363,0.0
-1.60066,-8.70359,0.0
-1.60066,-8.60354,0.0
-1.60066,-8.5035,0.0
-1.60066,-8.40346,0.0
-1.60066,-8.30342,0.0
-1.60066,-8.20338,0.0
-1.60066,-8.10334,0.0
-1.60066,-8.0033,0.0
-1.60066,-7.90326,0.0
-1.60066,-7.80321,0.0
-1.60066,-7.70317,0.0
-1.60066,-7.60313,0.0
-1.60066,-7.50309,0.0
-1.60066,-7.40305,0.0
-1.60066,-7.30301,0.0
-1.60066,-7.20297,0.0
-1.60066,-7.10293,0.0
-1.60066,-7.00289,0.0
-1.60066,-6.90284,0.0
-1.60066,-6.8028,0.0
-1.60066,-6.70276,0.0
-1.60066,-6.60272,0.0
-1.60066,-6.50268,0.0
-1.60066,-6.40264,0.0
-1.60066,-6.3026,0.0
-1.60066,-6.20256,0.0
-1.60066,-6.10251,0.0
-1.60066,-6.00247,0.0
-1.60066,-5.90243,0.0
-1.60066,-5.80239,0.0
-1.60066,-5.70235,0.0
-1.60066,-5.60231,0.0
-1.60066,-5.50227,0.0
-1.60066,-5.40223,0.0
-1.60066,-5.30218,0.0
-1.60066,-5.20214,0.0
-1.60066,-5.1021,0.0
-1.60066,-5.00206,0.0
-1.60066,-4.90202,0.0
-1.60066,-4.80198,0.0
-1.60066,-4.70194,0.0
-1.60066,-4.6019,0.0
-1.60066,-4.50185,0.0
-1.60066,-4.40181,0.0
-1.60066,-4.30177,0.0
-1.60066,-4.20173,0.0
-1.60066,-4.10169,0.0
-1.60066,-4.00165,0.0
-1.60066,-3.90161,0.0
-1.60066,-3.80157,0.0
-1.60066,-3.70152,0.0
-1.60066,-3.60148,0.0
-1.60066,-3.50144,0.0
-1.60066,-3.4014,0.0
-1.60066,-3.30136,0.0
-1.60066,-3.20132,0.0
-1.60066,-3.10128,0.0
-1.60066,-3.00124,0.0
-1.60066,-2.9012,0.0
-1.60066,-2.80115,0.0
-1.60066,-2.70111,0.0
-1.60066,-2.60107,0.0
-1.60066,-2.50103,0.0
-1.60066,-2.40099,0.0
-1.60066,-2.30095,0.0
-1.60066,-2.20091,0.0
-1.60066,-2.10087,0.0
-1.60066,-2.00082,0.0
-1.60066,-1.90078,0.0
-1.60066,-1.80074,0.0
-1.60066,-1.7007,0.0
-1.60066,-1.60066,0.0
-1.60066,-1.50062,0.0
-1.60066,-1.40058,0.0
-1.60066,-1.30054,0.0
-1.60066,-1.20049,0.0
-1.60066,-1.10045,0.0
-1.60066,-1.00041,0.0
-1.60066,-0.90037,0.0
-1.60066,-0.80033,0.0
-1.60066,-0.70029,0.0
-1.60066,-0.60025,0.0
-1.60066,-0.50021,0.0
-1.60066,-0.40016,0.0
-1.60066,-0.30012,0.0
-1.60066,-0.20008,0.0
-1.60066,-0.10004,0.0
-1.60066,0,0.0
-1.60066,0.10004,0.0
-1.60066,0.20008,0.0
-1.60066,0.30012,0.0
-1.60066,0.40016,0.0
-1.60066,0.50021,0.0
-1.60066,0.60025,0.0
-1.60066,0.70029,0.0
-1.60066,0.80033,0.0
-1.60066,0.90037,0.0
-1.60066,1.00041,0.0
-1.60066,1.10045,0.0
-1.60066,1.20049,0.0
-1.60066,1.30054,0.0
-1.60066,1.40058,0.0
-1.60066,1.50062,0.0
-1.60066,1.60066,0.0
-1.60066,1.7007,0.0
-1.60066,1.80074,0.0
-1.60066,1.90078,0.0
-1.60066,2.00082,0.0
-1.60066,2.10087,0.0
-1.60066,2.20091,0.0
-1.60066,2.30095,0.0
-1.60066,2.40099,0.0
-1.60066,2.50103,0.0
-1.60066,2.60107,0.0
-1.60066,2.70111,0.0
-1.60066,2.80115,0.0
-1.60066,2.9012,0.0
-1.60066,3.00124,0.0
-1.60066,3.10128,0.0
-1.60066,3.20132,0.0
-1.60066,3.30136,0.0
-1.60066,3.4014,0.0
-1.60066,3.50144,0.0
-1.60066,3.60148,0.0
-1.60066,3.70152,0.0
-1.60066,3.80157,0.0
-1.60066,3.90161,0.0
-1.60066,4.00165,0.0
-1.60066,4.10169,0.0
-1.60066,4.20173,0.0
-1.60066,4.30177,0.0
-1.60066,4.40181,0.0
-1.60066,4.50185,0.0
-1.60066,4.6019,0.0
-1.60066,4.70194,0.0
-1.60066,4.80198,0.0
-1.60066,4.90202,0.0
-1.60066,5.00206,0.0
-1.60066,5.1021,0.0
-1.60066,5.20214,0.0
-1.60066,5.30218,0.0
-1.60066,5.40223,0.0
-1.60066,5.50227,0.0
-1.60066,5.60231,0.0
-1.60066,5.70235,0.0
-1.60066,5.80239,0.0
-1.60066,5.90243,0.0
-1.60066,6.00247,0.0
-1.60066,6.10251,0.0
-1.60066,6.20256,0.0
-1.60066,6.3026,0.0
-1.60066,6.40264,0.0
-1.60066,6.50268,0.0
-1.60066,6.60272,0.0
-1.60066,6.70276,0.0
-1.60066,6.8028,0.0
-1.60066,6.90284,0.0
-1.60066,7.00289,0.0
-1.60066,7.10293,0.0
-1.60066,7.20297,0.0
-1.60066,7.30301,0.0
-1.60066,7.40305,0.0
-1.60066,7.50309,0.0
-1.60066,7.60313,0.0
-1.60066,7.70317,0.0
-1.60066,7.80321,0.0
-1.60066,7.90326,0.0
-1.60066,8.0033,0.0
-1.60066,8.10334,0.0
-1.60066,8.20338,0.0
-1.60066,8.30342,0.0
-1.60066,8.40346,0.0
-1.60066,8.5035,0.0
-1.60066,8.60354,0.0
-1.60066,8.70359,0.0
-1.60066,8.80363,0.0
-1.60066,8.90367,0.0
-1.60066,9.00371,0.0
-1.60066,9.10375,0.0
-1.60066,9.20379,0.0
-1.60066,9.30383,0.0
-1.60066,9.40387,0.0
-1.60066,9.50392,0.0
-1.60066,9.60396,0.0
-1.50062,-9.60396,0.0
-1.50062,-9.50392,0.0
-1.50062,-9.40387,0.0
-1.50062,-9.30383,0.0
-1.50062,-9.20379,0.0
-1.50062,-9.10375,0.0
-1.50062,-9.00371,0.0
-1.50062,-8.90367,0.0
-1.50062,-8.80363,0.0
-1.50062,-8.70359,0.0
-1.50062,-8.60354,0.0
-1.50062,-8.5035,0.0
-1.50062,-8.40346,0.0
-1.50062,-8.30342,0.0
-1.50062,-8.20338,0.0
-1.50062,-8.10334,0.0
-1.50062,-8.0033,0.0
-1.50062,-7.90326,0.0
-1.50062,-7.80321,0.0
-1.50062,-7.70317,0.0
-1.50062,-7.60313,0.0
-1.50062,-7.50309,0.0
-1.50062,-7.40305,0.0
-1.50062,-7.30301,0.0
-1.50062,-7.20297,0.0
-1.50062,-7.10293,0.0
-1.50062,-7.00289,0.0
-1.50062,-6.90284,0.0
-1.50062,-6.8028,0.0
-1.50062,-6.70276,0.0
-1.50062,-6.60272,0.0
-1.50062,-6.50268,0.0
-1.50062,-6.40264,0.0
-1.50062,-6.3026,0.0
-1.50062,-6.20256,0.0
-1.50062,-6.10251,0.0
-1.50062,-6.00247,0.0
-1.50062,-5.90243,0.0
-1.50062,-5.80239,0.0
-1.50062,-5.70235,0.0
-1.50062,-5.60231,0.0
-1.50062,-5.50227,0.0
-1.50062,-5.40223,0.0
-1.50062,-5.30218,0.0
-1.50062,-5.20214,0.0
-1.50062,-5.1021,0.0
-1.50062,-5.00206,0.0
-1.50062,-4.90202,0.0
-1.50062,-4.80198,0.0
-1.50062,-4.70194,0.0
-1.50062,-4.6019,0.0
-1.50062,-4.50185,0.0
-1.50062,-4.40181,0.0
-1.50062,-4.30177,0.0
-1.50062,-4.20173,0.0
-1.50062,-4.10169,0.0
-1.50062,-4.00165,0.0
-1.50062,-3.90161,0.0
-1.50062,-3.80157,0.0
-1.50062,-3.70152,0.0
-1.50062,-3.60148,0.0
-1.50062,-3.50144,0.0
-1.50062,-3.4014,0.0
-1.50062,-3.30136,0.0
-1.50062,-3.20132,0.0
-1.50062,-3.10128,0.0
-1.50062,-3.00124,0.0
-1.50062,-2.9012,0.0
-1.50062,-2.80115,0.0
-1.50062,-2.70111,0.0
-1.50062,-2.60107,0.0
-1.50062,-2.50103,0.0
-1.50062,-2.40099,0.0
-1.50062,-2.30095,0.0
-1.50062,-2.20091,0.0
-1.50062,-2.10087,0.0
-1.50062,-2.00082,0.0
-1.50062,-1.90078,0.0
-1.50062,-1.80074,0.0
-1.50062,-1.7007,0.0
-1.50062,-1.60066,0.0
-1.50062,-1.50062,0.0
-1.50062,-1.40058,0.0
-1.50062,-1.30054,0.0
-1.50062,-1.20049,0.0
-1.50062,-1.10045,0.0
-1.50062,-1.00041,0.0
-1.50062,-0.90037,0.0
-1.50062,-0.80033,0.0
-1.50062,-0.70029,0.0
-1.50062,-0.60025,0.0
-1.50062,-0.50021,0.0
-1.50062,-0.40016,0.0
-1.50062,-0.30012,0.0
-1.50062,-0.20008,0.0
-1.50062,-0.10004,0.0
-1.50062,0,0.0
-1.50062,0.10004,0.0
-1.50062,0.20008,0.0
-1.50062,0.30012,0.0
-1.50062,0.40016,0.0
-1.50062,0.50021,0.0
-1.50062,0.60025,0.0
-1.50062,0.70029,0.0
-1.50062,0.80033,0.0
-1.50062,0.90037,0.0
-1.50062,1.00041,0.0
-1.50062,1.10045,0.0
-1.50062,1.20049,0.0
-1.50062,1.30054,0.0
-1.50062,1.40058,0.0
-1.50062,1.50062,0.0
-1.50062,1.60066,0.0
-1.50062,1.7007,0.0
-1.50062,1.80074,0.0
-1.50062,1.90078,0.0
-1.50062,2.00082,0.0
-1.50062,2.10087,0.0
-1.50062,2.20091,0.0
-1.50062,2.30095,0.0
-1.50062,2.40099,0.0
-1.50062,2.50103,0.0
-1.50062,2.60107,0.0
-1.50062,2.70111,0.0
-1.50062,2.80115,0.0
-1.50062,2.9012,0.0
-1.50062,3.00124,0.0
-1.50062,3.10128,0.0
-1.50062,3.20132,0.0
-1.50062,3.30136,0.0
-1.50062,3.4014,0.0
-1.50062,3.50144,0.0
-1.50062,3.60148,0.0
-1.50062,3.70152,0.0
-1.50062,3.80157,0.0
-1.50062,3.90161,0.0
-1.50062,4.00165,0.0
-1.50062,4.10169,0.0
-1.50062,4.20173,0.0
-1.50062,4.30177,0.0
-1.50062,4.40181,0.0
-1.50062,4.50185,0.0
-1.50062,4.6019,0.0
-1.50062,4.70194,0.0
-1.50062,4.80198,0.0
-1.50062,4.90202,0.0
-1.50062,5.00206,0.0
-1.50062,5.1021,0.0
-1.50062,5.20214,0.0
-1.50062,5.30218,0.0
-1.50062,5.40223,0.0
-1.50062,5.50227,0.0
-1.50062,5.60231,0.0
-1.50062,5.70235,0.0
-1.50062,5.80239,0.0
-1.50062,5.90243,0.0
-1.50062,6.00247,0.0
-1.50062,6.10251,0.0
-1.50062,6.20256,0.0
-1.50062,6.3026,0.0
-1.50062,6.40264,0.0
-1.50062,6.50268,0.0
-1.50062,6.60272,0.0
-1.50062,6.70276,0.0
-1.50062,6.8028,0.0
-1.50062,6.90284,0.0
-1.50062,7.00289,0.0
-1.50062,7.10293,0.0
-1.50062,7.20297,0.0
-1.50062,7.30301,0.0
-1.50062,7.40305,0.0
-1.50062,7.50309,0.0
-1.50062,7.60313,0.0
-1.50062,7.70317,0.0
-1.50062,7.80321,0.0
-1.50062,7.90326,0.0
-1.50062,8.0033,0.0
-1.50062,8.10334,0.0
-1.50062,8.20338,0.0
-1.50062,8.30342,0.0
-1.50062,8.40346,0.0
-1.50062,8.5035,0.0
-1.50062,8.60354,0.0
-1.50062,8.70359,0.0
-1.50062,8.80363,0.0
-1.50062,8.90367,0.0
-1.50062,9.00371,0.0
-1.50062,9.10375,0.0
-1.50062,9.20379,0.0
-1.50062,9.30383,0.0
-1.50062,9.40387,0.0
-1.50062,9.50392,0.0
-1.50062,9.60396,0.0
-1.40058,-9.60396,0.0
-1.40058,-9.50392,0.0
-1.40058,-9.40387,0.0
-1.40058,-9.30383,0.0
-1.40058,-9.20379,0.0
-1.40058,-9.10375,0.0
-1.40058,-9.00371,0.0
-1.40058,-8.90367,0.0
-1.40058,-8.80363,0.0
-1.40058,-8.70359,0.0
-1.40058,-8.60354,0.0
-1.40058,-8.5035,0.0
-1.40058,-8.40346,0.0
-1.40058,-8.30342,0.0
-1.40058,-8.20338,0.0
-1.40058,-8.10334,0.0
-1.40058,-8.0033,0.0
-1.40058,-7.90326,0.0
-1.40058,-7.80321,0.0
-1.40058,-7.70317,0.0
-1.40058,-7.60313,0.0
-1.40058,-7.50309,0.0
-1.40058,-7.40305,0.0
-1.40058,-7.30301,0.0
-1.40058,-7.20297,0.0
-1.40058,-7.10293,0.0
-1.40058,-7.00289,0.0
-1.40058,-6.90284,0.0
-1.40058,-6.8028,0.0
-1.40058,-6.70276,0.0
-1.40058,-6.60272,0.0
-1.40058,-6.50268,0.0
-1.40058,-6.40264,0.0
-1.40058,-6.3026,0.0
-1.40058,-6.20256,0.0
-1.40058,-6.10251,0.0
-1.40058,-6.00247,0.0
-1.40058,-5.90243,0.0
-1.40058,-5.80239,0.0
-1.40058,-5.70235,0.0
-1.40058,-5.60231,0.0
-1.40058,-5.50227,0.0
-1.40058,-5.40223,0.0
-1.40058,-5.30218,0.0
-1.40058,-5.20214,0.0
-1.40058,-5.1021,0.0
-1.40058,-5.00206,0.0
-1.40058,-4.90202,0.0
-1.40058,-4.80198,0.0
-1.40058,-4.70194,0.0
-1.40058,-4.6019,0.0
-1.40058,-4.50185,0.0
-1.40058,-4.40181,0.0
-1.40058,-4.30177,0.0
-1.40058,-4.20173,0.0
-1.40058,-4.10169,0.0
-1.40058,-4.00165,0.0
-1.40058,-3.90161,0.0
-1.40058,-3.80157,0.0
-1.40058,-3.70152,0.0
-1.40058,-3.60148,0.0
-1.40058,-3.50144,0.0
-1.40058,-3.4014,0.0
-1.40058,-3.30136,0.0
-1.40058,-3.20132,0.0
-1.40058,-3.10128,0.0
-1.40058,-3.00124,0.0
-1.40058,-2.9012,0.0
-1.40058,-2.80115,0.0
-1.40058,-2.70111,0.0
-1.40058,-2.60107,0.0
-1.40058,-2.50103,0.0
-1.40058,-2.40099,0.0
-1.40058,-2.30095,0.0
-1.40058,-2.20091,0.0
-1.40058,-2.10087,0.0
-1.40058,-2.00082,0.0
-1.40058,-1.90078,0.0
-1.40058,-1.80074,0.0
-1.40058,-1.7007,0.0
-1.40058,-1.60066,0.0
-1.40058,-1.50062,0.0
-1.40058,-1.40058,0.0
-1.40058,-1.30054,0.0
-1.40058,-1.20049,0.0
-1.40058,-1.10045,0.0
-1.40058,-1.00041,0.0
-1.40058,-0.90037,0.0
-1.40058,-0.80033,0.0
-1.40058,-0.70029,0.0
-1.40058,-0.60025,0.0
-1.40058,-0.50021,0.0
-1.40058,-0.40016,0.0
-1.40058,-0.30012,0.0
-1.40058,-0.20008,0.0
-1.40058,-0.10004,0.0
-1.40058,0,0.0
-1.40058,0.10004,0.0
-1.40058,0.20008,0.0
-1.40058,0.30012,0.0
-1.40058,0.40016,0.0
-1.40058,0.50021,0.0
-1.40058,0.60025,0.0
-1.40058,0.70029,0.0
-1.40058,0.80033,0.0
-1.40058,0.90037,0.0
-1.40058,1.00041,0.0
-1.40058,1.10045,0.0
-1.40058,1.20049,0.0
-1.40058,1.30054,0.0
-1.40058,1.40058,0.0
-1.40058,1.50062,0.0
-1.40058,1.60066,0.0
-1.40058,1.7007,0.0
-1.40058,1.80074,0.0
-1.40058,1.90078,0.0
-1.40058,2.00082,0.0
-1.40058,2.10087,0.0
-1.40058,2.20091,0.0
-1.40058,2.30095,0.0
-1.40058,2.40099,0.0
-1.40058,2.50103,0.0
-1.40058,2.60107,0.0
-1.40058,2.70111,0.0
-1.40058,2.80115,0.0
-1.40058,2.9012,0.0
-1.40058,3.00124,0.0
-1.40058,3.10128,0.0
-1.40058,3.20132,0.0
-1.40058,3.30136,0.0
-1.40058,3.4014,0.0
-1.40058,3.50144,0.0
-1.40058,3.60148,0.0
-1.40058,3.70152,0.0
-1.40058,3.80157,0.0
-1.40058,3.90161,0.0
-1.40058,4.00165,0.0
-1.40058,4.10169,0.0
-1.40058,4.20173,0.0
-1.40058,4.30177,0.0
-1.40058,4.40181,0.0
-1.40058,4.50185,0.0
-1.40058,4.6019,0.0
-1.40058,4.70194,0.0
-1.40058,4.80198,0.0
-1.40058,4.90202,0.0
-1.40058,5.00206,0.0
-1.40058,5.1021,0.0
-1.40058,5.20214,0.0
-1.40058,5.30218,0.0
-1.40058,5.40223,0.0
-1.40058,5.50227,0.0
-1.40058,5.60231,0.0
-1.40058,5.70235,0.0
-1.40058,5.80239,0.0
-1.40058,5.90243,0.0
-1.40058,6.00247,0.0
-1.40058,6.10251,0.0
-1.40058,6.20256,0.0
-1.40058,6.3026,0.0
-1.40058,6.40264,0.0
-1.40058,6.50268,0.0
-1.40058,6.60272,0.0
-1.40058,6.70276,0.0
-1.40058,6.8028,0.0
-1.40058,6.90284,0.0
-1.40058,7.00289,0.0
-1.40058,7.10293,0.0
-1.40058,7.20297,0.0
-1.40058,7.30301,0.0
-1.40058,7.40305,0.0
-1.40058,7.50309,0.0
-1.40058,7.60313,0.0
-1.40058,7.70317,0.0
-1.40058,7.80321,0.0
-1.40058,7.90326,0.0
-1.40058,8.0033,0.0
-1.40058,8.10334,0.0
-1.40058,8.20338,0.0
-1.40058,8.30342,0.0
-1.40058,8.40346,0.0
-1.40058,8.5035,0.0
-1.40058,8.60354,0.0
-1.40058,8.70359,0.0
-1.40058,8.80363,0.0
-1.40058,8.90367,0.0
-1.40058,9.00371,0.0
-1.40058,9.10375,0.0
-1.40058,9.20379,0.0
-1.40058,9.30383,0.0
-1.40058,9.40387,0.0
-1.40058,9.50392,0.0
-1.40058,9.60396,0.0
-1.30054,-9.704,0.0
-1.30054,-9.60396,0.0
-1.30054,-9.50392,0.0
-1.30054,-9.40387,0.0
-1.30054,-9.30383,0.0
-1.30054,-9.20379,0.0
-1.30054,-9.10375,0.0
-1.30054,-9.00371,0.0
-1.30054,-8.90367,0.0
-1.30054,-8.80363,0.0
-1.30054,-8.70359,0.0
-1.30054,-8.60354,0.0
-1.30054,-8.5035,0.0
-1.30054,-8.40346,0.0
-1.30054,-8.30342,0.0
-1.30054,-8.20338,0.0
-1.30054,-8.10334,0.0
-1.30054,-8.0033,0.0
-1.30054,-7.90326,0.0
-1.30054,-7.80321,0.0
-1.30054,-7.70317,0.0
-1.30054,-7.60313,0.0
-1.30054,-7.50309,0.0
-1.30054,-7.40305,0.0
-1.30054,-7.30301,0.0
-1.30054,-7.20297,0.0
-1.30054,-7.10293,0.0
-1.30054,-7.00289,0.0
-1.30054,-6.90284,0.0
-1.30054,-6.8028,0.0
-1.30054,-6.70276,0.0
-1.30054,-6.60272,0.0
-1.30054,-6.50268,0.0
-1.30054,-6.40264,0.0
-1.30054,-6.3026,0.0
-1.30054,-6.20256,0.0
-1.30054,-6.10251,0.0
-1.30054,-6.00247,0.0
-1.30054,-5.90243,0.0
-1.30054,-5.80239,0.0
-1.30054,-5.70235,0.0
-1.30054,-5.60231,0.0
-1.30054,-5.50227,0.0
-1.30054,-5.40223,0.0
-1.30054,-5.30218,0.0
-1.30054,-5.20214,0.0
-1.30054,-5.1021,0.0
-1.30054,-5.00206,0.0
-1.30054,-4.90202,0.0
-1.30054,-4.80198,0.0
-1.30054,-4.70194,0.0
-1.30054,-4.6019,0.0
-1.30054,-4.50185,0.0
-1.30054,-4.40181,0.0
-1.30054,-4.30177,0.0
-1.30054,-4.20173,0.0
-1.30054,-4.10169,0.0
-1.30054,-4.00165,0.0
-1.30054,-3.90161,0.0
-1.30054,-3.80157,0.0
-1.30054,-3.70152,0.0
-1.30054,-3.60148,0.0
-1.30054,-3.50144,0.0
-1.30054,-3.4014,0.0
-1.30054,-3.30136,0.0
-1.30054,-3.20132,0.0
-1.30054,-3.10128,0.0
-1.30054,-3.00124,0.0
-1.30054,-2.9012,0.0
-1.30054,-2.80115,0.0
-1.30054,-2.70111,0.0
-1.30054,-2.60107,0.0
-1.30054,-2.50103,0.0
-1.30054,-2.40099,0.0
-1.30054,-2.30095,0.0
-1.30054,-2.20091,0.0
-1.30054,-2.10087,0.0
-1.30054,-2.00082,0.0
-1.30054,-1.90078,0.0
-1.30054,-1.80074,0.0
-1.30054,-1.7007,0.0
-1.30054,-1.60066,0.0
-1.30054,-1.50062,0.0
-1.30054,-1.40058,0.0
-1.30054,-1.30054,0.0
-1.30054,-1.20049,0.0
-1.30054,-1.10045,0.0
-1.30054,-1.00041,0.0
-1.30054,-0.90037,0.0
-1.30054,-0.80033,0.0
-1.30054,-0.70029,0.0
-1.30054,-0.60025,0.0
-1.30054,-0.50021,0.0
-1.30054,-0.40016,0.0
-1.30054,-0.30012,0.0
-1.30054,-0.20008,0.0
-1.30054,-0.10004,0.0
-1.30054,0,0.0
-1.30054,0.10004,0.0
-1.30054,0.20008,0.0
-1.30054,0.30012,0.0
-1.30054,0.40016,0.0
-1.30054,0.50021,0.0
-1.30054,0.60025,0.0
-1.30054,0.70029,0.0
-1.30054,0.80033,0.0
-1.30054,0.90037,0.0
-1.30054,1.00041,0.0
-1.30054,1.10045,0.0
-1.30054,1.20049,0.0
-1.30054,1.30054,0.0
-1.30054,1.40058,0.0
-1.30054,1.50062,0.0
-1.30054,1.60066,0.0
-1.30054,1.7007,0.0
-1.30054,1.80074,0.0
-1.30054,1.90078,0.0
-1.30054,2.00082,0.0
-1.30054,2.10087,0.0
-1.30054,2.20091,0.0
-1.30054,2.30095,0.0
-1.30054,2.40099,0.0
-1.30054,2.50103,0.0
-1.30054,2.60107,0.0
-1.30054,2.70111,0.0
-1.30054,2.80115,0.0
-1.30054,2.9012,0.0
-1.30054,3.00124,0.0
-1.30054,3.10128,0.0
-1.30054,3.20132,0.0
-1.30054,3.30136,0.0
-1.30054,3.4014,0.0
-1.30054,3.50144,0.0
-1.30054,3.60148,0.0
-1.30054,3.70152,0.0
-1.30054,3.80157,0.0
-1.30054,3.90161,0.0
-1.30054,4.00165,0.0
-1.30054,4.10169,0.0
-1.30054,4.20173,0.0
-1.30054,4.30177,0.0
-1.30054,4.40181,0.0
-1.30054,4.50185,0.0
-1.30054,4.6019,0.0
-1.30054,4.70194,0.0
-1.30054,4.80198,0.0
-1.30054,4.90202,0.0
-1.30054,5.00206,0.0
-1.30054,5.1021,0.0
-1.30054,5.20214,0.0
-1.30054,5.30218,0.0
-1.30054,5.40223,0.0
-1.30054,5.50227,0.0
-1.30054,5.60231,0.0
-1.30054,5.70235,0.0
-1.30054,5.80239,0.0
-1.30054,5.90243,0.0
-1.30054,6.00247,0.0
-1.30054,6.10251,0.0
-1.30054,6.20256,0.0
-1.30054,6.3026,0.0
-1.30054,6.40264,0.0
-1.30054,6.50268,0.0
-1.30054,6.60272,0.0
-1.30054,6.70276,0.0
-1.30054,6.8028,0.0
-1.30054,6.90284,0.0
-1.30054,7.00289,0.0
-1.30054,7.10293,0.0
-1.30054,7.20297,0.0
-1.30054,7.30301,0.0
-1.30054,7.40305,0.0
-1.30054,7.50309,0.0
-1.30054,7.60313,0.0
-1.30054,7.70317,0.0
-1.30054,7.80321,0.0
-1.30054,7.90326,0.0
-1.30054,8.0033,0.0
-1.30054,8.10334,0.0
-1.30054,8.20338,0.0
-1.30054,8.30342,0.0
-1.30054,8.40346,0.0
-1.30054,8.5035,0.0
-1.30054,8.60354,0.0
-1.30054,8.70359,0.0
-1.30054,8.80363,0.0
-1.30054,8.90367,0.0
-1.30054,9.00371,0.0
-1.30054,9.10375,0.0
-1.30054,9.20379,0.0
-1.30054,9.30383,0.0
-1.30054,9.40387,0.0
-1.30054,9.50392,0.0
-1.30054,9.60396,0.0
-1.30054,9.704,0.0
-1.20049,-9.704,0.0
-1.20049,-9.60396,0.0
-1.20049,-9.50392,0.0
-1.20049,-9.40387,0.0
-1.20049,-9.30383,0.0
-1.20049,-9.20379,0.0
-1.20049,-9.10375,0.0
-1.20049,-9.00371,0.0
-1.20049,-8.90367,0.0
-1.20049,-8.80363,0.0
-1.20049,-8.70359,0.0
-1.20049,-8.60354,0.0
-1.20049,-8.5035,0.0
-1.20049,-8.40346,0.0
-1.20049,-8.30342,0.0
-1.20049,-8.20338,0.0
-1.20049,-8.10334,0.0
-1.20049,-8.0033,0.0
-1.20049,-7.90326,0.0
-1.20049,-7.80321,0.0
-1.20049,-7.70317,0.0
-1.20049,-7.60313,0.0
-1.20049,-7.50309,0.0
-1.20049,-7.40305,0.0
-1.20049,-7.30301,0.0
-1.20049,-7.20297,0.0
-1.20049,-7.10293,0.0
-1.20049,-7.00289,0.0
-1.20049,-6.90284,0.0
-1.20049,-6.8028,0.0
-1.20049,-6.70276,0.0
-1.20049,-6.60272,0.0
-1.20049,-6.50268,0.0
-1.20049,-6.40264,0.0
-1.20049,-6.3026,0.0
-1.20049,-6.20256,0.0
-1.20049,-6.10251,0.0
-1.20049,-6.00247,0.0
-1.20049,-5.90243,0.0
-1.20049,-5.80239,0.0
-1.20049,-5.70235,0.0
-1.20049,-5.60231,0.0
-1.20049,-5.50227,0.0
-1.20049,-5.40223,0.0
-1.20049,-5.30218,0.0
-1.20049,-5.20214,0.0
-1.20049,-5.1021,0.0
-1.20049,-5.00206,0.0
-1.20049,-4.90202,0.0
-1.20049,-4.80198,0.0
-1.20049,-4.70194,0.0
-1.20049,-4.6019,0.0
-1.20049,-4.50185,0.0
-1.20049,-4.40181,0.0
-1.20049,-4.30177,0.0
-1.20049,-4.20173,0.0
-1.20049,-4.10169,0.0
-1.20049,-4.00165,0.0
-1.20049,-3.90161,0.0
-1.20049,-3.80157,0.0
-1.20049,-3.70152,0.0
-1.20049,-3.60148,0.0
-1.20049,-3.50144,0.0
-1.20049,-3.4014,0.0
-1.20049,-3.30136,0.0
-1.20049,-3.20132,0.0
-1.20049,-3.10128,0.0
-1.20049,-3.00124,0.0
-1.20049,-2.9012,0.0
-1.20049,-2.80115,0.0
-1.20049,-2.70111,0.0
-1.20049,-2.60107,0.0
-1.20049,-2.50103,0.0
-1.20049,-2.40099,0.0
-1.20049,-2.30095,0.0
-1.20049,-2.20091,0.0
-1.20049,-2.10087,0.0
-1.20049,-2.00082,0.0
-1.20049,-1.90078,0.0
-1.20049,-1.80074,0.0
-1.20049,-1.7007,0.0
-1.20049,-1.60066,0.0
-1.20049,-1.50062,0.0
-1.20049,-1.40058,0.0
-1.20049,-1.30054,0.0
-1.20049,-1.20049,0.0
-1.20049,-1.10045,0.0
-1.20049,-1.00041,0.0
-1.20049,-0.90037,0.0
-1.20049,-0.80033,0.0
-1.20049,-0.70029,0.0
-1.20049,-0.60025,0.0
-1.20049,-0.50021,0.0
-1.20049,-0.40016,0.0
-1.20049,-0.30012,0.0
-1.20049,-0.20008,0.0
-1.20049,-0.10004,0.0
-1.20049,0,0.0
-1.20049,0.10004,0.0
-1.20049,0.20008,0.0
-1.20049,0.30012,0.0
-1.20049,0.40016,0.0
-1.20049,0.50021,0.0
-1.20049,0.60025,0.0
-1.20049,0.70029,0.0
-1.20049,0.80033,0.0
-1.20049,0.90037,0.0
-1.20049,1.00041,0.0
-1.20049,1.10045,0.0
-1.20049,1.20049,0.0
-1.20049,1.30054,0.0
-1.20049,1.40058,0.0
-1.20049,1.50062,0.0
-1.20049,1.60066,0.0
-1.20049,1.7007,0.0
-1.20049,1.80074,0.0
-1.20049,1.90078,0.0
-1.20049,2.00082,0.0
-1.20049,2.10087,0.0
-1.20049,2.20091,0.0
-1.20049,2.30095,0.0
-1.20049,2.40099,0.0
-1.20049,2.50103,0.0
-1.20049,2.60107,0.0
-1.20049,2.70111,0.0
-1.20049,2.80115,0.0
-1.20049,2.9012,0.0
-1.20049,3.00124,0.0
-1.20049,3.10128,0.0
-1.20049,3.20132,0.0
-1.20049,3.30136,0.0
-1.20049,3.4014,0.0
-1.20049,3.50144,0.0
-1.20049,3.60148,0.0
-1.20049,3.70152,0.0
-1.20049,3.80157,0.0
-1.20049,3.90161,0.0
-1.20049,4.00165,0.0
-1.20049,4.10169,0.0
-1.20049,4.20173,0.0
-1.20049,4.30177,0.0
-1.20049,4.40181,0.0
-1.20049,4.50185,0.0
-1.20049,4.6019,0.0
-1.20049,4.70194,0.0
-1.20049,4.80198,0.0
-1.20049,4.90202,0.0
-1.20049,5.00206,0.0
-1.20049,5.1021,0.0
-1.20049,5.20214,0.0
-1.20049,5.30218,0.0
-1.20049,5.40223,0.0
-1.20049,5.50227,0.0
-1.20049,5.60231,0.0
-1.20049,5.70235,0.0
-1.20049,5.80239,0.0
-1.20049,5.90243,0.0
-1.20049,6.00247,0.0
-1.20049,6.10251,0.0
-1.20049,6.20256,0.0
-1.20049,6.3026,0.0
-1.20049,6.40264,0.0
-1.20049,6.50268,0.0
-1.20049,6.60272,0.0
-1.20049,6.70276,0.0
-1.20049,6.8028,0.0
-1.20049,6.90284,0.0
-1.20049,7.00289,0.0
-1.20049,7.10293,0.0
-1.20049,7.20297,0.0
-1.20049,7.30301,0.0
-1.20049,7.40305,0.0
-1.20049,7.50309,0.0
-1.20049,7.60313,0.0
-1.20049,7.70317,0.0
-1.20049,7.80321,0.0
-1.20049,7.90326,0.0
-1.20049,8.0033,0.0
-1.20049,8.10334,0.0
-1.20049,8.20338,0.0
-1.20049,8.30342,0.0
-1.20049,8.40346,0.0
-1.20049,8.5035,0.0
-1.20049,8.60354,0.0
-1.20049,8.70359,0.0
-1.20049,8.80363,0.0
-1.20049,8.90367,0.0
-1.20049,9.00371,0.0
-1.20049,9.10375,0.0
-1.20049,9.20379,0.0
-1.20049,9.30383,0.0
-1.20049,9.40387,0.0
-1.20049,9.50392,0.0
-1.20049,9.60396,0.0
-1.20049,9.704,0.0
-1.10045,-9.704,0.0
-1.10045,-9.60396,0.0
-1.10045,-9.50392,0.0
-1.10045,-9.40387,0.0
-1.10045,-9.30383,0.0
-1.10045,-9.20379,0.0
-1.10045,-9.10375,0.0
-1.10045,-9.00371,0.0
-1.10045,-8.90367,0.0
-1.10045,-8.80363,0.0
-1.10045,-8.70359,0.0
-1.10045,-8.60354,0.0
-1.10045,-8.5035,0.0
-1.10045,-8.40346,0.0
-1.10045,-8.30342,0.0
-1.10045,-8.20338,0.0
-1.10045,-8.10334,0.0
-1.10045,-8.0033,0.0
-1.10045,-7.90326,0.0
-1.10045,-7.80321,0.0
-1.10045,-7.70317,0.0
-1.10045,-7.60313,0.0
-1.10045,-7.50309,0.0
-1.10045,-7.40305,0.0
-1.10045,-7.30301,0.0
-1.10045,-7.20297,0.0
-1.10045,-7.10293,0.0
-1.10045,-7.00289,0.0
-1.10045,-6.90284,0.0
-1.10045,-6.8028,0.0
-1.10045,-6.70276,0.0
-1.10045,-6.60272,0.0
-1.10045,-6.50268,0.0
-1.10045,-6.40264,0.0
-1.10045,-6.3026,0.0
-1.10045,-6.20256,0.0
-1.10045,-6.10251,0.0
-1.10045,-6.00247,0.0
-1.10045,-5.90243,0.0
-1.10045,-5.80239,0.0
-1.10045,-5.70235,0.0
-1.10045,-5.60231,0.0
-1.10045,-5.50227,0.0
-1.10045,-5.40223,0.0
-1.10045,-5.30218,0.0
-1.10045,-5.20214,0.0
-1.10045,-5.1021,0.0
-1.10045,-5.00206,0.0
-1.10045,-4.90202,0.0
-1.10045,-4.80198,0.0
-1.10045,-4.70194,0.0
-1.10045,-4.6019,0.0
-1.10045,-4.50185,0.0
-1.10045,-4.40181,0.0
-1.10045,-4.30177,0.0
-1.10045,-4.20173,0.0
-1.10045,-4.10169,0.0
-1.10045,-4.00165,0.0
-1.10045,-3.90161,0.0
-1.10045,-3.80157,0.0
-1.10045,-3.70152,0.0
-1.10045,-3.60148,0.0
-1.10045,-3.50144,0.0
-1.10045,-3.4014,0.0
-1.10045,-3.30136,0.0
-1.10045,-3.20132,0.0
-1.10045,-3.10128,0.0
-1.10045,-3.00124,0.0
-1.10045,-2.9012,0.0
-1.10045,-2.80115,0.0
-1.10045,-2.70111,0.0
-1.10045,-2.60107,0.0
-1.10045,-2.50103,0.0
-1.10045,-2.40099,0.0
-1.10045,-2.30095,0.0
-1.10045,-2.20091,0.0
-1.10045,-2.10087,0.0
-1.10045,-2.00082,0.0
-1.10045,-1.90078,0.0
-1.10045,-1.80074,0.0
-1.10045,-1.7007,0.0
-1.10045,-1.60066,0.0
-1.10045,-1.50062,0.0
-1.10045,-1.40058,0.0
-1.10045,-1.30054,0.0
-1.10045,-1.20049,0.0
-1.10045,-1.10045,0.0
-1.10045,-1.00041,0.0
-1.10045,-0.90037,0.0
-1.10045,-0.80033,0.0
-1.10045,-0.70029,0.0
-1.10045,-0.60025,0.0
-1.10045,-0.50021,0.0
-1.10045,-0.40016,0.0
-1.10045,-0.30012,0.0
-1.10045,-0.20008,0.0
-1.10045,-0.10004,0.0
-1.10045,0,0.0
-1.10045,0.10004,0.0
-1.10045,0.20008,0.0
-1.10045,0.30012,0.0
-1.10045,0.40016,0.0
-1.10045,0.50021,0.0
-1.10045,0.60025,0.0
-1.10045,0.70029,0.0
-1.10045,0.80033,0.0
-1.10045,0.90037,0.0
-1.10045,1.00041,0.0
-1.10045,1.10045,0.0
-1.10045,1.20049,0.0
-1.10045,1.30054,0.0
-1.10045,1.40058,0.0
-1.10045,1.50062,0.0
-1.10045,1.60066,0.0
-1.10045,1.7007,0.0
-1.10045,1.80074,0.0
-1.10045,1.90078,0.0
-1.10045,2.00082,0.0
-1.10045,2.10087,0.0
-1.10045,2.20091,0.0
-1.10045,2.30095,0.0
-1.10045,2.40099,0.0
-1.10045,2.50103,0.0
-1.10045,2.60107,0.0
-1.10045,2.70111,0.0
-1.10045,2.80115,0.0
-1.10045,2.9012,0.0
-1.10045,3.00124,0.0
-1.10045,3.10128,0.0
-1.10045,3.20132,0.0
-1.10045,3.30136,0.0
-1.10045,3.4014,0.0
-1.10045,3.50144,0.0
-1.10045,3.60148,0.0
-1.10045,3.70152,0.0
-1.10045,3.80157,0.0
-1.10045,3.90161,0.0
-1.10045,4.00165,0.0
-1.10045,4.10169,0.0
-1.10045,4.20173,0.0
-1.10045,4.30177,0.0
-1.10045,4.40181,0.0
-1.10045,4.50185,0.0
-1.10045,4.6019,0.0
-1.10045,4.70194,0.0
-1.10045,4.80198,0.0
-1.10045,4.90202,0.0
-1.10045,5.00206,0.0
-1.10045,5.1021,0.0
-1.10045,5.20214,0.0
-1.10045,5.30218,0.0
-1.10045,5.40223,0.0
-1.10045,5.50227,0.0
-1.10045,5.60231,0.0
-1.10045,5.70235,0.0
-1.10045,5.80239,0.0
-1.10045,5.90243,0.0
-1.10045,6.00247,0.0
-1.10045,6.10251,0.0
-1.10045,6.20256,0.0
-1.10045,6.3026,0.0
-1.10045,6.40264,0.0
-1.10045,6.50268,0.0
-1.10045,6.60272,0.0
-1.10045,6.70276,0.0
-1.10045,6.8028,0.0
-1.10045,6.90284,0.0
-1.10045,7.00289,0.0
-1.10045,7.10293,0.0
-1.10045,7.20297,0.0
-1.10045,7.30301,0.0
-1.10045,7.40305,0.0
-1.10045,7.50309,0.0
-1.10045,7.60313,0.0
-1.10045,7.70317,0.0
-1.10045,7.80321,0.0
-1.10045,7.90326,0.0
-1.10045,8.0033,0.0
-1.10045,8.10334,0.0
-1.10045,8.20338,0.0
-1.10045,8.30342,0.0
-1.10045,8.40346,0.0
-1.10045,8.5035,0.0
-1.10045,8.60354,0.0
-1.10045,8.70359,0.0
-1.10045,8.80363,0.0
-1.10045,8.90367,0.0
-1.10045,9.00371,0.0
-1.10045,9.10375,0.0
-1.10045,9.20379,0.0
-1.10045,9.30383,0.0
-1.10045,9.40387,0.0
-1.10045,9.50392,0.0
-1.10045,9.60396,0.0
-1.10045,9.704,0.0
-1.00041,-9.704,0.0
-1.00041,-9.60396,0.0
-1.00041,-9.50392,0.0
-1.00041,-9.40387,0.0
-1.00041,-9.30383,0.0
-1.00041,-9.20379,0.0
-1.00041,-9.10375,0.0
-1.00041,-9.00371,0.0
-1.00041,-8.90367,0.0
-1.00041,-8.80363,0.0
-1.00041,-8.70359,0.0
-1.00041,-8.60354,0.0
-1.00041,-8.5035,0.0
-1.00041,-8.40346,0.0
-1.00041,-8.30342,0.0
-1.00041,-8.20338,0.0
-1.00041,-8.10334,0.0
-1.00041,-8.0033,0.0
-1.00041,-7.90326,0.0
-1.00041,-7.80321,0.0
-1.00041,-7.70317,0.0
-1.00041,-7.60313,0.0
-1.00041,-7.50309,0.0
-1.00041,-7.40305,0.0
-1.00041,-7.30301,0.0
-1.00041,-7.20297,0.0
-1.00041,-7.10293,0.0
-1.00041,-7.00289,0.0
-1.00041,-6.90284,0.0
-1.00041,-6.8028,0.0
-1.00041,-6.70276,0.0
-1.00041,-6.60272,0.0
-1.00041,-6.50268,0.0
-1.00041,-6.40264,0.0
-1.00041,-6.3026,0.0
-1.00041,-6.20256,0.0
-1.00041,-6.10251,0.0
-1.00041,-6.00247,0.0
-1.00041,-5.90243,0.0
-1.00041,-5.80239,0.0
-1.00041,-5.70235,0.0
-1.00041,-5.60231,0.0
-1.00041,-5.50227,0.0
-1.00041,-5.40223,0.0
-1.00041,-5.30218,0.0
-1.00041,-5.20214,0.0
-1.00041,-5.1021,0.0
-1.00041,-5.00206,0.0
-1.00041,-4.90202,0.0
-1.00041,-4.80198,0.0
-1.00041,-4.70194,0.0
-1.00041,-4.6019,0.0
-1.00041,-4.50185,0.0
-1.00041,-4.40181,0.0
-1.00041,-4.30177,0.0
-1.00041,-4.20173,0.0
-1.00041,-4.10169,0.0
-1.00041,-4.00165,0.0
-1.00041,-3.90161,0.0
-1.00041,-3.80157,0.0
-1.00041,-3.70152,0.0
-1.00041,-3.60148,0.0
-1.00041,-3.50144,0.0
-1.00041,-3.4014,0.0
-1.00041,-3.30136,0.0
-1.00041,-3.20132,0.0
-1.00041,-3.10128,0.0
-1.00041,-3.00124,0.0
-1.00041,-2.9012,0.0
-1.00041,-2.80115,0.0
-1.00041,-2.70111,0.0
-1.00041,-2.60107,0.0
-1.00041,-2.50103,0.0
-1.00041,-2.40099,0.0
-1.00041,-2.30095,0.0
-1.00041,-2.20091,0.0
-1.00041,-2.10087,0.0
-1.00041,-2.00082,0.0
-1.00041,-1.90078,0.0
-1.00041,-1.80074,0.0
-1.00041,-1.7007,0.0
-1.00041,-1.60066,0.0
-1.00041,-1.50062,0.0
-1.00041,-1.40058,0.0
-1.00041,-1.30054,0.0
-1.00041,-1.20049,0.0
-1.00041,-1.10045,0.0
-1.00041,-1.00041,0.0
-1.00041,-0.90037,0.0
-1.00041,-0.80033,0.0
-1.00041,-0.70029,0.0
-1.00041,-0.60025,0.0
-1.00041,-0.50021,0.0
-1.00041,-0.40016,0.0
-1.00041,-0.30012,0.0
-1.00041,-0.20008,0.0
-1.00041,-0.10004,0.0
-1.00041,0,0.0
-1.00041,0.10004,0.0
-1.00041,0.20008,0.0
-1.00041,0.30012,0.0
-1.00041,0.40016,0.0
-1.00041,0.50021,0.0
-1.00041,0.60025,0.0
-1.00041,0.70029,0.0
-1.00041,0.80033,0.0
-1.00041,0.90037,0.0
-1.00041,1.00041,0.0
-1.00041,1.10045,0.0
-1.00041,1.20049,0.0
-1.00041,1.30054,0.0
-1.00041,1.40058,0.0
-1.00041,1.50062,0.0
-1.00041,1.60066,0.0
-1.00041,1.7007,0.0
-1.00041,1.80074,0.0
-1.00041,1.90078,0.0
-1.00041,2.00082,0.0
-1.00041,2.10087,0.0
-1.00041,2.20091,0.0
-1.00041,2.30095,0.0
-1.00041,2.40099,0.0
-1.00041,2.50103,0.0
-1.00041,2.60107,0.0
-1.00041,2.70111,0.0
-1.00041,2.80115,0.0
-1.00041,2.9012,0.0
-1.00041,3.00124,0.0
-1.00041,3.10128,0.0
-1.00041,3.20132,0.0
-1.00041,3.30136,0.0
-1.00041,3.4014,0.0
-1.00041,3.50144,0.0
-1.00041,3.60148,0.0
-1.00041,3.70152,0.0
-1.00041,3.80157,0.0
-1.00041,3.90161,0.0
-1.00041,4.00165,0.0
-1.00041,4.10169,0.0
-1.00041,4.20173,0.0
-1.00041,4.30177,0.0
-1.00041,4.40181,0.0
-1.00041,4.50185,0.0
-1.00041,4.6019,0.0
-1.00041,4.70194,0.0
-1.00041,4.80198,0.0
-1.00041,4.90202,0.0
-1.00041,5.00206,0.0
-1.00041,5.1021,0.0
-1.00041,5.20214,0.0
-1.00041,5.30218,0.0
-1.00041,5.40223,0.0
-1.00041,5.50227,0.0
-1.00041,5.60231,0.0
-1.00041,5.70235,0.0
-1.00041,5.80239,0.0
-1.00041,5.90243,0.0
-1.00041,6.00247,0.0
-1.00041,6.10251,0.0
-1.00041,6.20256,0.0
-1.00041,6.3026,0.0
-1.00041,6.40264,0.0
-1.00041,6.50268,0.0
-1.00041,6.60272,0.0
-1.00041,6.70276,0.0
-1.00041,6.8028,0.0
-1.00041,6.90284,0.0
-1.00041,7.00289,0.0
-1.00041,7.10293,0.0
-1.00041,7.20297,0.0
-1.00041,7.30301,0.0
-1.00041,7.40305,0.0
-1.00041,7.50309,0.0
-1.00041,7.60313,0.0
-1.00041,7.70317,0.0
-1.00041,7.80321,0.0
-1.00041,7.90326,0.0
-1.00041,8.0033,0.0
-1.00041,8.10334,0.0
-1.00041,8.20338,0.0
-1.00041,8.30342,0.0
-1.00041,8.40346,0.0
-1.00041,8.5035,0.0
-1.00041,8.60354,0.0
-1.00041,8.70359,0.0
-1.00041,8.80363,0.0
-1.00041,8.90367,0.0
-1.00041,9.00371,0.0
-1.00041,9.10375,0.0
-1.00041,9.20379,0.0
-1.00041,9.30383,0.0
-1.00041,9.40387,0.0
-1.00041,9.50392,0.0
-1.00041,9.60396,0.0
-1.00041,9.704,0.0
-0.90037,-9.704,0.0
-0.90037,-9.60396,0.0
-0.90037,-9.50392,0.0
-0.90037,-9.40387,0.0
-0.90037,-9.30383,0.0
-0.90037,-9.20379,0.0
-0.90037,-9.10375,0.0
-0.90037,-9.00371,0.0
-0.90037,-8.90367,0.0
-0.90037,-8.80363,0.0
-0.90037,-8.70359,0.0
-0.90037,-8.60354,0.0
-0.90037,-8.5035,0.0
-0.90037,-8.40346,0.0
-0.90037,-8.30342,0.0
-0.90037,-8.20338,0.0
-0.90037,-8.10334,0.0
-0.90037,-8.0033,0.0
-0.90037,-7.90326,0.0
-0.90037,-7.80321,0.0
-0.90037,-7.70317,0.0
-0.90037,-7.60313,0.0
-0.90037,-7.50309,0.0
-0.90037,-7.40305,0.0
-0.90037,-7.30301,0.0
-0.90037,-7.20297,0.0
-0.90037,-7.10293,0.0
-0.90037,-7.00289,0.0
-0.90037,-6.90284,0.0
-0.90037,-6.8028,0.0
-0.90037,-6.70276,0.0
-0.90037,-6.60272,0.0
-0.90037,-6.50268,0.0
-0.90037,-6.40264,0.0
-0.90037,-6.3026,0.0
-0.90037,-6.20256,0.0
-0.90037,-6.10251,0.0
-0.90037,-6.00247,0.0
-0.90037,-5.90243,0.0
-0.90037,-5.80239,0.0
-0.90037,-5.70235,0.0
-0.90037,-5.60231,0.0
-0.90037,-5.50227,0.0
-0.90037,-5.40223,0.0
-0.90037,-5.30218,0.0
-0.90037,-5.20214,0.0
-0.90037,-5.1021,0.0
-0.90037,-5.00206,0.0
-0.90037,-4.90202,0.0
-0.90037,-4.80198,0.0
-0.90037,-4.70194,0.0
-0.90037,-4.6019,0.0
-0.90037,-4.50185,0.0
-0.90037,-4.40181,0.0
-0.90037,-4.30177,0.0
-0.90037,-4.20173,0.0
-0.90037,-4.10169,0.0
-0.90037,-4.00165,0.0
-0.90037,-3.90161,0.0
-0.90037,-3.80157,0.0
-0.90037,-3.70152,0.0
-0.90037,-3.60148,0.0
-0.90037,-3.50144,0.0
-0.90037,-3.4014,0.0
-0.90037,-3.30136,0.0
-0.90037,-3.20132,0.0
-0.90037,-3.10128,0.0
-0.90037,-3.00124,0.0
-0.90037,-2.9012,0.0
-0.90037,-2.80115,0.0
-0.90037,-2.70111,0.0
-0.90037,-2.60107,0.0
-0.90037,-2.50103,0.0
-0.90037,-2.40099,0.0
-0.90037,-2.30095,0.0
-0.90037,-2.20091,0.0
-0.90037,-2.10087,0.0
-0.90037,-2.00082,0.0
-0.90037,-1.90078,0.0
-0.90037,-1.80074,0.0
-0.90037,-1.7007,0.0
-0.90037,-1.60066,0.0
-0.90037,-1.50062,0.0
-0.90037,-1.40058,0.0
-0.90037,-1.30054,0.0
-0.90037,-1.20049,0.0
-0.90037,-1.10045,0.0
-0.90037,-1.00041,0.0
-0.90037,-0.90037,0.0
-0.90037,-0.80033,0.0
-0.90037,-0.70029,0.0
-0.90037,-0.60025,0.0
-0.90037,-0.50021,0.0
-0.90037,-0.40016,0.0
-0.90037,-0.30012,0.0
-0.90037,-0.20008,0.0
-0.90037,-0.10004,0.0
-0.90037,0,0.0
-0.90037,0.10004,0.0
-0.90037,0.20008,0.0
-0.90037,0.30012,0.0
-0.90037,0.40016,0.0
-0.90037,0.50021,0.0
-0.90037,0.60025,0.0
-0.90037,0.70029,0.0
-0.90037,0.80033,0.0
-0.90037,0.90037,0.0
-0.90037,1.00041,0.0
-0.90037,1.10045,0.0
-0.90037,1.20049,0.0
-0.90037,1.30054,0.0
-0.90037,1.40058,0.0
-0.90037,1.50062,0.0
-0.90037,1.60066,0.0
-0.90037,1.7007,0.0
-0.90037,1.80074,0.0
-0.90037,1.90078,0.0
-0.90037,2.00082,0.0
-0.90037,2.10087,0.0
-0.90037,2.20091,0.0
-0.90037,2.30095,0.0
-0.90037,2.40099,0.0
-0.90037,2.50103,0.0
-0.90037,2.60107,0.0
-0.90037,2.70111,0.0
-0.90037,2.80115,0.0
-0.90037,2.9012,0.0
-0.90037,3.00124,0.0
-0.90037,3.10128,0.0
-0.90037,3.20132,0.0
-0.90037,3.30136,0.0
-0.90037,3.4014,0.0
-0.90037,3.50144,0.0
-0.90037,3.60148,0.0
-0.90037,3.70152,0.0
-0.90037,3.80157,0.0
-0.90037,3.90161,0.0
-0.90037,4.00165,0.0
-0.90037,4.10169,0.0
-0.90037,4.20173,0.0
-0.90037,4.30177,0.0
-0.90037,4.40181,0.0
-0.90037,4.50185,0.0
-0.90037,4.6019,0.0
-0.90037,4.70194,0.0
-0.90037,4.80198,0.0
-0.90037,4.90202,0.0
-0.90037,5.00206,0.0
-0.90037,5.1021,0.0
-0.90037,5.20214,0.0
-0.90037,5.30218,0.0
-0.90037,5.40223,0.0
-0.90037,5.50227,0.0
-0.90037,5.60231,0.0
-0.90037,5.70235,0.0
-0.90037,5.80239,0.0
-0.90037,5.90243,0.0
-0.90037,6.00247,0.0
-0.90037,6.10251,0.0
-0.90037,6.20256,0.0
-0.90037,6.3026,0.0
-0.90037,6.40264,0.0
-0.90037,6.50268,0.0
-0.90037,6.60272,0.0
-0.90037,6.70276,0.0
-0.90037,6.8028,0.0
-0.90037,6.90284,0.0
-0.90037,7.00289,0.0
-0.90037,7.10293,0.0
-0.90037,7.20297,0.0
-0.90037,7.30301,0.0
-0.90037,7.40305,0.0
-0.90037,7.50309,0.0
-0.90037,7.60313,0.0
-0.90037,7.70317,0.0
-0.90037,7.80321,0.0
-0.90037,7.90326,0.0
-0.90037,8.0033,0.0
-0.90037,8.10334,0.0
-0.90037,8.20338,0.0
-0.90037,8.30342,0.0
-0.90037,8.40346,0.0
-0.90037,8.5035,0.0
-0.90037,8.60354,0.0
-0.90037,8.70359,0.0
-0.90037,8.80363,0.0
-0.90037,8.90367,0.0
-0.90037,9.00371,0.0
-0.90037,9.10375,0.0
-0.90037,9.20379,0.0
-0.90037,9.30383,0.0
-0.90037,9.40387,0.0
-0.90037,9.50392,0.0
-0.90037,9.60396,0.0
-0.90037,9.704,0.0
-0.80033,-9.704,0.0
-0.80033,-9.60396,0.0
-0.80033,-9.50392,0.0
-0.80033,-9.40387,0.0
-0.80033,-9.30383,0.0
-0.80033,-9.20379,0.0
-0.80033,-9.10375,0.0
-0.80033,-9.00371,0.0
-0.80033,-8.90367,0.0
-0.80033,-8.80363,0.0
-0.80033,-8.70359,0.0
-0.80033,-8.60354,0.0
-0.80033,-8.5035,0.0
-0.80033,-8.40346,0.0
-0.80033,-8.30342,0.0
-0.80033,-8.20338,0.0
-0.80033,-8.10334,0.0
-0.80033,-8.0033,0.0
-0.80033,-7.90326,0.0
-0.80033,-7.80321,0.0
-0.80033,-7.70317,0.0
-0.80033,-7.60313,0.0
-0.80033,-7.50309,0.0
-0.80033,-7.40305,0.0
-0.80033,-7.30301,0.0
-0.80033,-7.20297,0.0
-0.80033,-7.10293,0.0
-0.80033,-7.00289,0.0
-0.80033,-6.90284,0.0
-0.80033,-6.8028,0.0
-0.80033,-6.70276,0.0
-0.80033,-6.60272,0.0
-0.80033,-6.50268,0.0
-0.80033,-6.40264,0.0
-0.80033,-6.3026,0.0
-0.80033,-6.20256,0.0
-0.80033,-6.10251,0.0
-0.80033,-6.00247,0.0
-0.80033,-5.90243,0.0
-0.80033,-5.80239,0.0
-0.80033,-5.70235,0.0
-0.80033,-5.60231,0.0
-0.80033,-5.50227,0.0
-0.80033,-5.40223,0.0
-0.80033,-5.30218,0.0
-0.80033,-5.20214,0.0
-0.80033,-5.1021,0.0
-0.80033,-5.00206,0.0
-0.80033,-4.90202,0.0
-0.80033,-4.80198,0.0
-0.80033,-4.70194,0.0
-0.80033,-4.6019,0.0
-0.80033,-4.50185,0.0
-0.80033,-4.40181,0.0
-0.80033,-4.30177,0.0
-0.80033,-4.20173,0.0
-0.80033,-4.10169,0.0
-0.80033,-4.00165,0.0
-0.80033,-3.90161,0.0
-0.80033,-3.80157,0.0
-0.80033,-3.70152,0.0
-0.80033,-3.60148,0.0
-0.80033,-3.50144,0.0
-0.80033,-3.4014,0.0
-0.80033,-3.30136,0.0
-0.80033,-3.20132,0.0
-0.80033,-3.10128,0.0
-0.80033,-3.00124,0.0
-0.80033,-2.9012,0.0
-0.80033,-2.80115,0.0
-0.80033,-2.70111,0.0
-0.80033,-2.60107,0.0
-0.80033,-2.50103,0.0
-0.80033,-2.40099,0.0
-0.80033,-2.30095,0.0
-0.80033,-2.20091,0.0
-0.80033,-2.10087,0.0
-0.80033,-2.00082,0.0
-0.80033,-1.90078,0.0
-0.80033,-1.80074,0.0
-0.80033,-1.7007,0.0
-0.80033,-1.60066,0.0
-0.80033,-1.50062,0.0
-0.80033,-1.40058,0.0
-0.80033,-1.30054,0.0
-0.80033,-1.20049,0.0
-0.80033,-1.10045,0.0
-0.80033,-1.00041,0.0
-0.80033,-0.90037,0.0
-0.80033,-0.80033,0.0
-0.80033,-0.70029,0.0
-0.80033,-0.60025,0.0
-0.80033,-0.50021,0.0
-0.80033,-0.40016,0.0
-0.80033,-0.30012,0.0
-0.80033,-0.20008,0.0
-0.80033,-0.10004,0.0
-0.80033,0,0.0
-0.80033,0.10004,0.0
-0.80033,0.20008,0.0
-0.80033,0.30012,0.0
-0.80033,0.40016,0.0
-0.80033,0.50021,0.0
-0.80033,0.60025,0.0
-0.80033,0.70029,0.0
-0.80033,0.80033,0.0
-0.80033,0.90037,0.0
-0.80033,1.00041,0.0
-0.80033,1.10045,0.0
-0.80033,1.20049,0.0
-0.80033,1.30054,0.0
-0.80033,1.40058,0.0
-0.80033,1.50062,0.0
-0.80033,1.60066,0.0
-0.80033,1.7007,0.0
-0.80033,1.80074,0.0
-0.80033,1.90078,0.0
-0.80033,2.00082,0.0
-0.80033,2.10087,0.0
-0.80033,2.20091,0.0
-0.80033,2.30095,0.0
-0.80033,2.40099,0.0
-0.80033,2.50103,0.0
-0.80033,2.60107,0.0
-0.80033,2.70111,0.0
-0.80033,2.80115,0.0
-0.80033,2.9012,0.0
-0.80033,3.00124,0.0
-0.80033,3.10128,0.0
-0.80033,3.20132,0.0
-0.80033,3.30136,0.0
-0.80033,3.4014,0.0
-0.80033,3.50144,0.0
-0.80033,3.60148,0.0
-0.80033,3.70152,0.0
-0.80033,3.80157,0.0
-0.80033,3.90161,0.0
-0.80033,4.00165,0.0
-0.80033,4.10169,0.0
-0.80033,4.20173,0.0
-0.80033,4.30177,0.0
-0.80033,4.40181,0.0
-0.80033,4.50185,0.0
-0.80033,4.6019,0.0
-0.80033,4.70194,0.0
-0.80033,4.80198,0.0
-0.80033,4.90202,0.0
-0.80033,5.00206,0.0
-0.80033,5.1021,0.0
-0.80033,5.20214,0.0
-0.80033,5.30218,0.0
-0.80033,5.40223,0.0
-0.80033,5.50227,0.0
-0.80033,5.60231,0.0
-0.80033,5.70235,0.0
-0.80033,5.80239,0.0
-0.80033,5.90243,0.0
-0.80033,6.00247,0.0
-0.80033,6.10251,0.0
-0.80033,6.20256,0.0
-0.80033,6.3026,0.0
-0.80033,6.40264,0.0
-0.80033,6.50268,0.0
-0.80033,6.60272,0.0
-0.80033,6.70276,0.0
-0.80033,6.8028,0.0
-0.80033,6.90284,0.0
-0.80033,7.00289,0.0
-0.80033,7.10293,0.0
-0.80033,7.20297,0.0
-0.80033,7.30301,0.0
-0.80033,7.40305,0.0
-0.80033,7.50309,0.0
-0.80033,7.60313,0.0
-0.80033,7.70317,0.0
-0.80033,7.80321,0.0
-0.80033,7.90326,0.0
-0.80033,8.0033,0.0
-0.80033,8.10334,0.0
-0.80033,8.20338,0.0
-0.80033,8.30342,0.0
-0.80033,8.40346,0.0
-0.80033,8.5035,0.0
-0.80033,8.60354,0.0
-0.80033,8.70359,0.0
-0.80033,8.80363,0.0
-0.80033,8.90367,0.0
-0.80033,9.00371,0.0
-0.80033,9.10375,0.0
-0.80033,9.20379,0.0
-0.80033,9.30383,0.0
-0.80033,9.40387,0.0
-0.80033,9.50392,0.0
-0.80033,9.60396,0.0
-0.80033,9.704,0.0
-0.70029,-9.704,0.0
-0.70029,-9.60396,0.0
-0.70029,-9.50392,0.0
-0.70029,-9.40387,0.0
-0.70029,-9.30383,0.0
-0.70029,-9.20379,0.0
-0.70029,-9.10375,0.0
-0.70029,-9.00371,0.0
-0.70029,-8.90367,0.0
-0.70029,-8.80363,0.0
-0.70029,-8.70359,0.0
-0.70029,-8.60354,0.0
-0.70029,-8.5035,0.0
-0.70029,-8.40346,0.0
-0.70029,-8.30342,0.0
-0.70029,-8.20338,0.0
-0.70029,-8.10334,0.0
-0.70029,-8.0033,0.0
-0.70029,-7.90326,0.0
-0.70029,-7.80321,0.0
-0.70029,-7.70317,0.0
-0.70029,-7.60313,0.0
-0.70029,-7.50309,0.0
-0.70029,-7.40305,0.0
-0.70029,-7.30301,0.0
-0.70029,-7.20297,0.0
-0.70029,-7.10293,0.0
-0.70029,-7.00289,0.0
-0.70029,-6.90284,0.0
-0.70029,-6.8028,0.0
-0.70029,-6.70276,0.0
-0.70029,-6.60272,0.0
-0.70029,-6.50268,0.0
-0.70029,-6.40264,0.0
-0.70029,-6.3026,0.0
-0.70029,-6.20256,0.0
-0.70029,-6.10251,0.0
-0.70029,-6.00247,0.0
-0.70029,-5.90243,0.0
-0.70029,-5.80239,0.0
-0.70029,-5.70235,0.0
-0.70029,-5.60231,0.0
-0.70029,-5.50227,0.0
-0.70029,-5.40223,0.0
-0.70029,-5.30218,0.0
-0.70029,-5.20214,0.0
-0.70029,-5.1021,0.0
-0.70029,-5.00206,0.0
-0.70029,-4.90202,0.0
-0.70029,-4.80198,0.0
-0.70029,-4.70194,0.0
-0.70029,-4.6019,0.0
-0.70029,-4.50185,0.0
-0.70029,-4.40181,0.0
-0.70029,-4.30177,0.0
-0.70029,-4.20173,0.0
-0.70029,-4.10169,0.0
-0.70029,-4.00165,0.0
-0.70029,-3.90161,0.0
-0.70029,-3.80157,0.0
-0.70029,-3.70152,0.0
-0.70029,-3.60148,0.0
-0.70029,-3.50144,0.0
-0.70029,-3.4014,0.0
-0.70029,-3.30136,0.0
-0.70029,-3.20132,0.0
-0.70029,-3.10128,0.0
-0.70029,-3.00124,0.0
-0.70029,-2.9012,0.0
-0.70029,-2.80115,0.0
-0.70029,-2.70111,0.0
-0.70029,-2.60107,0.0
-0.70029,-2.50103,0.0
-0.70029,-2.40099,0.0
-0.70029,-2.30095,0.0
-0.70029,-2.20091,0.0
-0.70029,-2.10087,0.0
-0.70029,-2.00082,0.0
-0.70029,-1.90078,0.0
-0.70029,-1.80074,0.0
-0.70029,-1.7007,0.0
-0.70029,-1.60066,0.0
-0.70029,-1.50062,0.0
-0.70029,-1.40058,0.0
-0.70029,-1.30054,0.0
-0.70029,-1.20049,0.0
-0.70029,-1.10045,0.0
-0.70029,-1.00041,0.0
-0.70029,-0.90037,0.0
-0.70029,-0.80033,0.0
-0.70029,-0.70029,0.0
-0.70029,-0.60025,0.0
-0.70029,-0.50021,0.0
-0.70029,-0.40016,0.0
-0.70029,-0.30012,0.0
-0.70029,-0.20008,0.0
-0.70029,-0.10004,0.0
-0.70029,0,0.0
-0.70029,0.10004,0.0
-0.70029,0.20008,0.0
-0.70029,0.30012,0.0
-0.70029,0.40016,0.0
-0.70029,0.50021,0.0
-0.70029,0.60025,0.0
-0.70029,0.70029,0.0
-0.70029,0.80033,0.0
-0.70029,0.90037,0.0
-0.70029,1.00041,0.0
-0.70029,1.10045,0.0
-0.70029,1.20049,0.0
-0.70029,1.30054,0.0
-0.70029,1.40058,0.0
-0.70029,1.50062,0.0
-0.70029,1.60066,0.0
-0.70029,1.7007,0.0
-0.70029,1.80074,0.0
-0.70029,1.90078,0.0
-0.70029,2.00082,0.0
-0.70029,2.10087,0.0
-0.70029,2.20091,0.0
-0.70029,2.30095,0.0
-0.70029,2.40099,0.0
-0.70029,2.50103,0.0
-0.70029,2.60107,0.0
-0.70029,2.70111,0.0
-0.70029,2.80115,0.0
-0.70029,2.9012,0.0
-0.70029,3.00124,0.0
-0.70029,3.10128,0.0
-0.70029,3.20132,0.0
-0.70029,3.30136,0.0
-0.70029,3.4014,0.0
-0.70029,3.50144,0.0
-0.70029,3.60148,0.0
-0.70029,3.70152,0.0
-0.70029,3.80157,0.0
-0.70029,3.90161,0.0
-0.70029,4.00165,0.0
-0.70029,4.10169,0.0
-0.70029,4.20173,0.0
-0.70029,4.30177,0.0
-0.70029,4.40181,0.0
-0.70029,4.50185,0.0
-0.70029,4.6019,0.0
-0.70029,4.70194,0.0
-0.70029,4.80198,0.0
-0.70029,4.90202,0.0
-0.70029,5.00206,0.0
-0.70029,5.1021,0.0
-0.70029,5.20214,0.0
-0.70029,5.30218,0.0
-0.70029,5.40223,0.0
-0.70029,5.50227,0.0
-0.70029,5.60231,0.0
-0.70029,5.70235,0.0
-0.70029,5.80239,0.0
-0.70029,5.90243,0.0
-0.70029,6.00247,0.0
-0.70029,6.10251,0.0
-0.70029,6.20256,0.0
-0.70029,6.3026,0.0
-0.70029,6.40264,0.0
-0.70029,6.50268,0.0
-0.70029,6.60272,0.0
-0.70029,6.70276,0.0
-0.70029,6.8028,0.0
-0.70029,6.90284,0.0
-0.70029,7.00289,0.0
-0.70029,7.10293,0.0
-0.70029,7.20297,0.0
-0.70029,7.30301,0.0
-0.70029,7.40305,0.0
-0.70029,7.50309,0.0
-0.70029,7.60313,0.0
-0.70029,7.70317,0.0
-0.70029,7.80321,0.0
-0.70029,7.90326,0.0
-0.70029,8.0033,0.0
-0.70029,8.10334,0.0
-0.70029,8.20338,0.0
-0.70029,8.30342,0.0
-0.70029,8.40346,0.0
-0.70029,8.5035,0.0
-0.70029,8.60354,0.0
-0.70029,8.70359,0.0
-0.70029,8.80363,0.0
-0.70029,8.90367,0.0
-0.70029,9.00371,0.0
-0.70029,9.10375,0.0
-0.70029,9.20379,0.0
-0.70029,9.30383,0.0
-0.70029,9.40387,0.0
-0.70029,9.50392,0.0
-0.70029,9.60396,0.0
-0.70029,9.704,0.0
-0.60025,-9.704,0.0
-0.60025,-9.60396,0.0
-0.60025,-9.50392,0.0
-0.60025,-9.40387,0.0
-0.60025,-9.30383,0.0
-0.60025,-9.20379,0.0
-0.60025,-9.10375,0.0
-0.60025,-9.00371,0.0
-0.60025,-8.90367,0.0
-0.60025,-8.80363,0.0
-0.60025,-8.70359,0.0
-0.60025,-8.60354,0.0
-0.60025,-8.5035,0.0
-0.60025,-8.40346,0.0
-0.60025,-8.30342,0.0
-0.60025,-8.20338,0.0
-0.60025,-8.10334,0.0
-0.60025,-8.0033,0.0
-0.60025,-7.90326,0.0
-0.60025,-7.80321,0.0
-0.60025,-7.70317,0.0
-0.60025,-7.60313,0.0
-0.60025,-7.50309,0.0
-0.60025,-7.40305,0.0
-0.60025,-7.30301,0.0
-0.60025,-7.20297,0.0
-0.60025,-7.10293,0.0
-0.60025,-7.00289,0.0
-0.60025,-6.90284,0.0
-0.60025,-6.8028,0.0
-0.60025,-6.70276,0.0
-0.60025,-6.60272,0.0
-0.60025,-6.50268,0.0
-0.60025,-6.40264,0.0
-0.60025,-6.3026,0.0
-0.60025,-6.20256,0.0
-0.60025,-6.10251,0.0
-0.60025,-6.00247,0.0
-0.60025,-5.90243,0.0
-0.60025,-5.80239,0.0
-0.60025,-5.70235,0.0
-0.60025,-5.60231,0.0
-0.60025,-5.50227,0.0
-0.60025,-5.40223,0.0
-0.60025,-5.30218,0.0
-0.60025,-5.20214,0.0
-0.60025,-5.1021,0.0
-0.60025,-5.00206,0.0
-0.60025,-4.90202,0.0
-0.60025,-4.80198,0.0
-0.60025,-4.70194,0.0
-0.60025,-4.6019,0.0
-0.60025,-4.50185,0.0
-0.60025,-4.40181,0.0
-0.60025,-4.30177,0.0
-0.60025,-4.20173,0.0
-0.60025,-4.10169,0.0
-0.60025,-4.00165,0.0
-0.60025,-3.90161,0.0
-0.60025,-3.80157,0.0
-0.60025,-3.70152,0.0
-0.60025,-3.60148,0.0
-0.60025,-3.50144,0.0
-0.60025,-3.4014,0.0
-0.60025,-3.30136,0.0
-0.60025,-3.20132,0.0
-0.60025,-3.10128,0.0
-0.60025,-3.00124,0.0
-0.60025,-2.9012,0.0
-0.60025,-2.80115,0.0
-0.60025,-2.70111,0.0
-0.60025,-2.60107,0.0
-0.60025,-2.50103,0.0
-0.60025,-2.40099,0.0
-0.60025,-2.30095,0.0
-0.60025,-2.20091,0.0
-0.60025,-2.10087,0.0
-0.60025,-2.00082,0.0
-0.60025,-1.90078,0.0
-0.60025,-1.80074,0.0
-0.60025,-1.7007,0.0
-0.60025,-1.60066,0.0
-0.60025,-1.50062,0.0
-0.60025,-1.40058,0.0
-0.60025,-1.30054,0.0
-0.60025,-1.20049,0.0
-0.60025,-1.10045,0.0
-0.60025,-1.00041,0.0
-0.60025,-0.90037,0.0
-0.60025,-0.80033,0.0
-0.60025,-0.70029,0.0
-0.60025,-0.60025,0.0
-0.60025,-0.50021,0.0
-0.60025,-0.40016,0.0
-0.60025,-0.30012,0.0
-0.60025,-0.20008,0.0
-0.60025,-0.10004,0.0
-0.60025,0,0.0
-0.60025,0.10004,0.0
-0.60025,0.20008,0.0
-0.60025,0.30012,0.0
-0.60025,0.40016,0.0
-0.60025,0.50021,0.0
-0.60025,0.60025,0.0
-0.60025,0.70029,0.0
-0.60025,0.80033,0.0
-0.60025,0.90037,0.0
-0.60025,1.00041,0.0
-0.60025,1.10045,0.0
-0.60025,1.20049,0.0
-0.60025,1.30054,0.0
-0.60025,1.40058,0.0
-0.60025,1.50062,0.0
-0.60025,1.60066,0.0
-0.60025,1.7007,0.0
-0.60025,1.80074,0.0
-0.60025,1.90078,0.0
-0.60025,2.00082,0.0
-0.60025,2.10087,0.0
-0.60025,2.20091,0.0
-0.60025,2.30095,0.0
-0.60025,2.40099,0.0
-0.60025,2.50103,0.0
-0.60025,2.60107,0.0
-0.60025,2.70111,0.0
-0.60025,2.80115,0.0
-0.60025,2.9012,0.0
-0.60025,3.00124,0.0
-0.60025,3.10128,0.0
-0.60025,3.20132,0.0
-0.60025,3.30136,0.0
-0.60025,3.4014,0.0
-0.60025,3.50144,0.0
-0.60025,3.60148,0.0
-0.60025,3.70152,0.0
-0.60025,3.80157,0.0
-0.60025,3.90161,0.0
-0.60025,4.00165,0.0
-0.60025,4.10169,0.0
-0.60025,4.20173,0.0
-0.60025,4.30177,0.0
-0.60025,4.40181,0.0
-0.60025,4.50185,0.0
-0.60025,4.6019,0.0
-0.60025,4.70194,0.0
-0.60025,4.80198,0.0
-0.60025,4.90202,0.0
-0.60025,5.00206,0.0
-0.60025,5.1021,0.0
-0.60025,5.20214,0.0
-0.60025,5.30218,0.0
-0.60025,5.40223,0.0
-0.60025,5.50227,0.0
-0.60025,5.60231,0.0
-0.60025,5.70235,0.0
-0.60025,5.80239,0.0
-0.60025,5.90243,0.0
-0.60025,6.00247,0.0
-0.60025,6.10251,0.0
-0.60025,6.20256,0.0
-0.60025,6.3026,0.0
-0.60025,6.40264,0.0
-0.60025,6.50268,0.0
-0.60025,6.60272,0.0
-0.60025,6.70276,0.0
-0.60025,6.8028,0.0
-0.60025,6.90284,0.0
-0.60025,7.00289,0.0
-0.60025,7.10293,0.0
-0.60025,7.20297,0.0
-0.60025,7.30301,0.0
-0.60025,7.40305,0.0
-0.60025,7.50309,0.0
-0.60025,7.60313,0.0
-0.60025,7.70317,0.0
-0.60025,7.80321,0.0
-0.60025,7.90326,0.0
-0.60025,8.0033,0.0
-0.60025,8.10334,0.0
-0.60025,8.20338,0.0
-0.60025,8.30342,0.0
-0.60025,8.40346,0.0
-0.60025,8.5035,0.0
-0.60025,8.60354,0.0
-0.60025,8.70359,0.0
-0.60025,8.80363,0.0
-0.60025,8.90367,0.0
-0.60025,9.00371,0.0
-0.60025,9.10375,0.0
-0.60025,9.20379,0.0
-0.60025,9.30383,0.0
-0.60025,9.40387,0.0
-0.60025,9.50392,0.0
-0.60025,9.60396,0.0
-0.60025,9.704,0.0
-0.50021,-9.704,0.0
-0.50021,-9.60396,0.0
-0.50021,-9.50392,0.0
-0.50021,-9.40387,0.0
-0.50021,-9.30383,0.0
-0.50021,-9.20379,0.0
-0.50021,-9.10375,0.0
-0.50021,-9.00371,0.0
-0.50021,-8.90367,0.0
-0.50021,-8.80363,0.0
-0.50021,-8.70359,0.0
-0.50021,-8.60354,0.0
-0.50021,-8.5035,0.0
-0.50021,-8.40346,0.0
-0.50021,-8.30342,0.0
-0.50021,-8.20338,0.0
-0.50021,-8.10334,0.0
-0.50021,-8.0033,0.0
-0.50021,-7.90326,0.0
-0.50021,-7.80321,0.0
-0.50021,-7.70317,0.0
-0.50021,-7.60313,0.0
-0.50021,-7.50309,0.0
-0.50021,-7.40305,0.0
-0.50021,-7.30301,0.0
-0.50021,-7.20297,0.0
-0.50021,-7.10293,0.0
-0.50021,-7.00289,0.0
-0.50021,-6.90284,0.0
-0.50021,-6.8028,0.0
-0.50021,-6.70276,0.0
-0.50021,-6.60272,0.0
-0.50021,-6.50268,0.0
-0.50021,-6.40264,0.0
-0.50021,-6.3026,0.0
-0.50021,-6.20256,0.0
-0.50021,-6.10251,0.0
-0.50021,-6.00247,0.0
-0.50021,-5.90243,0.0
-0.50021,-5.80239,0.0
-0.50021,-5.70235,0.0
-0.50021,-5.60231,0.0
-0.50021,-5.50227,0.0
-0.50021,-5.40223,0.0
-0.50021,-5.30218,0.0
-0.50021,-5.20214,0.0
-0.50021,-5.1021,0.0
-0.50021,-5.00206,0.0
-0.50021,-4.90202,0.0
-0.50021,-4.80198,0.0
-0.50021,-4.70194,0.0
-0.50021,-4.6019,0.0
-0.50021,-4.50185,0.0
-0.50021,-4.40181,0.0
-0.50021,-4.30177,0.0
-0.50021,-4.20173,0.0
-0.50021,-4.10169,0.0
-0.50021,-4.00165,0.0
-0.50021,-3.90161,0.0
-0.50021,-3.80157,0.0
-0.50021,-3.70152,0.0
-0.50021,-3.60148,0.0
-0.50021,-3.50144,0.0
-0.50021,-3.4014,0.0
-0.50021,-3.30136,0.0
-0.50021,-3.20132,0.0
-0.50021,-3.10128,0.0
-0.50021,-3.00124,0.0
-0.50021,-2.9012,0.0
-0.50021,-2.80115,0.0
-0.50021,-2.70111,0.0
-0.50021,-2.60107,0.0
-0.50021,-2.50103,0.0
-0.50021,-2.40099,0.0
-0.50021,-2.30095,0.0
-0.50021,-2.20091,0.0
-0.50021,-2.10087,0.0
-0.50021,-2.00082,0.0
-0.50021,-1.90078,0.0
-0.50021,-1.80074,0.0
-0.50021,-1.7007,0.0
-0.50021,-1.60066,0.0
-0.50021,-1.50062,0.0
-0.50021,-1.40058,0.0
-0.50021,-1.30054,0.0
-0.50021,-1.20049,0.0
-0.50021,-1.10045,0.0
-0.50021,-1.00041,0.0
-0.50021,-0.90037,0.0
-0.50021,-0.80033,0.0
-0.50021,-0.70029,0.0
-0.50021,-0.60025,0.0
-0.50021,-0.50021,0.0
-0.50021,-0.40016,0.0
-0.50021,-0.30012,0.0
-0.50021,-0.20008,0.0
-0.50021,-0.10004,0.0
-0.50021,0,0.0
-0.50021,0.10004,0.0
-0.50021,0.20008,0.0
-0.50021,0.30012,0.0
-0.50021,0.40016,0.0
-0.50021,0.50021,0.0
-0.50021,0.60025,0.0
-0.50021,0.70029,0.0
-0.50021,0.80033,0.0
-0.50021,0.90037,0.0
-0.50021,1.00041,0.0
-0.50021,1.10045,0.0
-0.50021,1.20049,0.0
-0.50021,1.30054,0.0
-0.50021,1.40058,0.0
-0.50021,1.50062,0.0
-0.50021,1.60066,0.0
-0.50021,1.7007,0.0
-0.50021,1.80074,0.0
-0.50021,1.90078,0.0
-0.50021,2.00082,0.0
-0.50021,2.10087,0.0
-0.50021,2.20091,0.0
-0.50021,2.30095,0.0
-0.50021,2.40099,0.0
-0.50021,2.50103,0.0
-0.50021,2.60107,0.0
-0.50021,2.70111,0.0
-0.50021,2.80115,0.0
-0.50021,2.9012,0.0
-0.50021,3.00124,0.0
-0.50021,3.10128,0.0
-0.50021,3.20132,0.0
-0.50021,3.30136,0.0
-0.50021,3.4014,0.0
-0.50021,3.50144,0.0
-0.50021,3.60148,0.0
-0.50021,3.70152,0.0
-0.50021,3.80157,0.0
-0.50021,3.90161,0.0
-0.50021,4.00165,0.0
-0.50021,4.10169,0.0
-0.50021,4.20173,0.0
-0.50021,4.30177,0.0
-0.50021,4.40181,0.0
-0.50021,4.50185,0.0
-0.50021,4.6019,0.0
-0.50021,4.70194,0.0
-0.50021,4.80198,0.0
-0.50021,4.90202,0.0
-0.50021,5.00206,0.0
-0.50021,5.1021,0.0
-0.50021,5.20214,0.0
-0.50021,5.30218,0.0
-0.50021,5.40223,0.0
-0.50021,5.50227,0.0
-0.50021,5.60231,0.0
-0.50021,5.70235,0.0
-0.50021,5.80239,0.0
-0.50021,5.90243,0.0
-0.50021,6.00247,0.0
-0.50021,6.10251,0.0
-0.50021,6.20256,0.0
-0.50021,6.3026,0.0
-0.50021,6.40264,0.0
-0.50021,6.50268,0.0
-0.50021,6.60272,0.0
-0.50021,6.70276,0.0
-0.50021,6.8028,0.0
-0.50021,6.90284,0.0
-0.50021,7.00289,0.0
-0.50021,7.10293,0.0
-0.50021,7.20297,0.0
-0.50021,7.30301,0.0
-0.50021,7.40305,0.0
-0.50021,7.50309,0.0
-0.50021,7.60313,0.0
-0.50021,7.70317,0.0
-0.50021,7.80321,0.0
-0.50021,7.90326,0.0
-0.50021,8.0033,0.0
-0.50021,8.10334,0.0
-0.50021,8.20338,0.0
-0.50021,8.30342,0.0
-0.50021,8.40346,0.0
-0.50021,8.5035,0.0
-0.50021,8.60354,0.0
-0.50021,8.70359,0.0
-0.50021,8.80363,0.0
-0.50021,8.90367,0.0
-0.50021,9.00371,0.0
-0.50021,9.10375,0.0
-0.50021,9.20379,0.0
-0.50021,9.30383,0.0
-0.50021,9.40387,0.0
-0.50021,9.50392,0.0
-0.50021,9.60396,0.0
-0.50021,9.704,0.0
-0.40016,-9.704,0.0
-0.40016,-9.60396,0.0
-0.40016,-9.50392,0.0
-0.40016,-9.40387,0.0
-0.40016,-9.30383,0.0
-0.40016,-9.20379,0.0
-0.40016,-9.10375,0.0
-0.40016,-9.00371,0.0
-0.40016,-8.90367,0.0
-0.40016,-8.80363,0.0
-0.40016,-8.70359,0.0
-0.40016,-8.60354,0.0
-0.40016,-8.5035,0.0
-0.40016,-8.40346,0.0
-0.40016,-8.30342,0.0
-0.40016,-8.20338,0.0
-0.40016,-8.10334,0.0
-0.40016,-8.0033,0.0
-0.40016,-7.90326,0.0
-0.40016,-7.80321,0.0
-0.40016,-7.70317,0.0
-0.40016,-7.60313,0.0
-0.40016,-7.50309,0.0
-0.40016,-7.40305,0.0
-0.40016,-7.30301,0.0
-0.40016,-7.20297,0.0
-0.40016,-7.10293,0.0
-0.40016,-7.00289,0.0
-0.40016,-6.90284,0.0
-0.40016,-6.8028,0.0
-0.40016,-6.70276,0.0
-0.40016,-6.60272,0.0
-0.40016,-6.50268,0.0
-0.40016,-6.40264,0.0
-0.40016,-6.3026,0.0
-0.40016,-6.20256,0.0
-0.40016,-6.10251,0.0
-0.40016,-6.00247,0.0
-0.40016,-5.90243,0.0
-0.40016,-5.80239,0.0
-0.40016,-5.70235,0.0
-0.40016,-5.60231,0.0
-0.40016,-5.50227,0.0
-0.40016,-5.40223,0.0
-0.40016,-5.30218,0.0
-0.40016,-5.20214,0.0
-0.40016,-5.1021,0.0
-0.40016,-5.00206,0.0
-0.40016,-4.90202,0.0
-0.40016,-4.80198,0.0
-0.40016,-4.70194,0.0
-0.40016,-4.6019,0.0
-0.40016,-4.50185,0.0
-0.40016,-4.40181,0.0
-0.40016,-4.30177,0.0
-0.40016,-4.20173,0.0
-0.40016,-4.10169,0.0
-0.40016,-4.00165,0.0
-0.40016,-3.90161,0.0
-0.40016,-3.80157,0.0
-0.40016,-3.70152,0.0
-0.40016,-3.60148,0.0
-0.40016,-3.50144,0.0
-0.40016,-3.4014,0.0
-0.40016,-3.30136,0.0
-0.40016,-3.20132,0.0
-0.40016,-3.10128,0.0
-0.40016,-3.00124,0.0
-0.40016,-2.9012,0.0
-0.40016,-2.80115,0.0
-0.40016,-2.70111,0.0
-0.40016,-2.60107,0.0
-0.40016,-2.50103,0.0
-0.40016,-2.40099,0.0
-0.40016,-2.30095,0.0
-0.40016,-2.20091,0.0
-0.40016,-2.10087,0.0
-0.40016,-2.00082,0.0
-0.40016,-1.90078,0.0
-0.40016,-1.80074,0.0
-0.40016,-1.7007,0.0
-0.40016,-1.60066,0.0
-0.40016,-1.50062,0.0
-0.40016,-1.40058,0.0
-0.40016,-1.30054,0.0
-0.40016,-1.20049,0.0
-0.40016,-1.10045,0.0
-0.40016,-1.00041,0.0
-0.40016,-0.90037,0.0
-0.40016,-0.80033,0.0
-0.40016,-0.70029,0.0
-0.40016,-0.60025,0.0
-0.40016,-0.50021,0.0
-0.40016,-0.40016,0.0
-0.40016,-0.30012,0.0
-0.40016,-0.20008,0.0
-0.40016,-0.10004,0.0
-0.40016,0,0.0
-0.40016,0.10004,0.0
-0.40016,0.20008,0.0
-0.40016,0.30012,0.0
-0.40016,0.40016,0.0
-0.40016,0.50021,0.0
-0.40016,0.60025,0.0
-0.40016,0.70029,0.0
-0.40016,0.80033,0.0
-0.40016,0.90037,0.0
-0.40016,1.00041,0.0
-0.40016,1.10045,0.0
-0.40016,1.20049,0.0
-0.40016,1.30054,0.0
-0.40016,1.40058,0.0
-0.40016,1.50062,0.0
-0.40016,1.60066,0.0
-0.40016,1.7007,0.0
-0.40016,1.80074,0.0
-0.40016,1.90078,0.0
-0.40016,2.00082,0.0
-0.40016,2.10087,0.0
-0.40016,2.20091,0.0
-0.40016,2.30095,0.0
-0.40016,2.40099,0.0
-0.40016,2.50103,0.0
-0.40016,2.60107,0.0
-0.40016,2.70111,0.0
-0.40016,2.80115,0.0
-0.40016,2.9012,0.0
-0.40016,3.00124,0.0
-0.40016,3.10128,0.0
-0.40016,3.20132,0.0
-0.40016,3.30136,0.0
-0.40016,3.4014,0.0
-0.40016,3.50144,0.0
-0.40016,3.60148,0.0
-0.40016,3.70152,0.0
-0.40016,3.80157,0.0
-0.40016,3.90161,0.0
-0.40016,4.00165,0.0
-0.40016,4.10169,0.0
-0.40016,4.20173,0.0
-0.40016,4.30177,0.0
-0.40016,4.40181,0.0
-0.40016,4.50185,0.0
-0.40016,4.6019,0.0
-0.40016,4.70194,0.0
-0.40016,4.80198,0.0
-0.40016,4.90202,0.0
-0.40016,5.00206,0.0
-0.40016,5.1021,0.0
-0.40016,5.20214,0.0
-0.40016,5.30218,0.0
-0.40016,5.40223,0.0
-0.40016,5.50227,0.0
-0.40016,5.60231,0.0
-0.40016,5.70235,0.0
-0.40016,5.80239,0.0
-0.40016,5.90243,0.0
-0.40016,6.00247,0.0
-0.40016,6.10251,0.0
-0.40016,6.20256,0.0
-0.40016,6.3026,0.0
-0.40016,6.40264,0.0
-0.40016,6.50268,0.0
-0.40016,6.60272,0.0
-0.40016,6.70276,0.0
-0.40016,6.8028,0.0
-0.40016,6.90284,0.0
-0.40016,7.00289,0.0
-0.40016,7.10293,0.0
-0.40016,7.20297,0.0
-0.40016,7.30301,0.0
-0.40016,7.40305,0.0
-0.40016,7.50309,0.0
-0.40016,7.60313,0.0
-0.40016,7.70317,0.0
-0.40016,7.80321,0.0
-0.40016,7.90326,0.0
-0.40016,8.0033,0.0
-0.40016,8.10334,0.0
-0.40016,8.20338,0.0
-0.40016,8.30342,0.0
-0.40016,8.40346,0.0
-0.40016,8.5035,0.0
-0.40016,8.60354,0.0
-0.40016,8.70359,0.0
-0.40016,8.80363,0.0
-0.40016,8.90367,0.0
-0.40016,9.00371,0.0
-0.40016,9.10375,0.0
-0.40016,9.20379,0.0
-0.40016,9.30383,0.0
-0.40016,9.40387,0.0
-0.40016,9.50392,0.0
-0.40016,9.60396,0.0
-0.40016,9.704,0.0
-0.30012,-9.704,0.0
-0.30012,-9.60396,0.0
-0.30012,-9.50392,0.0
-0.30012,-9.40387,0.0
-0.30012,-9.30383,0.0
-0.30012,-9.20379,0.0
-0.30012,-9.10375,0.0
-0.30012,-9.00371,0.0
-0.30012,-8.90367,0.0
-0.30012,-8.80363,0.0
-0.30012,-8.70359,0.0
-0.30012,-8.60354,0.0
-0.30012,-8.5035,0.0
-0.30012,-8.40346,0.0
-0.30012,-8.30342,0.0
-0.30012,-8.20338,0.0
-0.30012,-8.10334,0.0
-0.30012,-8.0033,0.0
-0.30012,-7.90326,0.0
-0.30012,-7.80321,0.0
-0.30012,-7.70317,0.0
-0.30012,-7.60313,0.0
-0.30012,-7.50309,0.0
-0.30012,-7.40305,0.0
-0.30012,-7.30301,0.0
-0.30012,-7.20297,0.0
-0.30012,-7.10293,0.0
-0.30012,-7.00289,0.0
-0.30012,-6.90284,0.0
-0.30012,-6.8028,0.0
-0.30012,-6.70276,0.0
-0.30012,-6.60272,0.0
-0.30012,-6.50268,0.0
-0.30012,-6.40264,0.0
-0.30012,-6.3026,0.0
-0.30012,-6.20256,0.0
-0.30012,-6.10251,0.0
-0.30012,-6.00247,0.0
-0.30012,-5.90243,0.0
-0.30012,-5.80239,0.0
-0.30012,-5.70235,0.0
-0.30012,-5.60231,0.0
-0.30012,-5.50227,0.0
-0.30012,-5.40223,0.0
-0.30012,-5.30218,0.0
-0.30012,-5.20214,0.0
-0.30012,-5.1021,0.0
-0.30012,-5.00206,0.0
-0.30012,-4.90202,0.0
-0.30012,-4.80198,0.0
-0.30012,-4.70194,0.0
-0.30012,-4.6019,0.0
-0.30012,-4.50185,0.0
-0.30012,-4.40181,0.0
-0.30012,-4.30177,0.0
-0.30012,-4.20173,0.0
-0.30012,-4.10169,0.0
-0.30012,-4.00165,0.0
-0.30012,-3.90161,0.0
-0.30012,-3.80157,0.0
-0.30012,-3.70152,0.0
-0.30012,-3.60148,0.0
-0.30012,-3.50144,0.0
-0.30012,-3.4014,0.0
-0.30012,-3.30136,0.0
-0.30012,-3.20132,0.0
-0.30012,-3.10128,0.0
-0.30012,-3.00124,0.0
-0.30012,-2.9012,0.0
-0.30012,-2.80115,0.0
-0.30012,-2.70111,0.0
-0.30012,-2.60107,0.0
-0.30012,-2.50103,0.0
-0.30012,-2.40099,0.0
-0.30012,-2.30095,0.0
-0.30012,-2.20091,0.0
-0.30012,-2.10087,0.0
-0.30012,-2.00082,0.0
-0.30012,-1.90078,0.0
-0.30012,-1.80074,0.0
-0.30012,-1.7007,0.0
-0.30012,-1.60066,0.0
-0.30012,-1.50062,0.0
-0.30012,-1.40058,0.0
-0.30012,-1.30054,0.0
-0.30012,-1.20049,0.0
-0.30012,-1.10045,0.0
-0.30012,-1.00041,0.0
-0.30012,-0.90037,0.0
-0.30012,-0.80033,0.0
-0.30012,-0.70029,0.0
-0.30012,-0.60025,0.0
-0.30012,-0.50021,0.0
-0.30012,-0.40016,0.0
-0.30012,-0.30012,0.0
-0.30012,-0.20008,0.0
-0.30012,-0.10004,0.0
-0.30012,0,0.0
-0.30012,0.10004,0.0
-0.30012,0.20008,0.0
-0.30012,0.30012,0.0
-0.30012,0.40016,0.0
-0.30012,0.50021,0.0
-0.30012,0.60025,0.0
-0.30012,0.70029,0.0
-0.30012,0.80033,0.0
-0.30012,0.90037,0.0
-0.30012,1.00041,0.0
-0.30012,1.10045,0.0
-0.30012,1.20049,0.0
-0.30012,1.30054,0.0
-0.30012,1.40058,0.0
-0.30012,1.50062,0.0
-0.30012,1.60066,0.0
-0.30012,1.7007,0.0
-0.30012,1.80074,0.0
-0.30012,1.90078,0.0
-0.30012,2.00082,0.0
-0.30012,2.10087,0.0
-0.30012,2.20091,0.0
-0.30012,2.30095,0.0
-0.30012,2.40099,0.0
-0.30012,2.50103,0.0
-0.30012,2.60107,0.0
-0.30012,2.70111,0.0
-0.30012,2.80115,0.0
-0.30012,2.9012,0.0
-0.30012,3.00124,0.0
-0.30012,3.10128,0.0
-0.30012,3.20132,0.0
-0.30012,3.30136,0.0
-0.30012,3.4014,0.0
-0.30012,3.50144,0.0
-0.30012,3.60148,0.0
-0.30012,3.70152,0.0
-0.30012,3.80157,0.0
-0.30012,3.90161,0.0
-0.30012,4.00165,0.0
-0.30012,4.10169,0.0
-0.30012,4.20173,0.0
-0.30012,4.30177,0.0
-0.30012,4.40181,0.0
-0.30012,4.50185,0.0
-0.30012,4.6019,0.0
-0.30012,4.70194,0.0
-0.30012,4.80198,0.0
-0.30012,4.90202,0.0
-0.30012,5.00206,0.0
-0.30012,5.1021,0.0
-0.30012,5.20214,0.0
-0.30012,5.30218,0.0
-0.30012,5.40223,0.0
-0.30012,5.50227,0.0
-0.30012,5.60231,0.0
-0.30012,5.70235,0.0
-0.30012,5.80239,0.0
-0.30012,5.90243,0.0
-0.30012,6.00247,0.0
-0.30012,6.10251,0.0
-0.30012,6.20256,0.0
-0.30012,6.3026,0.0
-0.30012,6.40264,0.0
-0.30012,6.50268,0.0
-0.30012,6.60272,0.0
-0.30012,6.70276,0.0
-0.30012,6.8028,0.0
-0.30012,6.90284,0.0
-0.30012,7.00289,0.0
-0.30012,7.10293,0.0
-0.30012,7.20297,0.0
-0.30012,7.30301,0.0
-0.30012,7.40305,0.0
-0.30012,7.50309,0.0
-0.30012,7.60313,0.0
-0.30012,7.70317,0.0
-0.30012,7.80321,0.0
-0.30012,7.90326,0.0
-0.30012,8.0033,0.0
-0.30012,8.10334,0.0
-0.30012,8.20338,0.0
-0.30012,8.30342,0.0
-0.30012,8.40346,0.0
-0.30012,8.5035,0.0
-0.30012,8.60354,0.0
-0.30012,8.70359,0.0
-0.30012,8.80363,0.0
-0.30012,8.90367,0.0
-0.30012,9.00371,0.0
-0.30012,9.10375,0.0
-0.30012,9.20379,0.0
-0.30012,9.30383,0.0
-0.30012,9.40387,0.0
-0.30012,9.50392,0.0
-0.30012,9.60396,0.0
-0.30012,9.704,0.0
-0.20008,-9.704,0.0
-0.20008,-9.60396,0.0
-0.20008,-9.50392,0.0
-0.20008,-9.40387,0.0
-0.20008,-9.30383,0.0
-0.20008,-9.20379,0.0
-0.20008,-9.10375,0.0
-0.20008,-9.00371,0.0
-0.20008,-8.90367,0.0
-0.20008,-8.80363,0.0
-0.20008,-8.70359,0.0
-0.20008,-8.60354,0.0
-0.20008,-8.5035,0.0
-0.20008,-8.40346,0.0
-0.20008,-8.30342,0.0
-0.20008,-8.20338,0.0
-0.20008,-8.10334,0.0
-0.20008,-8.0033,0.0
-0.20008,-7.90326,0.0
-0.20008,-7.80321,0.0
-0.20008,-7.70317,0.0
-0.20008,-7.60313,0.0
-0.20008,-7.50309,0.0
-0.20008,-7.40305,0.0
-0.20008,-7.30301,0.0
-0.20008,-7.20297,0.0
-0.20008,-7.10293,0.0
-0.20008,-7.00289,0.0
-0.20008,-6.90284,0.0
-0.20008,-6.8028,0.0
-0.20008,-6.70276,0.0
-0.20008,-6.60272,0.0
-0.20008,-6.50268,0.0
-0.20008,-6.40264,0.0
-0.20008,-6.3026,0.0
-0.20008,-6.20256,0.0
-0.20008,-6.10251,0.0
-0.20008,-6.00247,0.0
-0.20008,-5.90243,0.0
-0.20008,-5.80239,0.0
-0.20008,-5.70235,0.0
-0.20008,-5.60231,0.0
-0.20008,-5.50227,0.0
-0.20008,-5.40223,0.0
-0.20008,-5.30218,0.0
-0.20008,-5.20214,0.0
-0.20008,-5.1021,0.0
-0.20008,-5.00206,0.0
-0.20008,-4.90202,0.0
-0.20008,-4.80198,0.0
-0.20008,-4.70194,0.0
-0.20008,-4.6019,0.0
-0.20008,-4.50185,0.0
-0.20008,-4.40181,0.0
-0.20008,-4.30177,0.0
-0.20008,-4.20173,0.0
-0.20008,-4.10169,0.0
-0.20008,-4.00165,0.0
-0.20008,-3.90161,0.0
-0.20008,-3.80157,0.0
-0.20008,-3.70152,0.0
-0.20008,-3.60148,0.0
-0.20008,-3.50144,0.0
-0.20008,-3.4014,0.0
-0.20008,-3.30136,0.0
-0.20008,-3.20132,0.0
-0.20008,-3.10128,0.0
-0.20008,-3.00124,0.0
-0.20008,-2.9012,0.0
-0.20008,-2.80115,0.0
-0.20008,-2.70111,0.0
-0.20008,-2.60107,0.0
-0.20008,-2.50103,0.0
-0.20008,-2.40099,0.0
-0.20008,-2.30095,0.0
-0.20008,-2.20091,0.0
-0.20008,-2.10087,0.0
-0.20008,-2.00082,0.0
-0.20008,-1.90078,0.0
-0.20008,-1.80074,0.0
-0.20008,-1.7007,0.0
-0.20008,-1.60066,0.0
-0.20008,-1.50062,0.0
-0.20008,-1.40058,0.0
-0.20008,-1.30054,0.0
-0.20008,-1.20049,0.0
-0.20008,-1.10045,0.0
-0.20008,-1.00041,0.0
-0.20008,-0.90037,0.0
-0.20008,-0.80033,0.0
-0.20008,-0.70029,0.0
-0.20008,-0.60025,0.0
-0.20008,-0.50021,0.0
-0.20008,-0.40016,0.0
-0.20008,-0.30012,0.0
-0.20008,-0.20008,0.0
-0.20008,-0.10004,0.0
-0.20008,0,0.0
-0.20008,0.10004,0.0
-0.20008,0.20008,0.0
-0.20008,0.30012,0.0
-0.20008,0.40016,0.0
-0.20008,0.50021,0.0
-0.20008,0.60025,0.0
-0.20008,0.70029,0.0
-0.20008,0.80033,0.0
-0.20008,0.90037,0.0
-0.20008,1.00041,0.0
-0.20008,1.10045,0.0
-0.20008,1.20049,0.0
-0.20008,1.30054,0.0
-0.20008,1.40058,0.0
-0.20008,1.50062,0.0
-0.20008,1.60066,0.0
-0.20008,1.7007,0.0
-0.20008,1.80074,0.0
-0.20008,1.90078,0.0
-0.20008,2.00082,0.0
-0.20008,2.10087,0.0
-0.20008,2.20091,0.0
-0.20008,2.30095,0.0
-0.20008,2.40099,0.0
-0.20008,2.50103,0.0
-0.20008,2.60107,0.0
-0.20008,2.70111,0.0
-0.20008,2.80115,0.0
-0.20008,2.9012,0.0
-0.20008,3.00124,0.0
-0.20008,3.10128,0.0
-0.20008,3.20132,0.0
-0.20008,3.30136,0.0
-0.20008,3.4014,0.0
-0.20008,3.50144,0.0
-0.20008,3.60148,0.0
-0.20008,3.70152,0.0
-0.20008,3.80157,0.0
-0.20008,3.90161,0.0
-0.20008,4.00165,0.0
-0.20008,4.10169,0.0
-0.20008,4.20173,0.0
-0.20008,4.30177,0.0
-0.20008,4.40181,0.0
-0.20008,4.50185,0.0
-0.20008,4.6019,0.0
-0.20008,4.70194,0.0
-0.20008,4.80198,0.0
-0.20008,4.90202,0.0
-0.20008,5.00206,0.0
-0.20008,5.1021,0.0
-0.20008,5.20214,0.0
-0.20008,5.30218,0.0
-0.20008,5.40223,0.0
-0.20008,5.50227,0.0
-0.20008,5.60231,0.0
-0.20008,5.70235,0.0
-0.20008,5.80239,0.0
-0.20008,5.90243,0.0
-0.20008,6.00247,0.0
-0.20008,6.10251,0.0
-0.20008,6.20256,0.0
-0.20008,6.3026,0.0
-0.20008,6.40264,0.0
-0.20008,6.50268,0.0
-0.20008,6.60272,0.0
-0.20008,6.70276,0.0
-0.20008,6.8028,0.0
-0.20008,6.90284,0.0
-0.20008,7.00289,0.0
-0.20008,7.10293,0.0
-0.20008,7.20297,0.0
-0.20008,7.30301,0.0
-0.20008,7.40305,0.0
-0.20008,7.50309,0.0
-0.20008,7.60313,0.0
-0.20008,7.70317,0.0
-0.20008,7.80321,0.0
-0.20008,7.90326,0.0
-0.20008,8.0033,0.0
-0.20008,8.10334,0.0
-0.20008,8.20338,0.0
-0.20008,8.30342,0.0
-0.20008,8.40346,0.0
-0.20008,8.5035,0.0
-0.20008,8.60354,0.0
-0.20008,8.70359,0.0
-0.20008,8.80363,0.0
-0.20008,8.90367,0.0
-0.20008,9.00371,0.0
-0.20008,9.10375,0.0
-0.20008,9.20379,0.0
-0.20008,9.30383,0.0
-0.20008,9.40387,0.0
-0.20008,9.50392,0.0
-0.20008,9.60396,0.0
-0.20008,9.704,0.0
-0.10004,-9.704,0.0
-0.10004,-9.60396,0.0
-0.10004,-9.50392,0.0
-0.10004,-9.40387,0.0
-0.10004,-9.30383,0.0
-0.10004,-9.20379,0.0
-0.10004,-9.10375,0.0
-0.10004,-9.00371,0.0
-0.10004,-8.90367,0.0
-0.10004,-8.80363,0.0
-0.10004,-8.70359,0.0
-0.10004,-8.60354,0.0
-0.10004,-8.5035,0.0
-0.10004,-8.40346,0.0
-0.10004,-8.30342,0.0
-0.10004,-8.20338,0.0
-0.10004,-8.10334,0.0
-0.10004,-8.0033,0.0
-0.10004,-7.90326,0.0
-0.10004,-7.80321,0.0
-0.10004,-7.70317,0.0
-0.10004,-7.60313,0.0
-0.10004,-7.50309,0.0
-0.10004,-7.40305,0.0
-0.10004,-7.30301,0.0
-0.10004,-7.20297,0.0
-0.10004,-7.10293,0.0
-0.10004,-7.00289,0.0
-0.10004,-6.90284,0.0
-0.10004,-6.8028,0.0
-0.10004,-6.70276,0.0
-0.10004,-6.60272,0.0
-0.10004,-6.50268,0.0
-0.10004,-6.40264,0.0
-0.10004,-6.3026,0.0
-0.10004,-6.20256,0.0
-0.10004,-6.10251,0.0
-0.10004,-6.00247,0.0
-0.10004,-5.90243,0.0
-0.10004,-5.80239,0.0
-0.10004,-5.70235,0.0
-0.10004,-5.60231,0.0
-0.10004,-5.50227,0.0
-0.10004,-5.40223,0.0
-0.10004,-5.30218,0.0
-0.10004,-5.20214,0.0
-0.10004,-5.1021,0.0
-0.10004,-5.00206,0.0
-0.10004,-4.90202,0.0
-0.10004,-4.80198,0.0
-0.10004,-4.70194,0.0
-0.10004,-4.6019,0.0
-0.10004,-4.50185,0.0
-0.10004,-4.40181,0.0
-0.10004,-4.30177,0.0
-0.10004,-4.20173,0.0
-0.10004,-4.10169,0.0
-0.10004,-4.00165,0.0
-0.10004,-3.90161,0.0
-0.10004,-3.80157,0.0
-0.10004,-3.70152,0.0
-0.10004,-3.60148,0.0
-0.10004,-3.50144,0.0
-0.10004,-3.4014,0.0
-0.10004,-3.30136,0.0
-0.10004,-3.20132,0.0
-0.10004,-3.10128,0.0
-0.10004,-3.00124,0.0
-0.10004,-2.9012,0.0
-0.10004,-2.80115,0.0
-0.10004,-2.70111,0.0
-0.10004,-2.60107,0.0
-0.10004,-2.50103,0.0
-0.10004,-2.40099,0.0
-0.10004,-2.30095,0.0
-0.10004,-2.20091,0.0
-0.10004,-2.10087,0.0
-0.10004,-2.00082,0.0
-0.10004,-1.90078,0.0
-0.10004,-1.80074,0.0
-0.10004,-1.7007,0.0
-0.10004,-1.60066,0.0
-0.10004,-1.50062,0.0
-0.10004,-1.40058,0.0
-0.10004,-1.30054,0.0
-0.10004,-1.20049,0.0
-0.10004,-1.10045,0.0
-0.10004,-1.00041,0.0
-0.10004,-0.90037,0.0
-0.10004,-0.80033,0.0
-0.10004,-0.70029,0.0
-0.10004,-0.60025,0.0
-0.10004,-0.50021,0.0
-0.10004,-0.40016,0.0
-0.10004,-0.30012,0.0
-0.10004,-0.20008,0.0
-0.10004,-0.10004,0.0
-0.10004,0,0.0
-0.10004,0.10004,0.0
-0.10004,0.20008,0.0
-0.10004,0.30012,0.0
-0.10004,0.40016,0.0
-0.10004,0.50021,0.0
-0.10004,0.60025,0.0
-0.10004,0.70029,0.0
-0.10004,0.80033,0.0
-0.10004,0.90037,0.0
-0.10004,1.00041,0.0
-0.10004,1.10045,0.0
-0.10004,1.20049,0.0
-0.10004,1.30054,0.0
-0.10004,1.40058,0.0
-0.10004,1.50062,0.0
-0.10004,1.60066,0.0
-0.10004,1.7007,0.0
-0.10004,1.80074,0.0
-0.10004,1.90078,0.0
-0.10004,2.00082,0.0
-0.10004,2.10087,0.0
-0.10004,2.20091,0.0
-0.10004,2.30095,0.0
-0.10004,2.40099,0.0
-0.10004,2.50103,0.0
-0.10004,2.60107,0.0
-0.10004,2.70111,0.0
-0.10004,2.80115,0.0
-0.10004,2.9012,0.0
-0.10004,3.00124,0.0
-0.10004,3.10128,0.0
-0.10004,3.20132,0.0
-0.10004,3.30136,0.0
-0.10004,3.4014,0.0
-0.10004,3.50144,0.0
-0.10004,3.60148,0.0
-0.10004,3.70152,0.0
-0.10004,3.80157,0.0
-0.10004,3.90161,0.0
-0.10004,4.00165,0.0
-0.10004,4.10169,0.0
-0.10004,4.20173,0.0
-0.10004,4.30177,0.0
-0.10004,4.40181,0.0
-0.10004,4.50185,0.0
-0.10004,4.6019,0.0
-0.10004,4.70194,0.0
-0.10004,4.80198,0.0
-0.10004,4.90202,0.0
-0.10004,5.00206,0.0
-0.10004,5.1021,0.0
-0.10004,5.20214,0.0
-0.10004,5.30218,0.0
-0.10004,5.40223,0.0
-0.10004,5.50227,0.0
-0.10004,5.60231,0.0
-0.10004,5.70235,0.0
-0.10004,5.80239,0.0
-0.10004,5.90243,0.0
-0.10004,6.00247,0.0
-0.10004,6.10251,0.0
-0.10004,6.20256,0.0
-0.10004,6.3026,0.0
-0.10004,6.40264,0.0
-0.10004,6.50268,0.0
-0.10004,6.60272,0.0
-0.10004,6.70276,0.0
-0.10004,6.8028,0.0
-0.10004,6.90284,0.0
-0.10004,7.00289,0.0
-0.10004,7.10293,0.0
-0.10004,7.20297,0.0
-0.10004,7.30301,0.0
-0.10004,7.40305,0.0
-0.10004,7.50309,0.0
-0.10004,7.60313,0.0
-0.10004,7.70317,0.0
-0.10004,7.80321,0.0
-0.10004,7.90326,0.0
-0.10004,8.0033,0.0
-0.10004,8.10334,0.0
-0.10004,8.20338,0.0
-0.10004,8.30342,0.0
-0.10004,8.40346,0.0
-0.10004,8.5035,0.0
-0.10004,8.60354,0.0
-0.10004,8.70359,0.0
-0.10004,8.80363,0.0
-0.10004,8.90367,0.0
-0.10004,9.00371,0.0
-0.10004,9.10375,0.0
-0.10004,9.20379,0.0
-0.10004,9.30383,0.0
-0.10004,9.40387,0.0
-0.10004,9.50392,0.0
-0.10004,9.60396,0.0
-0.10004,9.704,0.0
0,-9.704,0.0
0,-9.60396,0.0
0,-9.50392,0.0
0,-9.40387,0.0
0,-9.30383,0.0
0,-9.20379,0.0
0,-9.10375,0.0
0,-9.00371,0.0
0,-8.90367,0.0
0,-8.80363,0.0
0,-8.70359,0.0
0,-8.60354,0.0
0,-8.5035,0.0
0,-8.40346,0.0
0,-8.30342,0.0
0,-8.20338,0.0
0,-8.10334,0.0
0,-8.0033,0.0
0,-7.90326,0.0
0,-7.80321,0.0
0,-7.70317,0.0
0,-7.60313,0.0
0,-7.50309,0.0
0,-7.40305,0.0
0,-7.30301,0.0
0,-7.20297,0.0
0,-7.10293,0.0
0,-7.00289,0.0
0,-6.90284,0.0
0,-6.8028,0.0
0,-6.70276,0.0
0,-6.60272,0.0
0,-6.50268,0.0
0,-6.40264,0.0
0,-6.3026,0.0
0,-6.20256,0.0
0,-6.10251,0.0
0,-6.00247,0.0
0,-5.90243,0.0
0,-5.80239,0.0
0,-5.70235,0.0
0,-5.60231,0.0
0,-5.50227,0.0
0,-5.40223,0.0
0,-5.30218,0.0
0,-5.20214,0.0
0,-5.1021,0.0
0,-5.00206,0.0
0,-4.90202,0.0
0,-4.80198,0.0
0,-4.70194,0.0
0,-4.6019,0.0
0,-4.50185,0.0
0,-4.40181,0.0
0,-4.30177,0.0
0,-4.20173,0.0
0,-4.10169,0.0
0,-4.00165,0.0
0,-3.90161,0.0
0,-3.80157,0.0
0,-3.70152,0.0
0,-3.60148,0.0
0,-3.50144,0.0
0,-3.4014,0.0
0,-3.30136,0.0
0,-3.20132,0.0
0,-3.10128,0.0
0,-3.00124,0.0
0,-2.9012,0.0
0,-2.80115,0.0
0,-2.70111,0.0
0,-2.60107,0.0
0,-2.50103,0.0
0,-2.40099,0.0
0,-2.30095,0.0
0,-2.20091,0.0
0,-2.10087,0.0
0,-2.00082,0.0
0,-1.90078,0.0
0,-1.80074,0.0
0,-1.7007,0.0
0,-1.60066,0.0
0,-1.50062,0.0
0,-1.40058,0.0
0,-1.30054,0.0
0,-1.20049,0.0
0,-1.10045,0.0
0,-1.00041,0.0
0,-0.90037,0.0
0,-0.80033,0.0
0,-0.70029,0.0
0,-0.60025,0.0
0,-0.50021,0.0
0,-0.40016,0.0
0,-0.30012,0.0
0,-0.20008,0.0
0,-0.10004,0.0
0,0,0.0
0,0.10004,0.0
0,0.20008,0.0
0,0.30012,0.0
0,0.40016,0.0
0,0.50021,0.0
0,0.60025,0.0
0,0.70029,0.0
0,0.80033,0.0
0,0.90037,0.0
0,1.00041,0.0
0,1.10045,0.0
0,1.20049,0.0
0,1.30054,0.0
0,1.40058,0.0
0,1.50062,0.0
0,1.60066,0.0
0,1.7007,0.0
0,1.80074,0.0
0,1.90078,0.0
0,2.00082,0.0
0,2.10087,0.0
0,2.20091,0.0
0,2.30095,0.0
0,2.40099,0.0
0,2.50103,0.0
0,2.60107,0.0
0,2.70111,0.0
0,2.80115,0.0
0,2.9012,0.0
0,3.00124,0.0
0,3.10128,0.0
0,3.20132,0.0
0,3.30136,0.0
0,3.4014,0.0
0,3.50144,0.0
0,3.60148,0.0
0,3.70152,0.0
0,3.80157,0.0
0,3.90161,0.0
0,4.00165,0.0
0,4.10169,0.0
0,4.20173,0.0
0,4.30177,0.0
0,4.40181,0.0
0,4.50185,0.0
0,4.6019,0.0
0,4.70194,0.0
0,4.80198,0.0
0,4.90202,0.0
0,5.00206,0.0
0,5.1021,0.0
0,5.20214,0.0
0,5.30218,0.0
0,5.40223,0.0
0,5.50227,0.0
0,5.60231,0.0
0,5.70235,0.0
0,5.80239,0.0
0,5.90243,0.0
0,6.00247,0.0
0,6.10251,0.0
0,6.20256,0.0
0,6.3026,0.0
0,6.40264,0.0
0,6.50268,0.0
0,6.60272,0.0
0,6.70276,0.0
0,6.8028,0.0
0,6.90284,0.0
0,7.00289,0.0
0,7.10293,0.0
0,7.20297,0.0
0,7.30301,0.0
0,7.40305,0.0
0,7.50309,0.0
0,7.60313,0.0
0,7.70317,0.0
0,7.80321,0.0
0,7.90326,0.0
0,8.0033,0.0
0,8.10334,0.0
0,8.20338,0.0
0,8.30342,0.0
0,8.40346,0.0
0,8.5035,0.0
0,8.60354,0.0
0,8.70359,0.0
0,8.80363,0.0
0,8.90367,0.0
0,9.00371,0.0
0,9.10375,0.0
0,9.20379,0.0
0,9.30383,0.0
0,9.40387,0.0
0,9.50392,0.0
0,9.60396,0.0
0,9.704,0.0
0.10004,-9.704,0.0
0.10004,-9.60396,0.0
0.10004,-9.50392,0.0
0.10004,-9.40387,0.0
0.10004,-9.30383,0.0
0.10004,-9.20379,0.0
0.10004,-9.10375,0.0
0.10004,-9.00371,0.0
0.10004,-8.90367,0.0
0.10004,-8.80363,0.0
0.10004,-8.70359,0.0
0.10004,-8.60354,0.0
0.10004,-8.5035,0.0
0.10004,-8.40346,0.0
0.10004,-8.30342,0.0
0.10004,-8.20338,0.0
0.10004,-8.10334,0.0
0.10004,-8.0033,0.0
0.10004,-7.90326,0.0
0.10004,-7.80321,0.0
0.10004,-7.70317,0.0
0.10004,-7.60313,0.0
0.10004,-7.50309,0.0
0.10004,-7.40305,0.0
0.10004,-7.30301,0.0
0.10004,-7.20297,0.0
0.10004,-7.10293,0.0
0.10004,-7.00289,0.0
0.10004,-6.90284,0.0
0.10004,-6.8028,0.0
0.10004,-6.70276,0.0
0.10004,-6.60272,0.0
0.10004,-6.50268,0.0
0.10004,-6.40264,0.0
0.10004,-6.3026,0.0
0.10004,-6.20256,0.0
0.10004,-6.10251,0.0
0.10004,-6.00247,0.0
0.10004,-5.90243,0.0
0.10004,-5.80239,0.0
0.10004,-5.70235,0.0
0.10004,-5.60231,0.0
0.10004,-5.50227,0.0
0.10004,-5.40223,0.0
0.10004,-5.30218,0.0
0.10004,-5.20214,0.0
0.10004,-5.1021,0.0
0.10004,-5.00206,0.0
0.10004,-4.90202,0.0
0.10004,-4.80198,0.0
0.10004,-4.70194,0.0
0.10004,-4.6019,0.0
0.10004,-4.50185,0.0
0.10004,-4.40181,0.0
0.10004,-4.30177,0.0
0.10004,-4.20173,0.0
0.10004,-4.10169,0.0
0.10004,-4.00165,0.0
0.10004,-3.90161,0.0
0.10004,-3.80157,0.0
0.10004,-3.70152,0.0
0.10004,-3.60148,0.0
0.10004,-3.50144,0.0
0.10004,-3.4014,0.0
0.10004,-3.30136,0.0
0.10004,-3.20132,0.0
0.10004,-3.10128,0.0
0.10004,-3.00124,0.0
0.10004,-2.9012,0.0
0.10004,-2.80115,0.0
0.10004,-2.70111,0.0
0.10004,-2.60107,0.0
0.10004,-2.50103,0.0
0.10004,-2.40099,0.0
0.10004,-2.30095,0.0
0.10004,-2.20091,0.0
0.10004,-2.10087,0.0
0.10004,-2.00082,0.0
0.10004,-1.90078,0.0
0.10004,-1.80074,0.0
0.10004,-1.7007,0.0
0.10004,-1.60066,0.0
0.10004,-1.50062,0.0
0.10004,-1.40058,0.0
0.10004,-1.30054,0.0
0.10004,-1.20049,0.0
0.10004,-1.10045,0.0
0.10004,-1.00041,0.0
0.10004,-0.90037,0.0
0.10004,-0.80033,0.0
0.10004,-0.70029,0.0
0.10004,-0.60025,0.0
0.10004,-0.50021,0.0
0.10004,-0.40016,0.0
0.10004,-0.30012,0.0
0.10004,-0.20008,0.0
0.10004,-0.10004,0.0
0.10004,0,0.0
0.10004,0.10004,0.0
0.10004,0.20008,0.0
0.10004,0.30012,0.0
0.10004,0.40016,0.0
0.10004,0.50021,0.0
0.10004,0.60025,0.0
0.10004,0.70029,0.0
0.10004,0.80033,0.0
0.10004,0.90037,0.0
0.10004,1.00041,0.0
0.10004,1.10045,0.0
0.10004,1.20049,0.0
0.10004,1.30054,0.0
0.10004,1.40058,0.0
0.10004,1.50062,0.0
0.10004,1.60066,0.0
0.10004,1.7007,0.0
0.10004,1.80074,0.0
0.10004,1.90078,0.0
0.10004,2.00082,0.0
0.10004,2.10087,0.0
0.10004,2.20091,0.0
0.10004,2.30095,0.0
0.10004,2.40099,0.0
0.10004,2.50103,0.0
0.10004,2.60107,0.0
0.10004,2.70111,0.0
0.10004,2.80115,0.0
0.10004,2.9012,0.0
0.10004,3.00124,0.0
0.10004,3.10128,0.0
0.10004,3.20132,0.0
0.10004,3.30136,0.0
0.10004,3.4014,0.0
0.10004,3.50144,0.0
0.10004,3.60148,0.0
0.10004,3.70152,0.0
0.10004,3.80157,0.0
0.10004,3.90161,0.0
0.10004,4.00165,0.0
0.10004,4.10169,0.0
0.10004,4.20173,0.0
0.10004,4.30177,0.0
0.10004,4.40181,0.0
0.10004,4.50185,0.0
0.10004,4.6019,0.0
0.10004,4.70194,0.0
0.10004,4.80198,0.0
0.10004,4.90202,0.0
0.10004,5.00206,0.0
0.10004,5.1021,0.0
0.10004,5.20214,0.0
0.10004,5.30218,0.0
0.10004,5.40223,0.0
0.10004,5.50227,0.0
0.10004,5.60231,0.0
0.10004,5.70235,0.0
0.10004,5.80239,0.0
0.10004,5.90243,0.0
0.10004,6.00247,0.0
0.10004,6.10251,0.0
0.10004,6.20256,0.0
0.10004,6.3026,0.0
0.10004,6.40264,0.0
0.10004,6.50268,0.0
0.10004,6.60272,0.0
0.10004,6.70276,0.0
0.10004,6.8028,0.0
0.10004,6.90284,0.0
0.10004,7.00289,0.0
0.10004,7.10293,0.0
0.10004,7.20297,0.0
0.10004,7.30301,0.0
0.10004,7.40305,0.0
0.10004,7.50309,0.0
0.10004,7.60313,0.0
0.10004,7.70317,0.0
0.10004,7.80321,0.0
0.10004,7.90326,0.0
0.10004,8.0033,0.0
0.10004,8.10334,0.0
0.10004,8.20338,0.0
0.10004,8.30342,0.0
0.10004,8.40346,0.0
0.10004,8.5035,0.0
0.10004,8.60354,0.0
0.10004,8.70359,0.0
0.10004,8.80363,0.0
0.10004,8.90367,0.0
0.10004,9.00371,0.0
0.10004,9.10375,0.0
0.10004,9.20379,0.0
0.10004,9.30383,0.0
0.10004,9.40387,0.0
0.10004,9.50392,0.0
0.10004,9.60396,0.0
0.10004,9.704,0.0
0.20008,-9.704,0.0
0.20008,-9.60396,0.0
0.20008,-9.50392,0.0
0.20008,-9.40387,0.0
0.20008,-9.30383,0.0
0.20008,-9.20379,0.0
0.20008,-9.10375,0.0
0.20008,-9.00371,0.0
0.20008,-8.90367,0.0
0.20008,-8.80363,0.0
0.20008,-8.70359,0.0
0.20008,-8.60354,0.0
0.20008,-8.5035,0.0
0.20008,-8.40346,0.0
0.20008,-8.30342,0.0
0.20008,-8.20338,0.0
0.20008,-8.10334,0.0
0.20008,-8.0033,0.0
0.20008,-7.90326,0.0
0.20008,-7.80321,0.0
0.20008,-7.70317,0.0
0.20008,-7.60313,0.0
0.20008,-7.50309,0.0
0.20008,-7.40305,0.0
0.20008,-7.30301,0.0
0.20008,-7.20297,0.0
0.20008,-7.10293,0.0
0.20008,-7.00289,0.0
0.20008,-6.90284,0.0
0.20008,-6.8028,0.0
0.20008,-6.70276,0.0
0.20008,-6.60272,0.0
0.20008,-6.50268,0.0
0.20008,-6.40264,0.0
0.20008,-6.3026,0.0
0.20008,-6.20256,0.0
0.20008,-6.10251,0.0
0.20008,-6.00247,0.0
0.20008,-5.90243,0.0
0.20008,-5.80239,0.0
0.20008,-5.70235,0.0
0.20008,-5.60231,0.0
0.20008,-5.50227,0.0
0.20008,-5.40223,0.0
0.20008,-5.30218,0.0
0.20008,-5.20214,0.0
0.20008,-5.1021,0.0
0.20008,-5.00206,0.0
0.20008,-4.90202,0.0
0.20008,-4.80198,0.0
0.20008,-4.70194,0.0
0.20008,-4.6019,0.0
0.20008,-4.50185,0.0
0.20008,-4.40181,0.0
0.20008,-4.30177,0.0
0.20008,-4.20173,0.0
0.20008,-4.10169,0.0
0.20008,-4.00165,0.0
0.20008,-3.90161,0.0
0.20008,-3.80157,0.0
0.20008,-3.70152,0.0
0.20008,-3.60148,0.0
0.20008,-3.50144,0.0
0.20008,-3.4014,0.0
0.20008,-3.30136,0.0
0.20008,-3.20132,0.0
0.20008,-3.10128,0.0
0.20008,-3.00124,0.0
0.20008,-2.9012,0.0
0.20008,-2.80115,0.0
0.20008,-2.70111,0.0
0.20008,-2.60107,0.0
0.20008,-2.50103,0.0
0.20008,-2.40099,0.0
0.20008,-2.30095,0.0
0.20008,-2.20091,0.0
0.20008,-2.10087,0.0
0.20008,-2.00082,0.0
0.20008,-1.90078,0.0
0.20008,-1.80074,0.0
0.20008,-1.7007,0.0
0.20008,-1.60066,0.0
0.20008,-1.50062,0.0
0.20008,-1.40058,0.0
0.20008,-1.30054,0.0
0.20008,-1.20049,0.0
0.20008,-1.10045,0.0
0.20008,-1.00041,0.0
0.20008,-0.90037,0.0
0.20008,-0.80033,0.0
0.20008,-0.70029,0.0
0.20008,-0.60025,0.0
0.20008,-0.50021,0.0
0.20008,-0.40016,0.0
0.20008,-0.30012,0.0
0.20008,-0.20008,0.0
0.20008,-0.10004,0.0
0.20008,0,0.0
0.20008,0.10004,0.0
0.20008,0.20008,0.0
0.20008,0.30012,0.0
0.20008,0.40016,0.0
0.20008,0.50021,0.0
0.20008,0.60025,0.0
0.20008,0.70029,0.0
0.20008,0.80033,0.0
0.20008,0.90037,0.0
0.20008,1.00041,0.0
0.20008,1.10045,0.0
0.20008,1.20049,0.0
0.20008,1.30054,0.0
0.20008,1.40058,0.0
0.20008,1.50062,0.0
0.20008,1.60066,0.0
0.20008,1.7007,0.0
0.20008,1.80074,0.0
0.20008,1.90078,0.0
0.20008,2.00082,0.0
0.20008,2.10087,0.0
0.20008,2.20091,0.0
0.20008,2.30095,0.0
0.20008,2.40099,0.0
0.20008,2.50103,0.0
0.20008,2.60107,0.0
0.20008,2.70111,0.0
0.20008,2.80115,0.0
0.20008,2.9012,0.0
0.20008,3.00124,0.0
0.20008,3.10128,0.0
0.20008,3.20132,0.0
0.20008,3.30136,0.0
0.20008,3.4014,0.0
0.20008,3.50144,0.0
0.20008,3.60148,0.0
0.20008,3.70152,0.0
0.20008,3.80157,0.0
0.20008,3.90161,0.0
0.20008,4.00165,0.0
0.20008,4.10169,0.0
0.20008,4.20173,0.0
0.20008,4.30177,0.0
0.20008,4.40181,0.0
0.20008,4.50185,0.0
0.20008,4.6019,0.0
0.20008,4.70194,0.0
0.20008,4.80198,0.0
0.20008,4.90202,0.0
0.20008,5.00206,0.0
0.20008,5.1021,0.0
0.20008,5.20214,0.0
0.20008,5.30218,0.0
0.20008,5.40223,0.0
0.20008,5.50227,0.0
0.20008,5.60231,0.0
0.20008,5.70235,0.0
0.20008,5.80239,0.0
0.20008,5.90243,0.0
0.20008,6.00247,0.0
0.20008,6.10251,0.0
0.20008,6.20256,0.0
0.20008,6.3026,0.0
0.20008,6.40264,0.0
0.20008,6.50268,0.0
0.20008,6.60272,0.0
0.20008,6.70276,0.0
0.20008,6.8028,0.0
0.20008,6.90284,0.0
0.20008,7.00289,0.0
0.20008,7.10293,0.0
0.20008,7.20297,0.0
0.20008,7.30301,0.0
0.20008,7.40305,0.0
0.20008,7.50309,0.0
0.20008,7.60313,0.0
0.20008,7.70317,0.0
0.20008,7.80321,0.0
0.20008,7.90326,0.0
0.20008,8.0033,0.0
0.20008,8.10334,0.0
0.20008,8.20338,0.0
0.20008,8.30342,0.0
0.20008,8.40346,0.0
0.20008,8.5035,0.0
0.20008,8.60354,0.0
0.20008,8.70359,0.0
0.20008,8.80363,0.0
0.20008,8.90367,0.0
0.20008,9.00371,0.0
0.20008,9.10375,0.0
0.20008,9.20379,0.0
0.20008,9.30383,0.0
0.20008,9.40387,0.0
0.20008,9.50392,0.0
0.20008,9.60396,0.0
0.20008,9.704,0.0
0.30012,-9.704,0.0
0.30012,-9.60396,0.0
0.30012,-9.50392,0.0
0.30012,-9.40387,0.0
0.30012,-9.30383,0.0
0.30012,-9.20379,0.0
0.30012,-9.10375,0.0
0.30012,-9.00371,0.0
0.30012,-8.90367,0.0
0.30012,-8.80363,0.0
0.30012,-8.70359,0.0
0.30012,-8.60354,0.0
0.30012,-8.5035,0.0
0.30012,-8.40346,0.0
0.30012,-8.30342,0.0
0.30012,-8.20338,0.0
0.30012,-8.10334,0.0
0.30012,-8.0033,0.0
0.30012,-7.90326,0.0
0.30012,-7.80321,0.0
0.30012,-7.70317,0.0
0.30012,-7.60313,0.0
0.30012,-7.50309,0.0
0.30012,-7.40305,0.0
0.30012,-7.30301,0.0
0.30012,-7.20297,0.0
0.30012,-7.10293,0.0
0.30012,-7.00289,0.0
0.30012,-6.90284,0.0
0.30012,-6.8028,0.0
0.30012,-6.70276,0.0
0.30012,-6.60272,0.0
0.30012,-6.50268,0.0
0.30012,-6.40264,0.0
0.30012,-6.3026,0.0
0.30012,-6.20256,0.0
0.30012,-6.10251,0.0
0.30012,-6.00247,0.0
0.30012,-5.90243,0.0
0.30012,-5.80239,0.0
0.30012,-5.70235,0.0
0.30012,-5.60231,0.0
0.30012,-5.50227,0.0
0.30012,-5.40223,0.0
0.30012,-5.30218,0.0
0.30012,-5.20214,0.0
0.30012,-5.1021,0.0
0.30012,-5.00206,0.0
0.30012,-4.90202,0.0
0.30012,-4.80198,0.0
0.30012,-4.70194,0.0
0.30012,-4.6019,0.0
0.30012,-4.50185,0.0
0.30012,-4.40181,0.0
0.30012,-4.30177,0.0
0.30012,-4.20173,0.0
0.30012,-4.10169,0.0
0.30012,-4.00165,0.0
0.30012,-3.90161,0.0
0.30012,-3.80157,0.0
0.30012,-3.70152,0.0
0.30012,-3.60148,0.0
0.30012,-3.50144,0.0
0.30012,-3.4014,0.0
0.30012,-3.30136,0.0
0.30012,-3.20132,0.0
0.30012,-3.10128,0.0
0.30012,-3.00124,0.0
0.30012,-2.9012,0.0
0.30012,-2.80115,0.0
0.30012,-2.70111,0.0
0.30012,-2.60107,0.0
0.30012,-2.50103,0.0
0.30012,-2.40099,0.0
0.30012,-2.30095,0.0
0.30012,-2.20091,0.0
0.30012,-2.10087,0.0
0.30012,-2.00082,0.0
0.30012,-1.90078,0.0
0.30012,-1.80074,0.0
0.30012,-1.7007,0.0
0.30012,-1.60066,0.0
0.30012,-1.50062,0.0
0.30012,-1.40058,0.0
0.30012,-1.30054,0.0
0.30012,-1.20049,0.0
0.30012,-1.10045,0.0
0.30012,-1.00041,0.0
0.30012,-0.90037,0.0
0.30012,-0.80033,0.0
0.30012,-0.70029,0.0
0.30012,-0.60025,0.0
0.30012,-0.50021,0.0
0.30012,-0.40016,0.0
0.30012,-0.30012,0.0
0.30012,-0.20008,0.0
0.30012,-0.10004,0.0
0.30012,0,0.0
0.30012,0.10004,0.0
0.30012,0.20008,0.0
0.30012,0.30012,0.0
0.30012,0.40016,0.0
0.30012,0.50021,0.0
0.30012,0.60025,0.0
0.30012,0.70029,0.0
0.30012,0.80033,0.0
0.30012,0.90037,0.0
0.30012,1.00041,0.0
0.30012,1.10045,0.0
0.30012,1.20049,0.0
0.30012,1.30054,0.0
0.30012,1.40058,0.0
0.30012,1.50062,0.0
0.30012,1.60066,0.0
0.30012,1.7007,0.0
0.30012,1.80074,0.0
0.30012,1.90078,0.0
0.30012,2.00082,0.0
0.30012,2.10087,0.0
0.30012,2.20091,0.0
0.30012,2.30095,0.0
0.30012,2.40099,0.0
0.30012,2.50103,0.0
0.30012,2.60107,0.0
0.30012,2.70111,0.0
0.30012,2.80115,0.0
0.30012,2.9012,0.0
0.30012,3.00124,0.0
0.30012,3.10128,0.0
0.30012,3.20132,0.0
0.30012,3.30136,0.0
0.30012,3.4014,0.0
0.30012,3.50144,0.0
0.30012,3.60148,0.0
0.30012,3.70152,0.0
0.30012,3.80157,0.0
0.30012,3.90161,0.0
0.30012,4.00165,0.0
0.30012,4.10169,0.0
0.30012,4.20173,0.0
0.30012,4.30177,0.0
0.30012,4.40181,0.0
0.30012,4.50185,0.0
0.30012,4.6019,0.0
0.30012,4.70194,0.0
0.30012,4.80198,0.0
0.30012,4.90202,0.0
0.30012,5.00206,0.0
0.30012,5.1021,0.0
0.30012,5.20214,0.0
0.30012,5.30218,0.0
0.30012,5.40223,0.0
0.30012,5.50227,0.0
0.30012,5.60231,0.0
0.30012,5.70235,0.0
0.30012,5.80239,0.0
0.30012,5.90243,0.0
0.30012,6.00247,0.0
0.30012,6.10251,0.0
0.30012,6.20256,0.0
0.30012,6.3026,0.0
0.30012,6.40264,0.0
0.30012,6.50268,0.0
0.30012,6.60272,0.0
0.30012,6.70276,0.0
0.30012,6.8028,0.0
0.30012,6.90284,0.0
0.30012,7.00289,0.0
0.30012,7.10293,0.0
0.30012,7.20297,0.0
0.30012,7.30301,0.0
0.30012,7.40305,0.0
0.30012,7.50309,0.0
0.30012,7.60313,0.0
0.30012,7.70317,0.0
0.30012,7.80321,0.0
0.30012,7.90326,0.0
0.30012,8.0033,0.0
0.30012,8.10334,0.0
0.30012,8.20338,0.0
0.30012,8.30342,0.0
0.30012,8.40346,0.0
0.30012,8.5035,0.0
0.30012,8.60354,0.0
0.30012,8.70359,0.0
0.30012,8.80363,0.0
0.30012,8.90367,0.0
0.30012,9.00371,0.0
0.30012,9.10375,0.0
0.30012,9.20379,0.0
0.30012,9.30383,0.0
0.30012,9.40387,0.0
0.30012,9.50392,0.0
0.30012,9.60396,0.0
0.30012,9.704,0.0
0.40016,-9.704,0.0
0.40016,-9.60396,0.0
0.40016,-9.50392,0.0
0.40016,-9.40387,0.0
0.40016,-9.30383,0.0
0.40016,-9.20379,0.0
0.40016,-9.10375,0.0
0.40016,-9.00371,0.0
0.40016,-8.90367,0.0
0.40016,-8.80363,0.0
0.40016,-8.70359,0.0
0.40016,-8.60354,0.0
0.40016,-8.5035,0.0
0.40016,-8.40346,0.0
0.40016,-8.30342,0.0
0.40016,-8.20338,0.0
0.40016,-8.10334,0.0
0.40016,-8.0033,0.0
0.40016,-7.90326,0.0
0.40016,-7.80321,0.0
0.40016,-7.70317,0.0
0.40016,-7.60313,0.0
0.40016,-7.50309,0.0
0.40016,-7.40305,0.0
0.40016,-7.30301,0.0
0.40016,-7.20297,0.0
0.40016,-7.10293,0.0
0.40016,-7.00289,0.0
0.40016,-6.90284,0.0
0.40016,-6.8028,0.0
0.40016,-6.70276,0.0
0.40016,-6.60272,0.0
0.40016,-6.50268,0.0
0.40016,-6.40264,0.0
0.40016,-6.3026,0.0
0.40016,-6.20256,0.0
0.40016,-6.10251,0.0
0.40016,-6.00247,0.0
0.40016,-5.90243,0.0
0.40016,-5.80239,0.0
0.40016,-5.70235,0.0
0.40016,-5.60231,0.0
0.40016,-5.50227,0.0
0.40016,-5.40223,0.0
0.40016,-5.30218,0.0
0.40016,-5.20214,0.0
0.40016,-5.1021,0.0
0.40016,-5.00206,0.0
0.40016,-4.90202,0.0
0.40016,-4.80198,0.0
0.40016,-4.70194,0.0
0.40016,-4.6019,0.0
0.40016,-4.50185,0.0
0.40016,-4.40181,0.0
0.40016,-4.30177,0.0
0.40016,-4.20173,0.0
0.40016,-4.10169,0.0
0.40016,-4.00165,0.0
0.40016,-3.90161,0.0
0.40016,-3.80157,0.0
0.40016,-3.70152,0.0
0.40016,-3.60148,0.0
0.40016,-3.50144,0.0
0.40016,-3.4014,0.0
0.40016,-3.30136,0.0
0.40016,-3.20132,0.0
0.40016,-3.10128,0.0
0.40016,-3.00124,0.0
0.40016,-2.9012,0.0
0.40016,-2.80115,0.0
0.40016,-2.70111,0.0
0.40016,-2.60107,0.0
0.40016,-2.50103,0.0
0.40016,-2.40099,0.0
0.40016,-2.30095,0.0
0.40016,-2.20091,0.0
0.40016,-2.10087,0.0
0.40016,-2.00082,0.0
0.40016,-1.90078,0.0
0.40016,-1.80074,0.0
0.40016,-1.7007,0.0
0.40016,-1.60066,0.0
0.40016,-1.50062,0.0
0.40016,-1.40058,0.0
0.40016,-1.30054,0.0
0.40016,-1.20049,0.0
0.40016,-1.10045,0.0
0.40016,-1.00041,0.0
0.40016,-0.90037,0.0
0.40016,-0.80033,0.0
0.40016,-0.70029,0.0
0.40016,-0.60025,0.0
0.40016,-0.50021,0.0
0.40016,-0.40016,0.0
0.40016,-0.30012,0.0
0.40016,-0.20008,0.0
0.40016,-0.10004,0.0
0.40016,0,0.0
0.40016,0.10004,0.0
0.40016,0.20008,0.0
0.40016,0.30012,0.0
0.40016,0.40016,0.0
0.40016,0.50021,0.0
0.40016,0.60025,0.0
0.40016,0.70029,0.0
0.40016,0.80033,0.0
0.40016,0.90037,0.0
0.40016,1.00041,0.0
0.40016,1.10045,0.0
0.40016,1.20049,0.0
0.40016,1.30054,0.0
0.40016,1.40058,0.0
0.40016,1.50062,0.0
0.40016,1.60066,0.0
0.40016,1.7007,0.0
0.40016,1.80074,0.0
0.40016,1.90078,0.0
0.40016,2.00082,0.0
0.40016,2.10087,0.0
0.40016,2.20091,0.0
0.40016,2.30095,0.0
0.40016,2.40099,0.0
0.40016,2.50103,0.0
0.40016,2.60107,0.0
0.40016,2.70111,0.0
0.40016,2.80115,0.0
0.40016,2.9012,0.0
0.40016,3.00124,0.0
0.40016,3.10128,0.0
0.40016,3.20132,0.0
0.40016,3.30136,0.0
0.40016,3.4014,0.0
0.40016,3.50144,0.0
0.40016,3.60148,0.0
0.40016,3.70152,0.0
0.40016,3.80157,0.0
0.40016,3.90161,0.0
0.40016,4.00165,0.0
0.40016,4.10169,0.0
0.40016,4.20173,0.0
0.40016,4.30177,0.0
0.40016,4.40181,0.0
0.40016,4.50185,0.0
0.40016,4.6019,0.0
0.40016,4.70194,0.0
0.40016,4.80198,0.0
0.40016,4.90202,0.0
0.40016,5.00206,0.0
0.40016,5.1021,0.0
0.40016,5.20214,0.0
0.40016,5.30218,0.0
0.40016,5.40223,0.0
0.40016,5.50227,0.0
0.40016,5.60231,0.0
0.40016,5.70235,0.0
0.40016,5.80239,0.0
0.40016,5.90243,0.0
0.40016,6.00247,0.0
0.40016,6.10251,0.0
0.40016,6.20256,0.0
0.40016,6.3026,0.0
0.40016,6.40264,0.0
0.40016,6.50268,0.0
0.40016,6.60272,0.0
0.40016,6.70276,0.0
0.40016,6.8028,0.0
0.40016,6.90284,0.0
0.40016,7.00289,0.0
0.40016,7.10293,0.0
0.40016,7.20297,0.0
0.40016,7.30301,0.0
0.40016,7.40305,0.0
0.40016,7.50309,0.0
0.40016,7.60313,0.0
0.40016,7.70317,0.0
0.40016,7.80321,0.0
0.40016,7.90326,0.0
0.40016,8.0033,0.0
0.40016,8.10334,0.0
0.40016,8.20338,0.0
0.40016,8.30342,0.0
0.40016,8.40346,0.0
0.40016,8.5035,0.0
0.40016,8.60354,0.0
0.40016,8.70359,0.0
0.40016,8.80363,0.0
0.40016,8.90367,0.0
0.40016,9.00371,0.0
0.40016,9.10375,0.0
0.40016,9.20379,0.0
0.40016,9.30383,0.0
0.40016,9.40387,0.0
0.40016,9.50392,0.0
0.40016,9.60396,0.0
0.40016,9.704,0.0
0.50021,-9.704,0.0
0.50021,-9.60396,0.0
0.50021,-9.50392,0.0
0.50021,-9.40387,0.0
0.50021,-9.30383,0.0
0.50021,-9.20379,0.0
0.50021,-9.10375,0.0
0.50021,-9.00371,0.0
0.50021,-8.90367,0.0
0.50021,-8.80363,0.0
0.50021,-8.70359,0.0
0.50021,-8.60354,0.0
0.50021,-8.5035,0.0
0.50021,-8.40346,0.0
0.50021,-8.30342,0.0
0.50021,-8.20338,0.0
0.50021,-8.10334,0.0
0.50021,-8.0033,0.0
0.50021,-7.90326,0.0
0.50021,-7.80321,0.0
0.50021,-7.70317,0.0
0.50021,-7.60313,0.0
0.50021,-7.50309,0.0
0.50021,-7.40305,0.0
0.50021,-7.30301,0.0
0.50021,-7.20297,0.0
0.50021,-7.10293,0.0
0.50021,-7.00289,0.0
0.50021,-6.90284,0.0
0.50021,-6.8028,0.0
0.50021,-6.70276,0.0
0.50021,-6.60272,0.0
0.50021,-6.50268,0.0
0.50021,-6.40264,0.0
0.50021,-6.3026,0.0
0.50021,-6.20256,0.0
0.50021,-6.10251,0.0
0.50021,-6.00247,0.0
0.50021,-5.90243,0.0
0.50021,-5.80239,0.0
0.50021,-5.70235,0.0
0.50021,-5.60231,0.0
0.50021,-5.50227,0.0
0.50021,-5.40223,0.0
0.50021,-5.30218,0.0
0.50021,-5.20214,0.0
0.50021,-5.1021,0.0
0.50021,-5.00206,0.0
0.50021,-4.90202,0.0
0.50021,-4.80198,0.0
0.50021,-4.70194,0.0
0.50021,-4.6019,0.0
0.50021,-4.50185,0.0
0.50021,-4.40181,0.0
0.50021,-4.30177,0.0
0.50021,-4.20173,0.0
0.50021,-4.10169,0.0
0.50021,-4.00165,0.0
0.50021,-3.90161,0.0
0.50021,-3.80157,0.0
0.50021,-3.70152,0.0
0.50021,-3.60148,0.0
0.50021,-3.50144,0.0
0.50021,-3.4014,0.0
0.50021,-3.30136,0.0
0.50021,-3.20132,0.0
0.50021,-3.10128,0.0
0.50021,-3.00124,0.0
0.50021,-2.9012,0.0
0.50021,-2.80115,0.0
0.50021,-2.70111,0.0
0.50021,-2.60107,0.0
0.50021,-2.50103,0.0
0.50021,-2.40099,0.0
0.50021,-2.30095,0.0
0.50021,-2.20091,0.0
0.50021,-2.10087,0.0
0.50021,-2.00082,0.0
0.50021,-1.90078,0.0
0.50021,-1.80074,0.0
0.50021,-1.7007,0.0
0.50021,-1.60066,0.0
0.50021,-1.50062,0.0
0.50021,-1.40058,0.0
0.50021,-1.30054,0.0
0.50021,-1.20049,0.0
0.50021,-1.10045,0.0
0.50021,-1.00041,0.0
0.50021,-0.90037,0.0
0.50021,-0.80033,0.0
0.50021,-0.70029,0.0
0.50021,-0.60025,0.0
0.50021,-0.50021,0.0
0.50021,-0.40016,0.0
0.50021,-0.30012,0.0
0.50021,-0.20008,0.0
0.50021,-0.10004,0.0
0.50021,0,0.0
0.50021,0.10004,0.0
0.50021,0.20008,0.0
0.50021,0.30012,0.0
0.50021,0.40016,0.0
0.50021,0.50021,0.0
0.50021,0.60025,0.0
0.50021,0.70029,0.0
0.50021,0.80033,0.0
0.50021,0.90037,0.0
0.50021,1.00041,0.0
0.50021,1.10045,0.0
0.50021,1.20049,0.0
0.50021,1.30054,0.0
0.50021,1.40058,0.0
0.50021,1.50062,0.0
0.50021,1.60066,0.0
0.50021,1.7007,0.0
0.50021,1.80074,0.0
0.50021,1.90078,0.0
0.50021,2.00082,0.0
0.50021,2.10087,0.0
0.50021,2.20091,0.0
0.50021,2.30095,0.0
0.50021,2.40099,0.0
0.50021,2.50103,0.0
0.50021,2.60107,0.0
0.50021,2.70111,0.0
0.50021,2.80115,0.0
0.50021,2.9012,0.0
0.50021,3.00124,0.0
0.50021,3.10128,0.0
0.50021,3.20132,0.0
0.50021,3.30136,0.0
0.50021,3.4014,0.0
0.50021,3.50144,0.0
0.50021,3.60148,0.0
0.50021,3.70152,0.0
0.50021,3.80157,0.0
0.50021,3.90161,0.0
0.50021,4.00165,0.0
0.50021,4.10169,0.0
0.50021,4.20173,0.0
0.50021,4.30177,0.0
0.50021,4.40181,0.0
0.50021,4.50185,0.0
0.50021,4.6019,0.0
0.50021,4.70194,0.0
0.50021,4.80198,0.0
0.50021,4.90202,0.0
0.50021,5.00206,0.0
0.50021,5.1021,0.0
0.50021,5.20214,0.0
0.50021,5.30218,0.0
0.50021,5.40223,0.0
0.50021,5.50227,0.0
0.50021,5.60231,0.0
0.50021,5.70235,0.0
0.50021,5.80239,0.0
0.50021,5.90243,0.0
0.50021,6.00247,0.0
0.50021,6.10251,0.0
0.50021,6.20256,0.0
0.50021,6.3026,0.0
0.50021,6.40264,0.0
0.50021,6.50268,0.0
0.50021,6.60272,0.0
0.50021,6.70276,0.0
0.50021,6.8028,0.0
0.50021,6.90284,0.0
0.50021,7.00289,0.0
0.50021,7.10293,0.0
0.50021,7.20297,0.0
0.50021,7.30301,0.0
0.50021,7.40305,0.0
0.50021,7.50309,0.0
0.50021,7.60313,0.0
0.50021,7.70317,0.0
0.50021,7.80321,0.0
0.50021,7.90326,0.0
0.50021,8.0033,0.0
0.50021,8.10334,0.0
0.50021,8.20338,0.0
0.50021,8.30342,0.0
0.50021,8.40346,0.0
0.50021,8.5035,0.0
0.50021,8.60354,0.0
0.50021,8.70359,0.0
0.50021,8.80363,0.0
0.50021,8.90367,0.0
0.50021,9.00371,0.0
0.50021,9.10375,0.0
0.50021,9.20379,0.0
0.50021,9.30383,0.0
0.50021,9.40387,0.0
0.50021,9.50392,0.0
0.50021,9.60396,0.0
0.50021,9.704,0.0
0.60025,-9.704,0.0
0.60025,-9.60396,0.0
0.60025,-9.50392,0.0
0.60025,-9.40387,0.0
0.60025,-9.30383,0.0
0.60025,-9.20379,0.0
0.60025,-9.10375,0.0
0.60025,-9.00371,0.0
0.60025,-8.90367,0.0
0.60025,-8.80363,0.0
0.60025,-8.70359,0.0
0.60025,-8.60354,0.0
0.60025,-8.5035,0.0
0.60025,-8.40346,0.0
0.60025,-8.30342,0.0
0.60025,-8.20338,0.0
0.60025,-8.10334,0.0
0.60025,-8.0033,0.0
0.60025,-7.90326,0.0
0.60025,-7.80321,0.0
0.60025,-7.70317,0.0
0.60025,-7.60313,0.0
0.60025,-7.50309,0.0
0.60025,-7.40305,0.0
0.60025,-7.30301,0.0
0.60025,-7.20297,0.0
0.60025,-7.10293,0.0
0.60025,-7.00289,0.0
0.60025,-6.90284,0.0
0.60025,-6.8028,0.0
0.60025,-6.70276,0.0
0.60025,-6.60272,0.0
0.60025,-6.50268,0.0
0.60025,-6.40264,0.0
0.60025,-6.3026,0.0
0.60025,-6.20256,0.0
0.60025,-6.10251,0.0
0.60025,-6.00247,0.0
0.60025,-5.90243,0.0
0.60025,-5.80239,0.0
0.60025,-5.70235,0.0
0.60025,-5.60231,0.0
0.60025,-5.50227,0.0
0.60025,-5.40223,0.0
0.60025,-5.30218,0.0
0.60025,-5.20214,0.0
0.60025,-5.1021,0.0
0.60025,-5.00206,0.0
0.60025,-4.90202,0.0
0.60025,-4.80198,0.0
0.60025,-4.70194,0.0
0.60025,-4.6019,0.0
0.60025,-4.50185,0.0
0.60025,-4.40181,0.0
0.60025,-4.30177,0.0
0.60025,-4.20173,0.0
0.60025,-4.10169,0.0
0.60025,-4.00165,0.0
0.60025,-3.90161,0.0
0.60025,-3.80157,0.0
0.60025,-3.70152,0.0
0.60025,-3.60148,0.0
0.60025,-3.50144,0.0
0.60025,-3.4014,0.0
0.60025,-3.30136,0.0
0.60025,-3.20132,0.0
0.60025,-3.10128,0.0
0.60025,-3.00124,0.0
0.60025,-2.9012,0.0
0.60025,-2.80115,0.0
0.60025,-2.70111,0.0
0.60025,-2.60107,0.0
0.60025,-2.50103,0.0
0.60025,-2.40099,0.0
0.60025,-2.30095,0.0
0.60025,-2.20091,0.0
0.60025,-2.10087,0.0
0.60025,-2.00082,0.0
0.60025,-1.90078,0.0
0.60025,-1.80074,0.0
0.60025,-1.7007,0.0
0.60025,-1.60066,0.0
0.60025,-1.50062,0.0
0.60025,-1.40058,0.0
0.60025,-1.30054,0.0
0.60025,-1.20049,0.0
0.60025,-1.10045,0.0
0.60025,-1.00041,0.0
0.60025,-0.90037,0.0
0.60025,-0.80033,0.0
0.60025,-0.70029,0.0
0.60025,-0.60025,0.0
0.60025,-0.50021,0.0
0.60025,-0.40016,0.0
0.60025,-0.30012,0.0
0.60025,-0.20008,0.0
0.60025,-0.10004,0.0
0.60025,0,0.0
0.60025,0.10004,0.0
0.60025,0.20008,0.0
0.60025,0.30012,0.0
0.60025,0.40016,0.0
0.60025,0.50021,0.0
0.60025,0.60025,0.0
0.60025,0.70029,0.0
0.60025,0.80033,0.0
0.60025,0.90037,0.0
0.60025,1.00041,0.0
0.60025,1.10045,0.0
0.60025,1.20049,0.0
0.60025,1.30054,0.0
0.60025,1.40058,0.0
0.60025,1.50062,0.0
0.60025,1.60066,0.0
0.60025,1.7007,0.0
0.60025,1.80074,0.0
0.60025,1.90078,0.0
0.60025,2.00082,0.0
0.60025,2.10087,0.0
0.60025,2.20091,0.0
0.60025,2.30095,0.0
0.60025,2.40099,0.0
0.60025,2.50103,0.0
0.60025,2.60107,0.0
0.60025,2.70111,0.0
0.60025,2.80115,0.0
0.60025,2.9012,0.0
0.60025,3.00124,0.0
0.60025,3.10128,0.0
0.60025,3.20132,0.0
0.60025,3.30136,0.0
0.60025,3.4014,0.0
0.60025,3.50144,0.0
0.60025,3.60148,0.0
0.60025,3.70152,0.0
0.60025,3.80157,0.0
0.60025,3.90161,0.0
0.60025,4.00165,0.0
0.60025,4.10169,0.0
0.60025,4.20173,0.0
0.60025,4.30177,0.0
0.60025,4.40181,0.0
0.60025,4.50185,0.0
0.60025,4.6019,0.0
0.60025,4.70194,0.0
0.60025,4.80198,0.0
0.60025,4.90202,0.0
0.60025,5.00206,0.0
0.60025,5.1021,0.0
0.60025,5.20214,0.0
0.60025,5.30218,0.0
0.60025,5.40223,0.0
0.60025,5.50227,0.0
0.60025,5.60231,0.0
0.60025,5.70235,0.0
0.60025,5.80239,0.0
0.60025,5.90243,0.0
0.60025,6.00247,0.0
0.60025,6.10251,0.0
0.60025,6.20256,0.0
0.60025,6.3026,0.0
0.60025,6.40264,0.0
0.60025,6.50268,0.0
0.60025,6.60272,0.0
0.60025,6.70276,0.0
0.60025,6.8028,0.0
0.60025,6.90284,0.0
0.60025,7.00289,0.0
0.60025,7.10293,0.0
0.60025,7.20297,0.0
0.60025,7.30301,0.0
0.60025,7.40305,0.0
0.60025,7.50309,0.0
0.60025,7.60313,0.0
0.60025,7.70317,0.0
0.60025,7.80321,0.0
0.60025,7.90326,0.0
0.60025,8.0033,0.0
0.60025,8.10334,0.0
0.60025,8.20338,0.0
0.60025,8.30342,0.0
0.60025,8.40346,0.0
0.60025,8.5035,0.0
0.60025,8.60354,0.0
0.60025,8.70359,0.0
0.60025,8.80363,0.0
0.60025,8.90367,0.0
0.60025,9.00371,0.0
0.60025,9.10375,0.0
0.60025,9.20379,0.0
0.60025,9.30383,0.0
0.60025,9.40387,0.0
0.60025,9.50392,0.0
0.60025,9.60396,0.0
0.60025,9.704,0.0
0.70029,-9.704,0.0
0.70029,-9.60396,0.0
0.70029,-9.50392,0.0
0.70029,-9.40387,0.0
0.70029,-9.30383,0.0
0.70029,-9.20379,0.0
0.70029,-9.10375,0.0
0.70029,-9.00371,0.0
0.70029,-8.90367,0.0
0.70029,-8.80363,0.0
0.70029,-8.70359,0.0
0.70029,-8.60354,0.0
0.70029,-8.5035,0.0
0.70029,-8.40346,0.0
0.70029,-8.30342,0.0
0.70029,-8.20338,0.0
0.70029,-8.10334,0.0
0.70029,-8.0033,0.0
0.70029,-7.90326,0.0
0.70029,-7.80321,0.0
0.70029,-7.70317,0.0
0.70029,-7.60313,0.0
0.70029,-7.50309,0.0
0.70029,-7.40305,0.0
0.70029,-7.30301,0.0
0.70029,-7.20297,0.0
0.70029,-7.10293,0.0
0.70029,-7.00289,0.0
0.70029,-6.90284,0.0
0.70029,-6.8028,0.0
0.70029,-6.70276,0.0
0.70029,-6.60272,0.0
0.70029,-6.50268,0.0
0.70029,-6.40264,0.0
0.70029,-6.3026,0.0
0.70029,-6.20256,0.0
0.70029,-6.10251,0.0
0.70029,-6.00247,0.0
0.70029,-5.90243,0.0
0.70029,-5.80239,0.0
0.70029,-5.70235,0.0
0.70029,-5.60231,0.0
0.70029,-5.50227,0.0
0.70029,-5.40223,0.0
0.70029,-5.30218,0.0
0.70029,-5.20214,0.0
0.70029,-5.1021,0.0
0.70029,-5.00206,0.0
0.70029,-4.90202,0.0
0.70029,-4.80198,0.0
0.70029,-4.70194,0.0
0.70029,-4.6019,0.0
0.70029,-4.50185,0.0
0.70029,-4.40181,0.0
0.70029,-4.30177,0.0
0.70029,-4.20173,0.0
0.70029,-4.10169,0.0
0.70029,-4.00165,0.0
0.70029,-3.90161,0.0
0.70029,-3.80157,0.0
0.70029,-3.70152,0.0
0.70029,-3.60148,0.0
0.70029,-3.50144,0.0
0.70029,-3.4014,0.0
0.70029,-3.30136,0.0
0.70029,-3.20132,0.0
0.70029,-3.10128,0.0
0.70029,-3.00124,0.0
0.70029,-2.9012,0.0
0.70029,-2.80115,0.0
0.70029,-2.70111,0.0
0.70029,-2.60107,0.0
0.70029,-2.50103,0.0
0.70029,-2.40099,0.0
0.70029,-2.30095,0.0
0.70029,-2.20091,0.0
0.70029,-2.10087,0.0
0.70029,-2.00082,0.0
0.70029,-1.90078,0.0
0.70029,-1.80074,0.0
0.70029,-1.7007,0.0
0.70029,-1.60066,0.0
0.70029,-1.50062,0.0
0.70029,-1.40058,0.0
0.70029,-1.30054,0.0
0.70029,-1.20049,0.0
0.70029,-1.10045,0.0
0.70029,-1.00041,0.0
0.70029,-0.90037,0.0
0.70029,-0.80033,0.0
0.70029,-0.70029,0.0
0.70029,-0.60025,0.0
0.70029,-0.50021,0.0
0.70029,-0.40016,0.0
0.70029,-0.30012,0.0
0.70029,-0.20008,0.0
0.70029,-0.10004,0.0
0.70029,0,0.0
0.70029,0.10004,0.0
0.70029,0.20008,0.0
0.70029,0.30012,0.0
0.70029,0.40016,0.0
0.70029,0.50021,0.0
0.70029,0.60025,0.0
0.70029,0.70029,0.0
0.70029,0.80033,0.0
0.70029,0.90037,0.0
0.70029,1.00041,0.0
0.70029,1.10045,0.0
0.70029,1.20049,0.0
0.70029,1.30054,0.0
0.70029,1.40058,0.0
0.70029,1.50062,0.0
0.70029,1.60066,0.0
0.70029,1.7007,0.0
0.70029,1.80074,0.0
0.70029,1.90078,0.0
0.70029,2.00082,0.0
0.70029,2.10087,0.0
0.70029,2.20091,0.0
0.70029,2.30095,0.0
0.70029,2.40099,0.0
0.70029,2.50103,0.0
0.70029,2.60107,0.0
0.70029,2.70111,0.0
0.70029,2.80115,0.0
0.70029,2.9012,0.0
0.70029,3.00124,0.0
0.70029,3.10128,0.0
0.70029,3.20132,0.0
0.70029,3.30136,0.0
0.70029,3.4014,0.0
0.70029,3.50144,0.0
0.70029,3.60148,0.0
0.70029,3.70152,0.0
0.70029,3.80157,0.0
0.70029,3.90161,0.0
0.70029,4.00165,0.0
0.70029,4.10169,0.0
0.70029,4.20173,0.0
0.70029,4.30177,0.0
0.70029,4.40181,0.0
0.70029,4.50185,0.0
0.70029,4.6019,0.0
0.70029,4.70194,0.0
0.70029,4.80198,0.0
0.70029,4.90202,0.0
0.70029,5.00206,0.0
0.70029,5.1021,0.0
0.70029,5.20214,0.0
0.70029,5.30218,0.0
0.70029,5.40223,0.0
0.70029,5.50227,0.0
0.70029,5.60231,0.0
0.70029,5.70235,0.0
0.70029,5.80239,0.0
0.70029,5.90243,0.0
0.70029,6.00247,0.0
0.70029,6.10251,0.0
0.70029,6.20256,0.0
0.70029,6.3026,0.0
0.70029,6.40264,0.0
0.70029,6.50268,0.0
0.70029,6.60272,0.0
0.70029,6.70276,0.0
0.70029,6.8028,0.0
0.70029,6.90284,0.0
0.70029,7.00289,0.0
0.70029,7.10293,0.0
0.70029,7.20297,0.0
0.70029,7.30301,0.0
0.70029,7.40305,0.0
0.70029,7.50309,0.0
0.70029,7.60313,0.0
0.70029,7.70317,0.0
0.70029,7.80321,0.0
0.70029,7.90326,0.0
0.70029,8.0033,0.0
0.70029,8.10334,0.0
0.70029,8.20338,0.0
0.70029,8.30342,0.0
0.70029,8.40346,0.0
0.70029,8.5035,0.0
0.70029,8.60354,0.0
0.70029,8.70359,0.0
0.70029,8.80363,0.0
0.70029,8.90367,0.0
0.70029,9.00371,0.0
0.70029,9.10375,0.0
0.70029,9.20379,0.0
0.70029,9.30383,0.0
0.70029,9.40387,0.0
0.70029,9.50392,0.0
0.70029,9.60396,0.0
0.70029,9.704,0.0
0.80033,-9.704,0.0
0.80033,-9.60396,0.0
0.80033,-9.50392,0.0
0.80033,-9.40387,0.0
0.80033,-9.30383,0.0
0.80033,-9.20379,0.0
0.80033,-9.10375,0.0
0.80033,-9.00371,0.0
0.80033,-8.90367,0.0
0.80033,-8.80363,0.0
0.80033,-8.70359,0.0
0.80033,-8.60354,0.0
0.80033,-8.5035,0.0
0.80033,-8.40346,0.0
0.80033,-8.30342,0.0
0.80033,-8.20338,0.0
0.80033,-8.10334,0.0
0.80033,-8.0033,0.0
0.80033,-7.90326,0.0
0.80033,-7.80321,0.0
0.80033,-7.70317,0.0
0.80033,-7.60313,0.0
0.80033,-7.50309,0.0
0.80033,-7.40305,0.0
0.80033,-7.30301,0.0
0.80033,-7.20297,0.0
0.80033,-7.10293,0.0
0.80033,-7.00289,0.0
0.80033,-6.90284,0.0
0.80033,-6.8028,0.0
0.80033,-6.70276,0.0
0.80033,-6.60272,0.0
0.80033,-6.50268,0.0
0.80033,-6.40264,0.0
0.80033,-6.3026,0.0
0.80033,-6.20256,0.0
0.80033,-6.10251,0.0
0.80033,-6.00247,0.0
0.80033,-5.90243,0.0
0.80033,-5.80239,0.0
0.80033,-5.70235,0.0
0.80033,-5.60231,0.0
0.80033,-5.50227,0.0
0.80033,-5.40223,0.0
0.80033,-5.30218,0.0
0.80033,-5.20214,0.0
0.80033,-5.1021,0.0
0.80033,-5.00206,0.0
0.80033,-4.90202,0.0
0.80033,-4.80198,0.0
0.80033,-4.70194,0.0
0.80033,-4.6019,0.0
0.80033,-4.50185,0.0
0.80033,-4.40181,0.0
0.80033,-4.30177,0.0
0.80033,-4.20173,0.0
0.80033,-4.10169,0.0
0.80033,-4.00165,0.0
0.80033,-3.90161,0.0
0.80033,-3.80157,0.0
0.80033,-3.70152,0.0
0.80033,-3.60148,0.0
0.80033,-3.50144,0.0
0.80033,-3.4014,0.0
0.80033,-3.30136,0.0
0.80033,-3.20132,0.0
0.80033,-3.10128,0.0
0.80033,-3.00124,0.0
0.80033,-2.9012,0.0
0.80033,-2.80115,0.0
0.80033,-2.70111,0.0
0.80033,-2.60107,0.0
0.80033,-2.50103,0.0
0.80033,-2.40099,0.0
0.80033,-2.30095,0.0
0.80033,-2.20091,0.0
0.80033,-2.10087,0.0
0.80033,-2.00082,0.0
0.80033,-1.90078,0.0
0.80033,-1.80074,0.0
0.80033,-1.7007,0.0
0.80033,-1.60066,0.0
0.80033,-1.50062,0.0
0.80033,-1.40058,0.0
0.80033,-1.30054,0.0
0.80033,-1.20049,0.0
0.80033,-1.10045,0.0
0.80033,-1.00041,0.0
0.80033,-0.90037,0.0
0.80033,-0.80033,0.0
0.80033,-0.70029,0.0
0.80033,-0.60025,0.0
0.80033,-0.50021,0.0
0.80033,-0.40016,0.0
0.80033,-0.30012,0.0
0.80033,-0.20008,0.0
0.80033,-0.10004,0.0
0.80033,0,0.0
0.80033,0.10004,0.0
0.80033,0.20008,0.0
0.80033,0.30012,0.0
0.80033,0.40016,0.0
0.80033,0.50021,0.0
0.80033,0.60025,0.0
0.80033,0.70029,0.0
0.80033,0.80033,0.0
0.80033,0.90037,0.0
0.80033,1.00041,0.0
0.80033,1.10045,0.0
0.80033,1.20049,0.0
0.80033,1.30054,0.0
0.80033,1.40058,0.0
0.80033,1.50062,0.0
0.80033,1.60066,0.0
0.80033,1.7007,0.0
0.80033,1.80074,0.0
0.80033,1.90078,0.0
0.80033,2.00082,0.0
0.80033,2.10087,0.0
0.80033,2.20091,0.0
0.80033,2.30095,0.0
0.80033,2.40099,0.0
0.80033,2.50103,0.0
0.80033,2.60107,0.0
0.80033,2.70111,0.0
0.80033,2.80115,0.0
0.80033,2.9012,0.0
0.80033,3.00124,0.0
0.80033,3.10128,0.0
0.80033,3.20132,0.0
0.80033,3.30136,0.0
0.80033,3.4014,0.0
0.80033,3.50144,0.0
0.80033,3.60148,0.0
0.80033,3.70152,0.0
0.80033,3.80157,0.0
0.80033,3.90161,0.0
0.80033,4.00165,0.0
0.80033,4.10169,0.0
0.80033,4.20173,0.0
0.80033,4.30177,0.0
0.80033,4.40181,0.0
0.80033,4.50185,0.0
0.80033,4.6019,0.0
0.80033,4.70194,0.0
0.80033,4.80198,0.0
0.80033,4.90202,0.0
0.80033,5.00206,0.0
0.80033,5.1021,0.0
0.80033,5.20214,0.0
0.80033,5.30218,0.0
0.80033,5.40223,0.0
0.80033,5.50227,0.0
0.80033,5.60231,0.0
0.80033,5.70235,0.0
0.80033,5.80239,0.0
0.80033,5.90243,0.0
0.80033,6.00247,0.0
0.80033,6.10251,0.0
0.80033,6.20256,0.0
0.80033,6.3026,0.0
0.80033,6.40264,0.0
0.80033,6.50268,0.0
0.80033,6.60272,0.0
0.80033,6.70276,0.0
0.80033,6.8028,0.0
0.80033,6.90284,0.0
0.80033,7.00289,0.0
0.80033,7.10293,0.0
0.80033,7.20297,0.0
0.80033,7.30301,0.0
0.80033,7.40305,0.0
0.80033,7.50309,0.0
0.80033,7.60313,0.0
0.80033,7.70317,0.0
0.80033,7.80321,0.0
0.80033,7.90326,0.0
0.80033,8.0033,0.0
0.80033,8.10334,0.0
0.80033,8.20338,0.0
0.80033,8.30342,0.0
0.80033,8.40346,0.0
0.80033,8.5035,0.0
0.80033,8.60354,0.0
0.80033,8.70359,0.0
0.80033,8.80363,0.0
0.80033,8.90367,0.0
0.80033,9.00371,0.0
0.80033,9.10375,0.0
0.80033,9.20379,0.0
0.80033,9.30383,0.0
0.80033,9.40387,0.0
0.80033,9.50392,0.0
0.80033,9.60396,0.0
0.80033,9.704,0.0
0.90037,-9.704,0.0
0.90037,-9.60396,0.0
0.90037,-9.50392,0.0
0.90037,-9.40387,0.0
0.90037,-9.30383,0.0
0.90037,-9.20379,0.0
0.90037,-9.10375,0.0
0.90037,-9.00371,0.0
0.90037,-8.90367,0.0
0.90037,-8.80363,0.0
0.90037,-8.70359,0.0
0.90037,-8.60354,0.0
0.90037,-8.5035,0.0
0.90037,-8.40346,0.0
0.90037,-8.30342,0.0
0.90037,-8.20338,0.0
0.90037,-8.10334,0.0
0.90037,-8.0033,0.0
0.90037,-7.90326,0.0
0.90037,-7.80321,0.0
0.90037,-7.70317,0.0
0.90037,-7.60313,0.0
0.90037,-7.50309,0.0
0.90037,-7.40305,0.0
0.90037,-7.30301,0.0
0.90037,-7.20297,0.0
0.90037,-7.10293,0.0
0.90037,-7.00289,0.0
0.90037,-6.90284,0.0
0.90037,-6.8028,0.0
0.90037,-6.70276,0.0
0.90037,-6.60272,0.0
0.90037,-6.50268,0.0
0.90037,-6.40264,0.0
0.90037,-6.3026,0.0
0.90037,-6.20256,0.0
0.90037,-6.10251,0.0
0.90037,-6.00247,0.0
0.90037,-5.90243,0.0
0.90037,-5.80239,0.0
0.90037,-5.70235,0.0
0.90037,-5.60231,0.0
0.90037,-5.50227,0.0
0.90037,-5.40223,0.0
0.90037,-5.30218,0.0
0.90037,-5.20214,0.0
0.90037,-5.1021,0.0
0.90037,-5.00206,0.0
0.90037,-4.90202,0.0
0.90037,-4.80198,0.0
0.90037,-4.70194,0.0
0.90037,-4.6019,0.0
0.90037,-4.50185,0.0
0.90037,-4.40181,0.0
0.90037,-4.30177,0.0
0.90037,-4.20173,0.0
0.90037,-4.10169,0.0
0.90037,-4.00165,0.0
0.90037,-3.90161,0.0
0.90037,-3.80157,0.0
0.90037,-3.70152,0.0
0.90037,-3.60148,0.0
0.90037,-3.50144,0.0
0.90037,-3.4014,0.0
0.90037,-3.30136,0.0
0.90037,-3.20132,0.0
0.90037,-3.10128,0.0
0.90037,-3.00124,0.0
0.90037,-2.9012,0.0
0.90037,-2.80115,0.0
0.90037,-2.70111,0.0
0.90037,-2.60107,0.0
0.90037,-2.50103,0.0
0.90037,-2.40099,0.0
0.90037,-2.30095,0.0
0.90037,-2.20091,0.0
0.90037,-2.10087,0.0
0.90037,-2.00082,0.0
0.90037,-1.90078,0.0
0.90037,-1.80074,0.0
0.90037,-1.7007,0.0
0.90037,-1.60066,0.0
0.90037,-1.50062,0.0
0.90037,-1.40058,0.0
0.90037,-1.30054,0.0
0.90037,-1.20049,0.0
0.90037,-1.10045,0.0
0.90037,-1.00041,0.0
0.90037,-0.90037,0.0
0.90037,-0.80033,0.0
0.90037,-0.70029,0.0
0.90037,-0.60025,0.0
0.90037,-0.50021,0.0
0.90037,-0.40016,0.0
0.90037,-0.30012,0.0
0.90037,-0.20008,0.0
0.90037,-0.10004,0.0
0.90037,0,0.0
0.90037,0.10004,0.0
0.90037,0.20008,0.0
0.90037,0.30012,0.0
0.90037,0.40016,0.0
0.90037,0.50021,0.0
0.90037,0.60025,0.0
0.90037,0.70029,0.0
0.90037,0.80033,0.0
0.90037,0.90037,0.0
0.90037,1.00041,0.0
0.90037,1.10045,0.0
0.90037,1.20049,0.0
0.90037,1.30054,0.0
0.90037,1.40058,0.0
0.90037,1.50062,0.0
0.90037,1.60066,0.0
0.90037,1.7007,0.0
0.90037,1.80074,0.0
0.90037,1.90078,0.0
0.90037,2.00082,0.0
0.90037,2.10087,0.0
0.90037,2.20091,0.0
0.90037,2.30095,0.0
0.90037,2.40099,0.0
0.90037,2.50103,0.0
0.90037,2.60107,0.0
0.90037,2.70111,0.0
0.90037,2.80115,0.0
0.90037,2.9012,0.0
0.90037,3.00124,0.0
0.90037,3.10128,0.0
0.90037,3.20132,0.0
0.90037,3.30136,0.0
0.90037,3.4014,0.0
0.90037,3.50144,0.0
0.90037,3.60148,0.0
0.90037,3.70152,0.0
0.90037,3.80157,0.0
0.90037,3.90161,0.0
0.90037,4.00165,0.0
0.90037,4.10169,0.0
0.90037,4.20173,0.0
0.90037,4.30177,0.0
0.90037,4.40181,0.0
0.90037,4.50185,0.0
0.90037,4.6019,0.0
0.90037,4.70194,0.0
0.90037,4.80198,0.0
0.90037,4.90202,0.0
0.90037,5.00206,0.0
0.90037,5.1021,0.0
0.90037,5.20214,0.0
0.90037,5.30218,0.0
0.90037,5.40223,0.0
0.90037,5.50227,0.0
0.90037,5.60231,0.0
0.90037,5.70235,0.0
0.90037,5.80239,0.0
0.90037,5.90243,0.0
0.90037,6.00247,0.0
0.90037,6.10251,0.0
0.90037,6.20256,0.0
0.90037,6.3026,0.0
0.90037,6.40264,0.0
0.90037,6.50268,0.0
0.90037,6.60272,0.0
0.90037,6.70276,0.0
0.90037,6.8028,0.0
0.90037,6.90284,0.0
0.90037,7.00289,0.0
0.90037,7.10293,0.0
0.90037,7.20297,0.0
0.90037,7.30301,0.0
0.90037,7.40305,0.0
0.90037,7.50309,0.0
0.90037,7.60313,0.0
0.90037,7.70317,0.0
0.90037,7.80321,0.0
0.90037,7.90326,0.0
0.90037,8.0033,0.0
0.90037,8.10334,0.0
0.90037,8.20338,0.0
0.90037,8.30342,0.0
0.90037,8.40346,0.0
0.90037,8.5035,0.0
0.90037,8.60354,0.0
0.90037,8.70359,0.0
0.90037,8.80363,0.0
0.90037,8.90367,0.0
0.90037,9.00371,0.0
0.90037,9.10375,0.0
0.90037,9.20379,0.0
0.90037,9.30383,0.0
0.90037,9.40387,0.0
0.90037,9.50392,0.0
0.90037,9.60396,0.0
0.90037,9.704,0.0
1.00041,-9.704,0.0
1.00041,-9.60396,0.0
1.00041,-9.50392,0.0
1.00041,-9.40387,0.0
1.00041,-9.30383,0.0
1.00041,-9.20379,0.0
1.00041,-9.10375,0.0
1.00041,-9.00371,0.0
1.00041,-8.90367,0.0
1.00041,-8.80363,0.0
1.00041,-8.70359,0.0
1.00041,-8.60354,0.0
1.00041,-8.5035,0.0
1.00041,-8.40346,0.0
1.00041,-8.30342,0.0
1.00041,-8.20338,0.0
1.00041,-8.10334,0.0
1.00041,-8.0033,0.0
1.00041,-7.90326,0.0
1.00041,-7.80321,0.0
1.00041,-7.70317,0.0
1.00041,-7.60313,0.0
1.00041,-7.50309,0.0
1.00041,-7.40305,0.0
1.00041,-7.30301,0.0
1.00041,-7.20297,0.0
1.00041,-7.10293,0.0
1.00041,-7.00289,0.0
1.00041,-6.90284,0.0
1.00041,-6.8028,0.0
1.00041,-6.70276,0.0
1.00041,-6.60272,0.0
1.00041,-6.50268,0.0
1.00041,-6.40264,0.0
1.00041,-6.3026,0.0
1.00041,-6.20256,0.0
1.00041,-6.10251,0.0
1.00041,-6.00247,0.0
1.00041,-5.90243,0.0
1.00041,-5.80239,0.0
1.00041,-5.70235,0.0
1.00041,-5.60231,0.0
1.00041,-5.50227,0.0
1.00041,-5.40223,0.0
1.00041,-5.30218,0.0
1.00041,-5.20214,0.0
1.00041,-5.1021,0.0
1.00041,-5.00206,0.0
1.00041,-4.90202,0.0
1.00041,-4.80198,0.0
1.00041,-4.70194,0.0
1.00041,-4.6019,0.0
1.00041,-4.50185,0.0
1.00041,-4.40181,0.0
1.00041,-4.30177,0.0
1.00041,-4.20173,0.0
1.00041,-4.10169,0.0
1.00041,-4.00165,0.0
1.00041,-3.90161,0.0
1.00041,-3.80157,0.0
1.00041,-3.70152,0.0
1.00041,-3.60148,0.0
1.00041,-3.50144,0.0
1.00041,-3.4014,0.0
1.00041,-3.30136,0.0
1.00041,-3.20132,0.0
1.00041,-3.10128,0.0
1.00041,-3.00124,0.0
1.00041,-2.9012,0.0
1.00041,-2.80115,0.0
1.00041,-2.70111,0.0
1.00041,-2.60107,0.0
1.00041,-2.50103,0.0
1.00041,-2.40099,0.0
1.00041,-2.30095,0.0
1.00041,-2.20091,0.0
1.00041,-2.10087,0.0
1.00041,-2.00082,0.0
1.00041,-1.90078,0.0
1.00041,-1.80074,0.0
1.00041,-1.7007,0.0
1.00041,-1.60066,0.0
1.00041,-1.50062,0.0
1.00041,-1.40058,0.0
1.00041,-1.30054,0.0
1.00041,-1.20049,0.0
1.00041,-1.10045,0.0
1.00041,-1.00041,0.0
1.00041,-0.90037,0.0
1.00041,-0.80033,0.0
1.00041,-0.70029,0.0
1.00041,-0.60025,0.0
1.00041,-0.50021,0.0
1.00041,-0.40016,0.0
1.00041,-0.30012,0.0
1.00041,-0.20008,0.0
1.00041,-0.10004,0.0
1.00041,0,0.0
1.00041,0.10004,0.0
1.00041,0.20008,0.0
1.00041,0.30012,0.0
1.00041,0.40016,0.0
1.00041,0.50021,0.0
1.00041,0.60025,0.0
1.00041,0.70029,0.0
1.00041,0.80033,0.0
1.00041,0.90037,0.0
1.00041,1.00041,0.0
1.00041,1.10045,0.0
1.00041,1.20049,0.0
1.00041,1.30054,0.0
1.00041,1.40058,0.0
1.00041,1.50062,0.0
1.00041,1.60066,0.0
1.00041,1.7007,0.0
1.00041,1.80074,0.0
1.00041,1.90078,0.0
1.00041,2.00082,0.0
1.00041,2.10087,0.0
1.00041,2.20091,0.0
1.00041,2.30095,0.0
1.00041,2.40099,0.0
1.00041,2.50103,0.0
1.00041,2.60107,0.0
1.00041,2.70111,0.0
1.00041,2.80115,0.0
1.00041,2.9012,0.0
1.00041,3.00124,0.0
1.00041,3.10128,0.0
1.00041,3.20132,0.0
1.00041,3.30136,0.0
1.00041,3.4014,0.0
1.00041,3.50144,0.0
1.00041,3.60148,0.0
1.00041,3.70152,0.0
1.00041,3.80157,0.0
1.00041,3.90161,0.0
1.00041,4.00165,0.0
1.00041,4.10169,0.0
1.00041,4.20173,0.0
1.00041,4.30177,0.0
1.00041,4.40181,0.0
1.00041,4.50185,0.0
1.00041,4.6019,0.0
1.00041,4.70194,0.0
1.00041,4.80198,0.0
1.00041,4.90202,0.0
1.00041,5.00206,0.0
1.00041,5.1021,0.0
1.00041,5.20214,0.0
1.00041,5.30218,0.0
1.00041,5.40223,0.0
1.00041,5.50227,0.0
1.00041,5.60231,0.0
1.00041,5.70235,0.0
1.00041,5.80239,0.0
1.00041,5.90243,0.0
1.00041,6.00247,0.0
1.00041,6.10251,0.0
1.00041,6.20256,0.0
1.00041,6.3026,0.0
1.00041,6.40264,0.0
1.00041,6.50268,0.0
1.00041,6.60272,0.0
1.00041,6.70276,0.0
1.00041,6.8028,0.0
1.00041,6.90284,0.0
1.00041,7.00289,0.0
1.00041,7.10293,0.0
1.00041,7.20297,0.0
1.00041,7.30301,0.0
1.00041,7.40305,0.0
1.00041,7.50309,0.0
1.00041,7.60313,0.0
1.00041,7.70317,0.0
1.00041,7.80321,0.0
1.00041,7.90326,0.0
1.00041,8.0033,0.0
1.00041,8.10334,0.0
1.00041,8.20338,0.0
1.00041,8.30342,0.0
1.00041,8.40346,0.0
1.00041,8.5035,0.0
1.00041,8.60354,0.0
1.00041,8.70359,0.0
1.00041,8.80363,0.0
1.00041,8.90367,0.0
1.00041,9.00371,0.0
1.00041,9.10375,0.0
1.00041,9.20379,0.0
1.00041,9.30383,0.0
1.00041,9.40387,0.0
1.00041,9.50392,0.0
1.00041,9.60396,0.0
1.00041,9.704,0.0
1.10045,-9.704,0.0
1.10045,-9.60396,0.0
1.10045,-9.50392,0.0
1.10045,-9.40387,0.0
1.10045,-9.30383,0.0
1.10045,-9.20379,0.0
1.10045,-9.10375,0.0
1.10045,-9.00371,0.0
1.10045,-8.90367,0.0
1.10045,-8.80363,0.0
1.10045,-8.70359,0.0
1.10045,-8.60354,0.0
1.10045,-8.5035,0.0
1.10045,-8.40346,0.0
1.10045,-8.30342,0.0
1.10045,-8.20338,0.0
1.10045,-8.10334,0.0
1.10045,-8.0033,0.0
1.10045,-7.90326,0.0
1.10045,-7.80321,0.0
1.10045,-7.70317,0.0
1.10045,-7.60313,0.0
1.10045,-7.50309,0.0
1.10045,-7.40305,0.0
1.10045,-7.30301,0.0
1.10045,-7.20297,0.0
1.10045,-7.10293,0.0
1.10045,-7.00289,0.0
1.10045,-6.90284,0.0
1.10045,-6.8028,0.0
1.10045,-6.70276,0.0
1.10045,-6.60272,0.0
1.10045,-6.50268,0.0
1.10045,-6.40264,0.0
1.10045,-6.3026,0.0
1.10045,-6.20256,0.0
1.10045,-6.10251,0.0
1.10045,-6.00247,0.0
1.10045,-5.90243,0.0
1.10045,-5.80239,0.0
1.10045,-5.70235,0.0
1.10045,-5.60231,0.0
1.10045,-5.50227,0.0
1.10045,-5.40223,0.0
1.10045,-5.30218,0.0
1.10045,-5.20214,0.0
1.10045,-5.1021,0.0
1.10045,-5.00206,0.0
1.10045,-4.90202,0.0
1.10045,-4.80198,0.0
1.10045,-4.70194,0.0
1.10045,-4.6019,0.0
1.10045,-4.50185,0.0
1.10045,-4.40181,0.0
1.10045,-4.30177,0.0
1.10045,-4.20173,0.0
1.10045,-4.10169,0.0
1.10045,-4.00165,0.0
1.10045,-3.90161,0.0
1.10045,-3.80157,0.0
1.10045,-3.70152,0.0
1.10045,-3.60148,0.0
1.10045,-3.50144,0.0
1.10045,-3.4014,0.0
1.10045,-3.30136,0.0
1.10045,-3.20132,0.0
1.10045,-3.10128,0.0
1.10045,-3.00124,0.0
1.10045,-2.9012,0.0
1.10045,-2.80115,0.0
1.10045,-2.70111,0.0
1.10045,-2.60107,0.0
1.10045,-2.50103,0.0
1.10045,-2.40099,0.0
1.10045,-2.30095,0.0
1.10045,-2.20091,0.0
1.10045,-2.10087,0.0
1.10045,-2.00082,0.0
1.10045,-1.90078,0.0
1.10045,-1.80074,0.0
1.10045,-1.7007,0.0
1.10045,-1.60066,0.0
1.10045,-1.50062,0.0
1.10045,-1.40058,0.0
1.10045,-1.30054,0.0
1.10045,-1.20049,0.0
1.10045,-1.10045,0.0
1.10045,-1.00041,0.0
1.10045,-0.90037,0.0
1.10045,-0.80033,0.0
1.10045,-0.70029,0.0
1.10045,-0.60025,0.0
1.10045,-0.50021,0.0
1.10045,-0.40016,0.0
1.10045,-0.30012,0.0
1.10045,-0.20008,0.0
1.10045,-0.10004,0.0
1.10045,0,0.0
1.10045,0.10004,0.0
1.10045,0.20008,0.0
1.10045,0.30012,0.0
1.10045,0.40016,0.0
1.10045,0.50021,0.0
1.10045,0.60025,0.0
1.10045,0.70029,0.0
1.10045,0.80033,0.0
1.10045,0.90037,0.0
1.10045,1.00041,0.0
1.10045,1.10045,0.0
1.10045,1.20049,0.0
1.10045,1.30054,0.0
1.10045,1.40058,0.0
1.10045,1.50062,0.0
1.10045,1.60066,0.0
1.10045,1.7007,0.0
1.10045,1.80074,0.0
1.10045,1.90078,0.0
1.10045,2.00082,0.0
1.10045,2.10087,0.0
1.10045,2.20091,0.0
1.10045,2.30095,0.0
1.10045,2.40099,0.0
1.10045,2.50103,0.0
1.10045,2.60107,0.0
1.10045,2.70111,0.0
1.10045,2.80115,0.0
1.10045,2.9012,0.0
1.10045,3.00124,0.0
1.10045,3.10128,0.0
1.10045,3.20132,0.0
1.10045,3.30136,0.0
1.10045,3.4014,0.0
1.10045,3.50144,0.0
1.10045,3.60148,0.0
1.10045,3.70152,0.0
1.10045,3.80157,0.0
1.10045,3.90161,0.0
1.10045,4.00165,0.0
1.10045,4.10169,0.0
1.10045,4.20173,0.0
1.10045,4.30177,0.0
1.10045,4.40181,0.0
1.10045,4.50185,0.0
1.10045,4.6019,0.0
1.10045,4.70194,0.0
1.10045,4.80198,0.0
1.10045,4.90202,0.0
1.10045,5.00206,0.0
1.10045,5.1021,0.0
1.10045,5.20214,0.0
1.10045,5.30218,0.0
1.10045,5.40223,0.0
1.10045,5.50227,0.0
1.10045,5.60231,0.0
1.10045,5.70235,0.0
1.10045,5.80239,0.0
1.10045,5.90243,0.0
1.10045,6.00247,0.0
1.10045,6.10251,0.0
1.10045,6.20256,0.0
1.10045,6.3026,0.0
1.10045,6.40264,0.0
1.10045,6.50268,0.0
1.10045,6.60272,0.0
1.10045,6.70276,0.0
1.10045,6.8028,0.0
1.10045,6.90284,0.0
1.10045,7.00289,0.0
1.10045,7.10293,0.0
1.10045,7.20297,0.0
1.10045,7.30301,0.0
1.10045,7.40305,0.0
1.10045,7.50309,0.0
1.10045,7.60313,0.0
1.10045,7.70317,0.0
1.10045,7.80321,0.0
1.10045,7.90326,0.0
1.10045,8.0033,0.0
1.10045,8.10334,0.0
1.10045,8.20338,0.0
1.10045,8.30342,0.0
1.10045,8.40346,0.0
1.10045,8.5035,0.0
1.10045,8.60354,0.0
1.10045,8.70359,0.0
1.10045,8.80363,0.0
1.10045,8.90367,0.0
1.10045,9.00371,0.0
1.10045,9.10375,0.0
1.10045,9.20379,0.0
1.10045,9.30383,0.0
1.10045,9.40387,0.0
1.10045,9.50392,0.0
1.10045,9.60396,0.0
1.10045,9.704,0.0
1.20049,-9.704,0.0
1.20049,-9.60396,0.0
1.20049,-9.50392,0.0
1.20049,-9.40387,0.0
1.20049,-9.30383,0.0
1.20049,-9.20379,0.0
1.20049,-9.10375,0.0
1.20049,-9.00371,0.0
1.20049,-8.90367,0.0
1.20049,-8.80363,0.0
1.20049,-8.70359,0.0
1.20049,-8.60354,0.0
1.20049,-8.5035,0.0
1.20049,-8.40346,0.0
1.20049,-8.30342,0.0
1.20049,-8.20338,0.0
1.20049,-8.10334,0.0
1.20049,-8.0033,0.0
1.20049,-7.90326,0.0
1.20049,-7.80321,0.0
1.20049,-7.70317,0.0
1.20049,-7.60313,0.0
1.20049,-7.50309,0.0
1.20049,-7.40305,0.0
1.20049,-7.30301,0.0
1.20049,-7.20297,0.0
1.20049,-7.10293,0.0
1.20049,-7.00289,0.0
1.20049,-6.90284,0.0
1.20049,-6.8028,0.0
1.20049,-6.70276,0.0
1.20049,-6.60272,0.0
1.20049,-6.50268,0.0
1.20049,-6.40264,0.0
1.20049,-6.3026,0.0
1.20049,-6.20256,0.0
1.20049,-6.10251,0.0
1.20049,-6.00247,0.0
1.20049,-5.90243,0.0
1.20049,-5.80239,0.0
1.20049,-5.70235,0.0
1.20049,-5.60231,0.0
1.20049,-5.50227,0.0
1.20049,-5.40223,0.0
1.20049,-5.30218,0.0
1.20049,-5.20214,0.0
1.20049,-5.1021,0.0
1.20049,-5.00206,0.0
1.20049,-4.90202,0.0
1.20049,-4.80198,0.0
1.20049,-4.70194,0.0
1.20049,-4.6019,0.0
1.20049,-4.50185,0.0
1.20049,-4.40181,0.0
1.20049,-4.30177,0.0
1.20049,-4.20173,0.0
1.20049,-4.10169,0.0
1.20049,-4.00165,0.0
1.20049,-3.90161,0.0
1.20049,-3.80157,0.0
1.20049,-3.70152,0.0
1.20049,-3.60148,0.0
1.20049,-3.50144,0.0
1.20049,-3.4014,0.0
1.20049,-3.30136,0.0
1.20049,-3.20132,0.0
1.20049,-3.10128,0.0
1.20049,-3.00124,0.0
1.20049,-2.9012,0.0
1.20049,-2.80115,0.0
1.20049,-2.70111,0.0
1.20049,-2.60107,0.0
1.20049,-2.50103,0.0
1.20049,-2.40099,0.0
1.20049,-2.30095,0.0
1.20049,-2.20091,0.0
1.20049,-2.10087,0.0
1.20049,-2.00082,0.0
1.20049,-1.90078,0.0
1.20049,-1.80074,0.0
1.20049,-1.7007,0.0
1.20049,-1.60066,0.0
1.20049,-1.50062,0.0
1.20049,-1.40058,0.0
1.20049,-1.30054,0.0
1.20049,-1.20049,0.0
1.20049,-1.10045,0.0
1.20049,-1.00041,0.0
1.20049,-0.90037,0.0
1.20049,-0.80033,0.0
1.20049,-0.70029,0.0
1.20049,-0.60025,0.0
1.20049,-0.50021,0.0
1.20049,-0.40016,0.0
1.20049,-0.30012,0.0
1.20049,-0.20008,0.0
1.20049,-0.10004,0.0
1.20049,0,0.0
1.20049,0.10004,0.0
1.20049,0.20008,0.0
1.20049,0.30012,0.0
1.20049,0.40016,0.0
1.20049,0.50021,0.0
1.20049,0.60025,0.0
1.20049,0.70029,0.0
1.20049,0.80033,0.0
1.20049,0.90037,0.0
1.20049,1.00041,0.0
1.20049,1.10045,0.0
1.20049,1.20049,0.0
1.20049,1.30054,0.0
1.20049,1.40058,0.0
1.20049,1.50062,0.0
1.20049,1.60066,0.0
1.20049,1.7007,0.0
1.20049,1.80074,0.0
1.20049,1.90078,0.0
1.20049,2.00082,0.0
1.20049,2.10087,0.0
1.20049,2.20091,0.0
1.20049,2.30095,0.0
1.20049,2.40099,0.0
1.20049,2.50103,0.0
1.20049,2.60107,0.0
1.20049,2.70111,0.0
1.20049,2.80115,0.0
1.20049,2.9012,0.0
1.20049,3.00124,0.0
1.20049,3.10128,0.0
1.20049,3.20132,0.0
1.20049,3.30136,0.0
1.20049,3.4014,0.0
1.20049,3.50144,0.0
1.20049,3.60148,0.0
1.20049,3.70152,0.0
1.20049,3.80157,0.0
1.20049,3.90161,0.0
1.20049,4.00165,0.0
1.20049,4.10169,0.0
1.20049,4.20173,0.0
1.20049,4.30177,0.0
1.20049,4.40181,0.0
1.20049,4.50185,0.0
1.20049,4.6019,0.0
1.20049,4.70194,0.0
1.20049,4.80198,0.0
1.20049,4.90202,0.0
1.20049,5.00206,0.0
1.20049,5.1021,0.0
1.20049,5.20214,0.0
1.20049,5.30218,0.0
1.20049,5.40223,0.0
1.20049,5.50227,0.0
1.20049,5.60231,0.0
1.20049,5.70235,0.0
1.20049,5.80239,0.0
1.20049,5.90243,0.0
1.20049,6.00247,0.0
1.20049,6.10251,0.0
1.20049,6.20256,0.0
1.20049,6.3026,0.0
1.20049,6.40264,0.0
1.20049,6.50268,0.0
1.20049,6.60272,0.0
1.20049,6.70276,0.0
1.20049,6.8028,0.0
1.20049,6.90284,0.0
1.20049,7.00289,0.0
1.20049,7.10293,0.0
1.20049,7.20297,0.0
1.20049,7.30301,0.0
1.20049,7.40305,0.0
1.20049,7.50309,0.0
1.20049,7.60313,0.0
1.20049,7.70317,0.0
1.20049,7.80321,0.0
1.20049,7.90326,0.0
1.20049,8.0033,0.0
1.20049,8.10334,0.0
1.20049,8.20338,0.0
1.20049,8.30342,0.0
1.20049,8.40346,0.0
1.20049,8.5035,0.0
1.20049,8.60354,0.0
1.20049,8.70359,0.0
1.20049,8.80363,0.0
1.20049,8.90367,0.0
1.20049,9.00371,0.0
1.20049,9.10375,0.0
1.20049,9.20379,0.0
1.20049,9.30383,0.0
1.20049,9.40387,0.0
1.20049,9.50392,0.0
1.20049,9.60396,0.0
1.20049,9.704,0.0
1.30054,-9.704,0.0
1.30054,-9.60396,0.0
1.30054,-9.50392,0.0
1.30054,-9.40387,0.0
1.30054,-9.30383,0.0
1.30054,-9.20379,0.0
1.30054,-9.10375,0.0
1.30054,-9.00371,0.0
1.30054,-8.90367,0.0
1.30054,-8.80363,0.0
1.30054,-8.70359,0.0
1.30054,-8.60354,0.0
1.30054,-8.5035,0.0
1.30054,-8.40346,0.0
1.30054,-8.30342,0.0
1.30054,-8.20338,0.0
1.30054,-8.10334,0.0
1.30054,-8.0033,0.0
1.30054,-7.90326,0.0
1.30054,-7.80321,0.0
1.30054,-7.70317,0.0
1.30054,-7.60313,0.0
1.30054,-7.50309,0.0
1.30054,-7.40305,0.0
1.30054,-7.30301,0.0
1.30054,-7.20297,0.0
1.30054,-7.10293,0.0
1.30054,-7.00289,0.0
1.30054,-6.90284,0.0
1.30054,-6.8028,0.0
1.30054,-6.70276,0.0
1.30054,-6.60272,0.0
1.30054,-6.50268,0.0
1.30054,-6.40264,0.0
1.30054,-6.3026,0.0
1.30054,-6.20256,0.0
1.30054,-6.10251,0.0
1.30054,-6.00247,0.0
1.30054,-5.90243,0.0
1.30054,-5.80239,0.0
1.30054,-5.70235,0.0
1.30054,-5.60231,0.0
1.30054,-5.50227,0.0
1.30054,-5.40223,0.0
1.30054,-5.30218,0.0
1.30054,-5.20214,0.0
1.30054,-5.1021,0.0
1.30054,-5.00206,0.0
1.30054,-4.90202,0.0
1.30054,-4.80198,0.0
1.30054,-4.70194,0.0
1.30054,-4.6019,0.0
1.30054,-4.50185,0.0
1.30054,-4.40181,0.0
1.30054,-4.30177,0.0
1.30054,-4.20173,0.0
1.30054,-4.10169,0.0
1.30054,-4.00165,0.0
1.30054,-3.90161,0.0
1.30054,-3.80157,0.0
1.30054,-3.70152,0.0
1.30054,-3.60148,0.0
1.30054,-3.50144,0.0
1.30054,-3.4014,0.0
1.30054,-3.30136,0.0
1.30054,-3.20132,0.0
1.30054,-3.10128,0.0
1.30054,-3.00124,0.0
1.30054,-2.9012,0.0
1.30054,-2.80115,0.0
1.30054,-2.70111,0.0
1.30054,-2.60107,0.0
1.30054,-2.50103,0.0
1.30054,-2.40099,0.0
1.30054,-2.30095,0.0
1.30054,-2.20091,0.0
1.30054,-2.10087,0.0
1.30054,-2.00082,0.0
1.30054,-1.90078,0.0
1.30054,-1.80074,0.0
1.30054,-1.7007,0.0
1.30054,-1.60066,0.0
1.30054,-1.50062,0.0
1.30054,-1.40058,0.0
1.30054,-1.30054,0.0
1.30054,-1.20049,0.0
1.30054,-1.10045,0.0
1.30054,-1.00041,0.0
1.30054,-0.90037,0.0
1.30054,-0.80033,0.0
1.30054,-0.70029,0.0
1.30054,-0.60025,0.0
1.30054,-0.50021,0.0
1.30054,-0.40016,0.0
1.30054,-0.30012,0.0
1.30054,-0.20008,0.0
1.30054,-0.10004,0.0
1.30054,0,0.0
1.30054,0.10004,0.0
1.30054,0.20008,0.0
1.30054,0.30012,0.0
1.30054,0.40016,0.0
1.30054,0.50021,0.0
1.30054,0.60025,0.0
1.30054,0.70029,0.0
1.30054,0.80033,0.0
1.30054,0.90037,0.0
1.30054,1.00041,0.0
1.30054,1.10045,0.0
1.30054,1.20049,0.0
1.30054,1.30054,0.0
1.30054,1.40058,0.0
1.30054,1.50062,0.0
1.30054,1.60066,0.0
1.30054,1.7007,0.0
1.30054,1.80074,0.0
1.30054,1.90078,0.0
1.30054,2.00082,0.0
1.30054,2.10087,0.0
1.30054,2.20091,0.0
1.30054,2.30095,0.0
1.30054,2.40099,0.0
1.30054,2.50103,0.0
1.30054,2.60107,0.0
1.30054,2.70111,0.0
1.30054,2.80115,0.0
1.30054,2.9012,0.0
1.30054,3.00124,0.0
1.30054,3.10128,0.0
1.30054,3.20132,0.0
1.30054,3.30136,0.0
1.30054,3.4014,0.0
1.30054,3.50144,0.0
1.30054,3.60148,0.0
1.30054,3.70152,0.0
1.30054,3.80157,0.0
1.30054,3.90161,0.0
1.30054,4.00165,0.0
1.30054,4.10169,0.0
1.30054,4.20173,0.0
1.30054,4.30177,0.0
1.30054,4.40181,0.0
1.30054,4.50185,0.0
1.30054,4.6019,0.0
1.30054,4.70194,0.0
1.30054,4.80198,0.0
1.30054,4.90202,0.0
1.30054,5.00206,0.0
1.30054,5.1021,0.0
1.30054,5.20214,0.0
1.30054,5.30218,0.0
1.30054,5.40223,0.0
1.30054,5.50227,0.0
1.30054,5.60231,0.0
1.30054,5.70235,0.0
1.30054,5.80239,0.0
1.30054,5.90243,0.0
1.30054,6.00247,0.0
1.30054,6.10251,0.0
1.30054,6.20256,0.0
1.30054,6.3026,0.0
1.30054,6.40264,0.0
1.30054,6.50268,0.0
1.30054,6.60272,0.0
1.30054,6.70276,0.0
1.30054,6.8028,0.0
1.30054,6.90284,0.0
1.30054,7.00289,0.0
1.30054,7.10293,0.0
1.30054,7.20297,0.0
1.30054,7.30301,0.0
1.30054,7.40305,0.0
1.30054,7.50309,0.0
1.30054,7.60313,0.0
1.30054,7.70317,0.0
1.30054,7.80321,0.0
1.30054,7.90326,0.0
1.30054,8.0033,0.0
1.30054,8.10334,0.0
1.30054,8.20338,0.0
1.30054,8.30342,0.0
1.30054,8.40346,0.0
1.30054,8.5035,0.0
1.30054,8.60354,0.0
1.30054,8.70359,0.0
1.30054,8.80363,0.0
1.30054,8.90367,0.0
1.30054,9.00371,0.0
1.30054,9.10375,0.0
1.30054,9.20379,0.0
1.30054,9.30383,0.0
1.30054,9.40387,0.0
1.30054,9.50392,0.0
1.30054,9.60396,0.0
1.30054,9.704,0.0
1.40058,-9.60396,0.0
1.40058,-9.50392,0.0
1.40058,-9.40387,0.0
1.40058,-9.30383,0.0
1.40058,-9.20379,0.0
1.40058,-9.10375,0.0
1.40058,-9.00371,0.0
1.40058,-8.90367,0.0
1.40058,-8.80363,0.0
1.40058,-8.70359,0.0
1.40058,-8.60354,0.0
1.40058,-8.5035,0.0
1.40058,-8.40346,0.0
1.40058,-8.30342,0.0
1.40058,-8.20338,0.0
1.40058,-8.10334,0.0
1.40058,-8.0033,0.0
1.40058,-7.90326,0.0
1.40058,-7.80321,0.0
1.40058,-7.70317,0.0
1.40058,-7.60313,0.0
1.40058,-7.50309,0.0
1.40058,-7.40305,0.0
1.40058,-7.30301,0.0
1.40058,-7.20297,0.0
1.40058,-7.10293,0.0
1.40058,-7.00289,0.0
1.40058,-6.90284,0.0
1.40058,-6.8028,0.0
1.40058,-6.70276,0.0
1.40058,-6.60272,0.0
1.40058,-6.50268,0.0
1.40058,-6.40264,0.0
1.40058,-6.3026,0.0
1.40058,-6.20256,0.0
1.40058,-6.10251,0.0
1.40058,-6.00247,0.0
1.40058,-5.90243,0.0
1.40058,-5.80239,0.0
1.40058,-5.70235,0.0
1.40058,-5.60231,0.0
1.40058,-5.50227,0.0
1.40058,-5.40223,0.0
1.40058,-5.30218,0.0
1.40058,-5.20214,0.0
1.40058,-5.1021,0.0
1.40058,-5.00206,0.0
1.40058,-4.90202,0.0
1.40058,-4.80198,0.0
1.40058,-4.70194,0.0
1.40058,-4.6019,0.0
1.40058,-4.50185,0.0
1.40058,-4.40181,0.0
1.40058,-4.30177,0.0
1.40058,-4.20173,0.0
1.40058,-4.10169,0.0
1.40058,-4.00165,0.0
1.40058,-3.90161,0.0
1.40058,-3.80157,0.0
1.40058,-3.70152,0.0
1.40058,-3.60148,0.0
1.40058,-3.50144,0.0
1.40058,-3.4014,0.0
1.40058,-3.30136,0.0
1.40058,-3.20132,0.0
1.40058,-3.10128,0.0
1.40058,-3.00124,0.0
1.40058,-2.9012,0.0
1.40058,-2.80115,0.0
1.40058,-2.70111,0.0
1.40058,-2.60107,0.0
1.40058,-2.50103,0.0
1.40058,-2.40099,0.0
1.40058,-2.30095,0.0
1.40058,-2.20091,0.0
1.40058,-2.10087,0.0
1.40058,-2.00082,0.0
1.40058,-1.90078,0.0
1.40058,-1.80074,0.0
1.40058,-1.7007,0.0
1.40058,-1.60066,0.0
1.40058,-1.50062,0.0
1.40058,-1.40058,0.0
1.40058,-1.30054,0.0
1.40058,-1.20049,0.0
1.40058,-1.10045,0.0
1.40058,-1.00041,0.0
1.40058,-0.90037,0.0
1.40058,-0.80033,0.0
1.40058,-0.70029,0.0
1.40058,-0.60025,0.0
1.40058,-0.50021,0.0
1.40058,-0.40016,0.0
1.40058,-0.30012,0.0
1.40058,-0.20008,0.0
1.40058,-0.10004,0.0
1.40058,0,0.0
1.40058,0.10004,0.0
1.40058,0.20008,0.0
1.40058,0.30012,0.0
1.40058,0.40016,0.0
1.40058,0.50021,0.0
1.40058,0.60025,0.0
1.40058,0.70029,0.0
1.40058,0.80033,0.0
1.40058,0.90037,0.0
1.40058,1.00041,0.0
1.40058,1.10045,0.0
1.40058,1.20049,0.0
1.40058,1.30054,0.0
1.40058,1.40058,0.0
1.40058,1.50062,0.0
1.40058,1.60066,0.0
1.40058,1.7007,0.0
1.40058,1.80074,0.0
1.40058,1.90078,0.0
1.40058,2.00082,0.0
1.40058,2.10087,0.0
1.40058,2.20091,0.0
1.40058,2.30095,0.0
1.40058,2.40099,0.0
1.40058,2.50103,0.0
1.40058,2.60107,0.0
1.40058,2.70111,0.0
1.40058,2.80115,0.0
1.40058,2.9012,0.0
1.40058,3.00124,0.0
1.40058,3.10128,0.0
1.40058,3.20132,0.0
1.40058,3.30136,0.0
1.40058,3.4014,0.0
1.40058,3.50144,0.0
1.40058,3.60148,0.0
1.40058,3.70152,0.0
1.40058,3.80157,0.0
1.40058,3.90161,0.0
1.40058,4.00165,0.0
1.40058,4.10169,0.0
1.40058,4.20173,0.0
1.40058,4.30177,0.0
1.40058,4.40181,0.0
1.40058,4.50185,0.0
1.40058,4.6019,0.0
1.40058,4.70194,0.0
1.40058,4.80198,0.0
1.40058,4.90202,0.0
1.40058,5.00206,0.0
1.40058,5.1021,0.0
1.40058,5.20214,0.0
1.40058,5.30218,0.0
1.40058,5.40223,0.0
1.40058,5.50227,0.0
1.40058,5.60231,0.0
1.40058,5.70235,0.0
1.40058,5.80239,0.0
1.40058,5.90243,0.0
1.40058,6.00247,0.0
1.40058,6.10251,0.0
1.40058,6.20256,0.0
1.40058,6.3026,0.0
1.40058,6.40264,0.0
1.40058,6.50268,0.0
1.40058,6.60272,0.0
1.40058,6.70276,0.0
1.40058,6.8028,0.0
1.40058,6.90284,0.0
1.40058,7.00289,0.0
1.40058,7.10293,0.0
1.40058,7.20297,0.0
1.40058,7.30301,0.0
1.40058,7.40305,0.0
1.40058,7.50309,0.0
1.40058,7.60313,0.0
1.40058,7.70317,0.0
1.40058,7.80321,0.0
1.40058,7.90326,0.0
1.40058,8.0033,0.0
1.40058,8.10334,0.0
1.40058,8.20338,0.0
1.40058,8.30342,0.0
1.40058,8.40346,0.0
1.40058,8.5035,0.0
1.40058,8.60354,0.0
1.40058,8.70359,0.0
1.40058,8.80363,0.0
1.40058,8.90367,0.0
1.40058,9.00371,0.0
1.40058,9.10375,0.0
1.40058,9.20379,0.0
1.40058,9.30383,0.0
1.40058,9.40387,0.0
1.40058,9.50392,0.0
1.40058,9.60396,0.0
1.50062,-9.60396,0.0
1.50062,-9.50392,0.0
1.50062,-9.40387,0.0
1.50062,-9.30383,0.0
1.50062,-9.20379,0.0
1.50062,-9.10375,0.0
1.50062,-9.00371,0.0
1.50062,-8.90367,0.0
1.50062,-8.80363,0.0
1.50062,-8.70359,0.0
1.50062,-8.60354,0.0
1.50062,-8.5035,0.0
1.50062,-8.40346,0.0
1.50062,-8.30342,0.0
1.50062,-8.20338,0.0
1.50062,-8.10334,0.0
1.50062,-8.0033,0.0
1.50062,-7.90326,0.0
1.50062,-7.80321,0.0
1.50062,-7.70317,0.0
1.50062,-7.60313,0.0
1.50062,-7.50309,0.0
1.50062,-7.40305,0.0
1.50062,-7.30301,0.0
1.50062,-7.20297,0.0
1.50062,-7.10293,0.0
1.50062,-7.00289,0.0
1.50062,-6.90284,0.0
1.50062,-6.8028,0.0
1.50062,-6.70276,0.0
1.50062,-6.60272,0.0
1.50062,-6.50268,0.0
1.50062,-6.40264,0.0
1.50062,-6.3026,0.0
1.50062,-6.20256,0.0
1.50062,-6.10251,0.0
1.50062,-6.00247,0.0
1.50062,-5.90243,0.0
1.50062,-5.80239,0.0
1.50062,-5.70235,0.0
1.50062,-5.60231,0.0
1.50062,-5.50227,0.0
1.50062,-5.40223,0.0
1.50062,-5.30218,0.0
1.50062,-5.20214,0.0
1.50062,-5.1021,0.0
1.50062,-5.00206,0.0
1.50062,-4.90202,0.0
1.50062,-4.80198,0.0
1.50062,-4.70194,0.0
1.50062,-4.6019,0.0
1.50062,-4.50185,0.0
1.50062,-4.40181,0.0
1.50062,-4.30177,0.0
1.50062,-4.20173,0.0
1.50062,-4.10169,0.0
1.50062,-4.00165,0.0
1.50062,-3.90161,0.0
1.50062,-3.80157,0.0
1.50062,-3.70152,0.0
1.50062,-3.60148,0.0
1.50062,-3.50144,0.0
1.50062,-3.4014,0.0
1.50062,-3.30136,0.0
1.50062,-3.20132,0.0
1.50062,-3.10128,0.0
1.50062,-3.00124,0.0
1.50062,-2.9012,0.0
1.50062,-2.80115,0.0
1.50062,-2.70111,0.0
1.50062,-2.60107,0.0
1.50062,-2.50103,0.0
1.50062,-2.40099,0.0
1.50062,-2.30095,0.0
1.50062,-2.20091,0.0
1.50062,-2.10087,0.0
1.50062,-2.00082,0.0
1.50062,-1.90078,0.0
1.50062,-1.80074,0.0
1.50062,-1.7007,0.0
1.50062,-1.60066,0.0
1.50062,-1.50062,0.0
1.50062,-1.40058,0.0
1.50062,-1.30054,0.0
1.50062,-1.20049,0.0
1.50062,-1.10045,0.0
1.50062,-1.00041,0.0
1.50062,-0.90037,0.0
1.50062,-0.80033,0.0
1.50062,-0.70029,0.0
1.50062,-0.60025,0.0
1.50062,-0.50021,0.0
1.50062,-0.40016,0.0
1.50062,-0.30012,0.0
1.50062,-0.20008,0.0
1.50062,-0.10004,0.0
1.50062,0,0.0
1.50062,0.10004,0.0
1.50062,0.20008,0.0
1.50062,0.30012,0.0
1.50062,0.40016,0.0
1.50062,0.50021,0.0
1.50062,0.60025,0.0
1.50062,0.70029,0.0
1.50062,0.80033,0.0
1.50062,0.90037,0.0
1.50062,1.00041,0.0
1.50062,1.10045,0.0
1.50062,1.20049,0.0
1.50062,1.30054,0.0
1.50062,1.40058,0.0
1.50062,1.50062,0.0
1.50062,1.60066,0.0
1.50062,1.7007,0.0
1.50062,1.80074,0.0
1.50062,1.90078,0.0
1.50062,2.00082,0.0
1.50062,2.10087,0.0
1.50062,2.20091,0.0
1.50062,2.30095,0.0
1.50062,2.40099,0.0
1.50062,2.50103,0.0
1.50062,2.60107,0.0
1.50062,2.70111,0.0
1.50062,2.80115,0.0
1.50062,2.9012,0.0
1.50062,3.00124,0.0
1.50062,3.10128,0.0
1.50062,3.20132,0.0
1.50062,3.30136,0.0
1.50062,3.4014,0.0
1.50062,3.50144,0.0
1.50062,3.60148,0.0
1.50062,3.70152,0.0
1.50062,3.80157,0.0
1.50062,3.90161,0.0
1.50062,4.00165,0.0
1.50062,4.10169,0.0
1.50062,4.20173,0.0
1.50062,4.30177,0.0
1.50062,4.40181,0.0
1.50062,4.50185,0.0
1.50062,4.6019,0.0
1.50062,4.70194,0.0
1.50062,4.80198,0.0
1.50062,4.90202,0.0
1.50062,5.00206,0.0
1.50062,5.1021,0.0
1.50062,5.20214,0.0
1.50062,5.30218,0.0
1.50062,5.40223,0.0
1.50062,5.50227,0.0
1.50062,5.60231,0.0
1.50062,5.70235,0.0
1.50062,5.80239,0.0
1.50062,5.90243,0.0
1.50062,6.00247,0.0
1.50062,6.10251,0.0
1.50062,6.20256,0.0
1.50062,6.3026,0.0
1.50062,6.40264,0.0
1.50062,6.50268,0.0
1.50062,6.60272,0.0
1.50062,6.70276,0.0
1.50062,6.8028,0.0
1.50062,6.90284,0.0
1.50062,7.00289,0.0
1.50062,7.10293,0.0
1.50062,7.20297,0.0
1.50062,7.30301,0.0
1.50062,7.40305,0.0
1.50062,7.50309,0.0
1.50062,7.60313,0.0
1.50062,7.70317,0.0
1.50062,7.80321,0.0
1.50062,7.90326,0.0
1.50062,8.0033,0.0
1.50062,8.10334,0.0
1.50062,8.20338,0.0
1.50062,8.30342,0.0
1.50062,8.40346,0.0
1.50062,8.5035,0.0
1.50062,8.60354,0.0
1.50062,8.70359,0.0
1.50062,8.80363,0.0
1.50062,8.90367,0.0
1.50062,9.00371,0.0
1.50062,9.10375,0.0
1.50062,9.20379,0.0
1.50062,9.30383,0.0
1.50062,9.40387,0.0
1.50062,9.50392,0.0
1.50062,9.60396,0.0
1.60066,-9.60396,0.0
1.60066,-9.50392,0.0
1.60066,-9.40387,0.0
1.60066,-9.30383,0.0
1.60066,-9.20379,0.0
1.60066,-9.10375,0.0
1.60066,-9.00371,0.0
1.60066,-8.90367,0.0
1.60066,-8.80363,0.0
1.60066,-8.70359,0.0
1.60066,-8.60354,0.0
1.60066,-8.5035,0.0
1.60066,-8.40346,0.0
1.60066,-8.30342,0.0
1.60066,-8.20338,0.0
1.60066,-8.10334,0.0
1.60066,-8.0033,0.0
1.60066,-7.90326,0.0
1.60066,-7.80321,0.0
1.60066,-7.70317,0.0
1.60066,-7.60313,0.0
1.60066,-7.50309,0.0
1.60066,-7.40305,0.0
1.60066,-7.30301,0.0
1.60066,-7.20297,0.0
1.60066,-7.10293,0.0
1.60066,-7.00289,0.0
1.60066,-6.90284,0.0
1.60066,-6.8028,0.0
1.60066,-6.70276,0.0
1.60066,-6.60272,0.0
1.60066,-6.50268,0.0
1.60066,-6.40264,0.0
1.60066,-6.3026,0.0
1.60066,-6.20256,0.0
1.60066,-6.10251,0.0
1.60066,-6.00247,0.0
1.60066,-5.90243,0.0
1.60066,-5.80239,0.0
1.60066,-5.70235,0.0
1.60066,-5.60231,0.0
1.60066,-5.50227,0.0
1.60066,-5.40223,0.0
1.60066,-5.30218,0.0
1.60066,-5.20214,0.0
1.60066,-5.1021,0.0
1.60066,-5.00206,0.0
1.60066,-4.90202,0.0
1.60066,-4.80198,0.0
1.60066,-4.70194,0.0
1.60066,-4.6019,0.0
1.60066,-4.50185,0.0
1.60066,-4.40181,0.0
1.60066,-4.30177,0.0
1.60066,-4.20173,0.0
1.60066,-4.10169,0.0
1.60066,-4.00165,0.0
1.60066,-3.90161,0.0
1.60066,-3.80157,0.0
1.60066,-3.70152,0.0
1.60066,-3.60148,0.0
1.60066,-3.50144,0.0
1.60066,-3.4014,0.0
1.60066,-3.30136,0.0
1.60066,-3.20132,0.0
1.60066,-3.10128,0.0
1.60066,-3.00124,0.0
1.60066,-2.9012,0.0
1.60066,-2.80115,0.0
1.60066,-2.70111,0.0
1.60066,-2.60107,0.0
1.60066,-2.50103,0.0
1.60066,-2.40099,0.0
1.60066,-2.30095,0.0
1.60066,-2.20091,0.0
1.60066,-2.10087,0.0
1.60066,-2.00082,0.0
1.60066,-1.90078,0.0
1.60066,-1.80074,0.0
1.60066,-1.7007,0.0
1.60066,-1.60066,0.0
1.60066,-1.50062,0.0
1.60066,-1.40058,0.0
1.60066,-1.30054,0.0
1.60066,-1.20049,0.0
1.60066,-1.10045,0.0
1.60066,-1.00041,0.0
1.60066,-0.90037,0.0
1.60066,-0.80033,0.0
1.60066,-0.70029,0.0
1.60066,-0.60025,0.0
1.60066,-0.50021,0.0
1.60066,-0.40016,0.0
1.60066,-0.30012,0.0
1.60066,-0.20008,0.0
1.60066,-0.10004,0.0
1.60066,0,0.0
1.60066,0.10004,0.0
1.60066,0.20008,0.0
1.60066,0.30012,0.0
1.60066,0.40016,0.0
1.60066,0.50021,0.0
1.60066,0.60025,0.0
1.60066,0.70029,0.0
1.60066,0.80033,0.0
1.60066,0.90037,0.0
1.60066,1.00041,0.0
1.60066,1.10045,0.0
1.60066,1.20049,0.0
1.60066,1.30054,0.0
1.60066,1.40058,0.0
1.60066,1.50062,0.0
1.60066,1.60066,0.0
1.60066,1.7007,0.0
1.60066,1.80074,0.0
1.60066,1.90078,0.0
1.60066,2.00082,0.0
1.60066,2.10087,0.0
1.60066,2.20091,0.0
1.60066,2.30095,0.0
1.60066,2.40099,0.0
1.60066,2.50103,0.0
1.60066,2.60107,0.0
1.60066,2.70111,0.0
1.60066,2.80115,0.0
1.60066,2.9012,0.0
1.60066,3.00124,0.0
1.60066,3.10128,0.0
1.60066,3.20132,0.0
1.60066,3.30136,0.0
1.60066,3.4014,0.0
1.60066,3.50144,0.0
1.60066,3.60148,0.0
1.60066,3.70152,0.0
1.60066,3.80157,0.0
1.60066,3.90161,0.0
1.60066,4.00165,0.0
1.60066,4.10169,0.0
1.60066,4.20173,0.0
1.60066,4.30177,0.0
1.60066,4.40181,0.0
1.60066,4.50185,0.0
1.60066,4.6019,0.0
1.60066,4.70194,0.0
1.60066,4.80198,0.0
1.60066,4.90202,0.0
1.60066,5.00206,0.0
1.60066,5.1021,0.0
1.60066,5.20214,0.0
1.60066,5.30218,0.0
1.60066,5.40223,0.0
1.60066,5.50227,0.0
1.60066,5.60231,0.0
1.60066,5.70235,0.0
1.60066,5.80239,0.0
1.60066,5.90243,0.0
1.60066,6.00247,0.0
1.60066,6.10251,0.0
1.60066,6.20256,0.0
1.60066,6.3026,0.0
1.60066,6.40264,0.0
1.60066,6.50268,0.0
1.60066,6.60272,0.0
1.60066,6.70276,0.0
1.60066,6.8028,0.0
1.60066,6.90284,0.0
1.60066,7.00289,0.0
1.60066,7.10293,0.0
1.60066,7.20297,0.0
1.60066,7.30301,0.0
1.60066,7.40305,0.0
1.60066,7.50309,0.0
1.60066,7.60313,0.0
1.60066,7.70317,0.0
1.60066,7.80321,0.0
1.60066,7.90326,0.0
1.60066,8.0033,0.0
1.60066,8.10334,0.0
1.60066,8.20338,0.0
1.60066,8.30342,0.0
1.60066,8.40346,0.0
1.60066,8.5035,0.0
1.60066,8.60354,0.0
1.60066,8.70359,0.0
1.60066,8.80363,0.0
1.60066,8.90367,0.0
1.60066,9.00371,0.0
1.60066,9.10375,0.0
1.60066,9.20379,0.0
1.60066,9.30383,0.0
1.60066,9.40387,0.0
1.60066,9.50392,0.0
1.60066,9.60396,0.0
1.7007,-9.60396,0.0
1.7007,-9.50392,0.0
1.7007,-9.40387,0.0
1.7007,-9.30383,0.0
1.7007,-9.20379,0.0
1.7007,-9.10375,0.0
1.7007,-9.00371,0.0
1.7007,-8.90367,0.0
1.7007,-8.80363,0.0
1.7007,-8.70359,0.0
1.7007,-8.60354,0.0
1.7007,-8.5035,0.0
1.7007,-8.40346,0.0
1.7007,-8.30342,0.0
1.7007,-8.20338,0.0
1.7007,-8.10334,0.0
1.7007,-8.0033,0.0
1.7007,-7.90326,0.0
1.7007,-7.80321,0.0
1.7007,-7.70317,0.0
1.7007,-7.60313,0.0
1.7007,-7.50309,0.0
1.7007,-7.40305,0.0
1.7007,-7.30301,0.0
1.7007,-7.20297,0.0
1.7007,-7.10293,0.0
1.7007,-7.00289,0.0
1.7007,-6.90284,0.0
1.7007,-6.8028,0.0
1.7007,-6.70276,0.0
1.7007,-6.60272,0.0
1.7007,-6.50268,0.0
1.7007,-6.40264,0.0
1.7007,-6.3026,0.0
1.7007,-6.20256,0.0
1.7007,-6.10251,0.0
1.7007,-6.00247,0.0
1.7007,-5.90243,0.0
1.7007,-5.80239,0.0
1.7007,-5.70235,0.0
1.7007,-5.60231,0.0
1.7007,-5.50227,0.0
1.7007,-5.40223,0.0
1.7007,-5.30218,0.0
1.7007,-5.20214,0.0
1.7007,-5.1021,0.0
1.7007,-5.00206,0.0
1.7007,-4.90202,0.0
1.7007,-4.80198,0.0
1.7007,-4.70194,0.0
1.7007,-4.6019,0.0
1.7007,-4.50185,0.0
1.7007,-4.40181,0.0
1.7007,-4.30177,0.0
1.7007,-4.20173,0.0
1.7007,-4.10169,0.0
1.7007,-4.00165,0.0
1.7007,-3.90161,0.0
1.7007,-3.80157,0.0
1.7007,-3.70152,0.0
1.7007,-3.60148,0.0
1.7007,-3.50144,0.0
1.7007,-3.4014,0.0
1.7007,-3.30136,0.0
1.7007,-3.20132,0.0
1.7007,-3.10128,0.0
1.7007,-3.00124,0.0
1.7007,-2.9012,0.0
1.7007,-2.80115,0.0
1.7007,-2.70111,0.0
1.7007,-2.60107,0.0
1.7007,-2.50103,0.0
1.7007,-2.40099,0.0
1.7007,-2.30095,0.0
1.7007,-2.20091,0.0
1.7007,-2.10087,0.0
1.7007,-2.00082,0.0
1.7007,-1.90078,0.0
1.7007,-1.80074,0.0
1.7007,-1.7007,0.0
1.7007,-1.60066,0.0
1.7007,-1.50062,0.0
1.7007,-1.40058,0.0
1.7007,-1.30054,0.0
1.7007,-1.20049,0.0
1.7007,-1.10045,0.0
1.7007,-1.00041,0.0
1.7007,-0.90037,0.0
1.7007,-0.80033,0.0
1.7007,-0.70029,0.0
1.7007,-0.60025,0.0
1.7007,-0.50021,0.0
1.7007,-0.40016,0.0
1.7007,-0.30012,0.0
1.7007,-0.20008,0.0
1.7007,-0.10004,0.0
1.7007,0,0.0
1.7007,0.10004,0.0
1.7007,0.20008,0.0
1.7007,0.30012,0.0
1.7007,0.40016,0.0
1.7007,0.50021,0.0
1.7007,0.60025,0.0
1.7007,0.70029,0.0
1.7007,0.80033,0.0
1.7007,0.90037,0.0
1.7007,1.00041,0.0
1.7007,1.10045,0.0
1.7007,1.20049,0.0
1.7007,1.30054,0.0
1.7007,1.40058,0.0
1.7007,1.50062,0.0
1.7007,1.60066,0.0
1.7007,1.7007,0.0
1.7007,1.80074,0.0
1.7007,1.90078,0.0
1.7007,2.00082,0.0
1.7007,2.10087,0.0
1.7007,2.20091,0.0
1.7007,2.30095,0.0
1.7007,2.40099,0.0
1.7007,2.50103,0.0
1.7007,2.60107,0.0
1.7007,2.70111,0.0
1.7007,2.80115,0.0
1.7007,2.9012,0.0
1.7007,3.00124,0.0
1.7007,3.10128,0.0
1.7007,3.20132,0.0
1.7007,3.30136,0.0
1.7007,3.4014,0.0
1.7007,3.50144,0.0
1.7007,3.60148,0.0
1.7007,3.70152,0.0
1.7007,3.80157,0.0
1.7007,3.90161,0.0
1.7007,4.00165,0.0
1.7007,4.10169,0.0
1.7007,4.20173,0.0
1.7007,4.30177,0.0
1.7007,4.40181,0.0
1.7007,4.50185,0.0
1.7007,4.6019,0.0
1.7007,4.70194,0.0
1.7007,4.80198,0.0
1.7007,4.90202,0.0
1.7007,5.00206,0.0
1.7007,5.1021,0.0
1.7007,5.20214,0.0
1.7007,5.30218,0.0
1.7007,5.40223,0.0
1.7007,5.50227,0.0
1.7007,5.60231,0.0
1.7007,5.70235,0.0
1.7007,5.80239,0.0
1.7007,5.90243,0.0
1.7007,6.00247,0.0
1.7007,6.10251,0.0
1.7007,6.20256,0.0
1.7007,6.3026,0.0
1.7007,6.40264,0.0
1.7007,6.50268,0.0
1.7007,6.60272,0.0
1.7007,6.70276,0.0
1.7007,6.8028,0.0
1.7007,6.90284,0.0
1.7007,7.00289,0.0
1.7007,7.10293,0.0
1.7007,7.20297,0.0
1.7007,7.30301,0.0
1.7007,7.40305,0.0
1.7007,7.50309,0.0
1.7007,7.60313,0.0
1.7007,7.70317,0.0
1.7007,7.80321,0.0
1.7007,7.90326,0.0
1.7007,8.0033,0.0
1.7007,8.10334,0.0
1.7007,8.20338,0.0
1.7007,8.30342,0.0
1.7007,8.40346,0.0
1.7007,8.5035,0.0
1.7007,8.60354,0.0
1.7007,8.70359,0.0
1.7007,8.80363,0.0
1.7007,8.90367,0.0
1.7007,9.00371,0.0
1.7007,9.10375,0.0
1.7007,9.20379,0.0
1.7007,9.30383,0.0
1.7007,9.40387,0.0
1.7007,9.50392,0.0
1.7007,9.60396,0.0
1.80074,-9.60396,0.0
1.80074,-9.50392,0.0
1.80074,-9.40387,0.0
1.80074,-9.30383,0.0
1.80074,-9.20379,0.0
1.80074,-9.10375,0.0
1.80074,-9.00371,0.0
1.80074,-8.90367,0.0
1.80074,-8.80363,0.0
1.80074,-8.70359,0.0
1.80074,-8.60354,0.0
1.80074,-8.5035,0.0
1.80074,-8.40346,0.0
1.80074,-8.30342,0.0
1.80074,-8.20338,0.0
1.80074,-8.10334,0.0
1.80074,-8.0033,0.0
1.80074,-7.90326,0.0
1.80074,-7.80321,0.0
1.80074,-7.70317,0.0
1.80074,-7.60313,0.0
1.80074,-7.50309,0.0
1.80074,-7.40305,0.0
1.80074,-7.30301,0.0
1.80074,-7.20297,0.0
1.80074,-7.10293,0.0
1.80074,-7.00289,0.0
1.80074,-6.90284,0.0
1.80074,-6.8028,0.0
1.80074,-6.70276,0.0
1.80074,-6.60272,0.0
1.80074,-6.50268,0.0
1.80074,-6.40264,0.0
1.80074,-6.3026,0.0
1.80074,-6.20256,0.0
1.80074,-6.10251,0.0
1.80074,-6.00247,0.0
1.80074,-5.90243,0.0
1.80074,-5.80239,0.0
1.80074,-5.70235,0.0
1.80074,-5.60231,0.0
1.80074,-5.50227,0.0
1.80074,-5.40223,0.0
1.80074,-5.30218,0.0
1.80074,-5.20214,0.0
1.80074,-5.1021,0.0
1.80074,-5.00206,0.0
1.80074,-4.90202,0.0
1.80074,-4.80198,0.0
1.80074,-4.70194,0.0
1.80074,-4.6019,0.0
1.80074,-4.50185,0.0
1.80074,-4.40181,0.0
1.80074,-4.30177,0.0
1.80074,-4.20173,0.0
1.80074,-4.10169,0.0
1.80074,-4.00165,0.0
1.80074,-3.90161,0.0
1.80074,-3.80157,0.0
1.80074,-3.70152,0.0
1.80074,-3.60148,0.0
1.80074,-3.50144,0.0
1.80074,-3.4014,0.0
1.80074,-3.30136,0.0
1.80074,-3.20132,0.0
1.80074,-3.10128,0.0
1.80074,-3.00124,0.0
1.80074,-2.9012,0.0
1.80074,-2.80115,0.0
1.80074,-2.70111,0.0
1.80074,-2.60107,0.0
1.80074,-2.50103,0.0
1.80074,-2.40099,0.0
1.80074,-2.30095,0.0
1.80074,-2.20091,0.0
1.80074,-2.10087,0.0
1.80074,-2.00082,0.0
1.80074,-1.90078,0.0
1.80074,-1.80074,0.0
1.80074,-1.7007,0.0
1.80074,-1.60066,0.0
1.80074,-1.50062,0.0
1.80074,-1.40058,0.0
1.80074,-1.30054,0.0
1.80074,-1.20049,0.0
1.80074,-1.10045,0.0
1.80074,-1.00041,0.0
1.80074,-0.90037,0.0
1.80074,-0.80033,0.0
1.80074,-0.70029,0.0
1.80074,-0.60025,0.0
1.80074,-0.50021,0.0
1.80074,-0.40016,0.0
1.80074,-0.30012,0.0
1.80074,-0.20008,0.0
1.80074,-0.10004,0.0
1.80074,0,0.0
1.80074,0.10004,0.0
1.80074,0.20008,0.0
1.80074,0.30012,0.0
1.80074,0.40016,0.0
1.80074,0.50021,0.0
1.80074,0.60025,0.0
1.80074,0.70029,0.0
1.80074,0.80033,0.0
1.80074,0.90037,0.0
1.80074,1.00041,0.0
1.80074,1.10045,0.0
1.80074,1.20049,0.0
1.80074,1.30054,0.0
1.80074,1.40058,0.0
1.80074,1.50062,0.0
1.80074,1.60066,0.0
1.80074,1.7007,0.0
1.80074,1.80074,0.0
1.80074,1.90078,0.0
1.80074,2.00082,0.0
1.80074,2.10087,0.0
1.80074,2.20091,0.0
1.80074,2.30095,0.0
1.80074,2.40099,0.0
1.80074,2.50103,0.0
1.80074,2.60107,0.0
1.80074,2.70111,0.0
1.80074,2.80115,0.0
1.80074,2.9012,0.0
1.80074,3.00124,0.0
1.80074,3.10128,0.0
1.80074,3.20132,0.0
1.80074,3.30136,0.0
1.80074,3.4014,0.0
1.80074,3.50144,0.0
1.80074,3.60148,0.0
1.80074,3.70152,0.0
1.80074,3.80157,0.0
1.80074,3.90161,0.0
1.80074,4.00165,0.0
1.80074,4.10169,0.0
1.80074,4.20173,0.0
1.80074,4.30177,0.0
1.80074,4.40181,0.0
1.80074,4.50185,0.0
1.80074,4.6019,0.0
1.80074,4.70194,0.0
1.80074,4.80198,0.0
1.80074,4.90202,0.0
1.80074,5.00206,0.0
1.80074,5.1021,0.0
1.80074,5.20214,0.0
1.80074,5.30218,0.0
1.80074,5.40223,0.0
1.80074,5.50227,0.0
1.80074,5.60231,0.0
1.80074,5.70235,0.0
1.80074,5.80239,0.0
1.80074,5.90243,0.0
1.80074,6.00247,0.0
1.80074,6.10251,0.0
1.80074,6.20256,0.0
1.80074,6.3026,0.0
1.80074,6.40264,0.0
1.80074,6.50268,0.0
1.80074,6.60272,0.0
1.80074,6.70276,0.0
1.80074,6.8028,0.0
1.80074,6.90284,0.0
1.80074,7.00289,0.0
1.80074,7.10293,0.0
1.80074,7.20297,0.0
1.80074,7.30301,0.0
1.80074,7.40305,0.0
1.80074,7.50309,0.0
1.80074,7.60313,0.0
1.80074,7.70317,0.0
1.80074,7.80321,0.0
1.80074,7.90326,0.0
1.80074,8.0033,0.0
1.80074,8.10334,0.0
1.80074,8.20338,0.0
1.80074,8.30342,0.0
1.80074,8.40346,0.0
1.80074,8.5035,0.0
1.80074,8.60354,0.0
1.80074,8.70359,0.0
1.80074,8.80363,0.0
1.80074,8.90367,0.0
1.80074,9.00371,0.0
1.80074,9.10375,0.0
1.80074,9.20379,0.0
1.80074,9.30383,0.0
1.80074,9.40387,0.0
1.80074,9.50392,0.0
1.80074,9.60396,0.0
1.90078,-9.60396,0.0
1.90078,-9.50392,0.0
1.90078,-9.40387,0.0
1.90078,-9.30383,0.0
1.90078,-9.20379,0.0
1.90078,-9.10375,0.0
1.90078,-9.00371,0.0
1.90078,-8.90367,0.0
1.90078,-8.80363,0.0
1.90078,-8.70359,0.0
1.90078,-8.60354,0.0
1.90078,-8.5035,0.0
1.90078,-8.40346,0.0
1.90078,-8.30342,0.0
1.90078,-8.20338,0.0
1.90078,-8.10334,0.0
1.90078,-8.0033,0.0
1.90078,-7.90326,0.0
1.90078,-7.80321,0.0
1.90078,-7.70317,0.0
1.90078,-7.60313,0.0
1.90078,-7.50309,0.0
1.90078,-7.40305,0.0
1.90078,-7.30301,0.0
1.90078,-7.20297,0.0
1.90078,-7.10293,0.0
1.90078,-7.00289,0.0
1.90078,-6.90284,0.0
1.90078,-6.8028,0.0
1.90078,-6.70276,0.0
1.90078,-6.60272,0.0
1.90078,-6.50268,0.0
1.90078,-6.40264,0.0
1.90078,-6.3026,0.0
1.90078,-6.20256,0.0
1.90078,-6.10251,0.0
1.90078,-6.00247,0.0
1.90078,-5.90243,0.0
1.90078,-5.80239,0.0
1.90078,-5.70235,0.0
1.90078,-5.60231,0.0
1.90078,-5.50227,0.0
1.90078,-5.40223,0.0
1.90078,-5.30218,0.0
1.90078,-5.20214,0.0
1.90078,-5.1021,0.0
1.90078,-5.00206,0.0
1.90078,-4.90202,0.0
1.90078,-4.80198,0.0
1.90078,-4.70194,0.0
1.90078,-4.6019,0.0
1.90078,-4.50185,0.0
1.90078,-4.40181,0.0
1.90078,-4.30177,0.0
1.90078,-4.20173,0.0
1.90078,-4.10169,0.0
1.90078,-4.00165,0.0
1.90078,-3.90161,0.0
1.90078,-3.80157,0.0
1.90078,-3.70152,0.0
1.90078,-3.60148,0.0
1.90078,-3.50144,0.0
1.90078,-3.4014,0.0
1.90078,-3.30136,0.0
1.90078,-3.20132,0.0
1.90078,-3.10128,0.0
1.90078,-3.00124,0.0
1.90078,-2.9012,0.0
1.90078,-2.80115,0.0
1.90078,-2.70111,0.0
1.90078,-2.60107,0.0
1.90078,-2.50103,0.0
1.90078,-2.40099,0.0
1.90078,-2.30095,0.0
1.90078,-2.20091,0.0
1.90078,-2.10087,0.0
1.90078,-2.00082,0.0
1.90078,-1.90078,0.0
1.90078,-1.80074,0.0
1.90078,-1.7007,0.0
1.90078,-1.60066,0.0
1.90078,-1.50062,0.0
1.90078,-1.40058,0.0
1.90078,-1.30054,0.0
1.90078,-1.20049,0.0
1.90078,-1.10045,0.0
1.90078,-1.00041,0.0
1.90078,-0.90037,0.0
1.90078,-0.80033,0.0
1.90078,-0.70029,0.0
1.90078,-0.60025,0.0
1.90078,-0.50021,0.0
1.90078,-0.40016,0.0
1.90078,-0.30012,0.0
1.90078,-0.20008,0.0
1.90078,-0.10004,0.0
1.90078,0,0.0
1.90078,0.10004,0.0
1.90078,0.20008,0.0
1.90078,0.30012,0.0
1.90078,0.40016,0.0
1.90078,0.50021,0.0
1.90078,0.60025,0.0
1.90078,0.70029,0.0
1.90078,0.80033,0.0
1.90078,0.90037,0.0
1.90078,1.00041,0.0
1.90078,1.10045,0.0
1.90078,1.20049,0.0
1.90078,1.30054,0.0
1.90078,1.40058,0.0
1.90078,1.50062,0.0
1.90078,1.60066,0.0
1.90078,1.7007,0.0
1.90078,1.80074,0.0
1.90078,1.90078,0.0
1.90078,2.00082,0.0
1.90078,2.10087,0.0
1.90078,2.20091,0.0
1.90078,2.30095,0.0
1.90078,2.40099,0.0
1.90078,2.50103,0.0
1.90078,2.60107,0.0
1.90078,2.70111,0.0
1.90078,2.80115,0.0
1.90078,2.9012,0.0
1.90078,3.00124,0.0
1.90078,3.10128,0.0
1.90078,3.20132,0.0
1.90078,3.30136,0.0
1.90078,3.4014,0.0
1.90078,3.50144,0.0
1.90078,3.60148,0.0
1.90078,3.70152,0.0
1.90078,3.80157,0.0
1.90078,3.90161,0.0
1.90078,4.00165,0.0
1.90078,4.10169,0.0
1.90078,4.20173,0.0
1.90078,4.30177,0.0
1.90078,4.40181,0.0
1.90078,4.50185,0.0
1.90078,4.6019,0.0
1.90078,4.70194,0.0
1.90078,4.80198,0.0
1.90078,4.90202,0.0
1.90078,5.00206,0.0
1.90078,5.1021,0.0
1.90078,5.20214,0.0
1.90078,5.30218,0.0
1.90078,5.40223,0.0
1.90078,5.50227,0.0
1.90078,5.60231,0.0
1.90078,5.70235,0.0
1.90078,5.80239,0.0
1.90078,5.90243,0.0
1.90078,6.00247,0.0
1.90078,6.10251,0.0
1.90078,6.20256,0.0
1.90078,6.3026,0.0
1.90078,6.40264,0.0
1.90078,6.50268,0.0
1.90078,6.60272,0.0
1.90078,6.70276,0.0
1.90078,6.8028,0.0
1.90078,6.90284,0.0
1.90078,7.00289,0.0
1.90078,7.10293,0.0
1.90078,7.20297,0.0
1.90078,7.30301,0.0
1.90078,7.40305,0.0
1.90078,7.50309,0.0
1.90078,7.60313,0.0
1.90078,7.70317,0.0
1.90078,7.80321,0.0
1.90078,7.90326,0.0
1.90078,8.0033,0.0
1.90078,8.10334,0.0
1.90078,8.20338,0.0
1.90078,8.30342,0.0
1.90078,8.40346,0.0
1.90078,8.5035,0.0
1.90078,8.60354,0.0
1.90078,8.70359,0.0
1.90078,8.80363,0.0
1.90078,8.90367,0.0
1.90078,9.00371,0.0
1.90078,9.10375,0.0
1.90078,9.20379,0.0
1.90078,9.30383,0.0
1.90078,9.40387,0.0
1.90078,9.50392,0.0
1.90078,9.60396,0.0
2.00082,-9.50392,0.0
2.00082,-9.40387,0.0
2.00082,-9.30383,0.0
2.00082,-9.20379,0.0
2.00082,-9.10375,0.0
2.00082,-9.00371,0.0
2.00082,-8.90367,0.0
2.00082,-8.80363,0.0
2.00082,-8.70359,0.0
2.00082,-8.60354,0.0
2.00082,-8.5035,0.0
2.00082,-8.40346,0.0
2.00082,-8.30342,0.0
2.00082,-8.20338,0.0
2.00082,-8.10334,0.0
2.00082,-8.0033,0.0
2.00082,-7.90326,0.0
2.00082,-7.80321,0.0
2.00082,-7.70317,0.0
2.00082,-7.60313,0.0
2.00082,-7.50309,0.0
2.00082,-7.40305,0.0
2.00082,-7.30301,0.0
2.00082,-7.20297,0.0
2.00082,-7.10293,0.0
2.00082,-7.00289,0.0
2.00082,-6.90284,0.0
2.00082,-6.8028,0.0
2.00082,-6.70276,0.0
2.00082,-6.60272,0.0
2.00082,-6.50268,0.0
2.00082,-6.40264,0.0
2.00082,-6.3026,0.0
2.00082,-6.20256,0.0
2.00082,-6.10251,0.0
2.00082,-6.00247,0.0
2.00082,-5.90243,0.0
2.00082,-5.80239,0.0
2.00082,-5.70235,0.0
2.00082,-5.60231,0.0
2.00082,-5.50227,0.0
2.00082,-5.40223,0.0
2.00082,-5.30218,0.0
2.00082,-5.20214,0.0
2.00082,-5.1021,0.0
2.00082,-5.00206,0.0
2.00082,-4.90202,0.0
2.00082,-4.80198,0.0
2.00082,-4.70194,0.0
2.00082,-4.6019,0.0
2.00082,-4.50185,0.0
2.00082,-4.40181,0.0
2.00082,-4.30177,0.0
2.00082,-4.20173,0.0
2.00082,-4.10169,0.0
2.00082,-4.00165,0.0
2.00082,-3.90161,0.0
2.00082,-3.80157,0.0
2.00082,-3.70152,0.0
2.00082,-3.60148,0.0
2.00082,-3.50144,0.0
2.00082,-3.4014,0.0
2.00082,-3.30136,0.0
2.00082,-3.20132,0.0
2.00082,-3.10128,0.0
2.00082,-3.00124,0.0
2.00082,-2.9012,0.0
2.00082,-2.80115,0.0
2.00082,-2.70111,0.0
2.00082,-2.60107,0.0
2.00082,-2.50103,0.0
2.00082,-2.40099,0.0
2.00082,-2.30095,0.0
2.00082,-2.20091,0.0
2.00082,-2.10087,0.0
2.00082,-2.00082,0.0
2.00082,-1.90078,0.0
2.00082,-1.80074,0.0
2.00082,-1.7007,0.0
2.00082,-1.60066,0.0
2.00082,-1.50062,0.0
2.00082,-1.40058,0.0
2.00082,-1.30054,0.0
2.00082,-1.20049,0.0
2.00082,-1.10045,0.0
2.00082,-1.00041,0.0
2.00082,-0.90037,0.0
2.00082,-0.80033,0.0
2.00082,-0.70029,0.0
2.00082,-0.60025,0.0
2.00082,-0.50021,0.0
2.00082,-0.40016,0.0
2.00082,-0.30012,0.0
2.00082,-0.20008,0.0
2.00082,-0.10004,0.0
2.00082,0,0.0
2.00082,0.10004,0.0
2.00082,0.20008,0.0
2.00082,0.30012,0.0
2.00082,0.40016,0.0
2.00082,0.50021,0.0
2.00082,0.60025,0.0
2.00082,0.70029,0.0
2.00082,0.80033,0.0
2.00082,0.90037,0.0
2.00082,1.00041,0.0
2.00082,1.10045,0.0
2.00082,1.20049,0.0
2.00082,1.30054,0.0
2.00082,1.40058,0.0
2.00082,1.50062,0.0
2.00082,1.60066,0.0
2.00082,1.7007,0.0
2.00082,1.80074,0.0
2.00082,1.90078,0.0
2.00082,2.00082,0.0
2.00082,2.10087,0.0
2.00082,2.20091,0.0
2.00082,2.30095,0.0
2.00082,2.40099,0.0
2.00082,2.50103,0.0
2.00082,2.60107,0.0
2.00082,2.70111,0.0
2.00082,2.80115,0.0
2.00082,2.9012,0.0
2.00082,3.00124,0.0
2.00082,3.10128,0.0
2.00082,3.20132,0.0
2.00082,3.30136,0.0
2.00082,3.4014,0.0
2.00082,3.50144,0.0
2.00082,3.60148,0.0
2.00082,3.70152,0.0
2.00082,3.80157,0.0
2.00082,3.90161,0.0
2.00082,4.00165,0.0
2.00082,4.10169,0.0
2.00082,4.20173,0.0
2.00082,4.30177,0.0
2.00082,4.40181,0.0
2.00082,4.50185,0.0
2.00082,4.6019,0.0
2.00082,4.70194,0.0
2.00082,4.80198,0.0
2.00082,4.90202,0.0
2.00082,5.00206,0.0
2.00082,5.1021,0.0
2.00082,5.20214,0.0
2.00082,5.30218,0.0
2.00082,5.40223,0.0
2.00082,5.50227,0.0
2.00082,5.60231,0.0
2.00082,5.70235,0.0
2.00082,5.80239,0.0
2.00082,5.90243,0.0
2.00082,6.00247,0.0
2.00082,6.10251,0.0
2.00082,6.20256,0.0
2.00082,6.3026,0.0
2.00082,6.40264,0.0
2.00082,6.50268,0.0
2.00082,6.60272,0.0
2.00082,6.70276,0.0
2.00082,6.8028,0.0
2.00082,6.90284,0.0
2.00082,7.00289,0.0
2.00082,7.10293,0.0
2.00082,7.20297,0.0
2.00082,7.30301,0.0
2.00082,7.40305,0.0
2.00082,7.50309,0.0
2.00082,7.60313,0.0
2.00082,7.70317,0.0
2.00082,7.80321,0.0
2.00082,7.90326,0.0
2.00082,8.0033,0.0
2.00082,8.10334,0.0
2.00082,8.20338,0.0
2.00082,8.30342,0.0
2.00082,8.40346,0.0
2.00082,8.5035,0.0
2.00082,8.60354,0.0
2.00082,8.70359,0.0
2.00082,8.80363,0.0
2.00082,8.90367,0.0
2.00082,9.00371,0.0
2.00082,9.10375,0.0
2.00082,9.20379,0.0
2.00082,9.30383,0.0
2.00082,9.40387,0.0
2.00082,9.50392,0.0
2.10087,-9.50392,0.0
2.10087,-9.40387,0.0
2.10087,-9.30383,0.0
2.10087,-9.20379,0.0
2.10087,-9.10375,0.0
2.10087,-9.00371,0.0
2.10087,-8.90367,0.0
2.10087,-8.80363,0.0
2.10087,-8.70359,0.0
2.10087,-8.60354,0.0
2.10087,-8.5035,0.0
2.10087,-8.40346,0.0
2.10087,-8.30342,0.0
2.10087,-8.20338,0.0
2.10087,-8.10334,0.0
2.10087,-8.0033,0.0
2.10087,-7.90326,0.0
2.10087,-7.80321,0.0
2.10087,-7.70317,0.0
2.10087,-7.60313,0.0
2.10087,-7.50309,0.0
2.10087,-7.40305,0.0
2.10087,-7.30301,0.0
2.10087,-7.20297,0.0
2.10087,-7.10293,0.0
2.10087,-7.00289,0.0
2.10087,-6.90284,0.0
2.10087,-6.8028,0.0
2.10087,-6.70276,0.0
2.10087,-6.60272,0.0
2.10087,-6.50268,0.0
2.10087,-6.40264,0.0
2.10087,-6.3026,0.0
2.10087,-6.20256,0.0
2.10087,-6.10251,0.0
2.10087,-6.00247,0.0
2.10087,-5.90243,0.0
2.10087,-5.80239,0.0
2.10087,-5.70235,0.0
2.10087,-5.60231,0.0
2.10087,-5.50227,0.0
2.10087,-5.40223,0.0
2.10087,-5.30218,0.0
2.10087,-5.20214,0.0
2.10087,-5.1021,0.0
2.10087,-5.00206,0.0
2.10087,-4.90202,0.0
2.10087,-4.80198,0.0
2.10087,-4.70194,0.0
2.10087,-4.6019,0.0
2.10087,-4.50185,0.0
2.10087,-4.40181,0.0
2.10087,-4.30177,0.0
2.10087,-4.20173,0.0
2.10087,-4.10169,0.0
2.10087,-4.00165,0.0
2.10087,-3.90161,0.0
2.10087,-3.80157,0.0
2.10087,-3.70152,0.0
2.10087,-3.60148,0.0
2.10087,-3.50144,0.0
2.10087,-3.4014,0.0
2.10087,-3.30136,0.0
2.10087,-3.20132,0.0
2.10087,-3.10128,0.0
2.10087,-3.00124,0.0
2.10087,-2.9012,0.0
2.10087,-2.80115,0.0
2.10087,-2.70111,0.0
2.10087,-2.60107,0.0
2.10087,-2.50103,0.0
2.10087,-2.40099,0.0
2.10087,-2.30095,0.0
2.10087,-2.20091,0.0
2.10087,-2.10087,0.0
2.10087,-2.00082,0.0
2.10087,-1.90078,0.0
2.10087,-1.80074,0.0
2.10087,-1.7007,0.0
2.10087,-1.60066,0.0
2.10087,-1.50062,0.0
2.10087,-1.40058,0.0
2.10087,-1.30054,0.0
2.10087,-1.20049,0.0
2.10087,-1.10045,0.0
2.10087,-1.00041,0.0
2.10087,-0.90037,0.0
2.10087,-0.80033,0.0
2.10087,-0.70029,0.0
2.10087,-0.60025,0.0
2.10087,-0.50021,0.0
2.10087,-0.40016,0.0
2.10087,-0.30012,0.0
2.10087,-0.20008,0.0
2.10087,-0.10004,0.0
2.10087,0,0.0
2.10087,0.10004,0.0
2.10087,0.20008,0.0
2.10087,0.30012,0.0
2.10087,0.40016,0.0
2.10087,0.50021,0.0
2.10087,0.60025,0.0
2.10087,0.70029,0.0
2.10087,0.80033,0.0
2.10087,0.90037,0.0
2.10087,1.00041,0.0
2.10087,1.10045,0.0
2.10087,1.20049,0.0
2.10087,1.30054,0.0
2.10087,1.40058,0.0
2.10087,1.50062,0.0
2.10087,1.60066,0.0
2.10087,1.7007,0.0
2.10087,1.80074,0.0
2.10087,1.90078,0.0
2.10087,2.00082,0.0
2.10087,2.10087,0.0
2.10087,2.20091,0.0
2.10087,2.30095,0.0
2.10087,2.40099,0.0
2.10087,2.50103,0.0
2.10087,2.60107,0.0
2.10087,2.70111,0.0
2.10087,2.80115,0.0
2.10087,2.9012,0.0
2.10087,3.00124,0.0
2.10087,3.10128,0.0
2.10087,3.20132,0.0
2.10087,3.30136,0.0
2.10087,3.4014,0.0
2.10087,3.50144,0.0
2.10087,3.60148,0.0
2.10087,3.70152,0.0
2.10087,3.80157,0.0
2.10087,3.90161,0.0
2.10087,4.00165,0.0
2.10087,4.10169,0.0
2.10087,4.20173,0.0
2.10087,4.30177,0.0
2.10087,4.40181,0.0
2.10087,4.50185,0.0
2.10087,4.6019,0.0
2.10087,4.70194,0.0
2.10087,4.80198,0.0
2.10087,4.90202,0.0
2.10087,5.00206,0.0
2.10087,5.1021,0.0
2.10087,5.20214,0.0
2.10087,5.30218,0.0
2.10087,5.40223,0.0
2.10087,5.50227,0.0
2.10087,5.60231,0.0
2.10087,5.70235,0.0
2.10087,5.80239,0.0
2.10087,5.90243,0.0
2.10087,6.00247,0.0
2.10087,6.10251,0.0
2.10087,6.20256,0.0
2.10087,6.3026,0.0
2.10087,6.40264,0.0
2.10087,6.50268,0.0
2.10087,6.60272,0.0
2.10087,6.70276,0.0
2.10087,6.8028,0.0
2.10087,6.90284,0.0
2.10087,7.00289,0.0
2.10087,7.10293,0.0
2.10087,7.20297,0.0
2.10087,7.30301,0.0
2.10087,7.40305,0.0
2.10087,7.50309,0.0
2.10087,7.60313,0.0
2.10087,7.70317,0.0
2.10087,7.80321,0.0
2.10087,7.90326,0.0
2.10087,8.0033,0.0
2.10087,8.10334,0.0
2.10087,8.20338,0.0
2.10087,8.30342,0.0
2.10087,8.40346,0.0
2.10087,8.5035,0.0
2.10087,8.60354,0.0
2.10087,8.70359,0.0
2.10087,8.80363,0.0
2.10087,8.90367,0.0
2.10087,9.00371,0.0
2.10087,9.10375,0.0
2.10087,9.20379,0.0
2.10087,9.30383,0.0
2.10087,9.40387,0.0
2.10087,9.50392,0.0
2.20091,-9.50392,0.0
2.20091,-9.40387,0.0
2.20091,-9.30383,0.0
2.20091,-9.20379,0.0
2.20091,-9.10375,0.0
2.20091,-9.00371,0.0
2.20091,-8.90367,0.0
2.20091,-8.80363,0.0
2.20091,-8.70359,0.0
2.20091,-8.60354,0.0
2.20091,-8.5035,0.0
2.20091,-8.40346,0.0
2.20091,-8.30342,0.0
2.20091,-8.20338,0.0
2.20091,-8.10334,0.0
2.20091,-8.0033,0.0
2.20091,-7.90326,0.0
2.20091,-7.80321,0.0
2.20091,-7.70317,0.0
2.20091,-7.60313,0.0
2.20091,-7.50309,0.0
2.20091,-7.40305,0.0
2.20091,-7.30301,0.0
2.20091,-7.20297,0.0
2.20091,-7.10293,0.0
2.20091,-7.00289,0.0
2.20091,-6.90284,0.0
2.20091,-6.8028,0.0
2.20091,-6.70276,0.0
2.20091,-6.60272,0.0
2.20091,-6.50268,0.0
2.20091,-6.40264,0.0
2.20091,-6.3026,0.0
2.20091,-6.20256,0.0
2.20091,-6.10251,0.0
2.20091,-6.00247,0.0
2.20091,-5.90243,0.0
2.20091,-5.80239,0.0
2.20091,-5.70235,0.0
2.20091,-5.60231,0.0
2.20091,-5.50227,0.0
2.20091,-5.40223,0.0
2.20091,-5.30218,0.0
2.20091,-5.20214,0.0
2.20091,-5.1021,0.0
2.20091,-5.00206,0.0
2.20091,-4.90202,0.0
2.20091,-4.80198,0.0
2.20091,-4.70194,0.0
2.20091,-4.6019,0.0
2.20091,-4.50185,0.0
2.20091,-4.40181,0.0
2.20091,-4.30177,0.0
2.20091,-4.20173,0.0
2.20091,-4.10169,0.0
2.20091,-4.00165,0.0
2.20091,-3.90161,0.0
2.20091,-3.80157,0.0
2.20091,-3.70152,0.0
2.20091,-3.60148,0.0
2.20091,-3.50144,0.0
2.20091,-3.4014,0.0
2.20091,-3.30136,0.0
2.20091,-3.20132,0.0
2.20091,-3.10128,0.0
2.20091,-3.00124,0.0
2.20091,-2.9012,0.0
2.20091,-2.80115,0.0
2.20091,-2.70111,0.0
2.20091,-2.60107,0.0
2.20091,-2.50103,0.0
2.20091,-2.40099,0.0
2.20091,-2.30095,0.0
2.20091,-2.20091,0.0
2.20091,-2.10087,0.0
2.20091,-2.00082,0.0
2.20091,-1.90078,0.0
2.20091,-1.80074,0.0
2.20091,-1.7007,0.0
2.20091,-1.60066,0.0
2.20091,-1.50062,0.0
2.20091,-1.40058,0.0
2.20091,-1.30054,0.0
2.20091,-1.20049,0.0
2.20091,-1.10045,0.0
2.20091,-1.00041,0.0
2.20091,-0.90037,0.0
2.20091,-0.80033,0.0
2.20091,-0.70029,0.0
2.20091,-0.60025,0.0
2.20091,-0.50021,0.0
2.20091,-0.40016,0.0
2.20091,-0.30012,0.0
2.20091,-0.20008,0.0
2.20091,-0.10004,0.0
2.20091,0,0.0
2.20091,0.10004,0.0
2.20091,0.20008,0.0
2.20091,0.30012,0.0
2.20091,0.40016,0.0
2.20091,0.50021,0.0
2.20091,0.60025,0.0
2.20091,0.70029,0.0
2.20091,0.80033,0.0
2.20091,0.90037,0.0
2.20091,1.00041,0.0
2.20091,1.10045,0.0
2.20091,1.20049,0.0
2.20091,1.30054,0.0
2.20091,1.40058,0.0
2.20091,1.50062,0.0
2.20091,1.60066,0.0
2.20091,1.7007,0.0
2.20091,1.80074,0.0
2.20091,1.90078,0.0
2.20091,2.00082,0.0
2.20091,2.10087,0.0
2.20091,2.20091,0.0
2.20091,2.30095,0.0
2.20091,2.40099,0.0
2.20091,2.50103,0.0
2.20091,2.60107,0.0
2.20091,2.70111,0.0
2.20091,2.80115,0.0
2.20091,2.9012,0.0
2.20091,3.00124,0.0
2.20091,3.10128,0.0
2.20091,3.20132,0.0
2.20091,3.30136,0.0
2.20091,3.4014,0.0
2.20091,3.50144,0.0
2.20091,3.60148,0.0
2.20091,3.70152,0.0
2.20091,3.80157,0.0
2.20091,3.90161,0.0
2.20091,4.00165,0.0
2.20091,4.10169,0.0
2.20091,4.20173,0.0
2.20091,4.30177,0.0
2.20091,4.40181,0.0
2.20091,4.50185,0.0
2.20091,4.6019,0.0
2.20091,4.70194,0.0
2.20091,4.80198,0.0
2.20091,4.90202,0.0
2.20091,5.00206,0.0
2.20091,5.1021,0.0
2.20091,5.20214,0.0
2.20091,5.30218,0.0
2.20091,5.40223,0.0
2.20091,5.50227,0.0
2.20091,5.60231,0.0
2.20091,5.70235,0.0
2.20091,5.80239,0.0
2.20091,5.90243,0.0
2.20091,6.00247,0.0
2.20091,6.10251,0.0
2.20091,6.20256,0.0
2.20091,6.3026,0.0
2.20091,6.40264,0.0
2.20091,6.50268,0.0
2.20091,6.60272,0.0
2.20091,6.70276,0.0
2.20091,6.8028,0.0
2.20091,6.90284,0.0
2.20091,7.00289,0.0
2.20091,7.10293,0.0
2.20091,7.20297,0.0
2.20091,7.30301,0.0
2.20091,7.40305,0.0
2.20091,7.50309,0.0
2.20091,7.60313,0.0
2.20091,7.70317,0.0
2.20091,7.80321,0.0
2.20091,7.90326,0.0
2.20091,8.0033,0.0
2.20091,8.10334,0.0
2.20091,8.20338,0.0
2.20091,8.30342,0.0
2.20091,8.40346,0.0
2.20091,8.5035,0.0
2.20091,8.60354,0.0
2.20091,8.70359,0.0
2.20091,8.80363,0.0
2.20091,8.90367,0.0
2.20091,9.00371,0.0
2.20091,9.10375,0.0
2.20091,9.20379,0.0
2.20091,9.30383,0.0
2.20091,9.40387,0.0
2.20091,9.50392,0.0
2.30095,-9.50392,0.0
2.30095,-9.40387,0.0
2.30095,-9.30383,0.0
2.30095,-9.20379,0.0
2.30095,-9.10375,0.0
2.30095,-9.00371,0.0
2.30095,-8.90367,0.0
2.30095,-8.80363,0.0
2.30095,-8.70359,0.0
2.30095,-8.60354,0.0
2.30095,-8.5035,0.0
2.30095,-8.40346,0.0
2.30095,-8.30342,0.0
2.30095,-8.20338,0.0
2.30095,-8.10334,0.0
2.30095,-8.0033,0.0
2.30095,-7.90326,0.0
2.30095,-7.80321,0.0
2.30095,-7.70317,0.0
2.30095,-7.60313,0.0
2.30095,-7.50309,0.0
2.30095,-7.40305,0.0
2.30095,-7.30301,0.0
2.30095,-7.20297,0.0
2.30095,-7.10293,0.0
2.30095,-7.00289,0.0
2.30095,-6.90284,0.0
2.30095,-6.8028,0.0
2.30095,-6.70276,0.0
2.30095,-6.60272,0.0
2.30095,-6.50268,0.0
2.30095,-6.40264,0.0
2.30095,-6.3026,0.0
2.30095,-6.20256,0.0
2.30095,-6.10251,0.0
2.30095,-6.00247,0.0
2.30095,-5.90243,0.0
2.30095,-5.80239,0.0
2.30095,-5.70235,0.0
2.30095,-5.60231,0.0
2.30095,-5.50227,0.0
2.30095,-5.40223,0.0
2.30095,-5.30218,0.0
2.30095,-5.20214,0.0
2.30095,-5.1021,0.0
2.30095,-5.00206,0.0
2.30095,-4.90202,0.0
2.30095,-4.80198,0.0
2.30095,-4.70194,0.0
2.30095,-4.6019,0.0
2.30095,-4.50185,0.0
2.30095,-4.40181,0.0
2.30095,-4.30177,0.0
2.30095,-4.20173,0.0
2.30095,-4.10169,0.0
2.30095,-4.00165,0.0
2.30095,-3.90161,0.0
2.30095,-3.80157,0.0
2.30095,-3.70152,0.0
2.30095,-3.60148,0.0
2.30095,-3.50144,0.0
2.30095,-3.4014,0.0
2.30095,-3.30136,0.0
2.30095,-3.20132,0.0
2.30095,-3.10128,0.0
2.30095,-3.00124,0.0
2.30095,-2.9012,0.0
2.30095,-2.80115,0.0
2.30095,-2.70111,0.0
2.30095,-2.60107,0.0
2.30095,-2.50103,0.0
2.30095,-2.40099,0.0
2.30095,-2.30095,0.0
2.30095,-2.20091,0.0
2.30095,-2.10087,0.0
2.30095,-2.00082,0.0
2.30095,-1.90078,0.0
2.30095,-1.80074,0.0
2.30095,-1.7007,0.0
2.30095,-1.60066,0.0
2.30095,-1.50062,0.0
2.30095,-1.40058,0.0
2.30095,-1.30054,0.0
2.30095,-1.20049,0.0
2.30095,-1.10045,0.0
2.30095,-1.00041,0.0
2.30095,-0.90037,0.0
2.30095,-0.80033,0.0
2.30095,-0.70029,0.0
2.30095,-0.60025,0.0
2.30095,-0.50021,0.0
2.30095,-0.40016,0.0
2.30095,-0.30012,0.0
2.30095,-0.20008,0.0
2.30095,-0.10004,0.0
2.30095,0,0.0
2.30095,0.10004,0.0
2.30095,0.20008,0.0
2.30095,0.30012,0.0
2.30095,0.40016,0.0
2.30095,0.50021,0.0
2.30095,0.60025,0.0
2.30095,0.70029,0.0
2.30095,0.80033,0.0
2.30095,0.90037,0.0
2.30095,1.00041,0.0
2.30095,1.10045,0.0
2.30095,1.20049,0.0
2.30095,1.30054,0.0
2.30095,1.40058,0.0
2.30095,1.50062,0.0
2.30095,1.60066,0.0
2.30095,1.7007,0.0
2.30095,1.80074,0.0
2.30095,1.90078,0.0
2.30095,2.00082,0.0
2.30095,2.10087,0.0
2.30095,2.20091,0.0
2.30095,2.30095,0.0
2.30095,2.40099,0.0
2.30095,2.50103,0.0
2.30095,2.60107,0.0
2.30095,2.70111,0.0
2.30095,2.80115,0.0
2.30095,2.9012,0.0
2.30095,3.00124,0.0
2.30095,3.10128,0.0
2.30095,3.20132,0.0
2.30095,3.30136,0.0
2.30095,3.4014,0.0
2.30095,3.50144,0.0
2.30095,3.60148,0.0
2.30095,3.70152,0.0
2.30095,3.80157,0.0
2.30095,3.90161,0.0
2.30095,4.00165,0.0
2.30095,4.10169,0.0
2.30095,4.20173,0.0
2.30095,4.30177,0.0
2.30095,4.40181,0.0
2.30095,4.50185,0.0
2.30095,4.6019,0.0
2.30095,4.70194,0.0
2.30095,4.80198,0.0
2.30095,4.90202,0.0
2.30095,5.00206,0.0
2.30095,5.1021,0.0
2.30095,5.20214,0.0
2.30095,5.30218,0.0
2.30095,5.40223,0.0
2.30095,5.50227,0.0
2.30095,5.60231,0.0
2.30095,5.70235,0.0
2.30095,5.80239,0.0
2.30095,5.90243,0.0
2.30095,6.00247,0.0
2.30095,6.10251,0.0
2.30095,6.20256,0.0
2.30095,6.3026,0.0
2.30095,6.40264,0.0
2.30095,6.50268,0.0
2.30095,6.60272,0.0
2.30095,6.70276,0.0
2.30095,6.8028,0.0
2.30095,6.90284,0.0
2.30095,7.00289,0.0
2.30095,7.10293,0.0
2.30095,7.20297,0.0
2.30095,7.30301,0.0
2.30095,7.40305,0.0
2.30095,7.50309,0.0
2.30095,7.60313,0.0
2.30095,7.70317,0.0
2.30095,7.80321,0.0
2.30095,7.90326,0.0
2.30095,8.0033,0.0
2.30095,8.10334,0.0
2.30095,8.20338,0.0
2.30095,8.30342,0.0
2.30095,8.40346,0.0
2.30095,8.5035,0.0
2.30095,8.60354,0.0
2.30095,8.70359,0.0
2.30095,8.80363,0.0
2.30095,8.90367,0.0
2.30095,9.00371,0.0
2.30095,9.10375,0.0
2.30095,9.20379,0.0
2.30095,9.30383,0.0
2.30095,9.40387,0.0
2.30095,9.50392,0.0
2.40099,-9.40387,0.0
2.40099,-9.30383,0.0
2.40099,-9.20379,0.0
2.40099,-9.10375,0.0
2.40099,-9.00371,0.0
2.40099,-8.90367,0.0
2.40099,-8.80363,0.0
2.40099,-8.70359,0.0
2.40099,-8.60354,0.0
2.40099,-8.5035,0.0
2.40099,-8.40346,0.0
2.40099,-8.30342,0.0
2.40099,-8.20338,0.0
2.40099,-8.10334,0.0
2.40099,-8.0033,0.0
2.40099,-7.90326,0.0
2.40099,-7.80321,0.0
2.40099,-7.70317,0.0
2.40099,-7.60313,0.0
2.40099,-7.50309,0.0
2.40099,-7.40305,0.0
2.40099,-7.30301,0.0
2.40099,-7.20297,0.0
2.40099,-7.10293,0.0
2.40099,-7.00289,0.0
2.40099,-6.90284,0.0
2.40099,-6.8028,0.0
2.40099,-6.70276,0.0
2.40099,-6.60272,0.0
2.40099,-6.50268,0.0
2.40099,-6.40264,0.0
2.40099,-6.3026,0.0
2.40099,-6.20256,0.0
2.40099,-6.10251,0.0
2.40099,-6.00247,0.0
2.40099,-5.90243,0.0
2.40099,-5.80239,0.0
2.40099,-5.70235,0.0
2.40099,-5.60231,0.0
2.40099,-5.50227,0.0
2.40099,-5.40223,0.0
2.40099,-5.30218,0.0
2.40099,-5.20214,0.0
2.40099,-5.1021,0.0
2.40099,-5.00206,0.0
2.40099,-4.90202,0.0
2.40099,-4.80198,0.0
2.40099,-4.70194,0.0
2.40099,-4.6019,0.0
2.40099,-4.50185,0.0
2.40099,-4.40181,0.0
2.40099,-4.30177,0.0
2.40099,-4.20173,0.0
2.40099,-4.10169,0.0
2.40099,-4.00165,0.0
2.40099,-3.90161,0.0
2.40099,-3.80157,0.0
2.40099,-3.70152,0.0
2.40099,-3.60148,0.0
2.40099,-3.50144,0.0
2.40099,-3.4014,0.0
2.40099,-3.30136,0.0
2.40099,-3.20132,0.0
2.40099,-3.10128,0.0
2.40099,-3.00124,0.0
2.40099,-2.9012,0.0
2.40099,-2.80115,0.0
2.40099,-2.70111,0.0
2.40099,-2.60107,0.0
2.40099,-2.50103,0.0
2.40099,-2.40099,0.0
2.40099,-2.30095,0.0
2.40099,-2.20091,0.0
2.40099,-2.10087,0.0
2.40099,-2.00082,0.0
2.40099,-1.90078,0.0
2.40099,-1.80074,0.0
2.40099,-1.7007,0.0
2.40099,-1.60066,0.0
2.40099,-1.50062,0.0
2.40099,-1.40058,0.0
2.40099,-1.30054,0.0
2.40099,-1.20049,0.0
2.40099,-1.10045,0.0
2.40099,-1.00041,0.0
2.40099,-0.90037,0.0
2.40099,-0.80033,0.0
2.40099,-0.70029,0.0
2.40099,-0.60025,0.0
2.40099,-0.50021,0.0
2.40099,-0.40016,0.0
2.40099,-0.30012,0.0
2.40099,-0.20008,0.0
2.40099,-0.10004,0.0
2.40099,0,0.0
2.40099,0.10004,0.0
2.40099,0.20008,0.0
2.40099,0.30012,0.0
2.40099,0.40016,0.0
2.40099,0.50021,0.0
2.40099,0.60025,0.0
2.40099,0.70029,0.0
2.40099,0.80033,0.0
2.40099,0.90037,0.0
2.40099,1.00041,0.0
2.40099,1.10045,0.0
2.40099,1.20049,0.0
2.40099,1.30054,0.0
2.40099,1.40058,0.0
2.40099,1.50062,0.0
2.40099,1.60066,0.0
2.40099,1.7007,0.0
2.40099,1.80074,0.0
2.40099,1.90078,0.0
2.40099,2.00082,0.0
2.40099,2.10087,0.0
2.40099,2.20091,0.0
2.40099,2.30095,0.0
2.40099,2.40099,0.0
2.40099,2.50103,0.0
2.40099,2.60107,0.0
2.40099,2.70111,0.0
2.40099,2.80115,0.0
2.40099,2.9012,0.0
2.40099,3.00124,0.0
2.40099,3.10128,0.0
2.40099,3.20132,0.0
2.40099,3.30136,0.0
2.40099,3.4014,0.0
2.40099,3.50144,0.0
2.40099,3.60148,0.0
2.40099,3.70152,0.0
2.40099,3.80157,0.0
2.40099,3.90161,0.0
2.40099,4.00165,0.0
2.40099,4.10169,0.0
2.40099,4.20173,0.0
2.40099,4.30177,0.0
2.40099,4.40181,0.0
2.40099,4.50185,0.0
2.40099,4.6019,0.0
2.40099,4.70194,0.0
2.40099,4.80198,0.0
2.40099,4.90202,0.0
2.40099,5.00206,0.0
2.40099,5.1021,0.0
2.40099,5.20214,0.0
2.40099,5.30218,0.0
2.40099,5.40223,0.0
2.40099,5.50227,0.0
2.40099,5.60231,0.0
2.40099,5.70235,0.0
2.40099,5.80239,0.0
2.40099,5.90243,0.0
2.40099,6.00247,0.0
2.40099,6.10251,0.0
2.40099,6.20256,0.0
2.40099,6.3026,0.0
2.40099,6.40264,0.0
2.40099,6.50268,0.0
2.40099,6.60272,0.0
2.40099,6.70276,0.0
2.40099,6.8028,0.0
2.40099,6.90284,0.0
2.40099,7.00289,0.0
2.40099,7.10293,0.0
2.40099,7.20297,0.0
2.40099,7.30301,0.0
2.40099,7.40305,0.0
2.40099,7.50309,0.0
2.40099,7.60313,0.0
2.40099,7.70317,0.0
2.40099,7.80321,0.0
2.40099,7.90326,0.0
2.40099,8.0033,0.0
2.40099,8.10334,0.0
2.40099,8.20338,0.0
2.40099,8.30342,0.0
2.40099,8.40346,0.0
2.40099,8.5035,0.0
2.40099,8.60354,0.0
2.40099,8.70359,0.0
2.40099,8.80363,0.0
2.40099,8.90367,0.0
2.40099,9.00371,0.0
2.40099,9.10375,0.0
2.40099,9.20379,0.0
2.40099,9.30383,0.0
2.40099,9.40387,0.0
2.50103,-9.40387,0.0
2.50103,-9.30383,0.0
2.50103,-9.20379,0.0
2.50103,-9.10375,0.0
2.50103,-9.00371,0.0
2.50103,-8.90367,0.0
2.50103,-8.80363,0.0
2.50103,-8.70359,0.0
2.50103,-8.60354,0.0
2.50103,-8.5035,0.0
2.50103,-8.40346,0.0
2.50103,-8.30342,0.0
2.50103,-8.20338,0.0
2.50103,-8.10334,0.0
2.50103,-8.0033,0.0
2.50103,-7.90326,0.0
2.50103,-7.80321,0.0
2.50103,-7.70317,0.0
2.50103,-7.60313,0.0
2.50103,-7.50309,0.0
2.50103,-7.40305,0.0
2.50103,-7.30301,0.0
2.50103,-7.20297,0.0
2.50103,-7.10293,0.0
2.50103,-7.00289,0.0
2.50103,-6.90284,0.0
2.50103,-6.8028,0.0
2.50103,-6.70276,0.0
2.50103,-6.60272,0.0
2.50103,-6.50268,0.0
2.50103,-6.40264,0.0
2.50103,-6.3026,0.0
2.50103,-6.20256,0.0
2.50103,-6.10251,0.0
2.50103,-6.00247,0.0
2.50103,-5.90243,0.0
2.50103,-5.80239,0.0
2.50103,-5.70235,0.0
2.50103,-5.60231,0.0
2.50103,-5.50227,0.0
2.50103,-5.40223,0.0
2.50103,-5.30218,0.0
2.50103,-5.20214,0.0
2.50103,-5.1021,0.0
2.50103,-5.00206,0.0
2.50103,-4.90202,0.0
2.50103,-4.80198,0.0
2.50103,-4.70194,0.0
2.50103,-4.6019,0.0
2.50103,-4.50185,0.0
2.50103,-4.40181,0.0
2.50103,-4.30177,0.0
2.50103,-4.20173,0.0
2.50103,-4.10169,0.0
2.50103,-4.00165,0.0
2.50103,-3.90161,0.0
2.50103,-3.80157,0.0
2.50103,-3.70152,0.0
2.50103,-3.60148,0.0
2.50103,-3.50144,0.0
2.50103,-3.4014,0.0
2.50103,-3.30136,0.0
2.50103,-3.20132,0.0
2.50103,-3.10128,0.0
2.50103,-3.00124,0.0
2.50103,-2.9012,0.0
2.50103,-2.80115,0.0
2.50103,-2.70111,0.0
2.50103,-2.60107,0.0
2.50103,-2.50103,0.0
2.50103,-2.40099,0.0
2.50103,-2.30095,0.0
2.50103,-2.20091,0.0
2.50103,-2.10087,0.0
2.50103,-2.00082,0.0
2.50103,-1.90078,0.0
2.50103,-1.80074,0.0
2.50103,-1.7007,0.0
2.50103,-1.60066,0.0
2.50103,-1.50062,0.0
2.50103,-1.40058,0.0
2.50103,-1.30054,0.0
2.50103,-1.20049,0.0
2.50103,-1.10045,0.0
2.50103,-1.00041,0.0
2.50103,-0.90037,0.0
2.50103,-0.80033,0.0
2.50103,-0.70029,0.0
2.50103,-0.60025,0.0
2.50103,-0.50021,0.0
2.50103,-0.40016,0.0
2.50103,-0.30012,0.0
2.50103,-0.20008,0.0
2.50103,-0.10004,0.0
2.50103,0,0.0
2.50103,0.10004,0.0
2.50103,0.20008,0.0
2.50103,0.30012,0.0
2.50103,0.40016,0.0
2.50103,0.50021,0.0
2.50103,0.60025,0.0
2.50103,0.70029,0.0
2.50103,0.80033,0.0
2.50103,0.90037,0.0
2.50103,1.00041,0.0
2.50103,1.10045,0.0
2.50103,1.20049,0.0
2.50103,1.30054,0.0
2.50103,1.40058,0.0
2.50103,1.50062,0.0
2.50103,1.60066,0.0
2.50103,1.7007,0.0
2.50103,1.80074,0.0
2.50103,1.90078,0.0
2.50103,2.00082,0.0
2.50103,2.10087,0.0
2.50103,2.20091,0.0
2.50103,2.30095,0.0
2.50103,2.40099,0.0
2.50103,2.50103,0.0
2.50103,2.60107,0.0
2.50103,2.70111,0.0
2.50103,2.80115,0.0
2.50103,2.9012,0.0
2.50103,3.00124,0.0
2.50103,3.10128,0.0
2.50103,3.20132,0.0
2.50103,3.30136,0.0
2.50103,3.4014,0.0
2.50103,3.50144,0.0
2.50103,3.60148,0.0
2.50103,3.70152,0.0
2.50103,3.80157,0.0
2.50103,3.90161,0.0
2.50103,4.00165,0.0
2.50103,4.10169,0.0
2.50103,4.20173,0.0
2.50103,4.30177,0.0
2.50103,4.40181,0.0
2.50103,4.50185,0.0
2.50103,4.6019,0.0
2.50103,4.70194,0.0
2.50103,4.80198,0.0
2.50103,4.90202,0.0
2.50103,5.00206,0.0
2.50103,5.1021,0.0
2.50103,5.20214,0.0
2.50103,5.30218,0.0
2.50103,5.40223,0.0
2.50103,5.50227,0.0
2.50103,5.60231,0.0
2.50103,5.70235,0.0
2.50103,5.80239,0.0
2.50103,5.90243,0.0
2.50103,6.00247,0.0
2.50103,6.10251,0.0
2.50103,6.20256,0.0
2.50103,6.3026,0.0
2.50103,6.40264,0.0
2.50103,6.50268,0.0
2.50103,6.60272,0.0
2.50103,6.70276,0.0
2.50103,6.8028,0.0
2.50103,6.90284,0.0
2.50103,7.00289,0.0
2.50103,7.10293,0.0
2.50103,7.20297,0.0
2.50103,7.30301,0.0
2.50103,7.40305,0.0
2.50103,7.50309,0.0
2.50103,7.60313,0.0
2.50103,7.70317,0.0
2.50103,7.80321,0.0
2.50103,7.90326,0.0
2.50103,8.0033,0.0
2.50103,8.10334,0.0
2.50103,8.20338,0.0
2.50103,8.30342,0.0
2.50103,8.40346,0.0
2.50103,8.5035,0.0
2.50103,8.60354,0.0
2.50103,8.70359,0.0
2.50103,8.80363,0.0
2.50103,8.90367,0.0
2.50103,9.00371,0.0
2.50103,9.10375,0.0
2.50103,9.20379,0.0
2.50103,9.30383,0.0
2.50103,9.40387,0.0
2.60107,-9.40387,0.0
2.60107,-9.30383,0.0
2.60107,-9.20379,0.0
2.60107,-9.10375,0.0
2.60107,-9.00371,0.0
2.60107,-8.90367,0.0
2.60107,-8.80363,0.0
2.60107,-8.70359,0.0
2.60107,-8.60354,0.0
2.60107,-8.5035,0.0
2.60107,-8.40346,0.0
2.60107,-8.30342,0.0
2.60107,-8.20338,0.0
2.60107,-8.10334,0.0
2.60107,-8.0033,0.0
2.60107,-7.90326,0.0
2.60107,-7.80321,0.0
2.60107,-7.70317,0.0
2.60107,-7.60313,0.0
2.60107,-7.50309,0.0
2.60107,-7.40305,0.0
2.60107,-7.30301,0.0
2.60107,-7.20297,0.0
2.60107,-7.10293,0.0
2.60107,-7.00289,0.0
2.60107,-6.90284,0.0
2.60107,-6.8028,0.0
2.60107,-6.70276,0.0
2.60107,-6.60272,0.0
2.60107,-6.50268,0.0
2.60107,-6.40264,0.0
2.60107,-6.3026,0.0
2.60107,-6.20256,0.0
2.60107,-6.10251,0.0
2.60107,-6.00247,0.0
2.60107,-5.90243,0.0
2.60107,-5.80239,0.0
2.60107,-5.70235,0.0
2.60107,-5.60231,0.0
2.60107,-5.50227,0.0
2.60107,-5.40223,0.0
2.60107,-5.30218,0.0
2.60107,-5.20214,0.0
2.60107,-5.1021,0.0
2.60107,-5.00206,0.0
2.60107,-4.90202,0.0
2.60107,-4.80198,0.0
2.60107,-4.70194,0.0
2.60107,-4.6019,0.0
2.60107,-4.50185,0.0
2.60107,-4.40181,0.0
2.60107,-4.30177,0.0
2.60107,-4.20173,0.0
2.60107,-4.10169,0.0
2.60107,-4.00165,0.0
2.60107,-3.90161,0.0
2.60107,-3.80157,0.0
2.60107,-3.70152,0.0
2.60107,-3.60148,0.0
2.60107,-3.50144,0.0
2.60107,-3.4014,0.0
2.60107,-3.30136,0.0
2.60107,-3.20132,0.0
2.60107,-3.10128,0.0
2.60107,-3.00124,0.0
2.60107,-2.9012,0.0
2.60107,-2.80115,0.0
2.60107,-2.70111,0.0
2.60107,-2.60107,0.0
2.60107,-2.50103,0.0
2.60107,-2.40099,0.0
2.60107,-2.30095,0.0
2.60107,-2.20091,0.0
2.60107,-2.10087,0.0
2.60107,-2.00082,0.0
2.60107,-1.90078,0.0
2.60107,-1.80074,0.0
2.60107,-1.7007,0.0
2.60107,-1.60066,0.0
2.60107,-1.50062,0.0
2.60107,-1.40058,0.0
2.60107,-1.30054,0.0
2.60107,-1.20049,0.0
2.60107,-1.10045,0.0
2.60107,-1.00041,0.0
2.60107,-0.90037,0.0
2.60107,-0.80033,0.0
2.60107,-0.70029,0.0
2.60107,-0.60025,0.0
2.60107,-0.50021,0.0
2.60107,-0.40016,0.0
2.60107,-0.30012,0.0
2.60107,-0.20008,0.0
2.60107,-0.10004,0.0
2.60107,0,0.0
2.60107,0.10004,0.0
2.60107,0.20008,0.0
2.60107,0.30012,0.0
2.60107,0.40016,0.0
2.60107,0.50021,0.0
2.60107,0.60025,0.0
2.60107,0.70029,0.0
2.60107,0.80033,0.0
2.60107,0.90037,0.0
2.60107,1.00041,0.0
2.60107,1.10045,0.0
2.60107,1.20049,0.0
2.60107,1.30054,0.0
2.60107,1.40058,0.0
2.60107,1.50062,0.0
2.60107,1.60066,0.0
2.60107,1.7007,0.0
2.60107,1.80074,0.0
2.60107,1.90078,0.0
2.60107,2.00082,0.0
2.60107,2.10087,0.0
2.60107,2.20091,0.0
2.60107,2.30095,0.0
2.60107,2.40099,0.0
2.60107,2.50103,0.0
2.60107,2.60107,0.0
2.60107,2.70111,0.0
2.60107,2.80115,0.0
2.60107,2.9012,0.0
2.60107,3.00124,0.0
2.60107,3.10128,0.0
2.60107,3.20132,0.0
2.60107,3.30136,0.0
2.60107,3.4014,0.0
2.60107,3.50144,0.0
2.60107,3.60148,0.0
2.60107,3.70152,0.0
2.60107,3.80157,0.0
2.60107,3.90161,0.0
2.60107,4.00165,0.0
2.60107,4.10169,0.0
2.60107,4.20173,0.0
2.60107,4.30177,0.0
2.60107,4.40181,0.0
2.60107,4.50185,0.0
2.60107,4.6019,0.0
2.60107,4.70194,0.0
2.60107,4.80198,0.0
2.60107,4.90202,0.0
2.60107,5.00206,0.0
2.60107,5.1021,0.0
2.60107,5.20214,0.0
2.60107,5.30218,0.0
2.60107,5.40223,0.0
2.60107,5.50227,0.0
2.60107,5.60231,0.0
2.60107,5.70235,0.0
2.60107,5.80239,0.0
2.60107,5.90243,0.0
2.60107,6.00247,0.0
2.60107,6.10251,0.0
2.60107,6.20256,0.0
2.60107,6.3026,0.0
2.60107,6.40264,0.0
2.60107,6.50268,0.0
2.60107,6.60272,0.0
2.60107,6.70276,0.0
2.60107,6.8028,0.0
2.60107,6.90284,0.0
2.60107,7.00289,0.0
2.60107,7.10293,0.0
2.60107,7.20297,0.0
2.60107,7.30301,0.0
2.60107,7.40305,0.0
2.60107,7.50309,0.0
2.60107,7.60313,0.0
2.60107,7.70317,0.0
2.60107,7.80321,0.0
2.60107,7.90326,0.0
2.60107,8.0033,0.0
2.60107,8.10334,0.0
2.60107,8.20338,0.0
2.60107,8.30342,0.0
2.60107,8.40346,0.0
2.60107,8.5035,0.0
2.60107,8.60354,0.0
2.60107,8.70359,0.0
2.60107,8.80363,0.0
2.60107,8.90367,0.0
2.60107,9.00371,0.0
2.60107,9.10375,0.0
2.60107,9.20379,0.0
2.60107,9.30383,0.0
2.60107,9.40387,0.0
2.70111,-9.40387,0.0
2.70111,-9.30383,0.0
2.70111,-9.20379,0.0
2.70111,-9.10375,0.0
2.70111,-9.00371,0.0
2.70111,-8.90367,0.0
2.70111,-8.80363,0.0
2.70111,-8.70359,0.0
2.70111,-8.60354,0.0
2.70111,-8.5035,0.0
2.70111,-8.40346,0.0
2.70111,-8.30342,0.0
2.70111,-8.20338,0.0
2.70111,-8.10334,0.0
2.70111,-8.0033,0.0
2.70111,-7.90326,0.0
2.70111,-7.80321,0.0
2.70111,-7.70317,0.0
2.70111,-7.60313,0.0
2.70111,-7.50309,0.0
2.70111,-7.40305,0.0
2.70111,-7.30301,0.0
2.70111,-7.20297,0.0
2.70111,-7.10293,0.0
2.70111,-7.00289,0.0
2.70111,-6.90284,0.0
2.70111,-6.8028,0.0
2.70111,-6.70276,0.0
2.70111,-6.60272,0.0
2.70111,-6.50268,0.0
2.70111,-6.40264,0.0
2.70111,-6.3026,0.0
2.70111,-6.20256,0.0
2.70111,-6.10251,0.0
2.70111,-6.00247,0.0
2.70111,-5.90243,0.0
2.70111,-5.80239,0.0
2.70111,-5.70235,0.0
2.70111,-5.60231,0.0
2.70111,-5.50227,0.0
2.70111,-5.40223,0.0
2.70111,-5.30218,0.0
2.70111,-5.20214,0.0
2.70111,-5.1021,0.0
2.70111,-5.00206,0.0
2.70111,-4.90202,0.0
2.70111,-4.80198,0.0
2.70111,-4.70194,0.0
2.70111,-4.6019,0.0
2.70111,-4.50185,0.0
2.70111,-4.40181,0.0
2.70111,-4.30177,0.0
2.70111,-4.20173,0.0
2.70111,-4.10169,0.0
2.70111,-4.00165,0.0
2.70111,-3.90161,0.0
2.70111,-3.80157,0.0
2.70111,-3.70152,0.0
2.70111,-3.60148,0.0
2.70111,-3.50144,0.0
2.70111,-3.4014,0.0
2.70111,-3.30136,0.0
2.70111,-3.20132,0.0
2.70111,-3.10128,0.0
2.70111,-3.00124,0.0
2.70111,-2.9012,0.0
2.70111,-2.80115,0.0
2.70111,-2.70111,0.0
2.70111,-2.60107,0.0
2.70111,-2.50103,0.0
2.70111,-2.40099,0.0
2.70111,-2.30095,0.0
2.70111,-2.20091,0.0
2.70111,-2.10087,0.0
2.70111,-2.00082,0.0
2.70111,-1.90078,0.0
2.70111,-1.80074,0.0
2.70111,-1.7007,0.0
2.70111,-1.60066,0.0
2.70111,-1.50062,0.0
2.70111,-1.40058,0.0
2.70111,-1.30054,0.0
2.70111,-1.20049,0.0
2.70111,-1.10045,0.0
2.70111,-1.00041,0.0
2.70111,-0.90037,0.0
2.70111,-0.80033,0.0
2.70111,-0.70029,0.0
2.70111,-0.60025,0.0
2.70111,-0.50021,0.0
2.70111,-0.40016,0.0
2.70111,-0.30012,0.0
2.70111,-0.20008,0.0
2.70111,-0.10004,0.0
2.70111,0,0.0
2.70111,0.10004,0.0
2.70111,0.20008,0.0
2.70111,0.30012,0.0
2.70111,0.40016,0.0
2.70111,0.50021,0.0
2.70111,0.60025,0.0
2.70111,0.70029,0.0
2.70111,0.80033,0.0
2.70111,0.90037,0.0
2.70111,1.00041,0.0
2.70111,1.10045,0.0
2.70111,1.20049,0.0
2.70111,1.30054,0.0
2.70111,1.40058,0.0
2.70111,1.50062,0.0
2.70111,1.60066,0.0
2.70111,1.7007,0.0
2.70111,1.80074,0.0
2.70111,1.90078,0.0
2.70111,2.00082,0.0
2.70111,2.10087,0.0
2.70111,2.20091,0.0
2.70111,2.30095,0.0
2.70111,2.40099,0.0
2.70111,2.50103,0.0
2.70111,2.60107,0.0
2.70111,2.70111,0.0
2.70111,2.80115,0.0
2.70111,2.9012,0.0
2.70111,3.00124,0.0
2.70111,3.10128,0.0
2.70111,3.20132,0.0
2.70111,3.30136,0.0
2.70111,3.4014,0.0
2.70111,3.50144,0.0
2.70111,3.60148,0.0
2.70111,3.70152,0.0
2.70111,3.80157,0.0
2.70111,3.90161,0.0
2.70111,4.00165,0.0
2.70111,4.10169,0.0
2.70111,4.20173,0.0
2.70111,4.30177,0.0
2.70111,4.40181,0.0
2.70111,4.50185,0.0
2.70111,4.6019,0.0
2.70111,4.70194,0.0
2.70111,4.80198,0.0
2.70111,4.90202,0.0
2.70111,5.00206,0.0
2.70111,5.1021,0.0
2.70111,5.20214,0.0
2.70111,5.30218,0.0
2.70111,5.40223,0.0
2.70111,5.50227,0.0
2.70111,5.60231,0.0
2.70111,5.70235,0.0
2.70111,5.80239,0.0
2.70111,5.90243,0.0
2.70111,6.00247,0.0
2.70111,6.10251,0.0
2.70111,6.20256,0.0
2.70111,6.3026,0.0
2.70111,6.40264,0.0
2.70111,6.50268,0.0
2.70111,6.60272,0.0
2.70111,6.70276,0.0
2.70111,6.8028,0.0
2.70111,6.90284,0.0
2.70111,7.00289,0.0
2.70111,7.10293,0.0
2.70111,7.20297,0.0
2.70111,7.30301,0.0
2.70111,7.40305,0.0
2.70111,7.50309,0.0
2.70111,7.60313,0.0
2.70111,7.70317,0.0
2.70111,7.80321,0.0
2.70111,7.90326,0.0
2.70111,8.0033,0.0
2.70111,8.10334,0.0
2.70111,8.20338,0.0
2.70111,8.30342,0.0
2.70111,8.40346,0.0
2.70111,8.5035,0.0
2.70111,8.60354,0.0
2.70111,8.70359,0.0
2.70111,8.80363,0.0
2.70111,8.90367,0.0
2.70111,9.00371,0.0
2.70111,9.10375,0.0
2.70111,9.20379,0.0
2.70111,9.30383,0.0
2.70111,9.40387,0.0
2.80115,-9.30383,0.0
2.80115,-9.20379,0.0
2.80115,-9.10375,0.0
2.80115,-9.00371,0.0
2.80115,-8.90367,0.0
2.80115,-8.80363,0.0
2.80115,-8.70359,0.0
2.80115,-8.60354,0.0
2.80115,-8.5035,0.0
2.80115,-8.40346,0.0
2.80115,-8.30342,0.0
2.80115,-8.20338,0.0
2.80115,-8.10334,0.0
2.80115,-8.0033,0.0
2.80115,-7.90326,0.0
2.80115,-7.80321,0.0
2.80115,-7.70317,0.0
2.80115,-7.60313,0.0
2.80115,-7.50309,0.0
2.80115,-7.40305,0.0
2.80115,-7.30301,0.0
2.80115,-7.20297,0.0
2.80115,-7.10293,0.0
2.80115,-7.00289,0.0
2.80115,-6.90284,0.0
2.80115,-6.8028,0.0
2.80115,-6.70276,0.0
2.80115,-6.60272,0.0
2.80115,-6.50268,0.0
2.80115,-6.40264,0.0
2.80115,-6.3026,0.0
2.80115,-6.20256,0.0
2.80115,-6.10251,0.0
2.80115,-6.00247,0.0
2.80115,-5.90243,0.0
2.80115,-5.80239,0.0
2.80115,-5.70235,0.0
2.80115,-5.60231,0.0
2.80115,-5.50227,0.0
2.80115,-5.40223,0.0
2.80115,-5.30218,0.0
2.80115,-5.20214,0.0
2.80115,-5.1021,0.0
2.80115,-5.00206,0.0
2.80115,-4.90202,0.0
2.80115,-4.80198,0.0
2.80115,-4.70194,0.0
2.80115,-4.6019,0.0
2.80115,-4.50185,0.0
2.80115,-4.40181,0.0
2.80115,-4.30177,0.0
2.80115,-4.20173,0.0
2.80115,-4.10169,0.0
2.80115,-4.00165,0.0
2.80115,-3.90161,0.0
2.80115,-3.80157,0.0
2.80115,-3.70152,0.0
2.80115,-3.60148,0.0
2.80115,-3.50144,0.0
2.80115,-3.4014,0.0
2.80115,-3.30136,0.0
2.80115,-3.20132,0.0
2.80115,-3.10128,0.0
2.80115,-3.00124,0.0
2.80115,-2.9012,0.0
2.80115,-2.80115,0.0
2.80115,-2.70111,0.0
2.80115,-2.60107,0.0
2.80115,-2.50103,0.0
2.80115,-2.40099,0.0
2.80115,-2.30095,0.0
2.80115,-2.20091,0.0
2.80115,-2.10087,0.0
2.80115,-2.00082,0.0
2.80115,-1.90078,0.0
2.80115,-1.80074,0.0
2.80115,-1.7007,0.0
2.80115,-1.60066,0.0
2.80115,-1.50062,0.0
2.80115,-1.40058,0.0
2.80115,-1.30054,0.0
2.80115,-1.20049,0.0
2.80115,-1.10045,0.0
2.80115,-1.00041,0.0
2.80115,-0.90037,0.0
2.80115,-0.80033,0.0
2.80115,-0.70029,0.0
2.80115,-0.60025,0.0
2.80115,-0.50021,0.0
2.80115,-0.40016,0.0
2.80115,-0.30012,0.0
2.80115,-0.20008,0.0
2.80115,-0.10004,0.0
2.80115,0,0.0
2.80115,0.10004,0.0
2.80115,0.20008,0.0
2.80115,0.30012,0.0
2.80115,0.40016,0.0
2.80115,0.50021,0.0
2.80115,0.60025,0.0
2.80115,0.70029,0.0
2.80115,0.80033,0.0
2.80115,0.90037,0.0
2.80115,1.00041,0.0
2.80115,1.10045,0.0
2.80115,1.20049,0.0
2.80115,1.30054,0.0
2.80115,1.40058,0.0
2.80115,1.50062,0.0
2.80115,1.60066,0.0
2.80115,1.7007,0.0
2.80115,1.80074,0.0
2.80115,1.90078,0.0
2.80115,2.00082,0.0
2.80115,2.10087,0.0
2.80115,2.20091,0.0
2.80115,2.30095,0.0
2.80115,2.40099,0.0
2.80115,2.50103,0.0
2.80115,2.60107,0.0
2.80115,2.70111,0.0
2.80115,2.80115,0.0
2.80115,2.9012,0.0
2.80115,3.00124,0.0
2.80115,3.10128,0.0
2.80115,3.20132,0.0
2.80115,3.30136,0.0
2.80115,3.4014,0.0
2.80115,3.50144,0.0
2.80115,3.60148,0.0
2.80115,3.70152,0.0
2.80115,3.80157,0.0
2.80115,3.90161,0.0
2.80115,4.00165,0.0
2.80115,4.10169,0.0
2.80115,4.20173,0.0
2.80115,4.30177,0.0
2.80115,4.40181,0.0
2.80115,4.50185,0.0
2.80115,4.6019,0.0
2.80115,4.70194,0.0
2.80115,4.80198,0.0
2.80115,4.90202,0.0
2.80115,5.00206,0.0
2.80115,5.1021,0.0
2.80115,5.20214,0.0
2.80115,5.30218,0.0
2.80115,5.40223,0.0
2.80115,5.50227,0.0
2.80115,5.60231,0.0
2.80115,5.70235,0.0
2.80115,5.80239,0.0
2.80115,5.90243,0.0
2.80115,6.00247,0.0
2.80115,6.10251,0.0
2.80115,6.20256,0.0
2.80115,6.3026,0.0
2.80115,6.40264,0.0
2.80115,6.50268,0.0
2.80115,6.60272,0.0
2.80115,6.70276,0.0
2.80115,6.8028,0.0
2.80115,6.90284,0.0
2.80115,7.00289,0.0
2.80115,7.10293,0.0
2.80115,7.20297,0.0
2.80115,7.30301,0.0
2.80115,7.40305,0.0
2.80115,7.50309,0.0
2.80115,7.60313,0.0
2.80115,7.70317,0.0
2.80115,7.80321,0.0
2.80115,7.90326,0.0
2.80115,8.0033,0.0
2.80115,8.10334,0.0
2.80115,8.20338,0.0
2.80115,8.30342,0.0
2.80115,8.40346,0.0
2.80115,8.5035,0.0
2.80115,8.60354,0.0
2.80115,8.70359,0.0
2.80115,8.80363,0.0
2.80115,8.90367,0.0
2.80115,9.00371,0.0
2.80115,9.10375,0.0
2.80115,9.20379,0.0
2.80115,9.30383,0.0
2.9012,-9.30383,0.0
2.9012,-9.20379,0.0
2.9012,-9.10375,0.0
2.9012,-9.00371,0.0
2.9012,-8.90367,0.0
2.9012,-8.80363,0.0
2.9012,-8.70359,0.0
2.9012,-8.60354,0.0
2.9012,-8.5035,0.0
2.9012,-8.40346,0.0
2.9012,-8.30342,0.0
2.9012,-8.20338,0.0
2.9012,-8.10334,0.0
2.9012,-8.0033,0.0
2.9012,-7.90326,0.0
2.9012,-7.80321,0.0
2.9012,-7.70317,0.0
2.9012,-7.60313,0.0
2.9012,-7.50309,0.0
2.9012,-7.40305,0.0
2.9012,-7.30301,0.0
2.9012,-7.20297,0.0
2.9012,-7.10293,0.0
2.9012,-7.00289,0.0
2.9012,-6.90284,0.0
2.9012,-6.8028,0.0
2.9012,-6.70276,0.0
2.9012,-6.60272,0.0
2.9012,-6.50268,0.0
2.9012,-6.40264,0.0
2.9012,-6.3026,0.0
2.9012,-6.20256,0.0
2.9012,-6.10251,0.0
2.9012,-6.00247,0.0
2.9012,-5.90243,0.0
2.9012,-5.80239,0.0
2.9012,-5.70235,0.0
2.9012,-5.60231,0.0
2.9012,-5.50227,0.0
2.9012,-5.40223,0.0
2.9012,-5.30218,0.0
2.9012,-5.20214,0.0
2.9012,-5.1021,0.0
2.9012,-5.00206,0.0
2.9012,-4.90202,0.0
2.9012,-4.80198,0.0
2.9012,-4.70194,0.0
2.9012,-4.6019,0.0
2.9012,-4.50185,0.0
2.9012,-4.40181,0.0
2.9012,-4.30177,0.0
2.9012,-4.20173,0.0
2.9012,-4.10169,0.0
2.9012,-4.00165,0.0
2.9012,-3.90161,0.0
2.9012,-3.80157,0.0
2.9012,-3.70152,0.0
2.9012,-3.60148,0.0
2.9012,-3.50144,0.0
2.9012,-3.4014,0.0
2.9012,-3.30136,0.0
2.9012,-3.20132,0.0
2.9012,-3.10128,0.0
2.9012,-3.00124,0.0
2.9012,-2.9012,0.0
2.9012,-2.80115,0.0
2.9012,-2.70111,0.0
2.9012,-2.60107,0.0
2.9012,-2.50103,0.0
2.9012,-2.40099,0.0
2.9012,-2.30095,0.0
2.9012,-2.20091,0.0
2.9012,-2.10087,0.0
2.9012,-2.00082,0.0
2.9012,-1.90078,0.0
2.9012,-1.80074,0.0
2.9012,-1.7007,0.0
2.9012,-1.60066,0.0
2.9012,-1.50062,0.0
2.9012,-1.40058,0.0
2.9012,-1.30054,0.0
2.9012,-1.20049,0.0
2.9012,-1.10045,0.0
2.9012,-1.00041,0.0
2.9012,-0.90037,0.0
2.9012,-0.80033,0.0
2.9012,-0.70029,0.0
2.9012,-0.60025,0.0
2.9012,-0.50021,0.0
2.9012,-0.40016,0.0
2.9012,-0.30012,0.0
2.9012,-0.20008,0.0
2.9012,-0.10004,0.0
2.9012,0,0.0
2.9012,0.10004,0.0
2.9012,0.20008,0.0
2.9012,0.30012,0.0
2.9012,0.40016,0.0
2.9012,0.50021,0.0
2.9012,0.60025,0.0
2.9012,0.70029,0.0
2.9012,0.80033,0.0
2.9012,0.90037,0.0
2.9012,1.00041,0.0
2.9012,1.10045,0.0
2.9012,1.20049,0.0
2.9012,1.30054,0.0
2.9012,1.40058,0.0
2.9012,1.50062,0.0
2.9012,1.60066,0.0
2.9012,1.7007,0.0
2.9012,1.80074,0.0
2.9012,1.90078,0.0
2.9012,2.00082,0.0
2.9012,2.10087,0.0
2.9012,2.20091,0.0
2.9012,2.30095,0.0
2.9012,2.40099,0.0
2.9012,2.50103,0.0
2.9012,2.60107,0.0
2.9012,2.70111,0.0
2.9012,2.80115,0.0
2.9012,2.9012,0.0
2.9012,3.00124,0.0
2.9012,3.10128,0.0
2.9012,3.20132,0.0
2.9012,3.30136,0.0
2.9012,3.4014,0.0
2.9012,3.50144,0.0
2.9012,3.60148,0.0
2.9012,3.70152,0.0
2.9012,3.80157,0.0
2.9012,3.90161,0.0
2.9012,4.00165,0.0
2.9012,4.10169,0.0
2.9012,4.20173,0.0
2.9012,4.30177,0.0
2.9012,4.40181,0.0
2.9012,4.50185,0.0
2.9012,4.6019,0.0
2.9012,4.70194,0.0
2.9012,4.80198,0.0
2.9012,4.90202,0.0
2.9012,5.00206,0.0
2.9012,5.1021,0.0
2.9012,5.20214,0.0
2.9012,5.30218,0.0
2.9012,5.40223,0.0
2.9012,5.50227,0.0
2.9012,5.60231,0.0
2.9012,5.70235,0.0
2.9012,5.80239,0.0
2.9012,5.90243,0.0
2.9012,6.00247,0.0
2.9012,6.10251,0.0
2.9012,6.20256,0.0
2.9012,6.3026,0.0
2.9012,6.40264,0.0
2.9012,6.50268,0.0
2.9012,6.60272,0.0
2.9012,6.70276,0.0
2.9012,6.8028,0.0
2.9012,6.90284,0.0
2.9012,7.00289,0.0
2.9012,7.10293,0.0
2.9012,7.20297,0.0
2.9012,7.30301,0.0
2.9012,7.40305,0.0
2.9012,7.50309,0.0
2.9012,7.60313,0.0
2.9012,7.70317,0.0
2.9012,7.80321,0.0
2.9012,7.90326,0.0
2.9012,8.0033,0.0
2.9012,8.10334,0.0
2.9012,8.20338,0.0
2.9012,8.30342,0.0
2.9012,8.40346,0.0
2.9012,8.5035,0.0
2.9012,8.60354,0.0
2.9012,8.70359,0.0
2.9012,8.80363,0.0
2.9012,8.90367,0.0
2.9012,9.00371,0.0
2.9012,9.10375,0.0
2.9012,9.20379,0.0
2.9012,9.30383,0.0
3.00124,-9.30383,0.0
3.00124,-9.20379,0.0
3.00124,-9.10375,0.0
3.00124,-9.00371,0.0
3.00124,-8.90367,0.0
3.00124,-8.80363,0.0
3.00124,-8.70359,0.0
3.00124,-8.60354,0.0
3.00124,-8.5035,0.0
3.00124,-8.40346,0.0
3.00124,-8.30342,0.0
3.00124,-8.20338,0.0
3.00124,-8.10334,0.0
3.00124,-8.0033,0.0
3.00124,-7.90326,0.0
3.00124,-7.80321,0.0
3.00124,-7.70317,0.0
3.00124,-7.60313,0.0
3.00124,-7.50309,0.0
3.00124,-7.40305,0.0
3.00124,-7.30301,0.0
3.00124,-7.20297,0.0
3.00124,-7.10293,0.0
3.00124,-7.00289,0.0
3.00124,-6.90284,0.0
3.00124,-6.8028,0.0
3.00124,-6.70276,0.0
3.00124,-6.60272,0.0
3.00124,-6.50268,0.0
3.00124,-6.40264,0.0
3.00124,-6.3026,0.0
3.00124,-6.20256,0.0
3.00124,-6.10251,0.0
3.00124,-6.00247,0.0
3.00124,-5.90243,0.0
3.00124,-5.80239,0.0
3.00124,-5.70235,0.0
3.00124,-5.60231,0.0
3.00124,-5.50227,0.0
3.00124,-5.40223,0.0
3.00124,-5.30218,0.0
3.00124,-5.20214,0.0
3.00124,-5.1021,0.0
3.00124,-5.00206,0.0
3.00124,-4.90202,0.0
3.00124,-4.80198,0.0
3.00124,-4.70194,0.0
3.00124,-4.6019,0.0
3.00124,-4.50185,0.0
3.00124,-4.40181,0.0
3.00124,-4.30177,0.0
3.00124,-4.20173,0.0
3.00124,-4.10169,0.0
3.00124,-4.00165,0.0
3.00124,-3.90161,0.0
3.00124,-3.80157,0.0
3.00124,-3.70152,0.0
3.00124,-3.60148,0.0
3.00124,-3.50144,0.0
3.00124,-3.4014,0.0
3.00124,-3.30136,0.0
3.00124,-3.20132,0.0
3.00124,-3.10128,0.0
3.00124,-3.00124,0.0
3.00124,-2.9012,0.0
3.00124,-2.80115,0.0
3.00124,-2.70111,0.0
3.00124,-2.60107,0.0
3.00124,-2.50103,0.0
3.00124,-2.40099,0.0
3.00124,-2.30095,0.0
3.00124,-2.20091,0.0
3.00124,-2.10087,0.0
3.00124,-2.00082,0.0
3.00124,-1.90078,0.0
3.00124,-1.80074,0.0
3.00124,-1.7007,0.0
3.00124,-1.60066,0.0
3.00124,-1.50062,0.0
3.00124,-1.40058,0.0
3.00124,-1.30054,0.0
3.00124,-1.20049,0.0
3.00124,-1.10045,0.0
3.00124,-1.00041,0.0
3.00124,-0.90037,0.0
3.00124,-0.80033,0.0
3.00124,-0.70029,0.0
3.00124,-0.60025,0.0
3.00124,-0.50021,0.0
3.00124,-0.40016,0.0
3.00124,-0.30012,0.0
3.00124,-0.20008,0.0
3.00124,-0.10004,0.0
3.00124,0,0.0
3.00124,0.10004,0.0
3.00124,0.20008,0.0
3.00124,0.30012,0.0
3.00124,0.40016,0.0
3.00124,0.50021,0.0
3.00124,0.60025,0.0
3.00124,0.70029,0.0
3.00124,0.80033,0.0
3.00124,0.90037,0.0
3.00124,1.00041,0.0
3.00124,1.10045,0.0
3.00124,1.20049,0.0
3.00124,1.30054,0.0
3.00124,1.40058,0.0
3.00124,1.50062,0.0
3.00124,1.60066,0.0
3.00124,1.7007,0.0
3.00124,1.80074,0.0
3.00124,1.90078,0.0
3.00124,2.00082,0.0
3.00124,2.10087,0.0
3.00124,2.20091,0.0
3.00124,2.30095,0.0
3.00124,2.40099,0.0
3.00124,2.50103,0.0
3.00124,2.60107,0.0
3.00124,2.70111,0.0
3.00124,2.80115,0.0
3.00124,2.9012,0.0
3.00124,3.00124,0.0
3.00124,3.10128,0.0
3.00124,3.20132,0.0
3.00124,3.30136,0.0
3.00124,3.4014,0.0
3.00124,3.50144,0.0
3.00124,3.60148,0.0
3.00124,3.70152,0.0
3.00124,3.80157,0.0
3.00124,3.90161,0.0
3.00124,4.00165,0.0
3.00124,4.10169,0.0
3.00124,4.20173,0.0
3.00124,4.30177,0.0
3.00124,4.40181,0.0
3.00124,4.50185,0.0
3.00124,4.6019,0.0
3.00124,4.70194,0.0
3.00124,4.80198,0.0
3.00124,4.90202,0.0
3.00124,5.00206,0.0
3.00124,5.1021,0.0
3.00124,5.20214,0.0
3.00124,5.30218,0.0
3.00124,5.40223,0.0
3.00124,5.50227,0.0
3.00124,5.60231,0.0
3.00124,5.70235,0.0
3.00124,5.80239,0.0
3.00124,5.90243,0.0
3.00124,6.00247,0.0
3.00124,6.10251,0.0
3.00124,6.20256,0.0
3.00124,6.3026,0.0
3.00124,6.40264,0.0
3.00124,6.50268,0.0
3.00124,6.60272,0.0
3.00124,6.70276,0.0
3.00124,6.8028,0.0
3.00124,6.90284,0.0
3.00124,7.00289,0.0
3.00124,7.10293,0.0
3.00124,7.20297,0.0
3.00124,7.30301,0.0
3.00124,7.40305,0.0
3.00124,7.50309,0.0
3.00124,7.60313,0.0
3.00124,7.70317,0.0
3.00124,7.80321,0.0
3.00124,7.90326,0.0
3.00124,8.0033,0.0
3.00124,8.10334,0.0
3.00124,8.20338,0.0
3.00124,8.30342,0.0
3.00124,8.40346,0.0
3.00124,8.5035,0.0
3.00124,8.60354,0.0
3.00124,8.70359,0.0
3.00124,8.80363,0.0
3.00124,8.90367,0.0
3.00124,9.00371,0.0
3.00124,9.10375,0.0
3.00124,9.20379,0.0
3.00124,9.30383,0.0
3.10128,-9.20379,0.0
3.10128,-9.10375,0.0
3.10128,-9.00371,0.0
3.10128,-8.90367,0.0
3.10128,-8.80363,0.0
3.10128,-8.70359,0.0
3.10128,-8.60354,0.0
3.10128,-8.5035,0.0
3.10128,-8.40346,0.0
3.10128,-8.30342,0.0
3.10128,-8.20338,0.0
3.10128,-8.10334,0.0
3.10128,-8.0033,0.0
3.10128,-7.90326,0.0
3.10128,-7.80321,0.0
3.10128,-7.70317,0.0
3.10128,-7.60313,0.0
3.10128,-7.50309,0.0
3.10128,-7.40305,0.0
3.10128,-7.30301,0.0
3.10128,-7.20297,0.0
3.10128,-7.10293,0.0
3.10128,-7.00289,0.0
3.10128,-6.90284,0.0
3.10128,-6.8028,0.0
3.10128,-6.70276,0.0
3.10128,-6.60272,0.0
3.10128,-6.50268,0.0
3.10128,-6.40264,0.0
3.10128,-6.3026,0.0
3.10128,-6.20256,0.0
3.10128,-6.10251,0.0
3.10128,-6.00247,0.0
3.10128,-5.90243,0.0
3.10128,-5.80239,0.0
3.10128,-5.70235,0.0
3.10128,-5.60231,0.0
3.10128,-5.50227,0.0
3.10128,-5.40223,0.0
3.10128,-5.30218,0.0
3.10128,-5.20214,0.0
3.10128,-5.1021,0.0
3.10128,-5.00206,0.0
3.10128,-4.90202,0.0
3.10128,-4.80198,0.0
3.10128,-4.70194,0.0
3.10128,-4.6019,0.0
3.10128,-4.50185,0.0
3.10128,-4.40181,0.0
3.10128,-4.30177,0.0
3.10128,-4.20173,0.0
3.10128,-4.10169,0.0
3.10128,-4.00165,0.0
3.10128,-3.90161,0.0
3.10128,-3.80157,0.0
3.10128,-3.70152,0.0
3.10128,-3.60148,0.0
3.10128,-3.50144,0.0
3.10128,-3.4014,0.0
3.10128,-3.30136,0.0
3.10128,-3.20132,0.0
3.10128,-3.10128,0.0
3.10128,-3.00124,0.0
3.10128,-2.9012,0.0
3.10128,-2.80115,0.0
3.10128,-2.70111,0.0
3.10128,-2.60107,0.0
3.10128,-2.50103,0.0
3.10128,-2.40099,0.0
3.10128,-2.30095,0.0
3.10128,-2.20091,0.0
3.10128,-2.10087,0.0
3.10128,-2.00082,0.0
3.10128,-1.90078,0.0
3.10128,-1.80074,0.0
3.10128,-1.7007,0.0
3.10128,-1.60066,0.0
3.10128,-1.50062,0.0
3.10128,-1.40058,0.0
3.10128,-1.30054,0.0
3.10128,-1.20049,0.0
3.10128,-1.10045,0.0
3.10128,-1.00041,0.0
3.10128,-0.90037,0.0
3.10128,-0.80033,0.0
3.10128,-0.70029,0.0
3.10128,-0.60025,0.0
3.10128,-0.50021,0.0
3.10128,-0.40016,0.0
3.10128,-0.30012,0.0
3.10128,-0.20008,0.0
3.10128,-0.10004,0.0
3.10128,0,0.0
3.10128,0.10004,0.0
3.10128,0.20008,0.0
3.10128,0.30012,0.0
3.10128,0.40016,0.0
3.10128,0.50021,0.0
3.10128,0.60025,0.0
3.10128,0.70029,0.0
3.10128,0.80033,0.0
3.10128,0.90037,0.0
3.10128,1.00041,0.0
3.10128,1.10045,0.0
3.10128,1.20049,0.0
3.10128,1.30054,0.0
3.10128,1.40058,0.0
3.10128,1.50062,0.0
3.10128,1.60066,0.0
3.10128,1.7007,0.0
3.10128,1.80074,0.0
3.10128,1.90078,0.0
3.10128,2.00082,0.0
3.10128,2.10087,0.0
3.10128,2.20091,0.0
3.10128,2.30095,0.0
3.10128,2.40099,0.0
3.10128,2.50103,0.0
3.10128,2.60107,0.0
3.10128,2.70111,0.0
3.10128,2.80115,0.0
3.10128,2.9012,0.0
3.10128,3.00124,0.0
3.10128,3.10128,0.0
3.10128,3.20132,0.0
3.10128,3.30136,0.0
3.10128,3.4014,0.0
3.10128,3.50144,0.0
3.10128,3.60148,0.0
3.10128,3.70152,0.0
3.10128,3.80157,0.0
3.10128,3.90161,0.0
3.10128,4.00165,0.0
3.10128,4.10169,0.0
3.10128,4.20173,0.0
3.10128,4.30177,0.0
3.10128,4.40181,0.0
3.10128,4.50185,0.0
3.10128,4.6019,0.0
3.10128,4.70194,0.0
3.10128,4.80198,0.0
3.10128,4.90202,0.0
3.10128,5.00206,0.0
3.10128,5.1021,0.0
3.10128,5.20214,0.0
3.10128,5.30218,0.0
3.10128,5.40223,0.0
3.10128,5.50227,0.0
3.10128,5.60231,0.0
3.10128,5.70235,0.0
3.10128,5.80239,0.0
3.10128,5.90243,0.0
3.10128,6.00247,0.0
3.10128,6.10251,0.0
3.10128,6.20256,0.0
3.10128,6.3026,0.0
3.10128,6.40264,0.0
3.10128,6.50268,0.0
3.10128,6.60272,0.0
3.10128,6.70276,0.0
3.10128,6.8028,0.0
3.10128,6.90284,0.0
3.10128,7.00289,0.0
3.10128,7.10293,0.0
3.10128,7.20297,0.0
3.10128,7.30301,0.0
3.10128,7.40305,0.0
3.10128,7.50309,0.0
3.10128,7.60313,0.0
3.10128,7.70317,0.0
3.10128,7.80321,0.0
3.10128,7.90326,0.0
3.10128,8.0033,0.0
3.10128,8.10334,0.0
3.10128,8.20338,0.0
3.10128,8.30342,0.0
3.10128,8.40346,0.0
3.10128,8.5035,0.0
3.10128,8.60354,0.0
3.10128,8.70359,0.0
3.10128,8.80363,0.0
3.10128,8.90367,0.0
3.10128,9.00371,0.0
3.10128,9.10375,0.0
3.10128,9.20379,0.0
3.20132,-9.20379,0.0
3.20132,-9.10375,0.0
3.20132,-9.00371,0.0
3.20132,-8.90367,0.0
3.20132,-8.80363,0.0
3.20132,-8.70359,0.0
3.20132,-8.60354,0.0
3.20132,-8.5035,0.0
3.20132,-8.40346,0.0
3.20132,-8.30342,0.0
3.20132,-8.20338,0.0
3.20132,-8.10334,0.0
3.20132,-8.0033,0.0
3.20132,-7.90326,0.0
3.20132,-7.80321,0.0
3.20132,-7.70317,0.0
3.20132,-7.60313,0.0
3.20132,-7.50309,0.0
3.20132,-7.40305,0.0
3.20132,-7.30301,0.0
3.20132,-7.20297,0.0
3.20132,-7.10293,0.0
3.20132,-7.00289,0.0
3.20132,-6.90284,0.0
3.20132,-6.8028,0.0
3.20132,-6.70276,0.0
3.20132,-6.60272,0.0
3.20132,-6.50268,0.0
3.20132,-6.40264,0.0
3.20132,-6.3026,0.0
3.20132,-6.20256,0.0
3.20132,-6.10251,0.0
3.20132,-6.00247,0.0
3.20132,-5.90243,0.0
3.20132,-5.80239,0.0
3.20132,-5.70235,0.0
3.20132,-5.60231,0.0
3.20132,-5.50227,0.0
3.20132,-5.40223,0.0
3.20132,-5.30218,0.0
3.20132,-5.20214,0.0
3.20132,-5.1021,0.0
3.20132,-5.00206,0.0
3.20132,-4.90202,0.0
3.20132,-4.80198,0.0
3.20132,-4.70194,0.0
3.20132,-4.6019,0.0
3.20132,-4.50185,0.0
3.20132,-4.40181,0.0
3.20132,-4.30177,0.0
3.20132,-4.20173,0.0
3.20132,-4.10169,0.0
3.20132,-4.00165,0.0
3.20132,-3.90161,0.0
3.20132,-3.80157,0.0
3.20132,-3.70152,0.0
3.20132,-3.60148,0.0
3.20132,-3.50144,0.0
3.20132,-3.4014,0.0
3.20132,-3.30136,0.0
3.20132,-3.20132,0.0
3.20132,-3.10128,0.0
3.20132,-3.00124,0.0
3.20132,-2.9012,0.0
3.20132,-2.80115,0.0
3.20132,-2.70111,0.0
3.20132,-2.60107,0.0
3.20132,-2.50103,0.0
3.20132,-2.40099,0.0
3.20132,-2.30095,0.0
3.20132,-2.20091,0.0
3.20132,-2.10087,0.0
3.20132,-2.00082,0.0
3.20132,-1.90078,0.0
3.20132,-1.80074,0.0
3.20132,-1.7007,0.0
3.20132,-1.60066,0.0
3.20132,-1.50062,0.0
3.20132,-1.40058,0.0
3.20132,-1.30054,0.0
3.20132,-1.20049,0.0
3.20132,-1.10045,0.0
3.20132,-1.00041,0.0
3.20132,-0.90037,0.0
3.20132,-0.80033,0.0
3.20132,-0.70029,0.0
3.20132,-0.60025,0.0
3.20132,-0.50021,0.0
3.20132,-0.40016,0.0
3.20132,-0.30012,0.0
3.20132,-0.20008,0.0
3.20132,-0.10004,0.0
3.20132,0,0.0
3.20132,0.10004,0.0
3.20132,0.20008,0.0
3.20132,0.30012,0.0
3.20132,0.40016,0.0
3.20132,0.50021,0.0
3.20132,0.60025,0.0
3.20132,0.70029,0.0
3.20132,0.80033,0.0
3.20132,0.90037,0.0
3.20132,1.00041,0.0
3.20132,1.10045,0.0
3.20132,1.20049,0.0
3.20132,1.30054,0.0
3.20132,1.40058,0.0
3.20132,1.50062,0.0
3.20132,1.60066,0.0
3.20132,1.7007,0.0
3.20132,1.80074,0.0
3.20132,1.90078,0.0
3.20132,2.00082,0.0
3.20132,2.10087,0.0
3.20132,2.20091,0.0
3.20132,2.30095,0.0
3.20132,2.40099,0.0
3.20132,2.50103,0.0
3.20132,2.60107,0.0
3.20132,2.70111,0.0
3.20132,2.80115,0.0
3.20132,2.9012,0.0
3.20132,3.00124,0.0
3.20132,3.10128,0.0
3.20132,3.20132,0.0
3.20132,3.30136,0.0
3.20132,3.4014,0.0
3.20132,3.50144,0.0
3.20132,3.60148,0.0
3.20132,3.70152,0.0
3.20132,3.80157,0.0
3.20132,3.90161,0.0
3.20132,4.00165,0.0
3.20132,4.10169,0.0
3.20132,4.20173,0.0
3.20132,4.30177,0.0
3.20132,4.40181,0.0
3.20132,4.50185,0.0
3.20132,4.6019,0.0
3.20132,4.70194,0.0
3.20132,4.80198,0.0
3.20132,4.90202,0.0
3.20132,5.00206,0.0
3.20132,5.1021,0.0
3.20132,5.20214,0.0
3.20132,5.30218,0.0
3.20132,5.40223,0.0
3.20132,5.50227,0.0
3.20132,5.60231,0.0
3.20132,5.70235,0.0
3.20132,5.80239,0.0
3.20132,5.90243,0.0
3.20132,6.00247,0.0
3.20132,6.10251,0.0
3.20132,6.20256,0.0
3.20132,6.3026,0.0
3.20132,6.40264,0.0
3.20132,6.50268,0.0
3.20132,6.60272,0.0
3.20132,6.70276,0.0
3.20132,6.8028,0.0
3.20132,6.90284,0.0
3.20132,7.00289,0.0
3.20132,7.10293,0.0
3.20132,7.20297,0.0
3.20132,7.30301,0.0
3.20132,7.40305,0.0
3.20132,7.50309,0.0
3.20132,7.60313,0.0
3.20132,7.70317,0.0
3.20132,7.80321,0.0
3.20132,7.90326,0.0
3.20132,8.0033,0.0
3.20132,8.10334,0.0
3.20132,8.20338,0.0
3.20132,8.30342,0.0
3.20132,8.40346,0.0
3.20132,8.5035,0.0
3.20132,8.60354,0.0
3.20132,8.70359,0.0
3.20132,8.80363,0.0
3.20132,8.90367,0.0
3.20132,9.00371,0.0
3.20132,9.10375,0.0
3.20132,9.20379,0.0
3.30136,-9.20379,0.0
3.30136,-9.10375,0.0
3.30136,-9.00371,0.0
3.30136,-8.90367,0.0
3.30136,-8.80363,0.0
3.30136,-8.70359,0.0
3.30136,-8.60354,0.0
3.30136,-8.5035,0.0
3.30136,-8.40346,0.0
3.30136,-8.30342,0.0
3.30136,-8.20338,0.0
3.30136,-8.10334,0.0
3.30136,-8.0033,0.0
3.30136,-7.90326,0.0
3.30136,-7.80321,0.0
3.30136,-7.70317,0.0
3.30136,-7.60313,0.0
3.30136,-7.50309,0.0
3.30136,-7.40305,0.0
3.30136,-7.30301,0.0
3.30136,-7.20297,0.0
3.30136,-7.10293,0.0
3.30136,-7.00289,0.0
3.30136,-6.90284,0.0
3.30136,-6.8028,0.0
3.30136,-6.70276,0.0
3.30136,-6.60272,0.0
3.30136,-6.50268,0.0
3.30136,-6.40264,0.0
3.30136,-6.3026,0.0
3.30136,-6.20256,0.0
3.30136,-6.10251,0.0
3.30136,-6.00247,0.0
3.30136,-5.90243,0.0
3.30136,-5.80239,0.0
3.30136,-5.70235,0.0
3.30136,-5.60231,0.0
3.30136,-5.50227,0.0
3.30136,-5.40223,0.0
3.30136,-5.30218,0.0
3.30136,-5.20214,0.0
3.30136,-5.1021,0.0
3.30136,-5.00206,0.0
3.30136,-4.90202,0.0
3.30136,-4.80198,0.0
3.30136,-4.70194,0.0
3.30136,-4.6019,0.0
3.30136,-4.50185,0.0
3.30136,-4.40181,0.0
3.30136,-4.30177,0.0
3.30136,-4.20173,0.0
3.30136,-4.10169,0.0
3.30136,-4.00165,0.0
3.30136,-3.90161,0.0
3.30136,-3.80157,0.0
3.30136,-3.70152,0.0
3.30136,-3.60148,0.0
3.30136,-3.50144,0.0
3.30136,-3.4014,0.0
3.30136,-3.30136,0.0
3.30136,-3.20132,0.0
3.30136,-3.10128,0.0
3.30136,-3.00124,0.0
3.30136,-2.9012,0.0
3.30136,-2.80115,0.0
3.30136,-2.70111,0.0
3.30136,-2.60107,0.0
3.30136,-2.50103,0.0
3.30136,-2.40099,0.0
3.30136,-2.30095,0.0
3.30136,-2.20091,0.0
3.30136,-2.10087,0.0
3.30136,-2.00082,0.0
3.30136,-1.90078,0.0
3.30136,-1.80074,0.0
3.30136,-1.7007,0.0
3.30136,-1.60066,0.0
3.30136,-1.50062,0.0
3.30136,-1.40058,0.0
3.30136,-1.30054,0.0
3.30136,-1.20049,0.0
3.30136,-1.10045,0.0
3.30136,-1.00041,0.0
3.30136,-0.90037,0.0
3.30136,-0.80033,0.0
3.30136,-0.70029,0.0
3.30136,-0.60025,0.0
3.30136,-0.50021,0.0
3.30136,-0.40016,0.0
3.30136,-0.30012,0.0
3.30136,-0.20008,0.0
3.30136,-0.10004,0.0
3.30136,0,0.0
3.30136,0.10004,0.0
3.30136,0.20008,0.0
3.30136,0.30012,0.0
3.30136,0.40016,0.0
3.30136,0.50021,0.0
3.30136,0.60025,0.0
3.30136,0.70029,0.0
3.30136,0.80033,0.0
3.30136,0.90037,0.0
3.30136,1.00041,0.0
3.30136,1.10045,0.0
3.30136,1.20049,0.0
3.30136,1.30054,0.0
3.30136,1.40058,0.0
3.30136,1.50062,0.0
3.30136,1.60066,0.0
3.30136,1.7007,0.0
3.30136,1.80074,0.0
3.30136,1.90078,0.0
3.30136,2.00082,0.0
3.30136,2.10087,0.0
3.30136,2.20091,0.0
3.30136,2.30095,0.0
3.30136,2.40099,0.0
3.30136,2.50103,0.0
3.30136,2.60107,0.0
3.30136,2.70111,0.0
3.30136,2.80115,0.0
3.30136,2.9012,0.0
3.30136,3.00124,0.0
3.30136,3.10128,0.0
3.30136,3.20132,0.0
3.30136,3.30136,0.0
3.30136,3.4014,0.0
3.30136,3.50144,0.0
3.30136,3.60148,0.0
3.30136,3.70152,0.0
3.30136,3.80157,0.0
3.30136,3.90161,0.0
3.30136,4.00165,0.0
3.30136,4.10169,0.0
3.30136,4.20173,0.0
3.30136,4.30177,0.0
3.30136,4.40181,0.0
3.30136,4.50185,0.0
3.30136,4.6019,0.0
3.30136,4.70194,0.0
3.30136,4.80198,0.0
3.30136,4.90202,0.0
3.30136,5.00206,0.0
3.30136,5.1021,0.0
3.30136,5.20214,0.0
3.30136,5.30218,0.0
3.30136,5.40223,0.0
3.30136,5.50227,0.0
3.30136,5.60231,0.0
3.30136,5.70235,0.0
3.30136,5.80239,0.0
3.30136,5.90243,0.0
3.30136,6.00247,0.0
3.30136,6.10251,0.0
3.30136,6.20256,0.0
3.30136,6.3026,0.0
3.30136,6.40264,0.0
3.30136,6.50268,0.0
3.30136,6.60272,0.0
3.30136,6.70276,0.0
3.30136,6.8028,0.0
3.30136,6.90284,0.0
3.30136,7.00289,0.0
3.30136,7.10293,0.0
3.30136,7.20297,0.0
3.30136,7.30301,0.0
3.30136,7.40305,0.0
3.30136,7.50309,0.0
3.30136,7.60313,0.0
3.30136,7.70317,0.0
3.30136,7.80321,0.0
3.30136,7.90326,0.0
3.30136,8.0033,0.0
3.30136,8.10334,0.0
3.30136,8.20338,0.0
3.30136,8.30342,0.0
3.30136,8.40346,0.0
3.30136,8.5035,0.0
3.30136,8.60354,0.0
3.30136,8.70359,0.0
3.30136,8.80363,0.0
3.30136,8.90367,0.0
3.30136,9.00371,0.0
3.30136,9.10375,0.0
3.30136,9.20379,0.0
3.4014,-9.10375,0.0
3.4014,-9.00371,0.0
3.4014,-8.90367,0.0
3.4014,-8.80363,0.0
3.4014,-8.70359,0.0
3.4014,-8.60354,0.0
3.4014,-8.5035,0.0
3.4014,-8.40346,0.0
3.4014,-8.30342,0.0
3.4014,-8.20338,0.0
3.4014,-8.10334,0.0
3.4014,-8.0033,0.0
3.4014,-7.90326,0.0
3.4014,-7.80321,0.0
3.4014,-7.70317,0.0
3.4014,-7.60313,0.0
3.4014,-7.50309,0.0
3.4014,-7.40305,0.0
3.4014,-7.30301,0.0
3.4014,-7.20297,0.0
3.4014,-7.10293,0.0
3.4014,-7.00289,0.0
3.4014,-6.90284,0.0
3.4014,-6.8028,0.0
3.4014,-6.70276,0.0
3.4014,-6.60272,0.0
3.4014,-6.50268,0.0
3.4014,-6.40264,0.0
3.4014,-6.3026,0.0
3.4014,-6.20256,0.0
3.4014,-6.10251,0.0
3.4014,-6.00247,0.0
3.4014,-5.90243,0.0
3.4014,-5.80239,0.0
3.4014,-5.70235,0.0
3.4014,-5.60231,0.0
3.4014,-5.50227,0.0
3.4014,-5.40223,0.0
3.4014,-5.30218,0.0
3.4014,-5.20214,0.0
3.4014,-5.1021,0.0
3.4014,-5.00206,0.0
3.4014,-4.90202,0.0
3.4014,-4.80198,0.0
3.4014,-4.70194,0.0
3.4014,-4.6019,0.0
3.4014,-4.50185,0.0
3.4014,-4.40181,0.0
3.4014,-4.30177,0.0
3.4014,-4.20173,0.0
3.4014,-4.10169,0.0
3.4014,-4.00165,0.0
3.4014,-3.90161,0.0
3.4014,-3.80157,0.0
3.4014,-3.70152,0.0
3.4014,-3.60148,0.0
3.4014,-3.50144,0.0
3.4014,-3.4014,0.0
3.4014,-3.30136,0.0
3.4014,-3.20132,0.0
3.4014,-3.10128,0.0
3.4014,-3.00124,0.0
3.4014,-2.9012,0.0
3.4014,-2.80115,0.0
3.4014,-2.70111,0.0
3.4014,-2.60107,0.0
3.4014,-2.50103,0.0
3.4014,-2.40099,0.0
3.4014,-2.30095,0.0
3.4014,-2.20091,0.0
3.4014,-2.10087,0.0
3.4014,-2.00082,0.0
3.4014,-1.90078,0.0
3.4014,-1.80074,0.0
3.4014,-1.7007,0.0
3.4014,-1.60066,0.0
3.4014,-1.50062,0.0
3.4014,-1.40058,0.0
3.4014,-1.30054,0.0
3.4014,-1.20049,0.0
3.4014,-1.10045,0.0
3.4014,-1.00041,0.0
3.4014,-0.90037,0.0
3.4014,-0.80033,0.0
3.4014,-0.70029,0.0
3.4014,-0.60025,0.0
3.4014,-0.50021,0.0
3.4014,-0.40016,0.0
3.4014,-0.30012,0.0
3.4014,-0.20008,0.0
3.4014,-0.10004,0.0
3.4014,0,0.0
3.4014,0.10004,0.0
3.4014,0.20008,0.0
3.4014,0.30012,0.0
3.4014,0.40016,0.0
3.4014,0.50021,0.0
3.4014,0.60025,0.0
3.4014,0.70029,0.0
3.4014,0.80033,0.0
3.4014,0.90037,0.0
3.4014,1.00041,0.0
3.4014,1.10045,0.0
3.4014,1.20049,0.0
3.4014,1.30054,0.0
3.4014,1.40058,0.0
3.4014,1.50062,0.0
3.4014,1.60066,0.0
3.4014,1.7007,0.0
3.4014,1.80074,0.0
3.4014,1.90078,0.0
3.4014,2.00082,0.0
3.4014,2.10087,0.0
3.4014,2.20091,0.0
3.4014,2.30095,0.0
3.4014,2.40099,0.0
3.4014,2.50103,0.0
3.4014,2.60107,0.0
3.4014,2.70111,0.0
3.4014,2.80115,0.0
3.4014,2.9012,0.0
3.4014,3.00124,0.0
3.4014,3.10128,0.0
3.4014,3.20132,0.0
3.4014,3.30136,0.0
3.4014,3.4014,0.0
3.4014,3.50144,0.0
3.4014,3.60148,0.0
3.4014,3.70152,0.0
3.4014,3.80157,0.0
3.4014,3.90161,0.0
3.4014,4.00165,0.0
3.4014,4.10169,0.0
3.4014,4.20173,0.0
3.4014,4.30177,0.0
3.4014,4.40181,0.0
3.4014,4.50185,0.0
3.4014,4.6019,0.0
3.4014,4.70194,0.0
3.4014,4.80198,0.0
3.4014,4.90202,0.0
3.4014,5.00206,0.0
3.4014,5.1021,0.0
3.4014,5.20214,0.0
3.4014,5.30218,0.0
3.4014,5.40223,0.0
3.4014,5.50227,0.0
3.4014,5.60231,0.0
3.4014,5.70235,0.0
3.4014,5.80239,0.0
3.4014,5.90243,0.0
3.4014,6.00247,0.0
3.4014,6.10251,0.0
3.4014,6.20256,0.0
3.4014,6.3026,0.0
3.4014,6.40264,0.0
3.4014,6.50268,0.0
3.4014,6.60272,0.0
3.4014,6.70276,0.0
3.4014,6.8028,0.0
3.4014,6.90284,0.0
3.4014,7.00289,0.0
3.4014,7.10293,0.0
3.4014,7.20297,0.0
3.4014,7.30301,0.0
3.4014,7.40305,0.0
3.4014,7.50309,0.0
3.4014,7.60313,0.0
3.4014,7.70317,0.0
3.4014,7.80321,0.0
3.4014,7.90326,0.0
3.4014,8.0033,0.0
3.4014,8.10334,0.0
3.4014,8.20338,0.0
3.4014,8.30342,0.0
3.4014,8.40346,0.0
3.4014,8.5035,0.0
3.4014,8.60354,0.0
3.4014,8.70359,0.0
3.4014,8.80363,0.0
3.4014,8.90367,0.0
3.4014,9.00371,0.0
3.4014,9.10375,0.0
3.50144,-9.10375,0.0
3.50144,-9.00371,0.0
3.50144,-8.90367,0.0
3.50144,-8.80363,0.0
3.50144,-8.70359,0.0
3.50144,-8.60354,0.0
3.50144,-8.5035,0.0
3.50144,-8.40346,0.0
3.50144,-8.30342,0.0
3.50144,-8.20338,0.0
3.50144,-8.10334,0.0
3.50144,-8.0033,0.0
3.50144,-7.90326,0.0
3.50144,-7.80321,0.0
3.50144,-7.70317,0.0
3.50144,-7.60313,0.0
3.50144,-7.50309,0.0
3.50144,-7.40305,0.0
3.50144,-7.30301,0.0
3.50144,-7.20297,0.0
3.50144,-7.10293,0.0
3.50144,-7.00289,0.0
3.50144,-6.90284,0.0
3.50144,-6.8028,0.0
3.50144,-6.70276,0.0
3.50144,-6.60272,0.0
3.50144,-6.50268,0.0
3.50144,-6.40264,0.0
3.50144,-6.3026,0.0
3.50144,-6.20256,0.0
3.50144,-6.10251,0.0
3.50144,-6.00247,0.0
3.50144,-5.90243,0.0
3.50144,-5.80239,0.0
3.50144,-5.70235,0.0
3.50144,-5.60231,0.0
3.50144,-5.50227,0.0
3.50144,-5.40223,0.0
3.50144,-5.30218,0.0
3.50144,-5.20214,0.0
3.50144,-5.1021,0.0
3.50144,-5.00206,0.0
3.50144,-4.90202,0.0
3.50144,-4.80198,0.0
3.50144,-4.70194,0.0
3.50144,-4.6019,0.0
3.50144,-4.50185,0.0
3.50144,-4.40181,0.0
3.50144,-4.30177,0.0
3.50144,-4.20173,0.0
3.50144,-4.10169,0.0
3.50144,-4.00165,0.0
3.50144,-3.90161,0.0
3.50144,-3.80157,0.0
3.50144,-3.70152,0.0
3.50144,-3.60148,0.0
3.50144,-3.50144,0.0
3.50144,-3.4014,0.0
3.50144,-3.30136,0.0
3.50144,-3.20132,0.0
3.50144,-3.10128,0.0
3.50144,-3.00124,0.0
3.50144,-2.9012,0.0
3.50144,-2.80115,0.0
3.50144,-2.70111,0.0
3.50144,-2.60107,0.0
3.50144,-2.50103,0.0
3.50144,-2.40099,0.0
3.50144,-2.30095,0.0
3.50144,-2.20091,0.0
3.50144,-2.10087,0.0
3.50144,-2.00082,0.0
3.50144,-1.90078,0.0
3.50144,-1.80074,0.0
3.50144,-1.7007,0.0
3.50144,-1.60066,0.0
3.50144,-1.50062,0.0
3.50144,-1.40058,0.0
3.50144,-1.30054,0.0
3.50144,-1.20049,0.0
3.50144,-1.10045,0.0
3.50144,-1.00041,0.0
3.50144,-0.90037,0.0
3.50144,-0.80033,0.0
3.50144,-0.70029,0.0
3.50144,-0.60025,0.0
3.50144,-0.50021,0.0
3.50144,-0.40016,0.0
3.50144,-0.30012,0.0
3.50144,-0.20008,0.0
3.50144,-0.10004,0.0
3.50144,0,0.0
3.50144,0.10004,0.0
3.50144,0.20008,0.0
3.50144,0.30012,0.0
3.50144,0.40016,0.0
3.50144,0.50021,0.0
3.50144,0.60025,0.0
3.50144,0.70029,0.0
3.50144,0.80033,0.0
3.50144,0.90037,0.0
3.50144,1.00041,0.0
3.50144,1.10045,0.0
3.50144,1.20049,0.0
3.50144,1.30054,0.0
3.50144,1.40058,0.0
3.50144,1.50062,0.0
3.50144,1.60066,0.0
3.50144,1.7007,0.0
3.50144,1.80074,0.0
3.50144,1.90078,0.0
3.50144,2.00082,0.0
3.50144,2.10087,0.0
3.50144,2.20091,0.0
3.50144,2.30095,0.0
3.50144,2.40099,0.0
3.50144,2.50103,0.0
3.50144,2.60107,0.0
3.50144,2.70111,0.0
3.50144,2.80115,0.0
3.50144,2.9012,0.0
3.50144,3.00124,0.0
3.50144,3.10128,0.0
3.50144,3.20132,0.0
3.50144,3.30136,0.0
3.50144,3.4014,0.0
3.50144,3.50144,0.0
3.50144,3.60148,0.0
3.50144,3.70152,0.0
3.50144,3.80157,0.0
3.50144,3.90161,0.0
3.50144,4.00165,0.0
3.50144,4.10169,0.0
3.50144,4.20173,0.0
3.50144,4.30177,0.0
3.50144,4.40181,0.0
3.50144,4.50185,0.0
3.50144,4.6019,0.0
3.50144,4.70194,0.0
3.50144,4.80198,0.0
3.50144,4.90202,0.0
3.50144,5.00206,0.0
3.50144,5.1021,0.0
3.50144,5.20214,0.0
3.50144,5.30218,0.0
3.50144,5.40223,0.0
3.50144,5.50227,0.0
3.50144,5.60231,0.0
3.50144,5.70235,0.0
3.50144,5.80239,0.0
3.50144,5.90243,0.0
3.50144,6.00247,0.0
3.50144,6.10251,0.0
3.50144,6.20256,0.0
3.50144,6.3026,0.0
3.50144,6.40264,0.0
3.50144,6.50268,0.0
3.50144,6.60272,0.0
3.50144,6.70276,0.0
3.50144,6.8028,0.0
3.50144,6.90284,0.0
3.50144,7.00289,0.0
3.50144,7.10293,0.0
3.50144,7.20297,0.0
3.50144,7.30301,0.0
3.50144,7.40305,0.0
3.50144,7.50309,0.0
3.50144,7.60313,0.0
3.50144,7.70317,0.0
3.50144,7.80321,0.0
3.50144,7.90326,0.0
3.50144,8.0033,0.0
3.50144,8.10334,0.0
3.50144,8.20338,0.0
3.50144,8.30342,0.0
3.50144,8.40346,0.0
3.50144,8.5035,0.0
3.50144,8.60354,0.0
3.50144,8.70359,0.0
3.50144,8.80363,0.0
3.50144,8.90367,0.0
3.50144,9.00371,0.0
3.50144,9.10375,0.0
3.60148,-9.10375,0.0
3.60148,-9.00371,0.0
3.60148,-8.90367,0.0
3.60148,-8.80363,0.0
3.60148,-8.70359,0.0
3.60148,-8.60354,0.0
3.60148,-8.5035,0.0
3.60148,-8.40346,0.0
3.60148,-8.30342,0.0
3.60148,-8.20338,0.0
3.60148,-8.10334,0.0
3.60148,-8.0033,0.0
3.60148,-7.90326,0.0
3.60148,-7.80321,0.0
3.60148,-7.70317,0.0
3.60148,-7.60313,0.0
3.60148,-7.50309,0.0
3.60148,-7.40305,0.0
3.60148,-7.30301,0.0
3.60148,-7.20297,0.0
3.60148,-7.10293,0.0
3.60148,-7.00289,0.0
3.60148,-6.90284,0.0
3.60148,-6.8028,0.0
3.60148,-6.70276,0.0
3.60148,-6.60272,0.0
3.60148,-6.50268,0.0
3.60148,-6.40264,0.0
3.60148,-6.3026,0.0
3.60148,-6.20256,0.0
3.60148,-6.10251,0.0
3.60148,-6.00247,0.0
3.60148,-5.90243,0.0
3.60148,-5.80239,0.0
3.60148,-5.70235,0.0
3.60148,-5.60231,0.0
3.60148,-5.50227,0.0
3.60148,-5.40223,0.0
3.60148,-5.30218,0.0
3.60148,-5.20214,0.0
3.60148,-5.1021,0.0
3.60148,-5.00206,0.0
3.60148,-4.90202,0.0
3.60148,-4.80198,0.0
3.60148,-4.70194,0.0
3.60148,-4.6019,0.0
3.60148,-4.50185,0.0
3.60148,-4.40181,0.0
3.60148,-4.30177,0.0
3.60148,-4.20173,0.0
3.60148,-4.10169,0.0
3.60148,-4.00165,0.0
3.60148,-3.90161,0.0
3.60148,-3.80157,0.0
3.60148,-3.70152,0.0
3.60148,-3.60148,0.0
3.60148,-3.50144,0.0
3.60148,-3.4014,0.0
3.60148,-3.30136,0.0
3.60148,-3.20132,0.0
3.60148,-3.10128,0.0
3.60148,-3.00124,0.0
3.60148,-2.9012,0.0
3.60148,-2.80115,0.0
3.60148,-2.70111,0.0
3.60148,-2.60107,0.0
3.60148,-2.50103,0.0
3.60148,-2.40099,0.0
3.60148,-2.30095,0.0
3.60148,-2.20091,0.0
3.60148,-2.10087,0.0
3.60148,-2.00082,0.0
3.60148,-1.90078,0.0
3.60148,-1.80074,0.0
3.60148,-1.7007,0.0
3.60148,-1.60066,0.0
3.60148,-1.50062,0.0
3.60148,-1.40058,0.0
3.60148,-1.30054,0.0
3.60148,-1.20049,0.0
3.60148,-1.10045,0.0
3.60148,-1.00041,0.0
3.60148,-0.90037,0.0
3.60148,-0.80033,0.0
3.60148,-0.70029,0.0
3.60148,-0.60025,0.0
3.60148,-0.50021,0.0
3.60148,-0.40016,0.0
3.60148,-0.30012,0.0
3.60148,-0.20008,0.0
3.60148,-0.10004,0.0
3.60148,0,0.0
3.60148,0.10004,0.0
3.60148,0.20008,0.0
3.60148,0.30012,0.0
3.60148,0.40016,0.0
3.60148,0.50021,0.0
3.60148,0.60025,0.0
3.60148,0.70029,0.0
3.60148,0.80033,0.0
3.60148,0.90037,0.0
3.60148,1.00041,0.0
3.60148,1.10045,0.0
3.60148,1.20049,0.0
3.60148,1.30054,0.0
3.60148,1.40058,0.0
3.60148,1.50062,0.0
3.60148,1.60066,0.0
3.60148,1.7007,0.0
3.60148,1.80074,0.0
3.60148,1.90078,0.0
3.60148,2.00082,0.0
3.60148,2.10087,0.0
3.60148,2.20091,0.0
3.60148,2.30095,0.0
3.60148,2.40099,0.0
3.60148,2.50103,0.0
3.60148,2.60107,0.0
3.60148,2.70111,0.0
3.60148,2.80115,0.0
3.60148,2.9012,0.0
3.60148,3.00124,0.0
3.60148,3.10128,0.0
3.60148,3.20132,0.0
3.60148,3.30136,0.0
3.60148,3.4014,0.0
3.60148,3.50144,0.0
3.60148,3.60148,0.0
3.60148,3.70152,0.0
3.60148,3.80157,0.0
3.60148,3.90161,0.0
3.60148,4.00165,0.0
3.60148,4.10169,0.0
3.60148,4.20173,0.0
3.60148,4.30177,0.0
3.60148,4.40181,0.0
3.60148,4.50185,0.0
3.60148,4.6019,0.0
3.60148,4.70194,0.0
3.60148,4.80198,0.0
3.60148,4.90202,0.0
3.60148,5.00206,0.0
3.60148,5.1021,0.0
3.60148,5.20214,0.0
3.60148,5.30218,0.0
3.60148,5.40223,0.0
3.60148,5.50227,0.0
3.60148,5.60231,0.0
3.60148,5.70235,0.0
3.60148,5.80239,0.0
3.60148,5.90243,0.0
3.60148,6.00247,0.0
3.60148,6.10251,0.0
3.60148,6.20256,0.0
3.60148,6.3026,0.0
3.60148,6.40264,0.0
3.60148,6.50268,0.0
3.60148,6.60272,0.0
3.60148,6.70276,0.0
3.60148,6.8028,0.0
3.60148,6.90284,0.0
3.60148,7.00289,0.0
3.60148,7.10293,0.0
3.60148,7.20297,0.0
3.60148,7.30301,0.0
3.60148,7.40305,0.0
3.60148,7.50309,0.0
3.60148,7.60313,0.0
3.60148,7.70317,0.0
3.60148,7.80321,0.0
3.60148,7.90326,0.0
3.60148,8.0033,0.0
3.60148,8.10334,0.0
3.60148,8.20338,0.0
3.60148,8.30342,0.0
3.60148,8.40346,0.0
3.60148,8.5035,0.0
3.60148,8.60354,0.0
3.60148,8.70359,0.0
3.60148,8.80363,0.0
3.60148,8.90367,0.0
3.60148,9.00371,0.0
3.60148,9.10375,0.0
3.70152,-9.00371,0.0
3.70152,-8.90367,0.0
3.70152,-8.80363,0.0
3.70152,-8.70359,0.0
3.70152,-8.60354,0.0
3.70152,-8.5035,0.0
3.70152,-8.40346,0.0
3.70152,-8.30342,0.0
3.70152,-8.20338,0.0
3.70152,-8.10334,0.0
3.70152,-8.0033,0.0
3.70152,-7.90326,0.0
3.70152,-7.80321,0.0
3.70152,-7.70317,0.0
3.70152,-7.60313,0.0
3.70152,-7.50309,0.0
3.70152,-7.40305,0.0
3.70152,-7.30301,0.0
3.70152,-7.20297,0.0
3.70152,-7.10293,0.0
3.70152,-7.00289,0.0
3.70152,-6.90284,0.0
3.70152,-6.8028,0.0
3.70152,-6.70276,0.0
3.70152,-6.60272,0.0
3.70152,-6.50268,0.0
3.70152,-6.40264,0.0
3.70152,-6.3026,0.0
3.70152,-6.20256,0.0
3.70152,-6.10251,0.0
3.70152,-6.00247,0.0
3.70152,-5.90243,0.0
3.70152,-5.80239,0.0
3.70152,-5.70235,0.0
3.70152,-5.60231,0.0
3.70152,-5.50227,0.0
3.70152,-5.40223,0.0
3.70152,-5.30218,0.0
3.70152,-5.20214,0.0
3.70152,-5.1021,0.0
3.70152,-5.00206,0.0
3.70152,-4.90202,0.0
3.70152,-4.80198,0.0
3.70152,-4.70194,0.0
3.70152,-4.6019,0.0
3.70152,-4.50185,0.0
3.70152,-4.40181,0.0
3.70152,-4.30177,0.0
3.70152,-4.20173,0.0
3.70152,-4.10169,0.0
3.70152,-4.00165,0.0
3.70152,-3.90161,0.0
3.70152,-3.80157,0.0
3.70152,-3.70152,0.0
3.70152,-3.60148,0.0
3.70152,-3.50144,0.0
3.70152,-3.4014,0.0
3.70152,-3.30136,0.0
3.70152,-3.20132,0.0
3.70152,-3.10128,0.0
3.70152,-3.00124,0.0
3.70152,-2.9012,0.0
3.70152,-2.80115,0.0
3.70152,-2.70111,0.0
3.70152,-2.60107,0.0
3.70152,-2.50103,0.0
3.70152,-2.40099,0.0
3.70152,-2.30095,0.0
3.70152,-2.20091,0.0
3.70152,-2.10087,0.0
3.70152,-2.00082,0.0
3.70152,-1.90078,0.0
3.70152,-1.80074,0.0
3.70152,-1.7007,0.0
3.70152,-1.60066,0.0
3.70152,-1.50062,0.0
3.70152,-1.40058,0.0
3.70152,-1.30054,0.0
3.70152,-1.20049,0.0
3.70152,-1.10045,0.0
3.70152,-1.00041,0.0
3.70152,-0.90037,0.0
3.70152,-0.80033,0.0
3.70152,-0.70029,0.0
3.70152,-0.60025,0.0
3.70152,-0.50021,0.0
3.70152,-0.40016,0.0
3.70152,-0.30012,0.0
3.70152,-0.20008,0.0
3.70152,-0.10004,0.0
3.70152,0,0.0
3.70152,0.10004,0.0
3.70152,0.20008,0.0
3.70152,0.30012,0.0
3.70152,0.40016,0.0
3.70152,0.50021,0.0
3.70152,0.60025,0.0
3.70152,0.70029,0.0
3.70152,0.80033,0.0
3.70152,0.90037,0.0
3.70152,1.00041,0.0
3.70152,1.10045,0.0
3.70152,1.20049,0.0
3.70152,1.30054,0.0
3.70152,1.40058,0.0
3.70152,1.50062,0.0
3.70152,1.60066,0.0
3.70152,1.7007,0.0
3.70152,1.80074,0.0
3.70152,1.90078,0.0
3.70152,2.00082,0.0
3.70152,2.10087,0.0
3.70152,2.20091,0.0
3.70152,2.30095,0.0
3.70152,2.40099,0.0
3.70152,2.50103,0.0
3.70152,2.60107,0.0
3.70152,2.70111,0.0
3.70152,2.80115,0.0
3.70152,2.9012,0.0
3.70152,3.00124,0.0
3.70152,3.10128,0.0
3.70152,3.20132,0.0
3.70152,3.30136,0.0
3.70152,3.4014,0.0
3.70152,3.50144,0.0
3.70152,3.60148,0.0
3.70152,3.70152,0.0
3.70152,3.80157,0.0
3.70152,3.90161,0.0
3.70152,4.00165,0.0
3.70152,4.10169,0.0
3.70152,4.20173,0.0
3.70152,4.30177,0.0
3.70152,4.40181,0.0
3.70152,4.50185,0.0
3.70152,4.6019,0.0
3.70152,4.70194,0.0
3.70152,4.80198,0.0
3.70152,4.90202,0.0
3.70152,5.00206,0.0
3.70152,5.1021,0.0
3.70152,5.20214,0.0
3.70152,5.30218,0.0
3.70152,5.40223,0.0
3.70152,5.50227,0.0
3.70152,5.60231,0.0
3.70152,5.70235,0.0
3.70152,5.80239,0.0
3.70152,5.90243,0.0
3.70152,6.00247,0.0
3.70152,6.10251,0.0
3.70152,6.20256,0.0
3.70152,6.3026,0.0
3.70152,6.40264,0.0
3.70152,6.50268,0.0
3.70152,6.60272,0.0
3.70152,6.70276,0.0
3.70152,6.8028,0.0
3.70152,6.90284,0.0
3.70152,7.00289,0.0
3.70152,7.10293,0.0
3.70152,7.20297,0.0
3.70152,7.30301,0.0
3.70152,7.40305,0.0
3.70152,7.50309,0.0
3.70152,7.60313,0.0
3.70152,7.70317,0.0
3.70152,7.80321,0.0
3.70152,7.90326,0.0
3.70152,8.0033,0.0
3.70152,8.10334,0.0
3.70152,8.20338,0.0
3.70152,8.30342,0.0
3.70152,8.40346,0.0
3.70152,8.5035,0.0
3.70152,8.60354,0.0
3.70152,8.70359,0.0
3.70152,8.80363,0.0
3.70152,8.90367,0.0
3.70152,9.00371,0.0
3.80157,-9.00371,0.0
3.80157,-8.90367,0.0
3.80157,-8.80363,0.0
3.80157,-8.70359,0.0
3.80157,-8.60354,0.0
3.80157,-8.5035,0.0
3.80157,-8.40346,0.0
3.80157,-8.30342,0.0
3.80157,-8.20338,0.0
3.80157,-8.10334,0.0
3.80157,-8.0033,0.0
3.80157,-7.90326,0.0
3.80157,-7.80321,0.0
3.80157,-7.70317,0.0
3.80157,-7.60313,0.0
3.80157,-7.50309,0.0
3.80157,-7.40305,0.0
3.80157,-7.30301,0.0
3.80157,-7.20297,0.0
3.80157,-7.10293,0.0
3.80157,-7.00289,0.0
3.80157,-6.90284,0.0
3.80157,-6.8028,0.0
3.80157,-6.70276,0.0
3.80157,-6.60272,0.0
3.80157,-6.50268,0.0
3.80157,-6.40264,0.0
3.80157,-6.3026,0.0
3.80157,-6.20256,0.0
3.80157,-6.10251,0.0
3.80157,-6.00247,0.0
3.80157,-5.90243,0.0
3.80157,-5.80239,0.0
3.80157,-5.70235,0.0
3.80157,-5.60231,0.0
3.80157,-5.50227,0.0
3.80157,-5.40223,0.0
3.80157,-5.30218,0.0
3.80157,-5.20214,0.0
3.80157,-5.1021,0.0
3.80157,-5.00206,0.0
3.80157,-4.90202,0.0
3.80157,-4.80198,0.0
3.80157,-4.70194,0.0
3.80157,-4.6019,0.0
3.80157,-4.50185,0.0
3.80157,-4.40181,0.0
3.80157,-4.30177,0.0
3.80157,-4.20173,0.0
3.80157,-4.10169,0.0
3.80157,-4.00165,0.0
3.80157,-3.90161,0.0
3.80157,-3.80157,0.0
3.80157,-3.70152,0.0
3.80157,-3.60148,0.0
3.80157,-3.50144,0.0
3.80157,-3.4014,0.0
3.80157,-3.30136,0.0
3.80157,-3.20132,0.0
3.80157,-3.10128,0.0
3.80157,-3.00124,0.0
3.80157,-2.9012,0.0
3.80157,-2.80115,0.0
3.80157,-2.70111,0.0
3.80157,-2.60107,0.0
3.80157,-2.50103,0.0
3.80157,-2.40099,0.0
3.80157,-2.30095,0.0
3.80157,-2.20091,0.0
3.80157,-2.10087,0.0
3.80157,-2.00082,0.0
3.80157,-1.90078,0.0
3.80157,-1.80074,0.0
3.80157,-1.7007,0.0
3.80157,-1.60066,0.0
3.80157,-1.50062,0.0
3.80157,-1.40058,0.0
3.80157,-1.30054,0.0
3.80157,-1.20049,0.0
3.80157,-1.10045,0.0
3.80157,-1.00041,0.0
3.80157,-0.90037,0.0
3.80157,-0.80033,0.0
3.80157,-0.70029,0.0
3.80157,-0.60025,0.0
3.80157,-0.50021,0.0
3.80157,-0.40016,0.0
3.80157,-0.30012,0.0
3.80157,-0.20008,0.0
3.80157,-0.10004,0.0
3.80157,0,0.0
3.80157,0.10004,0.0
3.80157,0.20008,0.0
3.80157,0.30012,0.0
3.80157,0.40016,0.0
3.80157,0.50021,0.0
3.80157,0.60025,0.0
3.80157,0.70029,0.0
3.80157,0.80033,0.0
3.80157,0.90037,0.0
3.80157,1.00041,0.0
3.80157,1.10045,0.0
3.80157,1.20049,0.0
3.80157,1.30054,0.0
3.80157,1.40058,0.0
3.80157,1.50062,0.0
3.80157,1.60066,0.0
3.80157,1.7007,0.0
3.80157,1.80074,0.0
3.80157,1.90078,0.0
3.80157,2.00082,0.0
3.80157,2.10087,0.0
3.80157,2.20091,0.0
3.80157,2.30095,0.0
3.80157,2.40099,0.0
3.80157,2.50103,0.0
3.80157,2.60107,0.0
3.80157,2.70111,0.0
3.80157,2.80115,0.0
3.80157,2.9012,0.0
3.80157,3.00124,0.0
3.80157,3.10128,0.0
3.80157,3.20132,0.0
3.80157,3.30136,0.0
3.80157,3.4014,0.0
3.80157,3.50144,0.0
3.80157,3.60148,0.0
3.80157,3.70152,0.0
3.80157,3.80157,0.0
3.80157,3.90161,0.0
3.80157,4.00165,0.0
3.80157,4.10169,0.0
3.80157,4.20173,0.0
3.80157,4.30177,0.0
3.80157,4.40181,0.0
3.80157,4.50185,0.0
3.80157,4.6019,0.0
3.80157,4.70194,0.0
3.80157,4.80198,0.0
3.80157,4.90202,0.0
3.80157,5.00206,0.0
3.80157,5.1021,0.0
3.80157,5.20214,0.0
3.80157,5.30218,0.0
3.80157,5.40223,0.0
3.80157,5.50227,0.0
3.80157,5.60231,0.0
3.80157,5.70235,0.0
3.80157,5.80239,0.0
3.80157,5.90243,0.0
3.80157,6.00247,0.0
3.80157,6.10251,0.0
3.80157,6.20256,0.0
3.80157,6.3026,0.0
3.80157,6.40264,0.0
3.80157,6.50268,0.0
3.80157,6.60272,0.0
3.80157,6.70276,0.0
3.80157,6.8028,0.0
3.80157,6.90284,0.0
3.80157,7.00289,0.0
3.80157,7.10293,0.0
3.80157,7.20297,0.0
3.80157,7.30301,0.0
3.80157,7.40305,0.0
3.80157,7.50309,0.0
3.80157,7.60313,0.0
3.80157,7.70317,0.0
3.80157,7.80321,0.0
3.80157,7.90326,0.0
3.80157,8.0033,0.0
3.80157,8.10334,0.0
3.80157,8.20338,0.0
3.80157,8.30342,0.0
3.80157,8.40346,0.0
3.80157,8.5035,0.0
3.80157,8.60354,0.0
3.80157,8.70359,0.0
3.80157,8.80363,0.0
3.80157,8.90367,0.0
3.80157,9.00371,0.0
3.90161,-8.90367,0.0
3.90161,-8.80363,0.0
3.90161,-8.70359,0.0
3.90161,-8.60354,0.0
3.90161,-8.5035,0.0
3.90161,-8.40346,0.0
3.90161,-8.30342,0.0
3.90161,-8.20338,0.0
3.90161,-8.10334,0.0
3.90161,-8.0033,0.0
3.90161,-7.90326,0.0
3.90161,-7.80321,0.0
3.90161,-7.70317,0.0
3.90161,-7.60313,0.0
3.90161,-7.50309,0.0
3.90161,-7.40305,0.0
3.90161,-7.30301,0.0
3.90161,-7.20297,0.0
3.90161,-7.10293,0.0
3.90161,-7.00289,0.0
3.90161,-6.90284,0.0
3.90161,-6.8028,0.0
3.90161,-6.70276,0.0
3.90161,-6.60272,0.0
3.90161,-6.50268,0.0
3.90161,-6.40264,0.0
3.90161,-6.3026,0.0
3.90161,-6.20256,0.0
3.90161,-6.10251,0.0
3.90161,-6.00247,0.0
3.90161,-5.90243,0.0
3.90161,-5.80239,0.0
3.90161,-5.70235,0.0
3.90161,-5.60231,0.0
3.90161,-5.50227,0.0
3.90161,-5.40223,0.0
3.90161,-5.30218,0.0
3.90161,-5.20214,0.0
3.90161,-5.1021,0.0
3.90161,-5.00206,0.0
3.90161,-4.90202,0.0
3.90161,-4.80198,0.0
3.90161,-4.70194,0.0
3.90161,-4.6019,0.0
3.90161,-4.50185,0.0
3.90161,-4.40181,0.0
3.90161,-4.30177,0.0
3.90161,-4.20173,0.0
3.90161,-4.10169,0.0
3.90161,-4.00165,0.0
3.90161,-3.90161,0.0
3.90161,-3.80157,0.0
3.90161,-3.70152,0.0
3.90161,-3.60148,0.0
3.90161,-3.50144,0.0
3.90161,-3.4014,0.0
3.90161,-3.30136,0.0
3.90161,-3.20132,0.0
3.90161,-3.10128,0.0
3.90161,-3.00124,0.0
3.90161,-2.9012,0.0
3.90161,-2.80115,0.0
3.90161,-2.70111,0.0
3.90161,-2.60107,0.0
3.90161,-2.50103,0.0
3.90161,-2.40099,0.0
3.90161,-2.30095,0.0
3.90161,-2.20091,0.0
3.90161,-2.10087,0.0
3.90161,-2.00082,0.0
3.90161,-1.90078,0.0
3.90161,-1.80074,0.0
3.90161,-1.7007,0.0
3.90161,-1.60066,0.0
3.90161,-1.50062,0.0
3.90161,-1.40058,0.0
3.90161,-1.30054,0.0
3.90161,-1.20049,0.0
3.90161,-1.10045,0.0
3.90161,-1.00041,0.0
3.90161,-0.90037,0.0
3.90161,-0.80033,0.0
3.90161,-0.70029,0.0
3.90161,-0.60025,0.0
3.90161,-0.50021,0.0
3.90161,-0.40016,0.0
3.90161,-0.30012,0.0
3.90161,-0.20008,0.0
3.90161,-0.10004,0.0
3.90161,0,0.0
3.90161,0.10004,0.0
3.90161,0.20008,0.0
3.90161,0.30012,0.0
3.90161,0.40016,0.0
3.90161,0.50021,0.0
3.90161,0.60025,0.0
3.90161,0.70029,0.0
3.90161,0.80033,0.0
3.90161,0.90037,0.0
3.90161,1.00041,0.0
3.90161,1.10045,0.0
3.90161,1.20049,0.0
3.90161,1.30054,0.0
3.90161,1.40058,0.0
3.90161,1.50062,0.0
3.90161,1.60066,0.0
3.90161,1.7007,0.0
3.90161,1.80074,0.0
3.90161,1.90078,0.0
3.90161,2.00082,0.0
3.90161,2.10087,0.0
3.90161,2.20091,0.0
3.90161,2.30095,0.0
3.90161,2.40099,0.0
3.90161,2.50103,0.0
3.90161,2.60107,0.0
3.90161,2.70111,0.0
3.90161,2.80115,0.0
3.90161,2.9012,0.0
3.90161,3.00124,0.0
3.90161,3.10128,0.0
3.90161,3.20132,0.0
3.90161,3.30136,0.0
3.90161,3.4014,0.0
3.90161,3.50144,0.0
3.90161,3.60148,0.0
3.90161,3.70152,0.0
3.90161,3.80157,0.0
3.90161,3.90161,0.0
3.90161,4.00165,0.0
3.90161,4.10169,0.0
3.90161,4.20173,0.0
3.90161,4.30177,0.0
3.90161,4.40181,0.0
3.90161,4.50185,0.0
3.90161,4.6019,0.0
3.90161,4.70194,0.0
3.90161,4.80198,0.0
3.90161,4.90202,0.0
3.90161,5.00206,0.0
3.90161,5.1021,0.0
3.90161,5.20214,0.0
3.90161,5.30218,0.0
3.90161,5.40223,0.0
3.90161,5.50227,0.0
3.90161,5.60231,0.0
3.90161,5.70235,0.0
3.90161,5.80239,0.0
3.90161,5.90243,0.0
3.90161,6.00247,0.0
3.90161,6.10251,0.0
3.90161,6.20256,0.0
3.90161,6.3026,0.0
3.90161,6.40264,0.0
3.90161,6.50268,0.0
3.90161,6.60272,0.0
3.90161,6.70276,0.0
3.90161,6.8028,0.0
3.90161,6.90284,0.0
3.90161,7.00289,0.0
3.90161,7.10293,0.0
3.90161,7.20297,0.0
3.90161,7.30301,0.0
3.90161,7.40305,0.0
3.90161,7.50309,0.0
3.90161,7.60313,0.0
3.90161,7.70317,0.0
3.90161,7.80321,0.0
3.90161,7.90326,0.0
3.90161,8.0033,0.0
3.90161,8.10334,0.0
3.90161,8.20338,0.0
3.90161,8.30342,0.0
3.90161,8.40346,0.0
3.90161,8.5035,0.0
3.90161,8.60354,0.0
3.90161,8.70359,0.0
3.90161,8.80363,0.0
3.90161,8.90367,0.0
4.00165,-8.90367,0.0
4.00165,-8.80363,0.0
4.00165,-8.70359,0.0
4.00165,-8.60354,0.0
4.00165,-8.5035,0.0
4.00165,-8.40346,0.0
4.00165,-8.30342,0.0
4.00165,-8.20338,0.0
4.00165,-8.10334,0.0
4.00165,-8.0033,0.0
4.00165,-7.90326,0.0
4.00165,-7.80321,0.0
4.00165,-7.70317,0.0
4.00165,-7.60313,0.0
4.00165,-7.50309,0.0
4.00165,-7.40305,0.0
4.00165,-7.30301,0.0
4.00165,-7.20297,0.0
4.00165,-7.10293,0.0
4.00165,-7.00289,0.0
4.00165,-6.90284,0.0
4.00165,-6.8028,0.0
4.00165,-6.70276,0.0
4.00165,-6.60272,0.0
4.00165,-6.50268,0.0
4.00165,-6.40264,0.0
4.00165,-6.3026,0.0
4.00165,-6.20256,0.0
4.00165,-6.10251,0.0
4.00165,-6.00247,0.0
4.00165,-5.90243,0.0
4.00165,-5.80239,0.0
4.00165,-5.70235,0.0
4.00165,-5.60231,0.0
4.00165,-5.50227,0.0
4.00165,-5.40223,0.0
4.00165,-5.30218,0.0
4.00165,-5.20214,0.0
4.00165,-5.1021,0.0
4.00165,-5.00206,0.0
4.00165,-4.90202,0.0
4.00165,-4.80198,0.0
4.00165,-4.70194,0.0
4.00165,-4.6019,0.0
4.00165,-4.50185,0.0
4.00165,-4.40181,0.0
4.00165,-4.30177,0.0
4.00165,-4.20173,0.0
4.00165,-4.10169,0.0
4.00165,-4.00165,0.0
4.00165,-3.90161,0.0
4.00165,-3.80157,0.0
4.00165,-3.70152,0.0
4.00165,-3.60148,0.0
4.00165,-3.50144,0.0
4.00165,-3.4014,0.0
4.00165,-3.30136,0.0
4.00165,-3.20132,0.0
4.00165,-3.10128,0.0
4.00165,-3.00124,0.0
4.00165,-2.9012,0.0
4.00165,-2.80115,0.0
4.00165,-2.70111,0.0
4.00165,-2.60107,0.0
4.00165,-2.50103,0.0
4.00165,-2.40099,0.0
4.00165,-2.30095,0.0
4.00165,-2.20091,0.0
4.00165,-2.10087,0.0
4.00165,-2.00082,0.0
4.00165,-1.90078,0.0
4.00165,-1.80074,0.0
4.00165,-1.7007,0.0
4.00165,-1.60066,0.0
4.00165,-1.50062,0.0
4.00165,-1.40058,0.0
4.00165,-1.30054,0.0
4.00165,-1.20049,0.0
4.00165,-1.10045,0.0
4.00165,-1.00041,0.0
4.00165,-0.90037,0.0
4.00165,-0.80033,0.0
4.00165,-0.70029,0.0
4.00165,-0.60025,0.0
4.00165,-0.50021,0.0
4.00165,-0.40016,0.0
4.00165,-0.30012,0.0
4.00165,-0.20008,0.0
4.00165,-0.10004,0.0
4.00165,0,0.0
4.00165,0.10004,0.0
4.00165,0.20008,0.0
4.00165,0.30012,0.0
4.00165,0.40016,0.0
4.00165,0.50021,0.0
4.00165,0.60025,0.0
4.00165,0.70029,0.0
4.00165,0.80033,0.0
4.00165,0.90037,0.0
4.00165,1.00041,0.0
4.00165,1.10045,0.0
4.00165,1.20049,0.0
4.00165,1.30054,0.0
4.00165,1.40058,0.0
4.00165,1.50062,0.0
4.00165,1.60066,0.0
4.00165,1.7007,0.0
4.00165,1.80074,0.0
4.00165,1.90078,0.0
4.00165,2.00082,0.0
4.00165,2.10087,0.0
4.00165,2.20091,0.0
4.00165,2.30095,0.0
4.00165,2.40099,0.0
4.00165,2.50103,0.0
4.00165,2.60107,0.0
4.00165,2.70111,0.0
4.00165,2.80115,0.0
4.00165,2.9012,0.0
4.00165,3.00124,0.0
4.00165,3.10128,0.0
4.00165,3.20132,0.0
4.00165,3.30136,0.0
4.00165,3.4014,0.0
4.00165,3.50144,0.0
4.00165,3.60148,0.0
4.00165,3.70152,0.0
4.00165,3.80157,0.0
4.00165,3.90161,0.0
4.00165,4.00165,0.0
4.00165,4.10169,0.0
4.00165,4.20173,0.0
4.00165,4.30177,0.0
4.00165,4.40181,0.0
4.00165,4.50185,0.0
4.00165,4.6019,0.0
4.00165,4.70194,0.0
4.00165,4.80198,0.0
4.00165,4.90202,0.0
4.00165,5.00206,0.0
4.00165,5.1021,0.0
4.00165,5.20214,0.0
4.00165,5.30218,0.0
4.00165,5.40223,0.0
4.00165,5.50227,0.0
4.00165,5.60231,0.0
4.00165,5.70235,0.0
4.00165,5.80239,0.0
4.00165,5.90243,0.0
4.00165,6.00247,0.0
4.00165,6.10251,0.0
4.00165,6.20256,0.0
4.00165,6.3026,0.0
4.00165,6.40264,0.0
4.00165,6.50268,0.0
4.00165,6.60272,0.0
4.00165,6.70276,0.0
4.00165,6.8028,0.0
4.00165,6.90284,0.0
4.00165,7.00289,0.0
4.00165,7.10293,0.0
4.00165,7.20297,0.0
4.00165,7.30301,0.0
4.00165,7.40305,0.0
4.00165,7.50309,0.0
4.00165,7.60313,0.0
4.00165,7.70317,0.0
4.00165,7.80321,0.0
4.00165,7.90326,0.0
4.00165,8.0033,0.0
4.00165,8.10334,0.0
4.00165,8.20338,0.0
4.00165,8.30342,0.0
4.00165,8.40346,0.0
4.00165,8.5035,0.0
4.00165,8.60354,0.0
4.00165,8.70359,0.0
4.00165,8.80363,0.0
4.00165,8.90367,0.0
4.10169,-8.80363,0.0
4.10169,-8.70359,0.0
4.10169,-8.60354,0.0
4.10169,-8.5035,0.0
4.10169,-8.40346,0.0
4.10169,-8.30342,0.0
4.10169,-8.20338,0.0
4.10169,-8.10334,0.0
4.10169,-8.0033,0.0
4.10169,-7.90326,0.0
4.10169,-7.80321,0.0
4.10169,-7.70317,0.0
4.10169,-7.60313,0.0
4.10169,-7.50309,0.0
4.10169,-7.40305,0.0
4.10169,-7.30301,0.0
4.10169,-7.20297,0.0
4.10169,-7.10293,0.0
4.10169,-7.00289,0.0
4.10169,-6.90284,0.0
4.10169,-6.8028,0.0
4.10169,-6.70276,0.0
4.10169,-6.60272,0.0
4.10169,-6.50268,0.0
4.10169,-6.40264,0.0
4.10169,-6.3026,0.0
4.10169,-6.20256,0.0
4.10169,-6.10251,0.0
4.10169,-6.00247,0.0
4.10169,-5.90243,0.0
4.10169,-5.80239,0.0
4.10169,-5.70235,0.0
4.10169,-5.60231,0.0
4.10169,-5.50227,0.0
4.10169,-5.40223,0.0
4.10169,-5.30218,0.0
4.10169,-5.20214,0.0
4.10169,-5.1021,0.0
4.10169,-5.00206,0.0
4.10169,-4.90202,0.0
4.10169,-4.80198,0.0
4.10169,-4.70194,0.0
4.10169,-4.6019,0.0
4.10169,-4.50185,0.0
4.10169,-4.40181,0.0
4.10169,-4.30177,0.0
4.10169,-4.20173,0.0
4.10169,-4.10169,0.0
4.10169,-4.00165,0.0
4.10169,-3.90161,0.0
4.10169,-3.80157,0.0
4.10169,-3.70152,0.0
4.10169,-3.60148,0.0
4.10169,-3.50144,0.0
4.10169,-3.4014,0.0
4.10169,-3.30136,0.0
4.10169,-3.20132,0.0
4.10169,-3.10128,0.0
4.10169,-3.00124,0.0
4.10169,-2.9012,0.0
4.10169,-2.80115,0.0
4.10169,-2.70111,0.0
4.10169,-2.60107,0.0
4.10169,-2.50103,0.0
4.10169,-2.40099,0.0
4.10169,-2.30095,0.0
4.10169,-2.20091,0.0
4.10169,-2.10087,0.0
4.10169,-2.00082,0.0
4.10169,-1.90078,0.0
4.10169,-1.80074,0.0
4.10169,-1.7007,0.0
4.10169,-1.60066,0.0
4.10169,-1.50062,0.0
4.10169,-1.40058,0.0
4.10169,-1.30054,0.0
4.10169,-1.20049,0.0
4.10169,-1.10045,0.0
4.10169,-1.00041,0.0
4.10169,-0.90037,0.0
4.10169,-0.80033,0.0
4.10169,-0.70029,0.0
4.10169,-0.60025,0.0
4.10169,-0.50021,0.0
4.10169,-0.40016,0.0
4.10169,-0.30012,0.0
4.10169,-0.20008,0.0
4.10169,-0.10004,0.0
4.10169,0,0.0
4.10169,0.10004,0.0
4.10169,0.20008,0.0
4.10169,0.30012,0.0
4.10169,0.40016,0.0
4.10169,0.50021,0.0
4.10169,0.60025,0.0
4.10169,0.70029,0.0
4.10169,0.80033,0.0
4.10169,0.90037,0.0
4.10169,1.00041,0.0
4.10169,1.10045,0.0
4.10169,1.20049,0.0
4.10169,1.30054,0.0
4.10169,1.40058,0.0
4.10169,1.50062,0.0
4.10169,1.60066,0.0
4.10169,1.7007,0.0
4.10169,1.80074,0.0
4.10169,1.90078,0.0
4.10169,2.00082,0.0
4.10169,2.10087,0.0
4.10169,2.20091,0.0
4.10169,2.30095,0.0
4.10169,2.40099,0.0
4.10169,2.50103,0.0
4.10169,2.60107,0.0
4.10169,2.70111,0.0
4.10169,2.80115,0.0
4.10169,2.9012,0.0
4.10169,3.00124,0.0
4.10169,3.10128,0.0
4.10169,3.20132,0.0
4.10169,3.30136,0.0
4.10169,3.4014,0.0
4.10169,3.50144,0.0
4.10169,3.60148,0.0
4.10169,3.70152,0.0
4.10169,3.80157,0.0
4.10169,3.90161,0.0
4.10169,4.00165,0.0
4.10169,4.10169,0.0
4.10169,4.20173,0.0
4.10169,4.30177,0.0
4.10169,4.40181,0.0
4.10169,4.50185,0.0
4.10169,4.6019,0.0
4.10169,4.70194,0.0
4.10169,4.80198,0.0
4.10169,4.90202,0.0
4.10169,5.00206,0.0
4.10169,5.1021,0.0
4.10169,5.20214,0.0
4.10169,5.30218,0.0
4.10169,5.40223,0.0
4.10169,5.50227,0.0
4.10169,5.60231,0.0
4.10169,5.70235,0.0
4.10169,5.80239,0.0
4.10169,5.90243,0.0
4.10169,6.00247,0.0
4.10169,6.10251,0.0
4.10169,6.20256,0.0
4.10169,6.3026,0.0
4.10169,6.40264,0.0
4.10169,6.50268,0.0
4.10169,6.60272,0.0
4.10169,6.70276,0.0
4.10169,6.8028,0.0
4.10169,6.90284,0.0
4.10169,7.00289,0.0
4.10169,7.10293,0.0
4.10169,7.20297,0.0
4.10169,7.30301,0.0
4.10169,7.40305,0.0
4.10169,7.50309,0.0
4.10169,7.60313,0.0
4.10169,7.70317,0.0
4.10169,7.80321,0.0
4.10169,7.90326,0.0
4.10169,8.0033,0.0
4.10169,8.10334,0.0
4.10169,8.20338,0.0
4.10169,8.30342,0.0
4.10169,8.40346,0.0
4.10169,8.5035,0.0
4.10169,8.60354,0.0
4.10169,8.70359,0.0
4.10169,8.80363,0.0
4.20173,-8.80363,0.0
4.20173,-8.70359,0.0
4.20173,-8.60354,0.0
4.20173,-8.5035,0.0
4.20173,-8.40346,0.0
4.20173,-8.30342,0.0
4.20173,-8.20338,0.0
4.20173,-8.10334,0.0
4.20173,-8.0033,0.0
4.20173,-7.90326,0.0
4.20173,-7.80321,0.0
4.20173,-7.70317,0.0
4.20173,-7.60313,0.0
4.20173,-7.50309,0.0
4.20173,-7.40305,0.0
4.20173,-7.30301,0.0
4.20173,-7.20297,0.0
4.20173,-7.10293,0.0
4.20173,-7.00289,0.0
4.20173,-6.90284,0.0
4.20173,-6.8028,0.0
4.20173,-6.70276,0.0
4.20173,-6.60272,0.0
4.20173,-6.50268,0.0
4.20173,-6.40264,0.0
4.20173,-6.3026,0.0
4.20173,-6.20256,0.0
4.20173,-6.10251,0.0
4.20173,-6.00247,0.0
4.20173,-5.90243,0.0
4.20173,-5.80239,0.0
4.20173,-5.70235,0.0
4.20173,-5.60231,0.0
4.20173,-5.50227,0.0
4.20173,-5.40223,0.0
4.20173,-5.30218,0.0
4.20173,-5.20214,0.0
4.20173,-5.1021,0.0
4.20173,-5.00206,0.0
4.20173,-4.90202,0.0
4.20173,-4.80198,0.0
4.20173,-4.70194,0.0
4.20173,-4.6019,0.0
4.20173,-4.50185,0.0
4.20173,-4.40181,0.0
4.20173,-4.30177,0.0
4.20173,-4.20173,0.0
4.20173,-4.10169,0.0
4.20173,-4.00165,0.0
4.20173,-3.90161,0.0
4.20173,-3.80157,0.0
4.20173,-3.70152,0.0
4.20173,-3.60148,0.0
4.20173,-3.50144,0.0
4.20173,-3.4014,0.0
4.20173,-3.30136,0.0
4.20173,-3.20132,0.0
4.20173,-3.10128,0.0
4.20173,-3.00124,0.0
4.20173,-2.9012,0.0
4.20173,-2.80115,0.0
4.20173,-2.70111,0.0
4.20173,-2.60107,0.0
4.20173,-2.50103,0.0
4.20173,-2.40099,0.0
4.20173,-2.30095,0.0
4.20173,-2.20091,0.0
4.20173,-2.10087,0.0
4.20173,-2.00082,0.0
4.20173,-1.90078,0.0
4.20173,-1.80074,0.0
4.20173,-1.7007,0.0
4.20173,-1.60066,0.0
4.20173,-1.50062,0.0
4.20173,-1.40058,0.0
4.20173,-1.30054,0.0
4.20173,-1.20049,0.0
4.20173,-1.10045,0.0
4.20173,-1.00041,0.0
4.20173,-0.90037,0.0
4.20173,-0.80033,0.0
4.20173,-0.70029,0.0
4.20173,-0.60025,0.0
4.20173,-0.50021,0.0
4.20173,-0.40016,0.0
4.20173,-0.30012,0.0
4.20173,-0.20008,0.0
4.20173,-0.10004,0.0
4.20173,0,0.0
4.20173,0.10004,0.0
4.20173,0.20008,0.0
4.20173,0.30012,0.0
4.20173,0.40016,0.0
4.20173,0.50021,0.0
4.20173,0.60025,0.0
4.20173,0.70029,0.0
4.20173,0.80033,0.0
4.20173,0.90037,0.0
4.20173,1.00041,0.0
4.20173,1.10045,0.0
4.20173,1.20049,0.0
4.20173,1.30054,0.0
4.20173,1.40058,0.0
4.20173,1.50062,0.0
4.20173,1.60066,0.0
4.20173,1.7007,0.0
4.20173,1.80074,0.0
4.20173,1.90078,0.0
4.20173,2.00082,0.0
4.20173,2.10087,0.0
4.20173,2.20091,0.0
4.20173,2.30095,0.0
4.20173,2.40099,0.0
4.20173,2.50103,0.0
4.20173,2.60107,0.0
4.20173,2.70111,0.0
4.20173,2.80115,0.0
4.20173,2.9012,0.0
4.20173,3.00124,0.0
4.20173,3.10128,0.0
4.20173,3.20132,0.0
4.20173,3.30136,0.0
4.20173,3.4014,0.0
4.20173,3.50144,0.0
4.20173,3.60148,0.0
4.20173,3.70152,0.0
4.20173,3.80157,0.0
4.20173,3.90161,0.0
4.20173,4.00165,0.0
4.20173,4.10169,0.0
4.20173,4.20173,0.0
4.20173,4.30177,0.0
4.20173,4.40181,0.0
4.20173,4.50185,0.0
4.20173,4.6019,0.0
4.20173,4.70194,0.0
4.20173,4.80198,0.0
4.20173,4.90202,0.0
4.20173,5.00206,0.0
4.20173,5.1021,0.0
4.20173,5.20214,0.0
4.20173,5.30218,0.0
4.20173,5.40223,0.0
4.20173,5.50227,0.0
4.20173,5.60231,0.0
4.20173,5.70235,0.0
4.20173,5.80239,0.0
4.20173,5.90243,0.0
4.20173,6.00247,0.0
4.20173,6.10251,0.0
4.20173,6.20256,0.0
4.20173,6.3026,0.0
4.20173,6.40264,0.0
4.20173,6.50268,0.0
4.20173,6.60272,0.0
4.20173,6.70276,0.0
4.20173,6.8028,0.0
4.20173,6.90284,0.0
4.20173,7.00289,0.0
4.20173,7.10293,0.0
4.20173,7.20297,0.0
4.20173,7.30301,0.0
4.20173,7.40305,0.0
4.20173,7.50309,0.0
4.20173,7.60313,0.0
4.20173,7.70317,0.0
4.20173,7.80321,0.0
4.20173,7.90326,0.0
4.20173,8.0033,0.0
4.20173,8.10334,0.0
4.20173,8.20338,0.0
4.20173,8.30342,0.0
4.20173,8.40346,0.0
4.20173,8.5035,0.0
4.20173,8.60354,0.0
4.20173,8.70359,0.0
4.20173,8.80363,0.0
4.30177,-8.80363,0.0
4.30177,-8.70359,0.0
4.30177,-8.60354,0.0
4.30177,-8.5035,0.0
4.30177,-8.40346,0.0
4.30177,-8.30342,0.0
4.30177,-8.20338,0.0
4.30177,-8.10334,0.0
4.30177,-8.0033,0.0
4.30177,-7.90326,0.0
4.30177,-7.80321,0.0
4.30177,-7.70317,0.0
4.30177,-7.60313,0.0
4.30177,-7.50309,0.0
4.30177,-7.40305,0.0
4.30177,-7.30301,0.0
4.30177,-7.20297,0.0
4.30177,-7.10293,0.0
4.30177,-7.00289,0.0
4.30177,-6.90284,0.0
4.30177,-6.8028,0.0
4.30177,-6.70276,0.0
4.30177,-6.60272,0.0
4.30177,-6.50268,0.0
4.30177,-6.40264,0.0
4.30177,-6.3026,0.0
4.30177,-6.20256,0.0
4.30177,-6.10251,0.0
4.30177,-6.00247,0.0
4.30177,-5.90243,0.0
4.30177,-5.80239,0.0
4.30177,-5.70235,0.0
4.30177,-5.60231,0.0
4.30177,-5.50227,0.0
4.30177,-5.40223,0.0
4.30177,-5.30218,0.0
4.30177,-5.20214,0.0
4.30177,-5.1021,0.0
4.30177,-5.00206,0.0
4.30177,-4.90202,0.0
4.30177,-4.80198,0.0
4.30177,-4.70194,0.0
4.30177,-4.6019,0.0
4.30177,-4.50185,0.0
4.30177,-4.40181,0.0
4.30177,-4.30177,0.0
4.30177,-4.20173,0.0
4.30177,-4.10169,0.0
4.30177,-4.00165,0.0
4.30177,-3.90161,0.0
4.30177,-3.80157,0.0
4.30177,-3.70152,0.0
4.30177,-3.60148,0.0
4.30177,-3.50144,0.0
4.30177,-3.4014,0.0
4.30177,-3.30136,0.0
4.30177,-3.20132,0.0
4.30177,-3.10128,0.0
4.30177,-3.00124,0.0
4.30177,-2.9012,0.0
4.30177,-2.80115,0.0
4.30177,-2.70111,0.0
4.30177,-2.60107,0.0
4.30177,-2.50103,0.0
4.30177,-2.40099,0.0
4.30177,-2.30095,0.0
4.30177,-2.20091,0.0
4.30177,-2.10087,0.0
4.30177,-2.00082,0.0
4.30177,-1.90078,0.0
4.30177,-1.80074,0.0
4.30177,-1.7007,0.0
4.30177,-1.60066,0.0
4.30177,-1.50062,0.0
4.30177,-1.40058,0.0
4.30177,-1.30054,0.0
4.30177,-1.20049,0.0
4.30177,-1.10045,0.0
4.30177,-1.00041,0.0
4.30177,-0.90037,0.0
4.30177,-0.80033,0.0
4.30177,-0.70029,0.0
4.30177,-0.60025,0.0
4.30177,-0.50021,0.0
4.30177,-0.40016,0.0
4.30177,-0.30012,0.0
4.30177,-0.20008,0.0
4.30177,-0.10004,0.0
4.30177,0,0.0
4.30177,0.10004,0.0
4.30177,0.20008,0.0
4.30177,0.30012,0.0
4.30177,0.40016,0.0
4.30177,0.50021,0.0
4.30177,0.60025,0.0
4.30177,0.70029,0.0
4.30177,0.80033,0.0
4.30177,0.90037,0.0
4.30177,1.00041,0.0
4.30177,1.10045,0.0
4.30177,1.20049,0.0
4.30177,1.30054,0.0
4.30177,1.40058,0.0
4.30177,1.50062,0.0
4.30177,1.60066,0.0
4.30177,1.7007,0.0
4.30177,1.80074,0.0
4.30177,1.90078,0.0
4.30177,2.00082,0.0
4.30177,2.10087,0.0
4.30177,2.20091,0.0
4.30177,2.30095,0.0
4.30177,2.40099,0.0
4.30177,2.50103,0.0
4.30177,2.60107,0.0
4.30177,2.70111,0.0
4.30177,2.80115,0.0
4.30177,2.9012,0.0
4.30177,3.00124,0.0
4.30177,3.10128,0.0
4.30177,3.20132,0.0
4.30177,3.30136,0.0
4.30177,3.4014,0.0
4.30177,3.50144,0.0
4.30177,3.60148,0.0
4.30177,3.70152,0.0
4.30177,3.80157,0.0
4.30177,3.90161,0.0
4.30177,4.00165,0.0
4.30177,4.10169,0.0
4.30177,4.20173,0.0
4.30177,4.30177,0.0
4.30177,4.40181,0.0
4.30177,4.50185,0.0
4.30177,4.6019,0.0
4.30177,4.70194,0.0
4.30177,4.80198,0.0
4.30177,4.90202,0.0
4.30177,5.00206,0.0
4.30177,5.1021,0.0
4.30177,5.20214,0.0
4.30177,5.30218,0.0
4.30177,5.40223,0.0
4.30177,5.50227,0.0
4.30177,5.60231,0.0
4.30177,5.70235,0.0
4.30177,5.80239,0.0
4.30177,5.90243,0.0
4.30177,6.00247,0.0
4.30177,6.10251,0.0
4.30177,6.20256,0.0
4.30177,6.3026,0.0
4.30177,6.40264,0.0
4.30177,6.50268,0.0
4.30177,6.60272,0.0
4.30177,6.70276,0.0
4.30177,6.8028,0.0
4.30177,6.90284,0.0
4.30177,7.00289,0.0
4.30177,7.10293,0.0
4.30177,7.20297,0.0
4.30177,7.30301,0.0
4.30177,7.40305,0.0
4.30177,7.50309,0.0
4.30177,7.60313,0.0
4.30177,7.70317,0.0
4.30177,7.80321,0.0
4.30177,7.90326,0.0
4.30177,8.0033,0.0
4.30177,8.10334,0.0
4.30177,8.20338,0.0
4.30177,8.30342,0.0
4.30177,8.40346,0.0
4.30177,8.5035,0.0
4.30177,8.60354,0.0
4.30177,8.70359,0.0
4.30177,8.80363,0.0
4.40181,-8.70359,0.0
4.40181,-8.60354,0.0
4.40181,-8.5035,0.0
4.40181,-8.40346,0.0
4.40181,-8.30342,0.0
4.40181,-8.20338,0.0
4.40181,-8.10334,0.0
4.40181,-8.0033,0.0
4.40181,-7.90326,0.0
4.40181,-7.80321,0.0
4.40181,-7.70317,0.0
4.40181,-7.60313,0.0
4.40181,-7.50309,0.0
4.40181,-7.40305,0.0
4.40181,-7.30301,0.0
4.40181,-7.20297,0.0
4.40181,-7.10293,0.0
4.40181,-7.00289,0.0
4.40181,-6.90284,0.0
4.40181,-6.8028,0.0
4.40181,-6.70276,0.0
4.40181,-6.60272,0.0
4.40181,-6.50268,0.0
4.40181,-6.40264,0.0
4.40181,-6.3026,0.0
4.40181,-6.20256,0.0
4.40181,-6.10251,0.0
4.40181,-6.00247,0.0
4.40181,-5.90243,0.0
4.40181,-5.80239,0.0
4.40181,-5.70235,0.0
4.40181,-5.60231,0.0
4.40181,-5.50227,0.0
4.40181,-5.40223,0.0
4.40181,-5.30218,0.0
4.40181,-5.20214,0.0
4.40181,-5.1021,0.0
4.40181,-5.00206,0.0
4.40181,-4.90202,0.0
4.40181,-4.80198,0.0
4.40181,-4.70194,0.0
4.40181,-4.6019,0.0
4.40181,-4.50185,0.0
4.40181,-4.40181,0.0
4.40181,-4.30177,0.0
4.40181,-4.20173,0.0
4.40181,-4.10169,0.0
4.40181,-4.00165,0.0
4.40181,-3.90161,0.0
4.40181,-3.80157,0.0
4.40181,-3.70152,0.0
4.40181,-3.60148,0.0
4.40181,-3.50144,0.0
4.40181,-3.4014,0.0
4.40181,-3.30136,0.0
4.40181,-3.20132,0.0
4.40181,-3.10128,0.0
4.40181,-3.00124,0.0
4.40181,-2.9012,0.0
4.40181,-2.80115,0.0
4.40181,-2.70111,0.0
4.40181,-2.60107,0.0
4.40181,-2.50103,0.0
4.40181,-2.40099,0.0
4.40181,-2.30095,0.0
4.40181,-2.20091,0.0
4.40181,-2.10087,0.0
4.40181,-2.00082,0.0
4.40181,-1.90078,0.0
4.40181,-1.80074,0.0
4.40181,-1.7007,0.0
4.40181,-1.60066,0.0
4.40181,-1.50062,0.0
4.40181,-1.40058,0.0
4.40181,-1.30054,0.0
4.40181,-1.20049,0.0
4.40181,-1.10045,0.0
4.40181,-1.00041,0.0
4.40181,-0.90037,0.0
4.40181,-0.80033,0.0
4.40181,-0.70029,0.0
4.40181,-0.60025,0.0
4.40181,-0.50021,0.0
4.40181,-0.40016,0.0
4.40181,-0.30012,0.0
4.40181,-0.20008,0.0
4.40181,-0.10004,0.0
4.40181,0,0.0
4.40181,0.10004,0.0
4.40181,0.20008,0.0
4.40181,0.30012,0.0
4.40181,0.40016,0.0
4.40181,0.50021,0.0
4.40181,0.60025,0.0
4.40181,0.70029,0.0
4.40181,0.80033,0.0
4.40181,0.90037,0.0
4.40181,1.00041,0.0
4.40181,1.10045,0.0
4.40181,1.20049,0.0
4.40181,1.30054,0.0
4.40181,1.40058,0.0
4.40181,1.50062,0.0
4.40181,1.60066,0.0
4.40181,1.7007,0.0
4.40181,1.80074,0.0
4.40181,1.90078,0.0
4.40181,2.00082,0.0
4.40181,2.10087,0.0
4.40181,2.20091,0.0
4.40181,2.30095,0.0
4.40181,2.40099,0.0
4.40181,2.50103,0.0
4.40181,2.60107,0.0
4.40181,2.70111,0.0
4.40181,2.80115,0.0
4.40181,2.9012,0.0
4.40181,3.00124,0.0
4.40181,3.10128,0.0
4.40181,3.20132,0.0
4.40181,3.30136,0.0
4.40181,3.4014,0.0
4.40181,3.50144,0.0
4.40181,3.60148,0.0
4.40181,3.70152,0.0
4.40181,3.80157,0.0
4.40181,3.90161,0.0
4.40181,4.00165,0.0
4.40181,4.10169,0.0
4.40181,4.20173,0.0
4.40181,4.30177,0.0
4.40181,4.40181,0.0
4.40181,4.50185,0.0
4.40181,4.6019,0.0
4.40181,4.70194,0.0
4.40181,4.80198,0.0
4.40181,4.90202,0.0
4.40181,5.00206,0.0
4.40181,5.1021,0.0
4.40181,5.20214,0.0
4.40181,5.30218,0.0
4.40181,5.40223,0.0
4.40181,5.50227,0.0
4.40181,5.60231,0.0
4.40181,5.70235,0.0
4.40181,5.80239,0.0
4.40181,5.90243,0.0
4.40181,6.00247,0.0
4.40181,6.10251,0.0
4.40181,6.20256,0.0
4.40181,6.3026,0.0
4.40181,6.40264,0.0
4.40181,6.50268,0.0
4.40181,6.60272,0.0
4.40181,6.70276,0.0
4.40181,6.8028,0.0
4.40181,6.90284,0.0
4.40181,7.00289,0.0
4.40181,7.10293,0.0
4.40181,7.20297,0.0
4.40181,7.30301,0.0
4.40181,7.40305,0.0
4.40181,7.50309,0.0
4.40181,7.60313,0.0
4.40181,7.70317,0.0
4.40181,7.80321,0.0
4.40181,7.90326,0.0
4.40181,8.0033,0.0
4.40181,8.10334,0.0
4.40181,8.20338,0.0
4.40181,8.30342,0.0
4.40181,8.40346,0.0
4.40181,8.5035,0.0
4.40181,8.60354,0.0
4.40181,8.70359,0.0
4.50185,-8.70359,0.0
4.50185,-8.60354,0.0
4.50185,-8.5035,0.0
4.50185,-8.40346,0.0
4.50185,-8.30342,0.0
4.50185,-8.20338,0.0
4.50185,-8.10334,0.0
4.50185,-8.0033,0.0
4.50185,-7.90326,0.0
4.50185,-7.80321,0.0
4.50185,-7.70317,0.0
4.50185,-7.60313,0.0
4.50185,-7.50309,0.0
4.50185,-7.40305,0.0
4.50185,-7.30301,0.0
4.50185,-7.20297,0.0
4.50185,-7.10293,0.0
4.50185,-7.00289,0.0
4.50185,-6.90284,0.0
4.50185,-6.8028,0.0
4.50185,-6.70276,0.0
4.50185,-6.60272,0.0
4.50185,-6.50268,0.0
4.50185,-6.40264,0.0
4.50185,-6.3026,0.0
4.50185,-6.20256,0.0
4.50185,-6.10251,0.0
4.50185,-6.00247,0.0
4.50185,-5.90243,0.0
4.50185,-5.80239,0.0
4.50185,-5.70235,0.0
4.50185,-5.60231,0.0
4.50185,-5.50227,0.0
4.50185,-5.40223,0.0
4.50185,-5.30218,0.0
4.50185,-5.20214,0.0
4.50185,-5.1021,0.0
4.50185,-5.00206,0.0
4.50185,-4.90202,0.0
4.50185,-4.80198,0.0
4.50185,-4.70194,0.0
4.50185,-4.6019,0.0
4.50185,-4.50185,0.0
4.50185,-4.40181,0.0
4.50185,-4.30177,0.0
4.50185,-4.20173,0.0
4.50185,-4.10169,0.0
4.50185,-4.00165,0.0
4.50185,-3.90161,0.0
4.50185,-3.80157,0.0
4.50185,-3.70152,0.0
4.50185,-3.60148,0.0
4.50185,-3.50144,0.0
4.50185,-3.4014,0.0
4.50185,-3.30136,0.0
4.50185,-3.20132,0.0
4.50185,-3.10128,0.0
4.50185,-3.00124,0.0
4.50185,-2.9012,0.0
4.50185,-2.80115,0.0
4.50185,-2.70111,0.0
4.50185,-2.60107,0.0
4.50185,-2.50103,0.0
4.50185,-2.40099,0.0
4.50185,-2.30095,0.0
4.50185,-2.20091,0.0
4.50185,-2.10087,0.0
4.50185,-2.00082,0.0
4.50185,-1.90078,0.0
4.50185,-1.80074,0.0
4.50185,-1.7007,0.0
4.50185,-1.60066,0.0
4.50185,-1.50062,0.0
4.50185,-1.40058,0.0
4.50185,-1.30054,0.0
4.50185,-1.20049,0.0
4.50185,-1.10045,0.0
4.50185,-1.00041,0.0
4.50185,-0.90037,0.0
4.50185,-0.80033,0.0
4.50185,-0.70029,0.0
4.50185,-0.60025,0.0
4.50185,-0.50021,0.0
4.50185,-0.40016,0.0
4.50185,-0.30012,0.0
4.50185,-0.20008,0.0
4.50185,-0.10004,0.0
4.50185,0,0.0
4.50185,0.10004,0.0
4.50185,0.20008,0.0
4.50185,0.30012,0.0
4.50185,0.40016,0.0
4.50185,0.50021,0.0
4.50185,0.60025,0.0
4.50185,0.70029,0.0
4.50185,0.80033,0.0
4.50185,0.90037,0.0
4.50185,1.00041,0.0
4.50185,1.10045,0.0
4.50185,1.20049,0.0
4.50185,1.30054,0.0
4.50185,1.40058,0.0
4.50185,1.50062,0.0
4.50185,1.60066,0.0
4.50185,1.7007,0.0
4.50185,1.80074,0.0
4.50185,1.90078,0.0
4.50185,2.00082,0.0
4.50185,2.10087,0.0
4.50185,2.20091,0.0
4.50185,2.30095,0.0
4.50185,2.40099,0.0
4.50185,2.50103,0.0
4.50185,2.60107,0.0
4.50185,2.70111,0.0
4.50185,2.80115,0.0
4.50185,2.9012,0.0
4.50185,3.00124,0.0
4.50185,3.10128,0.0
4.50185,3.20132,0.0
4.50185,3.30136,0.0
4.50185,3.4014,0.0
4.50185,3.50144,0.0
4.50185,3.60148,0.0
4.50185,3.70152,0.0
4.50185,3.80157,0.0
4.50185,3.90161,0.0
4.50185,4.00165,0.0
4.50185,4.10169,0.0
4.50185,4.20173,0.0
4.50185,4.30177,0.0
4.50185,4.40181,0.0
4.50185,4.50185,0.0
4.50185,4.6019,0.0
4.50185,4.70194,0.0
4.50185,4.80198,0.0
4.50185,4.90202,0.0
4.50185,5.00206,0.0
4.50185,5.1021,0.0
4.50185,5.20214,0.0
4.50185,5.30218,0.0
4.50185,5.40223,0.0
4.50185,5.50227,0.0
4.50185,5.60231,0.0
4.50185,5.70235,0.0
4.50185,5.80239,0.0
4.50185,5.90243,0.0
4.50185,6.00247,0.0
4.50185,6.10251,0.0
4.50185,6.20256,0.0
4.50185,6.3026,0.0
4.50185,6.40264,0.0
4.50185,6.50268,0.0
4.50185,6.60272,0.0
4.50185,6.70276,0.0
4.50185,6.8028,0.0
4.50185,6.90284,0.0
4.50185,7.00289,0.0
4.50185,7.10293,0.0
4.50185,7.20297,0.0
4.50185,7.30301,0.0
4.50185,7.40305,0.0
4.50185,7.50309,0.0
4.50185,7.60313,0.0
4.50185,7.70317,0.0
4.50185,7.80321,0.0
4.50185,7.90326,0.0
4.50185,8.0033,0.0
4.50185,8.10334,0.0
4.50185,8.20338,0.0
4.50185,8.30342,0.0
4.50185,8.40346,0.0
4.50185,8.5035,0.0
4.50185,8.60354,0.0
4.50185,8.70359,0.0
4.6019,-8.60354,0.0
4.6019,-8.5035,0.0
4.6019,-8.40346,0.0
4.6019,-8.30342,0.0
4.6019,-8.20338,0.0
4.6019,-8.10334,0.0
4.6019,-8.0033,0.0
4.6019,-7.90326,0.0
4.6019,-7.80321,0.0
4.6019,-7.70317,0.0
4.6019,-7.60313,0.0
4.6019,-7.50309,0.0
4.6019,-7.40305,0.0
4.6019,-7.30301,0.0
4.6019,-7.20297,0.0
4.6019,-7.10293,0.0
4.6019,-7.00289,0.0
4.6019,-6.90284,0.0
4.6019,-6.8028,0.0
4.6019,-6.70276,0.0
4.6019,-6.60272,0.0
4.6019,-6.50268,0.0
4.6019,-6.40264,0.0
4.6019,-6.3026,0.0
4.6019,-6.20256,0.0
4.6019,-6.10251,0.0
4.6019,-6.00247,0.0
4.6019,-5.90243,0.0
4.6019,-5.80239,0.0
4.6019,-5.70235,0.0
4.6019,-5.60231,0.0
4.6019,-5.50227,0.0
4.6019,-5.40223,0.0
4.6019,-5.30218,0.0
4.6019,-5.20214,0.0
4.6019,-5.1021,0.0
4.6019,-5.00206,0.0
4.6019,-4.90202,0.0
4.6019,-4.80198,0.0
4.6019,-4.70194,0.0
4.6019,-4.6019,0.0
4.6019,-4.50185,0.0
4.6019,-4.40181,0.0
4.6019,-4.30177,0.0
4.6019,-4.20173,0.0
4.6019,-4.10169,0.0
4.6019,-4.00165,0.0
4.6019,-3.90161,0.0
4.6019,-3.80157,0.0
4.6019,-3.70152,0.0
4.6019,-3.60148,0.0
4.6019,-3.50144,0.0
4.6019,-3.4014,0.0
4.6019,-3.30136,0.0
4.6019,-3.20132,0.0
4.6019,-3.10128,0.0
4.6019,-3.00124,0.0
4.6019,-2.9012,0.0
4.6019,-2.80115,0.0
4.6019,-2.70111,0.0
4.6019,-2.60107,0.0
4.6019,-2.50103,0.0
4.6019,-2.40099,0.0
4.6019,-2.30095,0.0
4.6019,-2.20091,0.0
4.6019,-2.10087,0.0
4.6019,-2.00082,0.0
4.6019,-1.90078,0.0
4.6019,-1.80074,0.0
4.6019,-1.7007,0.0
4.6019,-1.60066,0.0
4.6019,-1.50062,0.0
4.6019,-1.40058,0.0
4.6019,-1.30054,0.0
4.6019,-1.20049,0.0
4.6019,-1.10045,0.0
4.6019,-1.00041,0.0
4.6019,-0.90037,0.0
4.6019,-0.80033,0.0
4.6019,-0.70029,0.0
4.6019,-0.60025,0.0
4.6019,-0.50021,0.0
4.6019,-0.40016,0.0
4.6019,-0.30012,0.0
4.6019,-0.20008,0.0
4.6019,-0.10004,0.0
4.6019,0,0.0
4.6019,0.10004,0.0
4.6019,0.20008,0.0
4.6019,0.30012,0.0
4.6019,0.40016,0.0
4.6019,0.50021,0.0
4.6019,0.60025,0.0
4.6019,0.70029,0.0
4.6019,0.80033,0.0
4.6019,0.90037,0.0
4.6019,1.00041,0.0
4.6019,1.10045,0.0
4.6019,1.20049,0.0
4.6019,1.30054,0.0
4.6019,1.40058,0.0
4.6019,1.50062,0.0
4.6019,1.60066,0.0
4.6019,1.7007,0.0
4.6019,1.80074,0.0
4.6019,1.90078,0.0
4.6019,2.00082,0.0
4.6019,2.10087,0.0
4.6019,2.20091,0.0
4.6019,2.30095,0.0
4.6019,2.40099,0.0
4.6019,2.50103,0.0
4.6019,2.60107,0.0
4.6019,2.70111,0.0
4.6019,2.80115,0.0
4.6019,2.9012,0.0
4.6019,3.00124,0.0
4.6019,3.10128,0.0
4.6019,3.20132,0.0
4.6019,3.30136,0.0
4.6019,3.4014,0.0
4.6019,3.50144,0.0
4.6019,3.60148,0.0
4.6019,3.70152,0.0
4.6019,3.80157,0.0
4.6019,3.90161,0.0
4.6019,4.00165,0.0
4.6019,4.10169,0.0
4.6019,4.20173,0.0
4.6019,4.30177,0.0
4.6019,4.40181,0.0
4.6019,4.50185,0.0
4.6019,4.6019,0.0
4.6019,4.70194,0.0
4.6019,4.80198,0.0
4.6019,4.90202,0.0
4.6019,5.00206,0.0
4.6019,5.1021,0.0
4.6019,5.20214,0.0
4.6019,5.30218,0.0
4.6019,5.40223,0.0
4.6019,5.50227,0.0
4.6019,5.60231,0.0
4.6019,5.70235,0.0
4.6019,5.80239,0.0
4.6019,5.90243,0.0
4.6019,6.00247,0.0
4.6019,6.10251,0.0
4.6019,6.20256,0.0
4.6019,6.3026,0.0
4.6019,6.40264,0.0
4.6019,6.50268,0.0
4.6019,6.60272,0.0
4.6019,6.70276,0.0
4.6019,6.8028,0.0
4.6019,6.90284,0.0
4.6019,7.00289,0.0
4.6019,7.10293,0.0
4.6019,7.20297,0.0
4.6019,7.30301,0.0
4.6019,7.40305,0.0
4.6019,7.50309,0.0
4.6019,7.60313,0.0
4.6019,7.70317,0.0
4.6019,7.80321,0.0
4.6019,7.90326,0.0
4.6019,8.0033,0.0
4.6019,8.10334,0.0
4.6019,8.20338,0.0
4.6019,8.30342,0.0
4.6019,8.40346,0.0
4.6019,8.5035,0.0
4.6019,8.60354,0.0
4.70194,-8.5035,0.0
4.70194,-8.40346,0.0
4.70194,-8.30342,0.0
4.70194,-8.20338,0.0
4.70194,-8.10334,0.0
4.70194,-8.0033,0.0
4.70194,-7.90326,0.0
4.70194,-7.80321,0.0
4.70194,-7.70317,0.0
4.70194,-7.60313,0.0
4.70194,-7.50309,0.0
4.70194,-7.40305,0.0
4.70194,-7.30301,0.0
4.70194,-7.20297,0.0
4.70194,-7.10293,0.0
4.70194,-7.00289,0.0
4.70194,-6.90284,0.0
4.70194,-6.8028,0.0
4.70194,-6.70276,0.0
4.70194,-6.60272,0.0
4.70194,-6.50268,0.0
4.70194,-6.40264,0.0
4.70194,-6.3026,0.0
4.70194,-6.20256,0.0
4.70194,-6.10251,0.0
4.70194,-6.00247,0.0
4.70194,-5.90243,0.0
4.70194,-5.80239,0.0
4.70194,-5.70235,0.0
4.70194,-5.60231,0.0
4.70194,-5.50227,0.0
4.70194,-5.40223,0.0
4.70194,-5.30218,0.0
4.70194,-5.20214,0.0
4.70194,-5.1021,0.0
4.70194,-5.00206,0.0
4.70194,-4.90202,0.0
4.70194,-4.80198,0.0
4.70194,-4.70194,0.0
4.70194,-4.6019,0.0
4.70194,-4.50185,0.0
4.70194,-4.40181,0.0
4.70194,-4.30177,0.0
4.70194,-4.20173,0.0
4.70194,-4.10169,0.0
4.70194,-4.00165,0.0
4.70194,-3.90161,0.0
4.70194,-3.80157,0.0
4.70194,-3.70152,0.0
4.70194,-3.60148,0.0
4.70194,-3.50144,0.0
4.70194,-3.4014,0.0
4.70194,-3.30136,0.0
4.70194,-3.20132,0.0
4.70194,-3.10128,0.0
4.70194,-3.00124,0.0
4.70194,-2.9012,0.0
4.70194,-2.80115,0.0
4.70194,-2.70111,0.0
4.70194,-2.60107,0.0
4.70194,-2.50103,0.0
4.70194,-2.40099,0.0
4.70194,-2.30095,0.0
4.70194,-2.20091,0.0
4.70194,-2.10087,0.0
4.70194,-2.00082,0.0
4.70194,-1.90078,0.0
4.70194,-1.80074,0.0
4.70194,-1.7007,0.0
4.70194,-1.60066,0.0
4.70194,-1.50062,0.0
4.70194,-1.40058,0.0
4.70194,-1.30054,0.0
4.70194,-1.20049,0.0
4.70194,-1.10045,0.0
4.70194,-1.00041,0.0
4.70194,-0.90037,0.0
4.70194,-0.80033,0.0
4.70194,-0.70029,0.0
4.70194,-0.60025,0.0
4.70194,-0.50021,0.0
4.70194,-0.40016,0.0
4.70194,-0.30012,0.0
4.70194,-0.20008,0.0
4.70194,-0.10004,0.0
4.70194,0,0.0
4.70194,0.10004,0.0
4.70194,0.20008,0.0
4.70194,0.30012,0.0
4.70194,0.40016,0.0
4.70194,0.50021,0.0
4.70194,0.60025,0.0
4.70194,0.70029,0.0
4.70194,0.80033,0.0
4.70194,0.90037,0.0
4.70194,1.00041,0.0
4.70194,1.10045,0.0
4.70194,1.20049,0.0
4.70194,1.30054,0.0
4.70194,1.40058,0.0
4.70194,1.50062,0.0
4.70194,1.60066,0.0
4.70194,1.7007,0.0
4.70194,1.80074,0.0
4.70194,1.90078,0.0
4.70194,2.00082,0.0
4.70194,2.10087,0.0
4.70194,2.20091,0.0
4.70194,2.30095,0.0
4.70194,2.40099,0.0
4.70194,2.50103,0.0
4.70194,2.60107,0.0
4.70194,2.70111,0.0
4.70194,2.80115,0.0
4.70194,2.9012,0.0
4.70194,3.00124,0.0
4.70194,3.10128,0.0
4.70194,3.20132,0.0
4.70194,3.30136,0.0
4.70194,3.4014,0.0
4.70194,3.50144,0.0
4.70194,3.60148,0.0
4.70194,3.70152,0.0
4.70194,3.80157,0.0
4.70194,3.90161,0.0
4.70194,4.00165,0.0
4.70194,4.10169,0.0
4.70194,4.20173,0.0
4.70194,4.30177,0.0
4.70194,4.40181,0.0
4.70194,4.50185,0.0
4.70194,4.6019,0.0
4.70194,4.70194,0.0
4.70194,4.80198,0.0
4.70194,4.90202,0.0
4.70194,5.00206,0.0
4.70194,5.1021,0.0
4.70194,5.20214,0.0
4.70194,5.30218,0.0
4.70194,5.40223,0.0
4.70194,5.50227,0.0
4.70194,5.60231,0.0
4.70194,5.70235,0.0
4.70194,5.80239,0.0
4.70194,5.90243,0.0
4.70194,6.00247,0.0
4.70194,6.10251,0.0
4.70194,6.20256,0.0
4.70194,6.3026,0.0
4.70194,6.40264,0.0
4.70194,6.50268,0.0
4.70194,6.60272,0.0
4.70194,6.70276,0.0
4.70194,6.8028,0.0
4.70194,6.90284,0.0
4.70194,7.00289,0.0
4.70194,7.10293,0.0
4.70194,7.20297,0.0
4.70194,7.30301,0.0
4.70194,7.40305,0.0
4.70194,7.50309,0.0
4.70194,7.60313,0.0
4.70194,7.70317,0.0
4.70194,7.80321,0.0
4.70194,7.90326,0.0
4.70194,8.0033,0.0
4.70194,8.10334,0.0
4.70194,8.20338,0.0
4.70194,8.30342,0.0
4.70194,8.40346,0.0
4.70194,8.5035,0.0
4.80198,-8.5035,0.0
4.80198,-8.40346,0.0
4.80198,-8.30342,0.0
4.80198,-8.20338,0.0
4.80198,-8.10334,0.0
4.80198,-8.0033,0.0
4.80198,-7.90326,0.0
4.80198,-7.80321,0.0
4.80198,-7.70317,0.0
4.80198,-7.60313,0.0
4.80198,-7.50309,0.0
4.80198,-7.40305,0.0
4.80198,-7.30301,0.0
4.80198,-7.20297,0.0
4.80198,-7.10293,0.0
4.80198,-7.00289,0.0
4.80198,-6.90284,0.0
4.80198,-6.8028,0.0
4.80198,-6.70276,0.0
4.80198,-6.60272,0.0
4.80198,-6.50268,0.0
4.80198,-6.40264,0.0
4.80198,-6.3026,0.0
4.80198,-6.20256,0.0
4.80198,-6.10251,0.0
4.80198,-6.00247,0.0
4.80198,-5.90243,0.0
4.80198,-5.80239,0.0
4.80198,-5.70235,0.0
4.80198,-5.60231,0.0
4.80198,-5.50227,0.0
4.80198,-5.40223,0.0
4.80198,-5.30218,0.0
4.80198,-5.20214,0.0
4.80198,-5.1021,0.0
4.80198,-5.00206,0.0
4.80198,-4.90202,0.0
4.80198,-4.80198,0.0
4.80198,-4.70194,0.0
4.80198,-4.6019,0.0
4.80198,-4.50185,0.0
4.80198,-4.40181,0.0
4.80198,-4.30177,0.0
4.80198,-4.20173,0.0
4.80198,-4.10169,0.0
4.80198,-4.00165,0.0
4.80198,-3.90161,0.0
4.80198,-3.80157,0.0
4.80198,-3.70152,0.0
4.80198,-3.60148,0.0
4.80198,-3.50144,0.0
4.80198,-3.4014,0.0
4.80198,-3.30136,0.0
4.80198,-3.20132,0.0
4.80198,-3.10128,0.0
4.80198,-3.00124,0.0
4.80198,-2.9012,0.0
4.80198,-2.80115,0.0
4.80198,-2.70111,0.0
4.80198,-2.60107,0.0
4.80198,-2.50103,0.0
4.80198,-2.40099,0.0
4.80198,-2.30095,0.0
4.80198,-2.20091,0.0
4.80198,-2.10087,0.0
4.80198,-2.00082,0.0
4.80198,-1.90078,0.0
4.80198,-1.80074,0.0
4.80198,-1.7007,0.0
4.80198,-1.60066,0.0
4.80198,-1.50062,0.0
4.80198,-1.40058,0.0
4.80198,-1.30054,0.0
4.80198,-1.20049,0.0
4.80198,-1.10045,0.0
4.80198,-1.00041,0.0
4.80198,-0.90037,0.0
4.80198,-0.80033,0.0
4.80198,-0.70029,0.0
4.80198,-0.60025,0.0
4.80198,-0.50021,0.0
4.80198,-0.40016,0.0
4.80198,-0.30012,0.0
4.80198,-0.20008,0.0
4.80198,-0.10004,0.0
4.80198,0,0.0
4.80198,0.10004,0.0
4.80198,0.20008,0.0
4.80198,0.30012,0.0
4.80198,0.40016,0.0
4.80198,0.50021,0.0
4.80198,0.60025,0.0
4.80198,0.70029,0.0
4.80198,0.80033,0.0
4.80198,0.90037,0.0
4.80198,1.00041,0.0
4.80198,1.10045,0.0
4.80198,1.20049,0.0
4.80198,1.30054,0.0
4.80198,1.40058,0.0
4.80198,1.50062,0.0
4.80198,1.60066,0.0
4.80198,1.7007,0.0
4.80198,1.80074,0.0
4.80198,1.90078,0.0
4.80198,2.00082,0.0
4.80198,2.10087,0.0
4.80198,2.20091,0.0
4.80198,2.30095,0.0
4.80198,2.40099,0.0
4.80198,2.50103,0.0
4.80198,2.60107,0.0
4.80198,2.70111,0.0
4.80198,2.80115,0.0
4.80198,2.9012,0.0
4.80198,3.00124,0.0
4.80198,3.10128,0.0
4.80198,3.20132,0.0
4.80198,3.30136,0.0
4.80198,3.4014,0.0
4.80198,3.50144,0.0
4.80198,3.60148,0.0
4.80198,3.70152,0.0
4.80198,3.80157,0.0
4.80198,3.90161,0.0
4.80198,4.00165,0.0
4.80198,4.10169,0.0
4.80198,4.20173,0.0
4.80198,4.30177,0.0
4.80198,4.40181,0.0
4.80198,4.50185,0.0
4.80198,4.6019,0.0
4.80198,4.70194,0.0
4.80198,4.80198,0.0
4.80198,4.90202,0.0
4.80198,5.00206,0.0
4.80198,5.1021,0.0
4.80198,5.20214,0.0
4.80198,5.30218,0.0
4.80198,5.40223,0.0
4.80198,5.50227,0.0
4.80198,5.60231,0.0
4.80198,5.70235,0.0
4.80198,5.80239,0.0
4.80198,5.90243,0.0
4.80198,6.00247,0.0
4.80198,6.10251,0.0
4.80198,6.20256,0.0
4.80198,6.3026,0.0
4.80198,6.40264,0.0
4.80198,6.50268,0.0
4.80198,6.60272,0.0
4.80198,6.70276,0.0
4.80198,6.8028,0.0
4.80198,6.90284,0.0
4.80198,7.00289,0.0
4.80198,7.10293,0.0
4.80198,7.20297,0.0
4.80198,7.30301,0.0
4.80198,7.40305,0.0
4.80198,7.50309,0.0
4.80198,7.60313,0.0
4.80198,7.70317,0.0
4.80198,7.80321,0.0
4.80198,7.90326,0.0
4.80198,8.0033,0.0
4.80198,8.10334,0.0
4.80198,8.20338,0.0
4.80198,8.30342,0.0
4.80198,8.40346,0.0
4.80198,8.5035,0.0
4.90202,-8.40346,0.0
4.90202,-8.30342,0.0
4.90202,-8.20338,0.0
4.90202,-8.10334,0.0
4.90202,-8.0033,0.0
4.90202,-7.90326,0.0
4.90202,-7.80321,0.0
4.90202,-7.70317,0.0
4.90202,-7.60313,0.0
4.90202,-7.50309,0.0
4.90202,-7.40305,0.0
4.90202,-7.30301,0.0
4.90202,-7.20297,0.0
4.90202,-7.10293,0.0
4.90202,-7.00289,0.0
4.90202,-6.90284,0.0
4.90202,-6.8028,0.0
4.90202,-6.70276,0.0
4.90202,-6.60272,0.0
4.90202,-6.50268,0.0
4.90202,-6.40264,0.0
4.90202,-6.3026,0.0
4.90202,-6.20256,0.0
4.90202,-6.10251,0.0
4.90202,-6.00247,0.0
4.90202,-5.90243,0.0
4.90202,-5.80239,0.0
4.90202,-5.70235,0.0
4.90202,-5.60231,0.0
4.90202,-5.50227,0.0
4.90202,-5.40223,0.0
4.90202,-5.30218,0.0
4.90202,-5.20214,0.0
4.90202,-5.1021,0.0
4.90202,-5.00206,0.0
4.90202,-4.90202,0.0
4.90202,-4.80198,0.0
4.90202,-4.70194,0.0
4.90202,-4.6019,0.0
4.90202,-4.50185,0.0
4.90202,-4.40181,0.0
4.90202,-4.30177,0.0
4.90202,-4.20173,0.0
4.90202,-4.10169,0.0
4.90202,-4.00165,0.0
4.90202,-3.90161,0.0
4.90202,-3.80157,0.0
4.90202,-3.70152,0.0
4.90202,-3.60148,0.0
4.90202,-3.50144,0.0
4.90202,-3.4014,0.0
4.90202,-3.30136,0.0
4.90202,-3.20132,0.0
4.90202,-3.10128,0.0
4.90202,-3.00124,0.0
4.90202,-2.9012,0.0
4.90202,-2.80115,0.0
4.90202,-2.70111,0.0
4.90202,-2.60107,0.0
4.90202,-2.50103,0.0
4.90202,-2.40099,0.0
4.90202,-2.30095,0.0
4.90202,-2.20091,0.0
4.90202,-2.10087,0.0
4.90202,-2.00082,0.0
4.90202,-1.90078,0.0
4.90202,-1.80074,0.0
4.90202,-1.7007,0.0
4.90202,-1.60066,0.0
4.90202,-1.50062,0.0
4.90202,-1.40058,0.0
4.90202,-1.30054,0.0
4.90202,-1.20049,0.0
4.90202,-1.10045,0.0
4.90202,-1.00041,0.0
4.90202,-0.90037,0.0
4.90202,-0.80033,0.0
4.90202,-0.70029,0.0
4.90202,-0.60025,0.0
4.90202,-0.50021,0.0
4.90202,-0.40016,0.0
4.90202,-0.30012,0.0
4.90202,-0.20008,0.0
4.90202,-0.10004,0.0
4.90202,0,0.0
4.90202,0.10004,0.0
4.90202,0.20008,0.0
4.90202,0.30012,0.0
4.90202,0.40016,0.0
4.90202,0.50021,0.0
4.90202,0.60025,0.0
4.90202,0.70029,0.0
4.90202,0.80033,0.0
4.90202,0.90037,0.0
4.90202,1.00041,0.0
4.90202,1.10045,0.0
4.90202,1.20049,0.0
4.90202,1.30054,0.0
4.90202,1.40058,0.0
4.90202,1.50062,0.0
4.90202,1.60066,0.0
4.90202,1.7007,0.0
4.90202,1.80074,0.0
4.90202,1.90078,0.0
4.90202,2.00082,0.0
4.90202,2.10087,0.0
4.90202,2.20091,0.0
4.90202,2.30095,0.0
4.90202,2.40099,0.0
4.90202,2.50103,0.0
4.90202,2.60107,0.0
4.90202,2.70111,0.0
4.90202,2.80115,0.0
4.90202,2.9012,0.0
4.90202,3.00124,0.0
4.90202,3.10128,0.0
4.90202,3.20132,0.0
4.90202,3.30136,0.0
4.90202,3.4014,0.0
4.90202,3.50144,0.0
4.90202,3.60148,0.0
4.90202,3.70152,0.0
4.90202,3.80157,0.0
4.90202,3.90161,0.0
4.90202,4.00165,0.0
4.90202,4.10169,0.0
4.90202,4.20173,0.0
4.90202,4.30177,0.0
4.90202,4.40181,0.0
4.90202,4.50185,0.0
4.90202,4.6019,0.0
4.90202,4.70194,0.0
4.90202,4.80198,0.0
4.90202,4.90202,0.0
4.90202,5.00206,0.0
4.90202,5.1021,0.0
4.90202,5.20214,0.0
4.90202,5.30218,0.0
4.90202,5.40223,0.0
4.90202,5.50227,0.0
4.90202,5.60231,0.0
4.90202,5.70235,0.0
4.90202,5.80239,0.0
4.90202,5.90243,0.0
4.90202,6.00247,0.0
4.90202,6.10251,0.0
4.90202,6.20256,0.0
4.90202,6.3026,0.0
4.90202,6.40264,0.0
4.90202,6.50268,0.0
4.90202,6.60272,0.0
4.90202,6.70276,0.0
4.90202,6.8028,0.0
4.90202,6.90284,0.0
4.90202,7.00289,0.0
4.90202,7.10293,0.0
4.90202,7.20297,0.0
4.90202,7.30301,0.0
4.90202,7.40305,0.0
4.90202,7.50309,0.0
4.90202,7.60313,0.0
4.90202,7.70317,0.0
4.90202,7.80321,0.0
4.90202,7.90326,0.0
4.90202,8.0033,0.0
4.90202,8.10334,0.0
4.90202,8.20338,0.0
4.90202,8.30342,0.0
4.90202,8.40346,0.0
5.00206,-8.40346,0.0
5.00206,-8.30342,0.0
5.00206,-8.20338,0.0
5.00206,-8.10334,0.0
5.00206,-8.0033,0.0
5.00206,-7.90326,0.0
5.00206,-7.80321,0.0
5.00206,-7.70317,0.0
5.00206,-7.60313,0.0
5.00206,-7.50309,0.0
5.00206,-7.40305,0.0
5.00206,-7.30301,0.0
5.00206,-7.20297,0.0
5.00206,-7.10293,0.0
5.00206,-7.00289,0.0
5.00206,-6.90284,0.0
5.00206,-6.8028,0.0
5.00206,-6.70276,0.0
5.00206,-6.60272,0.0
5.00206,-6.50268,0.0
5.00206,-6.40264,0.0
5.00206,-6.3026,0.0
5.00206,-6.20256,0.0
5.00206,-6.10251,0.0
5.00206,-6.00247,0.0
5.00206,-5.90243,0.0
5.00206,-5.80239,0.0
5.00206,-5.70235,0.0
5.00206,-5.60231,0.0
5.00206,-5.50227,0.0
5.00206,-5.40223,0.0
5.00206,-5.30218,0.0
5.00206,-5.20214,0.0
5.00206,-5.1021,0.0
5.00206,-5.00206,0.0
5.00206,-4.90202,0.0
5.00206,-4.80198,0.0
5.00206,-4.70194,0.0
5.00206,-4.6019,0.0
5.00206,-4.50185,0.0
5.00206,-4.40181,0.0
5.00206,-4.30177,0.0
5.00206,-4.20173,0.0
5.00206,-4.10169,0.0
5.00206,-4.00165,0.0
5.00206,-3.90161,0.0
5.00206,-3.80157,0.0
5.00206,-3.70152,0.0
5.00206,-3.60148,0.0
5.00206,-3.50144,0.0
5.00206,-3.4014,0.0
5.00206,-3.30136,0.0
5.00206,-3.20132,0.0
5.00206,-3.10128,0.0
5.00206,-3.00124,0.0
5.00206,-2.9012,0.0
5.00206,-2.80115,0.0
5.00206,-2.70111,0.0
5.00206,-2.60107,0.0
5.00206,-2.50103,0.0
5.00206,-2.40099,0.0
5.00206,-2.30095,0.0
5.00206,-2.20091,0.0
5.00206,-2.10087,0.0
5.00206,-2.00082,0.0
5.00206,-1.90078,0.0
5.00206,-1.80074,0.0
5.00206,-1.7007,0.0
5.00206,-1.60066,0.0
5.00206,-1.50062,0.0
5.00206,-1.40058,0.0
5.00206,-1.30054,0.0
5.00206,-1.20049,0.0
5.00206,-1.10045,0.0
5.00206,-1.00041,0.0
5.00206,-0.90037,0.0
5.00206,-0.80033,0.0
5.00206,-0.70029,0.0
5.00206,-0.60025,0.0
5.00206,-0.50021,0.0
5.00206,-0.40016,0.0
5.00206,-0.30012,0.0
5.00206,-0.20008,0.0
5.00206,-0.10004,0.0
5.00206,0,0.0
5.00206,0.10004,0.0
5.00206,0.20008,0.0
5.00206,0.30012,0.0
5.00206,0.40016,0.0
5.00206,0.50021,0.0
5.00206,0.60025,0.0
5.00206,0.70029,0.0
5.00206,0.80033,0.0
5.00206,0.90037,0.0
5.00206,1.00041,0.0
5.00206,1.10045,0.0
5.00206,1.20049,0.0
5.00206,1.30054,0.0
5.00206,1.40058,0.0
5.00206,1.50062,0.0
5.00206,1.60066,0.0
5.00206,1.7007,0.0
5.00206,1.80074,0.0
5.00206,1.90078,0.0
5.00206,2.00082,0.0
5.00206,2.10087,0.0
5.00206,2.20091,0.0
5.00206,2.30095,0.0
5.00206,2.40099,0.0
5.00206,2.50103,0.0
5.00206,2.60107,0.0
5.00206,2.70111,0.0
5.00206,2.80115,0.0
5.00206,2.9012,0.0
5.00206,3.00124,0.0
5.00206,3.10128,0.0
5.00206,3.20132,0.0
5.00206,3.30136,0.0
5.00206,3.4014,0.0
5.00206,3.50144,0.0
5.00206,3.60148,0.0
5.00206,3.70152,0.0
5.00206,3.80157,0.0
5.00206,3.90161,0.0
5.00206,4.00165,0.0
5.00206,4.10169,0.0
5.00206,4.20173,0.0
5.00206,4.30177,0.0
5.00206,4.40181,0.0
5.00206,4.50185,0.0
5.00206,4.6019,0.0
5.00206,4.70194,0.0
5.00206,4.80198,0.0
5.00206,4.90202,0.0
5.00206,5.00206,0.0
5.00206,5.1021,0.0
5.00206,5.20214,0.0
5.00206,5.30218,0.0
5.00206,5.40223,0.0
5.00206,5.50227,0.0
5.00206,5.60231,0.0
5.00206,5.70235,0.0
5.00206,5.80239,0.0
5.00206,5.90243,0.0
5.00206,6.00247,0.0
5.00206,6.10251,0.0
5.00206,6.20256,0.0
5.00206,6.3026,0.0
5.00206,6.40264,0.0
5.00206,6.50268,0.0
5.00206,6.60272,0.0
5.00206,6.70276,0.0
5.00206,6.8028,0.0
5.00206,6.90284,0.0
5.00206,7.00289,0.0
5.00206,7.10293,0.0
5.00206,7.20297,0.0
5.00206,7.30301,0.0
5.00206,7.40305,0.0
5.00206,7.50309,0.0
5.00206,7.60313,0.0
5.00206,7.70317,0.0
5.00206,7.80321,0.0
5.00206,7.90326,0.0
5.00206,8.0033,0.0
5.00206,8.10334,0.0
5.00206,8.20338,0.0
5.00206,8.30342,0.0
5.00206,8.40346,0.0
5.1021,-8.30342,0.0
5.1021,-8.20338,0.0
5.1021,-8.10334,0.0
5.1021,-8.0033,0.0
5.1021,-7.90326,0.0
5.1021,-7.80321,0.0
5.1021,-7.70317,0.0
5.1021,-7.60313,0.0
5.1021,-7.50309,0.0
5.1021,-7.40305,0.0
5.1021,-7.30301,0.0
5.1021,-7.20297,0.0
5.1021,-7.10293,0.0
5.1021,-7.00289,0.0
5.1021,-6.90284,0.0
5.1021,-6.8028,0.0
5.1021,-6.70276,0.0
5.1021,-6.60272,0.0
5.1021,-6.50268,0.0
5.1021,-6.40264,0.0
5.1021,-6.3026,0.0
5.1021,-6.20256,0.0
5.1021,-6.10251,0.0
5.1021,-6.00247,0.0
5.1021,-5.90243,0.0
5.1021,-5.80239,0.0
5.1021,-5.70235,0.0
5.1021,-5.60231,0.0
5.1021,-5.50227,0.0
5.1021,-5.40223,0.0
5.1021,-5.30218,0.0
5.1021,-5.20214,0.0
5.1021,-5.1021,0.0
5.1021,-5.00206,0.0
5.1021,-4.90202,0.0
5.1021,-4.80198,0.0
5.1021,-4.70194,0.0
5.1021,-4.6019,0.0
5.1021,-4.50185,0.0
5.1021,-4.40181,0.0
5.1021,-4.30177,0.0
5.1021,-4.20173,0.0
5.1021,-4.10169,0.0
5.1021,-4.00165,0.0
5.1021,-3.90161,0.0
5.1021,-3.80157,0.0
5.1021,-3.70152,0.0
5.1021,-3.60148,0.0
5.1021,-3.50144,0.0
5.1021,-3.4014,0.0
5.1021,-3.30136,0.0
5.1021,-3.20132,0.0
5.1021,-3.10128,0.0
5.1021,-3.00124,0.0
5.1021,-2.9012,0.0
5.1021,-2.80115,0.0
5.1021,-2.70111,0.0
5.1021,-2.60107,0.0
5.1021,-2.50103,0.0
5.1021,-2.40099,0.0
5.1021,-2.30095,0.0
5.1021,-2.20091,0.0
5.1021,-2.10087,0.0
5.1021,-2.00082,0.0
5.1021,-1.90078,0.0
5.1021,-1.80074,0.0
5.1021,-1.7007,0.0
5.1021,-1.60066,0.0
5.1021,-1.50062,0.0
5.1021,-1.40058,0.0
5.1021,-1.30054,0.0
5.1021,-1.20049,0.0
5.1021,-1.10045,0.0
5.1021,-1.00041,0.0
5.1021,-0.90037,0.0
5.1021,-0.80033,0.0
5.1021,-0.70029,0.0
5.1021,-0.60025,0.0
5.1021,-0.50021,0.0
5.1021,-0.40016,0.0
5.1021,-0.30012,0.0
5.1021,-0.20008,0.0
5.1021,-0.10004,0.0
5.1021,0,0.0
5.1021,0.10004,0.0
5.1021,0.20008,0.0
5.1021,0.30012,0.0
5.1021,0.40016,0.0
5.1021,0.50021,0.0
5.1021,0.60025,0.0
5.1021,0.70029,0.0
5.1021,0.80033,0.0
5.1021,0.90037,0.0
5.1021,1.00041,0.0
5.1021,1.10045,0.0
5.1021,1.20049,0.0
5.1021,1.30054,0.0
5.1021,1.40058,0.0
5.1021,1.50062,0.0
5.1021,1.60066,0.0
5.1021,1.7007,0.0
5.1021,1.80074,0.0
5.1021,1.90078,0.0
5.1021,2.00082,0.0
5.1021,2.10087,0.0
5.1021,2.20091,0.0
5.1021,2.30095,0.0
5.1021,2.40099,0.0
5.1021,2.50103,0.0
5.1021,2.60107,0.0
5.1021,2.70111,0.0
5.1021,2.80115,0.0
5.1021,2.9012,0.0
5.1021,3.00124,0.0
5.1021,3.10128,0.0
5.1021,3.20132,0.0
5.1021,3.30136,0.0
5.1021,3.4014,0.0
5.1021,3.50144,0.0
5.1021,3.60148,0.0
5.1021,3.70152,0.0
5.1021,3.80157,0.0
5.1021,3.90161,0.0
5.1021,4.00165,0.0
5.1021,4.10169,0.0
5.1021,4.20173,0.0
5.1021,4.30177,0.0
5.1021,4.40181,0.0
5.1021,4.50185,0.0
5.1021,4.6019,0.0
5.1021,4.70194,0.0
5.1021,4.80198,0.0
5.1021,4.90202,0.0
5.1021,5.00206,0.0
5.1021,5.1021,0.0
5.1021,5.20214,0.0
5.1021,5.30218,0.0
5.1021,5.40223,0.0
5.1021,5.50227,0.0
5.1021,5.60231,0.0
5.1021,5.70235,0.0
5.1021,5.80239,0.0
5.1021,5.90243,0.0
5.1021,6.00247,0.0
5.1021,6.10251,0.0
5.1021,6.20256,0.0
5.1021,6.3026,0.0
5.1021,6.40264,0.0
5.1021,6.50268,0.0
5.1021,6.60272,0.0
5.1021,6.70276,0.0
5.1021,6.8028,0.0
5.1021,6.90284,0.0
5.1021,7.00289,0.0
5.1021,7.10293,0.0
5.1021,7.20297,0.0
5.1021,7.30301,0.0
5.1021,7.40305,0.0
5.1021,7.50309,0.0
5.1021,7.60313,0.0
5.1021,7.70317,0.0
5.1021,7.80321,0.0
5.1021,7.90326,0.0
5.1021,8.0033,0.0
5.1021,8.10334,0.0
5.1021,8.20338,0.0
5.1021,8.30342,0.0
5.20214,-8.30342,0.0
5.20214,-8.20338,0.0
5.20214,-8.10334,0.0
5.20214,-8.0033,0.0
5.20214,-7.90326,0.0
5.20214,-7.80321,0.0
5.20214,-7.70317,0.0
5.20214,-7.60313,0.0
5.20214,-7.50309,0.0
5.20214,-7.40305,0.0
5.20214,-7.30301,0.0
5.20214,-7.20297,0.0
5.20214,-7.10293,0.0
5.20214,-7.00289,0.0
5.20214,-6.90284,0.0
5.20214,-6.8028,0.0
5.20214,-6.70276,0.0
5.20214,-6.60272,0.0
5.20214,-6.50268,0.0
5.20214,-6.40264,0.0
5.20214,-6.3026,0.0
5.20214,-6.20256,0.0
5.20214,-6.10251,0.0
5.20214,-6.00247,0.0
5.20214,-5.90243,0.0
5.20214,-5.80239,0.0
5.20214,-5.70235,0.0
5.20214,-5.60231,0.0
5.20214,-5.50227,0.0
5.20214,-5.40223,0.0
5.20214,-5.30218,0.0
5.20214,-5.20214,0.0
5.20214,-5.1021,0.0
5.20214,-5.00206,0.0
5.20214,-4.90202,0.0
5.20214,-4.80198,0.0
5.20214,-4.70194,0.0
5.20214,-4.6019,0.0
5.20214,-4.50185,0.0
5.20214,-4.40181,0.0
5.20214,-4.30177,0.0
5.20214,-4.20173,0.0
5.20214,-4.10169,0.0
5.20214,-4.00165,0.0
5.20214,-3.90161,0.0
5.20214,-3.80157,0.0
5.20214,-3.70152,0.0
5.20214,-3.60148,0.0
5.20214,-3.50144,0.0
5.20214,-3.4014,0.0
5.20214,-3.30136,0.0
5.20214,-3.20132,0.0
5.20214,-3.10128,0.0
5.20214,-3.00124,0.0
5.20214,-2.9012,0.0
5.20214,-2.80115,0.0
5.20214,-2.70111,0.0
5.20214,-2.60107,0.0
5.20214,-2.50103,0.0
5.20214,-2.40099,0.0
5.20214,-2.30095,0.0
5.20214,-2.20091,0.0
5.20214,-2.10087,0.0
5.20214,-2.00082,0.0
5.20214,-1.90078,0.0
5.20214,-1.80074,0.0
5.20214,-1.7007,0.0
5.20214,-1.60066,0.0
5.20214,-1.50062,0.0
5.20214,-1.40058,0.0
5.20214,-1.30054,0.0
5.20214,-1.20049,0.0
5.20214,-1.10045,0.0
5.20214,-1.00041,0.0
5.20214,-0.90037,0.0
5.20214,-0.80033,0.0
5.20214,-0.70029,0.0
5.20214,-0.60025,0.0
5.20214,-0.50021,0.0
5.20214,-0.40016,0.0
5.20214,-0.30012,0.0
5.20214,-0.20008,0.0
5.20214,-0.10004,0.0
5.20214,0,0.0
5.20214,0.10004,0.0
5.20214,0.20008,0.0
5.20214,0.30012,0.0
5.20214,0.40016,0.0
5.20214,0.50021,0.0
5.20214,0.60025,0.0
5.20214,0.70029,0.0
5.20214,0.80033,0.0
5.20214,0.90037,0.0
5.20214,1.00041,0.0
5.20214,1.10045,0.0
5.20214,1.20049,0.0
5.20214,1.30054,0.0
5.20214,1.40058,0.0
5.20214,1.50062,0.0
5.20214,1.60066,0.0
5.20214,1.7007,0.0
5.20214,1.80074,0.0
5.20214,1.90078,0.0
5.20214,2.00082,0.0
5.20214,2.10087,0.0
5.20214,2.20091,0.0
5.20214,2.30095,0.0
5.20214,2.40099,0.0
5.20214,2.50103,0.0
5.20214,2.60107,0.0
5.20214,2.70111,0.0
5.20214,2.80115,0.0
5.20214,2.9012,0.0
5.20214,3.00124,0.0
5.20214,3.10128,0.0
5.20214,3.20132,0.0
5.20214,3.30136,0.0
5.20214,3.4014,0.0
5.20214,3.50144,0.0
5.20214,3.60148,0.0
5.20214,3.70152,0.0
5.20214,3.80157,0.0
5.20214,3.90161,0.0
5.20214,4.00165,0.0
5.20214,4.10169,0.0
5.20214,4.20173,0.0
5.20214,4.30177,0.0
5.20214,4.40181,0.0
5.20214,4.50185,0.0
5.20214,4.6019,0.0
5.20214,4.70194,0.0
5.20214,4.80198,0.0
5.20214,4.90202,0.0
5.20214,5.00206,0.0
5.20214,5.1021,0.0
5.20214,5.20214,0.0
5.20214,5.30218,0.0
5.20214,5.40223,0.0
5.20214,5.50227,0.0
5.20214,5.60231,0.0
5.20214,5.70235,0.0
5.20214,5.80239,0.0
5.20214,5.90243,0.0
5.20214,6.00247,0.0
5.20214,6.10251,0.0
5.20214,6.20256,0.0
5.20214,6.3026,0.0
5.20214,6.40264,0.0
5.20214,6.50268,0.0
5.20214,6.60272,0.0
5.20214,6.70276,0.0
5.20214,6.8028,0.0
5.20214,6.90284,0.0
5.20214,7.00289,0.0
5.20214,7.10293,0.0
5.20214,7.20297,0.0
5.20214,7.30301,0.0
5.20214,7.40305,0.0
5.20214,7.50309,0.0
5.20214,7.60313,0.0
5.20214,7.70317,0.0
5.20214,7.80321,0.0
5.20214,7.90326,0.0
5.20214,8.0033,0.0
5.20214,8.10334,0.0
5.20214,8.20338,0.0
5.20214,8.30342,0.0
5.30218,-8.20338,0.0
5.30218,-8.10334,0.0
5.30218,-8.0033,0.0
5.30218,-7.90326,0.0
5.30218,-7.80321,0.0
5.30218,-7.70317,0.0
5.30218,-7.60313,0.0
5.30218,-7.50309,0.0
5.30218,-7.40305,0.0
5.30218,-7.30301,0.0
5.30218,-7.20297,0.0
5.30218,-7.10293,0.0
5.30218,-7.00289,0.0
5.30218,-6.90284,0.0
5.30218,-6.8028,0.0
5.30218,-6.70276,0.0
5.30218,-6.60272,0.0
5.30218,-6.50268,0.0
5.30218,-6.40264,0.0
5.30218,-6.3026,0.0
5.30218,-6.20256,0.0
5.30218,-6.10251,0.0
5.30218,-6.00247,0.0
5.30218,-5.90243,0.0
5.30218,-5.80239,0.0
5.30218,-5.70235,0.0
5.30218,-5.60231,0.0
5.30218,-5.50227,0.0
5.30218,-5.40223,0.0
5.30218,-5.30218,0.0
5.30218,-5.20214,0.0
5.30218,-5.1021,0.0
5.30218,-5.00206,0.0
5.30218,-4.90202,0.0
5.30218,-4.80198,0.0
5.30218,-4.70194,0.0
5.30218,-4.6019,0.0
5.30218,-4.50185,0.0
5.30218,-4.40181,0.0
5.30218,-4.30177,0.0
5.30218,-4.20173,0.0
5.30218,-4.10169,0.0
5.30218,-4.00165,0.0
5.30218,-3.90161,0.0
5.30218,-3.80157,0.0
5.30218,-3.70152,0.0
5.30218,-3.60148,0.0
5.30218,-3.50144,0.0
5.30218,-3.4014,0.0
5.30218,-3.30136,0.0
5.30218,-3.20132,0.0
5.30218,-3.10128,0.0
5.30218,-3.00124,0.0
5.30218,-2.9012,0.0
5.30218,-2.80115,0.0
5.30218,-2.70111,0.0
5.30218,-2.60107,0.0
5.30218,-2.50103,0.0
5.30218,-2.40099,0.0
5.30218,-2.30095,0.0
5.30218,-2.20091,0.0
5.30218,-2.10087,0.0
5.30218,-2.00082,0.0
5.30218,-1.90078,0.0
5.30218,-1.80074,0.0
5.30218,-1.7007,0.0
5.30218,-1.60066,0.0
5.30218,-1.50062,0.0
5.30218,-1.40058,0.0
5.30218,-1.30054,0.0
5.30218,-1.20049,0.0
5.30218,-1.10045,0.0
5.30218,-1.00041,0.0
5.30218,-0.90037,0.0
5.30218,-0.80033,0.0
5.30218,-0.70029,0.0
5.30218,-0.60025,0.0
5.30218,-0.50021,0.0
5.30218,-0.40016,0.0
5.30218,-0.30012,0.0
5.30218,-0.20008,0.0
5.30218,-0.10004,0.0
5.30218,0,0.0
5.30218,0.10004,0.0
5.30218,0.20008,0.0
5.30218,0.30012,0.0
5.30218,0.40016,0.0
5.30218,0.50021,0.0
5.30218,0.60025,0.0
5.30218,0.70029,0.0
5.30218,0.80033,0.0
5.30218,0.90037,0.0
5.30218,1.00041,0.0
5.30218,1.10045,0.0
5.30218,1.20049,0.0
5.30218,1.30054,0.0
5.30218,1.40058,0.0
5.30218,1.50062,0.0
5.30218,1.60066,0.0
5.30218,1.7007,0.0
5.30218,1.80074,0.0
5.30218,1.90078,0.0
5.30218,2.00082,0.0
5.30218,2.10087,0.0
5.30218,2.20091,0.0
5.30218,2.30095,0.0
5.30218,2.40099,0.0
5.30218,2.50103,0.0
5.30218,2.60107,0.0
5.30218,2.70111,0.0
5.30218,2.80115,0.0
5.30218,2.9012,0.0
5.30218,3.00124,0.0
5.30218,3.10128,0.0
5.30218,3.20132,0.0
5.30218,3.30136,0.0
5.30218,3.4014,0.0
5.30218,3.50144,0.0
5.30218,3.60148,0.0
5.30218,3.70152,0.0
5.30218,3.80157,0.0
5.30218,3.90161,0.0
5.30218,4.00165,0.0
5.30218,4.10169,0.0
5.30218,4.20173,0.0
5.30218,4.30177,0.0
5.30218,4.40181,0.0
5.30218,4.50185,0.0
5.30218,4.6019,0.0
5.30218,4.70194,0.0
5.30218,4.80198,0.0
5.30218,4.90202,0.0
5.30218,5.00206,0.0
5.30218,5.1021,0.0
5.30218,5.20214,0.0
5.30218,5.30218,0.0
5.30218,5.40223,0.0
5.30218,5.50227,0.0
5.30218,5.60231,0.0
5.30218,5.70235,0.0
5.30218,5.80239,0.0
5.30218,5.90243,0.0
5.30218,6.00247,0.0
5.30218,6.10251,0.0
5.30218,6.20256,0.0
5.30218,6.3026,0.0
5.30218,6.40264,0.0
5.30218,6.50268,0.0
5.30218,6.60272,0.0
5.30218,6.70276,0.0
5.30218,6.8028,0.0
5.30218,6.90284,0.0
5.30218,7.00289,0.0
5.30218,7.10293,0.0
5.30218,7.20297,0.0
5.30218,7.30301,0.0
5.30218,7.40305,0.0
5.30218,7.50309,0.0
5.30218,7.60313,0.0
5.30218,7.70317,0.0
5.30218,7.80321,0.0
5.30218,7.90326,0.0
5.30218,8.0033,0.0
5.30218,8.10334,0.0
5.30218,8.20338,0.0
5.40223,-8.10334,0.0
5.40223,-8.0033,0.0
5.40223,-7.90326,0.0
5.40223,-7.80321,0.0
5.40223,-7.70317,0.0
5.40223,-7.60313,0.0
5.40223,-7.50309,0.0
5.40223,-7.40305,0.0
5.40223,-7.30301,0.0
5.40223,-7.20297,0.0
5.40223,-7.10293,0.0
5.40223,-7.00289,0.0
5.40223,-6.90284,0.0
5.40223,-6.8028,0.0
5.40223,-6.70276,0.0
5.40223,-6.60272,0.0
5.40223,-6.50268,0.0
5.40223,-6.40264,0.0
5.40223,-6.3026,0.0
5.40223,-6.20256,0.0
5.40223,-6.10251,0.0
5.40223,-6.00247,0.0
5.40223,-5.90243,0.0
5.40223,-5.80239,0.0
5.40223,-5.70235,0.0
5.40223,-5.60231,0.0
5.40223,-5.50227,0.0
5.40223,-5.40223,0.0
5.40223,-5.30218,0.0
5.40223,-5.20214,0.0
5.40223,-5.1021,0.0
5.40223,-5.00206,0.0
5.40223,-4.90202,0.0
5.40223,-4.80198,0.0
5.40223,-4.70194,0.0
5.40223,-4.6019,0.0
5.40223,-4.50185,0.0
5.40223,-4.40181,0.0
5.40223,-4.30177,0.0
5.40223,-4.20173,0.0
5.40223,-4.10169,0.0
5.40223,-4.00165,0.0
5.40223,-3.90161,0.0
5.40223,-3.80157,0.0
5.40223,-3.70152,0.0
5.40223,-3.60148,0.0
5.40223,-3.50144,0.0
5.40223,-3.4014,0.0
5.40223,-3.30136,0.0
5.40223,-3.20132,0.0
5.40223,-3.10128,0.0
5.40223,-3.00124,0.0
5.40223,-2.9012,0.0
5.40223,-2.80115,0.0
5.40223,-2.70111,0.0
5.40223,-2.60107,0.0
5.40223,-2.50103,0.0
5.40223,-2.40099,0.0
5.40223,-2.30095,0.0
5.40223,-2.20091,0.0
5.40223,-2.10087,0.0
5.40223,-2.00082,0.0
5.40223,-1.90078,0.0
5.40223,-1.80074,0.0
5.40223,-1.7007,0.0
5.40223,-1.60066,0.0
5.40223,-1.50062,0.0
5.40223,-1.40058,0.0
5.40223,-1.30054,0.0
5.40223,-1.20049,0.0
5.40223,-1.10045,0.0
5.40223,-1.00041,0.0
5.40223,-0.90037,0.0
5.40223,-0.80033,0.0
5.40223,-0.70029,0.0
5.40223,-0.60025,0.0
5.40223,-0.50021,0.0
5.40223,-0.40016,0.0
5.40223,-0.30012,0.0
5.40223,-0.20008,0.0
5.40223,-0.10004,0.0
5.40223,0,0.0
5.40223,0.10004,0.0
5.40223,0.20008,0.0
5.40223,0.30012,0.0
5.40223,0.40016,0.0
5.40223,0.50021,0.0
5.40223,0.60025,0.0
5.40223,0.70029,0.0
5.40223,0.80033,0.0
5.40223,0.90037,0.0
5.40223,1.00041,0.0
5.40223,1.10045,0.0
5.40223,1.20049,0.0
5.40223,1.30054,0.0
5.40223,1.40058,0.0
5.40223,1.50062,0.0
5.40223,1.60066,0.0
5.40223,1.7007,0.0
5.40223,1.80074,0.0
5.40223,1.90078,0.0
5.40223,2.00082,0.0
5.40223,2.10087,0.0
5.40223,2.20091,0.0
5.40223,2.30095,0.0
5.40223,2.40099,0.0
5.40223,2.50103,0.0
5.40223,2.60107,0.0
5.40223,2.70111,0.0
5.40223,2.80115,0.0
5.40223,2.9012,0.0
5.40223,3.00124,0.0
5.40223,3.10128,0.0
5.40223,3.20132,0.0
5.40223,3.30136,0.0
5.40223,3.4014,0.0
5.40223,3.50144,0.0
5.40223,3.60148,0.0
5.40223,3.70152,0.0
5.40223,3.80157,0.0
5.40223,3.90161,0.0
5.40223,4.00165,0.0
5.40223,4.10169,0.0
5.40223,4.20173,0.0
5.40223,4.30177,0.0
5.40223,4.40181,0.0
5.40223,4.50185,0.0
5.40223,4.6019,0.0
5.40223,4.70194,0.0
5.40223,4.80198,0.0
5.40223,4.90202,0.0
5.40223,5.00206,0.0
5.40223,5.1021,0.0
5.40223,5.20214,0.0
5.40223,5.30218,0.0
5.40223,5.40223,0.0
5.40223,5.50227,0.0
5.40223,5.60231,0.0
5.40223,5.70235,0.0
5.40223,5.80239,0.0
5.40223,5.90243,0.0
5.40223,6.00247,0.0
5.40223,6.10251,0.0
5.40223,6.20256,0.0
5.40223,6.3026,0.0
5.40223,6.40264,0.0
5.40223,6.50268,0.0
5.40223,6.60272,0.0
5.40223,6.70276,0.0
5.40223,6.8028,0.0
5.40223,6.90284,0.0
5.40223,7.00289,0.0
5.40223,7.10293,0.0
5.40223,7.20297,0.0
5.40223,7.30301,0.0
5.40223,7.40305,0.0
5.40223,7.50309,0.0
5.40223,7.60313,0.0
5.40223,7.70317,0.0
5.40223,7.80321,0.0
5.40223,7.90326,0.0
5.40223,8.0033,0.0
5.40223,8.10334,0.0
5.50227,-8.10334,0.0
5.50227,-8.0033,0.0
5.50227,-7.90326,0.0
5.50227,-7.80321,0.0
5.50227,-7.70317,0.0
5.50227,-7.60313,0.0
5.50227,-7.50309,0.0
5.50227,-7.40305,0.0
5.50227,-7.30301,0.0
5.50227,-7.20297,0.0
5.50227,-7.10293,0.0
5.50227,-7.00289,0.0
5.50227,-6.90284,0.0
5.50227,-6.8028,0.0
5.50227,-6.70276,0.0
5.50227,-6.60272,0.0
5.50227,-6.50268,0.0
5.50227,-6.40264,0.0
5.50227,-6.3026,0.0
5.50227,-6.20256,0.0
5.50227,-6.10251,0.0
5.50227,-6.00247,0.0
5.50227,-5.90243,0.0
5.50227,-5.80239,0.0
5.50227,-5.70235,0.0
5.50227,-5.60231,0.0
5.50227,-5.50227,0.0
5.50227,-5.40223,0.0
5.50227,-5.30218,0.0
5.50227,-5.20214,0.0
5.50227,-5.1021,0.0
5.50227,-5.00206,0.0
5.50227,-4.90202,0.0
5.50227,-4.80198,0.0
5.50227,-4.70194,0.0
5.50227,-4.6019,0.0
5.50227,-4.50185,0.0
5.50227,-4.40181,0.0
5.50227,-4.30177,0.0
5.50227,-4.20173,0.0
5.50227,-4.10169,0.0
5.50227,-4.00165,0.0
5.50227,-3.90161,0.0
5.50227,-3.80157,0.0
5.50227,-3.70152,0.0
5.50227,-3.60148,0.0
5.50227,-3.50144,0.0
5.50227,-3.4014,0.0
5.50227,-3.30136,0.0
5.50227,-3.20132,0.0
5.50227,-3.10128,0.0
5.50227,-3.00124,0.0
5.50227,-2.9012,0.0
5.50227,-2.80115,0.0
5.50227,-2.70111,0.0
5.50227,-2.60107,0.0
5.50227,-2.50103,0.0
5.50227,-2.40099,0.0
5.50227,-2.30095,0.0
5.50227,-2.20091,0.0
5.50227,-2.10087,0.0
5.50227,-2.00082,0.0
5.50227,-1.90078,0.0
5.50227,-1.80074,0.0
5.50227,-1.7007,0.0
5.50227,-1.60066,0.0
5.50227,-1.50062,0.0
5.50227,-1.40058,0.0
5.50227,-1.30054,0.0
5.50227,-1.20049,0.0
5.50227,-1.10045,0.0
5.50227,-1.00041,0.0
5.50227,-0.90037,0.0
5.50227,-0.80033,0.0
5.50227,-0.70029,0.0
5.50227,-0.60025,0.0
5.50227,-0.50021,0.0
5.50227,-0.40016,0.0
5.50227,-0.30012,0.0
5.50227,-0.20008,0.0
5.50227,-0.10004,0.0
5.50227,0,0.0
5.50227,0.10004,0.0
5.50227,0.20008,0.0
5.50227,0.30012,0.0
5.50227,0.40016,0.0
5.50227,0.50021,0.0
5.50227,0.60025,0.0
5.50227,0.70029,0.0
5.50227,0.80033,0.0
5.50227,0.90037,0.0
5.50227,1.00041,0.0
5.50227,1.10045,0.0
5.50227,1.20049,0.0
5.50227,1.30054,0.0
5.50227,1.40058,0.0
5.50227,1.50062,0.0
5.50227,1.60066,0.0
5.50227,1.7007,0.0
5.50227,1.80074,0.0
5.50227,1.90078,0.0
5.50227,2.00082,0.0
5.50227,2.10087,0.0
5.50227,2.20091,0.0
5.50227,2.30095,0.0
5.50227,2.40099,0.0
5.50227,2.50103,0.0
5.50227,2.60107,0.0
5.50227,2.70111,0.0
5.50227,2.80115,0.0
5.50227,2.9012,0.0
5.50227,3.00124,0.0
5.50227,3.10128,0.0
5.50227,3.20132,0.0
5.50227,3.30136,0.0
5.50227,3.4014,0.0
5.50227,3.50144,0.0
5.50227,3.60148,0.0
5.50227,3.70152,0.0
5.50227,3.80157,0.0
5.50227,3.90161,0.0
5.50227,4.00165,0.0
5.50227,4.10169,0.0
5.50227,4.20173,0.0
5.50227,4.30177,0.0
5.50227,4.40181,0.0
5.50227,4.50185,0.0
5.50227,4.6019,0.0
5.50227,4.70194,0.0
5.50227,4.80198,0.0
5.50227,4.90202,0.0
5.50227,5.00206,0.0
5.50227,5.1021,0.0
5.50227,5.20214,0.0
5.50227,5.30218,0.0
5.50227,5.40223,0.0
5.50227,5.50227,0.0
5.50227,5.60231,0.0
5.50227,5.70235,0.0
5.50227,5.80239,0.0
5.50227,5.90243,0.0
5.50227,6.00247,0.0
5.50227,6.10251,0.0
5.50227,6.20256,0.0
5.50227,6.3026,0.0
5.50227,6.40264,0.0
5.50227,6.50268,0.0
5.50227,6.60272,0.0
5.50227,6.70276,0.0
5.50227,6.8028,0.0
5.50227,6.90284,0.0
5.50227,7.00289,0.0
5.50227,7.10293,0.0
5.50227,7.20297,0.0
5.50227,7.30301,0.0
5.50227,7.40305,0.0
5.50227,7.50309,0.0
5.50227,7.60313,0.0
5.50227,7.70317,0.0
5.50227,7.80321,0.0
5.50227,7.90326,0.0
5.50227,8.0033,0.0
5.50227,8.10334,0.0
5.60231,-8.0033,0.0
5.60231,-7.90326,0.0
5.60231,-7.80321,0.0
5.60231,-7.70317,0.0
5.60231,-7.60313,0.0
5.60231,-7.50309,0.0
5.60231,-7.40305,0.0
5.60231,-7.30301,0.0
5.60231,-7.20297,0.0
5.60231,-7.10293,0.0
5.60231,-7.00289,0.0
5.60231,-6.90284,0.0
5.60231,-6.8028,0.0
5.60231,-6.70276,0.0
5.60231,-6.60272,0.0
5.60231,-6.50268,0.0
5.60231,-6.40264,0.0
5.60231,-6.3026,0.0
5.60231,-6.20256,0.0
5.60231,-6.10251,0.0
5.60231,-6.00247,0.0
5.60231,-5.90243,0.0
5.60231,-5.80239,0.0
5.60231,-5.70235,0.0
5.60231,-5.60231,0.0
5.60231,-5.50227,0.0
5.60231,-5.40223,0.0
5.60231,-5.30218,0.0
5.60231,-5.20214,0.0
5.60231,-5.1021,0.0
5.60231,-5.00206,0.0
5.60231,-4.90202,0.0
5.60231,-4.80198,0.0
5.60231,-4.70194,0.0
5.60231,-4.6019,0.0
5.60231,-4.50185,0.0
5.60231,-4.40181,0.0
5.60231,-4.30177,0.0
5.60231,-4.20173,0.0
5.60231,-4.10169,0.0
5.60231,-4.00165,0.0
5.60231,-3.90161,0.0
5.60231,-3.80157,0.0
5.60231,-3.70152,0.0
5.60231,-3.60148,0.0
5.60231,-3.50144,0.0
5.60231,-3.4014,0.0
5.60231,-3.30136,0.0
5.60231,-3.20132,0.0
5.60231,-3.10128,0.0
5.60231,-3.00124,0.0
5.60231,-2.9012,0.0
5.60231,-2.80115,0.0
5.60231,-2.70111,0.0
5.60231,-2.60107,0.0
5.60231,-2.50103,0.0
5.60231,-2.40099,0.0
5.60231,-2.30095,0.0
5.60231,-2.20091,0.0
5.60231,-2.10087,0.0
5.60231,-2.00082,0.0
5.60231,-1.90078,0.0
5.60231,-1.80074,0.0
5.60231,-1.7007,0.0
5.60231,-1.60066,0.0
5.60231,-1.50062,0.0
5.60231,-1.40058,0.0
5.60231,-1.30054,0.0
5.60231,-1.20049,0.0
5.60231,-1.10045,0.0
5.60231,-1.00041,0.0
5.60231,-0.90037,0.0
5.60231,-0.80033,0.0
5.60231,-0.70029,0.0
5.60231,-0.60025,0.0
5.60231,-0.50021,0.0
5.60231,-0.40016,0.0
5.60231,-0.30012,0.0
5.60231,-0.20008,0.0
5.60231,-0.10004,0.0
5.60231,0,0.0
5.60231,0.10004,0.0
5.60231,0.20008,0.0
5.60231,0.30012,0.0
5.60231,0.40016,0.0
5.60231,0.50021,0.0
5.60231,0.60025,0.0
5.60231,0.70029,0.0
5.60231,0.80033,0.0
5.60231,0.90037,0.0
5.60231,1.00041,0.0
5.60231,1.10045,0.0
5.60231,1.20049,0.0
5.60231,1.30054,0.0
5.60231,1.40058,0.0
5.60231,1.50062,0.0
5.60231,1.60066,0.0
5.60231,1.7007,0.0
5.60231,1.80074,0.0
5.60231,1.90078,0.0
5.60231,2.00082,0.0
5.60231,2.10087,0.0
5.60231,2.20091,0.0
5.60231,2.30095,0.0
5.60231,2.40099,0.0
5.60231,2.50103,0.0
5.60231,2.60107,0.0
5.60231,2.70111,0.0
5.60231,2.80115,0.0
5.60231,2.9012,0.0
5.60231,3.00124,0.0
5.60231,3.10128,0.0
5.60231,3.20132,0.0
5.60231,3.30136,0.0
5.60231,3.4014,0.0
5.60231,3.50144,0.0
5.60231,3.60148,0.0
5.60231,3.70152,0.0
5.60231,3.80157,0.0
5.60231,3.90161,0.0
5.60231,4.00165,0.0
5.60231,4.10169,0.0
5.60231,4.20173,0.0
5.60231,4.30177,0.0
5.60231,4.40181,0.0
5.60231,4.50185,0.0
5.60231,4.6019,0.0
5.60231,4.70194,0.0
5.60231,4.80198,0.0
5.60231,4.90202,0.0
5.60231,5.00206,0.0
5.60231,5.1021,0.0
5.60231,5.20214,0.0
5.60231,5.30218,0.0
5.60231,5.40223,0.0
5.60231,5.50227,0.0
5.60231,5.60231,0.0
5.60231,5.70235,0.0
5.60231,5.80239,0.0
5.60231,5.90243,0.0
5.60231,6.00247,0.0
5.60231,6.10251,0.0
5.60231,6.20256,0.0
5.60231,6.3026,0.0
5.60231,6.40264,0.0
5.60231,6.50268,0.0
5.60231,6.60272,0.0
5.60231,6.70276,0.0
5.60231,6.8028,0.0
5.60231,6.90284,0.0
5.60231,7.00289,0.0
5.60231,7.10293,0.0
5.60231,7.20297,0.0
5.60231,7.30301,0.0
5.60231,7.40305,0.0
5.60231,7.50309,0.0
5.60231,7.60313,0.0
5.60231,7.70317,0.0
5.60231,7.80321,0.0
5.60231,7.90326,0.0
5.60231,8.0033,0.0
5.70235,-7.90326,0.0
5.70235,-7.80321,0.0
5.70235,-7.70317,0.0
5.70235,-7.60313,0.0
5.70235,-7.50309,0.0
5.70235,-7.40305,0.0
5.70235,-7.30301,0.0
5.70235,-7.20297,0.0
5.70235,-7.10293,0.0
5.70235,-7.00289,0.0
5.70235,-6.90284,0.0
5.70235,-6.8028,0.0
5.70235,-6.70276,0.0
5.70235,-6.60272,0.0
5.70235,-6.50268,0.0
5.70235,-6.40264,0.0
5.70235,-6.3026,0.0
5.70235,-6.20256,0.0
5.70235,-6.10251,0.0
5.70235,-6.00247,0.0
5.70235,-5.90243,0.0
5.70235,-5.80239,0.0
5.70235,-5.70235,0.0
5.70235,-5.60231,0.0
5.70235,-5.50227,0.0
5.70235,-5.40223,0.0
5.70235,-5.30218,0.0
5.70235,-5.20214,0.0
5.70235,-5.1021,0.0
5.70235,-5.00206,0.0
5.70235,-4.90202,0.0
5.70235,-4.80198,0.0
5.70235,-4.70194,0.0
5.70235,-4.6019,0.0
5.70235,-4.50185,0.0
5.70235,-4.40181,0.0
5.70235,-4.30177,0.0
5.70235,-4.20173,0.0
5.70235,-4.10169,0.0
5.70235,-4.00165,0.0
5.70235,-3.90161,0.0
5.70235,-3.80157,0.0
5.70235,-3.70152,0.0
5.70235,-3.60148,0.0
5.70235,-3.50144,0.0
5.70235,-3.4014,0.0
5.70235,-3.30136,0.0
5.70235,-3.20132,0.0
5.70235,-3.10128,0.0
5.70235,-3.00124,0.0
5.70235,-2.9012,0.0
5.70235,-2.80115,0.0
5.70235,-2.70111,0.0
5.70235,-2.60107,0.0
5.70235,-2.50103,0.0
5.70235,-2.40099,0.0
5.70235,-2.30095,0.0
5.70235,-2.20091,0.0
5.70235,-2.10087,0.0
5.70235,-2.00082,0.0
5.70235,-1.90078,0.0
5.70235,-1.80074,0.0
5.70235,-1.7007,0.0
5.70235,-1.60066,0.0
5.70235,-1.50062,0.0
5.70235,-1.40058,0.0
5.70235,-1.30054,0.0
5.70235,-1.20049,0.0
5.70235,-1.10045,0.0
5.70235,-1.00041,0.0
5.70235,-0.90037,0.0
5.70235,-0.80033,0.0
5.70235,-0.70029,0.0
5.70235,-0.60025,0.0
5.70235,-0.50021,0.0
5.70235,-0.40016,0.0
5.70235,-0.30012,0.0
5.70235,-0.20008,0.0
5.70235,-0.10004,0.0
5.70235,0,0.0
5.70235,0.10004,0.0
5.70235,0.20008,0.0
5.70235,0.30012,0.0
5.70235,0.40016,0.0
5.70235,0.50021,0.0
5.70235,0.60025,0.0
5.70235,0.70029,0.0
5.70235,0.80033,0.0
5.70235,0.90037,0.0
5.70235,1.00041,0.0
5.70235,1.10045,0.0
5.70235,1.20049,0.0
5.70235,1.30054,0.0
5.70235,1.40058,0.0
5.70235,1.50062,0.0
5.70235,1.60066,0.0
5.70235,1.7007,0.0
5.70235,1.80074,0.0
5.70235,1.90078,0.0
5.70235,2.00082,0.0
5.70235,2.10087,0.0
5.70235,2.20091,0.0
5.70235,2.30095,0.0
5.70235,2.40099,0.0
5.70235,2.50103,0.0
5.70235,2.60107,0.0
5.70235,2.70111,0.0
5.70235,2.80115,0.0
5.70235,2.9012,0.0
5.70235,3.00124,0.0
5.70235,3.10128,0.0
5.70235,3.20132,0.0
5.70235,3.30136,0.0
5.70235,3.4014,0.0
5.70235,3.50144,0.0
5.70235,3.60148,0.0
5.70235,3.70152,0.0
5.70235,3.80157,0.0
5.70235,3.90161,0.0
5.70235,4.00165,0.0
5.70235,4.10169,0.0
5.70235,4.20173,0.0
5.70235,4.30177,0.0
5.70235,4.40181,0.0
5.70235,4.50185,0.0
5.70235,4.6019,0.0
5.70235,4.70194,0.0
5.70235,4.80198,0.0
5.70235,4.90202,0.0
5.70235,5.00206,0.0
5.70235,5.1021,0.0
5.70235,5.20214,0.0
5.70235,5.30218,0.0
5.70235,5.40223,0.0
5.70235,5.50227,0.0
5.70235,5.60231,0.0
5.70235,5.70235,0.0
5.70235,5.80239,0.0
5.70235,5.90243,0.0
5.70235,6.00247,0.0
5.70235,6.10251,0.0
5.70235,6.20256,0.0
5.70235,6.3026,0.0
5.70235,6.40264,0.0
5.70235,6.50268,0.0
5.70235,6.60272,0.0
5.70235,6.70276,0.0
5.70235,6.8028,0.0
5.70235,6.90284,0.0
5.70235,7.00289,0.0
5.70235,7.10293,0.0
5.70235,7.20297,0.0
5.70235,7.30301,0.0
5.70235,7.40305,0.0
5.70235,7.50309,0.0
5.70235,7.60313,0.0
5.70235,7.70317,0.0
5.70235,7.80321,0.0
5.70235,7.90326,0.0
5.80239,-7.80321,0.0
5.80239,-7.70317,0.0
5.80239,-7.60313,0.0
5.80239,-7.50309,0.0
5.80239,-7.40305,0.0
5.80239,-7.30301,0.0
5.80239,-7.20297,0.0
5.80239,-7.10293,0.0
5.80239,-7.00289,0.0
5.80239,-6.90284,0.0
5.80239,-6.8028,0.0
5.80239,-6.70276,0.0
5.80239,-6.60272,0.0
5.80239,-6.50268,0.0
5.80239,-6.40264,0.0
5.80239,-6.3026,0.0
5.80239,-6.20256,0.0
5.80239,-6.10251,0.0
5.80239,-6.00247,0.0
5.80239,-5.90243,0.0
5.80239,-5.80239,0.0
5.80239,-5.70235,0.0
5.80239,-5.60231,0.0
5.80239,-5.50227,0.0
5.80239,-5.40223,0.0
5.80239,-5.30218,0.0
5.80239,-5.20214,0.0
5.80239,-5.1021,0.0
5.80239,-5.00206,0.0
5.80239,-4.90202,0.0
5.80239,-4.80198,0.0
5.80239,-4.70194,0.0
5.80239,-4.6019,0.0
5.80239,-4.50185,0.0
5.80239,-4.40181,0.0
5.80239,-4.30177,0.0
5.80239,-4.20173,0.0
5.80239,-4.10169,0.0
5.80239,-4.00165,0.0
5.80239,-3.90161,0.0
5.80239,-3.80157,0.0
5.80239,-3.70152,0.0
5.80239,-3.60148,0.0
5.80239,-3.50144,0.0
5.80239,-3.4014,0.0
5.80239,-3.30136,0.0
5.80239,-3.20132,0.0
5.80239,-3.10128,0.0
5.80239,-3.00124,0.0
5.80239,-2.9012,0.0
5.80239,-2.80115,0.0
5.80239,-2.70111,0.0
5.80239,-2.60107,0.0
5.80239,-2.50103,0.0
5.80239,-2.40099,0.0
5.80239,-2.30095,0.0
5.80239,-2.20091,0.0
5.80239,-2.10087,0.0
5.80239,-2.00082,0.0
5.80239,-1.90078,0.0
5.80239,-1.80074,0.0
5.80239,-1.7007,0.0
5.80239,-1.60066,0.0
5.80239,-1.50062,0.0
5.80239,-1.40058,0.0
5.80239,-1.30054,0.0
5.80239,-1.20049,0.0
5.80239,-1.10045,0.0
5.80239,-1.00041,0.0
5.80239,-0.90037,0.0
5.80239,-0.80033,0.0
5.80239,-0.70029,0.0
5.80239,-0.60025,0.0
5.80239,-0.50021,0.0
5.80239,-0.40016,0.0
5.80239,-0.30012,0.0
5.80239,-0.20008,0.0
5.80239,-0.10004,0.0
5.80239,0,0.0
5.80239,0.10004,0.0
5.80239,0.20008,0.0
5.80239,0.30012,0.0
5.80239,0.40016,0.0
5.80239,0.50021,0.0
5.80239,0.60025,0.0
5.80239,0.70029,0.0
5.80239,0.80033,0.0
5.80239,0.90037,0.0
5.80239,1.00041,0.0
5.80239,1.10045,0.0
5.80239,1.20049,0.0
5.80239,1.30054,0.0
5.80239,1.40058,0.0
5.80239,1.50062,0.0
5.80239,1.60066,0.0
5.80239,1.7007,0.0
5.80239,1.80074,0.0
5.80239,1.90078,0.0
5.80239,2.00082,0.0
5.80239,2.10087,0.0
5.80239,2.20091,0.0
5.80239,2.30095,0.0
5.80239,2.40099,0.0
5.80239,2.50103,0.0
5.80239,2.60107,0.0
5.80239,2.70111,0.0
5.80239,2.80115,0.0
5.80239,2.9012,0.0
5.80239,3.00124,0.0
5.80239,3.10128,0.0
5.80239,3.20132,0.0
5.80239,3.30136,0.0
5.80239,3.4014,0.0
5.80239,3.50144,0.0
5.80239,3.60148,0.0
5.80239,3.70152,0.0
5.80239,3.80157,0.0
5.80239,3.90161,0.0
5.80239,4.00165,0.0
5.80239,4.10169,0.0
5.80239,4.20173,0.0
5.80239,4.30177,0.0
5.80239,4.40181,0.0
5.80239,4.50185,0.0
5.80239,4.6019,0.0
5.80239,4.70194,0.0
5.80239,4.80198,0.0
5.80239,4.90202,0.0
5.80239,5.00206,0.0
5.80239,5.1021,0.0
5.80239,5.20214,0.0
5.80239,5.30218,0.0
5.80239,5.40223,0.0
5.80239,5.50227,0.0
5.80239,5.60231,0.0
5.80239,5.70235,0.0
5.80239,5.80239,0.0
5.80239,5.90243,0.0
5.80239,6.00247,0.0
5.80239,6.10251,0.0
5.80239,6.20256,0.0
5.80239,6.3026,0.0
5.80239,6.40264,0.0
5.80239,6.50268,0.0
5.80239,6.60272,0.0
5.80239,6.70276,0.0
5.80239,6.8028,0.0
5.80239,6.90284,0.0
5.80239,7.00289,0.0
5.80239,7.10293,0.0
5.80239,7.20297,0.0
5.80239,7.30301,0.0
5.80239,7.40305,0.0
5.80239,7.50309,0.0
5.80239,7.60313,0.0
5.80239,7.70317,0.0
5.80239,7.80321,0.0
5.90243,-7.80321,0.0
5.90243,-7.70317,0.0
5.90243,-7.60313,0.0
5.90243,-7.50309,0.0
5.90243,-7.40305,0.0
5.90243,-7.30301,0.0
5.90243,-7.20297,0.0
5.90243,-7.10293,0.0
5.90243,-7.00289,0.0
5.90243,-6.90284,0.0
5.90243,-6.8028,0.0
5.90243,-6.70276,0.0
5.90243,-6.60272,0.0
5.90243,-6.50268,0.0
5.90243,-6.40264,0.0
5.90243,-6.3026,0.0
5.90243,-6.20256,0.0
5.90243,-6.10251,0.0
5.90243,-6.00247,0.0
5.90243,-5.90243,0.0
5.90243,-5.80239,0.0
5.90243,-5.70235,0.0
5.90243,-5.60231,0.0
5.90243,-5.50227,0.0
5.90243,-5.40223,0.0
5.90243,-5.30218,0.0
5.90243,-5.20214,0.0
5.90243,-5.1021,0.0
5.90243,-5.00206,0.0
5.90243,-4.90202,0.0
5.90243,-4.80198,0.0
5.90243,-4.70194,0.0
5.90243,-4.6019,0.0
5.90243,-4.50185,0.0
5.90243,-4.40181,0.0
5.90243,-4.30177,0.0
5.90243,-4.20173,0.0
5.90243,-4.10169,0.0
5.90243,-4.00165,0.0
5.90243,-3.90161,0.0
5.90243,-3.80157,0.0
5.90243,-3.70152,0.0
5.90243,-3.60148,0.0
5.90243,-3.50144,0.0
5.90243,-3.4014,0.0
5.90243,-3.30136,0.0
5.90243,-3.20132,0.0
5.90243,-3.10128,0.0
5.90243,-3.00124,0.0
5.90243,-2.9012,0.0
5.90243,-2.80115,0.0
5.90243,-2.70111,0.0
5.90243,-2.60107,0.0
5.90243,-2.50103,0.0
5.90243,-2.40099,0.0
5.90243,-2.30095,0.0
5.90243,-2.20091,0.0
5.90243,-2.10087,0.0
5.90243,-2.00082,0.0
5.90243,-1.90078,0.0
5.90243,-1.80074,0.0
5.90243,-1.7007,0.0
5.90243,-1.60066,0.0
5.90243,-1.50062,0.0
5.90243,-1.40058,0.0
5.90243,-1.30054,0.0
5.90243,-1.20049,0.0
5.90243,-1.10045,0.0
5.90243,-1.00041,0.0
5.90243,-0.90037,0.0
5.90243,-0.80033,0.0
5.90243,-0.70029,0.0
5.90243,-0.60025,0.0
5.90243,-0.50021,0.0
5.90243,-0.40016,0.0
5.90243,-0.30012,0.0
5.90243,-0.20008,0.0
5.90243,-0.10004,0.0
5.90243,0,0.0
5.90243,0.10004,0.0
5.90243,0.20008,0.0
5.90243,0.30012,0.0
5.90243,0.40016,0.0
5.90243,0.50021,0.0
5.90243,0.60025,0.0
5.90243,0.70029,0.0
5.90243,0.80033,0.0
5.90243,0.90037,0.0
5.90243,1.00041,0.0
5.90243,1.10045,0.0
5.90243,1.20049,0.0
5.90243,1.30054,0.0
5.90243,1.40058,0.0
5.90243,1.50062,0.0
5.90243,1.60066,0.0
5.90243,1.7007,0.0
5.90243,1.80074,0.0
5.90243,1.90078,0.0
5.90243,2.00082,0.0
5.90243,2.10087,0.0
5.90243,2.20091,0.0
5.90243,2.30095,0.0
5.90243,2.40099,0.0
5.90243,2.50103,0.0
5.90243,2.60107,0.0
5.90243,2.70111,0.0
5.90243,2.80115,0.0
5.90243,2.9012,0.0
5.90243,3.00124,0.0
5.90243,3.10128,0.0
5.90243,3.20132,0.0
5.90243,3.30136,0.0
5.90243,3.4014,0.0
5.90243,3.50144,0.0
5.90243,3.60148,0.0
5.90243,3.70152,0.0
5.90243,3.80157,0.0
5.90243,3.90161,0.0
5.90243,4.00165,0.0
5.90243,4.10169,0.0
5.90243,4.20173,0.0
5.90243,4.30177,0.0
5.90243,4.40181,0.0
5.90243,4.50185,0.0
5.90243,4.6019,0.0
5.90243,4.70194,0.0
5.90243,4.80198,0.0
5.90243,4.90202,0.0
5.90243,5.00206,0.0
5.90243,5.1021,0.0
5.90243,5.20214,0.0
5.90243,5.30218,0.0
5.90243,5.40223,0.0
5.90243,5.50227,0.0
5.90243,5.60231,0.0
5.90243,5.70235,0.0
5.90243,5.80239,0.0
5.90243,5.90243,0.0
5.90243,6.00247,0.0
5.90243,6.10251,0.0
5.90243,6.20256,0.0
5.90243,6.3026,0.0
5.90243,6.40264,0.0
5.90243,6.50268,0.0
5.90243,6.60272,0.0
5.90243,6.70276,0.0
5.90243,6.8028,0.0
5.90243,6.90284,0.0
5.90243,7.00289,0.0
5.90243,7.10293,0.0
5.90243,7.20297,0.0
5.90243,7.30301,0.0
5.90243,7.40305,0.0
5.90243,7.50309,0.0
5.90243,7.60313,0.0
5.90243,7.70317,0.0
5.90243,7.80321,0.0
6.00247,-7.70317,0.0
6.00247,-7.60313,0.0
6.00247,-7.50309,0.0
6.00247,-7.40305,0.0
6.00247,-7.30301,0.0
6.00247,-7.20297,0.0
6.00247,-7.10293,0.0
6.00247,-7.00289,0.0
6.00247,-6.90284,0.0
6.00247,-6.8028,0.0
6.00247,-6.70276,0.0
6.00247,-6.60272,0.0
6.00247,-6.50268,0.0
6.00247,-6.40264,0.0
6.00247,-6.3026,0.0
6.00247,-6.20256,0.0
6.00247,-6.10251,0.0
6.00247,-6.00247,0.0
6.00247,-5.90243,0.0
6.00247,-5.80239,0.0
6.00247,-5.70235,0.0
6.00247,-5.60231,0.0
6.00247,-5.50227,0.0
6.00247,-5.40223,0.0
6.00247,-5.30218,0.0
6.00247,-5.20214,0.0
6.00247,-5.1021,0.0
6.00247,-5.00206,0.0
6.00247,-4.90202,0.0
6.00247,-4.80198,0.0
6.00247,-4.70194,0.0
6.00247,-4.6019,0.0
6.00247,-4.50185,0.0
6.00247,-4.40181,0.0
6.00247,-4.30177,0.0
6.00247,-4.20173,0.0
6.00247,-4.10169,0.0
6.00247,-4.00165,0.0
6.00247,-3.90161,0.0
6.00247,-3.80157,0.0
6.00247,-3.70152,0.0
6.00247,-3.60148,0.0
6.00247,-3.50144,0.0
6.00247,-3.4014,0.0
6.00247,-3.30136,0.0
6.00247,-3.20132,0.0
6.00247,-3.10128,0.0
6.00247,-3.00124,0.0
6.00247,-2.9012,0.0
6.00247,-2.80115,0.0
6.00247,-2.70111,0.0
6.00247,-2.60107,0.0
6.00247,-2.50103,0.0
6.00247,-2.40099,0.0
6.00247,-2.30095,0.0
6.00247,-2.20091,0.0
6.00247,-2.10087,0.0
6.00247,-2.00082,0.0
6.00247,-1.90078,0.0
6.00247,-1.80074,0.0
6.00247,-1.7007,0.0
6.00247,-1.60066,0.0
6.00247,-1.50062,0.0
6.00247,-1.40058,0.0
6.00247,-1.30054,0.0
6.00247,-1.20049,0.0
6.00247,-1.10045,0.0
6.00247,-1.00041,0.0
6.00247,-0.90037,0.0
6.00247,-0.80033,0.0
6.00247,-0.70029,0.0
6.00247,-0.60025,0.0
6.00247,-0.50021,0.0
6.00247,-0.40016,0.0
6.00247,-0.30012,0.0
6.00247,-0.20008,0.0
6.00247,-0.10004,0.0
6.00247,0,0.0
6.00247,0.10004,0.0
6.00247,0.20008,0.0
6.00247,0.30012,0.0
6.00247,0.40016,0.0
6.00247,0.50021,0.0
6.00247,0.60025,0.0
6.00247,0.70029,0.0
6.00247,0.80033,0.0
6.00247,0.90037,0.0
6.00247,1.00041,0.0
6.00247,1.10045,0.0
6.00247,1.20049,0.0
6.00247,1.30054,0.0
6.00247,1.40058,0.0
6.00247,1.50062,0.0
6.00247,1.60066,0.0
6.00247,1.7007,0.0
6.00247,1.80074,0.0
6.00247,1.90078,0.0
6.00247,2.00082,0.0
6.00247,2.10087,0.0
6.00247,2.20091,0.0
6.00247,2.30095,0.0
6.00247,2.40099,0.0
6.00247,2.50103,0.0
6.00247,2.60107,0.0
6.00247,2.70111,0.0
6.00247,2.80115,0.0
6.00247,2.9012,0.0
6.00247,3.00124,0.0
6.00247,3.10128,0.0
6.00247,3.20132,0.0
6.00247,3.30136,0.0
6.00247,3.4014,0.0
6.00247,3.50144,0.0
6.00247,3.60148,0.0
6.00247,3.70152,0.0
6.00247,3.80157,0.0
6.00247,3.90161,0.0
6.00247,4.00165,0.0
6.00247,4.10169,0.0
6.00247,4.20173,0.0
6.00247,4.30177,0.0
6.00247,4.40181,0.0
6.00247,4.50185,0.0
6.00247,4.6019,0.0
6.00247,4.70194,0.0
6.00247,4.80198,0.0
6.00247,4.90202,0.0
6.00247,5.00206,0.0
6.00247,5.1021,0.0
6.00247,5.20214,0.0
6.00247,5.30218,0.0
6.00247,5.40223,0.0
6.00247,5.50227,0.0
6.00247,5.60231,0.0
6.00247,5.70235,0.0
6.00247,5.80239,0.0
6.00247,5.90243,0.0
6.00247,6.00247,0.0
6.00247,6.10251,0.0
6.00247,6.20256,0.0
6.00247,6.3026,0.0
6.00247,6.40264,0.0
6.00247,6.50268,0.0
6.00247,6.60272,0.0
6.00247,6.70276,0.0
6.00247,6.8028,0.0
6.00247,6.90284,0.0
6.00247,7.00289,0.0
6.00247,7.10293,0.0
6.00247,7.20297,0.0
6.00247,7.30301,0.0
6.00247,7.40305,0.0
6.00247,7.50309,0.0
6.00247,7.60313,0.0
6.00247,7.70317,0.0
6.10251,-7.60313,0.0
6.10251,-7.50309,0.0
6.10251,-7.40305,0.0
6.10251,-7.30301,0.0
6.10251,-7.20297,0.0
6.10251,-7.10293,0.0
6.10251,-7.00289,0.0
6.10251,-6.90284,0.0
6.10251,-6.8028,0.0
6.10251,-6.70276,0.0
6.10251,-6.60272,0.0
6.10251,-6.50268,0.0
6.10251,-6.40264,0.0
6.10251,-6.3026,0.0
6.10251,-6.20256,0.0
6.10251,-6.10251,0.0
6.10251,-6.00247,0.0
6.10251,-5.90243,0.0
6.10251,-5.80239,0.0
6.10251,-5.70235,0.0
6.10251,-5.60231,0.0
6.10251,-5.50227,0.0
6.10251,-5.40223,0.0
6.10251,-5.30218,0.0
6.10251,-5.20214,0.0
6.10251,-5.1021,0.0
6.10251,-5.00206,0.0
6.10251,-4.90202,0.0
6.10251,-4.80198,0.0
6.10251,-4.70194,0.0
6.10251,-4.6019,0.0
6.10251,-4.50185,0.0
6.10251,-4.40181,0.0
6.10251,-4.30177,0.0
6.10251,-4.20173,0.0
6.10251,-4.10169,0.0
6.10251,-4.00165,0.0
6.10251,-3.90161,0.0
6.10251,-3.80157,0.0
6.10251,-3.70152,0.0
6.10251,-3.60148,0.0
6.10251,-3.50144,0.0
6.10251,-3.4014,0.0
6.10251,-3.30136,0.0
6.10251,-3.20132,0.0
6.10251,-3.10128,0.0
6.10251,-3.00124,0.0
6.10251,-2.9012,0.0
6.10251,-2.80115,0.0
6.10251,-2.70111,0.0
6.10251,-2.60107,0.0
6.10251,-2.50103,0.0
6.10251,-2.40099,0.0
6.10251,-2.30095,0.0
6.10251,-2.20091,0.0
6.10251,-2.10087,0.0
6.10251,-2.00082,0.0
6.10251,-1.90078,0.0
6.10251,-1.80074,0.0
6.10251,-1.7007,0.0
6.10251,-1.60066,0.0
6.10251,-1.50062,0.0
6.10251,-1.40058,0.0
6.10251,-1.30054,0.0
6.10251,-1.20049,0.0
6.10251,-1.10045,0.0
6.10251,-1.00041,0.0
6.10251,-0.90037,0.0
6.10251,-0.80033,0.0
6.10251,-0.70029,0.0
6.10251,-0.60025,0.0
6.10251,-0.50021,0.0
6.10251,-0.40016,0.0
6.10251,-0.30012,0.0
6.10251,-0.20008,0.0
6.10251,-0.10004,0.0
6.10251,0,0.0
6.10251,0.10004,0.0
6.10251,0.20008,0.0
6.10251,0.30012,0.0
6.10251,0.40016,0.0
6.10251,0.50021,0.0
6.10251,0.60025,0.0
6.10251,0.70029,0.0
6.10251,0.80033,0.0
6.10251,0.90037,0.0
6.10251,1.00041,0.0
6.10251,1.10045,0.0
6.10251,1.20049,0.0
6.10251,1.30054,0.0
6.10251,1.40058,0.0
6.10251,1.50062,0.0
6.10251,1.60066,0.0
6.10251,1.7007,0.0
6.10251,1.80074,0.0
6.10251,1.90078,0.0
6.10251,2.00082,0.0
6.10251,2.10087,0.0
6.10251,2.20091,0.0
6.10251,2.30095,0.0
6.10251,2.40099,0.0
6.10251,2.50103,0.0
6.10251,2.60107,0.0
6.10251,2.70111,0.0
6.10251,2.80115,0.0
6.10251,2.9012,0.0
6.10251,3.00124,0.0
6.10251,3.10128,0.0
6.10251,3.20132,0.0
6.10251,3.30136,0.0
6.10251,3.4014,0.0
6.10251,3.50144,0.0
6.10251,3.60148,0.0
6.10251,3.70152,0.0
6.10251,3.80157,0.0
6.10251,3.90161,0.0
6.10251,4.00165,0.0
6.10251,4.10169,0.0
6.10251,4.20173,0.0
6.10251,4.30177,0.0
6.10251,4.40181,0.0
6.10251,4.50185,0.0
6.10251,4.6019,0.0
6.10251,4.70194,0.0
6.10251,4.80198,0.0
6.10251,4.90202,0.0
6.10251,5.00206,0.0
6.10251,5.1021,0.0
6.10251,5.20214,0.0
6.10251,5.30218,0.0
6.10251,5.40223,0.0
6.10251,5.50227,0.0
6.10251,5.60231,0.0
6.10251,5.70235,0.0
6.10251,5.80239,0.0
6.10251,5.90243,0.0
6.10251,6.00247,0.0
6.10251,6.10251,0.0
6.10251,6.20256,0.0
6.10251,6.3026,0.0
6.10251,6.40264,0.0
6.10251,6.50268,0.0
6.10251,6.60272,0.0
6.10251,6.70276,0.0
6.10251,6.8028,0.0
6.10251,6.90284,0.0
6.10251,7.00289,0.0
6.10251,7.10293,0.0
6.10251,7.20297,0.0
6.10251,7.30301,0.0
6.10251,7.40305,0.0
6.10251,7.50309,0.0
6.10251,7.60313,0.0
6.20256,-7.50309,0.0
6.20256,-7.40305,0.0
6.20256,-7.30301,0.0
6.20256,-7.20297,0.0
6.20256,-7.10293,0.0
6.20256,-7.00289,0.0
6.20256,-6.90284,0.0
6.20256,-6.8028,0.0
6.20256,-6.70276,0.0
6.20256,-6.60272,0.0
6.20256,-6.50268,0.0
6.20256,-6.40264,0.0
6.20256,-6.3026,0.0
6.20256,-6.20256,0.0
6.20256,-6.10251,0.0
6.20256,-6.00247,0.0
6.20256,-5.90243,0.0
6.20256,-5.80239,0.0
6.20256,-5.70235,0.0
6.20256,-5.60231,0.0
6.20256,-5.50227,0.0
6.20256,-5.40223,0.0
6.20256,-5.30218,0.0
6.20256,-5.20214,0.0
6.20256,-5.1021,0.0
6.20256,-5.00206,0.0
6.20256,-4.90202,0.0
6.20256,-4.80198,0.0
6.20256,-4.70194,0.0
6.20256,-4.6019,0.0
6.20256,-4.50185,0.0
6.20256,-4.40181,0.0
6.20256,-4.30177,0.0
6.20256,-4.20173,0.0
6.20256,-4.10169,0.0
6.20256,-4.00165,0.0
6.20256,-3.90161,0.0
6.20256,-3.80157,0.0
6.20256,-3.70152,0.0
6.20256,-3.60148,0.0
6.20256,-3.50144,0.0
6.20256,-3.4014,0.0
6.20256,-3.30136,0.0
6.20256,-3.20132,0.0
6.20256,-3.10128,0.0
6.20256,-3.00124,0.0
6.20256,-2.9012,0.0
6.20256,-2.80115,0.0
6.20256,-2.70111,0.0
6.20256,-2.60107,0.0
6.20256,-2.50103,0.0
6.20256,-2.40099,0.0
6.20256,-2.30095,0.0
6.20256,-2.20091,0.0
6.20256,-2.10087,0.0
6.20256,-2.00082,0.0
6.20256,-1.90078,0.0
6.20256,-1.80074,0.0
6.20256,-1.7007,0.0
6.20256,-1.60066,0.0
6.20256,-1.50062,0.0
6.20256,-1.40058,0.0
6.20256,-1.30054,0.0
6.20256,-1.20049,0.0
6.20256,-1.10045,0.0
6.20256,-1.00041,0.0
6.20256,-0.90037,0.0
6.20256,-0.80033,0.0
6.20256,-0.70029,0.0
6.20256,-0.60025,0.0
6.20256,-0.50021,0.0
6.20256,-0.40016,0.0
6.20256,-0.30012,0.0
6.20256,-0.20008,0.0
6.20256,-0.10004,0.0
6.20256,0,0.0
6.20256,0.10004,0.0
6.20256,0.20008,0.0
6.20256,0.30012,0.0
6.20256,0.40016,0.0
6.20256,0.50021,0.0
6.20256,0.60025,0.0
6.20256,0.70029,0.0
6.20256,0.80033,0.0
6.20256,0.90037,0.0
6.20256,1.00041,0.0
6.20256,1.10045,0.0
6.20256,1.20049,0.0
6.20256,1.30054,0.0
6.20256,1.40058,0.0
6.20256,1.50062,0.0
6.20256,1.60066,0.0
6.20256,1.7007,0.0
6.20256,1.80074,0.0
6.20256,1.90078,0.0
6.20256,2.00082,0.0
6.20256,2.10087,0.0
6.20256,2.20091,0.0
6.20256,2.30095,0.0
6.20256,2.40099,0.0
6.20256,2.50103,0.0
6.20256,2.60107,0.0
6.20256,2.70111,0.0
6.20256,2.80115,0.0
6.20256,2.9012,0.0
6.20256,3.00124,0.0
6.20256,3.10128,0.0
6.20256,3.20132,0.0
6.20256,3.30136,0.0
6.20256,3.4014,0.0
6.20256,3.50144,0.0
6.20256,3.60148,0.0
6.20256,3.70152,0.0
6.20256,3.80157,0.0
6.20256,3.90161,0.0
6.20256,4.00165,0.0
6.20256,4.10169,0.0
6.20256,4.20173,0.0
6.20256,4.30177,0.0
6.20256,4.40181,0.0
6.20256,4.50185,0.0
6.20256,4.6019,0.0
6.20256,4.70194,0.0
6.20256,4.80198,0.0
6.20256,4.90202,0.0
6.20256,5.00206,0.0
6.20256,5.1021,0.0
6.20256,5.20214,0.0
6.20256,5.30218,0.0
6.20256,5.40223,0.0
6.20256,5.50227,0.0
6.20256,5.60231,0.0
6.20256,5.70235,0.0
6.20256,5.80239,0.0
6.20256,5.90243,0.0
6.20256,6.00247,0.0
6.20256,6.10251,0.0
6.20256,6.20256,0.0
6.20256,6.3026,0.0
6.20256,6.40264,0.0
6.20256,6.50268,0.0
6.20256,6.60272,0.0
6.20256,6.70276,0.0
6.20256,6.8028,0.0
6.20256,6.90284,0.0
6.20256,7.00289,0.0
6.20256,7.10293,0.0
6.20256,7.20297,0.0
6.20256,7.30301,0.0
6.20256,7.40305,0.0
6.20256,7.50309,0.0
6.3026,-7.50309,0.0
6.3026,-7.40305,0.0
6.3026,-7.30301,0.0
6.3026,-7.20297,0.0
6.3026,-7.10293,0.0
6.3026,-7.00289,0.0
6.3026,-6.90284,0.0
6.3026,-6.8028,0.0
6.3026,-6.70276,0.0
6.3026,-6.60272,0.0
6.3026,-6.50268,0.0
6.3026,-6.40264,0.0
6.3026,-6.3026,0.0
6.3026,-6.20256,0.0
6.3026,-6.10251,0.0
6.3026,-6.00247,0.0
6.3026,-5.90243,0.0
6.3026,-5.80239,0.0
6.3026,-5.70235,0.0
6.3026,-5.60231,0.0
6.3026,-5.50227,0.0
6.3026,-5.40223,0.0
6.3026,-5.30218,0.0
6.3026,-5.20214,0.0
6.3026,-5.1021,0.0
6.3026,-5.00206,0.0
6.3026,-4.90202,0.0
6.3026,-4.80198,0.0
6.3026,-4.70194,0.0
6.3026,-4.6019,0.0
6.3026,-4.50185,0.0
6.3026,-4.40181,0.0
6.3026,-4.30177,0.0
6.3026,-4.20173,0.0
6.3026,-4.10169,0.0
6.3026,-4.00165,0.0
6.3026,-3.90161,0.0
6.3026,-3.80157,0.0
6.3026,-3.70152,0.0
6.3026,-3.60148,0.0
6.3026,-3.50144,0.0
6.3026,-3.4014,0.0
6.3026,-3.30136,0.0
6.3026,-3.20132,0.0
6.3026,-3.10128,0.0
6.3026,-3.00124,0.0
6.3026,-2.9012,0.0
6.3026,-2.80115,0.0
6.3026,-2.70111,0.0
6.3026,-2.60107,0.0
6.3026,-2.50103,0.0
6.3026,-2.40099,0.0
6.3026,-2.30095,0.0
6.3026,-2.20091,0.0
6.3026,-2.10087,0.0
6.3026,-2.00082,0.0
6.3026,-1.90078,0.0
6.3026,-1.80074,0.0
6.3026,-1.7007,0.0
6.3026,-1.60066,0.0
6.3026,-1.50062,0.0
6.3026,-1.40058,0.0
6.3026,-1.30054,0.0
6.3026,-1.20049,0.0
6.3026,-1.10045,0.0
6.3026,-1.00041,0.0
6.3026,-0.90037,0.0
6.3026,-0.80033,0.0
6.3026,-0.70029,0.0
6.3026,-0.60025,0.0
6.3026,-0.50021,0.0
6.3026,-0.40016,0.0
6.3026,-0.30012,0.0
6.3026,-0.20008,0.0
6.3026,-0.10004,0.0
6.3026,0,0.0
6.3026,0.10004,0.0
6.3026,0.20008,0.0
6.3026,0.30012,0.0
6.3026,0.40016,0.0
6.3026,0.50021,0.0
6.3026,0.60025,0.0
6.3026,0.70029,0.0
6.3026,0.80033,0.0
6.3026,0.90037,0.0
6.3026,1.00041,0.0
6.3026,1.10045,0.0
6.3026,1.20049,0.0
6.3026,1.30054,0.0
6.3026,1.40058,0.0
6.3026,1.50062,0.0
6.3026,1.60066,0.0
6.3026,1.7007,0.0
6.3026,1.80074,0.0
6.3026,1.90078,0.0
6.3026,2.00082,0.0
6.3026,2.10087,0.0
6.3026,2.20091,0.0
6.3026,2.30095,0.0
6.3026,2.40099,0.0
6.3026,2.50103,0.0
6.3026,2.60107,0.0
6.3026,2.70111,0.0
6.3026,2.80115,0.0
6.3026,2.9012,0.0
6.3026,3.00124,0.0
6.3026,3.10128,0.0
6.3026,3.20132,0.0
6.3026,3.30136,0.0
6.3026,3.4014,0.0
6.3026,3.50144,0.0
6.3026,3.60148,0.0
6.3026,3.70152,0.0
6.3026,3.80157,0.0
6.3026,3.90161,0.0
6.3026,4.00165,0.0
6.3026,4.10169,0.0
6.3026,4.20173,0.0
6.3026,4.30177,0.0
6.3026,4.40181,0.0
6.3026,4.50185,0.0
6.3026,4.6019,0.0
6.3026,4.70194,0.0
6.3026,4.80198,0.0
6.3026,4.90202,0.0
6.3026,5.00206,0.0
6.3026,5.1021,0.0
6.3026,5.20214,0.0
6.3026,5.30218,0.0
6.3026,5.40223,0.0
6.3026,5.50227,0.0
6.3026,5.60231,0.0
6.3026,5.70235,0.0
6.3026,5.80239,0.0
6.3026,5.90243,0.0
6.3026,6.00247,0.0
6.3026,6.10251,0.0
6.3026,6.20256,0.0
6.3026,6.3026,0.0
6.3026,6.40264,0.0
6.3026,6.50268,0.0
6.3026,6.60272,0.0
6.3026,6.70276,0.0
6.3026,6.8028,0.0
6.3026,6.90284,0.0
6.3026,7.00289,0.0
6.3026,7.10293,0.0
6.3026,7.20297,0.0
6.3026,7.30301,0.0
6.3026,7.40305,0.0
6.3026,7.50309,0.0
6.40264,-7.40305,0.0
6.40264,-7.30301,0.0
6.40264,-7.20297,0.0
6.40264,-7.10293,0.0
6.40264,-7.00289,0.0
6.40264,-6.90284,0.0
6.40264,-6.8028,0.0
6.40264,-6.70276,0.0
6.40264,-6.60272,0.0
6.40264,-6.50268,0.0
6.40264,-6.40264,0.0
6.40264,-6.3026,0.0
6.40264,-6.20256,0.0
6.40264,-6.10251,0.0
6.40264,-6.00247,0.0
6.40264,-5.90243,0.0
6.40264,-5.80239,0.0
6.40264,-5.70235,0.0
6.40264,-5.60231,0.0
6.40264,-5.50227,0.0
6.40264,-5.40223,0.0
6.40264,-5.30218,0.0
6.40264,-5.20214,0.0
6.40264,-5.1021,0.0
6.40264,-5.00206,0.0
6.40264,-4.90202,0.0
6.40264,-4.80198,0.0
6.40264,-4.70194,0.0
6.40264,-4.6019,0.0
6.40264,-4.50185,0.0
6.40264,-4.40181,0.0
6.40264,-4.30177,0.0
6.40264,-4.20173,0.0
6.40264,-4.10169,0.0
6.40264,-4.00165,0.0
6.40264,-3.90161,0.0
6.40264,-3.80157,0.0
6.40264,-3.70152,0.0
6.40264,-3.60148,0.0
6.40264,-3.50144,0.0
6.40264,-3.4014,0.0
6.40264,-3.30136,0.0
6.40264,-3.20132,0.0
6.40264,-3.10128,0.0
6.40264,-3.00124,0.0
6.40264,-2.9012,0.0
6.40264,-2.80115,0.0
6.40264,-2.70111,0.0
6.40264,-2.60107,0.0
6.40264,-2.50103,0.0
6.40264,-2.40099,0.0
6.40264,-2.30095,0.0
6.40264,-2.20091,0.0
6.40264,-2.10087,0.0
6.40264,-2.00082,0.0
6.40264,-1.90078,0.0
6.40264,-1.80074,0.0
6.40264,-1.7007,0.0
6.40264,-1.60066,0.0
6.40264,-1.50062,0.0
6.40264,-1.40058,0.0
6.40264,-1.30054,0.0
6.40264,-1.20049,0.0
6.40264,-1.10045,0.0
6.40264,-1.00041,0.0
6.40264,-0.90037,0.0
6.40264,-0.80033,0.0
6.40264,-0.70029,0.0
6.40264,-0.60025,0.0
6.40264,-0.50021,0.0
6.40264,-0.40016,0.0
6.40264,-0.30012,0.0
6.40264,-0.20008,0.0
6.40264,-0.10004,0.0
6.40264,0,0.0
6.40264,0.10004,0.0
6.40264,0.20008,0.0
6.40264,0.30012,0.0
6.40264,0.40016,0.0
6.40264,0.50021,0.0
6.40264,0.60025,0.0
6.40264,0.70029,0.0
6.40264,0.80033,0.0
6.40264,0.90037,0.0
6.40264,1.00041,0.0
6.40264,1.10045,0.0
6.40264,1.20049,0.0
6.40264,1.30054,0.0
6.40264,1.40058,0.0
6.40264,1.50062,0.0
6.40264,1.60066,0.0
6.40264,1.7007,0.0
6.40264,1.80074,0.0
6.40264,1.90078,0.0
6.40264,2.00082,0.0
6.40264,2.10087,0.0
6.40264,2.20091,0.0
6.40264,2.30095,0.0
6.40264,2.40099,0.0
6.40264,2.50103,0.0
6.40264,2.60107,0.0
6.40264,2.70111,0.0
6.40264,2.80115,0.0
6.40264,2.9012,0.0
6.40264,3.00124,0.0
6.40264,3.10128,0.0
6.40264,3.20132,0.0
6.40264,3.30136,0.0
6.40264,3.4014,0.0
6.40264,3.50144,0.0
6.40264,3.60148,0.0
6.40264,3.70152,0.0
6.40264,3.80157,0.0
6.40264,3.90161,0.0
6.40264,4.00165,0.0
6.40264,4.10169,0.0
6.40264,4.20173,0.0
6.40264,4.30177,0.0
6.40264,4.40181,0.0
6.40264,4.50185,0.0
6.40264,4.6019,0.0
6.40264,4.70194,0.0
6.40264,4.80198,0.0
6.40264,4.90202,0.0
6.40264,5.00206,0.0
6.40264,5.1021,0.0
6.40264,5.20214,0.0
6.40264,5.30218,0.0
6.40264,5.40223,0.0
6.40264,5.50227,0.0
6.40264,5.60231,0.0
6.40264,5.70235,0.0
6.40264,5.80239,0.0
6.40264,5.90243,0.0
6.40264,6.00247,0.0
6.40264,6.10251,0.0
6.40264,6.20256,0.0
6.40264,6.3026,0.0
6.40264,6.40264,0.0
6.40264,6.50268,0.0
6.40264,6.60272,0.0
6.40264,6.70276,0.0
6.40264,6.8028,0.0
6.40264,6.90284,0.0
6.40264,7.00289,0.0
6.40264,7.10293,0.0
6.40264,7.20297,0.0
6.40264,7.30301,0.0
6.40264,7.40305,0.0
6.50268,-7.30301,0.0
6.50268,-7.20297,0.0
6.50268,-7.10293,0.0
6.50268,-7.00289,0.0
6.50268,-6.90284,0.0
6.50268,-6.8028,0.0
6.50268,-6.70276,0.0
6.50268,-6.60272,0.0
6.50268,-6.50268,0.0
6.50268,-6.40264,0.0
6.50268,-6.3026,0.0
6.50268,-6.20256,0.0
6.50268,-6.10251,0.0
6.50268,-6.00247,0.0
6.50268,-5.90243,0.0
6.50268,-5.80239,0.0
6.50268,-5.70235,0.0
6.50268,-5.60231,0.0
6.50268,-5.50227,0.0
6.50268,-5.40223,0.0
6.50268,-5.30218,0.0
6.50268,-5.20214,0.0
6.50268,-5.1021,0.0
6.50268,-5.00206,0.0
6.50268,-4.90202,0.0
6.50268,-4.80198,0.0
6.50268,-4.70194,0.0
6.50268,-4.6019,0.0
6.50268,-4.50185,0.0
6.50268,-4.40181,0.0
6.50268,-4.30177,0.0
6.50268,-4.20173,0.0
6.50268,-4.10169,0.0
6.50268,-4.00165,0.0
6.50268,-3.90161,0.0
6.50268,-3.80157,0.0
6.50268,-3.70152,0.0
6.50268,-3.60148,0.0
6.50268,-3.50144,0.0
6.50268,-3.4014,0.0
6.50268,-3.30136,0.0
6.50268,-3.20132,0.0
6.50268,-3.10128,0.0
6.50268,-3.00124,0.0
6.50268,-2.9012,0.0
6.50268,-2.80115,0.0
6.50268,-2.70111,0.0
6.50268,-2.60107,0.0
6.50268,-2.50103,0.0
6.50268,-2.40099,0.0
6.50268,-2.30095,0.0
6.50268,-2.20091,0.0
6.50268,-2.10087,0.0
6.50268,-2.00082,0.0
6.50268,-1.90078,0.0
6.50268,-1.80074,0.0
6.50268,-1.7007,0.0
6.50268,-1.60066,0.0
6.50268,-1.50062,0.0
6.50268,-1.40058,0.0
6.50268,-1.30054,0.0
6.50268,-1.20049,0.0
6.50268,-1.10045,0.0
6.50268,-1.00041,0.0
6.50268,-0.90037,0.0
6.50268,-0.80033,0.0
6.50268,-0.70029,0.0
6.50268,-0.60025,0.0
6.50268,-0.50021,0.0
6.50268,-0.40016,0.0
6.50268,-0.30012,0.0
6.50268,-0.20008,0.0
6.50268,-0.10004,0.0
6.50268,0,0.0
6.50268,0.10004,0.0
6.50268,0.20008,0.0
6.50268,0.30012,0.0
6.50268,0.40016,0.0
6.50268,0.50021,0.0
6.50268,0.60025,0.0
6.50268,0.70029,0.0
6.50268,0.80033,0.0
6.50268,0.90037,0.0
6.50268,1.00041,0.0
6.50268,1.10045,0.0
6.50268,1.20049,0.0
6.50268,1.30054,0.0
6.50268,1.40058,0.0
6.50268,1.50062,0.0
6.50268,1.60066,0.0
6.50268,1.7007,0.0
6.50268,1.80074,0.0
6.50268,1.90078,0.0
6.50268,2.00082,0.0
6.50268,2.10087,0.0
6.50268,2.20091,0.0
6.50268,2.30095,0.0
6.50268,2.40099,0.0
6.50268,2.50103,0.0
6.50268,2.60107,0.0
6.50268,2.70111,0.0
6.50268,2.80115,0.0
6.50268,2.9012,0.0
6.50268,3.00124,0.0
6.50268,3.10128,0.0
6.50268,3.20132,0.0
6.50268,3.30136,0.0
6.50268,3.4014,0.0
6.50268,3.50144,0.0
6.50268,3.60148,0.0
6.50268,3.70152,0.0
6.50268,3.80157,0.0
6.50268,3.90161,0.0
6.50268,4.00165,0.0
6.50268,4.10169,0.0
6.50268,4.20173,0.0
6.50268,4.30177,0.0
6.50268,4.40181,0.0
6.50268,4.50185,0.0
6.50268,4.6019,0.0
6.50268,4.70194,0.0
6.50268,4.80198,0.0
6.50268,4.90202,0.0
6.50268,5.00206,0.0
6.50268,5.1021,0.0
6.50268,5.20214,0.0
6.50268,5.30218,0.0
6.50268,5.40223,0.0
6.50268,5.50227,0.0
6.50268,5.60231,0.0
6.50268,5.70235,0.0
6.50268,5.80239,0.0
6.50268,5.90243,0.0
6.50268,6.00247,0.0
6.50268,6.10251,0.0
6.50268,6.20256,0.0
6.50268,6.3026,0.0
6.50268,6.40264,0.0
6.50268,6.50268,0.0
6.50268,6.60272,0.0
6.50268,6.70276,0.0
6.50268,6.8028,0.0
6.50268,6.90284,0.0
6.50268,7.00289,0.0
6.50268,7.10293,0.0
6.50268,7.20297,0.0
6.50268,7.30301,0.0
6.60272,-7.20297,0.0
6.60272,-7.10293,0.0
6.60272,-7.00289,0.0
6.60272,-6.90284,0.0
6.60272,-6.8028,0.0
6.60272,-6.70276,0.0
6.60272,-6.60272,0.0
6.60272,-6.50268,0.0
6.60272,-6.40264,0.0
6.60272,-6.3026,0.0
6.60272,-6.20256,0.0
6.60272,-6.10251,0.0
6.60272,-6.00247,0.0
6.60272,-5.90243,0.0
6.60272,-5.80239,0.0
6.60272,-5.70235,0.0
6.60272,-5.60231,0.0
6.60272,-5.50227,0.0
6.60272,-5.40223,0.0
6.60272,-5.30218,0.0
6.60272,-5.20214,0.0
6.60272,-5.1021,0.0
6.60272,-5.00206,0.0
6.60272,-4.90202,0.0
6.60272,-4.80198,0.0
6.60272,-4.70194,0.0
6.60272,-4.6019,0.0
6.60272,-4.50185,0.0
6.60272,-4.40181,0.0
6.60272,-4.30177,0.0
6.60272,-4.20173,0.0
6.60272,-4.10169,0.0
6.60272,-4.00165,0.0
6.60272,-3.90161,0.0
6.60272,-3.80157,0.0
6.60272,-3.70152,0.0
6.60272,-3.60148,0.0
6.60272,-3.50144,0.0
6.60272,-3.4014,0.0
6.60272,-3.30136,0.0
6.60272,-3.20132,0.0
6.60272,-3.10128,0.0
6.60272,-3.00124,0.0
6.60272,-2.9012,0.0
6.60272,-2.80115,0.0
6.60272,-2.70111,0.0
6.60272,-2.60107,0.0
6.60272,-2.50103,0.0
6.60272,-2.40099,0.0
6.60272,-2.30095,0.0
6.60272,-2.20091,0.0
6.60272,-2.10087,0.0
6.60272,-2.00082,0.0
6.60272,-1.90078,0.0
6.60272,-1.80074,0.0
6.60272,-1.7007,0.0
6.60272,-1.60066,0.0
6.60272,-1.50062,0.0
6.60272,-1.40058,0.0
6.60272,-1.30054,0.0
6.60272,-1.20049,0.0
6.60272,-1.10045,0.0
6.60272,-1.00041,0.0
6.60272,-0.90037,0.0
6.60272,-0.80033,0.0
6.60272,-0.70029,0.0
6.60272,-0.60025,0.0
6.60272,-0.50021,0.0
6.60272,-0.40016,0.0
6.60272,-0.30012,0.0
6.60272,-0.20008,0.0
6.60272,-0.10004,0.0
6.60272,0,0.0
6.60272,0.10004,0.0
6.60272,0.20008,0.0
6.60272,0.30012,0.0
6.60272,0.40016,0.0
6.60272,0.50021,0.0
6.60272,0.60025,0.0
6.60272,0.70029,0.0
6.60272,0.80033,0.0
6.60272,0.90037,0.0
6.60272,1.00041,0.0
6.60272,1.10045,0.0
6.60272,1.20049,0.0
6.60272,1.30054,0.0
6.60272,1.40058,0.0
6.60272,1.50062,0.0
6.60272,1.60066,0.0
6.60272,1.7007,0.0
6.60272,1.80074,0.0
6.60272,1.90078,0.0
6.60272,2.00082,0.0
6.60272,2.10087,0.0
6.60272,2.20091,0.0
6.60272,2.30095,0.0
6.60272,2.40099,0.0
6.60272,2.50103,0.0
6.60272,2.60107,0.0
6.60272,2.70111,0.0
6.60272,2.80115,0.0
6.60272,2.9012,0.0
6.60272,3.00124,0.0
6.60272,3.10128,0.0
6.60272,3.20132,0.0
6.60272,3.30136,0.0
6.60272,3.4014,0.0
6.60272,3.50144,0.0
6.60272,3.60148,0.0
6.60272,3.70152,0.0
6.60272,3.80157,0.0
6.60272,3.90161,0.0
6.60272,4.00165,0.0
6.60272,4.10169,0.0
6.60272,4.20173,0.0
6.60272,4.30177,0.0
6.60272,4.40181,0.0
6.60272,4.50185,0.0
6.60272,4.6019,0.0
6.60272,4.70194,0.0
6.60272,4.80198,0.0
6.60272,4.90202,0.0
6.60272,5.00206,0.0
6.60272,5.1021,0.0
6.60272,5.20214,0.0
6.60272,5.30218,0.0
6.60272,5.40223,0.0
6.60272,5.50227,0.0
6.60272,5.60231,0.0
6.60272,5.70235,0.0
6.60272,5.80239,0.0
6.60272,5.90243,0.0
6.60272,6.00247,0.0
6.60272,6.10251,0.0
6.60272,6.20256,0.0
6.60272,6.3026,0.0
6.60272,6.40264,0.0
6.60272,6.50268,0.0
6.60272,6.60272,0.0
6.60272,6.70276,0.0
6.60272,6.8028,0.0
6.60272,6.90284,0.0
6.60272,7.00289,0.0
6.60272,7.10293,0.0
6.60272,7.20297,0.0
6.70276,-7.10293,0.0
6.70276,-7.00289,0.0
6.70276,-6.90284,0.0
6.70276,-6.8028,0.0
6.70276,-6.70276,0.0
6.70276,-6.60272,0.0
6.70276,-6.50268,0.0
6.70276,-6.40264,0.0
6.70276,-6.3026,0.0
6.70276,-6.20256,0.0
6.70276,-6.10251,0.0
6.70276,-6.00247,0.0
6.70276,-5.90243,0.0
6.70276,-5.80239,0.0
6.70276,-5.70235,0.0
6.70276,-5.60231,0.0
6.70276,-5.50227,0.0
6.70276,-5.40223,0.0
6.70276,-5.30218,0.0
6.70276,-5.20214,0.0
6.70276,-5.1021,0.0
6.70276,-5.00206,0.0
6.70276,-4.90202,0.0
6.70276,-4.80198,0.0
6.70276,-4.70194,0.0
6.70276,-4.6019,0.0
6.70276,-4.50185,0.0
6.70276,-4.40181,0.0
6.70276,-4.30177,0.0
6.70276,-4.20173,0.0
6.70276,-4.10169,0.0
6.70276,-4.00165,0.0
6.70276,-3.90161,0.0
6.70276,-3.80157,0.0
6.70276,-3.70152,0.0
6.70276,-3.60148,0.0
6.70276,-3.50144,0.0
6.70276,-3.4014,0.0
6.70276,-3.30136,0.0
6.70276,-3.20132,0.0
6.70276,-3.10128,0.0
6.70276,-3.00124,0.0
6.70276,-2.9012,0.0
6.70276,-2.80115,0.0
6.70276,-2.70111,0.0
6.70276,-2.60107,0.0
6.70276,-2.50103,0.0
6.70276,-2.40099,0.0
6.70276,-2.30095,0.0
6.70276,-2.20091,0.0
6.70276,-2.10087,0.0
6.70276,-2.00082,0.0
6.70276,-1.90078,0.0
6.70276,-1.80074,0.0
6.70276,-1.7007,0.0
6.70276,-1.60066,0.0
6.70276,-1.50062,0.0
6.70276,-1.40058,0.0
6.70276,-1.30054,0.0
6.70276,-1.20049,0.0
6.70276,-1.10045,0.0
6.70276,-1.00041,0.0
6.70276,-0.90037,0.0
6.70276,-0.80033,0.0
6.70276,-0.70029,0.0
6.70276,-0.60025,0.0
6.70276,-0.50021,0.0
6.70276,-0.40016,0.0
6.70276,-0.30012,0.0
6.70276,-0.20008,0.0
6.70276,-0.10004,0.0
6.70276,0,0.0
6.70276,0.10004,0.0
6.70276,0.20008,0.0
6.70276,0.30012,0.0
6.70276,0.40016,0.0
6.70276,0.50021,0.0
6.70276,0.60025,0.0
6.70276,0.70029,0.0
6.70276,0.80033,0.0
6.70276,0.90037,0.0
6.70276,1.00041,0.0
6.70276,1.10045,0.0
6.70276,1.20049,0.0
6.70276,1.30054,0.0
6.70276,1.40058,0.0
6.70276,1.50062,0.0
6.70276,1.60066,0.0
6.70276,1.7007,0.0
6.70276,1.80074,0.0
6.70276,1.90078,0.0
6.70276,2.00082,0.0
6.70276,2.10087,0.0
6.70276,2.20091,0.0
6.70276,2.30095,0.0
6.70276,2.40099,0.0
6.70276,2.50103,0.0
6.70276,2.60107,0.0
6.70276,2.70111,0.0
6.70276,2.80115,0.0
6.70276,2.9012,0.0
6.70276,3.00124,0.0
6.70276,3.10128,0.0
6.70276,3.20132,0.0
6.70276,3.30136,0.0
6.70276,3.4014,0.0
6.70276,3.50144,0.0
6.70276,3.60148,0.0
6.70276,3.70152,0.0
6.70276,3.80157,0.0
6.70276,3.90161,0.0
6.70276,4.00165,0.0
6.70276,4.10169,0.0
6.70276,4.20173,0.0
6.70276,4.30177,0.0
6.70276,4.40181,0.0
6.70276,4.50185,0.0
6.70276,4.6019,0.0
6.70276,4.70194,0.0
6.70276,4.80198,0.0
6.70276,4.90202,0.0
6.70276,5.00206,0.0
6.70276,5.1021,0.0
6.70276,5.20214,0.0
6.70276,5.30218,0.0
6.70276,5.40223,0.0
6.70276,5.50227,0.0
6.70276,5.60231,0.0
6.70276,5.70235,0.0
6.70276,5.80239,0.0
6.70276,5.90243,0.0
6.70276,6.00247,0.0
6.70276,6.10251,0.0
6.70276,6.20256,0.0
6.70276,6.3026,0.0
6.70276,6.40264,0.0
6.70276,6.50268,0.0
6.70276,6.60272,0.0
6.70276,6.70276,0.0
6.70276,6.8028,0.0
6.70276,6.90284,0.0
6.70276,7.00289,0.0
6.70276,7.10293,0.0
6.8028,-7.00289,0.0
6.8028,-6.90284,0.0
6.8028,-6.8028,0.0
6.8028,-6.70276,0.0
6.8028,-6.60272,0.0
6.8028,-6.50268,0.0
6.8028,-6.40264,0.0
6.8028,-6.3026,0.0
6.8028,-6.20256,0.0
6.8028,-6.10251,0.0
6.8028,-6.00247,0.0
6.8028,-5.90243,0.0
6.8028,-5.80239,0.0
6.8028,-5.70235,0.0
6.8028,-5.60231,0.0
6.8028,-5.50227,0.0
6.8028,-5.40223,0.0
6.8028,-5.30218,0.0
6.8028,-5.20214,0.0
6.8028,-5.1021,0.0
6.8028,-5.00206,0.0
6.8028,-4.90202,0.0
6.8028,-4.80198,0.0
6.8028,-4.70194,0.0
6.8028,-4.6019,0.0
6.8028,-4.50185,0.0
6.8028,-4.40181,0.0
6.8028,-4.30177,0.0
6.8028,-4.20173,0.0
6.8028,-4.10169,0.0
6.8028,-4.00165,0.0
6.8028,-3.90161,0.0
6.8028,-3.80157,0.0
6.8028,-3.70152,0.0
6.8028,-3.60148,0.0
6.8028,-3.50144,0.0
6.8028,-3.4014,0.0
6.8028,-3.30136,0.0
6.8028,-3.20132,0.0
6.8028,-3.10128,0.0
6.8028,-3.00124,0.0
6.8028,-2.9012,0.0
6.8028,-2.80115,0.0
6.8028,-2.70111,0.0
6.8028,-2.60107,0.0
6.8028,-2.50103,0.0
6.8028,-2.40099,0.0
6.8028,-2.30095,0.0
6.8028,-2.20091,0.0
6.8028,-2.10087,0.0
6.8028,-2.00082,0.0
6.8028,-1.90078,0.0
6.8028,-1.80074,0.0
6.8028,-1.7007,0.0
6.8028,-1.60066,0.0
6.8028,-1.50062,0.0
6.8028,-1.40058,0.0
6.8028,-1.30054,0.0
6.8028,-1.20049,0.0
6.8028,-1.10045,0.0
6.8028,-1.00041,0.0
6.8028,-0.90037,0.0
6.8028,-0.80033,0.0
6.8028,-0.70029,0.0
6.8028,-0.60025,0.0
6.8028,-0.50021,0.0
6.8028,-0.40016,0.0
6.8028,-0.30012,0.0
6.8028,-0.20008,0.0
6.8028,-0.10004,0.0
6.8028,0,0.0
6.8028,0.10004,0.0
6.8028,0.20008,0.0
6.8028,0.30012,0.0
6.8028,0.40016,0.0
6.8028,0.50021,0.0
6.8028,0.60025,0.0
6.8028,0.70029,0.0
6.8028,0.80033,0.0
6.8028,0.90037,0.0
6.8028,1.00041,0.0
6.8028,1.10045,0.0
6.8028,1.20049,0.0
6.8028,1.30054,0.0
6.8028,1.40058,0.0
6.8028,1.50062,0.0
6.8028,1.60066,0.0
6.8028,1.7007,0.0
6.8028,1.80074,0.0
6.8028,1.90078,0.0
6.8028,2.00082,0.0
6.8028,2.10087,0.0
6.8028,2.20091,0.0
6.8028,2.30095,0.0
6.8028,2.40099,0.0
6.8028,2.50103,0.0
6.8028,2.60107,0.0
6.8028,2.70111,0.0
6.8028,2.80115,0.0
6.8028,2.9012,0.0
6.8028,3.00124,0.0
6.8028,3.10128,0.0
6.8028,3.20132,0.0
6.8028,3.30136,0.0
6.8028,3.4014,0.0
6.8028,3.50144,0.0
6.8028,3.60148,0.0
6.8028,3.70152,0.0
6.8028,3.80157,0.0
6.8028,3.90161,0.0
6.8028,4.00165,0.0
6.8028,4.10169,0.0
6.8028,4.20173,0.0
6.8028,4.30177,0.0
6.8028,4.40181,0.0
6.8028,4.50185,0.0
6.8028,4.6019,0.0
6.8028,4.70194,0.0
6.8028,4.80198,0.0
6.8028,4.90202,0.0
6.8028,5.00206,0.0
6.8028,5.1021,0.0
6.8028,5.20214,0.0
6.8028,5.30218,0.0
6.8028,5.40223,0.0
6.8028,5.50227,0.0
6.8028,5.60231,0.0
6.8028,5.70235,0.0
6.8028,5.80239,0.0
6.8028,5.90243,0.0
6.8028,6.00247,0.0
6.8028,6.10251,0.0
6.8028,6.20256,0.0
6.8028,6.3026,0.0
6.8028,6.40264,0.0
6.8028,6.50268,0.0
6.8028,6.60272,0.0
6.8028,6.70276,0.0
6.8028,6.8028,0.0
6.8028,6.90284,0.0
6.8028,7.00289,0.0
6.90284,-6.90284,0.0
6.90284,-6.8028,0.0
6.90284,-6.70276,0.0
6.90284,-6.60272,0.0
6.90284,-6.50268,0.0
6.90284,-6.40264,0.0
6.90284,-6.3026,0.0
6.90284,-6.20256,0.0
6.90284,-6.10251,0.0
6.90284,-6.00247,0.0
6.90284,-5.90243,0.0
6.90284,-5.80239,0.0
6.90284,-5.70235,0.0
6.90284,-5.60231,0.0
6.90284,-5.50227,0.0
6.90284,-5.40223,0.0
6.90284,-5.30218,0.0
6.90284,-5.20214,0.0
6.90284,-5.1021,0.0
6.90284,-5.00206,0.0
6.90284,-4.90202,0.0
6.90284,-4.80198,0.0
6.90284,-4.70194,0.0
6.90284,-4.6019,0.0
6.90284,-4.50185,0.0
6.90284,-4.40181,0.0
6.90284,-4.30177,0.0
6.90284,-4.20173,0.0
6.90284,-4.10169,0.0
6.90284,-4.00165,0.0
6.90284,-3.90161,0.0
6.90284,-3.80157,0.0
6.90284,-3.70152,0.0
6.90284,-3.60148,0.0
6.90284,-3.50144,0.0
6.90284,-3.4014,0.0
6.90284,-3.30136,0.0
6.90284,-3.20132,0.0
6.90284,-3.10128,0.0
6.90284,-3.00124,0.0
6.90284,-2.9012,0.0
6.90284,-2.80115,0.0
6.90284,-2.70111,0.0
6.90284,-2.60107,0.0
6.90284,-2.50103,0.0
6.90284,-2.40099,0.0
6.90284,-2.30095,0.0
6.90284,-2.20091,0.0
6.90284,-2.10087,0.0
6.90284,-2.00082,0.0
6.90284,-1.90078,0.0
6.90284,-1.80074,0.0
6.90284,-1.7007,0.0
6.90284,-1.60066,0.0
6.90284,-1.50062,0.0
6.90284,-1.40058,0.0
6.90284,-1.30054,0.0
6.90284,-1.20049,0.0
6.90284,-1.10045,0.0
6.90284,-1.00041,0.0
6.90284,-0.90037,0.0
6.90284,-0.80033,0.0
6.90284,-0.70029,0.0
6.90284,-0.60025,0.0
6.90284,-0.50021,0.0
6.90284,-0.40016,0.0
6.90284,-0.30012,0.0
6.90284,-0.20008,0.0
6.90284,-0.10004,0.0
6.90284,0,0.0
6.90284,0.10004,0.0
6.90284,0.20008,0.0
6.90284,0.30012,0.0
6.90284,0.40016,0.0
6.90284,0.50021,0.0
6.90284,0.60025,0.0
6.90284,0.70029,0.0
6.90284,0.80033,0.0
6.90284,0.90037,0.0
6.90284,1.00041,0.0
6.90284,1.10045,0.0
6.90284,1.20049,0.0
6.90284,1.30054,0.0
6.90284,1.40058,0.0
6.90284,1.50062,0.0
6.90284,1.60066,0.0
6.90284,1.7007,0.0
6.90284,1.80074,0.0
6.90284,1.90078,0.0
6.90284,2.00082,0.0
6.90284,2.10087,0.0
6.90284,2.20091,0.0
6.90284,2.30095,0.0
6.90284,2.40099,0.0
6.90284,2.50103,0.0
6.90284,2.60107,0.0
6.90284,2.70111,0.0
6.90284,2.80115,0.0
6.90284,2.9012,0.0
6.90284,3.00124,0.0
6.90284,3.10128,0.0
6.90284,3.20132,0.0
6.90284,3.30136,0.0
6.90284,3.4014,0.0
6.90284,3.50144,0.0
6.90284,3.60148,0.0
6.90284,3.70152,0.0
6.90284,3.80157,0.0
6.90284,3.90161,0.0
6.90284,4.00165,0.0
6.90284,4.10169,0.0
6.90284,4.20173,0.0
6.90284,4.30177,0.0
6.90284,4.40181,0.0
6.90284,4.50185,0.0
6.90284,4.6019,0.0
6.90284,4.70194,0.0
6.90284,4.80198,0.0
6.90284,4.90202,0.0
6.90284,5.00206,0.0
6.90284,5.1021,0.0
6.90284,5.20214,0.0
6.90284,5.30218,0.0
6.90284,5.40223,0.0
6.90284,5.50227,0.0
6.90284,5.60231,0.0
6.90284,5.70235,0.0
6.90284,5.80239,0.0
6.90284,5.90243,0.0
6.90284,6.00247,0.0
6.90284,6.10251,0.0
6.90284,6.20256,0.0
6.90284,6.3026,0.0
6.90284,6.40264,0.0
6.90284,6.50268,0.0
6.90284,6.60272,0.0
6.90284,6.70276,0.0
6.90284,6.8028,0.0
6.90284,6.90284,0.0
7.00289,-6.8028,0.0
7.00289,-6.70276,0.0
7.00289,-6.60272,0.0
7.00289,-6.50268,0.0
7.00289,-6.40264,0.0
7.00289,-6.3026,0.0
7.00289,-6.20256,0.0
7.00289,-6.10251,0.0
7.00289,-6.00247,0.0
7.00289,-5.90243,0.0
7.00289,-5.80239,0.0
7.00289,-5.70235,0.0
7.00289,-5.60231,0.0
7.00289,-5.50227,0.0
7.00289,-5.40223,0.0
7.00289,-5.30218,0.0
7.00289,-5.20214,0.0
7.00289,-5.1021,0.0
7.00289,-5.00206,0.0
7.00289,-4.90202,0.0
7.00289,-4.80198,0.0
7.00289,-4.70194,0.0
7.00289,-4.6019,0.0
7.00289,-4.50185,0.0
7.00289,-4.40181,0.0
7.00289,-4.30177,0.0
7.00289,-4.20173,0.0
7.00289,-4.10169,0.0
7.00289,-4.00165,0.0
7.00289,-3.90161,0.0
7.00289,-3.80157,0.0
7.00289,-3.70152,0.0
7.00289,-3.60148,0.0
7.00289,-3.50144,0.0
7.00289,-3.4014,0.0
7.00289,-3.30136,0.0
7.00289,-3.20132,0.0
7.00289,-3.10128,0.0
7.00289,-3.00124,0.0
7.00289,-2.9012,0.0
7.00289,-2.80115,0.0
7.00289,-2.70111,0.0
7.00289,-2.60107,0.0
7.00289,-2.50103,0.0
7.00289,-2.40099,0.0
7.00289,-2.30095,0.0
7.00289,-2.20091,0.0
7.00289,-2.10087,0.0
7.00289,-2.00082,0.0
7.00289,-1.90078,0.0
7.00289,-1.80074,0.0
7.00289,-1.7007,0.0
7.00289,-1.60066,0.0
7.00289,-1.50062,0.0
7.00289,-1.40058,0.0
7.00289,-1.30054,0.0
7.00289,-1.20049,0.0
7.00289,-1.10045,0.0
7.00289,-1.00041,0.0
7.00289,-0.90037,0.0
7.00289,-0.80033,0.0
7.00289,-0.70029,0.0
7.00289,-0.60025,0.0
7.00289,-0.50021,0.0
7.00289,-0.40016,0.0
7.00289,-0.30012,0.0
7.00289,-0.20008,0.0
7.00289,-0.10004,0.0
7.00289,0,0.0
7.00289,0.10004,0.0
7.00289,0.20008,0.0
7.00289,0.30012,0.0
7.00289,0.40016,0.0
7.00289,0.50021,0.0
7.00289,0.60025,0.0
7.00289,0.70029,0.0
7.00289,0.80033,0.0
7.00289,0.90037,0.0
7.00289,1.00041,0.0
7.00289,1.10045,0.0
7.00289,1.20049,0.0
7.00289,1.30054,0.0
7.00289,1.40058,0.0
7.00289,1.50062,0.0
7.00289,1.60066,0.0
7.00289,1.7007,0.0
7.00289,1.80074,0.0
7.00289,1.90078,0.0
7.00289,2.00082,0.0
7.00289,2.10087,0.0
7.00289,2.20091,0.0
7.00289,2.30095,0.0
7.00289,2.40099,0.0
7.00289,2.50103,0.0
7.00289,2.60107,0.0
7.00289,2.70111,0.0
7.00289,2.80115,0.0
7.00289,2.9012,0.0
7.00289,3.00124,0.0
7.00289,3.10128,0.0
7.00289,3.20132,0.0
7.00289,3.30136,0.0
7.00289,3.4014,0.0
7.00289,3.50144,0.0
7.00289,3.60148,0.0
7.00289,3.70152,0.0
7.00289,3.80157,0.0
7.00289,3.90161,0.0
7.00289,4.00165,0.0
7.00289,4.10169,0.0
7.00289,4.20173,0.0
7.00289,4.30177,0.0
7.00289,4.40181,0.0
7.00289,4.50185,0.0
7.00289,4.6019,0.0
7.00289,4.70194,0.0
7.00289,4.80198,0.0
7.00289,4.90202,0.0
7.00289,5.00206,0.0
7.00289,5.1021,0.0
7.00289,5.20214,0.0
7.00289,5.30218,0.0
7.00289,5.40223,0.0
7.00289,5.50227,0.0
7.00289,5.60231,0.0
7.00289,5.70235,0.0
7.00289,5.80239,0.0
7.00289,5.90243,0.0
7.00289,6.00247,0.0
7.00289,6.10251,0.0
7.00289,6.20256,0.0
7.00289,6.3026,0.0
7.00289,6.40264,0.0
7.00289,6.50268,0.0
7.00289,6.60272,0.0
7.00289,6.70276,0.0
7.00289,6.8028,0.0
7.10293,-6.70276,0.0
7.10293,-6.60272,0.0
7.10293,-6.50268,0.0
7.10293,-6.40264,0.0
7.10293,-6.3026,0.0
7.10293,-6.20256,0.0
7.10293,-6.10251,0.0
7.10293,-6.00247,0.0
7.10293,-5.90243,0.0
7.10293,-5.80239,0.0
7.10293,-5.70235,0.0
7.10293,-5.60231,0.0
7.10293,-5.50227,0.0
7.10293,-5.40223,0.0
7.10293,-5.30218,0.0
7.10293,-5.20214,0.0
7.10293,-5.1021,0.0
7.10293,-5.00206,0.0
7.10293,-4.90202,0.0
7.10293,-4.80198,0.0
7.10293,-4.70194,0.0
7.10293,-4.6019,0.0
7.10293,-4.50185,0.0
7.10293,-4.40181,0.0
7.10293,-4.30177,0.0
7.10293,-4.20173,0.0
7.10293,-4.10169,0.0
7.10293,-4.00165,0.0
7.10293,-3.90161,0.0
7.10293,-3.80157,0.0
7.10293,-3.70152,0.0
7.10293,-3.60148,0.0
7.10293,-3.50144,0.0
7.10293,-3.4014,0.0
7.10293,-3.30136,0.0
7.10293,-3.20132,0.0
7.10293,-3.10128,0.0
7.10293,-3.00124,0.0
7.10293,-2.9012,0.0
7.10293,-2.80115,0.0
7.10293,-2.70111,0.0
7.10293,-2.60107,0.0
7.10293,-2.50103,0.0
7.10293,-2.40099,0.0
7.10293,-2.30095,0.0
7.10293,-2.20091,0.0
7.10293,-2.10087,0.0
7.10293,-2.00082,0.0
7.10293,-1.90078,0.0
7.10293,-1.80074,0.0
7.10293,-1.7007,0.0
7.10293,-1.60066,0.0
7.10293,-1.50062,0.0
7.10293,-1.40058,0.0
7.10293,-1.30054,0.0
7.10293,-1.20049,0.0
7.10293,-1.10045,0.0
7.10293,-1.00041,0.0
7.10293,-0.90037,0.0
7.10293,-0.80033,0.0
7.10293,-0.70029,0.0
7.10293,-0.60025,0.0
7.10293,-0.50021,0.0
7.10293,-0.40016,0.0
7.10293,-0.30012,0.0
7.10293,-0.20008,0.0
7.10293,-0.10004,0.0
7.10293,0,0.0
7.10293,0.10004,0.0
7.10293,0.20008,0.0
7.10293,0.30012,0.0
7.10293,0.40016,0.0
7.10293,0.50021,0.0
7.10293,0.60025,0.0
7.10293,0.70029,0.0
7.10293,0.80033,0.0
7.10293,0.90037,0.0
7.10293,1.00041,0.0
7.10293,1.10045,0.0
7.10293,1.20049,0.0
7.10293,1.30054,0.0
7.10293,1.40058,0.0
7.10293,1.50062,0.0
7.10293,1.60066,0.0
7.10293,1.7007,0.0
7.10293,1.80074,0.0
7.10293,1.90078,0.0
7.10293,2.00082,0.0
7.10293,2.10087,0.0
7.10293,2.20091,0.0
7.10293,2.30095,0.0
7.10293,2.40099,0.0
7.10293,2.50103,0.0
7.10293,2.60107,0.0
7.10293,2.70111,0.0
7.10293,2.80115,0.0
7.10293,2.9012,0.0
7.10293,3.00124,0.0
7.10293,3.10128,0.0
7.10293,3.20132,0.0
7.10293,3.30136,0.0
7.10293,3.4014,0.0
7.10293,3.50144,0.0
7.10293,3.60148,0.0
7.10293,3.70152,0.0
7.10293,3.80157,0.0
7.10293,3.90161,0.0
7.10293,4.00165,0.0
7.10293,4.10169,0.0
7.10293,4.20173,0.0
7.10293,4.30177,0.0
7.10293,4.40181,0.0
7.10293,4.50185,0.0
7.10293,4.6019,0.0
7.10293,4.70194,0.0
7.10293,4.80198,0.0
7.10293,4.90202,0.0
7.10293,5.00206,0.0
7.10293,5.1021,0.0
7.10293,5.20214,0.0
7.10293,5.30218,0.0
7.10293,5.40223,0.0
7.10293,5.50227,0.0
7.10293,5.60231,0.0
7.10293,5.70235,0.0
7.10293,5.80239,0.0
7.10293,5.90243,0.0
7.10293,6.00247,0.0
7.10293,6.10251,0.0
7.10293,6.20256,0.0
7.10293,6.3026,0.0
7.10293,6.40264,0.0
7.10293,6.50268,0.0
7.10293,6.60272,0.0
7.10293,6.70276,0.0
7.20297,-6.60272,0.0
7.20297,-6.50268,0.0
7.20297,-6.40264,0.0
7.20297,-6.3026,0.0
7.20297,-6.20256,0.0
7.20297,-6.10251,0.0
7.20297,-6.00247,0.0
7.20297,-5.90243,0.0
7.20297,-5.80239,0.0
7.20297,-5.70235,0.0
7.20297,-5.60231,0.0
7.20297,-5.50227,0.0
7.20297,-5.40223,0.0
7.20297,-5.30218,0.0
7.20297,-5.20214,0.0
7.20297,-5.1021,0.0
7.20297,-5.00206,0.0
7.20297,-4.90202,0.0
7.20297,-4.80198,0.0
7.20297,-4.70194,0.0
7.20297,-4.6019,0.0
7.20297,-4.50185,0.0
7.20297,-4.40181,0.0
7.20297,-4.30177,0.0
7.20297,-4.20173,0.0
7.20297,-4.10169,0.0
7.20297,-4.00165,0.0
7.20297,-3.90161,0.0
7.20297,-3.80157,0.0
7.20297,-3.70152,0.0
7.20297,-3.60148,0.0
7.20297,-3.50144,0.0
7.20297,-3.4014,0.0
7.20297,-3.30136,0.0
7.20297,-3.20132,0.0
7.20297,-3.10128,0.0
7.20297,-3.00124,0.0
7.20297,-2.9012,0.0
7.20297,-2.80115,0.0
7.20297,-2.70111,0.0
7.20297,-2.60107,0.0
7.20297,-2.50103,0.0
7.20297,-2.40099,0.0
7.20297,-2.30095,0.0
7.20297,-2.20091,0.0
7.20297,-2.10087,0.0
7.20297,-2.00082,0.0
7.20297,-1.90078,0.0
7.20297,-1.80074,0.0
7.20297,-1.7007,0.0
7.20297,-1.60066,0.0
7.20297,-1.50062,0.0
7.20297,-1.40058,0.0
7.20297,-1.30054,0.0
7.20297,-1.20049,0.0
7.20297,-1.10045,0.0
7.20297,-1.00041,0.0
7.20297,-0.90037,0.0
7.20297,-0.80033,0.0
7.20297,-0.70029,0.0
7.20297,-0.60025,0.0
7.20297,-0.50021,0.0
7.20297,-0.40016,0.0
7.20297,-0.30012,0.0
7.20297,-0.20008,0.0
7.20297,-0.10004,0.0
7.20297,0,0.0
7.20297,0.10004,0.0
7.20297,0.20008,0.0
7.20297,0.30012,0.0
7.20297,0.40016,0.0
7.20297,0.50021,0.0
7.20297,0.60025,0.0
7.20297,0.70029,0.0
7.20297,0.80033,0.0
7.20297,0.90037,0.0
7.20297,1.00041,0.0
7.20297,1.10045,0.0
7.20297,1.20049,0.0
7.20297,1.30054,0.0
7.20297,1.40058,0.0
7.20297,1.50062,0.0
7.20297,1.60066,0.0
7.20297,1.7007,0.0
7.20297,1.80074,0.0
7.20297,1.90078,0.0
7.20297,2.00082,0.0
7.20297,2.10087,0.0
7.20297,2.20091,0.0
7.20297,2.30095,0.0
7.20297,2.40099,0.0
7.20297,2.50103,0.0
7.20297,2.60107,0.0
7.20297,2.70111,0.0
7.20297,2.80115,0.0
7.20297,2.9012,0.0
7.20297,3.00124,0.0
7.20297,3.10128,0.0
7.20297,3.20132,0.0
7.20297,3.30136,0.0
7.20297,3.4014,0.0
7.20297,3.50144,0.0
7.20297,3.60148,0.0
7.20297,3.70152,0.0
7.20297,3.80157,0.0
7.20297,3.90161,0.0
7.20297,4.00165,0.0
7.20297,4.10169,0.0
7.20297,4.20173,0.0
7.20297,4.30177,0.0
7.20297,4.40181,0.0
7.20297,4.50185,0.0
7.20297,4.6019,0.0
7.20297,4.70194,0.0
7.20297,4.80198,0.0
7.20297,4.90202,0.0
7.20297,5.00206,0.0
7.20297,5.1021,0.0
7.20297,5.20214,0.0
7.20297,5.30218,0.0
7.20297,5.40223,0.0
7.20297,5.50227,0.0
7.20297,5.60231,0.0
7.20297,5.70235,0.0
7.20297,5.80239,0.0
7.20297,5.90243,0.0
7.20297,6.00247,0.0
7.20297,6.10251,0.0
7.20297,6.20256,0.0
7.20297,6.3026,0.0
7.20297,6.40264,0.0
7.20297,6.50268,0.0
7.20297,6.60272,0.0
7.30301,-6.50268,0.0
7.30301,-6.40264,0.0
7.30301,-6.3026,0.0
7.30301,-6.20256,0.0
7.30301,-6.10251,0.0
7.30301,-6.00247,0.0
7.30301,-5.90243,0.0
7.30301,-5.80239,0.0
7.30301,-5.70235,0.0
7.30301,-5.60231,0.0
7.30301,-5.50227,0.0
7.30301,-5.40223,0.0
7.30301,-5.30218,0.0
7.30301,-5.20214,0.0
7.30301,-5.1021,0.0
7.30301,-5.00206,0.0
7.30301,-4.90202,0.0
7.30301,-4.80198,0.0
7.30301,-4.70194,0.0
7.30301,-4.6019,0.0
7.30301,-4.50185,0.0
7.30301,-4.40181,0.0
7.30301,-4.30177,0.0
7.30301,-4.20173,0.0
7.30301,-4.10169,0.0
7.30301,-4.00165,0.0
7.30301,-3.90161,0.0
7.30301,-3.80157,0.0
7.30301,-3.70152,0.0
7.30301,-3.60148,0.0
7.30301,-3.50144,0.0
7.30301,-3.4014,0.0
7.30301,-3.30136,0.0
7.30301,-3.20132,0.0
7.30301,-3.10128,0.0
7.30301,-3.00124,0.0
7.30301,-2.9012,0.0
7.30301,-2.80115,0.0
7.30301,-2.70111,0.0
7.30301,-2.60107,0.0
7.30301,-2.50103,0.0
7.30301,-2.40099,0.0
7.30301,-2.30095,0.0
7.30301,-2.20091,0.0
7.30301,-2.10087,0.0
7.30301,-2.00082,0.0
7.30301,-1.90078,0.0
7.30301,-1.80074,0.0
7.30301,-1.7007,0.0
7.30301,-1.60066,0.0
7.30301,-1.50062,0.0
7.30301,-1.40058,0.0
7.30301,-1.30054,0.0
7.30301,-1.20049,0.0
7.30301,-1.10045,0.0
7.30301,-1.00041,0.0
7.30301,-0.90037,0.0
7.30301,-0.80033,0.0
7.30301,-0.70029,0.0
7.30301,-0.60025,0.0
7.30301,-0.50021,0.0
7.30301,-0.40016,0.0
7.30301,-0.30012,0.0
7.30301,-0.20008,0.0
7.30301,-0.10004,0.0
7.30301,0,0.0
7.30301,0.10004,0.0
7.30301,0.20008,0.0
7.30301,0.30012,0.0
7.30301,0.40016,0.0
7.30301,0.50021,0.0
7.30301,0.60025,0.0
7.30301,0.70029,0.0
7.30301,0.80033,0.0
7.30301,0.90037,0.0
7.30301,1.00041,0.0
7.30301,1.10045,0.0
7.30301,1.20049,0.0
7.30301,1.30054,0.0
7.30301,1.40058,0.0
7.30301,1.50062,0.0
7.30301,1.60066,0.0
7.30301,1.7007,0.0
7.30301,1.80074,0.0
7.30301,1.90078,0.0
7.30301,2.00082,0.0
7.30301,2.10087,0.0
7.30301,2.20091,0.0
7.30301,2.30095,0.0
7.30301,2.40099,0.0
7.30301,2.50103,0.0
7.30301,2.60107,0.0
7.30301,2.70111,0.0
7.30301,2.80115,0.0
7.30301,2.9012,0.0
7.30301,3.00124,0.0
7.30301,3.10128,0.0
7.30301,3.20132,0.0
7.30301,3.30136,0.0
7.30301,3.4014,0.0
7.30301,3.50144,0.0
7.30301,3.60148,0.0
7.30301,3.70152,0.0
7.30301,3.80157,0.0
7.30301,3.90161,0.0
7.30301,4.00165,0.0
7.30301,4.10169,0.0
7.30301,4.20173,0.0
7.30301,4.30177,0.0
7.30301,4.40181,0.0
7.30301,4.50185,0.0
7.30301,4.6019,0.0
7.30301,4.70194,0.0
7.30301,4.80198,0.0
7.30301,4.90202,0.0
7.30301,5.00206,0.0
7.30301,5.1021,0.0
7.30301,5.20214,0.0
7.30301,5.30218,0.0
7.30301,5.40223,0.0
7.30301,5.50227,0.0
7.30301,5.60231,0.0
7.30301,5.70235,0.0
7.30301,5.80239,0.0
7.30301,5.90243,0.0
7.30301,6.00247,0.0
7.30301,6.10251,0.0
7.30301,6.20256,0.0
7.30301,6.3026,0.0
7.30301,6.40264,0.0
7.30301,6.50268,0.0
7.40305,-6.40264,0.0
7.40305,-6.3026,0.0
7.40305,-6.20256,0.0
7.40305,-6.10251,0.0
7.40305,-6.00247,0.0
7.40305,-5.90243,0.0
7.40305,-5.80239,0.0
7.40305,-5.70235,0.0
7.40305,-5.60231,0.0
7.40305,-5.50227,0.0
7.40305,-5.40223,0.0
7.40305,-5.30218,0.0
7.40305,-5.20214,0.0
7.40305,-5.1021,0.0
7.40305,-5.00206,0.0
7.40305,-4.90202,0.0
7.40305,-4.80198,0.0
7.40305,-4.70194,0.0
7.40305,-4.6019,0.0
7.40305,-4.50185,0.0
7.40305,-4.40181,0.0
7.40305,-4.30177,0.0
7.40305,-4.20173,0.0
7.40305,-4.10169,0.0
7.40305,-4.00165,0.0
7.40305,-3.90161,0.0
7.40305,-3.80157,0.0
7.40305,-3.70152,0.0
7.40305,-3.60148,0.0
7.40305,-3.50144,0.0
7.40305,-3.4014,0.0
7.40305,-3.30136,0.0
7.40305,-3.20132,0.0
7.40305,-3.10128,0.0
7.40305,-3.00124,0.0
7.40305,-2.9012,0.0
7.40305,-2.80115,0.0
7.40305,-2.70111,0.0
7.40305,-2.60107,0.0
7.40305,-2.50103,0.0
7.40305,-2.40099,0.0
7.40305,-2.30095,0.0
7.40305,-2.20091,0.0
7.40305,-2.10087,0.0
7.40305,-2.00082,0.0
7.40305,-1.90078,0.0
7.40305,-1.80074,0.0
7.40305,-1.7007,0.0
7.40305,-1.60066,0.0
7.40305,-1.50062,0.0
7.40305,-1.40058,0.0
7.40305,-1.30054,0.0
7.40305,-1.20049,0.0
7.40305,-1.10045,0.0
7.40305,-1.00041,0.0
7.40305,-0.90037,0.0
7.40305,-0.80033,0.0
7.40305,-0.70029,0.0
7.40305,-0.60025,0.0
7.40305,-0.50021,0.0
7.40305,-0.40016,0.0
7.40305,-0.30012,0.0
7.40305,-0.20008,0.0
7.40305,-0.10004,0.0
7.40305,0,0.0
7.40305,0.10004,0.0
7.40305,0.20008,0.0
7.40305,0.30012,0.0
7.40305,0.40016,0.0
7.40305,0.50021,0.0
7.40305,0.60025,0.0
7.40305,0.70029,0.0
7.40305,0.80033,0.0
7.40305,0.90037,0.0
7.40305,1.00041,0.0
7.40305,1.10045,0.0
7.40305,1.20049,0.0
7.40305,1.30054,0.0
7.40305,1.40058,0.0
7.40305,1.50062,0.0
7.40305,1.60066,0.0
7.40305,1.7007,0.0
7.40305,1.80074,0.0
7.40305,1.90078,0.0
7.40305,2.00082,0.0
7.40305,2.10087,0.0
7.40305,2.20091,0.0
7.40305,2.30095,0.0
7.40305,2.40099,0.0
7.40305,2.50103,0.0
7.40305,2.60107,0.0
7.40305,2.70111,0.0
7.40305,2.80115,0.0
7.40305,2.9012,0.0
7.40305,3.00124,0.0
7.40305,3.10128,0.0
7.40305,3.20132,0.0
7.40305,3.30136,0.0
7.40305,3.4014,0.0
7.40305,3.50144,0.0
7.40305,3.60148,0.0
7.40305,3.70152,0.0
7.40305,3.80157,0.0
7.40305,3.90161,0.0
7.40305,4.00165,0.0
7.40305,4.10169,0.0
7.40305,4.20173,0.0
7.40305,4.30177,0.0
7.40305,4.40181,0.0
7.40305,4.50185,0.0
7.40305,4.6019,0.0
7.40305,4.70194,0.0
7.40305,4.80198,0.0
7.40305,4.90202,0.0
7.40305,5.00206,0.0
7.40305,5.1021,0.0
7.40305,5.20214,0.0
7.40305,5.30218,0.0
7.40305,5.40223,0.0
7.40305,5.50227,0.0
7.40305,5.60231,0.0
7.40305,5.70235,0.0
7.40305,5.80239,0.0
7.40305,5.90243,0.0
7.40305,6.00247,0.0
7.40305,6.10251,0.0
7.40305,6.20256,0.0
7.40305,6.3026,0.0
7.40305,6.40264,0.0
7.50309,-6.3026,0.0
7.50309,-6.20256,0.0
7.50309,-6.10251,0.0
7.50309,-6.00247,0.0
7.50309,-5.90243,0.0
7.50309,-5.80239,0.0
7.50309,-5.70235,0.0
7.50309,-5.60231,0.0
7.50309,-5.50227,0.0
7.50309,-5.40223,0.0
7.50309,-5.30218,0.0
7.50309,-5.20214,0.0
7.50309,-5.1021,0.0
7.50309,-5.00206,0.0
7.50309,-4.90202,0.0
7.50309,-4.80198,0.0
7.50309,-4.70194,0.0
7.50309,-4.6019,0.0
7.50309,-4.50185,0.0
7.50309,-4.40181,0.0
7.50309,-4.30177,0.0
7.50309,-4.20173,0.0
7.50309,-4.10169,0.0
7.50309,-4.00165,0.0
7.50309,-3.90161,0.0
7.50309,-3.80157,0.0
7.50309,-3.70152,0.0
7.50309,-3.60148,0.0
7.50309,-3.50144,0.0
7.50309,-3.4014,0.0
7.50309,-3.30136,0.0
7.50309,-3.20132,0.0
7.50309,-3.10128,0.0
7.50309,-3.00124,0.0
7.50309,-2.9012,0.0
7.50309,-2.80115,0.0
7.50309,-2.70111,0.0
7.50309,-2.60107,0.0
7.50309,-2.50103,0.0
7.50309,-2.40099,0.0
7.50309,-2.30095,0.0
7.50309,-2.20091,0.0
7.50309,-2.10087,0.0
7.50309,-2.00082,0.0
7.50309,-1.90078,0.0
7.50309,-1.80074,0.0
7.50309,-1.7007,0.0
7.50309,-1.60066,0.0
7.50309,-1.50062,0.0
7.50309,-1.40058,0.0
7.50309,-1.30054,0.0
7.50309,-1.20049,0.0
7.50309,-1.10045,0.0
7.50309,-1.00041,0.0
7.50309,-0.90037,0.0
7.50309,-0.80033,0.0
7.50309,-0.70029,0.0
7.50309,-0.60025,0.0
7.50309,-0.50021,0.0
7.50309,-0.40016,0.0
7.50309,-0.30012,0.0
7.50309,-0.20008,0.0
7.50309,-0.10004,0.0
7.50309,0,0.0
7.50309,0.10004,0.0
7.50309,0.20008,0.0
7.50309,0.30012,0.0
7.50309,0.40016,0.0
7.50309,0.50021,0.0
7.50309,0.60025,0.0
7.50309,0.70029,0.0
7.50309,0.80033,0.0
7.50309,0.90037,0.0
7.50309,1.00041,0.0
7.50309,1.10045,0.0
7.50309,1.20049,0.0
7.50309,1.30054,0.0
7.50309,1.40058,0.0
7.50309,1.50062,0.0
7.50309,1.60066,0.0
7.50309,1.7007,0.0
7.50309,1.80074,0.0
7.50309,1.90078,0.0
7.50309,2.00082,0.0
7.50309,2.10087,0.0
7.50309,2.20091,0.0
7.50309,2.30095,0.0
7.50309,2.40099,0.0
7.50309,2.50103,0.0
7.50309,2.60107,0.0
7.50309,2.70111,0.0
7.50309,2.80115,0.0
7.50309,2.9012,0.0
7.50309,3.00124,0.0
7.50309,3.10128,0.0
7.50309,3.20132,0.0
7.50309,3.30136,0.0
7.50309,3.4014,0.0
7.50309,3.50144,0.0
7.50309,3.60148,0.0
7.50309,3.70152,0.0
7.50309,3.80157,0.0
7.50309,3.90161,0.0
7.50309,4.00165,0.0
7.50309,4.10169,0.0
7.50309,4.20173,0.0
7.50309,4.30177,0.0
7.50309,4.40181,0.0
7.50309,4.50185,0.0
7.50309,4.6019,0.0
7.50309,4.70194,0.0
7.50309,4.80198,0.0
7.50309,4.90202,0.0
7.50309,5.00206,0.0
7.50309,5.1021,0.0
7.50309,5.20214,0.0
7.50309,5.30218,0.0
7.50309,5.40223,0.0
7.50309,5.50227,0.0
7.50309,5.60231,0.0
7.50309,5.70235,0.0
7.50309,5.80239,0.0
7.50309,5.90243,0.0
7.50309,6.00247,0.0
7.50309,6.10251,0.0
7.50309,6.20256,0.0
7.50309,6.3026,0.0
7.60313,-6.10251,0.0
7.60313,-6.00247,0.0
7.60313,-5.90243,0.0
7.60313,-5.80239,0.0
7.60313,-5.70235,0.0
7.60313,-5.60231,0.0
7.60313,-5.50227,0.0
7.60313,-5.40223,0.0
7.60313,-5.30218,0.0
7.60313,-5.20214,0.0
7.60313,-5.1021,0.0
7.60313,-5.00206,0.0
7.60313,-4.90202,0.0
7.60313,-4.80198,0.0
7.60313,-4.70194,0.0
7.60313,-4.6019,0.0
7.60313,-4.50185,0.0
7.60313,-4.40181,0.0
7.60313,-4.30177,0.0
7.60313,-4.20173,0.0
7.60313,-4.10169,0.0
7.60313,-4.00165,0.0
7.60313,-3.90161,0.0
7.60313,-3.80157,0.0
7.60313,-3.70152,0.0
7.60313,-3.60148,0.0
7.60313,-3.50144,0.0
7.60313,-3.4014,0.0
7.60313,-3.30136,0.0
7.60313,-3.20132,0.0
7.60313,-3.10128,0.0
7.60313,-3.00124,0.0
7.60313,-2.9012,0.0
7.60313,-2.80115,0.0
7.60313,-2.70111,0.0
7.60313,-2.60107,0.0
7.60313,-2.50103,0.0
7.60313,-2.40099,0.0
7.60313,-2.30095,0.0
7.60313,-2.20091,0.0
7.60313,-2.10087,0.0
7.60313,-2.00082,0.0
7.60313,-1.90078,0.0
7.60313,-1.80074,0.0
7.60313,-1.7007,0.0
7.60313,-1.60066,0.0
7.60313,-1.50062,0.0
7.60313,-1.40058,0.0
7.60313,-1.30054,0.0
7.60313,-1.20049,0.0
7.60313,-1.10045,0.0
7.60313,-1.00041,0.0
7.60313,-0.90037,0.0
7.60313,-0.80033,0.0
7.60313,-0.70029,0.0
7.60313,-0.60025,0.0
7.60313,-0.50021,0.0
7.60313,-0.40016,0.0
7.60313,-0.30012,0.0
7.60313,-0.20008,0.0
7.60313,-0.10004,0.0
7.60313,0,0.0
7.60313,0.10004,0.0
7.60313,0.20008,0.0
7.60313,0.30012,0.0
7.60313,0.40016,0.0
7.60313,0.50021,0.0
7.60313,0.60025,0.0
7.60313,0.70029,0.0
7.60313,0.80033,0.0
7.60313,0.90037,0.0
7.60313,1.00041,0.0
7.60313,1.10045,0.0
7.60313,1.20049,0.0
7.60313,1.30054,0.0
7.60313,1.40058,0.0
7.60313,1.50062,0.0
7.60313,1.60066,0.0
7.60313,1.7007,0.0
7.60313,1.80074,0.0
7.60313,1.90078,0.0
7.60313,2.00082,0.0
7.60313,2.10087,0.0
7.60313,2.20091,0.0
7.60313,2.30095,0.0
7.60313,2.40099,0.0
7.60313,2.50103,0.0
7.60313,2.60107,0.0
7.60313,2.70111,0.0
7.60313,2.80115,0.0
7.60313,2.9012,0.0
7.60313,3.00124,0.0
7.60313,3.10128,0.0
7.60313,3.20132,0.0
7.60313,3.30136,0.0
7.60313,3.4014,0.0
7.60313,3.50144,0.0
7.60313,3.60148,0.0
7.60313,3.70152,0.0
7.60313,3.80157,0.0
7.60313,3.90161,0.0
7.60313,4.00165,0.0
7.60313,4.10169,0.0
7.60313,4.20173,0.0
7.60313,4.30177,0.0
7.60313,4.40181,0.0
7.60313,4.50185,0.0
7.60313,4.6019,0.0
7.60313,4.70194,0.0
7.60313,4.80198,0.0
7.60313,4.90202,0.0
7.60313,5.00206,0.0
7.60313,5.1021,0.0
7.60313,5.20214,0.0
7.60313,5.30218,0.0
7.60313,5.40223,0.0
7.60313,5.50227,0.0
7.60313,5.60231,0.0
7.60313,5.70235,0.0
7.60313,5.80239,0.0
7.60313,5.90243,0.0
7.60313,6.00247,0.0
7.60313,6.10251,0.0
7.70317,-6.00247,0.0
7.70317,-5.90243,0.0
7.70317,-5.80239,0.0
7.70317,-5.70235,0.0
7.70317,-5.60231,0.0
7.70317,-5.50227,0.0
7.70317,-5.40223,0.0
7.70317,-5.30218,0.0
7.70317,-5.20214,0.0
7.70317,-5.1021,0.0
7.70317,-5.00206,0.0
7.70317,-4.90202,0.0
7.70317,-4.80198,0.0
7.70317,-4.70194,0.0
7.70317,-4.6019,0.0
7.70317,-4.50185,0.0
7.70317,-4.40181,0.0
7.70317,-4.30177,0.0
7.70317,-4.20173,0.0
7.70317,-4.10169,0.0
7.70317,-4.00165,0.0
7.70317,-3.90161,0.0
7.70317,-3.80157,0.0
7.70317,-3.70152,0.0
7.70317,-3.60148,0.0
7.70317,-3.50144,0.0
7.70317,-3.4014,0.0
7.70317,-3.30136,0.0
7.70317,-3.20132,0.0
7.70317,-3.10128,0.0
7.70317,-3.00124,0.0
7.70317,-2.9012,0.0
7.70317,-2.80115,0.0
7.70317,-2.70111,0.0
7.70317,-2.60107,0.0
7.70317,-2.50103,0.0
7.70317,-2.40099,0.0
7.70317,-2.30095,0.0
7.70317,-2.20091,0.0
7.70317,-2.10087,0.0
7.70317,-2.00082,0.0
7.70317,-1.90078,0.0
7.70317,-1.80074,0.0
7.70317,-1.7007,0.0
7.70317,-1.60066,0.0
7.70317,-1.50062,0.0
7.70317,-1.40058,0.0
7.70317,-1.30054,0.0
7.70317,-1.20049,0.0
7.70317,-1.10045,0.0
7.70317,-1.00041,0.0
7.70317,-0.90037,0.0
7.70317,-0.80033,0.0
7.70317,-0.70029,0.0
7.70317,-0.60025,0.0
7.70317,-0.50021,0.0
7.70317,-0.40016,0.0
7.70317,-0.30012,0.0
7.70317,-0.20008,0.0
7.70317,-0.10004,0.0
7.70317,0,0.0
7.70317,0.10004,0.0
7.70317,0.20008,0.0
7.70317,0.30012,0.0
7.70317,0.40016,0.0
7.70317,0.50021,0.0
7.70317,0.60025,0.0
7.70317,0.70029,0.0
7.70317,0.80033,0.0
7.70317,0.90037,0.0
7.70317,1.00041,0.0
7.70317,1.10045,0.0
7.70317,1.20049,0.0
7.70317,1.30054,0.0
7.70317,1.40058,0.0
7.70317,1.50062,0.0
7.70317,1.60066,0.0
7.70317,1.7007,0.0
7.70317,1.80074,0.0
7.70317,1.90078,0.0
7.70317,2.00082,0.0
7.70317,2.10087,0.0
7.70317,2.20091,0.0
7.70317,2.30095,0.0
7.70317,2.40099,0.0
7.70317,2.50103,0.0
7.70317,2.60107,0.0
7.70317,2.70111,0.0
7.70317,2.80115,0.0
7.70317,2.9012,0.0
7.70317,3.00124,0.0
7.70317,3.10128,0.0
7.70317,3.20132,0.0
7.70317,3.30136,0.0
7.70317,3.4014,0.0
7.70317,3.50144,0.0
7.70317,3.60148,0.0
7.70317,3.70152,0.0
7.70317,3.80157,0.0
7.70317,3.90161,0.0
7.70317,4.00165,0.0
7.70317,4.10169,0.0
7.70317,4.20173,0.0
7.70317,4.30177,0.0
7.70317,4.40181,0.0
7.70317,4.50185,0.0
7.70317,4.6019,0.0
7.70317,4.70194,0.0
7.70317,4.80198,0.0
7.70317,4.90202,0.0
7.70317,5.00206,0.0
7.70317,5.1021,0.0
7.70317,5.20214,0.0
7.70317,5.30218,0.0
7.70317,5.40223,0.0
7.70317,5.50227,0.0
7.70317,5.60231,0.0
7.70317,5.70235,0.0
7.70317,5.80239,0.0
7.70317,5.90243,0.0
7.70317,6.00247,0.0
7.80321,-5.90243,0.0
7.80321,-5.80239,0.0
7.80321,-5.70235,0.0
7.80321,-5.60231,0.0
7.80321,-5.50227,0.0
7.80321,-5.40223,0.0
7.80321,-5.30218,0.0
7.80321,-5.20214,0.0
7.80321,-5.1021,0.0
7.80321,-5.00206,0.0
7.80321,-4.90202,0.0
7.80321,-4.80198,0.0
7.80321,-4.70194,0.0
7.80321,-4.6019,0.0
7.80321,-4.50185,0.0
7.80321,-4.40181,0.0
7.80321,-4.30177,0.0
7.80321,-4.20173,0.0
7.80321,-4.10169,0.0
7.80321,-4.00165,0.0
7.80321,-3.90161,0.0
7.80321,-3.80157,0.0
7.80321,-3.70152,0.0
7.80321,-3.60148,0.0
7.80321,-3.50144,0.0
7.80321,-3.4014,0.0
7.80321,-3.30136,0.0
7.80321,-3.20132,0.0
7.80321,-3.10128,0.0
7.80321,-3.00124,0.0
7.80321,-2.9012,0.0
7.80321,-2.80115,0.0
7.80321,-2.70111,0.0
7.80321,-2.60107,0.0
7.80321,-2.50103,0.0
7.80321,-2.40099,0.0
7.80321,-2.30095,0.0
7.80321,-2.20091,0.0
7.80321,-2.10087,0.0
7.80321,-2.00082,0.0
7.80321,-1.90078,0.0
7.80321,-1.80074,0.0
7.80321,-1.7007,0.0
7.80321,-1.60066,0.0
7.80321,-1.50062,0.0
7.80321,-1.40058,0.0
7.80321,-1.30054,0.0
7.80321,-1.20049,0.0
7.80321,-1.10045,0.0
7.80321,-1.00041,0.0
7.80321,-0.90037,0.0
7.80321,-0.80033,0.0
7.80321,-0.70029,0.0
7.80321,-0.60025,0.0
7.80321,-0.50021,0.0
7.80321,-0.40016,0.0
7.80321,-0.30012,0.0
7.80321,-0.20008,0.0
7.80321,-0.10004,0.0
7.80321,0,0.0
7.80321,0.10004,0.0
7.80321,0.20008,0.0
7.80321,0.30012,0.0
7.80321,0.40016,0.0
7.80321,0.50021,0.0
7.80321,0.60025,0.0
7.80321,0.70029,0.0
7.80321,0.80033,0.0
7.80321,0.90037,0.0
7.80321,1.00041,0.0
7.80321,1.10045,0.0
7.80321,1.20049,0.0
7.80321,1.30054,0.0
7.80321,1.40058,0.0
7.80321,1.50062,0.0
7.80321,1.60066,0.0
7.80321,1.7007,0.0
7.80321,1.80074,0.0
7.80321,1.90078,0.0
7.80321,2.00082,0.0
7.80321,2.10087,0.0
7.80321,2.20091,0.0
7.80321,2.30095,0.0
7.80321,2.40099,0.0
7.80321,2.50103,0.0
7.80321,2.60107,0.0
7.80321,2.70111,0.0
7.80321,2.80115,0.0
7.80321,2.9012,0.0
7.80321,3.00124,0.0
7.80321,3.10128,0.0
7.80321,3.20132,0.0
7.80321,3.30136,0.0
7.80321,3.4014,0.0
7.80321,3.50144,0.0
7.80321,3.60148,0.0
7.80321,3.70152,0.0
7.80321,3.80157,0.0
7.80321,3.90161,0.0
7.80321,4.00165,0.0
7.80321,4.10169,0.0
7.80321,4.20173,0.0
7.80321,4.30177,0.0
7.80321,4.40181,0.0
7.80321,4.50185,0.0
7.80321,4.6019,0.0
7.80321,4.70194,0.0
7.80321,4.80198,0.0
7.80321,4.90202,0.0
7.80321,5.00206,0.0
7.80321,5.1021,0.0
7.80321,5.20214,0.0
7.80321,5.30218,0.0
7.80321,5.40223,0.0
7.80321,5.50227,0.0
7.80321,5.60231,0.0
7.80321,5.70235,0.0
7.80321,5.80239,0.0
7.80321,5.90243,0.0
7.90326,-5.70235,0.0
7.90326,-5.60231,0.0
7.90326,-5.50227,0.0
7.90326,-5.40223,0.0
7.90326,-5.30218,0.0
7.90326,-5.20214,0.0
7.90326,-5.1021,0.0
7.90326,-5.00206,0.0
7.90326,-4.90202,0.0
7.90326,-4.80198,0.0
7.90326,-4.70194,0.0
7.90326,-4.6019,0.0
7.90326,-4.50185,0.0
7.90326,-4.40181,0.0
7.90326,-4.30177,0.0
7.90326,-4.20173,0.0
7.90326,-4.10169,0.0
7.90326,-4.00165,0.0
7.90326,-3.90161,0.0
7.90326,-3.80157,0.0
7.90326,-3.70152,0.0
7.90326,-3.60148,0.0
7.90326,-3.50144,0.0
7.90326,-3.4014,0.0
7.90326,-3.30136,0.0
7.90326,-3.20132,0.0
7.90326,-3.10128,0.0
7.90326,-3.00124,0.0
7.90326,-2.9012,0.0
7.90326,-2.80115,0.0
7.90326,-2.70111,0.0
7.90326,-2.60107,0.0
7.90326,-2.50103,0.0
7.90326,-2.40099,0.0
7.90326,-2.30095,0.0
7.90326,-2.20091,0.0
7.90326,-2.10087,0.0
7.90326,-2.00082,0.0
7.90326,-1.90078,0.0
7.90326,-1.80074,0.0
7.90326,-1.7007,0.0
7.90326,-1.60066,0.0
7.90326,-1.50062,0.0
7.90326,-1.40058,0.0
7.90326,-1.30054,0.0
7.90326,-1.20049,0.0
7.90326,-1.10045,0.0
7.90326,-1.00041,0.0
7.90326,-0.90037,0.0
7.90326,-0.80033,0.0
7.90326,-0.70029,0.0
7.90326,-0.60025,0.0
7.90326,-0.50021,0.0
7.90326,-0.40016,0.0
7.90326,-0.30012,0.0
7.90326,-0.20008,0.0
7.90326,-0.10004,0.0
7.90326,0,0.0
7.90326,0.10004,0.0
7.90326,0.20008,0.0
7.90326,0.30012,0.0
7.90326,0.40016,0.0
7.90326,0.50021,0.0
7.90326,0.60025,0.0
7.90326,0.70029,0.0
7.90326,0.80033,0.0
7.90326,0.90037,0.0
7.90326,1.00041,0.0
7.90326,1.10045,0.0
7.90326,1.20049,0.0
7.90326,1.30054,0.0
7.90326,1.40058,0.0
7.90326,1.50062,0.0
7.90326,1.60066,0.0
7.90326,1.7007,0.0
7.90326,1.80074,0.0
7.90326,1.90078,0.0
7.90326,2.00082,0.0
7.90326,2.10087,0.0
7.90326,2.20091,0.0
7.90326,2.30095,0.0
7.90326,2.40099,0.0
7.90326,2.50103,0.0
7.90326,2.60107,0.0
7.90326,2.70111,0.0
7.90326,2.80115,0.0
7.90326,2.9012,0.0
7.90326,3.00124,0.0
7.90326,3.10128,0.0
7.90326,3.20132,0.0
7.90326,3.30136,0.0
7.90326,3.4014,0.0
7.90326,3.50144,0.0
7.90326,3.60148,0.0
7.90326,3.70152,0.0
7.90326,3.80157,0.0
7.90326,3.90161,0.0
7.90326,4.00165,0.0
7.90326,4.10169,0.0
7.90326,4.20173,0.0
7.90326,4.30177,0.0
7.90326,4.40181,0.0
7.90326,4.50185,0.0
7.90326,4.6019,0.0
7.90326,4.70194,0.0
7.90326,4.80198,0.0
7.90326,4.90202,0.0
7.90326,5.00206,0.0
7.90326,5.1021,0.0
7.90326,5.20214,0.0
7.90326,5.30218,0.0
7.90326,5.40223,0.0
7.90326,5.50227,0.0
7.90326,5.60231,0.0
7.90326,5.70235,0.0
8.0033,-5.60231,0.0
8.0033,-5.50227,0.0
8.0033,-5.40223,0.0
8.0033,-5.30218,0.0
8.0033,-5.20214,0.0
8.0033,-5.1021,0.0
8.0033,-5.00206,0.0
8.0033,-4.90202,0.0
8.0033,-4.80198,0.0
8.0033,-4.70194,0.0
8.0033,-4.6019,0.0
8.0033,-4.50185,0.0
8.0033,-4.40181,0.0
8.0033,-4.30177,0.0
8.0033,-4.20173,0.0
8.0033,-4.10169,0.0
8.0033,-4.00165,0.0
8.0033,-3.90161,0.0
8.0033,-3.80157,0.0
8.0033,-3.70152,0.0
8.0033,-3.60148,0.0
8.0033,-3.50144,0.0
8.0033,-3.4014,0.0
8.0033,-3.30136,0.0
8.0033,-3.20132,0.0
8.0033,-3.10128,0.0
8.0033,-3.00124,0.0
8.0033,-2.9012,0.0
8.0033,-2.80115,0.0
8.0033,-2.70111,0.0
8.0033,-2.60107,0.0
8.0033,-2.50103,0.0
8.0033,-2.40099,0.0
8.0033,-2.30095,0.0
8.0033,-2.20091,0.0
8.0033,-2.10087,0.0
8.0033,-2.00082,0.0
8.0033,-1.90078,0.0
8.0033,-1.80074,0.0
8.0033,-1.7007,0.0
8.0033,-1.60066,0.0
8.0033,-1.50062,0.0
8.0033,-1.40058,0.0
8.0033,-1.30054,0.0
8.0033,-1.20049,0.0
8.0033,-1.10045,0.0
8.0033,-1.00041,0.0
8.0033,-0.90037,0.0
8.0033,-0.80033,0.0
8.0033,-0.70029,0.0
8.0033,-0.60025,0.0
8.0033,-0.50021,0.0
8.0033,-0.40016,0.0
8.0033,-0.30012,0.0
8.0033,-0.20008,0.0
8.0033,-0.10004,0.0
8.0033,0,0.0
8.0033,0.10004,0.0
8.0033,0.20008,0.0
8.0033,0.30012,0.0
8.0033,0.40016,0.0
8.0033,0.50021,0.0
8.0033,0.60025,0.0
8.0033,0.70029,0.0
8.0033,0.80033,0.0
8.0033,0.90037,0.0
8.0033,1.00041,0.0
8.0033,1.10045,0.0
8.0033,1.20049,0.0
8.0033,1.30054,0.0
8.0033,1.40058,0.0
8.0033,1.50062,0.0
8.0033,1.60066,0.0
8.0033,1.7007,0.0
8.0033,1.80074,0.0
8.0033,1.90078,0.0
8.0033,2.00082,0.0
8.0033,2.10087,0.0
8.0033,2.20091,0.0
8.0033,2.30095,0.0
8.0033,2.40099,0.0
8.0033,2.50103,0.0
8.0033,2.60107,0.0
8.0033,2.70111,0.0
8.0033,2.80115,0.0
8.0033,2.9012,0.0
8.0033,3.00124,0.0
8.0033,3.10128,0.0
8.0033,3.20132,0.0
8.0033,3.30136,0.0
8.0033,3.4014,0.0
8.0033,3.50144,0.0
8.0033,3.60148,0.0
8.0033,3.70152,0.0
8.0033,3.80157,0.0
8.0033,3.90161,0.0
8.0033,4.00165,0.0
8.0033,4.10169,0.0
8.0033,4.20173,0.0
8.0033,4.30177,0.0
8.0033,4.40181,0.0
8.0033,4.50185,0.0
8.0033,4.6019,0.0
8.0033,4.70194,0.0
8.0033,4.80198,0.0
8.0033,4.90202,0.0
8.0033,5.00206,0.0
8.0033,5.1021,0.0
8.0033,5.20214,0.0
8.0033,5.30218,0.0
8.0033,5.40223,0.0
8.0033,5.50227,0.0
8.0033,5.60231,0.0
8.10334,-5.50227,0.0
8.10334,-5.40223,0.0
8.10334,-5.30218,0.0
8.10334,-5.20214,0.0
8.10334,-5.1021,0.0
8.10334,-5.00206,0.0
8.10334,-4.90202,0.0
8.10334,-4.80198,0.0
8.10334,-4.70194,0.0
8.10334,-4.6019,0.0
8.10334,-4.50185,0.0
8.10334,-4.40181,0.0
8.10334,-4.30177,0.0
8.10334,-4.20173,0.0
8.10334,-4.10169,0.0
8.10334,-4.00165,0.0
8.10334,-3.90161,0.0
8.10334,-3.80157,0.0
8.10334,-3.70152,0.0
8.10334,-3.60148,0.0
8.10334,-3.50144,0.0
8.10334,-3.4014,0.0
8.10334,-3.30136,0.0
8.10334,-3.20132,0.0
8.10334,-3.10128,0.0
8.10334,-3.00124,0.0
8.10334,-2.9012,0.0
8.10334,-2.80115,0.0
8.10334,-2.70111,0.0
8.10334,-2.60107,0.0
8.10334,-2.50103,0.0
8.10334,-2.40099,0.0
8.10334,-2.30095,0.0
8.10334,-2.20091,0.0
8.10334,-2.10087,0.0
8.10334,-2.00082,0.0
8.10334,-1.90078,0.0
8.10334,-1.80074,0.0
8.10334,-1.7007,0.0
8.10334,-1.60066,0.0
8.10334,-1.50062,0.0
8.10334,-1.40058,0.0
8.10334,-1.30054,0.0
8.10334,-1.20049,0.0
8.10334,-1.10045,0.0
8.10334,-1.00041,0.0
8.10334,-0.90037,0.0
8.10334,-0.80033,0.0
8.10334,-0.70029,0.0
8.10334,-0.60025,0.0
8.10334,-0.50021,0.0
8.10334,-0.40016,0.0
8.10334,-0.30012,0.0
8.10334,-0.20008,0.0
8.10334,-0.10004,0.0
8.10334,0,0.0
8.10334,0.10004,0.0
8.10334,0.20008,0.0
8.10334,0.30012,0.0
8.10334,0.40016,0.0
8.10334,0.50021,0.0
8.10334,0.60025,0.0
8.10334,0.70029,0.0
8.10334,0.80033,0.0
8.10334,0.90037,0.0
8.10334,1.00041,0.0
8.10334,1.10045,0.0
8.10334,1.20049,0.0
8.10334,1.30054,0.0
8.10334,1.40058,0.0
8.10334,1.50062,0.0
8.10334,1.60066,0.0
8.10334,1.7007,0.0
8.10334,1.80074,0.0
8.10334,1.90078,0.0
8.10334,2.00082,0.0
8.10334,2.10087,0.0
8.10334,2.20091,0.0
8.10334,2.30095,0.0
8.10334,2.40099,0.0
8.10334,2.50103,0.0
8.10334,2.60107,0.0
8.10334,2.70111,0.0
8.10334,2.80115,0.0
8.10334,2.9012,0.0
8.10334,3.00124,0.0
8.10334,3.10128,0.0
8.10334,3.20132,0.0
8.10334,3.30136,0.0
8.10334,3.4014,0.0
8.10334,3.50144,0.0
8.10334,3.60148,0.0
8.10334,3.70152,0.0
8.10334,3.80157,0.0
8.10334,3.90161,0.0
8.10334,4.00165,0.0
8.10334,4.10169,0.0
8.10334,4.20173,0.0
8.10334,4.30177,0.0
8.10334,4.40181,0.0
8.10334,4.50185,0.0
8.10334,4.6019,0.0
8.10334,4.70194,0.0
8.10334,4.80198,0.0
8.10334,4.90202,0.0
8.10334,5.00206,0.0
8.10334,5.1021,0.0
8.10334,5.20214,0.0
8.10334,5.30218,0.0
8.10334,5.40223,0.0
8.10334,5.50227,0.0
8.20338,-5.30218,0.0
8.20338,-5.20214,0.0
8.20338,-5.1021,0.0
8.20338,-5.00206,0.0
8.20338,-4.90202,0.0
8.20338,-4.80198,0.0
8.20338,-4.70194,0.0
8.20338,-4.6019,0.0
8.20338,-4.50185,0.0
8.20338,-4.40181,0.0
8.20338,-4.30177,0.0
8.20338,-4.20173,0.0
8.20338,-4.10169,0.0
8.20338,-4.00165,0.0
8.20338,-3.90161,0.0
8.20338,-3.80157,0.0
8.20338,-3.70152,0.0
8.20338,-3.60148,0.0
8.20338,-3.50144,0.0
8.20338,-3.4014,0.0
8.20338,-3.30136,0.0
8.20338,-3.20132,0.0
8.20338,-3.10128,0.0
8.20338,-3.00124,0.0
8.20338,-2.9012,0.0
8.20338,-2.80115,0.0
8.20338,-2.70111,0.0
8.20338,-2.60107,0.0
8.20338,-2.50103,0.0
8.20338,-2.40099,0.0
8.20338,-2.30095,0.0
8.20338,-2.20091,0.0
8.20338,-2.10087,0.0
8.20338,-2.00082,0.0
8.20338,-1.90078,0.0
8.20338,-1.80074,0.0
8.20338,-1.7007,0.0
8.20338,-1.60066,0.0
8.20338,-1.50062,0.0
8.20338,-1.40058,0.0
8.20338,-1.30054,0.0
8.20338,-1.20049,0.0
8.20338,-1.10045,0.0
8.20338,-1.00041,0.0
8.20338,-0.90037,0.0
8.20338,-0.80033,0.0
8.20338,-0.70029,0.0
8.20338,-0.60025,0.0
8.20338,-0.50021,0.0
8.20338,-0.40016,0.0
8.20338,-0.30012,0.0
8.20338,-0.20008,0.0
8.20338,-0.10004,0.0
8.20338,0,0.0
8.20338,0.10004,0.0
8.20338,0.20008,0.0
8.20338,0.30012,0.0
8.20338,0.40016,0.0
8.20338,0.50021,0.0
8.20338,0.60025,0.0
8.20338,0.70029,0.0
8.20338,0.80033,0.0
8.20338,0.90037,0.0
8.20338,1.00041,0.0
8.20338,1.10045,0.0
8.20338,1.20049,0.0
8.20338,1.30054,0.0
8.20338,1.40058,0.0
8.20338,1.50062,0.0
8.20338,1.60066,0.0
8.20338,1.7007,0.0
8.20338,1.80074,0.0
8.20338,1.90078,0.0
8.20338,2.00082,0.0
8.20338,2.10087,0.0
8.20338,2.20091,0.0
8.20338,2.30095,0.0
8.20338,2.40099,0.0
8.20338,2.50103,0.0
8.20338,2.60107,0.0
8.20338,2.70111,0.0
8.20338,2.80115,0.0
8.20338,2.9012,0.0
8.20338,3.00124,0.0
8.20338,3.10128,0.0
8.20338,3.20132,0.0
8.20338,3.30136,0.0
8.20338,3.4014,0.0
8.20338,3.50144,0.0
8.20338,3.60148,0.0
8.20338,3.70152,0.0
8.20338,3.80157,0.0
8.20338,3.90161,0.0
8.20338,4.00165,0.0
8.20338,4.10169,0.0
8.20338,4.20173,0.0
8.20338,4.30177,0.0
8.20338,4.40181,0.0
8.20338,4.50185,0.0
8.20338,4.6019,0.0
8.20338,4.70194,0.0
8.20338,4.80198,0.0
8.20338,4.90202,0.0
8.20338,5.00206,0.0
8.20338,5.1021,0.0
8.20338,5.20214,0.0
8.20338,5.30218,0.0
8.30342,-5.20214,0.0
8.30342,-5.1021,0.0
8.30342,-5.00206,0.0
8.30342,-4.90202,0.0
8.30342,-4.80198,0.0
8.30342,-4.70194,0.0
8.30342,-4.6019,0.0
8.30342,-4.50185,0.0
8.30342,-4.40181,0.0
8.30342,-4.30177,0.0
8.30342,-4.20173,0.0
8.30342,-4.10169,0.0
8.30342,-4.00165,0.0
8.30342,-3.90161,0.0
8.30342,-3.80157,0.0
8.30342,-3.70152,0.0
8.30342,-3.60148,0.0
8.30342,-3.50144,0.0
8.30342,-3.4014,0.0
8.30342,-3.30136,0.0
8.30342,-3.20132,0.0
8.30342,-3.10128,0.0
8.30342,-3.00124,0.0
8.30342,-2.9012,0.0
8.30342,-2.80115,0.0
8.30342,-2.70111,0.0
8.30342,-2.60107,0.0
8.30342,-2.50103,0.0
8.30342,-2.40099,0.0
8.30342,-2.30095,0.0
8.30342,-2.20091,0.0
8.30342,-2.10087,0.0
8.30342,-2.00082,0.0
8.30342,-1.90078,0.0
8.30342,-1.80074,0.0
8.30342,-1.7007,0.0
8.30342,-1.60066,0.0
8.30342,-1.50062,0.0
8.30342,-1.40058,0.0
8.30342,-1.30054,0.0
8.30342,-1.20049,0.0
8.30342,-1.10045,0.0
8.30342,-1.00041,0.0
8.30342,-0.90037,0.0
8.30342,-0.80033,0.0
8.30342,-0.70029,0.0
8.30342,-0.60025,0.0
8.30342,-0.50021,0.0
8.30342,-0.40016,0.0
8.30342,-0.30012,0.0
8.30342,-0.20008,0.0
8.30342,-0.10004,0.0
8.30342,0,0.0
8.30342,0.10004,0.0
8.30342,0.20008,0.0
8.30342,0.30012,0.0
8.30342,0.40016,0.0
8.30342,0.50021,0.0
8.30342,0.60025,0.0
8.30342,0.70029,0.0
8.30342,0.80033,0.0
8.30342,0.90037,0.0
8.30342,1.00041,0.0
8.30342,1.10045,0.0
8.30342,1.20049,0.0
8.30342,1.30054,0.0
8.30342,1.40058,0.0
8.30342,1.50062,0.0
8.30342,1.60066,0.0
8.30342,1.7007,0.0
8.30342,1.80074,0.0
8.30342,1.90078,0.0
8.30342,2.00082,0.0
8.30342,2.10087,0.0
8.30342,2.20091,0.0
8.30342,2.30095,0.0
8.30342,2.40099,0.0
8.30342,2.50103,0.0
8.30342,2.60107,0.0
8.30342,2.70111,0.0
8.30342,2.80115,0.0
8.30342,2.9012,0.0
8.30342,3.00124,0.0
8.30342,3.10128,0.0
8.30342,3.20132,0.0
8.30342,3.30136,0.0
8.30342,3.4014,0.0
8.30342,3.50144,0.0
8.30342,3.60148,0.0
8.30342,3.70152,0.0
8.30342,3.80157,0.0
8.30342,3.90161,0.0
8.30342,4.00165,0.0
8.30342,4.10169,0.0
8.30342,4.20173,0.0
8.30342,4.30177,0.0
8.30342,4.40181,0.0
8.30342,4.50185,0.0
8.30342,4.6019,0.0
8.30342,4.70194,0.0
8.30342,4.80198,0.0
8.30342,4.90202,0.0
8.30342,5.00206,0.0
8.30342,5.1021,0.0
8.30342,5.20214,0.0
8.40346,-5.00206,0.0
8.40346,-4.90202,0.0
8.40346,-4.80198,0.0
8.40346,-4.70194,0.0
8.40346,-4.6019,0.0
8.40346,-4.50185,0.0
8.40346,-4.40181,0.0
8.40346,-4.30177,0.0
8.40346,-4.20173,0.0
8.40346,-4.10169,0.0
8.40346,-4.00165,0.0
8.40346,-3.90161,0.0
8.40346,-3.80157,0.0
8.40346,-3.70152,0.0
8.40346,-3.60148,0.0
8.40346,-3.50144,0.0
8.40346,-3.4014,0.0
8.40346,-3.30136,0.0
8.40346,-3.20132,0.0
8.40346,-3.10128,0.0
8.40346,-3.00124,0.0
8.40346,-2.9012,0.0
8.40346,-2.80115,0.0
8.40346,-2.70111,0.0
8.40346,-2.60107,0.0
8.40346,-2.50103,0.0
8.40346,-2.40099,0.0
8.40346,-2.30095,0.0
8.40346,-2.20091,0.0
8.40346,-2.10087,0.0
8.40346,-2.00082,0.0
8.40346,-1.90078,0.0
8.40346,-1.80074,0.0
8.40346,-1.7007,0.0
8.40346,-1.60066,0.0
8.40346,-1.50062,0.0
8.40346,-1.40058,0.0
8.40346,-1.30054,0.0
8.40346,-1.20049,0.0
8.40346,-1.10045,0.0
8.40346,-1.00041,0.0
8.40346,-0.90037,0.0
8.40346,-0.80033,0.0
8.40346,-0.70029,0.0
8.40346,-0.60025,0.0
8.40346,-0.50021,0.0
8.40346,-0.40016,0.0
8.40346,-0.30012,0.0
8.40346,-0.20008,0.0
8.40346,-0.10004,0.0
8.40346,0,0.0
8.40346,0.10004,0.0
8.40346,0.20008,0.0
8.40346,0.30012,0.0
8.40346,0.40016,0.0
8.40346,0.50021,0.0
8.40346,0.60025,0.0
8.40346,0.70029,0.0
8.40346,0.80033,0.0
8.40346,0.90037,0.0
8.40346,1.00041,0.0
8.40346,1.10045,0.0
8.40346,1.20049,0.0
8.40346,1.30054,0.0
8.40346,1.40058,0.0
8.40346,1.50062,0.0
8.40346,1.60066,0.0
8.40346,1.7007,0.0
8.40346,1.80074,0.0
8.40346,1.90078,0.0
8.40346,2.00082,0.0
8.40346,2.10087,0.0
8.40346,2.20091,0.0
8.40346,2.30095,0.0
8.40346,2.40099,0.0
8.40346,2.50103,0.0
8.40346,2.60107,0.0
8.40346,2.70111,0.0
8.40346,2.80115,0.0
8.40346,2.9012,0.0
8.40346,3.00124,0.0
8.40346,3.10128,0.0
8.40346,3.20132,0.0
8.40346,3.30136,0.0
8.40346,3.4014,0.0
8.40346,3.50144,0.0
8.40346,3.60148,0.0
8.40346,3.70152,0.0
8.40346,3.80157,0.0
8.40346,3.90161,0.0
8.40346,4.00165,0.0
8.40346,4.10169,0.0
8.40346,4.20173,0.0
8.40346,4.30177,0.0
8.40346,4.40181,0.0
8.40346,4.50185,0.0
8.40346,4.6019,0.0
8.40346,4.70194,0.0
8.40346,4.80198,0.0
8.40346,4.90202,0.0
8.40346,5.00206,0.0
8.5035,-4.80198,0.0
8.5035,-4.70194,0.0
8.5035,-4.6019,0.0
8.5035,-4.50185,0.0
8.5035,-4.40181,0.0
8.5035,-4.30177,0.0
8.5035,-4.20173,0.0
8.5035,-4.10169,0.0
8.5035,-4.00165,0.0
8.5035,-3.90161,0.0
8.5035,-3.80157,0.0
8.5035,-3.70152,0.0
8.5035,-3.60148,0.0
8.5035,-3.50144,0.0
8.5035,-3.4014,0.0
8.5035,-3.30136,0.0
8.5035,-3.20132,0.0
8.5035,-3.10128,0.0
8.5035,-3.00124,0.0
8.5035,-2.9012,0.0
8.5035,-2.80115,0.0
8.5035,-2.70111,0.0
8.5035,-2.60107,0.0
8.5035,-2.50103,0.0
8.5035,-2.40099,0.0
8.5035,-2.30095,0.0
8.5035,-2.20091,0.0
8.5035,-2.10087,0.0
8.5035,-2.00082,0.0
8.5035,-1.90078,0.0
8.5035,-1.80074,0.0
8.5035,-1.7007,0.0
8.5035,-1.60066,0.0
8.5035,-1.50062,0.0
8.5035,-1.40058,0.0
8.5035,-1.30054,0.0
8.5035,-1.20049,0.0
8.5035,-1.10045,0.0
8.5035,-1.00041,0.0
8.5035,-0.90037,0.0
8.5035,-0.80033,0.0
8.5035,-0.70029,0.0
8.5035,-0.60025,0.0
8.5035,-0.50021,0.0
8.5035,-0.40016,0.0
8.5035,-0.30012,0.0
8.5035,-0.20008,0.0
8.5035,-0.10004,0.0
8.5035,0,0.0
8.5035,0.10004,0.0
8.5035,0.20008,0.0
8.5035,0.30012,0.0
8.5035,0.40016,0.0
8.5035,0.50021,0.0
8.5035,0.60025,0.0
8.5035,0.70029,0.0
8.5035,0.80033,0.0
8.5035,0.90037,0.0
8.5035,1.00041,0.0
8.5035,1.10045,0.0
8.5035,1.20049,0.0
8.5035,1.30054,0.0
8.5035,1.40058,0.0
8.5035,1.50062,0.0
8.5035,1.60066,0.0
8.5035,1.7007,0.0
8.5035,1.80074,0.0
8.5035,1.90078,0.0
8.5035,2.00082,0.0
8.5035,2.10087,0.0
8.5035,2.20091,0.0
8.5035,2.30095,0.0
8.5035,2.40099,0.0
8.5035,2.50103,0.0
8.5035,2.60107,0.0
8.5035,2.70111,0.0
8.5035,2.80115,0.0
8.5035,2.9012,0.0
8.5035,3.00124,0.0
8.5035,3.10128,0.0
8.5035,3.20132,0.0
8.5035,3.30136,0.0
8.5035,3.4014,0.0
8.5035,3.50144,0.0
8.5035,3.60148,0.0
8.5035,3.70152,0.0
8.5035,3.80157,0.0
8.5035,3.90161,0.0
8.5035,4.00165,0.0
8.5035,4.10169,0.0
8.5035,4.20173,0.0
8.5035,4.30177,0.0
8.5035,4.40181,0.0
8.5035,4.50185,0.0
8.5035,4.6019,0.0
8.5035,4.70194,0.0
8.5035,4.80198,0.0
8.60354,-4.6019,0.0
8.60354,-4.50185,0.0
8.60354,-4.40181,0.0
8.60354,-4.30177,0.0
8.60354,-4.20173,0.0
8.60354,-4.10169,0.0
8.60354,-4.00165,0.0
8.60354,-3.90161,0.0
8.60354,-3.80157,0.0
8.60354,-3.70152,0.0
8.60354,-3.60148,0.0
8.60354,-3.50144,0.0
8.60354,-3.4014,0.0
8.60354,-3.30136,0.0
8.60354,-3.20132,0.0
8.60354,-3.10128,0.0
8.60354,-3.00124,0.0
8.60354,-2.9012,0.0
8.60354,-2.80115,0.0
8.60354,-2.70111,0.0
8.60354,-2.60107,0.0
8.60354,-2.50103,0.0
8.60354,-2.40099,0.0
8.60354,-2.30095,0.0
8.60354,-2.20091,0.0
8.60354,-2.10087,0.0
8.60354,-2.00082,0.0
8.60354,-1.90078,0.0
8.60354,-1.80074,0.0
8.60354,-1.7007,0.0
8.60354,-1.60066,0.0
8.60354,-1.50062,0.0
8.60354,-1.40058,0.0
8.60354,-1.30054,0.0
8.60354,-1.20049,0.0
8.60354,-1.10045,0.0
8.60354,-1.00041,0.0
8.60354,-0.90037,0.0
8.60354,-0.80033,0.0
8.60354,-0.70029,0.0
8.60354,-0.60025,0.0
8.60354,-0.50021,0.0
8.60354,-0.40016,0.0
8.60354,-0.30012,0.0
8.60354,-0.20008,0.0
8.60354,-0.10004,0.0
8.60354,0,0.0
8.60354,0.10004,0.0
8.60354,0.20008,0.0
8.60354,0.30012,0.0
8.60354,0.40016,0.0
8.60354,0.50021,0.0
8.60354,0.60025,0.0
8.60354,0.70029,0.0
8.60354,0.80033,0.0
8.60354,0.90037,0.0
8.60354,1.00041,0.0
8.60354,1.10045,0.0
8.60354,1.20049,0.0
8.60354,1.30054,0.0
8.60354,1.40058,0.0
8.60354,1.50062,0.0
8.60354,1.60066,0.0
8.60354,1.7007,0.0
8.60354,1.80074,0.0
8.60354,1.90078,0.0
8.60354,2.00082,0.0
8.60354,2.10087,0.0
8.60354,2.20091,0.0
8.60354,2.30095,0.0
8.60354,2.40099,0.0
8.60354,2.50103,0.0
8.60354,2.60107,0.0
8.60354,2.70111,0.0
8.60354,2.80115,0.0
8.60354,2.9012,0.0
8.60354,3.00124,0.0
8.60354,3.10128,0.0
8.60354,3.20132,0.0
8.60354,3.30136,0.0
8.60354,3.4014,0.0
8.60354,3.50144,0.0
8.60354,3.60148,0.0
8.60354,3.70152,0.0
8.60354,3.80157,0.0
8.60354,3.90161,0.0
8.60354,4.00165,0.0
8.60354,4.10169,0.0
8.60354,4.20173,0.0
8.60354,4.30177,0.0
8.60354,4.40181,0.0
8.60354,4.50185,0.0
8.60354,4.6019,0.0
8.70359,-4.50185,0.0
8.70359,-4.40181,0.0
8.70359,-4.30177,0.0
8.70359,-4.20173,0.0
8.70359,-4.10169,0.0
8.70359,-4.00165,0.0
8.70359,-3.90161,0.0
8.70359,-3.80157,0.0
8.70359,-3.70152,0.0
8.70359,-3.60148,0.0
8.70359,-3.50144,0.0
8.70359,-3.4014,0.0
8.70359,-3.30136,0.0
8.70359,-3.20132,0.0
8.70359,-3.10128,0.0
8.70359,-3.00124,0.0
8.70359,-2.9012,0.0
8.70359,-2.80115,0.0
8.70359,-2.70111,0.0
8.70359,-2.60107,0.0
8.70359,-2.50103,0.0
8.70359,-2.40099,0.0
8.70359,-2.30095,0.0
8.70359,-2.20091,0.0
8.70359,-2.10087,0.0
8.70359,-2.00082,0.0
8.70359,-1.90078,0.0
8.70359,-1.80074,0.0
8.70359,-1.7007,0.0
8.70359,-1.60066,0.0
8.70359,-1.50062,0.0
8.70359,-1.40058,0.0
8.70359,-1.30054,0.0
8.70359,-1.20049,0.0
8.70359,-1.10045,0.0
8.70359,-1.00041,0.0
8.70359,-0.90037,0.0
8.70359,-0.80033,0.0
8.70359,-0.70029,0.0
8.70359,-0.60025,0.0
8.70359,-0.50021,0.0
8.70359,-0.40016,0.0
8.70359,-0.30012,0.0
8.70359,-0.20008,0.0
8.70359,-0.10004,0.0
8.70359,0,0.0
8.70359,0.10004,0.0
8.70359,0.20008,0.0
8.70359,0.30012,0.0
8.70359,0.40016,0.0
8.70359,0.50021,0.0
8.70359,0.60025,0.0
8.70359,0.70029,0.0
8.70359,0.80033,0.0
8.70359,0.90037,0.0
8.70359,1.00041,0.0
8.70359,1.10045,0.0
8.70359,1.20049,0.0
8.70359,1.30054,0.0
8.70359,1.40058,0.0
8.70359,1.50062,0.0
8.70359,1.60066,0.0
8.70359,1.7007,0.0
8.70359,1.80074,0.0
8.70359,1.90078,0.0
8.70359,2.00082,0.0
8.70359,2.10087,0.0
8.70359,2.20091,0.0
8.70359,2.30095,0.0
8.70359,2.40099,0.0
8.70359,2.50103,0.0
8.70359,2.60107,0.0
8.70359,2.70111,0.0
8.70359,2.80115,0.0
8.70359,2.9012,0.0
8.70359,3.00124,0.0
8.70359,3.10128,0.0
8.70359,3.20132,0.0
8.70359,3.30136,0.0
8.70359,3.4014,0.0
8.70359,3.50144,0.0
8.70359,3.60148,0.0
8.70359,3.70152,0.0
8.70359,3.80157,0.0
8.70359,3.90161,0.0
8.70359,4.00165,0.0
8.70359,4.10169,0.0
8.70359,4.20173,0.0
8.70359,4.30177,0.0
8.70359,4.40181,0.0
8.70359,4.50185,0.0
8.80363,-4.30177,0.0
8.80363,-4.20173,0.0
8.80363,-4.10169,0.0
8.80363,-4.00165,0.0
8.80363,-3.90161,0.0
8.80363,-3.80157,0.0
8.80363,-3.70152,0.0
8.80363,-3.60148,0.0
8.80363,-3.50144,0.0
8.80363,-3.4014,0.0
8.80363,-3.30136,0.0
8.80363,-3.20132,0.0
8.80363,-3.10128,0.0
8.80363,-3.00124,0.0
8.80363,-2.9012,0.0
8.80363,-2.80115,0.0
8.80363,-2.70111,0.0
8.80363,-2.60107,0.0
8.80363,-2.50103,0.0
8.80363,-2.40099,0.0
8.80363,-2.30095,0.0
8.80363,-2.20091,0.0
8.80363,-2.10087,0.0
8.80363,-2.00082,0.0
8.80363,-1.90078,0.0
8.80363,-1.80074,0.0
8.80363,-1.7007,0.0
8.80363,-1.60066,0.0
8.80363,-1.50062,0.0
8.80363,-1.40058,0.0
8.80363,-1.30054,0.0
8.80363,-1.20049,0.0
8.80363,-1.10045,0.0
8.80363,-1.00041,0.0
8.80363,-0.90037,0.0
8.80363,-0.80033,0.0
8.80363,-0.70029,0.0
8.80363,-0.60025,0.0
8.80363,-0.50021,0.0
8.80363,-0.40016,0.0
8.80363,-0.30012,0.0
8.80363,-0.20008,0.0
8.80363,-0.10004,0.0
8.80363,0,0.0
8.80363,0.10004,0.0
8.80363,0.20008,0.0
8.80363,0.30012,0.0
8.80363,0.40016,0.0
8.80363,0.50021,0.0
8.80363,0.60025,0.0
8.80363,0.70029,0.0
8.80363,0.80033,0.0
8.80363,0.90037,0.0
8.80363,1.00041,0.0
8.80363,1.10045,0.0
8.80363,1.20049,0.0
8.80363,1.30054,0.0
8.80363,1.40058,0.0
8.80363,1.50062,0.0
8.80363,1.60066,0.0
8.80363,1.7007,0.0
8.80363,1.80074,0.0
8.80363,1.90078,0.0
8.80363,2.00082,0.0
8.80363,2.10087,0.0
8.80363,2.20091,0.0
8.80363,2.30095,0.0
8.80363,2.40099,0.0
8.80363,2.50103,0.0
8.80363,2.60107,0.0
8.80363,2.70111,0.0
8.80363,2.80115,0.0
8.80363,2.9012,0.0
8.80363,3.00124,0.0
8.80363,3.10128,0.0
8.80363,3.20132,0.0
8.80363,3.30136,0.0
8.80363,3.4014,0.0
8.80363,3.50144,0.0
8.80363,3.60148,0.0
8.80363,3.70152,0.0
8.80363,3.80157,0.0
8.80363,3.90161,0.0
8.80363,4.00165,0.0
8.80363,4.10169,0.0
8.80363,4.20173,0.0
8.80363,4.30177,0.0
8.90367,-4.00165,0.0
8.90367,-3.90161,0.0
8.90367,-3.80157,0.0
8.90367,-3.70152,0.0
8.90367,-3.60148,0.0
8.90367,-3.50144,0.0
8.90367,-3.4014,0.0
8.90367,-3.30136,0.0
8.90367,-3.20132,0.0
8.90367,-3.10128,0.0
8.90367,-3.00124,0.0
8.90367,-2.9012,0.0
8.90367,-2.80115,0.0
8.90367,-2.70111,0.0
8.90367,-2.60107,0.0
8.90367,-2.50103,0.0
8.90367,-2.40099,0.0
8.90367,-2.30095,0.0
8.90367,-2.20091,0.0
8.90367,-2.10087,0.0
8.90367,-2.00082,0.0
8.90367,-1.90078,0.0
8.90367,-1.80074,0.0
8.90367,-1.7007,0.0
8.90367,-1.60066,0.0
8.90367,-1.50062,0.0
8.90367,-1.40058,0.0
8.90367,-1.30054,0.0
8.90367,-1.20049,0.0
8.90367,-1.10045,0.0
8.90367,-1.00041,0.0
8.90367,-0.90037,0.0
8.90367,-0.80033,0.0
8.90367,-0.70029,0.0
8.90367,-0.60025,0.0
8.90367,-0.50021,0.0
8.90367,-0.40016,0.0
8.90367,-0.30012,0.0
8.90367,-0.20008,0.0
8.90367,-0.10004,0.0
8.90367,0,0.0
8.90367,0.10004,0.0
8.90367,0.20008,0.0
8.90367,0.30012,0.0
8.90367,0.40016,0.0
8.90367,0.50021,0.0
8.90367,0.60025,0.0
8.90367,0.70029,0.0
8.90367,0.80033,0.0
8.90367,0.90037,0.0
8.90367,1.00041,0.0
8.90367,1.10045,0.0
8.90367,1.20049,0.0
8.90367,1.30054,0.0
8.90367,1.40058,0.0
8.90367,1.50062,0.0
8.90367,1.60066,0.0
8.90367,1.7007,0.0
8.90367,1.80074,0.0
8.90367,1.90078,0.0
8.90367,2.00082,0.0
8.90367,2.10087,0.0
8.90367,2.20091,0.0
8.90367,2.30095,0.0
8.90367,2.40099,0.0
8.90367,2.50103,0.0
8.90367,2.60107,0.0
8.90367,2.70111,0.0
8.90367,2.80115,0.0
8.90367,2.9012,0.0
8.90367,3.00124,0.0
8.90367,3.10128,0.0
8.90367,3.20132,0.0
8.90367,3.30136,0.0
8.90367,3.4014,0.0
8.90367,3.50144,0.0
8.90367,3.60148,0.0
8.90367,3.70152,0.0
8.90367,3.80157,0.0
8.90367,3.90161,0.0
8.90367,4.00165,0.0
9.00371,-3.80157,0.0
9.00371,-3.70152,0.0
9.00371,-3.60148,0.0
9.00371,-3.50144,0.0
9.00371,-3.4014,0.0
9.00371,-3.30136,0.0
9.00371,-3.20132,0.0
9.00371,-3.10128,0.0
9.00371,-3.00124,0.0
9.00371,-2.9012,0.0
9.00371,-2.80115,0.0
9.00371,-2.70111,0.0
9.00371,-2.60107,0.0
9.00371,-2.50103,0.0
9.00371,-2.40099,0.0
9.00371,-2.30095,0.0
9.00371,-2.20091,0.0
9.00371,-2.10087,0.0
9.00371,-2.00082,0.0
9.00371,-1.90078,0.0
9.00371,-1.80074,0.0
9.00371,-1.7007,0.0
9.00371,-1.60066,0.0
9.00371,-1.50062,0.0
9.00371,-1.40058,0.0
9.00371,-1.30054,0.0
9.00371,-1.20049,0.0
9.00371,-1.10045,0.0
9.00371,-1.00041,0.0
9.00371,-0.90037,0.0
9.00371,-0.80033,0.0
9.00371,-0.70029,0.0
9.00371,-0.60025,0.0
9.00371,-0.50021,0.0
9.00371,-0.40016,0.0
9.00371,-0.30012,0.0
9.00371,-0.20008,0.0
9.00371,-0.10004,0.0
9.00371,0,0.0
9.00371,0.10004,0.0
9.00371,0.20008,0.0
9.00371,0.30012,0.0
9.00371,0.40016,0.0
9.00371,0.50021,0.0
9.00371,0.60025,0.0
9.00371,0.70029,0.0
9.00371,0.80033,0.0
9.00371,0.90037,0.0
9.00371,1.00041,0.0
9.00371,1.10045,0.0
9.00371,1.20049,0.0
9.00371,1.30054,0.0
9.00371,1.40058,0.0
9.00371,1.50062,0.0
9.00371,1.60066,0.0
9.00371,1.7007,0.0
9.00371,1.80074,0.0
9.00371,1.90078,0.0
9.00371,2.00082,0.0
9.00371,2.10087,0.0
9.00371,2.20091,0.0
9.00371,2.30095,0.0
9.00371,2.40099,0.0
9.00371,2.50103,0.0
9.00371,2.60107,0.0
9.00371,2.70111,0.0
9.00371,2.80115,0.0
9.00371,2.9012,0.0
9.00371,3.00124,0.0
9.00371,3.10128,0.0
9.00371,3.20132,0.0
9.00371,3.30136,0.0
9.00371,3.4014,0.0
9.00371,3.50144,0.0
9.00371,3.60148,0.0
9.00371,3.70152,0.0
9.00371,3.80157,0.0
9.10375,-3.60148,0.0
9.10375,-3.50144,0.0
9.10375,-3.4014,0.0
9.10375,-3.30136,0.0
9.10375,-3.20132,0.0
9.10375,-3.10128,0.0
9.10375,-3.00124,0.0
9.10375,-2.9012,0.0
9.10375,-2.80115,0.0
9.10375,-2.70111,0.0
9.10375,-2.60107,0.0
9.10375,-2.50103,0.0
9.10375,-2.40099,0.0
9.10375,-2.30095,0.0
9.10375,-2.20091,0.0
9.10375,-2.10087,0.0
9.10375,-2.00082,0.0
9.10375,-1.90078,0.0
9.10375,-1.80074,0.0
9.10375,-1.7007,0.0
9.10375,-1.60066,0.0
9.10375,-1.50062,0.0
9.10375,-1.40058,0.0
9.10375,-1.30054,0.0
9.10375,-1.20049,0.0
9.10375,-1.10045,0.0
9.10375,-1.00041,0.0
9.10375,-0.90037,0.0
9.10375,-0.80033,0.0
9.10375,-0.70029,0.0
9.10375,-0.60025,0.0
9.10375,-0.50021,0.0
9.10375,-0.40016,0.0
9.10375,-0.30012,0.0
9.10375,-0.20008,0.0
9.10375,-0.10004,0.0
9.10375,0,0.0
9.10375,0.10004,0.0
9.10375,0.20008,0.0
9.10375,0.30012,0.0
9.10375,0.40016,0.0
9.10375,0.50021,0.0
9.10375,0.60025,0.0
9.10375,0.70029,0.0
9.10375,0.80033,0.0
9.10375,0.90037,0.0
9.10375,1.00041,0.0
9.10375,1.10045,0.0
9.10375,1.20049,0.0
9.10375,1.30054,0.0
9.10375,1.40058,0.0
9.10375,1.50062,0.0
9.10375,1.60066,0.0
9.10375,1.7007,0.0
9.10375,1.80074,0.0
9.10375,1.90078,0.0
9.10375,2.00082,0.0
9.10375,2.10087,0.0
9.10375,2.20091,0.0
9.10375,2.30095,0.0
9.10375,2.40099,0.0
9.10375,2.50103,0.0
9.10375,2.60107,0.0
9.10375,2.70111,0.0
9.10375,2.80115,0.0
9.10375,2.9012,0.0
9.10375,3.00124,0.0
9.10375,3.10128,0.0
9.10375,3.20132,0.0
9.10375,3.30136,0.0
9.10375,3.4014,0.0
9.10375,3.50144,0.0
9.10375,3.60148,0.0
9.20379,-3.30136,0.0
9.20379,-3.20132,0.0
9.20379,-3.10128,0.0
9.20379,-3.00124,0.0
9.20379,-2.9012,0.0
9.20379,-2.80115,0.0
9.20379,-2.70111,0.0
9.20379,-2.60107,0.0
9.20379,-2.50103,0.0
9.20379,-2.40099,0.0
9.20379,-2.30095,0.0
9.20379,-2.20091,0.0
9.20379,-2.10087,0.0
9.20379,-2.00082,0.0
9.20379,-1.90078,0.0
9.20379,-1.80074,0.0
9.20379,-1.7007,0.0
9.20379,-1.60066,0.0
9.20379,-1.50062,0.0
9.20379,-1.40058,0.0
9.20379,-1.30054,0.0
9.20379,-1.20049,0.0
9.20379,-1.10045,0.0
9.20379,-1.00041,0.0
9.20379,-0.90037,0.0
9.20379,-0.80033,0.0
9.20379,-0.70029,0.0
9.20379,-0.60025,0.0
9.20379,-0.50021,0.0
9.20379,-0.40016,0.0
9.20379,-0.30012,0.0
9.20379,-0.20008,0.0
9.20379,-0.10004,0.0
9.20379,0,0.0
9.20379,0.10004,0.0
9.20379,0.20008,0.0
9.20379,0.30012,0.0
9.20379,0.40016,0.0
9.20379,0.50021,0.0
9.20379,0.60025,0.0
9.20379,0.70029,0.0
9.20379,0.80033,0.0
9.20379,0.90037,0.0
9.20379,1.00041,0.0
9.20379,1.10045,0.0
9.20379,1.20049,0.0
9.20379,1.30054,0.0
9.20379,1.40058,0.0
9.20379,1.50062,0.0
9.20379,1.60066,0.0
9.20379,1.7007,0.0
9.20379,1.80074,0.0
9.20379,1.90078,0.0
9.20379,2.00082,0.0
9.20379,2.10087,0.0
9.20379,2.20091,0.0
9.20379,2.30095,0.0
9.20379,2.40099,0.0
9.20379,2.50103,0.0
9.20379,2.60107,0.0
9.20379,2.70111,0.0
9.20379,2.80115,0.0
9.20379,2.9012,0.0
9.20379,3.00124,0.0
9.20379,3.10128,0.0
9.20379,3.20132,0.0
9.20379,3.30136,0.0
9.30383,-3.00124,0.0
9.30383,-2.9012,0.0
9.30383,-2.80115,0.0
9.30383,-2.70111,0.0
9.30383,-2.60107,0.0
9.30383,-2.50103,0.0
9.30383,-2.40099,0.0
9.30383,-2.30095,0.0
9.30383,-2.20091,0.0
9.30383,-2.10087,0.0
9.30383,-2.00082,0.0
9.30383,-1.90078,0.0
9.30383,-1.80074,0.0
9.30383,-1.7007,0.0
9.30383,-1.60066,0.0
9.30383,-1.50062,0.0
9.30383,-1.40058,0.0
9.30383,-1.30054,0.0
9.30383,-1.20049,0.0
9.30383,-1.10045,0.0
9.30383,-1.00041,0.0
9.30383,-0.90037,0.0
9.30383,-0.80033,0.0
9.30383,-0.70029,0.0
9.30383,-0.60025,0.0
9.30383,-0.50021,0.0
9.30383,-0.40016,0.0
9.30383,-0.30012,0.0
9.30383,-0.20008,0.0
9.30383,-0.10004,0.0
9.30383,0,0.0
9.30383,0.10004,0.0
9.30383,0.20008,0.0
9.30383,0.30012,0.0
9.30383,0.40016,0.0
9.30383,0.50021,0.0
9.30383,0.60025,0.0
9.30383,0.70029,0.0
9.30383,0.80033,0.0
9.30383,0.90037,0.0
9.30383,1.00041,0.0
9.30383,1.10045,0.0
9.30383,1.20049,0.0
9.30383,1.30054,0.0
9.30383,1.40058,0.0
9.30383,1.50062,0.0
9.30383,1.60066,0.0
9.30383,1.7007,0.0
9.30383,1.80074,0.0
9.30383,1.90078,0.0
9.30383,2.00082,0.0
9.30383,2.10087,0.0
9.30383,2.20091,0.0
9.30383,2.30095,0.0
9.30383,2.40099,0.0
9.30383,2.50103,0.0
9.30383,2.60107,0.0
9.30383,2.70111,0.0
9.30383,2.80115,0.0
9.30383,2.9012,0.0
9.30383,3.00124,0.0
9.40387,-2.70111,0.0
9.40387,-2.60107,0.0
9.40387,-2.50103,0.0
9.40387,-2.40099,0.0
9.40387,-2.30095,0.0
9.40387,-2.20091,0.0
9.40387,-2.10087,0.0
9.40387,-2.00082,0.0
9.40387,-1.90078,0.0
9.40387,-1.80074,0.0
9.40387,-1.7007,0.0
9.40387,-1.60066,0.0
9.40387,-1.50062,0.0
9.40387,-1.40058,0.0
9.40387,-1.30054,0.0
9.40387,-1.20049,0.0
9.40387,-1.10045,0.0
9.40387,-1.00041,0.0
9.40387,-0.90037,0.0
9.40387,-0.80033,0.0
9.40387,-0.70029,0.0
9.40387,-0.60025,0.0
9.40387,-0.50021,0.0
9.40387,-0.40016,0.0
9.40387,-0.30012,0.0
9.40387,-0.20008,0.0
9.40387,-0.10004,0.0
9.40387,0,0.0
9.40387,0.10004,0.0
9.40387,0.20008,0.0
9.40387,0.30012,0.0
9.40387,0.40016,0.0
9.40387,0.50021,0.0
9.40387,0.60025,0.0
9.40387,0.70029,0.0
9.40387,0.80033,0.0
9.40387,0.90037,0.0
9.40387,1.00041,0.0
9.40387,1.10045,0.0
9.40387,1.20049,0.0
9.40387,1.30054,0.0
9.40387,1.40058,0.0
9.40387,1.50062,0.0
9.40387,1.60066,0.0
9.40387,1.7007,0.0
9.40387,1.80074,0.0
9.40387,1.90078,0.0
9.40387,2.00082,0.0
9.40387,2.10087,0.0
9.40387,2.20091,0.0
9.40387,2.30095,0.0
9.40387,2.40099,0.0
9.40387,2.50103,0.0
9.40387,2.60107,0.0
9.40387,2.70111,0.0
9.50392,-2.30095,0.0
9.50392,-2.20091,0.0
9.50392,-2.10087,0.0
9.50392,-2.00082,0.0
9.50392,-1.90078,0.0
9.50392,-1.80074,0.0
9.50392,-1.7007,0.0
9.50392,-1.60066,0.0
9.50392,-1.50062,0.0
9.50392,-1.40058,0.0
9.50392,-1.30054,0.0
9.50392,-1.20049,0.0
9.50392,-1.10045,0.0
9.50392,-1.00041,0.0
9.50392,-0.90037,0.0
9.50392,-0.80033,0.0
9.50392,-0.70029,0.0
9.50392,-0.60025,0.0
9.50392,-0.50021,0.0
9.50392,-0.40016,0.0
9.50392,-0.30012,0.0
9.50392,-0.20008,0.0
9.50392,-0.10004,0.0
9.50392,0,0.0
9.50392,0.10004,0.0
9.50392,0.20008,0.0
9.50392,0.30012,0.0
9.50392,0.40016,0.0
9.50392,0.50021,0.0
9.50392,0.60025,0.0
9.50392,0.70029,0.0
9.50392,0.80033,0.0
9.50392,0.90037,0.0
9.50392,1.00041,0.0
9.50392,1.10045,0.0
9.50392,1.20049,0.0
9.50392,1.30054,0.0
9.50392,1.40058,0.0
9.50392,1.50062,0.0
9.50392,1.60066,0.0
9.50392,1.7007,0.0
9.50392,1.80074,0.0
9.50392,1.90078,0.0
9.50392,2.00082,0.0
9.50392,2.10087,0.0
9.50392,2.20091,0.0
9.50392,2.30095,0.0
9.60396,-1.90078,0.0
9.60396,-1.80074,0.0
9.60396,-1.7007,0.0
9.60396,-1.60066,0.0
9.60396,-1.50062,0.0
9.60396,-1.40058,0.0
9.60396,-1.30054,0.0
9.60396,-1.20049,0.0
9.60396,-1.10045,0.0
9.60396,-1.00041,0.0
9.60396,-0.90037,0.0
9.60396,-0.80033,0.0
9.60396,-0.70029,0.0
9.60396,-0.60025,0.0
9.60396,-0.50021,0.0
9.60396,-0.40016,0.0
9.60396,-0.30012,0.0
9.60396,-0.20008,0.0
9.60396,-0.10004,0.0
9.60396,0,0.0
9.60396,0.10004,0.0
9.60396,0.20008,0.0
9.60396,0.30012,0.0
9.60396,0.40016,0.0
9.60396,0.50021,0.0
9.60396,0.60025,0.0
9.60396,0.70029,0.0
9.60396,0.80033,0.0
9.60396,0.90037,0.0
9.60396,1.00041,0.0
9.60396,1.10045,0.0
9.60396,1.20049,0.0
9.60396,1.30054,0.0
9.60396,1.40058,0.0
9.60396,1.50062,0.0
9.60396,1.60066,0.0
9.60396,1.7007,0.0
9.60396,1.80074,0.0
9.60396,1.90078,0.0
9.704,-1.30054,0.0
9.704,-1.20049,0.0
9.704,-1.10045,0.0
9.704,-1.00041,0.0
9.704,-0.90037,0.0
9.704,-0.80033,0.0
9.704,-0.70029,0.0
9.704,-0.60025,0.0
9.704,-0.50021,0.0
9.704,-0.40016,0.0
9.704,-0.30012,0.0
9.704,-0.20008,0.0
9.704,-0.10004,0.0
9.704,0,0.0
9.704,0.10004,0.0
9.704,0.20008,0.0
9.704,0.30012,0.0
9.704,0.40016,0.0
9.704,0.50021,0.0
9.704,0.60025,0.0
9.704,0.70029,0.0
9.704,0.80033,0.0
9.704,0.90037,0.0
9.704,1.00041,0.0
9.704,1.10045,0.0
9.704,1.20049,0.0
9.704,1.30054,0.0
