x,y,theta
-4.7853,-0.79003,0.0
-4.7853,-0.76745,0.0
-4.7853,-0.74488,0.0
-4.7853,-0.72231,0.0
-4.7853,-0.69974,0.0
-4.7853,-0.67717,0.0
-4.7853,-0.65459,0.0
-4.7853,-0.63202,0.0
-4.7853,-0.60945,0.0
-4.7853,-0.58688,0.0
-4.7853,-0.5643,0.0
-4.7853,-0.54173,0.0
-4.7853,-0.51916,0.0
-4.7853,-0.49659,0.0
-4.7853,-0.47402,0.0
-4.7853,-0.45144,0.0
-4.7853,-0.42887,0.0
-4.7853,-0.4063,0.0
-4.7853,-0.38373,0.0
-4.7853,-0.36115,0.0
-4.7853,-0.33858,0.0
-4.7853,-0.31601,0.0
-4.7853,-0.29344,0.0
-4.7853,-0.27087,0.0
-4.7853,-0.24829,0.0
-4.7853,-0.22572,0.0
-4.7853,-0.20315,0.0
-4.7853,-0.18058,0.0
-4.7853,-0.15801,0.0
-4.7853,-0.13543,0.0
-4.7853,-0.11286,0.0
-4.7853,-0.09029,0.0
-4.7853,-0.06772,0.0
-4.7853,-0.04514,0.0
-4.7853,-0.02257,0.0
-4.7853,0,0.0
-4.7853,0.02257,0.0
-4.7853,0.04514,0.0
-4.7853,0.06772,0.0
-4.7853,0.09029,0.0
-4.7853,0.11286,0.0
-4.7853,0.13543,0.0
-4.7853,0.15801,0.0
-4.7853,0.18058,0.0
-4.7853,0.20315,0.0
-4.7853,0.22572,0.0
-4.7853,0.24829,0.0
-4.7853,0.27087,0.0
-4.7853,0.29344,0.0
-4.7853,0.31601,0.0
-4.7853,0.33858,0.0
-4.7853,0.36115,0.0
-4.7853,0.38373,0.0
-4.7853,0.4063,0.0
-4.7853,0.42887,0.0
-4.7853,0.45144,0.0
-4.7853,0.47402,0.0
-4.7853,0.49659,0.0
-4.7853,0.51916,0.0
-4.7853,0.54173,0.0
-4.7853,0.5643,0.0
-4.7853,0.58688,0.0
-4.7853,0.60945,0.0
-4.7853,0.63202,0.0
-4.7853,0.65459,0.0
-4.7853,0.67717,0.0
-4.7853,0.69974,0.0
-4.7853,0.72231,0.0
-4.7853,0.74488,0.0
-4.7853,0.76745,0.0
-4.7853,0.79003,0.0
-4.76273,-0.79003,0.0
-4.76273,-0.76745,0.0
-4.76273,-0.74488,0.0
-4.76273,-0.72231,0.0
-4.76273,-0.69974,0.0
-4.76273,-0.67717,0.0
-4.76273,-0.65459,0.0
-4.76273,-0.63202,0.0
-4.76273,-0.60945,0.0
-4.76273,-0.58688,0.0
-4.76273,-0.5643,0.0
-4.76273,-0.54173,0.0
-4.76273,-0.51916,0.0
-4.76273,-0.49659,0.0
-4.76273,-0.47402,0.0
-4.76273,-0.45144,0.0
-4.76273,-0.42887,0.0
-4.76273,-0.4063,0.0
-4.76273,-0.38373,0.0
-4.76273,-0.36115,0.0
-4.76273,-0.33858,0.0
-4.76273,-0.31601,0.0
-4.76273,-0.29344,0.0
-4.76273,-0.27087,0.0
-4.76273,-0.24829,0.0
-4.76273,-0.22572,0.0
-4.76273,-0.20315,0.0
-4.76273,-0.18058,0.0
-4.76273,-0.15801,0.0
-4.76273,-0.13543,0.0
-4.76273,-0.11286,0.0
-4.76273,-0.09029,0.0
-4.76273,-0.06772,0.0
-4.76273,-0.04514,0.0
-4.76273,-0.02257,0.0
-4.76273,0,0.0
-4.76273,0.02257,0.0
-4.76273,0.04514,0.0
-4.76273,0.06772,0.0
-4.76273,0.09029,0.0
-4.76273,0.11286,0.0
-4.76273,0.13543,0.0
-4.76273,0.15801,0.0
-4.76273,0.18058,0.0
-4.76273,0.20315,0.0
-4.76273,0.22572,0.0
-4.76273,0.24829,0.0
-4.76273,0.27087,0.0
-4.76273,0.29344,0.0
-4.76273,0.31601,0.0
-4.76273,0.33858,0.0
-4.76273,0.36115,0.0
-4.76273,0.38373,0.0
-4.76273,0.4063,0.0
-4.76273,0.42887,0.0
-4.76273,0.45144,0.0
-4.76273,0.47402,0.0
-4.76273,0.49659,0.0
-4.76273,0.51916,0.0
-4.76273,0.54173,0.0
-4.76273,0.5643,0.0
-4.76273,0.58688,0.0
-4.76273,0.60945,0.0
-4.76273,0.63202,0.0
-4.76273,0.65459,0.0
-4.76273,0.67717,0.0
-4.76273,0.69974,0.0
-4.76273,0.72231,0.0
-4.76273,0.74488,0.0
-4.76273,0.76745,0.0
-4.76273,0.79003,0.0
-4.74016,-0.79003,0.0
-4.74016,-0.76745,0.0
-4.74016,-0.74488,0.0
-4.74016,-0.72231,0.0
-4.74016,-0.69974,0.0
-4.74016,-0.67717,0.0
-4.74016,-0.65459,0.0
-4.74016,-0.63202,0.0
-4.74016,-0.60945,0.0
-4.74016,-0.58688,0.0
-4.74016,-0.5643,0.0
-4.74016,-0.54173,0.0
-4.74016,-0.51916,0.0
-4.74016,-0.49659,0.0
-4.74016,-0.47402,0.0
-4.74016,-0.45144,0.0
-4.74016,-0.42887,0.0
-4.74016,-0.4063,0.0
-4.74016,-0.38373,0.0
-4.74016,-0.36115,0.0
-4.74016,-0.33858,0.0
-4.74016,-0.31601,0.0
-4.74016,-0.29344,0.0
-4.74016,-0.27087,0.0
-4.74016,-0.24829,0.0
-4.74016,-0.22572,0.0
-4.74016,-0.20315,0.0
-4.74016,-0.18058,0.0
-4.74016,-0.15801,0.0
-4.74016,-0.13543,0.0
-4.74016,-0.11286,0.0
-4.74016,-0.09029,0.0
-4.74016,-0.06772,0.0
-4.74016,-0.04514,0.0
-4.74016,-0.02257,0.0
-4.74016,0,0.0
-4.74016,0.02257,0.0
-4.74016,0.04514,0.0
-4.74016,0.06772,0.0
-4.74016,0.09029,0.0
-4.74016,0.11286,0.0
-4.74016,0.13543,0.0
-4.74016,0.15801,0.0
-4.74016,0.18058,0.0
-4.74016,0.20315,0.0
-4.74016,0.22572,0.0
-4.74016,0.24829,0.0
-4.74016,0.27087,0.0
-4.74016,0.29344,0.0
-4.74016,0.31601,0.0
-4.74016,0.33858,0.0
-4.74016,0.36115,0.0
-4.74016,0.38373,0.0
-4.74016,0.4063,0.0
-4.74016,0.42887,0.0
-4.74016,0.45144,0.0
-4.74016,0.47402,0.0
-4.74016,0.49659,0.0
-4.74016,0.51916,0.0
-4.74016,0.54173,0.0
-4.74016,0.5643,0.0
-4.74016,0.58688,0.0
-4.74016,0.60945,0.0
-4.74016,0.63202,0.0
-4.74016,0.65459,0.0
-4.74016,0.67717,0.0
-4.74016,0.69974,0.0
-4.74016,0.72231,0.0
-4.74016,0.74488,0.0
-4.74016,0.76745,0.0
-4.74016,0.79003,0.0
-4.71759,-0.79003,0.0
-4.71759,-0.76745,0.0
-4.71759,-0.74488,0.0
-4.71759,-0.72231,0.0
-4.71759,-0.69974,0.0
-4.71759,-0.67717,0.0
-4.71759,-0.65459,0.0
-4.71759,-0.63202,0.0
-4.71759,-0.60945,0.0
-4.71759,-0.58688,0.0
-4.71759,-0.5643,0.0
-4.71759,-0.54173,0.0
-4.71759,-0.51916,0.0
-4.71759,-0.49659,0.0
-4.71759,-0.47402,0.0
-4.71759,-0.45144,0.0
-4.71759,-0.42887,0.0
-4.71759,-0.4063,0.0
-4.71759,-0.38373,0.0
-4.71759,-0.36115,0.0
-4.71759,-0.33858,0.0
-4.71759,-0.31601,0.0
-4.71759,-0.29344,0.0
-4.71759,-0.27087,0.0
-4.71759,-0.24829,0.0
-4.71759,-0.22572,0.0
-4.71759,-0.20315,0.0
-4.71759,-0.18058,0.0
-4.71759,-0.15801,0.0
-4.71759,-0.13543,0.0
-4.71759,-0.11286,0.0
-4.71759,-0.09029,0.0
-4.71759,-0.06772,0.0
-4.71759,-0.04514,0.0
-4.71759,-0.02257,0.0
-4.71759,0,0.0
-4.71759,0.02257,0.0
-4.71759,0.04514,0.0
-4.71759,0.06772,0.0
-4.71759,0.09029,0.0
-4.71759,0.11286,0.0
-4.71759,0.13543,0.0
-4.71759,0.15801,0.0
-4.71759,0.18058,0.0
-4.71759,0.20315,0.0
-4.71759,0.22572,0.0
-4.71759,0.24829,0.0
-4.71759,0.27087,0.0
-4.71759,0.29344,0.0
-4.71759,0.31601,0.0
-4.71759,0.33858,0.0
-4.71759,0.36115,0.0
-4.71759,0.38373,0.0
-4.71759,0.4063,0.0
-4.71759,0.42887,0.0
-4.71759,0.45144,0.0
-4.71759,0.47402,0.0
-4.71759,0.49659,0.0
-4.71759,0.51916,0.0
-4.71759,0.54173,0.0
-4.71759,0.5643,0.0
-4.71759,0.58688,0.0
-4.71759,0.60945,0.0
-4.71759,0.63202,0.0
-4.71759,0.65459,0.0
-4.71759,0.67717,0.0
-4.71759,0.69974,0.0
-4.71759,0.72231,0.0
-4.71759,0.74488,0.0
-4.71759,0.76745,0.0
-4.71759,0.79003,0.0
-4.69501,-0.79003,0.0
-4.69501,-0.76745,0.0
-4.69501,-0.74488,0.0
-4.69501,-0.72231,0.0
-4.69501,-0.69974,0.0
-4.69501,-0.67717,0.0
-4.69501,-0.65459,0.0
-4.69501,-0.63202,0.0
-4.69501,-0.60945,0.0
-4.69501,-0.58688,0.0
-4.69501,-0.5643,0.0
-4.69501,-0.54173,0.0
-4.69501,-0.51916,0.0
-4.69501,-0.49659,0.0
-4.69501,-0.47402,0.0
-4.69501,-0.45144,0.0
-4.69501,-0.42887,0.0
-4.69501,-0.4063,0.0
-4.69501,-0.38373,0.0
-4.69501,-0.36115,0.0
-4.69501,-0.33858,0.0
-4.69501,-0.31601,0.0
-4.69501,-0.29344,0.0
-4.69501,-0.27087,0.0
-4.69501,-0.24829,0.0
-4.69501,-0.22572,0.0
-4.69501,-0.20315,0.0
-4.69501,-0.18058,0.0
-4.69501,-0.15801,0.0
-4.69501,-0.13543,0.0
-4.69501,-0.11286,0.0
-4.69501,-0.09029,0.0
-4.69501,-0.06772,0.0
-4.69501,-0.04514,0.0
-4.69501,-0.02257,0.0
-4.69501,0,0.0
-4.69501,0.02257,0.0
-4.69501,0.04514,0.0
-4.69501,0.06772,0.0
-4.69501,0.09029,0.0
-4.69501,0.11286,0.0
-4.69501,0.13543,0.0
-4.69501,0.15801,0.0
-4.69501,0.18058,0.0
-4.69501,0.20315,0.0
-4.69501,0.22572,0.0
-4.69501,0.24829,0.0
-4.69501,0.27087,0.0
-4.69501,0.29344,0.0
-4.69501,0.31601,0.0
-4.69501,0.33858,0.0
-4.69501,0.36115,0.0
-4.69501,0.38373,0.0
-4.69501,0.4063,0.0
-4.69501,0.42887,0.0
-4.69501,0.45144,0.0
-4.69501,0.47402,0.0
-4.69501,0.49659,0.0
-4.69501,0.51916,0.0
-4.69501,0.54173,0.0
-4.69501,0.5643,0.0
-4.69501,0.58688,0.0
-4.69501,0.60945,0.0
-4.69501,0.63202,0.0
-4.69501,0.65459,0.0
-4.69501,0.67717,0.0
-4.69501,0.69974,0.0
-4.69501,0.72231,0.0
-4.69501,0.74488,0.0
-4.69501,0.76745,0.0
-4.69501,0.79003,0.0
-4.67244,-0.79003,0.0
-4.67244,-0.76745,0.0
-4.67244,-0.74488,0.0
-4.67244,-0.72231,0.0
-4.67244,-0.69974,0.0
-4.67244,-0.67717,0.0
-4.67244,-0.65459,0.0
-4.67244,-0.63202,0.0
-4.67244,-0.60945,0.0
-4.67244,-0.58688,0.0
-4.67244,-0.5643,0.0
-4.67244,-0.54173,0.0
-4.67244,-0.51916,0.0
-4.67244,-0.49659,0.0
-4.67244,-0.47402,0.0
-4.67244,-0.45144,0.0
-4.67244,-0.42887,0.0
-4.67244,-0.4063,0.0
-4.67244,-0.38373,0.0
-4.67244,-0.36115,0.0
-4.67244,-0.33858,0.0
-4.67244,-0.31601,0.0
-4.67244,-0.29344,0.0
-4.67244,-0.27087,0.0
-4.67244,-0.24829,0.0
-4.67244,-0.22572,0.0
-4.67244,-0.20315,0.0
-4.67244,-0.18058,0.0
-4.67244,-0.15801,0.0
-4.67244,-0.13543,0.0
-4.67244,-0.11286,0.0
-4.67244,-0.09029,0.0
-4.67244,-0.06772,0.0
-4.67244,-0.04514,0.0
-4.67244,-0.02257,0.0
-4.67244,0,0.0
-4.67244,0.02257,0.0
-4.67244,0.04514,0.0
-4.67244,0.06772,0.0
-4.67244,0.09029,0.0
-4.67244,0.11286,0.0
-4.67244,0.13543,0.0
-4.67244,0.15801,0.0
-4.67244,0.18058,0.0
-4.67244,0.20315,0.0
-4.67244,0.22572,0.0
-4.67244,0.24829,0.0
-4.67244,0.27087,0.0
-4.67244,0.29344,0.0
-4.67244,0.31601,0.0
-4.67244,0.33858,0.0
-4.67244,0.36115,0.0
-4.67244,0.38373,0.0
-4.67244,0.4063,0.0
-4.67244,0.42887,0.0
-4.67244,0.45144,0.0
-4.67244,0.47402,0.0
-4.67244,0.49659,0.0
-4.67244,0.51916,0.0
-4.67244,0.54173,0.0
-4.67244,0.5643,0.0
-4.67244,0.58688,0.0
-4.67244,0.60945,0.0
-4.67244,0.63202,0.0
-4.67244,0.65459,0.0
-4.67244,0.67717,0.0
-4.67244,0.69974,0.0
-4.67244,0.72231,0.0
-4.67244,0.74488,0.0
-4.67244,0.76745,0.0
-4.67244,0.79003,0.0
-4.64987,-0.79003,0.0
-4.64987,-0.76745,0.0
-4.64987,-0.74488,0.0
-4.64987,-0.72231,0.0
-4.64987,-0.69974,0.0
-4.64987,-0.67717,0.0
-4.64987,-0.65459,0.0
-4.64987,-0.63202,0.0
-4.64987,-0.60945,0.0
-4.64987,-0.58688,0.0
-4.64987,-0.5643,0.0
-4.64987,-0.54173,0.0
-4.64987,-0.51916,0.0
-4.64987,-0.49659,0.0
-4.64987,-0.47402,0.0
-4.64987,-0.45144,0.0
-4.64987,-0.42887,0.0
-4.64987,-0.4063,0.0
-4.64987,-0.38373,0.0
-4.64987,-0.36115,0.0
-4.64987,-0.33858,0.0
-4.64987,-0.31601,0.0
-4.64987,-0.29344,0.0
-4.64987,-0.27087,0.0
-4.64987,-0.24829,0.0
-4.64987,-0.22572,0.0
-4.64987,-0.20315,0.0
-4.64987,-0.18058,0.0
-4.64987,-0.15801,0.0
-4.64987,-0.13543,0.0
-4.64987,-0.11286,0.0
-4.64987,-0.09029,0.0
-4.64987,-0.06772,0.0
-4.64987,-0.04514,0.0
-4.64987,-0.02257,0.0
-4.64987,0,0.0
-4.64987,0.02257,0.0
-4.64987,0.04514,0.0
-4.64987,0.06772,0.0
-4.64987,0.09029,0.0
-4.64987,0.11286,0.0
-4.64987,0.13543,0.0
-4.64987,0.15801,0.0
-4.64987,0.18058,0.0
-4.64987,0.20315,0.0
-4.64987,0.22572,0.0
-4.64987,0.24829,0.0
-4.64987,0.27087,0.0
-4.64987,0.29344,0.0
-4.64987,0.31601,0.0
-4.64987,0.33858,0.0
-4.64987,0.36115,0.0
-4.64987,0.38373,0.0
-4.64987,0.4063,0.0
-4.64987,0.42887,0.0
-4.64987,0.45144,0.0
-4.64987,0.47402,0.0
-4.64987,0.49659,0.0
-4.64987,0.51916,0.0
-4.64987,0.54173,0.0
-4.64987,0.5643,0.0
-4.64987,0.58688,0.0
-4.64987,0.60945,0.0
-4.64987,0.63202,0.0
-4.64987,0.65459,0.0
-4.64987,0.67717,0.0
-4.64987,0.69974,0.0
-4.64987,0.72231,0.0
-4.64987,0.74488,0.0
-4.64987,0.76745,0.0
-4.64987,0.79003,0.0
-4.6273,-0.79003,0.0
-4.6273,-0.76745,0.0
-4.6273,-0.74488,0.0
-4.6273,-0.72231,0.0
-4.6273,-0.69974,0.0
-4.6273,-0.67717,0.0
-4.6273,-0.65459,0.0
-4.6273,-0.63202,0.0
-4.6273,-0.60945,0.0
-4.6273,-0.58688,0.0
-4.6273,-0.5643,0.0
-4.6273,-0.54173,0.0
-4.6273,-0.51916,0.0
-4.6273,-0.49659,0.0
-4.6273,-0.47402,0.0
-4.6273,-0.45144,0.0
-4.6273,-0.42887,0.0
-4.6273,-0.4063,0.0
-4.6273,-0.38373,0.0
-4.6273,-0.36115,0.0
-4.6273,-0.33858,0.0
-4.6273,-0.31601,0.0
-4.6273,-0.29344,0.0
-4.6273,-0.27087,0.0
-4.6273,-0.24829,0.0
-4.6273,-0.22572,0.0
-4.6273,-0.20315,0.0
-4.6273,-0.18058,0.0
-4.6273,-0.15801,0.0
-4.6273,-0.13543,0.0
-4.6273,-0.11286,0.0
-4.6273,-0.09029,0.0
-4.6273,-0.06772,0.0
-4.6273,-0.04514,0.0
-4.6273,-0.02257,0.0
-4.6273,0,0.0
-4.6273,0.02257,0.0
-4.6273,0.04514,0.0
-4.6273,0.06772,0.0
-4.6273,0.09029,0.0
-4.6273,0.11286,0.0
-4.6273,0.13543,0.0
-4.6273,0.15801,0.0
-4.6273,0.18058,0.0
-4.6273,0.20315,0.0
-4.6273,0.22572,0.0
-4.6273,0.24829,0.0
-4.6273,0.27087,0.0
-4.6273,0.29344,0.0
-4.6273,0.31601,0.0
-4.6273,0.33858,0.0
-4.6273,0.36115,0.0
-4.6273,0.38373,0.0
-4.6273,0.4063,0.0
-4.6273,0.42887,0.0
-4.6273,0.45144,0.0
-4.6273,0.47402,0.0
-4.6273,0.49659,0.0
-4.6273,0.51916,0.0
-4.6273,0.54173,0.0
-4.6273,0.5643,0.0
-4.6273,0.58688,0.0
-4.6273,0.60945,0.0
-4.6273,0.63202,0.0
-4.6273,0.65459,0.0
-4.6273,0.67717,0.0
-4.6273,0.69974,0.0
-4.6273,0.72231,0.0
-4.6273,0.74488,0.0
-4.6273,0.76745,0.0
-4.6273,0.79003,0.0
-4.60473,-0.79003,0.0
-4.60473,-0.76745,0.0
-4.60473,-0.74488,0.0
-4.60473,-0.72231,0.0
-4.60473,-0.69974,0.0
-4.60473,-0.67717,0.0
-4.60473,-0.65459,0.0
-4.60473,-0.63202,0.0
-4.60473,-0.60945,0.0
-4.60473,-0.58688,0.0
-4.60473,-0.5643,0.0
-4.60473,-0.54173,0.0
-4.60473,-0.51916,0.0
-4.60473,-0.49659,0.0
-4.60473,-0.47402,0.0
-4.60473,-0.45144,0.0
-4.60473,-0.42887,0.0
-4.60473,-0.4063,0.0
-4.60473,-0.38373,0.0
-4.60473,-0.36115,0.0
-4.60473,-0.33858,0.0
-4.60473,-0.31601,0.0
-4.60473,-0.29344,0.0
-4.60473,-0.27087,0.0
-4.60473,-0.24829,0.0
-4.60473,-0.22572,0.0
-4.60473,-0.20315,0.0
-4.60473,-0.18058,0.0
-4.60473,-0.15801,0.0
-4.60473,-0.13543,0.0
-4.60473,-0.11286,0.0
-4.60473,-0.09029,0.0
-4.60473,-0.06772,0.0
-4.60473,-0.04514,0.0
-4.60473,-0.02257,0.0
-4.60473,0,0.0
-4.60473,0.02257,0.0
-4.60473,0.04514,0.0
-4.60473,0.06772,0.0
-4.60473,0.09029,0.0
-4.60473,0.11286,0.0
-4.60473,0.13543,0.0
-4.60473,0.15801,0.0
-4.60473,0.18058,0.0
-4.60473,0.20315,0.0
-4.60473,0.22572,0.0
-4.60473,0.24829,0.0
-4.60473,0.27087,0.0
-4.60473,0.29344,0.0
-4.60473,0.31601,0.0
-4.60473,0.33858,0.0
-4.60473,0.36115,0.0
-4.60473,0.38373,0.0
-4.60473,0.4063,0.0
-4.60473,0.42887,0.0
-4.60473,0.45144,0.0
-4.60473,0.47402,0.0
-4.60473,0.49659,0.0
-4.60473,0.51916,0.0
-4.60473,0.54173,0.0
-4.60473,0.5643,0.0
-4.60473,0.58688,0.0
-4.60473,0.60945,0.0
-4.60473,0.63202,0.0
-4.60473,0.65459,0.0
-4.60473,0.67717,0.0
-4.60473,0.69974,0.0
-4.60473,0.72231,0.0
-4.60473,0.74488,0.0
-4.60473,0.76745,0.0
-4.60473,0.79003,0.0
-4.58215,-0.79003,0.0
-4.58215,-0.76745,0.0
-4.58215,-0.74488,0.0
-4.58215,-0.72231,0.0
-4.58215,-0.69974,0.0
-4.58215,-0.67717,0.0
-4.58215,-0.65459,0.0
-4.58215,-0.63202,0.0
-4.58215,-0.60945,0.0
-4.58215,-0.58688,0.0
-4.58215,-0.5643,0.0
-4.58215,-0.54173,0.0
-4.58215,-0.51916,0.0
-4.58215,-0.49659,0.0
-4.58215,-0.47402,0.0
-4.58215,-0.45144,0.0
-4.58215,-0.42887,0.0
-4.58215,-0.4063,0.0
-4.58215,-0.38373,0.0
-4.58215,-0.36115,0.0
-4.58215,-0.33858,0.0
-4.58215,-0.31601,0.0
-4.58215,-0.29344,0.0
-4.58215,-0.27087,0.0
-4.58215,-0.24829,0.0
-4.58215,-0.22572,0.0
-4.58215,-0.20315,0.0
-4.58215,-0.18058,0.0
-4.58215,-0.15801,0.0
-4.58215,-0.13543,0.0
-4.58215,-0.11286,0.0
-4.58215,-0.09029,0.0
-4.58215,-0.06772,0.0
-4.58215,-0.04514,0.0
-4.58215,-0.02257,0.0
-4.58215,0,0.0
-4.58215,0.02257,0.0
-4.58215,0.04514,0.0
-4.58215,0.06772,0.0
-4.58215,0.09029,0.0
-4.58215,0.11286,0.0
-4.58215,0.13543,0.0
-4.58215,0.15801,0.0
-4.58215,0.18058,0.0
-4.58215,0.20315,0.0
-4.58215,0.22572,0.0
-4.58215,0.24829,0.0
-4.58215,0.27087,0.0
-4.58215,0.29344,0.0
-4.58215,0.31601,0.0
-4.58215,0.33858,0.0
-4.58215,0.36115,0.0
-4.58215,0.38373,0.0
-4.58215,0.4063,0.0
-4.58215,0.42887,0.0
-4.58215,0.45144,0.0
-4.58215,0.47402,0.0
-4.58215,0.49659,0.0
-4.58215,0.51916,0.0
-4.58215,0.54173,0.0
-4.58215,0.5643,0.0
-4.58215,0.58688,0.0
-4.58215,0.60945,0.0
-4.58215,0.63202,0.0
-4.58215,0.65459,0.0
-4.58215,0.67717,0.0
-4.58215,0.69974,0.0
-4.58215,0.72231,0.0
-4.58215,0.74488,0.0
-4.58215,0.76745,0.0
-4.58215,0.79003,0.0
-4.55958,-0.79003,0.0
-4.55958,-0.76745,0.0
-4.55958,-0.74488,0.0
-4.55958,-0.72231,0.0
-4.55958,-0.69974,0.0
-4.55958,-0.67717,0.0
-4.55958,-0.65459,0.0
-4.55958,-0.63202,0.0
-4.55958,-0.60945,0.0
-4.55958,-0.58688,0.0
-4.55958,-0.5643,0.0
-4.55958,-0.54173,0.0
-4.55958,-0.51916,0.0
-4.55958,-0.49659,0.0
-4.55958,-0.47402,0.0
-4.55958,-0.45144,0.0
-4.55958,-0.42887,0.0
-4.55958,-0.4063,0.0
-4.55958,-0.38373,0.0
-4.55958,-0.36115,0.0
-4.55958,-0.33858,0.0
-4.55958,-0.31601,0.0
-4.55958,-0.29344,0.0
-4.55958,-0.27087,0.0
-4.55958,-0.24829,0.0
-4.55958,-0.22572,0.0
-4.55958,-0.20315,0.0
-4.55958,-0.18058,0.0
-4.55958,-0.15801,0.0
-4.55958,-0.13543,0.0
-4.55958,-0.11286,0.0
-4.55958,-0.09029,0.0
-4.55958,-0.06772,0.0
-4.55958,-0.04514,0.0
-4.55958,-0.02257,0.0
-4.55958,0,0.0
-4.55958,0.02257,0.0
-4.55958,0.04514,0.0
-4.55958,0.06772,0.0
-4.55958,0.09029,0.0
-4.55958,0.11286,0.0
-4.55958,0.13543,0.0
-4.55958,0.15801,0.0
-4.55958,0.18058,0.0
-4.55958,0.20315,0.0
-4.55958,0.22572,0.0
-4.55958,0.24829,0.0
-4.55958,0.27087,0.0
-4.55958,0.29344,0.0
-4.55958,0.31601,0.0
-4.55958,0.33858,0.0
-4.55958,0.36115,0.0
-4.55958,0.38373,0.0
-4.55958,0.4063,0.0
-4.55958,0.42887,0.0
-4.55958,0.45144,0.0
-4.55958,0.47402,0.0
-4.55958,0.49659,0.0
-4.55958,0.51916,0.0
-4.55958,0.54173,0.0
-4.55958,0.5643,0.0
-4.55958,0.58688,0.0
-4.55958,0.60945,0.0
-4.55958,0.63202,0.0
-4.55958,0.65459,0.0
-4.55958,0.67717,0.0
-4.55958,0.69974,0.0
-4.55958,0.72231,0.0
-4.55958,0.74488,0.0
-4.55958,0.76745,0.0
-4.55958,0.79003,0.0
-4.53701,-0.79003,0.0
-4.53701,-0.76745,0.0
-4.53701,-0.74488,0.0
-4.53701,-0.72231,0.0
-4.53701,-0.69974,0.0
-4.53701,-0.67717,0.0
-4.53701,-0.65459,0.0
-4.53701,-0.63202,0.0
-4.53701,-0.60945,0.0
-4.53701,-0.58688,0.0
-4.53701,-0.5643,0.0
-4.53701,-0.54173,0.0
-4.53701,-0.51916,0.0
-4.53701,-0.49659,0.0
-4.53701,-0.47402,0.0
-4.53701,-0.45144,0.0
-4.53701,-0.42887,0.0
-4.53701,-0.4063,0.0
-4.53701,-0.38373,0.0
-4.53701,-0.36115,0.0
-4.53701,-0.33858,0.0
-4.53701,-0.31601,0.0
-4.53701,-0.29344,0.0
-4.53701,-0.27087,0.0
-4.53701,-0.24829,0.0
-4.53701,-0.22572,0.0
-4.53701,-0.20315,0.0
-4.53701,-0.18058,0.0
-4.53701,-0.15801,0.0
-4.53701,-0.13543,0.0
-4.53701,-0.11286,0.0
-4.53701,-0.09029,0.0
-4.53701,-0.06772,0.0
-4.53701,-0.04514,0.0
-4.53701,-0.02257,0.0
-4.53701,0,0.0
-4.53701,0.02257,0.0
-4.53701,0.04514,0.0
-4.53701,0.06772,0.0
-4.53701,0.09029,0.0
-4.53701,0.11286,0.0
-4.53701,0.13543,0.0
-4.53701,0.15801,0.0
-4.53701,0.18058,0.0
-4.53701,0.20315,0.0
-4.53701,0.22572,0.0
-4.53701,0.24829,0.0
-4.53701,0.27087,0.0
-4.53701,0.29344,0.0
-4.53701,0.31601,0.0
-4.53701,0.33858,0.0
-4.53701,0.36115,0.0
-4.53701,0.38373,0.0
-4.53701,0.4063,0.0
-4.53701,0.42887,0.0
-4.53701,0.45144,0.0
-4.53701,0.47402,0.0
-4.53701,0.49659,0.0
-4.53701,0.51916,0.0
-4.53701,0.54173,0.0
-4.53701,0.5643,0.0
-4.53701,0.58688,0.0
-4.53701,0.60945,0.0
-4.53701,0.63202,0.0
-4.53701,0.65459,0.0
-4.53701,0.67717,0.0
-4.53701,0.69974,0.0
-4.53701,0.72231,0.0
-4.53701,0.74488,0.0
-4.53701,0.76745,0.0
-4.53701,0.79003,0.0
-4.51444,-0.79003,0.0
-4.51444,-0.76745,0.0
-4.51444,-0.74488,0.0
-4.51444,-0.72231,0.0
-4.51444,-0.69974,0.0
-4.51444,-0.67717,0.0
-4.51444,-0.65459,0.0
-4.51444,-0.63202,0.0
-4.51444,-0.60945,0.0
-4.51444,-0.58688,0.0
-4.51444,-0.5643,0.0
-4.51444,-0.54173,0.0
-4.51444,-0.51916,0.0
-4.51444,-0.49659,0.0
-4.51444,-0.47402,0.0
-4.51444,-0.45144,0.0
-4.51444,-0.42887,0.0
-4.51444,-0.4063,0.0
-4.51444,-0.38373,0.0
-4.51444,-0.36115,0.0
-4.51444,-0.33858,0.0
-4.51444,-0.31601,0.0
-4.51444,-0.29344,0.0
-4.51444,-0.27087,0.0
-4.51444,-0.24829,0.0
-4.51444,-0.22572,0.0
-4.51444,-0.20315,0.0
-4.51444,-0.18058,0.0
-4.51444,-0.15801,0.0
-4.51444,-0.13543,0.0
-4.51444,-0.11286,0.0
-4.51444,-0.09029,0.0
-4.51444,-0.06772,0.0
-4.51444,-0.04514,0.0
-4.51444,-0.02257,0.0
-4.51444,0,0.0
-4.51444,0.02257,0.0
-4.51444,0.04514,0.0
-4.51444,0.06772,0.0
-4.51444,0.09029,0.0
-4.51444,0.11286,0.0
-4.51444,0.13543,0.0
-4.51444,0.15801,0.0
-4.51444,0.18058,0.0
-4.51444,0.20315,0.0
-4.51444,0.22572,0.0
-4.51444,0.24829,0.0
-4.51444,0.27087,0.0
-4.51444,0.29344,0.0
-4.51444,0.31601,0.0
-4.51444,0.33858,0.0
-4.51444,0.36115,0.0
-4.51444,0.38373,0.0
-4.51444,0.4063,0.0
-4.51444,0.42887,0.0
-4.51444,0.45144,0.0
-4.51444,0.47402,0.0
-4.51444,0.49659,0.0
-4.51444,0.51916,0.0
-4.51444,0.54173,0.0
-4.51444,0.5643,0.0
-4.51444,0.58688,0.0
-4.51444,0.60945,0.0
-4.51444,0.63202,0.0
-4.51444,0.65459,0.0
-4.51444,0.67717,0.0
-4.51444,0.69974,0.0
-4.51444,0.72231,0.0
-4.51444,0.74488,0.0
-4.51444,0.76745,0.0
-4.51444,0.79003,0.0
-4.49186,-0.79003,0.0
-4.49186,-0.76745,0.0
-4.49186,-0.74488,0.0
-4.49186,-0.72231,0.0
-4.49186,-0.69974,0.0
-4.49186,-0.67717,0.0
-4.49186,-0.65459,0.0
-4.49186,-0.63202,0.0
-4.49186,-0.60945,0.0
-4.49186,-0.58688,0.0
-4.49186,-0.5643,0.0
-4.49186,-0.54173,0.0
-4.49186,-0.51916,0.0
-4.49186,-0.49659,0.0
-4.49186,-0.47402,0.0
-4.49186,-0.45144,0.0
-4.49186,-0.42887,0.0
-4.49186,-0.4063,0.0
-4.49186,-0.38373,0.0
-4.49186,-0.36115,0.0
-4.49186,-0.33858,0.0
-4.49186,-0.31601,0.0
-4.49186,-0.29344,0.0
-4.49186,-0.27087,0.0
-4.49186,-0.24829,0.0
-4.49186,-0.22572,0.0
-4.49186,-0.20315,0.0
-4.49186,-0.18058,0.0
-4.49186,-0.15801,0.0
-4.49186,-0.13543,0.0
-4.49186,-0.11286,0.0
-4.49186,-0.09029,0.0
-4.49186,-0.06772,0.0
-4.49186,-0.04514,0.0
-4.49186,-0.02257,0.0
-4.49186,0,0.0
-4.49186,0.02257,0.0
-4.49186,0.04514,0.0
-4.49186,0.06772,0.0
-4.49186,0.09029,0.0
-4.49186,0.11286,0.0
-4.49186,0.13543,0.0
-4.49186,0.15801,0.0
-4.49186,0.18058,0.0
-4.49186,0.20315,0.0
-4.49186,0.22572,0.0
-4.49186,0.24829,0.0
-4.49186,0.27087,0.0
-4.49186,0.29344,0.0
-4.49186,0.31601,0.0
-4.49186,0.33858,0.0
-4.49186,0.36115,0.0
-4.49186,0.38373,0.0
-4.49186,0.4063,0.0
-4.49186,0.42887,0.0
-4.49186,0.45144,0.0
-4.49186,0.47402,0.0
-4.49186,0.49659,0.0
-4.49186,0.51916,0.0
-4.49186,0.54173,0.0
-4.49186,0.5643,0.0
-4.49186,0.58688,0.0
-4.49186,0.60945,0.0
-4.49186,0.63202,0.0
-4.49186,0.65459,0.0
-4.49186,0.67717,0.0
-4.49186,0.69974,0.0
-4.49186,0.72231,0.0
-4.49186,0.74488,0.0
-4.49186,0.76745,0.0
-4.49186,0.79003,0.0
-4.46929,-0.79003,0.0
-4.46929,-0.76745,0.0
-4.46929,-0.74488,0.0
-4.46929,-0.72231,0.0
-4.46929,-0.69974,0.0
-4.46929,-0.67717,0.0
-4.46929,-0.65459,0.0
-4.46929,-0.63202,0.0
-4.46929,-0.60945,0.0
-4.46929,-0.58688,0.0
-4.46929,-0.5643,0.0
-4.46929,-0.54173,0.0
-4.46929,-0.51916,0.0
-4.46929,-0.49659,0.0
-4.46929,-0.47402,0.0
-4.46929,-0.45144,0.0
-4.46929,-0.42887,0.0
-4.46929,-0.4063,0.0
-4.46929,-0.38373,0.0
-4.46929,-0.36115,0.0
-4.46929,-0.33858,0.0
-4.46929,-0.31601,0.0
-4.46929,-0.29344,0.0
-4.46929,-0.27087,0.0
-4.46929,-0.24829,0.0
-4.46929,-0.22572,0.0
-4.46929,-0.20315,0.0
-4.46929,-0.18058,0.0
-4.46929,-0.15801,0.0
-4.46929,-0.13543,0.0
-4.46929,-0.11286,0.0
-4.46929,-0.09029,0.0
-4.46929,-0.06772,0.0
-4.46929,-0.04514,0.0
-4.46929,-0.02257,0.0
-4.46929,0,0.0
-4.46929,0.02257,0.0
-4.46929,0.04514,0.0
-4.46929,0.06772,0.0
-4.46929,0.09029,0.0
-4.46929,0.11286,0.0
-4.46929,0.13543,0.0
-4.46929,0.15801,0.0
-4.46929,0.18058,0.0
-4.46929,0.20315,0.0
-4.46929,0.22572,0.0
-4.46929,0.24829,0.0
-4.46929,0.27087,0.0
-4.46929,0.29344,0.0
-4.46929,0.31601,0.0
-4.46929,0.33858,0.0
-4.46929,0.36115,0.0
-4.46929,0.38373,0.0
-4.46929,0.4063,0.0
-4.46929,0.42887,0.0
-4.46929,0.45144,0.0
-4.46929,0.47402,0.0
-4.46929,0.49659,0.0
-4.46929,0.51916,0.0
-4.46929,0.54173,0.0
-4.46929,0.5643,0.0
-4.46929,0.58688,0.0
-4.46929,0.60945,0.0
-4.46929,0.63202,0.0
-4.46929,0.65459,0.0
-4.46929,0.67717,0.0
-4.46929,0.69974,0.0
-4.46929,0.72231,0.0
-4.46929,0.74488,0.0
-4.46929,0.76745,0.0
-4.46929,0.79003,0.0
-4.44672,-0.79003,0.0
-4.44672,-0.76745,0.0
-4.44672,-0.74488,0.0
-4.44672,-0.72231,0.0
-4.44672,-0.69974,0.0
-4.44672,-0.67717,0.0
-4.44672,-0.65459,0.0
-4.44672,-0.63202,0.0
-4.44672,-0.60945,0.0
-4.44672,-0.58688,0.0
-4.44672,-0.5643,0.0
-4.44672,-0.54173,0.0
-4.44672,-0.51916,0.0
-4.44672,-0.49659,0.0
-4.44672,-0.47402,0.0
-4.44672,-0.45144,0.0
-4.44672,-0.42887,0.0
-4.44672,-0.4063,0.0
-4.44672,-0.38373,0.0
-4.44672,-0.36115,0.0
-4.44672,-0.33858,0.0
-4.44672,-0.31601,0.0
-4.44672,-0.29344,0.0
-4.44672,-0.27087,0.0
-4.44672,-0.24829,0.0
-4.44672,-0.22572,0.0
-4.44672,-0.20315,0.0
-4.44672,-0.18058,0.0
-4.44672,-0.15801,0.0
-4.44672,-0.13543,0.0
-4.44672,-0.11286,0.0
-4.44672,-0.09029,0.0
-4.44672,-0.06772,0.0
-4.44672,-0.04514,0.0
-4.44672,-0.02257,0.0
-4.44672,0,0.0
-4.44672,0.02257,0.0
-4.44672,0.04514,0.0
-4.44672,0.06772,0.0
-4.44672,0.09029,0.0
-4.44672,0.11286,0.0
-4.44672,0.13543,0.0
-4.44672,0.15801,0.0
-4.44672,0.18058,0.0
-4.44672,0.20315,0.0
-4.44672,0.22572,0.0
-4.44672,0.24829,0.0
-4.44672,0.27087,0.0
-4.44672,0.29344,0.0
-4.44672,0.31601,0.0
-4.44672,0.33858,0.0
-4.44672,0.36115,0.0
-4.44672,0.38373,0.0
-4.44672,0.4063,0.0
-4.44672,0.42887,0.0
-4.44672,0.45144,0.0
-4.44672,0.47402,0.0
-4.44672,0.49659,0.0
-4.44672,0.51916,0.0
-4.44672,0.54173,0.0
-4.44672,0.5643,0.0
-4.44672,0.58688,0.0
-4.44672,0.60945,0.0
-4.44672,0.63202,0.0
-4.44672,0.65459,0.0
-4.44672,0.67717,0.0
-4.44672,0.69974,0.0
-4.44672,0.72231,0.0
-4.44672,0.74488,0.0
-4.44672,0.76745,0.0
-4.44672,0.79003,0.0
-4.42415,-0.79003,0.0
-4.42415,-0.76745,0.0
-4.42415,-0.74488,0.0
-4.42415,-0.72231,0.0
-4.42415,-0.69974,0.0
-4.42415,-0.67717,0.0
-4.42415,-0.65459,0.0
-4.42415,-0.63202,0.0
-4.42415,-0.60945,0.0
-4.42415,-0.58688,0.0
-4.42415,-0.5643,0.0
-4.42415,-0.54173,0.0
-4.42415,-0.51916,0.0
-4.42415,-0.49659,0.0
-4.42415,-0.47402,0.0
-4.42415,-0.45144,0.0
-4.42415,-0.42887,0.0
-4.42415,-0.4063,0.0
-4.42415,-0.38373,0.0
-4.42415,-0.36115,0.0
-4.42415,-0.33858,0.0
-4.42415,-0.31601,0.0
-4.42415,-0.29344,0.0
-4.42415,-0.27087,0.0
-4.42415,-0.24829,0.0
-4.42415,-0.22572,0.0
-4.42415,-0.20315,0.0
-4.42415,-0.18058,0.0
-4.42415,-0.15801,0.0
-4.42415,-0.13543,0.0
-4.42415,-0.11286,0.0
-4.42415,-0.09029,0.0
-4.42415,-0.06772,0.0
-4.42415,-0.04514,0.0
-4.42415,-0.02257,0.0
-4.42415,0,0.0
-4.42415,0.02257,0.0
-4.42415,0.04514,0.0
-4.42415,0.06772,0.0
-4.42415,0.09029,0.0
-4.42415,0.11286,0.0
-4.42415,0.13543,0.0
-4.42415,0.15801,0.0
-4.42415,0.18058,0.0
-4.42415,0.20315,0.0
-4.42415,0.22572,0.0
-4.42415,0.24829,0.0
-4.42415,0.27087,0.0
-4.42415,0.29344,0.0
-4.42415,0.31601,0.0
-4.42415,0.33858,0.0
-4.42415,0.36115,0.0
-4.42415,0.38373,0.0
-4.42415,0.4063,0.0
-4.42415,0.42887,0.0
-4.42415,0.45144,0.0
-4.42415,0.47402,0.0
-4.42415,0.49659,0.0
-4.42415,0.51916,0.0
-4.42415,0.54173,0.0
-4.42415,0.5643,0.0
-4.42415,0.58688,0.0
-4.42415,0.60945,0.0
-4.42415,0.63202,0.0
-4.42415,0.65459,0.0
-4.42415,0.67717,0.0
-4.42415,0.69974,0.0
-4.42415,0.72231,0.0
-4.42415,0.74488,0.0
-4.42415,0.76745,0.0
-4.42415,0.79003,0.0
-4.40158,-0.79003,0.0
-4.40158,-0.76745,0.0
-4.40158,-0.74488,0.0
-4.40158,-0.72231,0.0
-4.40158,-0.69974,0.0
-4.40158,-0.67717,0.0
-4.40158,-0.65459,0.0
-4.40158,-0.63202,0.0
-4.40158,-0.60945,0.0
-4.40158,-0.58688,0.0
-4.40158,-0.5643,0.0
-4.40158,-0.54173,0.0
-4.40158,-0.51916,0.0
-4.40158,-0.49659,0.0
-4.40158,-0.47402,0.0
-4.40158,-0.45144,0.0
-4.40158,-0.42887,0.0
-4.40158,-0.4063,0.0
-4.40158,-0.38373,0.0
-4.40158,-0.36115,0.0
-4.40158,-0.33858,0.0
-4.40158,-0.31601,0.0
-4.40158,-0.29344,0.0
-4.40158,-0.27087,0.0
-4.40158,-0.24829,0.0
-4.40158,-0.22572,0.0
-4.40158,-0.20315,0.0
-4.40158,-0.18058,0.0
-4.40158,-0.15801,0.0
-4.40158,-0.13543,0.0
-4.40158,-0.11286,0.0
-4.40158,-0.09029,0.0
-4.40158,-0.06772,0.0
-4.40158,-0.04514,0.0
-4.40158,-0.02257,0.0
-4.40158,0,0.0
-4.40158,0.02257,0.0
-4.40158,0.04514,0.0
-4.40158,0.06772,0.0
-4.40158,0.09029,0.0
-4.40158,0.11286,0.0
-4.40158,0.13543,0.0
-4.40158,0.15801,0.0
-4.40158,0.18058,0.0
-4.40158,0.20315,0.0
-4.40158,0.22572,0.0
-4.40158,0.24829,0.0
-4.40158,0.27087,0.0
-4.40158,0.29344,0.0
-4.40158,0.31601,0.0
-4.40158,0.33858,0.0
-4.40158,0.36115,0.0
-4.40158,0.38373,0.0
-4.40158,0.4063,0.0
-4.40158,0.42887,0.0
-4.40158,0.45144,0.0
-4.40158,0.47402,0.0
-4.40158,0.49659,0.0
-4.40158,0.51916,0.0
-4.40158,0.54173,0.0
-4.40158,0.5643,0.0
-4.40158,0.58688,0.0
-4.40158,0.60945,0.0
-4.40158,0.63202,0.0
-4.40158,0.65459,0.0
-4.40158,0.67717,0.0
-4.40158,0.69974,0.0
-4.40158,0.72231,0.0
-4.40158,0.74488,0.0
-4.40158,0.76745,0.0
-4.40158,0.79003,0.0
-4.379,-0.79003,0.0
-4.379,-0.76745,0.0
-4.379,-0.74488,0.0
-4.379,-0.72231,0.0
-4.379,-0.69974,0.0
-4.379,-0.67717,0.0
-4.379,-0.65459,0.0
-4.379,-0.63202,0.0
-4.379,-0.60945,0.0
-4.379,-0.58688,0.0
-4.379,-0.5643,0.0
-4.379,-0.54173,0.0
-4.379,-0.51916,0.0
-4.379,-0.49659,0.0
-4.379,-0.47402,0.0
-4.379,-0.45144,0.0
-4.379,-0.42887,0.0
-4.379,-0.4063,0.0
-4.379,-0.38373,0.0
-4.379,-0.36115,0.0
-4.379,-0.33858,0.0
-4.379,-0.31601,0.0
-4.379,-0.29344,0.0
-4.379,-0.27087,0.0
-4.379,-0.24829,0.0
-4.379,-0.22572,0.0
-4.379,-0.20315,0.0
-4.379,-0.18058,0.0
-4.379,-0.15801,0.0
-4.379,-0.13543,0.0
-4.379,-0.11286,0.0
-4.379,-0.09029,0.0
-4.379,-0.06772,0.0
-4.379,-0.04514,0.0
-4.379,-0.02257,0.0
-4.379,0,0.0
-4.379,0.02257,0.0
-4.379,0.04514,0.0
-4.379,0.06772,0.0
-4.379,0.09029,0.0
-4.379,0.11286,0.0
-4.379,0.13543,0.0
-4.379,0.15801,0.0
-4.379,0.18058,0.0
-4.379,0.20315,0.0
-4.379,0.22572,0.0
-4.379,0.24829,0.0
-4.379,0.27087,0.0
-4.379,0.29344,0.0
-4.379,0.31601,0.0
-4.379,0.33858,0.0
-4.379,0.36115,0.0
-4.379,0.38373,0.0
-4.379,0.4063,0.0
-4.379,0.42887,0.0
-4.379,0.45144,0.0
-4.379,0.47402,0.0
-4.379,0.49659,0.0
-4.379,0.51916,0.0
-4.379,0.54173,0.0
-4.379,0.5643,0.0
-4.379,0.58688,0.0
-4.379,0.60945,0.0
-4.379,0.63202,0.0
-4.379,0.65459,0.0
-4.379,0.67717,0.0
-4.379,0.69974,0.0
-4.379,0.72231,0.0
-4.379,0.74488,0.0
-4.379,0.76745,0.0
-4.379,0.79003,0.0
-4.35643,-0.79003,0.0
-4.35643,-0.76745,0.0
-4.35643,-0.74488,0.0
-4.35643,-0.72231,0.0
-4.35643,-0.69974,0.0
-4.35643,-0.67717,0.0
-4.35643,-0.65459,0.0
-4.35643,-0.63202,0.0
-4.35643,-0.60945,0.0
-4.35643,-0.58688,0.0
-4.35643,-0.5643,0.0
-4.35643,-0.54173,0.0
-4.35643,-0.51916,0.0
-4.35643,-0.49659,0.0
-4.35643,-0.47402,0.0
-4.35643,-0.45144,0.0
-4.35643,-0.42887,0.0
-4.35643,-0.4063,0.0
-4.35643,-0.38373,0.0
-4.35643,-0.36115,0.0
-4.35643,-0.33858,0.0
-4.35643,-0.31601,0.0
-4.35643,-0.29344,0.0
-4.35643,-0.27087,0.0
-4.35643,-0.24829,0.0
-4.35643,-0.22572,0.0
-4.35643,-0.20315,0.0
-4.35643,-0.18058,0.0
-4.35643,-0.15801,0.0
-4.35643,-0.13543,0.0
-4.35643,-0.11286,0.0
-4.35643,-0.09029,0.0
-4.35643,-0.06772,0.0
-4.35643,-0.04514,0.0
-4.35643,-0.02257,0.0
-4.35643,0,0.0
-4.35643,0.02257,0.0
-4.35643,0.04514,0.0
-4.35643,0.06772,0.0
-4.35643,0.09029,0.0
-4.35643,0.11286,0.0
-4.35643,0.13543,0.0
-4.35643,0.15801,0.0
-4.35643,0.18058,0.0
-4.35643,0.20315,0.0
-4.35643,0.22572,0.0
-4.35643,0.24829,0.0
-4.35643,0.27087,0.0
-4.35643,0.29344,0.0
-4.35643,0.31601,0.0
-4.35643,0.33858,0.0
-4.35643,0.36115,0.0
-4.35643,0.38373,0.0
-4.35643,0.4063,0.0
-4.35643,0.42887,0.0
-4.35643,0.45144,0.0
-4.35643,0.47402,0.0
-4.35643,0.49659,0.0
-4.35643,0.51916,0.0
-4.35643,0.54173,0.0
-4.35643,0.5643,0.0
-4.35643,0.58688,0.0
-4.35643,0.60945,0.0
-4.35643,0.63202,0.0
-4.35643,0.65459,0.0
-4.35643,0.67717,0.0
-4.35643,0.69974,0.0
-4.35643,0.72231,0.0
-4.35643,0.74488,0.0
-4.35643,0.76745,0.0
-4.35643,0.79003,0.0
-4.33386,-0.79003,0.0
-4.33386,-0.76745,0.0
-4.33386,-0.74488,0.0
-4.33386,-0.72231,0.0
-4.33386,-0.69974,0.0
-4.33386,-0.67717,0.0
-4.33386,-0.65459,0.0
-4.33386,-0.63202,0.0
-4.33386,-0.60945,0.0
-4.33386,-0.58688,0.0
-4.33386,-0.5643,0.0
-4.33386,-0.54173,0.0
-4.33386,-0.51916,0.0
-4.33386,-0.49659,0.0
-4.33386,-0.47402,0.0
-4.33386,-0.45144,0.0
-4.33386,-0.42887,0.0
-4.33386,-0.4063,0.0
-4.33386,-0.38373,0.0
-4.33386,-0.36115,0.0
-4.33386,-0.33858,0.0
-4.33386,-0.31601,0.0
-4.33386,-0.29344,0.0
-4.33386,-0.27087,0.0
-4.33386,-0.24829,0.0
-4.33386,-0.22572,0.0
-4.33386,-0.20315,0.0
-4.33386,-0.18058,0.0
-4.33386,-0.15801,0.0
-4.33386,-0.13543,0.0
-4.33386,-0.11286,0.0
-4.33386,-0.09029,0.0
-4.33386,-0.06772,0.0
-4.33386,-0.04514,0.0
-4.33386,-0.02257,0.0
-4.33386,0,0.0
-4.33386,0.02257,0.0
-4.33386,0.04514,0.0
-4.33386,0.06772,0.0
-4.33386,0.09029,0.0
-4.33386,0.11286,0.0
-4.33386,0.13543,0.0
-4.33386,0.15801,0.0
-4.33386,0.18058,0.0
-4.33386,0.20315,0.0
-4.33386,0.22572,0.0
-4.33386,0.24829,0.0
-4.33386,0.27087,0.0
-4.33386,0.29344,0.0
-4.33386,0.31601,0.0
-4.33386,0.33858,0.0
-4.33386,0.36115,0.0
-4.33386,0.38373,0.0
-4.33386,0.4063,0.0
-4.33386,0.42887,0.0
-4.33386,0.45144,0.0
-4.33386,0.47402,0.0
-4.33386,0.49659,0.0
-4.33386,0.51916,0.0
-4.33386,0.54173,0.0
-4.33386,0.5643,0.0
-4.33386,0.58688,0.0
-4.33386,0.60945,0.0
-4.33386,0.63202,0.0
-4.33386,0.65459,0.0
-4.33386,0.67717,0.0
-4.33386,0.69974,0.0
-4.33386,0.72231,0.0
-4.33386,0.74488,0.0
-4.33386,0.76745,0.0
-4.33386,0.79003,0.0
-4.31129,-0.79003,0.0
-4.31129,-0.76745,0.0
-4.31129,-0.74488,0.0
-4.31129,-0.72231,0.0
-4.31129,-0.69974,0.0
-4.31129,-0.67717,0.0
-4.31129,-0.65459,0.0
-4.31129,-0.63202,0.0
-4.31129,-0.60945,0.0
-4.31129,-0.58688,0.0
-4.31129,-0.5643,0.0
-4.31129,-0.54173,0.0
-4.31129,-0.51916,0.0
-4.31129,-0.49659,0.0
-4.31129,-0.47402,0.0
-4.31129,-0.45144,0.0
-4.31129,-0.42887,0.0
-4.31129,-0.4063,0.0
-4.31129,-0.38373,0.0
-4.31129,-0.36115,0.0
-4.31129,-0.33858,0.0
-4.31129,-0.31601,0.0
-4.31129,-0.29344,0.0
-4.31129,-0.27087,0.0
-4.31129,-0.24829,0.0
-4.31129,-0.22572,0.0
-4.31129,-0.20315,0.0
-4.31129,-0.18058,0.0
-4.31129,-0.15801,0.0
-4.31129,-0.13543,0.0
-4.31129,-0.11286,0.0
-4.31129,-0.09029,0.0
-4.31129,-0.06772,0.0
-4.31129,-0.04514,0.0
-4.31129,-0.02257,0.0
-4.31129,0,0.0
-4.31129,0.02257,0.0
-4.31129,0.04514,0.0
-4.31129,0.06772,0.0
-4.31129,0.09029,0.0
-4.31129,0.11286,0.0
-4.31129,0.13543,0.0
-4.31129,0.15801,0.0
-4.31129,0.18058,0.0
-4.31129,0.20315,0.0
-4.31129,0.22572,0.0
-4.31129,0.24829,0.0
-4.31129,0.27087,0.0
-4.31129,0.29344,0.0
-4.31129,0.31601,0.0
-4.31129,0.33858,0.0
-4.31129,0.36115,0.0
-4.31129,0.38373,0.0
-4.31129,0.4063,0.0
-4.31129,0.42887,0.0
-4.31129,0.45144,0.0
-4.31129,0.47402,0.0
-4.31129,0.49659,0.0
-4.31129,0.51916,0.0
-4.31129,0.54173,0.0
-4.31129,0.5643,0.0
-4.31129,0.58688,0.0
-4.31129,0.60945,0.0
-4.31129,0.63202,0.0
-4.31129,0.65459,0.0
-4.31129,0.67717,0.0
-4.31129,0.69974,0.0
-4.31129,0.72231,0.0
-4.31129,0.74488,0.0
-4.31129,0.76745,0.0
-4.31129,0.79003,0.0
-4.28871,-0.79003,0.0
-4.28871,-0.76745,0.0
-4.28871,-0.74488,0.0
-4.28871,-0.72231,0.0
-4.28871,-0.69974,0.0
-4.28871,-0.67717,0.0
-4.28871,-0.65459,0.0
-4.28871,-0.63202,0.0
-4.28871,-0.60945,0.0
-4.28871,-0.58688,0.0
-4.28871,-0.5643,0.0
-4.28871,-0.54173,0.0
-4.28871,-0.51916,0.0
-4.28871,-0.49659,0.0
-4.28871,-0.47402,0.0
-4.28871,-0.45144,0.0
-4.28871,-0.42887,0.0
-4.28871,-0.4063,0.0
-4.28871,-0.38373,0.0
-4.28871,-0.36115,0.0
-4.28871,-0.33858,0.0
-4.28871,-0.31601,0.0
-4.28871,-0.29344,0.0
-4.28871,-0.27087,0.0
-4.28871,-0.24829,0.0
-4.28871,-0.22572,0.0
-4.28871,-0.20315,0.0
-4.28871,-0.18058,0.0
-4.28871,-0.15801,0.0
-4.28871,-0.13543,0.0
-4.28871,-0.11286,0.0
-4.28871,-0.09029,0.0
-4.28871,-0.06772,0.0
-4.28871,-0.04514,0.0
-4.28871,-0.02257,0.0
-4.28871,0,0.0
-4.28871,0.02257,0.0
-4.28871,0.04514,0.0
-4.28871,0.06772,0.0
-4.28871,0.09029,0.0
-4.28871,0.11286,0.0
-4.28871,0.13543,0.0
-4.28871,0.15801,0.0
-4.28871,0.18058,0.0
-4.28871,0.20315,0.0
-4.28871,0.22572,0.0
-4.28871,0.24829,0.0
-4.28871,0.27087,0.0
-4.28871,0.29344,0.0
-4.28871,0.31601,0.0
-4.28871,0.33858,0.0
-4.28871,0.36115,0.0
-4.28871,0.38373,0.0
-4.28871,0.4063,0.0
-4.28871,0.42887,0.0
-4.28871,0.45144,0.0
-4.28871,0.47402,0.0
-4.28871,0.49659,0.0
-4.28871,0.51916,0.0
-4.28871,0.54173,0.0
-4.28871,0.5643,0.0
-4.28871,0.58688,0.0
-4.28871,0.60945,0.0
-4.28871,0.63202,0.0
-4.28871,0.65459,0.0
-4.28871,0.67717,0.0
-4.28871,0.69974,0.0
-4.28871,0.72231,0.0
-4.28871,0.74488,0.0
-4.28871,0.76745,0.0
-4.28871,0.79003,0.0
-4.26614,-0.79003,0.0
-4.26614,-0.76745,0.0
-4.26614,-0.74488,0.0
-4.26614,-0.72231,0.0
-4.26614,-0.69974,0.0
-4.26614,-0.67717,0.0
-4.26614,-0.65459,0.0
-4.26614,-0.63202,0.0
-4.26614,-0.60945,0.0
-4.26614,-0.58688,0.0
-4.26614,-0.5643,0.0
-4.26614,-0.54173,0.0
-4.26614,-0.51916,0.0
-4.26614,-0.49659,0.0
-4.26614,-0.47402,0.0
-4.26614,-0.45144,0.0
-4.26614,-0.42887,0.0
-4.26614,-0.4063,0.0
-4.26614,-0.38373,0.0
-4.26614,-0.36115,0.0
-4.26614,-0.33858,0.0
-4.26614,-0.31601,0.0
-4.26614,-0.29344,0.0
-4.26614,-0.27087,0.0
-4.26614,-0.24829,0.0
-4.26614,-0.22572,0.0
-4.26614,-0.20315,0.0
-4.26614,-0.18058,0.0
-4.26614,-0.15801,0.0
-4.26614,-0.13543,0.0
-4.26614,-0.11286,0.0
-4.26614,-0.09029,0.0
-4.26614,-0.06772,0.0
-4.26614,-0.04514,0.0
-4.26614,-0.02257,0.0
-4.26614,0,0.0
-4.26614,0.02257,0.0
-4.26614,0.04514,0.0
-4.26614,0.06772,0.0
-4.26614,0.09029,0.0
-4.26614,0.11286,0.0
-4.26614,0.13543,0.0
-4.26614,0.15801,0.0
-4.26614,0.18058,0.0
-4.26614,0.20315,0.0
-4.26614,0.22572,0.0
-4.26614,0.24829,0.0
-4.26614,0.27087,0.0
-4.26614,0.29344,0.0
-4.26614,0.31601,0.0
-4.26614,0.33858,0.0
-4.26614,0.36115,0.0
-4.26614,0.38373,0.0
-4.26614,0.4063,0.0
-4.26614,0.42887,0.0
-4.26614,0.45144,0.0
-4.26614,0.47402,0.0
-4.26614,0.49659,0.0
-4.26614,0.51916,0.0
-4.26614,0.54173,0.0
-4.26614,0.5643,0.0
-4.26614,0.58688,0.0
-4.26614,0.60945,0.0
-4.26614,0.63202,0.0
-4.26614,0.65459,0.0
-4.26614,0.67717,0.0
-4.26614,0.69974,0.0
-4.26614,0.72231,0.0
-4.26614,0.74488,0.0
-4.26614,0.76745,0.0
-4.26614,0.79003,0.0
-4.24357,-0.79003,0.0
-4.24357,-0.76745,0.0
-4.24357,-0.74488,0.0
-4.24357,-0.72231,0.0
-4.24357,-0.69974,0.0
-4.24357,-0.67717,0.0
-4.24357,-0.65459,0.0
-4.24357,-0.63202,0.0
-4.24357,-0.60945,0.0
-4.24357,-0.58688,0.0
-4.24357,-0.5643,0.0
-4.24357,-0.54173,0.0
-4.24357,-0.51916,0.0
-4.24357,-0.49659,0.0
-4.24357,-0.47402,0.0
-4.24357,-0.45144,0.0
-4.24357,-0.42887,0.0
-4.24357,-0.4063,0.0
-4.24357,-0.38373,0.0
-4.24357,-0.36115,0.0
-4.24357,-0.33858,0.0
-4.24357,-0.31601,0.0
-4.24357,-0.29344,0.0
-4.24357,-0.27087,0.0
-4.24357,-0.24829,0.0
-4.24357,-0.22572,0.0
-4.24357,-0.20315,0.0
-4.24357,-0.18058,0.0
-4.24357,-0.15801,0.0
-4.24357,-0.13543,0.0
-4.24357,-0.11286,0.0
-4.24357,-0.09029,0.0
-4.24357,-0.06772,0.0
-4.24357,-0.04514,0.0
-4.24357,-0.02257,0.0
-4.24357,0,0.0
-4.24357,0.02257,0.0
-4.24357,0.04514,0.0
-4.24357,0.06772,0.0
-4.24357,0.09029,0.0
-4.24357,0.11286,0.0
-4.24357,0.13543,0.0
-4.24357,0.15801,0.0
-4.24357,0.18058,0.0
-4.24357,0.20315,0.0
-4.24357,0.22572,0.0
-4.24357,0.24829,0.0
-4.24357,0.27087,0.0
-4.24357,0.29344,0.0
-4.24357,0.31601,0.0
-4.24357,0.33858,0.0
-4.24357,0.36115,0.0
-4.24357,0.38373,0.0
-4.24357,0.4063,0.0
-4.24357,0.42887,0.0
-4.24357,0.45144,0.0
-4.24357,0.47402,0.0
-4.24357,0.49659,0.0
-4.24357,0.51916,0.0
-4.24357,0.54173,0.0
-4.24357,0.5643,0.0
-4.24357,0.58688,0.0
-4.24357,0.60945,0.0
-4.24357,0.63202,0.0
-4.24357,0.65459,0.0
-4.24357,0.67717,0.0
-4.24357,0.69974,0.0
-4.24357,0.72231,0.0
-4.24357,0.74488,0.0
-4.24357,0.76745,0.0
-4.24357,0.79003,0.0
-4.221,-0.79003,0.0
-4.221,-0.76745,0.0
-4.221,-0.74488,0.0
-4.221,-0.72231,0.0
-4.221,-0.69974,0.0
-4.221,-0.67717,0.0
-4.221,-0.65459,0.0
-4.221,-0.63202,0.0
-4.221,-0.60945,0.0
-4.221,-0.58688,0.0
-4.221,-0.5643,0.0
-4.221,-0.54173,0.0
-4.221,-0.51916,0.0
-4.221,-0.49659,0.0
-4.221,-0.47402,0.0
-4.221,-0.45144,0.0
-4.221,-0.42887,0.0
-4.221,-0.4063,0.0
-4.221,-0.38373,0.0
-4.221,-0.36115,0.0
-4.221,-0.33858,0.0
-4.221,-0.31601,0.0
-4.221,-0.29344,0.0
-4.221,-0.27087,0.0
-4.221,-0.24829,0.0
-4.221,-0.22572,0.0
-4.221,-0.20315,0.0
-4.221,-0.18058,0.0
-4.221,-0.15801,0.0
-4.221,-0.13543,0.0
-4.221,-0.11286,0.0
-4.221,-0.09029,0.0
-4.221,-0.06772,0.0
-4.221,-0.04514,0.0
-4.221,-0.02257,0.0
-4.221,0,0.0
-4.221,0.02257,0.0
-4.221,0.04514,0.0
-4.221,0.06772,0.0
-4.221,0.09029,0.0
-4.221,0.11286,0.0
-4.221,0.13543,0.0
-4.221,0.15801,0.0
-4.221,0.18058,0.0
-4.221,0.20315,0.0
-4.221,0.22572,0.0
-4.221,0.24829,0.0
-4.221,0.27087,0.0
-4.221,0.29344,0.0
-4.221,0.31601,0.0
-4.221,0.33858,0.0
-4.221,0.36115,0.0
-4.221,0.38373,0.0
-4.221,0.4063,0.0
-4.221,0.42887,0.0
-4.221,0.45144,0.0
-4.221,0.47402,0.0
-4.221,0.49659,0.0
-4.221,0.51916,0.0
-4.221,0.54173,0.0
-4.221,0.5643,0.0
-4.221,0.58688,0.0
-4.221,0.60945,0.0
-4.221,0.63202,0.0
-4.221,0.65459,0.0
-4.221,0.67717,0.0
-4.221,0.69974,0.0
-4.221,0.72231,0.0
-4.221,0.74488,0.0
-4.221,0.76745,0.0
-4.221,0.79003,0.0
-4.19843,-0.79003,0.0
-4.19843,-0.76745,0.0
-4.19843,-0.74488,0.0
-4.19843,-0.72231,0.0
-4.19843,-0.69974,0.0
-4.19843,-0.67717,0.0
-4.19843,-0.65459,0.0
-4.19843,-0.63202,0.0
-4.19843,-0.60945,0.0
-4.19843,-0.58688,0.0
-4.19843,-0.5643,0.0
-4.19843,-0.54173,0.0
-4.19843,-0.51916,0.0
-4.19843,-0.49659,0.0
-4.19843,-0.47402,0.0
-4.19843,-0.45144,0.0
-4.19843,-0.42887,0.0
-4.19843,-0.4063,0.0
-4.19843,-0.38373,0.0
-4.19843,-0.36115,0.0
-4.19843,-0.33858,0.0
-4.19843,-0.31601,0.0
-4.19843,-0.29344,0.0
-4.19843,-0.27087,0.0
-4.19843,-0.24829,0.0
-4.19843,-0.22572,0.0
-4.19843,-0.20315,0.0
-4.19843,-0.18058,0.0
-4.19843,-0.15801,0.0
-4.19843,-0.13543,0.0
-4.19843,-0.11286,0.0
-4.19843,-0.09029,0.0
-4.19843,-0.06772,0.0
-4.19843,-0.04514,0.0
-4.19843,-0.02257,0.0
-4.19843,0,0.0
-4.19843,0.02257,0.0
-4.19843,0.04514,0.0
-4.19843,0.06772,0.0
-4.19843,0.09029,0.0
-4.19843,0.11286,0.0
-4.19843,0.13543,0.0
-4.19843,0.15801,0.0
-4.19843,0.18058,0.0
-4.19843,0.20315,0.0
-4.19843,0.22572,0.0
-4.19843,0.24829,0.0
-4.19843,0.27087,0.0
-4.19843,0.29344,0.0
-4.19843,0.31601,0.0
-4.19843,0.33858,0.0
-4.19843,0.36115,0.0
-4.19843,0.38373,0.0
-4.19843,0.4063,0.0
-4.19843,0.42887,0.0
-4.19843,0.45144,0.0
-4.19843,0.47402,0.0
-4.19843,0.49659,0.0
-4.19843,0.51916,0.0
-4.19843,0.54173,0.0
-4.19843,0.5643,0.0
-4.19843,0.58688,0.0
-4.19843,0.60945,0.0
-4.19843,0.63202,0.0
-4.19843,0.65459,0.0
-4.19843,0.67717,0.0
-4.19843,0.69974,0.0
-4.19843,0.72231,0.0
-4.19843,0.74488,0.0
-4.19843,0.76745,0.0
-4.19843,0.79003,0.0
-4.17585,-0.79003,0.0
-4.17585,-0.76745,0.0
-4.17585,-0.74488,0.0
-4.17585,-0.72231,0.0
-4.17585,-0.69974,0.0
-4.17585,-0.67717,0.0
-4.17585,-0.65459,0.0
-4.17585,-0.63202,0.0
-4.17585,-0.60945,0.0
-4.17585,-0.58688,0.0
-4.17585,-0.5643,0.0
-4.17585,-0.54173,0.0
-4.17585,-0.51916,0.0
-4.17585,-0.49659,0.0
-4.17585,-0.47402,0.0
-4.17585,-0.45144,0.0
-4.17585,-0.42887,0.0
-4.17585,-0.4063,0.0
-4.17585,-0.38373,0.0
-4.17585,-0.36115,0.0
-4.17585,-0.33858,0.0
-4.17585,-0.31601,0.0
-4.17585,-0.29344,0.0
-4.17585,-0.27087,0.0
-4.17585,-0.24829,0.0
-4.17585,-0.22572,0.0
-4.17585,-0.20315,0.0
-4.17585,-0.18058,0.0
-4.17585,-0.15801,0.0
-4.17585,-0.13543,0.0
-4.17585,-0.11286,0.0
-4.17585,-0.09029,0.0
-4.17585,-0.06772,0.0
-4.17585,-0.04514,0.0
-4.17585,-0.02257,0.0
-4.17585,0,0.0
-4.17585,0.02257,0.0
-4.17585,0.04514,0.0
-4.17585,0.06772,0.0
-4.17585,0.09029,0.0
-4.17585,0.11286,0.0
-4.17585,0.13543,0.0
-4.17585,0.15801,0.0
-4.17585,0.18058,0.0
-4.17585,0.20315,0.0
-4.17585,0.22572,0.0
-4.17585,0.24829,0.0
-4.17585,0.27087,0.0
-4.17585,0.29344,0.0
-4.17585,0.31601,0.0
-4.17585,0.33858,0.0
-4.17585,0.36115,0.0
-4.17585,0.38373,0.0
-4.17585,0.4063,0.0
-4.17585,0.42887,0.0
-4.17585,0.45144,0.0
-4.17585,0.47402,0.0
-4.17585,0.49659,0.0
-4.17585,0.51916,0.0
-4.17585,0.54173,0.0
-4.17585,0.5643,0.0
-4.17585,0.58688,0.0
-4.17585,0.60945,0.0
-4.17585,0.63202,0.0
-4.17585,0.65459,0.0
-4.17585,0.67717,0.0
-4.17585,0.69974,0.0
-4.17585,0.72231,0.0
-4.17585,0.74488,0.0
-4.17585,0.76745,0.0
-4.17585,0.79003,0.0
-4.15328,-0.79003,0.0
-4.15328,-0.76745,0.0
-4.15328,-0.74488,0.0
-4.15328,-0.72231,0.0
-4.15328,-0.69974,0.0
-4.15328,-0.67717,0.0
-4.15328,-0.65459,0.0
-4.15328,-0.63202,0.0
-4.15328,-0.60945,0.0
-4.15328,-0.58688,0.0
-4.15328,-0.5643,0.0
-4.15328,-0.54173,0.0
-4.15328,-0.51916,0.0
-4.15328,-0.49659,0.0
-4.15328,-0.47402,0.0
-4.15328,-0.45144,0.0
-4.15328,-0.42887,0.0
-4.15328,-0.4063,0.0
-4.15328,-0.38373,0.0
-4.15328,-0.36115,0.0
-4.15328,-0.33858,0.0
-4.15328,-0.31601,0.0
-4.15328,-0.29344,0.0
-4.15328,-0.27087,0.0
-4.15328,-0.24829,0.0
-4.15328,-0.22572,0.0
-4.15328,-0.20315,0.0
-4.15328,-0.18058,0.0
-4.15328,-0.15801,0.0
-4.15328,-0.13543,0.0
-4.15328,-0.11286,0.0
-4.15328,-0.09029,0.0
-4.15328,-0.06772,0.0
-4.15328,-0.04514,0.0
-4.15328,-0.02257,0.0
-4.15328,0,0.0
-4.15328,0.02257,0.0
-4.15328,0.04514,0.0
-4.15328,0.06772,0.0
-4.15328,0.09029,0.0
-4.15328,0.11286,0.0
-4.15328,0.13543,0.0
-4.15328,0.15801,0.0
-4.15328,0.18058,0.0
-4.15328,0.20315,0.0
-4.15328,0.22572,0.0
-4.15328,0.24829,0.0
-4.15328,0.27087,0.0
-4.15328,0.29344,0.0
-4.15328,0.31601,0.0
-4.15328,0.33858,0.0
-4.15328,0.36115,0.0
-4.15328,0.38373,0.0
-4.15328,0.4063,0.0
-4.15328,0.42887,0.0
-4.15328,0.45144,0.0
-4.15328,0.47402,0.0
-4.15328,0.49659,0.0
-4.15328,0.51916,0.0
-4.15328,0.54173,0.0
-4.15328,0.5643,0.0
-4.15328,0.58688,0.0
-4.15328,0.60945,0.0
-4.15328,0.63202,0.0
-4.15328,0.65459,0.0
-4.15328,0.67717,0.0
-4.15328,0.69974,0.0
-4.15328,0.72231,0.0
-4.15328,0.74488,0.0
-4.15328,0.76745,0.0
-4.15328,0.79003,0.0
-4.13071,-0.79003,0.0
-4.13071,-0.76745,0.0
-4.13071,-0.74488,0.0
-4.13071,-0.72231,0.0
-4.13071,-0.69974,0.0
-4.13071,-0.67717,0.0
-4.13071,-0.65459,0.0
-4.13071,-0.63202,0.0
-4.13071,-0.60945,0.0
-4.13071,-0.58688,0.0
-4.13071,-0.5643,0.0
-4.13071,-0.54173,0.0
-4.13071,-0.51916,0.0
-4.13071,-0.49659,0.0
-4.13071,-0.47402,0.0
-4.13071,-0.45144,0.0
-4.13071,-0.42887,0.0
-4.13071,-0.4063,0.0
-4.13071,-0.38373,0.0
-4.13071,-0.36115,0.0
-4.13071,-0.33858,0.0
-4.13071,-0.31601,0.0
-4.13071,-0.29344,0.0
-4.13071,-0.27087,0.0
-4.13071,-0.24829,0.0
-4.13071,-0.22572,0.0
-4.13071,-0.20315,0.0
-4.13071,-0.18058,0.0
-4.13071,-0.15801,0.0
-4.13071,-0.13543,0.0
-4.13071,-0.11286,0.0
-4.13071,-0.09029,0.0
-4.13071,-0.06772,0.0
-4.13071,-0.04514,0.0
-4.13071,-0.02257,0.0
-4.13071,0,0.0
-4.13071,0.02257,0.0
-4.13071,0.04514,0.0
-4.13071,0.06772,0.0
-4.13071,0.09029,0.0
-4.13071,0.11286,0.0
-4.13071,0.13543,0.0
-4.13071,0.15801,0.0
-4.13071,0.18058,0.0
-4.13071,0.20315,0.0
-4.13071,0.22572,0.0
-4.13071,0.24829,0.0
-4.13071,0.27087,0.0
-4.13071,0.29344,0.0
-4.13071,0.31601,0.0
-4.13071,0.33858,0.0
-4.13071,0.36115,0.0
-4.13071,0.38373,0.0
-4.13071,0.4063,0.0
-4.13071,0.42887,0.0
-4.13071,0.45144,0.0
-4.13071,0.47402,0.0
-4.13071,0.49659,0.0
-4.13071,0.51916,0.0
-4.13071,0.54173,0.0
-4.13071,0.5643,0.0
-4.13071,0.58688,0.0
-4.13071,0.60945,0.0
-4.13071,0.63202,0.0
-4.13071,0.65459,0.0
-4.13071,0.67717,0.0
-4.13071,0.69974,0.0
-4.13071,0.72231,0.0
-4.13071,0.74488,0.0
-4.13071,0.76745,0.0
-4.13071,0.79003,0.0
-4.10814,-0.79003,0.0
-4.10814,-0.76745,0.0
-4.10814,-0.74488,0.0
-4.10814,-0.72231,0.0
-4.10814,-0.69974,0.0
-4.10814,-0.67717,0.0
-4.10814,-0.65459,0.0
-4.10814,-0.63202,0.0
-4.10814,-0.60945,0.0
-4.10814,-0.58688,0.0
-4.10814,-0.5643,0.0
-4.10814,-0.54173,0.0
-4.10814,-0.51916,0.0
-4.10814,-0.49659,0.0
-4.10814,-0.47402,0.0
-4.10814,-0.45144,0.0
-4.10814,-0.42887,0.0
-4.10814,-0.4063,0.0
-4.10814,-0.38373,0.0
-4.10814,-0.36115,0.0
-4.10814,-0.33858,0.0
-4.10814,-0.31601,0.0
-4.10814,-0.29344,0.0
-4.10814,-0.27087,0.0
-4.10814,-0.24829,0.0
-4.10814,-0.22572,0.0
-4.10814,-0.20315,0.0
-4.10814,-0.18058,0.0
-4.10814,-0.15801,0.0
-4.10814,-0.13543,0.0
-4.10814,-0.11286,0.0
-4.10814,-0.09029,0.0
-4.10814,-0.06772,0.0
-4.10814,-0.04514,0.0
-4.10814,-0.02257,0.0
-4.10814,0,0.0
-4.10814,0.02257,0.0
-4.10814,0.04514,0.0
-4.10814,0.06772,0.0
-4.10814,0.09029,0.0
-4.10814,0.11286,0.0
-4.10814,0.13543,0.0
-4.10814,0.15801,0.0
-4.10814,0.18058,0.0
-4.10814,0.20315,0.0
-4.10814,0.22572,0.0
-4.10814,0.24829,0.0
-4.10814,0.27087,0.0
-4.10814,0.29344,0.0
-4.10814,0.31601,0.0
-4.10814,0.33858,0.0
-4.10814,0.36115,0.0
-4.10814,0.38373,0.0
-4.10814,0.4063,0.0
-4.10814,0.42887,0.0
-4.10814,0.45144,0.0
-4.10814,0.47402,0.0
-4.10814,0.49659,0.0
-4.10814,0.51916,0.0
-4.10814,0.54173,0.0
-4.10814,0.5643,0.0
-4.10814,0.58688,0.0
-4.10814,0.60945,0.0
-4.10814,0.63202,0.0
-4.10814,0.65459,0.0
-4.10814,0.67717,0.0
-4.10814,0.69974,0.0
-4.10814,0.72231,0.0
-4.10814,0.74488,0.0
-4.10814,0.76745,0.0
-4.10814,0.79003,0.0
-4.08557,-0.79003,0.0
-4.08557,-0.76745,0.0
-4.08557,-0.74488,0.0
-4.08557,-0.72231,0.0
-4.08557,-0.69974,0.0
-4.08557,-0.67717,0.0
-4.08557,-0.65459,0.0
-4.08557,-0.63202,0.0
-4.08557,-0.60945,0.0
-4.08557,-0.58688,0.0
-4.08557,-0.5643,0.0
-4.08557,-0.54173,0.0
-4.08557,-0.51916,0.0
-4.08557,-0.49659,0.0
-4.08557,-0.47402,0.0
-4.08557,-0.45144,0.0
-4.08557,-0.42887,0.0
-4.08557,-0.4063,0.0
-4.08557,-0.38373,0.0
-4.08557,-0.36115,0.0
-4.08557,-0.33858,0.0
-4.08557,-0.31601,0.0
-4.08557,-0.29344,0.0
-4.08557,-0.27087,0.0
-4.08557,-0.24829,0.0
-4.08557,-0.22572,0.0
-4.08557,-0.20315,0.0
-4.08557,-0.18058,0.0
-4.08557,-0.15801,0.0
-4.08557,-0.13543,0.0
-4.08557,-0.11286,0.0
-4.08557,-0.09029,0.0
-4.08557,-0.06772,0.0
-4.08557,-0.04514,0.0
-4.08557,-0.02257,0.0
-4.08557,0,0.0
-4.08557,0.02257,0.0
-4.08557,0.04514,0.0
-4.08557,0.06772,0.0
-4.08557,0.09029,0.0
-4.08557,0.11286,0.0
-4.08557,0.13543,0.0
-4.08557,0.15801,0.0
-4.08557,0.18058,0.0
-4.08557,0.20315,0.0
-4.08557,0.22572,0.0
-4.08557,0.24829,0.0
-4.08557,0.27087,0.0
-4.08557,0.29344,0.0
-4.08557,0.31601,0.0
-4.08557,0.33858,0.0
-4.08557,0.36115,0.0
-4.08557,0.38373,0.0
-4.08557,0.4063,0.0
-4.08557,0.42887,0.0
-4.08557,0.45144,0.0
-4.08557,0.47402,0.0
-4.08557,0.49659,0.0
-4.08557,0.51916,0.0
-4.08557,0.54173,0.0
-4.08557,0.5643,0.0
-4.08557,0.58688,0.0
-4.08557,0.60945,0.0
-4.08557,0.63202,0.0
-4.08557,0.65459,0.0
-4.08557,0.67717,0.0
-4.08557,0.69974,0.0
-4.08557,0.72231,0.0
-4.08557,0.74488,0.0
-4.08557,0.76745,0.0
-4.08557,0.79003,0.0
-4.06299,-0.79003,0.0
-4.06299,-0.76745,0.0
-4.06299,-0.74488,0.0
-4.06299,-0.72231,0.0
-4.06299,-0.69974,0.0
-4.06299,-0.67717,0.0
-4.06299,-0.65459,0.0
-4.06299,-0.63202,0.0
-4.06299,-0.60945,0.0
-4.06299,-0.58688,0.0
-4.06299,-0.5643,0.0
-4.06299,-0.54173,0.0
-4.06299,-0.51916,0.0
-4.06299,-0.49659,0.0
-4.06299,-0.47402,0.0
-4.06299,-0.45144,0.0
-4.06299,-0.42887,0.0
-4.06299,-0.4063,0.0
-4.06299,-0.38373,0.0
-4.06299,-0.36115,0.0
-4.06299,-0.33858,0.0
-4.06299,-0.31601,0.0
-4.06299,-0.29344,0.0
-4.06299,-0.27087,0.0
-4.06299,-0.24829,0.0
-4.06299,-0.22572,0.0
-4.06299,-0.20315,0.0
-4.06299,-0.18058,0.0
-4.06299,-0.15801,0.0
-4.06299,-0.13543,0.0
-4.06299,-0.11286,0.0
-4.06299,-0.09029,0.0
-4.06299,-0.06772,0.0
-4.06299,-0.04514,0.0
-4.06299,-0.02257,0.0
-4.06299,0,0.0
-4.06299,0.02257,0.0
-4.06299,0.04514,0.0
-4.06299,0.06772,0.0
-4.06299,0.09029,0.0
-4.06299,0.11286,0.0
-4.06299,0.13543,0.0
-4.06299,0.15801,0.0
-4.06299,0.18058,0.0
-4.06299,0.20315,0.0
-4.06299,0.22572,0.0
-4.06299,0.24829,0.0
-4.06299,0.27087,0.0
-4.06299,0.29344,0.0
-4.06299,0.31601,0.0
-4.06299,0.33858,0.0
-4.06299,0.36115,0.0
-4.06299,0.38373,0.0
-4.06299,0.4063,0.0
-4.06299,0.42887,0.0
-4.06299,0.45144,0.0
-4.06299,0.47402,0.0
-4.06299,0.49659,0.0
-4.06299,0.51916,0.0
-4.06299,0.54173,0.0
-4.06299,0.5643,0.0
-4.06299,0.58688,0.0
-4.06299,0.60945,0.0
-4.06299,0.63202,0.0
-4.06299,0.65459,0.0
-4.06299,0.67717,0.0
-4.06299,0.69974,0.0
-4.06299,0.72231,0.0
-4.06299,0.74488,0.0
-4.06299,0.76745,0.0
-4.06299,0.79003,0.0
-4.04042,-0.79003,0.0
-4.04042,-0.76745,0.0
-4.04042,-0.74488,0.0
-4.04042,-0.72231,0.0
-4.04042,-0.69974,0.0
-4.04042,-0.67717,0.0
-4.04042,-0.65459,0.0
-4.04042,-0.63202,0.0
-4.04042,-0.60945,0.0
-4.04042,-0.58688,0.0
-4.04042,-0.5643,0.0
-4.04042,-0.54173,0.0
-4.04042,-0.51916,0.0
-4.04042,-0.49659,0.0
-4.04042,-0.47402,0.0
-4.04042,-0.45144,0.0
-4.04042,-0.42887,0.0
-4.04042,-0.4063,0.0
-4.04042,-0.38373,0.0
-4.04042,-0.36115,0.0
-4.04042,-0.33858,0.0
-4.04042,-0.31601,0.0
-4.04042,-0.29344,0.0
-4.04042,-0.27087,0.0
-4.04042,-0.24829,0.0
-4.04042,-0.22572,0.0
-4.04042,-0.20315,0.0
-4.04042,-0.18058,0.0
-4.04042,-0.15801,0.0
-4.04042,-0.13543,0.0
-4.04042,-0.11286,0.0
-4.04042,-0.09029,0.0
-4.04042,-0.06772,0.0
-4.04042,-0.04514,0.0
-4.04042,-0.02257,0.0
-4.04042,0,0.0
-4.04042,0.02257,0.0
-4.04042,0.04514,0.0
-4.04042,0.06772,0.0
-4.04042,0.09029,0.0
-4.04042,0.11286,0.0
-4.04042,0.13543,0.0
-4.04042,0.15801,0.0
-4.04042,0.18058,0.0
-4.04042,0.20315,0.0
-4.04042,0.22572,0.0
-4.04042,0.24829,0.0
-4.04042,0.27087,0.0
-4.04042,0.29344,0.0
-4.04042,0.31601,0.0
-4.04042,0.33858,0.0
-4.04042,0.36115,0.0
-4.04042,0.38373,0.0
-4.04042,0.4063,0.0
-4.04042,0.42887,0.0
-4.04042,0.45144,0.0
-4.04042,0.47402,0.0
-4.04042,0.49659,0.0
-4.04042,0.51916,0.0
-4.04042,0.54173,0.0
-4.04042,0.5643,0.0
-4.04042,0.58688,0.0
-4.04042,0.60945,0.0
-4.04042,0.63202,0.0
-4.04042,0.65459,0.0
-4.04042,0.67717,0.0
-4.04042,0.69974,0.0
-4.04042,0.72231,0.0
-4.04042,0.74488,0.0
-4.04042,0.76745,0.0
-4.04042,0.79003,0.0
-4.01785,-0.79003,0.0
-4.01785,-0.76745,0.0
-4.01785,-0.74488,0.0
-4.01785,-0.72231,0.0
-4.01785,-0.69974,0.0
-4.01785,-0.67717,0.0
-4.01785,-0.65459,0.0
-4.01785,-0.63202,0.0
-4.01785,-0.60945,0.0
-4.01785,-0.58688,0.0
-4.01785,-0.5643,0.0
-4.01785,-0.54173,0.0
-4.01785,-0.51916,0.0
-4.01785,-0.49659,0.0
-4.01785,-0.47402,0.0
-4.01785,-0.45144,0.0
-4.01785,-0.42887,0.0
-4.01785,-0.4063,0.0
-4.01785,-0.38373,0.0
-4.01785,-0.36115,0.0
-4.01785,-0.33858,0.0
-4.01785,-0.31601,0.0
-4.01785,-0.29344,0.0
-4.01785,-0.27087,0.0
-4.01785,-0.24829,0.0
-4.01785,-0.22572,0.0
-4.01785,-0.20315,0.0
-4.01785,-0.18058,0.0
-4.01785,-0.15801,0.0
-4.01785,-0.13543,0.0
-4.01785,-0.11286,0.0
-4.01785,-0.09029,0.0
-4.01785,-0.06772,0.0
-4.01785,-0.04514,0.0
-4.01785,-0.02257,0.0
-4.01785,0,0.0
-4.01785,0.02257,0.0
-4.01785,0.04514,0.0
-4.01785,0.06772,0.0
-4.01785,0.09029,0.0
-4.01785,0.11286,0.0
-4.01785,0.13543,0.0
-4.01785,0.15801,0.0
-4.01785,0.18058,0.0
-4.01785,0.20315,0.0
-4.01785,0.22572,0.0
-4.01785,0.24829,0.0
-4.01785,0.27087,0.0
-4.01785,0.29344,0.0
-4.01785,0.31601,0.0
-4.01785,0.33858,0.0
-4.01785,0.36115,0.0
-4.01785,0.38373,0.0
-4.01785,0.4063,0.0
-4.01785,0.42887,0.0
-4.01785,0.45144,0.0
-4.01785,0.47402,0.0
-4.01785,0.49659,0.0
-4.01785,0.51916,0.0
-4.01785,0.54173,0.0
-4.01785,0.5643,0.0
-4.01785,0.58688,0.0
-4.01785,0.60945,0.0
-4.01785,0.63202,0.0
-4.01785,0.65459,0.0
-4.01785,0.67717,0.0
-4.01785,0.69974,0.0
-4.01785,0.72231,0.0
-4.01785,0.74488,0.0
-4.01785,0.76745,0.0
-4.01785,0.79003,0.0
-3.99528,-0.79003,0.0
-3.99528,-0.76745,0.0
-3.99528,-0.74488,0.0
-3.99528,-0.72231,0.0
-3.99528,-0.69974,0.0
-3.99528,-0.67717,0.0
-3.99528,-0.65459,0.0
-3.99528,-0.63202,0.0
-3.99528,-0.60945,0.0
-3.99528,-0.58688,0.0
-3.99528,-0.5643,0.0
-3.99528,-0.54173,0.0
-3.99528,-0.51916,0.0
-3.99528,-0.49659,0.0
-3.99528,-0.47402,0.0
-3.99528,-0.45144,0.0
-3.99528,-0.42887,0.0
-3.99528,-0.4063,0.0
-3.99528,-0.38373,0.0
-3.99528,-0.36115,0.0
-3.99528,-0.33858,0.0
-3.99528,-0.31601,0.0
-3.99528,-0.29344,0.0
-3.99528,-0.27087,0.0
-3.99528,-0.24829,0.0
-3.99528,-0.22572,0.0
-3.99528,-0.20315,0.0
-3.99528,-0.18058,0.0
-3.99528,-0.15801,0.0
-3.99528,-0.13543,0.0
-3.99528,-0.11286,0.0
-3.99528,-0.09029,0.0
-3.99528,-0.06772,0.0
-3.99528,-0.04514,0.0
-3.99528,-0.02257,0.0
-3.99528,0,0.0
-3.99528,0.02257,0.0
-3.99528,0.04514,0.0
-3.99528,0.06772,0.0
-3.99528,0.09029,0.0
-3.99528,0.11286,0.0
-3.99528,0.13543,0.0
-3.99528,0.15801,0.0
-3.99528,0.18058,0.0
-3.99528,0.20315,0.0
-3.99528,0.22572,0.0
-3.99528,0.24829,0.0
-3.99528,0.27087,0.0
-3.99528,0.29344,0.0
-3.99528,0.31601,0.0
-3.99528,0.33858,0.0
-3.99528,0.36115,0.0
-3.99528,0.38373,0.0
-3.99528,0.4063,0.0
-3.99528,0.42887,0.0
-3.99528,0.45144,0.0
-3.99528,0.47402,0.0
-3.99528,0.49659,0.0
-3.99528,0.51916,0.0
-3.99528,0.54173,0.0
-3.99528,0.5643,0.0
-3.99528,0.58688,0.0
-3.99528,0.60945,0.0
-3.99528,0.63202,0.0
-3.99528,0.65459,0.0
-3.99528,0.67717,0.0
-3.99528,0.69974,0.0
-3.99528,0.72231,0.0
-3.99528,0.74488,0.0
-3.99528,0.76745,0.0
-3.99528,0.79003,0.0
-3.9727,-0.79003,0.0
-3.9727,-0.76745,0.0
-3.9727,-0.74488,0.0
-3.9727,-0.72231,0.0
-3.9727,-0.69974,0.0
-3.9727,-0.67717,0.0
-3.9727,-0.65459,0.0
-3.9727,-0.63202,0.0
-3.9727,-0.60945,0.0
-3.9727,-0.58688,0.0
-3.9727,-0.5643,0.0
-3.9727,-0.54173,0.0
-3.9727,-0.51916,0.0
-3.9727,-0.49659,0.0
-3.9727,-0.47402,0.0
-3.9727,-0.45144,0.0
-3.9727,-0.42887,0.0
-3.9727,-0.4063,0.0
-3.9727,-0.38373,0.0
-3.9727,-0.36115,0.0
-3.9727,-0.33858,0.0
-3.9727,-0.31601,0.0
-3.9727,-0.29344,0.0
-3.9727,-0.27087,0.0
-3.9727,-0.24829,0.0
-3.9727,-0.22572,0.0
-3.9727,-0.20315,0.0
-3.9727,-0.18058,0.0
-3.9727,-0.15801,0.0
-3.9727,-0.13543,0.0
-3.9727,-0.11286,0.0
-3.9727,-0.09029,0.0
-3.9727,-0.06772,0.0
-3.9727,-0.04514,0.0
-3.9727,-0.02257,0.0
-3.9727,0,0.0
-3.9727,0.02257,0.0
-3.9727,0.04514,0.0
-3.9727,0.06772,0.0
-3.9727,0.09029,0.0
-3.9727,0.11286,0.0
-3.9727,0.13543,0.0
-3.9727,0.15801,0.0
-3.9727,0.18058,0.0
-3.9727,0.20315,0.0
-3.9727,0.22572,0.0
-3.9727,0.24829,0.0
-3.9727,0.27087,0.0
-3.9727,0.29344,0.0
-3.9727,0.31601,0.0
-3.9727,0.33858,0.0
-3.9727,0.36115,0.0
-3.9727,0.38373,0.0
-3.9727,0.4063,0.0
-3.9727,0.42887,0.0
-3.9727,0.45144,0.0
-3.9727,0.47402,0.0
-3.9727,0.49659,0.0
-3.9727,0.51916,0.0
-3.9727,0.54173,0.0
-3.9727,0.5643,0.0
-3.9727,0.58688,0.0
-3.9727,0.60945,0.0
-3.9727,0.63202,0.0
-3.9727,0.65459,0.0
-3.9727,0.67717,0.0
-3.9727,0.69974,0.0
-3.9727,0.72231,0.0
-3.9727,0.74488,0.0
-3.9727,0.76745,0.0
-3.9727,0.79003,0.0
-3.95013,-0.79003,0.0
-3.95013,-0.76745,0.0
-3.95013,-0.74488,0.0
-3.95013,-0.72231,0.0
-3.95013,-0.69974,0.0
-3.95013,-0.67717,0.0
-3.95013,-0.65459,0.0
-3.95013,-0.63202,0.0
-3.95013,-0.60945,0.0
-3.95013,-0.58688,0.0
-3.95013,-0.5643,0.0
-3.95013,-0.54173,0.0
-3.95013,-0.51916,0.0
-3.95013,-0.49659,0.0
-3.95013,-0.47402,0.0
-3.95013,-0.45144,0.0
-3.95013,-0.42887,0.0
-3.95013,-0.4063,0.0
-3.95013,-0.38373,0.0
-3.95013,-0.36115,0.0
-3.95013,-0.33858,0.0
-3.95013,-0.31601,0.0
-3.95013,-0.29344,0.0
-3.95013,-0.27087,0.0
-3.95013,-0.24829,0.0
-3.95013,-0.22572,0.0
-3.95013,-0.20315,0.0
-3.95013,-0.18058,0.0
-3.95013,-0.15801,0.0
-3.95013,-0.13543,0.0
-3.95013,-0.11286,0.0
-3.95013,-0.09029,0.0
-3.95013,-0.06772,0.0
-3.95013,-0.04514,0.0
-3.95013,-0.02257,0.0
-3.95013,0,0.0
-3.95013,0.02257,0.0
-3.95013,0.04514,0.0
-3.95013,0.06772,0.0
-3.95013,0.09029,0.0
-3.95013,0.11286,0.0
-3.95013,0.13543,0.0
-3.95013,0.15801,0.0
-3.95013,0.18058,0.0
-3.95013,0.20315,0.0
-3.95013,0.22572,0.0
-3.95013,0.24829,0.0
-3.95013,0.27087,0.0
-3.95013,0.29344,0.0
-3.95013,0.31601,0.0
-3.95013,0.33858,0.0
-3.95013,0.36115,0.0
-3.95013,0.38373,0.0
-3.95013,0.4063,0.0
-3.95013,0.42887,0.0
-3.95013,0.45144,0.0
-3.95013,0.47402,0.0
-3.95013,0.49659,0.0
-3.95013,0.51916,0.0
-3.95013,0.54173,0.0
-3.95013,0.5643,0.0
-3.95013,0.58688,0.0
-3.95013,0.60945,0.0
-3.95013,0.63202,0.0
-3.95013,0.65459,0.0
-3.95013,0.67717,0.0
-3.95013,0.69974,0.0
-3.95013,0.72231,0.0
-3.95013,0.74488,0.0
-3.95013,0.76745,0.0
-3.95013,0.79003,0.0
-3.92756,-0.79003,0.0
-3.92756,-0.76745,0.0
-3.92756,-0.74488,0.0
-3.92756,-0.72231,0.0
-3.92756,-0.69974,0.0
-3.92756,-0.67717,0.0
-3.92756,-0.65459,0.0
-3.92756,-0.63202,0.0
-3.92756,-0.60945,0.0
-3.92756,-0.58688,0.0
-3.92756,-0.5643,0.0
-3.92756,-0.54173,0.0
-3.92756,-0.51916,0.0
-3.92756,-0.49659,0.0
-3.92756,-0.47402,0.0
-3.92756,-0.45144,0.0
-3.92756,-0.42887,0.0
-3.92756,-0.4063,0.0
-3.92756,-0.38373,0.0
-3.92756,-0.36115,0.0
-3.92756,-0.33858,0.0
-3.92756,-0.31601,0.0
-3.92756,-0.29344,0.0
-3.92756,-0.27087,0.0
-3.92756,-0.24829,0.0
-3.92756,-0.22572,0.0
-3.92756,-0.20315,0.0
-3.92756,-0.18058,0.0
-3.92756,-0.15801,0.0
-3.92756,-0.13543,0.0
-3.92756,-0.11286,0.0
-3.92756,-0.09029,0.0
-3.92756,-0.06772,0.0
-3.92756,-0.04514,0.0
-3.92756,-0.02257,0.0
-3.92756,0,0.0
-3.92756,0.02257,0.0
-3.92756,0.04514,0.0
-3.92756,0.06772,0.0
-3.92756,0.09029,0.0
-3.92756,0.11286,0.0
-3.92756,0.13543,0.0
-3.92756,0.15801,0.0
-3.92756,0.18058,0.0
-3.92756,0.20315,0.0
-3.92756,0.22572,0.0
-3.92756,0.24829,0.0
-3.92756,0.27087,0.0
-3.92756,0.29344,0.0
-3.92756,0.31601,0.0
-3.92756,0.33858,0.0
-3.92756,0.36115,0.0
-3.92756,0.38373,0.0
-3.92756,0.4063,0.0
-3.92756,0.42887,0.0
-3.92756,0.45144,0.0
-3.92756,0.47402,0.0
-3.92756,0.49659,0.0
-3.92756,0.51916,0.0
-3.92756,0.54173,0.0
-3.92756,0.5643,0.0
-3.92756,0.58688,0.0
-3.92756,0.60945,0.0
-3.92756,0.63202,0.0
-3.92756,0.65459,0.0
-3.92756,0.67717,0.0
-3.92756,0.69974,0.0
-3.92756,0.72231,0.0
-3.92756,0.74488,0.0
-3.92756,0.76745,0.0
-3.92756,0.79003,0.0
-3.90499,-0.79003,0.0
-3.90499,-0.76745,0.0
-3.90499,-0.74488,0.0
-3.90499,-0.72231,0.0
-3.90499,-0.69974,0.0
-3.90499,-0.67717,0.0
-3.90499,-0.65459,0.0
-3.90499,-0.63202,0.0
-3.90499,-0.60945,0.0
-3.90499,-0.58688,0.0
-3.90499,-0.5643,0.0
-3.90499,-0.54173,0.0
-3.90499,-0.51916,0.0
-3.90499,-0.49659,0.0
-3.90499,-0.47402,0.0
-3.90499,-0.45144,0.0
-3.90499,-0.42887,0.0
-3.90499,-0.4063,0.0
-3.90499,-0.38373,0.0
-3.90499,-0.36115,0.0
-3.90499,-0.33858,0.0
-3.90499,-0.31601,0.0
-3.90499,-0.29344,0.0
-3.90499,-0.27087,0.0
-3.90499,-0.24829,0.0
-3.90499,-0.22572,0.0
-3.90499,-0.20315,0.0
-3.90499,-0.18058,0.0
-3.90499,-0.15801,0.0
-3.90499,-0.13543,0.0
-3.90499,-0.11286,0.0
-3.90499,-0.09029,0.0
-3.90499,-0.06772,0.0
-3.90499,-0.04514,0.0
-3.90499,-0.02257,0.0
-3.90499,0,0.0
-3.90499,0.02257,0.0
-3.90499,0.04514,0.0
-3.90499,0.06772,0.0
-3.90499,0.09029,0.0
-3.90499,0.11286,0.0
-3.90499,0.13543,0.0
-3.90499,0.15801,0.0
-3.90499,0.18058,0.0
-3.90499,0.20315,0.0
-3.90499,0.22572,0.0
-3.90499,0.24829,0.0
-3.90499,0.27087,0.0
-3.90499,0.29344,0.0
-3.90499,0.31601,0.0
-3.90499,0.33858,0.0
-3.90499,0.36115,0.0
-3.90499,0.38373,0.0
-3.90499,0.4063,0.0
-3.90499,0.42887,0.0
-3.90499,0.45144,0.0
-3.90499,0.47402,0.0
-3.90499,0.49659,0.0
-3.90499,0.51916,0.0
-3.90499,0.54173,0.0
-3.90499,0.5643,0.0
-3.90499,0.58688,0.0
-3.90499,0.60945,0.0
-3.90499,0.63202,0.0
-3.90499,0.65459,0.0
-3.90499,0.67717,0.0
-3.90499,0.69974,0.0
-3.90499,0.72231,0.0
-3.90499,0.74488,0.0
-3.90499,0.76745,0.0
-3.90499,0.79003,0.0
-3.88242,-0.79003,0.0
-3.88242,-0.76745,0.0
-3.88242,-0.74488,0.0
-3.88242,-0.72231,0.0
-3.88242,-0.69974,0.0
-3.88242,-0.67717,0.0
-3.88242,-0.65459,0.0
-3.88242,-0.63202,0.0
-3.88242,-0.60945,0.0
-3.88242,-0.58688,0.0
-3.88242,-0.5643,0.0
-3.88242,-0.54173,0.0
-3.88242,-0.51916,0.0
-3.88242,-0.49659,0.0
-3.88242,-0.47402,0.0
-3.88242,-0.45144,0.0
-3.88242,-0.42887,0.0
-3.88242,-0.4063,0.0
-3.88242,-0.38373,0.0
-3.88242,-0.36115,0.0
-3.88242,-0.33858,0.0
-3.88242,-0.31601,0.0
-3.88242,-0.29344,0.0
-3.88242,-0.27087,0.0
-3.88242,-0.24829,0.0
-3.88242,-0.22572,0.0
-3.88242,-0.20315,0.0
-3.88242,-0.18058,0.0
-3.88242,-0.15801,0.0
-3.88242,-0.13543,0.0
-3.88242,-0.11286,0.0
-3.88242,-0.09029,0.0
-3.88242,-0.06772,0.0
-3.88242,-0.04514,0.0
-3.88242,-0.02257,0.0
-3.88242,0,0.0
-3.88242,0.02257,0.0
-3.88242,0.04514,0.0
-3.88242,0.06772,0.0
-3.88242,0.09029,0.0
-3.88242,0.11286,0.0
-3.88242,0.13543,0.0
-3.88242,0.15801,0.0
-3.88242,0.18058,0.0
-3.88242,0.20315,0.0
-3.88242,0.22572,0.0
-3.88242,0.24829,0.0
-3.88242,0.27087,0.0
-3.88242,0.29344,0.0
-3.88242,0.31601,0.0
-3.88242,0.33858,0.0
-3.88242,0.36115,0.0
-3.88242,0.38373,0.0
-3.88242,0.4063,0.0
-3.88242,0.42887,0.0
-3.88242,0.45144,0.0
-3.88242,0.47402,0.0
-3.88242,0.49659,0.0
-3.88242,0.51916,0.0
-3.88242,0.54173,0.0
-3.88242,0.5643,0.0
-3.88242,0.58688,0.0
-3.88242,0.60945,0.0
-3.88242,0.63202,0.0
-3.88242,0.65459,0.0
-3.88242,0.67717,0.0
-3.88242,0.69974,0.0
-3.88242,0.72231,0.0
-3.88242,0.74488,0.0
-3.88242,0.76745,0.0
-3.88242,0.79003,0.0
-3.85984,-0.79003,0.0
-3.85984,-0.76745,0.0
-3.85984,-0.74488,0.0
-3.85984,-0.72231,0.0
-3.85984,-0.69974,0.0
-3.85984,-0.67717,0.0
-3.85984,-0.65459,0.0
-3.85984,-0.63202,0.0
-3.85984,-0.60945,0.0
-3.85984,-0.58688,0.0
-3.85984,-0.5643,0.0
-3.85984,-0.54173,0.0
-3.85984,-0.51916,0.0
-3.85984,-0.49659,0.0
-3.85984,-0.47402,0.0
-3.85984,-0.45144,0.0
-3.85984,-0.42887,0.0
-3.85984,-0.4063,0.0
-3.85984,-0.38373,0.0
-3.85984,-0.36115,0.0
-3.85984,-0.33858,0.0
-3.85984,-0.31601,0.0
-3.85984,-0.29344,0.0
-3.85984,-0.27087,0.0
-3.85984,-0.24829,0.0
-3.85984,-0.22572,0.0
-3.85984,-0.20315,0.0
-3.85984,-0.18058,0.0
-3.85984,-0.15801,0.0
-3.85984,-0.13543,0.0
-3.85984,-0.11286,0.0
-3.85984,-0.09029,0.0
-3.85984,-0.06772,0.0
-3.85984,-0.04514,0.0
-3.85984,-0.02257,0.0
-3.85984,0,0.0
-3.85984,0.02257,0.0
-3.85984,0.04514,0.0
-3.85984,0.06772,0.0
-3.85984,0.09029,0.0
-3.85984,0.11286,0.0
-3.85984,0.13543,0.0
-3.85984,0.15801,0.0
-3.85984,0.18058,0.0
-3.85984,0.20315,0.0
-3.85984,0.22572,0.0
-3.85984,0.24829,0.0
-3.85984,0.27087,0.0
-3.85984,0.29344,0.0
-3.85984,0.31601,0.0
-3.85984,0.33858,0.0
-3.85984,0.36115,0.0
-3.85984,0.38373,0.0
-3.85984,0.4063,0.0
-3.85984,0.42887,0.0
-3.85984,0.45144,0.0
-3.85984,0.47402,0.0
-3.85984,0.49659,0.0
-3.85984,0.51916,0.0
-3.85984,0.54173,0.0
-3.85984,0.5643,0.0
-3.85984,0.58688,0.0
-3.85984,0.60945,0.0
-3.85984,0.63202,0.0
-3.85984,0.65459,0.0
-3.85984,0.67717,0.0
-3.85984,0.69974,0.0
-3.85984,0.72231,0.0
-3.85984,0.74488,0.0
-3.85984,0.76745,0.0
-3.85984,0.79003,0.0
-3.83727,-0.79003,0.0
-3.83727,-0.76745,0.0
-3.83727,-0.74488,0.0
-3.83727,-0.72231,0.0
-3.83727,-0.69974,0.0
-3.83727,-0.67717,0.0
-3.83727,-0.65459,0.0
-3.83727,-0.63202,0.0
-3.83727,-0.60945,0.0
-3.83727,-0.58688,0.0
-3.83727,-0.5643,0.0
-3.83727,-0.54173,0.0
-3.83727,-0.51916,0.0
-3.83727,-0.49659,0.0
-3.83727,-0.47402,0.0
-3.83727,-0.45144,0.0
-3.83727,-0.42887,0.0
-3.83727,-0.4063,0.0
-3.83727,-0.38373,0.0
-3.83727,-0.36115,0.0
-3.83727,-0.33858,0.0
-3.83727,-0.31601,0.0
-3.83727,-0.29344,0.0
-3.83727,-0.27087,0.0
-3.83727,-0.24829,0.0
-3.83727,-0.22572,0.0
-3.83727,-0.20315,0.0
-3.83727,-0.18058,0.0
-3.83727,-0.15801,0.0
-3.83727,-0.13543,0.0
-3.83727,-0.11286,0.0
-3.83727,-0.09029,0.0
-3.83727,-0.06772,0.0
-3.83727,-0.04514,0.0
-3.83727,-0.02257,0.0
-3.83727,0,0.0
-3.83727,0.02257,0.0
-3.83727,0.04514,0.0
-3.83727,0.06772,0.0
-3.83727,0.09029,0.0
-3.83727,0.11286,0.0
-3.83727,0.13543,0.0
-3.83727,0.15801,0.0
-3.83727,0.18058,0.0
-3.83727,0.20315,0.0
-3.83727,0.22572,0.0
-3.83727,0.24829,0.0
-3.83727,0.27087,0.0
-3.83727,0.29344,0.0
-3.83727,0.31601,0.0
-3.83727,0.33858,0.0
-3.83727,0.36115,0.0
-3.83727,0.38373,0.0
-3.83727,0.4063,0.0
-3.83727,0.42887,0.0
-3.83727,0.45144,0.0
-3.83727,0.47402,0.0
-3.83727,0.49659,0.0
-3.83727,0.51916,0.0
-3.83727,0.54173,0.0
-3.83727,0.5643,0.0
-3.83727,0.58688,0.0
-3.83727,0.60945,0.0
-3.83727,0.63202,0.0
-3.83727,0.65459,0.0
-3.83727,0.67717,0.0
-3.83727,0.69974,0.0
-3.83727,0.72231,0.0
-3.83727,0.74488,0.0
-3.83727,0.76745,0.0
-3.83727,0.79003,0.0
-3.8147,-0.79003,0.0
-3.8147,-0.76745,0.0
-3.8147,-0.74488,0.0
-3.8147,-0.72231,0.0
-3.8147,-0.69974,0.0
-3.8147,-0.67717,0.0
-3.8147,-0.65459,0.0
-3.8147,-0.63202,0.0
-3.8147,-0.60945,0.0
-3.8147,-0.58688,0.0
-3.8147,-0.5643,0.0
-3.8147,-0.54173,0.0
-3.8147,-0.51916,0.0
-3.8147,-0.49659,0.0
-3.8147,-0.47402,0.0
-3.8147,-0.45144,0.0
-3.8147,-0.42887,0.0
-3.8147,-0.4063,0.0
-3.8147,-0.38373,0.0
-3.8147,-0.36115,0.0
-3.8147,-0.33858,0.0
-3.8147,-0.31601,0.0
-3.8147,-0.29344,0.0
-3.8147,-0.27087,0.0
-3.8147,-0.24829,0.0
-3.8147,-0.22572,0.0
-3.8147,-0.20315,0.0
-3.8147,-0.18058,0.0
-3.8147,-0.15801,0.0
-3.8147,-0.13543,0.0
-3.8147,-0.11286,0.0
-3.8147,-0.09029,0.0
-3.8147,-0.06772,0.0
-3.8147,-0.04514,0.0
-3.8147,-0.02257,0.0
-3.8147,0,0.0
-3.8147,0.02257,0.0
-3.8147,0.04514,0.0
-3.8147,0.06772,0.0
-3.8147,0.09029,0.0
-3.8147,0.11286,0.0
-3.8147,0.13543,0.0
-3.8147,0.15801,0.0
-3.8147,0.18058,0.0
-3.8147,0.20315,0.0
-3.8147,0.22572,0.0
-3.8147,0.24829,0.0
-3.8147,0.27087,0.0
-3.8147,0.29344,0.0
-3.8147,0.31601,0.0
-3.8147,0.33858,0.0
-3.8147,0.36115,0.0
-3.8147,0.38373,0.0
-3.8147,0.4063,0.0
-3.8147,0.42887,0.0
-3.8147,0.45144,0.0
-3.8147,0.47402,0.0
-3.8147,0.49659,0.0
-3.8147,0.51916,0.0
-3.8147,0.54173,0.0
-3.8147,0.5643,0.0
-3.8147,0.58688,0.0
-3.8147,0.60945,0.0
-3.8147,0.63202,0.0
-3.8147,0.65459,0.0
-3.8147,0.67717,0.0
-3.8147,0.69974,0.0
-3.8147,0.72231,0.0
-3.8147,0.74488,0.0
-3.8147,0.76745,0.0
-3.8147,0.79003,0.0
-3.79213,-0.79003,0.0
-3.79213,-0.76745,0.0
-3.79213,-0.74488,0.0
-3.79213,-0.72231,0.0
-3.79213,-0.69974,0.0
-3.79213,-0.67717,0.0
-3.79213,-0.65459,0.0
-3.79213,-0.63202,0.0
-3.79213,-0.60945,0.0
-3.79213,-0.58688,0.0
-3.79213,-0.5643,0.0
-3.79213,-0.54173,0.0
-3.79213,-0.51916,0.0
-3.79213,-0.49659,0.0
-3.79213,-0.47402,0.0
-3.79213,-0.45144,0.0
-3.79213,-0.42887,0.0
-3.79213,-0.4063,0.0
-3.79213,-0.38373,0.0
-3.79213,-0.36115,0.0
-3.79213,-0.33858,0.0
-3.79213,-0.31601,0.0
-3.79213,-0.29344,0.0
-3.79213,-0.27087,0.0
-3.79213,-0.24829,0.0
-3.79213,-0.22572,0.0
-3.79213,-0.20315,0.0
-3.79213,-0.18058,0.0
-3.79213,-0.15801,0.0
-3.79213,-0.13543,0.0
-3.79213,-0.11286,0.0
-3.79213,-0.09029,0.0
-3.79213,-0.06772,0.0
-3.79213,-0.04514,0.0
-3.79213,-0.02257,0.0
-3.79213,0,0.0
-3.79213,0.02257,0.0
-3.79213,0.04514,0.0
-3.79213,0.06772,0.0
-3.79213,0.09029,0.0
-3.79213,0.11286,0.0
-3.79213,0.13543,0.0
-3.79213,0.15801,0.0
-3.79213,0.18058,0.0
-3.79213,0.20315,0.0
-3.79213,0.22572,0.0
-3.79213,0.24829,0.0
-3.79213,0.27087,0.0
-3.79213,0.29344,0.0
-3.79213,0.31601,0.0
-3.79213,0.33858,0.0
-3.79213,0.36115,0.0
-3.79213,0.38373,0.0
-3.79213,0.4063,0.0
-3.79213,0.42887,0.0
-3.79213,0.45144,0.0
-3.79213,0.47402,0.0
-3.79213,0.49659,0.0
-3.79213,0.51916,0.0
-3.79213,0.54173,0.0
-3.79213,0.5643,0.0
-3.79213,0.58688,0.0
-3.79213,0.60945,0.0
-3.79213,0.63202,0.0
-3.79213,0.65459,0.0
-3.79213,0.67717,0.0
-3.79213,0.69974,0.0
-3.79213,0.72231,0.0
-3.79213,0.74488,0.0
-3.79213,0.76745,0.0
-3.79213,0.79003,0.0
-3.76955,-0.79003,0.0
-3.76955,-0.76745,0.0
-3.76955,-0.74488,0.0
-3.76955,-0.72231,0.0
-3.76955,-0.69974,0.0
-3.76955,-0.67717,0.0
-3.76955,-0.65459,0.0
-3.76955,-0.63202,0.0
-3.76955,-0.60945,0.0
-3.76955,-0.58688,0.0
-3.76955,-0.5643,0.0
-3.76955,-0.54173,0.0
-3.76955,-0.51916,0.0
-3.76955,-0.49659,0.0
-3.76955,-0.47402,0.0
-3.76955,-0.45144,0.0
-3.76955,-0.42887,0.0
-3.76955,-0.4063,0.0
-3.76955,-0.38373,0.0
-3.76955,-0.36115,0.0
-3.76955,-0.33858,0.0
-3.76955,-0.31601,0.0
-3.76955,-0.29344,0.0
-3.76955,-0.27087,0.0
-3.76955,-0.24829,0.0
-3.76955,-0.22572,0.0
-3.76955,-0.20315,0.0
-3.76955,-0.18058,0.0
-3.76955,-0.15801,0.0
-3.76955,-0.13543,0.0
-3.76955,-0.11286,0.0
-3.76955,-0.09029,0.0
-3.76955,-0.06772,0.0
-3.76955,-0.04514,0.0
-3.76955,-0.02257,0.0
-3.76955,0,0.0
-3.76955,0.02257,0.0
-3.76955,0.04514,0.0
-3.76955,0.06772,0.0
-3.76955,0.09029,0.0
-3.76955,0.11286,0.0
-3.76955,0.13543,0.0
-3.76955,0.15801,0.0
-3.76955,0.18058,0.0
-3.76955,0.20315,0.0
-3.76955,0.22572,0.0
-3.76955,0.24829,0.0
-3.76955,0.27087,0.0
-3.76955,0.29344,0.0
-3.76955,0.31601,0.0
-3.76955,0.33858,0.0
-3.76955,0.36115,0.0
-3.76955,0.38373,0.0
-3.76955,0.4063,0.0
-3.76955,0.42887,0.0
-3.76955,0.45144,0.0
-3.76955,0.47402,0.0
-3.76955,0.49659,0.0
-3.76955,0.51916,0.0
-3.76955,0.54173,0.0
-3.76955,0.5643,0.0
-3.76955,0.58688,0.0
-3.76955,0.60945,0.0
-3.76955,0.63202,0.0
-3.76955,0.65459,0.0
-3.76955,0.67717,0.0
-3.76955,0.69974,0.0
-3.76955,0.72231,0.0
-3.76955,0.74488,0.0
-3.76955,0.76745,0.0
-3.76955,0.79003,0.0
-3.74698,-0.79003,0.0
-3.74698,-0.76745,0.0
-3.74698,-0.74488,0.0
-3.74698,-0.72231,0.0
-3.74698,-0.69974,0.0
-3.74698,-0.67717,0.0
-3.74698,-0.65459,0.0
-3.74698,-0.63202,0.0
-3.74698,-0.60945,0.0
-3.74698,-0.58688,0.0
-3.74698,-0.5643,0.0
-3.74698,-0.54173,0.0
-3.74698,-0.51916,0.0
-3.74698,-0.49659,0.0
-3.74698,-0.47402,0.0
-3.74698,-0.45144,0.0
-3.74698,-0.42887,0.0
-3.74698,-0.4063,0.0
-3.74698,-0.38373,0.0
-3.74698,-0.36115,0.0
-3.74698,-0.33858,0.0
-3.74698,-0.31601,0.0
-3.74698,-0.29344,0.0
-3.74698,-0.27087,0.0
-3.74698,-0.24829,0.0
-3.74698,-0.22572,0.0
-3.74698,-0.20315,0.0
-3.74698,-0.18058,0.0
-3.74698,-0.15801,0.0
-3.74698,-0.13543,0.0
-3.74698,-0.11286,0.0
-3.74698,-0.09029,0.0
-3.74698,-0.06772,0.0
-3.74698,-0.04514,0.0
-3.74698,-0.02257,0.0
-3.74698,0,0.0
-3.74698,0.02257,0.0
-3.74698,0.04514,0.0
-3.74698,0.06772,0.0
-3.74698,0.09029,0.0
-3.74698,0.11286,0.0
-3.74698,0.13543,0.0
-3.74698,0.15801,0.0
-3.74698,0.18058,0.0
-3.74698,0.20315,0.0
-3.74698,0.22572,0.0
-3.74698,0.24829,0.0
-3.74698,0.27087,0.0
-3.74698,0.29344,0.0
-3.74698,0.31601,0.0
-3.74698,0.33858,0.0
-3.74698,0.36115,0.0
-3.74698,0.38373,0.0
-3.74698,0.4063,0.0
-3.74698,0.42887,0.0
-3.74698,0.45144,0.0
-3.74698,0.47402,0.0
-3.74698,0.49659,0.0
-3.74698,0.51916,0.0
-3.74698,0.54173,0.0
-3.74698,0.5643,0.0
-3.74698,0.58688,0.0
-3.74698,0.60945,0.0
-3.74698,0.63202,0.0
-3.74698,0.65459,0.0
-3.74698,0.67717,0.0
-3.74698,0.69974,0.0
-3.74698,0.72231,0.0
-3.74698,0.74488,0.0
-3.74698,0.76745,0.0
-3.74698,0.79003,0.0
-3.72441,-0.79003,0.0
-3.72441,-0.76745,0.0
-3.72441,-0.74488,0.0
-3.72441,-0.72231,0.0
-3.72441,-0.69974,0.0
-3.72441,-0.67717,0.0
-3.72441,-0.65459,0.0
-3.72441,-0.63202,0.0
-3.72441,-0.60945,0.0
-3.72441,-0.58688,0.0
-3.72441,-0.5643,0.0
-3.72441,-0.54173,0.0
-3.72441,-0.51916,0.0
-3.72441,-0.49659,0.0
-3.72441,-0.47402,0.0
-3.72441,-0.45144,0.0
-3.72441,-0.42887,0.0
-3.72441,-0.4063,0.0
-3.72441,-0.38373,0.0
-3.72441,-0.36115,0.0
-3.72441,-0.33858,0.0
-3.72441,-0.31601,0.0
-3.72441,-0.29344,0.0
-3.72441,-0.27087,0.0
-3.72441,-0.24829,0.0
-3.72441,-0.22572,0.0
-3.72441,-0.20315,0.0
-3.72441,-0.18058,0.0
-3.72441,-0.15801,0.0
-3.72441,-0.13543,0.0
-3.72441,-0.11286,0.0
-3.72441,-0.09029,0.0
-3.72441,-0.06772,0.0
-3.72441,-0.04514,0.0
-3.72441,-0.02257,0.0
-3.72441,0,0.0
-3.72441,0.02257,0.0
-3.72441,0.04514,0.0
-3.72441,0.06772,0.0
-3.72441,0.09029,0.0
-3.72441,0.11286,0.0
-3.72441,0.13543,0.0
-3.72441,0.15801,0.0
-3.72441,0.18058,0.0
-3.72441,0.20315,0.0
-3.72441,0.22572,0.0
-3.72441,0.24829,0.0
-3.72441,0.27087,0.0
-3.72441,0.29344,0.0
-3.72441,0.31601,0.0
-3.72441,0.33858,0.0
-3.72441,0.36115,0.0
-3.72441,0.38373,0.0
-3.72441,0.4063,0.0
-3.72441,0.42887,0.0
-3.72441,0.45144,0.0
-3.72441,0.47402,0.0
-3.72441,0.49659,0.0
-3.72441,0.51916,0.0
-3.72441,0.54173,0.0
-3.72441,0.5643,0.0
-3.72441,0.58688,0.0
-3.72441,0.60945,0.0
-3.72441,0.63202,0.0
-3.72441,0.65459,0.0
-3.72441,0.67717,0.0
-3.72441,0.69974,0.0
-3.72441,0.72231,0.0
-3.72441,0.74488,0.0
-3.72441,0.76745,0.0
-3.72441,0.79003,0.0
-3.70184,-0.79003,0.0
-3.70184,-0.76745,0.0
-3.70184,-0.74488,0.0
-3.70184,-0.72231,0.0
-3.70184,-0.69974,0.0
-3.70184,-0.67717,0.0
-3.70184,-0.65459,0.0
-3.70184,-0.63202,0.0
-3.70184,-0.60945,0.0
-3.70184,-0.58688,0.0
-3.70184,-0.5643,0.0
-3.70184,-0.54173,0.0
-3.70184,-0.51916,0.0
-3.70184,-0.49659,0.0
-3.70184,-0.47402,0.0
-3.70184,-0.45144,0.0
-3.70184,-0.42887,0.0
-3.70184,-0.4063,0.0
-3.70184,-0.38373,0.0
-3.70184,-0.36115,0.0
-3.70184,-0.33858,0.0
-3.70184,-0.31601,0.0
-3.70184,-0.29344,0.0
-3.70184,-0.27087,0.0
-3.70184,-0.24829,0.0
-3.70184,-0.22572,0.0
-3.70184,-0.20315,0.0
-3.70184,-0.18058,0.0
-3.70184,-0.15801,0.0
-3.70184,-0.13543,0.0
-3.70184,-0.11286,0.0
-3.70184,-0.09029,0.0
-3.70184,-0.06772,0.0
-3.70184,-0.04514,0.0
-3.70184,-0.02257,0.0
-3.70184,0,0.0
-3.70184,0.02257,0.0
-3.70184,0.04514,0.0
-3.70184,0.06772,0.0
-3.70184,0.09029,0.0
-3.70184,0.11286,0.0
-3.70184,0.13543,0.0
-3.70184,0.15801,0.0
-3.70184,0.18058,0.0
-3.70184,0.20315,0.0
-3.70184,0.22572,0.0
-3.70184,0.24829,0.0
-3.70184,0.27087,0.0
-3.70184,0.29344,0.0
-3.70184,0.31601,0.0
-3.70184,0.33858,0.0
-3.70184,0.36115,0.0
-3.70184,0.38373,0.0
-3.70184,0.4063,0.0
-3.70184,0.42887,0.0
-3.70184,0.45144,0.0
-3.70184,0.47402,0.0
-3.70184,0.49659,0.0
-3.70184,0.51916,0.0
-3.70184,0.54173,0.0
-3.70184,0.5643,0.0
-3.70184,0.58688,0.0
-3.70184,0.60945,0.0
-3.70184,0.63202,0.0
-3.70184,0.65459,0.0
-3.70184,0.67717,0.0
-3.70184,0.69974,0.0
-3.70184,0.72231,0.0
-3.70184,0.74488,0.0
-3.70184,0.76745,0.0
-3.70184,0.79003,0.0
-3.67927,-0.79003,0.0
-3.67927,-0.76745,0.0
-3.67927,-0.74488,0.0
-3.67927,-0.72231,0.0
-3.67927,-0.69974,0.0
-3.67927,-0.67717,0.0
-3.67927,-0.65459,0.0
-3.67927,-0.63202,0.0
-3.67927,-0.60945,0.0
-3.67927,-0.58688,0.0
-3.67927,-0.5643,0.0
-3.67927,-0.54173,0.0
-3.67927,-0.51916,0.0
-3.67927,-0.49659,0.0
-3.67927,-0.47402,0.0
-3.67927,-0.45144,0.0
-3.67927,-0.42887,0.0
-3.67927,-0.4063,0.0
-3.67927,-0.38373,0.0
-3.67927,-0.36115,0.0
-3.67927,-0.33858,0.0
-3.67927,-0.31601,0.0
-3.67927,-0.29344,0.0
-3.67927,-0.27087,0.0
-3.67927,-0.24829,0.0
-3.67927,-0.22572,0.0
-3.67927,-0.20315,0.0
-3.67927,-0.18058,0.0
-3.67927,-0.15801,0.0
-3.67927,-0.13543,0.0
-3.67927,-0.11286,0.0
-3.67927,-0.09029,0.0
-3.67927,-0.06772,0.0
-3.67927,-0.04514,0.0
-3.67927,-0.02257,0.0
-3.67927,0,0.0
-3.67927,0.02257,0.0
-3.67927,0.04514,0.0
-3.67927,0.06772,0.0
-3.67927,0.09029,0.0
-3.67927,0.11286,0.0
-3.67927,0.13543,0.0
-3.67927,0.15801,0.0
-3.67927,0.18058,0.0
-3.67927,0.20315,0.0
-3.67927,0.22572,0.0
-3.67927,0.24829,0.0
-3.67927,0.27087,0.0
-3.67927,0.29344,0.0
-3.67927,0.31601,0.0
-3.67927,0.33858,0.0
-3.67927,0.36115,0.0
-3.67927,0.38373,0.0
-3.67927,0.4063,0.0
-3.67927,0.42887,0.0
-3.67927,0.45144,0.0
-3.67927,0.47402,0.0
-3.67927,0.49659,0.0
-3.67927,0.51916,0.0
-3.67927,0.54173,0.0
-3.67927,0.5643,0.0
-3.67927,0.58688,0.0
-3.67927,0.60945,0.0
-3.67927,0.63202,0.0
-3.67927,0.65459,0.0
-3.67927,0.67717,0.0
-3.67927,0.69974,0.0
-3.67927,0.72231,0.0
-3.67927,0.74488,0.0
-3.67927,0.76745,0.0
-3.67927,0.79003,0.0
-3.65669,-0.79003,0.0
-3.65669,-0.76745,0.0
-3.65669,-0.74488,0.0
-3.65669,-0.72231,0.0
-3.65669,-0.69974,0.0
-3.65669,-0.67717,0.0
-3.65669,-0.65459,0.0
-3.65669,-0.63202,0.0
-3.65669,-0.60945,0.0
-3.65669,-0.58688,0.0
-3.65669,-0.5643,0.0
-3.65669,-0.54173,0.0
-3.65669,-0.51916,0.0
-3.65669,-0.49659,0.0
-3.65669,-0.47402,0.0
-3.65669,-0.45144,0.0
-3.65669,-0.42887,0.0
-3.65669,-0.4063,0.0
-3.65669,-0.38373,0.0
-3.65669,-0.36115,0.0
-3.65669,-0.33858,0.0
-3.65669,-0.31601,0.0
-3.65669,-0.29344,0.0
-3.65669,-0.27087,0.0
-3.65669,-0.24829,0.0
-3.65669,-0.22572,0.0
-3.65669,-0.20315,0.0
-3.65669,-0.18058,0.0
-3.65669,-0.15801,0.0
-3.65669,-0.13543,0.0
-3.65669,-0.11286,0.0
-3.65669,-0.09029,0.0
-3.65669,-0.06772,0.0
-3.65669,-0.04514,0.0
-3.65669,-0.02257,0.0
-3.65669,0,0.0
-3.65669,0.02257,0.0
-3.65669,0.04514,0.0
-3.65669,0.06772,0.0
-3.65669,0.09029,0.0
-3.65669,0.11286,0.0
-3.65669,0.13543,0.0
-3.65669,0.15801,0.0
-3.65669,0.18058,0.0
-3.65669,0.20315,0.0
-3.65669,0.22572,0.0
-3.65669,0.24829,0.0
-3.65669,0.27087,0.0
-3.65669,0.29344,0.0
-3.65669,0.31601,0.0
-3.65669,0.33858,0.0
-3.65669,0.36115,0.0
-3.65669,0.38373,0.0
-3.65669,0.4063,0.0
-3.65669,0.42887,0.0
-3.65669,0.45144,0.0
-3.65669,0.47402,0.0
-3.65669,0.49659,0.0
-3.65669,0.51916,0.0
-3.65669,0.54173,0.0
-3.65669,0.5643,0.0
-3.65669,0.58688,0.0
-3.65669,0.60945,0.0
-3.65669,0.63202,0.0
-3.65669,0.65459,0.0
-3.65669,0.67717,0.0
-3.65669,0.69974,0.0
-3.65669,0.72231,0.0
-3.65669,0.74488,0.0
-3.65669,0.76745,0.0
-3.65669,0.79003,0.0
-3.63412,-0.79003,0.0
-3.63412,-0.76745,0.0
-3.63412,-0.74488,0.0
-3.63412,-0.72231,0.0
-3.63412,-0.69974,0.0
-3.63412,-0.67717,0.0
-3.63412,-0.65459,0.0
-3.63412,-0.63202,0.0
-3.63412,-0.60945,0.0
-3.63412,-0.58688,0.0
-3.63412,-0.5643,0.0
-3.63412,-0.54173,0.0
-3.63412,-0.51916,0.0
-3.63412,-0.49659,0.0
-3.63412,-0.47402,0.0
-3.63412,-0.45144,0.0
-3.63412,-0.42887,0.0
-3.63412,-0.4063,0.0
-3.63412,-0.38373,0.0
-3.63412,-0.36115,0.0
-3.63412,-0.33858,0.0
-3.63412,-0.31601,0.0
-3.63412,-0.29344,0.0
-3.63412,-0.27087,0.0
-3.63412,-0.24829,0.0
-3.63412,-0.22572,0.0
-3.63412,-0.20315,0.0
-3.63412,-0.18058,0.0
-3.63412,-0.15801,0.0
-3.63412,-0.13543,0.0
-3.63412,-0.11286,0.0
-3.63412,-0.09029,0.0
-3.63412,-0.06772,0.0
-3.63412,-0.04514,0.0
-3.63412,-0.02257,0.0
-3.63412,0,0.0
-3.63412,0.02257,0.0
-3.63412,0.04514,0.0
-3.63412,0.06772,0.0
-3.63412,0.09029,0.0
-3.63412,0.11286,0.0
-3.63412,0.13543,0.0
-3.63412,0.15801,0.0
-3.63412,0.18058,0.0
-3.63412,0.20315,0.0
-3.63412,0.22572,0.0
-3.63412,0.24829,0.0
-3.63412,0.27087,0.0
-3.63412,0.29344,0.0
-3.63412,0.31601,0.0
-3.63412,0.33858,0.0
-3.63412,0.36115,0.0
-3.63412,0.38373,0.0
-3.63412,0.4063,0.0
-3.63412,0.42887,0.0
-3.63412,0.45144,0.0
-3.63412,0.47402,0.0
-3.63412,0.49659,0.0
-3.63412,0.51916,0.0
-3.63412,0.54173,0.0
-3.63412,0.5643,0.0
-3.63412,0.58688,0.0
-3.63412,0.60945,0.0
-3.63412,0.63202,0.0
-3.63412,0.65459,0.0
-3.63412,0.67717,0.0
-3.63412,0.69974,0.0
-3.63412,0.72231,0.0
-3.63412,0.74488,0.0
-3.63412,0.76745,0.0
-3.63412,0.79003,0.0
-3.61155,-0.79003,0.0
-3.61155,-0.76745,0.0
-3.61155,-0.74488,0.0
-3.61155,-0.72231,0.0
-3.61155,-0.69974,0.0
-3.61155,-0.67717,0.0
-3.61155,-0.65459,0.0
-3.61155,-0.63202,0.0
-3.61155,-0.60945,0.0
-3.61155,-0.58688,0.0
-3.61155,-0.5643,0.0
-3.61155,-0.54173,0.0
-3.61155,-0.51916,0.0
-3.61155,-0.49659,0.0
-3.61155,-0.47402,0.0
-3.61155,-0.45144,0.0
-3.61155,-0.42887,0.0
-3.61155,-0.4063,0.0
-3.61155,-0.38373,0.0
-3.61155,-0.36115,0.0
-3.61155,-0.33858,0.0
-3.61155,-0.31601,0.0
-3.61155,-0.29344,0.0
-3.61155,-0.27087,0.0
-3.61155,-0.24829,0.0
-3.61155,-0.22572,0.0
-3.61155,-0.20315,0.0
-3.61155,-0.18058,0.0
-3.61155,-0.15801,0.0
-3.61155,-0.13543,0.0
-3.61155,-0.11286,0.0
-3.61155,-0.09029,0.0
-3.61155,-0.06772,0.0
-3.61155,-0.04514,0.0
-3.61155,-0.02257,0.0
-3.61155,0,0.0
-3.61155,0.02257,0.0
-3.61155,0.04514,0.0
-3.61155,0.06772,0.0
-3.61155,0.09029,0.0
-3.61155,0.11286,0.0
-3.61155,0.13543,0.0
-3.61155,0.15801,0.0
-3.61155,0.18058,0.0
-3.61155,0.20315,0.0
-3.61155,0.22572,0.0
-3.61155,0.24829,0.0
-3.61155,0.27087,0.0
-3.61155,0.29344,0.0
-3.61155,0.31601,0.0
-3.61155,0.33858,0.0
-3.61155,0.36115,0.0
-3.61155,0.38373,0.0
-3.61155,0.4063,0.0
-3.61155,0.42887,0.0
-3.61155,0.45144,0.0
-3.61155,0.47402,0.0
-3.61155,0.49659,0.0
-3.61155,0.51916,0.0
-3.61155,0.54173,0.0
-3.61155,0.5643,0.0
-3.61155,0.58688,0.0
-3.61155,0.60945,0.0
-3.61155,0.63202,0.0
-3.61155,0.65459,0.0
-3.61155,0.67717,0.0
-3.61155,0.69974,0.0
-3.61155,0.72231,0.0
-3.61155,0.74488,0.0
-3.61155,0.76745,0.0
-3.61155,0.79003,0.0
-3.58898,-0.79003,0.0
-3.58898,-0.76745,0.0
-3.58898,-0.74488,0.0
-3.58898,-0.72231,0.0
-3.58898,-0.69974,0.0
-3.58898,-0.67717,0.0
-3.58898,-0.65459,0.0
-3.58898,-0.63202,0.0
-3.58898,-0.60945,0.0
-3.58898,-0.58688,0.0
-3.58898,-0.5643,0.0
-3.58898,-0.54173,0.0
-3.58898,-0.51916,0.0
-3.58898,-0.49659,0.0
-3.58898,-0.47402,0.0
-3.58898,-0.45144,0.0
-3.58898,-0.42887,0.0
-3.58898,-0.4063,0.0
-3.58898,-0.38373,0.0
-3.58898,-0.36115,0.0
-3.58898,-0.33858,0.0
-3.58898,-0.31601,0.0
-3.58898,-0.29344,0.0
-3.58898,-0.27087,0.0
-3.58898,-0.24829,0.0
-3.58898,-0.22572,0.0
-3.58898,-0.20315,0.0
-3.58898,-0.18058,0.0
-3.58898,-0.15801,0.0
-3.58898,-0.13543,0.0
-3.58898,-0.11286,0.0
-3.58898,-0.09029,0.0
-3.58898,-0.06772,0.0
-3.58898,-0.04514,0.0
-3.58898,-0.02257,0.0
-3.58898,0,0.0
-3.58898,0.02257,0.0
-3.58898,0.04514,0.0
-3.58898,0.06772,0.0
-3.58898,0.09029,0.0
-3.58898,0.11286,0.0
-3.58898,0.13543,0.0
-3.58898,0.15801,0.0
-3.58898,0.18058,0.0
-3.58898,0.20315,0.0
-3.58898,0.22572,0.0
-3.58898,0.24829,0.0
-3.58898,0.27087,0.0
-3.58898,0.29344,0.0
-3.58898,0.31601,0.0
-3.58898,0.33858,0.0
-3.58898,0.36115,0.0
-3.58898,0.38373,0.0
-3.58898,0.4063,0.0
-3.58898,0.42887,0.0
-3.58898,0.45144,0.0
-3.58898,0.47402,0.0
-3.58898,0.49659,0.0
-3.58898,0.51916,0.0
-3.58898,0.54173,0.0
-3.58898,0.5643,0.0
-3.58898,0.58688,0.0
-3.58898,0.60945,0.0
-3.58898,0.63202,0.0
-3.58898,0.65459,0.0
-3.58898,0.67717,0.0
-3.58898,0.69974,0.0
-3.58898,0.72231,0.0
-3.58898,0.74488,0.0
-3.58898,0.76745,0.0
-3.58898,0.79003,0.0
-3.5664,-0.79003,0.0
-3.5664,-0.76745,0.0
-3.5664,-0.74488,0.0
-3.5664,-0.72231,0.0
-3.5664,-0.69974,0.0
-3.5664,-0.67717,0.0
-3.5664,-0.65459,0.0
-3.5664,-0.63202,0.0
-3.5664,-0.60945,0.0
-3.5664,-0.58688,0.0
-3.5664,-0.5643,0.0
-3.5664,-0.54173,0.0
-3.5664,-0.51916,0.0
-3.5664,-0.49659,0.0
-3.5664,-0.47402,0.0
-3.5664,-0.45144,0.0
-3.5664,-0.42887,0.0
-3.5664,-0.4063,0.0
-3.5664,-0.38373,0.0
-3.5664,-0.36115,0.0
-3.5664,-0.33858,0.0
-3.5664,-0.31601,0.0
-3.5664,-0.29344,0.0
-3.5664,-0.27087,0.0
-3.5664,-0.24829,0.0
-3.5664,-0.22572,0.0
-3.5664,-0.20315,0.0
-3.5664,-0.18058,0.0
-3.5664,-0.15801,0.0
-3.5664,-0.13543,0.0
-3.5664,-0.11286,0.0
-3.5664,-0.09029,0.0
-3.5664,-0.06772,0.0
-3.5664,-0.04514,0.0
-3.5664,-0.02257,0.0
-3.5664,0,0.0
-3.5664,0.02257,0.0
-3.5664,0.04514,0.0
-3.5664,0.06772,0.0
-3.5664,0.09029,0.0
-3.5664,0.11286,0.0
-3.5664,0.13543,0.0
-3.5664,0.15801,0.0
-3.5664,0.18058,0.0
-3.5664,0.20315,0.0
-3.5664,0.22572,0.0
-3.5664,0.24829,0.0
-3.5664,0.27087,0.0
-3.5664,0.29344,0.0
-3.5664,0.31601,0.0
-3.5664,0.33858,0.0
-3.5664,0.36115,0.0
-3.5664,0.38373,0.0
-3.5664,0.4063,0.0
-3.5664,0.42887,0.0
-3.5664,0.45144,0.0
-3.5664,0.47402,0.0
-3.5664,0.49659,0.0
-3.5664,0.51916,0.0
-3.5664,0.54173,0.0
-3.5664,0.5643,0.0
-3.5664,0.58688,0.0
-3.5664,0.60945,0.0
-3.5664,0.63202,0.0
-3.5664,0.65459,0.0
-3.5664,0.67717,0.0
-3.5664,0.69974,0.0
-3.5664,0.72231,0.0
-3.5664,0.74488,0.0
-3.5664,0.76745,0.0
-3.5664,0.79003,0.0
-3.54383,-0.79003,0.0
-3.54383,-0.76745,0.0
-3.54383,-0.74488,0.0
-3.54383,-0.72231,0.0
-3.54383,-0.69974,0.0
-3.54383,-0.67717,0.0
-3.54383,-0.65459,0.0
-3.54383,-0.63202,0.0
-3.54383,-0.60945,0.0
-3.54383,-0.58688,0.0
-3.54383,-0.5643,0.0
-3.54383,-0.54173,0.0
-3.54383,-0.51916,0.0
-3.54383,-0.49659,0.0
-3.54383,-0.47402,0.0
-3.54383,-0.45144,0.0
-3.54383,-0.42887,0.0
-3.54383,-0.4063,0.0
-3.54383,-0.38373,0.0
-3.54383,-0.36115,0.0
-3.54383,-0.33858,0.0
-3.54383,-0.31601,0.0
-3.54383,-0.29344,0.0
-3.54383,-0.27087,0.0
-3.54383,-0.24829,0.0
-3.54383,-0.22572,0.0
-3.54383,-0.20315,0.0
-3.54383,-0.18058,0.0
-3.54383,-0.15801,0.0
-3.54383,-0.13543,0.0
-3.54383,-0.11286,0.0
-3.54383,-0.09029,0.0
-3.54383,-0.06772,0.0
-3.54383,-0.04514,0.0
-3.54383,-0.02257,0.0
-3.54383,0,0.0
-3.54383,0.02257,0.0
-3.54383,0.04514,0.0
-3.54383,0.06772,0.0
-3.54383,0.09029,0.0
-3.54383,0.11286,0.0
-3.54383,0.13543,0.0
-3.54383,0.15801,0.0
-3.54383,0.18058,0.0
-3.54383,0.20315,0.0
-3.54383,0.22572,0.0
-3.54383,0.24829,0.0
-3.54383,0.27087,0.0
-3.54383,0.29344,0.0
-3.54383,0.31601,0.0
-3.54383,0.33858,0.0
-3.54383,0.36115,0.0
-3.54383,0.38373,0.0
-3.54383,0.4063,0.0
-3.54383,0.42887,0.0
-3.54383,0.45144,0.0
-3.54383,0.47402,0.0
-3.54383,0.49659,0.0
-3.54383,0.51916,0.0
-3.54383,0.54173,0.0
-3.54383,0.5643,0.0
-3.54383,0.58688,0.0
-3.54383,0.60945,0.0
-3.54383,0.63202,0.0
-3.54383,0.65459,0.0
-3.54383,0.67717,0.0
-3.54383,0.69974,0.0
-3.54383,0.72231,0.0
-3.54383,0.74488,0.0
-3.54383,0.76745,0.0
-3.54383,0.79003,0.0
-3.52126,-0.79003,0.0
-3.52126,-0.76745,0.0
-3.52126,-0.74488,0.0
-3.52126,-0.72231,0.0
-3.52126,-0.69974,0.0
-3.52126,-0.67717,0.0
-3.52126,-0.65459,0.0
-3.52126,-0.63202,0.0
-3.52126,-0.60945,0.0
-3.52126,-0.58688,0.0
-3.52126,-0.5643,0.0
-3.52126,-0.54173,0.0
-3.52126,-0.51916,0.0
-3.52126,-0.49659,0.0
-3.52126,-0.47402,0.0
-3.52126,-0.45144,0.0
-3.52126,-0.42887,0.0
-3.52126,-0.4063,0.0
-3.52126,-0.38373,0.0
-3.52126,-0.36115,0.0
-3.52126,-0.33858,0.0
-3.52126,-0.31601,0.0
-3.52126,-0.29344,0.0
-3.52126,-0.27087,0.0
-3.52126,-0.24829,0.0
-3.52126,-0.22572,0.0
-3.52126,-0.20315,0.0
-3.52126,-0.18058,0.0
-3.52126,-0.15801,0.0
-3.52126,-0.13543,0.0
-3.52126,-0.11286,0.0
-3.52126,-0.09029,0.0
-3.52126,-0.06772,0.0
-3.52126,-0.04514,0.0
-3.52126,-0.02257,0.0
-3.52126,0,0.0
-3.52126,0.02257,0.0
-3.52126,0.04514,0.0
-3.52126,0.06772,0.0
-3.52126,0.09029,0.0
-3.52126,0.11286,0.0
-3.52126,0.13543,0.0
-3.52126,0.15801,0.0
-3.52126,0.18058,0.0
-3.52126,0.20315,0.0
-3.52126,0.22572,0.0
-3.52126,0.24829,0.0
-3.52126,0.27087,0.0
-3.52126,0.29344,0.0
-3.52126,0.31601,0.0
-3.52126,0.33858,0.0
-3.52126,0.36115,0.0
-3.52126,0.38373,0.0
-3.52126,0.4063,0.0
-3.52126,0.42887,0.0
-3.52126,0.45144,0.0
-3.52126,0.47402,0.0
-3.52126,0.49659,0.0
-3.52126,0.51916,0.0
-3.52126,0.54173,0.0
-3.52126,0.5643,0.0
-3.52126,0.58688,0.0
-3.52126,0.60945,0.0
-3.52126,0.63202,0.0
-3.52126,0.65459,0.0
-3.52126,0.67717,0.0
-3.52126,0.69974,0.0
-3.52126,0.72231,0.0
-3.52126,0.74488,0.0
-3.52126,0.76745,0.0
-3.52126,0.79003,0.0
-3.49869,-0.79003,0.0
-3.49869,-0.76745,0.0
-3.49869,-0.74488,0.0
-3.49869,-0.72231,0.0
-3.49869,-0.69974,0.0
-3.49869,-0.67717,0.0
-3.49869,-0.65459,0.0
-3.49869,-0.63202,0.0
-3.49869,-0.60945,0.0
-3.49869,-0.58688,0.0
-3.49869,-0.5643,0.0
-3.49869,-0.54173,0.0
-3.49869,-0.51916,0.0
-3.49869,-0.49659,0.0
-3.49869,-0.47402,0.0
-3.49869,-0.45144,0.0
-3.49869,-0.42887,0.0
-3.49869,-0.4063,0.0
-3.49869,-0.38373,0.0
-3.49869,-0.36115,0.0
-3.49869,-0.33858,0.0
-3.49869,-0.31601,0.0
-3.49869,-0.29344,0.0
-3.49869,-0.27087,0.0
-3.49869,-0.24829,0.0
-3.49869,-0.22572,0.0
-3.49869,-0.20315,0.0
-3.49869,-0.18058,0.0
-3.49869,-0.15801,0.0
-3.49869,-0.13543,0.0
-3.49869,-0.11286,0.0
-3.49869,-0.09029,0.0
-3.49869,-0.06772,0.0
-3.49869,-0.04514,0.0
-3.49869,-0.02257,0.0
-3.49869,0,0.0
-3.49869,0.02257,0.0
-3.49869,0.04514,0.0
-3.49869,0.06772,0.0
-3.49869,0.09029,0.0
-3.49869,0.11286,0.0
-3.49869,0.13543,0.0
-3.49869,0.15801,0.0
-3.49869,0.18058,0.0
-3.49869,0.20315,0.0
-3.49869,0.22572,0.0
-3.49869,0.24829,0.0
-3.49869,0.27087,0.0
-3.49869,0.29344,0.0
-3.49869,0.31601,0.0
-3.49869,0.33858,0.0
-3.49869,0.36115,0.0
-3.49869,0.38373,0.0
-3.49869,0.4063,0.0
-3.49869,0.42887,0.0
-3.49869,0.45144,0.0
-3.49869,0.47402,0.0
-3.49869,0.49659,0.0
-3.49869,0.51916,0.0
-3.49869,0.54173,0.0
-3.49869,0.5643,0.0
-3.49869,0.58688,0.0
-3.49869,0.60945,0.0
-3.49869,0.63202,0.0
-3.49869,0.65459,0.0
-3.49869,0.67717,0.0
-3.49869,0.69974,0.0
-3.49869,0.72231,0.0
-3.49869,0.74488,0.0
-3.49869,0.76745,0.0
-3.49869,0.79003,0.0
-3.47612,-0.79003,0.0
-3.47612,-0.76745,0.0
-3.47612,-0.74488,0.0
-3.47612,-0.72231,0.0
-3.47612,-0.69974,0.0
-3.47612,-0.67717,0.0
-3.47612,-0.65459,0.0
-3.47612,-0.63202,0.0
-3.47612,-0.60945,0.0
-3.47612,-0.58688,0.0
-3.47612,-0.5643,0.0
-3.47612,-0.54173,0.0
-3.47612,-0.51916,0.0
-3.47612,-0.49659,0.0
-3.47612,-0.47402,0.0
-3.47612,-0.45144,0.0
-3.47612,-0.42887,0.0
-3.47612,-0.4063,0.0
-3.47612,-0.38373,0.0
-3.47612,-0.36115,0.0
-3.47612,-0.33858,0.0
-3.47612,-0.31601,0.0
-3.47612,-0.29344,0.0
-3.47612,-0.27087,0.0
-3.47612,-0.24829,0.0
-3.47612,-0.22572,0.0
-3.47612,-0.20315,0.0
-3.47612,-0.18058,0.0
-3.47612,-0.15801,0.0
-3.47612,-0.13543,0.0
-3.47612,-0.11286,0.0
-3.47612,-0.09029,0.0
-3.47612,-0.06772,0.0
-3.47612,-0.04514,0.0
-3.47612,-0.02257,0.0
-3.47612,0,0.0
-3.47612,0.02257,0.0
-3.47612,0.04514,0.0
-3.47612,0.06772,0.0
-3.47612,0.09029,0.0
-3.47612,0.11286,0.0
-3.47612,0.13543,0.0
-3.47612,0.15801,0.0
-3.47612,0.18058,0.0
-3.47612,0.20315,0.0
-3.47612,0.22572,0.0
-3.47612,0.24829,0.0
-3.47612,0.27087,0.0
-3.47612,0.29344,0.0
-3.47612,0.31601,0.0
-3.47612,0.33858,0.0
-3.47612,0.36115,0.0
-3.47612,0.38373,0.0
-3.47612,0.4063,0.0
-3.47612,0.42887,0.0
-3.47612,0.45144,0.0
-3.47612,0.47402,0.0
-3.47612,0.49659,0.0
-3.47612,0.51916,0.0
-3.47612,0.54173,0.0
-3.47612,0.5643,0.0
-3.47612,0.58688,0.0
-3.47612,0.60945,0.0
-3.47612,0.63202,0.0
-3.47612,0.65459,0.0
-3.47612,0.67717,0.0
-3.47612,0.69974,0.0
-3.47612,0.72231,0.0
-3.47612,0.74488,0.0
-3.47612,0.76745,0.0
-3.47612,0.79003,0.0
-3.45354,-0.79003,0.0
-3.45354,-0.76745,0.0
-3.45354,-0.74488,0.0
-3.45354,-0.72231,0.0
-3.45354,-0.69974,0.0
-3.45354,-0.67717,0.0
-3.45354,-0.65459,0.0
-3.45354,-0.63202,0.0
-3.45354,-0.60945,0.0
-3.45354,-0.58688,0.0
-3.45354,-0.5643,0.0
-3.45354,-0.54173,0.0
-3.45354,-0.51916,0.0
-3.45354,-0.49659,0.0
-3.45354,-0.47402,0.0
-3.45354,-0.45144,0.0
-3.45354,-0.42887,0.0
-3.45354,-0.4063,0.0
-3.45354,-0.38373,0.0
-3.45354,-0.36115,0.0
-3.45354,-0.33858,0.0
-3.45354,-0.31601,0.0
-3.45354,-0.29344,0.0
-3.45354,-0.27087,0.0
-3.45354,-0.24829,0.0
-3.45354,-0.22572,0.0
-3.45354,-0.20315,0.0
-3.45354,-0.18058,0.0
-3.45354,-0.15801,0.0
-3.45354,-0.13543,0.0
-3.45354,-0.11286,0.0
-3.45354,-0.09029,0.0
-3.45354,-0.06772,0.0
-3.45354,-0.04514,0.0
-3.45354,-0.02257,0.0
-3.45354,0,0.0
-3.45354,0.02257,0.0
-3.45354,0.04514,0.0
-3.45354,0.06772,0.0
-3.45354,0.09029,0.0
-3.45354,0.11286,0.0
-3.45354,0.13543,0.0
-3.45354,0.15801,0.0
-3.45354,0.18058,0.0
-3.45354,0.20315,0.0
-3.45354,0.22572,0.0
-3.45354,0.24829,0.0
-3.45354,0.27087,0.0
-3.45354,0.29344,0.0
-3.45354,0.31601,0.0
-3.45354,0.33858,0.0
-3.45354,0.36115,0.0
-3.45354,0.38373,0.0
-3.45354,0.4063,0.0
-3.45354,0.42887,0.0
-3.45354,0.45144,0.0
-3.45354,0.47402,0.0
-3.45354,0.49659,0.0
-3.45354,0.51916,0.0
-3.45354,0.54173,0.0
-3.45354,0.5643,0.0
-3.45354,0.58688,0.0
-3.45354,0.60945,0.0
-3.45354,0.63202,0.0
-3.45354,0.65459,0.0
-3.45354,0.67717,0.0
-3.45354,0.69974,0.0
-3.45354,0.72231,0.0
-3.45354,0.74488,0.0
-3.45354,0.76745,0.0
-3.45354,0.79003,0.0
-3.43097,-0.79003,0.0
-3.43097,-0.76745,0.0
-3.43097,-0.74488,0.0
-3.43097,-0.72231,0.0
-3.43097,-0.69974,0.0
-3.43097,-0.67717,0.0
-3.43097,-0.65459,0.0
-3.43097,-0.63202,0.0
-3.43097,-0.60945,0.0
-3.43097,-0.58688,0.0
-3.43097,-0.5643,0.0
-3.43097,-0.54173,0.0
-3.43097,-0.51916,0.0
-3.43097,-0.49659,0.0
-3.43097,-0.47402,0.0
-3.43097,-0.45144,0.0
-3.43097,-0.42887,0.0
-3.43097,-0.4063,0.0
-3.43097,-0.38373,0.0
-3.43097,-0.36115,0.0
-3.43097,-0.33858,0.0
-3.43097,-0.31601,0.0
-3.43097,-0.29344,0.0
-3.43097,-0.27087,0.0
-3.43097,-0.24829,0.0
-3.43097,-0.22572,0.0
-3.43097,-0.20315,0.0
-3.43097,-0.18058,0.0
-3.43097,-0.15801,0.0
-3.43097,-0.13543,0.0
-3.43097,-0.11286,0.0
-3.43097,-0.09029,0.0
-3.43097,-0.06772,0.0
-3.43097,-0.04514,0.0
-3.43097,-0.02257,0.0
-3.43097,0,0.0
-3.43097,0.02257,0.0
-3.43097,0.04514,0.0
-3.43097,0.06772,0.0
-3.43097,0.09029,0.0
-3.43097,0.11286,0.0
-3.43097,0.13543,0.0
-3.43097,0.15801,0.0
-3.43097,0.18058,0.0
-3.43097,0.20315,0.0
-3.43097,0.22572,0.0
-3.43097,0.24829,0.0
-3.43097,0.27087,0.0
-3.43097,0.29344,0.0
-3.43097,0.31601,0.0
-3.43097,0.33858,0.0
-3.43097,0.36115,0.0
-3.43097,0.38373,0.0
-3.43097,0.4063,0.0
-3.43097,0.42887,0.0
-3.43097,0.45144,0.0
-3.43097,0.47402,0.0
-3.43097,0.49659,0.0
-3.43097,0.51916,0.0
-3.43097,0.54173,0.0
-3.43097,0.5643,0.0
-3.43097,0.58688,0.0
-3.43097,0.60945,0.0
-3.43097,0.63202,0.0
-3.43097,0.65459,0.0
-3.43097,0.67717,0.0
-3.43097,0.69974,0.0
-3.43097,0.72231,0.0
-3.43097,0.74488,0.0
-3.43097,0.76745,0.0
-3.43097,0.79003,0.0
-3.4084,-0.79003,0.0
-3.4084,-0.76745,0.0
-3.4084,-0.74488,0.0
-3.4084,-0.72231,0.0
-3.4084,-0.69974,0.0
-3.4084,-0.67717,0.0
-3.4084,-0.65459,0.0
-3.4084,-0.63202,0.0
-3.4084,-0.60945,0.0
-3.4084,-0.58688,0.0
-3.4084,-0.5643,0.0
-3.4084,-0.54173,0.0
-3.4084,-0.51916,0.0
-3.4084,-0.49659,0.0
-3.4084,-0.47402,0.0
-3.4084,-0.45144,0.0
-3.4084,-0.42887,0.0
-3.4084,-0.4063,0.0
-3.4084,-0.38373,0.0
-3.4084,-0.36115,0.0
-3.4084,-0.33858,0.0
-3.4084,-0.31601,0.0
-3.4084,-0.29344,0.0
-3.4084,-0.27087,0.0
-3.4084,-0.24829,0.0
-3.4084,-0.22572,0.0
-3.4084,-0.20315,0.0
-3.4084,-0.18058,0.0
-3.4084,-0.15801,0.0
-3.4084,-0.13543,0.0
-3.4084,-0.11286,0.0
-3.4084,-0.09029,0.0
-3.4084,-0.06772,0.0
-3.4084,-0.04514,0.0
-3.4084,-0.02257,0.0
-3.4084,0,0.0
-3.4084,0.02257,0.0
-3.4084,0.04514,0.0
-3.4084,0.06772,0.0
-3.4084,0.09029,0.0
-3.4084,0.11286,0.0
-3.4084,0.13543,0.0
-3.4084,0.15801,0.0
-3.4084,0.18058,0.0
-3.4084,0.20315,0.0
-3.4084,0.22572,0.0
-3.4084,0.24829,0.0
-3.4084,0.27087,0.0
-3.4084,0.29344,0.0
-3.4084,0.31601,0.0
-3.4084,0.33858,0.0
-3.4084,0.36115,0.0
-3.4084,0.38373,0.0
-3.4084,0.4063,0.0
-3.4084,0.42887,0.0
-3.4084,0.45144,0.0
-3.4084,0.47402,0.0
-3.4084,0.49659,0.0
-3.4084,0.51916,0.0
-3.4084,0.54173,0.0
-3.4084,0.5643,0.0
-3.4084,0.58688,0.0
-3.4084,0.60945,0.0
-3.4084,0.63202,0.0
-3.4084,0.65459,0.0
-3.4084,0.67717,0.0
-3.4084,0.69974,0.0
-3.4084,0.72231,0.0
-3.4084,0.74488,0.0
-3.4084,0.76745,0.0
-3.4084,0.79003,0.0
-3.38583,-0.79003,0.0
-3.38583,-0.76745,0.0
-3.38583,-0.74488,0.0
-3.38583,-0.72231,0.0
-3.38583,-0.69974,0.0
-3.38583,-0.67717,0.0
-3.38583,-0.65459,0.0
-3.38583,-0.63202,0.0
-3.38583,-0.60945,0.0
-3.38583,-0.58688,0.0
-3.38583,-0.5643,0.0
-3.38583,-0.54173,0.0
-3.38583,-0.51916,0.0
-3.38583,-0.49659,0.0
-3.38583,-0.47402,0.0
-3.38583,-0.45144,0.0
-3.38583,-0.42887,0.0
-3.38583,-0.4063,0.0
-3.38583,-0.38373,0.0
-3.38583,-0.36115,0.0
-3.38583,-0.33858,0.0
-3.38583,-0.31601,0.0
-3.38583,-0.29344,0.0
-3.38583,-0.27087,0.0
-3.38583,-0.24829,0.0
-3.38583,-0.22572,0.0
-3.38583,-0.20315,0.0
-3.38583,-0.18058,0.0
-3.38583,-0.15801,0.0
-3.38583,-0.13543,0.0
-3.38583,-0.11286,0.0
-3.38583,-0.09029,0.0
-3.38583,-0.06772,0.0
-3.38583,-0.04514,0.0
-3.38583,-0.02257,0.0
-3.38583,0,0.0
-3.38583,0.02257,0.0
-3.38583,0.04514,0.0
-3.38583,0.06772,0.0
-3.38583,0.09029,0.0
-3.38583,0.11286,0.0
-3.38583,0.13543,0.0
-3.38583,0.15801,0.0
-3.38583,0.18058,0.0
-3.38583,0.20315,0.0
-3.38583,0.22572,0.0
-3.38583,0.24829,0.0
-3.38583,0.27087,0.0
-3.38583,0.29344,0.0
-3.38583,0.31601,0.0
-3.38583,0.33858,0.0
-3.38583,0.36115,0.0
-3.38583,0.38373,0.0
-3.38583,0.4063,0.0
-3.38583,0.42887,0.0
-3.38583,0.45144,0.0
-3.38583,0.47402,0.0
-3.38583,0.49659,0.0
-3.38583,0.51916,0.0
-3.38583,0.54173,0.0
-3.38583,0.5643,0.0
-3.38583,0.58688,0.0
-3.38583,0.60945,0.0
-3.38583,0.63202,0.0
-3.38583,0.65459,0.0
-3.38583,0.67717,0.0
-3.38583,0.69974,0.0
-3.38583,0.72231,0.0
-3.38583,0.74488,0.0
-3.38583,0.76745,0.0
-3.38583,0.79003,0.0
-3.36326,-0.79003,0.0
-3.36326,-0.76745,0.0
-3.36326,-0.74488,0.0
-3.36326,-0.72231,0.0
-3.36326,-0.69974,0.0
-3.36326,-0.67717,0.0
-3.36326,-0.65459,0.0
-3.36326,-0.63202,0.0
-3.36326,-0.60945,0.0
-3.36326,-0.58688,0.0
-3.36326,-0.5643,0.0
-3.36326,-0.54173,0.0
-3.36326,-0.51916,0.0
-3.36326,-0.49659,0.0
-3.36326,-0.47402,0.0
-3.36326,-0.45144,0.0
-3.36326,-0.42887,0.0
-3.36326,-0.4063,0.0
-3.36326,-0.38373,0.0
-3.36326,-0.36115,0.0
-3.36326,-0.33858,0.0
-3.36326,-0.31601,0.0
-3.36326,-0.29344,0.0
-3.36326,-0.27087,0.0
-3.36326,-0.24829,0.0
-3.36326,-0.22572,0.0
-3.36326,-0.20315,0.0
-3.36326,-0.18058,0.0
-3.36326,-0.15801,0.0
-3.36326,-0.13543,0.0
-3.36326,-0.11286,0.0
-3.36326,-0.09029,0.0
-3.36326,-0.06772,0.0
-3.36326,-0.04514,0.0
-3.36326,-0.02257,0.0
-3.36326,0,0.0
-3.36326,0.02257,0.0
-3.36326,0.04514,0.0
-3.36326,0.06772,0.0
-3.36326,0.09029,0.0
-3.36326,0.11286,0.0
-3.36326,0.13543,0.0
-3.36326,0.15801,0.0
-3.36326,0.18058,0.0
-3.36326,0.20315,0.0
-3.36326,0.22572,0.0
-3.36326,0.24829,0.0
-3.36326,0.27087,0.0
-3.36326,0.29344,0.0
-3.36326,0.31601,0.0
-3.36326,0.33858,0.0
-3.36326,0.36115,0.0
-3.36326,0.38373,0.0
-3.36326,0.4063,0.0
-3.36326,0.42887,0.0
-3.36326,0.45144,0.0
-3.36326,0.47402,0.0
-3.36326,0.49659,0.0
-3.36326,0.51916,0.0
-3.36326,0.54173,0.0
-3.36326,0.5643,0.0
-3.36326,0.58688,0.0
-3.36326,0.60945,0.0
-3.36326,0.63202,0.0
-3.36326,0.65459,0.0
-3.36326,0.67717,0.0
-3.36326,0.69974,0.0
-3.36326,0.72231,0.0
-3.36326,0.74488,0.0
-3.36326,0.76745,0.0
-3.36326,0.79003,0.0
-3.34068,-0.79003,0.0
-3.34068,-0.76745,0.0
-3.34068,-0.74488,0.0
-3.34068,-0.72231,0.0
-3.34068,-0.69974,0.0
-3.34068,-0.67717,0.0
-3.34068,-0.65459,0.0
-3.34068,-0.63202,0.0
-3.34068,-0.60945,0.0
-3.34068,-0.58688,0.0
-3.34068,-0.5643,0.0
-3.34068,-0.54173,0.0
-3.34068,-0.51916,0.0
-3.34068,-0.49659,0.0
-3.34068,-0.47402,0.0
-3.34068,-0.45144,0.0
-3.34068,-0.42887,0.0
-3.34068,-0.4063,0.0
-3.34068,-0.38373,0.0
-3.34068,-0.36115,0.0
-3.34068,-0.33858,0.0
-3.34068,-0.31601,0.0
-3.34068,-0.29344,0.0
-3.34068,-0.27087,0.0
-3.34068,-0.24829,0.0
-3.34068,-0.22572,0.0
-3.34068,-0.20315,0.0
-3.34068,-0.18058,0.0
-3.34068,-0.15801,0.0
-3.34068,-0.13543,0.0
-3.34068,-0.11286,0.0
-3.34068,-0.09029,0.0
-3.34068,-0.06772,0.0
-3.34068,-0.04514,0.0
-3.34068,-0.02257,0.0
-3.34068,0,0.0
-3.34068,0.02257,0.0
-3.34068,0.04514,0.0
-3.34068,0.06772,0.0
-3.34068,0.09029,0.0
-3.34068,0.11286,0.0
-3.34068,0.13543,0.0
-3.34068,0.15801,0.0
-3.34068,0.18058,0.0
-3.34068,0.20315,0.0
-3.34068,0.22572,0.0
-3.34068,0.24829,0.0
-3.34068,0.27087,0.0
-3.34068,0.29344,0.0
-3.34068,0.31601,0.0
-3.34068,0.33858,0.0
-3.34068,0.36115,0.0
-3.34068,0.38373,0.0
-3.34068,0.4063,0.0
-3.34068,0.42887,0.0
-3.34068,0.45144,0.0
-3.34068,0.47402,0.0
-3.34068,0.49659,0.0
-3.34068,0.51916,0.0
-3.34068,0.54173,0.0
-3.34068,0.5643,0.0
-3.34068,0.58688,0.0
-3.34068,0.60945,0.0
-3.34068,0.63202,0.0
-3.34068,0.65459,0.0
-3.34068,0.67717,0.0
-3.34068,0.69974,0.0
-3.34068,0.72231,0.0
-3.34068,0.74488,0.0
-3.34068,0.76745,0.0
-3.34068,0.79003,0.0
-3.31811,-0.79003,0.0
-3.31811,-0.76745,0.0
-3.31811,-0.74488,0.0
-3.31811,-0.72231,0.0
-3.31811,-0.69974,0.0
-3.31811,-0.67717,0.0
-3.31811,-0.65459,0.0
-3.31811,-0.63202,0.0
-3.31811,-0.60945,0.0
-3.31811,-0.58688,0.0
-3.31811,-0.5643,0.0
-3.31811,-0.54173,0.0
-3.31811,-0.51916,0.0
-3.31811,-0.49659,0.0
-3.31811,-0.47402,0.0
-3.31811,-0.45144,0.0
-3.31811,-0.42887,0.0
-3.31811,-0.4063,0.0
-3.31811,-0.38373,0.0
-3.31811,-0.36115,0.0
-3.31811,-0.33858,0.0
-3.31811,-0.31601,0.0
-3.31811,-0.29344,0.0
-3.31811,-0.27087,0.0
-3.31811,-0.24829,0.0
-3.31811,-0.22572,0.0
-3.31811,-0.20315,0.0
-3.31811,-0.18058,0.0
-3.31811,-0.15801,0.0
-3.31811,-0.13543,0.0
-3.31811,-0.11286,0.0
-3.31811,-0.09029,0.0
-3.31811,-0.06772,0.0
-3.31811,-0.04514,0.0
-3.31811,-0.02257,0.0
-3.31811,0,0.0
-3.31811,0.02257,0.0
-3.31811,0.04514,0.0
-3.31811,0.06772,0.0
-3.31811,0.09029,0.0
-3.31811,0.11286,0.0
-3.31811,0.13543,0.0
-3.31811,0.15801,0.0
-3.31811,0.18058,0.0
-3.31811,0.20315,0.0
-3.31811,0.22572,0.0
-3.31811,0.24829,0.0
-3.31811,0.27087,0.0
-3.31811,0.29344,0.0
-3.31811,0.31601,0.0
-3.31811,0.33858,0.0
-3.31811,0.36115,0.0
-3.31811,0.38373,0.0
-3.31811,0.4063,0.0
-3.31811,0.42887,0.0
-3.31811,0.45144,0.0
-3.31811,0.47402,0.0
-3.31811,0.49659,0.0
-3.31811,0.51916,0.0
-3.31811,0.54173,0.0
-3.31811,0.5643,0.0
-3.31811,0.58688,0.0
-3.31811,0.60945,0.0
-3.31811,0.63202,0.0
-3.31811,0.65459,0.0
-3.31811,0.67717,0.0
-3.31811,0.69974,0.0
-3.31811,0.72231,0.0
-3.31811,0.74488,0.0
-3.31811,0.76745,0.0
-3.31811,0.79003,0.0
-3.29554,-0.79003,0.0
-3.29554,-0.76745,0.0
-3.29554,-0.74488,0.0
-3.29554,-0.72231,0.0
-3.29554,-0.69974,0.0
-3.29554,-0.67717,0.0
-3.29554,-0.65459,0.0
-3.29554,-0.63202,0.0
-3.29554,-0.60945,0.0
-3.29554,-0.58688,0.0
-3.29554,-0.5643,0.0
-3.29554,-0.54173,0.0
-3.29554,-0.51916,0.0
-3.29554,-0.49659,0.0
-3.29554,-0.47402,0.0
-3.29554,-0.45144,0.0
-3.29554,-0.42887,0.0
-3.29554,-0.4063,0.0
-3.29554,-0.38373,0.0
-3.29554,-0.36115,0.0
-3.29554,-0.33858,0.0
-3.29554,-0.31601,0.0
-3.29554,-0.29344,0.0
-3.29554,-0.27087,0.0
-3.29554,-0.24829,0.0
-3.29554,-0.22572,0.0
-3.29554,-0.20315,0.0
-3.29554,-0.18058,0.0
-3.29554,-0.15801,0.0
-3.29554,-0.13543,0.0
-3.29554,-0.11286,0.0
-3.29554,-0.09029,0.0
-3.29554,-0.06772,0.0
-3.29554,-0.04514,0.0
-3.29554,-0.02257,0.0
-3.29554,0,0.0
-3.29554,0.02257,0.0
-3.29554,0.04514,0.0
-3.29554,0.06772,0.0
-3.29554,0.09029,0.0
-3.29554,0.11286,0.0
-3.29554,0.13543,0.0
-3.29554,0.15801,0.0
-3.29554,0.18058,0.0
-3.29554,0.20315,0.0
-3.29554,0.22572,0.0
-3.29554,0.24829,0.0
-3.29554,0.27087,0.0
-3.29554,0.29344,0.0
-3.29554,0.31601,0.0
-3.29554,0.33858,0.0
-3.29554,0.36115,0.0
-3.29554,0.38373,0.0
-3.29554,0.4063,0.0
-3.29554,0.42887,0.0
-3.29554,0.45144,0.0
-3.29554,0.47402,0.0
-3.29554,0.49659,0.0
-3.29554,0.51916,0.0
-3.29554,0.54173,0.0
-3.29554,0.5643,0.0
-3.29554,0.58688,0.0
-3.29554,0.60945,0.0
-3.29554,0.63202,0.0
-3.29554,0.65459,0.0
-3.29554,0.67717,0.0
-3.29554,0.69974,0.0
-3.29554,0.72231,0.0
-3.29554,0.74488,0.0
-3.29554,0.76745,0.0
-3.29554,0.79003,0.0
-3.27297,-0.79003,0.0
-3.27297,-0.76745,0.0
-3.27297,-0.74488,0.0
-3.27297,-0.72231,0.0
-3.27297,-0.69974,0.0
-3.27297,-0.67717,0.0
-3.27297,-0.65459,0.0
-3.27297,-0.63202,0.0
-3.27297,-0.60945,0.0
-3.27297,-0.58688,0.0
-3.27297,-0.5643,0.0
-3.27297,-0.54173,0.0
-3.27297,-0.51916,0.0
-3.27297,-0.49659,0.0
-3.27297,-0.47402,0.0
-3.27297,-0.45144,0.0
-3.27297,-0.42887,0.0
-3.27297,-0.4063,0.0
-3.27297,-0.38373,0.0
-3.27297,-0.36115,0.0
-3.27297,-0.33858,0.0
-3.27297,-0.31601,0.0
-3.27297,-0.29344,0.0
-3.27297,-0.27087,0.0
-3.27297,-0.24829,0.0
-3.27297,-0.22572,0.0
-3.27297,-0.20315,0.0
-3.27297,-0.18058,0.0
-3.27297,-0.15801,0.0
-3.27297,-0.13543,0.0
-3.27297,-0.11286,0.0
-3.27297,-0.09029,0.0
-3.27297,-0.06772,0.0
-3.27297,-0.04514,0.0
-3.27297,-0.02257,0.0
-3.27297,0,0.0
-3.27297,0.02257,0.0
-3.27297,0.04514,0.0
-3.27297,0.06772,0.0
-3.27297,0.09029,0.0
-3.27297,0.11286,0.0
-3.27297,0.13543,0.0
-3.27297,0.15801,0.0
-3.27297,0.18058,0.0
-3.27297,0.20315,0.0
-3.27297,0.22572,0.0
-3.27297,0.24829,0.0
-3.27297,0.27087,0.0
-3.27297,0.29344,0.0
-3.27297,0.31601,0.0
-3.27297,0.33858,0.0
-3.27297,0.36115,0.0
-3.27297,0.38373,0.0
-3.27297,0.4063,0.0
-3.27297,0.42887,0.0
-3.27297,0.45144,0.0
-3.27297,0.47402,0.0
-3.27297,0.49659,0.0
-3.27297,0.51916,0.0
-3.27297,0.54173,0.0
-3.27297,0.5643,0.0
-3.27297,0.58688,0.0
-3.27297,0.60945,0.0
-3.27297,0.63202,0.0
-3.27297,0.65459,0.0
-3.27297,0.67717,0.0
-3.27297,0.69974,0.0
-3.27297,0.72231,0.0
-3.27297,0.74488,0.0
-3.27297,0.76745,0.0
-3.27297,0.79003,0.0
-3.25039,-0.79003,0.0
-3.25039,-0.76745,0.0
-3.25039,-0.74488,0.0
-3.25039,-0.72231,0.0
-3.25039,-0.69974,0.0
-3.25039,-0.67717,0.0
-3.25039,-0.65459,0.0
-3.25039,-0.63202,0.0
-3.25039,-0.60945,0.0
-3.25039,-0.58688,0.0
-3.25039,-0.5643,0.0
-3.25039,-0.54173,0.0
-3.25039,-0.51916,0.0
-3.25039,-0.49659,0.0
-3.25039,-0.47402,0.0
-3.25039,-0.45144,0.0
-3.25039,-0.42887,0.0
-3.25039,-0.4063,0.0
-3.25039,-0.38373,0.0
-3.25039,-0.36115,0.0
-3.25039,-0.33858,0.0
-3.25039,-0.31601,0.0
-3.25039,-0.29344,0.0
-3.25039,-0.27087,0.0
-3.25039,-0.24829,0.0
-3.25039,-0.22572,0.0
-3.25039,-0.20315,0.0
-3.25039,-0.18058,0.0
-3.25039,-0.15801,0.0
-3.25039,-0.13543,0.0
-3.25039,-0.11286,0.0
-3.25039,-0.09029,0.0
-3.25039,-0.06772,0.0
-3.25039,-0.04514,0.0
-3.25039,-0.02257,0.0
-3.25039,0,0.0
-3.25039,0.02257,0.0
-3.25039,0.04514,0.0
-3.25039,0.06772,0.0
-3.25039,0.09029,0.0
-3.25039,0.11286,0.0
-3.25039,0.13543,0.0
-3.25039,0.15801,0.0
-3.25039,0.18058,0.0
-3.25039,0.20315,0.0
-3.25039,0.22572,0.0
-3.25039,0.24829,0.0
-3.25039,0.27087,0.0
-3.25039,0.29344,0.0
-3.25039,0.31601,0.0
-3.25039,0.33858,0.0
-3.25039,0.36115,0.0
-3.25039,0.38373,0.0
-3.25039,0.4063,0.0
-3.25039,0.42887,0.0
-3.25039,0.45144,0.0
-3.25039,0.47402,0.0
-3.25039,0.49659,0.0
-3.25039,0.51916,0.0
-3.25039,0.54173,0.0
-3.25039,0.5643,0.0
-3.25039,0.58688,0.0
-3.25039,0.60945,0.0
-3.25039,0.63202,0.0
-3.25039,0.65459,0.0
-3.25039,0.67717,0.0
-3.25039,0.69974,0.0
-3.25039,0.72231,0.0
-3.25039,0.74488,0.0
-3.25039,0.76745,0.0
-3.25039,0.79003,0.0
-3.22782,-0.79003,0.0
-3.22782,-0.76745,0.0
-3.22782,-0.74488,0.0
-3.22782,-0.72231,0.0
-3.22782,-0.69974,0.0
-3.22782,-0.67717,0.0
-3.22782,-0.65459,0.0
-3.22782,-0.63202,0.0
-3.22782,-0.60945,0.0
-3.22782,-0.58688,0.0
-3.22782,-0.5643,0.0
-3.22782,-0.54173,0.0
-3.22782,-0.51916,0.0
-3.22782,-0.49659,0.0
-3.22782,-0.47402,0.0
-3.22782,-0.45144,0.0
-3.22782,-0.42887,0.0
-3.22782,-0.4063,0.0
-3.22782,-0.38373,0.0
-3.22782,-0.36115,0.0
-3.22782,-0.33858,0.0
-3.22782,-0.31601,0.0
-3.22782,-0.29344,0.0
-3.22782,-0.27087,0.0
-3.22782,-0.24829,0.0
-3.22782,-0.22572,0.0
-3.22782,-0.20315,0.0
-3.22782,-0.18058,0.0
-3.22782,-0.15801,0.0
-3.22782,-0.13543,0.0
-3.22782,-0.11286,0.0
-3.22782,-0.09029,0.0
-3.22782,-0.06772,0.0
-3.22782,-0.04514,0.0
-3.22782,-0.02257,0.0
-3.22782,0,0.0
-3.22782,0.02257,0.0
-3.22782,0.04514,0.0
-3.22782,0.06772,0.0
-3.22782,0.09029,0.0
-3.22782,0.11286,0.0
-3.22782,0.13543,0.0
-3.22782,0.15801,0.0
-3.22782,0.18058,0.0
-3.22782,0.20315,0.0
-3.22782,0.22572,0.0
-3.22782,0.24829,0.0
-3.22782,0.27087,0.0
-3.22782,0.29344,0.0
-3.22782,0.31601,0.0
-3.22782,0.33858,0.0
-3.22782,0.36115,0.0
-3.22782,0.38373,0.0
-3.22782,0.4063,0.0
-3.22782,0.42887,0.0
-3.22782,0.45144,0.0
-3.22782,0.47402,0.0
-3.22782,0.49659,0.0
-3.22782,0.51916,0.0
-3.22782,0.54173,0.0
-3.22782,0.5643,0.0
-3.22782,0.58688,0.0
-3.22782,0.60945,0.0
-3.22782,0.63202,0.0
-3.22782,0.65459,0.0
-3.22782,0.67717,0.0
-3.22782,0.69974,0.0
-3.22782,0.72231,0.0
-3.22782,0.74488,0.0
-3.22782,0.76745,0.0
-3.22782,0.79003,0.0
-3.20525,-0.79003,0.0
-3.20525,-0.76745,0.0
-3.20525,-0.74488,0.0
-3.20525,-0.72231,0.0
-3.20525,-0.69974,0.0
-3.20525,-0.67717,0.0
-3.20525,-0.65459,0.0
-3.20525,-0.63202,0.0
-3.20525,-0.60945,0.0
-3.20525,-0.58688,0.0
-3.20525,-0.5643,0.0
-3.20525,-0.54173,0.0
-3.20525,-0.51916,0.0
-3.20525,-0.49659,0.0
-3.20525,-0.47402,0.0
-3.20525,-0.45144,0.0
-3.20525,-0.42887,0.0
-3.20525,-0.4063,0.0
-3.20525,-0.38373,0.0
-3.20525,-0.36115,0.0
-3.20525,-0.33858,0.0
-3.20525,-0.31601,0.0
-3.20525,-0.29344,0.0
-3.20525,-0.27087,0.0
-3.20525,-0.24829,0.0
-3.20525,-0.22572,0.0
-3.20525,-0.20315,0.0
-3.20525,-0.18058,0.0
-3.20525,-0.15801,0.0
-3.20525,-0.13543,0.0
-3.20525,-0.11286,0.0
-3.20525,-0.09029,0.0
-3.20525,-0.06772,0.0
-3.20525,-0.04514,0.0
-3.20525,-0.02257,0.0
-3.20525,0,0.0
-3.20525,0.02257,0.0
-3.20525,0.04514,0.0
-3.20525,0.06772,0.0
-3.20525,0.09029,0.0
-3.20525,0.11286,0.0
-3.20525,0.13543,0.0
-3.20525,0.15801,0.0
-3.20525,0.18058,0.0
-3.20525,0.20315,0.0
-3.20525,0.22572,0.0
-3.20525,0.24829,0.0
-3.20525,0.27087,0.0
-3.20525,0.29344,0.0
-3.20525,0.31601,0.0
-3.20525,0.33858,0.0
-3.20525,0.36115,0.0
-3.20525,0.38373,0.0
-3.20525,0.4063,0.0
-3.20525,0.42887,0.0
-3.20525,0.45144,0.0
-3.20525,0.47402,0.0
-3.20525,0.49659,0.0
-3.20525,0.51916,0.0
-3.20525,0.54173,0.0
-3.20525,0.5643,0.0
-3.20525,0.58688,0.0
-3.20525,0.60945,0.0
-3.20525,0.63202,0.0
-3.20525,0.65459,0.0
-3.20525,0.67717,0.0
-3.20525,0.69974,0.0
-3.20525,0.72231,0.0
-3.20525,0.74488,0.0
-3.20525,0.76745,0.0
-3.20525,0.79003,0.0
-3.18268,-0.79003,0.0
-3.18268,-0.76745,0.0
-3.18268,-0.74488,0.0
-3.18268,-0.72231,0.0
-3.18268,-0.69974,0.0
-3.18268,-0.67717,0.0
-3.18268,-0.65459,0.0
-3.18268,-0.63202,0.0
-3.18268,-0.60945,0.0
-3.18268,-0.58688,0.0
-3.18268,-0.5643,0.0
-3.18268,-0.54173,0.0
-3.18268,-0.51916,0.0
-3.18268,-0.49659,0.0
-3.18268,-0.47402,0.0
-3.18268,-0.45144,0.0
-3.18268,-0.42887,0.0
-3.18268,-0.4063,0.0
-3.18268,-0.38373,0.0
-3.18268,-0.36115,0.0
-3.18268,-0.33858,0.0
-3.18268,-0.31601,0.0
-3.18268,-0.29344,0.0
-3.18268,-0.27087,0.0
-3.18268,-0.24829,0.0
-3.18268,-0.22572,0.0
-3.18268,-0.20315,0.0
-3.18268,-0.18058,0.0
-3.18268,-0.15801,0.0
-3.18268,-0.13543,0.0
-3.18268,-0.11286,0.0
-3.18268,-0.09029,0.0
-3.18268,-0.06772,0.0
-3.18268,-0.04514,0.0
-3.18268,-0.02257,0.0
-3.18268,0,0.0
-3.18268,0.02257,0.0
-3.18268,0.04514,0.0
-3.18268,0.06772,0.0
-3.18268,0.09029,0.0
-3.18268,0.11286,0.0
-3.18268,0.13543,0.0
-3.18268,0.15801,0.0
-3.18268,0.18058,0.0
-3.18268,0.20315,0.0
-3.18268,0.22572,0.0
-3.18268,0.24829,0.0
-3.18268,0.27087,0.0
-3.18268,0.29344,0.0
-3.18268,0.31601,0.0
-3.18268,0.33858,0.0
-3.18268,0.36115,0.0
-3.18268,0.38373,0.0
-3.18268,0.4063,0.0
-3.18268,0.42887,0.0
-3.18268,0.45144,0.0
-3.18268,0.47402,0.0
-3.18268,0.49659,0.0
-3.18268,0.51916,0.0
-3.18268,0.54173,0.0
-3.18268,0.5643,0.0
-3.18268,0.58688,0.0
-3.18268,0.60945,0.0
-3.18268,0.63202,0.0
-3.18268,0.65459,0.0
-3.18268,0.67717,0.0
-3.18268,0.69974,0.0
-3.18268,0.72231,0.0
-3.18268,0.74488,0.0
-3.18268,0.76745,0.0
-3.18268,0.79003,0.0
-3.16011,-0.79003,0.0
-3.16011,-0.76745,0.0
-3.16011,-0.74488,0.0
-3.16011,-0.72231,0.0
-3.16011,-0.69974,0.0
-3.16011,-0.67717,0.0
-3.16011,-0.65459,0.0
-3.16011,-0.63202,0.0
-3.16011,-0.60945,0.0
-3.16011,-0.58688,0.0
-3.16011,-0.5643,0.0
-3.16011,-0.54173,0.0
-3.16011,-0.51916,0.0
-3.16011,-0.49659,0.0
-3.16011,-0.47402,0.0
-3.16011,-0.45144,0.0
-3.16011,-0.42887,0.0
-3.16011,-0.4063,0.0
-3.16011,-0.38373,0.0
-3.16011,-0.36115,0.0
-3.16011,-0.33858,0.0
-3.16011,-0.31601,0.0
-3.16011,-0.29344,0.0
-3.16011,-0.27087,0.0
-3.16011,-0.24829,0.0
-3.16011,-0.22572,0.0
-3.16011,-0.20315,0.0
-3.16011,-0.18058,0.0
-3.16011,-0.15801,0.0
-3.16011,-0.13543,0.0
-3.16011,-0.11286,0.0
-3.16011,-0.09029,0.0
-3.16011,-0.06772,0.0
-3.16011,-0.04514,0.0
-3.16011,-0.02257,0.0
-3.16011,0,0.0
-3.16011,0.02257,0.0
-3.16011,0.04514,0.0
-3.16011,0.06772,0.0
-3.16011,0.09029,0.0
-3.16011,0.11286,0.0
-3.16011,0.13543,0.0
-3.16011,0.15801,0.0
-3.16011,0.18058,0.0
-3.16011,0.20315,0.0
-3.16011,0.22572,0.0
-3.16011,0.24829,0.0
-3.16011,0.27087,0.0
-3.16011,0.29344,0.0
-3.16011,0.31601,0.0
-3.16011,0.33858,0.0
-3.16011,0.36115,0.0
-3.16011,0.38373,0.0
-3.16011,0.4063,0.0
-3.16011,0.42887,0.0
-3.16011,0.45144,0.0
-3.16011,0.47402,0.0
-3.16011,0.49659,0.0
-3.16011,0.51916,0.0
-3.16011,0.54173,0.0
-3.16011,0.5643,0.0
-3.16011,0.58688,0.0
-3.16011,0.60945,0.0
-3.16011,0.63202,0.0
-3.16011,0.65459,0.0
-3.16011,0.67717,0.0
-3.16011,0.69974,0.0
-3.16011,0.72231,0.0
-3.16011,0.74488,0.0
-3.16011,0.76745,0.0
-3.16011,0.79003,0.0
-3.13753,-0.79003,0.0
-3.13753,-0.76745,0.0
-3.13753,-0.74488,0.0
-3.13753,-0.72231,0.0
-3.13753,-0.69974,0.0
-3.13753,-0.67717,0.0
-3.13753,-0.65459,0.0
-3.13753,-0.63202,0.0
-3.13753,-0.60945,0.0
-3.13753,-0.58688,0.0
-3.13753,-0.5643,0.0
-3.13753,-0.54173,0.0
-3.13753,-0.51916,0.0
-3.13753,-0.49659,0.0
-3.13753,-0.47402,0.0
-3.13753,-0.45144,0.0
-3.13753,-0.42887,0.0
-3.13753,-0.4063,0.0
-3.13753,-0.38373,0.0
-3.13753,-0.36115,0.0
-3.13753,-0.33858,0.0
-3.13753,-0.31601,0.0
-3.13753,-0.29344,0.0
-3.13753,-0.27087,0.0
-3.13753,-0.24829,0.0
-3.13753,-0.22572,0.0
-3.13753,-0.20315,0.0
-3.13753,-0.18058,0.0
-3.13753,-0.15801,0.0
-3.13753,-0.13543,0.0
-3.13753,-0.11286,0.0
-3.13753,-0.09029,0.0
-3.13753,-0.06772,0.0
-3.13753,-0.04514,0.0
-3.13753,-0.02257,0.0
-3.13753,0,0.0
-3.13753,0.02257,0.0
-3.13753,0.04514,0.0
-3.13753,0.06772,0.0
-3.13753,0.09029,0.0
-3.13753,0.11286,0.0
-3.13753,0.13543,0.0
-3.13753,0.15801,0.0
-3.13753,0.18058,0.0
-3.13753,0.20315,0.0
-3.13753,0.22572,0.0
-3.13753,0.24829,0.0
-3.13753,0.27087,0.0
-3.13753,0.29344,0.0
-3.13753,0.31601,0.0
-3.13753,0.33858,0.0
-3.13753,0.36115,0.0
-3.13753,0.38373,0.0
-3.13753,0.4063,0.0
-3.13753,0.42887,0.0
-3.13753,0.45144,0.0
-3.13753,0.47402,0.0
-3.13753,0.49659,0.0
-3.13753,0.51916,0.0
-3.13753,0.54173,0.0
-3.13753,0.5643,0.0
-3.13753,0.58688,0.0
-3.13753,0.60945,0.0
-3.13753,0.63202,0.0
-3.13753,0.65459,0.0
-3.13753,0.67717,0.0
-3.13753,0.69974,0.0
-3.13753,0.72231,0.0
-3.13753,0.74488,0.0
-3.13753,0.76745,0.0
-3.13753,0.79003,0.0
-3.11496,-0.79003,0.0
-3.11496,-0.76745,0.0
-3.11496,-0.74488,0.0
-3.11496,-0.72231,0.0
-3.11496,-0.69974,0.0
-3.11496,-0.67717,0.0
-3.11496,-0.65459,0.0
-3.11496,-0.63202,0.0
-3.11496,-0.60945,0.0
-3.11496,-0.58688,0.0
-3.11496,-0.5643,0.0
-3.11496,-0.54173,0.0
-3.11496,-0.51916,0.0
-3.11496,-0.49659,0.0
-3.11496,-0.47402,0.0
-3.11496,-0.45144,0.0
-3.11496,-0.42887,0.0
-3.11496,-0.4063,0.0
-3.11496,-0.38373,0.0
-3.11496,-0.36115,0.0
-3.11496,-0.33858,0.0
-3.11496,-0.31601,0.0
-3.11496,-0.29344,0.0
-3.11496,-0.27087,0.0
-3.11496,-0.24829,0.0
-3.11496,-0.22572,0.0
-3.11496,-0.20315,0.0
-3.11496,-0.18058,0.0
-3.11496,-0.15801,0.0
-3.11496,-0.13543,0.0
-3.11496,-0.11286,0.0
-3.11496,-0.09029,0.0
-3.11496,-0.06772,0.0
-3.11496,-0.04514,0.0
-3.11496,-0.02257,0.0
-3.11496,0,0.0
-3.11496,0.02257,0.0
-3.11496,0.04514,0.0
-3.11496,0.06772,0.0
-3.11496,0.09029,0.0
-3.11496,0.11286,0.0
-3.11496,0.13543,0.0
-3.11496,0.15801,0.0
-3.11496,0.18058,0.0
-3.11496,0.20315,0.0
-3.11496,0.22572,0.0
-3.11496,0.24829,0.0
-3.11496,0.27087,0.0
-3.11496,0.29344,0.0
-3.11496,0.31601,0.0
-3.11496,0.33858,0.0
-3.11496,0.36115,0.0
-3.11496,0.38373,0.0
-3.11496,0.4063,0.0
-3.11496,0.42887,0.0
-3.11496,0.45144,0.0
-3.11496,0.47402,0.0
-3.11496,0.49659,0.0
-3.11496,0.51916,0.0
-3.11496,0.54173,0.0
-3.11496,0.5643,0.0
-3.11496,0.58688,0.0
-3.11496,0.60945,0.0
-3.11496,0.63202,0.0
-3.11496,0.65459,0.0
-3.11496,0.67717,0.0
-3.11496,0.69974,0.0
-3.11496,0.72231,0.0
-3.11496,0.74488,0.0
-3.11496,0.76745,0.0
-3.11496,0.79003,0.0
-3.09239,-0.79003,0.0
-3.09239,-0.76745,0.0
-3.09239,-0.74488,0.0
-3.09239,-0.72231,0.0
-3.09239,-0.69974,0.0
-3.09239,-0.67717,0.0
-3.09239,-0.65459,0.0
-3.09239,-0.63202,0.0
-3.09239,-0.60945,0.0
-3.09239,-0.58688,0.0
-3.09239,-0.5643,0.0
-3.09239,-0.54173,0.0
-3.09239,-0.51916,0.0
-3.09239,-0.49659,0.0
-3.09239,-0.47402,0.0
-3.09239,-0.45144,0.0
-3.09239,-0.42887,0.0
-3.09239,-0.4063,0.0
-3.09239,-0.38373,0.0
-3.09239,-0.36115,0.0
-3.09239,-0.33858,0.0
-3.09239,-0.31601,0.0
-3.09239,-0.29344,0.0
-3.09239,-0.27087,0.0
-3.09239,-0.24829,0.0
-3.09239,-0.22572,0.0
-3.09239,-0.20315,0.0
-3.09239,-0.18058,0.0
-3.09239,-0.15801,0.0
-3.09239,-0.13543,0.0
-3.09239,-0.11286,0.0
-3.09239,-0.09029,0.0
-3.09239,-0.06772,0.0
-3.09239,-0.04514,0.0
-3.09239,-0.02257,0.0
-3.09239,0,0.0
-3.09239,0.02257,0.0
-3.09239,0.04514,0.0
-3.09239,0.06772,0.0
-3.09239,0.09029,0.0
-3.09239,0.11286,0.0
-3.09239,0.13543,0.0
-3.09239,0.15801,0.0
-3.09239,0.18058,0.0
-3.09239,0.20315,0.0
-3.09239,0.22572,0.0
-3.09239,0.24829,0.0
-3.09239,0.27087,0.0
-3.09239,0.29344,0.0
-3.09239,0.31601,0.0
-3.09239,0.33858,0.0
-3.09239,0.36115,0.0
-3.09239,0.38373,0.0
-3.09239,0.4063,0.0
-3.09239,0.42887,0.0
-3.09239,0.45144,0.0
-3.09239,0.47402,0.0
-3.09239,0.49659,0.0
-3.09239,0.51916,0.0
-3.09239,0.54173,0.0
-3.09239,0.5643,0.0
-3.09239,0.58688,0.0
-3.09239,0.60945,0.0
-3.09239,0.63202,0.0
-3.09239,0.65459,0.0
-3.09239,0.67717,0.0
-3.09239,0.69974,0.0
-3.09239,0.72231,0.0
-3.09239,0.74488,0.0
-3.09239,0.76745,0.0
-3.09239,0.79003,0.0
-3.06982,-0.79003,0.0
-3.06982,-0.76745,0.0
-3.06982,-0.74488,0.0
-3.06982,-0.72231,0.0
-3.06982,-0.69974,0.0
-3.06982,-0.67717,0.0
-3.06982,-0.65459,0.0
-3.06982,-0.63202,0.0
-3.06982,-0.60945,0.0
-3.06982,-0.58688,0.0
-3.06982,-0.5643,0.0
-3.06982,-0.54173,0.0
-3.06982,-0.51916,0.0
-3.06982,-0.49659,0.0
-3.06982,-0.47402,0.0
-3.06982,-0.45144,0.0
-3.06982,-0.42887,0.0
-3.06982,-0.4063,0.0
-3.06982,-0.38373,0.0
-3.06982,-0.36115,0.0
-3.06982,-0.33858,0.0
-3.06982,-0.31601,0.0
-3.06982,-0.29344,0.0
-3.06982,-0.27087,0.0
-3.06982,-0.24829,0.0
-3.06982,-0.22572,0.0
-3.06982,-0.20315,0.0
-3.06982,-0.18058,0.0
-3.06982,-0.15801,0.0
-3.06982,-0.13543,0.0
-3.06982,-0.11286,0.0
-3.06982,-0.09029,0.0
-3.06982,-0.06772,0.0
-3.06982,-0.04514,0.0
-3.06982,-0.02257,0.0
-3.06982,0,0.0
-3.06982,0.02257,0.0
-3.06982,0.04514,0.0
-3.06982,0.06772,0.0
-3.06982,0.09029,0.0
-3.06982,0.11286,0.0
-3.06982,0.13543,0.0
-3.06982,0.15801,0.0
-3.06982,0.18058,0.0
-3.06982,0.20315,0.0
-3.06982,0.22572,0.0
-3.06982,0.24829,0.0
-3.06982,0.27087,0.0
-3.06982,0.29344,0.0
-3.06982,0.31601,0.0
-3.06982,0.33858,0.0
-3.06982,0.36115,0.0
-3.06982,0.38373,0.0
-3.06982,0.4063,0.0
-3.06982,0.42887,0.0
-3.06982,0.45144,0.0
-3.06982,0.47402,0.0
-3.06982,0.49659,0.0
-3.06982,0.51916,0.0
-3.06982,0.54173,0.0
-3.06982,0.5643,0.0
-3.06982,0.58688,0.0
-3.06982,0.60945,0.0
-3.06982,0.63202,0.0
-3.06982,0.65459,0.0
-3.06982,0.67717,0.0
-3.06982,0.69974,0.0
-3.06982,0.72231,0.0
-3.06982,0.74488,0.0
-3.06982,0.76745,0.0
-3.06982,0.79003,0.0
-3.04724,-0.79003,0.0
-3.04724,-0.76745,0.0
-3.04724,-0.74488,0.0
-3.04724,-0.72231,0.0
-3.04724,-0.69974,0.0
-3.04724,-0.67717,0.0
-3.04724,-0.65459,0.0
-3.04724,-0.63202,0.0
-3.04724,-0.60945,0.0
-3.04724,-0.58688,0.0
-3.04724,-0.5643,0.0
-3.04724,-0.54173,0.0
-3.04724,-0.51916,0.0
-3.04724,-0.49659,0.0
-3.04724,-0.47402,0.0
-3.04724,-0.45144,0.0
-3.04724,-0.42887,0.0
-3.04724,-0.4063,0.0
-3.04724,-0.38373,0.0
-3.04724,-0.36115,0.0
-3.04724,-0.33858,0.0
-3.04724,-0.31601,0.0
-3.04724,-0.29344,0.0
-3.04724,-0.27087,0.0
-3.04724,-0.24829,0.0
-3.04724,-0.22572,0.0
-3.04724,-0.20315,0.0
-3.04724,-0.18058,0.0
-3.04724,-0.15801,0.0
-3.04724,-0.13543,0.0
-3.04724,-0.11286,0.0
-3.04724,-0.09029,0.0
-3.04724,-0.06772,0.0
-3.04724,-0.04514,0.0
-3.04724,-0.02257,0.0
-3.04724,0,0.0
-3.04724,0.02257,0.0
-3.04724,0.04514,0.0
-3.04724,0.06772,0.0
-3.04724,0.09029,0.0
-3.04724,0.11286,0.0
-3.04724,0.13543,0.0
-3.04724,0.15801,0.0
-3.04724,0.18058,0.0
-3.04724,0.20315,0.0
-3.04724,0.22572,0.0
-3.04724,0.24829,0.0
-3.04724,0.27087,0.0
-3.04724,0.29344,0.0
-3.04724,0.31601,0.0
-3.04724,0.33858,0.0
-3.04724,0.36115,0.0
-3.04724,0.38373,0.0
-3.04724,0.4063,0.0
-3.04724,0.42887,0.0
-3.04724,0.45144,0.0
-3.04724,0.47402,0.0
-3.04724,0.49659,0.0
-3.04724,0.51916,0.0
-3.04724,0.54173,0.0
-3.04724,0.5643,0.0
-3.04724,0.58688,0.0
-3.04724,0.60945,0.0
-3.04724,0.63202,0.0
-3.04724,0.65459,0.0
-3.04724,0.67717,0.0
-3.04724,0.69974,0.0
-3.04724,0.72231,0.0
-3.04724,0.74488,0.0
-3.04724,0.76745,0.0
-3.04724,0.79003,0.0
-3.02467,-0.79003,0.0
-3.02467,-0.76745,0.0
-3.02467,-0.74488,0.0
-3.02467,-0.72231,0.0
-3.02467,-0.69974,0.0
-3.02467,-0.67717,0.0
-3.02467,-0.65459,0.0
-3.02467,-0.63202,0.0
-3.02467,-0.60945,0.0
-3.02467,-0.58688,0.0
-3.02467,-0.5643,0.0
-3.02467,-0.54173,0.0
-3.02467,-0.51916,0.0
-3.02467,-0.49659,0.0
-3.02467,-0.47402,0.0
-3.02467,-0.45144,0.0
-3.02467,-0.42887,0.0
-3.02467,-0.4063,0.0
-3.02467,-0.38373,0.0
-3.02467,-0.36115,0.0
-3.02467,-0.33858,0.0
-3.02467,-0.31601,0.0
-3.02467,-0.29344,0.0
-3.02467,-0.27087,0.0
-3.02467,-0.24829,0.0
-3.02467,-0.22572,0.0
-3.02467,-0.20315,0.0
-3.02467,-0.18058,0.0
-3.02467,-0.15801,0.0
-3.02467,-0.13543,0.0
-3.02467,-0.11286,0.0
-3.02467,-0.09029,0.0
-3.02467,-0.06772,0.0
-3.02467,-0.04514,0.0
-3.02467,-0.02257,0.0
-3.02467,0,0.0
-3.02467,0.02257,0.0
-3.02467,0.04514,0.0
-3.02467,0.06772,0.0
-3.02467,0.09029,0.0
-3.02467,0.11286,0.0
-3.02467,0.13543,0.0
-3.02467,0.15801,0.0
-3.02467,0.18058,0.0
-3.02467,0.20315,0.0
-3.02467,0.22572,0.0
-3.02467,0.24829,0.0
-3.02467,0.27087,0.0
-3.02467,0.29344,0.0
-3.02467,0.31601,0.0
-3.02467,0.33858,0.0
-3.02467,0.36115,0.0
-3.02467,0.38373,0.0
-3.02467,0.4063,0.0
-3.02467,0.42887,0.0
-3.02467,0.45144,0.0
-3.02467,0.47402,0.0
-3.02467,0.49659,0.0
-3.02467,0.51916,0.0
-3.02467,0.54173,0.0
-3.02467,0.5643,0.0
-3.02467,0.58688,0.0
-3.02467,0.60945,0.0
-3.02467,0.63202,0.0
-3.02467,0.65459,0.0
-3.02467,0.67717,0.0
-3.02467,0.69974,0.0
-3.02467,0.72231,0.0
-3.02467,0.74488,0.0
-3.02467,0.76745,0.0
-3.02467,0.79003,0.0
-3.0021,-0.79003,0.0
-3.0021,-0.76745,0.0
-3.0021,-0.74488,0.0
-3.0021,-0.72231,0.0
-3.0021,-0.69974,0.0
-3.0021,-0.67717,0.0
-3.0021,-0.65459,0.0
-3.0021,-0.63202,0.0
-3.0021,-0.60945,0.0
-3.0021,-0.58688,0.0
-3.0021,-0.5643,0.0
-3.0021,-0.54173,0.0
-3.0021,-0.51916,0.0
-3.0021,-0.49659,0.0
-3.0021,-0.47402,0.0
-3.0021,-0.45144,0.0
-3.0021,-0.42887,0.0
-3.0021,-0.4063,0.0
-3.0021,-0.38373,0.0
-3.0021,-0.36115,0.0
-3.0021,-0.33858,0.0
-3.0021,-0.31601,0.0
-3.0021,-0.29344,0.0
-3.0021,-0.27087,0.0
-3.0021,-0.24829,0.0
-3.0021,-0.22572,0.0
-3.0021,-0.20315,0.0
-3.0021,-0.18058,0.0
-3.0021,-0.15801,0.0
-3.0021,-0.13543,0.0
-3.0021,-0.11286,0.0
-3.0021,-0.09029,0.0
-3.0021,-0.06772,0.0
-3.0021,-0.04514,0.0
-3.0021,-0.02257,0.0
-3.0021,0,0.0
-3.0021,0.02257,0.0
-3.0021,0.04514,0.0
-3.0021,0.06772,0.0
-3.0021,0.09029,0.0
-3.0021,0.11286,0.0
-3.0021,0.13543,0.0
-3.0021,0.15801,0.0
-3.0021,0.18058,0.0
-3.0021,0.20315,0.0
-3.0021,0.22572,0.0
-3.0021,0.24829,0.0
-3.0021,0.27087,0.0
-3.0021,0.29344,0.0
-3.0021,0.31601,0.0
-3.0021,0.33858,0.0
-3.0021,0.36115,0.0
-3.0021,0.38373,0.0
-3.0021,0.4063,0.0
-3.0021,0.42887,0.0
-3.0021,0.45144,0.0
-3.0021,0.47402,0.0
-3.0021,0.49659,0.0
-3.0021,0.51916,0.0
-3.0021,0.54173,0.0
-3.0021,0.5643,0.0
-3.0021,0.58688,0.0
-3.0021,0.60945,0.0
-3.0021,0.63202,0.0
-3.0021,0.65459,0.0
-3.0021,0.67717,0.0
-3.0021,0.69974,0.0
-3.0021,0.72231,0.0
-3.0021,0.74488,0.0
-3.0021,0.76745,0.0
-3.0021,0.79003,0.0
-2.97953,-0.79003,0.0
-2.97953,-0.76745,0.0
-2.97953,-0.74488,0.0
-2.97953,-0.72231,0.0
-2.97953,-0.69974,0.0
-2.97953,-0.67717,0.0
-2.97953,-0.65459,0.0
-2.97953,-0.63202,0.0
-2.97953,-0.60945,0.0
-2.97953,-0.58688,0.0
-2.97953,-0.5643,0.0
-2.97953,-0.54173,0.0
-2.97953,-0.51916,0.0
-2.97953,-0.49659,0.0
-2.97953,-0.47402,0.0
-2.97953,-0.45144,0.0
-2.97953,-0.42887,0.0
-2.97953,-0.4063,0.0
-2.97953,-0.38373,0.0
-2.97953,-0.36115,0.0
-2.97953,-0.33858,0.0
-2.97953,-0.31601,0.0
-2.97953,-0.29344,0.0
-2.97953,-0.27087,0.0
-2.97953,-0.24829,0.0
-2.97953,-0.22572,0.0
-2.97953,-0.20315,0.0
-2.97953,-0.18058,0.0
-2.97953,-0.15801,0.0
-2.97953,-0.13543,0.0
-2.97953,-0.11286,0.0
-2.97953,-0.09029,0.0
-2.97953,-0.06772,0.0
-2.97953,-0.04514,0.0
-2.97953,-0.02257,0.0
-2.97953,0,0.0
-2.97953,0.02257,0.0
-2.97953,0.04514,0.0
-2.97953,0.06772,0.0
-2.97953,0.09029,0.0
-2.97953,0.11286,0.0
-2.97953,0.13543,0.0
-2.97953,0.15801,0.0
-2.97953,0.18058,0.0
-2.97953,0.20315,0.0
-2.97953,0.22572,0.0
-2.97953,0.24829,0.0
-2.97953,0.27087,0.0
-2.97953,0.29344,0.0
-2.97953,0.31601,0.0
-2.97953,0.33858,0.0
-2.97953,0.36115,0.0
-2.97953,0.38373,0.0
-2.97953,0.4063,0.0
-2.97953,0.42887,0.0
-2.97953,0.45144,0.0
-2.97953,0.47402,0.0
-2.97953,0.49659,0.0
-2.97953,0.51916,0.0
-2.97953,0.54173,0.0
-2.97953,0.5643,0.0
-2.97953,0.58688,0.0
-2.97953,0.60945,0.0
-2.97953,0.63202,0.0
-2.97953,0.65459,0.0
-2.97953,0.67717,0.0
-2.97953,0.69974,0.0
-2.97953,0.72231,0.0
-2.97953,0.74488,0.0
-2.97953,0.76745,0.0
-2.97953,0.79003,0.0
-2.95696,-0.79003,0.0
-2.95696,-0.76745,0.0
-2.95696,-0.74488,0.0
-2.95696,-0.72231,0.0
-2.95696,-0.69974,0.0
-2.95696,-0.67717,0.0
-2.95696,-0.65459,0.0
-2.95696,-0.63202,0.0
-2.95696,-0.60945,0.0
-2.95696,-0.58688,0.0
-2.95696,-0.5643,0.0
-2.95696,-0.54173,0.0
-2.95696,-0.51916,0.0
-2.95696,-0.49659,0.0
-2.95696,-0.47402,0.0
-2.95696,-0.45144,0.0
-2.95696,-0.42887,0.0
-2.95696,-0.4063,0.0
-2.95696,-0.38373,0.0
-2.95696,-0.36115,0.0
-2.95696,-0.33858,0.0
-2.95696,-0.31601,0.0
-2.95696,-0.29344,0.0
-2.95696,-0.27087,0.0
-2.95696,-0.24829,0.0
-2.95696,-0.22572,0.0
-2.95696,-0.20315,0.0
-2.95696,-0.18058,0.0
-2.95696,-0.15801,0.0
-2.95696,-0.13543,0.0
-2.95696,-0.11286,0.0
-2.95696,-0.09029,0.0
-2.95696,-0.06772,0.0
-2.95696,-0.04514,0.0
-2.95696,-0.02257,0.0
-2.95696,0,0.0
-2.95696,0.02257,0.0
-2.95696,0.04514,0.0
-2.95696,0.06772,0.0
-2.95696,0.09029,0.0
-2.95696,0.11286,0.0
-2.95696,0.13543,0.0
-2.95696,0.15801,0.0
-2.95696,0.18058,0.0
-2.95696,0.20315,0.0
-2.95696,0.22572,0.0
-2.95696,0.24829,0.0
-2.95696,0.27087,0.0
-2.95696,0.29344,0.0
-2.95696,0.31601,0.0
-2.95696,0.33858,0.0
-2.95696,0.36115,0.0
-2.95696,0.38373,0.0
-2.95696,0.4063,0.0
-2.95696,0.42887,0.0
-2.95696,0.45144,0.0
-2.95696,0.47402,0.0
-2.95696,0.49659,0.0
-2.95696,0.51916,0.0
-2.95696,0.54173,0.0
-2.95696,0.5643,0.0
-2.95696,0.58688,0.0
-2.95696,0.60945,0.0
-2.95696,0.63202,0.0
-2.95696,0.65459,0.0
-2.95696,0.67717,0.0
-2.95696,0.69974,0.0
-2.95696,0.72231,0.0
-2.95696,0.74488,0.0
-2.95696,0.76745,0.0
-2.95696,0.79003,0.0
-2.93438,-0.79003,0.0
-2.93438,-0.76745,0.0
-2.93438,-0.74488,0.0
-2.93438,-0.72231,0.0
-2.93438,-0.69974,0.0
-2.93438,-0.67717,0.0
-2.93438,-0.65459,0.0
-2.93438,-0.63202,0.0
-2.93438,-0.60945,0.0
-2.93438,-0.58688,0.0
-2.93438,-0.5643,0.0
-2.93438,-0.54173,0.0
-2.93438,-0.51916,0.0
-2.93438,-0.49659,0.0
-2.93438,-0.47402,0.0
-2.93438,-0.45144,0.0
-2.93438,-0.42887,0.0
-2.93438,-0.4063,0.0
-2.93438,-0.38373,0.0
-2.93438,-0.36115,0.0
-2.93438,-0.33858,0.0
-2.93438,-0.31601,0.0
-2.93438,-0.29344,0.0
-2.93438,-0.27087,0.0
-2.93438,-0.24829,0.0
-2.93438,-0.22572,0.0
-2.93438,-0.20315,0.0
-2.93438,-0.18058,0.0
-2.93438,-0.15801,0.0
-2.93438,-0.13543,0.0
-2.93438,-0.11286,0.0
-2.93438,-0.09029,0.0
-2.93438,-0.06772,0.0
-2.93438,-0.04514,0.0
-2.93438,-0.02257,0.0
-2.93438,0,0.0
-2.93438,0.02257,0.0
-2.93438,0.04514,0.0
-2.93438,0.06772,0.0
-2.93438,0.09029,0.0
-2.93438,0.11286,0.0
-2.93438,0.13543,0.0
-2.93438,0.15801,0.0
-2.93438,0.18058,0.0
-2.93438,0.20315,0.0
-2.93438,0.22572,0.0
-2.93438,0.24829,0.0
-2.93438,0.27087,0.0
-2.93438,0.29344,0.0
-2.93438,0.31601,0.0
-2.93438,0.33858,0.0
-2.93438,0.36115,0.0
-2.93438,0.38373,0.0
-2.93438,0.4063,0.0
-2.93438,0.42887,0.0
-2.93438,0.45144,0.0
-2.93438,0.47402,0.0
-2.93438,0.49659,0.0
-2.93438,0.51916,0.0
-2.93438,0.54173,0.0
-2.93438,0.5643,0.0
-2.93438,0.58688,0.0
-2.93438,0.60945,0.0
-2.93438,0.63202,0.0
-2.93438,0.65459,0.0
-2.93438,0.67717,0.0
-2.93438,0.69974,0.0
-2.93438,0.72231,0.0
-2.93438,0.74488,0.0
-2.93438,0.76745,0.0
-2.93438,0.79003,0.0
-2.91181,-0.79003,0.0
-2.91181,-0.76745,0.0
-2.91181,-0.74488,0.0
-2.91181,-0.72231,0.0
-2.91181,-0.69974,0.0
-2.91181,-0.67717,0.0
-2.91181,-0.65459,0.0
-2.91181,-0.63202,0.0
-2.91181,-0.60945,0.0
-2.91181,-0.58688,0.0
-2.91181,-0.5643,0.0
-2.91181,-0.54173,0.0
-2.91181,-0.51916,0.0
-2.91181,-0.49659,0.0
-2.91181,-0.47402,0.0
-2.91181,-0.45144,0.0
-2.91181,-0.42887,0.0
-2.91181,-0.4063,0.0
-2.91181,-0.38373,0.0
-2.91181,-0.36115,0.0
-2.91181,-0.33858,0.0
-2.91181,-0.31601,0.0
-2.91181,-0.29344,0.0
-2.91181,-0.27087,0.0
-2.91181,-0.24829,0.0
-2.91181,-0.22572,0.0
-2.91181,-0.20315,0.0
-2.91181,-0.18058,0.0
-2.91181,-0.15801,0.0
-2.91181,-0.13543,0.0
-2.91181,-0.11286,0.0
-2.91181,-0.09029,0.0
-2.91181,-0.06772,0.0
-2.91181,-0.04514,0.0
-2.91181,-0.02257,0.0
-2.91181,0,0.0
-2.91181,0.02257,0.0
-2.91181,0.04514,0.0
-2.91181,0.06772,0.0
-2.91181,0.09029,0.0
-2.91181,0.11286,0.0
-2.91181,0.13543,0.0
-2.91181,0.15801,0.0
-2.91181,0.18058,0.0
-2.91181,0.20315,0.0
-2.91181,0.22572,0.0
-2.91181,0.24829,0.0
-2.91181,0.27087,0.0
-2.91181,0.29344,0.0
-2.91181,0.31601,0.0
-2.91181,0.33858,0.0
-2.91181,0.36115,0.0
-2.91181,0.38373,0.0
-2.91181,0.4063,0.0
-2.91181,0.42887,0.0
-2.91181,0.45144,0.0
-2.91181,0.47402,0.0
-2.91181,0.49659,0.0
-2.91181,0.51916,0.0
-2.91181,0.54173,0.0
-2.91181,0.5643,0.0
-2.91181,0.58688,0.0
-2.91181,0.60945,0.0
-2.91181,0.63202,0.0
-2.91181,0.65459,0.0
-2.91181,0.67717,0.0
-2.91181,0.69974,0.0
-2.91181,0.72231,0.0
-2.91181,0.74488,0.0
-2.91181,0.76745,0.0
-2.91181,0.79003,0.0
-2.88924,-0.79003,0.0
-2.88924,-0.76745,0.0
-2.88924,-0.74488,0.0
-2.88924,-0.72231,0.0
-2.88924,-0.69974,0.0
-2.88924,-0.67717,0.0
-2.88924,-0.65459,0.0
-2.88924,-0.63202,0.0
-2.88924,-0.60945,0.0
-2.88924,-0.58688,0.0
-2.88924,-0.5643,0.0
-2.88924,-0.54173,0.0
-2.88924,-0.51916,0.0
-2.88924,-0.49659,0.0
-2.88924,-0.47402,0.0
-2.88924,-0.45144,0.0
-2.88924,-0.42887,0.0
-2.88924,-0.4063,0.0
-2.88924,-0.38373,0.0
-2.88924,-0.36115,0.0
-2.88924,-0.33858,0.0
-2.88924,-0.31601,0.0
-2.88924,-0.29344,0.0
-2.88924,-0.27087,0.0
-2.88924,-0.24829,0.0
-2.88924,-0.22572,0.0
-2.88924,-0.20315,0.0
-2.88924,-0.18058,0.0
-2.88924,-0.15801,0.0
-2.88924,-0.13543,0.0
-2.88924,-0.11286,0.0
-2.88924,-0.09029,0.0
-2.88924,-0.06772,0.0
-2.88924,-0.04514,0.0
-2.88924,-0.02257,0.0
-2.88924,0,0.0
-2.88924,0.02257,0.0
-2.88924,0.04514,0.0
-2.88924,0.06772,0.0
-2.88924,0.09029,0.0
-2.88924,0.11286,0.0
-2.88924,0.13543,0.0
-2.88924,0.15801,0.0
-2.88924,0.18058,0.0
-2.88924,0.20315,0.0
-2.88924,0.22572,0.0
-2.88924,0.24829,0.0
-2.88924,0.27087,0.0
-2.88924,0.29344,0.0
-2.88924,0.31601,0.0
-2.88924,0.33858,0.0
-2.88924,0.36115,0.0
-2.88924,0.38373,0.0
-2.88924,0.4063,0.0
-2.88924,0.42887,0.0
-2.88924,0.45144,0.0
-2.88924,0.47402,0.0
-2.88924,0.49659,0.0
-2.88924,0.51916,0.0
-2.88924,0.54173,0.0
-2.88924,0.5643,0.0
-2.88924,0.58688,0.0
-2.88924,0.60945,0.0
-2.88924,0.63202,0.0
-2.88924,0.65459,0.0
-2.88924,0.67717,0.0
-2.88924,0.69974,0.0
-2.88924,0.72231,0.0
-2.88924,0.74488,0.0
-2.88924,0.76745,0.0
-2.88924,0.79003,0.0
-2.86667,-0.79003,0.0
-2.86667,-0.76745,0.0
-2.86667,-0.74488,0.0
-2.86667,-0.72231,0.0
-2.86667,-0.69974,0.0
-2.86667,-0.67717,0.0
-2.86667,-0.65459,0.0
-2.86667,-0.63202,0.0
-2.86667,-0.60945,0.0
-2.86667,-0.58688,0.0
-2.86667,-0.5643,0.0
-2.86667,-0.54173,0.0
-2.86667,-0.51916,0.0
-2.86667,-0.49659,0.0
-2.86667,-0.47402,0.0
-2.86667,-0.45144,0.0
-2.86667,-0.42887,0.0
-2.86667,-0.4063,0.0
-2.86667,-0.38373,0.0
-2.86667,-0.36115,0.0
-2.86667,-0.33858,0.0
-2.86667,-0.31601,0.0
-2.86667,-0.29344,0.0
-2.86667,-0.27087,0.0
-2.86667,-0.24829,0.0
-2.86667,-0.22572,0.0
-2.86667,-0.20315,0.0
-2.86667,-0.18058,0.0
-2.86667,-0.15801,0.0
-2.86667,-0.13543,0.0
-2.86667,-0.11286,0.0
-2.86667,-0.09029,0.0
-2.86667,-0.06772,0.0
-2.86667,-0.04514,0.0
-2.86667,-0.02257,0.0
-2.86667,0,0.0
-2.86667,0.02257,0.0
-2.86667,0.04514,0.0
-2.86667,0.06772,0.0
-2.86667,0.09029,0.0
-2.86667,0.11286,0.0
-2.86667,0.13543,0.0
-2.86667,0.15801,0.0
-2.86667,0.18058,0.0
-2.86667,0.20315,0.0
-2.86667,0.22572,0.0
-2.86667,0.24829,0.0
-2.86667,0.27087,0.0
-2.86667,0.29344,0.0
-2.86667,0.31601,0.0
-2.86667,0.33858,0.0
-2.86667,0.36115,0.0
-2.86667,0.38373,0.0
-2.86667,0.4063,0.0
-2.86667,0.42887,0.0
-2.86667,0.45144,0.0
-2.86667,0.47402,0.0
-2.86667,0.49659,0.0
-2.86667,0.51916,0.0
-2.86667,0.54173,0.0
-2.86667,0.5643,0.0
-2.86667,0.58688,0.0
-2.86667,0.60945,0.0
-2.86667,0.63202,0.0
-2.86667,0.65459,0.0
-2.86667,0.67717,0.0
-2.86667,0.69974,0.0
-2.86667,0.72231,0.0
-2.86667,0.74488,0.0
-2.86667,0.76745,0.0
-2.86667,0.79003,0.0
-2.8441,-0.79003,0.0
-2.8441,-0.76745,0.0
-2.8441,-0.74488,0.0
-2.8441,-0.72231,0.0
-2.8441,-0.69974,0.0
-2.8441,-0.67717,0.0
-2.8441,-0.65459,0.0
-2.8441,-0.63202,0.0
-2.8441,-0.60945,0.0
-2.8441,-0.58688,0.0
-2.8441,-0.5643,0.0
-2.8441,-0.54173,0.0
-2.8441,-0.51916,0.0
-2.8441,-0.49659,0.0
-2.8441,-0.47402,0.0
-2.8441,-0.45144,0.0
-2.8441,-0.42887,0.0
-2.8441,-0.4063,0.0
-2.8441,-0.38373,0.0
-2.8441,-0.36115,0.0
-2.8441,-0.33858,0.0
-2.8441,-0.31601,0.0
-2.8441,-0.29344,0.0
-2.8441,-0.27087,0.0
-2.8441,-0.24829,0.0
-2.8441,-0.22572,0.0
-2.8441,-0.20315,0.0
-2.8441,-0.18058,0.0
-2.8441,-0.15801,0.0
-2.8441,-0.13543,0.0
-2.8441,-0.11286,0.0
-2.8441,-0.09029,0.0
-2.8441,-0.06772,0.0
-2.8441,-0.04514,0.0
-2.8441,-0.02257,0.0
-2.8441,0,0.0
-2.8441,0.02257,0.0
-2.8441,0.04514,0.0
-2.8441,0.06772,0.0
-2.8441,0.09029,0.0
-2.8441,0.11286,0.0
-2.8441,0.13543,0.0
-2.8441,0.15801,0.0
-2.8441,0.18058,0.0
-2.8441,0.20315,0.0
-2.8441,0.22572,0.0
-2.8441,0.24829,0.0
-2.8441,0.27087,0.0
-2.8441,0.29344,0.0
-2.8441,0.31601,0.0
-2.8441,0.33858,0.0
-2.8441,0.36115,0.0
-2.8441,0.38373,0.0
-2.8441,0.4063,0.0
-2.8441,0.42887,0.0
-2.8441,0.45144,0.0
-2.8441,0.47402,0.0
-2.8441,0.49659,0.0
-2.8441,0.51916,0.0
-2.8441,0.54173,0.0
-2.8441,0.5643,0.0
-2.8441,0.58688,0.0
-2.8441,0.60945,0.0
-2.8441,0.63202,0.0
-2.8441,0.65459,0.0
-2.8441,0.67717,0.0
-2.8441,0.69974,0.0
-2.8441,0.72231,0.0
-2.8441,0.74488,0.0
-2.8441,0.76745,0.0
-2.8441,0.79003,0.0
-2.82152,-0.79003,0.0
-2.82152,-0.76745,0.0
-2.82152,-0.74488,0.0
-2.82152,-0.72231,0.0
-2.82152,-0.69974,0.0
-2.82152,-0.67717,0.0
-2.82152,-0.65459,0.0
-2.82152,-0.63202,0.0
-2.82152,-0.60945,0.0
-2.82152,-0.58688,0.0
-2.82152,-0.5643,0.0
-2.82152,-0.54173,0.0
-2.82152,-0.51916,0.0
-2.82152,-0.49659,0.0
-2.82152,-0.47402,0.0
-2.82152,-0.45144,0.0
-2.82152,-0.42887,0.0
-2.82152,-0.4063,0.0
-2.82152,-0.38373,0.0
-2.82152,-0.36115,0.0
-2.82152,-0.33858,0.0
-2.82152,-0.31601,0.0
-2.82152,-0.29344,0.0
-2.82152,-0.27087,0.0
-2.82152,-0.24829,0.0
-2.82152,-0.22572,0.0
-2.82152,-0.20315,0.0
-2.82152,-0.18058,0.0
-2.82152,-0.15801,0.0
-2.82152,-0.13543,0.0
-2.82152,-0.11286,0.0
-2.82152,-0.09029,0.0
-2.82152,-0.06772,0.0
-2.82152,-0.04514,0.0
-2.82152,-0.02257,0.0
-2.82152,0,0.0
-2.82152,0.02257,0.0
-2.82152,0.04514,0.0
-2.82152,0.06772,0.0
-2.82152,0.09029,0.0
-2.82152,0.11286,0.0
-2.82152,0.13543,0.0
-2.82152,0.15801,0.0
-2.82152,0.18058,0.0
-2.82152,0.20315,0.0
-2.82152,0.22572,0.0
-2.82152,0.24829,0.0
-2.82152,0.27087,0.0
-2.82152,0.29344,0.0
-2.82152,0.31601,0.0
-2.82152,0.33858,0.0
-2.82152,0.36115,0.0
-2.82152,0.38373,0.0
-2.82152,0.4063,0.0
-2.82152,0.42887,0.0
-2.82152,0.45144,0.0
-2.82152,0.47402,0.0
-2.82152,0.49659,0.0
-2.82152,0.51916,0.0
-2.82152,0.54173,0.0
-2.82152,0.5643,0.0
-2.82152,0.58688,0.0
-2.82152,0.60945,0.0
-2.82152,0.63202,0.0
-2.82152,0.65459,0.0
-2.82152,0.67717,0.0
-2.82152,0.69974,0.0
-2.82152,0.72231,0.0
-2.82152,0.74488,0.0
-2.82152,0.76745,0.0
-2.82152,0.79003,0.0
-2.79895,-0.79003,0.0
-2.79895,-0.76745,0.0
-2.79895,-0.74488,0.0
-2.79895,-0.72231,0.0
-2.79895,-0.69974,0.0
-2.79895,-0.67717,0.0
-2.79895,-0.65459,0.0
-2.79895,-0.63202,0.0
-2.79895,-0.60945,0.0
-2.79895,-0.58688,0.0
-2.79895,-0.5643,0.0
-2.79895,-0.54173,0.0
-2.79895,-0.51916,0.0
-2.79895,-0.49659,0.0
-2.79895,-0.47402,0.0
-2.79895,-0.45144,0.0
-2.79895,-0.42887,0.0
-2.79895,-0.4063,0.0
-2.79895,-0.38373,0.0
-2.79895,-0.36115,0.0
-2.79895,-0.33858,0.0
-2.79895,-0.31601,0.0
-2.79895,-0.29344,0.0
-2.79895,-0.27087,0.0
-2.79895,-0.24829,0.0
-2.79895,-0.22572,0.0
-2.79895,-0.20315,0.0
-2.79895,-0.18058,0.0
-2.79895,-0.15801,0.0
-2.79895,-0.13543,0.0
-2.79895,-0.11286,0.0
-2.79895,-0.09029,0.0
-2.79895,-0.06772,0.0
-2.79895,-0.04514,0.0
-2.79895,-0.02257,0.0
-2.79895,0,0.0
-2.79895,0.02257,0.0
-2.79895,0.04514,0.0
-2.79895,0.06772,0.0
-2.79895,0.09029,0.0
-2.79895,0.11286,0.0
-2.79895,0.13543,0.0
-2.79895,0.15801,0.0
-2.79895,0.18058,0.0
-2.79895,0.20315,0.0
-2.79895,0.22572,0.0
-2.79895,0.24829,0.0
-2.79895,0.27087,0.0
-2.79895,0.29344,0.0
-2.79895,0.31601,0.0
-2.79895,0.33858,0.0
-2.79895,0.36115,0.0
-2.79895,0.38373,0.0
-2.79895,0.4063,0.0
-2.79895,0.42887,0.0
-2.79895,0.45144,0.0
-2.79895,0.47402,0.0
-2.79895,0.49659,0.0
-2.79895,0.51916,0.0
-2.79895,0.54173,0.0
-2.79895,0.5643,0.0
-2.79895,0.58688,0.0
-2.79895,0.60945,0.0
-2.79895,0.63202,0.0
-2.79895,0.65459,0.0
-2.79895,0.67717,0.0
-2.79895,0.69974,0.0
-2.79895,0.72231,0.0
-2.79895,0.74488,0.0
-2.79895,0.76745,0.0
-2.79895,0.79003,0.0
-2.77638,-0.79003,0.0
-2.77638,-0.76745,0.0
-2.77638,-0.74488,0.0
-2.77638,-0.72231,0.0
-2.77638,-0.69974,0.0
-2.77638,-0.67717,0.0
-2.77638,-0.65459,0.0
-2.77638,-0.63202,0.0
-2.77638,-0.60945,0.0
-2.77638,-0.58688,0.0
-2.77638,-0.5643,0.0
-2.77638,-0.54173,0.0
-2.77638,-0.51916,0.0
-2.77638,-0.49659,0.0
-2.77638,-0.47402,0.0
-2.77638,-0.45144,0.0
-2.77638,-0.42887,0.0
-2.77638,-0.4063,0.0
-2.77638,-0.38373,0.0
-2.77638,-0.36115,0.0
-2.77638,-0.33858,0.0
-2.77638,-0.31601,0.0
-2.77638,-0.29344,0.0
-2.77638,-0.27087,0.0
-2.77638,-0.24829,0.0
-2.77638,-0.22572,0.0
-2.77638,-0.20315,0.0
-2.77638,-0.18058,0.0
-2.77638,-0.15801,0.0
-2.77638,-0.13543,0.0
-2.77638,-0.11286,0.0
-2.77638,-0.09029,0.0
-2.77638,-0.06772,0.0
-2.77638,-0.04514,0.0
-2.77638,-0.02257,0.0
-2.77638,0,0.0
-2.77638,0.02257,0.0
-2.77638,0.04514,0.0
-2.77638,0.06772,0.0
-2.77638,0.09029,0.0
-2.77638,0.11286,0.0
-2.77638,0.13543,0.0
-2.77638,0.15801,0.0
-2.77638,0.18058,0.0
-2.77638,0.20315,0.0
-2.77638,0.22572,0.0
-2.77638,0.24829,0.0
-2.77638,0.27087,0.0
-2.77638,0.29344,0.0
-2.77638,0.31601,0.0
-2.77638,0.33858,0.0
-2.77638,0.36115,0.0
-2.77638,0.38373,0.0
-2.77638,0.4063,0.0
-2.77638,0.42887,0.0
-2.77638,0.45144,0.0
-2.77638,0.47402,0.0
-2.77638,0.49659,0.0
-2.77638,0.51916,0.0
-2.77638,0.54173,0.0
-2.77638,0.5643,0.0
-2.77638,0.58688,0.0
-2.77638,0.60945,0.0
-2.77638,0.63202,0.0
-2.77638,0.65459,0.0
-2.77638,0.67717,0.0
-2.77638,0.69974,0.0
-2.77638,0.72231,0.0
-2.77638,0.74488,0.0
-2.77638,0.76745,0.0
-2.77638,0.79003,0.0
-2.75381,-0.79003,0.0
-2.75381,-0.76745,0.0
-2.75381,-0.74488,0.0
-2.75381,-0.72231,0.0
-2.75381,-0.69974,0.0
-2.75381,-0.67717,0.0
-2.75381,-0.65459,0.0
-2.75381,-0.63202,0.0
-2.75381,-0.60945,0.0
-2.75381,-0.58688,0.0
-2.75381,-0.5643,0.0
-2.75381,-0.54173,0.0
-2.75381,-0.51916,0.0
-2.75381,-0.49659,0.0
-2.75381,-0.47402,0.0
-2.75381,-0.45144,0.0
-2.75381,-0.42887,0.0
-2.75381,-0.4063,0.0
-2.75381,-0.38373,0.0
-2.75381,-0.36115,0.0
-2.75381,-0.33858,0.0
-2.75381,-0.31601,0.0
-2.75381,-0.29344,0.0
-2.75381,-0.27087,0.0
-2.75381,-0.24829,0.0
-2.75381,-0.22572,0.0
-2.75381,-0.20315,0.0
-2.75381,-0.18058,0.0
-2.75381,-0.15801,0.0
-2.75381,-0.13543,0.0
-2.75381,-0.11286,0.0
-2.75381,-0.09029,0.0
-2.75381,-0.06772,0.0
-2.75381,-0.04514,0.0
-2.75381,-0.02257,0.0
-2.75381,0,0.0
-2.75381,0.02257,0.0
-2.75381,0.04514,0.0
-2.75381,0.06772,0.0
-2.75381,0.09029,0.0
-2.75381,0.11286,0.0
-2.75381,0.13543,0.0
-2.75381,0.15801,0.0
-2.75381,0.18058,0.0
-2.75381,0.20315,0.0
-2.75381,0.22572,0.0
-2.75381,0.24829,0.0
-2.75381,0.27087,0.0
-2.75381,0.29344,0.0
-2.75381,0.31601,0.0
-2.75381,0.33858,0.0
-2.75381,0.36115,0.0
-2.75381,0.38373,0.0
-2.75381,0.4063,0.0
-2.75381,0.42887,0.0
-2.75381,0.45144,0.0
-2.75381,0.47402,0.0
-2.75381,0.49659,0.0
-2.75381,0.51916,0.0
-2.75381,0.54173,0.0
-2.75381,0.5643,0.0
-2.75381,0.58688,0.0
-2.75381,0.60945,0.0
-2.75381,0.63202,0.0
-2.75381,0.65459,0.0
-2.75381,0.67717,0.0
-2.75381,0.69974,0.0
-2.75381,0.72231,0.0
-2.75381,0.74488,0.0
-2.75381,0.76745,0.0
-2.75381,0.79003,0.0
-2.73123,-0.79003,0.0
-2.73123,-0.76745,0.0
-2.73123,-0.74488,0.0
-2.73123,-0.72231,0.0
-2.73123,-0.69974,0.0
-2.73123,-0.67717,0.0
-2.73123,-0.65459,0.0
-2.73123,-0.63202,0.0
-2.73123,-0.60945,0.0
-2.73123,-0.58688,0.0
-2.73123,-0.5643,0.0
-2.73123,-0.54173,0.0
-2.73123,-0.51916,0.0
-2.73123,-0.49659,0.0
-2.73123,-0.47402,0.0
-2.73123,-0.45144,0.0
-2.73123,-0.42887,0.0
-2.73123,-0.4063,0.0
-2.73123,-0.38373,0.0
-2.73123,-0.36115,0.0
-2.73123,-0.33858,0.0
-2.73123,-0.31601,0.0
-2.73123,-0.29344,0.0
-2.73123,-0.27087,0.0
-2.73123,-0.24829,0.0
-2.73123,-0.22572,0.0
-2.73123,-0.20315,0.0
-2.73123,-0.18058,0.0
-2.73123,-0.15801,0.0
-2.73123,-0.13543,0.0
-2.73123,-0.11286,0.0
-2.73123,-0.09029,0.0
-2.73123,-0.06772,0.0
-2.73123,-0.04514,0.0
-2.73123,-0.02257,0.0
-2.73123,0,0.0
-2.73123,0.02257,0.0
-2.73123,0.04514,0.0
-2.73123,0.06772,0.0
-2.73123,0.09029,0.0
-2.73123,0.11286,0.0
-2.73123,0.13543,0.0
-2.73123,0.15801,0.0
-2.73123,0.18058,0.0
-2.73123,0.20315,0.0
-2.73123,0.22572,0.0
-2.73123,0.24829,0.0
-2.73123,0.27087,0.0
-2.73123,0.29344,0.0
-2.73123,0.31601,0.0
-2.73123,0.33858,0.0
-2.73123,0.36115,0.0
-2.73123,0.38373,0.0
-2.73123,0.4063,0.0
-2.73123,0.42887,0.0
-2.73123,0.45144,0.0
-2.73123,0.47402,0.0
-2.73123,0.49659,0.0
-2.73123,0.51916,0.0
-2.73123,0.54173,0.0
-2.73123,0.5643,0.0
-2.73123,0.58688,0.0
-2.73123,0.60945,0.0
-2.73123,0.63202,0.0
-2.73123,0.65459,0.0
-2.73123,0.67717,0.0
-2.73123,0.69974,0.0
-2.73123,0.72231,0.0
-2.73123,0.74488,0.0
-2.73123,0.76745,0.0
-2.73123,0.79003,0.0
-2.70866,-0.79003,0.0
-2.70866,-0.76745,0.0
-2.70866,-0.74488,0.0
-2.70866,-0.72231,0.0
-2.70866,-0.69974,0.0
-2.70866,-0.67717,0.0
-2.70866,-0.65459,0.0
-2.70866,-0.63202,0.0
-2.70866,-0.60945,0.0
-2.70866,-0.58688,0.0
-2.70866,-0.5643,0.0
-2.70866,-0.54173,0.0
-2.70866,-0.51916,0.0
-2.70866,-0.49659,0.0
-2.70866,-0.47402,0.0
-2.70866,-0.45144,0.0
-2.70866,-0.42887,0.0
-2.70866,-0.4063,0.0
-2.70866,-0.38373,0.0
-2.70866,-0.36115,0.0
-2.70866,-0.33858,0.0
-2.70866,-0.31601,0.0
-2.70866,-0.29344,0.0
-2.70866,-0.27087,0.0
-2.70866,-0.24829,0.0
-2.70866,-0.22572,0.0
-2.70866,-0.20315,0.0
-2.70866,-0.18058,0.0
-2.70866,-0.15801,0.0
-2.70866,-0.13543,0.0
-2.70866,-0.11286,0.0
-2.70866,-0.09029,0.0
-2.70866,-0.06772,0.0
-2.70866,-0.04514,0.0
-2.70866,-0.02257,0.0
-2.70866,0,0.0
-2.70866,0.02257,0.0
-2.70866,0.04514,0.0
-2.70866,0.06772,0.0
-2.70866,0.09029,0.0
-2.70866,0.11286,0.0
-2.70866,0.13543,0.0
-2.70866,0.15801,0.0
-2.70866,0.18058,0.0
-2.70866,0.20315,0.0
-2.70866,0.22572,0.0
-2.70866,0.24829,0.0
-2.70866,0.27087,0.0
-2.70866,0.29344,0.0
-2.70866,0.31601,0.0
-2.70866,0.33858,0.0
-2.70866,0.36115,0.0
-2.70866,0.38373,0.0
-2.70866,0.4063,0.0
-2.70866,0.42887,0.0
-2.70866,0.45144,0.0
-2.70866,0.47402,0.0
-2.70866,0.49659,0.0
-2.70866,0.51916,0.0
-2.70866,0.54173,0.0
-2.70866,0.5643,0.0
-2.70866,0.58688,0.0
-2.70866,0.60945,0.0
-2.70866,0.63202,0.0
-2.70866,0.65459,0.0
-2.70866,0.67717,0.0
-2.70866,0.69974,0.0
-2.70866,0.72231,0.0
-2.70866,0.74488,0.0
-2.70866,0.76745,0.0
-2.70866,0.79003,0.0
-2.68609,-0.79003,0.0
-2.68609,-0.76745,0.0
-2.68609,-0.74488,0.0
-2.68609,-0.72231,0.0
-2.68609,-0.69974,0.0
-2.68609,-0.67717,0.0
-2.68609,-0.65459,0.0
-2.68609,-0.63202,0.0
-2.68609,-0.60945,0.0
-2.68609,-0.58688,0.0
-2.68609,-0.5643,0.0
-2.68609,-0.54173,0.0
-2.68609,-0.51916,0.0
-2.68609,-0.49659,0.0
-2.68609,-0.47402,0.0
-2.68609,-0.45144,0.0
-2.68609,-0.42887,0.0
-2.68609,-0.4063,0.0
-2.68609,-0.38373,0.0
-2.68609,-0.36115,0.0
-2.68609,-0.33858,0.0
-2.68609,-0.31601,0.0
-2.68609,-0.29344,0.0
-2.68609,-0.27087,0.0
-2.68609,-0.24829,0.0
-2.68609,-0.22572,0.0
-2.68609,-0.20315,0.0
-2.68609,-0.18058,0.0
-2.68609,-0.15801,0.0
-2.68609,-0.13543,0.0
-2.68609,-0.11286,0.0
-2.68609,-0.09029,0.0
-2.68609,-0.06772,0.0
-2.68609,-0.04514,0.0
-2.68609,-0.02257,0.0
-2.68609,0,0.0
-2.68609,0.02257,0.0
-2.68609,0.04514,0.0
-2.68609,0.06772,0.0
-2.68609,0.09029,0.0
-2.68609,0.11286,0.0
-2.68609,0.13543,0.0
-2.68609,0.15801,0.0
-2.68609,0.18058,0.0
-2.68609,0.20315,0.0
-2.68609,0.22572,0.0
-2.68609,0.24829,0.0
-2.68609,0.27087,0.0
-2.68609,0.29344,0.0
-2.68609,0.31601,0.0
-2.68609,0.33858,0.0
-2.68609,0.36115,0.0
-2.68609,0.38373,0.0
-2.68609,0.4063,0.0
-2.68609,0.42887,0.0
-2.68609,0.45144,0.0
-2.68609,0.47402,0.0
-2.68609,0.49659,0.0
-2.68609,0.51916,0.0
-2.68609,0.54173,0.0
-2.68609,0.5643,0.0
-2.68609,0.58688,0.0
-2.68609,0.60945,0.0
-2.68609,0.63202,0.0
-2.68609,0.65459,0.0
-2.68609,0.67717,0.0
-2.68609,0.69974,0.0
-2.68609,0.72231,0.0
-2.68609,0.74488,0.0
-2.68609,0.76745,0.0
-2.68609,0.79003,0.0
-2.66352,-0.79003,0.0
-2.66352,-0.76745,0.0
-2.66352,-0.74488,0.0
-2.66352,-0.72231,0.0
-2.66352,-0.69974,0.0
-2.66352,-0.67717,0.0
-2.66352,-0.65459,0.0
-2.66352,-0.63202,0.0
-2.66352,-0.60945,0.0
-2.66352,-0.58688,0.0
-2.66352,-0.5643,0.0
-2.66352,-0.54173,0.0
-2.66352,-0.51916,0.0
-2.66352,-0.49659,0.0
-2.66352,-0.47402,0.0
-2.66352,-0.45144,0.0
-2.66352,-0.42887,0.0
-2.66352,-0.4063,0.0
-2.66352,-0.38373,0.0
-2.66352,-0.36115,0.0
-2.66352,-0.33858,0.0
-2.66352,-0.31601,0.0
-2.66352,-0.29344,0.0
-2.66352,-0.27087,0.0
-2.66352,-0.24829,0.0
-2.66352,-0.22572,0.0
-2.66352,-0.20315,0.0
-2.66352,-0.18058,0.0
-2.66352,-0.15801,0.0
-2.66352,-0.13543,0.0
-2.66352,-0.11286,0.0
-2.66352,-0.09029,0.0
-2.66352,-0.06772,0.0
-2.66352,-0.04514,0.0
-2.66352,-0.02257,0.0
-2.66352,0,0.0
-2.66352,0.02257,0.0
-2.66352,0.04514,0.0
-2.66352,0.06772,0.0
-2.66352,0.09029,0.0
-2.66352,0.11286,0.0
-2.66352,0.13543,0.0
-2.66352,0.15801,0.0
-2.66352,0.18058,0.0
-2.66352,0.20315,0.0
-2.66352,0.22572,0.0
-2.66352,0.24829,0.0
-2.66352,0.27087,0.0
-2.66352,0.29344,0.0
-2.66352,0.31601,0.0
-2.66352,0.33858,0.0
-2.66352,0.36115,0.0
-2.66352,0.38373,0.0
-2.66352,0.4063,0.0
-2.66352,0.42887,0.0
-2.66352,0.45144,0.0
-2.66352,0.47402,0.0
-2.66352,0.49659,0.0
-2.66352,0.51916,0.0
-2.66352,0.54173,0.0
-2.66352,0.5643,0.0
-2.66352,0.58688,0.0
-2.66352,0.60945,0.0
-2.66352,0.63202,0.0
-2.66352,0.65459,0.0
-2.66352,0.67717,0.0
-2.66352,0.69974,0.0
-2.66352,0.72231,0.0
-2.66352,0.74488,0.0
-2.66352,0.76745,0.0
-2.66352,0.79003,0.0
-2.64095,-0.79003,0.0
-2.64095,-0.76745,0.0
-2.64095,-0.74488,0.0
-2.64095,-0.72231,0.0
-2.64095,-0.69974,0.0
-2.64095,-0.67717,0.0
-2.64095,-0.65459,0.0
-2.64095,-0.63202,0.0
-2.64095,-0.60945,0.0
-2.64095,-0.58688,0.0
-2.64095,-0.5643,0.0
-2.64095,-0.54173,0.0
-2.64095,-0.51916,0.0
-2.64095,-0.49659,0.0
-2.64095,-0.47402,0.0
-2.64095,-0.45144,0.0
-2.64095,-0.42887,0.0
-2.64095,-0.4063,0.0
-2.64095,-0.38373,0.0
-2.64095,-0.36115,0.0
-2.64095,-0.33858,0.0
-2.64095,-0.31601,0.0
-2.64095,-0.29344,0.0
-2.64095,-0.27087,0.0
-2.64095,-0.24829,0.0
-2.64095,-0.22572,0.0
-2.64095,-0.20315,0.0
-2.64095,-0.18058,0.0
-2.64095,-0.15801,0.0
-2.64095,-0.13543,0.0
-2.64095,-0.11286,0.0
-2.64095,-0.09029,0.0
-2.64095,-0.06772,0.0
-2.64095,-0.04514,0.0
-2.64095,-0.02257,0.0
-2.64095,0,0.0
-2.64095,0.02257,0.0
-2.64095,0.04514,0.0
-2.64095,0.06772,0.0
-2.64095,0.09029,0.0
-2.64095,0.11286,0.0
-2.64095,0.13543,0.0
-2.64095,0.15801,0.0
-2.64095,0.18058,0.0
-2.64095,0.20315,0.0
-2.64095,0.22572,0.0
-2.64095,0.24829,0.0
-2.64095,0.27087,0.0
-2.64095,0.29344,0.0
-2.64095,0.31601,0.0
-2.64095,0.33858,0.0
-2.64095,0.36115,0.0
-2.64095,0.38373,0.0
-2.64095,0.4063,0.0
-2.64095,0.42887,0.0
-2.64095,0.45144,0.0
-2.64095,0.47402,0.0
-2.64095,0.49659,0.0
-2.64095,0.51916,0.0
-2.64095,0.54173,0.0
-2.64095,0.5643,0.0
-2.64095,0.58688,0.0
-2.64095,0.60945,0.0
-2.64095,0.63202,0.0
-2.64095,0.65459,0.0
-2.64095,0.67717,0.0
-2.64095,0.69974,0.0
-2.64095,0.72231,0.0
-2.64095,0.74488,0.0
-2.64095,0.76745,0.0
-2.64095,0.79003,0.0
-2.61837,-0.79003,0.0
-2.61837,-0.76745,0.0
-2.61837,-0.74488,0.0
-2.61837,-0.72231,0.0
-2.61837,-0.69974,0.0
-2.61837,-0.67717,0.0
-2.61837,-0.65459,0.0
-2.61837,-0.63202,0.0
-2.61837,-0.60945,0.0
-2.61837,-0.58688,0.0
-2.61837,-0.5643,0.0
-2.61837,-0.54173,0.0
-2.61837,-0.51916,0.0
-2.61837,-0.49659,0.0
-2.61837,-0.47402,0.0
-2.61837,-0.45144,0.0
-2.61837,-0.42887,0.0
-2.61837,-0.4063,0.0
-2.61837,-0.38373,0.0
-2.61837,-0.36115,0.0
-2.61837,-0.33858,0.0
-2.61837,-0.31601,0.0
-2.61837,-0.29344,0.0
-2.61837,-0.27087,0.0
-2.61837,-0.24829,0.0
-2.61837,-0.22572,0.0
-2.61837,-0.20315,0.0
-2.61837,-0.18058,0.0
-2.61837,-0.15801,0.0
-2.61837,-0.13543,0.0
-2.61837,-0.11286,0.0
-2.61837,-0.09029,0.0
-2.61837,-0.06772,0.0
-2.61837,-0.04514,0.0
-2.61837,-0.02257,0.0
-2.61837,0,0.0
-2.61837,0.02257,0.0
-2.61837,0.04514,0.0
-2.61837,0.06772,0.0
-2.61837,0.09029,0.0
-2.61837,0.11286,0.0
-2.61837,0.13543,0.0
-2.61837,0.15801,0.0
-2.61837,0.18058,0.0
-2.61837,0.20315,0.0
-2.61837,0.22572,0.0
-2.61837,0.24829,0.0
-2.61837,0.27087,0.0
-2.61837,0.29344,0.0
-2.61837,0.31601,0.0
-2.61837,0.33858,0.0
-2.61837,0.36115,0.0
-2.61837,0.38373,0.0
-2.61837,0.4063,0.0
-2.61837,0.42887,0.0
-2.61837,0.45144,0.0
-2.61837,0.47402,0.0
-2.61837,0.49659,0.0
-2.61837,0.51916,0.0
-2.61837,0.54173,0.0
-2.61837,0.5643,0.0
-2.61837,0.58688,0.0
-2.61837,0.60945,0.0
-2.61837,0.63202,0.0
-2.61837,0.65459,0.0
-2.61837,0.67717,0.0
-2.61837,0.69974,0.0
-2.61837,0.72231,0.0
-2.61837,0.74488,0.0
-2.61837,0.76745,0.0
-2.61837,0.79003,0.0
-2.5958,-0.79003,0.0
-2.5958,-0.76745,0.0
-2.5958,-0.74488,0.0
-2.5958,-0.72231,0.0
-2.5958,-0.69974,0.0
-2.5958,-0.67717,0.0
-2.5958,-0.65459,0.0
-2.5958,-0.63202,0.0
-2.5958,-0.60945,0.0
-2.5958,-0.58688,0.0
-2.5958,-0.5643,0.0
-2.5958,-0.54173,0.0
-2.5958,-0.51916,0.0
-2.5958,-0.49659,0.0
-2.5958,-0.47402,0.0
-2.5958,-0.45144,0.0
-2.5958,-0.42887,0.0
-2.5958,-0.4063,0.0
-2.5958,-0.38373,0.0
-2.5958,-0.36115,0.0
-2.5958,-0.33858,0.0
-2.5958,-0.31601,0.0
-2.5958,-0.29344,0.0
-2.5958,-0.27087,0.0
-2.5958,-0.24829,0.0
-2.5958,-0.22572,0.0
-2.5958,-0.20315,0.0
-2.5958,-0.18058,0.0
-2.5958,-0.15801,0.0
-2.5958,-0.13543,0.0
-2.5958,-0.11286,0.0
-2.5958,-0.09029,0.0
-2.5958,-0.06772,0.0
-2.5958,-0.04514,0.0
-2.5958,-0.02257,0.0
-2.5958,0,0.0
-2.5958,0.02257,0.0
-2.5958,0.04514,0.0
-2.5958,0.06772,0.0
-2.5958,0.09029,0.0
-2.5958,0.11286,0.0
-2.5958,0.13543,0.0
-2.5958,0.15801,0.0
-2.5958,0.18058,0.0
-2.5958,0.20315,0.0
-2.5958,0.22572,0.0
-2.5958,0.24829,0.0
-2.5958,0.27087,0.0
-2.5958,0.29344,0.0
-2.5958,0.31601,0.0
-2.5958,0.33858,0.0
-2.5958,0.36115,0.0
-2.5958,0.38373,0.0
-2.5958,0.4063,0.0
-2.5958,0.42887,0.0
-2.5958,0.45144,0.0
-2.5958,0.47402,0.0
-2.5958,0.49659,0.0
-2.5958,0.51916,0.0
-2.5958,0.54173,0.0
-2.5958,0.5643,0.0
-2.5958,0.58688,0.0
-2.5958,0.60945,0.0
-2.5958,0.63202,0.0
-2.5958,0.65459,0.0
-2.5958,0.67717,0.0
-2.5958,0.69974,0.0
-2.5958,0.72231,0.0
-2.5958,0.74488,0.0
-2.5958,0.76745,0.0
-2.5958,0.79003,0.0
-2.57323,-0.79003,0.0
-2.57323,-0.76745,0.0
-2.57323,-0.74488,0.0
-2.57323,-0.72231,0.0
-2.57323,-0.69974,0.0
-2.57323,-0.67717,0.0
-2.57323,-0.65459,0.0
-2.57323,-0.63202,0.0
-2.57323,-0.60945,0.0
-2.57323,-0.58688,0.0
-2.57323,-0.5643,0.0
-2.57323,-0.54173,0.0
-2.57323,-0.51916,0.0
-2.57323,-0.49659,0.0
-2.57323,-0.47402,0.0
-2.57323,-0.45144,0.0
-2.57323,-0.42887,0.0
-2.57323,-0.4063,0.0
-2.57323,-0.38373,0.0
-2.57323,-0.36115,0.0
-2.57323,-0.33858,0.0
-2.57323,-0.31601,0.0
-2.57323,-0.29344,0.0
-2.57323,-0.27087,0.0
-2.57323,-0.24829,0.0
-2.57323,-0.22572,0.0
-2.57323,-0.20315,0.0
-2.57323,-0.18058,0.0
-2.57323,-0.15801,0.0
-2.57323,-0.13543,0.0
-2.57323,-0.11286,0.0
-2.57323,-0.09029,0.0
-2.57323,-0.06772,0.0
-2.57323,-0.04514,0.0
-2.57323,-0.02257,0.0
-2.57323,0,0.0
-2.57323,0.02257,0.0
-2.57323,0.04514,0.0
-2.57323,0.06772,0.0
-2.57323,0.09029,0.0
-2.57323,0.11286,0.0
-2.57323,0.13543,0.0
-2.57323,0.15801,0.0
-2.57323,0.18058,0.0
-2.57323,0.20315,0.0
-2.57323,0.22572,0.0
-2.57323,0.24829,0.0
-2.57323,0.27087,0.0
-2.57323,0.29344,0.0
-2.57323,0.31601,0.0
-2.57323,0.33858,0.0
-2.57323,0.36115,0.0
-2.57323,0.38373,0.0
-2.57323,0.4063,0.0
-2.57323,0.42887,0.0
-2.57323,0.45144,0.0
-2.57323,0.47402,0.0
-2.57323,0.49659,0.0
-2.57323,0.51916,0.0
-2.57323,0.54173,0.0
-2.57323,0.5643,0.0
-2.57323,0.58688,0.0
-2.57323,0.60945,0.0
-2.57323,0.63202,0.0
-2.57323,0.65459,0.0
-2.57323,0.67717,0.0
-2.57323,0.69974,0.0
-2.57323,0.72231,0.0
-2.57323,0.74488,0.0
-2.57323,0.76745,0.0
-2.57323,0.79003,0.0
-2.55066,-0.79003,0.0
-2.55066,-0.76745,0.0
-2.55066,-0.74488,0.0
-2.55066,-0.72231,0.0
-2.55066,-0.69974,0.0
-2.55066,-0.67717,0.0
-2.55066,-0.65459,0.0
-2.55066,-0.63202,0.0
-2.55066,-0.60945,0.0
-2.55066,-0.58688,0.0
-2.55066,-0.5643,0.0
-2.55066,-0.54173,0.0
-2.55066,-0.51916,0.0
-2.55066,-0.49659,0.0
-2.55066,-0.47402,0.0
-2.55066,-0.45144,0.0
-2.55066,-0.42887,0.0
-2.55066,-0.4063,0.0
-2.55066,-0.38373,0.0
-2.55066,-0.36115,0.0
-2.55066,-0.33858,0.0
-2.55066,-0.31601,0.0
-2.55066,-0.29344,0.0
-2.55066,-0.27087,0.0
-2.55066,-0.24829,0.0
-2.55066,-0.22572,0.0
-2.55066,-0.20315,0.0
-2.55066,-0.18058,0.0
-2.55066,-0.15801,0.0
-2.55066,-0.13543,0.0
-2.55066,-0.11286,0.0
-2.55066,-0.09029,0.0
-2.55066,-0.06772,0.0
-2.55066,-0.04514,0.0
-2.55066,-0.02257,0.0
-2.55066,0,0.0
-2.55066,0.02257,0.0
-2.55066,0.04514,0.0
-2.55066,0.06772,0.0
-2.55066,0.09029,0.0
-2.55066,0.11286,0.0
-2.55066,0.13543,0.0
-2.55066,0.15801,0.0
-2.55066,0.18058,0.0
-2.55066,0.20315,0.0
-2.55066,0.22572,0.0
-2.55066,0.24829,0.0
-2.55066,0.27087,0.0
-2.55066,0.29344,0.0
-2.55066,0.31601,0.0
-2.55066,0.33858,0.0
-2.55066,0.36115,0.0
-2.55066,0.38373,0.0
-2.55066,0.4063,0.0
-2.55066,0.42887,0.0
-2.55066,0.45144,0.0
-2.55066,0.47402,0.0
-2.55066,0.49659,0.0
-2.55066,0.51916,0.0
-2.55066,0.54173,0.0
-2.55066,0.5643,0.0
-2.55066,0.58688,0.0
-2.55066,0.60945,0.0
-2.55066,0.63202,0.0
-2.55066,0.65459,0.0
-2.55066,0.67717,0.0
-2.55066,0.69974,0.0
-2.55066,0.72231,0.0
-2.55066,0.74488,0.0
-2.55066,0.76745,0.0
-2.55066,0.79003,0.0
-2.52808,-0.79003,0.0
-2.52808,-0.76745,0.0
-2.52808,-0.74488,0.0
-2.52808,-0.72231,0.0
-2.52808,-0.69974,0.0
-2.52808,-0.67717,0.0
-2.52808,-0.65459,0.0
-2.52808,-0.63202,0.0
-2.52808,-0.60945,0.0
-2.52808,-0.58688,0.0
-2.52808,-0.5643,0.0
-2.52808,-0.54173,0.0
-2.52808,-0.51916,0.0
-2.52808,-0.49659,0.0
-2.52808,-0.47402,0.0
-2.52808,-0.45144,0.0
-2.52808,-0.42887,0.0
-2.52808,-0.4063,0.0
-2.52808,-0.38373,0.0
-2.52808,-0.36115,0.0
-2.52808,-0.33858,0.0
-2.52808,-0.31601,0.0
-2.52808,-0.29344,0.0
-2.52808,-0.27087,0.0
-2.52808,-0.24829,0.0
-2.52808,-0.22572,0.0
-2.52808,-0.20315,0.0
-2.52808,-0.18058,0.0
-2.52808,-0.15801,0.0
-2.52808,-0.13543,0.0
-2.52808,-0.11286,0.0
-2.52808,-0.09029,0.0
-2.52808,-0.06772,0.0
-2.52808,-0.04514,0.0
-2.52808,-0.02257,0.0
-2.52808,0,0.0
-2.52808,0.02257,0.0
-2.52808,0.04514,0.0
-2.52808,0.06772,0.0
-2.52808,0.09029,0.0
-2.52808,0.11286,0.0
-2.52808,0.13543,0.0
-2.52808,0.15801,0.0
-2.52808,0.18058,0.0
-2.52808,0.20315,0.0
-2.52808,0.22572,0.0
-2.52808,0.24829,0.0
-2.52808,0.27087,0.0
-2.52808,0.29344,0.0
-2.52808,0.31601,0.0
-2.52808,0.33858,0.0
-2.52808,0.36115,0.0
-2.52808,0.38373,0.0
-2.52808,0.4063,0.0
-2.52808,0.42887,0.0
-2.52808,0.45144,0.0
-2.52808,0.47402,0.0
-2.52808,0.49659,0.0
-2.52808,0.51916,0.0
-2.52808,0.54173,0.0
-2.52808,0.5643,0.0
-2.52808,0.58688,0.0
-2.52808,0.60945,0.0
-2.52808,0.63202,0.0
-2.52808,0.65459,0.0
-2.52808,0.67717,0.0
-2.52808,0.69974,0.0
-2.52808,0.72231,0.0
-2.52808,0.74488,0.0
-2.52808,0.76745,0.0
-2.52808,0.79003,0.0
-2.50551,-0.79003,0.0
-2.50551,-0.76745,0.0
-2.50551,-0.74488,0.0
-2.50551,-0.72231,0.0
-2.50551,-0.69974,0.0
-2.50551,-0.67717,0.0
-2.50551,-0.65459,0.0
-2.50551,-0.63202,0.0
-2.50551,-0.60945,0.0
-2.50551,-0.58688,0.0
-2.50551,-0.5643,0.0
-2.50551,-0.54173,0.0
-2.50551,-0.51916,0.0
-2.50551,-0.49659,0.0
-2.50551,-0.47402,0.0
-2.50551,-0.45144,0.0
-2.50551,-0.42887,0.0
-2.50551,-0.4063,0.0
-2.50551,-0.38373,0.0
-2.50551,-0.36115,0.0
-2.50551,-0.33858,0.0
-2.50551,-0.31601,0.0
-2.50551,-0.29344,0.0
-2.50551,-0.27087,0.0
-2.50551,-0.24829,0.0
-2.50551,-0.22572,0.0
-2.50551,-0.20315,0.0
-2.50551,-0.18058,0.0
-2.50551,-0.15801,0.0
-2.50551,-0.13543,0.0
-2.50551,-0.11286,0.0
-2.50551,-0.09029,0.0
-2.50551,-0.06772,0.0
-2.50551,-0.04514,0.0
-2.50551,-0.02257,0.0
-2.50551,0,0.0
-2.50551,0.02257,0.0
-2.50551,0.04514,0.0
-2.50551,0.06772,0.0
-2.50551,0.09029,0.0
-2.50551,0.11286,0.0
-2.50551,0.13543,0.0
-2.50551,0.15801,0.0
-2.50551,0.18058,0.0
-2.50551,0.20315,0.0
-2.50551,0.22572,0.0
-2.50551,0.24829,0.0
-2.50551,0.27087,0.0
-2.50551,0.29344,0.0
-2.50551,0.31601,0.0
-2.50551,0.33858,0.0
-2.50551,0.36115,0.0
-2.50551,0.38373,0.0
-2.50551,0.4063,0.0
-2.50551,0.42887,0.0
-2.50551,0.45144,0.0
-2.50551,0.47402,0.0
-2.50551,0.49659,0.0
-2.50551,0.51916,0.0
-2.50551,0.54173,0.0
-2.50551,0.5643,0.0
-2.50551,0.58688,0.0
-2.50551,0.60945,0.0
-2.50551,0.63202,0.0
-2.50551,0.65459,0.0
-2.50551,0.67717,0.0
-2.50551,0.69974,0.0
-2.50551,0.72231,0.0
-2.50551,0.74488,0.0
-2.50551,0.76745,0.0
-2.50551,0.79003,0.0
-2.48294,-0.79003,0.0
-2.48294,-0.76745,0.0
-2.48294,-0.74488,0.0
-2.48294,-0.72231,0.0
-2.48294,-0.69974,0.0
-2.48294,-0.67717,0.0
-2.48294,-0.65459,0.0
-2.48294,-0.63202,0.0
-2.48294,-0.60945,0.0
-2.48294,-0.58688,0.0
-2.48294,-0.5643,0.0
-2.48294,-0.54173,0.0
-2.48294,-0.51916,0.0
-2.48294,-0.49659,0.0
-2.48294,-0.47402,0.0
-2.48294,-0.45144,0.0
-2.48294,-0.42887,0.0
-2.48294,-0.4063,0.0
-2.48294,-0.38373,0.0
-2.48294,-0.36115,0.0
-2.48294,-0.33858,0.0
-2.48294,-0.31601,0.0
-2.48294,-0.29344,0.0
-2.48294,-0.27087,0.0
-2.48294,-0.24829,0.0
-2.48294,-0.22572,0.0
-2.48294,-0.20315,0.0
-2.48294,-0.18058,0.0
-2.48294,-0.15801,0.0
-2.48294,-0.13543,0.0
-2.48294,-0.11286,0.0
-2.48294,-0.09029,0.0
-2.48294,-0.06772,0.0
-2.48294,-0.04514,0.0
-2.48294,-0.02257,0.0
-2.48294,0,0.0
-2.48294,0.02257,0.0
-2.48294,0.04514,0.0
-2.48294,0.06772,0.0
-2.48294,0.09029,0.0
-2.48294,0.11286,0.0
-2.48294,0.13543,0.0
-2.48294,0.15801,0.0
-2.48294,0.18058,0.0
-2.48294,0.20315,0.0
-2.48294,0.22572,0.0
-2.48294,0.24829,0.0
-2.48294,0.27087,0.0
-2.48294,0.29344,0.0
-2.48294,0.31601,0.0
-2.48294,0.33858,0.0
-2.48294,0.36115,0.0
-2.48294,0.38373,0.0
-2.48294,0.4063,0.0
-2.48294,0.42887,0.0
-2.48294,0.45144,0.0
-2.48294,0.47402,0.0
-2.48294,0.49659,0.0
-2.48294,0.51916,0.0
-2.48294,0.54173,0.0
-2.48294,0.5643,0.0
-2.48294,0.58688,0.0
-2.48294,0.60945,0.0
-2.48294,0.63202,0.0
-2.48294,0.65459,0.0
-2.48294,0.67717,0.0
-2.48294,0.69974,0.0
-2.48294,0.72231,0.0
-2.48294,0.74488,0.0
-2.48294,0.76745,0.0
-2.48294,0.79003,0.0
-2.46037,-0.79003,0.0
-2.46037,-0.76745,0.0
-2.46037,-0.74488,0.0
-2.46037,-0.72231,0.0
-2.46037,-0.69974,0.0
-2.46037,-0.67717,0.0
-2.46037,-0.65459,0.0
-2.46037,-0.63202,0.0
-2.46037,-0.60945,0.0
-2.46037,-0.58688,0.0
-2.46037,-0.5643,0.0
-2.46037,-0.54173,0.0
-2.46037,-0.51916,0.0
-2.46037,-0.49659,0.0
-2.46037,-0.47402,0.0
-2.46037,-0.45144,0.0
-2.46037,-0.42887,0.0
-2.46037,-0.4063,0.0
-2.46037,-0.38373,0.0
-2.46037,-0.36115,0.0
-2.46037,-0.33858,0.0
-2.46037,-0.31601,0.0
-2.46037,-0.29344,0.0
-2.46037,-0.27087,0.0
-2.46037,-0.24829,0.0
-2.46037,-0.22572,0.0
-2.46037,-0.20315,0.0
-2.46037,-0.18058,0.0
-2.46037,-0.15801,0.0
-2.46037,-0.13543,0.0
-2.46037,-0.11286,0.0
-2.46037,-0.09029,0.0
-2.46037,-0.06772,0.0
-2.46037,-0.04514,0.0
-2.46037,-0.02257,0.0
-2.46037,0,0.0
-2.46037,0.02257,0.0
-2.46037,0.04514,0.0
-2.46037,0.06772,0.0
-2.46037,0.09029,0.0
-2.46037,0.11286,0.0
-2.46037,0.13543,0.0
-2.46037,0.15801,0.0
-2.46037,0.18058,0.0
-2.46037,0.20315,0.0
-2.46037,0.22572,0.0
-2.46037,0.24829,0.0
-2.46037,0.27087,0.0
-2.46037,0.29344,0.0
-2.46037,0.31601,0.0
-2.46037,0.33858,0.0
-2.46037,0.36115,0.0
-2.46037,0.38373,0.0
-2.46037,0.4063,0.0
-2.46037,0.42887,0.0
-2.46037,0.45144,0.0
-2.46037,0.47402,0.0
-2.46037,0.49659,0.0
-2.46037,0.51916,0.0
-2.46037,0.54173,0.0
-2.46037,0.5643,0.0
-2.46037,0.58688,0.0
-2.46037,0.60945,0.0
-2.46037,0.63202,0.0
-2.46037,0.65459,0.0
-2.46037,0.67717,0.0
-2.46037,0.69974,0.0
-2.46037,0.72231,0.0
-2.46037,0.74488,0.0
-2.46037,0.76745,0.0
-2.46037,0.79003,0.0
-2.4378,-0.79003,0.0
-2.4378,-0.76745,0.0
-2.4378,-0.74488,0.0
-2.4378,-0.72231,0.0
-2.4378,-0.69974,0.0
-2.4378,-0.67717,0.0
-2.4378,-0.65459,0.0
-2.4378,-0.63202,0.0
-2.4378,-0.60945,0.0
-2.4378,-0.58688,0.0
-2.4378,-0.5643,0.0
-2.4378,-0.54173,0.0
-2.4378,-0.51916,0.0
-2.4378,-0.49659,0.0
-2.4378,-0.47402,0.0
-2.4378,-0.45144,0.0
-2.4378,-0.42887,0.0
-2.4378,-0.4063,0.0
-2.4378,-0.38373,0.0
-2.4378,-0.36115,0.0
-2.4378,-0.33858,0.0
-2.4378,-0.31601,0.0
-2.4378,-0.29344,0.0
-2.4378,-0.27087,0.0
-2.4378,-0.24829,0.0
-2.4378,-0.22572,0.0
-2.4378,-0.20315,0.0
-2.4378,-0.18058,0.0
-2.4378,-0.15801,0.0
-2.4378,-0.13543,0.0
-2.4378,-0.11286,0.0
-2.4378,-0.09029,0.0
-2.4378,-0.06772,0.0
-2.4378,-0.04514,0.0
-2.4378,-0.02257,0.0
-2.4378,0,0.0
-2.4378,0.02257,0.0
-2.4378,0.04514,0.0
-2.4378,0.06772,0.0
-2.4378,0.09029,0.0
-2.4378,0.11286,0.0
-2.4378,0.13543,0.0
-2.4378,0.15801,0.0
-2.4378,0.18058,0.0
-2.4378,0.20315,0.0
-2.4378,0.22572,0.0
-2.4378,0.24829,0.0
-2.4378,0.27087,0.0
-2.4378,0.29344,0.0
-2.4378,0.31601,0.0
-2.4378,0.33858,0.0
-2.4378,0.36115,0.0
-2.4378,0.38373,0.0
-2.4378,0.4063,0.0
-2.4378,0.42887,0.0
-2.4378,0.45144,0.0
-2.4378,0.47402,0.0
-2.4378,0.49659,0.0
-2.4378,0.51916,0.0
-2.4378,0.54173,0.0
-2.4378,0.5643,0.0
-2.4378,0.58688,0.0
-2.4378,0.60945,0.0
-2.4378,0.63202,0.0
-2.4378,0.65459,0.0
-2.4378,0.67717,0.0
-2.4378,0.69974,0.0
-2.4378,0.72231,0.0
-2.4378,0.74488,0.0
-2.4378,0.76745,0.0
-2.4378,0.79003,0.0
-2.41522,-0.79003,0.0
-2.41522,-0.76745,0.0
-2.41522,-0.74488,0.0
-2.41522,-0.72231,0.0
-2.41522,-0.69974,0.0
-2.41522,-0.67717,0.0
-2.41522,-0.65459,0.0
-2.41522,-0.63202,0.0
-2.41522,-0.60945,0.0
-2.41522,-0.58688,0.0
-2.41522,-0.5643,0.0
-2.41522,-0.54173,0.0
-2.41522,-0.51916,0.0
-2.41522,-0.49659,0.0
-2.41522,-0.47402,0.0
-2.41522,-0.45144,0.0
-2.41522,-0.42887,0.0
-2.41522,-0.4063,0.0
-2.41522,-0.38373,0.0
-2.41522,-0.36115,0.0
-2.41522,-0.33858,0.0
-2.41522,-0.31601,0.0
-2.41522,-0.29344,0.0
-2.41522,-0.27087,0.0
-2.41522,-0.24829,0.0
-2.41522,-0.22572,0.0
-2.41522,-0.20315,0.0
-2.41522,-0.18058,0.0
-2.41522,-0.15801,0.0
-2.41522,-0.13543,0.0
-2.41522,-0.11286,0.0
-2.41522,-0.09029,0.0
-2.41522,-0.06772,0.0
-2.41522,-0.04514,0.0
-2.41522,-0.02257,0.0
-2.41522,0,0.0
-2.41522,0.02257,0.0
-2.41522,0.04514,0.0
-2.41522,0.06772,0.0
-2.41522,0.09029,0.0
-2.41522,0.11286,0.0
-2.41522,0.13543,0.0
-2.41522,0.15801,0.0
-2.41522,0.18058,0.0
-2.41522,0.20315,0.0
-2.41522,0.22572,0.0
-2.41522,0.24829,0.0
-2.41522,0.27087,0.0
-2.41522,0.29344,0.0
-2.41522,0.31601,0.0
-2.41522,0.33858,0.0
-2.41522,0.36115,0.0
-2.41522,0.38373,0.0
-2.41522,0.4063,0.0
-2.41522,0.42887,0.0
-2.41522,0.45144,0.0
-2.41522,0.47402,0.0
-2.41522,0.49659,0.0
-2.41522,0.51916,0.0
-2.41522,0.54173,0.0
-2.41522,0.5643,0.0
-2.41522,0.58688,0.0
-2.41522,0.60945,0.0
-2.41522,0.63202,0.0
-2.41522,0.65459,0.0
-2.41522,0.67717,0.0
-2.41522,0.69974,0.0
-2.41522,0.72231,0.0
-2.41522,0.74488,0.0
-2.41522,0.76745,0.0
-2.41522,0.79003,0.0
-2.39265,-0.79003,0.0
-2.39265,-0.76745,0.0
-2.39265,-0.74488,0.0
-2.39265,-0.72231,0.0
-2.39265,-0.69974,0.0
-2.39265,-0.67717,0.0
-2.39265,-0.65459,0.0
-2.39265,-0.63202,0.0
-2.39265,-0.60945,0.0
-2.39265,-0.58688,0.0
-2.39265,-0.5643,0.0
-2.39265,-0.54173,0.0
-2.39265,-0.51916,0.0
-2.39265,-0.49659,0.0
-2.39265,-0.47402,0.0
-2.39265,-0.45144,0.0
-2.39265,-0.42887,0.0
-2.39265,-0.4063,0.0
-2.39265,-0.38373,0.0
-2.39265,-0.36115,0.0
-2.39265,-0.33858,0.0
-2.39265,-0.31601,0.0
-2.39265,-0.29344,0.0
-2.39265,-0.27087,0.0
-2.39265,-0.24829,0.0
-2.39265,-0.22572,0.0
-2.39265,-0.20315,0.0
-2.39265,-0.18058,0.0
-2.39265,-0.15801,0.0
-2.39265,-0.13543,0.0
-2.39265,-0.11286,0.0
-2.39265,-0.09029,0.0
-2.39265,-0.06772,0.0
-2.39265,-0.04514,0.0
-2.39265,-0.02257,0.0
-2.39265,0,0.0
-2.39265,0.02257,0.0
-2.39265,0.04514,0.0
-2.39265,0.06772,0.0
-2.39265,0.09029,0.0
-2.39265,0.11286,0.0
-2.39265,0.13543,0.0
-2.39265,0.15801,0.0
-2.39265,0.18058,0.0
-2.39265,0.20315,0.0
-2.39265,0.22572,0.0
-2.39265,0.24829,0.0
-2.39265,0.27087,0.0
-2.39265,0.29344,0.0
-2.39265,0.31601,0.0
-2.39265,0.33858,0.0
-2.39265,0.36115,0.0
-2.39265,0.38373,0.0
-2.39265,0.4063,0.0
-2.39265,0.42887,0.0
-2.39265,0.45144,0.0
-2.39265,0.47402,0.0
-2.39265,0.49659,0.0
-2.39265,0.51916,0.0
-2.39265,0.54173,0.0
-2.39265,0.5643,0.0
-2.39265,0.58688,0.0
-2.39265,0.60945,0.0
-2.39265,0.63202,0.0
-2.39265,0.65459,0.0
-2.39265,0.67717,0.0
-2.39265,0.69974,0.0
-2.39265,0.72231,0.0
-2.39265,0.74488,0.0
-2.39265,0.76745,0.0
-2.39265,0.79003,0.0
-2.37008,-0.79003,0.0
-2.37008,-0.76745,0.0
-2.37008,-0.74488,0.0
-2.37008,-0.72231,0.0
-2.37008,-0.69974,0.0
-2.37008,-0.67717,0.0
-2.37008,-0.65459,0.0
-2.37008,-0.63202,0.0
-2.37008,-0.60945,0.0
-2.37008,-0.58688,0.0
-2.37008,-0.5643,0.0
-2.37008,-0.54173,0.0
-2.37008,-0.51916,0.0
-2.37008,-0.49659,0.0
-2.37008,-0.47402,0.0
-2.37008,-0.45144,0.0
-2.37008,-0.42887,0.0
-2.37008,-0.4063,0.0
-2.37008,-0.38373,0.0
-2.37008,-0.36115,0.0
-2.37008,-0.33858,0.0
-2.37008,-0.31601,0.0
-2.37008,-0.29344,0.0
-2.37008,-0.27087,0.0
-2.37008,-0.24829,0.0
-2.37008,-0.22572,0.0
-2.37008,-0.20315,0.0
-2.37008,-0.18058,0.0
-2.37008,-0.15801,0.0
-2.37008,-0.13543,0.0
-2.37008,-0.11286,0.0
-2.37008,-0.09029,0.0
-2.37008,-0.06772,0.0
-2.37008,-0.04514,0.0
-2.37008,-0.02257,0.0
-2.37008,0,0.0
-2.37008,0.02257,0.0
-2.37008,0.04514,0.0
-2.37008,0.06772,0.0
-2.37008,0.09029,0.0
-2.37008,0.11286,0.0
-2.37008,0.13543,0.0
-2.37008,0.15801,0.0
-2.37008,0.18058,0.0
-2.37008,0.20315,0.0
-2.37008,0.22572,0.0
-2.37008,0.24829,0.0
-2.37008,0.27087,0.0
-2.37008,0.29344,0.0
-2.37008,0.31601,0.0
-2.37008,0.33858,0.0
-2.37008,0.36115,0.0
-2.37008,0.38373,0.0
-2.37008,0.4063,0.0
-2.37008,0.42887,0.0
-2.37008,0.45144,0.0
-2.37008,0.47402,0.0
-2.37008,0.49659,0.0
-2.37008,0.51916,0.0
-2.37008,0.54173,0.0
-2.37008,0.5643,0.0
-2.37008,0.58688,0.0
-2.37008,0.60945,0.0
-2.37008,0.63202,0.0
-2.37008,0.65459,0.0
-2.37008,0.67717,0.0
-2.37008,0.69974,0.0
-2.37008,0.72231,0.0
-2.37008,0.74488,0.0
-2.37008,0.76745,0.0
-2.37008,0.79003,0.0
-2.34751,-0.79003,0.0
-2.34751,-0.76745,0.0
-2.34751,-0.74488,0.0
-2.34751,-0.72231,0.0
-2.34751,-0.69974,0.0
-2.34751,-0.67717,0.0
-2.34751,-0.65459,0.0
-2.34751,-0.63202,0.0
-2.34751,-0.60945,0.0
-2.34751,-0.58688,0.0
-2.34751,-0.5643,0.0
-2.34751,-0.54173,0.0
-2.34751,-0.51916,0.0
-2.34751,-0.49659,0.0
-2.34751,-0.47402,0.0
-2.34751,-0.45144,0.0
-2.34751,-0.42887,0.0
-2.34751,-0.4063,0.0
-2.34751,-0.38373,0.0
-2.34751,-0.36115,0.0
-2.34751,-0.33858,0.0
-2.34751,-0.31601,0.0
-2.34751,-0.29344,0.0
-2.34751,-0.27087,0.0
-2.34751,-0.24829,0.0
-2.34751,-0.22572,0.0
-2.34751,-0.20315,0.0
-2.34751,-0.18058,0.0
-2.34751,-0.15801,0.0
-2.34751,-0.13543,0.0
-2.34751,-0.11286,0.0
-2.34751,-0.09029,0.0
-2.34751,-0.06772,0.0
-2.34751,-0.04514,0.0
-2.34751,-0.02257,0.0
-2.34751,0,0.0
-2.34751,0.02257,0.0
-2.34751,0.04514,0.0
-2.34751,0.06772,0.0
-2.34751,0.09029,0.0
-2.34751,0.11286,0.0
-2.34751,0.13543,0.0
-2.34751,0.15801,0.0
-2.34751,0.18058,0.0
-2.34751,0.20315,0.0
-2.34751,0.22572,0.0
-2.34751,0.24829,0.0
-2.34751,0.27087,0.0
-2.34751,0.29344,0.0
-2.34751,0.31601,0.0
-2.34751,0.33858,0.0
-2.34751,0.36115,0.0
-2.34751,0.38373,0.0
-2.34751,0.4063,0.0
-2.34751,0.42887,0.0
-2.34751,0.45144,0.0
-2.34751,0.47402,0.0
-2.34751,0.49659,0.0
-2.34751,0.51916,0.0
-2.34751,0.54173,0.0
-2.34751,0.5643,0.0
-2.34751,0.58688,0.0
-2.34751,0.60945,0.0
-2.34751,0.63202,0.0
-2.34751,0.65459,0.0
-2.34751,0.67717,0.0
-2.34751,0.69974,0.0
-2.34751,0.72231,0.0
-2.34751,0.74488,0.0
-2.34751,0.76745,0.0
-2.34751,0.79003,0.0
-2.32493,-0.79003,0.0
-2.32493,-0.76745,0.0
-2.32493,-0.74488,0.0
-2.32493,-0.72231,0.0
-2.32493,-0.69974,0.0
-2.32493,-0.67717,0.0
-2.32493,-0.65459,0.0
-2.32493,-0.63202,0.0
-2.32493,-0.60945,0.0
-2.32493,-0.58688,0.0
-2.32493,-0.5643,0.0
-2.32493,-0.54173,0.0
-2.32493,-0.51916,0.0
-2.32493,-0.49659,0.0
-2.32493,-0.47402,0.0
-2.32493,-0.45144,0.0
-2.32493,-0.42887,0.0
-2.32493,-0.4063,0.0
-2.32493,-0.38373,0.0
-2.32493,-0.36115,0.0
-2.32493,-0.33858,0.0
-2.32493,-0.31601,0.0
-2.32493,-0.29344,0.0
-2.32493,-0.27087,0.0
-2.32493,-0.24829,0.0
-2.32493,-0.22572,0.0
-2.32493,-0.20315,0.0
-2.32493,-0.18058,0.0
-2.32493,-0.15801,0.0
-2.32493,-0.13543,0.0
-2.32493,-0.11286,0.0
-2.32493,-0.09029,0.0
-2.32493,-0.06772,0.0
-2.32493,-0.04514,0.0
-2.32493,-0.02257,0.0
-2.32493,0,0.0
-2.32493,0.02257,0.0
-2.32493,0.04514,0.0
-2.32493,0.06772,0.0
-2.32493,0.09029,0.0
-2.32493,0.11286,0.0
-2.32493,0.13543,0.0
-2.32493,0.15801,0.0
-2.32493,0.18058,0.0
-2.32493,0.20315,0.0
-2.32493,0.22572,0.0
-2.32493,0.24829,0.0
-2.32493,0.27087,0.0
-2.32493,0.29344,0.0
-2.32493,0.31601,0.0
-2.32493,0.33858,0.0
-2.32493,0.36115,0.0
-2.32493,0.38373,0.0
-2.32493,0.4063,0.0
-2.32493,0.42887,0.0
-2.32493,0.45144,0.0
-2.32493,0.47402,0.0
-2.32493,0.49659,0.0
-2.32493,0.51916,0.0
-2.32493,0.54173,0.0
-2.32493,0.5643,0.0
-2.32493,0.58688,0.0
-2.32493,0.60945,0.0
-2.32493,0.63202,0.0
-2.32493,0.65459,0.0
-2.32493,0.67717,0.0
-2.32493,0.69974,0.0
-2.32493,0.72231,0.0
-2.32493,0.74488,0.0
-2.32493,0.76745,0.0
-2.32493,0.79003,0.0
-2.30236,-0.79003,0.0
-2.30236,-0.76745,0.0
-2.30236,-0.74488,0.0
-2.30236,-0.72231,0.0
-2.30236,-0.69974,0.0
-2.30236,-0.67717,0.0
-2.30236,-0.65459,0.0
-2.30236,-0.63202,0.0
-2.30236,-0.60945,0.0
-2.30236,-0.58688,0.0
-2.30236,-0.5643,0.0
-2.30236,-0.54173,0.0
-2.30236,-0.51916,0.0
-2.30236,-0.49659,0.0
-2.30236,-0.47402,0.0
-2.30236,-0.45144,0.0
-2.30236,-0.42887,0.0
-2.30236,-0.4063,0.0
-2.30236,-0.38373,0.0
-2.30236,-0.36115,0.0
-2.30236,-0.33858,0.0
-2.30236,-0.31601,0.0
-2.30236,-0.29344,0.0
-2.30236,-0.27087,0.0
-2.30236,-0.24829,0.0
-2.30236,-0.22572,0.0
-2.30236,-0.20315,0.0
-2.30236,-0.18058,0.0
-2.30236,-0.15801,0.0
-2.30236,-0.13543,0.0
-2.30236,-0.11286,0.0
-2.30236,-0.09029,0.0
-2.30236,-0.06772,0.0
-2.30236,-0.04514,0.0
-2.30236,-0.02257,0.0
-2.30236,0,0.0
-2.30236,0.02257,0.0
-2.30236,0.04514,0.0
-2.30236,0.06772,0.0
-2.30236,0.09029,0.0
-2.30236,0.11286,0.0
-2.30236,0.13543,0.0
-2.30236,0.15801,0.0
-2.30236,0.18058,0.0
-2.30236,0.20315,0.0
-2.30236,0.22572,0.0
-2.30236,0.24829,0.0
-2.30236,0.27087,0.0
-2.30236,0.29344,0.0
-2.30236,0.31601,0.0
-2.30236,0.33858,0.0
-2.30236,0.36115,0.0
-2.30236,0.38373,0.0
-2.30236,0.4063,0.0
-2.30236,0.42887,0.0
-2.30236,0.45144,0.0
-2.30236,0.47402,0.0
-2.30236,0.49659,0.0
-2.30236,0.51916,0.0
-2.30236,0.54173,0.0
-2.30236,0.5643,0.0
-2.30236,0.58688,0.0
-2.30236,0.60945,0.0
-2.30236,0.63202,0.0
-2.30236,0.65459,0.0
-2.30236,0.67717,0.0
-2.30236,0.69974,0.0
-2.30236,0.72231,0.0
-2.30236,0.74488,0.0
-2.30236,0.76745,0.0
-2.30236,0.79003,0.0
-2.27979,-0.79003,0.0
-2.27979,-0.76745,0.0
-2.27979,-0.74488,0.0
-2.27979,-0.72231,0.0
-2.27979,-0.69974,0.0
-2.27979,-0.67717,0.0
-2.27979,-0.65459,0.0
-2.27979,-0.63202,0.0
-2.27979,-0.60945,0.0
-2.27979,-0.58688,0.0
-2.27979,-0.5643,0.0
-2.27979,-0.54173,0.0
-2.27979,-0.51916,0.0
-2.27979,-0.49659,0.0
-2.27979,-0.47402,0.0
-2.27979,-0.45144,0.0
-2.27979,-0.42887,0.0
-2.27979,-0.4063,0.0
-2.27979,-0.38373,0.0
-2.27979,-0.36115,0.0
-2.27979,-0.33858,0.0
-2.27979,-0.31601,0.0
-2.27979,-0.29344,0.0
-2.27979,-0.27087,0.0
-2.27979,-0.24829,0.0
-2.27979,-0.22572,0.0
-2.27979,-0.20315,0.0
-2.27979,-0.18058,0.0
-2.27979,-0.15801,0.0
-2.27979,-0.13543,0.0
-2.27979,-0.11286,0.0
-2.27979,-0.09029,0.0
-2.27979,-0.06772,0.0
-2.27979,-0.04514,0.0
-2.27979,-0.02257,0.0
-2.27979,0,0.0
-2.27979,0.02257,0.0
-2.27979,0.04514,0.0
-2.27979,0.06772,0.0
-2.27979,0.09029,0.0
-2.27979,0.11286,0.0
-2.27979,0.13543,0.0
-2.27979,0.15801,0.0
-2.27979,0.18058,0.0
-2.27979,0.20315,0.0
-2.27979,0.22572,0.0
-2.27979,0.24829,0.0
-2.27979,0.27087,0.0
-2.27979,0.29344,0.0
-2.27979,0.31601,0.0
-2.27979,0.33858,0.0
-2.27979,0.36115,0.0
-2.27979,0.38373,0.0
-2.27979,0.4063,0.0
-2.27979,0.42887,0.0
-2.27979,0.45144,0.0
-2.27979,0.47402,0.0
-2.27979,0.49659,0.0
-2.27979,0.51916,0.0
-2.27979,0.54173,0.0
-2.27979,0.5643,0.0
-2.27979,0.58688,0.0
-2.27979,0.60945,0.0
-2.27979,0.63202,0.0
-2.27979,0.65459,0.0
-2.27979,0.67717,0.0
-2.27979,0.69974,0.0
-2.27979,0.72231,0.0
-2.27979,0.74488,0.0
-2.27979,0.76745,0.0
-2.27979,0.79003,0.0
-2.25722,-0.79003,0.0
-2.25722,-0.76745,0.0
-2.25722,-0.74488,0.0
-2.25722,-0.72231,0.0
-2.25722,-0.69974,0.0
-2.25722,-0.67717,0.0
-2.25722,-0.65459,0.0
-2.25722,-0.63202,0.0
-2.25722,-0.60945,0.0
-2.25722,-0.58688,0.0
-2.25722,-0.5643,0.0
-2.25722,-0.54173,0.0
-2.25722,-0.51916,0.0
-2.25722,-0.49659,0.0
-2.25722,-0.47402,0.0
-2.25722,-0.45144,0.0
-2.25722,-0.42887,0.0
-2.25722,-0.4063,0.0
-2.25722,-0.38373,0.0
-2.25722,-0.36115,0.0
-2.25722,-0.33858,0.0
-2.25722,-0.31601,0.0
-2.25722,-0.29344,0.0
-2.25722,-0.27087,0.0
-2.25722,-0.24829,0.0
-2.25722,-0.22572,0.0
-2.25722,-0.20315,0.0
-2.25722,-0.18058,0.0
-2.25722,-0.15801,0.0
-2.25722,-0.13543,0.0
-2.25722,-0.11286,0.0
-2.25722,-0.09029,0.0
-2.25722,-0.06772,0.0
-2.25722,-0.04514,0.0
-2.25722,-0.02257,0.0
-2.25722,0,0.0
-2.25722,0.02257,0.0
-2.25722,0.04514,0.0
-2.25722,0.06772,0.0
-2.25722,0.09029,0.0
-2.25722,0.11286,0.0
-2.25722,0.13543,0.0
-2.25722,0.15801,0.0
-2.25722,0.18058,0.0
-2.25722,0.20315,0.0
-2.25722,0.22572,0.0
-2.25722,0.24829,0.0
-2.25722,0.27087,0.0
-2.25722,0.29344,0.0
-2.25722,0.31601,0.0
-2.25722,0.33858,0.0
-2.25722,0.36115,0.0
-2.25722,0.38373,0.0
-2.25722,0.4063,0.0
-2.25722,0.42887,0.0
-2.25722,0.45144,0.0
-2.25722,0.47402,0.0
-2.25722,0.49659,0.0
-2.25722,0.51916,0.0
-2.25722,0.54173,0.0
-2.25722,0.5643,0.0
-2.25722,0.58688,0.0
-2.25722,0.60945,0.0
-2.25722,0.63202,0.0
-2.25722,0.65459,0.0
-2.25722,0.67717,0.0
-2.25722,0.69974,0.0
-2.25722,0.72231,0.0
-2.25722,0.74488,0.0
-2.25722,0.76745,0.0
-2.25722,0.79003,0.0
-2.23465,-0.79003,0.0
-2.23465,-0.76745,0.0
-2.23465,-0.74488,0.0
-2.23465,-0.72231,0.0
-2.23465,-0.69974,0.0
-2.23465,-0.67717,0.0
-2.23465,-0.65459,0.0
-2.23465,-0.63202,0.0
-2.23465,-0.60945,0.0
-2.23465,-0.58688,0.0
-2.23465,-0.5643,0.0
-2.23465,-0.54173,0.0
-2.23465,-0.51916,0.0
-2.23465,-0.49659,0.0
-2.23465,-0.47402,0.0
-2.23465,-0.45144,0.0
-2.23465,-0.42887,0.0
-2.23465,-0.4063,0.0
-2.23465,-0.38373,0.0
-2.23465,-0.36115,0.0
-2.23465,-0.33858,0.0
-2.23465,-0.31601,0.0
-2.23465,-0.29344,0.0
-2.23465,-0.27087,0.0
-2.23465,-0.24829,0.0
-2.23465,-0.22572,0.0
-2.23465,-0.20315,0.0
-2.23465,-0.18058,0.0
-2.23465,-0.15801,0.0
-2.23465,-0.13543,0.0
-2.23465,-0.11286,0.0
-2.23465,-0.09029,0.0
-2.23465,-0.06772,0.0
-2.23465,-0.04514,0.0
-2.23465,-0.02257,0.0
-2.23465,0,0.0
-2.23465,0.02257,0.0
-2.23465,0.04514,0.0
-2.23465,0.06772,0.0
-2.23465,0.09029,0.0
-2.23465,0.11286,0.0
-2.23465,0.13543,0.0
-2.23465,0.15801,0.0
-2.23465,0.18058,0.0
-2.23465,0.20315,0.0
-2.23465,0.22572,0.0
-2.23465,0.24829,0.0
-2.23465,0.27087,0.0
-2.23465,0.29344,0.0
-2.23465,0.31601,0.0
-2.23465,0.33858,0.0
-2.23465,0.36115,0.0
-2.23465,0.38373,0.0
-2.23465,0.4063,0.0
-2.23465,0.42887,0.0
-2.23465,0.45144,0.0
-2.23465,0.47402,0.0
-2.23465,0.49659,0.0
-2.23465,0.51916,0.0
-2.23465,0.54173,0.0
-2.23465,0.5643,0.0
-2.23465,0.58688,0.0
-2.23465,0.60945,0.0
-2.23465,0.63202,0.0
-2.23465,0.65459,0.0
-2.23465,0.67717,0.0
-2.23465,0.69974,0.0
-2.23465,0.72231,0.0
-2.23465,0.74488,0.0
-2.23465,0.76745,0.0
-2.23465,0.79003,0.0
-2.21207,-0.79003,0.0
-2.21207,-0.76745,0.0
-2.21207,-0.74488,0.0
-2.21207,-0.72231,0.0
-2.21207,-0.69974,0.0
-2.21207,-0.67717,0.0
-2.21207,-0.65459,0.0
-2.21207,-0.63202,0.0
-2.21207,-0.60945,0.0
-2.21207,-0.58688,0.0
-2.21207,-0.5643,0.0
-2.21207,-0.54173,0.0
-2.21207,-0.51916,0.0
-2.21207,-0.49659,0.0
-2.21207,-0.47402,0.0
-2.21207,-0.45144,0.0
-2.21207,-0.42887,0.0
-2.21207,-0.4063,0.0
-2.21207,-0.38373,0.0
-2.21207,-0.36115,0.0
-2.21207,-0.33858,0.0
-2.21207,-0.31601,0.0
-2.21207,-0.29344,0.0
-2.21207,-0.27087,0.0
-2.21207,-0.24829,0.0
-2.21207,-0.22572,0.0
-2.21207,-0.20315,0.0
-2.21207,-0.18058,0.0
-2.21207,-0.15801,0.0
-2.21207,-0.13543,0.0
-2.21207,-0.11286,0.0
-2.21207,-0.09029,0.0
-2.21207,-0.06772,0.0
-2.21207,-0.04514,0.0
-2.21207,-0.02257,0.0
-2.21207,0,0.0
-2.21207,0.02257,0.0
-2.21207,0.04514,0.0
-2.21207,0.06772,0.0
-2.21207,0.09029,0.0
-2.21207,0.11286,0.0
-2.21207,0.13543,0.0
-2.21207,0.15801,0.0
-2.21207,0.18058,0.0
-2.21207,0.20315,0.0
-2.21207,0.22572,0.0
-2.21207,0.24829,0.0
-2.21207,0.27087,0.0
-2.21207,0.29344,0.0
-2.21207,0.31601,0.0
-2.21207,0.33858,0.0
-2.21207,0.36115,0.0
-2.21207,0.38373,0.0
-2.21207,0.4063,0.0
-2.21207,0.42887,0.0
-2.21207,0.45144,0.0
-2.21207,0.47402,0.0
-2.21207,0.49659,0.0
-2.21207,0.51916,0.0
-2.21207,0.54173,0.0
-2.21207,0.5643,0.0
-2.21207,0.58688,0.0
-2.21207,0.60945,0.0
-2.21207,0.63202,0.0
-2.21207,0.65459,0.0
-2.21207,0.67717,0.0
-2.21207,0.69974,0.0
-2.21207,0.72231,0.0
-2.21207,0.74488,0.0
-2.21207,0.76745,0.0
-2.21207,0.79003,0.0
-2.1895,-0.79003,0.0
-2.1895,-0.76745,0.0
-2.1895,-0.74488,0.0
-2.1895,-0.72231,0.0
-2.1895,-0.69974,0.0
-2.1895,-0.67717,0.0
-2.1895,-0.65459,0.0
-2.1895,-0.63202,0.0
-2.1895,-0.60945,0.0
-2.1895,-0.58688,0.0
-2.1895,-0.5643,0.0
-2.1895,-0.54173,0.0
-2.1895,-0.51916,0.0
-2.1895,-0.49659,0.0
-2.1895,-0.47402,0.0
-2.1895,-0.45144,0.0
-2.1895,-0.42887,0.0
-2.1895,-0.4063,0.0
-2.1895,-0.38373,0.0
-2.1895,-0.36115,0.0
-2.1895,-0.33858,0.0
-2.1895,-0.31601,0.0
-2.1895,-0.29344,0.0
-2.1895,-0.27087,0.0
-2.1895,-0.24829,0.0
-2.1895,-0.22572,0.0
-2.1895,-0.20315,0.0
-2.1895,-0.18058,0.0
-2.1895,-0.15801,0.0
-2.1895,-0.13543,0.0
-2.1895,-0.11286,0.0
-2.1895,-0.09029,0.0
-2.1895,-0.06772,0.0
-2.1895,-0.04514,0.0
-2.1895,-0.02257,0.0
-2.1895,0,0.0
-2.1895,0.02257,0.0
-2.1895,0.04514,0.0
-2.1895,0.06772,0.0
-2.1895,0.09029,0.0
-2.1895,0.11286,0.0
-2.1895,0.13543,0.0
-2.1895,0.15801,0.0
-2.1895,0.18058,0.0
-2.1895,0.20315,0.0
-2.1895,0.22572,0.0
-2.1895,0.24829,0.0
-2.1895,0.27087,0.0
-2.1895,0.29344,0.0
-2.1895,0.31601,0.0
-2.1895,0.33858,0.0
-2.1895,0.36115,0.0
-2.1895,0.38373,0.0
-2.1895,0.4063,0.0
-2.1895,0.42887,0.0
-2.1895,0.45144,0.0
-2.1895,0.47402,0.0
-2.1895,0.49659,0.0
-2.1895,0.51916,0.0
-2.1895,0.54173,0.0
-2.1895,0.5643,0.0
-2.1895,0.58688,0.0
-2.1895,0.60945,0.0
-2.1895,0.63202,0.0
-2.1895,0.65459,0.0
-2.1895,0.67717,0.0
-2.1895,0.69974,0.0
-2.1895,0.72231,0.0
-2.1895,0.74488,0.0
-2.1895,0.76745,0.0
-2.1895,0.79003,0.0
-2.16693,-0.79003,0.0
-2.16693,-0.76745,0.0
-2.16693,-0.74488,0.0
-2.16693,-0.72231,0.0
-2.16693,-0.69974,0.0
-2.16693,-0.67717,0.0
-2.16693,-0.65459,0.0
-2.16693,-0.63202,0.0
-2.16693,-0.60945,0.0
-2.16693,-0.58688,0.0
-2.16693,-0.5643,0.0
-2.16693,-0.54173,0.0
-2.16693,-0.51916,0.0
-2.16693,-0.49659,0.0
-2.16693,-0.47402,0.0
-2.16693,-0.45144,0.0
-2.16693,-0.42887,0.0
-2.16693,-0.4063,0.0
-2.16693,-0.38373,0.0
-2.16693,-0.36115,0.0
-2.16693,-0.33858,0.0
-2.16693,-0.31601,0.0
-2.16693,-0.29344,0.0
-2.16693,-0.27087,0.0
-2.16693,-0.24829,0.0
-2.16693,-0.22572,0.0
-2.16693,-0.20315,0.0
-2.16693,-0.18058,0.0
-2.16693,-0.15801,0.0
-2.16693,-0.13543,0.0
-2.16693,-0.11286,0.0
-2.16693,-0.09029,0.0
-2.16693,-0.06772,0.0
-2.16693,-0.04514,0.0
-2.16693,-0.02257,0.0
-2.16693,0,0.0
-2.16693,0.02257,0.0
-2.16693,0.04514,0.0
-2.16693,0.06772,0.0
-2.16693,0.09029,0.0
-2.16693,0.11286,0.0
-2.16693,0.13543,0.0
-2.16693,0.15801,0.0
-2.16693,0.18058,0.0
-2.16693,0.20315,0.0
-2.16693,0.22572,0.0
-2.16693,0.24829,0.0
-2.16693,0.27087,0.0
-2.16693,0.29344,0.0
-2.16693,0.31601,0.0
-2.16693,0.33858,0.0
-2.16693,0.36115,0.0
-2.16693,0.38373,0.0
-2.16693,0.4063,0.0
-2.16693,0.42887,0.0
-2.16693,0.45144,0.0
-2.16693,0.47402,0.0
-2.16693,0.49659,0.0
-2.16693,0.51916,0.0
-2.16693,0.54173,0.0
-2.16693,0.5643,0.0
-2.16693,0.58688,0.0
-2.16693,0.60945,0.0
-2.16693,0.63202,0.0
-2.16693,0.65459,0.0
-2.16693,0.67717,0.0
-2.16693,0.69974,0.0
-2.16693,0.72231,0.0
-2.16693,0.74488,0.0
-2.16693,0.76745,0.0
-2.16693,0.79003,0.0
-2.14436,-0.79003,0.0
-2.14436,-0.76745,0.0
-2.14436,-0.74488,0.0
-2.14436,-0.72231,0.0
-2.14436,-0.69974,0.0
-2.14436,-0.67717,0.0
-2.14436,-0.65459,0.0
-2.14436,-0.63202,0.0
-2.14436,-0.60945,0.0
-2.14436,-0.58688,0.0
-2.14436,-0.5643,0.0
-2.14436,-0.54173,0.0
-2.14436,-0.51916,0.0
-2.14436,-0.49659,0.0
-2.14436,-0.47402,0.0
-2.14436,-0.45144,0.0
-2.14436,-0.42887,0.0
-2.14436,-0.4063,0.0
-2.14436,-0.38373,0.0
-2.14436,-0.36115,0.0
-2.14436,-0.33858,0.0
-2.14436,-0.31601,0.0
-2.14436,-0.29344,0.0
-2.14436,-0.27087,0.0
-2.14436,-0.24829,0.0
-2.14436,-0.22572,0.0
-2.14436,-0.20315,0.0
-2.14436,-0.18058,0.0
-2.14436,-0.15801,0.0
-2.14436,-0.13543,0.0
-2.14436,-0.11286,0.0
-2.14436,-0.09029,0.0
-2.14436,-0.06772,0.0
-2.14436,-0.04514,0.0
-2.14436,-0.02257,0.0
-2.14436,0,0.0
-2.14436,0.02257,0.0
-2.14436,0.04514,0.0
-2.14436,0.06772,0.0
-2.14436,0.09029,0.0
-2.14436,0.11286,0.0
-2.14436,0.13543,0.0
-2.14436,0.15801,0.0
-2.14436,0.18058,0.0
-2.14436,0.20315,0.0
-2.14436,0.22572,0.0
-2.14436,0.24829,0.0
-2.14436,0.27087,0.0
-2.14436,0.29344,0.0
-2.14436,0.31601,0.0
-2.14436,0.33858,0.0
-2.14436,0.36115,0.0
-2.14436,0.38373,0.0
-2.14436,0.4063,0.0
-2.14436,0.42887,0.0
-2.14436,0.45144,0.0
-2.14436,0.47402,0.0
-2.14436,0.49659,0.0
-2.14436,0.51916,0.0
-2.14436,0.54173,0.0
-2.14436,0.5643,0.0
-2.14436,0.58688,0.0
-2.14436,0.60945,0.0
-2.14436,0.63202,0.0
-2.14436,0.65459,0.0
-2.14436,0.67717,0.0
-2.14436,0.69974,0.0
-2.14436,0.72231,0.0
-2.14436,0.74488,0.0
-2.14436,0.76745,0.0
-2.14436,0.79003,0.0
-2.12179,-0.79003,0.0
-2.12179,-0.76745,0.0
-2.12179,-0.74488,0.0
-2.12179,-0.72231,0.0
-2.12179,-0.69974,0.0
-2.12179,-0.67717,0.0
-2.12179,-0.65459,0.0
-2.12179,-0.63202,0.0
-2.12179,-0.60945,0.0
-2.12179,-0.58688,0.0
-2.12179,-0.5643,0.0
-2.12179,-0.54173,0.0
-2.12179,-0.51916,0.0
-2.12179,-0.49659,0.0
-2.12179,-0.47402,0.0
-2.12179,-0.45144,0.0
-2.12179,-0.42887,0.0
-2.12179,-0.4063,0.0
-2.12179,-0.38373,0.0
-2.12179,-0.36115,0.0
-2.12179,-0.33858,0.0
-2.12179,-0.31601,0.0
-2.12179,-0.29344,0.0
-2.12179,-0.27087,0.0
-2.12179,-0.24829,0.0
-2.12179,-0.22572,0.0
-2.12179,-0.20315,0.0
-2.12179,-0.18058,0.0
-2.12179,-0.15801,0.0
-2.12179,-0.13543,0.0
-2.12179,-0.11286,0.0
-2.12179,-0.09029,0.0
-2.12179,-0.06772,0.0
-2.12179,-0.04514,0.0
-2.12179,-0.02257,0.0
-2.12179,0,0.0
-2.12179,0.02257,0.0
-2.12179,0.04514,0.0
-2.12179,0.06772,0.0
-2.12179,0.09029,0.0
-2.12179,0.11286,0.0
-2.12179,0.13543,0.0
-2.12179,0.15801,0.0
-2.12179,0.18058,0.0
-2.12179,0.20315,0.0
-2.12179,0.22572,0.0
-2.12179,0.24829,0.0
-2.12179,0.27087,0.0
-2.12179,0.29344,0.0
-2.12179,0.31601,0.0
-2.12179,0.33858,0.0
-2.12179,0.36115,0.0
-2.12179,0.38373,0.0
-2.12179,0.4063,0.0
-2.12179,0.42887,0.0
-2.12179,0.45144,0.0
-2.12179,0.47402,0.0
-2.12179,0.49659,0.0
-2.12179,0.51916,0.0
-2.12179,0.54173,0.0
-2.12179,0.5643,0.0
-2.12179,0.58688,0.0
-2.12179,0.60945,0.0
-2.12179,0.63202,0.0
-2.12179,0.65459,0.0
-2.12179,0.67717,0.0
-2.12179,0.69974,0.0
-2.12179,0.72231,0.0
-2.12179,0.74488,0.0
-2.12179,0.76745,0.0
-2.12179,0.79003,0.0
-2.09921,-0.79003,0.0
-2.09921,-0.76745,0.0
-2.09921,-0.74488,0.0
-2.09921,-0.72231,0.0
-2.09921,-0.69974,0.0
-2.09921,-0.67717,0.0
-2.09921,-0.65459,0.0
-2.09921,-0.63202,0.0
-2.09921,-0.60945,0.0
-2.09921,-0.58688,0.0
-2.09921,-0.5643,0.0
-2.09921,-0.54173,0.0
-2.09921,-0.51916,0.0
-2.09921,-0.49659,0.0
-2.09921,-0.47402,0.0
-2.09921,-0.45144,0.0
-2.09921,-0.42887,0.0
-2.09921,-0.4063,0.0
-2.09921,-0.38373,0.0
-2.09921,-0.36115,0.0
-2.09921,-0.33858,0.0
-2.09921,-0.31601,0.0
-2.09921,-0.29344,0.0
-2.09921,-0.27087,0.0
-2.09921,-0.24829,0.0
-2.09921,-0.22572,0.0
-2.09921,-0.20315,0.0
-2.09921,-0.18058,0.0
-2.09921,-0.15801,0.0
-2.09921,-0.13543,0.0
-2.09921,-0.11286,0.0
-2.09921,-0.09029,0.0
-2.09921,-0.06772,0.0
-2.09921,-0.04514,0.0
-2.09921,-0.02257,0.0
-2.09921,0,0.0
-2.09921,0.02257,0.0
-2.09921,0.04514,0.0
-2.09921,0.06772,0.0
-2.09921,0.09029,0.0
-2.09921,0.11286,0.0
-2.09921,0.13543,0.0
-2.09921,0.15801,0.0
-2.09921,0.18058,0.0
-2.09921,0.20315,0.0
-2.09921,0.22572,0.0
-2.09921,0.24829,0.0
-2.09921,0.27087,0.0
-2.09921,0.29344,0.0
-2.09921,0.31601,0.0
-2.09921,0.33858,0.0
-2.09921,0.36115,0.0
-2.09921,0.38373,0.0
-2.09921,0.4063,0.0
-2.09921,0.42887,0.0
-2.09921,0.45144,0.0
-2.09921,0.47402,0.0
-2.09921,0.49659,0.0
-2.09921,0.51916,0.0
-2.09921,0.54173,0.0
-2.09921,0.5643,0.0
-2.09921,0.58688,0.0
-2.09921,0.60945,0.0
-2.09921,0.63202,0.0
-2.09921,0.65459,0.0
-2.09921,0.67717,0.0
-2.09921,0.69974,0.0
-2.09921,0.72231,0.0
-2.09921,0.74488,0.0
-2.09921,0.76745,0.0
-2.09921,0.79003,0.0
-2.07664,-0.79003,0.0
-2.07664,-0.76745,0.0
-2.07664,-0.74488,0.0
-2.07664,-0.72231,0.0
-2.07664,-0.69974,0.0
-2.07664,-0.67717,0.0
-2.07664,-0.65459,0.0
-2.07664,-0.63202,0.0
-2.07664,-0.60945,0.0
-2.07664,-0.58688,0.0
-2.07664,-0.5643,0.0
-2.07664,-0.54173,0.0
-2.07664,-0.51916,0.0
-2.07664,-0.49659,0.0
-2.07664,-0.47402,0.0
-2.07664,-0.45144,0.0
-2.07664,-0.42887,0.0
-2.07664,-0.4063,0.0
-2.07664,-0.38373,0.0
-2.07664,-0.36115,0.0
-2.07664,-0.33858,0.0
-2.07664,-0.31601,0.0
-2.07664,-0.29344,0.0
-2.07664,-0.27087,0.0
-2.07664,-0.24829,0.0
-2.07664,-0.22572,0.0
-2.07664,-0.20315,0.0
-2.07664,-0.18058,0.0
-2.07664,-0.15801,0.0
-2.07664,-0.13543,0.0
-2.07664,-0.11286,0.0
-2.07664,-0.09029,0.0
-2.07664,-0.06772,0.0
-2.07664,-0.04514,0.0
-2.07664,-0.02257,0.0
-2.07664,0,0.0
-2.07664,0.02257,0.0
-2.07664,0.04514,0.0
-2.07664,0.06772,0.0
-2.07664,0.09029,0.0
-2.07664,0.11286,0.0
-2.07664,0.13543,0.0
-2.07664,0.15801,0.0
-2.07664,0.18058,0.0
-2.07664,0.20315,0.0
-2.07664,0.22572,0.0
-2.07664,0.24829,0.0
-2.07664,0.27087,0.0
-2.07664,0.29344,0.0
-2.07664,0.31601,0.0
-2.07664,0.33858,0.0
-2.07664,0.36115,0.0
-2.07664,0.38373,0.0
-2.07664,0.4063,0.0
-2.07664,0.42887,0.0
-2.07664,0.45144,0.0
-2.07664,0.47402,0.0
-2.07664,0.49659,0.0
-2.07664,0.51916,0.0
-2.07664,0.54173,0.0
-2.07664,0.5643,0.0
-2.07664,0.58688,0.0
-2.07664,0.60945,0.0
-2.07664,0.63202,0.0
-2.07664,0.65459,0.0
-2.07664,0.67717,0.0
-2.07664,0.69974,0.0
-2.07664,0.72231,0.0
-2.07664,0.74488,0.0
-2.07664,0.76745,0.0
-2.07664,0.79003,0.0
-2.05407,-0.79003,0.0
-2.05407,-0.76745,0.0
-2.05407,-0.74488,0.0
-2.05407,-0.72231,0.0
-2.05407,-0.69974,0.0
-2.05407,-0.67717,0.0
-2.05407,-0.65459,0.0
-2.05407,-0.63202,0.0
-2.05407,-0.60945,0.0
-2.05407,-0.58688,0.0
-2.05407,-0.5643,0.0
-2.05407,-0.54173,0.0
-2.05407,-0.51916,0.0
-2.05407,-0.49659,0.0
-2.05407,-0.47402,0.0
-2.05407,-0.45144,0.0
-2.05407,-0.42887,0.0
-2.05407,-0.4063,0.0
-2.05407,-0.38373,0.0
-2.05407,-0.36115,0.0
-2.05407,-0.33858,0.0
-2.05407,-0.31601,0.0
-2.05407,-0.29344,0.0
-2.05407,-0.27087,0.0
-2.05407,-0.24829,0.0
-2.05407,-0.22572,0.0
-2.05407,-0.20315,0.0
-2.05407,-0.18058,0.0
-2.05407,-0.15801,0.0
-2.05407,-0.13543,0.0
-2.05407,-0.11286,0.0
-2.05407,-0.09029,0.0
-2.05407,-0.06772,0.0
-2.05407,-0.04514,0.0
-2.05407,-0.02257,0.0
-2.05407,0,0.0
-2.05407,0.02257,0.0
-2.05407,0.04514,0.0
-2.05407,0.06772,0.0
-2.05407,0.09029,0.0
-2.05407,0.11286,0.0
-2.05407,0.13543,0.0
-2.05407,0.15801,0.0
-2.05407,0.18058,0.0
-2.05407,0.20315,0.0
-2.05407,0.22572,0.0
-2.05407,0.24829,0.0
-2.05407,0.27087,0.0
-2.05407,0.29344,0.0
-2.05407,0.31601,0.0
-2.05407,0.33858,0.0
-2.05407,0.36115,0.0
-2.05407,0.38373,0.0
-2.05407,0.4063,0.0
-2.05407,0.42887,0.0
-2.05407,0.45144,0.0
-2.05407,0.47402,0.0
-2.05407,0.49659,0.0
-2.05407,0.51916,0.0
-2.05407,0.54173,0.0
-2.05407,0.5643,0.0
-2.05407,0.58688,0.0
-2.05407,0.60945,0.0
-2.05407,0.63202,0.0
-2.05407,0.65459,0.0
-2.05407,0.67717,0.0
-2.05407,0.69974,0.0
-2.05407,0.72231,0.0
-2.05407,0.74488,0.0
-2.05407,0.76745,0.0
-2.05407,0.79003,0.0
-2.0315,-0.79003,0.0
-2.0315,-0.76745,0.0
-2.0315,-0.74488,0.0
-2.0315,-0.72231,0.0
-2.0315,-0.69974,0.0
-2.0315,-0.67717,0.0
-2.0315,-0.65459,0.0
-2.0315,-0.63202,0.0
-2.0315,-0.60945,0.0
-2.0315,-0.58688,0.0
-2.0315,-0.5643,0.0
-2.0315,-0.54173,0.0
-2.0315,-0.51916,0.0
-2.0315,-0.49659,0.0
-2.0315,-0.47402,0.0
-2.0315,-0.45144,0.0
-2.0315,-0.42887,0.0
-2.0315,-0.4063,0.0
-2.0315,-0.38373,0.0
-2.0315,-0.36115,0.0
-2.0315,-0.33858,0.0
-2.0315,-0.31601,0.0
-2.0315,-0.29344,0.0
-2.0315,-0.27087,0.0
-2.0315,-0.24829,0.0
-2.0315,-0.22572,0.0
-2.0315,-0.20315,0.0
-2.0315,-0.18058,0.0
-2.0315,-0.15801,0.0
-2.0315,-0.13543,0.0
-2.0315,-0.11286,0.0
-2.0315,-0.09029,0.0
-2.0315,-0.06772,0.0
-2.0315,-0.04514,0.0
-2.0315,-0.02257,0.0
-2.0315,0,0.0
-2.0315,0.02257,0.0
-2.0315,0.04514,0.0
-2.0315,0.06772,0.0
-2.0315,0.09029,0.0
-2.0315,0.11286,0.0
-2.0315,0.13543,0.0
-2.0315,0.15801,0.0
-2.0315,0.18058,0.0
-2.0315,0.20315,0.0
-2.0315,0.22572,0.0
-2.0315,0.24829,0.0
-2.0315,0.27087,0.0
-2.0315,0.29344,0.0
-2.0315,0.31601,0.0
-2.0315,0.33858,0.0
-2.0315,0.36115,0.0
-2.0315,0.38373,0.0
-2.0315,0.4063,0.0
-2.0315,0.42887,0.0
-2.0315,0.45144,0.0
-2.0315,0.47402,0.0
-2.0315,0.49659,0.0
-2.0315,0.51916,0.0
-2.0315,0.54173,0.0
-2.0315,0.5643,0.0
-2.0315,0.58688,0.0
-2.0315,0.60945,0.0
-2.0315,0.63202,0.0
-2.0315,0.65459,0.0
-2.0315,0.67717,0.0
-2.0315,0.69974,0.0
-2.0315,0.72231,0.0
-2.0315,0.74488,0.0
-2.0315,0.76745,0.0
-2.0315,0.79003,0.0
-2.00892,-0.79003,0.0
-2.00892,-0.76745,0.0
-2.00892,-0.74488,0.0
-2.00892,-0.72231,0.0
-2.00892,-0.69974,0.0
-2.00892,-0.67717,0.0
-2.00892,-0.65459,0.0
-2.00892,-0.63202,0.0
-2.00892,-0.60945,0.0
-2.00892,-0.58688,0.0
-2.00892,-0.5643,0.0
-2.00892,-0.54173,0.0
-2.00892,-0.51916,0.0
-2.00892,-0.49659,0.0
-2.00892,-0.47402,0.0
-2.00892,-0.45144,0.0
-2.00892,-0.42887,0.0
-2.00892,-0.4063,0.0
-2.00892,-0.38373,0.0
-2.00892,-0.36115,0.0
-2.00892,-0.33858,0.0
-2.00892,-0.31601,0.0
-2.00892,-0.29344,0.0
-2.00892,-0.27087,0.0
-2.00892,-0.24829,0.0
-2.00892,-0.22572,0.0
-2.00892,-0.20315,0.0
-2.00892,-0.18058,0.0
-2.00892,-0.15801,0.0
-2.00892,-0.13543,0.0
-2.00892,-0.11286,0.0
-2.00892,-0.09029,0.0
-2.00892,-0.06772,0.0
-2.00892,-0.04514,0.0
-2.00892,-0.02257,0.0
-2.00892,0,0.0
-2.00892,0.02257,0.0
-2.00892,0.04514,0.0
-2.00892,0.06772,0.0
-2.00892,0.09029,0.0
-2.00892,0.11286,0.0
-2.00892,0.13543,0.0
-2.00892,0.15801,0.0
-2.00892,0.18058,0.0
-2.00892,0.20315,0.0
-2.00892,0.22572,0.0
-2.00892,0.24829,0.0
-2.00892,0.27087,0.0
-2.00892,0.29344,0.0
-2.00892,0.31601,0.0
-2.00892,0.33858,0.0
-2.00892,0.36115,0.0
-2.00892,0.38373,0.0
-2.00892,0.4063,0.0
-2.00892,0.42887,0.0
-2.00892,0.45144,0.0
-2.00892,0.47402,0.0
-2.00892,0.49659,0.0
-2.00892,0.51916,0.0
-2.00892,0.54173,0.0
-2.00892,0.5643,0.0
-2.00892,0.58688,0.0
-2.00892,0.60945,0.0
-2.00892,0.63202,0.0
-2.00892,0.65459,0.0
-2.00892,0.67717,0.0
-2.00892,0.69974,0.0
-2.00892,0.72231,0.0
-2.00892,0.74488,0.0
-2.00892,0.76745,0.0
-2.00892,0.79003,0.0
-1.98635,-0.79003,0.0
-1.98635,-0.76745,0.0
-1.98635,-0.74488,0.0
-1.98635,-0.72231,0.0
-1.98635,-0.69974,0.0
-1.98635,-0.67717,0.0
-1.98635,-0.65459,0.0
-1.98635,-0.63202,0.0
-1.98635,-0.60945,0.0
-1.98635,-0.58688,0.0
-1.98635,-0.5643,0.0
-1.98635,-0.54173,0.0
-1.98635,-0.51916,0.0
-1.98635,-0.49659,0.0
-1.98635,-0.47402,0.0
-1.98635,-0.45144,0.0
-1.98635,-0.42887,0.0
-1.98635,-0.4063,0.0
-1.98635,-0.38373,0.0
-1.98635,-0.36115,0.0
-1.98635,-0.33858,0.0
-1.98635,-0.31601,0.0
-1.98635,-0.29344,0.0
-1.98635,-0.27087,0.0
-1.98635,-0.24829,0.0
-1.98635,-0.22572,0.0
-1.98635,-0.20315,0.0
-1.98635,-0.18058,0.0
-1.98635,-0.15801,0.0
-1.98635,-0.13543,0.0
-1.98635,-0.11286,0.0
-1.98635,-0.09029,0.0
-1.98635,-0.06772,0.0
-1.98635,-0.04514,0.0
-1.98635,-0.02257,0.0
-1.98635,0,0.0
-1.98635,0.02257,0.0
-1.98635,0.04514,0.0
-1.98635,0.06772,0.0
-1.98635,0.09029,0.0
-1.98635,0.11286,0.0
-1.98635,0.13543,0.0
-1.98635,0.15801,0.0
-1.98635,0.18058,0.0
-1.98635,0.20315,0.0
-1.98635,0.22572,0.0
-1.98635,0.24829,0.0
-1.98635,0.27087,0.0
-1.98635,0.29344,0.0
-1.98635,0.31601,0.0
-1.98635,0.33858,0.0
-1.98635,0.36115,0.0
-1.98635,0.38373,0.0
-1.98635,0.4063,0.0
-1.98635,0.42887,0.0
-1.98635,0.45144,0.0
-1.98635,0.47402,0.0
-1.98635,0.49659,0.0
-1.98635,0.51916,0.0
-1.98635,0.54173,0.0
-1.98635,0.5643,0.0
-1.98635,0.58688,0.0
-1.98635,0.60945,0.0
-1.98635,0.63202,0.0
-1.98635,0.65459,0.0
-1.98635,0.67717,0.0
-1.98635,0.69974,0.0
-1.98635,0.72231,0.0
-1.98635,0.74488,0.0
-1.98635,0.76745,0.0
-1.98635,0.79003,0.0
-1.96378,-0.79003,0.0
-1.96378,-0.76745,0.0
-1.96378,-0.74488,0.0
-1.96378,-0.72231,0.0
-1.96378,-0.69974,0.0
-1.96378,-0.67717,0.0
-1.96378,-0.65459,0.0
-1.96378,-0.63202,0.0
-1.96378,-0.60945,0.0
-1.96378,-0.58688,0.0
-1.96378,-0.5643,0.0
-1.96378,-0.54173,0.0
-1.96378,-0.51916,0.0
-1.96378,-0.49659,0.0
-1.96378,-0.47402,0.0
-1.96378,-0.45144,0.0
-1.96378,-0.42887,0.0
-1.96378,-0.4063,0.0
-1.96378,-0.38373,0.0
-1.96378,-0.36115,0.0
-1.96378,-0.33858,0.0
-1.96378,-0.31601,0.0
-1.96378,-0.29344,0.0
-1.96378,-0.27087,0.0
-1.96378,-0.24829,0.0
-1.96378,-0.22572,0.0
-1.96378,-0.20315,0.0
-1.96378,-0.18058,0.0
-1.96378,-0.15801,0.0
-1.96378,-0.13543,0.0
-1.96378,-0.11286,0.0
-1.96378,-0.09029,0.0
-1.96378,-0.06772,0.0
-1.96378,-0.04514,0.0
-1.96378,-0.02257,0.0
-1.96378,0,0.0
-1.96378,0.02257,0.0
-1.96378,0.04514,0.0
-1.96378,0.06772,0.0
-1.96378,0.09029,0.0
-1.96378,0.11286,0.0
-1.96378,0.13543,0.0
-1.96378,0.15801,0.0
-1.96378,0.18058,0.0
-1.96378,0.20315,0.0
-1.96378,0.22572,0.0
-1.96378,0.24829,0.0
-1.96378,0.27087,0.0
-1.96378,0.29344,0.0
-1.96378,0.31601,0.0
-1.96378,0.33858,0.0
-1.96378,0.36115,0.0
-1.96378,0.38373,0.0
-1.96378,0.4063,0.0
-1.96378,0.42887,0.0
-1.96378,0.45144,0.0
-1.96378,0.47402,0.0
-1.96378,0.49659,0.0
-1.96378,0.51916,0.0
-1.96378,0.54173,0.0
-1.96378,0.5643,0.0
-1.96378,0.58688,0.0
-1.96378,0.60945,0.0
-1.96378,0.63202,0.0
-1.96378,0.65459,0.0
-1.96378,0.67717,0.0
-1.96378,0.69974,0.0
-1.96378,0.72231,0.0
-1.96378,0.74488,0.0
-1.96378,0.76745,0.0
-1.96378,0.79003,0.0
-1.94121,-0.79003,0.0
-1.94121,-0.76745,0.0
-1.94121,-0.74488,0.0
-1.94121,-0.72231,0.0
-1.94121,-0.69974,0.0
-1.94121,-0.67717,0.0
-1.94121,-0.65459,0.0
-1.94121,-0.63202,0.0
-1.94121,-0.60945,0.0
-1.94121,-0.58688,0.0
-1.94121,-0.5643,0.0
-1.94121,-0.54173,0.0
-1.94121,-0.51916,0.0
-1.94121,-0.49659,0.0
-1.94121,-0.47402,0.0
-1.94121,-0.45144,0.0
-1.94121,-0.42887,0.0
-1.94121,-0.4063,0.0
-1.94121,-0.38373,0.0
-1.94121,-0.36115,0.0
-1.94121,-0.33858,0.0
-1.94121,-0.31601,0.0
-1.94121,-0.29344,0.0
-1.94121,-0.27087,0.0
-1.94121,-0.24829,0.0
-1.94121,-0.22572,0.0
-1.94121,-0.20315,0.0
-1.94121,-0.18058,0.0
-1.94121,-0.15801,0.0
-1.94121,-0.13543,0.0
-1.94121,-0.11286,0.0
-1.94121,-0.09029,0.0
-1.94121,-0.06772,0.0
-1.94121,-0.04514,0.0
-1.94121,-0.02257,0.0
-1.94121,0,0.0
-1.94121,0.02257,0.0
-1.94121,0.04514,0.0
-1.94121,0.06772,0.0
-1.94121,0.09029,0.0
-1.94121,0.11286,0.0
-1.94121,0.13543,0.0
-1.94121,0.15801,0.0
-1.94121,0.18058,0.0
-1.94121,0.20315,0.0
-1.94121,0.22572,0.0
-1.94121,0.24829,0.0
-1.94121,0.27087,0.0
-1.94121,0.29344,0.0
-1.94121,0.31601,0.0
-1.94121,0.33858,0.0
-1.94121,0.36115,0.0
-1.94121,0.38373,0.0
-1.94121,0.4063,0.0
-1.94121,0.42887,0.0
-1.94121,0.45144,0.0
-1.94121,0.47402,0.0
-1.94121,0.49659,0.0
-1.94121,0.51916,0.0
-1.94121,0.54173,0.0
-1.94121,0.5643,0.0
-1.94121,0.58688,0.0
-1.94121,0.60945,0.0
-1.94121,0.63202,0.0
-1.94121,0.65459,0.0
-1.94121,0.67717,0.0
-1.94121,0.69974,0.0
-1.94121,0.72231,0.0
-1.94121,0.74488,0.0
-1.94121,0.76745,0.0
-1.94121,0.79003,0.0
-1.91864,-0.79003,0.0
-1.91864,-0.76745,0.0
-1.91864,-0.74488,0.0
-1.91864,-0.72231,0.0
-1.91864,-0.69974,0.0
-1.91864,-0.67717,0.0
-1.91864,-0.65459,0.0
-1.91864,-0.63202,0.0
-1.91864,-0.60945,0.0
-1.91864,-0.58688,0.0
-1.91864,-0.5643,0.0
-1.91864,-0.54173,0.0
-1.91864,-0.51916,0.0
-1.91864,-0.49659,0.0
-1.91864,-0.47402,0.0
-1.91864,-0.45144,0.0
-1.91864,-0.42887,0.0
-1.91864,-0.4063,0.0
-1.91864,-0.38373,0.0
-1.91864,-0.36115,0.0
-1.91864,-0.33858,0.0
-1.91864,-0.31601,0.0
-1.91864,-0.29344,0.0
-1.91864,-0.27087,0.0
-1.91864,-0.24829,0.0
-1.91864,-0.22572,0.0
-1.91864,-0.20315,0.0
-1.91864,-0.18058,0.0
-1.91864,-0.15801,0.0
-1.91864,-0.13543,0.0
-1.91864,-0.11286,0.0
-1.91864,-0.09029,0.0
-1.91864,-0.06772,0.0
-1.91864,-0.04514,0.0
-1.91864,-0.02257,0.0
-1.91864,0,0.0
-1.91864,0.02257,0.0
-1.91864,0.04514,0.0
-1.91864,0.06772,0.0
-1.91864,0.09029,0.0
-1.91864,0.11286,0.0
-1.91864,0.13543,0.0
-1.91864,0.15801,0.0
-1.91864,0.18058,0.0
-1.91864,0.20315,0.0
-1.91864,0.22572,0.0
-1.91864,0.24829,0.0
-1.91864,0.27087,0.0
-1.91864,0.29344,0.0
-1.91864,0.31601,0.0
-1.91864,0.33858,0.0
-1.91864,0.36115,0.0
-1.91864,0.38373,0.0
-1.91864,0.4063,0.0
-1.91864,0.42887,0.0
-1.91864,0.45144,0.0
-1.91864,0.47402,0.0
-1.91864,0.49659,0.0
-1.91864,0.51916,0.0
-1.91864,0.54173,0.0
-1.91864,0.5643,0.0
-1.91864,0.58688,0.0
-1.91864,0.60945,0.0
-1.91864,0.63202,0.0
-1.91864,0.65459,0.0
-1.91864,0.67717,0.0
-1.91864,0.69974,0.0
-1.91864,0.72231,0.0
-1.91864,0.74488,0.0
-1.91864,0.76745,0.0
-1.91864,0.79003,0.0
-1.89606,-0.79003,0.0
-1.89606,-0.76745,0.0
-1.89606,-0.74488,0.0
-1.89606,-0.72231,0.0
-1.89606,-0.69974,0.0
-1.89606,-0.67717,0.0
-1.89606,-0.65459,0.0
-1.89606,-0.63202,0.0
-1.89606,-0.60945,0.0
-1.89606,-0.58688,0.0
-1.89606,-0.5643,0.0
-1.89606,-0.54173,0.0
-1.89606,-0.51916,0.0
-1.89606,-0.49659,0.0
-1.89606,-0.47402,0.0
-1.89606,-0.45144,0.0
-1.89606,-0.42887,0.0
-1.89606,-0.4063,0.0
-1.89606,-0.38373,0.0
-1.89606,-0.36115,0.0
-1.89606,-0.33858,0.0
-1.89606,-0.31601,0.0
-1.89606,-0.29344,0.0
-1.89606,-0.27087,0.0
-1.89606,-0.24829,0.0
-1.89606,-0.22572,0.0
-1.89606,-0.20315,0.0
-1.89606,-0.18058,0.0
-1.89606,-0.15801,0.0
-1.89606,-0.13543,0.0
-1.89606,-0.11286,0.0
-1.89606,-0.09029,0.0
-1.89606,-0.06772,0.0
-1.89606,-0.04514,0.0
-1.89606,-0.02257,0.0
-1.89606,0,0.0
-1.89606,0.02257,0.0
-1.89606,0.04514,0.0
-1.89606,0.06772,0.0
-1.89606,0.09029,0.0
-1.89606,0.11286,0.0
-1.89606,0.13543,0.0
-1.89606,0.15801,0.0
-1.89606,0.18058,0.0
-1.89606,0.20315,0.0
-1.89606,0.22572,0.0
-1.89606,0.24829,0.0
-1.89606,0.27087,0.0
-1.89606,0.29344,0.0
-1.89606,0.31601,0.0
-1.89606,0.33858,0.0
-1.89606,0.36115,0.0
-1.89606,0.38373,0.0
-1.89606,0.4063,0.0
-1.89606,0.42887,0.0
-1.89606,0.45144,0.0
-1.89606,0.47402,0.0
-1.89606,0.49659,0.0
-1.89606,0.51916,0.0
-1.89606,0.54173,0.0
-1.89606,0.5643,0.0
-1.89606,0.58688,0.0
-1.89606,0.60945,0.0
-1.89606,0.63202,0.0
-1.89606,0.65459,0.0
-1.89606,0.67717,0.0
-1.89606,0.69974,0.0
-1.89606,0.72231,0.0
-1.89606,0.74488,0.0
-1.89606,0.76745,0.0
-1.89606,0.79003,0.0
-1.87349,-0.79003,0.0
-1.87349,-0.76745,0.0
-1.87349,-0.74488,0.0
-1.87349,-0.72231,0.0
-1.87349,-0.69974,0.0
-1.87349,-0.67717,0.0
-1.87349,-0.65459,0.0
-1.87349,-0.63202,0.0
-1.87349,-0.60945,0.0
-1.87349,-0.58688,0.0
-1.87349,-0.5643,0.0
-1.87349,-0.54173,0.0
-1.87349,-0.51916,0.0
-1.87349,-0.49659,0.0
-1.87349,-0.47402,0.0
-1.87349,-0.45144,0.0
-1.87349,-0.42887,0.0
-1.87349,-0.4063,0.0
-1.87349,-0.38373,0.0
-1.87349,-0.36115,0.0
-1.87349,-0.33858,0.0
-1.87349,-0.31601,0.0
-1.87349,-0.29344,0.0
-1.87349,-0.27087,0.0
-1.87349,-0.24829,0.0
-1.87349,-0.22572,0.0
-1.87349,-0.20315,0.0
-1.87349,-0.18058,0.0
-1.87349,-0.15801,0.0
-1.87349,-0.13543,0.0
-1.87349,-0.11286,0.0
-1.87349,-0.09029,0.0
-1.87349,-0.06772,0.0
-1.87349,-0.04514,0.0
-1.87349,-0.02257,0.0
-1.87349,0,0.0
-1.87349,0.02257,0.0
-1.87349,0.04514,0.0
-1.87349,0.06772,0.0
-1.87349,0.09029,0.0
-1.87349,0.11286,0.0
-1.87349,0.13543,0.0
-1.87349,0.15801,0.0
-1.87349,0.18058,0.0
-1.87349,0.20315,0.0
-1.87349,0.22572,0.0
-1.87349,0.24829,0.0
-1.87349,0.27087,0.0
-1.87349,0.29344,0.0
-1.87349,0.31601,0.0
-1.87349,0.33858,0.0
-1.87349,0.36115,0.0
-1.87349,0.38373,0.0
-1.87349,0.4063,0.0
-1.87349,0.42887,0.0
-1.87349,0.45144,0.0
-1.87349,0.47402,0.0
-1.87349,0.49659,0.0
-1.87349,0.51916,0.0
-1.87349,0.54173,0.0
-1.87349,0.5643,0.0
-1.87349,0.58688,0.0
-1.87349,0.60945,0.0
-1.87349,0.63202,0.0
-1.87349,0.65459,0.0
-1.87349,0.67717,0.0
-1.87349,0.69974,0.0
-1.87349,0.72231,0.0
-1.87349,0.74488,0.0
-1.87349,0.76745,0.0
-1.87349,0.79003,0.0
-1.85092,-0.79003,0.0
-1.85092,-0.76745,0.0
-1.85092,-0.74488,0.0
-1.85092,-0.72231,0.0
-1.85092,-0.69974,0.0
-1.85092,-0.67717,0.0
-1.85092,-0.65459,0.0
-1.85092,-0.63202,0.0
-1.85092,-0.60945,0.0
-1.85092,-0.58688,0.0
-1.85092,-0.5643,0.0
-1.85092,-0.54173,0.0
-1.85092,-0.51916,0.0
-1.85092,-0.49659,0.0
-1.85092,-0.47402,0.0
-1.85092,-0.45144,0.0
-1.85092,-0.42887,0.0
-1.85092,-0.4063,0.0
-1.85092,-0.38373,0.0
-1.85092,-0.36115,0.0
-1.85092,-0.33858,0.0
-1.85092,-0.31601,0.0
-1.85092,-0.29344,0.0
-1.85092,-0.27087,0.0
-1.85092,-0.24829,0.0
-1.85092,-0.22572,0.0
-1.85092,-0.20315,0.0
-1.85092,-0.18058,0.0
-1.85092,-0.15801,0.0
-1.85092,-0.13543,0.0
-1.85092,-0.11286,0.0
-1.85092,-0.09029,0.0
-1.85092,-0.06772,0.0
-1.85092,-0.04514,0.0
-1.85092,-0.02257,0.0
-1.85092,0,0.0
-1.85092,0.02257,0.0
-1.85092,0.04514,0.0
-1.85092,0.06772,0.0
-1.85092,0.09029,0.0
-1.85092,0.11286,0.0
-1.85092,0.13543,0.0
-1.85092,0.15801,0.0
-1.85092,0.18058,0.0
-1.85092,0.20315,0.0
-1.85092,0.22572,0.0
-1.85092,0.24829,0.0
-1.85092,0.27087,0.0
-1.85092,0.29344,0.0
-1.85092,0.31601,0.0
-1.85092,0.33858,0.0
-1.85092,0.36115,0.0
-1.85092,0.38373,0.0
-1.85092,0.4063,0.0
-1.85092,0.42887,0.0
-1.85092,0.45144,0.0
-1.85092,0.47402,0.0
-1.85092,0.49659,0.0
-1.85092,0.51916,0.0
-1.85092,0.54173,0.0
-1.85092,0.5643,0.0
-1.85092,0.58688,0.0
-1.85092,0.60945,0.0
-1.85092,0.63202,0.0
-1.85092,0.65459,0.0
-1.85092,0.67717,0.0
-1.85092,0.69974,0.0
-1.85092,0.72231,0.0
-1.85092,0.74488,0.0
-1.85092,0.76745,0.0
-1.85092,0.79003,0.0
-1.82835,-0.79003,0.0
-1.82835,-0.76745,0.0
-1.82835,-0.74488,0.0
-1.82835,-0.72231,0.0
-1.82835,-0.69974,0.0
-1.82835,-0.67717,0.0
-1.82835,-0.65459,0.0
-1.82835,-0.63202,0.0
-1.82835,-0.60945,0.0
-1.82835,-0.58688,0.0
-1.82835,-0.5643,0.0
-1.82835,-0.54173,0.0
-1.82835,-0.51916,0.0
-1.82835,-0.49659,0.0
-1.82835,-0.47402,0.0
-1.82835,-0.45144,0.0
-1.82835,-0.42887,0.0
-1.82835,-0.4063,0.0
-1.82835,-0.38373,0.0
-1.82835,-0.36115,0.0
-1.82835,-0.33858,0.0
-1.82835,-0.31601,0.0
-1.82835,-0.29344,0.0
-1.82835,-0.27087,0.0
-1.82835,-0.24829,0.0
-1.82835,-0.22572,0.0
-1.82835,-0.20315,0.0
-1.82835,-0.18058,0.0
-1.82835,-0.15801,0.0
-1.82835,-0.13543,0.0
-1.82835,-0.11286,0.0
-1.82835,-0.09029,0.0
-1.82835,-0.06772,0.0
-1.82835,-0.04514,0.0
-1.82835,-0.02257,0.0
-1.82835,0,0.0
-1.82835,0.02257,0.0
-1.82835,0.04514,0.0
-1.82835,0.06772,0.0
-1.82835,0.09029,0.0
-1.82835,0.11286,0.0
-1.82835,0.13543,0.0
-1.82835,0.15801,0.0
-1.82835,0.18058,0.0
-1.82835,0.20315,0.0
-1.82835,0.22572,0.0
-1.82835,0.24829,0.0
-1.82835,0.27087,0.0
-1.82835,0.29344,0.0
-1.82835,0.31601,0.0
-1.82835,0.33858,0.0
-1.82835,0.36115,0.0
-1.82835,0.38373,0.0
-1.82835,0.4063,0.0
-1.82835,0.42887,0.0
-1.82835,0.45144,0.0
-1.82835,0.47402,0.0
-1.82835,0.49659,0.0
-1.82835,0.51916,0.0
-1.82835,0.54173,0.0
-1.82835,0.5643,0.0
-1.82835,0.58688,0.0
-1.82835,0.60945,0.0
-1.82835,0.63202,0.0
-1.82835,0.65459,0.0
-1.82835,0.67717,0.0
-1.82835,0.69974,0.0
-1.82835,0.72231,0.0
-1.82835,0.74488,0.0
-1.82835,0.76745,0.0
-1.82835,0.79003,0.0
-1.80577,-0.79003,0.0
-1.80577,-0.76745,0.0
-1.80577,-0.74488,0.0
-1.80577,-0.72231,0.0
-1.80577,-0.69974,0.0
-1.80577,-0.67717,0.0
-1.80577,-0.65459,0.0
-1.80577,-0.63202,0.0
-1.80577,-0.60945,0.0
-1.80577,-0.58688,0.0
-1.80577,-0.5643,0.0
-1.80577,-0.54173,0.0
-1.80577,-0.51916,0.0
-1.80577,-0.49659,0.0
-1.80577,-0.47402,0.0
-1.80577,-0.45144,0.0
-1.80577,-0.42887,0.0
-1.80577,-0.4063,0.0
-1.80577,-0.38373,0.0
-1.80577,-0.36115,0.0
-1.80577,-0.33858,0.0
-1.80577,-0.31601,0.0
-1.80577,-0.29344,0.0
-1.80577,-0.27087,0.0
-1.80577,-0.24829,0.0
-1.80577,-0.22572,0.0
-1.80577,-0.20315,0.0
-1.80577,-0.18058,0.0
-1.80577,-0.15801,0.0
-1.80577,-0.13543,0.0
-1.80577,-0.11286,0.0
-1.80577,-0.09029,0.0
-1.80577,-0.06772,0.0
-1.80577,-0.04514,0.0
-1.80577,-0.02257,0.0
-1.80577,0,0.0
-1.80577,0.02257,0.0
-1.80577,0.04514,0.0
-1.80577,0.06772,0.0
-1.80577,0.09029,0.0
-1.80577,0.11286,0.0
-1.80577,0.13543,0.0
-1.80577,0.15801,0.0
-1.80577,0.18058,0.0
-1.80577,0.20315,0.0
-1.80577,0.22572,0.0
-1.80577,0.24829,0.0
-1.80577,0.27087,0.0
-1.80577,0.29344,0.0
-1.80577,0.31601,0.0
-1.80577,0.33858,0.0
-1.80577,0.36115,0.0
-1.80577,0.38373,0.0
-1.80577,0.4063,0.0
-1.80577,0.42887,0.0
-1.80577,0.45144,0.0
-1.80577,0.47402,0.0
-1.80577,0.49659,0.0
-1.80577,0.51916,0.0
-1.80577,0.54173,0.0
-1.80577,0.5643,0.0
-1.80577,0.58688,0.0
-1.80577,0.60945,0.0
-1.80577,0.63202,0.0
-1.80577,0.65459,0.0
-1.80577,0.67717,0.0
-1.80577,0.69974,0.0
-1.80577,0.72231,0.0
-1.80577,0.74488,0.0
-1.80577,0.76745,0.0
-1.80577,0.79003,0.0
-1.7832,-0.79003,0.0
-1.7832,-0.76745,0.0
-1.7832,-0.74488,0.0
-1.7832,-0.72231,0.0
-1.7832,-0.69974,0.0
-1.7832,-0.67717,0.0
-1.7832,-0.65459,0.0
-1.7832,-0.63202,0.0
-1.7832,-0.60945,0.0
-1.7832,-0.58688,0.0
-1.7832,-0.5643,0.0
-1.7832,-0.54173,0.0
-1.7832,-0.51916,0.0
-1.7832,-0.49659,0.0
-1.7832,-0.47402,0.0
-1.7832,-0.45144,0.0
-1.7832,-0.42887,0.0
-1.7832,-0.4063,0.0
-1.7832,-0.38373,0.0
-1.7832,-0.36115,0.0
-1.7832,-0.33858,0.0
-1.7832,-0.31601,0.0
-1.7832,-0.29344,0.0
-1.7832,-0.27087,0.0
-1.7832,-0.24829,0.0
-1.7832,-0.22572,0.0
-1.7832,-0.20315,0.0
-1.7832,-0.18058,0.0
-1.7832,-0.15801,0.0
-1.7832,-0.13543,0.0
-1.7832,-0.11286,0.0
-1.7832,-0.09029,0.0
-1.7832,-0.06772,0.0
-1.7832,-0.04514,0.0
-1.7832,-0.02257,0.0
-1.7832,0,0.0
-1.7832,0.02257,0.0
-1.7832,0.04514,0.0
-1.7832,0.06772,0.0
-1.7832,0.09029,0.0
-1.7832,0.11286,0.0
-1.7832,0.13543,0.0
-1.7832,0.15801,0.0
-1.7832,0.18058,0.0
-1.7832,0.20315,0.0
-1.7832,0.22572,0.0
-1.7832,0.24829,0.0
-1.7832,0.27087,0.0
-1.7832,0.29344,0.0
-1.7832,0.31601,0.0
-1.7832,0.33858,0.0
-1.7832,0.36115,0.0
-1.7832,0.38373,0.0
-1.7832,0.4063,0.0
-1.7832,0.42887,0.0
-1.7832,0.45144,0.0
-1.7832,0.47402,0.0
-1.7832,0.49659,0.0
-1.7832,0.51916,0.0
-1.7832,0.54173,0.0
-1.7832,0.5643,0.0
-1.7832,0.58688,0.0
-1.7832,0.60945,0.0
-1.7832,0.63202,0.0
-1.7832,0.65459,0.0
-1.7832,0.67717,0.0
-1.7832,0.69974,0.0
-1.7832,0.72231,0.0
-1.7832,0.74488,0.0
-1.7832,0.76745,0.0
-1.7832,0.79003,0.0
-1.76063,-0.79003,0.0
-1.76063,-0.76745,0.0
-1.76063,-0.74488,0.0
-1.76063,-0.72231,0.0
-1.76063,-0.69974,0.0
-1.76063,-0.67717,0.0
-1.76063,-0.65459,0.0
-1.76063,-0.63202,0.0
-1.76063,-0.60945,0.0
-1.76063,-0.58688,0.0
-1.76063,-0.5643,0.0
-1.76063,-0.54173,0.0
-1.76063,-0.51916,0.0
-1.76063,-0.49659,0.0
-1.76063,-0.47402,0.0
-1.76063,-0.45144,0.0
-1.76063,-0.42887,0.0
-1.76063,-0.4063,0.0
-1.76063,-0.38373,0.0
-1.76063,-0.36115,0.0
-1.76063,-0.33858,0.0
-1.76063,-0.31601,0.0
-1.76063,-0.29344,0.0
-1.76063,-0.27087,0.0
-1.76063,-0.24829,0.0
-1.76063,-0.22572,0.0
-1.76063,-0.20315,0.0
-1.76063,-0.18058,0.0
-1.76063,-0.15801,0.0
-1.76063,-0.13543,0.0
-1.76063,-0.11286,0.0
-1.76063,-0.09029,0.0
-1.76063,-0.06772,0.0
-1.76063,-0.04514,0.0
-1.76063,-0.02257,0.0
-1.76063,0,0.0
-1.76063,0.02257,0.0
-1.76063,0.04514,0.0
-1.76063,0.06772,0.0
-1.76063,0.09029,0.0
-1.76063,0.11286,0.0
-1.76063,0.13543,0.0
-1.76063,0.15801,0.0
-1.76063,0.18058,0.0
-1.76063,0.20315,0.0
-1.76063,0.22572,0.0
-1.76063,0.24829,0.0
-1.76063,0.27087,0.0
-1.76063,0.29344,0.0
-1.76063,0.31601,0.0
-1.76063,0.33858,0.0
-1.76063,0.36115,0.0
-1.76063,0.38373,0.0
-1.76063,0.4063,0.0
-1.76063,0.42887,0.0
-1.76063,0.45144,0.0
-1.76063,0.47402,0.0
-1.76063,0.49659,0.0
-1.76063,0.51916,0.0
-1.76063,0.54173,0.0
-1.76063,0.5643,0.0
-1.76063,0.58688,0.0
-1.76063,0.60945,0.0
-1.76063,0.63202,0.0
-1.76063,0.65459,0.0
-1.76063,0.67717,0.0
-1.76063,0.69974,0.0
-1.76063,0.72231,0.0
-1.76063,0.74488,0.0
-1.76063,0.76745,0.0
-1.76063,0.79003,0.0
-1.73806,-0.79003,0.0
-1.73806,-0.76745,0.0
-1.73806,-0.74488,0.0
-1.73806,-0.72231,0.0
-1.73806,-0.69974,0.0
-1.73806,-0.67717,0.0
-1.73806,-0.65459,0.0
-1.73806,-0.63202,0.0
-1.73806,-0.60945,0.0
-1.73806,-0.58688,0.0
-1.73806,-0.5643,0.0
-1.73806,-0.54173,0.0
-1.73806,-0.51916,0.0
-1.73806,-0.49659,0.0
-1.73806,-0.47402,0.0
-1.73806,-0.45144,0.0
-1.73806,-0.42887,0.0
-1.73806,-0.4063,0.0
-1.73806,-0.38373,0.0
-1.73806,-0.36115,0.0
-1.73806,-0.33858,0.0
-1.73806,-0.31601,0.0
-1.73806,-0.29344,0.0
-1.73806,-0.27087,0.0
-1.73806,-0.24829,0.0
-1.73806,-0.22572,0.0
-1.73806,-0.20315,0.0
-1.73806,-0.18058,0.0
-1.73806,-0.15801,0.0
-1.73806,-0.13543,0.0
-1.73806,-0.11286,0.0
-1.73806,-0.09029,0.0
-1.73806,-0.06772,0.0
-1.73806,-0.04514,0.0
-1.73806,-0.02257,0.0
-1.73806,0,0.0
-1.73806,0.02257,0.0
-1.73806,0.04514,0.0
-1.73806,0.06772,0.0
-1.73806,0.09029,0.0
-1.73806,0.11286,0.0
-1.73806,0.13543,0.0
-1.73806,0.15801,0.0
-1.73806,0.18058,0.0
-1.73806,0.20315,0.0
-1.73806,0.22572,0.0
-1.73806,0.24829,0.0
-1.73806,0.27087,0.0
-1.73806,0.29344,0.0
-1.73806,0.31601,0.0
-1.73806,0.33858,0.0
-1.73806,0.36115,0.0
-1.73806,0.38373,0.0
-1.73806,0.4063,0.0
-1.73806,0.42887,0.0
-1.73806,0.45144,0.0
-1.73806,0.47402,0.0
-1.73806,0.49659,0.0
-1.73806,0.51916,0.0
-1.73806,0.54173,0.0
-1.73806,0.5643,0.0
-1.73806,0.58688,0.0
-1.73806,0.60945,0.0
-1.73806,0.63202,0.0
-1.73806,0.65459,0.0
-1.73806,0.67717,0.0
-1.73806,0.69974,0.0
-1.73806,0.72231,0.0
-1.73806,0.74488,0.0
-1.73806,0.76745,0.0
-1.73806,0.79003,0.0
-1.71549,-0.79003,0.0
-1.71549,-0.76745,0.0
-1.71549,-0.74488,0.0
-1.71549,-0.72231,0.0
-1.71549,-0.69974,0.0
-1.71549,-0.67717,0.0
-1.71549,-0.65459,0.0
-1.71549,-0.63202,0.0
-1.71549,-0.60945,0.0
-1.71549,-0.58688,0.0
-1.71549,-0.5643,0.0
-1.71549,-0.54173,0.0
-1.71549,-0.51916,0.0
-1.71549,-0.49659,0.0
-1.71549,-0.47402,0.0
-1.71549,-0.45144,0.0
-1.71549,-0.42887,0.0
-1.71549,-0.4063,0.0
-1.71549,-0.38373,0.0
-1.71549,-0.36115,0.0
-1.71549,-0.33858,0.0
-1.71549,-0.31601,0.0
-1.71549,-0.29344,0.0
-1.71549,-0.27087,0.0
-1.71549,-0.24829,0.0
-1.71549,-0.22572,0.0
-1.71549,-0.20315,0.0
-1.71549,-0.18058,0.0
-1.71549,-0.15801,0.0
-1.71549,-0.13543,0.0
-1.71549,-0.11286,0.0
-1.71549,-0.09029,0.0
-1.71549,-0.06772,0.0
-1.71549,-0.04514,0.0
-1.71549,-0.02257,0.0
-1.71549,0,0.0
-1.71549,0.02257,0.0
-1.71549,0.04514,0.0
-1.71549,0.06772,0.0
-1.71549,0.09029,0.0
-1.71549,0.11286,0.0
-1.71549,0.13543,0.0
-1.71549,0.15801,0.0
-1.71549,0.18058,0.0
-1.71549,0.20315,0.0
-1.71549,0.22572,0.0
-1.71549,0.24829,0.0
-1.71549,0.27087,0.0
-1.71549,0.29344,0.0
-1.71549,0.31601,0.0
-1.71549,0.33858,0.0
-1.71549,0.36115,0.0
-1.71549,0.38373,0.0
-1.71549,0.4063,0.0
-1.71549,0.42887,0.0
-1.71549,0.45144,0.0
-1.71549,0.47402,0.0
-1.71549,0.49659,0.0
-1.71549,0.51916,0.0
-1.71549,0.54173,0.0
-1.71549,0.5643,0.0
-1.71549,0.58688,0.0
-1.71549,0.60945,0.0
-1.71549,0.63202,0.0
-1.71549,0.65459,0.0
-1.71549,0.67717,0.0
-1.71549,0.69974,0.0
-1.71549,0.72231,0.0
-1.71549,0.74488,0.0
-1.71549,0.76745,0.0
-1.71549,0.79003,0.0
-1.69291,-0.79003,0.0
-1.69291,-0.76745,0.0
-1.69291,-0.74488,0.0
-1.69291,-0.72231,0.0
-1.69291,-0.69974,0.0
-1.69291,-0.67717,0.0
-1.69291,-0.65459,0.0
-1.69291,-0.63202,0.0
-1.69291,-0.60945,0.0
-1.69291,-0.58688,0.0
-1.69291,-0.5643,0.0
-1.69291,-0.54173,0.0
-1.69291,-0.51916,0.0
-1.69291,-0.49659,0.0
-1.69291,-0.47402,0.0
-1.69291,-0.45144,0.0
-1.69291,-0.42887,0.0
-1.69291,-0.4063,0.0
-1.69291,-0.38373,0.0
-1.69291,-0.36115,0.0
-1.69291,-0.33858,0.0
-1.69291,-0.31601,0.0
-1.69291,-0.29344,0.0
-1.69291,-0.27087,0.0
-1.69291,-0.24829,0.0
-1.69291,-0.22572,0.0
-1.69291,-0.20315,0.0
-1.69291,-0.18058,0.0
-1.69291,-0.15801,0.0
-1.69291,-0.13543,0.0
-1.69291,-0.11286,0.0
-1.69291,-0.09029,0.0
-1.69291,-0.06772,0.0
-1.69291,-0.04514,0.0
-1.69291,-0.02257,0.0
-1.69291,0,0.0
-1.69291,0.02257,0.0
-1.69291,0.04514,0.0
-1.69291,0.06772,0.0
-1.69291,0.09029,0.0
-1.69291,0.11286,0.0
-1.69291,0.13543,0.0
-1.69291,0.15801,0.0
-1.69291,0.18058,0.0
-1.69291,0.20315,0.0
-1.69291,0.22572,0.0
-1.69291,0.24829,0.0
-1.69291,0.27087,0.0
-1.69291,0.29344,0.0
-1.69291,0.31601,0.0
-1.69291,0.33858,0.0
-1.69291,0.36115,0.0
-1.69291,0.38373,0.0
-1.69291,0.4063,0.0
-1.69291,0.42887,0.0
-1.69291,0.45144,0.0
-1.69291,0.47402,0.0
-1.69291,0.49659,0.0
-1.69291,0.51916,0.0
-1.69291,0.54173,0.0
-1.69291,0.5643,0.0
-1.69291,0.58688,0.0
-1.69291,0.60945,0.0
-1.69291,0.63202,0.0
-1.69291,0.65459,0.0
-1.69291,0.67717,0.0
-1.69291,0.69974,0.0
-1.69291,0.72231,0.0
-1.69291,0.74488,0.0
-1.69291,0.76745,0.0
-1.69291,0.79003,0.0
-1.67034,-0.79003,0.0
-1.67034,-0.76745,0.0
-1.67034,-0.74488,0.0
-1.67034,-0.72231,0.0
-1.67034,-0.69974,0.0
-1.67034,-0.67717,0.0
-1.67034,-0.65459,0.0
-1.67034,-0.63202,0.0
-1.67034,-0.60945,0.0
-1.67034,-0.58688,0.0
-1.67034,-0.5643,0.0
-1.67034,-0.54173,0.0
-1.67034,-0.51916,0.0
-1.67034,-0.49659,0.0
-1.67034,-0.47402,0.0
-1.67034,-0.45144,0.0
-1.67034,-0.42887,0.0
-1.67034,-0.4063,0.0
-1.67034,-0.38373,0.0
-1.67034,-0.36115,0.0
-1.67034,-0.33858,0.0
-1.67034,-0.31601,0.0
-1.67034,-0.29344,0.0
-1.67034,-0.27087,0.0
-1.67034,-0.24829,0.0
-1.67034,-0.22572,0.0
-1.67034,-0.20315,0.0
-1.67034,-0.18058,0.0
-1.67034,-0.15801,0.0
-1.67034,-0.13543,0.0
-1.67034,-0.11286,0.0
-1.67034,-0.09029,0.0
-1.67034,-0.06772,0.0
-1.67034,-0.04514,0.0
-1.67034,-0.02257,0.0
-1.67034,0,0.0
-1.67034,0.02257,0.0
-1.67034,0.04514,0.0
-1.67034,0.06772,0.0
-1.67034,0.09029,0.0
-1.67034,0.11286,0.0
-1.67034,0.13543,0.0
-1.67034,0.15801,0.0
-1.67034,0.18058,0.0
-1.67034,0.20315,0.0
-1.67034,0.22572,0.0
-1.67034,0.24829,0.0
-1.67034,0.27087,0.0
-1.67034,0.29344,0.0
-1.67034,0.31601,0.0
-1.67034,0.33858,0.0
-1.67034,0.36115,0.0
-1.67034,0.38373,0.0
-1.67034,0.4063,0.0
-1.67034,0.42887,0.0
-1.67034,0.45144,0.0
-1.67034,0.47402,0.0
-1.67034,0.49659,0.0
-1.67034,0.51916,0.0
-1.67034,0.54173,0.0
-1.67034,0.5643,0.0
-1.67034,0.58688,0.0
-1.67034,0.60945,0.0
-1.67034,0.63202,0.0
-1.67034,0.65459,0.0
-1.67034,0.67717,0.0
-1.67034,0.69974,0.0
-1.67034,0.72231,0.0
-1.67034,0.74488,0.0
-1.67034,0.76745,0.0
-1.67034,0.79003,0.0
-1.64777,-0.79003,0.0
-1.64777,-0.76745,0.0
-1.64777,-0.74488,0.0
-1.64777,-0.72231,0.0
-1.64777,-0.69974,0.0
-1.64777,-0.67717,0.0
-1.64777,-0.65459,0.0
-1.64777,-0.63202,0.0
-1.64777,-0.60945,0.0
-1.64777,-0.58688,0.0
-1.64777,-0.5643,0.0
-1.64777,-0.54173,0.0
-1.64777,-0.51916,0.0
-1.64777,-0.49659,0.0
-1.64777,-0.47402,0.0
-1.64777,-0.45144,0.0
-1.64777,-0.42887,0.0
-1.64777,-0.4063,0.0
-1.64777,-0.38373,0.0
-1.64777,-0.36115,0.0
-1.64777,-0.33858,0.0
-1.64777,-0.31601,0.0
-1.64777,-0.29344,0.0
-1.64777,-0.27087,0.0
-1.64777,-0.24829,0.0
-1.64777,-0.22572,0.0
-1.64777,-0.20315,0.0
-1.64777,-0.18058,0.0
-1.64777,-0.15801,0.0
-1.64777,-0.13543,0.0
-1.64777,-0.11286,0.0
-1.64777,-0.09029,0.0
-1.64777,-0.06772,0.0
-1.64777,-0.04514,0.0
-1.64777,-0.02257,0.0
-1.64777,0,0.0
-1.64777,0.02257,0.0
-1.64777,0.04514,0.0
-1.64777,0.06772,0.0
-1.64777,0.09029,0.0
-1.64777,0.11286,0.0
-1.64777,0.13543,0.0
-1.64777,0.15801,0.0
-1.64777,0.18058,0.0
-1.64777,0.20315,0.0
-1.64777,0.22572,0.0
-1.64777,0.24829,0.0
-1.64777,0.27087,0.0
-1.64777,0.29344,0.0
-1.64777,0.31601,0.0
-1.64777,0.33858,0.0
-1.64777,0.36115,0.0
-1.64777,0.38373,0.0
-1.64777,0.4063,0.0
-1.64777,0.42887,0.0
-1.64777,0.45144,0.0
-1.64777,0.47402,0.0
-1.64777,0.49659,0.0
-1.64777,0.51916,0.0
-1.64777,0.54173,0.0
-1.64777,0.5643,0.0
-1.64777,0.58688,0.0
-1.64777,0.60945,0.0
-1.64777,0.63202,0.0
-1.64777,0.65459,0.0
-1.64777,0.67717,0.0
-1.64777,0.69974,0.0
-1.64777,0.72231,0.0
-1.64777,0.74488,0.0
-1.64777,0.76745,0.0
-1.64777,0.79003,0.0
-1.6252,-0.79003,0.0
-1.6252,-0.76745,0.0
-1.6252,-0.74488,0.0
-1.6252,-0.72231,0.0
-1.6252,-0.69974,0.0
-1.6252,-0.67717,0.0
-1.6252,-0.65459,0.0
-1.6252,-0.63202,0.0
-1.6252,-0.60945,0.0
-1.6252,-0.58688,0.0
-1.6252,-0.5643,0.0
-1.6252,-0.54173,0.0
-1.6252,-0.51916,0.0
-1.6252,-0.49659,0.0
-1.6252,-0.47402,0.0
-1.6252,-0.45144,0.0
-1.6252,-0.42887,0.0
-1.6252,-0.4063,0.0
-1.6252,-0.38373,0.0
-1.6252,-0.36115,0.0
-1.6252,-0.33858,0.0
-1.6252,-0.31601,0.0
-1.6252,-0.29344,0.0
-1.6252,-0.27087,0.0
-1.6252,-0.24829,0.0
-1.6252,-0.22572,0.0
-1.6252,-0.20315,0.0
-1.6252,-0.18058,0.0
-1.6252,-0.15801,0.0
-1.6252,-0.13543,0.0
-1.6252,-0.11286,0.0
-1.6252,-0.09029,0.0
-1.6252,-0.06772,0.0
-1.6252,-0.04514,0.0
-1.6252,-0.02257,0.0
-1.6252,0,0.0
-1.6252,0.02257,0.0
-1.6252,0.04514,0.0
-1.6252,0.06772,0.0
-1.6252,0.09029,0.0
-1.6252,0.11286,0.0
-1.6252,0.13543,0.0
-1.6252,0.15801,0.0
-1.6252,0.18058,0.0
-1.6252,0.20315,0.0
-1.6252,0.22572,0.0
-1.6252,0.24829,0.0
-1.6252,0.27087,0.0
-1.6252,0.29344,0.0
-1.6252,0.31601,0.0
-1.6252,0.33858,0.0
-1.6252,0.36115,0.0
-1.6252,0.38373,0.0
-1.6252,0.4063,0.0
-1.6252,0.42887,0.0
-1.6252,0.45144,0.0
-1.6252,0.47402,0.0
-1.6252,0.49659,0.0
-1.6252,0.51916,0.0
-1.6252,0.54173,0.0
-1.6252,0.5643,0.0
-1.6252,0.58688,0.0
-1.6252,0.60945,0.0
-1.6252,0.63202,0.0
-1.6252,0.65459,0.0
-1.6252,0.67717,0.0
-1.6252,0.69974,0.0
-1.6252,0.72231,0.0
-1.6252,0.74488,0.0
-1.6252,0.76745,0.0
-1.6252,0.79003,0.0
-1.60262,-0.79003,0.0
-1.60262,-0.76745,0.0
-1.60262,-0.74488,0.0
-1.60262,-0.72231,0.0
-1.60262,-0.69974,0.0
-1.60262,-0.67717,0.0
-1.60262,-0.65459,0.0
-1.60262,-0.63202,0.0
-1.60262,-0.60945,0.0
-1.60262,-0.58688,0.0
-1.60262,-0.5643,0.0
-1.60262,-0.54173,0.0
-1.60262,-0.51916,0.0
-1.60262,-0.49659,0.0
-1.60262,-0.47402,0.0
-1.60262,-0.45144,0.0
-1.60262,-0.42887,0.0
-1.60262,-0.4063,0.0
-1.60262,-0.38373,0.0
-1.60262,-0.36115,0.0
-1.60262,-0.33858,0.0
-1.60262,-0.31601,0.0
-1.60262,-0.29344,0.0
-1.60262,-0.27087,0.0
-1.60262,-0.24829,0.0
-1.60262,-0.22572,0.0
-1.60262,-0.20315,0.0
-1.60262,-0.18058,0.0
-1.60262,-0.15801,0.0
-1.60262,-0.13543,0.0
-1.60262,-0.11286,0.0
-1.60262,-0.09029,0.0
-1.60262,-0.06772,0.0
-1.60262,-0.04514,0.0
-1.60262,-0.02257,0.0
-1.60262,0,0.0
-1.60262,0.02257,0.0
-1.60262,0.04514,0.0
-1.60262,0.06772,0.0
-1.60262,0.09029,0.0
-1.60262,0.11286,0.0
-1.60262,0.13543,0.0
-1.60262,0.15801,0.0
-1.60262,0.18058,0.0
-1.60262,0.20315,0.0
-1.60262,0.22572,0.0
-1.60262,0.24829,0.0
-1.60262,0.27087,0.0
-1.60262,0.29344,0.0
-1.60262,0.31601,0.0
-1.60262,0.33858,0.0
-1.60262,0.36115,0.0
-1.60262,0.38373,0.0
-1.60262,0.4063,0.0
-1.60262,0.42887,0.0
-1.60262,0.45144,0.0
-1.60262,0.47402,0.0
-1.60262,0.49659,0.0
-1.60262,0.51916,0.0
-1.60262,0.54173,0.0
-1.60262,0.5643,0.0
-1.60262,0.58688,0.0
-1.60262,0.60945,0.0
-1.60262,0.63202,0.0
-1.60262,0.65459,0.0
-1.60262,0.67717,0.0
-1.60262,0.69974,0.0
-1.60262,0.72231,0.0
-1.60262,0.74488,0.0
-1.60262,0.76745,0.0
-1.60262,0.79003,0.0
-1.58005,-0.79003,0.0
-1.58005,-0.76745,0.0
-1.58005,-0.74488,0.0
-1.58005,-0.72231,0.0
-1.58005,-0.69974,0.0
-1.58005,-0.67717,0.0
-1.58005,-0.65459,0.0
-1.58005,-0.63202,0.0
-1.58005,-0.60945,0.0
-1.58005,-0.58688,0.0
-1.58005,-0.5643,0.0
-1.58005,-0.54173,0.0
-1.58005,-0.51916,0.0
-1.58005,-0.49659,0.0
-1.58005,-0.47402,0.0
-1.58005,-0.45144,0.0
-1.58005,-0.42887,0.0
-1.58005,-0.4063,0.0
-1.58005,-0.38373,0.0
-1.58005,-0.36115,0.0
-1.58005,-0.33858,0.0
-1.58005,-0.31601,0.0
-1.58005,-0.29344,0.0
-1.58005,-0.27087,0.0
-1.58005,-0.24829,0.0
-1.58005,-0.22572,0.0
-1.58005,-0.20315,0.0
-1.58005,-0.18058,0.0
-1.58005,-0.15801,0.0
-1.58005,-0.13543,0.0
-1.58005,-0.11286,0.0
-1.58005,-0.09029,0.0
-1.58005,-0.06772,0.0
-1.58005,-0.04514,0.0
-1.58005,-0.02257,0.0
-1.58005,0,0.0
-1.58005,0.02257,0.0
-1.58005,0.04514,0.0
-1.58005,0.06772,0.0
-1.58005,0.09029,0.0
-1.58005,0.11286,0.0
-1.58005,0.13543,0.0
-1.58005,0.15801,0.0
-1.58005,0.18058,0.0
-1.58005,0.20315,0.0
-1.58005,0.22572,0.0
-1.58005,0.24829,0.0
-1.58005,0.27087,0.0
-1.58005,0.29344,0.0
-1.58005,0.31601,0.0
-1.58005,0.33858,0.0
-1.58005,0.36115,0.0
-1.58005,0.38373,0.0
-1.58005,0.4063,0.0
-1.58005,0.42887,0.0
-1.58005,0.45144,0.0
-1.58005,0.47402,0.0
-1.58005,0.49659,0.0
-1.58005,0.51916,0.0
-1.58005,0.54173,0.0
-1.58005,0.5643,0.0
-1.58005,0.58688,0.0
-1.58005,0.60945,0.0
-1.58005,0.63202,0.0
-1.58005,0.65459,0.0
-1.58005,0.67717,0.0
-1.58005,0.69974,0.0
-1.58005,0.72231,0.0
-1.58005,0.74488,0.0
-1.58005,0.76745,0.0
-1.58005,0.79003,0.0
-1.55748,-0.79003,0.0
-1.55748,-0.76745,0.0
-1.55748,-0.74488,0.0
-1.55748,-0.72231,0.0
-1.55748,-0.69974,0.0
-1.55748,-0.67717,0.0
-1.55748,-0.65459,0.0
-1.55748,-0.63202,0.0
-1.55748,-0.60945,0.0
-1.55748,-0.58688,0.0
-1.55748,-0.5643,0.0
-1.55748,-0.54173,0.0
-1.55748,-0.51916,0.0
-1.55748,-0.49659,0.0
-1.55748,-0.47402,0.0
-1.55748,-0.45144,0.0
-1.55748,-0.42887,0.0
-1.55748,-0.4063,0.0
-1.55748,-0.38373,0.0
-1.55748,-0.36115,0.0
-1.55748,-0.33858,0.0
-1.55748,-0.31601,0.0
-1.55748,-0.29344,0.0
-1.55748,-0.27087,0.0
-1.55748,-0.24829,0.0
-1.55748,-0.22572,0.0
-1.55748,-0.20315,0.0
-1.55748,-0.18058,0.0
-1.55748,-0.15801,0.0
-1.55748,-0.13543,0.0
-1.55748,-0.11286,0.0
-1.55748,-0.09029,0.0
-1.55748,-0.06772,0.0
-1.55748,-0.04514,0.0
-1.55748,-0.02257,0.0
-1.55748,0,0.0
-1.55748,0.02257,0.0
-1.55748,0.04514,0.0
-1.55748,0.06772,0.0
-1.55748,0.09029,0.0
-1.55748,0.11286,0.0
-1.55748,0.13543,0.0
-1.55748,0.15801,0.0
-1.55748,0.18058,0.0
-1.55748,0.20315,0.0
-1.55748,0.22572,0.0
-1.55748,0.24829,0.0
-1.55748,0.27087,0.0
-1.55748,0.29344,0.0
-1.55748,0.31601,0.0
-1.55748,0.33858,0.0
-1.55748,0.36115,0.0
-1.55748,0.38373,0.0
-1.55748,0.4063,0.0
-1.55748,0.42887,0.0
-1.55748,0.45144,0.0
-1.55748,0.47402,0.0
-1.55748,0.49659,0.0
-1.55748,0.51916,0.0
-1.55748,0.54173,0.0
-1.55748,0.5643,0.0
-1.55748,0.58688,0.0
-1.55748,0.60945,0.0
-1.55748,0.63202,0.0
-1.55748,0.65459,0.0
-1.55748,0.67717,0.0
-1.55748,0.69974,0.0
-1.55748,0.72231,0.0
-1.55748,0.74488,0.0
-1.55748,0.76745,0.0
-1.55748,0.79003,0.0
-1.53491,-0.79003,0.0
-1.53491,-0.76745,0.0
-1.53491,-0.74488,0.0
-1.53491,-0.72231,0.0
-1.53491,-0.69974,0.0
-1.53491,-0.67717,0.0
-1.53491,-0.65459,0.0
-1.53491,-0.63202,0.0
-1.53491,-0.60945,0.0
-1.53491,-0.58688,0.0
-1.53491,-0.5643,0.0
-1.53491,-0.54173,0.0
-1.53491,-0.51916,0.0
-1.53491,-0.49659,0.0
-1.53491,-0.47402,0.0
-1.53491,-0.45144,0.0
-1.53491,-0.42887,0.0
-1.53491,-0.4063,0.0
-1.53491,-0.38373,0.0
-1.53491,-0.36115,0.0
-1.53491,-0.33858,0.0
-1.53491,-0.31601,0.0
-1.53491,-0.29344,0.0
-1.53491,-0.27087,0.0
-1.53491,-0.24829,0.0
-1.53491,-0.22572,0.0
-1.53491,-0.20315,0.0
-1.53491,-0.18058,0.0
-1.53491,-0.15801,0.0
-1.53491,-0.13543,0.0
-1.53491,-0.11286,0.0
-1.53491,-0.09029,0.0
-1.53491,-0.06772,0.0
-1.53491,-0.04514,0.0
-1.53491,-0.02257,0.0
-1.53491,0,0.0
-1.53491,0.02257,0.0
-1.53491,0.04514,0.0
-1.53491,0.06772,0.0
-1.53491,0.09029,0.0
-1.53491,0.11286,0.0
-1.53491,0.13543,0.0
-1.53491,0.15801,0.0
-1.53491,0.18058,0.0
-1.53491,0.20315,0.0
-1.53491,0.22572,0.0
-1.53491,0.24829,0.0
-1.53491,0.27087,0.0
-1.53491,0.29344,0.0
-1.53491,0.31601,0.0
-1.53491,0.33858,0.0
-1.53491,0.36115,0.0
-1.53491,0.38373,0.0
-1.53491,0.4063,0.0
-1.53491,0.42887,0.0
-1.53491,0.45144,0.0
-1.53491,0.47402,0.0
-1.53491,0.49659,0.0
-1.53491,0.51916,0.0
-1.53491,0.54173,0.0
-1.53491,0.5643,0.0
-1.53491,0.58688,0.0
-1.53491,0.60945,0.0
-1.53491,0.63202,0.0
-1.53491,0.65459,0.0
-1.53491,0.67717,0.0
-1.53491,0.69974,0.0
-1.53491,0.72231,0.0
-1.53491,0.74488,0.0
-1.53491,0.76745,0.0
-1.53491,0.79003,0.0
-1.51234,-0.79003,0.0
-1.51234,-0.76745,0.0
-1.51234,-0.74488,0.0
-1.51234,-0.72231,0.0
-1.51234,-0.69974,0.0
-1.51234,-0.67717,0.0
-1.51234,-0.65459,0.0
-1.51234,-0.63202,0.0
-1.51234,-0.60945,0.0
-1.51234,-0.58688,0.0
-1.51234,-0.5643,0.0
-1.51234,-0.54173,0.0
-1.51234,-0.51916,0.0
-1.51234,-0.49659,0.0
-1.51234,-0.47402,0.0
-1.51234,-0.45144,0.0
-1.51234,-0.42887,0.0
-1.51234,-0.4063,0.0
-1.51234,-0.38373,0.0
-1.51234,-0.36115,0.0
-1.51234,-0.33858,0.0
-1.51234,-0.31601,0.0
-1.51234,-0.29344,0.0
-1.51234,-0.27087,0.0
-1.51234,-0.24829,0.0
-1.51234,-0.22572,0.0
-1.51234,-0.20315,0.0
-1.51234,-0.18058,0.0
-1.51234,-0.15801,0.0
-1.51234,-0.13543,0.0
-1.51234,-0.11286,0.0
-1.51234,-0.09029,0.0
-1.51234,-0.06772,0.0
-1.51234,-0.04514,0.0
-1.51234,-0.02257,0.0
-1.51234,0,0.0
-1.51234,0.02257,0.0
-1.51234,0.04514,0.0
-1.51234,0.06772,0.0
-1.51234,0.09029,0.0
-1.51234,0.11286,0.0
-1.51234,0.13543,0.0
-1.51234,0.15801,0.0
-1.51234,0.18058,0.0
-1.51234,0.20315,0.0
-1.51234,0.22572,0.0
-1.51234,0.24829,0.0
-1.51234,0.27087,0.0
-1.51234,0.29344,0.0
-1.51234,0.31601,0.0
-1.51234,0.33858,0.0
-1.51234,0.36115,0.0
-1.51234,0.38373,0.0
-1.51234,0.4063,0.0
-1.51234,0.42887,0.0
-1.51234,0.45144,0.0
-1.51234,0.47402,0.0
-1.51234,0.49659,0.0
-1.51234,0.51916,0.0
-1.51234,0.54173,0.0
-1.51234,0.5643,0.0
-1.51234,0.58688,0.0
-1.51234,0.60945,0.0
-1.51234,0.63202,0.0
-1.51234,0.65459,0.0
-1.51234,0.67717,0.0
-1.51234,0.69974,0.0
-1.51234,0.72231,0.0
-1.51234,0.74488,0.0
-1.51234,0.76745,0.0
-1.51234,0.79003,0.0
-1.48976,-0.79003,0.0
-1.48976,-0.76745,0.0
-1.48976,-0.74488,0.0
-1.48976,-0.72231,0.0
-1.48976,-0.69974,0.0
-1.48976,-0.67717,0.0
-1.48976,-0.65459,0.0
-1.48976,-0.63202,0.0
-1.48976,-0.60945,0.0
-1.48976,-0.58688,0.0
-1.48976,-0.5643,0.0
-1.48976,-0.54173,0.0
-1.48976,-0.51916,0.0
-1.48976,-0.49659,0.0
-1.48976,-0.47402,0.0
-1.48976,-0.45144,0.0
-1.48976,-0.42887,0.0
-1.48976,-0.4063,0.0
-1.48976,-0.38373,0.0
-1.48976,-0.36115,0.0
-1.48976,-0.33858,0.0
-1.48976,-0.31601,0.0
-1.48976,-0.29344,0.0
-1.48976,-0.27087,0.0
-1.48976,-0.24829,0.0
-1.48976,-0.22572,0.0
-1.48976,-0.20315,0.0
-1.48976,-0.18058,0.0
-1.48976,-0.15801,0.0
-1.48976,-0.13543,0.0
-1.48976,-0.11286,0.0
-1.48976,-0.09029,0.0
-1.48976,-0.06772,0.0
-1.48976,-0.04514,0.0
-1.48976,-0.02257,0.0
-1.48976,0,0.0
-1.48976,0.02257,0.0
-1.48976,0.04514,0.0
-1.48976,0.06772,0.0
-1.48976,0.09029,0.0
-1.48976,0.11286,0.0
-1.48976,0.13543,0.0
-1.48976,0.15801,0.0
-1.48976,0.18058,0.0
-1.48976,0.20315,0.0
-1.48976,0.22572,0.0
-1.48976,0.24829,0.0
-1.48976,0.27087,0.0
-1.48976,0.29344,0.0
-1.48976,0.31601,0.0
-1.48976,0.33858,0.0
-1.48976,0.36115,0.0
-1.48976,0.38373,0.0
-1.48976,0.4063,0.0
-1.48976,0.42887,0.0
-1.48976,0.45144,0.0
-1.48976,0.47402,0.0
-1.48976,0.49659,0.0
-1.48976,0.51916,0.0
-1.48976,0.54173,0.0
-1.48976,0.5643,0.0
-1.48976,0.58688,0.0
-1.48976,0.60945,0.0
-1.48976,0.63202,0.0
-1.48976,0.65459,0.0
-1.48976,0.67717,0.0
-1.48976,0.69974,0.0
-1.48976,0.72231,0.0
-1.48976,0.74488,0.0
-1.48976,0.76745,0.0
-1.48976,0.79003,0.0
-1.46719,-0.79003,0.0
-1.46719,-0.76745,0.0
-1.46719,-0.74488,0.0
-1.46719,-0.72231,0.0
-1.46719,-0.69974,0.0
-1.46719,-0.67717,0.0
-1.46719,-0.65459,0.0
-1.46719,-0.63202,0.0
-1.46719,-0.60945,0.0
-1.46719,-0.58688,0.0
-1.46719,-0.5643,0.0
-1.46719,-0.54173,0.0
-1.46719,-0.51916,0.0
-1.46719,-0.49659,0.0
-1.46719,-0.47402,0.0
-1.46719,-0.45144,0.0
-1.46719,-0.42887,0.0
-1.46719,-0.4063,0.0
-1.46719,-0.38373,0.0
-1.46719,-0.36115,0.0
-1.46719,-0.33858,0.0
-1.46719,-0.31601,0.0
-1.46719,-0.29344,0.0
-1.46719,-0.27087,0.0
-1.46719,-0.24829,0.0
-1.46719,-0.22572,0.0
-1.46719,-0.20315,0.0
-1.46719,-0.18058,0.0
-1.46719,-0.15801,0.0
-1.46719,-0.13543,0.0
-1.46719,-0.11286,0.0
-1.46719,-0.09029,0.0
-1.46719,-0.06772,0.0
-1.46719,-0.04514,0.0
-1.46719,-0.02257,0.0
-1.46719,0,0.0
-1.46719,0.02257,0.0
-1.46719,0.04514,0.0
-1.46719,0.06772,0.0
-1.46719,0.09029,0.0
-1.46719,0.11286,0.0
-1.46719,0.13543,0.0
-1.46719,0.15801,0.0
-1.46719,0.18058,0.0
-1.46719,0.20315,0.0
-1.46719,0.22572,0.0
-1.46719,0.24829,0.0
-1.46719,0.27087,0.0
-1.46719,0.29344,0.0
-1.46719,0.31601,0.0
-1.46719,0.33858,0.0
-1.46719,0.36115,0.0
-1.46719,0.38373,0.0
-1.46719,0.4063,0.0
-1.46719,0.42887,0.0
-1.46719,0.45144,0.0
-1.46719,0.47402,0.0
-1.46719,0.49659,0.0
-1.46719,0.51916,0.0
-1.46719,0.54173,0.0
-1.46719,0.5643,0.0
-1.46719,0.58688,0.0
-1.46719,0.60945,0.0
-1.46719,0.63202,0.0
-1.46719,0.65459,0.0
-1.46719,0.67717,0.0
-1.46719,0.69974,0.0
-1.46719,0.72231,0.0
-1.46719,0.74488,0.0
-1.46719,0.76745,0.0
-1.46719,0.79003,0.0
-1.44462,-0.79003,0.0
-1.44462,-0.76745,0.0
-1.44462,-0.74488,0.0
-1.44462,-0.72231,0.0
-1.44462,-0.69974,0.0
-1.44462,-0.67717,0.0
-1.44462,-0.65459,0.0
-1.44462,-0.63202,0.0
-1.44462,-0.60945,0.0
-1.44462,-0.58688,0.0
-1.44462,-0.5643,0.0
-1.44462,-0.54173,0.0
-1.44462,-0.51916,0.0
-1.44462,-0.49659,0.0
-1.44462,-0.47402,0.0
-1.44462,-0.45144,0.0
-1.44462,-0.42887,0.0
-1.44462,-0.4063,0.0
-1.44462,-0.38373,0.0
-1.44462,-0.36115,0.0
-1.44462,-0.33858,0.0
-1.44462,-0.31601,0.0
-1.44462,-0.29344,0.0
-1.44462,-0.27087,0.0
-1.44462,-0.24829,0.0
-1.44462,-0.22572,0.0
-1.44462,-0.20315,0.0
-1.44462,-0.18058,0.0
-1.44462,-0.15801,0.0
-1.44462,-0.13543,0.0
-1.44462,-0.11286,0.0
-1.44462,-0.09029,0.0
-1.44462,-0.06772,0.0
-1.44462,-0.04514,0.0
-1.44462,-0.02257,0.0
-1.44462,0,0.0
-1.44462,0.02257,0.0
-1.44462,0.04514,0.0
-1.44462,0.06772,0.0
-1.44462,0.09029,0.0
-1.44462,0.11286,0.0
-1.44462,0.13543,0.0
-1.44462,0.15801,0.0
-1.44462,0.18058,0.0
-1.44462,0.20315,0.0
-1.44462,0.22572,0.0
-1.44462,0.24829,0.0
-1.44462,0.27087,0.0
-1.44462,0.29344,0.0
-1.44462,0.31601,0.0
-1.44462,0.33858,0.0
-1.44462,0.36115,0.0
-1.44462,0.38373,0.0
-1.44462,0.4063,0.0
-1.44462,0.42887,0.0
-1.44462,0.45144,0.0
-1.44462,0.47402,0.0
-1.44462,0.49659,0.0
-1.44462,0.51916,0.0
-1.44462,0.54173,0.0
-1.44462,0.5643,0.0
-1.44462,0.58688,0.0
-1.44462,0.60945,0.0
-1.44462,0.63202,0.0
-1.44462,0.65459,0.0
-1.44462,0.67717,0.0
-1.44462,0.69974,0.0
-1.44462,0.72231,0.0
-1.44462,0.74488,0.0
-1.44462,0.76745,0.0
-1.44462,0.79003,0.0
-1.42205,-0.79003,0.0
-1.42205,-0.76745,0.0
-1.42205,-0.74488,0.0
-1.42205,-0.72231,0.0
-1.42205,-0.69974,0.0
-1.42205,-0.67717,0.0
-1.42205,-0.65459,0.0
-1.42205,-0.63202,0.0
-1.42205,-0.60945,0.0
-1.42205,-0.58688,0.0
-1.42205,-0.5643,0.0
-1.42205,-0.54173,0.0
-1.42205,-0.51916,0.0
-1.42205,-0.49659,0.0
-1.42205,-0.47402,0.0
-1.42205,-0.45144,0.0
-1.42205,-0.42887,0.0
-1.42205,-0.4063,0.0
-1.42205,-0.38373,0.0
-1.42205,-0.36115,0.0
-1.42205,-0.33858,0.0
-1.42205,-0.31601,0.0
-1.42205,-0.29344,0.0
-1.42205,-0.27087,0.0
-1.42205,-0.24829,0.0
-1.42205,-0.22572,0.0
-1.42205,-0.20315,0.0
-1.42205,-0.18058,0.0
-1.42205,-0.15801,0.0
-1.42205,-0.13543,0.0
-1.42205,-0.11286,0.0
-1.42205,-0.09029,0.0
-1.42205,-0.06772,0.0
-1.42205,-0.04514,0.0
-1.42205,-0.02257,0.0
-1.42205,0,0.0
-1.42205,0.02257,0.0
-1.42205,0.04514,0.0
-1.42205,0.06772,0.0
-1.42205,0.09029,0.0
-1.42205,0.11286,0.0
-1.42205,0.13543,0.0
-1.42205,0.15801,0.0
-1.42205,0.18058,0.0
-1.42205,0.20315,0.0
-1.42205,0.22572,0.0
-1.42205,0.24829,0.0
-1.42205,0.27087,0.0
-1.42205,0.29344,0.0
-1.42205,0.31601,0.0
-1.42205,0.33858,0.0
-1.42205,0.36115,0.0
-1.42205,0.38373,0.0
-1.42205,0.4063,0.0
-1.42205,0.42887,0.0
-1.42205,0.45144,0.0
-1.42205,0.47402,0.0
-1.42205,0.49659,0.0
-1.42205,0.51916,0.0
-1.42205,0.54173,0.0
-1.42205,0.5643,0.0
-1.42205,0.58688,0.0
-1.42205,0.60945,0.0
-1.42205,0.63202,0.0
-1.42205,0.65459,0.0
-1.42205,0.67717,0.0
-1.42205,0.69974,0.0
-1.42205,0.72231,0.0
-1.42205,0.74488,0.0
-1.42205,0.76745,0.0
-1.42205,0.79003,0.0
-1.39948,-0.79003,0.0
-1.39948,-0.76745,0.0
-1.39948,-0.74488,0.0
-1.39948,-0.72231,0.0
-1.39948,-0.69974,0.0
-1.39948,-0.67717,0.0
-1.39948,-0.65459,0.0
-1.39948,-0.63202,0.0
-1.39948,-0.60945,0.0
-1.39948,-0.58688,0.0
-1.39948,-0.5643,0.0
-1.39948,-0.54173,0.0
-1.39948,-0.51916,0.0
-1.39948,-0.49659,0.0
-1.39948,-0.47402,0.0
-1.39948,-0.45144,0.0
-1.39948,-0.42887,0.0
-1.39948,-0.4063,0.0
-1.39948,-0.38373,0.0
-1.39948,-0.36115,0.0
-1.39948,-0.33858,0.0
-1.39948,-0.31601,0.0
-1.39948,-0.29344,0.0
-1.39948,-0.27087,0.0
-1.39948,-0.24829,0.0
-1.39948,-0.22572,0.0
-1.39948,-0.20315,0.0
-1.39948,-0.18058,0.0
-1.39948,-0.15801,0.0
-1.39948,-0.13543,0.0
-1.39948,-0.11286,0.0
-1.39948,-0.09029,0.0
-1.39948,-0.06772,0.0
-1.39948,-0.04514,0.0
-1.39948,-0.02257,0.0
-1.39948,0,0.0
-1.39948,0.02257,0.0
-1.39948,0.04514,0.0
-1.39948,0.06772,0.0
-1.39948,0.09029,0.0
-1.39948,0.11286,0.0
-1.39948,0.13543,0.0
-1.39948,0.15801,0.0
-1.39948,0.18058,0.0
-1.39948,0.20315,0.0
-1.39948,0.22572,0.0
-1.39948,0.24829,0.0
-1.39948,0.27087,0.0
-1.39948,0.29344,0.0
-1.39948,0.31601,0.0
-1.39948,0.33858,0.0
-1.39948,0.36115,0.0
-1.39948,0.38373,0.0
-1.39948,0.4063,0.0
-1.39948,0.42887,0.0
-1.39948,0.45144,0.0
-1.39948,0.47402,0.0
-1.39948,0.49659,0.0
-1.39948,0.51916,0.0
-1.39948,0.54173,0.0
-1.39948,0.5643,0.0
-1.39948,0.58688,0.0
-1.39948,0.60945,0.0
-1.39948,0.63202,0.0
-1.39948,0.65459,0.0
-1.39948,0.67717,0.0
-1.39948,0.69974,0.0
-1.39948,0.72231,0.0
-1.39948,0.74488,0.0
-1.39948,0.76745,0.0
-1.39948,0.79003,0.0
-1.3769,-0.79003,0.0
-1.3769,-0.76745,0.0
-1.3769,-0.74488,0.0
-1.3769,-0.72231,0.0
-1.3769,-0.69974,0.0
-1.3769,-0.67717,0.0
-1.3769,-0.65459,0.0
-1.3769,-0.63202,0.0
-1.3769,-0.60945,0.0
-1.3769,-0.58688,0.0
-1.3769,-0.5643,0.0
-1.3769,-0.54173,0.0
-1.3769,-0.51916,0.0
-1.3769,-0.49659,0.0
-1.3769,-0.47402,0.0
-1.3769,-0.45144,0.0
-1.3769,-0.42887,0.0
-1.3769,-0.4063,0.0
-1.3769,-0.38373,0.0
-1.3769,-0.36115,0.0
-1.3769,-0.33858,0.0
-1.3769,-0.31601,0.0
-1.3769,-0.29344,0.0
-1.3769,-0.27087,0.0
-1.3769,-0.24829,0.0
-1.3769,-0.22572,0.0
-1.3769,-0.20315,0.0
-1.3769,-0.18058,0.0
-1.3769,-0.15801,0.0
-1.3769,-0.13543,0.0
-1.3769,-0.11286,0.0
-1.3769,-0.09029,0.0
-1.3769,-0.06772,0.0
-1.3769,-0.04514,0.0
-1.3769,-0.02257,0.0
-1.3769,0,0.0
-1.3769,0.02257,0.0
-1.3769,0.04514,0.0
-1.3769,0.06772,0.0
-1.3769,0.09029,0.0
-1.3769,0.11286,0.0
-1.3769,0.13543,0.0
-1.3769,0.15801,0.0
-1.3769,0.18058,0.0
-1.3769,0.20315,0.0
-1.3769,0.22572,0.0
-1.3769,0.24829,0.0
-1.3769,0.27087,0.0
-1.3769,0.29344,0.0
-1.3769,0.31601,0.0
-1.3769,0.33858,0.0
-1.3769,0.36115,0.0
-1.3769,0.38373,0.0
-1.3769,0.4063,0.0
-1.3769,0.42887,0.0
-1.3769,0.45144,0.0
-1.3769,0.47402,0.0
-1.3769,0.49659,0.0
-1.3769,0.51916,0.0
-1.3769,0.54173,0.0
-1.3769,0.5643,0.0
-1.3769,0.58688,0.0
-1.3769,0.60945,0.0
-1.3769,0.63202,0.0
-1.3769,0.65459,0.0
-1.3769,0.67717,0.0
-1.3769,0.69974,0.0
-1.3769,0.72231,0.0
-1.3769,0.74488,0.0
-1.3769,0.76745,0.0
-1.3769,0.79003,0.0
-1.35433,-0.79003,0.0
-1.35433,-0.76745,0.0
-1.35433,-0.74488,0.0
-1.35433,-0.72231,0.0
-1.35433,-0.69974,0.0
-1.35433,-0.67717,0.0
-1.35433,-0.65459,0.0
-1.35433,-0.63202,0.0
-1.35433,-0.60945,0.0
-1.35433,-0.58688,0.0
-1.35433,-0.5643,0.0
-1.35433,-0.54173,0.0
-1.35433,-0.51916,0.0
-1.35433,-0.49659,0.0
-1.35433,-0.47402,0.0
-1.35433,-0.45144,0.0
-1.35433,-0.42887,0.0
-1.35433,-0.4063,0.0
-1.35433,-0.38373,0.0
-1.35433,-0.36115,0.0
-1.35433,-0.33858,0.0
-1.35433,-0.31601,0.0
-1.35433,-0.29344,0.0
-1.35433,-0.27087,0.0
-1.35433,-0.24829,0.0
-1.35433,-0.22572,0.0
-1.35433,-0.20315,0.0
-1.35433,-0.18058,0.0
-1.35433,-0.15801,0.0
-1.35433,-0.13543,0.0
-1.35433,-0.11286,0.0
-1.35433,-0.09029,0.0
-1.35433,-0.06772,0.0
-1.35433,-0.04514,0.0
-1.35433,-0.02257,0.0
-1.35433,0,0.0
-1.35433,0.02257,0.0
-1.35433,0.04514,0.0
-1.35433,0.06772,0.0
-1.35433,0.09029,0.0
-1.35433,0.11286,0.0
-1.35433,0.13543,0.0
-1.35433,0.15801,0.0
-1.35433,0.18058,0.0
-1.35433,0.20315,0.0
-1.35433,0.22572,0.0
-1.35433,0.24829,0.0
-1.35433,0.27087,0.0
-1.35433,0.29344,0.0
-1.35433,0.31601,0.0
-1.35433,0.33858,0.0
-1.35433,0.36115,0.0
-1.35433,0.38373,0.0
-1.35433,0.4063,0.0
-1.35433,0.42887,0.0
-1.35433,0.45144,0.0
-1.35433,0.47402,0.0
-1.35433,0.49659,0.0
-1.35433,0.51916,0.0
-1.35433,0.54173,0.0
-1.35433,0.5643,0.0
-1.35433,0.58688,0.0
-1.35433,0.60945,0.0
-1.35433,0.63202,0.0
-1.35433,0.65459,0.0
-1.35433,0.67717,0.0
-1.35433,0.69974,0.0
-1.35433,0.72231,0.0
-1.35433,0.74488,0.0
-1.35433,0.76745,0.0
-1.35433,0.79003,0.0
-1.33176,-0.79003,0.0
-1.33176,-0.76745,0.0
-1.33176,-0.74488,0.0
-1.33176,-0.72231,0.0
-1.33176,-0.69974,0.0
-1.33176,-0.67717,0.0
-1.33176,-0.65459,0.0
-1.33176,-0.63202,0.0
-1.33176,-0.60945,0.0
-1.33176,-0.58688,0.0
-1.33176,-0.5643,0.0
-1.33176,-0.54173,0.0
-1.33176,-0.51916,0.0
-1.33176,-0.49659,0.0
-1.33176,-0.47402,0.0
-1.33176,-0.45144,0.0
-1.33176,-0.42887,0.0
-1.33176,-0.4063,0.0
-1.33176,-0.38373,0.0
-1.33176,-0.36115,0.0
-1.33176,-0.33858,0.0
-1.33176,-0.31601,0.0
-1.33176,-0.29344,0.0
-1.33176,-0.27087,0.0
-1.33176,-0.24829,0.0
-1.33176,-0.22572,0.0
-1.33176,-0.20315,0.0
-1.33176,-0.18058,0.0
-1.33176,-0.15801,0.0
-1.33176,-0.13543,0.0
-1.33176,-0.11286,0.0
-1.33176,-0.09029,0.0
-1.33176,-0.06772,0.0
-1.33176,-0.04514,0.0
-1.33176,-0.02257,0.0
-1.33176,0,0.0
-1.33176,0.02257,0.0
-1.33176,0.04514,0.0
-1.33176,0.06772,0.0
-1.33176,0.09029,0.0
-1.33176,0.11286,0.0
-1.33176,0.13543,0.0
-1.33176,0.15801,0.0
-1.33176,0.18058,0.0
-1.33176,0.20315,0.0
-1.33176,0.22572,0.0
-1.33176,0.24829,0.0
-1.33176,0.27087,0.0
-1.33176,0.29344,0.0
-1.33176,0.31601,0.0
-1.33176,0.33858,0.0
-1.33176,0.36115,0.0
-1.33176,0.38373,0.0
-1.33176,0.4063,0.0
-1.33176,0.42887,0.0
-1.33176,0.45144,0.0
-1.33176,0.47402,0.0
-1.33176,0.49659,0.0
-1.33176,0.51916,0.0
-1.33176,0.54173,0.0
-1.33176,0.5643,0.0
-1.33176,0.58688,0.0
-1.33176,0.60945,0.0
-1.33176,0.63202,0.0
-1.33176,0.65459,0.0
-1.33176,0.67717,0.0
-1.33176,0.69974,0.0
-1.33176,0.72231,0.0
-1.33176,0.74488,0.0
-1.33176,0.76745,0.0
-1.33176,0.79003,0.0
-1.30919,-0.79003,0.0
-1.30919,-0.76745,0.0
-1.30919,-0.74488,0.0
-1.30919,-0.72231,0.0
-1.30919,-0.69974,0.0
-1.30919,-0.67717,0.0
-1.30919,-0.65459,0.0
-1.30919,-0.63202,0.0
-1.30919,-0.60945,0.0
-1.30919,-0.58688,0.0
-1.30919,-0.5643,0.0
-1.30919,-0.54173,0.0
-1.30919,-0.51916,0.0
-1.30919,-0.49659,0.0
-1.30919,-0.47402,0.0
-1.30919,-0.45144,0.0
-1.30919,-0.42887,0.0
-1.30919,-0.4063,0.0
-1.30919,-0.38373,0.0
-1.30919,-0.36115,0.0
-1.30919,-0.33858,0.0
-1.30919,-0.31601,0.0
-1.30919,-0.29344,0.0
-1.30919,-0.27087,0.0
-1.30919,-0.24829,0.0
-1.30919,-0.22572,0.0
-1.30919,-0.20315,0.0
-1.30919,-0.18058,0.0
-1.30919,-0.15801,0.0
-1.30919,-0.13543,0.0
-1.30919,-0.11286,0.0
-1.30919,-0.09029,0.0
-1.30919,-0.06772,0.0
-1.30919,-0.04514,0.0
-1.30919,-0.02257,0.0
-1.30919,0,0.0
-1.30919,0.02257,0.0
-1.30919,0.04514,0.0
-1.30919,0.06772,0.0
-1.30919,0.09029,0.0
-1.30919,0.11286,0.0
-1.30919,0.13543,0.0
-1.30919,0.15801,0.0
-1.30919,0.18058,0.0
-1.30919,0.20315,0.0
-1.30919,0.22572,0.0
-1.30919,0.24829,0.0
-1.30919,0.27087,0.0
-1.30919,0.29344,0.0
-1.30919,0.31601,0.0
-1.30919,0.33858,0.0
-1.30919,0.36115,0.0
-1.30919,0.38373,0.0
-1.30919,0.4063,0.0
-1.30919,0.42887,0.0
-1.30919,0.45144,0.0
-1.30919,0.47402,0.0
-1.30919,0.49659,0.0
-1.30919,0.51916,0.0
-1.30919,0.54173,0.0
-1.30919,0.5643,0.0
-1.30919,0.58688,0.0
-1.30919,0.60945,0.0
-1.30919,0.63202,0.0
-1.30919,0.65459,0.0
-1.30919,0.67717,0.0
-1.30919,0.69974,0.0
-1.30919,0.72231,0.0
-1.30919,0.74488,0.0
-1.30919,0.76745,0.0
-1.30919,0.79003,0.0
-1.28661,-0.79003,0.0
-1.28661,-0.76745,0.0
-1.28661,-0.74488,0.0
-1.28661,-0.72231,0.0
-1.28661,-0.69974,0.0
-1.28661,-0.67717,0.0
-1.28661,-0.65459,0.0
-1.28661,-0.63202,0.0
-1.28661,-0.60945,0.0
-1.28661,-0.58688,0.0
-1.28661,-0.5643,0.0
-1.28661,-0.54173,0.0
-1.28661,-0.51916,0.0
-1.28661,-0.49659,0.0
-1.28661,-0.47402,0.0
-1.28661,-0.45144,0.0
-1.28661,-0.42887,0.0
-1.28661,-0.4063,0.0
-1.28661,-0.38373,0.0
-1.28661,-0.36115,0.0
-1.28661,-0.33858,0.0
-1.28661,-0.31601,0.0
-1.28661,-0.29344,0.0
-1.28661,-0.27087,0.0
-1.28661,-0.24829,0.0
-1.28661,-0.22572,0.0
-1.28661,-0.20315,0.0
-1.28661,-0.18058,0.0
-1.28661,-0.15801,0.0
-1.28661,-0.13543,0.0
-1.28661,-0.11286,0.0
-1.28661,-0.09029,0.0
-1.28661,-0.06772,0.0
-1.28661,-0.04514,0.0
-1.28661,-0.02257,0.0
-1.28661,0,0.0
-1.28661,0.02257,0.0
-1.28661,0.04514,0.0
-1.28661,0.06772,0.0
-1.28661,0.09029,0.0
-1.28661,0.11286,0.0
-1.28661,0.13543,0.0
-1.28661,0.15801,0.0
-1.28661,0.18058,0.0
-1.28661,0.20315,0.0
-1.28661,0.22572,0.0
-1.28661,0.24829,0.0
-1.28661,0.27087,0.0
-1.28661,0.29344,0.0
-1.28661,0.31601,0.0
-1.28661,0.33858,0.0
-1.28661,0.36115,0.0
-1.28661,0.38373,0.0
-1.28661,0.4063,0.0
-1.28661,0.42887,0.0
-1.28661,0.45144,0.0
-1.28661,0.47402,0.0
-1.28661,0.49659,0.0
-1.28661,0.51916,0.0
-1.28661,0.54173,0.0
-1.28661,0.5643,0.0
-1.28661,0.58688,0.0
-1.28661,0.60945,0.0
-1.28661,0.63202,0.0
-1.28661,0.65459,0.0
-1.28661,0.67717,0.0
-1.28661,0.69974,0.0
-1.28661,0.72231,0.0
-1.28661,0.74488,0.0
-1.28661,0.76745,0.0
-1.28661,0.79003,0.0
-1.26404,-0.79003,0.0
-1.26404,-0.76745,0.0
-1.26404,-0.74488,0.0
-1.26404,-0.72231,0.0
-1.26404,-0.69974,0.0
-1.26404,-0.67717,0.0
-1.26404,-0.65459,0.0
-1.26404,-0.63202,0.0
-1.26404,-0.60945,0.0
-1.26404,-0.58688,0.0
-1.26404,-0.5643,0.0
-1.26404,-0.54173,0.0
-1.26404,-0.51916,0.0
-1.26404,-0.49659,0.0
-1.26404,-0.47402,0.0
-1.26404,-0.45144,0.0
-1.26404,-0.42887,0.0
-1.26404,-0.4063,0.0
-1.26404,-0.38373,0.0
-1.26404,-0.36115,0.0
-1.26404,-0.33858,0.0
-1.26404,-0.31601,0.0
-1.26404,-0.29344,0.0
-1.26404,-0.27087,0.0
-1.26404,-0.24829,0.0
-1.26404,-0.22572,0.0
-1.26404,-0.20315,0.0
-1.26404,-0.18058,0.0
-1.26404,-0.15801,0.0
-1.26404,-0.13543,0.0
-1.26404,-0.11286,0.0
-1.26404,-0.09029,0.0
-1.26404,-0.06772,0.0
-1.26404,-0.04514,0.0
-1.26404,-0.02257,0.0
-1.26404,0,0.0
-1.26404,0.02257,0.0
-1.26404,0.04514,0.0
-1.26404,0.06772,0.0
-1.26404,0.09029,0.0
-1.26404,0.11286,0.0
-1.26404,0.13543,0.0
-1.26404,0.15801,0.0
-1.26404,0.18058,0.0
-1.26404,0.20315,0.0
-1.26404,0.22572,0.0
-1.26404,0.24829,0.0
-1.26404,0.27087,0.0
-1.26404,0.29344,0.0
-1.26404,0.31601,0.0
-1.26404,0.33858,0.0
-1.26404,0.36115,0.0
-1.26404,0.38373,0.0
-1.26404,0.4063,0.0
-1.26404,0.42887,0.0
-1.26404,0.45144,0.0
-1.26404,0.47402,0.0
-1.26404,0.49659,0.0
-1.26404,0.51916,0.0
-1.26404,0.54173,0.0
-1.26404,0.5643,0.0
-1.26404,0.58688,0.0
-1.26404,0.60945,0.0
-1.26404,0.63202,0.0
-1.26404,0.65459,0.0
-1.26404,0.67717,0.0
-1.26404,0.69974,0.0
-1.26404,0.72231,0.0
-1.26404,0.74488,0.0
-1.26404,0.76745,0.0
-1.26404,0.79003,0.0
-1.24147,-0.79003,0.0
-1.24147,-0.76745,0.0
-1.24147,-0.74488,0.0
-1.24147,-0.72231,0.0
-1.24147,-0.69974,0.0
-1.24147,-0.67717,0.0
-1.24147,-0.65459,0.0
-1.24147,-0.63202,0.0
-1.24147,-0.60945,0.0
-1.24147,-0.58688,0.0
-1.24147,-0.5643,0.0
-1.24147,-0.54173,0.0
-1.24147,-0.51916,0.0
-1.24147,-0.49659,0.0
-1.24147,-0.47402,0.0
-1.24147,-0.45144,0.0
-1.24147,-0.42887,0.0
-1.24147,-0.4063,0.0
-1.24147,-0.38373,0.0
-1.24147,-0.36115,0.0
-1.24147,-0.33858,0.0
-1.24147,-0.31601,0.0
-1.24147,-0.29344,0.0
-1.24147,-0.27087,0.0
-1.24147,-0.24829,0.0
-1.24147,-0.22572,0.0
-1.24147,-0.20315,0.0
-1.24147,-0.18058,0.0
-1.24147,-0.15801,0.0
-1.24147,-0.13543,0.0
-1.24147,-0.11286,0.0
-1.24147,-0.09029,0.0
-1.24147,-0.06772,0.0
-1.24147,-0.04514,0.0
-1.24147,-0.02257,0.0
-1.24147,0,0.0
-1.24147,0.02257,0.0
-1.24147,0.04514,0.0
-1.24147,0.06772,0.0
-1.24147,0.09029,0.0
-1.24147,0.11286,0.0
-1.24147,0.13543,0.0
-1.24147,0.15801,0.0
-1.24147,0.18058,0.0
-1.24147,0.20315,0.0
-1.24147,0.22572,0.0
-1.24147,0.24829,0.0
-1.24147,0.27087,0.0
-1.24147,0.29344,0.0
-1.24147,0.31601,0.0
-1.24147,0.33858,0.0
-1.24147,0.36115,0.0
-1.24147,0.38373,0.0
-1.24147,0.4063,0.0
-1.24147,0.42887,0.0
-1.24147,0.45144,0.0
-1.24147,0.47402,0.0
-1.24147,0.49659,0.0
-1.24147,0.51916,0.0
-1.24147,0.54173,0.0
-1.24147,0.5643,0.0
-1.24147,0.58688,0.0
-1.24147,0.60945,0.0
-1.24147,0.63202,0.0
-1.24147,0.65459,0.0
-1.24147,0.67717,0.0
-1.24147,0.69974,0.0
-1.24147,0.72231,0.0
-1.24147,0.74488,0.0
-1.24147,0.76745,0.0
-1.24147,0.79003,0.0
-1.2189,-0.79003,0.0
-1.2189,-0.76745,0.0
-1.2189,-0.74488,0.0
-1.2189,-0.72231,0.0
-1.2189,-0.69974,0.0
-1.2189,-0.67717,0.0
-1.2189,-0.65459,0.0
-1.2189,-0.63202,0.0
-1.2189,-0.60945,0.0
-1.2189,-0.58688,0.0
-1.2189,-0.5643,0.0
-1.2189,-0.54173,0.0
-1.2189,-0.51916,0.0
-1.2189,-0.49659,0.0
-1.2189,-0.47402,0.0
-1.2189,-0.45144,0.0
-1.2189,-0.42887,0.0
-1.2189,-0.4063,0.0
-1.2189,-0.38373,0.0
-1.2189,-0.36115,0.0
-1.2189,-0.33858,0.0
-1.2189,-0.31601,0.0
-1.2189,-0.29344,0.0
-1.2189,-0.27087,0.0
-1.2189,-0.24829,0.0
-1.2189,-0.22572,0.0
-1.2189,-0.20315,0.0
-1.2189,-0.18058,0.0
-1.2189,-0.15801,0.0
-1.2189,-0.13543,0.0
-1.2189,-0.11286,0.0
-1.2189,-0.09029,0.0
-1.2189,-0.06772,0.0
-1.2189,-0.04514,0.0
-1.2189,-0.02257,0.0
-1.2189,0,0.0
-1.2189,0.02257,0.0
-1.2189,0.04514,0.0
-1.2189,0.06772,0.0
-1.2189,0.09029,0.0
-1.2189,0.11286,0.0
-1.2189,0.13543,0.0
-1.2189,0.15801,0.0
-1.2189,0.18058,0.0
-1.2189,0.20315,0.0
-1.2189,0.22572,0.0
-1.2189,0.24829,0.0
-1.2189,0.27087,0.0
-1.2189,0.29344,0.0
-1.2189,0.31601,0.0
-1.2189,0.33858,0.0
-1.2189,0.36115,0.0
-1.2189,0.38373,0.0
-1.2189,0.4063,0.0
-1.2189,0.42887,0.0
-1.2189,0.45144,0.0
-1.2189,0.47402,0.0
-1.2189,0.49659,0.0
-1.2189,0.51916,0.0
-1.2189,0.54173,0.0
-1.2189,0.5643,0.0
-1.2189,0.58688,0.0
-1.2189,0.60945,0.0
-1.2189,0.63202,0.0
-1.2189,0.65459,0.0
-1.2189,0.67717,0.0
-1.2189,0.69974,0.0
-1.2189,0.72231,0.0
-1.2189,0.74488,0.0
-1.2189,0.76745,0.0
-1.2189,0.79003,0.0
-1.19633,-0.79003,0.0
-1.19633,-0.76745,0.0
-1.19633,-0.74488,0.0
-1.19633,-0.72231,0.0
-1.19633,-0.69974,0.0
-1.19633,-0.67717,0.0
-1.19633,-0.65459,0.0
-1.19633,-0.63202,0.0
-1.19633,-0.60945,0.0
-1.19633,-0.58688,0.0
-1.19633,-0.5643,0.0
-1.19633,-0.54173,0.0
-1.19633,-0.51916,0.0
-1.19633,-0.49659,0.0
-1.19633,-0.47402,0.0
-1.19633,-0.45144,0.0
-1.19633,-0.42887,0.0
-1.19633,-0.4063,0.0
-1.19633,-0.38373,0.0
-1.19633,-0.36115,0.0
-1.19633,-0.33858,0.0
-1.19633,-0.31601,0.0
-1.19633,-0.29344,0.0
-1.19633,-0.27087,0.0
-1.19633,-0.24829,0.0
-1.19633,-0.22572,0.0
-1.19633,-0.20315,0.0
-1.19633,-0.18058,0.0
-1.19633,-0.15801,0.0
-1.19633,-0.13543,0.0
-1.19633,-0.11286,0.0
-1.19633,-0.09029,0.0
-1.19633,-0.06772,0.0
-1.19633,-0.04514,0.0
-1.19633,-0.02257,0.0
-1.19633,0,0.0
-1.19633,0.02257,0.0
-1.19633,0.04514,0.0
-1.19633,0.06772,0.0
-1.19633,0.09029,0.0
-1.19633,0.11286,0.0
-1.19633,0.13543,0.0
-1.19633,0.15801,0.0
-1.19633,0.18058,0.0
-1.19633,0.20315,0.0
-1.19633,0.22572,0.0
-1.19633,0.24829,0.0
-1.19633,0.27087,0.0
-1.19633,0.29344,0.0
-1.19633,0.31601,0.0
-1.19633,0.33858,0.0
-1.19633,0.36115,0.0
-1.19633,0.38373,0.0
-1.19633,0.4063,0.0
-1.19633,0.42887,0.0
-1.19633,0.45144,0.0
-1.19633,0.47402,0.0
-1.19633,0.49659,0.0
-1.19633,0.51916,0.0
-1.19633,0.54173,0.0
-1.19633,0.5643,0.0
-1.19633,0.58688,0.0
-1.19633,0.60945,0.0
-1.19633,0.63202,0.0
-1.19633,0.65459,0.0
-1.19633,0.67717,0.0
-1.19633,0.69974,0.0
-1.19633,0.72231,0.0
-1.19633,0.74488,0.0
-1.19633,0.76745,0.0
-1.19633,0.79003,0.0
-1.17375,-0.79003,0.0
-1.17375,-0.76745,0.0
-1.17375,-0.74488,0.0
-1.17375,-0.72231,0.0
-1.17375,-0.69974,0.0
-1.17375,-0.67717,0.0
-1.17375,-0.65459,0.0
-1.17375,-0.63202,0.0
-1.17375,-0.60945,0.0
-1.17375,-0.58688,0.0
-1.17375,-0.5643,0.0
-1.17375,-0.54173,0.0
-1.17375,-0.51916,0.0
-1.17375,-0.49659,0.0
-1.17375,-0.47402,0.0
-1.17375,-0.45144,0.0
-1.17375,-0.42887,0.0
-1.17375,-0.4063,0.0
-1.17375,-0.38373,0.0
-1.17375,-0.36115,0.0
-1.17375,-0.33858,0.0
-1.17375,-0.31601,0.0
-1.17375,-0.29344,0.0
-1.17375,-0.27087,0.0
-1.17375,-0.24829,0.0
-1.17375,-0.22572,0.0
-1.17375,-0.20315,0.0
-1.17375,-0.18058,0.0
-1.17375,-0.15801,0.0
-1.17375,-0.13543,0.0
-1.17375,-0.11286,0.0
-1.17375,-0.09029,0.0
-1.17375,-0.06772,0.0
-1.17375,-0.04514,0.0
-1.17375,-0.02257,0.0
-1.17375,0,0.0
-1.17375,0.02257,0.0
-1.17375,0.04514,0.0
-1.17375,0.06772,0.0
-1.17375,0.09029,0.0
-1.17375,0.11286,0.0
-1.17375,0.13543,0.0
-1.17375,0.15801,0.0
-1.17375,0.18058,0.0
-1.17375,0.20315,0.0
-1.17375,0.22572,0.0
-1.17375,0.24829,0.0
-1.17375,0.27087,0.0
-1.17375,0.29344,0.0
-1.17375,0.31601,0.0
-1.17375,0.33858,0.0
-1.17375,0.36115,0.0
-1.17375,0.38373,0.0
-1.17375,0.4063,0.0
-1.17375,0.42887,0.0
-1.17375,0.45144,0.0
-1.17375,0.47402,0.0
-1.17375,0.49659,0.0
-1.17375,0.51916,0.0
-1.17375,0.54173,0.0
-1.17375,0.5643,0.0
-1.17375,0.58688,0.0
-1.17375,0.60945,0.0
-1.17375,0.63202,0.0
-1.17375,0.65459,0.0
-1.17375,0.67717,0.0
-1.17375,0.69974,0.0
-1.17375,0.72231,0.0
-1.17375,0.74488,0.0
-1.17375,0.76745,0.0
-1.17375,0.79003,0.0
-1.15118,-0.79003,0.0
-1.15118,-0.76745,0.0
-1.15118,-0.74488,0.0
-1.15118,-0.72231,0.0
-1.15118,-0.69974,0.0
-1.15118,-0.67717,0.0
-1.15118,-0.65459,0.0
-1.15118,-0.63202,0.0
-1.15118,-0.60945,0.0
-1.15118,-0.58688,0.0
-1.15118,-0.5643,0.0
-1.15118,-0.54173,0.0
-1.15118,-0.51916,0.0
-1.15118,-0.49659,0.0
-1.15118,-0.47402,0.0
-1.15118,-0.45144,0.0
-1.15118,-0.42887,0.0
-1.15118,-0.4063,0.0
-1.15118,-0.38373,0.0
-1.15118,-0.36115,0.0
-1.15118,-0.33858,0.0
-1.15118,-0.31601,0.0
-1.15118,-0.29344,0.0
-1.15118,-0.27087,0.0
-1.15118,-0.24829,0.0
-1.15118,-0.22572,0.0
-1.15118,-0.20315,0.0
-1.15118,-0.18058,0.0
-1.15118,-0.15801,0.0
-1.15118,-0.13543,0.0
-1.15118,-0.11286,0.0
-1.15118,-0.09029,0.0
-1.15118,-0.06772,0.0
-1.15118,-0.04514,0.0
-1.15118,-0.02257,0.0
-1.15118,0,0.0
-1.15118,0.02257,0.0
-1.15118,0.04514,0.0
-1.15118,0.06772,0.0
-1.15118,0.09029,0.0
-1.15118,0.11286,0.0
-1.15118,0.13543,0.0
-1.15118,0.15801,0.0
-1.15118,0.18058,0.0
-1.15118,0.20315,0.0
-1.15118,0.22572,0.0
-1.15118,0.24829,0.0
-1.15118,0.27087,0.0
-1.15118,0.29344,0.0
-1.15118,0.31601,0.0
-1.15118,0.33858,0.0
-1.15118,0.36115,0.0
-1.15118,0.38373,0.0
-1.15118,0.4063,0.0
-1.15118,0.42887,0.0
-1.15118,0.45144,0.0
-1.15118,0.47402,0.0
-1.15118,0.49659,0.0
-1.15118,0.51916,0.0
-1.15118,0.54173,0.0
-1.15118,0.5643,0.0
-1.15118,0.58688,0.0
-1.15118,0.60945,0.0
-1.15118,0.63202,0.0
-1.15118,0.65459,0.0
-1.15118,0.67717,0.0
-1.15118,0.69974,0.0
-1.15118,0.72231,0.0
-1.15118,0.74488,0.0
-1.15118,0.76745,0.0
-1.15118,0.79003,0.0
-1.12861,-0.79003,0.0
-1.12861,-0.76745,0.0
-1.12861,-0.74488,0.0
-1.12861,-0.72231,0.0
-1.12861,-0.69974,0.0
-1.12861,-0.67717,0.0
-1.12861,-0.65459,0.0
-1.12861,-0.63202,0.0
-1.12861,-0.60945,0.0
-1.12861,-0.58688,0.0
-1.12861,-0.5643,0.0
-1.12861,-0.54173,0.0
-1.12861,-0.51916,0.0
-1.12861,-0.49659,0.0
-1.12861,-0.47402,0.0
-1.12861,-0.45144,0.0
-1.12861,-0.42887,0.0
-1.12861,-0.4063,0.0
-1.12861,-0.38373,0.0
-1.12861,-0.36115,0.0
-1.12861,-0.33858,0.0
-1.12861,-0.31601,0.0
-1.12861,-0.29344,0.0
-1.12861,-0.27087,0.0
-1.12861,-0.24829,0.0
-1.12861,-0.22572,0.0
-1.12861,-0.20315,0.0
-1.12861,-0.18058,0.0
-1.12861,-0.15801,0.0
-1.12861,-0.13543,0.0
-1.12861,-0.11286,0.0
-1.12861,-0.09029,0.0
-1.12861,-0.06772,0.0
-1.12861,-0.04514,0.0
-1.12861,-0.02257,0.0
-1.12861,0,0.0
-1.12861,0.02257,0.0
-1.12861,0.04514,0.0
-1.12861,0.06772,0.0
-1.12861,0.09029,0.0
-1.12861,0.11286,0.0
-1.12861,0.13543,0.0
-1.12861,0.15801,0.0
-1.12861,0.18058,0.0
-1.12861,0.20315,0.0
-1.12861,0.22572,0.0
-1.12861,0.24829,0.0
-1.12861,0.27087,0.0
-1.12861,0.29344,0.0
-1.12861,0.31601,0.0
-1.12861,0.33858,0.0
-1.12861,0.36115,0.0
-1.12861,0.38373,0.0
-1.12861,0.4063,0.0
-1.12861,0.42887,0.0
-1.12861,0.45144,0.0
-1.12861,0.47402,0.0
-1.12861,0.49659,0.0
-1.12861,0.51916,0.0
-1.12861,0.54173,0.0
-1.12861,0.5643,0.0
-1.12861,0.58688,0.0
-1.12861,0.60945,0.0
-1.12861,0.63202,0.0
-1.12861,0.65459,0.0
-1.12861,0.67717,0.0
-1.12861,0.69974,0.0
-1.12861,0.72231,0.0
-1.12861,0.74488,0.0
-1.12861,0.76745,0.0
-1.12861,0.79003,0.0
-1.10604,-0.79003,0.0
-1.10604,-0.76745,0.0
-1.10604,-0.74488,0.0
-1.10604,-0.72231,0.0
-1.10604,-0.69974,0.0
-1.10604,-0.67717,0.0
-1.10604,-0.65459,0.0
-1.10604,-0.63202,0.0
-1.10604,-0.60945,0.0
-1.10604,-0.58688,0.0
-1.10604,-0.5643,0.0
-1.10604,-0.54173,0.0
-1.10604,-0.51916,0.0
-1.10604,-0.49659,0.0
-1.10604,-0.47402,0.0
-1.10604,-0.45144,0.0
-1.10604,-0.42887,0.0
-1.10604,-0.4063,0.0
-1.10604,-0.38373,0.0
-1.10604,-0.36115,0.0
-1.10604,-0.33858,0.0
-1.10604,-0.31601,0.0
-1.10604,-0.29344,0.0
-1.10604,-0.27087,0.0
-1.10604,-0.24829,0.0
-1.10604,-0.22572,0.0
-1.10604,-0.20315,0.0
-1.10604,-0.18058,0.0
-1.10604,-0.15801,0.0
-1.10604,-0.13543,0.0
-1.10604,-0.11286,0.0
-1.10604,-0.09029,0.0
-1.10604,-0.06772,0.0
-1.10604,-0.04514,0.0
-1.10604,-0.02257,0.0
-1.10604,0,0.0
-1.10604,0.02257,0.0
-1.10604,0.04514,0.0
-1.10604,0.06772,0.0
-1.10604,0.09029,0.0
-1.10604,0.11286,0.0
-1.10604,0.13543,0.0
-1.10604,0.15801,0.0
-1.10604,0.18058,0.0
-1.10604,0.20315,0.0
-1.10604,0.22572,0.0
-1.10604,0.24829,0.0
-1.10604,0.27087,0.0
-1.10604,0.29344,0.0
-1.10604,0.31601,0.0
-1.10604,0.33858,0.0
-1.10604,0.36115,0.0
-1.10604,0.38373,0.0
-1.10604,0.4063,0.0
-1.10604,0.42887,0.0
-1.10604,0.45144,0.0
-1.10604,0.47402,0.0
-1.10604,0.49659,0.0
-1.10604,0.51916,0.0
-1.10604,0.54173,0.0
-1.10604,0.5643,0.0
-1.10604,0.58688,0.0
-1.10604,0.60945,0.0
-1.10604,0.63202,0.0
-1.10604,0.65459,0.0
-1.10604,0.67717,0.0
-1.10604,0.69974,0.0
-1.10604,0.72231,0.0
-1.10604,0.74488,0.0
-1.10604,0.76745,0.0
-1.10604,0.79003,0.0
-1.08346,-0.79003,0.0
-1.08346,-0.76745,0.0
-1.08346,-0.74488,0.0
-1.08346,-0.72231,0.0
-1.08346,-0.69974,0.0
-1.08346,-0.67717,0.0
-1.08346,-0.65459,0.0
-1.08346,-0.63202,0.0
-1.08346,-0.60945,0.0
-1.08346,-0.58688,0.0
-1.08346,-0.5643,0.0
-1.08346,-0.54173,0.0
-1.08346,-0.51916,0.0
-1.08346,-0.49659,0.0
-1.08346,-0.47402,0.0
-1.08346,-0.45144,0.0
-1.08346,-0.42887,0.0
-1.08346,-0.4063,0.0
-1.08346,-0.38373,0.0
-1.08346,-0.36115,0.0
-1.08346,-0.33858,0.0
-1.08346,-0.31601,0.0
-1.08346,-0.29344,0.0
-1.08346,-0.27087,0.0
-1.08346,-0.24829,0.0
-1.08346,-0.22572,0.0
-1.08346,-0.20315,0.0
-1.08346,-0.18058,0.0
-1.08346,-0.15801,0.0
-1.08346,-0.13543,0.0
-1.08346,-0.11286,0.0
-1.08346,-0.09029,0.0
-1.08346,-0.06772,0.0
-1.08346,-0.04514,0.0
-1.08346,-0.02257,0.0
-1.08346,0,0.0
-1.08346,0.02257,0.0
-1.08346,0.04514,0.0
-1.08346,0.06772,0.0
-1.08346,0.09029,0.0
-1.08346,0.11286,0.0
-1.08346,0.13543,0.0
-1.08346,0.15801,0.0
-1.08346,0.18058,0.0
-1.08346,0.20315,0.0
-1.08346,0.22572,0.0
-1.08346,0.24829,0.0
-1.08346,0.27087,0.0
-1.08346,0.29344,0.0
-1.08346,0.31601,0.0
-1.08346,0.33858,0.0
-1.08346,0.36115,0.0
-1.08346,0.38373,0.0
-1.08346,0.4063,0.0
-1.08346,0.42887,0.0
-1.08346,0.45144,0.0
-1.08346,0.47402,0.0
-1.08346,0.49659,0.0
-1.08346,0.51916,0.0
-1.08346,0.54173,0.0
-1.08346,0.5643,0.0
-1.08346,0.58688,0.0
-1.08346,0.60945,0.0
-1.08346,0.63202,0.0
-1.08346,0.65459,0.0
-1.08346,0.67717,0.0
-1.08346,0.69974,0.0
-1.08346,0.72231,0.0
-1.08346,0.74488,0.0
-1.08346,0.76745,0.0
-1.08346,0.79003,0.0
-1.06089,-0.79003,0.0
-1.06089,-0.76745,0.0
-1.06089,-0.74488,0.0
-1.06089,-0.72231,0.0
-1.06089,-0.69974,0.0
-1.06089,-0.67717,0.0
-1.06089,-0.65459,0.0
-1.06089,-0.63202,0.0
-1.06089,-0.60945,0.0
-1.06089,-0.58688,0.0
-1.06089,-0.5643,0.0
-1.06089,-0.54173,0.0
-1.06089,-0.51916,0.0
-1.06089,-0.49659,0.0
-1.06089,-0.47402,0.0
-1.06089,-0.45144,0.0
-1.06089,-0.42887,0.0
-1.06089,-0.4063,0.0
-1.06089,-0.38373,0.0
-1.06089,-0.36115,0.0
-1.06089,-0.33858,0.0
-1.06089,-0.31601,0.0
-1.06089,-0.29344,0.0
-1.06089,-0.27087,0.0
-1.06089,-0.24829,0.0
-1.06089,-0.22572,0.0
-1.06089,-0.20315,0.0
-1.06089,-0.18058,0.0
-1.06089,-0.15801,0.0
-1.06089,-0.13543,0.0
-1.06089,-0.11286,0.0
-1.06089,-0.09029,0.0
-1.06089,-0.06772,0.0
-1.06089,-0.04514,0.0
-1.06089,-0.02257,0.0
-1.06089,0,0.0
-1.06089,0.02257,0.0
-1.06089,0.04514,0.0
-1.06089,0.06772,0.0
-1.06089,0.09029,0.0
-1.06089,0.11286,0.0
-1.06089,0.13543,0.0
-1.06089,0.15801,0.0
-1.06089,0.18058,0.0
-1.06089,0.20315,0.0
-1.06089,0.22572,0.0
-1.06089,0.24829,0.0
-1.06089,0.27087,0.0
-1.06089,0.29344,0.0
-1.06089,0.31601,0.0
-1.06089,0.33858,0.0
-1.06089,0.36115,0.0
-1.06089,0.38373,0.0
-1.06089,0.4063,0.0
-1.06089,0.42887,0.0
-1.06089,0.45144,0.0
-1.06089,0.47402,0.0
-1.06089,0.49659,0.0
-1.06089,0.51916,0.0
-1.06089,0.54173,0.0
-1.06089,0.5643,0.0
-1.06089,0.58688,0.0
-1.06089,0.60945,0.0
-1.06089,0.63202,0.0
-1.06089,0.65459,0.0
-1.06089,0.67717,0.0
-1.06089,0.69974,0.0
-1.06089,0.72231,0.0
-1.06089,0.74488,0.0
-1.06089,0.76745,0.0
-1.06089,0.79003,0.0
-1.03832,-0.79003,0.0
-1.03832,-0.76745,0.0
-1.03832,-0.74488,0.0
-1.03832,-0.72231,0.0
-1.03832,-0.69974,0.0
-1.03832,-0.67717,0.0
-1.03832,-0.65459,0.0
-1.03832,-0.63202,0.0
-1.03832,-0.60945,0.0
-1.03832,-0.58688,0.0
-1.03832,-0.5643,0.0
-1.03832,-0.54173,0.0
-1.03832,-0.51916,0.0
-1.03832,-0.49659,0.0
-1.03832,-0.47402,0.0
-1.03832,-0.45144,0.0
-1.03832,-0.42887,0.0
-1.03832,-0.4063,0.0
-1.03832,-0.38373,0.0
-1.03832,-0.36115,0.0
-1.03832,-0.33858,0.0
-1.03832,-0.31601,0.0
-1.03832,-0.29344,0.0
-1.03832,-0.27087,0.0
-1.03832,-0.24829,0.0
-1.03832,-0.22572,0.0
-1.03832,-0.20315,0.0
-1.03832,-0.18058,0.0
-1.03832,-0.15801,0.0
-1.03832,-0.13543,0.0
-1.03832,-0.11286,0.0
-1.03832,-0.09029,0.0
-1.03832,-0.06772,0.0
-1.03832,-0.04514,0.0
-1.03832,-0.02257,0.0
-1.03832,0,0.0
-1.03832,0.02257,0.0
-1.03832,0.04514,0.0
-1.03832,0.06772,0.0
-1.03832,0.09029,0.0
-1.03832,0.11286,0.0
-1.03832,0.13543,0.0
-1.03832,0.15801,0.0
-1.03832,0.18058,0.0
-1.03832,0.20315,0.0
-1.03832,0.22572,0.0
-1.03832,0.24829,0.0
-1.03832,0.27087,0.0
-1.03832,0.29344,0.0
-1.03832,0.31601,0.0
-1.03832,0.33858,0.0
-1.03832,0.36115,0.0
-1.03832,0.38373,0.0
-1.03832,0.4063,0.0
-1.03832,0.42887,0.0
-1.03832,0.45144,0.0
-1.03832,0.47402,0.0
-1.03832,0.49659,0.0
-1.03832,0.51916,0.0
-1.03832,0.54173,0.0
-1.03832,0.5643,0.0
-1.03832,0.58688,0.0
-1.03832,0.60945,0.0
-1.03832,0.63202,0.0
-1.03832,0.65459,0.0
-1.03832,0.67717,0.0
-1.03832,0.69974,0.0
-1.03832,0.72231,0.0
-1.03832,0.74488,0.0
-1.03832,0.76745,0.0
-1.03832,0.79003,0.0
-1.01575,-0.79003,0.0
-1.01575,-0.76745,0.0
-1.01575,-0.74488,0.0
-1.01575,-0.72231,0.0
-1.01575,-0.69974,0.0
-1.01575,-0.67717,0.0
-1.01575,-0.65459,0.0
-1.01575,-0.63202,0.0
-1.01575,-0.60945,0.0
-1.01575,-0.58688,0.0
-1.01575,-0.5643,0.0
-1.01575,-0.54173,0.0
-1.01575,-0.51916,0.0
-1.01575,-0.49659,0.0
-1.01575,-0.47402,0.0
-1.01575,-0.45144,0.0
-1.01575,-0.42887,0.0
-1.01575,-0.4063,0.0
-1.01575,-0.38373,0.0
-1.01575,-0.36115,0.0
-1.01575,-0.33858,0.0
-1.01575,-0.31601,0.0
-1.01575,-0.29344,0.0
-1.01575,-0.27087,0.0
-1.01575,-0.24829,0.0
-1.01575,-0.22572,0.0
-1.01575,-0.20315,0.0
-1.01575,-0.18058,0.0
-1.01575,-0.15801,0.0
-1.01575,-0.13543,0.0
-1.01575,-0.11286,0.0
-1.01575,-0.09029,0.0
-1.01575,-0.06772,0.0
-1.01575,-0.04514,0.0
-1.01575,-0.02257,0.0
-1.01575,0,0.0
-1.01575,0.02257,0.0
-1.01575,0.04514,0.0
-1.01575,0.06772,0.0
-1.01575,0.09029,0.0
-1.01575,0.11286,0.0
-1.01575,0.13543,0.0
-1.01575,0.15801,0.0
-1.01575,0.18058,0.0
-1.01575,0.20315,0.0
-1.01575,0.22572,0.0
-1.01575,0.24829,0.0
-1.01575,0.27087,0.0
-1.01575,0.29344,0.0
-1.01575,0.31601,0.0
-1.01575,0.33858,0.0
-1.01575,0.36115,0.0
-1.01575,0.38373,0.0
-1.01575,0.4063,0.0
-1.01575,0.42887,0.0
-1.01575,0.45144,0.0
-1.01575,0.47402,0.0
-1.01575,0.49659,0.0
-1.01575,0.51916,0.0
-1.01575,0.54173,0.0
-1.01575,0.5643,0.0
-1.01575,0.58688,0.0
-1.01575,0.60945,0.0
-1.01575,0.63202,0.0
-1.01575,0.65459,0.0
-1.01575,0.67717,0.0
-1.01575,0.69974,0.0
-1.01575,0.72231,0.0
-1.01575,0.74488,0.0
-1.01575,0.76745,0.0
-1.01575,0.79003,0.0
-0.99318,-0.79003,0.0
-0.99318,-0.76745,0.0
-0.99318,-0.74488,0.0
-0.99318,-0.72231,0.0
-0.99318,-0.69974,0.0
-0.99318,-0.67717,0.0
-0.99318,-0.65459,0.0
-0.99318,-0.63202,0.0
-0.99318,-0.60945,0.0
-0.99318,-0.58688,0.0
-0.99318,-0.5643,0.0
-0.99318,-0.54173,0.0
-0.99318,-0.51916,0.0
-0.99318,-0.49659,0.0
-0.99318,-0.47402,0.0
-0.99318,-0.45144,0.0
-0.99318,-0.42887,0.0
-0.99318,-0.4063,0.0
-0.99318,-0.38373,0.0
-0.99318,-0.36115,0.0
-0.99318,-0.33858,0.0
-0.99318,-0.31601,0.0
-0.99318,-0.29344,0.0
-0.99318,-0.27087,0.0
-0.99318,-0.24829,0.0
-0.99318,-0.22572,0.0
-0.99318,-0.20315,0.0
-0.99318,-0.18058,0.0
-0.99318,-0.15801,0.0
-0.99318,-0.13543,0.0
-0.99318,-0.11286,0.0
-0.99318,-0.09029,0.0
-0.99318,-0.06772,0.0
-0.99318,-0.04514,0.0
-0.99318,-0.02257,0.0
-0.99318,0,0.0
-0.99318,0.02257,0.0
-0.99318,0.04514,0.0
-0.99318,0.06772,0.0
-0.99318,0.09029,0.0
-0.99318,0.11286,0.0
-0.99318,0.13543,0.0
-0.99318,0.15801,0.0
-0.99318,0.18058,0.0
-0.99318,0.20315,0.0
-0.99318,0.22572,0.0
-0.99318,0.24829,0.0
-0.99318,0.27087,0.0
-0.99318,0.29344,0.0
-0.99318,0.31601,0.0
-0.99318,0.33858,0.0
-0.99318,0.36115,0.0
-0.99318,0.38373,0.0
-0.99318,0.4063,0.0
-0.99318,0.42887,0.0
-0.99318,0.45144,0.0
-0.99318,0.47402,0.0
-0.99318,0.49659,0.0
-0.99318,0.51916,0.0
-0.99318,0.54173,0.0
-0.99318,0.5643,0.0
-0.99318,0.58688,0.0
-0.99318,0.60945,0.0
-0.99318,0.63202,0.0
-0.99318,0.65459,0.0
-0.99318,0.67717,0.0
-0.99318,0.69974,0.0
-0.99318,0.72231,0.0
-0.99318,0.74488,0.0
-0.99318,0.76745,0.0
-0.99318,0.79003,0.0
-0.9706,-0.79003,0.0
-0.9706,-0.76745,0.0
-0.9706,-0.74488,0.0
-0.9706,-0.72231,0.0
-0.9706,-0.69974,0.0
-0.9706,-0.67717,0.0
-0.9706,-0.65459,0.0
-0.9706,-0.63202,0.0
-0.9706,-0.60945,0.0
-0.9706,-0.58688,0.0
-0.9706,-0.5643,0.0
-0.9706,-0.54173,0.0
-0.9706,-0.51916,0.0
-0.9706,-0.49659,0.0
-0.9706,-0.47402,0.0
-0.9706,-0.45144,0.0
-0.9706,-0.42887,0.0
-0.9706,-0.4063,0.0
-0.9706,-0.38373,0.0
-0.9706,-0.36115,0.0
-0.9706,-0.33858,0.0
-0.9706,-0.31601,0.0
-0.9706,-0.29344,0.0
-0.9706,-0.27087,0.0
-0.9706,-0.24829,0.0
-0.9706,-0.22572,0.0
-0.9706,-0.20315,0.0
-0.9706,-0.18058,0.0
-0.9706,-0.15801,0.0
-0.9706,-0.13543,0.0
-0.9706,-0.11286,0.0
-0.9706,-0.09029,0.0
-0.9706,-0.06772,0.0
-0.9706,-0.04514,0.0
-0.9706,-0.02257,0.0
-0.9706,0,0.0
-0.9706,0.02257,0.0
-0.9706,0.04514,0.0
-0.9706,0.06772,0.0
-0.9706,0.09029,0.0
-0.9706,0.11286,0.0
-0.9706,0.13543,0.0
-0.9706,0.15801,0.0
-0.9706,0.18058,0.0
-0.9706,0.20315,0.0
-0.9706,0.22572,0.0
-0.9706,0.24829,0.0
-0.9706,0.27087,0.0
-0.9706,0.29344,0.0
-0.9706,0.31601,0.0
-0.9706,0.33858,0.0
-0.9706,0.36115,0.0
-0.9706,0.38373,0.0
-0.9706,0.4063,0.0
-0.9706,0.42887,0.0
-0.9706,0.45144,0.0
-0.9706,0.47402,0.0
-0.9706,0.49659,0.0
-0.9706,0.51916,0.0
-0.9706,0.54173,0.0
-0.9706,0.5643,0.0
-0.9706,0.58688,0.0
-0.9706,0.60945,0.0
-0.9706,0.63202,0.0
-0.9706,0.65459,0.0
-0.9706,0.67717,0.0
-0.9706,0.69974,0.0
-0.9706,0.72231,0.0
-0.9706,0.74488,0.0
-0.9706,0.76745,0.0
-0.9706,0.79003,0.0
-0.94803,-0.79003,0.0
-0.94803,-0.76745,0.0
-0.94803,-0.74488,0.0
-0.94803,-0.72231,0.0
-0.94803,-0.69974,0.0
-0.94803,-0.67717,0.0
-0.94803,-0.65459,0.0
-0.94803,-0.63202,0.0
-0.94803,-0.60945,0.0
-0.94803,-0.58688,0.0
-0.94803,-0.5643,0.0
-0.94803,-0.54173,0.0
-0.94803,-0.51916,0.0
-0.94803,-0.49659,0.0
-0.94803,-0.47402,0.0
-0.94803,-0.45144,0.0
-0.94803,-0.42887,0.0
-0.94803,-0.4063,0.0
-0.94803,-0.38373,0.0
-0.94803,-0.36115,0.0
-0.94803,-0.33858,0.0
-0.94803,-0.31601,0.0
-0.94803,-0.29344,0.0
-0.94803,-0.27087,0.0
-0.94803,-0.24829,0.0
-0.94803,-0.22572,0.0
-0.94803,-0.20315,0.0
-0.94803,-0.18058,0.0
-0.94803,-0.15801,0.0
-0.94803,-0.13543,0.0
-0.94803,-0.11286,0.0
-0.94803,-0.09029,0.0
-0.94803,-0.06772,0.0
-0.94803,-0.04514,0.0
-0.94803,-0.02257,0.0
-0.94803,0,0.0
-0.94803,0.02257,0.0
-0.94803,0.04514,0.0
-0.94803,0.06772,0.0
-0.94803,0.09029,0.0
-0.94803,0.11286,0.0
-0.94803,0.13543,0.0
-0.94803,0.15801,0.0
-0.94803,0.18058,0.0
-0.94803,0.20315,0.0
-0.94803,0.22572,0.0
-0.94803,0.24829,0.0
-0.94803,0.27087,0.0
-0.94803,0.29344,0.0
-0.94803,0.31601,0.0
-0.94803,0.33858,0.0
-0.94803,0.36115,0.0
-0.94803,0.38373,0.0
-0.94803,0.4063,0.0
-0.94803,0.42887,0.0
-0.94803,0.45144,0.0
-0.94803,0.47402,0.0
-0.94803,0.49659,0.0
-0.94803,0.51916,0.0
-0.94803,0.54173,0.0
-0.94803,0.5643,0.0
-0.94803,0.58688,0.0
-0.94803,0.60945,0.0
-0.94803,0.63202,0.0
-0.94803,0.65459,0.0
-0.94803,0.67717,0.0
-0.94803,0.69974,0.0
-0.94803,0.72231,0.0
-0.94803,0.74488,0.0
-0.94803,0.76745,0.0
-0.94803,0.79003,0.0
-0.92546,-0.79003,0.0
-0.92546,-0.76745,0.0
-0.92546,-0.74488,0.0
-0.92546,-0.72231,0.0
-0.92546,-0.69974,0.0
-0.92546,-0.67717,0.0
-0.92546,-0.65459,0.0
-0.92546,-0.63202,0.0
-0.92546,-0.60945,0.0
-0.92546,-0.58688,0.0
-0.92546,-0.5643,0.0
-0.92546,-0.54173,0.0
-0.92546,-0.51916,0.0
-0.92546,-0.49659,0.0
-0.92546,-0.47402,0.0
-0.92546,-0.45144,0.0
-0.92546,-0.42887,0.0
-0.92546,-0.4063,0.0
-0.92546,-0.38373,0.0
-0.92546,-0.36115,0.0
-0.92546,-0.33858,0.0
-0.92546,-0.31601,0.0
-0.92546,-0.29344,0.0
-0.92546,-0.27087,0.0
-0.92546,-0.24829,0.0
-0.92546,-0.22572,0.0
-0.92546,-0.20315,0.0
-0.92546,-0.18058,0.0
-0.92546,-0.15801,0.0
-0.92546,-0.13543,0.0
-0.92546,-0.11286,0.0
-0.92546,-0.09029,0.0
-0.92546,-0.06772,0.0
-0.92546,-0.04514,0.0
-0.92546,-0.02257,0.0
-0.92546,0,0.0
-0.92546,0.02257,0.0
-0.92546,0.04514,0.0
-0.92546,0.06772,0.0
-0.92546,0.09029,0.0
-0.92546,0.11286,0.0
-0.92546,0.13543,0.0
-0.92546,0.15801,0.0
-0.92546,0.18058,0.0
-0.92546,0.20315,0.0
-0.92546,0.22572,0.0
-0.92546,0.24829,0.0
-0.92546,0.27087,0.0
-0.92546,0.29344,0.0
-0.92546,0.31601,0.0
-0.92546,0.33858,0.0
-0.92546,0.36115,0.0
-0.92546,0.38373,0.0
-0.92546,0.4063,0.0
-0.92546,0.42887,0.0
-0.92546,0.45144,0.0
-0.92546,0.47402,0.0
-0.92546,0.49659,0.0
-0.92546,0.51916,0.0
-0.92546,0.54173,0.0
-0.92546,0.5643,0.0
-0.92546,0.58688,0.0
-0.92546,0.60945,0.0
-0.92546,0.63202,0.0
-0.92546,0.65459,0.0
-0.92546,0.67717,0.0
-0.92546,0.69974,0.0
-0.92546,0.72231,0.0
-0.92546,0.74488,0.0
-0.92546,0.76745,0.0
-0.92546,0.79003,0.0
-0.90289,-0.79003,0.0
-0.90289,-0.76745,0.0
-0.90289,-0.74488,0.0
-0.90289,-0.72231,0.0
-0.90289,-0.69974,0.0
-0.90289,-0.67717,0.0
-0.90289,-0.65459,0.0
-0.90289,-0.63202,0.0
-0.90289,-0.60945,0.0
-0.90289,-0.58688,0.0
-0.90289,-0.5643,0.0
-0.90289,-0.54173,0.0
-0.90289,-0.51916,0.0
-0.90289,-0.49659,0.0
-0.90289,-0.47402,0.0
-0.90289,-0.45144,0.0
-0.90289,-0.42887,0.0
-0.90289,-0.4063,0.0
-0.90289,-0.38373,0.0
-0.90289,-0.36115,0.0
-0.90289,-0.33858,0.0
-0.90289,-0.31601,0.0
-0.90289,-0.29344,0.0
-0.90289,-0.27087,0.0
-0.90289,-0.24829,0.0
-0.90289,-0.22572,0.0
-0.90289,-0.20315,0.0
-0.90289,-0.18058,0.0
-0.90289,-0.15801,0.0
-0.90289,-0.13543,0.0
-0.90289,-0.11286,0.0
-0.90289,-0.09029,0.0
-0.90289,-0.06772,0.0
-0.90289,-0.04514,0.0
-0.90289,-0.02257,0.0
-0.90289,0,0.0
-0.90289,0.02257,0.0
-0.90289,0.04514,0.0
-0.90289,0.06772,0.0
-0.90289,0.09029,0.0
-0.90289,0.11286,0.0
-0.90289,0.13543,0.0
-0.90289,0.15801,0.0
-0.90289,0.18058,0.0
-0.90289,0.20315,0.0
-0.90289,0.22572,0.0
-0.90289,0.24829,0.0
-0.90289,0.27087,0.0
-0.90289,0.29344,0.0
-0.90289,0.31601,0.0
-0.90289,0.33858,0.0
-0.90289,0.36115,0.0
-0.90289,0.38373,0.0
-0.90289,0.4063,0.0
-0.90289,0.42887,0.0
-0.90289,0.45144,0.0
-0.90289,0.47402,0.0
-0.90289,0.49659,0.0
-0.90289,0.51916,0.0
-0.90289,0.54173,0.0
-0.90289,0.5643,0.0
-0.90289,0.58688,0.0
-0.90289,0.60945,0.0
-0.90289,0.63202,0.0
-0.90289,0.65459,0.0
-0.90289,0.67717,0.0
-0.90289,0.69974,0.0
-0.90289,0.72231,0.0
-0.90289,0.74488,0.0
-0.90289,0.76745,0.0
-0.90289,0.79003,0.0
-0.88032,-0.79003,0.0
-0.88032,-0.76745,0.0
-0.88032,-0.74488,0.0
-0.88032,-0.72231,0.0
-0.88032,-0.69974,0.0
-0.88032,-0.67717,0.0
-0.88032,-0.65459,0.0
-0.88032,-0.63202,0.0
-0.88032,-0.60945,0.0
-0.88032,-0.58688,0.0
-0.88032,-0.5643,0.0
-0.88032,-0.54173,0.0
-0.88032,-0.51916,0.0
-0.88032,-0.49659,0.0
-0.88032,-0.47402,0.0
-0.88032,-0.45144,0.0
-0.88032,-0.42887,0.0
-0.88032,-0.4063,0.0
-0.88032,-0.38373,0.0
-0.88032,-0.36115,0.0
-0.88032,-0.33858,0.0
-0.88032,-0.31601,0.0
-0.88032,-0.29344,0.0
-0.88032,-0.27087,0.0
-0.88032,-0.24829,0.0
-0.88032,-0.22572,0.0
-0.88032,-0.20315,0.0
-0.88032,-0.18058,0.0
-0.88032,-0.15801,0.0
-0.88032,-0.13543,0.0
-0.88032,-0.11286,0.0
-0.88032,-0.09029,0.0
-0.88032,-0.06772,0.0
-0.88032,-0.04514,0.0
-0.88032,-0.02257,0.0
-0.88032,0,0.0
-0.88032,0.02257,0.0
-0.88032,0.04514,0.0
-0.88032,0.06772,0.0
-0.88032,0.09029,0.0
-0.88032,0.11286,0.0
-0.88032,0.13543,0.0
-0.88032,0.15801,0.0
-0.88032,0.18058,0.0
-0.88032,0.20315,0.0
-0.88032,0.22572,0.0
-0.88032,0.24829,0.0
-0.88032,0.27087,0.0
-0.88032,0.29344,0.0
-0.88032,0.31601,0.0
-0.88032,0.33858,0.0
-0.88032,0.36115,0.0
-0.88032,0.38373,0.0
-0.88032,0.4063,0.0
-0.88032,0.42887,0.0
-0.88032,0.45144,0.0
-0.88032,0.47402,0.0
-0.88032,0.49659,0.0
-0.88032,0.51916,0.0
-0.88032,0.54173,0.0
-0.88032,0.5643,0.0
-0.88032,0.58688,0.0
-0.88032,0.60945,0.0
-0.88032,0.63202,0.0
-0.88032,0.65459,0.0
-0.88032,0.67717,0.0
-0.88032,0.69974,0.0
-0.88032,0.72231,0.0
-0.88032,0.74488,0.0
-0.88032,0.76745,0.0
-0.88032,0.79003,0.0
-0.85774,-0.79003,0.0
-0.85774,-0.76745,0.0
-0.85774,-0.74488,0.0
-0.85774,-0.72231,0.0
-0.85774,-0.69974,0.0
-0.85774,-0.67717,0.0
-0.85774,-0.65459,0.0
-0.85774,-0.63202,0.0
-0.85774,-0.60945,0.0
-0.85774,-0.58688,0.0
-0.85774,-0.5643,0.0
-0.85774,-0.54173,0.0
-0.85774,-0.51916,0.0
-0.85774,-0.49659,0.0
-0.85774,-0.47402,0.0
-0.85774,-0.45144,0.0
-0.85774,-0.42887,0.0
-0.85774,-0.4063,0.0
-0.85774,-0.38373,0.0
-0.85774,-0.36115,0.0
-0.85774,-0.33858,0.0
-0.85774,-0.31601,0.0
-0.85774,-0.29344,0.0
-0.85774,-0.27087,0.0
-0.85774,-0.24829,0.0
-0.85774,-0.22572,0.0
-0.85774,-0.20315,0.0
-0.85774,-0.18058,0.0
-0.85774,-0.15801,0.0
-0.85774,-0.13543,0.0
-0.85774,-0.11286,0.0
-0.85774,-0.09029,0.0
-0.85774,-0.06772,0.0
-0.85774,-0.04514,0.0
-0.85774,-0.02257,0.0
-0.85774,0,0.0
-0.85774,0.02257,0.0
-0.85774,0.04514,0.0
-0.85774,0.06772,0.0
-0.85774,0.09029,0.0
-0.85774,0.11286,0.0
-0.85774,0.13543,0.0
-0.85774,0.15801,0.0
-0.85774,0.18058,0.0
-0.85774,0.20315,0.0
-0.85774,0.22572,0.0
-0.85774,0.24829,0.0
-0.85774,0.27087,0.0
-0.85774,0.29344,0.0
-0.85774,0.31601,0.0
-0.85774,0.33858,0.0
-0.85774,0.36115,0.0
-0.85774,0.38373,0.0
-0.85774,0.4063,0.0
-0.85774,0.42887,0.0
-0.85774,0.45144,0.0
-0.85774,0.47402,0.0
-0.85774,0.49659,0.0
-0.85774,0.51916,0.0
-0.85774,0.54173,0.0
-0.85774,0.5643,0.0
-0.85774,0.58688,0.0
-0.85774,0.60945,0.0
-0.85774,0.63202,0.0
-0.85774,0.65459,0.0
-0.85774,0.67717,0.0
-0.85774,0.69974,0.0
-0.85774,0.72231,0.0
-0.85774,0.74488,0.0
-0.85774,0.76745,0.0
-0.85774,0.79003,0.0
-0.83517,-0.79003,0.0
-0.83517,-0.76745,0.0
-0.83517,-0.74488,0.0
-0.83517,-0.72231,0.0
-0.83517,-0.69974,0.0
-0.83517,-0.67717,0.0
-0.83517,-0.65459,0.0
-0.83517,-0.63202,0.0
-0.83517,-0.60945,0.0
-0.83517,-0.58688,0.0
-0.83517,-0.5643,0.0
-0.83517,-0.54173,0.0
-0.83517,-0.51916,0.0
-0.83517,-0.49659,0.0
-0.83517,-0.47402,0.0
-0.83517,-0.45144,0.0
-0.83517,-0.42887,0.0
-0.83517,-0.4063,0.0
-0.83517,-0.38373,0.0
-0.83517,-0.36115,0.0
-0.83517,-0.33858,0.0
-0.83517,-0.31601,0.0
-0.83517,-0.29344,0.0
-0.83517,-0.27087,0.0
-0.83517,-0.24829,0.0
-0.83517,-0.22572,0.0
-0.83517,-0.20315,0.0
-0.83517,-0.18058,0.0
-0.83517,-0.15801,0.0
-0.83517,-0.13543,0.0
-0.83517,-0.11286,0.0
-0.83517,-0.09029,0.0
-0.83517,-0.06772,0.0
-0.83517,-0.04514,0.0
-0.83517,-0.02257,0.0
-0.83517,0,0.0
-0.83517,0.02257,0.0
-0.83517,0.04514,0.0
-0.83517,0.06772,0.0
-0.83517,0.09029,0.0
-0.83517,0.11286,0.0
-0.83517,0.13543,0.0
-0.83517,0.15801,0.0
-0.83517,0.18058,0.0
-0.83517,0.20315,0.0
-0.83517,0.22572,0.0
-0.83517,0.24829,0.0
-0.83517,0.27087,0.0
-0.83517,0.29344,0.0
-0.83517,0.31601,0.0
-0.83517,0.33858,0.0
-0.83517,0.36115,0.0
-0.83517,0.38373,0.0
-0.83517,0.4063,0.0
-0.83517,0.42887,0.0
-0.83517,0.45144,0.0
-0.83517,0.47402,0.0
-0.83517,0.49659,0.0
-0.83517,0.51916,0.0
-0.83517,0.54173,0.0
-0.83517,0.5643,0.0
-0.83517,0.58688,0.0
-0.83517,0.60945,0.0
-0.83517,0.63202,0.0
-0.83517,0.65459,0.0
-0.83517,0.67717,0.0
-0.83517,0.69974,0.0
-0.83517,0.72231,0.0
-0.83517,0.74488,0.0
-0.83517,0.76745,0.0
-0.83517,0.79003,0.0
-0.8126,-0.79003,0.0
-0.8126,-0.76745,0.0
-0.8126,-0.74488,0.0
-0.8126,-0.72231,0.0
-0.8126,-0.69974,0.0
-0.8126,-0.67717,0.0
-0.8126,-0.65459,0.0
-0.8126,-0.63202,0.0
-0.8126,-0.60945,0.0
-0.8126,-0.58688,0.0
-0.8126,-0.5643,0.0
-0.8126,-0.54173,0.0
-0.8126,-0.51916,0.0
-0.8126,-0.49659,0.0
-0.8126,-0.47402,0.0
-0.8126,-0.45144,0.0
-0.8126,-0.42887,0.0
-0.8126,-0.4063,0.0
-0.8126,-0.38373,0.0
-0.8126,-0.36115,0.0
-0.8126,-0.33858,0.0
-0.8126,-0.31601,0.0
-0.8126,-0.29344,0.0
-0.8126,-0.27087,0.0
-0.8126,-0.24829,0.0
-0.8126,-0.22572,0.0
-0.8126,-0.20315,0.0
-0.8126,-0.18058,0.0
-0.8126,-0.15801,0.0
-0.8126,-0.13543,0.0
-0.8126,-0.11286,0.0
-0.8126,-0.09029,0.0
-0.8126,-0.06772,0.0
-0.8126,-0.04514,0.0
-0.8126,-0.02257,0.0
-0.8126,0,0.0
-0.8126,0.02257,0.0
-0.8126,0.04514,0.0
-0.8126,0.06772,0.0
-0.8126,0.09029,0.0
-0.8126,0.11286,0.0
-0.8126,0.13543,0.0
-0.8126,0.15801,0.0
-0.8126,0.18058,0.0
-0.8126,0.20315,0.0
-0.8126,0.22572,0.0
-0.8126,0.24829,0.0
-0.8126,0.27087,0.0
-0.8126,0.29344,0.0
-0.8126,0.31601,0.0
-0.8126,0.33858,0.0
-0.8126,0.36115,0.0
-0.8126,0.38373,0.0
-0.8126,0.4063,0.0
-0.8126,0.42887,0.0
-0.8126,0.45144,0.0
-0.8126,0.47402,0.0
-0.8126,0.49659,0.0
-0.8126,0.51916,0.0
-0.8126,0.54173,0.0
-0.8126,0.5643,0.0
-0.8126,0.58688,0.0
-0.8126,0.60945,0.0
-0.8126,0.63202,0.0
-0.8126,0.65459,0.0
-0.8126,0.67717,0.0
-0.8126,0.69974,0.0
-0.8126,0.72231,0.0
-0.8126,0.74488,0.0
-0.8126,0.76745,0.0
-0.8126,0.79003,0.0
-0.79003,-0.79003,0.0
-0.79003,-0.76745,0.0
-0.79003,-0.74488,0.0
-0.79003,-0.72231,0.0
-0.79003,-0.69974,0.0
-0.79003,-0.67717,0.0
-0.79003,-0.65459,0.0
-0.79003,-0.63202,0.0
-0.79003,-0.60945,0.0
-0.79003,-0.58688,0.0
-0.79003,-0.5643,0.0
-0.79003,-0.54173,0.0
-0.79003,-0.51916,0.0
-0.79003,-0.49659,0.0
-0.79003,-0.47402,0.0
-0.79003,-0.45144,0.0
-0.79003,-0.42887,0.0
-0.79003,-0.4063,0.0
-0.79003,-0.38373,0.0
-0.79003,-0.36115,0.0
-0.79003,-0.33858,0.0
-0.79003,-0.31601,0.0
-0.79003,-0.29344,0.0
-0.79003,-0.27087,0.0
-0.79003,-0.24829,0.0
-0.79003,-0.22572,0.0
-0.79003,-0.20315,0.0
-0.79003,-0.18058,0.0
-0.79003,-0.15801,0.0
-0.79003,-0.13543,0.0
-0.79003,-0.11286,0.0
-0.79003,-0.09029,0.0
-0.79003,-0.06772,0.0
-0.79003,-0.04514,0.0
-0.79003,-0.02257,0.0
-0.79003,0,0.0
-0.79003,0.02257,0.0
-0.79003,0.04514,0.0
-0.79003,0.06772,0.0
-0.79003,0.09029,0.0
-0.79003,0.11286,0.0
-0.79003,0.13543,0.0
-0.79003,0.15801,0.0
-0.79003,0.18058,0.0
-0.79003,0.20315,0.0
-0.79003,0.22572,0.0
-0.79003,0.24829,0.0
-0.79003,0.27087,0.0
-0.79003,0.29344,0.0
-0.79003,0.31601,0.0
-0.79003,0.33858,0.0
-0.79003,0.36115,0.0
-0.79003,0.38373,0.0
-0.79003,0.4063,0.0
-0.79003,0.42887,0.0
-0.79003,0.45144,0.0
-0.79003,0.47402,0.0
-0.79003,0.49659,0.0
-0.79003,0.51916,0.0
-0.79003,0.54173,0.0
-0.79003,0.5643,0.0
-0.79003,0.58688,0.0
-0.79003,0.60945,0.0
-0.79003,0.63202,0.0
-0.79003,0.65459,0.0
-0.79003,0.67717,0.0
-0.79003,0.69974,0.0
-0.79003,0.72231,0.0
-0.79003,0.74488,0.0
-0.79003,0.76745,0.0
-0.79003,0.79003,0.0
-0.76745,-0.79003,0.0
-0.76745,-0.76745,0.0
-0.76745,-0.74488,0.0
-0.76745,-0.72231,0.0
-0.76745,-0.69974,0.0
-0.76745,-0.67717,0.0
-0.76745,-0.65459,0.0
-0.76745,-0.63202,0.0
-0.76745,-0.60945,0.0
-0.76745,-0.58688,0.0
-0.76745,-0.5643,0.0
-0.76745,-0.54173,0.0
-0.76745,-0.51916,0.0
-0.76745,-0.49659,0.0
-0.76745,-0.47402,0.0
-0.76745,-0.45144,0.0
-0.76745,-0.42887,0.0
-0.76745,-0.4063,0.0
-0.76745,-0.38373,0.0
-0.76745,-0.36115,0.0
-0.76745,-0.33858,0.0
-0.76745,-0.31601,0.0
-0.76745,-0.29344,0.0
-0.76745,-0.27087,0.0
-0.76745,-0.24829,0.0
-0.76745,-0.22572,0.0
-0.76745,-0.20315,0.0
-0.76745,-0.18058,0.0
-0.76745,-0.15801,0.0
-0.76745,-0.13543,0.0
-0.76745,-0.11286,0.0
-0.76745,-0.09029,0.0
-0.76745,-0.06772,0.0
-0.76745,-0.04514,0.0
-0.76745,-0.02257,0.0
-0.76745,0,0.0
-0.76745,0.02257,0.0
-0.76745,0.04514,0.0
-0.76745,0.06772,0.0
-0.76745,0.09029,0.0
-0.76745,0.11286,0.0
-0.76745,0.13543,0.0
-0.76745,0.15801,0.0
-0.76745,0.18058,0.0
-0.76745,0.20315,0.0
-0.76745,0.22572,0.0
-0.76745,0.24829,0.0
-0.76745,0.27087,0.0
-0.76745,0.29344,0.0
-0.76745,0.31601,0.0
-0.76745,0.33858,0.0
-0.76745,0.36115,0.0
-0.76745,0.38373,0.0
-0.76745,0.4063,0.0
-0.76745,0.42887,0.0
-0.76745,0.45144,0.0
-0.76745,0.47402,0.0
-0.76745,0.49659,0.0
-0.76745,0.51916,0.0
-0.76745,0.54173,0.0
-0.76745,0.5643,0.0
-0.76745,0.58688,0.0
-0.76745,0.60945,0.0
-0.76745,0.63202,0.0
-0.76745,0.65459,0.0
-0.76745,0.67717,0.0
-0.76745,0.69974,0.0
-0.76745,0.72231,0.0
-0.76745,0.74488,0.0
-0.76745,0.76745,0.0
-0.76745,0.79003,0.0
-0.74488,-0.79003,0.0
-0.74488,-0.76745,0.0
-0.74488,-0.74488,0.0
-0.74488,-0.72231,0.0
-0.74488,-0.69974,0.0
-0.74488,-0.67717,0.0
-0.74488,-0.65459,0.0
-0.74488,-0.63202,0.0
-0.74488,-0.60945,0.0
-0.74488,-0.58688,0.0
-0.74488,-0.5643,0.0
-0.74488,-0.54173,0.0
-0.74488,-0.51916,0.0
-0.74488,-0.49659,0.0
-0.74488,-0.47402,0.0
-0.74488,-0.45144,0.0
-0.74488,-0.42887,0.0
-0.74488,-0.4063,0.0
-0.74488,-0.38373,0.0
-0.74488,-0.36115,0.0
-0.74488,-0.33858,0.0
-0.74488,-0.31601,0.0
-0.74488,-0.29344,0.0
-0.74488,-0.27087,0.0
-0.74488,-0.24829,0.0
-0.74488,-0.22572,0.0
-0.74488,-0.20315,0.0
-0.74488,-0.18058,0.0
-0.74488,-0.15801,0.0
-0.74488,-0.13543,0.0
-0.74488,-0.11286,0.0
-0.74488,-0.09029,0.0
-0.74488,-0.06772,0.0
-0.74488,-0.04514,0.0
-0.74488,-0.02257,0.0
-0.74488,0,0.0
-0.74488,0.02257,0.0
-0.74488,0.04514,0.0
-0.74488,0.06772,0.0
-0.74488,0.09029,0.0
-0.74488,0.11286,0.0
-0.74488,0.13543,0.0
-0.74488,0.15801,0.0
-0.74488,0.18058,0.0
-0.74488,0.20315,0.0
-0.74488,0.22572,0.0
-0.74488,0.24829,0.0
-0.74488,0.27087,0.0
-0.74488,0.29344,0.0
-0.74488,0.31601,0.0
-0.74488,0.33858,0.0
-0.74488,0.36115,0.0
-0.74488,0.38373,0.0
-0.74488,0.4063,0.0
-0.74488,0.42887,0.0
-0.74488,0.45144,0.0
-0.74488,0.47402,0.0
-0.74488,0.49659,0.0
-0.74488,0.51916,0.0
-0.74488,0.54173,0.0
-0.74488,0.5643,0.0
-0.74488,0.58688,0.0
-0.74488,0.60945,0.0
-0.74488,0.63202,0.0
-0.74488,0.65459,0.0
-0.74488,0.67717,0.0
-0.74488,0.69974,0.0
-0.74488,0.72231,0.0
-0.74488,0.74488,0.0
-0.74488,0.76745,0.0
-0.74488,0.79003,0.0
-0.72231,-0.79003,0.0
-0.72231,-0.76745,0.0
-0.72231,-0.74488,0.0
-0.72231,-0.72231,0.0
-0.72231,-0.69974,0.0
-0.72231,-0.67717,0.0
-0.72231,-0.65459,0.0
-0.72231,-0.63202,0.0
-0.72231,-0.60945,0.0
-0.72231,-0.58688,0.0
-0.72231,-0.5643,0.0
-0.72231,-0.54173,0.0
-0.72231,-0.51916,0.0
-0.72231,-0.49659,0.0
-0.72231,-0.47402,0.0
-0.72231,-0.45144,0.0
-0.72231,-0.42887,0.0
-0.72231,-0.4063,0.0
-0.72231,-0.38373,0.0
-0.72231,-0.36115,0.0
-0.72231,-0.33858,0.0
-0.72231,-0.31601,0.0
-0.72231,-0.29344,0.0
-0.72231,-0.27087,0.0
-0.72231,-0.24829,0.0
-0.72231,-0.22572,0.0
-0.72231,-0.20315,0.0
-0.72231,-0.18058,0.0
-0.72231,-0.15801,0.0
-0.72231,-0.13543,0.0
-0.72231,-0.11286,0.0
-0.72231,-0.09029,0.0
-0.72231,-0.06772,0.0
-0.72231,-0.04514,0.0
-0.72231,-0.02257,0.0
-0.72231,0,0.0
-0.72231,0.02257,0.0
-0.72231,0.04514,0.0
-0.72231,0.06772,0.0
-0.72231,0.09029,0.0
-0.72231,0.11286,0.0
-0.72231,0.13543,0.0
-0.72231,0.15801,0.0
-0.72231,0.18058,0.0
-0.72231,0.20315,0.0
-0.72231,0.22572,0.0
-0.72231,0.24829,0.0
-0.72231,0.27087,0.0
-0.72231,0.29344,0.0
-0.72231,0.31601,0.0
-0.72231,0.33858,0.0
-0.72231,0.36115,0.0
-0.72231,0.38373,0.0
-0.72231,0.4063,0.0
-0.72231,0.42887,0.0
-0.72231,0.45144,0.0
-0.72231,0.47402,0.0
-0.72231,0.49659,0.0
-0.72231,0.51916,0.0
-0.72231,0.54173,0.0
-0.72231,0.5643,0.0
-0.72231,0.58688,0.0
-0.72231,0.60945,0.0
-0.72231,0.63202,0.0
-0.72231,0.65459,0.0
-0.72231,0.67717,0.0
-0.72231,0.69974,0.0
-0.72231,0.72231,0.0
-0.72231,0.74488,0.0
-0.72231,0.76745,0.0
-0.72231,0.79003,0.0
-0.69974,-0.79003,0.0
-0.69974,-0.76745,0.0
-0.69974,-0.74488,0.0
-0.69974,-0.72231,0.0
-0.69974,-0.69974,0.0
-0.69974,-0.67717,0.0
-0.69974,-0.65459,0.0
-0.69974,-0.63202,0.0
-0.69974,-0.60945,0.0
-0.69974,-0.58688,0.0
-0.69974,-0.5643,0.0
-0.69974,-0.54173,0.0
-0.69974,-0.51916,0.0
-0.69974,-0.49659,0.0
-0.69974,-0.47402,0.0
-0.69974,-0.45144,0.0
-0.69974,-0.42887,0.0
-0.69974,-0.4063,0.0
-0.69974,-0.38373,0.0
-0.69974,-0.36115,0.0
-0.69974,-0.33858,0.0
-0.69974,-0.31601,0.0
-0.69974,-0.29344,0.0
-0.69974,-0.27087,0.0
-0.69974,-0.24829,0.0
-0.69974,-0.22572,0.0
-0.69974,-0.20315,0.0
-0.69974,-0.18058,0.0
-0.69974,-0.15801,0.0
-0.69974,-0.13543,0.0
-0.69974,-0.11286,0.0
-0.69974,-0.09029,0.0
-0.69974,-0.06772,0.0
-0.69974,-0.04514,0.0
-0.69974,-0.02257,0.0
-0.69974,0,0.0
-0.69974,0.02257,0.0
-0.69974,0.04514,0.0
-0.69974,0.06772,0.0
-0.69974,0.09029,0.0
-0.69974,0.11286,0.0
-0.69974,0.13543,0.0
-0.69974,0.15801,0.0
-0.69974,0.18058,0.0
-0.69974,0.20315,0.0
-0.69974,0.22572,0.0
-0.69974,0.24829,0.0
-0.69974,0.27087,0.0
-0.69974,0.29344,0.0
-0.69974,0.31601,0.0
-0.69974,0.33858,0.0
-0.69974,0.36115,0.0
-0.69974,0.38373,0.0
-0.69974,0.4063,0.0
-0.69974,0.42887,0.0
-0.69974,0.45144,0.0
-0.69974,0.47402,0.0
-0.69974,0.49659,0.0
-0.69974,0.51916,0.0
-0.69974,0.54173,0.0
-0.69974,0.5643,0.0
-0.69974,0.58688,0.0
-0.69974,0.60945,0.0
-0.69974,0.63202,0.0
-0.69974,0.65459,0.0
-0.69974,0.67717,0.0
-0.69974,0.69974,0.0
-0.69974,0.72231,0.0
-0.69974,0.74488,0.0
-0.69974,0.76745,0.0
-0.69974,0.79003,0.0
-0.67717,-0.79003,0.0
-0.67717,-0.76745,0.0
-0.67717,-0.74488,0.0
-0.67717,-0.72231,0.0
-0.67717,-0.69974,0.0
-0.67717,-0.67717,0.0
-0.67717,-0.65459,0.0
-0.67717,-0.63202,0.0
-0.67717,-0.60945,0.0
-0.67717,-0.58688,0.0
-0.67717,-0.5643,0.0
-0.67717,-0.54173,0.0
-0.67717,-0.51916,0.0
-0.67717,-0.49659,0.0
-0.67717,-0.47402,0.0
-0.67717,-0.45144,0.0
-0.67717,-0.42887,0.0
-0.67717,-0.4063,0.0
-0.67717,-0.38373,0.0
-0.67717,-0.36115,0.0
-0.67717,-0.33858,0.0
-0.67717,-0.31601,0.0
-0.67717,-0.29344,0.0
-0.67717,-0.27087,0.0
-0.67717,-0.24829,0.0
-0.67717,-0.22572,0.0
-0.67717,-0.20315,0.0
-0.67717,-0.18058,0.0
-0.67717,-0.15801,0.0
-0.67717,-0.13543,0.0
-0.67717,-0.11286,0.0
-0.67717,-0.09029,0.0
-0.67717,-0.06772,0.0
-0.67717,-0.04514,0.0
-0.67717,-0.02257,0.0
-0.67717,0,0.0
-0.67717,0.02257,0.0
-0.67717,0.04514,0.0
-0.67717,0.06772,0.0
-0.67717,0.09029,0.0
-0.67717,0.11286,0.0
-0.67717,0.13543,0.0
-0.67717,0.15801,0.0
-0.67717,0.18058,0.0
-0.67717,0.20315,0.0
-0.67717,0.22572,0.0
-0.67717,0.24829,0.0
-0.67717,0.27087,0.0
-0.67717,0.29344,0.0
-0.67717,0.31601,0.0
-0.67717,0.33858,0.0
-0.67717,0.36115,0.0
-0.67717,0.38373,0.0
-0.67717,0.4063,0.0
-0.67717,0.42887,0.0
-0.67717,0.45144,0.0
-0.67717,0.47402,0.0
-0.67717,0.49659,0.0
-0.67717,0.51916,0.0
-0.67717,0.54173,0.0
-0.67717,0.5643,0.0
-0.67717,0.58688,0.0
-0.67717,0.60945,0.0
-0.67717,0.63202,0.0
-0.67717,0.65459,0.0
-0.67717,0.67717,0.0
-0.67717,0.69974,0.0
-0.67717,0.72231,0.0
-0.67717,0.74488,0.0
-0.67717,0.76745,0.0
-0.67717,0.79003,0.0
-0.65459,-0.79003,0.0
-0.65459,-0.76745,0.0
-0.65459,-0.74488,0.0
-0.65459,-0.72231,0.0
-0.65459,-0.69974,0.0
-0.65459,-0.67717,0.0
-0.65459,-0.65459,0.0
-0.65459,-0.63202,0.0
-0.65459,-0.60945,0.0
-0.65459,-0.58688,0.0
-0.65459,-0.5643,0.0
-0.65459,-0.54173,0.0
-0.65459,-0.51916,0.0
-0.65459,-0.49659,0.0
-0.65459,-0.47402,0.0
-0.65459,-0.45144,0.0
-0.65459,-0.42887,0.0
-0.65459,-0.4063,0.0
-0.65459,-0.38373,0.0
-0.65459,-0.36115,0.0
-0.65459,-0.33858,0.0
-0.65459,-0.31601,0.0
-0.65459,-0.29344,0.0
-0.65459,-0.27087,0.0
-0.65459,-0.24829,0.0
-0.65459,-0.22572,0.0
-0.65459,-0.20315,0.0
-0.65459,-0.18058,0.0
-0.65459,-0.15801,0.0
-0.65459,-0.13543,0.0
-0.65459,-0.11286,0.0
-0.65459,-0.09029,0.0
-0.65459,-0.06772,0.0
-0.65459,-0.04514,0.0
-0.65459,-0.02257,0.0
-0.65459,0,0.0
-0.65459,0.02257,0.0
-0.65459,0.04514,0.0
-0.65459,0.06772,0.0
-0.65459,0.09029,0.0
-0.65459,0.11286,0.0
-0.65459,0.13543,0.0
-0.65459,0.15801,0.0
-0.65459,0.18058,0.0
-0.65459,0.20315,0.0
-0.65459,0.22572,0.0
-0.65459,0.24829,0.0
-0.65459,0.27087,0.0
-0.65459,0.29344,0.0
-0.65459,0.31601,0.0
-0.65459,0.33858,0.0
-0.65459,0.36115,0.0
-0.65459,0.38373,0.0
-0.65459,0.4063,0.0
-0.65459,0.42887,0.0
-0.65459,0.45144,0.0
-0.65459,0.47402,0.0
-0.65459,0.49659,0.0
-0.65459,0.51916,0.0
-0.65459,0.54173,0.0
-0.65459,0.5643,0.0
-0.65459,0.58688,0.0
-0.65459,0.60945,0.0
-0.65459,0.63202,0.0
-0.65459,0.65459,0.0
-0.65459,0.67717,0.0
-0.65459,0.69974,0.0
-0.65459,0.72231,0.0
-0.65459,0.74488,0.0
-0.65459,0.76745,0.0
-0.65459,0.79003,0.0
-0.63202,-0.79003,0.0
-0.63202,-0.76745,0.0
-0.63202,-0.74488,0.0
-0.63202,-0.72231,0.0
-0.63202,-0.69974,0.0
-0.63202,-0.67717,0.0
-0.63202,-0.65459,0.0
-0.63202,-0.63202,0.0
-0.63202,-0.60945,0.0
-0.63202,-0.58688,0.0
-0.63202,-0.5643,0.0
-0.63202,-0.54173,0.0
-0.63202,-0.51916,0.0
-0.63202,-0.49659,0.0
-0.63202,-0.47402,0.0
-0.63202,-0.45144,0.0
-0.63202,-0.42887,0.0
-0.63202,-0.4063,0.0
-0.63202,-0.38373,0.0
-0.63202,-0.36115,0.0
-0.63202,-0.33858,0.0
-0.63202,-0.31601,0.0
-0.63202,-0.29344,0.0
-0.63202,-0.27087,0.0
-0.63202,-0.24829,0.0
-0.63202,-0.22572,0.0
-0.63202,-0.20315,0.0
-0.63202,-0.18058,0.0
-0.63202,-0.15801,0.0
-0.63202,-0.13543,0.0
-0.63202,-0.11286,0.0
-0.63202,-0.09029,0.0
-0.63202,-0.06772,0.0
-0.63202,-0.04514,0.0
-0.63202,-0.02257,0.0
-0.63202,0,0.0
-0.63202,0.02257,0.0
-0.63202,0.04514,0.0
-0.63202,0.06772,0.0
-0.63202,0.09029,0.0
-0.63202,0.11286,0.0
-0.63202,0.13543,0.0
-0.63202,0.15801,0.0
-0.63202,0.18058,0.0
-0.63202,0.20315,0.0
-0.63202,0.22572,0.0
-0.63202,0.24829,0.0
-0.63202,0.27087,0.0
-0.63202,0.29344,0.0
-0.63202,0.31601,0.0
-0.63202,0.33858,0.0
-0.63202,0.36115,0.0
-0.63202,0.38373,0.0
-0.63202,0.4063,0.0
-0.63202,0.42887,0.0
-0.63202,0.45144,0.0
-0.63202,0.47402,0.0
-0.63202,0.49659,0.0
-0.63202,0.51916,0.0
-0.63202,0.54173,0.0
-0.63202,0.5643,0.0
-0.63202,0.58688,0.0
-0.63202,0.60945,0.0
-0.63202,0.63202,0.0
-0.63202,0.65459,0.0
-0.63202,0.67717,0.0
-0.63202,0.69974,0.0
-0.63202,0.72231,0.0
-0.63202,0.74488,0.0
-0.63202,0.76745,0.0
-0.63202,0.79003,0.0
-0.60945,-0.79003,0.0
-0.60945,-0.76745,0.0
-0.60945,-0.74488,0.0
-0.60945,-0.72231,0.0
-0.60945,-0.69974,0.0
-0.60945,-0.67717,0.0
-0.60945,-0.65459,0.0
-0.60945,-0.63202,0.0
-0.60945,-0.60945,0.0
-0.60945,-0.58688,0.0
-0.60945,-0.5643,0.0
-0.60945,-0.54173,0.0
-0.60945,-0.51916,0.0
-0.60945,-0.49659,0.0
-0.60945,-0.47402,0.0
-0.60945,-0.45144,0.0
-0.60945,-0.42887,0.0
-0.60945,-0.4063,0.0
-0.60945,-0.38373,0.0
-0.60945,-0.36115,0.0
-0.60945,-0.33858,0.0
-0.60945,-0.31601,0.0
-0.60945,-0.29344,0.0
-0.60945,-0.27087,0.0
-0.60945,-0.24829,0.0
-0.60945,-0.22572,0.0
-0.60945,-0.20315,0.0
-0.60945,-0.18058,0.0
-0.60945,-0.15801,0.0
-0.60945,-0.13543,0.0
-0.60945,-0.11286,0.0
-0.60945,-0.09029,0.0
-0.60945,-0.06772,0.0
-0.60945,-0.04514,0.0
-0.60945,-0.02257,0.0
-0.60945,0,0.0
-0.60945,0.02257,0.0
-0.60945,0.04514,0.0
-0.60945,0.06772,0.0
-0.60945,0.09029,0.0
-0.60945,0.11286,0.0
-0.60945,0.13543,0.0
-0.60945,0.15801,0.0
-0.60945,0.18058,0.0
-0.60945,0.20315,0.0
-0.60945,0.22572,0.0
-0.60945,0.24829,0.0
-0.60945,0.27087,0.0
-0.60945,0.29344,0.0
-0.60945,0.31601,0.0
-0.60945,0.33858,0.0
-0.60945,0.36115,0.0
-0.60945,0.38373,0.0
-0.60945,0.4063,0.0
-0.60945,0.42887,0.0
-0.60945,0.45144,0.0
-0.60945,0.47402,0.0
-0.60945,0.49659,0.0
-0.60945,0.51916,0.0
-0.60945,0.54173,0.0
-0.60945,0.5643,0.0
-0.60945,0.58688,0.0
-0.60945,0.60945,0.0
-0.60945,0.63202,0.0
-0.60945,0.65459,0.0
-0.60945,0.67717,0.0
-0.60945,0.69974,0.0
-0.60945,0.72231,0.0
-0.60945,0.74488,0.0
-0.60945,0.76745,0.0
-0.60945,0.79003,0.0
-0.58688,-0.79003,0.0
-0.58688,-0.76745,0.0
-0.58688,-0.74488,0.0
-0.58688,-0.72231,0.0
-0.58688,-0.69974,0.0
-0.58688,-0.67717,0.0
-0.58688,-0.65459,0.0
-0.58688,-0.63202,0.0
-0.58688,-0.60945,0.0
-0.58688,-0.58688,0.0
-0.58688,-0.5643,0.0
-0.58688,-0.54173,0.0
-0.58688,-0.51916,0.0
-0.58688,-0.49659,0.0
-0.58688,-0.47402,0.0
-0.58688,-0.45144,0.0
-0.58688,-0.42887,0.0
-0.58688,-0.4063,0.0
-0.58688,-0.38373,0.0
-0.58688,-0.36115,0.0
-0.58688,-0.33858,0.0
-0.58688,-0.31601,0.0
-0.58688,-0.29344,0.0
-0.58688,-0.27087,0.0
-0.58688,-0.24829,0.0
-0.58688,-0.22572,0.0
-0.58688,-0.20315,0.0
-0.58688,-0.18058,0.0
-0.58688,-0.15801,0.0
-0.58688,-0.13543,0.0
-0.58688,-0.11286,0.0
-0.58688,-0.09029,0.0
-0.58688,-0.06772,0.0
-0.58688,-0.04514,0.0
-0.58688,-0.02257,0.0
-0.58688,0,0.0
-0.58688,0.02257,0.0
-0.58688,0.04514,0.0
-0.58688,0.06772,0.0
-0.58688,0.09029,0.0
-0.58688,0.11286,0.0
-0.58688,0.13543,0.0
-0.58688,0.15801,0.0
-0.58688,0.18058,0.0
-0.58688,0.20315,0.0
-0.58688,0.22572,0.0
-0.58688,0.24829,0.0
-0.58688,0.27087,0.0
-0.58688,0.29344,0.0
-0.58688,0.31601,0.0
-0.58688,0.33858,0.0
-0.58688,0.36115,0.0
-0.58688,0.38373,0.0
-0.58688,0.4063,0.0
-0.58688,0.42887,0.0
-0.58688,0.45144,0.0
-0.58688,0.47402,0.0
-0.58688,0.49659,0.0
-0.58688,0.51916,0.0
-0.58688,0.54173,0.0
-0.58688,0.5643,0.0
-0.58688,0.58688,0.0
-0.58688,0.60945,0.0
-0.58688,0.63202,0.0
-0.58688,0.65459,0.0
-0.58688,0.67717,0.0
-0.58688,0.69974,0.0
-0.58688,0.72231,0.0
-0.58688,0.74488,0.0
-0.58688,0.76745,0.0
-0.58688,0.79003,0.0
-0.5643,-0.79003,0.0
-0.5643,-0.76745,0.0
-0.5643,-0.74488,0.0
-0.5643,-0.72231,0.0
-0.5643,-0.69974,0.0
-0.5643,-0.67717,0.0
-0.5643,-0.65459,0.0
-0.5643,-0.63202,0.0
-0.5643,-0.60945,0.0
-0.5643,-0.58688,0.0
-0.5643,-0.5643,0.0
-0.5643,-0.54173,0.0
-0.5643,-0.51916,0.0
-0.5643,-0.49659,0.0
-0.5643,-0.47402,0.0
-0.5643,-0.45144,0.0
-0.5643,-0.42887,0.0
-0.5643,-0.4063,0.0
-0.5643,-0.38373,0.0
-0.5643,-0.36115,0.0
-0.5643,-0.33858,0.0
-0.5643,-0.31601,0.0
-0.5643,-0.29344,0.0
-0.5643,-0.27087,0.0
-0.5643,-0.24829,0.0
-0.5643,-0.22572,0.0
-0.5643,-0.20315,0.0
-0.5643,-0.18058,0.0
-0.5643,-0.15801,0.0
-0.5643,-0.13543,0.0
-0.5643,-0.11286,0.0
-0.5643,-0.09029,0.0
-0.5643,-0.06772,0.0
-0.5643,-0.04514,0.0
-0.5643,-0.02257,0.0
-0.5643,0,0.0
-0.5643,0.02257,0.0
-0.5643,0.04514,0.0
-0.5643,0.06772,0.0
-0.5643,0.09029,0.0
-0.5643,0.11286,0.0
-0.5643,0.13543,0.0
-0.5643,0.15801,0.0
-0.5643,0.18058,0.0
-0.5643,0.20315,0.0
-0.5643,0.22572,0.0
-0.5643,0.24829,0.0
-0.5643,0.27087,0.0
-0.5643,0.29344,0.0
-0.5643,0.31601,0.0
-0.5643,0.33858,0.0
-0.5643,0.36115,0.0
-0.5643,0.38373,0.0
-0.5643,0.4063,0.0
-0.5643,0.42887,0.0
-0.5643,0.45144,0.0
-0.5643,0.47402,0.0
-0.5643,0.49659,0.0
-0.5643,0.51916,0.0
-0.5643,0.54173,0.0
-0.5643,0.5643,0.0
-0.5643,0.58688,0.0
-0.5643,0.60945,0.0
-0.5643,0.63202,0.0
-0.5643,0.65459,0.0
-0.5643,0.67717,0.0
-0.5643,0.69974,0.0
-0.5643,0.72231,0.0
-0.5643,0.74488,0.0
-0.5643,0.76745,0.0
-0.5643,0.79003,0.0
-0.54173,-0.79003,0.0
-0.54173,-0.76745,0.0
-0.54173,-0.74488,0.0
-0.54173,-0.72231,0.0
-0.54173,-0.69974,0.0
-0.54173,-0.67717,0.0
-0.54173,-0.65459,0.0
-0.54173,-0.63202,0.0
-0.54173,-0.60945,0.0
-0.54173,-0.58688,0.0
-0.54173,-0.5643,0.0
-0.54173,-0.54173,0.0
-0.54173,-0.51916,0.0
-0.54173,-0.49659,0.0
-0.54173,-0.47402,0.0
-0.54173,-0.45144,0.0
-0.54173,-0.42887,0.0
-0.54173,-0.4063,0.0
-0.54173,-0.38373,0.0
-0.54173,-0.36115,0.0
-0.54173,-0.33858,0.0
-0.54173,-0.31601,0.0
-0.54173,-0.29344,0.0
-0.54173,-0.27087,0.0
-0.54173,-0.24829,0.0
-0.54173,-0.22572,0.0
-0.54173,-0.20315,0.0
-0.54173,-0.18058,0.0
-0.54173,-0.15801,0.0
-0.54173,-0.13543,0.0
-0.54173,-0.11286,0.0
-0.54173,-0.09029,0.0
-0.54173,-0.06772,0.0
-0.54173,-0.04514,0.0
-0.54173,-0.02257,0.0
-0.54173,0,0.0
-0.54173,0.02257,0.0
-0.54173,0.04514,0.0
-0.54173,0.06772,0.0
-0.54173,0.09029,0.0
-0.54173,0.11286,0.0
-0.54173,0.13543,0.0
-0.54173,0.15801,0.0
-0.54173,0.18058,0.0
-0.54173,0.20315,0.0
-0.54173,0.22572,0.0
-0.54173,0.24829,0.0
-0.54173,0.27087,0.0
-0.54173,0.29344,0.0
-0.54173,0.31601,0.0
-0.54173,0.33858,0.0
-0.54173,0.36115,0.0
-0.54173,0.38373,0.0
-0.54173,0.4063,0.0
-0.54173,0.42887,0.0
-0.54173,0.45144,0.0
-0.54173,0.47402,0.0
-0.54173,0.49659,0.0
-0.54173,0.51916,0.0
-0.54173,0.54173,0.0
-0.54173,0.5643,0.0
-0.54173,0.58688,0.0
-0.54173,0.60945,0.0
-0.54173,0.63202,0.0
-0.54173,0.65459,0.0
-0.54173,0.67717,0.0
-0.54173,0.69974,0.0
-0.54173,0.72231,0.0
-0.54173,0.74488,0.0
-0.54173,0.76745,0.0
-0.54173,0.79003,0.0
-0.51916,-0.79003,0.0
-0.51916,-0.76745,0.0
-0.51916,-0.74488,0.0
-0.51916,-0.72231,0.0
-0.51916,-0.69974,0.0
-0.51916,-0.67717,0.0
-0.51916,-0.65459,0.0
-0.51916,-0.63202,0.0
-0.51916,-0.60945,0.0
-0.51916,-0.58688,0.0
-0.51916,-0.5643,0.0
-0.51916,-0.54173,0.0
-0.51916,-0.51916,0.0
-0.51916,-0.49659,0.0
-0.51916,-0.47402,0.0
-0.51916,-0.45144,0.0
-0.51916,-0.42887,0.0
-0.51916,-0.4063,0.0
-0.51916,-0.38373,0.0
-0.51916,-0.36115,0.0
-0.51916,-0.33858,0.0
-0.51916,-0.31601,0.0
-0.51916,-0.29344,0.0
-0.51916,-0.27087,0.0
-0.51916,-0.24829,0.0
-0.51916,-0.22572,0.0
-0.51916,-0.20315,0.0
-0.51916,-0.18058,0.0
-0.51916,-0.15801,0.0
-0.51916,-0.13543,0.0
-0.51916,-0.11286,0.0
-0.51916,-0.09029,0.0
-0.51916,-0.06772,0.0
-0.51916,-0.04514,0.0
-0.51916,-0.02257,0.0
-0.51916,0,0.0
-0.51916,0.02257,0.0
-0.51916,0.04514,0.0
-0.51916,0.06772,0.0
-0.51916,0.09029,0.0
-0.51916,0.11286,0.0
-0.51916,0.13543,0.0
-0.51916,0.15801,0.0
-0.51916,0.18058,0.0
-0.51916,0.20315,0.0
-0.51916,0.22572,0.0
-0.51916,0.24829,0.0
-0.51916,0.27087,0.0
-0.51916,0.29344,0.0
-0.51916,0.31601,0.0
-0.51916,0.33858,0.0
-0.51916,0.36115,0.0
-0.51916,0.38373,0.0
-0.51916,0.4063,0.0
-0.51916,0.42887,0.0
-0.51916,0.45144,0.0
-0.51916,0.47402,0.0
-0.51916,0.49659,0.0
-0.51916,0.51916,0.0
-0.51916,0.54173,0.0
-0.51916,0.5643,0.0
-0.51916,0.58688,0.0
-0.51916,0.60945,0.0
-0.51916,0.63202,0.0
-0.51916,0.65459,0.0
-0.51916,0.67717,0.0
-0.51916,0.69974,0.0
-0.51916,0.72231,0.0
-0.51916,0.74488,0.0
-0.51916,0.76745,0.0
-0.51916,0.79003,0.0
-0.49659,-0.79003,0.0
-0.49659,-0.76745,0.0
-0.49659,-0.74488,0.0
-0.49659,-0.72231,0.0
-0.49659,-0.69974,0.0
-0.49659,-0.67717,0.0
-0.49659,-0.65459,0.0
-0.49659,-0.63202,0.0
-0.49659,-0.60945,0.0
-0.49659,-0.58688,0.0
-0.49659,-0.5643,0.0
-0.49659,-0.54173,0.0
-0.49659,-0.51916,0.0
-0.49659,-0.49659,0.0
-0.49659,-0.47402,0.0
-0.49659,-0.45144,0.0
-0.49659,-0.42887,0.0
-0.49659,-0.4063,0.0
-0.49659,-0.38373,0.0
-0.49659,-0.36115,0.0
-0.49659,-0.33858,0.0
-0.49659,-0.31601,0.0
-0.49659,-0.29344,0.0
-0.49659,-0.27087,0.0
-0.49659,-0.24829,0.0
-0.49659,-0.22572,0.0
-0.49659,-0.20315,0.0
-0.49659,-0.18058,0.0
-0.49659,-0.15801,0.0
-0.49659,-0.13543,0.0
-0.49659,-0.11286,0.0
-0.49659,-0.09029,0.0
-0.49659,-0.06772,0.0
-0.49659,-0.04514,0.0
-0.49659,-0.02257,0.0
-0.49659,0,0.0
-0.49659,0.02257,0.0
-0.49659,0.04514,0.0
-0.49659,0.06772,0.0
-0.49659,0.09029,0.0
-0.49659,0.11286,0.0
-0.49659,0.13543,0.0
-0.49659,0.15801,0.0
-0.49659,0.18058,0.0
-0.49659,0.20315,0.0
-0.49659,0.22572,0.0
-0.49659,0.24829,0.0
-0.49659,0.27087,0.0
-0.49659,0.29344,0.0
-0.49659,0.31601,0.0
-0.49659,0.33858,0.0
-0.49659,0.36115,0.0
-0.49659,0.38373,0.0
-0.49659,0.4063,0.0
-0.49659,0.42887,0.0
-0.49659,0.45144,0.0
-0.49659,0.47402,0.0
-0.49659,0.49659,0.0
-0.49659,0.51916,0.0
-0.49659,0.54173,0.0
-0.49659,0.5643,0.0
-0.49659,0.58688,0.0
-0.49659,0.60945,0.0
-0.49659,0.63202,0.0
-0.49659,0.65459,0.0
-0.49659,0.67717,0.0
-0.49659,0.69974,0.0
-0.49659,0.72231,0.0
-0.49659,0.74488,0.0
-0.49659,0.76745,0.0
-0.49659,0.79003,0.0
-0.47402,-0.79003,0.0
-0.47402,-0.76745,0.0
-0.47402,-0.74488,0.0
-0.47402,-0.72231,0.0
-0.47402,-0.69974,0.0
-0.47402,-0.67717,0.0
-0.47402,-0.65459,0.0
-0.47402,-0.63202,0.0
-0.47402,-0.60945,0.0
-0.47402,-0.58688,0.0
-0.47402,-0.5643,0.0
-0.47402,-0.54173,0.0
-0.47402,-0.51916,0.0
-0.47402,-0.49659,0.0
-0.47402,-0.47402,0.0
-0.47402,-0.45144,0.0
-0.47402,-0.42887,0.0
-0.47402,-0.4063,0.0
-0.47402,-0.38373,0.0
-0.47402,-0.36115,0.0
-0.47402,-0.33858,0.0
-0.47402,-0.31601,0.0
-0.47402,-0.29344,0.0
-0.47402,-0.27087,0.0
-0.47402,-0.24829,0.0
-0.47402,-0.22572,0.0
-0.47402,-0.20315,0.0
-0.47402,-0.18058,0.0
-0.47402,-0.15801,0.0
-0.47402,-0.13543,0.0
-0.47402,-0.11286,0.0
-0.47402,-0.09029,0.0
-0.47402,-0.06772,0.0
-0.47402,-0.04514,0.0
-0.47402,-0.02257,0.0
-0.47402,0,0.0
-0.47402,0.02257,0.0
-0.47402,0.04514,0.0
-0.47402,0.06772,0.0
-0.47402,0.09029,0.0
-0.47402,0.11286,0.0
-0.47402,0.13543,0.0
-0.47402,0.15801,0.0
-0.47402,0.18058,0.0
-0.47402,0.20315,0.0
-0.47402,0.22572,0.0
-0.47402,0.24829,0.0
-0.47402,0.27087,0.0
-0.47402,0.29344,0.0
-0.47402,0.31601,0.0
-0.47402,0.33858,0.0
-0.47402,0.36115,0.0
-0.47402,0.38373,0.0
-0.47402,0.4063,0.0
-0.47402,0.42887,0.0
-0.47402,0.45144,0.0
-0.47402,0.47402,0.0
-0.47402,0.49659,0.0
-0.47402,0.51916,0.0
-0.47402,0.54173,0.0
-0.47402,0.5643,0.0
-0.47402,0.58688,0.0
-0.47402,0.60945,0.0
-0.47402,0.63202,0.0
-0.47402,0.65459,0.0
-0.47402,0.67717,0.0
-0.47402,0.69974,0.0
-0.47402,0.72231,0.0
-0.47402,0.74488,0.0
-0.47402,0.76745,0.0
-0.47402,0.79003,0.0
-0.45144,-0.79003,0.0
-0.45144,-0.76745,0.0
-0.45144,-0.74488,0.0
-0.45144,-0.72231,0.0
-0.45144,-0.69974,0.0
-0.45144,-0.67717,0.0
-0.45144,-0.65459,0.0
-0.45144,-0.63202,0.0
-0.45144,-0.60945,0.0
-0.45144,-0.58688,0.0
-0.45144,-0.5643,0.0
-0.45144,-0.54173,0.0
-0.45144,-0.51916,0.0
-0.45144,-0.49659,0.0
-0.45144,-0.47402,0.0
-0.45144,-0.45144,0.0
-0.45144,-0.42887,0.0
-0.45144,-0.4063,0.0
-0.45144,-0.38373,0.0
-0.45144,-0.36115,0.0
-0.45144,-0.33858,0.0
-0.45144,-0.31601,0.0
-0.45144,-0.29344,0.0
-0.45144,-0.27087,0.0
-0.45144,-0.24829,0.0
-0.45144,-0.22572,0.0
-0.45144,-0.20315,0.0
-0.45144,-0.18058,0.0
-0.45144,-0.15801,0.0
-0.45144,-0.13543,0.0
-0.45144,-0.11286,0.0
-0.45144,-0.09029,0.0
-0.45144,-0.06772,0.0
-0.45144,-0.04514,0.0
-0.45144,-0.02257,0.0
-0.45144,0,0.0
-0.45144,0.02257,0.0
-0.45144,0.04514,0.0
-0.45144,0.06772,0.0
-0.45144,0.09029,0.0
-0.45144,0.11286,0.0
-0.45144,0.13543,0.0
-0.45144,0.15801,0.0
-0.45144,0.18058,0.0
-0.45144,0.20315,0.0
-0.45144,0.22572,0.0
-0.45144,0.24829,0.0
-0.45144,0.27087,0.0
-0.45144,0.29344,0.0
-0.45144,0.31601,0.0
-0.45144,0.33858,0.0
-0.45144,0.36115,0.0
-0.45144,0.38373,0.0
-0.45144,0.4063,0.0
-0.45144,0.42887,0.0
-0.45144,0.45144,0.0
-0.45144,0.47402,0.0
-0.45144,0.49659,0.0
-0.45144,0.51916,0.0
-0.45144,0.54173,0.0
-0.45144,0.5643,0.0
-0.45144,0.58688,0.0
-0.45144,0.60945,0.0
-0.45144,0.63202,0.0
-0.45144,0.65459,0.0
-0.45144,0.67717,0.0
-0.45144,0.69974,0.0
-0.45144,0.72231,0.0
-0.45144,0.74488,0.0
-0.45144,0.76745,0.0
-0.45144,0.79003,0.0
-0.42887,-0.79003,0.0
-0.42887,-0.76745,0.0
-0.42887,-0.74488,0.0
-0.42887,-0.72231,0.0
-0.42887,-0.69974,0.0
-0.42887,-0.67717,0.0
-0.42887,-0.65459,0.0
-0.42887,-0.63202,0.0
-0.42887,-0.60945,0.0
-0.42887,-0.58688,0.0
-0.42887,-0.5643,0.0
-0.42887,-0.54173,0.0
-0.42887,-0.51916,0.0
-0.42887,-0.49659,0.0
-0.42887,-0.47402,0.0
-0.42887,-0.45144,0.0
-0.42887,-0.42887,0.0
-0.42887,-0.4063,0.0
-0.42887,-0.38373,0.0
-0.42887,-0.36115,0.0
-0.42887,-0.33858,0.0
-0.42887,-0.31601,0.0
-0.42887,-0.29344,0.0
-0.42887,-0.27087,0.0
-0.42887,-0.24829,0.0
-0.42887,-0.22572,0.0
-0.42887,-0.20315,0.0
-0.42887,-0.18058,0.0
-0.42887,-0.15801,0.0
-0.42887,-0.13543,0.0
-0.42887,-0.11286,0.0
-0.42887,-0.09029,0.0
-0.42887,-0.06772,0.0
-0.42887,-0.04514,0.0
-0.42887,-0.02257,0.0
-0.42887,0,0.0
-0.42887,0.02257,0.0
-0.42887,0.04514,0.0
-0.42887,0.06772,0.0
-0.42887,0.09029,0.0
-0.42887,0.11286,0.0
-0.42887,0.13543,0.0
-0.42887,0.15801,0.0
-0.42887,0.18058,0.0
-0.42887,0.20315,0.0
-0.42887,0.22572,0.0
-0.42887,0.24829,0.0
-0.42887,0.27087,0.0
-0.42887,0.29344,0.0
-0.42887,0.31601,0.0
-0.42887,0.33858,0.0
-0.42887,0.36115,0.0
-0.42887,0.38373,0.0
-0.42887,0.4063,0.0
-0.42887,0.42887,0.0
-0.42887,0.45144,0.0
-0.42887,0.47402,0.0
-0.42887,0.49659,0.0
-0.42887,0.51916,0.0
-0.42887,0.54173,0.0
-0.42887,0.5643,0.0
-0.42887,0.58688,0.0
-0.42887,0.60945,0.0
-0.42887,0.63202,0.0
-0.42887,0.65459,0.0
-0.42887,0.67717,0.0
-0.42887,0.69974,0.0
-0.42887,0.72231,0.0
-0.42887,0.74488,0.0
-0.42887,0.76745,0.0
-0.42887,0.79003,0.0
-0.4063,-0.79003,0.0
-0.4063,-0.76745,0.0
-0.4063,-0.74488,0.0
-0.4063,-0.72231,0.0
-0.4063,-0.69974,0.0
-0.4063,-0.67717,0.0
-0.4063,-0.65459,0.0
-0.4063,-0.63202,0.0
-0.4063,-0.60945,0.0
-0.4063,-0.58688,0.0
-0.4063,-0.5643,0.0
-0.4063,-0.54173,0.0
-0.4063,-0.51916,0.0
-0.4063,-0.49659,0.0
-0.4063,-0.47402,0.0
-0.4063,-0.45144,0.0
-0.4063,-0.42887,0.0
-0.4063,-0.4063,0.0
-0.4063,-0.38373,0.0
-0.4063,-0.36115,0.0
-0.4063,-0.33858,0.0
-0.4063,-0.31601,0.0
-0.4063,-0.29344,0.0
-0.4063,-0.27087,0.0
-0.4063,-0.24829,0.0
-0.4063,-0.22572,0.0
-0.4063,-0.20315,0.0
-0.4063,-0.18058,0.0
-0.4063,-0.15801,0.0
-0.4063,-0.13543,0.0
-0.4063,-0.11286,0.0
-0.4063,-0.09029,0.0
-0.4063,-0.06772,0.0
-0.4063,-0.04514,0.0
-0.4063,-0.02257,0.0
-0.4063,0,0.0
-0.4063,0.02257,0.0
-0.4063,0.04514,0.0
-0.4063,0.06772,0.0
-0.4063,0.09029,0.0
-0.4063,0.11286,0.0
-0.4063,0.13543,0.0
-0.4063,0.15801,0.0
-0.4063,0.18058,0.0
-0.4063,0.20315,0.0
-0.4063,0.22572,0.0
-0.4063,0.24829,0.0
-0.4063,0.27087,0.0
-0.4063,0.29344,0.0
-0.4063,0.31601,0.0
-0.4063,0.33858,0.0
-0.4063,0.36115,0.0
-0.4063,0.38373,0.0
-0.4063,0.4063,0.0
-0.4063,0.42887,0.0
-0.4063,0.45144,0.0
-0.4063,0.47402,0.0
-0.4063,0.49659,0.0
-0.4063,0.51916,0.0
-0.4063,0.54173,0.0
-0.4063,0.5643,0.0
-0.4063,0.58688,0.0
-0.4063,0.60945,0.0
-0.4063,0.63202,0.0
-0.4063,0.65459,0.0
-0.4063,0.67717,0.0
-0.4063,0.69974,0.0
-0.4063,0.72231,0.0
-0.4063,0.74488,0.0
-0.4063,0.76745,0.0
-0.4063,0.79003,0.0
-0.38373,-0.79003,0.0
-0.38373,-0.76745,0.0
-0.38373,-0.74488,0.0
-0.38373,-0.72231,0.0
-0.38373,-0.69974,0.0
-0.38373,-0.67717,0.0
-0.38373,-0.65459,0.0
-0.38373,-0.63202,0.0
-0.38373,-0.60945,0.0
-0.38373,-0.58688,0.0
-0.38373,-0.5643,0.0
-0.38373,-0.54173,0.0
-0.38373,-0.51916,0.0
-0.38373,-0.49659,0.0
-0.38373,-0.47402,0.0
-0.38373,-0.45144,0.0
-0.38373,-0.42887,0.0
-0.38373,-0.4063,0.0
-0.38373,-0.38373,0.0
-0.38373,-0.36115,0.0
-0.38373,-0.33858,0.0
-0.38373,-0.31601,0.0
-0.38373,-0.29344,0.0
-0.38373,-0.27087,0.0
-0.38373,-0.24829,0.0
-0.38373,-0.22572,0.0
-0.38373,-0.20315,0.0
-0.38373,-0.18058,0.0
-0.38373,-0.15801,0.0
-0.38373,-0.13543,0.0
-0.38373,-0.11286,0.0
-0.38373,-0.09029,0.0
-0.38373,-0.06772,0.0
-0.38373,-0.04514,0.0
-0.38373,-0.02257,0.0
-0.38373,0,0.0
-0.38373,0.02257,0.0
-0.38373,0.04514,0.0
-0.38373,0.06772,0.0
-0.38373,0.09029,0.0
-0.38373,0.11286,0.0
-0.38373,0.13543,0.0
-0.38373,0.15801,0.0
-0.38373,0.18058,0.0
-0.38373,0.20315,0.0
-0.38373,0.22572,0.0
-0.38373,0.24829,0.0
-0.38373,0.27087,0.0
-0.38373,0.29344,0.0
-0.38373,0.31601,0.0
-0.38373,0.33858,0.0
-0.38373,0.36115,0.0
-0.38373,0.38373,0.0
-0.38373,0.4063,0.0
-0.38373,0.42887,0.0
-0.38373,0.45144,0.0
-0.38373,0.47402,0.0
-0.38373,0.49659,0.0
-0.38373,0.51916,0.0
-0.38373,0.54173,0.0
-0.38373,0.5643,0.0
-0.38373,0.58688,0.0
-0.38373,0.60945,0.0
-0.38373,0.63202,0.0
-0.38373,0.65459,0.0
-0.38373,0.67717,0.0
-0.38373,0.69974,0.0
-0.38373,0.72231,0.0
-0.38373,0.74488,0.0
-0.38373,0.76745,0.0
-0.38373,0.79003,0.0
-0.36115,-0.79003,0.0
-0.36115,-0.76745,0.0
-0.36115,-0.74488,0.0
-0.36115,-0.72231,0.0
-0.36115,-0.69974,0.0
-0.36115,-0.67717,0.0
-0.36115,-0.65459,0.0
-0.36115,-0.63202,0.0
-0.36115,-0.60945,0.0
-0.36115,-0.58688,0.0
-0.36115,-0.5643,0.0
-0.36115,-0.54173,0.0
-0.36115,-0.51916,0.0
-0.36115,-0.49659,0.0
-0.36115,-0.47402,0.0
-0.36115,-0.45144,0.0
-0.36115,-0.42887,0.0
-0.36115,-0.4063,0.0
-0.36115,-0.38373,0.0
-0.36115,-0.36115,0.0
-0.36115,-0.33858,0.0
-0.36115,-0.31601,0.0
-0.36115,-0.29344,0.0
-0.36115,-0.27087,0.0
-0.36115,-0.24829,0.0
-0.36115,-0.22572,0.0
-0.36115,-0.20315,0.0
-0.36115,-0.18058,0.0
-0.36115,-0.15801,0.0
-0.36115,-0.13543,0.0
-0.36115,-0.11286,0.0
-0.36115,-0.09029,0.0
-0.36115,-0.06772,0.0
-0.36115,-0.04514,0.0
-0.36115,-0.02257,0.0
-0.36115,0,0.0
-0.36115,0.02257,0.0
-0.36115,0.04514,0.0
-0.36115,0.06772,0.0
-0.36115,0.09029,0.0
-0.36115,0.11286,0.0
-0.36115,0.13543,0.0
-0.36115,0.15801,0.0
-0.36115,0.18058,0.0
-0.36115,0.20315,0.0
-0.36115,0.22572,0.0
-0.36115,0.24829,0.0
-0.36115,0.27087,0.0
-0.36115,0.29344,0.0
-0.36115,0.31601,0.0
-0.36115,0.33858,0.0
-0.36115,0.36115,0.0
-0.36115,0.38373,0.0
-0.36115,0.4063,0.0
-0.36115,0.42887,0.0
-0.36115,0.45144,0.0
-0.36115,0.47402,0.0
-0.36115,0.49659,0.0
-0.36115,0.51916,0.0
-0.36115,0.54173,0.0
-0.36115,0.5643,0.0
-0.36115,0.58688,0.0
-0.36115,0.60945,0.0
-0.36115,0.63202,0.0
-0.36115,0.65459,0.0
-0.36115,0.67717,0.0
-0.36115,0.69974,0.0
-0.36115,0.72231,0.0
-0.36115,0.74488,0.0
-0.36115,0.76745,0.0
-0.36115,0.79003,0.0
-0.33858,-0.79003,0.0
-0.33858,-0.76745,0.0
-0.33858,-0.74488,0.0
-0.33858,-0.72231,0.0
-0.33858,-0.69974,0.0
-0.33858,-0.67717,0.0
-0.33858,-0.65459,0.0
-0.33858,-0.63202,0.0
-0.33858,-0.60945,0.0
-0.33858,-0.58688,0.0
-0.33858,-0.5643,0.0
-0.33858,-0.54173,0.0
-0.33858,-0.51916,0.0
-0.33858,-0.49659,0.0
-0.33858,-0.47402,0.0
-0.33858,-0.45144,0.0
-0.33858,-0.42887,0.0
-0.33858,-0.4063,0.0
-0.33858,-0.38373,0.0
-0.33858,-0.36115,0.0
-0.33858,-0.33858,0.0
-0.33858,-0.31601,0.0
-0.33858,-0.29344,0.0
-0.33858,-0.27087,0.0
-0.33858,-0.24829,0.0
-0.33858,-0.22572,0.0
-0.33858,-0.20315,0.0
-0.33858,-0.18058,0.0
-0.33858,-0.15801,0.0
-0.33858,-0.13543,0.0
-0.33858,-0.11286,0.0
-0.33858,-0.09029,0.0
-0.33858,-0.06772,0.0
-0.33858,-0.04514,0.0
-0.33858,-0.02257,0.0
-0.33858,0,0.0
-0.33858,0.02257,0.0
-0.33858,0.04514,0.0
-0.33858,0.06772,0.0
-0.33858,0.09029,0.0
-0.33858,0.11286,0.0
-0.33858,0.13543,0.0
-0.33858,0.15801,0.0
-0.33858,0.18058,0.0
-0.33858,0.20315,0.0
-0.33858,0.22572,0.0
-0.33858,0.24829,0.0
-0.33858,0.27087,0.0
-0.33858,0.29344,0.0
-0.33858,0.31601,0.0
-0.33858,0.33858,0.0
-0.33858,0.36115,0.0
-0.33858,0.38373,0.0
-0.33858,0.4063,0.0
-0.33858,0.42887,0.0
-0.33858,0.45144,0.0
-0.33858,0.47402,0.0
-0.33858,0.49659,0.0
-0.33858,0.51916,0.0
-0.33858,0.54173,0.0
-0.33858,0.5643,0.0
-0.33858,0.58688,0.0
-0.33858,0.60945,0.0
-0.33858,0.63202,0.0
-0.33858,0.65459,0.0
-0.33858,0.67717,0.0
-0.33858,0.69974,0.0
-0.33858,0.72231,0.0
-0.33858,0.74488,0.0
-0.33858,0.76745,0.0
-0.33858,0.79003,0.0
-0.31601,-0.79003,0.0
-0.31601,-0.76745,0.0
-0.31601,-0.74488,0.0
-0.31601,-0.72231,0.0
-0.31601,-0.69974,0.0
-0.31601,-0.67717,0.0
-0.31601,-0.65459,0.0
-0.31601,-0.63202,0.0
-0.31601,-0.60945,0.0
-0.31601,-0.58688,0.0
-0.31601,-0.5643,0.0
-0.31601,-0.54173,0.0
-0.31601,-0.51916,0.0
-0.31601,-0.49659,0.0
-0.31601,-0.47402,0.0
-0.31601,-0.45144,0.0
-0.31601,-0.42887,0.0
-0.31601,-0.4063,0.0
-0.31601,-0.38373,0.0
-0.31601,-0.36115,0.0
-0.31601,-0.33858,0.0
-0.31601,-0.31601,0.0
-0.31601,-0.29344,0.0
-0.31601,-0.27087,0.0
-0.31601,-0.24829,0.0
-0.31601,-0.22572,0.0
-0.31601,-0.20315,0.0
-0.31601,-0.18058,0.0
-0.31601,-0.15801,0.0
-0.31601,-0.13543,0.0
-0.31601,-0.11286,0.0
-0.31601,-0.09029,0.0
-0.31601,-0.06772,0.0
-0.31601,-0.04514,0.0
-0.31601,-0.02257,0.0
-0.31601,0,0.0
-0.31601,0.02257,0.0
-0.31601,0.04514,0.0
-0.31601,0.06772,0.0
-0.31601,0.09029,0.0
-0.31601,0.11286,0.0
-0.31601,0.13543,0.0
-0.31601,0.15801,0.0
-0.31601,0.18058,0.0
-0.31601,0.20315,0.0
-0.31601,0.22572,0.0
-0.31601,0.24829,0.0
-0.31601,0.27087,0.0
-0.31601,0.29344,0.0
-0.31601,0.31601,0.0
-0.31601,0.33858,0.0
-0.31601,0.36115,0.0
-0.31601,0.38373,0.0
-0.31601,0.4063,0.0
-0.31601,0.42887,0.0
-0.31601,0.45144,0.0
-0.31601,0.47402,0.0
-0.31601,0.49659,0.0
-0.31601,0.51916,0.0
-0.31601,0.54173,0.0
-0.31601,0.5643,0.0
-0.31601,0.58688,0.0
-0.31601,0.60945,0.0
-0.31601,0.63202,0.0
-0.31601,0.65459,0.0
-0.31601,0.67717,0.0
-0.31601,0.69974,0.0
-0.31601,0.72231,0.0
-0.31601,0.74488,0.0
-0.31601,0.76745,0.0
-0.31601,0.79003,0.0
-0.29344,-0.79003,0.0
-0.29344,-0.76745,0.0
-0.29344,-0.74488,0.0
-0.29344,-0.72231,0.0
-0.29344,-0.69974,0.0
-0.29344,-0.67717,0.0
-0.29344,-0.65459,0.0
-0.29344,-0.63202,0.0
-0.29344,-0.60945,0.0
-0.29344,-0.58688,0.0
-0.29344,-0.5643,0.0
-0.29344,-0.54173,0.0
-0.29344,-0.51916,0.0
-0.29344,-0.49659,0.0
-0.29344,-0.47402,0.0
-0.29344,-0.45144,0.0
-0.29344,-0.42887,0.0
-0.29344,-0.4063,0.0
-0.29344,-0.38373,0.0
-0.29344,-0.36115,0.0
-0.29344,-0.33858,0.0
-0.29344,-0.31601,0.0
-0.29344,-0.29344,0.0
-0.29344,-0.27087,0.0
-0.29344,-0.24829,0.0
-0.29344,-0.22572,0.0
-0.29344,-0.20315,0.0
-0.29344,-0.18058,0.0
-0.29344,-0.15801,0.0
-0.29344,-0.13543,0.0
-0.29344,-0.11286,0.0
-0.29344,-0.09029,0.0
-0.29344,-0.06772,0.0
-0.29344,-0.04514,0.0
-0.29344,-0.02257,0.0
-0.29344,0,0.0
-0.29344,0.02257,0.0
-0.29344,0.04514,0.0
-0.29344,0.06772,0.0
-0.29344,0.09029,0.0
-0.29344,0.11286,0.0
-0.29344,0.13543,0.0
-0.29344,0.15801,0.0
-0.29344,0.18058,0.0
-0.29344,0.20315,0.0
-0.29344,0.22572,0.0
-0.29344,0.24829,0.0
-0.29344,0.27087,0.0
-0.29344,0.29344,0.0
-0.29344,0.31601,0.0
-0.29344,0.33858,0.0
-0.29344,0.36115,0.0
-0.29344,0.38373,0.0
-0.29344,0.4063,0.0
-0.29344,0.42887,0.0
-0.29344,0.45144,0.0
-0.29344,0.47402,0.0
-0.29344,0.49659,0.0
-0.29344,0.51916,0.0
-0.29344,0.54173,0.0
-0.29344,0.5643,0.0
-0.29344,0.58688,0.0
-0.29344,0.60945,0.0
-0.29344,0.63202,0.0
-0.29344,0.65459,0.0
-0.29344,0.67717,0.0
-0.29344,0.69974,0.0
-0.29344,0.72231,0.0
-0.29344,0.74488,0.0
-0.29344,0.76745,0.0
-0.29344,0.79003,0.0
-0.27087,-0.79003,0.0
-0.27087,-0.76745,0.0
-0.27087,-0.74488,0.0
-0.27087,-0.72231,0.0
-0.27087,-0.69974,0.0
-0.27087,-0.67717,0.0
-0.27087,-0.65459,0.0
-0.27087,-0.63202,0.0
-0.27087,-0.60945,0.0
-0.27087,-0.58688,0.0
-0.27087,-0.5643,0.0
-0.27087,-0.54173,0.0
-0.27087,-0.51916,0.0
-0.27087,-0.49659,0.0
-0.27087,-0.47402,0.0
-0.27087,-0.45144,0.0
-0.27087,-0.42887,0.0
-0.27087,-0.4063,0.0
-0.27087,-0.38373,0.0
-0.27087,-0.36115,0.0
-0.27087,-0.33858,0.0
-0.27087,-0.31601,0.0
-0.27087,-0.29344,0.0
-0.27087,-0.27087,0.0
-0.27087,-0.24829,0.0
-0.27087,-0.22572,0.0
-0.27087,-0.20315,0.0
-0.27087,-0.18058,0.0
-0.27087,-0.15801,0.0
-0.27087,-0.13543,0.0
-0.27087,-0.11286,0.0
-0.27087,-0.09029,0.0
-0.27087,-0.06772,0.0
-0.27087,-0.04514,0.0
-0.27087,-0.02257,0.0
-0.27087,0,0.0
-0.27087,0.02257,0.0
-0.27087,0.04514,0.0
-0.27087,0.06772,0.0
-0.27087,0.09029,0.0
-0.27087,0.11286,0.0
-0.27087,0.13543,0.0
-0.27087,0.15801,0.0
-0.27087,0.18058,0.0
-0.27087,0.20315,0.0
-0.27087,0.22572,0.0
-0.27087,0.24829,0.0
-0.27087,0.27087,0.0
-0.27087,0.29344,0.0
-0.27087,0.31601,0.0
-0.27087,0.33858,0.0
-0.27087,0.36115,0.0
-0.27087,0.38373,0.0
-0.27087,0.4063,0.0
-0.27087,0.42887,0.0
-0.27087,0.45144,0.0
-0.27087,0.47402,0.0
-0.27087,0.49659,0.0
-0.27087,0.51916,0.0
-0.27087,0.54173,0.0
-0.27087,0.5643,0.0
-0.27087,0.58688,0.0
-0.27087,0.60945,0.0
-0.27087,0.63202,0.0
-0.27087,0.65459,0.0
-0.27087,0.67717,0.0
-0.27087,0.69974,0.0
-0.27087,0.72231,0.0
-0.27087,0.74488,0.0
-0.27087,0.76745,0.0
-0.27087,0.79003,0.0
-0.24829,-0.79003,0.0
-0.24829,-0.76745,0.0
-0.24829,-0.74488,0.0
-0.24829,-0.72231,0.0
-0.24829,-0.69974,0.0
-0.24829,-0.67717,0.0
-0.24829,-0.65459,0.0
-0.24829,-0.63202,0.0
-0.24829,-0.60945,0.0
-0.24829,-0.58688,0.0
-0.24829,-0.5643,0.0
-0.24829,-0.54173,0.0
-0.24829,-0.51916,0.0
-0.24829,-0.49659,0.0
-0.24829,-0.47402,0.0
-0.24829,-0.45144,0.0
-0.24829,-0.42887,0.0
-0.24829,-0.4063,0.0
-0.24829,-0.38373,0.0
-0.24829,-0.36115,0.0
-0.24829,-0.33858,0.0
-0.24829,-0.31601,0.0
-0.24829,-0.29344,0.0
-0.24829,-0.27087,0.0
-0.24829,-0.24829,0.0
-0.24829,-0.22572,0.0
-0.24829,-0.20315,0.0
-0.24829,-0.18058,0.0
-0.24829,-0.15801,0.0
-0.24829,-0.13543,0.0
-0.24829,-0.11286,0.0
-0.24829,-0.09029,0.0
-0.24829,-0.06772,0.0
-0.24829,-0.04514,0.0
-0.24829,-0.02257,0.0
-0.24829,0,0.0
-0.24829,0.02257,0.0
-0.24829,0.04514,0.0
-0.24829,0.06772,0.0
-0.24829,0.09029,0.0
-0.24829,0.11286,0.0
-0.24829,0.13543,0.0
-0.24829,0.15801,0.0
-0.24829,0.18058,0.0
-0.24829,0.20315,0.0
-0.24829,0.22572,0.0
-0.24829,0.24829,0.0
-0.24829,0.27087,0.0
-0.24829,0.29344,0.0
-0.24829,0.31601,0.0
-0.24829,0.33858,0.0
-0.24829,0.36115,0.0
-0.24829,0.38373,0.0
-0.24829,0.4063,0.0
-0.24829,0.42887,0.0
-0.24829,0.45144,0.0
-0.24829,0.47402,0.0
-0.24829,0.49659,0.0
-0.24829,0.51916,0.0
-0.24829,0.54173,0.0
-0.24829,0.5643,0.0
-0.24829,0.58688,0.0
-0.24829,0.60945,0.0
-0.24829,0.63202,0.0
-0.24829,0.65459,0.0
-0.24829,0.67717,0.0
-0.24829,0.69974,0.0
-0.24829,0.72231,0.0
-0.24829,0.74488,0.0
-0.24829,0.76745,0.0
-0.24829,0.79003,0.0
-0.22572,-0.79003,0.0
-0.22572,-0.76745,0.0
-0.22572,-0.74488,0.0
-0.22572,-0.72231,0.0
-0.22572,-0.69974,0.0
-0.22572,-0.67717,0.0
-0.22572,-0.65459,0.0
-0.22572,-0.63202,0.0
-0.22572,-0.60945,0.0
-0.22572,-0.58688,0.0
-0.22572,-0.5643,0.0
-0.22572,-0.54173,0.0
-0.22572,-0.51916,0.0
-0.22572,-0.49659,0.0
-0.22572,-0.47402,0.0
-0.22572,-0.45144,0.0
-0.22572,-0.42887,0.0
-0.22572,-0.4063,0.0
-0.22572,-0.38373,0.0
-0.22572,-0.36115,0.0
-0.22572,-0.33858,0.0
-0.22572,-0.31601,0.0
-0.22572,-0.29344,0.0
-0.22572,-0.27087,0.0
-0.22572,-0.24829,0.0
-0.22572,-0.22572,0.0
-0.22572,-0.20315,0.0
-0.22572,-0.18058,0.0
-0.22572,-0.15801,0.0
-0.22572,-0.13543,0.0
-0.22572,-0.11286,0.0
-0.22572,-0.09029,0.0
-0.22572,-0.06772,0.0
-0.22572,-0.04514,0.0
-0.22572,-0.02257,0.0
-0.22572,0,0.0
-0.22572,0.02257,0.0
-0.22572,0.04514,0.0
-0.22572,0.06772,0.0
-0.22572,0.09029,0.0
-0.22572,0.11286,0.0
-0.22572,0.13543,0.0
-0.22572,0.15801,0.0
-0.22572,0.18058,0.0
-0.22572,0.20315,0.0
-0.22572,0.22572,0.0
-0.22572,0.24829,0.0
-0.22572,0.27087,0.0
-0.22572,0.29344,0.0
-0.22572,0.31601,0.0
-0.22572,0.33858,0.0
-0.22572,0.36115,0.0
-0.22572,0.38373,0.0
-0.22572,0.4063,0.0
-0.22572,0.42887,0.0
-0.22572,0.45144,0.0
-0.22572,0.47402,0.0
-0.22572,0.49659,0.0
-0.22572,0.51916,0.0
-0.22572,0.54173,0.0
-0.22572,0.5643,0.0
-0.22572,0.58688,0.0
-0.22572,0.60945,0.0
-0.22572,0.63202,0.0
-0.22572,0.65459,0.0
-0.22572,0.67717,0.0
-0.22572,0.69974,0.0
-0.22572,0.72231,0.0
-0.22572,0.74488,0.0
-0.22572,0.76745,0.0
-0.22572,0.79003,0.0
-0.20315,-0.79003,0.0
-0.20315,-0.76745,0.0
-0.20315,-0.74488,0.0
-0.20315,-0.72231,0.0
-0.20315,-0.69974,0.0
-0.20315,-0.67717,0.0
-0.20315,-0.65459,0.0
-0.20315,-0.63202,0.0
-0.20315,-0.60945,0.0
-0.20315,-0.58688,0.0
-0.20315,-0.5643,0.0
-0.20315,-0.54173,0.0
-0.20315,-0.51916,0.0
-0.20315,-0.49659,0.0
-0.20315,-0.47402,0.0
-0.20315,-0.45144,0.0
-0.20315,-0.42887,0.0
-0.20315,-0.4063,0.0
-0.20315,-0.38373,0.0
-0.20315,-0.36115,0.0
-0.20315,-0.33858,0.0
-0.20315,-0.31601,0.0
-0.20315,-0.29344,0.0
-0.20315,-0.27087,0.0
-0.20315,-0.24829,0.0
-0.20315,-0.22572,0.0
-0.20315,-0.20315,0.0
-0.20315,-0.18058,0.0
-0.20315,-0.15801,0.0
-0.20315,-0.13543,0.0
-0.20315,-0.11286,0.0
-0.20315,-0.09029,0.0
-0.20315,-0.06772,0.0
-0.20315,-0.04514,0.0
-0.20315,-0.02257,0.0
-0.20315,0,0.0
-0.20315,0.02257,0.0
-0.20315,0.04514,0.0
-0.20315,0.06772,0.0
-0.20315,0.09029,0.0
-0.20315,0.11286,0.0
-0.20315,0.13543,0.0
-0.20315,0.15801,0.0
-0.20315,0.18058,0.0
-0.20315,0.20315,0.0
-0.20315,0.22572,0.0
-0.20315,0.24829,0.0
-0.20315,0.27087,0.0
-0.20315,0.29344,0.0
-0.20315,0.31601,0.0
-0.20315,0.33858,0.0
-0.20315,0.36115,0.0
-0.20315,0.38373,0.0
-0.20315,0.4063,0.0
-0.20315,0.42887,0.0
-0.20315,0.45144,0.0
-0.20315,0.47402,0.0
-0.20315,0.49659,0.0
-0.20315,0.51916,0.0
-0.20315,0.54173,0.0
-0.20315,0.5643,0.0
-0.20315,0.58688,0.0
-0.20315,0.60945,0.0
-0.20315,0.63202,0.0
-0.20315,0.65459,0.0
-0.20315,0.67717,0.0
-0.20315,0.69974,0.0
-0.20315,0.72231,0.0
-0.20315,0.74488,0.0
-0.20315,0.76745,0.0
-0.20315,0.79003,0.0
-0.18058,-0.79003,0.0
-0.18058,-0.76745,0.0
-0.18058,-0.74488,0.0
-0.18058,-0.72231,0.0
-0.18058,-0.69974,0.0
-0.18058,-0.67717,0.0
-0.18058,-0.65459,0.0
-0.18058,-0.63202,0.0
-0.18058,-0.60945,0.0
-0.18058,-0.58688,0.0
-0.18058,-0.5643,0.0
-0.18058,-0.54173,0.0
-0.18058,-0.51916,0.0
-0.18058,-0.49659,0.0
-0.18058,-0.47402,0.0
-0.18058,-0.45144,0.0
-0.18058,-0.42887,0.0
-0.18058,-0.4063,0.0
-0.18058,-0.38373,0.0
-0.18058,-0.36115,0.0
-0.18058,-0.33858,0.0
-0.18058,-0.31601,0.0
-0.18058,-0.29344,0.0
-0.18058,-0.27087,0.0
-0.18058,-0.24829,0.0
-0.18058,-0.22572,0.0
-0.18058,-0.20315,0.0
-0.18058,-0.18058,0.0
-0.18058,-0.15801,0.0
-0.18058,-0.13543,0.0
-0.18058,-0.11286,0.0
-0.18058,-0.09029,0.0
-0.18058,-0.06772,0.0
-0.18058,-0.04514,0.0
-0.18058,-0.02257,0.0
-0.18058,0,0.0
-0.18058,0.02257,0.0
-0.18058,0.04514,0.0
-0.18058,0.06772,0.0
-0.18058,0.09029,0.0
-0.18058,0.11286,0.0
-0.18058,0.13543,0.0
-0.18058,0.15801,0.0
-0.18058,0.18058,0.0
-0.18058,0.20315,0.0
-0.18058,0.22572,0.0
-0.18058,0.24829,0.0
-0.18058,0.27087,0.0
-0.18058,0.29344,0.0
-0.18058,0.31601,0.0
-0.18058,0.33858,0.0
-0.18058,0.36115,0.0
-0.18058,0.38373,0.0
-0.18058,0.4063,0.0
-0.18058,0.42887,0.0
-0.18058,0.45144,0.0
-0.18058,0.47402,0.0
-0.18058,0.49659,0.0
-0.18058,0.51916,0.0
-0.18058,0.54173,0.0
-0.18058,0.5643,0.0
-0.18058,0.58688,0.0
-0.18058,0.60945,0.0
-0.18058,0.63202,0.0
-0.18058,0.65459,0.0
-0.18058,0.67717,0.0
-0.18058,0.69974,0.0
-0.18058,0.72231,0.0
-0.18058,0.74488,0.0
-0.18058,0.76745,0.0
-0.18058,0.79003,0.0
-0.15801,-0.79003,0.0
-0.15801,-0.76745,0.0
-0.15801,-0.74488,0.0
-0.15801,-0.72231,0.0
-0.15801,-0.69974,0.0
-0.15801,-0.67717,0.0
-0.15801,-0.65459,0.0
-0.15801,-0.63202,0.0
-0.15801,-0.60945,0.0
-0.15801,-0.58688,0.0
-0.15801,-0.5643,0.0
-0.15801,-0.54173,0.0
-0.15801,-0.51916,0.0
-0.15801,-0.49659,0.0
-0.15801,-0.47402,0.0
-0.15801,-0.45144,0.0
-0.15801,-0.42887,0.0
-0.15801,-0.4063,0.0
-0.15801,-0.38373,0.0
-0.15801,-0.36115,0.0
-0.15801,-0.33858,0.0
-0.15801,-0.31601,0.0
-0.15801,-0.29344,0.0
-0.15801,-0.27087,0.0
-0.15801,-0.24829,0.0
-0.15801,-0.22572,0.0
-0.15801,-0.20315,0.0
-0.15801,-0.18058,0.0
-0.15801,-0.15801,0.0
-0.15801,-0.13543,0.0
-0.15801,-0.11286,0.0
-0.15801,-0.09029,0.0
-0.15801,-0.06772,0.0
-0.15801,-0.04514,0.0
-0.15801,-0.02257,0.0
-0.15801,0,0.0
-0.15801,0.02257,0.0
-0.15801,0.04514,0.0
-0.15801,0.06772,0.0
-0.15801,0.09029,0.0
-0.15801,0.11286,0.0
-0.15801,0.13543,0.0
-0.15801,0.15801,0.0
-0.15801,0.18058,0.0
-0.15801,0.20315,0.0
-0.15801,0.22572,0.0
-0.15801,0.24829,0.0
-0.15801,0.27087,0.0
-0.15801,0.29344,0.0
-0.15801,0.31601,0.0
-0.15801,0.33858,0.0
-0.15801,0.36115,0.0
-0.15801,0.38373,0.0
-0.15801,0.4063,0.0
-0.15801,0.42887,0.0
-0.15801,0.45144,0.0
-0.15801,0.47402,0.0
-0.15801,0.49659,0.0
-0.15801,0.51916,0.0
-0.15801,0.54173,0.0
-0.15801,0.5643,0.0
-0.15801,0.58688,0.0
-0.15801,0.60945,0.0
-0.15801,0.63202,0.0
-0.15801,0.65459,0.0
-0.15801,0.67717,0.0
-0.15801,0.69974,0.0
-0.15801,0.72231,0.0
-0.15801,0.74488,0.0
-0.15801,0.76745,0.0
-0.15801,0.79003,0.0
-0.13543,-0.79003,0.0
-0.13543,-0.76745,0.0
-0.13543,-0.74488,0.0
-0.13543,-0.72231,0.0
-0.13543,-0.69974,0.0
-0.13543,-0.67717,0.0
-0.13543,-0.65459,0.0
-0.13543,-0.63202,0.0
-0.13543,-0.60945,0.0
-0.13543,-0.58688,0.0
-0.13543,-0.5643,0.0
-0.13543,-0.54173,0.0
-0.13543,-0.51916,0.0
-0.13543,-0.49659,0.0
-0.13543,-0.47402,0.0
-0.13543,-0.45144,0.0
-0.13543,-0.42887,0.0
-0.13543,-0.4063,0.0
-0.13543,-0.38373,0.0
-0.13543,-0.36115,0.0
-0.13543,-0.33858,0.0
-0.13543,-0.31601,0.0
-0.13543,-0.29344,0.0
-0.13543,-0.27087,0.0
-0.13543,-0.24829,0.0
-0.13543,-0.22572,0.0
-0.13543,-0.20315,0.0
-0.13543,-0.18058,0.0
-0.13543,-0.15801,0.0
-0.13543,-0.13543,0.0
-0.13543,-0.11286,0.0
-0.13543,-0.09029,0.0
-0.13543,-0.06772,0.0
-0.13543,-0.04514,0.0
-0.13543,-0.02257,0.0
-0.13543,0,0.0
-0.13543,0.02257,0.0
-0.13543,0.04514,0.0
-0.13543,0.06772,0.0
-0.13543,0.09029,0.0
-0.13543,0.11286,0.0
-0.13543,0.13543,0.0
-0.13543,0.15801,0.0
-0.13543,0.18058,0.0
-0.13543,0.20315,0.0
-0.13543,0.22572,0.0
-0.13543,0.24829,0.0
-0.13543,0.27087,0.0
-0.13543,0.29344,0.0
-0.13543,0.31601,0.0
-0.13543,0.33858,0.0
-0.13543,0.36115,0.0
-0.13543,0.38373,0.0
-0.13543,0.4063,0.0
-0.13543,0.42887,0.0
-0.13543,0.45144,0.0
-0.13543,0.47402,0.0
-0.13543,0.49659,0.0
-0.13543,0.51916,0.0
-0.13543,0.54173,0.0
-0.13543,0.5643,0.0
-0.13543,0.58688,0.0
-0.13543,0.60945,0.0
-0.13543,0.63202,0.0
-0.13543,0.65459,0.0
-0.13543,0.67717,0.0
-0.13543,0.69974,0.0
-0.13543,0.72231,0.0
-0.13543,0.74488,0.0
-0.13543,0.76745,0.0
-0.13543,0.79003,0.0
-0.11286,-0.79003,0.0
-0.11286,-0.76745,0.0
-0.11286,-0.74488,0.0
-0.11286,-0.72231,0.0
-0.11286,-0.69974,0.0
-0.11286,-0.67717,0.0
-0.11286,-0.65459,0.0
-0.11286,-0.63202,0.0
-0.11286,-0.60945,0.0
-0.11286,-0.58688,0.0
-0.11286,-0.5643,0.0
-0.11286,-0.54173,0.0
-0.11286,-0.51916,0.0
-0.11286,-0.49659,0.0
-0.11286,-0.47402,0.0
-0.11286,-0.45144,0.0
-0.11286,-0.42887,0.0
-0.11286,-0.4063,0.0
-0.11286,-0.38373,0.0
-0.11286,-0.36115,0.0
-0.11286,-0.33858,0.0
-0.11286,-0.31601,0.0
-0.11286,-0.29344,0.0
-0.11286,-0.27087,0.0
-0.11286,-0.24829,0.0
-0.11286,-0.22572,0.0
-0.11286,-0.20315,0.0
-0.11286,-0.18058,0.0
-0.11286,-0.15801,0.0
-0.11286,-0.13543,0.0
-0.11286,-0.11286,0.0
-0.11286,-0.09029,0.0
-0.11286,-0.06772,0.0
-0.11286,-0.04514,0.0
-0.11286,-0.02257,0.0
-0.11286,0,0.0
-0.11286,0.02257,0.0
-0.11286,0.04514,0.0
-0.11286,0.06772,0.0
-0.11286,0.09029,0.0
-0.11286,0.11286,0.0
-0.11286,0.13543,0.0
-0.11286,0.15801,0.0
-0.11286,0.18058,0.0
-0.11286,0.20315,0.0
-0.11286,0.22572,0.0
-0.11286,0.24829,0.0
-0.11286,0.27087,0.0
-0.11286,0.29344,0.0
-0.11286,0.31601,0.0
-0.11286,0.33858,0.0
-0.11286,0.36115,0.0
-0.11286,0.38373,0.0
-0.11286,0.4063,0.0
-0.11286,0.42887,0.0
-0.11286,0.45144,0.0
-0.11286,0.47402,0.0
-0.11286,0.49659,0.0
-0.11286,0.51916,0.0
-0.11286,0.54173,0.0
-0.11286,0.5643,0.0
-0.11286,0.58688,0.0
-0.11286,0.60945,0.0
-0.11286,0.63202,0.0
-0.11286,0.65459,0.0
-0.11286,0.67717,0.0
-0.11286,0.69974,0.0
-0.11286,0.72231,0.0
-0.11286,0.74488,0.0
-0.11286,0.76745,0.0
-0.11286,0.79003,0.0
-0.09029,-0.79003,0.0
-0.09029,-0.76745,0.0
-0.09029,-0.74488,0.0
-0.09029,-0.72231,0.0
-0.09029,-0.69974,0.0
-0.09029,-0.67717,0.0
-0.09029,-0.65459,0.0
-0.09029,-0.63202,0.0
-0.09029,-0.60945,0.0
-0.09029,-0.58688,0.0
-0.09029,-0.5643,0.0
-0.09029,-0.54173,0.0
-0.09029,-0.51916,0.0
-0.09029,-0.49659,0.0
-0.09029,-0.47402,0.0
-0.09029,-0.45144,0.0
-0.09029,-0.42887,0.0
-0.09029,-0.4063,0.0
-0.09029,-0.38373,0.0
-0.09029,-0.36115,0.0
-0.09029,-0.33858,0.0
-0.09029,-0.31601,0.0
-0.09029,-0.29344,0.0
-0.09029,-0.27087,0.0
-0.09029,-0.24829,0.0
-0.09029,-0.22572,0.0
-0.09029,-0.20315,0.0
-0.09029,-0.18058,0.0
-0.09029,-0.15801,0.0
-0.09029,-0.13543,0.0
-0.09029,-0.11286,0.0
-0.09029,-0.09029,0.0
-0.09029,-0.06772,0.0
-0.09029,-0.04514,0.0
-0.09029,-0.02257,0.0
-0.09029,0,0.0
-0.09029,0.02257,0.0
-0.09029,0.04514,0.0
-0.09029,0.06772,0.0
-0.09029,0.09029,0.0
-0.09029,0.11286,0.0
-0.09029,0.13543,0.0
-0.09029,0.15801,0.0
-0.09029,0.18058,0.0
-0.09029,0.20315,0.0
-0.09029,0.22572,0.0
-0.09029,0.24829,0.0
-0.09029,0.27087,0.0
-0.09029,0.29344,0.0
-0.09029,0.31601,0.0
-0.09029,0.33858,0.0
-0.09029,0.36115,0.0
-0.09029,0.38373,0.0
-0.09029,0.4063,0.0
-0.09029,0.42887,0.0
-0.09029,0.45144,0.0
-0.09029,0.47402,0.0
-0.09029,0.49659,0.0
-0.09029,0.51916,0.0
-0.09029,0.54173,0.0
-0.09029,0.5643,0.0
-0.09029,0.58688,0.0
-0.09029,0.60945,0.0
-0.09029,0.63202,0.0
-0.09029,0.65459,0.0
-0.09029,0.67717,0.0
-0.09029,0.69974,0.0
-0.09029,0.72231,0.0
-0.09029,0.74488,0.0
-0.09029,0.76745,0.0
-0.09029,0.79003,0.0
-0.06772,-0.79003,0.0
-0.06772,-0.76745,0.0
-0.06772,-0.74488,0.0
-0.06772,-0.72231,0.0
-0.06772,-0.69974,0.0
-0.06772,-0.67717,0.0
-0.06772,-0.65459,0.0
-0.06772,-0.63202,0.0
-0.06772,-0.60945,0.0
-0.06772,-0.58688,0.0
-0.06772,-0.5643,0.0
-0.06772,-0.54173,0.0
-0.06772,-0.51916,0.0
-0.06772,-0.49659,0.0
-0.06772,-0.47402,0.0
-0.06772,-0.45144,0.0
-0.06772,-0.42887,0.0
-0.06772,-0.4063,0.0
-0.06772,-0.38373,0.0
-0.06772,-0.36115,0.0
-0.06772,-0.33858,0.0
-0.06772,-0.31601,0.0
-0.06772,-0.29344,0.0
-0.06772,-0.27087,0.0
-0.06772,-0.24829,0.0
-0.06772,-0.22572,0.0
-0.06772,-0.20315,0.0
-0.06772,-0.18058,0.0
-0.06772,-0.15801,0.0
-0.06772,-0.13543,0.0
-0.06772,-0.11286,0.0
-0.06772,-0.09029,0.0
-0.06772,-0.06772,0.0
-0.06772,-0.04514,0.0
-0.06772,-0.02257,0.0
-0.06772,0,0.0
-0.06772,0.02257,0.0
-0.06772,0.04514,0.0
-0.06772,0.06772,0.0
-0.06772,0.09029,0.0
-0.06772,0.11286,0.0
-0.06772,0.13543,0.0
-0.06772,0.15801,0.0
-0.06772,0.18058,0.0
-0.06772,0.20315,0.0
-0.06772,0.22572,0.0
-0.06772,0.24829,0.0
-0.06772,0.27087,0.0
-0.06772,0.29344,0.0
-0.06772,0.31601,0.0
-0.06772,0.33858,0.0
-0.06772,0.36115,0.0
-0.06772,0.38373,0.0
-0.06772,0.4063,0.0
-0.06772,0.42887,0.0
-0.06772,0.45144,0.0
-0.06772,0.47402,0.0
-0.06772,0.49659,0.0
-0.06772,0.51916,0.0
-0.06772,0.54173,0.0
-0.06772,0.5643,0.0
-0.06772,0.58688,0.0
-0.06772,0.60945,0.0
-0.06772,0.63202,0.0
-0.06772,0.65459,0.0
-0.06772,0.67717,0.0
-0.06772,0.69974,0.0
-0.06772,0.72231,0.0
-0.06772,0.74488,0.0
-0.06772,0.76745,0.0
-0.06772,0.79003,0.0
-0.04514,-0.79003,0.0
-0.04514,-0.76745,0.0
-0.04514,-0.74488,0.0
-0.04514,-0.72231,0.0
-0.04514,-0.69974,0.0
-0.04514,-0.67717,0.0
-0.04514,-0.65459,0.0
-0.04514,-0.63202,0.0
-0.04514,-0.60945,0.0
-0.04514,-0.58688,0.0
-0.04514,-0.5643,0.0
-0.04514,-0.54173,0.0
-0.04514,-0.51916,0.0
-0.04514,-0.49659,0.0
-0.04514,-0.47402,0.0
-0.04514,-0.45144,0.0
-0.04514,-0.42887,0.0
-0.04514,-0.4063,0.0
-0.04514,-0.38373,0.0
-0.04514,-0.36115,0.0
-0.04514,-0.33858,0.0
-0.04514,-0.31601,0.0
-0.04514,-0.29344,0.0
-0.04514,-0.27087,0.0
-0.04514,-0.24829,0.0
-0.04514,-0.22572,0.0
-0.04514,-0.20315,0.0
-0.04514,-0.18058,0.0
-0.04514,-0.15801,0.0
-0.04514,-0.13543,0.0
-0.04514,-0.11286,0.0
-0.04514,-0.09029,0.0
-0.04514,-0.06772,0.0
-0.04514,-0.04514,0.0
-0.04514,-0.02257,0.0
-0.04514,0,0.0
-0.04514,0.02257,0.0
-0.04514,0.04514,0.0
-0.04514,0.06772,0.0
-0.04514,0.09029,0.0
-0.04514,0.11286,0.0
-0.04514,0.13543,0.0
-0.04514,0.15801,0.0
-0.04514,0.18058,0.0
-0.04514,0.20315,0.0
-0.04514,0.22572,0.0
-0.04514,0.24829,0.0
-0.04514,0.27087,0.0
-0.04514,0.29344,0.0
-0.04514,0.31601,0.0
-0.04514,0.33858,0.0
-0.04514,0.36115,0.0
-0.04514,0.38373,0.0
-0.04514,0.4063,0.0
-0.04514,0.42887,0.0
-0.04514,0.45144,0.0
-0.04514,0.47402,0.0
-0.04514,0.49659,0.0
-0.04514,0.51916,0.0
-0.04514,0.54173,0.0
-0.04514,0.5643,0.0
-0.04514,0.58688,0.0
-0.04514,0.60945,0.0
-0.04514,0.63202,0.0
-0.04514,0.65459,0.0
-0.04514,0.67717,0.0
-0.04514,0.69974,0.0
-0.04514,0.72231,0.0
-0.04514,0.74488,0.0
-0.04514,0.76745,0.0
-0.04514,0.79003,0.0
-0.02257,-0.79003,0.0
-0.02257,-0.76745,0.0
-0.02257,-0.74488,0.0
-0.02257,-0.72231,0.0
-0.02257,-0.69974,0.0
-0.02257,-0.67717,0.0
-0.02257,-0.65459,0.0
-0.02257,-0.63202,0.0
-0.02257,-0.60945,0.0
-0.02257,-0.58688,0.0
-0.02257,-0.5643,0.0
-0.02257,-0.54173,0.0
-0.02257,-0.51916,0.0
-0.02257,-0.49659,0.0
-0.02257,-0.47402,0.0
-0.02257,-0.45144,0.0
-0.02257,-0.42887,0.0
-0.02257,-0.4063,0.0
-0.02257,-0.38373,0.0
-0.02257,-0.36115,0.0
-0.02257,-0.33858,0.0
-0.02257,-0.31601,0.0
-0.02257,-0.29344,0.0
-0.02257,-0.27087,0.0
-0.02257,-0.24829,0.0
-0.02257,-0.22572,0.0
-0.02257,-0.20315,0.0
-0.02257,-0.18058,0.0
-0.02257,-0.15801,0.0
-0.02257,-0.13543,0.0
-0.02257,-0.11286,0.0
-0.02257,-0.09029,0.0
-0.02257,-0.06772,0.0
-0.02257,-0.04514,0.0
-0.02257,-0.02257,0.0
-0.02257,0,0.0
-0.02257,0.02257,0.0
-0.02257,0.04514,0.0
-0.02257,0.06772,0.0
-0.02257,0.09029,0.0
-0.02257,0.11286,0.0
-0.02257,0.13543,0.0
-0.02257,0.15801,0.0
-0.02257,0.18058,0.0
-0.02257,0.20315,0.0
-0.02257,0.22572,0.0
-0.02257,0.24829,0.0
-0.02257,0.27087,0.0
-0.02257,0.29344,0.0
-0.02257,0.31601,0.0
-0.02257,0.33858,0.0
-0.02257,0.36115,0.0
-0.02257,0.38373,0.0
-0.02257,0.4063,0.0
-0.02257,0.42887,0.0
-0.02257,0.45144,0.0
-0.02257,0.47402,0.0
-0.02257,0.49659,0.0
-0.02257,0.51916,0.0
-0.02257,0.54173,0.0
-0.02257,0.5643,0.0
-0.02257,0.58688,0.0
-0.02257,0.60945,0.0
-0.02257,0.63202,0.0
-0.02257,0.65459,0.0
-0.02257,0.67717,0.0
-0.02257,0.69974,0.0
-0.02257,0.72231,0.0
-0.02257,0.74488,0.0
-0.02257,0.76745,0.0
-0.02257,0.79003,0.0
0,-0.79003,0.0
0,-0.76745,0.0
0,-0.74488,0.0
0,-0.72231,0.0
0,-0.69974,0.0
0,-0.67717,0.0
0,-0.65459,0.0
0,-0.63202,0.0
0,-0.60945,0.0
0,-0.58688,0.0
0,-0.5643,0.0
0,-0.54173,0.0
0,-0.51916,0.0
0,-0.49659,0.0
0,-0.47402,0.0
0,-0.45144,0.0
0,-0.42887,0.0
0,-0.4063,0.0
0,-0.38373,0.0
0,-0.36115,0.0
0,-0.33858,0.0
0,-0.31601,0.0
0,-0.29344,0.0
0,-0.27087,0.0
0,-0.24829,0.0
0,-0.22572,0.0
0,-0.20315,0.0
0,-0.18058,0.0
0,-0.15801,0.0
0,-0.13543,0.0
0,-0.11286,0.0
0,-0.09029,0.0
0,-0.06772,0.0
0,-0.04514,0.0
0,-0.02257,0.0
0,0,0.0
0,0.02257,0.0
0,0.04514,0.0
0,0.06772,0.0
0,0.09029,0.0
0,0.11286,0.0
0,0.13543,0.0
0,0.15801,0.0
0,0.18058,0.0
0,0.20315,0.0
0,0.22572,0.0
0,0.24829,0.0
0,0.27087,0.0
0,0.29344,0.0
0,0.31601,0.0
0,0.33858,0.0
0,0.36115,0.0
0,0.38373,0.0
0,0.4063,0.0
0,0.42887,0.0
0,0.45144,0.0
0,0.47402,0.0
0,0.49659,0.0
0,0.51916,0.0
0,0.54173,0.0
0,0.5643,0.0
0,0.58688,0.0
0,0.60945,0.0
0,0.63202,0.0
0,0.65459,0.0
0,0.67717,0.0
0,0.69974,0.0
0,0.72231,0.0
0,0.74488,0.0
0,0.76745,0.0
0,0.79003,0.0
0.02257,-0.79003,0.0
0.02257,-0.76745,0.0
0.02257,-0.74488,0.0
0.02257,-0.72231,0.0
0.02257,-0.69974,0.0
0.02257,-0.67717,0.0
0.02257,-0.65459,0.0
0.02257,-0.63202,0.0
0.02257,-0.60945,0.0
0.02257,-0.58688,0.0
0.02257,-0.5643,0.0
0.02257,-0.54173,0.0
0.02257,-0.51916,0.0
0.02257,-0.49659,0.0
0.02257,-0.47402,0.0
0.02257,-0.45144,0.0
0.02257,-0.42887,0.0
0.02257,-0.4063,0.0
0.02257,-0.38373,0.0
0.02257,-0.36115,0.0
0.02257,-0.33858,0.0
0.02257,-0.31601,0.0
0.02257,-0.29344,0.0
0.02257,-0.27087,0.0
0.02257,-0.24829,0.0
0.02257,-0.22572,0.0
0.02257,-0.20315,0.0
0.02257,-0.18058,0.0
0.02257,-0.15801,0.0
0.02257,-0.13543,0.0
0.02257,-0.11286,0.0
0.02257,-0.09029,0.0
0.02257,-0.06772,0.0
0.02257,-0.04514,0.0
0.02257,-0.02257,0.0
0.02257,0,0.0
0.02257,0.02257,0.0
0.02257,0.04514,0.0
0.02257,0.06772,0.0
0.02257,0.09029,0.0
0.02257,0.11286,0.0
0.02257,0.13543,0.0
0.02257,0.15801,0.0
0.02257,0.18058,0.0
0.02257,0.20315,0.0
0.02257,0.22572,0.0
0.02257,0.24829,0.0
0.02257,0.27087,0.0
0.02257,0.29344,0.0
0.02257,0.31601,0.0
0.02257,0.33858,0.0
0.02257,0.36115,0.0
0.02257,0.38373,0.0
0.02257,0.4063,0.0
0.02257,0.42887,0.0
0.02257,0.45144,0.0
0.02257,0.47402,0.0
0.02257,0.49659,0.0
0.02257,0.51916,0.0
0.02257,0.54173,0.0
0.02257,0.5643,0.0
0.02257,0.58688,0.0
0.02257,0.60945,0.0
0.02257,0.63202,0.0
0.02257,0.65459,0.0
0.02257,0.67717,0.0
0.02257,0.69974,0.0
0.02257,0.72231,0.0
0.02257,0.74488,0.0
0.02257,0.76745,0.0
0.02257,0.79003,0.0
0.04514,-0.79003,0.0
0.04514,-0.76745,0.0
0.04514,-0.74488,0.0
0.04514,-0.72231,0.0
0.04514,-0.69974,0.0
0.04514,-0.67717,0.0
0.04514,-0.65459,0.0
0.04514,-0.63202,0.0
0.04514,-0.60945,0.0
0.04514,-0.58688,0.0
0.04514,-0.5643,0.0
0.04514,-0.54173,0.0
0.04514,-0.51916,0.0
0.04514,-0.49659,0.0
0.04514,-0.47402,0.0
0.04514,-0.45144,0.0
0.04514,-0.42887,0.0
0.04514,-0.4063,0.0
0.04514,-0.38373,0.0
0.04514,-0.36115,0.0
0.04514,-0.33858,0.0
0.04514,-0.31601,0.0
0.04514,-0.29344,0.0
0.04514,-0.27087,0.0
0.04514,-0.24829,0.0
0.04514,-0.22572,0.0
0.04514,-0.20315,0.0
0.04514,-0.18058,0.0
0.04514,-0.15801,0.0
0.04514,-0.13543,0.0
0.04514,-0.11286,0.0
0.04514,-0.09029,0.0
0.04514,-0.06772,0.0
0.04514,-0.04514,0.0
0.04514,-0.02257,0.0
0.04514,0,0.0
0.04514,0.02257,0.0
0.04514,0.04514,0.0
0.04514,0.06772,0.0
0.04514,0.09029,0.0
0.04514,0.11286,0.0
0.04514,0.13543,0.0
0.04514,0.15801,0.0
0.04514,0.18058,0.0
0.04514,0.20315,0.0
0.04514,0.22572,0.0
0.04514,0.24829,0.0
0.04514,0.27087,0.0
0.04514,0.29344,0.0
0.04514,0.31601,0.0
0.04514,0.33858,0.0
0.04514,0.36115,0.0
0.04514,0.38373,0.0
0.04514,0.4063,0.0
0.04514,0.42887,0.0
0.04514,0.45144,0.0
0.04514,0.47402,0.0
0.04514,0.49659,0.0
0.04514,0.51916,0.0
0.04514,0.54173,0.0
0.04514,0.5643,0.0
0.04514,0.58688,0.0
0.04514,0.60945,0.0
0.04514,0.63202,0.0
0.04514,0.65459,0.0
0.04514,0.67717,0.0
0.04514,0.69974,0.0
0.04514,0.72231,0.0
0.04514,0.74488,0.0
0.04514,0.76745,0.0
0.04514,0.79003,0.0
0.06772,-0.79003,0.0
0.06772,-0.76745,0.0
0.06772,-0.74488,0.0
0.06772,-0.72231,0.0
0.06772,-0.69974,0.0
0.06772,-0.67717,0.0
0.06772,-0.65459,0.0
0.06772,-0.63202,0.0
0.06772,-0.60945,0.0
0.06772,-0.58688,0.0
0.06772,-0.5643,0.0
0.06772,-0.54173,0.0
0.06772,-0.51916,0.0
0.06772,-0.49659,0.0
0.06772,-0.47402,0.0
0.06772,-0.45144,0.0
0.06772,-0.42887,0.0
0.06772,-0.4063,0.0
0.06772,-0.38373,0.0
0.06772,-0.36115,0.0
0.06772,-0.33858,0.0
0.06772,-0.31601,0.0
0.06772,-0.29344,0.0
0.06772,-0.27087,0.0
0.06772,-0.24829,0.0
0.06772,-0.22572,0.0
0.06772,-0.20315,0.0
0.06772,-0.18058,0.0
0.06772,-0.15801,0.0
0.06772,-0.13543,0.0
0.06772,-0.11286,0.0
0.06772,-0.09029,0.0
0.06772,-0.06772,0.0
0.06772,-0.04514,0.0
0.06772,-0.02257,0.0
0.06772,0,0.0
0.06772,0.02257,0.0
0.06772,0.04514,0.0
0.06772,0.06772,0.0
0.06772,0.09029,0.0
0.06772,0.11286,0.0
0.06772,0.13543,0.0
0.06772,0.15801,0.0
0.06772,0.18058,0.0
0.06772,0.20315,0.0
0.06772,0.22572,0.0
0.06772,0.24829,0.0
0.06772,0.27087,0.0
0.06772,0.29344,0.0
0.06772,0.31601,0.0
0.06772,0.33858,0.0
0.06772,0.36115,0.0
0.06772,0.38373,0.0
0.06772,0.4063,0.0
0.06772,0.42887,0.0
0.06772,0.45144,0.0
0.06772,0.47402,0.0
0.06772,0.49659,0.0
0.06772,0.51916,0.0
0.06772,0.54173,0.0
0.06772,0.5643,0.0
0.06772,0.58688,0.0
0.06772,0.60945,0.0
0.06772,0.63202,0.0
0.06772,0.65459,0.0
0.06772,0.67717,0.0
0.06772,0.69974,0.0
0.06772,0.72231,0.0
0.06772,0.74488,0.0
0.06772,0.76745,0.0
0.06772,0.79003,0.0
0.09029,-0.79003,0.0
0.09029,-0.76745,0.0
0.09029,-0.74488,0.0
0.09029,-0.72231,0.0
0.09029,-0.69974,0.0
0.09029,-0.67717,0.0
0.09029,-0.65459,0.0
0.09029,-0.63202,0.0
0.09029,-0.60945,0.0
0.09029,-0.58688,0.0
0.09029,-0.5643,0.0
0.09029,-0.54173,0.0
0.09029,-0.51916,0.0
0.09029,-0.49659,0.0
0.09029,-0.47402,0.0
0.09029,-0.45144,0.0
0.09029,-0.42887,0.0
0.09029,-0.4063,0.0
0.09029,-0.38373,0.0
0.09029,-0.36115,0.0
0.09029,-0.33858,0.0
0.09029,-0.31601,0.0
0.09029,-0.29344,0.0
0.09029,-0.27087,0.0
0.09029,-0.24829,0.0
0.09029,-0.22572,0.0
0.09029,-0.20315,0.0
0.09029,-0.18058,0.0
0.09029,-0.15801,0.0
0.09029,-0.13543,0.0
0.09029,-0.11286,0.0
0.09029,-0.09029,0.0
0.09029,-0.06772,0.0
0.09029,-0.04514,0.0
0.09029,-0.02257,0.0
0.09029,0,0.0
0.09029,0.02257,0.0
0.09029,0.04514,0.0
0.09029,0.06772,0.0
0.09029,0.09029,0.0
0.09029,0.11286,0.0
0.09029,0.13543,0.0
0.09029,0.15801,0.0
0.09029,0.18058,0.0
0.09029,0.20315,0.0
0.09029,0.22572,0.0
0.09029,0.24829,0.0
0.09029,0.27087,0.0
0.09029,0.29344,0.0
0.09029,0.31601,0.0
0.09029,0.33858,0.0
0.09029,0.36115,0.0
0.09029,0.38373,0.0
0.09029,0.4063,0.0
0.09029,0.42887,0.0
0.09029,0.45144,0.0
0.09029,0.47402,0.0
0.09029,0.49659,0.0
0.09029,0.51916,0.0
0.09029,0.54173,0.0
0.09029,0.5643,0.0
0.09029,0.58688,0.0
0.09029,0.60945,0.0
0.09029,0.63202,0.0
0.09029,0.65459,0.0
0.09029,0.67717,0.0
0.09029,0.69974,0.0
0.09029,0.72231,0.0
0.09029,0.74488,0.0
0.09029,0.76745,0.0
0.09029,0.79003,0.0
0.11286,-0.79003,0.0
0.11286,-0.76745,0.0
0.11286,-0.74488,0.0
0.11286,-0.72231,0.0
0.11286,-0.69974,0.0
0.11286,-0.67717,0.0
0.11286,-0.65459,0.0
0.11286,-0.63202,0.0
0.11286,-0.60945,0.0
0.11286,-0.58688,0.0
0.11286,-0.5643,0.0
0.11286,-0.54173,0.0
0.11286,-0.51916,0.0
0.11286,-0.49659,0.0
0.11286,-0.47402,0.0
0.11286,-0.45144,0.0
0.11286,-0.42887,0.0
0.11286,-0.4063,0.0
0.11286,-0.38373,0.0
0.11286,-0.36115,0.0
0.11286,-0.33858,0.0
0.11286,-0.31601,0.0
0.11286,-0.29344,0.0
0.11286,-0.27087,0.0
0.11286,-0.24829,0.0
0.11286,-0.22572,0.0
0.11286,-0.20315,0.0
0.11286,-0.18058,0.0
0.11286,-0.15801,0.0
0.11286,-0.13543,0.0
0.11286,-0.11286,0.0
0.11286,-0.09029,0.0
0.11286,-0.06772,0.0
0.11286,-0.04514,0.0
0.11286,-0.02257,0.0
0.11286,0,0.0
0.11286,0.02257,0.0
0.11286,0.04514,0.0
0.11286,0.06772,0.0
0.11286,0.09029,0.0
0.11286,0.11286,0.0
0.11286,0.13543,0.0
0.11286,0.15801,0.0
0.11286,0.18058,0.0
0.11286,0.20315,0.0
0.11286,0.22572,0.0
0.11286,0.24829,0.0
0.11286,0.27087,0.0
0.11286,0.29344,0.0
0.11286,0.31601,0.0
0.11286,0.33858,0.0
0.11286,0.36115,0.0
0.11286,0.38373,0.0
0.11286,0.4063,0.0
0.11286,0.42887,0.0
0.11286,0.45144,0.0
0.11286,0.47402,0.0
0.11286,0.49659,0.0
0.11286,0.51916,0.0
0.11286,0.54173,0.0
0.11286,0.5643,0.0
0.11286,0.58688,0.0
0.11286,0.60945,0.0
0.11286,0.63202,0.0
0.11286,0.65459,0.0
0.11286,0.67717,0.0
0.11286,0.69974,0.0
0.11286,0.72231,0.0
0.11286,0.74488,0.0
0.11286,0.76745,0.0
0.11286,0.79003,0.0
0.13543,-0.79003,0.0
0.13543,-0.76745,0.0
0.13543,-0.74488,0.0
0.13543,-0.72231,0.0
0.13543,-0.69974,0.0
0.13543,-0.67717,0.0
0.13543,-0.65459,0.0
0.13543,-0.63202,0.0
0.13543,-0.60945,0.0
0.13543,-0.58688,0.0
0.13543,-0.5643,0.0
0.13543,-0.54173,0.0
0.13543,-0.51916,0.0
0.13543,-0.49659,0.0
0.13543,-0.47402,0.0
0.13543,-0.45144,0.0
0.13543,-0.42887,0.0
0.13543,-0.4063,0.0
0.13543,-0.38373,0.0
0.13543,-0.36115,0.0
0.13543,-0.33858,0.0
0.13543,-0.31601,0.0
0.13543,-0.29344,0.0
0.13543,-0.27087,0.0
0.13543,-0.24829,0.0
0.13543,-0.22572,0.0
0.13543,-0.20315,0.0
0.13543,-0.18058,0.0
0.13543,-0.15801,0.0
0.13543,-0.13543,0.0
0.13543,-0.11286,0.0
0.13543,-0.09029,0.0
0.13543,-0.06772,0.0
0.13543,-0.04514,0.0
0.13543,-0.02257,0.0
0.13543,0,0.0
0.13543,0.02257,0.0
0.13543,0.04514,0.0
0.13543,0.06772,0.0
0.13543,0.09029,0.0
0.13543,0.11286,0.0
0.13543,0.13543,0.0
0.13543,0.15801,0.0
0.13543,0.18058,0.0
0.13543,0.20315,0.0
0.13543,0.22572,0.0
0.13543,0.24829,0.0
0.13543,0.27087,0.0
0.13543,0.29344,0.0
0.13543,0.31601,0.0
0.13543,0.33858,0.0
0.13543,0.36115,0.0
0.13543,0.38373,0.0
0.13543,0.4063,0.0
0.13543,0.42887,0.0
0.13543,0.45144,0.0
0.13543,0.47402,0.0
0.13543,0.49659,0.0
0.13543,0.51916,0.0
0.13543,0.54173,0.0
0.13543,0.5643,0.0
0.13543,0.58688,0.0
0.13543,0.60945,0.0
0.13543,0.63202,0.0
0.13543,0.65459,0.0
0.13543,0.67717,0.0
0.13543,0.69974,0.0
0.13543,0.72231,0.0
0.13543,0.74488,0.0
0.13543,0.76745,0.0
0.13543,0.79003,0.0
0.15801,-0.79003,0.0
0.15801,-0.76745,0.0
0.15801,-0.74488,0.0
0.15801,-0.72231,0.0
0.15801,-0.69974,0.0
0.15801,-0.67717,0.0
0.15801,-0.65459,0.0
0.15801,-0.63202,0.0
0.15801,-0.60945,0.0
0.15801,-0.58688,0.0
0.15801,-0.5643,0.0
0.15801,-0.54173,0.0
0.15801,-0.51916,0.0
0.15801,-0.49659,0.0
0.15801,-0.47402,0.0
0.15801,-0.45144,0.0
0.15801,-0.42887,0.0
0.15801,-0.4063,0.0
0.15801,-0.38373,0.0
0.15801,-0.36115,0.0
0.15801,-0.33858,0.0
0.15801,-0.31601,0.0
0.15801,-0.29344,0.0
0.15801,-0.27087,0.0
0.15801,-0.24829,0.0
0.15801,-0.22572,0.0
0.15801,-0.20315,0.0
0.15801,-0.18058,0.0
0.15801,-0.15801,0.0
0.15801,-0.13543,0.0
0.15801,-0.11286,0.0
0.15801,-0.09029,0.0
0.15801,-0.06772,0.0
0.15801,-0.04514,0.0
0.15801,-0.02257,0.0
0.15801,0,0.0
0.15801,0.02257,0.0
0.15801,0.04514,0.0
0.15801,0.06772,0.0
0.15801,0.09029,0.0
0.15801,0.11286,0.0
0.15801,0.13543,0.0
0.15801,0.15801,0.0
0.15801,0.18058,0.0
0.15801,0.20315,0.0
0.15801,0.22572,0.0
0.15801,0.24829,0.0
0.15801,0.27087,0.0
0.15801,0.29344,0.0
0.15801,0.31601,0.0
0.15801,0.33858,0.0
0.15801,0.36115,0.0
0.15801,0.38373,0.0
0.15801,0.4063,0.0
0.15801,0.42887,0.0
0.15801,0.45144,0.0
0.15801,0.47402,0.0
0.15801,0.49659,0.0
0.15801,0.51916,0.0
0.15801,0.54173,0.0
0.15801,0.5643,0.0
0.15801,0.58688,0.0
0.15801,0.60945,0.0
0.15801,0.63202,0.0
0.15801,0.65459,0.0
0.15801,0.67717,0.0
0.15801,0.69974,0.0
0.15801,0.72231,0.0
0.15801,0.74488,0.0
0.15801,0.76745,0.0
0.15801,0.79003,0.0
0.18058,-0.79003,0.0
0.18058,-0.76745,0.0
0.18058,-0.74488,0.0
0.18058,-0.72231,0.0
0.18058,-0.69974,0.0
0.18058,-0.67717,0.0
0.18058,-0.65459,0.0
0.18058,-0.63202,0.0
0.18058,-0.60945,0.0
0.18058,-0.58688,0.0
0.18058,-0.5643,0.0
0.18058,-0.54173,0.0
0.18058,-0.51916,0.0
0.18058,-0.49659,0.0
0.18058,-0.47402,0.0
0.18058,-0.45144,0.0
0.18058,-0.42887,0.0
0.18058,-0.4063,0.0
0.18058,-0.38373,0.0
0.18058,-0.36115,0.0
0.18058,-0.33858,0.0
0.18058,-0.31601,0.0
0.18058,-0.29344,0.0
0.18058,-0.27087,0.0
0.18058,-0.24829,0.0
0.18058,-0.22572,0.0
0.18058,-0.20315,0.0
0.18058,-0.18058,0.0
0.18058,-0.15801,0.0
0.18058,-0.13543,0.0
0.18058,-0.11286,0.0
0.18058,-0.09029,0.0
0.18058,-0.06772,0.0
0.18058,-0.04514,0.0
0.18058,-0.02257,0.0
0.18058,0,0.0
0.18058,0.02257,0.0
0.18058,0.04514,0.0
0.18058,0.06772,0.0
0.18058,0.09029,0.0
0.18058,0.11286,0.0
0.18058,0.13543,0.0
0.18058,0.15801,0.0
0.18058,0.18058,0.0
0.18058,0.20315,0.0
0.18058,0.22572,0.0
0.18058,0.24829,0.0
0.18058,0.27087,0.0
0.18058,0.29344,0.0
0.18058,0.31601,0.0
0.18058,0.33858,0.0
0.18058,0.36115,0.0
0.18058,0.38373,0.0
0.18058,0.4063,0.0
0.18058,0.42887,0.0
0.18058,0.45144,0.0
0.18058,0.47402,0.0
0.18058,0.49659,0.0
0.18058,0.51916,0.0
0.18058,0.54173,0.0
0.18058,0.5643,0.0
0.18058,0.58688,0.0
0.18058,0.60945,0.0
0.18058,0.63202,0.0
0.18058,0.65459,0.0
0.18058,0.67717,0.0
0.18058,0.69974,0.0
0.18058,0.72231,0.0
0.18058,0.74488,0.0
0.18058,0.76745,0.0
0.18058,0.79003,0.0
0.20315,-0.79003,0.0
0.20315,-0.76745,0.0
0.20315,-0.74488,0.0
0.20315,-0.72231,0.0
0.20315,-0.69974,0.0
0.20315,-0.67717,0.0
0.20315,-0.65459,0.0
0.20315,-0.63202,0.0
0.20315,-0.60945,0.0
0.20315,-0.58688,0.0
0.20315,-0.5643,0.0
0.20315,-0.54173,0.0
0.20315,-0.51916,0.0
0.20315,-0.49659,0.0
0.20315,-0.47402,0.0
0.20315,-0.45144,0.0
0.20315,-0.42887,0.0
0.20315,-0.4063,0.0
0.20315,-0.38373,0.0
0.20315,-0.36115,0.0
0.20315,-0.33858,0.0
0.20315,-0.31601,0.0
0.20315,-0.29344,0.0
0.20315,-0.27087,0.0
0.20315,-0.24829,0.0
0.20315,-0.22572,0.0
0.20315,-0.20315,0.0
0.20315,-0.18058,0.0
0.20315,-0.15801,0.0
0.20315,-0.13543,0.0
0.20315,-0.11286,0.0
0.20315,-0.09029,0.0
0.20315,-0.06772,0.0
0.20315,-0.04514,0.0
0.20315,-0.02257,0.0
0.20315,0,0.0
0.20315,0.02257,0.0
0.20315,0.04514,0.0
0.20315,0.06772,0.0
0.20315,0.09029,0.0
0.20315,0.11286,0.0
0.20315,0.13543,0.0
0.20315,0.15801,0.0
0.20315,0.18058,0.0
0.20315,0.20315,0.0
0.20315,0.22572,0.0
0.20315,0.24829,0.0
0.20315,0.27087,0.0
0.20315,0.29344,0.0
0.20315,0.31601,0.0
0.20315,0.33858,0.0
0.20315,0.36115,0.0
0.20315,0.38373,0.0
0.20315,0.4063,0.0
0.20315,0.42887,0.0
0.20315,0.45144,0.0
0.20315,0.47402,0.0
0.20315,0.49659,0.0
0.20315,0.51916,0.0
0.20315,0.54173,0.0
0.20315,0.5643,0.0
0.20315,0.58688,0.0
0.20315,0.60945,0.0
0.20315,0.63202,0.0
0.20315,0.65459,0.0
0.20315,0.67717,0.0
0.20315,0.69974,0.0
0.20315,0.72231,0.0
0.20315,0.74488,0.0
0.20315,0.76745,0.0
0.20315,0.79003,0.0
0.22572,-0.79003,0.0
0.22572,-0.76745,0.0
0.22572,-0.74488,0.0
0.22572,-0.72231,0.0
0.22572,-0.69974,0.0
0.22572,-0.67717,0.0
0.22572,-0.65459,0.0
0.22572,-0.63202,0.0
0.22572,-0.60945,0.0
0.22572,-0.58688,0.0
0.22572,-0.5643,0.0
0.22572,-0.54173,0.0
0.22572,-0.51916,0.0
0.22572,-0.49659,0.0
0.22572,-0.47402,0.0
0.22572,-0.45144,0.0
0.22572,-0.42887,0.0
0.22572,-0.4063,0.0
0.22572,-0.38373,0.0
0.22572,-0.36115,0.0
0.22572,-0.33858,0.0
0.22572,-0.31601,0.0
0.22572,-0.29344,0.0
0.22572,-0.27087,0.0
0.22572,-0.24829,0.0
0.22572,-0.22572,0.0
0.22572,-0.20315,0.0
0.22572,-0.18058,0.0
0.22572,-0.15801,0.0
0.22572,-0.13543,0.0
0.22572,-0.11286,0.0
0.22572,-0.09029,0.0
0.22572,-0.06772,0.0
0.22572,-0.04514,0.0
0.22572,-0.02257,0.0
0.22572,0,0.0
0.22572,0.02257,0.0
0.22572,0.04514,0.0
0.22572,0.06772,0.0
0.22572,0.09029,0.0
0.22572,0.11286,0.0
0.22572,0.13543,0.0
0.22572,0.15801,0.0
0.22572,0.18058,0.0
0.22572,0.20315,0.0
0.22572,0.22572,0.0
0.22572,0.24829,0.0
0.22572,0.27087,0.0
0.22572,0.29344,0.0
0.22572,0.31601,0.0
0.22572,0.33858,0.0
0.22572,0.36115,0.0
0.22572,0.38373,0.0
0.22572,0.4063,0.0
0.22572,0.42887,0.0
0.22572,0.45144,0.0
0.22572,0.47402,0.0
0.22572,0.49659,0.0
0.22572,0.51916,0.0
0.22572,0.54173,0.0
0.22572,0.5643,0.0
0.22572,0.58688,0.0
0.22572,0.60945,0.0
0.22572,0.63202,0.0
0.22572,0.65459,0.0
0.22572,0.67717,0.0
0.22572,0.69974,0.0
0.22572,0.72231,0.0
0.22572,0.74488,0.0
0.22572,0.76745,0.0
0.22572,0.79003,0.0
0.24829,-0.79003,0.0
0.24829,-0.76745,0.0
0.24829,-0.74488,0.0
0.24829,-0.72231,0.0
0.24829,-0.69974,0.0
0.24829,-0.67717,0.0
0.24829,-0.65459,0.0
0.24829,-0.63202,0.0
0.24829,-0.60945,0.0
0.24829,-0.58688,0.0
0.24829,-0.5643,0.0
0.24829,-0.54173,0.0
0.24829,-0.51916,0.0
0.24829,-0.49659,0.0
0.24829,-0.47402,0.0
0.24829,-0.45144,0.0
0.24829,-0.42887,0.0
0.24829,-0.4063,0.0
0.24829,-0.38373,0.0
0.24829,-0.36115,0.0
0.24829,-0.33858,0.0
0.24829,-0.31601,0.0
0.24829,-0.29344,0.0
0.24829,-0.27087,0.0
0.24829,-0.24829,0.0
0.24829,-0.22572,0.0
0.24829,-0.20315,0.0
0.24829,-0.18058,0.0
0.24829,-0.15801,0.0
0.24829,-0.13543,0.0
0.24829,-0.11286,0.0
0.24829,-0.09029,0.0
0.24829,-0.06772,0.0
0.24829,-0.04514,0.0
0.24829,-0.02257,0.0
0.24829,0,0.0
0.24829,0.02257,0.0
0.24829,0.04514,0.0
0.24829,0.06772,0.0
0.24829,0.09029,0.0
0.24829,0.11286,0.0
0.24829,0.13543,0.0
0.24829,0.15801,0.0
0.24829,0.18058,0.0
0.24829,0.20315,0.0
0.24829,0.22572,0.0
0.24829,0.24829,0.0
0.24829,0.27087,0.0
0.24829,0.29344,0.0
0.24829,0.31601,0.0
0.24829,0.33858,0.0
0.24829,0.36115,0.0
0.24829,0.38373,0.0
0.24829,0.4063,0.0
0.24829,0.42887,0.0
0.24829,0.45144,0.0
0.24829,0.47402,0.0
0.24829,0.49659,0.0
0.24829,0.51916,0.0
0.24829,0.54173,0.0
0.24829,0.5643,0.0
0.24829,0.58688,0.0
0.24829,0.60945,0.0
0.24829,0.63202,0.0
0.24829,0.65459,0.0
0.24829,0.67717,0.0
0.24829,0.69974,0.0
0.24829,0.72231,0.0
0.24829,0.74488,0.0
0.24829,0.76745,0.0
0.24829,0.79003,0.0
0.27087,-0.79003,0.0
0.27087,-0.76745,0.0
0.27087,-0.74488,0.0
0.27087,-0.72231,0.0
0.27087,-0.69974,0.0
0.27087,-0.67717,0.0
0.27087,-0.65459,0.0
0.27087,-0.63202,0.0
0.27087,-0.60945,0.0
0.27087,-0.58688,0.0
0.27087,-0.5643,0.0
0.27087,-0.54173,0.0
0.27087,-0.51916,0.0
0.27087,-0.49659,0.0
0.27087,-0.47402,0.0
0.27087,-0.45144,0.0
0.27087,-0.42887,0.0
0.27087,-0.4063,0.0
0.27087,-0.38373,0.0
0.27087,-0.36115,0.0
0.27087,-0.33858,0.0
0.27087,-0.31601,0.0
0.27087,-0.29344,0.0
0.27087,-0.27087,0.0
0.27087,-0.24829,0.0
0.27087,-0.22572,0.0
0.27087,-0.20315,0.0
0.27087,-0.18058,0.0
0.27087,-0.15801,0.0
0.27087,-0.13543,0.0
0.27087,-0.11286,0.0
0.27087,-0.09029,0.0
0.27087,-0.06772,0.0
0.27087,-0.04514,0.0
0.27087,-0.02257,0.0
0.27087,0,0.0
0.27087,0.02257,0.0
0.27087,0.04514,0.0
0.27087,0.06772,0.0
0.27087,0.09029,0.0
0.27087,0.11286,0.0
0.27087,0.13543,0.0
0.27087,0.15801,0.0
0.27087,0.18058,0.0
0.27087,0.20315,0.0
0.27087,0.22572,0.0
0.27087,0.24829,0.0
0.27087,0.27087,0.0
0.27087,0.29344,0.0
0.27087,0.31601,0.0
0.27087,0.33858,0.0
0.27087,0.36115,0.0
0.27087,0.38373,0.0
0.27087,0.4063,0.0
0.27087,0.42887,0.0
0.27087,0.45144,0.0
0.27087,0.47402,0.0
0.27087,0.49659,0.0
0.27087,0.51916,0.0
0.27087,0.54173,0.0
0.27087,0.5643,0.0
0.27087,0.58688,0.0
0.27087,0.60945,0.0
0.27087,0.63202,0.0
0.27087,0.65459,0.0
0.27087,0.67717,0.0
0.27087,0.69974,0.0
0.27087,0.72231,0.0
0.27087,0.74488,0.0
0.27087,0.76745,0.0
0.27087,0.79003,0.0
0.29344,-0.79003,0.0
0.29344,-0.76745,0.0
0.29344,-0.74488,0.0
0.29344,-0.72231,0.0
0.29344,-0.69974,0.0
0.29344,-0.67717,0.0
0.29344,-0.65459,0.0
0.29344,-0.63202,0.0
0.29344,-0.60945,0.0
0.29344,-0.58688,0.0
0.29344,-0.5643,0.0
0.29344,-0.54173,0.0
0.29344,-0.51916,0.0
0.29344,-0.49659,0.0
0.29344,-0.47402,0.0
0.29344,-0.45144,0.0
0.29344,-0.42887,0.0
0.29344,-0.4063,0.0
0.29344,-0.38373,0.0
0.29344,-0.36115,0.0
0.29344,-0.33858,0.0
0.29344,-0.31601,0.0
0.29344,-0.29344,0.0
0.29344,-0.27087,0.0
0.29344,-0.24829,0.0
0.29344,-0.22572,0.0
0.29344,-0.20315,0.0
0.29344,-0.18058,0.0
0.29344,-0.15801,0.0
0.29344,-0.13543,0.0
0.29344,-0.11286,0.0
0.29344,-0.09029,0.0
0.29344,-0.06772,0.0
0.29344,-0.04514,0.0
0.29344,-0.02257,0.0
0.29344,0,0.0
0.29344,0.02257,0.0
0.29344,0.04514,0.0
0.29344,0.06772,0.0
0.29344,0.09029,0.0
0.29344,0.11286,0.0
0.29344,0.13543,0.0
0.29344,0.15801,0.0
0.29344,0.18058,0.0
0.29344,0.20315,0.0
0.29344,0.22572,0.0
0.29344,0.24829,0.0
0.29344,0.27087,0.0
0.29344,0.29344,0.0
0.29344,0.31601,0.0
0.29344,0.33858,0.0
0.29344,0.36115,0.0
0.29344,0.38373,0.0
0.29344,0.4063,0.0
0.29344,0.42887,0.0
0.29344,0.45144,0.0
0.29344,0.47402,0.0
0.29344,0.49659,0.0
0.29344,0.51916,0.0
0.29344,0.54173,0.0
0.29344,0.5643,0.0
0.29344,0.58688,0.0
0.29344,0.60945,0.0
0.29344,0.63202,0.0
0.29344,0.65459,0.0
0.29344,0.67717,0.0
0.29344,0.69974,0.0
0.29344,0.72231,0.0
0.29344,0.74488,0.0
0.29344,0.76745,0.0
0.29344,0.79003,0.0
0.31601,-0.79003,0.0
0.31601,-0.76745,0.0
0.31601,-0.74488,0.0
0.31601,-0.72231,0.0
0.31601,-0.69974,0.0
0.31601,-0.67717,0.0
0.31601,-0.65459,0.0
0.31601,-0.63202,0.0
0.31601,-0.60945,0.0
0.31601,-0.58688,0.0
0.31601,-0.5643,0.0
0.31601,-0.54173,0.0
0.31601,-0.51916,0.0
0.31601,-0.49659,0.0
0.31601,-0.47402,0.0
0.31601,-0.45144,0.0
0.31601,-0.42887,0.0
0.31601,-0.4063,0.0
0.31601,-0.38373,0.0
0.31601,-0.36115,0.0
0.31601,-0.33858,0.0
0.31601,-0.31601,0.0
0.31601,-0.29344,0.0
0.31601,-0.27087,0.0
0.31601,-0.24829,0.0
0.31601,-0.22572,0.0
0.31601,-0.20315,0.0
0.31601,-0.18058,0.0
0.31601,-0.15801,0.0
0.31601,-0.13543,0.0
0.31601,-0.11286,0.0
0.31601,-0.09029,0.0
0.31601,-0.06772,0.0
0.31601,-0.04514,0.0
0.31601,-0.02257,0.0
0.31601,0,0.0
0.31601,0.02257,0.0
0.31601,0.04514,0.0
0.31601,0.06772,0.0
0.31601,0.09029,0.0
0.31601,0.11286,0.0
0.31601,0.13543,0.0
0.31601,0.15801,0.0
0.31601,0.18058,0.0
0.31601,0.20315,0.0
0.31601,0.22572,0.0
0.31601,0.24829,0.0
0.31601,0.27087,0.0
0.31601,0.29344,0.0
0.31601,0.31601,0.0
0.31601,0.33858,0.0
0.31601,0.36115,0.0
0.31601,0.38373,0.0
0.31601,0.4063,0.0
0.31601,0.42887,0.0
0.31601,0.45144,0.0
0.31601,0.47402,0.0
0.31601,0.49659,0.0
0.31601,0.51916,0.0
0.31601,0.54173,0.0
0.31601,0.5643,0.0
0.31601,0.58688,0.0
0.31601,0.60945,0.0
0.31601,0.63202,0.0
0.31601,0.65459,0.0
0.31601,0.67717,0.0
0.31601,0.69974,0.0
0.31601,0.72231,0.0
0.31601,0.74488,0.0
0.31601,0.76745,0.0
0.31601,0.79003,0.0
0.33858,-0.79003,0.0
0.33858,-0.76745,0.0
0.33858,-0.74488,0.0
0.33858,-0.72231,0.0
0.33858,-0.69974,0.0
0.33858,-0.67717,0.0
0.33858,-0.65459,0.0
0.33858,-0.63202,0.0
0.33858,-0.60945,0.0
0.33858,-0.58688,0.0
0.33858,-0.5643,0.0
0.33858,-0.54173,0.0
0.33858,-0.51916,0.0
0.33858,-0.49659,0.0
0.33858,-0.47402,0.0
0.33858,-0.45144,0.0
0.33858,-0.42887,0.0
0.33858,-0.4063,0.0
0.33858,-0.38373,0.0
0.33858,-0.36115,0.0
0.33858,-0.33858,0.0
0.33858,-0.31601,0.0
0.33858,-0.29344,0.0
0.33858,-0.27087,0.0
0.33858,-0.24829,0.0
0.33858,-0.22572,0.0
0.33858,-0.20315,0.0
0.33858,-0.18058,0.0
0.33858,-0.15801,0.0
0.33858,-0.13543,0.0
0.33858,-0.11286,0.0
0.33858,-0.09029,0.0
0.33858,-0.06772,0.0
0.33858,-0.04514,0.0
0.33858,-0.02257,0.0
0.33858,0,0.0
0.33858,0.02257,0.0
0.33858,0.04514,0.0
0.33858,0.06772,0.0
0.33858,0.09029,0.0
0.33858,0.11286,0.0
0.33858,0.13543,0.0
0.33858,0.15801,0.0
0.33858,0.18058,0.0
0.33858,0.20315,0.0
0.33858,0.22572,0.0
0.33858,0.24829,0.0
0.33858,0.27087,0.0
0.33858,0.29344,0.0
0.33858,0.31601,0.0
0.33858,0.33858,0.0
0.33858,0.36115,0.0
0.33858,0.38373,0.0
0.33858,0.4063,0.0
0.33858,0.42887,0.0
0.33858,0.45144,0.0
0.33858,0.47402,0.0
0.33858,0.49659,0.0
0.33858,0.51916,0.0
0.33858,0.54173,0.0
0.33858,0.5643,0.0
0.33858,0.58688,0.0
0.33858,0.60945,0.0
0.33858,0.63202,0.0
0.33858,0.65459,0.0
0.33858,0.67717,0.0
0.33858,0.69974,0.0
0.33858,0.72231,0.0
0.33858,0.74488,0.0
0.33858,0.76745,0.0
0.33858,0.79003,0.0
0.36115,-0.79003,0.0
0.36115,-0.76745,0.0
0.36115,-0.74488,0.0
0.36115,-0.72231,0.0
0.36115,-0.69974,0.0
0.36115,-0.67717,0.0
0.36115,-0.65459,0.0
0.36115,-0.63202,0.0
0.36115,-0.60945,0.0
0.36115,-0.58688,0.0
0.36115,-0.5643,0.0
0.36115,-0.54173,0.0
0.36115,-0.51916,0.0
0.36115,-0.49659,0.0
0.36115,-0.47402,0.0
0.36115,-0.45144,0.0
0.36115,-0.42887,0.0
0.36115,-0.4063,0.0
0.36115,-0.38373,0.0
0.36115,-0.36115,0.0
0.36115,-0.33858,0.0
0.36115,-0.31601,0.0
0.36115,-0.29344,0.0
0.36115,-0.27087,0.0
0.36115,-0.24829,0.0
0.36115,-0.22572,0.0
0.36115,-0.20315,0.0
0.36115,-0.18058,0.0
0.36115,-0.15801,0.0
0.36115,-0.13543,0.0
0.36115,-0.11286,0.0
0.36115,-0.09029,0.0
0.36115,-0.06772,0.0
0.36115,-0.04514,0.0
0.36115,-0.02257,0.0
0.36115,0,0.0
0.36115,0.02257,0.0
0.36115,0.04514,0.0
0.36115,0.06772,0.0
0.36115,0.09029,0.0
0.36115,0.11286,0.0
0.36115,0.13543,0.0
0.36115,0.15801,0.0
0.36115,0.18058,0.0
0.36115,0.20315,0.0
0.36115,0.22572,0.0
0.36115,0.24829,0.0
0.36115,0.27087,0.0
0.36115,0.29344,0.0
0.36115,0.31601,0.0
0.36115,0.33858,0.0
0.36115,0.36115,0.0
0.36115,0.38373,0.0
0.36115,0.4063,0.0
0.36115,0.42887,0.0
0.36115,0.45144,0.0
0.36115,0.47402,0.0
0.36115,0.49659,0.0
0.36115,0.51916,0.0
0.36115,0.54173,0.0
0.36115,0.5643,0.0
0.36115,0.58688,0.0
0.36115,0.60945,0.0
0.36115,0.63202,0.0
0.36115,0.65459,0.0
0.36115,0.67717,0.0
0.36115,0.69974,0.0
0.36115,0.72231,0.0
0.36115,0.74488,0.0
0.36115,0.76745,0.0
0.36115,0.79003,0.0
0.38373,-0.79003,0.0
0.38373,-0.76745,0.0
0.38373,-0.74488,0.0
0.38373,-0.72231,0.0
0.38373,-0.69974,0.0
0.38373,-0.67717,0.0
0.38373,-0.65459,0.0
0.38373,-0.63202,0.0
0.38373,-0.60945,0.0
0.38373,-0.58688,0.0
0.38373,-0.5643,0.0
0.38373,-0.54173,0.0
0.38373,-0.51916,0.0
0.38373,-0.49659,0.0
0.38373,-0.47402,0.0
0.38373,-0.45144,0.0
0.38373,-0.42887,0.0
0.38373,-0.4063,0.0
0.38373,-0.38373,0.0
0.38373,-0.36115,0.0
0.38373,-0.33858,0.0
0.38373,-0.31601,0.0
0.38373,-0.29344,0.0
0.38373,-0.27087,0.0
0.38373,-0.24829,0.0
0.38373,-0.22572,0.0
0.38373,-0.20315,0.0
0.38373,-0.18058,0.0
0.38373,-0.15801,0.0
0.38373,-0.13543,0.0
0.38373,-0.11286,0.0
0.38373,-0.09029,0.0
0.38373,-0.06772,0.0
0.38373,-0.04514,0.0
0.38373,-0.02257,0.0
0.38373,0,0.0
0.38373,0.02257,0.0
0.38373,0.04514,0.0
0.38373,0.06772,0.0
0.38373,0.09029,0.0
0.38373,0.11286,0.0
0.38373,0.13543,0.0
0.38373,0.15801,0.0
0.38373,0.18058,0.0
0.38373,0.20315,0.0
0.38373,0.22572,0.0
0.38373,0.24829,0.0
0.38373,0.27087,0.0
0.38373,0.29344,0.0
0.38373,0.31601,0.0
0.38373,0.33858,0.0
0.38373,0.36115,0.0
0.38373,0.38373,0.0
0.38373,0.4063,0.0
0.38373,0.42887,0.0
0.38373,0.45144,0.0
0.38373,0.47402,0.0
0.38373,0.49659,0.0
0.38373,0.51916,0.0
0.38373,0.54173,0.0
0.38373,0.5643,0.0
0.38373,0.58688,0.0
0.38373,0.60945,0.0
0.38373,0.63202,0.0
0.38373,0.65459,0.0
0.38373,0.67717,0.0
0.38373,0.69974,0.0
0.38373,0.72231,0.0
0.38373,0.74488,0.0
0.38373,0.76745,0.0
0.38373,0.79003,0.0
0.4063,-0.79003,0.0
0.4063,-0.76745,0.0
0.4063,-0.74488,0.0
0.4063,-0.72231,0.0
0.4063,-0.69974,0.0
0.4063,-0.67717,0.0
0.4063,-0.65459,0.0
0.4063,-0.63202,0.0
0.4063,-0.60945,0.0
0.4063,-0.58688,0.0
0.4063,-0.5643,0.0
0.4063,-0.54173,0.0
0.4063,-0.51916,0.0
0.4063,-0.49659,0.0
0.4063,-0.47402,0.0
0.4063,-0.45144,0.0
0.4063,-0.42887,0.0
0.4063,-0.4063,0.0
0.4063,-0.38373,0.0
0.4063,-0.36115,0.0
0.4063,-0.33858,0.0
0.4063,-0.31601,0.0
0.4063,-0.29344,0.0
0.4063,-0.27087,0.0
0.4063,-0.24829,0.0
0.4063,-0.22572,0.0
0.4063,-0.20315,0.0
0.4063,-0.18058,0.0
0.4063,-0.15801,0.0
0.4063,-0.13543,0.0
0.4063,-0.11286,0.0
0.4063,-0.09029,0.0
0.4063,-0.06772,0.0
0.4063,-0.04514,0.0
0.4063,-0.02257,0.0
0.4063,0,0.0
0.4063,0.02257,0.0
0.4063,0.04514,0.0
0.4063,0.06772,0.0
0.4063,0.09029,0.0
0.4063,0.11286,0.0
0.4063,0.13543,0.0
0.4063,0.15801,0.0
0.4063,0.18058,0.0
0.4063,0.20315,0.0
0.4063,0.22572,0.0
0.4063,0.24829,0.0
0.4063,0.27087,0.0
0.4063,0.29344,0.0
0.4063,0.31601,0.0
0.4063,0.33858,0.0
0.4063,0.36115,0.0
0.4063,0.38373,0.0
0.4063,0.4063,0.0
0.4063,0.42887,0.0
0.4063,0.45144,0.0
0.4063,0.47402,0.0
0.4063,0.49659,0.0
0.4063,0.51916,0.0
0.4063,0.54173,0.0
0.4063,0.5643,0.0
0.4063,0.58688,0.0
0.4063,0.60945,0.0
0.4063,0.63202,0.0
0.4063,0.65459,0.0
0.4063,0.67717,0.0
0.4063,0.69974,0.0
0.4063,0.72231,0.0
0.4063,0.74488,0.0
0.4063,0.76745,0.0
0.4063,0.79003,0.0
0.42887,-0.79003,0.0
0.42887,-0.76745,0.0
0.42887,-0.74488,0.0
0.42887,-0.72231,0.0
0.42887,-0.69974,0.0
0.42887,-0.67717,0.0
0.42887,-0.65459,0.0
0.42887,-0.63202,0.0
0.42887,-0.60945,0.0
0.42887,-0.58688,0.0
0.42887,-0.5643,0.0
0.42887,-0.54173,0.0
0.42887,-0.51916,0.0
0.42887,-0.49659,0.0
0.42887,-0.47402,0.0
0.42887,-0.45144,0.0
0.42887,-0.42887,0.0
0.42887,-0.4063,0.0
0.42887,-0.38373,0.0
0.42887,-0.36115,0.0
0.42887,-0.33858,0.0
0.42887,-0.31601,0.0
0.42887,-0.29344,0.0
0.42887,-0.27087,0.0
0.42887,-0.24829,0.0
0.42887,-0.22572,0.0
0.42887,-0.20315,0.0
0.42887,-0.18058,0.0
0.42887,-0.15801,0.0
0.42887,-0.13543,0.0
0.42887,-0.11286,0.0
0.42887,-0.09029,0.0
0.42887,-0.06772,0.0
0.42887,-0.04514,0.0
0.42887,-0.02257,0.0
0.42887,0,0.0
0.42887,0.02257,0.0
0.42887,0.04514,0.0
0.42887,0.06772,0.0
0.42887,0.09029,0.0
0.42887,0.11286,0.0
0.42887,0.13543,0.0
0.42887,0.15801,0.0
0.42887,0.18058,0.0
0.42887,0.20315,0.0
0.42887,0.22572,0.0
0.42887,0.24829,0.0
0.42887,0.27087,0.0
0.42887,0.29344,0.0
0.42887,0.31601,0.0
0.42887,0.33858,0.0
0.42887,0.36115,0.0
0.42887,0.38373,0.0
0.42887,0.4063,0.0
0.42887,0.42887,0.0
0.42887,0.45144,0.0
0.42887,0.47402,0.0
0.42887,0.49659,0.0
0.42887,0.51916,0.0
0.42887,0.54173,0.0
0.42887,0.5643,0.0
0.42887,0.58688,0.0
0.42887,0.60945,0.0
0.42887,0.63202,0.0
0.42887,0.65459,0.0
0.42887,0.67717,0.0
0.42887,0.69974,0.0
0.42887,0.72231,0.0
0.42887,0.74488,0.0
0.42887,0.76745,0.0
0.42887,0.79003,0.0
0.45144,-0.79003,0.0
0.45144,-0.76745,0.0
0.45144,-0.74488,0.0
0.45144,-0.72231,0.0
0.45144,-0.69974,0.0
0.45144,-0.67717,0.0
0.45144,-0.65459,0.0
0.45144,-0.63202,0.0
0.45144,-0.60945,0.0
0.45144,-0.58688,0.0
0.45144,-0.5643,0.0
0.45144,-0.54173,0.0
0.45144,-0.51916,0.0
0.45144,-0.49659,0.0
0.45144,-0.47402,0.0
0.45144,-0.45144,0.0
0.45144,-0.42887,0.0
0.45144,-0.4063,0.0
0.45144,-0.38373,0.0
0.45144,-0.36115,0.0
0.45144,-0.33858,0.0
0.45144,-0.31601,0.0
0.45144,-0.29344,0.0
0.45144,-0.27087,0.0
0.45144,-0.24829,0.0
0.45144,-0.22572,0.0
0.45144,-0.20315,0.0
0.45144,-0.18058,0.0
0.45144,-0.15801,0.0
0.45144,-0.13543,0.0
0.45144,-0.11286,0.0
0.45144,-0.09029,0.0
0.45144,-0.06772,0.0
0.45144,-0.04514,0.0
0.45144,-0.02257,0.0
0.45144,0,0.0
0.45144,0.02257,0.0
0.45144,0.04514,0.0
0.45144,0.06772,0.0
0.45144,0.09029,0.0
0.45144,0.11286,0.0
0.45144,0.13543,0.0
0.45144,0.15801,0.0
0.45144,0.18058,0.0
0.45144,0.20315,0.0
0.45144,0.22572,0.0
0.45144,0.24829,0.0
0.45144,0.27087,0.0
0.45144,0.29344,0.0
0.45144,0.31601,0.0
0.45144,0.33858,0.0
0.45144,0.36115,0.0
0.45144,0.38373,0.0
0.45144,0.4063,0.0
0.45144,0.42887,0.0
0.45144,0.45144,0.0
0.45144,0.47402,0.0
0.45144,0.49659,0.0
0.45144,0.51916,0.0
0.45144,0.54173,0.0
0.45144,0.5643,0.0
0.45144,0.58688,0.0
0.45144,0.60945,0.0
0.45144,0.63202,0.0
0.45144,0.65459,0.0
0.45144,0.67717,0.0
0.45144,0.69974,0.0
0.45144,0.72231,0.0
0.45144,0.74488,0.0
0.45144,0.76745,0.0
0.45144,0.79003,0.0
0.47402,-0.79003,0.0
0.47402,-0.76745,0.0
0.47402,-0.74488,0.0
0.47402,-0.72231,0.0
0.47402,-0.69974,0.0
0.47402,-0.67717,0.0
0.47402,-0.65459,0.0
0.47402,-0.63202,0.0
0.47402,-0.60945,0.0
0.47402,-0.58688,0.0
0.47402,-0.5643,0.0
0.47402,-0.54173,0.0
0.47402,-0.51916,0.0
0.47402,-0.49659,0.0
0.47402,-0.47402,0.0
0.47402,-0.45144,0.0
0.47402,-0.42887,0.0
0.47402,-0.4063,0.0
0.47402,-0.38373,0.0
0.47402,-0.36115,0.0
0.47402,-0.33858,0.0
0.47402,-0.31601,0.0
0.47402,-0.29344,0.0
0.47402,-0.27087,0.0
0.47402,-0.24829,0.0
0.47402,-0.22572,0.0
0.47402,-0.20315,0.0
0.47402,-0.18058,0.0
0.47402,-0.15801,0.0
0.47402,-0.13543,0.0
0.47402,-0.11286,0.0
0.47402,-0.09029,0.0
0.47402,-0.06772,0.0
0.47402,-0.04514,0.0
0.47402,-0.02257,0.0
0.47402,0,0.0
0.47402,0.02257,0.0
0.47402,0.04514,0.0
0.47402,0.06772,0.0
0.47402,0.09029,0.0
0.47402,0.11286,0.0
0.47402,0.13543,0.0
0.47402,0.15801,0.0
0.47402,0.18058,0.0
0.47402,0.20315,0.0
0.47402,0.22572,0.0
0.47402,0.24829,0.0
0.47402,0.27087,0.0
0.47402,0.29344,0.0
0.47402,0.31601,0.0
0.47402,0.33858,0.0
0.47402,0.36115,0.0
0.47402,0.38373,0.0
0.47402,0.4063,0.0
0.47402,0.42887,0.0
0.47402,0.45144,0.0
0.47402,0.47402,0.0
0.47402,0.49659,0.0
0.47402,0.51916,0.0
0.47402,0.54173,0.0
0.47402,0.5643,0.0
0.47402,0.58688,0.0
0.47402,0.60945,0.0
0.47402,0.63202,0.0
0.47402,0.65459,0.0
0.47402,0.67717,0.0
0.47402,0.69974,0.0
0.47402,0.72231,0.0
0.47402,0.74488,0.0
0.47402,0.76745,0.0
0.47402,0.79003,0.0
0.49659,-0.79003,0.0
0.49659,-0.76745,0.0
0.49659,-0.74488,0.0
0.49659,-0.72231,0.0
0.49659,-0.69974,0.0
0.49659,-0.67717,0.0
0.49659,-0.65459,0.0
0.49659,-0.63202,0.0
0.49659,-0.60945,0.0
0.49659,-0.58688,0.0
0.49659,-0.5643,0.0
0.49659,-0.54173,0.0
0.49659,-0.51916,0.0
0.49659,-0.49659,0.0
0.49659,-0.47402,0.0
0.49659,-0.45144,0.0
0.49659,-0.42887,0.0
0.49659,-0.4063,0.0
0.49659,-0.38373,0.0
0.49659,-0.36115,0.0
0.49659,-0.33858,0.0
0.49659,-0.31601,0.0
0.49659,-0.29344,0.0
0.49659,-0.27087,0.0
0.49659,-0.24829,0.0
0.49659,-0.22572,0.0
0.49659,-0.20315,0.0
0.49659,-0.18058,0.0
0.49659,-0.15801,0.0
0.49659,-0.13543,0.0
0.49659,-0.11286,0.0
0.49659,-0.09029,0.0
0.49659,-0.06772,0.0
0.49659,-0.04514,0.0
0.49659,-0.02257,0.0
0.49659,0,0.0
0.49659,0.02257,0.0
0.49659,0.04514,0.0
0.49659,0.06772,0.0
0.49659,0.09029,0.0
0.49659,0.11286,0.0
0.49659,0.13543,0.0
0.49659,0.15801,0.0
0.49659,0.18058,0.0
0.49659,0.20315,0.0
0.49659,0.22572,0.0
0.49659,0.24829,0.0
0.49659,0.27087,0.0
0.49659,0.29344,0.0
0.49659,0.31601,0.0
0.49659,0.33858,0.0
0.49659,0.36115,0.0
0.49659,0.38373,0.0
0.49659,0.4063,0.0
0.49659,0.42887,0.0
0.49659,0.45144,0.0
0.49659,0.47402,0.0
0.49659,0.49659,0.0
0.49659,0.51916,0.0
0.49659,0.54173,0.0
0.49659,0.5643,0.0
0.49659,0.58688,0.0
0.49659,0.60945,0.0
0.49659,0.63202,0.0
0.49659,0.65459,0.0
0.49659,0.67717,0.0
0.49659,0.69974,0.0
0.49659,0.72231,0.0
0.49659,0.74488,0.0
0.49659,0.76745,0.0
0.49659,0.79003,0.0
0.51916,-0.79003,0.0
0.51916,-0.76745,0.0
0.51916,-0.74488,0.0
0.51916,-0.72231,0.0
0.51916,-0.69974,0.0
0.51916,-0.67717,0.0
0.51916,-0.65459,0.0
0.51916,-0.63202,0.0
0.51916,-0.60945,0.0
0.51916,-0.58688,0.0
0.51916,-0.5643,0.0
0.51916,-0.54173,0.0
0.51916,-0.51916,0.0
0.51916,-0.49659,0.0
0.51916,-0.47402,0.0
0.51916,-0.45144,0.0
0.51916,-0.42887,0.0
0.51916,-0.4063,0.0
0.51916,-0.38373,0.0
0.51916,-0.36115,0.0
0.51916,-0.33858,0.0
0.51916,-0.31601,0.0
0.51916,-0.29344,0.0
0.51916,-0.27087,0.0
0.51916,-0.24829,0.0
0.51916,-0.22572,0.0
0.51916,-0.20315,0.0
0.51916,-0.18058,0.0
0.51916,-0.15801,0.0
0.51916,-0.13543,0.0
0.51916,-0.11286,0.0
0.51916,-0.09029,0.0
0.51916,-0.06772,0.0
0.51916,-0.04514,0.0
0.51916,-0.02257,0.0
0.51916,0,0.0
0.51916,0.02257,0.0
0.51916,0.04514,0.0
0.51916,0.06772,0.0
0.51916,0.09029,0.0
0.51916,0.11286,0.0
0.51916,0.13543,0.0
0.51916,0.15801,0.0
0.51916,0.18058,0.0
0.51916,0.20315,0.0
0.51916,0.22572,0.0
0.51916,0.24829,0.0
0.51916,0.27087,0.0
0.51916,0.29344,0.0
0.51916,0.31601,0.0
0.51916,0.33858,0.0
0.51916,0.36115,0.0
0.51916,0.38373,0.0
0.51916,0.4063,0.0
0.51916,0.42887,0.0
0.51916,0.45144,0.0
0.51916,0.47402,0.0
0.51916,0.49659,0.0
0.51916,0.51916,0.0
0.51916,0.54173,0.0
0.51916,0.5643,0.0
0.51916,0.58688,0.0
0.51916,0.60945,0.0
0.51916,0.63202,0.0
0.51916,0.65459,0.0
0.51916,0.67717,0.0
0.51916,0.69974,0.0
0.51916,0.72231,0.0
0.51916,0.74488,0.0
0.51916,0.76745,0.0
0.51916,0.79003,0.0
0.54173,-0.79003,0.0
0.54173,-0.76745,0.0
0.54173,-0.74488,0.0
0.54173,-0.72231,0.0
0.54173,-0.69974,0.0
0.54173,-0.67717,0.0
0.54173,-0.65459,0.0
0.54173,-0.63202,0.0
0.54173,-0.60945,0.0
0.54173,-0.58688,0.0
0.54173,-0.5643,0.0
0.54173,-0.54173,0.0
0.54173,-0.51916,0.0
0.54173,-0.49659,0.0
0.54173,-0.47402,0.0
0.54173,-0.45144,0.0
0.54173,-0.42887,0.0
0.54173,-0.4063,0.0
0.54173,-0.38373,0.0
0.54173,-0.36115,0.0
0.54173,-0.33858,0.0
0.54173,-0.31601,0.0
0.54173,-0.29344,0.0
0.54173,-0.27087,0.0
0.54173,-0.24829,0.0
0.54173,-0.22572,0.0
0.54173,-0.20315,0.0
0.54173,-0.18058,0.0
0.54173,-0.15801,0.0
0.54173,-0.13543,0.0
0.54173,-0.11286,0.0
0.54173,-0.09029,0.0
0.54173,-0.06772,0.0
0.54173,-0.04514,0.0
0.54173,-0.02257,0.0
0.54173,0,0.0
0.54173,0.02257,0.0
0.54173,0.04514,0.0
0.54173,0.06772,0.0
0.54173,0.09029,0.0
0.54173,0.11286,0.0
0.54173,0.13543,0.0
0.54173,0.15801,0.0
0.54173,0.18058,0.0
0.54173,0.20315,0.0
0.54173,0.22572,0.0
0.54173,0.24829,0.0
0.54173,0.27087,0.0
0.54173,0.29344,0.0
0.54173,0.31601,0.0
0.54173,0.33858,0.0
0.54173,0.36115,0.0
0.54173,0.38373,0.0
0.54173,0.4063,0.0
0.54173,0.42887,0.0
0.54173,0.45144,0.0
0.54173,0.47402,0.0
0.54173,0.49659,0.0
0.54173,0.51916,0.0
0.54173,0.54173,0.0
0.54173,0.5643,0.0
0.54173,0.58688,0.0
0.54173,0.60945,0.0
0.54173,0.63202,0.0
0.54173,0.65459,0.0
0.54173,0.67717,0.0
0.54173,0.69974,0.0
0.54173,0.72231,0.0
0.54173,0.74488,0.0
0.54173,0.76745,0.0
0.54173,0.79003,0.0
0.5643,-0.79003,0.0
0.5643,-0.76745,0.0
0.5643,-0.74488,0.0
0.5643,-0.72231,0.0
0.5643,-0.69974,0.0
0.5643,-0.67717,0.0
0.5643,-0.65459,0.0
0.5643,-0.63202,0.0
0.5643,-0.60945,0.0
0.5643,-0.58688,0.0
0.5643,-0.5643,0.0
0.5643,-0.54173,0.0
0.5643,-0.51916,0.0
0.5643,-0.49659,0.0
0.5643,-0.47402,0.0
0.5643,-0.45144,0.0
0.5643,-0.42887,0.0
0.5643,-0.4063,0.0
0.5643,-0.38373,0.0
0.5643,-0.36115,0.0
0.5643,-0.33858,0.0
0.5643,-0.31601,0.0
0.5643,-0.29344,0.0
0.5643,-0.27087,0.0
0.5643,-0.24829,0.0
0.5643,-0.22572,0.0
0.5643,-0.20315,0.0
0.5643,-0.18058,0.0
0.5643,-0.15801,0.0
0.5643,-0.13543,0.0
0.5643,-0.11286,0.0
0.5643,-0.09029,0.0
0.5643,-0.06772,0.0
0.5643,-0.04514,0.0
0.5643,-0.02257,0.0
0.5643,0,0.0
0.5643,0.02257,0.0
0.5643,0.04514,0.0
0.5643,0.06772,0.0
0.5643,0.09029,0.0
0.5643,0.11286,0.0
0.5643,0.13543,0.0
0.5643,0.15801,0.0
0.5643,0.18058,0.0
0.5643,0.20315,0.0
0.5643,0.22572,0.0
0.5643,0.24829,0.0
0.5643,0.27087,0.0
0.5643,0.29344,0.0
0.5643,0.31601,0.0
0.5643,0.33858,0.0
0.5643,0.36115,0.0
0.5643,0.38373,0.0
0.5643,0.4063,0.0
0.5643,0.42887,0.0
0.5643,0.45144,0.0
0.5643,0.47402,0.0
0.5643,0.49659,0.0
0.5643,0.51916,0.0
0.5643,0.54173,0.0
0.5643,0.5643,0.0
0.5643,0.58688,0.0
0.5643,0.60945,0.0
0.5643,0.63202,0.0
0.5643,0.65459,0.0
0.5643,0.67717,0.0
0.5643,0.69974,0.0
0.5643,0.72231,0.0
0.5643,0.74488,0.0
0.5643,0.76745,0.0
0.5643,0.79003,0.0
0.58688,-0.79003,0.0
0.58688,-0.76745,0.0
0.58688,-0.74488,0.0
0.58688,-0.72231,0.0
0.58688,-0.69974,0.0
0.58688,-0.67717,0.0
0.58688,-0.65459,0.0
0.58688,-0.63202,0.0
0.58688,-0.60945,0.0
0.58688,-0.58688,0.0
0.58688,-0.5643,0.0
0.58688,-0.54173,0.0
0.58688,-0.51916,0.0
0.58688,-0.49659,0.0
0.58688,-0.47402,0.0
0.58688,-0.45144,0.0
0.58688,-0.42887,0.0
0.58688,-0.4063,0.0
0.58688,-0.38373,0.0
0.58688,-0.36115,0.0
0.58688,-0.33858,0.0
0.58688,-0.31601,0.0
0.58688,-0.29344,0.0
0.58688,-0.27087,0.0
0.58688,-0.24829,0.0
0.58688,-0.22572,0.0
0.58688,-0.20315,0.0
0.58688,-0.18058,0.0
0.58688,-0.15801,0.0
0.58688,-0.13543,0.0
0.58688,-0.11286,0.0
0.58688,-0.09029,0.0
0.58688,-0.06772,0.0
0.58688,-0.04514,0.0
0.58688,-0.02257,0.0
0.58688,0,0.0
0.58688,0.02257,0.0
0.58688,0.04514,0.0
0.58688,0.06772,0.0
0.58688,0.09029,0.0
0.58688,0.11286,0.0
0.58688,0.13543,0.0
0.58688,0.15801,0.0
0.58688,0.18058,0.0
0.58688,0.20315,0.0
0.58688,0.22572,0.0
0.58688,0.24829,0.0
0.58688,0.27087,0.0
0.58688,0.29344,0.0
0.58688,0.31601,0.0
0.58688,0.33858,0.0
0.58688,0.36115,0.0
0.58688,0.38373,0.0
0.58688,0.4063,0.0
0.58688,0.42887,0.0
0.58688,0.45144,0.0
0.58688,0.47402,0.0
0.58688,0.49659,0.0
0.58688,0.51916,0.0
0.58688,0.54173,0.0
0.58688,0.5643,0.0
0.58688,0.58688,0.0
0.58688,0.60945,0.0
0.58688,0.63202,0.0
0.58688,0.65459,0.0
0.58688,0.67717,0.0
0.58688,0.69974,0.0
0.58688,0.72231,0.0
0.58688,0.74488,0.0
0.58688,0.76745,0.0
0.58688,0.79003,0.0
0.60945,-0.79003,0.0
0.60945,-0.76745,0.0
0.60945,-0.74488,0.0
0.60945,-0.72231,0.0
0.60945,-0.69974,0.0
0.60945,-0.67717,0.0
0.60945,-0.65459,0.0
0.60945,-0.63202,0.0
0.60945,-0.60945,0.0
0.60945,-0.58688,0.0
0.60945,-0.5643,0.0
0.60945,-0.54173,0.0
0.60945,-0.51916,0.0
0.60945,-0.49659,0.0
0.60945,-0.47402,0.0
0.60945,-0.45144,0.0
0.60945,-0.42887,0.0
0.60945,-0.4063,0.0
0.60945,-0.38373,0.0
0.60945,-0.36115,0.0
0.60945,-0.33858,0.0
0.60945,-0.31601,0.0
0.60945,-0.29344,0.0
0.60945,-0.27087,0.0
0.60945,-0.24829,0.0
0.60945,-0.22572,0.0
0.60945,-0.20315,0.0
0.60945,-0.18058,0.0
0.60945,-0.15801,0.0
0.60945,-0.13543,0.0
0.60945,-0.11286,0.0
0.60945,-0.09029,0.0
0.60945,-0.06772,0.0
0.60945,-0.04514,0.0
0.60945,-0.02257,0.0
0.60945,0,0.0
0.60945,0.02257,0.0
0.60945,0.04514,0.0
0.60945,0.06772,0.0
0.60945,0.09029,0.0
0.60945,0.11286,0.0
0.60945,0.13543,0.0
0.60945,0.15801,0.0
0.60945,0.18058,0.0
0.60945,0.20315,0.0
0.60945,0.22572,0.0
0.60945,0.24829,0.0
0.60945,0.27087,0.0
0.60945,0.29344,0.0
0.60945,0.31601,0.0
0.60945,0.33858,0.0
0.60945,0.36115,0.0
0.60945,0.38373,0.0
0.60945,0.4063,0.0
0.60945,0.42887,0.0
0.60945,0.45144,0.0
0.60945,0.47402,0.0
0.60945,0.49659,0.0
0.60945,0.51916,0.0
0.60945,0.54173,0.0
0.60945,0.5643,0.0
0.60945,0.58688,0.0
0.60945,0.60945,0.0
0.60945,0.63202,0.0
0.60945,0.65459,0.0
0.60945,0.67717,0.0
0.60945,0.69974,0.0
0.60945,0.72231,0.0
0.60945,0.74488,0.0
0.60945,0.76745,0.0
0.60945,0.79003,0.0
0.63202,-0.79003,0.0
0.63202,-0.76745,0.0
0.63202,-0.74488,0.0
0.63202,-0.72231,0.0
0.63202,-0.69974,0.0
0.63202,-0.67717,0.0
0.63202,-0.65459,0.0
0.63202,-0.63202,0.0
0.63202,-0.60945,0.0
0.63202,-0.58688,0.0
0.63202,-0.5643,0.0
0.63202,-0.54173,0.0
0.63202,-0.51916,0.0
0.63202,-0.49659,0.0
0.63202,-0.47402,0.0
0.63202,-0.45144,0.0
0.63202,-0.42887,0.0
0.63202,-0.4063,0.0
0.63202,-0.38373,0.0
0.63202,-0.36115,0.0
0.63202,-0.33858,0.0
0.63202,-0.31601,0.0
0.63202,-0.29344,0.0
0.63202,-0.27087,0.0
0.63202,-0.24829,0.0
0.63202,-0.22572,0.0
0.63202,-0.20315,0.0
0.63202,-0.18058,0.0
0.63202,-0.15801,0.0
0.63202,-0.13543,0.0
0.63202,-0.11286,0.0
0.63202,-0.09029,0.0
0.63202,-0.06772,0.0
0.63202,-0.04514,0.0
0.63202,-0.02257,0.0
0.63202,0,0.0
0.63202,0.02257,0.0
0.63202,0.04514,0.0
0.63202,0.06772,0.0
0.63202,0.09029,0.0
0.63202,0.11286,0.0
0.63202,0.13543,0.0
0.63202,0.15801,0.0
0.63202,0.18058,0.0
0.63202,0.20315,0.0
0.63202,0.22572,0.0
0.63202,0.24829,0.0
0.63202,0.27087,0.0
0.63202,0.29344,0.0
0.63202,0.31601,0.0
0.63202,0.33858,0.0
0.63202,0.36115,0.0
0.63202,0.38373,0.0
0.63202,0.4063,0.0
0.63202,0.42887,0.0
0.63202,0.45144,0.0
0.63202,0.47402,0.0
0.63202,0.49659,0.0
0.63202,0.51916,0.0
0.63202,0.54173,0.0
0.63202,0.5643,0.0
0.63202,0.58688,0.0
0.63202,0.60945,0.0
0.63202,0.63202,0.0
0.63202,0.65459,0.0
0.63202,0.67717,0.0
0.63202,0.69974,0.0
0.63202,0.72231,0.0
0.63202,0.74488,0.0
0.63202,0.76745,0.0
0.63202,0.79003,0.0
0.65459,-0.79003,0.0
0.65459,-0.76745,0.0
0.65459,-0.74488,0.0
0.65459,-0.72231,0.0
0.65459,-0.69974,0.0
0.65459,-0.67717,0.0
0.65459,-0.65459,0.0
0.65459,-0.63202,0.0
0.65459,-0.60945,0.0
0.65459,-0.58688,0.0
0.65459,-0.5643,0.0
0.65459,-0.54173,0.0
0.65459,-0.51916,0.0
0.65459,-0.49659,0.0
0.65459,-0.47402,0.0
0.65459,-0.45144,0.0
0.65459,-0.42887,0.0
0.65459,-0.4063,0.0
0.65459,-0.38373,0.0
0.65459,-0.36115,0.0
0.65459,-0.33858,0.0
0.65459,-0.31601,0.0
0.65459,-0.29344,0.0
0.65459,-0.27087,0.0
0.65459,-0.24829,0.0
0.65459,-0.22572,0.0
0.65459,-0.20315,0.0
0.65459,-0.18058,0.0
0.65459,-0.15801,0.0
0.65459,-0.13543,0.0
0.65459,-0.11286,0.0
0.65459,-0.09029,0.0
0.65459,-0.06772,0.0
0.65459,-0.04514,0.0
0.65459,-0.02257,0.0
0.65459,0,0.0
0.65459,0.02257,0.0
0.65459,0.04514,0.0
0.65459,0.06772,0.0
0.65459,0.09029,0.0
0.65459,0.11286,0.0
0.65459,0.13543,0.0
0.65459,0.15801,0.0
0.65459,0.18058,0.0
0.65459,0.20315,0.0
0.65459,0.22572,0.0
0.65459,0.24829,0.0
0.65459,0.27087,0.0
0.65459,0.29344,0.0
0.65459,0.31601,0.0
0.65459,0.33858,0.0
0.65459,0.36115,0.0
0.65459,0.38373,0.0
0.65459,0.4063,0.0
0.65459,0.42887,0.0
0.65459,0.45144,0.0
0.65459,0.47402,0.0
0.65459,0.49659,0.0
0.65459,0.51916,0.0
0.65459,0.54173,0.0
0.65459,0.5643,0.0
0.65459,0.58688,0.0
0.65459,0.60945,0.0
0.65459,0.63202,0.0
0.65459,0.65459,0.0
0.65459,0.67717,0.0
0.65459,0.69974,0.0
0.65459,0.72231,0.0
0.65459,0.74488,0.0
0.65459,0.76745,0.0
0.65459,0.79003,0.0
0.67717,-0.79003,0.0
0.67717,-0.76745,0.0
0.67717,-0.74488,0.0
0.67717,-0.72231,0.0
0.67717,-0.69974,0.0
0.67717,-0.67717,0.0
0.67717,-0.65459,0.0
0.67717,-0.63202,0.0
0.67717,-0.60945,0.0
0.67717,-0.58688,0.0
0.67717,-0.5643,0.0
0.67717,-0.54173,0.0
0.67717,-0.51916,0.0
0.67717,-0.49659,0.0
0.67717,-0.47402,0.0
0.67717,-0.45144,0.0
0.67717,-0.42887,0.0
0.67717,-0.4063,0.0
0.67717,-0.38373,0.0
0.67717,-0.36115,0.0
0.67717,-0.33858,0.0
0.67717,-0.31601,0.0
0.67717,-0.29344,0.0
0.67717,-0.27087,0.0
0.67717,-0.24829,0.0
0.67717,-0.22572,0.0
0.67717,-0.20315,0.0
0.67717,-0.18058,0.0
0.67717,-0.15801,0.0
0.67717,-0.13543,0.0
0.67717,-0.11286,0.0
0.67717,-0.09029,0.0
0.67717,-0.06772,0.0
0.67717,-0.04514,0.0
0.67717,-0.02257,0.0
0.67717,0,0.0
0.67717,0.02257,0.0
0.67717,0.04514,0.0
0.67717,0.06772,0.0
0.67717,0.09029,0.0
0.67717,0.11286,0.0
0.67717,0.13543,0.0
0.67717,0.15801,0.0
0.67717,0.18058,0.0
0.67717,0.20315,0.0
0.67717,0.22572,0.0
0.67717,0.24829,0.0
0.67717,0.27087,0.0
0.67717,0.29344,0.0
0.67717,0.31601,0.0
0.67717,0.33858,0.0
0.67717,0.36115,0.0
0.67717,0.38373,0.0
0.67717,0.4063,0.0
0.67717,0.42887,0.0
0.67717,0.45144,0.0
0.67717,0.47402,0.0
0.67717,0.49659,0.0
0.67717,0.51916,0.0
0.67717,0.54173,0.0
0.67717,0.5643,0.0
0.67717,0.58688,0.0
0.67717,0.60945,0.0
0.67717,0.63202,0.0
0.67717,0.65459,0.0
0.67717,0.67717,0.0
0.67717,0.69974,0.0
0.67717,0.72231,0.0
0.67717,0.74488,0.0
0.67717,0.76745,0.0
0.67717,0.79003,0.0
0.69974,-0.79003,0.0
0.69974,-0.76745,0.0
0.69974,-0.74488,0.0
0.69974,-0.72231,0.0
0.69974,-0.69974,0.0
0.69974,-0.67717,0.0
0.69974,-0.65459,0.0
0.69974,-0.63202,0.0
0.69974,-0.60945,0.0
0.69974,-0.58688,0.0
0.69974,-0.5643,0.0
0.69974,-0.54173,0.0
0.69974,-0.51916,0.0
0.69974,-0.49659,0.0
0.69974,-0.47402,0.0
0.69974,-0.45144,0.0
0.69974,-0.42887,0.0
0.69974,-0.4063,0.0
0.69974,-0.38373,0.0
0.69974,-0.36115,0.0
0.69974,-0.33858,0.0
0.69974,-0.31601,0.0
0.69974,-0.29344,0.0
0.69974,-0.27087,0.0
0.69974,-0.24829,0.0
0.69974,-0.22572,0.0
0.69974,-0.20315,0.0
0.69974,-0.18058,0.0
0.69974,-0.15801,0.0
0.69974,-0.13543,0.0
0.69974,-0.11286,0.0
0.69974,-0.09029,0.0
0.69974,-0.06772,0.0
0.69974,-0.04514,0.0
0.69974,-0.02257,0.0
0.69974,0,0.0
0.69974,0.02257,0.0
0.69974,0.04514,0.0
0.69974,0.06772,0.0
0.69974,0.09029,0.0
0.69974,0.11286,0.0
0.69974,0.13543,0.0
0.69974,0.15801,0.0
0.69974,0.18058,0.0
0.69974,0.20315,0.0
0.69974,0.22572,0.0
0.69974,0.24829,0.0
0.69974,0.27087,0.0
0.69974,0.29344,0.0
0.69974,0.31601,0.0
0.69974,0.33858,0.0
0.69974,0.36115,0.0
0.69974,0.38373,0.0
0.69974,0.4063,0.0
0.69974,0.42887,0.0
0.69974,0.45144,0.0
0.69974,0.47402,0.0
0.69974,0.49659,0.0
0.69974,0.51916,0.0
0.69974,0.54173,0.0
0.69974,0.5643,0.0
0.69974,0.58688,0.0
0.69974,0.60945,0.0
0.69974,0.63202,0.0
0.69974,0.65459,0.0
0.69974,0.67717,0.0
0.69974,0.69974,0.0
0.69974,0.72231,0.0
0.69974,0.74488,0.0
0.69974,0.76745,0.0
0.69974,0.79003,0.0
0.72231,-0.79003,0.0
0.72231,-0.76745,0.0
0.72231,-0.74488,0.0
0.72231,-0.72231,0.0
0.72231,-0.69974,0.0
0.72231,-0.67717,0.0
0.72231,-0.65459,0.0
0.72231,-0.63202,0.0
0.72231,-0.60945,0.0
0.72231,-0.58688,0.0
0.72231,-0.5643,0.0
0.72231,-0.54173,0.0
0.72231,-0.51916,0.0
0.72231,-0.49659,0.0
0.72231,-0.47402,0.0
0.72231,-0.45144,0.0
0.72231,-0.42887,0.0
0.72231,-0.4063,0.0
0.72231,-0.38373,0.0
0.72231,-0.36115,0.0
0.72231,-0.33858,0.0
0.72231,-0.31601,0.0
0.72231,-0.29344,0.0
0.72231,-0.27087,0.0
0.72231,-0.24829,0.0
0.72231,-0.22572,0.0
0.72231,-0.20315,0.0
0.72231,-0.18058,0.0
0.72231,-0.15801,0.0
0.72231,-0.13543,0.0
0.72231,-0.11286,0.0
0.72231,-0.09029,0.0
0.72231,-0.06772,0.0
0.72231,-0.04514,0.0
0.72231,-0.02257,0.0
0.72231,0,0.0
0.72231,0.02257,0.0
0.72231,0.04514,0.0
0.72231,0.06772,0.0
0.72231,0.09029,0.0
0.72231,0.11286,0.0
0.72231,0.13543,0.0
0.72231,0.15801,0.0
0.72231,0.18058,0.0
0.72231,0.20315,0.0
0.72231,0.22572,0.0
0.72231,0.24829,0.0
0.72231,0.27087,0.0
0.72231,0.29344,0.0
0.72231,0.31601,0.0
0.72231,0.33858,0.0
0.72231,0.36115,0.0
0.72231,0.38373,0.0
0.72231,0.4063,0.0
0.72231,0.42887,0.0
0.72231,0.45144,0.0
0.72231,0.47402,0.0
0.72231,0.49659,0.0
0.72231,0.51916,0.0
0.72231,0.54173,0.0
0.72231,0.5643,0.0
0.72231,0.58688,0.0
0.72231,0.60945,0.0
0.72231,0.63202,0.0
0.72231,0.65459,0.0
0.72231,0.67717,0.0
0.72231,0.69974,0.0
0.72231,0.72231,0.0
0.72231,0.74488,0.0
0.72231,0.76745,0.0
0.72231,0.79003,0.0
0.74488,-0.79003,0.0
0.74488,-0.76745,0.0
0.74488,-0.74488,0.0
0.74488,-0.72231,0.0
0.74488,-0.69974,0.0
0.74488,-0.67717,0.0
0.74488,-0.65459,0.0
0.74488,-0.63202,0.0
0.74488,-0.60945,0.0
0.74488,-0.58688,0.0
0.74488,-0.5643,0.0
0.74488,-0.54173,0.0
0.74488,-0.51916,0.0
0.74488,-0.49659,0.0
0.74488,-0.47402,0.0
0.74488,-0.45144,0.0
0.74488,-0.42887,0.0
0.74488,-0.4063,0.0
0.74488,-0.38373,0.0
0.74488,-0.36115,0.0
0.74488,-0.33858,0.0
0.74488,-0.31601,0.0
0.74488,-0.29344,0.0
0.74488,-0.27087,0.0
0.74488,-0.24829,0.0
0.74488,-0.22572,0.0
0.74488,-0.20315,0.0
0.74488,-0.18058,0.0
0.74488,-0.15801,0.0
0.74488,-0.13543,0.0
0.74488,-0.11286,0.0
0.74488,-0.09029,0.0
0.74488,-0.06772,0.0
0.74488,-0.04514,0.0
0.74488,-0.02257,0.0
0.74488,0,0.0
0.74488,0.02257,0.0
0.74488,0.04514,0.0
0.74488,0.06772,0.0
0.74488,0.09029,0.0
0.74488,0.11286,0.0
0.74488,0.13543,0.0
0.74488,0.15801,0.0
0.74488,0.18058,0.0
0.74488,0.20315,0.0
0.74488,0.22572,0.0
0.74488,0.24829,0.0
0.74488,0.27087,0.0
0.74488,0.29344,0.0
0.74488,0.31601,0.0
0.74488,0.33858,0.0
0.74488,0.36115,0.0
0.74488,0.38373,0.0
0.74488,0.4063,0.0
0.74488,0.42887,0.0
0.74488,0.45144,0.0
0.74488,0.47402,0.0
0.74488,0.49659,0.0
0.74488,0.51916,0.0
0.74488,0.54173,0.0
0.74488,0.5643,0.0
0.74488,0.58688,0.0
0.74488,0.60945,0.0
0.74488,0.63202,0.0
0.74488,0.65459,0.0
0.74488,0.67717,0.0
0.74488,0.69974,0.0
0.74488,0.72231,0.0
0.74488,0.74488,0.0
0.74488,0.76745,0.0
0.74488,0.79003,0.0
0.76745,-0.79003,0.0
0.76745,-0.76745,0.0
0.76745,-0.74488,0.0
0.76745,-0.72231,0.0
0.76745,-0.69974,0.0
0.76745,-0.67717,0.0
0.76745,-0.65459,0.0
0.76745,-0.63202,0.0
0.76745,-0.60945,0.0
0.76745,-0.58688,0.0
0.76745,-0.5643,0.0
0.76745,-0.54173,0.0
0.76745,-0.51916,0.0
0.76745,-0.49659,0.0
0.76745,-0.47402,0.0
0.76745,-0.45144,0.0
0.76745,-0.42887,0.0
0.76745,-0.4063,0.0
0.76745,-0.38373,0.0
0.76745,-0.36115,0.0
0.76745,-0.33858,0.0
0.76745,-0.31601,0.0
0.76745,-0.29344,0.0
0.76745,-0.27087,0.0
0.76745,-0.24829,0.0
0.76745,-0.22572,0.0
0.76745,-0.20315,0.0
0.76745,-0.18058,0.0
0.76745,-0.15801,0.0
0.76745,-0.13543,0.0
0.76745,-0.11286,0.0
0.76745,-0.09029,0.0
0.76745,-0.06772,0.0
0.76745,-0.04514,0.0
0.76745,-0.02257,0.0
0.76745,0,0.0
0.76745,0.02257,0.0
0.76745,0.04514,0.0
0.76745,0.06772,0.0
0.76745,0.09029,0.0
0.76745,0.11286,0.0
0.76745,0.13543,0.0
0.76745,0.15801,0.0
0.76745,0.18058,0.0
0.76745,0.20315,0.0
0.76745,0.22572,0.0
0.76745,0.24829,0.0
0.76745,0.27087,0.0
0.76745,0.29344,0.0
0.76745,0.31601,0.0
0.76745,0.33858,0.0
0.76745,0.36115,0.0
0.76745,0.38373,0.0
0.76745,0.4063,0.0
0.76745,0.42887,0.0
0.76745,0.45144,0.0
0.76745,0.47402,0.0
0.76745,0.49659,0.0
0.76745,0.51916,0.0
0.76745,0.54173,0.0
0.76745,0.5643,0.0
0.76745,0.58688,0.0
0.76745,0.60945,0.0
0.76745,0.63202,0.0
0.76745,0.65459,0.0
0.76745,0.67717,0.0
0.76745,0.69974,0.0
0.76745,0.72231,0.0
0.76745,0.74488,0.0
0.76745,0.76745,0.0
0.76745,0.79003,0.0
0.79003,-0.79003,0.0
0.79003,-0.76745,0.0
0.79003,-0.74488,0.0
0.79003,-0.72231,0.0
0.79003,-0.69974,0.0
0.79003,-0.67717,0.0
0.79003,-0.65459,0.0
0.79003,-0.63202,0.0
0.79003,-0.60945,0.0
0.79003,-0.58688,0.0
0.79003,-0.5643,0.0
0.79003,-0.54173,0.0
0.79003,-0.51916,0.0
0.79003,-0.49659,0.0
0.79003,-0.47402,0.0
0.79003,-0.45144,0.0
0.79003,-0.42887,0.0
0.79003,-0.4063,0.0
0.79003,-0.38373,0.0
0.79003,-0.36115,0.0
0.79003,-0.33858,0.0
0.79003,-0.31601,0.0
0.79003,-0.29344,0.0
0.79003,-0.27087,0.0
0.79003,-0.24829,0.0
0.79003,-0.22572,0.0
0.79003,-0.20315,0.0
0.79003,-0.18058,0.0
0.79003,-0.15801,0.0
0.79003,-0.13543,0.0
0.79003,-0.11286,0.0
0.79003,-0.09029,0.0
0.79003,-0.06772,0.0
0.79003,-0.04514,0.0
0.79003,-0.02257,0.0
0.79003,0,0.0
0.79003,0.02257,0.0
0.79003,0.04514,0.0
0.79003,0.06772,0.0
0.79003,0.09029,0.0
0.79003,0.11286,0.0
0.79003,0.13543,0.0
0.79003,0.15801,0.0
0.79003,0.18058,0.0
0.79003,0.20315,0.0
0.79003,0.22572,0.0
0.79003,0.24829,0.0
0.79003,0.27087,0.0
0.79003,0.29344,0.0
0.79003,0.31601,0.0
0.79003,0.33858,0.0
0.79003,0.36115,0.0
0.79003,0.38373,0.0
0.79003,0.4063,0.0
0.79003,0.42887,0.0
0.79003,0.45144,0.0
0.79003,0.47402,0.0
0.79003,0.49659,0.0
0.79003,0.51916,0.0
0.79003,0.54173,0.0
0.79003,0.5643,0.0
0.79003,0.58688,0.0
0.79003,0.60945,0.0
0.79003,0.63202,0.0
0.79003,0.65459,0.0
0.79003,0.67717,0.0
0.79003,0.69974,0.0
0.79003,0.72231,0.0
0.79003,0.74488,0.0
0.79003,0.76745,0.0
0.79003,0.79003,0.0
0.8126,-0.79003,0.0
0.8126,-0.76745,0.0
0.8126,-0.74488,0.0
0.8126,-0.72231,0.0
0.8126,-0.69974,0.0
0.8126,-0.67717,0.0
0.8126,-0.65459,0.0
0.8126,-0.63202,0.0
0.8126,-0.60945,0.0
0.8126,-0.58688,0.0
0.8126,-0.5643,0.0
0.8126,-0.54173,0.0
0.8126,-0.51916,0.0
0.8126,-0.49659,0.0
0.8126,-0.47402,0.0
0.8126,-0.45144,0.0
0.8126,-0.42887,0.0
0.8126,-0.4063,0.0
0.8126,-0.38373,0.0
0.8126,-0.36115,0.0
0.8126,-0.33858,0.0
0.8126,-0.31601,0.0
0.8126,-0.29344,0.0
0.8126,-0.27087,0.0
0.8126,-0.24829,0.0
0.8126,-0.22572,0.0
0.8126,-0.20315,0.0
0.8126,-0.18058,0.0
0.8126,-0.15801,0.0
0.8126,-0.13543,0.0
0.8126,-0.11286,0.0
0.8126,-0.09029,0.0
0.8126,-0.06772,0.0
0.8126,-0.04514,0.0
0.8126,-0.02257,0.0
0.8126,0,0.0
0.8126,0.02257,0.0
0.8126,0.04514,0.0
0.8126,0.06772,0.0
0.8126,0.09029,0.0
0.8126,0.11286,0.0
0.8126,0.13543,0.0
0.8126,0.15801,0.0
0.8126,0.18058,0.0
0.8126,0.20315,0.0
0.8126,0.22572,0.0
0.8126,0.24829,0.0
0.8126,0.27087,0.0
0.8126,0.29344,0.0
0.8126,0.31601,0.0
0.8126,0.33858,0.0
0.8126,0.36115,0.0
0.8126,0.38373,0.0
0.8126,0.4063,0.0
0.8126,0.42887,0.0
0.8126,0.45144,0.0
0.8126,0.47402,0.0
0.8126,0.49659,0.0
0.8126,0.51916,0.0
0.8126,0.54173,0.0
0.8126,0.5643,0.0
0.8126,0.58688,0.0
0.8126,0.60945,0.0
0.8126,0.63202,0.0
0.8126,0.65459,0.0
0.8126,0.67717,0.0
0.8126,0.69974,0.0
0.8126,0.72231,0.0
0.8126,0.74488,0.0
0.8126,0.76745,0.0
0.8126,0.79003,0.0
0.83517,-0.79003,0.0
0.83517,-0.76745,0.0
0.83517,-0.74488,0.0
0.83517,-0.72231,0.0
0.83517,-0.69974,0.0
0.83517,-0.67717,0.0
0.83517,-0.65459,0.0
0.83517,-0.63202,0.0
0.83517,-0.60945,0.0
0.83517,-0.58688,0.0
0.83517,-0.5643,0.0
0.83517,-0.54173,0.0
0.83517,-0.51916,0.0
0.83517,-0.49659,0.0
0.83517,-0.47402,0.0
0.83517,-0.45144,0.0
0.83517,-0.42887,0.0
0.83517,-0.4063,0.0
0.83517,-0.38373,0.0
0.83517,-0.36115,0.0
0.83517,-0.33858,0.0
0.83517,-0.31601,0.0
0.83517,-0.29344,0.0
0.83517,-0.27087,0.0
0.83517,-0.24829,0.0
0.83517,-0.22572,0.0
0.83517,-0.20315,0.0
0.83517,-0.18058,0.0
0.83517,-0.15801,0.0
0.83517,-0.13543,0.0
0.83517,-0.11286,0.0
0.83517,-0.09029,0.0
0.83517,-0.06772,0.0
0.83517,-0.04514,0.0
0.83517,-0.02257,0.0
0.83517,0,0.0
0.83517,0.02257,0.0
0.83517,0.04514,0.0
0.83517,0.06772,0.0
0.83517,0.09029,0.0
0.83517,0.11286,0.0
0.83517,0.13543,0.0
0.83517,0.15801,0.0
0.83517,0.18058,0.0
0.83517,0.20315,0.0
0.83517,0.22572,0.0
0.83517,0.24829,0.0
0.83517,0.27087,0.0
0.83517,0.29344,0.0
0.83517,0.31601,0.0
0.83517,0.33858,0.0
0.83517,0.36115,0.0
0.83517,0.38373,0.0
0.83517,0.4063,0.0
0.83517,0.42887,0.0
0.83517,0.45144,0.0
0.83517,0.47402,0.0
0.83517,0.49659,0.0
0.83517,0.51916,0.0
0.83517,0.54173,0.0
0.83517,0.5643,0.0
0.83517,0.58688,0.0
0.83517,0.60945,0.0
0.83517,0.63202,0.0
0.83517,0.65459,0.0
0.83517,0.67717,0.0
0.83517,0.69974,0.0
0.83517,0.72231,0.0
0.83517,0.74488,0.0
0.83517,0.76745,0.0
0.83517,0.79003,0.0
0.85774,-0.79003,0.0
0.85774,-0.76745,0.0
0.85774,-0.74488,0.0
0.85774,-0.72231,0.0
0.85774,-0.69974,0.0
0.85774,-0.67717,0.0
0.85774,-0.65459,0.0
0.85774,-0.63202,0.0
0.85774,-0.60945,0.0
0.85774,-0.58688,0.0
0.85774,-0.5643,0.0
0.85774,-0.54173,0.0
0.85774,-0.51916,0.0
0.85774,-0.49659,0.0
0.85774,-0.47402,0.0
0.85774,-0.45144,0.0
0.85774,-0.42887,0.0
0.85774,-0.4063,0.0
0.85774,-0.38373,0.0
0.85774,-0.36115,0.0
0.85774,-0.33858,0.0
0.85774,-0.31601,0.0
0.85774,-0.29344,0.0
0.85774,-0.27087,0.0
0.85774,-0.24829,0.0
0.85774,-0.22572,0.0
0.85774,-0.20315,0.0
0.85774,-0.18058,0.0
0.85774,-0.15801,0.0
0.85774,-0.13543,0.0
0.85774,-0.11286,0.0
0.85774,-0.09029,0.0
0.85774,-0.06772,0.0
0.85774,-0.04514,0.0
0.85774,-0.02257,0.0
0.85774,0,0.0
0.85774,0.02257,0.0
0.85774,0.04514,0.0
0.85774,0.06772,0.0
0.85774,0.09029,0.0
0.85774,0.11286,0.0
0.85774,0.13543,0.0
0.85774,0.15801,0.0
0.85774,0.18058,0.0
0.85774,0.20315,0.0
0.85774,0.22572,0.0
0.85774,0.24829,0.0
0.85774,0.27087,0.0
0.85774,0.29344,0.0
0.85774,0.31601,0.0
0.85774,0.33858,0.0
0.85774,0.36115,0.0
0.85774,0.38373,0.0
0.85774,0.4063,0.0
0.85774,0.42887,0.0
0.85774,0.45144,0.0
0.85774,0.47402,0.0
0.85774,0.49659,0.0
0.85774,0.51916,0.0
0.85774,0.54173,0.0
0.85774,0.5643,0.0
0.85774,0.58688,0.0
0.85774,0.60945,0.0
0.85774,0.63202,0.0
0.85774,0.65459,0.0
0.85774,0.67717,0.0
0.85774,0.69974,0.0
0.85774,0.72231,0.0
0.85774,0.74488,0.0
0.85774,0.76745,0.0
0.85774,0.79003,0.0
0.88032,-0.79003,0.0
0.88032,-0.76745,0.0
0.88032,-0.74488,0.0
0.88032,-0.72231,0.0
0.88032,-0.69974,0.0
0.88032,-0.67717,0.0
0.88032,-0.65459,0.0
0.88032,-0.63202,0.0
0.88032,-0.60945,0.0
0.88032,-0.58688,0.0
0.88032,-0.5643,0.0
0.88032,-0.54173,0.0
0.88032,-0.51916,0.0
0.88032,-0.49659,0.0
0.88032,-0.47402,0.0
0.88032,-0.45144,0.0
0.88032,-0.42887,0.0
0.88032,-0.4063,0.0
0.88032,-0.38373,0.0
0.88032,-0.36115,0.0
0.88032,-0.33858,0.0
0.88032,-0.31601,0.0
0.88032,-0.29344,0.0
0.88032,-0.27087,0.0
0.88032,-0.24829,0.0
0.88032,-0.22572,0.0
0.88032,-0.20315,0.0
0.88032,-0.18058,0.0
0.88032,-0.15801,0.0
0.88032,-0.13543,0.0
0.88032,-0.11286,0.0
0.88032,-0.09029,0.0
0.88032,-0.06772,0.0
0.88032,-0.04514,0.0
0.88032,-0.02257,0.0
0.88032,0,0.0
0.88032,0.02257,0.0
0.88032,0.04514,0.0
0.88032,0.06772,0.0
0.88032,0.09029,0.0
0.88032,0.11286,0.0
0.88032,0.13543,0.0
0.88032,0.15801,0.0
0.88032,0.18058,0.0
0.88032,0.20315,0.0
0.88032,0.22572,0.0
0.88032,0.24829,0.0
0.88032,0.27087,0.0
0.88032,0.29344,0.0
0.88032,0.31601,0.0
0.88032,0.33858,0.0
0.88032,0.36115,0.0
0.88032,0.38373,0.0
0.88032,0.4063,0.0
0.88032,0.42887,0.0
0.88032,0.45144,0.0
0.88032,0.47402,0.0
0.88032,0.49659,0.0
0.88032,0.51916,0.0
0.88032,0.54173,0.0
0.88032,0.5643,0.0
0.88032,0.58688,0.0
0.88032,0.60945,0.0
0.88032,0.63202,0.0
0.88032,0.65459,0.0
0.88032,0.67717,0.0
0.88032,0.69974,0.0
0.88032,0.72231,0.0
0.88032,0.74488,0.0
0.88032,0.76745,0.0
0.88032,0.79003,0.0
0.90289,-0.79003,0.0
0.90289,-0.76745,0.0
0.90289,-0.74488,0.0
0.90289,-0.72231,0.0
0.90289,-0.69974,0.0
0.90289,-0.67717,0.0
0.90289,-0.65459,0.0
0.90289,-0.63202,0.0
0.90289,-0.60945,0.0
0.90289,-0.58688,0.0
0.90289,-0.5643,0.0
0.90289,-0.54173,0.0
0.90289,-0.51916,0.0
0.90289,-0.49659,0.0
0.90289,-0.47402,0.0
0.90289,-0.45144,0.0
0.90289,-0.42887,0.0
0.90289,-0.4063,0.0
0.90289,-0.38373,0.0
0.90289,-0.36115,0.0
0.90289,-0.33858,0.0
0.90289,-0.31601,0.0
0.90289,-0.29344,0.0
0.90289,-0.27087,0.0
0.90289,-0.24829,0.0
0.90289,-0.22572,0.0
0.90289,-0.20315,0.0
0.90289,-0.18058,0.0
0.90289,-0.15801,0.0
0.90289,-0.13543,0.0
0.90289,-0.11286,0.0
0.90289,-0.09029,0.0
0.90289,-0.06772,0.0
0.90289,-0.04514,0.0
0.90289,-0.02257,0.0
0.90289,0,0.0
0.90289,0.02257,0.0
0.90289,0.04514,0.0
0.90289,0.06772,0.0
0.90289,0.09029,0.0
0.90289,0.11286,0.0
0.90289,0.13543,0.0
0.90289,0.15801,0.0
0.90289,0.18058,0.0
0.90289,0.20315,0.0
0.90289,0.22572,0.0
0.90289,0.24829,0.0
0.90289,0.27087,0.0
0.90289,0.29344,0.0
0.90289,0.31601,0.0
0.90289,0.33858,0.0
0.90289,0.36115,0.0
0.90289,0.38373,0.0
0.90289,0.4063,0.0
0.90289,0.42887,0.0
0.90289,0.45144,0.0
0.90289,0.47402,0.0
0.90289,0.49659,0.0
0.90289,0.51916,0.0
0.90289,0.54173,0.0
0.90289,0.5643,0.0
0.90289,0.58688,0.0
0.90289,0.60945,0.0
0.90289,0.63202,0.0
0.90289,0.65459,0.0
0.90289,0.67717,0.0
0.90289,0.69974,0.0
0.90289,0.72231,0.0
0.90289,0.74488,0.0
0.90289,0.76745,0.0
0.90289,0.79003,0.0
0.92546,-0.79003,0.0
0.92546,-0.76745,0.0
0.92546,-0.74488,0.0
0.92546,-0.72231,0.0
0.92546,-0.69974,0.0
0.92546,-0.67717,0.0
0.92546,-0.65459,0.0
0.92546,-0.63202,0.0
0.92546,-0.60945,0.0
0.92546,-0.58688,0.0
0.92546,-0.5643,0.0
0.92546,-0.54173,0.0
0.92546,-0.51916,0.0
0.92546,-0.49659,0.0
0.92546,-0.47402,0.0
0.92546,-0.45144,0.0
0.92546,-0.42887,0.0
0.92546,-0.4063,0.0
0.92546,-0.38373,0.0
0.92546,-0.36115,0.0
0.92546,-0.33858,0.0
0.92546,-0.31601,0.0
0.92546,-0.29344,0.0
0.92546,-0.27087,0.0
0.92546,-0.24829,0.0
0.92546,-0.22572,0.0
0.92546,-0.20315,0.0
0.92546,-0.18058,0.0
0.92546,-0.15801,0.0
0.92546,-0.13543,0.0
0.92546,-0.11286,0.0
0.92546,-0.09029,0.0
0.92546,-0.06772,0.0
0.92546,-0.04514,0.0
0.92546,-0.02257,0.0
0.92546,0,0.0
0.92546,0.02257,0.0
0.92546,0.04514,0.0
0.92546,0.06772,0.0
0.92546,0.09029,0.0
0.92546,0.11286,0.0
0.92546,0.13543,0.0
0.92546,0.15801,0.0
0.92546,0.18058,0.0
0.92546,0.20315,0.0
0.92546,0.22572,0.0
0.92546,0.24829,0.0
0.92546,0.27087,0.0
0.92546,0.29344,0.0
0.92546,0.31601,0.0
0.92546,0.33858,0.0
0.92546,0.36115,0.0
0.92546,0.38373,0.0
0.92546,0.4063,0.0
0.92546,0.42887,0.0
0.92546,0.45144,0.0
0.92546,0.47402,0.0
0.92546,0.49659,0.0
0.92546,0.51916,0.0
0.92546,0.54173,0.0
0.92546,0.5643,0.0
0.92546,0.58688,0.0
0.92546,0.60945,0.0
0.92546,0.63202,0.0
0.92546,0.65459,0.0
0.92546,0.67717,0.0
0.92546,0.69974,0.0
0.92546,0.72231,0.0
0.92546,0.74488,0.0
0.92546,0.76745,0.0
0.92546,0.79003,0.0
0.94803,-0.79003,0.0
0.94803,-0.76745,0.0
0.94803,-0.74488,0.0
0.94803,-0.72231,0.0
0.94803,-0.69974,0.0
0.94803,-0.67717,0.0
0.94803,-0.65459,0.0
0.94803,-0.63202,0.0
0.94803,-0.60945,0.0
0.94803,-0.58688,0.0
0.94803,-0.5643,0.0
0.94803,-0.54173,0.0
0.94803,-0.51916,0.0
0.94803,-0.49659,0.0
0.94803,-0.47402,0.0
0.94803,-0.45144,0.0
0.94803,-0.42887,0.0
0.94803,-0.4063,0.0
0.94803,-0.38373,0.0
0.94803,-0.36115,0.0
0.94803,-0.33858,0.0
0.94803,-0.31601,0.0
0.94803,-0.29344,0.0
0.94803,-0.27087,0.0
0.94803,-0.24829,0.0
0.94803,-0.22572,0.0
0.94803,-0.20315,0.0
0.94803,-0.18058,0.0
0.94803,-0.15801,0.0
0.94803,-0.13543,0.0
0.94803,-0.11286,0.0
0.94803,-0.09029,0.0
0.94803,-0.06772,0.0
0.94803,-0.04514,0.0
0.94803,-0.02257,0.0
0.94803,0,0.0
0.94803,0.02257,0.0
0.94803,0.04514,0.0
0.94803,0.06772,0.0
0.94803,0.09029,0.0
0.94803,0.11286,0.0
0.94803,0.13543,0.0
0.94803,0.15801,0.0
0.94803,0.18058,0.0
0.94803,0.20315,0.0
0.94803,0.22572,0.0
0.94803,0.24829,0.0
0.94803,0.27087,0.0
0.94803,0.29344,0.0
0.94803,0.31601,0.0
0.94803,0.33858,0.0
0.94803,0.36115,0.0
0.94803,0.38373,0.0
0.94803,0.4063,0.0
0.94803,0.42887,0.0
0.94803,0.45144,0.0
0.94803,0.47402,0.0
0.94803,0.49659,0.0
0.94803,0.51916,0.0
0.94803,0.54173,0.0
0.94803,0.5643,0.0
0.94803,0.58688,0.0
0.94803,0.60945,0.0
0.94803,0.63202,0.0
0.94803,0.65459,0.0
0.94803,0.67717,0.0
0.94803,0.69974,0.0
0.94803,0.72231,0.0
0.94803,0.74488,0.0
0.94803,0.76745,0.0
0.94803,0.79003,0.0
0.9706,-0.79003,0.0
0.9706,-0.76745,0.0
0.9706,-0.74488,0.0
0.9706,-0.72231,0.0
0.9706,-0.69974,0.0
0.9706,-0.67717,0.0
0.9706,-0.65459,0.0
0.9706,-0.63202,0.0
0.9706,-0.60945,0.0
0.9706,-0.58688,0.0
0.9706,-0.5643,0.0
0.9706,-0.54173,0.0
0.9706,-0.51916,0.0
0.9706,-0.49659,0.0
0.9706,-0.47402,0.0
0.9706,-0.45144,0.0
0.9706,-0.42887,0.0
0.9706,-0.4063,0.0
0.9706,-0.38373,0.0
0.9706,-0.36115,0.0
0.9706,-0.33858,0.0
0.9706,-0.31601,0.0
0.9706,-0.29344,0.0
0.9706,-0.27087,0.0
0.9706,-0.24829,0.0
0.9706,-0.22572,0.0
0.9706,-0.20315,0.0
0.9706,-0.18058,0.0
0.9706,-0.15801,0.0
0.9706,-0.13543,0.0
0.9706,-0.11286,0.0
0.9706,-0.09029,0.0
0.9706,-0.06772,0.0
0.9706,-0.04514,0.0
0.9706,-0.02257,0.0
0.9706,0,0.0
0.9706,0.02257,0.0
0.9706,0.04514,0.0
0.9706,0.06772,0.0
0.9706,0.09029,0.0
0.9706,0.11286,0.0
0.9706,0.13543,0.0
0.9706,0.15801,0.0
0.9706,0.18058,0.0
0.9706,0.20315,0.0
0.9706,0.22572,0.0
0.9706,0.24829,0.0
0.9706,0.27087,0.0
0.9706,0.29344,0.0
0.9706,0.31601,0.0
0.9706,0.33858,0.0
0.9706,0.36115,0.0
0.9706,0.38373,0.0
0.9706,0.4063,0.0
0.9706,0.42887,0.0
0.9706,0.45144,0.0
0.9706,0.47402,0.0
0.9706,0.49659,0.0
0.9706,0.51916,0.0
0.9706,0.54173,0.0
0.9706,0.5643,0.0
0.9706,0.58688,0.0
0.9706,0.60945,0.0
0.9706,0.63202,0.0
0.9706,0.65459,0.0
0.9706,0.67717,0.0
0.9706,0.69974,0.0
0.9706,0.72231,0.0
0.9706,0.74488,0.0
0.9706,0.76745,0.0
0.9706,0.79003,0.0
0.99318,-0.79003,0.0
0.99318,-0.76745,0.0
0.99318,-0.74488,0.0
0.99318,-0.72231,0.0
0.99318,-0.69974,0.0
0.99318,-0.67717,0.0
0.99318,-0.65459,0.0
0.99318,-0.63202,0.0
0.99318,-0.60945,0.0
0.99318,-0.58688,0.0
0.99318,-0.5643,0.0
0.99318,-0.54173,0.0
0.99318,-0.51916,0.0
0.99318,-0.49659,0.0
0.99318,-0.47402,0.0
0.99318,-0.45144,0.0
0.99318,-0.42887,0.0
0.99318,-0.4063,0.0
0.99318,-0.38373,0.0
0.99318,-0.36115,0.0
0.99318,-0.33858,0.0
0.99318,-0.31601,0.0
0.99318,-0.29344,0.0
0.99318,-0.27087,0.0
0.99318,-0.24829,0.0
0.99318,-0.22572,0.0
0.99318,-0.20315,0.0
0.99318,-0.18058,0.0
0.99318,-0.15801,0.0
0.99318,-0.13543,0.0
0.99318,-0.11286,0.0
0.99318,-0.09029,0.0
0.99318,-0.06772,0.0
0.99318,-0.04514,0.0
0.99318,-0.02257,0.0
0.99318,0,0.0
0.99318,0.02257,0.0
0.99318,0.04514,0.0
0.99318,0.06772,0.0
0.99318,0.09029,0.0
0.99318,0.11286,0.0
0.99318,0.13543,0.0
0.99318,0.15801,0.0
0.99318,0.18058,0.0
0.99318,0.20315,0.0
0.99318,0.22572,0.0
0.99318,0.24829,0.0
0.99318,0.27087,0.0
0.99318,0.29344,0.0
0.99318,0.31601,0.0
0.99318,0.33858,0.0
0.99318,0.36115,0.0
0.99318,0.38373,0.0
0.99318,0.4063,0.0
0.99318,0.42887,0.0
0.99318,0.45144,0.0
0.99318,0.47402,0.0
0.99318,0.49659,0.0
0.99318,0.51916,0.0
0.99318,0.54173,0.0
0.99318,0.5643,0.0
0.99318,0.58688,0.0
0.99318,0.60945,0.0
0.99318,0.63202,0.0
0.99318,0.65459,0.0
0.99318,0.67717,0.0
0.99318,0.69974,0.0
0.99318,0.72231,0.0
0.99318,0.74488,0.0
0.99318,0.76745,0.0
0.99318,0.79003,0.0
1.01575,-0.79003,0.0
1.01575,-0.76745,0.0
1.01575,-0.74488,0.0
1.01575,-0.72231,0.0
1.01575,-0.69974,0.0
1.01575,-0.67717,0.0
1.01575,-0.65459,0.0
1.01575,-0.63202,0.0
1.01575,-0.60945,0.0
1.01575,-0.58688,0.0
1.01575,-0.5643,0.0
1.01575,-0.54173,0.0
1.01575,-0.51916,0.0
1.01575,-0.49659,0.0
1.01575,-0.47402,0.0
1.01575,-0.45144,0.0
1.01575,-0.42887,0.0
1.01575,-0.4063,0.0
1.01575,-0.38373,0.0
1.01575,-0.36115,0.0
1.01575,-0.33858,0.0
1.01575,-0.31601,0.0
1.01575,-0.29344,0.0
1.01575,-0.27087,0.0
1.01575,-0.24829,0.0
1.01575,-0.22572,0.0
1.01575,-0.20315,0.0
1.01575,-0.18058,0.0
1.01575,-0.15801,0.0
1.01575,-0.13543,0.0
1.01575,-0.11286,0.0
1.01575,-0.09029,0.0
1.01575,-0.06772,0.0
1.01575,-0.04514,0.0
1.01575,-0.02257,0.0
1.01575,0,0.0
1.01575,0.02257,0.0
1.01575,0.04514,0.0
1.01575,0.06772,0.0
1.01575,0.09029,0.0
1.01575,0.11286,0.0
1.01575,0.13543,0.0
1.01575,0.15801,0.0
1.01575,0.18058,0.0
1.01575,0.20315,0.0
1.01575,0.22572,0.0
1.01575,0.24829,0.0
1.01575,0.27087,0.0
1.01575,0.29344,0.0
1.01575,0.31601,0.0
1.01575,0.33858,0.0
1.01575,0.36115,0.0
1.01575,0.38373,0.0
1.01575,0.4063,0.0
1.01575,0.42887,0.0
1.01575,0.45144,0.0
1.01575,0.47402,0.0
1.01575,0.49659,0.0
1.01575,0.51916,0.0
1.01575,0.54173,0.0
1.01575,0.5643,0.0
1.01575,0.58688,0.0
1.01575,0.60945,0.0
1.01575,0.63202,0.0
1.01575,0.65459,0.0
1.01575,0.67717,0.0
1.01575,0.69974,0.0
1.01575,0.72231,0.0
1.01575,0.74488,0.0
1.01575,0.76745,0.0
1.01575,0.79003,0.0
1.03832,-0.79003,0.0
1.03832,-0.76745,0.0
1.03832,-0.74488,0.0
1.03832,-0.72231,0.0
1.03832,-0.69974,0.0
1.03832,-0.67717,0.0
1.03832,-0.65459,0.0
1.03832,-0.63202,0.0
1.03832,-0.60945,0.0
1.03832,-0.58688,0.0
1.03832,-0.5643,0.0
1.03832,-0.54173,0.0
1.03832,-0.51916,0.0
1.03832,-0.49659,0.0
1.03832,-0.47402,0.0
1.03832,-0.45144,0.0
1.03832,-0.42887,0.0
1.03832,-0.4063,0.0
1.03832,-0.38373,0.0
1.03832,-0.36115,0.0
1.03832,-0.33858,0.0
1.03832,-0.31601,0.0
1.03832,-0.29344,0.0
1.03832,-0.27087,0.0
1.03832,-0.24829,0.0
1.03832,-0.22572,0.0
1.03832,-0.20315,0.0
1.03832,-0.18058,0.0
1.03832,-0.15801,0.0
1.03832,-0.13543,0.0
1.03832,-0.11286,0.0
1.03832,-0.09029,0.0
1.03832,-0.06772,0.0
1.03832,-0.04514,0.0
1.03832,-0.02257,0.0
1.03832,0,0.0
1.03832,0.02257,0.0
1.03832,0.04514,0.0
1.03832,0.06772,0.0
1.03832,0.09029,0.0
1.03832,0.11286,0.0
1.03832,0.13543,0.0
1.03832,0.15801,0.0
1.03832,0.18058,0.0
1.03832,0.20315,0.0
1.03832,0.22572,0.0
1.03832,0.24829,0.0
1.03832,0.27087,0.0
1.03832,0.29344,0.0
1.03832,0.31601,0.0
1.03832,0.33858,0.0
1.03832,0.36115,0.0
1.03832,0.38373,0.0
1.03832,0.4063,0.0
1.03832,0.42887,0.0
1.03832,0.45144,0.0
1.03832,0.47402,0.0
1.03832,0.49659,0.0
1.03832,0.51916,0.0
1.03832,0.54173,0.0
1.03832,0.5643,0.0
1.03832,0.58688,0.0
1.03832,0.60945,0.0
1.03832,0.63202,0.0
1.03832,0.65459,0.0
1.03832,0.67717,0.0
1.03832,0.69974,0.0
1.03832,0.72231,0.0
1.03832,0.74488,0.0
1.03832,0.76745,0.0
1.03832,0.79003,0.0
1.06089,-0.79003,0.0
1.06089,-0.76745,0.0
1.06089,-0.74488,0.0
1.06089,-0.72231,0.0
1.06089,-0.69974,0.0
1.06089,-0.67717,0.0
1.06089,-0.65459,0.0
1.06089,-0.63202,0.0
1.06089,-0.60945,0.0
1.06089,-0.58688,0.0
1.06089,-0.5643,0.0
1.06089,-0.54173,0.0
1.06089,-0.51916,0.0
1.06089,-0.49659,0.0
1.06089,-0.47402,0.0
1.06089,-0.45144,0.0
1.06089,-0.42887,0.0
1.06089,-0.4063,0.0
1.06089,-0.38373,0.0
1.06089,-0.36115,0.0
1.06089,-0.33858,0.0
1.06089,-0.31601,0.0
1.06089,-0.29344,0.0
1.06089,-0.27087,0.0
1.06089,-0.24829,0.0
1.06089,-0.22572,0.0
1.06089,-0.20315,0.0
1.06089,-0.18058,0.0
1.06089,-0.15801,0.0
1.06089,-0.13543,0.0
1.06089,-0.11286,0.0
1.06089,-0.09029,0.0
1.06089,-0.06772,0.0
1.06089,-0.04514,0.0
1.06089,-0.02257,0.0
1.06089,0,0.0
1.06089,0.02257,0.0
1.06089,0.04514,0.0
1.06089,0.06772,0.0
1.06089,0.09029,0.0
1.06089,0.11286,0.0
1.06089,0.13543,0.0
1.06089,0.15801,0.0
1.06089,0.18058,0.0
1.06089,0.20315,0.0
1.06089,0.22572,0.0
1.06089,0.24829,0.0
1.06089,0.27087,0.0
1.06089,0.29344,0.0
1.06089,0.31601,0.0
1.06089,0.33858,0.0
1.06089,0.36115,0.0
1.06089,0.38373,0.0
1.06089,0.4063,0.0
1.06089,0.42887,0.0
1.06089,0.45144,0.0
1.06089,0.47402,0.0
1.06089,0.49659,0.0
1.06089,0.51916,0.0
1.06089,0.54173,0.0
1.06089,0.5643,0.0
1.06089,0.58688,0.0
1.06089,0.60945,0.0
1.06089,0.63202,0.0
1.06089,0.65459,0.0
1.06089,0.67717,0.0
1.06089,0.69974,0.0
1.06089,0.72231,0.0
1.06089,0.74488,0.0
1.06089,0.76745,0.0
1.06089,0.79003,0.0
1.08346,-0.79003,0.0
1.08346,-0.76745,0.0
1.08346,-0.74488,0.0
1.08346,-0.72231,0.0
1.08346,-0.69974,0.0
1.08346,-0.67717,0.0
1.08346,-0.65459,0.0
1.08346,-0.63202,0.0
1.08346,-0.60945,0.0
1.08346,-0.58688,0.0
1.08346,-0.5643,0.0
1.08346,-0.54173,0.0
1.08346,-0.51916,0.0
1.08346,-0.49659,0.0
1.08346,-0.47402,0.0
1.08346,-0.45144,0.0
1.08346,-0.42887,0.0
1.08346,-0.4063,0.0
1.08346,-0.38373,0.0
1.08346,-0.36115,0.0
1.08346,-0.33858,0.0
1.08346,-0.31601,0.0
1.08346,-0.29344,0.0
1.08346,-0.27087,0.0
1.08346,-0.24829,0.0
1.08346,-0.22572,0.0
1.08346,-0.20315,0.0
1.08346,-0.18058,0.0
1.08346,-0.15801,0.0
1.08346,-0.13543,0.0
1.08346,-0.11286,0.0
1.08346,-0.09029,0.0
1.08346,-0.06772,0.0
1.08346,-0.04514,0.0
1.08346,-0.02257,0.0
1.08346,0,0.0
1.08346,0.02257,0.0
1.08346,0.04514,0.0
1.08346,0.06772,0.0
1.08346,0.09029,0.0
1.08346,0.11286,0.0
1.08346,0.13543,0.0
1.08346,0.15801,0.0
1.08346,0.18058,0.0
1.08346,0.20315,0.0
1.08346,0.22572,0.0
1.08346,0.24829,0.0
1.08346,0.27087,0.0
1.08346,0.29344,0.0
1.08346,0.31601,0.0
1.08346,0.33858,0.0
1.08346,0.36115,0.0
1.08346,0.38373,0.0
1.08346,0.4063,0.0
1.08346,0.42887,0.0
1.08346,0.45144,0.0
1.08346,0.47402,0.0
1.08346,0.49659,0.0
1.08346,0.51916,0.0
1.08346,0.54173,0.0
1.08346,0.5643,0.0
1.08346,0.58688,0.0
1.08346,0.60945,0.0
1.08346,0.63202,0.0
1.08346,0.65459,0.0
1.08346,0.67717,0.0
1.08346,0.69974,0.0
1.08346,0.72231,0.0
1.08346,0.74488,0.0
1.08346,0.76745,0.0
1.08346,0.79003,0.0
1.10604,-0.79003,0.0
1.10604,-0.76745,0.0
1.10604,-0.74488,0.0
1.10604,-0.72231,0.0
1.10604,-0.69974,0.0
1.10604,-0.67717,0.0
1.10604,-0.65459,0.0
1.10604,-0.63202,0.0
1.10604,-0.60945,0.0
1.10604,-0.58688,0.0
1.10604,-0.5643,0.0
1.10604,-0.54173,0.0
1.10604,-0.51916,0.0
1.10604,-0.49659,0.0
1.10604,-0.47402,0.0
1.10604,-0.45144,0.0
1.10604,-0.42887,0.0
1.10604,-0.4063,0.0
1.10604,-0.38373,0.0
1.10604,-0.36115,0.0
1.10604,-0.33858,0.0
1.10604,-0.31601,0.0
1.10604,-0.29344,0.0
1.10604,-0.27087,0.0
1.10604,-0.24829,0.0
1.10604,-0.22572,0.0
1.10604,-0.20315,0.0
1.10604,-0.18058,0.0
1.10604,-0.15801,0.0
1.10604,-0.13543,0.0
1.10604,-0.11286,0.0
1.10604,-0.09029,0.0
1.10604,-0.06772,0.0
1.10604,-0.04514,0.0
1.10604,-0.02257,0.0
1.10604,0,0.0
1.10604,0.02257,0.0
1.10604,0.04514,0.0
1.10604,0.06772,0.0
1.10604,0.09029,0.0
1.10604,0.11286,0.0
1.10604,0.13543,0.0
1.10604,0.15801,0.0
1.10604,0.18058,0.0
1.10604,0.20315,0.0
1.10604,0.22572,0.0
1.10604,0.24829,0.0
1.10604,0.27087,0.0
1.10604,0.29344,0.0
1.10604,0.31601,0.0
1.10604,0.33858,0.0
1.10604,0.36115,0.0
1.10604,0.38373,0.0
1.10604,0.4063,0.0
1.10604,0.42887,0.0
1.10604,0.45144,0.0
1.10604,0.47402,0.0
1.10604,0.49659,0.0
1.10604,0.51916,0.0
1.10604,0.54173,0.0
1.10604,0.5643,0.0
1.10604,0.58688,0.0
1.10604,0.60945,0.0
1.10604,0.63202,0.0
1.10604,0.65459,0.0
1.10604,0.67717,0.0
1.10604,0.69974,0.0
1.10604,0.72231,0.0
1.10604,0.74488,0.0
1.10604,0.76745,0.0
1.10604,0.79003,0.0
1.12861,-0.79003,0.0
1.12861,-0.76745,0.0
1.12861,-0.74488,0.0
1.12861,-0.72231,0.0
1.12861,-0.69974,0.0
1.12861,-0.67717,0.0
1.12861,-0.65459,0.0
1.12861,-0.63202,0.0
1.12861,-0.60945,0.0
1.12861,-0.58688,0.0
1.12861,-0.5643,0.0
1.12861,-0.54173,0.0
1.12861,-0.51916,0.0
1.12861,-0.49659,0.0
1.12861,-0.47402,0.0
1.12861,-0.45144,0.0
1.12861,-0.42887,0.0
1.12861,-0.4063,0.0
1.12861,-0.38373,0.0
1.12861,-0.36115,0.0
1.12861,-0.33858,0.0
1.12861,-0.31601,0.0
1.12861,-0.29344,0.0
1.12861,-0.27087,0.0
1.12861,-0.24829,0.0
1.12861,-0.22572,0.0
1.12861,-0.20315,0.0
1.12861,-0.18058,0.0
1.12861,-0.15801,0.0
1.12861,-0.13543,0.0
1.12861,-0.11286,0.0
1.12861,-0.09029,0.0
1.12861,-0.06772,0.0
1.12861,-0.04514,0.0
1.12861,-0.02257,0.0
1.12861,0,0.0
1.12861,0.02257,0.0
1.12861,0.04514,0.0
1.12861,0.06772,0.0
1.12861,0.09029,0.0
1.12861,0.11286,0.0
1.12861,0.13543,0.0
1.12861,0.15801,0.0
1.12861,0.18058,0.0
1.12861,0.20315,0.0
1.12861,0.22572,0.0
1.12861,0.24829,0.0
1.12861,0.27087,0.0
1.12861,0.29344,0.0
1.12861,0.31601,0.0
1.12861,0.33858,0.0
1.12861,0.36115,0.0
1.12861,0.38373,0.0
1.12861,0.4063,0.0
1.12861,0.42887,0.0
1.12861,0.45144,0.0
1.12861,0.47402,0.0
1.12861,0.49659,0.0
1.12861,0.51916,0.0
1.12861,0.54173,0.0
1.12861,0.5643,0.0
1.12861,0.58688,0.0
1.12861,0.60945,0.0
1.12861,0.63202,0.0
1.12861,0.65459,0.0
1.12861,0.67717,0.0
1.12861,0.69974,0.0
1.12861,0.72231,0.0
1.12861,0.74488,0.0
1.12861,0.76745,0.0
1.12861,0.79003,0.0
1.15118,-0.79003,0.0
1.15118,-0.76745,0.0
1.15118,-0.74488,0.0
1.15118,-0.72231,0.0
1.15118,-0.69974,0.0
1.15118,-0.67717,0.0
1.15118,-0.65459,0.0
1.15118,-0.63202,0.0
1.15118,-0.60945,0.0
1.15118,-0.58688,0.0
1.15118,-0.5643,0.0
1.15118,-0.54173,0.0
1.15118,-0.51916,0.0
1.15118,-0.49659,0.0
1.15118,-0.47402,0.0
1.15118,-0.45144,0.0
1.15118,-0.42887,0.0
1.15118,-0.4063,0.0
1.15118,-0.38373,0.0
1.15118,-0.36115,0.0
1.15118,-0.33858,0.0
1.15118,-0.31601,0.0
1.15118,-0.29344,0.0
1.15118,-0.27087,0.0
1.15118,-0.24829,0.0
1.15118,-0.22572,0.0
1.15118,-0.20315,0.0
1.15118,-0.18058,0.0
1.15118,-0.15801,0.0
1.15118,-0.13543,0.0
1.15118,-0.11286,0.0
1.15118,-0.09029,0.0
1.15118,-0.06772,0.0
1.15118,-0.04514,0.0
1.15118,-0.02257,0.0
1.15118,0,0.0
1.15118,0.02257,0.0
1.15118,0.04514,0.0
1.15118,0.06772,0.0
1.15118,0.09029,0.0
1.15118,0.11286,0.0
1.15118,0.13543,0.0
1.15118,0.15801,0.0
1.15118,0.18058,0.0
1.15118,0.20315,0.0
1.15118,0.22572,0.0
1.15118,0.24829,0.0
1.15118,0.27087,0.0
1.15118,0.29344,0.0
1.15118,0.31601,0.0
1.15118,0.33858,0.0
1.15118,0.36115,0.0
1.15118,0.38373,0.0
1.15118,0.4063,0.0
1.15118,0.42887,0.0
1.15118,0.45144,0.0
1.15118,0.47402,0.0
1.15118,0.49659,0.0
1.15118,0.51916,0.0
1.15118,0.54173,0.0
1.15118,0.5643,0.0
1.15118,0.58688,0.0
1.15118,0.60945,0.0
1.15118,0.63202,0.0
1.15118,0.65459,0.0
1.15118,0.67717,0.0
1.15118,0.69974,0.0
1.15118,0.72231,0.0
1.15118,0.74488,0.0
1.15118,0.76745,0.0
1.15118,0.79003,0.0
1.17375,-0.79003,0.0
1.17375,-0.76745,0.0
1.17375,-0.74488,0.0
1.17375,-0.72231,0.0
1.17375,-0.69974,0.0
1.17375,-0.67717,0.0
1.17375,-0.65459,0.0
1.17375,-0.63202,0.0
1.17375,-0.60945,0.0
1.17375,-0.58688,0.0
1.17375,-0.5643,0.0
1.17375,-0.54173,0.0
1.17375,-0.51916,0.0
1.17375,-0.49659,0.0
1.17375,-0.47402,0.0
1.17375,-0.45144,0.0
1.17375,-0.42887,0.0
1.17375,-0.4063,0.0
1.17375,-0.38373,0.0
1.17375,-0.36115,0.0
1.17375,-0.33858,0.0
1.17375,-0.31601,0.0
1.17375,-0.29344,0.0
1.17375,-0.27087,0.0
1.17375,-0.24829,0.0
1.17375,-0.22572,0.0
1.17375,-0.20315,0.0
1.17375,-0.18058,0.0
1.17375,-0.15801,0.0
1.17375,-0.13543,0.0
1.17375,-0.11286,0.0
1.17375,-0.09029,0.0
1.17375,-0.06772,0.0
1.17375,-0.04514,0.0
1.17375,-0.02257,0.0
1.17375,0,0.0
1.17375,0.02257,0.0
1.17375,0.04514,0.0
1.17375,0.06772,0.0
1.17375,0.09029,0.0
1.17375,0.11286,0.0
1.17375,0.13543,0.0
1.17375,0.15801,0.0
1.17375,0.18058,0.0
1.17375,0.20315,0.0
1.17375,0.22572,0.0
1.17375,0.24829,0.0
1.17375,0.27087,0.0
1.17375,0.29344,0.0
1.17375,0.31601,0.0
1.17375,0.33858,0.0
1.17375,0.36115,0.0
1.17375,0.38373,0.0
1.17375,0.4063,0.0
1.17375,0.42887,0.0
1.17375,0.45144,0.0
1.17375,0.47402,0.0
1.17375,0.49659,0.0
1.17375,0.51916,0.0
1.17375,0.54173,0.0
1.17375,0.5643,0.0
1.17375,0.58688,0.0
1.17375,0.60945,0.0
1.17375,0.63202,0.0
1.17375,0.65459,0.0
1.17375,0.67717,0.0
1.17375,0.69974,0.0
1.17375,0.72231,0.0
1.17375,0.74488,0.0
1.17375,0.76745,0.0
1.17375,0.79003,0.0
1.19633,-0.79003,0.0
1.19633,-0.76745,0.0
1.19633,-0.74488,0.0
1.19633,-0.72231,0.0
1.19633,-0.69974,0.0
1.19633,-0.67717,0.0
1.19633,-0.65459,0.0
1.19633,-0.63202,0.0
1.19633,-0.60945,0.0
1.19633,-0.58688,0.0
1.19633,-0.5643,0.0
1.19633,-0.54173,0.0
1.19633,-0.51916,0.0
1.19633,-0.49659,0.0
1.19633,-0.47402,0.0
1.19633,-0.45144,0.0
1.19633,-0.42887,0.0
1.19633,-0.4063,0.0
1.19633,-0.38373,0.0
1.19633,-0.36115,0.0
1.19633,-0.33858,0.0
1.19633,-0.31601,0.0
1.19633,-0.29344,0.0
1.19633,-0.27087,0.0
1.19633,-0.24829,0.0
1.19633,-0.22572,0.0
1.19633,-0.20315,0.0
1.19633,-0.18058,0.0
1.19633,-0.15801,0.0
1.19633,-0.13543,0.0
1.19633,-0.11286,0.0
1.19633,-0.09029,0.0
1.19633,-0.06772,0.0
1.19633,-0.04514,0.0
1.19633,-0.02257,0.0
1.19633,0,0.0
1.19633,0.02257,0.0
1.19633,0.04514,0.0
1.19633,0.06772,0.0
1.19633,0.09029,0.0
1.19633,0.11286,0.0
1.19633,0.13543,0.0
1.19633,0.15801,0.0
1.19633,0.18058,0.0
1.19633,0.20315,0.0
1.19633,0.22572,0.0
1.19633,0.24829,0.0
1.19633,0.27087,0.0
1.19633,0.29344,0.0
1.19633,0.31601,0.0
1.19633,0.33858,0.0
1.19633,0.36115,0.0
1.19633,0.38373,0.0
1.19633,0.4063,0.0
1.19633,0.42887,0.0
1.19633,0.45144,0.0
1.19633,0.47402,0.0
1.19633,0.49659,0.0
1.19633,0.51916,0.0
1.19633,0.54173,0.0
1.19633,0.5643,0.0
1.19633,0.58688,0.0
1.19633,0.60945,0.0
1.19633,0.63202,0.0
1.19633,0.65459,0.0
1.19633,0.67717,0.0
1.19633,0.69974,0.0
1.19633,0.72231,0.0
1.19633,0.74488,0.0
1.19633,0.76745,0.0
1.19633,0.79003,0.0
1.2189,-0.79003,0.0
1.2189,-0.76745,0.0
1.2189,-0.74488,0.0
1.2189,-0.72231,0.0
1.2189,-0.69974,0.0
1.2189,-0.67717,0.0
1.2189,-0.65459,0.0
1.2189,-0.63202,0.0
1.2189,-0.60945,0.0
1.2189,-0.58688,0.0
1.2189,-0.5643,0.0
1.2189,-0.54173,0.0
1.2189,-0.51916,0.0
1.2189,-0.49659,0.0
1.2189,-0.47402,0.0
1.2189,-0.45144,0.0
1.2189,-0.42887,0.0
1.2189,-0.4063,0.0
1.2189,-0.38373,0.0
1.2189,-0.36115,0.0
1.2189,-0.33858,0.0
1.2189,-0.31601,0.0
1.2189,-0.29344,0.0
1.2189,-0.27087,0.0
1.2189,-0.24829,0.0
1.2189,-0.22572,0.0
1.2189,-0.20315,0.0
1.2189,-0.18058,0.0
1.2189,-0.15801,0.0
1.2189,-0.13543,0.0
1.2189,-0.11286,0.0
1.2189,-0.09029,0.0
1.2189,-0.06772,0.0
1.2189,-0.04514,0.0
1.2189,-0.02257,0.0
1.2189,0,0.0
1.2189,0.02257,0.0
1.2189,0.04514,0.0
1.2189,0.06772,0.0
1.2189,0.09029,0.0
1.2189,0.11286,0.0
1.2189,0.13543,0.0
1.2189,0.15801,0.0
1.2189,0.18058,0.0
1.2189,0.20315,0.0
1.2189,0.22572,0.0
1.2189,0.24829,0.0
1.2189,0.27087,0.0
1.2189,0.29344,0.0
1.2189,0.31601,0.0
1.2189,0.33858,0.0
1.2189,0.36115,0.0
1.2189,0.38373,0.0
1.2189,0.4063,0.0
1.2189,0.42887,0.0
1.2189,0.45144,0.0
1.2189,0.47402,0.0
1.2189,0.49659,0.0
1.2189,0.51916,0.0
1.2189,0.54173,0.0
1.2189,0.5643,0.0
1.2189,0.58688,0.0
1.2189,0.60945,0.0
1.2189,0.63202,0.0
1.2189,0.65459,0.0
1.2189,0.67717,0.0
1.2189,0.69974,0.0
1.2189,0.72231,0.0
1.2189,0.74488,0.0
1.2189,0.76745,0.0
1.2189,0.79003,0.0
1.24147,-0.79003,0.0
1.24147,-0.76745,0.0
1.24147,-0.74488,0.0
1.24147,-0.72231,0.0
1.24147,-0.69974,0.0
1.24147,-0.67717,0.0
1.24147,-0.65459,0.0
1.24147,-0.63202,0.0
1.24147,-0.60945,0.0
1.24147,-0.58688,0.0
1.24147,-0.5643,0.0
1.24147,-0.54173,0.0
1.24147,-0.51916,0.0
1.24147,-0.49659,0.0
1.24147,-0.47402,0.0
1.24147,-0.45144,0.0
1.24147,-0.42887,0.0
1.24147,-0.4063,0.0
1.24147,-0.38373,0.0
1.24147,-0.36115,0.0
1.24147,-0.33858,0.0
1.24147,-0.31601,0.0
1.24147,-0.29344,0.0
1.24147,-0.27087,0.0
1.24147,-0.24829,0.0
1.24147,-0.22572,0.0
1.24147,-0.20315,0.0
1.24147,-0.18058,0.0
1.24147,-0.15801,0.0
1.24147,-0.13543,0.0
1.24147,-0.11286,0.0
1.24147,-0.09029,0.0
1.24147,-0.06772,0.0
1.24147,-0.04514,0.0
1.24147,-0.02257,0.0
1.24147,0,0.0
1.24147,0.02257,0.0
1.24147,0.04514,0.0
1.24147,0.06772,0.0
1.24147,0.09029,0.0
1.24147,0.11286,0.0
1.24147,0.13543,0.0
1.24147,0.15801,0.0
1.24147,0.18058,0.0
1.24147,0.20315,0.0
1.24147,0.22572,0.0
1.24147,0.24829,0.0
1.24147,0.27087,0.0
1.24147,0.29344,0.0
1.24147,0.31601,0.0
1.24147,0.33858,0.0
1.24147,0.36115,0.0
1.24147,0.38373,0.0
1.24147,0.4063,0.0
1.24147,0.42887,0.0
1.24147,0.45144,0.0
1.24147,0.47402,0.0
1.24147,0.49659,0.0
1.24147,0.51916,0.0
1.24147,0.54173,0.0
1.24147,0.5643,0.0
1.24147,0.58688,0.0
1.24147,0.60945,0.0
1.24147,0.63202,0.0
1.24147,0.65459,0.0
1.24147,0.67717,0.0
1.24147,0.69974,0.0
1.24147,0.72231,0.0
1.24147,0.74488,0.0
1.24147,0.76745,0.0
1.24147,0.79003,0.0
1.26404,-0.79003,0.0
1.26404,-0.76745,0.0
1.26404,-0.74488,0.0
1.26404,-0.72231,0.0
1.26404,-0.69974,0.0
1.26404,-0.67717,0.0
1.26404,-0.65459,0.0
1.26404,-0.63202,0.0
1.26404,-0.60945,0.0
1.26404,-0.58688,0.0
1.26404,-0.5643,0.0
1.26404,-0.54173,0.0
1.26404,-0.51916,0.0
1.26404,-0.49659,0.0
1.26404,-0.47402,0.0
1.26404,-0.45144,0.0
1.26404,-0.42887,0.0
1.26404,-0.4063,0.0
1.26404,-0.38373,0.0
1.26404,-0.36115,0.0
1.26404,-0.33858,0.0
1.26404,-0.31601,0.0
1.26404,-0.29344,0.0
1.26404,-0.27087,0.0
1.26404,-0.24829,0.0
1.26404,-0.22572,0.0
1.26404,-0.20315,0.0
1.26404,-0.18058,0.0
1.26404,-0.15801,0.0
1.26404,-0.13543,0.0
1.26404,-0.11286,0.0
1.26404,-0.09029,0.0
1.26404,-0.06772,0.0
1.26404,-0.04514,0.0
1.26404,-0.02257,0.0
1.26404,0,0.0
1.26404,0.02257,0.0
1.26404,0.04514,0.0
1.26404,0.06772,0.0
1.26404,0.09029,0.0
1.26404,0.11286,0.0
1.26404,0.13543,0.0
1.26404,0.15801,0.0
1.26404,0.18058,0.0
1.26404,0.20315,0.0
1.26404,0.22572,0.0
1.26404,0.24829,0.0
1.26404,0.27087,0.0
1.26404,0.29344,0.0
1.26404,0.31601,0.0
1.26404,0.33858,0.0
1.26404,0.36115,0.0
1.26404,0.38373,0.0
1.26404,0.4063,0.0
1.26404,0.42887,0.0
1.26404,0.45144,0.0
1.26404,0.47402,0.0
1.26404,0.49659,0.0
1.26404,0.51916,0.0
1.26404,0.54173,0.0
1.26404,0.5643,0.0
1.26404,0.58688,0.0
1.26404,0.60945,0.0
1.26404,0.63202,0.0
1.26404,0.65459,0.0
1.26404,0.67717,0.0
1.26404,0.69974,0.0
1.26404,0.72231,0.0
1.26404,0.74488,0.0
1.26404,0.76745,0.0
1.26404,0.79003,0.0
1.28661,-0.79003,0.0
1.28661,-0.76745,0.0
1.28661,-0.74488,0.0
1.28661,-0.72231,0.0
1.28661,-0.69974,0.0
1.28661,-0.67717,0.0
1.28661,-0.65459,0.0
1.28661,-0.63202,0.0
1.28661,-0.60945,0.0
1.28661,-0.58688,0.0
1.28661,-0.5643,0.0
1.28661,-0.54173,0.0
1.28661,-0.51916,0.0
1.28661,-0.49659,0.0
1.28661,-0.47402,0.0
1.28661,-0.45144,0.0
1.28661,-0.42887,0.0
1.28661,-0.4063,0.0
1.28661,-0.38373,0.0
1.28661,-0.36115,0.0
1.28661,-0.33858,0.0
1.28661,-0.31601,0.0
1.28661,-0.29344,0.0
1.28661,-0.27087,0.0
1.28661,-0.24829,0.0
1.28661,-0.22572,0.0
1.28661,-0.20315,0.0
1.28661,-0.18058,0.0
1.28661,-0.15801,0.0
1.28661,-0.13543,0.0
1.28661,-0.11286,0.0
1.28661,-0.09029,0.0
1.28661,-0.06772,0.0
1.28661,-0.04514,0.0
1.28661,-0.02257,0.0
1.28661,0,0.0
1.28661,0.02257,0.0
1.28661,0.04514,0.0
1.28661,0.06772,0.0
1.28661,0.09029,0.0
1.28661,0.11286,0.0
1.28661,0.13543,0.0
1.28661,0.15801,0.0
1.28661,0.18058,0.0
1.28661,0.20315,0.0
1.28661,0.22572,0.0
1.28661,0.24829,0.0
1.28661,0.27087,0.0
1.28661,0.29344,0.0
1.28661,0.31601,0.0
1.28661,0.33858,0.0
1.28661,0.36115,0.0
1.28661,0.38373,0.0
1.28661,0.4063,0.0
1.28661,0.42887,0.0
1.28661,0.45144,0.0
1.28661,0.47402,0.0
1.28661,0.49659,0.0
1.28661,0.51916,0.0
1.28661,0.54173,0.0
1.28661,0.5643,0.0
1.28661,0.58688,0.0
1.28661,0.60945,0.0
1.28661,0.63202,0.0
1.28661,0.65459,0.0
1.28661,0.67717,0.0
1.28661,0.69974,0.0
1.28661,0.72231,0.0
1.28661,0.74488,0.0
1.28661,0.76745,0.0
1.28661,0.79003,0.0
1.30919,-0.79003,0.0
1.30919,-0.76745,0.0
1.30919,-0.74488,0.0
1.30919,-0.72231,0.0
1.30919,-0.69974,0.0
1.30919,-0.67717,0.0
1.30919,-0.65459,0.0
1.30919,-0.63202,0.0
1.30919,-0.60945,0.0
1.30919,-0.58688,0.0
1.30919,-0.5643,0.0
1.30919,-0.54173,0.0
1.30919,-0.51916,0.0
1.30919,-0.49659,0.0
1.30919,-0.47402,0.0
1.30919,-0.45144,0.0
1.30919,-0.42887,0.0
1.30919,-0.4063,0.0
1.30919,-0.38373,0.0
1.30919,-0.36115,0.0
1.30919,-0.33858,0.0
1.30919,-0.31601,0.0
1.30919,-0.29344,0.0
1.30919,-0.27087,0.0
1.30919,-0.24829,0.0
1.30919,-0.22572,0.0
1.30919,-0.20315,0.0
1.30919,-0.18058,0.0
1.30919,-0.15801,0.0
1.30919,-0.13543,0.0
1.30919,-0.11286,0.0
1.30919,-0.09029,0.0
1.30919,-0.06772,0.0
1.30919,-0.04514,0.0
1.30919,-0.02257,0.0
1.30919,0,0.0
1.30919,0.02257,0.0
1.30919,0.04514,0.0
1.30919,0.06772,0.0
1.30919,0.09029,0.0
1.30919,0.11286,0.0
1.30919,0.13543,0.0
1.30919,0.15801,0.0
1.30919,0.18058,0.0
1.30919,0.20315,0.0
1.30919,0.22572,0.0
1.30919,0.24829,0.0
1.30919,0.27087,0.0
1.30919,0.29344,0.0
1.30919,0.31601,0.0
1.30919,0.33858,0.0
1.30919,0.36115,0.0
1.30919,0.38373,0.0
1.30919,0.4063,0.0
1.30919,0.42887,0.0
1.30919,0.45144,0.0
1.30919,0.47402,0.0
1.30919,0.49659,0.0
1.30919,0.51916,0.0
1.30919,0.54173,0.0
1.30919,0.5643,0.0
1.30919,0.58688,0.0
1.30919,0.60945,0.0
1.30919,0.63202,0.0
1.30919,0.65459,0.0
1.30919,0.67717,0.0
1.30919,0.69974,0.0
1.30919,0.72231,0.0
1.30919,0.74488,0.0
1.30919,0.76745,0.0
1.30919,0.79003,0.0
1.33176,-0.79003,0.0
1.33176,-0.76745,0.0
1.33176,-0.74488,0.0
1.33176,-0.72231,0.0
1.33176,-0.69974,0.0
1.33176,-0.67717,0.0
1.33176,-0.65459,0.0
1.33176,-0.63202,0.0
1.33176,-0.60945,0.0
1.33176,-0.58688,0.0
1.33176,-0.5643,0.0
1.33176,-0.54173,0.0
1.33176,-0.51916,0.0
1.33176,-0.49659,0.0
1.33176,-0.47402,0.0
1.33176,-0.45144,0.0
1.33176,-0.42887,0.0
1.33176,-0.4063,0.0
1.33176,-0.38373,0.0
1.33176,-0.36115,0.0
1.33176,-0.33858,0.0
1.33176,-0.31601,0.0
1.33176,-0.29344,0.0
1.33176,-0.27087,0.0
1.33176,-0.24829,0.0
1.33176,-0.22572,0.0
1.33176,-0.20315,0.0
1.33176,-0.18058,0.0
1.33176,-0.15801,0.0
1.33176,-0.13543,0.0
1.33176,-0.11286,0.0
1.33176,-0.09029,0.0
1.33176,-0.06772,0.0
1.33176,-0.04514,0.0
1.33176,-0.02257,0.0
1.33176,0,0.0
1.33176,0.02257,0.0
1.33176,0.04514,0.0
1.33176,0.06772,0.0
1.33176,0.09029,0.0
1.33176,0.11286,0.0
1.33176,0.13543,0.0
1.33176,0.15801,0.0
1.33176,0.18058,0.0
1.33176,0.20315,0.0
1.33176,0.22572,0.0
1.33176,0.24829,0.0
1.33176,0.27087,0.0
1.33176,0.29344,0.0
1.33176,0.31601,0.0
1.33176,0.33858,0.0
1.33176,0.36115,0.0
1.33176,0.38373,0.0
1.33176,0.4063,0.0
1.33176,0.42887,0.0
1.33176,0.45144,0.0
1.33176,0.47402,0.0
1.33176,0.49659,0.0
1.33176,0.51916,0.0
1.33176,0.54173,0.0
1.33176,0.5643,0.0
1.33176,0.58688,0.0
1.33176,0.60945,0.0
1.33176,0.63202,0.0
1.33176,0.65459,0.0
1.33176,0.67717,0.0
1.33176,0.69974,0.0
1.33176,0.72231,0.0
1.33176,0.74488,0.0
1.33176,0.76745,0.0
1.33176,0.79003,0.0
1.35433,-0.79003,0.0
1.35433,-0.76745,0.0
1.35433,-0.74488,0.0
1.35433,-0.72231,0.0
1.35433,-0.69974,0.0
1.35433,-0.67717,0.0
1.35433,-0.65459,0.0
1.35433,-0.63202,0.0
1.35433,-0.60945,0.0
1.35433,-0.58688,0.0
1.35433,-0.5643,0.0
1.35433,-0.54173,0.0
1.35433,-0.51916,0.0
1.35433,-0.49659,0.0
1.35433,-0.47402,0.0
1.35433,-0.45144,0.0
1.35433,-0.42887,0.0
1.35433,-0.4063,0.0
1.35433,-0.38373,0.0
1.35433,-0.36115,0.0
1.35433,-0.33858,0.0
1.35433,-0.31601,0.0
1.35433,-0.29344,0.0
1.35433,-0.27087,0.0
1.35433,-0.24829,0.0
1.35433,-0.22572,0.0
1.35433,-0.20315,0.0
1.35433,-0.18058,0.0
1.35433,-0.15801,0.0
1.35433,-0.13543,0.0
1.35433,-0.11286,0.0
1.35433,-0.09029,0.0
1.35433,-0.06772,0.0
1.35433,-0.04514,0.0
1.35433,-0.02257,0.0
1.35433,0,0.0
1.35433,0.02257,0.0
1.35433,0.04514,0.0
1.35433,0.06772,0.0
1.35433,0.09029,0.0
1.35433,0.11286,0.0
1.35433,0.13543,0.0
1.35433,0.15801,0.0
1.35433,0.18058,0.0
1.35433,0.20315,0.0
1.35433,0.22572,0.0
1.35433,0.24829,0.0
1.35433,0.27087,0.0
1.35433,0.29344,0.0
1.35433,0.31601,0.0
1.35433,0.33858,0.0
1.35433,0.36115,0.0
1.35433,0.38373,0.0
1.35433,0.4063,0.0
1.35433,0.42887,0.0
1.35433,0.45144,0.0
1.35433,0.47402,0.0
1.35433,0.49659,0.0
1.35433,0.51916,0.0
1.35433,0.54173,0.0
1.35433,0.5643,0.0
1.35433,0.58688,0.0
1.35433,0.60945,0.0
1.35433,0.63202,0.0
1.35433,0.65459,0.0
1.35433,0.67717,0.0
1.35433,0.69974,0.0
1.35433,0.72231,0.0
1.35433,0.74488,0.0
1.35433,0.76745,0.0
1.35433,0.79003,0.0
1.3769,-0.79003,0.0
1.3769,-0.76745,0.0
1.3769,-0.74488,0.0
1.3769,-0.72231,0.0
1.3769,-0.69974,0.0
1.3769,-0.67717,0.0
1.3769,-0.65459,0.0
1.3769,-0.63202,0.0
1.3769,-0.60945,0.0
1.3769,-0.58688,0.0
1.3769,-0.5643,0.0
1.3769,-0.54173,0.0
1.3769,-0.51916,0.0
1.3769,-0.49659,0.0
1.3769,-0.47402,0.0
1.3769,-0.45144,0.0
1.3769,-0.42887,0.0
1.3769,-0.4063,0.0
1.3769,-0.38373,0.0
1.3769,-0.36115,0.0
1.3769,-0.33858,0.0
1.3769,-0.31601,0.0
1.3769,-0.29344,0.0
1.3769,-0.27087,0.0
1.3769,-0.24829,0.0
1.3769,-0.22572,0.0
1.3769,-0.20315,0.0
1.3769,-0.18058,0.0
1.3769,-0.15801,0.0
1.3769,-0.13543,0.0
1.3769,-0.11286,0.0
1.3769,-0.09029,0.0
1.3769,-0.06772,0.0
1.3769,-0.04514,0.0
1.3769,-0.02257,0.0
1.3769,0,0.0
1.3769,0.02257,0.0
1.3769,0.04514,0.0
1.3769,0.06772,0.0
1.3769,0.09029,0.0
1.3769,0.11286,0.0
1.3769,0.13543,0.0
1.3769,0.15801,0.0
1.3769,0.18058,0.0
1.3769,0.20315,0.0
1.3769,0.22572,0.0
1.3769,0.24829,0.0
1.3769,0.27087,0.0
1.3769,0.29344,0.0
1.3769,0.31601,0.0
1.3769,0.33858,0.0
1.3769,0.36115,0.0
1.3769,0.38373,0.0
1.3769,0.4063,0.0
1.3769,0.42887,0.0
1.3769,0.45144,0.0
1.3769,0.47402,0.0
1.3769,0.49659,0.0
1.3769,0.51916,0.0
1.3769,0.54173,0.0
1.3769,0.5643,0.0
1.3769,0.58688,0.0
1.3769,0.60945,0.0
1.3769,0.63202,0.0
1.3769,0.65459,0.0
1.3769,0.67717,0.0
1.3769,0.69974,0.0
1.3769,0.72231,0.0
1.3769,0.74488,0.0
1.3769,0.76745,0.0
1.3769,0.79003,0.0
1.39948,-0.79003,0.0
1.39948,-0.76745,0.0
1.39948,-0.74488,0.0
1.39948,-0.72231,0.0
1.39948,-0.69974,0.0
1.39948,-0.67717,0.0
1.39948,-0.65459,0.0
1.39948,-0.63202,0.0
1.39948,-0.60945,0.0
1.39948,-0.58688,0.0
1.39948,-0.5643,0.0
1.39948,-0.54173,0.0
1.39948,-0.51916,0.0
1.39948,-0.49659,0.0
1.39948,-0.47402,0.0
1.39948,-0.45144,0.0
1.39948,-0.42887,0.0
1.39948,-0.4063,0.0
1.39948,-0.38373,0.0
1.39948,-0.36115,0.0
1.39948,-0.33858,0.0
1.39948,-0.31601,0.0
1.39948,-0.29344,0.0
1.39948,-0.27087,0.0
1.39948,-0.24829,0.0
1.39948,-0.22572,0.0
1.39948,-0.20315,0.0
1.39948,-0.18058,0.0
1.39948,-0.15801,0.0
1.39948,-0.13543,0.0
1.39948,-0.11286,0.0
1.39948,-0.09029,0.0
1.39948,-0.06772,0.0
1.39948,-0.04514,0.0
1.39948,-0.02257,0.0
1.39948,0,0.0
1.39948,0.02257,0.0
1.39948,0.04514,0.0
1.39948,0.06772,0.0
1.39948,0.09029,0.0
1.39948,0.11286,0.0
1.39948,0.13543,0.0
1.39948,0.15801,0.0
1.39948,0.18058,0.0
1.39948,0.20315,0.0
1.39948,0.22572,0.0
1.39948,0.24829,0.0
1.39948,0.27087,0.0
1.39948,0.29344,0.0
1.39948,0.31601,0.0
1.39948,0.33858,0.0
1.39948,0.36115,0.0
1.39948,0.38373,0.0
1.39948,0.4063,0.0
1.39948,0.42887,0.0
1.39948,0.45144,0.0
1.39948,0.47402,0.0
1.39948,0.49659,0.0
1.39948,0.51916,0.0
1.39948,0.54173,0.0
1.39948,0.5643,0.0
1.39948,0.58688,0.0
1.39948,0.60945,0.0
1.39948,0.63202,0.0
1.39948,0.65459,0.0
1.39948,0.67717,0.0
1.39948,0.69974,0.0
1.39948,0.72231,0.0
1.39948,0.74488,0.0
1.39948,0.76745,0.0
1.39948,0.79003,0.0
1.42205,-0.79003,0.0
1.42205,-0.76745,0.0
1.42205,-0.74488,0.0
1.42205,-0.72231,0.0
1.42205,-0.69974,0.0
1.42205,-0.67717,0.0
1.42205,-0.65459,0.0
1.42205,-0.63202,0.0
1.42205,-0.60945,0.0
1.42205,-0.58688,0.0
1.42205,-0.5643,0.0
1.42205,-0.54173,0.0
1.42205,-0.51916,0.0
1.42205,-0.49659,0.0
1.42205,-0.47402,0.0
1.42205,-0.45144,0.0
1.42205,-0.42887,0.0
1.42205,-0.4063,0.0
1.42205,-0.38373,0.0
1.42205,-0.36115,0.0
1.42205,-0.33858,0.0
1.42205,-0.31601,0.0
1.42205,-0.29344,0.0
1.42205,-0.27087,0.0
1.42205,-0.24829,0.0
1.42205,-0.22572,0.0
1.42205,-0.20315,0.0
1.42205,-0.18058,0.0
1.42205,-0.15801,0.0
1.42205,-0.13543,0.0
1.42205,-0.11286,0.0
1.42205,-0.09029,0.0
1.42205,-0.06772,0.0
1.42205,-0.04514,0.0
1.42205,-0.02257,0.0
1.42205,0,0.0
1.42205,0.02257,0.0
1.42205,0.04514,0.0
1.42205,0.06772,0.0
1.42205,0.09029,0.0
1.42205,0.11286,0.0
1.42205,0.13543,0.0
1.42205,0.15801,0.0
1.42205,0.18058,0.0
1.42205,0.20315,0.0
1.42205,0.22572,0.0
1.42205,0.24829,0.0
1.42205,0.27087,0.0
1.42205,0.29344,0.0
1.42205,0.31601,0.0
1.42205,0.33858,0.0
1.42205,0.36115,0.0
1.42205,0.38373,0.0
1.42205,0.4063,0.0
1.42205,0.42887,0.0
1.42205,0.45144,0.0
1.42205,0.47402,0.0
1.42205,0.49659,0.0
1.42205,0.51916,0.0
1.42205,0.54173,0.0
1.42205,0.5643,0.0
1.42205,0.58688,0.0
1.42205,0.60945,0.0
1.42205,0.63202,0.0
1.42205,0.65459,0.0
1.42205,0.67717,0.0
1.42205,0.69974,0.0
1.42205,0.72231,0.0
1.42205,0.74488,0.0
1.42205,0.76745,0.0
1.42205,0.79003,0.0
1.44462,-0.79003,0.0
1.44462,-0.76745,0.0
1.44462,-0.74488,0.0
1.44462,-0.72231,0.0
1.44462,-0.69974,0.0
1.44462,-0.67717,0.0
1.44462,-0.65459,0.0
1.44462,-0.63202,0.0
1.44462,-0.60945,0.0
1.44462,-0.58688,0.0
1.44462,-0.5643,0.0
1.44462,-0.54173,0.0
1.44462,-0.51916,0.0
1.44462,-0.49659,0.0
1.44462,-0.47402,0.0
1.44462,-0.45144,0.0
1.44462,-0.42887,0.0
1.44462,-0.4063,0.0
1.44462,-0.38373,0.0
1.44462,-0.36115,0.0
1.44462,-0.33858,0.0
1.44462,-0.31601,0.0
1.44462,-0.29344,0.0
1.44462,-0.27087,0.0
1.44462,-0.24829,0.0
1.44462,-0.22572,0.0
1.44462,-0.20315,0.0
1.44462,-0.18058,0.0
1.44462,-0.15801,0.0
1.44462,-0.13543,0.0
1.44462,-0.11286,0.0
1.44462,-0.09029,0.0
1.44462,-0.06772,0.0
1.44462,-0.04514,0.0
1.44462,-0.02257,0.0
1.44462,0,0.0
1.44462,0.02257,0.0
1.44462,0.04514,0.0
1.44462,0.06772,0.0
1.44462,0.09029,0.0
1.44462,0.11286,0.0
1.44462,0.13543,0.0
1.44462,0.15801,0.0
1.44462,0.18058,0.0
1.44462,0.20315,0.0
1.44462,0.22572,0.0
1.44462,0.24829,0.0
1.44462,0.27087,0.0
1.44462,0.29344,0.0
1.44462,0.31601,0.0
1.44462,0.33858,0.0
1.44462,0.36115,0.0
1.44462,0.38373,0.0
1.44462,0.4063,0.0
1.44462,0.42887,0.0
1.44462,0.45144,0.0
1.44462,0.47402,0.0
1.44462,0.49659,0.0
1.44462,0.51916,0.0
1.44462,0.54173,0.0
1.44462,0.5643,0.0
1.44462,0.58688,0.0
1.44462,0.60945,0.0
1.44462,0.63202,0.0
1.44462,0.65459,0.0
1.44462,0.67717,0.0
1.44462,0.69974,0.0
1.44462,0.72231,0.0
1.44462,0.74488,0.0
1.44462,0.76745,0.0
1.44462,0.79003,0.0
1.46719,-0.79003,0.0
1.46719,-0.76745,0.0
1.46719,-0.74488,0.0
1.46719,-0.72231,0.0
1.46719,-0.69974,0.0
1.46719,-0.67717,0.0
1.46719,-0.65459,0.0
1.46719,-0.63202,0.0
1.46719,-0.60945,0.0
1.46719,-0.58688,0.0
1.46719,-0.5643,0.0
1.46719,-0.54173,0.0
1.46719,-0.51916,0.0
1.46719,-0.49659,0.0
1.46719,-0.47402,0.0
1.46719,-0.45144,0.0
1.46719,-0.42887,0.0
1.46719,-0.4063,0.0
1.46719,-0.38373,0.0
1.46719,-0.36115,0.0
1.46719,-0.33858,0.0
1.46719,-0.31601,0.0
1.46719,-0.29344,0.0
1.46719,-0.27087,0.0
1.46719,-0.24829,0.0
1.46719,-0.22572,0.0
1.46719,-0.20315,0.0
1.46719,-0.18058,0.0
1.46719,-0.15801,0.0
1.46719,-0.13543,0.0
1.46719,-0.11286,0.0
1.46719,-0.09029,0.0
1.46719,-0.06772,0.0
1.46719,-0.04514,0.0
1.46719,-0.02257,0.0
1.46719,0,0.0
1.46719,0.02257,0.0
1.46719,0.04514,0.0
1.46719,0.06772,0.0
1.46719,0.09029,0.0
1.46719,0.11286,0.0
1.46719,0.13543,0.0
1.46719,0.15801,0.0
1.46719,0.18058,0.0
1.46719,0.20315,0.0
1.46719,0.22572,0.0
1.46719,0.24829,0.0
1.46719,0.27087,0.0
1.46719,0.29344,0.0
1.46719,0.31601,0.0
1.46719,0.33858,0.0
1.46719,0.36115,0.0
1.46719,0.38373,0.0
1.46719,0.4063,0.0
1.46719,0.42887,0.0
1.46719,0.45144,0.0
1.46719,0.47402,0.0
1.46719,0.49659,0.0
1.46719,0.51916,0.0
1.46719,0.54173,0.0
1.46719,0.5643,0.0
1.46719,0.58688,0.0
1.46719,0.60945,0.0
1.46719,0.63202,0.0
1.46719,0.65459,0.0
1.46719,0.67717,0.0
1.46719,0.69974,0.0
1.46719,0.72231,0.0
1.46719,0.74488,0.0
1.46719,0.76745,0.0
1.46719,0.79003,0.0
1.48976,-0.79003,0.0
1.48976,-0.76745,0.0
1.48976,-0.74488,0.0
1.48976,-0.72231,0.0
1.48976,-0.69974,0.0
1.48976,-0.67717,0.0
1.48976,-0.65459,0.0
1.48976,-0.63202,0.0
1.48976,-0.60945,0.0
1.48976,-0.58688,0.0
1.48976,-0.5643,0.0
1.48976,-0.54173,0.0
1.48976,-0.51916,0.0
1.48976,-0.49659,0.0
1.48976,-0.47402,0.0
1.48976,-0.45144,0.0
1.48976,-0.42887,0.0
1.48976,-0.4063,0.0
1.48976,-0.38373,0.0
1.48976,-0.36115,0.0
1.48976,-0.33858,0.0
1.48976,-0.31601,0.0
1.48976,-0.29344,0.0
1.48976,-0.27087,0.0
1.48976,-0.24829,0.0
1.48976,-0.22572,0.0
1.48976,-0.20315,0.0
1.48976,-0.18058,0.0
1.48976,-0.15801,0.0
1.48976,-0.13543,0.0
1.48976,-0.11286,0.0
1.48976,-0.09029,0.0
1.48976,-0.06772,0.0
1.48976,-0.04514,0.0
1.48976,-0.02257,0.0
1.48976,0,0.0
1.48976,0.02257,0.0
1.48976,0.04514,0.0
1.48976,0.06772,0.0
1.48976,0.09029,0.0
1.48976,0.11286,0.0
1.48976,0.13543,0.0
1.48976,0.15801,0.0
1.48976,0.18058,0.0
1.48976,0.20315,0.0
1.48976,0.22572,0.0
1.48976,0.24829,0.0
1.48976,0.27087,0.0
1.48976,0.29344,0.0
1.48976,0.31601,0.0
1.48976,0.33858,0.0
1.48976,0.36115,0.0
1.48976,0.38373,0.0
1.48976,0.4063,0.0
1.48976,0.42887,0.0
1.48976,0.45144,0.0
1.48976,0.47402,0.0
1.48976,0.49659,0.0
1.48976,0.51916,0.0
1.48976,0.54173,0.0
1.48976,0.5643,0.0
1.48976,0.58688,0.0
1.48976,0.60945,0.0
1.48976,0.63202,0.0
1.48976,0.65459,0.0
1.48976,0.67717,0.0
1.48976,0.69974,0.0
1.48976,0.72231,0.0
1.48976,0.74488,0.0
1.48976,0.76745,0.0
1.48976,0.79003,0.0
1.51234,-0.79003,0.0
1.51234,-0.76745,0.0
1.51234,-0.74488,0.0
1.51234,-0.72231,0.0
1.51234,-0.69974,0.0
1.51234,-0.67717,0.0
1.51234,-0.65459,0.0
1.51234,-0.63202,0.0
1.51234,-0.60945,0.0
1.51234,-0.58688,0.0
1.51234,-0.5643,0.0
1.51234,-0.54173,0.0
1.51234,-0.51916,0.0
1.51234,-0.49659,0.0
1.51234,-0.47402,0.0
1.51234,-0.45144,0.0
1.51234,-0.42887,0.0
1.51234,-0.4063,0.0
1.51234,-0.38373,0.0
1.51234,-0.36115,0.0
1.51234,-0.33858,0.0
1.51234,-0.31601,0.0
1.51234,-0.29344,0.0
1.51234,-0.27087,0.0
1.51234,-0.24829,0.0
1.51234,-0.22572,0.0
1.51234,-0.20315,0.0
1.51234,-0.18058,0.0
1.51234,-0.15801,0.0
1.51234,-0.13543,0.0
1.51234,-0.11286,0.0
1.51234,-0.09029,0.0
1.51234,-0.06772,0.0
1.51234,-0.04514,0.0
1.51234,-0.02257,0.0
1.51234,0,0.0
1.51234,0.02257,0.0
1.51234,0.04514,0.0
1.51234,0.06772,0.0
1.51234,0.09029,0.0
1.51234,0.11286,0.0
1.51234,0.13543,0.0
1.51234,0.15801,0.0
1.51234,0.18058,0.0
1.51234,0.20315,0.0
1.51234,0.22572,0.0
1.51234,0.24829,0.0
1.51234,0.27087,0.0
1.51234,0.29344,0.0
1.51234,0.31601,0.0
1.51234,0.33858,0.0
1.51234,0.36115,0.0
1.51234,0.38373,0.0
1.51234,0.4063,0.0
1.51234,0.42887,0.0
1.51234,0.45144,0.0
1.51234,0.47402,0.0
1.51234,0.49659,0.0
1.51234,0.51916,0.0
1.51234,0.54173,0.0
1.51234,0.5643,0.0
1.51234,0.58688,0.0
1.51234,0.60945,0.0
1.51234,0.63202,0.0
1.51234,0.65459,0.0
1.51234,0.67717,0.0
1.51234,0.69974,0.0
1.51234,0.72231,0.0
1.51234,0.74488,0.0
1.51234,0.76745,0.0
1.51234,0.79003,0.0
1.53491,-0.79003,0.0
1.53491,-0.76745,0.0
1.53491,-0.74488,0.0
1.53491,-0.72231,0.0
1.53491,-0.69974,0.0
1.53491,-0.67717,0.0
1.53491,-0.65459,0.0
1.53491,-0.63202,0.0
1.53491,-0.60945,0.0
1.53491,-0.58688,0.0
1.53491,-0.5643,0.0
1.53491,-0.54173,0.0
1.53491,-0.51916,0.0
1.53491,-0.49659,0.0
1.53491,-0.47402,0.0
1.53491,-0.45144,0.0
1.53491,-0.42887,0.0
1.53491,-0.4063,0.0
1.53491,-0.38373,0.0
1.53491,-0.36115,0.0
1.53491,-0.33858,0.0
1.53491,-0.31601,0.0
1.53491,-0.29344,0.0
1.53491,-0.27087,0.0
1.53491,-0.24829,0.0
1.53491,-0.22572,0.0
1.53491,-0.20315,0.0
1.53491,-0.18058,0.0
1.53491,-0.15801,0.0
1.53491,-0.13543,0.0
1.53491,-0.11286,0.0
1.53491,-0.09029,0.0
1.53491,-0.06772,0.0
1.53491,-0.04514,0.0
1.53491,-0.02257,0.0
1.53491,0,0.0
1.53491,0.02257,0.0
1.53491,0.04514,0.0
1.53491,0.06772,0.0
1.53491,0.09029,0.0
1.53491,0.11286,0.0
1.53491,0.13543,0.0
1.53491,0.15801,0.0
1.53491,0.18058,0.0
1.53491,0.20315,0.0
1.53491,0.22572,0.0
1.53491,0.24829,0.0
1.53491,0.27087,0.0
1.53491,0.29344,0.0
1.53491,0.31601,0.0
1.53491,0.33858,0.0
1.53491,0.36115,0.0
1.53491,0.38373,0.0
1.53491,0.4063,0.0
1.53491,0.42887,0.0
1.53491,0.45144,0.0
1.53491,0.47402,0.0
1.53491,0.49659,0.0
1.53491,0.51916,0.0
1.53491,0.54173,0.0
1.53491,0.5643,0.0
1.53491,0.58688,0.0
1.53491,0.60945,0.0
1.53491,0.63202,0.0
1.53491,0.65459,0.0
1.53491,0.67717,0.0
1.53491,0.69974,0.0
1.53491,0.72231,0.0
1.53491,0.74488,0.0
1.53491,0.76745,0.0
1.53491,0.79003,0.0
1.55748,-0.79003,0.0
1.55748,-0.76745,0.0
1.55748,-0.74488,0.0
1.55748,-0.72231,0.0
1.55748,-0.69974,0.0
1.55748,-0.67717,0.0
1.55748,-0.65459,0.0
1.55748,-0.63202,0.0
1.55748,-0.60945,0.0
1.55748,-0.58688,0.0
1.55748,-0.5643,0.0
1.55748,-0.54173,0.0
1.55748,-0.51916,0.0
1.55748,-0.49659,0.0
1.55748,-0.47402,0.0
1.55748,-0.45144,0.0
1.55748,-0.42887,0.0
1.55748,-0.4063,0.0
1.55748,-0.38373,0.0
1.55748,-0.36115,0.0
1.55748,-0.33858,0.0
1.55748,-0.31601,0.0
1.55748,-0.29344,0.0
1.55748,-0.27087,0.0
1.55748,-0.24829,0.0
1.55748,-0.22572,0.0
1.55748,-0.20315,0.0
1.55748,-0.18058,0.0
1.55748,-0.15801,0.0
1.55748,-0.13543,0.0
1.55748,-0.11286,0.0
1.55748,-0.09029,0.0
1.55748,-0.06772,0.0
1.55748,-0.04514,0.0
1.55748,-0.02257,0.0
1.55748,0,0.0
1.55748,0.02257,0.0
1.55748,0.04514,0.0
1.55748,0.06772,0.0
1.55748,0.09029,0.0
1.55748,0.11286,0.0
1.55748,0.13543,0.0
1.55748,0.15801,0.0
1.55748,0.18058,0.0
1.55748,0.20315,0.0
1.55748,0.22572,0.0
1.55748,0.24829,0.0
1.55748,0.27087,0.0
1.55748,0.29344,0.0
1.55748,0.31601,0.0
1.55748,0.33858,0.0
1.55748,0.36115,0.0
1.55748,0.38373,0.0
1.55748,0.4063,0.0
1.55748,0.42887,0.0
1.55748,0.45144,0.0
1.55748,0.47402,0.0
1.55748,0.49659,0.0
1.55748,0.51916,0.0
1.55748,0.54173,0.0
1.55748,0.5643,0.0
1.55748,0.58688,0.0
1.55748,0.60945,0.0
1.55748,0.63202,0.0
1.55748,0.65459,0.0
1.55748,0.67717,0.0
1.55748,0.69974,0.0
1.55748,0.72231,0.0
1.55748,0.74488,0.0
1.55748,0.76745,0.0
1.55748,0.79003,0.0
1.58005,-0.79003,0.0
1.58005,-0.76745,0.0
1.58005,-0.74488,0.0
1.58005,-0.72231,0.0
1.58005,-0.69974,0.0
1.58005,-0.67717,0.0
1.58005,-0.65459,0.0
1.58005,-0.63202,0.0
1.58005,-0.60945,0.0
1.58005,-0.58688,0.0
1.58005,-0.5643,0.0
1.58005,-0.54173,0.0
1.58005,-0.51916,0.0
1.58005,-0.49659,0.0
1.58005,-0.47402,0.0
1.58005,-0.45144,0.0
1.58005,-0.42887,0.0
1.58005,-0.4063,0.0
1.58005,-0.38373,0.0
1.58005,-0.36115,0.0
1.58005,-0.33858,0.0
1.58005,-0.31601,0.0
1.58005,-0.29344,0.0
1.58005,-0.27087,0.0
1.58005,-0.24829,0.0
1.58005,-0.22572,0.0
1.58005,-0.20315,0.0
1.58005,-0.18058,0.0
1.58005,-0.15801,0.0
1.58005,-0.13543,0.0
1.58005,-0.11286,0.0
1.58005,-0.09029,0.0
1.58005,-0.06772,0.0
1.58005,-0.04514,0.0
1.58005,-0.02257,0.0
1.58005,0,0.0
1.58005,0.02257,0.0
1.58005,0.04514,0.0
1.58005,0.06772,0.0
1.58005,0.09029,0.0
1.58005,0.11286,0.0
1.58005,0.13543,0.0
1.58005,0.15801,0.0
1.58005,0.18058,0.0
1.58005,0.20315,0.0
1.58005,0.22572,0.0
1.58005,0.24829,0.0
1.58005,0.27087,0.0
1.58005,0.29344,0.0
1.58005,0.31601,0.0
1.58005,0.33858,0.0
1.58005,0.36115,0.0
1.58005,0.38373,0.0
1.58005,0.4063,0.0
1.58005,0.42887,0.0
1.58005,0.45144,0.0
1.58005,0.47402,0.0
1.58005,0.49659,0.0
1.58005,0.51916,0.0
1.58005,0.54173,0.0
1.58005,0.5643,0.0
1.58005,0.58688,0.0
1.58005,0.60945,0.0
1.58005,0.63202,0.0
1.58005,0.65459,0.0
1.58005,0.67717,0.0
1.58005,0.69974,0.0
1.58005,0.72231,0.0
1.58005,0.74488,0.0
1.58005,0.76745,0.0
1.58005,0.79003,0.0
1.60262,-0.79003,0.0
1.60262,-0.76745,0.0
1.60262,-0.74488,0.0
1.60262,-0.72231,0.0
1.60262,-0.69974,0.0
1.60262,-0.67717,0.0
1.60262,-0.65459,0.0
1.60262,-0.63202,0.0
1.60262,-0.60945,0.0
1.60262,-0.58688,0.0
1.60262,-0.5643,0.0
1.60262,-0.54173,0.0
1.60262,-0.51916,0.0
1.60262,-0.49659,0.0
1.60262,-0.47402,0.0
1.60262,-0.45144,0.0
1.60262,-0.42887,0.0
1.60262,-0.4063,0.0
1.60262,-0.38373,0.0
1.60262,-0.36115,0.0
1.60262,-0.33858,0.0
1.60262,-0.31601,0.0
1.60262,-0.29344,0.0
1.60262,-0.27087,0.0
1.60262,-0.24829,0.0
1.60262,-0.22572,0.0
1.60262,-0.20315,0.0
1.60262,-0.18058,0.0
1.60262,-0.15801,0.0
1.60262,-0.13543,0.0
1.60262,-0.11286,0.0
1.60262,-0.09029,0.0
1.60262,-0.06772,0.0
1.60262,-0.04514,0.0
1.60262,-0.02257,0.0
1.60262,0,0.0
1.60262,0.02257,0.0
1.60262,0.04514,0.0
1.60262,0.06772,0.0
1.60262,0.09029,0.0
1.60262,0.11286,0.0
1.60262,0.13543,0.0
1.60262,0.15801,0.0
1.60262,0.18058,0.0
1.60262,0.20315,0.0
1.60262,0.22572,0.0
1.60262,0.24829,0.0
1.60262,0.27087,0.0
1.60262,0.29344,0.0
1.60262,0.31601,0.0
1.60262,0.33858,0.0
1.60262,0.36115,0.0
1.60262,0.38373,0.0
1.60262,0.4063,0.0
1.60262,0.42887,0.0
1.60262,0.45144,0.0
1.60262,0.47402,0.0
1.60262,0.49659,0.0
1.60262,0.51916,0.0
1.60262,0.54173,0.0
1.60262,0.5643,0.0
1.60262,0.58688,0.0
1.60262,0.60945,0.0
1.60262,0.63202,0.0
1.60262,0.65459,0.0
1.60262,0.67717,0.0
1.60262,0.69974,0.0
1.60262,0.72231,0.0
1.60262,0.74488,0.0
1.60262,0.76745,0.0
1.60262,0.79003,0.0
1.6252,-0.79003,0.0
1.6252,-0.76745,0.0
1.6252,-0.74488,0.0
1.6252,-0.72231,0.0
1.6252,-0.69974,0.0
1.6252,-0.67717,0.0
1.6252,-0.65459,0.0
1.6252,-0.63202,0.0
1.6252,-0.60945,0.0
1.6252,-0.58688,0.0
1.6252,-0.5643,0.0
1.6252,-0.54173,0.0
1.6252,-0.51916,0.0
1.6252,-0.49659,0.0
1.6252,-0.47402,0.0
1.6252,-0.45144,0.0
1.6252,-0.42887,0.0
1.6252,-0.4063,0.0
1.6252,-0.38373,0.0
1.6252,-0.36115,0.0
1.6252,-0.33858,0.0
1.6252,-0.31601,0.0
1.6252,-0.29344,0.0
1.6252,-0.27087,0.0
1.6252,-0.24829,0.0
1.6252,-0.22572,0.0
1.6252,-0.20315,0.0
1.6252,-0.18058,0.0
1.6252,-0.15801,0.0
1.6252,-0.13543,0.0
1.6252,-0.11286,0.0
1.6252,-0.09029,0.0
1.6252,-0.06772,0.0
1.6252,-0.04514,0.0
1.6252,-0.02257,0.0
1.6252,0,0.0
1.6252,0.02257,0.0
1.6252,0.04514,0.0
1.6252,0.06772,0.0
1.6252,0.09029,0.0
1.6252,0.11286,0.0
1.6252,0.13543,0.0
1.6252,0.15801,0.0
1.6252,0.18058,0.0
1.6252,0.20315,0.0
1.6252,0.22572,0.0
1.6252,0.24829,0.0
1.6252,0.27087,0.0
1.6252,0.29344,0.0
1.6252,0.31601,0.0
1.6252,0.33858,0.0
1.6252,0.36115,0.0
1.6252,0.38373,0.0
1.6252,0.4063,0.0
1.6252,0.42887,0.0
1.6252,0.45144,0.0
1.6252,0.47402,0.0
1.6252,0.49659,0.0
1.6252,0.51916,0.0
1.6252,0.54173,0.0
1.6252,0.5643,0.0
1.6252,0.58688,0.0
1.6252,0.60945,0.0
1.6252,0.63202,0.0
1.6252,0.65459,0.0
1.6252,0.67717,0.0
1.6252,0.69974,0.0
1.6252,0.72231,0.0
1.6252,0.74488,0.0
1.6252,0.76745,0.0
1.6252,0.79003,0.0
1.64777,-0.79003,0.0
1.64777,-0.76745,0.0
1.64777,-0.74488,0.0
1.64777,-0.72231,0.0
1.64777,-0.69974,0.0
1.64777,-0.67717,0.0
1.64777,-0.65459,0.0
1.64777,-0.63202,0.0
1.64777,-0.60945,0.0
1.64777,-0.58688,0.0
1.64777,-0.5643,0.0
1.64777,-0.54173,0.0
1.64777,-0.51916,0.0
1.64777,-0.49659,0.0
1.64777,-0.47402,0.0
1.64777,-0.45144,0.0
1.64777,-0.42887,0.0
1.64777,-0.4063,0.0
1.64777,-0.38373,0.0
1.64777,-0.36115,0.0
1.64777,-0.33858,0.0
1.64777,-0.31601,0.0
1.64777,-0.29344,0.0
1.64777,-0.27087,0.0
1.64777,-0.24829,0.0
1.64777,-0.22572,0.0
1.64777,-0.20315,0.0
1.64777,-0.18058,0.0
1.64777,-0.15801,0.0
1.64777,-0.13543,0.0
1.64777,-0.11286,0.0
1.64777,-0.09029,0.0
1.64777,-0.06772,0.0
1.64777,-0.04514,0.0
1.64777,-0.02257,0.0
1.64777,0,0.0
1.64777,0.02257,0.0
1.64777,0.04514,0.0
1.64777,0.06772,0.0
1.64777,0.09029,0.0
1.64777,0.11286,0.0
1.64777,0.13543,0.0
1.64777,0.15801,0.0
1.64777,0.18058,0.0
1.64777,0.20315,0.0
1.64777,0.22572,0.0
1.64777,0.24829,0.0
1.64777,0.27087,0.0
1.64777,0.29344,0.0
1.64777,0.31601,0.0
1.64777,0.33858,0.0
1.64777,0.36115,0.0
1.64777,0.38373,0.0
1.64777,0.4063,0.0
1.64777,0.42887,0.0
1.64777,0.45144,0.0
1.64777,0.47402,0.0
1.64777,0.49659,0.0
1.64777,0.51916,0.0
1.64777,0.54173,0.0
1.64777,0.5643,0.0
1.64777,0.58688,0.0
1.64777,0.60945,0.0
1.64777,0.63202,0.0
1.64777,0.65459,0.0
1.64777,0.67717,0.0
1.64777,0.69974,0.0
1.64777,0.72231,0.0
1.64777,0.74488,0.0
1.64777,0.76745,0.0
1.64777,0.79003,0.0
1.67034,-0.79003,0.0
1.67034,-0.76745,0.0
1.67034,-0.74488,0.0
1.67034,-0.72231,0.0
1.67034,-0.69974,0.0
1.67034,-0.67717,0.0
1.67034,-0.65459,0.0
1.67034,-0.63202,0.0
1.67034,-0.60945,0.0
1.67034,-0.58688,0.0
1.67034,-0.5643,0.0
1.67034,-0.54173,0.0
1.67034,-0.51916,0.0
1.67034,-0.49659,0.0
1.67034,-0.47402,0.0
1.67034,-0.45144,0.0
1.67034,-0.42887,0.0
1.67034,-0.4063,0.0
1.67034,-0.38373,0.0
1.67034,-0.36115,0.0
1.67034,-0.33858,0.0
1.67034,-0.31601,0.0
1.67034,-0.29344,0.0
1.67034,-0.27087,0.0
1.67034,-0.24829,0.0
1.67034,-0.22572,0.0
1.67034,-0.20315,0.0
1.67034,-0.18058,0.0
1.67034,-0.15801,0.0
1.67034,-0.13543,0.0
1.67034,-0.11286,0.0
1.67034,-0.09029,0.0
1.67034,-0.06772,0.0
1.67034,-0.04514,0.0
1.67034,-0.02257,0.0
1.67034,0,0.0
1.67034,0.02257,0.0
1.67034,0.04514,0.0
1.67034,0.06772,0.0
1.67034,0.09029,0.0
1.67034,0.11286,0.0
1.67034,0.13543,0.0
1.67034,0.15801,0.0
1.67034,0.18058,0.0
1.67034,0.20315,0.0
1.67034,0.22572,0.0
1.67034,0.24829,0.0
1.67034,0.27087,0.0
1.67034,0.29344,0.0
1.67034,0.31601,0.0
1.67034,0.33858,0.0
1.67034,0.36115,0.0
1.67034,0.38373,0.0
1.67034,0.4063,0.0
1.67034,0.42887,0.0
1.67034,0.45144,0.0
1.67034,0.47402,0.0
1.67034,0.49659,0.0
1.67034,0.51916,0.0
1.67034,0.54173,0.0
1.67034,0.5643,0.0
1.67034,0.58688,0.0
1.67034,0.60945,0.0
1.67034,0.63202,0.0
1.67034,0.65459,0.0
1.67034,0.67717,0.0
1.67034,0.69974,0.0
1.67034,0.72231,0.0
1.67034,0.74488,0.0
1.67034,0.76745,0.0
1.67034,0.79003,0.0
1.69291,-0.79003,0.0
1.69291,-0.76745,0.0
1.69291,-0.74488,0.0
1.69291,-0.72231,0.0
1.69291,-0.69974,0.0
1.69291,-0.67717,0.0
1.69291,-0.65459,0.0
1.69291,-0.63202,0.0
1.69291,-0.60945,0.0
1.69291,-0.58688,0.0
1.69291,-0.5643,0.0
1.69291,-0.54173,0.0
1.69291,-0.51916,0.0
1.69291,-0.49659,0.0
1.69291,-0.47402,0.0
1.69291,-0.45144,0.0
1.69291,-0.42887,0.0
1.69291,-0.4063,0.0
1.69291,-0.38373,0.0
1.69291,-0.36115,0.0
1.69291,-0.33858,0.0
1.69291,-0.31601,0.0
1.69291,-0.29344,0.0
1.69291,-0.27087,0.0
1.69291,-0.24829,0.0
1.69291,-0.22572,0.0
1.69291,-0.20315,0.0
1.69291,-0.18058,0.0
1.69291,-0.15801,0.0
1.69291,-0.13543,0.0
1.69291,-0.11286,0.0
1.69291,-0.09029,0.0
1.69291,-0.06772,0.0
1.69291,-0.04514,0.0
1.69291,-0.02257,0.0
1.69291,0,0.0
1.69291,0.02257,0.0
1.69291,0.04514,0.0
1.69291,0.06772,0.0
1.69291,0.09029,0.0
1.69291,0.11286,0.0
1.69291,0.13543,0.0
1.69291,0.15801,0.0
1.69291,0.18058,0.0
1.69291,0.20315,0.0
1.69291,0.22572,0.0
1.69291,0.24829,0.0
1.69291,0.27087,0.0
1.69291,0.29344,0.0
1.69291,0.31601,0.0
1.69291,0.33858,0.0
1.69291,0.36115,0.0
1.69291,0.38373,0.0
1.69291,0.4063,0.0
1.69291,0.42887,0.0
1.69291,0.45144,0.0
1.69291,0.47402,0.0
1.69291,0.49659,0.0
1.69291,0.51916,0.0
1.69291,0.54173,0.0
1.69291,0.5643,0.0
1.69291,0.58688,0.0
1.69291,0.60945,0.0
1.69291,0.63202,0.0
1.69291,0.65459,0.0
1.69291,0.67717,0.0
1.69291,0.69974,0.0
1.69291,0.72231,0.0
1.69291,0.74488,0.0
1.69291,0.76745,0.0
1.69291,0.79003,0.0
1.71549,-0.79003,0.0
1.71549,-0.76745,0.0
1.71549,-0.74488,0.0
1.71549,-0.72231,0.0
1.71549,-0.69974,0.0
1.71549,-0.67717,0.0
1.71549,-0.65459,0.0
1.71549,-0.63202,0.0
1.71549,-0.60945,0.0
1.71549,-0.58688,0.0
1.71549,-0.5643,0.0
1.71549,-0.54173,0.0
1.71549,-0.51916,0.0
1.71549,-0.49659,0.0
1.71549,-0.47402,0.0
1.71549,-0.45144,0.0
1.71549,-0.42887,0.0
1.71549,-0.4063,0.0
1.71549,-0.38373,0.0
1.71549,-0.36115,0.0
1.71549,-0.33858,0.0
1.71549,-0.31601,0.0
1.71549,-0.29344,0.0
1.71549,-0.27087,0.0
1.71549,-0.24829,0.0
1.71549,-0.22572,0.0
1.71549,-0.20315,0.0
1.71549,-0.18058,0.0
1.71549,-0.15801,0.0
1.71549,-0.13543,0.0
1.71549,-0.11286,0.0
1.71549,-0.09029,0.0
1.71549,-0.06772,0.0
1.71549,-0.04514,0.0
1.71549,-0.02257,0.0
1.71549,0,0.0
1.71549,0.02257,0.0
1.71549,0.04514,0.0
1.71549,0.06772,0.0
1.71549,0.09029,0.0
1.71549,0.11286,0.0
1.71549,0.13543,0.0
1.71549,0.15801,0.0
1.71549,0.18058,0.0
1.71549,0.20315,0.0
1.71549,0.22572,0.0
1.71549,0.24829,0.0
1.71549,0.27087,0.0
1.71549,0.29344,0.0
1.71549,0.31601,0.0
1.71549,0.33858,0.0
1.71549,0.36115,0.0
1.71549,0.38373,0.0
1.71549,0.4063,0.0
1.71549,0.42887,0.0
1.71549,0.45144,0.0
1.71549,0.47402,0.0
1.71549,0.49659,0.0
1.71549,0.51916,0.0
1.71549,0.54173,0.0
1.71549,0.5643,0.0
1.71549,0.58688,0.0
1.71549,0.60945,0.0
1.71549,0.63202,0.0
1.71549,0.65459,0.0
1.71549,0.67717,0.0
1.71549,0.69974,0.0
1.71549,0.72231,0.0
1.71549,0.74488,0.0
1.71549,0.76745,0.0
1.71549,0.79003,0.0
1.73806,-0.79003,0.0
1.73806,-0.76745,0.0
1.73806,-0.74488,0.0
1.73806,-0.72231,0.0
1.73806,-0.69974,0.0
1.73806,-0.67717,0.0
1.73806,-0.65459,0.0
1.73806,-0.63202,0.0
1.73806,-0.60945,0.0
1.73806,-0.58688,0.0
1.73806,-0.5643,0.0
1.73806,-0.54173,0.0
1.73806,-0.51916,0.0
1.73806,-0.49659,0.0
1.73806,-0.47402,0.0
1.73806,-0.45144,0.0
1.73806,-0.42887,0.0
1.73806,-0.4063,0.0
1.73806,-0.38373,0.0
1.73806,-0.36115,0.0
1.73806,-0.33858,0.0
1.73806,-0.31601,0.0
1.73806,-0.29344,0.0
1.73806,-0.27087,0.0
1.73806,-0.24829,0.0
1.73806,-0.22572,0.0
1.73806,-0.20315,0.0
1.73806,-0.18058,0.0
1.73806,-0.15801,0.0
1.73806,-0.13543,0.0
1.73806,-0.11286,0.0
1.73806,-0.09029,0.0
1.73806,-0.06772,0.0
1.73806,-0.04514,0.0
1.73806,-0.02257,0.0
1.73806,0,0.0
1.73806,0.02257,0.0
1.73806,0.04514,0.0
1.73806,0.06772,0.0
1.73806,0.09029,0.0
1.73806,0.11286,0.0
1.73806,0.13543,0.0
1.73806,0.15801,0.0
1.73806,0.18058,0.0
1.73806,0.20315,0.0
1.73806,0.22572,0.0
1.73806,0.24829,0.0
1.73806,0.27087,0.0
1.73806,0.29344,0.0
1.73806,0.31601,0.0
1.73806,0.33858,0.0
1.73806,0.36115,0.0
1.73806,0.38373,0.0
1.73806,0.4063,0.0
1.73806,0.42887,0.0
1.73806,0.45144,0.0
1.73806,0.47402,0.0
1.73806,0.49659,0.0
1.73806,0.51916,0.0
1.73806,0.54173,0.0
1.73806,0.5643,0.0
1.73806,0.58688,0.0
1.73806,0.60945,0.0
1.73806,0.63202,0.0
1.73806,0.65459,0.0
1.73806,0.67717,0.0
1.73806,0.69974,0.0
1.73806,0.72231,0.0
1.73806,0.74488,0.0
1.73806,0.76745,0.0
1.73806,0.79003,0.0
1.76063,-0.79003,0.0
1.76063,-0.76745,0.0
1.76063,-0.74488,0.0
1.76063,-0.72231,0.0
1.76063,-0.69974,0.0
1.76063,-0.67717,0.0
1.76063,-0.65459,0.0
1.76063,-0.63202,0.0
1.76063,-0.60945,0.0
1.76063,-0.58688,0.0
1.76063,-0.5643,0.0
1.76063,-0.54173,0.0
1.76063,-0.51916,0.0
1.76063,-0.49659,0.0
1.76063,-0.47402,0.0
1.76063,-0.45144,0.0
1.76063,-0.42887,0.0
1.76063,-0.4063,0.0
1.76063,-0.38373,0.0
1.76063,-0.36115,0.0
1.76063,-0.33858,0.0
1.76063,-0.31601,0.0
1.76063,-0.29344,0.0
1.76063,-0.27087,0.0
1.76063,-0.24829,0.0
1.76063,-0.22572,0.0
1.76063,-0.20315,0.0
1.76063,-0.18058,0.0
1.76063,-0.15801,0.0
1.76063,-0.13543,0.0
1.76063,-0.11286,0.0
1.76063,-0.09029,0.0
1.76063,-0.06772,0.0
1.76063,-0.04514,0.0
1.76063,-0.02257,0.0
1.76063,0,0.0
1.76063,0.02257,0.0
1.76063,0.04514,0.0
1.76063,0.06772,0.0
1.76063,0.09029,0.0
1.76063,0.11286,0.0
1.76063,0.13543,0.0
1.76063,0.15801,0.0
1.76063,0.18058,0.0
1.76063,0.20315,0.0
1.76063,0.22572,0.0
1.76063,0.24829,0.0
1.76063,0.27087,0.0
1.76063,0.29344,0.0
1.76063,0.31601,0.0
1.76063,0.33858,0.0
1.76063,0.36115,0.0
1.76063,0.38373,0.0
1.76063,0.4063,0.0
1.76063,0.42887,0.0
1.76063,0.45144,0.0
1.76063,0.47402,0.0
1.76063,0.49659,0.0
1.76063,0.51916,0.0
1.76063,0.54173,0.0
1.76063,0.5643,0.0
1.76063,0.58688,0.0
1.76063,0.60945,0.0
1.76063,0.63202,0.0
1.76063,0.65459,0.0
1.76063,0.67717,0.0
1.76063,0.69974,0.0
1.76063,0.72231,0.0
1.76063,0.74488,0.0
1.76063,0.76745,0.0
1.76063,0.79003,0.0
1.7832,-0.79003,0.0
1.7832,-0.76745,0.0
1.7832,-0.74488,0.0
1.7832,-0.72231,0.0
1.7832,-0.69974,0.0
1.7832,-0.67717,0.0
1.7832,-0.65459,0.0
1.7832,-0.63202,0.0
1.7832,-0.60945,0.0
1.7832,-0.58688,0.0
1.7832,-0.5643,0.0
1.7832,-0.54173,0.0
1.7832,-0.51916,0.0
1.7832,-0.49659,0.0
1.7832,-0.47402,0.0
1.7832,-0.45144,0.0
1.7832,-0.42887,0.0
1.7832,-0.4063,0.0
1.7832,-0.38373,0.0
1.7832,-0.36115,0.0
1.7832,-0.33858,0.0
1.7832,-0.31601,0.0
1.7832,-0.29344,0.0
1.7832,-0.27087,0.0
1.7832,-0.24829,0.0
1.7832,-0.22572,0.0
1.7832,-0.20315,0.0
1.7832,-0.18058,0.0
1.7832,-0.15801,0.0
1.7832,-0.13543,0.0
1.7832,-0.11286,0.0
1.7832,-0.09029,0.0
1.7832,-0.06772,0.0
1.7832,-0.04514,0.0
1.7832,-0.02257,0.0
1.7832,0,0.0
1.7832,0.02257,0.0
1.7832,0.04514,0.0
1.7832,0.06772,0.0
1.7832,0.09029,0.0
1.7832,0.11286,0.0
1.7832,0.13543,0.0
1.7832,0.15801,0.0
1.7832,0.18058,0.0
1.7832,0.20315,0.0
1.7832,0.22572,0.0
1.7832,0.24829,0.0
1.7832,0.27087,0.0
1.7832,0.29344,0.0
1.7832,0.31601,0.0
1.7832,0.33858,0.0
1.7832,0.36115,0.0
1.7832,0.38373,0.0
1.7832,0.4063,0.0
1.7832,0.42887,0.0
1.7832,0.45144,0.0
1.7832,0.47402,0.0
1.7832,0.49659,0.0
1.7832,0.51916,0.0
1.7832,0.54173,0.0
1.7832,0.5643,0.0
1.7832,0.58688,0.0
1.7832,0.60945,0.0
1.7832,0.63202,0.0
1.7832,0.65459,0.0
1.7832,0.67717,0.0
1.7832,0.69974,0.0
1.7832,0.72231,0.0
1.7832,0.74488,0.0
1.7832,0.76745,0.0
1.7832,0.79003,0.0
1.80577,-0.79003,0.0
1.80577,-0.76745,0.0
1.80577,-0.74488,0.0
1.80577,-0.72231,0.0
1.80577,-0.69974,0.0
1.80577,-0.67717,0.0
1.80577,-0.65459,0.0
1.80577,-0.63202,0.0
1.80577,-0.60945,0.0
1.80577,-0.58688,0.0
1.80577,-0.5643,0.0
1.80577,-0.54173,0.0
1.80577,-0.51916,0.0
1.80577,-0.49659,0.0
1.80577,-0.47402,0.0
1.80577,-0.45144,0.0
1.80577,-0.42887,0.0
1.80577,-0.4063,0.0
1.80577,-0.38373,0.0
1.80577,-0.36115,0.0
1.80577,-0.33858,0.0
1.80577,-0.31601,0.0
1.80577,-0.29344,0.0
1.80577,-0.27087,0.0
1.80577,-0.24829,0.0
1.80577,-0.22572,0.0
1.80577,-0.20315,0.0
1.80577,-0.18058,0.0
1.80577,-0.15801,0.0
1.80577,-0.13543,0.0
1.80577,-0.11286,0.0
1.80577,-0.09029,0.0
1.80577,-0.06772,0.0
1.80577,-0.04514,0.0
1.80577,-0.02257,0.0
1.80577,0,0.0
1.80577,0.02257,0.0
1.80577,0.04514,0.0
1.80577,0.06772,0.0
1.80577,0.09029,0.0
1.80577,0.11286,0.0
1.80577,0.13543,0.0
1.80577,0.15801,0.0
1.80577,0.18058,0.0
1.80577,0.20315,0.0
1.80577,0.22572,0.0
1.80577,0.24829,0.0
1.80577,0.27087,0.0
1.80577,0.29344,0.0
1.80577,0.31601,0.0
1.80577,0.33858,0.0
1.80577,0.36115,0.0
1.80577,0.38373,0.0
1.80577,0.4063,0.0
1.80577,0.42887,0.0
1.80577,0.45144,0.0
1.80577,0.47402,0.0
1.80577,0.49659,0.0
1.80577,0.51916,0.0
1.80577,0.54173,0.0
1.80577,0.5643,0.0
1.80577,0.58688,0.0
1.80577,0.60945,0.0
1.80577,0.63202,0.0
1.80577,0.65459,0.0
1.80577,0.67717,0.0
1.80577,0.69974,0.0
1.80577,0.72231,0.0
1.80577,0.74488,0.0
1.80577,0.76745,0.0
1.80577,0.79003,0.0
1.82835,-0.79003,0.0
1.82835,-0.76745,0.0
1.82835,-0.74488,0.0
1.82835,-0.72231,0.0
1.82835,-0.69974,0.0
1.82835,-0.67717,0.0
1.82835,-0.65459,0.0
1.82835,-0.63202,0.0
1.82835,-0.60945,0.0
1.82835,-0.58688,0.0
1.82835,-0.5643,0.0
1.82835,-0.54173,0.0
1.82835,-0.51916,0.0
1.82835,-0.49659,0.0
1.82835,-0.47402,0.0
1.82835,-0.45144,0.0
1.82835,-0.42887,0.0
1.82835,-0.4063,0.0
1.82835,-0.38373,0.0
1.82835,-0.36115,0.0
1.82835,-0.33858,0.0
1.82835,-0.31601,0.0
1.82835,-0.29344,0.0
1.82835,-0.27087,0.0
1.82835,-0.24829,0.0
1.82835,-0.22572,0.0
1.82835,-0.20315,0.0
1.82835,-0.18058,0.0
1.82835,-0.15801,0.0
1.82835,-0.13543,0.0
1.82835,-0.11286,0.0
1.82835,-0.09029,0.0
1.82835,-0.06772,0.0
1.82835,-0.04514,0.0
1.82835,-0.02257,0.0
1.82835,0,0.0
1.82835,0.02257,0.0
1.82835,0.04514,0.0
1.82835,0.06772,0.0
1.82835,0.09029,0.0
1.82835,0.11286,0.0
1.82835,0.13543,0.0
1.82835,0.15801,0.0
1.82835,0.18058,0.0
1.82835,0.20315,0.0
1.82835,0.22572,0.0
1.82835,0.24829,0.0
1.82835,0.27087,0.0
1.82835,0.29344,0.0
1.82835,0.31601,0.0
1.82835,0.33858,0.0
1.82835,0.36115,0.0
1.82835,0.38373,0.0
1.82835,0.4063,0.0
1.82835,0.42887,0.0
1.82835,0.45144,0.0
1.82835,0.47402,0.0
1.82835,0.49659,0.0
1.82835,0.51916,0.0
1.82835,0.54173,0.0
1.82835,0.5643,0.0
1.82835,0.58688,0.0
1.82835,0.60945,0.0
1.82835,0.63202,0.0
1.82835,0.65459,0.0
1.82835,0.67717,0.0
1.82835,0.69974,0.0
1.82835,0.72231,0.0
1.82835,0.74488,0.0
1.82835,0.76745,0.0
1.82835,0.79003,0.0
1.85092,-0.79003,0.0
1.85092,-0.76745,0.0
1.85092,-0.74488,0.0
1.85092,-0.72231,0.0
1.85092,-0.69974,0.0
1.85092,-0.67717,0.0
1.85092,-0.65459,0.0
1.85092,-0.63202,0.0
1.85092,-0.60945,0.0
1.85092,-0.58688,0.0
1.85092,-0.5643,0.0
1.85092,-0.54173,0.0
1.85092,-0.51916,0.0
1.85092,-0.49659,0.0
1.85092,-0.47402,0.0
1.85092,-0.45144,0.0
1.85092,-0.42887,0.0
1.85092,-0.4063,0.0
1.85092,-0.38373,0.0
1.85092,-0.36115,0.0
1.85092,-0.33858,0.0
1.85092,-0.31601,0.0
1.85092,-0.29344,0.0
1.85092,-0.27087,0.0
1.85092,-0.24829,0.0
1.85092,-0.22572,0.0
1.85092,-0.20315,0.0
1.85092,-0.18058,0.0
1.85092,-0.15801,0.0
1.85092,-0.13543,0.0
1.85092,-0.11286,0.0
1.85092,-0.09029,0.0
1.85092,-0.06772,0.0
1.85092,-0.04514,0.0
1.85092,-0.02257,0.0
1.85092,0,0.0
1.85092,0.02257,0.0
1.85092,0.04514,0.0
1.85092,0.06772,0.0
1.85092,0.09029,0.0
1.85092,0.11286,0.0
1.85092,0.13543,0.0
1.85092,0.15801,0.0
1.85092,0.18058,0.0
1.85092,0.20315,0.0
1.85092,0.22572,0.0
1.85092,0.24829,0.0
1.85092,0.27087,0.0
1.85092,0.29344,0.0
1.85092,0.31601,0.0
1.85092,0.33858,0.0
1.85092,0.36115,0.0
1.85092,0.38373,0.0
1.85092,0.4063,0.0
1.85092,0.42887,0.0
1.85092,0.45144,0.0
1.85092,0.47402,0.0
1.85092,0.49659,0.0
1.85092,0.51916,0.0
1.85092,0.54173,0.0
1.85092,0.5643,0.0
1.85092,0.58688,0.0
1.85092,0.60945,0.0
1.85092,0.63202,0.0
1.85092,0.65459,0.0
1.85092,0.67717,0.0
1.85092,0.69974,0.0
1.85092,0.72231,0.0
1.85092,0.74488,0.0
1.85092,0.76745,0.0
1.85092,0.79003,0.0
1.87349,-0.79003,0.0
1.87349,-0.76745,0.0
1.87349,-0.74488,0.0
1.87349,-0.72231,0.0
1.87349,-0.69974,0.0
1.87349,-0.67717,0.0
1.87349,-0.65459,0.0
1.87349,-0.63202,0.0
1.87349,-0.60945,0.0
1.87349,-0.58688,0.0
1.87349,-0.5643,0.0
1.87349,-0.54173,0.0
1.87349,-0.51916,0.0
1.87349,-0.49659,0.0
1.87349,-0.47402,0.0
1.87349,-0.45144,0.0
1.87349,-0.42887,0.0
1.87349,-0.4063,0.0
1.87349,-0.38373,0.0
1.87349,-0.36115,0.0
1.87349,-0.33858,0.0
1.87349,-0.31601,0.0
1.87349,-0.29344,0.0
1.87349,-0.27087,0.0
1.87349,-0.24829,0.0
1.87349,-0.22572,0.0
1.87349,-0.20315,0.0
1.87349,-0.18058,0.0
1.87349,-0.15801,0.0
1.87349,-0.13543,0.0
1.87349,-0.11286,0.0
1.87349,-0.09029,0.0
1.87349,-0.06772,0.0
1.87349,-0.04514,0.0
1.87349,-0.02257,0.0
1.87349,0,0.0
1.87349,0.02257,0.0
1.87349,0.04514,0.0
1.87349,0.06772,0.0
1.87349,0.09029,0.0
1.87349,0.11286,0.0
1.87349,0.13543,0.0
1.87349,0.15801,0.0
1.87349,0.18058,0.0
1.87349,0.20315,0.0
1.87349,0.22572,0.0
1.87349,0.24829,0.0
1.87349,0.27087,0.0
1.87349,0.29344,0.0
1.87349,0.31601,0.0
1.87349,0.33858,0.0
1.87349,0.36115,0.0
1.87349,0.38373,0.0
1.87349,0.4063,0.0
1.87349,0.42887,0.0
1.87349,0.45144,0.0
1.87349,0.47402,0.0
1.87349,0.49659,0.0
1.87349,0.51916,0.0
1.87349,0.54173,0.0
1.87349,0.5643,0.0
1.87349,0.58688,0.0
1.87349,0.60945,0.0
1.87349,0.63202,0.0
1.87349,0.65459,0.0
1.87349,0.67717,0.0
1.87349,0.69974,0.0
1.87349,0.72231,0.0
1.87349,0.74488,0.0
1.87349,0.76745,0.0
1.87349,0.79003,0.0
1.89606,-0.79003,0.0
1.89606,-0.76745,0.0
1.89606,-0.74488,0.0
1.89606,-0.72231,0.0
1.89606,-0.69974,0.0
1.89606,-0.67717,0.0
1.89606,-0.65459,0.0
1.89606,-0.63202,0.0
1.89606,-0.60945,0.0
1.89606,-0.58688,0.0
1.89606,-0.5643,0.0
1.89606,-0.54173,0.0
1.89606,-0.51916,0.0
1.89606,-0.49659,0.0
1.89606,-0.47402,0.0
1.89606,-0.45144,0.0
1.89606,-0.42887,0.0
1.89606,-0.4063,0.0
1.89606,-0.38373,0.0
1.89606,-0.36115,0.0
1.89606,-0.33858,0.0
1.89606,-0.31601,0.0
1.89606,-0.29344,0.0
1.89606,-0.27087,0.0
1.89606,-0.24829,0.0
1.89606,-0.22572,0.0
1.89606,-0.20315,0.0
1.89606,-0.18058,0.0
1.89606,-0.15801,0.0
1.89606,-0.13543,0.0
1.89606,-0.11286,0.0
1.89606,-0.09029,0.0
1.89606,-0.06772,0.0
1.89606,-0.04514,0.0
1.89606,-0.02257,0.0
1.89606,0,0.0
1.89606,0.02257,0.0
1.89606,0.04514,0.0
1.89606,0.06772,0.0
1.89606,0.09029,0.0
1.89606,0.11286,0.0
1.89606,0.13543,0.0
1.89606,0.15801,0.0
1.89606,0.18058,0.0
1.89606,0.20315,0.0
1.89606,0.22572,0.0
1.89606,0.24829,0.0
1.89606,0.27087,0.0
1.89606,0.29344,0.0
1.89606,0.31601,0.0
1.89606,0.33858,0.0
1.89606,0.36115,0.0
1.89606,0.38373,0.0
1.89606,0.4063,0.0
1.89606,0.42887,0.0
1.89606,0.45144,0.0
1.89606,0.47402,0.0
1.89606,0.49659,0.0
1.89606,0.51916,0.0
1.89606,0.54173,0.0
1.89606,0.5643,0.0
1.89606,0.58688,0.0
1.89606,0.60945,0.0
1.89606,0.63202,0.0
1.89606,0.65459,0.0
1.89606,0.67717,0.0
1.89606,0.69974,0.0
1.89606,0.72231,0.0
1.89606,0.74488,0.0
1.89606,0.76745,0.0
1.89606,0.79003,0.0
1.91864,-0.79003,0.0
1.91864,-0.76745,0.0
1.91864,-0.74488,0.0
1.91864,-0.72231,0.0
1.91864,-0.69974,0.0
1.91864,-0.67717,0.0
1.91864,-0.65459,0.0
1.91864,-0.63202,0.0
1.91864,-0.60945,0.0
1.91864,-0.58688,0.0
1.91864,-0.5643,0.0
1.91864,-0.54173,0.0
1.91864,-0.51916,0.0
1.91864,-0.49659,0.0
1.91864,-0.47402,0.0
1.91864,-0.45144,0.0
1.91864,-0.42887,0.0
1.91864,-0.4063,0.0
1.91864,-0.38373,0.0
1.91864,-0.36115,0.0
1.91864,-0.33858,0.0
1.91864,-0.31601,0.0
1.91864,-0.29344,0.0
1.91864,-0.27087,0.0
1.91864,-0.24829,0.0
1.91864,-0.22572,0.0
1.91864,-0.20315,0.0
1.91864,-0.18058,0.0
1.91864,-0.15801,0.0
1.91864,-0.13543,0.0
1.91864,-0.11286,0.0
1.91864,-0.09029,0.0
1.91864,-0.06772,0.0
1.91864,-0.04514,0.0
1.91864,-0.02257,0.0
1.91864,0,0.0
1.91864,0.02257,0.0
1.91864,0.04514,0.0
1.91864,0.06772,0.0
1.91864,0.09029,0.0
1.91864,0.11286,0.0
1.91864,0.13543,0.0
1.91864,0.15801,0.0
1.91864,0.18058,0.0
1.91864,0.20315,0.0
1.91864,0.22572,0.0
1.91864,0.24829,0.0
1.91864,0.27087,0.0
1.91864,0.29344,0.0
1.91864,0.31601,0.0
1.91864,0.33858,0.0
1.91864,0.36115,0.0
1.91864,0.38373,0.0
1.91864,0.4063,0.0
1.91864,0.42887,0.0
1.91864,0.45144,0.0
1.91864,0.47402,0.0
1.91864,0.49659,0.0
1.91864,0.51916,0.0
1.91864,0.54173,0.0
1.91864,0.5643,0.0
1.91864,0.58688,0.0
1.91864,0.60945,0.0
1.91864,0.63202,0.0
1.91864,0.65459,0.0
1.91864,0.67717,0.0
1.91864,0.69974,0.0
1.91864,0.72231,0.0
1.91864,0.74488,0.0
1.91864,0.76745,0.0
1.91864,0.79003,0.0
1.94121,-0.79003,0.0
1.94121,-0.76745,0.0
1.94121,-0.74488,0.0
1.94121,-0.72231,0.0
1.94121,-0.69974,0.0
1.94121,-0.67717,0.0
1.94121,-0.65459,0.0
1.94121,-0.63202,0.0
1.94121,-0.60945,0.0
1.94121,-0.58688,0.0
1.94121,-0.5643,0.0
1.94121,-0.54173,0.0
1.94121,-0.51916,0.0
1.94121,-0.49659,0.0
1.94121,-0.47402,0.0
1.94121,-0.45144,0.0
1.94121,-0.42887,0.0
1.94121,-0.4063,0.0
1.94121,-0.38373,0.0
1.94121,-0.36115,0.0
1.94121,-0.33858,0.0
1.94121,-0.31601,0.0
1.94121,-0.29344,0.0
1.94121,-0.27087,0.0
1.94121,-0.24829,0.0
1.94121,-0.22572,0.0
1.94121,-0.20315,0.0
1.94121,-0.18058,0.0
1.94121,-0.15801,0.0
1.94121,-0.13543,0.0
1.94121,-0.11286,0.0
1.94121,-0.09029,0.0
1.94121,-0.06772,0.0
1.94121,-0.04514,0.0
1.94121,-0.02257,0.0
1.94121,0,0.0
1.94121,0.02257,0.0
1.94121,0.04514,0.0
1.94121,0.06772,0.0
1.94121,0.09029,0.0
1.94121,0.11286,0.0
1.94121,0.13543,0.0
1.94121,0.15801,0.0
1.94121,0.18058,0.0
1.94121,0.20315,0.0
1.94121,0.22572,0.0
1.94121,0.24829,0.0
1.94121,0.27087,0.0
1.94121,0.29344,0.0
1.94121,0.31601,0.0
1.94121,0.33858,0.0
1.94121,0.36115,0.0
1.94121,0.38373,0.0
1.94121,0.4063,0.0
1.94121,0.42887,0.0
1.94121,0.45144,0.0
1.94121,0.47402,0.0
1.94121,0.49659,0.0
1.94121,0.51916,0.0
1.94121,0.54173,0.0
1.94121,0.5643,0.0
1.94121,0.58688,0.0
1.94121,0.60945,0.0
1.94121,0.63202,0.0
1.94121,0.65459,0.0
1.94121,0.67717,0.0
1.94121,0.69974,0.0
1.94121,0.72231,0.0
1.94121,0.74488,0.0
1.94121,0.76745,0.0
1.94121,0.79003,0.0
1.96378,-0.79003,0.0
1.96378,-0.76745,0.0
1.96378,-0.74488,0.0
1.96378,-0.72231,0.0
1.96378,-0.69974,0.0
1.96378,-0.67717,0.0
1.96378,-0.65459,0.0
1.96378,-0.63202,0.0
1.96378,-0.60945,0.0
1.96378,-0.58688,0.0
1.96378,-0.5643,0.0
1.96378,-0.54173,0.0
1.96378,-0.51916,0.0
1.96378,-0.49659,0.0
1.96378,-0.47402,0.0
1.96378,-0.45144,0.0
1.96378,-0.42887,0.0
1.96378,-0.4063,0.0
1.96378,-0.38373,0.0
1.96378,-0.36115,0.0
1.96378,-0.33858,0.0
1.96378,-0.31601,0.0
1.96378,-0.29344,0.0
1.96378,-0.27087,0.0
1.96378,-0.24829,0.0
1.96378,-0.22572,0.0
1.96378,-0.20315,0.0
1.96378,-0.18058,0.0
1.96378,-0.15801,0.0
1.96378,-0.13543,0.0
1.96378,-0.11286,0.0
1.96378,-0.09029,0.0
1.96378,-0.06772,0.0
1.96378,-0.04514,0.0
1.96378,-0.02257,0.0
1.96378,0,0.0
1.96378,0.02257,0.0
1.96378,0.04514,0.0
1.96378,0.06772,0.0
1.96378,0.09029,0.0
1.96378,0.11286,0.0
1.96378,0.13543,0.0
1.96378,0.15801,0.0
1.96378,0.18058,0.0
1.96378,0.20315,0.0
1.96378,0.22572,0.0
1.96378,0.24829,0.0
1.96378,0.27087,0.0
1.96378,0.29344,0.0
1.96378,0.31601,0.0
1.96378,0.33858,0.0
1.96378,0.36115,0.0
1.96378,0.38373,0.0
1.96378,0.4063,0.0
1.96378,0.42887,0.0
1.96378,0.45144,0.0
1.96378,0.47402,0.0
1.96378,0.49659,0.0
1.96378,0.51916,0.0
1.96378,0.54173,0.0
1.96378,0.5643,0.0
1.96378,0.58688,0.0
1.96378,0.60945,0.0
1.96378,0.63202,0.0
1.96378,0.65459,0.0
1.96378,0.67717,0.0
1.96378,0.69974,0.0
1.96378,0.72231,0.0
1.96378,0.74488,0.0
1.96378,0.76745,0.0
1.96378,0.79003,0.0
1.98635,-0.79003,0.0
1.98635,-0.76745,0.0
1.98635,-0.74488,0.0
1.98635,-0.72231,0.0
1.98635,-0.69974,0.0
1.98635,-0.67717,0.0
1.98635,-0.65459,0.0
1.98635,-0.63202,0.0
1.98635,-0.60945,0.0
1.98635,-0.58688,0.0
1.98635,-0.5643,0.0
1.98635,-0.54173,0.0
1.98635,-0.51916,0.0
1.98635,-0.49659,0.0
1.98635,-0.47402,0.0
1.98635,-0.45144,0.0
1.98635,-0.42887,0.0
1.98635,-0.4063,0.0
1.98635,-0.38373,0.0
1.98635,-0.36115,0.0
1.98635,-0.33858,0.0
1.98635,-0.31601,0.0
1.98635,-0.29344,0.0
1.98635,-0.27087,0.0
1.98635,-0.24829,0.0
1.98635,-0.22572,0.0
1.98635,-0.20315,0.0
1.98635,-0.18058,0.0
1.98635,-0.15801,0.0
1.98635,-0.13543,0.0
1.98635,-0.11286,0.0
1.98635,-0.09029,0.0
1.98635,-0.06772,0.0
1.98635,-0.04514,0.0
1.98635,-0.02257,0.0
1.98635,0,0.0
1.98635,0.02257,0.0
1.98635,0.04514,0.0
1.98635,0.06772,0.0
1.98635,0.09029,0.0
1.98635,0.11286,0.0
1.98635,0.13543,0.0
1.98635,0.15801,0.0
1.98635,0.18058,0.0
1.98635,0.20315,0.0
1.98635,0.22572,0.0
1.98635,0.24829,0.0
1.98635,0.27087,0.0
1.98635,0.29344,0.0
1.98635,0.31601,0.0
1.98635,0.33858,0.0
1.98635,0.36115,0.0
1.98635,0.38373,0.0
1.98635,0.4063,0.0
1.98635,0.42887,0.0
1.98635,0.45144,0.0
1.98635,0.47402,0.0
1.98635,0.49659,0.0
1.98635,0.51916,0.0
1.98635,0.54173,0.0
1.98635,0.5643,0.0
1.98635,0.58688,0.0
1.98635,0.60945,0.0
1.98635,0.63202,0.0
1.98635,0.65459,0.0
1.98635,0.67717,0.0
1.98635,0.69974,0.0
1.98635,0.72231,0.0
1.98635,0.74488,0.0
1.98635,0.76745,0.0
1.98635,0.79003,0.0
2.00892,-0.79003,0.0
2.00892,-0.76745,0.0
2.00892,-0.74488,0.0
2.00892,-0.72231,0.0
2.00892,-0.69974,0.0
2.00892,-0.67717,0.0
2.00892,-0.65459,0.0
2.00892,-0.63202,0.0
2.00892,-0.60945,0.0
2.00892,-0.58688,0.0
2.00892,-0.5643,0.0
2.00892,-0.54173,0.0
2.00892,-0.51916,0.0
2.00892,-0.49659,0.0
2.00892,-0.47402,0.0
2.00892,-0.45144,0.0
2.00892,-0.42887,0.0
2.00892,-0.4063,0.0
2.00892,-0.38373,0.0
2.00892,-0.36115,0.0
2.00892,-0.33858,0.0
2.00892,-0.31601,0.0
2.00892,-0.29344,0.0
2.00892,-0.27087,0.0
2.00892,-0.24829,0.0
2.00892,-0.22572,0.0
2.00892,-0.20315,0.0
2.00892,-0.18058,0.0
2.00892,-0.15801,0.0
2.00892,-0.13543,0.0
2.00892,-0.11286,0.0
2.00892,-0.09029,0.0
2.00892,-0.06772,0.0
2.00892,-0.04514,0.0
2.00892,-0.02257,0.0
2.00892,0,0.0
2.00892,0.02257,0.0
2.00892,0.04514,0.0
2.00892,0.06772,0.0
2.00892,0.09029,0.0
2.00892,0.11286,0.0
2.00892,0.13543,0.0
2.00892,0.15801,0.0
2.00892,0.18058,0.0
2.00892,0.20315,0.0
2.00892,0.22572,0.0
2.00892,0.24829,0.0
2.00892,0.27087,0.0
2.00892,0.29344,0.0
2.00892,0.31601,0.0
2.00892,0.33858,0.0
2.00892,0.36115,0.0
2.00892,0.38373,0.0
2.00892,0.4063,0.0
2.00892,0.42887,0.0
2.00892,0.45144,0.0
2.00892,0.47402,0.0
2.00892,0.49659,0.0
2.00892,0.51916,0.0
2.00892,0.54173,0.0
2.00892,0.5643,0.0
2.00892,0.58688,0.0
2.00892,0.60945,0.0
2.00892,0.63202,0.0
2.00892,0.65459,0.0
2.00892,0.67717,0.0
2.00892,0.69974,0.0
2.00892,0.72231,0.0
2.00892,0.74488,0.0
2.00892,0.76745,0.0
2.00892,0.79003,0.0
2.0315,-0.79003,0.0
2.0315,-0.76745,0.0
2.0315,-0.74488,0.0
2.0315,-0.72231,0.0
2.0315,-0.69974,0.0
2.0315,-0.67717,0.0
2.0315,-0.65459,0.0
2.0315,-0.63202,0.0
2.0315,-0.60945,0.0
2.0315,-0.58688,0.0
2.0315,-0.5643,0.0
2.0315,-0.54173,0.0
2.0315,-0.51916,0.0
2.0315,-0.49659,0.0
2.0315,-0.47402,0.0
2.0315,-0.45144,0.0
2.0315,-0.42887,0.0
2.0315,-0.4063,0.0
2.0315,-0.38373,0.0
2.0315,-0.36115,0.0
2.0315,-0.33858,0.0
2.0315,-0.31601,0.0
2.0315,-0.29344,0.0
2.0315,-0.27087,0.0
2.0315,-0.24829,0.0
2.0315,-0.22572,0.0
2.0315,-0.20315,0.0
2.0315,-0.18058,0.0
2.0315,-0.15801,0.0
2.0315,-0.13543,0.0
2.0315,-0.11286,0.0
2.0315,-0.09029,0.0
2.0315,-0.06772,0.0
2.0315,-0.04514,0.0
2.0315,-0.02257,0.0
2.0315,0,0.0
2.0315,0.02257,0.0
2.0315,0.04514,0.0
2.0315,0.06772,0.0
2.0315,0.09029,0.0
2.0315,0.11286,0.0
2.0315,0.13543,0.0
2.0315,0.15801,0.0
2.0315,0.18058,0.0
2.0315,0.20315,0.0
2.0315,0.22572,0.0
2.0315,0.24829,0.0
2.0315,0.27087,0.0
2.0315,0.29344,0.0
2.0315,0.31601,0.0
2.0315,0.33858,0.0
2.0315,0.36115,0.0
2.0315,0.38373,0.0
2.0315,0.4063,0.0
2.0315,0.42887,0.0
2.0315,0.45144,0.0
2.0315,0.47402,0.0
2.0315,0.49659,0.0
2.0315,0.51916,0.0
2.0315,0.54173,0.0
2.0315,0.5643,0.0
2.0315,0.58688,0.0
2.0315,0.60945,0.0
2.0315,0.63202,0.0
2.0315,0.65459,0.0
2.0315,0.67717,0.0
2.0315,0.69974,0.0
2.0315,0.72231,0.0
2.0315,0.74488,0.0
2.0315,0.76745,0.0
2.0315,0.79003,0.0
2.05407,-0.79003,0.0
2.05407,-0.76745,0.0
2.05407,-0.74488,0.0
2.05407,-0.72231,0.0
2.05407,-0.69974,0.0
2.05407,-0.67717,0.0
2.05407,-0.65459,0.0
2.05407,-0.63202,0.0
2.05407,-0.60945,0.0
2.05407,-0.58688,0.0
2.05407,-0.5643,0.0
2.05407,-0.54173,0.0
2.05407,-0.51916,0.0
2.05407,-0.49659,0.0
2.05407,-0.47402,0.0
2.05407,-0.45144,0.0
2.05407,-0.42887,0.0
2.05407,-0.4063,0.0
2.05407,-0.38373,0.0
2.05407,-0.36115,0.0
2.05407,-0.33858,0.0
2.05407,-0.31601,0.0
2.05407,-0.29344,0.0
2.05407,-0.27087,0.0
2.05407,-0.24829,0.0
2.05407,-0.22572,0.0
2.05407,-0.20315,0.0
2.05407,-0.18058,0.0
2.05407,-0.15801,0.0
2.05407,-0.13543,0.0
2.05407,-0.11286,0.0
2.05407,-0.09029,0.0
2.05407,-0.06772,0.0
2.05407,-0.04514,0.0
2.05407,-0.02257,0.0
2.05407,0,0.0
2.05407,0.02257,0.0
2.05407,0.04514,0.0
2.05407,0.06772,0.0
2.05407,0.09029,0.0
2.05407,0.11286,0.0
2.05407,0.13543,0.0
2.05407,0.15801,0.0
2.05407,0.18058,0.0
2.05407,0.20315,0.0
2.05407,0.22572,0.0
2.05407,0.24829,0.0
2.05407,0.27087,0.0
2.05407,0.29344,0.0
2.05407,0.31601,0.0
2.05407,0.33858,0.0
2.05407,0.36115,0.0
2.05407,0.38373,0.0
2.05407,0.4063,0.0
2.05407,0.42887,0.0
2.05407,0.45144,0.0
2.05407,0.47402,0.0
2.05407,0.49659,0.0
2.05407,0.51916,0.0
2.05407,0.54173,0.0
2.05407,0.5643,0.0
2.05407,0.58688,0.0
2.05407,0.60945,0.0
2.05407,0.63202,0.0
2.05407,0.65459,0.0
2.05407,0.67717,0.0
2.05407,0.69974,0.0
2.05407,0.72231,0.0
2.05407,0.74488,0.0
2.05407,0.76745,0.0
2.05407,0.79003,0.0
2.07664,-0.79003,0.0
2.07664,-0.76745,0.0
2.07664,-0.74488,0.0
2.07664,-0.72231,0.0
2.07664,-0.69974,0.0
2.07664,-0.67717,0.0
2.07664,-0.65459,0.0
2.07664,-0.63202,0.0
2.07664,-0.60945,0.0
2.07664,-0.58688,0.0
2.07664,-0.5643,0.0
2.07664,-0.54173,0.0
2.07664,-0.51916,0.0
2.07664,-0.49659,0.0
2.07664,-0.47402,0.0
2.07664,-0.45144,0.0
2.07664,-0.42887,0.0
2.07664,-0.4063,0.0
2.07664,-0.38373,0.0
2.07664,-0.36115,0.0
2.07664,-0.33858,0.0
2.07664,-0.31601,0.0
2.07664,-0.29344,0.0
2.07664,-0.27087,0.0
2.07664,-0.24829,0.0
2.07664,-0.22572,0.0
2.07664,-0.20315,0.0
2.07664,-0.18058,0.0
2.07664,-0.15801,0.0
2.07664,-0.13543,0.0
2.07664,-0.11286,0.0
2.07664,-0.09029,0.0
2.07664,-0.06772,0.0
2.07664,-0.04514,0.0
2.07664,-0.02257,0.0
2.07664,0,0.0
2.07664,0.02257,0.0
2.07664,0.04514,0.0
2.07664,0.06772,0.0
2.07664,0.09029,0.0
2.07664,0.11286,0.0
2.07664,0.13543,0.0
2.07664,0.15801,0.0
2.07664,0.18058,0.0
2.07664,0.20315,0.0
2.07664,0.22572,0.0
2.07664,0.24829,0.0
2.07664,0.27087,0.0
2.07664,0.29344,0.0
2.07664,0.31601,0.0
2.07664,0.33858,0.0
2.07664,0.36115,0.0
2.07664,0.38373,0.0
2.07664,0.4063,0.0
2.07664,0.42887,0.0
2.07664,0.45144,0.0
2.07664,0.47402,0.0
2.07664,0.49659,0.0
2.07664,0.51916,0.0
2.07664,0.54173,0.0
2.07664,0.5643,0.0
2.07664,0.58688,0.0
2.07664,0.60945,0.0
2.07664,0.63202,0.0
2.07664,0.65459,0.0
2.07664,0.67717,0.0
2.07664,0.69974,0.0
2.07664,0.72231,0.0
2.07664,0.74488,0.0
2.07664,0.76745,0.0
2.07664,0.79003,0.0
2.09921,-0.79003,0.0
2.09921,-0.76745,0.0
2.09921,-0.74488,0.0
2.09921,-0.72231,0.0
2.09921,-0.69974,0.0
2.09921,-0.67717,0.0
2.09921,-0.65459,0.0
2.09921,-0.63202,0.0
2.09921,-0.60945,0.0
2.09921,-0.58688,0.0
2.09921,-0.5643,0.0
2.09921,-0.54173,0.0
2.09921,-0.51916,0.0
2.09921,-0.49659,0.0
2.09921,-0.47402,0.0
2.09921,-0.45144,0.0
2.09921,-0.42887,0.0
2.09921,-0.4063,0.0
2.09921,-0.38373,0.0
2.09921,-0.36115,0.0
2.09921,-0.33858,0.0
2.09921,-0.31601,0.0
2.09921,-0.29344,0.0
2.09921,-0.27087,0.0
2.09921,-0.24829,0.0
2.09921,-0.22572,0.0
2.09921,-0.20315,0.0
2.09921,-0.18058,0.0
2.09921,-0.15801,0.0
2.09921,-0.13543,0.0
2.09921,-0.11286,0.0
2.09921,-0.09029,0.0
2.09921,-0.06772,0.0
2.09921,-0.04514,0.0
2.09921,-0.02257,0.0
2.09921,0,0.0
2.09921,0.02257,0.0
2.09921,0.04514,0.0
2.09921,0.06772,0.0
2.09921,0.09029,0.0
2.09921,0.11286,0.0
2.09921,0.13543,0.0
2.09921,0.15801,0.0
2.09921,0.18058,0.0
2.09921,0.20315,0.0
2.09921,0.22572,0.0
2.09921,0.24829,0.0
2.09921,0.27087,0.0
2.09921,0.29344,0.0
2.09921,0.31601,0.0
2.09921,0.33858,0.0
2.09921,0.36115,0.0
2.09921,0.38373,0.0
2.09921,0.4063,0.0
2.09921,0.42887,0.0
2.09921,0.45144,0.0
2.09921,0.47402,0.0
2.09921,0.49659,0.0
2.09921,0.51916,0.0
2.09921,0.54173,0.0
2.09921,0.5643,0.0
2.09921,0.58688,0.0
2.09921,0.60945,0.0
2.09921,0.63202,0.0
2.09921,0.65459,0.0
2.09921,0.67717,0.0
2.09921,0.69974,0.0
2.09921,0.72231,0.0
2.09921,0.74488,0.0
2.09921,0.76745,0.0
2.09921,0.79003,0.0
2.12179,-0.79003,0.0
2.12179,-0.76745,0.0
2.12179,-0.74488,0.0
2.12179,-0.72231,0.0
2.12179,-0.69974,0.0
2.12179,-0.67717,0.0
2.12179,-0.65459,0.0
2.12179,-0.63202,0.0
2.12179,-0.60945,0.0
2.12179,-0.58688,0.0
2.12179,-0.5643,0.0
2.12179,-0.54173,0.0
2.12179,-0.51916,0.0
2.12179,-0.49659,0.0
2.12179,-0.47402,0.0
2.12179,-0.45144,0.0
2.12179,-0.42887,0.0
2.12179,-0.4063,0.0
2.12179,-0.38373,0.0
2.12179,-0.36115,0.0
2.12179,-0.33858,0.0
2.12179,-0.31601,0.0
2.12179,-0.29344,0.0
2.12179,-0.27087,0.0
2.12179,-0.24829,0.0
2.12179,-0.22572,0.0
2.12179,-0.20315,0.0
2.12179,-0.18058,0.0
2.12179,-0.15801,0.0
2.12179,-0.13543,0.0
2.12179,-0.11286,0.0
2.12179,-0.09029,0.0
2.12179,-0.06772,0.0
2.12179,-0.04514,0.0
2.12179,-0.02257,0.0
2.12179,0,0.0
2.12179,0.02257,0.0
2.12179,0.04514,0.0
2.12179,0.06772,0.0
2.12179,0.09029,0.0
2.12179,0.11286,0.0
2.12179,0.13543,0.0
2.12179,0.15801,0.0
2.12179,0.18058,0.0
2.12179,0.20315,0.0
2.12179,0.22572,0.0
2.12179,0.24829,0.0
2.12179,0.27087,0.0
2.12179,0.29344,0.0
2.12179,0.31601,0.0
2.12179,0.33858,0.0
2.12179,0.36115,0.0
2.12179,0.38373,0.0
2.12179,0.4063,0.0
2.12179,0.42887,0.0
2.12179,0.45144,0.0
2.12179,0.47402,0.0
2.12179,0.49659,0.0
2.12179,0.51916,0.0
2.12179,0.54173,0.0
2.12179,0.5643,0.0
2.12179,0.58688,0.0
2.12179,0.60945,0.0
2.12179,0.63202,0.0
2.12179,0.65459,0.0
2.12179,0.67717,0.0
2.12179,0.69974,0.0
2.12179,0.72231,0.0
2.12179,0.74488,0.0
2.12179,0.76745,0.0
2.12179,0.79003,0.0
2.14436,-0.79003,0.0
2.14436,-0.76745,0.0
2.14436,-0.74488,0.0
2.14436,-0.72231,0.0
2.14436,-0.69974,0.0
2.14436,-0.67717,0.0
2.14436,-0.65459,0.0
2.14436,-0.63202,0.0
2.14436,-0.60945,0.0
2.14436,-0.58688,0.0
2.14436,-0.5643,0.0
2.14436,-0.54173,0.0
2.14436,-0.51916,0.0
2.14436,-0.49659,0.0
2.14436,-0.47402,0.0
2.14436,-0.45144,0.0
2.14436,-0.42887,0.0
2.14436,-0.4063,0.0
2.14436,-0.38373,0.0
2.14436,-0.36115,0.0
2.14436,-0.33858,0.0
2.14436,-0.31601,0.0
2.14436,-0.29344,0.0
2.14436,-0.27087,0.0
2.14436,-0.24829,0.0
2.14436,-0.22572,0.0
2.14436,-0.20315,0.0
2.14436,-0.18058,0.0
2.14436,-0.15801,0.0
2.14436,-0.13543,0.0
2.14436,-0.11286,0.0
2.14436,-0.09029,0.0
2.14436,-0.06772,0.0
2.14436,-0.04514,0.0
2.14436,-0.02257,0.0
2.14436,0,0.0
2.14436,0.02257,0.0
2.14436,0.04514,0.0
2.14436,0.06772,0.0
2.14436,0.09029,0.0
2.14436,0.11286,0.0
2.14436,0.13543,0.0
2.14436,0.15801,0.0
2.14436,0.18058,0.0
2.14436,0.20315,0.0
2.14436,0.22572,0.0
2.14436,0.24829,0.0
2.14436,0.27087,0.0
2.14436,0.29344,0.0
2.14436,0.31601,0.0
2.14436,0.33858,0.0
2.14436,0.36115,0.0
2.14436,0.38373,0.0
2.14436,0.4063,0.0
2.14436,0.42887,0.0
2.14436,0.45144,0.0
2.14436,0.47402,0.0
2.14436,0.49659,0.0
2.14436,0.51916,0.0
2.14436,0.54173,0.0
2.14436,0.5643,0.0
2.14436,0.58688,0.0
2.14436,0.60945,0.0
2.14436,0.63202,0.0
2.14436,0.65459,0.0
2.14436,0.67717,0.0
2.14436,0.69974,0.0
2.14436,0.72231,0.0
2.14436,0.74488,0.0
2.14436,0.76745,0.0
2.14436,0.79003,0.0
2.16693,-0.79003,0.0
2.16693,-0.76745,0.0
2.16693,-0.74488,0.0
2.16693,-0.72231,0.0
2.16693,-0.69974,0.0
2.16693,-0.67717,0.0
2.16693,-0.65459,0.0
2.16693,-0.63202,0.0
2.16693,-0.60945,0.0
2.16693,-0.58688,0.0
2.16693,-0.5643,0.0
2.16693,-0.54173,0.0
2.16693,-0.51916,0.0
2.16693,-0.49659,0.0
2.16693,-0.47402,0.0
2.16693,-0.45144,0.0
2.16693,-0.42887,0.0
2.16693,-0.4063,0.0
2.16693,-0.38373,0.0
2.16693,-0.36115,0.0
2.16693,-0.33858,0.0
2.16693,-0.31601,0.0
2.16693,-0.29344,0.0
2.16693,-0.27087,0.0
2.16693,-0.24829,0.0
2.16693,-0.22572,0.0
2.16693,-0.20315,0.0
2.16693,-0.18058,0.0
2.16693,-0.15801,0.0
2.16693,-0.13543,0.0
2.16693,-0.11286,0.0
2.16693,-0.09029,0.0
2.16693,-0.06772,0.0
2.16693,-0.04514,0.0
2.16693,-0.02257,0.0
2.16693,0,0.0
2.16693,0.02257,0.0
2.16693,0.04514,0.0
2.16693,0.06772,0.0
2.16693,0.09029,0.0
2.16693,0.11286,0.0
2.16693,0.13543,0.0
2.16693,0.15801,0.0
2.16693,0.18058,0.0
2.16693,0.20315,0.0
2.16693,0.22572,0.0
2.16693,0.24829,0.0
2.16693,0.27087,0.0
2.16693,0.29344,0.0
2.16693,0.31601,0.0
2.16693,0.33858,0.0
2.16693,0.36115,0.0
2.16693,0.38373,0.0
2.16693,0.4063,0.0
2.16693,0.42887,0.0
2.16693,0.45144,0.0
2.16693,0.47402,0.0
2.16693,0.49659,0.0
2.16693,0.51916,0.0
2.16693,0.54173,0.0
2.16693,0.5643,0.0
2.16693,0.58688,0.0
2.16693,0.60945,0.0
2.16693,0.63202,0.0
2.16693,0.65459,0.0
2.16693,0.67717,0.0
2.16693,0.69974,0.0
2.16693,0.72231,0.0
2.16693,0.74488,0.0
2.16693,0.76745,0.0
2.16693,0.79003,0.0
2.1895,-0.79003,0.0
2.1895,-0.76745,0.0
2.1895,-0.74488,0.0
2.1895,-0.72231,0.0
2.1895,-0.69974,0.0
2.1895,-0.67717,0.0
2.1895,-0.65459,0.0
2.1895,-0.63202,0.0
2.1895,-0.60945,0.0
2.1895,-0.58688,0.0
2.1895,-0.5643,0.0
2.1895,-0.54173,0.0
2.1895,-0.51916,0.0
2.1895,-0.49659,0.0
2.1895,-0.47402,0.0
2.1895,-0.45144,0.0
2.1895,-0.42887,0.0
2.1895,-0.4063,0.0
2.1895,-0.38373,0.0
2.1895,-0.36115,0.0
2.1895,-0.33858,0.0
2.1895,-0.31601,0.0
2.1895,-0.29344,0.0
2.1895,-0.27087,0.0
2.1895,-0.24829,0.0
2.1895,-0.22572,0.0
2.1895,-0.20315,0.0
2.1895,-0.18058,0.0
2.1895,-0.15801,0.0
2.1895,-0.13543,0.0
2.1895,-0.11286,0.0
2.1895,-0.09029,0.0
2.1895,-0.06772,0.0
2.1895,-0.04514,0.0
2.1895,-0.02257,0.0
2.1895,0,0.0
2.1895,0.02257,0.0
2.1895,0.04514,0.0
2.1895,0.06772,0.0
2.1895,0.09029,0.0
2.1895,0.11286,0.0
2.1895,0.13543,0.0
2.1895,0.15801,0.0
2.1895,0.18058,0.0
2.1895,0.20315,0.0
2.1895,0.22572,0.0
2.1895,0.24829,0.0
2.1895,0.27087,0.0
2.1895,0.29344,0.0
2.1895,0.31601,0.0
2.1895,0.33858,0.0
2.1895,0.36115,0.0
2.1895,0.38373,0.0
2.1895,0.4063,0.0
2.1895,0.42887,0.0
2.1895,0.45144,0.0
2.1895,0.47402,0.0
2.1895,0.49659,0.0
2.1895,0.51916,0.0
2.1895,0.54173,0.0
2.1895,0.5643,0.0
2.1895,0.58688,0.0
2.1895,0.60945,0.0
2.1895,0.63202,0.0
2.1895,0.65459,0.0
2.1895,0.67717,0.0
2.1895,0.69974,0.0
2.1895,0.72231,0.0
2.1895,0.74488,0.0
2.1895,0.76745,0.0
2.1895,0.79003,0.0
2.21207,-0.79003,0.0
2.21207,-0.76745,0.0
2.21207,-0.74488,0.0
2.21207,-0.72231,0.0
2.21207,-0.69974,0.0
2.21207,-0.67717,0.0
2.21207,-0.65459,0.0
2.21207,-0.63202,0.0
2.21207,-0.60945,0.0
2.21207,-0.58688,0.0
2.21207,-0.5643,0.0
2.21207,-0.54173,0.0
2.21207,-0.51916,0.0
2.21207,-0.49659,0.0
2.21207,-0.47402,0.0
2.21207,-0.45144,0.0
2.21207,-0.42887,0.0
2.21207,-0.4063,0.0
2.21207,-0.38373,0.0
2.21207,-0.36115,0.0
2.21207,-0.33858,0.0
2.21207,-0.31601,0.0
2.21207,-0.29344,0.0
2.21207,-0.27087,0.0
2.21207,-0.24829,0.0
2.21207,-0.22572,0.0
2.21207,-0.20315,0.0
2.21207,-0.18058,0.0
2.21207,-0.15801,0.0
2.21207,-0.13543,0.0
2.21207,-0.11286,0.0
2.21207,-0.09029,0.0
2.21207,-0.06772,0.0
2.21207,-0.04514,0.0
2.21207,-0.02257,0.0
2.21207,0,0.0
2.21207,0.02257,0.0
2.21207,0.04514,0.0
2.21207,0.06772,0.0
2.21207,0.09029,0.0
2.21207,0.11286,0.0
2.21207,0.13543,0.0
2.21207,0.15801,0.0
2.21207,0.18058,0.0
2.21207,0.20315,0.0
2.21207,0.22572,0.0
2.21207,0.24829,0.0
2.21207,0.27087,0.0
2.21207,0.29344,0.0
2.21207,0.31601,0.0
2.21207,0.33858,0.0
2.21207,0.36115,0.0
2.21207,0.38373,0.0
2.21207,0.4063,0.0
2.21207,0.42887,0.0
2.21207,0.45144,0.0
2.21207,0.47402,0.0
2.21207,0.49659,0.0
2.21207,0.51916,0.0
2.21207,0.54173,0.0
2.21207,0.5643,0.0
2.21207,0.58688,0.0
2.21207,0.60945,0.0
2.21207,0.63202,0.0
2.21207,0.65459,0.0
2.21207,0.67717,0.0
2.21207,0.69974,0.0
2.21207,0.72231,0.0
2.21207,0.74488,0.0
2.21207,0.76745,0.0
2.21207,0.79003,0.0
2.23465,-0.79003,0.0
2.23465,-0.76745,0.0
2.23465,-0.74488,0.0
2.23465,-0.72231,0.0
2.23465,-0.69974,0.0
2.23465,-0.67717,0.0
2.23465,-0.65459,0.0
2.23465,-0.63202,0.0
2.23465,-0.60945,0.0
2.23465,-0.58688,0.0
2.23465,-0.5643,0.0
2.23465,-0.54173,0.0
2.23465,-0.51916,0.0
2.23465,-0.49659,0.0
2.23465,-0.47402,0.0
2.23465,-0.45144,0.0
2.23465,-0.42887,0.0
2.23465,-0.4063,0.0
2.23465,-0.38373,0.0
2.23465,-0.36115,0.0
2.23465,-0.33858,0.0
2.23465,-0.31601,0.0
2.23465,-0.29344,0.0
2.23465,-0.27087,0.0
2.23465,-0.24829,0.0
2.23465,-0.22572,0.0
2.23465,-0.20315,0.0
2.23465,-0.18058,0.0
2.23465,-0.15801,0.0
2.23465,-0.13543,0.0
2.23465,-0.11286,0.0
2.23465,-0.09029,0.0
2.23465,-0.06772,0.0
2.23465,-0.04514,0.0
2.23465,-0.02257,0.0
2.23465,0,0.0
2.23465,0.02257,0.0
2.23465,0.04514,0.0
2.23465,0.06772,0.0
2.23465,0.09029,0.0
2.23465,0.11286,0.0
2.23465,0.13543,0.0
2.23465,0.15801,0.0
2.23465,0.18058,0.0
2.23465,0.20315,0.0
2.23465,0.22572,0.0
2.23465,0.24829,0.0
2.23465,0.27087,0.0
2.23465,0.29344,0.0
2.23465,0.31601,0.0
2.23465,0.33858,0.0
2.23465,0.36115,0.0
2.23465,0.38373,0.0
2.23465,0.4063,0.0
2.23465,0.42887,0.0
2.23465,0.45144,0.0
2.23465,0.47402,0.0
2.23465,0.49659,0.0
2.23465,0.51916,0.0
2.23465,0.54173,0.0
2.23465,0.5643,0.0
2.23465,0.58688,0.0
2.23465,0.60945,0.0
2.23465,0.63202,0.0
2.23465,0.65459,0.0
2.23465,0.67717,0.0
2.23465,0.69974,0.0
2.23465,0.72231,0.0
2.23465,0.74488,0.0
2.23465,0.76745,0.0
2.23465,0.79003,0.0
2.25722,-0.79003,0.0
2.25722,-0.76745,0.0
2.25722,-0.74488,0.0
2.25722,-0.72231,0.0
2.25722,-0.69974,0.0
2.25722,-0.67717,0.0
2.25722,-0.65459,0.0
2.25722,-0.63202,0.0
2.25722,-0.60945,0.0
2.25722,-0.58688,0.0
2.25722,-0.5643,0.0
2.25722,-0.54173,0.0
2.25722,-0.51916,0.0
2.25722,-0.49659,0.0
2.25722,-0.47402,0.0
2.25722,-0.45144,0.0
2.25722,-0.42887,0.0
2.25722,-0.4063,0.0
2.25722,-0.38373,0.0
2.25722,-0.36115,0.0
2.25722,-0.33858,0.0
2.25722,-0.31601,0.0
2.25722,-0.29344,0.0
2.25722,-0.27087,0.0
2.25722,-0.24829,0.0
2.25722,-0.22572,0.0
2.25722,-0.20315,0.0
2.25722,-0.18058,0.0
2.25722,-0.15801,0.0
2.25722,-0.13543,0.0
2.25722,-0.11286,0.0
2.25722,-0.09029,0.0
2.25722,-0.06772,0.0
2.25722,-0.04514,0.0
2.25722,-0.02257,0.0
2.25722,0,0.0
2.25722,0.02257,0.0
2.25722,0.04514,0.0
2.25722,0.06772,0.0
2.25722,0.09029,0.0
2.25722,0.11286,0.0
2.25722,0.13543,0.0
2.25722,0.15801,0.0
2.25722,0.18058,0.0
2.25722,0.20315,0.0
2.25722,0.22572,0.0
2.25722,0.24829,0.0
2.25722,0.27087,0.0
2.25722,0.29344,0.0
2.25722,0.31601,0.0
2.25722,0.33858,0.0
2.25722,0.36115,0.0
2.25722,0.38373,0.0
2.25722,0.4063,0.0
2.25722,0.42887,0.0
2.25722,0.45144,0.0
2.25722,0.47402,0.0
2.25722,0.49659,0.0
2.25722,0.51916,0.0
2.25722,0.54173,0.0
2.25722,0.5643,0.0
2.25722,0.58688,0.0
2.25722,0.60945,0.0
2.25722,0.63202,0.0
2.25722,0.65459,0.0
2.25722,0.67717,0.0
2.25722,0.69974,0.0
2.25722,0.72231,0.0
2.25722,0.74488,0.0
2.25722,0.76745,0.0
2.25722,0.79003,0.0
2.27979,-0.79003,0.0
2.27979,-0.76745,0.0
2.27979,-0.74488,0.0
2.27979,-0.72231,0.0
2.27979,-0.69974,0.0
2.27979,-0.67717,0.0
2.27979,-0.65459,0.0
2.27979,-0.63202,0.0
2.27979,-0.60945,0.0
2.27979,-0.58688,0.0
2.27979,-0.5643,0.0
2.27979,-0.54173,0.0
2.27979,-0.51916,0.0
2.27979,-0.49659,0.0
2.27979,-0.47402,0.0
2.27979,-0.45144,0.0
2.27979,-0.42887,0.0
2.27979,-0.4063,0.0
2.27979,-0.38373,0.0
2.27979,-0.36115,0.0
2.27979,-0.33858,0.0
2.27979,-0.31601,0.0
2.27979,-0.29344,0.0
2.27979,-0.27087,0.0
2.27979,-0.24829,0.0
2.27979,-0.22572,0.0
2.27979,-0.20315,0.0
2.27979,-0.18058,0.0
2.27979,-0.15801,0.0
2.27979,-0.13543,0.0
2.27979,-0.11286,0.0
2.27979,-0.09029,0.0
2.27979,-0.06772,0.0
2.27979,-0.04514,0.0
2.27979,-0.02257,0.0
2.27979,0,0.0
2.27979,0.02257,0.0
2.27979,0.04514,0.0
2.27979,0.06772,0.0
2.27979,0.09029,0.0
2.27979,0.11286,0.0
2.27979,0.13543,0.0
2.27979,0.15801,0.0
2.27979,0.18058,0.0
2.27979,0.20315,0.0
2.27979,0.22572,0.0
2.27979,0.24829,0.0
2.27979,0.27087,0.0
2.27979,0.29344,0.0
2.27979,0.31601,0.0
2.27979,0.33858,0.0
2.27979,0.36115,0.0
2.27979,0.38373,0.0
2.27979,0.4063,0.0
2.27979,0.42887,0.0
2.27979,0.45144,0.0
2.27979,0.47402,0.0
2.27979,0.49659,0.0
2.27979,0.51916,0.0
2.27979,0.54173,0.0
2.27979,0.5643,0.0
2.27979,0.58688,0.0
2.27979,0.60945,0.0
2.27979,0.63202,0.0
2.27979,0.65459,0.0
2.27979,0.67717,0.0
2.27979,0.69974,0.0
2.27979,0.72231,0.0
2.27979,0.74488,0.0
2.27979,0.76745,0.0
2.27979,0.79003,0.0
2.30236,-0.79003,0.0
2.30236,-0.76745,0.0
2.30236,-0.74488,0.0
2.30236,-0.72231,0.0
2.30236,-0.69974,0.0
2.30236,-0.67717,0.0
2.30236,-0.65459,0.0
2.30236,-0.63202,0.0
2.30236,-0.60945,0.0
2.30236,-0.58688,0.0
2.30236,-0.5643,0.0
2.30236,-0.54173,0.0
2.30236,-0.51916,0.0
2.30236,-0.49659,0.0
2.30236,-0.47402,0.0
2.30236,-0.45144,0.0
2.30236,-0.42887,0.0
2.30236,-0.4063,0.0
2.30236,-0.38373,0.0
2.30236,-0.36115,0.0
2.30236,-0.33858,0.0
2.30236,-0.31601,0.0
2.30236,-0.29344,0.0
2.30236,-0.27087,0.0
2.30236,-0.24829,0.0
2.30236,-0.22572,0.0
2.30236,-0.20315,0.0
2.30236,-0.18058,0.0
2.30236,-0.15801,0.0
2.30236,-0.13543,0.0
2.30236,-0.11286,0.0
2.30236,-0.09029,0.0
2.30236,-0.06772,0.0
2.30236,-0.04514,0.0
2.30236,-0.02257,0.0
2.30236,0,0.0
2.30236,0.02257,0.0
2.30236,0.04514,0.0
2.30236,0.06772,0.0
2.30236,0.09029,0.0
2.30236,0.11286,0.0
2.30236,0.13543,0.0
2.30236,0.15801,0.0
2.30236,0.18058,0.0
2.30236,0.20315,0.0
2.30236,0.22572,0.0
2.30236,0.24829,0.0
2.30236,0.27087,0.0
2.30236,0.29344,0.0
2.30236,0.31601,0.0
2.30236,0.33858,0.0
2.30236,0.36115,0.0
2.30236,0.38373,0.0
2.30236,0.4063,0.0
2.30236,0.42887,0.0
2.30236,0.45144,0.0
2.30236,0.47402,0.0
2.30236,0.49659,0.0
2.30236,0.51916,0.0
2.30236,0.54173,0.0
2.30236,0.5643,0.0
2.30236,0.58688,0.0
2.30236,0.60945,0.0
2.30236,0.63202,0.0
2.30236,0.65459,0.0
2.30236,0.67717,0.0
2.30236,0.69974,0.0
2.30236,0.72231,0.0
2.30236,0.74488,0.0
2.30236,0.76745,0.0
2.30236,0.79003,0.0
2.32493,-0.79003,0.0
2.32493,-0.76745,0.0
2.32493,-0.74488,0.0
2.32493,-0.72231,0.0
2.32493,-0.69974,0.0
2.32493,-0.67717,0.0
2.32493,-0.65459,0.0
2.32493,-0.63202,0.0
2.32493,-0.60945,0.0
2.32493,-0.58688,0.0
2.32493,-0.5643,0.0
2.32493,-0.54173,0.0
2.32493,-0.51916,0.0
2.32493,-0.49659,0.0
2.32493,-0.47402,0.0
2.32493,-0.45144,0.0
2.32493,-0.42887,0.0
2.32493,-0.4063,0.0
2.32493,-0.38373,0.0
2.32493,-0.36115,0.0
2.32493,-0.33858,0.0
2.32493,-0.31601,0.0
2.32493,-0.29344,0.0
2.32493,-0.27087,0.0
2.32493,-0.24829,0.0
2.32493,-0.22572,0.0
2.32493,-0.20315,0.0
2.32493,-0.18058,0.0
2.32493,-0.15801,0.0
2.32493,-0.13543,0.0
2.32493,-0.11286,0.0
2.32493,-0.09029,0.0
2.32493,-0.06772,0.0
2.32493,-0.04514,0.0
2.32493,-0.02257,0.0
2.32493,0,0.0
2.32493,0.02257,0.0
2.32493,0.04514,0.0
2.32493,0.06772,0.0
2.32493,0.09029,0.0
2.32493,0.11286,0.0
2.32493,0.13543,0.0
2.32493,0.15801,0.0
2.32493,0.18058,0.0
2.32493,0.20315,0.0
2.32493,0.22572,0.0
2.32493,0.24829,0.0
2.32493,0.27087,0.0
2.32493,0.29344,0.0
2.32493,0.31601,0.0
2.32493,0.33858,0.0
2.32493,0.36115,0.0
2.32493,0.38373,0.0
2.32493,0.4063,0.0
2.32493,0.42887,0.0
2.32493,0.45144,0.0
2.32493,0.47402,0.0
2.32493,0.49659,0.0
2.32493,0.51916,0.0
2.32493,0.54173,0.0
2.32493,0.5643,0.0
2.32493,0.58688,0.0
2.32493,0.60945,0.0
2.32493,0.63202,0.0
2.32493,0.65459,0.0
2.32493,0.67717,0.0
2.32493,0.69974,0.0
2.32493,0.72231,0.0
2.32493,0.74488,0.0
2.32493,0.76745,0.0
2.32493,0.79003,0.0
2.34751,-0.79003,0.0
2.34751,-0.76745,0.0
2.34751,-0.74488,0.0
2.34751,-0.72231,0.0
2.34751,-0.69974,0.0
2.34751,-0.67717,0.0
2.34751,-0.65459,0.0
2.34751,-0.63202,0.0
2.34751,-0.60945,0.0
2.34751,-0.58688,0.0
2.34751,-0.5643,0.0
2.34751,-0.54173,0.0
2.34751,-0.51916,0.0
2.34751,-0.49659,0.0
2.34751,-0.47402,0.0
2.34751,-0.45144,0.0
2.34751,-0.42887,0.0
2.34751,-0.4063,0.0
2.34751,-0.38373,0.0
2.34751,-0.36115,0.0
2.34751,-0.33858,0.0
2.34751,-0.31601,0.0
2.34751,-0.29344,0.0
2.34751,-0.27087,0.0
2.34751,-0.24829,0.0
2.34751,-0.22572,0.0
2.34751,-0.20315,0.0
2.34751,-0.18058,0.0
2.34751,-0.15801,0.0
2.34751,-0.13543,0.0
2.34751,-0.11286,0.0
2.34751,-0.09029,0.0
2.34751,-0.06772,0.0
2.34751,-0.04514,0.0
2.34751,-0.02257,0.0
2.34751,0,0.0
2.34751,0.02257,0.0
2.34751,0.04514,0.0
2.34751,0.06772,0.0
2.34751,0.09029,0.0
2.34751,0.11286,0.0
2.34751,0.13543,0.0
2.34751,0.15801,0.0
2.34751,0.18058,0.0
2.34751,0.20315,0.0
2.34751,0.22572,0.0
2.34751,0.24829,0.0
2.34751,0.27087,0.0
2.34751,0.29344,0.0
2.34751,0.31601,0.0
2.34751,0.33858,0.0
2.34751,0.36115,0.0
2.34751,0.38373,0.0
2.34751,0.4063,0.0
2.34751,0.42887,0.0
2.34751,0.45144,0.0
2.34751,0.47402,0.0
2.34751,0.49659,0.0
2.34751,0.51916,0.0
2.34751,0.54173,0.0
2.34751,0.5643,0.0
2.34751,0.58688,0.0
2.34751,0.60945,0.0
2.34751,0.63202,0.0
2.34751,0.65459,0.0
2.34751,0.67717,0.0
2.34751,0.69974,0.0
2.34751,0.72231,0.0
2.34751,0.74488,0.0
2.34751,0.76745,0.0
2.34751,0.79003,0.0
2.37008,-0.79003,0.0
2.37008,-0.76745,0.0
2.37008,-0.74488,0.0
2.37008,-0.72231,0.0
2.37008,-0.69974,0.0
2.37008,-0.67717,0.0
2.37008,-0.65459,0.0
2.37008,-0.63202,0.0
2.37008,-0.60945,0.0
2.37008,-0.58688,0.0
2.37008,-0.5643,0.0
2.37008,-0.54173,0.0
2.37008,-0.51916,0.0
2.37008,-0.49659,0.0
2.37008,-0.47402,0.0
2.37008,-0.45144,0.0
2.37008,-0.42887,0.0
2.37008,-0.4063,0.0
2.37008,-0.38373,0.0
2.37008,-0.36115,0.0
2.37008,-0.33858,0.0
2.37008,-0.31601,0.0
2.37008,-0.29344,0.0
2.37008,-0.27087,0.0
2.37008,-0.24829,0.0
2.37008,-0.22572,0.0
2.37008,-0.20315,0.0
2.37008,-0.18058,0.0
2.37008,-0.15801,0.0
2.37008,-0.13543,0.0
2.37008,-0.11286,0.0
2.37008,-0.09029,0.0
2.37008,-0.06772,0.0
2.37008,-0.04514,0.0
2.37008,-0.02257,0.0
2.37008,0,0.0
2.37008,0.02257,0.0
2.37008,0.04514,0.0
2.37008,0.06772,0.0
2.37008,0.09029,0.0
2.37008,0.11286,0.0
2.37008,0.13543,0.0
2.37008,0.15801,0.0
2.37008,0.18058,0.0
2.37008,0.20315,0.0
2.37008,0.22572,0.0
2.37008,0.24829,0.0
2.37008,0.27087,0.0
2.37008,0.29344,0.0
2.37008,0.31601,0.0
2.37008,0.33858,0.0
2.37008,0.36115,0.0
2.37008,0.38373,0.0
2.37008,0.4063,0.0
2.37008,0.42887,0.0
2.37008,0.45144,0.0
2.37008,0.47402,0.0
2.37008,0.49659,0.0
2.37008,0.51916,0.0
2.37008,0.54173,0.0
2.37008,0.5643,0.0
2.37008,0.58688,0.0
2.37008,0.60945,0.0
2.37008,0.63202,0.0
2.37008,0.65459,0.0
2.37008,0.67717,0.0
2.37008,0.69974,0.0
2.37008,0.72231,0.0
2.37008,0.74488,0.0
2.37008,0.76745,0.0
2.37008,0.79003,0.0
2.39265,-0.79003,0.0
2.39265,-0.76745,0.0
2.39265,-0.74488,0.0
2.39265,-0.72231,0.0
2.39265,-0.69974,0.0
2.39265,-0.67717,0.0
2.39265,-0.65459,0.0
2.39265,-0.63202,0.0
2.39265,-0.60945,0.0
2.39265,-0.58688,0.0
2.39265,-0.5643,0.0
2.39265,-0.54173,0.0
2.39265,-0.51916,0.0
2.39265,-0.49659,0.0
2.39265,-0.47402,0.0
2.39265,-0.45144,0.0
2.39265,-0.42887,0.0
2.39265,-0.4063,0.0
2.39265,-0.38373,0.0
2.39265,-0.36115,0.0
2.39265,-0.33858,0.0
2.39265,-0.31601,0.0
2.39265,-0.29344,0.0
2.39265,-0.27087,0.0
2.39265,-0.24829,0.0
2.39265,-0.22572,0.0
2.39265,-0.20315,0.0
2.39265,-0.18058,0.0
2.39265,-0.15801,0.0
2.39265,-0.13543,0.0
2.39265,-0.11286,0.0
2.39265,-0.09029,0.0
2.39265,-0.06772,0.0
2.39265,-0.04514,0.0
2.39265,-0.02257,0.0
2.39265,0,0.0
2.39265,0.02257,0.0
2.39265,0.04514,0.0
2.39265,0.06772,0.0
2.39265,0.09029,0.0
2.39265,0.11286,0.0
2.39265,0.13543,0.0
2.39265,0.15801,0.0
2.39265,0.18058,0.0
2.39265,0.20315,0.0
2.39265,0.22572,0.0
2.39265,0.24829,0.0
2.39265,0.27087,0.0
2.39265,0.29344,0.0
2.39265,0.31601,0.0
2.39265,0.33858,0.0
2.39265,0.36115,0.0
2.39265,0.38373,0.0
2.39265,0.4063,0.0
2.39265,0.42887,0.0
2.39265,0.45144,0.0
2.39265,0.47402,0.0
2.39265,0.49659,0.0
2.39265,0.51916,0.0
2.39265,0.54173,0.0
2.39265,0.5643,0.0
2.39265,0.58688,0.0
2.39265,0.60945,0.0
2.39265,0.63202,0.0
2.39265,0.65459,0.0
2.39265,0.67717,0.0
2.39265,0.69974,0.0
2.39265,0.72231,0.0
2.39265,0.74488,0.0
2.39265,0.76745,0.0
2.39265,0.79003,0.0
2.41522,-0.79003,0.0
2.41522,-0.76745,0.0
2.41522,-0.74488,0.0
2.41522,-0.72231,0.0
2.41522,-0.69974,0.0
2.41522,-0.67717,0.0
2.41522,-0.65459,0.0
2.41522,-0.63202,0.0
2.41522,-0.60945,0.0
2.41522,-0.58688,0.0
2.41522,-0.5643,0.0
2.41522,-0.54173,0.0
2.41522,-0.51916,0.0
2.41522,-0.49659,0.0
2.41522,-0.47402,0.0
2.41522,-0.45144,0.0
2.41522,-0.42887,0.0
2.41522,-0.4063,0.0
2.41522,-0.38373,0.0
2.41522,-0.36115,0.0
2.41522,-0.33858,0.0
2.41522,-0.31601,0.0
2.41522,-0.29344,0.0
2.41522,-0.27087,0.0
2.41522,-0.24829,0.0
2.41522,-0.22572,0.0
2.41522,-0.20315,0.0
2.41522,-0.18058,0.0
2.41522,-0.15801,0.0
2.41522,-0.13543,0.0
2.41522,-0.11286,0.0
2.41522,-0.09029,0.0
2.41522,-0.06772,0.0
2.41522,-0.04514,0.0
2.41522,-0.02257,0.0
2.41522,0,0.0
2.41522,0.02257,0.0
2.41522,0.04514,0.0
2.41522,0.06772,0.0
2.41522,0.09029,0.0
2.41522,0.11286,0.0
2.41522,0.13543,0.0
2.41522,0.15801,0.0
2.41522,0.18058,0.0
2.41522,0.20315,0.0
2.41522,0.22572,0.0
2.41522,0.24829,0.0
2.41522,0.27087,0.0
2.41522,0.29344,0.0
2.41522,0.31601,0.0
2.41522,0.33858,0.0
2.41522,0.36115,0.0
2.41522,0.38373,0.0
2.41522,0.4063,0.0
2.41522,0.42887,0.0
2.41522,0.45144,0.0
2.41522,0.47402,0.0
2.41522,0.49659,0.0
2.41522,0.51916,0.0
2.41522,0.54173,0.0
2.41522,0.5643,0.0
2.41522,0.58688,0.0
2.41522,0.60945,0.0
2.41522,0.63202,0.0
2.41522,0.65459,0.0
2.41522,0.67717,0.0
2.41522,0.69974,0.0
2.41522,0.72231,0.0
2.41522,0.74488,0.0
2.41522,0.76745,0.0
2.41522,0.79003,0.0
2.4378,-0.79003,0.0
2.4378,-0.76745,0.0
2.4378,-0.74488,0.0
2.4378,-0.72231,0.0
2.4378,-0.69974,0.0
2.4378,-0.67717,0.0
2.4378,-0.65459,0.0
2.4378,-0.63202,0.0
2.4378,-0.60945,0.0
2.4378,-0.58688,0.0
2.4378,-0.5643,0.0
2.4378,-0.54173,0.0
2.4378,-0.51916,0.0
2.4378,-0.49659,0.0
2.4378,-0.47402,0.0
2.4378,-0.45144,0.0
2.4378,-0.42887,0.0
2.4378,-0.4063,0.0
2.4378,-0.38373,0.0
2.4378,-0.36115,0.0
2.4378,-0.33858,0.0
2.4378,-0.31601,0.0
2.4378,-0.29344,0.0
2.4378,-0.27087,0.0
2.4378,-0.24829,0.0
2.4378,-0.22572,0.0
2.4378,-0.20315,0.0
2.4378,-0.18058,0.0
2.4378,-0.15801,0.0
2.4378,-0.13543,0.0
2.4378,-0.11286,0.0
2.4378,-0.09029,0.0
2.4378,-0.06772,0.0
2.4378,-0.04514,0.0
2.4378,-0.02257,0.0
2.4378,0,0.0
2.4378,0.02257,0.0
2.4378,0.04514,0.0
2.4378,0.06772,0.0
2.4378,0.09029,0.0
2.4378,0.11286,0.0
2.4378,0.13543,0.0
2.4378,0.15801,0.0
2.4378,0.18058,0.0
2.4378,0.20315,0.0
2.4378,0.22572,0.0
2.4378,0.24829,0.0
2.4378,0.27087,0.0
2.4378,0.29344,0.0
2.4378,0.31601,0.0
2.4378,0.33858,0.0
2.4378,0.36115,0.0
2.4378,0.38373,0.0
2.4378,0.4063,0.0
2.4378,0.42887,0.0
2.4378,0.45144,0.0
2.4378,0.47402,0.0
2.4378,0.49659,0.0
2.4378,0.51916,0.0
2.4378,0.54173,0.0
2.4378,0.5643,0.0
2.4378,0.58688,0.0
2.4378,0.60945,0.0
2.4378,0.63202,0.0
2.4378,0.65459,0.0
2.4378,0.67717,0.0
2.4378,0.69974,0.0
2.4378,0.72231,0.0
2.4378,0.74488,0.0
2.4378,0.76745,0.0
2.4378,0.79003,0.0
2.46037,-0.79003,0.0
2.46037,-0.76745,0.0
2.46037,-0.74488,0.0
2.46037,-0.72231,0.0
2.46037,-0.69974,0.0
2.46037,-0.67717,0.0
2.46037,-0.65459,0.0
2.46037,-0.63202,0.0
2.46037,-0.60945,0.0
2.46037,-0.58688,0.0
2.46037,-0.5643,0.0
2.46037,-0.54173,0.0
2.46037,-0.51916,0.0
2.46037,-0.49659,0.0
2.46037,-0.47402,0.0
2.46037,-0.45144,0.0
2.46037,-0.42887,0.0
2.46037,-0.4063,0.0
2.46037,-0.38373,0.0
2.46037,-0.36115,0.0
2.46037,-0.33858,0.0
2.46037,-0.31601,0.0
2.46037,-0.29344,0.0
2.46037,-0.27087,0.0
2.46037,-0.24829,0.0
2.46037,-0.22572,0.0
2.46037,-0.20315,0.0
2.46037,-0.18058,0.0
2.46037,-0.15801,0.0
2.46037,-0.13543,0.0
2.46037,-0.11286,0.0
2.46037,-0.09029,0.0
2.46037,-0.06772,0.0
2.46037,-0.04514,0.0
2.46037,-0.02257,0.0
2.46037,0,0.0
2.46037,0.02257,0.0
2.46037,0.04514,0.0
2.46037,0.06772,0.0
2.46037,0.09029,0.0
2.46037,0.11286,0.0
2.46037,0.13543,0.0
2.46037,0.15801,0.0
2.46037,0.18058,0.0
2.46037,0.20315,0.0
2.46037,0.22572,0.0
2.46037,0.24829,0.0
2.46037,0.27087,0.0
2.46037,0.29344,0.0
2.46037,0.31601,0.0
2.46037,0.33858,0.0
2.46037,0.36115,0.0
2.46037,0.38373,0.0
2.46037,0.4063,0.0
2.46037,0.42887,0.0
2.46037,0.45144,0.0
2.46037,0.47402,0.0
2.46037,0.49659,0.0
2.46037,0.51916,0.0
2.46037,0.54173,0.0
2.46037,0.5643,0.0
2.46037,0.58688,0.0
2.46037,0.60945,0.0
2.46037,0.63202,0.0
2.46037,0.65459,0.0
2.46037,0.67717,0.0
2.46037,0.69974,0.0
2.46037,0.72231,0.0
2.46037,0.74488,0.0
2.46037,0.76745,0.0
2.46037,0.79003,0.0
2.48294,-0.79003,0.0
2.48294,-0.76745,0.0
2.48294,-0.74488,0.0
2.48294,-0.72231,0.0
2.48294,-0.69974,0.0
2.48294,-0.67717,0.0
2.48294,-0.65459,0.0
2.48294,-0.63202,0.0
2.48294,-0.60945,0.0
2.48294,-0.58688,0.0
2.48294,-0.5643,0.0
2.48294,-0.54173,0.0
2.48294,-0.51916,0.0
2.48294,-0.49659,0.0
2.48294,-0.47402,0.0
2.48294,-0.45144,0.0
2.48294,-0.42887,0.0
2.48294,-0.4063,0.0
2.48294,-0.38373,0.0
2.48294,-0.36115,0.0
2.48294,-0.33858,0.0
2.48294,-0.31601,0.0
2.48294,-0.29344,0.0
2.48294,-0.27087,0.0
2.48294,-0.24829,0.0
2.48294,-0.22572,0.0
2.48294,-0.20315,0.0
2.48294,-0.18058,0.0
2.48294,-0.15801,0.0
2.48294,-0.13543,0.0
2.48294,-0.11286,0.0
2.48294,-0.09029,0.0
2.48294,-0.06772,0.0
2.48294,-0.04514,0.0
2.48294,-0.02257,0.0
2.48294,0,0.0
2.48294,0.02257,0.0
2.48294,0.04514,0.0
2.48294,0.06772,0.0
2.48294,0.09029,0.0
2.48294,0.11286,0.0
2.48294,0.13543,0.0
2.48294,0.15801,0.0
2.48294,0.18058,0.0
2.48294,0.20315,0.0
2.48294,0.22572,0.0
2.48294,0.24829,0.0
2.48294,0.27087,0.0
2.48294,0.29344,0.0
2.48294,0.31601,0.0
2.48294,0.33858,0.0
2.48294,0.36115,0.0
2.48294,0.38373,0.0
2.48294,0.4063,0.0
2.48294,0.42887,0.0
2.48294,0.45144,0.0
2.48294,0.47402,0.0
2.48294,0.49659,0.0
2.48294,0.51916,0.0
2.48294,0.54173,0.0
2.48294,0.5643,0.0
2.48294,0.58688,0.0
2.48294,0.60945,0.0
2.48294,0.63202,0.0
2.48294,0.65459,0.0
2.48294,0.67717,0.0
2.48294,0.69974,0.0
2.48294,0.72231,0.0
2.48294,0.74488,0.0
2.48294,0.76745,0.0
2.48294,0.79003,0.0
2.50551,-0.79003,0.0
2.50551,-0.76745,0.0
2.50551,-0.74488,0.0
2.50551,-0.72231,0.0
2.50551,-0.69974,0.0
2.50551,-0.67717,0.0
2.50551,-0.65459,0.0
2.50551,-0.63202,0.0
2.50551,-0.60945,0.0
2.50551,-0.58688,0.0
2.50551,-0.5643,0.0
2.50551,-0.54173,0.0
2.50551,-0.51916,0.0
2.50551,-0.49659,0.0
2.50551,-0.47402,0.0
2.50551,-0.45144,0.0
2.50551,-0.42887,0.0
2.50551,-0.4063,0.0
2.50551,-0.38373,0.0
2.50551,-0.36115,0.0
2.50551,-0.33858,0.0
2.50551,-0.31601,0.0
2.50551,-0.29344,0.0
2.50551,-0.27087,0.0
2.50551,-0.24829,0.0
2.50551,-0.22572,0.0
2.50551,-0.20315,0.0
2.50551,-0.18058,0.0
2.50551,-0.15801,0.0
2.50551,-0.13543,0.0
2.50551,-0.11286,0.0
2.50551,-0.09029,0.0
2.50551,-0.06772,0.0
2.50551,-0.04514,0.0
2.50551,-0.02257,0.0
2.50551,0,0.0
2.50551,0.02257,0.0
2.50551,0.04514,0.0
2.50551,0.06772,0.0
2.50551,0.09029,0.0
2.50551,0.11286,0.0
2.50551,0.13543,0.0
2.50551,0.15801,0.0
2.50551,0.18058,0.0
2.50551,0.20315,0.0
2.50551,0.22572,0.0
2.50551,0.24829,0.0
2.50551,0.27087,0.0
2.50551,0.29344,0.0
2.50551,0.31601,0.0
2.50551,0.33858,0.0
2.50551,0.36115,0.0
2.50551,0.38373,0.0
2.50551,0.4063,0.0
2.50551,0.42887,0.0
2.50551,0.45144,0.0
2.50551,0.47402,0.0
2.50551,0.49659,0.0
2.50551,0.51916,0.0
2.50551,0.54173,0.0
2.50551,0.5643,0.0
2.50551,0.58688,0.0
2.50551,0.60945,0.0
2.50551,0.63202,0.0
2.50551,0.65459,0.0
2.50551,0.67717,0.0
2.50551,0.69974,0.0
2.50551,0.72231,0.0
2.50551,0.74488,0.0
2.50551,0.76745,0.0
2.50551,0.79003,0.0
2.52808,-0.79003,0.0
2.52808,-0.76745,0.0
2.52808,-0.74488,0.0
2.52808,-0.72231,0.0
2.52808,-0.69974,0.0
2.52808,-0.67717,0.0
2.52808,-0.65459,0.0
2.52808,-0.63202,0.0
2.52808,-0.60945,0.0
2.52808,-0.58688,0.0
2.52808,-0.5643,0.0
2.52808,-0.54173,0.0
2.52808,-0.51916,0.0
2.52808,-0.49659,0.0
2.52808,-0.47402,0.0
2.52808,-0.45144,0.0
2.52808,-0.42887,0.0
2.52808,-0.4063,0.0
2.52808,-0.38373,0.0
2.52808,-0.36115,0.0
2.52808,-0.33858,0.0
2.52808,-0.31601,0.0
2.52808,-0.29344,0.0
2.52808,-0.27087,0.0
2.52808,-0.24829,0.0
2.52808,-0.22572,0.0
2.52808,-0.20315,0.0
2.52808,-0.18058,0.0
2.52808,-0.15801,0.0
2.52808,-0.13543,0.0
2.52808,-0.11286,0.0
2.52808,-0.09029,0.0
2.52808,-0.06772,0.0
2.52808,-0.04514,0.0
2.52808,-0.02257,0.0
2.52808,0,0.0
2.52808,0.02257,0.0
2.52808,0.04514,0.0
2.52808,0.06772,0.0
2.52808,0.09029,0.0
2.52808,0.11286,0.0
2.52808,0.13543,0.0
2.52808,0.15801,0.0
2.52808,0.18058,0.0
2.52808,0.20315,0.0
2.52808,0.22572,0.0
2.52808,0.24829,0.0
2.52808,0.27087,0.0
2.52808,0.29344,0.0
2.52808,0.31601,0.0
2.52808,0.33858,0.0
2.52808,0.36115,0.0
2.52808,0.38373,0.0
2.52808,0.4063,0.0
2.52808,0.42887,0.0
2.52808,0.45144,0.0
2.52808,0.47402,0.0
2.52808,0.49659,0.0
2.52808,0.51916,0.0
2.52808,0.54173,0.0
2.52808,0.5643,0.0
2.52808,0.58688,0.0
2.52808,0.60945,0.0
2.52808,0.63202,0.0
2.52808,0.65459,0.0
2.52808,0.67717,0.0
2.52808,0.69974,0.0
2.52808,0.72231,0.0
2.52808,0.74488,0.0
2.52808,0.76745,0.0
2.52808,0.79003,0.0
2.55066,-0.79003,0.0
2.55066,-0.76745,0.0
2.55066,-0.74488,0.0
2.55066,-0.72231,0.0
2.55066,-0.69974,0.0
2.55066,-0.67717,0.0
2.55066,-0.65459,0.0
2.55066,-0.63202,0.0
2.55066,-0.60945,0.0
2.55066,-0.58688,0.0
2.55066,-0.5643,0.0
2.55066,-0.54173,0.0
2.55066,-0.51916,0.0
2.55066,-0.49659,0.0
2.55066,-0.47402,0.0
2.55066,-0.45144,0.0
2.55066,-0.42887,0.0
2.55066,-0.4063,0.0
2.55066,-0.38373,0.0
2.55066,-0.36115,0.0
2.55066,-0.33858,0.0
2.55066,-0.31601,0.0
2.55066,-0.29344,0.0
2.55066,-0.27087,0.0
2.55066,-0.24829,0.0
2.55066,-0.22572,0.0
2.55066,-0.20315,0.0
2.55066,-0.18058,0.0
2.55066,-0.15801,0.0
2.55066,-0.13543,0.0
2.55066,-0.11286,0.0
2.55066,-0.09029,0.0
2.55066,-0.06772,0.0
2.55066,-0.04514,0.0
2.55066,-0.02257,0.0
2.55066,0,0.0
2.55066,0.02257,0.0
2.55066,0.04514,0.0
2.55066,0.06772,0.0
2.55066,0.09029,0.0
2.55066,0.11286,0.0
2.55066,0.13543,0.0
2.55066,0.15801,0.0
2.55066,0.18058,0.0
2.55066,0.20315,0.0
2.55066,0.22572,0.0
2.55066,0.24829,0.0
2.55066,0.27087,0.0
2.55066,0.29344,0.0
2.55066,0.31601,0.0
2.55066,0.33858,0.0
2.55066,0.36115,0.0
2.55066,0.38373,0.0
2.55066,0.4063,0.0
2.55066,0.42887,0.0
2.55066,0.45144,0.0
2.55066,0.47402,0.0
2.55066,0.49659,0.0
2.55066,0.51916,0.0
2.55066,0.54173,0.0
2.55066,0.5643,0.0
2.55066,0.58688,0.0
2.55066,0.60945,0.0
2.55066,0.63202,0.0
2.55066,0.65459,0.0
2.55066,0.67717,0.0
2.55066,0.69974,0.0
2.55066,0.72231,0.0
2.55066,0.74488,0.0
2.55066,0.76745,0.0
2.55066,0.79003,0.0
2.57323,-0.79003,0.0
2.57323,-0.76745,0.0
2.57323,-0.74488,0.0
2.57323,-0.72231,0.0
2.57323,-0.69974,0.0
2.57323,-0.67717,0.0
2.57323,-0.65459,0.0
2.57323,-0.63202,0.0
2.57323,-0.60945,0.0
2.57323,-0.58688,0.0
2.57323,-0.5643,0.0
2.57323,-0.54173,0.0
2.57323,-0.51916,0.0
2.57323,-0.49659,0.0
2.57323,-0.47402,0.0
2.57323,-0.45144,0.0
2.57323,-0.42887,0.0
2.57323,-0.4063,0.0
2.57323,-0.38373,0.0
2.57323,-0.36115,0.0
2.57323,-0.33858,0.0
2.57323,-0.31601,0.0
2.57323,-0.29344,0.0
2.57323,-0.27087,0.0
2.57323,-0.24829,0.0
2.57323,-0.22572,0.0
2.57323,-0.20315,0.0
2.57323,-0.18058,0.0
2.57323,-0.15801,0.0
2.57323,-0.13543,0.0
2.57323,-0.11286,0.0
2.57323,-0.09029,0.0
2.57323,-0.06772,0.0
2.57323,-0.04514,0.0
2.57323,-0.02257,0.0
2.57323,0,0.0
2.57323,0.02257,0.0
2.57323,0.04514,0.0
2.57323,0.06772,0.0
2.57323,0.09029,0.0
2.57323,0.11286,0.0
2.57323,0.13543,0.0
2.57323,0.15801,0.0
2.57323,0.18058,0.0
2.57323,0.20315,0.0
2.57323,0.22572,0.0
2.57323,0.24829,0.0
2.57323,0.27087,0.0
2.57323,0.29344,0.0
2.57323,0.31601,0.0
2.57323,0.33858,0.0
2.57323,0.36115,0.0
2.57323,0.38373,0.0
2.57323,0.4063,0.0
2.57323,0.42887,0.0
2.57323,0.45144,0.0
2.57323,0.47402,0.0
2.57323,0.49659,0.0
2.57323,0.51916,0.0
2.57323,0.54173,0.0
2.57323,0.5643,0.0
2.57323,0.58688,0.0
2.57323,0.60945,0.0
2.57323,0.63202,0.0
2.57323,0.65459,0.0
2.57323,0.67717,0.0
2.57323,0.69974,0.0
2.57323,0.72231,0.0
2.57323,0.74488,0.0
2.57323,0.76745,0.0
2.57323,0.79003,0.0
2.5958,-0.79003,0.0
2.5958,-0.76745,0.0
2.5958,-0.74488,0.0
2.5958,-0.72231,0.0
2.5958,-0.69974,0.0
2.5958,-0.67717,0.0
2.5958,-0.65459,0.0
2.5958,-0.63202,0.0
2.5958,-0.60945,0.0
2.5958,-0.58688,0.0
2.5958,-0.5643,0.0
2.5958,-0.54173,0.0
2.5958,-0.51916,0.0
2.5958,-0.49659,0.0
2.5958,-0.47402,0.0
2.5958,-0.45144,0.0
2.5958,-0.42887,0.0
2.5958,-0.4063,0.0
2.5958,-0.38373,0.0
2.5958,-0.36115,0.0
2.5958,-0.33858,0.0
2.5958,-0.31601,0.0
2.5958,-0.29344,0.0
2.5958,-0.27087,0.0
2.5958,-0.24829,0.0
2.5958,-0.22572,0.0
2.5958,-0.20315,0.0
2.5958,-0.18058,0.0
2.5958,-0.15801,0.0
2.5958,-0.13543,0.0
2.5958,-0.11286,0.0
2.5958,-0.09029,0.0
2.5958,-0.06772,0.0
2.5958,-0.04514,0.0
2.5958,-0.02257,0.0
2.5958,0,0.0
2.5958,0.02257,0.0
2.5958,0.04514,0.0
2.5958,0.06772,0.0
2.5958,0.09029,0.0
2.5958,0.11286,0.0
2.5958,0.13543,0.0
2.5958,0.15801,0.0
2.5958,0.18058,0.0
2.5958,0.20315,0.0
2.5958,0.22572,0.0
2.5958,0.24829,0.0
2.5958,0.27087,0.0
2.5958,0.29344,0.0
2.5958,0.31601,0.0
2.5958,0.33858,0.0
2.5958,0.36115,0.0
2.5958,0.38373,0.0
2.5958,0.4063,0.0
2.5958,0.42887,0.0
2.5958,0.45144,0.0
2.5958,0.47402,0.0
2.5958,0.49659,0.0
2.5958,0.51916,0.0
2.5958,0.54173,0.0
2.5958,0.5643,0.0
2.5958,0.58688,0.0
2.5958,0.60945,0.0
2.5958,0.63202,0.0
2.5958,0.65459,0.0
2.5958,0.67717,0.0
2.5958,0.69974,0.0
2.5958,0.72231,0.0
2.5958,0.74488,0.0
2.5958,0.76745,0.0
2.5958,0.79003,0.0
2.61837,-0.79003,0.0
2.61837,-0.76745,0.0
2.61837,-0.74488,0.0
2.61837,-0.72231,0.0
2.61837,-0.69974,0.0
2.61837,-0.67717,0.0
2.61837,-0.65459,0.0
2.61837,-0.63202,0.0
2.61837,-0.60945,0.0
2.61837,-0.58688,0.0
2.61837,-0.5643,0.0
2.61837,-0.54173,0.0
2.61837,-0.51916,0.0
2.61837,-0.49659,0.0
2.61837,-0.47402,0.0
2.61837,-0.45144,0.0
2.61837,-0.42887,0.0
2.61837,-0.4063,0.0
2.61837,-0.38373,0.0
2.61837,-0.36115,0.0
2.61837,-0.33858,0.0
2.61837,-0.31601,0.0
2.61837,-0.29344,0.0
2.61837,-0.27087,0.0
2.61837,-0.24829,0.0
2.61837,-0.22572,0.0
2.61837,-0.20315,0.0
2.61837,-0.18058,0.0
2.61837,-0.15801,0.0
2.61837,-0.13543,0.0
2.61837,-0.11286,0.0
2.61837,-0.09029,0.0
2.61837,-0.06772,0.0
2.61837,-0.04514,0.0
2.61837,-0.02257,0.0
2.61837,0,0.0
2.61837,0.02257,0.0
2.61837,0.04514,0.0
2.61837,0.06772,0.0
2.61837,0.09029,0.0
2.61837,0.11286,0.0
2.61837,0.13543,0.0
2.61837,0.15801,0.0
2.61837,0.18058,0.0
2.61837,0.20315,0.0
2.61837,0.22572,0.0
2.61837,0.24829,0.0
2.61837,0.27087,0.0
2.61837,0.29344,0.0
2.61837,0.31601,0.0
2.61837,0.33858,0.0
2.61837,0.36115,0.0
2.61837,0.38373,0.0
2.61837,0.4063,0.0
2.61837,0.42887,0.0
2.61837,0.45144,0.0
2.61837,0.47402,0.0
2.61837,0.49659,0.0
2.61837,0.51916,0.0
2.61837,0.54173,0.0
2.61837,0.5643,0.0
2.61837,0.58688,0.0
2.61837,0.60945,0.0
2.61837,0.63202,0.0
2.61837,0.65459,0.0
2.61837,0.67717,0.0
2.61837,0.69974,0.0
2.61837,0.72231,0.0
2.61837,0.74488,0.0
2.61837,0.76745,0.0
2.61837,0.79003,0.0
2.64095,-0.79003,0.0
2.64095,-0.76745,0.0
2.64095,-0.74488,0.0
2.64095,-0.72231,0.0
2.64095,-0.69974,0.0
2.64095,-0.67717,0.0
2.64095,-0.65459,0.0
2.64095,-0.63202,0.0
2.64095,-0.60945,0.0
2.64095,-0.58688,0.0
2.64095,-0.5643,0.0
2.64095,-0.54173,0.0
2.64095,-0.51916,0.0
2.64095,-0.49659,0.0
2.64095,-0.47402,0.0
2.64095,-0.45144,0.0
2.64095,-0.42887,0.0
2.64095,-0.4063,0.0
2.64095,-0.38373,0.0
2.64095,-0.36115,0.0
2.64095,-0.33858,0.0
2.64095,-0.31601,0.0
2.64095,-0.29344,0.0
2.64095,-0.27087,0.0
2.64095,-0.24829,0.0
2.64095,-0.22572,0.0
2.64095,-0.20315,0.0
2.64095,-0.18058,0.0
2.64095,-0.15801,0.0
2.64095,-0.13543,0.0
2.64095,-0.11286,0.0
2.64095,-0.09029,0.0
2.64095,-0.06772,0.0
2.64095,-0.04514,0.0
2.64095,-0.02257,0.0
2.64095,0,0.0
2.64095,0.02257,0.0
2.64095,0.04514,0.0
2.64095,0.06772,0.0
2.64095,0.09029,0.0
2.64095,0.11286,0.0
2.64095,0.13543,0.0
2.64095,0.15801,0.0
2.64095,0.18058,0.0
2.64095,0.20315,0.0
2.64095,0.22572,0.0
2.64095,0.24829,0.0
2.64095,0.27087,0.0
2.64095,0.29344,0.0
2.64095,0.31601,0.0
2.64095,0.33858,0.0
2.64095,0.36115,0.0
2.64095,0.38373,0.0
2.64095,0.4063,0.0
2.64095,0.42887,0.0
2.64095,0.45144,0.0
2.64095,0.47402,0.0
2.64095,0.49659,0.0
2.64095,0.51916,0.0
2.64095,0.54173,0.0
2.64095,0.5643,0.0
2.64095,0.58688,0.0
2.64095,0.60945,0.0
2.64095,0.63202,0.0
2.64095,0.65459,0.0
2.64095,0.67717,0.0
2.64095,0.69974,0.0
2.64095,0.72231,0.0
2.64095,0.74488,0.0
2.64095,0.76745,0.0
2.64095,0.79003,0.0
2.66352,-0.79003,0.0
2.66352,-0.76745,0.0
2.66352,-0.74488,0.0
2.66352,-0.72231,0.0
2.66352,-0.69974,0.0
2.66352,-0.67717,0.0
2.66352,-0.65459,0.0
2.66352,-0.63202,0.0
2.66352,-0.60945,0.0
2.66352,-0.58688,0.0
2.66352,-0.5643,0.0
2.66352,-0.54173,0.0
2.66352,-0.51916,0.0
2.66352,-0.49659,0.0
2.66352,-0.47402,0.0
2.66352,-0.45144,0.0
2.66352,-0.42887,0.0
2.66352,-0.4063,0.0
2.66352,-0.38373,0.0
2.66352,-0.36115,0.0
2.66352,-0.33858,0.0
2.66352,-0.31601,0.0
2.66352,-0.29344,0.0
2.66352,-0.27087,0.0
2.66352,-0.24829,0.0
2.66352,-0.22572,0.0
2.66352,-0.20315,0.0
2.66352,-0.18058,0.0
2.66352,-0.15801,0.0
2.66352,-0.13543,0.0
2.66352,-0.11286,0.0
2.66352,-0.09029,0.0
2.66352,-0.06772,0.0
2.66352,-0.04514,0.0
2.66352,-0.02257,0.0
2.66352,0,0.0
2.66352,0.02257,0.0
2.66352,0.04514,0.0
2.66352,0.06772,0.0
2.66352,0.09029,0.0
2.66352,0.11286,0.0
2.66352,0.13543,0.0
2.66352,0.15801,0.0
2.66352,0.18058,0.0
2.66352,0.20315,0.0
2.66352,0.22572,0.0
2.66352,0.24829,0.0
2.66352,0.27087,0.0
2.66352,0.29344,0.0
2.66352,0.31601,0.0
2.66352,0.33858,0.0
2.66352,0.36115,0.0
2.66352,0.38373,0.0
2.66352,0.4063,0.0
2.66352,0.42887,0.0
2.66352,0.45144,0.0
2.66352,0.47402,0.0
2.66352,0.49659,0.0
2.66352,0.51916,0.0
2.66352,0.54173,0.0
2.66352,0.5643,0.0
2.66352,0.58688,0.0
2.66352,0.60945,0.0
2.66352,0.63202,0.0
2.66352,0.65459,0.0
2.66352,0.67717,0.0
2.66352,0.69974,0.0
2.66352,0.72231,0.0
2.66352,0.74488,0.0
2.66352,0.76745,0.0
2.66352,0.79003,0.0
2.68609,-0.79003,0.0
2.68609,-0.76745,0.0
2.68609,-0.74488,0.0
2.68609,-0.72231,0.0
2.68609,-0.69974,0.0
2.68609,-0.67717,0.0
2.68609,-0.65459,0.0
2.68609,-0.63202,0.0
2.68609,-0.60945,0.0
2.68609,-0.58688,0.0
2.68609,-0.5643,0.0
2.68609,-0.54173,0.0
2.68609,-0.51916,0.0
2.68609,-0.49659,0.0
2.68609,-0.47402,0.0
2.68609,-0.45144,0.0
2.68609,-0.42887,0.0
2.68609,-0.4063,0.0
2.68609,-0.38373,0.0
2.68609,-0.36115,0.0
2.68609,-0.33858,0.0
2.68609,-0.31601,0.0
2.68609,-0.29344,0.0
2.68609,-0.27087,0.0
2.68609,-0.24829,0.0
2.68609,-0.22572,0.0
2.68609,-0.20315,0.0
2.68609,-0.18058,0.0
2.68609,-0.15801,0.0
2.68609,-0.13543,0.0
2.68609,-0.11286,0.0
2.68609,-0.09029,0.0
2.68609,-0.06772,0.0
2.68609,-0.04514,0.0
2.68609,-0.02257,0.0
2.68609,0,0.0
2.68609,0.02257,0.0
2.68609,0.04514,0.0
2.68609,0.06772,0.0
2.68609,0.09029,0.0
2.68609,0.11286,0.0
2.68609,0.13543,0.0
2.68609,0.15801,0.0
2.68609,0.18058,0.0
2.68609,0.20315,0.0
2.68609,0.22572,0.0
2.68609,0.24829,0.0
2.68609,0.27087,0.0
2.68609,0.29344,0.0
2.68609,0.31601,0.0
2.68609,0.33858,0.0
2.68609,0.36115,0.0
2.68609,0.38373,0.0
2.68609,0.4063,0.0
2.68609,0.42887,0.0
2.68609,0.45144,0.0
2.68609,0.47402,0.0
2.68609,0.49659,0.0
2.68609,0.51916,0.0
2.68609,0.54173,0.0
2.68609,0.5643,0.0
2.68609,0.58688,0.0
2.68609,0.60945,0.0
2.68609,0.63202,0.0
2.68609,0.65459,0.0
2.68609,0.67717,0.0
2.68609,0.69974,0.0
2.68609,0.72231,0.0
2.68609,0.74488,0.0
2.68609,0.76745,0.0
2.68609,0.79003,0.0
2.70866,-0.79003,0.0
2.70866,-0.76745,0.0
2.70866,-0.74488,0.0
2.70866,-0.72231,0.0
2.70866,-0.69974,0.0
2.70866,-0.67717,0.0
2.70866,-0.65459,0.0
2.70866,-0.63202,0.0
2.70866,-0.60945,0.0
2.70866,-0.58688,0.0
2.70866,-0.5643,0.0
2.70866,-0.54173,0.0
2.70866,-0.51916,0.0
2.70866,-0.49659,0.0
2.70866,-0.47402,0.0
2.70866,-0.45144,0.0
2.70866,-0.42887,0.0
2.70866,-0.4063,0.0
2.70866,-0.38373,0.0
2.70866,-0.36115,0.0
2.70866,-0.33858,0.0
2.70866,-0.31601,0.0
2.70866,-0.29344,0.0
2.70866,-0.27087,0.0
2.70866,-0.24829,0.0
2.70866,-0.22572,0.0
2.70866,-0.20315,0.0
2.70866,-0.18058,0.0
2.70866,-0.15801,0.0
2.70866,-0.13543,0.0
2.70866,-0.11286,0.0
2.70866,-0.09029,0.0
2.70866,-0.06772,0.0
2.70866,-0.04514,0.0
2.70866,-0.02257,0.0
2.70866,0,0.0
2.70866,0.02257,0.0
2.70866,0.04514,0.0
2.70866,0.06772,0.0
2.70866,0.09029,0.0
2.70866,0.11286,0.0
2.70866,0.13543,0.0
2.70866,0.15801,0.0
2.70866,0.18058,0.0
2.70866,0.20315,0.0
2.70866,0.22572,0.0
2.70866,0.24829,0.0
2.70866,0.27087,0.0
2.70866,0.29344,0.0
2.70866,0.31601,0.0
2.70866,0.33858,0.0
2.70866,0.36115,0.0
2.70866,0.38373,0.0
2.70866,0.4063,0.0
2.70866,0.42887,0.0
2.70866,0.45144,0.0
2.70866,0.47402,0.0
2.70866,0.49659,0.0
2.70866,0.51916,0.0
2.70866,0.54173,0.0
2.70866,0.5643,0.0
2.70866,0.58688,0.0
2.70866,0.60945,0.0
2.70866,0.63202,0.0
2.70866,0.65459,0.0
2.70866,0.67717,0.0
2.70866,0.69974,0.0
2.70866,0.72231,0.0
2.70866,0.74488,0.0
2.70866,0.76745,0.0
2.70866,0.79003,0.0
2.73123,-0.79003,0.0
2.73123,-0.76745,0.0
2.73123,-0.74488,0.0
2.73123,-0.72231,0.0
2.73123,-0.69974,0.0
2.73123,-0.67717,0.0
2.73123,-0.65459,0.0
2.73123,-0.63202,0.0
2.73123,-0.60945,0.0
2.73123,-0.58688,0.0
2.73123,-0.5643,0.0
2.73123,-0.54173,0.0
2.73123,-0.51916,0.0
2.73123,-0.49659,0.0
2.73123,-0.47402,0.0
2.73123,-0.45144,0.0
2.73123,-0.42887,0.0
2.73123,-0.4063,0.0
2.73123,-0.38373,0.0
2.73123,-0.36115,0.0
2.73123,-0.33858,0.0
2.73123,-0.31601,0.0
2.73123,-0.29344,0.0
2.73123,-0.27087,0.0
2.73123,-0.24829,0.0
2.73123,-0.22572,0.0
2.73123,-0.20315,0.0
2.73123,-0.18058,0.0
2.73123,-0.15801,0.0
2.73123,-0.13543,0.0
2.73123,-0.11286,0.0
2.73123,-0.09029,0.0
2.73123,-0.06772,0.0
2.73123,-0.04514,0.0
2.73123,-0.02257,0.0
2.73123,0,0.0
2.73123,0.02257,0.0
2.73123,0.04514,0.0
2.73123,0.06772,0.0
2.73123,0.09029,0.0
2.73123,0.11286,0.0
2.73123,0.13543,0.0
2.73123,0.15801,0.0
2.73123,0.18058,0.0
2.73123,0.20315,0.0
2.73123,0.22572,0.0
2.73123,0.24829,0.0
2.73123,0.27087,0.0
2.73123,0.29344,0.0
2.73123,0.31601,0.0
2.73123,0.33858,0.0
2.73123,0.36115,0.0
2.73123,0.38373,0.0
2.73123,0.4063,0.0
2.73123,0.42887,0.0
2.73123,0.45144,0.0
2.73123,0.47402,0.0
2.73123,0.49659,0.0
2.73123,0.51916,0.0
2.73123,0.54173,0.0
2.73123,0.5643,0.0
2.73123,0.58688,0.0
2.73123,0.60945,0.0
2.73123,0.63202,0.0
2.73123,0.65459,0.0
2.73123,0.67717,0.0
2.73123,0.69974,0.0
2.73123,0.72231,0.0
2.73123,0.74488,0.0
2.73123,0.76745,0.0
2.73123,0.79003,0.0
2.75381,-0.79003,0.0
2.75381,-0.76745,0.0
2.75381,-0.74488,0.0
2.75381,-0.72231,0.0
2.75381,-0.69974,0.0
2.75381,-0.67717,0.0
2.75381,-0.65459,0.0
2.75381,-0.63202,0.0
2.75381,-0.60945,0.0
2.75381,-0.58688,0.0
2.75381,-0.5643,0.0
2.75381,-0.54173,0.0
2.75381,-0.51916,0.0
2.75381,-0.49659,0.0
2.75381,-0.47402,0.0
2.75381,-0.45144,0.0
2.75381,-0.42887,0.0
2.75381,-0.4063,0.0
2.75381,-0.38373,0.0
2.75381,-0.36115,0.0
2.75381,-0.33858,0.0
2.75381,-0.31601,0.0
2.75381,-0.29344,0.0
2.75381,-0.27087,0.0
2.75381,-0.24829,0.0
2.75381,-0.22572,0.0
2.75381,-0.20315,0.0
2.75381,-0.18058,0.0
2.75381,-0.15801,0.0
2.75381,-0.13543,0.0
2.75381,-0.11286,0.0
2.75381,-0.09029,0.0
2.75381,-0.06772,0.0
2.75381,-0.04514,0.0
2.75381,-0.02257,0.0
2.75381,0,0.0
2.75381,0.02257,0.0
2.75381,0.04514,0.0
2.75381,0.06772,0.0
2.75381,0.09029,0.0
2.75381,0.11286,0.0
2.75381,0.13543,0.0
2.75381,0.15801,0.0
2.75381,0.18058,0.0
2.75381,0.20315,0.0
2.75381,0.22572,0.0
2.75381,0.24829,0.0
2.75381,0.27087,0.0
2.75381,0.29344,0.0
2.75381,0.31601,0.0
2.75381,0.33858,0.0
2.75381,0.36115,0.0
2.75381,0.38373,0.0
2.75381,0.4063,0.0
2.75381,0.42887,0.0
2.75381,0.45144,0.0
2.75381,0.47402,0.0
2.75381,0.49659,0.0
2.75381,0.51916,0.0
2.75381,0.54173,0.0
2.75381,0.5643,0.0
2.75381,0.58688,0.0
2.75381,0.60945,0.0
2.75381,0.63202,0.0
2.75381,0.65459,0.0
2.75381,0.67717,0.0
2.75381,0.69974,0.0
2.75381,0.72231,0.0
2.75381,0.74488,0.0
2.75381,0.76745,0.0
2.75381,0.79003,0.0
2.77638,-0.79003,0.0
2.77638,-0.76745,0.0
2.77638,-0.74488,0.0
2.77638,-0.72231,0.0
2.77638,-0.69974,0.0
2.77638,-0.67717,0.0
2.77638,-0.65459,0.0
2.77638,-0.63202,0.0
2.77638,-0.60945,0.0
2.77638,-0.58688,0.0
2.77638,-0.5643,0.0
2.77638,-0.54173,0.0
2.77638,-0.51916,0.0
2.77638,-0.49659,0.0
2.77638,-0.47402,0.0
2.77638,-0.45144,0.0
2.77638,-0.42887,0.0
2.77638,-0.4063,0.0
2.77638,-0.38373,0.0
2.77638,-0.36115,0.0
2.77638,-0.33858,0.0
2.77638,-0.31601,0.0
2.77638,-0.29344,0.0
2.77638,-0.27087,0.0
2.77638,-0.24829,0.0
2.77638,-0.22572,0.0
2.77638,-0.20315,0.0
2.77638,-0.18058,0.0
2.77638,-0.15801,0.0
2.77638,-0.13543,0.0
2.77638,-0.11286,0.0
2.77638,-0.09029,0.0
2.77638,-0.06772,0.0
2.77638,-0.04514,0.0
2.77638,-0.02257,0.0
2.77638,0,0.0
2.77638,0.02257,0.0
2.77638,0.04514,0.0
2.77638,0.06772,0.0
2.77638,0.09029,0.0
2.77638,0.11286,0.0
2.77638,0.13543,0.0
2.77638,0.15801,0.0
2.77638,0.18058,0.0
2.77638,0.20315,0.0
2.77638,0.22572,0.0
2.77638,0.24829,0.0
2.77638,0.27087,0.0
2.77638,0.29344,0.0
2.77638,0.31601,0.0
2.77638,0.33858,0.0
2.77638,0.36115,0.0
2.77638,0.38373,0.0
2.77638,0.4063,0.0
2.77638,0.42887,0.0
2.77638,0.45144,0.0
2.77638,0.47402,0.0
2.77638,0.49659,0.0
2.77638,0.51916,0.0
2.77638,0.54173,0.0
2.77638,0.5643,0.0
2.77638,0.58688,0.0
2.77638,0.60945,0.0
2.77638,0.63202,0.0
2.77638,0.65459,0.0
2.77638,0.67717,0.0
2.77638,0.69974,0.0
2.77638,0.72231,0.0
2.77638,0.74488,0.0
2.77638,0.76745,0.0
2.77638,0.79003,0.0
2.79895,-0.79003,0.0
2.79895,-0.76745,0.0
2.79895,-0.74488,0.0
2.79895,-0.72231,0.0
2.79895,-0.69974,0.0
2.79895,-0.67717,0.0
2.79895,-0.65459,0.0
2.79895,-0.63202,0.0
2.79895,-0.60945,0.0
2.79895,-0.58688,0.0
2.79895,-0.5643,0.0
2.79895,-0.54173,0.0
2.79895,-0.51916,0.0
2.79895,-0.49659,0.0
2.79895,-0.47402,0.0
2.79895,-0.45144,0.0
2.79895,-0.42887,0.0
2.79895,-0.4063,0.0
2.79895,-0.38373,0.0
2.79895,-0.36115,0.0
2.79895,-0.33858,0.0
2.79895,-0.31601,0.0
2.79895,-0.29344,0.0
2.79895,-0.27087,0.0
2.79895,-0.24829,0.0
2.79895,-0.22572,0.0
2.79895,-0.20315,0.0
2.79895,-0.18058,0.0
2.79895,-0.15801,0.0
2.79895,-0.13543,0.0
2.79895,-0.11286,0.0
2.79895,-0.09029,0.0
2.79895,-0.06772,0.0
2.79895,-0.04514,0.0
2.79895,-0.02257,0.0
2.79895,0,0.0
2.79895,0.02257,0.0
2.79895,0.04514,0.0
2.79895,0.06772,0.0
2.79895,0.09029,0.0
2.79895,0.11286,0.0
2.79895,0.13543,0.0
2.79895,0.15801,0.0
2.79895,0.18058,0.0
2.79895,0.20315,0.0
2.79895,0.22572,0.0
2.79895,0.24829,0.0
2.79895,0.27087,0.0
2.79895,0.29344,0.0
2.79895,0.31601,0.0
2.79895,0.33858,0.0
2.79895,0.36115,0.0
2.79895,0.38373,0.0
2.79895,0.4063,0.0
2.79895,0.42887,0.0
2.79895,0.45144,0.0
2.79895,0.47402,0.0
2.79895,0.49659,0.0
2.79895,0.51916,0.0
2.79895,0.54173,0.0
2.79895,0.5643,0.0
2.79895,0.58688,0.0
2.79895,0.60945,0.0
2.79895,0.63202,0.0
2.79895,0.65459,0.0
2.79895,0.67717,0.0
2.79895,0.69974,0.0
2.79895,0.72231,0.0
2.79895,0.74488,0.0
2.79895,0.76745,0.0
2.79895,0.79003,0.0
2.82152,-0.79003,0.0
2.82152,-0.76745,0.0
2.82152,-0.74488,0.0
2.82152,-0.72231,0.0
2.82152,-0.69974,0.0
2.82152,-0.67717,0.0
2.82152,-0.65459,0.0
2.82152,-0.63202,0.0
2.82152,-0.60945,0.0
2.82152,-0.58688,0.0
2.82152,-0.5643,0.0
2.82152,-0.54173,0.0
2.82152,-0.51916,0.0
2.82152,-0.49659,0.0
2.82152,-0.47402,0.0
2.82152,-0.45144,0.0
2.82152,-0.42887,0.0
2.82152,-0.4063,0.0
2.82152,-0.38373,0.0
2.82152,-0.36115,0.0
2.82152,-0.33858,0.0
2.82152,-0.31601,0.0
2.82152,-0.29344,0.0
2.82152,-0.27087,0.0
2.82152,-0.24829,0.0
2.82152,-0.22572,0.0
2.82152,-0.20315,0.0
2.82152,-0.18058,0.0
2.82152,-0.15801,0.0
2.82152,-0.13543,0.0
2.82152,-0.11286,0.0
2.82152,-0.09029,0.0
2.82152,-0.06772,0.0
2.82152,-0.04514,0.0
2.82152,-0.02257,0.0
2.82152,0,0.0
2.82152,0.02257,0.0
2.82152,0.04514,0.0
2.82152,0.06772,0.0
2.82152,0.09029,0.0
2.82152,0.11286,0.0
2.82152,0.13543,0.0
2.82152,0.15801,0.0
2.82152,0.18058,0.0
2.82152,0.20315,0.0
2.82152,0.22572,0.0
2.82152,0.24829,0.0
2.82152,0.27087,0.0
2.82152,0.29344,0.0
2.82152,0.31601,0.0
2.82152,0.33858,0.0
2.82152,0.36115,0.0
2.82152,0.38373,0.0
2.82152,0.4063,0.0
2.82152,0.42887,0.0
2.82152,0.45144,0.0
2.82152,0.47402,0.0
2.82152,0.49659,0.0
2.82152,0.51916,0.0
2.82152,0.54173,0.0
2.82152,0.5643,0.0
2.82152,0.58688,0.0
2.82152,0.60945,0.0
2.82152,0.63202,0.0
2.82152,0.65459,0.0
2.82152,0.67717,0.0
2.82152,0.69974,0.0
2.82152,0.72231,0.0
2.82152,0.74488,0.0
2.82152,0.76745,0.0
2.82152,0.79003,0.0
2.8441,-0.79003,0.0
2.8441,-0.76745,0.0
2.8441,-0.74488,0.0
2.8441,-0.72231,0.0
2.8441,-0.69974,0.0
2.8441,-0.67717,0.0
2.8441,-0.65459,0.0
2.8441,-0.63202,0.0
2.8441,-0.60945,0.0
2.8441,-0.58688,0.0
2.8441,-0.5643,0.0
2.8441,-0.54173,0.0
2.8441,-0.51916,0.0
2.8441,-0.49659,0.0
2.8441,-0.47402,0.0
2.8441,-0.45144,0.0
2.8441,-0.42887,0.0
2.8441,-0.4063,0.0
2.8441,-0.38373,0.0
2.8441,-0.36115,0.0
2.8441,-0.33858,0.0
2.8441,-0.31601,0.0
2.8441,-0.29344,0.0
2.8441,-0.27087,0.0
2.8441,-0.24829,0.0
2.8441,-0.22572,0.0
2.8441,-0.20315,0.0
2.8441,-0.18058,0.0
2.8441,-0.15801,0.0
2.8441,-0.13543,0.0
2.8441,-0.11286,0.0
2.8441,-0.09029,0.0
2.8441,-0.06772,0.0
2.8441,-0.04514,0.0
2.8441,-0.02257,0.0
2.8441,0,0.0
2.8441,0.02257,0.0
2.8441,0.04514,0.0
2.8441,0.06772,0.0
2.8441,0.09029,0.0
2.8441,0.11286,0.0
2.8441,0.13543,0.0
2.8441,0.15801,0.0
2.8441,0.18058,0.0
2.8441,0.20315,0.0
2.8441,0.22572,0.0
2.8441,0.24829,0.0
2.8441,0.27087,0.0
2.8441,0.29344,0.0
2.8441,0.31601,0.0
2.8441,0.33858,0.0
2.8441,0.36115,0.0
2.8441,0.38373,0.0
2.8441,0.4063,0.0
2.8441,0.42887,0.0
2.8441,0.45144,0.0
2.8441,0.47402,0.0
2.8441,0.49659,0.0
2.8441,0.51916,0.0
2.8441,0.54173,0.0
2.8441,0.5643,0.0
2.8441,0.58688,0.0
2.8441,0.60945,0.0
2.8441,0.63202,0.0
2.8441,0.65459,0.0
2.8441,0.67717,0.0
2.8441,0.69974,0.0
2.8441,0.72231,0.0
2.8441,0.74488,0.0
2.8441,0.76745,0.0
2.8441,0.79003,0.0
2.86667,-0.79003,0.0
2.86667,-0.76745,0.0
2.86667,-0.74488,0.0
2.86667,-0.72231,0.0
2.86667,-0.69974,0.0
2.86667,-0.67717,0.0
2.86667,-0.65459,0.0
2.86667,-0.63202,0.0
2.86667,-0.60945,0.0
2.86667,-0.58688,0.0
2.86667,-0.5643,0.0
2.86667,-0.54173,0.0
2.86667,-0.51916,0.0
2.86667,-0.49659,0.0
2.86667,-0.47402,0.0
2.86667,-0.45144,0.0
2.86667,-0.42887,0.0
2.86667,-0.4063,0.0
2.86667,-0.38373,0.0
2.86667,-0.36115,0.0
2.86667,-0.33858,0.0
2.86667,-0.31601,0.0
2.86667,-0.29344,0.0
2.86667,-0.27087,0.0
2.86667,-0.24829,0.0
2.86667,-0.22572,0.0
2.86667,-0.20315,0.0
2.86667,-0.18058,0.0
2.86667,-0.15801,0.0
2.86667,-0.13543,0.0
2.86667,-0.11286,0.0
2.86667,-0.09029,0.0
2.86667,-0.06772,0.0
2.86667,-0.04514,0.0
2.86667,-0.02257,0.0
2.86667,0,0.0
2.86667,0.02257,0.0
2.86667,0.04514,0.0
2.86667,0.06772,0.0
2.86667,0.09029,0.0
2.86667,0.11286,0.0
2.86667,0.13543,0.0
2.86667,0.15801,0.0
2.86667,0.18058,0.0
2.86667,0.20315,0.0
2.86667,0.22572,0.0
2.86667,0.24829,0.0
2.86667,0.27087,0.0
2.86667,0.29344,0.0
2.86667,0.31601,0.0
2.86667,0.33858,0.0
2.86667,0.36115,0.0
2.86667,0.38373,0.0
2.86667,0.4063,0.0
2.86667,0.42887,0.0
2.86667,0.45144,0.0
2.86667,0.47402,0.0
2.86667,0.49659,0.0
2.86667,0.51916,0.0
2.86667,0.54173,0.0
2.86667,0.5643,0.0
2.86667,0.58688,0.0
2.86667,0.60945,0.0
2.86667,0.63202,0.0
2.86667,0.65459,0.0
2.86667,0.67717,0.0
2.86667,0.69974,0.0
2.86667,0.72231,0.0
2.86667,0.74488,0.0
2.86667,0.76745,0.0
2.86667,0.79003,0.0
2.88924,-0.79003,0.0
2.88924,-0.76745,0.0
2.88924,-0.74488,0.0
2.88924,-0.72231,0.0
2.88924,-0.69974,0.0
2.88924,-0.67717,0.0
2.88924,-0.65459,0.0
2.88924,-0.63202,0.0
2.88924,-0.60945,0.0
2.88924,-0.58688,0.0
2.88924,-0.5643,0.0
2.88924,-0.54173,0.0
2.88924,-0.51916,0.0
2.88924,-0.49659,0.0
2.88924,-0.47402,0.0
2.88924,-0.45144,0.0
2.88924,-0.42887,0.0
2.88924,-0.4063,0.0
2.88924,-0.38373,0.0
2.88924,-0.36115,0.0
2.88924,-0.33858,0.0
2.88924,-0.31601,0.0
2.88924,-0.29344,0.0
2.88924,-0.27087,0.0
2.88924,-0.24829,0.0
2.88924,-0.22572,0.0
2.88924,-0.20315,0.0
2.88924,-0.18058,0.0
2.88924,-0.15801,0.0
2.88924,-0.13543,0.0
2.88924,-0.11286,0.0
2.88924,-0.09029,0.0
2.88924,-0.06772,0.0
2.88924,-0.04514,0.0
2.88924,-0.02257,0.0
2.88924,0,0.0
2.88924,0.02257,0.0
2.88924,0.04514,0.0
2.88924,0.06772,0.0
2.88924,0.09029,0.0
2.88924,0.11286,0.0
2.88924,0.13543,0.0
2.88924,0.15801,0.0
2.88924,0.18058,0.0
2.88924,0.20315,0.0
2.88924,0.22572,0.0
2.88924,0.24829,0.0
2.88924,0.27087,0.0
2.88924,0.29344,0.0
2.88924,0.31601,0.0
2.88924,0.33858,0.0
2.88924,0.36115,0.0
2.88924,0.38373,0.0
2.88924,0.4063,0.0
2.88924,0.42887,0.0
2.88924,0.45144,0.0
2.88924,0.47402,0.0
2.88924,0.49659,0.0
2.88924,0.51916,0.0
2.88924,0.54173,0.0
2.88924,0.5643,0.0
2.88924,0.58688,0.0
2.88924,0.60945,0.0
2.88924,0.63202,0.0
2.88924,0.65459,0.0
2.88924,0.67717,0.0
2.88924,0.69974,0.0
2.88924,0.72231,0.0
2.88924,0.74488,0.0
2.88924,0.76745,0.0
2.88924,0.79003,0.0
2.91181,-0.79003,0.0
2.91181,-0.76745,0.0
2.91181,-0.74488,0.0
2.91181,-0.72231,0.0
2.91181,-0.69974,0.0
2.91181,-0.67717,0.0
2.91181,-0.65459,0.0
2.91181,-0.63202,0.0
2.91181,-0.60945,0.0
2.91181,-0.58688,0.0
2.91181,-0.5643,0.0
2.91181,-0.54173,0.0
2.91181,-0.51916,0.0
2.91181,-0.49659,0.0
2.91181,-0.47402,0.0
2.91181,-0.45144,0.0
2.91181,-0.42887,0.0
2.91181,-0.4063,0.0
2.91181,-0.38373,0.0
2.91181,-0.36115,0.0
2.91181,-0.33858,0.0
2.91181,-0.31601,0.0
2.91181,-0.29344,0.0
2.91181,-0.27087,0.0
2.91181,-0.24829,0.0
2.91181,-0.22572,0.0
2.91181,-0.20315,0.0
2.91181,-0.18058,0.0
2.91181,-0.15801,0.0
2.91181,-0.13543,0.0
2.91181,-0.11286,0.0
2.91181,-0.09029,0.0
2.91181,-0.06772,0.0
2.91181,-0.04514,0.0
2.91181,-0.02257,0.0
2.91181,0,0.0
2.91181,0.02257,0.0
2.91181,0.04514,0.0
2.91181,0.06772,0.0
2.91181,0.09029,0.0
2.91181,0.11286,0.0
2.91181,0.13543,0.0
2.91181,0.15801,0.0
2.91181,0.18058,0.0
2.91181,0.20315,0.0
2.91181,0.22572,0.0
2.91181,0.24829,0.0
2.91181,0.27087,0.0
2.91181,0.29344,0.0
2.91181,0.31601,0.0
2.91181,0.33858,0.0
2.91181,0.36115,0.0
2.91181,0.38373,0.0
2.91181,0.4063,0.0
2.91181,0.42887,0.0
2.91181,0.45144,0.0
2.91181,0.47402,0.0
2.91181,0.49659,0.0
2.91181,0.51916,0.0
2.91181,0.54173,0.0
2.91181,0.5643,0.0
2.91181,0.58688,0.0
2.91181,0.60945,0.0
2.91181,0.63202,0.0
2.91181,0.65459,0.0
2.91181,0.67717,0.0
2.91181,0.69974,0.0
2.91181,0.72231,0.0
2.91181,0.74488,0.0
2.91181,0.76745,0.0
2.91181,0.79003,0.0
2.93438,-0.79003,0.0
2.93438,-0.76745,0.0
2.93438,-0.74488,0.0
2.93438,-0.72231,0.0
2.93438,-0.69974,0.0
2.93438,-0.67717,0.0
2.93438,-0.65459,0.0
2.93438,-0.63202,0.0
2.93438,-0.60945,0.0
2.93438,-0.58688,0.0
2.93438,-0.5643,0.0
2.93438,-0.54173,0.0
2.93438,-0.51916,0.0
2.93438,-0.49659,0.0
2.93438,-0.47402,0.0
2.93438,-0.45144,0.0
2.93438,-0.42887,0.0
2.93438,-0.4063,0.0
2.93438,-0.38373,0.0
2.93438,-0.36115,0.0
2.93438,-0.33858,0.0
2.93438,-0.31601,0.0
2.93438,-0.29344,0.0
2.93438,-0.27087,0.0
2.93438,-0.24829,0.0
2.93438,-0.22572,0.0
2.93438,-0.20315,0.0
2.93438,-0.18058,0.0
2.93438,-0.15801,0.0
2.93438,-0.13543,0.0
2.93438,-0.11286,0.0
2.93438,-0.09029,0.0
2.93438,-0.06772,0.0
2.93438,-0.04514,0.0
2.93438,-0.02257,0.0
2.93438,0,0.0
2.93438,0.02257,0.0
2.93438,0.04514,0.0
2.93438,0.06772,0.0
2.93438,0.09029,0.0
2.93438,0.11286,0.0
2.93438,0.13543,0.0
2.93438,0.15801,0.0
2.93438,0.18058,0.0
2.93438,0.20315,0.0
2.93438,0.22572,0.0
2.93438,0.24829,0.0
2.93438,0.27087,0.0
2.93438,0.29344,0.0
2.93438,0.31601,0.0
2.93438,0.33858,0.0
2.93438,0.36115,0.0
2.93438,0.38373,0.0
2.93438,0.4063,0.0
2.93438,0.42887,0.0
2.93438,0.45144,0.0
2.93438,0.47402,0.0
2.93438,0.49659,0.0
2.93438,0.51916,0.0
2.93438,0.54173,0.0
2.93438,0.5643,0.0
2.93438,0.58688,0.0
2.93438,0.60945,0.0
2.93438,0.63202,0.0
2.93438,0.65459,0.0
2.93438,0.67717,0.0
2.93438,0.69974,0.0
2.93438,0.72231,0.0
2.93438,0.74488,0.0
2.93438,0.76745,0.0
2.93438,0.79003,0.0
2.95696,-0.79003,0.0
2.95696,-0.76745,0.0
2.95696,-0.74488,0.0
2.95696,-0.72231,0.0
2.95696,-0.69974,0.0
2.95696,-0.67717,0.0
2.95696,-0.65459,0.0
2.95696,-0.63202,0.0
2.95696,-0.60945,0.0
2.95696,-0.58688,0.0
2.95696,-0.5643,0.0
2.95696,-0.54173,0.0
2.95696,-0.51916,0.0
2.95696,-0.49659,0.0
2.95696,-0.47402,0.0
2.95696,-0.45144,0.0
2.95696,-0.42887,0.0
2.95696,-0.4063,0.0
2.95696,-0.38373,0.0
2.95696,-0.36115,0.0
2.95696,-0.33858,0.0
2.95696,-0.31601,0.0
2.95696,-0.29344,0.0
2.95696,-0.27087,0.0
2.95696,-0.24829,0.0
2.95696,-0.22572,0.0
2.95696,-0.20315,0.0
2.95696,-0.18058,0.0
2.95696,-0.15801,0.0
2.95696,-0.13543,0.0
2.95696,-0.11286,0.0
2.95696,-0.09029,0.0
2.95696,-0.06772,0.0
2.95696,-0.04514,0.0
2.95696,-0.02257,0.0
2.95696,0,0.0
2.95696,0.02257,0.0
2.95696,0.04514,0.0
2.95696,0.06772,0.0
2.95696,0.09029,0.0
2.95696,0.11286,0.0
2.95696,0.13543,0.0
2.95696,0.15801,0.0
2.95696,0.18058,0.0
2.95696,0.20315,0.0
2.95696,0.22572,0.0
2.95696,0.24829,0.0
2.95696,0.27087,0.0
2.95696,0.29344,0.0
2.95696,0.31601,0.0
2.95696,0.33858,0.0
2.95696,0.36115,0.0
2.95696,0.38373,0.0
2.95696,0.4063,0.0
2.95696,0.42887,0.0
2.95696,0.45144,0.0
2.95696,0.47402,0.0
2.95696,0.49659,0.0
2.95696,0.51916,0.0
2.95696,0.54173,0.0
2.95696,0.5643,0.0
2.95696,0.58688,0.0
2.95696,0.60945,0.0
2.95696,0.63202,0.0
2.95696,0.65459,0.0
2.95696,0.67717,0.0
2.95696,0.69974,0.0
2.95696,0.72231,0.0
2.95696,0.74488,0.0
2.95696,0.76745,0.0
2.95696,0.79003,0.0
2.97953,-0.79003,0.0
2.97953,-0.76745,0.0
2.97953,-0.74488,0.0
2.97953,-0.72231,0.0
2.97953,-0.69974,0.0
2.97953,-0.67717,0.0
2.97953,-0.65459,0.0
2.97953,-0.63202,0.0
2.97953,-0.60945,0.0
2.97953,-0.58688,0.0
2.97953,-0.5643,0.0
2.97953,-0.54173,0.0
2.97953,-0.51916,0.0
2.97953,-0.49659,0.0
2.97953,-0.47402,0.0
2.97953,-0.45144,0.0
2.97953,-0.42887,0.0
2.97953,-0.4063,0.0
2.97953,-0.38373,0.0
2.97953,-0.36115,0.0
2.97953,-0.33858,0.0
2.97953,-0.31601,0.0
2.97953,-0.29344,0.0
2.97953,-0.27087,0.0
2.97953,-0.24829,0.0
2.97953,-0.22572,0.0
2.97953,-0.20315,0.0
2.97953,-0.18058,0.0
2.97953,-0.15801,0.0
2.97953,-0.13543,0.0
2.97953,-0.11286,0.0
2.97953,-0.09029,0.0
2.97953,-0.06772,0.0
2.97953,-0.04514,0.0
2.97953,-0.02257,0.0
2.97953,0,0.0
2.97953,0.02257,0.0
2.97953,0.04514,0.0
2.97953,0.06772,0.0
2.97953,0.09029,0.0
2.97953,0.11286,0.0
2.97953,0.13543,0.0
2.97953,0.15801,0.0
2.97953,0.18058,0.0
2.97953,0.20315,0.0
2.97953,0.22572,0.0
2.97953,0.24829,0.0
2.97953,0.27087,0.0
2.97953,0.29344,0.0
2.97953,0.31601,0.0
2.97953,0.33858,0.0
2.97953,0.36115,0.0
2.97953,0.38373,0.0
2.97953,0.4063,0.0
2.97953,0.42887,0.0
2.97953,0.45144,0.0
2.97953,0.47402,0.0
2.97953,0.49659,0.0
2.97953,0.51916,0.0
2.97953,0.54173,0.0
2.97953,0.5643,0.0
2.97953,0.58688,0.0
2.97953,0.60945,0.0
2.97953,0.63202,0.0
2.97953,0.65459,0.0
2.97953,0.67717,0.0
2.97953,0.69974,0.0
2.97953,0.72231,0.0
2.97953,0.74488,0.0
2.97953,0.76745,0.0
2.97953,0.79003,0.0
3.0021,-0.79003,0.0
3.0021,-0.76745,0.0
3.0021,-0.74488,0.0
3.0021,-0.72231,0.0
3.0021,-0.69974,0.0
3.0021,-0.67717,0.0
3.0021,-0.65459,0.0
3.0021,-0.63202,0.0
3.0021,-0.60945,0.0
3.0021,-0.58688,0.0
3.0021,-0.5643,0.0
3.0021,-0.54173,0.0
3.0021,-0.51916,0.0
3.0021,-0.49659,0.0
3.0021,-0.47402,0.0
3.0021,-0.45144,0.0
3.0021,-0.42887,0.0
3.0021,-0.4063,0.0
3.0021,-0.38373,0.0
3.0021,-0.36115,0.0
3.0021,-0.33858,0.0
3.0021,-0.31601,0.0
3.0021,-0.29344,0.0
3.0021,-0.27087,0.0
3.0021,-0.24829,0.0
3.0021,-0.22572,0.0
3.0021,-0.20315,0.0
3.0021,-0.18058,0.0
3.0021,-0.15801,0.0
3.0021,-0.13543,0.0
3.0021,-0.11286,0.0
3.0021,-0.09029,0.0
3.0021,-0.06772,0.0
3.0021,-0.04514,0.0
3.0021,-0.02257,0.0
3.0021,0,0.0
3.0021,0.02257,0.0
3.0021,0.04514,0.0
3.0021,0.06772,0.0
3.0021,0.09029,0.0
3.0021,0.11286,0.0
3.0021,0.13543,0.0
3.0021,0.15801,0.0
3.0021,0.18058,0.0
3.0021,0.20315,0.0
3.0021,0.22572,0.0
3.0021,0.24829,0.0
3.0021,0.27087,0.0
3.0021,0.29344,0.0
3.0021,0.31601,0.0
3.0021,0.33858,0.0
3.0021,0.36115,0.0
3.0021,0.38373,0.0
3.0021,0.4063,0.0
3.0021,0.42887,0.0
3.0021,0.45144,0.0
3.0021,0.47402,0.0
3.0021,0.49659,0.0
3.0021,0.51916,0.0
3.0021,0.54173,0.0
3.0021,0.5643,0.0
3.0021,0.58688,0.0
3.0021,0.60945,0.0
3.0021,0.63202,0.0
3.0021,0.65459,0.0
3.0021,0.67717,0.0
3.0021,0.69974,0.0
3.0021,0.72231,0.0
3.0021,0.74488,0.0
3.0021,0.76745,0.0
3.0021,0.79003,0.0
3.02467,-0.79003,0.0
3.02467,-0.76745,0.0
3.02467,-0.74488,0.0
3.02467,-0.72231,0.0
3.02467,-0.69974,0.0
3.02467,-0.67717,0.0
3.02467,-0.65459,0.0
3.02467,-0.63202,0.0
3.02467,-0.60945,0.0
3.02467,-0.58688,0.0
3.02467,-0.5643,0.0
3.02467,-0.54173,0.0
3.02467,-0.51916,0.0
3.02467,-0.49659,0.0
3.02467,-0.47402,0.0
3.02467,-0.45144,0.0
3.02467,-0.42887,0.0
3.02467,-0.4063,0.0
3.02467,-0.38373,0.0
3.02467,-0.36115,0.0
3.02467,-0.33858,0.0
3.02467,-0.31601,0.0
3.02467,-0.29344,0.0
3.02467,-0.27087,0.0
3.02467,-0.24829,0.0
3.02467,-0.22572,0.0
3.02467,-0.20315,0.0
3.02467,-0.18058,0.0
3.02467,-0.15801,0.0
3.02467,-0.13543,0.0
3.02467,-0.11286,0.0
3.02467,-0.09029,0.0
3.02467,-0.06772,0.0
3.02467,-0.04514,0.0
3.02467,-0.02257,0.0
3.02467,0,0.0
3.02467,0.02257,0.0
3.02467,0.04514,0.0
3.02467,0.06772,0.0
3.02467,0.09029,0.0
3.02467,0.11286,0.0
3.02467,0.13543,0.0
3.02467,0.15801,0.0
3.02467,0.18058,0.0
3.02467,0.20315,0.0
3.02467,0.22572,0.0
3.02467,0.24829,0.0
3.02467,0.27087,0.0
3.02467,0.29344,0.0
3.02467,0.31601,0.0
3.02467,0.33858,0.0
3.02467,0.36115,0.0
3.02467,0.38373,0.0
3.02467,0.4063,0.0
3.02467,0.42887,0.0
3.02467,0.45144,0.0
3.02467,0.47402,0.0
3.02467,0.49659,0.0
3.02467,0.51916,0.0
3.02467,0.54173,0.0
3.02467,0.5643,0.0
3.02467,0.58688,0.0
3.02467,0.60945,0.0
3.02467,0.63202,0.0
3.02467,0.65459,0.0
3.02467,0.67717,0.0
3.02467,0.69974,0.0
3.02467,0.72231,0.0
3.02467,0.74488,0.0
3.02467,0.76745,0.0
3.02467,0.79003,0.0
3.04724,-0.79003,0.0
3.04724,-0.76745,0.0
3.04724,-0.74488,0.0
3.04724,-0.72231,0.0
3.04724,-0.69974,0.0
3.04724,-0.67717,0.0
3.04724,-0.65459,0.0
3.04724,-0.63202,0.0
3.04724,-0.60945,0.0
3.04724,-0.58688,0.0
3.04724,-0.5643,0.0
3.04724,-0.54173,0.0
3.04724,-0.51916,0.0
3.04724,-0.49659,0.0
3.04724,-0.47402,0.0
3.04724,-0.45144,0.0
3.04724,-0.42887,0.0
3.04724,-0.4063,0.0
3.04724,-0.38373,0.0
3.04724,-0.36115,0.0
3.04724,-0.33858,0.0
3.04724,-0.31601,0.0
3.04724,-0.29344,0.0
3.04724,-0.27087,0.0
3.04724,-0.24829,0.0
3.04724,-0.22572,0.0
3.04724,-0.20315,0.0
3.04724,-0.18058,0.0
3.04724,-0.15801,0.0
3.04724,-0.13543,0.0
3.04724,-0.11286,0.0
3.04724,-0.09029,0.0
3.04724,-0.06772,0.0
3.04724,-0.04514,0.0
3.04724,-0.02257,0.0
3.04724,0,0.0
3.04724,0.02257,0.0
3.04724,0.04514,0.0
3.04724,0.06772,0.0
3.04724,0.09029,0.0
3.04724,0.11286,0.0
3.04724,0.13543,0.0
3.04724,0.15801,0.0
3.04724,0.18058,0.0
3.04724,0.20315,0.0
3.04724,0.22572,0.0
3.04724,0.24829,0.0
3.04724,0.27087,0.0
3.04724,0.29344,0.0
3.04724,0.31601,0.0
3.04724,0.33858,0.0
3.04724,0.36115,0.0
3.04724,0.38373,0.0
3.04724,0.4063,0.0
3.04724,0.42887,0.0
3.04724,0.45144,0.0
3.04724,0.47402,0.0
3.04724,0.49659,0.0
3.04724,0.51916,0.0
3.04724,0.54173,0.0
3.04724,0.5643,0.0
3.04724,0.58688,0.0
3.04724,0.60945,0.0
3.04724,0.63202,0.0
3.04724,0.65459,0.0
3.04724,0.67717,0.0
3.04724,0.69974,0.0
3.04724,0.72231,0.0
3.04724,0.74488,0.0
3.04724,0.76745,0.0
3.04724,0.79003,0.0
3.06982,-0.79003,0.0
3.06982,-0.76745,0.0
3.06982,-0.74488,0.0
3.06982,-0.72231,0.0
3.06982,-0.69974,0.0
3.06982,-0.67717,0.0
3.06982,-0.65459,0.0
3.06982,-0.63202,0.0
3.06982,-0.60945,0.0
3.06982,-0.58688,0.0
3.06982,-0.5643,0.0
3.06982,-0.54173,0.0
3.06982,-0.51916,0.0
3.06982,-0.49659,0.0
3.06982,-0.47402,0.0
3.06982,-0.45144,0.0
3.06982,-0.42887,0.0
3.06982,-0.4063,0.0
3.06982,-0.38373,0.0
3.06982,-0.36115,0.0
3.06982,-0.33858,0.0
3.06982,-0.31601,0.0
3.06982,-0.29344,0.0
3.06982,-0.27087,0.0
3.06982,-0.24829,0.0
3.06982,-0.22572,0.0
3.06982,-0.20315,0.0
3.06982,-0.18058,0.0
3.06982,-0.15801,0.0
3.06982,-0.13543,0.0
3.06982,-0.11286,0.0
3.06982,-0.09029,0.0
3.06982,-0.06772,0.0
3.06982,-0.04514,0.0
3.06982,-0.02257,0.0
3.06982,0,0.0
3.06982,0.02257,0.0
3.06982,0.04514,0.0
3.06982,0.06772,0.0
3.06982,0.09029,0.0
3.06982,0.11286,0.0
3.06982,0.13543,0.0
3.06982,0.15801,0.0
3.06982,0.18058,0.0
3.06982,0.20315,0.0
3.06982,0.22572,0.0
3.06982,0.24829,0.0
3.06982,0.27087,0.0
3.06982,0.29344,0.0
3.06982,0.31601,0.0
3.06982,0.33858,0.0
3.06982,0.36115,0.0
3.06982,0.38373,0.0
3.06982,0.4063,0.0
3.06982,0.42887,0.0
3.06982,0.45144,0.0
3.06982,0.47402,0.0
3.06982,0.49659,0.0
3.06982,0.51916,0.0
3.06982,0.54173,0.0
3.06982,0.5643,0.0
3.06982,0.58688,0.0
3.06982,0.60945,0.0
3.06982,0.63202,0.0
3.06982,0.65459,0.0
3.06982,0.67717,0.0
3.06982,0.69974,0.0
3.06982,0.72231,0.0
3.06982,0.74488,0.0
3.06982,0.76745,0.0
3.06982,0.79003,0.0
3.09239,-0.79003,0.0
3.09239,-0.76745,0.0
3.09239,-0.74488,0.0
3.09239,-0.72231,0.0
3.09239,-0.69974,0.0
3.09239,-0.67717,0.0
3.09239,-0.65459,0.0
3.09239,-0.63202,0.0
3.09239,-0.60945,0.0
3.09239,-0.58688,0.0
3.09239,-0.5643,0.0
3.09239,-0.54173,0.0
3.09239,-0.51916,0.0
3.09239,-0.49659,0.0
3.09239,-0.47402,0.0
3.09239,-0.45144,0.0
3.09239,-0.42887,0.0
3.09239,-0.4063,0.0
3.09239,-0.38373,0.0
3.09239,-0.36115,0.0
3.09239,-0.33858,0.0
3.09239,-0.31601,0.0
3.09239,-0.29344,0.0
3.09239,-0.27087,0.0
3.09239,-0.24829,0.0
3.09239,-0.22572,0.0
3.09239,-0.20315,0.0
3.09239,-0.18058,0.0
3.09239,-0.15801,0.0
3.09239,-0.13543,0.0
3.09239,-0.11286,0.0
3.09239,-0.09029,0.0
3.09239,-0.06772,0.0
3.09239,-0.04514,0.0
3.09239,-0.02257,0.0
3.09239,0,0.0
3.09239,0.02257,0.0
3.09239,0.04514,0.0
3.09239,0.06772,0.0
3.09239,0.09029,0.0
3.09239,0.11286,0.0
3.09239,0.13543,0.0
3.09239,0.15801,0.0
3.09239,0.18058,0.0
3.09239,0.20315,0.0
3.09239,0.22572,0.0
3.09239,0.24829,0.0
3.09239,0.27087,0.0
3.09239,0.29344,0.0
3.09239,0.31601,0.0
3.09239,0.33858,0.0
3.09239,0.36115,0.0
3.09239,0.38373,0.0
3.09239,0.4063,0.0
3.09239,0.42887,0.0
3.09239,0.45144,0.0
3.09239,0.47402,0.0
3.09239,0.49659,0.0
3.09239,0.51916,0.0
3.09239,0.54173,0.0
3.09239,0.5643,0.0
3.09239,0.58688,0.0
3.09239,0.60945,0.0
3.09239,0.63202,0.0
3.09239,0.65459,0.0
3.09239,0.67717,0.0
3.09239,0.69974,0.0
3.09239,0.72231,0.0
3.09239,0.74488,0.0
3.09239,0.76745,0.0
3.09239,0.79003,0.0
3.11496,-0.79003,0.0
3.11496,-0.76745,0.0
3.11496,-0.74488,0.0
3.11496,-0.72231,0.0
3.11496,-0.69974,0.0
3.11496,-0.67717,0.0
3.11496,-0.65459,0.0
3.11496,-0.63202,0.0
3.11496,-0.60945,0.0
3.11496,-0.58688,0.0
3.11496,-0.5643,0.0
3.11496,-0.54173,0.0
3.11496,-0.51916,0.0
3.11496,-0.49659,0.0
3.11496,-0.47402,0.0
3.11496,-0.45144,0.0
3.11496,-0.42887,0.0
3.11496,-0.4063,0.0
3.11496,-0.38373,0.0
3.11496,-0.36115,0.0
3.11496,-0.33858,0.0
3.11496,-0.31601,0.0
3.11496,-0.29344,0.0
3.11496,-0.27087,0.0
3.11496,-0.24829,0.0
3.11496,-0.22572,0.0
3.11496,-0.20315,0.0
3.11496,-0.18058,0.0
3.11496,-0.15801,0.0
3.11496,-0.13543,0.0
3.11496,-0.11286,0.0
3.11496,-0.09029,0.0
3.11496,-0.06772,0.0
3.11496,-0.04514,0.0
3.11496,-0.02257,0.0
3.11496,0,0.0
3.11496,0.02257,0.0
3.11496,0.04514,0.0
3.11496,0.06772,0.0
3.11496,0.09029,0.0
3.11496,0.11286,0.0
3.11496,0.13543,0.0
3.11496,0.15801,0.0
3.11496,0.18058,0.0
3.11496,0.20315,0.0
3.11496,0.22572,0.0
3.11496,0.24829,0.0
3.11496,0.27087,0.0
3.11496,0.29344,0.0
3.11496,0.31601,0.0
3.11496,0.33858,0.0
3.11496,0.36115,0.0
3.11496,0.38373,0.0
3.11496,0.4063,0.0
3.11496,0.42887,0.0
3.11496,0.45144,0.0
3.11496,0.47402,0.0
3.11496,0.49659,0.0
3.11496,0.51916,0.0
3.11496,0.54173,0.0
3.11496,0.5643,0.0
3.11496,0.58688,0.0
3.11496,0.60945,0.0
3.11496,0.63202,0.0
3.11496,0.65459,0.0
3.11496,0.67717,0.0
3.11496,0.69974,0.0
3.11496,0.72231,0.0
3.11496,0.74488,0.0
3.11496,0.76745,0.0
3.11496,0.79003,0.0
3.13753,-0.79003,0.0
3.13753,-0.76745,0.0
3.13753,-0.74488,0.0
3.13753,-0.72231,0.0
3.13753,-0.69974,0.0
3.13753,-0.67717,0.0
3.13753,-0.65459,0.0
3.13753,-0.63202,0.0
3.13753,-0.60945,0.0
3.13753,-0.58688,0.0
3.13753,-0.5643,0.0
3.13753,-0.54173,0.0
3.13753,-0.51916,0.0
3.13753,-0.49659,0.0
3.13753,-0.47402,0.0
3.13753,-0.45144,0.0
3.13753,-0.42887,0.0
3.13753,-0.4063,0.0
3.13753,-0.38373,0.0
3.13753,-0.36115,0.0
3.13753,-0.33858,0.0
3.13753,-0.31601,0.0
3.13753,-0.29344,0.0
3.13753,-0.27087,0.0
3.13753,-0.24829,0.0
3.13753,-0.22572,0.0
3.13753,-0.20315,0.0
3.13753,-0.18058,0.0
3.13753,-0.15801,0.0
3.13753,-0.13543,0.0
3.13753,-0.11286,0.0
3.13753,-0.09029,0.0
3.13753,-0.06772,0.0
3.13753,-0.04514,0.0
3.13753,-0.02257,0.0
3.13753,0,0.0
3.13753,0.02257,0.0
3.13753,0.04514,0.0
3.13753,0.06772,0.0
3.13753,0.09029,0.0
3.13753,0.11286,0.0
3.13753,0.13543,0.0
3.13753,0.15801,0.0
3.13753,0.18058,0.0
3.13753,0.20315,0.0
3.13753,0.22572,0.0
3.13753,0.24829,0.0
3.13753,0.27087,0.0
3.13753,0.29344,0.0
3.13753,0.31601,0.0
3.13753,0.33858,0.0
3.13753,0.36115,0.0
3.13753,0.38373,0.0
3.13753,0.4063,0.0
3.13753,0.42887,0.0
3.13753,0.45144,0.0
3.13753,0.47402,0.0
3.13753,0.49659,0.0
3.13753,0.51916,0.0
3.13753,0.54173,0.0
3.13753,0.5643,0.0
3.13753,0.58688,0.0
3.13753,0.60945,0.0
3.13753,0.63202,0.0
3.13753,0.65459,0.0
3.13753,0.67717,0.0
3.13753,0.69974,0.0
3.13753,0.72231,0.0
3.13753,0.74488,0.0
3.13753,0.76745,0.0
3.13753,0.79003,0.0
3.16011,-0.79003,0.0
3.16011,-0.76745,0.0
3.16011,-0.74488,0.0
3.16011,-0.72231,0.0
3.16011,-0.69974,0.0
3.16011,-0.67717,0.0
3.16011,-0.65459,0.0
3.16011,-0.63202,0.0
3.16011,-0.60945,0.0
3.16011,-0.58688,0.0
3.16011,-0.5643,0.0
3.16011,-0.54173,0.0
3.16011,-0.51916,0.0
3.16011,-0.49659,0.0
3.16011,-0.47402,0.0
3.16011,-0.45144,0.0
3.16011,-0.42887,0.0
3.16011,-0.4063,0.0
3.16011,-0.38373,0.0
3.16011,-0.36115,0.0
3.16011,-0.33858,0.0
3.16011,-0.31601,0.0
3.16011,-0.29344,0.0
3.16011,-0.27087,0.0
3.16011,-0.24829,0.0
3.16011,-0.22572,0.0
3.16011,-0.20315,0.0
3.16011,-0.18058,0.0
3.16011,-0.15801,0.0
3.16011,-0.13543,0.0
3.16011,-0.11286,0.0
3.16011,-0.09029,0.0
3.16011,-0.06772,0.0
3.16011,-0.04514,0.0
3.16011,-0.02257,0.0
3.16011,0,0.0
3.16011,0.02257,0.0
3.16011,0.04514,0.0
3.16011,0.06772,0.0
3.16011,0.09029,0.0
3.16011,0.11286,0.0
3.16011,0.13543,0.0
3.16011,0.15801,0.0
3.16011,0.18058,0.0
3.16011,0.20315,0.0
3.16011,0.22572,0.0
3.16011,0.24829,0.0
3.16011,0.27087,0.0
3.16011,0.29344,0.0
3.16011,0.31601,0.0
3.16011,0.33858,0.0
3.16011,0.36115,0.0
3.16011,0.38373,0.0
3.16011,0.4063,0.0
3.16011,0.42887,0.0
3.16011,0.45144,0.0
3.16011,0.47402,0.0
3.16011,0.49659,0.0
3.16011,0.51916,0.0
3.16011,0.54173,0.0
3.16011,0.5643,0.0
3.16011,0.58688,0.0
3.16011,0.60945,0.0
3.16011,0.63202,0.0
3.16011,0.65459,0.0
3.16011,0.67717,0.0
3.16011,0.69974,0.0
3.16011,0.72231,0.0
3.16011,0.74488,0.0
3.16011,0.76745,0.0
3.16011,0.79003,0.0
3.18268,-0.79003,0.0
3.18268,-0.76745,0.0
3.18268,-0.74488,0.0
3.18268,-0.72231,0.0
3.18268,-0.69974,0.0
3.18268,-0.67717,0.0
3.18268,-0.65459,0.0
3.18268,-0.63202,0.0
3.18268,-0.60945,0.0
3.18268,-0.58688,0.0
3.18268,-0.5643,0.0
3.18268,-0.54173,0.0
3.18268,-0.51916,0.0
3.18268,-0.49659,0.0
3.18268,-0.47402,0.0
3.18268,-0.45144,0.0
3.18268,-0.42887,0.0
3.18268,-0.4063,0.0
3.18268,-0.38373,0.0
3.18268,-0.36115,0.0
3.18268,-0.33858,0.0
3.18268,-0.31601,0.0
3.18268,-0.29344,0.0
3.18268,-0.27087,0.0
3.18268,-0.24829,0.0
3.18268,-0.22572,0.0
3.18268,-0.20315,0.0
3.18268,-0.18058,0.0
3.18268,-0.15801,0.0
3.18268,-0.13543,0.0
3.18268,-0.11286,0.0
3.18268,-0.09029,0.0
3.18268,-0.06772,0.0
3.18268,-0.04514,0.0
3.18268,-0.02257,0.0
3.18268,0,0.0
3.18268,0.02257,0.0
3.18268,0.04514,0.0
3.18268,0.06772,0.0
3.18268,0.09029,0.0
3.18268,0.11286,0.0
3.18268,0.13543,0.0
3.18268,0.15801,0.0
3.18268,0.18058,0.0
3.18268,0.20315,0.0
3.18268,0.22572,0.0
3.18268,0.24829,0.0
3.18268,0.27087,0.0
3.18268,0.29344,0.0
3.18268,0.31601,0.0
3.18268,0.33858,0.0
3.18268,0.36115,0.0
3.18268,0.38373,0.0
3.18268,0.4063,0.0
3.18268,0.42887,0.0
3.18268,0.45144,0.0
3.18268,0.47402,0.0
3.18268,0.49659,0.0
3.18268,0.51916,0.0
3.18268,0.54173,0.0
3.18268,0.5643,0.0
3.18268,0.58688,0.0
3.18268,0.60945,0.0
3.18268,0.63202,0.0
3.18268,0.65459,0.0
3.18268,0.67717,0.0
3.18268,0.69974,0.0
3.18268,0.72231,0.0
3.18268,0.74488,0.0
3.18268,0.76745,0.0
3.18268,0.79003,0.0
3.20525,-0.79003,0.0
3.20525,-0.76745,0.0
3.20525,-0.74488,0.0
3.20525,-0.72231,0.0
3.20525,-0.69974,0.0
3.20525,-0.67717,0.0
3.20525,-0.65459,0.0
3.20525,-0.63202,0.0
3.20525,-0.60945,0.0
3.20525,-0.58688,0.0
3.20525,-0.5643,0.0
3.20525,-0.54173,0.0
3.20525,-0.51916,0.0
3.20525,-0.49659,0.0
3.20525,-0.47402,0.0
3.20525,-0.45144,0.0
3.20525,-0.42887,0.0
3.20525,-0.4063,0.0
3.20525,-0.38373,0.0
3.20525,-0.36115,0.0
3.20525,-0.33858,0.0
3.20525,-0.31601,0.0
3.20525,-0.29344,0.0
3.20525,-0.27087,0.0
3.20525,-0.24829,0.0
3.20525,-0.22572,0.0
3.20525,-0.20315,0.0
3.20525,-0.18058,0.0
3.20525,-0.15801,0.0
3.20525,-0.13543,0.0
3.20525,-0.11286,0.0
3.20525,-0.09029,0.0
3.20525,-0.06772,0.0
3.20525,-0.04514,0.0
3.20525,-0.02257,0.0
3.20525,0,0.0
3.20525,0.02257,0.0
3.20525,0.04514,0.0
3.20525,0.06772,0.0
3.20525,0.09029,0.0
3.20525,0.11286,0.0
3.20525,0.13543,0.0
3.20525,0.15801,0.0
3.20525,0.18058,0.0
3.20525,0.20315,0.0
3.20525,0.22572,0.0
3.20525,0.24829,0.0
3.20525,0.27087,0.0
3.20525,0.29344,0.0
3.20525,0.31601,0.0
3.20525,0.33858,0.0
3.20525,0.36115,0.0
3.20525,0.38373,0.0
3.20525,0.4063,0.0
3.20525,0.42887,0.0
3.20525,0.45144,0.0
3.20525,0.47402,0.0
3.20525,0.49659,0.0
3.20525,0.51916,0.0
3.20525,0.54173,0.0
3.20525,0.5643,0.0
3.20525,0.58688,0.0
3.20525,0.60945,0.0
3.20525,0.63202,0.0
3.20525,0.65459,0.0
3.20525,0.67717,0.0
3.20525,0.69974,0.0
3.20525,0.72231,0.0
3.20525,0.74488,0.0
3.20525,0.76745,0.0
3.20525,0.79003,0.0
3.22782,-0.79003,0.0
3.22782,-0.76745,0.0
3.22782,-0.74488,0.0
3.22782,-0.72231,0.0
3.22782,-0.69974,0.0
3.22782,-0.67717,0.0
3.22782,-0.65459,0.0
3.22782,-0.63202,0.0
3.22782,-0.60945,0.0
3.22782,-0.58688,0.0
3.22782,-0.5643,0.0
3.22782,-0.54173,0.0
3.22782,-0.51916,0.0
3.22782,-0.49659,0.0
3.22782,-0.47402,0.0
3.22782,-0.45144,0.0
3.22782,-0.42887,0.0
3.22782,-0.4063,0.0
3.22782,-0.38373,0.0
3.22782,-0.36115,0.0
3.22782,-0.33858,0.0
3.22782,-0.31601,0.0
3.22782,-0.29344,0.0
3.22782,-0.27087,0.0
3.22782,-0.24829,0.0
3.22782,-0.22572,0.0
3.22782,-0.20315,0.0
3.22782,-0.18058,0.0
3.22782,-0.15801,0.0
3.22782,-0.13543,0.0
3.22782,-0.11286,0.0
3.22782,-0.09029,0.0
3.22782,-0.06772,0.0
3.22782,-0.04514,0.0
3.22782,-0.02257,0.0
3.22782,0,0.0
3.22782,0.02257,0.0
3.22782,0.04514,0.0
3.22782,0.06772,0.0
3.22782,0.09029,0.0
3.22782,0.11286,0.0
3.22782,0.13543,0.0
3.22782,0.15801,0.0
3.22782,0.18058,0.0
3.22782,0.20315,0.0
3.22782,0.22572,0.0
3.22782,0.24829,0.0
3.22782,0.27087,0.0
3.22782,0.29344,0.0
3.22782,0.31601,0.0
3.22782,0.33858,0.0
3.22782,0.36115,0.0
3.22782,0.38373,0.0
3.22782,0.4063,0.0
3.22782,0.42887,0.0
3.22782,0.45144,0.0
3.22782,0.47402,0.0
3.22782,0.49659,0.0
3.22782,0.51916,0.0
3.22782,0.54173,0.0
3.22782,0.5643,0.0
3.22782,0.58688,0.0
3.22782,0.60945,0.0
3.22782,0.63202,0.0
3.22782,0.65459,0.0
3.22782,0.67717,0.0
3.22782,0.69974,0.0
3.22782,0.72231,0.0
3.22782,0.74488,0.0
3.22782,0.76745,0.0
3.22782,0.79003,0.0
3.25039,-0.79003,0.0
3.25039,-0.76745,0.0
3.25039,-0.74488,0.0
3.25039,-0.72231,0.0
3.25039,-0.69974,0.0
3.25039,-0.67717,0.0
3.25039,-0.65459,0.0
3.25039,-0.63202,0.0
3.25039,-0.60945,0.0
3.25039,-0.58688,0.0
3.25039,-0.5643,0.0
3.25039,-0.54173,0.0
3.25039,-0.51916,0.0
3.25039,-0.49659,0.0
3.25039,-0.47402,0.0
3.25039,-0.45144,0.0
3.25039,-0.42887,0.0
3.25039,-0.4063,0.0
3.25039,-0.38373,0.0
3.25039,-0.36115,0.0
3.25039,-0.33858,0.0
3.25039,-0.31601,0.0
3.25039,-0.29344,0.0
3.25039,-0.27087,0.0
3.25039,-0.24829,0.0
3.25039,-0.22572,0.0
3.25039,-0.20315,0.0
3.25039,-0.18058,0.0
3.25039,-0.15801,0.0
3.25039,-0.13543,0.0
3.25039,-0.11286,0.0
3.25039,-0.09029,0.0
3.25039,-0.06772,0.0
3.25039,-0.04514,0.0
3.25039,-0.02257,0.0
3.25039,0,0.0
3.25039,0.02257,0.0
3.25039,0.04514,0.0
3.25039,0.06772,0.0
3.25039,0.09029,0.0
3.25039,0.11286,0.0
3.25039,0.13543,0.0
3.25039,0.15801,0.0
3.25039,0.18058,0.0
3.25039,0.20315,0.0
3.25039,0.22572,0.0
3.25039,0.24829,0.0
3.25039,0.27087,0.0
3.25039,0.29344,0.0
3.25039,0.31601,0.0
3.25039,0.33858,0.0
3.25039,0.36115,0.0
3.25039,0.38373,0.0
3.25039,0.4063,0.0
3.25039,0.42887,0.0
3.25039,0.45144,0.0
3.25039,0.47402,0.0
3.25039,0.49659,0.0
3.25039,0.51916,0.0
3.25039,0.54173,0.0
3.25039,0.5643,0.0
3.25039,0.58688,0.0
3.25039,0.60945,0.0
3.25039,0.63202,0.0
3.25039,0.65459,0.0
3.25039,0.67717,0.0
3.25039,0.69974,0.0
3.25039,0.72231,0.0
3.25039,0.74488,0.0
3.25039,0.76745,0.0
3.25039,0.79003,0.0
3.27297,-0.79003,0.0
3.27297,-0.76745,0.0
3.27297,-0.74488,0.0
3.27297,-0.72231,0.0
3.27297,-0.69974,0.0
3.27297,-0.67717,0.0
3.27297,-0.65459,0.0
3.27297,-0.63202,0.0
3.27297,-0.60945,0.0
3.27297,-0.58688,0.0
3.27297,-0.5643,0.0
3.27297,-0.54173,0.0
3.27297,-0.51916,0.0
3.27297,-0.49659,0.0
3.27297,-0.47402,0.0
3.27297,-0.45144,0.0
3.27297,-0.42887,0.0
3.27297,-0.4063,0.0
3.27297,-0.38373,0.0
3.27297,-0.36115,0.0
3.27297,-0.33858,0.0
3.27297,-0.31601,0.0
3.27297,-0.29344,0.0
3.27297,-0.27087,0.0
3.27297,-0.24829,0.0
3.27297,-0.22572,0.0
3.27297,-0.20315,0.0
3.27297,-0.18058,0.0
3.27297,-0.15801,0.0
3.27297,-0.13543,0.0
3.27297,-0.11286,0.0
3.27297,-0.09029,0.0
3.27297,-0.06772,0.0
3.27297,-0.04514,0.0
3.27297,-0.02257,0.0
3.27297,0,0.0
3.27297,0.02257,0.0
3.27297,0.04514,0.0
3.27297,0.06772,0.0
3.27297,0.09029,0.0
3.27297,0.11286,0.0
3.27297,0.13543,0.0
3.27297,0.15801,0.0
3.27297,0.18058,0.0
3.27297,0.20315,0.0
3.27297,0.22572,0.0
3.27297,0.24829,0.0
3.27297,0.27087,0.0
3.27297,0.29344,0.0
3.27297,0.31601,0.0
3.27297,0.33858,0.0
3.27297,0.36115,0.0
3.27297,0.38373,0.0
3.27297,0.4063,0.0
3.27297,0.42887,0.0
3.27297,0.45144,0.0
3.27297,0.47402,0.0
3.27297,0.49659,0.0
3.27297,0.51916,0.0
3.27297,0.54173,0.0
3.27297,0.5643,0.0
3.27297,0.58688,0.0
3.27297,0.60945,0.0
3.27297,0.63202,0.0
3.27297,0.65459,0.0
3.27297,0.67717,0.0
3.27297,0.69974,0.0
3.27297,0.72231,0.0
3.27297,0.74488,0.0
3.27297,0.76745,0.0
3.27297,0.79003,0.0
3.29554,-0.79003,0.0
3.29554,-0.76745,0.0
3.29554,-0.74488,0.0
3.29554,-0.72231,0.0
3.29554,-0.69974,0.0
3.29554,-0.67717,0.0
3.29554,-0.65459,0.0
3.29554,-0.63202,0.0
3.29554,-0.60945,0.0
3.29554,-0.58688,0.0
3.29554,-0.5643,0.0
3.29554,-0.54173,0.0
3.29554,-0.51916,0.0
3.29554,-0.49659,0.0
3.29554,-0.47402,0.0
3.29554,-0.45144,0.0
3.29554,-0.42887,0.0
3.29554,-0.4063,0.0
3.29554,-0.38373,0.0
3.29554,-0.36115,0.0
3.29554,-0.33858,0.0
3.29554,-0.31601,0.0
3.29554,-0.29344,0.0
3.29554,-0.27087,0.0
3.29554,-0.24829,0.0
3.29554,-0.22572,0.0
3.29554,-0.20315,0.0
3.29554,-0.18058,0.0
3.29554,-0.15801,0.0
3.29554,-0.13543,0.0
3.29554,-0.11286,0.0
3.29554,-0.09029,0.0
3.29554,-0.06772,0.0
3.29554,-0.04514,0.0
3.29554,-0.02257,0.0
3.29554,0,0.0
3.29554,0.02257,0.0
3.29554,0.04514,0.0
3.29554,0.06772,0.0
3.29554,0.09029,0.0
3.29554,0.11286,0.0
3.29554,0.13543,0.0
3.29554,0.15801,0.0
3.29554,0.18058,0.0
3.29554,0.20315,0.0
3.29554,0.22572,0.0
3.29554,0.24829,0.0
3.29554,0.27087,0.0
3.29554,0.29344,0.0
3.29554,0.31601,0.0
3.29554,0.33858,0.0
3.29554,0.36115,0.0
3.29554,0.38373,0.0
3.29554,0.4063,0.0
3.29554,0.42887,0.0
3.29554,0.45144,0.0
3.29554,0.47402,0.0
3.29554,0.49659,0.0
3.29554,0.51916,0.0
3.29554,0.54173,0.0
3.29554,0.5643,0.0
3.29554,0.58688,0.0
3.29554,0.60945,0.0
3.29554,0.63202,0.0
3.29554,0.65459,0.0
3.29554,0.67717,0.0
3.29554,0.69974,0.0
3.29554,0.72231,0.0
3.29554,0.74488,0.0
3.29554,0.76745,0.0
3.29554,0.79003,0.0
3.31811,-0.79003,0.0
3.31811,-0.76745,0.0
3.31811,-0.74488,0.0
3.31811,-0.72231,0.0
3.31811,-0.69974,0.0
3.31811,-0.67717,0.0
3.31811,-0.65459,0.0
3.31811,-0.63202,0.0
3.31811,-0.60945,0.0
3.31811,-0.58688,0.0
3.31811,-0.5643,0.0
3.31811,-0.54173,0.0
3.31811,-0.51916,0.0
3.31811,-0.49659,0.0
3.31811,-0.47402,0.0
3.31811,-0.45144,0.0
3.31811,-0.42887,0.0
3.31811,-0.4063,0.0
3.31811,-0.38373,0.0
3.31811,-0.36115,0.0
3.31811,-0.33858,0.0
3.31811,-0.31601,0.0
3.31811,-0.29344,0.0
3.31811,-0.27087,0.0
3.31811,-0.24829,0.0
3.31811,-0.22572,0.0
3.31811,-0.20315,0.0
3.31811,-0.18058,0.0
3.31811,-0.15801,0.0
3.31811,-0.13543,0.0
3.31811,-0.11286,0.0
3.31811,-0.09029,0.0
3.31811,-0.06772,0.0
3.31811,-0.04514,0.0
3.31811,-0.02257,0.0
3.31811,0,0.0
3.31811,0.02257,0.0
3.31811,0.04514,0.0
3.31811,0.06772,0.0
3.31811,0.09029,0.0
3.31811,0.11286,0.0
3.31811,0.13543,0.0
3.31811,0.15801,0.0
3.31811,0.18058,0.0
3.31811,0.20315,0.0
3.31811,0.22572,0.0
3.31811,0.24829,0.0
3.31811,0.27087,0.0
3.31811,0.29344,0.0
3.31811,0.31601,0.0
3.31811,0.33858,0.0
3.31811,0.36115,0.0
3.31811,0.38373,0.0
3.31811,0.4063,0.0
3.31811,0.42887,0.0
3.31811,0.45144,0.0
3.31811,0.47402,0.0
3.31811,0.49659,0.0
3.31811,0.51916,0.0
3.31811,0.54173,0.0
3.31811,0.5643,0.0
3.31811,0.58688,0.0
3.31811,0.60945,0.0
3.31811,0.63202,0.0
3.31811,0.65459,0.0
3.31811,0.67717,0.0
3.31811,0.69974,0.0
3.31811,0.72231,0.0
3.31811,0.74488,0.0
3.31811,0.76745,0.0
3.31811,0.79003,0.0
3.34068,-0.79003,0.0
3.34068,-0.76745,0.0
3.34068,-0.74488,0.0
3.34068,-0.72231,0.0
3.34068,-0.69974,0.0
3.34068,-0.67717,0.0
3.34068,-0.65459,0.0
3.34068,-0.63202,0.0
3.34068,-0.60945,0.0
3.34068,-0.58688,0.0
3.34068,-0.5643,0.0
3.34068,-0.54173,0.0
3.34068,-0.51916,0.0
3.34068,-0.49659,0.0
3.34068,-0.47402,0.0
3.34068,-0.45144,0.0
3.34068,-0.42887,0.0
3.34068,-0.4063,0.0
3.34068,-0.38373,0.0
3.34068,-0.36115,0.0
3.34068,-0.33858,0.0
3.34068,-0.31601,0.0
3.34068,-0.29344,0.0
3.34068,-0.27087,0.0
3.34068,-0.24829,0.0
3.34068,-0.22572,0.0
3.34068,-0.20315,0.0
3.34068,-0.18058,0.0
3.34068,-0.15801,0.0
3.34068,-0.13543,0.0
3.34068,-0.11286,0.0
3.34068,-0.09029,0.0
3.34068,-0.06772,0.0
3.34068,-0.04514,0.0
3.34068,-0.02257,0.0
3.34068,0,0.0
3.34068,0.02257,0.0
3.34068,0.04514,0.0
3.34068,0.06772,0.0
3.34068,0.09029,0.0
3.34068,0.11286,0.0
3.34068,0.13543,0.0
3.34068,0.15801,0.0
3.34068,0.18058,0.0
3.34068,0.20315,0.0
3.34068,0.22572,0.0
3.34068,0.24829,0.0
3.34068,0.27087,0.0
3.34068,0.29344,0.0
3.34068,0.31601,0.0
3.34068,0.33858,0.0
3.34068,0.36115,0.0
3.34068,0.38373,0.0
3.34068,0.4063,0.0
3.34068,0.42887,0.0
3.34068,0.45144,0.0
3.34068,0.47402,0.0
3.34068,0.49659,0.0
3.34068,0.51916,0.0
3.34068,0.54173,0.0
3.34068,0.5643,0.0
3.34068,0.58688,0.0
3.34068,0.60945,0.0
3.34068,0.63202,0.0
3.34068,0.65459,0.0
3.34068,0.67717,0.0
3.34068,0.69974,0.0
3.34068,0.72231,0.0
3.34068,0.74488,0.0
3.34068,0.76745,0.0
3.34068,0.79003,0.0
3.36326,-0.79003,0.0
3.36326,-0.76745,0.0
3.36326,-0.74488,0.0
3.36326,-0.72231,0.0
3.36326,-0.69974,0.0
3.36326,-0.67717,0.0
3.36326,-0.65459,0.0
3.36326,-0.63202,0.0
3.36326,-0.60945,0.0
3.36326,-0.58688,0.0
3.36326,-0.5643,0.0
3.36326,-0.54173,0.0
3.36326,-0.51916,0.0
3.36326,-0.49659,0.0
3.36326,-0.47402,0.0
3.36326,-0.45144,0.0
3.36326,-0.42887,0.0
3.36326,-0.4063,0.0
3.36326,-0.38373,0.0
3.36326,-0.36115,0.0
3.36326,-0.33858,0.0
3.36326,-0.31601,0.0
3.36326,-0.29344,0.0
3.36326,-0.27087,0.0
3.36326,-0.24829,0.0
3.36326,-0.22572,0.0
3.36326,-0.20315,0.0
3.36326,-0.18058,0.0
3.36326,-0.15801,0.0
3.36326,-0.13543,0.0
3.36326,-0.11286,0.0
3.36326,-0.09029,0.0
3.36326,-0.06772,0.0
3.36326,-0.04514,0.0
3.36326,-0.02257,0.0
3.36326,0,0.0
3.36326,0.02257,0.0
3.36326,0.04514,0.0
3.36326,0.06772,0.0
3.36326,0.09029,0.0
3.36326,0.11286,0.0
3.36326,0.13543,0.0
3.36326,0.15801,0.0
3.36326,0.18058,0.0
3.36326,0.20315,0.0
3.36326,0.22572,0.0
3.36326,0.24829,0.0
3.36326,0.27087,0.0
3.36326,0.29344,0.0
3.36326,0.31601,0.0
3.36326,0.33858,0.0
3.36326,0.36115,0.0
3.36326,0.38373,0.0
3.36326,0.4063,0.0
3.36326,0.42887,0.0
3.36326,0.45144,0.0
3.36326,0.47402,0.0
3.36326,0.49659,0.0
3.36326,0.51916,0.0
3.36326,0.54173,0.0
3.36326,0.5643,0.0
3.36326,0.58688,0.0
3.36326,0.60945,0.0
3.36326,0.63202,0.0
3.36326,0.65459,0.0
3.36326,0.67717,0.0
3.36326,0.69974,0.0
3.36326,0.72231,0.0
3.36326,0.74488,0.0
3.36326,0.76745,0.0
3.36326,0.79003,0.0
3.38583,-0.79003,0.0
3.38583,-0.76745,0.0
3.38583,-0.74488,0.0
3.38583,-0.72231,0.0
3.38583,-0.69974,0.0
3.38583,-0.67717,0.0
3.38583,-0.65459,0.0
3.38583,-0.63202,0.0
3.38583,-0.60945,0.0
3.38583,-0.58688,0.0
3.38583,-0.5643,0.0
3.38583,-0.54173,0.0
3.38583,-0.51916,0.0
3.38583,-0.49659,0.0
3.38583,-0.47402,0.0
3.38583,-0.45144,0.0
3.38583,-0.42887,0.0
3.38583,-0.4063,0.0
3.38583,-0.38373,0.0
3.38583,-0.36115,0.0
3.38583,-0.33858,0.0
3.38583,-0.31601,0.0
3.38583,-0.29344,0.0
3.38583,-0.27087,0.0
3.38583,-0.24829,0.0
3.38583,-0.22572,0.0
3.38583,-0.20315,0.0
3.38583,-0.18058,0.0
3.38583,-0.15801,0.0
3.38583,-0.13543,0.0
3.38583,-0.11286,0.0
3.38583,-0.09029,0.0
3.38583,-0.06772,0.0
3.38583,-0.04514,0.0
3.38583,-0.02257,0.0
3.38583,0,0.0
3.38583,0.02257,0.0
3.38583,0.04514,0.0
3.38583,0.06772,0.0
3.38583,0.09029,0.0
3.38583,0.11286,0.0
3.38583,0.13543,0.0
3.38583,0.15801,0.0
3.38583,0.18058,0.0
3.38583,0.20315,0.0
3.38583,0.22572,0.0
3.38583,0.24829,0.0
3.38583,0.27087,0.0
3.38583,0.29344,0.0
3.38583,0.31601,0.0
3.38583,0.33858,0.0
3.38583,0.36115,0.0
3.38583,0.38373,0.0
3.38583,0.4063,0.0
3.38583,0.42887,0.0
3.38583,0.45144,0.0
3.38583,0.47402,0.0
3.38583,0.49659,0.0
3.38583,0.51916,0.0
3.38583,0.54173,0.0
3.38583,0.5643,0.0
3.38583,0.58688,0.0
3.38583,0.60945,0.0
3.38583,0.63202,0.0
3.38583,0.65459,0.0
3.38583,0.67717,0.0
3.38583,0.69974,0.0
3.38583,0.72231,0.0
3.38583,0.74488,0.0
3.38583,0.76745,0.0
3.38583,0.79003,0.0
3.4084,-0.79003,0.0
3.4084,-0.76745,0.0
3.4084,-0.74488,0.0
3.4084,-0.72231,0.0
3.4084,-0.69974,0.0
3.4084,-0.67717,0.0
3.4084,-0.65459,0.0
3.4084,-0.63202,0.0
3.4084,-0.60945,0.0
3.4084,-0.58688,0.0
3.4084,-0.5643,0.0
3.4084,-0.54173,0.0
3.4084,-0.51916,0.0
3.4084,-0.49659,0.0
3.4084,-0.47402,0.0
3.4084,-0.45144,0.0
3.4084,-0.42887,0.0
3.4084,-0.4063,0.0
3.4084,-0.38373,0.0
3.4084,-0.36115,0.0
3.4084,-0.33858,0.0
3.4084,-0.31601,0.0
3.4084,-0.29344,0.0
3.4084,-0.27087,0.0
3.4084,-0.24829,0.0
3.4084,-0.22572,0.0
3.4084,-0.20315,0.0
3.4084,-0.18058,0.0
3.4084,-0.15801,0.0
3.4084,-0.13543,0.0
3.4084,-0.11286,0.0
3.4084,-0.09029,0.0
3.4084,-0.06772,0.0
3.4084,-0.04514,0.0
3.4084,-0.02257,0.0
3.4084,0,0.0
3.4084,0.02257,0.0
3.4084,0.04514,0.0
3.4084,0.06772,0.0
3.4084,0.09029,0.0
3.4084,0.11286,0.0
3.4084,0.13543,0.0
3.4084,0.15801,0.0
3.4084,0.18058,0.0
3.4084,0.20315,0.0
3.4084,0.22572,0.0
3.4084,0.24829,0.0
3.4084,0.27087,0.0
3.4084,0.29344,0.0
3.4084,0.31601,0.0
3.4084,0.33858,0.0
3.4084,0.36115,0.0
3.4084,0.38373,0.0
3.4084,0.4063,0.0
3.4084,0.42887,0.0
3.4084,0.45144,0.0
3.4084,0.47402,0.0
3.4084,0.49659,0.0
3.4084,0.51916,0.0
3.4084,0.54173,0.0
3.4084,0.5643,0.0
3.4084,0.58688,0.0
3.4084,0.60945,0.0
3.4084,0.63202,0.0
3.4084,0.65459,0.0
3.4084,0.67717,0.0
3.4084,0.69974,0.0
3.4084,0.72231,0.0
3.4084,0.74488,0.0
3.4084,0.76745,0.0
3.4084,0.79003,0.0
3.43097,-0.79003,0.0
3.43097,-0.76745,0.0
3.43097,-0.74488,0.0
3.43097,-0.72231,0.0
3.43097,-0.69974,0.0
3.43097,-0.67717,0.0
3.43097,-0.65459,0.0
3.43097,-0.63202,0.0
3.43097,-0.60945,0.0
3.43097,-0.58688,0.0
3.43097,-0.5643,0.0
3.43097,-0.54173,0.0
3.43097,-0.51916,0.0
3.43097,-0.49659,0.0
3.43097,-0.47402,0.0
3.43097,-0.45144,0.0
3.43097,-0.42887,0.0
3.43097,-0.4063,0.0
3.43097,-0.38373,0.0
3.43097,-0.36115,0.0
3.43097,-0.33858,0.0
3.43097,-0.31601,0.0
3.43097,-0.29344,0.0
3.43097,-0.27087,0.0
3.43097,-0.24829,0.0
3.43097,-0.22572,0.0
3.43097,-0.20315,0.0
3.43097,-0.18058,0.0
3.43097,-0.15801,0.0
3.43097,-0.13543,0.0
3.43097,-0.11286,0.0
3.43097,-0.09029,0.0
3.43097,-0.06772,0.0
3.43097,-0.04514,0.0
3.43097,-0.02257,0.0
3.43097,0,0.0
3.43097,0.02257,0.0
3.43097,0.04514,0.0
3.43097,0.06772,0.0
3.43097,0.09029,0.0
3.43097,0.11286,0.0
3.43097,0.13543,0.0
3.43097,0.15801,0.0
3.43097,0.18058,0.0
3.43097,0.20315,0.0
3.43097,0.22572,0.0
3.43097,0.24829,0.0
3.43097,0.27087,0.0
3.43097,0.29344,0.0
3.43097,0.31601,0.0
3.43097,0.33858,0.0
3.43097,0.36115,0.0
3.43097,0.38373,0.0
3.43097,0.4063,0.0
3.43097,0.42887,0.0
3.43097,0.45144,0.0
3.43097,0.47402,0.0
3.43097,0.49659,0.0
3.43097,0.51916,0.0
3.43097,0.54173,0.0
3.43097,0.5643,0.0
3.43097,0.58688,0.0
3.43097,0.60945,0.0
3.43097,0.63202,0.0
3.43097,0.65459,0.0
3.43097,0.67717,0.0
3.43097,0.69974,0.0
3.43097,0.72231,0.0
3.43097,0.74488,0.0
3.43097,0.76745,0.0
3.43097,0.79003,0.0
3.45354,-0.79003,0.0
3.45354,-0.76745,0.0
3.45354,-0.74488,0.0
3.45354,-0.72231,0.0
3.45354,-0.69974,0.0
3.45354,-0.67717,0.0
3.45354,-0.65459,0.0
3.45354,-0.63202,0.0
3.45354,-0.60945,0.0
3.45354,-0.58688,0.0
3.45354,-0.5643,0.0
3.45354,-0.54173,0.0
3.45354,-0.51916,0.0
3.45354,-0.49659,0.0
3.45354,-0.47402,0.0
3.45354,-0.45144,0.0
3.45354,-0.42887,0.0
3.45354,-0.4063,0.0
3.45354,-0.38373,0.0
3.45354,-0.36115,0.0
3.45354,-0.33858,0.0
3.45354,-0.31601,0.0
3.45354,-0.29344,0.0
3.45354,-0.27087,0.0
3.45354,-0.24829,0.0
3.45354,-0.22572,0.0
3.45354,-0.20315,0.0
3.45354,-0.18058,0.0
3.45354,-0.15801,0.0
3.45354,-0.13543,0.0
3.45354,-0.11286,0.0
3.45354,-0.09029,0.0
3.45354,-0.06772,0.0
3.45354,-0.04514,0.0
3.45354,-0.02257,0.0
3.45354,0,0.0
3.45354,0.02257,0.0
3.45354,0.04514,0.0
3.45354,0.06772,0.0
3.45354,0.09029,0.0
3.45354,0.11286,0.0
3.45354,0.13543,0.0
3.45354,0.15801,0.0
3.45354,0.18058,0.0
3.45354,0.20315,0.0
3.45354,0.22572,0.0
3.45354,0.24829,0.0
3.45354,0.27087,0.0
3.45354,0.29344,0.0
3.45354,0.31601,0.0
3.45354,0.33858,0.0
3.45354,0.36115,0.0
3.45354,0.38373,0.0
3.45354,0.4063,0.0
3.45354,0.42887,0.0
3.45354,0.45144,0.0
3.45354,0.47402,0.0
3.45354,0.49659,0.0
3.45354,0.51916,0.0
3.45354,0.54173,0.0
3.45354,0.5643,0.0
3.45354,0.58688,0.0
3.45354,0.60945,0.0
3.45354,0.63202,0.0
3.45354,0.65459,0.0
3.45354,0.67717,0.0
3.45354,0.69974,0.0
3.45354,0.72231,0.0
3.45354,0.74488,0.0
3.45354,0.76745,0.0
3.45354,0.79003,0.0
3.47612,-0.79003,0.0
3.47612,-0.76745,0.0
3.47612,-0.74488,0.0
3.47612,-0.72231,0.0
3.47612,-0.69974,0.0
3.47612,-0.67717,0.0
3.47612,-0.65459,0.0
3.47612,-0.63202,0.0
3.47612,-0.60945,0.0
3.47612,-0.58688,0.0
3.47612,-0.5643,0.0
3.47612,-0.54173,0.0
3.47612,-0.51916,0.0
3.47612,-0.49659,0.0
3.47612,-0.47402,0.0
3.47612,-0.45144,0.0
3.47612,-0.42887,0.0
3.47612,-0.4063,0.0
3.47612,-0.38373,0.0
3.47612,-0.36115,0.0
3.47612,-0.33858,0.0
3.47612,-0.31601,0.0
3.47612,-0.29344,0.0
3.47612,-0.27087,0.0
3.47612,-0.24829,0.0
3.47612,-0.22572,0.0
3.47612,-0.20315,0.0
3.47612,-0.18058,0.0
3.47612,-0.15801,0.0
3.47612,-0.13543,0.0
3.47612,-0.11286,0.0
3.47612,-0.09029,0.0
3.47612,-0.06772,0.0
3.47612,-0.04514,0.0
3.47612,-0.02257,0.0
3.47612,0,0.0
3.47612,0.02257,0.0
3.47612,0.04514,0.0
3.47612,0.06772,0.0
3.47612,0.09029,0.0
3.47612,0.11286,0.0
3.47612,0.13543,0.0
3.47612,0.15801,0.0
3.47612,0.18058,0.0
3.47612,0.20315,0.0
3.47612,0.22572,0.0
3.47612,0.24829,0.0
3.47612,0.27087,0.0
3.47612,0.29344,0.0
3.47612,0.31601,0.0
3.47612,0.33858,0.0
3.47612,0.36115,0.0
3.47612,0.38373,0.0
3.47612,0.4063,0.0
3.47612,0.42887,0.0
3.47612,0.45144,0.0
3.47612,0.47402,0.0
3.47612,0.49659,0.0
3.47612,0.51916,0.0
3.47612,0.54173,0.0
3.47612,0.5643,0.0
3.47612,0.58688,0.0
3.47612,0.60945,0.0
3.47612,0.63202,0.0
3.47612,0.65459,0.0
3.47612,0.67717,0.0
3.47612,0.69974,0.0
3.47612,0.72231,0.0
3.47612,0.74488,0.0
3.47612,0.76745,0.0
3.47612,0.79003,0.0
3.49869,-0.79003,0.0
3.49869,-0.76745,0.0
3.49869,-0.74488,0.0
3.49869,-0.72231,0.0
3.49869,-0.69974,0.0
3.49869,-0.67717,0.0
3.49869,-0.65459,0.0
3.49869,-0.63202,0.0
3.49869,-0.60945,0.0
3.49869,-0.58688,0.0
3.49869,-0.5643,0.0
3.49869,-0.54173,0.0
3.49869,-0.51916,0.0
3.49869,-0.49659,0.0
3.49869,-0.47402,0.0
3.49869,-0.45144,0.0
3.49869,-0.42887,0.0
3.49869,-0.4063,0.0
3.49869,-0.38373,0.0
3.49869,-0.36115,0.0
3.49869,-0.33858,0.0
3.49869,-0.31601,0.0
3.49869,-0.29344,0.0
3.49869,-0.27087,0.0
3.49869,-0.24829,0.0
3.49869,-0.22572,0.0
3.49869,-0.20315,0.0
3.49869,-0.18058,0.0
3.49869,-0.15801,0.0
3.49869,-0.13543,0.0
3.49869,-0.11286,0.0
3.49869,-0.09029,0.0
3.49869,-0.06772,0.0
3.49869,-0.04514,0.0
3.49869,-0.02257,0.0
3.49869,0,0.0
3.49869,0.02257,0.0
3.49869,0.04514,0.0
3.49869,0.06772,0.0
3.49869,0.09029,0.0
3.49869,0.11286,0.0
3.49869,0.13543,0.0
3.49869,0.15801,0.0
3.49869,0.18058,0.0
3.49869,0.20315,0.0
3.49869,0.22572,0.0
3.49869,0.24829,0.0
3.49869,0.27087,0.0
3.49869,0.29344,0.0
3.49869,0.31601,0.0
3.49869,0.33858,0.0
3.49869,0.36115,0.0
3.49869,0.38373,0.0
3.49869,0.4063,0.0
3.49869,0.42887,0.0
3.49869,0.45144,0.0
3.49869,0.47402,0.0
3.49869,0.49659,0.0
3.49869,0.51916,0.0
3.49869,0.54173,0.0
3.49869,0.5643,0.0
3.49869,0.58688,0.0
3.49869,0.60945,0.0
3.49869,0.63202,0.0
3.49869,0.65459,0.0
3.49869,0.67717,0.0
3.49869,0.69974,0.0
3.49869,0.72231,0.0
3.49869,0.74488,0.0
3.49869,0.76745,0.0
3.49869,0.79003,0.0
3.52126,-0.79003,0.0
3.52126,-0.76745,0.0
3.52126,-0.74488,0.0
3.52126,-0.72231,0.0
3.52126,-0.69974,0.0
3.52126,-0.67717,0.0
3.52126,-0.65459,0.0
3.52126,-0.63202,0.0
3.52126,-0.60945,0.0
3.52126,-0.58688,0.0
3.52126,-0.5643,0.0
3.52126,-0.54173,0.0
3.52126,-0.51916,0.0
3.52126,-0.49659,0.0
3.52126,-0.47402,0.0
3.52126,-0.45144,0.0
3.52126,-0.42887,0.0
3.52126,-0.4063,0.0
3.52126,-0.38373,0.0
3.52126,-0.36115,0.0
3.52126,-0.33858,0.0
3.52126,-0.31601,0.0
3.52126,-0.29344,0.0
3.52126,-0.27087,0.0
3.52126,-0.24829,0.0
3.52126,-0.22572,0.0
3.52126,-0.20315,0.0
3.52126,-0.18058,0.0
3.52126,-0.15801,0.0
3.52126,-0.13543,0.0
3.52126,-0.11286,0.0
3.52126,-0.09029,0.0
3.52126,-0.06772,0.0
3.52126,-0.04514,0.0
3.52126,-0.02257,0.0
3.52126,0,0.0
3.52126,0.02257,0.0
3.52126,0.04514,0.0
3.52126,0.06772,0.0
3.52126,0.09029,0.0
3.52126,0.11286,0.0
3.52126,0.13543,0.0
3.52126,0.15801,0.0
3.52126,0.18058,0.0
3.52126,0.20315,0.0
3.52126,0.22572,0.0
3.52126,0.24829,0.0
3.52126,0.27087,0.0
3.52126,0.29344,0.0
3.52126,0.31601,0.0
3.52126,0.33858,0.0
3.52126,0.36115,0.0
3.52126,0.38373,0.0
3.52126,0.4063,0.0
3.52126,0.42887,0.0
3.52126,0.45144,0.0
3.52126,0.47402,0.0
3.52126,0.49659,0.0
3.52126,0.51916,0.0
3.52126,0.54173,0.0
3.52126,0.5643,0.0
3.52126,0.58688,0.0
3.52126,0.60945,0.0
3.52126,0.63202,0.0
3.52126,0.65459,0.0
3.52126,0.67717,0.0
3.52126,0.69974,0.0
3.52126,0.72231,0.0
3.52126,0.74488,0.0
3.52126,0.76745,0.0
3.52126,0.79003,0.0
3.54383,-0.79003,0.0
3.54383,-0.76745,0.0
3.54383,-0.74488,0.0
3.54383,-0.72231,0.0
3.54383,-0.69974,0.0
3.54383,-0.67717,0.0
3.54383,-0.65459,0.0
3.54383,-0.63202,0.0
3.54383,-0.60945,0.0
3.54383,-0.58688,0.0
3.54383,-0.5643,0.0
3.54383,-0.54173,0.0
3.54383,-0.51916,0.0
3.54383,-0.49659,0.0
3.54383,-0.47402,0.0
3.54383,-0.45144,0.0
3.54383,-0.42887,0.0
3.54383,-0.4063,0.0
3.54383,-0.38373,0.0
3.54383,-0.36115,0.0
3.54383,-0.33858,0.0
3.54383,-0.31601,0.0
3.54383,-0.29344,0.0
3.54383,-0.27087,0.0
3.54383,-0.24829,0.0
3.54383,-0.22572,0.0
3.54383,-0.20315,0.0
3.54383,-0.18058,0.0
3.54383,-0.15801,0.0
3.54383,-0.13543,0.0
3.54383,-0.11286,0.0
3.54383,-0.09029,0.0
3.54383,-0.06772,0.0
3.54383,-0.04514,0.0
3.54383,-0.02257,0.0
3.54383,0,0.0
3.54383,0.02257,0.0
3.54383,0.04514,0.0
3.54383,0.06772,0.0
3.54383,0.09029,0.0
3.54383,0.11286,0.0
3.54383,0.13543,0.0
3.54383,0.15801,0.0
3.54383,0.18058,0.0
3.54383,0.20315,0.0
3.54383,0.22572,0.0
3.54383,0.24829,0.0
3.54383,0.27087,0.0
3.54383,0.29344,0.0
3.54383,0.31601,0.0
3.54383,0.33858,0.0
3.54383,0.36115,0.0
3.54383,0.38373,0.0
3.54383,0.4063,0.0
3.54383,0.42887,0.0
3.54383,0.45144,0.0
3.54383,0.47402,0.0
3.54383,0.49659,0.0
3.54383,0.51916,0.0
3.54383,0.54173,0.0
3.54383,0.5643,0.0
3.54383,0.58688,0.0
3.54383,0.60945,0.0
3.54383,0.63202,0.0
3.54383,0.65459,0.0
3.54383,0.67717,0.0
3.54383,0.69974,0.0
3.54383,0.72231,0.0
3.54383,0.74488,0.0
3.54383,0.76745,0.0
3.54383,0.79003,0.0
3.5664,-0.79003,0.0
3.5664,-0.76745,0.0
3.5664,-0.74488,0.0
3.5664,-0.72231,0.0
3.5664,-0.69974,0.0
3.5664,-0.67717,0.0
3.5664,-0.65459,0.0
3.5664,-0.63202,0.0
3.5664,-0.60945,0.0
3.5664,-0.58688,0.0
3.5664,-0.5643,0.0
3.5664,-0.54173,0.0
3.5664,-0.51916,0.0
3.5664,-0.49659,0.0
3.5664,-0.47402,0.0
3.5664,-0.45144,0.0
3.5664,-0.42887,0.0
3.5664,-0.4063,0.0
3.5664,-0.38373,0.0
3.5664,-0.36115,0.0
3.5664,-0.33858,0.0
3.5664,-0.31601,0.0
3.5664,-0.29344,0.0
3.5664,-0.27087,0.0
3.5664,-0.24829,0.0
3.5664,-0.22572,0.0
3.5664,-0.20315,0.0
3.5664,-0.18058,0.0
3.5664,-0.15801,0.0
3.5664,-0.13543,0.0
3.5664,-0.11286,0.0
3.5664,-0.09029,0.0
3.5664,-0.06772,0.0
3.5664,-0.04514,0.0
3.5664,-0.02257,0.0
3.5664,0,0.0
3.5664,0.02257,0.0
3.5664,0.04514,0.0
3.5664,0.06772,0.0
3.5664,0.09029,0.0
3.5664,0.11286,0.0
3.5664,0.13543,0.0
3.5664,0.15801,0.0
3.5664,0.18058,0.0
3.5664,0.20315,0.0
3.5664,0.22572,0.0
3.5664,0.24829,0.0
3.5664,0.27087,0.0
3.5664,0.29344,0.0
3.5664,0.31601,0.0
3.5664,0.33858,0.0
3.5664,0.36115,0.0
3.5664,0.38373,0.0
3.5664,0.4063,0.0
3.5664,0.42887,0.0
3.5664,0.45144,0.0
3.5664,0.47402,0.0
3.5664,0.49659,0.0
3.5664,0.51916,0.0
3.5664,0.54173,0.0
3.5664,0.5643,0.0
3.5664,0.58688,0.0
3.5664,0.60945,0.0
3.5664,0.63202,0.0
3.5664,0.65459,0.0
3.5664,0.67717,0.0
3.5664,0.69974,0.0
3.5664,0.72231,0.0
3.5664,0.74488,0.0
3.5664,0.76745,0.0
3.5664,0.79003,0.0
3.58898,-0.79003,0.0
3.58898,-0.76745,0.0
3.58898,-0.74488,0.0
3.58898,-0.72231,0.0
3.58898,-0.69974,0.0
3.58898,-0.67717,0.0
3.58898,-0.65459,0.0
3.58898,-0.63202,0.0
3.58898,-0.60945,0.0
3.58898,-0.58688,0.0
3.58898,-0.5643,0.0
3.58898,-0.54173,0.0
3.58898,-0.51916,0.0
3.58898,-0.49659,0.0
3.58898,-0.47402,0.0
3.58898,-0.45144,0.0
3.58898,-0.42887,0.0
3.58898,-0.4063,0.0
3.58898,-0.38373,0.0
3.58898,-0.36115,0.0
3.58898,-0.33858,0.0
3.58898,-0.31601,0.0
3.58898,-0.29344,0.0
3.58898,-0.27087,0.0
3.58898,-0.24829,0.0
3.58898,-0.22572,0.0
3.58898,-0.20315,0.0
3.58898,-0.18058,0.0
3.58898,-0.15801,0.0
3.58898,-0.13543,0.0
3.58898,-0.11286,0.0
3.58898,-0.09029,0.0
3.58898,-0.06772,0.0
3.58898,-0.04514,0.0
3.58898,-0.02257,0.0
3.58898,0,0.0
3.58898,0.02257,0.0
3.58898,0.04514,0.0
3.58898,0.06772,0.0
3.58898,0.09029,0.0
3.58898,0.11286,0.0
3.58898,0.13543,0.0
3.58898,0.15801,0.0
3.58898,0.18058,0.0
3.58898,0.20315,0.0
3.58898,0.22572,0.0
3.58898,0.24829,0.0
3.58898,0.27087,0.0
3.58898,0.29344,0.0
3.58898,0.31601,0.0
3.58898,0.33858,0.0
3.58898,0.36115,0.0
3.58898,0.38373,0.0
3.58898,0.4063,0.0
3.58898,0.42887,0.0
3.58898,0.45144,0.0
3.58898,0.47402,0.0
3.58898,0.49659,0.0
3.58898,0.51916,0.0
3.58898,0.54173,0.0
3.58898,0.5643,0.0
3.58898,0.58688,0.0
3.58898,0.60945,0.0
3.58898,0.63202,0.0
3.58898,0.65459,0.0
3.58898,0.67717,0.0
3.58898,0.69974,0.0
3.58898,0.72231,0.0
3.58898,0.74488,0.0
3.58898,0.76745,0.0
3.58898,0.79003,0.0
3.61155,-0.79003,0.0
3.61155,-0.76745,0.0
3.61155,-0.74488,0.0
3.61155,-0.72231,0.0
3.61155,-0.69974,0.0
3.61155,-0.67717,0.0
3.61155,-0.65459,0.0
3.61155,-0.63202,0.0
3.61155,-0.60945,0.0
3.61155,-0.58688,0.0
3.61155,-0.5643,0.0
3.61155,-0.54173,0.0
3.61155,-0.51916,0.0
3.61155,-0.49659,0.0
3.61155,-0.47402,0.0
3.61155,-0.45144,0.0
3.61155,-0.42887,0.0
3.61155,-0.4063,0.0
3.61155,-0.38373,0.0
3.61155,-0.36115,0.0
3.61155,-0.33858,0.0
3.61155,-0.31601,0.0
3.61155,-0.29344,0.0
3.61155,-0.27087,0.0
3.61155,-0.24829,0.0
3.61155,-0.22572,0.0
3.61155,-0.20315,0.0
3.61155,-0.18058,0.0
3.61155,-0.15801,0.0
3.61155,-0.13543,0.0
3.61155,-0.11286,0.0
3.61155,-0.09029,0.0
3.61155,-0.06772,0.0
3.61155,-0.04514,0.0
3.61155,-0.02257,0.0
3.61155,0,0.0
3.61155,0.02257,0.0
3.61155,0.04514,0.0
3.61155,0.06772,0.0
3.61155,0.09029,0.0
3.61155,0.11286,0.0
3.61155,0.13543,0.0
3.61155,0.15801,0.0
3.61155,0.18058,0.0
3.61155,0.20315,0.0
3.61155,0.22572,0.0
3.61155,0.24829,0.0
3.61155,0.27087,0.0
3.61155,0.29344,0.0
3.61155,0.31601,0.0
3.61155,0.33858,0.0
3.61155,0.36115,0.0
3.61155,0.38373,0.0
3.61155,0.4063,0.0
3.61155,0.42887,0.0
3.61155,0.45144,0.0
3.61155,0.47402,0.0
3.61155,0.49659,0.0
3.61155,0.51916,0.0
3.61155,0.54173,0.0
3.61155,0.5643,0.0
3.61155,0.58688,0.0
3.61155,0.60945,0.0
3.61155,0.63202,0.0
3.61155,0.65459,0.0
3.61155,0.67717,0.0
3.61155,0.69974,0.0
3.61155,0.72231,0.0
3.61155,0.74488,0.0
3.61155,0.76745,0.0
3.61155,0.79003,0.0
3.63412,-0.79003,0.0
3.63412,-0.76745,0.0
3.63412,-0.74488,0.0
3.63412,-0.72231,0.0
3.63412,-0.69974,0.0
3.63412,-0.67717,0.0
3.63412,-0.65459,0.0
3.63412,-0.63202,0.0
3.63412,-0.60945,0.0
3.63412,-0.58688,0.0
3.63412,-0.5643,0.0
3.63412,-0.54173,0.0
3.63412,-0.51916,0.0
3.63412,-0.49659,0.0
3.63412,-0.47402,0.0
3.63412,-0.45144,0.0
3.63412,-0.42887,0.0
3.63412,-0.4063,0.0
3.63412,-0.38373,0.0
3.63412,-0.36115,0.0
3.63412,-0.33858,0.0
3.63412,-0.31601,0.0
3.63412,-0.29344,0.0
3.63412,-0.27087,0.0
3.63412,-0.24829,0.0
3.63412,-0.22572,0.0
3.63412,-0.20315,0.0
3.63412,-0.18058,0.0
3.63412,-0.15801,0.0
3.63412,-0.13543,0.0
3.63412,-0.11286,0.0
3.63412,-0.09029,0.0
3.63412,-0.06772,0.0
3.63412,-0.04514,0.0
3.63412,-0.02257,0.0
3.63412,0,0.0
3.63412,0.02257,0.0
3.63412,0.04514,0.0
3.63412,0.06772,0.0
3.63412,0.09029,0.0
3.63412,0.11286,0.0
3.63412,0.13543,0.0
3.63412,0.15801,0.0
3.63412,0.18058,0.0
3.63412,0.20315,0.0
3.63412,0.22572,0.0
3.63412,0.24829,0.0
3.63412,0.27087,0.0
3.63412,0.29344,0.0
3.63412,0.31601,0.0
3.63412,0.33858,0.0
3.63412,0.36115,0.0
3.63412,0.38373,0.0
3.63412,0.4063,0.0
3.63412,0.42887,0.0
3.63412,0.45144,0.0
3.63412,0.47402,0.0
3.63412,0.49659,0.0
3.63412,0.51916,0.0
3.63412,0.54173,0.0
3.63412,0.5643,0.0
3.63412,0.58688,0.0
3.63412,0.60945,0.0
3.63412,0.63202,0.0
3.63412,0.65459,0.0
3.63412,0.67717,0.0
3.63412,0.69974,0.0
3.63412,0.72231,0.0
3.63412,0.74488,0.0
3.63412,0.76745,0.0
3.63412,0.79003,0.0
3.65669,-0.79003,0.0
3.65669,-0.76745,0.0
3.65669,-0.74488,0.0
3.65669,-0.72231,0.0
3.65669,-0.69974,0.0
3.65669,-0.67717,0.0
3.65669,-0.65459,0.0
3.65669,-0.63202,0.0
3.65669,-0.60945,0.0
3.65669,-0.58688,0.0
3.65669,-0.5643,0.0
3.65669,-0.54173,0.0
3.65669,-0.51916,0.0
3.65669,-0.49659,0.0
3.65669,-0.47402,0.0
3.65669,-0.45144,0.0
3.65669,-0.42887,0.0
3.65669,-0.4063,0.0
3.65669,-0.38373,0.0
3.65669,-0.36115,0.0
3.65669,-0.33858,0.0
3.65669,-0.31601,0.0
3.65669,-0.29344,0.0
3.65669,-0.27087,0.0
3.65669,-0.24829,0.0
3.65669,-0.22572,0.0
3.65669,-0.20315,0.0
3.65669,-0.18058,0.0
3.65669,-0.15801,0.0
3.65669,-0.13543,0.0
3.65669,-0.11286,0.0
3.65669,-0.09029,0.0
3.65669,-0.06772,0.0
3.65669,-0.04514,0.0
3.65669,-0.02257,0.0
3.65669,0,0.0
3.65669,0.02257,0.0
3.65669,0.04514,0.0
3.65669,0.06772,0.0
3.65669,0.09029,0.0
3.65669,0.11286,0.0
3.65669,0.13543,0.0
3.65669,0.15801,0.0
3.65669,0.18058,0.0
3.65669,0.20315,0.0
3.65669,0.22572,0.0
3.65669,0.24829,0.0
3.65669,0.27087,0.0
3.65669,0.29344,0.0
3.65669,0.31601,0.0
3.65669,0.33858,0.0
3.65669,0.36115,0.0
3.65669,0.38373,0.0
3.65669,0.4063,0.0
3.65669,0.42887,0.0
3.65669,0.45144,0.0
3.65669,0.47402,0.0
3.65669,0.49659,0.0
3.65669,0.51916,0.0
3.65669,0.54173,0.0
3.65669,0.5643,0.0
3.65669,0.58688,0.0
3.65669,0.60945,0.0
3.65669,0.63202,0.0
3.65669,0.65459,0.0
3.65669,0.67717,0.0
3.65669,0.69974,0.0
3.65669,0.72231,0.0
3.65669,0.74488,0.0
3.65669,0.76745,0.0
3.65669,0.79003,0.0
3.67927,-0.79003,0.0
3.67927,-0.76745,0.0
3.67927,-0.74488,0.0
3.67927,-0.72231,0.0
3.67927,-0.69974,0.0
3.67927,-0.67717,0.0
3.67927,-0.65459,0.0
3.67927,-0.63202,0.0
3.67927,-0.60945,0.0
3.67927,-0.58688,0.0
3.67927,-0.5643,0.0
3.67927,-0.54173,0.0
3.67927,-0.51916,0.0
3.67927,-0.49659,0.0
3.67927,-0.47402,0.0
3.67927,-0.45144,0.0
3.67927,-0.42887,0.0
3.67927,-0.4063,0.0
3.67927,-0.38373,0.0
3.67927,-0.36115,0.0
3.67927,-0.33858,0.0
3.67927,-0.31601,0.0
3.67927,-0.29344,0.0
3.67927,-0.27087,0.0
3.67927,-0.24829,0.0
3.67927,-0.22572,0.0
3.67927,-0.20315,0.0
3.67927,-0.18058,0.0
3.67927,-0.15801,0.0
3.67927,-0.13543,0.0
3.67927,-0.11286,0.0
3.67927,-0.09029,0.0
3.67927,-0.06772,0.0
3.67927,-0.04514,0.0
3.67927,-0.02257,0.0
3.67927,0,0.0
3.67927,0.02257,0.0
3.67927,0.04514,0.0
3.67927,0.06772,0.0
3.67927,0.09029,0.0
3.67927,0.11286,0.0
3.67927,0.13543,0.0
3.67927,0.15801,0.0
3.67927,0.18058,0.0
3.67927,0.20315,0.0
3.67927,0.22572,0.0
3.67927,0.24829,0.0
3.67927,0.27087,0.0
3.67927,0.29344,0.0
3.67927,0.31601,0.0
3.67927,0.33858,0.0
3.67927,0.36115,0.0
3.67927,0.38373,0.0
3.67927,0.4063,0.0
3.67927,0.42887,0.0
3.67927,0.45144,0.0
3.67927,0.47402,0.0
3.67927,0.49659,0.0
3.67927,0.51916,0.0
3.67927,0.54173,0.0
3.67927,0.5643,0.0
3.67927,0.58688,0.0
3.67927,0.60945,0.0
3.67927,0.63202,0.0
3.67927,0.65459,0.0
3.67927,0.67717,0.0
3.67927,0.69974,0.0
3.67927,0.72231,0.0
3.67927,0.74488,0.0
3.67927,0.76745,0.0
3.67927,0.79003,0.0
3.70184,-0.79003,0.0
3.70184,-0.76745,0.0
3.70184,-0.74488,0.0
3.70184,-0.72231,0.0
3.70184,-0.69974,0.0
3.70184,-0.67717,0.0
3.70184,-0.65459,0.0
3.70184,-0.63202,0.0
3.70184,-0.60945,0.0
3.70184,-0.58688,0.0
3.70184,-0.5643,0.0
3.70184,-0.54173,0.0
3.70184,-0.51916,0.0
3.70184,-0.49659,0.0
3.70184,-0.47402,0.0
3.70184,-0.45144,0.0
3.70184,-0.42887,0.0
3.70184,-0.4063,0.0
3.70184,-0.38373,0.0
3.70184,-0.36115,0.0
3.70184,-0.33858,0.0
3.70184,-0.31601,0.0
3.70184,-0.29344,0.0
3.70184,-0.27087,0.0
3.70184,-0.24829,0.0
3.70184,-0.22572,0.0
3.70184,-0.20315,0.0
3.70184,-0.18058,0.0
3.70184,-0.15801,0.0
3.70184,-0.13543,0.0
3.70184,-0.11286,0.0
3.70184,-0.09029,0.0
3.70184,-0.06772,0.0
3.70184,-0.04514,0.0
3.70184,-0.02257,0.0
3.70184,0,0.0
3.70184,0.02257,0.0
3.70184,0.04514,0.0
3.70184,0.06772,0.0
3.70184,0.09029,0.0
3.70184,0.11286,0.0
3.70184,0.13543,0.0
3.70184,0.15801,0.0
3.70184,0.18058,0.0
3.70184,0.20315,0.0
3.70184,0.22572,0.0
3.70184,0.24829,0.0
3.70184,0.27087,0.0
3.70184,0.29344,0.0
3.70184,0.31601,0.0
3.70184,0.33858,0.0
3.70184,0.36115,0.0
3.70184,0.38373,0.0
3.70184,0.4063,0.0
3.70184,0.42887,0.0
3.70184,0.45144,0.0
3.70184,0.47402,0.0
3.70184,0.49659,0.0
3.70184,0.51916,0.0
3.70184,0.54173,0.0
3.70184,0.5643,0.0
3.70184,0.58688,0.0
3.70184,0.60945,0.0
3.70184,0.63202,0.0
3.70184,0.65459,0.0
3.70184,0.67717,0.0
3.70184,0.69974,0.0
3.70184,0.72231,0.0
3.70184,0.74488,0.0
3.70184,0.76745,0.0
3.70184,0.79003,0.0
3.72441,-0.79003,0.0
3.72441,-0.76745,0.0
3.72441,-0.74488,0.0
3.72441,-0.72231,0.0
3.72441,-0.69974,0.0
3.72441,-0.67717,0.0
3.72441,-0.65459,0.0
3.72441,-0.63202,0.0
3.72441,-0.60945,0.0
3.72441,-0.58688,0.0
3.72441,-0.5643,0.0
3.72441,-0.54173,0.0
3.72441,-0.51916,0.0
3.72441,-0.49659,0.0
3.72441,-0.47402,0.0
3.72441,-0.45144,0.0
3.72441,-0.42887,0.0
3.72441,-0.4063,0.0
3.72441,-0.38373,0.0
3.72441,-0.36115,0.0
3.72441,-0.33858,0.0
3.72441,-0.31601,0.0
3.72441,-0.29344,0.0
3.72441,-0.27087,0.0
3.72441,-0.24829,0.0
3.72441,-0.22572,0.0
3.72441,-0.20315,0.0
3.72441,-0.18058,0.0
3.72441,-0.15801,0.0
3.72441,-0.13543,0.0
3.72441,-0.11286,0.0
3.72441,-0.09029,0.0
3.72441,-0.06772,0.0
3.72441,-0.04514,0.0
3.72441,-0.02257,0.0
3.72441,0,0.0
3.72441,0.02257,0.0
3.72441,0.04514,0.0
3.72441,0.06772,0.0
3.72441,0.09029,0.0
3.72441,0.11286,0.0
3.72441,0.13543,0.0
3.72441,0.15801,0.0
3.72441,0.18058,0.0
3.72441,0.20315,0.0
3.72441,0.22572,0.0
3.72441,0.24829,0.0
3.72441,0.27087,0.0
3.72441,0.29344,0.0
3.72441,0.31601,0.0
3.72441,0.33858,0.0
3.72441,0.36115,0.0
3.72441,0.38373,0.0
3.72441,0.4063,0.0
3.72441,0.42887,0.0
3.72441,0.45144,0.0
3.72441,0.47402,0.0
3.72441,0.49659,0.0
3.72441,0.51916,0.0
3.72441,0.54173,0.0
3.72441,0.5643,0.0
3.72441,0.58688,0.0
3.72441,0.60945,0.0
3.72441,0.63202,0.0
3.72441,0.65459,0.0
3.72441,0.67717,0.0
3.72441,0.69974,0.0
3.72441,0.72231,0.0
3.72441,0.74488,0.0
3.72441,0.76745,0.0
3.72441,0.79003,0.0
3.74698,-0.79003,0.0
3.74698,-0.76745,0.0
3.74698,-0.74488,0.0
3.74698,-0.72231,0.0
3.74698,-0.69974,0.0
3.74698,-0.67717,0.0
3.74698,-0.65459,0.0
3.74698,-0.63202,0.0
3.74698,-0.60945,0.0
3.74698,-0.58688,0.0
3.74698,-0.5643,0.0
3.74698,-0.54173,0.0
3.74698,-0.51916,0.0
3.74698,-0.49659,0.0
3.74698,-0.47402,0.0
3.74698,-0.45144,0.0
3.74698,-0.42887,0.0
3.74698,-0.4063,0.0
3.74698,-0.38373,0.0
3.74698,-0.36115,0.0
3.74698,-0.33858,0.0
3.74698,-0.31601,0.0
3.74698,-0.29344,0.0
3.74698,-0.27087,0.0
3.74698,-0.24829,0.0
3.74698,-0.22572,0.0
3.74698,-0.20315,0.0
3.74698,-0.18058,0.0
3.74698,-0.15801,0.0
3.74698,-0.13543,0.0
3.74698,-0.11286,0.0
3.74698,-0.09029,0.0
3.74698,-0.06772,0.0
3.74698,-0.04514,0.0
3.74698,-0.02257,0.0
3.74698,0,0.0
3.74698,0.02257,0.0
3.74698,0.04514,0.0
3.74698,0.06772,0.0
3.74698,0.09029,0.0
3.74698,0.11286,0.0
3.74698,0.13543,0.0
3.74698,0.15801,0.0
3.74698,0.18058,0.0
3.74698,0.20315,0.0
3.74698,0.22572,0.0
3.74698,0.24829,0.0
3.74698,0.27087,0.0
3.74698,0.29344,0.0
3.74698,0.31601,0.0
3.74698,0.33858,0.0
3.74698,0.36115,0.0
3.74698,0.38373,0.0
3.74698,0.4063,0.0
3.74698,0.42887,0.0
3.74698,0.45144,0.0
3.74698,0.47402,0.0
3.74698,0.49659,0.0
3.74698,0.51916,0.0
3.74698,0.54173,0.0
3.74698,0.5643,0.0
3.74698,0.58688,0.0
3.74698,0.60945,0.0
3.74698,0.63202,0.0
3.74698,0.65459,0.0
3.74698,0.67717,0.0
3.74698,0.69974,0.0
3.74698,0.72231,0.0
3.74698,0.74488,0.0
3.74698,0.76745,0.0
3.74698,0.79003,0.0
3.76955,-0.79003,0.0
3.76955,-0.76745,0.0
3.76955,-0.74488,0.0
3.76955,-0.72231,0.0
3.76955,-0.69974,0.0
3.76955,-0.67717,0.0
3.76955,-0.65459,0.0
3.76955,-0.63202,0.0
3.76955,-0.60945,0.0
3.76955,-0.58688,0.0
3.76955,-0.5643,0.0
3.76955,-0.54173,0.0
3.76955,-0.51916,0.0
3.76955,-0.49659,0.0
3.76955,-0.47402,0.0
3.76955,-0.45144,0.0
3.76955,-0.42887,0.0
3.76955,-0.4063,0.0
3.76955,-0.38373,0.0
3.76955,-0.36115,0.0
3.76955,-0.33858,0.0
3.76955,-0.31601,0.0
3.76955,-0.29344,0.0
3.76955,-0.27087,0.0
3.76955,-0.24829,0.0
3.76955,-0.22572,0.0
3.76955,-0.20315,0.0
3.76955,-0.18058,0.0
3.76955,-0.15801,0.0
3.76955,-0.13543,0.0
3.76955,-0.11286,0.0
3.76955,-0.09029,0.0
3.76955,-0.06772,0.0
3.76955,-0.04514,0.0
3.76955,-0.02257,0.0
3.76955,0,0.0
3.76955,0.02257,0.0
3.76955,0.04514,0.0
3.76955,0.06772,0.0
3.76955,0.09029,0.0
3.76955,0.11286,0.0
3.76955,0.13543,0.0
3.76955,0.15801,0.0
3.76955,0.18058,0.0
3.76955,0.20315,0.0
3.76955,0.22572,0.0
3.76955,0.24829,0.0
3.76955,0.27087,0.0
3.76955,0.29344,0.0
3.76955,0.31601,0.0
3.76955,0.33858,0.0
3.76955,0.36115,0.0
3.76955,0.38373,0.0
3.76955,0.4063,0.0
3.76955,0.42887,0.0
3.76955,0.45144,0.0
3.76955,0.47402,0.0
3.76955,0.49659,0.0
3.76955,0.51916,0.0
3.76955,0.54173,0.0
3.76955,0.5643,0.0
3.76955,0.58688,0.0
3.76955,0.60945,0.0
3.76955,0.63202,0.0
3.76955,0.65459,0.0
3.76955,0.67717,0.0
3.76955,0.69974,0.0
3.76955,0.72231,0.0
3.76955,0.74488,0.0
3.76955,0.76745,0.0
3.76955,0.79003,0.0
3.79213,-0.79003,0.0
3.79213,-0.76745,0.0
3.79213,-0.74488,0.0
3.79213,-0.72231,0.0
3.79213,-0.69974,0.0
3.79213,-0.67717,0.0
3.79213,-0.65459,0.0
3.79213,-0.63202,0.0
3.79213,-0.60945,0.0
3.79213,-0.58688,0.0
3.79213,-0.5643,0.0
3.79213,-0.54173,0.0
3.79213,-0.51916,0.0
3.79213,-0.49659,0.0
3.79213,-0.47402,0.0
3.79213,-0.45144,0.0
3.79213,-0.42887,0.0
3.79213,-0.4063,0.0
3.79213,-0.38373,0.0
3.79213,-0.36115,0.0
3.79213,-0.33858,0.0
3.79213,-0.31601,0.0
3.79213,-0.29344,0.0
3.79213,-0.27087,0.0
3.79213,-0.24829,0.0
3.79213,-0.22572,0.0
3.79213,-0.20315,0.0
3.79213,-0.18058,0.0
3.79213,-0.15801,0.0
3.79213,-0.13543,0.0
3.79213,-0.11286,0.0
3.79213,-0.09029,0.0
3.79213,-0.06772,0.0
3.79213,-0.04514,0.0
3.79213,-0.02257,0.0
3.79213,0,0.0
3.79213,0.02257,0.0
3.79213,0.04514,0.0
3.79213,0.06772,0.0
3.79213,0.09029,0.0
3.79213,0.11286,0.0
3.79213,0.13543,0.0
3.79213,0.15801,0.0
3.79213,0.18058,0.0
3.79213,0.20315,0.0
3.79213,0.22572,0.0
3.79213,0.24829,0.0
3.79213,0.27087,0.0
3.79213,0.29344,0.0
3.79213,0.31601,0.0
3.79213,0.33858,0.0
3.79213,0.36115,0.0
3.79213,0.38373,0.0
3.79213,0.4063,0.0
3.79213,0.42887,0.0
3.79213,0.45144,0.0
3.79213,0.47402,0.0
3.79213,0.49659,0.0
3.79213,0.51916,0.0
3.79213,0.54173,0.0
3.79213,0.5643,0.0
3.79213,0.58688,0.0
3.79213,0.60945,0.0
3.79213,0.63202,0.0
3.79213,0.65459,0.0
3.79213,0.67717,0.0
3.79213,0.69974,0.0
3.79213,0.72231,0.0
3.79213,0.74488,0.0
3.79213,0.76745,0.0
3.79213,0.79003,0.0
3.8147,-0.79003,0.0
3.8147,-0.76745,0.0
3.8147,-0.74488,0.0
3.8147,-0.72231,0.0
3.8147,-0.69974,0.0
3.8147,-0.67717,0.0
3.8147,-0.65459,0.0
3.8147,-0.63202,0.0
3.8147,-0.60945,0.0
3.8147,-0.58688,0.0
3.8147,-0.5643,0.0
3.8147,-0.54173,0.0
3.8147,-0.51916,0.0
3.8147,-0.49659,0.0
3.8147,-0.47402,0.0
3.8147,-0.45144,0.0
3.8147,-0.42887,0.0
3.8147,-0.4063,0.0
3.8147,-0.38373,0.0
3.8147,-0.36115,0.0
3.8147,-0.33858,0.0
3.8147,-0.31601,0.0
3.8147,-0.29344,0.0
3.8147,-0.27087,0.0
3.8147,-0.24829,0.0
3.8147,-0.22572,0.0
3.8147,-0.20315,0.0
3.8147,-0.18058,0.0
3.8147,-0.15801,0.0
3.8147,-0.13543,0.0
3.8147,-0.11286,0.0
3.8147,-0.09029,0.0
3.8147,-0.06772,0.0
3.8147,-0.04514,0.0
3.8147,-0.02257,0.0
3.8147,0,0.0
3.8147,0.02257,0.0
3.8147,0.04514,0.0
3.8147,0.06772,0.0
3.8147,0.09029,0.0
3.8147,0.11286,0.0
3.8147,0.13543,0.0
3.8147,0.15801,0.0
3.8147,0.18058,0.0
3.8147,0.20315,0.0
3.8147,0.22572,0.0
3.8147,0.24829,0.0
3.8147,0.27087,0.0
3.8147,0.29344,0.0
3.8147,0.31601,0.0
3.8147,0.33858,0.0
3.8147,0.36115,0.0
3.8147,0.38373,0.0
3.8147,0.4063,0.0
3.8147,0.42887,0.0
3.8147,0.45144,0.0
3.8147,0.47402,0.0
3.8147,0.49659,0.0
3.8147,0.51916,0.0
3.8147,0.54173,0.0
3.8147,0.5643,0.0
3.8147,0.58688,0.0
3.8147,0.60945,0.0
3.8147,0.63202,0.0
3.8147,0.65459,0.0
3.8147,0.67717,0.0
3.8147,0.69974,0.0
3.8147,0.72231,0.0
3.8147,0.74488,0.0
3.8147,0.76745,0.0
3.8147,0.79003,0.0
3.83727,-0.79003,0.0
3.83727,-0.76745,0.0
3.83727,-0.74488,0.0
3.83727,-0.72231,0.0
3.83727,-0.69974,0.0
3.83727,-0.67717,0.0
3.83727,-0.65459,0.0
3.83727,-0.63202,0.0
3.83727,-0.60945,0.0
3.83727,-0.58688,0.0
3.83727,-0.5643,0.0
3.83727,-0.54173,0.0
3.83727,-0.51916,0.0
3.83727,-0.49659,0.0
3.83727,-0.47402,0.0
3.83727,-0.45144,0.0
3.83727,-0.42887,0.0
3.83727,-0.4063,0.0
3.83727,-0.38373,0.0
3.83727,-0.36115,0.0
3.83727,-0.33858,0.0
3.83727,-0.31601,0.0
3.83727,-0.29344,0.0
3.83727,-0.27087,0.0
3.83727,-0.24829,0.0
3.83727,-0.22572,0.0
3.83727,-0.20315,0.0
3.83727,-0.18058,0.0
3.83727,-0.15801,0.0
3.83727,-0.13543,0.0
3.83727,-0.11286,0.0
3.83727,-0.09029,0.0
3.83727,-0.06772,0.0
3.83727,-0.04514,0.0
3.83727,-0.02257,0.0
3.83727,0,0.0
3.83727,0.02257,0.0
3.83727,0.04514,0.0
3.83727,0.06772,0.0
3.83727,0.09029,0.0
3.83727,0.11286,0.0
3.83727,0.13543,0.0
3.83727,0.15801,0.0
3.83727,0.18058,0.0
3.83727,0.20315,0.0
3.83727,0.22572,0.0
3.83727,0.24829,0.0
3.83727,0.27087,0.0
3.83727,0.29344,0.0
3.83727,0.31601,0.0
3.83727,0.33858,0.0
3.83727,0.36115,0.0
3.83727,0.38373,0.0
3.83727,0.4063,0.0
3.83727,0.42887,0.0
3.83727,0.45144,0.0
3.83727,0.47402,0.0
3.83727,0.49659,0.0
3.83727,0.51916,0.0
3.83727,0.54173,0.0
3.83727,0.5643,0.0
3.83727,0.58688,0.0
3.83727,0.60945,0.0
3.83727,0.63202,0.0
3.83727,0.65459,0.0
3.83727,0.67717,0.0
3.83727,0.69974,0.0
3.83727,0.72231,0.0
3.83727,0.74488,0.0
3.83727,0.76745,0.0
3.83727,0.79003,0.0
3.85984,-0.79003,0.0
3.85984,-0.76745,0.0
3.85984,-0.74488,0.0
3.85984,-0.72231,0.0
3.85984,-0.69974,0.0
3.85984,-0.67717,0.0
3.85984,-0.65459,0.0
3.85984,-0.63202,0.0
3.85984,-0.60945,0.0
3.85984,-0.58688,0.0
3.85984,-0.5643,0.0
3.85984,-0.54173,0.0
3.85984,-0.51916,0.0
3.85984,-0.49659,0.0
3.85984,-0.47402,0.0
3.85984,-0.45144,0.0
3.85984,-0.42887,0.0
3.85984,-0.4063,0.0
3.85984,-0.38373,0.0
3.85984,-0.36115,0.0
3.85984,-0.33858,0.0
3.85984,-0.31601,0.0
3.85984,-0.29344,0.0
3.85984,-0.27087,0.0
3.85984,-0.24829,0.0
3.85984,-0.22572,0.0
3.85984,-0.20315,0.0
3.85984,-0.18058,0.0
3.85984,-0.15801,0.0
3.85984,-0.13543,0.0
3.85984,-0.11286,0.0
3.85984,-0.09029,0.0
3.85984,-0.06772,0.0
3.85984,-0.04514,0.0
3.85984,-0.02257,0.0
3.85984,0,0.0
3.85984,0.02257,0.0
3.85984,0.04514,0.0
3.85984,0.06772,0.0
3.85984,0.09029,0.0
3.85984,0.11286,0.0
3.85984,0.13543,0.0
3.85984,0.15801,0.0
3.85984,0.18058,0.0
3.85984,0.20315,0.0
3.85984,0.22572,0.0
3.85984,0.24829,0.0
3.85984,0.27087,0.0
3.85984,0.29344,0.0
3.85984,0.31601,0.0
3.85984,0.33858,0.0
3.85984,0.36115,0.0
3.85984,0.38373,0.0
3.85984,0.4063,0.0
3.85984,0.42887,0.0
3.85984,0.45144,0.0
3.85984,0.47402,0.0
3.85984,0.49659,0.0
3.85984,0.51916,0.0
3.85984,0.54173,0.0
3.85984,0.5643,0.0
3.85984,0.58688,0.0
3.85984,0.60945,0.0
3.85984,0.63202,0.0
3.85984,0.65459,0.0
3.85984,0.67717,0.0
3.85984,0.69974,0.0
3.85984,0.72231,0.0
3.85984,0.74488,0.0
3.85984,0.76745,0.0
3.85984,0.79003,0.0
3.88242,-0.79003,0.0
3.88242,-0.76745,0.0
3.88242,-0.74488,0.0
3.88242,-0.72231,0.0
3.88242,-0.69974,0.0
3.88242,-0.67717,0.0
3.88242,-0.65459,0.0
3.88242,-0.63202,0.0
3.88242,-0.60945,0.0
3.88242,-0.58688,0.0
3.88242,-0.5643,0.0
3.88242,-0.54173,0.0
3.88242,-0.51916,0.0
3.88242,-0.49659,0.0
3.88242,-0.47402,0.0
3.88242,-0.45144,0.0
3.88242,-0.42887,0.0
3.88242,-0.4063,0.0
3.88242,-0.38373,0.0
3.88242,-0.36115,0.0
3.88242,-0.33858,0.0
3.88242,-0.31601,0.0
3.88242,-0.29344,0.0
3.88242,-0.27087,0.0
3.88242,-0.24829,0.0
3.88242,-0.22572,0.0
3.88242,-0.20315,0.0
3.88242,-0.18058,0.0
3.88242,-0.15801,0.0
3.88242,-0.13543,0.0
3.88242,-0.11286,0.0
3.88242,-0.09029,0.0
3.88242,-0.06772,0.0
3.88242,-0.04514,0.0
3.88242,-0.02257,0.0
3.88242,0,0.0
3.88242,0.02257,0.0
3.88242,0.04514,0.0
3.88242,0.06772,0.0
3.88242,0.09029,0.0
3.88242,0.11286,0.0
3.88242,0.13543,0.0
3.88242,0.15801,0.0
3.88242,0.18058,0.0
3.88242,0.20315,0.0
3.88242,0.22572,0.0
3.88242,0.24829,0.0
3.88242,0.27087,0.0
3.88242,0.29344,0.0
3.88242,0.31601,0.0
3.88242,0.33858,0.0
3.88242,0.36115,0.0
3.88242,0.38373,0.0
3.88242,0.4063,0.0
3.88242,0.42887,0.0
3.88242,0.45144,0.0
3.88242,0.47402,0.0
3.88242,0.49659,0.0
3.88242,0.51916,0.0
3.88242,0.54173,0.0
3.88242,0.5643,0.0
3.88242,0.58688,0.0
3.88242,0.60945,0.0
3.88242,0.63202,0.0
3.88242,0.65459,0.0
3.88242,0.67717,0.0
3.88242,0.69974,0.0
3.88242,0.72231,0.0
3.88242,0.74488,0.0
3.88242,0.76745,0.0
3.88242,0.79003,0.0
3.90499,-0.79003,0.0
3.90499,-0.76745,0.0
3.90499,-0.74488,0.0
3.90499,-0.72231,0.0
3.90499,-0.69974,0.0
3.90499,-0.67717,0.0
3.90499,-0.65459,0.0
3.90499,-0.63202,0.0
3.90499,-0.60945,0.0
3.90499,-0.58688,0.0
3.90499,-0.5643,0.0
3.90499,-0.54173,0.0
3.90499,-0.51916,0.0
3.90499,-0.49659,0.0
3.90499,-0.47402,0.0
3.90499,-0.45144,0.0
3.90499,-0.42887,0.0
3.90499,-0.4063,0.0
3.90499,-0.38373,0.0
3.90499,-0.36115,0.0
3.90499,-0.33858,0.0
3.90499,-0.31601,0.0
3.90499,-0.29344,0.0
3.90499,-0.27087,0.0
3.90499,-0.24829,0.0
3.90499,-0.22572,0.0
3.90499,-0.20315,0.0
3.90499,-0.18058,0.0
3.90499,-0.15801,0.0
3.90499,-0.13543,0.0
3.90499,-0.11286,0.0
3.90499,-0.09029,0.0
3.90499,-0.06772,0.0
3.90499,-0.04514,0.0
3.90499,-0.02257,0.0
3.90499,0,0.0
3.90499,0.02257,0.0
3.90499,0.04514,0.0
3.90499,0.06772,0.0
3.90499,0.09029,0.0
3.90499,0.11286,0.0
3.90499,0.13543,0.0
3.90499,0.15801,0.0
3.90499,0.18058,0.0
3.90499,0.20315,0.0
3.90499,0.22572,0.0
3.90499,0.24829,0.0
3.90499,0.27087,0.0
3.90499,0.29344,0.0
3.90499,0.31601,0.0
3.90499,0.33858,0.0
3.90499,0.36115,0.0
3.90499,0.38373,0.0
3.90499,0.4063,0.0
3.90499,0.42887,0.0
3.90499,0.45144,0.0
3.90499,0.47402,0.0
3.90499,0.49659,0.0
3.90499,0.51916,0.0
3.90499,0.54173,0.0
3.90499,0.5643,0.0
3.90499,0.58688,0.0
3.90499,0.60945,0.0
3.90499,0.63202,0.0
3.90499,0.65459,0.0
3.90499,0.67717,0.0
3.90499,0.69974,0.0
3.90499,0.72231,0.0
3.90499,0.74488,0.0
3.90499,0.76745,0.0
3.90499,0.79003,0.0
3.92756,-0.79003,0.0
3.92756,-0.76745,0.0
3.92756,-0.74488,0.0
3.92756,-0.72231,0.0
3.92756,-0.69974,0.0
3.92756,-0.67717,0.0
3.92756,-0.65459,0.0
3.92756,-0.63202,0.0
3.92756,-0.60945,0.0
3.92756,-0.58688,0.0
3.92756,-0.5643,0.0
3.92756,-0.54173,0.0
3.92756,-0.51916,0.0
3.92756,-0.49659,0.0
3.92756,-0.47402,0.0
3.92756,-0.45144,0.0
3.92756,-0.42887,0.0
3.92756,-0.4063,0.0
3.92756,-0.38373,0.0
3.92756,-0.36115,0.0
3.92756,-0.33858,0.0
3.92756,-0.31601,0.0
3.92756,-0.29344,0.0
3.92756,-0.27087,0.0
3.92756,-0.24829,0.0
3.92756,-0.22572,0.0
3.92756,-0.20315,0.0
3.92756,-0.18058,0.0
3.92756,-0.15801,0.0
3.92756,-0.13543,0.0
3.92756,-0.11286,0.0
3.92756,-0.09029,0.0
3.92756,-0.06772,0.0
3.92756,-0.04514,0.0
3.92756,-0.02257,0.0
3.92756,0,0.0
3.92756,0.02257,0.0
3.92756,0.04514,0.0
3.92756,0.06772,0.0
3.92756,0.09029,0.0
3.92756,0.11286,0.0
3.92756,0.13543,0.0
3.92756,0.15801,0.0
3.92756,0.18058,0.0
3.92756,0.20315,0.0
3.92756,0.22572,0.0
3.92756,0.24829,0.0
3.92756,0.27087,0.0
3.92756,0.29344,0.0
3.92756,0.31601,0.0
3.92756,0.33858,0.0
3.92756,0.36115,0.0
3.92756,0.38373,0.0
3.92756,0.4063,0.0
3.92756,0.42887,0.0
3.92756,0.45144,0.0
3.92756,0.47402,0.0
3.92756,0.49659,0.0
3.92756,0.51916,0.0
3.92756,0.54173,0.0
3.92756,0.5643,0.0
3.92756,0.58688,0.0
3.92756,0.60945,0.0
3.92756,0.63202,0.0
3.92756,0.65459,0.0
3.92756,0.67717,0.0
3.92756,0.69974,0.0
3.92756,0.72231,0.0
3.92756,0.74488,0.0
3.92756,0.76745,0.0
3.92756,0.79003,0.0
3.95013,-0.79003,0.0
3.95013,-0.76745,0.0
3.95013,-0.74488,0.0
3.95013,-0.72231,0.0
3.95013,-0.69974,0.0
3.95013,-0.67717,0.0
3.95013,-0.65459,0.0
3.95013,-0.63202,0.0
3.95013,-0.60945,0.0
3.95013,-0.58688,0.0
3.95013,-0.5643,0.0
3.95013,-0.54173,0.0
3.95013,-0.51916,0.0
3.95013,-0.49659,0.0
3.95013,-0.47402,0.0
3.95013,-0.45144,0.0
3.95013,-0.42887,0.0
3.95013,-0.4063,0.0
3.95013,-0.38373,0.0
3.95013,-0.36115,0.0
3.95013,-0.33858,0.0
3.95013,-0.31601,0.0
3.95013,-0.29344,0.0
3.95013,-0.27087,0.0
3.95013,-0.24829,0.0
3.95013,-0.22572,0.0
3.95013,-0.20315,0.0
3.95013,-0.18058,0.0
3.95013,-0.15801,0.0
3.95013,-0.13543,0.0
3.95013,-0.11286,0.0
3.95013,-0.09029,0.0
3.95013,-0.06772,0.0
3.95013,-0.04514,0.0
3.95013,-0.02257,0.0
3.95013,0,0.0
3.95013,0.02257,0.0
3.95013,0.04514,0.0
3.95013,0.06772,0.0
3.95013,0.09029,0.0
3.95013,0.11286,0.0
3.95013,0.13543,0.0
3.95013,0.15801,0.0
3.95013,0.18058,0.0
3.95013,0.20315,0.0
3.95013,0.22572,0.0
3.95013,0.24829,0.0
3.95013,0.27087,0.0
3.95013,0.29344,0.0
3.95013,0.31601,0.0
3.95013,0.33858,0.0
3.95013,0.36115,0.0
3.95013,0.38373,0.0
3.95013,0.4063,0.0
3.95013,0.42887,0.0
3.95013,0.45144,0.0
3.95013,0.47402,0.0
3.95013,0.49659,0.0
3.95013,0.51916,0.0
3.95013,0.54173,0.0
3.95013,0.5643,0.0
3.95013,0.58688,0.0
3.95013,0.60945,0.0
3.95013,0.63202,0.0
3.95013,0.65459,0.0
3.95013,0.67717,0.0
3.95013,0.69974,0.0
3.95013,0.72231,0.0
3.95013,0.74488,0.0
3.95013,0.76745,0.0
3.95013,0.79003,0.0
3.9727,-0.79003,0.0
3.9727,-0.76745,0.0
3.9727,-0.74488,0.0
3.9727,-0.72231,0.0
3.9727,-0.69974,0.0
3.9727,-0.67717,0.0
3.9727,-0.65459,0.0
3.9727,-0.63202,0.0
3.9727,-0.60945,0.0
3.9727,-0.58688,0.0
3.9727,-0.5643,0.0
3.9727,-0.54173,0.0
3.9727,-0.51916,0.0
3.9727,-0.49659,0.0
3.9727,-0.47402,0.0
3.9727,-0.45144,0.0
3.9727,-0.42887,0.0
3.9727,-0.4063,0.0
3.9727,-0.38373,0.0
3.9727,-0.36115,0.0
3.9727,-0.33858,0.0
3.9727,-0.31601,0.0
3.9727,-0.29344,0.0
3.9727,-0.27087,0.0
3.9727,-0.24829,0.0
3.9727,-0.22572,0.0
3.9727,-0.20315,0.0
3.9727,-0.18058,0.0
3.9727,-0.15801,0.0
3.9727,-0.13543,0.0
3.9727,-0.11286,0.0
3.9727,-0.09029,0.0
3.9727,-0.06772,0.0
3.9727,-0.04514,0.0
3.9727,-0.02257,0.0
3.9727,0,0.0
3.9727,0.02257,0.0
3.9727,0.04514,0.0
3.9727,0.06772,0.0
3.9727,0.09029,0.0
3.9727,0.11286,0.0
3.9727,0.13543,0.0
3.9727,0.15801,0.0
3.9727,0.18058,0.0
3.9727,0.20315,0.0
3.9727,0.22572,0.0
3.9727,0.24829,0.0
3.9727,0.27087,0.0
3.9727,0.29344,0.0
3.9727,0.31601,0.0
3.9727,0.33858,0.0
3.9727,0.36115,0.0
3.9727,0.38373,0.0
3.9727,0.4063,0.0
3.9727,0.42887,0.0
3.9727,0.45144,0.0
3.9727,0.47402,0.0
3.9727,0.49659,0.0
3.9727,0.51916,0.0
3.9727,0.54173,0.0
3.9727,0.5643,0.0
3.9727,0.58688,0.0
3.9727,0.60945,0.0
3.9727,0.63202,0.0
3.9727,0.65459,0.0
3.9727,0.67717,0.0
3.9727,0.69974,0.0
3.9727,0.72231,0.0
3.9727,0.74488,0.0
3.9727,0.76745,0.0
3.9727,0.79003,0.0
3.99528,-0.79003,0.0
3.99528,-0.76745,0.0
3.99528,-0.74488,0.0
3.99528,-0.72231,0.0
3.99528,-0.69974,0.0
3.99528,-0.67717,0.0
3.99528,-0.65459,0.0
3.99528,-0.63202,0.0
3.99528,-0.60945,0.0
3.99528,-0.58688,0.0
3.99528,-0.5643,0.0
3.99528,-0.54173,0.0
3.99528,-0.51916,0.0
3.99528,-0.49659,0.0
3.99528,-0.47402,0.0
3.99528,-0.45144,0.0
3.99528,-0.42887,0.0
3.99528,-0.4063,0.0
3.99528,-0.38373,0.0
3.99528,-0.36115,0.0
3.99528,-0.33858,0.0
3.99528,-0.31601,0.0
3.99528,-0.29344,0.0
3.99528,-0.27087,0.0
3.99528,-0.24829,0.0
3.99528,-0.22572,0.0
3.99528,-0.20315,0.0
3.99528,-0.18058,0.0
3.99528,-0.15801,0.0
3.99528,-0.13543,0.0
3.99528,-0.11286,0.0
3.99528,-0.09029,0.0
3.99528,-0.06772,0.0
3.99528,-0.04514,0.0
3.99528,-0.02257,0.0
3.99528,0,0.0
3.99528,0.02257,0.0
3.99528,0.04514,0.0
3.99528,0.06772,0.0
3.99528,0.09029,0.0
3.99528,0.11286,0.0
3.99528,0.13543,0.0
3.99528,0.15801,0.0
3.99528,0.18058,0.0
3.99528,0.20315,0.0
3.99528,0.22572,0.0
3.99528,0.24829,0.0
3.99528,0.27087,0.0
3.99528,0.29344,0.0
3.99528,0.31601,0.0
3.99528,0.33858,0.0
3.99528,0.36115,0.0
3.99528,0.38373,0.0
3.99528,0.4063,0.0
3.99528,0.42887,0.0
3.99528,0.45144,0.0
3.99528,0.47402,0.0
3.99528,0.49659,0.0
3.99528,0.51916,0.0
3.99528,0.54173,0.0
3.99528,0.5643,0.0
3.99528,0.58688,0.0
3.99528,0.60945,0.0
3.99528,0.63202,0.0
3.99528,0.65459,0.0
3.99528,0.67717,0.0
3.99528,0.69974,0.0
3.99528,0.72231,0.0
3.99528,0.74488,0.0
3.99528,0.76745,0.0
3.99528,0.79003,0.0
4.01785,-0.79003,0.0
4.01785,-0.76745,0.0
4.01785,-0.74488,0.0
4.01785,-0.72231,0.0
4.01785,-0.69974,0.0
4.01785,-0.67717,0.0
4.01785,-0.65459,0.0
4.01785,-0.63202,0.0
4.01785,-0.60945,0.0
4.01785,-0.58688,0.0
4.01785,-0.5643,0.0
4.01785,-0.54173,0.0
4.01785,-0.51916,0.0
4.01785,-0.49659,0.0
4.01785,-0.47402,0.0
4.01785,-0.45144,0.0
4.01785,-0.42887,0.0
4.01785,-0.4063,0.0
4.01785,-0.38373,0.0
4.01785,-0.36115,0.0
4.01785,-0.33858,0.0
4.01785,-0.31601,0.0
4.01785,-0.29344,0.0
4.01785,-0.27087,0.0
4.01785,-0.24829,0.0
4.01785,-0.22572,0.0
4.01785,-0.20315,0.0
4.01785,-0.18058,0.0
4.01785,-0.15801,0.0
4.01785,-0.13543,0.0
4.01785,-0.11286,0.0
4.01785,-0.09029,0.0
4.01785,-0.06772,0.0
4.01785,-0.04514,0.0
4.01785,-0.02257,0.0
4.01785,0,0.0
4.01785,0.02257,0.0
4.01785,0.04514,0.0
4.01785,0.06772,0.0
4.01785,0.09029,0.0
4.01785,0.11286,0.0
4.01785,0.13543,0.0
4.01785,0.15801,0.0
4.01785,0.18058,0.0
4.01785,0.20315,0.0
4.01785,0.22572,0.0
4.01785,0.24829,0.0
4.01785,0.27087,0.0
4.01785,0.29344,0.0
4.01785,0.31601,0.0
4.01785,0.33858,0.0
4.01785,0.36115,0.0
4.01785,0.38373,0.0
4.01785,0.4063,0.0
4.01785,0.42887,0.0
4.01785,0.45144,0.0
4.01785,0.47402,0.0
4.01785,0.49659,0.0
4.01785,0.51916,0.0
4.01785,0.54173,0.0
4.01785,0.5643,0.0
4.01785,0.58688,0.0
4.01785,0.60945,0.0
4.01785,0.63202,0.0
4.01785,0.65459,0.0
4.01785,0.67717,0.0
4.01785,0.69974,0.0
4.01785,0.72231,0.0
4.01785,0.74488,0.0
4.01785,0.76745,0.0
4.01785,0.79003,0.0
4.04042,-0.79003,0.0
4.04042,-0.76745,0.0
4.04042,-0.74488,0.0
4.04042,-0.72231,0.0
4.04042,-0.69974,0.0
4.04042,-0.67717,0.0
4.04042,-0.65459,0.0
4.04042,-0.63202,0.0
4.04042,-0.60945,0.0
4.04042,-0.58688,0.0
4.04042,-0.5643,0.0
4.04042,-0.54173,0.0
4.04042,-0.51916,0.0
4.04042,-0.49659,0.0
4.04042,-0.47402,0.0
4.04042,-0.45144,0.0
4.04042,-0.42887,0.0
4.04042,-0.4063,0.0
4.04042,-0.38373,0.0
4.04042,-0.36115,0.0
4.04042,-0.33858,0.0
4.04042,-0.31601,0.0
4.04042,-0.29344,0.0
4.04042,-0.27087,0.0
4.04042,-0.24829,0.0
4.04042,-0.22572,0.0
4.04042,-0.20315,0.0
4.04042,-0.18058,0.0
4.04042,-0.15801,0.0
4.04042,-0.13543,0.0
4.04042,-0.11286,0.0
4.04042,-0.09029,0.0
4.04042,-0.06772,0.0
4.04042,-0.04514,0.0
4.04042,-0.02257,0.0
4.04042,0,0.0
4.04042,0.02257,0.0
4.04042,0.04514,0.0
4.04042,0.06772,0.0
4.04042,0.09029,0.0
4.04042,0.11286,0.0
4.04042,0.13543,0.0
4.04042,0.15801,0.0
4.04042,0.18058,0.0
4.04042,0.20315,0.0
4.04042,0.22572,0.0
4.04042,0.24829,0.0
4.04042,0.27087,0.0
4.04042,0.29344,0.0
4.04042,0.31601,0.0
4.04042,0.33858,0.0
4.04042,0.36115,0.0
4.04042,0.38373,0.0
4.04042,0.4063,0.0
4.04042,0.42887,0.0
4.04042,0.45144,0.0
4.04042,0.47402,0.0
4.04042,0.49659,0.0
4.04042,0.51916,0.0
4.04042,0.54173,0.0
4.04042,0.5643,0.0
4.04042,0.58688,0.0
4.04042,0.60945,0.0
4.04042,0.63202,0.0
4.04042,0.65459,0.0
4.04042,0.67717,0.0
4.04042,0.69974,0.0
4.04042,0.72231,0.0
4.04042,0.74488,0.0
4.04042,0.76745,0.0
4.04042,0.79003,0.0
4.06299,-0.79003,0.0
4.06299,-0.76745,0.0
4.06299,-0.74488,0.0
4.06299,-0.72231,0.0
4.06299,-0.69974,0.0
4.06299,-0.67717,0.0
4.06299,-0.65459,0.0
4.06299,-0.63202,0.0
4.06299,-0.60945,0.0
4.06299,-0.58688,0.0
4.06299,-0.5643,0.0
4.06299,-0.54173,0.0
4.06299,-0.51916,0.0
4.06299,-0.49659,0.0
4.06299,-0.47402,0.0
4.06299,-0.45144,0.0
4.06299,-0.42887,0.0
4.06299,-0.4063,0.0
4.06299,-0.38373,0.0
4.06299,-0.36115,0.0
4.06299,-0.33858,0.0
4.06299,-0.31601,0.0
4.06299,-0.29344,0.0
4.06299,-0.27087,0.0
4.06299,-0.24829,0.0
4.06299,-0.22572,0.0
4.06299,-0.20315,0.0
4.06299,-0.18058,0.0
4.06299,-0.15801,0.0
4.06299,-0.13543,0.0
4.06299,-0.11286,0.0
4.06299,-0.09029,0.0
4.06299,-0.06772,0.0
4.06299,-0.04514,0.0
4.06299,-0.02257,0.0
4.06299,0,0.0
4.06299,0.02257,0.0
4.06299,0.04514,0.0
4.06299,0.06772,0.0
4.06299,0.09029,0.0
4.06299,0.11286,0.0
4.06299,0.13543,0.0
4.06299,0.15801,0.0
4.06299,0.18058,0.0
4.06299,0.20315,0.0
4.06299,0.22572,0.0
4.06299,0.24829,0.0
4.06299,0.27087,0.0
4.06299,0.29344,0.0
4.06299,0.31601,0.0
4.06299,0.33858,0.0
4.06299,0.36115,0.0
4.06299,0.38373,0.0
4.06299,0.4063,0.0
4.06299,0.42887,0.0
4.06299,0.45144,0.0
4.06299,0.47402,0.0
4.06299,0.49659,0.0
4.06299,0.51916,0.0
4.06299,0.54173,0.0
4.06299,0.5643,0.0
4.06299,0.58688,0.0
4.06299,0.60945,0.0
4.06299,0.63202,0.0
4.06299,0.65459,0.0
4.06299,0.67717,0.0
4.06299,0.69974,0.0
4.06299,0.72231,0.0
4.06299,0.74488,0.0
4.06299,0.76745,0.0
4.06299,0.79003,0.0
4.08557,-0.79003,0.0
4.08557,-0.76745,0.0
4.08557,-0.74488,0.0
4.08557,-0.72231,0.0
4.08557,-0.69974,0.0
4.08557,-0.67717,0.0
4.08557,-0.65459,0.0
4.08557,-0.63202,0.0
4.08557,-0.60945,0.0
4.08557,-0.58688,0.0
4.08557,-0.5643,0.0
4.08557,-0.54173,0.0
4.08557,-0.51916,0.0
4.08557,-0.49659,0.0
4.08557,-0.47402,0.0
4.08557,-0.45144,0.0
4.08557,-0.42887,0.0
4.08557,-0.4063,0.0
4.08557,-0.38373,0.0
4.08557,-0.36115,0.0
4.08557,-0.33858,0.0
4.08557,-0.31601,0.0
4.08557,-0.29344,0.0
4.08557,-0.27087,0.0
4.08557,-0.24829,0.0
4.08557,-0.22572,0.0
4.08557,-0.20315,0.0
4.08557,-0.18058,0.0
4.08557,-0.15801,0.0
4.08557,-0.13543,0.0
4.08557,-0.11286,0.0
4.08557,-0.09029,0.0
4.08557,-0.06772,0.0
4.08557,-0.04514,0.0
4.08557,-0.02257,0.0
4.08557,0,0.0
4.08557,0.02257,0.0
4.08557,0.04514,0.0
4.08557,0.06772,0.0
4.08557,0.09029,0.0
4.08557,0.11286,0.0
4.08557,0.13543,0.0
4.08557,0.15801,0.0
4.08557,0.18058,0.0
4.08557,0.20315,0.0
4.08557,0.22572,0.0
4.08557,0.24829,0.0
4.08557,0.27087,0.0
4.08557,0.29344,0.0
4.08557,0.31601,0.0
4.08557,0.33858,0.0
4.08557,0.36115,0.0
4.08557,0.38373,0.0
4.08557,0.4063,0.0
4.08557,0.42887,0.0
4.08557,0.45144,0.0
4.08557,0.47402,0.0
4.08557,0.49659,0.0
4.08557,0.51916,0.0
4.08557,0.54173,0.0
4.08557,0.5643,0.0
4.08557,0.58688,0.0
4.08557,0.60945,0.0
4.08557,0.63202,0.0
4.08557,0.65459,0.0
4.08557,0.67717,0.0
4.08557,0.69974,0.0
4.08557,0.72231,0.0
4.08557,0.74488,0.0
4.08557,0.76745,0.0
4.08557,0.79003,0.0
4.10814,-0.79003,0.0
4.10814,-0.76745,0.0
4.10814,-0.74488,0.0
4.10814,-0.72231,0.0
4.10814,-0.69974,0.0
4.10814,-0.67717,0.0
4.10814,-0.65459,0.0
4.10814,-0.63202,0.0
4.10814,-0.60945,0.0
4.10814,-0.58688,0.0
4.10814,-0.5643,0.0
4.10814,-0.54173,0.0
4.10814,-0.51916,0.0
4.10814,-0.49659,0.0
4.10814,-0.47402,0.0
4.10814,-0.45144,0.0
4.10814,-0.42887,0.0
4.10814,-0.4063,0.0
4.10814,-0.38373,0.0
4.10814,-0.36115,0.0
4.10814,-0.33858,0.0
4.10814,-0.31601,0.0
4.10814,-0.29344,0.0
4.10814,-0.27087,0.0
4.10814,-0.24829,0.0
4.10814,-0.22572,0.0
4.10814,-0.20315,0.0
4.10814,-0.18058,0.0
4.10814,-0.15801,0.0
4.10814,-0.13543,0.0
4.10814,-0.11286,0.0
4.10814,-0.09029,0.0
4.10814,-0.06772,0.0
4.10814,-0.04514,0.0
4.10814,-0.02257,0.0
4.10814,0,0.0
4.10814,0.02257,0.0
4.10814,0.04514,0.0
4.10814,0.06772,0.0
4.10814,0.09029,0.0
4.10814,0.11286,0.0
4.10814,0.13543,0.0
4.10814,0.15801,0.0
4.10814,0.18058,0.0
4.10814,0.20315,0.0
4.10814,0.22572,0.0
4.10814,0.24829,0.0
4.10814,0.27087,0.0
4.10814,0.29344,0.0
4.10814,0.31601,0.0
4.10814,0.33858,0.0
4.10814,0.36115,0.0
4.10814,0.38373,0.0
4.10814,0.4063,0.0
4.10814,0.42887,0.0
4.10814,0.45144,0.0
4.10814,0.47402,0.0
4.10814,0.49659,0.0
4.10814,0.51916,0.0
4.10814,0.54173,0.0
4.10814,0.5643,0.0
4.10814,0.58688,0.0
4.10814,0.60945,0.0
4.10814,0.63202,0.0
4.10814,0.65459,0.0
4.10814,0.67717,0.0
4.10814,0.69974,0.0
4.10814,0.72231,0.0
4.10814,0.74488,0.0
4.10814,0.76745,0.0
4.10814,0.79003,0.0
4.13071,-0.79003,0.0
4.13071,-0.76745,0.0
4.13071,-0.74488,0.0
4.13071,-0.72231,0.0
4.13071,-0.69974,0.0
4.13071,-0.67717,0.0
4.13071,-0.65459,0.0
4.13071,-0.63202,0.0
4.13071,-0.60945,0.0
4.13071,-0.58688,0.0
4.13071,-0.5643,0.0
4.13071,-0.54173,0.0
4.13071,-0.51916,0.0
4.13071,-0.49659,0.0
4.13071,-0.47402,0.0
4.13071,-0.45144,0.0
4.13071,-0.42887,0.0
4.13071,-0.4063,0.0
4.13071,-0.38373,0.0
4.13071,-0.36115,0.0
4.13071,-0.33858,0.0
4.13071,-0.31601,0.0
4.13071,-0.29344,0.0
4.13071,-0.27087,0.0
4.13071,-0.24829,0.0
4.13071,-0.22572,0.0
4.13071,-0.20315,0.0
4.13071,-0.18058,0.0
4.13071,-0.15801,0.0
4.13071,-0.13543,0.0
4.13071,-0.11286,0.0
4.13071,-0.09029,0.0
4.13071,-0.06772,0.0
4.13071,-0.04514,0.0
4.13071,-0.02257,0.0
4.13071,0,0.0
4.13071,0.02257,0.0
4.13071,0.04514,0.0
4.13071,0.06772,0.0
4.13071,0.09029,0.0
4.13071,0.11286,0.0
4.13071,0.13543,0.0
4.13071,0.15801,0.0
4.13071,0.18058,0.0
4.13071,0.20315,0.0
4.13071,0.22572,0.0
4.13071,0.24829,0.0
4.13071,0.27087,0.0
4.13071,0.29344,0.0
4.13071,0.31601,0.0
4.13071,0.33858,0.0
4.13071,0.36115,0.0
4.13071,0.38373,0.0
4.13071,0.4063,0.0
4.13071,0.42887,0.0
4.13071,0.45144,0.0
4.13071,0.47402,0.0
4.13071,0.49659,0.0
4.13071,0.51916,0.0
4.13071,0.54173,0.0
4.13071,0.5643,0.0
4.13071,0.58688,0.0
4.13071,0.60945,0.0
4.13071,0.63202,0.0
4.13071,0.65459,0.0
4.13071,0.67717,0.0
4.13071,0.69974,0.0
4.13071,0.72231,0.0
4.13071,0.74488,0.0
4.13071,0.76745,0.0
4.13071,0.79003,0.0
4.15328,-0.79003,0.0
4.15328,-0.76745,0.0
4.15328,-0.74488,0.0
4.15328,-0.72231,0.0
4.15328,-0.69974,0.0
4.15328,-0.67717,0.0
4.15328,-0.65459,0.0
4.15328,-0.63202,0.0
4.15328,-0.60945,0.0
4.15328,-0.58688,0.0
4.15328,-0.5643,0.0
4.15328,-0.54173,0.0
4.15328,-0.51916,0.0
4.15328,-0.49659,0.0
4.15328,-0.47402,0.0
4.15328,-0.45144,0.0
4.15328,-0.42887,0.0
4.15328,-0.4063,0.0
4.15328,-0.38373,0.0
4.15328,-0.36115,0.0
4.15328,-0.33858,0.0
4.15328,-0.31601,0.0
4.15328,-0.29344,0.0
4.15328,-0.27087,0.0
4.15328,-0.24829,0.0
4.15328,-0.22572,0.0
4.15328,-0.20315,0.0
4.15328,-0.18058,0.0
4.15328,-0.15801,0.0
4.15328,-0.13543,0.0
4.15328,-0.11286,0.0
4.15328,-0.09029,0.0
4.15328,-0.06772,0.0
4.15328,-0.04514,0.0
4.15328,-0.02257,0.0
4.15328,0,0.0
4.15328,0.02257,0.0
4.15328,0.04514,0.0
4.15328,0.06772,0.0
4.15328,0.09029,0.0
4.15328,0.11286,0.0
4.15328,0.13543,0.0
4.15328,0.15801,0.0
4.15328,0.18058,0.0
4.15328,0.20315,0.0
4.15328,0.22572,0.0
4.15328,0.24829,0.0
4.15328,0.27087,0.0
4.15328,0.29344,0.0
4.15328,0.31601,0.0
4.15328,0.33858,0.0
4.15328,0.36115,0.0
4.15328,0.38373,0.0
4.15328,0.4063,0.0
4.15328,0.42887,0.0
4.15328,0.45144,0.0
4.15328,0.47402,0.0
4.15328,0.49659,0.0
4.15328,0.51916,0.0
4.15328,0.54173,0.0
4.15328,0.5643,0.0
4.15328,0.58688,0.0
4.15328,0.60945,0.0
4.15328,0.63202,0.0
4.15328,0.65459,0.0
4.15328,0.67717,0.0
4.15328,0.69974,0.0
4.15328,0.72231,0.0
4.15328,0.74488,0.0
4.15328,0.76745,0.0
4.15328,0.79003,0.0
4.17585,-0.79003,0.0
4.17585,-0.76745,0.0
4.17585,-0.74488,0.0
4.17585,-0.72231,0.0
4.17585,-0.69974,0.0
4.17585,-0.67717,0.0
4.17585,-0.65459,0.0
4.17585,-0.63202,0.0
4.17585,-0.60945,0.0
4.17585,-0.58688,0.0
4.17585,-0.5643,0.0
4.17585,-0.54173,0.0
4.17585,-0.51916,0.0
4.17585,-0.49659,0.0
4.17585,-0.47402,0.0
4.17585,-0.45144,0.0
4.17585,-0.42887,0.0
4.17585,-0.4063,0.0
4.17585,-0.38373,0.0
4.17585,-0.36115,0.0
4.17585,-0.33858,0.0
4.17585,-0.31601,0.0
4.17585,-0.29344,0.0
4.17585,-0.27087,0.0
4.17585,-0.24829,0.0
4.17585,-0.22572,0.0
4.17585,-0.20315,0.0
4.17585,-0.18058,0.0
4.17585,-0.15801,0.0
4.17585,-0.13543,0.0
4.17585,-0.11286,0.0
4.17585,-0.09029,0.0
4.17585,-0.06772,0.0
4.17585,-0.04514,0.0
4.17585,-0.02257,0.0
4.17585,0,0.0
4.17585,0.02257,0.0
4.17585,0.04514,0.0
4.17585,0.06772,0.0
4.17585,0.09029,0.0
4.17585,0.11286,0.0
4.17585,0.13543,0.0
4.17585,0.15801,0.0
4.17585,0.18058,0.0
4.17585,0.20315,0.0
4.17585,0.22572,0.0
4.17585,0.24829,0.0
4.17585,0.27087,0.0
4.17585,0.29344,0.0
4.17585,0.31601,0.0
4.17585,0.33858,0.0
4.17585,0.36115,0.0
4.17585,0.38373,0.0
4.17585,0.4063,0.0
4.17585,0.42887,0.0
4.17585,0.45144,0.0
4.17585,0.47402,0.0
4.17585,0.49659,0.0
4.17585,0.51916,0.0
4.17585,0.54173,0.0
4.17585,0.5643,0.0
4.17585,0.58688,0.0
4.17585,0.60945,0.0
4.17585,0.63202,0.0
4.17585,0.65459,0.0
4.17585,0.67717,0.0
4.17585,0.69974,0.0
4.17585,0.72231,0.0
4.17585,0.74488,0.0
4.17585,0.76745,0.0
4.17585,0.79003,0.0
4.19843,-0.79003,0.0
4.19843,-0.76745,0.0
4.19843,-0.74488,0.0
4.19843,-0.72231,0.0
4.19843,-0.69974,0.0
4.19843,-0.67717,0.0
4.19843,-0.65459,0.0
4.19843,-0.63202,0.0
4.19843,-0.60945,0.0
4.19843,-0.58688,0.0
4.19843,-0.5643,0.0
4.19843,-0.54173,0.0
4.19843,-0.51916,0.0
4.19843,-0.49659,0.0
4.19843,-0.47402,0.0
4.19843,-0.45144,0.0
4.19843,-0.42887,0.0
4.19843,-0.4063,0.0
4.19843,-0.38373,0.0
4.19843,-0.36115,0.0
4.19843,-0.33858,0.0
4.19843,-0.31601,0.0
4.19843,-0.29344,0.0
4.19843,-0.27087,0.0
4.19843,-0.24829,0.0
4.19843,-0.22572,0.0
4.19843,-0.20315,0.0
4.19843,-0.18058,0.0
4.19843,-0.15801,0.0
4.19843,-0.13543,0.0
4.19843,-0.11286,0.0
4.19843,-0.09029,0.0
4.19843,-0.06772,0.0
4.19843,-0.04514,0.0
4.19843,-0.02257,0.0
4.19843,0,0.0
4.19843,0.02257,0.0
4.19843,0.04514,0.0
4.19843,0.06772,0.0
4.19843,0.09029,0.0
4.19843,0.11286,0.0
4.19843,0.13543,0.0
4.19843,0.15801,0.0
4.19843,0.18058,0.0
4.19843,0.20315,0.0
4.19843,0.22572,0.0
4.19843,0.24829,0.0
4.19843,0.27087,0.0
4.19843,0.29344,0.0
4.19843,0.31601,0.0
4.19843,0.33858,0.0
4.19843,0.36115,0.0
4.19843,0.38373,0.0
4.19843,0.4063,0.0
4.19843,0.42887,0.0
4.19843,0.45144,0.0
4.19843,0.47402,0.0
4.19843,0.49659,0.0
4.19843,0.51916,0.0
4.19843,0.54173,0.0
4.19843,0.5643,0.0
4.19843,0.58688,0.0
4.19843,0.60945,0.0
4.19843,0.63202,0.0
4.19843,0.65459,0.0
4.19843,0.67717,0.0
4.19843,0.69974,0.0
4.19843,0.72231,0.0
4.19843,0.74488,0.0
4.19843,0.76745,0.0
4.19843,0.79003,0.0
4.221,-0.79003,0.0
4.221,-0.76745,0.0
4.221,-0.74488,0.0
4.221,-0.72231,0.0
4.221,-0.69974,0.0
4.221,-0.67717,0.0
4.221,-0.65459,0.0
4.221,-0.63202,0.0
4.221,-0.60945,0.0
4.221,-0.58688,0.0
4.221,-0.5643,0.0
4.221,-0.54173,0.0
4.221,-0.51916,0.0
4.221,-0.49659,0.0
4.221,-0.47402,0.0
4.221,-0.45144,0.0
4.221,-0.42887,0.0
4.221,-0.4063,0.0
4.221,-0.38373,0.0
4.221,-0.36115,0.0
4.221,-0.33858,0.0
4.221,-0.31601,0.0
4.221,-0.29344,0.0
4.221,-0.27087,0.0
4.221,-0.24829,0.0
4.221,-0.22572,0.0
4.221,-0.20315,0.0
4.221,-0.18058,0.0
4.221,-0.15801,0.0
4.221,-0.13543,0.0
4.221,-0.11286,0.0
4.221,-0.09029,0.0
4.221,-0.06772,0.0
4.221,-0.04514,0.0
4.221,-0.02257,0.0
4.221,0,0.0
4.221,0.02257,0.0
4.221,0.04514,0.0
4.221,0.06772,0.0
4.221,0.09029,0.0
4.221,0.11286,0.0
4.221,0.13543,0.0
4.221,0.15801,0.0
4.221,0.18058,0.0
4.221,0.20315,0.0
4.221,0.22572,0.0
4.221,0.24829,0.0
4.221,0.27087,0.0
4.221,0.29344,0.0
4.221,0.31601,0.0
4.221,0.33858,0.0
4.221,0.36115,0.0
4.221,0.38373,0.0
4.221,0.4063,0.0
4.221,0.42887,0.0
4.221,0.45144,0.0
4.221,0.47402,0.0
4.221,0.49659,0.0
4.221,0.51916,0.0
4.221,0.54173,0.0
4.221,0.5643,0.0
4.221,0.58688,0.0
4.221,0.60945,0.0
4.221,0.63202,0.0
4.221,0.65459,0.0
4.221,0.67717,0.0
4.221,0.69974,0.0
4.221,0.72231,0.0
4.221,0.74488,0.0
4.221,0.76745,0.0
4.221,0.79003,0.0
4.24357,-0.79003,0.0
4.24357,-0.76745,0.0
4.24357,-0.74488,0.0
4.24357,-0.72231,0.0
4.24357,-0.69974,0.0
4.24357,-0.67717,0.0
4.24357,-0.65459,0.0
4.24357,-0.63202,0.0
4.24357,-0.60945,0.0
4.24357,-0.58688,0.0
4.24357,-0.5643,0.0
4.24357,-0.54173,0.0
4.24357,-0.51916,0.0
4.24357,-0.49659,0.0
4.24357,-0.47402,0.0
4.24357,-0.45144,0.0
4.24357,-0.42887,0.0
4.24357,-0.4063,0.0
4.24357,-0.38373,0.0
4.24357,-0.36115,0.0
4.24357,-0.33858,0.0
4.24357,-0.31601,0.0
4.24357,-0.29344,0.0
4.24357,-0.27087,0.0
4.24357,-0.24829,0.0
4.24357,-0.22572,0.0
4.24357,-0.20315,0.0
4.24357,-0.18058,0.0
4.24357,-0.15801,0.0
4.24357,-0.13543,0.0
4.24357,-0.11286,0.0
4.24357,-0.09029,0.0
4.24357,-0.06772,0.0
4.24357,-0.04514,0.0
4.24357,-0.02257,0.0
4.24357,0,0.0
4.24357,0.02257,0.0
4.24357,0.04514,0.0
4.24357,0.06772,0.0
4.24357,0.09029,0.0
4.24357,0.11286,0.0
4.24357,0.13543,0.0
4.24357,0.15801,0.0
4.24357,0.18058,0.0
4.24357,0.20315,0.0
4.24357,0.22572,0.0
4.24357,0.24829,0.0
4.24357,0.27087,0.0
4.24357,0.29344,0.0
4.24357,0.31601,0.0
4.24357,0.33858,0.0
4.24357,0.36115,0.0
4.24357,0.38373,0.0
4.24357,0.4063,0.0
4.24357,0.42887,0.0
4.24357,0.45144,0.0
4.24357,0.47402,0.0
4.24357,0.49659,0.0
4.24357,0.51916,0.0
4.24357,0.54173,0.0
4.24357,0.5643,0.0
4.24357,0.58688,0.0
4.24357,0.60945,0.0
4.24357,0.63202,0.0
4.24357,0.65459,0.0
4.24357,0.67717,0.0
4.24357,0.69974,0.0
4.24357,0.72231,0.0
4.24357,0.74488,0.0
4.24357,0.76745,0.0
4.24357,0.79003,0.0
4.26614,-0.79003,0.0
4.26614,-0.76745,0.0
4.26614,-0.74488,0.0
4.26614,-0.72231,0.0
4.26614,-0.69974,0.0
4.26614,-0.67717,0.0
4.26614,-0.65459,0.0
4.26614,-0.63202,0.0
4.26614,-0.60945,0.0
4.26614,-0.58688,0.0
4.26614,-0.5643,0.0
4.26614,-0.54173,0.0
4.26614,-0.51916,0.0
4.26614,-0.49659,0.0
4.26614,-0.47402,0.0
4.26614,-0.45144,0.0
4.26614,-0.42887,0.0
4.26614,-0.4063,0.0
4.26614,-0.38373,0.0
4.26614,-0.36115,0.0
4.26614,-0.33858,0.0
4.26614,-0.31601,0.0
4.26614,-0.29344,0.0
4.26614,-0.27087,0.0
4.26614,-0.24829,0.0
4.26614,-0.22572,0.0
4.26614,-0.20315,0.0
4.26614,-0.18058,0.0
4.26614,-0.15801,0.0
4.26614,-0.13543,0.0
4.26614,-0.11286,0.0
4.26614,-0.09029,0.0
4.26614,-0.06772,0.0
4.26614,-0.04514,0.0
4.26614,-0.02257,0.0
4.26614,0,0.0
4.26614,0.02257,0.0
4.26614,0.04514,0.0
4.26614,0.06772,0.0
4.26614,0.09029,0.0
4.26614,0.11286,0.0
4.26614,0.13543,0.0
4.26614,0.15801,0.0
4.26614,0.18058,0.0
4.26614,0.20315,0.0
4.26614,0.22572,0.0
4.26614,0.24829,0.0
4.26614,0.27087,0.0
4.26614,0.29344,0.0
4.26614,0.31601,0.0
4.26614,0.33858,0.0
4.26614,0.36115,0.0
4.26614,0.38373,0.0
4.26614,0.4063,0.0
4.26614,0.42887,0.0
4.26614,0.45144,0.0
4.26614,0.47402,0.0
4.26614,0.49659,0.0
4.26614,0.51916,0.0
4.26614,0.54173,0.0
4.26614,0.5643,0.0
4.26614,0.58688,0.0
4.26614,0.60945,0.0
4.26614,0.63202,0.0
4.26614,0.65459,0.0
4.26614,0.67717,0.0
4.26614,0.69974,0.0
4.26614,0.72231,0.0
4.26614,0.74488,0.0
4.26614,0.76745,0.0
4.26614,0.79003,0.0
4.28871,-0.79003,0.0
4.28871,-0.76745,0.0
4.28871,-0.74488,0.0
4.28871,-0.72231,0.0
4.28871,-0.69974,0.0
4.28871,-0.67717,0.0
4.28871,-0.65459,0.0
4.28871,-0.63202,0.0
4.28871,-0.60945,0.0
4.28871,-0.58688,0.0
4.28871,-0.5643,0.0
4.28871,-0.54173,0.0
4.28871,-0.51916,0.0
4.28871,-0.49659,0.0
4.28871,-0.47402,0.0
4.28871,-0.45144,0.0
4.28871,-0.42887,0.0
4.28871,-0.4063,0.0
4.28871,-0.38373,0.0
4.28871,-0.36115,0.0
4.28871,-0.33858,0.0
4.28871,-0.31601,0.0
4.28871,-0.29344,0.0
4.28871,-0.27087,0.0
4.28871,-0.24829,0.0
4.28871,-0.22572,0.0
4.28871,-0.20315,0.0
4.28871,-0.18058,0.0
4.28871,-0.15801,0.0
4.28871,-0.13543,0.0
4.28871,-0.11286,0.0
4.28871,-0.09029,0.0
4.28871,-0.06772,0.0
4.28871,-0.04514,0.0
4.28871,-0.02257,0.0
4.28871,0,0.0
4.28871,0.02257,0.0
4.28871,0.04514,0.0
4.28871,0.06772,0.0
4.28871,0.09029,0.0
4.28871,0.11286,0.0
4.28871,0.13543,0.0
4.28871,0.15801,0.0
4.28871,0.18058,0.0
4.28871,0.20315,0.0
4.28871,0.22572,0.0
4.28871,0.24829,0.0
4.28871,0.27087,0.0
4.28871,0.29344,0.0
4.28871,0.31601,0.0
4.28871,0.33858,0.0
4.28871,0.36115,0.0
4.28871,0.38373,0.0
4.28871,0.4063,0.0
4.28871,0.42887,0.0
4.28871,0.45144,0.0
4.28871,0.47402,0.0
4.28871,0.49659,0.0
4.28871,0.51916,0.0
4.28871,0.54173,0.0
4.28871,0.5643,0.0
4.28871,0.58688,0.0
4.28871,0.60945,0.0
4.28871,0.63202,0.0
4.28871,0.65459,0.0
4.28871,0.67717,0.0
4.28871,0.69974,0.0
4.28871,0.72231,0.0
4.28871,0.74488,0.0
4.28871,0.76745,0.0
4.28871,0.79003,0.0
4.31129,-0.79003,0.0
4.31129,-0.76745,0.0
4.31129,-0.74488,0.0
4.31129,-0.72231,0.0
4.31129,-0.69974,0.0
4.31129,-0.67717,0.0
4.31129,-0.65459,0.0
4.31129,-0.63202,0.0
4.31129,-0.60945,0.0
4.31129,-0.58688,0.0
4.31129,-0.5643,0.0
4.31129,-0.54173,0.0
4.31129,-0.51916,0.0
4.31129,-0.49659,0.0
4.31129,-0.47402,0.0
4.31129,-0.45144,0.0
4.31129,-0.42887,0.0
4.31129,-0.4063,0.0
4.31129,-0.38373,0.0
4.31129,-0.36115,0.0
4.31129,-0.33858,0.0
4.31129,-0.31601,0.0
4.31129,-0.29344,0.0
4.31129,-0.27087,0.0
4.31129,-0.24829,0.0
4.31129,-0.22572,0.0
4.31129,-0.20315,0.0
4.31129,-0.18058,0.0
4.31129,-0.15801,0.0
4.31129,-0.13543,0.0
4.31129,-0.11286,0.0
4.31129,-0.09029,0.0
4.31129,-0.06772,0.0
4.31129,-0.04514,0.0
4.31129,-0.02257,0.0
4.31129,0,0.0
4.31129,0.02257,0.0
4.31129,0.04514,0.0
4.31129,0.06772,0.0
4.31129,0.09029,0.0
4.31129,0.11286,0.0
4.31129,0.13543,0.0
4.31129,0.15801,0.0
4.31129,0.18058,0.0
4.31129,0.20315,0.0
4.31129,0.22572,0.0
4.31129,0.24829,0.0
4.31129,0.27087,0.0
4.31129,0.29344,0.0
4.31129,0.31601,0.0
4.31129,0.33858,0.0
4.31129,0.36115,0.0
4.31129,0.38373,0.0
4.31129,0.4063,0.0
4.31129,0.42887,0.0
4.31129,0.45144,0.0
4.31129,0.47402,0.0
4.31129,0.49659,0.0
4.31129,0.51916,0.0
4.31129,0.54173,0.0
4.31129,0.5643,0.0
4.31129,0.58688,0.0
4.31129,0.60945,0.0
4.31129,0.63202,0.0
4.31129,0.65459,0.0
4.31129,0.67717,0.0
4.31129,0.69974,0.0
4.31129,0.72231,0.0
4.31129,0.74488,0.0
4.31129,0.76745,0.0
4.31129,0.79003,0.0
4.33386,-0.79003,0.0
4.33386,-0.76745,0.0
4.33386,-0.74488,0.0
4.33386,-0.72231,0.0
4.33386,-0.69974,0.0
4.33386,-0.67717,0.0
4.33386,-0.65459,0.0
4.33386,-0.63202,0.0
4.33386,-0.60945,0.0
4.33386,-0.58688,0.0
4.33386,-0.5643,0.0
4.33386,-0.54173,0.0
4.33386,-0.51916,0.0
4.33386,-0.49659,0.0
4.33386,-0.47402,0.0
4.33386,-0.45144,0.0
4.33386,-0.42887,0.0
4.33386,-0.4063,0.0
4.33386,-0.38373,0.0
4.33386,-0.36115,0.0
4.33386,-0.33858,0.0
4.33386,-0.31601,0.0
4.33386,-0.29344,0.0
4.33386,-0.27087,0.0
4.33386,-0.24829,0.0
4.33386,-0.22572,0.0
4.33386,-0.20315,0.0
4.33386,-0.18058,0.0
4.33386,-0.15801,0.0
4.33386,-0.13543,0.0
4.33386,-0.11286,0.0
4.33386,-0.09029,0.0
4.33386,-0.06772,0.0
4.33386,-0.04514,0.0
4.33386,-0.02257,0.0
4.33386,0,0.0
4.33386,0.02257,0.0
4.33386,0.04514,0.0
4.33386,0.06772,0.0
4.33386,0.09029,0.0
4.33386,0.11286,0.0
4.33386,0.13543,0.0
4.33386,0.15801,0.0
4.33386,0.18058,0.0
4.33386,0.20315,0.0
4.33386,0.22572,0.0
4.33386,0.24829,0.0
4.33386,0.27087,0.0
4.33386,0.29344,0.0
4.33386,0.31601,0.0
4.33386,0.33858,0.0
4.33386,0.36115,0.0
4.33386,0.38373,0.0
4.33386,0.4063,0.0
4.33386,0.42887,0.0
4.33386,0.45144,0.0
4.33386,0.47402,0.0
4.33386,0.49659,0.0
4.33386,0.51916,0.0
4.33386,0.54173,0.0
4.33386,0.5643,0.0
4.33386,0.58688,0.0
4.33386,0.60945,0.0
4.33386,0.63202,0.0
4.33386,0.65459,0.0
4.33386,0.67717,0.0
4.33386,0.69974,0.0
4.33386,0.72231,0.0
4.33386,0.74488,0.0
4.33386,0.76745,0.0
4.33386,0.79003,0.0
4.35643,-0.79003,0.0
4.35643,-0.76745,0.0
4.35643,-0.74488,0.0
4.35643,-0.72231,0.0
4.35643,-0.69974,0.0
4.35643,-0.67717,0.0
4.35643,-0.65459,0.0
4.35643,-0.63202,0.0
4.35643,-0.60945,0.0
4.35643,-0.58688,0.0
4.35643,-0.5643,0.0
4.35643,-0.54173,0.0
4.35643,-0.51916,0.0
4.35643,-0.49659,0.0
4.35643,-0.47402,0.0
4.35643,-0.45144,0.0
4.35643,-0.42887,0.0
4.35643,-0.4063,0.0
4.35643,-0.38373,0.0
4.35643,-0.36115,0.0
4.35643,-0.33858,0.0
4.35643,-0.31601,0.0
4.35643,-0.29344,0.0
4.35643,-0.27087,0.0
4.35643,-0.24829,0.0
4.35643,-0.22572,0.0
4.35643,-0.20315,0.0
4.35643,-0.18058,0.0
4.35643,-0.15801,0.0
4.35643,-0.13543,0.0
4.35643,-0.11286,0.0
4.35643,-0.09029,0.0
4.35643,-0.06772,0.0
4.35643,-0.04514,0.0
4.35643,-0.02257,0.0
4.35643,0,0.0
4.35643,0.02257,0.0
4.35643,0.04514,0.0
4.35643,0.06772,0.0
4.35643,0.09029,0.0
4.35643,0.11286,0.0
4.35643,0.13543,0.0
4.35643,0.15801,0.0
4.35643,0.18058,0.0
4.35643,0.20315,0.0
4.35643,0.22572,0.0
4.35643,0.24829,0.0
4.35643,0.27087,0.0
4.35643,0.29344,0.0
4.35643,0.31601,0.0
4.35643,0.33858,0.0
4.35643,0.36115,0.0
4.35643,0.38373,0.0
4.35643,0.4063,0.0
4.35643,0.42887,0.0
4.35643,0.45144,0.0
4.35643,0.47402,0.0
4.35643,0.49659,0.0
4.35643,0.51916,0.0
4.35643,0.54173,0.0
4.35643,0.5643,0.0
4.35643,0.58688,0.0
4.35643,0.60945,0.0
4.35643,0.63202,0.0
4.35643,0.65459,0.0
4.35643,0.67717,0.0
4.35643,0.69974,0.0
4.35643,0.72231,0.0
4.35643,0.74488,0.0
4.35643,0.76745,0.0
4.35643,0.79003,0.0
4.379,-0.79003,0.0
4.379,-0.76745,0.0
4.379,-0.74488,0.0
4.379,-0.72231,0.0
4.379,-0.69974,0.0
4.379,-0.67717,0.0
4.379,-0.65459,0.0
4.379,-0.63202,0.0
4.379,-0.60945,0.0
4.379,-0.58688,0.0
4.379,-0.5643,0.0
4.379,-0.54173,0.0
4.379,-0.51916,0.0
4.379,-0.49659,0.0
4.379,-0.47402,0.0
4.379,-0.45144,0.0
4.379,-0.42887,0.0
4.379,-0.4063,0.0
4.379,-0.38373,0.0
4.379,-0.36115,0.0
4.379,-0.33858,0.0
4.379,-0.31601,0.0
4.379,-0.29344,0.0
4.379,-0.27087,0.0
4.379,-0.24829,0.0
4.379,-0.22572,0.0
4.379,-0.20315,0.0
4.379,-0.18058,0.0
4.379,-0.15801,0.0
4.379,-0.13543,0.0
4.379,-0.11286,0.0
4.379,-0.09029,0.0
4.379,-0.06772,0.0
4.379,-0.04514,0.0
4.379,-0.02257,0.0
4.379,0,0.0
4.379,0.02257,0.0
4.379,0.04514,0.0
4.379,0.06772,0.0
4.379,0.09029,0.0
4.379,0.11286,0.0
4.379,0.13543,0.0
4.379,0.15801,0.0
4.379,0.18058,0.0
4.379,0.20315,0.0
4.379,0.22572,0.0
4.379,0.24829,0.0
4.379,0.27087,0.0
4.379,0.29344,0.0
4.379,0.31601,0.0
4.379,0.33858,0.0
4.379,0.36115,0.0
4.379,0.38373,0.0
4.379,0.4063,0.0
4.379,0.42887,0.0
4.379,0.45144,0.0
4.379,0.47402,0.0
4.379,0.49659,0.0
4.379,0.51916,0.0
4.379,0.54173,0.0
4.379,0.5643,0.0
4.379,0.58688,0.0
4.379,0.60945,0.0
4.379,0.63202,0.0
4.379,0.65459,0.0
4.379,0.67717,0.0
4.379,0.69974,0.0
4.379,0.72231,0.0
4.379,0.74488,0.0
4.379,0.76745,0.0
4.379,0.79003,0.0
4.40158,-0.79003,0.0
4.40158,-0.76745,0.0
4.40158,-0.74488,0.0
4.40158,-0.72231,0.0
4.40158,-0.69974,0.0
4.40158,-0.67717,0.0
4.40158,-0.65459,0.0
4.40158,-0.63202,0.0
4.40158,-0.60945,0.0
4.40158,-0.58688,0.0
4.40158,-0.5643,0.0
4.40158,-0.54173,0.0
4.40158,-0.51916,0.0
4.40158,-0.49659,0.0
4.40158,-0.47402,0.0
4.40158,-0.45144,0.0
4.40158,-0.42887,0.0
4.40158,-0.4063,0.0
4.40158,-0.38373,0.0
4.40158,-0.36115,0.0
4.40158,-0.33858,0.0
4.40158,-0.31601,0.0
4.40158,-0.29344,0.0
4.40158,-0.27087,0.0
4.40158,-0.24829,0.0
4.40158,-0.22572,0.0
4.40158,-0.20315,0.0
4.40158,-0.18058,0.0
4.40158,-0.15801,0.0
4.40158,-0.13543,0.0
4.40158,-0.11286,0.0
4.40158,-0.09029,0.0
4.40158,-0.06772,0.0
4.40158,-0.04514,0.0
4.40158,-0.02257,0.0
4.40158,0,0.0
4.40158,0.02257,0.0
4.40158,0.04514,0.0
4.40158,0.06772,0.0
4.40158,0.09029,0.0
4.40158,0.11286,0.0
4.40158,0.13543,0.0
4.40158,0.15801,0.0
4.40158,0.18058,0.0
4.40158,0.20315,0.0
4.40158,0.22572,0.0
4.40158,0.24829,0.0
4.40158,0.27087,0.0
4.40158,0.29344,0.0
4.40158,0.31601,0.0
4.40158,0.33858,0.0
4.40158,0.36115,0.0
4.40158,0.38373,0.0
4.40158,0.4063,0.0
4.40158,0.42887,0.0
4.40158,0.45144,0.0
4.40158,0.47402,0.0
4.40158,0.49659,0.0
4.40158,0.51916,0.0
4.40158,0.54173,0.0
4.40158,0.5643,0.0
4.40158,0.58688,0.0
4.40158,0.60945,0.0
4.40158,0.63202,0.0
4.40158,0.65459,0.0
4.40158,0.67717,0.0
4.40158,0.69974,0.0
4.40158,0.72231,0.0
4.40158,0.74488,0.0
4.40158,0.76745,0.0
4.40158,0.79003,0.0
4.42415,-0.79003,0.0
4.42415,-0.76745,0.0
4.42415,-0.74488,0.0
4.42415,-0.72231,0.0
4.42415,-0.69974,0.0
4.42415,-0.67717,0.0
4.42415,-0.65459,0.0
4.42415,-0.63202,0.0
4.42415,-0.60945,0.0
4.42415,-0.58688,0.0
4.42415,-0.5643,0.0
4.42415,-0.54173,0.0
4.42415,-0.51916,0.0
4.42415,-0.49659,0.0
4.42415,-0.47402,0.0
4.42415,-0.45144,0.0
4.42415,-0.42887,0.0
4.42415,-0.4063,0.0
4.42415,-0.38373,0.0
4.42415,-0.36115,0.0
4.42415,-0.33858,0.0
4.42415,-0.31601,0.0
4.42415,-0.29344,0.0
4.42415,-0.27087,0.0
4.42415,-0.24829,0.0
4.42415,-0.22572,0.0
4.42415,-0.20315,0.0
4.42415,-0.18058,0.0
4.42415,-0.15801,0.0
4.42415,-0.13543,0.0
4.42415,-0.11286,0.0
4.42415,-0.09029,0.0
4.42415,-0.06772,0.0
4.42415,-0.04514,0.0
4.42415,-0.02257,0.0
4.42415,0,0.0
4.42415,0.02257,0.0
4.42415,0.04514,0.0
4.42415,0.06772,0.0
4.42415,0.09029,0.0
4.42415,0.11286,0.0
4.42415,0.13543,0.0
4.42415,0.15801,0.0
4.42415,0.18058,0.0
4.42415,0.20315,0.0
4.42415,0.22572,0.0
4.42415,0.24829,0.0
4.42415,0.27087,0.0
4.42415,0.29344,0.0
4.42415,0.31601,0.0
4.42415,0.33858,0.0
4.42415,0.36115,0.0
4.42415,0.38373,0.0
4.42415,0.4063,0.0
4.42415,0.42887,0.0
4.42415,0.45144,0.0
4.42415,0.47402,0.0
4.42415,0.49659,0.0
4.42415,0.51916,0.0
4.42415,0.54173,0.0
4.42415,0.5643,0.0
4.42415,0.58688,0.0
4.42415,0.60945,0.0
4.42415,0.63202,0.0
4.42415,0.65459,0.0
4.42415,0.67717,0.0
4.42415,0.69974,0.0
4.42415,0.72231,0.0
4.42415,0.74488,0.0
4.42415,0.76745,0.0
4.42415,0.79003,0.0
4.44672,-0.79003,0.0
4.44672,-0.76745,0.0
4.44672,-0.74488,0.0
4.44672,-0.72231,0.0
4.44672,-0.69974,0.0
4.44672,-0.67717,0.0
4.44672,-0.65459,0.0
4.44672,-0.63202,0.0
4.44672,-0.60945,0.0
4.44672,-0.58688,0.0
4.44672,-0.5643,0.0
4.44672,-0.54173,0.0
4.44672,-0.51916,0.0
4.44672,-0.49659,0.0
4.44672,-0.47402,0.0
4.44672,-0.45144,0.0
4.44672,-0.42887,0.0
4.44672,-0.4063,0.0
4.44672,-0.38373,0.0
4.44672,-0.36115,0.0
4.44672,-0.33858,0.0
4.44672,-0.31601,0.0
4.44672,-0.29344,0.0
4.44672,-0.27087,0.0
4.44672,-0.24829,0.0
4.44672,-0.22572,0.0
4.44672,-0.20315,0.0
4.44672,-0.18058,0.0
4.44672,-0.15801,0.0
4.44672,-0.13543,0.0
4.44672,-0.11286,0.0
4.44672,-0.09029,0.0
4.44672,-0.06772,0.0
4.44672,-0.04514,0.0
4.44672,-0.02257,0.0
4.44672,0,0.0
4.44672,0.02257,0.0
4.44672,0.04514,0.0
4.44672,0.06772,0.0
4.44672,0.09029,0.0
4.44672,0.11286,0.0
4.44672,0.13543,0.0
4.44672,0.15801,0.0
4.44672,0.18058,0.0
4.44672,0.20315,0.0
4.44672,0.22572,0.0
4.44672,0.24829,0.0
4.44672,0.27087,0.0
4.44672,0.29344,0.0
4.44672,0.31601,0.0
4.44672,0.33858,0.0
4.44672,0.36115,0.0
4.44672,0.38373,0.0
4.44672,0.4063,0.0
4.44672,0.42887,0.0
4.44672,0.45144,0.0
4.44672,0.47402,0.0
4.44672,0.49659,0.0
4.44672,0.51916,0.0
4.44672,0.54173,0.0
4.44672,0.5643,0.0
4.44672,0.58688,0.0
4.44672,0.60945,0.0
4.44672,0.63202,0.0
4.44672,0.65459,0.0
4.44672,0.67717,0.0
4.44672,0.69974,0.0
4.44672,0.72231,0.0
4.44672,0.74488,0.0
4.44672,0.76745,0.0
4.44672,0.79003,0.0
4.46929,-0.79003,0.0
4.46929,-0.76745,0.0
4.46929,-0.74488,0.0
4.46929,-0.72231,0.0
4.46929,-0.69974,0.0
4.46929,-0.67717,0.0
4.46929,-0.65459,0.0
4.46929,-0.63202,0.0
4.46929,-0.60945,0.0
4.46929,-0.58688,0.0
4.46929,-0.5643,0.0
4.46929,-0.54173,0.0
4.46929,-0.51916,0.0
4.46929,-0.49659,0.0
4.46929,-0.47402,0.0
4.46929,-0.45144,0.0
4.46929,-0.42887,0.0
4.46929,-0.4063,0.0
4.46929,-0.38373,0.0
4.46929,-0.36115,0.0
4.46929,-0.33858,0.0
4.46929,-0.31601,0.0
4.46929,-0.29344,0.0
4.46929,-0.27087,0.0
4.46929,-0.24829,0.0
4.46929,-0.22572,0.0
4.46929,-0.20315,0.0
4.46929,-0.18058,0.0
4.46929,-0.15801,0.0
4.46929,-0.13543,0.0
4.46929,-0.11286,0.0
4.46929,-0.09029,0.0
4.46929,-0.06772,0.0
4.46929,-0.04514,0.0
4.46929,-0.02257,0.0
4.46929,0,0.0
4.46929,0.02257,0.0
4.46929,0.04514,0.0
4.46929,0.06772,0.0
4.46929,0.09029,0.0
4.46929,0.11286,0.0
4.46929,0.13543,0.0
4.46929,0.15801,0.0
4.46929,0.18058,0.0
4.46929,0.20315,0.0
4.46929,0.22572,0.0
4.46929,0.24829,0.0
4.46929,0.27087,0.0
4.46929,0.29344,0.0
4.46929,0.31601,0.0
4.46929,0.33858,0.0
4.46929,0.36115,0.0
4.46929,0.38373,0.0
4.46929,0.4063,0.0
4.46929,0.42887,0.0
4.46929,0.45144,0.0
4.46929,0.47402,0.0
4.46929,0.49659,0.0
4.46929,0.51916,0.0
4.46929,0.54173,0.0
4.46929,0.5643,0.0
4.46929,0.58688,0.0
4.46929,0.60945,0.0
4.46929,0.63202,0.0
4.46929,0.65459,0.0
4.46929,0.67717,0.0
4.46929,0.69974,0.0
4.46929,0.72231,0.0
4.46929,0.74488,0.0
4.46929,0.76745,0.0
4.46929,0.79003,0.0
4.49186,-0.79003,0.0
4.49186,-0.76745,0.0
4.49186,-0.74488,0.0
4.49186,-0.72231,0.0
4.49186,-0.69974,0.0
4.49186,-0.67717,0.0
4.49186,-0.65459,0.0
4.49186,-0.63202,0.0
4.49186,-0.60945,0.0
4.49186,-0.58688,0.0
4.49186,-0.5643,0.0
4.49186,-0.54173,0.0
4.49186,-0.51916,0.0
4.49186,-0.49659,0.0
4.49186,-0.47402,0.0
4.49186,-0.45144,0.0
4.49186,-0.42887,0.0
4.49186,-0.4063,0.0
4.49186,-0.38373,0.0
4.49186,-0.36115,0.0
4.49186,-0.33858,0.0
4.49186,-0.31601,0.0
4.49186,-0.29344,0.0
4.49186,-0.27087,0.0
4.49186,-0.24829,0.0
4.49186,-0.22572,0.0
4.49186,-0.20315,0.0
4.49186,-0.18058,0.0
4.49186,-0.15801,0.0
4.49186,-0.13543,0.0
4.49186,-0.11286,0.0
4.49186,-0.09029,0.0
4.49186,-0.06772,0.0
4.49186,-0.04514,0.0
4.49186,-0.02257,0.0
4.49186,0,0.0
4.49186,0.02257,0.0
4.49186,0.04514,0.0
4.49186,0.06772,0.0
4.49186,0.09029,0.0
4.49186,0.11286,0.0
4.49186,0.13543,0.0
4.49186,0.15801,0.0
4.49186,0.18058,0.0
4.49186,0.20315,0.0
4.49186,0.22572,0.0
4.49186,0.24829,0.0
4.49186,0.27087,0.0
4.49186,0.29344,0.0
4.49186,0.31601,0.0
4.49186,0.33858,0.0
4.49186,0.36115,0.0
4.49186,0.38373,0.0
4.49186,0.4063,0.0
4.49186,0.42887,0.0
4.49186,0.45144,0.0
4.49186,0.47402,0.0
4.49186,0.49659,0.0
4.49186,0.51916,0.0
4.49186,0.54173,0.0
4.49186,0.5643,0.0
4.49186,0.58688,0.0
4.49186,0.60945,0.0
4.49186,0.63202,0.0
4.49186,0.65459,0.0
4.49186,0.67717,0.0
4.49186,0.69974,0.0
4.49186,0.72231,0.0
4.49186,0.74488,0.0
4.49186,0.76745,0.0
4.49186,0.79003,0.0
4.51444,-0.79003,0.0
4.51444,-0.76745,0.0
4.51444,-0.74488,0.0
4.51444,-0.72231,0.0
4.51444,-0.69974,0.0
4.51444,-0.67717,0.0
4.51444,-0.65459,0.0
4.51444,-0.63202,0.0
4.51444,-0.60945,0.0
4.51444,-0.58688,0.0
4.51444,-0.5643,0.0
4.51444,-0.54173,0.0
4.51444,-0.51916,0.0
4.51444,-0.49659,0.0
4.51444,-0.47402,0.0
4.51444,-0.45144,0.0
4.51444,-0.42887,0.0
4.51444,-0.4063,0.0
4.51444,-0.38373,0.0
4.51444,-0.36115,0.0
4.51444,-0.33858,0.0
4.51444,-0.31601,0.0
4.51444,-0.29344,0.0
4.51444,-0.27087,0.0
4.51444,-0.24829,0.0
4.51444,-0.22572,0.0
4.51444,-0.20315,0.0
4.51444,-0.18058,0.0
4.51444,-0.15801,0.0
4.51444,-0.13543,0.0
4.51444,-0.11286,0.0
4.51444,-0.09029,0.0
4.51444,-0.06772,0.0
4.51444,-0.04514,0.0
4.51444,-0.02257,0.0
4.51444,0,0.0
4.51444,0.02257,0.0
4.51444,0.04514,0.0
4.51444,0.06772,0.0
4.51444,0.09029,0.0
4.51444,0.11286,0.0
4.51444,0.13543,0.0
4.51444,0.15801,0.0
4.51444,0.18058,0.0
4.51444,0.20315,0.0
4.51444,0.22572,0.0
4.51444,0.24829,0.0
4.51444,0.27087,0.0
4.51444,0.29344,0.0
4.51444,0.31601,0.0
4.51444,0.33858,0.0
4.51444,0.36115,0.0
4.51444,0.38373,0.0
4.51444,0.4063,0.0
4.51444,0.42887,0.0
4.51444,0.45144,0.0
4.51444,0.47402,0.0
4.51444,0.49659,0.0
4.51444,0.51916,0.0
4.51444,0.54173,0.0
4.51444,0.5643,0.0
4.51444,0.58688,0.0
4.51444,0.60945,0.0
4.51444,0.63202,0.0
4.51444,0.65459,0.0
4.51444,0.67717,0.0
4.51444,0.69974,0.0
4.51444,0.72231,0.0
4.51444,0.74488,0.0
4.51444,0.76745,0.0
4.51444,0.79003,0.0
4.53701,-0.79003,0.0
4.53701,-0.76745,0.0
4.53701,-0.74488,0.0
4.53701,-0.72231,0.0
4.53701,-0.69974,0.0
4.53701,-0.67717,0.0
4.53701,-0.65459,0.0
4.53701,-0.63202,0.0
4.53701,-0.60945,0.0
4.53701,-0.58688,0.0
4.53701,-0.5643,0.0
4.53701,-0.54173,0.0
4.53701,-0.51916,0.0
4.53701,-0.49659,0.0
4.53701,-0.47402,0.0
4.53701,-0.45144,0.0
4.53701,-0.42887,0.0
4.53701,-0.4063,0.0
4.53701,-0.38373,0.0
4.53701,-0.36115,0.0
4.53701,-0.33858,0.0
4.53701,-0.31601,0.0
4.53701,-0.29344,0.0
4.53701,-0.27087,0.0
4.53701,-0.24829,0.0
4.53701,-0.22572,0.0
4.53701,-0.20315,0.0
4.53701,-0.18058,0.0
4.53701,-0.15801,0.0
4.53701,-0.13543,0.0
4.53701,-0.11286,0.0
4.53701,-0.09029,0.0
4.53701,-0.06772,0.0
4.53701,-0.04514,0.0
4.53701,-0.02257,0.0
4.53701,0,0.0
4.53701,0.02257,0.0
4.53701,0.04514,0.0
4.53701,0.06772,0.0
4.53701,0.09029,0.0
4.53701,0.11286,0.0
4.53701,0.13543,0.0
4.53701,0.15801,0.0
4.53701,0.18058,0.0
4.53701,0.20315,0.0
4.53701,0.22572,0.0
4.53701,0.24829,0.0
4.53701,0.27087,0.0
4.53701,0.29344,0.0
4.53701,0.31601,0.0
4.53701,0.33858,0.0
4.53701,0.36115,0.0
4.53701,0.38373,0.0
4.53701,0.4063,0.0
4.53701,0.42887,0.0
4.53701,0.45144,0.0
4.53701,0.47402,0.0
4.53701,0.49659,0.0
4.53701,0.51916,0.0
4.53701,0.54173,0.0
4.53701,0.5643,0.0
4.53701,0.58688,0.0
4.53701,0.60945,0.0
4.53701,0.63202,0.0
4.53701,0.65459,0.0
4.53701,0.67717,0.0
4.53701,0.69974,0.0
4.53701,0.72231,0.0
4.53701,0.74488,0.0
4.53701,0.76745,0.0
4.53701,0.79003,0.0
4.55958,-0.79003,0.0
4.55958,-0.76745,0.0
4.55958,-0.74488,0.0
4.55958,-0.72231,0.0
4.55958,-0.69974,0.0
4.55958,-0.67717,0.0
4.55958,-0.65459,0.0
4.55958,-0.63202,0.0
4.55958,-0.60945,0.0
4.55958,-0.58688,0.0
4.55958,-0.5643,0.0
4.55958,-0.54173,0.0
4.55958,-0.51916,0.0
4.55958,-0.49659,0.0
4.55958,-0.47402,0.0
4.55958,-0.45144,0.0
4.55958,-0.42887,0.0
4.55958,-0.4063,0.0
4.55958,-0.38373,0.0
4.55958,-0.36115,0.0
4.55958,-0.33858,0.0
4.55958,-0.31601,0.0
4.55958,-0.29344,0.0
4.55958,-0.27087,0.0
4.55958,-0.24829,0.0
4.55958,-0.22572,0.0
4.55958,-0.20315,0.0
4.55958,-0.18058,0.0
4.55958,-0.15801,0.0
4.55958,-0.13543,0.0
4.55958,-0.11286,0.0
4.55958,-0.09029,0.0
4.55958,-0.06772,0.0
4.55958,-0.04514,0.0
4.55958,-0.02257,0.0
4.55958,0,0.0
4.55958,0.02257,0.0
4.55958,0.04514,0.0
4.55958,0.06772,0.0
4.55958,0.09029,0.0
4.55958,0.11286,0.0
4.55958,0.13543,0.0
4.55958,0.15801,0.0
4.55958,0.18058,0.0
4.55958,0.20315,0.0
4.55958,0.22572,0.0
4.55958,0.24829,0.0
4.55958,0.27087,0.0
4.55958,0.29344,0.0
4.55958,0.31601,0.0
4.55958,0.33858,0.0
4.55958,0.36115,0.0
4.55958,0.38373,0.0
4.55958,0.4063,0.0
4.55958,0.42887,0.0
4.55958,0.45144,0.0
4.55958,0.47402,0.0
4.55958,0.49659,0.0
4.55958,0.51916,0.0
4.55958,0.54173,0.0
4.55958,0.5643,0.0
4.55958,0.58688,0.0
4.55958,0.60945,0.0
4.55958,0.63202,0.0
4.55958,0.65459,0.0
4.55958,0.67717,0.0
4.55958,0.69974,0.0
4.55958,0.72231,0.0
4.55958,0.74488,0.0
4.55958,0.76745,0.0
4.55958,0.79003,0.0
4.58215,-0.79003,0.0
4.58215,-0.76745,0.0
4.58215,-0.74488,0.0
4.58215,-0.72231,0.0
4.58215,-0.69974,0.0
4.58215,-0.67717,0.0
4.58215,-0.65459,0.0
4.58215,-0.63202,0.0
4.58215,-0.60945,0.0
4.58215,-0.58688,0.0
4.58215,-0.5643,0.0
4.58215,-0.54173,0.0
4.58215,-0.51916,0.0
4.58215,-0.49659,0.0
4.58215,-0.47402,0.0
4.58215,-0.45144,0.0
4.58215,-0.42887,0.0
4.58215,-0.4063,0.0
4.58215,-0.38373,0.0
4.58215,-0.36115,0.0
4.58215,-0.33858,0.0
4.58215,-0.31601,0.0
4.58215,-0.29344,0.0
4.58215,-0.27087,0.0
4.58215,-0.24829,0.0
4.58215,-0.22572,0.0
4.58215,-0.20315,0.0
4.58215,-0.18058,0.0
4.58215,-0.15801,0.0
4.58215,-0.13543,0.0
4.58215,-0.11286,0.0
4.58215,-0.09029,0.0
4.58215,-0.06772,0.0
4.58215,-0.04514,0.0
4.58215,-0.02257,0.0
4.58215,0,0.0
4.58215,0.02257,0.0
4.58215,0.04514,0.0
4.58215,0.06772,0.0
4.58215,0.09029,0.0
4.58215,0.11286,0.0
4.58215,0.13543,0.0
4.58215,0.15801,0.0
4.58215,0.18058,0.0
4.58215,0.20315,0.0
4.58215,0.22572,0.0
4.58215,0.24829,0.0
4.58215,0.27087,0.0
4.58215,0.29344,0.0
4.58215,0.31601,0.0
4.58215,0.33858,0.0
4.58215,0.36115,0.0
4.58215,0.38373,0.0
4.58215,0.4063,0.0
4.58215,0.42887,0.0
4.58215,0.45144,0.0
4.58215,0.47402,0.0
4.58215,0.49659,0.0
4.58215,0.51916,0.0
4.58215,0.54173,0.0
4.58215,0.5643,0.0
4.58215,0.58688,0.0
4.58215,0.60945,0.0
4.58215,0.63202,0.0
4.58215,0.65459,0.0
4.58215,0.67717,0.0
4.58215,0.69974,0.0
4.58215,0.72231,0.0
4.58215,0.74488,0.0
4.58215,0.76745,0.0
4.58215,0.79003,0.0
4.60473,-0.79003,0.0
4.60473,-0.76745,0.0
4.60473,-0.74488,0.0
4.60473,-0.72231,0.0
4.60473,-0.69974,0.0
4.60473,-0.67717,0.0
4.60473,-0.65459,0.0
4.60473,-0.63202,0.0
4.60473,-0.60945,0.0
4.60473,-0.58688,0.0
4.60473,-0.5643,0.0
4.60473,-0.54173,0.0
4.60473,-0.51916,0.0
4.60473,-0.49659,0.0
4.60473,-0.47402,0.0
4.60473,-0.45144,0.0
4.60473,-0.42887,0.0
4.60473,-0.4063,0.0
4.60473,-0.38373,0.0
4.60473,-0.36115,0.0
4.60473,-0.33858,0.0
4.60473,-0.31601,0.0
4.60473,-0.29344,0.0
4.60473,-0.27087,0.0
4.60473,-0.24829,0.0
4.60473,-0.22572,0.0
4.60473,-0.20315,0.0
4.60473,-0.18058,0.0
4.60473,-0.15801,0.0
4.60473,-0.13543,0.0
4.60473,-0.11286,0.0
4.60473,-0.09029,0.0
4.60473,-0.06772,0.0
4.60473,-0.04514,0.0
4.60473,-0.02257,0.0
4.60473,0,0.0
4.60473,0.02257,0.0
4.60473,0.04514,0.0
4.60473,0.06772,0.0
4.60473,0.09029,0.0
4.60473,0.11286,0.0
4.60473,0.13543,0.0
4.60473,0.15801,0.0
4.60473,0.18058,0.0
4.60473,0.20315,0.0
4.60473,0.22572,0.0
4.60473,0.24829,0.0
4.60473,0.27087,0.0
4.60473,0.29344,0.0
4.60473,0.31601,0.0
4.60473,0.33858,0.0
4.60473,0.36115,0.0
4.60473,0.38373,0.0
4.60473,0.4063,0.0
4.60473,0.42887,0.0
4.60473,0.45144,0.0
4.60473,0.47402,0.0
4.60473,0.49659,0.0
4.60473,0.51916,0.0
4.60473,0.54173,0.0
4.60473,0.5643,0.0
4.60473,0.58688,0.0
4.60473,0.60945,0.0
4.60473,0.63202,0.0
4.60473,0.65459,0.0
4.60473,0.67717,0.0
4.60473,0.69974,0.0
4.60473,0.72231,0.0
4.60473,0.74488,0.0
4.60473,0.76745,0.0
4.60473,0.79003,0.0
4.6273,-0.79003,0.0
4.6273,-0.76745,0.0
4.6273,-0.74488,0.0
4.6273,-0.72231,0.0
4.6273,-0.69974,0.0
4.6273,-0.67717,0.0
4.6273,-0.65459,0.0
4.6273,-0.63202,0.0
4.6273,-0.60945,0.0
4.6273,-0.58688,0.0
4.6273,-0.5643,0.0
4.6273,-0.54173,0.0
4.6273,-0.51916,0.0
4.6273,-0.49659,0.0
4.6273,-0.47402,0.0
4.6273,-0.45144,0.0
4.6273,-0.42887,0.0
4.6273,-0.4063,0.0
4.6273,-0.38373,0.0
4.6273,-0.36115,0.0
4.6273,-0.33858,0.0
4.6273,-0.31601,0.0
4.6273,-0.29344,0.0
4.6273,-0.27087,0.0
4.6273,-0.24829,0.0
4.6273,-0.22572,0.0
4.6273,-0.20315,0.0
4.6273,-0.18058,0.0
4.6273,-0.15801,0.0
4.6273,-0.13543,0.0
4.6273,-0.11286,0.0
4.6273,-0.09029,0.0
4.6273,-0.06772,0.0
4.6273,-0.04514,0.0
4.6273,-0.02257,0.0
4.6273,0,0.0
4.6273,0.02257,0.0
4.6273,0.04514,0.0
4.6273,0.06772,0.0
4.6273,0.09029,0.0
4.6273,0.11286,0.0
4.6273,0.13543,0.0
4.6273,0.15801,0.0
4.6273,0.18058,0.0
4.6273,0.20315,0.0
4.6273,0.22572,0.0
4.6273,0.24829,0.0
4.6273,0.27087,0.0
4.6273,0.29344,0.0
4.6273,0.31601,0.0
4.6273,0.33858,0.0
4.6273,0.36115,0.0
4.6273,0.38373,0.0
4.6273,0.4063,0.0
4.6273,0.42887,0.0
4.6273,0.45144,0.0
4.6273,0.47402,0.0
4.6273,0.49659,0.0
4.6273,0.51916,0.0
4.6273,0.54173,0.0
4.6273,0.5643,0.0
4.6273,0.58688,0.0
4.6273,0.60945,0.0
4.6273,0.63202,0.0
4.6273,0.65459,0.0
4.6273,0.67717,0.0
4.6273,0.69974,0.0
4.6273,0.72231,0.0
4.6273,0.74488,0.0
4.6273,0.76745,0.0
4.6273,0.79003,0.0
4.64987,-0.79003,0.0
4.64987,-0.76745,0.0
4.64987,-0.74488,0.0
4.64987,-0.72231,0.0
4.64987,-0.69974,0.0
4.64987,-0.67717,0.0
4.64987,-0.65459,0.0
4.64987,-0.63202,0.0
4.64987,-0.60945,0.0
4.64987,-0.58688,0.0
4.64987,-0.5643,0.0
4.64987,-0.54173,0.0
4.64987,-0.51916,0.0
4.64987,-0.49659,0.0
4.64987,-0.47402,0.0
4.64987,-0.45144,0.0
4.64987,-0.42887,0.0
4.64987,-0.4063,0.0
4.64987,-0.38373,0.0
4.64987,-0.36115,0.0
4.64987,-0.33858,0.0
4.64987,-0.31601,0.0
4.64987,-0.29344,0.0
4.64987,-0.27087,0.0
4.64987,-0.24829,0.0
4.64987,-0.22572,0.0
4.64987,-0.20315,0.0
4.64987,-0.18058,0.0
4.64987,-0.15801,0.0
4.64987,-0.13543,0.0
4.64987,-0.11286,0.0
4.64987,-0.09029,0.0
4.64987,-0.06772,0.0
4.64987,-0.04514,0.0
4.64987,-0.02257,0.0
4.64987,0,0.0
4.64987,0.02257,0.0
4.64987,0.04514,0.0
4.64987,0.06772,0.0
4.64987,0.09029,0.0
4.64987,0.11286,0.0
4.64987,0.13543,0.0
4.64987,0.15801,0.0
4.64987,0.18058,0.0
4.64987,0.20315,0.0
4.64987,0.22572,0.0
4.64987,0.24829,0.0
4.64987,0.27087,0.0
4.64987,0.29344,0.0
4.64987,0.31601,0.0
4.64987,0.33858,0.0
4.64987,0.36115,0.0
4.64987,0.38373,0.0
4.64987,0.4063,0.0
4.64987,0.42887,0.0
4.64987,0.45144,0.0
4.64987,0.47402,0.0
4.64987,0.49659,0.0
4.64987,0.51916,0.0
4.64987,0.54173,0.0
4.64987,0.5643,0.0
4.64987,0.58688,0.0
4.64987,0.60945,0.0
4.64987,0.63202,0.0
4.64987,0.65459,0.0
4.64987,0.67717,0.0
4.64987,0.69974,0.0
4.64987,0.72231,0.0
4.64987,0.74488,0.0
4.64987,0.76745,0.0
4.64987,0.79003,0.0
4.67244,-0.79003,0.0
4.67244,-0.76745,0.0
4.67244,-0.74488,0.0
4.67244,-0.72231,0.0
4.67244,-0.69974,0.0
4.67244,-0.67717,0.0
4.67244,-0.65459,0.0
4.67244,-0.63202,0.0
4.67244,-0.60945,0.0
4.67244,-0.58688,0.0
4.67244,-0.5643,0.0
4.67244,-0.54173,0.0
4.67244,-0.51916,0.0
4.67244,-0.49659,0.0
4.67244,-0.47402,0.0
4.67244,-0.45144,0.0
4.67244,-0.42887,0.0
4.67244,-0.4063,0.0
4.67244,-0.38373,0.0
4.67244,-0.36115,0.0
4.67244,-0.33858,0.0
4.67244,-0.31601,0.0
4.67244,-0.29344,0.0
4.67244,-0.27087,0.0
4.67244,-0.24829,0.0
4.67244,-0.22572,0.0
4.67244,-0.20315,0.0
4.67244,-0.18058,0.0
4.67244,-0.15801,0.0
4.67244,-0.13543,0.0
4.67244,-0.11286,0.0
4.67244,-0.09029,0.0
4.67244,-0.06772,0.0
4.67244,-0.04514,0.0
4.67244,-0.02257,0.0
4.67244,0,0.0
4.67244,0.02257,0.0
4.67244,0.04514,0.0
4.67244,0.06772,0.0
4.67244,0.09029,0.0
4.67244,0.11286,0.0
4.67244,0.13543,0.0
4.67244,0.15801,0.0
4.67244,0.18058,0.0
4.67244,0.20315,0.0
4.67244,0.22572,0.0
4.67244,0.24829,0.0
4.67244,0.27087,0.0
4.67244,0.29344,0.0
4.67244,0.31601,0.0
4.67244,0.33858,0.0
4.67244,0.36115,0.0
4.67244,0.38373,0.0
4.67244,0.4063,0.0
4.67244,0.42887,0.0
4.67244,0.45144,0.0
4.67244,0.47402,0.0
4.67244,0.49659,0.0
4.67244,0.51916,0.0
4.67244,0.54173,0.0
4.67244,0.5643,0.0
4.67244,0.58688,0.0
4.67244,0.60945,0.0
4.67244,0.63202,0.0
4.67244,0.65459,0.0
4.67244,0.67717,0.0
4.67244,0.69974,0.0
4.67244,0.72231,0.0
4.67244,0.74488,0.0
4.67244,0.76745,0.0
4.67244,0.79003,0.0
4.69501,-0.79003,0.0
4.69501,-0.76745,0.0
4.69501,-0.74488,0.0
4.69501,-0.72231,0.0
4.69501,-0.69974,0.0
4.69501,-0.67717,0.0
4.69501,-0.65459,0.0
4.69501,-0.63202,0.0
4.69501,-0.60945,0.0
4.69501,-0.58688,0.0
4.69501,-0.5643,0.0
4.69501,-0.54173,0.0
4.69501,-0.51916,0.0
4.69501,-0.49659,0.0
4.69501,-0.47402,0.0
4.69501,-0.45144,0.0
4.69501,-0.42887,0.0
4.69501,-0.4063,0.0
4.69501,-0.38373,0.0
4.69501,-0.36115,0.0
4.69501,-0.33858,0.0
4.69501,-0.31601,0.0
4.69501,-0.29344,0.0
4.69501,-0.27087,0.0
4.69501,-0.24829,0.0
4.69501,-0.22572,0.0
4.69501,-0.20315,0.0
4.69501,-0.18058,0.0
4.69501,-0.15801,0.0
4.69501,-0.13543,0.0
4.69501,-0.11286,0.0
4.69501,-0.09029,0.0
4.69501,-0.06772,0.0
4.69501,-0.04514,0.0
4.69501,-0.02257,0.0
4.69501,0,0.0
4.69501,0.02257,0.0
4.69501,0.04514,0.0
4.69501,0.06772,0.0
4.69501,0.09029,0.0
4.69501,0.11286,0.0
4.69501,0.13543,0.0
4.69501,0.15801,0.0
4.69501,0.18058,0.0
4.69501,0.20315,0.0
4.69501,0.22572,0.0
4.69501,0.24829,0.0
4.69501,0.27087,0.0
4.69501,0.29344,0.0
4.69501,0.31601,0.0
4.69501,0.33858,0.0
4.69501,0.36115,0.0
4.69501,0.38373,0.0
4.69501,0.4063,0.0
4.69501,0.42887,0.0
4.69501,0.45144,0.0
4.69501,0.47402,0.0
4.69501,0.49659,0.0
4.69501,0.51916,0.0
4.69501,0.54173,0.0
4.69501,0.5643,0.0
4.69501,0.58688,0.0
4.69501,0.60945,0.0
4.69501,0.63202,0.0
4.69501,0.65459,0.0
4.69501,0.67717,0.0
4.69501,0.69974,0.0
4.69501,0.72231,0.0
4.69501,0.74488,0.0
4.69501,0.76745,0.0
4.69501,0.79003,0.0
4.71759,-0.79003,0.0
4.71759,-0.76745,0.0
4.71759,-0.74488,0.0
4.71759,-0.72231,0.0
4.71759,-0.69974,0.0
4.71759,-0.67717,0.0
4.71759,-0.65459,0.0
4.71759,-0.63202,0.0
4.71759,-0.60945,0.0
4.71759,-0.58688,0.0
4.71759,-0.5643,0.0
4.71759,-0.54173,0.0
4.71759,-0.51916,0.0
4.71759,-0.49659,0.0
4.71759,-0.47402,0.0
4.71759,-0.45144,0.0
4.71759,-0.42887,0.0
4.71759,-0.4063,0.0
4.71759,-0.38373,0.0
4.71759,-0.36115,0.0
4.71759,-0.33858,0.0
4.71759,-0.31601,0.0
4.71759,-0.29344,0.0
4.71759,-0.27087,0.0
4.71759,-0.24829,0.0
4.71759,-0.22572,0.0
4.71759,-0.20315,0.0
4.71759,-0.18058,0.0
4.71759,-0.15801,0.0
4.71759,-0.13543,0.0
4.71759,-0.11286,0.0
4.71759,-0.09029,0.0
4.71759,-0.06772,0.0
4.71759,-0.04514,0.0
4.71759,-0.02257,0.0
4.71759,0,0.0
4.71759,0.02257,0.0
4.71759,0.04514,0.0
4.71759,0.06772,0.0
4.71759,0.09029,0.0
4.71759,0.11286,0.0
4.71759,0.13543,0.0
4.71759,0.15801,0.0
4.71759,0.18058,0.0
4.71759,0.20315,0.0
4.71759,0.22572,0.0
4.71759,0.24829,0.0
4.71759,0.27087,0.0
4.71759,0.29344,0.0
4.71759,0.31601,0.0
4.71759,0.33858,0.0
4.71759,0.36115,0.0
4.71759,0.38373,0.0
4.71759,0.4063,0.0
4.71759,0.42887,0.0
4.71759,0.45144,0.0
4.71759,0.47402,0.0
4.71759,0.49659,0.0
4.71759,0.51916,0.0
4.71759,0.54173,0.0
4.71759,0.5643,0.0
4.71759,0.58688,0.0
4.71759,0.60945,0.0
4.71759,0.63202,0.0
4.71759,0.65459,0.0
4.71759,0.67717,0.0
4.71759,0.69974,0.0
4.71759,0.72231,0.0
4.71759,0.74488,0.0
4.71759,0.76745,0.0
4.71759,0.79003,0.0
4.74016,-0.79003,0.0
4.74016,-0.76745,0.0
4.74016,-0.74488,0.0
4.74016,-0.72231,0.0
4.74016,-0.69974,0.0
4.74016,-0.67717,0.0
4.74016,-0.65459,0.0
4.74016,-0.63202,0.0
4.74016,-0.60945,0.0
4.74016,-0.58688,0.0
4.74016,-0.5643,0.0
4.74016,-0.54173,0.0
4.74016,-0.51916,0.0
4.74016,-0.49659,0.0
4.74016,-0.47402,0.0
4.74016,-0.45144,0.0
4.74016,-0.42887,0.0
4.74016,-0.4063,0.0
4.74016,-0.38373,0.0
4.74016,-0.36115,0.0
4.74016,-0.33858,0.0
4.74016,-0.31601,0.0
4.74016,-0.29344,0.0
4.74016,-0.27087,0.0
4.74016,-0.24829,0.0
4.74016,-0.22572,0.0
4.74016,-0.20315,0.0
4.74016,-0.18058,0.0
4.74016,-0.15801,0.0
4.74016,-0.13543,0.0
4.74016,-0.11286,0.0
4.74016,-0.09029,0.0
4.74016,-0.06772,0.0
4.74016,-0.04514,0.0
4.74016,-0.02257,0.0
4.74016,0,0.0
4.74016,0.02257,0.0
4.74016,0.04514,0.0
4.74016,0.06772,0.0
4.74016,0.09029,0.0
4.74016,0.11286,0.0
4.74016,0.13543,0.0
4.74016,0.15801,0.0
4.74016,0.18058,0.0
4.74016,0.20315,0.0
4.74016,0.22572,0.0
4.74016,0.24829,0.0
4.74016,0.27087,0.0
4.74016,0.29344,0.0
4.74016,0.31601,0.0
4.74016,0.33858,0.0
4.74016,0.36115,0.0
4.74016,0.38373,0.0
4.74016,0.4063,0.0
4.74016,0.42887,0.0
4.74016,0.45144,0.0
4.74016,0.47402,0.0
4.74016,0.49659,0.0
4.74016,0.51916,0.0
4.74016,0.54173,0.0
4.74016,0.5643,0.0
4.74016,0.58688,0.0
4.74016,0.60945,0.0
4.74016,0.63202,0.0
4.74016,0.65459,0.0
4.74016,0.67717,0.0
4.74016,0.69974,0.0
4.74016,0.72231,0.0
4.74016,0.74488,0.0
4.74016,0.76745,0.0
4.74016,0.79003,0.0
4.76273,-0.79003,0.0
4.76273,-0.76745,0.0
4.76273,-0.74488,0.0
4.76273,-0.72231,0.0
4.76273,-0.69974,0.0
4.76273,-0.67717,0.0
4.76273,-0.65459,0.0
4.76273,-0.63202,0.0
4.76273,-0.60945,0.0
4.76273,-0.58688,0.0
4.76273,-0.5643,0.0
4.76273,-0.54173,0.0
4.76273,-0.51916,0.0
4.76273,-0.49659,0.0
4.76273,-0.47402,0.0
4.76273,-0.45144,0.0
4.76273,-0.42887,0.0
4.76273,-0.4063,0.0
4.76273,-0.38373,0.0
4.76273,-0.36115,0.0
4.76273,-0.33858,0.0
4.76273,-0.31601,0.0
4.76273,-0.29344,0.0
4.76273,-0.27087,0.0
4.76273,-0.24829,0.0
4.76273,-0.22572,0.0
4.76273,-0.20315,0.0
4.76273,-0.18058,0.0
4.76273,-0.15801,0.0
4.76273,-0.13543,0.0
4.76273,-0.11286,0.0
4.76273,-0.09029,0.0
4.76273,-0.06772,0.0
4.76273,-0.04514,0.0
4.76273,-0.02257,0.0
4.76273,0,0.0
4.76273,0.02257,0.0
4.76273,0.04514,0.0
4.76273,0.06772,0.0
4.76273,0.09029,0.0
4.76273,0.11286,0.0
4.76273,0.13543,0.0
4.76273,0.15801,0.0
4.76273,0.18058,0.0
4.76273,0.20315,0.0
4.76273,0.22572,0.0
4.76273,0.24829,0.0
4.76273,0.27087,0.0
4.76273,0.29344,0.0
4.76273,0.31601,0.0
4.76273,0.33858,0.0
4.76273,0.36115,0.0
4.76273,0.38373,0.0
4.76273,0.4063,0.0
4.76273,0.42887,0.0
4.76273,0.45144,0.0
4.76273,0.47402,0.0
4.76273,0.49659,0.0
4.76273,0.51916,0.0
4.76273,0.54173,0.0
4.76273,0.5643,0.0
4.76273,0.58688,0.0
4.76273,0.60945,0.0
4.76273,0.63202,0.0
4.76273,0.65459,0.0
4.76273,0.67717,0.0
4.76273,0.69974,0.0
4.76273,0.72231,0.0
4.76273,0.74488,0.0
4.76273,0.76745,0.0
4.76273,0.79003,0.0
4.7853,-0.79003,0.0
4.7853,-0.76745,0.0
4.7853,-0.74488,0.0
4.7853,-0.72231,0.0
4.7853,-0.69974,0.0
4.7853,-0.67717,0.0
4.7853,-0.65459,0.0
4.7853,-0.63202,0.0
4.7853,-0.60945,0.0
4.7853,-0.58688,0.0
4.7853,-0.5643,0.0
4.7853,-0.54173,0.0
4.7853,-0.51916,0.0
4.7853,-0.49659,0.0
4.7853,-0.47402,0.0
4.7853,-0.45144,0.0
4.7853,-0.42887,0.0
4.7853,-0.4063,0.0
4.7853,-0.38373,0.0
4.7853,-0.36115,0.0
4.7853,-0.33858,0.0
4.7853,-0.31601,0.0
4.7853,-0.29344,0.0
4.7853,-0.27087,0.0
4.7853,-0.24829,0.0
4.7853,-0.22572,0.0
4.7853,-0.20315,0.0
4.7853,-0.18058,0.0
4.7853,-0.15801,0.0
4.7853,-0.13543,0.0
4.7853,-0.11286,0.0
4.7853,-0.09029,0.0
4.7853,-0.06772,0.0
4.7853,-0.04514,0.0
4.7853,-0.02257,0.0
4.7853,0,0.0
4.7853,0.02257,0.0
4.7853,0.04514,0.0
4.7853,0.06772,0.0
4.7853,0.09029,0.0
4.7853,0.11286,0.0
4.7853,0.13543,0.0
4.7853,0.15801,0.0
4.7853,0.18058,0.0
4.7853,0.20315,0.0
4.7853,0.22572,0.0
4.7853,0.24829,0.0
4.7853,0.27087,0.0
4.7853,0.29344,0.0
4.7853,0.31601,0.0
4.7853,0.33858,0.0
4.7853,0.36115,0.0
4.7853,0.38373,0.0
4.7853,0.4063,0.0
4.7853,0.42887,0.0
4.7853,0.45144,0.0
4.7853,0.47402,0.0
4.7853,0.49659,0.0
4.7853,0.51916,0.0
4.7853,0.54173,0.0
4.7853,0.5643,0.0
4.7853,0.58688,0.0
4.7853,0.60945,0.0
4.7853,0.63202,0.0
4.7853,0.65459,0.0
4.7853,0.67717,0.0
4.7853,0.69974,0.0
4.7853,0.72231,0.0
4.7853,0.74488,0.0
4.7853,0.76745,0.0
4.7853,0.79003,0.0
