x,y,theta
-8.18025,-0.63331,0.0
-8.18025,-0.60692,0.0
-8.18025,-0.58053,0.0
-8.18025,-0.55415,0.0
-8.18025,-0.52776,0.0
-8.18025,-0.50137,0.0
-8.18025,-0.47498,0.0
-8.18025,-0.44859,0.0
-8.18025,-0.42221,0.0
-8.18025,-0.39582,0.0
-8.18025,-0.36943,0.0
-8.18025,-0.34304,0.0
-8.18025,-0.31665,0.0
-8.18025,-0.29027,0.0
-8.18025,-0.26388,0.0
-8.18025,-0.23749,0.0
-8.18025,-0.2111,0.0
-8.18025,-0.18472,0.0
-8.18025,-0.15833,0.0
-8.18025,-0.13194,0.0
-8.18025,-0.10555,0.0
-8.18025,-0.07916,0.0
-8.18025,-0.05278,0.0
-8.18025,-0.02639,0.0
-8.18025,0,0.0
-8.18025,0.02639,0.0
-8.18025,0.05278,0.0
-8.18025,0.07916,0.0
-8.18025,0.10555,0.0
-8.18025,0.13194,0.0
-8.18025,0.15833,0.0
-8.18025,0.18472,0.0
-8.18025,0.2111,0.0
-8.18025,0.23749,0.0
-8.18025,0.26388,0.0
-8.18025,0.29027,0.0
-8.18025,0.31665,0.0
-8.18025,0.34304,0.0
-8.18025,0.36943,0.0
-8.18025,0.39582,0.0
-8.18025,0.42221,0.0
-8.18025,0.44859,0.0
-8.18025,0.47498,0.0
-8.18025,0.50137,0.0
-8.18025,0.52776,0.0
-8.18025,0.55415,0.0
-8.18025,0.58053,0.0
-8.18025,0.60692,0.0
-8.18025,0.63331,0.0
-8.15386,-0.63331,0.0
-8.15386,-0.60692,0.0
-8.15386,-0.58053,0.0
-8.15386,-0.55415,0.0
-8.15386,-0.52776,0.0
-8.15386,-0.50137,0.0
-8.15386,-0.47498,0.0
-8.15386,-0.44859,0.0
-8.15386,-0.42221,0.0
-8.15386,-0.39582,0.0
-8.15386,-0.36943,0.0
-8.15386,-0.34304,0.0
-8.15386,-0.31665,0.0
-8.15386,-0.29027,0.0
-8.15386,-0.26388,0.0
-8.15386,-0.23749,0.0
-8.15386,-0.2111,0.0
-8.15386,-0.18472,0.0
-8.15386,-0.15833,0.0
-8.15386,-0.13194,0.0
-8.15386,-0.10555,0.0
-8.15386,-0.07916,0.0
-8.15386,-0.05278,0.0
-8.15386,-0.02639,0.0
-8.15386,0,0.0
-8.15386,0.02639,0.0
-8.15386,0.05278,0.0
-8.15386,0.07916,0.0
-8.15386,0.10555,0.0
-8.15386,0.13194,0.0
-8.15386,0.15833,0.0
-8.15386,0.18472,0.0
-8.15386,0.2111,0.0
-8.15386,0.23749,0.0
-8.15386,0.26388,0.0
-8.15386,0.29027,0.0
-8.15386,0.31665,0.0
-8.15386,0.34304,0.0
-8.15386,0.36943,0.0
-8.15386,0.39582,0.0
-8.15386,0.42221,0.0
-8.15386,0.44859,0.0
-8.15386,0.47498,0.0
-8.15386,0.50137,0.0
-8.15386,0.52776,0.0
-8.15386,0.55415,0.0
-8.15386,0.58053,0.0
-8.15386,0.60692,0.0
-8.15386,0.63331,0.0
-8.12747,-0.63331,0.0
-8.12747,-0.60692,0.0
-8.12747,-0.58053,0.0
-8.12747,-0.55415,0.0
-8.12747,-0.52776,0.0
-8.12747,-0.50137,0.0
-8.12747,-0.47498,0.0
-8.12747,-0.44859,0.0
-8.12747,-0.42221,0.0
-8.12747,-0.39582,0.0
-8.12747,-0.36943,0.0
-8.12747,-0.34304,0.0
-8.12747,-0.31665,0.0
-8.12747,-0.29027,0.0
-8.12747,-0.26388,0.0
-8.12747,-0.23749,0.0
-8.12747,-0.2111,0.0
-8.12747,-0.18472,0.0
-8.12747,-0.15833,0.0
-8.12747,-0.13194,0.0
-8.12747,-0.10555,0.0
-8.12747,-0.07916,0.0
-8.12747,-0.05278,0.0
-8.12747,-0.02639,0.0
-8.12747,0,0.0
-8.12747,0.02639,0.0
-8.12747,0.05278,0.0
-8.12747,0.07916,0.0
-8.12747,0.10555,0.0
-8.12747,0.13194,0.0
-8.12747,0.15833,0.0
-8.12747,0.18472,0.0
-8.12747,0.2111,0.0
-8.12747,0.23749,0.0
-8.12747,0.26388,0.0
-8.12747,0.29027,0.0
-8.12747,0.31665,0.0
-8.12747,0.34304,0.0
-8.12747,0.36943,0.0
-8.12747,0.39582,0.0
-8.12747,0.42221,0.0
-8.12747,0.44859,0.0
-8.12747,0.47498,0.0
-8.12747,0.50137,0.0
-8.12747,0.52776,0.0
-8.12747,0.55415,0.0
-8.12747,0.58053,0.0
-8.12747,0.60692,0.0
-8.12747,0.63331,0.0
-8.10109,-0.63331,0.0
-8.10109,-0.60692,0.0
-8.10109,-0.58053,0.0
-8.10109,-0.55415,0.0
-8.10109,-0.52776,0.0
-8.10109,-0.50137,0.0
-8.10109,-0.47498,0.0
-8.10109,-0.44859,0.0
-8.10109,-0.42221,0.0
-8.10109,-0.39582,0.0
-8.10109,-0.36943,0.0
-8.10109,-0.34304,0.0
-8.10109,-0.31665,0.0
-8.10109,-0.29027,0.0
-8.10109,-0.26388,0.0
-8.10109,-0.23749,0.0
-8.10109,-0.2111,0.0
-8.10109,-0.18472,0.0
-8.10109,-0.15833,0.0
-8.10109,-0.13194,0.0
-8.10109,-0.10555,0.0
-8.10109,-0.07916,0.0
-8.10109,-0.05278,0.0
-8.10109,-0.02639,0.0
-8.10109,0,0.0
-8.10109,0.02639,0.0
-8.10109,0.05278,0.0
-8.10109,0.07916,0.0
-8.10109,0.10555,0.0
-8.10109,0.13194,0.0
-8.10109,0.15833,0.0
-8.10109,0.18472,0.0
-8.10109,0.2111,0.0
-8.10109,0.23749,0.0
-8.10109,0.26388,0.0
-8.10109,0.29027,0.0
-8.10109,0.31665,0.0
-8.10109,0.34304,0.0
-8.10109,0.36943,0.0
-8.10109,0.39582,0.0
-8.10109,0.42221,0.0
-8.10109,0.44859,0.0
-8.10109,0.47498,0.0
-8.10109,0.50137,0.0
-8.10109,0.52776,0.0
-8.10109,0.55415,0.0
-8.10109,0.58053,0.0
-8.10109,0.60692,0.0
-8.10109,0.63331,0.0
-8.0747,-0.63331,0.0
-8.0747,-0.60692,0.0
-8.0747,-0.58053,0.0
-8.0747,-0.55415,0.0
-8.0747,-0.52776,0.0
-8.0747,-0.50137,0.0
-8.0747,-0.47498,0.0
-8.0747,-0.44859,0.0
-8.0747,-0.42221,0.0
-8.0747,-0.39582,0.0
-8.0747,-0.36943,0.0
-8.0747,-0.34304,0.0
-8.0747,-0.31665,0.0
-8.0747,-0.29027,0.0
-8.0747,-0.26388,0.0
-8.0747,-0.23749,0.0
-8.0747,-0.2111,0.0
-8.0747,-0.18472,0.0
-8.0747,-0.15833,0.0
-8.0747,-0.13194,0.0
-8.0747,-0.10555,0.0
-8.0747,-0.07916,0.0
-8.0747,-0.05278,0.0
-8.0747,-0.02639,0.0
-8.0747,0,0.0
-8.0747,0.02639,0.0
-8.0747,0.05278,0.0
-8.0747,0.07916,0.0
-8.0747,0.10555,0.0
-8.0747,0.13194,0.0
-8.0747,0.15833,0.0
-8.0747,0.18472,0.0
-8.0747,0.2111,0.0
-8.0747,0.23749,0.0
-8.0747,0.26388,0.0
-8.0747,0.29027,0.0
-8.0747,0.31665,0.0
-8.0747,0.34304,0.0
-8.0747,0.36943,0.0
-8.0747,0.39582,0.0
-8.0747,0.42221,0.0
-8.0747,0.44859,0.0
-8.0747,0.47498,0.0
-8.0747,0.50137,0.0
-8.0747,0.52776,0.0
-8.0747,0.55415,0.0
-8.0747,0.58053,0.0
-8.0747,0.60692,0.0
-8.0747,0.63331,0.0
-8.04831,-0.63331,0.0
-8.04831,-0.60692,0.0
-8.04831,-0.58053,0.0
-8.04831,-0.55415,0.0
-8.04831,-0.52776,0.0
-8.04831,-0.50137,0.0
-8.04831,-0.47498,0.0
-8.04831,-0.44859,0.0
-8.04831,-0.42221,0.0
-8.04831,-0.39582,0.0
-8.04831,-0.36943,0.0
-8.04831,-0.34304,0.0
-8.04831,-0.31665,0.0
-8.04831,-0.29027,0.0
-8.04831,-0.26388,0.0
-8.04831,-0.23749,0.0
-8.04831,-0.2111,0.0
-8.04831,-0.18472,0.0
-8.04831,-0.15833,0.0
-8.04831,-0.13194,0.0
-8.04831,-0.10555,0.0
-8.04831,-0.07916,0.0
-8.04831,-0.05278,0.0
-8.04831,-0.02639,0.0
-8.04831,0,0.0
-8.04831,0.02639,0.0
-8.04831,0.05278,0.0
-8.04831,0.07916,0.0
-8.04831,0.10555,0.0
-8.04831,0.13194,0.0
-8.04831,0.15833,0.0
-8.04831,0.18472,0.0
-8.04831,0.2111,0.0
-8.04831,0.23749,0.0
-8.04831,0.26388,0.0
-8.04831,0.29027,0.0
-8.04831,0.31665,0.0
-8.04831,0.34304,0.0
-8.04831,0.36943,0.0
-8.04831,0.39582,0.0
-8.04831,0.42221,0.0
-8.04831,0.44859,0.0
-8.04831,0.47498,0.0
-8.04831,0.50137,0.0
-8.04831,0.52776,0.0
-8.04831,0.55415,0.0
-8.04831,0.58053,0.0
-8.04831,0.60692,0.0
-8.04831,0.63331,0.0
-8.02192,-0.63331,0.0
-8.02192,-0.60692,0.0
-8.02192,-0.58053,0.0
-8.02192,-0.55415,0.0
-8.02192,-0.52776,0.0
-8.02192,-0.50137,0.0
-8.02192,-0.47498,0.0
-8.02192,-0.44859,0.0
-8.02192,-0.42221,0.0
-8.02192,-0.39582,0.0
-8.02192,-0.36943,0.0
-8.02192,-0.34304,0.0
-8.02192,-0.31665,0.0
-8.02192,-0.29027,0.0
-8.02192,-0.26388,0.0
-8.02192,-0.23749,0.0
-8.02192,-0.2111,0.0
-8.02192,-0.18472,0.0
-8.02192,-0.15833,0.0
-8.02192,-0.13194,0.0
-8.02192,-0.10555,0.0
-8.02192,-0.07916,0.0
-8.02192,-0.05278,0.0
-8.02192,-0.02639,0.0
-8.02192,0,0.0
-8.02192,0.02639,0.0
-8.02192,0.05278,0.0
-8.02192,0.07916,0.0
-8.02192,0.10555,0.0
-8.02192,0.13194,0.0
-8.02192,0.15833,0.0
-8.02192,0.18472,0.0
-8.02192,0.2111,0.0
-8.02192,0.23749,0.0
-8.02192,0.26388,0.0
-8.02192,0.29027,0.0
-8.02192,0.31665,0.0
-8.02192,0.34304,0.0
-8.02192,0.36943,0.0
-8.02192,0.39582,0.0
-8.02192,0.42221,0.0
-8.02192,0.44859,0.0
-8.02192,0.47498,0.0
-8.02192,0.50137,0.0
-8.02192,0.52776,0.0
-8.02192,0.55415,0.0
-8.02192,0.58053,0.0
-8.02192,0.60692,0.0
-8.02192,0.63331,0.0
-7.99553,-0.63331,0.0
-7.99553,-0.60692,0.0
-7.99553,-0.58053,0.0
-7.99553,-0.55415,0.0
-7.99553,-0.52776,0.0
-7.99553,-0.50137,0.0
-7.99553,-0.47498,0.0
-7.99553,-0.44859,0.0
-7.99553,-0.42221,0.0
-7.99553,-0.39582,0.0
-7.99553,-0.36943,0.0
-7.99553,-0.34304,0.0
-7.99553,-0.31665,0.0
-7.99553,-0.29027,0.0
-7.99553,-0.26388,0.0
-7.99553,-0.23749,0.0
-7.99553,-0.2111,0.0
-7.99553,-0.18472,0.0
-7.99553,-0.15833,0.0
-7.99553,-0.13194,0.0
-7.99553,-0.10555,0.0
-7.99553,-0.07916,0.0
-7.99553,-0.05278,0.0
-7.99553,-0.02639,0.0
-7.99553,0,0.0
-7.99553,0.02639,0.0
-7.99553,0.05278,0.0
-7.99553,0.07916,0.0
-7.99553,0.10555,0.0
-7.99553,0.13194,0.0
-7.99553,0.15833,0.0
-7.99553,0.18472,0.0
-7.99553,0.2111,0.0
-7.99553,0.23749,0.0
-7.99553,0.26388,0.0
-7.99553,0.29027,0.0
-7.99553,0.31665,0.0
-7.99553,0.34304,0.0
-7.99553,0.36943,0.0
-7.99553,0.39582,0.0
-7.99553,0.42221,0.0
-7.99553,0.44859,0.0
-7.99553,0.47498,0.0
-7.99553,0.50137,0.0
-7.99553,0.52776,0.0
-7.99553,0.55415,0.0
-7.99553,0.58053,0.0
-7.99553,0.60692,0.0
-7.99553,0.63331,0.0
-7.96915,-0.63331,0.0
-7.96915,-0.60692,0.0
-7.96915,-0.58053,0.0
-7.96915,-0.55415,0.0
-7.96915,-0.52776,0.0
-7.96915,-0.50137,0.0
-7.96915,-0.47498,0.0
-7.96915,-0.44859,0.0
-7.96915,-0.42221,0.0
-7.96915,-0.39582,0.0
-7.96915,-0.36943,0.0
-7.96915,-0.34304,0.0
-7.96915,-0.31665,0.0
-7.96915,-0.29027,0.0
-7.96915,-0.26388,0.0
-7.96915,-0.23749,0.0
-7.96915,-0.2111,0.0
-7.96915,-0.18472,0.0
-7.96915,-0.15833,0.0
-7.96915,-0.13194,0.0
-7.96915,-0.10555,0.0
-7.96915,-0.07916,0.0
-7.96915,-0.05278,0.0
-7.96915,-0.02639,0.0
-7.96915,0,0.0
-7.96915,0.02639,0.0
-7.96915,0.05278,0.0
-7.96915,0.07916,0.0
-7.96915,0.10555,0.0
-7.96915,0.13194,0.0
-7.96915,0.15833,0.0
-7.96915,0.18472,0.0
-7.96915,0.2111,0.0
-7.96915,0.23749,0.0
-7.96915,0.26388,0.0
-7.96915,0.29027,0.0
-7.96915,0.31665,0.0
-7.96915,0.34304,0.0
-7.96915,0.36943,0.0
-7.96915,0.39582,0.0
-7.96915,0.42221,0.0
-7.96915,0.44859,0.0
-7.96915,0.47498,0.0
-7.96915,0.50137,0.0
-7.96915,0.52776,0.0
-7.96915,0.55415,0.0
-7.96915,0.58053,0.0
-7.96915,0.60692,0.0
-7.96915,0.63331,0.0
-7.94276,-0.63331,0.0
-7.94276,-0.60692,0.0
-7.94276,-0.58053,0.0
-7.94276,-0.55415,0.0
-7.94276,-0.52776,0.0
-7.94276,-0.50137,0.0
-7.94276,-0.47498,0.0
-7.94276,-0.44859,0.0
-7.94276,-0.42221,0.0
-7.94276,-0.39582,0.0
-7.94276,-0.36943,0.0
-7.94276,-0.34304,0.0
-7.94276,-0.31665,0.0
-7.94276,-0.29027,0.0
-7.94276,-0.26388,0.0
-7.94276,-0.23749,0.0
-7.94276,-0.2111,0.0
-7.94276,-0.18472,0.0
-7.94276,-0.15833,0.0
-7.94276,-0.13194,0.0
-7.94276,-0.10555,0.0
-7.94276,-0.07916,0.0
-7.94276,-0.05278,0.0
-7.94276,-0.02639,0.0
-7.94276,0,0.0
-7.94276,0.02639,0.0
-7.94276,0.05278,0.0
-7.94276,0.07916,0.0
-7.94276,0.10555,0.0
-7.94276,0.13194,0.0
-7.94276,0.15833,0.0
-7.94276,0.18472,0.0
-7.94276,0.2111,0.0
-7.94276,0.23749,0.0
-7.94276,0.26388,0.0
-7.94276,0.29027,0.0
-7.94276,0.31665,0.0
-7.94276,0.34304,0.0
-7.94276,0.36943,0.0
-7.94276,0.39582,0.0
-7.94276,0.42221,0.0
-7.94276,0.44859,0.0
-7.94276,0.47498,0.0
-7.94276,0.50137,0.0
-7.94276,0.52776,0.0
-7.94276,0.55415,0.0
-7.94276,0.58053,0.0
-7.94276,0.60692,0.0
-7.94276,0.63331,0.0
-7.91637,-0.63331,0.0
-7.91637,-0.60692,0.0
-7.91637,-0.58053,0.0
-7.91637,-0.55415,0.0
-7.91637,-0.52776,0.0
-7.91637,-0.50137,0.0
-7.91637,-0.47498,0.0
-7.91637,-0.44859,0.0
-7.91637,-0.42221,0.0
-7.91637,-0.39582,0.0
-7.91637,-0.36943,0.0
-7.91637,-0.34304,0.0
-7.91637,-0.31665,0.0
-7.91637,-0.29027,0.0
-7.91637,-0.26388,0.0
-7.91637,-0.23749,0.0
-7.91637,-0.2111,0.0
-7.91637,-0.18472,0.0
-7.91637,-0.15833,0.0
-7.91637,-0.13194,0.0
-7.91637,-0.10555,0.0
-7.91637,-0.07916,0.0
-7.91637,-0.05278,0.0
-7.91637,-0.02639,0.0
-7.91637,0,0.0
-7.91637,0.02639,0.0
-7.91637,0.05278,0.0
-7.91637,0.07916,0.0
-7.91637,0.10555,0.0
-7.91637,0.13194,0.0
-7.91637,0.15833,0.0
-7.91637,0.18472,0.0
-7.91637,0.2111,0.0
-7.91637,0.23749,0.0
-7.91637,0.26388,0.0
-7.91637,0.29027,0.0
-7.91637,0.31665,0.0
-7.91637,0.34304,0.0
-7.91637,0.36943,0.0
-7.91637,0.39582,0.0
-7.91637,0.42221,0.0
-7.91637,0.44859,0.0
-7.91637,0.47498,0.0
-7.91637,0.50137,0.0
-7.91637,0.52776,0.0
-7.91637,0.55415,0.0
-7.91637,0.58053,0.0
-7.91637,0.60692,0.0
-7.91637,0.63331,0.0
-7.88998,-0.63331,0.0
-7.88998,-0.60692,0.0
-7.88998,-0.58053,0.0
-7.88998,-0.55415,0.0
-7.88998,-0.52776,0.0
-7.88998,-0.50137,0.0
-7.88998,-0.47498,0.0
-7.88998,-0.44859,0.0
-7.88998,-0.42221,0.0
-7.88998,-0.39582,0.0
-7.88998,-0.36943,0.0
-7.88998,-0.34304,0.0
-7.88998,-0.31665,0.0
-7.88998,-0.29027,0.0
-7.88998,-0.26388,0.0
-7.88998,-0.23749,0.0
-7.88998,-0.2111,0.0
-7.88998,-0.18472,0.0
-7.88998,-0.15833,0.0
-7.88998,-0.13194,0.0
-7.88998,-0.10555,0.0
-7.88998,-0.07916,0.0
-7.88998,-0.05278,0.0
-7.88998,-0.02639,0.0
-7.88998,0,0.0
-7.88998,0.02639,0.0
-7.88998,0.05278,0.0
-7.88998,0.07916,0.0
-7.88998,0.10555,0.0
-7.88998,0.13194,0.0
-7.88998,0.15833,0.0
-7.88998,0.18472,0.0
-7.88998,0.2111,0.0
-7.88998,0.23749,0.0
-7.88998,0.26388,0.0
-7.88998,0.29027,0.0
-7.88998,0.31665,0.0
-7.88998,0.34304,0.0
-7.88998,0.36943,0.0
-7.88998,0.39582,0.0
-7.88998,0.42221,0.0
-7.88998,0.44859,0.0
-7.88998,0.47498,0.0
-7.88998,0.50137,0.0
-7.88998,0.52776,0.0
-7.88998,0.55415,0.0
-7.88998,0.58053,0.0
-7.88998,0.60692,0.0
-7.88998,0.63331,0.0
-7.86359,-0.63331,0.0
-7.86359,-0.60692,0.0
-7.86359,-0.58053,0.0
-7.86359,-0.55415,0.0
-7.86359,-0.52776,0.0
-7.86359,-0.50137,0.0
-7.86359,-0.47498,0.0
-7.86359,-0.44859,0.0
-7.86359,-0.42221,0.0
-7.86359,-0.39582,0.0
-7.86359,-0.36943,0.0
-7.86359,-0.34304,0.0
-7.86359,-0.31665,0.0
-7.86359,-0.29027,0.0
-7.86359,-0.26388,0.0
-7.86359,-0.23749,0.0
-7.86359,-0.2111,0.0
-7.86359,-0.18472,0.0
-7.86359,-0.15833,0.0
-7.86359,-0.13194,0.0
-7.86359,-0.10555,0.0
-7.86359,-0.07916,0.0
-7.86359,-0.05278,0.0
-7.86359,-0.02639,0.0
-7.86359,0,0.0
-7.86359,0.02639,0.0
-7.86359,0.05278,0.0
-7.86359,0.07916,0.0
-7.86359,0.10555,0.0
-7.86359,0.13194,0.0
-7.86359,0.15833,0.0
-7.86359,0.18472,0.0
-7.86359,0.2111,0.0
-7.86359,0.23749,0.0
-7.86359,0.26388,0.0
-7.86359,0.29027,0.0
-7.86359,0.31665,0.0
-7.86359,0.34304,0.0
-7.86359,0.36943,0.0
-7.86359,0.39582,0.0
-7.86359,0.42221,0.0
-7.86359,0.44859,0.0
-7.86359,0.47498,0.0
-7.86359,0.50137,0.0
-7.86359,0.52776,0.0
-7.86359,0.55415,0.0
-7.86359,0.58053,0.0
-7.86359,0.60692,0.0
-7.86359,0.63331,0.0
-7.83721,-0.63331,0.0
-7.83721,-0.60692,0.0
-7.83721,-0.58053,0.0
-7.83721,-0.55415,0.0
-7.83721,-0.52776,0.0
-7.83721,-0.50137,0.0
-7.83721,-0.47498,0.0
-7.83721,-0.44859,0.0
-7.83721,-0.42221,0.0
-7.83721,-0.39582,0.0
-7.83721,-0.36943,0.0
-7.83721,-0.34304,0.0
-7.83721,-0.31665,0.0
-7.83721,-0.29027,0.0
-7.83721,-0.26388,0.0
-7.83721,-0.23749,0.0
-7.83721,-0.2111,0.0
-7.83721,-0.18472,0.0
-7.83721,-0.15833,0.0
-7.83721,-0.13194,0.0
-7.83721,-0.10555,0.0
-7.83721,-0.07916,0.0
-7.83721,-0.05278,0.0
-7.83721,-0.02639,0.0
-7.83721,0,0.0
-7.83721,0.02639,0.0
-7.83721,0.05278,0.0
-7.83721,0.07916,0.0
-7.83721,0.10555,0.0
-7.83721,0.13194,0.0
-7.83721,0.15833,0.0
-7.83721,0.18472,0.0
-7.83721,0.2111,0.0
-7.83721,0.23749,0.0
-7.83721,0.26388,0.0
-7.83721,0.29027,0.0
-7.83721,0.31665,0.0
-7.83721,0.34304,0.0
-7.83721,0.36943,0.0
-7.83721,0.39582,0.0
-7.83721,0.42221,0.0
-7.83721,0.44859,0.0
-7.83721,0.47498,0.0
-7.83721,0.50137,0.0
-7.83721,0.52776,0.0
-7.83721,0.55415,0.0
-7.83721,0.58053,0.0
-7.83721,0.60692,0.0
-7.83721,0.63331,0.0
-7.81082,-0.63331,0.0
-7.81082,-0.60692,0.0
-7.81082,-0.58053,0.0
-7.81082,-0.55415,0.0
-7.81082,-0.52776,0.0
-7.81082,-0.50137,0.0
-7.81082,-0.47498,0.0
-7.81082,-0.44859,0.0
-7.81082,-0.42221,0.0
-7.81082,-0.39582,0.0
-7.81082,-0.36943,0.0
-7.81082,-0.34304,0.0
-7.81082,-0.31665,0.0
-7.81082,-0.29027,0.0
-7.81082,-0.26388,0.0
-7.81082,-0.23749,0.0
-7.81082,-0.2111,0.0
-7.81082,-0.18472,0.0
-7.81082,-0.15833,0.0
-7.81082,-0.13194,0.0
-7.81082,-0.10555,0.0
-7.81082,-0.07916,0.0
-7.81082,-0.05278,0.0
-7.81082,-0.02639,0.0
-7.81082,0,0.0
-7.81082,0.02639,0.0
-7.81082,0.05278,0.0
-7.81082,0.07916,0.0
-7.81082,0.10555,0.0
-7.81082,0.13194,0.0
-7.81082,0.15833,0.0
-7.81082,0.18472,0.0
-7.81082,0.2111,0.0
-7.81082,0.23749,0.0
-7.81082,0.26388,0.0
-7.81082,0.29027,0.0
-7.81082,0.31665,0.0
-7.81082,0.34304,0.0
-7.81082,0.36943,0.0
-7.81082,0.39582,0.0
-7.81082,0.42221,0.0
-7.81082,0.44859,0.0
-7.81082,0.47498,0.0
-7.81082,0.50137,0.0
-7.81082,0.52776,0.0
-7.81082,0.55415,0.0
-7.81082,0.58053,0.0
-7.81082,0.60692,0.0
-7.81082,0.63331,0.0
-7.78443,-0.63331,0.0
-7.78443,-0.60692,0.0
-7.78443,-0.58053,0.0
-7.78443,-0.55415,0.0
-7.78443,-0.52776,0.0
-7.78443,-0.50137,0.0
-7.78443,-0.47498,0.0
-7.78443,-0.44859,0.0
-7.78443,-0.42221,0.0
-7.78443,-0.39582,0.0
-7.78443,-0.36943,0.0
-7.78443,-0.34304,0.0
-7.78443,-0.31665,0.0
-7.78443,-0.29027,0.0
-7.78443,-0.26388,0.0
-7.78443,-0.23749,0.0
-7.78443,-0.2111,0.0
-7.78443,-0.18472,0.0
-7.78443,-0.15833,0.0
-7.78443,-0.13194,0.0
-7.78443,-0.10555,0.0
-7.78443,-0.07916,0.0
-7.78443,-0.05278,0.0
-7.78443,-0.02639,0.0
-7.78443,0,0.0
-7.78443,0.02639,0.0
-7.78443,0.05278,0.0
-7.78443,0.07916,0.0
-7.78443,0.10555,0.0
-7.78443,0.13194,0.0
-7.78443,0.15833,0.0
-7.78443,0.18472,0.0
-7.78443,0.2111,0.0
-7.78443,0.23749,0.0
-7.78443,0.26388,0.0
-7.78443,0.29027,0.0
-7.78443,0.31665,0.0
-7.78443,0.34304,0.0
-7.78443,0.36943,0.0
-7.78443,0.39582,0.0
-7.78443,0.42221,0.0
-7.78443,0.44859,0.0
-7.78443,0.47498,0.0
-7.78443,0.50137,0.0
-7.78443,0.52776,0.0
-7.78443,0.55415,0.0
-7.78443,0.58053,0.0
-7.78443,0.60692,0.0
-7.78443,0.63331,0.0
-7.75804,-0.63331,0.0
-7.75804,-0.60692,0.0
-7.75804,-0.58053,0.0
-7.75804,-0.55415,0.0
-7.75804,-0.52776,0.0
-7.75804,-0.50137,0.0
-7.75804,-0.47498,0.0
-7.75804,-0.44859,0.0
-7.75804,-0.42221,0.0
-7.75804,-0.39582,0.0
-7.75804,-0.36943,0.0
-7.75804,-0.34304,0.0
-7.75804,-0.31665,0.0
-7.75804,-0.29027,0.0
-7.75804,-0.26388,0.0
-7.75804,-0.23749,0.0
-7.75804,-0.2111,0.0
-7.75804,-0.18472,0.0
-7.75804,-0.15833,0.0
-7.75804,-0.13194,0.0
-7.75804,-0.10555,0.0
-7.75804,-0.07916,0.0
-7.75804,-0.05278,0.0
-7.75804,-0.02639,0.0
-7.75804,0,0.0
-7.75804,0.02639,0.0
-7.75804,0.05278,0.0
-7.75804,0.07916,0.0
-7.75804,0.10555,0.0
-7.75804,0.13194,0.0
-7.75804,0.15833,0.0
-7.75804,0.18472,0.0
-7.75804,0.2111,0.0
-7.75804,0.23749,0.0
-7.75804,0.26388,0.0
-7.75804,0.29027,0.0
-7.75804,0.31665,0.0
-7.75804,0.34304,0.0
-7.75804,0.36943,0.0
-7.75804,0.39582,0.0
-7.75804,0.42221,0.0
-7.75804,0.44859,0.0
-7.75804,0.47498,0.0
-7.75804,0.50137,0.0
-7.75804,0.52776,0.0
-7.75804,0.55415,0.0
-7.75804,0.58053,0.0
-7.75804,0.60692,0.0
-7.75804,0.63331,0.0
-7.73166,-0.63331,0.0
-7.73166,-0.60692,0.0
-7.73166,-0.58053,0.0
-7.73166,-0.55415,0.0
-7.73166,-0.52776,0.0
-7.73166,-0.50137,0.0
-7.73166,-0.47498,0.0
-7.73166,-0.44859,0.0
-7.73166,-0.42221,0.0
-7.73166,-0.39582,0.0
-7.73166,-0.36943,0.0
-7.73166,-0.34304,0.0
-7.73166,-0.31665,0.0
-7.73166,-0.29027,0.0
-7.73166,-0.26388,0.0
-7.73166,-0.23749,0.0
-7.73166,-0.2111,0.0
-7.73166,-0.18472,0.0
-7.73166,-0.15833,0.0
-7.73166,-0.13194,0.0
-7.73166,-0.10555,0.0
-7.73166,-0.07916,0.0
-7.73166,-0.05278,0.0
-7.73166,-0.02639,0.0
-7.73166,0,0.0
-7.73166,0.02639,0.0
-7.73166,0.05278,0.0
-7.73166,0.07916,0.0
-7.73166,0.10555,0.0
-7.73166,0.13194,0.0
-7.73166,0.15833,0.0
-7.73166,0.18472,0.0
-7.73166,0.2111,0.0
-7.73166,0.23749,0.0
-7.73166,0.26388,0.0
-7.73166,0.29027,0.0
-7.73166,0.31665,0.0
-7.73166,0.34304,0.0
-7.73166,0.36943,0.0
-7.73166,0.39582,0.0
-7.73166,0.42221,0.0
-7.73166,0.44859,0.0
-7.73166,0.47498,0.0
-7.73166,0.50137,0.0
-7.73166,0.52776,0.0
-7.73166,0.55415,0.0
-7.73166,0.58053,0.0
-7.73166,0.60692,0.0
-7.73166,0.63331,0.0
-7.70527,-0.63331,0.0
-7.70527,-0.60692,0.0
-7.70527,-0.58053,0.0
-7.70527,-0.55415,0.0
-7.70527,-0.52776,0.0
-7.70527,-0.50137,0.0
-7.70527,-0.47498,0.0
-7.70527,-0.44859,0.0
-7.70527,-0.42221,0.0
-7.70527,-0.39582,0.0
-7.70527,-0.36943,0.0
-7.70527,-0.34304,0.0
-7.70527,-0.31665,0.0
-7.70527,-0.29027,0.0
-7.70527,-0.26388,0.0
-7.70527,-0.23749,0.0
-7.70527,-0.2111,0.0
-7.70527,-0.18472,0.0
-7.70527,-0.15833,0.0
-7.70527,-0.13194,0.0
-7.70527,-0.10555,0.0
-7.70527,-0.07916,0.0
-7.70527,-0.05278,0.0
-7.70527,-0.02639,0.0
-7.70527,0,0.0
-7.70527,0.02639,0.0
-7.70527,0.05278,0.0
-7.70527,0.07916,0.0
-7.70527,0.10555,0.0
-7.70527,0.13194,0.0
-7.70527,0.15833,0.0
-7.70527,0.18472,0.0
-7.70527,0.2111,0.0
-7.70527,0.23749,0.0
-7.70527,0.26388,0.0
-7.70527,0.29027,0.0
-7.70527,0.31665,0.0
-7.70527,0.34304,0.0
-7.70527,0.36943,0.0
-7.70527,0.39582,0.0
-7.70527,0.42221,0.0
-7.70527,0.44859,0.0
-7.70527,0.47498,0.0
-7.70527,0.50137,0.0
-7.70527,0.52776,0.0
-7.70527,0.55415,0.0
-7.70527,0.58053,0.0
-7.70527,0.60692,0.0
-7.70527,0.63331,0.0
-7.67888,-0.63331,0.0
-7.67888,-0.60692,0.0
-7.67888,-0.58053,0.0
-7.67888,-0.55415,0.0
-7.67888,-0.52776,0.0
-7.67888,-0.50137,0.0
-7.67888,-0.47498,0.0
-7.67888,-0.44859,0.0
-7.67888,-0.42221,0.0
-7.67888,-0.39582,0.0
-7.67888,-0.36943,0.0
-7.67888,-0.34304,0.0
-7.67888,-0.31665,0.0
-7.67888,-0.29027,0.0
-7.67888,-0.26388,0.0
-7.67888,-0.23749,0.0
-7.67888,-0.2111,0.0
-7.67888,-0.18472,0.0
-7.67888,-0.15833,0.0
-7.67888,-0.13194,0.0
-7.67888,-0.10555,0.0
-7.67888,-0.07916,0.0
-7.67888,-0.05278,0.0
-7.67888,-0.02639,0.0
-7.67888,0,0.0
-7.67888,0.02639,0.0
-7.67888,0.05278,0.0
-7.67888,0.07916,0.0
-7.67888,0.10555,0.0
-7.67888,0.13194,0.0
-7.67888,0.15833,0.0
-7.67888,0.18472,0.0
-7.67888,0.2111,0.0
-7.67888,0.23749,0.0
-7.67888,0.26388,0.0
-7.67888,0.29027,0.0
-7.67888,0.31665,0.0
-7.67888,0.34304,0.0
-7.67888,0.36943,0.0
-7.67888,0.39582,0.0
-7.67888,0.42221,0.0
-7.67888,0.44859,0.0
-7.67888,0.47498,0.0
-7.67888,0.50137,0.0
-7.67888,0.52776,0.0
-7.67888,0.55415,0.0
-7.67888,0.58053,0.0
-7.67888,0.60692,0.0
-7.67888,0.63331,0.0
-7.65249,-0.63331,0.0
-7.65249,-0.60692,0.0
-7.65249,-0.58053,0.0
-7.65249,-0.55415,0.0
-7.65249,-0.52776,0.0
-7.65249,-0.50137,0.0
-7.65249,-0.47498,0.0
-7.65249,-0.44859,0.0
-7.65249,-0.42221,0.0
-7.65249,-0.39582,0.0
-7.65249,-0.36943,0.0
-7.65249,-0.34304,0.0
-7.65249,-0.31665,0.0
-7.65249,-0.29027,0.0
-7.65249,-0.26388,0.0
-7.65249,-0.23749,0.0
-7.65249,-0.2111,0.0
-7.65249,-0.18472,0.0
-7.65249,-0.15833,0.0
-7.65249,-0.13194,0.0
-7.65249,-0.10555,0.0
-7.65249,-0.07916,0.0
-7.65249,-0.05278,0.0
-7.65249,-0.02639,0.0
-7.65249,0,0.0
-7.65249,0.02639,0.0
-7.65249,0.05278,0.0
-7.65249,0.07916,0.0
-7.65249,0.10555,0.0
-7.65249,0.13194,0.0
-7.65249,0.15833,0.0
-7.65249,0.18472,0.0
-7.65249,0.2111,0.0
-7.65249,0.23749,0.0
-7.65249,0.26388,0.0
-7.65249,0.29027,0.0
-7.65249,0.31665,0.0
-7.65249,0.34304,0.0
-7.65249,0.36943,0.0
-7.65249,0.39582,0.0
-7.65249,0.42221,0.0
-7.65249,0.44859,0.0
-7.65249,0.47498,0.0
-7.65249,0.50137,0.0
-7.65249,0.52776,0.0
-7.65249,0.55415,0.0
-7.65249,0.58053,0.0
-7.65249,0.60692,0.0
-7.65249,0.63331,0.0
-7.6261,-0.63331,0.0
-7.6261,-0.60692,0.0
-7.6261,-0.58053,0.0
-7.6261,-0.55415,0.0
-7.6261,-0.52776,0.0
-7.6261,-0.50137,0.0
-7.6261,-0.47498,0.0
-7.6261,-0.44859,0.0
-7.6261,-0.42221,0.0
-7.6261,-0.39582,0.0
-7.6261,-0.36943,0.0
-7.6261,-0.34304,0.0
-7.6261,-0.31665,0.0
-7.6261,-0.29027,0.0
-7.6261,-0.26388,0.0
-7.6261,-0.23749,0.0
-7.6261,-0.2111,0.0
-7.6261,-0.18472,0.0
-7.6261,-0.15833,0.0
-7.6261,-0.13194,0.0
-7.6261,-0.10555,0.0
-7.6261,-0.07916,0.0
-7.6261,-0.05278,0.0
-7.6261,-0.02639,0.0
-7.6261,0,0.0
-7.6261,0.02639,0.0
-7.6261,0.05278,0.0
-7.6261,0.07916,0.0
-7.6261,0.10555,0.0
-7.6261,0.13194,0.0
-7.6261,0.15833,0.0
-7.6261,0.18472,0.0
-7.6261,0.2111,0.0
-7.6261,0.23749,0.0
-7.6261,0.26388,0.0
-7.6261,0.29027,0.0
-7.6261,0.31665,0.0
-7.6261,0.34304,0.0
-7.6261,0.36943,0.0
-7.6261,0.39582,0.0
-7.6261,0.42221,0.0
-7.6261,0.44859,0.0
-7.6261,0.47498,0.0
-7.6261,0.50137,0.0
-7.6261,0.52776,0.0
-7.6261,0.55415,0.0
-7.6261,0.58053,0.0
-7.6261,0.60692,0.0
-7.6261,0.63331,0.0
-7.59972,-0.63331,0.0
-7.59972,-0.60692,0.0
-7.59972,-0.58053,0.0
-7.59972,-0.55415,0.0
-7.59972,-0.52776,0.0
-7.59972,-0.50137,0.0
-7.59972,-0.47498,0.0
-7.59972,-0.44859,0.0
-7.59972,-0.42221,0.0
-7.59972,-0.39582,0.0
-7.59972,-0.36943,0.0
-7.59972,-0.34304,0.0
-7.59972,-0.31665,0.0
-7.59972,-0.29027,0.0
-7.59972,-0.26388,0.0
-7.59972,-0.23749,0.0
-7.59972,-0.2111,0.0
-7.59972,-0.18472,0.0
-7.59972,-0.15833,0.0
-7.59972,-0.13194,0.0
-7.59972,-0.10555,0.0
-7.59972,-0.07916,0.0
-7.59972,-0.05278,0.0
-7.59972,-0.02639,0.0
-7.59972,0,0.0
-7.59972,0.02639,0.0
-7.59972,0.05278,0.0
-7.59972,0.07916,0.0
-7.59972,0.10555,0.0
-7.59972,0.13194,0.0
-7.59972,0.15833,0.0
-7.59972,0.18472,0.0
-7.59972,0.2111,0.0
-7.59972,0.23749,0.0
-7.59972,0.26388,0.0
-7.59972,0.29027,0.0
-7.59972,0.31665,0.0
-7.59972,0.34304,0.0
-7.59972,0.36943,0.0
-7.59972,0.39582,0.0
-7.59972,0.42221,0.0
-7.59972,0.44859,0.0
-7.59972,0.47498,0.0
-7.59972,0.50137,0.0
-7.59972,0.52776,0.0
-7.59972,0.55415,0.0
-7.59972,0.58053,0.0
-7.59972,0.60692,0.0
-7.59972,0.63331,0.0
-7.57333,-0.63331,0.0
-7.57333,-0.60692,0.0
-7.57333,-0.58053,0.0
-7.57333,-0.55415,0.0
-7.57333,-0.52776,0.0
-7.57333,-0.50137,0.0
-7.57333,-0.47498,0.0
-7.57333,-0.44859,0.0
-7.57333,-0.42221,0.0
-7.57333,-0.39582,0.0
-7.57333,-0.36943,0.0
-7.57333,-0.34304,0.0
-7.57333,-0.31665,0.0
-7.57333,-0.29027,0.0
-7.57333,-0.26388,0.0
-7.57333,-0.23749,0.0
-7.57333,-0.2111,0.0
-7.57333,-0.18472,0.0
-7.57333,-0.15833,0.0
-7.57333,-0.13194,0.0
-7.57333,-0.10555,0.0
-7.57333,-0.07916,0.0
-7.57333,-0.05278,0.0
-7.57333,-0.02639,0.0
-7.57333,0,0.0
-7.57333,0.02639,0.0
-7.57333,0.05278,0.0
-7.57333,0.07916,0.0
-7.57333,0.10555,0.0
-7.57333,0.13194,0.0
-7.57333,0.15833,0.0
-7.57333,0.18472,0.0
-7.57333,0.2111,0.0
-7.57333,0.23749,0.0
-7.57333,0.26388,0.0
-7.57333,0.29027,0.0
-7.57333,0.31665,0.0
-7.57333,0.34304,0.0
-7.57333,0.36943,0.0
-7.57333,0.39582,0.0
-7.57333,0.42221,0.0
-7.57333,0.44859,0.0
-7.57333,0.47498,0.0
-7.57333,0.50137,0.0
-7.57333,0.52776,0.0
-7.57333,0.55415,0.0
-7.57333,0.58053,0.0
-7.57333,0.60692,0.0
-7.57333,0.63331,0.0
-7.54694,-0.63331,0.0
-7.54694,-0.60692,0.0
-7.54694,-0.58053,0.0
-7.54694,-0.55415,0.0
-7.54694,-0.52776,0.0
-7.54694,-0.50137,0.0
-7.54694,-0.47498,0.0
-7.54694,-0.44859,0.0
-7.54694,-0.42221,0.0
-7.54694,-0.39582,0.0
-7.54694,-0.36943,0.0
-7.54694,-0.34304,0.0
-7.54694,-0.31665,0.0
-7.54694,-0.29027,0.0
-7.54694,-0.26388,0.0
-7.54694,-0.23749,0.0
-7.54694,-0.2111,0.0
-7.54694,-0.18472,0.0
-7.54694,-0.15833,0.0
-7.54694,-0.13194,0.0
-7.54694,-0.10555,0.0
-7.54694,-0.07916,0.0
-7.54694,-0.05278,0.0
-7.54694,-0.02639,0.0
-7.54694,0,0.0
-7.54694,0.02639,0.0
-7.54694,0.05278,0.0
-7.54694,0.07916,0.0
-7.54694,0.10555,0.0
-7.54694,0.13194,0.0
-7.54694,0.15833,0.0
-7.54694,0.18472,0.0
-7.54694,0.2111,0.0
-7.54694,0.23749,0.0
-7.54694,0.26388,0.0
-7.54694,0.29027,0.0
-7.54694,0.31665,0.0
-7.54694,0.34304,0.0
-7.54694,0.36943,0.0
-7.54694,0.39582,0.0
-7.54694,0.42221,0.0
-7.54694,0.44859,0.0
-7.54694,0.47498,0.0
-7.54694,0.50137,0.0
-7.54694,0.52776,0.0
-7.54694,0.55415,0.0
-7.54694,0.58053,0.0
-7.54694,0.60692,0.0
-7.54694,0.63331,0.0
-7.52055,-0.63331,0.0
-7.52055,-0.60692,0.0
-7.52055,-0.58053,0.0
-7.52055,-0.55415,0.0
-7.52055,-0.52776,0.0
-7.52055,-0.50137,0.0
-7.52055,-0.47498,0.0
-7.52055,-0.44859,0.0
-7.52055,-0.42221,0.0
-7.52055,-0.39582,0.0
-7.52055,-0.36943,0.0
-7.52055,-0.34304,0.0
-7.52055,-0.31665,0.0
-7.52055,-0.29027,0.0
-7.52055,-0.26388,0.0
-7.52055,-0.23749,0.0
-7.52055,-0.2111,0.0
-7.52055,-0.18472,0.0
-7.52055,-0.15833,0.0
-7.52055,-0.13194,0.0
-7.52055,-0.10555,0.0
-7.52055,-0.07916,0.0
-7.52055,-0.05278,0.0
-7.52055,-0.02639,0.0
-7.52055,0,0.0
-7.52055,0.02639,0.0
-7.52055,0.05278,0.0
-7.52055,0.07916,0.0
-7.52055,0.10555,0.0
-7.52055,0.13194,0.0
-7.52055,0.15833,0.0
-7.52055,0.18472,0.0
-7.52055,0.2111,0.0
-7.52055,0.23749,0.0
-7.52055,0.26388,0.0
-7.52055,0.29027,0.0
-7.52055,0.31665,0.0
-7.52055,0.34304,0.0
-7.52055,0.36943,0.0
-7.52055,0.39582,0.0
-7.52055,0.42221,0.0
-7.52055,0.44859,0.0
-7.52055,0.47498,0.0
-7.52055,0.50137,0.0
-7.52055,0.52776,0.0
-7.52055,0.55415,0.0
-7.52055,0.58053,0.0
-7.52055,0.60692,0.0
-7.52055,0.63331,0.0
-7.49416,-0.63331,0.0
-7.49416,-0.60692,0.0
-7.49416,-0.58053,0.0
-7.49416,-0.55415,0.0
-7.49416,-0.52776,0.0
-7.49416,-0.50137,0.0
-7.49416,-0.47498,0.0
-7.49416,-0.44859,0.0
-7.49416,-0.42221,0.0
-7.49416,-0.39582,0.0
-7.49416,-0.36943,0.0
-7.49416,-0.34304,0.0
-7.49416,-0.31665,0.0
-7.49416,-0.29027,0.0
-7.49416,-0.26388,0.0
-7.49416,-0.23749,0.0
-7.49416,-0.2111,0.0
-7.49416,-0.18472,0.0
-7.49416,-0.15833,0.0
-7.49416,-0.13194,0.0
-7.49416,-0.10555,0.0
-7.49416,-0.07916,0.0
-7.49416,-0.05278,0.0
-7.49416,-0.02639,0.0
-7.49416,0,0.0
-7.49416,0.02639,0.0
-7.49416,0.05278,0.0
-7.49416,0.07916,0.0
-7.49416,0.10555,0.0
-7.49416,0.13194,0.0
-7.49416,0.15833,0.0
-7.49416,0.18472,0.0
-7.49416,0.2111,0.0
-7.49416,0.23749,0.0
-7.49416,0.26388,0.0
-7.49416,0.29027,0.0
-7.49416,0.31665,0.0
-7.49416,0.34304,0.0
-7.49416,0.36943,0.0
-7.49416,0.39582,0.0
-7.49416,0.42221,0.0
-7.49416,0.44859,0.0
-7.49416,0.47498,0.0
-7.49416,0.50137,0.0
-7.49416,0.52776,0.0
-7.49416,0.55415,0.0
-7.49416,0.58053,0.0
-7.49416,0.60692,0.0
-7.49416,0.63331,0.0
-7.46778,-0.63331,0.0
-7.46778,-0.60692,0.0
-7.46778,-0.58053,0.0
-7.46778,-0.55415,0.0
-7.46778,-0.52776,0.0
-7.46778,-0.50137,0.0
-7.46778,-0.47498,0.0
-7.46778,-0.44859,0.0
-7.46778,-0.42221,0.0
-7.46778,-0.39582,0.0
-7.46778,-0.36943,0.0
-7.46778,-0.34304,0.0
-7.46778,-0.31665,0.0
-7.46778,-0.29027,0.0
-7.46778,-0.26388,0.0
-7.46778,-0.23749,0.0
-7.46778,-0.2111,0.0
-7.46778,-0.18472,0.0
-7.46778,-0.15833,0.0
-7.46778,-0.13194,0.0
-7.46778,-0.10555,0.0
-7.46778,-0.07916,0.0
-7.46778,-0.05278,0.0
-7.46778,-0.02639,0.0
-7.46778,0,0.0
-7.46778,0.02639,0.0
-7.46778,0.05278,0.0
-7.46778,0.07916,0.0
-7.46778,0.10555,0.0
-7.46778,0.13194,0.0
-7.46778,0.15833,0.0
-7.46778,0.18472,0.0
-7.46778,0.2111,0.0
-7.46778,0.23749,0.0
-7.46778,0.26388,0.0
-7.46778,0.29027,0.0
-7.46778,0.31665,0.0
-7.46778,0.34304,0.0
-7.46778,0.36943,0.0
-7.46778,0.39582,0.0
-7.46778,0.42221,0.0
-7.46778,0.44859,0.0
-7.46778,0.47498,0.0
-7.46778,0.50137,0.0
-7.46778,0.52776,0.0
-7.46778,0.55415,0.0
-7.46778,0.58053,0.0
-7.46778,0.60692,0.0
-7.46778,0.63331,0.0
-7.44139,-0.63331,0.0
-7.44139,-0.60692,0.0
-7.44139,-0.58053,0.0
-7.44139,-0.55415,0.0
-7.44139,-0.52776,0.0
-7.44139,-0.50137,0.0
-7.44139,-0.47498,0.0
-7.44139,-0.44859,0.0
-7.44139,-0.42221,0.0
-7.44139,-0.39582,0.0
-7.44139,-0.36943,0.0
-7.44139,-0.34304,0.0
-7.44139,-0.31665,0.0
-7.44139,-0.29027,0.0
-7.44139,-0.26388,0.0
-7.44139,-0.23749,0.0
-7.44139,-0.2111,0.0
-7.44139,-0.18472,0.0
-7.44139,-0.15833,0.0
-7.44139,-0.13194,0.0
-7.44139,-0.10555,0.0
-7.44139,-0.07916,0.0
-7.44139,-0.05278,0.0
-7.44139,-0.02639,0.0
-7.44139,0,0.0
-7.44139,0.02639,0.0
-7.44139,0.05278,0.0
-7.44139,0.07916,0.0
-7.44139,0.10555,0.0
-7.44139,0.13194,0.0
-7.44139,0.15833,0.0
-7.44139,0.18472,0.0
-7.44139,0.2111,0.0
-7.44139,0.23749,0.0
-7.44139,0.26388,0.0
-7.44139,0.29027,0.0
-7.44139,0.31665,0.0
-7.44139,0.34304,0.0
-7.44139,0.36943,0.0
-7.44139,0.39582,0.0
-7.44139,0.42221,0.0
-7.44139,0.44859,0.0
-7.44139,0.47498,0.0
-7.44139,0.50137,0.0
-7.44139,0.52776,0.0
-7.44139,0.55415,0.0
-7.44139,0.58053,0.0
-7.44139,0.60692,0.0
-7.44139,0.63331,0.0
-7.415,-0.63331,0.0
-7.415,-0.60692,0.0
-7.415,-0.58053,0.0
-7.415,-0.55415,0.0
-7.415,-0.52776,0.0
-7.415,-0.50137,0.0
-7.415,-0.47498,0.0
-7.415,-0.44859,0.0
-7.415,-0.42221,0.0
-7.415,-0.39582,0.0
-7.415,-0.36943,0.0
-7.415,-0.34304,0.0
-7.415,-0.31665,0.0
-7.415,-0.29027,0.0
-7.415,-0.26388,0.0
-7.415,-0.23749,0.0
-7.415,-0.2111,0.0
-7.415,-0.18472,0.0
-7.415,-0.15833,0.0
-7.415,-0.13194,0.0
-7.415,-0.10555,0.0
-7.415,-0.07916,0.0
-7.415,-0.05278,0.0
-7.415,-0.02639,0.0
-7.415,0,0.0
-7.415,0.02639,0.0
-7.415,0.05278,0.0
-7.415,0.07916,0.0
-7.415,0.10555,0.0
-7.415,0.13194,0.0
-7.415,0.15833,0.0
-7.415,0.18472,0.0
-7.415,0.2111,0.0
-7.415,0.23749,0.0
-7.415,0.26388,0.0
-7.415,0.29027,0.0
-7.415,0.31665,0.0
-7.415,0.34304,0.0
-7.415,0.36943,0.0
-7.415,0.39582,0.0
-7.415,0.42221,0.0
-7.415,0.44859,0.0
-7.415,0.47498,0.0
-7.415,0.50137,0.0
-7.415,0.52776,0.0
-7.415,0.55415,0.0
-7.415,0.58053,0.0
-7.415,0.60692,0.0
-7.415,0.63331,0.0
-7.38861,-0.63331,0.0
-7.38861,-0.60692,0.0
-7.38861,-0.58053,0.0
-7.38861,-0.55415,0.0
-7.38861,-0.52776,0.0
-7.38861,-0.50137,0.0
-7.38861,-0.47498,0.0
-7.38861,-0.44859,0.0
-7.38861,-0.42221,0.0
-7.38861,-0.39582,0.0
-7.38861,-0.36943,0.0
-7.38861,-0.34304,0.0
-7.38861,-0.31665,0.0
-7.38861,-0.29027,0.0
-7.38861,-0.26388,0.0
-7.38861,-0.23749,0.0
-7.38861,-0.2111,0.0
-7.38861,-0.18472,0.0
-7.38861,-0.15833,0.0
-7.38861,-0.13194,0.0
-7.38861,-0.10555,0.0
-7.38861,-0.07916,0.0
-7.38861,-0.05278,0.0
-7.38861,-0.02639,0.0
-7.38861,0,0.0
-7.38861,0.02639,0.0
-7.38861,0.05278,0.0
-7.38861,0.07916,0.0
-7.38861,0.10555,0.0
-7.38861,0.13194,0.0
-7.38861,0.15833,0.0
-7.38861,0.18472,0.0
-7.38861,0.2111,0.0
-7.38861,0.23749,0.0
-7.38861,0.26388,0.0
-7.38861,0.29027,0.0
-7.38861,0.31665,0.0
-7.38861,0.34304,0.0
-7.38861,0.36943,0.0
-7.38861,0.39582,0.0
-7.38861,0.42221,0.0
-7.38861,0.44859,0.0
-7.38861,0.47498,0.0
-7.38861,0.50137,0.0
-7.38861,0.52776,0.0
-7.38861,0.55415,0.0
-7.38861,0.58053,0.0
-7.38861,0.60692,0.0
-7.38861,0.63331,0.0
-7.36222,-0.63331,0.0
-7.36222,-0.60692,0.0
-7.36222,-0.58053,0.0
-7.36222,-0.55415,0.0
-7.36222,-0.52776,0.0
-7.36222,-0.50137,0.0
-7.36222,-0.47498,0.0
-7.36222,-0.44859,0.0
-7.36222,-0.42221,0.0
-7.36222,-0.39582,0.0
-7.36222,-0.36943,0.0
-7.36222,-0.34304,0.0
-7.36222,-0.31665,0.0
-7.36222,-0.29027,0.0
-7.36222,-0.26388,0.0
-7.36222,-0.23749,0.0
-7.36222,-0.2111,0.0
-7.36222,-0.18472,0.0
-7.36222,-0.15833,0.0
-7.36222,-0.13194,0.0
-7.36222,-0.10555,0.0
-7.36222,-0.07916,0.0
-7.36222,-0.05278,0.0
-7.36222,-0.02639,0.0
-7.36222,0,0.0
-7.36222,0.02639,0.0
-7.36222,0.05278,0.0
-7.36222,0.07916,0.0
-7.36222,0.10555,0.0
-7.36222,0.13194,0.0
-7.36222,0.15833,0.0
-7.36222,0.18472,0.0
-7.36222,0.2111,0.0
-7.36222,0.23749,0.0
-7.36222,0.26388,0.0
-7.36222,0.29027,0.0
-7.36222,0.31665,0.0
-7.36222,0.34304,0.0
-7.36222,0.36943,0.0
-7.36222,0.39582,0.0
-7.36222,0.42221,0.0
-7.36222,0.44859,0.0
-7.36222,0.47498,0.0
-7.36222,0.50137,0.0
-7.36222,0.52776,0.0
-7.36222,0.55415,0.0
-7.36222,0.58053,0.0
-7.36222,0.60692,0.0
-7.36222,0.63331,0.0
-7.33584,-0.63331,0.0
-7.33584,-0.60692,0.0
-7.33584,-0.58053,0.0
-7.33584,-0.55415,0.0
-7.33584,-0.52776,0.0
-7.33584,-0.50137,0.0
-7.33584,-0.47498,0.0
-7.33584,-0.44859,0.0
-7.33584,-0.42221,0.0
-7.33584,-0.39582,0.0
-7.33584,-0.36943,0.0
-7.33584,-0.34304,0.0
-7.33584,-0.31665,0.0
-7.33584,-0.29027,0.0
-7.33584,-0.26388,0.0
-7.33584,-0.23749,0.0
-7.33584,-0.2111,0.0
-7.33584,-0.18472,0.0
-7.33584,-0.15833,0.0
-7.33584,-0.13194,0.0
-7.33584,-0.10555,0.0
-7.33584,-0.07916,0.0
-7.33584,-0.05278,0.0
-7.33584,-0.02639,0.0
-7.33584,0,0.0
-7.33584,0.02639,0.0
-7.33584,0.05278,0.0
-7.33584,0.07916,0.0
-7.33584,0.10555,0.0
-7.33584,0.13194,0.0
-7.33584,0.15833,0.0
-7.33584,0.18472,0.0
-7.33584,0.2111,0.0
-7.33584,0.23749,0.0
-7.33584,0.26388,0.0
-7.33584,0.29027,0.0
-7.33584,0.31665,0.0
-7.33584,0.34304,0.0
-7.33584,0.36943,0.0
-7.33584,0.39582,0.0
-7.33584,0.42221,0.0
-7.33584,0.44859,0.0
-7.33584,0.47498,0.0
-7.33584,0.50137,0.0
-7.33584,0.52776,0.0
-7.33584,0.55415,0.0
-7.33584,0.58053,0.0
-7.33584,0.60692,0.0
-7.33584,0.63331,0.0
-7.30945,-0.63331,0.0
-7.30945,-0.60692,0.0
-7.30945,-0.58053,0.0
-7.30945,-0.55415,0.0
-7.30945,-0.52776,0.0
-7.30945,-0.50137,0.0
-7.30945,-0.47498,0.0
-7.30945,-0.44859,0.0
-7.30945,-0.42221,0.0
-7.30945,-0.39582,0.0
-7.30945,-0.36943,0.0
-7.30945,-0.34304,0.0
-7.30945,-0.31665,0.0
-7.30945,-0.29027,0.0
-7.30945,-0.26388,0.0
-7.30945,-0.23749,0.0
-7.30945,-0.2111,0.0
-7.30945,-0.18472,0.0
-7.30945,-0.15833,0.0
-7.30945,-0.13194,0.0
-7.30945,-0.10555,0.0
-7.30945,-0.07916,0.0
-7.30945,-0.05278,0.0
-7.30945,-0.02639,0.0
-7.30945,0,0.0
-7.30945,0.02639,0.0
-7.30945,0.05278,0.0
-7.30945,0.07916,0.0
-7.30945,0.10555,0.0
-7.30945,0.13194,0.0
-7.30945,0.15833,0.0
-7.30945,0.18472,0.0
-7.30945,0.2111,0.0
-7.30945,0.23749,0.0
-7.30945,0.26388,0.0
-7.30945,0.29027,0.0
-7.30945,0.31665,0.0
-7.30945,0.34304,0.0
-7.30945,0.36943,0.0
-7.30945,0.39582,0.0
-7.30945,0.42221,0.0
-7.30945,0.44859,0.0
-7.30945,0.47498,0.0
-7.30945,0.50137,0.0
-7.30945,0.52776,0.0
-7.30945,0.55415,0.0
-7.30945,0.58053,0.0
-7.30945,0.60692,0.0
-7.30945,0.63331,0.0
-7.28306,-0.63331,0.0
-7.28306,-0.60692,0.0
-7.28306,-0.58053,0.0
-7.28306,-0.55415,0.0
-7.28306,-0.52776,0.0
-7.28306,-0.50137,0.0
-7.28306,-0.47498,0.0
-7.28306,-0.44859,0.0
-7.28306,-0.42221,0.0
-7.28306,-0.39582,0.0
-7.28306,-0.36943,0.0
-7.28306,-0.34304,0.0
-7.28306,-0.31665,0.0
-7.28306,-0.29027,0.0
-7.28306,-0.26388,0.0
-7.28306,-0.23749,0.0
-7.28306,-0.2111,0.0
-7.28306,-0.18472,0.0
-7.28306,-0.15833,0.0
-7.28306,-0.13194,0.0
-7.28306,-0.10555,0.0
-7.28306,-0.07916,0.0
-7.28306,-0.05278,0.0
-7.28306,-0.02639,0.0
-7.28306,0,0.0
-7.28306,0.02639,0.0
-7.28306,0.05278,0.0
-7.28306,0.07916,0.0
-7.28306,0.10555,0.0
-7.28306,0.13194,0.0
-7.28306,0.15833,0.0
-7.28306,0.18472,0.0
-7.28306,0.2111,0.0
-7.28306,0.23749,0.0
-7.28306,0.26388,0.0
-7.28306,0.29027,0.0
-7.28306,0.31665,0.0
-7.28306,0.34304,0.0
-7.28306,0.36943,0.0
-7.28306,0.39582,0.0
-7.28306,0.42221,0.0
-7.28306,0.44859,0.0
-7.28306,0.47498,0.0
-7.28306,0.50137,0.0
-7.28306,0.52776,0.0
-7.28306,0.55415,0.0
-7.28306,0.58053,0.0
-7.28306,0.60692,0.0
-7.28306,0.63331,0.0
-7.25667,-0.63331,0.0
-7.25667,-0.60692,0.0
-7.25667,-0.58053,0.0
-7.25667,-0.55415,0.0
-7.25667,-0.52776,0.0
-7.25667,-0.50137,0.0
-7.25667,-0.47498,0.0
-7.25667,-0.44859,0.0
-7.25667,-0.42221,0.0
-7.25667,-0.39582,0.0
-7.25667,-0.36943,0.0
-7.25667,-0.34304,0.0
-7.25667,-0.31665,0.0
-7.25667,-0.29027,0.0
-7.25667,-0.26388,0.0
-7.25667,-0.23749,0.0
-7.25667,-0.2111,0.0
-7.25667,-0.18472,0.0
-7.25667,-0.15833,0.0
-7.25667,-0.13194,0.0
-7.25667,-0.10555,0.0
-7.25667,-0.07916,0.0
-7.25667,-0.05278,0.0
-7.25667,-0.02639,0.0
-7.25667,0,0.0
-7.25667,0.02639,0.0
-7.25667,0.05278,0.0
-7.25667,0.07916,0.0
-7.25667,0.10555,0.0
-7.25667,0.13194,0.0
-7.25667,0.15833,0.0
-7.25667,0.18472,0.0
-7.25667,0.2111,0.0
-7.25667,0.23749,0.0
-7.25667,0.26388,0.0
-7.25667,0.29027,0.0
-7.25667,0.31665,0.0
-7.25667,0.34304,0.0
-7.25667,0.36943,0.0
-7.25667,0.39582,0.0
-7.25667,0.42221,0.0
-7.25667,0.44859,0.0
-7.25667,0.47498,0.0
-7.25667,0.50137,0.0
-7.25667,0.52776,0.0
-7.25667,0.55415,0.0
-7.25667,0.58053,0.0
-7.25667,0.60692,0.0
-7.25667,0.63331,0.0
-7.23029,-0.63331,0.0
-7.23029,-0.60692,0.0
-7.23029,-0.58053,0.0
-7.23029,-0.55415,0.0
-7.23029,-0.52776,0.0
-7.23029,-0.50137,0.0
-7.23029,-0.47498,0.0
-7.23029,-0.44859,0.0
-7.23029,-0.42221,0.0
-7.23029,-0.39582,0.0
-7.23029,-0.36943,0.0
-7.23029,-0.34304,0.0
-7.23029,-0.31665,0.0
-7.23029,-0.29027,0.0
-7.23029,-0.26388,0.0
-7.23029,-0.23749,0.0
-7.23029,-0.2111,0.0
-7.23029,-0.18472,0.0
-7.23029,-0.15833,0.0
-7.23029,-0.13194,0.0
-7.23029,-0.10555,0.0
-7.23029,-0.07916,0.0
-7.23029,-0.05278,0.0
-7.23029,-0.02639,0.0
-7.23029,0,0.0
-7.23029,0.02639,0.0
-7.23029,0.05278,0.0
-7.23029,0.07916,0.0
-7.23029,0.10555,0.0
-7.23029,0.13194,0.0
-7.23029,0.15833,0.0
-7.23029,0.18472,0.0
-7.23029,0.2111,0.0
-7.23029,0.23749,0.0
-7.23029,0.26388,0.0
-7.23029,0.29027,0.0
-7.23029,0.31665,0.0
-7.23029,0.34304,0.0
-7.23029,0.36943,0.0
-7.23029,0.39582,0.0
-7.23029,0.42221,0.0
-7.23029,0.44859,0.0
-7.23029,0.47498,0.0
-7.23029,0.50137,0.0
-7.23029,0.52776,0.0
-7.23029,0.55415,0.0
-7.23029,0.58053,0.0
-7.23029,0.60692,0.0
-7.23029,0.63331,0.0
-7.2039,-0.63331,0.0
-7.2039,-0.60692,0.0
-7.2039,-0.58053,0.0
-7.2039,-0.55415,0.0
-7.2039,-0.52776,0.0
-7.2039,-0.50137,0.0
-7.2039,-0.47498,0.0
-7.2039,-0.44859,0.0
-7.2039,-0.42221,0.0
-7.2039,-0.39582,0.0
-7.2039,-0.36943,0.0
-7.2039,-0.34304,0.0
-7.2039,-0.31665,0.0
-7.2039,-0.29027,0.0
-7.2039,-0.26388,0.0
-7.2039,-0.23749,0.0
-7.2039,-0.2111,0.0
-7.2039,-0.18472,0.0
-7.2039,-0.15833,0.0
-7.2039,-0.13194,0.0
-7.2039,-0.10555,0.0
-7.2039,-0.07916,0.0
-7.2039,-0.05278,0.0
-7.2039,-0.02639,0.0
-7.2039,0,0.0
-7.2039,0.02639,0.0
-7.2039,0.05278,0.0
-7.2039,0.07916,0.0
-7.2039,0.10555,0.0
-7.2039,0.13194,0.0
-7.2039,0.15833,0.0
-7.2039,0.18472,0.0
-7.2039,0.2111,0.0
-7.2039,0.23749,0.0
-7.2039,0.26388,0.0
-7.2039,0.29027,0.0
-7.2039,0.31665,0.0
-7.2039,0.34304,0.0
-7.2039,0.36943,0.0
-7.2039,0.39582,0.0
-7.2039,0.42221,0.0
-7.2039,0.44859,0.0
-7.2039,0.47498,0.0
-7.2039,0.50137,0.0
-7.2039,0.52776,0.0
-7.2039,0.55415,0.0
-7.2039,0.58053,0.0
-7.2039,0.60692,0.0
-7.2039,0.63331,0.0
-7.17751,-0.63331,0.0
-7.17751,-0.60692,0.0
-7.17751,-0.58053,0.0
-7.17751,-0.55415,0.0
-7.17751,-0.52776,0.0
-7.17751,-0.50137,0.0
-7.17751,-0.47498,0.0
-7.17751,-0.44859,0.0
-7.17751,-0.42221,0.0
-7.17751,-0.39582,0.0
-7.17751,-0.36943,0.0
-7.17751,-0.34304,0.0
-7.17751,-0.31665,0.0
-7.17751,-0.29027,0.0
-7.17751,-0.26388,0.0
-7.17751,-0.23749,0.0
-7.17751,-0.2111,0.0
-7.17751,-0.18472,0.0
-7.17751,-0.15833,0.0
-7.17751,-0.13194,0.0
-7.17751,-0.10555,0.0
-7.17751,-0.07916,0.0
-7.17751,-0.05278,0.0
-7.17751,-0.02639,0.0
-7.17751,0,0.0
-7.17751,0.02639,0.0
-7.17751,0.05278,0.0
-7.17751,0.07916,0.0
-7.17751,0.10555,0.0
-7.17751,0.13194,0.0
-7.17751,0.15833,0.0
-7.17751,0.18472,0.0
-7.17751,0.2111,0.0
-7.17751,0.23749,0.0
-7.17751,0.26388,0.0
-7.17751,0.29027,0.0
-7.17751,0.31665,0.0
-7.17751,0.34304,0.0
-7.17751,0.36943,0.0
-7.17751,0.39582,0.0
-7.17751,0.42221,0.0
-7.17751,0.44859,0.0
-7.17751,0.47498,0.0
-7.17751,0.50137,0.0
-7.17751,0.52776,0.0
-7.17751,0.55415,0.0
-7.17751,0.58053,0.0
-7.17751,0.60692,0.0
-7.17751,0.63331,0.0
-7.15112,-0.63331,0.0
-7.15112,-0.60692,0.0
-7.15112,-0.58053,0.0
-7.15112,-0.55415,0.0
-7.15112,-0.52776,0.0
-7.15112,-0.50137,0.0
-7.15112,-0.47498,0.0
-7.15112,-0.44859,0.0
-7.15112,-0.42221,0.0
-7.15112,-0.39582,0.0
-7.15112,-0.36943,0.0
-7.15112,-0.34304,0.0
-7.15112,-0.31665,0.0
-7.15112,-0.29027,0.0
-7.15112,-0.26388,0.0
-7.15112,-0.23749,0.0
-7.15112,-0.2111,0.0
-7.15112,-0.18472,0.0
-7.15112,-0.15833,0.0
-7.15112,-0.13194,0.0
-7.15112,-0.10555,0.0
-7.15112,-0.07916,0.0
-7.15112,-0.05278,0.0
-7.15112,-0.02639,0.0
-7.15112,0,0.0
-7.15112,0.02639,0.0
-7.15112,0.05278,0.0
-7.15112,0.07916,0.0
-7.15112,0.10555,0.0
-7.15112,0.13194,0.0
-7.15112,0.15833,0.0
-7.15112,0.18472,0.0
-7.15112,0.2111,0.0
-7.15112,0.23749,0.0
-7.15112,0.26388,0.0
-7.15112,0.29027,0.0
-7.15112,0.31665,0.0
-7.15112,0.34304,0.0
-7.15112,0.36943,0.0
-7.15112,0.39582,0.0
-7.15112,0.42221,0.0
-7.15112,0.44859,0.0
-7.15112,0.47498,0.0
-7.15112,0.50137,0.0
-7.15112,0.52776,0.0
-7.15112,0.55415,0.0
-7.15112,0.58053,0.0
-7.15112,0.60692,0.0
-7.15112,0.63331,0.0
-7.12473,-0.63331,0.0
-7.12473,-0.60692,0.0
-7.12473,-0.58053,0.0
-7.12473,-0.55415,0.0
-7.12473,-0.52776,0.0
-7.12473,-0.50137,0.0
-7.12473,-0.47498,0.0
-7.12473,-0.44859,0.0
-7.12473,-0.42221,0.0
-7.12473,-0.39582,0.0
-7.12473,-0.36943,0.0
-7.12473,-0.34304,0.0
-7.12473,-0.31665,0.0
-7.12473,-0.29027,0.0
-7.12473,-0.26388,0.0
-7.12473,-0.23749,0.0
-7.12473,-0.2111,0.0
-7.12473,-0.18472,0.0
-7.12473,-0.15833,0.0
-7.12473,-0.13194,0.0
-7.12473,-0.10555,0.0
-7.12473,-0.07916,0.0
-7.12473,-0.05278,0.0
-7.12473,-0.02639,0.0
-7.12473,0,0.0
-7.12473,0.02639,0.0
-7.12473,0.05278,0.0
-7.12473,0.07916,0.0
-7.12473,0.10555,0.0
-7.12473,0.13194,0.0
-7.12473,0.15833,0.0
-7.12473,0.18472,0.0
-7.12473,0.2111,0.0
-7.12473,0.23749,0.0
-7.12473,0.26388,0.0
-7.12473,0.29027,0.0
-7.12473,0.31665,0.0
-7.12473,0.34304,0.0
-7.12473,0.36943,0.0
-7.12473,0.39582,0.0
-7.12473,0.42221,0.0
-7.12473,0.44859,0.0
-7.12473,0.47498,0.0
-7.12473,0.50137,0.0
-7.12473,0.52776,0.0
-7.12473,0.55415,0.0
-7.12473,0.58053,0.0
-7.12473,0.60692,0.0
-7.12473,0.63331,0.0
-7.09835,-0.63331,0.0
-7.09835,-0.60692,0.0
-7.09835,-0.58053,0.0
-7.09835,-0.55415,0.0
-7.09835,-0.52776,0.0
-7.09835,-0.50137,0.0
-7.09835,-0.47498,0.0
-7.09835,-0.44859,0.0
-7.09835,-0.42221,0.0
-7.09835,-0.39582,0.0
-7.09835,-0.36943,0.0
-7.09835,-0.34304,0.0
-7.09835,-0.31665,0.0
-7.09835,-0.29027,0.0
-7.09835,-0.26388,0.0
-7.09835,-0.23749,0.0
-7.09835,-0.2111,0.0
-7.09835,-0.18472,0.0
-7.09835,-0.15833,0.0
-7.09835,-0.13194,0.0
-7.09835,-0.10555,0.0
-7.09835,-0.07916,0.0
-7.09835,-0.05278,0.0
-7.09835,-0.02639,0.0
-7.09835,0,0.0
-7.09835,0.02639,0.0
-7.09835,0.05278,0.0
-7.09835,0.07916,0.0
-7.09835,0.10555,0.0
-7.09835,0.13194,0.0
-7.09835,0.15833,0.0
-7.09835,0.18472,0.0
-7.09835,0.2111,0.0
-7.09835,0.23749,0.0
-7.09835,0.26388,0.0
-7.09835,0.29027,0.0
-7.09835,0.31665,0.0
-7.09835,0.34304,0.0
-7.09835,0.36943,0.0
-7.09835,0.39582,0.0
-7.09835,0.42221,0.0
-7.09835,0.44859,0.0
-7.09835,0.47498,0.0
-7.09835,0.50137,0.0
-7.09835,0.52776,0.0
-7.09835,0.55415,0.0
-7.09835,0.58053,0.0
-7.09835,0.60692,0.0
-7.09835,0.63331,0.0
-7.07196,-0.63331,0.0
-7.07196,-0.60692,0.0
-7.07196,-0.58053,0.0
-7.07196,-0.55415,0.0
-7.07196,-0.52776,0.0
-7.07196,-0.50137,0.0
-7.07196,-0.47498,0.0
-7.07196,-0.44859,0.0
-7.07196,-0.42221,0.0
-7.07196,-0.39582,0.0
-7.07196,-0.36943,0.0
-7.07196,-0.34304,0.0
-7.07196,-0.31665,0.0
-7.07196,-0.29027,0.0
-7.07196,-0.26388,0.0
-7.07196,-0.23749,0.0
-7.07196,-0.2111,0.0
-7.07196,-0.18472,0.0
-7.07196,-0.15833,0.0
-7.07196,-0.13194,0.0
-7.07196,-0.10555,0.0
-7.07196,-0.07916,0.0
-7.07196,-0.05278,0.0
-7.07196,-0.02639,0.0
-7.07196,0,0.0
-7.07196,0.02639,0.0
-7.07196,0.05278,0.0
-7.07196,0.07916,0.0
-7.07196,0.10555,0.0
-7.07196,0.13194,0.0
-7.07196,0.15833,0.0
-7.07196,0.18472,0.0
-7.07196,0.2111,0.0
-7.07196,0.23749,0.0
-7.07196,0.26388,0.0
-7.07196,0.29027,0.0
-7.07196,0.31665,0.0
-7.07196,0.34304,0.0
-7.07196,0.36943,0.0
-7.07196,0.39582,0.0
-7.07196,0.42221,0.0
-7.07196,0.44859,0.0
-7.07196,0.47498,0.0
-7.07196,0.50137,0.0
-7.07196,0.52776,0.0
-7.07196,0.55415,0.0
-7.07196,0.58053,0.0
-7.07196,0.60692,0.0
-7.07196,0.63331,0.0
-7.04557,-0.63331,0.0
-7.04557,-0.60692,0.0
-7.04557,-0.58053,0.0
-7.04557,-0.55415,0.0
-7.04557,-0.52776,0.0
-7.04557,-0.50137,0.0
-7.04557,-0.47498,0.0
-7.04557,-0.44859,0.0
-7.04557,-0.42221,0.0
-7.04557,-0.39582,0.0
-7.04557,-0.36943,0.0
-7.04557,-0.34304,0.0
-7.04557,-0.31665,0.0
-7.04557,-0.29027,0.0
-7.04557,-0.26388,0.0
-7.04557,-0.23749,0.0
-7.04557,-0.2111,0.0
-7.04557,-0.18472,0.0
-7.04557,-0.15833,0.0
-7.04557,-0.13194,0.0
-7.04557,-0.10555,0.0
-7.04557,-0.07916,0.0
-7.04557,-0.05278,0.0
-7.04557,-0.02639,0.0
-7.04557,0,0.0
-7.04557,0.02639,0.0
-7.04557,0.05278,0.0
-7.04557,0.07916,0.0
-7.04557,0.10555,0.0
-7.04557,0.13194,0.0
-7.04557,0.15833,0.0
-7.04557,0.18472,0.0
-7.04557,0.2111,0.0
-7.04557,0.23749,0.0
-7.04557,0.26388,0.0
-7.04557,0.29027,0.0
-7.04557,0.31665,0.0
-7.04557,0.34304,0.0
-7.04557,0.36943,0.0
-7.04557,0.39582,0.0
-7.04557,0.42221,0.0
-7.04557,0.44859,0.0
-7.04557,0.47498,0.0
-7.04557,0.50137,0.0
-7.04557,0.52776,0.0
-7.04557,0.55415,0.0
-7.04557,0.58053,0.0
-7.04557,0.60692,0.0
-7.04557,0.63331,0.0
-7.01918,-0.63331,0.0
-7.01918,-0.60692,0.0
-7.01918,-0.58053,0.0
-7.01918,-0.55415,0.0
-7.01918,-0.52776,0.0
-7.01918,-0.50137,0.0
-7.01918,-0.47498,0.0
-7.01918,-0.44859,0.0
-7.01918,-0.42221,0.0
-7.01918,-0.39582,0.0
-7.01918,-0.36943,0.0
-7.01918,-0.34304,0.0
-7.01918,-0.31665,0.0
-7.01918,-0.29027,0.0
-7.01918,-0.26388,0.0
-7.01918,-0.23749,0.0
-7.01918,-0.2111,0.0
-7.01918,-0.18472,0.0
-7.01918,-0.15833,0.0
-7.01918,-0.13194,0.0
-7.01918,-0.10555,0.0
-7.01918,-0.07916,0.0
-7.01918,-0.05278,0.0
-7.01918,-0.02639,0.0
-7.01918,0,0.0
-7.01918,0.02639,0.0
-7.01918,0.05278,0.0
-7.01918,0.07916,0.0
-7.01918,0.10555,0.0
-7.01918,0.13194,0.0
-7.01918,0.15833,0.0
-7.01918,0.18472,0.0
-7.01918,0.2111,0.0
-7.01918,0.23749,0.0
-7.01918,0.26388,0.0
-7.01918,0.29027,0.0
-7.01918,0.31665,0.0
-7.01918,0.34304,0.0
-7.01918,0.36943,0.0
-7.01918,0.39582,0.0
-7.01918,0.42221,0.0
-7.01918,0.44859,0.0
-7.01918,0.47498,0.0
-7.01918,0.50137,0.0
-7.01918,0.52776,0.0
-7.01918,0.55415,0.0
-7.01918,0.58053,0.0
-7.01918,0.60692,0.0
-7.01918,0.63331,0.0
-6.99279,-0.63331,0.0
-6.99279,-0.60692,0.0
-6.99279,-0.58053,0.0
-6.99279,-0.55415,0.0
-6.99279,-0.52776,0.0
-6.99279,-0.50137,0.0
-6.99279,-0.47498,0.0
-6.99279,-0.44859,0.0
-6.99279,-0.42221,0.0
-6.99279,-0.39582,0.0
-6.99279,-0.36943,0.0
-6.99279,-0.34304,0.0
-6.99279,-0.31665,0.0
-6.99279,-0.29027,0.0
-6.99279,-0.26388,0.0
-6.99279,-0.23749,0.0
-6.99279,-0.2111,0.0
-6.99279,-0.18472,0.0
-6.99279,-0.15833,0.0
-6.99279,-0.13194,0.0
-6.99279,-0.10555,0.0
-6.99279,-0.07916,0.0
-6.99279,-0.05278,0.0
-6.99279,-0.02639,0.0
-6.99279,0,0.0
-6.99279,0.02639,0.0
-6.99279,0.05278,0.0
-6.99279,0.07916,0.0
-6.99279,0.10555,0.0
-6.99279,0.13194,0.0
-6.99279,0.15833,0.0
-6.99279,0.18472,0.0
-6.99279,0.2111,0.0
-6.99279,0.23749,0.0
-6.99279,0.26388,0.0
-6.99279,0.29027,0.0
-6.99279,0.31665,0.0
-6.99279,0.34304,0.0
-6.99279,0.36943,0.0
-6.99279,0.39582,0.0
-6.99279,0.42221,0.0
-6.99279,0.44859,0.0
-6.99279,0.47498,0.0
-6.99279,0.50137,0.0
-6.99279,0.52776,0.0
-6.99279,0.55415,0.0
-6.99279,0.58053,0.0
-6.99279,0.60692,0.0
-6.99279,0.63331,0.0
-6.96641,-0.63331,0.0
-6.96641,-0.60692,0.0
-6.96641,-0.58053,0.0
-6.96641,-0.55415,0.0
-6.96641,-0.52776,0.0
-6.96641,-0.50137,0.0
-6.96641,-0.47498,0.0
-6.96641,-0.44859,0.0
-6.96641,-0.42221,0.0
-6.96641,-0.39582,0.0
-6.96641,-0.36943,0.0
-6.96641,-0.34304,0.0
-6.96641,-0.31665,0.0
-6.96641,-0.29027,0.0
-6.96641,-0.26388,0.0
-6.96641,-0.23749,0.0
-6.96641,-0.2111,0.0
-6.96641,-0.18472,0.0
-6.96641,-0.15833,0.0
-6.96641,-0.13194,0.0
-6.96641,-0.10555,0.0
-6.96641,-0.07916,0.0
-6.96641,-0.05278,0.0
-6.96641,-0.02639,0.0
-6.96641,0,0.0
-6.96641,0.02639,0.0
-6.96641,0.05278,0.0
-6.96641,0.07916,0.0
-6.96641,0.10555,0.0
-6.96641,0.13194,0.0
-6.96641,0.15833,0.0
-6.96641,0.18472,0.0
-6.96641,0.2111,0.0
-6.96641,0.23749,0.0
-6.96641,0.26388,0.0
-6.96641,0.29027,0.0
-6.96641,0.31665,0.0
-6.96641,0.34304,0.0
-6.96641,0.36943,0.0
-6.96641,0.39582,0.0
-6.96641,0.42221,0.0
-6.96641,0.44859,0.0
-6.96641,0.47498,0.0
-6.96641,0.50137,0.0
-6.96641,0.52776,0.0
-6.96641,0.55415,0.0
-6.96641,0.58053,0.0
-6.96641,0.60692,0.0
-6.96641,0.63331,0.0
-6.94002,-0.63331,0.0
-6.94002,-0.60692,0.0
-6.94002,-0.58053,0.0
-6.94002,-0.55415,0.0
-6.94002,-0.52776,0.0
-6.94002,-0.50137,0.0
-6.94002,-0.47498,0.0
-6.94002,-0.44859,0.0
-6.94002,-0.42221,0.0
-6.94002,-0.39582,0.0
-6.94002,-0.36943,0.0
-6.94002,-0.34304,0.0
-6.94002,-0.31665,0.0
-6.94002,-0.29027,0.0
-6.94002,-0.26388,0.0
-6.94002,-0.23749,0.0
-6.94002,-0.2111,0.0
-6.94002,-0.18472,0.0
-6.94002,-0.15833,0.0
-6.94002,-0.13194,0.0
-6.94002,-0.10555,0.0
-6.94002,-0.07916,0.0
-6.94002,-0.05278,0.0
-6.94002,-0.02639,0.0
-6.94002,0,0.0
-6.94002,0.02639,0.0
-6.94002,0.05278,0.0
-6.94002,0.07916,0.0
-6.94002,0.10555,0.0
-6.94002,0.13194,0.0
-6.94002,0.15833,0.0
-6.94002,0.18472,0.0
-6.94002,0.2111,0.0
-6.94002,0.23749,0.0
-6.94002,0.26388,0.0
-6.94002,0.29027,0.0
-6.94002,0.31665,0.0
-6.94002,0.34304,0.0
-6.94002,0.36943,0.0
-6.94002,0.39582,0.0
-6.94002,0.42221,0.0
-6.94002,0.44859,0.0
-6.94002,0.47498,0.0
-6.94002,0.50137,0.0
-6.94002,0.52776,0.0
-6.94002,0.55415,0.0
-6.94002,0.58053,0.0
-6.94002,0.60692,0.0
-6.94002,0.63331,0.0
-6.91363,-0.63331,0.0
-6.91363,-0.60692,0.0
-6.91363,-0.58053,0.0
-6.91363,-0.55415,0.0
-6.91363,-0.52776,0.0
-6.91363,-0.50137,0.0
-6.91363,-0.47498,0.0
-6.91363,-0.44859,0.0
-6.91363,-0.42221,0.0
-6.91363,-0.39582,0.0
-6.91363,-0.36943,0.0
-6.91363,-0.34304,0.0
-6.91363,-0.31665,0.0
-6.91363,-0.29027,0.0
-6.91363,-0.26388,0.0
-6.91363,-0.23749,0.0
-6.91363,-0.2111,0.0
-6.91363,-0.18472,0.0
-6.91363,-0.15833,0.0
-6.91363,-0.13194,0.0
-6.91363,-0.10555,0.0
-6.91363,-0.07916,0.0
-6.91363,-0.05278,0.0
-6.91363,-0.02639,0.0
-6.91363,0,0.0
-6.91363,0.02639,0.0
-6.91363,0.05278,0.0
-6.91363,0.07916,0.0
-6.91363,0.10555,0.0
-6.91363,0.13194,0.0
-6.91363,0.15833,0.0
-6.91363,0.18472,0.0
-6.91363,0.2111,0.0
-6.91363,0.23749,0.0
-6.91363,0.26388,0.0
-6.91363,0.29027,0.0
-6.91363,0.31665,0.0
-6.91363,0.34304,0.0
-6.91363,0.36943,0.0
-6.91363,0.39582,0.0
-6.91363,0.42221,0.0
-6.91363,0.44859,0.0
-6.91363,0.47498,0.0
-6.91363,0.50137,0.0
-6.91363,0.52776,0.0
-6.91363,0.55415,0.0
-6.91363,0.58053,0.0
-6.91363,0.60692,0.0
-6.91363,0.63331,0.0
-6.88724,-0.63331,0.0
-6.88724,-0.60692,0.0
-6.88724,-0.58053,0.0
-6.88724,-0.55415,0.0
-6.88724,-0.52776,0.0
-6.88724,-0.50137,0.0
-6.88724,-0.47498,0.0
-6.88724,-0.44859,0.0
-6.88724,-0.42221,0.0
-6.88724,-0.39582,0.0
-6.88724,-0.36943,0.0
-6.88724,-0.34304,0.0
-6.88724,-0.31665,0.0
-6.88724,-0.29027,0.0
-6.88724,-0.26388,0.0
-6.88724,-0.23749,0.0
-6.88724,-0.2111,0.0
-6.88724,-0.18472,0.0
-6.88724,-0.15833,0.0
-6.88724,-0.13194,0.0
-6.88724,-0.10555,0.0
-6.88724,-0.07916,0.0
-6.88724,-0.05278,0.0
-6.88724,-0.02639,0.0
-6.88724,0,0.0
-6.88724,0.02639,0.0
-6.88724,0.05278,0.0
-6.88724,0.07916,0.0
-6.88724,0.10555,0.0
-6.88724,0.13194,0.0
-6.88724,0.15833,0.0
-6.88724,0.18472,0.0
-6.88724,0.2111,0.0
-6.88724,0.23749,0.0
-6.88724,0.26388,0.0
-6.88724,0.29027,0.0
-6.88724,0.31665,0.0
-6.88724,0.34304,0.0
-6.88724,0.36943,0.0
-6.88724,0.39582,0.0
-6.88724,0.42221,0.0
-6.88724,0.44859,0.0
-6.88724,0.47498,0.0
-6.88724,0.50137,0.0
-6.88724,0.52776,0.0
-6.88724,0.55415,0.0
-6.88724,0.58053,0.0
-6.88724,0.60692,0.0
-6.88724,0.63331,0.0
-6.86085,-0.63331,0.0
-6.86085,-0.60692,0.0
-6.86085,-0.58053,0.0
-6.86085,-0.55415,0.0
-6.86085,-0.52776,0.0
-6.86085,-0.50137,0.0
-6.86085,-0.47498,0.0
-6.86085,-0.44859,0.0
-6.86085,-0.42221,0.0
-6.86085,-0.39582,0.0
-6.86085,-0.36943,0.0
-6.86085,-0.34304,0.0
-6.86085,-0.31665,0.0
-6.86085,-0.29027,0.0
-6.86085,-0.26388,0.0
-6.86085,-0.23749,0.0
-6.86085,-0.2111,0.0
-6.86085,-0.18472,0.0
-6.86085,-0.15833,0.0
-6.86085,-0.13194,0.0
-6.86085,-0.10555,0.0
-6.86085,-0.07916,0.0
-6.86085,-0.05278,0.0
-6.86085,-0.02639,0.0
-6.86085,0,0.0
-6.86085,0.02639,0.0
-6.86085,0.05278,0.0
-6.86085,0.07916,0.0
-6.86085,0.10555,0.0
-6.86085,0.13194,0.0
-6.86085,0.15833,0.0
-6.86085,0.18472,0.0
-6.86085,0.2111,0.0
-6.86085,0.23749,0.0
-6.86085,0.26388,0.0
-6.86085,0.29027,0.0
-6.86085,0.31665,0.0
-6.86085,0.34304,0.0
-6.86085,0.36943,0.0
-6.86085,0.39582,0.0
-6.86085,0.42221,0.0
-6.86085,0.44859,0.0
-6.86085,0.47498,0.0
-6.86085,0.50137,0.0
-6.86085,0.52776,0.0
-6.86085,0.55415,0.0
-6.86085,0.58053,0.0
-6.86085,0.60692,0.0
-6.86085,0.63331,0.0
-6.83447,-0.63331,0.0
-6.83447,-0.60692,0.0
-6.83447,-0.58053,0.0
-6.83447,-0.55415,0.0
-6.83447,-0.52776,0.0
-6.83447,-0.50137,0.0
-6.83447,-0.47498,0.0
-6.83447,-0.44859,0.0
-6.83447,-0.42221,0.0
-6.83447,-0.39582,0.0
-6.83447,-0.36943,0.0
-6.83447,-0.34304,0.0
-6.83447,-0.31665,0.0
-6.83447,-0.29027,0.0
-6.83447,-0.26388,0.0
-6.83447,-0.23749,0.0
-6.83447,-0.2111,0.0
-6.83447,-0.18472,0.0
-6.83447,-0.15833,0.0
-6.83447,-0.13194,0.0
-6.83447,-0.10555,0.0
-6.83447,-0.07916,0.0
-6.83447,-0.05278,0.0
-6.83447,-0.02639,0.0
-6.83447,0,0.0
-6.83447,0.02639,0.0
-6.83447,0.05278,0.0
-6.83447,0.07916,0.0
-6.83447,0.10555,0.0
-6.83447,0.13194,0.0
-6.83447,0.15833,0.0
-6.83447,0.18472,0.0
-6.83447,0.2111,0.0
-6.83447,0.23749,0.0
-6.83447,0.26388,0.0
-6.83447,0.29027,0.0
-6.83447,0.31665,0.0
-6.83447,0.34304,0.0
-6.83447,0.36943,0.0
-6.83447,0.39582,0.0
-6.83447,0.42221,0.0
-6.83447,0.44859,0.0
-6.83447,0.47498,0.0
-6.83447,0.50137,0.0
-6.83447,0.52776,0.0
-6.83447,0.55415,0.0
-6.83447,0.58053,0.0
-6.83447,0.60692,0.0
-6.83447,0.63331,0.0
-6.80808,-0.63331,0.0
-6.80808,-0.60692,0.0
-6.80808,-0.58053,0.0
-6.80808,-0.55415,0.0
-6.80808,-0.52776,0.0
-6.80808,-0.50137,0.0
-6.80808,-0.47498,0.0
-6.80808,-0.44859,0.0
-6.80808,-0.42221,0.0
-6.80808,-0.39582,0.0
-6.80808,-0.36943,0.0
-6.80808,-0.34304,0.0
-6.80808,-0.31665,0.0
-6.80808,-0.29027,0.0
-6.80808,-0.26388,0.0
-6.80808,-0.23749,0.0
-6.80808,-0.2111,0.0
-6.80808,-0.18472,0.0
-6.80808,-0.15833,0.0
-6.80808,-0.13194,0.0
-6.80808,-0.10555,0.0
-6.80808,-0.07916,0.0
-6.80808,-0.05278,0.0
-6.80808,-0.02639,0.0
-6.80808,0,0.0
-6.80808,0.02639,0.0
-6.80808,0.05278,0.0
-6.80808,0.07916,0.0
-6.80808,0.10555,0.0
-6.80808,0.13194,0.0
-6.80808,0.15833,0.0
-6.80808,0.18472,0.0
-6.80808,0.2111,0.0
-6.80808,0.23749,0.0
-6.80808,0.26388,0.0
-6.80808,0.29027,0.0
-6.80808,0.31665,0.0
-6.80808,0.34304,0.0
-6.80808,0.36943,0.0
-6.80808,0.39582,0.0
-6.80808,0.42221,0.0
-6.80808,0.44859,0.0
-6.80808,0.47498,0.0
-6.80808,0.50137,0.0
-6.80808,0.52776,0.0
-6.80808,0.55415,0.0
-6.80808,0.58053,0.0
-6.80808,0.60692,0.0
-6.80808,0.63331,0.0
-6.78169,-0.63331,0.0
-6.78169,-0.60692,0.0
-6.78169,-0.58053,0.0
-6.78169,-0.55415,0.0
-6.78169,-0.52776,0.0
-6.78169,-0.50137,0.0
-6.78169,-0.47498,0.0
-6.78169,-0.44859,0.0
-6.78169,-0.42221,0.0
-6.78169,-0.39582,0.0
-6.78169,-0.36943,0.0
-6.78169,-0.34304,0.0
-6.78169,-0.31665,0.0
-6.78169,-0.29027,0.0
-6.78169,-0.26388,0.0
-6.78169,-0.23749,0.0
-6.78169,-0.2111,0.0
-6.78169,-0.18472,0.0
-6.78169,-0.15833,0.0
-6.78169,-0.13194,0.0
-6.78169,-0.10555,0.0
-6.78169,-0.07916,0.0
-6.78169,-0.05278,0.0
-6.78169,-0.02639,0.0
-6.78169,0,0.0
-6.78169,0.02639,0.0
-6.78169,0.05278,0.0
-6.78169,0.07916,0.0
-6.78169,0.10555,0.0
-6.78169,0.13194,0.0
-6.78169,0.15833,0.0
-6.78169,0.18472,0.0
-6.78169,0.2111,0.0
-6.78169,0.23749,0.0
-6.78169,0.26388,0.0
-6.78169,0.29027,0.0
-6.78169,0.31665,0.0
-6.78169,0.34304,0.0
-6.78169,0.36943,0.0
-6.78169,0.39582,0.0
-6.78169,0.42221,0.0
-6.78169,0.44859,0.0
-6.78169,0.47498,0.0
-6.78169,0.50137,0.0
-6.78169,0.52776,0.0
-6.78169,0.55415,0.0
-6.78169,0.58053,0.0
-6.78169,0.60692,0.0
-6.78169,0.63331,0.0
-6.7553,-0.63331,0.0
-6.7553,-0.60692,0.0
-6.7553,-0.58053,0.0
-6.7553,-0.55415,0.0
-6.7553,-0.52776,0.0
-6.7553,-0.50137,0.0
-6.7553,-0.47498,0.0
-6.7553,-0.44859,0.0
-6.7553,-0.42221,0.0
-6.7553,-0.39582,0.0
-6.7553,-0.36943,0.0
-6.7553,-0.34304,0.0
-6.7553,-0.31665,0.0
-6.7553,-0.29027,0.0
-6.7553,-0.26388,0.0
-6.7553,-0.23749,0.0
-6.7553,-0.2111,0.0
-6.7553,-0.18472,0.0
-6.7553,-0.15833,0.0
-6.7553,-0.13194,0.0
-6.7553,-0.10555,0.0
-6.7553,-0.07916,0.0
-6.7553,-0.05278,0.0
-6.7553,-0.02639,0.0
-6.7553,0,0.0
-6.7553,0.02639,0.0
-6.7553,0.05278,0.0
-6.7553,0.07916,0.0
-6.7553,0.10555,0.0
-6.7553,0.13194,0.0
-6.7553,0.15833,0.0
-6.7553,0.18472,0.0
-6.7553,0.2111,0.0
-6.7553,0.23749,0.0
-6.7553,0.26388,0.0
-6.7553,0.29027,0.0
-6.7553,0.31665,0.0
-6.7553,0.34304,0.0
-6.7553,0.36943,0.0
-6.7553,0.39582,0.0
-6.7553,0.42221,0.0
-6.7553,0.44859,0.0
-6.7553,0.47498,0.0
-6.7553,0.50137,0.0
-6.7553,0.52776,0.0
-6.7553,0.55415,0.0
-6.7553,0.58053,0.0
-6.7553,0.60692,0.0
-6.7553,0.63331,0.0
-6.72891,-0.63331,0.0
-6.72891,-0.60692,0.0
-6.72891,-0.58053,0.0
-6.72891,-0.55415,0.0
-6.72891,-0.52776,0.0
-6.72891,-0.50137,0.0
-6.72891,-0.47498,0.0
-6.72891,-0.44859,0.0
-6.72891,-0.42221,0.0
-6.72891,-0.39582,0.0
-6.72891,-0.36943,0.0
-6.72891,-0.34304,0.0
-6.72891,-0.31665,0.0
-6.72891,-0.29027,0.0
-6.72891,-0.26388,0.0
-6.72891,-0.23749,0.0
-6.72891,-0.2111,0.0
-6.72891,-0.18472,0.0
-6.72891,-0.15833,0.0
-6.72891,-0.13194,0.0
-6.72891,-0.10555,0.0
-6.72891,-0.07916,0.0
-6.72891,-0.05278,0.0
-6.72891,-0.02639,0.0
-6.72891,0,0.0
-6.72891,0.02639,0.0
-6.72891,0.05278,0.0
-6.72891,0.07916,0.0
-6.72891,0.10555,0.0
-6.72891,0.13194,0.0
-6.72891,0.15833,0.0
-6.72891,0.18472,0.0
-6.72891,0.2111,0.0
-6.72891,0.23749,0.0
-6.72891,0.26388,0.0
-6.72891,0.29027,0.0
-6.72891,0.31665,0.0
-6.72891,0.34304,0.0
-6.72891,0.36943,0.0
-6.72891,0.39582,0.0
-6.72891,0.42221,0.0
-6.72891,0.44859,0.0
-6.72891,0.47498,0.0
-6.72891,0.50137,0.0
-6.72891,0.52776,0.0
-6.72891,0.55415,0.0
-6.72891,0.58053,0.0
-6.72891,0.60692,0.0
-6.72891,0.63331,0.0
-6.70253,-0.63331,0.0
-6.70253,-0.60692,0.0
-6.70253,-0.58053,0.0
-6.70253,-0.55415,0.0
-6.70253,-0.52776,0.0
-6.70253,-0.50137,0.0
-6.70253,-0.47498,0.0
-6.70253,-0.44859,0.0
-6.70253,-0.42221,0.0
-6.70253,-0.39582,0.0
-6.70253,-0.36943,0.0
-6.70253,-0.34304,0.0
-6.70253,-0.31665,0.0
-6.70253,-0.29027,0.0
-6.70253,-0.26388,0.0
-6.70253,-0.23749,0.0
-6.70253,-0.2111,0.0
-6.70253,-0.18472,0.0
-6.70253,-0.15833,0.0
-6.70253,-0.13194,0.0
-6.70253,-0.10555,0.0
-6.70253,-0.07916,0.0
-6.70253,-0.05278,0.0
-6.70253,-0.02639,0.0
-6.70253,0,0.0
-6.70253,0.02639,0.0
-6.70253,0.05278,0.0
-6.70253,0.07916,0.0
-6.70253,0.10555,0.0
-6.70253,0.13194,0.0
-6.70253,0.15833,0.0
-6.70253,0.18472,0.0
-6.70253,0.2111,0.0
-6.70253,0.23749,0.0
-6.70253,0.26388,0.0
-6.70253,0.29027,0.0
-6.70253,0.31665,0.0
-6.70253,0.34304,0.0
-6.70253,0.36943,0.0
-6.70253,0.39582,0.0
-6.70253,0.42221,0.0
-6.70253,0.44859,0.0
-6.70253,0.47498,0.0
-6.70253,0.50137,0.0
-6.70253,0.52776,0.0
-6.70253,0.55415,0.0
-6.70253,0.58053,0.0
-6.70253,0.60692,0.0
-6.70253,0.63331,0.0
-6.67614,-0.63331,0.0
-6.67614,-0.60692,0.0
-6.67614,-0.58053,0.0
-6.67614,-0.55415,0.0
-6.67614,-0.52776,0.0
-6.67614,-0.50137,0.0
-6.67614,-0.47498,0.0
-6.67614,-0.44859,0.0
-6.67614,-0.42221,0.0
-6.67614,-0.39582,0.0
-6.67614,-0.36943,0.0
-6.67614,-0.34304,0.0
-6.67614,-0.31665,0.0
-6.67614,-0.29027,0.0
-6.67614,-0.26388,0.0
-6.67614,-0.23749,0.0
-6.67614,-0.2111,0.0
-6.67614,-0.18472,0.0
-6.67614,-0.15833,0.0
-6.67614,-0.13194,0.0
-6.67614,-0.10555,0.0
-6.67614,-0.07916,0.0
-6.67614,-0.05278,0.0
-6.67614,-0.02639,0.0
-6.67614,0,0.0
-6.67614,0.02639,0.0
-6.67614,0.05278,0.0
-6.67614,0.07916,0.0
-6.67614,0.10555,0.0
-6.67614,0.13194,0.0
-6.67614,0.15833,0.0
-6.67614,0.18472,0.0
-6.67614,0.2111,0.0
-6.67614,0.23749,0.0
-6.67614,0.26388,0.0
-6.67614,0.29027,0.0
-6.67614,0.31665,0.0
-6.67614,0.34304,0.0
-6.67614,0.36943,0.0
-6.67614,0.39582,0.0
-6.67614,0.42221,0.0
-6.67614,0.44859,0.0
-6.67614,0.47498,0.0
-6.67614,0.50137,0.0
-6.67614,0.52776,0.0
-6.67614,0.55415,0.0
-6.67614,0.58053,0.0
-6.67614,0.60692,0.0
-6.67614,0.63331,0.0
-6.64975,-0.63331,0.0
-6.64975,-0.60692,0.0
-6.64975,-0.58053,0.0
-6.64975,-0.55415,0.0
-6.64975,-0.52776,0.0
-6.64975,-0.50137,0.0
-6.64975,-0.47498,0.0
-6.64975,-0.44859,0.0
-6.64975,-0.42221,0.0
-6.64975,-0.39582,0.0
-6.64975,-0.36943,0.0
-6.64975,-0.34304,0.0
-6.64975,-0.31665,0.0
-6.64975,-0.29027,0.0
-6.64975,-0.26388,0.0
-6.64975,-0.23749,0.0
-6.64975,-0.2111,0.0
-6.64975,-0.18472,0.0
-6.64975,-0.15833,0.0
-6.64975,-0.13194,0.0
-6.64975,-0.10555,0.0
-6.64975,-0.07916,0.0
-6.64975,-0.05278,0.0
-6.64975,-0.02639,0.0
-6.64975,0,0.0
-6.64975,0.02639,0.0
-6.64975,0.05278,0.0
-6.64975,0.07916,0.0
-6.64975,0.10555,0.0
-6.64975,0.13194,0.0
-6.64975,0.15833,0.0
-6.64975,0.18472,0.0
-6.64975,0.2111,0.0
-6.64975,0.23749,0.0
-6.64975,0.26388,0.0
-6.64975,0.29027,0.0
-6.64975,0.31665,0.0
-6.64975,0.34304,0.0
-6.64975,0.36943,0.0
-6.64975,0.39582,0.0
-6.64975,0.42221,0.0
-6.64975,0.44859,0.0
-6.64975,0.47498,0.0
-6.64975,0.50137,0.0
-6.64975,0.52776,0.0
-6.64975,0.55415,0.0
-6.64975,0.58053,0.0
-6.64975,0.60692,0.0
-6.64975,0.63331,0.0
-6.62336,-0.63331,0.0
-6.62336,-0.60692,0.0
-6.62336,-0.58053,0.0
-6.62336,-0.55415,0.0
-6.62336,-0.52776,0.0
-6.62336,-0.50137,0.0
-6.62336,-0.47498,0.0
-6.62336,-0.44859,0.0
-6.62336,-0.42221,0.0
-6.62336,-0.39582,0.0
-6.62336,-0.36943,0.0
-6.62336,-0.34304,0.0
-6.62336,-0.31665,0.0
-6.62336,-0.29027,0.0
-6.62336,-0.26388,0.0
-6.62336,-0.23749,0.0
-6.62336,-0.2111,0.0
-6.62336,-0.18472,0.0
-6.62336,-0.15833,0.0
-6.62336,-0.13194,0.0
-6.62336,-0.10555,0.0
-6.62336,-0.07916,0.0
-6.62336,-0.05278,0.0
-6.62336,-0.02639,0.0
-6.62336,0,0.0
-6.62336,0.02639,0.0
-6.62336,0.05278,0.0
-6.62336,0.07916,0.0
-6.62336,0.10555,0.0
-6.62336,0.13194,0.0
-6.62336,0.15833,0.0
-6.62336,0.18472,0.0
-6.62336,0.2111,0.0
-6.62336,0.23749,0.0
-6.62336,0.26388,0.0
-6.62336,0.29027,0.0
-6.62336,0.31665,0.0
-6.62336,0.34304,0.0
-6.62336,0.36943,0.0
-6.62336,0.39582,0.0
-6.62336,0.42221,0.0
-6.62336,0.44859,0.0
-6.62336,0.47498,0.0
-6.62336,0.50137,0.0
-6.62336,0.52776,0.0
-6.62336,0.55415,0.0
-6.62336,0.58053,0.0
-6.62336,0.60692,0.0
-6.62336,0.63331,0.0
-6.59698,-0.63331,0.0
-6.59698,-0.60692,0.0
-6.59698,-0.58053,0.0
-6.59698,-0.55415,0.0
-6.59698,-0.52776,0.0
-6.59698,-0.50137,0.0
-6.59698,-0.47498,0.0
-6.59698,-0.44859,0.0
-6.59698,-0.42221,0.0
-6.59698,-0.39582,0.0
-6.59698,-0.36943,0.0
-6.59698,-0.34304,0.0
-6.59698,-0.31665,0.0
-6.59698,-0.29027,0.0
-6.59698,-0.26388,0.0
-6.59698,-0.23749,0.0
-6.59698,-0.2111,0.0
-6.59698,-0.18472,0.0
-6.59698,-0.15833,0.0
-6.59698,-0.13194,0.0
-6.59698,-0.10555,0.0
-6.59698,-0.07916,0.0
-6.59698,-0.05278,0.0
-6.59698,-0.02639,0.0
-6.59698,0,0.0
-6.59698,0.02639,0.0
-6.59698,0.05278,0.0
-6.59698,0.07916,0.0
-6.59698,0.10555,0.0
-6.59698,0.13194,0.0
-6.59698,0.15833,0.0
-6.59698,0.18472,0.0
-6.59698,0.2111,0.0
-6.59698,0.23749,0.0
-6.59698,0.26388,0.0
-6.59698,0.29027,0.0
-6.59698,0.31665,0.0
-6.59698,0.34304,0.0
-6.59698,0.36943,0.0
-6.59698,0.39582,0.0
-6.59698,0.42221,0.0
-6.59698,0.44859,0.0
-6.59698,0.47498,0.0
-6.59698,0.50137,0.0
-6.59698,0.52776,0.0
-6.59698,0.55415,0.0
-6.59698,0.58053,0.0
-6.59698,0.60692,0.0
-6.59698,0.63331,0.0
-6.57059,-0.63331,0.0
-6.57059,-0.60692,0.0
-6.57059,-0.58053,0.0
-6.57059,-0.55415,0.0
-6.57059,-0.52776,0.0
-6.57059,-0.50137,0.0
-6.57059,-0.47498,0.0
-6.57059,-0.44859,0.0
-6.57059,-0.42221,0.0
-6.57059,-0.39582,0.0
-6.57059,-0.36943,0.0
-6.57059,-0.34304,0.0
-6.57059,-0.31665,0.0
-6.57059,-0.29027,0.0
-6.57059,-0.26388,0.0
-6.57059,-0.23749,0.0
-6.57059,-0.2111,0.0
-6.57059,-0.18472,0.0
-6.57059,-0.15833,0.0
-6.57059,-0.13194,0.0
-6.57059,-0.10555,0.0
-6.57059,-0.07916,0.0
-6.57059,-0.05278,0.0
-6.57059,-0.02639,0.0
-6.57059,0,0.0
-6.57059,0.02639,0.0
-6.57059,0.05278,0.0
-6.57059,0.07916,0.0
-6.57059,0.10555,0.0
-6.57059,0.13194,0.0
-6.57059,0.15833,0.0
-6.57059,0.18472,0.0
-6.57059,0.2111,0.0
-6.57059,0.23749,0.0
-6.57059,0.26388,0.0
-6.57059,0.29027,0.0
-6.57059,0.31665,0.0
-6.57059,0.34304,0.0
-6.57059,0.36943,0.0
-6.57059,0.39582,0.0
-6.57059,0.42221,0.0
-6.57059,0.44859,0.0
-6.57059,0.47498,0.0
-6.57059,0.50137,0.0
-6.57059,0.52776,0.0
-6.57059,0.55415,0.0
-6.57059,0.58053,0.0
-6.57059,0.60692,0.0
-6.57059,0.63331,0.0
-6.5442,-0.63331,0.0
-6.5442,-0.60692,0.0
-6.5442,-0.58053,0.0
-6.5442,-0.55415,0.0
-6.5442,-0.52776,0.0
-6.5442,-0.50137,0.0
-6.5442,-0.47498,0.0
-6.5442,-0.44859,0.0
-6.5442,-0.42221,0.0
-6.5442,-0.39582,0.0
-6.5442,-0.36943,0.0
-6.5442,-0.34304,0.0
-6.5442,-0.31665,0.0
-6.5442,-0.29027,0.0
-6.5442,-0.26388,0.0
-6.5442,-0.23749,0.0
-6.5442,-0.2111,0.0
-6.5442,-0.18472,0.0
-6.5442,-0.15833,0.0
-6.5442,-0.13194,0.0
-6.5442,-0.10555,0.0
-6.5442,-0.07916,0.0
-6.5442,-0.05278,0.0
-6.5442,-0.02639,0.0
-6.5442,0,0.0
-6.5442,0.02639,0.0
-6.5442,0.05278,0.0
-6.5442,0.07916,0.0
-6.5442,0.10555,0.0
-6.5442,0.13194,0.0
-6.5442,0.15833,0.0
-6.5442,0.18472,0.0
-6.5442,0.2111,0.0
-6.5442,0.23749,0.0
-6.5442,0.26388,0.0
-6.5442,0.29027,0.0
-6.5442,0.31665,0.0
-6.5442,0.34304,0.0
-6.5442,0.36943,0.0
-6.5442,0.39582,0.0
-6.5442,0.42221,0.0
-6.5442,0.44859,0.0
-6.5442,0.47498,0.0
-6.5442,0.50137,0.0
-6.5442,0.52776,0.0
-6.5442,0.55415,0.0
-6.5442,0.58053,0.0
-6.5442,0.60692,0.0
-6.5442,0.63331,0.0
-6.51781,-0.63331,0.0
-6.51781,-0.60692,0.0
-6.51781,-0.58053,0.0
-6.51781,-0.55415,0.0
-6.51781,-0.52776,0.0
-6.51781,-0.50137,0.0
-6.51781,-0.47498,0.0
-6.51781,-0.44859,0.0
-6.51781,-0.42221,0.0
-6.51781,-0.39582,0.0
-6.51781,-0.36943,0.0
-6.51781,-0.34304,0.0
-6.51781,-0.31665,0.0
-6.51781,-0.29027,0.0
-6.51781,-0.26388,0.0
-6.51781,-0.23749,0.0
-6.51781,-0.2111,0.0
-6.51781,-0.18472,0.0
-6.51781,-0.15833,0.0
-6.51781,-0.13194,0.0
-6.51781,-0.10555,0.0
-6.51781,-0.07916,0.0
-6.51781,-0.05278,0.0
-6.51781,-0.02639,0.0
-6.51781,0,0.0
-6.51781,0.02639,0.0
-6.51781,0.05278,0.0
-6.51781,0.07916,0.0
-6.51781,0.10555,0.0
-6.51781,0.13194,0.0
-6.51781,0.15833,0.0
-6.51781,0.18472,0.0
-6.51781,0.2111,0.0
-6.51781,0.23749,0.0
-6.51781,0.26388,0.0
-6.51781,0.29027,0.0
-6.51781,0.31665,0.0
-6.51781,0.34304,0.0
-6.51781,0.36943,0.0
-6.51781,0.39582,0.0
-6.51781,0.42221,0.0
-6.51781,0.44859,0.0
-6.51781,0.47498,0.0
-6.51781,0.50137,0.0
-6.51781,0.52776,0.0
-6.51781,0.55415,0.0
-6.51781,0.58053,0.0
-6.51781,0.60692,0.0
-6.51781,0.63331,0.0
-6.49142,-0.63331,0.0
-6.49142,-0.60692,0.0
-6.49142,-0.58053,0.0
-6.49142,-0.55415,0.0
-6.49142,-0.52776,0.0
-6.49142,-0.50137,0.0
-6.49142,-0.47498,0.0
-6.49142,-0.44859,0.0
-6.49142,-0.42221,0.0
-6.49142,-0.39582,0.0
-6.49142,-0.36943,0.0
-6.49142,-0.34304,0.0
-6.49142,-0.31665,0.0
-6.49142,-0.29027,0.0
-6.49142,-0.26388,0.0
-6.49142,-0.23749,0.0
-6.49142,-0.2111,0.0
-6.49142,-0.18472,0.0
-6.49142,-0.15833,0.0
-6.49142,-0.13194,0.0
-6.49142,-0.10555,0.0
-6.49142,-0.07916,0.0
-6.49142,-0.05278,0.0
-6.49142,-0.02639,0.0
-6.49142,0,0.0
-6.49142,0.02639,0.0
-6.49142,0.05278,0.0
-6.49142,0.07916,0.0
-6.49142,0.10555,0.0
-6.49142,0.13194,0.0
-6.49142,0.15833,0.0
-6.49142,0.18472,0.0
-6.49142,0.2111,0.0
-6.49142,0.23749,0.0
-6.49142,0.26388,0.0
-6.49142,0.29027,0.0
-6.49142,0.31665,0.0
-6.49142,0.34304,0.0
-6.49142,0.36943,0.0
-6.49142,0.39582,0.0
-6.49142,0.42221,0.0
-6.49142,0.44859,0.0
-6.49142,0.47498,0.0
-6.49142,0.50137,0.0
-6.49142,0.52776,0.0
-6.49142,0.55415,0.0
-6.49142,0.58053,0.0
-6.49142,0.60692,0.0
-6.49142,0.63331,0.0
-6.46504,-0.63331,0.0
-6.46504,-0.60692,0.0
-6.46504,-0.58053,0.0
-6.46504,-0.55415,0.0
-6.46504,-0.52776,0.0
-6.46504,-0.50137,0.0
-6.46504,-0.47498,0.0
-6.46504,-0.44859,0.0
-6.46504,-0.42221,0.0
-6.46504,-0.39582,0.0
-6.46504,-0.36943,0.0
-6.46504,-0.34304,0.0
-6.46504,-0.31665,0.0
-6.46504,-0.29027,0.0
-6.46504,-0.26388,0.0
-6.46504,-0.23749,0.0
-6.46504,-0.2111,0.0
-6.46504,-0.18472,0.0
-6.46504,-0.15833,0.0
-6.46504,-0.13194,0.0
-6.46504,-0.10555,0.0
-6.46504,-0.07916,0.0
-6.46504,-0.05278,0.0
-6.46504,-0.02639,0.0
-6.46504,0,0.0
-6.46504,0.02639,0.0
-6.46504,0.05278,0.0
-6.46504,0.07916,0.0
-6.46504,0.10555,0.0
-6.46504,0.13194,0.0
-6.46504,0.15833,0.0
-6.46504,0.18472,0.0
-6.46504,0.2111,0.0
-6.46504,0.23749,0.0
-6.46504,0.26388,0.0
-6.46504,0.29027,0.0
-6.46504,0.31665,0.0
-6.46504,0.34304,0.0
-6.46504,0.36943,0.0
-6.46504,0.39582,0.0
-6.46504,0.42221,0.0
-6.46504,0.44859,0.0
-6.46504,0.47498,0.0
-6.46504,0.50137,0.0
-6.46504,0.52776,0.0
-6.46504,0.55415,0.0
-6.46504,0.58053,0.0
-6.46504,0.60692,0.0
-6.46504,0.63331,0.0
-6.43865,-0.63331,0.0
-6.43865,-0.60692,0.0
-6.43865,-0.58053,0.0
-6.43865,-0.55415,0.0
-6.43865,-0.52776,0.0
-6.43865,-0.50137,0.0
-6.43865,-0.47498,0.0
-6.43865,-0.44859,0.0
-6.43865,-0.42221,0.0
-6.43865,-0.39582,0.0
-6.43865,-0.36943,0.0
-6.43865,-0.34304,0.0
-6.43865,-0.31665,0.0
-6.43865,-0.29027,0.0
-6.43865,-0.26388,0.0
-6.43865,-0.23749,0.0
-6.43865,-0.2111,0.0
-6.43865,-0.18472,0.0
-6.43865,-0.15833,0.0
-6.43865,-0.13194,0.0
-6.43865,-0.10555,0.0
-6.43865,-0.07916,0.0
-6.43865,-0.05278,0.0
-6.43865,-0.02639,0.0
-6.43865,0,0.0
-6.43865,0.02639,0.0
-6.43865,0.05278,0.0
-6.43865,0.07916,0.0
-6.43865,0.10555,0.0
-6.43865,0.13194,0.0
-6.43865,0.15833,0.0
-6.43865,0.18472,0.0
-6.43865,0.2111,0.0
-6.43865,0.23749,0.0
-6.43865,0.26388,0.0
-6.43865,0.29027,0.0
-6.43865,0.31665,0.0
-6.43865,0.34304,0.0
-6.43865,0.36943,0.0
-6.43865,0.39582,0.0
-6.43865,0.42221,0.0
-6.43865,0.44859,0.0
-6.43865,0.47498,0.0
-6.43865,0.50137,0.0
-6.43865,0.52776,0.0
-6.43865,0.55415,0.0
-6.43865,0.58053,0.0
-6.43865,0.60692,0.0
-6.43865,0.63331,0.0
-6.41226,-0.63331,0.0
-6.41226,-0.60692,0.0
-6.41226,-0.58053,0.0
-6.41226,-0.55415,0.0
-6.41226,-0.52776,0.0
-6.41226,-0.50137,0.0
-6.41226,-0.47498,0.0
-6.41226,-0.44859,0.0
-6.41226,-0.42221,0.0
-6.41226,-0.39582,0.0
-6.41226,-0.36943,0.0
-6.41226,-0.34304,0.0
-6.41226,-0.31665,0.0
-6.41226,-0.29027,0.0
-6.41226,-0.26388,0.0
-6.41226,-0.23749,0.0
-6.41226,-0.2111,0.0
-6.41226,-0.18472,0.0
-6.41226,-0.15833,0.0
-6.41226,-0.13194,0.0
-6.41226,-0.10555,0.0
-6.41226,-0.07916,0.0
-6.41226,-0.05278,0.0
-6.41226,-0.02639,0.0
-6.41226,0,0.0
-6.41226,0.02639,0.0
-6.41226,0.05278,0.0
-6.41226,0.07916,0.0
-6.41226,0.10555,0.0
-6.41226,0.13194,0.0
-6.41226,0.15833,0.0
-6.41226,0.18472,0.0
-6.41226,0.2111,0.0
-6.41226,0.23749,0.0
-6.41226,0.26388,0.0
-6.41226,0.29027,0.0
-6.41226,0.31665,0.0
-6.41226,0.34304,0.0
-6.41226,0.36943,0.0
-6.41226,0.39582,0.0
-6.41226,0.42221,0.0
-6.41226,0.44859,0.0
-6.41226,0.47498,0.0
-6.41226,0.50137,0.0
-6.41226,0.52776,0.0
-6.41226,0.55415,0.0
-6.41226,0.58053,0.0
-6.41226,0.60692,0.0
-6.41226,0.63331,0.0
-6.38587,-0.63331,0.0
-6.38587,-0.60692,0.0
-6.38587,-0.58053,0.0
-6.38587,-0.55415,0.0
-6.38587,-0.52776,0.0
-6.38587,-0.50137,0.0
-6.38587,-0.47498,0.0
-6.38587,-0.44859,0.0
-6.38587,-0.42221,0.0
-6.38587,-0.39582,0.0
-6.38587,-0.36943,0.0
-6.38587,-0.34304,0.0
-6.38587,-0.31665,0.0
-6.38587,-0.29027,0.0
-6.38587,-0.26388,0.0
-6.38587,-0.23749,0.0
-6.38587,-0.2111,0.0
-6.38587,-0.18472,0.0
-6.38587,-0.15833,0.0
-6.38587,-0.13194,0.0
-6.38587,-0.10555,0.0
-6.38587,-0.07916,0.0
-6.38587,-0.05278,0.0
-6.38587,-0.02639,0.0
-6.38587,0,0.0
-6.38587,0.02639,0.0
-6.38587,0.05278,0.0
-6.38587,0.07916,0.0
-6.38587,0.10555,0.0
-6.38587,0.13194,0.0
-6.38587,0.15833,0.0
-6.38587,0.18472,0.0
-6.38587,0.2111,0.0
-6.38587,0.23749,0.0
-6.38587,0.26388,0.0
-6.38587,0.29027,0.0
-6.38587,0.31665,0.0
-6.38587,0.34304,0.0
-6.38587,0.36943,0.0
-6.38587,0.39582,0.0
-6.38587,0.42221,0.0
-6.38587,0.44859,0.0
-6.38587,0.47498,0.0
-6.38587,0.50137,0.0
-6.38587,0.52776,0.0
-6.38587,0.55415,0.0
-6.38587,0.58053,0.0
-6.38587,0.60692,0.0
-6.38587,0.63331,0.0
-6.35948,-0.63331,0.0
-6.35948,-0.60692,0.0
-6.35948,-0.58053,0.0
-6.35948,-0.55415,0.0
-6.35948,-0.52776,0.0
-6.35948,-0.50137,0.0
-6.35948,-0.47498,0.0
-6.35948,-0.44859,0.0
-6.35948,-0.42221,0.0
-6.35948,-0.39582,0.0
-6.35948,-0.36943,0.0
-6.35948,-0.34304,0.0
-6.35948,-0.31665,0.0
-6.35948,-0.29027,0.0
-6.35948,-0.26388,0.0
-6.35948,-0.23749,0.0
-6.35948,-0.2111,0.0
-6.35948,-0.18472,0.0
-6.35948,-0.15833,0.0
-6.35948,-0.13194,0.0
-6.35948,-0.10555,0.0
-6.35948,-0.07916,0.0
-6.35948,-0.05278,0.0
-6.35948,-0.02639,0.0
-6.35948,0,0.0
-6.35948,0.02639,0.0
-6.35948,0.05278,0.0
-6.35948,0.07916,0.0
-6.35948,0.10555,0.0
-6.35948,0.13194,0.0
-6.35948,0.15833,0.0
-6.35948,0.18472,0.0
-6.35948,0.2111,0.0
-6.35948,0.23749,0.0
-6.35948,0.26388,0.0
-6.35948,0.29027,0.0
-6.35948,0.31665,0.0
-6.35948,0.34304,0.0
-6.35948,0.36943,0.0
-6.35948,0.39582,0.0
-6.35948,0.42221,0.0
-6.35948,0.44859,0.0
-6.35948,0.47498,0.0
-6.35948,0.50137,0.0
-6.35948,0.52776,0.0
-6.35948,0.55415,0.0
-6.35948,0.58053,0.0
-6.35948,0.60692,0.0
-6.35948,0.63331,0.0
-6.3331,-0.63331,0.0
-6.3331,-0.60692,0.0
-6.3331,-0.58053,0.0
-6.3331,-0.55415,0.0
-6.3331,-0.52776,0.0
-6.3331,-0.50137,0.0
-6.3331,-0.47498,0.0
-6.3331,-0.44859,0.0
-6.3331,-0.42221,0.0
-6.3331,-0.39582,0.0
-6.3331,-0.36943,0.0
-6.3331,-0.34304,0.0
-6.3331,-0.31665,0.0
-6.3331,-0.29027,0.0
-6.3331,-0.26388,0.0
-6.3331,-0.23749,0.0
-6.3331,-0.2111,0.0
-6.3331,-0.18472,0.0
-6.3331,-0.15833,0.0
-6.3331,-0.13194,0.0
-6.3331,-0.10555,0.0
-6.3331,-0.07916,0.0
-6.3331,-0.05278,0.0
-6.3331,-0.02639,0.0
-6.3331,0,0.0
-6.3331,0.02639,0.0
-6.3331,0.05278,0.0
-6.3331,0.07916,0.0
-6.3331,0.10555,0.0
-6.3331,0.13194,0.0
-6.3331,0.15833,0.0
-6.3331,0.18472,0.0
-6.3331,0.2111,0.0
-6.3331,0.23749,0.0
-6.3331,0.26388,0.0
-6.3331,0.29027,0.0
-6.3331,0.31665,0.0
-6.3331,0.34304,0.0
-6.3331,0.36943,0.0
-6.3331,0.39582,0.0
-6.3331,0.42221,0.0
-6.3331,0.44859,0.0
-6.3331,0.47498,0.0
-6.3331,0.50137,0.0
-6.3331,0.52776,0.0
-6.3331,0.55415,0.0
-6.3331,0.58053,0.0
-6.3331,0.60692,0.0
-6.3331,0.63331,0.0
-6.30671,-0.63331,0.0
-6.30671,-0.60692,0.0
-6.30671,-0.58053,0.0
-6.30671,-0.55415,0.0
-6.30671,-0.52776,0.0
-6.30671,-0.50137,0.0
-6.30671,-0.47498,0.0
-6.30671,-0.44859,0.0
-6.30671,-0.42221,0.0
-6.30671,-0.39582,0.0
-6.30671,-0.36943,0.0
-6.30671,-0.34304,0.0
-6.30671,-0.31665,0.0
-6.30671,-0.29027,0.0
-6.30671,-0.26388,0.0
-6.30671,-0.23749,0.0
-6.30671,-0.2111,0.0
-6.30671,-0.18472,0.0
-6.30671,-0.15833,0.0
-6.30671,-0.13194,0.0
-6.30671,-0.10555,0.0
-6.30671,-0.07916,0.0
-6.30671,-0.05278,0.0
-6.30671,-0.02639,0.0
-6.30671,0,0.0
-6.30671,0.02639,0.0
-6.30671,0.05278,0.0
-6.30671,0.07916,0.0
-6.30671,0.10555,0.0
-6.30671,0.13194,0.0
-6.30671,0.15833,0.0
-6.30671,0.18472,0.0
-6.30671,0.2111,0.0
-6.30671,0.23749,0.0
-6.30671,0.26388,0.0
-6.30671,0.29027,0.0
-6.30671,0.31665,0.0
-6.30671,0.34304,0.0
-6.30671,0.36943,0.0
-6.30671,0.39582,0.0
-6.30671,0.42221,0.0
-6.30671,0.44859,0.0
-6.30671,0.47498,0.0
-6.30671,0.50137,0.0
-6.30671,0.52776,0.0
-6.30671,0.55415,0.0
-6.30671,0.58053,0.0
-6.30671,0.60692,0.0
-6.30671,0.63331,0.0
-6.28032,-0.63331,0.0
-6.28032,-0.60692,0.0
-6.28032,-0.58053,0.0
-6.28032,-0.55415,0.0
-6.28032,-0.52776,0.0
-6.28032,-0.50137,0.0
-6.28032,-0.47498,0.0
-6.28032,-0.44859,0.0
-6.28032,-0.42221,0.0
-6.28032,-0.39582,0.0
-6.28032,-0.36943,0.0
-6.28032,-0.34304,0.0
-6.28032,-0.31665,0.0
-6.28032,-0.29027,0.0
-6.28032,-0.26388,0.0
-6.28032,-0.23749,0.0
-6.28032,-0.2111,0.0
-6.28032,-0.18472,0.0
-6.28032,-0.15833,0.0
-6.28032,-0.13194,0.0
-6.28032,-0.10555,0.0
-6.28032,-0.07916,0.0
-6.28032,-0.05278,0.0
-6.28032,-0.02639,0.0
-6.28032,0,0.0
-6.28032,0.02639,0.0
-6.28032,0.05278,0.0
-6.28032,0.07916,0.0
-6.28032,0.10555,0.0
-6.28032,0.13194,0.0
-6.28032,0.15833,0.0
-6.28032,0.18472,0.0
-6.28032,0.2111,0.0
-6.28032,0.23749,0.0
-6.28032,0.26388,0.0
-6.28032,0.29027,0.0
-6.28032,0.31665,0.0
-6.28032,0.34304,0.0
-6.28032,0.36943,0.0
-6.28032,0.39582,0.0
-6.28032,0.42221,0.0
-6.28032,0.44859,0.0
-6.28032,0.47498,0.0
-6.28032,0.50137,0.0
-6.28032,0.52776,0.0
-6.28032,0.55415,0.0
-6.28032,0.58053,0.0
-6.28032,0.60692,0.0
-6.28032,0.63331,0.0
-6.25393,-0.63331,0.0
-6.25393,-0.60692,0.0
-6.25393,-0.58053,0.0
-6.25393,-0.55415,0.0
-6.25393,-0.52776,0.0
-6.25393,-0.50137,0.0
-6.25393,-0.47498,0.0
-6.25393,-0.44859,0.0
-6.25393,-0.42221,0.0
-6.25393,-0.39582,0.0
-6.25393,-0.36943,0.0
-6.25393,-0.34304,0.0
-6.25393,-0.31665,0.0
-6.25393,-0.29027,0.0
-6.25393,-0.26388,0.0
-6.25393,-0.23749,0.0
-6.25393,-0.2111,0.0
-6.25393,-0.18472,0.0
-6.25393,-0.15833,0.0
-6.25393,-0.13194,0.0
-6.25393,-0.10555,0.0
-6.25393,-0.07916,0.0
-6.25393,-0.05278,0.0
-6.25393,-0.02639,0.0
-6.25393,0,0.0
-6.25393,0.02639,0.0
-6.25393,0.05278,0.0
-6.25393,0.07916,0.0
-6.25393,0.10555,0.0
-6.25393,0.13194,0.0
-6.25393,0.15833,0.0
-6.25393,0.18472,0.0
-6.25393,0.2111,0.0
-6.25393,0.23749,0.0
-6.25393,0.26388,0.0
-6.25393,0.29027,0.0
-6.25393,0.31665,0.0
-6.25393,0.34304,0.0
-6.25393,0.36943,0.0
-6.25393,0.39582,0.0
-6.25393,0.42221,0.0
-6.25393,0.44859,0.0
-6.25393,0.47498,0.0
-6.25393,0.50137,0.0
-6.25393,0.52776,0.0
-6.25393,0.55415,0.0
-6.25393,0.58053,0.0
-6.25393,0.60692,0.0
-6.25393,0.63331,0.0
-6.22754,-0.63331,0.0
-6.22754,-0.60692,0.0
-6.22754,-0.58053,0.0
-6.22754,-0.55415,0.0
-6.22754,-0.52776,0.0
-6.22754,-0.50137,0.0
-6.22754,-0.47498,0.0
-6.22754,-0.44859,0.0
-6.22754,-0.42221,0.0
-6.22754,-0.39582,0.0
-6.22754,-0.36943,0.0
-6.22754,-0.34304,0.0
-6.22754,-0.31665,0.0
-6.22754,-0.29027,0.0
-6.22754,-0.26388,0.0
-6.22754,-0.23749,0.0
-6.22754,-0.2111,0.0
-6.22754,-0.18472,0.0
-6.22754,-0.15833,0.0
-6.22754,-0.13194,0.0
-6.22754,-0.10555,0.0
-6.22754,-0.07916,0.0
-6.22754,-0.05278,0.0
-6.22754,-0.02639,0.0
-6.22754,0,0.0
-6.22754,0.02639,0.0
-6.22754,0.05278,0.0
-6.22754,0.07916,0.0
-6.22754,0.10555,0.0
-6.22754,0.13194,0.0
-6.22754,0.15833,0.0
-6.22754,0.18472,0.0
-6.22754,0.2111,0.0
-6.22754,0.23749,0.0
-6.22754,0.26388,0.0
-6.22754,0.29027,0.0
-6.22754,0.31665,0.0
-6.22754,0.34304,0.0
-6.22754,0.36943,0.0
-6.22754,0.39582,0.0
-6.22754,0.42221,0.0
-6.22754,0.44859,0.0
-6.22754,0.47498,0.0
-6.22754,0.50137,0.0
-6.22754,0.52776,0.0
-6.22754,0.55415,0.0
-6.22754,0.58053,0.0
-6.22754,0.60692,0.0
-6.22754,0.63331,0.0
-6.20116,-0.63331,0.0
-6.20116,-0.60692,0.0
-6.20116,-0.58053,0.0
-6.20116,-0.55415,0.0
-6.20116,-0.52776,0.0
-6.20116,-0.50137,0.0
-6.20116,-0.47498,0.0
-6.20116,-0.44859,0.0
-6.20116,-0.42221,0.0
-6.20116,-0.39582,0.0
-6.20116,-0.36943,0.0
-6.20116,-0.34304,0.0
-6.20116,-0.31665,0.0
-6.20116,-0.29027,0.0
-6.20116,-0.26388,0.0
-6.20116,-0.23749,0.0
-6.20116,-0.2111,0.0
-6.20116,-0.18472,0.0
-6.20116,-0.15833,0.0
-6.20116,-0.13194,0.0
-6.20116,-0.10555,0.0
-6.20116,-0.07916,0.0
-6.20116,-0.05278,0.0
-6.20116,-0.02639,0.0
-6.20116,0,0.0
-6.20116,0.02639,0.0
-6.20116,0.05278,0.0
-6.20116,0.07916,0.0
-6.20116,0.10555,0.0
-6.20116,0.13194,0.0
-6.20116,0.15833,0.0
-6.20116,0.18472,0.0
-6.20116,0.2111,0.0
-6.20116,0.23749,0.0
-6.20116,0.26388,0.0
-6.20116,0.29027,0.0
-6.20116,0.31665,0.0
-6.20116,0.34304,0.0
-6.20116,0.36943,0.0
-6.20116,0.39582,0.0
-6.20116,0.42221,0.0
-6.20116,0.44859,0.0
-6.20116,0.47498,0.0
-6.20116,0.50137,0.0
-6.20116,0.52776,0.0
-6.20116,0.55415,0.0
-6.20116,0.58053,0.0
-6.20116,0.60692,0.0
-6.20116,0.63331,0.0
-6.17477,-0.63331,0.0
-6.17477,-0.60692,0.0
-6.17477,-0.58053,0.0
-6.17477,-0.55415,0.0
-6.17477,-0.52776,0.0
-6.17477,-0.50137,0.0
-6.17477,-0.47498,0.0
-6.17477,-0.44859,0.0
-6.17477,-0.42221,0.0
-6.17477,-0.39582,0.0
-6.17477,-0.36943,0.0
-6.17477,-0.34304,0.0
-6.17477,-0.31665,0.0
-6.17477,-0.29027,0.0
-6.17477,-0.26388,0.0
-6.17477,-0.23749,0.0
-6.17477,-0.2111,0.0
-6.17477,-0.18472,0.0
-6.17477,-0.15833,0.0
-6.17477,-0.13194,0.0
-6.17477,-0.10555,0.0
-6.17477,-0.07916,0.0
-6.17477,-0.05278,0.0
-6.17477,-0.02639,0.0
-6.17477,0,0.0
-6.17477,0.02639,0.0
-6.17477,0.05278,0.0
-6.17477,0.07916,0.0
-6.17477,0.10555,0.0
-6.17477,0.13194,0.0
-6.17477,0.15833,0.0
-6.17477,0.18472,0.0
-6.17477,0.2111,0.0
-6.17477,0.23749,0.0
-6.17477,0.26388,0.0
-6.17477,0.29027,0.0
-6.17477,0.31665,0.0
-6.17477,0.34304,0.0
-6.17477,0.36943,0.0
-6.17477,0.39582,0.0
-6.17477,0.42221,0.0
-6.17477,0.44859,0.0
-6.17477,0.47498,0.0
-6.17477,0.50137,0.0
-6.17477,0.52776,0.0
-6.17477,0.55415,0.0
-6.17477,0.58053,0.0
-6.17477,0.60692,0.0
-6.17477,0.63331,0.0
-6.14838,-0.63331,0.0
-6.14838,-0.60692,0.0
-6.14838,-0.58053,0.0
-6.14838,-0.55415,0.0
-6.14838,-0.52776,0.0
-6.14838,-0.50137,0.0
-6.14838,-0.47498,0.0
-6.14838,-0.44859,0.0
-6.14838,-0.42221,0.0
-6.14838,-0.39582,0.0
-6.14838,-0.36943,0.0
-6.14838,-0.34304,0.0
-6.14838,-0.31665,0.0
-6.14838,-0.29027,0.0
-6.14838,-0.26388,0.0
-6.14838,-0.23749,0.0
-6.14838,-0.2111,0.0
-6.14838,-0.18472,0.0
-6.14838,-0.15833,0.0
-6.14838,-0.13194,0.0
-6.14838,-0.10555,0.0
-6.14838,-0.07916,0.0
-6.14838,-0.05278,0.0
-6.14838,-0.02639,0.0
-6.14838,0,0.0
-6.14838,0.02639,0.0
-6.14838,0.05278,0.0
-6.14838,0.07916,0.0
-6.14838,0.10555,0.0
-6.14838,0.13194,0.0
-6.14838,0.15833,0.0
-6.14838,0.18472,0.0
-6.14838,0.2111,0.0
-6.14838,0.23749,0.0
-6.14838,0.26388,0.0
-6.14838,0.29027,0.0
-6.14838,0.31665,0.0
-6.14838,0.34304,0.0
-6.14838,0.36943,0.0
-6.14838,0.39582,0.0
-6.14838,0.42221,0.0
-6.14838,0.44859,0.0
-6.14838,0.47498,0.0
-6.14838,0.50137,0.0
-6.14838,0.52776,0.0
-6.14838,0.55415,0.0
-6.14838,0.58053,0.0
-6.14838,0.60692,0.0
-6.14838,0.63331,0.0
-6.12199,-0.63331,0.0
-6.12199,-0.60692,0.0
-6.12199,-0.58053,0.0
-6.12199,-0.55415,0.0
-6.12199,-0.52776,0.0
-6.12199,-0.50137,0.0
-6.12199,-0.47498,0.0
-6.12199,-0.44859,0.0
-6.12199,-0.42221,0.0
-6.12199,-0.39582,0.0
-6.12199,-0.36943,0.0
-6.12199,-0.34304,0.0
-6.12199,-0.31665,0.0
-6.12199,-0.29027,0.0
-6.12199,-0.26388,0.0
-6.12199,-0.23749,0.0
-6.12199,-0.2111,0.0
-6.12199,-0.18472,0.0
-6.12199,-0.15833,0.0
-6.12199,-0.13194,0.0
-6.12199,-0.10555,0.0
-6.12199,-0.07916,0.0
-6.12199,-0.05278,0.0
-6.12199,-0.02639,0.0
-6.12199,0,0.0
-6.12199,0.02639,0.0
-6.12199,0.05278,0.0
-6.12199,0.07916,0.0
-6.12199,0.10555,0.0
-6.12199,0.13194,0.0
-6.12199,0.15833,0.0
-6.12199,0.18472,0.0
-6.12199,0.2111,0.0
-6.12199,0.23749,0.0
-6.12199,0.26388,0.0
-6.12199,0.29027,0.0
-6.12199,0.31665,0.0
-6.12199,0.34304,0.0
-6.12199,0.36943,0.0
-6.12199,0.39582,0.0
-6.12199,0.42221,0.0
-6.12199,0.44859,0.0
-6.12199,0.47498,0.0
-6.12199,0.50137,0.0
-6.12199,0.52776,0.0
-6.12199,0.55415,0.0
-6.12199,0.58053,0.0
-6.12199,0.60692,0.0
-6.12199,0.63331,0.0
-6.09561,-0.63331,0.0
-6.09561,-0.60692,0.0
-6.09561,-0.58053,0.0
-6.09561,-0.55415,0.0
-6.09561,-0.52776,0.0
-6.09561,-0.50137,0.0
-6.09561,-0.47498,0.0
-6.09561,-0.44859,0.0
-6.09561,-0.42221,0.0
-6.09561,-0.39582,0.0
-6.09561,-0.36943,0.0
-6.09561,-0.34304,0.0
-6.09561,-0.31665,0.0
-6.09561,-0.29027,0.0
-6.09561,-0.26388,0.0
-6.09561,-0.23749,0.0
-6.09561,-0.2111,0.0
-6.09561,-0.18472,0.0
-6.09561,-0.15833,0.0
-6.09561,-0.13194,0.0
-6.09561,-0.10555,0.0
-6.09561,-0.07916,0.0
-6.09561,-0.05278,0.0
-6.09561,-0.02639,0.0
-6.09561,0,0.0
-6.09561,0.02639,0.0
-6.09561,0.05278,0.0
-6.09561,0.07916,0.0
-6.09561,0.10555,0.0
-6.09561,0.13194,0.0
-6.09561,0.15833,0.0
-6.09561,0.18472,0.0
-6.09561,0.2111,0.0
-6.09561,0.23749,0.0
-6.09561,0.26388,0.0
-6.09561,0.29027,0.0
-6.09561,0.31665,0.0
-6.09561,0.34304,0.0
-6.09561,0.36943,0.0
-6.09561,0.39582,0.0
-6.09561,0.42221,0.0
-6.09561,0.44859,0.0
-6.09561,0.47498,0.0
-6.09561,0.50137,0.0
-6.09561,0.52776,0.0
-6.09561,0.55415,0.0
-6.09561,0.58053,0.0
-6.09561,0.60692,0.0
-6.09561,0.63331,0.0
-6.06922,-0.63331,0.0
-6.06922,-0.60692,0.0
-6.06922,-0.58053,0.0
-6.06922,-0.55415,0.0
-6.06922,-0.52776,0.0
-6.06922,-0.50137,0.0
-6.06922,-0.47498,0.0
-6.06922,-0.44859,0.0
-6.06922,-0.42221,0.0
-6.06922,-0.39582,0.0
-6.06922,-0.36943,0.0
-6.06922,-0.34304,0.0
-6.06922,-0.31665,0.0
-6.06922,-0.29027,0.0
-6.06922,-0.26388,0.0
-6.06922,-0.23749,0.0
-6.06922,-0.2111,0.0
-6.06922,-0.18472,0.0
-6.06922,-0.15833,0.0
-6.06922,-0.13194,0.0
-6.06922,-0.10555,0.0
-6.06922,-0.07916,0.0
-6.06922,-0.05278,0.0
-6.06922,-0.02639,0.0
-6.06922,0,0.0
-6.06922,0.02639,0.0
-6.06922,0.05278,0.0
-6.06922,0.07916,0.0
-6.06922,0.10555,0.0
-6.06922,0.13194,0.0
-6.06922,0.15833,0.0
-6.06922,0.18472,0.0
-6.06922,0.2111,0.0
-6.06922,0.23749,0.0
-6.06922,0.26388,0.0
-6.06922,0.29027,0.0
-6.06922,0.31665,0.0
-6.06922,0.34304,0.0
-6.06922,0.36943,0.0
-6.06922,0.39582,0.0
-6.06922,0.42221,0.0
-6.06922,0.44859,0.0
-6.06922,0.47498,0.0
-6.06922,0.50137,0.0
-6.06922,0.52776,0.0
-6.06922,0.55415,0.0
-6.06922,0.58053,0.0
-6.06922,0.60692,0.0
-6.06922,0.63331,0.0
-6.04283,-0.63331,0.0
-6.04283,-0.60692,0.0
-6.04283,-0.58053,0.0
-6.04283,-0.55415,0.0
-6.04283,-0.52776,0.0
-6.04283,-0.50137,0.0
-6.04283,-0.47498,0.0
-6.04283,-0.44859,0.0
-6.04283,-0.42221,0.0
-6.04283,-0.39582,0.0
-6.04283,-0.36943,0.0
-6.04283,-0.34304,0.0
-6.04283,-0.31665,0.0
-6.04283,-0.29027,0.0
-6.04283,-0.26388,0.0
-6.04283,-0.23749,0.0
-6.04283,-0.2111,0.0
-6.04283,-0.18472,0.0
-6.04283,-0.15833,0.0
-6.04283,-0.13194,0.0
-6.04283,-0.10555,0.0
-6.04283,-0.07916,0.0
-6.04283,-0.05278,0.0
-6.04283,-0.02639,0.0
-6.04283,0,0.0
-6.04283,0.02639,0.0
-6.04283,0.05278,0.0
-6.04283,0.07916,0.0
-6.04283,0.10555,0.0
-6.04283,0.13194,0.0
-6.04283,0.15833,0.0
-6.04283,0.18472,0.0
-6.04283,0.2111,0.0
-6.04283,0.23749,0.0
-6.04283,0.26388,0.0
-6.04283,0.29027,0.0
-6.04283,0.31665,0.0
-6.04283,0.34304,0.0
-6.04283,0.36943,0.0
-6.04283,0.39582,0.0
-6.04283,0.42221,0.0
-6.04283,0.44859,0.0
-6.04283,0.47498,0.0
-6.04283,0.50137,0.0
-6.04283,0.52776,0.0
-6.04283,0.55415,0.0
-6.04283,0.58053,0.0
-6.04283,0.60692,0.0
-6.04283,0.63331,0.0
-6.01644,-0.63331,0.0
-6.01644,-0.60692,0.0
-6.01644,-0.58053,0.0
-6.01644,-0.55415,0.0
-6.01644,-0.52776,0.0
-6.01644,-0.50137,0.0
-6.01644,-0.47498,0.0
-6.01644,-0.44859,0.0
-6.01644,-0.42221,0.0
-6.01644,-0.39582,0.0
-6.01644,-0.36943,0.0
-6.01644,-0.34304,0.0
-6.01644,-0.31665,0.0
-6.01644,-0.29027,0.0
-6.01644,-0.26388,0.0
-6.01644,-0.23749,0.0
-6.01644,-0.2111,0.0
-6.01644,-0.18472,0.0
-6.01644,-0.15833,0.0
-6.01644,-0.13194,0.0
-6.01644,-0.10555,0.0
-6.01644,-0.07916,0.0
-6.01644,-0.05278,0.0
-6.01644,-0.02639,0.0
-6.01644,0,0.0
-6.01644,0.02639,0.0
-6.01644,0.05278,0.0
-6.01644,0.07916,0.0
-6.01644,0.10555,0.0
-6.01644,0.13194,0.0
-6.01644,0.15833,0.0
-6.01644,0.18472,0.0
-6.01644,0.2111,0.0
-6.01644,0.23749,0.0
-6.01644,0.26388,0.0
-6.01644,0.29027,0.0
-6.01644,0.31665,0.0
-6.01644,0.34304,0.0
-6.01644,0.36943,0.0
-6.01644,0.39582,0.0
-6.01644,0.42221,0.0
-6.01644,0.44859,0.0
-6.01644,0.47498,0.0
-6.01644,0.50137,0.0
-6.01644,0.52776,0.0
-6.01644,0.55415,0.0
-6.01644,0.58053,0.0
-6.01644,0.60692,0.0
-6.01644,0.63331,0.0
-5.99005,-0.63331,0.0
-5.99005,-0.60692,0.0
-5.99005,-0.58053,0.0
-5.99005,-0.55415,0.0
-5.99005,-0.52776,0.0
-5.99005,-0.50137,0.0
-5.99005,-0.47498,0.0
-5.99005,-0.44859,0.0
-5.99005,-0.42221,0.0
-5.99005,-0.39582,0.0
-5.99005,-0.36943,0.0
-5.99005,-0.34304,0.0
-5.99005,-0.31665,0.0
-5.99005,-0.29027,0.0
-5.99005,-0.26388,0.0
-5.99005,-0.23749,0.0
-5.99005,-0.2111,0.0
-5.99005,-0.18472,0.0
-5.99005,-0.15833,0.0
-5.99005,-0.13194,0.0
-5.99005,-0.10555,0.0
-5.99005,-0.07916,0.0
-5.99005,-0.05278,0.0
-5.99005,-0.02639,0.0
-5.99005,0,0.0
-5.99005,0.02639,0.0
-5.99005,0.05278,0.0
-5.99005,0.07916,0.0
-5.99005,0.10555,0.0
-5.99005,0.13194,0.0
-5.99005,0.15833,0.0
-5.99005,0.18472,0.0
-5.99005,0.2111,0.0
-5.99005,0.23749,0.0
-5.99005,0.26388,0.0
-5.99005,0.29027,0.0
-5.99005,0.31665,0.0
-5.99005,0.34304,0.0
-5.99005,0.36943,0.0
-5.99005,0.39582,0.0
-5.99005,0.42221,0.0
-5.99005,0.44859,0.0
-5.99005,0.47498,0.0
-5.99005,0.50137,0.0
-5.99005,0.52776,0.0
-5.99005,0.55415,0.0
-5.99005,0.58053,0.0
-5.99005,0.60692,0.0
-5.99005,0.63331,0.0
-5.96367,-0.63331,0.0
-5.96367,-0.60692,0.0
-5.96367,-0.58053,0.0
-5.96367,-0.55415,0.0
-5.96367,-0.52776,0.0
-5.96367,-0.50137,0.0
-5.96367,-0.47498,0.0
-5.96367,-0.44859,0.0
-5.96367,-0.42221,0.0
-5.96367,-0.39582,0.0
-5.96367,-0.36943,0.0
-5.96367,-0.34304,0.0
-5.96367,-0.31665,0.0
-5.96367,-0.29027,0.0
-5.96367,-0.26388,0.0
-5.96367,-0.23749,0.0
-5.96367,-0.2111,0.0
-5.96367,-0.18472,0.0
-5.96367,-0.15833,0.0
-5.96367,-0.13194,0.0
-5.96367,-0.10555,0.0
-5.96367,-0.07916,0.0
-5.96367,-0.05278,0.0
-5.96367,-0.02639,0.0
-5.96367,0,0.0
-5.96367,0.02639,0.0
-5.96367,0.05278,0.0
-5.96367,0.07916,0.0
-5.96367,0.10555,0.0
-5.96367,0.13194,0.0
-5.96367,0.15833,0.0
-5.96367,0.18472,0.0
-5.96367,0.2111,0.0
-5.96367,0.23749,0.0
-5.96367,0.26388,0.0
-5.96367,0.29027,0.0
-5.96367,0.31665,0.0
-5.96367,0.34304,0.0
-5.96367,0.36943,0.0
-5.96367,0.39582,0.0
-5.96367,0.42221,0.0
-5.96367,0.44859,0.0
-5.96367,0.47498,0.0
-5.96367,0.50137,0.0
-5.96367,0.52776,0.0
-5.96367,0.55415,0.0
-5.96367,0.58053,0.0
-5.96367,0.60692,0.0
-5.96367,0.63331,0.0
-5.93728,-0.63331,0.0
-5.93728,-0.60692,0.0
-5.93728,-0.58053,0.0
-5.93728,-0.55415,0.0
-5.93728,-0.52776,0.0
-5.93728,-0.50137,0.0
-5.93728,-0.47498,0.0
-5.93728,-0.44859,0.0
-5.93728,-0.42221,0.0
-5.93728,-0.39582,0.0
-5.93728,-0.36943,0.0
-5.93728,-0.34304,0.0
-5.93728,-0.31665,0.0
-5.93728,-0.29027,0.0
-5.93728,-0.26388,0.0
-5.93728,-0.23749,0.0
-5.93728,-0.2111,0.0
-5.93728,-0.18472,0.0
-5.93728,-0.15833,0.0
-5.93728,-0.13194,0.0
-5.93728,-0.10555,0.0
-5.93728,-0.07916,0.0
-5.93728,-0.05278,0.0
-5.93728,-0.02639,0.0
-5.93728,0,0.0
-5.93728,0.02639,0.0
-5.93728,0.05278,0.0
-5.93728,0.07916,0.0
-5.93728,0.10555,0.0
-5.93728,0.13194,0.0
-5.93728,0.15833,0.0
-5.93728,0.18472,0.0
-5.93728,0.2111,0.0
-5.93728,0.23749,0.0
-5.93728,0.26388,0.0
-5.93728,0.29027,0.0
-5.93728,0.31665,0.0
-5.93728,0.34304,0.0
-5.93728,0.36943,0.0
-5.93728,0.39582,0.0
-5.93728,0.42221,0.0
-5.93728,0.44859,0.0
-5.93728,0.47498,0.0
-5.93728,0.50137,0.0
-5.93728,0.52776,0.0
-5.93728,0.55415,0.0
-5.93728,0.58053,0.0
-5.93728,0.60692,0.0
-5.93728,0.63331,0.0
-5.91089,-0.63331,0.0
-5.91089,-0.60692,0.0
-5.91089,-0.58053,0.0
-5.91089,-0.55415,0.0
-5.91089,-0.52776,0.0
-5.91089,-0.50137,0.0
-5.91089,-0.47498,0.0
-5.91089,-0.44859,0.0
-5.91089,-0.42221,0.0
-5.91089,-0.39582,0.0
-5.91089,-0.36943,0.0
-5.91089,-0.34304,0.0
-5.91089,-0.31665,0.0
-5.91089,-0.29027,0.0
-5.91089,-0.26388,0.0
-5.91089,-0.23749,0.0
-5.91089,-0.2111,0.0
-5.91089,-0.18472,0.0
-5.91089,-0.15833,0.0
-5.91089,-0.13194,0.0
-5.91089,-0.10555,0.0
-5.91089,-0.07916,0.0
-5.91089,-0.05278,0.0
-5.91089,-0.02639,0.0
-5.91089,0,0.0
-5.91089,0.02639,0.0
-5.91089,0.05278,0.0
-5.91089,0.07916,0.0
-5.91089,0.10555,0.0
-5.91089,0.13194,0.0
-5.91089,0.15833,0.0
-5.91089,0.18472,0.0
-5.91089,0.2111,0.0
-5.91089,0.23749,0.0
-5.91089,0.26388,0.0
-5.91089,0.29027,0.0
-5.91089,0.31665,0.0
-5.91089,0.34304,0.0
-5.91089,0.36943,0.0
-5.91089,0.39582,0.0
-5.91089,0.42221,0.0
-5.91089,0.44859,0.0
-5.91089,0.47498,0.0
-5.91089,0.50137,0.0
-5.91089,0.52776,0.0
-5.91089,0.55415,0.0
-5.91089,0.58053,0.0
-5.91089,0.60692,0.0
-5.91089,0.63331,0.0
-5.8845,-0.63331,0.0
-5.8845,-0.60692,0.0
-5.8845,-0.58053,0.0
-5.8845,-0.55415,0.0
-5.8845,-0.52776,0.0
-5.8845,-0.50137,0.0
-5.8845,-0.47498,0.0
-5.8845,-0.44859,0.0
-5.8845,-0.42221,0.0
-5.8845,-0.39582,0.0
-5.8845,-0.36943,0.0
-5.8845,-0.34304,0.0
-5.8845,-0.31665,0.0
-5.8845,-0.29027,0.0
-5.8845,-0.26388,0.0
-5.8845,-0.23749,0.0
-5.8845,-0.2111,0.0
-5.8845,-0.18472,0.0
-5.8845,-0.15833,0.0
-5.8845,-0.13194,0.0
-5.8845,-0.10555,0.0
-5.8845,-0.07916,0.0
-5.8845,-0.05278,0.0
-5.8845,-0.02639,0.0
-5.8845,0,0.0
-5.8845,0.02639,0.0
-5.8845,0.05278,0.0
-5.8845,0.07916,0.0
-5.8845,0.10555,0.0
-5.8845,0.13194,0.0
-5.8845,0.15833,0.0
-5.8845,0.18472,0.0
-5.8845,0.2111,0.0
-5.8845,0.23749,0.0
-5.8845,0.26388,0.0
-5.8845,0.29027,0.0
-5.8845,0.31665,0.0
-5.8845,0.34304,0.0
-5.8845,0.36943,0.0
-5.8845,0.39582,0.0
-5.8845,0.42221,0.0
-5.8845,0.44859,0.0
-5.8845,0.47498,0.0
-5.8845,0.50137,0.0
-5.8845,0.52776,0.0
-5.8845,0.55415,0.0
-5.8845,0.58053,0.0
-5.8845,0.60692,0.0
-5.8845,0.63331,0.0
-5.85811,-0.63331,0.0
-5.85811,-0.60692,0.0
-5.85811,-0.58053,0.0
-5.85811,-0.55415,0.0
-5.85811,-0.52776,0.0
-5.85811,-0.50137,0.0
-5.85811,-0.47498,0.0
-5.85811,-0.44859,0.0
-5.85811,-0.42221,0.0
-5.85811,-0.39582,0.0
-5.85811,-0.36943,0.0
-5.85811,-0.34304,0.0
-5.85811,-0.31665,0.0
-5.85811,-0.29027,0.0
-5.85811,-0.26388,0.0
-5.85811,-0.23749,0.0
-5.85811,-0.2111,0.0
-5.85811,-0.18472,0.0
-5.85811,-0.15833,0.0
-5.85811,-0.13194,0.0
-5.85811,-0.10555,0.0
-5.85811,-0.07916,0.0
-5.85811,-0.05278,0.0
-5.85811,-0.02639,0.0
-5.85811,0,0.0
-5.85811,0.02639,0.0
-5.85811,0.05278,0.0
-5.85811,0.07916,0.0
-5.85811,0.10555,0.0
-5.85811,0.13194,0.0
-5.85811,0.15833,0.0
-5.85811,0.18472,0.0
-5.85811,0.2111,0.0
-5.85811,0.23749,0.0
-5.85811,0.26388,0.0
-5.85811,0.29027,0.0
-5.85811,0.31665,0.0
-5.85811,0.34304,0.0
-5.85811,0.36943,0.0
-5.85811,0.39582,0.0
-5.85811,0.42221,0.0
-5.85811,0.44859,0.0
-5.85811,0.47498,0.0
-5.85811,0.50137,0.0
-5.85811,0.52776,0.0
-5.85811,0.55415,0.0
-5.85811,0.58053,0.0
-5.85811,0.60692,0.0
-5.85811,0.63331,0.0
-5.83173,-0.63331,0.0
-5.83173,-0.60692,0.0
-5.83173,-0.58053,0.0
-5.83173,-0.55415,0.0
-5.83173,-0.52776,0.0
-5.83173,-0.50137,0.0
-5.83173,-0.47498,0.0
-5.83173,-0.44859,0.0
-5.83173,-0.42221,0.0
-5.83173,-0.39582,0.0
-5.83173,-0.36943,0.0
-5.83173,-0.34304,0.0
-5.83173,-0.31665,0.0
-5.83173,-0.29027,0.0
-5.83173,-0.26388,0.0
-5.83173,-0.23749,0.0
-5.83173,-0.2111,0.0
-5.83173,-0.18472,0.0
-5.83173,-0.15833,0.0
-5.83173,-0.13194,0.0
-5.83173,-0.10555,0.0
-5.83173,-0.07916,0.0
-5.83173,-0.05278,0.0
-5.83173,-0.02639,0.0
-5.83173,0,0.0
-5.83173,0.02639,0.0
-5.83173,0.05278,0.0
-5.83173,0.07916,0.0
-5.83173,0.10555,0.0
-5.83173,0.13194,0.0
-5.83173,0.15833,0.0
-5.83173,0.18472,0.0
-5.83173,0.2111,0.0
-5.83173,0.23749,0.0
-5.83173,0.26388,0.0
-5.83173,0.29027,0.0
-5.83173,0.31665,0.0
-5.83173,0.34304,0.0
-5.83173,0.36943,0.0
-5.83173,0.39582,0.0
-5.83173,0.42221,0.0
-5.83173,0.44859,0.0
-5.83173,0.47498,0.0
-5.83173,0.50137,0.0
-5.83173,0.52776,0.0
-5.83173,0.55415,0.0
-5.83173,0.58053,0.0
-5.83173,0.60692,0.0
-5.83173,0.63331,0.0
-5.80534,-0.63331,0.0
-5.80534,-0.60692,0.0
-5.80534,-0.58053,0.0
-5.80534,-0.55415,0.0
-5.80534,-0.52776,0.0
-5.80534,-0.50137,0.0
-5.80534,-0.47498,0.0
-5.80534,-0.44859,0.0
-5.80534,-0.42221,0.0
-5.80534,-0.39582,0.0
-5.80534,-0.36943,0.0
-5.80534,-0.34304,0.0
-5.80534,-0.31665,0.0
-5.80534,-0.29027,0.0
-5.80534,-0.26388,0.0
-5.80534,-0.23749,0.0
-5.80534,-0.2111,0.0
-5.80534,-0.18472,0.0
-5.80534,-0.15833,0.0
-5.80534,-0.13194,0.0
-5.80534,-0.10555,0.0
-5.80534,-0.07916,0.0
-5.80534,-0.05278,0.0
-5.80534,-0.02639,0.0
-5.80534,0,0.0
-5.80534,0.02639,0.0
-5.80534,0.05278,0.0
-5.80534,0.07916,0.0
-5.80534,0.10555,0.0
-5.80534,0.13194,0.0
-5.80534,0.15833,0.0
-5.80534,0.18472,0.0
-5.80534,0.2111,0.0
-5.80534,0.23749,0.0
-5.80534,0.26388,0.0
-5.80534,0.29027,0.0
-5.80534,0.31665,0.0
-5.80534,0.34304,0.0
-5.80534,0.36943,0.0
-5.80534,0.39582,0.0
-5.80534,0.42221,0.0
-5.80534,0.44859,0.0
-5.80534,0.47498,0.0
-5.80534,0.50137,0.0
-5.80534,0.52776,0.0
-5.80534,0.55415,0.0
-5.80534,0.58053,0.0
-5.80534,0.60692,0.0
-5.80534,0.63331,0.0
-5.77895,-0.63331,0.0
-5.77895,-0.60692,0.0
-5.77895,-0.58053,0.0
-5.77895,-0.55415,0.0
-5.77895,-0.52776,0.0
-5.77895,-0.50137,0.0
-5.77895,-0.47498,0.0
-5.77895,-0.44859,0.0
-5.77895,-0.42221,0.0
-5.77895,-0.39582,0.0
-5.77895,-0.36943,0.0
-5.77895,-0.34304,0.0
-5.77895,-0.31665,0.0
-5.77895,-0.29027,0.0
-5.77895,-0.26388,0.0
-5.77895,-0.23749,0.0
-5.77895,-0.2111,0.0
-5.77895,-0.18472,0.0
-5.77895,-0.15833,0.0
-5.77895,-0.13194,0.0
-5.77895,-0.10555,0.0
-5.77895,-0.07916,0.0
-5.77895,-0.05278,0.0
-5.77895,-0.02639,0.0
-5.77895,0,0.0
-5.77895,0.02639,0.0
-5.77895,0.05278,0.0
-5.77895,0.07916,0.0
-5.77895,0.10555,0.0
-5.77895,0.13194,0.0
-5.77895,0.15833,0.0
-5.77895,0.18472,0.0
-5.77895,0.2111,0.0
-5.77895,0.23749,0.0
-5.77895,0.26388,0.0
-5.77895,0.29027,0.0
-5.77895,0.31665,0.0
-5.77895,0.34304,0.0
-5.77895,0.36943,0.0
-5.77895,0.39582,0.0
-5.77895,0.42221,0.0
-5.77895,0.44859,0.0
-5.77895,0.47498,0.0
-5.77895,0.50137,0.0
-5.77895,0.52776,0.0
-5.77895,0.55415,0.0
-5.77895,0.58053,0.0
-5.77895,0.60692,0.0
-5.77895,0.63331,0.0
-5.75256,-0.63331,0.0
-5.75256,-0.60692,0.0
-5.75256,-0.58053,0.0
-5.75256,-0.55415,0.0
-5.75256,-0.52776,0.0
-5.75256,-0.50137,0.0
-5.75256,-0.47498,0.0
-5.75256,-0.44859,0.0
-5.75256,-0.42221,0.0
-5.75256,-0.39582,0.0
-5.75256,-0.36943,0.0
-5.75256,-0.34304,0.0
-5.75256,-0.31665,0.0
-5.75256,-0.29027,0.0
-5.75256,-0.26388,0.0
-5.75256,-0.23749,0.0
-5.75256,-0.2111,0.0
-5.75256,-0.18472,0.0
-5.75256,-0.15833,0.0
-5.75256,-0.13194,0.0
-5.75256,-0.10555,0.0
-5.75256,-0.07916,0.0
-5.75256,-0.05278,0.0
-5.75256,-0.02639,0.0
-5.75256,0,0.0
-5.75256,0.02639,0.0
-5.75256,0.05278,0.0
-5.75256,0.07916,0.0
-5.75256,0.10555,0.0
-5.75256,0.13194,0.0
-5.75256,0.15833,0.0
-5.75256,0.18472,0.0
-5.75256,0.2111,0.0
-5.75256,0.23749,0.0
-5.75256,0.26388,0.0
-5.75256,0.29027,0.0
-5.75256,0.31665,0.0
-5.75256,0.34304,0.0
-5.75256,0.36943,0.0
-5.75256,0.39582,0.0
-5.75256,0.42221,0.0
-5.75256,0.44859,0.0
-5.75256,0.47498,0.0
-5.75256,0.50137,0.0
-5.75256,0.52776,0.0
-5.75256,0.55415,0.0
-5.75256,0.58053,0.0
-5.75256,0.60692,0.0
-5.75256,0.63331,0.0
-5.72617,-0.63331,0.0
-5.72617,-0.60692,0.0
-5.72617,-0.58053,0.0
-5.72617,-0.55415,0.0
-5.72617,-0.52776,0.0
-5.72617,-0.50137,0.0
-5.72617,-0.47498,0.0
-5.72617,-0.44859,0.0
-5.72617,-0.42221,0.0
-5.72617,-0.39582,0.0
-5.72617,-0.36943,0.0
-5.72617,-0.34304,0.0
-5.72617,-0.31665,0.0
-5.72617,-0.29027,0.0
-5.72617,-0.26388,0.0
-5.72617,-0.23749,0.0
-5.72617,-0.2111,0.0
-5.72617,-0.18472,0.0
-5.72617,-0.15833,0.0
-5.72617,-0.13194,0.0
-5.72617,-0.10555,0.0
-5.72617,-0.07916,0.0
-5.72617,-0.05278,0.0
-5.72617,-0.02639,0.0
-5.72617,0,0.0
-5.72617,0.02639,0.0
-5.72617,0.05278,0.0
-5.72617,0.07916,0.0
-5.72617,0.10555,0.0
-5.72617,0.13194,0.0
-5.72617,0.15833,0.0
-5.72617,0.18472,0.0
-5.72617,0.2111,0.0
-5.72617,0.23749,0.0
-5.72617,0.26388,0.0
-5.72617,0.29027,0.0
-5.72617,0.31665,0.0
-5.72617,0.34304,0.0
-5.72617,0.36943,0.0
-5.72617,0.39582,0.0
-5.72617,0.42221,0.0
-5.72617,0.44859,0.0
-5.72617,0.47498,0.0
-5.72617,0.50137,0.0
-5.72617,0.52776,0.0
-5.72617,0.55415,0.0
-5.72617,0.58053,0.0
-5.72617,0.60692,0.0
-5.72617,0.63331,0.0
-5.69979,-0.63331,0.0
-5.69979,-0.60692,0.0
-5.69979,-0.58053,0.0
-5.69979,-0.55415,0.0
-5.69979,-0.52776,0.0
-5.69979,-0.50137,0.0
-5.69979,-0.47498,0.0
-5.69979,-0.44859,0.0
-5.69979,-0.42221,0.0
-5.69979,-0.39582,0.0
-5.69979,-0.36943,0.0
-5.69979,-0.34304,0.0
-5.69979,-0.31665,0.0
-5.69979,-0.29027,0.0
-5.69979,-0.26388,0.0
-5.69979,-0.23749,0.0
-5.69979,-0.2111,0.0
-5.69979,-0.18472,0.0
-5.69979,-0.15833,0.0
-5.69979,-0.13194,0.0
-5.69979,-0.10555,0.0
-5.69979,-0.07916,0.0
-5.69979,-0.05278,0.0
-5.69979,-0.02639,0.0
-5.69979,0,0.0
-5.69979,0.02639,0.0
-5.69979,0.05278,0.0
-5.69979,0.07916,0.0
-5.69979,0.10555,0.0
-5.69979,0.13194,0.0
-5.69979,0.15833,0.0
-5.69979,0.18472,0.0
-5.69979,0.2111,0.0
-5.69979,0.23749,0.0
-5.69979,0.26388,0.0
-5.69979,0.29027,0.0
-5.69979,0.31665,0.0
-5.69979,0.34304,0.0
-5.69979,0.36943,0.0
-5.69979,0.39582,0.0
-5.69979,0.42221,0.0
-5.69979,0.44859,0.0
-5.69979,0.47498,0.0
-5.69979,0.50137,0.0
-5.69979,0.52776,0.0
-5.69979,0.55415,0.0
-5.69979,0.58053,0.0
-5.69979,0.60692,0.0
-5.69979,0.63331,0.0
-5.6734,-0.63331,0.0
-5.6734,-0.60692,0.0
-5.6734,-0.58053,0.0
-5.6734,-0.55415,0.0
-5.6734,-0.52776,0.0
-5.6734,-0.50137,0.0
-5.6734,-0.47498,0.0
-5.6734,-0.44859,0.0
-5.6734,-0.42221,0.0
-5.6734,-0.39582,0.0
-5.6734,-0.36943,0.0
-5.6734,-0.34304,0.0
-5.6734,-0.31665,0.0
-5.6734,-0.29027,0.0
-5.6734,-0.26388,0.0
-5.6734,-0.23749,0.0
-5.6734,-0.2111,0.0
-5.6734,-0.18472,0.0
-5.6734,-0.15833,0.0
-5.6734,-0.13194,0.0
-5.6734,-0.10555,0.0
-5.6734,-0.07916,0.0
-5.6734,-0.05278,0.0
-5.6734,-0.02639,0.0
-5.6734,0,0.0
-5.6734,0.02639,0.0
-5.6734,0.05278,0.0
-5.6734,0.07916,0.0
-5.6734,0.10555,0.0
-5.6734,0.13194,0.0
-5.6734,0.15833,0.0
-5.6734,0.18472,0.0
-5.6734,0.2111,0.0
-5.6734,0.23749,0.0
-5.6734,0.26388,0.0
-5.6734,0.29027,0.0
-5.6734,0.31665,0.0
-5.6734,0.34304,0.0
-5.6734,0.36943,0.0
-5.6734,0.39582,0.0
-5.6734,0.42221,0.0
-5.6734,0.44859,0.0
-5.6734,0.47498,0.0
-5.6734,0.50137,0.0
-5.6734,0.52776,0.0
-5.6734,0.55415,0.0
-5.6734,0.58053,0.0
-5.6734,0.60692,0.0
-5.6734,0.63331,0.0
-5.64701,-0.63331,0.0
-5.64701,-0.60692,0.0
-5.64701,-0.58053,0.0
-5.64701,-0.55415,0.0
-5.64701,-0.52776,0.0
-5.64701,-0.50137,0.0
-5.64701,-0.47498,0.0
-5.64701,-0.44859,0.0
-5.64701,-0.42221,0.0
-5.64701,-0.39582,0.0
-5.64701,-0.36943,0.0
-5.64701,-0.34304,0.0
-5.64701,-0.31665,0.0
-5.64701,-0.29027,0.0
-5.64701,-0.26388,0.0
-5.64701,-0.23749,0.0
-5.64701,-0.2111,0.0
-5.64701,-0.18472,0.0
-5.64701,-0.15833,0.0
-5.64701,-0.13194,0.0
-5.64701,-0.10555,0.0
-5.64701,-0.07916,0.0
-5.64701,-0.05278,0.0
-5.64701,-0.02639,0.0
-5.64701,0,0.0
-5.64701,0.02639,0.0
-5.64701,0.05278,0.0
-5.64701,0.07916,0.0
-5.64701,0.10555,0.0
-5.64701,0.13194,0.0
-5.64701,0.15833,0.0
-5.64701,0.18472,0.0
-5.64701,0.2111,0.0
-5.64701,0.23749,0.0
-5.64701,0.26388,0.0
-5.64701,0.29027,0.0
-5.64701,0.31665,0.0
-5.64701,0.34304,0.0
-5.64701,0.36943,0.0
-5.64701,0.39582,0.0
-5.64701,0.42221,0.0
-5.64701,0.44859,0.0
-5.64701,0.47498,0.0
-5.64701,0.50137,0.0
-5.64701,0.52776,0.0
-5.64701,0.55415,0.0
-5.64701,0.58053,0.0
-5.64701,0.60692,0.0
-5.64701,0.63331,0.0
-5.62062,-0.63331,0.0
-5.62062,-0.60692,0.0
-5.62062,-0.58053,0.0
-5.62062,-0.55415,0.0
-5.62062,-0.52776,0.0
-5.62062,-0.50137,0.0
-5.62062,-0.47498,0.0
-5.62062,-0.44859,0.0
-5.62062,-0.42221,0.0
-5.62062,-0.39582,0.0
-5.62062,-0.36943,0.0
-5.62062,-0.34304,0.0
-5.62062,-0.31665,0.0
-5.62062,-0.29027,0.0
-5.62062,-0.26388,0.0
-5.62062,-0.23749,0.0
-5.62062,-0.2111,0.0
-5.62062,-0.18472,0.0
-5.62062,-0.15833,0.0
-5.62062,-0.13194,0.0
-5.62062,-0.10555,0.0
-5.62062,-0.07916,0.0
-5.62062,-0.05278,0.0
-5.62062,-0.02639,0.0
-5.62062,0,0.0
-5.62062,0.02639,0.0
-5.62062,0.05278,0.0
-5.62062,0.07916,0.0
-5.62062,0.10555,0.0
-5.62062,0.13194,0.0
-5.62062,0.15833,0.0
-5.62062,0.18472,0.0
-5.62062,0.2111,0.0
-5.62062,0.23749,0.0
-5.62062,0.26388,0.0
-5.62062,0.29027,0.0
-5.62062,0.31665,0.0
-5.62062,0.34304,0.0
-5.62062,0.36943,0.0
-5.62062,0.39582,0.0
-5.62062,0.42221,0.0
-5.62062,0.44859,0.0
-5.62062,0.47498,0.0
-5.62062,0.50137,0.0
-5.62062,0.52776,0.0
-5.62062,0.55415,0.0
-5.62062,0.58053,0.0
-5.62062,0.60692,0.0
-5.62062,0.63331,0.0
-5.59424,-0.63331,0.0
-5.59424,-0.60692,0.0
-5.59424,-0.58053,0.0
-5.59424,-0.55415,0.0
-5.59424,-0.52776,0.0
-5.59424,-0.50137,0.0
-5.59424,-0.47498,0.0
-5.59424,-0.44859,0.0
-5.59424,-0.42221,0.0
-5.59424,-0.39582,0.0
-5.59424,-0.36943,0.0
-5.59424,-0.34304,0.0
-5.59424,-0.31665,0.0
-5.59424,-0.29027,0.0
-5.59424,-0.26388,0.0
-5.59424,-0.23749,0.0
-5.59424,-0.2111,0.0
-5.59424,-0.18472,0.0
-5.59424,-0.15833,0.0
-5.59424,-0.13194,0.0
-5.59424,-0.10555,0.0
-5.59424,-0.07916,0.0
-5.59424,-0.05278,0.0
-5.59424,-0.02639,0.0
-5.59424,0,0.0
-5.59424,0.02639,0.0
-5.59424,0.05278,0.0
-5.59424,0.07916,0.0
-5.59424,0.10555,0.0
-5.59424,0.13194,0.0
-5.59424,0.15833,0.0
-5.59424,0.18472,0.0
-5.59424,0.2111,0.0
-5.59424,0.23749,0.0
-5.59424,0.26388,0.0
-5.59424,0.29027,0.0
-5.59424,0.31665,0.0
-5.59424,0.34304,0.0
-5.59424,0.36943,0.0
-5.59424,0.39582,0.0
-5.59424,0.42221,0.0
-5.59424,0.44859,0.0
-5.59424,0.47498,0.0
-5.59424,0.50137,0.0
-5.59424,0.52776,0.0
-5.59424,0.55415,0.0
-5.59424,0.58053,0.0
-5.59424,0.60692,0.0
-5.59424,0.63331,0.0
-5.56785,-0.63331,0.0
-5.56785,-0.60692,0.0
-5.56785,-0.58053,0.0
-5.56785,-0.55415,0.0
-5.56785,-0.52776,0.0
-5.56785,-0.50137,0.0
-5.56785,-0.47498,0.0
-5.56785,-0.44859,0.0
-5.56785,-0.42221,0.0
-5.56785,-0.39582,0.0
-5.56785,-0.36943,0.0
-5.56785,-0.34304,0.0
-5.56785,-0.31665,0.0
-5.56785,-0.29027,0.0
-5.56785,-0.26388,0.0
-5.56785,-0.23749,0.0
-5.56785,-0.2111,0.0
-5.56785,-0.18472,0.0
-5.56785,-0.15833,0.0
-5.56785,-0.13194,0.0
-5.56785,-0.10555,0.0
-5.56785,-0.07916,0.0
-5.56785,-0.05278,0.0
-5.56785,-0.02639,0.0
-5.56785,0,0.0
-5.56785,0.02639,0.0
-5.56785,0.05278,0.0
-5.56785,0.07916,0.0
-5.56785,0.10555,0.0
-5.56785,0.13194,0.0
-5.56785,0.15833,0.0
-5.56785,0.18472,0.0
-5.56785,0.2111,0.0
-5.56785,0.23749,0.0
-5.56785,0.26388,0.0
-5.56785,0.29027,0.0
-5.56785,0.31665,0.0
-5.56785,0.34304,0.0
-5.56785,0.36943,0.0
-5.56785,0.39582,0.0
-5.56785,0.42221,0.0
-5.56785,0.44859,0.0
-5.56785,0.47498,0.0
-5.56785,0.50137,0.0
-5.56785,0.52776,0.0
-5.56785,0.55415,0.0
-5.56785,0.58053,0.0
-5.56785,0.60692,0.0
-5.56785,0.63331,0.0
-5.54146,-0.63331,0.0
-5.54146,-0.60692,0.0
-5.54146,-0.58053,0.0
-5.54146,-0.55415,0.0
-5.54146,-0.52776,0.0
-5.54146,-0.50137,0.0
-5.54146,-0.47498,0.0
-5.54146,-0.44859,0.0
-5.54146,-0.42221,0.0
-5.54146,-0.39582,0.0
-5.54146,-0.36943,0.0
-5.54146,-0.34304,0.0
-5.54146,-0.31665,0.0
-5.54146,-0.29027,0.0
-5.54146,-0.26388,0.0
-5.54146,-0.23749,0.0
-5.54146,-0.2111,0.0
-5.54146,-0.18472,0.0
-5.54146,-0.15833,0.0
-5.54146,-0.13194,0.0
-5.54146,-0.10555,0.0
-5.54146,-0.07916,0.0
-5.54146,-0.05278,0.0
-5.54146,-0.02639,0.0
-5.54146,0,0.0
-5.54146,0.02639,0.0
-5.54146,0.05278,0.0
-5.54146,0.07916,0.0
-5.54146,0.10555,0.0
-5.54146,0.13194,0.0
-5.54146,0.15833,0.0
-5.54146,0.18472,0.0
-5.54146,0.2111,0.0
-5.54146,0.23749,0.0
-5.54146,0.26388,0.0
-5.54146,0.29027,0.0
-5.54146,0.31665,0.0
-5.54146,0.34304,0.0
-5.54146,0.36943,0.0
-5.54146,0.39582,0.0
-5.54146,0.42221,0.0
-5.54146,0.44859,0.0
-5.54146,0.47498,0.0
-5.54146,0.50137,0.0
-5.54146,0.52776,0.0
-5.54146,0.55415,0.0
-5.54146,0.58053,0.0
-5.54146,0.60692,0.0
-5.54146,0.63331,0.0
-5.51507,-0.63331,0.0
-5.51507,-0.60692,0.0
-5.51507,-0.58053,0.0
-5.51507,-0.55415,0.0
-5.51507,-0.52776,0.0
-5.51507,-0.50137,0.0
-5.51507,-0.47498,0.0
-5.51507,-0.44859,0.0
-5.51507,-0.42221,0.0
-5.51507,-0.39582,0.0
-5.51507,-0.36943,0.0
-5.51507,-0.34304,0.0
-5.51507,-0.31665,0.0
-5.51507,-0.29027,0.0
-5.51507,-0.26388,0.0
-5.51507,-0.23749,0.0
-5.51507,-0.2111,0.0
-5.51507,-0.18472,0.0
-5.51507,-0.15833,0.0
-5.51507,-0.13194,0.0
-5.51507,-0.10555,0.0
-5.51507,-0.07916,0.0
-5.51507,-0.05278,0.0
-5.51507,-0.02639,0.0
-5.51507,0,0.0
-5.51507,0.02639,0.0
-5.51507,0.05278,0.0
-5.51507,0.07916,0.0
-5.51507,0.10555,0.0
-5.51507,0.13194,0.0
-5.51507,0.15833,0.0
-5.51507,0.18472,0.0
-5.51507,0.2111,0.0
-5.51507,0.23749,0.0
-5.51507,0.26388,0.0
-5.51507,0.29027,0.0
-5.51507,0.31665,0.0
-5.51507,0.34304,0.0
-5.51507,0.36943,0.0
-5.51507,0.39582,0.0
-5.51507,0.42221,0.0
-5.51507,0.44859,0.0
-5.51507,0.47498,0.0
-5.51507,0.50137,0.0
-5.51507,0.52776,0.0
-5.51507,0.55415,0.0
-5.51507,0.58053,0.0
-5.51507,0.60692,0.0
-5.51507,0.63331,0.0
-5.48868,-0.63331,0.0
-5.48868,-0.60692,0.0
-5.48868,-0.58053,0.0
-5.48868,-0.55415,0.0
-5.48868,-0.52776,0.0
-5.48868,-0.50137,0.0
-5.48868,-0.47498,0.0
-5.48868,-0.44859,0.0
-5.48868,-0.42221,0.0
-5.48868,-0.39582,0.0
-5.48868,-0.36943,0.0
-5.48868,-0.34304,0.0
-5.48868,-0.31665,0.0
-5.48868,-0.29027,0.0
-5.48868,-0.26388,0.0
-5.48868,-0.23749,0.0
-5.48868,-0.2111,0.0
-5.48868,-0.18472,0.0
-5.48868,-0.15833,0.0
-5.48868,-0.13194,0.0
-5.48868,-0.10555,0.0
-5.48868,-0.07916,0.0
-5.48868,-0.05278,0.0
-5.48868,-0.02639,0.0
-5.48868,0,0.0
-5.48868,0.02639,0.0
-5.48868,0.05278,0.0
-5.48868,0.07916,0.0
-5.48868,0.10555,0.0
-5.48868,0.13194,0.0
-5.48868,0.15833,0.0
-5.48868,0.18472,0.0
-5.48868,0.2111,0.0
-5.48868,0.23749,0.0
-5.48868,0.26388,0.0
-5.48868,0.29027,0.0
-5.48868,0.31665,0.0
-5.48868,0.34304,0.0
-5.48868,0.36943,0.0
-5.48868,0.39582,0.0
-5.48868,0.42221,0.0
-5.48868,0.44859,0.0
-5.48868,0.47498,0.0
-5.48868,0.50137,0.0
-5.48868,0.52776,0.0
-5.48868,0.55415,0.0
-5.48868,0.58053,0.0
-5.48868,0.60692,0.0
-5.48868,0.63331,0.0
-5.4623,-0.63331,0.0
-5.4623,-0.60692,0.0
-5.4623,-0.58053,0.0
-5.4623,-0.55415,0.0
-5.4623,-0.52776,0.0
-5.4623,-0.50137,0.0
-5.4623,-0.47498,0.0
-5.4623,-0.44859,0.0
-5.4623,-0.42221,0.0
-5.4623,-0.39582,0.0
-5.4623,-0.36943,0.0
-5.4623,-0.34304,0.0
-5.4623,-0.31665,0.0
-5.4623,-0.29027,0.0
-5.4623,-0.26388,0.0
-5.4623,-0.23749,0.0
-5.4623,-0.2111,0.0
-5.4623,-0.18472,0.0
-5.4623,-0.15833,0.0
-5.4623,-0.13194,0.0
-5.4623,-0.10555,0.0
-5.4623,-0.07916,0.0
-5.4623,-0.05278,0.0
-5.4623,-0.02639,0.0
-5.4623,0,0.0
-5.4623,0.02639,0.0
-5.4623,0.05278,0.0
-5.4623,0.07916,0.0
-5.4623,0.10555,0.0
-5.4623,0.13194,0.0
-5.4623,0.15833,0.0
-5.4623,0.18472,0.0
-5.4623,0.2111,0.0
-5.4623,0.23749,0.0
-5.4623,0.26388,0.0
-5.4623,0.29027,0.0
-5.4623,0.31665,0.0
-5.4623,0.34304,0.0
-5.4623,0.36943,0.0
-5.4623,0.39582,0.0
-5.4623,0.42221,0.0
-5.4623,0.44859,0.0
-5.4623,0.47498,0.0
-5.4623,0.50137,0.0
-5.4623,0.52776,0.0
-5.4623,0.55415,0.0
-5.4623,0.58053,0.0
-5.4623,0.60692,0.0
-5.4623,0.63331,0.0
-5.43591,-0.63331,0.0
-5.43591,-0.60692,0.0
-5.43591,-0.58053,0.0
-5.43591,-0.55415,0.0
-5.43591,-0.52776,0.0
-5.43591,-0.50137,0.0
-5.43591,-0.47498,0.0
-5.43591,-0.44859,0.0
-5.43591,-0.42221,0.0
-5.43591,-0.39582,0.0
-5.43591,-0.36943,0.0
-5.43591,-0.34304,0.0
-5.43591,-0.31665,0.0
-5.43591,-0.29027,0.0
-5.43591,-0.26388,0.0
-5.43591,-0.23749,0.0
-5.43591,-0.2111,0.0
-5.43591,-0.18472,0.0
-5.43591,-0.15833,0.0
-5.43591,-0.13194,0.0
-5.43591,-0.10555,0.0
-5.43591,-0.07916,0.0
-5.43591,-0.05278,0.0
-5.43591,-0.02639,0.0
-5.43591,0,0.0
-5.43591,0.02639,0.0
-5.43591,0.05278,0.0
-5.43591,0.07916,0.0
-5.43591,0.10555,0.0
-5.43591,0.13194,0.0
-5.43591,0.15833,0.0
-5.43591,0.18472,0.0
-5.43591,0.2111,0.0
-5.43591,0.23749,0.0
-5.43591,0.26388,0.0
-5.43591,0.29027,0.0
-5.43591,0.31665,0.0
-5.43591,0.34304,0.0
-5.43591,0.36943,0.0
-5.43591,0.39582,0.0
-5.43591,0.42221,0.0
-5.43591,0.44859,0.0
-5.43591,0.47498,0.0
-5.43591,0.50137,0.0
-5.43591,0.52776,0.0
-5.43591,0.55415,0.0
-5.43591,0.58053,0.0
-5.43591,0.60692,0.0
-5.43591,0.63331,0.0
-5.40952,-0.63331,0.0
-5.40952,-0.60692,0.0
-5.40952,-0.58053,0.0
-5.40952,-0.55415,0.0
-5.40952,-0.52776,0.0
-5.40952,-0.50137,0.0
-5.40952,-0.47498,0.0
-5.40952,-0.44859,0.0
-5.40952,-0.42221,0.0
-5.40952,-0.39582,0.0
-5.40952,-0.36943,0.0
-5.40952,-0.34304,0.0
-5.40952,-0.31665,0.0
-5.40952,-0.29027,0.0
-5.40952,-0.26388,0.0
-5.40952,-0.23749,0.0
-5.40952,-0.2111,0.0
-5.40952,-0.18472,0.0
-5.40952,-0.15833,0.0
-5.40952,-0.13194,0.0
-5.40952,-0.10555,0.0
-5.40952,-0.07916,0.0
-5.40952,-0.05278,0.0
-5.40952,-0.02639,0.0
-5.40952,0,0.0
-5.40952,0.02639,0.0
-5.40952,0.05278,0.0
-5.40952,0.07916,0.0
-5.40952,0.10555,0.0
-5.40952,0.13194,0.0
-5.40952,0.15833,0.0
-5.40952,0.18472,0.0
-5.40952,0.2111,0.0
-5.40952,0.23749,0.0
-5.40952,0.26388,0.0
-5.40952,0.29027,0.0
-5.40952,0.31665,0.0
-5.40952,0.34304,0.0
-5.40952,0.36943,0.0
-5.40952,0.39582,0.0
-5.40952,0.42221,0.0
-5.40952,0.44859,0.0
-5.40952,0.47498,0.0
-5.40952,0.50137,0.0
-5.40952,0.52776,0.0
-5.40952,0.55415,0.0
-5.40952,0.58053,0.0
-5.40952,0.60692,0.0
-5.40952,0.63331,0.0
-5.38313,-0.63331,0.0
-5.38313,-0.60692,0.0
-5.38313,-0.58053,0.0
-5.38313,-0.55415,0.0
-5.38313,-0.52776,0.0
-5.38313,-0.50137,0.0
-5.38313,-0.47498,0.0
-5.38313,-0.44859,0.0
-5.38313,-0.42221,0.0
-5.38313,-0.39582,0.0
-5.38313,-0.36943,0.0
-5.38313,-0.34304,0.0
-5.38313,-0.31665,0.0
-5.38313,-0.29027,0.0
-5.38313,-0.26388,0.0
-5.38313,-0.23749,0.0
-5.38313,-0.2111,0.0
-5.38313,-0.18472,0.0
-5.38313,-0.15833,0.0
-5.38313,-0.13194,0.0
-5.38313,-0.10555,0.0
-5.38313,-0.07916,0.0
-5.38313,-0.05278,0.0
-5.38313,-0.02639,0.0
-5.38313,0,0.0
-5.38313,0.02639,0.0
-5.38313,0.05278,0.0
-5.38313,0.07916,0.0
-5.38313,0.10555,0.0
-5.38313,0.13194,0.0
-5.38313,0.15833,0.0
-5.38313,0.18472,0.0
-5.38313,0.2111,0.0
-5.38313,0.23749,0.0
-5.38313,0.26388,0.0
-5.38313,0.29027,0.0
-5.38313,0.31665,0.0
-5.38313,0.34304,0.0
-5.38313,0.36943,0.0
-5.38313,0.39582,0.0
-5.38313,0.42221,0.0
-5.38313,0.44859,0.0
-5.38313,0.47498,0.0
-5.38313,0.50137,0.0
-5.38313,0.52776,0.0
-5.38313,0.55415,0.0
-5.38313,0.58053,0.0
-5.38313,0.60692,0.0
-5.38313,0.63331,0.0
-5.35674,-0.63331,0.0
-5.35674,-0.60692,0.0
-5.35674,-0.58053,0.0
-5.35674,-0.55415,0.0
-5.35674,-0.52776,0.0
-5.35674,-0.50137,0.0
-5.35674,-0.47498,0.0
-5.35674,-0.44859,0.0
-5.35674,-0.42221,0.0
-5.35674,-0.39582,0.0
-5.35674,-0.36943,0.0
-5.35674,-0.34304,0.0
-5.35674,-0.31665,0.0
-5.35674,-0.29027,0.0
-5.35674,-0.26388,0.0
-5.35674,-0.23749,0.0
-5.35674,-0.2111,0.0
-5.35674,-0.18472,0.0
-5.35674,-0.15833,0.0
-5.35674,-0.13194,0.0
-5.35674,-0.10555,0.0
-5.35674,-0.07916,0.0
-5.35674,-0.05278,0.0
-5.35674,-0.02639,0.0
-5.35674,0,0.0
-5.35674,0.02639,0.0
-5.35674,0.05278,0.0
-5.35674,0.07916,0.0
-5.35674,0.10555,0.0
-5.35674,0.13194,0.0
-5.35674,0.15833,0.0
-5.35674,0.18472,0.0
-5.35674,0.2111,0.0
-5.35674,0.23749,0.0
-5.35674,0.26388,0.0
-5.35674,0.29027,0.0
-5.35674,0.31665,0.0
-5.35674,0.34304,0.0
-5.35674,0.36943,0.0
-5.35674,0.39582,0.0
-5.35674,0.42221,0.0
-5.35674,0.44859,0.0
-5.35674,0.47498,0.0
-5.35674,0.50137,0.0
-5.35674,0.52776,0.0
-5.35674,0.55415,0.0
-5.35674,0.58053,0.0
-5.35674,0.60692,0.0
-5.35674,0.63331,0.0
-5.33036,-0.63331,0.0
-5.33036,-0.60692,0.0
-5.33036,-0.58053,0.0
-5.33036,-0.55415,0.0
-5.33036,-0.52776,0.0
-5.33036,-0.50137,0.0
-5.33036,-0.47498,0.0
-5.33036,-0.44859,0.0
-5.33036,-0.42221,0.0
-5.33036,-0.39582,0.0
-5.33036,-0.36943,0.0
-5.33036,-0.34304,0.0
-5.33036,-0.31665,0.0
-5.33036,-0.29027,0.0
-5.33036,-0.26388,0.0
-5.33036,-0.23749,0.0
-5.33036,-0.2111,0.0
-5.33036,-0.18472,0.0
-5.33036,-0.15833,0.0
-5.33036,-0.13194,0.0
-5.33036,-0.10555,0.0
-5.33036,-0.07916,0.0
-5.33036,-0.05278,0.0
-5.33036,-0.02639,0.0
-5.33036,0,0.0
-5.33036,0.02639,0.0
-5.33036,0.05278,0.0
-5.33036,0.07916,0.0
-5.33036,0.10555,0.0
-5.33036,0.13194,0.0
-5.33036,0.15833,0.0
-5.33036,0.18472,0.0
-5.33036,0.2111,0.0
-5.33036,0.23749,0.0
-5.33036,0.26388,0.0
-5.33036,0.29027,0.0
-5.33036,0.31665,0.0
-5.33036,0.34304,0.0
-5.33036,0.36943,0.0
-5.33036,0.39582,0.0
-5.33036,0.42221,0.0
-5.33036,0.44859,0.0
-5.33036,0.47498,0.0
-5.33036,0.50137,0.0
-5.33036,0.52776,0.0
-5.33036,0.55415,0.0
-5.33036,0.58053,0.0
-5.33036,0.60692,0.0
-5.33036,0.63331,0.0
-5.30397,-0.63331,0.0
-5.30397,-0.60692,0.0
-5.30397,-0.58053,0.0
-5.30397,-0.55415,0.0
-5.30397,-0.52776,0.0
-5.30397,-0.50137,0.0
-5.30397,-0.47498,0.0
-5.30397,-0.44859,0.0
-5.30397,-0.42221,0.0
-5.30397,-0.39582,0.0
-5.30397,-0.36943,0.0
-5.30397,-0.34304,0.0
-5.30397,-0.31665,0.0
-5.30397,-0.29027,0.0
-5.30397,-0.26388,0.0
-5.30397,-0.23749,0.0
-5.30397,-0.2111,0.0
-5.30397,-0.18472,0.0
-5.30397,-0.15833,0.0
-5.30397,-0.13194,0.0
-5.30397,-0.10555,0.0
-5.30397,-0.07916,0.0
-5.30397,-0.05278,0.0
-5.30397,-0.02639,0.0
-5.30397,0,0.0
-5.30397,0.02639,0.0
-5.30397,0.05278,0.0
-5.30397,0.07916,0.0
-5.30397,0.10555,0.0
-5.30397,0.13194,0.0
-5.30397,0.15833,0.0
-5.30397,0.18472,0.0
-5.30397,0.2111,0.0
-5.30397,0.23749,0.0
-5.30397,0.26388,0.0
-5.30397,0.29027,0.0
-5.30397,0.31665,0.0
-5.30397,0.34304,0.0
-5.30397,0.36943,0.0
-5.30397,0.39582,0.0
-5.30397,0.42221,0.0
-5.30397,0.44859,0.0
-5.30397,0.47498,0.0
-5.30397,0.50137,0.0
-5.30397,0.52776,0.0
-5.30397,0.55415,0.0
-5.30397,0.58053,0.0
-5.30397,0.60692,0.0
-5.30397,0.63331,0.0
-5.27758,-0.63331,0.0
-5.27758,-0.60692,0.0
-5.27758,-0.58053,0.0
-5.27758,-0.55415,0.0
-5.27758,-0.52776,0.0
-5.27758,-0.50137,0.0
-5.27758,-0.47498,0.0
-5.27758,-0.44859,0.0
-5.27758,-0.42221,0.0
-5.27758,-0.39582,0.0
-5.27758,-0.36943,0.0
-5.27758,-0.34304,0.0
-5.27758,-0.31665,0.0
-5.27758,-0.29027,0.0
-5.27758,-0.26388,0.0
-5.27758,-0.23749,0.0
-5.27758,-0.2111,0.0
-5.27758,-0.18472,0.0
-5.27758,-0.15833,0.0
-5.27758,-0.13194,0.0
-5.27758,-0.10555,0.0
-5.27758,-0.07916,0.0
-5.27758,-0.05278,0.0
-5.27758,-0.02639,0.0
-5.27758,0,0.0
-5.27758,0.02639,0.0
-5.27758,0.05278,0.0
-5.27758,0.07916,0.0
-5.27758,0.10555,0.0
-5.27758,0.13194,0.0
-5.27758,0.15833,0.0
-5.27758,0.18472,0.0
-5.27758,0.2111,0.0
-5.27758,0.23749,0.0
-5.27758,0.26388,0.0
-5.27758,0.29027,0.0
-5.27758,0.31665,0.0
-5.27758,0.34304,0.0
-5.27758,0.36943,0.0
-5.27758,0.39582,0.0
-5.27758,0.42221,0.0
-5.27758,0.44859,0.0
-5.27758,0.47498,0.0
-5.27758,0.50137,0.0
-5.27758,0.52776,0.0
-5.27758,0.55415,0.0
-5.27758,0.58053,0.0
-5.27758,0.60692,0.0
-5.27758,0.63331,0.0
-5.25119,-0.63331,0.0
-5.25119,-0.60692,0.0
-5.25119,-0.58053,0.0
-5.25119,-0.55415,0.0
-5.25119,-0.52776,0.0
-5.25119,-0.50137,0.0
-5.25119,-0.47498,0.0
-5.25119,-0.44859,0.0
-5.25119,-0.42221,0.0
-5.25119,-0.39582,0.0
-5.25119,-0.36943,0.0
-5.25119,-0.34304,0.0
-5.25119,-0.31665,0.0
-5.25119,-0.29027,0.0
-5.25119,-0.26388,0.0
-5.25119,-0.23749,0.0
-5.25119,-0.2111,0.0
-5.25119,-0.18472,0.0
-5.25119,-0.15833,0.0
-5.25119,-0.13194,0.0
-5.25119,-0.10555,0.0
-5.25119,-0.07916,0.0
-5.25119,-0.05278,0.0
-5.25119,-0.02639,0.0
-5.25119,0,0.0
-5.25119,0.02639,0.0
-5.25119,0.05278,0.0
-5.25119,0.07916,0.0
-5.25119,0.10555,0.0
-5.25119,0.13194,0.0
-5.25119,0.15833,0.0
-5.25119,0.18472,0.0
-5.25119,0.2111,0.0
-5.25119,0.23749,0.0
-5.25119,0.26388,0.0
-5.25119,0.29027,0.0
-5.25119,0.31665,0.0
-5.25119,0.34304,0.0
-5.25119,0.36943,0.0
-5.25119,0.39582,0.0
-5.25119,0.42221,0.0
-5.25119,0.44859,0.0
-5.25119,0.47498,0.0
-5.25119,0.50137,0.0
-5.25119,0.52776,0.0
-5.25119,0.55415,0.0
-5.25119,0.58053,0.0
-5.25119,0.60692,0.0
-5.25119,0.63331,0.0
-5.2248,-0.63331,0.0
-5.2248,-0.60692,0.0
-5.2248,-0.58053,0.0
-5.2248,-0.55415,0.0
-5.2248,-0.52776,0.0
-5.2248,-0.50137,0.0
-5.2248,-0.47498,0.0
-5.2248,-0.44859,0.0
-5.2248,-0.42221,0.0
-5.2248,-0.39582,0.0
-5.2248,-0.36943,0.0
-5.2248,-0.34304,0.0
-5.2248,-0.31665,0.0
-5.2248,-0.29027,0.0
-5.2248,-0.26388,0.0
-5.2248,-0.23749,0.0
-5.2248,-0.2111,0.0
-5.2248,-0.18472,0.0
-5.2248,-0.15833,0.0
-5.2248,-0.13194,0.0
-5.2248,-0.10555,0.0
-5.2248,-0.07916,0.0
-5.2248,-0.05278,0.0
-5.2248,-0.02639,0.0
-5.2248,0,0.0
-5.2248,0.02639,0.0
-5.2248,0.05278,0.0
-5.2248,0.07916,0.0
-5.2248,0.10555,0.0
-5.2248,0.13194,0.0
-5.2248,0.15833,0.0
-5.2248,0.18472,0.0
-5.2248,0.2111,0.0
-5.2248,0.23749,0.0
-5.2248,0.26388,0.0
-5.2248,0.29027,0.0
-5.2248,0.31665,0.0
-5.2248,0.34304,0.0
-5.2248,0.36943,0.0
-5.2248,0.39582,0.0
-5.2248,0.42221,0.0
-5.2248,0.44859,0.0
-5.2248,0.47498,0.0
-5.2248,0.50137,0.0
-5.2248,0.52776,0.0
-5.2248,0.55415,0.0
-5.2248,0.58053,0.0
-5.2248,0.60692,0.0
-5.2248,0.63331,0.0
-5.19842,-0.63331,0.0
-5.19842,-0.60692,0.0
-5.19842,-0.58053,0.0
-5.19842,-0.55415,0.0
-5.19842,-0.52776,0.0
-5.19842,-0.50137,0.0
-5.19842,-0.47498,0.0
-5.19842,-0.44859,0.0
-5.19842,-0.42221,0.0
-5.19842,-0.39582,0.0
-5.19842,-0.36943,0.0
-5.19842,-0.34304,0.0
-5.19842,-0.31665,0.0
-5.19842,-0.29027,0.0
-5.19842,-0.26388,0.0
-5.19842,-0.23749,0.0
-5.19842,-0.2111,0.0
-5.19842,-0.18472,0.0
-5.19842,-0.15833,0.0
-5.19842,-0.13194,0.0
-5.19842,-0.10555,0.0
-5.19842,-0.07916,0.0
-5.19842,-0.05278,0.0
-5.19842,-0.02639,0.0
-5.19842,0,0.0
-5.19842,0.02639,0.0
-5.19842,0.05278,0.0
-5.19842,0.07916,0.0
-5.19842,0.10555,0.0
-5.19842,0.13194,0.0
-5.19842,0.15833,0.0
-5.19842,0.18472,0.0
-5.19842,0.2111,0.0
-5.19842,0.23749,0.0
-5.19842,0.26388,0.0
-5.19842,0.29027,0.0
-5.19842,0.31665,0.0
-5.19842,0.34304,0.0
-5.19842,0.36943,0.0
-5.19842,0.39582,0.0
-5.19842,0.42221,0.0
-5.19842,0.44859,0.0
-5.19842,0.47498,0.0
-5.19842,0.50137,0.0
-5.19842,0.52776,0.0
-5.19842,0.55415,0.0
-5.19842,0.58053,0.0
-5.19842,0.60692,0.0
-5.19842,0.63331,0.0
-5.17203,-0.63331,0.0
-5.17203,-0.60692,0.0
-5.17203,-0.58053,0.0
-5.17203,-0.55415,0.0
-5.17203,-0.52776,0.0
-5.17203,-0.50137,0.0
-5.17203,-0.47498,0.0
-5.17203,-0.44859,0.0
-5.17203,-0.42221,0.0
-5.17203,-0.39582,0.0
-5.17203,-0.36943,0.0
-5.17203,-0.34304,0.0
-5.17203,-0.31665,0.0
-5.17203,-0.29027,0.0
-5.17203,-0.26388,0.0
-5.17203,-0.23749,0.0
-5.17203,-0.2111,0.0
-5.17203,-0.18472,0.0
-5.17203,-0.15833,0.0
-5.17203,-0.13194,0.0
-5.17203,-0.10555,0.0
-5.17203,-0.07916,0.0
-5.17203,-0.05278,0.0
-5.17203,-0.02639,0.0
-5.17203,0,0.0
-5.17203,0.02639,0.0
-5.17203,0.05278,0.0
-5.17203,0.07916,0.0
-5.17203,0.10555,0.0
-5.17203,0.13194,0.0
-5.17203,0.15833,0.0
-5.17203,0.18472,0.0
-5.17203,0.2111,0.0
-5.17203,0.23749,0.0
-5.17203,0.26388,0.0
-5.17203,0.29027,0.0
-5.17203,0.31665,0.0
-5.17203,0.34304,0.0
-5.17203,0.36943,0.0
-5.17203,0.39582,0.0
-5.17203,0.42221,0.0
-5.17203,0.44859,0.0
-5.17203,0.47498,0.0
-5.17203,0.50137,0.0
-5.17203,0.52776,0.0
-5.17203,0.55415,0.0
-5.17203,0.58053,0.0
-5.17203,0.60692,0.0
-5.17203,0.63331,0.0
-5.14564,-0.63331,0.0
-5.14564,-0.60692,0.0
-5.14564,-0.58053,0.0
-5.14564,-0.55415,0.0
-5.14564,-0.52776,0.0
-5.14564,-0.50137,0.0
-5.14564,-0.47498,0.0
-5.14564,-0.44859,0.0
-5.14564,-0.42221,0.0
-5.14564,-0.39582,0.0
-5.14564,-0.36943,0.0
-5.14564,-0.34304,0.0
-5.14564,-0.31665,0.0
-5.14564,-0.29027,0.0
-5.14564,-0.26388,0.0
-5.14564,-0.23749,0.0
-5.14564,-0.2111,0.0
-5.14564,-0.18472,0.0
-5.14564,-0.15833,0.0
-5.14564,-0.13194,0.0
-5.14564,-0.10555,0.0
-5.14564,-0.07916,0.0
-5.14564,-0.05278,0.0
-5.14564,-0.02639,0.0
-5.14564,0,0.0
-5.14564,0.02639,0.0
-5.14564,0.05278,0.0
-5.14564,0.07916,0.0
-5.14564,0.10555,0.0
-5.14564,0.13194,0.0
-5.14564,0.15833,0.0
-5.14564,0.18472,0.0
-5.14564,0.2111,0.0
-5.14564,0.23749,0.0
-5.14564,0.26388,0.0
-5.14564,0.29027,0.0
-5.14564,0.31665,0.0
-5.14564,0.34304,0.0
-5.14564,0.36943,0.0
-5.14564,0.39582,0.0
-5.14564,0.42221,0.0
-5.14564,0.44859,0.0
-5.14564,0.47498,0.0
-5.14564,0.50137,0.0
-5.14564,0.52776,0.0
-5.14564,0.55415,0.0
-5.14564,0.58053,0.0
-5.14564,0.60692,0.0
-5.14564,0.63331,0.0
-5.11925,-0.63331,0.0
-5.11925,-0.60692,0.0
-5.11925,-0.58053,0.0
-5.11925,-0.55415,0.0
-5.11925,-0.52776,0.0
-5.11925,-0.50137,0.0
-5.11925,-0.47498,0.0
-5.11925,-0.44859,0.0
-5.11925,-0.42221,0.0
-5.11925,-0.39582,0.0
-5.11925,-0.36943,0.0
-5.11925,-0.34304,0.0
-5.11925,-0.31665,0.0
-5.11925,-0.29027,0.0
-5.11925,-0.26388,0.0
-5.11925,-0.23749,0.0
-5.11925,-0.2111,0.0
-5.11925,-0.18472,0.0
-5.11925,-0.15833,0.0
-5.11925,-0.13194,0.0
-5.11925,-0.10555,0.0
-5.11925,-0.07916,0.0
-5.11925,-0.05278,0.0
-5.11925,-0.02639,0.0
-5.11925,0,0.0
-5.11925,0.02639,0.0
-5.11925,0.05278,0.0
-5.11925,0.07916,0.0
-5.11925,0.10555,0.0
-5.11925,0.13194,0.0
-5.11925,0.15833,0.0
-5.11925,0.18472,0.0
-5.11925,0.2111,0.0
-5.11925,0.23749,0.0
-5.11925,0.26388,0.0
-5.11925,0.29027,0.0
-5.11925,0.31665,0.0
-5.11925,0.34304,0.0
-5.11925,0.36943,0.0
-5.11925,0.39582,0.0
-5.11925,0.42221,0.0
-5.11925,0.44859,0.0
-5.11925,0.47498,0.0
-5.11925,0.50137,0.0
-5.11925,0.52776,0.0
-5.11925,0.55415,0.0
-5.11925,0.58053,0.0
-5.11925,0.60692,0.0
-5.11925,0.63331,0.0
-5.09287,-0.63331,0.0
-5.09287,-0.60692,0.0
-5.09287,-0.58053,0.0
-5.09287,-0.55415,0.0
-5.09287,-0.52776,0.0
-5.09287,-0.50137,0.0
-5.09287,-0.47498,0.0
-5.09287,-0.44859,0.0
-5.09287,-0.42221,0.0
-5.09287,-0.39582,0.0
-5.09287,-0.36943,0.0
-5.09287,-0.34304,0.0
-5.09287,-0.31665,0.0
-5.09287,-0.29027,0.0
-5.09287,-0.26388,0.0
-5.09287,-0.23749,0.0
-5.09287,-0.2111,0.0
-5.09287,-0.18472,0.0
-5.09287,-0.15833,0.0
-5.09287,-0.13194,0.0
-5.09287,-0.10555,0.0
-5.09287,-0.07916,0.0
-5.09287,-0.05278,0.0
-5.09287,-0.02639,0.0
-5.09287,0,0.0
-5.09287,0.02639,0.0
-5.09287,0.05278,0.0
-5.09287,0.07916,0.0
-5.09287,0.10555,0.0
-5.09287,0.13194,0.0
-5.09287,0.15833,0.0
-5.09287,0.18472,0.0
-5.09287,0.2111,0.0
-5.09287,0.23749,0.0
-5.09287,0.26388,0.0
-5.09287,0.29027,0.0
-5.09287,0.31665,0.0
-5.09287,0.34304,0.0
-5.09287,0.36943,0.0
-5.09287,0.39582,0.0
-5.09287,0.42221,0.0
-5.09287,0.44859,0.0
-5.09287,0.47498,0.0
-5.09287,0.50137,0.0
-5.09287,0.52776,0.0
-5.09287,0.55415,0.0
-5.09287,0.58053,0.0
-5.09287,0.60692,0.0
-5.09287,0.63331,0.0
-5.06648,-0.63331,0.0
-5.06648,-0.60692,0.0
-5.06648,-0.58053,0.0
-5.06648,-0.55415,0.0
-5.06648,-0.52776,0.0
-5.06648,-0.50137,0.0
-5.06648,-0.47498,0.0
-5.06648,-0.44859,0.0
-5.06648,-0.42221,0.0
-5.06648,-0.39582,0.0
-5.06648,-0.36943,0.0
-5.06648,-0.34304,0.0
-5.06648,-0.31665,0.0
-5.06648,-0.29027,0.0
-5.06648,-0.26388,0.0
-5.06648,-0.23749,0.0
-5.06648,-0.2111,0.0
-5.06648,-0.18472,0.0
-5.06648,-0.15833,0.0
-5.06648,-0.13194,0.0
-5.06648,-0.10555,0.0
-5.06648,-0.07916,0.0
-5.06648,-0.05278,0.0
-5.06648,-0.02639,0.0
-5.06648,0,0.0
-5.06648,0.02639,0.0
-5.06648,0.05278,0.0
-5.06648,0.07916,0.0
-5.06648,0.10555,0.0
-5.06648,0.13194,0.0
-5.06648,0.15833,0.0
-5.06648,0.18472,0.0
-5.06648,0.2111,0.0
-5.06648,0.23749,0.0
-5.06648,0.26388,0.0
-5.06648,0.29027,0.0
-5.06648,0.31665,0.0
-5.06648,0.34304,0.0
-5.06648,0.36943,0.0
-5.06648,0.39582,0.0
-5.06648,0.42221,0.0
-5.06648,0.44859,0.0
-5.06648,0.47498,0.0
-5.06648,0.50137,0.0
-5.06648,0.52776,0.0
-5.06648,0.55415,0.0
-5.06648,0.58053,0.0
-5.06648,0.60692,0.0
-5.06648,0.63331,0.0
-5.04009,-0.63331,0.0
-5.04009,-0.60692,0.0
-5.04009,-0.58053,0.0
-5.04009,-0.55415,0.0
-5.04009,-0.52776,0.0
-5.04009,-0.50137,0.0
-5.04009,-0.47498,0.0
-5.04009,-0.44859,0.0
-5.04009,-0.42221,0.0
-5.04009,-0.39582,0.0
-5.04009,-0.36943,0.0
-5.04009,-0.34304,0.0
-5.04009,-0.31665,0.0
-5.04009,-0.29027,0.0
-5.04009,-0.26388,0.0
-5.04009,-0.23749,0.0
-5.04009,-0.2111,0.0
-5.04009,-0.18472,0.0
-5.04009,-0.15833,0.0
-5.04009,-0.13194,0.0
-5.04009,-0.10555,0.0
-5.04009,-0.07916,0.0
-5.04009,-0.05278,0.0
-5.04009,-0.02639,0.0
-5.04009,0,0.0
-5.04009,0.02639,0.0
-5.04009,0.05278,0.0
-5.04009,0.07916,0.0
-5.04009,0.10555,0.0
-5.04009,0.13194,0.0
-5.04009,0.15833,0.0
-5.04009,0.18472,0.0
-5.04009,0.2111,0.0
-5.04009,0.23749,0.0
-5.04009,0.26388,0.0
-5.04009,0.29027,0.0
-5.04009,0.31665,0.0
-5.04009,0.34304,0.0
-5.04009,0.36943,0.0
-5.04009,0.39582,0.0
-5.04009,0.42221,0.0
-5.04009,0.44859,0.0
-5.04009,0.47498,0.0
-5.04009,0.50137,0.0
-5.04009,0.52776,0.0
-5.04009,0.55415,0.0
-5.04009,0.58053,0.0
-5.04009,0.60692,0.0
-5.04009,0.63331,0.0
-5.0137,-0.63331,0.0
-5.0137,-0.60692,0.0
-5.0137,-0.58053,0.0
-5.0137,-0.55415,0.0
-5.0137,-0.52776,0.0
-5.0137,-0.50137,0.0
-5.0137,-0.47498,0.0
-5.0137,-0.44859,0.0
-5.0137,-0.42221,0.0
-5.0137,-0.39582,0.0
-5.0137,-0.36943,0.0
-5.0137,-0.34304,0.0
-5.0137,-0.31665,0.0
-5.0137,-0.29027,0.0
-5.0137,-0.26388,0.0
-5.0137,-0.23749,0.0
-5.0137,-0.2111,0.0
-5.0137,-0.18472,0.0
-5.0137,-0.15833,0.0
-5.0137,-0.13194,0.0
-5.0137,-0.10555,0.0
-5.0137,-0.07916,0.0
-5.0137,-0.05278,0.0
-5.0137,-0.02639,0.0
-5.0137,0,0.0
-5.0137,0.02639,0.0
-5.0137,0.05278,0.0
-5.0137,0.07916,0.0
-5.0137,0.10555,0.0
-5.0137,0.13194,0.0
-5.0137,0.15833,0.0
-5.0137,0.18472,0.0
-5.0137,0.2111,0.0
-5.0137,0.23749,0.0
-5.0137,0.26388,0.0
-5.0137,0.29027,0.0
-5.0137,0.31665,0.0
-5.0137,0.34304,0.0
-5.0137,0.36943,0.0
-5.0137,0.39582,0.0
-5.0137,0.42221,0.0
-5.0137,0.44859,0.0
-5.0137,0.47498,0.0
-5.0137,0.50137,0.0
-5.0137,0.52776,0.0
-5.0137,0.55415,0.0
-5.0137,0.58053,0.0
-5.0137,0.60692,0.0
-5.0137,0.63331,0.0
-4.98731,-0.63331,0.0
-4.98731,-0.60692,0.0
-4.98731,-0.58053,0.0
-4.98731,-0.55415,0.0
-4.98731,-0.52776,0.0
-4.98731,-0.50137,0.0
-4.98731,-0.47498,0.0
-4.98731,-0.44859,0.0
-4.98731,-0.42221,0.0
-4.98731,-0.39582,0.0
-4.98731,-0.36943,0.0
-4.98731,-0.34304,0.0
-4.98731,-0.31665,0.0
-4.98731,-0.29027,0.0
-4.98731,-0.26388,0.0
-4.98731,-0.23749,0.0
-4.98731,-0.2111,0.0
-4.98731,-0.18472,0.0
-4.98731,-0.15833,0.0
-4.98731,-0.13194,0.0
-4.98731,-0.10555,0.0
-4.98731,-0.07916,0.0
-4.98731,-0.05278,0.0
-4.98731,-0.02639,0.0
-4.98731,0,0.0
-4.98731,0.02639,0.0
-4.98731,0.05278,0.0
-4.98731,0.07916,0.0
-4.98731,0.10555,0.0
-4.98731,0.13194,0.0
-4.98731,0.15833,0.0
-4.98731,0.18472,0.0
-4.98731,0.2111,0.0
-4.98731,0.23749,0.0
-4.98731,0.26388,0.0
-4.98731,0.29027,0.0
-4.98731,0.31665,0.0
-4.98731,0.34304,0.0
-4.98731,0.36943,0.0
-4.98731,0.39582,0.0
-4.98731,0.42221,0.0
-4.98731,0.44859,0.0
-4.98731,0.47498,0.0
-4.98731,0.50137,0.0
-4.98731,0.52776,0.0
-4.98731,0.55415,0.0
-4.98731,0.58053,0.0
-4.98731,0.60692,0.0
-4.98731,0.63331,0.0
-4.96093,-0.63331,0.0
-4.96093,-0.60692,0.0
-4.96093,-0.58053,0.0
-4.96093,-0.55415,0.0
-4.96093,-0.52776,0.0
-4.96093,-0.50137,0.0
-4.96093,-0.47498,0.0
-4.96093,-0.44859,0.0
-4.96093,-0.42221,0.0
-4.96093,-0.39582,0.0
-4.96093,-0.36943,0.0
-4.96093,-0.34304,0.0
-4.96093,-0.31665,0.0
-4.96093,-0.29027,0.0
-4.96093,-0.26388,0.0
-4.96093,-0.23749,0.0
-4.96093,-0.2111,0.0
-4.96093,-0.18472,0.0
-4.96093,-0.15833,0.0
-4.96093,-0.13194,0.0
-4.96093,-0.10555,0.0
-4.96093,-0.07916,0.0
-4.96093,-0.05278,0.0
-4.96093,-0.02639,0.0
-4.96093,0,0.0
-4.96093,0.02639,0.0
-4.96093,0.05278,0.0
-4.96093,0.07916,0.0
-4.96093,0.10555,0.0
-4.96093,0.13194,0.0
-4.96093,0.15833,0.0
-4.96093,0.18472,0.0
-4.96093,0.2111,0.0
-4.96093,0.23749,0.0
-4.96093,0.26388,0.0
-4.96093,0.29027,0.0
-4.96093,0.31665,0.0
-4.96093,0.34304,0.0
-4.96093,0.36943,0.0
-4.96093,0.39582,0.0
-4.96093,0.42221,0.0
-4.96093,0.44859,0.0
-4.96093,0.47498,0.0
-4.96093,0.50137,0.0
-4.96093,0.52776,0.0
-4.96093,0.55415,0.0
-4.96093,0.58053,0.0
-4.96093,0.60692,0.0
-4.96093,0.63331,0.0
-4.93454,-0.63331,0.0
-4.93454,-0.60692,0.0
-4.93454,-0.58053,0.0
-4.93454,-0.55415,0.0
-4.93454,-0.52776,0.0
-4.93454,-0.50137,0.0
-4.93454,-0.47498,0.0
-4.93454,-0.44859,0.0
-4.93454,-0.42221,0.0
-4.93454,-0.39582,0.0
-4.93454,-0.36943,0.0
-4.93454,-0.34304,0.0
-4.93454,-0.31665,0.0
-4.93454,-0.29027,0.0
-4.93454,-0.26388,0.0
-4.93454,-0.23749,0.0
-4.93454,-0.2111,0.0
-4.93454,-0.18472,0.0
-4.93454,-0.15833,0.0
-4.93454,-0.13194,0.0
-4.93454,-0.10555,0.0
-4.93454,-0.07916,0.0
-4.93454,-0.05278,0.0
-4.93454,-0.02639,0.0
-4.93454,0,0.0
-4.93454,0.02639,0.0
-4.93454,0.05278,0.0
-4.93454,0.07916,0.0
-4.93454,0.10555,0.0
-4.93454,0.13194,0.0
-4.93454,0.15833,0.0
-4.93454,0.18472,0.0
-4.93454,0.2111,0.0
-4.93454,0.23749,0.0
-4.93454,0.26388,0.0
-4.93454,0.29027,0.0
-4.93454,0.31665,0.0
-4.93454,0.34304,0.0
-4.93454,0.36943,0.0
-4.93454,0.39582,0.0
-4.93454,0.42221,0.0
-4.93454,0.44859,0.0
-4.93454,0.47498,0.0
-4.93454,0.50137,0.0
-4.93454,0.52776,0.0
-4.93454,0.55415,0.0
-4.93454,0.58053,0.0
-4.93454,0.60692,0.0
-4.93454,0.63331,0.0
-4.90815,-0.63331,0.0
-4.90815,-0.60692,0.0
-4.90815,-0.58053,0.0
-4.90815,-0.55415,0.0
-4.90815,-0.52776,0.0
-4.90815,-0.50137,0.0
-4.90815,-0.47498,0.0
-4.90815,-0.44859,0.0
-4.90815,-0.42221,0.0
-4.90815,-0.39582,0.0
-4.90815,-0.36943,0.0
-4.90815,-0.34304,0.0
-4.90815,-0.31665,0.0
-4.90815,-0.29027,0.0
-4.90815,-0.26388,0.0
-4.90815,-0.23749,0.0
-4.90815,-0.2111,0.0
-4.90815,-0.18472,0.0
-4.90815,-0.15833,0.0
-4.90815,-0.13194,0.0
-4.90815,-0.10555,0.0
-4.90815,-0.07916,0.0
-4.90815,-0.05278,0.0
-4.90815,-0.02639,0.0
-4.90815,0,0.0
-4.90815,0.02639,0.0
-4.90815,0.05278,0.0
-4.90815,0.07916,0.0
-4.90815,0.10555,0.0
-4.90815,0.13194,0.0
-4.90815,0.15833,0.0
-4.90815,0.18472,0.0
-4.90815,0.2111,0.0
-4.90815,0.23749,0.0
-4.90815,0.26388,0.0
-4.90815,0.29027,0.0
-4.90815,0.31665,0.0
-4.90815,0.34304,0.0
-4.90815,0.36943,0.0
-4.90815,0.39582,0.0
-4.90815,0.42221,0.0
-4.90815,0.44859,0.0
-4.90815,0.47498,0.0
-4.90815,0.50137,0.0
-4.90815,0.52776,0.0
-4.90815,0.55415,0.0
-4.90815,0.58053,0.0
-4.90815,0.60692,0.0
-4.90815,0.63331,0.0
-4.88176,-0.63331,0.0
-4.88176,-0.60692,0.0
-4.88176,-0.58053,0.0
-4.88176,-0.55415,0.0
-4.88176,-0.52776,0.0
-4.88176,-0.50137,0.0
-4.88176,-0.47498,0.0
-4.88176,-0.44859,0.0
-4.88176,-0.42221,0.0
-4.88176,-0.39582,0.0
-4.88176,-0.36943,0.0
-4.88176,-0.34304,0.0
-4.88176,-0.31665,0.0
-4.88176,-0.29027,0.0
-4.88176,-0.26388,0.0
-4.88176,-0.23749,0.0
-4.88176,-0.2111,0.0
-4.88176,-0.18472,0.0
-4.88176,-0.15833,0.0
-4.88176,-0.13194,0.0
-4.88176,-0.10555,0.0
-4.88176,-0.07916,0.0
-4.88176,-0.05278,0.0
-4.88176,-0.02639,0.0
-4.88176,0,0.0
-4.88176,0.02639,0.0
-4.88176,0.05278,0.0
-4.88176,0.07916,0.0
-4.88176,0.10555,0.0
-4.88176,0.13194,0.0
-4.88176,0.15833,0.0
-4.88176,0.18472,0.0
-4.88176,0.2111,0.0
-4.88176,0.23749,0.0
-4.88176,0.26388,0.0
-4.88176,0.29027,0.0
-4.88176,0.31665,0.0
-4.88176,0.34304,0.0
-4.88176,0.36943,0.0
-4.88176,0.39582,0.0
-4.88176,0.42221,0.0
-4.88176,0.44859,0.0
-4.88176,0.47498,0.0
-4.88176,0.50137,0.0
-4.88176,0.52776,0.0
-4.88176,0.55415,0.0
-4.88176,0.58053,0.0
-4.88176,0.60692,0.0
-4.88176,0.63331,0.0
-4.85537,-0.63331,0.0
-4.85537,-0.60692,0.0
-4.85537,-0.58053,0.0
-4.85537,-0.55415,0.0
-4.85537,-0.52776,0.0
-4.85537,-0.50137,0.0
-4.85537,-0.47498,0.0
-4.85537,-0.44859,0.0
-4.85537,-0.42221,0.0
-4.85537,-0.39582,0.0
-4.85537,-0.36943,0.0
-4.85537,-0.34304,0.0
-4.85537,-0.31665,0.0
-4.85537,-0.29027,0.0
-4.85537,-0.26388,0.0
-4.85537,-0.23749,0.0
-4.85537,-0.2111,0.0
-4.85537,-0.18472,0.0
-4.85537,-0.15833,0.0
-4.85537,-0.13194,0.0
-4.85537,-0.10555,0.0
-4.85537,-0.07916,0.0
-4.85537,-0.05278,0.0
-4.85537,-0.02639,0.0
-4.85537,0,0.0
-4.85537,0.02639,0.0
-4.85537,0.05278,0.0
-4.85537,0.07916,0.0
-4.85537,0.10555,0.0
-4.85537,0.13194,0.0
-4.85537,0.15833,0.0
-4.85537,0.18472,0.0
-4.85537,0.2111,0.0
-4.85537,0.23749,0.0
-4.85537,0.26388,0.0
-4.85537,0.29027,0.0
-4.85537,0.31665,0.0
-4.85537,0.34304,0.0
-4.85537,0.36943,0.0
-4.85537,0.39582,0.0
-4.85537,0.42221,0.0
-4.85537,0.44859,0.0
-4.85537,0.47498,0.0
-4.85537,0.50137,0.0
-4.85537,0.52776,0.0
-4.85537,0.55415,0.0
-4.85537,0.58053,0.0
-4.85537,0.60692,0.0
-4.85537,0.63331,0.0
-4.82899,-0.63331,0.0
-4.82899,-0.60692,0.0
-4.82899,-0.58053,0.0
-4.82899,-0.55415,0.0
-4.82899,-0.52776,0.0
-4.82899,-0.50137,0.0
-4.82899,-0.47498,0.0
-4.82899,-0.44859,0.0
-4.82899,-0.42221,0.0
-4.82899,-0.39582,0.0
-4.82899,-0.36943,0.0
-4.82899,-0.34304,0.0
-4.82899,-0.31665,0.0
-4.82899,-0.29027,0.0
-4.82899,-0.26388,0.0
-4.82899,-0.23749,0.0
-4.82899,-0.2111,0.0
-4.82899,-0.18472,0.0
-4.82899,-0.15833,0.0
-4.82899,-0.13194,0.0
-4.82899,-0.10555,0.0
-4.82899,-0.07916,0.0
-4.82899,-0.05278,0.0
-4.82899,-0.02639,0.0
-4.82899,0,0.0
-4.82899,0.02639,0.0
-4.82899,0.05278,0.0
-4.82899,0.07916,0.0
-4.82899,0.10555,0.0
-4.82899,0.13194,0.0
-4.82899,0.15833,0.0
-4.82899,0.18472,0.0
-4.82899,0.2111,0.0
-4.82899,0.23749,0.0
-4.82899,0.26388,0.0
-4.82899,0.29027,0.0
-4.82899,0.31665,0.0
-4.82899,0.34304,0.0
-4.82899,0.36943,0.0
-4.82899,0.39582,0.0
-4.82899,0.42221,0.0
-4.82899,0.44859,0.0
-4.82899,0.47498,0.0
-4.82899,0.50137,0.0
-4.82899,0.52776,0.0
-4.82899,0.55415,0.0
-4.82899,0.58053,0.0
-4.82899,0.60692,0.0
-4.82899,0.63331,0.0
-4.8026,-0.63331,0.0
-4.8026,-0.60692,0.0
-4.8026,-0.58053,0.0
-4.8026,-0.55415,0.0
-4.8026,-0.52776,0.0
-4.8026,-0.50137,0.0
-4.8026,-0.47498,0.0
-4.8026,-0.44859,0.0
-4.8026,-0.42221,0.0
-4.8026,-0.39582,0.0
-4.8026,-0.36943,0.0
-4.8026,-0.34304,0.0
-4.8026,-0.31665,0.0
-4.8026,-0.29027,0.0
-4.8026,-0.26388,0.0
-4.8026,-0.23749,0.0
-4.8026,-0.2111,0.0
-4.8026,-0.18472,0.0
-4.8026,-0.15833,0.0
-4.8026,-0.13194,0.0
-4.8026,-0.10555,0.0
-4.8026,-0.07916,0.0
-4.8026,-0.05278,0.0
-4.8026,-0.02639,0.0
-4.8026,0,0.0
-4.8026,0.02639,0.0
-4.8026,0.05278,0.0
-4.8026,0.07916,0.0
-4.8026,0.10555,0.0
-4.8026,0.13194,0.0
-4.8026,0.15833,0.0
-4.8026,0.18472,0.0
-4.8026,0.2111,0.0
-4.8026,0.23749,0.0
-4.8026,0.26388,0.0
-4.8026,0.29027,0.0
-4.8026,0.31665,0.0
-4.8026,0.34304,0.0
-4.8026,0.36943,0.0
-4.8026,0.39582,0.0
-4.8026,0.42221,0.0
-4.8026,0.44859,0.0
-4.8026,0.47498,0.0
-4.8026,0.50137,0.0
-4.8026,0.52776,0.0
-4.8026,0.55415,0.0
-4.8026,0.58053,0.0
-4.8026,0.60692,0.0
-4.8026,0.63331,0.0
-4.77621,-0.63331,0.0
-4.77621,-0.60692,0.0
-4.77621,-0.58053,0.0
-4.77621,-0.55415,0.0
-4.77621,-0.52776,0.0
-4.77621,-0.50137,0.0
-4.77621,-0.47498,0.0
-4.77621,-0.44859,0.0
-4.77621,-0.42221,0.0
-4.77621,-0.39582,0.0
-4.77621,-0.36943,0.0
-4.77621,-0.34304,0.0
-4.77621,-0.31665,0.0
-4.77621,-0.29027,0.0
-4.77621,-0.26388,0.0
-4.77621,-0.23749,0.0
-4.77621,-0.2111,0.0
-4.77621,-0.18472,0.0
-4.77621,-0.15833,0.0
-4.77621,-0.13194,0.0
-4.77621,-0.10555,0.0
-4.77621,-0.07916,0.0
-4.77621,-0.05278,0.0
-4.77621,-0.02639,0.0
-4.77621,0,0.0
-4.77621,0.02639,0.0
-4.77621,0.05278,0.0
-4.77621,0.07916,0.0
-4.77621,0.10555,0.0
-4.77621,0.13194,0.0
-4.77621,0.15833,0.0
-4.77621,0.18472,0.0
-4.77621,0.2111,0.0
-4.77621,0.23749,0.0
-4.77621,0.26388,0.0
-4.77621,0.29027,0.0
-4.77621,0.31665,0.0
-4.77621,0.34304,0.0
-4.77621,0.36943,0.0
-4.77621,0.39582,0.0
-4.77621,0.42221,0.0
-4.77621,0.44859,0.0
-4.77621,0.47498,0.0
-4.77621,0.50137,0.0
-4.77621,0.52776,0.0
-4.77621,0.55415,0.0
-4.77621,0.58053,0.0
-4.77621,0.60692,0.0
-4.77621,0.63331,0.0
-4.74982,-0.63331,0.0
-4.74982,-0.60692,0.0
-4.74982,-0.58053,0.0
-4.74982,-0.55415,0.0
-4.74982,-0.52776,0.0
-4.74982,-0.50137,0.0
-4.74982,-0.47498,0.0
-4.74982,-0.44859,0.0
-4.74982,-0.42221,0.0
-4.74982,-0.39582,0.0
-4.74982,-0.36943,0.0
-4.74982,-0.34304,0.0
-4.74982,-0.31665,0.0
-4.74982,-0.29027,0.0
-4.74982,-0.26388,0.0
-4.74982,-0.23749,0.0
-4.74982,-0.2111,0.0
-4.74982,-0.18472,0.0
-4.74982,-0.15833,0.0
-4.74982,-0.13194,0.0
-4.74982,-0.10555,0.0
-4.74982,-0.07916,0.0
-4.74982,-0.05278,0.0
-4.74982,-0.02639,0.0
-4.74982,0,0.0
-4.74982,0.02639,0.0
-4.74982,0.05278,0.0
-4.74982,0.07916,0.0
-4.74982,0.10555,0.0
-4.74982,0.13194,0.0
-4.74982,0.15833,0.0
-4.74982,0.18472,0.0
-4.74982,0.2111,0.0
-4.74982,0.23749,0.0
-4.74982,0.26388,0.0
-4.74982,0.29027,0.0
-4.74982,0.31665,0.0
-4.74982,0.34304,0.0
-4.74982,0.36943,0.0
-4.74982,0.39582,0.0
-4.74982,0.42221,0.0
-4.74982,0.44859,0.0
-4.74982,0.47498,0.0
-4.74982,0.50137,0.0
-4.74982,0.52776,0.0
-4.74982,0.55415,0.0
-4.74982,0.58053,0.0
-4.74982,0.60692,0.0
-4.74982,0.63331,0.0
-4.72343,-0.63331,0.0
-4.72343,-0.60692,0.0
-4.72343,-0.58053,0.0
-4.72343,-0.55415,0.0
-4.72343,-0.52776,0.0
-4.72343,-0.50137,0.0
-4.72343,-0.47498,0.0
-4.72343,-0.44859,0.0
-4.72343,-0.42221,0.0
-4.72343,-0.39582,0.0
-4.72343,-0.36943,0.0
-4.72343,-0.34304,0.0
-4.72343,-0.31665,0.0
-4.72343,-0.29027,0.0
-4.72343,-0.26388,0.0
-4.72343,-0.23749,0.0
-4.72343,-0.2111,0.0
-4.72343,-0.18472,0.0
-4.72343,-0.15833,0.0
-4.72343,-0.13194,0.0
-4.72343,-0.10555,0.0
-4.72343,-0.07916,0.0
-4.72343,-0.05278,0.0
-4.72343,-0.02639,0.0
-4.72343,0,0.0
-4.72343,0.02639,0.0
-4.72343,0.05278,0.0
-4.72343,0.07916,0.0
-4.72343,0.10555,0.0
-4.72343,0.13194,0.0
-4.72343,0.15833,0.0
-4.72343,0.18472,0.0
-4.72343,0.2111,0.0
-4.72343,0.23749,0.0
-4.72343,0.26388,0.0
-4.72343,0.29027,0.0
-4.72343,0.31665,0.0
-4.72343,0.34304,0.0
-4.72343,0.36943,0.0
-4.72343,0.39582,0.0
-4.72343,0.42221,0.0
-4.72343,0.44859,0.0
-4.72343,0.47498,0.0
-4.72343,0.50137,0.0
-4.72343,0.52776,0.0
-4.72343,0.55415,0.0
-4.72343,0.58053,0.0
-4.72343,0.60692,0.0
-4.72343,0.63331,0.0
-4.69705,-0.63331,0.0
-4.69705,-0.60692,0.0
-4.69705,-0.58053,0.0
-4.69705,-0.55415,0.0
-4.69705,-0.52776,0.0
-4.69705,-0.50137,0.0
-4.69705,-0.47498,0.0
-4.69705,-0.44859,0.0
-4.69705,-0.42221,0.0
-4.69705,-0.39582,0.0
-4.69705,-0.36943,0.0
-4.69705,-0.34304,0.0
-4.69705,-0.31665,0.0
-4.69705,-0.29027,0.0
-4.69705,-0.26388,0.0
-4.69705,-0.23749,0.0
-4.69705,-0.2111,0.0
-4.69705,-0.18472,0.0
-4.69705,-0.15833,0.0
-4.69705,-0.13194,0.0
-4.69705,-0.10555,0.0
-4.69705,-0.07916,0.0
-4.69705,-0.05278,0.0
-4.69705,-0.02639,0.0
-4.69705,0,0.0
-4.69705,0.02639,0.0
-4.69705,0.05278,0.0
-4.69705,0.07916,0.0
-4.69705,0.10555,0.0
-4.69705,0.13194,0.0
-4.69705,0.15833,0.0
-4.69705,0.18472,0.0
-4.69705,0.2111,0.0
-4.69705,0.23749,0.0
-4.69705,0.26388,0.0
-4.69705,0.29027,0.0
-4.69705,0.31665,0.0
-4.69705,0.34304,0.0
-4.69705,0.36943,0.0
-4.69705,0.39582,0.0
-4.69705,0.42221,0.0
-4.69705,0.44859,0.0
-4.69705,0.47498,0.0
-4.69705,0.50137,0.0
-4.69705,0.52776,0.0
-4.69705,0.55415,0.0
-4.69705,0.58053,0.0
-4.69705,0.60692,0.0
-4.69705,0.63331,0.0
-4.67066,-0.63331,0.0
-4.67066,-0.60692,0.0
-4.67066,-0.58053,0.0
-4.67066,-0.55415,0.0
-4.67066,-0.52776,0.0
-4.67066,-0.50137,0.0
-4.67066,-0.47498,0.0
-4.67066,-0.44859,0.0
-4.67066,-0.42221,0.0
-4.67066,-0.39582,0.0
-4.67066,-0.36943,0.0
-4.67066,-0.34304,0.0
-4.67066,-0.31665,0.0
-4.67066,-0.29027,0.0
-4.67066,-0.26388,0.0
-4.67066,-0.23749,0.0
-4.67066,-0.2111,0.0
-4.67066,-0.18472,0.0
-4.67066,-0.15833,0.0
-4.67066,-0.13194,0.0
-4.67066,-0.10555,0.0
-4.67066,-0.07916,0.0
-4.67066,-0.05278,0.0
-4.67066,-0.02639,0.0
-4.67066,0,0.0
-4.67066,0.02639,0.0
-4.67066,0.05278,0.0
-4.67066,0.07916,0.0
-4.67066,0.10555,0.0
-4.67066,0.13194,0.0
-4.67066,0.15833,0.0
-4.67066,0.18472,0.0
-4.67066,0.2111,0.0
-4.67066,0.23749,0.0
-4.67066,0.26388,0.0
-4.67066,0.29027,0.0
-4.67066,0.31665,0.0
-4.67066,0.34304,0.0
-4.67066,0.36943,0.0
-4.67066,0.39582,0.0
-4.67066,0.42221,0.0
-4.67066,0.44859,0.0
-4.67066,0.47498,0.0
-4.67066,0.50137,0.0
-4.67066,0.52776,0.0
-4.67066,0.55415,0.0
-4.67066,0.58053,0.0
-4.67066,0.60692,0.0
-4.67066,0.63331,0.0
-4.64427,-0.63331,0.0
-4.64427,-0.60692,0.0
-4.64427,-0.58053,0.0
-4.64427,-0.55415,0.0
-4.64427,-0.52776,0.0
-4.64427,-0.50137,0.0
-4.64427,-0.47498,0.0
-4.64427,-0.44859,0.0
-4.64427,-0.42221,0.0
-4.64427,-0.39582,0.0
-4.64427,-0.36943,0.0
-4.64427,-0.34304,0.0
-4.64427,-0.31665,0.0
-4.64427,-0.29027,0.0
-4.64427,-0.26388,0.0
-4.64427,-0.23749,0.0
-4.64427,-0.2111,0.0
-4.64427,-0.18472,0.0
-4.64427,-0.15833,0.0
-4.64427,-0.13194,0.0
-4.64427,-0.10555,0.0
-4.64427,-0.07916,0.0
-4.64427,-0.05278,0.0
-4.64427,-0.02639,0.0
-4.64427,0,0.0
-4.64427,0.02639,0.0
-4.64427,0.05278,0.0
-4.64427,0.07916,0.0
-4.64427,0.10555,0.0
-4.64427,0.13194,0.0
-4.64427,0.15833,0.0
-4.64427,0.18472,0.0
-4.64427,0.2111,0.0
-4.64427,0.23749,0.0
-4.64427,0.26388,0.0
-4.64427,0.29027,0.0
-4.64427,0.31665,0.0
-4.64427,0.34304,0.0
-4.64427,0.36943,0.0
-4.64427,0.39582,0.0
-4.64427,0.42221,0.0
-4.64427,0.44859,0.0
-4.64427,0.47498,0.0
-4.64427,0.50137,0.0
-4.64427,0.52776,0.0
-4.64427,0.55415,0.0
-4.64427,0.58053,0.0
-4.64427,0.60692,0.0
-4.64427,0.63331,0.0
-4.61788,-0.63331,0.0
-4.61788,-0.60692,0.0
-4.61788,-0.58053,0.0
-4.61788,-0.55415,0.0
-4.61788,-0.52776,0.0
-4.61788,-0.50137,0.0
-4.61788,-0.47498,0.0
-4.61788,-0.44859,0.0
-4.61788,-0.42221,0.0
-4.61788,-0.39582,0.0
-4.61788,-0.36943,0.0
-4.61788,-0.34304,0.0
-4.61788,-0.31665,0.0
-4.61788,-0.29027,0.0
-4.61788,-0.26388,0.0
-4.61788,-0.23749,0.0
-4.61788,-0.2111,0.0
-4.61788,-0.18472,0.0
-4.61788,-0.15833,0.0
-4.61788,-0.13194,0.0
-4.61788,-0.10555,0.0
-4.61788,-0.07916,0.0
-4.61788,-0.05278,0.0
-4.61788,-0.02639,0.0
-4.61788,0,0.0
-4.61788,0.02639,0.0
-4.61788,0.05278,0.0
-4.61788,0.07916,0.0
-4.61788,0.10555,0.0
-4.61788,0.13194,0.0
-4.61788,0.15833,0.0
-4.61788,0.18472,0.0
-4.61788,0.2111,0.0
-4.61788,0.23749,0.0
-4.61788,0.26388,0.0
-4.61788,0.29027,0.0
-4.61788,0.31665,0.0
-4.61788,0.34304,0.0
-4.61788,0.36943,0.0
-4.61788,0.39582,0.0
-4.61788,0.42221,0.0
-4.61788,0.44859,0.0
-4.61788,0.47498,0.0
-4.61788,0.50137,0.0
-4.61788,0.52776,0.0
-4.61788,0.55415,0.0
-4.61788,0.58053,0.0
-4.61788,0.60692,0.0
-4.61788,0.63331,0.0
-4.59149,-0.63331,0.0
-4.59149,-0.60692,0.0
-4.59149,-0.58053,0.0
-4.59149,-0.55415,0.0
-4.59149,-0.52776,0.0
-4.59149,-0.50137,0.0
-4.59149,-0.47498,0.0
-4.59149,-0.44859,0.0
-4.59149,-0.42221,0.0
-4.59149,-0.39582,0.0
-4.59149,-0.36943,0.0
-4.59149,-0.34304,0.0
-4.59149,-0.31665,0.0
-4.59149,-0.29027,0.0
-4.59149,-0.26388,0.0
-4.59149,-0.23749,0.0
-4.59149,-0.2111,0.0
-4.59149,-0.18472,0.0
-4.59149,-0.15833,0.0
-4.59149,-0.13194,0.0
-4.59149,-0.10555,0.0
-4.59149,-0.07916,0.0
-4.59149,-0.05278,0.0
-4.59149,-0.02639,0.0
-4.59149,0,0.0
-4.59149,0.02639,0.0
-4.59149,0.05278,0.0
-4.59149,0.07916,0.0
-4.59149,0.10555,0.0
-4.59149,0.13194,0.0
-4.59149,0.15833,0.0
-4.59149,0.18472,0.0
-4.59149,0.2111,0.0
-4.59149,0.23749,0.0
-4.59149,0.26388,0.0
-4.59149,0.29027,0.0
-4.59149,0.31665,0.0
-4.59149,0.34304,0.0
-4.59149,0.36943,0.0
-4.59149,0.39582,0.0
-4.59149,0.42221,0.0
-4.59149,0.44859,0.0
-4.59149,0.47498,0.0
-4.59149,0.50137,0.0
-4.59149,0.52776,0.0
-4.59149,0.55415,0.0
-4.59149,0.58053,0.0
-4.59149,0.60692,0.0
-4.59149,0.63331,0.0
-4.56511,-0.63331,0.0
-4.56511,-0.60692,0.0
-4.56511,-0.58053,0.0
-4.56511,-0.55415,0.0
-4.56511,-0.52776,0.0
-4.56511,-0.50137,0.0
-4.56511,-0.47498,0.0
-4.56511,-0.44859,0.0
-4.56511,-0.42221,0.0
-4.56511,-0.39582,0.0
-4.56511,-0.36943,0.0
-4.56511,-0.34304,0.0
-4.56511,-0.31665,0.0
-4.56511,-0.29027,0.0
-4.56511,-0.26388,0.0
-4.56511,-0.23749,0.0
-4.56511,-0.2111,0.0
-4.56511,-0.18472,0.0
-4.56511,-0.15833,0.0
-4.56511,-0.13194,0.0
-4.56511,-0.10555,0.0
-4.56511,-0.07916,0.0
-4.56511,-0.05278,0.0
-4.56511,-0.02639,0.0
-4.56511,0,0.0
-4.56511,0.02639,0.0
-4.56511,0.05278,0.0
-4.56511,0.07916,0.0
-4.56511,0.10555,0.0
-4.56511,0.13194,0.0
-4.56511,0.15833,0.0
-4.56511,0.18472,0.0
-4.56511,0.2111,0.0
-4.56511,0.23749,0.0
-4.56511,0.26388,0.0
-4.56511,0.29027,0.0
-4.56511,0.31665,0.0
-4.56511,0.34304,0.0
-4.56511,0.36943,0.0
-4.56511,0.39582,0.0
-4.56511,0.42221,0.0
-4.56511,0.44859,0.0
-4.56511,0.47498,0.0
-4.56511,0.50137,0.0
-4.56511,0.52776,0.0
-4.56511,0.55415,0.0
-4.56511,0.58053,0.0
-4.56511,0.60692,0.0
-4.56511,0.63331,0.0
-4.53872,-0.63331,0.0
-4.53872,-0.60692,0.0
-4.53872,-0.58053,0.0
-4.53872,-0.55415,0.0
-4.53872,-0.52776,0.0
-4.53872,-0.50137,0.0
-4.53872,-0.47498,0.0
-4.53872,-0.44859,0.0
-4.53872,-0.42221,0.0
-4.53872,-0.39582,0.0
-4.53872,-0.36943,0.0
-4.53872,-0.34304,0.0
-4.53872,-0.31665,0.0
-4.53872,-0.29027,0.0
-4.53872,-0.26388,0.0
-4.53872,-0.23749,0.0
-4.53872,-0.2111,0.0
-4.53872,-0.18472,0.0
-4.53872,-0.15833,0.0
-4.53872,-0.13194,0.0
-4.53872,-0.10555,0.0
-4.53872,-0.07916,0.0
-4.53872,-0.05278,0.0
-4.53872,-0.02639,0.0
-4.53872,0,0.0
-4.53872,0.02639,0.0
-4.53872,0.05278,0.0
-4.53872,0.07916,0.0
-4.53872,0.10555,0.0
-4.53872,0.13194,0.0
-4.53872,0.15833,0.0
-4.53872,0.18472,0.0
-4.53872,0.2111,0.0
-4.53872,0.23749,0.0
-4.53872,0.26388,0.0
-4.53872,0.29027,0.0
-4.53872,0.31665,0.0
-4.53872,0.34304,0.0
-4.53872,0.36943,0.0
-4.53872,0.39582,0.0
-4.53872,0.42221,0.0
-4.53872,0.44859,0.0
-4.53872,0.47498,0.0
-4.53872,0.50137,0.0
-4.53872,0.52776,0.0
-4.53872,0.55415,0.0
-4.53872,0.58053,0.0
-4.53872,0.60692,0.0
-4.53872,0.63331,0.0
-4.51233,-0.63331,0.0
-4.51233,-0.60692,0.0
-4.51233,-0.58053,0.0
-4.51233,-0.55415,0.0
-4.51233,-0.52776,0.0
-4.51233,-0.50137,0.0
-4.51233,-0.47498,0.0
-4.51233,-0.44859,0.0
-4.51233,-0.42221,0.0
-4.51233,-0.39582,0.0
-4.51233,-0.36943,0.0
-4.51233,-0.34304,0.0
-4.51233,-0.31665,0.0
-4.51233,-0.29027,0.0
-4.51233,-0.26388,0.0
-4.51233,-0.23749,0.0
-4.51233,-0.2111,0.0
-4.51233,-0.18472,0.0
-4.51233,-0.15833,0.0
-4.51233,-0.13194,0.0
-4.51233,-0.10555,0.0
-4.51233,-0.07916,0.0
-4.51233,-0.05278,0.0
-4.51233,-0.02639,0.0
-4.51233,0,0.0
-4.51233,0.02639,0.0
-4.51233,0.05278,0.0
-4.51233,0.07916,0.0
-4.51233,0.10555,0.0
-4.51233,0.13194,0.0
-4.51233,0.15833,0.0
-4.51233,0.18472,0.0
-4.51233,0.2111,0.0
-4.51233,0.23749,0.0
-4.51233,0.26388,0.0
-4.51233,0.29027,0.0
-4.51233,0.31665,0.0
-4.51233,0.34304,0.0
-4.51233,0.36943,0.0
-4.51233,0.39582,0.0
-4.51233,0.42221,0.0
-4.51233,0.44859,0.0
-4.51233,0.47498,0.0
-4.51233,0.50137,0.0
-4.51233,0.52776,0.0
-4.51233,0.55415,0.0
-4.51233,0.58053,0.0
-4.51233,0.60692,0.0
-4.51233,0.63331,0.0
-4.48594,-0.63331,0.0
-4.48594,-0.60692,0.0
-4.48594,-0.58053,0.0
-4.48594,-0.55415,0.0
-4.48594,-0.52776,0.0
-4.48594,-0.50137,0.0
-4.48594,-0.47498,0.0
-4.48594,-0.44859,0.0
-4.48594,-0.42221,0.0
-4.48594,-0.39582,0.0
-4.48594,-0.36943,0.0
-4.48594,-0.34304,0.0
-4.48594,-0.31665,0.0
-4.48594,-0.29027,0.0
-4.48594,-0.26388,0.0
-4.48594,-0.23749,0.0
-4.48594,-0.2111,0.0
-4.48594,-0.18472,0.0
-4.48594,-0.15833,0.0
-4.48594,-0.13194,0.0
-4.48594,-0.10555,0.0
-4.48594,-0.07916,0.0
-4.48594,-0.05278,0.0
-4.48594,-0.02639,0.0
-4.48594,0,0.0
-4.48594,0.02639,0.0
-4.48594,0.05278,0.0
-4.48594,0.07916,0.0
-4.48594,0.10555,0.0
-4.48594,0.13194,0.0
-4.48594,0.15833,0.0
-4.48594,0.18472,0.0
-4.48594,0.2111,0.0
-4.48594,0.23749,0.0
-4.48594,0.26388,0.0
-4.48594,0.29027,0.0
-4.48594,0.31665,0.0
-4.48594,0.34304,0.0
-4.48594,0.36943,0.0
-4.48594,0.39582,0.0
-4.48594,0.42221,0.0
-4.48594,0.44859,0.0
-4.48594,0.47498,0.0
-4.48594,0.50137,0.0
-4.48594,0.52776,0.0
-4.48594,0.55415,0.0
-4.48594,0.58053,0.0
-4.48594,0.60692,0.0
-4.48594,0.63331,0.0
-4.45956,-0.63331,0.0
-4.45956,-0.60692,0.0
-4.45956,-0.58053,0.0
-4.45956,-0.55415,0.0
-4.45956,-0.52776,0.0
-4.45956,-0.50137,0.0
-4.45956,-0.47498,0.0
-4.45956,-0.44859,0.0
-4.45956,-0.42221,0.0
-4.45956,-0.39582,0.0
-4.45956,-0.36943,0.0
-4.45956,-0.34304,0.0
-4.45956,-0.31665,0.0
-4.45956,-0.29027,0.0
-4.45956,-0.26388,0.0
-4.45956,-0.23749,0.0
-4.45956,-0.2111,0.0
-4.45956,-0.18472,0.0
-4.45956,-0.15833,0.0
-4.45956,-0.13194,0.0
-4.45956,-0.10555,0.0
-4.45956,-0.07916,0.0
-4.45956,-0.05278,0.0
-4.45956,-0.02639,0.0
-4.45956,0,0.0
-4.45956,0.02639,0.0
-4.45956,0.05278,0.0
-4.45956,0.07916,0.0
-4.45956,0.10555,0.0
-4.45956,0.13194,0.0
-4.45956,0.15833,0.0
-4.45956,0.18472,0.0
-4.45956,0.2111,0.0
-4.45956,0.23749,0.0
-4.45956,0.26388,0.0
-4.45956,0.29027,0.0
-4.45956,0.31665,0.0
-4.45956,0.34304,0.0
-4.45956,0.36943,0.0
-4.45956,0.39582,0.0
-4.45956,0.42221,0.0
-4.45956,0.44859,0.0
-4.45956,0.47498,0.0
-4.45956,0.50137,0.0
-4.45956,0.52776,0.0
-4.45956,0.55415,0.0
-4.45956,0.58053,0.0
-4.45956,0.60692,0.0
-4.45956,0.63331,0.0
-4.43317,-0.63331,0.0
-4.43317,-0.60692,0.0
-4.43317,-0.58053,0.0
-4.43317,-0.55415,0.0
-4.43317,-0.52776,0.0
-4.43317,-0.50137,0.0
-4.43317,-0.47498,0.0
-4.43317,-0.44859,0.0
-4.43317,-0.42221,0.0
-4.43317,-0.39582,0.0
-4.43317,-0.36943,0.0
-4.43317,-0.34304,0.0
-4.43317,-0.31665,0.0
-4.43317,-0.29027,0.0
-4.43317,-0.26388,0.0
-4.43317,-0.23749,0.0
-4.43317,-0.2111,0.0
-4.43317,-0.18472,0.0
-4.43317,-0.15833,0.0
-4.43317,-0.13194,0.0
-4.43317,-0.10555,0.0
-4.43317,-0.07916,0.0
-4.43317,-0.05278,0.0
-4.43317,-0.02639,0.0
-4.43317,0,0.0
-4.43317,0.02639,0.0
-4.43317,0.05278,0.0
-4.43317,0.07916,0.0
-4.43317,0.10555,0.0
-4.43317,0.13194,0.0
-4.43317,0.15833,0.0
-4.43317,0.18472,0.0
-4.43317,0.2111,0.0
-4.43317,0.23749,0.0
-4.43317,0.26388,0.0
-4.43317,0.29027,0.0
-4.43317,0.31665,0.0
-4.43317,0.34304,0.0
-4.43317,0.36943,0.0
-4.43317,0.39582,0.0
-4.43317,0.42221,0.0
-4.43317,0.44859,0.0
-4.43317,0.47498,0.0
-4.43317,0.50137,0.0
-4.43317,0.52776,0.0
-4.43317,0.55415,0.0
-4.43317,0.58053,0.0
-4.43317,0.60692,0.0
-4.43317,0.63331,0.0
-4.40678,-0.63331,0.0
-4.40678,-0.60692,0.0
-4.40678,-0.58053,0.0
-4.40678,-0.55415,0.0
-4.40678,-0.52776,0.0
-4.40678,-0.50137,0.0
-4.40678,-0.47498,0.0
-4.40678,-0.44859,0.0
-4.40678,-0.42221,0.0
-4.40678,-0.39582,0.0
-4.40678,-0.36943,0.0
-4.40678,-0.34304,0.0
-4.40678,-0.31665,0.0
-4.40678,-0.29027,0.0
-4.40678,-0.26388,0.0
-4.40678,-0.23749,0.0
-4.40678,-0.2111,0.0
-4.40678,-0.18472,0.0
-4.40678,-0.15833,0.0
-4.40678,-0.13194,0.0
-4.40678,-0.10555,0.0
-4.40678,-0.07916,0.0
-4.40678,-0.05278,0.0
-4.40678,-0.02639,0.0
-4.40678,0,0.0
-4.40678,0.02639,0.0
-4.40678,0.05278,0.0
-4.40678,0.07916,0.0
-4.40678,0.10555,0.0
-4.40678,0.13194,0.0
-4.40678,0.15833,0.0
-4.40678,0.18472,0.0
-4.40678,0.2111,0.0
-4.40678,0.23749,0.0
-4.40678,0.26388,0.0
-4.40678,0.29027,0.0
-4.40678,0.31665,0.0
-4.40678,0.34304,0.0
-4.40678,0.36943,0.0
-4.40678,0.39582,0.0
-4.40678,0.42221,0.0
-4.40678,0.44859,0.0
-4.40678,0.47498,0.0
-4.40678,0.50137,0.0
-4.40678,0.52776,0.0
-4.40678,0.55415,0.0
-4.40678,0.58053,0.0
-4.40678,0.60692,0.0
-4.40678,0.63331,0.0
-4.38039,-0.63331,0.0
-4.38039,-0.60692,0.0
-4.38039,-0.58053,0.0
-4.38039,-0.55415,0.0
-4.38039,-0.52776,0.0
-4.38039,-0.50137,0.0
-4.38039,-0.47498,0.0
-4.38039,-0.44859,0.0
-4.38039,-0.42221,0.0
-4.38039,-0.39582,0.0
-4.38039,-0.36943,0.0
-4.38039,-0.34304,0.0
-4.38039,-0.31665,0.0
-4.38039,-0.29027,0.0
-4.38039,-0.26388,0.0
-4.38039,-0.23749,0.0
-4.38039,-0.2111,0.0
-4.38039,-0.18472,0.0
-4.38039,-0.15833,0.0
-4.38039,-0.13194,0.0
-4.38039,-0.10555,0.0
-4.38039,-0.07916,0.0
-4.38039,-0.05278,0.0
-4.38039,-0.02639,0.0
-4.38039,0,0.0
-4.38039,0.02639,0.0
-4.38039,0.05278,0.0
-4.38039,0.07916,0.0
-4.38039,0.10555,0.0
-4.38039,0.13194,0.0
-4.38039,0.15833,0.0
-4.38039,0.18472,0.0
-4.38039,0.2111,0.0
-4.38039,0.23749,0.0
-4.38039,0.26388,0.0
-4.38039,0.29027,0.0
-4.38039,0.31665,0.0
-4.38039,0.34304,0.0
-4.38039,0.36943,0.0
-4.38039,0.39582,0.0
-4.38039,0.42221,0.0
-4.38039,0.44859,0.0
-4.38039,0.47498,0.0
-4.38039,0.50137,0.0
-4.38039,0.52776,0.0
-4.38039,0.55415,0.0
-4.38039,0.58053,0.0
-4.38039,0.60692,0.0
-4.38039,0.63331,0.0
-4.354,-0.63331,0.0
-4.354,-0.60692,0.0
-4.354,-0.58053,0.0
-4.354,-0.55415,0.0
-4.354,-0.52776,0.0
-4.354,-0.50137,0.0
-4.354,-0.47498,0.0
-4.354,-0.44859,0.0
-4.354,-0.42221,0.0
-4.354,-0.39582,0.0
-4.354,-0.36943,0.0
-4.354,-0.34304,0.0
-4.354,-0.31665,0.0
-4.354,-0.29027,0.0
-4.354,-0.26388,0.0
-4.354,-0.23749,0.0
-4.354,-0.2111,0.0
-4.354,-0.18472,0.0
-4.354,-0.15833,0.0
-4.354,-0.13194,0.0
-4.354,-0.10555,0.0
-4.354,-0.07916,0.0
-4.354,-0.05278,0.0
-4.354,-0.02639,0.0
-4.354,0,0.0
-4.354,0.02639,0.0
-4.354,0.05278,0.0
-4.354,0.07916,0.0
-4.354,0.10555,0.0
-4.354,0.13194,0.0
-4.354,0.15833,0.0
-4.354,0.18472,0.0
-4.354,0.2111,0.0
-4.354,0.23749,0.0
-4.354,0.26388,0.0
-4.354,0.29027,0.0
-4.354,0.31665,0.0
-4.354,0.34304,0.0
-4.354,0.36943,0.0
-4.354,0.39582,0.0
-4.354,0.42221,0.0
-4.354,0.44859,0.0
-4.354,0.47498,0.0
-4.354,0.50137,0.0
-4.354,0.52776,0.0
-4.354,0.55415,0.0
-4.354,0.58053,0.0
-4.354,0.60692,0.0
-4.354,0.63331,0.0
-4.32762,-0.63331,0.0
-4.32762,-0.60692,0.0
-4.32762,-0.58053,0.0
-4.32762,-0.55415,0.0
-4.32762,-0.52776,0.0
-4.32762,-0.50137,0.0
-4.32762,-0.47498,0.0
-4.32762,-0.44859,0.0
-4.32762,-0.42221,0.0
-4.32762,-0.39582,0.0
-4.32762,-0.36943,0.0
-4.32762,-0.34304,0.0
-4.32762,-0.31665,0.0
-4.32762,-0.29027,0.0
-4.32762,-0.26388,0.0
-4.32762,-0.23749,0.0
-4.32762,-0.2111,0.0
-4.32762,-0.18472,0.0
-4.32762,-0.15833,0.0
-4.32762,-0.13194,0.0
-4.32762,-0.10555,0.0
-4.32762,-0.07916,0.0
-4.32762,-0.05278,0.0
-4.32762,-0.02639,0.0
-4.32762,0,0.0
-4.32762,0.02639,0.0
-4.32762,0.05278,0.0
-4.32762,0.07916,0.0
-4.32762,0.10555,0.0
-4.32762,0.13194,0.0
-4.32762,0.15833,0.0
-4.32762,0.18472,0.0
-4.32762,0.2111,0.0
-4.32762,0.23749,0.0
-4.32762,0.26388,0.0
-4.32762,0.29027,0.0
-4.32762,0.31665,0.0
-4.32762,0.34304,0.0
-4.32762,0.36943,0.0
-4.32762,0.39582,0.0
-4.32762,0.42221,0.0
-4.32762,0.44859,0.0
-4.32762,0.47498,0.0
-4.32762,0.50137,0.0
-4.32762,0.52776,0.0
-4.32762,0.55415,0.0
-4.32762,0.58053,0.0
-4.32762,0.60692,0.0
-4.32762,0.63331,0.0
-4.30123,-0.63331,0.0
-4.30123,-0.60692,0.0
-4.30123,-0.58053,0.0
-4.30123,-0.55415,0.0
-4.30123,-0.52776,0.0
-4.30123,-0.50137,0.0
-4.30123,-0.47498,0.0
-4.30123,-0.44859,0.0
-4.30123,-0.42221,0.0
-4.30123,-0.39582,0.0
-4.30123,-0.36943,0.0
-4.30123,-0.34304,0.0
-4.30123,-0.31665,0.0
-4.30123,-0.29027,0.0
-4.30123,-0.26388,0.0
-4.30123,-0.23749,0.0
-4.30123,-0.2111,0.0
-4.30123,-0.18472,0.0
-4.30123,-0.15833,0.0
-4.30123,-0.13194,0.0
-4.30123,-0.10555,0.0
-4.30123,-0.07916,0.0
-4.30123,-0.05278,0.0
-4.30123,-0.02639,0.0
-4.30123,0,0.0
-4.30123,0.02639,0.0
-4.30123,0.05278,0.0
-4.30123,0.07916,0.0
-4.30123,0.10555,0.0
-4.30123,0.13194,0.0
-4.30123,0.15833,0.0
-4.30123,0.18472,0.0
-4.30123,0.2111,0.0
-4.30123,0.23749,0.0
-4.30123,0.26388,0.0
-4.30123,0.29027,0.0
-4.30123,0.31665,0.0
-4.30123,0.34304,0.0
-4.30123,0.36943,0.0
-4.30123,0.39582,0.0
-4.30123,0.42221,0.0
-4.30123,0.44859,0.0
-4.30123,0.47498,0.0
-4.30123,0.50137,0.0
-4.30123,0.52776,0.0
-4.30123,0.55415,0.0
-4.30123,0.58053,0.0
-4.30123,0.60692,0.0
-4.30123,0.63331,0.0
-4.27484,-0.63331,0.0
-4.27484,-0.60692,0.0
-4.27484,-0.58053,0.0
-4.27484,-0.55415,0.0
-4.27484,-0.52776,0.0
-4.27484,-0.50137,0.0
-4.27484,-0.47498,0.0
-4.27484,-0.44859,0.0
-4.27484,-0.42221,0.0
-4.27484,-0.39582,0.0
-4.27484,-0.36943,0.0
-4.27484,-0.34304,0.0
-4.27484,-0.31665,0.0
-4.27484,-0.29027,0.0
-4.27484,-0.26388,0.0
-4.27484,-0.23749,0.0
-4.27484,-0.2111,0.0
-4.27484,-0.18472,0.0
-4.27484,-0.15833,0.0
-4.27484,-0.13194,0.0
-4.27484,-0.10555,0.0
-4.27484,-0.07916,0.0
-4.27484,-0.05278,0.0
-4.27484,-0.02639,0.0
-4.27484,0,0.0
-4.27484,0.02639,0.0
-4.27484,0.05278,0.0
-4.27484,0.07916,0.0
-4.27484,0.10555,0.0
-4.27484,0.13194,0.0
-4.27484,0.15833,0.0
-4.27484,0.18472,0.0
-4.27484,0.2111,0.0
-4.27484,0.23749,0.0
-4.27484,0.26388,0.0
-4.27484,0.29027,0.0
-4.27484,0.31665,0.0
-4.27484,0.34304,0.0
-4.27484,0.36943,0.0
-4.27484,0.39582,0.0
-4.27484,0.42221,0.0
-4.27484,0.44859,0.0
-4.27484,0.47498,0.0
-4.27484,0.50137,0.0
-4.27484,0.52776,0.0
-4.27484,0.55415,0.0
-4.27484,0.58053,0.0
-4.27484,0.60692,0.0
-4.27484,0.63331,0.0
-4.24845,-0.63331,0.0
-4.24845,-0.60692,0.0
-4.24845,-0.58053,0.0
-4.24845,-0.55415,0.0
-4.24845,-0.52776,0.0
-4.24845,-0.50137,0.0
-4.24845,-0.47498,0.0
-4.24845,-0.44859,0.0
-4.24845,-0.42221,0.0
-4.24845,-0.39582,0.0
-4.24845,-0.36943,0.0
-4.24845,-0.34304,0.0
-4.24845,-0.31665,0.0
-4.24845,-0.29027,0.0
-4.24845,-0.26388,0.0
-4.24845,-0.23749,0.0
-4.24845,-0.2111,0.0
-4.24845,-0.18472,0.0
-4.24845,-0.15833,0.0
-4.24845,-0.13194,0.0
-4.24845,-0.10555,0.0
-4.24845,-0.07916,0.0
-4.24845,-0.05278,0.0
-4.24845,-0.02639,0.0
-4.24845,0,0.0
-4.24845,0.02639,0.0
-4.24845,0.05278,0.0
-4.24845,0.07916,0.0
-4.24845,0.10555,0.0
-4.24845,0.13194,0.0
-4.24845,0.15833,0.0
-4.24845,0.18472,0.0
-4.24845,0.2111,0.0
-4.24845,0.23749,0.0
-4.24845,0.26388,0.0
-4.24845,0.29027,0.0
-4.24845,0.31665,0.0
-4.24845,0.34304,0.0
-4.24845,0.36943,0.0
-4.24845,0.39582,0.0
-4.24845,0.42221,0.0
-4.24845,0.44859,0.0
-4.24845,0.47498,0.0
-4.24845,0.50137,0.0
-4.24845,0.52776,0.0
-4.24845,0.55415,0.0
-4.24845,0.58053,0.0
-4.24845,0.60692,0.0
-4.24845,0.63331,0.0
-4.22206,-0.63331,0.0
-4.22206,-0.60692,0.0
-4.22206,-0.58053,0.0
-4.22206,-0.55415,0.0
-4.22206,-0.52776,0.0
-4.22206,-0.50137,0.0
-4.22206,-0.47498,0.0
-4.22206,-0.44859,0.0
-4.22206,-0.42221,0.0
-4.22206,-0.39582,0.0
-4.22206,-0.36943,0.0
-4.22206,-0.34304,0.0
-4.22206,-0.31665,0.0
-4.22206,-0.29027,0.0
-4.22206,-0.26388,0.0
-4.22206,-0.23749,0.0
-4.22206,-0.2111,0.0
-4.22206,-0.18472,0.0
-4.22206,-0.15833,0.0
-4.22206,-0.13194,0.0
-4.22206,-0.10555,0.0
-4.22206,-0.07916,0.0
-4.22206,-0.05278,0.0
-4.22206,-0.02639,0.0
-4.22206,0,0.0
-4.22206,0.02639,0.0
-4.22206,0.05278,0.0
-4.22206,0.07916,0.0
-4.22206,0.10555,0.0
-4.22206,0.13194,0.0
-4.22206,0.15833,0.0
-4.22206,0.18472,0.0
-4.22206,0.2111,0.0
-4.22206,0.23749,0.0
-4.22206,0.26388,0.0
-4.22206,0.29027,0.0
-4.22206,0.31665,0.0
-4.22206,0.34304,0.0
-4.22206,0.36943,0.0
-4.22206,0.39582,0.0
-4.22206,0.42221,0.0
-4.22206,0.44859,0.0
-4.22206,0.47498,0.0
-4.22206,0.50137,0.0
-4.22206,0.52776,0.0
-4.22206,0.55415,0.0
-4.22206,0.58053,0.0
-4.22206,0.60692,0.0
-4.22206,0.63331,0.0
-4.19568,-0.63331,0.0
-4.19568,-0.60692,0.0
-4.19568,-0.58053,0.0
-4.19568,-0.55415,0.0
-4.19568,-0.52776,0.0
-4.19568,-0.50137,0.0
-4.19568,-0.47498,0.0
-4.19568,-0.44859,0.0
-4.19568,-0.42221,0.0
-4.19568,-0.39582,0.0
-4.19568,-0.36943,0.0
-4.19568,-0.34304,0.0
-4.19568,-0.31665,0.0
-4.19568,-0.29027,0.0
-4.19568,-0.26388,0.0
-4.19568,-0.23749,0.0
-4.19568,-0.2111,0.0
-4.19568,-0.18472,0.0
-4.19568,-0.15833,0.0
-4.19568,-0.13194,0.0
-4.19568,-0.10555,0.0
-4.19568,-0.07916,0.0
-4.19568,-0.05278,0.0
-4.19568,-0.02639,0.0
-4.19568,0,0.0
-4.19568,0.02639,0.0
-4.19568,0.05278,0.0
-4.19568,0.07916,0.0
-4.19568,0.10555,0.0
-4.19568,0.13194,0.0
-4.19568,0.15833,0.0
-4.19568,0.18472,0.0
-4.19568,0.2111,0.0
-4.19568,0.23749,0.0
-4.19568,0.26388,0.0
-4.19568,0.29027,0.0
-4.19568,0.31665,0.0
-4.19568,0.34304,0.0
-4.19568,0.36943,0.0
-4.19568,0.39582,0.0
-4.19568,0.42221,0.0
-4.19568,0.44859,0.0
-4.19568,0.47498,0.0
-4.19568,0.50137,0.0
-4.19568,0.52776,0.0
-4.19568,0.55415,0.0
-4.19568,0.58053,0.0
-4.19568,0.60692,0.0
-4.19568,0.63331,0.0
-4.16929,-0.63331,0.0
-4.16929,-0.60692,0.0
-4.16929,-0.58053,0.0
-4.16929,-0.55415,0.0
-4.16929,-0.52776,0.0
-4.16929,-0.50137,0.0
-4.16929,-0.47498,0.0
-4.16929,-0.44859,0.0
-4.16929,-0.42221,0.0
-4.16929,-0.39582,0.0
-4.16929,-0.36943,0.0
-4.16929,-0.34304,0.0
-4.16929,-0.31665,0.0
-4.16929,-0.29027,0.0
-4.16929,-0.26388,0.0
-4.16929,-0.23749,0.0
-4.16929,-0.2111,0.0
-4.16929,-0.18472,0.0
-4.16929,-0.15833,0.0
-4.16929,-0.13194,0.0
-4.16929,-0.10555,0.0
-4.16929,-0.07916,0.0
-4.16929,-0.05278,0.0
-4.16929,-0.02639,0.0
-4.16929,0,0.0
-4.16929,0.02639,0.0
-4.16929,0.05278,0.0
-4.16929,0.07916,0.0
-4.16929,0.10555,0.0
-4.16929,0.13194,0.0
-4.16929,0.15833,0.0
-4.16929,0.18472,0.0
-4.16929,0.2111,0.0
-4.16929,0.23749,0.0
-4.16929,0.26388,0.0
-4.16929,0.29027,0.0
-4.16929,0.31665,0.0
-4.16929,0.34304,0.0
-4.16929,0.36943,0.0
-4.16929,0.39582,0.0
-4.16929,0.42221,0.0
-4.16929,0.44859,0.0
-4.16929,0.47498,0.0
-4.16929,0.50137,0.0
-4.16929,0.52776,0.0
-4.16929,0.55415,0.0
-4.16929,0.58053,0.0
-4.16929,0.60692,0.0
-4.16929,0.63331,0.0
-4.1429,-0.63331,0.0
-4.1429,-0.60692,0.0
-4.1429,-0.58053,0.0
-4.1429,-0.55415,0.0
-4.1429,-0.52776,0.0
-4.1429,-0.50137,0.0
-4.1429,-0.47498,0.0
-4.1429,-0.44859,0.0
-4.1429,-0.42221,0.0
-4.1429,-0.39582,0.0
-4.1429,-0.36943,0.0
-4.1429,-0.34304,0.0
-4.1429,-0.31665,0.0
-4.1429,-0.29027,0.0
-4.1429,-0.26388,0.0
-4.1429,-0.23749,0.0
-4.1429,-0.2111,0.0
-4.1429,-0.18472,0.0
-4.1429,-0.15833,0.0
-4.1429,-0.13194,0.0
-4.1429,-0.10555,0.0
-4.1429,-0.07916,0.0
-4.1429,-0.05278,0.0
-4.1429,-0.02639,0.0
-4.1429,0,0.0
-4.1429,0.02639,0.0
-4.1429,0.05278,0.0
-4.1429,0.07916,0.0
-4.1429,0.10555,0.0
-4.1429,0.13194,0.0
-4.1429,0.15833,0.0
-4.1429,0.18472,0.0
-4.1429,0.2111,0.0
-4.1429,0.23749,0.0
-4.1429,0.26388,0.0
-4.1429,0.29027,0.0
-4.1429,0.31665,0.0
-4.1429,0.34304,0.0
-4.1429,0.36943,0.0
-4.1429,0.39582,0.0
-4.1429,0.42221,0.0
-4.1429,0.44859,0.0
-4.1429,0.47498,0.0
-4.1429,0.50137,0.0
-4.1429,0.52776,0.0
-4.1429,0.55415,0.0
-4.1429,0.58053,0.0
-4.1429,0.60692,0.0
-4.1429,0.63331,0.0
-4.11651,-0.63331,0.0
-4.11651,-0.60692,0.0
-4.11651,-0.58053,0.0
-4.11651,-0.55415,0.0
-4.11651,-0.52776,0.0
-4.11651,-0.50137,0.0
-4.11651,-0.47498,0.0
-4.11651,-0.44859,0.0
-4.11651,-0.42221,0.0
-4.11651,-0.39582,0.0
-4.11651,-0.36943,0.0
-4.11651,-0.34304,0.0
-4.11651,-0.31665,0.0
-4.11651,-0.29027,0.0
-4.11651,-0.26388,0.0
-4.11651,-0.23749,0.0
-4.11651,-0.2111,0.0
-4.11651,-0.18472,0.0
-4.11651,-0.15833,0.0
-4.11651,-0.13194,0.0
-4.11651,-0.10555,0.0
-4.11651,-0.07916,0.0
-4.11651,-0.05278,0.0
-4.11651,-0.02639,0.0
-4.11651,0,0.0
-4.11651,0.02639,0.0
-4.11651,0.05278,0.0
-4.11651,0.07916,0.0
-4.11651,0.10555,0.0
-4.11651,0.13194,0.0
-4.11651,0.15833,0.0
-4.11651,0.18472,0.0
-4.11651,0.2111,0.0
-4.11651,0.23749,0.0
-4.11651,0.26388,0.0
-4.11651,0.29027,0.0
-4.11651,0.31665,0.0
-4.11651,0.34304,0.0
-4.11651,0.36943,0.0
-4.11651,0.39582,0.0
-4.11651,0.42221,0.0
-4.11651,0.44859,0.0
-4.11651,0.47498,0.0
-4.11651,0.50137,0.0
-4.11651,0.52776,0.0
-4.11651,0.55415,0.0
-4.11651,0.58053,0.0
-4.11651,0.60692,0.0
-4.11651,0.63331,0.0
-4.09012,-0.63331,0.0
-4.09012,-0.60692,0.0
-4.09012,-0.58053,0.0
-4.09012,-0.55415,0.0
-4.09012,-0.52776,0.0
-4.09012,-0.50137,0.0
-4.09012,-0.47498,0.0
-4.09012,-0.44859,0.0
-4.09012,-0.42221,0.0
-4.09012,-0.39582,0.0
-4.09012,-0.36943,0.0
-4.09012,-0.34304,0.0
-4.09012,-0.31665,0.0
-4.09012,-0.29027,0.0
-4.09012,-0.26388,0.0
-4.09012,-0.23749,0.0
-4.09012,-0.2111,0.0
-4.09012,-0.18472,0.0
-4.09012,-0.15833,0.0
-4.09012,-0.13194,0.0
-4.09012,-0.10555,0.0
-4.09012,-0.07916,0.0
-4.09012,-0.05278,0.0
-4.09012,-0.02639,0.0
-4.09012,0,0.0
-4.09012,0.02639,0.0
-4.09012,0.05278,0.0
-4.09012,0.07916,0.0
-4.09012,0.10555,0.0
-4.09012,0.13194,0.0
-4.09012,0.15833,0.0
-4.09012,0.18472,0.0
-4.09012,0.2111,0.0
-4.09012,0.23749,0.0
-4.09012,0.26388,0.0
-4.09012,0.29027,0.0
-4.09012,0.31665,0.0
-4.09012,0.34304,0.0
-4.09012,0.36943,0.0
-4.09012,0.39582,0.0
-4.09012,0.42221,0.0
-4.09012,0.44859,0.0
-4.09012,0.47498,0.0
-4.09012,0.50137,0.0
-4.09012,0.52776,0.0
-4.09012,0.55415,0.0
-4.09012,0.58053,0.0
-4.09012,0.60692,0.0
-4.09012,0.63331,0.0
-4.06374,-0.63331,0.0
-4.06374,-0.60692,0.0
-4.06374,-0.58053,0.0
-4.06374,-0.55415,0.0
-4.06374,-0.52776,0.0
-4.06374,-0.50137,0.0
-4.06374,-0.47498,0.0
-4.06374,-0.44859,0.0
-4.06374,-0.42221,0.0
-4.06374,-0.39582,0.0
-4.06374,-0.36943,0.0
-4.06374,-0.34304,0.0
-4.06374,-0.31665,0.0
-4.06374,-0.29027,0.0
-4.06374,-0.26388,0.0
-4.06374,-0.23749,0.0
-4.06374,-0.2111,0.0
-4.06374,-0.18472,0.0
-4.06374,-0.15833,0.0
-4.06374,-0.13194,0.0
-4.06374,-0.10555,0.0
-4.06374,-0.07916,0.0
-4.06374,-0.05278,0.0
-4.06374,-0.02639,0.0
-4.06374,0,0.0
-4.06374,0.02639,0.0
-4.06374,0.05278,0.0
-4.06374,0.07916,0.0
-4.06374,0.10555,0.0
-4.06374,0.13194,0.0
-4.06374,0.15833,0.0
-4.06374,0.18472,0.0
-4.06374,0.2111,0.0
-4.06374,0.23749,0.0
-4.06374,0.26388,0.0
-4.06374,0.29027,0.0
-4.06374,0.31665,0.0
-4.06374,0.34304,0.0
-4.06374,0.36943,0.0
-4.06374,0.39582,0.0
-4.06374,0.42221,0.0
-4.06374,0.44859,0.0
-4.06374,0.47498,0.0
-4.06374,0.50137,0.0
-4.06374,0.52776,0.0
-4.06374,0.55415,0.0
-4.06374,0.58053,0.0
-4.06374,0.60692,0.0
-4.06374,0.63331,0.0
-4.03735,-0.63331,0.0
-4.03735,-0.60692,0.0
-4.03735,-0.58053,0.0
-4.03735,-0.55415,0.0
-4.03735,-0.52776,0.0
-4.03735,-0.50137,0.0
-4.03735,-0.47498,0.0
-4.03735,-0.44859,0.0
-4.03735,-0.42221,0.0
-4.03735,-0.39582,0.0
-4.03735,-0.36943,0.0
-4.03735,-0.34304,0.0
-4.03735,-0.31665,0.0
-4.03735,-0.29027,0.0
-4.03735,-0.26388,0.0
-4.03735,-0.23749,0.0
-4.03735,-0.2111,0.0
-4.03735,-0.18472,0.0
-4.03735,-0.15833,0.0
-4.03735,-0.13194,0.0
-4.03735,-0.10555,0.0
-4.03735,-0.07916,0.0
-4.03735,-0.05278,0.0
-4.03735,-0.02639,0.0
-4.03735,0,0.0
-4.03735,0.02639,0.0
-4.03735,0.05278,0.0
-4.03735,0.07916,0.0
-4.03735,0.10555,0.0
-4.03735,0.13194,0.0
-4.03735,0.15833,0.0
-4.03735,0.18472,0.0
-4.03735,0.2111,0.0
-4.03735,0.23749,0.0
-4.03735,0.26388,0.0
-4.03735,0.29027,0.0
-4.03735,0.31665,0.0
-4.03735,0.34304,0.0
-4.03735,0.36943,0.0
-4.03735,0.39582,0.0
-4.03735,0.42221,0.0
-4.03735,0.44859,0.0
-4.03735,0.47498,0.0
-4.03735,0.50137,0.0
-4.03735,0.52776,0.0
-4.03735,0.55415,0.0
-4.03735,0.58053,0.0
-4.03735,0.60692,0.0
-4.03735,0.63331,0.0
-4.01096,-0.63331,0.0
-4.01096,-0.60692,0.0
-4.01096,-0.58053,0.0
-4.01096,-0.55415,0.0
-4.01096,-0.52776,0.0
-4.01096,-0.50137,0.0
-4.01096,-0.47498,0.0
-4.01096,-0.44859,0.0
-4.01096,-0.42221,0.0
-4.01096,-0.39582,0.0
-4.01096,-0.36943,0.0
-4.01096,-0.34304,0.0
-4.01096,-0.31665,0.0
-4.01096,-0.29027,0.0
-4.01096,-0.26388,0.0
-4.01096,-0.23749,0.0
-4.01096,-0.2111,0.0
-4.01096,-0.18472,0.0
-4.01096,-0.15833,0.0
-4.01096,-0.13194,0.0
-4.01096,-0.10555,0.0
-4.01096,-0.07916,0.0
-4.01096,-0.05278,0.0
-4.01096,-0.02639,0.0
-4.01096,0,0.0
-4.01096,0.02639,0.0
-4.01096,0.05278,0.0
-4.01096,0.07916,0.0
-4.01096,0.10555,0.0
-4.01096,0.13194,0.0
-4.01096,0.15833,0.0
-4.01096,0.18472,0.0
-4.01096,0.2111,0.0
-4.01096,0.23749,0.0
-4.01096,0.26388,0.0
-4.01096,0.29027,0.0
-4.01096,0.31665,0.0
-4.01096,0.34304,0.0
-4.01096,0.36943,0.0
-4.01096,0.39582,0.0
-4.01096,0.42221,0.0
-4.01096,0.44859,0.0
-4.01096,0.47498,0.0
-4.01096,0.50137,0.0
-4.01096,0.52776,0.0
-4.01096,0.55415,0.0
-4.01096,0.58053,0.0
-4.01096,0.60692,0.0
-4.01096,0.63331,0.0
-3.98457,-0.63331,0.0
-3.98457,-0.60692,0.0
-3.98457,-0.58053,0.0
-3.98457,-0.55415,0.0
-3.98457,-0.52776,0.0
-3.98457,-0.50137,0.0
-3.98457,-0.47498,0.0
-3.98457,-0.44859,0.0
-3.98457,-0.42221,0.0
-3.98457,-0.39582,0.0
-3.98457,-0.36943,0.0
-3.98457,-0.34304,0.0
-3.98457,-0.31665,0.0
-3.98457,-0.29027,0.0
-3.98457,-0.26388,0.0
-3.98457,-0.23749,0.0
-3.98457,-0.2111,0.0
-3.98457,-0.18472,0.0
-3.98457,-0.15833,0.0
-3.98457,-0.13194,0.0
-3.98457,-0.10555,0.0
-3.98457,-0.07916,0.0
-3.98457,-0.05278,0.0
-3.98457,-0.02639,0.0
-3.98457,0,0.0
-3.98457,0.02639,0.0
-3.98457,0.05278,0.0
-3.98457,0.07916,0.0
-3.98457,0.10555,0.0
-3.98457,0.13194,0.0
-3.98457,0.15833,0.0
-3.98457,0.18472,0.0
-3.98457,0.2111,0.0
-3.98457,0.23749,0.0
-3.98457,0.26388,0.0
-3.98457,0.29027,0.0
-3.98457,0.31665,0.0
-3.98457,0.34304,0.0
-3.98457,0.36943,0.0
-3.98457,0.39582,0.0
-3.98457,0.42221,0.0
-3.98457,0.44859,0.0
-3.98457,0.47498,0.0
-3.98457,0.50137,0.0
-3.98457,0.52776,0.0
-3.98457,0.55415,0.0
-3.98457,0.58053,0.0
-3.98457,0.60692,0.0
-3.98457,0.63331,0.0
-3.95819,-0.63331,0.0
-3.95819,-0.60692,0.0
-3.95819,-0.58053,0.0
-3.95819,-0.55415,0.0
-3.95819,-0.52776,0.0
-3.95819,-0.50137,0.0
-3.95819,-0.47498,0.0
-3.95819,-0.44859,0.0
-3.95819,-0.42221,0.0
-3.95819,-0.39582,0.0
-3.95819,-0.36943,0.0
-3.95819,-0.34304,0.0
-3.95819,-0.31665,0.0
-3.95819,-0.29027,0.0
-3.95819,-0.26388,0.0
-3.95819,-0.23749,0.0
-3.95819,-0.2111,0.0
-3.95819,-0.18472,0.0
-3.95819,-0.15833,0.0
-3.95819,-0.13194,0.0
-3.95819,-0.10555,0.0
-3.95819,-0.07916,0.0
-3.95819,-0.05278,0.0
-3.95819,-0.02639,0.0
-3.95819,0,0.0
-3.95819,0.02639,0.0
-3.95819,0.05278,0.0
-3.95819,0.07916,0.0
-3.95819,0.10555,0.0
-3.95819,0.13194,0.0
-3.95819,0.15833,0.0
-3.95819,0.18472,0.0
-3.95819,0.2111,0.0
-3.95819,0.23749,0.0
-3.95819,0.26388,0.0
-3.95819,0.29027,0.0
-3.95819,0.31665,0.0
-3.95819,0.34304,0.0
-3.95819,0.36943,0.0
-3.95819,0.39582,0.0
-3.95819,0.42221,0.0
-3.95819,0.44859,0.0
-3.95819,0.47498,0.0
-3.95819,0.50137,0.0
-3.95819,0.52776,0.0
-3.95819,0.55415,0.0
-3.95819,0.58053,0.0
-3.95819,0.60692,0.0
-3.95819,0.63331,0.0
-3.9318,-0.63331,0.0
-3.9318,-0.60692,0.0
-3.9318,-0.58053,0.0
-3.9318,-0.55415,0.0
-3.9318,-0.52776,0.0
-3.9318,-0.50137,0.0
-3.9318,-0.47498,0.0
-3.9318,-0.44859,0.0
-3.9318,-0.42221,0.0
-3.9318,-0.39582,0.0
-3.9318,-0.36943,0.0
-3.9318,-0.34304,0.0
-3.9318,-0.31665,0.0
-3.9318,-0.29027,0.0
-3.9318,-0.26388,0.0
-3.9318,-0.23749,0.0
-3.9318,-0.2111,0.0
-3.9318,-0.18472,0.0
-3.9318,-0.15833,0.0
-3.9318,-0.13194,0.0
-3.9318,-0.10555,0.0
-3.9318,-0.07916,0.0
-3.9318,-0.05278,0.0
-3.9318,-0.02639,0.0
-3.9318,0,0.0
-3.9318,0.02639,0.0
-3.9318,0.05278,0.0
-3.9318,0.07916,0.0
-3.9318,0.10555,0.0
-3.9318,0.13194,0.0
-3.9318,0.15833,0.0
-3.9318,0.18472,0.0
-3.9318,0.2111,0.0
-3.9318,0.23749,0.0
-3.9318,0.26388,0.0
-3.9318,0.29027,0.0
-3.9318,0.31665,0.0
-3.9318,0.34304,0.0
-3.9318,0.36943,0.0
-3.9318,0.39582,0.0
-3.9318,0.42221,0.0
-3.9318,0.44859,0.0
-3.9318,0.47498,0.0
-3.9318,0.50137,0.0
-3.9318,0.52776,0.0
-3.9318,0.55415,0.0
-3.9318,0.58053,0.0
-3.9318,0.60692,0.0
-3.9318,0.63331,0.0
-3.90541,-0.63331,0.0
-3.90541,-0.60692,0.0
-3.90541,-0.58053,0.0
-3.90541,-0.55415,0.0
-3.90541,-0.52776,0.0
-3.90541,-0.50137,0.0
-3.90541,-0.47498,0.0
-3.90541,-0.44859,0.0
-3.90541,-0.42221,0.0
-3.90541,-0.39582,0.0
-3.90541,-0.36943,0.0
-3.90541,-0.34304,0.0
-3.90541,-0.31665,0.0
-3.90541,-0.29027,0.0
-3.90541,-0.26388,0.0
-3.90541,-0.23749,0.0
-3.90541,-0.2111,0.0
-3.90541,-0.18472,0.0
-3.90541,-0.15833,0.0
-3.90541,-0.13194,0.0
-3.90541,-0.10555,0.0
-3.90541,-0.07916,0.0
-3.90541,-0.05278,0.0
-3.90541,-0.02639,0.0
-3.90541,0,0.0
-3.90541,0.02639,0.0
-3.90541,0.05278,0.0
-3.90541,0.07916,0.0
-3.90541,0.10555,0.0
-3.90541,0.13194,0.0
-3.90541,0.15833,0.0
-3.90541,0.18472,0.0
-3.90541,0.2111,0.0
-3.90541,0.23749,0.0
-3.90541,0.26388,0.0
-3.90541,0.29027,0.0
-3.90541,0.31665,0.0
-3.90541,0.34304,0.0
-3.90541,0.36943,0.0
-3.90541,0.39582,0.0
-3.90541,0.42221,0.0
-3.90541,0.44859,0.0
-3.90541,0.47498,0.0
-3.90541,0.50137,0.0
-3.90541,0.52776,0.0
-3.90541,0.55415,0.0
-3.90541,0.58053,0.0
-3.90541,0.60692,0.0
-3.90541,0.63331,0.0
-3.87902,-0.63331,0.0
-3.87902,-0.60692,0.0
-3.87902,-0.58053,0.0
-3.87902,-0.55415,0.0
-3.87902,-0.52776,0.0
-3.87902,-0.50137,0.0
-3.87902,-0.47498,0.0
-3.87902,-0.44859,0.0
-3.87902,-0.42221,0.0
-3.87902,-0.39582,0.0
-3.87902,-0.36943,0.0
-3.87902,-0.34304,0.0
-3.87902,-0.31665,0.0
-3.87902,-0.29027,0.0
-3.87902,-0.26388,0.0
-3.87902,-0.23749,0.0
-3.87902,-0.2111,0.0
-3.87902,-0.18472,0.0
-3.87902,-0.15833,0.0
-3.87902,-0.13194,0.0
-3.87902,-0.10555,0.0
-3.87902,-0.07916,0.0
-3.87902,-0.05278,0.0
-3.87902,-0.02639,0.0
-3.87902,0,0.0
-3.87902,0.02639,0.0
-3.87902,0.05278,0.0
-3.87902,0.07916,0.0
-3.87902,0.10555,0.0
-3.87902,0.13194,0.0
-3.87902,0.15833,0.0
-3.87902,0.18472,0.0
-3.87902,0.2111,0.0
-3.87902,0.23749,0.0
-3.87902,0.26388,0.0
-3.87902,0.29027,0.0
-3.87902,0.31665,0.0
-3.87902,0.34304,0.0
-3.87902,0.36943,0.0
-3.87902,0.39582,0.0
-3.87902,0.42221,0.0
-3.87902,0.44859,0.0
-3.87902,0.47498,0.0
-3.87902,0.50137,0.0
-3.87902,0.52776,0.0
-3.87902,0.55415,0.0
-3.87902,0.58053,0.0
-3.87902,0.60692,0.0
-3.87902,0.63331,0.0
-3.85263,-0.63331,0.0
-3.85263,-0.60692,0.0
-3.85263,-0.58053,0.0
-3.85263,-0.55415,0.0
-3.85263,-0.52776,0.0
-3.85263,-0.50137,0.0
-3.85263,-0.47498,0.0
-3.85263,-0.44859,0.0
-3.85263,-0.42221,0.0
-3.85263,-0.39582,0.0
-3.85263,-0.36943,0.0
-3.85263,-0.34304,0.0
-3.85263,-0.31665,0.0
-3.85263,-0.29027,0.0
-3.85263,-0.26388,0.0
-3.85263,-0.23749,0.0
-3.85263,-0.2111,0.0
-3.85263,-0.18472,0.0
-3.85263,-0.15833,0.0
-3.85263,-0.13194,0.0
-3.85263,-0.10555,0.0
-3.85263,-0.07916,0.0
-3.85263,-0.05278,0.0
-3.85263,-0.02639,0.0
-3.85263,0,0.0
-3.85263,0.02639,0.0
-3.85263,0.05278,0.0
-3.85263,0.07916,0.0
-3.85263,0.10555,0.0
-3.85263,0.13194,0.0
-3.85263,0.15833,0.0
-3.85263,0.18472,0.0
-3.85263,0.2111,0.0
-3.85263,0.23749,0.0
-3.85263,0.26388,0.0
-3.85263,0.29027,0.0
-3.85263,0.31665,0.0
-3.85263,0.34304,0.0
-3.85263,0.36943,0.0
-3.85263,0.39582,0.0
-3.85263,0.42221,0.0
-3.85263,0.44859,0.0
-3.85263,0.47498,0.0
-3.85263,0.50137,0.0
-3.85263,0.52776,0.0
-3.85263,0.55415,0.0
-3.85263,0.58053,0.0
-3.85263,0.60692,0.0
-3.85263,0.63331,0.0
-3.82625,-0.63331,0.0
-3.82625,-0.60692,0.0
-3.82625,-0.58053,0.0
-3.82625,-0.55415,0.0
-3.82625,-0.52776,0.0
-3.82625,-0.50137,0.0
-3.82625,-0.47498,0.0
-3.82625,-0.44859,0.0
-3.82625,-0.42221,0.0
-3.82625,-0.39582,0.0
-3.82625,-0.36943,0.0
-3.82625,-0.34304,0.0
-3.82625,-0.31665,0.0
-3.82625,-0.29027,0.0
-3.82625,-0.26388,0.0
-3.82625,-0.23749,0.0
-3.82625,-0.2111,0.0
-3.82625,-0.18472,0.0
-3.82625,-0.15833,0.0
-3.82625,-0.13194,0.0
-3.82625,-0.10555,0.0
-3.82625,-0.07916,0.0
-3.82625,-0.05278,0.0
-3.82625,-0.02639,0.0
-3.82625,0,0.0
-3.82625,0.02639,0.0
-3.82625,0.05278,0.0
-3.82625,0.07916,0.0
-3.82625,0.10555,0.0
-3.82625,0.13194,0.0
-3.82625,0.15833,0.0
-3.82625,0.18472,0.0
-3.82625,0.2111,0.0
-3.82625,0.23749,0.0
-3.82625,0.26388,0.0
-3.82625,0.29027,0.0
-3.82625,0.31665,0.0
-3.82625,0.34304,0.0
-3.82625,0.36943,0.0
-3.82625,0.39582,0.0
-3.82625,0.42221,0.0
-3.82625,0.44859,0.0
-3.82625,0.47498,0.0
-3.82625,0.50137,0.0
-3.82625,0.52776,0.0
-3.82625,0.55415,0.0
-3.82625,0.58053,0.0
-3.82625,0.60692,0.0
-3.82625,0.63331,0.0
-3.79986,-0.63331,0.0
-3.79986,-0.60692,0.0
-3.79986,-0.58053,0.0
-3.79986,-0.55415,0.0
-3.79986,-0.52776,0.0
-3.79986,-0.50137,0.0
-3.79986,-0.47498,0.0
-3.79986,-0.44859,0.0
-3.79986,-0.42221,0.0
-3.79986,-0.39582,0.0
-3.79986,-0.36943,0.0
-3.79986,-0.34304,0.0
-3.79986,-0.31665,0.0
-3.79986,-0.29027,0.0
-3.79986,-0.26388,0.0
-3.79986,-0.23749,0.0
-3.79986,-0.2111,0.0
-3.79986,-0.18472,0.0
-3.79986,-0.15833,0.0
-3.79986,-0.13194,0.0
-3.79986,-0.10555,0.0
-3.79986,-0.07916,0.0
-3.79986,-0.05278,0.0
-3.79986,-0.02639,0.0
-3.79986,0,0.0
-3.79986,0.02639,0.0
-3.79986,0.05278,0.0
-3.79986,0.07916,0.0
-3.79986,0.10555,0.0
-3.79986,0.13194,0.0
-3.79986,0.15833,0.0
-3.79986,0.18472,0.0
-3.79986,0.2111,0.0
-3.79986,0.23749,0.0
-3.79986,0.26388,0.0
-3.79986,0.29027,0.0
-3.79986,0.31665,0.0
-3.79986,0.34304,0.0
-3.79986,0.36943,0.0
-3.79986,0.39582,0.0
-3.79986,0.42221,0.0
-3.79986,0.44859,0.0
-3.79986,0.47498,0.0
-3.79986,0.50137,0.0
-3.79986,0.52776,0.0
-3.79986,0.55415,0.0
-3.79986,0.58053,0.0
-3.79986,0.60692,0.0
-3.79986,0.63331,0.0
-3.77347,-0.63331,0.0
-3.77347,-0.60692,0.0
-3.77347,-0.58053,0.0
-3.77347,-0.55415,0.0
-3.77347,-0.52776,0.0
-3.77347,-0.50137,0.0
-3.77347,-0.47498,0.0
-3.77347,-0.44859,0.0
-3.77347,-0.42221,0.0
-3.77347,-0.39582,0.0
-3.77347,-0.36943,0.0
-3.77347,-0.34304,0.0
-3.77347,-0.31665,0.0
-3.77347,-0.29027,0.0
-3.77347,-0.26388,0.0
-3.77347,-0.23749,0.0
-3.77347,-0.2111,0.0
-3.77347,-0.18472,0.0
-3.77347,-0.15833,0.0
-3.77347,-0.13194,0.0
-3.77347,-0.10555,0.0
-3.77347,-0.07916,0.0
-3.77347,-0.05278,0.0
-3.77347,-0.02639,0.0
-3.77347,0,0.0
-3.77347,0.02639,0.0
-3.77347,0.05278,0.0
-3.77347,0.07916,0.0
-3.77347,0.10555,0.0
-3.77347,0.13194,0.0
-3.77347,0.15833,0.0
-3.77347,0.18472,0.0
-3.77347,0.2111,0.0
-3.77347,0.23749,0.0
-3.77347,0.26388,0.0
-3.77347,0.29027,0.0
-3.77347,0.31665,0.0
-3.77347,0.34304,0.0
-3.77347,0.36943,0.0
-3.77347,0.39582,0.0
-3.77347,0.42221,0.0
-3.77347,0.44859,0.0
-3.77347,0.47498,0.0
-3.77347,0.50137,0.0
-3.77347,0.52776,0.0
-3.77347,0.55415,0.0
-3.77347,0.58053,0.0
-3.77347,0.60692,0.0
-3.77347,0.63331,0.0
-3.74708,-0.63331,0.0
-3.74708,-0.60692,0.0
-3.74708,-0.58053,0.0
-3.74708,-0.55415,0.0
-3.74708,-0.52776,0.0
-3.74708,-0.50137,0.0
-3.74708,-0.47498,0.0
-3.74708,-0.44859,0.0
-3.74708,-0.42221,0.0
-3.74708,-0.39582,0.0
-3.74708,-0.36943,0.0
-3.74708,-0.34304,0.0
-3.74708,-0.31665,0.0
-3.74708,-0.29027,0.0
-3.74708,-0.26388,0.0
-3.74708,-0.23749,0.0
-3.74708,-0.2111,0.0
-3.74708,-0.18472,0.0
-3.74708,-0.15833,0.0
-3.74708,-0.13194,0.0
-3.74708,-0.10555,0.0
-3.74708,-0.07916,0.0
-3.74708,-0.05278,0.0
-3.74708,-0.02639,0.0
-3.74708,0,0.0
-3.74708,0.02639,0.0
-3.74708,0.05278,0.0
-3.74708,0.07916,0.0
-3.74708,0.10555,0.0
-3.74708,0.13194,0.0
-3.74708,0.15833,0.0
-3.74708,0.18472,0.0
-3.74708,0.2111,0.0
-3.74708,0.23749,0.0
-3.74708,0.26388,0.0
-3.74708,0.29027,0.0
-3.74708,0.31665,0.0
-3.74708,0.34304,0.0
-3.74708,0.36943,0.0
-3.74708,0.39582,0.0
-3.74708,0.42221,0.0
-3.74708,0.44859,0.0
-3.74708,0.47498,0.0
-3.74708,0.50137,0.0
-3.74708,0.52776,0.0
-3.74708,0.55415,0.0
-3.74708,0.58053,0.0
-3.74708,0.60692,0.0
-3.74708,0.63331,0.0
-3.72069,-0.63331,0.0
-3.72069,-0.60692,0.0
-3.72069,-0.58053,0.0
-3.72069,-0.55415,0.0
-3.72069,-0.52776,0.0
-3.72069,-0.50137,0.0
-3.72069,-0.47498,0.0
-3.72069,-0.44859,0.0
-3.72069,-0.42221,0.0
-3.72069,-0.39582,0.0
-3.72069,-0.36943,0.0
-3.72069,-0.34304,0.0
-3.72069,-0.31665,0.0
-3.72069,-0.29027,0.0
-3.72069,-0.26388,0.0
-3.72069,-0.23749,0.0
-3.72069,-0.2111,0.0
-3.72069,-0.18472,0.0
-3.72069,-0.15833,0.0
-3.72069,-0.13194,0.0
-3.72069,-0.10555,0.0
-3.72069,-0.07916,0.0
-3.72069,-0.05278,0.0
-3.72069,-0.02639,0.0
-3.72069,0,0.0
-3.72069,0.02639,0.0
-3.72069,0.05278,0.0
-3.72069,0.07916,0.0
-3.72069,0.10555,0.0
-3.72069,0.13194,0.0
-3.72069,0.15833,0.0
-3.72069,0.18472,0.0
-3.72069,0.2111,0.0
-3.72069,0.23749,0.0
-3.72069,0.26388,0.0
-3.72069,0.29027,0.0
-3.72069,0.31665,0.0
-3.72069,0.34304,0.0
-3.72069,0.36943,0.0
-3.72069,0.39582,0.0
-3.72069,0.42221,0.0
-3.72069,0.44859,0.0
-3.72069,0.47498,0.0
-3.72069,0.50137,0.0
-3.72069,0.52776,0.0
-3.72069,0.55415,0.0
-3.72069,0.58053,0.0
-3.72069,0.60692,0.0
-3.72069,0.63331,0.0
-3.69431,-0.63331,0.0
-3.69431,-0.60692,0.0
-3.69431,-0.58053,0.0
-3.69431,-0.55415,0.0
-3.69431,-0.52776,0.0
-3.69431,-0.50137,0.0
-3.69431,-0.47498,0.0
-3.69431,-0.44859,0.0
-3.69431,-0.42221,0.0
-3.69431,-0.39582,0.0
-3.69431,-0.36943,0.0
-3.69431,-0.34304,0.0
-3.69431,-0.31665,0.0
-3.69431,-0.29027,0.0
-3.69431,-0.26388,0.0
-3.69431,-0.23749,0.0
-3.69431,-0.2111,0.0
-3.69431,-0.18472,0.0
-3.69431,-0.15833,0.0
-3.69431,-0.13194,0.0
-3.69431,-0.10555,0.0
-3.69431,-0.07916,0.0
-3.69431,-0.05278,0.0
-3.69431,-0.02639,0.0
-3.69431,0,0.0
-3.69431,0.02639,0.0
-3.69431,0.05278,0.0
-3.69431,0.07916,0.0
-3.69431,0.10555,0.0
-3.69431,0.13194,0.0
-3.69431,0.15833,0.0
-3.69431,0.18472,0.0
-3.69431,0.2111,0.0
-3.69431,0.23749,0.0
-3.69431,0.26388,0.0
-3.69431,0.29027,0.0
-3.69431,0.31665,0.0
-3.69431,0.34304,0.0
-3.69431,0.36943,0.0
-3.69431,0.39582,0.0
-3.69431,0.42221,0.0
-3.69431,0.44859,0.0
-3.69431,0.47498,0.0
-3.69431,0.50137,0.0
-3.69431,0.52776,0.0
-3.69431,0.55415,0.0
-3.69431,0.58053,0.0
-3.69431,0.60692,0.0
-3.69431,0.63331,0.0
-3.66792,-0.63331,0.0
-3.66792,-0.60692,0.0
-3.66792,-0.58053,0.0
-3.66792,-0.55415,0.0
-3.66792,-0.52776,0.0
-3.66792,-0.50137,0.0
-3.66792,-0.47498,0.0
-3.66792,-0.44859,0.0
-3.66792,-0.42221,0.0
-3.66792,-0.39582,0.0
-3.66792,-0.36943,0.0
-3.66792,-0.34304,0.0
-3.66792,-0.31665,0.0
-3.66792,-0.29027,0.0
-3.66792,-0.26388,0.0
-3.66792,-0.23749,0.0
-3.66792,-0.2111,0.0
-3.66792,-0.18472,0.0
-3.66792,-0.15833,0.0
-3.66792,-0.13194,0.0
-3.66792,-0.10555,0.0
-3.66792,-0.07916,0.0
-3.66792,-0.05278,0.0
-3.66792,-0.02639,0.0
-3.66792,0,0.0
-3.66792,0.02639,0.0
-3.66792,0.05278,0.0
-3.66792,0.07916,0.0
-3.66792,0.10555,0.0
-3.66792,0.13194,0.0
-3.66792,0.15833,0.0
-3.66792,0.18472,0.0
-3.66792,0.2111,0.0
-3.66792,0.23749,0.0
-3.66792,0.26388,0.0
-3.66792,0.29027,0.0
-3.66792,0.31665,0.0
-3.66792,0.34304,0.0
-3.66792,0.36943,0.0
-3.66792,0.39582,0.0
-3.66792,0.42221,0.0
-3.66792,0.44859,0.0
-3.66792,0.47498,0.0
-3.66792,0.50137,0.0
-3.66792,0.52776,0.0
-3.66792,0.55415,0.0
-3.66792,0.58053,0.0
-3.66792,0.60692,0.0
-3.66792,0.63331,0.0
-3.64153,-0.63331,0.0
-3.64153,-0.60692,0.0
-3.64153,-0.58053,0.0
-3.64153,-0.55415,0.0
-3.64153,-0.52776,0.0
-3.64153,-0.50137,0.0
-3.64153,-0.47498,0.0
-3.64153,-0.44859,0.0
-3.64153,-0.42221,0.0
-3.64153,-0.39582,0.0
-3.64153,-0.36943,0.0
-3.64153,-0.34304,0.0
-3.64153,-0.31665,0.0
-3.64153,-0.29027,0.0
-3.64153,-0.26388,0.0
-3.64153,-0.23749,0.0
-3.64153,-0.2111,0.0
-3.64153,-0.18472,0.0
-3.64153,-0.15833,0.0
-3.64153,-0.13194,0.0
-3.64153,-0.10555,0.0
-3.64153,-0.07916,0.0
-3.64153,-0.05278,0.0
-3.64153,-0.02639,0.0
-3.64153,0,0.0
-3.64153,0.02639,0.0
-3.64153,0.05278,0.0
-3.64153,0.07916,0.0
-3.64153,0.10555,0.0
-3.64153,0.13194,0.0
-3.64153,0.15833,0.0
-3.64153,0.18472,0.0
-3.64153,0.2111,0.0
-3.64153,0.23749,0.0
-3.64153,0.26388,0.0
-3.64153,0.29027,0.0
-3.64153,0.31665,0.0
-3.64153,0.34304,0.0
-3.64153,0.36943,0.0
-3.64153,0.39582,0.0
-3.64153,0.42221,0.0
-3.64153,0.44859,0.0
-3.64153,0.47498,0.0
-3.64153,0.50137,0.0
-3.64153,0.52776,0.0
-3.64153,0.55415,0.0
-3.64153,0.58053,0.0
-3.64153,0.60692,0.0
-3.64153,0.63331,0.0
-3.61514,-0.63331,0.0
-3.61514,-0.60692,0.0
-3.61514,-0.58053,0.0
-3.61514,-0.55415,0.0
-3.61514,-0.52776,0.0
-3.61514,-0.50137,0.0
-3.61514,-0.47498,0.0
-3.61514,-0.44859,0.0
-3.61514,-0.42221,0.0
-3.61514,-0.39582,0.0
-3.61514,-0.36943,0.0
-3.61514,-0.34304,0.0
-3.61514,-0.31665,0.0
-3.61514,-0.29027,0.0
-3.61514,-0.26388,0.0
-3.61514,-0.23749,0.0
-3.61514,-0.2111,0.0
-3.61514,-0.18472,0.0
-3.61514,-0.15833,0.0
-3.61514,-0.13194,0.0
-3.61514,-0.10555,0.0
-3.61514,-0.07916,0.0
-3.61514,-0.05278,0.0
-3.61514,-0.02639,0.0
-3.61514,0,0.0
-3.61514,0.02639,0.0
-3.61514,0.05278,0.0
-3.61514,0.07916,0.0
-3.61514,0.10555,0.0
-3.61514,0.13194,0.0
-3.61514,0.15833,0.0
-3.61514,0.18472,0.0
-3.61514,0.2111,0.0
-3.61514,0.23749,0.0
-3.61514,0.26388,0.0
-3.61514,0.29027,0.0
-3.61514,0.31665,0.0
-3.61514,0.34304,0.0
-3.61514,0.36943,0.0
-3.61514,0.39582,0.0
-3.61514,0.42221,0.0
-3.61514,0.44859,0.0
-3.61514,0.47498,0.0
-3.61514,0.50137,0.0
-3.61514,0.52776,0.0
-3.61514,0.55415,0.0
-3.61514,0.58053,0.0
-3.61514,0.60692,0.0
-3.61514,0.63331,0.0
-3.58875,-0.63331,0.0
-3.58875,-0.60692,0.0
-3.58875,-0.58053,0.0
-3.58875,-0.55415,0.0
-3.58875,-0.52776,0.0
-3.58875,-0.50137,0.0
-3.58875,-0.47498,0.0
-3.58875,-0.44859,0.0
-3.58875,-0.42221,0.0
-3.58875,-0.39582,0.0
-3.58875,-0.36943,0.0
-3.58875,-0.34304,0.0
-3.58875,-0.31665,0.0
-3.58875,-0.29027,0.0
-3.58875,-0.26388,0.0
-3.58875,-0.23749,0.0
-3.58875,-0.2111,0.0
-3.58875,-0.18472,0.0
-3.58875,-0.15833,0.0
-3.58875,-0.13194,0.0
-3.58875,-0.10555,0.0
-3.58875,-0.07916,0.0
-3.58875,-0.05278,0.0
-3.58875,-0.02639,0.0
-3.58875,0,0.0
-3.58875,0.02639,0.0
-3.58875,0.05278,0.0
-3.58875,0.07916,0.0
-3.58875,0.10555,0.0
-3.58875,0.13194,0.0
-3.58875,0.15833,0.0
-3.58875,0.18472,0.0
-3.58875,0.2111,0.0
-3.58875,0.23749,0.0
-3.58875,0.26388,0.0
-3.58875,0.29027,0.0
-3.58875,0.31665,0.0
-3.58875,0.34304,0.0
-3.58875,0.36943,0.0
-3.58875,0.39582,0.0
-3.58875,0.42221,0.0
-3.58875,0.44859,0.0
-3.58875,0.47498,0.0
-3.58875,0.50137,0.0
-3.58875,0.52776,0.0
-3.58875,0.55415,0.0
-3.58875,0.58053,0.0
-3.58875,0.60692,0.0
-3.58875,0.63331,0.0
-3.56237,-0.63331,0.0
-3.56237,-0.60692,0.0
-3.56237,-0.58053,0.0
-3.56237,-0.55415,0.0
-3.56237,-0.52776,0.0
-3.56237,-0.50137,0.0
-3.56237,-0.47498,0.0
-3.56237,-0.44859,0.0
-3.56237,-0.42221,0.0
-3.56237,-0.39582,0.0
-3.56237,-0.36943,0.0
-3.56237,-0.34304,0.0
-3.56237,-0.31665,0.0
-3.56237,-0.29027,0.0
-3.56237,-0.26388,0.0
-3.56237,-0.23749,0.0
-3.56237,-0.2111,0.0
-3.56237,-0.18472,0.0
-3.56237,-0.15833,0.0
-3.56237,-0.13194,0.0
-3.56237,-0.10555,0.0
-3.56237,-0.07916,0.0
-3.56237,-0.05278,0.0
-3.56237,-0.02639,0.0
-3.56237,0,0.0
-3.56237,0.02639,0.0
-3.56237,0.05278,0.0
-3.56237,0.07916,0.0
-3.56237,0.10555,0.0
-3.56237,0.13194,0.0
-3.56237,0.15833,0.0
-3.56237,0.18472,0.0
-3.56237,0.2111,0.0
-3.56237,0.23749,0.0
-3.56237,0.26388,0.0
-3.56237,0.29027,0.0
-3.56237,0.31665,0.0
-3.56237,0.34304,0.0
-3.56237,0.36943,0.0
-3.56237,0.39582,0.0
-3.56237,0.42221,0.0
-3.56237,0.44859,0.0
-3.56237,0.47498,0.0
-3.56237,0.50137,0.0
-3.56237,0.52776,0.0
-3.56237,0.55415,0.0
-3.56237,0.58053,0.0
-3.56237,0.60692,0.0
-3.56237,0.63331,0.0
-3.53598,-0.63331,0.0
-3.53598,-0.60692,0.0
-3.53598,-0.58053,0.0
-3.53598,-0.55415,0.0
-3.53598,-0.52776,0.0
-3.53598,-0.50137,0.0
-3.53598,-0.47498,0.0
-3.53598,-0.44859,0.0
-3.53598,-0.42221,0.0
-3.53598,-0.39582,0.0
-3.53598,-0.36943,0.0
-3.53598,-0.34304,0.0
-3.53598,-0.31665,0.0
-3.53598,-0.29027,0.0
-3.53598,-0.26388,0.0
-3.53598,-0.23749,0.0
-3.53598,-0.2111,0.0
-3.53598,-0.18472,0.0
-3.53598,-0.15833,0.0
-3.53598,-0.13194,0.0
-3.53598,-0.10555,0.0
-3.53598,-0.07916,0.0
-3.53598,-0.05278,0.0
-3.53598,-0.02639,0.0
-3.53598,0,0.0
-3.53598,0.02639,0.0
-3.53598,0.05278,0.0
-3.53598,0.07916,0.0
-3.53598,0.10555,0.0
-3.53598,0.13194,0.0
-3.53598,0.15833,0.0
-3.53598,0.18472,0.0
-3.53598,0.2111,0.0
-3.53598,0.23749,0.0
-3.53598,0.26388,0.0
-3.53598,0.29027,0.0
-3.53598,0.31665,0.0
-3.53598,0.34304,0.0
-3.53598,0.36943,0.0
-3.53598,0.39582,0.0
-3.53598,0.42221,0.0
-3.53598,0.44859,0.0
-3.53598,0.47498,0.0
-3.53598,0.50137,0.0
-3.53598,0.52776,0.0
-3.53598,0.55415,0.0
-3.53598,0.58053,0.0
-3.53598,0.60692,0.0
-3.53598,0.63331,0.0
-3.50959,-0.63331,0.0
-3.50959,-0.60692,0.0
-3.50959,-0.58053,0.0
-3.50959,-0.55415,0.0
-3.50959,-0.52776,0.0
-3.50959,-0.50137,0.0
-3.50959,-0.47498,0.0
-3.50959,-0.44859,0.0
-3.50959,-0.42221,0.0
-3.50959,-0.39582,0.0
-3.50959,-0.36943,0.0
-3.50959,-0.34304,0.0
-3.50959,-0.31665,0.0
-3.50959,-0.29027,0.0
-3.50959,-0.26388,0.0
-3.50959,-0.23749,0.0
-3.50959,-0.2111,0.0
-3.50959,-0.18472,0.0
-3.50959,-0.15833,0.0
-3.50959,-0.13194,0.0
-3.50959,-0.10555,0.0
-3.50959,-0.07916,0.0
-3.50959,-0.05278,0.0
-3.50959,-0.02639,0.0
-3.50959,0,0.0
-3.50959,0.02639,0.0
-3.50959,0.05278,0.0
-3.50959,0.07916,0.0
-3.50959,0.10555,0.0
-3.50959,0.13194,0.0
-3.50959,0.15833,0.0
-3.50959,0.18472,0.0
-3.50959,0.2111,0.0
-3.50959,0.23749,0.0
-3.50959,0.26388,0.0
-3.50959,0.29027,0.0
-3.50959,0.31665,0.0
-3.50959,0.34304,0.0
-3.50959,0.36943,0.0
-3.50959,0.39582,0.0
-3.50959,0.42221,0.0
-3.50959,0.44859,0.0
-3.50959,0.47498,0.0
-3.50959,0.50137,0.0
-3.50959,0.52776,0.0
-3.50959,0.55415,0.0
-3.50959,0.58053,0.0
-3.50959,0.60692,0.0
-3.50959,0.63331,0.0
-3.4832,-0.63331,0.0
-3.4832,-0.60692,0.0
-3.4832,-0.58053,0.0
-3.4832,-0.55415,0.0
-3.4832,-0.52776,0.0
-3.4832,-0.50137,0.0
-3.4832,-0.47498,0.0
-3.4832,-0.44859,0.0
-3.4832,-0.42221,0.0
-3.4832,-0.39582,0.0
-3.4832,-0.36943,0.0
-3.4832,-0.34304,0.0
-3.4832,-0.31665,0.0
-3.4832,-0.29027,0.0
-3.4832,-0.26388,0.0
-3.4832,-0.23749,0.0
-3.4832,-0.2111,0.0
-3.4832,-0.18472,0.0
-3.4832,-0.15833,0.0
-3.4832,-0.13194,0.0
-3.4832,-0.10555,0.0
-3.4832,-0.07916,0.0
-3.4832,-0.05278,0.0
-3.4832,-0.02639,0.0
-3.4832,0,0.0
-3.4832,0.02639,0.0
-3.4832,0.05278,0.0
-3.4832,0.07916,0.0
-3.4832,0.10555,0.0
-3.4832,0.13194,0.0
-3.4832,0.15833,0.0
-3.4832,0.18472,0.0
-3.4832,0.2111,0.0
-3.4832,0.23749,0.0
-3.4832,0.26388,0.0
-3.4832,0.29027,0.0
-3.4832,0.31665,0.0
-3.4832,0.34304,0.0
-3.4832,0.36943,0.0
-3.4832,0.39582,0.0
-3.4832,0.42221,0.0
-3.4832,0.44859,0.0
-3.4832,0.47498,0.0
-3.4832,0.50137,0.0
-3.4832,0.52776,0.0
-3.4832,0.55415,0.0
-3.4832,0.58053,0.0
-3.4832,0.60692,0.0
-3.4832,0.63331,0.0
-3.45682,-0.63331,0.0
-3.45682,-0.60692,0.0
-3.45682,-0.58053,0.0
-3.45682,-0.55415,0.0
-3.45682,-0.52776,0.0
-3.45682,-0.50137,0.0
-3.45682,-0.47498,0.0
-3.45682,-0.44859,0.0
-3.45682,-0.42221,0.0
-3.45682,-0.39582,0.0
-3.45682,-0.36943,0.0
-3.45682,-0.34304,0.0
-3.45682,-0.31665,0.0
-3.45682,-0.29027,0.0
-3.45682,-0.26388,0.0
-3.45682,-0.23749,0.0
-3.45682,-0.2111,0.0
-3.45682,-0.18472,0.0
-3.45682,-0.15833,0.0
-3.45682,-0.13194,0.0
-3.45682,-0.10555,0.0
-3.45682,-0.07916,0.0
-3.45682,-0.05278,0.0
-3.45682,-0.02639,0.0
-3.45682,0,0.0
-3.45682,0.02639,0.0
-3.45682,0.05278,0.0
-3.45682,0.07916,0.0
-3.45682,0.10555,0.0
-3.45682,0.13194,0.0
-3.45682,0.15833,0.0
-3.45682,0.18472,0.0
-3.45682,0.2111,0.0
-3.45682,0.23749,0.0
-3.45682,0.26388,0.0
-3.45682,0.29027,0.0
-3.45682,0.31665,0.0
-3.45682,0.34304,0.0
-3.45682,0.36943,0.0
-3.45682,0.39582,0.0
-3.45682,0.42221,0.0
-3.45682,0.44859,0.0
-3.45682,0.47498,0.0
-3.45682,0.50137,0.0
-3.45682,0.52776,0.0
-3.45682,0.55415,0.0
-3.45682,0.58053,0.0
-3.45682,0.60692,0.0
-3.45682,0.63331,0.0
-3.43043,-0.63331,0.0
-3.43043,-0.60692,0.0
-3.43043,-0.58053,0.0
-3.43043,-0.55415,0.0
-3.43043,-0.52776,0.0
-3.43043,-0.50137,0.0
-3.43043,-0.47498,0.0
-3.43043,-0.44859,0.0
-3.43043,-0.42221,0.0
-3.43043,-0.39582,0.0
-3.43043,-0.36943,0.0
-3.43043,-0.34304,0.0
-3.43043,-0.31665,0.0
-3.43043,-0.29027,0.0
-3.43043,-0.26388,0.0
-3.43043,-0.23749,0.0
-3.43043,-0.2111,0.0
-3.43043,-0.18472,0.0
-3.43043,-0.15833,0.0
-3.43043,-0.13194,0.0
-3.43043,-0.10555,0.0
-3.43043,-0.07916,0.0
-3.43043,-0.05278,0.0
-3.43043,-0.02639,0.0
-3.43043,0,0.0
-3.43043,0.02639,0.0
-3.43043,0.05278,0.0
-3.43043,0.07916,0.0
-3.43043,0.10555,0.0
-3.43043,0.13194,0.0
-3.43043,0.15833,0.0
-3.43043,0.18472,0.0
-3.43043,0.2111,0.0
-3.43043,0.23749,0.0
-3.43043,0.26388,0.0
-3.43043,0.29027,0.0
-3.43043,0.31665,0.0
-3.43043,0.34304,0.0
-3.43043,0.36943,0.0
-3.43043,0.39582,0.0
-3.43043,0.42221,0.0
-3.43043,0.44859,0.0
-3.43043,0.47498,0.0
-3.43043,0.50137,0.0
-3.43043,0.52776,0.0
-3.43043,0.55415,0.0
-3.43043,0.58053,0.0
-3.43043,0.60692,0.0
-3.43043,0.63331,0.0
-3.40404,-0.63331,0.0
-3.40404,-0.60692,0.0
-3.40404,-0.58053,0.0
-3.40404,-0.55415,0.0
-3.40404,-0.52776,0.0
-3.40404,-0.50137,0.0
-3.40404,-0.47498,0.0
-3.40404,-0.44859,0.0
-3.40404,-0.42221,0.0
-3.40404,-0.39582,0.0
-3.40404,-0.36943,0.0
-3.40404,-0.34304,0.0
-3.40404,-0.31665,0.0
-3.40404,-0.29027,0.0
-3.40404,-0.26388,0.0
-3.40404,-0.23749,0.0
-3.40404,-0.2111,0.0
-3.40404,-0.18472,0.0
-3.40404,-0.15833,0.0
-3.40404,-0.13194,0.0
-3.40404,-0.10555,0.0
-3.40404,-0.07916,0.0
-3.40404,-0.05278,0.0
-3.40404,-0.02639,0.0
-3.40404,0,0.0
-3.40404,0.02639,0.0
-3.40404,0.05278,0.0
-3.40404,0.07916,0.0
-3.40404,0.10555,0.0
-3.40404,0.13194,0.0
-3.40404,0.15833,0.0
-3.40404,0.18472,0.0
-3.40404,0.2111,0.0
-3.40404,0.23749,0.0
-3.40404,0.26388,0.0
-3.40404,0.29027,0.0
-3.40404,0.31665,0.0
-3.40404,0.34304,0.0
-3.40404,0.36943,0.0
-3.40404,0.39582,0.0
-3.40404,0.42221,0.0
-3.40404,0.44859,0.0
-3.40404,0.47498,0.0
-3.40404,0.50137,0.0
-3.40404,0.52776,0.0
-3.40404,0.55415,0.0
-3.40404,0.58053,0.0
-3.40404,0.60692,0.0
-3.40404,0.63331,0.0
-3.37765,-0.63331,0.0
-3.37765,-0.60692,0.0
-3.37765,-0.58053,0.0
-3.37765,-0.55415,0.0
-3.37765,-0.52776,0.0
-3.37765,-0.50137,0.0
-3.37765,-0.47498,0.0
-3.37765,-0.44859,0.0
-3.37765,-0.42221,0.0
-3.37765,-0.39582,0.0
-3.37765,-0.36943,0.0
-3.37765,-0.34304,0.0
-3.37765,-0.31665,0.0
-3.37765,-0.29027,0.0
-3.37765,-0.26388,0.0
-3.37765,-0.23749,0.0
-3.37765,-0.2111,0.0
-3.37765,-0.18472,0.0
-3.37765,-0.15833,0.0
-3.37765,-0.13194,0.0
-3.37765,-0.10555,0.0
-3.37765,-0.07916,0.0
-3.37765,-0.05278,0.0
-3.37765,-0.02639,0.0
-3.37765,0,0.0
-3.37765,0.02639,0.0
-3.37765,0.05278,0.0
-3.37765,0.07916,0.0
-3.37765,0.10555,0.0
-3.37765,0.13194,0.0
-3.37765,0.15833,0.0
-3.37765,0.18472,0.0
-3.37765,0.2111,0.0
-3.37765,0.23749,0.0
-3.37765,0.26388,0.0
-3.37765,0.29027,0.0
-3.37765,0.31665,0.0
-3.37765,0.34304,0.0
-3.37765,0.36943,0.0
-3.37765,0.39582,0.0
-3.37765,0.42221,0.0
-3.37765,0.44859,0.0
-3.37765,0.47498,0.0
-3.37765,0.50137,0.0
-3.37765,0.52776,0.0
-3.37765,0.55415,0.0
-3.37765,0.58053,0.0
-3.37765,0.60692,0.0
-3.37765,0.63331,0.0
-3.35126,-0.63331,0.0
-3.35126,-0.60692,0.0
-3.35126,-0.58053,0.0
-3.35126,-0.55415,0.0
-3.35126,-0.52776,0.0
-3.35126,-0.50137,0.0
-3.35126,-0.47498,0.0
-3.35126,-0.44859,0.0
-3.35126,-0.42221,0.0
-3.35126,-0.39582,0.0
-3.35126,-0.36943,0.0
-3.35126,-0.34304,0.0
-3.35126,-0.31665,0.0
-3.35126,-0.29027,0.0
-3.35126,-0.26388,0.0
-3.35126,-0.23749,0.0
-3.35126,-0.2111,0.0
-3.35126,-0.18472,0.0
-3.35126,-0.15833,0.0
-3.35126,-0.13194,0.0
-3.35126,-0.10555,0.0
-3.35126,-0.07916,0.0
-3.35126,-0.05278,0.0
-3.35126,-0.02639,0.0
-3.35126,0,0.0
-3.35126,0.02639,0.0
-3.35126,0.05278,0.0
-3.35126,0.07916,0.0
-3.35126,0.10555,0.0
-3.35126,0.13194,0.0
-3.35126,0.15833,0.0
-3.35126,0.18472,0.0
-3.35126,0.2111,0.0
-3.35126,0.23749,0.0
-3.35126,0.26388,0.0
-3.35126,0.29027,0.0
-3.35126,0.31665,0.0
-3.35126,0.34304,0.0
-3.35126,0.36943,0.0
-3.35126,0.39582,0.0
-3.35126,0.42221,0.0
-3.35126,0.44859,0.0
-3.35126,0.47498,0.0
-3.35126,0.50137,0.0
-3.35126,0.52776,0.0
-3.35126,0.55415,0.0
-3.35126,0.58053,0.0
-3.35126,0.60692,0.0
-3.35126,0.63331,0.0
-3.32488,-0.63331,0.0
-3.32488,-0.60692,0.0
-3.32488,-0.58053,0.0
-3.32488,-0.55415,0.0
-3.32488,-0.52776,0.0
-3.32488,-0.50137,0.0
-3.32488,-0.47498,0.0
-3.32488,-0.44859,0.0
-3.32488,-0.42221,0.0
-3.32488,-0.39582,0.0
-3.32488,-0.36943,0.0
-3.32488,-0.34304,0.0
-3.32488,-0.31665,0.0
-3.32488,-0.29027,0.0
-3.32488,-0.26388,0.0
-3.32488,-0.23749,0.0
-3.32488,-0.2111,0.0
-3.32488,-0.18472,0.0
-3.32488,-0.15833,0.0
-3.32488,-0.13194,0.0
-3.32488,-0.10555,0.0
-3.32488,-0.07916,0.0
-3.32488,-0.05278,0.0
-3.32488,-0.02639,0.0
-3.32488,0,0.0
-3.32488,0.02639,0.0
-3.32488,0.05278,0.0
-3.32488,0.07916,0.0
-3.32488,0.10555,0.0
-3.32488,0.13194,0.0
-3.32488,0.15833,0.0
-3.32488,0.18472,0.0
-3.32488,0.2111,0.0
-3.32488,0.23749,0.0
-3.32488,0.26388,0.0
-3.32488,0.29027,0.0
-3.32488,0.31665,0.0
-3.32488,0.34304,0.0
-3.32488,0.36943,0.0
-3.32488,0.39582,0.0
-3.32488,0.42221,0.0
-3.32488,0.44859,0.0
-3.32488,0.47498,0.0
-3.32488,0.50137,0.0
-3.32488,0.52776,0.0
-3.32488,0.55415,0.0
-3.32488,0.58053,0.0
-3.32488,0.60692,0.0
-3.32488,0.63331,0.0
-3.29849,-0.63331,0.0
-3.29849,-0.60692,0.0
-3.29849,-0.58053,0.0
-3.29849,-0.55415,0.0
-3.29849,-0.52776,0.0
-3.29849,-0.50137,0.0
-3.29849,-0.47498,0.0
-3.29849,-0.44859,0.0
-3.29849,-0.42221,0.0
-3.29849,-0.39582,0.0
-3.29849,-0.36943,0.0
-3.29849,-0.34304,0.0
-3.29849,-0.31665,0.0
-3.29849,-0.29027,0.0
-3.29849,-0.26388,0.0
-3.29849,-0.23749,0.0
-3.29849,-0.2111,0.0
-3.29849,-0.18472,0.0
-3.29849,-0.15833,0.0
-3.29849,-0.13194,0.0
-3.29849,-0.10555,0.0
-3.29849,-0.07916,0.0
-3.29849,-0.05278,0.0
-3.29849,-0.02639,0.0
-3.29849,0,0.0
-3.29849,0.02639,0.0
-3.29849,0.05278,0.0
-3.29849,0.07916,0.0
-3.29849,0.10555,0.0
-3.29849,0.13194,0.0
-3.29849,0.15833,0.0
-3.29849,0.18472,0.0
-3.29849,0.2111,0.0
-3.29849,0.23749,0.0
-3.29849,0.26388,0.0
-3.29849,0.29027,0.0
-3.29849,0.31665,0.0
-3.29849,0.34304,0.0
-3.29849,0.36943,0.0
-3.29849,0.39582,0.0
-3.29849,0.42221,0.0
-3.29849,0.44859,0.0
-3.29849,0.47498,0.0
-3.29849,0.50137,0.0
-3.29849,0.52776,0.0
-3.29849,0.55415,0.0
-3.29849,0.58053,0.0
-3.29849,0.60692,0.0
-3.29849,0.63331,0.0
-3.2721,-0.63331,0.0
-3.2721,-0.60692,0.0
-3.2721,-0.58053,0.0
-3.2721,-0.55415,0.0
-3.2721,-0.52776,0.0
-3.2721,-0.50137,0.0
-3.2721,-0.47498,0.0
-3.2721,-0.44859,0.0
-3.2721,-0.42221,0.0
-3.2721,-0.39582,0.0
-3.2721,-0.36943,0.0
-3.2721,-0.34304,0.0
-3.2721,-0.31665,0.0
-3.2721,-0.29027,0.0
-3.2721,-0.26388,0.0
-3.2721,-0.23749,0.0
-3.2721,-0.2111,0.0
-3.2721,-0.18472,0.0
-3.2721,-0.15833,0.0
-3.2721,-0.13194,0.0
-3.2721,-0.10555,0.0
-3.2721,-0.07916,0.0
-3.2721,-0.05278,0.0
-3.2721,-0.02639,0.0
-3.2721,0,0.0
-3.2721,0.02639,0.0
-3.2721,0.05278,0.0
-3.2721,0.07916,0.0
-3.2721,0.10555,0.0
-3.2721,0.13194,0.0
-3.2721,0.15833,0.0
-3.2721,0.18472,0.0
-3.2721,0.2111,0.0
-3.2721,0.23749,0.0
-3.2721,0.26388,0.0
-3.2721,0.29027,0.0
-3.2721,0.31665,0.0
-3.2721,0.34304,0.0
-3.2721,0.36943,0.0
-3.2721,0.39582,0.0
-3.2721,0.42221,0.0
-3.2721,0.44859,0.0
-3.2721,0.47498,0.0
-3.2721,0.50137,0.0
-3.2721,0.52776,0.0
-3.2721,0.55415,0.0
-3.2721,0.58053,0.0
-3.2721,0.60692,0.0
-3.2721,0.63331,0.0
-3.24571,-0.63331,0.0
-3.24571,-0.60692,0.0
-3.24571,-0.58053,0.0
-3.24571,-0.55415,0.0
-3.24571,-0.52776,0.0
-3.24571,-0.50137,0.0
-3.24571,-0.47498,0.0
-3.24571,-0.44859,0.0
-3.24571,-0.42221,0.0
-3.24571,-0.39582,0.0
-3.24571,-0.36943,0.0
-3.24571,-0.34304,0.0
-3.24571,-0.31665,0.0
-3.24571,-0.29027,0.0
-3.24571,-0.26388,0.0
-3.24571,-0.23749,0.0
-3.24571,-0.2111,0.0
-3.24571,-0.18472,0.0
-3.24571,-0.15833,0.0
-3.24571,-0.13194,0.0
-3.24571,-0.10555,0.0
-3.24571,-0.07916,0.0
-3.24571,-0.05278,0.0
-3.24571,-0.02639,0.0
-3.24571,0,0.0
-3.24571,0.02639,0.0
-3.24571,0.05278,0.0
-3.24571,0.07916,0.0
-3.24571,0.10555,0.0
-3.24571,0.13194,0.0
-3.24571,0.15833,0.0
-3.24571,0.18472,0.0
-3.24571,0.2111,0.0
-3.24571,0.23749,0.0
-3.24571,0.26388,0.0
-3.24571,0.29027,0.0
-3.24571,0.31665,0.0
-3.24571,0.34304,0.0
-3.24571,0.36943,0.0
-3.24571,0.39582,0.0
-3.24571,0.42221,0.0
-3.24571,0.44859,0.0
-3.24571,0.47498,0.0
-3.24571,0.50137,0.0
-3.24571,0.52776,0.0
-3.24571,0.55415,0.0
-3.24571,0.58053,0.0
-3.24571,0.60692,0.0
-3.24571,0.63331,0.0
-3.21932,-0.63331,0.0
-3.21932,-0.60692,0.0
-3.21932,-0.58053,0.0
-3.21932,-0.55415,0.0
-3.21932,-0.52776,0.0
-3.21932,-0.50137,0.0
-3.21932,-0.47498,0.0
-3.21932,-0.44859,0.0
-3.21932,-0.42221,0.0
-3.21932,-0.39582,0.0
-3.21932,-0.36943,0.0
-3.21932,-0.34304,0.0
-3.21932,-0.31665,0.0
-3.21932,-0.29027,0.0
-3.21932,-0.26388,0.0
-3.21932,-0.23749,0.0
-3.21932,-0.2111,0.0
-3.21932,-0.18472,0.0
-3.21932,-0.15833,0.0
-3.21932,-0.13194,0.0
-3.21932,-0.10555,0.0
-3.21932,-0.07916,0.0
-3.21932,-0.05278,0.0
-3.21932,-0.02639,0.0
-3.21932,0,0.0
-3.21932,0.02639,0.0
-3.21932,0.05278,0.0
-3.21932,0.07916,0.0
-3.21932,0.10555,0.0
-3.21932,0.13194,0.0
-3.21932,0.15833,0.0
-3.21932,0.18472,0.0
-3.21932,0.2111,0.0
-3.21932,0.23749,0.0
-3.21932,0.26388,0.0
-3.21932,0.29027,0.0
-3.21932,0.31665,0.0
-3.21932,0.34304,0.0
-3.21932,0.36943,0.0
-3.21932,0.39582,0.0
-3.21932,0.42221,0.0
-3.21932,0.44859,0.0
-3.21932,0.47498,0.0
-3.21932,0.50137,0.0
-3.21932,0.52776,0.0
-3.21932,0.55415,0.0
-3.21932,0.58053,0.0
-3.21932,0.60692,0.0
-3.21932,0.63331,0.0
-3.19294,-0.63331,0.0
-3.19294,-0.60692,0.0
-3.19294,-0.58053,0.0
-3.19294,-0.55415,0.0
-3.19294,-0.52776,0.0
-3.19294,-0.50137,0.0
-3.19294,-0.47498,0.0
-3.19294,-0.44859,0.0
-3.19294,-0.42221,0.0
-3.19294,-0.39582,0.0
-3.19294,-0.36943,0.0
-3.19294,-0.34304,0.0
-3.19294,-0.31665,0.0
-3.19294,-0.29027,0.0
-3.19294,-0.26388,0.0
-3.19294,-0.23749,0.0
-3.19294,-0.2111,0.0
-3.19294,-0.18472,0.0
-3.19294,-0.15833,0.0
-3.19294,-0.13194,0.0
-3.19294,-0.10555,0.0
-3.19294,-0.07916,0.0
-3.19294,-0.05278,0.0
-3.19294,-0.02639,0.0
-3.19294,0,0.0
-3.19294,0.02639,0.0
-3.19294,0.05278,0.0
-3.19294,0.07916,0.0
-3.19294,0.10555,0.0
-3.19294,0.13194,0.0
-3.19294,0.15833,0.0
-3.19294,0.18472,0.0
-3.19294,0.2111,0.0
-3.19294,0.23749,0.0
-3.19294,0.26388,0.0
-3.19294,0.29027,0.0
-3.19294,0.31665,0.0
-3.19294,0.34304,0.0
-3.19294,0.36943,0.0
-3.19294,0.39582,0.0
-3.19294,0.42221,0.0
-3.19294,0.44859,0.0
-3.19294,0.47498,0.0
-3.19294,0.50137,0.0
-3.19294,0.52776,0.0
-3.19294,0.55415,0.0
-3.19294,0.58053,0.0
-3.19294,0.60692,0.0
-3.19294,0.63331,0.0
-3.16655,-0.63331,0.0
-3.16655,-0.60692,0.0
-3.16655,-0.58053,0.0
-3.16655,-0.55415,0.0
-3.16655,-0.52776,0.0
-3.16655,-0.50137,0.0
-3.16655,-0.47498,0.0
-3.16655,-0.44859,0.0
-3.16655,-0.42221,0.0
-3.16655,-0.39582,0.0
-3.16655,-0.36943,0.0
-3.16655,-0.34304,0.0
-3.16655,-0.31665,0.0
-3.16655,-0.29027,0.0
-3.16655,-0.26388,0.0
-3.16655,-0.23749,0.0
-3.16655,-0.2111,0.0
-3.16655,-0.18472,0.0
-3.16655,-0.15833,0.0
-3.16655,-0.13194,0.0
-3.16655,-0.10555,0.0
-3.16655,-0.07916,0.0
-3.16655,-0.05278,0.0
-3.16655,-0.02639,0.0
-3.16655,0,0.0
-3.16655,0.02639,0.0
-3.16655,0.05278,0.0
-3.16655,0.07916,0.0
-3.16655,0.10555,0.0
-3.16655,0.13194,0.0
-3.16655,0.15833,0.0
-3.16655,0.18472,0.0
-3.16655,0.2111,0.0
-3.16655,0.23749,0.0
-3.16655,0.26388,0.0
-3.16655,0.29027,0.0
-3.16655,0.31665,0.0
-3.16655,0.34304,0.0
-3.16655,0.36943,0.0
-3.16655,0.39582,0.0
-3.16655,0.42221,0.0
-3.16655,0.44859,0.0
-3.16655,0.47498,0.0
-3.16655,0.50137,0.0
-3.16655,0.52776,0.0
-3.16655,0.55415,0.0
-3.16655,0.58053,0.0
-3.16655,0.60692,0.0
-3.16655,0.63331,0.0
-3.14016,-0.63331,0.0
-3.14016,-0.60692,0.0
-3.14016,-0.58053,0.0
-3.14016,-0.55415,0.0
-3.14016,-0.52776,0.0
-3.14016,-0.50137,0.0
-3.14016,-0.47498,0.0
-3.14016,-0.44859,0.0
-3.14016,-0.42221,0.0
-3.14016,-0.39582,0.0
-3.14016,-0.36943,0.0
-3.14016,-0.34304,0.0
-3.14016,-0.31665,0.0
-3.14016,-0.29027,0.0
-3.14016,-0.26388,0.0
-3.14016,-0.23749,0.0
-3.14016,-0.2111,0.0
-3.14016,-0.18472,0.0
-3.14016,-0.15833,0.0
-3.14016,-0.13194,0.0
-3.14016,-0.10555,0.0
-3.14016,-0.07916,0.0
-3.14016,-0.05278,0.0
-3.14016,-0.02639,0.0
-3.14016,0,0.0
-3.14016,0.02639,0.0
-3.14016,0.05278,0.0
-3.14016,0.07916,0.0
-3.14016,0.10555,0.0
-3.14016,0.13194,0.0
-3.14016,0.15833,0.0
-3.14016,0.18472,0.0
-3.14016,0.2111,0.0
-3.14016,0.23749,0.0
-3.14016,0.26388,0.0
-3.14016,0.29027,0.0
-3.14016,0.31665,0.0
-3.14016,0.34304,0.0
-3.14016,0.36943,0.0
-3.14016,0.39582,0.0
-3.14016,0.42221,0.0
-3.14016,0.44859,0.0
-3.14016,0.47498,0.0
-3.14016,0.50137,0.0
-3.14016,0.52776,0.0
-3.14016,0.55415,0.0
-3.14016,0.58053,0.0
-3.14016,0.60692,0.0
-3.14016,0.63331,0.0
-3.11377,-0.63331,0.0
-3.11377,-0.60692,0.0
-3.11377,-0.58053,0.0
-3.11377,-0.55415,0.0
-3.11377,-0.52776,0.0
-3.11377,-0.50137,0.0
-3.11377,-0.47498,0.0
-3.11377,-0.44859,0.0
-3.11377,-0.42221,0.0
-3.11377,-0.39582,0.0
-3.11377,-0.36943,0.0
-3.11377,-0.34304,0.0
-3.11377,-0.31665,0.0
-3.11377,-0.29027,0.0
-3.11377,-0.26388,0.0
-3.11377,-0.23749,0.0
-3.11377,-0.2111,0.0
-3.11377,-0.18472,0.0
-3.11377,-0.15833,0.0
-3.11377,-0.13194,0.0
-3.11377,-0.10555,0.0
-3.11377,-0.07916,0.0
-3.11377,-0.05278,0.0
-3.11377,-0.02639,0.0
-3.11377,0,0.0
-3.11377,0.02639,0.0
-3.11377,0.05278,0.0
-3.11377,0.07916,0.0
-3.11377,0.10555,0.0
-3.11377,0.13194,0.0
-3.11377,0.15833,0.0
-3.11377,0.18472,0.0
-3.11377,0.2111,0.0
-3.11377,0.23749,0.0
-3.11377,0.26388,0.0
-3.11377,0.29027,0.0
-3.11377,0.31665,0.0
-3.11377,0.34304,0.0
-3.11377,0.36943,0.0
-3.11377,0.39582,0.0
-3.11377,0.42221,0.0
-3.11377,0.44859,0.0
-3.11377,0.47498,0.0
-3.11377,0.50137,0.0
-3.11377,0.52776,0.0
-3.11377,0.55415,0.0
-3.11377,0.58053,0.0
-3.11377,0.60692,0.0
-3.11377,0.63331,0.0
-3.08738,-0.63331,0.0
-3.08738,-0.60692,0.0
-3.08738,-0.58053,0.0
-3.08738,-0.55415,0.0
-3.08738,-0.52776,0.0
-3.08738,-0.50137,0.0
-3.08738,-0.47498,0.0
-3.08738,-0.44859,0.0
-3.08738,-0.42221,0.0
-3.08738,-0.39582,0.0
-3.08738,-0.36943,0.0
-3.08738,-0.34304,0.0
-3.08738,-0.31665,0.0
-3.08738,-0.29027,0.0
-3.08738,-0.26388,0.0
-3.08738,-0.23749,0.0
-3.08738,-0.2111,0.0
-3.08738,-0.18472,0.0
-3.08738,-0.15833,0.0
-3.08738,-0.13194,0.0
-3.08738,-0.10555,0.0
-3.08738,-0.07916,0.0
-3.08738,-0.05278,0.0
-3.08738,-0.02639,0.0
-3.08738,0,0.0
-3.08738,0.02639,0.0
-3.08738,0.05278,0.0
-3.08738,0.07916,0.0
-3.08738,0.10555,0.0
-3.08738,0.13194,0.0
-3.08738,0.15833,0.0
-3.08738,0.18472,0.0
-3.08738,0.2111,0.0
-3.08738,0.23749,0.0
-3.08738,0.26388,0.0
-3.08738,0.29027,0.0
-3.08738,0.31665,0.0
-3.08738,0.34304,0.0
-3.08738,0.36943,0.0
-3.08738,0.39582,0.0
-3.08738,0.42221,0.0
-3.08738,0.44859,0.0
-3.08738,0.47498,0.0
-3.08738,0.50137,0.0
-3.08738,0.52776,0.0
-3.08738,0.55415,0.0
-3.08738,0.58053,0.0
-3.08738,0.60692,0.0
-3.08738,0.63331,0.0
-3.061,-0.63331,0.0
-3.061,-0.60692,0.0
-3.061,-0.58053,0.0
-3.061,-0.55415,0.0
-3.061,-0.52776,0.0
-3.061,-0.50137,0.0
-3.061,-0.47498,0.0
-3.061,-0.44859,0.0
-3.061,-0.42221,0.0
-3.061,-0.39582,0.0
-3.061,-0.36943,0.0
-3.061,-0.34304,0.0
-3.061,-0.31665,0.0
-3.061,-0.29027,0.0
-3.061,-0.26388,0.0
-3.061,-0.23749,0.0
-3.061,-0.2111,0.0
-3.061,-0.18472,0.0
-3.061,-0.15833,0.0
-3.061,-0.13194,0.0
-3.061,-0.10555,0.0
-3.061,-0.07916,0.0
-3.061,-0.05278,0.0
-3.061,-0.02639,0.0
-3.061,0,0.0
-3.061,0.02639,0.0
-3.061,0.05278,0.0
-3.061,0.07916,0.0
-3.061,0.10555,0.0
-3.061,0.13194,0.0
-3.061,0.15833,0.0
-3.061,0.18472,0.0
-3.061,0.2111,0.0
-3.061,0.23749,0.0
-3.061,0.26388,0.0
-3.061,0.29027,0.0
-3.061,0.31665,0.0
-3.061,0.34304,0.0
-3.061,0.36943,0.0
-3.061,0.39582,0.0
-3.061,0.42221,0.0
-3.061,0.44859,0.0
-3.061,0.47498,0.0
-3.061,0.50137,0.0
-3.061,0.52776,0.0
-3.061,0.55415,0.0
-3.061,0.58053,0.0
-3.061,0.60692,0.0
-3.061,0.63331,0.0
-3.03461,-0.63331,0.0
-3.03461,-0.60692,0.0
-3.03461,-0.58053,0.0
-3.03461,-0.55415,0.0
-3.03461,-0.52776,0.0
-3.03461,-0.50137,0.0
-3.03461,-0.47498,0.0
-3.03461,-0.44859,0.0
-3.03461,-0.42221,0.0
-3.03461,-0.39582,0.0
-3.03461,-0.36943,0.0
-3.03461,-0.34304,0.0
-3.03461,-0.31665,0.0
-3.03461,-0.29027,0.0
-3.03461,-0.26388,0.0
-3.03461,-0.23749,0.0
-3.03461,-0.2111,0.0
-3.03461,-0.18472,0.0
-3.03461,-0.15833,0.0
-3.03461,-0.13194,0.0
-3.03461,-0.10555,0.0
-3.03461,-0.07916,0.0
-3.03461,-0.05278,0.0
-3.03461,-0.02639,0.0
-3.03461,0,0.0
-3.03461,0.02639,0.0
-3.03461,0.05278,0.0
-3.03461,0.07916,0.0
-3.03461,0.10555,0.0
-3.03461,0.13194,0.0
-3.03461,0.15833,0.0
-3.03461,0.18472,0.0
-3.03461,0.2111,0.0
-3.03461,0.23749,0.0
-3.03461,0.26388,0.0
-3.03461,0.29027,0.0
-3.03461,0.31665,0.0
-3.03461,0.34304,0.0
-3.03461,0.36943,0.0
-3.03461,0.39582,0.0
-3.03461,0.42221,0.0
-3.03461,0.44859,0.0
-3.03461,0.47498,0.0
-3.03461,0.50137,0.0
-3.03461,0.52776,0.0
-3.03461,0.55415,0.0
-3.03461,0.58053,0.0
-3.03461,0.60692,0.0
-3.03461,0.63331,0.0
-3.00822,-0.63331,0.0
-3.00822,-0.60692,0.0
-3.00822,-0.58053,0.0
-3.00822,-0.55415,0.0
-3.00822,-0.52776,0.0
-3.00822,-0.50137,0.0
-3.00822,-0.47498,0.0
-3.00822,-0.44859,0.0
-3.00822,-0.42221,0.0
-3.00822,-0.39582,0.0
-3.00822,-0.36943,0.0
-3.00822,-0.34304,0.0
-3.00822,-0.31665,0.0
-3.00822,-0.29027,0.0
-3.00822,-0.26388,0.0
-3.00822,-0.23749,0.0
-3.00822,-0.2111,0.0
-3.00822,-0.18472,0.0
-3.00822,-0.15833,0.0
-3.00822,-0.13194,0.0
-3.00822,-0.10555,0.0
-3.00822,-0.07916,0.0
-3.00822,-0.05278,0.0
-3.00822,-0.02639,0.0
-3.00822,0,0.0
-3.00822,0.02639,0.0
-3.00822,0.05278,0.0
-3.00822,0.07916,0.0
-3.00822,0.10555,0.0
-3.00822,0.13194,0.0
-3.00822,0.15833,0.0
-3.00822,0.18472,0.0
-3.00822,0.2111,0.0
-3.00822,0.23749,0.0
-3.00822,0.26388,0.0
-3.00822,0.29027,0.0
-3.00822,0.31665,0.0
-3.00822,0.34304,0.0
-3.00822,0.36943,0.0
-3.00822,0.39582,0.0
-3.00822,0.42221,0.0
-3.00822,0.44859,0.0
-3.00822,0.47498,0.0
-3.00822,0.50137,0.0
-3.00822,0.52776,0.0
-3.00822,0.55415,0.0
-3.00822,0.58053,0.0
-3.00822,0.60692,0.0
-3.00822,0.63331,0.0
-2.98183,-0.63331,0.0
-2.98183,-0.60692,0.0
-2.98183,-0.58053,0.0
-2.98183,-0.55415,0.0
-2.98183,-0.52776,0.0
-2.98183,-0.50137,0.0
-2.98183,-0.47498,0.0
-2.98183,-0.44859,0.0
-2.98183,-0.42221,0.0
-2.98183,-0.39582,0.0
-2.98183,-0.36943,0.0
-2.98183,-0.34304,0.0
-2.98183,-0.31665,0.0
-2.98183,-0.29027,0.0
-2.98183,-0.26388,0.0
-2.98183,-0.23749,0.0
-2.98183,-0.2111,0.0
-2.98183,-0.18472,0.0
-2.98183,-0.15833,0.0
-2.98183,-0.13194,0.0
-2.98183,-0.10555,0.0
-2.98183,-0.07916,0.0
-2.98183,-0.05278,0.0
-2.98183,-0.02639,0.0
-2.98183,0,0.0
-2.98183,0.02639,0.0
-2.98183,0.05278,0.0
-2.98183,0.07916,0.0
-2.98183,0.10555,0.0
-2.98183,0.13194,0.0
-2.98183,0.15833,0.0
-2.98183,0.18472,0.0
-2.98183,0.2111,0.0
-2.98183,0.23749,0.0
-2.98183,0.26388,0.0
-2.98183,0.29027,0.0
-2.98183,0.31665,0.0
-2.98183,0.34304,0.0
-2.98183,0.36943,0.0
-2.98183,0.39582,0.0
-2.98183,0.42221,0.0
-2.98183,0.44859,0.0
-2.98183,0.47498,0.0
-2.98183,0.50137,0.0
-2.98183,0.52776,0.0
-2.98183,0.55415,0.0
-2.98183,0.58053,0.0
-2.98183,0.60692,0.0
-2.98183,0.63331,0.0
-2.95544,-0.63331,0.0
-2.95544,-0.60692,0.0
-2.95544,-0.58053,0.0
-2.95544,-0.55415,0.0
-2.95544,-0.52776,0.0
-2.95544,-0.50137,0.0
-2.95544,-0.47498,0.0
-2.95544,-0.44859,0.0
-2.95544,-0.42221,0.0
-2.95544,-0.39582,0.0
-2.95544,-0.36943,0.0
-2.95544,-0.34304,0.0
-2.95544,-0.31665,0.0
-2.95544,-0.29027,0.0
-2.95544,-0.26388,0.0
-2.95544,-0.23749,0.0
-2.95544,-0.2111,0.0
-2.95544,-0.18472,0.0
-2.95544,-0.15833,0.0
-2.95544,-0.13194,0.0
-2.95544,-0.10555,0.0
-2.95544,-0.07916,0.0
-2.95544,-0.05278,0.0
-2.95544,-0.02639,0.0
-2.95544,0,0.0
-2.95544,0.02639,0.0
-2.95544,0.05278,0.0
-2.95544,0.07916,0.0
-2.95544,0.10555,0.0
-2.95544,0.13194,0.0
-2.95544,0.15833,0.0
-2.95544,0.18472,0.0
-2.95544,0.2111,0.0
-2.95544,0.23749,0.0
-2.95544,0.26388,0.0
-2.95544,0.29027,0.0
-2.95544,0.31665,0.0
-2.95544,0.34304,0.0
-2.95544,0.36943,0.0
-2.95544,0.39582,0.0
-2.95544,0.42221,0.0
-2.95544,0.44859,0.0
-2.95544,0.47498,0.0
-2.95544,0.50137,0.0
-2.95544,0.52776,0.0
-2.95544,0.55415,0.0
-2.95544,0.58053,0.0
-2.95544,0.60692,0.0
-2.95544,0.63331,0.0
-2.92906,-0.63331,0.0
-2.92906,-0.60692,0.0
-2.92906,-0.58053,0.0
-2.92906,-0.55415,0.0
-2.92906,-0.52776,0.0
-2.92906,-0.50137,0.0
-2.92906,-0.47498,0.0
-2.92906,-0.44859,0.0
-2.92906,-0.42221,0.0
-2.92906,-0.39582,0.0
-2.92906,-0.36943,0.0
-2.92906,-0.34304,0.0
-2.92906,-0.31665,0.0
-2.92906,-0.29027,0.0
-2.92906,-0.26388,0.0
-2.92906,-0.23749,0.0
-2.92906,-0.2111,0.0
-2.92906,-0.18472,0.0
-2.92906,-0.15833,0.0
-2.92906,-0.13194,0.0
-2.92906,-0.10555,0.0
-2.92906,-0.07916,0.0
-2.92906,-0.05278,0.0
-2.92906,-0.02639,0.0
-2.92906,0,0.0
-2.92906,0.02639,0.0
-2.92906,0.05278,0.0
-2.92906,0.07916,0.0
-2.92906,0.10555,0.0
-2.92906,0.13194,0.0
-2.92906,0.15833,0.0
-2.92906,0.18472,0.0
-2.92906,0.2111,0.0
-2.92906,0.23749,0.0
-2.92906,0.26388,0.0
-2.92906,0.29027,0.0
-2.92906,0.31665,0.0
-2.92906,0.34304,0.0
-2.92906,0.36943,0.0
-2.92906,0.39582,0.0
-2.92906,0.42221,0.0
-2.92906,0.44859,0.0
-2.92906,0.47498,0.0
-2.92906,0.50137,0.0
-2.92906,0.52776,0.0
-2.92906,0.55415,0.0
-2.92906,0.58053,0.0
-2.92906,0.60692,0.0
-2.92906,0.63331,0.0
-2.90267,-0.63331,0.0
-2.90267,-0.60692,0.0
-2.90267,-0.58053,0.0
-2.90267,-0.55415,0.0
-2.90267,-0.52776,0.0
-2.90267,-0.50137,0.0
-2.90267,-0.47498,0.0
-2.90267,-0.44859,0.0
-2.90267,-0.42221,0.0
-2.90267,-0.39582,0.0
-2.90267,-0.36943,0.0
-2.90267,-0.34304,0.0
-2.90267,-0.31665,0.0
-2.90267,-0.29027,0.0
-2.90267,-0.26388,0.0
-2.90267,-0.23749,0.0
-2.90267,-0.2111,0.0
-2.90267,-0.18472,0.0
-2.90267,-0.15833,0.0
-2.90267,-0.13194,0.0
-2.90267,-0.10555,0.0
-2.90267,-0.07916,0.0
-2.90267,-0.05278,0.0
-2.90267,-0.02639,0.0
-2.90267,0,0.0
-2.90267,0.02639,0.0
-2.90267,0.05278,0.0
-2.90267,0.07916,0.0
-2.90267,0.10555,0.0
-2.90267,0.13194,0.0
-2.90267,0.15833,0.0
-2.90267,0.18472,0.0
-2.90267,0.2111,0.0
-2.90267,0.23749,0.0
-2.90267,0.26388,0.0
-2.90267,0.29027,0.0
-2.90267,0.31665,0.0
-2.90267,0.34304,0.0
-2.90267,0.36943,0.0
-2.90267,0.39582,0.0
-2.90267,0.42221,0.0
-2.90267,0.44859,0.0
-2.90267,0.47498,0.0
-2.90267,0.50137,0.0
-2.90267,0.52776,0.0
-2.90267,0.55415,0.0
-2.90267,0.58053,0.0
-2.90267,0.60692,0.0
-2.90267,0.63331,0.0
-2.87628,-0.63331,0.0
-2.87628,-0.60692,0.0
-2.87628,-0.58053,0.0
-2.87628,-0.55415,0.0
-2.87628,-0.52776,0.0
-2.87628,-0.50137,0.0
-2.87628,-0.47498,0.0
-2.87628,-0.44859,0.0
-2.87628,-0.42221,0.0
-2.87628,-0.39582,0.0
-2.87628,-0.36943,0.0
-2.87628,-0.34304,0.0
-2.87628,-0.31665,0.0
-2.87628,-0.29027,0.0
-2.87628,-0.26388,0.0
-2.87628,-0.23749,0.0
-2.87628,-0.2111,0.0
-2.87628,-0.18472,0.0
-2.87628,-0.15833,0.0
-2.87628,-0.13194,0.0
-2.87628,-0.10555,0.0
-2.87628,-0.07916,0.0
-2.87628,-0.05278,0.0
-2.87628,-0.02639,0.0
-2.87628,0,0.0
-2.87628,0.02639,0.0
-2.87628,0.05278,0.0
-2.87628,0.07916,0.0
-2.87628,0.10555,0.0
-2.87628,0.13194,0.0
-2.87628,0.15833,0.0
-2.87628,0.18472,0.0
-2.87628,0.2111,0.0
-2.87628,0.23749,0.0
-2.87628,0.26388,0.0
-2.87628,0.29027,0.0
-2.87628,0.31665,0.0
-2.87628,0.34304,0.0
-2.87628,0.36943,0.0
-2.87628,0.39582,0.0
-2.87628,0.42221,0.0
-2.87628,0.44859,0.0
-2.87628,0.47498,0.0
-2.87628,0.50137,0.0
-2.87628,0.52776,0.0
-2.87628,0.55415,0.0
-2.87628,0.58053,0.0
-2.87628,0.60692,0.0
-2.87628,0.63331,0.0
-2.84989,-0.63331,0.0
-2.84989,-0.60692,0.0
-2.84989,-0.58053,0.0
-2.84989,-0.55415,0.0
-2.84989,-0.52776,0.0
-2.84989,-0.50137,0.0
-2.84989,-0.47498,0.0
-2.84989,-0.44859,0.0
-2.84989,-0.42221,0.0
-2.84989,-0.39582,0.0
-2.84989,-0.36943,0.0
-2.84989,-0.34304,0.0
-2.84989,-0.31665,0.0
-2.84989,-0.29027,0.0
-2.84989,-0.26388,0.0
-2.84989,-0.23749,0.0
-2.84989,-0.2111,0.0
-2.84989,-0.18472,0.0
-2.84989,-0.15833,0.0
-2.84989,-0.13194,0.0
-2.84989,-0.10555,0.0
-2.84989,-0.07916,0.0
-2.84989,-0.05278,0.0
-2.84989,-0.02639,0.0
-2.84989,0,0.0
-2.84989,0.02639,0.0
-2.84989,0.05278,0.0
-2.84989,0.07916,0.0
-2.84989,0.10555,0.0
-2.84989,0.13194,0.0
-2.84989,0.15833,0.0
-2.84989,0.18472,0.0
-2.84989,0.2111,0.0
-2.84989,0.23749,0.0
-2.84989,0.26388,0.0
-2.84989,0.29027,0.0
-2.84989,0.31665,0.0
-2.84989,0.34304,0.0
-2.84989,0.36943,0.0
-2.84989,0.39582,0.0
-2.84989,0.42221,0.0
-2.84989,0.44859,0.0
-2.84989,0.47498,0.0
-2.84989,0.50137,0.0
-2.84989,0.52776,0.0
-2.84989,0.55415,0.0
-2.84989,0.58053,0.0
-2.84989,0.60692,0.0
-2.84989,0.63331,0.0
-2.82351,-0.63331,0.0
-2.82351,-0.60692,0.0
-2.82351,-0.58053,0.0
-2.82351,-0.55415,0.0
-2.82351,-0.52776,0.0
-2.82351,-0.50137,0.0
-2.82351,-0.47498,0.0
-2.82351,-0.44859,0.0
-2.82351,-0.42221,0.0
-2.82351,-0.39582,0.0
-2.82351,-0.36943,0.0
-2.82351,-0.34304,0.0
-2.82351,-0.31665,0.0
-2.82351,-0.29027,0.0
-2.82351,-0.26388,0.0
-2.82351,-0.23749,0.0
-2.82351,-0.2111,0.0
-2.82351,-0.18472,0.0
-2.82351,-0.15833,0.0
-2.82351,-0.13194,0.0
-2.82351,-0.10555,0.0
-2.82351,-0.07916,0.0
-2.82351,-0.05278,0.0
-2.82351,-0.02639,0.0
-2.82351,0,0.0
-2.82351,0.02639,0.0
-2.82351,0.05278,0.0
-2.82351,0.07916,0.0
-2.82351,0.10555,0.0
-2.82351,0.13194,0.0
-2.82351,0.15833,0.0
-2.82351,0.18472,0.0
-2.82351,0.2111,0.0
-2.82351,0.23749,0.0
-2.82351,0.26388,0.0
-2.82351,0.29027,0.0
-2.82351,0.31665,0.0
-2.82351,0.34304,0.0
-2.82351,0.36943,0.0
-2.82351,0.39582,0.0
-2.82351,0.42221,0.0
-2.82351,0.44859,0.0
-2.82351,0.47498,0.0
-2.82351,0.50137,0.0
-2.82351,0.52776,0.0
-2.82351,0.55415,0.0
-2.82351,0.58053,0.0
-2.82351,0.60692,0.0
-2.82351,0.63331,0.0
-2.79712,-0.63331,0.0
-2.79712,-0.60692,0.0
-2.79712,-0.58053,0.0
-2.79712,-0.55415,0.0
-2.79712,-0.52776,0.0
-2.79712,-0.50137,0.0
-2.79712,-0.47498,0.0
-2.79712,-0.44859,0.0
-2.79712,-0.42221,0.0
-2.79712,-0.39582,0.0
-2.79712,-0.36943,0.0
-2.79712,-0.34304,0.0
-2.79712,-0.31665,0.0
-2.79712,-0.29027,0.0
-2.79712,-0.26388,0.0
-2.79712,-0.23749,0.0
-2.79712,-0.2111,0.0
-2.79712,-0.18472,0.0
-2.79712,-0.15833,0.0
-2.79712,-0.13194,0.0
-2.79712,-0.10555,0.0
-2.79712,-0.07916,0.0
-2.79712,-0.05278,0.0
-2.79712,-0.02639,0.0
-2.79712,0,0.0
-2.79712,0.02639,0.0
-2.79712,0.05278,0.0
-2.79712,0.07916,0.0
-2.79712,0.10555,0.0
-2.79712,0.13194,0.0
-2.79712,0.15833,0.0
-2.79712,0.18472,0.0
-2.79712,0.2111,0.0
-2.79712,0.23749,0.0
-2.79712,0.26388,0.0
-2.79712,0.29027,0.0
-2.79712,0.31665,0.0
-2.79712,0.34304,0.0
-2.79712,0.36943,0.0
-2.79712,0.39582,0.0
-2.79712,0.42221,0.0
-2.79712,0.44859,0.0
-2.79712,0.47498,0.0
-2.79712,0.50137,0.0
-2.79712,0.52776,0.0
-2.79712,0.55415,0.0
-2.79712,0.58053,0.0
-2.79712,0.60692,0.0
-2.79712,0.63331,0.0
-2.77073,-0.63331,0.0
-2.77073,-0.60692,0.0
-2.77073,-0.58053,0.0
-2.77073,-0.55415,0.0
-2.77073,-0.52776,0.0
-2.77073,-0.50137,0.0
-2.77073,-0.47498,0.0
-2.77073,-0.44859,0.0
-2.77073,-0.42221,0.0
-2.77073,-0.39582,0.0
-2.77073,-0.36943,0.0
-2.77073,-0.34304,0.0
-2.77073,-0.31665,0.0
-2.77073,-0.29027,0.0
-2.77073,-0.26388,0.0
-2.77073,-0.23749,0.0
-2.77073,-0.2111,0.0
-2.77073,-0.18472,0.0
-2.77073,-0.15833,0.0
-2.77073,-0.13194,0.0
-2.77073,-0.10555,0.0
-2.77073,-0.07916,0.0
-2.77073,-0.05278,0.0
-2.77073,-0.02639,0.0
-2.77073,0,0.0
-2.77073,0.02639,0.0
-2.77073,0.05278,0.0
-2.77073,0.07916,0.0
-2.77073,0.10555,0.0
-2.77073,0.13194,0.0
-2.77073,0.15833,0.0
-2.77073,0.18472,0.0
-2.77073,0.2111,0.0
-2.77073,0.23749,0.0
-2.77073,0.26388,0.0
-2.77073,0.29027,0.0
-2.77073,0.31665,0.0
-2.77073,0.34304,0.0
-2.77073,0.36943,0.0
-2.77073,0.39582,0.0
-2.77073,0.42221,0.0
-2.77073,0.44859,0.0
-2.77073,0.47498,0.0
-2.77073,0.50137,0.0
-2.77073,0.52776,0.0
-2.77073,0.55415,0.0
-2.77073,0.58053,0.0
-2.77073,0.60692,0.0
-2.77073,0.63331,0.0
-2.74434,-0.63331,0.0
-2.74434,-0.60692,0.0
-2.74434,-0.58053,0.0
-2.74434,-0.55415,0.0
-2.74434,-0.52776,0.0
-2.74434,-0.50137,0.0
-2.74434,-0.47498,0.0
-2.74434,-0.44859,0.0
-2.74434,-0.42221,0.0
-2.74434,-0.39582,0.0
-2.74434,-0.36943,0.0
-2.74434,-0.34304,0.0
-2.74434,-0.31665,0.0
-2.74434,-0.29027,0.0
-2.74434,-0.26388,0.0
-2.74434,-0.23749,0.0
-2.74434,-0.2111,0.0
-2.74434,-0.18472,0.0
-2.74434,-0.15833,0.0
-2.74434,-0.13194,0.0
-2.74434,-0.10555,0.0
-2.74434,-0.07916,0.0
-2.74434,-0.05278,0.0
-2.74434,-0.02639,0.0
-2.74434,0,0.0
-2.74434,0.02639,0.0
-2.74434,0.05278,0.0
-2.74434,0.07916,0.0
-2.74434,0.10555,0.0
-2.74434,0.13194,0.0
-2.74434,0.15833,0.0
-2.74434,0.18472,0.0
-2.74434,0.2111,0.0
-2.74434,0.23749,0.0
-2.74434,0.26388,0.0
-2.74434,0.29027,0.0
-2.74434,0.31665,0.0
-2.74434,0.34304,0.0
-2.74434,0.36943,0.0
-2.74434,0.39582,0.0
-2.74434,0.42221,0.0
-2.74434,0.44859,0.0
-2.74434,0.47498,0.0
-2.74434,0.50137,0.0
-2.74434,0.52776,0.0
-2.74434,0.55415,0.0
-2.74434,0.58053,0.0
-2.74434,0.60692,0.0
-2.74434,0.63331,0.0
-2.71795,-0.63331,0.0
-2.71795,-0.60692,0.0
-2.71795,-0.58053,0.0
-2.71795,-0.55415,0.0
-2.71795,-0.52776,0.0
-2.71795,-0.50137,0.0
-2.71795,-0.47498,0.0
-2.71795,-0.44859,0.0
-2.71795,-0.42221,0.0
-2.71795,-0.39582,0.0
-2.71795,-0.36943,0.0
-2.71795,-0.34304,0.0
-2.71795,-0.31665,0.0
-2.71795,-0.29027,0.0
-2.71795,-0.26388,0.0
-2.71795,-0.23749,0.0
-2.71795,-0.2111,0.0
-2.71795,-0.18472,0.0
-2.71795,-0.15833,0.0
-2.71795,-0.13194,0.0
-2.71795,-0.10555,0.0
-2.71795,-0.07916,0.0
-2.71795,-0.05278,0.0
-2.71795,-0.02639,0.0
-2.71795,0,0.0
-2.71795,0.02639,0.0
-2.71795,0.05278,0.0
-2.71795,0.07916,0.0
-2.71795,0.10555,0.0
-2.71795,0.13194,0.0
-2.71795,0.15833,0.0
-2.71795,0.18472,0.0
-2.71795,0.2111,0.0
-2.71795,0.23749,0.0
-2.71795,0.26388,0.0
-2.71795,0.29027,0.0
-2.71795,0.31665,0.0
-2.71795,0.34304,0.0
-2.71795,0.36943,0.0
-2.71795,0.39582,0.0
-2.71795,0.42221,0.0
-2.71795,0.44859,0.0
-2.71795,0.47498,0.0
-2.71795,0.50137,0.0
-2.71795,0.52776,0.0
-2.71795,0.55415,0.0
-2.71795,0.58053,0.0
-2.71795,0.60692,0.0
-2.71795,0.63331,0.0
-2.69157,-0.63331,0.0
-2.69157,-0.60692,0.0
-2.69157,-0.58053,0.0
-2.69157,-0.55415,0.0
-2.69157,-0.52776,0.0
-2.69157,-0.50137,0.0
-2.69157,-0.47498,0.0
-2.69157,-0.44859,0.0
-2.69157,-0.42221,0.0
-2.69157,-0.39582,0.0
-2.69157,-0.36943,0.0
-2.69157,-0.34304,0.0
-2.69157,-0.31665,0.0
-2.69157,-0.29027,0.0
-2.69157,-0.26388,0.0
-2.69157,-0.23749,0.0
-2.69157,-0.2111,0.0
-2.69157,-0.18472,0.0
-2.69157,-0.15833,0.0
-2.69157,-0.13194,0.0
-2.69157,-0.10555,0.0
-2.69157,-0.07916,0.0
-2.69157,-0.05278,0.0
-2.69157,-0.02639,0.0
-2.69157,0,0.0
-2.69157,0.02639,0.0
-2.69157,0.05278,0.0
-2.69157,0.07916,0.0
-2.69157,0.10555,0.0
-2.69157,0.13194,0.0
-2.69157,0.15833,0.0
-2.69157,0.18472,0.0
-2.69157,0.2111,0.0
-2.69157,0.23749,0.0
-2.69157,0.26388,0.0
-2.69157,0.29027,0.0
-2.69157,0.31665,0.0
-2.69157,0.34304,0.0
-2.69157,0.36943,0.0
-2.69157,0.39582,0.0
-2.69157,0.42221,0.0
-2.69157,0.44859,0.0
-2.69157,0.47498,0.0
-2.69157,0.50137,0.0
-2.69157,0.52776,0.0
-2.69157,0.55415,0.0
-2.69157,0.58053,0.0
-2.69157,0.60692,0.0
-2.69157,0.63331,0.0
-2.66518,-0.63331,0.0
-2.66518,-0.60692,0.0
-2.66518,-0.58053,0.0
-2.66518,-0.55415,0.0
-2.66518,-0.52776,0.0
-2.66518,-0.50137,0.0
-2.66518,-0.47498,0.0
-2.66518,-0.44859,0.0
-2.66518,-0.42221,0.0
-2.66518,-0.39582,0.0
-2.66518,-0.36943,0.0
-2.66518,-0.34304,0.0
-2.66518,-0.31665,0.0
-2.66518,-0.29027,0.0
-2.66518,-0.26388,0.0
-2.66518,-0.23749,0.0
-2.66518,-0.2111,0.0
-2.66518,-0.18472,0.0
-2.66518,-0.15833,0.0
-2.66518,-0.13194,0.0
-2.66518,-0.10555,0.0
-2.66518,-0.07916,0.0
-2.66518,-0.05278,0.0
-2.66518,-0.02639,0.0
-2.66518,0,0.0
-2.66518,0.02639,0.0
-2.66518,0.05278,0.0
-2.66518,0.07916,0.0
-2.66518,0.10555,0.0
-2.66518,0.13194,0.0
-2.66518,0.15833,0.0
-2.66518,0.18472,0.0
-2.66518,0.2111,0.0
-2.66518,0.23749,0.0
-2.66518,0.26388,0.0
-2.66518,0.29027,0.0
-2.66518,0.31665,0.0
-2.66518,0.34304,0.0
-2.66518,0.36943,0.0
-2.66518,0.39582,0.0
-2.66518,0.42221,0.0
-2.66518,0.44859,0.0
-2.66518,0.47498,0.0
-2.66518,0.50137,0.0
-2.66518,0.52776,0.0
-2.66518,0.55415,0.0
-2.66518,0.58053,0.0
-2.66518,0.60692,0.0
-2.66518,0.63331,0.0
-2.63879,-0.63331,0.0
-2.63879,-0.60692,0.0
-2.63879,-0.58053,0.0
-2.63879,-0.55415,0.0
-2.63879,-0.52776,0.0
-2.63879,-0.50137,0.0
-2.63879,-0.47498,0.0
-2.63879,-0.44859,0.0
-2.63879,-0.42221,0.0
-2.63879,-0.39582,0.0
-2.63879,-0.36943,0.0
-2.63879,-0.34304,0.0
-2.63879,-0.31665,0.0
-2.63879,-0.29027,0.0
-2.63879,-0.26388,0.0
-2.63879,-0.23749,0.0
-2.63879,-0.2111,0.0
-2.63879,-0.18472,0.0
-2.63879,-0.15833,0.0
-2.63879,-0.13194,0.0
-2.63879,-0.10555,0.0
-2.63879,-0.07916,0.0
-2.63879,-0.05278,0.0
-2.63879,-0.02639,0.0
-2.63879,0,0.0
-2.63879,0.02639,0.0
-2.63879,0.05278,0.0
-2.63879,0.07916,0.0
-2.63879,0.10555,0.0
-2.63879,0.13194,0.0
-2.63879,0.15833,0.0
-2.63879,0.18472,0.0
-2.63879,0.2111,0.0
-2.63879,0.23749,0.0
-2.63879,0.26388,0.0
-2.63879,0.29027,0.0
-2.63879,0.31665,0.0
-2.63879,0.34304,0.0
-2.63879,0.36943,0.0
-2.63879,0.39582,0.0
-2.63879,0.42221,0.0
-2.63879,0.44859,0.0
-2.63879,0.47498,0.0
-2.63879,0.50137,0.0
-2.63879,0.52776,0.0
-2.63879,0.55415,0.0
-2.63879,0.58053,0.0
-2.63879,0.60692,0.0
-2.63879,0.63331,0.0
-2.6124,-0.63331,0.0
-2.6124,-0.60692,0.0
-2.6124,-0.58053,0.0
-2.6124,-0.55415,0.0
-2.6124,-0.52776,0.0
-2.6124,-0.50137,0.0
-2.6124,-0.47498,0.0
-2.6124,-0.44859,0.0
-2.6124,-0.42221,0.0
-2.6124,-0.39582,0.0
-2.6124,-0.36943,0.0
-2.6124,-0.34304,0.0
-2.6124,-0.31665,0.0
-2.6124,-0.29027,0.0
-2.6124,-0.26388,0.0
-2.6124,-0.23749,0.0
-2.6124,-0.2111,0.0
-2.6124,-0.18472,0.0
-2.6124,-0.15833,0.0
-2.6124,-0.13194,0.0
-2.6124,-0.10555,0.0
-2.6124,-0.07916,0.0
-2.6124,-0.05278,0.0
-2.6124,-0.02639,0.0
-2.6124,0,0.0
-2.6124,0.02639,0.0
-2.6124,0.05278,0.0
-2.6124,0.07916,0.0
-2.6124,0.10555,0.0
-2.6124,0.13194,0.0
-2.6124,0.15833,0.0
-2.6124,0.18472,0.0
-2.6124,0.2111,0.0
-2.6124,0.23749,0.0
-2.6124,0.26388,0.0
-2.6124,0.29027,0.0
-2.6124,0.31665,0.0
-2.6124,0.34304,0.0
-2.6124,0.36943,0.0
-2.6124,0.39582,0.0
-2.6124,0.42221,0.0
-2.6124,0.44859,0.0
-2.6124,0.47498,0.0
-2.6124,0.50137,0.0
-2.6124,0.52776,0.0
-2.6124,0.55415,0.0
-2.6124,0.58053,0.0
-2.6124,0.60692,0.0
-2.6124,0.63331,0.0
-2.58601,-0.63331,0.0
-2.58601,-0.60692,0.0
-2.58601,-0.58053,0.0
-2.58601,-0.55415,0.0
-2.58601,-0.52776,0.0
-2.58601,-0.50137,0.0
-2.58601,-0.47498,0.0
-2.58601,-0.44859,0.0
-2.58601,-0.42221,0.0
-2.58601,-0.39582,0.0
-2.58601,-0.36943,0.0
-2.58601,-0.34304,0.0
-2.58601,-0.31665,0.0
-2.58601,-0.29027,0.0
-2.58601,-0.26388,0.0
-2.58601,-0.23749,0.0
-2.58601,-0.2111,0.0
-2.58601,-0.18472,0.0
-2.58601,-0.15833,0.0
-2.58601,-0.13194,0.0
-2.58601,-0.10555,0.0
-2.58601,-0.07916,0.0
-2.58601,-0.05278,0.0
-2.58601,-0.02639,0.0
-2.58601,0,0.0
-2.58601,0.02639,0.0
-2.58601,0.05278,0.0
-2.58601,0.07916,0.0
-2.58601,0.10555,0.0
-2.58601,0.13194,0.0
-2.58601,0.15833,0.0
-2.58601,0.18472,0.0
-2.58601,0.2111,0.0
-2.58601,0.23749,0.0
-2.58601,0.26388,0.0
-2.58601,0.29027,0.0
-2.58601,0.31665,0.0
-2.58601,0.34304,0.0
-2.58601,0.36943,0.0
-2.58601,0.39582,0.0
-2.58601,0.42221,0.0
-2.58601,0.44859,0.0
-2.58601,0.47498,0.0
-2.58601,0.50137,0.0
-2.58601,0.52776,0.0
-2.58601,0.55415,0.0
-2.58601,0.58053,0.0
-2.58601,0.60692,0.0
-2.58601,0.63331,0.0
-2.55963,-0.63331,0.0
-2.55963,-0.60692,0.0
-2.55963,-0.58053,0.0
-2.55963,-0.55415,0.0
-2.55963,-0.52776,0.0
-2.55963,-0.50137,0.0
-2.55963,-0.47498,0.0
-2.55963,-0.44859,0.0
-2.55963,-0.42221,0.0
-2.55963,-0.39582,0.0
-2.55963,-0.36943,0.0
-2.55963,-0.34304,0.0
-2.55963,-0.31665,0.0
-2.55963,-0.29027,0.0
-2.55963,-0.26388,0.0
-2.55963,-0.23749,0.0
-2.55963,-0.2111,0.0
-2.55963,-0.18472,0.0
-2.55963,-0.15833,0.0
-2.55963,-0.13194,0.0
-2.55963,-0.10555,0.0
-2.55963,-0.07916,0.0
-2.55963,-0.05278,0.0
-2.55963,-0.02639,0.0
-2.55963,0,0.0
-2.55963,0.02639,0.0
-2.55963,0.05278,0.0
-2.55963,0.07916,0.0
-2.55963,0.10555,0.0
-2.55963,0.13194,0.0
-2.55963,0.15833,0.0
-2.55963,0.18472,0.0
-2.55963,0.2111,0.0
-2.55963,0.23749,0.0
-2.55963,0.26388,0.0
-2.55963,0.29027,0.0
-2.55963,0.31665,0.0
-2.55963,0.34304,0.0
-2.55963,0.36943,0.0
-2.55963,0.39582,0.0
-2.55963,0.42221,0.0
-2.55963,0.44859,0.0
-2.55963,0.47498,0.0
-2.55963,0.50137,0.0
-2.55963,0.52776,0.0
-2.55963,0.55415,0.0
-2.55963,0.58053,0.0
-2.55963,0.60692,0.0
-2.55963,0.63331,0.0
-2.53324,-0.63331,0.0
-2.53324,-0.60692,0.0
-2.53324,-0.58053,0.0
-2.53324,-0.55415,0.0
-2.53324,-0.52776,0.0
-2.53324,-0.50137,0.0
-2.53324,-0.47498,0.0
-2.53324,-0.44859,0.0
-2.53324,-0.42221,0.0
-2.53324,-0.39582,0.0
-2.53324,-0.36943,0.0
-2.53324,-0.34304,0.0
-2.53324,-0.31665,0.0
-2.53324,-0.29027,0.0
-2.53324,-0.26388,0.0
-2.53324,-0.23749,0.0
-2.53324,-0.2111,0.0
-2.53324,-0.18472,0.0
-2.53324,-0.15833,0.0
-2.53324,-0.13194,0.0
-2.53324,-0.10555,0.0
-2.53324,-0.07916,0.0
-2.53324,-0.05278,0.0
-2.53324,-0.02639,0.0
-2.53324,0,0.0
-2.53324,0.02639,0.0
-2.53324,0.05278,0.0
-2.53324,0.07916,0.0
-2.53324,0.10555,0.0
-2.53324,0.13194,0.0
-2.53324,0.15833,0.0
-2.53324,0.18472,0.0
-2.53324,0.2111,0.0
-2.53324,0.23749,0.0
-2.53324,0.26388,0.0
-2.53324,0.29027,0.0
-2.53324,0.31665,0.0
-2.53324,0.34304,0.0
-2.53324,0.36943,0.0
-2.53324,0.39582,0.0
-2.53324,0.42221,0.0
-2.53324,0.44859,0.0
-2.53324,0.47498,0.0
-2.53324,0.50137,0.0
-2.53324,0.52776,0.0
-2.53324,0.55415,0.0
-2.53324,0.58053,0.0
-2.53324,0.60692,0.0
-2.53324,0.63331,0.0
-2.50685,-0.63331,0.0
-2.50685,-0.60692,0.0
-2.50685,-0.58053,0.0
-2.50685,-0.55415,0.0
-2.50685,-0.52776,0.0
-2.50685,-0.50137,0.0
-2.50685,-0.47498,0.0
-2.50685,-0.44859,0.0
-2.50685,-0.42221,0.0
-2.50685,-0.39582,0.0
-2.50685,-0.36943,0.0
-2.50685,-0.34304,0.0
-2.50685,-0.31665,0.0
-2.50685,-0.29027,0.0
-2.50685,-0.26388,0.0
-2.50685,-0.23749,0.0
-2.50685,-0.2111,0.0
-2.50685,-0.18472,0.0
-2.50685,-0.15833,0.0
-2.50685,-0.13194,0.0
-2.50685,-0.10555,0.0
-2.50685,-0.07916,0.0
-2.50685,-0.05278,0.0
-2.50685,-0.02639,0.0
-2.50685,0,0.0
-2.50685,0.02639,0.0
-2.50685,0.05278,0.0
-2.50685,0.07916,0.0
-2.50685,0.10555,0.0
-2.50685,0.13194,0.0
-2.50685,0.15833,0.0
-2.50685,0.18472,0.0
-2.50685,0.2111,0.0
-2.50685,0.23749,0.0
-2.50685,0.26388,0.0
-2.50685,0.29027,0.0
-2.50685,0.31665,0.0
-2.50685,0.34304,0.0
-2.50685,0.36943,0.0
-2.50685,0.39582,0.0
-2.50685,0.42221,0.0
-2.50685,0.44859,0.0
-2.50685,0.47498,0.0
-2.50685,0.50137,0.0
-2.50685,0.52776,0.0
-2.50685,0.55415,0.0
-2.50685,0.58053,0.0
-2.50685,0.60692,0.0
-2.50685,0.63331,0.0
-2.48046,-0.63331,0.0
-2.48046,-0.60692,0.0
-2.48046,-0.58053,0.0
-2.48046,-0.55415,0.0
-2.48046,-0.52776,0.0
-2.48046,-0.50137,0.0
-2.48046,-0.47498,0.0
-2.48046,-0.44859,0.0
-2.48046,-0.42221,0.0
-2.48046,-0.39582,0.0
-2.48046,-0.36943,0.0
-2.48046,-0.34304,0.0
-2.48046,-0.31665,0.0
-2.48046,-0.29027,0.0
-2.48046,-0.26388,0.0
-2.48046,-0.23749,0.0
-2.48046,-0.2111,0.0
-2.48046,-0.18472,0.0
-2.48046,-0.15833,0.0
-2.48046,-0.13194,0.0
-2.48046,-0.10555,0.0
-2.48046,-0.07916,0.0
-2.48046,-0.05278,0.0
-2.48046,-0.02639,0.0
-2.48046,0,0.0
-2.48046,0.02639,0.0
-2.48046,0.05278,0.0
-2.48046,0.07916,0.0
-2.48046,0.10555,0.0
-2.48046,0.13194,0.0
-2.48046,0.15833,0.0
-2.48046,0.18472,0.0
-2.48046,0.2111,0.0
-2.48046,0.23749,0.0
-2.48046,0.26388,0.0
-2.48046,0.29027,0.0
-2.48046,0.31665,0.0
-2.48046,0.34304,0.0
-2.48046,0.36943,0.0
-2.48046,0.39582,0.0
-2.48046,0.42221,0.0
-2.48046,0.44859,0.0
-2.48046,0.47498,0.0
-2.48046,0.50137,0.0
-2.48046,0.52776,0.0
-2.48046,0.55415,0.0
-2.48046,0.58053,0.0
-2.48046,0.60692,0.0
-2.48046,0.63331,0.0
-2.45407,-0.63331,0.0
-2.45407,-0.60692,0.0
-2.45407,-0.58053,0.0
-2.45407,-0.55415,0.0
-2.45407,-0.52776,0.0
-2.45407,-0.50137,0.0
-2.45407,-0.47498,0.0
-2.45407,-0.44859,0.0
-2.45407,-0.42221,0.0
-2.45407,-0.39582,0.0
-2.45407,-0.36943,0.0
-2.45407,-0.34304,0.0
-2.45407,-0.31665,0.0
-2.45407,-0.29027,0.0
-2.45407,-0.26388,0.0
-2.45407,-0.23749,0.0
-2.45407,-0.2111,0.0
-2.45407,-0.18472,0.0
-2.45407,-0.15833,0.0
-2.45407,-0.13194,0.0
-2.45407,-0.10555,0.0
-2.45407,-0.07916,0.0
-2.45407,-0.05278,0.0
-2.45407,-0.02639,0.0
-2.45407,0,0.0
-2.45407,0.02639,0.0
-2.45407,0.05278,0.0
-2.45407,0.07916,0.0
-2.45407,0.10555,0.0
-2.45407,0.13194,0.0
-2.45407,0.15833,0.0
-2.45407,0.18472,0.0
-2.45407,0.2111,0.0
-2.45407,0.23749,0.0
-2.45407,0.26388,0.0
-2.45407,0.29027,0.0
-2.45407,0.31665,0.0
-2.45407,0.34304,0.0
-2.45407,0.36943,0.0
-2.45407,0.39582,0.0
-2.45407,0.42221,0.0
-2.45407,0.44859,0.0
-2.45407,0.47498,0.0
-2.45407,0.50137,0.0
-2.45407,0.52776,0.0
-2.45407,0.55415,0.0
-2.45407,0.58053,0.0
-2.45407,0.60692,0.0
-2.45407,0.63331,0.0
-2.42769,-0.63331,0.0
-2.42769,-0.60692,0.0
-2.42769,-0.58053,0.0
-2.42769,-0.55415,0.0
-2.42769,-0.52776,0.0
-2.42769,-0.50137,0.0
-2.42769,-0.47498,0.0
-2.42769,-0.44859,0.0
-2.42769,-0.42221,0.0
-2.42769,-0.39582,0.0
-2.42769,-0.36943,0.0
-2.42769,-0.34304,0.0
-2.42769,-0.31665,0.0
-2.42769,-0.29027,0.0
-2.42769,-0.26388,0.0
-2.42769,-0.23749,0.0
-2.42769,-0.2111,0.0
-2.42769,-0.18472,0.0
-2.42769,-0.15833,0.0
-2.42769,-0.13194,0.0
-2.42769,-0.10555,0.0
-2.42769,-0.07916,0.0
-2.42769,-0.05278,0.0
-2.42769,-0.02639,0.0
-2.42769,0,0.0
-2.42769,0.02639,0.0
-2.42769,0.05278,0.0
-2.42769,0.07916,0.0
-2.42769,0.10555,0.0
-2.42769,0.13194,0.0
-2.42769,0.15833,0.0
-2.42769,0.18472,0.0
-2.42769,0.2111,0.0
-2.42769,0.23749,0.0
-2.42769,0.26388,0.0
-2.42769,0.29027,0.0
-2.42769,0.31665,0.0
-2.42769,0.34304,0.0
-2.42769,0.36943,0.0
-2.42769,0.39582,0.0
-2.42769,0.42221,0.0
-2.42769,0.44859,0.0
-2.42769,0.47498,0.0
-2.42769,0.50137,0.0
-2.42769,0.52776,0.0
-2.42769,0.55415,0.0
-2.42769,0.58053,0.0
-2.42769,0.60692,0.0
-2.42769,0.63331,0.0
-2.4013,-0.63331,0.0
-2.4013,-0.60692,0.0
-2.4013,-0.58053,0.0
-2.4013,-0.55415,0.0
-2.4013,-0.52776,0.0
-2.4013,-0.50137,0.0
-2.4013,-0.47498,0.0
-2.4013,-0.44859,0.0
-2.4013,-0.42221,0.0
-2.4013,-0.39582,0.0
-2.4013,-0.36943,0.0
-2.4013,-0.34304,0.0
-2.4013,-0.31665,0.0
-2.4013,-0.29027,0.0
-2.4013,-0.26388,0.0
-2.4013,-0.23749,0.0
-2.4013,-0.2111,0.0
-2.4013,-0.18472,0.0
-2.4013,-0.15833,0.0
-2.4013,-0.13194,0.0
-2.4013,-0.10555,0.0
-2.4013,-0.07916,0.0
-2.4013,-0.05278,0.0
-2.4013,-0.02639,0.0
-2.4013,0,0.0
-2.4013,0.02639,0.0
-2.4013,0.05278,0.0
-2.4013,0.07916,0.0
-2.4013,0.10555,0.0
-2.4013,0.13194,0.0
-2.4013,0.15833,0.0
-2.4013,0.18472,0.0
-2.4013,0.2111,0.0
-2.4013,0.23749,0.0
-2.4013,0.26388,0.0
-2.4013,0.29027,0.0
-2.4013,0.31665,0.0
-2.4013,0.34304,0.0
-2.4013,0.36943,0.0
-2.4013,0.39582,0.0
-2.4013,0.42221,0.0
-2.4013,0.44859,0.0
-2.4013,0.47498,0.0
-2.4013,0.50137,0.0
-2.4013,0.52776,0.0
-2.4013,0.55415,0.0
-2.4013,0.58053,0.0
-2.4013,0.60692,0.0
-2.4013,0.63331,0.0
-2.37491,-0.63331,0.0
-2.37491,-0.60692,0.0
-2.37491,-0.58053,0.0
-2.37491,-0.55415,0.0
-2.37491,-0.52776,0.0
-2.37491,-0.50137,0.0
-2.37491,-0.47498,0.0
-2.37491,-0.44859,0.0
-2.37491,-0.42221,0.0
-2.37491,-0.39582,0.0
-2.37491,-0.36943,0.0
-2.37491,-0.34304,0.0
-2.37491,-0.31665,0.0
-2.37491,-0.29027,0.0
-2.37491,-0.26388,0.0
-2.37491,-0.23749,0.0
-2.37491,-0.2111,0.0
-2.37491,-0.18472,0.0
-2.37491,-0.15833,0.0
-2.37491,-0.13194,0.0
-2.37491,-0.10555,0.0
-2.37491,-0.07916,0.0
-2.37491,-0.05278,0.0
-2.37491,-0.02639,0.0
-2.37491,0,0.0
-2.37491,0.02639,0.0
-2.37491,0.05278,0.0
-2.37491,0.07916,0.0
-2.37491,0.10555,0.0
-2.37491,0.13194,0.0
-2.37491,0.15833,0.0
-2.37491,0.18472,0.0
-2.37491,0.2111,0.0
-2.37491,0.23749,0.0
-2.37491,0.26388,0.0
-2.37491,0.29027,0.0
-2.37491,0.31665,0.0
-2.37491,0.34304,0.0
-2.37491,0.36943,0.0
-2.37491,0.39582,0.0
-2.37491,0.42221,0.0
-2.37491,0.44859,0.0
-2.37491,0.47498,0.0
-2.37491,0.50137,0.0
-2.37491,0.52776,0.0
-2.37491,0.55415,0.0
-2.37491,0.58053,0.0
-2.37491,0.60692,0.0
-2.37491,0.63331,0.0
-2.34852,-0.63331,0.0
-2.34852,-0.60692,0.0
-2.34852,-0.58053,0.0
-2.34852,-0.55415,0.0
-2.34852,-0.52776,0.0
-2.34852,-0.50137,0.0
-2.34852,-0.47498,0.0
-2.34852,-0.44859,0.0
-2.34852,-0.42221,0.0
-2.34852,-0.39582,0.0
-2.34852,-0.36943,0.0
-2.34852,-0.34304,0.0
-2.34852,-0.31665,0.0
-2.34852,-0.29027,0.0
-2.34852,-0.26388,0.0
-2.34852,-0.23749,0.0
-2.34852,-0.2111,0.0
-2.34852,-0.18472,0.0
-2.34852,-0.15833,0.0
-2.34852,-0.13194,0.0
-2.34852,-0.10555,0.0
-2.34852,-0.07916,0.0
-2.34852,-0.05278,0.0
-2.34852,-0.02639,0.0
-2.34852,0,0.0
-2.34852,0.02639,0.0
-2.34852,0.05278,0.0
-2.34852,0.07916,0.0
-2.34852,0.10555,0.0
-2.34852,0.13194,0.0
-2.34852,0.15833,0.0
-2.34852,0.18472,0.0
-2.34852,0.2111,0.0
-2.34852,0.23749,0.0
-2.34852,0.26388,0.0
-2.34852,0.29027,0.0
-2.34852,0.31665,0.0
-2.34852,0.34304,0.0
-2.34852,0.36943,0.0
-2.34852,0.39582,0.0
-2.34852,0.42221,0.0
-2.34852,0.44859,0.0
-2.34852,0.47498,0.0
-2.34852,0.50137,0.0
-2.34852,0.52776,0.0
-2.34852,0.55415,0.0
-2.34852,0.58053,0.0
-2.34852,0.60692,0.0
-2.34852,0.63331,0.0
-2.32214,-0.63331,0.0
-2.32214,-0.60692,0.0
-2.32214,-0.58053,0.0
-2.32214,-0.55415,0.0
-2.32214,-0.52776,0.0
-2.32214,-0.50137,0.0
-2.32214,-0.47498,0.0
-2.32214,-0.44859,0.0
-2.32214,-0.42221,0.0
-2.32214,-0.39582,0.0
-2.32214,-0.36943,0.0
-2.32214,-0.34304,0.0
-2.32214,-0.31665,0.0
-2.32214,-0.29027,0.0
-2.32214,-0.26388,0.0
-2.32214,-0.23749,0.0
-2.32214,-0.2111,0.0
-2.32214,-0.18472,0.0
-2.32214,-0.15833,0.0
-2.32214,-0.13194,0.0
-2.32214,-0.10555,0.0
-2.32214,-0.07916,0.0
-2.32214,-0.05278,0.0
-2.32214,-0.02639,0.0
-2.32214,0,0.0
-2.32214,0.02639,0.0
-2.32214,0.05278,0.0
-2.32214,0.07916,0.0
-2.32214,0.10555,0.0
-2.32214,0.13194,0.0
-2.32214,0.15833,0.0
-2.32214,0.18472,0.0
-2.32214,0.2111,0.0
-2.32214,0.23749,0.0
-2.32214,0.26388,0.0
-2.32214,0.29027,0.0
-2.32214,0.31665,0.0
-2.32214,0.34304,0.0
-2.32214,0.36943,0.0
-2.32214,0.39582,0.0
-2.32214,0.42221,0.0
-2.32214,0.44859,0.0
-2.32214,0.47498,0.0
-2.32214,0.50137,0.0
-2.32214,0.52776,0.0
-2.32214,0.55415,0.0
-2.32214,0.58053,0.0
-2.32214,0.60692,0.0
-2.32214,0.63331,0.0
-2.29575,-0.63331,0.0
-2.29575,-0.60692,0.0
-2.29575,-0.58053,0.0
-2.29575,-0.55415,0.0
-2.29575,-0.52776,0.0
-2.29575,-0.50137,0.0
-2.29575,-0.47498,0.0
-2.29575,-0.44859,0.0
-2.29575,-0.42221,0.0
-2.29575,-0.39582,0.0
-2.29575,-0.36943,0.0
-2.29575,-0.34304,0.0
-2.29575,-0.31665,0.0
-2.29575,-0.29027,0.0
-2.29575,-0.26388,0.0
-2.29575,-0.23749,0.0
-2.29575,-0.2111,0.0
-2.29575,-0.18472,0.0
-2.29575,-0.15833,0.0
-2.29575,-0.13194,0.0
-2.29575,-0.10555,0.0
-2.29575,-0.07916,0.0
-2.29575,-0.05278,0.0
-2.29575,-0.02639,0.0
-2.29575,0,0.0
-2.29575,0.02639,0.0
-2.29575,0.05278,0.0
-2.29575,0.07916,0.0
-2.29575,0.10555,0.0
-2.29575,0.13194,0.0
-2.29575,0.15833,0.0
-2.29575,0.18472,0.0
-2.29575,0.2111,0.0
-2.29575,0.23749,0.0
-2.29575,0.26388,0.0
-2.29575,0.29027,0.0
-2.29575,0.31665,0.0
-2.29575,0.34304,0.0
-2.29575,0.36943,0.0
-2.29575,0.39582,0.0
-2.29575,0.42221,0.0
-2.29575,0.44859,0.0
-2.29575,0.47498,0.0
-2.29575,0.50137,0.0
-2.29575,0.52776,0.0
-2.29575,0.55415,0.0
-2.29575,0.58053,0.0
-2.29575,0.60692,0.0
-2.29575,0.63331,0.0
-2.26936,-0.63331,0.0
-2.26936,-0.60692,0.0
-2.26936,-0.58053,0.0
-2.26936,-0.55415,0.0
-2.26936,-0.52776,0.0
-2.26936,-0.50137,0.0
-2.26936,-0.47498,0.0
-2.26936,-0.44859,0.0
-2.26936,-0.42221,0.0
-2.26936,-0.39582,0.0
-2.26936,-0.36943,0.0
-2.26936,-0.34304,0.0
-2.26936,-0.31665,0.0
-2.26936,-0.29027,0.0
-2.26936,-0.26388,0.0
-2.26936,-0.23749,0.0
-2.26936,-0.2111,0.0
-2.26936,-0.18472,0.0
-2.26936,-0.15833,0.0
-2.26936,-0.13194,0.0
-2.26936,-0.10555,0.0
-2.26936,-0.07916,0.0
-2.26936,-0.05278,0.0
-2.26936,-0.02639,0.0
-2.26936,0,0.0
-2.26936,0.02639,0.0
-2.26936,0.05278,0.0
-2.26936,0.07916,0.0
-2.26936,0.10555,0.0
-2.26936,0.13194,0.0
-2.26936,0.15833,0.0
-2.26936,0.18472,0.0
-2.26936,0.2111,0.0
-2.26936,0.23749,0.0
-2.26936,0.26388,0.0
-2.26936,0.29027,0.0
-2.26936,0.31665,0.0
-2.26936,0.34304,0.0
-2.26936,0.36943,0.0
-2.26936,0.39582,0.0
-2.26936,0.42221,0.0
-2.26936,0.44859,0.0
-2.26936,0.47498,0.0
-2.26936,0.50137,0.0
-2.26936,0.52776,0.0
-2.26936,0.55415,0.0
-2.26936,0.58053,0.0
-2.26936,0.60692,0.0
-2.26936,0.63331,0.0
-2.24297,-0.63331,0.0
-2.24297,-0.60692,0.0
-2.24297,-0.58053,0.0
-2.24297,-0.55415,0.0
-2.24297,-0.52776,0.0
-2.24297,-0.50137,0.0
-2.24297,-0.47498,0.0
-2.24297,-0.44859,0.0
-2.24297,-0.42221,0.0
-2.24297,-0.39582,0.0
-2.24297,-0.36943,0.0
-2.24297,-0.34304,0.0
-2.24297,-0.31665,0.0
-2.24297,-0.29027,0.0
-2.24297,-0.26388,0.0
-2.24297,-0.23749,0.0
-2.24297,-0.2111,0.0
-2.24297,-0.18472,0.0
-2.24297,-0.15833,0.0
-2.24297,-0.13194,0.0
-2.24297,-0.10555,0.0
-2.24297,-0.07916,0.0
-2.24297,-0.05278,0.0
-2.24297,-0.02639,0.0
-2.24297,0,0.0
-2.24297,0.02639,0.0
-2.24297,0.05278,0.0
-2.24297,0.07916,0.0
-2.24297,0.10555,0.0
-2.24297,0.13194,0.0
-2.24297,0.15833,0.0
-2.24297,0.18472,0.0
-2.24297,0.2111,0.0
-2.24297,0.23749,0.0
-2.24297,0.26388,0.0
-2.24297,0.29027,0.0
-2.24297,0.31665,0.0
-2.24297,0.34304,0.0
-2.24297,0.36943,0.0
-2.24297,0.39582,0.0
-2.24297,0.42221,0.0
-2.24297,0.44859,0.0
-2.24297,0.47498,0.0
-2.24297,0.50137,0.0
-2.24297,0.52776,0.0
-2.24297,0.55415,0.0
-2.24297,0.58053,0.0
-2.24297,0.60692,0.0
-2.24297,0.63331,0.0
-2.21658,-0.63331,0.0
-2.21658,-0.60692,0.0
-2.21658,-0.58053,0.0
-2.21658,-0.55415,0.0
-2.21658,-0.52776,0.0
-2.21658,-0.50137,0.0
-2.21658,-0.47498,0.0
-2.21658,-0.44859,0.0
-2.21658,-0.42221,0.0
-2.21658,-0.39582,0.0
-2.21658,-0.36943,0.0
-2.21658,-0.34304,0.0
-2.21658,-0.31665,0.0
-2.21658,-0.29027,0.0
-2.21658,-0.26388,0.0
-2.21658,-0.23749,0.0
-2.21658,-0.2111,0.0
-2.21658,-0.18472,0.0
-2.21658,-0.15833,0.0
-2.21658,-0.13194,0.0
-2.21658,-0.10555,0.0
-2.21658,-0.07916,0.0
-2.21658,-0.05278,0.0
-2.21658,-0.02639,0.0
-2.21658,0,0.0
-2.21658,0.02639,0.0
-2.21658,0.05278,0.0
-2.21658,0.07916,0.0
-2.21658,0.10555,0.0
-2.21658,0.13194,0.0
-2.21658,0.15833,0.0
-2.21658,0.18472,0.0
-2.21658,0.2111,0.0
-2.21658,0.23749,0.0
-2.21658,0.26388,0.0
-2.21658,0.29027,0.0
-2.21658,0.31665,0.0
-2.21658,0.34304,0.0
-2.21658,0.36943,0.0
-2.21658,0.39582,0.0
-2.21658,0.42221,0.0
-2.21658,0.44859,0.0
-2.21658,0.47498,0.0
-2.21658,0.50137,0.0
-2.21658,0.52776,0.0
-2.21658,0.55415,0.0
-2.21658,0.58053,0.0
-2.21658,0.60692,0.0
-2.21658,0.63331,0.0
-2.1902,-0.63331,0.0
-2.1902,-0.60692,0.0
-2.1902,-0.58053,0.0
-2.1902,-0.55415,0.0
-2.1902,-0.52776,0.0
-2.1902,-0.50137,0.0
-2.1902,-0.47498,0.0
-2.1902,-0.44859,0.0
-2.1902,-0.42221,0.0
-2.1902,-0.39582,0.0
-2.1902,-0.36943,0.0
-2.1902,-0.34304,0.0
-2.1902,-0.31665,0.0
-2.1902,-0.29027,0.0
-2.1902,-0.26388,0.0
-2.1902,-0.23749,0.0
-2.1902,-0.2111,0.0
-2.1902,-0.18472,0.0
-2.1902,-0.15833,0.0
-2.1902,-0.13194,0.0
-2.1902,-0.10555,0.0
-2.1902,-0.07916,0.0
-2.1902,-0.05278,0.0
-2.1902,-0.02639,0.0
-2.1902,0,0.0
-2.1902,0.02639,0.0
-2.1902,0.05278,0.0
-2.1902,0.07916,0.0
-2.1902,0.10555,0.0
-2.1902,0.13194,0.0
-2.1902,0.15833,0.0
-2.1902,0.18472,0.0
-2.1902,0.2111,0.0
-2.1902,0.23749,0.0
-2.1902,0.26388,0.0
-2.1902,0.29027,0.0
-2.1902,0.31665,0.0
-2.1902,0.34304,0.0
-2.1902,0.36943,0.0
-2.1902,0.39582,0.0
-2.1902,0.42221,0.0
-2.1902,0.44859,0.0
-2.1902,0.47498,0.0
-2.1902,0.50137,0.0
-2.1902,0.52776,0.0
-2.1902,0.55415,0.0
-2.1902,0.58053,0.0
-2.1902,0.60692,0.0
-2.1902,0.63331,0.0
-2.16381,-0.63331,0.0
-2.16381,-0.60692,0.0
-2.16381,-0.58053,0.0
-2.16381,-0.55415,0.0
-2.16381,-0.52776,0.0
-2.16381,-0.50137,0.0
-2.16381,-0.47498,0.0
-2.16381,-0.44859,0.0
-2.16381,-0.42221,0.0
-2.16381,-0.39582,0.0
-2.16381,-0.36943,0.0
-2.16381,-0.34304,0.0
-2.16381,-0.31665,0.0
-2.16381,-0.29027,0.0
-2.16381,-0.26388,0.0
-2.16381,-0.23749,0.0
-2.16381,-0.2111,0.0
-2.16381,-0.18472,0.0
-2.16381,-0.15833,0.0
-2.16381,-0.13194,0.0
-2.16381,-0.10555,0.0
-2.16381,-0.07916,0.0
-2.16381,-0.05278,0.0
-2.16381,-0.02639,0.0
-2.16381,0,0.0
-2.16381,0.02639,0.0
-2.16381,0.05278,0.0
-2.16381,0.07916,0.0
-2.16381,0.10555,0.0
-2.16381,0.13194,0.0
-2.16381,0.15833,0.0
-2.16381,0.18472,0.0
-2.16381,0.2111,0.0
-2.16381,0.23749,0.0
-2.16381,0.26388,0.0
-2.16381,0.29027,0.0
-2.16381,0.31665,0.0
-2.16381,0.34304,0.0
-2.16381,0.36943,0.0
-2.16381,0.39582,0.0
-2.16381,0.42221,0.0
-2.16381,0.44859,0.0
-2.16381,0.47498,0.0
-2.16381,0.50137,0.0
-2.16381,0.52776,0.0
-2.16381,0.55415,0.0
-2.16381,0.58053,0.0
-2.16381,0.60692,0.0
-2.16381,0.63331,0.0
-2.13742,-0.63331,0.0
-2.13742,-0.60692,0.0
-2.13742,-0.58053,0.0
-2.13742,-0.55415,0.0
-2.13742,-0.52776,0.0
-2.13742,-0.50137,0.0
-2.13742,-0.47498,0.0
-2.13742,-0.44859,0.0
-2.13742,-0.42221,0.0
-2.13742,-0.39582,0.0
-2.13742,-0.36943,0.0
-2.13742,-0.34304,0.0
-2.13742,-0.31665,0.0
-2.13742,-0.29027,0.0
-2.13742,-0.26388,0.0
-2.13742,-0.23749,0.0
-2.13742,-0.2111,0.0
-2.13742,-0.18472,0.0
-2.13742,-0.15833,0.0
-2.13742,-0.13194,0.0
-2.13742,-0.10555,0.0
-2.13742,-0.07916,0.0
-2.13742,-0.05278,0.0
-2.13742,-0.02639,0.0
-2.13742,0,0.0
-2.13742,0.02639,0.0
-2.13742,0.05278,0.0
-2.13742,0.07916,0.0
-2.13742,0.10555,0.0
-2.13742,0.13194,0.0
-2.13742,0.15833,0.0
-2.13742,0.18472,0.0
-2.13742,0.2111,0.0
-2.13742,0.23749,0.0
-2.13742,0.26388,0.0
-2.13742,0.29027,0.0
-2.13742,0.31665,0.0
-2.13742,0.34304,0.0
-2.13742,0.36943,0.0
-2.13742,0.39582,0.0
-2.13742,0.42221,0.0
-2.13742,0.44859,0.0
-2.13742,0.47498,0.0
-2.13742,0.50137,0.0
-2.13742,0.52776,0.0
-2.13742,0.55415,0.0
-2.13742,0.58053,0.0
-2.13742,0.60692,0.0
-2.13742,0.63331,0.0
-2.11103,-0.63331,0.0
-2.11103,-0.60692,0.0
-2.11103,-0.58053,0.0
-2.11103,-0.55415,0.0
-2.11103,-0.52776,0.0
-2.11103,-0.50137,0.0
-2.11103,-0.47498,0.0
-2.11103,-0.44859,0.0
-2.11103,-0.42221,0.0
-2.11103,-0.39582,0.0
-2.11103,-0.36943,0.0
-2.11103,-0.34304,0.0
-2.11103,-0.31665,0.0
-2.11103,-0.29027,0.0
-2.11103,-0.26388,0.0
-2.11103,-0.23749,0.0
-2.11103,-0.2111,0.0
-2.11103,-0.18472,0.0
-2.11103,-0.15833,0.0
-2.11103,-0.13194,0.0
-2.11103,-0.10555,0.0
-2.11103,-0.07916,0.0
-2.11103,-0.05278,0.0
-2.11103,-0.02639,0.0
-2.11103,0,0.0
-2.11103,0.02639,0.0
-2.11103,0.05278,0.0
-2.11103,0.07916,0.0
-2.11103,0.10555,0.0
-2.11103,0.13194,0.0
-2.11103,0.15833,0.0
-2.11103,0.18472,0.0
-2.11103,0.2111,0.0
-2.11103,0.23749,0.0
-2.11103,0.26388,0.0
-2.11103,0.29027,0.0
-2.11103,0.31665,0.0
-2.11103,0.34304,0.0
-2.11103,0.36943,0.0
-2.11103,0.39582,0.0
-2.11103,0.42221,0.0
-2.11103,0.44859,0.0
-2.11103,0.47498,0.0
-2.11103,0.50137,0.0
-2.11103,0.52776,0.0
-2.11103,0.55415,0.0
-2.11103,0.58053,0.0
-2.11103,0.60692,0.0
-2.11103,0.63331,0.0
-2.08464,-0.63331,0.0
-2.08464,-0.60692,0.0
-2.08464,-0.58053,0.0
-2.08464,-0.55415,0.0
-2.08464,-0.52776,0.0
-2.08464,-0.50137,0.0
-2.08464,-0.47498,0.0
-2.08464,-0.44859,0.0
-2.08464,-0.42221,0.0
-2.08464,-0.39582,0.0
-2.08464,-0.36943,0.0
-2.08464,-0.34304,0.0
-2.08464,-0.31665,0.0
-2.08464,-0.29027,0.0
-2.08464,-0.26388,0.0
-2.08464,-0.23749,0.0
-2.08464,-0.2111,0.0
-2.08464,-0.18472,0.0
-2.08464,-0.15833,0.0
-2.08464,-0.13194,0.0
-2.08464,-0.10555,0.0
-2.08464,-0.07916,0.0
-2.08464,-0.05278,0.0
-2.08464,-0.02639,0.0
-2.08464,0,0.0
-2.08464,0.02639,0.0
-2.08464,0.05278,0.0
-2.08464,0.07916,0.0
-2.08464,0.10555,0.0
-2.08464,0.13194,0.0
-2.08464,0.15833,0.0
-2.08464,0.18472,0.0
-2.08464,0.2111,0.0
-2.08464,0.23749,0.0
-2.08464,0.26388,0.0
-2.08464,0.29027,0.0
-2.08464,0.31665,0.0
-2.08464,0.34304,0.0
-2.08464,0.36943,0.0
-2.08464,0.39582,0.0
-2.08464,0.42221,0.0
-2.08464,0.44859,0.0
-2.08464,0.47498,0.0
-2.08464,0.50137,0.0
-2.08464,0.52776,0.0
-2.08464,0.55415,0.0
-2.08464,0.58053,0.0
-2.08464,0.60692,0.0
-2.08464,0.63331,0.0
-2.05826,-0.63331,0.0
-2.05826,-0.60692,0.0
-2.05826,-0.58053,0.0
-2.05826,-0.55415,0.0
-2.05826,-0.52776,0.0
-2.05826,-0.50137,0.0
-2.05826,-0.47498,0.0
-2.05826,-0.44859,0.0
-2.05826,-0.42221,0.0
-2.05826,-0.39582,0.0
-2.05826,-0.36943,0.0
-2.05826,-0.34304,0.0
-2.05826,-0.31665,0.0
-2.05826,-0.29027,0.0
-2.05826,-0.26388,0.0
-2.05826,-0.23749,0.0
-2.05826,-0.2111,0.0
-2.05826,-0.18472,0.0
-2.05826,-0.15833,0.0
-2.05826,-0.13194,0.0
-2.05826,-0.10555,0.0
-2.05826,-0.07916,0.0
-2.05826,-0.05278,0.0
-2.05826,-0.02639,0.0
-2.05826,0,0.0
-2.05826,0.02639,0.0
-2.05826,0.05278,0.0
-2.05826,0.07916,0.0
-2.05826,0.10555,0.0
-2.05826,0.13194,0.0
-2.05826,0.15833,0.0
-2.05826,0.18472,0.0
-2.05826,0.2111,0.0
-2.05826,0.23749,0.0
-2.05826,0.26388,0.0
-2.05826,0.29027,0.0
-2.05826,0.31665,0.0
-2.05826,0.34304,0.0
-2.05826,0.36943,0.0
-2.05826,0.39582,0.0
-2.05826,0.42221,0.0
-2.05826,0.44859,0.0
-2.05826,0.47498,0.0
-2.05826,0.50137,0.0
-2.05826,0.52776,0.0
-2.05826,0.55415,0.0
-2.05826,0.58053,0.0
-2.05826,0.60692,0.0
-2.05826,0.63331,0.0
-2.03187,-0.63331,0.0
-2.03187,-0.60692,0.0
-2.03187,-0.58053,0.0
-2.03187,-0.55415,0.0
-2.03187,-0.52776,0.0
-2.03187,-0.50137,0.0
-2.03187,-0.47498,0.0
-2.03187,-0.44859,0.0
-2.03187,-0.42221,0.0
-2.03187,-0.39582,0.0
-2.03187,-0.36943,0.0
-2.03187,-0.34304,0.0
-2.03187,-0.31665,0.0
-2.03187,-0.29027,0.0
-2.03187,-0.26388,0.0
-2.03187,-0.23749,0.0
-2.03187,-0.2111,0.0
-2.03187,-0.18472,0.0
-2.03187,-0.15833,0.0
-2.03187,-0.13194,0.0
-2.03187,-0.10555,0.0
-2.03187,-0.07916,0.0
-2.03187,-0.05278,0.0
-2.03187,-0.02639,0.0
-2.03187,0,0.0
-2.03187,0.02639,0.0
-2.03187,0.05278,0.0
-2.03187,0.07916,0.0
-2.03187,0.10555,0.0
-2.03187,0.13194,0.0
-2.03187,0.15833,0.0
-2.03187,0.18472,0.0
-2.03187,0.2111,0.0
-2.03187,0.23749,0.0
-2.03187,0.26388,0.0
-2.03187,0.29027,0.0
-2.03187,0.31665,0.0
-2.03187,0.34304,0.0
-2.03187,0.36943,0.0
-2.03187,0.39582,0.0
-2.03187,0.42221,0.0
-2.03187,0.44859,0.0
-2.03187,0.47498,0.0
-2.03187,0.50137,0.0
-2.03187,0.52776,0.0
-2.03187,0.55415,0.0
-2.03187,0.58053,0.0
-2.03187,0.60692,0.0
-2.03187,0.63331,0.0
-2.00548,-0.63331,0.0
-2.00548,-0.60692,0.0
-2.00548,-0.58053,0.0
-2.00548,-0.55415,0.0
-2.00548,-0.52776,0.0
-2.00548,-0.50137,0.0
-2.00548,-0.47498,0.0
-2.00548,-0.44859,0.0
-2.00548,-0.42221,0.0
-2.00548,-0.39582,0.0
-2.00548,-0.36943,0.0
-2.00548,-0.34304,0.0
-2.00548,-0.31665,0.0
-2.00548,-0.29027,0.0
-2.00548,-0.26388,0.0
-2.00548,-0.23749,0.0
-2.00548,-0.2111,0.0
-2.00548,-0.18472,0.0
-2.00548,-0.15833,0.0
-2.00548,-0.13194,0.0
-2.00548,-0.10555,0.0
-2.00548,-0.07916,0.0
-2.00548,-0.05278,0.0
-2.00548,-0.02639,0.0
-2.00548,0,0.0
-2.00548,0.02639,0.0
-2.00548,0.05278,0.0
-2.00548,0.07916,0.0
-2.00548,0.10555,0.0
-2.00548,0.13194,0.0
-2.00548,0.15833,0.0
-2.00548,0.18472,0.0
-2.00548,0.2111,0.0
-2.00548,0.23749,0.0
-2.00548,0.26388,0.0
-2.00548,0.29027,0.0
-2.00548,0.31665,0.0
-2.00548,0.34304,0.0
-2.00548,0.36943,0.0
-2.00548,0.39582,0.0
-2.00548,0.42221,0.0
-2.00548,0.44859,0.0
-2.00548,0.47498,0.0
-2.00548,0.50137,0.0
-2.00548,0.52776,0.0
-2.00548,0.55415,0.0
-2.00548,0.58053,0.0
-2.00548,0.60692,0.0
-2.00548,0.63331,0.0
-1.97909,-0.63331,0.0
-1.97909,-0.60692,0.0
-1.97909,-0.58053,0.0
-1.97909,-0.55415,0.0
-1.97909,-0.52776,0.0
-1.97909,-0.50137,0.0
-1.97909,-0.47498,0.0
-1.97909,-0.44859,0.0
-1.97909,-0.42221,0.0
-1.97909,-0.39582,0.0
-1.97909,-0.36943,0.0
-1.97909,-0.34304,0.0
-1.97909,-0.31665,0.0
-1.97909,-0.29027,0.0
-1.97909,-0.26388,0.0
-1.97909,-0.23749,0.0
-1.97909,-0.2111,0.0
-1.97909,-0.18472,0.0
-1.97909,-0.15833,0.0
-1.97909,-0.13194,0.0
-1.97909,-0.10555,0.0
-1.97909,-0.07916,0.0
-1.97909,-0.05278,0.0
-1.97909,-0.02639,0.0
-1.97909,0,0.0
-1.97909,0.02639,0.0
-1.97909,0.05278,0.0
-1.97909,0.07916,0.0
-1.97909,0.10555,0.0
-1.97909,0.13194,0.0
-1.97909,0.15833,0.0
-1.97909,0.18472,0.0
-1.97909,0.2111,0.0
-1.97909,0.23749,0.0
-1.97909,0.26388,0.0
-1.97909,0.29027,0.0
-1.97909,0.31665,0.0
-1.97909,0.34304,0.0
-1.97909,0.36943,0.0
-1.97909,0.39582,0.0
-1.97909,0.42221,0.0
-1.97909,0.44859,0.0
-1.97909,0.47498,0.0
-1.97909,0.50137,0.0
-1.97909,0.52776,0.0
-1.97909,0.55415,0.0
-1.97909,0.58053,0.0
-1.97909,0.60692,0.0
-1.97909,0.63331,0.0
-1.9527,-0.63331,0.0
-1.9527,-0.60692,0.0
-1.9527,-0.58053,0.0
-1.9527,-0.55415,0.0
-1.9527,-0.52776,0.0
-1.9527,-0.50137,0.0
-1.9527,-0.47498,0.0
-1.9527,-0.44859,0.0
-1.9527,-0.42221,0.0
-1.9527,-0.39582,0.0
-1.9527,-0.36943,0.0
-1.9527,-0.34304,0.0
-1.9527,-0.31665,0.0
-1.9527,-0.29027,0.0
-1.9527,-0.26388,0.0
-1.9527,-0.23749,0.0
-1.9527,-0.2111,0.0
-1.9527,-0.18472,0.0
-1.9527,-0.15833,0.0
-1.9527,-0.13194,0.0
-1.9527,-0.10555,0.0
-1.9527,-0.07916,0.0
-1.9527,-0.05278,0.0
-1.9527,-0.02639,0.0
-1.9527,0,0.0
-1.9527,0.02639,0.0
-1.9527,0.05278,0.0
-1.9527,0.07916,0.0
-1.9527,0.10555,0.0
-1.9527,0.13194,0.0
-1.9527,0.15833,0.0
-1.9527,0.18472,0.0
-1.9527,0.2111,0.0
-1.9527,0.23749,0.0
-1.9527,0.26388,0.0
-1.9527,0.29027,0.0
-1.9527,0.31665,0.0
-1.9527,0.34304,0.0
-1.9527,0.36943,0.0
-1.9527,0.39582,0.0
-1.9527,0.42221,0.0
-1.9527,0.44859,0.0
-1.9527,0.47498,0.0
-1.9527,0.50137,0.0
-1.9527,0.52776,0.0
-1.9527,0.55415,0.0
-1.9527,0.58053,0.0
-1.9527,0.60692,0.0
-1.9527,0.63331,0.0
-1.92632,-0.63331,0.0
-1.92632,-0.60692,0.0
-1.92632,-0.58053,0.0
-1.92632,-0.55415,0.0
-1.92632,-0.52776,0.0
-1.92632,-0.50137,0.0
-1.92632,-0.47498,0.0
-1.92632,-0.44859,0.0
-1.92632,-0.42221,0.0
-1.92632,-0.39582,0.0
-1.92632,-0.36943,0.0
-1.92632,-0.34304,0.0
-1.92632,-0.31665,0.0
-1.92632,-0.29027,0.0
-1.92632,-0.26388,0.0
-1.92632,-0.23749,0.0
-1.92632,-0.2111,0.0
-1.92632,-0.18472,0.0
-1.92632,-0.15833,0.0
-1.92632,-0.13194,0.0
-1.92632,-0.10555,0.0
-1.92632,-0.07916,0.0
-1.92632,-0.05278,0.0
-1.92632,-0.02639,0.0
-1.92632,0,0.0
-1.92632,0.02639,0.0
-1.92632,0.05278,0.0
-1.92632,0.07916,0.0
-1.92632,0.10555,0.0
-1.92632,0.13194,0.0
-1.92632,0.15833,0.0
-1.92632,0.18472,0.0
-1.92632,0.2111,0.0
-1.92632,0.23749,0.0
-1.92632,0.26388,0.0
-1.92632,0.29027,0.0
-1.92632,0.31665,0.0
-1.92632,0.34304,0.0
-1.92632,0.36943,0.0
-1.92632,0.39582,0.0
-1.92632,0.42221,0.0
-1.92632,0.44859,0.0
-1.92632,0.47498,0.0
-1.92632,0.50137,0.0
-1.92632,0.52776,0.0
-1.92632,0.55415,0.0
-1.92632,0.58053,0.0
-1.92632,0.60692,0.0
-1.92632,0.63331,0.0
-1.89993,-0.63331,0.0
-1.89993,-0.60692,0.0
-1.89993,-0.58053,0.0
-1.89993,-0.55415,0.0
-1.89993,-0.52776,0.0
-1.89993,-0.50137,0.0
-1.89993,-0.47498,0.0
-1.89993,-0.44859,0.0
-1.89993,-0.42221,0.0
-1.89993,-0.39582,0.0
-1.89993,-0.36943,0.0
-1.89993,-0.34304,0.0
-1.89993,-0.31665,0.0
-1.89993,-0.29027,0.0
-1.89993,-0.26388,0.0
-1.89993,-0.23749,0.0
-1.89993,-0.2111,0.0
-1.89993,-0.18472,0.0
-1.89993,-0.15833,0.0
-1.89993,-0.13194,0.0
-1.89993,-0.10555,0.0
-1.89993,-0.07916,0.0
-1.89993,-0.05278,0.0
-1.89993,-0.02639,0.0
-1.89993,0,0.0
-1.89993,0.02639,0.0
-1.89993,0.05278,0.0
-1.89993,0.07916,0.0
-1.89993,0.10555,0.0
-1.89993,0.13194,0.0
-1.89993,0.15833,0.0
-1.89993,0.18472,0.0
-1.89993,0.2111,0.0
-1.89993,0.23749,0.0
-1.89993,0.26388,0.0
-1.89993,0.29027,0.0
-1.89993,0.31665,0.0
-1.89993,0.34304,0.0
-1.89993,0.36943,0.0
-1.89993,0.39582,0.0
-1.89993,0.42221,0.0
-1.89993,0.44859,0.0
-1.89993,0.47498,0.0
-1.89993,0.50137,0.0
-1.89993,0.52776,0.0
-1.89993,0.55415,0.0
-1.89993,0.58053,0.0
-1.89993,0.60692,0.0
-1.89993,0.63331,0.0
-1.87354,-0.63331,0.0
-1.87354,-0.60692,0.0
-1.87354,-0.58053,0.0
-1.87354,-0.55415,0.0
-1.87354,-0.52776,0.0
-1.87354,-0.50137,0.0
-1.87354,-0.47498,0.0
-1.87354,-0.44859,0.0
-1.87354,-0.42221,0.0
-1.87354,-0.39582,0.0
-1.87354,-0.36943,0.0
-1.87354,-0.34304,0.0
-1.87354,-0.31665,0.0
-1.87354,-0.29027,0.0
-1.87354,-0.26388,0.0
-1.87354,-0.23749,0.0
-1.87354,-0.2111,0.0
-1.87354,-0.18472,0.0
-1.87354,-0.15833,0.0
-1.87354,-0.13194,0.0
-1.87354,-0.10555,0.0
-1.87354,-0.07916,0.0
-1.87354,-0.05278,0.0
-1.87354,-0.02639,0.0
-1.87354,0,0.0
-1.87354,0.02639,0.0
-1.87354,0.05278,0.0
-1.87354,0.07916,0.0
-1.87354,0.10555,0.0
-1.87354,0.13194,0.0
-1.87354,0.15833,0.0
-1.87354,0.18472,0.0
-1.87354,0.2111,0.0
-1.87354,0.23749,0.0
-1.87354,0.26388,0.0
-1.87354,0.29027,0.0
-1.87354,0.31665,0.0
-1.87354,0.34304,0.0
-1.87354,0.36943,0.0
-1.87354,0.39582,0.0
-1.87354,0.42221,0.0
-1.87354,0.44859,0.0
-1.87354,0.47498,0.0
-1.87354,0.50137,0.0
-1.87354,0.52776,0.0
-1.87354,0.55415,0.0
-1.87354,0.58053,0.0
-1.87354,0.60692,0.0
-1.87354,0.63331,0.0
-1.84715,-0.63331,0.0
-1.84715,-0.60692,0.0
-1.84715,-0.58053,0.0
-1.84715,-0.55415,0.0
-1.84715,-0.52776,0.0
-1.84715,-0.50137,0.0
-1.84715,-0.47498,0.0
-1.84715,-0.44859,0.0
-1.84715,-0.42221,0.0
-1.84715,-0.39582,0.0
-1.84715,-0.36943,0.0
-1.84715,-0.34304,0.0
-1.84715,-0.31665,0.0
-1.84715,-0.29027,0.0
-1.84715,-0.26388,0.0
-1.84715,-0.23749,0.0
-1.84715,-0.2111,0.0
-1.84715,-0.18472,0.0
-1.84715,-0.15833,0.0
-1.84715,-0.13194,0.0
-1.84715,-0.10555,0.0
-1.84715,-0.07916,0.0
-1.84715,-0.05278,0.0
-1.84715,-0.02639,0.0
-1.84715,0,0.0
-1.84715,0.02639,0.0
-1.84715,0.05278,0.0
-1.84715,0.07916,0.0
-1.84715,0.10555,0.0
-1.84715,0.13194,0.0
-1.84715,0.15833,0.0
-1.84715,0.18472,0.0
-1.84715,0.2111,0.0
-1.84715,0.23749,0.0
-1.84715,0.26388,0.0
-1.84715,0.29027,0.0
-1.84715,0.31665,0.0
-1.84715,0.34304,0.0
-1.84715,0.36943,0.0
-1.84715,0.39582,0.0
-1.84715,0.42221,0.0
-1.84715,0.44859,0.0
-1.84715,0.47498,0.0
-1.84715,0.50137,0.0
-1.84715,0.52776,0.0
-1.84715,0.55415,0.0
-1.84715,0.58053,0.0
-1.84715,0.60692,0.0
-1.84715,0.63331,0.0
-1.82077,-0.63331,0.0
-1.82077,-0.60692,0.0
-1.82077,-0.58053,0.0
-1.82077,-0.55415,0.0
-1.82077,-0.52776,0.0
-1.82077,-0.50137,0.0
-1.82077,-0.47498,0.0
-1.82077,-0.44859,0.0
-1.82077,-0.42221,0.0
-1.82077,-0.39582,0.0
-1.82077,-0.36943,0.0
-1.82077,-0.34304,0.0
-1.82077,-0.31665,0.0
-1.82077,-0.29027,0.0
-1.82077,-0.26388,0.0
-1.82077,-0.23749,0.0
-1.82077,-0.2111,0.0
-1.82077,-0.18472,0.0
-1.82077,-0.15833,0.0
-1.82077,-0.13194,0.0
-1.82077,-0.10555,0.0
-1.82077,-0.07916,0.0
-1.82077,-0.05278,0.0
-1.82077,-0.02639,0.0
-1.82077,0,0.0
-1.82077,0.02639,0.0
-1.82077,0.05278,0.0
-1.82077,0.07916,0.0
-1.82077,0.10555,0.0
-1.82077,0.13194,0.0
-1.82077,0.15833,0.0
-1.82077,0.18472,0.0
-1.82077,0.2111,0.0
-1.82077,0.23749,0.0
-1.82077,0.26388,0.0
-1.82077,0.29027,0.0
-1.82077,0.31665,0.0
-1.82077,0.34304,0.0
-1.82077,0.36943,0.0
-1.82077,0.39582,0.0
-1.82077,0.42221,0.0
-1.82077,0.44859,0.0
-1.82077,0.47498,0.0
-1.82077,0.50137,0.0
-1.82077,0.52776,0.0
-1.82077,0.55415,0.0
-1.82077,0.58053,0.0
-1.82077,0.60692,0.0
-1.82077,0.63331,0.0
-1.79438,-0.63331,0.0
-1.79438,-0.60692,0.0
-1.79438,-0.58053,0.0
-1.79438,-0.55415,0.0
-1.79438,-0.52776,0.0
-1.79438,-0.50137,0.0
-1.79438,-0.47498,0.0
-1.79438,-0.44859,0.0
-1.79438,-0.42221,0.0
-1.79438,-0.39582,0.0
-1.79438,-0.36943,0.0
-1.79438,-0.34304,0.0
-1.79438,-0.31665,0.0
-1.79438,-0.29027,0.0
-1.79438,-0.26388,0.0
-1.79438,-0.23749,0.0
-1.79438,-0.2111,0.0
-1.79438,-0.18472,0.0
-1.79438,-0.15833,0.0
-1.79438,-0.13194,0.0
-1.79438,-0.10555,0.0
-1.79438,-0.07916,0.0
-1.79438,-0.05278,0.0
-1.79438,-0.02639,0.0
-1.79438,0,0.0
-1.79438,0.02639,0.0
-1.79438,0.05278,0.0
-1.79438,0.07916,0.0
-1.79438,0.10555,0.0
-1.79438,0.13194,0.0
-1.79438,0.15833,0.0
-1.79438,0.18472,0.0
-1.79438,0.2111,0.0
-1.79438,0.23749,0.0
-1.79438,0.26388,0.0
-1.79438,0.29027,0.0
-1.79438,0.31665,0.0
-1.79438,0.34304,0.0
-1.79438,0.36943,0.0
-1.79438,0.39582,0.0
-1.79438,0.42221,0.0
-1.79438,0.44859,0.0
-1.79438,0.47498,0.0
-1.79438,0.50137,0.0
-1.79438,0.52776,0.0
-1.79438,0.55415,0.0
-1.79438,0.58053,0.0
-1.79438,0.60692,0.0
-1.79438,0.63331,0.0
-1.76799,-0.63331,0.0
-1.76799,-0.60692,0.0
-1.76799,-0.58053,0.0
-1.76799,-0.55415,0.0
-1.76799,-0.52776,0.0
-1.76799,-0.50137,0.0
-1.76799,-0.47498,0.0
-1.76799,-0.44859,0.0
-1.76799,-0.42221,0.0
-1.76799,-0.39582,0.0
-1.76799,-0.36943,0.0
-1.76799,-0.34304,0.0
-1.76799,-0.31665,0.0
-1.76799,-0.29027,0.0
-1.76799,-0.26388,0.0
-1.76799,-0.23749,0.0
-1.76799,-0.2111,0.0
-1.76799,-0.18472,0.0
-1.76799,-0.15833,0.0
-1.76799,-0.13194,0.0
-1.76799,-0.10555,0.0
-1.76799,-0.07916,0.0
-1.76799,-0.05278,0.0
-1.76799,-0.02639,0.0
-1.76799,0,0.0
-1.76799,0.02639,0.0
-1.76799,0.05278,0.0
-1.76799,0.07916,0.0
-1.76799,0.10555,0.0
-1.76799,0.13194,0.0
-1.76799,0.15833,0.0
-1.76799,0.18472,0.0
-1.76799,0.2111,0.0
-1.76799,0.23749,0.0
-1.76799,0.26388,0.0
-1.76799,0.29027,0.0
-1.76799,0.31665,0.0
-1.76799,0.34304,0.0
-1.76799,0.36943,0.0
-1.76799,0.39582,0.0
-1.76799,0.42221,0.0
-1.76799,0.44859,0.0
-1.76799,0.47498,0.0
-1.76799,0.50137,0.0
-1.76799,0.52776,0.0
-1.76799,0.55415,0.0
-1.76799,0.58053,0.0
-1.76799,0.60692,0.0
-1.76799,0.63331,0.0
-1.7416,-0.63331,0.0
-1.7416,-0.60692,0.0
-1.7416,-0.58053,0.0
-1.7416,-0.55415,0.0
-1.7416,-0.52776,0.0
-1.7416,-0.50137,0.0
-1.7416,-0.47498,0.0
-1.7416,-0.44859,0.0
-1.7416,-0.42221,0.0
-1.7416,-0.39582,0.0
-1.7416,-0.36943,0.0
-1.7416,-0.34304,0.0
-1.7416,-0.31665,0.0
-1.7416,-0.29027,0.0
-1.7416,-0.26388,0.0
-1.7416,-0.23749,0.0
-1.7416,-0.2111,0.0
-1.7416,-0.18472,0.0
-1.7416,-0.15833,0.0
-1.7416,-0.13194,0.0
-1.7416,-0.10555,0.0
-1.7416,-0.07916,0.0
-1.7416,-0.05278,0.0
-1.7416,-0.02639,0.0
-1.7416,0,0.0
-1.7416,0.02639,0.0
-1.7416,0.05278,0.0
-1.7416,0.07916,0.0
-1.7416,0.10555,0.0
-1.7416,0.13194,0.0
-1.7416,0.15833,0.0
-1.7416,0.18472,0.0
-1.7416,0.2111,0.0
-1.7416,0.23749,0.0
-1.7416,0.26388,0.0
-1.7416,0.29027,0.0
-1.7416,0.31665,0.0
-1.7416,0.34304,0.0
-1.7416,0.36943,0.0
-1.7416,0.39582,0.0
-1.7416,0.42221,0.0
-1.7416,0.44859,0.0
-1.7416,0.47498,0.0
-1.7416,0.50137,0.0
-1.7416,0.52776,0.0
-1.7416,0.55415,0.0
-1.7416,0.58053,0.0
-1.7416,0.60692,0.0
-1.7416,0.63331,0.0
-1.71521,-0.63331,0.0
-1.71521,-0.60692,0.0
-1.71521,-0.58053,0.0
-1.71521,-0.55415,0.0
-1.71521,-0.52776,0.0
-1.71521,-0.50137,0.0
-1.71521,-0.47498,0.0
-1.71521,-0.44859,0.0
-1.71521,-0.42221,0.0
-1.71521,-0.39582,0.0
-1.71521,-0.36943,0.0
-1.71521,-0.34304,0.0
-1.71521,-0.31665,0.0
-1.71521,-0.29027,0.0
-1.71521,-0.26388,0.0
-1.71521,-0.23749,0.0
-1.71521,-0.2111,0.0
-1.71521,-0.18472,0.0
-1.71521,-0.15833,0.0
-1.71521,-0.13194,0.0
-1.71521,-0.10555,0.0
-1.71521,-0.07916,0.0
-1.71521,-0.05278,0.0
-1.71521,-0.02639,0.0
-1.71521,0,0.0
-1.71521,0.02639,0.0
-1.71521,0.05278,0.0
-1.71521,0.07916,0.0
-1.71521,0.10555,0.0
-1.71521,0.13194,0.0
-1.71521,0.15833,0.0
-1.71521,0.18472,0.0
-1.71521,0.2111,0.0
-1.71521,0.23749,0.0
-1.71521,0.26388,0.0
-1.71521,0.29027,0.0
-1.71521,0.31665,0.0
-1.71521,0.34304,0.0
-1.71521,0.36943,0.0
-1.71521,0.39582,0.0
-1.71521,0.42221,0.0
-1.71521,0.44859,0.0
-1.71521,0.47498,0.0
-1.71521,0.50137,0.0
-1.71521,0.52776,0.0
-1.71521,0.55415,0.0
-1.71521,0.58053,0.0
-1.71521,0.60692,0.0
-1.71521,0.63331,0.0
-1.68883,-0.63331,0.0
-1.68883,-0.60692,0.0
-1.68883,-0.58053,0.0
-1.68883,-0.55415,0.0
-1.68883,-0.52776,0.0
-1.68883,-0.50137,0.0
-1.68883,-0.47498,0.0
-1.68883,-0.44859,0.0
-1.68883,-0.42221,0.0
-1.68883,-0.39582,0.0
-1.68883,-0.36943,0.0
-1.68883,-0.34304,0.0
-1.68883,-0.31665,0.0
-1.68883,-0.29027,0.0
-1.68883,-0.26388,0.0
-1.68883,-0.23749,0.0
-1.68883,-0.2111,0.0
-1.68883,-0.18472,0.0
-1.68883,-0.15833,0.0
-1.68883,-0.13194,0.0
-1.68883,-0.10555,0.0
-1.68883,-0.07916,0.0
-1.68883,-0.05278,0.0
-1.68883,-0.02639,0.0
-1.68883,0,0.0
-1.68883,0.02639,0.0
-1.68883,0.05278,0.0
-1.68883,0.07916,0.0
-1.68883,0.10555,0.0
-1.68883,0.13194,0.0
-1.68883,0.15833,0.0
-1.68883,0.18472,0.0
-1.68883,0.2111,0.0
-1.68883,0.23749,0.0
-1.68883,0.26388,0.0
-1.68883,0.29027,0.0
-1.68883,0.31665,0.0
-1.68883,0.34304,0.0
-1.68883,0.36943,0.0
-1.68883,0.39582,0.0
-1.68883,0.42221,0.0
-1.68883,0.44859,0.0
-1.68883,0.47498,0.0
-1.68883,0.50137,0.0
-1.68883,0.52776,0.0
-1.68883,0.55415,0.0
-1.68883,0.58053,0.0
-1.68883,0.60692,0.0
-1.68883,0.63331,0.0
-1.66244,-0.63331,0.0
-1.66244,-0.60692,0.0
-1.66244,-0.58053,0.0
-1.66244,-0.55415,0.0
-1.66244,-0.52776,0.0
-1.66244,-0.50137,0.0
-1.66244,-0.47498,0.0
-1.66244,-0.44859,0.0
-1.66244,-0.42221,0.0
-1.66244,-0.39582,0.0
-1.66244,-0.36943,0.0
-1.66244,-0.34304,0.0
-1.66244,-0.31665,0.0
-1.66244,-0.29027,0.0
-1.66244,-0.26388,0.0
-1.66244,-0.23749,0.0
-1.66244,-0.2111,0.0
-1.66244,-0.18472,0.0
-1.66244,-0.15833,0.0
-1.66244,-0.13194,0.0
-1.66244,-0.10555,0.0
-1.66244,-0.07916,0.0
-1.66244,-0.05278,0.0
-1.66244,-0.02639,0.0
-1.66244,0,0.0
-1.66244,0.02639,0.0
-1.66244,0.05278,0.0
-1.66244,0.07916,0.0
-1.66244,0.10555,0.0
-1.66244,0.13194,0.0
-1.66244,0.15833,0.0
-1.66244,0.18472,0.0
-1.66244,0.2111,0.0
-1.66244,0.23749,0.0
-1.66244,0.26388,0.0
-1.66244,0.29027,0.0
-1.66244,0.31665,0.0
-1.66244,0.34304,0.0
-1.66244,0.36943,0.0
-1.66244,0.39582,0.0
-1.66244,0.42221,0.0
-1.66244,0.44859,0.0
-1.66244,0.47498,0.0
-1.66244,0.50137,0.0
-1.66244,0.52776,0.0
-1.66244,0.55415,0.0
-1.66244,0.58053,0.0
-1.66244,0.60692,0.0
-1.66244,0.63331,0.0
-1.63605,-0.63331,0.0
-1.63605,-0.60692,0.0
-1.63605,-0.58053,0.0
-1.63605,-0.55415,0.0
-1.63605,-0.52776,0.0
-1.63605,-0.50137,0.0
-1.63605,-0.47498,0.0
-1.63605,-0.44859,0.0
-1.63605,-0.42221,0.0
-1.63605,-0.39582,0.0
-1.63605,-0.36943,0.0
-1.63605,-0.34304,0.0
-1.63605,-0.31665,0.0
-1.63605,-0.29027,0.0
-1.63605,-0.26388,0.0
-1.63605,-0.23749,0.0
-1.63605,-0.2111,0.0
-1.63605,-0.18472,0.0
-1.63605,-0.15833,0.0
-1.63605,-0.13194,0.0
-1.63605,-0.10555,0.0
-1.63605,-0.07916,0.0
-1.63605,-0.05278,0.0
-1.63605,-0.02639,0.0
-1.63605,0,0.0
-1.63605,0.02639,0.0
-1.63605,0.05278,0.0
-1.63605,0.07916,0.0
-1.63605,0.10555,0.0
-1.63605,0.13194,0.0
-1.63605,0.15833,0.0
-1.63605,0.18472,0.0
-1.63605,0.2111,0.0
-1.63605,0.23749,0.0
-1.63605,0.26388,0.0
-1.63605,0.29027,0.0
-1.63605,0.31665,0.0
-1.63605,0.34304,0.0
-1.63605,0.36943,0.0
-1.63605,0.39582,0.0
-1.63605,0.42221,0.0
-1.63605,0.44859,0.0
-1.63605,0.47498,0.0
-1.63605,0.50137,0.0
-1.63605,0.52776,0.0
-1.63605,0.55415,0.0
-1.63605,0.58053,0.0
-1.63605,0.60692,0.0
-1.63605,0.63331,0.0
-1.60966,-0.63331,0.0
-1.60966,-0.60692,0.0
-1.60966,-0.58053,0.0
-1.60966,-0.55415,0.0
-1.60966,-0.52776,0.0
-1.60966,-0.50137,0.0
-1.60966,-0.47498,0.0
-1.60966,-0.44859,0.0
-1.60966,-0.42221,0.0
-1.60966,-0.39582,0.0
-1.60966,-0.36943,0.0
-1.60966,-0.34304,0.0
-1.60966,-0.31665,0.0
-1.60966,-0.29027,0.0
-1.60966,-0.26388,0.0
-1.60966,-0.23749,0.0
-1.60966,-0.2111,0.0
-1.60966,-0.18472,0.0
-1.60966,-0.15833,0.0
-1.60966,-0.13194,0.0
-1.60966,-0.10555,0.0
-1.60966,-0.07916,0.0
-1.60966,-0.05278,0.0
-1.60966,-0.02639,0.0
-1.60966,0,0.0
-1.60966,0.02639,0.0
-1.60966,0.05278,0.0
-1.60966,0.07916,0.0
-1.60966,0.10555,0.0
-1.60966,0.13194,0.0
-1.60966,0.15833,0.0
-1.60966,0.18472,0.0
-1.60966,0.2111,0.0
-1.60966,0.23749,0.0
-1.60966,0.26388,0.0
-1.60966,0.29027,0.0
-1.60966,0.31665,0.0
-1.60966,0.34304,0.0
-1.60966,0.36943,0.0
-1.60966,0.39582,0.0
-1.60966,0.42221,0.0
-1.60966,0.44859,0.0
-1.60966,0.47498,0.0
-1.60966,0.50137,0.0
-1.60966,0.52776,0.0
-1.60966,0.55415,0.0
-1.60966,0.58053,0.0
-1.60966,0.60692,0.0
-1.60966,0.63331,0.0
-1.58327,-0.63331,0.0
-1.58327,-0.60692,0.0
-1.58327,-0.58053,0.0
-1.58327,-0.55415,0.0
-1.58327,-0.52776,0.0
-1.58327,-0.50137,0.0
-1.58327,-0.47498,0.0
-1.58327,-0.44859,0.0
-1.58327,-0.42221,0.0
-1.58327,-0.39582,0.0
-1.58327,-0.36943,0.0
-1.58327,-0.34304,0.0
-1.58327,-0.31665,0.0
-1.58327,-0.29027,0.0
-1.58327,-0.26388,0.0
-1.58327,-0.23749,0.0
-1.58327,-0.2111,0.0
-1.58327,-0.18472,0.0
-1.58327,-0.15833,0.0
-1.58327,-0.13194,0.0
-1.58327,-0.10555,0.0
-1.58327,-0.07916,0.0
-1.58327,-0.05278,0.0
-1.58327,-0.02639,0.0
-1.58327,0,0.0
-1.58327,0.02639,0.0
-1.58327,0.05278,0.0
-1.58327,0.07916,0.0
-1.58327,0.10555,0.0
-1.58327,0.13194,0.0
-1.58327,0.15833,0.0
-1.58327,0.18472,0.0
-1.58327,0.2111,0.0
-1.58327,0.23749,0.0
-1.58327,0.26388,0.0
-1.58327,0.29027,0.0
-1.58327,0.31665,0.0
-1.58327,0.34304,0.0
-1.58327,0.36943,0.0
-1.58327,0.39582,0.0
-1.58327,0.42221,0.0
-1.58327,0.44859,0.0
-1.58327,0.47498,0.0
-1.58327,0.50137,0.0
-1.58327,0.52776,0.0
-1.58327,0.55415,0.0
-1.58327,0.58053,0.0
-1.58327,0.60692,0.0
-1.58327,0.63331,0.0
-1.55689,-0.63331,0.0
-1.55689,-0.60692,0.0
-1.55689,-0.58053,0.0
-1.55689,-0.55415,0.0
-1.55689,-0.52776,0.0
-1.55689,-0.50137,0.0
-1.55689,-0.47498,0.0
-1.55689,-0.44859,0.0
-1.55689,-0.42221,0.0
-1.55689,-0.39582,0.0
-1.55689,-0.36943,0.0
-1.55689,-0.34304,0.0
-1.55689,-0.31665,0.0
-1.55689,-0.29027,0.0
-1.55689,-0.26388,0.0
-1.55689,-0.23749,0.0
-1.55689,-0.2111,0.0
-1.55689,-0.18472,0.0
-1.55689,-0.15833,0.0
-1.55689,-0.13194,0.0
-1.55689,-0.10555,0.0
-1.55689,-0.07916,0.0
-1.55689,-0.05278,0.0
-1.55689,-0.02639,0.0
-1.55689,0,0.0
-1.55689,0.02639,0.0
-1.55689,0.05278,0.0
-1.55689,0.07916,0.0
-1.55689,0.10555,0.0
-1.55689,0.13194,0.0
-1.55689,0.15833,0.0
-1.55689,0.18472,0.0
-1.55689,0.2111,0.0
-1.55689,0.23749,0.0
-1.55689,0.26388,0.0
-1.55689,0.29027,0.0
-1.55689,0.31665,0.0
-1.55689,0.34304,0.0
-1.55689,0.36943,0.0
-1.55689,0.39582,0.0
-1.55689,0.42221,0.0
-1.55689,0.44859,0.0
-1.55689,0.47498,0.0
-1.55689,0.50137,0.0
-1.55689,0.52776,0.0
-1.55689,0.55415,0.0
-1.55689,0.58053,0.0
-1.55689,0.60692,0.0
-1.55689,0.63331,0.0
-1.5305,-0.63331,0.0
-1.5305,-0.60692,0.0
-1.5305,-0.58053,0.0
-1.5305,-0.55415,0.0
-1.5305,-0.52776,0.0
-1.5305,-0.50137,0.0
-1.5305,-0.47498,0.0
-1.5305,-0.44859,0.0
-1.5305,-0.42221,0.0
-1.5305,-0.39582,0.0
-1.5305,-0.36943,0.0
-1.5305,-0.34304,0.0
-1.5305,-0.31665,0.0
-1.5305,-0.29027,0.0
-1.5305,-0.26388,0.0
-1.5305,-0.23749,0.0
-1.5305,-0.2111,0.0
-1.5305,-0.18472,0.0
-1.5305,-0.15833,0.0
-1.5305,-0.13194,0.0
-1.5305,-0.10555,0.0
-1.5305,-0.07916,0.0
-1.5305,-0.05278,0.0
-1.5305,-0.02639,0.0
-1.5305,0,0.0
-1.5305,0.02639,0.0
-1.5305,0.05278,0.0
-1.5305,0.07916,0.0
-1.5305,0.10555,0.0
-1.5305,0.13194,0.0
-1.5305,0.15833,0.0
-1.5305,0.18472,0.0
-1.5305,0.2111,0.0
-1.5305,0.23749,0.0
-1.5305,0.26388,0.0
-1.5305,0.29027,0.0
-1.5305,0.31665,0.0
-1.5305,0.34304,0.0
-1.5305,0.36943,0.0
-1.5305,0.39582,0.0
-1.5305,0.42221,0.0
-1.5305,0.44859,0.0
-1.5305,0.47498,0.0
-1.5305,0.50137,0.0
-1.5305,0.52776,0.0
-1.5305,0.55415,0.0
-1.5305,0.58053,0.0
-1.5305,0.60692,0.0
-1.5305,0.63331,0.0
-1.50411,-0.63331,0.0
-1.50411,-0.60692,0.0
-1.50411,-0.58053,0.0
-1.50411,-0.55415,0.0
-1.50411,-0.52776,0.0
-1.50411,-0.50137,0.0
-1.50411,-0.47498,0.0
-1.50411,-0.44859,0.0
-1.50411,-0.42221,0.0
-1.50411,-0.39582,0.0
-1.50411,-0.36943,0.0
-1.50411,-0.34304,0.0
-1.50411,-0.31665,0.0
-1.50411,-0.29027,0.0
-1.50411,-0.26388,0.0
-1.50411,-0.23749,0.0
-1.50411,-0.2111,0.0
-1.50411,-0.18472,0.0
-1.50411,-0.15833,0.0
-1.50411,-0.13194,0.0
-1.50411,-0.10555,0.0
-1.50411,-0.07916,0.0
-1.50411,-0.05278,0.0
-1.50411,-0.02639,0.0
-1.50411,0,0.0
-1.50411,0.02639,0.0
-1.50411,0.05278,0.0
-1.50411,0.07916,0.0
-1.50411,0.10555,0.0
-1.50411,0.13194,0.0
-1.50411,0.15833,0.0
-1.50411,0.18472,0.0
-1.50411,0.2111,0.0
-1.50411,0.23749,0.0
-1.50411,0.26388,0.0
-1.50411,0.29027,0.0
-1.50411,0.31665,0.0
-1.50411,0.34304,0.0
-1.50411,0.36943,0.0
-1.50411,0.39582,0.0
-1.50411,0.42221,0.0
-1.50411,0.44859,0.0
-1.50411,0.47498,0.0
-1.50411,0.50137,0.0
-1.50411,0.52776,0.0
-1.50411,0.55415,0.0
-1.50411,0.58053,0.0
-1.50411,0.60692,0.0
-1.50411,0.63331,0.0
-1.47772,-0.63331,0.0
-1.47772,-0.60692,0.0
-1.47772,-0.58053,0.0
-1.47772,-0.55415,0.0
-1.47772,-0.52776,0.0
-1.47772,-0.50137,0.0
-1.47772,-0.47498,0.0
-1.47772,-0.44859,0.0
-1.47772,-0.42221,0.0
-1.47772,-0.39582,0.0
-1.47772,-0.36943,0.0
-1.47772,-0.34304,0.0
-1.47772,-0.31665,0.0
-1.47772,-0.29027,0.0
-1.47772,-0.26388,0.0
-1.47772,-0.23749,0.0
-1.47772,-0.2111,0.0
-1.47772,-0.18472,0.0
-1.47772,-0.15833,0.0
-1.47772,-0.13194,0.0
-1.47772,-0.10555,0.0
-1.47772,-0.07916,0.0
-1.47772,-0.05278,0.0
-1.47772,-0.02639,0.0
-1.47772,0,0.0
-1.47772,0.02639,0.0
-1.47772,0.05278,0.0
-1.47772,0.07916,0.0
-1.47772,0.10555,0.0
-1.47772,0.13194,0.0
-1.47772,0.15833,0.0
-1.47772,0.18472,0.0
-1.47772,0.2111,0.0
-1.47772,0.23749,0.0
-1.47772,0.26388,0.0
-1.47772,0.29027,0.0
-1.47772,0.31665,0.0
-1.47772,0.34304,0.0
-1.47772,0.36943,0.0
-1.47772,0.39582,0.0
-1.47772,0.42221,0.0
-1.47772,0.44859,0.0
-1.47772,0.47498,0.0
-1.47772,0.50137,0.0
-1.47772,0.52776,0.0
-1.47772,0.55415,0.0
-1.47772,0.58053,0.0
-1.47772,0.60692,0.0
-1.47772,0.63331,0.0
-1.45133,-0.63331,0.0
-1.45133,-0.60692,0.0
-1.45133,-0.58053,0.0
-1.45133,-0.55415,0.0
-1.45133,-0.52776,0.0
-1.45133,-0.50137,0.0
-1.45133,-0.47498,0.0
-1.45133,-0.44859,0.0
-1.45133,-0.42221,0.0
-1.45133,-0.39582,0.0
-1.45133,-0.36943,0.0
-1.45133,-0.34304,0.0
-1.45133,-0.31665,0.0
-1.45133,-0.29027,0.0
-1.45133,-0.26388,0.0
-1.45133,-0.23749,0.0
-1.45133,-0.2111,0.0
-1.45133,-0.18472,0.0
-1.45133,-0.15833,0.0
-1.45133,-0.13194,0.0
-1.45133,-0.10555,0.0
-1.45133,-0.07916,0.0
-1.45133,-0.05278,0.0
-1.45133,-0.02639,0.0
-1.45133,0,0.0
-1.45133,0.02639,0.0
-1.45133,0.05278,0.0
-1.45133,0.07916,0.0
-1.45133,0.10555,0.0
-1.45133,0.13194,0.0
-1.45133,0.15833,0.0
-1.45133,0.18472,0.0
-1.45133,0.2111,0.0
-1.45133,0.23749,0.0
-1.45133,0.26388,0.0
-1.45133,0.29027,0.0
-1.45133,0.31665,0.0
-1.45133,0.34304,0.0
-1.45133,0.36943,0.0
-1.45133,0.39582,0.0
-1.45133,0.42221,0.0
-1.45133,0.44859,0.0
-1.45133,0.47498,0.0
-1.45133,0.50137,0.0
-1.45133,0.52776,0.0
-1.45133,0.55415,0.0
-1.45133,0.58053,0.0
-1.45133,0.60692,0.0
-1.45133,0.63331,0.0
-1.42495,-0.63331,0.0
-1.42495,-0.60692,0.0
-1.42495,-0.58053,0.0
-1.42495,-0.55415,0.0
-1.42495,-0.52776,0.0
-1.42495,-0.50137,0.0
-1.42495,-0.47498,0.0
-1.42495,-0.44859,0.0
-1.42495,-0.42221,0.0
-1.42495,-0.39582,0.0
-1.42495,-0.36943,0.0
-1.42495,-0.34304,0.0
-1.42495,-0.31665,0.0
-1.42495,-0.29027,0.0
-1.42495,-0.26388,0.0
-1.42495,-0.23749,0.0
-1.42495,-0.2111,0.0
-1.42495,-0.18472,0.0
-1.42495,-0.15833,0.0
-1.42495,-0.13194,0.0
-1.42495,-0.10555,0.0
-1.42495,-0.07916,0.0
-1.42495,-0.05278,0.0
-1.42495,-0.02639,0.0
-1.42495,0,0.0
-1.42495,0.02639,0.0
-1.42495,0.05278,0.0
-1.42495,0.07916,0.0
-1.42495,0.10555,0.0
-1.42495,0.13194,0.0
-1.42495,0.15833,0.0
-1.42495,0.18472,0.0
-1.42495,0.2111,0.0
-1.42495,0.23749,0.0
-1.42495,0.26388,0.0
-1.42495,0.29027,0.0
-1.42495,0.31665,0.0
-1.42495,0.34304,0.0
-1.42495,0.36943,0.0
-1.42495,0.39582,0.0
-1.42495,0.42221,0.0
-1.42495,0.44859,0.0
-1.42495,0.47498,0.0
-1.42495,0.50137,0.0
-1.42495,0.52776,0.0
-1.42495,0.55415,0.0
-1.42495,0.58053,0.0
-1.42495,0.60692,0.0
-1.42495,0.63331,0.0
-1.39856,-0.63331,0.0
-1.39856,-0.60692,0.0
-1.39856,-0.58053,0.0
-1.39856,-0.55415,0.0
-1.39856,-0.52776,0.0
-1.39856,-0.50137,0.0
-1.39856,-0.47498,0.0
-1.39856,-0.44859,0.0
-1.39856,-0.42221,0.0
-1.39856,-0.39582,0.0
-1.39856,-0.36943,0.0
-1.39856,-0.34304,0.0
-1.39856,-0.31665,0.0
-1.39856,-0.29027,0.0
-1.39856,-0.26388,0.0
-1.39856,-0.23749,0.0
-1.39856,-0.2111,0.0
-1.39856,-0.18472,0.0
-1.39856,-0.15833,0.0
-1.39856,-0.13194,0.0
-1.39856,-0.10555,0.0
-1.39856,-0.07916,0.0
-1.39856,-0.05278,0.0
-1.39856,-0.02639,0.0
-1.39856,0,0.0
-1.39856,0.02639,0.0
-1.39856,0.05278,0.0
-1.39856,0.07916,0.0
-1.39856,0.10555,0.0
-1.39856,0.13194,0.0
-1.39856,0.15833,0.0
-1.39856,0.18472,0.0
-1.39856,0.2111,0.0
-1.39856,0.23749,0.0
-1.39856,0.26388,0.0
-1.39856,0.29027,0.0
-1.39856,0.31665,0.0
-1.39856,0.34304,0.0
-1.39856,0.36943,0.0
-1.39856,0.39582,0.0
-1.39856,0.42221,0.0
-1.39856,0.44859,0.0
-1.39856,0.47498,0.0
-1.39856,0.50137,0.0
-1.39856,0.52776,0.0
-1.39856,0.55415,0.0
-1.39856,0.58053,0.0
-1.39856,0.60692,0.0
-1.39856,0.63331,0.0
-1.37217,-0.63331,0.0
-1.37217,-0.60692,0.0
-1.37217,-0.58053,0.0
-1.37217,-0.55415,0.0
-1.37217,-0.52776,0.0
-1.37217,-0.50137,0.0
-1.37217,-0.47498,0.0
-1.37217,-0.44859,0.0
-1.37217,-0.42221,0.0
-1.37217,-0.39582,0.0
-1.37217,-0.36943,0.0
-1.37217,-0.34304,0.0
-1.37217,-0.31665,0.0
-1.37217,-0.29027,0.0
-1.37217,-0.26388,0.0
-1.37217,-0.23749,0.0
-1.37217,-0.2111,0.0
-1.37217,-0.18472,0.0
-1.37217,-0.15833,0.0
-1.37217,-0.13194,0.0
-1.37217,-0.10555,0.0
-1.37217,-0.07916,0.0
-1.37217,-0.05278,0.0
-1.37217,-0.02639,0.0
-1.37217,0,0.0
-1.37217,0.02639,0.0
-1.37217,0.05278,0.0
-1.37217,0.07916,0.0
-1.37217,0.10555,0.0
-1.37217,0.13194,0.0
-1.37217,0.15833,0.0
-1.37217,0.18472,0.0
-1.37217,0.2111,0.0
-1.37217,0.23749,0.0
-1.37217,0.26388,0.0
-1.37217,0.29027,0.0
-1.37217,0.31665,0.0
-1.37217,0.34304,0.0
-1.37217,0.36943,0.0
-1.37217,0.39582,0.0
-1.37217,0.42221,0.0
-1.37217,0.44859,0.0
-1.37217,0.47498,0.0
-1.37217,0.50137,0.0
-1.37217,0.52776,0.0
-1.37217,0.55415,0.0
-1.37217,0.58053,0.0
-1.37217,0.60692,0.0
-1.37217,0.63331,0.0
-1.34578,-0.63331,0.0
-1.34578,-0.60692,0.0
-1.34578,-0.58053,0.0
-1.34578,-0.55415,0.0
-1.34578,-0.52776,0.0
-1.34578,-0.50137,0.0
-1.34578,-0.47498,0.0
-1.34578,-0.44859,0.0
-1.34578,-0.42221,0.0
-1.34578,-0.39582,0.0
-1.34578,-0.36943,0.0
-1.34578,-0.34304,0.0
-1.34578,-0.31665,0.0
-1.34578,-0.29027,0.0
-1.34578,-0.26388,0.0
-1.34578,-0.23749,0.0
-1.34578,-0.2111,0.0
-1.34578,-0.18472,0.0
-1.34578,-0.15833,0.0
-1.34578,-0.13194,0.0
-1.34578,-0.10555,0.0
-1.34578,-0.07916,0.0
-1.34578,-0.05278,0.0
-1.34578,-0.02639,0.0
-1.34578,0,0.0
-1.34578,0.02639,0.0
-1.34578,0.05278,0.0
-1.34578,0.07916,0.0
-1.34578,0.10555,0.0
-1.34578,0.13194,0.0
-1.34578,0.15833,0.0
-1.34578,0.18472,0.0
-1.34578,0.2111,0.0
-1.34578,0.23749,0.0
-1.34578,0.26388,0.0
-1.34578,0.29027,0.0
-1.34578,0.31665,0.0
-1.34578,0.34304,0.0
-1.34578,0.36943,0.0
-1.34578,0.39582,0.0
-1.34578,0.42221,0.0
-1.34578,0.44859,0.0
-1.34578,0.47498,0.0
-1.34578,0.50137,0.0
-1.34578,0.52776,0.0
-1.34578,0.55415,0.0
-1.34578,0.58053,0.0
-1.34578,0.60692,0.0
-1.34578,0.63331,0.0
-1.3194,-0.63331,0.0
-1.3194,-0.60692,0.0
-1.3194,-0.58053,0.0
-1.3194,-0.55415,0.0
-1.3194,-0.52776,0.0
-1.3194,-0.50137,0.0
-1.3194,-0.47498,0.0
-1.3194,-0.44859,0.0
-1.3194,-0.42221,0.0
-1.3194,-0.39582,0.0
-1.3194,-0.36943,0.0
-1.3194,-0.34304,0.0
-1.3194,-0.31665,0.0
-1.3194,-0.29027,0.0
-1.3194,-0.26388,0.0
-1.3194,-0.23749,0.0
-1.3194,-0.2111,0.0
-1.3194,-0.18472,0.0
-1.3194,-0.15833,0.0
-1.3194,-0.13194,0.0
-1.3194,-0.10555,0.0
-1.3194,-0.07916,0.0
-1.3194,-0.05278,0.0
-1.3194,-0.02639,0.0
-1.3194,0,0.0
-1.3194,0.02639,0.0
-1.3194,0.05278,0.0
-1.3194,0.07916,0.0
-1.3194,0.10555,0.0
-1.3194,0.13194,0.0
-1.3194,0.15833,0.0
-1.3194,0.18472,0.0
-1.3194,0.2111,0.0
-1.3194,0.23749,0.0
-1.3194,0.26388,0.0
-1.3194,0.29027,0.0
-1.3194,0.31665,0.0
-1.3194,0.34304,0.0
-1.3194,0.36943,0.0
-1.3194,0.39582,0.0
-1.3194,0.42221,0.0
-1.3194,0.44859,0.0
-1.3194,0.47498,0.0
-1.3194,0.50137,0.0
-1.3194,0.52776,0.0
-1.3194,0.55415,0.0
-1.3194,0.58053,0.0
-1.3194,0.60692,0.0
-1.3194,0.63331,0.0
-1.29301,-0.63331,0.0
-1.29301,-0.60692,0.0
-1.29301,-0.58053,0.0
-1.29301,-0.55415,0.0
-1.29301,-0.52776,0.0
-1.29301,-0.50137,0.0
-1.29301,-0.47498,0.0
-1.29301,-0.44859,0.0
-1.29301,-0.42221,0.0
-1.29301,-0.39582,0.0
-1.29301,-0.36943,0.0
-1.29301,-0.34304,0.0
-1.29301,-0.31665,0.0
-1.29301,-0.29027,0.0
-1.29301,-0.26388,0.0
-1.29301,-0.23749,0.0
-1.29301,-0.2111,0.0
-1.29301,-0.18472,0.0
-1.29301,-0.15833,0.0
-1.29301,-0.13194,0.0
-1.29301,-0.10555,0.0
-1.29301,-0.07916,0.0
-1.29301,-0.05278,0.0
-1.29301,-0.02639,0.0
-1.29301,0,0.0
-1.29301,0.02639,0.0
-1.29301,0.05278,0.0
-1.29301,0.07916,0.0
-1.29301,0.10555,0.0
-1.29301,0.13194,0.0
-1.29301,0.15833,0.0
-1.29301,0.18472,0.0
-1.29301,0.2111,0.0
-1.29301,0.23749,0.0
-1.29301,0.26388,0.0
-1.29301,0.29027,0.0
-1.29301,0.31665,0.0
-1.29301,0.34304,0.0
-1.29301,0.36943,0.0
-1.29301,0.39582,0.0
-1.29301,0.42221,0.0
-1.29301,0.44859,0.0
-1.29301,0.47498,0.0
-1.29301,0.50137,0.0
-1.29301,0.52776,0.0
-1.29301,0.55415,0.0
-1.29301,0.58053,0.0
-1.29301,0.60692,0.0
-1.29301,0.63331,0.0
-1.26662,-0.63331,0.0
-1.26662,-0.60692,0.0
-1.26662,-0.58053,0.0
-1.26662,-0.55415,0.0
-1.26662,-0.52776,0.0
-1.26662,-0.50137,0.0
-1.26662,-0.47498,0.0
-1.26662,-0.44859,0.0
-1.26662,-0.42221,0.0
-1.26662,-0.39582,0.0
-1.26662,-0.36943,0.0
-1.26662,-0.34304,0.0
-1.26662,-0.31665,0.0
-1.26662,-0.29027,0.0
-1.26662,-0.26388,0.0
-1.26662,-0.23749,0.0
-1.26662,-0.2111,0.0
-1.26662,-0.18472,0.0
-1.26662,-0.15833,0.0
-1.26662,-0.13194,0.0
-1.26662,-0.10555,0.0
-1.26662,-0.07916,0.0
-1.26662,-0.05278,0.0
-1.26662,-0.02639,0.0
-1.26662,0,0.0
-1.26662,0.02639,0.0
-1.26662,0.05278,0.0
-1.26662,0.07916,0.0
-1.26662,0.10555,0.0
-1.26662,0.13194,0.0
-1.26662,0.15833,0.0
-1.26662,0.18472,0.0
-1.26662,0.2111,0.0
-1.26662,0.23749,0.0
-1.26662,0.26388,0.0
-1.26662,0.29027,0.0
-1.26662,0.31665,0.0
-1.26662,0.34304,0.0
-1.26662,0.36943,0.0
-1.26662,0.39582,0.0
-1.26662,0.42221,0.0
-1.26662,0.44859,0.0
-1.26662,0.47498,0.0
-1.26662,0.50137,0.0
-1.26662,0.52776,0.0
-1.26662,0.55415,0.0
-1.26662,0.58053,0.0
-1.26662,0.60692,0.0
-1.26662,0.63331,0.0
-1.24023,-0.63331,0.0
-1.24023,-0.60692,0.0
-1.24023,-0.58053,0.0
-1.24023,-0.55415,0.0
-1.24023,-0.52776,0.0
-1.24023,-0.50137,0.0
-1.24023,-0.47498,0.0
-1.24023,-0.44859,0.0
-1.24023,-0.42221,0.0
-1.24023,-0.39582,0.0
-1.24023,-0.36943,0.0
-1.24023,-0.34304,0.0
-1.24023,-0.31665,0.0
-1.24023,-0.29027,0.0
-1.24023,-0.26388,0.0
-1.24023,-0.23749,0.0
-1.24023,-0.2111,0.0
-1.24023,-0.18472,0.0
-1.24023,-0.15833,0.0
-1.24023,-0.13194,0.0
-1.24023,-0.10555,0.0
-1.24023,-0.07916,0.0
-1.24023,-0.05278,0.0
-1.24023,-0.02639,0.0
-1.24023,0,0.0
-1.24023,0.02639,0.0
-1.24023,0.05278,0.0
-1.24023,0.07916,0.0
-1.24023,0.10555,0.0
-1.24023,0.13194,0.0
-1.24023,0.15833,0.0
-1.24023,0.18472,0.0
-1.24023,0.2111,0.0
-1.24023,0.23749,0.0
-1.24023,0.26388,0.0
-1.24023,0.29027,0.0
-1.24023,0.31665,0.0
-1.24023,0.34304,0.0
-1.24023,0.36943,0.0
-1.24023,0.39582,0.0
-1.24023,0.42221,0.0
-1.24023,0.44859,0.0
-1.24023,0.47498,0.0
-1.24023,0.50137,0.0
-1.24023,0.52776,0.0
-1.24023,0.55415,0.0
-1.24023,0.58053,0.0
-1.24023,0.60692,0.0
-1.24023,0.63331,0.0
-1.21384,-0.63331,0.0
-1.21384,-0.60692,0.0
-1.21384,-0.58053,0.0
-1.21384,-0.55415,0.0
-1.21384,-0.52776,0.0
-1.21384,-0.50137,0.0
-1.21384,-0.47498,0.0
-1.21384,-0.44859,0.0
-1.21384,-0.42221,0.0
-1.21384,-0.39582,0.0
-1.21384,-0.36943,0.0
-1.21384,-0.34304,0.0
-1.21384,-0.31665,0.0
-1.21384,-0.29027,0.0
-1.21384,-0.26388,0.0
-1.21384,-0.23749,0.0
-1.21384,-0.2111,0.0
-1.21384,-0.18472,0.0
-1.21384,-0.15833,0.0
-1.21384,-0.13194,0.0
-1.21384,-0.10555,0.0
-1.21384,-0.07916,0.0
-1.21384,-0.05278,0.0
-1.21384,-0.02639,0.0
-1.21384,0,0.0
-1.21384,0.02639,0.0
-1.21384,0.05278,0.0
-1.21384,0.07916,0.0
-1.21384,0.10555,0.0
-1.21384,0.13194,0.0
-1.21384,0.15833,0.0
-1.21384,0.18472,0.0
-1.21384,0.2111,0.0
-1.21384,0.23749,0.0
-1.21384,0.26388,0.0
-1.21384,0.29027,0.0
-1.21384,0.31665,0.0
-1.21384,0.34304,0.0
-1.21384,0.36943,0.0
-1.21384,0.39582,0.0
-1.21384,0.42221,0.0
-1.21384,0.44859,0.0
-1.21384,0.47498,0.0
-1.21384,0.50137,0.0
-1.21384,0.52776,0.0
-1.21384,0.55415,0.0
-1.21384,0.58053,0.0
-1.21384,0.60692,0.0
-1.21384,0.63331,0.0
-1.18746,-0.63331,0.0
-1.18746,-0.60692,0.0
-1.18746,-0.58053,0.0
-1.18746,-0.55415,0.0
-1.18746,-0.52776,0.0
-1.18746,-0.50137,0.0
-1.18746,-0.47498,0.0
-1.18746,-0.44859,0.0
-1.18746,-0.42221,0.0
-1.18746,-0.39582,0.0
-1.18746,-0.36943,0.0
-1.18746,-0.34304,0.0
-1.18746,-0.31665,0.0
-1.18746,-0.29027,0.0
-1.18746,-0.26388,0.0
-1.18746,-0.23749,0.0
-1.18746,-0.2111,0.0
-1.18746,-0.18472,0.0
-1.18746,-0.15833,0.0
-1.18746,-0.13194,0.0
-1.18746,-0.10555,0.0
-1.18746,-0.07916,0.0
-1.18746,-0.05278,0.0
-1.18746,-0.02639,0.0
-1.18746,0,0.0
-1.18746,0.02639,0.0
-1.18746,0.05278,0.0
-1.18746,0.07916,0.0
-1.18746,0.10555,0.0
-1.18746,0.13194,0.0
-1.18746,0.15833,0.0
-1.18746,0.18472,0.0
-1.18746,0.2111,0.0
-1.18746,0.23749,0.0
-1.18746,0.26388,0.0
-1.18746,0.29027,0.0
-1.18746,0.31665,0.0
-1.18746,0.34304,0.0
-1.18746,0.36943,0.0
-1.18746,0.39582,0.0
-1.18746,0.42221,0.0
-1.18746,0.44859,0.0
-1.18746,0.47498,0.0
-1.18746,0.50137,0.0
-1.18746,0.52776,0.0
-1.18746,0.55415,0.0
-1.18746,0.58053,0.0
-1.18746,0.60692,0.0
-1.18746,0.63331,0.0
-1.16107,-0.63331,0.0
-1.16107,-0.60692,0.0
-1.16107,-0.58053,0.0
-1.16107,-0.55415,0.0
-1.16107,-0.52776,0.0
-1.16107,-0.50137,0.0
-1.16107,-0.47498,0.0
-1.16107,-0.44859,0.0
-1.16107,-0.42221,0.0
-1.16107,-0.39582,0.0
-1.16107,-0.36943,0.0
-1.16107,-0.34304,0.0
-1.16107,-0.31665,0.0
-1.16107,-0.29027,0.0
-1.16107,-0.26388,0.0
-1.16107,-0.23749,0.0
-1.16107,-0.2111,0.0
-1.16107,-0.18472,0.0
-1.16107,-0.15833,0.0
-1.16107,-0.13194,0.0
-1.16107,-0.10555,0.0
-1.16107,-0.07916,0.0
-1.16107,-0.05278,0.0
-1.16107,-0.02639,0.0
-1.16107,0,0.0
-1.16107,0.02639,0.0
-1.16107,0.05278,0.0
-1.16107,0.07916,0.0
-1.16107,0.10555,0.0
-1.16107,0.13194,0.0
-1.16107,0.15833,0.0
-1.16107,0.18472,0.0
-1.16107,0.2111,0.0
-1.16107,0.23749,0.0
-1.16107,0.26388,0.0
-1.16107,0.29027,0.0
-1.16107,0.31665,0.0
-1.16107,0.34304,0.0
-1.16107,0.36943,0.0
-1.16107,0.39582,0.0
-1.16107,0.42221,0.0
-1.16107,0.44859,0.0
-1.16107,0.47498,0.0
-1.16107,0.50137,0.0
-1.16107,0.52776,0.0
-1.16107,0.55415,0.0
-1.16107,0.58053,0.0
-1.16107,0.60692,0.0
-1.16107,0.63331,0.0
-1.13468,-0.63331,0.0
-1.13468,-0.60692,0.0
-1.13468,-0.58053,0.0
-1.13468,-0.55415,0.0
-1.13468,-0.52776,0.0
-1.13468,-0.50137,0.0
-1.13468,-0.47498,0.0
-1.13468,-0.44859,0.0
-1.13468,-0.42221,0.0
-1.13468,-0.39582,0.0
-1.13468,-0.36943,0.0
-1.13468,-0.34304,0.0
-1.13468,-0.31665,0.0
-1.13468,-0.29027,0.0
-1.13468,-0.26388,0.0
-1.13468,-0.23749,0.0
-1.13468,-0.2111,0.0
-1.13468,-0.18472,0.0
-1.13468,-0.15833,0.0
-1.13468,-0.13194,0.0
-1.13468,-0.10555,0.0
-1.13468,-0.07916,0.0
-1.13468,-0.05278,0.0
-1.13468,-0.02639,0.0
-1.13468,0,0.0
-1.13468,0.02639,0.0
-1.13468,0.05278,0.0
-1.13468,0.07916,0.0
-1.13468,0.10555,0.0
-1.13468,0.13194,0.0
-1.13468,0.15833,0.0
-1.13468,0.18472,0.0
-1.13468,0.2111,0.0
-1.13468,0.23749,0.0
-1.13468,0.26388,0.0
-1.13468,0.29027,0.0
-1.13468,0.31665,0.0
-1.13468,0.34304,0.0
-1.13468,0.36943,0.0
-1.13468,0.39582,0.0
-1.13468,0.42221,0.0
-1.13468,0.44859,0.0
-1.13468,0.47498,0.0
-1.13468,0.50137,0.0
-1.13468,0.52776,0.0
-1.13468,0.55415,0.0
-1.13468,0.58053,0.0
-1.13468,0.60692,0.0
-1.13468,0.63331,0.0
-1.10829,-0.63331,0.0
-1.10829,-0.60692,0.0
-1.10829,-0.58053,0.0
-1.10829,-0.55415,0.0
-1.10829,-0.52776,0.0
-1.10829,-0.50137,0.0
-1.10829,-0.47498,0.0
-1.10829,-0.44859,0.0
-1.10829,-0.42221,0.0
-1.10829,-0.39582,0.0
-1.10829,-0.36943,0.0
-1.10829,-0.34304,0.0
-1.10829,-0.31665,0.0
-1.10829,-0.29027,0.0
-1.10829,-0.26388,0.0
-1.10829,-0.23749,0.0
-1.10829,-0.2111,0.0
-1.10829,-0.18472,0.0
-1.10829,-0.15833,0.0
-1.10829,-0.13194,0.0
-1.10829,-0.10555,0.0
-1.10829,-0.07916,0.0
-1.10829,-0.05278,0.0
-1.10829,-0.02639,0.0
-1.10829,0,0.0
-1.10829,0.02639,0.0
-1.10829,0.05278,0.0
-1.10829,0.07916,0.0
-1.10829,0.10555,0.0
-1.10829,0.13194,0.0
-1.10829,0.15833,0.0
-1.10829,0.18472,0.0
-1.10829,0.2111,0.0
-1.10829,0.23749,0.0
-1.10829,0.26388,0.0
-1.10829,0.29027,0.0
-1.10829,0.31665,0.0
-1.10829,0.34304,0.0
-1.10829,0.36943,0.0
-1.10829,0.39582,0.0
-1.10829,0.42221,0.0
-1.10829,0.44859,0.0
-1.10829,0.47498,0.0
-1.10829,0.50137,0.0
-1.10829,0.52776,0.0
-1.10829,0.55415,0.0
-1.10829,0.58053,0.0
-1.10829,0.60692,0.0
-1.10829,0.63331,0.0
-1.0819,-0.63331,0.0
-1.0819,-0.60692,0.0
-1.0819,-0.58053,0.0
-1.0819,-0.55415,0.0
-1.0819,-0.52776,0.0
-1.0819,-0.50137,0.0
-1.0819,-0.47498,0.0
-1.0819,-0.44859,0.0
-1.0819,-0.42221,0.0
-1.0819,-0.39582,0.0
-1.0819,-0.36943,0.0
-1.0819,-0.34304,0.0
-1.0819,-0.31665,0.0
-1.0819,-0.29027,0.0
-1.0819,-0.26388,0.0
-1.0819,-0.23749,0.0
-1.0819,-0.2111,0.0
-1.0819,-0.18472,0.0
-1.0819,-0.15833,0.0
-1.0819,-0.13194,0.0
-1.0819,-0.10555,0.0
-1.0819,-0.07916,0.0
-1.0819,-0.05278,0.0
-1.0819,-0.02639,0.0
-1.0819,0,0.0
-1.0819,0.02639,0.0
-1.0819,0.05278,0.0
-1.0819,0.07916,0.0
-1.0819,0.10555,0.0
-1.0819,0.13194,0.0
-1.0819,0.15833,0.0
-1.0819,0.18472,0.0
-1.0819,0.2111,0.0
-1.0819,0.23749,0.0
-1.0819,0.26388,0.0
-1.0819,0.29027,0.0
-1.0819,0.31665,0.0
-1.0819,0.34304,0.0
-1.0819,0.36943,0.0
-1.0819,0.39582,0.0
-1.0819,0.42221,0.0
-1.0819,0.44859,0.0
-1.0819,0.47498,0.0
-1.0819,0.50137,0.0
-1.0819,0.52776,0.0
-1.0819,0.55415,0.0
-1.0819,0.58053,0.0
-1.0819,0.60692,0.0
-1.0819,0.63331,0.0
-1.05552,-0.63331,0.0
-1.05552,-0.60692,0.0
-1.05552,-0.58053,0.0
-1.05552,-0.55415,0.0
-1.05552,-0.52776,0.0
-1.05552,-0.50137,0.0
-1.05552,-0.47498,0.0
-1.05552,-0.44859,0.0
-1.05552,-0.42221,0.0
-1.05552,-0.39582,0.0
-1.05552,-0.36943,0.0
-1.05552,-0.34304,0.0
-1.05552,-0.31665,0.0
-1.05552,-0.29027,0.0
-1.05552,-0.26388,0.0
-1.05552,-0.23749,0.0
-1.05552,-0.2111,0.0
-1.05552,-0.18472,0.0
-1.05552,-0.15833,0.0
-1.05552,-0.13194,0.0
-1.05552,-0.10555,0.0
-1.05552,-0.07916,0.0
-1.05552,-0.05278,0.0
-1.05552,-0.02639,0.0
-1.05552,0,0.0
-1.05552,0.02639,0.0
-1.05552,0.05278,0.0
-1.05552,0.07916,0.0
-1.05552,0.10555,0.0
-1.05552,0.13194,0.0
-1.05552,0.15833,0.0
-1.05552,0.18472,0.0
-1.05552,0.2111,0.0
-1.05552,0.23749,0.0
-1.05552,0.26388,0.0
-1.05552,0.29027,0.0
-1.05552,0.31665,0.0
-1.05552,0.34304,0.0
-1.05552,0.36943,0.0
-1.05552,0.39582,0.0
-1.05552,0.42221,0.0
-1.05552,0.44859,0.0
-1.05552,0.47498,0.0
-1.05552,0.50137,0.0
-1.05552,0.52776,0.0
-1.05552,0.55415,0.0
-1.05552,0.58053,0.0
-1.05552,0.60692,0.0
-1.05552,0.63331,0.0
-1.02913,-0.63331,0.0
-1.02913,-0.60692,0.0
-1.02913,-0.58053,0.0
-1.02913,-0.55415,0.0
-1.02913,-0.52776,0.0
-1.02913,-0.50137,0.0
-1.02913,-0.47498,0.0
-1.02913,-0.44859,0.0
-1.02913,-0.42221,0.0
-1.02913,-0.39582,0.0
-1.02913,-0.36943,0.0
-1.02913,-0.34304,0.0
-1.02913,-0.31665,0.0
-1.02913,-0.29027,0.0
-1.02913,-0.26388,0.0
-1.02913,-0.23749,0.0
-1.02913,-0.2111,0.0
-1.02913,-0.18472,0.0
-1.02913,-0.15833,0.0
-1.02913,-0.13194,0.0
-1.02913,-0.10555,0.0
-1.02913,-0.07916,0.0
-1.02913,-0.05278,0.0
-1.02913,-0.02639,0.0
-1.02913,0,0.0
-1.02913,0.02639,0.0
-1.02913,0.05278,0.0
-1.02913,0.07916,0.0
-1.02913,0.10555,0.0
-1.02913,0.13194,0.0
-1.02913,0.15833,0.0
-1.02913,0.18472,0.0
-1.02913,0.2111,0.0
-1.02913,0.23749,0.0
-1.02913,0.26388,0.0
-1.02913,0.29027,0.0
-1.02913,0.31665,0.0
-1.02913,0.34304,0.0
-1.02913,0.36943,0.0
-1.02913,0.39582,0.0
-1.02913,0.42221,0.0
-1.02913,0.44859,0.0
-1.02913,0.47498,0.0
-1.02913,0.50137,0.0
-1.02913,0.52776,0.0
-1.02913,0.55415,0.0
-1.02913,0.58053,0.0
-1.02913,0.60692,0.0
-1.02913,0.63331,0.0
-1.00274,-0.63331,0.0
-1.00274,-0.60692,0.0
-1.00274,-0.58053,0.0
-1.00274,-0.55415,0.0
-1.00274,-0.52776,0.0
-1.00274,-0.50137,0.0
-1.00274,-0.47498,0.0
-1.00274,-0.44859,0.0
-1.00274,-0.42221,0.0
-1.00274,-0.39582,0.0
-1.00274,-0.36943,0.0
-1.00274,-0.34304,0.0
-1.00274,-0.31665,0.0
-1.00274,-0.29027,0.0
-1.00274,-0.26388,0.0
-1.00274,-0.23749,0.0
-1.00274,-0.2111,0.0
-1.00274,-0.18472,0.0
-1.00274,-0.15833,0.0
-1.00274,-0.13194,0.0
-1.00274,-0.10555,0.0
-1.00274,-0.07916,0.0
-1.00274,-0.05278,0.0
-1.00274,-0.02639,0.0
-1.00274,0,0.0
-1.00274,0.02639,0.0
-1.00274,0.05278,0.0
-1.00274,0.07916,0.0
-1.00274,0.10555,0.0
-1.00274,0.13194,0.0
-1.00274,0.15833,0.0
-1.00274,0.18472,0.0
-1.00274,0.2111,0.0
-1.00274,0.23749,0.0
-1.00274,0.26388,0.0
-1.00274,0.29027,0.0
-1.00274,0.31665,0.0
-1.00274,0.34304,0.0
-1.00274,0.36943,0.0
-1.00274,0.39582,0.0
-1.00274,0.42221,0.0
-1.00274,0.44859,0.0
-1.00274,0.47498,0.0
-1.00274,0.50137,0.0
-1.00274,0.52776,0.0
-1.00274,0.55415,0.0
-1.00274,0.58053,0.0
-1.00274,0.60692,0.0
-1.00274,0.63331,0.0
-0.97635,-0.63331,0.0
-0.97635,-0.60692,0.0
-0.97635,-0.58053,0.0
-0.97635,-0.55415,0.0
-0.97635,-0.52776,0.0
-0.97635,-0.50137,0.0
-0.97635,-0.47498,0.0
-0.97635,-0.44859,0.0
-0.97635,-0.42221,0.0
-0.97635,-0.39582,0.0
-0.97635,-0.36943,0.0
-0.97635,-0.34304,0.0
-0.97635,-0.31665,0.0
-0.97635,-0.29027,0.0
-0.97635,-0.26388,0.0
-0.97635,-0.23749,0.0
-0.97635,-0.2111,0.0
-0.97635,-0.18472,0.0
-0.97635,-0.15833,0.0
-0.97635,-0.13194,0.0
-0.97635,-0.10555,0.0
-0.97635,-0.07916,0.0
-0.97635,-0.05278,0.0
-0.97635,-0.02639,0.0
-0.97635,0,0.0
-0.97635,0.02639,0.0
-0.97635,0.05278,0.0
-0.97635,0.07916,0.0
-0.97635,0.10555,0.0
-0.97635,0.13194,0.0
-0.97635,0.15833,0.0
-0.97635,0.18472,0.0
-0.97635,0.2111,0.0
-0.97635,0.23749,0.0
-0.97635,0.26388,0.0
-0.97635,0.29027,0.0
-0.97635,0.31665,0.0
-0.97635,0.34304,0.0
-0.97635,0.36943,0.0
-0.97635,0.39582,0.0
-0.97635,0.42221,0.0
-0.97635,0.44859,0.0
-0.97635,0.47498,0.0
-0.97635,0.50137,0.0
-0.97635,0.52776,0.0
-0.97635,0.55415,0.0
-0.97635,0.58053,0.0
-0.97635,0.60692,0.0
-0.97635,0.63331,0.0
-0.94996,-0.63331,0.0
-0.94996,-0.60692,0.0
-0.94996,-0.58053,0.0
-0.94996,-0.55415,0.0
-0.94996,-0.52776,0.0
-0.94996,-0.50137,0.0
-0.94996,-0.47498,0.0
-0.94996,-0.44859,0.0
-0.94996,-0.42221,0.0
-0.94996,-0.39582,0.0
-0.94996,-0.36943,0.0
-0.94996,-0.34304,0.0
-0.94996,-0.31665,0.0
-0.94996,-0.29027,0.0
-0.94996,-0.26388,0.0
-0.94996,-0.23749,0.0
-0.94996,-0.2111,0.0
-0.94996,-0.18472,0.0
-0.94996,-0.15833,0.0
-0.94996,-0.13194,0.0
-0.94996,-0.10555,0.0
-0.94996,-0.07916,0.0
-0.94996,-0.05278,0.0
-0.94996,-0.02639,0.0
-0.94996,0,0.0
-0.94996,0.02639,0.0
-0.94996,0.05278,0.0
-0.94996,0.07916,0.0
-0.94996,0.10555,0.0
-0.94996,0.13194,0.0
-0.94996,0.15833,0.0
-0.94996,0.18472,0.0
-0.94996,0.2111,0.0
-0.94996,0.23749,0.0
-0.94996,0.26388,0.0
-0.94996,0.29027,0.0
-0.94996,0.31665,0.0
-0.94996,0.34304,0.0
-0.94996,0.36943,0.0
-0.94996,0.39582,0.0
-0.94996,0.42221,0.0
-0.94996,0.44859,0.0
-0.94996,0.47498,0.0
-0.94996,0.50137,0.0
-0.94996,0.52776,0.0
-0.94996,0.55415,0.0
-0.94996,0.58053,0.0
-0.94996,0.60692,0.0
-0.94996,0.63331,0.0
-0.92358,-0.63331,0.0
-0.92358,-0.60692,0.0
-0.92358,-0.58053,0.0
-0.92358,-0.55415,0.0
-0.92358,-0.52776,0.0
-0.92358,-0.50137,0.0
-0.92358,-0.47498,0.0
-0.92358,-0.44859,0.0
-0.92358,-0.42221,0.0
-0.92358,-0.39582,0.0
-0.92358,-0.36943,0.0
-0.92358,-0.34304,0.0
-0.92358,-0.31665,0.0
-0.92358,-0.29027,0.0
-0.92358,-0.26388,0.0
-0.92358,-0.23749,0.0
-0.92358,-0.2111,0.0
-0.92358,-0.18472,0.0
-0.92358,-0.15833,0.0
-0.92358,-0.13194,0.0
-0.92358,-0.10555,0.0
-0.92358,-0.07916,0.0
-0.92358,-0.05278,0.0
-0.92358,-0.02639,0.0
-0.92358,0,0.0
-0.92358,0.02639,0.0
-0.92358,0.05278,0.0
-0.92358,0.07916,0.0
-0.92358,0.10555,0.0
-0.92358,0.13194,0.0
-0.92358,0.15833,0.0
-0.92358,0.18472,0.0
-0.92358,0.2111,0.0
-0.92358,0.23749,0.0
-0.92358,0.26388,0.0
-0.92358,0.29027,0.0
-0.92358,0.31665,0.0
-0.92358,0.34304,0.0
-0.92358,0.36943,0.0
-0.92358,0.39582,0.0
-0.92358,0.42221,0.0
-0.92358,0.44859,0.0
-0.92358,0.47498,0.0
-0.92358,0.50137,0.0
-0.92358,0.52776,0.0
-0.92358,0.55415,0.0
-0.92358,0.58053,0.0
-0.92358,0.60692,0.0
-0.92358,0.63331,0.0
-0.89719,-0.63331,0.0
-0.89719,-0.60692,0.0
-0.89719,-0.58053,0.0
-0.89719,-0.55415,0.0
-0.89719,-0.52776,0.0
-0.89719,-0.50137,0.0
-0.89719,-0.47498,0.0
-0.89719,-0.44859,0.0
-0.89719,-0.42221,0.0
-0.89719,-0.39582,0.0
-0.89719,-0.36943,0.0
-0.89719,-0.34304,0.0
-0.89719,-0.31665,0.0
-0.89719,-0.29027,0.0
-0.89719,-0.26388,0.0
-0.89719,-0.23749,0.0
-0.89719,-0.2111,0.0
-0.89719,-0.18472,0.0
-0.89719,-0.15833,0.0
-0.89719,-0.13194,0.0
-0.89719,-0.10555,0.0
-0.89719,-0.07916,0.0
-0.89719,-0.05278,0.0
-0.89719,-0.02639,0.0
-0.89719,0,0.0
-0.89719,0.02639,0.0
-0.89719,0.05278,0.0
-0.89719,0.07916,0.0
-0.89719,0.10555,0.0
-0.89719,0.13194,0.0
-0.89719,0.15833,0.0
-0.89719,0.18472,0.0
-0.89719,0.2111,0.0
-0.89719,0.23749,0.0
-0.89719,0.26388,0.0
-0.89719,0.29027,0.0
-0.89719,0.31665,0.0
-0.89719,0.34304,0.0
-0.89719,0.36943,0.0
-0.89719,0.39582,0.0
-0.89719,0.42221,0.0
-0.89719,0.44859,0.0
-0.89719,0.47498,0.0
-0.89719,0.50137,0.0
-0.89719,0.52776,0.0
-0.89719,0.55415,0.0
-0.89719,0.58053,0.0
-0.89719,0.60692,0.0
-0.89719,0.63331,0.0
-0.8708,-0.63331,0.0
-0.8708,-0.60692,0.0
-0.8708,-0.58053,0.0
-0.8708,-0.55415,0.0
-0.8708,-0.52776,0.0
-0.8708,-0.50137,0.0
-0.8708,-0.47498,0.0
-0.8708,-0.44859,0.0
-0.8708,-0.42221,0.0
-0.8708,-0.39582,0.0
-0.8708,-0.36943,0.0
-0.8708,-0.34304,0.0
-0.8708,-0.31665,0.0
-0.8708,-0.29027,0.0
-0.8708,-0.26388,0.0
-0.8708,-0.23749,0.0
-0.8708,-0.2111,0.0
-0.8708,-0.18472,0.0
-0.8708,-0.15833,0.0
-0.8708,-0.13194,0.0
-0.8708,-0.10555,0.0
-0.8708,-0.07916,0.0
-0.8708,-0.05278,0.0
-0.8708,-0.02639,0.0
-0.8708,0,0.0
-0.8708,0.02639,0.0
-0.8708,0.05278,0.0
-0.8708,0.07916,0.0
-0.8708,0.10555,0.0
-0.8708,0.13194,0.0
-0.8708,0.15833,0.0
-0.8708,0.18472,0.0
-0.8708,0.2111,0.0
-0.8708,0.23749,0.0
-0.8708,0.26388,0.0
-0.8708,0.29027,0.0
-0.8708,0.31665,0.0
-0.8708,0.34304,0.0
-0.8708,0.36943,0.0
-0.8708,0.39582,0.0
-0.8708,0.42221,0.0
-0.8708,0.44859,0.0
-0.8708,0.47498,0.0
-0.8708,0.50137,0.0
-0.8708,0.52776,0.0
-0.8708,0.55415,0.0
-0.8708,0.58053,0.0
-0.8708,0.60692,0.0
-0.8708,0.63331,0.0
-0.84441,-0.63331,0.0
-0.84441,-0.60692,0.0
-0.84441,-0.58053,0.0
-0.84441,-0.55415,0.0
-0.84441,-0.52776,0.0
-0.84441,-0.50137,0.0
-0.84441,-0.47498,0.0
-0.84441,-0.44859,0.0
-0.84441,-0.42221,0.0
-0.84441,-0.39582,0.0
-0.84441,-0.36943,0.0
-0.84441,-0.34304,0.0
-0.84441,-0.31665,0.0
-0.84441,-0.29027,0.0
-0.84441,-0.26388,0.0
-0.84441,-0.23749,0.0
-0.84441,-0.2111,0.0
-0.84441,-0.18472,0.0
-0.84441,-0.15833,0.0
-0.84441,-0.13194,0.0
-0.84441,-0.10555,0.0
-0.84441,-0.07916,0.0
-0.84441,-0.05278,0.0
-0.84441,-0.02639,0.0
-0.84441,0,0.0
-0.84441,0.02639,0.0
-0.84441,0.05278,0.0
-0.84441,0.07916,0.0
-0.84441,0.10555,0.0
-0.84441,0.13194,0.0
-0.84441,0.15833,0.0
-0.84441,0.18472,0.0
-0.84441,0.2111,0.0
-0.84441,0.23749,0.0
-0.84441,0.26388,0.0
-0.84441,0.29027,0.0
-0.84441,0.31665,0.0
-0.84441,0.34304,0.0
-0.84441,0.36943,0.0
-0.84441,0.39582,0.0
-0.84441,0.42221,0.0
-0.84441,0.44859,0.0
-0.84441,0.47498,0.0
-0.84441,0.50137,0.0
-0.84441,0.52776,0.0
-0.84441,0.55415,0.0
-0.84441,0.58053,0.0
-0.84441,0.60692,0.0
-0.84441,0.63331,0.0
-0.81802,-0.63331,0.0
-0.81802,-0.60692,0.0
-0.81802,-0.58053,0.0
-0.81802,-0.55415,0.0
-0.81802,-0.52776,0.0
-0.81802,-0.50137,0.0
-0.81802,-0.47498,0.0
-0.81802,-0.44859,0.0
-0.81802,-0.42221,0.0
-0.81802,-0.39582,0.0
-0.81802,-0.36943,0.0
-0.81802,-0.34304,0.0
-0.81802,-0.31665,0.0
-0.81802,-0.29027,0.0
-0.81802,-0.26388,0.0
-0.81802,-0.23749,0.0
-0.81802,-0.2111,0.0
-0.81802,-0.18472,0.0
-0.81802,-0.15833,0.0
-0.81802,-0.13194,0.0
-0.81802,-0.10555,0.0
-0.81802,-0.07916,0.0
-0.81802,-0.05278,0.0
-0.81802,-0.02639,0.0
-0.81802,0,0.0
-0.81802,0.02639,0.0
-0.81802,0.05278,0.0
-0.81802,0.07916,0.0
-0.81802,0.10555,0.0
-0.81802,0.13194,0.0
-0.81802,0.15833,0.0
-0.81802,0.18472,0.0
-0.81802,0.2111,0.0
-0.81802,0.23749,0.0
-0.81802,0.26388,0.0
-0.81802,0.29027,0.0
-0.81802,0.31665,0.0
-0.81802,0.34304,0.0
-0.81802,0.36943,0.0
-0.81802,0.39582,0.0
-0.81802,0.42221,0.0
-0.81802,0.44859,0.0
-0.81802,0.47498,0.0
-0.81802,0.50137,0.0
-0.81802,0.52776,0.0
-0.81802,0.55415,0.0
-0.81802,0.58053,0.0
-0.81802,0.60692,0.0
-0.81802,0.63331,0.0
-0.79164,-0.63331,0.0
-0.79164,-0.60692,0.0
-0.79164,-0.58053,0.0
-0.79164,-0.55415,0.0
-0.79164,-0.52776,0.0
-0.79164,-0.50137,0.0
-0.79164,-0.47498,0.0
-0.79164,-0.44859,0.0
-0.79164,-0.42221,0.0
-0.79164,-0.39582,0.0
-0.79164,-0.36943,0.0
-0.79164,-0.34304,0.0
-0.79164,-0.31665,0.0
-0.79164,-0.29027,0.0
-0.79164,-0.26388,0.0
-0.79164,-0.23749,0.0
-0.79164,-0.2111,0.0
-0.79164,-0.18472,0.0
-0.79164,-0.15833,0.0
-0.79164,-0.13194,0.0
-0.79164,-0.10555,0.0
-0.79164,-0.07916,0.0
-0.79164,-0.05278,0.0
-0.79164,-0.02639,0.0
-0.79164,0,0.0
-0.79164,0.02639,0.0
-0.79164,0.05278,0.0
-0.79164,0.07916,0.0
-0.79164,0.10555,0.0
-0.79164,0.13194,0.0
-0.79164,0.15833,0.0
-0.79164,0.18472,0.0
-0.79164,0.2111,0.0
-0.79164,0.23749,0.0
-0.79164,0.26388,0.0
-0.79164,0.29027,0.0
-0.79164,0.31665,0.0
-0.79164,0.34304,0.0
-0.79164,0.36943,0.0
-0.79164,0.39582,0.0
-0.79164,0.42221,0.0
-0.79164,0.44859,0.0
-0.79164,0.47498,0.0
-0.79164,0.50137,0.0
-0.79164,0.52776,0.0
-0.79164,0.55415,0.0
-0.79164,0.58053,0.0
-0.79164,0.60692,0.0
-0.79164,0.63331,0.0
-0.76525,-0.63331,0.0
-0.76525,-0.60692,0.0
-0.76525,-0.58053,0.0
-0.76525,-0.55415,0.0
-0.76525,-0.52776,0.0
-0.76525,-0.50137,0.0
-0.76525,-0.47498,0.0
-0.76525,-0.44859,0.0
-0.76525,-0.42221,0.0
-0.76525,-0.39582,0.0
-0.76525,-0.36943,0.0
-0.76525,-0.34304,0.0
-0.76525,-0.31665,0.0
-0.76525,-0.29027,0.0
-0.76525,-0.26388,0.0
-0.76525,-0.23749,0.0
-0.76525,-0.2111,0.0
-0.76525,-0.18472,0.0
-0.76525,-0.15833,0.0
-0.76525,-0.13194,0.0
-0.76525,-0.10555,0.0
-0.76525,-0.07916,0.0
-0.76525,-0.05278,0.0
-0.76525,-0.02639,0.0
-0.76525,0,0.0
-0.76525,0.02639,0.0
-0.76525,0.05278,0.0
-0.76525,0.07916,0.0
-0.76525,0.10555,0.0
-0.76525,0.13194,0.0
-0.76525,0.15833,0.0
-0.76525,0.18472,0.0
-0.76525,0.2111,0.0
-0.76525,0.23749,0.0
-0.76525,0.26388,0.0
-0.76525,0.29027,0.0
-0.76525,0.31665,0.0
-0.76525,0.34304,0.0
-0.76525,0.36943,0.0
-0.76525,0.39582,0.0
-0.76525,0.42221,0.0
-0.76525,0.44859,0.0
-0.76525,0.47498,0.0
-0.76525,0.50137,0.0
-0.76525,0.52776,0.0
-0.76525,0.55415,0.0
-0.76525,0.58053,0.0
-0.76525,0.60692,0.0
-0.76525,0.63331,0.0
-0.73886,-0.63331,0.0
-0.73886,-0.60692,0.0
-0.73886,-0.58053,0.0
-0.73886,-0.55415,0.0
-0.73886,-0.52776,0.0
-0.73886,-0.50137,0.0
-0.73886,-0.47498,0.0
-0.73886,-0.44859,0.0
-0.73886,-0.42221,0.0
-0.73886,-0.39582,0.0
-0.73886,-0.36943,0.0
-0.73886,-0.34304,0.0
-0.73886,-0.31665,0.0
-0.73886,-0.29027,0.0
-0.73886,-0.26388,0.0
-0.73886,-0.23749,0.0
-0.73886,-0.2111,0.0
-0.73886,-0.18472,0.0
-0.73886,-0.15833,0.0
-0.73886,-0.13194,0.0
-0.73886,-0.10555,0.0
-0.73886,-0.07916,0.0
-0.73886,-0.05278,0.0
-0.73886,-0.02639,0.0
-0.73886,0,0.0
-0.73886,0.02639,0.0
-0.73886,0.05278,0.0
-0.73886,0.07916,0.0
-0.73886,0.10555,0.0
-0.73886,0.13194,0.0
-0.73886,0.15833,0.0
-0.73886,0.18472,0.0
-0.73886,0.2111,0.0
-0.73886,0.23749,0.0
-0.73886,0.26388,0.0
-0.73886,0.29027,0.0
-0.73886,0.31665,0.0
-0.73886,0.34304,0.0
-0.73886,0.36943,0.0
-0.73886,0.39582,0.0
-0.73886,0.42221,0.0
-0.73886,0.44859,0.0
-0.73886,0.47498,0.0
-0.73886,0.50137,0.0
-0.73886,0.52776,0.0
-0.73886,0.55415,0.0
-0.73886,0.58053,0.0
-0.73886,0.60692,0.0
-0.73886,0.63331,0.0
-0.71247,-0.63331,0.0
-0.71247,-0.60692,0.0
-0.71247,-0.58053,0.0
-0.71247,-0.55415,0.0
-0.71247,-0.52776,0.0
-0.71247,-0.50137,0.0
-0.71247,-0.47498,0.0
-0.71247,-0.44859,0.0
-0.71247,-0.42221,0.0
-0.71247,-0.39582,0.0
-0.71247,-0.36943,0.0
-0.71247,-0.34304,0.0
-0.71247,-0.31665,0.0
-0.71247,-0.29027,0.0
-0.71247,-0.26388,0.0
-0.71247,-0.23749,0.0
-0.71247,-0.2111,0.0
-0.71247,-0.18472,0.0
-0.71247,-0.15833,0.0
-0.71247,-0.13194,0.0
-0.71247,-0.10555,0.0
-0.71247,-0.07916,0.0
-0.71247,-0.05278,0.0
-0.71247,-0.02639,0.0
-0.71247,0,0.0
-0.71247,0.02639,0.0
-0.71247,0.05278,0.0
-0.71247,0.07916,0.0
-0.71247,0.10555,0.0
-0.71247,0.13194,0.0
-0.71247,0.15833,0.0
-0.71247,0.18472,0.0
-0.71247,0.2111,0.0
-0.71247,0.23749,0.0
-0.71247,0.26388,0.0
-0.71247,0.29027,0.0
-0.71247,0.31665,0.0
-0.71247,0.34304,0.0
-0.71247,0.36943,0.0
-0.71247,0.39582,0.0
-0.71247,0.42221,0.0
-0.71247,0.44859,0.0
-0.71247,0.47498,0.0
-0.71247,0.50137,0.0
-0.71247,0.52776,0.0
-0.71247,0.55415,0.0
-0.71247,0.58053,0.0
-0.71247,0.60692,0.0
-0.71247,0.63331,0.0
-0.68609,-0.63331,0.0
-0.68609,-0.60692,0.0
-0.68609,-0.58053,0.0
-0.68609,-0.55415,0.0
-0.68609,-0.52776,0.0
-0.68609,-0.50137,0.0
-0.68609,-0.47498,0.0
-0.68609,-0.44859,0.0
-0.68609,-0.42221,0.0
-0.68609,-0.39582,0.0
-0.68609,-0.36943,0.0
-0.68609,-0.34304,0.0
-0.68609,-0.31665,0.0
-0.68609,-0.29027,0.0
-0.68609,-0.26388,0.0
-0.68609,-0.23749,0.0
-0.68609,-0.2111,0.0
-0.68609,-0.18472,0.0
-0.68609,-0.15833,0.0
-0.68609,-0.13194,0.0
-0.68609,-0.10555,0.0
-0.68609,-0.07916,0.0
-0.68609,-0.05278,0.0
-0.68609,-0.02639,0.0
-0.68609,0,0.0
-0.68609,0.02639,0.0
-0.68609,0.05278,0.0
-0.68609,0.07916,0.0
-0.68609,0.10555,0.0
-0.68609,0.13194,0.0
-0.68609,0.15833,0.0
-0.68609,0.18472,0.0
-0.68609,0.2111,0.0
-0.68609,0.23749,0.0
-0.68609,0.26388,0.0
-0.68609,0.29027,0.0
-0.68609,0.31665,0.0
-0.68609,0.34304,0.0
-0.68609,0.36943,0.0
-0.68609,0.39582,0.0
-0.68609,0.42221,0.0
-0.68609,0.44859,0.0
-0.68609,0.47498,0.0
-0.68609,0.50137,0.0
-0.68609,0.52776,0.0
-0.68609,0.55415,0.0
-0.68609,0.58053,0.0
-0.68609,0.60692,0.0
-0.68609,0.63331,0.0
-0.6597,-0.63331,0.0
-0.6597,-0.60692,0.0
-0.6597,-0.58053,0.0
-0.6597,-0.55415,0.0
-0.6597,-0.52776,0.0
-0.6597,-0.50137,0.0
-0.6597,-0.47498,0.0
-0.6597,-0.44859,0.0
-0.6597,-0.42221,0.0
-0.6597,-0.39582,0.0
-0.6597,-0.36943,0.0
-0.6597,-0.34304,0.0
-0.6597,-0.31665,0.0
-0.6597,-0.29027,0.0
-0.6597,-0.26388,0.0
-0.6597,-0.23749,0.0
-0.6597,-0.2111,0.0
-0.6597,-0.18472,0.0
-0.6597,-0.15833,0.0
-0.6597,-0.13194,0.0
-0.6597,-0.10555,0.0
-0.6597,-0.07916,0.0
-0.6597,-0.05278,0.0
-0.6597,-0.02639,0.0
-0.6597,0,0.0
-0.6597,0.02639,0.0
-0.6597,0.05278,0.0
-0.6597,0.07916,0.0
-0.6597,0.10555,0.0
-0.6597,0.13194,0.0
-0.6597,0.15833,0.0
-0.6597,0.18472,0.0
-0.6597,0.2111,0.0
-0.6597,0.23749,0.0
-0.6597,0.26388,0.0
-0.6597,0.29027,0.0
-0.6597,0.31665,0.0
-0.6597,0.34304,0.0
-0.6597,0.36943,0.0
-0.6597,0.39582,0.0
-0.6597,0.42221,0.0
-0.6597,0.44859,0.0
-0.6597,0.47498,0.0
-0.6597,0.50137,0.0
-0.6597,0.52776,0.0
-0.6597,0.55415,0.0
-0.6597,0.58053,0.0
-0.6597,0.60692,0.0
-0.6597,0.63331,0.0
-0.63331,-0.63331,0.0
-0.63331,-0.60692,0.0
-0.63331,-0.58053,0.0
-0.63331,-0.55415,0.0
-0.63331,-0.52776,0.0
-0.63331,-0.50137,0.0
-0.63331,-0.47498,0.0
-0.63331,-0.44859,0.0
-0.63331,-0.42221,0.0
-0.63331,-0.39582,0.0
-0.63331,-0.36943,0.0
-0.63331,-0.34304,0.0
-0.63331,-0.31665,0.0
-0.63331,-0.29027,0.0
-0.63331,-0.26388,0.0
-0.63331,-0.23749,0.0
-0.63331,-0.2111,0.0
-0.63331,-0.18472,0.0
-0.63331,-0.15833,0.0
-0.63331,-0.13194,0.0
-0.63331,-0.10555,0.0
-0.63331,-0.07916,0.0
-0.63331,-0.05278,0.0
-0.63331,-0.02639,0.0
-0.63331,0,0.0
-0.63331,0.02639,0.0
-0.63331,0.05278,0.0
-0.63331,0.07916,0.0
-0.63331,0.10555,0.0
-0.63331,0.13194,0.0
-0.63331,0.15833,0.0
-0.63331,0.18472,0.0
-0.63331,0.2111,0.0
-0.63331,0.23749,0.0
-0.63331,0.26388,0.0
-0.63331,0.29027,0.0
-0.63331,0.31665,0.0
-0.63331,0.34304,0.0
-0.63331,0.36943,0.0
-0.63331,0.39582,0.0
-0.63331,0.42221,0.0
-0.63331,0.44859,0.0
-0.63331,0.47498,0.0
-0.63331,0.50137,0.0
-0.63331,0.52776,0.0
-0.63331,0.55415,0.0
-0.63331,0.58053,0.0
-0.63331,0.60692,0.0
-0.63331,0.63331,0.0
-0.60692,-0.63331,0.0
-0.60692,-0.60692,0.0
-0.60692,-0.58053,0.0
-0.60692,-0.55415,0.0
-0.60692,-0.52776,0.0
-0.60692,-0.50137,0.0
-0.60692,-0.47498,0.0
-0.60692,-0.44859,0.0
-0.60692,-0.42221,0.0
-0.60692,-0.39582,0.0
-0.60692,-0.36943,0.0
-0.60692,-0.34304,0.0
-0.60692,-0.31665,0.0
-0.60692,-0.29027,0.0
-0.60692,-0.26388,0.0
-0.60692,-0.23749,0.0
-0.60692,-0.2111,0.0
-0.60692,-0.18472,0.0
-0.60692,-0.15833,0.0
-0.60692,-0.13194,0.0
-0.60692,-0.10555,0.0
-0.60692,-0.07916,0.0
-0.60692,-0.05278,0.0
-0.60692,-0.02639,0.0
-0.60692,0,0.0
-0.60692,0.02639,0.0
-0.60692,0.05278,0.0
-0.60692,0.07916,0.0
-0.60692,0.10555,0.0
-0.60692,0.13194,0.0
-0.60692,0.15833,0.0
-0.60692,0.18472,0.0
-0.60692,0.2111,0.0
-0.60692,0.23749,0.0
-0.60692,0.26388,0.0
-0.60692,0.29027,0.0
-0.60692,0.31665,0.0
-0.60692,0.34304,0.0
-0.60692,0.36943,0.0
-0.60692,0.39582,0.0
-0.60692,0.42221,0.0
-0.60692,0.44859,0.0
-0.60692,0.47498,0.0
-0.60692,0.50137,0.0
-0.60692,0.52776,0.0
-0.60692,0.55415,0.0
-0.60692,0.58053,0.0
-0.60692,0.60692,0.0
-0.60692,0.63331,0.0
-0.58053,-0.63331,0.0
-0.58053,-0.60692,0.0
-0.58053,-0.58053,0.0
-0.58053,-0.55415,0.0
-0.58053,-0.52776,0.0
-0.58053,-0.50137,0.0
-0.58053,-0.47498,0.0
-0.58053,-0.44859,0.0
-0.58053,-0.42221,0.0
-0.58053,-0.39582,0.0
-0.58053,-0.36943,0.0
-0.58053,-0.34304,0.0
-0.58053,-0.31665,0.0
-0.58053,-0.29027,0.0
-0.58053,-0.26388,0.0
-0.58053,-0.23749,0.0
-0.58053,-0.2111,0.0
-0.58053,-0.18472,0.0
-0.58053,-0.15833,0.0
-0.58053,-0.13194,0.0
-0.58053,-0.10555,0.0
-0.58053,-0.07916,0.0
-0.58053,-0.05278,0.0
-0.58053,-0.02639,0.0
-0.58053,0,0.0
-0.58053,0.02639,0.0
-0.58053,0.05278,0.0
-0.58053,0.07916,0.0
-0.58053,0.10555,0.0
-0.58053,0.13194,0.0
-0.58053,0.15833,0.0
-0.58053,0.18472,0.0
-0.58053,0.2111,0.0
-0.58053,0.23749,0.0
-0.58053,0.26388,0.0
-0.58053,0.29027,0.0
-0.58053,0.31665,0.0
-0.58053,0.34304,0.0
-0.58053,0.36943,0.0
-0.58053,0.39582,0.0
-0.58053,0.42221,0.0
-0.58053,0.44859,0.0
-0.58053,0.47498,0.0
-0.58053,0.50137,0.0
-0.58053,0.52776,0.0
-0.58053,0.55415,0.0
-0.58053,0.58053,0.0
-0.58053,0.60692,0.0
-0.58053,0.63331,0.0
-0.55415,-0.63331,0.0
-0.55415,-0.60692,0.0
-0.55415,-0.58053,0.0
-0.55415,-0.55415,0.0
-0.55415,-0.52776,0.0
-0.55415,-0.50137,0.0
-0.55415,-0.47498,0.0
-0.55415,-0.44859,0.0
-0.55415,-0.42221,0.0
-0.55415,-0.39582,0.0
-0.55415,-0.36943,0.0
-0.55415,-0.34304,0.0
-0.55415,-0.31665,0.0
-0.55415,-0.29027,0.0
-0.55415,-0.26388,0.0
-0.55415,-0.23749,0.0
-0.55415,-0.2111,0.0
-0.55415,-0.18472,0.0
-0.55415,-0.15833,0.0
-0.55415,-0.13194,0.0
-0.55415,-0.10555,0.0
-0.55415,-0.07916,0.0
-0.55415,-0.05278,0.0
-0.55415,-0.02639,0.0
-0.55415,0,0.0
-0.55415,0.02639,0.0
-0.55415,0.05278,0.0
-0.55415,0.07916,0.0
-0.55415,0.10555,0.0
-0.55415,0.13194,0.0
-0.55415,0.15833,0.0
-0.55415,0.18472,0.0
-0.55415,0.2111,0.0
-0.55415,0.23749,0.0
-0.55415,0.26388,0.0
-0.55415,0.29027,0.0
-0.55415,0.31665,0.0
-0.55415,0.34304,0.0
-0.55415,0.36943,0.0
-0.55415,0.39582,0.0
-0.55415,0.42221,0.0
-0.55415,0.44859,0.0
-0.55415,0.47498,0.0
-0.55415,0.50137,0.0
-0.55415,0.52776,0.0
-0.55415,0.55415,0.0
-0.55415,0.58053,0.0
-0.55415,0.60692,0.0
-0.55415,0.63331,0.0
-0.52776,-0.63331,0.0
-0.52776,-0.60692,0.0
-0.52776,-0.58053,0.0
-0.52776,-0.55415,0.0
-0.52776,-0.52776,0.0
-0.52776,-0.50137,0.0
-0.52776,-0.47498,0.0
-0.52776,-0.44859,0.0
-0.52776,-0.42221,0.0
-0.52776,-0.39582,0.0
-0.52776,-0.36943,0.0
-0.52776,-0.34304,0.0
-0.52776,-0.31665,0.0
-0.52776,-0.29027,0.0
-0.52776,-0.26388,0.0
-0.52776,-0.23749,0.0
-0.52776,-0.2111,0.0
-0.52776,-0.18472,0.0
-0.52776,-0.15833,0.0
-0.52776,-0.13194,0.0
-0.52776,-0.10555,0.0
-0.52776,-0.07916,0.0
-0.52776,-0.05278,0.0
-0.52776,-0.02639,0.0
-0.52776,0,0.0
-0.52776,0.02639,0.0
-0.52776,0.05278,0.0
-0.52776,0.07916,0.0
-0.52776,0.10555,0.0
-0.52776,0.13194,0.0
-0.52776,0.15833,0.0
-0.52776,0.18472,0.0
-0.52776,0.2111,0.0
-0.52776,0.23749,0.0
-0.52776,0.26388,0.0
-0.52776,0.29027,0.0
-0.52776,0.31665,0.0
-0.52776,0.34304,0.0
-0.52776,0.36943,0.0
-0.52776,0.39582,0.0
-0.52776,0.42221,0.0
-0.52776,0.44859,0.0
-0.52776,0.47498,0.0
-0.52776,0.50137,0.0
-0.52776,0.52776,0.0
-0.52776,0.55415,0.0
-0.52776,0.58053,0.0
-0.52776,0.60692,0.0
-0.52776,0.63331,0.0
-0.50137,-0.63331,0.0
-0.50137,-0.60692,0.0
-0.50137,-0.58053,0.0
-0.50137,-0.55415,0.0
-0.50137,-0.52776,0.0
-0.50137,-0.50137,0.0
-0.50137,-0.47498,0.0
-0.50137,-0.44859,0.0
-0.50137,-0.42221,0.0
-0.50137,-0.39582,0.0
-0.50137,-0.36943,0.0
-0.50137,-0.34304,0.0
-0.50137,-0.31665,0.0
-0.50137,-0.29027,0.0
-0.50137,-0.26388,0.0
-0.50137,-0.23749,0.0
-0.50137,-0.2111,0.0
-0.50137,-0.18472,0.0
-0.50137,-0.15833,0.0
-0.50137,-0.13194,0.0
-0.50137,-0.10555,0.0
-0.50137,-0.07916,0.0
-0.50137,-0.05278,0.0
-0.50137,-0.02639,0.0
-0.50137,0,0.0
-0.50137,0.02639,0.0
-0.50137,0.05278,0.0
-0.50137,0.07916,0.0
-0.50137,0.10555,0.0
-0.50137,0.13194,0.0
-0.50137,0.15833,0.0
-0.50137,0.18472,0.0
-0.50137,0.2111,0.0
-0.50137,0.23749,0.0
-0.50137,0.26388,0.0
-0.50137,0.29027,0.0
-0.50137,0.31665,0.0
-0.50137,0.34304,0.0
-0.50137,0.36943,0.0
-0.50137,0.39582,0.0
-0.50137,0.42221,0.0
-0.50137,0.44859,0.0
-0.50137,0.47498,0.0
-0.50137,0.50137,0.0
-0.50137,0.52776,0.0
-0.50137,0.55415,0.0
-0.50137,0.58053,0.0
-0.50137,0.60692,0.0
-0.50137,0.63331,0.0
-0.47498,-0.63331,0.0
-0.47498,-0.60692,0.0
-0.47498,-0.58053,0.0
-0.47498,-0.55415,0.0
-0.47498,-0.52776,0.0
-0.47498,-0.50137,0.0
-0.47498,-0.47498,0.0
-0.47498,-0.44859,0.0
-0.47498,-0.42221,0.0
-0.47498,-0.39582,0.0
-0.47498,-0.36943,0.0
-0.47498,-0.34304,0.0
-0.47498,-0.31665,0.0
-0.47498,-0.29027,0.0
-0.47498,-0.26388,0.0
-0.47498,-0.23749,0.0
-0.47498,-0.2111,0.0
-0.47498,-0.18472,0.0
-0.47498,-0.15833,0.0
-0.47498,-0.13194,0.0
-0.47498,-0.10555,0.0
-0.47498,-0.07916,0.0
-0.47498,-0.05278,0.0
-0.47498,-0.02639,0.0
-0.47498,0,0.0
-0.47498,0.02639,0.0
-0.47498,0.05278,0.0
-0.47498,0.07916,0.0
-0.47498,0.10555,0.0
-0.47498,0.13194,0.0
-0.47498,0.15833,0.0
-0.47498,0.18472,0.0
-0.47498,0.2111,0.0
-0.47498,0.23749,0.0
-0.47498,0.26388,0.0
-0.47498,0.29027,0.0
-0.47498,0.31665,0.0
-0.47498,0.34304,0.0
-0.47498,0.36943,0.0
-0.47498,0.39582,0.0
-0.47498,0.42221,0.0
-0.47498,0.44859,0.0
-0.47498,0.47498,0.0
-0.47498,0.50137,0.0
-0.47498,0.52776,0.0
-0.47498,0.55415,0.0
-0.47498,0.58053,0.0
-0.47498,0.60692,0.0
-0.47498,0.63331,0.0
-0.44859,-0.63331,0.0
-0.44859,-0.60692,0.0
-0.44859,-0.58053,0.0
-0.44859,-0.55415,0.0
-0.44859,-0.52776,0.0
-0.44859,-0.50137,0.0
-0.44859,-0.47498,0.0
-0.44859,-0.44859,0.0
-0.44859,-0.42221,0.0
-0.44859,-0.39582,0.0
-0.44859,-0.36943,0.0
-0.44859,-0.34304,0.0
-0.44859,-0.31665,0.0
-0.44859,-0.29027,0.0
-0.44859,-0.26388,0.0
-0.44859,-0.23749,0.0
-0.44859,-0.2111,0.0
-0.44859,-0.18472,0.0
-0.44859,-0.15833,0.0
-0.44859,-0.13194,0.0
-0.44859,-0.10555,0.0
-0.44859,-0.07916,0.0
-0.44859,-0.05278,0.0
-0.44859,-0.02639,0.0
-0.44859,0,0.0
-0.44859,0.02639,0.0
-0.44859,0.05278,0.0
-0.44859,0.07916,0.0
-0.44859,0.10555,0.0
-0.44859,0.13194,0.0
-0.44859,0.15833,0.0
-0.44859,0.18472,0.0
-0.44859,0.2111,0.0
-0.44859,0.23749,0.0
-0.44859,0.26388,0.0
-0.44859,0.29027,0.0
-0.44859,0.31665,0.0
-0.44859,0.34304,0.0
-0.44859,0.36943,0.0
-0.44859,0.39582,0.0
-0.44859,0.42221,0.0
-0.44859,0.44859,0.0
-0.44859,0.47498,0.0
-0.44859,0.50137,0.0
-0.44859,0.52776,0.0
-0.44859,0.55415,0.0
-0.44859,0.58053,0.0
-0.44859,0.60692,0.0
-0.44859,0.63331,0.0
-0.42221,-0.63331,0.0
-0.42221,-0.60692,0.0
-0.42221,-0.58053,0.0
-0.42221,-0.55415,0.0
-0.42221,-0.52776,0.0
-0.42221,-0.50137,0.0
-0.42221,-0.47498,0.0
-0.42221,-0.44859,0.0
-0.42221,-0.42221,0.0
-0.42221,-0.39582,0.0
-0.42221,-0.36943,0.0
-0.42221,-0.34304,0.0
-0.42221,-0.31665,0.0
-0.42221,-0.29027,0.0
-0.42221,-0.26388,0.0
-0.42221,-0.23749,0.0
-0.42221,-0.2111,0.0
-0.42221,-0.18472,0.0
-0.42221,-0.15833,0.0
-0.42221,-0.13194,0.0
-0.42221,-0.10555,0.0
-0.42221,-0.07916,0.0
-0.42221,-0.05278,0.0
-0.42221,-0.02639,0.0
-0.42221,0,0.0
-0.42221,0.02639,0.0
-0.42221,0.05278,0.0
-0.42221,0.07916,0.0
-0.42221,0.10555,0.0
-0.42221,0.13194,0.0
-0.42221,0.15833,0.0
-0.42221,0.18472,0.0
-0.42221,0.2111,0.0
-0.42221,0.23749,0.0
-0.42221,0.26388,0.0
-0.42221,0.29027,0.0
-0.42221,0.31665,0.0
-0.42221,0.34304,0.0
-0.42221,0.36943,0.0
-0.42221,0.39582,0.0
-0.42221,0.42221,0.0
-0.42221,0.44859,0.0
-0.42221,0.47498,0.0
-0.42221,0.50137,0.0
-0.42221,0.52776,0.0
-0.42221,0.55415,0.0
-0.42221,0.58053,0.0
-0.42221,0.60692,0.0
-0.42221,0.63331,0.0
-0.39582,-0.63331,0.0
-0.39582,-0.60692,0.0
-0.39582,-0.58053,0.0
-0.39582,-0.55415,0.0
-0.39582,-0.52776,0.0
-0.39582,-0.50137,0.0
-0.39582,-0.47498,0.0
-0.39582,-0.44859,0.0
-0.39582,-0.42221,0.0
-0.39582,-0.39582,0.0
-0.39582,-0.36943,0.0
-0.39582,-0.34304,0.0
-0.39582,-0.31665,0.0
-0.39582,-0.29027,0.0
-0.39582,-0.26388,0.0
-0.39582,-0.23749,0.0
-0.39582,-0.2111,0.0
-0.39582,-0.18472,0.0
-0.39582,-0.15833,0.0
-0.39582,-0.13194,0.0
-0.39582,-0.10555,0.0
-0.39582,-0.07916,0.0
-0.39582,-0.05278,0.0
-0.39582,-0.02639,0.0
-0.39582,0,0.0
-0.39582,0.02639,0.0
-0.39582,0.05278,0.0
-0.39582,0.07916,0.0
-0.39582,0.10555,0.0
-0.39582,0.13194,0.0
-0.39582,0.15833,0.0
-0.39582,0.18472,0.0
-0.39582,0.2111,0.0
-0.39582,0.23749,0.0
-0.39582,0.26388,0.0
-0.39582,0.29027,0.0
-0.39582,0.31665,0.0
-0.39582,0.34304,0.0
-0.39582,0.36943,0.0
-0.39582,0.39582,0.0
-0.39582,0.42221,0.0
-0.39582,0.44859,0.0
-0.39582,0.47498,0.0
-0.39582,0.50137,0.0
-0.39582,0.52776,0.0
-0.39582,0.55415,0.0
-0.39582,0.58053,0.0
-0.39582,0.60692,0.0
-0.39582,0.63331,0.0
-0.36943,-0.63331,0.0
-0.36943,-0.60692,0.0
-0.36943,-0.58053,0.0
-0.36943,-0.55415,0.0
-0.36943,-0.52776,0.0
-0.36943,-0.50137,0.0
-0.36943,-0.47498,0.0
-0.36943,-0.44859,0.0
-0.36943,-0.42221,0.0
-0.36943,-0.39582,0.0
-0.36943,-0.36943,0.0
-0.36943,-0.34304,0.0
-0.36943,-0.31665,0.0
-0.36943,-0.29027,0.0
-0.36943,-0.26388,0.0
-0.36943,-0.23749,0.0
-0.36943,-0.2111,0.0
-0.36943,-0.18472,0.0
-0.36943,-0.15833,0.0
-0.36943,-0.13194,0.0
-0.36943,-0.10555,0.0
-0.36943,-0.07916,0.0
-0.36943,-0.05278,0.0
-0.36943,-0.02639,0.0
-0.36943,0,0.0
-0.36943,0.02639,0.0
-0.36943,0.05278,0.0
-0.36943,0.07916,0.0
-0.36943,0.10555,0.0
-0.36943,0.13194,0.0
-0.36943,0.15833,0.0
-0.36943,0.18472,0.0
-0.36943,0.2111,0.0
-0.36943,0.23749,0.0
-0.36943,0.26388,0.0
-0.36943,0.29027,0.0
-0.36943,0.31665,0.0
-0.36943,0.34304,0.0
-0.36943,0.36943,0.0
-0.36943,0.39582,0.0
-0.36943,0.42221,0.0
-0.36943,0.44859,0.0
-0.36943,0.47498,0.0
-0.36943,0.50137,0.0
-0.36943,0.52776,0.0
-0.36943,0.55415,0.0
-0.36943,0.58053,0.0
-0.36943,0.60692,0.0
-0.36943,0.63331,0.0
-0.34304,-0.63331,0.0
-0.34304,-0.60692,0.0
-0.34304,-0.58053,0.0
-0.34304,-0.55415,0.0
-0.34304,-0.52776,0.0
-0.34304,-0.50137,0.0
-0.34304,-0.47498,0.0
-0.34304,-0.44859,0.0
-0.34304,-0.42221,0.0
-0.34304,-0.39582,0.0
-0.34304,-0.36943,0.0
-0.34304,-0.34304,0.0
-0.34304,-0.31665,0.0
-0.34304,-0.29027,0.0
-0.34304,-0.26388,0.0
-0.34304,-0.23749,0.0
-0.34304,-0.2111,0.0
-0.34304,-0.18472,0.0
-0.34304,-0.15833,0.0
-0.34304,-0.13194,0.0
-0.34304,-0.10555,0.0
-0.34304,-0.07916,0.0
-0.34304,-0.05278,0.0
-0.34304,-0.02639,0.0
-0.34304,0,0.0
-0.34304,0.02639,0.0
-0.34304,0.05278,0.0
-0.34304,0.07916,0.0
-0.34304,0.10555,0.0
-0.34304,0.13194,0.0
-0.34304,0.15833,0.0
-0.34304,0.18472,0.0
-0.34304,0.2111,0.0
-0.34304,0.23749,0.0
-0.34304,0.26388,0.0
-0.34304,0.29027,0.0
-0.34304,0.31665,0.0
-0.34304,0.34304,0.0
-0.34304,0.36943,0.0
-0.34304,0.39582,0.0
-0.34304,0.42221,0.0
-0.34304,0.44859,0.0
-0.34304,0.47498,0.0
-0.34304,0.50137,0.0
-0.34304,0.52776,0.0
-0.34304,0.55415,0.0
-0.34304,0.58053,0.0
-0.34304,0.60692,0.0
-0.34304,0.63331,0.0
-0.31665,-0.63331,0.0
-0.31665,-0.60692,0.0
-0.31665,-0.58053,0.0
-0.31665,-0.55415,0.0
-0.31665,-0.52776,0.0
-0.31665,-0.50137,0.0
-0.31665,-0.47498,0.0
-0.31665,-0.44859,0.0
-0.31665,-0.42221,0.0
-0.31665,-0.39582,0.0
-0.31665,-0.36943,0.0
-0.31665,-0.34304,0.0
-0.31665,-0.31665,0.0
-0.31665,-0.29027,0.0
-0.31665,-0.26388,0.0
-0.31665,-0.23749,0.0
-0.31665,-0.2111,0.0
-0.31665,-0.18472,0.0
-0.31665,-0.15833,0.0
-0.31665,-0.13194,0.0
-0.31665,-0.10555,0.0
-0.31665,-0.07916,0.0
-0.31665,-0.05278,0.0
-0.31665,-0.02639,0.0
-0.31665,0,0.0
-0.31665,0.02639,0.0
-0.31665,0.05278,0.0
-0.31665,0.07916,0.0
-0.31665,0.10555,0.0
-0.31665,0.13194,0.0
-0.31665,0.15833,0.0
-0.31665,0.18472,0.0
-0.31665,0.2111,0.0
-0.31665,0.23749,0.0
-0.31665,0.26388,0.0
-0.31665,0.29027,0.0
-0.31665,0.31665,0.0
-0.31665,0.34304,0.0
-0.31665,0.36943,0.0
-0.31665,0.39582,0.0
-0.31665,0.42221,0.0
-0.31665,0.44859,0.0
-0.31665,0.47498,0.0
-0.31665,0.50137,0.0
-0.31665,0.52776,0.0
-0.31665,0.55415,0.0
-0.31665,0.58053,0.0
-0.31665,0.60692,0.0
-0.31665,0.63331,0.0
-0.29027,-0.63331,0.0
-0.29027,-0.60692,0.0
-0.29027,-0.58053,0.0
-0.29027,-0.55415,0.0
-0.29027,-0.52776,0.0
-0.29027,-0.50137,0.0
-0.29027,-0.47498,0.0
-0.29027,-0.44859,0.0
-0.29027,-0.42221,0.0
-0.29027,-0.39582,0.0
-0.29027,-0.36943,0.0
-0.29027,-0.34304,0.0
-0.29027,-0.31665,0.0
-0.29027,-0.29027,0.0
-0.29027,-0.26388,0.0
-0.29027,-0.23749,0.0
-0.29027,-0.2111,0.0
-0.29027,-0.18472,0.0
-0.29027,-0.15833,0.0
-0.29027,-0.13194,0.0
-0.29027,-0.10555,0.0
-0.29027,-0.07916,0.0
-0.29027,-0.05278,0.0
-0.29027,-0.02639,0.0
-0.29027,0,0.0
-0.29027,0.02639,0.0
-0.29027,0.05278,0.0
-0.29027,0.07916,0.0
-0.29027,0.10555,0.0
-0.29027,0.13194,0.0
-0.29027,0.15833,0.0
-0.29027,0.18472,0.0
-0.29027,0.2111,0.0
-0.29027,0.23749,0.0
-0.29027,0.26388,0.0
-0.29027,0.29027,0.0
-0.29027,0.31665,0.0
-0.29027,0.34304,0.0
-0.29027,0.36943,0.0
-0.29027,0.39582,0.0
-0.29027,0.42221,0.0
-0.29027,0.44859,0.0
-0.29027,0.47498,0.0
-0.29027,0.50137,0.0
-0.29027,0.52776,0.0
-0.29027,0.55415,0.0
-0.29027,0.58053,0.0
-0.29027,0.60692,0.0
-0.29027,0.63331,0.0
-0.26388,-0.63331,0.0
-0.26388,-0.60692,0.0
-0.26388,-0.58053,0.0
-0.26388,-0.55415,0.0
-0.26388,-0.52776,0.0
-0.26388,-0.50137,0.0
-0.26388,-0.47498,0.0
-0.26388,-0.44859,0.0
-0.26388,-0.42221,0.0
-0.26388,-0.39582,0.0
-0.26388,-0.36943,0.0
-0.26388,-0.34304,0.0
-0.26388,-0.31665,0.0
-0.26388,-0.29027,0.0
-0.26388,-0.26388,0.0
-0.26388,-0.23749,0.0
-0.26388,-0.2111,0.0
-0.26388,-0.18472,0.0
-0.26388,-0.15833,0.0
-0.26388,-0.13194,0.0
-0.26388,-0.10555,0.0
-0.26388,-0.07916,0.0
-0.26388,-0.05278,0.0
-0.26388,-0.02639,0.0
-0.26388,0,0.0
-0.26388,0.02639,0.0
-0.26388,0.05278,0.0
-0.26388,0.07916,0.0
-0.26388,0.10555,0.0
-0.26388,0.13194,0.0
-0.26388,0.15833,0.0
-0.26388,0.18472,0.0
-0.26388,0.2111,0.0
-0.26388,0.23749,0.0
-0.26388,0.26388,0.0
-0.26388,0.29027,0.0
-0.26388,0.31665,0.0
-0.26388,0.34304,0.0
-0.26388,0.36943,0.0
-0.26388,0.39582,0.0
-0.26388,0.42221,0.0
-0.26388,0.44859,0.0
-0.26388,0.47498,0.0
-0.26388,0.50137,0.0
-0.26388,0.52776,0.0
-0.26388,0.55415,0.0
-0.26388,0.58053,0.0
-0.26388,0.60692,0.0
-0.26388,0.63331,0.0
-0.23749,-0.63331,0.0
-0.23749,-0.60692,0.0
-0.23749,-0.58053,0.0
-0.23749,-0.55415,0.0
-0.23749,-0.52776,0.0
-0.23749,-0.50137,0.0
-0.23749,-0.47498,0.0
-0.23749,-0.44859,0.0
-0.23749,-0.42221,0.0
-0.23749,-0.39582,0.0
-0.23749,-0.36943,0.0
-0.23749,-0.34304,0.0
-0.23749,-0.31665,0.0
-0.23749,-0.29027,0.0
-0.23749,-0.26388,0.0
-0.23749,-0.23749,0.0
-0.23749,-0.2111,0.0
-0.23749,-0.18472,0.0
-0.23749,-0.15833,0.0
-0.23749,-0.13194,0.0
-0.23749,-0.10555,0.0
-0.23749,-0.07916,0.0
-0.23749,-0.05278,0.0
-0.23749,-0.02639,0.0
-0.23749,0,0.0
-0.23749,0.02639,0.0
-0.23749,0.05278,0.0
-0.23749,0.07916,0.0
-0.23749,0.10555,0.0
-0.23749,0.13194,0.0
-0.23749,0.15833,0.0
-0.23749,0.18472,0.0
-0.23749,0.2111,0.0
-0.23749,0.23749,0.0
-0.23749,0.26388,0.0
-0.23749,0.29027,0.0
-0.23749,0.31665,0.0
-0.23749,0.34304,0.0
-0.23749,0.36943,0.0
-0.23749,0.39582,0.0
-0.23749,0.42221,0.0
-0.23749,0.44859,0.0
-0.23749,0.47498,0.0
-0.23749,0.50137,0.0
-0.23749,0.52776,0.0
-0.23749,0.55415,0.0
-0.23749,0.58053,0.0
-0.23749,0.60692,0.0
-0.23749,0.63331,0.0
-0.2111,-0.63331,0.0
-0.2111,-0.60692,0.0
-0.2111,-0.58053,0.0
-0.2111,-0.55415,0.0
-0.2111,-0.52776,0.0
-0.2111,-0.50137,0.0
-0.2111,-0.47498,0.0
-0.2111,-0.44859,0.0
-0.2111,-0.42221,0.0
-0.2111,-0.39582,0.0
-0.2111,-0.36943,0.0
-0.2111,-0.34304,0.0
-0.2111,-0.31665,0.0
-0.2111,-0.29027,0.0
-0.2111,-0.26388,0.0
-0.2111,-0.23749,0.0
-0.2111,-0.2111,0.0
-0.2111,-0.18472,0.0
-0.2111,-0.15833,0.0
-0.2111,-0.13194,0.0
-0.2111,-0.10555,0.0
-0.2111,-0.07916,0.0
-0.2111,-0.05278,0.0
-0.2111,-0.02639,0.0
-0.2111,0,0.0
-0.2111,0.02639,0.0
-0.2111,0.05278,0.0
-0.2111,0.07916,0.0
-0.2111,0.10555,0.0
-0.2111,0.13194,0.0
-0.2111,0.15833,0.0
-0.2111,0.18472,0.0
-0.2111,0.2111,0.0
-0.2111,0.23749,0.0
-0.2111,0.26388,0.0
-0.2111,0.29027,0.0
-0.2111,0.31665,0.0
-0.2111,0.34304,0.0
-0.2111,0.36943,0.0
-0.2111,0.39582,0.0
-0.2111,0.42221,0.0
-0.2111,0.44859,0.0
-0.2111,0.47498,0.0
-0.2111,0.50137,0.0
-0.2111,0.52776,0.0
-0.2111,0.55415,0.0
-0.2111,0.58053,0.0
-0.2111,0.60692,0.0
-0.2111,0.63331,0.0
-0.18472,-0.63331,0.0
-0.18472,-0.60692,0.0
-0.18472,-0.58053,0.0
-0.18472,-0.55415,0.0
-0.18472,-0.52776,0.0
-0.18472,-0.50137,0.0
-0.18472,-0.47498,0.0
-0.18472,-0.44859,0.0
-0.18472,-0.42221,0.0
-0.18472,-0.39582,0.0
-0.18472,-0.36943,0.0
-0.18472,-0.34304,0.0
-0.18472,-0.31665,0.0
-0.18472,-0.29027,0.0
-0.18472,-0.26388,0.0
-0.18472,-0.23749,0.0
-0.18472,-0.2111,0.0
-0.18472,-0.18472,0.0
-0.18472,-0.15833,0.0
-0.18472,-0.13194,0.0
-0.18472,-0.10555,0.0
-0.18472,-0.07916,0.0
-0.18472,-0.05278,0.0
-0.18472,-0.02639,0.0
-0.18472,0,0.0
-0.18472,0.02639,0.0
-0.18472,0.05278,0.0
-0.18472,0.07916,0.0
-0.18472,0.10555,0.0
-0.18472,0.13194,0.0
-0.18472,0.15833,0.0
-0.18472,0.18472,0.0
-0.18472,0.2111,0.0
-0.18472,0.23749,0.0
-0.18472,0.26388,0.0
-0.18472,0.29027,0.0
-0.18472,0.31665,0.0
-0.18472,0.34304,0.0
-0.18472,0.36943,0.0
-0.18472,0.39582,0.0
-0.18472,0.42221,0.0
-0.18472,0.44859,0.0
-0.18472,0.47498,0.0
-0.18472,0.50137,0.0
-0.18472,0.52776,0.0
-0.18472,0.55415,0.0
-0.18472,0.58053,0.0
-0.18472,0.60692,0.0
-0.18472,0.63331,0.0
-0.15833,-0.63331,0.0
-0.15833,-0.60692,0.0
-0.15833,-0.58053,0.0
-0.15833,-0.55415,0.0
-0.15833,-0.52776,0.0
-0.15833,-0.50137,0.0
-0.15833,-0.47498,0.0
-0.15833,-0.44859,0.0
-0.15833,-0.42221,0.0
-0.15833,-0.39582,0.0
-0.15833,-0.36943,0.0
-0.15833,-0.34304,0.0
-0.15833,-0.31665,0.0
-0.15833,-0.29027,0.0
-0.15833,-0.26388,0.0
-0.15833,-0.23749,0.0
-0.15833,-0.2111,0.0
-0.15833,-0.18472,0.0
-0.15833,-0.15833,0.0
-0.15833,-0.13194,0.0
-0.15833,-0.10555,0.0
-0.15833,-0.07916,0.0
-0.15833,-0.05278,0.0
-0.15833,-0.02639,0.0
-0.15833,0,0.0
-0.15833,0.02639,0.0
-0.15833,0.05278,0.0
-0.15833,0.07916,0.0
-0.15833,0.10555,0.0
-0.15833,0.13194,0.0
-0.15833,0.15833,0.0
-0.15833,0.18472,0.0
-0.15833,0.2111,0.0
-0.15833,0.23749,0.0
-0.15833,0.26388,0.0
-0.15833,0.29027,0.0
-0.15833,0.31665,0.0
-0.15833,0.34304,0.0
-0.15833,0.36943,0.0
-0.15833,0.39582,0.0
-0.15833,0.42221,0.0
-0.15833,0.44859,0.0
-0.15833,0.47498,0.0
-0.15833,0.50137,0.0
-0.15833,0.52776,0.0
-0.15833,0.55415,0.0
-0.15833,0.58053,0.0
-0.15833,0.60692,0.0
-0.15833,0.63331,0.0
-0.13194,-0.63331,0.0
-0.13194,-0.60692,0.0
-0.13194,-0.58053,0.0
-0.13194,-0.55415,0.0
-0.13194,-0.52776,0.0
-0.13194,-0.50137,0.0
-0.13194,-0.47498,0.0
-0.13194,-0.44859,0.0
-0.13194,-0.42221,0.0
-0.13194,-0.39582,0.0
-0.13194,-0.36943,0.0
-0.13194,-0.34304,0.0
-0.13194,-0.31665,0.0
-0.13194,-0.29027,0.0
-0.13194,-0.26388,0.0
-0.13194,-0.23749,0.0
-0.13194,-0.2111,0.0
-0.13194,-0.18472,0.0
-0.13194,-0.15833,0.0
-0.13194,-0.13194,0.0
-0.13194,-0.10555,0.0
-0.13194,-0.07916,0.0
-0.13194,-0.05278,0.0
-0.13194,-0.02639,0.0
-0.13194,0,0.0
-0.13194,0.02639,0.0
-0.13194,0.05278,0.0
-0.13194,0.07916,0.0
-0.13194,0.10555,0.0
-0.13194,0.13194,0.0
-0.13194,0.15833,0.0
-0.13194,0.18472,0.0
-0.13194,0.2111,0.0
-0.13194,0.23749,0.0
-0.13194,0.26388,0.0
-0.13194,0.29027,0.0
-0.13194,0.31665,0.0
-0.13194,0.34304,0.0
-0.13194,0.36943,0.0
-0.13194,0.39582,0.0
-0.13194,0.42221,0.0
-0.13194,0.44859,0.0
-0.13194,0.47498,0.0
-0.13194,0.50137,0.0
-0.13194,0.52776,0.0
-0.13194,0.55415,0.0
-0.13194,0.58053,0.0
-0.13194,0.60692,0.0
-0.13194,0.63331,0.0
-0.10555,-0.63331,0.0
-0.10555,-0.60692,0.0
-0.10555,-0.58053,0.0
-0.10555,-0.55415,0.0
-0.10555,-0.52776,0.0
-0.10555,-0.50137,0.0
-0.10555,-0.47498,0.0
-0.10555,-0.44859,0.0
-0.10555,-0.42221,0.0
-0.10555,-0.39582,0.0
-0.10555,-0.36943,0.0
-0.10555,-0.34304,0.0
-0.10555,-0.31665,0.0
-0.10555,-0.29027,0.0
-0.10555,-0.26388,0.0
-0.10555,-0.23749,0.0
-0.10555,-0.2111,0.0
-0.10555,-0.18472,0.0
-0.10555,-0.15833,0.0
-0.10555,-0.13194,0.0
-0.10555,-0.10555,0.0
-0.10555,-0.07916,0.0
-0.10555,-0.05278,0.0
-0.10555,-0.02639,0.0
-0.10555,0,0.0
-0.10555,0.02639,0.0
-0.10555,0.05278,0.0
-0.10555,0.07916,0.0
-0.10555,0.10555,0.0
-0.10555,0.13194,0.0
-0.10555,0.15833,0.0
-0.10555,0.18472,0.0
-0.10555,0.2111,0.0
-0.10555,0.23749,0.0
-0.10555,0.26388,0.0
-0.10555,0.29027,0.0
-0.10555,0.31665,0.0
-0.10555,0.34304,0.0
-0.10555,0.36943,0.0
-0.10555,0.39582,0.0
-0.10555,0.42221,0.0
-0.10555,0.44859,0.0
-0.10555,0.47498,0.0
-0.10555,0.50137,0.0
-0.10555,0.52776,0.0
-0.10555,0.55415,0.0
-0.10555,0.58053,0.0
-0.10555,0.60692,0.0
-0.10555,0.63331,0.0
-0.07916,-0.63331,0.0
-0.07916,-0.60692,0.0
-0.07916,-0.58053,0.0
-0.07916,-0.55415,0.0
-0.07916,-0.52776,0.0
-0.07916,-0.50137,0.0
-0.07916,-0.47498,0.0
-0.07916,-0.44859,0.0
-0.07916,-0.42221,0.0
-0.07916,-0.39582,0.0
-0.07916,-0.36943,0.0
-0.07916,-0.34304,0.0
-0.07916,-0.31665,0.0
-0.07916,-0.29027,0.0
-0.07916,-0.26388,0.0
-0.07916,-0.23749,0.0
-0.07916,-0.2111,0.0
-0.07916,-0.18472,0.0
-0.07916,-0.15833,0.0
-0.07916,-0.13194,0.0
-0.07916,-0.10555,0.0
-0.07916,-0.07916,0.0
-0.07916,-0.05278,0.0
-0.07916,-0.02639,0.0
-0.07916,0,0.0
-0.07916,0.02639,0.0
-0.07916,0.05278,0.0
-0.07916,0.07916,0.0
-0.07916,0.10555,0.0
-0.07916,0.13194,0.0
-0.07916,0.15833,0.0
-0.07916,0.18472,0.0
-0.07916,0.2111,0.0
-0.07916,0.23749,0.0
-0.07916,0.26388,0.0
-0.07916,0.29027,0.0
-0.07916,0.31665,0.0
-0.07916,0.34304,0.0
-0.07916,0.36943,0.0
-0.07916,0.39582,0.0
-0.07916,0.42221,0.0
-0.07916,0.44859,0.0
-0.07916,0.47498,0.0
-0.07916,0.50137,0.0
-0.07916,0.52776,0.0
-0.07916,0.55415,0.0
-0.07916,0.58053,0.0
-0.07916,0.60692,0.0
-0.07916,0.63331,0.0
-0.05278,-0.63331,0.0
-0.05278,-0.60692,0.0
-0.05278,-0.58053,0.0
-0.05278,-0.55415,0.0
-0.05278,-0.52776,0.0
-0.05278,-0.50137,0.0
-0.05278,-0.47498,0.0
-0.05278,-0.44859,0.0
-0.05278,-0.42221,0.0
-0.05278,-0.39582,0.0
-0.05278,-0.36943,0.0
-0.05278,-0.34304,0.0
-0.05278,-0.31665,0.0
-0.05278,-0.29027,0.0
-0.05278,-0.26388,0.0
-0.05278,-0.23749,0.0
-0.05278,-0.2111,0.0
-0.05278,-0.18472,0.0
-0.05278,-0.15833,0.0
-0.05278,-0.13194,0.0
-0.05278,-0.10555,0.0
-0.05278,-0.07916,0.0
-0.05278,-0.05278,0.0
-0.05278,-0.02639,0.0
-0.05278,0,0.0
-0.05278,0.02639,0.0
-0.05278,0.05278,0.0
-0.05278,0.07916,0.0
-0.05278,0.10555,0.0
-0.05278,0.13194,0.0
-0.05278,0.15833,0.0
-0.05278,0.18472,0.0
-0.05278,0.2111,0.0
-0.05278,0.23749,0.0
-0.05278,0.26388,0.0
-0.05278,0.29027,0.0
-0.05278,0.31665,0.0
-0.05278,0.34304,0.0
-0.05278,0.36943,0.0
-0.05278,0.39582,0.0
-0.05278,0.42221,0.0
-0.05278,0.44859,0.0
-0.05278,0.47498,0.0
-0.05278,0.50137,0.0
-0.05278,0.52776,0.0
-0.05278,0.55415,0.0
-0.05278,0.58053,0.0
-0.05278,0.60692,0.0
-0.05278,0.63331,0.0
-0.02639,-0.63331,0.0
-0.02639,-0.60692,0.0
-0.02639,-0.58053,0.0
-0.02639,-0.55415,0.0
-0.02639,-0.52776,0.0
-0.02639,-0.50137,0.0
-0.02639,-0.47498,0.0
-0.02639,-0.44859,0.0
-0.02639,-0.42221,0.0
-0.02639,-0.39582,0.0
-0.02639,-0.36943,0.0
-0.02639,-0.34304,0.0
-0.02639,-0.31665,0.0
-0.02639,-0.29027,0.0
-0.02639,-0.26388,0.0
-0.02639,-0.23749,0.0
-0.02639,-0.2111,0.0
-0.02639,-0.18472,0.0
-0.02639,-0.15833,0.0
-0.02639,-0.13194,0.0
-0.02639,-0.10555,0.0
-0.02639,-0.07916,0.0
-0.02639,-0.05278,0.0
-0.02639,-0.02639,0.0
-0.02639,0,0.0
-0.02639,0.02639,0.0
-0.02639,0.05278,0.0
-0.02639,0.07916,0.0
-0.02639,0.10555,0.0
-0.02639,0.13194,0.0
-0.02639,0.15833,0.0
-0.02639,0.18472,0.0
-0.02639,0.2111,0.0
-0.02639,0.23749,0.0
-0.02639,0.26388,0.0
-0.02639,0.29027,0.0
-0.02639,0.31665,0.0
-0.02639,0.34304,0.0
-0.02639,0.36943,0.0
-0.02639,0.39582,0.0
-0.02639,0.42221,0.0
-0.02639,0.44859,0.0
-0.02639,0.47498,0.0
-0.02639,0.50137,0.0
-0.02639,0.52776,0.0
-0.02639,0.55415,0.0
-0.02639,0.58053,0.0
-0.02639,0.60692,0.0
-0.02639,0.63331,0.0
0,-0.63331,0.0
0,-0.60692,0.0
0,-0.58053,0.0
0,-0.55415,0.0
0,-0.52776,0.0
0,-0.50137,0.0
0,-0.47498,0.0
0,-0.44859,0.0
0,-0.42221,0.0
0,-0.39582,0.0
0,-0.36943,0.0
0,-0.34304,0.0
0,-0.31665,0.0
0,-0.29027,0.0
0,-0.26388,0.0
0,-0.23749,0.0
0,-0.2111,0.0
0,-0.18472,0.0
0,-0.15833,0.0
0,-0.13194,0.0
0,-0.10555,0.0
0,-0.07916,0.0
0,-0.05278,0.0
0,-0.02639,0.0
0,0,0.0
0,0.02639,0.0
0,0.05278,0.0
0,0.07916,0.0
0,0.10555,0.0
0,0.13194,0.0
0,0.15833,0.0
0,0.18472,0.0
0,0.2111,0.0
0,0.23749,0.0
0,0.26388,0.0
0,0.29027,0.0
0,0.31665,0.0
0,0.34304,0.0
0,0.36943,0.0
0,0.39582,0.0
0,0.42221,0.0
0,0.44859,0.0
0,0.47498,0.0
0,0.50137,0.0
0,0.52776,0.0
0,0.55415,0.0
0,0.58053,0.0
0,0.60692,0.0
0,0.63331,0.0
0.02639,-0.63331,0.0
0.02639,-0.60692,0.0
0.02639,-0.58053,0.0
0.02639,-0.55415,0.0
0.02639,-0.52776,0.0
0.02639,-0.50137,0.0
0.02639,-0.47498,0.0
0.02639,-0.44859,0.0
0.02639,-0.42221,0.0
0.02639,-0.39582,0.0
0.02639,-0.36943,0.0
0.02639,-0.34304,0.0
0.02639,-0.31665,0.0
0.02639,-0.29027,0.0
0.02639,-0.26388,0.0
0.02639,-0.23749,0.0
0.02639,-0.2111,0.0
0.02639,-0.18472,0.0
0.02639,-0.15833,0.0
0.02639,-0.13194,0.0
0.02639,-0.10555,0.0
0.02639,-0.07916,0.0
0.02639,-0.05278,0.0
0.02639,-0.02639,0.0
0.02639,0,0.0
0.02639,0.02639,0.0
0.02639,0.05278,0.0
0.02639,0.07916,0.0
0.02639,0.10555,0.0
0.02639,0.13194,0.0
0.02639,0.15833,0.0
0.02639,0.18472,0.0
0.02639,0.2111,0.0
0.02639,0.23749,0.0
0.02639,0.26388,0.0
0.02639,0.29027,0.0
0.02639,0.31665,0.0
0.02639,0.34304,0.0
0.02639,0.36943,0.0
0.02639,0.39582,0.0
0.02639,0.42221,0.0
0.02639,0.44859,0.0
0.02639,0.47498,0.0
0.02639,0.50137,0.0
0.02639,0.52776,0.0
0.02639,0.55415,0.0
0.02639,0.58053,0.0
0.02639,0.60692,0.0
0.02639,0.63331,0.0
0.05278,-0.63331,0.0
0.05278,-0.60692,0.0
0.05278,-0.58053,0.0
0.05278,-0.55415,0.0
0.05278,-0.52776,0.0
0.05278,-0.50137,0.0
0.05278,-0.47498,0.0
0.05278,-0.44859,0.0
0.05278,-0.42221,0.0
0.05278,-0.39582,0.0
0.05278,-0.36943,0.0
0.05278,-0.34304,0.0
0.05278,-0.31665,0.0
0.05278,-0.29027,0.0
0.05278,-0.26388,0.0
0.05278,-0.23749,0.0
0.05278,-0.2111,0.0
0.05278,-0.18472,0.0
0.05278,-0.15833,0.0
0.05278,-0.13194,0.0
0.05278,-0.10555,0.0
0.05278,-0.07916,0.0
0.05278,-0.05278,0.0
0.05278,-0.02639,0.0
0.05278,0,0.0
0.05278,0.02639,0.0
0.05278,0.05278,0.0
0.05278,0.07916,0.0
0.05278,0.10555,0.0
0.05278,0.13194,0.0
0.05278,0.15833,0.0
0.05278,0.18472,0.0
0.05278,0.2111,0.0
0.05278,0.23749,0.0
0.05278,0.26388,0.0
0.05278,0.29027,0.0
0.05278,0.31665,0.0
0.05278,0.34304,0.0
0.05278,0.36943,0.0
0.05278,0.39582,0.0
0.05278,0.42221,0.0
0.05278,0.44859,0.0
0.05278,0.47498,0.0
0.05278,0.50137,0.0
0.05278,0.52776,0.0
0.05278,0.55415,0.0
0.05278,0.58053,0.0
0.05278,0.60692,0.0
0.05278,0.63331,0.0
0.07916,-0.63331,0.0
0.07916,-0.60692,0.0
0.07916,-0.58053,0.0
0.07916,-0.55415,0.0
0.07916,-0.52776,0.0
0.07916,-0.50137,0.0
0.07916,-0.47498,0.0
0.07916,-0.44859,0.0
0.07916,-0.42221,0.0
0.07916,-0.39582,0.0
0.07916,-0.36943,0.0
0.07916,-0.34304,0.0
0.07916,-0.31665,0.0
0.07916,-0.29027,0.0
0.07916,-0.26388,0.0
0.07916,-0.23749,0.0
0.07916,-0.2111,0.0
0.07916,-0.18472,0.0
0.07916,-0.15833,0.0
0.07916,-0.13194,0.0
0.07916,-0.10555,0.0
0.07916,-0.07916,0.0
0.07916,-0.05278,0.0
0.07916,-0.02639,0.0
0.07916,0,0.0
0.07916,0.02639,0.0
0.07916,0.05278,0.0
0.07916,0.07916,0.0
0.07916,0.10555,0.0
0.07916,0.13194,0.0
0.07916,0.15833,0.0
0.07916,0.18472,0.0
0.07916,0.2111,0.0
0.07916,0.23749,0.0
0.07916,0.26388,0.0
0.07916,0.29027,0.0
0.07916,0.31665,0.0
0.07916,0.34304,0.0
0.07916,0.36943,0.0
0.07916,0.39582,0.0
0.07916,0.42221,0.0
0.07916,0.44859,0.0
0.07916,0.47498,0.0
0.07916,0.50137,0.0
0.07916,0.52776,0.0
0.07916,0.55415,0.0
0.07916,0.58053,0.0
0.07916,0.60692,0.0
0.07916,0.63331,0.0
0.10555,-0.63331,0.0
0.10555,-0.60692,0.0
0.10555,-0.58053,0.0
0.10555,-0.55415,0.0
0.10555,-0.52776,0.0
0.10555,-0.50137,0.0
0.10555,-0.47498,0.0
0.10555,-0.44859,0.0
0.10555,-0.42221,0.0
0.10555,-0.39582,0.0
0.10555,-0.36943,0.0
0.10555,-0.34304,0.0
0.10555,-0.31665,0.0
0.10555,-0.29027,0.0
0.10555,-0.26388,0.0
0.10555,-0.23749,0.0
0.10555,-0.2111,0.0
0.10555,-0.18472,0.0
0.10555,-0.15833,0.0
0.10555,-0.13194,0.0
0.10555,-0.10555,0.0
0.10555,-0.07916,0.0
0.10555,-0.05278,0.0
0.10555,-0.02639,0.0
0.10555,0,0.0
0.10555,0.02639,0.0
0.10555,0.05278,0.0
0.10555,0.07916,0.0
0.10555,0.10555,0.0
0.10555,0.13194,0.0
0.10555,0.15833,0.0
0.10555,0.18472,0.0
0.10555,0.2111,0.0
0.10555,0.23749,0.0
0.10555,0.26388,0.0
0.10555,0.29027,0.0
0.10555,0.31665,0.0
0.10555,0.34304,0.0
0.10555,0.36943,0.0
0.10555,0.39582,0.0
0.10555,0.42221,0.0
0.10555,0.44859,0.0
0.10555,0.47498,0.0
0.10555,0.50137,0.0
0.10555,0.52776,0.0
0.10555,0.55415,0.0
0.10555,0.58053,0.0
0.10555,0.60692,0.0
0.10555,0.63331,0.0
0.13194,-0.63331,0.0
0.13194,-0.60692,0.0
0.13194,-0.58053,0.0
0.13194,-0.55415,0.0
0.13194,-0.52776,0.0
0.13194,-0.50137,0.0
0.13194,-0.47498,0.0
0.13194,-0.44859,0.0
0.13194,-0.42221,0.0
0.13194,-0.39582,0.0
0.13194,-0.36943,0.0
0.13194,-0.34304,0.0
0.13194,-0.31665,0.0
0.13194,-0.29027,0.0
0.13194,-0.26388,0.0
0.13194,-0.23749,0.0
0.13194,-0.2111,0.0
0.13194,-0.18472,0.0
0.13194,-0.15833,0.0
0.13194,-0.13194,0.0
0.13194,-0.10555,0.0
0.13194,-0.07916,0.0
0.13194,-0.05278,0.0
0.13194,-0.02639,0.0
0.13194,0,0.0
0.13194,0.02639,0.0
0.13194,0.05278,0.0
0.13194,0.07916,0.0
0.13194,0.10555,0.0
0.13194,0.13194,0.0
0.13194,0.15833,0.0
0.13194,0.18472,0.0
0.13194,0.2111,0.0
0.13194,0.23749,0.0
0.13194,0.26388,0.0
0.13194,0.29027,0.0
0.13194,0.31665,0.0
0.13194,0.34304,0.0
0.13194,0.36943,0.0
0.13194,0.39582,0.0
0.13194,0.42221,0.0
0.13194,0.44859,0.0
0.13194,0.47498,0.0
0.13194,0.50137,0.0
0.13194,0.52776,0.0
0.13194,0.55415,0.0
0.13194,0.58053,0.0
0.13194,0.60692,0.0
0.13194,0.63331,0.0
0.15833,-0.63331,0.0
0.15833,-0.60692,0.0
0.15833,-0.58053,0.0
0.15833,-0.55415,0.0
0.15833,-0.52776,0.0
0.15833,-0.50137,0.0
0.15833,-0.47498,0.0
0.15833,-0.44859,0.0
0.15833,-0.42221,0.0
0.15833,-0.39582,0.0
0.15833,-0.36943,0.0
0.15833,-0.34304,0.0
0.15833,-0.31665,0.0
0.15833,-0.29027,0.0
0.15833,-0.26388,0.0
0.15833,-0.23749,0.0
0.15833,-0.2111,0.0
0.15833,-0.18472,0.0
0.15833,-0.15833,0.0
0.15833,-0.13194,0.0
0.15833,-0.10555,0.0
0.15833,-0.07916,0.0
0.15833,-0.05278,0.0
0.15833,-0.02639,0.0
0.15833,0,0.0
0.15833,0.02639,0.0
0.15833,0.05278,0.0
0.15833,0.07916,0.0
0.15833,0.10555,0.0
0.15833,0.13194,0.0
0.15833,0.15833,0.0
0.15833,0.18472,0.0
0.15833,0.2111,0.0
0.15833,0.23749,0.0
0.15833,0.26388,0.0
0.15833,0.29027,0.0
0.15833,0.31665,0.0
0.15833,0.34304,0.0
0.15833,0.36943,0.0
0.15833,0.39582,0.0
0.15833,0.42221,0.0
0.15833,0.44859,0.0
0.15833,0.47498,0.0
0.15833,0.50137,0.0
0.15833,0.52776,0.0
0.15833,0.55415,0.0
0.15833,0.58053,0.0
0.15833,0.60692,0.0
0.15833,0.63331,0.0
0.18472,-0.63331,0.0
0.18472,-0.60692,0.0
0.18472,-0.58053,0.0
0.18472,-0.55415,0.0
0.18472,-0.52776,0.0
0.18472,-0.50137,0.0
0.18472,-0.47498,0.0
0.18472,-0.44859,0.0
0.18472,-0.42221,0.0
0.18472,-0.39582,0.0
0.18472,-0.36943,0.0
0.18472,-0.34304,0.0
0.18472,-0.31665,0.0
0.18472,-0.29027,0.0
0.18472,-0.26388,0.0
0.18472,-0.23749,0.0
0.18472,-0.2111,0.0
0.18472,-0.18472,0.0
0.18472,-0.15833,0.0
0.18472,-0.13194,0.0
0.18472,-0.10555,0.0
0.18472,-0.07916,0.0
0.18472,-0.05278,0.0
0.18472,-0.02639,0.0
0.18472,0,0.0
0.18472,0.02639,0.0
0.18472,0.05278,0.0
0.18472,0.07916,0.0
0.18472,0.10555,0.0
0.18472,0.13194,0.0
0.18472,0.15833,0.0
0.18472,0.18472,0.0
0.18472,0.2111,0.0
0.18472,0.23749,0.0
0.18472,0.26388,0.0
0.18472,0.29027,0.0
0.18472,0.31665,0.0
0.18472,0.34304,0.0
0.18472,0.36943,0.0
0.18472,0.39582,0.0
0.18472,0.42221,0.0
0.18472,0.44859,0.0
0.18472,0.47498,0.0
0.18472,0.50137,0.0
0.18472,0.52776,0.0
0.18472,0.55415,0.0
0.18472,0.58053,0.0
0.18472,0.60692,0.0
0.18472,0.63331,0.0
0.2111,-0.63331,0.0
0.2111,-0.60692,0.0
0.2111,-0.58053,0.0
0.2111,-0.55415,0.0
0.2111,-0.52776,0.0
0.2111,-0.50137,0.0
0.2111,-0.47498,0.0
0.2111,-0.44859,0.0
0.2111,-0.42221,0.0
0.2111,-0.39582,0.0
0.2111,-0.36943,0.0
0.2111,-0.34304,0.0
0.2111,-0.31665,0.0
0.2111,-0.29027,0.0
0.2111,-0.26388,0.0
0.2111,-0.23749,0.0
0.2111,-0.2111,0.0
0.2111,-0.18472,0.0
0.2111,-0.15833,0.0
0.2111,-0.13194,0.0
0.2111,-0.10555,0.0
0.2111,-0.07916,0.0
0.2111,-0.05278,0.0
0.2111,-0.02639,0.0
0.2111,0,0.0
0.2111,0.02639,0.0
0.2111,0.05278,0.0
0.2111,0.07916,0.0
0.2111,0.10555,0.0
0.2111,0.13194,0.0
0.2111,0.15833,0.0
0.2111,0.18472,0.0
0.2111,0.2111,0.0
0.2111,0.23749,0.0
0.2111,0.26388,0.0
0.2111,0.29027,0.0
0.2111,0.31665,0.0
0.2111,0.34304,0.0
0.2111,0.36943,0.0
0.2111,0.39582,0.0
0.2111,0.42221,0.0
0.2111,0.44859,0.0
0.2111,0.47498,0.0
0.2111,0.50137,0.0
0.2111,0.52776,0.0
0.2111,0.55415,0.0
0.2111,0.58053,0.0
0.2111,0.60692,0.0
0.2111,0.63331,0.0
0.23749,-0.63331,0.0
0.23749,-0.60692,0.0
0.23749,-0.58053,0.0
0.23749,-0.55415,0.0
0.23749,-0.52776,0.0
0.23749,-0.50137,0.0
0.23749,-0.47498,0.0
0.23749,-0.44859,0.0
0.23749,-0.42221,0.0
0.23749,-0.39582,0.0
0.23749,-0.36943,0.0
0.23749,-0.34304,0.0
0.23749,-0.31665,0.0
0.23749,-0.29027,0.0
0.23749,-0.26388,0.0
0.23749,-0.23749,0.0
0.23749,-0.2111,0.0
0.23749,-0.18472,0.0
0.23749,-0.15833,0.0
0.23749,-0.13194,0.0
0.23749,-0.10555,0.0
0.23749,-0.07916,0.0
0.23749,-0.05278,0.0
0.23749,-0.02639,0.0
0.23749,0,0.0
0.23749,0.02639,0.0
0.23749,0.05278,0.0
0.23749,0.07916,0.0
0.23749,0.10555,0.0
0.23749,0.13194,0.0
0.23749,0.15833,0.0
0.23749,0.18472,0.0
0.23749,0.2111,0.0
0.23749,0.23749,0.0
0.23749,0.26388,0.0
0.23749,0.29027,0.0
0.23749,0.31665,0.0
0.23749,0.34304,0.0
0.23749,0.36943,0.0
0.23749,0.39582,0.0
0.23749,0.42221,0.0
0.23749,0.44859,0.0
0.23749,0.47498,0.0
0.23749,0.50137,0.0
0.23749,0.52776,0.0
0.23749,0.55415,0.0
0.23749,0.58053,0.0
0.23749,0.60692,0.0
0.23749,0.63331,0.0
0.26388,-0.63331,0.0
0.26388,-0.60692,0.0
0.26388,-0.58053,0.0
0.26388,-0.55415,0.0
0.26388,-0.52776,0.0
0.26388,-0.50137,0.0
0.26388,-0.47498,0.0
0.26388,-0.44859,0.0
0.26388,-0.42221,0.0
0.26388,-0.39582,0.0
0.26388,-0.36943,0.0
0.26388,-0.34304,0.0
0.26388,-0.31665,0.0
0.26388,-0.29027,0.0
0.26388,-0.26388,0.0
0.26388,-0.23749,0.0
0.26388,-0.2111,0.0
0.26388,-0.18472,0.0
0.26388,-0.15833,0.0
0.26388,-0.13194,0.0
0.26388,-0.10555,0.0
0.26388,-0.07916,0.0
0.26388,-0.05278,0.0
0.26388,-0.02639,0.0
0.26388,0,0.0
0.26388,0.02639,0.0
0.26388,0.05278,0.0
0.26388,0.07916,0.0
0.26388,0.10555,0.0
0.26388,0.13194,0.0
0.26388,0.15833,0.0
0.26388,0.18472,0.0
0.26388,0.2111,0.0
0.26388,0.23749,0.0
0.26388,0.26388,0.0
0.26388,0.29027,0.0
0.26388,0.31665,0.0
0.26388,0.34304,0.0
0.26388,0.36943,0.0
0.26388,0.39582,0.0
0.26388,0.42221,0.0
0.26388,0.44859,0.0
0.26388,0.47498,0.0
0.26388,0.50137,0.0
0.26388,0.52776,0.0
0.26388,0.55415,0.0
0.26388,0.58053,0.0
0.26388,0.60692,0.0
0.26388,0.63331,0.0
0.29027,-0.63331,0.0
0.29027,-0.60692,0.0
0.29027,-0.58053,0.0
0.29027,-0.55415,0.0
0.29027,-0.52776,0.0
0.29027,-0.50137,0.0
0.29027,-0.47498,0.0
0.29027,-0.44859,0.0
0.29027,-0.42221,0.0
0.29027,-0.39582,0.0
0.29027,-0.36943,0.0
0.29027,-0.34304,0.0
0.29027,-0.31665,0.0
0.29027,-0.29027,0.0
0.29027,-0.26388,0.0
0.29027,-0.23749,0.0
0.29027,-0.2111,0.0
0.29027,-0.18472,0.0
0.29027,-0.15833,0.0
0.29027,-0.13194,0.0
0.29027,-0.10555,0.0
0.29027,-0.07916,0.0
0.29027,-0.05278,0.0
0.29027,-0.02639,0.0
0.29027,0,0.0
0.29027,0.02639,0.0
0.29027,0.05278,0.0
0.29027,0.07916,0.0
0.29027,0.10555,0.0
0.29027,0.13194,0.0
0.29027,0.15833,0.0
0.29027,0.18472,0.0
0.29027,0.2111,0.0
0.29027,0.23749,0.0
0.29027,0.26388,0.0
0.29027,0.29027,0.0
0.29027,0.31665,0.0
0.29027,0.34304,0.0
0.29027,0.36943,0.0
0.29027,0.39582,0.0
0.29027,0.42221,0.0
0.29027,0.44859,0.0
0.29027,0.47498,0.0
0.29027,0.50137,0.0
0.29027,0.52776,0.0
0.29027,0.55415,0.0
0.29027,0.58053,0.0
0.29027,0.60692,0.0
0.29027,0.63331,0.0
0.31665,-0.63331,0.0
0.31665,-0.60692,0.0
0.31665,-0.58053,0.0
0.31665,-0.55415,0.0
0.31665,-0.52776,0.0
0.31665,-0.50137,0.0
0.31665,-0.47498,0.0
0.31665,-0.44859,0.0
0.31665,-0.42221,0.0
0.31665,-0.39582,0.0
0.31665,-0.36943,0.0
0.31665,-0.34304,0.0
0.31665,-0.31665,0.0
0.31665,-0.29027,0.0
0.31665,-0.26388,0.0
0.31665,-0.23749,0.0
0.31665,-0.2111,0.0
0.31665,-0.18472,0.0
0.31665,-0.15833,0.0
0.31665,-0.13194,0.0
0.31665,-0.10555,0.0
0.31665,-0.07916,0.0
0.31665,-0.05278,0.0
0.31665,-0.02639,0.0
0.31665,0,0.0
0.31665,0.02639,0.0
0.31665,0.05278,0.0
0.31665,0.07916,0.0
0.31665,0.10555,0.0
0.31665,0.13194,0.0
0.31665,0.15833,0.0
0.31665,0.18472,0.0
0.31665,0.2111,0.0
0.31665,0.23749,0.0
0.31665,0.26388,0.0
0.31665,0.29027,0.0
0.31665,0.31665,0.0
0.31665,0.34304,0.0
0.31665,0.36943,0.0
0.31665,0.39582,0.0
0.31665,0.42221,0.0
0.31665,0.44859,0.0
0.31665,0.47498,0.0
0.31665,0.50137,0.0
0.31665,0.52776,0.0
0.31665,0.55415,0.0
0.31665,0.58053,0.0
0.31665,0.60692,0.0
0.31665,0.63331,0.0
0.34304,-0.63331,0.0
0.34304,-0.60692,0.0
0.34304,-0.58053,0.0
0.34304,-0.55415,0.0
0.34304,-0.52776,0.0
0.34304,-0.50137,0.0
0.34304,-0.47498,0.0
0.34304,-0.44859,0.0
0.34304,-0.42221,0.0
0.34304,-0.39582,0.0
0.34304,-0.36943,0.0
0.34304,-0.34304,0.0
0.34304,-0.31665,0.0
0.34304,-0.29027,0.0
0.34304,-0.26388,0.0
0.34304,-0.23749,0.0
0.34304,-0.2111,0.0
0.34304,-0.18472,0.0
0.34304,-0.15833,0.0
0.34304,-0.13194,0.0
0.34304,-0.10555,0.0
0.34304,-0.07916,0.0
0.34304,-0.05278,0.0
0.34304,-0.02639,0.0
0.34304,0,0.0
0.34304,0.02639,0.0
0.34304,0.05278,0.0
0.34304,0.07916,0.0
0.34304,0.10555,0.0
0.34304,0.13194,0.0
0.34304,0.15833,0.0
0.34304,0.18472,0.0
0.34304,0.2111,0.0
0.34304,0.23749,0.0
0.34304,0.26388,0.0
0.34304,0.29027,0.0
0.34304,0.31665,0.0
0.34304,0.34304,0.0
0.34304,0.36943,0.0
0.34304,0.39582,0.0
0.34304,0.42221,0.0
0.34304,0.44859,0.0
0.34304,0.47498,0.0
0.34304,0.50137,0.0
0.34304,0.52776,0.0
0.34304,0.55415,0.0
0.34304,0.58053,0.0
0.34304,0.60692,0.0
0.34304,0.63331,0.0
0.36943,-0.63331,0.0
0.36943,-0.60692,0.0
0.36943,-0.58053,0.0
0.36943,-0.55415,0.0
0.36943,-0.52776,0.0
0.36943,-0.50137,0.0
0.36943,-0.47498,0.0
0.36943,-0.44859,0.0
0.36943,-0.42221,0.0
0.36943,-0.39582,0.0
0.36943,-0.36943,0.0
0.36943,-0.34304,0.0
0.36943,-0.31665,0.0
0.36943,-0.29027,0.0
0.36943,-0.26388,0.0
0.36943,-0.23749,0.0
0.36943,-0.2111,0.0
0.36943,-0.18472,0.0
0.36943,-0.15833,0.0
0.36943,-0.13194,0.0
0.36943,-0.10555,0.0
0.36943,-0.07916,0.0
0.36943,-0.05278,0.0
0.36943,-0.02639,0.0
0.36943,0,0.0
0.36943,0.02639,0.0
0.36943,0.05278,0.0
0.36943,0.07916,0.0
0.36943,0.10555,0.0
0.36943,0.13194,0.0
0.36943,0.15833,0.0
0.36943,0.18472,0.0
0.36943,0.2111,0.0
0.36943,0.23749,0.0
0.36943,0.26388,0.0
0.36943,0.29027,0.0
0.36943,0.31665,0.0
0.36943,0.34304,0.0
0.36943,0.36943,0.0
0.36943,0.39582,0.0
0.36943,0.42221,0.0
0.36943,0.44859,0.0
0.36943,0.47498,0.0
0.36943,0.50137,0.0
0.36943,0.52776,0.0
0.36943,0.55415,0.0
0.36943,0.58053,0.0
0.36943,0.60692,0.0
0.36943,0.63331,0.0
0.39582,-0.63331,0.0
0.39582,-0.60692,0.0
0.39582,-0.58053,0.0
0.39582,-0.55415,0.0
0.39582,-0.52776,0.0
0.39582,-0.50137,0.0
0.39582,-0.47498,0.0
0.39582,-0.44859,0.0
0.39582,-0.42221,0.0
0.39582,-0.39582,0.0
0.39582,-0.36943,0.0
0.39582,-0.34304,0.0
0.39582,-0.31665,0.0
0.39582,-0.29027,0.0
0.39582,-0.26388,0.0
0.39582,-0.23749,0.0
0.39582,-0.2111,0.0
0.39582,-0.18472,0.0
0.39582,-0.15833,0.0
0.39582,-0.13194,0.0
0.39582,-0.10555,0.0
0.39582,-0.07916,0.0
0.39582,-0.05278,0.0
0.39582,-0.02639,0.0
0.39582,0,0.0
0.39582,0.02639,0.0
0.39582,0.05278,0.0
0.39582,0.07916,0.0
0.39582,0.10555,0.0
0.39582,0.13194,0.0
0.39582,0.15833,0.0
0.39582,0.18472,0.0
0.39582,0.2111,0.0
0.39582,0.23749,0.0
0.39582,0.26388,0.0
0.39582,0.29027,0.0
0.39582,0.31665,0.0
0.39582,0.34304,0.0
0.39582,0.36943,0.0
0.39582,0.39582,0.0
0.39582,0.42221,0.0
0.39582,0.44859,0.0
0.39582,0.47498,0.0
0.39582,0.50137,0.0
0.39582,0.52776,0.0
0.39582,0.55415,0.0
0.39582,0.58053,0.0
0.39582,0.60692,0.0
0.39582,0.63331,0.0
0.42221,-0.63331,0.0
0.42221,-0.60692,0.0
0.42221,-0.58053,0.0
0.42221,-0.55415,0.0
0.42221,-0.52776,0.0
0.42221,-0.50137,0.0
0.42221,-0.47498,0.0
0.42221,-0.44859,0.0
0.42221,-0.42221,0.0
0.42221,-0.39582,0.0
0.42221,-0.36943,0.0
0.42221,-0.34304,0.0
0.42221,-0.31665,0.0
0.42221,-0.29027,0.0
0.42221,-0.26388,0.0
0.42221,-0.23749,0.0
0.42221,-0.2111,0.0
0.42221,-0.18472,0.0
0.42221,-0.15833,0.0
0.42221,-0.13194,0.0
0.42221,-0.10555,0.0
0.42221,-0.07916,0.0
0.42221,-0.05278,0.0
0.42221,-0.02639,0.0
0.42221,0,0.0
0.42221,0.02639,0.0
0.42221,0.05278,0.0
0.42221,0.07916,0.0
0.42221,0.10555,0.0
0.42221,0.13194,0.0
0.42221,0.15833,0.0
0.42221,0.18472,0.0
0.42221,0.2111,0.0
0.42221,0.23749,0.0
0.42221,0.26388,0.0
0.42221,0.29027,0.0
0.42221,0.31665,0.0
0.42221,0.34304,0.0
0.42221,0.36943,0.0
0.42221,0.39582,0.0
0.42221,0.42221,0.0
0.42221,0.44859,0.0
0.42221,0.47498,0.0
0.42221,0.50137,0.0
0.42221,0.52776,0.0
0.42221,0.55415,0.0
0.42221,0.58053,0.0
0.42221,0.60692,0.0
0.42221,0.63331,0.0
0.44859,-0.63331,0.0
0.44859,-0.60692,0.0
0.44859,-0.58053,0.0
0.44859,-0.55415,0.0
0.44859,-0.52776,0.0
0.44859,-0.50137,0.0
0.44859,-0.47498,0.0
0.44859,-0.44859,0.0
0.44859,-0.42221,0.0
0.44859,-0.39582,0.0
0.44859,-0.36943,0.0
0.44859,-0.34304,0.0
0.44859,-0.31665,0.0
0.44859,-0.29027,0.0
0.44859,-0.26388,0.0
0.44859,-0.23749,0.0
0.44859,-0.2111,0.0
0.44859,-0.18472,0.0
0.44859,-0.15833,0.0
0.44859,-0.13194,0.0
0.44859,-0.10555,0.0
0.44859,-0.07916,0.0
0.44859,-0.05278,0.0
0.44859,-0.02639,0.0
0.44859,0,0.0
0.44859,0.02639,0.0
0.44859,0.05278,0.0
0.44859,0.07916,0.0
0.44859,0.10555,0.0
0.44859,0.13194,0.0
0.44859,0.15833,0.0
0.44859,0.18472,0.0
0.44859,0.2111,0.0
0.44859,0.23749,0.0
0.44859,0.26388,0.0
0.44859,0.29027,0.0
0.44859,0.31665,0.0
0.44859,0.34304,0.0
0.44859,0.36943,0.0
0.44859,0.39582,0.0
0.44859,0.42221,0.0
0.44859,0.44859,0.0
0.44859,0.47498,0.0
0.44859,0.50137,0.0
0.44859,0.52776,0.0
0.44859,0.55415,0.0
0.44859,0.58053,0.0
0.44859,0.60692,0.0
0.44859,0.63331,0.0
0.47498,-0.63331,0.0
0.47498,-0.60692,0.0
0.47498,-0.58053,0.0
0.47498,-0.55415,0.0
0.47498,-0.52776,0.0
0.47498,-0.50137,0.0
0.47498,-0.47498,0.0
0.47498,-0.44859,0.0
0.47498,-0.42221,0.0
0.47498,-0.39582,0.0
0.47498,-0.36943,0.0
0.47498,-0.34304,0.0
0.47498,-0.31665,0.0
0.47498,-0.29027,0.0
0.47498,-0.26388,0.0
0.47498,-0.23749,0.0
0.47498,-0.2111,0.0
0.47498,-0.18472,0.0
0.47498,-0.15833,0.0
0.47498,-0.13194,0.0
0.47498,-0.10555,0.0
0.47498,-0.07916,0.0
0.47498,-0.05278,0.0
0.47498,-0.02639,0.0
0.47498,0,0.0
0.47498,0.02639,0.0
0.47498,0.05278,0.0
0.47498,0.07916,0.0
0.47498,0.10555,0.0
0.47498,0.13194,0.0
0.47498,0.15833,0.0
0.47498,0.18472,0.0
0.47498,0.2111,0.0
0.47498,0.23749,0.0
0.47498,0.26388,0.0
0.47498,0.29027,0.0
0.47498,0.31665,0.0
0.47498,0.34304,0.0
0.47498,0.36943,0.0
0.47498,0.39582,0.0
0.47498,0.42221,0.0
0.47498,0.44859,0.0
0.47498,0.47498,0.0
0.47498,0.50137,0.0
0.47498,0.52776,0.0
0.47498,0.55415,0.0
0.47498,0.58053,0.0
0.47498,0.60692,0.0
0.47498,0.63331,0.0
0.50137,-0.63331,0.0
0.50137,-0.60692,0.0
0.50137,-0.58053,0.0
0.50137,-0.55415,0.0
0.50137,-0.52776,0.0
0.50137,-0.50137,0.0
0.50137,-0.47498,0.0
0.50137,-0.44859,0.0
0.50137,-0.42221,0.0
0.50137,-0.39582,0.0
0.50137,-0.36943,0.0
0.50137,-0.34304,0.0
0.50137,-0.31665,0.0
0.50137,-0.29027,0.0
0.50137,-0.26388,0.0
0.50137,-0.23749,0.0
0.50137,-0.2111,0.0
0.50137,-0.18472,0.0
0.50137,-0.15833,0.0
0.50137,-0.13194,0.0
0.50137,-0.10555,0.0
0.50137,-0.07916,0.0
0.50137,-0.05278,0.0
0.50137,-0.02639,0.0
0.50137,0,0.0
0.50137,0.02639,0.0
0.50137,0.05278,0.0
0.50137,0.07916,0.0
0.50137,0.10555,0.0
0.50137,0.13194,0.0
0.50137,0.15833,0.0
0.50137,0.18472,0.0
0.50137,0.2111,0.0
0.50137,0.23749,0.0
0.50137,0.26388,0.0
0.50137,0.29027,0.0
0.50137,0.31665,0.0
0.50137,0.34304,0.0
0.50137,0.36943,0.0
0.50137,0.39582,0.0
0.50137,0.42221,0.0
0.50137,0.44859,0.0
0.50137,0.47498,0.0
0.50137,0.50137,0.0
0.50137,0.52776,0.0
0.50137,0.55415,0.0
0.50137,0.58053,0.0
0.50137,0.60692,0.0
0.50137,0.63331,0.0
0.52776,-0.63331,0.0
0.52776,-0.60692,0.0
0.52776,-0.58053,0.0
0.52776,-0.55415,0.0
0.52776,-0.52776,0.0
0.52776,-0.50137,0.0
0.52776,-0.47498,0.0
0.52776,-0.44859,0.0
0.52776,-0.42221,0.0
0.52776,-0.39582,0.0
0.52776,-0.36943,0.0
0.52776,-0.34304,0.0
0.52776,-0.31665,0.0
0.52776,-0.29027,0.0
0.52776,-0.26388,0.0
0.52776,-0.23749,0.0
0.52776,-0.2111,0.0
0.52776,-0.18472,0.0
0.52776,-0.15833,0.0
0.52776,-0.13194,0.0
0.52776,-0.10555,0.0
0.52776,-0.07916,0.0
0.52776,-0.05278,0.0
0.52776,-0.02639,0.0
0.52776,0,0.0
0.52776,0.02639,0.0
0.52776,0.05278,0.0
0.52776,0.07916,0.0
0.52776,0.10555,0.0
0.52776,0.13194,0.0
0.52776,0.15833,0.0
0.52776,0.18472,0.0
0.52776,0.2111,0.0
0.52776,0.23749,0.0
0.52776,0.26388,0.0
0.52776,0.29027,0.0
0.52776,0.31665,0.0
0.52776,0.34304,0.0
0.52776,0.36943,0.0
0.52776,0.39582,0.0
0.52776,0.42221,0.0
0.52776,0.44859,0.0
0.52776,0.47498,0.0
0.52776,0.50137,0.0
0.52776,0.52776,0.0
0.52776,0.55415,0.0
0.52776,0.58053,0.0
0.52776,0.60692,0.0
0.52776,0.63331,0.0
0.55415,-0.63331,0.0
0.55415,-0.60692,0.0
0.55415,-0.58053,0.0
0.55415,-0.55415,0.0
0.55415,-0.52776,0.0
0.55415,-0.50137,0.0
0.55415,-0.47498,0.0
0.55415,-0.44859,0.0
0.55415,-0.42221,0.0
0.55415,-0.39582,0.0
0.55415,-0.36943,0.0
0.55415,-0.34304,0.0
0.55415,-0.31665,0.0
0.55415,-0.29027,0.0
0.55415,-0.26388,0.0
0.55415,-0.23749,0.0
0.55415,-0.2111,0.0
0.55415,-0.18472,0.0
0.55415,-0.15833,0.0
0.55415,-0.13194,0.0
0.55415,-0.10555,0.0
0.55415,-0.07916,0.0
0.55415,-0.05278,0.0
0.55415,-0.02639,0.0
0.55415,0,0.0
0.55415,0.02639,0.0
0.55415,0.05278,0.0
0.55415,0.07916,0.0
0.55415,0.10555,0.0
0.55415,0.13194,0.0
0.55415,0.15833,0.0
0.55415,0.18472,0.0
0.55415,0.2111,0.0
0.55415,0.23749,0.0
0.55415,0.26388,0.0
0.55415,0.29027,0.0
0.55415,0.31665,0.0
0.55415,0.34304,0.0
0.55415,0.36943,0.0
0.55415,0.39582,0.0
0.55415,0.42221,0.0
0.55415,0.44859,0.0
0.55415,0.47498,0.0
0.55415,0.50137,0.0
0.55415,0.52776,0.0
0.55415,0.55415,0.0
0.55415,0.58053,0.0
0.55415,0.60692,0.0
0.55415,0.63331,0.0
0.58053,-0.63331,0.0
0.58053,-0.60692,0.0
0.58053,-0.58053,0.0
0.58053,-0.55415,0.0
0.58053,-0.52776,0.0
0.58053,-0.50137,0.0
0.58053,-0.47498,0.0
0.58053,-0.44859,0.0
0.58053,-0.42221,0.0
0.58053,-0.39582,0.0
0.58053,-0.36943,0.0
0.58053,-0.34304,0.0
0.58053,-0.31665,0.0
0.58053,-0.29027,0.0
0.58053,-0.26388,0.0
0.58053,-0.23749,0.0
0.58053,-0.2111,0.0
0.58053,-0.18472,0.0
0.58053,-0.15833,0.0
0.58053,-0.13194,0.0
0.58053,-0.10555,0.0
0.58053,-0.07916,0.0
0.58053,-0.05278,0.0
0.58053,-0.02639,0.0
0.58053,0,0.0
0.58053,0.02639,0.0
0.58053,0.05278,0.0
0.58053,0.07916,0.0
0.58053,0.10555,0.0
0.58053,0.13194,0.0
0.58053,0.15833,0.0
0.58053,0.18472,0.0
0.58053,0.2111,0.0
0.58053,0.23749,0.0
0.58053,0.26388,0.0
0.58053,0.29027,0.0
0.58053,0.31665,0.0
0.58053,0.34304,0.0
0.58053,0.36943,0.0
0.58053,0.39582,0.0
0.58053,0.42221,0.0
0.58053,0.44859,0.0
0.58053,0.47498,0.0
0.58053,0.50137,0.0
0.58053,0.52776,0.0
0.58053,0.55415,0.0
0.58053,0.58053,0.0
0.58053,0.60692,0.0
0.58053,0.63331,0.0
0.60692,-0.63331,0.0
0.60692,-0.60692,0.0
0.60692,-0.58053,0.0
0.60692,-0.55415,0.0
0.60692,-0.52776,0.0
0.60692,-0.50137,0.0
0.60692,-0.47498,0.0
0.60692,-0.44859,0.0
0.60692,-0.42221,0.0
0.60692,-0.39582,0.0
0.60692,-0.36943,0.0
0.60692,-0.34304,0.0
0.60692,-0.31665,0.0
0.60692,-0.29027,0.0
0.60692,-0.26388,0.0
0.60692,-0.23749,0.0
0.60692,-0.2111,0.0
0.60692,-0.18472,0.0
0.60692,-0.15833,0.0
0.60692,-0.13194,0.0
0.60692,-0.10555,0.0
0.60692,-0.07916,0.0
0.60692,-0.05278,0.0
0.60692,-0.02639,0.0
0.60692,0,0.0
0.60692,0.02639,0.0
0.60692,0.05278,0.0
0.60692,0.07916,0.0
0.60692,0.10555,0.0
0.60692,0.13194,0.0
0.60692,0.15833,0.0
0.60692,0.18472,0.0
0.60692,0.2111,0.0
0.60692,0.23749,0.0
0.60692,0.26388,0.0
0.60692,0.29027,0.0
0.60692,0.31665,0.0
0.60692,0.34304,0.0
0.60692,0.36943,0.0
0.60692,0.39582,0.0
0.60692,0.42221,0.0
0.60692,0.44859,0.0
0.60692,0.47498,0.0
0.60692,0.50137,0.0
0.60692,0.52776,0.0
0.60692,0.55415,0.0
0.60692,0.58053,0.0
0.60692,0.60692,0.0
0.60692,0.63331,0.0
0.63331,-0.63331,0.0
0.63331,-0.60692,0.0
0.63331,-0.58053,0.0
0.63331,-0.55415,0.0
0.63331,-0.52776,0.0
0.63331,-0.50137,0.0
0.63331,-0.47498,0.0
0.63331,-0.44859,0.0
0.63331,-0.42221,0.0
0.63331,-0.39582,0.0
0.63331,-0.36943,0.0
0.63331,-0.34304,0.0
0.63331,-0.31665,0.0
0.63331,-0.29027,0.0
0.63331,-0.26388,0.0
0.63331,-0.23749,0.0
0.63331,-0.2111,0.0
0.63331,-0.18472,0.0
0.63331,-0.15833,0.0
0.63331,-0.13194,0.0
0.63331,-0.10555,0.0
0.63331,-0.07916,0.0
0.63331,-0.05278,0.0
0.63331,-0.02639,0.0
0.63331,0,0.0
0.63331,0.02639,0.0
0.63331,0.05278,0.0
0.63331,0.07916,0.0
0.63331,0.10555,0.0
0.63331,0.13194,0.0
0.63331,0.15833,0.0
0.63331,0.18472,0.0
0.63331,0.2111,0.0
0.63331,0.23749,0.0
0.63331,0.26388,0.0
0.63331,0.29027,0.0
0.63331,0.31665,0.0
0.63331,0.34304,0.0
0.63331,0.36943,0.0
0.63331,0.39582,0.0
0.63331,0.42221,0.0
0.63331,0.44859,0.0
0.63331,0.47498,0.0
0.63331,0.50137,0.0
0.63331,0.52776,0.0
0.63331,0.55415,0.0
0.63331,0.58053,0.0
0.63331,0.60692,0.0
0.63331,0.63331,0.0
0.6597,-0.63331,0.0
0.6597,-0.60692,0.0
0.6597,-0.58053,0.0
0.6597,-0.55415,0.0
0.6597,-0.52776,0.0
0.6597,-0.50137,0.0
0.6597,-0.47498,0.0
0.6597,-0.44859,0.0
0.6597,-0.42221,0.0
0.6597,-0.39582,0.0
0.6597,-0.36943,0.0
0.6597,-0.34304,0.0
0.6597,-0.31665,0.0
0.6597,-0.29027,0.0
0.6597,-0.26388,0.0
0.6597,-0.23749,0.0
0.6597,-0.2111,0.0
0.6597,-0.18472,0.0
0.6597,-0.15833,0.0
0.6597,-0.13194,0.0
0.6597,-0.10555,0.0
0.6597,-0.07916,0.0
0.6597,-0.05278,0.0
0.6597,-0.02639,0.0
0.6597,0,0.0
0.6597,0.02639,0.0
0.6597,0.05278,0.0
0.6597,0.07916,0.0
0.6597,0.10555,0.0
0.6597,0.13194,0.0
0.6597,0.15833,0.0
0.6597,0.18472,0.0
0.6597,0.2111,0.0
0.6597,0.23749,0.0
0.6597,0.26388,0.0
0.6597,0.29027,0.0
0.6597,0.31665,0.0
0.6597,0.34304,0.0
0.6597,0.36943,0.0
0.6597,0.39582,0.0
0.6597,0.42221,0.0
0.6597,0.44859,0.0
0.6597,0.47498,0.0
0.6597,0.50137,0.0
0.6597,0.52776,0.0
0.6597,0.55415,0.0
0.6597,0.58053,0.0
0.6597,0.60692,0.0
0.6597,0.63331,0.0
0.68609,-0.63331,0.0
0.68609,-0.60692,0.0
0.68609,-0.58053,0.0
0.68609,-0.55415,0.0
0.68609,-0.52776,0.0
0.68609,-0.50137,0.0
0.68609,-0.47498,0.0
0.68609,-0.44859,0.0
0.68609,-0.42221,0.0
0.68609,-0.39582,0.0
0.68609,-0.36943,0.0
0.68609,-0.34304,0.0
0.68609,-0.31665,0.0
0.68609,-0.29027,0.0
0.68609,-0.26388,0.0
0.68609,-0.23749,0.0
0.68609,-0.2111,0.0
0.68609,-0.18472,0.0
0.68609,-0.15833,0.0
0.68609,-0.13194,0.0
0.68609,-0.10555,0.0
0.68609,-0.07916,0.0
0.68609,-0.05278,0.0
0.68609,-0.02639,0.0
0.68609,0,0.0
0.68609,0.02639,0.0
0.68609,0.05278,0.0
0.68609,0.07916,0.0
0.68609,0.10555,0.0
0.68609,0.13194,0.0
0.68609,0.15833,0.0
0.68609,0.18472,0.0
0.68609,0.2111,0.0
0.68609,0.23749,0.0
0.68609,0.26388,0.0
0.68609,0.29027,0.0
0.68609,0.31665,0.0
0.68609,0.34304,0.0
0.68609,0.36943,0.0
0.68609,0.39582,0.0
0.68609,0.42221,0.0
0.68609,0.44859,0.0
0.68609,0.47498,0.0
0.68609,0.50137,0.0
0.68609,0.52776,0.0
0.68609,0.55415,0.0
0.68609,0.58053,0.0
0.68609,0.60692,0.0
0.68609,0.63331,0.0
0.71247,-0.63331,0.0
0.71247,-0.60692,0.0
0.71247,-0.58053,0.0
0.71247,-0.55415,0.0
0.71247,-0.52776,0.0
0.71247,-0.50137,0.0
0.71247,-0.47498,0.0
0.71247,-0.44859,0.0
0.71247,-0.42221,0.0
0.71247,-0.39582,0.0
0.71247,-0.36943,0.0
0.71247,-0.34304,0.0
0.71247,-0.31665,0.0
0.71247,-0.29027,0.0
0.71247,-0.26388,0.0
0.71247,-0.23749,0.0
0.71247,-0.2111,0.0
0.71247,-0.18472,0.0
0.71247,-0.15833,0.0
0.71247,-0.13194,0.0
0.71247,-0.10555,0.0
0.71247,-0.07916,0.0
0.71247,-0.05278,0.0
0.71247,-0.02639,0.0
0.71247,0,0.0
0.71247,0.02639,0.0
0.71247,0.05278,0.0
0.71247,0.07916,0.0
0.71247,0.10555,0.0
0.71247,0.13194,0.0
0.71247,0.15833,0.0
0.71247,0.18472,0.0
0.71247,0.2111,0.0
0.71247,0.23749,0.0
0.71247,0.26388,0.0
0.71247,0.29027,0.0
0.71247,0.31665,0.0
0.71247,0.34304,0.0
0.71247,0.36943,0.0
0.71247,0.39582,0.0
0.71247,0.42221,0.0
0.71247,0.44859,0.0
0.71247,0.47498,0.0
0.71247,0.50137,0.0
0.71247,0.52776,0.0
0.71247,0.55415,0.0
0.71247,0.58053,0.0
0.71247,0.60692,0.0
0.71247,0.63331,0.0
0.73886,-0.63331,0.0
0.73886,-0.60692,0.0
0.73886,-0.58053,0.0
0.73886,-0.55415,0.0
0.73886,-0.52776,0.0
0.73886,-0.50137,0.0
0.73886,-0.47498,0.0
0.73886,-0.44859,0.0
0.73886,-0.42221,0.0
0.73886,-0.39582,0.0
0.73886,-0.36943,0.0
0.73886,-0.34304,0.0
0.73886,-0.31665,0.0
0.73886,-0.29027,0.0
0.73886,-0.26388,0.0
0.73886,-0.23749,0.0
0.73886,-0.2111,0.0
0.73886,-0.18472,0.0
0.73886,-0.15833,0.0
0.73886,-0.13194,0.0
0.73886,-0.10555,0.0
0.73886,-0.07916,0.0
0.73886,-0.05278,0.0
0.73886,-0.02639,0.0
0.73886,0,0.0
0.73886,0.02639,0.0
0.73886,0.05278,0.0
0.73886,0.07916,0.0
0.73886,0.10555,0.0
0.73886,0.13194,0.0
0.73886,0.15833,0.0
0.73886,0.18472,0.0
0.73886,0.2111,0.0
0.73886,0.23749,0.0
0.73886,0.26388,0.0
0.73886,0.29027,0.0
0.73886,0.31665,0.0
0.73886,0.34304,0.0
0.73886,0.36943,0.0
0.73886,0.39582,0.0
0.73886,0.42221,0.0
0.73886,0.44859,0.0
0.73886,0.47498,0.0
0.73886,0.50137,0.0
0.73886,0.52776,0.0
0.73886,0.55415,0.0
0.73886,0.58053,0.0
0.73886,0.60692,0.0
0.73886,0.63331,0.0
0.76525,-0.63331,0.0
0.76525,-0.60692,0.0
0.76525,-0.58053,0.0
0.76525,-0.55415,0.0
0.76525,-0.52776,0.0
0.76525,-0.50137,0.0
0.76525,-0.47498,0.0
0.76525,-0.44859,0.0
0.76525,-0.42221,0.0
0.76525,-0.39582,0.0
0.76525,-0.36943,0.0
0.76525,-0.34304,0.0
0.76525,-0.31665,0.0
0.76525,-0.29027,0.0
0.76525,-0.26388,0.0
0.76525,-0.23749,0.0
0.76525,-0.2111,0.0
0.76525,-0.18472,0.0
0.76525,-0.15833,0.0
0.76525,-0.13194,0.0
0.76525,-0.10555,0.0
0.76525,-0.07916,0.0
0.76525,-0.05278,0.0
0.76525,-0.02639,0.0
0.76525,0,0.0
0.76525,0.02639,0.0
0.76525,0.05278,0.0
0.76525,0.07916,0.0
0.76525,0.10555,0.0
0.76525,0.13194,0.0
0.76525,0.15833,0.0
0.76525,0.18472,0.0
0.76525,0.2111,0.0
0.76525,0.23749,0.0
0.76525,0.26388,0.0
0.76525,0.29027,0.0
0.76525,0.31665,0.0
0.76525,0.34304,0.0
0.76525,0.36943,0.0
0.76525,0.39582,0.0
0.76525,0.42221,0.0
0.76525,0.44859,0.0
0.76525,0.47498,0.0
0.76525,0.50137,0.0
0.76525,0.52776,0.0
0.76525,0.55415,0.0
0.76525,0.58053,0.0
0.76525,0.60692,0.0
0.76525,0.63331,0.0
0.79164,-0.63331,0.0
0.79164,-0.60692,0.0
0.79164,-0.58053,0.0
0.79164,-0.55415,0.0
0.79164,-0.52776,0.0
0.79164,-0.50137,0.0
0.79164,-0.47498,0.0
0.79164,-0.44859,0.0
0.79164,-0.42221,0.0
0.79164,-0.39582,0.0
0.79164,-0.36943,0.0
0.79164,-0.34304,0.0
0.79164,-0.31665,0.0
0.79164,-0.29027,0.0
0.79164,-0.26388,0.0
0.79164,-0.23749,0.0
0.79164,-0.2111,0.0
0.79164,-0.18472,0.0
0.79164,-0.15833,0.0
0.79164,-0.13194,0.0
0.79164,-0.10555,0.0
0.79164,-0.07916,0.0
0.79164,-0.05278,0.0
0.79164,-0.02639,0.0
0.79164,0,0.0
0.79164,0.02639,0.0
0.79164,0.05278,0.0
0.79164,0.07916,0.0
0.79164,0.10555,0.0
0.79164,0.13194,0.0
0.79164,0.15833,0.0
0.79164,0.18472,0.0
0.79164,0.2111,0.0
0.79164,0.23749,0.0
0.79164,0.26388,0.0
0.79164,0.29027,0.0
0.79164,0.31665,0.0
0.79164,0.34304,0.0
0.79164,0.36943,0.0
0.79164,0.39582,0.0
0.79164,0.42221,0.0
0.79164,0.44859,0.0
0.79164,0.47498,0.0
0.79164,0.50137,0.0
0.79164,0.52776,0.0
0.79164,0.55415,0.0
0.79164,0.58053,0.0
0.79164,0.60692,0.0
0.79164,0.63331,0.0
0.81802,-0.63331,0.0
0.81802,-0.60692,0.0
0.81802,-0.58053,0.0
0.81802,-0.55415,0.0
0.81802,-0.52776,0.0
0.81802,-0.50137,0.0
0.81802,-0.47498,0.0
0.81802,-0.44859,0.0
0.81802,-0.42221,0.0
0.81802,-0.39582,0.0
0.81802,-0.36943,0.0
0.81802,-0.34304,0.0
0.81802,-0.31665,0.0
0.81802,-0.29027,0.0
0.81802,-0.26388,0.0
0.81802,-0.23749,0.0
0.81802,-0.2111,0.0
0.81802,-0.18472,0.0
0.81802,-0.15833,0.0
0.81802,-0.13194,0.0
0.81802,-0.10555,0.0
0.81802,-0.07916,0.0
0.81802,-0.05278,0.0
0.81802,-0.02639,0.0
0.81802,0,0.0
0.81802,0.02639,0.0
0.81802,0.05278,0.0
0.81802,0.07916,0.0
0.81802,0.10555,0.0
0.81802,0.13194,0.0
0.81802,0.15833,0.0
0.81802,0.18472,0.0
0.81802,0.2111,0.0
0.81802,0.23749,0.0
0.81802,0.26388,0.0
0.81802,0.29027,0.0
0.81802,0.31665,0.0
0.81802,0.34304,0.0
0.81802,0.36943,0.0
0.81802,0.39582,0.0
0.81802,0.42221,0.0
0.81802,0.44859,0.0
0.81802,0.47498,0.0
0.81802,0.50137,0.0
0.81802,0.52776,0.0
0.81802,0.55415,0.0
0.81802,0.58053,0.0
0.81802,0.60692,0.0
0.81802,0.63331,0.0
0.84441,-0.63331,0.0
0.84441,-0.60692,0.0
0.84441,-0.58053,0.0
0.84441,-0.55415,0.0
0.84441,-0.52776,0.0
0.84441,-0.50137,0.0
0.84441,-0.47498,0.0
0.84441,-0.44859,0.0
0.84441,-0.42221,0.0
0.84441,-0.39582,0.0
0.84441,-0.36943,0.0
0.84441,-0.34304,0.0
0.84441,-0.31665,0.0
0.84441,-0.29027,0.0
0.84441,-0.26388,0.0
0.84441,-0.23749,0.0
0.84441,-0.2111,0.0
0.84441,-0.18472,0.0
0.84441,-0.15833,0.0
0.84441,-0.13194,0.0
0.84441,-0.10555,0.0
0.84441,-0.07916,0.0
0.84441,-0.05278,0.0
0.84441,-0.02639,0.0
0.84441,0,0.0
0.84441,0.02639,0.0
0.84441,0.05278,0.0
0.84441,0.07916,0.0
0.84441,0.10555,0.0
0.84441,0.13194,0.0
0.84441,0.15833,0.0
0.84441,0.18472,0.0
0.84441,0.2111,0.0
0.84441,0.23749,0.0
0.84441,0.26388,0.0
0.84441,0.29027,0.0
0.84441,0.31665,0.0
0.84441,0.34304,0.0
0.84441,0.36943,0.0
0.84441,0.39582,0.0
0.84441,0.42221,0.0
0.84441,0.44859,0.0
0.84441,0.47498,0.0
0.84441,0.50137,0.0
0.84441,0.52776,0.0
0.84441,0.55415,0.0
0.84441,0.58053,0.0
0.84441,0.60692,0.0
0.84441,0.63331,0.0
0.8708,-0.63331,0.0
0.8708,-0.60692,0.0
0.8708,-0.58053,0.0
0.8708,-0.55415,0.0
0.8708,-0.52776,0.0
0.8708,-0.50137,0.0
0.8708,-0.47498,0.0
0.8708,-0.44859,0.0
0.8708,-0.42221,0.0
0.8708,-0.39582,0.0
0.8708,-0.36943,0.0
0.8708,-0.34304,0.0
0.8708,-0.31665,0.0
0.8708,-0.29027,0.0
0.8708,-0.26388,0.0
0.8708,-0.23749,0.0
0.8708,-0.2111,0.0
0.8708,-0.18472,0.0
0.8708,-0.15833,0.0
0.8708,-0.13194,0.0
0.8708,-0.10555,0.0
0.8708,-0.07916,0.0
0.8708,-0.05278,0.0
0.8708,-0.02639,0.0
0.8708,0,0.0
0.8708,0.02639,0.0
0.8708,0.05278,0.0
0.8708,0.07916,0.0
0.8708,0.10555,0.0
0.8708,0.13194,0.0
0.8708,0.15833,0.0
0.8708,0.18472,0.0
0.8708,0.2111,0.0
0.8708,0.23749,0.0
0.8708,0.26388,0.0
0.8708,0.29027,0.0
0.8708,0.31665,0.0
0.8708,0.34304,0.0
0.8708,0.36943,0.0
0.8708,0.39582,0.0
0.8708,0.42221,0.0
0.8708,0.44859,0.0
0.8708,0.47498,0.0
0.8708,0.50137,0.0
0.8708,0.52776,0.0
0.8708,0.55415,0.0
0.8708,0.58053,0.0
0.8708,0.60692,0.0
0.8708,0.63331,0.0
0.89719,-0.63331,0.0
0.89719,-0.60692,0.0
0.89719,-0.58053,0.0
0.89719,-0.55415,0.0
0.89719,-0.52776,0.0
0.89719,-0.50137,0.0
0.89719,-0.47498,0.0
0.89719,-0.44859,0.0
0.89719,-0.42221,0.0
0.89719,-0.39582,0.0
0.89719,-0.36943,0.0
0.89719,-0.34304,0.0
0.89719,-0.31665,0.0
0.89719,-0.29027,0.0
0.89719,-0.26388,0.0
0.89719,-0.23749,0.0
0.89719,-0.2111,0.0
0.89719,-0.18472,0.0
0.89719,-0.15833,0.0
0.89719,-0.13194,0.0
0.89719,-0.10555,0.0
0.89719,-0.07916,0.0
0.89719,-0.05278,0.0
0.89719,-0.02639,0.0
0.89719,0,0.0
0.89719,0.02639,0.0
0.89719,0.05278,0.0
0.89719,0.07916,0.0
0.89719,0.10555,0.0
0.89719,0.13194,0.0
0.89719,0.15833,0.0
0.89719,0.18472,0.0
0.89719,0.2111,0.0
0.89719,0.23749,0.0
0.89719,0.26388,0.0
0.89719,0.29027,0.0
0.89719,0.31665,0.0
0.89719,0.34304,0.0
0.89719,0.36943,0.0
0.89719,0.39582,0.0
0.89719,0.42221,0.0
0.89719,0.44859,0.0
0.89719,0.47498,0.0
0.89719,0.50137,0.0
0.89719,0.52776,0.0
0.89719,0.55415,0.0
0.89719,0.58053,0.0
0.89719,0.60692,0.0
0.89719,0.63331,0.0
0.92358,-0.63331,0.0
0.92358,-0.60692,0.0
0.92358,-0.58053,0.0
0.92358,-0.55415,0.0
0.92358,-0.52776,0.0
0.92358,-0.50137,0.0
0.92358,-0.47498,0.0
0.92358,-0.44859,0.0
0.92358,-0.42221,0.0
0.92358,-0.39582,0.0
0.92358,-0.36943,0.0
0.92358,-0.34304,0.0
0.92358,-0.31665,0.0
0.92358,-0.29027,0.0
0.92358,-0.26388,0.0
0.92358,-0.23749,0.0
0.92358,-0.2111,0.0
0.92358,-0.18472,0.0
0.92358,-0.15833,0.0
0.92358,-0.13194,0.0
0.92358,-0.10555,0.0
0.92358,-0.07916,0.0
0.92358,-0.05278,0.0
0.92358,-0.02639,0.0
0.92358,0,0.0
0.92358,0.02639,0.0
0.92358,0.05278,0.0
0.92358,0.07916,0.0
0.92358,0.10555,0.0
0.92358,0.13194,0.0
0.92358,0.15833,0.0
0.92358,0.18472,0.0
0.92358,0.2111,0.0
0.92358,0.23749,0.0
0.92358,0.26388,0.0
0.92358,0.29027,0.0
0.92358,0.31665,0.0
0.92358,0.34304,0.0
0.92358,0.36943,0.0
0.92358,0.39582,0.0
0.92358,0.42221,0.0
0.92358,0.44859,0.0
0.92358,0.47498,0.0
0.92358,0.50137,0.0
0.92358,0.52776,0.0
0.92358,0.55415,0.0
0.92358,0.58053,0.0
0.92358,0.60692,0.0
0.92358,0.63331,0.0
0.94996,-0.63331,0.0
0.94996,-0.60692,0.0
0.94996,-0.58053,0.0
0.94996,-0.55415,0.0
0.94996,-0.52776,0.0
0.94996,-0.50137,0.0
0.94996,-0.47498,0.0
0.94996,-0.44859,0.0
0.94996,-0.42221,0.0
0.94996,-0.39582,0.0
0.94996,-0.36943,0.0
0.94996,-0.34304,0.0
0.94996,-0.31665,0.0
0.94996,-0.29027,0.0
0.94996,-0.26388,0.0
0.94996,-0.23749,0.0
0.94996,-0.2111,0.0
0.94996,-0.18472,0.0
0.94996,-0.15833,0.0
0.94996,-0.13194,0.0
0.94996,-0.10555,0.0
0.94996,-0.07916,0.0
0.94996,-0.05278,0.0
0.94996,-0.02639,0.0
0.94996,0,0.0
0.94996,0.02639,0.0
0.94996,0.05278,0.0
0.94996,0.07916,0.0
0.94996,0.10555,0.0
0.94996,0.13194,0.0
0.94996,0.15833,0.0
0.94996,0.18472,0.0
0.94996,0.2111,0.0
0.94996,0.23749,0.0
0.94996,0.26388,0.0
0.94996,0.29027,0.0
0.94996,0.31665,0.0
0.94996,0.34304,0.0
0.94996,0.36943,0.0
0.94996,0.39582,0.0
0.94996,0.42221,0.0
0.94996,0.44859,0.0
0.94996,0.47498,0.0
0.94996,0.50137,0.0
0.94996,0.52776,0.0
0.94996,0.55415,0.0
0.94996,0.58053,0.0
0.94996,0.60692,0.0
0.94996,0.63331,0.0
0.97635,-0.63331,0.0
0.97635,-0.60692,0.0
0.97635,-0.58053,0.0
0.97635,-0.55415,0.0
0.97635,-0.52776,0.0
0.97635,-0.50137,0.0
0.97635,-0.47498,0.0
0.97635,-0.44859,0.0
0.97635,-0.42221,0.0
0.97635,-0.39582,0.0
0.97635,-0.36943,0.0
0.97635,-0.34304,0.0
0.97635,-0.31665,0.0
0.97635,-0.29027,0.0
0.97635,-0.26388,0.0
0.97635,-0.23749,0.0
0.97635,-0.2111,0.0
0.97635,-0.18472,0.0
0.97635,-0.15833,0.0
0.97635,-0.13194,0.0
0.97635,-0.10555,0.0
0.97635,-0.07916,0.0
0.97635,-0.05278,0.0
0.97635,-0.02639,0.0
0.97635,0,0.0
0.97635,0.02639,0.0
0.97635,0.05278,0.0
0.97635,0.07916,0.0
0.97635,0.10555,0.0
0.97635,0.13194,0.0
0.97635,0.15833,0.0
0.97635,0.18472,0.0
0.97635,0.2111,0.0
0.97635,0.23749,0.0
0.97635,0.26388,0.0
0.97635,0.29027,0.0
0.97635,0.31665,0.0
0.97635,0.34304,0.0
0.97635,0.36943,0.0
0.97635,0.39582,0.0
0.97635,0.42221,0.0
0.97635,0.44859,0.0
0.97635,0.47498,0.0
0.97635,0.50137,0.0
0.97635,0.52776,0.0
0.97635,0.55415,0.0
0.97635,0.58053,0.0
0.97635,0.60692,0.0
0.97635,0.63331,0.0
1.00274,-0.63331,0.0
1.00274,-0.60692,0.0
1.00274,-0.58053,0.0
1.00274,-0.55415,0.0
1.00274,-0.52776,0.0
1.00274,-0.50137,0.0
1.00274,-0.47498,0.0
1.00274,-0.44859,0.0
1.00274,-0.42221,0.0
1.00274,-0.39582,0.0
1.00274,-0.36943,0.0
1.00274,-0.34304,0.0
1.00274,-0.31665,0.0
1.00274,-0.29027,0.0
1.00274,-0.26388,0.0
1.00274,-0.23749,0.0
1.00274,-0.2111,0.0
1.00274,-0.18472,0.0
1.00274,-0.15833,0.0
1.00274,-0.13194,0.0
1.00274,-0.10555,0.0
1.00274,-0.07916,0.0
1.00274,-0.05278,0.0
1.00274,-0.02639,0.0
1.00274,0,0.0
1.00274,0.02639,0.0
1.00274,0.05278,0.0
1.00274,0.07916,0.0
1.00274,0.10555,0.0
1.00274,0.13194,0.0
1.00274,0.15833,0.0
1.00274,0.18472,0.0
1.00274,0.2111,0.0
1.00274,0.23749,0.0
1.00274,0.26388,0.0
1.00274,0.29027,0.0
1.00274,0.31665,0.0
1.00274,0.34304,0.0
1.00274,0.36943,0.0
1.00274,0.39582,0.0
1.00274,0.42221,0.0
1.00274,0.44859,0.0
1.00274,0.47498,0.0
1.00274,0.50137,0.0
1.00274,0.52776,0.0
1.00274,0.55415,0.0
1.00274,0.58053,0.0
1.00274,0.60692,0.0
1.00274,0.63331,0.0
1.02913,-0.63331,0.0
1.02913,-0.60692,0.0
1.02913,-0.58053,0.0
1.02913,-0.55415,0.0
1.02913,-0.52776,0.0
1.02913,-0.50137,0.0
1.02913,-0.47498,0.0
1.02913,-0.44859,0.0
1.02913,-0.42221,0.0
1.02913,-0.39582,0.0
1.02913,-0.36943,0.0
1.02913,-0.34304,0.0
1.02913,-0.31665,0.0
1.02913,-0.29027,0.0
1.02913,-0.26388,0.0
1.02913,-0.23749,0.0
1.02913,-0.2111,0.0
1.02913,-0.18472,0.0
1.02913,-0.15833,0.0
1.02913,-0.13194,0.0
1.02913,-0.10555,0.0
1.02913,-0.07916,0.0
1.02913,-0.05278,0.0
1.02913,-0.02639,0.0
1.02913,0,0.0
1.02913,0.02639,0.0
1.02913,0.05278,0.0
1.02913,0.07916,0.0
1.02913,0.10555,0.0
1.02913,0.13194,0.0
1.02913,0.15833,0.0
1.02913,0.18472,0.0
1.02913,0.2111,0.0
1.02913,0.23749,0.0
1.02913,0.26388,0.0
1.02913,0.29027,0.0
1.02913,0.31665,0.0
1.02913,0.34304,0.0
1.02913,0.36943,0.0
1.02913,0.39582,0.0
1.02913,0.42221,0.0
1.02913,0.44859,0.0
1.02913,0.47498,0.0
1.02913,0.50137,0.0
1.02913,0.52776,0.0
1.02913,0.55415,0.0
1.02913,0.58053,0.0
1.02913,0.60692,0.0
1.02913,0.63331,0.0
1.05552,-0.63331,0.0
1.05552,-0.60692,0.0
1.05552,-0.58053,0.0
1.05552,-0.55415,0.0
1.05552,-0.52776,0.0
1.05552,-0.50137,0.0
1.05552,-0.47498,0.0
1.05552,-0.44859,0.0
1.05552,-0.42221,0.0
1.05552,-0.39582,0.0
1.05552,-0.36943,0.0
1.05552,-0.34304,0.0
1.05552,-0.31665,0.0
1.05552,-0.29027,0.0
1.05552,-0.26388,0.0
1.05552,-0.23749,0.0
1.05552,-0.2111,0.0
1.05552,-0.18472,0.0
1.05552,-0.15833,0.0
1.05552,-0.13194,0.0
1.05552,-0.10555,0.0
1.05552,-0.07916,0.0
1.05552,-0.05278,0.0
1.05552,-0.02639,0.0
1.05552,0,0.0
1.05552,0.02639,0.0
1.05552,0.05278,0.0
1.05552,0.07916,0.0
1.05552,0.10555,0.0
1.05552,0.13194,0.0
1.05552,0.15833,0.0
1.05552,0.18472,0.0
1.05552,0.2111,0.0
1.05552,0.23749,0.0
1.05552,0.26388,0.0
1.05552,0.29027,0.0
1.05552,0.31665,0.0
1.05552,0.34304,0.0
1.05552,0.36943,0.0
1.05552,0.39582,0.0
1.05552,0.42221,0.0
1.05552,0.44859,0.0
1.05552,0.47498,0.0
1.05552,0.50137,0.0
1.05552,0.52776,0.0
1.05552,0.55415,0.0
1.05552,0.58053,0.0
1.05552,0.60692,0.0
1.05552,0.63331,0.0
1.0819,-0.63331,0.0
1.0819,-0.60692,0.0
1.0819,-0.58053,0.0
1.0819,-0.55415,0.0
1.0819,-0.52776,0.0
1.0819,-0.50137,0.0
1.0819,-0.47498,0.0
1.0819,-0.44859,0.0
1.0819,-0.42221,0.0
1.0819,-0.39582,0.0
1.0819,-0.36943,0.0
1.0819,-0.34304,0.0
1.0819,-0.31665,0.0
1.0819,-0.29027,0.0
1.0819,-0.26388,0.0
1.0819,-0.23749,0.0
1.0819,-0.2111,0.0
1.0819,-0.18472,0.0
1.0819,-0.15833,0.0
1.0819,-0.13194,0.0
1.0819,-0.10555,0.0
1.0819,-0.07916,0.0
1.0819,-0.05278,0.0
1.0819,-0.02639,0.0
1.0819,0,0.0
1.0819,0.02639,0.0
1.0819,0.05278,0.0
1.0819,0.07916,0.0
1.0819,0.10555,0.0
1.0819,0.13194,0.0
1.0819,0.15833,0.0
1.0819,0.18472,0.0
1.0819,0.2111,0.0
1.0819,0.23749,0.0
1.0819,0.26388,0.0
1.0819,0.29027,0.0
1.0819,0.31665,0.0
1.0819,0.34304,0.0
1.0819,0.36943,0.0
1.0819,0.39582,0.0
1.0819,0.42221,0.0
1.0819,0.44859,0.0
1.0819,0.47498,0.0
1.0819,0.50137,0.0
1.0819,0.52776,0.0
1.0819,0.55415,0.0
1.0819,0.58053,0.0
1.0819,0.60692,0.0
1.0819,0.63331,0.0
1.10829,-0.63331,0.0
1.10829,-0.60692,0.0
1.10829,-0.58053,0.0
1.10829,-0.55415,0.0
1.10829,-0.52776,0.0
1.10829,-0.50137,0.0
1.10829,-0.47498,0.0
1.10829,-0.44859,0.0
1.10829,-0.42221,0.0
1.10829,-0.39582,0.0
1.10829,-0.36943,0.0
1.10829,-0.34304,0.0
1.10829,-0.31665,0.0
1.10829,-0.29027,0.0
1.10829,-0.26388,0.0
1.10829,-0.23749,0.0
1.10829,-0.2111,0.0
1.10829,-0.18472,0.0
1.10829,-0.15833,0.0
1.10829,-0.13194,0.0
1.10829,-0.10555,0.0
1.10829,-0.07916,0.0
1.10829,-0.05278,0.0
1.10829,-0.02639,0.0
1.10829,0,0.0
1.10829,0.02639,0.0
1.10829,0.05278,0.0
1.10829,0.07916,0.0
1.10829,0.10555,0.0
1.10829,0.13194,0.0
1.10829,0.15833,0.0
1.10829,0.18472,0.0
1.10829,0.2111,0.0
1.10829,0.23749,0.0
1.10829,0.26388,0.0
1.10829,0.29027,0.0
1.10829,0.31665,0.0
1.10829,0.34304,0.0
1.10829,0.36943,0.0
1.10829,0.39582,0.0
1.10829,0.42221,0.0
1.10829,0.44859,0.0
1.10829,0.47498,0.0
1.10829,0.50137,0.0
1.10829,0.52776,0.0
1.10829,0.55415,0.0
1.10829,0.58053,0.0
1.10829,0.60692,0.0
1.10829,0.63331,0.0
1.13468,-0.63331,0.0
1.13468,-0.60692,0.0
1.13468,-0.58053,0.0
1.13468,-0.55415,0.0
1.13468,-0.52776,0.0
1.13468,-0.50137,0.0
1.13468,-0.47498,0.0
1.13468,-0.44859,0.0
1.13468,-0.42221,0.0
1.13468,-0.39582,0.0
1.13468,-0.36943,0.0
1.13468,-0.34304,0.0
1.13468,-0.31665,0.0
1.13468,-0.29027,0.0
1.13468,-0.26388,0.0
1.13468,-0.23749,0.0
1.13468,-0.2111,0.0
1.13468,-0.18472,0.0
1.13468,-0.15833,0.0
1.13468,-0.13194,0.0
1.13468,-0.10555,0.0
1.13468,-0.07916,0.0
1.13468,-0.05278,0.0
1.13468,-0.02639,0.0
1.13468,0,0.0
1.13468,0.02639,0.0
1.13468,0.05278,0.0
1.13468,0.07916,0.0
1.13468,0.10555,0.0
1.13468,0.13194,0.0
1.13468,0.15833,0.0
1.13468,0.18472,0.0
1.13468,0.2111,0.0
1.13468,0.23749,0.0
1.13468,0.26388,0.0
1.13468,0.29027,0.0
1.13468,0.31665,0.0
1.13468,0.34304,0.0
1.13468,0.36943,0.0
1.13468,0.39582,0.0
1.13468,0.42221,0.0
1.13468,0.44859,0.0
1.13468,0.47498,0.0
1.13468,0.50137,0.0
1.13468,0.52776,0.0
1.13468,0.55415,0.0
1.13468,0.58053,0.0
1.13468,0.60692,0.0
1.13468,0.63331,0.0
1.16107,-0.63331,0.0
1.16107,-0.60692,0.0
1.16107,-0.58053,0.0
1.16107,-0.55415,0.0
1.16107,-0.52776,0.0
1.16107,-0.50137,0.0
1.16107,-0.47498,0.0
1.16107,-0.44859,0.0
1.16107,-0.42221,0.0
1.16107,-0.39582,0.0
1.16107,-0.36943,0.0
1.16107,-0.34304,0.0
1.16107,-0.31665,0.0
1.16107,-0.29027,0.0
1.16107,-0.26388,0.0
1.16107,-0.23749,0.0
1.16107,-0.2111,0.0
1.16107,-0.18472,0.0
1.16107,-0.15833,0.0
1.16107,-0.13194,0.0
1.16107,-0.10555,0.0
1.16107,-0.07916,0.0
1.16107,-0.05278,0.0
1.16107,-0.02639,0.0
1.16107,0,0.0
1.16107,0.02639,0.0
1.16107,0.05278,0.0
1.16107,0.07916,0.0
1.16107,0.10555,0.0
1.16107,0.13194,0.0
1.16107,0.15833,0.0
1.16107,0.18472,0.0
1.16107,0.2111,0.0
1.16107,0.23749,0.0
1.16107,0.26388,0.0
1.16107,0.29027,0.0
1.16107,0.31665,0.0
1.16107,0.34304,0.0
1.16107,0.36943,0.0
1.16107,0.39582,0.0
1.16107,0.42221,0.0
1.16107,0.44859,0.0
1.16107,0.47498,0.0
1.16107,0.50137,0.0
1.16107,0.52776,0.0
1.16107,0.55415,0.0
1.16107,0.58053,0.0
1.16107,0.60692,0.0
1.16107,0.63331,0.0
1.18746,-0.63331,0.0
1.18746,-0.60692,0.0
1.18746,-0.58053,0.0
1.18746,-0.55415,0.0
1.18746,-0.52776,0.0
1.18746,-0.50137,0.0
1.18746,-0.47498,0.0
1.18746,-0.44859,0.0
1.18746,-0.42221,0.0
1.18746,-0.39582,0.0
1.18746,-0.36943,0.0
1.18746,-0.34304,0.0
1.18746,-0.31665,0.0
1.18746,-0.29027,0.0
1.18746,-0.26388,0.0
1.18746,-0.23749,0.0
1.18746,-0.2111,0.0
1.18746,-0.18472,0.0
1.18746,-0.15833,0.0
1.18746,-0.13194,0.0
1.18746,-0.10555,0.0
1.18746,-0.07916,0.0
1.18746,-0.05278,0.0
1.18746,-0.02639,0.0
1.18746,0,0.0
1.18746,0.02639,0.0
1.18746,0.05278,0.0
1.18746,0.07916,0.0
1.18746,0.10555,0.0
1.18746,0.13194,0.0
1.18746,0.15833,0.0
1.18746,0.18472,0.0
1.18746,0.2111,0.0
1.18746,0.23749,0.0
1.18746,0.26388,0.0
1.18746,0.29027,0.0
1.18746,0.31665,0.0
1.18746,0.34304,0.0
1.18746,0.36943,0.0
1.18746,0.39582,0.0
1.18746,0.42221,0.0
1.18746,0.44859,0.0
1.18746,0.47498,0.0
1.18746,0.50137,0.0
1.18746,0.52776,0.0
1.18746,0.55415,0.0
1.18746,0.58053,0.0
1.18746,0.60692,0.0
1.18746,0.63331,0.0
1.21384,-0.63331,0.0
1.21384,-0.60692,0.0
1.21384,-0.58053,0.0
1.21384,-0.55415,0.0
1.21384,-0.52776,0.0
1.21384,-0.50137,0.0
1.21384,-0.47498,0.0
1.21384,-0.44859,0.0
1.21384,-0.42221,0.0
1.21384,-0.39582,0.0
1.21384,-0.36943,0.0
1.21384,-0.34304,0.0
1.21384,-0.31665,0.0
1.21384,-0.29027,0.0
1.21384,-0.26388,0.0
1.21384,-0.23749,0.0
1.21384,-0.2111,0.0
1.21384,-0.18472,0.0
1.21384,-0.15833,0.0
1.21384,-0.13194,0.0
1.21384,-0.10555,0.0
1.21384,-0.07916,0.0
1.21384,-0.05278,0.0
1.21384,-0.02639,0.0
1.21384,0,0.0
1.21384,0.02639,0.0
1.21384,0.05278,0.0
1.21384,0.07916,0.0
1.21384,0.10555,0.0
1.21384,0.13194,0.0
1.21384,0.15833,0.0
1.21384,0.18472,0.0
1.21384,0.2111,0.0
1.21384,0.23749,0.0
1.21384,0.26388,0.0
1.21384,0.29027,0.0
1.21384,0.31665,0.0
1.21384,0.34304,0.0
1.21384,0.36943,0.0
1.21384,0.39582,0.0
1.21384,0.42221,0.0
1.21384,0.44859,0.0
1.21384,0.47498,0.0
1.21384,0.50137,0.0
1.21384,0.52776,0.0
1.21384,0.55415,0.0
1.21384,0.58053,0.0
1.21384,0.60692,0.0
1.21384,0.63331,0.0
1.24023,-0.63331,0.0
1.24023,-0.60692,0.0
1.24023,-0.58053,0.0
1.24023,-0.55415,0.0
1.24023,-0.52776,0.0
1.24023,-0.50137,0.0
1.24023,-0.47498,0.0
1.24023,-0.44859,0.0
1.24023,-0.42221,0.0
1.24023,-0.39582,0.0
1.24023,-0.36943,0.0
1.24023,-0.34304,0.0
1.24023,-0.31665,0.0
1.24023,-0.29027,0.0
1.24023,-0.26388,0.0
1.24023,-0.23749,0.0
1.24023,-0.2111,0.0
1.24023,-0.18472,0.0
1.24023,-0.15833,0.0
1.24023,-0.13194,0.0
1.24023,-0.10555,0.0
1.24023,-0.07916,0.0
1.24023,-0.05278,0.0
1.24023,-0.02639,0.0
1.24023,0,0.0
1.24023,0.02639,0.0
1.24023,0.05278,0.0
1.24023,0.07916,0.0
1.24023,0.10555,0.0
1.24023,0.13194,0.0
1.24023,0.15833,0.0
1.24023,0.18472,0.0
1.24023,0.2111,0.0
1.24023,0.23749,0.0
1.24023,0.26388,0.0
1.24023,0.29027,0.0
1.24023,0.31665,0.0
1.24023,0.34304,0.0
1.24023,0.36943,0.0
1.24023,0.39582,0.0
1.24023,0.42221,0.0
1.24023,0.44859,0.0
1.24023,0.47498,0.0
1.24023,0.50137,0.0
1.24023,0.52776,0.0
1.24023,0.55415,0.0
1.24023,0.58053,0.0
1.24023,0.60692,0.0
1.24023,0.63331,0.0
1.26662,-0.63331,0.0
1.26662,-0.60692,0.0
1.26662,-0.58053,0.0
1.26662,-0.55415,0.0
1.26662,-0.52776,0.0
1.26662,-0.50137,0.0
1.26662,-0.47498,0.0
1.26662,-0.44859,0.0
1.26662,-0.42221,0.0
1.26662,-0.39582,0.0
1.26662,-0.36943,0.0
1.26662,-0.34304,0.0
1.26662,-0.31665,0.0
1.26662,-0.29027,0.0
1.26662,-0.26388,0.0
1.26662,-0.23749,0.0
1.26662,-0.2111,0.0
1.26662,-0.18472,0.0
1.26662,-0.15833,0.0
1.26662,-0.13194,0.0
1.26662,-0.10555,0.0
1.26662,-0.07916,0.0
1.26662,-0.05278,0.0
1.26662,-0.02639,0.0
1.26662,0,0.0
1.26662,0.02639,0.0
1.26662,0.05278,0.0
1.26662,0.07916,0.0
1.26662,0.10555,0.0
1.26662,0.13194,0.0
1.26662,0.15833,0.0
1.26662,0.18472,0.0
1.26662,0.2111,0.0
1.26662,0.23749,0.0
1.26662,0.26388,0.0
1.26662,0.29027,0.0
1.26662,0.31665,0.0
1.26662,0.34304,0.0
1.26662,0.36943,0.0
1.26662,0.39582,0.0
1.26662,0.42221,0.0
1.26662,0.44859,0.0
1.26662,0.47498,0.0
1.26662,0.50137,0.0
1.26662,0.52776,0.0
1.26662,0.55415,0.0
1.26662,0.58053,0.0
1.26662,0.60692,0.0
1.26662,0.63331,0.0
1.29301,-0.63331,0.0
1.29301,-0.60692,0.0
1.29301,-0.58053,0.0
1.29301,-0.55415,0.0
1.29301,-0.52776,0.0
1.29301,-0.50137,0.0
1.29301,-0.47498,0.0
1.29301,-0.44859,0.0
1.29301,-0.42221,0.0
1.29301,-0.39582,0.0
1.29301,-0.36943,0.0
1.29301,-0.34304,0.0
1.29301,-0.31665,0.0
1.29301,-0.29027,0.0
1.29301,-0.26388,0.0
1.29301,-0.23749,0.0
1.29301,-0.2111,0.0
1.29301,-0.18472,0.0
1.29301,-0.15833,0.0
1.29301,-0.13194,0.0
1.29301,-0.10555,0.0
1.29301,-0.07916,0.0
1.29301,-0.05278,0.0
1.29301,-0.02639,0.0
1.29301,0,0.0
1.29301,0.02639,0.0
1.29301,0.05278,0.0
1.29301,0.07916,0.0
1.29301,0.10555,0.0
1.29301,0.13194,0.0
1.29301,0.15833,0.0
1.29301,0.18472,0.0
1.29301,0.2111,0.0
1.29301,0.23749,0.0
1.29301,0.26388,0.0
1.29301,0.29027,0.0
1.29301,0.31665,0.0
1.29301,0.34304,0.0
1.29301,0.36943,0.0
1.29301,0.39582,0.0
1.29301,0.42221,0.0
1.29301,0.44859,0.0
1.29301,0.47498,0.0
1.29301,0.50137,0.0
1.29301,0.52776,0.0
1.29301,0.55415,0.0
1.29301,0.58053,0.0
1.29301,0.60692,0.0
1.29301,0.63331,0.0
1.3194,-0.63331,0.0
1.3194,-0.60692,0.0
1.3194,-0.58053,0.0
1.3194,-0.55415,0.0
1.3194,-0.52776,0.0
1.3194,-0.50137,0.0
1.3194,-0.47498,0.0
1.3194,-0.44859,0.0
1.3194,-0.42221,0.0
1.3194,-0.39582,0.0
1.3194,-0.36943,0.0
1.3194,-0.34304,0.0
1.3194,-0.31665,0.0
1.3194,-0.29027,0.0
1.3194,-0.26388,0.0
1.3194,-0.23749,0.0
1.3194,-0.2111,0.0
1.3194,-0.18472,0.0
1.3194,-0.15833,0.0
1.3194,-0.13194,0.0
1.3194,-0.10555,0.0
1.3194,-0.07916,0.0
1.3194,-0.05278,0.0
1.3194,-0.02639,0.0
1.3194,0,0.0
1.3194,0.02639,0.0
1.3194,0.05278,0.0
1.3194,0.07916,0.0
1.3194,0.10555,0.0
1.3194,0.13194,0.0
1.3194,0.15833,0.0
1.3194,0.18472,0.0
1.3194,0.2111,0.0
1.3194,0.23749,0.0
1.3194,0.26388,0.0
1.3194,0.29027,0.0
1.3194,0.31665,0.0
1.3194,0.34304,0.0
1.3194,0.36943,0.0
1.3194,0.39582,0.0
1.3194,0.42221,0.0
1.3194,0.44859,0.0
1.3194,0.47498,0.0
1.3194,0.50137,0.0
1.3194,0.52776,0.0
1.3194,0.55415,0.0
1.3194,0.58053,0.0
1.3194,0.60692,0.0
1.3194,0.63331,0.0
1.34578,-0.63331,0.0
1.34578,-0.60692,0.0
1.34578,-0.58053,0.0
1.34578,-0.55415,0.0
1.34578,-0.52776,0.0
1.34578,-0.50137,0.0
1.34578,-0.47498,0.0
1.34578,-0.44859,0.0
1.34578,-0.42221,0.0
1.34578,-0.39582,0.0
1.34578,-0.36943,0.0
1.34578,-0.34304,0.0
1.34578,-0.31665,0.0
1.34578,-0.29027,0.0
1.34578,-0.26388,0.0
1.34578,-0.23749,0.0
1.34578,-0.2111,0.0
1.34578,-0.18472,0.0
1.34578,-0.15833,0.0
1.34578,-0.13194,0.0
1.34578,-0.10555,0.0
1.34578,-0.07916,0.0
1.34578,-0.05278,0.0
1.34578,-0.02639,0.0
1.34578,0,0.0
1.34578,0.02639,0.0
1.34578,0.05278,0.0
1.34578,0.07916,0.0
1.34578,0.10555,0.0
1.34578,0.13194,0.0
1.34578,0.15833,0.0
1.34578,0.18472,0.0
1.34578,0.2111,0.0
1.34578,0.23749,0.0
1.34578,0.26388,0.0
1.34578,0.29027,0.0
1.34578,0.31665,0.0
1.34578,0.34304,0.0
1.34578,0.36943,0.0
1.34578,0.39582,0.0
1.34578,0.42221,0.0
1.34578,0.44859,0.0
1.34578,0.47498,0.0
1.34578,0.50137,0.0
1.34578,0.52776,0.0
1.34578,0.55415,0.0
1.34578,0.58053,0.0
1.34578,0.60692,0.0
1.34578,0.63331,0.0
1.37217,-0.63331,0.0
1.37217,-0.60692,0.0
1.37217,-0.58053,0.0
1.37217,-0.55415,0.0
1.37217,-0.52776,0.0
1.37217,-0.50137,0.0
1.37217,-0.47498,0.0
1.37217,-0.44859,0.0
1.37217,-0.42221,0.0
1.37217,-0.39582,0.0
1.37217,-0.36943,0.0
1.37217,-0.34304,0.0
1.37217,-0.31665,0.0
1.37217,-0.29027,0.0
1.37217,-0.26388,0.0
1.37217,-0.23749,0.0
1.37217,-0.2111,0.0
1.37217,-0.18472,0.0
1.37217,-0.15833,0.0
1.37217,-0.13194,0.0
1.37217,-0.10555,0.0
1.37217,-0.07916,0.0
1.37217,-0.05278,0.0
1.37217,-0.02639,0.0
1.37217,0,0.0
1.37217,0.02639,0.0
1.37217,0.05278,0.0
1.37217,0.07916,0.0
1.37217,0.10555,0.0
1.37217,0.13194,0.0
1.37217,0.15833,0.0
1.37217,0.18472,0.0
1.37217,0.2111,0.0
1.37217,0.23749,0.0
1.37217,0.26388,0.0
1.37217,0.29027,0.0
1.37217,0.31665,0.0
1.37217,0.34304,0.0
1.37217,0.36943,0.0
1.37217,0.39582,0.0
1.37217,0.42221,0.0
1.37217,0.44859,0.0
1.37217,0.47498,0.0
1.37217,0.50137,0.0
1.37217,0.52776,0.0
1.37217,0.55415,0.0
1.37217,0.58053,0.0
1.37217,0.60692,0.0
1.37217,0.63331,0.0
1.39856,-0.63331,0.0
1.39856,-0.60692,0.0
1.39856,-0.58053,0.0
1.39856,-0.55415,0.0
1.39856,-0.52776,0.0
1.39856,-0.50137,0.0
1.39856,-0.47498,0.0
1.39856,-0.44859,0.0
1.39856,-0.42221,0.0
1.39856,-0.39582,0.0
1.39856,-0.36943,0.0
1.39856,-0.34304,0.0
1.39856,-0.31665,0.0
1.39856,-0.29027,0.0
1.39856,-0.26388,0.0
1.39856,-0.23749,0.0
1.39856,-0.2111,0.0
1.39856,-0.18472,0.0
1.39856,-0.15833,0.0
1.39856,-0.13194,0.0
1.39856,-0.10555,0.0
1.39856,-0.07916,0.0
1.39856,-0.05278,0.0
1.39856,-0.02639,0.0
1.39856,0,0.0
1.39856,0.02639,0.0
1.39856,0.05278,0.0
1.39856,0.07916,0.0
1.39856,0.10555,0.0
1.39856,0.13194,0.0
1.39856,0.15833,0.0
1.39856,0.18472,0.0
1.39856,0.2111,0.0
1.39856,0.23749,0.0
1.39856,0.26388,0.0
1.39856,0.29027,0.0
1.39856,0.31665,0.0
1.39856,0.34304,0.0
1.39856,0.36943,0.0
1.39856,0.39582,0.0
1.39856,0.42221,0.0
1.39856,0.44859,0.0
1.39856,0.47498,0.0
1.39856,0.50137,0.0
1.39856,0.52776,0.0
1.39856,0.55415,0.0
1.39856,0.58053,0.0
1.39856,0.60692,0.0
1.39856,0.63331,0.0
1.42495,-0.63331,0.0
1.42495,-0.60692,0.0
1.42495,-0.58053,0.0
1.42495,-0.55415,0.0
1.42495,-0.52776,0.0
1.42495,-0.50137,0.0
1.42495,-0.47498,0.0
1.42495,-0.44859,0.0
1.42495,-0.42221,0.0
1.42495,-0.39582,0.0
1.42495,-0.36943,0.0
1.42495,-0.34304,0.0
1.42495,-0.31665,0.0
1.42495,-0.29027,0.0
1.42495,-0.26388,0.0
1.42495,-0.23749,0.0
1.42495,-0.2111,0.0
1.42495,-0.18472,0.0
1.42495,-0.15833,0.0
1.42495,-0.13194,0.0
1.42495,-0.10555,0.0
1.42495,-0.07916,0.0
1.42495,-0.05278,0.0
1.42495,-0.02639,0.0
1.42495,0,0.0
1.42495,0.02639,0.0
1.42495,0.05278,0.0
1.42495,0.07916,0.0
1.42495,0.10555,0.0
1.42495,0.13194,0.0
1.42495,0.15833,0.0
1.42495,0.18472,0.0
1.42495,0.2111,0.0
1.42495,0.23749,0.0
1.42495,0.26388,0.0
1.42495,0.29027,0.0
1.42495,0.31665,0.0
1.42495,0.34304,0.0
1.42495,0.36943,0.0
1.42495,0.39582,0.0
1.42495,0.42221,0.0
1.42495,0.44859,0.0
1.42495,0.47498,0.0
1.42495,0.50137,0.0
1.42495,0.52776,0.0
1.42495,0.55415,0.0
1.42495,0.58053,0.0
1.42495,0.60692,0.0
1.42495,0.63331,0.0
1.45133,-0.63331,0.0
1.45133,-0.60692,0.0
1.45133,-0.58053,0.0
1.45133,-0.55415,0.0
1.45133,-0.52776,0.0
1.45133,-0.50137,0.0
1.45133,-0.47498,0.0
1.45133,-0.44859,0.0
1.45133,-0.42221,0.0
1.45133,-0.39582,0.0
1.45133,-0.36943,0.0
1.45133,-0.34304,0.0
1.45133,-0.31665,0.0
1.45133,-0.29027,0.0
1.45133,-0.26388,0.0
1.45133,-0.23749,0.0
1.45133,-0.2111,0.0
1.45133,-0.18472,0.0
1.45133,-0.15833,0.0
1.45133,-0.13194,0.0
1.45133,-0.10555,0.0
1.45133,-0.07916,0.0
1.45133,-0.05278,0.0
1.45133,-0.02639,0.0
1.45133,0,0.0
1.45133,0.02639,0.0
1.45133,0.05278,0.0
1.45133,0.07916,0.0
1.45133,0.10555,0.0
1.45133,0.13194,0.0
1.45133,0.15833,0.0
1.45133,0.18472,0.0
1.45133,0.2111,0.0
1.45133,0.23749,0.0
1.45133,0.26388,0.0
1.45133,0.29027,0.0
1.45133,0.31665,0.0
1.45133,0.34304,0.0
1.45133,0.36943,0.0
1.45133,0.39582,0.0
1.45133,0.42221,0.0
1.45133,0.44859,0.0
1.45133,0.47498,0.0
1.45133,0.50137,0.0
1.45133,0.52776,0.0
1.45133,0.55415,0.0
1.45133,0.58053,0.0
1.45133,0.60692,0.0
1.45133,0.63331,0.0
1.47772,-0.63331,0.0
1.47772,-0.60692,0.0
1.47772,-0.58053,0.0
1.47772,-0.55415,0.0
1.47772,-0.52776,0.0
1.47772,-0.50137,0.0
1.47772,-0.47498,0.0
1.47772,-0.44859,0.0
1.47772,-0.42221,0.0
1.47772,-0.39582,0.0
1.47772,-0.36943,0.0
1.47772,-0.34304,0.0
1.47772,-0.31665,0.0
1.47772,-0.29027,0.0
1.47772,-0.26388,0.0
1.47772,-0.23749,0.0
1.47772,-0.2111,0.0
1.47772,-0.18472,0.0
1.47772,-0.15833,0.0
1.47772,-0.13194,0.0
1.47772,-0.10555,0.0
1.47772,-0.07916,0.0
1.47772,-0.05278,0.0
1.47772,-0.02639,0.0
1.47772,0,0.0
1.47772,0.02639,0.0
1.47772,0.05278,0.0
1.47772,0.07916,0.0
1.47772,0.10555,0.0
1.47772,0.13194,0.0
1.47772,0.15833,0.0
1.47772,0.18472,0.0
1.47772,0.2111,0.0
1.47772,0.23749,0.0
1.47772,0.26388,0.0
1.47772,0.29027,0.0
1.47772,0.31665,0.0
1.47772,0.34304,0.0
1.47772,0.36943,0.0
1.47772,0.39582,0.0
1.47772,0.42221,0.0
1.47772,0.44859,0.0
1.47772,0.47498,0.0
1.47772,0.50137,0.0
1.47772,0.52776,0.0
1.47772,0.55415,0.0
1.47772,0.58053,0.0
1.47772,0.60692,0.0
1.47772,0.63331,0.0
1.50411,-0.63331,0.0
1.50411,-0.60692,0.0
1.50411,-0.58053,0.0
1.50411,-0.55415,0.0
1.50411,-0.52776,0.0
1.50411,-0.50137,0.0
1.50411,-0.47498,0.0
1.50411,-0.44859,0.0
1.50411,-0.42221,0.0
1.50411,-0.39582,0.0
1.50411,-0.36943,0.0
1.50411,-0.34304,0.0
1.50411,-0.31665,0.0
1.50411,-0.29027,0.0
1.50411,-0.26388,0.0
1.50411,-0.23749,0.0
1.50411,-0.2111,0.0
1.50411,-0.18472,0.0
1.50411,-0.15833,0.0
1.50411,-0.13194,0.0
1.50411,-0.10555,0.0
1.50411,-0.07916,0.0
1.50411,-0.05278,0.0
1.50411,-0.02639,0.0
1.50411,0,0.0
1.50411,0.02639,0.0
1.50411,0.05278,0.0
1.50411,0.07916,0.0
1.50411,0.10555,0.0
1.50411,0.13194,0.0
1.50411,0.15833,0.0
1.50411,0.18472,0.0
1.50411,0.2111,0.0
1.50411,0.23749,0.0
1.50411,0.26388,0.0
1.50411,0.29027,0.0
1.50411,0.31665,0.0
1.50411,0.34304,0.0
1.50411,0.36943,0.0
1.50411,0.39582,0.0
1.50411,0.42221,0.0
1.50411,0.44859,0.0
1.50411,0.47498,0.0
1.50411,0.50137,0.0
1.50411,0.52776,0.0
1.50411,0.55415,0.0
1.50411,0.58053,0.0
1.50411,0.60692,0.0
1.50411,0.63331,0.0
1.5305,-0.63331,0.0
1.5305,-0.60692,0.0
1.5305,-0.58053,0.0
1.5305,-0.55415,0.0
1.5305,-0.52776,0.0
1.5305,-0.50137,0.0
1.5305,-0.47498,0.0
1.5305,-0.44859,0.0
1.5305,-0.42221,0.0
1.5305,-0.39582,0.0
1.5305,-0.36943,0.0
1.5305,-0.34304,0.0
1.5305,-0.31665,0.0
1.5305,-0.29027,0.0
1.5305,-0.26388,0.0
1.5305,-0.23749,0.0
1.5305,-0.2111,0.0
1.5305,-0.18472,0.0
1.5305,-0.15833,0.0
1.5305,-0.13194,0.0
1.5305,-0.10555,0.0
1.5305,-0.07916,0.0
1.5305,-0.05278,0.0
1.5305,-0.02639,0.0
1.5305,0,0.0
1.5305,0.02639,0.0
1.5305,0.05278,0.0
1.5305,0.07916,0.0
1.5305,0.10555,0.0
1.5305,0.13194,0.0
1.5305,0.15833,0.0
1.5305,0.18472,0.0
1.5305,0.2111,0.0
1.5305,0.23749,0.0
1.5305,0.26388,0.0
1.5305,0.29027,0.0
1.5305,0.31665,0.0
1.5305,0.34304,0.0
1.5305,0.36943,0.0
1.5305,0.39582,0.0
1.5305,0.42221,0.0
1.5305,0.44859,0.0
1.5305,0.47498,0.0
1.5305,0.50137,0.0
1.5305,0.52776,0.0
1.5305,0.55415,0.0
1.5305,0.58053,0.0
1.5305,0.60692,0.0
1.5305,0.63331,0.0
1.55689,-0.63331,0.0
1.55689,-0.60692,0.0
1.55689,-0.58053,0.0
1.55689,-0.55415,0.0
1.55689,-0.52776,0.0
1.55689,-0.50137,0.0
1.55689,-0.47498,0.0
1.55689,-0.44859,0.0
1.55689,-0.42221,0.0
1.55689,-0.39582,0.0
1.55689,-0.36943,0.0
1.55689,-0.34304,0.0
1.55689,-0.31665,0.0
1.55689,-0.29027,0.0
1.55689,-0.26388,0.0
1.55689,-0.23749,0.0
1.55689,-0.2111,0.0
1.55689,-0.18472,0.0
1.55689,-0.15833,0.0
1.55689,-0.13194,0.0
1.55689,-0.10555,0.0
1.55689,-0.07916,0.0
1.55689,-0.05278,0.0
1.55689,-0.02639,0.0
1.55689,0,0.0
1.55689,0.02639,0.0
1.55689,0.05278,0.0
1.55689,0.07916,0.0
1.55689,0.10555,0.0
1.55689,0.13194,0.0
1.55689,0.15833,0.0
1.55689,0.18472,0.0
1.55689,0.2111,0.0
1.55689,0.23749,0.0
1.55689,0.26388,0.0
1.55689,0.29027,0.0
1.55689,0.31665,0.0
1.55689,0.34304,0.0
1.55689,0.36943,0.0
1.55689,0.39582,0.0
1.55689,0.42221,0.0
1.55689,0.44859,0.0
1.55689,0.47498,0.0
1.55689,0.50137,0.0
1.55689,0.52776,0.0
1.55689,0.55415,0.0
1.55689,0.58053,0.0
1.55689,0.60692,0.0
1.55689,0.63331,0.0
1.58327,-0.63331,0.0
1.58327,-0.60692,0.0
1.58327,-0.58053,0.0
1.58327,-0.55415,0.0
1.58327,-0.52776,0.0
1.58327,-0.50137,0.0
1.58327,-0.47498,0.0
1.58327,-0.44859,0.0
1.58327,-0.42221,0.0
1.58327,-0.39582,0.0
1.58327,-0.36943,0.0
1.58327,-0.34304,0.0
1.58327,-0.31665,0.0
1.58327,-0.29027,0.0
1.58327,-0.26388,0.0
1.58327,-0.23749,0.0
1.58327,-0.2111,0.0
1.58327,-0.18472,0.0
1.58327,-0.15833,0.0
1.58327,-0.13194,0.0
1.58327,-0.10555,0.0
1.58327,-0.07916,0.0
1.58327,-0.05278,0.0
1.58327,-0.02639,0.0
1.58327,0,0.0
1.58327,0.02639,0.0
1.58327,0.05278,0.0
1.58327,0.07916,0.0
1.58327,0.10555,0.0
1.58327,0.13194,0.0
1.58327,0.15833,0.0
1.58327,0.18472,0.0
1.58327,0.2111,0.0
1.58327,0.23749,0.0
1.58327,0.26388,0.0
1.58327,0.29027,0.0
1.58327,0.31665,0.0
1.58327,0.34304,0.0
1.58327,0.36943,0.0
1.58327,0.39582,0.0
1.58327,0.42221,0.0
1.58327,0.44859,0.0
1.58327,0.47498,0.0
1.58327,0.50137,0.0
1.58327,0.52776,0.0
1.58327,0.55415,0.0
1.58327,0.58053,0.0
1.58327,0.60692,0.0
1.58327,0.63331,0.0
1.60966,-0.63331,0.0
1.60966,-0.60692,0.0
1.60966,-0.58053,0.0
1.60966,-0.55415,0.0
1.60966,-0.52776,0.0
1.60966,-0.50137,0.0
1.60966,-0.47498,0.0
1.60966,-0.44859,0.0
1.60966,-0.42221,0.0
1.60966,-0.39582,0.0
1.60966,-0.36943,0.0
1.60966,-0.34304,0.0
1.60966,-0.31665,0.0
1.60966,-0.29027,0.0
1.60966,-0.26388,0.0
1.60966,-0.23749,0.0
1.60966,-0.2111,0.0
1.60966,-0.18472,0.0
1.60966,-0.15833,0.0
1.60966,-0.13194,0.0
1.60966,-0.10555,0.0
1.60966,-0.07916,0.0
1.60966,-0.05278,0.0
1.60966,-0.02639,0.0
1.60966,0,0.0
1.60966,0.02639,0.0
1.60966,0.05278,0.0
1.60966,0.07916,0.0
1.60966,0.10555,0.0
1.60966,0.13194,0.0
1.60966,0.15833,0.0
1.60966,0.18472,0.0
1.60966,0.2111,0.0
1.60966,0.23749,0.0
1.60966,0.26388,0.0
1.60966,0.29027,0.0
1.60966,0.31665,0.0
1.60966,0.34304,0.0
1.60966,0.36943,0.0
1.60966,0.39582,0.0
1.60966,0.42221,0.0
1.60966,0.44859,0.0
1.60966,0.47498,0.0
1.60966,0.50137,0.0
1.60966,0.52776,0.0
1.60966,0.55415,0.0
1.60966,0.58053,0.0
1.60966,0.60692,0.0
1.60966,0.63331,0.0
1.63605,-0.63331,0.0
1.63605,-0.60692,0.0
1.63605,-0.58053,0.0
1.63605,-0.55415,0.0
1.63605,-0.52776,0.0
1.63605,-0.50137,0.0
1.63605,-0.47498,0.0
1.63605,-0.44859,0.0
1.63605,-0.42221,0.0
1.63605,-0.39582,0.0
1.63605,-0.36943,0.0
1.63605,-0.34304,0.0
1.63605,-0.31665,0.0
1.63605,-0.29027,0.0
1.63605,-0.26388,0.0
1.63605,-0.23749,0.0
1.63605,-0.2111,0.0
1.63605,-0.18472,0.0
1.63605,-0.15833,0.0
1.63605,-0.13194,0.0
1.63605,-0.10555,0.0
1.63605,-0.07916,0.0
1.63605,-0.05278,0.0
1.63605,-0.02639,0.0
1.63605,0,0.0
1.63605,0.02639,0.0
1.63605,0.05278,0.0
1.63605,0.07916,0.0
1.63605,0.10555,0.0
1.63605,0.13194,0.0
1.63605,0.15833,0.0
1.63605,0.18472,0.0
1.63605,0.2111,0.0
1.63605,0.23749,0.0
1.63605,0.26388,0.0
1.63605,0.29027,0.0
1.63605,0.31665,0.0
1.63605,0.34304,0.0
1.63605,0.36943,0.0
1.63605,0.39582,0.0
1.63605,0.42221,0.0
1.63605,0.44859,0.0
1.63605,0.47498,0.0
1.63605,0.50137,0.0
1.63605,0.52776,0.0
1.63605,0.55415,0.0
1.63605,0.58053,0.0
1.63605,0.60692,0.0
1.63605,0.63331,0.0
1.66244,-0.63331,0.0
1.66244,-0.60692,0.0
1.66244,-0.58053,0.0
1.66244,-0.55415,0.0
1.66244,-0.52776,0.0
1.66244,-0.50137,0.0
1.66244,-0.47498,0.0
1.66244,-0.44859,0.0
1.66244,-0.42221,0.0
1.66244,-0.39582,0.0
1.66244,-0.36943,0.0
1.66244,-0.34304,0.0
1.66244,-0.31665,0.0
1.66244,-0.29027,0.0
1.66244,-0.26388,0.0
1.66244,-0.23749,0.0
1.66244,-0.2111,0.0
1.66244,-0.18472,0.0
1.66244,-0.15833,0.0
1.66244,-0.13194,0.0
1.66244,-0.10555,0.0
1.66244,-0.07916,0.0
1.66244,-0.05278,0.0
1.66244,-0.02639,0.0
1.66244,0,0.0
1.66244,0.02639,0.0
1.66244,0.05278,0.0
1.66244,0.07916,0.0
1.66244,0.10555,0.0
1.66244,0.13194,0.0
1.66244,0.15833,0.0
1.66244,0.18472,0.0
1.66244,0.2111,0.0
1.66244,0.23749,0.0
1.66244,0.26388,0.0
1.66244,0.29027,0.0
1.66244,0.31665,0.0
1.66244,0.34304,0.0
1.66244,0.36943,0.0
1.66244,0.39582,0.0
1.66244,0.42221,0.0
1.66244,0.44859,0.0
1.66244,0.47498,0.0
1.66244,0.50137,0.0
1.66244,0.52776,0.0
1.66244,0.55415,0.0
1.66244,0.58053,0.0
1.66244,0.60692,0.0
1.66244,0.63331,0.0
1.68883,-0.63331,0.0
1.68883,-0.60692,0.0
1.68883,-0.58053,0.0
1.68883,-0.55415,0.0
1.68883,-0.52776,0.0
1.68883,-0.50137,0.0
1.68883,-0.47498,0.0
1.68883,-0.44859,0.0
1.68883,-0.42221,0.0
1.68883,-0.39582,0.0
1.68883,-0.36943,0.0
1.68883,-0.34304,0.0
1.68883,-0.31665,0.0
1.68883,-0.29027,0.0
1.68883,-0.26388,0.0
1.68883,-0.23749,0.0
1.68883,-0.2111,0.0
1.68883,-0.18472,0.0
1.68883,-0.15833,0.0
1.68883,-0.13194,0.0
1.68883,-0.10555,0.0
1.68883,-0.07916,0.0
1.68883,-0.05278,0.0
1.68883,-0.02639,0.0
1.68883,0,0.0
1.68883,0.02639,0.0
1.68883,0.05278,0.0
1.68883,0.07916,0.0
1.68883,0.10555,0.0
1.68883,0.13194,0.0
1.68883,0.15833,0.0
1.68883,0.18472,0.0
1.68883,0.2111,0.0
1.68883,0.23749,0.0
1.68883,0.26388,0.0
1.68883,0.29027,0.0
1.68883,0.31665,0.0
1.68883,0.34304,0.0
1.68883,0.36943,0.0
1.68883,0.39582,0.0
1.68883,0.42221,0.0
1.68883,0.44859,0.0
1.68883,0.47498,0.0
1.68883,0.50137,0.0
1.68883,0.52776,0.0
1.68883,0.55415,0.0
1.68883,0.58053,0.0
1.68883,0.60692,0.0
1.68883,0.63331,0.0
1.71521,-0.63331,0.0
1.71521,-0.60692,0.0
1.71521,-0.58053,0.0
1.71521,-0.55415,0.0
1.71521,-0.52776,0.0
1.71521,-0.50137,0.0
1.71521,-0.47498,0.0
1.71521,-0.44859,0.0
1.71521,-0.42221,0.0
1.71521,-0.39582,0.0
1.71521,-0.36943,0.0
1.71521,-0.34304,0.0
1.71521,-0.31665,0.0
1.71521,-0.29027,0.0
1.71521,-0.26388,0.0
1.71521,-0.23749,0.0
1.71521,-0.2111,0.0
1.71521,-0.18472,0.0
1.71521,-0.15833,0.0
1.71521,-0.13194,0.0
1.71521,-0.10555,0.0
1.71521,-0.07916,0.0
1.71521,-0.05278,0.0
1.71521,-0.02639,0.0
1.71521,0,0.0
1.71521,0.02639,0.0
1.71521,0.05278,0.0
1.71521,0.07916,0.0
1.71521,0.10555,0.0
1.71521,0.13194,0.0
1.71521,0.15833,0.0
1.71521,0.18472,0.0
1.71521,0.2111,0.0
1.71521,0.23749,0.0
1.71521,0.26388,0.0
1.71521,0.29027,0.0
1.71521,0.31665,0.0
1.71521,0.34304,0.0
1.71521,0.36943,0.0
1.71521,0.39582,0.0
1.71521,0.42221,0.0
1.71521,0.44859,0.0
1.71521,0.47498,0.0
1.71521,0.50137,0.0
1.71521,0.52776,0.0
1.71521,0.55415,0.0
1.71521,0.58053,0.0
1.71521,0.60692,0.0
1.71521,0.63331,0.0
1.7416,-0.63331,0.0
1.7416,-0.60692,0.0
1.7416,-0.58053,0.0
1.7416,-0.55415,0.0
1.7416,-0.52776,0.0
1.7416,-0.50137,0.0
1.7416,-0.47498,0.0
1.7416,-0.44859,0.0
1.7416,-0.42221,0.0
1.7416,-0.39582,0.0
1.7416,-0.36943,0.0
1.7416,-0.34304,0.0
1.7416,-0.31665,0.0
1.7416,-0.29027,0.0
1.7416,-0.26388,0.0
1.7416,-0.23749,0.0
1.7416,-0.2111,0.0
1.7416,-0.18472,0.0
1.7416,-0.15833,0.0
1.7416,-0.13194,0.0
1.7416,-0.10555,0.0
1.7416,-0.07916,0.0
1.7416,-0.05278,0.0
1.7416,-0.02639,0.0
1.7416,0,0.0
1.7416,0.02639,0.0
1.7416,0.05278,0.0
1.7416,0.07916,0.0
1.7416,0.10555,0.0
1.7416,0.13194,0.0
1.7416,0.15833,0.0
1.7416,0.18472,0.0
1.7416,0.2111,0.0
1.7416,0.23749,0.0
1.7416,0.26388,0.0
1.7416,0.29027,0.0
1.7416,0.31665,0.0
1.7416,0.34304,0.0
1.7416,0.36943,0.0
1.7416,0.39582,0.0
1.7416,0.42221,0.0
1.7416,0.44859,0.0
1.7416,0.47498,0.0
1.7416,0.50137,0.0
1.7416,0.52776,0.0
1.7416,0.55415,0.0
1.7416,0.58053,0.0
1.7416,0.60692,0.0
1.7416,0.63331,0.0
1.76799,-0.63331,0.0
1.76799,-0.60692,0.0
1.76799,-0.58053,0.0
1.76799,-0.55415,0.0
1.76799,-0.52776,0.0
1.76799,-0.50137,0.0
1.76799,-0.47498,0.0
1.76799,-0.44859,0.0
1.76799,-0.42221,0.0
1.76799,-0.39582,0.0
1.76799,-0.36943,0.0
1.76799,-0.34304,0.0
1.76799,-0.31665,0.0
1.76799,-0.29027,0.0
1.76799,-0.26388,0.0
1.76799,-0.23749,0.0
1.76799,-0.2111,0.0
1.76799,-0.18472,0.0
1.76799,-0.15833,0.0
1.76799,-0.13194,0.0
1.76799,-0.10555,0.0
1.76799,-0.07916,0.0
1.76799,-0.05278,0.0
1.76799,-0.02639,0.0
1.76799,0,0.0
1.76799,0.02639,0.0
1.76799,0.05278,0.0
1.76799,0.07916,0.0
1.76799,0.10555,0.0
1.76799,0.13194,0.0
1.76799,0.15833,0.0
1.76799,0.18472,0.0
1.76799,0.2111,0.0
1.76799,0.23749,0.0
1.76799,0.26388,0.0
1.76799,0.29027,0.0
1.76799,0.31665,0.0
1.76799,0.34304,0.0
1.76799,0.36943,0.0
1.76799,0.39582,0.0
1.76799,0.42221,0.0
1.76799,0.44859,0.0
1.76799,0.47498,0.0
1.76799,0.50137,0.0
1.76799,0.52776,0.0
1.76799,0.55415,0.0
1.76799,0.58053,0.0
1.76799,0.60692,0.0
1.76799,0.63331,0.0
1.79438,-0.63331,0.0
1.79438,-0.60692,0.0
1.79438,-0.58053,0.0
1.79438,-0.55415,0.0
1.79438,-0.52776,0.0
1.79438,-0.50137,0.0
1.79438,-0.47498,0.0
1.79438,-0.44859,0.0
1.79438,-0.42221,0.0
1.79438,-0.39582,0.0
1.79438,-0.36943,0.0
1.79438,-0.34304,0.0
1.79438,-0.31665,0.0
1.79438,-0.29027,0.0
1.79438,-0.26388,0.0
1.79438,-0.23749,0.0
1.79438,-0.2111,0.0
1.79438,-0.18472,0.0
1.79438,-0.15833,0.0
1.79438,-0.13194,0.0
1.79438,-0.10555,0.0
1.79438,-0.07916,0.0
1.79438,-0.05278,0.0
1.79438,-0.02639,0.0
1.79438,0,0.0
1.79438,0.02639,0.0
1.79438,0.05278,0.0
1.79438,0.07916,0.0
1.79438,0.10555,0.0
1.79438,0.13194,0.0
1.79438,0.15833,0.0
1.79438,0.18472,0.0
1.79438,0.2111,0.0
1.79438,0.23749,0.0
1.79438,0.26388,0.0
1.79438,0.29027,0.0
1.79438,0.31665,0.0
1.79438,0.34304,0.0
1.79438,0.36943,0.0
1.79438,0.39582,0.0
1.79438,0.42221,0.0
1.79438,0.44859,0.0
1.79438,0.47498,0.0
1.79438,0.50137,0.0
1.79438,0.52776,0.0
1.79438,0.55415,0.0
1.79438,0.58053,0.0
1.79438,0.60692,0.0
1.79438,0.63331,0.0
1.82077,-0.63331,0.0
1.82077,-0.60692,0.0
1.82077,-0.58053,0.0
1.82077,-0.55415,0.0
1.82077,-0.52776,0.0
1.82077,-0.50137,0.0
1.82077,-0.47498,0.0
1.82077,-0.44859,0.0
1.82077,-0.42221,0.0
1.82077,-0.39582,0.0
1.82077,-0.36943,0.0
1.82077,-0.34304,0.0
1.82077,-0.31665,0.0
1.82077,-0.29027,0.0
1.82077,-0.26388,0.0
1.82077,-0.23749,0.0
1.82077,-0.2111,0.0
1.82077,-0.18472,0.0
1.82077,-0.15833,0.0
1.82077,-0.13194,0.0
1.82077,-0.10555,0.0
1.82077,-0.07916,0.0
1.82077,-0.05278,0.0
1.82077,-0.02639,0.0
1.82077,0,0.0
1.82077,0.02639,0.0
1.82077,0.05278,0.0
1.82077,0.07916,0.0
1.82077,0.10555,0.0
1.82077,0.13194,0.0
1.82077,0.15833,0.0
1.82077,0.18472,0.0
1.82077,0.2111,0.0
1.82077,0.23749,0.0
1.82077,0.26388,0.0
1.82077,0.29027,0.0
1.82077,0.31665,0.0
1.82077,0.34304,0.0
1.82077,0.36943,0.0
1.82077,0.39582,0.0
1.82077,0.42221,0.0
1.82077,0.44859,0.0
1.82077,0.47498,0.0
1.82077,0.50137,0.0
1.82077,0.52776,0.0
1.82077,0.55415,0.0
1.82077,0.58053,0.0
1.82077,0.60692,0.0
1.82077,0.63331,0.0
1.84715,-0.63331,0.0
1.84715,-0.60692,0.0
1.84715,-0.58053,0.0
1.84715,-0.55415,0.0
1.84715,-0.52776,0.0
1.84715,-0.50137,0.0
1.84715,-0.47498,0.0
1.84715,-0.44859,0.0
1.84715,-0.42221,0.0
1.84715,-0.39582,0.0
1.84715,-0.36943,0.0
1.84715,-0.34304,0.0
1.84715,-0.31665,0.0
1.84715,-0.29027,0.0
1.84715,-0.26388,0.0
1.84715,-0.23749,0.0
1.84715,-0.2111,0.0
1.84715,-0.18472,0.0
1.84715,-0.15833,0.0
1.84715,-0.13194,0.0
1.84715,-0.10555,0.0
1.84715,-0.07916,0.0
1.84715,-0.05278,0.0
1.84715,-0.02639,0.0
1.84715,0,0.0
1.84715,0.02639,0.0
1.84715,0.05278,0.0
1.84715,0.07916,0.0
1.84715,0.10555,0.0
1.84715,0.13194,0.0
1.84715,0.15833,0.0
1.84715,0.18472,0.0
1.84715,0.2111,0.0
1.84715,0.23749,0.0
1.84715,0.26388,0.0
1.84715,0.29027,0.0
1.84715,0.31665,0.0
1.84715,0.34304,0.0
1.84715,0.36943,0.0
1.84715,0.39582,0.0
1.84715,0.42221,0.0
1.84715,0.44859,0.0
1.84715,0.47498,0.0
1.84715,0.50137,0.0
1.84715,0.52776,0.0
1.84715,0.55415,0.0
1.84715,0.58053,0.0
1.84715,0.60692,0.0
1.84715,0.63331,0.0
1.87354,-0.63331,0.0
1.87354,-0.60692,0.0
1.87354,-0.58053,0.0
1.87354,-0.55415,0.0
1.87354,-0.52776,0.0
1.87354,-0.50137,0.0
1.87354,-0.47498,0.0
1.87354,-0.44859,0.0
1.87354,-0.42221,0.0
1.87354,-0.39582,0.0
1.87354,-0.36943,0.0
1.87354,-0.34304,0.0
1.87354,-0.31665,0.0
1.87354,-0.29027,0.0
1.87354,-0.26388,0.0
1.87354,-0.23749,0.0
1.87354,-0.2111,0.0
1.87354,-0.18472,0.0
1.87354,-0.15833,0.0
1.87354,-0.13194,0.0
1.87354,-0.10555,0.0
1.87354,-0.07916,0.0
1.87354,-0.05278,0.0
1.87354,-0.02639,0.0
1.87354,0,0.0
1.87354,0.02639,0.0
1.87354,0.05278,0.0
1.87354,0.07916,0.0
1.87354,0.10555,0.0
1.87354,0.13194,0.0
1.87354,0.15833,0.0
1.87354,0.18472,0.0
1.87354,0.2111,0.0
1.87354,0.23749,0.0
1.87354,0.26388,0.0
1.87354,0.29027,0.0
1.87354,0.31665,0.0
1.87354,0.34304,0.0
1.87354,0.36943,0.0
1.87354,0.39582,0.0
1.87354,0.42221,0.0
1.87354,0.44859,0.0
1.87354,0.47498,0.0
1.87354,0.50137,0.0
1.87354,0.52776,0.0
1.87354,0.55415,0.0
1.87354,0.58053,0.0
1.87354,0.60692,0.0
1.87354,0.63331,0.0
1.89993,-0.63331,0.0
1.89993,-0.60692,0.0
1.89993,-0.58053,0.0
1.89993,-0.55415,0.0
1.89993,-0.52776,0.0
1.89993,-0.50137,0.0
1.89993,-0.47498,0.0
1.89993,-0.44859,0.0
1.89993,-0.42221,0.0
1.89993,-0.39582,0.0
1.89993,-0.36943,0.0
1.89993,-0.34304,0.0
1.89993,-0.31665,0.0
1.89993,-0.29027,0.0
1.89993,-0.26388,0.0
1.89993,-0.23749,0.0
1.89993,-0.2111,0.0
1.89993,-0.18472,0.0
1.89993,-0.15833,0.0
1.89993,-0.13194,0.0
1.89993,-0.10555,0.0
1.89993,-0.07916,0.0
1.89993,-0.05278,0.0
1.89993,-0.02639,0.0
1.89993,0,0.0
1.89993,0.02639,0.0
1.89993,0.05278,0.0
1.89993,0.07916,0.0
1.89993,0.10555,0.0
1.89993,0.13194,0.0
1.89993,0.15833,0.0
1.89993,0.18472,0.0
1.89993,0.2111,0.0
1.89993,0.23749,0.0
1.89993,0.26388,0.0
1.89993,0.29027,0.0
1.89993,0.31665,0.0
1.89993,0.34304,0.0
1.89993,0.36943,0.0
1.89993,0.39582,0.0
1.89993,0.42221,0.0
1.89993,0.44859,0.0
1.89993,0.47498,0.0
1.89993,0.50137,0.0
1.89993,0.52776,0.0
1.89993,0.55415,0.0
1.89993,0.58053,0.0
1.89993,0.60692,0.0
1.89993,0.63331,0.0
1.92632,-0.63331,0.0
1.92632,-0.60692,0.0
1.92632,-0.58053,0.0
1.92632,-0.55415,0.0
1.92632,-0.52776,0.0
1.92632,-0.50137,0.0
1.92632,-0.47498,0.0
1.92632,-0.44859,0.0
1.92632,-0.42221,0.0
1.92632,-0.39582,0.0
1.92632,-0.36943,0.0
1.92632,-0.34304,0.0
1.92632,-0.31665,0.0
1.92632,-0.29027,0.0
1.92632,-0.26388,0.0
1.92632,-0.23749,0.0
1.92632,-0.2111,0.0
1.92632,-0.18472,0.0
1.92632,-0.15833,0.0
1.92632,-0.13194,0.0
1.92632,-0.10555,0.0
1.92632,-0.07916,0.0
1.92632,-0.05278,0.0
1.92632,-0.02639,0.0
1.92632,0,0.0
1.92632,0.02639,0.0
1.92632,0.05278,0.0
1.92632,0.07916,0.0
1.92632,0.10555,0.0
1.92632,0.13194,0.0
1.92632,0.15833,0.0
1.92632,0.18472,0.0
1.92632,0.2111,0.0
1.92632,0.23749,0.0
1.92632,0.26388,0.0
1.92632,0.29027,0.0
1.92632,0.31665,0.0
1.92632,0.34304,0.0
1.92632,0.36943,0.0
1.92632,0.39582,0.0
1.92632,0.42221,0.0
1.92632,0.44859,0.0
1.92632,0.47498,0.0
1.92632,0.50137,0.0
1.92632,0.52776,0.0
1.92632,0.55415,0.0
1.92632,0.58053,0.0
1.92632,0.60692,0.0
1.92632,0.63331,0.0
1.9527,-0.63331,0.0
1.9527,-0.60692,0.0
1.9527,-0.58053,0.0
1.9527,-0.55415,0.0
1.9527,-0.52776,0.0
1.9527,-0.50137,0.0
1.9527,-0.47498,0.0
1.9527,-0.44859,0.0
1.9527,-0.42221,0.0
1.9527,-0.39582,0.0
1.9527,-0.36943,0.0
1.9527,-0.34304,0.0
1.9527,-0.31665,0.0
1.9527,-0.29027,0.0
1.9527,-0.26388,0.0
1.9527,-0.23749,0.0
1.9527,-0.2111,0.0
1.9527,-0.18472,0.0
1.9527,-0.15833,0.0
1.9527,-0.13194,0.0
1.9527,-0.10555,0.0
1.9527,-0.07916,0.0
1.9527,-0.05278,0.0
1.9527,-0.02639,0.0
1.9527,0,0.0
1.9527,0.02639,0.0
1.9527,0.05278,0.0
1.9527,0.07916,0.0
1.9527,0.10555,0.0
1.9527,0.13194,0.0
1.9527,0.15833,0.0
1.9527,0.18472,0.0
1.9527,0.2111,0.0
1.9527,0.23749,0.0
1.9527,0.26388,0.0
1.9527,0.29027,0.0
1.9527,0.31665,0.0
1.9527,0.34304,0.0
1.9527,0.36943,0.0
1.9527,0.39582,0.0
1.9527,0.42221,0.0
1.9527,0.44859,0.0
1.9527,0.47498,0.0
1.9527,0.50137,0.0
1.9527,0.52776,0.0
1.9527,0.55415,0.0
1.9527,0.58053,0.0
1.9527,0.60692,0.0
1.9527,0.63331,0.0
1.97909,-0.63331,0.0
1.97909,-0.60692,0.0
1.97909,-0.58053,0.0
1.97909,-0.55415,0.0
1.97909,-0.52776,0.0
1.97909,-0.50137,0.0
1.97909,-0.47498,0.0
1.97909,-0.44859,0.0
1.97909,-0.42221,0.0
1.97909,-0.39582,0.0
1.97909,-0.36943,0.0
1.97909,-0.34304,0.0
1.97909,-0.31665,0.0
1.97909,-0.29027,0.0
1.97909,-0.26388,0.0
1.97909,-0.23749,0.0
1.97909,-0.2111,0.0
1.97909,-0.18472,0.0
1.97909,-0.15833,0.0
1.97909,-0.13194,0.0
1.97909,-0.10555,0.0
1.97909,-0.07916,0.0
1.97909,-0.05278,0.0
1.97909,-0.02639,0.0
1.97909,0,0.0
1.97909,0.02639,0.0
1.97909,0.05278,0.0
1.97909,0.07916,0.0
1.97909,0.10555,0.0
1.97909,0.13194,0.0
1.97909,0.15833,0.0
1.97909,0.18472,0.0
1.97909,0.2111,0.0
1.97909,0.23749,0.0
1.97909,0.26388,0.0
1.97909,0.29027,0.0
1.97909,0.31665,0.0
1.97909,0.34304,0.0
1.97909,0.36943,0.0
1.97909,0.39582,0.0
1.97909,0.42221,0.0
1.97909,0.44859,0.0
1.97909,0.47498,0.0
1.97909,0.50137,0.0
1.97909,0.52776,0.0
1.97909,0.55415,0.0
1.97909,0.58053,0.0
1.97909,0.60692,0.0
1.97909,0.63331,0.0
2.00548,-0.63331,0.0
2.00548,-0.60692,0.0
2.00548,-0.58053,0.0
2.00548,-0.55415,0.0
2.00548,-0.52776,0.0
2.00548,-0.50137,0.0
2.00548,-0.47498,0.0
2.00548,-0.44859,0.0
2.00548,-0.42221,0.0
2.00548,-0.39582,0.0
2.00548,-0.36943,0.0
2.00548,-0.34304,0.0
2.00548,-0.31665,0.0
2.00548,-0.29027,0.0
2.00548,-0.26388,0.0
2.00548,-0.23749,0.0
2.00548,-0.2111,0.0
2.00548,-0.18472,0.0
2.00548,-0.15833,0.0
2.00548,-0.13194,0.0
2.00548,-0.10555,0.0
2.00548,-0.07916,0.0
2.00548,-0.05278,0.0
2.00548,-0.02639,0.0
2.00548,0,0.0
2.00548,0.02639,0.0
2.00548,0.05278,0.0
2.00548,0.07916,0.0
2.00548,0.10555,0.0
2.00548,0.13194,0.0
2.00548,0.15833,0.0
2.00548,0.18472,0.0
2.00548,0.2111,0.0
2.00548,0.23749,0.0
2.00548,0.26388,0.0
2.00548,0.29027,0.0
2.00548,0.31665,0.0
2.00548,0.34304,0.0
2.00548,0.36943,0.0
2.00548,0.39582,0.0
2.00548,0.42221,0.0
2.00548,0.44859,0.0
2.00548,0.47498,0.0
2.00548,0.50137,0.0
2.00548,0.52776,0.0
2.00548,0.55415,0.0
2.00548,0.58053,0.0
2.00548,0.60692,0.0
2.00548,0.63331,0.0
2.03187,-0.63331,0.0
2.03187,-0.60692,0.0
2.03187,-0.58053,0.0
2.03187,-0.55415,0.0
2.03187,-0.52776,0.0
2.03187,-0.50137,0.0
2.03187,-0.47498,0.0
2.03187,-0.44859,0.0
2.03187,-0.42221,0.0
2.03187,-0.39582,0.0
2.03187,-0.36943,0.0
2.03187,-0.34304,0.0
2.03187,-0.31665,0.0
2.03187,-0.29027,0.0
2.03187,-0.26388,0.0
2.03187,-0.23749,0.0
2.03187,-0.2111,0.0
2.03187,-0.18472,0.0
2.03187,-0.15833,0.0
2.03187,-0.13194,0.0
2.03187,-0.10555,0.0
2.03187,-0.07916,0.0
2.03187,-0.05278,0.0
2.03187,-0.02639,0.0
2.03187,0,0.0
2.03187,0.02639,0.0
2.03187,0.05278,0.0
2.03187,0.07916,0.0
2.03187,0.10555,0.0
2.03187,0.13194,0.0
2.03187,0.15833,0.0
2.03187,0.18472,0.0
2.03187,0.2111,0.0
2.03187,0.23749,0.0
2.03187,0.26388,0.0
2.03187,0.29027,0.0
2.03187,0.31665,0.0
2.03187,0.34304,0.0
2.03187,0.36943,0.0
2.03187,0.39582,0.0
2.03187,0.42221,0.0
2.03187,0.44859,0.0
2.03187,0.47498,0.0
2.03187,0.50137,0.0
2.03187,0.52776,0.0
2.03187,0.55415,0.0
2.03187,0.58053,0.0
2.03187,0.60692,0.0
2.03187,0.63331,0.0
2.05826,-0.63331,0.0
2.05826,-0.60692,0.0
2.05826,-0.58053,0.0
2.05826,-0.55415,0.0
2.05826,-0.52776,0.0
2.05826,-0.50137,0.0
2.05826,-0.47498,0.0
2.05826,-0.44859,0.0
2.05826,-0.42221,0.0
2.05826,-0.39582,0.0
2.05826,-0.36943,0.0
2.05826,-0.34304,0.0
2.05826,-0.31665,0.0
2.05826,-0.29027,0.0
2.05826,-0.26388,0.0
2.05826,-0.23749,0.0
2.05826,-0.2111,0.0
2.05826,-0.18472,0.0
2.05826,-0.15833,0.0
2.05826,-0.13194,0.0
2.05826,-0.10555,0.0
2.05826,-0.07916,0.0
2.05826,-0.05278,0.0
2.05826,-0.02639,0.0
2.05826,0,0.0
2.05826,0.02639,0.0
2.05826,0.05278,0.0
2.05826,0.07916,0.0
2.05826,0.10555,0.0
2.05826,0.13194,0.0
2.05826,0.15833,0.0
2.05826,0.18472,0.0
2.05826,0.2111,0.0
2.05826,0.23749,0.0
2.05826,0.26388,0.0
2.05826,0.29027,0.0
2.05826,0.31665,0.0
2.05826,0.34304,0.0
2.05826,0.36943,0.0
2.05826,0.39582,0.0
2.05826,0.42221,0.0
2.05826,0.44859,0.0
2.05826,0.47498,0.0
2.05826,0.50137,0.0
2.05826,0.52776,0.0
2.05826,0.55415,0.0
2.05826,0.58053,0.0
2.05826,0.60692,0.0
2.05826,0.63331,0.0
2.08464,-0.63331,0.0
2.08464,-0.60692,0.0
2.08464,-0.58053,0.0
2.08464,-0.55415,0.0
2.08464,-0.52776,0.0
2.08464,-0.50137,0.0
2.08464,-0.47498,0.0
2.08464,-0.44859,0.0
2.08464,-0.42221,0.0
2.08464,-0.39582,0.0
2.08464,-0.36943,0.0
2.08464,-0.34304,0.0
2.08464,-0.31665,0.0
2.08464,-0.29027,0.0
2.08464,-0.26388,0.0
2.08464,-0.23749,0.0
2.08464,-0.2111,0.0
2.08464,-0.18472,0.0
2.08464,-0.15833,0.0
2.08464,-0.13194,0.0
2.08464,-0.10555,0.0
2.08464,-0.07916,0.0
2.08464,-0.05278,0.0
2.08464,-0.02639,0.0
2.08464,0,0.0
2.08464,0.02639,0.0
2.08464,0.05278,0.0
2.08464,0.07916,0.0
2.08464,0.10555,0.0
2.08464,0.13194,0.0
2.08464,0.15833,0.0
2.08464,0.18472,0.0
2.08464,0.2111,0.0
2.08464,0.23749,0.0
2.08464,0.26388,0.0
2.08464,0.29027,0.0
2.08464,0.31665,0.0
2.08464,0.34304,0.0
2.08464,0.36943,0.0
2.08464,0.39582,0.0
2.08464,0.42221,0.0
2.08464,0.44859,0.0
2.08464,0.47498,0.0
2.08464,0.50137,0.0
2.08464,0.52776,0.0
2.08464,0.55415,0.0
2.08464,0.58053,0.0
2.08464,0.60692,0.0
2.08464,0.63331,0.0
2.11103,-0.63331,0.0
2.11103,-0.60692,0.0
2.11103,-0.58053,0.0
2.11103,-0.55415,0.0
2.11103,-0.52776,0.0
2.11103,-0.50137,0.0
2.11103,-0.47498,0.0
2.11103,-0.44859,0.0
2.11103,-0.42221,0.0
2.11103,-0.39582,0.0
2.11103,-0.36943,0.0
2.11103,-0.34304,0.0
2.11103,-0.31665,0.0
2.11103,-0.29027,0.0
2.11103,-0.26388,0.0
2.11103,-0.23749,0.0
2.11103,-0.2111,0.0
2.11103,-0.18472,0.0
2.11103,-0.15833,0.0
2.11103,-0.13194,0.0
2.11103,-0.10555,0.0
2.11103,-0.07916,0.0
2.11103,-0.05278,0.0
2.11103,-0.02639,0.0
2.11103,0,0.0
2.11103,0.02639,0.0
2.11103,0.05278,0.0
2.11103,0.07916,0.0
2.11103,0.10555,0.0
2.11103,0.13194,0.0
2.11103,0.15833,0.0
2.11103,0.18472,0.0
2.11103,0.2111,0.0
2.11103,0.23749,0.0
2.11103,0.26388,0.0
2.11103,0.29027,0.0
2.11103,0.31665,0.0
2.11103,0.34304,0.0
2.11103,0.36943,0.0
2.11103,0.39582,0.0
2.11103,0.42221,0.0
2.11103,0.44859,0.0
2.11103,0.47498,0.0
2.11103,0.50137,0.0
2.11103,0.52776,0.0
2.11103,0.55415,0.0
2.11103,0.58053,0.0
2.11103,0.60692,0.0
2.11103,0.63331,0.0
2.13742,-0.63331,0.0
2.13742,-0.60692,0.0
2.13742,-0.58053,0.0
2.13742,-0.55415,0.0
2.13742,-0.52776,0.0
2.13742,-0.50137,0.0
2.13742,-0.47498,0.0
2.13742,-0.44859,0.0
2.13742,-0.42221,0.0
2.13742,-0.39582,0.0
2.13742,-0.36943,0.0
2.13742,-0.34304,0.0
2.13742,-0.31665,0.0
2.13742,-0.29027,0.0
2.13742,-0.26388,0.0
2.13742,-0.23749,0.0
2.13742,-0.2111,0.0
2.13742,-0.18472,0.0
2.13742,-0.15833,0.0
2.13742,-0.13194,0.0
2.13742,-0.10555,0.0
2.13742,-0.07916,0.0
2.13742,-0.05278,0.0
2.13742,-0.02639,0.0
2.13742,0,0.0
2.13742,0.02639,0.0
2.13742,0.05278,0.0
2.13742,0.07916,0.0
2.13742,0.10555,0.0
2.13742,0.13194,0.0
2.13742,0.15833,0.0
2.13742,0.18472,0.0
2.13742,0.2111,0.0
2.13742,0.23749,0.0
2.13742,0.26388,0.0
2.13742,0.29027,0.0
2.13742,0.31665,0.0
2.13742,0.34304,0.0
2.13742,0.36943,0.0
2.13742,0.39582,0.0
2.13742,0.42221,0.0
2.13742,0.44859,0.0
2.13742,0.47498,0.0
2.13742,0.50137,0.0
2.13742,0.52776,0.0
2.13742,0.55415,0.0
2.13742,0.58053,0.0
2.13742,0.60692,0.0
2.13742,0.63331,0.0
2.16381,-0.63331,0.0
2.16381,-0.60692,0.0
2.16381,-0.58053,0.0
2.16381,-0.55415,0.0
2.16381,-0.52776,0.0
2.16381,-0.50137,0.0
2.16381,-0.47498,0.0
2.16381,-0.44859,0.0
2.16381,-0.42221,0.0
2.16381,-0.39582,0.0
2.16381,-0.36943,0.0
2.16381,-0.34304,0.0
2.16381,-0.31665,0.0
2.16381,-0.29027,0.0
2.16381,-0.26388,0.0
2.16381,-0.23749,0.0
2.16381,-0.2111,0.0
2.16381,-0.18472,0.0
2.16381,-0.15833,0.0
2.16381,-0.13194,0.0
2.16381,-0.10555,0.0
2.16381,-0.07916,0.0
2.16381,-0.05278,0.0
2.16381,-0.02639,0.0
2.16381,0,0.0
2.16381,0.02639,0.0
2.16381,0.05278,0.0
2.16381,0.07916,0.0
2.16381,0.10555,0.0
2.16381,0.13194,0.0
2.16381,0.15833,0.0
2.16381,0.18472,0.0
2.16381,0.2111,0.0
2.16381,0.23749,0.0
2.16381,0.26388,0.0
2.16381,0.29027,0.0
2.16381,0.31665,0.0
2.16381,0.34304,0.0
2.16381,0.36943,0.0
2.16381,0.39582,0.0
2.16381,0.42221,0.0
2.16381,0.44859,0.0
2.16381,0.47498,0.0
2.16381,0.50137,0.0
2.16381,0.52776,0.0
2.16381,0.55415,0.0
2.16381,0.58053,0.0
2.16381,0.60692,0.0
2.16381,0.63331,0.0
2.1902,-0.63331,0.0
2.1902,-0.60692,0.0
2.1902,-0.58053,0.0
2.1902,-0.55415,0.0
2.1902,-0.52776,0.0
2.1902,-0.50137,0.0
2.1902,-0.47498,0.0
2.1902,-0.44859,0.0
2.1902,-0.42221,0.0
2.1902,-0.39582,0.0
2.1902,-0.36943,0.0
2.1902,-0.34304,0.0
2.1902,-0.31665,0.0
2.1902,-0.29027,0.0
2.1902,-0.26388,0.0
2.1902,-0.23749,0.0
2.1902,-0.2111,0.0
2.1902,-0.18472,0.0
2.1902,-0.15833,0.0
2.1902,-0.13194,0.0
2.1902,-0.10555,0.0
2.1902,-0.07916,0.0
2.1902,-0.05278,0.0
2.1902,-0.02639,0.0
2.1902,0,0.0
2.1902,0.02639,0.0
2.1902,0.05278,0.0
2.1902,0.07916,0.0
2.1902,0.10555,0.0
2.1902,0.13194,0.0
2.1902,0.15833,0.0
2.1902,0.18472,0.0
2.1902,0.2111,0.0
2.1902,0.23749,0.0
2.1902,0.26388,0.0
2.1902,0.29027,0.0
2.1902,0.31665,0.0
2.1902,0.34304,0.0
2.1902,0.36943,0.0
2.1902,0.39582,0.0
2.1902,0.42221,0.0
2.1902,0.44859,0.0
2.1902,0.47498,0.0
2.1902,0.50137,0.0
2.1902,0.52776,0.0
2.1902,0.55415,0.0
2.1902,0.58053,0.0
2.1902,0.60692,0.0
2.1902,0.63331,0.0
2.21658,-0.63331,0.0
2.21658,-0.60692,0.0
2.21658,-0.58053,0.0
2.21658,-0.55415,0.0
2.21658,-0.52776,0.0
2.21658,-0.50137,0.0
2.21658,-0.47498,0.0
2.21658,-0.44859,0.0
2.21658,-0.42221,0.0
2.21658,-0.39582,0.0
2.21658,-0.36943,0.0
2.21658,-0.34304,0.0
2.21658,-0.31665,0.0
2.21658,-0.29027,0.0
2.21658,-0.26388,0.0
2.21658,-0.23749,0.0
2.21658,-0.2111,0.0
2.21658,-0.18472,0.0
2.21658,-0.15833,0.0
2.21658,-0.13194,0.0
2.21658,-0.10555,0.0
2.21658,-0.07916,0.0
2.21658,-0.05278,0.0
2.21658,-0.02639,0.0
2.21658,0,0.0
2.21658,0.02639,0.0
2.21658,0.05278,0.0
2.21658,0.07916,0.0
2.21658,0.10555,0.0
2.21658,0.13194,0.0
2.21658,0.15833,0.0
2.21658,0.18472,0.0
2.21658,0.2111,0.0
2.21658,0.23749,0.0
2.21658,0.26388,0.0
2.21658,0.29027,0.0
2.21658,0.31665,0.0
2.21658,0.34304,0.0
2.21658,0.36943,0.0
2.21658,0.39582,0.0
2.21658,0.42221,0.0
2.21658,0.44859,0.0
2.21658,0.47498,0.0
2.21658,0.50137,0.0
2.21658,0.52776,0.0
2.21658,0.55415,0.0
2.21658,0.58053,0.0
2.21658,0.60692,0.0
2.21658,0.63331,0.0
2.24297,-0.63331,0.0
2.24297,-0.60692,0.0
2.24297,-0.58053,0.0
2.24297,-0.55415,0.0
2.24297,-0.52776,0.0
2.24297,-0.50137,0.0
2.24297,-0.47498,0.0
2.24297,-0.44859,0.0
2.24297,-0.42221,0.0
2.24297,-0.39582,0.0
2.24297,-0.36943,0.0
2.24297,-0.34304,0.0
2.24297,-0.31665,0.0
2.24297,-0.29027,0.0
2.24297,-0.26388,0.0
2.24297,-0.23749,0.0
2.24297,-0.2111,0.0
2.24297,-0.18472,0.0
2.24297,-0.15833,0.0
2.24297,-0.13194,0.0
2.24297,-0.10555,0.0
2.24297,-0.07916,0.0
2.24297,-0.05278,0.0
2.24297,-0.02639,0.0
2.24297,0,0.0
2.24297,0.02639,0.0
2.24297,0.05278,0.0
2.24297,0.07916,0.0
2.24297,0.10555,0.0
2.24297,0.13194,0.0
2.24297,0.15833,0.0
2.24297,0.18472,0.0
2.24297,0.2111,0.0
2.24297,0.23749,0.0
2.24297,0.26388,0.0
2.24297,0.29027,0.0
2.24297,0.31665,0.0
2.24297,0.34304,0.0
2.24297,0.36943,0.0
2.24297,0.39582,0.0
2.24297,0.42221,0.0
2.24297,0.44859,0.0
2.24297,0.47498,0.0
2.24297,0.50137,0.0
2.24297,0.52776,0.0
2.24297,0.55415,0.0
2.24297,0.58053,0.0
2.24297,0.60692,0.0
2.24297,0.63331,0.0
2.26936,-0.63331,0.0
2.26936,-0.60692,0.0
2.26936,-0.58053,0.0
2.26936,-0.55415,0.0
2.26936,-0.52776,0.0
2.26936,-0.50137,0.0
2.26936,-0.47498,0.0
2.26936,-0.44859,0.0
2.26936,-0.42221,0.0
2.26936,-0.39582,0.0
2.26936,-0.36943,0.0
2.26936,-0.34304,0.0
2.26936,-0.31665,0.0
2.26936,-0.29027,0.0
2.26936,-0.26388,0.0
2.26936,-0.23749,0.0
2.26936,-0.2111,0.0
2.26936,-0.18472,0.0
2.26936,-0.15833,0.0
2.26936,-0.13194,0.0
2.26936,-0.10555,0.0
2.26936,-0.07916,0.0
2.26936,-0.05278,0.0
2.26936,-0.02639,0.0
2.26936,0,0.0
2.26936,0.02639,0.0
2.26936,0.05278,0.0
2.26936,0.07916,0.0
2.26936,0.10555,0.0
2.26936,0.13194,0.0
2.26936,0.15833,0.0
2.26936,0.18472,0.0
2.26936,0.2111,0.0
2.26936,0.23749,0.0
2.26936,0.26388,0.0
2.26936,0.29027,0.0
2.26936,0.31665,0.0
2.26936,0.34304,0.0
2.26936,0.36943,0.0
2.26936,0.39582,0.0
2.26936,0.42221,0.0
2.26936,0.44859,0.0
2.26936,0.47498,0.0
2.26936,0.50137,0.0
2.26936,0.52776,0.0
2.26936,0.55415,0.0
2.26936,0.58053,0.0
2.26936,0.60692,0.0
2.26936,0.63331,0.0
2.29575,-0.63331,0.0
2.29575,-0.60692,0.0
2.29575,-0.58053,0.0
2.29575,-0.55415,0.0
2.29575,-0.52776,0.0
2.29575,-0.50137,0.0
2.29575,-0.47498,0.0
2.29575,-0.44859,0.0
2.29575,-0.42221,0.0
2.29575,-0.39582,0.0
2.29575,-0.36943,0.0
2.29575,-0.34304,0.0
2.29575,-0.31665,0.0
2.29575,-0.29027,0.0
2.29575,-0.26388,0.0
2.29575,-0.23749,0.0
2.29575,-0.2111,0.0
2.29575,-0.18472,0.0
2.29575,-0.15833,0.0
2.29575,-0.13194,0.0
2.29575,-0.10555,0.0
2.29575,-0.07916,0.0
2.29575,-0.05278,0.0
2.29575,-0.02639,0.0
2.29575,0,0.0
2.29575,0.02639,0.0
2.29575,0.05278,0.0
2.29575,0.07916,0.0
2.29575,0.10555,0.0
2.29575,0.13194,0.0
2.29575,0.15833,0.0
2.29575,0.18472,0.0
2.29575,0.2111,0.0
2.29575,0.23749,0.0
2.29575,0.26388,0.0
2.29575,0.29027,0.0
2.29575,0.31665,0.0
2.29575,0.34304,0.0
2.29575,0.36943,0.0
2.29575,0.39582,0.0
2.29575,0.42221,0.0
2.29575,0.44859,0.0
2.29575,0.47498,0.0
2.29575,0.50137,0.0
2.29575,0.52776,0.0
2.29575,0.55415,0.0
2.29575,0.58053,0.0
2.29575,0.60692,0.0
2.29575,0.63331,0.0
2.32214,-0.63331,0.0
2.32214,-0.60692,0.0
2.32214,-0.58053,0.0
2.32214,-0.55415,0.0
2.32214,-0.52776,0.0
2.32214,-0.50137,0.0
2.32214,-0.47498,0.0
2.32214,-0.44859,0.0
2.32214,-0.42221,0.0
2.32214,-0.39582,0.0
2.32214,-0.36943,0.0
2.32214,-0.34304,0.0
2.32214,-0.31665,0.0
2.32214,-0.29027,0.0
2.32214,-0.26388,0.0
2.32214,-0.23749,0.0
2.32214,-0.2111,0.0
2.32214,-0.18472,0.0
2.32214,-0.15833,0.0
2.32214,-0.13194,0.0
2.32214,-0.10555,0.0
2.32214,-0.07916,0.0
2.32214,-0.05278,0.0
2.32214,-0.02639,0.0
2.32214,0,0.0
2.32214,0.02639,0.0
2.32214,0.05278,0.0
2.32214,0.07916,0.0
2.32214,0.10555,0.0
2.32214,0.13194,0.0
2.32214,0.15833,0.0
2.32214,0.18472,0.0
2.32214,0.2111,0.0
2.32214,0.23749,0.0
2.32214,0.26388,0.0
2.32214,0.29027,0.0
2.32214,0.31665,0.0
2.32214,0.34304,0.0
2.32214,0.36943,0.0
2.32214,0.39582,0.0
2.32214,0.42221,0.0
2.32214,0.44859,0.0
2.32214,0.47498,0.0
2.32214,0.50137,0.0
2.32214,0.52776,0.0
2.32214,0.55415,0.0
2.32214,0.58053,0.0
2.32214,0.60692,0.0
2.32214,0.63331,0.0
2.34852,-0.63331,0.0
2.34852,-0.60692,0.0
2.34852,-0.58053,0.0
2.34852,-0.55415,0.0
2.34852,-0.52776,0.0
2.34852,-0.50137,0.0
2.34852,-0.47498,0.0
2.34852,-0.44859,0.0
2.34852,-0.42221,0.0
2.34852,-0.39582,0.0
2.34852,-0.36943,0.0
2.34852,-0.34304,0.0
2.34852,-0.31665,0.0
2.34852,-0.29027,0.0
2.34852,-0.26388,0.0
2.34852,-0.23749,0.0
2.34852,-0.2111,0.0
2.34852,-0.18472,0.0
2.34852,-0.15833,0.0
2.34852,-0.13194,0.0
2.34852,-0.10555,0.0
2.34852,-0.07916,0.0
2.34852,-0.05278,0.0
2.34852,-0.02639,0.0
2.34852,0,0.0
2.34852,0.02639,0.0
2.34852,0.05278,0.0
2.34852,0.07916,0.0
2.34852,0.10555,0.0
2.34852,0.13194,0.0
2.34852,0.15833,0.0
2.34852,0.18472,0.0
2.34852,0.2111,0.0
2.34852,0.23749,0.0
2.34852,0.26388,0.0
2.34852,0.29027,0.0
2.34852,0.31665,0.0
2.34852,0.34304,0.0
2.34852,0.36943,0.0
2.34852,0.39582,0.0
2.34852,0.42221,0.0
2.34852,0.44859,0.0
2.34852,0.47498,0.0
2.34852,0.50137,0.0
2.34852,0.52776,0.0
2.34852,0.55415,0.0
2.34852,0.58053,0.0
2.34852,0.60692,0.0
2.34852,0.63331,0.0
2.37491,-0.63331,0.0
2.37491,-0.60692,0.0
2.37491,-0.58053,0.0
2.37491,-0.55415,0.0
2.37491,-0.52776,0.0
2.37491,-0.50137,0.0
2.37491,-0.47498,0.0
2.37491,-0.44859,0.0
2.37491,-0.42221,0.0
2.37491,-0.39582,0.0
2.37491,-0.36943,0.0
2.37491,-0.34304,0.0
2.37491,-0.31665,0.0
2.37491,-0.29027,0.0
2.37491,-0.26388,0.0
2.37491,-0.23749,0.0
2.37491,-0.2111,0.0
2.37491,-0.18472,0.0
2.37491,-0.15833,0.0
2.37491,-0.13194,0.0
2.37491,-0.10555,0.0
2.37491,-0.07916,0.0
2.37491,-0.05278,0.0
2.37491,-0.02639,0.0
2.37491,0,0.0
2.37491,0.02639,0.0
2.37491,0.05278,0.0
2.37491,0.07916,0.0
2.37491,0.10555,0.0
2.37491,0.13194,0.0
2.37491,0.15833,0.0
2.37491,0.18472,0.0
2.37491,0.2111,0.0
2.37491,0.23749,0.0
2.37491,0.26388,0.0
2.37491,0.29027,0.0
2.37491,0.31665,0.0
2.37491,0.34304,0.0
2.37491,0.36943,0.0
2.37491,0.39582,0.0
2.37491,0.42221,0.0
2.37491,0.44859,0.0
2.37491,0.47498,0.0
2.37491,0.50137,0.0
2.37491,0.52776,0.0
2.37491,0.55415,0.0
2.37491,0.58053,0.0
2.37491,0.60692,0.0
2.37491,0.63331,0.0
2.4013,-0.63331,0.0
2.4013,-0.60692,0.0
2.4013,-0.58053,0.0
2.4013,-0.55415,0.0
2.4013,-0.52776,0.0
2.4013,-0.50137,0.0
2.4013,-0.47498,0.0
2.4013,-0.44859,0.0
2.4013,-0.42221,0.0
2.4013,-0.39582,0.0
2.4013,-0.36943,0.0
2.4013,-0.34304,0.0
2.4013,-0.31665,0.0
2.4013,-0.29027,0.0
2.4013,-0.26388,0.0
2.4013,-0.23749,0.0
2.4013,-0.2111,0.0
2.4013,-0.18472,0.0
2.4013,-0.15833,0.0
2.4013,-0.13194,0.0
2.4013,-0.10555,0.0
2.4013,-0.07916,0.0
2.4013,-0.05278,0.0
2.4013,-0.02639,0.0
2.4013,0,0.0
2.4013,0.02639,0.0
2.4013,0.05278,0.0
2.4013,0.07916,0.0
2.4013,0.10555,0.0
2.4013,0.13194,0.0
2.4013,0.15833,0.0
2.4013,0.18472,0.0
2.4013,0.2111,0.0
2.4013,0.23749,0.0
2.4013,0.26388,0.0
2.4013,0.29027,0.0
2.4013,0.31665,0.0
2.4013,0.34304,0.0
2.4013,0.36943,0.0
2.4013,0.39582,0.0
2.4013,0.42221,0.0
2.4013,0.44859,0.0
2.4013,0.47498,0.0
2.4013,0.50137,0.0
2.4013,0.52776,0.0
2.4013,0.55415,0.0
2.4013,0.58053,0.0
2.4013,0.60692,0.0
2.4013,0.63331,0.0
2.42769,-0.63331,0.0
2.42769,-0.60692,0.0
2.42769,-0.58053,0.0
2.42769,-0.55415,0.0
2.42769,-0.52776,0.0
2.42769,-0.50137,0.0
2.42769,-0.47498,0.0
2.42769,-0.44859,0.0
2.42769,-0.42221,0.0
2.42769,-0.39582,0.0
2.42769,-0.36943,0.0
2.42769,-0.34304,0.0
2.42769,-0.31665,0.0
2.42769,-0.29027,0.0
2.42769,-0.26388,0.0
2.42769,-0.23749,0.0
2.42769,-0.2111,0.0
2.42769,-0.18472,0.0
2.42769,-0.15833,0.0
2.42769,-0.13194,0.0
2.42769,-0.10555,0.0
2.42769,-0.07916,0.0
2.42769,-0.05278,0.0
2.42769,-0.02639,0.0
2.42769,0,0.0
2.42769,0.02639,0.0
2.42769,0.05278,0.0
2.42769,0.07916,0.0
2.42769,0.10555,0.0
2.42769,0.13194,0.0
2.42769,0.15833,0.0
2.42769,0.18472,0.0
2.42769,0.2111,0.0
2.42769,0.23749,0.0
2.42769,0.26388,0.0
2.42769,0.29027,0.0
2.42769,0.31665,0.0
2.42769,0.34304,0.0
2.42769,0.36943,0.0
2.42769,0.39582,0.0
2.42769,0.42221,0.0
2.42769,0.44859,0.0
2.42769,0.47498,0.0
2.42769,0.50137,0.0
2.42769,0.52776,0.0
2.42769,0.55415,0.0
2.42769,0.58053,0.0
2.42769,0.60692,0.0
2.42769,0.63331,0.0
2.45407,-0.63331,0.0
2.45407,-0.60692,0.0
2.45407,-0.58053,0.0
2.45407,-0.55415,0.0
2.45407,-0.52776,0.0
2.45407,-0.50137,0.0
2.45407,-0.47498,0.0
2.45407,-0.44859,0.0
2.45407,-0.42221,0.0
2.45407,-0.39582,0.0
2.45407,-0.36943,0.0
2.45407,-0.34304,0.0
2.45407,-0.31665,0.0
2.45407,-0.29027,0.0
2.45407,-0.26388,0.0
2.45407,-0.23749,0.0
2.45407,-0.2111,0.0
2.45407,-0.18472,0.0
2.45407,-0.15833,0.0
2.45407,-0.13194,0.0
2.45407,-0.10555,0.0
2.45407,-0.07916,0.0
2.45407,-0.05278,0.0
2.45407,-0.02639,0.0
2.45407,0,0.0
2.45407,0.02639,0.0
2.45407,0.05278,0.0
2.45407,0.07916,0.0
2.45407,0.10555,0.0
2.45407,0.13194,0.0
2.45407,0.15833,0.0
2.45407,0.18472,0.0
2.45407,0.2111,0.0
2.45407,0.23749,0.0
2.45407,0.26388,0.0
2.45407,0.29027,0.0
2.45407,0.31665,0.0
2.45407,0.34304,0.0
2.45407,0.36943,0.0
2.45407,0.39582,0.0
2.45407,0.42221,0.0
2.45407,0.44859,0.0
2.45407,0.47498,0.0
2.45407,0.50137,0.0
2.45407,0.52776,0.0
2.45407,0.55415,0.0
2.45407,0.58053,0.0
2.45407,0.60692,0.0
2.45407,0.63331,0.0
2.48046,-0.63331,0.0
2.48046,-0.60692,0.0
2.48046,-0.58053,0.0
2.48046,-0.55415,0.0
2.48046,-0.52776,0.0
2.48046,-0.50137,0.0
2.48046,-0.47498,0.0
2.48046,-0.44859,0.0
2.48046,-0.42221,0.0
2.48046,-0.39582,0.0
2.48046,-0.36943,0.0
2.48046,-0.34304,0.0
2.48046,-0.31665,0.0
2.48046,-0.29027,0.0
2.48046,-0.26388,0.0
2.48046,-0.23749,0.0
2.48046,-0.2111,0.0
2.48046,-0.18472,0.0
2.48046,-0.15833,0.0
2.48046,-0.13194,0.0
2.48046,-0.10555,0.0
2.48046,-0.07916,0.0
2.48046,-0.05278,0.0
2.48046,-0.02639,0.0
2.48046,0,0.0
2.48046,0.02639,0.0
2.48046,0.05278,0.0
2.48046,0.07916,0.0
2.48046,0.10555,0.0
2.48046,0.13194,0.0
2.48046,0.15833,0.0
2.48046,0.18472,0.0
2.48046,0.2111,0.0
2.48046,0.23749,0.0
2.48046,0.26388,0.0
2.48046,0.29027,0.0
2.48046,0.31665,0.0
2.48046,0.34304,0.0
2.48046,0.36943,0.0
2.48046,0.39582,0.0
2.48046,0.42221,0.0
2.48046,0.44859,0.0
2.48046,0.47498,0.0
2.48046,0.50137,0.0
2.48046,0.52776,0.0
2.48046,0.55415,0.0
2.48046,0.58053,0.0
2.48046,0.60692,0.0
2.48046,0.63331,0.0
2.50685,-0.63331,0.0
2.50685,-0.60692,0.0
2.50685,-0.58053,0.0
2.50685,-0.55415,0.0
2.50685,-0.52776,0.0
2.50685,-0.50137,0.0
2.50685,-0.47498,0.0
2.50685,-0.44859,0.0
2.50685,-0.42221,0.0
2.50685,-0.39582,0.0
2.50685,-0.36943,0.0
2.50685,-0.34304,0.0
2.50685,-0.31665,0.0
2.50685,-0.29027,0.0
2.50685,-0.26388,0.0
2.50685,-0.23749,0.0
2.50685,-0.2111,0.0
2.50685,-0.18472,0.0
2.50685,-0.15833,0.0
2.50685,-0.13194,0.0
2.50685,-0.10555,0.0
2.50685,-0.07916,0.0
2.50685,-0.05278,0.0
2.50685,-0.02639,0.0
2.50685,0,0.0
2.50685,0.02639,0.0
2.50685,0.05278,0.0
2.50685,0.07916,0.0
2.50685,0.10555,0.0
2.50685,0.13194,0.0
2.50685,0.15833,0.0
2.50685,0.18472,0.0
2.50685,0.2111,0.0
2.50685,0.23749,0.0
2.50685,0.26388,0.0
2.50685,0.29027,0.0
2.50685,0.31665,0.0
2.50685,0.34304,0.0
2.50685,0.36943,0.0
2.50685,0.39582,0.0
2.50685,0.42221,0.0
2.50685,0.44859,0.0
2.50685,0.47498,0.0
2.50685,0.50137,0.0
2.50685,0.52776,0.0
2.50685,0.55415,0.0
2.50685,0.58053,0.0
2.50685,0.60692,0.0
2.50685,0.63331,0.0
2.53324,-0.63331,0.0
2.53324,-0.60692,0.0
2.53324,-0.58053,0.0
2.53324,-0.55415,0.0
2.53324,-0.52776,0.0
2.53324,-0.50137,0.0
2.53324,-0.47498,0.0
2.53324,-0.44859,0.0
2.53324,-0.42221,0.0
2.53324,-0.39582,0.0
2.53324,-0.36943,0.0
2.53324,-0.34304,0.0
2.53324,-0.31665,0.0
2.53324,-0.29027,0.0
2.53324,-0.26388,0.0
2.53324,-0.23749,0.0
2.53324,-0.2111,0.0
2.53324,-0.18472,0.0
2.53324,-0.15833,0.0
2.53324,-0.13194,0.0
2.53324,-0.10555,0.0
2.53324,-0.07916,0.0
2.53324,-0.05278,0.0
2.53324,-0.02639,0.0
2.53324,0,0.0
2.53324,0.02639,0.0
2.53324,0.05278,0.0
2.53324,0.07916,0.0
2.53324,0.10555,0.0
2.53324,0.13194,0.0
2.53324,0.15833,0.0
2.53324,0.18472,0.0
2.53324,0.2111,0.0
2.53324,0.23749,0.0
2.53324,0.26388,0.0
2.53324,0.29027,0.0
2.53324,0.31665,0.0
2.53324,0.34304,0.0
2.53324,0.36943,0.0
2.53324,0.39582,0.0
2.53324,0.42221,0.0
2.53324,0.44859,0.0
2.53324,0.47498,0.0
2.53324,0.50137,0.0
2.53324,0.52776,0.0
2.53324,0.55415,0.0
2.53324,0.58053,0.0
2.53324,0.60692,0.0
2.53324,0.63331,0.0
2.55963,-0.63331,0.0
2.55963,-0.60692,0.0
2.55963,-0.58053,0.0
2.55963,-0.55415,0.0
2.55963,-0.52776,0.0
2.55963,-0.50137,0.0
2.55963,-0.47498,0.0
2.55963,-0.44859,0.0
2.55963,-0.42221,0.0
2.55963,-0.39582,0.0
2.55963,-0.36943,0.0
2.55963,-0.34304,0.0
2.55963,-0.31665,0.0
2.55963,-0.29027,0.0
2.55963,-0.26388,0.0
2.55963,-0.23749,0.0
2.55963,-0.2111,0.0
2.55963,-0.18472,0.0
2.55963,-0.15833,0.0
2.55963,-0.13194,0.0
2.55963,-0.10555,0.0
2.55963,-0.07916,0.0
2.55963,-0.05278,0.0
2.55963,-0.02639,0.0
2.55963,0,0.0
2.55963,0.02639,0.0
2.55963,0.05278,0.0
2.55963,0.07916,0.0
2.55963,0.10555,0.0
2.55963,0.13194,0.0
2.55963,0.15833,0.0
2.55963,0.18472,0.0
2.55963,0.2111,0.0
2.55963,0.23749,0.0
2.55963,0.26388,0.0
2.55963,0.29027,0.0
2.55963,0.31665,0.0
2.55963,0.34304,0.0
2.55963,0.36943,0.0
2.55963,0.39582,0.0
2.55963,0.42221,0.0
2.55963,0.44859,0.0
2.55963,0.47498,0.0
2.55963,0.50137,0.0
2.55963,0.52776,0.0
2.55963,0.55415,0.0
2.55963,0.58053,0.0
2.55963,0.60692,0.0
2.55963,0.63331,0.0
2.58601,-0.63331,0.0
2.58601,-0.60692,0.0
2.58601,-0.58053,0.0
2.58601,-0.55415,0.0
2.58601,-0.52776,0.0
2.58601,-0.50137,0.0
2.58601,-0.47498,0.0
2.58601,-0.44859,0.0
2.58601,-0.42221,0.0
2.58601,-0.39582,0.0
2.58601,-0.36943,0.0
2.58601,-0.34304,0.0
2.58601,-0.31665,0.0
2.58601,-0.29027,0.0
2.58601,-0.26388,0.0
2.58601,-0.23749,0.0
2.58601,-0.2111,0.0
2.58601,-0.18472,0.0
2.58601,-0.15833,0.0
2.58601,-0.13194,0.0
2.58601,-0.10555,0.0
2.58601,-0.07916,0.0
2.58601,-0.05278,0.0
2.58601,-0.02639,0.0
2.58601,0,0.0
2.58601,0.02639,0.0
2.58601,0.05278,0.0
2.58601,0.07916,0.0
2.58601,0.10555,0.0
2.58601,0.13194,0.0
2.58601,0.15833,0.0
2.58601,0.18472,0.0
2.58601,0.2111,0.0
2.58601,0.23749,0.0
2.58601,0.26388,0.0
2.58601,0.29027,0.0
2.58601,0.31665,0.0
2.58601,0.34304,0.0
2.58601,0.36943,0.0
2.58601,0.39582,0.0
2.58601,0.42221,0.0
2.58601,0.44859,0.0
2.58601,0.47498,0.0
2.58601,0.50137,0.0
2.58601,0.52776,0.0
2.58601,0.55415,0.0
2.58601,0.58053,0.0
2.58601,0.60692,0.0
2.58601,0.63331,0.0
2.6124,-0.63331,0.0
2.6124,-0.60692,0.0
2.6124,-0.58053,0.0
2.6124,-0.55415,0.0
2.6124,-0.52776,0.0
2.6124,-0.50137,0.0
2.6124,-0.47498,0.0
2.6124,-0.44859,0.0
2.6124,-0.42221,0.0
2.6124,-0.39582,0.0
2.6124,-0.36943,0.0
2.6124,-0.34304,0.0
2.6124,-0.31665,0.0
2.6124,-0.29027,0.0
2.6124,-0.26388,0.0
2.6124,-0.23749,0.0
2.6124,-0.2111,0.0
2.6124,-0.18472,0.0
2.6124,-0.15833,0.0
2.6124,-0.13194,0.0
2.6124,-0.10555,0.0
2.6124,-0.07916,0.0
2.6124,-0.05278,0.0
2.6124,-0.02639,0.0
2.6124,0,0.0
2.6124,0.02639,0.0
2.6124,0.05278,0.0
2.6124,0.07916,0.0
2.6124,0.10555,0.0
2.6124,0.13194,0.0
2.6124,0.15833,0.0
2.6124,0.18472,0.0
2.6124,0.2111,0.0
2.6124,0.23749,0.0
2.6124,0.26388,0.0
2.6124,0.29027,0.0
2.6124,0.31665,0.0
2.6124,0.34304,0.0
2.6124,0.36943,0.0
2.6124,0.39582,0.0
2.6124,0.42221,0.0
2.6124,0.44859,0.0
2.6124,0.47498,0.0
2.6124,0.50137,0.0
2.6124,0.52776,0.0
2.6124,0.55415,0.0
2.6124,0.58053,0.0
2.6124,0.60692,0.0
2.6124,0.63331,0.0
2.63879,-0.63331,0.0
2.63879,-0.60692,0.0
2.63879,-0.58053,0.0
2.63879,-0.55415,0.0
2.63879,-0.52776,0.0
2.63879,-0.50137,0.0
2.63879,-0.47498,0.0
2.63879,-0.44859,0.0
2.63879,-0.42221,0.0
2.63879,-0.39582,0.0
2.63879,-0.36943,0.0
2.63879,-0.34304,0.0
2.63879,-0.31665,0.0
2.63879,-0.29027,0.0
2.63879,-0.26388,0.0
2.63879,-0.23749,0.0
2.63879,-0.2111,0.0
2.63879,-0.18472,0.0
2.63879,-0.15833,0.0
2.63879,-0.13194,0.0
2.63879,-0.10555,0.0
2.63879,-0.07916,0.0
2.63879,-0.05278,0.0
2.63879,-0.02639,0.0
2.63879,0,0.0
2.63879,0.02639,0.0
2.63879,0.05278,0.0
2.63879,0.07916,0.0
2.63879,0.10555,0.0
2.63879,0.13194,0.0
2.63879,0.15833,0.0
2.63879,0.18472,0.0
2.63879,0.2111,0.0
2.63879,0.23749,0.0
2.63879,0.26388,0.0
2.63879,0.29027,0.0
2.63879,0.31665,0.0
2.63879,0.34304,0.0
2.63879,0.36943,0.0
2.63879,0.39582,0.0
2.63879,0.42221,0.0
2.63879,0.44859,0.0
2.63879,0.47498,0.0
2.63879,0.50137,0.0
2.63879,0.52776,0.0
2.63879,0.55415,0.0
2.63879,0.58053,0.0
2.63879,0.60692,0.0
2.63879,0.63331,0.0
2.66518,-0.63331,0.0
2.66518,-0.60692,0.0
2.66518,-0.58053,0.0
2.66518,-0.55415,0.0
2.66518,-0.52776,0.0
2.66518,-0.50137,0.0
2.66518,-0.47498,0.0
2.66518,-0.44859,0.0
2.66518,-0.42221,0.0
2.66518,-0.39582,0.0
2.66518,-0.36943,0.0
2.66518,-0.34304,0.0
2.66518,-0.31665,0.0
2.66518,-0.29027,0.0
2.66518,-0.26388,0.0
2.66518,-0.23749,0.0
2.66518,-0.2111,0.0
2.66518,-0.18472,0.0
2.66518,-0.15833,0.0
2.66518,-0.13194,0.0
2.66518,-0.10555,0.0
2.66518,-0.07916,0.0
2.66518,-0.05278,0.0
2.66518,-0.02639,0.0
2.66518,0,0.0
2.66518,0.02639,0.0
2.66518,0.05278,0.0
2.66518,0.07916,0.0
2.66518,0.10555,0.0
2.66518,0.13194,0.0
2.66518,0.15833,0.0
2.66518,0.18472,0.0
2.66518,0.2111,0.0
2.66518,0.23749,0.0
2.66518,0.26388,0.0
2.66518,0.29027,0.0
2.66518,0.31665,0.0
2.66518,0.34304,0.0
2.66518,0.36943,0.0
2.66518,0.39582,0.0
2.66518,0.42221,0.0
2.66518,0.44859,0.0
2.66518,0.47498,0.0
2.66518,0.50137,0.0
2.66518,0.52776,0.0
2.66518,0.55415,0.0
2.66518,0.58053,0.0
2.66518,0.60692,0.0
2.66518,0.63331,0.0
2.69157,-0.63331,0.0
2.69157,-0.60692,0.0
2.69157,-0.58053,0.0
2.69157,-0.55415,0.0
2.69157,-0.52776,0.0
2.69157,-0.50137,0.0
2.69157,-0.47498,0.0
2.69157,-0.44859,0.0
2.69157,-0.42221,0.0
2.69157,-0.39582,0.0
2.69157,-0.36943,0.0
2.69157,-0.34304,0.0
2.69157,-0.31665,0.0
2.69157,-0.29027,0.0
2.69157,-0.26388,0.0
2.69157,-0.23749,0.0
2.69157,-0.2111,0.0
2.69157,-0.18472,0.0
2.69157,-0.15833,0.0
2.69157,-0.13194,0.0
2.69157,-0.10555,0.0
2.69157,-0.07916,0.0
2.69157,-0.05278,0.0
2.69157,-0.02639,0.0
2.69157,0,0.0
2.69157,0.02639,0.0
2.69157,0.05278,0.0
2.69157,0.07916,0.0
2.69157,0.10555,0.0
2.69157,0.13194,0.0
2.69157,0.15833,0.0
2.69157,0.18472,0.0
2.69157,0.2111,0.0
2.69157,0.23749,0.0
2.69157,0.26388,0.0
2.69157,0.29027,0.0
2.69157,0.31665,0.0
2.69157,0.34304,0.0
2.69157,0.36943,0.0
2.69157,0.39582,0.0
2.69157,0.42221,0.0
2.69157,0.44859,0.0
2.69157,0.47498,0.0
2.69157,0.50137,0.0
2.69157,0.52776,0.0
2.69157,0.55415,0.0
2.69157,0.58053,0.0
2.69157,0.60692,0.0
2.69157,0.63331,0.0
2.71795,-0.63331,0.0
2.71795,-0.60692,0.0
2.71795,-0.58053,0.0
2.71795,-0.55415,0.0
2.71795,-0.52776,0.0
2.71795,-0.50137,0.0
2.71795,-0.47498,0.0
2.71795,-0.44859,0.0
2.71795,-0.42221,0.0
2.71795,-0.39582,0.0
2.71795,-0.36943,0.0
2.71795,-0.34304,0.0
2.71795,-0.31665,0.0
2.71795,-0.29027,0.0
2.71795,-0.26388,0.0
2.71795,-0.23749,0.0
2.71795,-0.2111,0.0
2.71795,-0.18472,0.0
2.71795,-0.15833,0.0
2.71795,-0.13194,0.0
2.71795,-0.10555,0.0
2.71795,-0.07916,0.0
2.71795,-0.05278,0.0
2.71795,-0.02639,0.0
2.71795,0,0.0
2.71795,0.02639,0.0
2.71795,0.05278,0.0
2.71795,0.07916,0.0
2.71795,0.10555,0.0
2.71795,0.13194,0.0
2.71795,0.15833,0.0
2.71795,0.18472,0.0
2.71795,0.2111,0.0
2.71795,0.23749,0.0
2.71795,0.26388,0.0
2.71795,0.29027,0.0
2.71795,0.31665,0.0
2.71795,0.34304,0.0
2.71795,0.36943,0.0
2.71795,0.39582,0.0
2.71795,0.42221,0.0
2.71795,0.44859,0.0
2.71795,0.47498,0.0
2.71795,0.50137,0.0
2.71795,0.52776,0.0
2.71795,0.55415,0.0
2.71795,0.58053,0.0
2.71795,0.60692,0.0
2.71795,0.63331,0.0
2.74434,-0.63331,0.0
2.74434,-0.60692,0.0
2.74434,-0.58053,0.0
2.74434,-0.55415,0.0
2.74434,-0.52776,0.0
2.74434,-0.50137,0.0
2.74434,-0.47498,0.0
2.74434,-0.44859,0.0
2.74434,-0.42221,0.0
2.74434,-0.39582,0.0
2.74434,-0.36943,0.0
2.74434,-0.34304,0.0
2.74434,-0.31665,0.0
2.74434,-0.29027,0.0
2.74434,-0.26388,0.0
2.74434,-0.23749,0.0
2.74434,-0.2111,0.0
2.74434,-0.18472,0.0
2.74434,-0.15833,0.0
2.74434,-0.13194,0.0
2.74434,-0.10555,0.0
2.74434,-0.07916,0.0
2.74434,-0.05278,0.0
2.74434,-0.02639,0.0
2.74434,0,0.0
2.74434,0.02639,0.0
2.74434,0.05278,0.0
2.74434,0.07916,0.0
2.74434,0.10555,0.0
2.74434,0.13194,0.0
2.74434,0.15833,0.0
2.74434,0.18472,0.0
2.74434,0.2111,0.0
2.74434,0.23749,0.0
2.74434,0.26388,0.0
2.74434,0.29027,0.0
2.74434,0.31665,0.0
2.74434,0.34304,0.0
2.74434,0.36943,0.0
2.74434,0.39582,0.0
2.74434,0.42221,0.0
2.74434,0.44859,0.0
2.74434,0.47498,0.0
2.74434,0.50137,0.0
2.74434,0.52776,0.0
2.74434,0.55415,0.0
2.74434,0.58053,0.0
2.74434,0.60692,0.0
2.74434,0.63331,0.0
2.77073,-0.63331,0.0
2.77073,-0.60692,0.0
2.77073,-0.58053,0.0
2.77073,-0.55415,0.0
2.77073,-0.52776,0.0
2.77073,-0.50137,0.0
2.77073,-0.47498,0.0
2.77073,-0.44859,0.0
2.77073,-0.42221,0.0
2.77073,-0.39582,0.0
2.77073,-0.36943,0.0
2.77073,-0.34304,0.0
2.77073,-0.31665,0.0
2.77073,-0.29027,0.0
2.77073,-0.26388,0.0
2.77073,-0.23749,0.0
2.77073,-0.2111,0.0
2.77073,-0.18472,0.0
2.77073,-0.15833,0.0
2.77073,-0.13194,0.0
2.77073,-0.10555,0.0
2.77073,-0.07916,0.0
2.77073,-0.05278,0.0
2.77073,-0.02639,0.0
2.77073,0,0.0
2.77073,0.02639,0.0
2.77073,0.05278,0.0
2.77073,0.07916,0.0
2.77073,0.10555,0.0
2.77073,0.13194,0.0
2.77073,0.15833,0.0
2.77073,0.18472,0.0
2.77073,0.2111,0.0
2.77073,0.23749,0.0
2.77073,0.26388,0.0
2.77073,0.29027,0.0
2.77073,0.31665,0.0
2.77073,0.34304,0.0
2.77073,0.36943,0.0
2.77073,0.39582,0.0
2.77073,0.42221,0.0
2.77073,0.44859,0.0
2.77073,0.47498,0.0
2.77073,0.50137,0.0
2.77073,0.52776,0.0
2.77073,0.55415,0.0
2.77073,0.58053,0.0
2.77073,0.60692,0.0
2.77073,0.63331,0.0
2.79712,-0.63331,0.0
2.79712,-0.60692,0.0
2.79712,-0.58053,0.0
2.79712,-0.55415,0.0
2.79712,-0.52776,0.0
2.79712,-0.50137,0.0
2.79712,-0.47498,0.0
2.79712,-0.44859,0.0
2.79712,-0.42221,0.0
2.79712,-0.39582,0.0
2.79712,-0.36943,0.0
2.79712,-0.34304,0.0
2.79712,-0.31665,0.0
2.79712,-0.29027,0.0
2.79712,-0.26388,0.0
2.79712,-0.23749,0.0
2.79712,-0.2111,0.0
2.79712,-0.18472,0.0
2.79712,-0.15833,0.0
2.79712,-0.13194,0.0
2.79712,-0.10555,0.0
2.79712,-0.07916,0.0
2.79712,-0.05278,0.0
2.79712,-0.02639,0.0
2.79712,0,0.0
2.79712,0.02639,0.0
2.79712,0.05278,0.0
2.79712,0.07916,0.0
2.79712,0.10555,0.0
2.79712,0.13194,0.0
2.79712,0.15833,0.0
2.79712,0.18472,0.0
2.79712,0.2111,0.0
2.79712,0.23749,0.0
2.79712,0.26388,0.0
2.79712,0.29027,0.0
2.79712,0.31665,0.0
2.79712,0.34304,0.0
2.79712,0.36943,0.0
2.79712,0.39582,0.0
2.79712,0.42221,0.0
2.79712,0.44859,0.0
2.79712,0.47498,0.0
2.79712,0.50137,0.0
2.79712,0.52776,0.0
2.79712,0.55415,0.0
2.79712,0.58053,0.0
2.79712,0.60692,0.0
2.79712,0.63331,0.0
2.82351,-0.63331,0.0
2.82351,-0.60692,0.0
2.82351,-0.58053,0.0
2.82351,-0.55415,0.0
2.82351,-0.52776,0.0
2.82351,-0.50137,0.0
2.82351,-0.47498,0.0
2.82351,-0.44859,0.0
2.82351,-0.42221,0.0
2.82351,-0.39582,0.0
2.82351,-0.36943,0.0
2.82351,-0.34304,0.0
2.82351,-0.31665,0.0
2.82351,-0.29027,0.0
2.82351,-0.26388,0.0
2.82351,-0.23749,0.0
2.82351,-0.2111,0.0
2.82351,-0.18472,0.0
2.82351,-0.15833,0.0
2.82351,-0.13194,0.0
2.82351,-0.10555,0.0
2.82351,-0.07916,0.0
2.82351,-0.05278,0.0
2.82351,-0.02639,0.0
2.82351,0,0.0
2.82351,0.02639,0.0
2.82351,0.05278,0.0
2.82351,0.07916,0.0
2.82351,0.10555,0.0
2.82351,0.13194,0.0
2.82351,0.15833,0.0
2.82351,0.18472,0.0
2.82351,0.2111,0.0
2.82351,0.23749,0.0
2.82351,0.26388,0.0
2.82351,0.29027,0.0
2.82351,0.31665,0.0
2.82351,0.34304,0.0
2.82351,0.36943,0.0
2.82351,0.39582,0.0
2.82351,0.42221,0.0
2.82351,0.44859,0.0
2.82351,0.47498,0.0
2.82351,0.50137,0.0
2.82351,0.52776,0.0
2.82351,0.55415,0.0
2.82351,0.58053,0.0
2.82351,0.60692,0.0
2.82351,0.63331,0.0
2.84989,-0.63331,0.0
2.84989,-0.60692,0.0
2.84989,-0.58053,0.0
2.84989,-0.55415,0.0
2.84989,-0.52776,0.0
2.84989,-0.50137,0.0
2.84989,-0.47498,0.0
2.84989,-0.44859,0.0
2.84989,-0.42221,0.0
2.84989,-0.39582,0.0
2.84989,-0.36943,0.0
2.84989,-0.34304,0.0
2.84989,-0.31665,0.0
2.84989,-0.29027,0.0
2.84989,-0.26388,0.0
2.84989,-0.23749,0.0
2.84989,-0.2111,0.0
2.84989,-0.18472,0.0
2.84989,-0.15833,0.0
2.84989,-0.13194,0.0
2.84989,-0.10555,0.0
2.84989,-0.07916,0.0
2.84989,-0.05278,0.0
2.84989,-0.02639,0.0
2.84989,0,0.0
2.84989,0.02639,0.0
2.84989,0.05278,0.0
2.84989,0.07916,0.0
2.84989,0.10555,0.0
2.84989,0.13194,0.0
2.84989,0.15833,0.0
2.84989,0.18472,0.0
2.84989,0.2111,0.0
2.84989,0.23749,0.0
2.84989,0.26388,0.0
2.84989,0.29027,0.0
2.84989,0.31665,0.0
2.84989,0.34304,0.0
2.84989,0.36943,0.0
2.84989,0.39582,0.0
2.84989,0.42221,0.0
2.84989,0.44859,0.0
2.84989,0.47498,0.0
2.84989,0.50137,0.0
2.84989,0.52776,0.0
2.84989,0.55415,0.0
2.84989,0.58053,0.0
2.84989,0.60692,0.0
2.84989,0.63331,0.0
2.87628,-0.63331,0.0
2.87628,-0.60692,0.0
2.87628,-0.58053,0.0
2.87628,-0.55415,0.0
2.87628,-0.52776,0.0
2.87628,-0.50137,0.0
2.87628,-0.47498,0.0
2.87628,-0.44859,0.0
2.87628,-0.42221,0.0
2.87628,-0.39582,0.0
2.87628,-0.36943,0.0
2.87628,-0.34304,0.0
2.87628,-0.31665,0.0
2.87628,-0.29027,0.0
2.87628,-0.26388,0.0
2.87628,-0.23749,0.0
2.87628,-0.2111,0.0
2.87628,-0.18472,0.0
2.87628,-0.15833,0.0
2.87628,-0.13194,0.0
2.87628,-0.10555,0.0
2.87628,-0.07916,0.0
2.87628,-0.05278,0.0
2.87628,-0.02639,0.0
2.87628,0,0.0
2.87628,0.02639,0.0
2.87628,0.05278,0.0
2.87628,0.07916,0.0
2.87628,0.10555,0.0
2.87628,0.13194,0.0
2.87628,0.15833,0.0
2.87628,0.18472,0.0
2.87628,0.2111,0.0
2.87628,0.23749,0.0
2.87628,0.26388,0.0
2.87628,0.29027,0.0
2.87628,0.31665,0.0
2.87628,0.34304,0.0
2.87628,0.36943,0.0
2.87628,0.39582,0.0
2.87628,0.42221,0.0
2.87628,0.44859,0.0
2.87628,0.47498,0.0
2.87628,0.50137,0.0
2.87628,0.52776,0.0
2.87628,0.55415,0.0
2.87628,0.58053,0.0
2.87628,0.60692,0.0
2.87628,0.63331,0.0
2.90267,-0.63331,0.0
2.90267,-0.60692,0.0
2.90267,-0.58053,0.0
2.90267,-0.55415,0.0
2.90267,-0.52776,0.0
2.90267,-0.50137,0.0
2.90267,-0.47498,0.0
2.90267,-0.44859,0.0
2.90267,-0.42221,0.0
2.90267,-0.39582,0.0
2.90267,-0.36943,0.0
2.90267,-0.34304,0.0
2.90267,-0.31665,0.0
2.90267,-0.29027,0.0
2.90267,-0.26388,0.0
2.90267,-0.23749,0.0
2.90267,-0.2111,0.0
2.90267,-0.18472,0.0
2.90267,-0.15833,0.0
2.90267,-0.13194,0.0
2.90267,-0.10555,0.0
2.90267,-0.07916,0.0
2.90267,-0.05278,0.0
2.90267,-0.02639,0.0
2.90267,0,0.0
2.90267,0.02639,0.0
2.90267,0.05278,0.0
2.90267,0.07916,0.0
2.90267,0.10555,0.0
2.90267,0.13194,0.0
2.90267,0.15833,0.0
2.90267,0.18472,0.0
2.90267,0.2111,0.0
2.90267,0.23749,0.0
2.90267,0.26388,0.0
2.90267,0.29027,0.0
2.90267,0.31665,0.0
2.90267,0.34304,0.0
2.90267,0.36943,0.0
2.90267,0.39582,0.0
2.90267,0.42221,0.0
2.90267,0.44859,0.0
2.90267,0.47498,0.0
2.90267,0.50137,0.0
2.90267,0.52776,0.0
2.90267,0.55415,0.0
2.90267,0.58053,0.0
2.90267,0.60692,0.0
2.90267,0.63331,0.0
2.92906,-0.63331,0.0
2.92906,-0.60692,0.0
2.92906,-0.58053,0.0
2.92906,-0.55415,0.0
2.92906,-0.52776,0.0
2.92906,-0.50137,0.0
2.92906,-0.47498,0.0
2.92906,-0.44859,0.0
2.92906,-0.42221,0.0
2.92906,-0.39582,0.0
2.92906,-0.36943,0.0
2.92906,-0.34304,0.0
2.92906,-0.31665,0.0
2.92906,-0.29027,0.0
2.92906,-0.26388,0.0
2.92906,-0.23749,0.0
2.92906,-0.2111,0.0
2.92906,-0.18472,0.0
2.92906,-0.15833,0.0
2.92906,-0.13194,0.0
2.92906,-0.10555,0.0
2.92906,-0.07916,0.0
2.92906,-0.05278,0.0
2.92906,-0.02639,0.0
2.92906,0,0.0
2.92906,0.02639,0.0
2.92906,0.05278,0.0
2.92906,0.07916,0.0
2.92906,0.10555,0.0
2.92906,0.13194,0.0
2.92906,0.15833,0.0
2.92906,0.18472,0.0
2.92906,0.2111,0.0
2.92906,0.23749,0.0
2.92906,0.26388,0.0
2.92906,0.29027,0.0
2.92906,0.31665,0.0
2.92906,0.34304,0.0
2.92906,0.36943,0.0
2.92906,0.39582,0.0
2.92906,0.42221,0.0
2.92906,0.44859,0.0
2.92906,0.47498,0.0
2.92906,0.50137,0.0
2.92906,0.52776,0.0
2.92906,0.55415,0.0
2.92906,0.58053,0.0
2.92906,0.60692,0.0
2.92906,0.63331,0.0
2.95544,-0.63331,0.0
2.95544,-0.60692,0.0
2.95544,-0.58053,0.0
2.95544,-0.55415,0.0
2.95544,-0.52776,0.0
2.95544,-0.50137,0.0
2.95544,-0.47498,0.0
2.95544,-0.44859,0.0
2.95544,-0.42221,0.0
2.95544,-0.39582,0.0
2.95544,-0.36943,0.0
2.95544,-0.34304,0.0
2.95544,-0.31665,0.0
2.95544,-0.29027,0.0
2.95544,-0.26388,0.0
2.95544,-0.23749,0.0
2.95544,-0.2111,0.0
2.95544,-0.18472,0.0
2.95544,-0.15833,0.0
2.95544,-0.13194,0.0
2.95544,-0.10555,0.0
2.95544,-0.07916,0.0
2.95544,-0.05278,0.0
2.95544,-0.02639,0.0
2.95544,0,0.0
2.95544,0.02639,0.0
2.95544,0.05278,0.0
2.95544,0.07916,0.0
2.95544,0.10555,0.0
2.95544,0.13194,0.0
2.95544,0.15833,0.0
2.95544,0.18472,0.0
2.95544,0.2111,0.0
2.95544,0.23749,0.0
2.95544,0.26388,0.0
2.95544,0.29027,0.0
2.95544,0.31665,0.0
2.95544,0.34304,0.0
2.95544,0.36943,0.0
2.95544,0.39582,0.0
2.95544,0.42221,0.0
2.95544,0.44859,0.0
2.95544,0.47498,0.0
2.95544,0.50137,0.0
2.95544,0.52776,0.0
2.95544,0.55415,0.0
2.95544,0.58053,0.0
2.95544,0.60692,0.0
2.95544,0.63331,0.0
2.98183,-0.63331,0.0
2.98183,-0.60692,0.0
2.98183,-0.58053,0.0
2.98183,-0.55415,0.0
2.98183,-0.52776,0.0
2.98183,-0.50137,0.0
2.98183,-0.47498,0.0
2.98183,-0.44859,0.0
2.98183,-0.42221,0.0
2.98183,-0.39582,0.0
2.98183,-0.36943,0.0
2.98183,-0.34304,0.0
2.98183,-0.31665,0.0
2.98183,-0.29027,0.0
2.98183,-0.26388,0.0
2.98183,-0.23749,0.0
2.98183,-0.2111,0.0
2.98183,-0.18472,0.0
2.98183,-0.15833,0.0
2.98183,-0.13194,0.0
2.98183,-0.10555,0.0
2.98183,-0.07916,0.0
2.98183,-0.05278,0.0
2.98183,-0.02639,0.0
2.98183,0,0.0
2.98183,0.02639,0.0
2.98183,0.05278,0.0
2.98183,0.07916,0.0
2.98183,0.10555,0.0
2.98183,0.13194,0.0
2.98183,0.15833,0.0
2.98183,0.18472,0.0
2.98183,0.2111,0.0
2.98183,0.23749,0.0
2.98183,0.26388,0.0
2.98183,0.29027,0.0
2.98183,0.31665,0.0
2.98183,0.34304,0.0
2.98183,0.36943,0.0
2.98183,0.39582,0.0
2.98183,0.42221,0.0
2.98183,0.44859,0.0
2.98183,0.47498,0.0
2.98183,0.50137,0.0
2.98183,0.52776,0.0
2.98183,0.55415,0.0
2.98183,0.58053,0.0
2.98183,0.60692,0.0
2.98183,0.63331,0.0
3.00822,-0.63331,0.0
3.00822,-0.60692,0.0
3.00822,-0.58053,0.0
3.00822,-0.55415,0.0
3.00822,-0.52776,0.0
3.00822,-0.50137,0.0
3.00822,-0.47498,0.0
3.00822,-0.44859,0.0
3.00822,-0.42221,0.0
3.00822,-0.39582,0.0
3.00822,-0.36943,0.0
3.00822,-0.34304,0.0
3.00822,-0.31665,0.0
3.00822,-0.29027,0.0
3.00822,-0.26388,0.0
3.00822,-0.23749,0.0
3.00822,-0.2111,0.0
3.00822,-0.18472,0.0
3.00822,-0.15833,0.0
3.00822,-0.13194,0.0
3.00822,-0.10555,0.0
3.00822,-0.07916,0.0
3.00822,-0.05278,0.0
3.00822,-0.02639,0.0
3.00822,0,0.0
3.00822,0.02639,0.0
3.00822,0.05278,0.0
3.00822,0.07916,0.0
3.00822,0.10555,0.0
3.00822,0.13194,0.0
3.00822,0.15833,0.0
3.00822,0.18472,0.0
3.00822,0.2111,0.0
3.00822,0.23749,0.0
3.00822,0.26388,0.0
3.00822,0.29027,0.0
3.00822,0.31665,0.0
3.00822,0.34304,0.0
3.00822,0.36943,0.0
3.00822,0.39582,0.0
3.00822,0.42221,0.0
3.00822,0.44859,0.0
3.00822,0.47498,0.0
3.00822,0.50137,0.0
3.00822,0.52776,0.0
3.00822,0.55415,0.0
3.00822,0.58053,0.0
3.00822,0.60692,0.0
3.00822,0.63331,0.0
3.03461,-0.63331,0.0
3.03461,-0.60692,0.0
3.03461,-0.58053,0.0
3.03461,-0.55415,0.0
3.03461,-0.52776,0.0
3.03461,-0.50137,0.0
3.03461,-0.47498,0.0
3.03461,-0.44859,0.0
3.03461,-0.42221,0.0
3.03461,-0.39582,0.0
3.03461,-0.36943,0.0
3.03461,-0.34304,0.0
3.03461,-0.31665,0.0
3.03461,-0.29027,0.0
3.03461,-0.26388,0.0
3.03461,-0.23749,0.0
3.03461,-0.2111,0.0
3.03461,-0.18472,0.0
3.03461,-0.15833,0.0
3.03461,-0.13194,0.0
3.03461,-0.10555,0.0
3.03461,-0.07916,0.0
3.03461,-0.05278,0.0
3.03461,-0.02639,0.0
3.03461,0,0.0
3.03461,0.02639,0.0
3.03461,0.05278,0.0
3.03461,0.07916,0.0
3.03461,0.10555,0.0
3.03461,0.13194,0.0
3.03461,0.15833,0.0
3.03461,0.18472,0.0
3.03461,0.2111,0.0
3.03461,0.23749,0.0
3.03461,0.26388,0.0
3.03461,0.29027,0.0
3.03461,0.31665,0.0
3.03461,0.34304,0.0
3.03461,0.36943,0.0
3.03461,0.39582,0.0
3.03461,0.42221,0.0
3.03461,0.44859,0.0
3.03461,0.47498,0.0
3.03461,0.50137,0.0
3.03461,0.52776,0.0
3.03461,0.55415,0.0
3.03461,0.58053,0.0
3.03461,0.60692,0.0
3.03461,0.63331,0.0
3.061,-0.63331,0.0
3.061,-0.60692,0.0
3.061,-0.58053,0.0
3.061,-0.55415,0.0
3.061,-0.52776,0.0
3.061,-0.50137,0.0
3.061,-0.47498,0.0
3.061,-0.44859,0.0
3.061,-0.42221,0.0
3.061,-0.39582,0.0
3.061,-0.36943,0.0
3.061,-0.34304,0.0
3.061,-0.31665,0.0
3.061,-0.29027,0.0
3.061,-0.26388,0.0
3.061,-0.23749,0.0
3.061,-0.2111,0.0
3.061,-0.18472,0.0
3.061,-0.15833,0.0
3.061,-0.13194,0.0
3.061,-0.10555,0.0
3.061,-0.07916,0.0
3.061,-0.05278,0.0
3.061,-0.02639,0.0
3.061,0,0.0
3.061,0.02639,0.0
3.061,0.05278,0.0
3.061,0.07916,0.0
3.061,0.10555,0.0
3.061,0.13194,0.0
3.061,0.15833,0.0
3.061,0.18472,0.0
3.061,0.2111,0.0
3.061,0.23749,0.0
3.061,0.26388,0.0
3.061,0.29027,0.0
3.061,0.31665,0.0
3.061,0.34304,0.0
3.061,0.36943,0.0
3.061,0.39582,0.0
3.061,0.42221,0.0
3.061,0.44859,0.0
3.061,0.47498,0.0
3.061,0.50137,0.0
3.061,0.52776,0.0
3.061,0.55415,0.0
3.061,0.58053,0.0
3.061,0.60692,0.0
3.061,0.63331,0.0
3.08738,-0.63331,0.0
3.08738,-0.60692,0.0
3.08738,-0.58053,0.0
3.08738,-0.55415,0.0
3.08738,-0.52776,0.0
3.08738,-0.50137,0.0
3.08738,-0.47498,0.0
3.08738,-0.44859,0.0
3.08738,-0.42221,0.0
3.08738,-0.39582,0.0
3.08738,-0.36943,0.0
3.08738,-0.34304,0.0
3.08738,-0.31665,0.0
3.08738,-0.29027,0.0
3.08738,-0.26388,0.0
3.08738,-0.23749,0.0
3.08738,-0.2111,0.0
3.08738,-0.18472,0.0
3.08738,-0.15833,0.0
3.08738,-0.13194,0.0
3.08738,-0.10555,0.0
3.08738,-0.07916,0.0
3.08738,-0.05278,0.0
3.08738,-0.02639,0.0
3.08738,0,0.0
3.08738,0.02639,0.0
3.08738,0.05278,0.0
3.08738,0.07916,0.0
3.08738,0.10555,0.0
3.08738,0.13194,0.0
3.08738,0.15833,0.0
3.08738,0.18472,0.0
3.08738,0.2111,0.0
3.08738,0.23749,0.0
3.08738,0.26388,0.0
3.08738,0.29027,0.0
3.08738,0.31665,0.0
3.08738,0.34304,0.0
3.08738,0.36943,0.0
3.08738,0.39582,0.0
3.08738,0.42221,0.0
3.08738,0.44859,0.0
3.08738,0.47498,0.0
3.08738,0.50137,0.0
3.08738,0.52776,0.0
3.08738,0.55415,0.0
3.08738,0.58053,0.0
3.08738,0.60692,0.0
3.08738,0.63331,0.0
3.11377,-0.63331,0.0
3.11377,-0.60692,0.0
3.11377,-0.58053,0.0
3.11377,-0.55415,0.0
3.11377,-0.52776,0.0
3.11377,-0.50137,0.0
3.11377,-0.47498,0.0
3.11377,-0.44859,0.0
3.11377,-0.42221,0.0
3.11377,-0.39582,0.0
3.11377,-0.36943,0.0
3.11377,-0.34304,0.0
3.11377,-0.31665,0.0
3.11377,-0.29027,0.0
3.11377,-0.26388,0.0
3.11377,-0.23749,0.0
3.11377,-0.2111,0.0
3.11377,-0.18472,0.0
3.11377,-0.15833,0.0
3.11377,-0.13194,0.0
3.11377,-0.10555,0.0
3.11377,-0.07916,0.0
3.11377,-0.05278,0.0
3.11377,-0.02639,0.0
3.11377,0,0.0
3.11377,0.02639,0.0
3.11377,0.05278,0.0
3.11377,0.07916,0.0
3.11377,0.10555,0.0
3.11377,0.13194,0.0
3.11377,0.15833,0.0
3.11377,0.18472,0.0
3.11377,0.2111,0.0
3.11377,0.23749,0.0
3.11377,0.26388,0.0
3.11377,0.29027,0.0
3.11377,0.31665,0.0
3.11377,0.34304,0.0
3.11377,0.36943,0.0
3.11377,0.39582,0.0
3.11377,0.42221,0.0
3.11377,0.44859,0.0
3.11377,0.47498,0.0
3.11377,0.50137,0.0
3.11377,0.52776,0.0
3.11377,0.55415,0.0
3.11377,0.58053,0.0
3.11377,0.60692,0.0
3.11377,0.63331,0.0
3.14016,-0.63331,0.0
3.14016,-0.60692,0.0
3.14016,-0.58053,0.0
3.14016,-0.55415,0.0
3.14016,-0.52776,0.0
3.14016,-0.50137,0.0
3.14016,-0.47498,0.0
3.14016,-0.44859,0.0
3.14016,-0.42221,0.0
3.14016,-0.39582,0.0
3.14016,-0.36943,0.0
3.14016,-0.34304,0.0
3.14016,-0.31665,0.0
3.14016,-0.29027,0.0
3.14016,-0.26388,0.0
3.14016,-0.23749,0.0
3.14016,-0.2111,0.0
3.14016,-0.18472,0.0
3.14016,-0.15833,0.0
3.14016,-0.13194,0.0
3.14016,-0.10555,0.0
3.14016,-0.07916,0.0
3.14016,-0.05278,0.0
3.14016,-0.02639,0.0
3.14016,0,0.0
3.14016,0.02639,0.0
3.14016,0.05278,0.0
3.14016,0.07916,0.0
3.14016,0.10555,0.0
3.14016,0.13194,0.0
3.14016,0.15833,0.0
3.14016,0.18472,0.0
3.14016,0.2111,0.0
3.14016,0.23749,0.0
3.14016,0.26388,0.0
3.14016,0.29027,0.0
3.14016,0.31665,0.0
3.14016,0.34304,0.0
3.14016,0.36943,0.0
3.14016,0.39582,0.0
3.14016,0.42221,0.0
3.14016,0.44859,0.0
3.14016,0.47498,0.0
3.14016,0.50137,0.0
3.14016,0.52776,0.0
3.14016,0.55415,0.0
3.14016,0.58053,0.0
3.14016,0.60692,0.0
3.14016,0.63331,0.0
3.16655,-0.63331,0.0
3.16655,-0.60692,0.0
3.16655,-0.58053,0.0
3.16655,-0.55415,0.0
3.16655,-0.52776,0.0
3.16655,-0.50137,0.0
3.16655,-0.47498,0.0
3.16655,-0.44859,0.0
3.16655,-0.42221,0.0
3.16655,-0.39582,0.0
3.16655,-0.36943,0.0
3.16655,-0.34304,0.0
3.16655,-0.31665,0.0
3.16655,-0.29027,0.0
3.16655,-0.26388,0.0
3.16655,-0.23749,0.0
3.16655,-0.2111,0.0
3.16655,-0.18472,0.0
3.16655,-0.15833,0.0
3.16655,-0.13194,0.0
3.16655,-0.10555,0.0
3.16655,-0.07916,0.0
3.16655,-0.05278,0.0
3.16655,-0.02639,0.0
3.16655,0,0.0
3.16655,0.02639,0.0
3.16655,0.05278,0.0
3.16655,0.07916,0.0
3.16655,0.10555,0.0
3.16655,0.13194,0.0
3.16655,0.15833,0.0
3.16655,0.18472,0.0
3.16655,0.2111,0.0
3.16655,0.23749,0.0
3.16655,0.26388,0.0
3.16655,0.29027,0.0
3.16655,0.31665,0.0
3.16655,0.34304,0.0
3.16655,0.36943,0.0
3.16655,0.39582,0.0
3.16655,0.42221,0.0
3.16655,0.44859,0.0
3.16655,0.47498,0.0
3.16655,0.50137,0.0
3.16655,0.52776,0.0
3.16655,0.55415,0.0
3.16655,0.58053,0.0
3.16655,0.60692,0.0
3.16655,0.63331,0.0
3.19294,-0.63331,0.0
3.19294,-0.60692,0.0
3.19294,-0.58053,0.0
3.19294,-0.55415,0.0
3.19294,-0.52776,0.0
3.19294,-0.50137,0.0
3.19294,-0.47498,0.0
3.19294,-0.44859,0.0
3.19294,-0.42221,0.0
3.19294,-0.39582,0.0
3.19294,-0.36943,0.0
3.19294,-0.34304,0.0
3.19294,-0.31665,0.0
3.19294,-0.29027,0.0
3.19294,-0.26388,0.0
3.19294,-0.23749,0.0
3.19294,-0.2111,0.0
3.19294,-0.18472,0.0
3.19294,-0.15833,0.0
3.19294,-0.13194,0.0
3.19294,-0.10555,0.0
3.19294,-0.07916,0.0
3.19294,-0.05278,0.0
3.19294,-0.02639,0.0
3.19294,0,0.0
3.19294,0.02639,0.0
3.19294,0.05278,0.0
3.19294,0.07916,0.0
3.19294,0.10555,0.0
3.19294,0.13194,0.0
3.19294,0.15833,0.0
3.19294,0.18472,0.0
3.19294,0.2111,0.0
3.19294,0.23749,0.0
3.19294,0.26388,0.0
3.19294,0.29027,0.0
3.19294,0.31665,0.0
3.19294,0.34304,0.0
3.19294,0.36943,0.0
3.19294,0.39582,0.0
3.19294,0.42221,0.0
3.19294,0.44859,0.0
3.19294,0.47498,0.0
3.19294,0.50137,0.0
3.19294,0.52776,0.0
3.19294,0.55415,0.0
3.19294,0.58053,0.0
3.19294,0.60692,0.0
3.19294,0.63331,0.0
3.21932,-0.63331,0.0
3.21932,-0.60692,0.0
3.21932,-0.58053,0.0
3.21932,-0.55415,0.0
3.21932,-0.52776,0.0
3.21932,-0.50137,0.0
3.21932,-0.47498,0.0
3.21932,-0.44859,0.0
3.21932,-0.42221,0.0
3.21932,-0.39582,0.0
3.21932,-0.36943,0.0
3.21932,-0.34304,0.0
3.21932,-0.31665,0.0
3.21932,-0.29027,0.0
3.21932,-0.26388,0.0
3.21932,-0.23749,0.0
3.21932,-0.2111,0.0
3.21932,-0.18472,0.0
3.21932,-0.15833,0.0
3.21932,-0.13194,0.0
3.21932,-0.10555,0.0
3.21932,-0.07916,0.0
3.21932,-0.05278,0.0
3.21932,-0.02639,0.0
3.21932,0,0.0
3.21932,0.02639,0.0
3.21932,0.05278,0.0
3.21932,0.07916,0.0
3.21932,0.10555,0.0
3.21932,0.13194,0.0
3.21932,0.15833,0.0
3.21932,0.18472,0.0
3.21932,0.2111,0.0
3.21932,0.23749,0.0
3.21932,0.26388,0.0
3.21932,0.29027,0.0
3.21932,0.31665,0.0
3.21932,0.34304,0.0
3.21932,0.36943,0.0
3.21932,0.39582,0.0
3.21932,0.42221,0.0
3.21932,0.44859,0.0
3.21932,0.47498,0.0
3.21932,0.50137,0.0
3.21932,0.52776,0.0
3.21932,0.55415,0.0
3.21932,0.58053,0.0
3.21932,0.60692,0.0
3.21932,0.63331,0.0
3.24571,-0.63331,0.0
3.24571,-0.60692,0.0
3.24571,-0.58053,0.0
3.24571,-0.55415,0.0
3.24571,-0.52776,0.0
3.24571,-0.50137,0.0
3.24571,-0.47498,0.0
3.24571,-0.44859,0.0
3.24571,-0.42221,0.0
3.24571,-0.39582,0.0
3.24571,-0.36943,0.0
3.24571,-0.34304,0.0
3.24571,-0.31665,0.0
3.24571,-0.29027,0.0
3.24571,-0.26388,0.0
3.24571,-0.23749,0.0
3.24571,-0.2111,0.0
3.24571,-0.18472,0.0
3.24571,-0.15833,0.0
3.24571,-0.13194,0.0
3.24571,-0.10555,0.0
3.24571,-0.07916,0.0
3.24571,-0.05278,0.0
3.24571,-0.02639,0.0
3.24571,0,0.0
3.24571,0.02639,0.0
3.24571,0.05278,0.0
3.24571,0.07916,0.0
3.24571,0.10555,0.0
3.24571,0.13194,0.0
3.24571,0.15833,0.0
3.24571,0.18472,0.0
3.24571,0.2111,0.0
3.24571,0.23749,0.0
3.24571,0.26388,0.0
3.24571,0.29027,0.0
3.24571,0.31665,0.0
3.24571,0.34304,0.0
3.24571,0.36943,0.0
3.24571,0.39582,0.0
3.24571,0.42221,0.0
3.24571,0.44859,0.0
3.24571,0.47498,0.0
3.24571,0.50137,0.0
3.24571,0.52776,0.0
3.24571,0.55415,0.0
3.24571,0.58053,0.0
3.24571,0.60692,0.0
3.24571,0.63331,0.0
3.2721,-0.63331,0.0
3.2721,-0.60692,0.0
3.2721,-0.58053,0.0
3.2721,-0.55415,0.0
3.2721,-0.52776,0.0
3.2721,-0.50137,0.0
3.2721,-0.47498,0.0
3.2721,-0.44859,0.0
3.2721,-0.42221,0.0
3.2721,-0.39582,0.0
3.2721,-0.36943,0.0
3.2721,-0.34304,0.0
3.2721,-0.31665,0.0
3.2721,-0.29027,0.0
3.2721,-0.26388,0.0
3.2721,-0.23749,0.0
3.2721,-0.2111,0.0
3.2721,-0.18472,0.0
3.2721,-0.15833,0.0
3.2721,-0.13194,0.0
3.2721,-0.10555,0.0
3.2721,-0.07916,0.0
3.2721,-0.05278,0.0
3.2721,-0.02639,0.0
3.2721,0,0.0
3.2721,0.02639,0.0
3.2721,0.05278,0.0
3.2721,0.07916,0.0
3.2721,0.10555,0.0
3.2721,0.13194,0.0
3.2721,0.15833,0.0
3.2721,0.18472,0.0
3.2721,0.2111,0.0
3.2721,0.23749,0.0
3.2721,0.26388,0.0
3.2721,0.29027,0.0
3.2721,0.31665,0.0
3.2721,0.34304,0.0
3.2721,0.36943,0.0
3.2721,0.39582,0.0
3.2721,0.42221,0.0
3.2721,0.44859,0.0
3.2721,0.47498,0.0
3.2721,0.50137,0.0
3.2721,0.52776,0.0
3.2721,0.55415,0.0
3.2721,0.58053,0.0
3.2721,0.60692,0.0
3.2721,0.63331,0.0
3.29849,-0.63331,0.0
3.29849,-0.60692,0.0
3.29849,-0.58053,0.0
3.29849,-0.55415,0.0
3.29849,-0.52776,0.0
3.29849,-0.50137,0.0
3.29849,-0.47498,0.0
3.29849,-0.44859,0.0
3.29849,-0.42221,0.0
3.29849,-0.39582,0.0
3.29849,-0.36943,0.0
3.29849,-0.34304,0.0
3.29849,-0.31665,0.0
3.29849,-0.29027,0.0
3.29849,-0.26388,0.0
3.29849,-0.23749,0.0
3.29849,-0.2111,0.0
3.29849,-0.18472,0.0
3.29849,-0.15833,0.0
3.29849,-0.13194,0.0
3.29849,-0.10555,0.0
3.29849,-0.07916,0.0
3.29849,-0.05278,0.0
3.29849,-0.02639,0.0
3.29849,0,0.0
3.29849,0.02639,0.0
3.29849,0.05278,0.0
3.29849,0.07916,0.0
3.29849,0.10555,0.0
3.29849,0.13194,0.0
3.29849,0.15833,0.0
3.29849,0.18472,0.0
3.29849,0.2111,0.0
3.29849,0.23749,0.0
3.29849,0.26388,0.0
3.29849,0.29027,0.0
3.29849,0.31665,0.0
3.29849,0.34304,0.0
3.29849,0.36943,0.0
3.29849,0.39582,0.0
3.29849,0.42221,0.0
3.29849,0.44859,0.0
3.29849,0.47498,0.0
3.29849,0.50137,0.0
3.29849,0.52776,0.0
3.29849,0.55415,0.0
3.29849,0.58053,0.0
3.29849,0.60692,0.0
3.29849,0.63331,0.0
3.32488,-0.63331,0.0
3.32488,-0.60692,0.0
3.32488,-0.58053,0.0
3.32488,-0.55415,0.0
3.32488,-0.52776,0.0
3.32488,-0.50137,0.0
3.32488,-0.47498,0.0
3.32488,-0.44859,0.0
3.32488,-0.42221,0.0
3.32488,-0.39582,0.0
3.32488,-0.36943,0.0
3.32488,-0.34304,0.0
3.32488,-0.31665,0.0
3.32488,-0.29027,0.0
3.32488,-0.26388,0.0
3.32488,-0.23749,0.0
3.32488,-0.2111,0.0
3.32488,-0.18472,0.0
3.32488,-0.15833,0.0
3.32488,-0.13194,0.0
3.32488,-0.10555,0.0
3.32488,-0.07916,0.0
3.32488,-0.05278,0.0
3.32488,-0.02639,0.0
3.32488,0,0.0
3.32488,0.02639,0.0
3.32488,0.05278,0.0
3.32488,0.07916,0.0
3.32488,0.10555,0.0
3.32488,0.13194,0.0
3.32488,0.15833,0.0
3.32488,0.18472,0.0
3.32488,0.2111,0.0
3.32488,0.23749,0.0
3.32488,0.26388,0.0
3.32488,0.29027,0.0
3.32488,0.31665,0.0
3.32488,0.34304,0.0
3.32488,0.36943,0.0
3.32488,0.39582,0.0
3.32488,0.42221,0.0
3.32488,0.44859,0.0
3.32488,0.47498,0.0
3.32488,0.50137,0.0
3.32488,0.52776,0.0
3.32488,0.55415,0.0
3.32488,0.58053,0.0
3.32488,0.60692,0.0
3.32488,0.63331,0.0
3.35126,-0.63331,0.0
3.35126,-0.60692,0.0
3.35126,-0.58053,0.0
3.35126,-0.55415,0.0
3.35126,-0.52776,0.0
3.35126,-0.50137,0.0
3.35126,-0.47498,0.0
3.35126,-0.44859,0.0
3.35126,-0.42221,0.0
3.35126,-0.39582,0.0
3.35126,-0.36943,0.0
3.35126,-0.34304,0.0
3.35126,-0.31665,0.0
3.35126,-0.29027,0.0
3.35126,-0.26388,0.0
3.35126,-0.23749,0.0
3.35126,-0.2111,0.0
3.35126,-0.18472,0.0
3.35126,-0.15833,0.0
3.35126,-0.13194,0.0
3.35126,-0.10555,0.0
3.35126,-0.07916,0.0
3.35126,-0.05278,0.0
3.35126,-0.02639,0.0
3.35126,0,0.0
3.35126,0.02639,0.0
3.35126,0.05278,0.0
3.35126,0.07916,0.0
3.35126,0.10555,0.0
3.35126,0.13194,0.0
3.35126,0.15833,0.0
3.35126,0.18472,0.0
3.35126,0.2111,0.0
3.35126,0.23749,0.0
3.35126,0.26388,0.0
3.35126,0.29027,0.0
3.35126,0.31665,0.0
3.35126,0.34304,0.0
3.35126,0.36943,0.0
3.35126,0.39582,0.0
3.35126,0.42221,0.0
3.35126,0.44859,0.0
3.35126,0.47498,0.0
3.35126,0.50137,0.0
3.35126,0.52776,0.0
3.35126,0.55415,0.0
3.35126,0.58053,0.0
3.35126,0.60692,0.0
3.35126,0.63331,0.0
3.37765,-0.63331,0.0
3.37765,-0.60692,0.0
3.37765,-0.58053,0.0
3.37765,-0.55415,0.0
3.37765,-0.52776,0.0
3.37765,-0.50137,0.0
3.37765,-0.47498,0.0
3.37765,-0.44859,0.0
3.37765,-0.42221,0.0
3.37765,-0.39582,0.0
3.37765,-0.36943,0.0
3.37765,-0.34304,0.0
3.37765,-0.31665,0.0
3.37765,-0.29027,0.0
3.37765,-0.26388,0.0
3.37765,-0.23749,0.0
3.37765,-0.2111,0.0
3.37765,-0.18472,0.0
3.37765,-0.15833,0.0
3.37765,-0.13194,0.0
3.37765,-0.10555,0.0
3.37765,-0.07916,0.0
3.37765,-0.05278,0.0
3.37765,-0.02639,0.0
3.37765,0,0.0
3.37765,0.02639,0.0
3.37765,0.05278,0.0
3.37765,0.07916,0.0
3.37765,0.10555,0.0
3.37765,0.13194,0.0
3.37765,0.15833,0.0
3.37765,0.18472,0.0
3.37765,0.2111,0.0
3.37765,0.23749,0.0
3.37765,0.26388,0.0
3.37765,0.29027,0.0
3.37765,0.31665,0.0
3.37765,0.34304,0.0
3.37765,0.36943,0.0
3.37765,0.39582,0.0
3.37765,0.42221,0.0
3.37765,0.44859,0.0
3.37765,0.47498,0.0
3.37765,0.50137,0.0
3.37765,0.52776,0.0
3.37765,0.55415,0.0
3.37765,0.58053,0.0
3.37765,0.60692,0.0
3.37765,0.63331,0.0
3.40404,-0.63331,0.0
3.40404,-0.60692,0.0
3.40404,-0.58053,0.0
3.40404,-0.55415,0.0
3.40404,-0.52776,0.0
3.40404,-0.50137,0.0
3.40404,-0.47498,0.0
3.40404,-0.44859,0.0
3.40404,-0.42221,0.0
3.40404,-0.39582,0.0
3.40404,-0.36943,0.0
3.40404,-0.34304,0.0
3.40404,-0.31665,0.0
3.40404,-0.29027,0.0
3.40404,-0.26388,0.0
3.40404,-0.23749,0.0
3.40404,-0.2111,0.0
3.40404,-0.18472,0.0
3.40404,-0.15833,0.0
3.40404,-0.13194,0.0
3.40404,-0.10555,0.0
3.40404,-0.07916,0.0
3.40404,-0.05278,0.0
3.40404,-0.02639,0.0
3.40404,0,0.0
3.40404,0.02639,0.0
3.40404,0.05278,0.0
3.40404,0.07916,0.0
3.40404,0.10555,0.0
3.40404,0.13194,0.0
3.40404,0.15833,0.0
3.40404,0.18472,0.0
3.40404,0.2111,0.0
3.40404,0.23749,0.0
3.40404,0.26388,0.0
3.40404,0.29027,0.0
3.40404,0.31665,0.0
3.40404,0.34304,0.0
3.40404,0.36943,0.0
3.40404,0.39582,0.0
3.40404,0.42221,0.0
3.40404,0.44859,0.0
3.40404,0.47498,0.0
3.40404,0.50137,0.0
3.40404,0.52776,0.0
3.40404,0.55415,0.0
3.40404,0.58053,0.0
3.40404,0.60692,0.0
3.40404,0.63331,0.0
3.43043,-0.63331,0.0
3.43043,-0.60692,0.0
3.43043,-0.58053,0.0
3.43043,-0.55415,0.0
3.43043,-0.52776,0.0
3.43043,-0.50137,0.0
3.43043,-0.47498,0.0
3.43043,-0.44859,0.0
3.43043,-0.42221,0.0
3.43043,-0.39582,0.0
3.43043,-0.36943,0.0
3.43043,-0.34304,0.0
3.43043,-0.31665,0.0
3.43043,-0.29027,0.0
3.43043,-0.26388,0.0
3.43043,-0.23749,0.0
3.43043,-0.2111,0.0
3.43043,-0.18472,0.0
3.43043,-0.15833,0.0
3.43043,-0.13194,0.0
3.43043,-0.10555,0.0
3.43043,-0.07916,0.0
3.43043,-0.05278,0.0
3.43043,-0.02639,0.0
3.43043,0,0.0
3.43043,0.02639,0.0
3.43043,0.05278,0.0
3.43043,0.07916,0.0
3.43043,0.10555,0.0
3.43043,0.13194,0.0
3.43043,0.15833,0.0
3.43043,0.18472,0.0
3.43043,0.2111,0.0
3.43043,0.23749,0.0
3.43043,0.26388,0.0
3.43043,0.29027,0.0
3.43043,0.31665,0.0
3.43043,0.34304,0.0
3.43043,0.36943,0.0
3.43043,0.39582,0.0
3.43043,0.42221,0.0
3.43043,0.44859,0.0
3.43043,0.47498,0.0
3.43043,0.50137,0.0
3.43043,0.52776,0.0
3.43043,0.55415,0.0
3.43043,0.58053,0.0
3.43043,0.60692,0.0
3.43043,0.63331,0.0
3.45682,-0.63331,0.0
3.45682,-0.60692,0.0
3.45682,-0.58053,0.0
3.45682,-0.55415,0.0
3.45682,-0.52776,0.0
3.45682,-0.50137,0.0
3.45682,-0.47498,0.0
3.45682,-0.44859,0.0
3.45682,-0.42221,0.0
3.45682,-0.39582,0.0
3.45682,-0.36943,0.0
3.45682,-0.34304,0.0
3.45682,-0.31665,0.0
3.45682,-0.29027,0.0
3.45682,-0.26388,0.0
3.45682,-0.23749,0.0
3.45682,-0.2111,0.0
3.45682,-0.18472,0.0
3.45682,-0.15833,0.0
3.45682,-0.13194,0.0
3.45682,-0.10555,0.0
3.45682,-0.07916,0.0
3.45682,-0.05278,0.0
3.45682,-0.02639,0.0
3.45682,0,0.0
3.45682,0.02639,0.0
3.45682,0.05278,0.0
3.45682,0.07916,0.0
3.45682,0.10555,0.0
3.45682,0.13194,0.0
3.45682,0.15833,0.0
3.45682,0.18472,0.0
3.45682,0.2111,0.0
3.45682,0.23749,0.0
3.45682,0.26388,0.0
3.45682,0.29027,0.0
3.45682,0.31665,0.0
3.45682,0.34304,0.0
3.45682,0.36943,0.0
3.45682,0.39582,0.0
3.45682,0.42221,0.0
3.45682,0.44859,0.0
3.45682,0.47498,0.0
3.45682,0.50137,0.0
3.45682,0.52776,0.0
3.45682,0.55415,0.0
3.45682,0.58053,0.0
3.45682,0.60692,0.0
3.45682,0.63331,0.0
3.4832,-0.63331,0.0
3.4832,-0.60692,0.0
3.4832,-0.58053,0.0
3.4832,-0.55415,0.0
3.4832,-0.52776,0.0
3.4832,-0.50137,0.0
3.4832,-0.47498,0.0
3.4832,-0.44859,0.0
3.4832,-0.42221,0.0
3.4832,-0.39582,0.0
3.4832,-0.36943,0.0
3.4832,-0.34304,0.0
3.4832,-0.31665,0.0
3.4832,-0.29027,0.0
3.4832,-0.26388,0.0
3.4832,-0.23749,0.0
3.4832,-0.2111,0.0
3.4832,-0.18472,0.0
3.4832,-0.15833,0.0
3.4832,-0.13194,0.0
3.4832,-0.10555,0.0
3.4832,-0.07916,0.0
3.4832,-0.05278,0.0
3.4832,-0.02639,0.0
3.4832,0,0.0
3.4832,0.02639,0.0
3.4832,0.05278,0.0
3.4832,0.07916,0.0
3.4832,0.10555,0.0
3.4832,0.13194,0.0
3.4832,0.15833,0.0
3.4832,0.18472,0.0
3.4832,0.2111,0.0
3.4832,0.23749,0.0
3.4832,0.26388,0.0
3.4832,0.29027,0.0
3.4832,0.31665,0.0
3.4832,0.34304,0.0
3.4832,0.36943,0.0
3.4832,0.39582,0.0
3.4832,0.42221,0.0
3.4832,0.44859,0.0
3.4832,0.47498,0.0
3.4832,0.50137,0.0
3.4832,0.52776,0.0
3.4832,0.55415,0.0
3.4832,0.58053,0.0
3.4832,0.60692,0.0
3.4832,0.63331,0.0
3.50959,-0.63331,0.0
3.50959,-0.60692,0.0
3.50959,-0.58053,0.0
3.50959,-0.55415,0.0
3.50959,-0.52776,0.0
3.50959,-0.50137,0.0
3.50959,-0.47498,0.0
3.50959,-0.44859,0.0
3.50959,-0.42221,0.0
3.50959,-0.39582,0.0
3.50959,-0.36943,0.0
3.50959,-0.34304,0.0
3.50959,-0.31665,0.0
3.50959,-0.29027,0.0
3.50959,-0.26388,0.0
3.50959,-0.23749,0.0
3.50959,-0.2111,0.0
3.50959,-0.18472,0.0
3.50959,-0.15833,0.0
3.50959,-0.13194,0.0
3.50959,-0.10555,0.0
3.50959,-0.07916,0.0
3.50959,-0.05278,0.0
3.50959,-0.02639,0.0
3.50959,0,0.0
3.50959,0.02639,0.0
3.50959,0.05278,0.0
3.50959,0.07916,0.0
3.50959,0.10555,0.0
3.50959,0.13194,0.0
3.50959,0.15833,0.0
3.50959,0.18472,0.0
3.50959,0.2111,0.0
3.50959,0.23749,0.0
3.50959,0.26388,0.0
3.50959,0.29027,0.0
3.50959,0.31665,0.0
3.50959,0.34304,0.0
3.50959,0.36943,0.0
3.50959,0.39582,0.0
3.50959,0.42221,0.0
3.50959,0.44859,0.0
3.50959,0.47498,0.0
3.50959,0.50137,0.0
3.50959,0.52776,0.0
3.50959,0.55415,0.0
3.50959,0.58053,0.0
3.50959,0.60692,0.0
3.50959,0.63331,0.0
3.53598,-0.63331,0.0
3.53598,-0.60692,0.0
3.53598,-0.58053,0.0
3.53598,-0.55415,0.0
3.53598,-0.52776,0.0
3.53598,-0.50137,0.0
3.53598,-0.47498,0.0
3.53598,-0.44859,0.0
3.53598,-0.42221,0.0
3.53598,-0.39582,0.0
3.53598,-0.36943,0.0
3.53598,-0.34304,0.0
3.53598,-0.31665,0.0
3.53598,-0.29027,0.0
3.53598,-0.26388,0.0
3.53598,-0.23749,0.0
3.53598,-0.2111,0.0
3.53598,-0.18472,0.0
3.53598,-0.15833,0.0
3.53598,-0.13194,0.0
3.53598,-0.10555,0.0
3.53598,-0.07916,0.0
3.53598,-0.05278,0.0
3.53598,-0.02639,0.0
3.53598,0,0.0
3.53598,0.02639,0.0
3.53598,0.05278,0.0
3.53598,0.07916,0.0
3.53598,0.10555,0.0
3.53598,0.13194,0.0
3.53598,0.15833,0.0
3.53598,0.18472,0.0
3.53598,0.2111,0.0
3.53598,0.23749,0.0
3.53598,0.26388,0.0
3.53598,0.29027,0.0
3.53598,0.31665,0.0
3.53598,0.34304,0.0
3.53598,0.36943,0.0
3.53598,0.39582,0.0
3.53598,0.42221,0.0
3.53598,0.44859,0.0
3.53598,0.47498,0.0
3.53598,0.50137,0.0
3.53598,0.52776,0.0
3.53598,0.55415,0.0
3.53598,0.58053,0.0
3.53598,0.60692,0.0
3.53598,0.63331,0.0
3.56237,-0.63331,0.0
3.56237,-0.60692,0.0
3.56237,-0.58053,0.0
3.56237,-0.55415,0.0
3.56237,-0.52776,0.0
3.56237,-0.50137,0.0
3.56237,-0.47498,0.0
3.56237,-0.44859,0.0
3.56237,-0.42221,0.0
3.56237,-0.39582,0.0
3.56237,-0.36943,0.0
3.56237,-0.34304,0.0
3.56237,-0.31665,0.0
3.56237,-0.29027,0.0
3.56237,-0.26388,0.0
3.56237,-0.23749,0.0
3.56237,-0.2111,0.0
3.56237,-0.18472,0.0
3.56237,-0.15833,0.0
3.56237,-0.13194,0.0
3.56237,-0.10555,0.0
3.56237,-0.07916,0.0
3.56237,-0.05278,0.0
3.56237,-0.02639,0.0
3.56237,0,0.0
3.56237,0.02639,0.0
3.56237,0.05278,0.0
3.56237,0.07916,0.0
3.56237,0.10555,0.0
3.56237,0.13194,0.0
3.56237,0.15833,0.0
3.56237,0.18472,0.0
3.56237,0.2111,0.0
3.56237,0.23749,0.0
3.56237,0.26388,0.0
3.56237,0.29027,0.0
3.56237,0.31665,0.0
3.56237,0.34304,0.0
3.56237,0.36943,0.0
3.56237,0.39582,0.0
3.56237,0.42221,0.0
3.56237,0.44859,0.0
3.56237,0.47498,0.0
3.56237,0.50137,0.0
3.56237,0.52776,0.0
3.56237,0.55415,0.0
3.56237,0.58053,0.0
3.56237,0.60692,0.0
3.56237,0.63331,0.0
3.58875,-0.63331,0.0
3.58875,-0.60692,0.0
3.58875,-0.58053,0.0
3.58875,-0.55415,0.0
3.58875,-0.52776,0.0
3.58875,-0.50137,0.0
3.58875,-0.47498,0.0
3.58875,-0.44859,0.0
3.58875,-0.42221,0.0
3.58875,-0.39582,0.0
3.58875,-0.36943,0.0
3.58875,-0.34304,0.0
3.58875,-0.31665,0.0
3.58875,-0.29027,0.0
3.58875,-0.26388,0.0
3.58875,-0.23749,0.0
3.58875,-0.2111,0.0
3.58875,-0.18472,0.0
3.58875,-0.15833,0.0
3.58875,-0.13194,0.0
3.58875,-0.10555,0.0
3.58875,-0.07916,0.0
3.58875,-0.05278,0.0
3.58875,-0.02639,0.0
3.58875,0,0.0
3.58875,0.02639,0.0
3.58875,0.05278,0.0
3.58875,0.07916,0.0
3.58875,0.10555,0.0
3.58875,0.13194,0.0
3.58875,0.15833,0.0
3.58875,0.18472,0.0
3.58875,0.2111,0.0
3.58875,0.23749,0.0
3.58875,0.26388,0.0
3.58875,0.29027,0.0
3.58875,0.31665,0.0
3.58875,0.34304,0.0
3.58875,0.36943,0.0
3.58875,0.39582,0.0
3.58875,0.42221,0.0
3.58875,0.44859,0.0
3.58875,0.47498,0.0
3.58875,0.50137,0.0
3.58875,0.52776,0.0
3.58875,0.55415,0.0
3.58875,0.58053,0.0
3.58875,0.60692,0.0
3.58875,0.63331,0.0
3.61514,-0.63331,0.0
3.61514,-0.60692,0.0
3.61514,-0.58053,0.0
3.61514,-0.55415,0.0
3.61514,-0.52776,0.0
3.61514,-0.50137,0.0
3.61514,-0.47498,0.0
3.61514,-0.44859,0.0
3.61514,-0.42221,0.0
3.61514,-0.39582,0.0
3.61514,-0.36943,0.0
3.61514,-0.34304,0.0
3.61514,-0.31665,0.0
3.61514,-0.29027,0.0
3.61514,-0.26388,0.0
3.61514,-0.23749,0.0
3.61514,-0.2111,0.0
3.61514,-0.18472,0.0
3.61514,-0.15833,0.0
3.61514,-0.13194,0.0
3.61514,-0.10555,0.0
3.61514,-0.07916,0.0
3.61514,-0.05278,0.0
3.61514,-0.02639,0.0
3.61514,0,0.0
3.61514,0.02639,0.0
3.61514,0.05278,0.0
3.61514,0.07916,0.0
3.61514,0.10555,0.0
3.61514,0.13194,0.0
3.61514,0.15833,0.0
3.61514,0.18472,0.0
3.61514,0.2111,0.0
3.61514,0.23749,0.0
3.61514,0.26388,0.0
3.61514,0.29027,0.0
3.61514,0.31665,0.0
3.61514,0.34304,0.0
3.61514,0.36943,0.0
3.61514,0.39582,0.0
3.61514,0.42221,0.0
3.61514,0.44859,0.0
3.61514,0.47498,0.0
3.61514,0.50137,0.0
3.61514,0.52776,0.0
3.61514,0.55415,0.0
3.61514,0.58053,0.0
3.61514,0.60692,0.0
3.61514,0.63331,0.0
3.64153,-0.63331,0.0
3.64153,-0.60692,0.0
3.64153,-0.58053,0.0
3.64153,-0.55415,0.0
3.64153,-0.52776,0.0
3.64153,-0.50137,0.0
3.64153,-0.47498,0.0
3.64153,-0.44859,0.0
3.64153,-0.42221,0.0
3.64153,-0.39582,0.0
3.64153,-0.36943,0.0
3.64153,-0.34304,0.0
3.64153,-0.31665,0.0
3.64153,-0.29027,0.0
3.64153,-0.26388,0.0
3.64153,-0.23749,0.0
3.64153,-0.2111,0.0
3.64153,-0.18472,0.0
3.64153,-0.15833,0.0
3.64153,-0.13194,0.0
3.64153,-0.10555,0.0
3.64153,-0.07916,0.0
3.64153,-0.05278,0.0
3.64153,-0.02639,0.0
3.64153,0,0.0
3.64153,0.02639,0.0
3.64153,0.05278,0.0
3.64153,0.07916,0.0
3.64153,0.10555,0.0
3.64153,0.13194,0.0
3.64153,0.15833,0.0
3.64153,0.18472,0.0
3.64153,0.2111,0.0
3.64153,0.23749,0.0
3.64153,0.26388,0.0
3.64153,0.29027,0.0
3.64153,0.31665,0.0
3.64153,0.34304,0.0
3.64153,0.36943,0.0
3.64153,0.39582,0.0
3.64153,0.42221,0.0
3.64153,0.44859,0.0
3.64153,0.47498,0.0
3.64153,0.50137,0.0
3.64153,0.52776,0.0
3.64153,0.55415,0.0
3.64153,0.58053,0.0
3.64153,0.60692,0.0
3.64153,0.63331,0.0
3.66792,-0.63331,0.0
3.66792,-0.60692,0.0
3.66792,-0.58053,0.0
3.66792,-0.55415,0.0
3.66792,-0.52776,0.0
3.66792,-0.50137,0.0
3.66792,-0.47498,0.0
3.66792,-0.44859,0.0
3.66792,-0.42221,0.0
3.66792,-0.39582,0.0
3.66792,-0.36943,0.0
3.66792,-0.34304,0.0
3.66792,-0.31665,0.0
3.66792,-0.29027,0.0
3.66792,-0.26388,0.0
3.66792,-0.23749,0.0
3.66792,-0.2111,0.0
3.66792,-0.18472,0.0
3.66792,-0.15833,0.0
3.66792,-0.13194,0.0
3.66792,-0.10555,0.0
3.66792,-0.07916,0.0
3.66792,-0.05278,0.0
3.66792,-0.02639,0.0
3.66792,0,0.0
3.66792,0.02639,0.0
3.66792,0.05278,0.0
3.66792,0.07916,0.0
3.66792,0.10555,0.0
3.66792,0.13194,0.0
3.66792,0.15833,0.0
3.66792,0.18472,0.0
3.66792,0.2111,0.0
3.66792,0.23749,0.0
3.66792,0.26388,0.0
3.66792,0.29027,0.0
3.66792,0.31665,0.0
3.66792,0.34304,0.0
3.66792,0.36943,0.0
3.66792,0.39582,0.0
3.66792,0.42221,0.0
3.66792,0.44859,0.0
3.66792,0.47498,0.0
3.66792,0.50137,0.0
3.66792,0.52776,0.0
3.66792,0.55415,0.0
3.66792,0.58053,0.0
3.66792,0.60692,0.0
3.66792,0.63331,0.0
3.69431,-0.63331,0.0
3.69431,-0.60692,0.0
3.69431,-0.58053,0.0
3.69431,-0.55415,0.0
3.69431,-0.52776,0.0
3.69431,-0.50137,0.0
3.69431,-0.47498,0.0
3.69431,-0.44859,0.0
3.69431,-0.42221,0.0
3.69431,-0.39582,0.0
3.69431,-0.36943,0.0
3.69431,-0.34304,0.0
3.69431,-0.31665,0.0
3.69431,-0.29027,0.0
3.69431,-0.26388,0.0
3.69431,-0.23749,0.0
3.69431,-0.2111,0.0
3.69431,-0.18472,0.0
3.69431,-0.15833,0.0
3.69431,-0.13194,0.0
3.69431,-0.10555,0.0
3.69431,-0.07916,0.0
3.69431,-0.05278,0.0
3.69431,-0.02639,0.0
3.69431,0,0.0
3.69431,0.02639,0.0
3.69431,0.05278,0.0
3.69431,0.07916,0.0
3.69431,0.10555,0.0
3.69431,0.13194,0.0
3.69431,0.15833,0.0
3.69431,0.18472,0.0
3.69431,0.2111,0.0
3.69431,0.23749,0.0
3.69431,0.26388,0.0
3.69431,0.29027,0.0
3.69431,0.31665,0.0
3.69431,0.34304,0.0
3.69431,0.36943,0.0
3.69431,0.39582,0.0
3.69431,0.42221,0.0
3.69431,0.44859,0.0
3.69431,0.47498,0.0
3.69431,0.50137,0.0
3.69431,0.52776,0.0
3.69431,0.55415,0.0
3.69431,0.58053,0.0
3.69431,0.60692,0.0
3.69431,0.63331,0.0
3.72069,-0.63331,0.0
3.72069,-0.60692,0.0
3.72069,-0.58053,0.0
3.72069,-0.55415,0.0
3.72069,-0.52776,0.0
3.72069,-0.50137,0.0
3.72069,-0.47498,0.0
3.72069,-0.44859,0.0
3.72069,-0.42221,0.0
3.72069,-0.39582,0.0
3.72069,-0.36943,0.0
3.72069,-0.34304,0.0
3.72069,-0.31665,0.0
3.72069,-0.29027,0.0
3.72069,-0.26388,0.0
3.72069,-0.23749,0.0
3.72069,-0.2111,0.0
3.72069,-0.18472,0.0
3.72069,-0.15833,0.0
3.72069,-0.13194,0.0
3.72069,-0.10555,0.0
3.72069,-0.07916,0.0
3.72069,-0.05278,0.0
3.72069,-0.02639,0.0
3.72069,0,0.0
3.72069,0.02639,0.0
3.72069,0.05278,0.0
3.72069,0.07916,0.0
3.72069,0.10555,0.0
3.72069,0.13194,0.0
3.72069,0.15833,0.0
3.72069,0.18472,0.0
3.72069,0.2111,0.0
3.72069,0.23749,0.0
3.72069,0.26388,0.0
3.72069,0.29027,0.0
3.72069,0.31665,0.0
3.72069,0.34304,0.0
3.72069,0.36943,0.0
3.72069,0.39582,0.0
3.72069,0.42221,0.0
3.72069,0.44859,0.0
3.72069,0.47498,0.0
3.72069,0.50137,0.0
3.72069,0.52776,0.0
3.72069,0.55415,0.0
3.72069,0.58053,0.0
3.72069,0.60692,0.0
3.72069,0.63331,0.0
3.74708,-0.63331,0.0
3.74708,-0.60692,0.0
3.74708,-0.58053,0.0
3.74708,-0.55415,0.0
3.74708,-0.52776,0.0
3.74708,-0.50137,0.0
3.74708,-0.47498,0.0
3.74708,-0.44859,0.0
3.74708,-0.42221,0.0
3.74708,-0.39582,0.0
3.74708,-0.36943,0.0
3.74708,-0.34304,0.0
3.74708,-0.31665,0.0
3.74708,-0.29027,0.0
3.74708,-0.26388,0.0
3.74708,-0.23749,0.0
3.74708,-0.2111,0.0
3.74708,-0.18472,0.0
3.74708,-0.15833,0.0
3.74708,-0.13194,0.0
3.74708,-0.10555,0.0
3.74708,-0.07916,0.0
3.74708,-0.05278,0.0
3.74708,-0.02639,0.0
3.74708,0,0.0
3.74708,0.02639,0.0
3.74708,0.05278,0.0
3.74708,0.07916,0.0
3.74708,0.10555,0.0
3.74708,0.13194,0.0
3.74708,0.15833,0.0
3.74708,0.18472,0.0
3.74708,0.2111,0.0
3.74708,0.23749,0.0
3.74708,0.26388,0.0
3.74708,0.29027,0.0
3.74708,0.31665,0.0
3.74708,0.34304,0.0
3.74708,0.36943,0.0
3.74708,0.39582,0.0
3.74708,0.42221,0.0
3.74708,0.44859,0.0
3.74708,0.47498,0.0
3.74708,0.50137,0.0
3.74708,0.52776,0.0
3.74708,0.55415,0.0
3.74708,0.58053,0.0
3.74708,0.60692,0.0
3.74708,0.63331,0.0
3.77347,-0.63331,0.0
3.77347,-0.60692,0.0
3.77347,-0.58053,0.0
3.77347,-0.55415,0.0
3.77347,-0.52776,0.0
3.77347,-0.50137,0.0
3.77347,-0.47498,0.0
3.77347,-0.44859,0.0
3.77347,-0.42221,0.0
3.77347,-0.39582,0.0
3.77347,-0.36943,0.0
3.77347,-0.34304,0.0
3.77347,-0.31665,0.0
3.77347,-0.29027,0.0
3.77347,-0.26388,0.0
3.77347,-0.23749,0.0
3.77347,-0.2111,0.0
3.77347,-0.18472,0.0
3.77347,-0.15833,0.0
3.77347,-0.13194,0.0
3.77347,-0.10555,0.0
3.77347,-0.07916,0.0
3.77347,-0.05278,0.0
3.77347,-0.02639,0.0
3.77347,0,0.0
3.77347,0.02639,0.0
3.77347,0.05278,0.0
3.77347,0.07916,0.0
3.77347,0.10555,0.0
3.77347,0.13194,0.0
3.77347,0.15833,0.0
3.77347,0.18472,0.0
3.77347,0.2111,0.0
3.77347,0.23749,0.0
3.77347,0.26388,0.0
3.77347,0.29027,0.0
3.77347,0.31665,0.0
3.77347,0.34304,0.0
3.77347,0.36943,0.0
3.77347,0.39582,0.0
3.77347,0.42221,0.0
3.77347,0.44859,0.0
3.77347,0.47498,0.0
3.77347,0.50137,0.0
3.77347,0.52776,0.0
3.77347,0.55415,0.0
3.77347,0.58053,0.0
3.77347,0.60692,0.0
3.77347,0.63331,0.0
3.79986,-0.63331,0.0
3.79986,-0.60692,0.0
3.79986,-0.58053,0.0
3.79986,-0.55415,0.0
3.79986,-0.52776,0.0
3.79986,-0.50137,0.0
3.79986,-0.47498,0.0
3.79986,-0.44859,0.0
3.79986,-0.42221,0.0
3.79986,-0.39582,0.0
3.79986,-0.36943,0.0
3.79986,-0.34304,0.0
3.79986,-0.31665,0.0
3.79986,-0.29027,0.0
3.79986,-0.26388,0.0
3.79986,-0.23749,0.0
3.79986,-0.2111,0.0
3.79986,-0.18472,0.0
3.79986,-0.15833,0.0
3.79986,-0.13194,0.0
3.79986,-0.10555,0.0
3.79986,-0.07916,0.0
3.79986,-0.05278,0.0
3.79986,-0.02639,0.0
3.79986,0,0.0
3.79986,0.02639,0.0
3.79986,0.05278,0.0
3.79986,0.07916,0.0
3.79986,0.10555,0.0
3.79986,0.13194,0.0
3.79986,0.15833,0.0
3.79986,0.18472,0.0
3.79986,0.2111,0.0
3.79986,0.23749,0.0
3.79986,0.26388,0.0
3.79986,0.29027,0.0
3.79986,0.31665,0.0
3.79986,0.34304,0.0
3.79986,0.36943,0.0
3.79986,0.39582,0.0
3.79986,0.42221,0.0
3.79986,0.44859,0.0
3.79986,0.47498,0.0
3.79986,0.50137,0.0
3.79986,0.52776,0.0
3.79986,0.55415,0.0
3.79986,0.58053,0.0
3.79986,0.60692,0.0
3.79986,0.63331,0.0
3.82625,-0.63331,0.0
3.82625,-0.60692,0.0
3.82625,-0.58053,0.0
3.82625,-0.55415,0.0
3.82625,-0.52776,0.0
3.82625,-0.50137,0.0
3.82625,-0.47498,0.0
3.82625,-0.44859,0.0
3.82625,-0.42221,0.0
3.82625,-0.39582,0.0
3.82625,-0.36943,0.0
3.82625,-0.34304,0.0
3.82625,-0.31665,0.0
3.82625,-0.29027,0.0
3.82625,-0.26388,0.0
3.82625,-0.23749,0.0
3.82625,-0.2111,0.0
3.82625,-0.18472,0.0
3.82625,-0.15833,0.0
3.82625,-0.13194,0.0
3.82625,-0.10555,0.0
3.82625,-0.07916,0.0
3.82625,-0.05278,0.0
3.82625,-0.02639,0.0
3.82625,0,0.0
3.82625,0.02639,0.0
3.82625,0.05278,0.0
3.82625,0.07916,0.0
3.82625,0.10555,0.0
3.82625,0.13194,0.0
3.82625,0.15833,0.0
3.82625,0.18472,0.0
3.82625,0.2111,0.0
3.82625,0.23749,0.0
3.82625,0.26388,0.0
3.82625,0.29027,0.0
3.82625,0.31665,0.0
3.82625,0.34304,0.0
3.82625,0.36943,0.0
3.82625,0.39582,0.0
3.82625,0.42221,0.0
3.82625,0.44859,0.0
3.82625,0.47498,0.0
3.82625,0.50137,0.0
3.82625,0.52776,0.0
3.82625,0.55415,0.0
3.82625,0.58053,0.0
3.82625,0.60692,0.0
3.82625,0.63331,0.0
3.85263,-0.63331,0.0
3.85263,-0.60692,0.0
3.85263,-0.58053,0.0
3.85263,-0.55415,0.0
3.85263,-0.52776,0.0
3.85263,-0.50137,0.0
3.85263,-0.47498,0.0
3.85263,-0.44859,0.0
3.85263,-0.42221,0.0
3.85263,-0.39582,0.0
3.85263,-0.36943,0.0
3.85263,-0.34304,0.0
3.85263,-0.31665,0.0
3.85263,-0.29027,0.0
3.85263,-0.26388,0.0
3.85263,-0.23749,0.0
3.85263,-0.2111,0.0
3.85263,-0.18472,0.0
3.85263,-0.15833,0.0
3.85263,-0.13194,0.0
3.85263,-0.10555,0.0
3.85263,-0.07916,0.0
3.85263,-0.05278,0.0
3.85263,-0.02639,0.0
3.85263,0,0.0
3.85263,0.02639,0.0
3.85263,0.05278,0.0
3.85263,0.07916,0.0
3.85263,0.10555,0.0
3.85263,0.13194,0.0
3.85263,0.15833,0.0
3.85263,0.18472,0.0
3.85263,0.2111,0.0
3.85263,0.23749,0.0
3.85263,0.26388,0.0
3.85263,0.29027,0.0
3.85263,0.31665,0.0
3.85263,0.34304,0.0
3.85263,0.36943,0.0
3.85263,0.39582,0.0
3.85263,0.42221,0.0
3.85263,0.44859,0.0
3.85263,0.47498,0.0
3.85263,0.50137,0.0
3.85263,0.52776,0.0
3.85263,0.55415,0.0
3.85263,0.58053,0.0
3.85263,0.60692,0.0
3.85263,0.63331,0.0
3.87902,-0.63331,0.0
3.87902,-0.60692,0.0
3.87902,-0.58053,0.0
3.87902,-0.55415,0.0
3.87902,-0.52776,0.0
3.87902,-0.50137,0.0
3.87902,-0.47498,0.0
3.87902,-0.44859,0.0
3.87902,-0.42221,0.0
3.87902,-0.39582,0.0
3.87902,-0.36943,0.0
3.87902,-0.34304,0.0
3.87902,-0.31665,0.0
3.87902,-0.29027,0.0
3.87902,-0.26388,0.0
3.87902,-0.23749,0.0
3.87902,-0.2111,0.0
3.87902,-0.18472,0.0
3.87902,-0.15833,0.0
3.87902,-0.13194,0.0
3.87902,-0.10555,0.0
3.87902,-0.07916,0.0
3.87902,-0.05278,0.0
3.87902,-0.02639,0.0
3.87902,0,0.0
3.87902,0.02639,0.0
3.87902,0.05278,0.0
3.87902,0.07916,0.0
3.87902,0.10555,0.0
3.87902,0.13194,0.0
3.87902,0.15833,0.0
3.87902,0.18472,0.0
3.87902,0.2111,0.0
3.87902,0.23749,0.0
3.87902,0.26388,0.0
3.87902,0.29027,0.0
3.87902,0.31665,0.0
3.87902,0.34304,0.0
3.87902,0.36943,0.0
3.87902,0.39582,0.0
3.87902,0.42221,0.0
3.87902,0.44859,0.0
3.87902,0.47498,0.0
3.87902,0.50137,0.0
3.87902,0.52776,0.0
3.87902,0.55415,0.0
3.87902,0.58053,0.0
3.87902,0.60692,0.0
3.87902,0.63331,0.0
3.90541,-0.63331,0.0
3.90541,-0.60692,0.0
3.90541,-0.58053,0.0
3.90541,-0.55415,0.0
3.90541,-0.52776,0.0
3.90541,-0.50137,0.0
3.90541,-0.47498,0.0
3.90541,-0.44859,0.0
3.90541,-0.42221,0.0
3.90541,-0.39582,0.0
3.90541,-0.36943,0.0
3.90541,-0.34304,0.0
3.90541,-0.31665,0.0
3.90541,-0.29027,0.0
3.90541,-0.26388,0.0
3.90541,-0.23749,0.0
3.90541,-0.2111,0.0
3.90541,-0.18472,0.0
3.90541,-0.15833,0.0
3.90541,-0.13194,0.0
3.90541,-0.10555,0.0
3.90541,-0.07916,0.0
3.90541,-0.05278,0.0
3.90541,-0.02639,0.0
3.90541,0,0.0
3.90541,0.02639,0.0
3.90541,0.05278,0.0
3.90541,0.07916,0.0
3.90541,0.10555,0.0
3.90541,0.13194,0.0
3.90541,0.15833,0.0
3.90541,0.18472,0.0
3.90541,0.2111,0.0
3.90541,0.23749,0.0
3.90541,0.26388,0.0
3.90541,0.29027,0.0
3.90541,0.31665,0.0
3.90541,0.34304,0.0
3.90541,0.36943,0.0
3.90541,0.39582,0.0
3.90541,0.42221,0.0
3.90541,0.44859,0.0
3.90541,0.47498,0.0
3.90541,0.50137,0.0
3.90541,0.52776,0.0
3.90541,0.55415,0.0
3.90541,0.58053,0.0
3.90541,0.60692,0.0
3.90541,0.63331,0.0
3.9318,-0.63331,0.0
3.9318,-0.60692,0.0
3.9318,-0.58053,0.0
3.9318,-0.55415,0.0
3.9318,-0.52776,0.0
3.9318,-0.50137,0.0
3.9318,-0.47498,0.0
3.9318,-0.44859,0.0
3.9318,-0.42221,0.0
3.9318,-0.39582,0.0
3.9318,-0.36943,0.0
3.9318,-0.34304,0.0
3.9318,-0.31665,0.0
3.9318,-0.29027,0.0
3.9318,-0.26388,0.0
3.9318,-0.23749,0.0
3.9318,-0.2111,0.0
3.9318,-0.18472,0.0
3.9318,-0.15833,0.0
3.9318,-0.13194,0.0
3.9318,-0.10555,0.0
3.9318,-0.07916,0.0
3.9318,-0.05278,0.0
3.9318,-0.02639,0.0
3.9318,0,0.0
3.9318,0.02639,0.0
3.9318,0.05278,0.0
3.9318,0.07916,0.0
3.9318,0.10555,0.0
3.9318,0.13194,0.0
3.9318,0.15833,0.0
3.9318,0.18472,0.0
3.9318,0.2111,0.0
3.9318,0.23749,0.0
3.9318,0.26388,0.0
3.9318,0.29027,0.0
3.9318,0.31665,0.0
3.9318,0.34304,0.0
3.9318,0.36943,0.0
3.9318,0.39582,0.0
3.9318,0.42221,0.0
3.9318,0.44859,0.0
3.9318,0.47498,0.0
3.9318,0.50137,0.0
3.9318,0.52776,0.0
3.9318,0.55415,0.0
3.9318,0.58053,0.0
3.9318,0.60692,0.0
3.9318,0.63331,0.0
3.95819,-0.63331,0.0
3.95819,-0.60692,0.0
3.95819,-0.58053,0.0
3.95819,-0.55415,0.0
3.95819,-0.52776,0.0
3.95819,-0.50137,0.0
3.95819,-0.47498,0.0
3.95819,-0.44859,0.0
3.95819,-0.42221,0.0
3.95819,-0.39582,0.0
3.95819,-0.36943,0.0
3.95819,-0.34304,0.0
3.95819,-0.31665,0.0
3.95819,-0.29027,0.0
3.95819,-0.26388,0.0
3.95819,-0.23749,0.0
3.95819,-0.2111,0.0
3.95819,-0.18472,0.0
3.95819,-0.15833,0.0
3.95819,-0.13194,0.0
3.95819,-0.10555,0.0
3.95819,-0.07916,0.0
3.95819,-0.05278,0.0
3.95819,-0.02639,0.0
3.95819,0,0.0
3.95819,0.02639,0.0
3.95819,0.05278,0.0
3.95819,0.07916,0.0
3.95819,0.10555,0.0
3.95819,0.13194,0.0
3.95819,0.15833,0.0
3.95819,0.18472,0.0
3.95819,0.2111,0.0
3.95819,0.23749,0.0
3.95819,0.26388,0.0
3.95819,0.29027,0.0
3.95819,0.31665,0.0
3.95819,0.34304,0.0
3.95819,0.36943,0.0
3.95819,0.39582,0.0
3.95819,0.42221,0.0
3.95819,0.44859,0.0
3.95819,0.47498,0.0
3.95819,0.50137,0.0
3.95819,0.52776,0.0
3.95819,0.55415,0.0
3.95819,0.58053,0.0
3.95819,0.60692,0.0
3.95819,0.63331,0.0
3.98457,-0.63331,0.0
3.98457,-0.60692,0.0
3.98457,-0.58053,0.0
3.98457,-0.55415,0.0
3.98457,-0.52776,0.0
3.98457,-0.50137,0.0
3.98457,-0.47498,0.0
3.98457,-0.44859,0.0
3.98457,-0.42221,0.0
3.98457,-0.39582,0.0
3.98457,-0.36943,0.0
3.98457,-0.34304,0.0
3.98457,-0.31665,0.0
3.98457,-0.29027,0.0
3.98457,-0.26388,0.0
3.98457,-0.23749,0.0
3.98457,-0.2111,0.0
3.98457,-0.18472,0.0
3.98457,-0.15833,0.0
3.98457,-0.13194,0.0
3.98457,-0.10555,0.0
3.98457,-0.07916,0.0
3.98457,-0.05278,0.0
3.98457,-0.02639,0.0
3.98457,0,0.0
3.98457,0.02639,0.0
3.98457,0.05278,0.0
3.98457,0.07916,0.0
3.98457,0.10555,0.0
3.98457,0.13194,0.0
3.98457,0.15833,0.0
3.98457,0.18472,0.0
3.98457,0.2111,0.0
3.98457,0.23749,0.0
3.98457,0.26388,0.0
3.98457,0.29027,0.0
3.98457,0.31665,0.0
3.98457,0.34304,0.0
3.98457,0.36943,0.0
3.98457,0.39582,0.0
3.98457,0.42221,0.0
3.98457,0.44859,0.0
3.98457,0.47498,0.0
3.98457,0.50137,0.0
3.98457,0.52776,0.0
3.98457,0.55415,0.0
3.98457,0.58053,0.0
3.98457,0.60692,0.0
3.98457,0.63331,0.0
4.01096,-0.63331,0.0
4.01096,-0.60692,0.0
4.01096,-0.58053,0.0
4.01096,-0.55415,0.0
4.01096,-0.52776,0.0
4.01096,-0.50137,0.0
4.01096,-0.47498,0.0
4.01096,-0.44859,0.0
4.01096,-0.42221,0.0
4.01096,-0.39582,0.0
4.01096,-0.36943,0.0
4.01096,-0.34304,0.0
4.01096,-0.31665,0.0
4.01096,-0.29027,0.0
4.01096,-0.26388,0.0
4.01096,-0.23749,0.0
4.01096,-0.2111,0.0
4.01096,-0.18472,0.0
4.01096,-0.15833,0.0
4.01096,-0.13194,0.0
4.01096,-0.10555,0.0
4.01096,-0.07916,0.0
4.01096,-0.05278,0.0
4.01096,-0.02639,0.0
4.01096,0,0.0
4.01096,0.02639,0.0
4.01096,0.05278,0.0
4.01096,0.07916,0.0
4.01096,0.10555,0.0
4.01096,0.13194,0.0
4.01096,0.15833,0.0
4.01096,0.18472,0.0
4.01096,0.2111,0.0
4.01096,0.23749,0.0
4.01096,0.26388,0.0
4.01096,0.29027,0.0
4.01096,0.31665,0.0
4.01096,0.34304,0.0
4.01096,0.36943,0.0
4.01096,0.39582,0.0
4.01096,0.42221,0.0
4.01096,0.44859,0.0
4.01096,0.47498,0.0
4.01096,0.50137,0.0
4.01096,0.52776,0.0
4.01096,0.55415,0.0
4.01096,0.58053,0.0
4.01096,0.60692,0.0
4.01096,0.63331,0.0
4.03735,-0.63331,0.0
4.03735,-0.60692,0.0
4.03735,-0.58053,0.0
4.03735,-0.55415,0.0
4.03735,-0.52776,0.0
4.03735,-0.50137,0.0
4.03735,-0.47498,0.0
4.03735,-0.44859,0.0
4.03735,-0.42221,0.0
4.03735,-0.39582,0.0
4.03735,-0.36943,0.0
4.03735,-0.34304,0.0
4.03735,-0.31665,0.0
4.03735,-0.29027,0.0
4.03735,-0.26388,0.0
4.03735,-0.23749,0.0
4.03735,-0.2111,0.0
4.03735,-0.18472,0.0
4.03735,-0.15833,0.0
4.03735,-0.13194,0.0
4.03735,-0.10555,0.0
4.03735,-0.07916,0.0
4.03735,-0.05278,0.0
4.03735,-0.02639,0.0
4.03735,0,0.0
4.03735,0.02639,0.0
4.03735,0.05278,0.0
4.03735,0.07916,0.0
4.03735,0.10555,0.0
4.03735,0.13194,0.0
4.03735,0.15833,0.0
4.03735,0.18472,0.0
4.03735,0.2111,0.0
4.03735,0.23749,0.0
4.03735,0.26388,0.0
4.03735,0.29027,0.0
4.03735,0.31665,0.0
4.03735,0.34304,0.0
4.03735,0.36943,0.0
4.03735,0.39582,0.0
4.03735,0.42221,0.0
4.03735,0.44859,0.0
4.03735,0.47498,0.0
4.03735,0.50137,0.0
4.03735,0.52776,0.0
4.03735,0.55415,0.0
4.03735,0.58053,0.0
4.03735,0.60692,0.0
4.03735,0.63331,0.0
4.06374,-0.63331,0.0
4.06374,-0.60692,0.0
4.06374,-0.58053,0.0
4.06374,-0.55415,0.0
4.06374,-0.52776,0.0
4.06374,-0.50137,0.0
4.06374,-0.47498,0.0
4.06374,-0.44859,0.0
4.06374,-0.42221,0.0
4.06374,-0.39582,0.0
4.06374,-0.36943,0.0
4.06374,-0.34304,0.0
4.06374,-0.31665,0.0
4.06374,-0.29027,0.0
4.06374,-0.26388,0.0
4.06374,-0.23749,0.0
4.06374,-0.2111,0.0
4.06374,-0.18472,0.0
4.06374,-0.15833,0.0
4.06374,-0.13194,0.0
4.06374,-0.10555,0.0
4.06374,-0.07916,0.0
4.06374,-0.05278,0.0
4.06374,-0.02639,0.0
4.06374,0,0.0
4.06374,0.02639,0.0
4.06374,0.05278,0.0
4.06374,0.07916,0.0
4.06374,0.10555,0.0
4.06374,0.13194,0.0
4.06374,0.15833,0.0
4.06374,0.18472,0.0
4.06374,0.2111,0.0
4.06374,0.23749,0.0
4.06374,0.26388,0.0
4.06374,0.29027,0.0
4.06374,0.31665,0.0
4.06374,0.34304,0.0
4.06374,0.36943,0.0
4.06374,0.39582,0.0
4.06374,0.42221,0.0
4.06374,0.44859,0.0
4.06374,0.47498,0.0
4.06374,0.50137,0.0
4.06374,0.52776,0.0
4.06374,0.55415,0.0
4.06374,0.58053,0.0
4.06374,0.60692,0.0
4.06374,0.63331,0.0
4.09012,-0.63331,0.0
4.09012,-0.60692,0.0
4.09012,-0.58053,0.0
4.09012,-0.55415,0.0
4.09012,-0.52776,0.0
4.09012,-0.50137,0.0
4.09012,-0.47498,0.0
4.09012,-0.44859,0.0
4.09012,-0.42221,0.0
4.09012,-0.39582,0.0
4.09012,-0.36943,0.0
4.09012,-0.34304,0.0
4.09012,-0.31665,0.0
4.09012,-0.29027,0.0
4.09012,-0.26388,0.0
4.09012,-0.23749,0.0
4.09012,-0.2111,0.0
4.09012,-0.18472,0.0
4.09012,-0.15833,0.0
4.09012,-0.13194,0.0
4.09012,-0.10555,0.0
4.09012,-0.07916,0.0
4.09012,-0.05278,0.0
4.09012,-0.02639,0.0
4.09012,0,0.0
4.09012,0.02639,0.0
4.09012,0.05278,0.0
4.09012,0.07916,0.0
4.09012,0.10555,0.0
4.09012,0.13194,0.0
4.09012,0.15833,0.0
4.09012,0.18472,0.0
4.09012,0.2111,0.0
4.09012,0.23749,0.0
4.09012,0.26388,0.0
4.09012,0.29027,0.0
4.09012,0.31665,0.0
4.09012,0.34304,0.0
4.09012,0.36943,0.0
4.09012,0.39582,0.0
4.09012,0.42221,0.0
4.09012,0.44859,0.0
4.09012,0.47498,0.0
4.09012,0.50137,0.0
4.09012,0.52776,0.0
4.09012,0.55415,0.0
4.09012,0.58053,0.0
4.09012,0.60692,0.0
4.09012,0.63331,0.0
4.11651,-0.63331,0.0
4.11651,-0.60692,0.0
4.11651,-0.58053,0.0
4.11651,-0.55415,0.0
4.11651,-0.52776,0.0
4.11651,-0.50137,0.0
4.11651,-0.47498,0.0
4.11651,-0.44859,0.0
4.11651,-0.42221,0.0
4.11651,-0.39582,0.0
4.11651,-0.36943,0.0
4.11651,-0.34304,0.0
4.11651,-0.31665,0.0
4.11651,-0.29027,0.0
4.11651,-0.26388,0.0
4.11651,-0.23749,0.0
4.11651,-0.2111,0.0
4.11651,-0.18472,0.0
4.11651,-0.15833,0.0
4.11651,-0.13194,0.0
4.11651,-0.10555,0.0
4.11651,-0.07916,0.0
4.11651,-0.05278,0.0
4.11651,-0.02639,0.0
4.11651,0,0.0
4.11651,0.02639,0.0
4.11651,0.05278,0.0
4.11651,0.07916,0.0
4.11651,0.10555,0.0
4.11651,0.13194,0.0
4.11651,0.15833,0.0
4.11651,0.18472,0.0
4.11651,0.2111,0.0
4.11651,0.23749,0.0
4.11651,0.26388,0.0
4.11651,0.29027,0.0
4.11651,0.31665,0.0
4.11651,0.34304,0.0
4.11651,0.36943,0.0
4.11651,0.39582,0.0
4.11651,0.42221,0.0
4.11651,0.44859,0.0
4.11651,0.47498,0.0
4.11651,0.50137,0.0
4.11651,0.52776,0.0
4.11651,0.55415,0.0
4.11651,0.58053,0.0
4.11651,0.60692,0.0
4.11651,0.63331,0.0
4.1429,-0.63331,0.0
4.1429,-0.60692,0.0
4.1429,-0.58053,0.0
4.1429,-0.55415,0.0
4.1429,-0.52776,0.0
4.1429,-0.50137,0.0
4.1429,-0.47498,0.0
4.1429,-0.44859,0.0
4.1429,-0.42221,0.0
4.1429,-0.39582,0.0
4.1429,-0.36943,0.0
4.1429,-0.34304,0.0
4.1429,-0.31665,0.0
4.1429,-0.29027,0.0
4.1429,-0.26388,0.0
4.1429,-0.23749,0.0
4.1429,-0.2111,0.0
4.1429,-0.18472,0.0
4.1429,-0.15833,0.0
4.1429,-0.13194,0.0
4.1429,-0.10555,0.0
4.1429,-0.07916,0.0
4.1429,-0.05278,0.0
4.1429,-0.02639,0.0
4.1429,0,0.0
4.1429,0.02639,0.0
4.1429,0.05278,0.0
4.1429,0.07916,0.0
4.1429,0.10555,0.0
4.1429,0.13194,0.0
4.1429,0.15833,0.0
4.1429,0.18472,0.0
4.1429,0.2111,0.0
4.1429,0.23749,0.0
4.1429,0.26388,0.0
4.1429,0.29027,0.0
4.1429,0.31665,0.0
4.1429,0.34304,0.0
4.1429,0.36943,0.0
4.1429,0.39582,0.0
4.1429,0.42221,0.0
4.1429,0.44859,0.0
4.1429,0.47498,0.0
4.1429,0.50137,0.0
4.1429,0.52776,0.0
4.1429,0.55415,0.0
4.1429,0.58053,0.0
4.1429,0.60692,0.0
4.1429,0.63331,0.0
4.16929,-0.63331,0.0
4.16929,-0.60692,0.0
4.16929,-0.58053,0.0
4.16929,-0.55415,0.0
4.16929,-0.52776,0.0
4.16929,-0.50137,0.0
4.16929,-0.47498,0.0
4.16929,-0.44859,0.0
4.16929,-0.42221,0.0
4.16929,-0.39582,0.0
4.16929,-0.36943,0.0
4.16929,-0.34304,0.0
4.16929,-0.31665,0.0
4.16929,-0.29027,0.0
4.16929,-0.26388,0.0
4.16929,-0.23749,0.0
4.16929,-0.2111,0.0
4.16929,-0.18472,0.0
4.16929,-0.15833,0.0
4.16929,-0.13194,0.0
4.16929,-0.10555,0.0
4.16929,-0.07916,0.0
4.16929,-0.05278,0.0
4.16929,-0.02639,0.0
4.16929,0,0.0
4.16929,0.02639,0.0
4.16929,0.05278,0.0
4.16929,0.07916,0.0
4.16929,0.10555,0.0
4.16929,0.13194,0.0
4.16929,0.15833,0.0
4.16929,0.18472,0.0
4.16929,0.2111,0.0
4.16929,0.23749,0.0
4.16929,0.26388,0.0
4.16929,0.29027,0.0
4.16929,0.31665,0.0
4.16929,0.34304,0.0
4.16929,0.36943,0.0
4.16929,0.39582,0.0
4.16929,0.42221,0.0
4.16929,0.44859,0.0
4.16929,0.47498,0.0
4.16929,0.50137,0.0
4.16929,0.52776,0.0
4.16929,0.55415,0.0
4.16929,0.58053,0.0
4.16929,0.60692,0.0
4.16929,0.63331,0.0
4.19568,-0.63331,0.0
4.19568,-0.60692,0.0
4.19568,-0.58053,0.0
4.19568,-0.55415,0.0
4.19568,-0.52776,0.0
4.19568,-0.50137,0.0
4.19568,-0.47498,0.0
4.19568,-0.44859,0.0
4.19568,-0.42221,0.0
4.19568,-0.39582,0.0
4.19568,-0.36943,0.0
4.19568,-0.34304,0.0
4.19568,-0.31665,0.0
4.19568,-0.29027,0.0
4.19568,-0.26388,0.0
4.19568,-0.23749,0.0
4.19568,-0.2111,0.0
4.19568,-0.18472,0.0
4.19568,-0.15833,0.0
4.19568,-0.13194,0.0
4.19568,-0.10555,0.0
4.19568,-0.07916,0.0
4.19568,-0.05278,0.0
4.19568,-0.02639,0.0
4.19568,0,0.0
4.19568,0.02639,0.0
4.19568,0.05278,0.0
4.19568,0.07916,0.0
4.19568,0.10555,0.0
4.19568,0.13194,0.0
4.19568,0.15833,0.0
4.19568,0.18472,0.0
4.19568,0.2111,0.0
4.19568,0.23749,0.0
4.19568,0.26388,0.0
4.19568,0.29027,0.0
4.19568,0.31665,0.0
4.19568,0.34304,0.0
4.19568,0.36943,0.0
4.19568,0.39582,0.0
4.19568,0.42221,0.0
4.19568,0.44859,0.0
4.19568,0.47498,0.0
4.19568,0.50137,0.0
4.19568,0.52776,0.0
4.19568,0.55415,0.0
4.19568,0.58053,0.0
4.19568,0.60692,0.0
4.19568,0.63331,0.0
4.22206,-0.63331,0.0
4.22206,-0.60692,0.0
4.22206,-0.58053,0.0
4.22206,-0.55415,0.0
4.22206,-0.52776,0.0
4.22206,-0.50137,0.0
4.22206,-0.47498,0.0
4.22206,-0.44859,0.0
4.22206,-0.42221,0.0
4.22206,-0.39582,0.0
4.22206,-0.36943,0.0
4.22206,-0.34304,0.0
4.22206,-0.31665,0.0
4.22206,-0.29027,0.0
4.22206,-0.26388,0.0
4.22206,-0.23749,0.0
4.22206,-0.2111,0.0
4.22206,-0.18472,0.0
4.22206,-0.15833,0.0
4.22206,-0.13194,0.0
4.22206,-0.10555,0.0
4.22206,-0.07916,0.0
4.22206,-0.05278,0.0
4.22206,-0.02639,0.0
4.22206,0,0.0
4.22206,0.02639,0.0
4.22206,0.05278,0.0
4.22206,0.07916,0.0
4.22206,0.10555,0.0
4.22206,0.13194,0.0
4.22206,0.15833,0.0
4.22206,0.18472,0.0
4.22206,0.2111,0.0
4.22206,0.23749,0.0
4.22206,0.26388,0.0
4.22206,0.29027,0.0
4.22206,0.31665,0.0
4.22206,0.34304,0.0
4.22206,0.36943,0.0
4.22206,0.39582,0.0
4.22206,0.42221,0.0
4.22206,0.44859,0.0
4.22206,0.47498,0.0
4.22206,0.50137,0.0
4.22206,0.52776,0.0
4.22206,0.55415,0.0
4.22206,0.58053,0.0
4.22206,0.60692,0.0
4.22206,0.63331,0.0
4.24845,-0.63331,0.0
4.24845,-0.60692,0.0
4.24845,-0.58053,0.0
4.24845,-0.55415,0.0
4.24845,-0.52776,0.0
4.24845,-0.50137,0.0
4.24845,-0.47498,0.0
4.24845,-0.44859,0.0
4.24845,-0.42221,0.0
4.24845,-0.39582,0.0
4.24845,-0.36943,0.0
4.24845,-0.34304,0.0
4.24845,-0.31665,0.0
4.24845,-0.29027,0.0
4.24845,-0.26388,0.0
4.24845,-0.23749,0.0
4.24845,-0.2111,0.0
4.24845,-0.18472,0.0
4.24845,-0.15833,0.0
4.24845,-0.13194,0.0
4.24845,-0.10555,0.0
4.24845,-0.07916,0.0
4.24845,-0.05278,0.0
4.24845,-0.02639,0.0
4.24845,0,0.0
4.24845,0.02639,0.0
4.24845,0.05278,0.0
4.24845,0.07916,0.0
4.24845,0.10555,0.0
4.24845,0.13194,0.0
4.24845,0.15833,0.0
4.24845,0.18472,0.0
4.24845,0.2111,0.0
4.24845,0.23749,0.0
4.24845,0.26388,0.0
4.24845,0.29027,0.0
4.24845,0.31665,0.0
4.24845,0.34304,0.0
4.24845,0.36943,0.0
4.24845,0.39582,0.0
4.24845,0.42221,0.0
4.24845,0.44859,0.0
4.24845,0.47498,0.0
4.24845,0.50137,0.0
4.24845,0.52776,0.0
4.24845,0.55415,0.0
4.24845,0.58053,0.0
4.24845,0.60692,0.0
4.24845,0.63331,0.0
4.27484,-0.63331,0.0
4.27484,-0.60692,0.0
4.27484,-0.58053,0.0
4.27484,-0.55415,0.0
4.27484,-0.52776,0.0
4.27484,-0.50137,0.0
4.27484,-0.47498,0.0
4.27484,-0.44859,0.0
4.27484,-0.42221,0.0
4.27484,-0.39582,0.0
4.27484,-0.36943,0.0
4.27484,-0.34304,0.0
4.27484,-0.31665,0.0
4.27484,-0.29027,0.0
4.27484,-0.26388,0.0
4.27484,-0.23749,0.0
4.27484,-0.2111,0.0
4.27484,-0.18472,0.0
4.27484,-0.15833,0.0
4.27484,-0.13194,0.0
4.27484,-0.10555,0.0
4.27484,-0.07916,0.0
4.27484,-0.05278,0.0
4.27484,-0.02639,0.0
4.27484,0,0.0
4.27484,0.02639,0.0
4.27484,0.05278,0.0
4.27484,0.07916,0.0
4.27484,0.10555,0.0
4.27484,0.13194,0.0
4.27484,0.15833,0.0
4.27484,0.18472,0.0
4.27484,0.2111,0.0
4.27484,0.23749,0.0
4.27484,0.26388,0.0
4.27484,0.29027,0.0
4.27484,0.31665,0.0
4.27484,0.34304,0.0
4.27484,0.36943,0.0
4.27484,0.39582,0.0
4.27484,0.42221,0.0
4.27484,0.44859,0.0
4.27484,0.47498,0.0
4.27484,0.50137,0.0
4.27484,0.52776,0.0
4.27484,0.55415,0.0
4.27484,0.58053,0.0
4.27484,0.60692,0.0
4.27484,0.63331,0.0
4.30123,-0.63331,0.0
4.30123,-0.60692,0.0
4.30123,-0.58053,0.0
4.30123,-0.55415,0.0
4.30123,-0.52776,0.0
4.30123,-0.50137,0.0
4.30123,-0.47498,0.0
4.30123,-0.44859,0.0
4.30123,-0.42221,0.0
4.30123,-0.39582,0.0
4.30123,-0.36943,0.0
4.30123,-0.34304,0.0
4.30123,-0.31665,0.0
4.30123,-0.29027,0.0
4.30123,-0.26388,0.0
4.30123,-0.23749,0.0
4.30123,-0.2111,0.0
4.30123,-0.18472,0.0
4.30123,-0.15833,0.0
4.30123,-0.13194,0.0
4.30123,-0.10555,0.0
4.30123,-0.07916,0.0
4.30123,-0.05278,0.0
4.30123,-0.02639,0.0
4.30123,0,0.0
4.30123,0.02639,0.0
4.30123,0.05278,0.0
4.30123,0.07916,0.0
4.30123,0.10555,0.0
4.30123,0.13194,0.0
4.30123,0.15833,0.0
4.30123,0.18472,0.0
4.30123,0.2111,0.0
4.30123,0.23749,0.0
4.30123,0.26388,0.0
4.30123,0.29027,0.0
4.30123,0.31665,0.0
4.30123,0.34304,0.0
4.30123,0.36943,0.0
4.30123,0.39582,0.0
4.30123,0.42221,0.0
4.30123,0.44859,0.0
4.30123,0.47498,0.0
4.30123,0.50137,0.0
4.30123,0.52776,0.0
4.30123,0.55415,0.0
4.30123,0.58053,0.0
4.30123,0.60692,0.0
4.30123,0.63331,0.0
4.32762,-0.63331,0.0
4.32762,-0.60692,0.0
4.32762,-0.58053,0.0
4.32762,-0.55415,0.0
4.32762,-0.52776,0.0
4.32762,-0.50137,0.0
4.32762,-0.47498,0.0
4.32762,-0.44859,0.0
4.32762,-0.42221,0.0
4.32762,-0.39582,0.0
4.32762,-0.36943,0.0
4.32762,-0.34304,0.0
4.32762,-0.31665,0.0
4.32762,-0.29027,0.0
4.32762,-0.26388,0.0
4.32762,-0.23749,0.0
4.32762,-0.2111,0.0
4.32762,-0.18472,0.0
4.32762,-0.15833,0.0
4.32762,-0.13194,0.0
4.32762,-0.10555,0.0
4.32762,-0.07916,0.0
4.32762,-0.05278,0.0
4.32762,-0.02639,0.0
4.32762,0,0.0
4.32762,0.02639,0.0
4.32762,0.05278,0.0
4.32762,0.07916,0.0
4.32762,0.10555,0.0
4.32762,0.13194,0.0
4.32762,0.15833,0.0
4.32762,0.18472,0.0
4.32762,0.2111,0.0
4.32762,0.23749,0.0
4.32762,0.26388,0.0
4.32762,0.29027,0.0
4.32762,0.31665,0.0
4.32762,0.34304,0.0
4.32762,0.36943,0.0
4.32762,0.39582,0.0
4.32762,0.42221,0.0
4.32762,0.44859,0.0
4.32762,0.47498,0.0
4.32762,0.50137,0.0
4.32762,0.52776,0.0
4.32762,0.55415,0.0
4.32762,0.58053,0.0
4.32762,0.60692,0.0
4.32762,0.63331,0.0
4.354,-0.63331,0.0
4.354,-0.60692,0.0
4.354,-0.58053,0.0
4.354,-0.55415,0.0
4.354,-0.52776,0.0
4.354,-0.50137,0.0
4.354,-0.47498,0.0
4.354,-0.44859,0.0
4.354,-0.42221,0.0
4.354,-0.39582,0.0
4.354,-0.36943,0.0
4.354,-0.34304,0.0
4.354,-0.31665,0.0
4.354,-0.29027,0.0
4.354,-0.26388,0.0
4.354,-0.23749,0.0
4.354,-0.2111,0.0
4.354,-0.18472,0.0
4.354,-0.15833,0.0
4.354,-0.13194,0.0
4.354,-0.10555,0.0
4.354,-0.07916,0.0
4.354,-0.05278,0.0
4.354,-0.02639,0.0
4.354,0,0.0
4.354,0.02639,0.0
4.354,0.05278,0.0
4.354,0.07916,0.0
4.354,0.10555,0.0
4.354,0.13194,0.0
4.354,0.15833,0.0
4.354,0.18472,0.0
4.354,0.2111,0.0
4.354,0.23749,0.0
4.354,0.26388,0.0
4.354,0.29027,0.0
4.354,0.31665,0.0
4.354,0.34304,0.0
4.354,0.36943,0.0
4.354,0.39582,0.0
4.354,0.42221,0.0
4.354,0.44859,0.0
4.354,0.47498,0.0
4.354,0.50137,0.0
4.354,0.52776,0.0
4.354,0.55415,0.0
4.354,0.58053,0.0
4.354,0.60692,0.0
4.354,0.63331,0.0
4.38039,-0.63331,0.0
4.38039,-0.60692,0.0
4.38039,-0.58053,0.0
4.38039,-0.55415,0.0
4.38039,-0.52776,0.0
4.38039,-0.50137,0.0
4.38039,-0.47498,0.0
4.38039,-0.44859,0.0
4.38039,-0.42221,0.0
4.38039,-0.39582,0.0
4.38039,-0.36943,0.0
4.38039,-0.34304,0.0
4.38039,-0.31665,0.0
4.38039,-0.29027,0.0
4.38039,-0.26388,0.0
4.38039,-0.23749,0.0
4.38039,-0.2111,0.0
4.38039,-0.18472,0.0
4.38039,-0.15833,0.0
4.38039,-0.13194,0.0
4.38039,-0.10555,0.0
4.38039,-0.07916,0.0
4.38039,-0.05278,0.0
4.38039,-0.02639,0.0
4.38039,0,0.0
4.38039,0.02639,0.0
4.38039,0.05278,0.0
4.38039,0.07916,0.0
4.38039,0.10555,0.0
4.38039,0.13194,0.0
4.38039,0.15833,0.0
4.38039,0.18472,0.0
4.38039,0.2111,0.0
4.38039,0.23749,0.0
4.38039,0.26388,0.0
4.38039,0.29027,0.0
4.38039,0.31665,0.0
4.38039,0.34304,0.0
4.38039,0.36943,0.0
4.38039,0.39582,0.0
4.38039,0.42221,0.0
4.38039,0.44859,0.0
4.38039,0.47498,0.0
4.38039,0.50137,0.0
4.38039,0.52776,0.0
4.38039,0.55415,0.0
4.38039,0.58053,0.0
4.38039,0.60692,0.0
4.38039,0.63331,0.0
4.40678,-0.63331,0.0
4.40678,-0.60692,0.0
4.40678,-0.58053,0.0
4.40678,-0.55415,0.0
4.40678,-0.52776,0.0
4.40678,-0.50137,0.0
4.40678,-0.47498,0.0
4.40678,-0.44859,0.0
4.40678,-0.42221,0.0
4.40678,-0.39582,0.0
4.40678,-0.36943,0.0
4.40678,-0.34304,0.0
4.40678,-0.31665,0.0
4.40678,-0.29027,0.0
4.40678,-0.26388,0.0
4.40678,-0.23749,0.0
4.40678,-0.2111,0.0
4.40678,-0.18472,0.0
4.40678,-0.15833,0.0
4.40678,-0.13194,0.0
4.40678,-0.10555,0.0
4.40678,-0.07916,0.0
4.40678,-0.05278,0.0
4.40678,-0.02639,0.0
4.40678,0,0.0
4.40678,0.02639,0.0
4.40678,0.05278,0.0
4.40678,0.07916,0.0
4.40678,0.10555,0.0
4.40678,0.13194,0.0
4.40678,0.15833,0.0
4.40678,0.18472,0.0
4.40678,0.2111,0.0
4.40678,0.23749,0.0
4.40678,0.26388,0.0
4.40678,0.29027,0.0
4.40678,0.31665,0.0
4.40678,0.34304,0.0
4.40678,0.36943,0.0
4.40678,0.39582,0.0
4.40678,0.42221,0.0
4.40678,0.44859,0.0
4.40678,0.47498,0.0
4.40678,0.50137,0.0
4.40678,0.52776,0.0
4.40678,0.55415,0.0
4.40678,0.58053,0.0
4.40678,0.60692,0.0
4.40678,0.63331,0.0
4.43317,-0.63331,0.0
4.43317,-0.60692,0.0
4.43317,-0.58053,0.0
4.43317,-0.55415,0.0
4.43317,-0.52776,0.0
4.43317,-0.50137,0.0
4.43317,-0.47498,0.0
4.43317,-0.44859,0.0
4.43317,-0.42221,0.0
4.43317,-0.39582,0.0
4.43317,-0.36943,0.0
4.43317,-0.34304,0.0
4.43317,-0.31665,0.0
4.43317,-0.29027,0.0
4.43317,-0.26388,0.0
4.43317,-0.23749,0.0
4.43317,-0.2111,0.0
4.43317,-0.18472,0.0
4.43317,-0.15833,0.0
4.43317,-0.13194,0.0
4.43317,-0.10555,0.0
4.43317,-0.07916,0.0
4.43317,-0.05278,0.0
4.43317,-0.02639,0.0
4.43317,0,0.0
4.43317,0.02639,0.0
4.43317,0.05278,0.0
4.43317,0.07916,0.0
4.43317,0.10555,0.0
4.43317,0.13194,0.0
4.43317,0.15833,0.0
4.43317,0.18472,0.0
4.43317,0.2111,0.0
4.43317,0.23749,0.0
4.43317,0.26388,0.0
4.43317,0.29027,0.0
4.43317,0.31665,0.0
4.43317,0.34304,0.0
4.43317,0.36943,0.0
4.43317,0.39582,0.0
4.43317,0.42221,0.0
4.43317,0.44859,0.0
4.43317,0.47498,0.0
4.43317,0.50137,0.0
4.43317,0.52776,0.0
4.43317,0.55415,0.0
4.43317,0.58053,0.0
4.43317,0.60692,0.0
4.43317,0.63331,0.0
4.45956,-0.63331,0.0
4.45956,-0.60692,0.0
4.45956,-0.58053,0.0
4.45956,-0.55415,0.0
4.45956,-0.52776,0.0
4.45956,-0.50137,0.0
4.45956,-0.47498,0.0
4.45956,-0.44859,0.0
4.45956,-0.42221,0.0
4.45956,-0.39582,0.0
4.45956,-0.36943,0.0
4.45956,-0.34304,0.0
4.45956,-0.31665,0.0
4.45956,-0.29027,0.0
4.45956,-0.26388,0.0
4.45956,-0.23749,0.0
4.45956,-0.2111,0.0
4.45956,-0.18472,0.0
4.45956,-0.15833,0.0
4.45956,-0.13194,0.0
4.45956,-0.10555,0.0
4.45956,-0.07916,0.0
4.45956,-0.05278,0.0
4.45956,-0.02639,0.0
4.45956,0,0.0
4.45956,0.02639,0.0
4.45956,0.05278,0.0
4.45956,0.07916,0.0
4.45956,0.10555,0.0
4.45956,0.13194,0.0
4.45956,0.15833,0.0
4.45956,0.18472,0.0
4.45956,0.2111,0.0
4.45956,0.23749,0.0
4.45956,0.26388,0.0
4.45956,0.29027,0.0
4.45956,0.31665,0.0
4.45956,0.34304,0.0
4.45956,0.36943,0.0
4.45956,0.39582,0.0
4.45956,0.42221,0.0
4.45956,0.44859,0.0
4.45956,0.47498,0.0
4.45956,0.50137,0.0
4.45956,0.52776,0.0
4.45956,0.55415,0.0
4.45956,0.58053,0.0
4.45956,0.60692,0.0
4.45956,0.63331,0.0
4.48594,-0.63331,0.0
4.48594,-0.60692,0.0
4.48594,-0.58053,0.0
4.48594,-0.55415,0.0
4.48594,-0.52776,0.0
4.48594,-0.50137,0.0
4.48594,-0.47498,0.0
4.48594,-0.44859,0.0
4.48594,-0.42221,0.0
4.48594,-0.39582,0.0
4.48594,-0.36943,0.0
4.48594,-0.34304,0.0
4.48594,-0.31665,0.0
4.48594,-0.29027,0.0
4.48594,-0.26388,0.0
4.48594,-0.23749,0.0
4.48594,-0.2111,0.0
4.48594,-0.18472,0.0
4.48594,-0.15833,0.0
4.48594,-0.13194,0.0
4.48594,-0.10555,0.0
4.48594,-0.07916,0.0
4.48594,-0.05278,0.0
4.48594,-0.02639,0.0
4.48594,0,0.0
4.48594,0.02639,0.0
4.48594,0.05278,0.0
4.48594,0.07916,0.0
4.48594,0.10555,0.0
4.48594,0.13194,0.0
4.48594,0.15833,0.0
4.48594,0.18472,0.0
4.48594,0.2111,0.0
4.48594,0.23749,0.0
4.48594,0.26388,0.0
4.48594,0.29027,0.0
4.48594,0.31665,0.0
4.48594,0.34304,0.0
4.48594,0.36943,0.0
4.48594,0.39582,0.0
4.48594,0.42221,0.0
4.48594,0.44859,0.0
4.48594,0.47498,0.0
4.48594,0.50137,0.0
4.48594,0.52776,0.0
4.48594,0.55415,0.0
4.48594,0.58053,0.0
4.48594,0.60692,0.0
4.48594,0.63331,0.0
4.51233,-0.63331,0.0
4.51233,-0.60692,0.0
4.51233,-0.58053,0.0
4.51233,-0.55415,0.0
4.51233,-0.52776,0.0
4.51233,-0.50137,0.0
4.51233,-0.47498,0.0
4.51233,-0.44859,0.0
4.51233,-0.42221,0.0
4.51233,-0.39582,0.0
4.51233,-0.36943,0.0
4.51233,-0.34304,0.0
4.51233,-0.31665,0.0
4.51233,-0.29027,0.0
4.51233,-0.26388,0.0
4.51233,-0.23749,0.0
4.51233,-0.2111,0.0
4.51233,-0.18472,0.0
4.51233,-0.15833,0.0
4.51233,-0.13194,0.0
4.51233,-0.10555,0.0
4.51233,-0.07916,0.0
4.51233,-0.05278,0.0
4.51233,-0.02639,0.0
4.51233,0,0.0
4.51233,0.02639,0.0
4.51233,0.05278,0.0
4.51233,0.07916,0.0
4.51233,0.10555,0.0
4.51233,0.13194,0.0
4.51233,0.15833,0.0
4.51233,0.18472,0.0
4.51233,0.2111,0.0
4.51233,0.23749,0.0
4.51233,0.26388,0.0
4.51233,0.29027,0.0
4.51233,0.31665,0.0
4.51233,0.34304,0.0
4.51233,0.36943,0.0
4.51233,0.39582,0.0
4.51233,0.42221,0.0
4.51233,0.44859,0.0
4.51233,0.47498,0.0
4.51233,0.50137,0.0
4.51233,0.52776,0.0
4.51233,0.55415,0.0
4.51233,0.58053,0.0
4.51233,0.60692,0.0
4.51233,0.63331,0.0
4.53872,-0.63331,0.0
4.53872,-0.60692,0.0
4.53872,-0.58053,0.0
4.53872,-0.55415,0.0
4.53872,-0.52776,0.0
4.53872,-0.50137,0.0
4.53872,-0.47498,0.0
4.53872,-0.44859,0.0
4.53872,-0.42221,0.0
4.53872,-0.39582,0.0
4.53872,-0.36943,0.0
4.53872,-0.34304,0.0
4.53872,-0.31665,0.0
4.53872,-0.29027,0.0
4.53872,-0.26388,0.0
4.53872,-0.23749,0.0
4.53872,-0.2111,0.0
4.53872,-0.18472,0.0
4.53872,-0.15833,0.0
4.53872,-0.13194,0.0
4.53872,-0.10555,0.0
4.53872,-0.07916,0.0
4.53872,-0.05278,0.0
4.53872,-0.02639,0.0
4.53872,0,0.0
4.53872,0.02639,0.0
4.53872,0.05278,0.0
4.53872,0.07916,0.0
4.53872,0.10555,0.0
4.53872,0.13194,0.0
4.53872,0.15833,0.0
4.53872,0.18472,0.0
4.53872,0.2111,0.0
4.53872,0.23749,0.0
4.53872,0.26388,0.0
4.53872,0.29027,0.0
4.53872,0.31665,0.0
4.53872,0.34304,0.0
4.53872,0.36943,0.0
4.53872,0.39582,0.0
4.53872,0.42221,0.0
4.53872,0.44859,0.0
4.53872,0.47498,0.0
4.53872,0.50137,0.0
4.53872,0.52776,0.0
4.53872,0.55415,0.0
4.53872,0.58053,0.0
4.53872,0.60692,0.0
4.53872,0.63331,0.0
4.56511,-0.63331,0.0
4.56511,-0.60692,0.0
4.56511,-0.58053,0.0
4.56511,-0.55415,0.0
4.56511,-0.52776,0.0
4.56511,-0.50137,0.0
4.56511,-0.47498,0.0
4.56511,-0.44859,0.0
4.56511,-0.42221,0.0
4.56511,-0.39582,0.0
4.56511,-0.36943,0.0
4.56511,-0.34304,0.0
4.56511,-0.31665,0.0
4.56511,-0.29027,0.0
4.56511,-0.26388,0.0
4.56511,-0.23749,0.0
4.56511,-0.2111,0.0
4.56511,-0.18472,0.0
4.56511,-0.15833,0.0
4.56511,-0.13194,0.0
4.56511,-0.10555,0.0
4.56511,-0.07916,0.0
4.56511,-0.05278,0.0
4.56511,-0.02639,0.0
4.56511,0,0.0
4.56511,0.02639,0.0
4.56511,0.05278,0.0
4.56511,0.07916,0.0
4.56511,0.10555,0.0
4.56511,0.13194,0.0
4.56511,0.15833,0.0
4.56511,0.18472,0.0
4.56511,0.2111,0.0
4.56511,0.23749,0.0
4.56511,0.26388,0.0
4.56511,0.29027,0.0
4.56511,0.31665,0.0
4.56511,0.34304,0.0
4.56511,0.36943,0.0
4.56511,0.39582,0.0
4.56511,0.42221,0.0
4.56511,0.44859,0.0
4.56511,0.47498,0.0
4.56511,0.50137,0.0
4.56511,0.52776,0.0
4.56511,0.55415,0.0
4.56511,0.58053,0.0
4.56511,0.60692,0.0
4.56511,0.63331,0.0
4.59149,-0.63331,0.0
4.59149,-0.60692,0.0
4.59149,-0.58053,0.0
4.59149,-0.55415,0.0
4.59149,-0.52776,0.0
4.59149,-0.50137,0.0
4.59149,-0.47498,0.0
4.59149,-0.44859,0.0
4.59149,-0.42221,0.0
4.59149,-0.39582,0.0
4.59149,-0.36943,0.0
4.59149,-0.34304,0.0
4.59149,-0.31665,0.0
4.59149,-0.29027,0.0
4.59149,-0.26388,0.0
4.59149,-0.23749,0.0
4.59149,-0.2111,0.0
4.59149,-0.18472,0.0
4.59149,-0.15833,0.0
4.59149,-0.13194,0.0
4.59149,-0.10555,0.0
4.59149,-0.07916,0.0
4.59149,-0.05278,0.0
4.59149,-0.02639,0.0
4.59149,0,0.0
4.59149,0.02639,0.0
4.59149,0.05278,0.0
4.59149,0.07916,0.0
4.59149,0.10555,0.0
4.59149,0.13194,0.0
4.59149,0.15833,0.0
4.59149,0.18472,0.0
4.59149,0.2111,0.0
4.59149,0.23749,0.0
4.59149,0.26388,0.0
4.59149,0.29027,0.0
4.59149,0.31665,0.0
4.59149,0.34304,0.0
4.59149,0.36943,0.0
4.59149,0.39582,0.0
4.59149,0.42221,0.0
4.59149,0.44859,0.0
4.59149,0.47498,0.0
4.59149,0.50137,0.0
4.59149,0.52776,0.0
4.59149,0.55415,0.0
4.59149,0.58053,0.0
4.59149,0.60692,0.0
4.59149,0.63331,0.0
4.61788,-0.63331,0.0
4.61788,-0.60692,0.0
4.61788,-0.58053,0.0
4.61788,-0.55415,0.0
4.61788,-0.52776,0.0
4.61788,-0.50137,0.0
4.61788,-0.47498,0.0
4.61788,-0.44859,0.0
4.61788,-0.42221,0.0
4.61788,-0.39582,0.0
4.61788,-0.36943,0.0
4.61788,-0.34304,0.0
4.61788,-0.31665,0.0
4.61788,-0.29027,0.0
4.61788,-0.26388,0.0
4.61788,-0.23749,0.0
4.61788,-0.2111,0.0
4.61788,-0.18472,0.0
4.61788,-0.15833,0.0
4.61788,-0.13194,0.0
4.61788,-0.10555,0.0
4.61788,-0.07916,0.0
4.61788,-0.05278,0.0
4.61788,-0.02639,0.0
4.61788,0,0.0
4.61788,0.02639,0.0
4.61788,0.05278,0.0
4.61788,0.07916,0.0
4.61788,0.10555,0.0
4.61788,0.13194,0.0
4.61788,0.15833,0.0
4.61788,0.18472,0.0
4.61788,0.2111,0.0
4.61788,0.23749,0.0
4.61788,0.26388,0.0
4.61788,0.29027,0.0
4.61788,0.31665,0.0
4.61788,0.34304,0.0
4.61788,0.36943,0.0
4.61788,0.39582,0.0
4.61788,0.42221,0.0
4.61788,0.44859,0.0
4.61788,0.47498,0.0
4.61788,0.50137,0.0
4.61788,0.52776,0.0
4.61788,0.55415,0.0
4.61788,0.58053,0.0
4.61788,0.60692,0.0
4.61788,0.63331,0.0
4.64427,-0.63331,0.0
4.64427,-0.60692,0.0
4.64427,-0.58053,0.0
4.64427,-0.55415,0.0
4.64427,-0.52776,0.0
4.64427,-0.50137,0.0
4.64427,-0.47498,0.0
4.64427,-0.44859,0.0
4.64427,-0.42221,0.0
4.64427,-0.39582,0.0
4.64427,-0.36943,0.0
4.64427,-0.34304,0.0
4.64427,-0.31665,0.0
4.64427,-0.29027,0.0
4.64427,-0.26388,0.0
4.64427,-0.23749,0.0
4.64427,-0.2111,0.0
4.64427,-0.18472,0.0
4.64427,-0.15833,0.0
4.64427,-0.13194,0.0
4.64427,-0.10555,0.0
4.64427,-0.07916,0.0
4.64427,-0.05278,0.0
4.64427,-0.02639,0.0
4.64427,0,0.0
4.64427,0.02639,0.0
4.64427,0.05278,0.0
4.64427,0.07916,0.0
4.64427,0.10555,0.0
4.64427,0.13194,0.0
4.64427,0.15833,0.0
4.64427,0.18472,0.0
4.64427,0.2111,0.0
4.64427,0.23749,0.0
4.64427,0.26388,0.0
4.64427,0.29027,0.0
4.64427,0.31665,0.0
4.64427,0.34304,0.0
4.64427,0.36943,0.0
4.64427,0.39582,0.0
4.64427,0.42221,0.0
4.64427,0.44859,0.0
4.64427,0.47498,0.0
4.64427,0.50137,0.0
4.64427,0.52776,0.0
4.64427,0.55415,0.0
4.64427,0.58053,0.0
4.64427,0.60692,0.0
4.64427,0.63331,0.0
4.67066,-0.63331,0.0
4.67066,-0.60692,0.0
4.67066,-0.58053,0.0
4.67066,-0.55415,0.0
4.67066,-0.52776,0.0
4.67066,-0.50137,0.0
4.67066,-0.47498,0.0
4.67066,-0.44859,0.0
4.67066,-0.42221,0.0
4.67066,-0.39582,0.0
4.67066,-0.36943,0.0
4.67066,-0.34304,0.0
4.67066,-0.31665,0.0
4.67066,-0.29027,0.0
4.67066,-0.26388,0.0
4.67066,-0.23749,0.0
4.67066,-0.2111,0.0
4.67066,-0.18472,0.0
4.67066,-0.15833,0.0
4.67066,-0.13194,0.0
4.67066,-0.10555,0.0
4.67066,-0.07916,0.0
4.67066,-0.05278,0.0
4.67066,-0.02639,0.0
4.67066,0,0.0
4.67066,0.02639,0.0
4.67066,0.05278,0.0
4.67066,0.07916,0.0
4.67066,0.10555,0.0
4.67066,0.13194,0.0
4.67066,0.15833,0.0
4.67066,0.18472,0.0
4.67066,0.2111,0.0
4.67066,0.23749,0.0
4.67066,0.26388,0.0
4.67066,0.29027,0.0
4.67066,0.31665,0.0
4.67066,0.34304,0.0
4.67066,0.36943,0.0
4.67066,0.39582,0.0
4.67066,0.42221,0.0
4.67066,0.44859,0.0
4.67066,0.47498,0.0
4.67066,0.50137,0.0
4.67066,0.52776,0.0
4.67066,0.55415,0.0
4.67066,0.58053,0.0
4.67066,0.60692,0.0
4.67066,0.63331,0.0
4.69705,-0.63331,0.0
4.69705,-0.60692,0.0
4.69705,-0.58053,0.0
4.69705,-0.55415,0.0
4.69705,-0.52776,0.0
4.69705,-0.50137,0.0
4.69705,-0.47498,0.0
4.69705,-0.44859,0.0
4.69705,-0.42221,0.0
4.69705,-0.39582,0.0
4.69705,-0.36943,0.0
4.69705,-0.34304,0.0
4.69705,-0.31665,0.0
4.69705,-0.29027,0.0
4.69705,-0.26388,0.0
4.69705,-0.23749,0.0
4.69705,-0.2111,0.0
4.69705,-0.18472,0.0
4.69705,-0.15833,0.0
4.69705,-0.13194,0.0
4.69705,-0.10555,0.0
4.69705,-0.07916,0.0
4.69705,-0.05278,0.0
4.69705,-0.02639,0.0
4.69705,0,0.0
4.69705,0.02639,0.0
4.69705,0.05278,0.0
4.69705,0.07916,0.0
4.69705,0.10555,0.0
4.69705,0.13194,0.0
4.69705,0.15833,0.0
4.69705,0.18472,0.0
4.69705,0.2111,0.0
4.69705,0.23749,0.0
4.69705,0.26388,0.0
4.69705,0.29027,0.0
4.69705,0.31665,0.0
4.69705,0.34304,0.0
4.69705,0.36943,0.0
4.69705,0.39582,0.0
4.69705,0.42221,0.0
4.69705,0.44859,0.0
4.69705,0.47498,0.0
4.69705,0.50137,0.0
4.69705,0.52776,0.0
4.69705,0.55415,0.0
4.69705,0.58053,0.0
4.69705,0.60692,0.0
4.69705,0.63331,0.0
4.72343,-0.63331,0.0
4.72343,-0.60692,0.0
4.72343,-0.58053,0.0
4.72343,-0.55415,0.0
4.72343,-0.52776,0.0
4.72343,-0.50137,0.0
4.72343,-0.47498,0.0
4.72343,-0.44859,0.0
4.72343,-0.42221,0.0
4.72343,-0.39582,0.0
4.72343,-0.36943,0.0
4.72343,-0.34304,0.0
4.72343,-0.31665,0.0
4.72343,-0.29027,0.0
4.72343,-0.26388,0.0
4.72343,-0.23749,0.0
4.72343,-0.2111,0.0
4.72343,-0.18472,0.0
4.72343,-0.15833,0.0
4.72343,-0.13194,0.0
4.72343,-0.10555,0.0
4.72343,-0.07916,0.0
4.72343,-0.05278,0.0
4.72343,-0.02639,0.0
4.72343,0,0.0
4.72343,0.02639,0.0
4.72343,0.05278,0.0
4.72343,0.07916,0.0
4.72343,0.10555,0.0
4.72343,0.13194,0.0
4.72343,0.15833,0.0
4.72343,0.18472,0.0
4.72343,0.2111,0.0
4.72343,0.23749,0.0
4.72343,0.26388,0.0
4.72343,0.29027,0.0
4.72343,0.31665,0.0
4.72343,0.34304,0.0
4.72343,0.36943,0.0
4.72343,0.39582,0.0
4.72343,0.42221,0.0
4.72343,0.44859,0.0
4.72343,0.47498,0.0
4.72343,0.50137,0.0
4.72343,0.52776,0.0
4.72343,0.55415,0.0
4.72343,0.58053,0.0
4.72343,0.60692,0.0
4.72343,0.63331,0.0
4.74982,-0.63331,0.0
4.74982,-0.60692,0.0
4.74982,-0.58053,0.0
4.74982,-0.55415,0.0
4.74982,-0.52776,0.0
4.74982,-0.50137,0.0
4.74982,-0.47498,0.0
4.74982,-0.44859,0.0
4.74982,-0.42221,0.0
4.74982,-0.39582,0.0
4.74982,-0.36943,0.0
4.74982,-0.34304,0.0
4.74982,-0.31665,0.0
4.74982,-0.29027,0.0
4.74982,-0.26388,0.0
4.74982,-0.23749,0.0
4.74982,-0.2111,0.0
4.74982,-0.18472,0.0
4.74982,-0.15833,0.0
4.74982,-0.13194,0.0
4.74982,-0.10555,0.0
4.74982,-0.07916,0.0
4.74982,-0.05278,0.0
4.74982,-0.02639,0.0
4.74982,0,0.0
4.74982,0.02639,0.0
4.74982,0.05278,0.0
4.74982,0.07916,0.0
4.74982,0.10555,0.0
4.74982,0.13194,0.0
4.74982,0.15833,0.0
4.74982,0.18472,0.0
4.74982,0.2111,0.0
4.74982,0.23749,0.0
4.74982,0.26388,0.0
4.74982,0.29027,0.0
4.74982,0.31665,0.0
4.74982,0.34304,0.0
4.74982,0.36943,0.0
4.74982,0.39582,0.0
4.74982,0.42221,0.0
4.74982,0.44859,0.0
4.74982,0.47498,0.0
4.74982,0.50137,0.0
4.74982,0.52776,0.0
4.74982,0.55415,0.0
4.74982,0.58053,0.0
4.74982,0.60692,0.0
4.74982,0.63331,0.0
4.77621,-0.63331,0.0
4.77621,-0.60692,0.0
4.77621,-0.58053,0.0
4.77621,-0.55415,0.0
4.77621,-0.52776,0.0
4.77621,-0.50137,0.0
4.77621,-0.47498,0.0
4.77621,-0.44859,0.0
4.77621,-0.42221,0.0
4.77621,-0.39582,0.0
4.77621,-0.36943,0.0
4.77621,-0.34304,0.0
4.77621,-0.31665,0.0
4.77621,-0.29027,0.0
4.77621,-0.26388,0.0
4.77621,-0.23749,0.0
4.77621,-0.2111,0.0
4.77621,-0.18472,0.0
4.77621,-0.15833,0.0
4.77621,-0.13194,0.0
4.77621,-0.10555,0.0
4.77621,-0.07916,0.0
4.77621,-0.05278,0.0
4.77621,-0.02639,0.0
4.77621,0,0.0
4.77621,0.02639,0.0
4.77621,0.05278,0.0
4.77621,0.07916,0.0
4.77621,0.10555,0.0
4.77621,0.13194,0.0
4.77621,0.15833,0.0
4.77621,0.18472,0.0
4.77621,0.2111,0.0
4.77621,0.23749,0.0
4.77621,0.26388,0.0
4.77621,0.29027,0.0
4.77621,0.31665,0.0
4.77621,0.34304,0.0
4.77621,0.36943,0.0
4.77621,0.39582,0.0
4.77621,0.42221,0.0
4.77621,0.44859,0.0
4.77621,0.47498,0.0
4.77621,0.50137,0.0
4.77621,0.52776,0.0
4.77621,0.55415,0.0
4.77621,0.58053,0.0
4.77621,0.60692,0.0
4.77621,0.63331,0.0
4.8026,-0.63331,0.0
4.8026,-0.60692,0.0
4.8026,-0.58053,0.0
4.8026,-0.55415,0.0
4.8026,-0.52776,0.0
4.8026,-0.50137,0.0
4.8026,-0.47498,0.0
4.8026,-0.44859,0.0
4.8026,-0.42221,0.0
4.8026,-0.39582,0.0
4.8026,-0.36943,0.0
4.8026,-0.34304,0.0
4.8026,-0.31665,0.0
4.8026,-0.29027,0.0
4.8026,-0.26388,0.0
4.8026,-0.23749,0.0
4.8026,-0.2111,0.0
4.8026,-0.18472,0.0
4.8026,-0.15833,0.0
4.8026,-0.13194,0.0
4.8026,-0.10555,0.0
4.8026,-0.07916,0.0
4.8026,-0.05278,0.0
4.8026,-0.02639,0.0
4.8026,0,0.0
4.8026,0.02639,0.0
4.8026,0.05278,0.0
4.8026,0.07916,0.0
4.8026,0.10555,0.0
4.8026,0.13194,0.0
4.8026,0.15833,0.0
4.8026,0.18472,0.0
4.8026,0.2111,0.0
4.8026,0.23749,0.0
4.8026,0.26388,0.0
4.8026,0.29027,0.0
4.8026,0.31665,0.0
4.8026,0.34304,0.0
4.8026,0.36943,0.0
4.8026,0.39582,0.0
4.8026,0.42221,0.0
4.8026,0.44859,0.0
4.8026,0.47498,0.0
4.8026,0.50137,0.0
4.8026,0.52776,0.0
4.8026,0.55415,0.0
4.8026,0.58053,0.0
4.8026,0.60692,0.0
4.8026,0.63331,0.0
4.82899,-0.63331,0.0
4.82899,-0.60692,0.0
4.82899,-0.58053,0.0
4.82899,-0.55415,0.0
4.82899,-0.52776,0.0
4.82899,-0.50137,0.0
4.82899,-0.47498,0.0
4.82899,-0.44859,0.0
4.82899,-0.42221,0.0
4.82899,-0.39582,0.0
4.82899,-0.36943,0.0
4.82899,-0.34304,0.0
4.82899,-0.31665,0.0
4.82899,-0.29027,0.0
4.82899,-0.26388,0.0
4.82899,-0.23749,0.0
4.82899,-0.2111,0.0
4.82899,-0.18472,0.0
4.82899,-0.15833,0.0
4.82899,-0.13194,0.0
4.82899,-0.10555,0.0
4.82899,-0.07916,0.0
4.82899,-0.05278,0.0
4.82899,-0.02639,0.0
4.82899,0,0.0
4.82899,0.02639,0.0
4.82899,0.05278,0.0
4.82899,0.07916,0.0
4.82899,0.10555,0.0
4.82899,0.13194,0.0
4.82899,0.15833,0.0
4.82899,0.18472,0.0
4.82899,0.2111,0.0
4.82899,0.23749,0.0
4.82899,0.26388,0.0
4.82899,0.29027,0.0
4.82899,0.31665,0.0
4.82899,0.34304,0.0
4.82899,0.36943,0.0
4.82899,0.39582,0.0
4.82899,0.42221,0.0
4.82899,0.44859,0.0
4.82899,0.47498,0.0
4.82899,0.50137,0.0
4.82899,0.52776,0.0
4.82899,0.55415,0.0
4.82899,0.58053,0.0
4.82899,0.60692,0.0
4.82899,0.63331,0.0
4.85537,-0.63331,0.0
4.85537,-0.60692,0.0
4.85537,-0.58053,0.0
4.85537,-0.55415,0.0
4.85537,-0.52776,0.0
4.85537,-0.50137,0.0
4.85537,-0.47498,0.0
4.85537,-0.44859,0.0
4.85537,-0.42221,0.0
4.85537,-0.39582,0.0
4.85537,-0.36943,0.0
4.85537,-0.34304,0.0
4.85537,-0.31665,0.0
4.85537,-0.29027,0.0
4.85537,-0.26388,0.0
4.85537,-0.23749,0.0
4.85537,-0.2111,0.0
4.85537,-0.18472,0.0
4.85537,-0.15833,0.0
4.85537,-0.13194,0.0
4.85537,-0.10555,0.0
4.85537,-0.07916,0.0
4.85537,-0.05278,0.0
4.85537,-0.02639,0.0
4.85537,0,0.0
4.85537,0.02639,0.0
4.85537,0.05278,0.0
4.85537,0.07916,0.0
4.85537,0.10555,0.0
4.85537,0.13194,0.0
4.85537,0.15833,0.0
4.85537,0.18472,0.0
4.85537,0.2111,0.0
4.85537,0.23749,0.0
4.85537,0.26388,0.0
4.85537,0.29027,0.0
4.85537,0.31665,0.0
4.85537,0.34304,0.0
4.85537,0.36943,0.0
4.85537,0.39582,0.0
4.85537,0.42221,0.0
4.85537,0.44859,0.0
4.85537,0.47498,0.0
4.85537,0.50137,0.0
4.85537,0.52776,0.0
4.85537,0.55415,0.0
4.85537,0.58053,0.0
4.85537,0.60692,0.0
4.85537,0.63331,0.0
4.88176,-0.63331,0.0
4.88176,-0.60692,0.0
4.88176,-0.58053,0.0
4.88176,-0.55415,0.0
4.88176,-0.52776,0.0
4.88176,-0.50137,0.0
4.88176,-0.47498,0.0
4.88176,-0.44859,0.0
4.88176,-0.42221,0.0
4.88176,-0.39582,0.0
4.88176,-0.36943,0.0
4.88176,-0.34304,0.0
4.88176,-0.31665,0.0
4.88176,-0.29027,0.0
4.88176,-0.26388,0.0
4.88176,-0.23749,0.0
4.88176,-0.2111,0.0
4.88176,-0.18472,0.0
4.88176,-0.15833,0.0
4.88176,-0.13194,0.0
4.88176,-0.10555,0.0
4.88176,-0.07916,0.0
4.88176,-0.05278,0.0
4.88176,-0.02639,0.0
4.88176,0,0.0
4.88176,0.02639,0.0
4.88176,0.05278,0.0
4.88176,0.07916,0.0
4.88176,0.10555,0.0
4.88176,0.13194,0.0
4.88176,0.15833,0.0
4.88176,0.18472,0.0
4.88176,0.2111,0.0
4.88176,0.23749,0.0
4.88176,0.26388,0.0
4.88176,0.29027,0.0
4.88176,0.31665,0.0
4.88176,0.34304,0.0
4.88176,0.36943,0.0
4.88176,0.39582,0.0
4.88176,0.42221,0.0
4.88176,0.44859,0.0
4.88176,0.47498,0.0
4.88176,0.50137,0.0
4.88176,0.52776,0.0
4.88176,0.55415,0.0
4.88176,0.58053,0.0
4.88176,0.60692,0.0
4.88176,0.63331,0.0
4.90815,-0.63331,0.0
4.90815,-0.60692,0.0
4.90815,-0.58053,0.0
4.90815,-0.55415,0.0
4.90815,-0.52776,0.0
4.90815,-0.50137,0.0
4.90815,-0.47498,0.0
4.90815,-0.44859,0.0
4.90815,-0.42221,0.0
4.90815,-0.39582,0.0
4.90815,-0.36943,0.0
4.90815,-0.34304,0.0
4.90815,-0.31665,0.0
4.90815,-0.29027,0.0
4.90815,-0.26388,0.0
4.90815,-0.23749,0.0
4.90815,-0.2111,0.0
4.90815,-0.18472,0.0
4.90815,-0.15833,0.0
4.90815,-0.13194,0.0
4.90815,-0.10555,0.0
4.90815,-0.07916,0.0
4.90815,-0.05278,0.0
4.90815,-0.02639,0.0
4.90815,0,0.0
4.90815,0.02639,0.0
4.90815,0.05278,0.0
4.90815,0.07916,0.0
4.90815,0.10555,0.0
4.90815,0.13194,0.0
4.90815,0.15833,0.0
4.90815,0.18472,0.0
4.90815,0.2111,0.0
4.90815,0.23749,0.0
4.90815,0.26388,0.0
4.90815,0.29027,0.0
4.90815,0.31665,0.0
4.90815,0.34304,0.0
4.90815,0.36943,0.0
4.90815,0.39582,0.0
4.90815,0.42221,0.0
4.90815,0.44859,0.0
4.90815,0.47498,0.0
4.90815,0.50137,0.0
4.90815,0.52776,0.0
4.90815,0.55415,0.0
4.90815,0.58053,0.0
4.90815,0.60692,0.0
4.90815,0.63331,0.0
4.93454,-0.63331,0.0
4.93454,-0.60692,0.0
4.93454,-0.58053,0.0
4.93454,-0.55415,0.0
4.93454,-0.52776,0.0
4.93454,-0.50137,0.0
4.93454,-0.47498,0.0
4.93454,-0.44859,0.0
4.93454,-0.42221,0.0
4.93454,-0.39582,0.0
4.93454,-0.36943,0.0
4.93454,-0.34304,0.0
4.93454,-0.31665,0.0
4.93454,-0.29027,0.0
4.93454,-0.26388,0.0
4.93454,-0.23749,0.0
4.93454,-0.2111,0.0
4.93454,-0.18472,0.0
4.93454,-0.15833,0.0
4.93454,-0.13194,0.0
4.93454,-0.10555,0.0
4.93454,-0.07916,0.0
4.93454,-0.05278,0.0
4.93454,-0.02639,0.0
4.93454,0,0.0
4.93454,0.02639,0.0
4.93454,0.05278,0.0
4.93454,0.07916,0.0
4.93454,0.10555,0.0
4.93454,0.13194,0.0
4.93454,0.15833,0.0
4.93454,0.18472,0.0
4.93454,0.2111,0.0
4.93454,0.23749,0.0
4.93454,0.26388,0.0
4.93454,0.29027,0.0
4.93454,0.31665,0.0
4.93454,0.34304,0.0
4.93454,0.36943,0.0
4.93454,0.39582,0.0
4.93454,0.42221,0.0
4.93454,0.44859,0.0
4.93454,0.47498,0.0
4.93454,0.50137,0.0
4.93454,0.52776,0.0
4.93454,0.55415,0.0
4.93454,0.58053,0.0
4.93454,0.60692,0.0
4.93454,0.63331,0.0
4.96093,-0.63331,0.0
4.96093,-0.60692,0.0
4.96093,-0.58053,0.0
4.96093,-0.55415,0.0
4.96093,-0.52776,0.0
4.96093,-0.50137,0.0
4.96093,-0.47498,0.0
4.96093,-0.44859,0.0
4.96093,-0.42221,0.0
4.96093,-0.39582,0.0
4.96093,-0.36943,0.0
4.96093,-0.34304,0.0
4.96093,-0.31665,0.0
4.96093,-0.29027,0.0
4.96093,-0.26388,0.0
4.96093,-0.23749,0.0
4.96093,-0.2111,0.0
4.96093,-0.18472,0.0
4.96093,-0.15833,0.0
4.96093,-0.13194,0.0
4.96093,-0.10555,0.0
4.96093,-0.07916,0.0
4.96093,-0.05278,0.0
4.96093,-0.02639,0.0
4.96093,0,0.0
4.96093,0.02639,0.0
4.96093,0.05278,0.0
4.96093,0.07916,0.0
4.96093,0.10555,0.0
4.96093,0.13194,0.0
4.96093,0.15833,0.0
4.96093,0.18472,0.0
4.96093,0.2111,0.0
4.96093,0.23749,0.0
4.96093,0.26388,0.0
4.96093,0.29027,0.0
4.96093,0.31665,0.0
4.96093,0.34304,0.0
4.96093,0.36943,0.0
4.96093,0.39582,0.0
4.96093,0.42221,0.0
4.96093,0.44859,0.0
4.96093,0.47498,0.0
4.96093,0.50137,0.0
4.96093,0.52776,0.0
4.96093,0.55415,0.0
4.96093,0.58053,0.0
4.96093,0.60692,0.0
4.96093,0.63331,0.0
4.98731,-0.63331,0.0
4.98731,-0.60692,0.0
4.98731,-0.58053,0.0
4.98731,-0.55415,0.0
4.98731,-0.52776,0.0
4.98731,-0.50137,0.0
4.98731,-0.47498,0.0
4.98731,-0.44859,0.0
4.98731,-0.42221,0.0
4.98731,-0.39582,0.0
4.98731,-0.36943,0.0
4.98731,-0.34304,0.0
4.98731,-0.31665,0.0
4.98731,-0.29027,0.0
4.98731,-0.26388,0.0
4.98731,-0.23749,0.0
4.98731,-0.2111,0.0
4.98731,-0.18472,0.0
4.98731,-0.15833,0.0
4.98731,-0.13194,0.0
4.98731,-0.10555,0.0
4.98731,-0.07916,0.0
4.98731,-0.05278,0.0
4.98731,-0.02639,0.0
4.98731,0,0.0
4.98731,0.02639,0.0
4.98731,0.05278,0.0
4.98731,0.07916,0.0
4.98731,0.10555,0.0
4.98731,0.13194,0.0
4.98731,0.15833,0.0
4.98731,0.18472,0.0
4.98731,0.2111,0.0
4.98731,0.23749,0.0
4.98731,0.26388,0.0
4.98731,0.29027,0.0
4.98731,0.31665,0.0
4.98731,0.34304,0.0
4.98731,0.36943,0.0
4.98731,0.39582,0.0
4.98731,0.42221,0.0
4.98731,0.44859,0.0
4.98731,0.47498,0.0
4.98731,0.50137,0.0
4.98731,0.52776,0.0
4.98731,0.55415,0.0
4.98731,0.58053,0.0
4.98731,0.60692,0.0
4.98731,0.63331,0.0
5.0137,-0.63331,0.0
5.0137,-0.60692,0.0
5.0137,-0.58053,0.0
5.0137,-0.55415,0.0
5.0137,-0.52776,0.0
5.0137,-0.50137,0.0
5.0137,-0.47498,0.0
5.0137,-0.44859,0.0
5.0137,-0.42221,0.0
5.0137,-0.39582,0.0
5.0137,-0.36943,0.0
5.0137,-0.34304,0.0
5.0137,-0.31665,0.0
5.0137,-0.29027,0.0
5.0137,-0.26388,0.0
5.0137,-0.23749,0.0
5.0137,-0.2111,0.0
5.0137,-0.18472,0.0
5.0137,-0.15833,0.0
5.0137,-0.13194,0.0
5.0137,-0.10555,0.0
5.0137,-0.07916,0.0
5.0137,-0.05278,0.0
5.0137,-0.02639,0.0
5.0137,0,0.0
5.0137,0.02639,0.0
5.0137,0.05278,0.0
5.0137,0.07916,0.0
5.0137,0.10555,0.0
5.0137,0.13194,0.0
5.0137,0.15833,0.0
5.0137,0.18472,0.0
5.0137,0.2111,0.0
5.0137,0.23749,0.0
5.0137,0.26388,0.0
5.0137,0.29027,0.0
5.0137,0.31665,0.0
5.0137,0.34304,0.0
5.0137,0.36943,0.0
5.0137,0.39582,0.0
5.0137,0.42221,0.0
5.0137,0.44859,0.0
5.0137,0.47498,0.0
5.0137,0.50137,0.0
5.0137,0.52776,0.0
5.0137,0.55415,0.0
5.0137,0.58053,0.0
5.0137,0.60692,0.0
5.0137,0.63331,0.0
5.04009,-0.63331,0.0
5.04009,-0.60692,0.0
5.04009,-0.58053,0.0
5.04009,-0.55415,0.0
5.04009,-0.52776,0.0
5.04009,-0.50137,0.0
5.04009,-0.47498,0.0
5.04009,-0.44859,0.0
5.04009,-0.42221,0.0
5.04009,-0.39582,0.0
5.04009,-0.36943,0.0
5.04009,-0.34304,0.0
5.04009,-0.31665,0.0
5.04009,-0.29027,0.0
5.04009,-0.26388,0.0
5.04009,-0.23749,0.0
5.04009,-0.2111,0.0
5.04009,-0.18472,0.0
5.04009,-0.15833,0.0
5.04009,-0.13194,0.0
5.04009,-0.10555,0.0
5.04009,-0.07916,0.0
5.04009,-0.05278,0.0
5.04009,-0.02639,0.0
5.04009,0,0.0
5.04009,0.02639,0.0
5.04009,0.05278,0.0
5.04009,0.07916,0.0
5.04009,0.10555,0.0
5.04009,0.13194,0.0
5.04009,0.15833,0.0
5.04009,0.18472,0.0
5.04009,0.2111,0.0
5.04009,0.23749,0.0
5.04009,0.26388,0.0
5.04009,0.29027,0.0
5.04009,0.31665,0.0
5.04009,0.34304,0.0
5.04009,0.36943,0.0
5.04009,0.39582,0.0
5.04009,0.42221,0.0
5.04009,0.44859,0.0
5.04009,0.47498,0.0
5.04009,0.50137,0.0
5.04009,0.52776,0.0
5.04009,0.55415,0.0
5.04009,0.58053,0.0
5.04009,0.60692,0.0
5.04009,0.63331,0.0
5.06648,-0.63331,0.0
5.06648,-0.60692,0.0
5.06648,-0.58053,0.0
5.06648,-0.55415,0.0
5.06648,-0.52776,0.0
5.06648,-0.50137,0.0
5.06648,-0.47498,0.0
5.06648,-0.44859,0.0
5.06648,-0.42221,0.0
5.06648,-0.39582,0.0
5.06648,-0.36943,0.0
5.06648,-0.34304,0.0
5.06648,-0.31665,0.0
5.06648,-0.29027,0.0
5.06648,-0.26388,0.0
5.06648,-0.23749,0.0
5.06648,-0.2111,0.0
5.06648,-0.18472,0.0
5.06648,-0.15833,0.0
5.06648,-0.13194,0.0
5.06648,-0.10555,0.0
5.06648,-0.07916,0.0
5.06648,-0.05278,0.0
5.06648,-0.02639,0.0
5.06648,0,0.0
5.06648,0.02639,0.0
5.06648,0.05278,0.0
5.06648,0.07916,0.0
5.06648,0.10555,0.0
5.06648,0.13194,0.0
5.06648,0.15833,0.0
5.06648,0.18472,0.0
5.06648,0.2111,0.0
5.06648,0.23749,0.0
5.06648,0.26388,0.0
5.06648,0.29027,0.0
5.06648,0.31665,0.0
5.06648,0.34304,0.0
5.06648,0.36943,0.0
5.06648,0.39582,0.0
5.06648,0.42221,0.0
5.06648,0.44859,0.0
5.06648,0.47498,0.0
5.06648,0.50137,0.0
5.06648,0.52776,0.0
5.06648,0.55415,0.0
5.06648,0.58053,0.0
5.06648,0.60692,0.0
5.06648,0.63331,0.0
5.09287,-0.63331,0.0
5.09287,-0.60692,0.0
5.09287,-0.58053,0.0
5.09287,-0.55415,0.0
5.09287,-0.52776,0.0
5.09287,-0.50137,0.0
5.09287,-0.47498,0.0
5.09287,-0.44859,0.0
5.09287,-0.42221,0.0
5.09287,-0.39582,0.0
5.09287,-0.36943,0.0
5.09287,-0.34304,0.0
5.09287,-0.31665,0.0
5.09287,-0.29027,0.0
5.09287,-0.26388,0.0
5.09287,-0.23749,0.0
5.09287,-0.2111,0.0
5.09287,-0.18472,0.0
5.09287,-0.15833,0.0
5.09287,-0.13194,0.0
5.09287,-0.10555,0.0
5.09287,-0.07916,0.0
5.09287,-0.05278,0.0
5.09287,-0.02639,0.0
5.09287,0,0.0
5.09287,0.02639,0.0
5.09287,0.05278,0.0
5.09287,0.07916,0.0
5.09287,0.10555,0.0
5.09287,0.13194,0.0
5.09287,0.15833,0.0
5.09287,0.18472,0.0
5.09287,0.2111,0.0
5.09287,0.23749,0.0
5.09287,0.26388,0.0
5.09287,0.29027,0.0
5.09287,0.31665,0.0
5.09287,0.34304,0.0
5.09287,0.36943,0.0
5.09287,0.39582,0.0
5.09287,0.42221,0.0
5.09287,0.44859,0.0
5.09287,0.47498,0.0
5.09287,0.50137,0.0
5.09287,0.52776,0.0
5.09287,0.55415,0.0
5.09287,0.58053,0.0
5.09287,0.60692,0.0
5.09287,0.63331,0.0
5.11925,-0.63331,0.0
5.11925,-0.60692,0.0
5.11925,-0.58053,0.0
5.11925,-0.55415,0.0
5.11925,-0.52776,0.0
5.11925,-0.50137,0.0
5.11925,-0.47498,0.0
5.11925,-0.44859,0.0
5.11925,-0.42221,0.0
5.11925,-0.39582,0.0
5.11925,-0.36943,0.0
5.11925,-0.34304,0.0
5.11925,-0.31665,0.0
5.11925,-0.29027,0.0
5.11925,-0.26388,0.0
5.11925,-0.23749,0.0
5.11925,-0.2111,0.0
5.11925,-0.18472,0.0
5.11925,-0.15833,0.0
5.11925,-0.13194,0.0
5.11925,-0.10555,0.0
5.11925,-0.07916,0.0
5.11925,-0.05278,0.0
5.11925,-0.02639,0.0
5.11925,0,0.0
5.11925,0.02639,0.0
5.11925,0.05278,0.0
5.11925,0.07916,0.0
5.11925,0.10555,0.0
5.11925,0.13194,0.0
5.11925,0.15833,0.0
5.11925,0.18472,0.0
5.11925,0.2111,0.0
5.11925,0.23749,0.0
5.11925,0.26388,0.0
5.11925,0.29027,0.0
5.11925,0.31665,0.0
5.11925,0.34304,0.0
5.11925,0.36943,0.0
5.11925,0.39582,0.0
5.11925,0.42221,0.0
5.11925,0.44859,0.0
5.11925,0.47498,0.0
5.11925,0.50137,0.0
5.11925,0.52776,0.0
5.11925,0.55415,0.0
5.11925,0.58053,0.0
5.11925,0.60692,0.0
5.11925,0.63331,0.0
5.14564,-0.63331,0.0
5.14564,-0.60692,0.0
5.14564,-0.58053,0.0
5.14564,-0.55415,0.0
5.14564,-0.52776,0.0
5.14564,-0.50137,0.0
5.14564,-0.47498,0.0
5.14564,-0.44859,0.0
5.14564,-0.42221,0.0
5.14564,-0.39582,0.0
5.14564,-0.36943,0.0
5.14564,-0.34304,0.0
5.14564,-0.31665,0.0
5.14564,-0.29027,0.0
5.14564,-0.26388,0.0
5.14564,-0.23749,0.0
5.14564,-0.2111,0.0
5.14564,-0.18472,0.0
5.14564,-0.15833,0.0
5.14564,-0.13194,0.0
5.14564,-0.10555,0.0
5.14564,-0.07916,0.0
5.14564,-0.05278,0.0
5.14564,-0.02639,0.0
5.14564,0,0.0
5.14564,0.02639,0.0
5.14564,0.05278,0.0
5.14564,0.07916,0.0
5.14564,0.10555,0.0
5.14564,0.13194,0.0
5.14564,0.15833,0.0
5.14564,0.18472,0.0
5.14564,0.2111,0.0
5.14564,0.23749,0.0
5.14564,0.26388,0.0
5.14564,0.29027,0.0
5.14564,0.31665,0.0
5.14564,0.34304,0.0
5.14564,0.36943,0.0
5.14564,0.39582,0.0
5.14564,0.42221,0.0
5.14564,0.44859,0.0
5.14564,0.47498,0.0
5.14564,0.50137,0.0
5.14564,0.52776,0.0
5.14564,0.55415,0.0
5.14564,0.58053,0.0
5.14564,0.60692,0.0
5.14564,0.63331,0.0
5.17203,-0.63331,0.0
5.17203,-0.60692,0.0
5.17203,-0.58053,0.0
5.17203,-0.55415,0.0
5.17203,-0.52776,0.0
5.17203,-0.50137,0.0
5.17203,-0.47498,0.0
5.17203,-0.44859,0.0
5.17203,-0.42221,0.0
5.17203,-0.39582,0.0
5.17203,-0.36943,0.0
5.17203,-0.34304,0.0
5.17203,-0.31665,0.0
5.17203,-0.29027,0.0
5.17203,-0.26388,0.0
5.17203,-0.23749,0.0
5.17203,-0.2111,0.0
5.17203,-0.18472,0.0
5.17203,-0.15833,0.0
5.17203,-0.13194,0.0
5.17203,-0.10555,0.0
5.17203,-0.07916,0.0
5.17203,-0.05278,0.0
5.17203,-0.02639,0.0
5.17203,0,0.0
5.17203,0.02639,0.0
5.17203,0.05278,0.0
5.17203,0.07916,0.0
5.17203,0.10555,0.0
5.17203,0.13194,0.0
5.17203,0.15833,0.0
5.17203,0.18472,0.0
5.17203,0.2111,0.0
5.17203,0.23749,0.0
5.17203,0.26388,0.0
5.17203,0.29027,0.0
5.17203,0.31665,0.0
5.17203,0.34304,0.0
5.17203,0.36943,0.0
5.17203,0.39582,0.0
5.17203,0.42221,0.0
5.17203,0.44859,0.0
5.17203,0.47498,0.0
5.17203,0.50137,0.0
5.17203,0.52776,0.0
5.17203,0.55415,0.0
5.17203,0.58053,0.0
5.17203,0.60692,0.0
5.17203,0.63331,0.0
5.19842,-0.63331,0.0
5.19842,-0.60692,0.0
5.19842,-0.58053,0.0
5.19842,-0.55415,0.0
5.19842,-0.52776,0.0
5.19842,-0.50137,0.0
5.19842,-0.47498,0.0
5.19842,-0.44859,0.0
5.19842,-0.42221,0.0
5.19842,-0.39582,0.0
5.19842,-0.36943,0.0
5.19842,-0.34304,0.0
5.19842,-0.31665,0.0
5.19842,-0.29027,0.0
5.19842,-0.26388,0.0
5.19842,-0.23749,0.0
5.19842,-0.2111,0.0
5.19842,-0.18472,0.0
5.19842,-0.15833,0.0
5.19842,-0.13194,0.0
5.19842,-0.10555,0.0
5.19842,-0.07916,0.0
5.19842,-0.05278,0.0
5.19842,-0.02639,0.0
5.19842,0,0.0
5.19842,0.02639,0.0
5.19842,0.05278,0.0
5.19842,0.07916,0.0
5.19842,0.10555,0.0
5.19842,0.13194,0.0
5.19842,0.15833,0.0
5.19842,0.18472,0.0
5.19842,0.2111,0.0
5.19842,0.23749,0.0
5.19842,0.26388,0.0
5.19842,0.29027,0.0
5.19842,0.31665,0.0
5.19842,0.34304,0.0
5.19842,0.36943,0.0
5.19842,0.39582,0.0
5.19842,0.42221,0.0
5.19842,0.44859,0.0
5.19842,0.47498,0.0
5.19842,0.50137,0.0
5.19842,0.52776,0.0
5.19842,0.55415,0.0
5.19842,0.58053,0.0
5.19842,0.60692,0.0
5.19842,0.63331,0.0
5.2248,-0.63331,0.0
5.2248,-0.60692,0.0
5.2248,-0.58053,0.0
5.2248,-0.55415,0.0
5.2248,-0.52776,0.0
5.2248,-0.50137,0.0
5.2248,-0.47498,0.0
5.2248,-0.44859,0.0
5.2248,-0.42221,0.0
5.2248,-0.39582,0.0
5.2248,-0.36943,0.0
5.2248,-0.34304,0.0
5.2248,-0.31665,0.0
5.2248,-0.29027,0.0
5.2248,-0.26388,0.0
5.2248,-0.23749,0.0
5.2248,-0.2111,0.0
5.2248,-0.18472,0.0
5.2248,-0.15833,0.0
5.2248,-0.13194,0.0
5.2248,-0.10555,0.0
5.2248,-0.07916,0.0
5.2248,-0.05278,0.0
5.2248,-0.02639,0.0
5.2248,0,0.0
5.2248,0.02639,0.0
5.2248,0.05278,0.0
5.2248,0.07916,0.0
5.2248,0.10555,0.0
5.2248,0.13194,0.0
5.2248,0.15833,0.0
5.2248,0.18472,0.0
5.2248,0.2111,0.0
5.2248,0.23749,0.0
5.2248,0.26388,0.0
5.2248,0.29027,0.0
5.2248,0.31665,0.0
5.2248,0.34304,0.0
5.2248,0.36943,0.0
5.2248,0.39582,0.0
5.2248,0.42221,0.0
5.2248,0.44859,0.0
5.2248,0.47498,0.0
5.2248,0.50137,0.0
5.2248,0.52776,0.0
5.2248,0.55415,0.0
5.2248,0.58053,0.0
5.2248,0.60692,0.0
5.2248,0.63331,0.0
5.25119,-0.63331,0.0
5.25119,-0.60692,0.0
5.25119,-0.58053,0.0
5.25119,-0.55415,0.0
5.25119,-0.52776,0.0
5.25119,-0.50137,0.0
5.25119,-0.47498,0.0
5.25119,-0.44859,0.0
5.25119,-0.42221,0.0
5.25119,-0.39582,0.0
5.25119,-0.36943,0.0
5.25119,-0.34304,0.0
5.25119,-0.31665,0.0
5.25119,-0.29027,0.0
5.25119,-0.26388,0.0
5.25119,-0.23749,0.0
5.25119,-0.2111,0.0
5.25119,-0.18472,0.0
5.25119,-0.15833,0.0
5.25119,-0.13194,0.0
5.25119,-0.10555,0.0
5.25119,-0.07916,0.0
5.25119,-0.05278,0.0
5.25119,-0.02639,0.0
5.25119,0,0.0
5.25119,0.02639,0.0
5.25119,0.05278,0.0
5.25119,0.07916,0.0
5.25119,0.10555,0.0
5.25119,0.13194,0.0
5.25119,0.15833,0.0
5.25119,0.18472,0.0
5.25119,0.2111,0.0
5.25119,0.23749,0.0
5.25119,0.26388,0.0
5.25119,0.29027,0.0
5.25119,0.31665,0.0
5.25119,0.34304,0.0
5.25119,0.36943,0.0
5.25119,0.39582,0.0
5.25119,0.42221,0.0
5.25119,0.44859,0.0
5.25119,0.47498,0.0
5.25119,0.50137,0.0
5.25119,0.52776,0.0
5.25119,0.55415,0.0
5.25119,0.58053,0.0
5.25119,0.60692,0.0
5.25119,0.63331,0.0
5.27758,-0.63331,0.0
5.27758,-0.60692,0.0
5.27758,-0.58053,0.0
5.27758,-0.55415,0.0
5.27758,-0.52776,0.0
5.27758,-0.50137,0.0
5.27758,-0.47498,0.0
5.27758,-0.44859,0.0
5.27758,-0.42221,0.0
5.27758,-0.39582,0.0
5.27758,-0.36943,0.0
5.27758,-0.34304,0.0
5.27758,-0.31665,0.0
5.27758,-0.29027,0.0
5.27758,-0.26388,0.0
5.27758,-0.23749,0.0
5.27758,-0.2111,0.0
5.27758,-0.18472,0.0
5.27758,-0.15833,0.0
5.27758,-0.13194,0.0
5.27758,-0.10555,0.0
5.27758,-0.07916,0.0
5.27758,-0.05278,0.0
5.27758,-0.02639,0.0
5.27758,0,0.0
5.27758,0.02639,0.0
5.27758,0.05278,0.0
5.27758,0.07916,0.0
5.27758,0.10555,0.0
5.27758,0.13194,0.0
5.27758,0.15833,0.0
5.27758,0.18472,0.0
5.27758,0.2111,0.0
5.27758,0.23749,0.0
5.27758,0.26388,0.0
5.27758,0.29027,0.0
5.27758,0.31665,0.0
5.27758,0.34304,0.0
5.27758,0.36943,0.0
5.27758,0.39582,0.0
5.27758,0.42221,0.0
5.27758,0.44859,0.0
5.27758,0.47498,0.0
5.27758,0.50137,0.0
5.27758,0.52776,0.0
5.27758,0.55415,0.0
5.27758,0.58053,0.0
5.27758,0.60692,0.0
5.27758,0.63331,0.0
5.30397,-0.63331,0.0
5.30397,-0.60692,0.0
5.30397,-0.58053,0.0
5.30397,-0.55415,0.0
5.30397,-0.52776,0.0
5.30397,-0.50137,0.0
5.30397,-0.47498,0.0
5.30397,-0.44859,0.0
5.30397,-0.42221,0.0
5.30397,-0.39582,0.0
5.30397,-0.36943,0.0
5.30397,-0.34304,0.0
5.30397,-0.31665,0.0
5.30397,-0.29027,0.0
5.30397,-0.26388,0.0
5.30397,-0.23749,0.0
5.30397,-0.2111,0.0
5.30397,-0.18472,0.0
5.30397,-0.15833,0.0
5.30397,-0.13194,0.0
5.30397,-0.10555,0.0
5.30397,-0.07916,0.0
5.30397,-0.05278,0.0
5.30397,-0.02639,0.0
5.30397,0,0.0
5.30397,0.02639,0.0
5.30397,0.05278,0.0
5.30397,0.07916,0.0
5.30397,0.10555,0.0
5.30397,0.13194,0.0
5.30397,0.15833,0.0
5.30397,0.18472,0.0
5.30397,0.2111,0.0
5.30397,0.23749,0.0
5.30397,0.26388,0.0
5.30397,0.29027,0.0
5.30397,0.31665,0.0
5.30397,0.34304,0.0
5.30397,0.36943,0.0
5.30397,0.39582,0.0
5.30397,0.42221,0.0
5.30397,0.44859,0.0
5.30397,0.47498,0.0
5.30397,0.50137,0.0
5.30397,0.52776,0.0
5.30397,0.55415,0.0
5.30397,0.58053,0.0
5.30397,0.60692,0.0
5.30397,0.63331,0.0
5.33036,-0.63331,0.0
5.33036,-0.60692,0.0
5.33036,-0.58053,0.0
5.33036,-0.55415,0.0
5.33036,-0.52776,0.0
5.33036,-0.50137,0.0
5.33036,-0.47498,0.0
5.33036,-0.44859,0.0
5.33036,-0.42221,0.0
5.33036,-0.39582,0.0
5.33036,-0.36943,0.0
5.33036,-0.34304,0.0
5.33036,-0.31665,0.0
5.33036,-0.29027,0.0
5.33036,-0.26388,0.0
5.33036,-0.23749,0.0
5.33036,-0.2111,0.0
5.33036,-0.18472,0.0
5.33036,-0.15833,0.0
5.33036,-0.13194,0.0
5.33036,-0.10555,0.0
5.33036,-0.07916,0.0
5.33036,-0.05278,0.0
5.33036,-0.02639,0.0
5.33036,0,0.0
5.33036,0.02639,0.0
5.33036,0.05278,0.0
5.33036,0.07916,0.0
5.33036,0.10555,0.0
5.33036,0.13194,0.0
5.33036,0.15833,0.0
5.33036,0.18472,0.0
5.33036,0.2111,0.0
5.33036,0.23749,0.0
5.33036,0.26388,0.0
5.33036,0.29027,0.0
5.33036,0.31665,0.0
5.33036,0.34304,0.0
5.33036,0.36943,0.0
5.33036,0.39582,0.0
5.33036,0.42221,0.0
5.33036,0.44859,0.0
5.33036,0.47498,0.0
5.33036,0.50137,0.0
5.33036,0.52776,0.0
5.33036,0.55415,0.0
5.33036,0.58053,0.0
5.33036,0.60692,0.0
5.33036,0.63331,0.0
5.35674,-0.63331,0.0
5.35674,-0.60692,0.0
5.35674,-0.58053,0.0
5.35674,-0.55415,0.0
5.35674,-0.52776,0.0
5.35674,-0.50137,0.0
5.35674,-0.47498,0.0
5.35674,-0.44859,0.0
5.35674,-0.42221,0.0
5.35674,-0.39582,0.0
5.35674,-0.36943,0.0
5.35674,-0.34304,0.0
5.35674,-0.31665,0.0
5.35674,-0.29027,0.0
5.35674,-0.26388,0.0
5.35674,-0.23749,0.0
5.35674,-0.2111,0.0
5.35674,-0.18472,0.0
5.35674,-0.15833,0.0
5.35674,-0.13194,0.0
5.35674,-0.10555,0.0
5.35674,-0.07916,0.0
5.35674,-0.05278,0.0
5.35674,-0.02639,0.0
5.35674,0,0.0
5.35674,0.02639,0.0
5.35674,0.05278,0.0
5.35674,0.07916,0.0
5.35674,0.10555,0.0
5.35674,0.13194,0.0
5.35674,0.15833,0.0
5.35674,0.18472,0.0
5.35674,0.2111,0.0
5.35674,0.23749,0.0
5.35674,0.26388,0.0
5.35674,0.29027,0.0
5.35674,0.31665,0.0
5.35674,0.34304,0.0
5.35674,0.36943,0.0
5.35674,0.39582,0.0
5.35674,0.42221,0.0
5.35674,0.44859,0.0
5.35674,0.47498,0.0
5.35674,0.50137,0.0
5.35674,0.52776,0.0
5.35674,0.55415,0.0
5.35674,0.58053,0.0
5.35674,0.60692,0.0
5.35674,0.63331,0.0
5.38313,-0.63331,0.0
5.38313,-0.60692,0.0
5.38313,-0.58053,0.0
5.38313,-0.55415,0.0
5.38313,-0.52776,0.0
5.38313,-0.50137,0.0
5.38313,-0.47498,0.0
5.38313,-0.44859,0.0
5.38313,-0.42221,0.0
5.38313,-0.39582,0.0
5.38313,-0.36943,0.0
5.38313,-0.34304,0.0
5.38313,-0.31665,0.0
5.38313,-0.29027,0.0
5.38313,-0.26388,0.0
5.38313,-0.23749,0.0
5.38313,-0.2111,0.0
5.38313,-0.18472,0.0
5.38313,-0.15833,0.0
5.38313,-0.13194,0.0
5.38313,-0.10555,0.0
5.38313,-0.07916,0.0
5.38313,-0.05278,0.0
5.38313,-0.02639,0.0
5.38313,0,0.0
5.38313,0.02639,0.0
5.38313,0.05278,0.0
5.38313,0.07916,0.0
5.38313,0.10555,0.0
5.38313,0.13194,0.0
5.38313,0.15833,0.0
5.38313,0.18472,0.0
5.38313,0.2111,0.0
5.38313,0.23749,0.0
5.38313,0.26388,0.0
5.38313,0.29027,0.0
5.38313,0.31665,0.0
5.38313,0.34304,0.0
5.38313,0.36943,0.0
5.38313,0.39582,0.0
5.38313,0.42221,0.0
5.38313,0.44859,0.0
5.38313,0.47498,0.0
5.38313,0.50137,0.0
5.38313,0.52776,0.0
5.38313,0.55415,0.0
5.38313,0.58053,0.0
5.38313,0.60692,0.0
5.38313,0.63331,0.0
5.40952,-0.63331,0.0
5.40952,-0.60692,0.0
5.40952,-0.58053,0.0
5.40952,-0.55415,0.0
5.40952,-0.52776,0.0
5.40952,-0.50137,0.0
5.40952,-0.47498,0.0
5.40952,-0.44859,0.0
5.40952,-0.42221,0.0
5.40952,-0.39582,0.0
5.40952,-0.36943,0.0
5.40952,-0.34304,0.0
5.40952,-0.31665,0.0
5.40952,-0.29027,0.0
5.40952,-0.26388,0.0
5.40952,-0.23749,0.0
5.40952,-0.2111,0.0
5.40952,-0.18472,0.0
5.40952,-0.15833,0.0
5.40952,-0.13194,0.0
5.40952,-0.10555,0.0
5.40952,-0.07916,0.0
5.40952,-0.05278,0.0
5.40952,-0.02639,0.0
5.40952,0,0.0
5.40952,0.02639,0.0
5.40952,0.05278,0.0
5.40952,0.07916,0.0
5.40952,0.10555,0.0
5.40952,0.13194,0.0
5.40952,0.15833,0.0
5.40952,0.18472,0.0
5.40952,0.2111,0.0
5.40952,0.23749,0.0
5.40952,0.26388,0.0
5.40952,0.29027,0.0
5.40952,0.31665,0.0
5.40952,0.34304,0.0
5.40952,0.36943,0.0
5.40952,0.39582,0.0
5.40952,0.42221,0.0
5.40952,0.44859,0.0
5.40952,0.47498,0.0
5.40952,0.50137,0.0
5.40952,0.52776,0.0
5.40952,0.55415,0.0
5.40952,0.58053,0.0
5.40952,0.60692,0.0
5.40952,0.63331,0.0
5.43591,-0.63331,0.0
5.43591,-0.60692,0.0
5.43591,-0.58053,0.0
5.43591,-0.55415,0.0
5.43591,-0.52776,0.0
5.43591,-0.50137,0.0
5.43591,-0.47498,0.0
5.43591,-0.44859,0.0
5.43591,-0.42221,0.0
5.43591,-0.39582,0.0
5.43591,-0.36943,0.0
5.43591,-0.34304,0.0
5.43591,-0.31665,0.0
5.43591,-0.29027,0.0
5.43591,-0.26388,0.0
5.43591,-0.23749,0.0
5.43591,-0.2111,0.0
5.43591,-0.18472,0.0
5.43591,-0.15833,0.0
5.43591,-0.13194,0.0
5.43591,-0.10555,0.0
5.43591,-0.07916,0.0
5.43591,-0.05278,0.0
5.43591,-0.02639,0.0
5.43591,0,0.0
5.43591,0.02639,0.0
5.43591,0.05278,0.0
5.43591,0.07916,0.0
5.43591,0.10555,0.0
5.43591,0.13194,0.0
5.43591,0.15833,0.0
5.43591,0.18472,0.0
5.43591,0.2111,0.0
5.43591,0.23749,0.0
5.43591,0.26388,0.0
5.43591,0.29027,0.0
5.43591,0.31665,0.0
5.43591,0.34304,0.0
5.43591,0.36943,0.0
5.43591,0.39582,0.0
5.43591,0.42221,0.0
5.43591,0.44859,0.0
5.43591,0.47498,0.0
5.43591,0.50137,0.0
5.43591,0.52776,0.0
5.43591,0.55415,0.0
5.43591,0.58053,0.0
5.43591,0.60692,0.0
5.43591,0.63331,0.0
5.4623,-0.63331,0.0
5.4623,-0.60692,0.0
5.4623,-0.58053,0.0
5.4623,-0.55415,0.0
5.4623,-0.52776,0.0
5.4623,-0.50137,0.0
5.4623,-0.47498,0.0
5.4623,-0.44859,0.0
5.4623,-0.42221,0.0
5.4623,-0.39582,0.0
5.4623,-0.36943,0.0
5.4623,-0.34304,0.0
5.4623,-0.31665,0.0
5.4623,-0.29027,0.0
5.4623,-0.26388,0.0
5.4623,-0.23749,0.0
5.4623,-0.2111,0.0
5.4623,-0.18472,0.0
5.4623,-0.15833,0.0
5.4623,-0.13194,0.0
5.4623,-0.10555,0.0
5.4623,-0.07916,0.0
5.4623,-0.05278,0.0
5.4623,-0.02639,0.0
5.4623,0,0.0
5.4623,0.02639,0.0
5.4623,0.05278,0.0
5.4623,0.07916,0.0
5.4623,0.10555,0.0
5.4623,0.13194,0.0
5.4623,0.15833,0.0
5.4623,0.18472,0.0
5.4623,0.2111,0.0
5.4623,0.23749,0.0
5.4623,0.26388,0.0
5.4623,0.29027,0.0
5.4623,0.31665,0.0
5.4623,0.34304,0.0
5.4623,0.36943,0.0
5.4623,0.39582,0.0
5.4623,0.42221,0.0
5.4623,0.44859,0.0
5.4623,0.47498,0.0
5.4623,0.50137,0.0
5.4623,0.52776,0.0
5.4623,0.55415,0.0
5.4623,0.58053,0.0
5.4623,0.60692,0.0
5.4623,0.63331,0.0
5.48868,-0.63331,0.0
5.48868,-0.60692,0.0
5.48868,-0.58053,0.0
5.48868,-0.55415,0.0
5.48868,-0.52776,0.0
5.48868,-0.50137,0.0
5.48868,-0.47498,0.0
5.48868,-0.44859,0.0
5.48868,-0.42221,0.0
5.48868,-0.39582,0.0
5.48868,-0.36943,0.0
5.48868,-0.34304,0.0
5.48868,-0.31665,0.0
5.48868,-0.29027,0.0
5.48868,-0.26388,0.0
5.48868,-0.23749,0.0
5.48868,-0.2111,0.0
5.48868,-0.18472,0.0
5.48868,-0.15833,0.0
5.48868,-0.13194,0.0
5.48868,-0.10555,0.0
5.48868,-0.07916,0.0
5.48868,-0.05278,0.0
5.48868,-0.02639,0.0
5.48868,0,0.0
5.48868,0.02639,0.0
5.48868,0.05278,0.0
5.48868,0.07916,0.0
5.48868,0.10555,0.0
5.48868,0.13194,0.0
5.48868,0.15833,0.0
5.48868,0.18472,0.0
5.48868,0.2111,0.0
5.48868,0.23749,0.0
5.48868,0.26388,0.0
5.48868,0.29027,0.0
5.48868,0.31665,0.0
5.48868,0.34304,0.0
5.48868,0.36943,0.0
5.48868,0.39582,0.0
5.48868,0.42221,0.0
5.48868,0.44859,0.0
5.48868,0.47498,0.0
5.48868,0.50137,0.0
5.48868,0.52776,0.0
5.48868,0.55415,0.0
5.48868,0.58053,0.0
5.48868,0.60692,0.0
5.48868,0.63331,0.0
5.51507,-0.63331,0.0
5.51507,-0.60692,0.0
5.51507,-0.58053,0.0
5.51507,-0.55415,0.0
5.51507,-0.52776,0.0
5.51507,-0.50137,0.0
5.51507,-0.47498,0.0
5.51507,-0.44859,0.0
5.51507,-0.42221,0.0
5.51507,-0.39582,0.0
5.51507,-0.36943,0.0
5.51507,-0.34304,0.0
5.51507,-0.31665,0.0
5.51507,-0.29027,0.0
5.51507,-0.26388,0.0
5.51507,-0.23749,0.0
5.51507,-0.2111,0.0
5.51507,-0.18472,0.0
5.51507,-0.15833,0.0
5.51507,-0.13194,0.0
5.51507,-0.10555,0.0
5.51507,-0.07916,0.0
5.51507,-0.05278,0.0
5.51507,-0.02639,0.0
5.51507,0,0.0
5.51507,0.02639,0.0
5.51507,0.05278,0.0
5.51507,0.07916,0.0
5.51507,0.10555,0.0
5.51507,0.13194,0.0
5.51507,0.15833,0.0
5.51507,0.18472,0.0
5.51507,0.2111,0.0
5.51507,0.23749,0.0
5.51507,0.26388,0.0
5.51507,0.29027,0.0
5.51507,0.31665,0.0
5.51507,0.34304,0.0
5.51507,0.36943,0.0
5.51507,0.39582,0.0
5.51507,0.42221,0.0
5.51507,0.44859,0.0
5.51507,0.47498,0.0
5.51507,0.50137,0.0
5.51507,0.52776,0.0
5.51507,0.55415,0.0
5.51507,0.58053,0.0
5.51507,0.60692,0.0
5.51507,0.63331,0.0
5.54146,-0.63331,0.0
5.54146,-0.60692,0.0
5.54146,-0.58053,0.0
5.54146,-0.55415,0.0
5.54146,-0.52776,0.0
5.54146,-0.50137,0.0
5.54146,-0.47498,0.0
5.54146,-0.44859,0.0
5.54146,-0.42221,0.0
5.54146,-0.39582,0.0
5.54146,-0.36943,0.0
5.54146,-0.34304,0.0
5.54146,-0.31665,0.0
5.54146,-0.29027,0.0
5.54146,-0.26388,0.0
5.54146,-0.23749,0.0
5.54146,-0.2111,0.0
5.54146,-0.18472,0.0
5.54146,-0.15833,0.0
5.54146,-0.13194,0.0
5.54146,-0.10555,0.0
5.54146,-0.07916,0.0
5.54146,-0.05278,0.0
5.54146,-0.02639,0.0
5.54146,0,0.0
5.54146,0.02639,0.0
5.54146,0.05278,0.0
5.54146,0.07916,0.0
5.54146,0.10555,0.0
5.54146,0.13194,0.0
5.54146,0.15833,0.0
5.54146,0.18472,0.0
5.54146,0.2111,0.0
5.54146,0.23749,0.0
5.54146,0.26388,0.0
5.54146,0.29027,0.0
5.54146,0.31665,0.0
5.54146,0.34304,0.0
5.54146,0.36943,0.0
5.54146,0.39582,0.0
5.54146,0.42221,0.0
5.54146,0.44859,0.0
5.54146,0.47498,0.0
5.54146,0.50137,0.0
5.54146,0.52776,0.0
5.54146,0.55415,0.0
5.54146,0.58053,0.0
5.54146,0.60692,0.0
5.54146,0.63331,0.0
5.56785,-0.63331,0.0
5.56785,-0.60692,0.0
5.56785,-0.58053,0.0
5.56785,-0.55415,0.0
5.56785,-0.52776,0.0
5.56785,-0.50137,0.0
5.56785,-0.47498,0.0
5.56785,-0.44859,0.0
5.56785,-0.42221,0.0
5.56785,-0.39582,0.0
5.56785,-0.36943,0.0
5.56785,-0.34304,0.0
5.56785,-0.31665,0.0
5.56785,-0.29027,0.0
5.56785,-0.26388,0.0
5.56785,-0.23749,0.0
5.56785,-0.2111,0.0
5.56785,-0.18472,0.0
5.56785,-0.15833,0.0
5.56785,-0.13194,0.0
5.56785,-0.10555,0.0
5.56785,-0.07916,0.0
5.56785,-0.05278,0.0
5.56785,-0.02639,0.0
5.56785,0,0.0
5.56785,0.02639,0.0
5.56785,0.05278,0.0
5.56785,0.07916,0.0
5.56785,0.10555,0.0
5.56785,0.13194,0.0
5.56785,0.15833,0.0
5.56785,0.18472,0.0
5.56785,0.2111,0.0
5.56785,0.23749,0.0
5.56785,0.26388,0.0
5.56785,0.29027,0.0
5.56785,0.31665,0.0
5.56785,0.34304,0.0
5.56785,0.36943,0.0
5.56785,0.39582,0.0
5.56785,0.42221,0.0
5.56785,0.44859,0.0
5.56785,0.47498,0.0
5.56785,0.50137,0.0
5.56785,0.52776,0.0
5.56785,0.55415,0.0
5.56785,0.58053,0.0
5.56785,0.60692,0.0
5.56785,0.63331,0.0
5.59424,-0.63331,0.0
5.59424,-0.60692,0.0
5.59424,-0.58053,0.0
5.59424,-0.55415,0.0
5.59424,-0.52776,0.0
5.59424,-0.50137,0.0
5.59424,-0.47498,0.0
5.59424,-0.44859,0.0
5.59424,-0.42221,0.0
5.59424,-0.39582,0.0
5.59424,-0.36943,0.0
5.59424,-0.34304,0.0
5.59424,-0.31665,0.0
5.59424,-0.29027,0.0
5.59424,-0.26388,0.0
5.59424,-0.23749,0.0
5.59424,-0.2111,0.0
5.59424,-0.18472,0.0
5.59424,-0.15833,0.0
5.59424,-0.13194,0.0
5.59424,-0.10555,0.0
5.59424,-0.07916,0.0
5.59424,-0.05278,0.0
5.59424,-0.02639,0.0
5.59424,0,0.0
5.59424,0.02639,0.0
5.59424,0.05278,0.0
5.59424,0.07916,0.0
5.59424,0.10555,0.0
5.59424,0.13194,0.0
5.59424,0.15833,0.0
5.59424,0.18472,0.0
5.59424,0.2111,0.0
5.59424,0.23749,0.0
5.59424,0.26388,0.0
5.59424,0.29027,0.0
5.59424,0.31665,0.0
5.59424,0.34304,0.0
5.59424,0.36943,0.0
5.59424,0.39582,0.0
5.59424,0.42221,0.0
5.59424,0.44859,0.0
5.59424,0.47498,0.0
5.59424,0.50137,0.0
5.59424,0.52776,0.0
5.59424,0.55415,0.0
5.59424,0.58053,0.0
5.59424,0.60692,0.0
5.59424,0.63331,0.0
5.62062,-0.63331,0.0
5.62062,-0.60692,0.0
5.62062,-0.58053,0.0
5.62062,-0.55415,0.0
5.62062,-0.52776,0.0
5.62062,-0.50137,0.0
5.62062,-0.47498,0.0
5.62062,-0.44859,0.0
5.62062,-0.42221,0.0
5.62062,-0.39582,0.0
5.62062,-0.36943,0.0
5.62062,-0.34304,0.0
5.62062,-0.31665,0.0
5.62062,-0.29027,0.0
5.62062,-0.26388,0.0
5.62062,-0.23749,0.0
5.62062,-0.2111,0.0
5.62062,-0.18472,0.0
5.62062,-0.15833,0.0
5.62062,-0.13194,0.0
5.62062,-0.10555,0.0
5.62062,-0.07916,0.0
5.62062,-0.05278,0.0
5.62062,-0.02639,0.0
5.62062,0,0.0
5.62062,0.02639,0.0
5.62062,0.05278,0.0
5.62062,0.07916,0.0
5.62062,0.10555,0.0
5.62062,0.13194,0.0
5.62062,0.15833,0.0
5.62062,0.18472,0.0
5.62062,0.2111,0.0
5.62062,0.23749,0.0
5.62062,0.26388,0.0
5.62062,0.29027,0.0
5.62062,0.31665,0.0
5.62062,0.34304,0.0
5.62062,0.36943,0.0
5.62062,0.39582,0.0
5.62062,0.42221,0.0
5.62062,0.44859,0.0
5.62062,0.47498,0.0
5.62062,0.50137,0.0
5.62062,0.52776,0.0
5.62062,0.55415,0.0
5.62062,0.58053,0.0
5.62062,0.60692,0.0
5.62062,0.63331,0.0
5.64701,-0.63331,0.0
5.64701,-0.60692,0.0
5.64701,-0.58053,0.0
5.64701,-0.55415,0.0
5.64701,-0.52776,0.0
5.64701,-0.50137,0.0
5.64701,-0.47498,0.0
5.64701,-0.44859,0.0
5.64701,-0.42221,0.0
5.64701,-0.39582,0.0
5.64701,-0.36943,0.0
5.64701,-0.34304,0.0
5.64701,-0.31665,0.0
5.64701,-0.29027,0.0
5.64701,-0.26388,0.0
5.64701,-0.23749,0.0
5.64701,-0.2111,0.0
5.64701,-0.18472,0.0
5.64701,-0.15833,0.0
5.64701,-0.13194,0.0
5.64701,-0.10555,0.0
5.64701,-0.07916,0.0
5.64701,-0.05278,0.0
5.64701,-0.02639,0.0
5.64701,0,0.0
5.64701,0.02639,0.0
5.64701,0.05278,0.0
5.64701,0.07916,0.0
5.64701,0.10555,0.0
5.64701,0.13194,0.0
5.64701,0.15833,0.0
5.64701,0.18472,0.0
5.64701,0.2111,0.0
5.64701,0.23749,0.0
5.64701,0.26388,0.0
5.64701,0.29027,0.0
5.64701,0.31665,0.0
5.64701,0.34304,0.0
5.64701,0.36943,0.0
5.64701,0.39582,0.0
5.64701,0.42221,0.0
5.64701,0.44859,0.0
5.64701,0.47498,0.0
5.64701,0.50137,0.0
5.64701,0.52776,0.0
5.64701,0.55415,0.0
5.64701,0.58053,0.0
5.64701,0.60692,0.0
5.64701,0.63331,0.0
5.6734,-0.63331,0.0
5.6734,-0.60692,0.0
5.6734,-0.58053,0.0
5.6734,-0.55415,0.0
5.6734,-0.52776,0.0
5.6734,-0.50137,0.0
5.6734,-0.47498,0.0
5.6734,-0.44859,0.0
5.6734,-0.42221,0.0
5.6734,-0.39582,0.0
5.6734,-0.36943,0.0
5.6734,-0.34304,0.0
5.6734,-0.31665,0.0
5.6734,-0.29027,0.0
5.6734,-0.26388,0.0
5.6734,-0.23749,0.0
5.6734,-0.2111,0.0
5.6734,-0.18472,0.0
5.6734,-0.15833,0.0
5.6734,-0.13194,0.0
5.6734,-0.10555,0.0
5.6734,-0.07916,0.0
5.6734,-0.05278,0.0
5.6734,-0.02639,0.0
5.6734,0,0.0
5.6734,0.02639,0.0
5.6734,0.05278,0.0
5.6734,0.07916,0.0
5.6734,0.10555,0.0
5.6734,0.13194,0.0
5.6734,0.15833,0.0
5.6734,0.18472,0.0
5.6734,0.2111,0.0
5.6734,0.23749,0.0
5.6734,0.26388,0.0
5.6734,0.29027,0.0
5.6734,0.31665,0.0
5.6734,0.34304,0.0
5.6734,0.36943,0.0
5.6734,0.39582,0.0
5.6734,0.42221,0.0
5.6734,0.44859,0.0
5.6734,0.47498,0.0
5.6734,0.50137,0.0
5.6734,0.52776,0.0
5.6734,0.55415,0.0
5.6734,0.58053,0.0
5.6734,0.60692,0.0
5.6734,0.63331,0.0
5.69979,-0.63331,0.0
5.69979,-0.60692,0.0
5.69979,-0.58053,0.0
5.69979,-0.55415,0.0
5.69979,-0.52776,0.0
5.69979,-0.50137,0.0
5.69979,-0.47498,0.0
5.69979,-0.44859,0.0
5.69979,-0.42221,0.0
5.69979,-0.39582,0.0
5.69979,-0.36943,0.0
5.69979,-0.34304,0.0
5.69979,-0.31665,0.0
5.69979,-0.29027,0.0
5.69979,-0.26388,0.0
5.69979,-0.23749,0.0
5.69979,-0.2111,0.0
5.69979,-0.18472,0.0
5.69979,-0.15833,0.0
5.69979,-0.13194,0.0
5.69979,-0.10555,0.0
5.69979,-0.07916,0.0
5.69979,-0.05278,0.0
5.69979,-0.02639,0.0
5.69979,0,0.0
5.69979,0.02639,0.0
5.69979,0.05278,0.0
5.69979,0.07916,0.0
5.69979,0.10555,0.0
5.69979,0.13194,0.0
5.69979,0.15833,0.0
5.69979,0.18472,0.0
5.69979,0.2111,0.0
5.69979,0.23749,0.0
5.69979,0.26388,0.0
5.69979,0.29027,0.0
5.69979,0.31665,0.0
5.69979,0.34304,0.0
5.69979,0.36943,0.0
5.69979,0.39582,0.0
5.69979,0.42221,0.0
5.69979,0.44859,0.0
5.69979,0.47498,0.0
5.69979,0.50137,0.0
5.69979,0.52776,0.0
5.69979,0.55415,0.0
5.69979,0.58053,0.0
5.69979,0.60692,0.0
5.69979,0.63331,0.0
5.72617,-0.63331,0.0
5.72617,-0.60692,0.0
5.72617,-0.58053,0.0
5.72617,-0.55415,0.0
5.72617,-0.52776,0.0
5.72617,-0.50137,0.0
5.72617,-0.47498,0.0
5.72617,-0.44859,0.0
5.72617,-0.42221,0.0
5.72617,-0.39582,0.0
5.72617,-0.36943,0.0
5.72617,-0.34304,0.0
5.72617,-0.31665,0.0
5.72617,-0.29027,0.0
5.72617,-0.26388,0.0
5.72617,-0.23749,0.0
5.72617,-0.2111,0.0
5.72617,-0.18472,0.0
5.72617,-0.15833,0.0
5.72617,-0.13194,0.0
5.72617,-0.10555,0.0
5.72617,-0.07916,0.0
5.72617,-0.05278,0.0
5.72617,-0.02639,0.0
5.72617,0,0.0
5.72617,0.02639,0.0
5.72617,0.05278,0.0
5.72617,0.07916,0.0
5.72617,0.10555,0.0
5.72617,0.13194,0.0
5.72617,0.15833,0.0
5.72617,0.18472,0.0
5.72617,0.2111,0.0
5.72617,0.23749,0.0
5.72617,0.26388,0.0
5.72617,0.29027,0.0
5.72617,0.31665,0.0
5.72617,0.34304,0.0
5.72617,0.36943,0.0
5.72617,0.39582,0.0
5.72617,0.42221,0.0
5.72617,0.44859,0.0
5.72617,0.47498,0.0
5.72617,0.50137,0.0
5.72617,0.52776,0.0
5.72617,0.55415,0.0
5.72617,0.58053,0.0
5.72617,0.60692,0.0
5.72617,0.63331,0.0
5.75256,-0.63331,0.0
5.75256,-0.60692,0.0
5.75256,-0.58053,0.0
5.75256,-0.55415,0.0
5.75256,-0.52776,0.0
5.75256,-0.50137,0.0
5.75256,-0.47498,0.0
5.75256,-0.44859,0.0
5.75256,-0.42221,0.0
5.75256,-0.39582,0.0
5.75256,-0.36943,0.0
5.75256,-0.34304,0.0
5.75256,-0.31665,0.0
5.75256,-0.29027,0.0
5.75256,-0.26388,0.0
5.75256,-0.23749,0.0
5.75256,-0.2111,0.0
5.75256,-0.18472,0.0
5.75256,-0.15833,0.0
5.75256,-0.13194,0.0
5.75256,-0.10555,0.0
5.75256,-0.07916,0.0
5.75256,-0.05278,0.0
5.75256,-0.02639,0.0
5.75256,0,0.0
5.75256,0.02639,0.0
5.75256,0.05278,0.0
5.75256,0.07916,0.0
5.75256,0.10555,0.0
5.75256,0.13194,0.0
5.75256,0.15833,0.0
5.75256,0.18472,0.0
5.75256,0.2111,0.0
5.75256,0.23749,0.0
5.75256,0.26388,0.0
5.75256,0.29027,0.0
5.75256,0.31665,0.0
5.75256,0.34304,0.0
5.75256,0.36943,0.0
5.75256,0.39582,0.0
5.75256,0.42221,0.0
5.75256,0.44859,0.0
5.75256,0.47498,0.0
5.75256,0.50137,0.0
5.75256,0.52776,0.0
5.75256,0.55415,0.0
5.75256,0.58053,0.0
5.75256,0.60692,0.0
5.75256,0.63331,0.0
5.77895,-0.63331,0.0
5.77895,-0.60692,0.0
5.77895,-0.58053,0.0
5.77895,-0.55415,0.0
5.77895,-0.52776,0.0
5.77895,-0.50137,0.0
5.77895,-0.47498,0.0
5.77895,-0.44859,0.0
5.77895,-0.42221,0.0
5.77895,-0.39582,0.0
5.77895,-0.36943,0.0
5.77895,-0.34304,0.0
5.77895,-0.31665,0.0
5.77895,-0.29027,0.0
5.77895,-0.26388,0.0
5.77895,-0.23749,0.0
5.77895,-0.2111,0.0
5.77895,-0.18472,0.0
5.77895,-0.15833,0.0
5.77895,-0.13194,0.0
5.77895,-0.10555,0.0
5.77895,-0.07916,0.0
5.77895,-0.05278,0.0
5.77895,-0.02639,0.0
5.77895,0,0.0
5.77895,0.02639,0.0
5.77895,0.05278,0.0
5.77895,0.07916,0.0
5.77895,0.10555,0.0
5.77895,0.13194,0.0
5.77895,0.15833,0.0
5.77895,0.18472,0.0
5.77895,0.2111,0.0
5.77895,0.23749,0.0
5.77895,0.26388,0.0
5.77895,0.29027,0.0
5.77895,0.31665,0.0
5.77895,0.34304,0.0
5.77895,0.36943,0.0
5.77895,0.39582,0.0
5.77895,0.42221,0.0
5.77895,0.44859,0.0
5.77895,0.47498,0.0
5.77895,0.50137,0.0
5.77895,0.52776,0.0
5.77895,0.55415,0.0
5.77895,0.58053,0.0
5.77895,0.60692,0.0
5.77895,0.63331,0.0
5.80534,-0.63331,0.0
5.80534,-0.60692,0.0
5.80534,-0.58053,0.0
5.80534,-0.55415,0.0
5.80534,-0.52776,0.0
5.80534,-0.50137,0.0
5.80534,-0.47498,0.0
5.80534,-0.44859,0.0
5.80534,-0.42221,0.0
5.80534,-0.39582,0.0
5.80534,-0.36943,0.0
5.80534,-0.34304,0.0
5.80534,-0.31665,0.0
5.80534,-0.29027,0.0
5.80534,-0.26388,0.0
5.80534,-0.23749,0.0
5.80534,-0.2111,0.0
5.80534,-0.18472,0.0
5.80534,-0.15833,0.0
5.80534,-0.13194,0.0
5.80534,-0.10555,0.0
5.80534,-0.07916,0.0
5.80534,-0.05278,0.0
5.80534,-0.02639,0.0
5.80534,0,0.0
5.80534,0.02639,0.0
5.80534,0.05278,0.0
5.80534,0.07916,0.0
5.80534,0.10555,0.0
5.80534,0.13194,0.0
5.80534,0.15833,0.0
5.80534,0.18472,0.0
5.80534,0.2111,0.0
5.80534,0.23749,0.0
5.80534,0.26388,0.0
5.80534,0.29027,0.0
5.80534,0.31665,0.0
5.80534,0.34304,0.0
5.80534,0.36943,0.0
5.80534,0.39582,0.0
5.80534,0.42221,0.0
5.80534,0.44859,0.0
5.80534,0.47498,0.0
5.80534,0.50137,0.0
5.80534,0.52776,0.0
5.80534,0.55415,0.0
5.80534,0.58053,0.0
5.80534,0.60692,0.0
5.80534,0.63331,0.0
5.83173,-0.63331,0.0
5.83173,-0.60692,0.0
5.83173,-0.58053,0.0
5.83173,-0.55415,0.0
5.83173,-0.52776,0.0
5.83173,-0.50137,0.0
5.83173,-0.47498,0.0
5.83173,-0.44859,0.0
5.83173,-0.42221,0.0
5.83173,-0.39582,0.0
5.83173,-0.36943,0.0
5.83173,-0.34304,0.0
5.83173,-0.31665,0.0
5.83173,-0.29027,0.0
5.83173,-0.26388,0.0
5.83173,-0.23749,0.0
5.83173,-0.2111,0.0
5.83173,-0.18472,0.0
5.83173,-0.15833,0.0
5.83173,-0.13194,0.0
5.83173,-0.10555,0.0
5.83173,-0.07916,0.0
5.83173,-0.05278,0.0
5.83173,-0.02639,0.0
5.83173,0,0.0
5.83173,0.02639,0.0
5.83173,0.05278,0.0
5.83173,0.07916,0.0
5.83173,0.10555,0.0
5.83173,0.13194,0.0
5.83173,0.15833,0.0
5.83173,0.18472,0.0
5.83173,0.2111,0.0
5.83173,0.23749,0.0
5.83173,0.26388,0.0
5.83173,0.29027,0.0
5.83173,0.31665,0.0
5.83173,0.34304,0.0
5.83173,0.36943,0.0
5.83173,0.39582,0.0
5.83173,0.42221,0.0
5.83173,0.44859,0.0
5.83173,0.47498,0.0
5.83173,0.50137,0.0
5.83173,0.52776,0.0
5.83173,0.55415,0.0
5.83173,0.58053,0.0
5.83173,0.60692,0.0
5.83173,0.63331,0.0
5.85811,-0.63331,0.0
5.85811,-0.60692,0.0
5.85811,-0.58053,0.0
5.85811,-0.55415,0.0
5.85811,-0.52776,0.0
5.85811,-0.50137,0.0
5.85811,-0.47498,0.0
5.85811,-0.44859,0.0
5.85811,-0.42221,0.0
5.85811,-0.39582,0.0
5.85811,-0.36943,0.0
5.85811,-0.34304,0.0
5.85811,-0.31665,0.0
5.85811,-0.29027,0.0
5.85811,-0.26388,0.0
5.85811,-0.23749,0.0
5.85811,-0.2111,0.0
5.85811,-0.18472,0.0
5.85811,-0.15833,0.0
5.85811,-0.13194,0.0
5.85811,-0.10555,0.0
5.85811,-0.07916,0.0
5.85811,-0.05278,0.0
5.85811,-0.02639,0.0
5.85811,0,0.0
5.85811,0.02639,0.0
5.85811,0.05278,0.0
5.85811,0.07916,0.0
5.85811,0.10555,0.0
5.85811,0.13194,0.0
5.85811,0.15833,0.0
5.85811,0.18472,0.0
5.85811,0.2111,0.0
5.85811,0.23749,0.0
5.85811,0.26388,0.0
5.85811,0.29027,0.0
5.85811,0.31665,0.0
5.85811,0.34304,0.0
5.85811,0.36943,0.0
5.85811,0.39582,0.0
5.85811,0.42221,0.0
5.85811,0.44859,0.0
5.85811,0.47498,0.0
5.85811,0.50137,0.0
5.85811,0.52776,0.0
5.85811,0.55415,0.0
5.85811,0.58053,0.0
5.85811,0.60692,0.0
5.85811,0.63331,0.0
5.8845,-0.63331,0.0
5.8845,-0.60692,0.0
5.8845,-0.58053,0.0
5.8845,-0.55415,0.0
5.8845,-0.52776,0.0
5.8845,-0.50137,0.0
5.8845,-0.47498,0.0
5.8845,-0.44859,0.0
5.8845,-0.42221,0.0
5.8845,-0.39582,0.0
5.8845,-0.36943,0.0
5.8845,-0.34304,0.0
5.8845,-0.31665,0.0
5.8845,-0.29027,0.0
5.8845,-0.26388,0.0
5.8845,-0.23749,0.0
5.8845,-0.2111,0.0
5.8845,-0.18472,0.0
5.8845,-0.15833,0.0
5.8845,-0.13194,0.0
5.8845,-0.10555,0.0
5.8845,-0.07916,0.0
5.8845,-0.05278,0.0
5.8845,-0.02639,0.0
5.8845,0,0.0
5.8845,0.02639,0.0
5.8845,0.05278,0.0
5.8845,0.07916,0.0
5.8845,0.10555,0.0
5.8845,0.13194,0.0
5.8845,0.15833,0.0
5.8845,0.18472,0.0
5.8845,0.2111,0.0
5.8845,0.23749,0.0
5.8845,0.26388,0.0
5.8845,0.29027,0.0
5.8845,0.31665,0.0
5.8845,0.34304,0.0
5.8845,0.36943,0.0
5.8845,0.39582,0.0
5.8845,0.42221,0.0
5.8845,0.44859,0.0
5.8845,0.47498,0.0
5.8845,0.50137,0.0
5.8845,0.52776,0.0
5.8845,0.55415,0.0
5.8845,0.58053,0.0
5.8845,0.60692,0.0
5.8845,0.63331,0.0
5.91089,-0.63331,0.0
5.91089,-0.60692,0.0
5.91089,-0.58053,0.0
5.91089,-0.55415,0.0
5.91089,-0.52776,0.0
5.91089,-0.50137,0.0
5.91089,-0.47498,0.0
5.91089,-0.44859,0.0
5.91089,-0.42221,0.0
5.91089,-0.39582,0.0
5.91089,-0.36943,0.0
5.91089,-0.34304,0.0
5.91089,-0.31665,0.0
5.91089,-0.29027,0.0
5.91089,-0.26388,0.0
5.91089,-0.23749,0.0
5.91089,-0.2111,0.0
5.91089,-0.18472,0.0
5.91089,-0.15833,0.0
5.91089,-0.13194,0.0
5.91089,-0.10555,0.0
5.91089,-0.07916,0.0
5.91089,-0.05278,0.0
5.91089,-0.02639,0.0
5.91089,0,0.0
5.91089,0.02639,0.0
5.91089,0.05278,0.0
5.91089,0.07916,0.0
5.91089,0.10555,0.0
5.91089,0.13194,0.0
5.91089,0.15833,0.0
5.91089,0.18472,0.0
5.91089,0.2111,0.0
5.91089,0.23749,0.0
5.91089,0.26388,0.0
5.91089,0.29027,0.0
5.91089,0.31665,0.0
5.91089,0.34304,0.0
5.91089,0.36943,0.0
5.91089,0.39582,0.0
5.91089,0.42221,0.0
5.91089,0.44859,0.0
5.91089,0.47498,0.0
5.91089,0.50137,0.0
5.91089,0.52776,0.0
5.91089,0.55415,0.0
5.91089,0.58053,0.0
5.91089,0.60692,0.0
5.91089,0.63331,0.0
5.93728,-0.63331,0.0
5.93728,-0.60692,0.0
5.93728,-0.58053,0.0
5.93728,-0.55415,0.0
5.93728,-0.52776,0.0
5.93728,-0.50137,0.0
5.93728,-0.47498,0.0
5.93728,-0.44859,0.0
5.93728,-0.42221,0.0
5.93728,-0.39582,0.0
5.93728,-0.36943,0.0
5.93728,-0.34304,0.0
5.93728,-0.31665,0.0
5.93728,-0.29027,0.0
5.93728,-0.26388,0.0
5.93728,-0.23749,0.0
5.93728,-0.2111,0.0
5.93728,-0.18472,0.0
5.93728,-0.15833,0.0
5.93728,-0.13194,0.0
5.93728,-0.10555,0.0
5.93728,-0.07916,0.0
5.93728,-0.05278,0.0
5.93728,-0.02639,0.0
5.93728,0,0.0
5.93728,0.02639,0.0
5.93728,0.05278,0.0
5.93728,0.07916,0.0
5.93728,0.10555,0.0
5.93728,0.13194,0.0
5.93728,0.15833,0.0
5.93728,0.18472,0.0
5.93728,0.2111,0.0
5.93728,0.23749,0.0
5.93728,0.26388,0.0
5.93728,0.29027,0.0
5.93728,0.31665,0.0
5.93728,0.34304,0.0
5.93728,0.36943,0.0
5.93728,0.39582,0.0
5.93728,0.42221,0.0
5.93728,0.44859,0.0
5.93728,0.47498,0.0
5.93728,0.50137,0.0
5.93728,0.52776,0.0
5.93728,0.55415,0.0
5.93728,0.58053,0.0
5.93728,0.60692,0.0
5.93728,0.63331,0.0
5.96367,-0.63331,0.0
5.96367,-0.60692,0.0
5.96367,-0.58053,0.0
5.96367,-0.55415,0.0
5.96367,-0.52776,0.0
5.96367,-0.50137,0.0
5.96367,-0.47498,0.0
5.96367,-0.44859,0.0
5.96367,-0.42221,0.0
5.96367,-0.39582,0.0
5.96367,-0.36943,0.0
5.96367,-0.34304,0.0
5.96367,-0.31665,0.0
5.96367,-0.29027,0.0
5.96367,-0.26388,0.0
5.96367,-0.23749,0.0
5.96367,-0.2111,0.0
5.96367,-0.18472,0.0
5.96367,-0.15833,0.0
5.96367,-0.13194,0.0
5.96367,-0.10555,0.0
5.96367,-0.07916,0.0
5.96367,-0.05278,0.0
5.96367,-0.02639,0.0
5.96367,0,0.0
5.96367,0.02639,0.0
5.96367,0.05278,0.0
5.96367,0.07916,0.0
5.96367,0.10555,0.0
5.96367,0.13194,0.0
5.96367,0.15833,0.0
5.96367,0.18472,0.0
5.96367,0.2111,0.0
5.96367,0.23749,0.0
5.96367,0.26388,0.0
5.96367,0.29027,0.0
5.96367,0.31665,0.0
5.96367,0.34304,0.0
5.96367,0.36943,0.0
5.96367,0.39582,0.0
5.96367,0.42221,0.0
5.96367,0.44859,0.0
5.96367,0.47498,0.0
5.96367,0.50137,0.0
5.96367,0.52776,0.0
5.96367,0.55415,0.0
5.96367,0.58053,0.0
5.96367,0.60692,0.0
5.96367,0.63331,0.0
5.99005,-0.63331,0.0
5.99005,-0.60692,0.0
5.99005,-0.58053,0.0
5.99005,-0.55415,0.0
5.99005,-0.52776,0.0
5.99005,-0.50137,0.0
5.99005,-0.47498,0.0
5.99005,-0.44859,0.0
5.99005,-0.42221,0.0
5.99005,-0.39582,0.0
5.99005,-0.36943,0.0
5.99005,-0.34304,0.0
5.99005,-0.31665,0.0
5.99005,-0.29027,0.0
5.99005,-0.26388,0.0
5.99005,-0.23749,0.0
5.99005,-0.2111,0.0
5.99005,-0.18472,0.0
5.99005,-0.15833,0.0
5.99005,-0.13194,0.0
5.99005,-0.10555,0.0
5.99005,-0.07916,0.0
5.99005,-0.05278,0.0
5.99005,-0.02639,0.0
5.99005,0,0.0
5.99005,0.02639,0.0
5.99005,0.05278,0.0
5.99005,0.07916,0.0
5.99005,0.10555,0.0
5.99005,0.13194,0.0
5.99005,0.15833,0.0
5.99005,0.18472,0.0
5.99005,0.2111,0.0
5.99005,0.23749,0.0
5.99005,0.26388,0.0
5.99005,0.29027,0.0
5.99005,0.31665,0.0
5.99005,0.34304,0.0
5.99005,0.36943,0.0
5.99005,0.39582,0.0
5.99005,0.42221,0.0
5.99005,0.44859,0.0
5.99005,0.47498,0.0
5.99005,0.50137,0.0
5.99005,0.52776,0.0
5.99005,0.55415,0.0
5.99005,0.58053,0.0
5.99005,0.60692,0.0
5.99005,0.63331,0.0
6.01644,-0.63331,0.0
6.01644,-0.60692,0.0
6.01644,-0.58053,0.0
6.01644,-0.55415,0.0
6.01644,-0.52776,0.0
6.01644,-0.50137,0.0
6.01644,-0.47498,0.0
6.01644,-0.44859,0.0
6.01644,-0.42221,0.0
6.01644,-0.39582,0.0
6.01644,-0.36943,0.0
6.01644,-0.34304,0.0
6.01644,-0.31665,0.0
6.01644,-0.29027,0.0
6.01644,-0.26388,0.0
6.01644,-0.23749,0.0
6.01644,-0.2111,0.0
6.01644,-0.18472,0.0
6.01644,-0.15833,0.0
6.01644,-0.13194,0.0
6.01644,-0.10555,0.0
6.01644,-0.07916,0.0
6.01644,-0.05278,0.0
6.01644,-0.02639,0.0
6.01644,0,0.0
6.01644,0.02639,0.0
6.01644,0.05278,0.0
6.01644,0.07916,0.0
6.01644,0.10555,0.0
6.01644,0.13194,0.0
6.01644,0.15833,0.0
6.01644,0.18472,0.0
6.01644,0.2111,0.0
6.01644,0.23749,0.0
6.01644,0.26388,0.0
6.01644,0.29027,0.0
6.01644,0.31665,0.0
6.01644,0.34304,0.0
6.01644,0.36943,0.0
6.01644,0.39582,0.0
6.01644,0.42221,0.0
6.01644,0.44859,0.0
6.01644,0.47498,0.0
6.01644,0.50137,0.0
6.01644,0.52776,0.0
6.01644,0.55415,0.0
6.01644,0.58053,0.0
6.01644,0.60692,0.0
6.01644,0.63331,0.0
6.04283,-0.63331,0.0
6.04283,-0.60692,0.0
6.04283,-0.58053,0.0
6.04283,-0.55415,0.0
6.04283,-0.52776,0.0
6.04283,-0.50137,0.0
6.04283,-0.47498,0.0
6.04283,-0.44859,0.0
6.04283,-0.42221,0.0
6.04283,-0.39582,0.0
6.04283,-0.36943,0.0
6.04283,-0.34304,0.0
6.04283,-0.31665,0.0
6.04283,-0.29027,0.0
6.04283,-0.26388,0.0
6.04283,-0.23749,0.0
6.04283,-0.2111,0.0
6.04283,-0.18472,0.0
6.04283,-0.15833,0.0
6.04283,-0.13194,0.0
6.04283,-0.10555,0.0
6.04283,-0.07916,0.0
6.04283,-0.05278,0.0
6.04283,-0.02639,0.0
6.04283,0,0.0
6.04283,0.02639,0.0
6.04283,0.05278,0.0
6.04283,0.07916,0.0
6.04283,0.10555,0.0
6.04283,0.13194,0.0
6.04283,0.15833,0.0
6.04283,0.18472,0.0
6.04283,0.2111,0.0
6.04283,0.23749,0.0
6.04283,0.26388,0.0
6.04283,0.29027,0.0
6.04283,0.31665,0.0
6.04283,0.34304,0.0
6.04283,0.36943,0.0
6.04283,0.39582,0.0
6.04283,0.42221,0.0
6.04283,0.44859,0.0
6.04283,0.47498,0.0
6.04283,0.50137,0.0
6.04283,0.52776,0.0
6.04283,0.55415,0.0
6.04283,0.58053,0.0
6.04283,0.60692,0.0
6.04283,0.63331,0.0
6.06922,-0.63331,0.0
6.06922,-0.60692,0.0
6.06922,-0.58053,0.0
6.06922,-0.55415,0.0
6.06922,-0.52776,0.0
6.06922,-0.50137,0.0
6.06922,-0.47498,0.0
6.06922,-0.44859,0.0
6.06922,-0.42221,0.0
6.06922,-0.39582,0.0
6.06922,-0.36943,0.0
6.06922,-0.34304,0.0
6.06922,-0.31665,0.0
6.06922,-0.29027,0.0
6.06922,-0.26388,0.0
6.06922,-0.23749,0.0
6.06922,-0.2111,0.0
6.06922,-0.18472,0.0
6.06922,-0.15833,0.0
6.06922,-0.13194,0.0
6.06922,-0.10555,0.0
6.06922,-0.07916,0.0
6.06922,-0.05278,0.0
6.06922,-0.02639,0.0
6.06922,0,0.0
6.06922,0.02639,0.0
6.06922,0.05278,0.0
6.06922,0.07916,0.0
6.06922,0.10555,0.0
6.06922,0.13194,0.0
6.06922,0.15833,0.0
6.06922,0.18472,0.0
6.06922,0.2111,0.0
6.06922,0.23749,0.0
6.06922,0.26388,0.0
6.06922,0.29027,0.0
6.06922,0.31665,0.0
6.06922,0.34304,0.0
6.06922,0.36943,0.0
6.06922,0.39582,0.0
6.06922,0.42221,0.0
6.06922,0.44859,0.0
6.06922,0.47498,0.0
6.06922,0.50137,0.0
6.06922,0.52776,0.0
6.06922,0.55415,0.0
6.06922,0.58053,0.0
6.06922,0.60692,0.0
6.06922,0.63331,0.0
6.09561,-0.63331,0.0
6.09561,-0.60692,0.0
6.09561,-0.58053,0.0
6.09561,-0.55415,0.0
6.09561,-0.52776,0.0
6.09561,-0.50137,0.0
6.09561,-0.47498,0.0
6.09561,-0.44859,0.0
6.09561,-0.42221,0.0
6.09561,-0.39582,0.0
6.09561,-0.36943,0.0
6.09561,-0.34304,0.0
6.09561,-0.31665,0.0
6.09561,-0.29027,0.0
6.09561,-0.26388,0.0
6.09561,-0.23749,0.0
6.09561,-0.2111,0.0
6.09561,-0.18472,0.0
6.09561,-0.15833,0.0
6.09561,-0.13194,0.0
6.09561,-0.10555,0.0
6.09561,-0.07916,0.0
6.09561,-0.05278,0.0
6.09561,-0.02639,0.0
6.09561,0,0.0
6.09561,0.02639,0.0
6.09561,0.05278,0.0
6.09561,0.07916,0.0
6.09561,0.10555,0.0
6.09561,0.13194,0.0
6.09561,0.15833,0.0
6.09561,0.18472,0.0
6.09561,0.2111,0.0
6.09561,0.23749,0.0
6.09561,0.26388,0.0
6.09561,0.29027,0.0
6.09561,0.31665,0.0
6.09561,0.34304,0.0
6.09561,0.36943,0.0
6.09561,0.39582,0.0
6.09561,0.42221,0.0
6.09561,0.44859,0.0
6.09561,0.47498,0.0
6.09561,0.50137,0.0
6.09561,0.52776,0.0
6.09561,0.55415,0.0
6.09561,0.58053,0.0
6.09561,0.60692,0.0
6.09561,0.63331,0.0
6.12199,-0.63331,0.0
6.12199,-0.60692,0.0
6.12199,-0.58053,0.0
6.12199,-0.55415,0.0
6.12199,-0.52776,0.0
6.12199,-0.50137,0.0
6.12199,-0.47498,0.0
6.12199,-0.44859,0.0
6.12199,-0.42221,0.0
6.12199,-0.39582,0.0
6.12199,-0.36943,0.0
6.12199,-0.34304,0.0
6.12199,-0.31665,0.0
6.12199,-0.29027,0.0
6.12199,-0.26388,0.0
6.12199,-0.23749,0.0
6.12199,-0.2111,0.0
6.12199,-0.18472,0.0
6.12199,-0.15833,0.0
6.12199,-0.13194,0.0
6.12199,-0.10555,0.0
6.12199,-0.07916,0.0
6.12199,-0.05278,0.0
6.12199,-0.02639,0.0
6.12199,0,0.0
6.12199,0.02639,0.0
6.12199,0.05278,0.0
6.12199,0.07916,0.0
6.12199,0.10555,0.0
6.12199,0.13194,0.0
6.12199,0.15833,0.0
6.12199,0.18472,0.0
6.12199,0.2111,0.0
6.12199,0.23749,0.0
6.12199,0.26388,0.0
6.12199,0.29027,0.0
6.12199,0.31665,0.0
6.12199,0.34304,0.0
6.12199,0.36943,0.0
6.12199,0.39582,0.0
6.12199,0.42221,0.0
6.12199,0.44859,0.0
6.12199,0.47498,0.0
6.12199,0.50137,0.0
6.12199,0.52776,0.0
6.12199,0.55415,0.0
6.12199,0.58053,0.0
6.12199,0.60692,0.0
6.12199,0.63331,0.0
6.14838,-0.63331,0.0
6.14838,-0.60692,0.0
6.14838,-0.58053,0.0
6.14838,-0.55415,0.0
6.14838,-0.52776,0.0
6.14838,-0.50137,0.0
6.14838,-0.47498,0.0
6.14838,-0.44859,0.0
6.14838,-0.42221,0.0
6.14838,-0.39582,0.0
6.14838,-0.36943,0.0
6.14838,-0.34304,0.0
6.14838,-0.31665,0.0
6.14838,-0.29027,0.0
6.14838,-0.26388,0.0
6.14838,-0.23749,0.0
6.14838,-0.2111,0.0
6.14838,-0.18472,0.0
6.14838,-0.15833,0.0
6.14838,-0.13194,0.0
6.14838,-0.10555,0.0
6.14838,-0.07916,0.0
6.14838,-0.05278,0.0
6.14838,-0.02639,0.0
6.14838,0,0.0
6.14838,0.02639,0.0
6.14838,0.05278,0.0
6.14838,0.07916,0.0
6.14838,0.10555,0.0
6.14838,0.13194,0.0
6.14838,0.15833,0.0
6.14838,0.18472,0.0
6.14838,0.2111,0.0
6.14838,0.23749,0.0
6.14838,0.26388,0.0
6.14838,0.29027,0.0
6.14838,0.31665,0.0
6.14838,0.34304,0.0
6.14838,0.36943,0.0
6.14838,0.39582,0.0
6.14838,0.42221,0.0
6.14838,0.44859,0.0
6.14838,0.47498,0.0
6.14838,0.50137,0.0
6.14838,0.52776,0.0
6.14838,0.55415,0.0
6.14838,0.58053,0.0
6.14838,0.60692,0.0
6.14838,0.63331,0.0
6.17477,-0.63331,0.0
6.17477,-0.60692,0.0
6.17477,-0.58053,0.0
6.17477,-0.55415,0.0
6.17477,-0.52776,0.0
6.17477,-0.50137,0.0
6.17477,-0.47498,0.0
6.17477,-0.44859,0.0
6.17477,-0.42221,0.0
6.17477,-0.39582,0.0
6.17477,-0.36943,0.0
6.17477,-0.34304,0.0
6.17477,-0.31665,0.0
6.17477,-0.29027,0.0
6.17477,-0.26388,0.0
6.17477,-0.23749,0.0
6.17477,-0.2111,0.0
6.17477,-0.18472,0.0
6.17477,-0.15833,0.0
6.17477,-0.13194,0.0
6.17477,-0.10555,0.0
6.17477,-0.07916,0.0
6.17477,-0.05278,0.0
6.17477,-0.02639,0.0
6.17477,0,0.0
6.17477,0.02639,0.0
6.17477,0.05278,0.0
6.17477,0.07916,0.0
6.17477,0.10555,0.0
6.17477,0.13194,0.0
6.17477,0.15833,0.0
6.17477,0.18472,0.0
6.17477,0.2111,0.0
6.17477,0.23749,0.0
6.17477,0.26388,0.0
6.17477,0.29027,0.0
6.17477,0.31665,0.0
6.17477,0.34304,0.0
6.17477,0.36943,0.0
6.17477,0.39582,0.0
6.17477,0.42221,0.0
6.17477,0.44859,0.0
6.17477,0.47498,0.0
6.17477,0.50137,0.0
6.17477,0.52776,0.0
6.17477,0.55415,0.0
6.17477,0.58053,0.0
6.17477,0.60692,0.0
6.17477,0.63331,0.0
6.20116,-0.63331,0.0
6.20116,-0.60692,0.0
6.20116,-0.58053,0.0
6.20116,-0.55415,0.0
6.20116,-0.52776,0.0
6.20116,-0.50137,0.0
6.20116,-0.47498,0.0
6.20116,-0.44859,0.0
6.20116,-0.42221,0.0
6.20116,-0.39582,0.0
6.20116,-0.36943,0.0
6.20116,-0.34304,0.0
6.20116,-0.31665,0.0
6.20116,-0.29027,0.0
6.20116,-0.26388,0.0
6.20116,-0.23749,0.0
6.20116,-0.2111,0.0
6.20116,-0.18472,0.0
6.20116,-0.15833,0.0
6.20116,-0.13194,0.0
6.20116,-0.10555,0.0
6.20116,-0.07916,0.0
6.20116,-0.05278,0.0
6.20116,-0.02639,0.0
6.20116,0,0.0
6.20116,0.02639,0.0
6.20116,0.05278,0.0
6.20116,0.07916,0.0
6.20116,0.10555,0.0
6.20116,0.13194,0.0
6.20116,0.15833,0.0
6.20116,0.18472,0.0
6.20116,0.2111,0.0
6.20116,0.23749,0.0
6.20116,0.26388,0.0
6.20116,0.29027,0.0
6.20116,0.31665,0.0
6.20116,0.34304,0.0
6.20116,0.36943,0.0
6.20116,0.39582,0.0
6.20116,0.42221,0.0
6.20116,0.44859,0.0
6.20116,0.47498,0.0
6.20116,0.50137,0.0
6.20116,0.52776,0.0
6.20116,0.55415,0.0
6.20116,0.58053,0.0
6.20116,0.60692,0.0
6.20116,0.63331,0.0
6.22754,-0.63331,0.0
6.22754,-0.60692,0.0
6.22754,-0.58053,0.0
6.22754,-0.55415,0.0
6.22754,-0.52776,0.0
6.22754,-0.50137,0.0
6.22754,-0.47498,0.0
6.22754,-0.44859,0.0
6.22754,-0.42221,0.0
6.22754,-0.39582,0.0
6.22754,-0.36943,0.0
6.22754,-0.34304,0.0
6.22754,-0.31665,0.0
6.22754,-0.29027,0.0
6.22754,-0.26388,0.0
6.22754,-0.23749,0.0
6.22754,-0.2111,0.0
6.22754,-0.18472,0.0
6.22754,-0.15833,0.0
6.22754,-0.13194,0.0
6.22754,-0.10555,0.0
6.22754,-0.07916,0.0
6.22754,-0.05278,0.0
6.22754,-0.02639,0.0
6.22754,0,0.0
6.22754,0.02639,0.0
6.22754,0.05278,0.0
6.22754,0.07916,0.0
6.22754,0.10555,0.0
6.22754,0.13194,0.0
6.22754,0.15833,0.0
6.22754,0.18472,0.0
6.22754,0.2111,0.0
6.22754,0.23749,0.0
6.22754,0.26388,0.0
6.22754,0.29027,0.0
6.22754,0.31665,0.0
6.22754,0.34304,0.0
6.22754,0.36943,0.0
6.22754,0.39582,0.0
6.22754,0.42221,0.0
6.22754,0.44859,0.0
6.22754,0.47498,0.0
6.22754,0.50137,0.0
6.22754,0.52776,0.0
6.22754,0.55415,0.0
6.22754,0.58053,0.0
6.22754,0.60692,0.0
6.22754,0.63331,0.0
6.25393,-0.63331,0.0
6.25393,-0.60692,0.0
6.25393,-0.58053,0.0
6.25393,-0.55415,0.0
6.25393,-0.52776,0.0
6.25393,-0.50137,0.0
6.25393,-0.47498,0.0
6.25393,-0.44859,0.0
6.25393,-0.42221,0.0
6.25393,-0.39582,0.0
6.25393,-0.36943,0.0
6.25393,-0.34304,0.0
6.25393,-0.31665,0.0
6.25393,-0.29027,0.0
6.25393,-0.26388,0.0
6.25393,-0.23749,0.0
6.25393,-0.2111,0.0
6.25393,-0.18472,0.0
6.25393,-0.15833,0.0
6.25393,-0.13194,0.0
6.25393,-0.10555,0.0
6.25393,-0.07916,0.0
6.25393,-0.05278,0.0
6.25393,-0.02639,0.0
6.25393,0,0.0
6.25393,0.02639,0.0
6.25393,0.05278,0.0
6.25393,0.07916,0.0
6.25393,0.10555,0.0
6.25393,0.13194,0.0
6.25393,0.15833,0.0
6.25393,0.18472,0.0
6.25393,0.2111,0.0
6.25393,0.23749,0.0
6.25393,0.26388,0.0
6.25393,0.29027,0.0
6.25393,0.31665,0.0
6.25393,0.34304,0.0
6.25393,0.36943,0.0
6.25393,0.39582,0.0
6.25393,0.42221,0.0
6.25393,0.44859,0.0
6.25393,0.47498,0.0
6.25393,0.50137,0.0
6.25393,0.52776,0.0
6.25393,0.55415,0.0
6.25393,0.58053,0.0
6.25393,0.60692,0.0
6.25393,0.63331,0.0
6.28032,-0.63331,0.0
6.28032,-0.60692,0.0
6.28032,-0.58053,0.0
6.28032,-0.55415,0.0
6.28032,-0.52776,0.0
6.28032,-0.50137,0.0
6.28032,-0.47498,0.0
6.28032,-0.44859,0.0
6.28032,-0.42221,0.0
6.28032,-0.39582,0.0
6.28032,-0.36943,0.0
6.28032,-0.34304,0.0
6.28032,-0.31665,0.0
6.28032,-0.29027,0.0
6.28032,-0.26388,0.0
6.28032,-0.23749,0.0
6.28032,-0.2111,0.0
6.28032,-0.18472,0.0
6.28032,-0.15833,0.0
6.28032,-0.13194,0.0
6.28032,-0.10555,0.0
6.28032,-0.07916,0.0
6.28032,-0.05278,0.0
6.28032,-0.02639,0.0
6.28032,0,0.0
6.28032,0.02639,0.0
6.28032,0.05278,0.0
6.28032,0.07916,0.0
6.28032,0.10555,0.0
6.28032,0.13194,0.0
6.28032,0.15833,0.0
6.28032,0.18472,0.0
6.28032,0.2111,0.0
6.28032,0.23749,0.0
6.28032,0.26388,0.0
6.28032,0.29027,0.0
6.28032,0.31665,0.0
6.28032,0.34304,0.0
6.28032,0.36943,0.0
6.28032,0.39582,0.0
6.28032,0.42221,0.0
6.28032,0.44859,0.0
6.28032,0.47498,0.0
6.28032,0.50137,0.0
6.28032,0.52776,0.0
6.28032,0.55415,0.0
6.28032,0.58053,0.0
6.28032,0.60692,0.0
6.28032,0.63331,0.0
6.30671,-0.63331,0.0
6.30671,-0.60692,0.0
6.30671,-0.58053,0.0
6.30671,-0.55415,0.0
6.30671,-0.52776,0.0
6.30671,-0.50137,0.0
6.30671,-0.47498,0.0
6.30671,-0.44859,0.0
6.30671,-0.42221,0.0
6.30671,-0.39582,0.0
6.30671,-0.36943,0.0
6.30671,-0.34304,0.0
6.30671,-0.31665,0.0
6.30671,-0.29027,0.0
6.30671,-0.26388,0.0
6.30671,-0.23749,0.0
6.30671,-0.2111,0.0
6.30671,-0.18472,0.0
6.30671,-0.15833,0.0
6.30671,-0.13194,0.0
6.30671,-0.10555,0.0
6.30671,-0.07916,0.0
6.30671,-0.05278,0.0
6.30671,-0.02639,0.0
6.30671,0,0.0
6.30671,0.02639,0.0
6.30671,0.05278,0.0
6.30671,0.07916,0.0
6.30671,0.10555,0.0
6.30671,0.13194,0.0
6.30671,0.15833,0.0
6.30671,0.18472,0.0
6.30671,0.2111,0.0
6.30671,0.23749,0.0
6.30671,0.26388,0.0
6.30671,0.29027,0.0
6.30671,0.31665,0.0
6.30671,0.34304,0.0
6.30671,0.36943,0.0
6.30671,0.39582,0.0
6.30671,0.42221,0.0
6.30671,0.44859,0.0
6.30671,0.47498,0.0
6.30671,0.50137,0.0
6.30671,0.52776,0.0
6.30671,0.55415,0.0
6.30671,0.58053,0.0
6.30671,0.60692,0.0
6.30671,0.63331,0.0
6.3331,-0.63331,0.0
6.3331,-0.60692,0.0
6.3331,-0.58053,0.0
6.3331,-0.55415,0.0
6.3331,-0.52776,0.0
6.3331,-0.50137,0.0
6.3331,-0.47498,0.0
6.3331,-0.44859,0.0
6.3331,-0.42221,0.0
6.3331,-0.39582,0.0
6.3331,-0.36943,0.0
6.3331,-0.34304,0.0
6.3331,-0.31665,0.0
6.3331,-0.29027,0.0
6.3331,-0.26388,0.0
6.3331,-0.23749,0.0
6.3331,-0.2111,0.0
6.3331,-0.18472,0.0
6.3331,-0.15833,0.0
6.3331,-0.13194,0.0
6.3331,-0.10555,0.0
6.3331,-0.07916,0.0
6.3331,-0.05278,0.0
6.3331,-0.02639,0.0
6.3331,0,0.0
6.3331,0.02639,0.0
6.3331,0.05278,0.0
6.3331,0.07916,0.0
6.3331,0.10555,0.0
6.3331,0.13194,0.0
6.3331,0.15833,0.0
6.3331,0.18472,0.0
6.3331,0.2111,0.0
6.3331,0.23749,0.0
6.3331,0.26388,0.0
6.3331,0.29027,0.0
6.3331,0.31665,0.0
6.3331,0.34304,0.0
6.3331,0.36943,0.0
6.3331,0.39582,0.0
6.3331,0.42221,0.0
6.3331,0.44859,0.0
6.3331,0.47498,0.0
6.3331,0.50137,0.0
6.3331,0.52776,0.0
6.3331,0.55415,0.0
6.3331,0.58053,0.0
6.3331,0.60692,0.0
6.3331,0.63331,0.0
6.35948,-0.63331,0.0
6.35948,-0.60692,0.0
6.35948,-0.58053,0.0
6.35948,-0.55415,0.0
6.35948,-0.52776,0.0
6.35948,-0.50137,0.0
6.35948,-0.47498,0.0
6.35948,-0.44859,0.0
6.35948,-0.42221,0.0
6.35948,-0.39582,0.0
6.35948,-0.36943,0.0
6.35948,-0.34304,0.0
6.35948,-0.31665,0.0
6.35948,-0.29027,0.0
6.35948,-0.26388,0.0
6.35948,-0.23749,0.0
6.35948,-0.2111,0.0
6.35948,-0.18472,0.0
6.35948,-0.15833,0.0
6.35948,-0.13194,0.0
6.35948,-0.10555,0.0
6.35948,-0.07916,0.0
6.35948,-0.05278,0.0
6.35948,-0.02639,0.0
6.35948,0,0.0
6.35948,0.02639,0.0
6.35948,0.05278,0.0
6.35948,0.07916,0.0
6.35948,0.10555,0.0
6.35948,0.13194,0.0
6.35948,0.15833,0.0
6.35948,0.18472,0.0
6.35948,0.2111,0.0
6.35948,0.23749,0.0
6.35948,0.26388,0.0
6.35948,0.29027,0.0
6.35948,0.31665,0.0
6.35948,0.34304,0.0
6.35948,0.36943,0.0
6.35948,0.39582,0.0
6.35948,0.42221,0.0
6.35948,0.44859,0.0
6.35948,0.47498,0.0
6.35948,0.50137,0.0
6.35948,0.52776,0.0
6.35948,0.55415,0.0
6.35948,0.58053,0.0
6.35948,0.60692,0.0
6.35948,0.63331,0.0
6.38587,-0.63331,0.0
6.38587,-0.60692,0.0
6.38587,-0.58053,0.0
6.38587,-0.55415,0.0
6.38587,-0.52776,0.0
6.38587,-0.50137,0.0
6.38587,-0.47498,0.0
6.38587,-0.44859,0.0
6.38587,-0.42221,0.0
6.38587,-0.39582,0.0
6.38587,-0.36943,0.0
6.38587,-0.34304,0.0
6.38587,-0.31665,0.0
6.38587,-0.29027,0.0
6.38587,-0.26388,0.0
6.38587,-0.23749,0.0
6.38587,-0.2111,0.0
6.38587,-0.18472,0.0
6.38587,-0.15833,0.0
6.38587,-0.13194,0.0
6.38587,-0.10555,0.0
6.38587,-0.07916,0.0
6.38587,-0.05278,0.0
6.38587,-0.02639,0.0
6.38587,0,0.0
6.38587,0.02639,0.0
6.38587,0.05278,0.0
6.38587,0.07916,0.0
6.38587,0.10555,0.0
6.38587,0.13194,0.0
6.38587,0.15833,0.0
6.38587,0.18472,0.0
6.38587,0.2111,0.0
6.38587,0.23749,0.0
6.38587,0.26388,0.0
6.38587,0.29027,0.0
6.38587,0.31665,0.0
6.38587,0.34304,0.0
6.38587,0.36943,0.0
6.38587,0.39582,0.0
6.38587,0.42221,0.0
6.38587,0.44859,0.0
6.38587,0.47498,0.0
6.38587,0.50137,0.0
6.38587,0.52776,0.0
6.38587,0.55415,0.0
6.38587,0.58053,0.0
6.38587,0.60692,0.0
6.38587,0.63331,0.0
6.41226,-0.63331,0.0
6.41226,-0.60692,0.0
6.41226,-0.58053,0.0
6.41226,-0.55415,0.0
6.41226,-0.52776,0.0
6.41226,-0.50137,0.0
6.41226,-0.47498,0.0
6.41226,-0.44859,0.0
6.41226,-0.42221,0.0
6.41226,-0.39582,0.0
6.41226,-0.36943,0.0
6.41226,-0.34304,0.0
6.41226,-0.31665,0.0
6.41226,-0.29027,0.0
6.41226,-0.26388,0.0
6.41226,-0.23749,0.0
6.41226,-0.2111,0.0
6.41226,-0.18472,0.0
6.41226,-0.15833,0.0
6.41226,-0.13194,0.0
6.41226,-0.10555,0.0
6.41226,-0.07916,0.0
6.41226,-0.05278,0.0
6.41226,-0.02639,0.0
6.41226,0,0.0
6.41226,0.02639,0.0
6.41226,0.05278,0.0
6.41226,0.07916,0.0
6.41226,0.10555,0.0
6.41226,0.13194,0.0
6.41226,0.15833,0.0
6.41226,0.18472,0.0
6.41226,0.2111,0.0
6.41226,0.23749,0.0
6.41226,0.26388,0.0
6.41226,0.29027,0.0
6.41226,0.31665,0.0
6.41226,0.34304,0.0
6.41226,0.36943,0.0
6.41226,0.39582,0.0
6.41226,0.42221,0.0
6.41226,0.44859,0.0
6.41226,0.47498,0.0
6.41226,0.50137,0.0
6.41226,0.52776,0.0
6.41226,0.55415,0.0
6.41226,0.58053,0.0
6.41226,0.60692,0.0
6.41226,0.63331,0.0
6.43865,-0.63331,0.0
6.43865,-0.60692,0.0
6.43865,-0.58053,0.0
6.43865,-0.55415,0.0
6.43865,-0.52776,0.0
6.43865,-0.50137,0.0
6.43865,-0.47498,0.0
6.43865,-0.44859,0.0
6.43865,-0.42221,0.0
6.43865,-0.39582,0.0
6.43865,-0.36943,0.0
6.43865,-0.34304,0.0
6.43865,-0.31665,0.0
6.43865,-0.29027,0.0
6.43865,-0.26388,0.0
6.43865,-0.23749,0.0
6.43865,-0.2111,0.0
6.43865,-0.18472,0.0
6.43865,-0.15833,0.0
6.43865,-0.13194,0.0
6.43865,-0.10555,0.0
6.43865,-0.07916,0.0
6.43865,-0.05278,0.0
6.43865,-0.02639,0.0
6.43865,0,0.0
6.43865,0.02639,0.0
6.43865,0.05278,0.0
6.43865,0.07916,0.0
6.43865,0.10555,0.0
6.43865,0.13194,0.0
6.43865,0.15833,0.0
6.43865,0.18472,0.0
6.43865,0.2111,0.0
6.43865,0.23749,0.0
6.43865,0.26388,0.0
6.43865,0.29027,0.0
6.43865,0.31665,0.0
6.43865,0.34304,0.0
6.43865,0.36943,0.0
6.43865,0.39582,0.0
6.43865,0.42221,0.0
6.43865,0.44859,0.0
6.43865,0.47498,0.0
6.43865,0.50137,0.0
6.43865,0.52776,0.0
6.43865,0.55415,0.0
6.43865,0.58053,0.0
6.43865,0.60692,0.0
6.43865,0.63331,0.0
6.46504,-0.63331,0.0
6.46504,-0.60692,0.0
6.46504,-0.58053,0.0
6.46504,-0.55415,0.0
6.46504,-0.52776,0.0
6.46504,-0.50137,0.0
6.46504,-0.47498,0.0
6.46504,-0.44859,0.0
6.46504,-0.42221,0.0
6.46504,-0.39582,0.0
6.46504,-0.36943,0.0
6.46504,-0.34304,0.0
6.46504,-0.31665,0.0
6.46504,-0.29027,0.0
6.46504,-0.26388,0.0
6.46504,-0.23749,0.0
6.46504,-0.2111,0.0
6.46504,-0.18472,0.0
6.46504,-0.15833,0.0
6.46504,-0.13194,0.0
6.46504,-0.10555,0.0
6.46504,-0.07916,0.0
6.46504,-0.05278,0.0
6.46504,-0.02639,0.0
6.46504,0,0.0
6.46504,0.02639,0.0
6.46504,0.05278,0.0
6.46504,0.07916,0.0
6.46504,0.10555,0.0
6.46504,0.13194,0.0
6.46504,0.15833,0.0
6.46504,0.18472,0.0
6.46504,0.2111,0.0
6.46504,0.23749,0.0
6.46504,0.26388,0.0
6.46504,0.29027,0.0
6.46504,0.31665,0.0
6.46504,0.34304,0.0
6.46504,0.36943,0.0
6.46504,0.39582,0.0
6.46504,0.42221,0.0
6.46504,0.44859,0.0
6.46504,0.47498,0.0
6.46504,0.50137,0.0
6.46504,0.52776,0.0
6.46504,0.55415,0.0
6.46504,0.58053,0.0
6.46504,0.60692,0.0
6.46504,0.63331,0.0
6.49142,-0.63331,0.0
6.49142,-0.60692,0.0
6.49142,-0.58053,0.0
6.49142,-0.55415,0.0
6.49142,-0.52776,0.0
6.49142,-0.50137,0.0
6.49142,-0.47498,0.0
6.49142,-0.44859,0.0
6.49142,-0.42221,0.0
6.49142,-0.39582,0.0
6.49142,-0.36943,0.0
6.49142,-0.34304,0.0
6.49142,-0.31665,0.0
6.49142,-0.29027,0.0
6.49142,-0.26388,0.0
6.49142,-0.23749,0.0
6.49142,-0.2111,0.0
6.49142,-0.18472,0.0
6.49142,-0.15833,0.0
6.49142,-0.13194,0.0
6.49142,-0.10555,0.0
6.49142,-0.07916,0.0
6.49142,-0.05278,0.0
6.49142,-0.02639,0.0
6.49142,0,0.0
6.49142,0.02639,0.0
6.49142,0.05278,0.0
6.49142,0.07916,0.0
6.49142,0.10555,0.0
6.49142,0.13194,0.0
6.49142,0.15833,0.0
6.49142,0.18472,0.0
6.49142,0.2111,0.0
6.49142,0.23749,0.0
6.49142,0.26388,0.0
6.49142,0.29027,0.0
6.49142,0.31665,0.0
6.49142,0.34304,0.0
6.49142,0.36943,0.0
6.49142,0.39582,0.0
6.49142,0.42221,0.0
6.49142,0.44859,0.0
6.49142,0.47498,0.0
6.49142,0.50137,0.0
6.49142,0.52776,0.0
6.49142,0.55415,0.0
6.49142,0.58053,0.0
6.49142,0.60692,0.0
6.49142,0.63331,0.0
6.51781,-0.63331,0.0
6.51781,-0.60692,0.0
6.51781,-0.58053,0.0
6.51781,-0.55415,0.0
6.51781,-0.52776,0.0
6.51781,-0.50137,0.0
6.51781,-0.47498,0.0
6.51781,-0.44859,0.0
6.51781,-0.42221,0.0
6.51781,-0.39582,0.0
6.51781,-0.36943,0.0
6.51781,-0.34304,0.0
6.51781,-0.31665,0.0
6.51781,-0.29027,0.0
6.51781,-0.26388,0.0
6.51781,-0.23749,0.0
6.51781,-0.2111,0.0
6.51781,-0.18472,0.0
6.51781,-0.15833,0.0
6.51781,-0.13194,0.0
6.51781,-0.10555,0.0
6.51781,-0.07916,0.0
6.51781,-0.05278,0.0
6.51781,-0.02639,0.0
6.51781,0,0.0
6.51781,0.02639,0.0
6.51781,0.05278,0.0
6.51781,0.07916,0.0
6.51781,0.10555,0.0
6.51781,0.13194,0.0
6.51781,0.15833,0.0
6.51781,0.18472,0.0
6.51781,0.2111,0.0
6.51781,0.23749,0.0
6.51781,0.26388,0.0
6.51781,0.29027,0.0
6.51781,0.31665,0.0
6.51781,0.34304,0.0
6.51781,0.36943,0.0
6.51781,0.39582,0.0
6.51781,0.42221,0.0
6.51781,0.44859,0.0
6.51781,0.47498,0.0
6.51781,0.50137,0.0
6.51781,0.52776,0.0
6.51781,0.55415,0.0
6.51781,0.58053,0.0
6.51781,0.60692,0.0
6.51781,0.63331,0.0
6.5442,-0.63331,0.0
6.5442,-0.60692,0.0
6.5442,-0.58053,0.0
6.5442,-0.55415,0.0
6.5442,-0.52776,0.0
6.5442,-0.50137,0.0
6.5442,-0.47498,0.0
6.5442,-0.44859,0.0
6.5442,-0.42221,0.0
6.5442,-0.39582,0.0
6.5442,-0.36943,0.0
6.5442,-0.34304,0.0
6.5442,-0.31665,0.0
6.5442,-0.29027,0.0
6.5442,-0.26388,0.0
6.5442,-0.23749,0.0
6.5442,-0.2111,0.0
6.5442,-0.18472,0.0
6.5442,-0.15833,0.0
6.5442,-0.13194,0.0
6.5442,-0.10555,0.0
6.5442,-0.07916,0.0
6.5442,-0.05278,0.0
6.5442,-0.02639,0.0
6.5442,0,0.0
6.5442,0.02639,0.0
6.5442,0.05278,0.0
6.5442,0.07916,0.0
6.5442,0.10555,0.0
6.5442,0.13194,0.0
6.5442,0.15833,0.0
6.5442,0.18472,0.0
6.5442,0.2111,0.0
6.5442,0.23749,0.0
6.5442,0.26388,0.0
6.5442,0.29027,0.0
6.5442,0.31665,0.0
6.5442,0.34304,0.0
6.5442,0.36943,0.0
6.5442,0.39582,0.0
6.5442,0.42221,0.0
6.5442,0.44859,0.0
6.5442,0.47498,0.0
6.5442,0.50137,0.0
6.5442,0.52776,0.0
6.5442,0.55415,0.0
6.5442,0.58053,0.0
6.5442,0.60692,0.0
6.5442,0.63331,0.0
6.57059,-0.63331,0.0
6.57059,-0.60692,0.0
6.57059,-0.58053,0.0
6.57059,-0.55415,0.0
6.57059,-0.52776,0.0
6.57059,-0.50137,0.0
6.57059,-0.47498,0.0
6.57059,-0.44859,0.0
6.57059,-0.42221,0.0
6.57059,-0.39582,0.0
6.57059,-0.36943,0.0
6.57059,-0.34304,0.0
6.57059,-0.31665,0.0
6.57059,-0.29027,0.0
6.57059,-0.26388,0.0
6.57059,-0.23749,0.0
6.57059,-0.2111,0.0
6.57059,-0.18472,0.0
6.57059,-0.15833,0.0
6.57059,-0.13194,0.0
6.57059,-0.10555,0.0
6.57059,-0.07916,0.0
6.57059,-0.05278,0.0
6.57059,-0.02639,0.0
6.57059,0,0.0
6.57059,0.02639,0.0
6.57059,0.05278,0.0
6.57059,0.07916,0.0
6.57059,0.10555,0.0
6.57059,0.13194,0.0
6.57059,0.15833,0.0
6.57059,0.18472,0.0
6.57059,0.2111,0.0
6.57059,0.23749,0.0
6.57059,0.26388,0.0
6.57059,0.29027,0.0
6.57059,0.31665,0.0
6.57059,0.34304,0.0
6.57059,0.36943,0.0
6.57059,0.39582,0.0
6.57059,0.42221,0.0
6.57059,0.44859,0.0
6.57059,0.47498,0.0
6.57059,0.50137,0.0
6.57059,0.52776,0.0
6.57059,0.55415,0.0
6.57059,0.58053,0.0
6.57059,0.60692,0.0
6.57059,0.63331,0.0
6.59698,-0.63331,0.0
6.59698,-0.60692,0.0
6.59698,-0.58053,0.0
6.59698,-0.55415,0.0
6.59698,-0.52776,0.0
6.59698,-0.50137,0.0
6.59698,-0.47498,0.0
6.59698,-0.44859,0.0
6.59698,-0.42221,0.0
6.59698,-0.39582,0.0
6.59698,-0.36943,0.0
6.59698,-0.34304,0.0
6.59698,-0.31665,0.0
6.59698,-0.29027,0.0
6.59698,-0.26388,0.0
6.59698,-0.23749,0.0
6.59698,-0.2111,0.0
6.59698,-0.18472,0.0
6.59698,-0.15833,0.0
6.59698,-0.13194,0.0
6.59698,-0.10555,0.0
6.59698,-0.07916,0.0
6.59698,-0.05278,0.0
6.59698,-0.02639,0.0
6.59698,0,0.0
6.59698,0.02639,0.0
6.59698,0.05278,0.0
6.59698,0.07916,0.0
6.59698,0.10555,0.0
6.59698,0.13194,0.0
6.59698,0.15833,0.0
6.59698,0.18472,0.0
6.59698,0.2111,0.0
6.59698,0.23749,0.0
6.59698,0.26388,0.0
6.59698,0.29027,0.0
6.59698,0.31665,0.0
6.59698,0.34304,0.0
6.59698,0.36943,0.0
6.59698,0.39582,0.0
6.59698,0.42221,0.0
6.59698,0.44859,0.0
6.59698,0.47498,0.0
6.59698,0.50137,0.0
6.59698,0.52776,0.0
6.59698,0.55415,0.0
6.59698,0.58053,0.0
6.59698,0.60692,0.0
6.59698,0.63331,0.0
6.62336,-0.63331,0.0
6.62336,-0.60692,0.0
6.62336,-0.58053,0.0
6.62336,-0.55415,0.0
6.62336,-0.52776,0.0
6.62336,-0.50137,0.0
6.62336,-0.47498,0.0
6.62336,-0.44859,0.0
6.62336,-0.42221,0.0
6.62336,-0.39582,0.0
6.62336,-0.36943,0.0
6.62336,-0.34304,0.0
6.62336,-0.31665,0.0
6.62336,-0.29027,0.0
6.62336,-0.26388,0.0
6.62336,-0.23749,0.0
6.62336,-0.2111,0.0
6.62336,-0.18472,0.0
6.62336,-0.15833,0.0
6.62336,-0.13194,0.0
6.62336,-0.10555,0.0
6.62336,-0.07916,0.0
6.62336,-0.05278,0.0
6.62336,-0.02639,0.0
6.62336,0,0.0
6.62336,0.02639,0.0
6.62336,0.05278,0.0
6.62336,0.07916,0.0
6.62336,0.10555,0.0
6.62336,0.13194,0.0
6.62336,0.15833,0.0
6.62336,0.18472,0.0
6.62336,0.2111,0.0
6.62336,0.23749,0.0
6.62336,0.26388,0.0
6.62336,0.29027,0.0
6.62336,0.31665,0.0
6.62336,0.34304,0.0
6.62336,0.36943,0.0
6.62336,0.39582,0.0
6.62336,0.42221,0.0
6.62336,0.44859,0.0
6.62336,0.47498,0.0
6.62336,0.50137,0.0
6.62336,0.52776,0.0
6.62336,0.55415,0.0
6.62336,0.58053,0.0
6.62336,0.60692,0.0
6.62336,0.63331,0.0
6.64975,-0.63331,0.0
6.64975,-0.60692,0.0
6.64975,-0.58053,0.0
6.64975,-0.55415,0.0
6.64975,-0.52776,0.0
6.64975,-0.50137,0.0
6.64975,-0.47498,0.0
6.64975,-0.44859,0.0
6.64975,-0.42221,0.0
6.64975,-0.39582,0.0
6.64975,-0.36943,0.0
6.64975,-0.34304,0.0
6.64975,-0.31665,0.0
6.64975,-0.29027,0.0
6.64975,-0.26388,0.0
6.64975,-0.23749,0.0
6.64975,-0.2111,0.0
6.64975,-0.18472,0.0
6.64975,-0.15833,0.0
6.64975,-0.13194,0.0
6.64975,-0.10555,0.0
6.64975,-0.07916,0.0
6.64975,-0.05278,0.0
6.64975,-0.02639,0.0
6.64975,0,0.0
6.64975,0.02639,0.0
6.64975,0.05278,0.0
6.64975,0.07916,0.0
6.64975,0.10555,0.0
6.64975,0.13194,0.0
6.64975,0.15833,0.0
6.64975,0.18472,0.0
6.64975,0.2111,0.0
6.64975,0.23749,0.0
6.64975,0.26388,0.0
6.64975,0.29027,0.0
6.64975,0.31665,0.0
6.64975,0.34304,0.0
6.64975,0.36943,0.0
6.64975,0.39582,0.0
6.64975,0.42221,0.0
6.64975,0.44859,0.0
6.64975,0.47498,0.0
6.64975,0.50137,0.0
6.64975,0.52776,0.0
6.64975,0.55415,0.0
6.64975,0.58053,0.0
6.64975,0.60692,0.0
6.64975,0.63331,0.0
6.67614,-0.63331,0.0
6.67614,-0.60692,0.0
6.67614,-0.58053,0.0
6.67614,-0.55415,0.0
6.67614,-0.52776,0.0
6.67614,-0.50137,0.0
6.67614,-0.47498,0.0
6.67614,-0.44859,0.0
6.67614,-0.42221,0.0
6.67614,-0.39582,0.0
6.67614,-0.36943,0.0
6.67614,-0.34304,0.0
6.67614,-0.31665,0.0
6.67614,-0.29027,0.0
6.67614,-0.26388,0.0
6.67614,-0.23749,0.0
6.67614,-0.2111,0.0
6.67614,-0.18472,0.0
6.67614,-0.15833,0.0
6.67614,-0.13194,0.0
6.67614,-0.10555,0.0
6.67614,-0.07916,0.0
6.67614,-0.05278,0.0
6.67614,-0.02639,0.0
6.67614,0,0.0
6.67614,0.02639,0.0
6.67614,0.05278,0.0
6.67614,0.07916,0.0
6.67614,0.10555,0.0
6.67614,0.13194,0.0
6.67614,0.15833,0.0
6.67614,0.18472,0.0
6.67614,0.2111,0.0
6.67614,0.23749,0.0
6.67614,0.26388,0.0
6.67614,0.29027,0.0
6.67614,0.31665,0.0
6.67614,0.34304,0.0
6.67614,0.36943,0.0
6.67614,0.39582,0.0
6.67614,0.42221,0.0
6.67614,0.44859,0.0
6.67614,0.47498,0.0
6.67614,0.50137,0.0
6.67614,0.52776,0.0
6.67614,0.55415,0.0
6.67614,0.58053,0.0
6.67614,0.60692,0.0
6.67614,0.63331,0.0
6.70253,-0.63331,0.0
6.70253,-0.60692,0.0
6.70253,-0.58053,0.0
6.70253,-0.55415,0.0
6.70253,-0.52776,0.0
6.70253,-0.50137,0.0
6.70253,-0.47498,0.0
6.70253,-0.44859,0.0
6.70253,-0.42221,0.0
6.70253,-0.39582,0.0
6.70253,-0.36943,0.0
6.70253,-0.34304,0.0
6.70253,-0.31665,0.0
6.70253,-0.29027,0.0
6.70253,-0.26388,0.0
6.70253,-0.23749,0.0
6.70253,-0.2111,0.0
6.70253,-0.18472,0.0
6.70253,-0.15833,0.0
6.70253,-0.13194,0.0
6.70253,-0.10555,0.0
6.70253,-0.07916,0.0
6.70253,-0.05278,0.0
6.70253,-0.02639,0.0
6.70253,0,0.0
6.70253,0.02639,0.0
6.70253,0.05278,0.0
6.70253,0.07916,0.0
6.70253,0.10555,0.0
6.70253,0.13194,0.0
6.70253,0.15833,0.0
6.70253,0.18472,0.0
6.70253,0.2111,0.0
6.70253,0.23749,0.0
6.70253,0.26388,0.0
6.70253,0.29027,0.0
6.70253,0.31665,0.0
6.70253,0.34304,0.0
6.70253,0.36943,0.0
6.70253,0.39582,0.0
6.70253,0.42221,0.0
6.70253,0.44859,0.0
6.70253,0.47498,0.0
6.70253,0.50137,0.0
6.70253,0.52776,0.0
6.70253,0.55415,0.0
6.70253,0.58053,0.0
6.70253,0.60692,0.0
6.70253,0.63331,0.0
6.72891,-0.63331,0.0
6.72891,-0.60692,0.0
6.72891,-0.58053,0.0
6.72891,-0.55415,0.0
6.72891,-0.52776,0.0
6.72891,-0.50137,0.0
6.72891,-0.47498,0.0
6.72891,-0.44859,0.0
6.72891,-0.42221,0.0
6.72891,-0.39582,0.0
6.72891,-0.36943,0.0
6.72891,-0.34304,0.0
6.72891,-0.31665,0.0
6.72891,-0.29027,0.0
6.72891,-0.26388,0.0
6.72891,-0.23749,0.0
6.72891,-0.2111,0.0
6.72891,-0.18472,0.0
6.72891,-0.15833,0.0
6.72891,-0.13194,0.0
6.72891,-0.10555,0.0
6.72891,-0.07916,0.0
6.72891,-0.05278,0.0
6.72891,-0.02639,0.0
6.72891,0,0.0
6.72891,0.02639,0.0
6.72891,0.05278,0.0
6.72891,0.07916,0.0
6.72891,0.10555,0.0
6.72891,0.13194,0.0
6.72891,0.15833,0.0
6.72891,0.18472,0.0
6.72891,0.2111,0.0
6.72891,0.23749,0.0
6.72891,0.26388,0.0
6.72891,0.29027,0.0
6.72891,0.31665,0.0
6.72891,0.34304,0.0
6.72891,0.36943,0.0
6.72891,0.39582,0.0
6.72891,0.42221,0.0
6.72891,0.44859,0.0
6.72891,0.47498,0.0
6.72891,0.50137,0.0
6.72891,0.52776,0.0
6.72891,0.55415,0.0
6.72891,0.58053,0.0
6.72891,0.60692,0.0
6.72891,0.63331,0.0
6.7553,-0.63331,0.0
6.7553,-0.60692,0.0
6.7553,-0.58053,0.0
6.7553,-0.55415,0.0
6.7553,-0.52776,0.0
6.7553,-0.50137,0.0
6.7553,-0.47498,0.0
6.7553,-0.44859,0.0
6.7553,-0.42221,0.0
6.7553,-0.39582,0.0
6.7553,-0.36943,0.0
6.7553,-0.34304,0.0
6.7553,-0.31665,0.0
6.7553,-0.29027,0.0
6.7553,-0.26388,0.0
6.7553,-0.23749,0.0
6.7553,-0.2111,0.0
6.7553,-0.18472,0.0
6.7553,-0.15833,0.0
6.7553,-0.13194,0.0
6.7553,-0.10555,0.0
6.7553,-0.07916,0.0
6.7553,-0.05278,0.0
6.7553,-0.02639,0.0
6.7553,0,0.0
6.7553,0.02639,0.0
6.7553,0.05278,0.0
6.7553,0.07916,0.0
6.7553,0.10555,0.0
6.7553,0.13194,0.0
6.7553,0.15833,0.0
6.7553,0.18472,0.0
6.7553,0.2111,0.0
6.7553,0.23749,0.0
6.7553,0.26388,0.0
6.7553,0.29027,0.0
6.7553,0.31665,0.0
6.7553,0.34304,0.0
6.7553,0.36943,0.0
6.7553,0.39582,0.0
6.7553,0.42221,0.0
6.7553,0.44859,0.0
6.7553,0.47498,0.0
6.7553,0.50137,0.0
6.7553,0.52776,0.0
6.7553,0.55415,0.0
6.7553,0.58053,0.0
6.7553,0.60692,0.0
6.7553,0.63331,0.0
6.78169,-0.63331,0.0
6.78169,-0.60692,0.0
6.78169,-0.58053,0.0
6.78169,-0.55415,0.0
6.78169,-0.52776,0.0
6.78169,-0.50137,0.0
6.78169,-0.47498,0.0
6.78169,-0.44859,0.0
6.78169,-0.42221,0.0
6.78169,-0.39582,0.0
6.78169,-0.36943,0.0
6.78169,-0.34304,0.0
6.78169,-0.31665,0.0
6.78169,-0.29027,0.0
6.78169,-0.26388,0.0
6.78169,-0.23749,0.0
6.78169,-0.2111,0.0
6.78169,-0.18472,0.0
6.78169,-0.15833,0.0
6.78169,-0.13194,0.0
6.78169,-0.10555,0.0
6.78169,-0.07916,0.0
6.78169,-0.05278,0.0
6.78169,-0.02639,0.0
6.78169,0,0.0
6.78169,0.02639,0.0
6.78169,0.05278,0.0
6.78169,0.07916,0.0
6.78169,0.10555,0.0
6.78169,0.13194,0.0
6.78169,0.15833,0.0
6.78169,0.18472,0.0
6.78169,0.2111,0.0
6.78169,0.23749,0.0
6.78169,0.26388,0.0
6.78169,0.29027,0.0
6.78169,0.31665,0.0
6.78169,0.34304,0.0
6.78169,0.36943,0.0
6.78169,0.39582,0.0
6.78169,0.42221,0.0
6.78169,0.44859,0.0
6.78169,0.47498,0.0
6.78169,0.50137,0.0
6.78169,0.52776,0.0
6.78169,0.55415,0.0
6.78169,0.58053,0.0
6.78169,0.60692,0.0
6.78169,0.63331,0.0
6.80808,-0.63331,0.0
6.80808,-0.60692,0.0
6.80808,-0.58053,0.0
6.80808,-0.55415,0.0
6.80808,-0.52776,0.0
6.80808,-0.50137,0.0
6.80808,-0.47498,0.0
6.80808,-0.44859,0.0
6.80808,-0.42221,0.0
6.80808,-0.39582,0.0
6.80808,-0.36943,0.0
6.80808,-0.34304,0.0
6.80808,-0.31665,0.0
6.80808,-0.29027,0.0
6.80808,-0.26388,0.0
6.80808,-0.23749,0.0
6.80808,-0.2111,0.0
6.80808,-0.18472,0.0
6.80808,-0.15833,0.0
6.80808,-0.13194,0.0
6.80808,-0.10555,0.0
6.80808,-0.07916,0.0
6.80808,-0.05278,0.0
6.80808,-0.02639,0.0
6.80808,0,0.0
6.80808,0.02639,0.0
6.80808,0.05278,0.0
6.80808,0.07916,0.0
6.80808,0.10555,0.0
6.80808,0.13194,0.0
6.80808,0.15833,0.0
6.80808,0.18472,0.0
6.80808,0.2111,0.0
6.80808,0.23749,0.0
6.80808,0.26388,0.0
6.80808,0.29027,0.0
6.80808,0.31665,0.0
6.80808,0.34304,0.0
6.80808,0.36943,0.0
6.80808,0.39582,0.0
6.80808,0.42221,0.0
6.80808,0.44859,0.0
6.80808,0.47498,0.0
6.80808,0.50137,0.0
6.80808,0.52776,0.0
6.80808,0.55415,0.0
6.80808,0.58053,0.0
6.80808,0.60692,0.0
6.80808,0.63331,0.0
6.83447,-0.63331,0.0
6.83447,-0.60692,0.0
6.83447,-0.58053,0.0
6.83447,-0.55415,0.0
6.83447,-0.52776,0.0
6.83447,-0.50137,0.0
6.83447,-0.47498,0.0
6.83447,-0.44859,0.0
6.83447,-0.42221,0.0
6.83447,-0.39582,0.0
6.83447,-0.36943,0.0
6.83447,-0.34304,0.0
6.83447,-0.31665,0.0
6.83447,-0.29027,0.0
6.83447,-0.26388,0.0
6.83447,-0.23749,0.0
6.83447,-0.2111,0.0
6.83447,-0.18472,0.0
6.83447,-0.15833,0.0
6.83447,-0.13194,0.0
6.83447,-0.10555,0.0
6.83447,-0.07916,0.0
6.83447,-0.05278,0.0
6.83447,-0.02639,0.0
6.83447,0,0.0
6.83447,0.02639,0.0
6.83447,0.05278,0.0
6.83447,0.07916,0.0
6.83447,0.10555,0.0
6.83447,0.13194,0.0
6.83447,0.15833,0.0
6.83447,0.18472,0.0
6.83447,0.2111,0.0
6.83447,0.23749,0.0
6.83447,0.26388,0.0
6.83447,0.29027,0.0
6.83447,0.31665,0.0
6.83447,0.34304,0.0
6.83447,0.36943,0.0
6.83447,0.39582,0.0
6.83447,0.42221,0.0
6.83447,0.44859,0.0
6.83447,0.47498,0.0
6.83447,0.50137,0.0
6.83447,0.52776,0.0
6.83447,0.55415,0.0
6.83447,0.58053,0.0
6.83447,0.60692,0.0
6.83447,0.63331,0.0
6.86085,-0.63331,0.0
6.86085,-0.60692,0.0
6.86085,-0.58053,0.0
6.86085,-0.55415,0.0
6.86085,-0.52776,0.0
6.86085,-0.50137,0.0
6.86085,-0.47498,0.0
6.86085,-0.44859,0.0
6.86085,-0.42221,0.0
6.86085,-0.39582,0.0
6.86085,-0.36943,0.0
6.86085,-0.34304,0.0
6.86085,-0.31665,0.0
6.86085,-0.29027,0.0
6.86085,-0.26388,0.0
6.86085,-0.23749,0.0
6.86085,-0.2111,0.0
6.86085,-0.18472,0.0
6.86085,-0.15833,0.0
6.86085,-0.13194,0.0
6.86085,-0.10555,0.0
6.86085,-0.07916,0.0
6.86085,-0.05278,0.0
6.86085,-0.02639,0.0
6.86085,0,0.0
6.86085,0.02639,0.0
6.86085,0.05278,0.0
6.86085,0.07916,0.0
6.86085,0.10555,0.0
6.86085,0.13194,0.0
6.86085,0.15833,0.0
6.86085,0.18472,0.0
6.86085,0.2111,0.0
6.86085,0.23749,0.0
6.86085,0.26388,0.0
6.86085,0.29027,0.0
6.86085,0.31665,0.0
6.86085,0.34304,0.0
6.86085,0.36943,0.0
6.86085,0.39582,0.0
6.86085,0.42221,0.0
6.86085,0.44859,0.0
6.86085,0.47498,0.0
6.86085,0.50137,0.0
6.86085,0.52776,0.0
6.86085,0.55415,0.0
6.86085,0.58053,0.0
6.86085,0.60692,0.0
6.86085,0.63331,0.0
6.88724,-0.63331,0.0
6.88724,-0.60692,0.0
6.88724,-0.58053,0.0
6.88724,-0.55415,0.0
6.88724,-0.52776,0.0
6.88724,-0.50137,0.0
6.88724,-0.47498,0.0
6.88724,-0.44859,0.0
6.88724,-0.42221,0.0
6.88724,-0.39582,0.0
6.88724,-0.36943,0.0
6.88724,-0.34304,0.0
6.88724,-0.31665,0.0
6.88724,-0.29027,0.0
6.88724,-0.26388,0.0
6.88724,-0.23749,0.0
6.88724,-0.2111,0.0
6.88724,-0.18472,0.0
6.88724,-0.15833,0.0
6.88724,-0.13194,0.0
6.88724,-0.10555,0.0
6.88724,-0.07916,0.0
6.88724,-0.05278,0.0
6.88724,-0.02639,0.0
6.88724,0,0.0
6.88724,0.02639,0.0
6.88724,0.05278,0.0
6.88724,0.07916,0.0
6.88724,0.10555,0.0
6.88724,0.13194,0.0
6.88724,0.15833,0.0
6.88724,0.18472,0.0
6.88724,0.2111,0.0
6.88724,0.23749,0.0
6.88724,0.26388,0.0
6.88724,0.29027,0.0
6.88724,0.31665,0.0
6.88724,0.34304,0.0
6.88724,0.36943,0.0
6.88724,0.39582,0.0
6.88724,0.42221,0.0
6.88724,0.44859,0.0
6.88724,0.47498,0.0
6.88724,0.50137,0.0
6.88724,0.52776,0.0
6.88724,0.55415,0.0
6.88724,0.58053,0.0
6.88724,0.60692,0.0
6.88724,0.63331,0.0
6.91363,-0.63331,0.0
6.91363,-0.60692,0.0
6.91363,-0.58053,0.0
6.91363,-0.55415,0.0
6.91363,-0.52776,0.0
6.91363,-0.50137,0.0
6.91363,-0.47498,0.0
6.91363,-0.44859,0.0
6.91363,-0.42221,0.0
6.91363,-0.39582,0.0
6.91363,-0.36943,0.0
6.91363,-0.34304,0.0
6.91363,-0.31665,0.0
6.91363,-0.29027,0.0
6.91363,-0.26388,0.0
6.91363,-0.23749,0.0
6.91363,-0.2111,0.0
6.91363,-0.18472,0.0
6.91363,-0.15833,0.0
6.91363,-0.13194,0.0
6.91363,-0.10555,0.0
6.91363,-0.07916,0.0
6.91363,-0.05278,0.0
6.91363,-0.02639,0.0
6.91363,0,0.0
6.91363,0.02639,0.0
6.91363,0.05278,0.0
6.91363,0.07916,0.0
6.91363,0.10555,0.0
6.91363,0.13194,0.0
6.91363,0.15833,0.0
6.91363,0.18472,0.0
6.91363,0.2111,0.0
6.91363,0.23749,0.0
6.91363,0.26388,0.0
6.91363,0.29027,0.0
6.91363,0.31665,0.0
6.91363,0.34304,0.0
6.91363,0.36943,0.0
6.91363,0.39582,0.0
6.91363,0.42221,0.0
6.91363,0.44859,0.0
6.91363,0.47498,0.0
6.91363,0.50137,0.0
6.91363,0.52776,0.0
6.91363,0.55415,0.0
6.91363,0.58053,0.0
6.91363,0.60692,0.0
6.91363,0.63331,0.0
6.94002,-0.63331,0.0
6.94002,-0.60692,0.0
6.94002,-0.58053,0.0
6.94002,-0.55415,0.0
6.94002,-0.52776,0.0
6.94002,-0.50137,0.0
6.94002,-0.47498,0.0
6.94002,-0.44859,0.0
6.94002,-0.42221,0.0
6.94002,-0.39582,0.0
6.94002,-0.36943,0.0
6.94002,-0.34304,0.0
6.94002,-0.31665,0.0
6.94002,-0.29027,0.0
6.94002,-0.26388,0.0
6.94002,-0.23749,0.0
6.94002,-0.2111,0.0
6.94002,-0.18472,0.0
6.94002,-0.15833,0.0
6.94002,-0.13194,0.0
6.94002,-0.10555,0.0
6.94002,-0.07916,0.0
6.94002,-0.05278,0.0
6.94002,-0.02639,0.0
6.94002,0,0.0
6.94002,0.02639,0.0
6.94002,0.05278,0.0
6.94002,0.07916,0.0
6.94002,0.10555,0.0
6.94002,0.13194,0.0
6.94002,0.15833,0.0
6.94002,0.18472,0.0
6.94002,0.2111,0.0
6.94002,0.23749,0.0
6.94002,0.26388,0.0
6.94002,0.29027,0.0
6.94002,0.31665,0.0
6.94002,0.34304,0.0
6.94002,0.36943,0.0
6.94002,0.39582,0.0
6.94002,0.42221,0.0
6.94002,0.44859,0.0
6.94002,0.47498,0.0
6.94002,0.50137,0.0
6.94002,0.52776,0.0
6.94002,0.55415,0.0
6.94002,0.58053,0.0
6.94002,0.60692,0.0
6.94002,0.63331,0.0
6.96641,-0.63331,0.0
6.96641,-0.60692,0.0
6.96641,-0.58053,0.0
6.96641,-0.55415,0.0
6.96641,-0.52776,0.0
6.96641,-0.50137,0.0
6.96641,-0.47498,0.0
6.96641,-0.44859,0.0
6.96641,-0.42221,0.0
6.96641,-0.39582,0.0
6.96641,-0.36943,0.0
6.96641,-0.34304,0.0
6.96641,-0.31665,0.0
6.96641,-0.29027,0.0
6.96641,-0.26388,0.0
6.96641,-0.23749,0.0
6.96641,-0.2111,0.0
6.96641,-0.18472,0.0
6.96641,-0.15833,0.0
6.96641,-0.13194,0.0
6.96641,-0.10555,0.0
6.96641,-0.07916,0.0
6.96641,-0.05278,0.0
6.96641,-0.02639,0.0
6.96641,0,0.0
6.96641,0.02639,0.0
6.96641,0.05278,0.0
6.96641,0.07916,0.0
6.96641,0.10555,0.0
6.96641,0.13194,0.0
6.96641,0.15833,0.0
6.96641,0.18472,0.0
6.96641,0.2111,0.0
6.96641,0.23749,0.0
6.96641,0.26388,0.0
6.96641,0.29027,0.0
6.96641,0.31665,0.0
6.96641,0.34304,0.0
6.96641,0.36943,0.0
6.96641,0.39582,0.0
6.96641,0.42221,0.0
6.96641,0.44859,0.0
6.96641,0.47498,0.0
6.96641,0.50137,0.0
6.96641,0.52776,0.0
6.96641,0.55415,0.0
6.96641,0.58053,0.0
6.96641,0.60692,0.0
6.96641,0.63331,0.0
6.99279,-0.63331,0.0
6.99279,-0.60692,0.0
6.99279,-0.58053,0.0
6.99279,-0.55415,0.0
6.99279,-0.52776,0.0
6.99279,-0.50137,0.0
6.99279,-0.47498,0.0
6.99279,-0.44859,0.0
6.99279,-0.42221,0.0
6.99279,-0.39582,0.0
6.99279,-0.36943,0.0
6.99279,-0.34304,0.0
6.99279,-0.31665,0.0
6.99279,-0.29027,0.0
6.99279,-0.26388,0.0
6.99279,-0.23749,0.0
6.99279,-0.2111,0.0
6.99279,-0.18472,0.0
6.99279,-0.15833,0.0
6.99279,-0.13194,0.0
6.99279,-0.10555,0.0
6.99279,-0.07916,0.0
6.99279,-0.05278,0.0
6.99279,-0.02639,0.0
6.99279,0,0.0
6.99279,0.02639,0.0
6.99279,0.05278,0.0
6.99279,0.07916,0.0
6.99279,0.10555,0.0
6.99279,0.13194,0.0
6.99279,0.15833,0.0
6.99279,0.18472,0.0
6.99279,0.2111,0.0
6.99279,0.23749,0.0
6.99279,0.26388,0.0
6.99279,0.29027,0.0
6.99279,0.31665,0.0
6.99279,0.34304,0.0
6.99279,0.36943,0.0
6.99279,0.39582,0.0
6.99279,0.42221,0.0
6.99279,0.44859,0.0
6.99279,0.47498,0.0
6.99279,0.50137,0.0
6.99279,0.52776,0.0
6.99279,0.55415,0.0
6.99279,0.58053,0.0
6.99279,0.60692,0.0
6.99279,0.63331,0.0
7.01918,-0.63331,0.0
7.01918,-0.60692,0.0
7.01918,-0.58053,0.0
7.01918,-0.55415,0.0
7.01918,-0.52776,0.0
7.01918,-0.50137,0.0
7.01918,-0.47498,0.0
7.01918,-0.44859,0.0
7.01918,-0.42221,0.0
7.01918,-0.39582,0.0
7.01918,-0.36943,0.0
7.01918,-0.34304,0.0
7.01918,-0.31665,0.0
7.01918,-0.29027,0.0
7.01918,-0.26388,0.0
7.01918,-0.23749,0.0
7.01918,-0.2111,0.0
7.01918,-0.18472,0.0
7.01918,-0.15833,0.0
7.01918,-0.13194,0.0
7.01918,-0.10555,0.0
7.01918,-0.07916,0.0
7.01918,-0.05278,0.0
7.01918,-0.02639,0.0
7.01918,0,0.0
7.01918,0.02639,0.0
7.01918,0.05278,0.0
7.01918,0.07916,0.0
7.01918,0.10555,0.0
7.01918,0.13194,0.0
7.01918,0.15833,0.0
7.01918,0.18472,0.0
7.01918,0.2111,0.0
7.01918,0.23749,0.0
7.01918,0.26388,0.0
7.01918,0.29027,0.0
7.01918,0.31665,0.0
7.01918,0.34304,0.0
7.01918,0.36943,0.0
7.01918,0.39582,0.0
7.01918,0.42221,0.0
7.01918,0.44859,0.0
7.01918,0.47498,0.0
7.01918,0.50137,0.0
7.01918,0.52776,0.0
7.01918,0.55415,0.0
7.01918,0.58053,0.0
7.01918,0.60692,0.0
7.01918,0.63331,0.0
7.04557,-0.63331,0.0
7.04557,-0.60692,0.0
7.04557,-0.58053,0.0
7.04557,-0.55415,0.0
7.04557,-0.52776,0.0
7.04557,-0.50137,0.0
7.04557,-0.47498,0.0
7.04557,-0.44859,0.0
7.04557,-0.42221,0.0
7.04557,-0.39582,0.0
7.04557,-0.36943,0.0
7.04557,-0.34304,0.0
7.04557,-0.31665,0.0
7.04557,-0.29027,0.0
7.04557,-0.26388,0.0
7.04557,-0.23749,0.0
7.04557,-0.2111,0.0
7.04557,-0.18472,0.0
7.04557,-0.15833,0.0
7.04557,-0.13194,0.0
7.04557,-0.10555,0.0
7.04557,-0.07916,0.0
7.04557,-0.05278,0.0
7.04557,-0.02639,0.0
7.04557,0,0.0
7.04557,0.02639,0.0
7.04557,0.05278,0.0
7.04557,0.07916,0.0
7.04557,0.10555,0.0
7.04557,0.13194,0.0
7.04557,0.15833,0.0
7.04557,0.18472,0.0
7.04557,0.2111,0.0
7.04557,0.23749,0.0
7.04557,0.26388,0.0
7.04557,0.29027,0.0
7.04557,0.31665,0.0
7.04557,0.34304,0.0
7.04557,0.36943,0.0
7.04557,0.39582,0.0
7.04557,0.42221,0.0
7.04557,0.44859,0.0
7.04557,0.47498,0.0
7.04557,0.50137,0.0
7.04557,0.52776,0.0
7.04557,0.55415,0.0
7.04557,0.58053,0.0
7.04557,0.60692,0.0
7.04557,0.63331,0.0
7.07196,-0.63331,0.0
7.07196,-0.60692,0.0
7.07196,-0.58053,0.0
7.07196,-0.55415,0.0
7.07196,-0.52776,0.0
7.07196,-0.50137,0.0
7.07196,-0.47498,0.0
7.07196,-0.44859,0.0
7.07196,-0.42221,0.0
7.07196,-0.39582,0.0
7.07196,-0.36943,0.0
7.07196,-0.34304,0.0
7.07196,-0.31665,0.0
7.07196,-0.29027,0.0
7.07196,-0.26388,0.0
7.07196,-0.23749,0.0
7.07196,-0.2111,0.0
7.07196,-0.18472,0.0
7.07196,-0.15833,0.0
7.07196,-0.13194,0.0
7.07196,-0.10555,0.0
7.07196,-0.07916,0.0
7.07196,-0.05278,0.0
7.07196,-0.02639,0.0
7.07196,0,0.0
7.07196,0.02639,0.0
7.07196,0.05278,0.0
7.07196,0.07916,0.0
7.07196,0.10555,0.0
7.07196,0.13194,0.0
7.07196,0.15833,0.0
7.07196,0.18472,0.0
7.07196,0.2111,0.0
7.07196,0.23749,0.0
7.07196,0.26388,0.0
7.07196,0.29027,0.0
7.07196,0.31665,0.0
7.07196,0.34304,0.0
7.07196,0.36943,0.0
7.07196,0.39582,0.0
7.07196,0.42221,0.0
7.07196,0.44859,0.0
7.07196,0.47498,0.0
7.07196,0.50137,0.0
7.07196,0.52776,0.0
7.07196,0.55415,0.0
7.07196,0.58053,0.0
7.07196,0.60692,0.0
7.07196,0.63331,0.0
7.09835,-0.63331,0.0
7.09835,-0.60692,0.0
7.09835,-0.58053,0.0
7.09835,-0.55415,0.0
7.09835,-0.52776,0.0
7.09835,-0.50137,0.0
7.09835,-0.47498,0.0
7.09835,-0.44859,0.0
7.09835,-0.42221,0.0
7.09835,-0.39582,0.0
7.09835,-0.36943,0.0
7.09835,-0.34304,0.0
7.09835,-0.31665,0.0
7.09835,-0.29027,0.0
7.09835,-0.26388,0.0
7.09835,-0.23749,0.0
7.09835,-0.2111,0.0
7.09835,-0.18472,0.0
7.09835,-0.15833,0.0
7.09835,-0.13194,0.0
7.09835,-0.10555,0.0
7.09835,-0.07916,0.0
7.09835,-0.05278,0.0
7.09835,-0.02639,0.0
7.09835,0,0.0
7.09835,0.02639,0.0
7.09835,0.05278,0.0
7.09835,0.07916,0.0
7.09835,0.10555,0.0
7.09835,0.13194,0.0
7.09835,0.15833,0.0
7.09835,0.18472,0.0
7.09835,0.2111,0.0
7.09835,0.23749,0.0
7.09835,0.26388,0.0
7.09835,0.29027,0.0
7.09835,0.31665,0.0
7.09835,0.34304,0.0
7.09835,0.36943,0.0
7.09835,0.39582,0.0
7.09835,0.42221,0.0
7.09835,0.44859,0.0
7.09835,0.47498,0.0
7.09835,0.50137,0.0
7.09835,0.52776,0.0
7.09835,0.55415,0.0
7.09835,0.58053,0.0
7.09835,0.60692,0.0
7.09835,0.63331,0.0
7.12473,-0.63331,0.0
7.12473,-0.60692,0.0
7.12473,-0.58053,0.0
7.12473,-0.55415,0.0
7.12473,-0.52776,0.0
7.12473,-0.50137,0.0
7.12473,-0.47498,0.0
7.12473,-0.44859,0.0
7.12473,-0.42221,0.0
7.12473,-0.39582,0.0
7.12473,-0.36943,0.0
7.12473,-0.34304,0.0
7.12473,-0.31665,0.0
7.12473,-0.29027,0.0
7.12473,-0.26388,0.0
7.12473,-0.23749,0.0
7.12473,-0.2111,0.0
7.12473,-0.18472,0.0
7.12473,-0.15833,0.0
7.12473,-0.13194,0.0
7.12473,-0.10555,0.0
7.12473,-0.07916,0.0
7.12473,-0.05278,0.0
7.12473,-0.02639,0.0
7.12473,0,0.0
7.12473,0.02639,0.0
7.12473,0.05278,0.0
7.12473,0.07916,0.0
7.12473,0.10555,0.0
7.12473,0.13194,0.0
7.12473,0.15833,0.0
7.12473,0.18472,0.0
7.12473,0.2111,0.0
7.12473,0.23749,0.0
7.12473,0.26388,0.0
7.12473,0.29027,0.0
7.12473,0.31665,0.0
7.12473,0.34304,0.0
7.12473,0.36943,0.0
7.12473,0.39582,0.0
7.12473,0.42221,0.0
7.12473,0.44859,0.0
7.12473,0.47498,0.0
7.12473,0.50137,0.0
7.12473,0.52776,0.0
7.12473,0.55415,0.0
7.12473,0.58053,0.0
7.12473,0.60692,0.0
7.12473,0.63331,0.0
7.15112,-0.63331,0.0
7.15112,-0.60692,0.0
7.15112,-0.58053,0.0
7.15112,-0.55415,0.0
7.15112,-0.52776,0.0
7.15112,-0.50137,0.0
7.15112,-0.47498,0.0
7.15112,-0.44859,0.0
7.15112,-0.42221,0.0
7.15112,-0.39582,0.0
7.15112,-0.36943,0.0
7.15112,-0.34304,0.0
7.15112,-0.31665,0.0
7.15112,-0.29027,0.0
7.15112,-0.26388,0.0
7.15112,-0.23749,0.0
7.15112,-0.2111,0.0
7.15112,-0.18472,0.0
7.15112,-0.15833,0.0
7.15112,-0.13194,0.0
7.15112,-0.10555,0.0
7.15112,-0.07916,0.0
7.15112,-0.05278,0.0
7.15112,-0.02639,0.0
7.15112,0,0.0
7.15112,0.02639,0.0
7.15112,0.05278,0.0
7.15112,0.07916,0.0
7.15112,0.10555,0.0
7.15112,0.13194,0.0
7.15112,0.15833,0.0
7.15112,0.18472,0.0
7.15112,0.2111,0.0
7.15112,0.23749,0.0
7.15112,0.26388,0.0
7.15112,0.29027,0.0
7.15112,0.31665,0.0
7.15112,0.34304,0.0
7.15112,0.36943,0.0
7.15112,0.39582,0.0
7.15112,0.42221,0.0
7.15112,0.44859,0.0
7.15112,0.47498,0.0
7.15112,0.50137,0.0
7.15112,0.52776,0.0
7.15112,0.55415,0.0
7.15112,0.58053,0.0
7.15112,0.60692,0.0
7.15112,0.63331,0.0
7.17751,-0.63331,0.0
7.17751,-0.60692,0.0
7.17751,-0.58053,0.0
7.17751,-0.55415,0.0
7.17751,-0.52776,0.0
7.17751,-0.50137,0.0
7.17751,-0.47498,0.0
7.17751,-0.44859,0.0
7.17751,-0.42221,0.0
7.17751,-0.39582,0.0
7.17751,-0.36943,0.0
7.17751,-0.34304,0.0
7.17751,-0.31665,0.0
7.17751,-0.29027,0.0
7.17751,-0.26388,0.0
7.17751,-0.23749,0.0
7.17751,-0.2111,0.0
7.17751,-0.18472,0.0
7.17751,-0.15833,0.0
7.17751,-0.13194,0.0
7.17751,-0.10555,0.0
7.17751,-0.07916,0.0
7.17751,-0.05278,0.0
7.17751,-0.02639,0.0
7.17751,0,0.0
7.17751,0.02639,0.0
7.17751,0.05278,0.0
7.17751,0.07916,0.0
7.17751,0.10555,0.0
7.17751,0.13194,0.0
7.17751,0.15833,0.0
7.17751,0.18472,0.0
7.17751,0.2111,0.0
7.17751,0.23749,0.0
7.17751,0.26388,0.0
7.17751,0.29027,0.0
7.17751,0.31665,0.0
7.17751,0.34304,0.0
7.17751,0.36943,0.0
7.17751,0.39582,0.0
7.17751,0.42221,0.0
7.17751,0.44859,0.0
7.17751,0.47498,0.0
7.17751,0.50137,0.0
7.17751,0.52776,0.0
7.17751,0.55415,0.0
7.17751,0.58053,0.0
7.17751,0.60692,0.0
7.17751,0.63331,0.0
7.2039,-0.63331,0.0
7.2039,-0.60692,0.0
7.2039,-0.58053,0.0
7.2039,-0.55415,0.0
7.2039,-0.52776,0.0
7.2039,-0.50137,0.0
7.2039,-0.47498,0.0
7.2039,-0.44859,0.0
7.2039,-0.42221,0.0
7.2039,-0.39582,0.0
7.2039,-0.36943,0.0
7.2039,-0.34304,0.0
7.2039,-0.31665,0.0
7.2039,-0.29027,0.0
7.2039,-0.26388,0.0
7.2039,-0.23749,0.0
7.2039,-0.2111,0.0
7.2039,-0.18472,0.0
7.2039,-0.15833,0.0
7.2039,-0.13194,0.0
7.2039,-0.10555,0.0
7.2039,-0.07916,0.0
7.2039,-0.05278,0.0
7.2039,-0.02639,0.0
7.2039,0,0.0
7.2039,0.02639,0.0
7.2039,0.05278,0.0
7.2039,0.07916,0.0
7.2039,0.10555,0.0
7.2039,0.13194,0.0
7.2039,0.15833,0.0
7.2039,0.18472,0.0
7.2039,0.2111,0.0
7.2039,0.23749,0.0
7.2039,0.26388,0.0
7.2039,0.29027,0.0
7.2039,0.31665,0.0
7.2039,0.34304,0.0
7.2039,0.36943,0.0
7.2039,0.39582,0.0
7.2039,0.42221,0.0
7.2039,0.44859,0.0
7.2039,0.47498,0.0
7.2039,0.50137,0.0
7.2039,0.52776,0.0
7.2039,0.55415,0.0
7.2039,0.58053,0.0
7.2039,0.60692,0.0
7.2039,0.63331,0.0
7.23029,-0.63331,0.0
7.23029,-0.60692,0.0
7.23029,-0.58053,0.0
7.23029,-0.55415,0.0
7.23029,-0.52776,0.0
7.23029,-0.50137,0.0
7.23029,-0.47498,0.0
7.23029,-0.44859,0.0
7.23029,-0.42221,0.0
7.23029,-0.39582,0.0
7.23029,-0.36943,0.0
7.23029,-0.34304,0.0
7.23029,-0.31665,0.0
7.23029,-0.29027,0.0
7.23029,-0.26388,0.0
7.23029,-0.23749,0.0
7.23029,-0.2111,0.0
7.23029,-0.18472,0.0
7.23029,-0.15833,0.0
7.23029,-0.13194,0.0
7.23029,-0.10555,0.0
7.23029,-0.07916,0.0
7.23029,-0.05278,0.0
7.23029,-0.02639,0.0
7.23029,0,0.0
7.23029,0.02639,0.0
7.23029,0.05278,0.0
7.23029,0.07916,0.0
7.23029,0.10555,0.0
7.23029,0.13194,0.0
7.23029,0.15833,0.0
7.23029,0.18472,0.0
7.23029,0.2111,0.0
7.23029,0.23749,0.0
7.23029,0.26388,0.0
7.23029,0.29027,0.0
7.23029,0.31665,0.0
7.23029,0.34304,0.0
7.23029,0.36943,0.0
7.23029,0.39582,0.0
7.23029,0.42221,0.0
7.23029,0.44859,0.0
7.23029,0.47498,0.0
7.23029,0.50137,0.0
7.23029,0.52776,0.0
7.23029,0.55415,0.0
7.23029,0.58053,0.0
7.23029,0.60692,0.0
7.23029,0.63331,0.0
7.25667,-0.63331,0.0
7.25667,-0.60692,0.0
7.25667,-0.58053,0.0
7.25667,-0.55415,0.0
7.25667,-0.52776,0.0
7.25667,-0.50137,0.0
7.25667,-0.47498,0.0
7.25667,-0.44859,0.0
7.25667,-0.42221,0.0
7.25667,-0.39582,0.0
7.25667,-0.36943,0.0
7.25667,-0.34304,0.0
7.25667,-0.31665,0.0
7.25667,-0.29027,0.0
7.25667,-0.26388,0.0
7.25667,-0.23749,0.0
7.25667,-0.2111,0.0
7.25667,-0.18472,0.0
7.25667,-0.15833,0.0
7.25667,-0.13194,0.0
7.25667,-0.10555,0.0
7.25667,-0.07916,0.0
7.25667,-0.05278,0.0
7.25667,-0.02639,0.0
7.25667,0,0.0
7.25667,0.02639,0.0
7.25667,0.05278,0.0
7.25667,0.07916,0.0
7.25667,0.10555,0.0
7.25667,0.13194,0.0
7.25667,0.15833,0.0
7.25667,0.18472,0.0
7.25667,0.2111,0.0
7.25667,0.23749,0.0
7.25667,0.26388,0.0
7.25667,0.29027,0.0
7.25667,0.31665,0.0
7.25667,0.34304,0.0
7.25667,0.36943,0.0
7.25667,0.39582,0.0
7.25667,0.42221,0.0
7.25667,0.44859,0.0
7.25667,0.47498,0.0
7.25667,0.50137,0.0
7.25667,0.52776,0.0
7.25667,0.55415,0.0
7.25667,0.58053,0.0
7.25667,0.60692,0.0
7.25667,0.63331,0.0
7.28306,-0.63331,0.0
7.28306,-0.60692,0.0
7.28306,-0.58053,0.0
7.28306,-0.55415,0.0
7.28306,-0.52776,0.0
7.28306,-0.50137,0.0
7.28306,-0.47498,0.0
7.28306,-0.44859,0.0
7.28306,-0.42221,0.0
7.28306,-0.39582,0.0
7.28306,-0.36943,0.0
7.28306,-0.34304,0.0
7.28306,-0.31665,0.0
7.28306,-0.29027,0.0
7.28306,-0.26388,0.0
7.28306,-0.23749,0.0
7.28306,-0.2111,0.0
7.28306,-0.18472,0.0
7.28306,-0.15833,0.0
7.28306,-0.13194,0.0
7.28306,-0.10555,0.0
7.28306,-0.07916,0.0
7.28306,-0.05278,0.0
7.28306,-0.02639,0.0
7.28306,0,0.0
7.28306,0.02639,0.0
7.28306,0.05278,0.0
7.28306,0.07916,0.0
7.28306,0.10555,0.0
7.28306,0.13194,0.0
7.28306,0.15833,0.0
7.28306,0.18472,0.0
7.28306,0.2111,0.0
7.28306,0.23749,0.0
7.28306,0.26388,0.0
7.28306,0.29027,0.0
7.28306,0.31665,0.0
7.28306,0.34304,0.0
7.28306,0.36943,0.0
7.28306,0.39582,0.0
7.28306,0.42221,0.0
7.28306,0.44859,0.0
7.28306,0.47498,0.0
7.28306,0.50137,0.0
7.28306,0.52776,0.0
7.28306,0.55415,0.0
7.28306,0.58053,0.0
7.28306,0.60692,0.0
7.28306,0.63331,0.0
7.30945,-0.63331,0.0
7.30945,-0.60692,0.0
7.30945,-0.58053,0.0
7.30945,-0.55415,0.0
7.30945,-0.52776,0.0
7.30945,-0.50137,0.0
7.30945,-0.47498,0.0
7.30945,-0.44859,0.0
7.30945,-0.42221,0.0
7.30945,-0.39582,0.0
7.30945,-0.36943,0.0
7.30945,-0.34304,0.0
7.30945,-0.31665,0.0
7.30945,-0.29027,0.0
7.30945,-0.26388,0.0
7.30945,-0.23749,0.0
7.30945,-0.2111,0.0
7.30945,-0.18472,0.0
7.30945,-0.15833,0.0
7.30945,-0.13194,0.0
7.30945,-0.10555,0.0
7.30945,-0.07916,0.0
7.30945,-0.05278,0.0
7.30945,-0.02639,0.0
7.30945,0,0.0
7.30945,0.02639,0.0
7.30945,0.05278,0.0
7.30945,0.07916,0.0
7.30945,0.10555,0.0
7.30945,0.13194,0.0
7.30945,0.15833,0.0
7.30945,0.18472,0.0
7.30945,0.2111,0.0
7.30945,0.23749,0.0
7.30945,0.26388,0.0
7.30945,0.29027,0.0
7.30945,0.31665,0.0
7.30945,0.34304,0.0
7.30945,0.36943,0.0
7.30945,0.39582,0.0
7.30945,0.42221,0.0
7.30945,0.44859,0.0
7.30945,0.47498,0.0
7.30945,0.50137,0.0
7.30945,0.52776,0.0
7.30945,0.55415,0.0
7.30945,0.58053,0.0
7.30945,0.60692,0.0
7.30945,0.63331,0.0
7.33584,-0.63331,0.0
7.33584,-0.60692,0.0
7.33584,-0.58053,0.0
7.33584,-0.55415,0.0
7.33584,-0.52776,0.0
7.33584,-0.50137,0.0
7.33584,-0.47498,0.0
7.33584,-0.44859,0.0
7.33584,-0.42221,0.0
7.33584,-0.39582,0.0
7.33584,-0.36943,0.0
7.33584,-0.34304,0.0
7.33584,-0.31665,0.0
7.33584,-0.29027,0.0
7.33584,-0.26388,0.0
7.33584,-0.23749,0.0
7.33584,-0.2111,0.0
7.33584,-0.18472,0.0
7.33584,-0.15833,0.0
7.33584,-0.13194,0.0
7.33584,-0.10555,0.0
7.33584,-0.07916,0.0
7.33584,-0.05278,0.0
7.33584,-0.02639,0.0
7.33584,0,0.0
7.33584,0.02639,0.0
7.33584,0.05278,0.0
7.33584,0.07916,0.0
7.33584,0.10555,0.0
7.33584,0.13194,0.0
7.33584,0.15833,0.0
7.33584,0.18472,0.0
7.33584,0.2111,0.0
7.33584,0.23749,0.0
7.33584,0.26388,0.0
7.33584,0.29027,0.0
7.33584,0.31665,0.0
7.33584,0.34304,0.0
7.33584,0.36943,0.0
7.33584,0.39582,0.0
7.33584,0.42221,0.0
7.33584,0.44859,0.0
7.33584,0.47498,0.0
7.33584,0.50137,0.0
7.33584,0.52776,0.0
7.33584,0.55415,0.0
7.33584,0.58053,0.0
7.33584,0.60692,0.0
7.33584,0.63331,0.0
7.36222,-0.63331,0.0
7.36222,-0.60692,0.0
7.36222,-0.58053,0.0
7.36222,-0.55415,0.0
7.36222,-0.52776,0.0
7.36222,-0.50137,0.0
7.36222,-0.47498,0.0
7.36222,-0.44859,0.0
7.36222,-0.42221,0.0
7.36222,-0.39582,0.0
7.36222,-0.36943,0.0
7.36222,-0.34304,0.0
7.36222,-0.31665,0.0
7.36222,-0.29027,0.0
7.36222,-0.26388,0.0
7.36222,-0.23749,0.0
7.36222,-0.2111,0.0
7.36222,-0.18472,0.0
7.36222,-0.15833,0.0
7.36222,-0.13194,0.0
7.36222,-0.10555,0.0
7.36222,-0.07916,0.0
7.36222,-0.05278,0.0
7.36222,-0.02639,0.0
7.36222,0,0.0
7.36222,0.02639,0.0
7.36222,0.05278,0.0
7.36222,0.07916,0.0
7.36222,0.10555,0.0
7.36222,0.13194,0.0
7.36222,0.15833,0.0
7.36222,0.18472,0.0
7.36222,0.2111,0.0
7.36222,0.23749,0.0
7.36222,0.26388,0.0
7.36222,0.29027,0.0
7.36222,0.31665,0.0
7.36222,0.34304,0.0
7.36222,0.36943,0.0
7.36222,0.39582,0.0
7.36222,0.42221,0.0
7.36222,0.44859,0.0
7.36222,0.47498,0.0
7.36222,0.50137,0.0
7.36222,0.52776,0.0
7.36222,0.55415,0.0
7.36222,0.58053,0.0
7.36222,0.60692,0.0
7.36222,0.63331,0.0
7.38861,-0.63331,0.0
7.38861,-0.60692,0.0
7.38861,-0.58053,0.0
7.38861,-0.55415,0.0
7.38861,-0.52776,0.0
7.38861,-0.50137,0.0
7.38861,-0.47498,0.0
7.38861,-0.44859,0.0
7.38861,-0.42221,0.0
7.38861,-0.39582,0.0
7.38861,-0.36943,0.0
7.38861,-0.34304,0.0
7.38861,-0.31665,0.0
7.38861,-0.29027,0.0
7.38861,-0.26388,0.0
7.38861,-0.23749,0.0
7.38861,-0.2111,0.0
7.38861,-0.18472,0.0
7.38861,-0.15833,0.0
7.38861,-0.13194,0.0
7.38861,-0.10555,0.0
7.38861,-0.07916,0.0
7.38861,-0.05278,0.0
7.38861,-0.02639,0.0
7.38861,0,0.0
7.38861,0.02639,0.0
7.38861,0.05278,0.0
7.38861,0.07916,0.0
7.38861,0.10555,0.0
7.38861,0.13194,0.0
7.38861,0.15833,0.0
7.38861,0.18472,0.0
7.38861,0.2111,0.0
7.38861,0.23749,0.0
7.38861,0.26388,0.0
7.38861,0.29027,0.0
7.38861,0.31665,0.0
7.38861,0.34304,0.0
7.38861,0.36943,0.0
7.38861,0.39582,0.0
7.38861,0.42221,0.0
7.38861,0.44859,0.0
7.38861,0.47498,0.0
7.38861,0.50137,0.0
7.38861,0.52776,0.0
7.38861,0.55415,0.0
7.38861,0.58053,0.0
7.38861,0.60692,0.0
7.38861,0.63331,0.0
7.415,-0.63331,0.0
7.415,-0.60692,0.0
7.415,-0.58053,0.0
7.415,-0.55415,0.0
7.415,-0.52776,0.0
7.415,-0.50137,0.0
7.415,-0.47498,0.0
7.415,-0.44859,0.0
7.415,-0.42221,0.0
7.415,-0.39582,0.0
7.415,-0.36943,0.0
7.415,-0.34304,0.0
7.415,-0.31665,0.0
7.415,-0.29027,0.0
7.415,-0.26388,0.0
7.415,-0.23749,0.0
7.415,-0.2111,0.0
7.415,-0.18472,0.0
7.415,-0.15833,0.0
7.415,-0.13194,0.0
7.415,-0.10555,0.0
7.415,-0.07916,0.0
7.415,-0.05278,0.0
7.415,-0.02639,0.0
7.415,0,0.0
7.415,0.02639,0.0
7.415,0.05278,0.0
7.415,0.07916,0.0
7.415,0.10555,0.0
7.415,0.13194,0.0
7.415,0.15833,0.0
7.415,0.18472,0.0
7.415,0.2111,0.0
7.415,0.23749,0.0
7.415,0.26388,0.0
7.415,0.29027,0.0
7.415,0.31665,0.0
7.415,0.34304,0.0
7.415,0.36943,0.0
7.415,0.39582,0.0
7.415,0.42221,0.0
7.415,0.44859,0.0
7.415,0.47498,0.0
7.415,0.50137,0.0
7.415,0.52776,0.0
7.415,0.55415,0.0
7.415,0.58053,0.0
7.415,0.60692,0.0
7.415,0.63331,0.0
7.44139,-0.63331,0.0
7.44139,-0.60692,0.0
7.44139,-0.58053,0.0
7.44139,-0.55415,0.0
7.44139,-0.52776,0.0
7.44139,-0.50137,0.0
7.44139,-0.47498,0.0
7.44139,-0.44859,0.0
7.44139,-0.42221,0.0
7.44139,-0.39582,0.0
7.44139,-0.36943,0.0
7.44139,-0.34304,0.0
7.44139,-0.31665,0.0
7.44139,-0.29027,0.0
7.44139,-0.26388,0.0
7.44139,-0.23749,0.0
7.44139,-0.2111,0.0
7.44139,-0.18472,0.0
7.44139,-0.15833,0.0
7.44139,-0.13194,0.0
7.44139,-0.10555,0.0
7.44139,-0.07916,0.0
7.44139,-0.05278,0.0
7.44139,-0.02639,0.0
7.44139,0,0.0
7.44139,0.02639,0.0
7.44139,0.05278,0.0
7.44139,0.07916,0.0
7.44139,0.10555,0.0
7.44139,0.13194,0.0
7.44139,0.15833,0.0
7.44139,0.18472,0.0
7.44139,0.2111,0.0
7.44139,0.23749,0.0
7.44139,0.26388,0.0
7.44139,0.29027,0.0
7.44139,0.31665,0.0
7.44139,0.34304,0.0
7.44139,0.36943,0.0
7.44139,0.39582,0.0
7.44139,0.42221,0.0
7.44139,0.44859,0.0
7.44139,0.47498,0.0
7.44139,0.50137,0.0
7.44139,0.52776,0.0
7.44139,0.55415,0.0
7.44139,0.58053,0.0
7.44139,0.60692,0.0
7.44139,0.63331,0.0
7.46778,-0.63331,0.0
7.46778,-0.60692,0.0
7.46778,-0.58053,0.0
7.46778,-0.55415,0.0
7.46778,-0.52776,0.0
7.46778,-0.50137,0.0
7.46778,-0.47498,0.0
7.46778,-0.44859,0.0
7.46778,-0.42221,0.0
7.46778,-0.39582,0.0
7.46778,-0.36943,0.0
7.46778,-0.34304,0.0
7.46778,-0.31665,0.0
7.46778,-0.29027,0.0
7.46778,-0.26388,0.0
7.46778,-0.23749,0.0
7.46778,-0.2111,0.0
7.46778,-0.18472,0.0
7.46778,-0.15833,0.0
7.46778,-0.13194,0.0
7.46778,-0.10555,0.0
7.46778,-0.07916,0.0
7.46778,-0.05278,0.0
7.46778,-0.02639,0.0
7.46778,0,0.0
7.46778,0.02639,0.0
7.46778,0.05278,0.0
7.46778,0.07916,0.0
7.46778,0.10555,0.0
7.46778,0.13194,0.0
7.46778,0.15833,0.0
7.46778,0.18472,0.0
7.46778,0.2111,0.0
7.46778,0.23749,0.0
7.46778,0.26388,0.0
7.46778,0.29027,0.0
7.46778,0.31665,0.0
7.46778,0.34304,0.0
7.46778,0.36943,0.0
7.46778,0.39582,0.0
7.46778,0.42221,0.0
7.46778,0.44859,0.0
7.46778,0.47498,0.0
7.46778,0.50137,0.0
7.46778,0.52776,0.0
7.46778,0.55415,0.0
7.46778,0.58053,0.0
7.46778,0.60692,0.0
7.46778,0.63331,0.0
7.49416,-0.63331,0.0
7.49416,-0.60692,0.0
7.49416,-0.58053,0.0
7.49416,-0.55415,0.0
7.49416,-0.52776,0.0
7.49416,-0.50137,0.0
7.49416,-0.47498,0.0
7.49416,-0.44859,0.0
7.49416,-0.42221,0.0
7.49416,-0.39582,0.0
7.49416,-0.36943,0.0
7.49416,-0.34304,0.0
7.49416,-0.31665,0.0
7.49416,-0.29027,0.0
7.49416,-0.26388,0.0
7.49416,-0.23749,0.0
7.49416,-0.2111,0.0
7.49416,-0.18472,0.0
7.49416,-0.15833,0.0
7.49416,-0.13194,0.0
7.49416,-0.10555,0.0
7.49416,-0.07916,0.0
7.49416,-0.05278,0.0
7.49416,-0.02639,0.0
7.49416,0,0.0
7.49416,0.02639,0.0
7.49416,0.05278,0.0
7.49416,0.07916,0.0
7.49416,0.10555,0.0
7.49416,0.13194,0.0
7.49416,0.15833,0.0
7.49416,0.18472,0.0
7.49416,0.2111,0.0
7.49416,0.23749,0.0
7.49416,0.26388,0.0
7.49416,0.29027,0.0
7.49416,0.31665,0.0
7.49416,0.34304,0.0
7.49416,0.36943,0.0
7.49416,0.39582,0.0
7.49416,0.42221,0.0
7.49416,0.44859,0.0
7.49416,0.47498,0.0
7.49416,0.50137,0.0
7.49416,0.52776,0.0
7.49416,0.55415,0.0
7.49416,0.58053,0.0
7.49416,0.60692,0.0
7.49416,0.63331,0.0
7.52055,-0.63331,0.0
7.52055,-0.60692,0.0
7.52055,-0.58053,0.0
7.52055,-0.55415,0.0
7.52055,-0.52776,0.0
7.52055,-0.50137,0.0
7.52055,-0.47498,0.0
7.52055,-0.44859,0.0
7.52055,-0.42221,0.0
7.52055,-0.39582,0.0
7.52055,-0.36943,0.0
7.52055,-0.34304,0.0
7.52055,-0.31665,0.0
7.52055,-0.29027,0.0
7.52055,-0.26388,0.0
7.52055,-0.23749,0.0
7.52055,-0.2111,0.0
7.52055,-0.18472,0.0
7.52055,-0.15833,0.0
7.52055,-0.13194,0.0
7.52055,-0.10555,0.0
7.52055,-0.07916,0.0
7.52055,-0.05278,0.0
7.52055,-0.02639,0.0
7.52055,0,0.0
7.52055,0.02639,0.0
7.52055,0.05278,0.0
7.52055,0.07916,0.0
7.52055,0.10555,0.0
7.52055,0.13194,0.0
7.52055,0.15833,0.0
7.52055,0.18472,0.0
7.52055,0.2111,0.0
7.52055,0.23749,0.0
7.52055,0.26388,0.0
7.52055,0.29027,0.0
7.52055,0.31665,0.0
7.52055,0.34304,0.0
7.52055,0.36943,0.0
7.52055,0.39582,0.0
7.52055,0.42221,0.0
7.52055,0.44859,0.0
7.52055,0.47498,0.0
7.52055,0.50137,0.0
7.52055,0.52776,0.0
7.52055,0.55415,0.0
7.52055,0.58053,0.0
7.52055,0.60692,0.0
7.52055,0.63331,0.0
7.54694,-0.63331,0.0
7.54694,-0.60692,0.0
7.54694,-0.58053,0.0
7.54694,-0.55415,0.0
7.54694,-0.52776,0.0
7.54694,-0.50137,0.0
7.54694,-0.47498,0.0
7.54694,-0.44859,0.0
7.54694,-0.42221,0.0
7.54694,-0.39582,0.0
7.54694,-0.36943,0.0
7.54694,-0.34304,0.0
7.54694,-0.31665,0.0
7.54694,-0.29027,0.0
7.54694,-0.26388,0.0
7.54694,-0.23749,0.0
7.54694,-0.2111,0.0
7.54694,-0.18472,0.0
7.54694,-0.15833,0.0
7.54694,-0.13194,0.0
7.54694,-0.10555,0.0
7.54694,-0.07916,0.0
7.54694,-0.05278,0.0
7.54694,-0.02639,0.0
7.54694,0,0.0
7.54694,0.02639,0.0
7.54694,0.05278,0.0
7.54694,0.07916,0.0
7.54694,0.10555,0.0
7.54694,0.13194,0.0
7.54694,0.15833,0.0
7.54694,0.18472,0.0
7.54694,0.2111,0.0
7.54694,0.23749,0.0
7.54694,0.26388,0.0
7.54694,0.29027,0.0
7.54694,0.31665,0.0
7.54694,0.34304,0.0
7.54694,0.36943,0.0
7.54694,0.39582,0.0
7.54694,0.42221,0.0
7.54694,0.44859,0.0
7.54694,0.47498,0.0
7.54694,0.50137,0.0
7.54694,0.52776,0.0
7.54694,0.55415,0.0
7.54694,0.58053,0.0
7.54694,0.60692,0.0
7.54694,0.63331,0.0
7.57333,-0.63331,0.0
7.57333,-0.60692,0.0
7.57333,-0.58053,0.0
7.57333,-0.55415,0.0
7.57333,-0.52776,0.0
7.57333,-0.50137,0.0
7.57333,-0.47498,0.0
7.57333,-0.44859,0.0
7.57333,-0.42221,0.0
7.57333,-0.39582,0.0
7.57333,-0.36943,0.0
7.57333,-0.34304,0.0
7.57333,-0.31665,0.0
7.57333,-0.29027,0.0
7.57333,-0.26388,0.0
7.57333,-0.23749,0.0
7.57333,-0.2111,0.0
7.57333,-0.18472,0.0
7.57333,-0.15833,0.0
7.57333,-0.13194,0.0
7.57333,-0.10555,0.0
7.57333,-0.07916,0.0
7.57333,-0.05278,0.0
7.57333,-0.02639,0.0
7.57333,0,0.0
7.57333,0.02639,0.0
7.57333,0.05278,0.0
7.57333,0.07916,0.0
7.57333,0.10555,0.0
7.57333,0.13194,0.0
7.57333,0.15833,0.0
7.57333,0.18472,0.0
7.57333,0.2111,0.0
7.57333,0.23749,0.0
7.57333,0.26388,0.0
7.57333,0.29027,0.0
7.57333,0.31665,0.0
7.57333,0.34304,0.0
7.57333,0.36943,0.0
7.57333,0.39582,0.0
7.57333,0.42221,0.0
7.57333,0.44859,0.0
7.57333,0.47498,0.0
7.57333,0.50137,0.0
7.57333,0.52776,0.0
7.57333,0.55415,0.0
7.57333,0.58053,0.0
7.57333,0.60692,0.0
7.57333,0.63331,0.0
7.59972,-0.63331,0.0
7.59972,-0.60692,0.0
7.59972,-0.58053,0.0
7.59972,-0.55415,0.0
7.59972,-0.52776,0.0
7.59972,-0.50137,0.0
7.59972,-0.47498,0.0
7.59972,-0.44859,0.0
7.59972,-0.42221,0.0
7.59972,-0.39582,0.0
7.59972,-0.36943,0.0
7.59972,-0.34304,0.0
7.59972,-0.31665,0.0
7.59972,-0.29027,0.0
7.59972,-0.26388,0.0
7.59972,-0.23749,0.0
7.59972,-0.2111,0.0
7.59972,-0.18472,0.0
7.59972,-0.15833,0.0
7.59972,-0.13194,0.0
7.59972,-0.10555,0.0
7.59972,-0.07916,0.0
7.59972,-0.05278,0.0
7.59972,-0.02639,0.0
7.59972,0,0.0
7.59972,0.02639,0.0
7.59972,0.05278,0.0
7.59972,0.07916,0.0
7.59972,0.10555,0.0
7.59972,0.13194,0.0
7.59972,0.15833,0.0
7.59972,0.18472,0.0
7.59972,0.2111,0.0
7.59972,0.23749,0.0
7.59972,0.26388,0.0
7.59972,0.29027,0.0
7.59972,0.31665,0.0
7.59972,0.34304,0.0
7.59972,0.36943,0.0
7.59972,0.39582,0.0
7.59972,0.42221,0.0
7.59972,0.44859,0.0
7.59972,0.47498,0.0
7.59972,0.50137,0.0
7.59972,0.52776,0.0
7.59972,0.55415,0.0
7.59972,0.58053,0.0
7.59972,0.60692,0.0
7.59972,0.63331,0.0
7.6261,-0.63331,0.0
7.6261,-0.60692,0.0
7.6261,-0.58053,0.0
7.6261,-0.55415,0.0
7.6261,-0.52776,0.0
7.6261,-0.50137,0.0
7.6261,-0.47498,0.0
7.6261,-0.44859,0.0
7.6261,-0.42221,0.0
7.6261,-0.39582,0.0
7.6261,-0.36943,0.0
7.6261,-0.34304,0.0
7.6261,-0.31665,0.0
7.6261,-0.29027,0.0
7.6261,-0.26388,0.0
7.6261,-0.23749,0.0
7.6261,-0.2111,0.0
7.6261,-0.18472,0.0
7.6261,-0.15833,0.0
7.6261,-0.13194,0.0
7.6261,-0.10555,0.0
7.6261,-0.07916,0.0
7.6261,-0.05278,0.0
7.6261,-0.02639,0.0
7.6261,0,0.0
7.6261,0.02639,0.0
7.6261,0.05278,0.0
7.6261,0.07916,0.0
7.6261,0.10555,0.0
7.6261,0.13194,0.0
7.6261,0.15833,0.0
7.6261,0.18472,0.0
7.6261,0.2111,0.0
7.6261,0.23749,0.0
7.6261,0.26388,0.0
7.6261,0.29027,0.0
7.6261,0.31665,0.0
7.6261,0.34304,0.0
7.6261,0.36943,0.0
7.6261,0.39582,0.0
7.6261,0.42221,0.0
7.6261,0.44859,0.0
7.6261,0.47498,0.0
7.6261,0.50137,0.0
7.6261,0.52776,0.0
7.6261,0.55415,0.0
7.6261,0.58053,0.0
7.6261,0.60692,0.0
7.6261,0.63331,0.0
7.65249,-0.63331,0.0
7.65249,-0.60692,0.0
7.65249,-0.58053,0.0
7.65249,-0.55415,0.0
7.65249,-0.52776,0.0
7.65249,-0.50137,0.0
7.65249,-0.47498,0.0
7.65249,-0.44859,0.0
7.65249,-0.42221,0.0
7.65249,-0.39582,0.0
7.65249,-0.36943,0.0
7.65249,-0.34304,0.0
7.65249,-0.31665,0.0
7.65249,-0.29027,0.0
7.65249,-0.26388,0.0
7.65249,-0.23749,0.0
7.65249,-0.2111,0.0
7.65249,-0.18472,0.0
7.65249,-0.15833,0.0
7.65249,-0.13194,0.0
7.65249,-0.10555,0.0
7.65249,-0.07916,0.0
7.65249,-0.05278,0.0
7.65249,-0.02639,0.0
7.65249,0,0.0
7.65249,0.02639,0.0
7.65249,0.05278,0.0
7.65249,0.07916,0.0
7.65249,0.10555,0.0
7.65249,0.13194,0.0
7.65249,0.15833,0.0
7.65249,0.18472,0.0
7.65249,0.2111,0.0
7.65249,0.23749,0.0
7.65249,0.26388,0.0
7.65249,0.29027,0.0
7.65249,0.31665,0.0
7.65249,0.34304,0.0
7.65249,0.36943,0.0
7.65249,0.39582,0.0
7.65249,0.42221,0.0
7.65249,0.44859,0.0
7.65249,0.47498,0.0
7.65249,0.50137,0.0
7.65249,0.52776,0.0
7.65249,0.55415,0.0
7.65249,0.58053,0.0
7.65249,0.60692,0.0
7.65249,0.63331,0.0
7.67888,-0.63331,0.0
7.67888,-0.60692,0.0
7.67888,-0.58053,0.0
7.67888,-0.55415,0.0
7.67888,-0.52776,0.0
7.67888,-0.50137,0.0
7.67888,-0.47498,0.0
7.67888,-0.44859,0.0
7.67888,-0.42221,0.0
7.67888,-0.39582,0.0
7.67888,-0.36943,0.0
7.67888,-0.34304,0.0
7.67888,-0.31665,0.0
7.67888,-0.29027,0.0
7.67888,-0.26388,0.0
7.67888,-0.23749,0.0
7.67888,-0.2111,0.0
7.67888,-0.18472,0.0
7.67888,-0.15833,0.0
7.67888,-0.13194,0.0
7.67888,-0.10555,0.0
7.67888,-0.07916,0.0
7.67888,-0.05278,0.0
7.67888,-0.02639,0.0
7.67888,0,0.0
7.67888,0.02639,0.0
7.67888,0.05278,0.0
7.67888,0.07916,0.0
7.67888,0.10555,0.0
7.67888,0.13194,0.0
7.67888,0.15833,0.0
7.67888,0.18472,0.0
7.67888,0.2111,0.0
7.67888,0.23749,0.0
7.67888,0.26388,0.0
7.67888,0.29027,0.0
7.67888,0.31665,0.0
7.67888,0.34304,0.0
7.67888,0.36943,0.0
7.67888,0.39582,0.0
7.67888,0.42221,0.0
7.67888,0.44859,0.0
7.67888,0.47498,0.0
7.67888,0.50137,0.0
7.67888,0.52776,0.0
7.67888,0.55415,0.0
7.67888,0.58053,0.0
7.67888,0.60692,0.0
7.67888,0.63331,0.0
7.70527,-0.63331,0.0
7.70527,-0.60692,0.0
7.70527,-0.58053,0.0
7.70527,-0.55415,0.0
7.70527,-0.52776,0.0
7.70527,-0.50137,0.0
7.70527,-0.47498,0.0
7.70527,-0.44859,0.0
7.70527,-0.42221,0.0
7.70527,-0.39582,0.0
7.70527,-0.36943,0.0
7.70527,-0.34304,0.0
7.70527,-0.31665,0.0
7.70527,-0.29027,0.0
7.70527,-0.26388,0.0
7.70527,-0.23749,0.0
7.70527,-0.2111,0.0
7.70527,-0.18472,0.0
7.70527,-0.15833,0.0
7.70527,-0.13194,0.0
7.70527,-0.10555,0.0
7.70527,-0.07916,0.0
7.70527,-0.05278,0.0
7.70527,-0.02639,0.0
7.70527,0,0.0
7.70527,0.02639,0.0
7.70527,0.05278,0.0
7.70527,0.07916,0.0
7.70527,0.10555,0.0
7.70527,0.13194,0.0
7.70527,0.15833,0.0
7.70527,0.18472,0.0
7.70527,0.2111,0.0
7.70527,0.23749,0.0
7.70527,0.26388,0.0
7.70527,0.29027,0.0
7.70527,0.31665,0.0
7.70527,0.34304,0.0
7.70527,0.36943,0.0
7.70527,0.39582,0.0
7.70527,0.42221,0.0
7.70527,0.44859,0.0
7.70527,0.47498,0.0
7.70527,0.50137,0.0
7.70527,0.52776,0.0
7.70527,0.55415,0.0
7.70527,0.58053,0.0
7.70527,0.60692,0.0
7.70527,0.63331,0.0
7.73166,-0.63331,0.0
7.73166,-0.60692,0.0
7.73166,-0.58053,0.0
7.73166,-0.55415,0.0
7.73166,-0.52776,0.0
7.73166,-0.50137,0.0
7.73166,-0.47498,0.0
7.73166,-0.44859,0.0
7.73166,-0.42221,0.0
7.73166,-0.39582,0.0
7.73166,-0.36943,0.0
7.73166,-0.34304,0.0
7.73166,-0.31665,0.0
7.73166,-0.29027,0.0
7.73166,-0.26388,0.0
7.73166,-0.23749,0.0
7.73166,-0.2111,0.0
7.73166,-0.18472,0.0
7.73166,-0.15833,0.0
7.73166,-0.13194,0.0
7.73166,-0.10555,0.0
7.73166,-0.07916,0.0
7.73166,-0.05278,0.0
7.73166,-0.02639,0.0
7.73166,0,0.0
7.73166,0.02639,0.0
7.73166,0.05278,0.0
7.73166,0.07916,0.0
7.73166,0.10555,0.0
7.73166,0.13194,0.0
7.73166,0.15833,0.0
7.73166,0.18472,0.0
7.73166,0.2111,0.0
7.73166,0.23749,0.0
7.73166,0.26388,0.0
7.73166,0.29027,0.0
7.73166,0.31665,0.0
7.73166,0.34304,0.0
7.73166,0.36943,0.0
7.73166,0.39582,0.0
7.73166,0.42221,0.0
7.73166,0.44859,0.0
7.73166,0.47498,0.0
7.73166,0.50137,0.0
7.73166,0.52776,0.0
7.73166,0.55415,0.0
7.73166,0.58053,0.0
7.73166,0.60692,0.0
7.73166,0.63331,0.0
7.75804,-0.63331,0.0
7.75804,-0.60692,0.0
7.75804,-0.58053,0.0
7.75804,-0.55415,0.0
7.75804,-0.52776,0.0
7.75804,-0.50137,0.0
7.75804,-0.47498,0.0
7.75804,-0.44859,0.0
7.75804,-0.42221,0.0
7.75804,-0.39582,0.0
7.75804,-0.36943,0.0
7.75804,-0.34304,0.0
7.75804,-0.31665,0.0
7.75804,-0.29027,0.0
7.75804,-0.26388,0.0
7.75804,-0.23749,0.0
7.75804,-0.2111,0.0
7.75804,-0.18472,0.0
7.75804,-0.15833,0.0
7.75804,-0.13194,0.0
7.75804,-0.10555,0.0
7.75804,-0.07916,0.0
7.75804,-0.05278,0.0
7.75804,-0.02639,0.0
7.75804,0,0.0
7.75804,0.02639,0.0
7.75804,0.05278,0.0
7.75804,0.07916,0.0
7.75804,0.10555,0.0
7.75804,0.13194,0.0
7.75804,0.15833,0.0
7.75804,0.18472,0.0
7.75804,0.2111,0.0
7.75804,0.23749,0.0
7.75804,0.26388,0.0
7.75804,0.29027,0.0
7.75804,0.31665,0.0
7.75804,0.34304,0.0
7.75804,0.36943,0.0
7.75804,0.39582,0.0
7.75804,0.42221,0.0
7.75804,0.44859,0.0
7.75804,0.47498,0.0
7.75804,0.50137,0.0
7.75804,0.52776,0.0
7.75804,0.55415,0.0
7.75804,0.58053,0.0
7.75804,0.60692,0.0
7.75804,0.63331,0.0
7.78443,-0.63331,0.0
7.78443,-0.60692,0.0
7.78443,-0.58053,0.0
7.78443,-0.55415,0.0
7.78443,-0.52776,0.0
7.78443,-0.50137,0.0
7.78443,-0.47498,0.0
7.78443,-0.44859,0.0
7.78443,-0.42221,0.0
7.78443,-0.39582,0.0
7.78443,-0.36943,0.0
7.78443,-0.34304,0.0
7.78443,-0.31665,0.0
7.78443,-0.29027,0.0
7.78443,-0.26388,0.0
7.78443,-0.23749,0.0
7.78443,-0.2111,0.0
7.78443,-0.18472,0.0
7.78443,-0.15833,0.0
7.78443,-0.13194,0.0
7.78443,-0.10555,0.0
7.78443,-0.07916,0.0
7.78443,-0.05278,0.0
7.78443,-0.02639,0.0
7.78443,0,0.0
7.78443,0.02639,0.0
7.78443,0.05278,0.0
7.78443,0.07916,0.0
7.78443,0.10555,0.0
7.78443,0.13194,0.0
7.78443,0.15833,0.0
7.78443,0.18472,0.0
7.78443,0.2111,0.0
7.78443,0.23749,0.0
7.78443,0.26388,0.0
7.78443,0.29027,0.0
7.78443,0.31665,0.0
7.78443,0.34304,0.0
7.78443,0.36943,0.0
7.78443,0.39582,0.0
7.78443,0.42221,0.0
7.78443,0.44859,0.0
7.78443,0.47498,0.0
7.78443,0.50137,0.0
7.78443,0.52776,0.0
7.78443,0.55415,0.0
7.78443,0.58053,0.0
7.78443,0.60692,0.0
7.78443,0.63331,0.0
7.81082,-0.63331,0.0
7.81082,-0.60692,0.0
7.81082,-0.58053,0.0
7.81082,-0.55415,0.0
7.81082,-0.52776,0.0
7.81082,-0.50137,0.0
7.81082,-0.47498,0.0
7.81082,-0.44859,0.0
7.81082,-0.42221,0.0
7.81082,-0.39582,0.0
7.81082,-0.36943,0.0
7.81082,-0.34304,0.0
7.81082,-0.31665,0.0
7.81082,-0.29027,0.0
7.81082,-0.26388,0.0
7.81082,-0.23749,0.0
7.81082,-0.2111,0.0
7.81082,-0.18472,0.0
7.81082,-0.15833,0.0
7.81082,-0.13194,0.0
7.81082,-0.10555,0.0
7.81082,-0.07916,0.0
7.81082,-0.05278,0.0
7.81082,-0.02639,0.0
7.81082,0,0.0
7.81082,0.02639,0.0
7.81082,0.05278,0.0
7.81082,0.07916,0.0
7.81082,0.10555,0.0
7.81082,0.13194,0.0
7.81082,0.15833,0.0
7.81082,0.18472,0.0
7.81082,0.2111,0.0
7.81082,0.23749,0.0
7.81082,0.26388,0.0
7.81082,0.29027,0.0
7.81082,0.31665,0.0
7.81082,0.34304,0.0
7.81082,0.36943,0.0
7.81082,0.39582,0.0
7.81082,0.42221,0.0
7.81082,0.44859,0.0
7.81082,0.47498,0.0
7.81082,0.50137,0.0
7.81082,0.52776,0.0
7.81082,0.55415,0.0
7.81082,0.58053,0.0
7.81082,0.60692,0.0
7.81082,0.63331,0.0
7.83721,-0.63331,0.0
7.83721,-0.60692,0.0
7.83721,-0.58053,0.0
7.83721,-0.55415,0.0
7.83721,-0.52776,0.0
7.83721,-0.50137,0.0
7.83721,-0.47498,0.0
7.83721,-0.44859,0.0
7.83721,-0.42221,0.0
7.83721,-0.39582,0.0
7.83721,-0.36943,0.0
7.83721,-0.34304,0.0
7.83721,-0.31665,0.0
7.83721,-0.29027,0.0
7.83721,-0.26388,0.0
7.83721,-0.23749,0.0
7.83721,-0.2111,0.0
7.83721,-0.18472,0.0
7.83721,-0.15833,0.0
7.83721,-0.13194,0.0
7.83721,-0.10555,0.0
7.83721,-0.07916,0.0
7.83721,-0.05278,0.0
7.83721,-0.02639,0.0
7.83721,0,0.0
7.83721,0.02639,0.0
7.83721,0.05278,0.0
7.83721,0.07916,0.0
7.83721,0.10555,0.0
7.83721,0.13194,0.0
7.83721,0.15833,0.0
7.83721,0.18472,0.0
7.83721,0.2111,0.0
7.83721,0.23749,0.0
7.83721,0.26388,0.0
7.83721,0.29027,0.0
7.83721,0.31665,0.0
7.83721,0.34304,0.0
7.83721,0.36943,0.0
7.83721,0.39582,0.0
7.83721,0.42221,0.0
7.83721,0.44859,0.0
7.83721,0.47498,0.0
7.83721,0.50137,0.0
7.83721,0.52776,0.0
7.83721,0.55415,0.0
7.83721,0.58053,0.0
7.83721,0.60692,0.0
7.83721,0.63331,0.0
7.86359,-0.63331,0.0
7.86359,-0.60692,0.0
7.86359,-0.58053,0.0
7.86359,-0.55415,0.0
7.86359,-0.52776,0.0
7.86359,-0.50137,0.0
7.86359,-0.47498,0.0
7.86359,-0.44859,0.0
7.86359,-0.42221,0.0
7.86359,-0.39582,0.0
7.86359,-0.36943,0.0
7.86359,-0.34304,0.0
7.86359,-0.31665,0.0
7.86359,-0.29027,0.0
7.86359,-0.26388,0.0
7.86359,-0.23749,0.0
7.86359,-0.2111,0.0
7.86359,-0.18472,0.0
7.86359,-0.15833,0.0
7.86359,-0.13194,0.0
7.86359,-0.10555,0.0
7.86359,-0.07916,0.0
7.86359,-0.05278,0.0
7.86359,-0.02639,0.0
7.86359,0,0.0
7.86359,0.02639,0.0
7.86359,0.05278,0.0
7.86359,0.07916,0.0
7.86359,0.10555,0.0
7.86359,0.13194,0.0
7.86359,0.15833,0.0
7.86359,0.18472,0.0
7.86359,0.2111,0.0
7.86359,0.23749,0.0
7.86359,0.26388,0.0
7.86359,0.29027,0.0
7.86359,0.31665,0.0
7.86359,0.34304,0.0
7.86359,0.36943,0.0
7.86359,0.39582,0.0
7.86359,0.42221,0.0
7.86359,0.44859,0.0
7.86359,0.47498,0.0
7.86359,0.50137,0.0
7.86359,0.52776,0.0
7.86359,0.55415,0.0
7.86359,0.58053,0.0
7.86359,0.60692,0.0
7.86359,0.63331,0.0
7.88998,-0.63331,0.0
7.88998,-0.60692,0.0
7.88998,-0.58053,0.0
7.88998,-0.55415,0.0
7.88998,-0.52776,0.0
7.88998,-0.50137,0.0
7.88998,-0.47498,0.0
7.88998,-0.44859,0.0
7.88998,-0.42221,0.0
7.88998,-0.39582,0.0
7.88998,-0.36943,0.0
7.88998,-0.34304,0.0
7.88998,-0.31665,0.0
7.88998,-0.29027,0.0
7.88998,-0.26388,0.0
7.88998,-0.23749,0.0
7.88998,-0.2111,0.0
7.88998,-0.18472,0.0
7.88998,-0.15833,0.0
7.88998,-0.13194,0.0
7.88998,-0.10555,0.0
7.88998,-0.07916,0.0
7.88998,-0.05278,0.0
7.88998,-0.02639,0.0
7.88998,0,0.0
7.88998,0.02639,0.0
7.88998,0.05278,0.0
7.88998,0.07916,0.0
7.88998,0.10555,0.0
7.88998,0.13194,0.0
7.88998,0.15833,0.0
7.88998,0.18472,0.0
7.88998,0.2111,0.0
7.88998,0.23749,0.0
7.88998,0.26388,0.0
7.88998,0.29027,0.0
7.88998,0.31665,0.0
7.88998,0.34304,0.0
7.88998,0.36943,0.0
7.88998,0.39582,0.0
7.88998,0.42221,0.0
7.88998,0.44859,0.0
7.88998,0.47498,0.0
7.88998,0.50137,0.0
7.88998,0.52776,0.0
7.88998,0.55415,0.0
7.88998,0.58053,0.0
7.88998,0.60692,0.0
7.88998,0.63331,0.0
7.91637,-0.63331,0.0
7.91637,-0.60692,0.0
7.91637,-0.58053,0.0
7.91637,-0.55415,0.0
7.91637,-0.52776,0.0
7.91637,-0.50137,0.0
7.91637,-0.47498,0.0
7.91637,-0.44859,0.0
7.91637,-0.42221,0.0
7.91637,-0.39582,0.0
7.91637,-0.36943,0.0
7.91637,-0.34304,0.0
7.91637,-0.31665,0.0
7.91637,-0.29027,0.0
7.91637,-0.26388,0.0
7.91637,-0.23749,0.0
7.91637,-0.2111,0.0
7.91637,-0.18472,0.0
7.91637,-0.15833,0.0
7.91637,-0.13194,0.0
7.91637,-0.10555,0.0
7.91637,-0.07916,0.0
7.91637,-0.05278,0.0
7.91637,-0.02639,0.0
7.91637,0,0.0
7.91637,0.02639,0.0
7.91637,0.05278,0.0
7.91637,0.07916,0.0
7.91637,0.10555,0.0
7.91637,0.13194,0.0
7.91637,0.15833,0.0
7.91637,0.18472,0.0
7.91637,0.2111,0.0
7.91637,0.23749,0.0
7.91637,0.26388,0.0
7.91637,0.29027,0.0
7.91637,0.31665,0.0
7.91637,0.34304,0.0
7.91637,0.36943,0.0
7.91637,0.39582,0.0
7.91637,0.42221,0.0
7.91637,0.44859,0.0
7.91637,0.47498,0.0
7.91637,0.50137,0.0
7.91637,0.52776,0.0
7.91637,0.55415,0.0
7.91637,0.58053,0.0
7.91637,0.60692,0.0
7.91637,0.63331,0.0
7.94276,-0.63331,0.0
7.94276,-0.60692,0.0
7.94276,-0.58053,0.0
7.94276,-0.55415,0.0
7.94276,-0.52776,0.0
7.94276,-0.50137,0.0
7.94276,-0.47498,0.0
7.94276,-0.44859,0.0
7.94276,-0.42221,0.0
7.94276,-0.39582,0.0
7.94276,-0.36943,0.0
7.94276,-0.34304,0.0
7.94276,-0.31665,0.0
7.94276,-0.29027,0.0
7.94276,-0.26388,0.0
7.94276,-0.23749,0.0
7.94276,-0.2111,0.0
7.94276,-0.18472,0.0
7.94276,-0.15833,0.0
7.94276,-0.13194,0.0
7.94276,-0.10555,0.0
7.94276,-0.07916,0.0
7.94276,-0.05278,0.0
7.94276,-0.02639,0.0
7.94276,0,0.0
7.94276,0.02639,0.0
7.94276,0.05278,0.0
7.94276,0.07916,0.0
7.94276,0.10555,0.0
7.94276,0.13194,0.0
7.94276,0.15833,0.0
7.94276,0.18472,0.0
7.94276,0.2111,0.0
7.94276,0.23749,0.0
7.94276,0.26388,0.0
7.94276,0.29027,0.0
7.94276,0.31665,0.0
7.94276,0.34304,0.0
7.94276,0.36943,0.0
7.94276,0.39582,0.0
7.94276,0.42221,0.0
7.94276,0.44859,0.0
7.94276,0.47498,0.0
7.94276,0.50137,0.0
7.94276,0.52776,0.0
7.94276,0.55415,0.0
7.94276,0.58053,0.0
7.94276,0.60692,0.0
7.94276,0.63331,0.0
7.96915,-0.63331,0.0
7.96915,-0.60692,0.0
7.96915,-0.58053,0.0
7.96915,-0.55415,0.0
7.96915,-0.52776,0.0
7.96915,-0.50137,0.0
7.96915,-0.47498,0.0
7.96915,-0.44859,0.0
7.96915,-0.42221,0.0
7.96915,-0.39582,0.0
7.96915,-0.36943,0.0
7.96915,-0.34304,0.0
7.96915,-0.31665,0.0
7.96915,-0.29027,0.0
7.96915,-0.26388,0.0
7.96915,-0.23749,0.0
7.96915,-0.2111,0.0
7.96915,-0.18472,0.0
7.96915,-0.15833,0.0
7.96915,-0.13194,0.0
7.96915,-0.10555,0.0
7.96915,-0.07916,0.0
7.96915,-0.05278,0.0
7.96915,-0.02639,0.0
7.96915,0,0.0
7.96915,0.02639,0.0
7.96915,0.05278,0.0
7.96915,0.07916,0.0
7.96915,0.10555,0.0
7.96915,0.13194,0.0
7.96915,0.15833,0.0
7.96915,0.18472,0.0
7.96915,0.2111,0.0
7.96915,0.23749,0.0
7.96915,0.26388,0.0
7.96915,0.29027,0.0
7.96915,0.31665,0.0
7.96915,0.34304,0.0
7.96915,0.36943,0.0
7.96915,0.39582,0.0
7.96915,0.42221,0.0
7.96915,0.44859,0.0
7.96915,0.47498,0.0
7.96915,0.50137,0.0
7.96915,0.52776,0.0
7.96915,0.55415,0.0
7.96915,0.58053,0.0
7.96915,0.60692,0.0
7.96915,0.63331,0.0
7.99553,-0.63331,0.0
7.99553,-0.60692,0.0
7.99553,-0.58053,0.0
7.99553,-0.55415,0.0
7.99553,-0.52776,0.0
7.99553,-0.50137,0.0
7.99553,-0.47498,0.0
7.99553,-0.44859,0.0
7.99553,-0.42221,0.0
7.99553,-0.39582,0.0
7.99553,-0.36943,0.0
7.99553,-0.34304,0.0
7.99553,-0.31665,0.0
7.99553,-0.29027,0.0
7.99553,-0.26388,0.0
7.99553,-0.23749,0.0
7.99553,-0.2111,0.0
7.99553,-0.18472,0.0
7.99553,-0.15833,0.0
7.99553,-0.13194,0.0
7.99553,-0.10555,0.0
7.99553,-0.07916,0.0
7.99553,-0.05278,0.0
7.99553,-0.02639,0.0
7.99553,0,0.0
7.99553,0.02639,0.0
7.99553,0.05278,0.0
7.99553,0.07916,0.0
7.99553,0.10555,0.0
7.99553,0.13194,0.0
7.99553,0.15833,0.0
7.99553,0.18472,0.0
7.99553,0.2111,0.0
7.99553,0.23749,0.0
7.99553,0.26388,0.0
7.99553,0.29027,0.0
7.99553,0.31665,0.0
7.99553,0.34304,0.0
7.99553,0.36943,0.0
7.99553,0.39582,0.0
7.99553,0.42221,0.0
7.99553,0.44859,0.0
7.99553,0.47498,0.0
7.99553,0.50137,0.0
7.99553,0.52776,0.0
7.99553,0.55415,0.0
7.99553,0.58053,0.0
7.99553,0.60692,0.0
7.99553,0.63331,0.0
8.02192,-0.63331,0.0
8.02192,-0.60692,0.0
8.02192,-0.58053,0.0
8.02192,-0.55415,0.0
8.02192,-0.52776,0.0
8.02192,-0.50137,0.0
8.02192,-0.47498,0.0
8.02192,-0.44859,0.0
8.02192,-0.42221,0.0
8.02192,-0.39582,0.0
8.02192,-0.36943,0.0
8.02192,-0.34304,0.0
8.02192,-0.31665,0.0
8.02192,-0.29027,0.0
8.02192,-0.26388,0.0
8.02192,-0.23749,0.0
8.02192,-0.2111,0.0
8.02192,-0.18472,0.0
8.02192,-0.15833,0.0
8.02192,-0.13194,0.0
8.02192,-0.10555,0.0
8.02192,-0.07916,0.0
8.02192,-0.05278,0.0
8.02192,-0.02639,0.0
8.02192,0,0.0
8.02192,0.02639,0.0
8.02192,0.05278,0.0
8.02192,0.07916,0.0
8.02192,0.10555,0.0
8.02192,0.13194,0.0
8.02192,0.15833,0.0
8.02192,0.18472,0.0
8.02192,0.2111,0.0
8.02192,0.23749,0.0
8.02192,0.26388,0.0
8.02192,0.29027,0.0
8.02192,0.31665,0.0
8.02192,0.34304,0.0
8.02192,0.36943,0.0
8.02192,0.39582,0.0
8.02192,0.42221,0.0
8.02192,0.44859,0.0
8.02192,0.47498,0.0
8.02192,0.50137,0.0
8.02192,0.52776,0.0
8.02192,0.55415,0.0
8.02192,0.58053,0.0
8.02192,0.60692,0.0
8.02192,0.63331,0.0
8.04831,-0.63331,0.0
8.04831,-0.60692,0.0
8.04831,-0.58053,0.0
8.04831,-0.55415,0.0
8.04831,-0.52776,0.0
8.04831,-0.50137,0.0
8.04831,-0.47498,0.0
8.04831,-0.44859,0.0
8.04831,-0.42221,0.0
8.04831,-0.39582,0.0
8.04831,-0.36943,0.0
8.04831,-0.34304,0.0
8.04831,-0.31665,0.0
8.04831,-0.29027,0.0
8.04831,-0.26388,0.0
8.04831,-0.23749,0.0
8.04831,-0.2111,0.0
8.04831,-0.18472,0.0
8.04831,-0.15833,0.0
8.04831,-0.13194,0.0
8.04831,-0.10555,0.0
8.04831,-0.07916,0.0
8.04831,-0.05278,0.0
8.04831,-0.02639,0.0
8.04831,0,0.0
8.04831,0.02639,0.0
8.04831,0.05278,0.0
8.04831,0.07916,0.0
8.04831,0.10555,0.0
8.04831,0.13194,0.0
8.04831,0.15833,0.0
8.04831,0.18472,0.0
8.04831,0.2111,0.0
8.04831,0.23749,0.0
8.04831,0.26388,0.0
8.04831,0.29027,0.0
8.04831,0.31665,0.0
8.04831,0.34304,0.0
8.04831,0.36943,0.0
8.04831,0.39582,0.0
8.04831,0.42221,0.0
8.04831,0.44859,0.0
8.04831,0.47498,0.0
8.04831,0.50137,0.0
8.04831,0.52776,0.0
8.04831,0.55415,0.0
8.04831,0.58053,0.0
8.04831,0.60692,0.0
8.04831,0.63331,0.0
8.0747,-0.63331,0.0
8.0747,-0.60692,0.0
8.0747,-0.58053,0.0
8.0747,-0.55415,0.0
8.0747,-0.52776,0.0
8.0747,-0.50137,0.0
8.0747,-0.47498,0.0
8.0747,-0.44859,0.0
8.0747,-0.42221,0.0
8.0747,-0.39582,0.0
8.0747,-0.36943,0.0
8.0747,-0.34304,0.0
8.0747,-0.31665,0.0
8.0747,-0.29027,0.0
8.0747,-0.26388,0.0
8.0747,-0.23749,0.0
8.0747,-0.2111,0.0
8.0747,-0.18472,0.0
8.0747,-0.15833,0.0
8.0747,-0.13194,0.0
8.0747,-0.10555,0.0
8.0747,-0.07916,0.0
8.0747,-0.05278,0.0
8.0747,-0.02639,0.0
8.0747,0,0.0
8.0747,0.02639,0.0
8.0747,0.05278,0.0
8.0747,0.07916,0.0
8.0747,0.10555,0.0
8.0747,0.13194,0.0
8.0747,0.15833,0.0
8.0747,0.18472,0.0
8.0747,0.2111,0.0
8.0747,0.23749,0.0
8.0747,0.26388,0.0
8.0747,0.29027,0.0
8.0747,0.31665,0.0
8.0747,0.34304,0.0
8.0747,0.36943,0.0
8.0747,0.39582,0.0
8.0747,0.42221,0.0
8.0747,0.44859,0.0
8.0747,0.47498,0.0
8.0747,0.50137,0.0
8.0747,0.52776,0.0
8.0747,0.55415,0.0
8.0747,0.58053,0.0
8.0747,0.60692,0.0
8.0747,0.63331,0.0
8.10109,-0.63331,0.0
8.10109,-0.60692,0.0
8.10109,-0.58053,0.0
8.10109,-0.55415,0.0
8.10109,-0.52776,0.0
8.10109,-0.50137,0.0
8.10109,-0.47498,0.0
8.10109,-0.44859,0.0
8.10109,-0.42221,0.0
8.10109,-0.39582,0.0
8.10109,-0.36943,0.0
8.10109,-0.34304,0.0
8.10109,-0.31665,0.0
8.10109,-0.29027,0.0
8.10109,-0.26388,0.0
8.10109,-0.23749,0.0
8.10109,-0.2111,0.0
8.10109,-0.18472,0.0
8.10109,-0.15833,0.0
8.10109,-0.13194,0.0
8.10109,-0.10555,0.0
8.10109,-0.07916,0.0
8.10109,-0.05278,0.0
8.10109,-0.02639,0.0
8.10109,0,0.0
8.10109,0.02639,0.0
8.10109,0.05278,0.0
8.10109,0.07916,0.0
8.10109,0.10555,0.0
8.10109,0.13194,0.0
8.10109,0.15833,0.0
8.10109,0.18472,0.0
8.10109,0.2111,0.0
8.10109,0.23749,0.0
8.10109,0.26388,0.0
8.10109,0.29027,0.0
8.10109,0.31665,0.0
8.10109,0.34304,0.0
8.10109,0.36943,0.0
8.10109,0.39582,0.0
8.10109,0.42221,0.0
8.10109,0.44859,0.0
8.10109,0.47498,0.0
8.10109,0.50137,0.0
8.10109,0.52776,0.0
8.10109,0.55415,0.0
8.10109,0.58053,0.0
8.10109,0.60692,0.0
8.10109,0.63331,0.0
8.12747,-0.63331,0.0
8.12747,-0.60692,0.0
8.12747,-0.58053,0.0
8.12747,-0.55415,0.0
8.12747,-0.52776,0.0
8.12747,-0.50137,0.0
8.12747,-0.47498,0.0
8.12747,-0.44859,0.0
8.12747,-0.42221,0.0
8.12747,-0.39582,0.0
8.12747,-0.36943,0.0
8.12747,-0.34304,0.0
8.12747,-0.31665,0.0
8.12747,-0.29027,0.0
8.12747,-0.26388,0.0
8.12747,-0.23749,0.0
8.12747,-0.2111,0.0
8.12747,-0.18472,0.0
8.12747,-0.15833,0.0
8.12747,-0.13194,0.0
8.12747,-0.10555,0.0
8.12747,-0.07916,0.0
8.12747,-0.05278,0.0
8.12747,-0.02639,0.0
8.12747,0,0.0
8.12747,0.02639,0.0
8.12747,0.05278,0.0
8.12747,0.07916,0.0
8.12747,0.10555,0.0
8.12747,0.13194,0.0
8.12747,0.15833,0.0
8.12747,0.18472,0.0
8.12747,0.2111,0.0
8.12747,0.23749,0.0
8.12747,0.26388,0.0
8.12747,0.29027,0.0
8.12747,0.31665,0.0
8.12747,0.34304,0.0
8.12747,0.36943,0.0
8.12747,0.39582,0.0
8.12747,0.42221,0.0
8.12747,0.44859,0.0
8.12747,0.47498,0.0
8.12747,0.50137,0.0
8.12747,0.52776,0.0
8.12747,0.55415,0.0
8.12747,0.58053,0.0
8.12747,0.60692,0.0
8.12747,0.63331,0.0
8.15386,-0.63331,0.0
8.15386,-0.60692,0.0
8.15386,-0.58053,0.0
8.15386,-0.55415,0.0
8.15386,-0.52776,0.0
8.15386,-0.50137,0.0
8.15386,-0.47498,0.0
8.15386,-0.44859,0.0
8.15386,-0.42221,0.0
8.15386,-0.39582,0.0
8.15386,-0.36943,0.0
8.15386,-0.34304,0.0
8.15386,-0.31665,0.0
8.15386,-0.29027,0.0
8.15386,-0.26388,0.0
8.15386,-0.23749,0.0
8.15386,-0.2111,0.0
8.15386,-0.18472,0.0
8.15386,-0.15833,0.0
8.15386,-0.13194,0.0
8.15386,-0.10555,0.0
8.15386,-0.07916,0.0
8.15386,-0.05278,0.0
8.15386,-0.02639,0.0
8.15386,0,0.0
8.15386,0.02639,0.0
8.15386,0.05278,0.0
8.15386,0.07916,0.0
8.15386,0.10555,0.0
8.15386,0.13194,0.0
8.15386,0.15833,0.0
8.15386,0.18472,0.0
8.15386,0.2111,0.0
8.15386,0.23749,0.0
8.15386,0.26388,0.0
8.15386,0.29027,0.0
8.15386,0.31665,0.0
8.15386,0.34304,0.0
8.15386,0.36943,0.0
8.15386,0.39582,0.0
8.15386,0.42221,0.0
8.15386,0.44859,0.0
8.15386,0.47498,0.0
8.15386,0.50137,0.0
8.15386,0.52776,0.0
8.15386,0.55415,0.0
8.15386,0.58053,0.0
8.15386,0.60692,0.0
8.15386,0.63331,0.0
8.18025,-0.63331,0.0
8.18025,-0.60692,0.0
8.18025,-0.58053,0.0
8.18025,-0.55415,0.0
8.18025,-0.52776,0.0
8.18025,-0.50137,0.0
8.18025,-0.47498,0.0
8.18025,-0.44859,0.0
8.18025,-0.42221,0.0
8.18025,-0.39582,0.0
8.18025,-0.36943,0.0
8.18025,-0.34304,0.0
8.18025,-0.31665,0.0
8.18025,-0.29027,0.0
8.18025,-0.26388,0.0
8.18025,-0.23749,0.0
8.18025,-0.2111,0.0
8.18025,-0.18472,0.0
8.18025,-0.15833,0.0
8.18025,-0.13194,0.0
8.18025,-0.10555,0.0
8.18025,-0.07916,0.0
8.18025,-0.05278,0.0
8.18025,-0.02639,0.0
8.18025,0,0.0
8.18025,0.02639,0.0
8.18025,0.05278,0.0
8.18025,0.07916,0.0
8.18025,0.10555,0.0
8.18025,0.13194,0.0
8.18025,0.15833,0.0
8.18025,0.18472,0.0
8.18025,0.2111,0.0
8.18025,0.23749,0.0
8.18025,0.26388,0.0
8.18025,0.29027,0.0
8.18025,0.31665,0.0
8.18025,0.34304,0.0
8.18025,0.36943,0.0
8.18025,0.39582,0.0
8.18025,0.42221,0.0
8.18025,0.44859,0.0
8.18025,0.47498,0.0
8.18025,0.50137,0.0
8.18025,0.52776,0.0
8.18025,0.55415,0.0
8.18025,0.58053,0.0
8.18025,0.60692,0.0
8.18025,0.63331,0.0
